// 4.21.2 0x8fb3dd5b D2 R0 FRGB565 U565 N0 SExtFlashSection
// Generated by imageconverter. Please, do not edit!

#include <touchgfx/hal/Config.hpp>

LOCATION_PRAGMA("ExtFlashSection")
KEEP extern const unsigned char image_bg_16[] LOCATION_ATTRIBUTE("ExtFlashSection") = { // 320x200 RGB565 pixels.
    0xb0, 0xab, 0xb0, 0xab, 0xb0, 0xab, 0xb0, 0xab, 0xb0, 0xab, 0xb0, 0xab,
    0xb0, 0xab, 0xb0, 0xab, 0xb0, 0xab, 0xb0, 0xa3, 0xb1, 0xab, 0xd0, 0xab,
    0xd0, 0xab, 0xd0, 0xab, 0xd0, 0xb3, 0xd0, 0xb3, 0xd0, 0xb3, 0xd0, 0xb3,
    0xd0, 0xb3, 0xf0, 0xb3, 0xf0, 0xb3, 0xf0, 0xb3, 0xf0, 0xb3, 0xf0, 0xb3,
    0xf0, 0xb3, 0xf0, 0xb3, 0xf0, 0xb3, 0x10, 0xb4, 0x10, 0xb4, 0x10, 0xb4,
    0x11, 0xb4, 0x10, 0xb4, 0x10, 0xb4, 0x11, 0xb4, 0x11, 0xb4, 0x31, 0xb4,
    0x11, 0xb4, 0x31, 0xb4, 0x31, 0xb4, 0x31, 0xb4, 0x31, 0xb4, 0x31, 0xb4,
    0x31, 0xb4, 0x31, 0xb4, 0x31, 0xb4, 0x31, 0xb4, 0x31, 0xb4, 0x31, 0xb4,
    0x31, 0xb4, 0x51, 0xb4, 0x31, 0xbc, 0x31, 0xb4, 0x51, 0xb4, 0x31, 0xb4,
    0x51, 0xb4, 0x51, 0xb4, 0x51, 0xb4, 0x51, 0xb4, 0x51, 0xb4, 0x52, 0xb4,
    0x52, 0xb4, 0x51, 0xb4, 0x51, 0xb4, 0x71, 0xbc, 0x51, 0xbc, 0x51, 0xbc,
    0x51, 0xbc, 0x51, 0xbc, 0x51, 0xbc, 0x51, 0xbc, 0x51, 0xbc, 0x51, 0xbc,
    0x51, 0xbc, 0x51, 0xbc, 0x51, 0xbc, 0x51, 0xbc, 0x51, 0xbc, 0x51, 0xbc,
    0x51, 0xbc, 0x51, 0xbc, 0x51, 0xbc, 0x51, 0xbc, 0x51, 0xbc, 0x51, 0xc4,
    0x51, 0xc4, 0x51, 0xc4, 0x51, 0xc4, 0x51, 0xc4, 0x71, 0xc4, 0x71, 0xcc,
    0x71, 0xcc, 0x71, 0xcc, 0x91, 0xcc, 0x71, 0xcc, 0x70, 0xcc, 0x70, 0xcc,
    0x50, 0xcc, 0x50, 0xcc, 0x50, 0xc4, 0x51, 0xbc, 0x50, 0xc4, 0x50, 0xcc,
    0x50, 0xc4, 0x70, 0xc4, 0x70, 0xc4, 0x71, 0xc4, 0xb1, 0xac, 0xd2, 0xa4,
    0xd2, 0x9c, 0xf2, 0x9c, 0xf3, 0x9c, 0xf3, 0x94, 0xf2, 0x94, 0xf3, 0x9c,
    0xf3, 0x9c, 0xf2, 0x9c, 0xf2, 0x9c, 0xf3, 0x9c, 0xf2, 0x9c, 0xd2, 0xac,
    0xd2, 0xa4, 0x13, 0x95, 0x13, 0x95, 0x13, 0x8d, 0x13, 0x95, 0x13, 0x95,
    0x12, 0xa5, 0xd1, 0xc4, 0x8f, 0xdc, 0x8e, 0xdc, 0xae, 0xe4, 0x8f, 0xe4,
    0xaf, 0xe4, 0xaf, 0xe4, 0xaf, 0xe4, 0xcf, 0xec, 0xcf, 0xe4, 0xcf, 0xe4,
    0xaf, 0xe4, 0xaf, 0xe4, 0xaf, 0xe4, 0xaf, 0xe4, 0xaf, 0xe4, 0xaf, 0xe4,
    0xaf, 0xe4, 0xaf, 0xe4, 0xaf, 0xe4, 0xaf, 0xe4, 0xaf, 0xe4, 0x8f, 0xec,
    0x8f, 0xdc, 0xf2, 0xa4, 0x13, 0x95, 0x33, 0x95, 0x33, 0x8d, 0x34, 0x8d,
    0x34, 0x85, 0x34, 0x85, 0x54, 0x85, 0x34, 0x85, 0x54, 0x85, 0x34, 0x85,
    0x54, 0x85, 0x54, 0x85, 0x54, 0x85, 0x54, 0x85, 0x54, 0x85, 0x54, 0x85,
    0x54, 0x85, 0x54, 0x85, 0x54, 0x7d, 0x54, 0x7d, 0x54, 0x7d, 0x54, 0x7d,
    0x54, 0x85, 0x54, 0x7d, 0x54, 0x7d, 0x54, 0x7d, 0x54, 0x7d, 0x54, 0x7d,
    0x54, 0x7d, 0x54, 0x7d, 0x34, 0x85, 0x34, 0x7d, 0x54, 0x7d, 0x54, 0x7d,
    0x54, 0x7d, 0x34, 0x7d, 0x34, 0x85, 0x34, 0x85, 0x34, 0x7d, 0x54, 0x7d,
    0x54, 0x7d, 0x54, 0x7d, 0x34, 0x7d, 0x34, 0x85, 0x34, 0x85, 0x34, 0x85,
    0x13, 0x85, 0x13, 0x8d, 0x34, 0x85, 0x33, 0x8d, 0x13, 0x8d, 0x13, 0x8d,
    0x13, 0x8d, 0x13, 0x8d, 0x13, 0x8d, 0x13, 0x95, 0x12, 0x95, 0xf3, 0x94,
    0xf3, 0x8c, 0xf2, 0x94, 0x13, 0x95, 0xf3, 0x8c, 0xf2, 0x8c, 0xd2, 0x9c,
    0x91, 0xac, 0x91, 0xa4, 0xb1, 0x9c, 0xd2, 0x9c, 0xd2, 0x94, 0xd2, 0x9c,
    0xd2, 0x9c, 0x71, 0xac, 0x70, 0xb4, 0x50, 0xbc, 0x4f, 0xc4, 0x4f, 0xcc,
    0x4f, 0xd4, 0x4e, 0xdc, 0x4e, 0xdc, 0x4e, 0xdc, 0x2e, 0xdc, 0x4e, 0xdc,
    0x4e, 0xdc, 0x4e, 0xdc, 0x4e, 0xdc, 0x4e, 0xdc, 0x4e, 0xdc, 0x4e, 0xdc,
    0x2e, 0xdc, 0x4e, 0xdc, 0x4e, 0xdc, 0x2f, 0xdc, 0x2f, 0xd4, 0x2f, 0xd4,
    0x2f, 0xd4, 0x2f, 0xd4, 0x2f, 0xd4, 0x2f, 0xcc, 0x2f, 0xcc, 0x2f, 0xcc,
    0x2f, 0xd4, 0x2f, 0xd4, 0x2e, 0xdc, 0x2e, 0xdc, 0x2f, 0xdc, 0x4e, 0xdc,
    0x4e, 0xe4, 0x4e, 0xe4, 0x4e, 0xe4, 0x4e, 0xdc, 0x4e, 0xdc, 0x30, 0xcc,
    0x30, 0xc4, 0x11, 0xbc, 0x11, 0xbc, 0x31, 0xb4, 0x11, 0xbc, 0x11, 0xb4,
    0x11, 0xb4, 0x11, 0xac, 0x12, 0xac, 0x12, 0xac, 0xf2, 0xab, 0xf2, 0xab,
    0x11, 0xac, 0xf2, 0xab, 0xf2, 0xab, 0xf1, 0xab, 0xf1, 0xab, 0xf1, 0xab,
    0xf1, 0xab, 0xf1, 0xab, 0xf1, 0xab, 0xd1, 0xab, 0xd1, 0xab, 0xd1, 0xab,
    0xd1, 0xab, 0xd1, 0xa3, 0xd1, 0xab, 0xd1, 0xab, 0xd1, 0xab, 0xd1, 0xab,
    0xd1, 0xab, 0xd1, 0xab, 0xb0, 0xa3, 0xb1, 0xa3, 0xb1, 0xa3, 0xd1, 0xa3,
    0xb1, 0xa3, 0xb1, 0xa3, 0xb1, 0xa3, 0xb1, 0xa3, 0xb1, 0x9b, 0xb1, 0xa3,
    0xb1, 0x9b, 0xb1, 0x9b, 0xb1, 0x9b, 0xb1, 0x9b, 0xb1, 0x9b, 0xb1, 0x9b,
    0xb1, 0x9b, 0xb1, 0x9b, 0xb1, 0x9b, 0xb1, 0x9b, 0xb1, 0x9b, 0xb1, 0x9b,
    0xb1, 0x9b, 0xb1, 0x9b, 0xb0, 0xab, 0xb0, 0xab, 0xb0, 0xab, 0xb0, 0xab,
    0xb0, 0xab, 0xb0, 0xab, 0xb0, 0xab, 0xb0, 0xab, 0xb0, 0xab, 0xb1, 0xa3,
    0xd0, 0xab, 0xd0, 0xab, 0xd0, 0xab, 0xb0, 0xb3, 0xd0, 0xb3, 0xd0, 0xab,
    0xf0, 0xb3, 0xf0, 0xb3, 0xf0, 0xb3, 0xf0, 0xb3, 0xf0, 0xb3, 0xf0, 0xb3,
    0xf0, 0xb3, 0xf0, 0xb3, 0xf0, 0xb3, 0x10, 0xb4, 0x10, 0xb4, 0x10, 0xbc,
    0x10, 0xb4, 0x10, 0xb4, 0x10, 0xb4, 0x11, 0xb4, 0x10, 0xb4, 0x30, 0xb4,
    0x31, 0xb4, 0x10, 0xb4, 0x10, 0xb4, 0x31, 0xb4, 0x31, 0xb4, 0x30, 0xb4,
    0x31, 0xb4, 0x31, 0xb4, 0x30, 0xbc, 0x31, 0xb4, 0x31, 0xb4, 0x51, 0xb4,
    0x31, 0xb4, 0x51, 0xb4, 0x51, 0xb4, 0x31, 0xb4, 0x51, 0xb4, 0x51, 0xb4,
    0x51, 0xb4, 0x31, 0xb4, 0x51, 0xb4, 0x52, 0xb4, 0x32, 0xb4, 0x51, 0xb4,
    0x52, 0xac, 0x51, 0xac, 0x52, 0xb4, 0x52, 0xb4, 0x70, 0xbc, 0x71, 0xb4,
    0x51, 0xbc, 0x51, 0xbc, 0x51, 0xc4, 0x51, 0xbc, 0x51, 0xbc, 0x51, 0xbc,
    0x52, 0xbc, 0x51, 0xbc, 0x51, 0xbc, 0x51, 0xbc, 0x52, 0xbc, 0x51, 0xbc,
    0x51, 0xbc, 0x51, 0xc4, 0x51, 0xc4, 0x51, 0xbc, 0x51, 0xc4, 0x51, 0xc4,
    0x51, 0xbc, 0x51, 0xc4, 0x50, 0xc4, 0x50, 0xc4, 0x71, 0xc4, 0x71, 0xc4,
    0x71, 0xcc, 0x91, 0xcc, 0x91, 0xcc, 0x91, 0xcc, 0x91, 0xcc, 0x91, 0xcc,
    0x90, 0xcc, 0x71, 0xcc, 0x70, 0xcc, 0x70, 0xcc, 0x71, 0xc4, 0x51, 0xb4,
    0x70, 0xc4, 0x50, 0xcc, 0x70, 0xc4, 0x50, 0xc4, 0x50, 0xc4, 0x70, 0xc4,
    0x71, 0xbc, 0xd2, 0xa4, 0xd2, 0x9c, 0xf3, 0x9c, 0xf2, 0x9c, 0xf3, 0x9c,
    0xf3, 0x9c, 0xf2, 0x9c, 0xf3, 0x94, 0xf3, 0x9c, 0xf2, 0x9c, 0xf2, 0x9c,
    0xd2, 0xa4, 0xd2, 0xac, 0x13, 0x95, 0x33, 0x8d, 0x33, 0x8d, 0x13, 0x95,
    0x13, 0x95, 0x13, 0x95, 0x12, 0x9d, 0xd2, 0xb4, 0xb0, 0xd4, 0x8f, 0xdc,
    0xaf, 0xdc, 0xaf, 0xe4, 0xaf, 0xe4, 0xcf, 0xec, 0xd0, 0xec, 0xcf, 0xe4,
    0xd0, 0xec, 0xd0, 0xec, 0xd0, 0xec, 0xaf, 0xe4, 0xaf, 0xe4, 0xaf, 0xe4,
    0xaf, 0xe4, 0x8f, 0xe4, 0xaf, 0xe4, 0xaf, 0xe4, 0xb0, 0xe4, 0xd0, 0xe4,
    0xd0, 0xec, 0x8f, 0xe4, 0x8e, 0xe4, 0xae, 0xd4, 0x12, 0xa5, 0x34, 0x85,
    0x34, 0x85, 0x54, 0x85, 0x54, 0x85, 0x54, 0x85, 0x54, 0x85, 0x54, 0x7d,
    0x54, 0x85, 0x54, 0x7d, 0x54, 0x7d, 0x54, 0x7d, 0x54, 0x7d, 0x54, 0x7d,
    0x54, 0x7d, 0x54, 0x7d, 0x55, 0x7d, 0x55, 0x7d, 0x54, 0x7d, 0x55, 0x7d,
    0x55, 0x7d, 0x54, 0x7d, 0x55, 0x7d, 0x55, 0x7d, 0x55, 0x7d, 0x55, 0x7d,
    0x55, 0x7d, 0x55, 0x7d, 0x54, 0x7d, 0x54, 0x7d, 0x54, 0x7d, 0x54, 0x85,
    0x54, 0x85, 0x54, 0x7d, 0x54, 0x7d, 0x54, 0x7d, 0x34, 0x85, 0x54, 0x85,
    0x54, 0x7d, 0x54, 0x7d, 0x54, 0x7d, 0x54, 0x7d, 0x34, 0x7d, 0x54, 0x85,
    0x54, 0x85, 0x33, 0x85, 0x34, 0x8d, 0x54, 0x85, 0x34, 0x85, 0x34, 0x85,
    0x34, 0x85, 0x34, 0x85, 0x34, 0x85, 0x33, 0x8d, 0x33, 0x8d, 0x13, 0x8d,
    0x13, 0x8d, 0x13, 0x8d, 0x13, 0x8d, 0x13, 0x95, 0x13, 0x95, 0xf3, 0x94,
    0x12, 0x95, 0xd2, 0x9c, 0x91, 0xac, 0x91, 0xac, 0xb1, 0xa4, 0xb1, 0xa4,
    0xd2, 0x9c, 0xd2, 0x9c, 0xd2, 0x9c, 0xb1, 0xa4, 0x70, 0xb4, 0x50, 0xbc,
    0x70, 0xbc, 0x50, 0xc4, 0x4f, 0xcc, 0x4e, 0xdc, 0x4e, 0xdc, 0x2e, 0xdc,
    0x4e, 0xdc, 0x4e, 0xdc, 0x2e, 0xdc, 0x4e, 0xdc, 0x2e, 0xdc, 0x4e, 0xdc,
    0x4e, 0xdc, 0x2e, 0xdc, 0x4e, 0xdc, 0x2e, 0xdc, 0x2f, 0xdc, 0x4f, 0xd4,
    0x2f, 0xd4, 0x2f, 0xd4, 0x2e, 0xd4, 0x2f, 0xdc, 0x2f, 0xd4, 0x2f, 0xd4,
    0x2f, 0xd4, 0x2f, 0xdc, 0x2e, 0xd4, 0x2f, 0xcc, 0x2f, 0xcc, 0x2f, 0xd4,
    0x2f, 0xdc, 0x4e, 0xdc, 0x4e, 0xe4, 0x4e, 0xe4, 0x4e, 0xe4, 0x4e, 0xe4,
    0x4f, 0xdc, 0x30, 0xcc, 0x30, 0xc4, 0x31, 0xbc, 0x31, 0xb4, 0x11, 0xbc,
    0x31, 0xbc, 0x11, 0xb4, 0x11, 0xb4, 0x11, 0xb4, 0x12, 0xb4, 0x11, 0xac,
    0x11, 0xac, 0xf2, 0xab, 0x12, 0xac, 0x11, 0xa4, 0xf1, 0xab, 0xf2, 0xab,
    0xf1, 0xa3, 0xf1, 0xab, 0xf1, 0xab, 0xf1, 0xab, 0xf1, 0xab, 0xf1, 0xab,
    0xf1, 0xab, 0xd1, 0xab, 0xd1, 0xab, 0xd1, 0xab, 0xd1, 0xa3, 0xd1, 0xab,
    0xd1, 0xa3, 0xd1, 0xa3, 0xd1, 0xab, 0xd1, 0xab, 0xd1, 0xa3, 0xd1, 0xa3,
    0xd1, 0xab, 0xb1, 0xa3, 0xd1, 0xa3, 0xb1, 0xa3, 0xb1, 0xa3, 0xb1, 0xa3,
    0xb1, 0xa3, 0xb1, 0x9b, 0xb1, 0xa3, 0xb1, 0x9b, 0xb1, 0xa3, 0xb1, 0x9b,
    0xb1, 0x9b, 0xb1, 0x9b, 0x91, 0x9b, 0xb1, 0x9b, 0x91, 0x9b, 0xb1, 0x9b,
    0x91, 0x9b, 0xb1, 0x9b, 0xb2, 0x9b, 0xb1, 0x9b, 0xb0, 0xab, 0xb0, 0xab,
    0xb0, 0xab, 0xb0, 0xab, 0xb0, 0xab, 0xb0, 0xab, 0xb0, 0xab, 0xb0, 0xab,
    0xb0, 0xab, 0xb0, 0xab, 0xd1, 0xab, 0xd0, 0xab, 0xd0, 0xab, 0xd0, 0xb3,
    0xd0, 0xb3, 0xd0, 0xb3, 0xcf, 0xb3, 0xef, 0xb3, 0xf0, 0xb3, 0xef, 0xbb,
    0xf0, 0xbb, 0xf0, 0xbb, 0xf0, 0xbb, 0x10, 0xbc, 0x10, 0xbc, 0x10, 0xbc,
    0x10, 0xbc, 0x10, 0xb4, 0x11, 0xb4, 0x10, 0xb4, 0x11, 0xb4, 0x11, 0xb4,
    0x11, 0xb4, 0x30, 0xb4, 0x30, 0xb4, 0x31, 0xb4, 0x30, 0xb4, 0x31, 0xb4,
    0x30, 0xbc, 0x30, 0xbc, 0x31, 0xb4, 0x30, 0xb4, 0x31, 0xbc, 0x31, 0xb4,
    0x51, 0xb4, 0x51, 0xb4, 0x51, 0xb4, 0x51, 0xb4, 0x51, 0xb4, 0x51, 0xb4,
    0x51, 0xb4, 0x52, 0xb4, 0x51, 0xb4, 0x51, 0xb4, 0x51, 0xb4, 0x51, 0xb4,
    0x52, 0xb4, 0x52, 0xac, 0x52, 0xac, 0x51, 0xac, 0x51, 0xac, 0x71, 0xb4,
    0x71, 0xb4, 0x90, 0xac, 0x71, 0xbc, 0x51, 0xbc, 0x51, 0xbc, 0x52, 0xbc,
    0x52, 0xbc, 0x51, 0xb4, 0x52, 0xb4, 0x51, 0xb4, 0x51, 0xbc, 0x52, 0xbc,
    0x51, 0xbc, 0x51, 0xbc, 0x51, 0xbc, 0x51, 0xbc, 0x31, 0xc4, 0x51, 0xbc,
    0x51, 0xbc, 0x31, 0xc4, 0x51, 0xbc, 0x51, 0xbc, 0x51, 0xc4, 0x71, 0xc4,
    0x71, 0xc4, 0x70, 0xc4, 0x71, 0xcc, 0x71, 0xcc, 0x91, 0xcc, 0x91, 0xcc,
    0x91, 0xcc, 0x91, 0xcc, 0x91, 0xcc, 0x91, 0xcc, 0x70, 0xcc, 0x71, 0xcc,
    0x71, 0xcc, 0x51, 0xb4, 0x51, 0xbc, 0x70, 0xc4, 0x70, 0xcc, 0x51, 0xcc,
    0x70, 0xc4, 0x50, 0xc4, 0x70, 0xc4, 0x91, 0xbc, 0xd2, 0xa4, 0xd3, 0x9c,
    0xf2, 0x9c, 0xf2, 0x9c, 0xf3, 0x9c, 0xf2, 0x9c, 0xf2, 0x9c, 0xf3, 0x9c,
    0xf2, 0x9c, 0xd2, 0xa4, 0xd2, 0xac, 0x13, 0x9d, 0x13, 0x95, 0x13, 0x95,
    0x33, 0x95, 0x33, 0x8d, 0x13, 0x95, 0x13, 0x95, 0x12, 0x9d, 0xf2, 0xac,
    0xb1, 0xc4, 0xaf, 0xdc, 0xaf, 0xe4, 0xaf, 0xe4, 0xcf, 0xe4, 0xcf, 0xec,
    0xcf, 0xe4, 0xcf, 0xe4, 0xd0, 0xec, 0xd0, 0xec, 0xd0, 0xec, 0xd0, 0xec,
    0xaf, 0xe4, 0xb0, 0xe4, 0xaf, 0xe4, 0xaf, 0xe4, 0xaf, 0xe4, 0xaf, 0xe4,
    0xb0, 0xe4, 0xcf, 0xe4, 0xd0, 0xec, 0xaf, 0xe4, 0xaf, 0xe4, 0xaf, 0xe4,
    0xaf, 0xdc, 0x12, 0xa5, 0x54, 0x85, 0x74, 0x7d, 0x75, 0x7d, 0x54, 0x7d,
    0x75, 0x7d, 0x75, 0x7d, 0x54, 0x7d, 0x75, 0x7d, 0x75, 0x7d, 0x55, 0x7d,
    0x55, 0x7d, 0x75, 0x7d, 0x54, 0x7d, 0x55, 0x7d, 0x75, 0x7d, 0x54, 0x7d,
    0x74, 0x7d, 0x75, 0x7d, 0x55, 0x7d, 0x75, 0x7d, 0x74, 0x7d, 0x75, 0x7d,
    0x75, 0x75, 0x75, 0x75, 0x75, 0x7d, 0x75, 0x75, 0x55, 0x7d, 0x54, 0x7d,
    0x54, 0x7d, 0x54, 0x85, 0x54, 0x7d, 0x34, 0x85, 0x54, 0x7d, 0x54, 0x85,
    0x54, 0x7d, 0x54, 0x7d, 0x54, 0x7d, 0x54, 0x7d, 0x34, 0x85, 0x54, 0x7d,
    0x54, 0x7d, 0x54, 0x85, 0x34, 0x85, 0x34, 0x85, 0x54, 0x85, 0x54, 0x85,
    0x54, 0x85, 0x54, 0x85, 0x54, 0x85, 0x54, 0x85, 0x54, 0x85, 0x34, 0x85,
    0x34, 0x85, 0x34, 0x85, 0x34, 0x8d, 0x33, 0x8d, 0x33, 0x8d, 0x33, 0x8d,
    0x13, 0x8d, 0x13, 0x8d, 0xf3, 0x94, 0xf2, 0x9c, 0x90, 0xac, 0x91, 0xac,
    0x91, 0xac, 0xb1, 0xac, 0xb1, 0xa4, 0xb2, 0x9c, 0xd2, 0x9c, 0xb1, 0xa4,
    0x70, 0xb4, 0x70, 0xb4, 0x70, 0xbc, 0x50, 0xbc, 0x4f, 0xcc, 0x4f, 0xdc,
    0x4e, 0xdc, 0x4f, 0xdc, 0x4e, 0xdc, 0x4f, 0xdc, 0x4f, 0xdc, 0x4e, 0xdc,
    0x2f, 0xdc, 0x4f, 0xdc, 0x4e, 0xdc, 0x4f, 0xdc, 0x4e, 0xdc, 0x4f, 0xdc,
    0x4f, 0xdc, 0x2f, 0xd4, 0x2f, 0xd4, 0x2f, 0xdc, 0x2f, 0xd4, 0x2f, 0xd4,
    0x2f, 0xd4, 0x4f, 0xdc, 0x4e, 0xdc, 0x4e, 0xdc, 0x2e, 0xdc, 0x2f, 0xd4,
    0x50, 0xd4, 0x2f, 0xd4, 0x4f, 0xd4, 0x4f, 0xdc, 0x4e, 0xe4, 0x4e, 0xe4,
    0x4e, 0xe4, 0x4e, 0xe4, 0x4e, 0xdc, 0x2f, 0xcc, 0x30, 0xc4, 0x31, 0xbc,
    0x11, 0xbc, 0x30, 0xbc, 0x31, 0xbc, 0x31, 0xbc, 0x11, 0xb4, 0x12, 0xb4,
    0x11, 0xb4, 0x12, 0xac, 0x12, 0xac, 0x11, 0xac, 0xf1, 0xab, 0xf2, 0xab,
    0xf1, 0xab, 0xf1, 0xab, 0xf1, 0xb3, 0xf1, 0xb3, 0xf1, 0xb3, 0xf1, 0xb3,
    0xf1, 0xab, 0xf1, 0xab, 0xf1, 0xab, 0xf1, 0xab, 0xd1, 0xab, 0xd1, 0xab,
    0xf1, 0xab, 0xd1, 0xab, 0xd1, 0xab, 0xd1, 0xa3, 0xd1, 0xa3, 0xd1, 0xab,
    0xd1, 0xab, 0xd1, 0xab, 0xd1, 0xa3, 0xb1, 0xa3, 0xd1, 0xa3, 0xd1, 0xa3,
    0xb1, 0xa3, 0xb1, 0xa3, 0xb1, 0xa3, 0xb1, 0xa3, 0xb1, 0x9b, 0xb1, 0x9b,
    0xb1, 0xa3, 0xb2, 0x9b, 0xb2, 0x9b, 0xb2, 0x9b, 0xb2, 0x9b, 0xb1, 0x9b,
    0xb2, 0x9b, 0x92, 0x9b, 0x91, 0x9b, 0xb1, 0xa3, 0xb2, 0x9b, 0xb1, 0x9b,
    0xb0, 0xa3, 0xb0, 0xa3, 0xb0, 0xab, 0xb0, 0xab, 0xb0, 0xab, 0xb0, 0xab,
    0xb0, 0xab, 0xb0, 0xab, 0xb0, 0xab, 0xd0, 0xab, 0xd1, 0xab, 0xd0, 0xab,
    0xd0, 0xab, 0xd0, 0xb3, 0xd0, 0xb3, 0xcf, 0xb3, 0xf0, 0xb3, 0xf0, 0xb3,
    0xf0, 0xbb, 0xf0, 0xbb, 0xef, 0xb3, 0xef, 0xbb, 0xf0, 0xbb, 0xf0, 0xbb,
    0xf0, 0xbb, 0x10, 0xbc, 0x10, 0xb4, 0x10, 0xbc, 0x10, 0xbc, 0x10, 0xbc,
    0x30, 0xb4, 0x11, 0xb4, 0x30, 0xb4, 0x10, 0xb4, 0x11, 0xbc, 0x31, 0xb4,
    0x31, 0xb4, 0x31, 0xb4, 0x31, 0xb4, 0x30, 0xb4, 0x31, 0xbc, 0x31, 0xb4,
    0x30, 0xb4, 0x50, 0xb4, 0x51, 0xb4, 0x50, 0xb4, 0x50, 0xb4, 0x51, 0xb4,
    0x51, 0xb4, 0x51, 0xb4, 0x31, 0xb4, 0x51, 0xb4, 0x51, 0xb4, 0x52, 0xb4,
    0x51, 0xb4, 0x51, 0xb4, 0x51, 0xac, 0x52, 0xac, 0x72, 0xac, 0x51, 0xac,
    0x71, 0xac, 0x91, 0xb4, 0x70, 0xac, 0x71, 0xac, 0x71, 0xb4, 0x71, 0xbc,
    0x51, 0xbc, 0x51, 0xbc, 0x71, 0xbc, 0x52, 0xbc, 0x51, 0xbc, 0x52, 0xb4,
    0x71, 0xbc, 0x51, 0xbc, 0x52, 0xb4, 0x71, 0xbc, 0x51, 0xbc, 0x51, 0xc4,
    0x51, 0xc4, 0x51, 0xbc, 0x51, 0xbc, 0x51, 0xc4, 0x51, 0xc4, 0x50, 0xc4,
    0x51, 0xc4, 0x51, 0xc4, 0x51, 0xc4, 0x71, 0xcc, 0x71, 0xcc, 0x71, 0xc4,
    0x71, 0xcc, 0x91, 0xcc, 0x91, 0xcc, 0x91, 0xcc, 0x91, 0xcc, 0x91, 0xcc,
    0x71, 0xcc, 0x70, 0xcc, 0x70, 0xcc, 0x51, 0xbc, 0x51, 0xb4, 0x71, 0xc4,
    0x70, 0xcc, 0x50, 0xcc, 0x51, 0xcc, 0x70, 0xcc, 0x50, 0xcc, 0x51, 0xc4,
    0x91, 0xbc, 0xb2, 0xac, 0xd2, 0xa4, 0xf2, 0xa4, 0xf2, 0x9c, 0xf2, 0x9c,
    0xd2, 0xa4, 0xd2, 0xac, 0xd2, 0xac, 0xd2, 0xac, 0xf2, 0xa4, 0x33, 0x8d,
    0x33, 0x8d, 0x34, 0x95, 0x34, 0x8d, 0x33, 0x8d, 0x34, 0x95, 0x33, 0x95,
    0x13, 0x9d, 0xf2, 0xa4, 0xb0, 0xc4, 0xaf, 0xdc, 0xaf, 0xe4, 0xaf, 0xe4,
    0xcf, 0xec, 0xd0, 0xec, 0xcf, 0xec, 0xaf, 0xec, 0xcf, 0xec, 0xd0, 0xe4,
    0xd0, 0xe4, 0xd0, 0xec, 0xd0, 0xe4, 0xaf, 0xe4, 0xaf, 0xe4, 0xb0, 0xe4,
    0xaf, 0xe4, 0xaf, 0xe4, 0xaf, 0xe4, 0xb0, 0xe4, 0xd0, 0xe4, 0xd0, 0xec,
    0xd0, 0xe4, 0xd0, 0xe4, 0xcf, 0xe4, 0xd0, 0xdc, 0x33, 0x9d, 0x75, 0x7d,
    0x75, 0x7d, 0x75, 0x7d, 0x75, 0x7d, 0x75, 0x7d, 0x75, 0x7d, 0x75, 0x7d,
    0x75, 0x7d, 0x75, 0x7d, 0x75, 0x7d, 0x75, 0x7d, 0x75, 0x7d, 0x75, 0x7d,
    0x75, 0x7d, 0x75, 0x7d, 0x75, 0x7d, 0x75, 0x7d, 0x75, 0x7d, 0x75, 0x7d,
    0x75, 0x7d, 0x74, 0x75, 0x75, 0x75, 0x74, 0x75, 0x74, 0x75, 0x75, 0x7d,
    0x54, 0x7d, 0x55, 0x7d, 0x55, 0x7d, 0x55, 0x7d, 0x54, 0x7d, 0x55, 0x7d,
    0x54, 0x85, 0x55, 0x7d, 0x54, 0x7d, 0x54, 0x85, 0x55, 0x7d, 0x54, 0x85,
    0x54, 0x85, 0x55, 0x7d, 0x54, 0x85, 0x34, 0x85, 0x34, 0x85, 0x54, 0x85,
    0x54, 0x85, 0x54, 0x85, 0x54, 0x85, 0x54, 0x85, 0x54, 0x85, 0x34, 0x85,
    0x33, 0x8d, 0x33, 0x95, 0x13, 0x95, 0x33, 0x95, 0x34, 0x8d, 0x34, 0x85,
    0x34, 0x85, 0x34, 0x8d, 0x33, 0x8d, 0x13, 0x8d, 0x13, 0x95, 0xf2, 0x94,
    0x90, 0xb4, 0x91, 0xac, 0x91, 0xac, 0x91, 0xa4, 0xb1, 0xa4, 0x91, 0xa4,
    0xb1, 0xa4, 0x91, 0xac, 0x50, 0xbc, 0x50, 0xbc, 0x50, 0xb4, 0x70, 0xbc,
    0x70, 0xc4, 0x4f, 0xd4, 0x4e, 0xdc, 0x4e, 0xdc, 0x4f, 0xdc, 0x2e, 0xdc,
    0x4e, 0xdc, 0x4e, 0xdc, 0x4e, 0xdc, 0x2e, 0xdc, 0x4e, 0xdc, 0x4e, 0xdc,
    0x2e, 0xdc, 0x4f, 0xdc, 0x4f, 0xdc, 0x2f, 0xd4, 0x2f, 0xd4, 0x4f, 0xd4,
    0x2f, 0xd4, 0x2f, 0xd4, 0x4e, 0xdc, 0x4e, 0xdc, 0x2e, 0xdc, 0x4f, 0xdc,
    0x4f, 0xdc, 0x2f, 0xd4, 0x30, 0xcc, 0x2f, 0xcc, 0x2f, 0xd4, 0x4e, 0xe4,
    0x4e, 0xe4, 0x4e, 0xe4, 0x4e, 0xe4, 0x4e, 0xe4, 0x4f, 0xe4, 0x4f, 0xdc,
    0x30, 0xc4, 0x30, 0xbc, 0x11, 0xbc, 0x31, 0xc4, 0x31, 0xbc, 0x11, 0xbc,
    0x11, 0xb4, 0x11, 0xb4, 0x11, 0xb4, 0x11, 0xb4, 0x12, 0xac, 0x11, 0xac,
    0xf1, 0xab, 0x12, 0xac, 0x11, 0xac, 0xf1, 0xb3, 0xf0, 0xb3, 0xf0, 0xbb,
    0xf0, 0xb3, 0xf0, 0xb3, 0xd0, 0xb3, 0xf0, 0xb3, 0xd1, 0xab, 0xd1, 0xab,
    0xf1, 0xab, 0xd1, 0xab, 0xd1, 0xab, 0xd1, 0xab, 0xd1, 0xab, 0xd0, 0xab,
    0xd1, 0xab, 0xd1, 0xa3, 0xd0, 0xab, 0xd1, 0xab, 0xd1, 0xa3, 0xd1, 0xa3,
    0xb1, 0xab, 0xb1, 0xa3, 0xd1, 0xa3, 0xb1, 0xa3, 0xb1, 0xa3, 0xd1, 0xa3,
    0xb1, 0xa3, 0xb1, 0x9b, 0xb1, 0x9b, 0xb2, 0x9b, 0xb1, 0xa3, 0xb1, 0x9b,
    0xb1, 0x9b, 0xb1, 0x9b, 0xb1, 0x9b, 0xb1, 0x9b, 0xb1, 0x9b, 0xb2, 0x9b,
    0xb1, 0xa3, 0x91, 0x9b, 0xb0, 0xa3, 0xb0, 0xab, 0xb0, 0xab, 0xb0, 0xab,
    0xb0, 0xab, 0xb0, 0xab, 0xb0, 0xab, 0xb0, 0xab, 0xb0, 0xab, 0xd0, 0xab,
    0xd1, 0xab, 0xb0, 0xab, 0xd0, 0xab, 0xd0, 0xb3, 0xd0, 0xb3, 0xd0, 0xb3,
    0xf0, 0xb3, 0xd0, 0xb3, 0xf0, 0xbb, 0xf0, 0xbb, 0xf0, 0xbb, 0xef, 0xbb,
    0xf0, 0xbb, 0xef, 0xbb, 0x10, 0xbc, 0x10, 0xb4, 0x10, 0xb4, 0x10, 0xbc,
    0x10, 0xb4, 0x10, 0xb4, 0x30, 0xbc, 0x11, 0xb4, 0x10, 0xbc, 0x31, 0xb4,
    0x31, 0xb4, 0x30, 0xb4, 0x10, 0xb4, 0x31, 0xb4, 0x31, 0xb4, 0x30, 0xb4,
    0x30, 0xb4, 0x31, 0xbc, 0x31, 0xbc, 0x51, 0xb4, 0x51, 0xac, 0x51, 0xac,
    0x71, 0xac, 0x51, 0xa4, 0x71, 0xac, 0x71, 0xac, 0x51, 0xac, 0x51, 0xac,
    0x51, 0xb4, 0x51, 0xb4, 0x51, 0xb4, 0x52, 0xac, 0x72, 0xa4, 0x71, 0xac,
    0x71, 0xac, 0x71, 0xac, 0x91, 0xac, 0x71, 0xac, 0x91, 0xac, 0x52, 0xa4,
    0x52, 0xa4, 0x51, 0xbc, 0x51, 0xbc, 0x51, 0xbc, 0x51, 0xbc, 0x71, 0xbc,
    0x51, 0xb4, 0x52, 0xbc, 0x51, 0xbc, 0x71, 0xbc, 0x51, 0xbc, 0x51, 0xbc,
    0x51, 0xbc, 0x51, 0xbc, 0x51, 0xc4, 0x51, 0xc4, 0x51, 0xbc, 0x50, 0xc4,
    0x51, 0xc4, 0x51, 0xc4, 0x51, 0xc4, 0x71, 0xc4, 0x70, 0xc4, 0x71, 0xcc,
    0x91, 0xcc, 0x91, 0xc4, 0x71, 0xcc, 0x91, 0xcc, 0x91, 0xcc, 0x91, 0xcc,
    0x91, 0xcc, 0x91, 0xcc, 0x91, 0xcc, 0x71, 0xcc, 0x71, 0xcc, 0x71, 0xc4,
    0x51, 0xbc, 0x51, 0xbc, 0x70, 0xcc, 0x51, 0xc4, 0x71, 0xc4, 0x70, 0xcc,
    0x51, 0xc4, 0x50, 0xcc, 0x70, 0xc4, 0x71, 0xbc, 0x92, 0xb4, 0xb1, 0xb4,
    0xb2, 0xb4, 0xb1, 0xb4, 0xb1, 0xbc, 0xb1, 0xbc, 0xb0, 0xbc, 0xf1, 0xa4,
    0x33, 0x95, 0x34, 0x8d, 0x34, 0x8d, 0x34, 0x8d, 0x34, 0x8d, 0x34, 0x8d,
    0x33, 0x95, 0x13, 0x95, 0x13, 0x9d, 0xd2, 0xac, 0x90, 0xcc, 0xaf, 0xe4,
    0xcf, 0xe4, 0xcf, 0xe4, 0xd0, 0xec, 0xcf, 0xec, 0xd0, 0xec, 0xcf, 0xec,
    0xcf, 0xec, 0xcf, 0xec, 0xf0, 0xe4, 0xf0, 0xec, 0xd0, 0xec, 0xcf, 0xe4,
    0xb0, 0xe4, 0xb0, 0xe4, 0xaf, 0xe4, 0xaf, 0xe4, 0xaf, 0xe4, 0xaf, 0xe4,
    0xcf, 0xe4, 0xd0, 0xec, 0xd0, 0xec, 0xcf, 0xe4, 0xd0, 0xec, 0xd0, 0xe4,
    0xd0, 0xdc, 0x54, 0x8d, 0x75, 0x7d, 0x74, 0x7d, 0x75, 0x7d, 0x75, 0x7d,
    0x75, 0x7d, 0x95, 0x7d, 0x75, 0x7d, 0x74, 0x7d, 0x75, 0x7d, 0x75, 0x7d,
    0x74, 0x7d, 0x75, 0x7d, 0x75, 0x7d, 0x74, 0x7d, 0x75, 0x7d, 0x75, 0x7d,
    0x74, 0x7d, 0x75, 0x7d, 0x75, 0x7d, 0x75, 0x75, 0x75, 0x75, 0x75, 0x7d,
    0x75, 0x75, 0x75, 0x75, 0x75, 0x7d, 0x75, 0x7d, 0x54, 0x85, 0x54, 0x7d,
    0x55, 0x7d, 0x54, 0x7d, 0x54, 0x7d, 0x55, 0x7d, 0x55, 0x7d, 0x54, 0x7d,
    0x55, 0x7d, 0x54, 0x7d, 0x54, 0x7d, 0x54, 0x7d, 0x34, 0x85, 0x34, 0x85,
    0x54, 0x8d, 0x54, 0x85, 0x54, 0x85, 0x54, 0x85, 0x54, 0x85, 0x34, 0x85,
    0x33, 0x95, 0x12, 0xa5, 0xf2, 0xb4, 0xf2, 0xb4, 0xf2, 0xb4, 0xf2, 0xb4,
    0x12, 0xa5, 0x33, 0x95, 0x54, 0x85, 0x34, 0x85, 0x33, 0x8d, 0x33, 0x8d,
    0x33, 0x95, 0xf2, 0x9c, 0xd1, 0xb4, 0x70, 0xc4, 0x90, 0xbc, 0x70, 0xbc,
    0x70, 0xbc, 0x6f, 0xc4, 0x70, 0xc4, 0x50, 0xc4, 0x50, 0xbc, 0x50, 0xbc,
    0x4f, 0xbc, 0x70, 0xbc, 0x50, 0xbc, 0x50, 0xc4, 0x4f, 0xd4, 0x4e, 0xdc,
    0x4f, 0xd4, 0x4f, 0xdc, 0x2e, 0xdc, 0x4e, 0xdc, 0x4e, 0xe4, 0x4f, 0xdc,
    0x2e, 0xdc, 0x4e, 0xdc, 0x4e, 0xdc, 0x4e, 0xdc, 0x2e, 0xdc, 0x4f, 0xd4,
    0x4f, 0xd4, 0x2f, 0xd4, 0x2f, 0xdc, 0x4e, 0xdc, 0x4e, 0xdc, 0x4f, 0xe4,
    0x4e, 0xdc, 0x2e, 0xdc, 0x2e, 0xdc, 0x2f, 0xd4, 0x30, 0xcc, 0x30, 0xcc,
    0x4f, 0xd4, 0x4e, 0xe4, 0x4e, 0xe4, 0x4e, 0xe4, 0x4e, 0xe4, 0x4e, 0xe4,
    0x4e, 0xe4, 0x4f, 0xdc, 0x30, 0xcc, 0x30, 0xc4, 0x31, 0xbc, 0x30, 0xc4,
    0x30, 0xc4, 0x31, 0xbc, 0x31, 0xbc, 0x31, 0xb4, 0x11, 0xb4, 0x12, 0xb4,
    0x11, 0xac, 0x11, 0xac, 0x11, 0xb4, 0x11, 0xac, 0x11, 0xac, 0xf0, 0xb3,
    0xf0, 0xbb, 0xf0, 0xbb, 0xf0, 0xbb, 0xd0, 0xbb, 0xd0, 0xbb, 0xf0, 0xb3,
    0xf0, 0xb3, 0xf1, 0xb3, 0xf0, 0xb3, 0xf1, 0xab, 0xf1, 0xab, 0xf1, 0xab,
    0xd1, 0xab, 0xd1, 0xab, 0xd0, 0xab, 0xd1, 0xab, 0xd1, 0xab, 0xd1, 0xab,
    0xd1, 0xab, 0xd1, 0xab, 0xd1, 0xa3, 0xd1, 0xa3, 0xb1, 0xa3, 0xd1, 0xa3,
    0xb1, 0xa3, 0xb1, 0xa3, 0xb1, 0xa3, 0xb1, 0xa3, 0xb1, 0x9b, 0xb1, 0x9b,
    0xb1, 0x9b, 0xb2, 0xa3, 0xb1, 0x9b, 0xb1, 0x9b, 0xb2, 0xa3, 0xb1, 0x9b,
    0xb1, 0x9b, 0xb2, 0x9b, 0xb1, 0x9b, 0xb1, 0x9b, 0xb0, 0xa3, 0xb1, 0xa3,
    0xb0, 0xab, 0xb0, 0xab, 0xb0, 0xab, 0xb0, 0xab, 0xb0, 0xab, 0xb0, 0xab,
    0xd0, 0xab, 0xb0, 0xab, 0xd0, 0xab, 0xd0, 0xab, 0xd0, 0xab, 0xd0, 0xb3,
    0xd0, 0xb3, 0xd0, 0xb3, 0xf0, 0xb3, 0xf0, 0xb3, 0xef, 0xb3, 0xef, 0xbb,
    0xf0, 0xbb, 0xf0, 0xbb, 0xf0, 0xbb, 0x0f, 0xbc, 0x10, 0xbc, 0x10, 0xbc,
    0x10, 0xbc, 0x10, 0xb4, 0x11, 0xb4, 0x10, 0xb4, 0x30, 0xb4, 0x30, 0xb4,
    0x31, 0xb4, 0x30, 0xb4, 0x31, 0xb4, 0x31, 0xb4, 0x30, 0xb4, 0x31, 0xb4,
    0x31, 0xb4, 0x30, 0xb4, 0x31, 0xb4, 0x51, 0xb4, 0x30, 0xb4, 0x51, 0xb4,
    0x51, 0xac, 0x72, 0xa4, 0x72, 0xa4, 0x72, 0xa4, 0x72, 0xa4, 0x71, 0xac,
    0x71, 0xac, 0x71, 0xac, 0x71, 0xac, 0x51, 0xb4, 0x71, 0xb4, 0x52, 0xa4,
    0x52, 0xa4, 0x71, 0xa4, 0x71, 0xac, 0x71, 0xac, 0x71, 0xb4, 0x71, 0xac,
    0x52, 0xa4, 0x72, 0xa4, 0x72, 0x9c, 0x72, 0xb4, 0x71, 0xbc, 0x51, 0xbc,
    0x72, 0xbc, 0x52, 0xbc, 0x51, 0xb4, 0x51, 0xb4, 0x52, 0xb4, 0x72, 0xbc,
    0x72, 0xbc, 0x71, 0xbc, 0x52, 0xbc, 0x51, 0xbc, 0x51, 0xbc, 0x51, 0xbc,
    0x71, 0xc4, 0x71, 0xbc, 0x71, 0xc4, 0x71, 0xc4, 0x71, 0xc4, 0x51, 0xc4,
    0x71, 0xc4, 0x71, 0xcc, 0x71, 0xc4, 0x91, 0xcc, 0x91, 0xcc, 0x91, 0xcc,
    0x91, 0xcc, 0x71, 0xcc, 0x91, 0xcc, 0x91, 0xcc, 0x91, 0xcc, 0x71, 0xcc,
    0x71, 0xcc, 0x71, 0xcc, 0x51, 0xbc, 0x71, 0xbc, 0x70, 0xcc, 0x70, 0xc4,
    0x51, 0xc4, 0x70, 0xcc, 0x70, 0xc4, 0x50, 0xc4, 0x71, 0xc4, 0x50, 0xc4,
    0x91, 0xb4, 0x92, 0xb4, 0x92, 0xb4, 0xb1, 0xb4, 0x90, 0xc4, 0x8f, 0xcc,
    0xaf, 0xcc, 0xd0, 0xbc, 0xf2, 0xac, 0x13, 0x95, 0x33, 0x8d, 0x33, 0x8d,
    0x34, 0x8d, 0x33, 0x95, 0xd2, 0xa4, 0xb1, 0xb4, 0xd1, 0xbc, 0xb1, 0xcc,
    0xb0, 0xdc, 0xaf, 0xe4, 0xcf, 0xec, 0xd0, 0xec, 0xcf, 0xec, 0xcf, 0xec,
    0xd0, 0xec, 0xd0, 0xec, 0xcf, 0xec, 0xcf, 0xec, 0xd0, 0xec, 0xf0, 0xec,
    0xf0, 0xec, 0xcf, 0xe4, 0xb0, 0xe4, 0xd0, 0xe4, 0xaf, 0xe4, 0xb0, 0xe4,
    0xb0, 0xe4, 0xaf, 0xe4, 0xaf, 0xe4, 0xaf, 0xe4, 0xaf, 0xe4, 0xd0, 0xe4,
    0xb0, 0xec, 0xcf, 0xe4, 0xaf, 0xe4, 0xf1, 0xcc, 0x75, 0x7d, 0x75, 0x7d,
    0x75, 0x7d, 0x95, 0x7d, 0x95, 0x7d, 0x75, 0x7d, 0x75, 0x75, 0x75, 0x7d,
    0x95, 0x7d, 0x75, 0x75, 0x75, 0x7d, 0x75, 0x7d, 0x74, 0x7d, 0x75, 0x7d,
    0x75, 0x7d, 0x75, 0x7d, 0x74, 0x75, 0x74, 0x7d, 0x75, 0x7d, 0x75, 0x7d,
    0x75, 0x7d, 0x75, 0x7d, 0x75, 0x7d, 0x75, 0x7d, 0x75, 0x7d, 0x75, 0x7d,
    0x54, 0x7d, 0x54, 0x7d, 0x54, 0x7d, 0x55, 0x85, 0x54, 0x7d, 0x75, 0x7d,
    0x55, 0x7d, 0x54, 0x7d, 0x54, 0x85, 0x54, 0x85, 0x55, 0x7d, 0x54, 0x85,
    0x54, 0x85, 0x54, 0x85, 0x34, 0x85, 0x54, 0x85, 0x54, 0x85, 0x54, 0x7d,
    0x34, 0x8d, 0x12, 0xa5, 0xf1, 0xbc, 0xd1, 0xc4, 0xd1, 0xc4, 0xd1, 0xc4,
    0xf1, 0xc4, 0xd1, 0xc4, 0xf1, 0xbc, 0xf1, 0xbc, 0x12, 0xa5, 0x13, 0x95,
    0x13, 0x95, 0x12, 0x9d, 0xd1, 0xac, 0xb0, 0xcc, 0x8f, 0xcc, 0x90, 0xcc,
    0x6f, 0xcc, 0x90, 0xcc, 0x70, 0xcc, 0x70, 0xcc, 0x70, 0xcc, 0x6f, 0xc4,
    0x70, 0xc4, 0x70, 0xc4, 0x70, 0xc4, 0x70, 0xc4, 0x70, 0xbc, 0x70, 0xbc,
    0x4f, 0xcc, 0x4e, 0xdc, 0x4f, 0xd4, 0x4f, 0xd4, 0x4f, 0xdc, 0x4f, 0xdc,
    0x4e, 0xe4, 0x4e, 0xdc, 0x4e, 0xdc, 0x2e, 0xdc, 0x4f, 0xdc, 0x4e, 0xdc,
    0x2e, 0xdc, 0x4f, 0xdc, 0x4f, 0xd4, 0x2f, 0xd4, 0x4f, 0xd4, 0x4f, 0xdc,
    0x4e, 0xe4, 0x4e, 0xe4, 0x4f, 0xdc, 0x4e, 0xdc, 0x2f, 0xdc, 0x4f, 0xd4,
    0x30, 0xc4, 0x30, 0xc4, 0x4f, 0xd4, 0x4e, 0xe4, 0x4e, 0xe4, 0x4e, 0xec,
    0x4e, 0xec, 0x4e, 0xec, 0x4e, 0xe4, 0x4e, 0xe4, 0x4e, 0xdc, 0x2f, 0xd4,
    0x30, 0xc4, 0x30, 0xc4, 0x30, 0xc4, 0x30, 0xc4, 0x31, 0xc4, 0x11, 0xbc,
    0x11, 0xb4, 0x11, 0xb4, 0x12, 0xb4, 0x11, 0xb4, 0x11, 0xb4, 0xf1, 0xb3,
    0xf1, 0xb3, 0xf0, 0xbb, 0xf0, 0xbb, 0xef, 0xbb, 0xf0, 0xbb, 0xef, 0xbb,
    0xf0, 0xbb, 0xf0, 0xbb, 0xf0, 0xb3, 0xf0, 0xb3, 0xd0, 0xb3, 0xd0, 0xb3,
    0xf1, 0xab, 0xd1, 0xab, 0xd0, 0xab, 0xf1, 0xab, 0xf1, 0xab, 0xd0, 0xab,
    0xd0, 0xab, 0xd0, 0xab, 0xd1, 0xab, 0xd0, 0xab, 0xd1, 0xab, 0xd1, 0xab,
    0xd1, 0xa3, 0xd1, 0xa3, 0xb1, 0xa3, 0xb1, 0xa3, 0xd1, 0xa3, 0xb1, 0xa3,
    0xb1, 0xa3, 0xb1, 0xa3, 0xb2, 0x9b, 0xb2, 0x9b, 0xb1, 0x9b, 0xb2, 0x9b,
    0xb1, 0x9b, 0xb2, 0xa3, 0xb1, 0x9b, 0xb1, 0xa3, 0xb2, 0x9b, 0xb1, 0x9b,
    0xb0, 0xab, 0xb0, 0xa3, 0xb0, 0xab, 0xb0, 0xab, 0xb0, 0xab, 0xb0, 0xab,
    0xb0, 0xab, 0xb0, 0xab, 0xd0, 0xab, 0xb0, 0xab, 0xd1, 0xab, 0xb0, 0xab,
    0xd0, 0xab, 0xd0, 0xab, 0xd0, 0xb3, 0xd0, 0xb3, 0xd0, 0xb3, 0xf0, 0xb3,
    0xf0, 0xbb, 0xf0, 0xbb, 0xef, 0xbb, 0xf0, 0xbb, 0x10, 0xbc, 0x10, 0xb4,
    0x10, 0xb4, 0x10, 0xb4, 0x10, 0xb4, 0x10, 0xb4, 0x10, 0xb4, 0x31, 0xb4,
    0x31, 0xb4, 0x30, 0xb4, 0x31, 0xb4, 0x31, 0xb4, 0x10, 0xb4, 0x31, 0xb4,
    0x31, 0xb4, 0x30, 0xb4, 0x31, 0xbc, 0x30, 0xbc, 0x31, 0xb4, 0x51, 0xb4,
    0x51, 0xb4, 0x51, 0xb4, 0x71, 0xa4, 0x72, 0xa4, 0x72, 0xa4, 0x72, 0xa4,
    0x72, 0x9c, 0x72, 0xa4, 0x72, 0xa4, 0x72, 0xa4, 0x71, 0xb4, 0x51, 0xb4,
    0x71, 0xac, 0x72, 0xa4, 0x72, 0xa4, 0x72, 0xac, 0x71, 0xac, 0x72, 0xa4,
    0x72, 0xa4, 0x72, 0xa4, 0x72, 0xa4, 0x52, 0xa4, 0x52, 0x9c, 0x72, 0xa4,
    0x71, 0xbc, 0x71, 0xbc, 0x52, 0xbc, 0x71, 0xbc, 0x51, 0xbc, 0x52, 0xb4,
    0x51, 0xb4, 0x51, 0xb4, 0x71, 0xbc, 0x52, 0xb4, 0x51, 0xbc, 0x51, 0xbc,
    0x71, 0xc4, 0x71, 0xc4, 0x51, 0xc4, 0x51, 0xc4, 0x71, 0xc4, 0x71, 0xc4,
    0x71, 0xc4, 0x71, 0xcc, 0x91, 0xcc, 0x71, 0xc4, 0x91, 0xcc, 0x71, 0xcc,
    0x91, 0xcc, 0x91, 0xcc, 0x91, 0xcc, 0x91, 0xcc, 0x91, 0xcc, 0x91, 0xcc,
    0x91, 0xcc, 0x91, 0xcc, 0x91, 0xcc, 0x91, 0xcc, 0x51, 0xb4, 0x51, 0xbc,
    0x51, 0xc4, 0x51, 0xc4, 0x51, 0xc4, 0x71, 0xc4, 0x70, 0xcc, 0x51, 0xcc,
    0x50, 0xc4, 0x71, 0xc4, 0x71, 0xc4, 0x92, 0xb4, 0x92, 0xac, 0xb2, 0xb4,
    0xb0, 0xc4, 0x90, 0xcc, 0x8f, 0xcc, 0xb0, 0xcc, 0xd0, 0xc4, 0xf1, 0xbc,
    0xf2, 0xb4, 0xf2, 0xac, 0x12, 0xad, 0xf1, 0xbc, 0xb1, 0xc4, 0xb0, 0xd4,
    0xaf, 0xe4, 0xaf, 0xe4, 0xaf, 0xe4, 0xcf, 0xec, 0xcf, 0xec, 0xcf, 0xec,
    0xcf, 0xec, 0xcf, 0xec, 0xcf, 0xec, 0xd0, 0xec, 0xef, 0xec, 0xcf, 0xec,
    0xcf, 0xe4, 0xd0, 0xec, 0xd0, 0xec, 0xcf, 0xe4, 0xcf, 0xe4, 0xb0, 0xe4,
    0xd0, 0xe4, 0xb0, 0xe4, 0xd0, 0xe4, 0xd0, 0xe4, 0xb0, 0xe4, 0xb0, 0xe4,
    0xaf, 0xe4, 0xaf, 0xe4, 0xd0, 0xe4, 0xd0, 0xec, 0xcf, 0xe4, 0xaf, 0xe4,
    0x33, 0x9d, 0x75, 0x7d, 0x75, 0x7d, 0x75, 0x75, 0x74, 0x7d, 0x75, 0x7d,
    0x95, 0x75, 0x75, 0x7d, 0x75, 0x7d, 0x95, 0x7d, 0x75, 0x7d, 0x75, 0x7d,
    0x75, 0x7d, 0x75, 0x7d, 0x75, 0x7d, 0x75, 0x75, 0x75, 0x7d, 0x75, 0x7d,
    0x75, 0x75, 0x75, 0x75, 0x75, 0x7d, 0x75, 0x75, 0x75, 0x7d, 0x75, 0x75,
    0x74, 0x7d, 0x75, 0x7d, 0x75, 0x7d, 0x74, 0x7d, 0x75, 0x7d, 0x75, 0x7d,
    0x75, 0x7d, 0x75, 0x7d, 0x74, 0x7d, 0x54, 0x7d, 0x55, 0x7d, 0x54, 0x85,
    0x55, 0x7d, 0x54, 0x85, 0x54, 0x85, 0x34, 0x8d, 0x54, 0x85, 0x54, 0x85,
    0x54, 0x85, 0x33, 0x95, 0x12, 0xad, 0xd1, 0xc4, 0xd0, 0xc4, 0xd0, 0xcc,
    0xd0, 0xc4, 0xd0, 0xc4, 0xd0, 0xc4, 0xd1, 0xc4, 0xd1, 0xc4, 0xf1, 0xbc,
    0xf1, 0xb4, 0x12, 0xa5, 0x12, 0xa5, 0xd0, 0xbc, 0x6f, 0xdc, 0x6f, 0xd4,
    0x90, 0xcc, 0x90, 0xd4, 0x90, 0xcc, 0x70, 0xcc, 0x70, 0xcc, 0x70, 0xc4,
    0x70, 0xc4, 0x70, 0xc4, 0x70, 0xc4, 0x70, 0xc4, 0x70, 0xc4, 0x70, 0xbc,
    0x50, 0xbc, 0x70, 0xc4, 0x4f, 0xd4, 0x4f, 0xd4, 0x6f, 0xcc, 0x4f, 0xd4,
    0x4e, 0xdc, 0x4e, 0xdc, 0x2f, 0xe4, 0x4e, 0xe4, 0x4e, 0xdc, 0x4e, 0xdc,
    0x2f, 0xdc, 0x2e, 0xdc, 0x2f, 0xdc, 0x4f, 0xdc, 0x2e, 0xd4, 0x2f, 0xdc,
    0x4f, 0xd4, 0x2e, 0xdc, 0x4e, 0xe4, 0x4f, 0xdc, 0x4e, 0xdc, 0x4e, 0xdc,
    0x2f, 0xd4, 0x2f, 0xd4, 0x31, 0xbc, 0x30, 0xc4, 0x2f, 0xd4, 0x6e, 0xe4,
    0x4e, 0xec, 0x4e, 0xe4, 0x6e, 0xec, 0x4e, 0xec, 0x4e, 0xe4, 0x4e, 0xe4,
    0x4e, 0xe4, 0x4f, 0xdc, 0x2f, 0xcc, 0x30, 0xcc, 0x30, 0xc4, 0x30, 0xc4,
    0x30, 0xc4, 0x31, 0xbc, 0x31, 0xbc, 0x11, 0xb4, 0x11, 0xb4, 0x11, 0xb4,
    0x11, 0xb4, 0x11, 0xb4, 0xf1, 0xb3, 0xf0, 0xbb, 0xf0, 0xc3, 0xef, 0xc3,
    0xcf, 0xbb, 0xef, 0xc3, 0xef, 0xbb, 0xcf, 0xbb, 0xf0, 0xbb, 0xf0, 0xb3,
    0xd0, 0xb3, 0xd1, 0xb3, 0xf0, 0xb3, 0xd0, 0xab, 0xf1, 0xb3, 0xd0, 0xab,
    0xd1, 0xab, 0xd0, 0xb3, 0xd1, 0xab, 0xd0, 0xab, 0xd0, 0xab, 0xd1, 0xab,
    0xd0, 0xab, 0xd0, 0xab, 0xb1, 0xab, 0xb1, 0xab, 0xd0, 0xab, 0xb0, 0xab,
    0xb1, 0xa3, 0xb1, 0xa3, 0xb1, 0xa3, 0xb1, 0xa3, 0xb2, 0x9b, 0xb1, 0x9b,
    0xb1, 0x9b, 0xb1, 0x9b, 0xb2, 0x9b, 0xb1, 0x9b, 0xb1, 0x9b, 0x91, 0x9b,
    0xb1, 0x9b, 0xb1, 0x9b, 0xb0, 0xab, 0xb0, 0xab, 0xb0, 0xab, 0xb0, 0xab,
    0xb0, 0xab, 0xb0, 0xab, 0xb0, 0xab, 0xb0, 0xab, 0xb0, 0xab, 0xb0, 0xab,
    0xd0, 0xb3, 0xd0, 0xb3, 0xd0, 0xab, 0xd0, 0xab, 0xd0, 0xb3, 0xd0, 0xb3,
    0xd0, 0xb3, 0xd0, 0xb3, 0xf0, 0xbb, 0xf0, 0xbb, 0xf0, 0xbb, 0x10, 0xbc,
    0xf0, 0xb3, 0x10, 0xbc, 0x10, 0xbc, 0x10, 0xb4, 0x10, 0xbc, 0x10, 0xb4,
    0x30, 0xb4, 0x11, 0xb4, 0x30, 0xb4, 0x31, 0xac, 0x10, 0xb4, 0x30, 0xb4,
    0x31, 0xb4, 0x30, 0xb4, 0x31, 0xac, 0x31, 0xb4, 0x31, 0xb4, 0x51, 0xb4,
    0x30, 0xb4, 0x50, 0xb4, 0x51, 0xb4, 0x51, 0xac, 0x71, 0xac, 0xb2, 0x9c,
    0xd2, 0x94, 0xf2, 0x8c, 0xf3, 0x8c, 0xf2, 0x94, 0xd2, 0x94, 0xb2, 0x9c,
    0x72, 0xac, 0x52, 0xac, 0x72, 0xa4, 0x72, 0xa4, 0x72, 0xa4, 0x72, 0xa4,
    0x72, 0xa4, 0x52, 0xa4, 0x52, 0xa4, 0x72, 0xa4, 0x72, 0xa4, 0x73, 0xa4,
    0x72, 0xa4, 0x72, 0xa4, 0x71, 0xb4, 0x51, 0xbc, 0x52, 0xbc, 0x51, 0xb4,
    0x51, 0xbc, 0x72, 0xbc, 0x51, 0xb4, 0x51, 0xb4, 0x51, 0xbc, 0x51, 0xbc,
    0x72, 0xbc, 0x71, 0xbc, 0x51, 0xbc, 0x71, 0xc4, 0x71, 0xc4, 0x71, 0xc4,
    0x71, 0xc4, 0x71, 0xc4, 0x71, 0xcc, 0x91, 0xcc, 0x91, 0xcc, 0x71, 0xc4,
    0x91, 0xcc, 0x71, 0xcc, 0x91, 0xcc, 0x91, 0xcc, 0x91, 0xcc, 0x91, 0xd4,
    0x92, 0xd4, 0x91, 0xd4, 0x91, 0xcc, 0x91, 0xcc, 0x91, 0xcc, 0x91, 0xcc,
    0x72, 0xbc, 0x71, 0xbc, 0x51, 0xbc, 0x51, 0xc4, 0x51, 0xc4, 0x51, 0xc4,
    0x70, 0xc4, 0x70, 0xcc, 0x71, 0xc4, 0x50, 0xc4, 0x70, 0xc4, 0x91, 0xbc,
    0x92, 0xb4, 0xb2, 0xac, 0xd2, 0xbc, 0xb1, 0xc4, 0x8f, 0xcc, 0xaf, 0xcc,
    0xaf, 0xcc, 0xaf, 0xd4, 0xb0, 0xd4, 0x90, 0xdc, 0x90, 0xdc, 0x90, 0xe4,
    0x8f, 0xe4, 0x8f, 0xec, 0x8f, 0xec, 0xaf, 0xec, 0xcf, 0xec, 0xd0, 0xec,
    0xcf, 0xec, 0xd0, 0xec, 0xd0, 0xec, 0xcf, 0xec, 0xcf, 0xec, 0xf0, 0xec,
    0xd0, 0xec, 0xcf, 0xec, 0xef, 0xec, 0xf0, 0xec, 0xd0, 0xec, 0xd0, 0xec,
    0xcf, 0xe4, 0xaf, 0xe4, 0xb0, 0xe4, 0xcf, 0xe4, 0xaf, 0xe4, 0xd0, 0xe4,
    0xd0, 0xe4, 0xd0, 0xe4, 0xcf, 0xe4, 0xaf, 0xe4, 0xd0, 0xe4, 0xd0, 0xec,
    0xd0, 0xe4, 0xaf, 0xe4, 0xf1, 0xcc, 0x75, 0x7d, 0x75, 0x75, 0x95, 0x75,
    0x95, 0x7d, 0x95, 0x75, 0x95, 0x7d, 0x95, 0x75, 0x95, 0x75, 0x95, 0x75,
    0x95, 0x75, 0x75, 0x75, 0x95, 0x7d, 0x75, 0x75, 0x75, 0x75, 0x75, 0x7d,
    0x75, 0x7d, 0x75, 0x7d, 0x74, 0x7d, 0x74, 0x7d, 0x75, 0x7d, 0x74, 0x7d,
    0x75, 0x7d, 0x75, 0x7d, 0x74, 0x7d, 0x74, 0x7d, 0x55, 0x7d, 0x55, 0x7d,
    0x75, 0x7d, 0x75, 0x75, 0x75, 0x75, 0x74, 0x7d, 0x54, 0x7d, 0x75, 0x7d,
    0x55, 0x85, 0x55, 0x7d, 0x54, 0x7d, 0x54, 0x85, 0x54, 0x85, 0x54, 0x85,
    0x54, 0x85, 0x54, 0x85, 0x34, 0x8d, 0x12, 0xad, 0xf1, 0xc4, 0xd1, 0xcc,
    0xd1, 0xcc, 0xd0, 0xc4, 0xd1, 0xc4, 0xd1, 0xc4, 0xf1, 0xc4, 0xf1, 0xcc,
    0xd1, 0xcc, 0xf1, 0xcc, 0xf1, 0xcc, 0xf1, 0xbc, 0xb0, 0xcc, 0x8f, 0xdc,
    0x8f, 0xd4, 0x90, 0xd4, 0x90, 0xd4, 0x6f, 0xcc, 0x70, 0xc4, 0x70, 0xc4,
    0x70, 0xc4, 0x70, 0xc4, 0x70, 0xc4, 0x70, 0xc4, 0x70, 0xbc, 0x70, 0xc4,
    0x50, 0xbc, 0x70, 0xbc, 0x70, 0xbc, 0x50, 0xc4, 0x70, 0xc4, 0x50, 0xc4,
    0x6f, 0xcc, 0x4e, 0xdc, 0x4e, 0xdc, 0x4e, 0xdc, 0x2e, 0xdc, 0x4f, 0xe4,
    0x4e, 0xdc, 0x4e, 0xdc, 0x2e, 0xdc, 0x4f, 0xdc, 0x4f, 0xd4, 0x4f, 0xd4,
    0x4f, 0xdc, 0x2f, 0xd4, 0x2f, 0xd4, 0x4e, 0xdc, 0x4e, 0xdc, 0x2f, 0xdc,
    0x4e, 0xdc, 0x4f, 0xdc, 0x2f, 0xd4, 0x30, 0xcc, 0x30, 0xc4, 0x30, 0xc4,
    0x4f, 0xd4, 0x4e, 0xe4, 0x6e, 0xe4, 0x4e, 0xec, 0x4e, 0xe4, 0x6e, 0xe4,
    0x4e, 0xec, 0x4e, 0xe4, 0x4e, 0xe4, 0x4e, 0xe4, 0x4f, 0xd4, 0x30, 0xcc,
    0x30, 0xcc, 0x30, 0xcc, 0x30, 0xc4, 0x30, 0xc4, 0x31, 0xbc, 0x31, 0xbc,
    0x11, 0xbc, 0x11, 0xb4, 0x11, 0xb4, 0x11, 0xb4, 0x11, 0xb4, 0xf0, 0xbb,
    0xef, 0xc3, 0xef, 0xc3, 0xef, 0xc3, 0xef, 0xc3, 0xcf, 0xc3, 0xf0, 0xc3,
    0xf0, 0xbb, 0xf0, 0xbb, 0xf0, 0xb3, 0xf1, 0xb3, 0xd0, 0xb3, 0xf1, 0xb3,
    0xd0, 0xb3, 0xf0, 0xb3, 0xd0, 0xb3, 0xd0, 0xb3, 0xf0, 0xb3, 0xd0, 0xb3,
    0xd0, 0xb3, 0xd0, 0xb3, 0xb0, 0xb3, 0xb0, 0xab, 0xd0, 0xab, 0xb0, 0xab,
    0xd1, 0xab, 0xb1, 0xab, 0xb1, 0xab, 0xb1, 0xa3, 0xb1, 0xa3, 0xb1, 0x9b,
    0xb1, 0x9b, 0xb2, 0x9b, 0xb2, 0x9b, 0xb1, 0x9b, 0xb1, 0xa3, 0xb2, 0x9b,
    0xb2, 0x9b, 0xb2, 0x9b, 0xb1, 0xa3, 0xb2, 0x9b, 0xb1, 0xa3, 0xb0, 0xa3,
    0xb0, 0xab, 0xb0, 0xab, 0xb0, 0xab, 0xb0, 0xab, 0xb0, 0xab, 0xb0, 0xb3,
    0xb0, 0xab, 0xb0, 0xab, 0xb0, 0xab, 0xd0, 0xb3, 0xd0, 0xab, 0xd0, 0xb3,
    0xd0, 0xb3, 0xd0, 0xb3, 0xf0, 0xb3, 0xf0, 0xb3, 0xf0, 0xb3, 0xf0, 0xbb,
    0xef, 0xbb, 0x10, 0xbc, 0x10, 0xbc, 0xf0, 0xb3, 0x10, 0xb4, 0x10, 0xb4,
    0x10, 0xb4, 0x30, 0xb4, 0x30, 0xb4, 0x10, 0xb4, 0x31, 0xb4, 0x30, 0xac,
    0x31, 0xb4, 0x31, 0xac, 0x31, 0xac, 0x30, 0xac, 0x30, 0xb4, 0x31, 0xac,
    0x51, 0xb4, 0x31, 0xb4, 0x51, 0xb4, 0x51, 0xb4, 0x51, 0xac, 0x51, 0xac,
    0x71, 0xac, 0x92, 0xa4, 0xd2, 0x94, 0x13, 0x85, 0x34, 0x85, 0x34, 0x85,
    0x13, 0x85, 0xd3, 0x94, 0x72, 0xac, 0x72, 0xac, 0x72, 0xa4, 0x72, 0xa4,
    0x52, 0xa4, 0x72, 0xa4, 0x72, 0xa4, 0x52, 0x9c, 0x53, 0x9c, 0x53, 0x9c,
    0x52, 0x9c, 0x52, 0xa4, 0x72, 0xa4, 0x52, 0xa4, 0x72, 0xac, 0x71, 0xbc,
    0x51, 0xbc, 0x52, 0xb4, 0x51, 0xb4, 0x51, 0xbc, 0x52, 0xb4, 0x52, 0xb4,
    0x51, 0xb4, 0x51, 0xbc, 0x52, 0xb4, 0x52, 0xb4, 0x51, 0xbc, 0x71, 0xbc,
    0x71, 0xc4, 0x71, 0xc4, 0x91, 0xcc, 0x91, 0xcc, 0x91, 0xcc, 0x91, 0xcc,
    0x91, 0xc4, 0x91, 0xcc, 0x91, 0xcc, 0x92, 0xc4, 0x91, 0xcc, 0x91, 0xcc,
    0x91, 0xcc, 0x91, 0xcc, 0x91, 0xcc, 0x92, 0xd4, 0x91, 0xcc, 0x71, 0xc4,
    0x92, 0xcc, 0x91, 0xcc, 0x72, 0xc4, 0x71, 0xc4, 0x71, 0xc4, 0x51, 0xbc,
    0x51, 0xc4, 0x71, 0xc4, 0x71, 0xc4, 0x71, 0xc4, 0x50, 0xc4, 0x50, 0xc4,
    0x70, 0xc4, 0x71, 0xc4, 0x92, 0xb4, 0xb2, 0xac, 0x13, 0x9d, 0xd1, 0xb4,
    0xaf, 0xcc, 0xae, 0xd4, 0x8e, 0xdc, 0x8f, 0xdc, 0x8f, 0xe4, 0xaf, 0xe4,
    0xaf, 0xe4, 0xaf, 0xe4, 0xae, 0xec, 0xcf, 0xec, 0xf0, 0xec, 0xd0, 0xec,
    0xef, 0xec, 0xcf, 0xec, 0xcf, 0xec, 0xcf, 0xec, 0xd0, 0xec, 0xef, 0xec,
    0xcf, 0xec, 0xd0, 0xec, 0xcf, 0xec, 0xcf, 0xec, 0xd0, 0xec, 0xf0, 0xec,
    0xf0, 0xec, 0xd0, 0xe4, 0xb0, 0xe4, 0xcf, 0xe4, 0xd0, 0xe4, 0xaf, 0xe4,
    0xaf, 0xe4, 0xb0, 0xe4, 0xb0, 0xe4, 0xcf, 0xe4, 0xb0, 0xe4, 0xd0, 0xe4,
    0xcf, 0xe4, 0xb0, 0xe4, 0xd0, 0xe4, 0xaf, 0xe4, 0xd0, 0xdc, 0x54, 0x85,
    0x95, 0x7d, 0x95, 0x7d, 0x75, 0x7d, 0x75, 0x7d, 0x75, 0x75, 0x75, 0x75,
    0x75, 0x75, 0x95, 0x7d, 0x75, 0x75, 0x75, 0x7d, 0x95, 0x7d, 0x95, 0x7d,
    0x75, 0x75, 0x75, 0x7d, 0x74, 0x7d, 0x75, 0x7d, 0x75, 0x7d, 0x75, 0x7d,
    0x75, 0x7d, 0x75, 0x7d, 0x74, 0x7d, 0x75, 0x7d, 0x55, 0x7d, 0x74, 0x7d,
    0x75, 0x7d, 0x75, 0x7d, 0x74, 0x7d, 0x75, 0x7d, 0x75, 0x7d, 0x75, 0x7d,
    0x54, 0x85, 0x54, 0x85, 0x74, 0x7d, 0x54, 0x85, 0x54, 0x85, 0x54, 0x85,
    0x34, 0x85, 0x54, 0x85, 0x54, 0x85, 0x54, 0x85, 0x33, 0x9d, 0xf2, 0xbc,
    0xd0, 0xcc, 0xd0, 0xcc, 0xd1, 0xcc, 0xd0, 0xcc, 0xd1, 0xd4, 0xf1, 0xdc,
    0xf0, 0xe4, 0xf0, 0xe4, 0xf1, 0xdc, 0xf1, 0xdc, 0xd0, 0xdc, 0xb0, 0xe4,
    0xaf, 0xe4, 0x8f, 0xd4, 0x90, 0xd4, 0x90, 0xd4, 0x90, 0xcc, 0x70, 0xc4,
    0x70, 0xcc, 0x70, 0xc4, 0x70, 0xbc, 0x70, 0xbc, 0x70, 0xbc, 0x70, 0xbc,
    0x50, 0xbc, 0x50, 0xbc, 0x50, 0xbc, 0x50, 0xbc, 0x50, 0xbc, 0x70, 0xbc,
    0x50, 0xc4, 0x70, 0xc4, 0x4f, 0xd4, 0x4e, 0xe4, 0x4e, 0xe4, 0x4e, 0xe4,
    0x2e, 0xe4, 0x4f, 0xdc, 0x2e, 0xdc, 0x4f, 0xdc, 0x4f, 0xdc, 0x2e, 0xdc,
    0x4f, 0xd4, 0x4f, 0xd4, 0x2f, 0xdc, 0x4e, 0xdc, 0x4e, 0xdc, 0x2f, 0xdc,
    0x4e, 0xe4, 0x4e, 0xdc, 0x4f, 0xdc, 0x2f, 0xdc, 0x2f, 0xd4, 0x30, 0xcc,
    0x30, 0xc4, 0x30, 0xc4, 0x50, 0xd4, 0x4e, 0xec, 0x4e, 0xec, 0x4e, 0xe4,
    0x4d, 0xec, 0x4e, 0xec, 0x6e, 0xe4, 0x4e, 0xec, 0x4e, 0xe4, 0x4e, 0xe4,
    0x4f, 0xe4, 0x50, 0xd4, 0x50, 0xd4, 0x50, 0xd4, 0x30, 0xcc, 0x30, 0xcc,
    0x30, 0xc4, 0x30, 0xc4, 0x10, 0xc4, 0x10, 0xc4, 0x10, 0xbc, 0xf0, 0xbb,
    0x10, 0xbc, 0xef, 0xc3, 0xef, 0xc3, 0xef, 0xc3, 0xef, 0xc3, 0xef, 0xc3,
    0xef, 0xc3, 0xcf, 0xc3, 0xf0, 0xbb, 0xf0, 0xbb, 0xf0, 0xbb, 0xf0, 0xb3,
    0xf0, 0xb3, 0xd1, 0xb3, 0xf0, 0xb3, 0xf0, 0xb3, 0xd0, 0xb3, 0xd0, 0xb3,
    0xd0, 0xb3, 0xd0, 0xb3, 0xd0, 0xb3, 0xd0, 0xb3, 0xd0, 0xb3, 0xd0, 0xb3,
    0xb0, 0xb3, 0xd0, 0xab, 0xd0, 0xab, 0xd1, 0xab, 0xd1, 0xab, 0xb1, 0xa3,
    0xb1, 0xa3, 0xb1, 0xa3, 0xb1, 0xa3, 0xb1, 0xa3, 0xb2, 0x9b, 0xb1, 0x9b,
    0xb1, 0x9b, 0xb1, 0x9b, 0xb1, 0x9b, 0xb1, 0xa3, 0xb2, 0x9b, 0xb1, 0x9b,
    0xb0, 0xab, 0xb1, 0xab, 0xb1, 0xa3, 0xb0, 0xab, 0xb0, 0xab, 0xb0, 0xab,
    0xb0, 0xab, 0xaf, 0xab, 0xb0, 0xb3, 0xb0, 0xab, 0xb0, 0xab, 0xd0, 0xab,
    0xd0, 0xab, 0xd0, 0xb3, 0xd0, 0xab, 0xf0, 0xb3, 0xf0, 0xb3, 0xf0, 0xb3,
    0xf0, 0xb3, 0xf0, 0xb3, 0xf0, 0xbb, 0xf0, 0xbb, 0x0f, 0xbc, 0x10, 0xbc,
    0x10, 0xb4, 0x10, 0xbc, 0x30, 0xbc, 0x10, 0xb4, 0x10, 0xb4, 0x31, 0xb4,
    0x31, 0xb4, 0x30, 0xb4, 0x30, 0xac, 0x31, 0xb4, 0x31, 0xac, 0x31, 0xac,
    0x31, 0xb4, 0x51, 0xb4, 0x30, 0xb4, 0x51, 0xb4, 0x31, 0xac, 0x51, 0xb4,
    0x51, 0xac, 0x71, 0xac, 0xb1, 0xa4, 0xd2, 0x94, 0xf3, 0x8c, 0x13, 0x8d,
    0x13, 0x8d, 0x54, 0x7d, 0x34, 0x85, 0xf3, 0x8c, 0x92, 0xa4, 0x72, 0xa4,
    0xb3, 0x9c, 0x72, 0xa4, 0x72, 0xa4, 0x72, 0xa4, 0x72, 0xa4, 0x72, 0xa4,
    0x53, 0x9c, 0x53, 0x9c, 0x53, 0x9c, 0x52, 0xa4, 0x52, 0xa4, 0x72, 0xac,
    0x72, 0xac, 0x72, 0xb4, 0x51, 0xb4, 0x52, 0xb4, 0x51, 0xb4, 0x51, 0xbc,
    0x72, 0xbc, 0x71, 0xb4, 0x51, 0xb4, 0x52, 0xb4, 0x51, 0xbc, 0x71, 0xbc,
    0x72, 0xbc, 0x72, 0xbc, 0x72, 0xbc, 0x91, 0xcc, 0xb2, 0xcc, 0x92, 0xcc,
    0x92, 0xcc, 0xb1, 0xcc, 0x92, 0xcc, 0xb2, 0xcc, 0xb2, 0xd4, 0x92, 0xcc,
    0x92, 0xcc, 0xb2, 0xcc, 0x92, 0xcc, 0x91, 0xcc, 0x91, 0xcc, 0x92, 0xcc,
    0xb2, 0xd4, 0x92, 0xcc, 0x91, 0xcc, 0x91, 0xcc, 0x92, 0xc4, 0x91, 0xc4,
    0x71, 0xc4, 0x71, 0xc4, 0x71, 0xc4, 0x51, 0xc4, 0x71, 0xc4, 0x71, 0xc4,
    0x51, 0xc4, 0x50, 0xc4, 0x50, 0xc4, 0x71, 0xc4, 0x92, 0xb4, 0xb2, 0xac,
    0x33, 0x8d, 0xf1, 0xb4, 0xcf, 0xcc, 0x8e, 0xe4, 0x8e, 0xec, 0xae, 0xe4,
    0xaf, 0xdc, 0xae, 0xdc, 0xae, 0xe4, 0xce, 0xe4, 0xef, 0xec, 0xcf, 0xec,
    0xf0, 0xec, 0xf0, 0xec, 0xcf, 0xec, 0xcf, 0xec, 0xcf, 0xec, 0xcf, 0xec,
    0xcf, 0xec, 0xd0, 0xec, 0xcf, 0xec, 0xef, 0xec, 0xd0, 0xec, 0xcf, 0xec,
    0xcf, 0xe4, 0xf0, 0xec, 0xf0, 0xec, 0xd0, 0xdc, 0xd0, 0xdc, 0xd0, 0xe4,
    0xb0, 0xe4, 0xd0, 0xe4, 0xd0, 0xe4, 0xd0, 0xe4, 0xaf, 0xe4, 0xd0, 0xe4,
    0xd0, 0xe4, 0xd0, 0xe4, 0xd0, 0xe4, 0xcf, 0xec, 0xcf, 0xe4, 0xaf, 0xe4,
    0xd0, 0xe4, 0x74, 0x85, 0x95, 0x7d, 0x75, 0x7d, 0x74, 0x7d, 0x95, 0x7d,
    0x95, 0x7d, 0x75, 0x7d, 0x75, 0x7d, 0x95, 0x7d, 0x75, 0x7d, 0x75, 0x7d,
    0x95, 0x7d, 0x95, 0x75, 0x75, 0x7d, 0x75, 0x7d, 0x75, 0x7d, 0x75, 0x7d,
    0x75, 0x7d, 0x75, 0x7d, 0x55, 0x7d, 0x75, 0x7d, 0x74, 0x7d, 0x55, 0x7d,
    0x55, 0x7d, 0x54, 0x7d, 0x75, 0x7d, 0x75, 0x7d, 0x75, 0x75, 0x75, 0x7d,
    0x74, 0x7d, 0x54, 0x7d, 0x75, 0x85, 0x54, 0x7d, 0x54, 0x7d, 0x55, 0x85,
    0x54, 0x85, 0x54, 0x85, 0x54, 0x85, 0x54, 0x85, 0x54, 0x85, 0x54, 0x7d,
    0x13, 0xad, 0xf1, 0xc4, 0xd0, 0xcc, 0xd1, 0xc4, 0xd0, 0xcc, 0xd0, 0xd4,
    0xf1, 0xe4, 0xf1, 0xe4, 0xf1, 0xe4, 0xf0, 0xe4, 0xf0, 0xe4, 0xd0, 0xe4,
    0xaf, 0xe4, 0x8f, 0xe4, 0x8f, 0xdc, 0x90, 0xd4, 0x90, 0xd4, 0x90, 0xcc,
    0x70, 0xc4, 0x90, 0xc4, 0x70, 0xc4, 0x70, 0xbc, 0x70, 0xbc, 0x50, 0xbc,
    0x50, 0xbc, 0x50, 0xbc, 0x50, 0xbc, 0x50, 0xbc, 0x50, 0xbc, 0x50, 0xbc,
    0x50, 0xbc, 0x30, 0xb4, 0x30, 0xbc, 0x4f, 0xcc, 0x6e, 0xdc, 0x4e, 0xe4,
    0x2e, 0xe4, 0x2e, 0xe4, 0x4e, 0xdc, 0x4f, 0xdc, 0x2e, 0xdc, 0x2f, 0xdc,
    0x2f, 0xd4, 0x2f, 0xd4, 0x2f, 0xd4, 0x2f, 0xd4, 0x2f, 0xd4, 0x4e, 0xdc,
    0x4e, 0xdc, 0x4e, 0xe4, 0x4e, 0xe4, 0x4e, 0xe4, 0x4f, 0xdc, 0x4f, 0xdc,
    0x4f, 0xd4, 0x4f, 0xd4, 0x2f, 0xcc, 0x50, 0xcc, 0x4f, 0xd4, 0x4e, 0xe4,
    0x4e, 0xec, 0x4e, 0xe4, 0x6e, 0xe4, 0x4d, 0xec, 0x4e, 0xe4, 0x6e, 0xec,
    0x4e, 0xec, 0x4e, 0xe4, 0x4e, 0xe4, 0x4e, 0xdc, 0x4f, 0xd4, 0x4f, 0xd4,
    0x4f, 0xd4, 0x30, 0xcc, 0x50, 0xcc, 0x30, 0xcc, 0x30, 0xcc, 0x30, 0xcc,
    0x30, 0xcc, 0x10, 0xcc, 0x10, 0xc4, 0x0f, 0xc4, 0xef, 0xc3, 0xef, 0xc3,
    0xef, 0xc3, 0xef, 0xc3, 0xef, 0xc3, 0xcf, 0xc3, 0xef, 0xc3, 0xef, 0xbb,
    0xd0, 0xbb, 0xf0, 0xbb, 0xd0, 0xbb, 0xd0, 0xbb, 0xf0, 0xbb, 0xcf, 0xbb,
    0xcf, 0xc3, 0xcf, 0xbb, 0xcf, 0xbb, 0xd0, 0xbb, 0xd0, 0xbb, 0xd0, 0xb3,
    0xd0, 0xb3, 0xd0, 0xb3, 0xb0, 0xb3, 0xb0, 0xb3, 0xb0, 0xb3, 0xb0, 0xab,
    0xd0, 0xab, 0xd1, 0xa3, 0xb1, 0xa3, 0xb1, 0xa3, 0xb1, 0xa3, 0xb1, 0x9b,
    0xb1, 0x9b, 0xb2, 0x9b, 0xb2, 0x9b, 0xb1, 0x9b, 0xb1, 0x9b, 0xb2, 0x9b,
    0xb1, 0x9b, 0xb1, 0x9b, 0xb0, 0xab, 0xb0, 0xab, 0xb0, 0xab, 0xb0, 0xab,
    0xb0, 0xab, 0xb0, 0xab, 0xb0, 0xab, 0xb0, 0xab, 0xb0, 0xab, 0xb0, 0xab,
    0xb0, 0xb3, 0xd0, 0xab, 0xd0, 0xab, 0xd0, 0xb3, 0xd0, 0xab, 0xf0, 0xb3,
    0xd0, 0xb3, 0xf0, 0xb3, 0xf0, 0xb3, 0xf0, 0xbb, 0xf0, 0xbb, 0x10, 0xbc,
    0x0f, 0xbc, 0x10, 0xbc, 0x10, 0xbc, 0x30, 0xbc, 0x10, 0xb4, 0x30, 0xb4,
    0x30, 0xb4, 0x30, 0xb4, 0x30, 0xb4, 0x31, 0xac, 0x30, 0xac, 0x31, 0xb4,
    0x31, 0xb4, 0x30, 0xb4, 0x31, 0xac, 0x51, 0xb4, 0x30, 0xac, 0x51, 0xac,
    0x51, 0xb4, 0x51, 0xac, 0x51, 0xac, 0xb1, 0xa4, 0xd2, 0x94, 0xf3, 0x94,
    0x13, 0x8d, 0xf3, 0x8c, 0x13, 0x8d, 0x54, 0x7d, 0x54, 0x7d, 0x14, 0x8d,
    0xd3, 0x94, 0xb2, 0x9c, 0xf4, 0x84, 0x72, 0xa4, 0x72, 0xa4, 0x72, 0xa4,
    0x72, 0xa4, 0x72, 0x9c, 0x72, 0xa4, 0x72, 0xa4, 0x53, 0xa4, 0x72, 0xa4,
    0x72, 0xa4, 0x72, 0xa4, 0x52, 0xac, 0x52, 0xb4, 0x51, 0xb4, 0x52, 0xbc,
    0x72, 0xb4, 0x51, 0xbc, 0x51, 0xbc, 0x52, 0xbc, 0x71, 0xb4, 0x52, 0xbc,
    0x51, 0xb4, 0x72, 0xbc, 0x71, 0xbc, 0x71, 0xbc, 0x72, 0xbc, 0x92, 0xc4,
    0xb1, 0xcc, 0x91, 0xcc, 0xb1, 0xcc, 0xb2, 0xcc, 0xb1, 0xcc, 0xb2, 0xd4,
    0xb1, 0xd4, 0xb1, 0xd4, 0xb2, 0xd4, 0xb2, 0xd4, 0xb2, 0xd4, 0xb2, 0xd4,
    0xb2, 0xd4, 0xb1, 0xd4, 0xb2, 0xd4, 0xb2, 0xd4, 0xb2, 0xd4, 0xb1, 0xd4,
    0xb2, 0xcc, 0xb2, 0xd4, 0xb2, 0xcc, 0x91, 0xcc, 0x91, 0xcc, 0x71, 0xc4,
    0x71, 0xcc, 0x91, 0xcc, 0x91, 0xcc, 0x71, 0xcc, 0x50, 0xc4, 0x71, 0xc4,
    0xb2, 0xb4, 0xd2, 0xb4, 0xf1, 0xc4, 0xb0, 0xd4, 0xd0, 0xd4, 0xb0, 0xdc,
    0xd0, 0xdc, 0xd0, 0xe4, 0xaf, 0xe4, 0xaf, 0xe4, 0xaf, 0xec, 0xd0, 0xec,
    0xd0, 0xec, 0xf0, 0xec, 0xf0, 0xec, 0xf0, 0xec, 0xcf, 0xec, 0xcf, 0xec,
    0xcf, 0xec, 0xcf, 0xec, 0xcf, 0xec, 0xcf, 0xec, 0xcf, 0xec, 0xf0, 0xec,
    0xcf, 0xec, 0xd0, 0xec, 0xcf, 0xec, 0xf0, 0xec, 0xf1, 0xcc, 0xf1, 0xcc,
    0xd0, 0xdc, 0xd0, 0xe4, 0xd0, 0xe4, 0xd0, 0xe4, 0xaf, 0xe4, 0xd0, 0xe4,
    0xb0, 0xe4, 0xcf, 0xdc, 0xd0, 0xe4, 0xb0, 0xdc, 0xd0, 0xe4, 0xaf, 0xe4,
    0xb0, 0xe4, 0xd0, 0xe4, 0x11, 0xc5, 0x74, 0x85, 0x75, 0x7d, 0x75, 0x7d,
    0x75, 0x75, 0x75, 0x7d, 0x95, 0x75, 0x95, 0x75, 0x95, 0x7d, 0x75, 0x75,
    0x95, 0x75, 0x75, 0x7d, 0x75, 0x7d, 0x75, 0x7d, 0x75, 0x7d, 0x75, 0x7d,
    0x75, 0x7d, 0x74, 0x7d, 0x75, 0x7d, 0x74, 0x7d, 0x74, 0x85, 0x75, 0x7d,
    0x75, 0x7d, 0x74, 0x85, 0x74, 0x7d, 0x75, 0x7d, 0x75, 0x7d, 0x75, 0x7d,
    0x75, 0x7d, 0x75, 0x7d, 0x54, 0x7d, 0x74, 0x85, 0x55, 0x85, 0x74, 0x85,
    0x54, 0x7d, 0x54, 0x7d, 0x55, 0x7d, 0x54, 0x85, 0x54, 0x85, 0x55, 0x85,
    0x54, 0x85, 0x54, 0x85, 0x12, 0xad, 0xd1, 0xcc, 0xd1, 0xcc, 0xd0, 0xcc,
    0xd0, 0xcc, 0xf1, 0xdc, 0xf1, 0xe4, 0xf0, 0xe4, 0xf1, 0xe4, 0xf1, 0xe4,
    0xaf, 0xe4, 0x8e, 0xe4, 0x6f, 0xdc, 0x8f, 0xdc, 0x8f, 0xdc, 0x90, 0xcc,
    0x90, 0xcc, 0x6f, 0xcc, 0x70, 0xc4, 0x70, 0xbc, 0x70, 0xbc, 0x70, 0xbc,
    0x70, 0xbc, 0x50, 0xbc, 0x50, 0xbc, 0x71, 0xbc, 0x50, 0xb4, 0x71, 0xbc,
    0x51, 0xb4, 0x51, 0xb4, 0x51, 0xb4, 0x31, 0xb4, 0x50, 0xc4, 0x70, 0xd4,
    0x4e, 0xdc, 0x4e, 0xe4, 0x4e, 0xe4, 0x4e, 0xe4, 0x4e, 0xdc, 0x4e, 0xdc,
    0x4e, 0xdc, 0x4f, 0xdc, 0x4e, 0xdc, 0x4e, 0xdc, 0x4e, 0xdc, 0x4e, 0xdc,
    0x4e, 0xdc, 0x4e, 0xdc, 0x4e, 0xe4, 0x4e, 0xe4, 0x4e, 0xe4, 0x4e, 0xe4,
    0x4e, 0xe4, 0x4e, 0xe4, 0x4e, 0xe4, 0x4e, 0xe4, 0x4e, 0xe4, 0x4e, 0xe4,
    0x4e, 0xe4, 0x6e, 0xec, 0x6e, 0xec, 0x4e, 0xe4, 0x4e, 0xe4, 0x4e, 0xec,
    0x4d, 0xe4, 0x4e, 0xe4, 0x4d, 0xe4, 0x4d, 0xe4, 0x6d, 0xec, 0x4e, 0xe4,
    0x4f, 0xd4, 0x4f, 0xd4, 0x2f, 0xd4, 0x2f, 0xd4, 0x4f, 0xd4, 0x4f, 0xd4,
    0x2f, 0xd4, 0x2f, 0xcc, 0x2f, 0xd4, 0x2f, 0xd4, 0x2f, 0xd4, 0x0f, 0xd4,
    0x0f, 0xd4, 0xef, 0xcb, 0xef, 0xcb, 0xef, 0xcb, 0xef, 0xcb, 0xef, 0xc3,
    0xef, 0xc3, 0xef, 0xc3, 0xef, 0xc3, 0xef, 0xc3, 0xcf, 0xc3, 0xef, 0xc3,
    0xcf, 0xc3, 0xcf, 0xc3, 0xcf, 0xc3, 0xcf, 0xcb, 0xce, 0xcb, 0xae, 0xcb,
    0xae, 0xc3, 0xaf, 0xc3, 0xaf, 0xbb, 0xaf, 0xbb, 0xd0, 0xbb, 0xd0, 0xb3,
    0xb0, 0xb3, 0xb0, 0xb3, 0xd0, 0xab, 0xb1, 0xab, 0xd1, 0xab, 0xb1, 0xa3,
    0xb1, 0xa3, 0xb1, 0xa3, 0xb1, 0xa3, 0xb2, 0x9b, 0xb2, 0x9b, 0xb1, 0x9b,
    0xd2, 0x9b, 0xb1, 0x9b, 0xb1, 0x9b, 0xb1, 0x9b, 0xb0, 0xab, 0xb0, 0xab,
    0xd0, 0xab, 0xb0, 0xab, 0xb0, 0xab, 0xb0, 0xb3, 0xb0, 0xab, 0xb0, 0xb3,
    0xd0, 0xb3, 0xb0, 0xab, 0xd0, 0xb3, 0xb0, 0xb3, 0xd0, 0xb3, 0xd0, 0xab,
    0xd0, 0xb3, 0xd0, 0xb3, 0xd0, 0xb3, 0xf0, 0xb3, 0xf0, 0xbb, 0xf0, 0xbb,
    0xf0, 0xbb, 0xf0, 0xbb, 0x0f, 0xc4, 0x0f, 0xc4, 0x10, 0xbc, 0x2f, 0xbc,
    0x30, 0xbc, 0x30, 0xb4, 0x30, 0xb4, 0x30, 0xb4, 0x10, 0xb4, 0x31, 0xac,
    0x31, 0xb4, 0x30, 0xb4, 0x51, 0xb4, 0x31, 0xac, 0x31, 0xb4, 0x51, 0xb4,
    0x31, 0xac, 0x31, 0xb4, 0x51, 0xac, 0x51, 0xac, 0xb2, 0x9c, 0x13, 0x85,
    0x34, 0x85, 0x13, 0x85, 0x13, 0x8d, 0x13, 0x8d, 0x13, 0x8d, 0x55, 0x75,
    0x55, 0x75, 0x14, 0x85, 0x14, 0x85, 0xf3, 0x8c, 0x55, 0x7d, 0xb2, 0x9c,
    0x72, 0xa4, 0x72, 0xa4, 0x72, 0xa4, 0x52, 0xa4, 0x72, 0xa4, 0x72, 0xa4,
    0x72, 0xa4, 0x72, 0xa4, 0x72, 0xa4, 0x72, 0xa4, 0x72, 0xac, 0x72, 0xac,
    0x51, 0xb4, 0x51, 0xbc, 0x52, 0xbc, 0x52, 0xb4, 0x71, 0xbc, 0x72, 0xb4,
    0x51, 0xb4, 0x51, 0xbc, 0x72, 0xb4, 0x52, 0xb4, 0x51, 0xb4, 0x71, 0xbc,
    0x72, 0xc4, 0xb1, 0xcc, 0x92, 0xcc, 0xb2, 0xcc, 0xb2, 0xcc, 0xb2, 0xcc,
    0xb2, 0xcc, 0xd2, 0xd4, 0xd2, 0xd4, 0xd2, 0xd4, 0xd2, 0xd4, 0xd2, 0xd4,
    0xd2, 0xd4, 0xd2, 0xd4, 0xd2, 0xd4, 0xb1, 0xd4, 0xb1, 0xd4, 0xb2, 0xd4,
    0xb2, 0xd4, 0xb1, 0xd4, 0xb1, 0xd4, 0xb2, 0xd4, 0xb2, 0xd4, 0xb2, 0xd4,
    0xb1, 0xd4, 0xb2, 0xd4, 0xb1, 0xcc, 0x91, 0xcc, 0x91, 0xcc, 0x71, 0xcc,
    0x50, 0xc4, 0x71, 0xc4, 0xb2, 0xb4, 0xb0, 0xd4, 0xb0, 0xd4, 0xb0, 0xd4,
    0xb0, 0xd4, 0xd0, 0xdc, 0xb0, 0xdc, 0xb0, 0xdc, 0xd0, 0xdc, 0xd0, 0xe4,
    0xd0, 0xe4, 0xd0, 0xec, 0x10, 0xf5, 0x10, 0xed, 0xf0, 0xf4, 0xd0, 0xec,
    0xcf, 0xec, 0xaf, 0xec, 0xcf, 0xec, 0xce, 0xec, 0xcf, 0xec, 0xcf, 0xec,
    0xef, 0xec, 0xf0, 0xec, 0xef, 0xec, 0xef, 0xec, 0xf0, 0xec, 0xf1, 0xdc,
    0xf1, 0xcc, 0x11, 0xc5, 0xf1, 0xcc, 0xd0, 0xdc, 0xd0, 0xe4, 0xd0, 0xe4,
    0xd0, 0xe4, 0xd0, 0xe4, 0xcf, 0xe4, 0xd0, 0xe4, 0xd0, 0xdc, 0xd0, 0xdc,
    0xd0, 0xe4, 0xcf, 0xe4, 0xd0, 0xe4, 0xd0, 0xe4, 0x54, 0x95, 0x75, 0x85,
    0x75, 0x7d, 0x75, 0x7d, 0x75, 0x7d, 0x75, 0x7d, 0x95, 0x7d, 0x75, 0x75,
    0x75, 0x7d, 0x95, 0x7d, 0x95, 0x75, 0x75, 0x7d, 0x95, 0x75, 0x95, 0x75,
    0x95, 0x7d, 0x75, 0x7d, 0x75, 0x7d, 0x75, 0x7d, 0x75, 0x7d, 0x75, 0x7d,
    0x75, 0x7d, 0x75, 0x7d, 0x75, 0x7d, 0x75, 0x7d, 0x75, 0x7d, 0x95, 0x7d,
    0x95, 0x7d, 0x75, 0x75, 0x95, 0x7d, 0x74, 0x7d, 0x54, 0x85, 0x75, 0x85,
    0x54, 0x85, 0x75, 0x85, 0x74, 0x85, 0x55, 0x85, 0x74, 0x85, 0x54, 0x85,
    0x54, 0x85, 0x54, 0x85, 0x55, 0x85, 0x54, 0x85, 0x12, 0xad, 0xd1, 0xcc,
    0xd1, 0xcc, 0xd0, 0xd4, 0xd1, 0xdc, 0xf1, 0xe4, 0xf1, 0xe4, 0xf0, 0xe4,
    0xf1, 0xe4, 0xd0, 0xe4, 0x8f, 0xdc, 0x6f, 0xcc, 0x6f, 0xcc, 0x6f, 0xcc,
    0x8f, 0xcc, 0x90, 0xd4, 0x90, 0xcc, 0x70, 0xc4, 0x70, 0xbc, 0x70, 0xbc,
    0x70, 0xbc, 0x70, 0xbc, 0x70, 0xbc, 0x70, 0xbc, 0x70, 0xbc, 0x50, 0xbc,
    0x51, 0xbc, 0x51, 0xb4, 0x51, 0xb4, 0x51, 0xac, 0x31, 0xac, 0x50, 0xc4,
    0x70, 0xd4, 0x6f, 0xd4, 0x4f, 0xdc, 0x4e, 0xe4, 0x4e, 0xdc, 0x2e, 0xdc,
    0x4e, 0xdc, 0x4f, 0xdc, 0x4e, 0xdc, 0x4e, 0xdc, 0x4e, 0xdc, 0x2e, 0xdc,
    0x4e, 0xdc, 0x4e, 0xdc, 0x2e, 0xdc, 0x4e, 0xe4, 0x4e, 0xe4, 0x4e, 0xe4,
    0x4e, 0xe4, 0x4e, 0xe4, 0x4e, 0xe4, 0x4e, 0xe4, 0x4e, 0xe4, 0x4e, 0xe4,
    0x4e, 0xe4, 0x2e, 0xe4, 0x4e, 0xe4, 0x4e, 0xe4, 0x6e, 0xec, 0x4e, 0xe4,
    0x4e, 0xe4, 0x4e, 0xec, 0x6e, 0xec, 0x6e, 0xec, 0x6e, 0xec, 0x6e, 0xec,
    0x4d, 0xec, 0x4e, 0xe4, 0x4f, 0xd4, 0x2f, 0xdc, 0x2f, 0xdc, 0x2f, 0xdc,
    0x2f, 0xd4, 0x2f, 0xd4, 0x4f, 0xd4, 0x4f, 0xd4, 0x4f, 0xd4, 0x2f, 0xd4,
    0x2f, 0xd4, 0x2f, 0xd4, 0x0e, 0xd4, 0x0e, 0xd4, 0x0e, 0xd4, 0xef, 0xcb,
    0xef, 0xcb, 0xef, 0xcb, 0xcf, 0xcb, 0xef, 0xcb, 0xef, 0xc3, 0xef, 0xc3,
    0xef, 0xc3, 0xcf, 0xc3, 0xef, 0xc3, 0xce, 0xc3, 0xce, 0xcb, 0xce, 0xcb,
    0xce, 0xcb, 0xce, 0xcb, 0xae, 0xcb, 0xae, 0xcb, 0xae, 0xcb, 0xae, 0xcb,
    0xaf, 0xc3, 0xaf, 0xbb, 0xd0, 0xb3, 0xb0, 0xb3, 0xb0, 0xb3, 0xd1, 0xab,
    0xb1, 0xab, 0xd1, 0xab, 0xb1, 0xa3, 0xb1, 0xa3, 0xb1, 0xa3, 0xb1, 0x9b,
    0xb2, 0x9b, 0xb1, 0xa3, 0xb1, 0x9b, 0xb2, 0x9b, 0xb2, 0x9b, 0xb1, 0x9b,
    0xb0, 0xab, 0xd0, 0xab, 0xd0, 0xab, 0xd0, 0xab, 0xb0, 0xab, 0xb0, 0xb3,
    0xb0, 0xb3, 0xaf, 0xb3, 0xb0, 0xb3, 0xcf, 0xb3, 0xd0, 0xab, 0xb0, 0xab,
    0xd0, 0xb3, 0xd0, 0xb3, 0xd0, 0xb3, 0xf1, 0xb3, 0xf0, 0xb3, 0xf0, 0xb3,
    0xf0, 0xb3, 0xf0, 0xbb, 0xf0, 0xbb, 0x10, 0xbc, 0x10, 0xc4, 0x0f, 0xc4,
    0x0f, 0xc4, 0x10, 0xc4, 0x30, 0xbc, 0x30, 0xbc, 0x10, 0xb4, 0x30, 0xb4,
    0x30, 0xb4, 0x31, 0xb4, 0x30, 0xb4, 0x31, 0xac, 0x51, 0xb4, 0x30, 0xac,
    0x51, 0xac, 0x51, 0xb4, 0x31, 0xb4, 0x51, 0xac, 0x71, 0xac, 0xd2, 0x94,
    0x34, 0x7d, 0x55, 0x7d, 0x54, 0x7d, 0x54, 0x7d, 0x54, 0x7d, 0x34, 0x7d,
    0x54, 0x7d, 0x55, 0x75, 0x55, 0x7d, 0x34, 0x85, 0x34, 0x7d, 0x55, 0x7d,
    0x55, 0x75, 0x13, 0x8d, 0x72, 0xa4, 0x72, 0xa4, 0x72, 0xa4, 0x72, 0xa4,
    0x73, 0xa4, 0x72, 0xa4, 0x72, 0xa4, 0x52, 0xa4, 0x72, 0xa4, 0x72, 0xa4,
    0x72, 0xa4, 0x52, 0xac, 0x72, 0xac, 0x52, 0xb4, 0x52, 0xb4, 0x72, 0xbc,
    0x72, 0xbc, 0x72, 0xbc, 0x71, 0xbc, 0x72, 0xb4, 0x71, 0xb4, 0x72, 0xb4,
    0x72, 0xbc, 0x71, 0xb4, 0x72, 0xbc, 0x72, 0xbc, 0x72, 0xbc, 0x92, 0xc4,
    0x92, 0xc4, 0xb2, 0xcc, 0xb2, 0xcc, 0xd2, 0xd4, 0x12, 0xdd, 0xf2, 0xd4,
    0xd2, 0xd4, 0xd2, 0xd4, 0xd2, 0xd4, 0xd2, 0xd4, 0xd2, 0xd4, 0xd2, 0xd4,
    0xd2, 0xd4, 0xd2, 0xd4, 0xd2, 0xd4, 0xd2, 0xd4, 0xd1, 0xd4, 0xd2, 0xd4,
    0xd2, 0xd4, 0xb1, 0xd4, 0xb2, 0xd4, 0xb1, 0xd4, 0xb1, 0xcc, 0x91, 0xcc,
    0x91, 0xcc, 0x71, 0xc4, 0x50, 0xc4, 0x91, 0xcc, 0xb0, 0xe4, 0xaf, 0xec,
    0xaf, 0xec, 0xb0, 0xec, 0xd0, 0xe4, 0xd0, 0xe4, 0xb0, 0xe4, 0xd0, 0xdc,
    0xd0, 0xdc, 0xd0, 0xe4, 0xd0, 0xe4, 0xf0, 0xe4, 0x11, 0xed, 0x31, 0xed,
    0x31, 0xed, 0xf0, 0xec, 0xaf, 0xe4, 0xcf, 0xec, 0xcf, 0xec, 0xcf, 0xec,
    0xcf, 0xec, 0xcf, 0xec, 0xcf, 0xec, 0xd0, 0xec, 0xcf, 0xec, 0xf0, 0xec,
    0xf0, 0xe4, 0x11, 0xbd, 0x11, 0xc5, 0xf1, 0xcc, 0xf1, 0xcc, 0xf0, 0xd4,
    0xd0, 0xe4, 0xd0, 0xe4, 0xd0, 0xe4, 0xd0, 0xe4, 0xd0, 0xe4, 0xd0, 0xe4,
    0xd0, 0xdc, 0xd0, 0xdc, 0xcf, 0xe4, 0xcf, 0xe4, 0xd0, 0xe4, 0x33, 0xad,
    0x54, 0x8d, 0x75, 0x7d, 0x75, 0x7d, 0x95, 0x7d, 0x95, 0x7d, 0x95, 0x75,
    0x95, 0x75, 0x95, 0x7d, 0x95, 0x75, 0x95, 0x7d, 0x75, 0x7d, 0x75, 0x7d,
    0x95, 0x7d, 0x75, 0x7d, 0x75, 0x75, 0x95, 0x7d, 0x95, 0x7d, 0x75, 0x7d,
    0x75, 0x7d, 0x95, 0x7d, 0x75, 0x7d, 0x75, 0x7d, 0x95, 0x7d, 0x75, 0x7d,
    0x75, 0x7d, 0x75, 0x7d, 0x95, 0x75, 0x75, 0x7d, 0x95, 0x75, 0x74, 0x7d,
    0x54, 0x85, 0x75, 0x85, 0x74, 0x85, 0x54, 0x85, 0x55, 0x85, 0x74, 0x85,
    0x75, 0x85, 0x54, 0x85, 0x54, 0x7d, 0x74, 0x85, 0x54, 0x85, 0x74, 0x85,
    0x13, 0xad, 0xd1, 0xcc, 0xd0, 0xcc, 0xd0, 0xd4, 0xf1, 0xdc, 0x11, 0xe5,
    0xf1, 0xe4, 0xf1, 0xe4, 0xf0, 0xe4, 0xaf, 0xdc, 0x6f, 0xcc, 0x6f, 0xc4,
    0x6f, 0xc4, 0x4f, 0xc4, 0x70, 0xcc, 0x70, 0xc4, 0x70, 0xbc, 0x70, 0xbc,
    0x70, 0xbc, 0x70, 0xbc, 0x70, 0xbc, 0x50, 0xbc, 0x70, 0xbc, 0x50, 0xbc,
    0x50, 0xc4, 0x70, 0xcc, 0x6f, 0xd4, 0x6f, 0xd4, 0x6f, 0xd4, 0x6f, 0xdc,
    0x50, 0xd4, 0x4f, 0xd4, 0x4f, 0xdc, 0x4f, 0xdc, 0x4f, 0xdc, 0x4f, 0xd4,
    0x4f, 0xdc, 0x4e, 0xdc, 0x4e, 0xdc, 0x2e, 0xdc, 0x4f, 0xe4, 0x4f, 0xe4,
    0x4e, 0xe4, 0x4f, 0xe4, 0x4e, 0xe4, 0x4f, 0xe4, 0x4e, 0xe4, 0x4e, 0xe4,
    0x4e, 0xe4, 0x4e, 0xe4, 0x4e, 0xe4, 0x4e, 0xe4, 0x4e, 0xe4, 0x4e, 0xe4,
    0x4e, 0xe4, 0x4e, 0xe4, 0x4e, 0xe4, 0x4e, 0xe4, 0x4d, 0xe4, 0x4e, 0xe4,
    0x6e, 0xec, 0x6e, 0xec, 0x6e, 0xec, 0x6e, 0xe4, 0x6e, 0xec, 0x4e, 0xec,
    0x4e, 0xec, 0x6e, 0xe4, 0x6e, 0xec, 0x4e, 0xe4, 0x4e, 0xd4, 0x0f, 0xd4,
    0x0f, 0xd4, 0x0f, 0xd4, 0x2f, 0xd4, 0x2f, 0xd4, 0x2f, 0xd4, 0x2f, 0xd4,
    0x2f, 0xd4, 0x0f, 0xd4, 0x0e, 0xd4, 0x0e, 0xd4, 0x0e, 0xd4, 0x0e, 0xd4,
    0xee, 0xd3, 0x0e, 0xcc, 0xee, 0xcb, 0xee, 0xcb, 0xee, 0xcb, 0xef, 0xcb,
    0xce, 0xcb, 0xef, 0xcb, 0xee, 0xcb, 0xef, 0xc3, 0xcf, 0xcb, 0xee, 0xd3,
    0xce, 0xd3, 0xce, 0xcb, 0xce, 0xd3, 0xce, 0xd3, 0xae, 0xd3, 0xae, 0xcb,
    0xad, 0xcb, 0x8e, 0xcb, 0x8e, 0xcb, 0xae, 0xc3, 0xaf, 0xbb, 0xd0, 0xb3,
    0xb0, 0xb3, 0xd0, 0xab, 0xd0, 0xab, 0xb1, 0xab, 0xd1, 0xa3, 0xb1, 0xa3,
    0xb1, 0xa3, 0xb2, 0xa3, 0xd2, 0x9b, 0xb1, 0xa3, 0xb2, 0x9b, 0xb2, 0x9b,
    0xb1, 0x9b, 0xb2, 0x9b, 0xb0, 0xab, 0xb0, 0xab, 0xb0, 0xab, 0xb0, 0xb3,
    0xb0, 0xb3, 0xb0, 0xab, 0xd0, 0xab, 0xb0, 0xab, 0xd0, 0xb3, 0xd0, 0xab,
    0xd0, 0xb3, 0xd0, 0xab, 0xd0, 0xab, 0xd0, 0xb3, 0xd1, 0xb3, 0xf0, 0xb3,
    0xf0, 0xb3, 0xf0, 0xb3, 0xf0, 0xb3, 0xf0, 0xbb, 0xf0, 0xbb, 0x10, 0xbc,
    0x10, 0xbc, 0x0f, 0xc4, 0x2f, 0xc4, 0x2f, 0xc4, 0x30, 0xc4, 0x10, 0xbc,
    0x30, 0xbc, 0x30, 0xb4, 0x30, 0xb4, 0x30, 0xb4, 0x31, 0xac, 0x51, 0xb4,
    0x30, 0xb4, 0x31, 0xac, 0x30, 0xac, 0x51, 0xb4, 0x51, 0xac, 0x91, 0xa4,
    0xd2, 0x9c, 0x34, 0x7d, 0x54, 0x7d, 0x55, 0x75, 0x55, 0x75, 0x55, 0x75,
    0x55, 0x75, 0x54, 0x75, 0x75, 0x75, 0x75, 0x7d, 0x55, 0x75, 0x54, 0x7d,
    0x75, 0x75, 0x75, 0x75, 0x55, 0x75, 0x34, 0x85, 0xb3, 0x9c, 0x92, 0xa4,
    0x92, 0xa4, 0x92, 0xa4, 0x73, 0x9c, 0x72, 0xa4, 0x72, 0xa4, 0x53, 0xa4,
    0x72, 0xa4, 0x72, 0xa4, 0x52, 0xa4, 0x72, 0xa4, 0x72, 0xac, 0x72, 0xac,
    0x52, 0xb4, 0x71, 0xbc, 0x92, 0xc4, 0x72, 0xbc, 0x72, 0xbc, 0x71, 0xbc,
    0x51, 0xb4, 0x72, 0xbc, 0x72, 0xb4, 0x71, 0xbc, 0x72, 0xb4, 0x71, 0xb4,
    0x72, 0xbc, 0x72, 0xbc, 0x91, 0xbc, 0xb2, 0xc4, 0xb2, 0xcc, 0xb2, 0xcc,
    0xf2, 0xd4, 0xf2, 0xdc, 0xf2, 0xdc, 0xf2, 0xdc, 0xd2, 0xdc, 0xb2, 0xd4,
    0xd2, 0xdc, 0xd2, 0xd4, 0xd2, 0xd4, 0xd2, 0xd4, 0xd2, 0xd4, 0xd2, 0xd4,
    0xd2, 0xd4, 0xb1, 0xd4, 0xd2, 0xd4, 0xb1, 0xcc, 0xb2, 0xd4, 0xd2, 0xd4,
    0x71, 0xcc, 0x71, 0xc4, 0x51, 0xc4, 0x70, 0xcc, 0x71, 0xc4, 0xf1, 0xdc,
    0x11, 0xed, 0xd0, 0xec, 0xd0, 0xec, 0xaf, 0xec, 0xaf, 0xec, 0xcf, 0xec,
    0xaf, 0xec, 0xcf, 0xec, 0xcf, 0xec, 0xd0, 0xe4, 0xf0, 0xe4, 0xf1, 0xe4,
    0x11, 0xed, 0x31, 0xed, 0x10, 0xed, 0x30, 0xed, 0x10, 0xed, 0xcf, 0xec,
    0xcf, 0xec, 0xcf, 0xec, 0xcf, 0xec, 0xd0, 0xec, 0xd0, 0xec, 0xcf, 0xec,
    0xd0, 0xec, 0xd0, 0xe4, 0xd0, 0xd4, 0x32, 0xad, 0x32, 0xb5, 0xf1, 0xcc,
    0xf1, 0xd4, 0xf0, 0xd4, 0xd0, 0xd4, 0xd0, 0xdc, 0xd0, 0xdc, 0xd0, 0xdc,
    0xd0, 0xe4, 0xd0, 0xdc, 0xd0, 0xdc, 0xd0, 0xe4, 0xd0, 0xe4, 0xd0, 0xe4,
    0x12, 0xb5, 0x54, 0x95, 0x74, 0x85, 0x95, 0x7d, 0x75, 0x7d, 0x95, 0x7d,
    0x95, 0x7d, 0x95, 0x7d, 0x95, 0x7d, 0x95, 0x7d, 0x95, 0x75, 0x75, 0x75,
    0x75, 0x7d, 0x75, 0x7d, 0x75, 0x7d, 0x75, 0x7d, 0x75, 0x7d, 0x75, 0x7d,
    0x75, 0x7d, 0x75, 0x7d, 0x75, 0x7d, 0x75, 0x7d, 0x75, 0x75, 0x95, 0x75,
    0x95, 0x7d, 0x75, 0x7d, 0x75, 0x75, 0x75, 0x7d, 0x75, 0x7d, 0x75, 0x7d,
    0x75, 0x7d, 0x75, 0x7d, 0x54, 0x7d, 0x74, 0x7d, 0x55, 0x85, 0x74, 0x85,
    0x54, 0x7d, 0x74, 0x85, 0x54, 0x85, 0x55, 0x7d, 0x54, 0x85, 0x55, 0x7d,
    0x54, 0x7d, 0x55, 0x7d, 0x33, 0xa5, 0xf1, 0xd4, 0xd0, 0xd4, 0xd0, 0xd4,
    0xf1, 0xe4, 0xf0, 0xe4, 0xf1, 0xe4, 0xf1, 0xe4, 0xf0, 0xe4, 0x8f, 0xdc,
    0x70, 0xc4, 0x50, 0xbc, 0x70, 0xc4, 0x4f, 0xc4, 0x70, 0xc4, 0x70, 0xbc,
    0x70, 0xbc, 0x70, 0xbc, 0x70, 0xbc, 0x70, 0xbc, 0x70, 0xbc, 0x70, 0xc4,
    0x70, 0xcc, 0x90, 0xd4, 0x90, 0xdc, 0x8f, 0xdc, 0x90, 0xdc, 0x90, 0xdc,
    0x6f, 0xdc, 0x70, 0xdc, 0x6f, 0xdc, 0x4f, 0xdc, 0x4f, 0xd4, 0x4f, 0xdc,
    0x4f, 0xd4, 0x2f, 0xd4, 0x2f, 0xd4, 0x4f, 0xdc, 0x4f, 0xe4, 0x4e, 0xe4,
    0x4e, 0xe4, 0x4e, 0xe4, 0x4f, 0xe4, 0x4e, 0xe4, 0x4e, 0xe4, 0x4e, 0xe4,
    0x4f, 0xe4, 0x4e, 0xe4, 0x4e, 0xe4, 0x4e, 0xe4, 0x4e, 0xe4, 0x4e, 0xe4,
    0x4e, 0xe4, 0x4e, 0xe4, 0x4e, 0xe4, 0x4d, 0xe4, 0x4e, 0xe4, 0x4e, 0xe4,
    0x4e, 0xec, 0x6e, 0xec, 0x6e, 0xec, 0x6e, 0xec, 0x6e, 0xe4, 0x6e, 0xec,
    0x6e, 0xe4, 0x4e, 0xe4, 0x6e, 0xec, 0x4d, 0xe4, 0x4e, 0xec, 0x4e, 0xe4,
    0x4e, 0xdc, 0x0e, 0xd4, 0x0e, 0xd4, 0x0e, 0xd4, 0x0f, 0xd4, 0x0f, 0xd4,
    0x2f, 0xd4, 0x2f, 0xd4, 0x0f, 0xd4, 0xee, 0xcb, 0xee, 0xcb, 0xee, 0xcb,
    0xee, 0xcb, 0xee, 0xcb, 0x0e, 0xd4, 0x0e, 0xd4, 0xee, 0xd3, 0x0e, 0xd4,
    0xee, 0xcb, 0xef, 0xcb, 0xee, 0xcb, 0xce, 0xcb, 0xef, 0xcb, 0xef, 0xcb,
    0xee, 0xcb, 0xee, 0xd3, 0xee, 0xd3, 0xce, 0xd3, 0xce, 0xd3, 0xad, 0xd3,
    0xad, 0xd3, 0x8d, 0xd3, 0x8d, 0xd3, 0xae, 0xd3, 0xae, 0xcb, 0x8e, 0xcb,
    0xae, 0xcb, 0xaf, 0xbb, 0xb0, 0xb3, 0xb0, 0xb3, 0xd0, 0xab, 0xd1, 0xab,
    0xd1, 0xa3, 0xb1, 0xa3, 0xb1, 0xa3, 0xd1, 0x9b, 0xb1, 0x9b, 0xb1, 0xa3,
    0xd1, 0x9b, 0xb2, 0x9b, 0xb1, 0xa3, 0xb1, 0x9b, 0xb0, 0xab, 0xd0, 0xab,
    0xb0, 0xb3, 0xaf, 0xbb, 0xaf, 0xb3, 0xd0, 0xb3, 0xd0, 0xb3, 0xcf, 0xb3,
    0xd0, 0xab, 0xb0, 0xb3, 0xd0, 0xb3, 0xd0, 0xb3, 0xd0, 0xab, 0xd0, 0xab,
    0xd0, 0xb3, 0xd0, 0xb3, 0xd1, 0xb3, 0xf0, 0xb3, 0xf0, 0xb3, 0xf0, 0xbb,
    0xf0, 0xbb, 0x10, 0xbc, 0x0f, 0xc4, 0x0f, 0xc4, 0x10, 0xc4, 0x2f, 0xcc,
    0x2f, 0xc4, 0x10, 0xbc, 0x10, 0xbc, 0x30, 0xbc, 0x30, 0xb4, 0x50, 0xac,
    0x50, 0xb4, 0x50, 0xac, 0x50, 0xac, 0x71, 0xac, 0x70, 0xac, 0x70, 0xac,
    0xb1, 0x9c, 0x54, 0x7d, 0x75, 0x75, 0x55, 0x75, 0x55, 0x75, 0x75, 0x75,
    0x55, 0x75, 0x55, 0x75, 0x55, 0x75, 0x74, 0x75, 0x55, 0x75, 0x75, 0x7d,
    0x75, 0x75, 0x75, 0x75, 0x75, 0x75, 0x55, 0x75, 0x75, 0x75, 0x55, 0x7d,
    0x14, 0x8d, 0xb3, 0x9c, 0x92, 0x9c, 0x92, 0xa4, 0x92, 0xa4, 0x72, 0xa4,
    0x73, 0xa4, 0x73, 0xa4, 0x72, 0xa4, 0x72, 0xa4, 0x73, 0xa4, 0x72, 0xa4,
    0x72, 0xa4, 0x72, 0xac, 0x52, 0xac, 0x72, 0xac, 0x92, 0xc4, 0x92, 0xc4,
    0x71, 0xbc, 0x72, 0xbc, 0x72, 0xbc, 0x71, 0xb4, 0x52, 0xbc, 0x52, 0xb4,
    0x71, 0xbc, 0x72, 0xbc, 0x92, 0xbc, 0x92, 0xbc, 0x92, 0xc4, 0xb2, 0xcc,
    0xb2, 0xcc, 0xb2, 0xcc, 0xd2, 0xcc, 0xd2, 0xcc, 0xd2, 0xd4, 0x12, 0xdd,
    0x12, 0xdd, 0xd2, 0xd4, 0xd2, 0xd4, 0xb2, 0xdc, 0xd2, 0xdc, 0xd2, 0xd4,
    0xd2, 0xdc, 0xd2, 0xd4, 0xd2, 0xd4, 0xb1, 0xd4, 0xb1, 0xcc, 0x91, 0xcc,
    0x91, 0xcc, 0x91, 0xcc, 0x71, 0xc4, 0x70, 0xcc, 0x71, 0xcc, 0x70, 0xcc,
    0x91, 0xcc, 0x32, 0xed, 0x52, 0xed, 0x11, 0xed, 0xf0, 0xec, 0xcf, 0xec,
    0xcf, 0xec, 0xaf, 0xec, 0xcf, 0xec, 0xaf, 0xec, 0xcf, 0xec, 0xcf, 0xec,
    0xd0, 0xe4, 0x11, 0xed, 0x11, 0xed, 0x31, 0xed, 0x31, 0xed, 0x31, 0xed,
    0x31, 0xed, 0xf0, 0xec, 0xcf, 0xec, 0xd0, 0xec, 0xf0, 0xec, 0xf0, 0xec,
    0xef, 0xec, 0xf0, 0xec, 0xd0, 0xec, 0xd0, 0xdc, 0x33, 0xa5, 0x54, 0x9d,
    0x33, 0xa5, 0x12, 0xbd, 0x12, 0xc5, 0x11, 0xc5, 0xf0, 0xd4, 0xf0, 0xdc,
    0xd0, 0xdc, 0xd0, 0xe4, 0xd0, 0xdc, 0xd0, 0xdc, 0xd0, 0xdc, 0xd0, 0xe4,
    0xd0, 0xdc, 0x32, 0xad, 0x54, 0x95, 0x74, 0x85, 0x75, 0x7d, 0x75, 0x7d,
    0x75, 0x7d, 0x75, 0x7d, 0x75, 0x7d, 0x75, 0x7d, 0x75, 0x7d, 0x75, 0x7d,
    0x75, 0x7d, 0x75, 0x7d, 0x75, 0x75, 0x95, 0x7d, 0x75, 0x75, 0x75, 0x75,
    0x95, 0x7d, 0x75, 0x75, 0x75, 0x75, 0x95, 0x7d, 0x75, 0x75, 0x75, 0x7d,
    0x75, 0x7d, 0x75, 0x7d, 0x75, 0x7d, 0x75, 0x75, 0x95, 0x75, 0x95, 0x7d,
    0x95, 0x75, 0x75, 0x7d, 0x75, 0x7d, 0x75, 0x7d, 0x75, 0x85, 0x74, 0x85,
    0x55, 0x7d, 0x75, 0x7d, 0x75, 0x85, 0x75, 0x85, 0x54, 0x85, 0x54, 0x85,
    0x74, 0x85, 0x55, 0x85, 0x54, 0x85, 0x74, 0x85, 0x33, 0x9d, 0xf1, 0xd4,
    0xd0, 0xd4, 0xd1, 0xd4, 0xf1, 0xe4, 0x11, 0xe5, 0xf0, 0xe4, 0xf1, 0xe4,
    0xd0, 0xe4, 0x8f, 0xcc, 0x70, 0xbc, 0x4f, 0xbc, 0x4f, 0xbc, 0x70, 0xbc,
    0x70, 0xbc, 0x70, 0xbc, 0x70, 0xbc, 0x71, 0xbc, 0x70, 0xbc, 0x90, 0xcc,
    0x90, 0xd4, 0xb0, 0xe4, 0xaf, 0xe4, 0xb0, 0xe4, 0x90, 0xe4, 0x8f, 0xdc,
    0x70, 0xdc, 0x6f, 0xdc, 0x6f, 0xdc, 0x70, 0xdc, 0x6f, 0xdc, 0x4f, 0xdc,
    0x4f, 0xd4, 0x4f, 0xd4, 0x4f, 0xdc, 0x4f, 0xdc, 0x4e, 0xdc, 0x4e, 0xe4,
    0x6f, 0xe4, 0x6e, 0xe4, 0x6e, 0xe4, 0x6e, 0xe4, 0x6e, 0xe4, 0x6e, 0xe4,
    0x6f, 0xe4, 0x6e, 0xe4, 0x6e, 0xe4, 0x6f, 0xe4, 0x6e, 0xe4, 0x4e, 0xe4,
    0x6e, 0xe4, 0x4e, 0xe4, 0x4e, 0xe4, 0x6e, 0xec, 0x4e, 0xe4, 0x4e, 0xec,
    0x4e, 0xec, 0x6e, 0xe4, 0x6e, 0xec, 0x6e, 0xec, 0x6e, 0xe4, 0x6e, 0xe4,
    0x4e, 0xec, 0x6e, 0xec, 0x6d, 0xec, 0x4e, 0xec, 0x4e, 0xe4, 0x4e, 0xe4,
    0x6e, 0xe4, 0x4e, 0xe4, 0x2f, 0xd4, 0x0f, 0xd4, 0xee, 0xcb, 0x0f, 0xd4,
    0x2f, 0xd4, 0x0f, 0xd4, 0x2f, 0xd4, 0x2f, 0xd4, 0x0f, 0xd4, 0xee, 0xcb,
    0xef, 0xcb, 0x0e, 0xd4, 0xef, 0xcb, 0xee, 0xcb, 0xee, 0xcb, 0xee, 0xcb,
    0xee, 0xd3, 0xee, 0xd3, 0xef, 0xd3, 0xee, 0xcb, 0xee, 0xcb, 0xee, 0xcb,
    0xef, 0xcb, 0xee, 0xcb, 0xee, 0xd3, 0xee, 0xdb, 0xee, 0xdb, 0xed, 0xdb,
    0xcd, 0xd3, 0xad, 0xdb, 0xad, 0xd3, 0xad, 0xd3, 0x8d, 0xd3, 0x8d, 0xd3,
    0x8d, 0xd3, 0xae, 0xd3, 0x8e, 0xcb, 0xae, 0xcb, 0xaf, 0xbb, 0xb0, 0xb3,
    0xd1, 0xab, 0xd1, 0xab, 0xd1, 0xab, 0xb1, 0xa3, 0xd1, 0xa3, 0xb1, 0xa3,
    0xb2, 0xa3, 0xb2, 0x9b, 0xb1, 0x9b, 0xb2, 0xa3, 0xb1, 0x9b, 0xb1, 0xa3,
    0xd0, 0xab, 0xb0, 0xab, 0xb0, 0xb3, 0xaf, 0xbb, 0xaf, 0xb3, 0xb0, 0xb3,
    0xb0, 0xb3, 0xcf, 0xb3, 0xd0, 0xb3, 0xd0, 0xb3, 0xb0, 0xb3, 0xd0, 0xb3,
    0xd0, 0xb3, 0xd1, 0xb3, 0xd0, 0xb3, 0xf0, 0xb3, 0xf0, 0xb3, 0xf0, 0xb3,
    0xf0, 0xbb, 0xf0, 0xbb, 0x10, 0xbc, 0x10, 0xbc, 0x10, 0xc4, 0x10, 0xc4,
    0x0f, 0xc4, 0x2f, 0xcc, 0x0f, 0xc4, 0x30, 0xbc, 0x10, 0xbc, 0x10, 0xbc,
    0x30, 0xbc, 0x50, 0xac, 0x50, 0xb4, 0x70, 0xac, 0x90, 0xa4, 0xb1, 0x9c,
    0xf2, 0x8c, 0xf3, 0x8c, 0x13, 0x85, 0x75, 0x6d, 0x75, 0x6d, 0x75, 0x6d,
    0x75, 0x75, 0x55, 0x75, 0x75, 0x75, 0x54, 0x7d, 0x75, 0x75, 0x75, 0x7d,
    0x55, 0x75, 0x74, 0x75, 0x75, 0x75, 0x75, 0x75, 0x75, 0x75, 0x75, 0x75,
    0x75, 0x7d, 0x75, 0x75, 0x55, 0x7d, 0x14, 0x85, 0xb3, 0x9c, 0x92, 0x9c,
    0x92, 0x9c, 0x92, 0xa4, 0x72, 0xa4, 0x72, 0x9c, 0x73, 0x9c, 0x53, 0xa4,
    0x73, 0xa4, 0x72, 0xa4, 0x72, 0xa4, 0x72, 0xac, 0x72, 0xa4, 0xb3, 0x9c,
    0x93, 0xa4, 0x92, 0xbc, 0x92, 0xc4, 0x92, 0xc4, 0x72, 0xbc, 0x72, 0xbc,
    0x72, 0xbc, 0x71, 0xbc, 0x72, 0xbc, 0x72, 0xbc, 0x72, 0xbc, 0x92, 0xbc,
    0x92, 0xc4, 0xb2, 0xcc, 0xb2, 0xcc, 0x92, 0xc4, 0x92, 0xc4, 0x92, 0xc4,
    0x92, 0xc4, 0xb3, 0xbc, 0xd3, 0xcc, 0x32, 0xe5, 0x12, 0xdd, 0x12, 0xdd,
    0xf2, 0xdc, 0xd2, 0xd4, 0xd1, 0xdc, 0xd2, 0xd4, 0xd2, 0xd4, 0x91, 0xcc,
    0x91, 0xcc, 0x91, 0xcc, 0x91, 0xcc, 0x91, 0xcc, 0x91, 0xcc, 0x71, 0xcc,
    0x91, 0xcc, 0xd1, 0xdc, 0x32, 0xe5, 0x52, 0xe5, 0x52, 0xed, 0x52, 0xf5,
    0x10, 0xed, 0xf0, 0xec, 0xd0, 0xec, 0xcf, 0xec, 0xcf, 0xec, 0xf0, 0xec,
    0xf0, 0xec, 0xcf, 0xec, 0xcf, 0xec, 0x10, 0xed, 0x31, 0xed, 0x31, 0xed,
    0x31, 0xed, 0x31, 0xed, 0x31, 0xed, 0x31, 0xed, 0xef, 0xec, 0xf0, 0xec,
    0xf0, 0xec, 0xf0, 0xec, 0xf0, 0xec, 0xef, 0xec, 0xd0, 0xec, 0xf0, 0xd4,
    0x74, 0x8d, 0x75, 0x85, 0x33, 0x9d, 0x53, 0x9d, 0x53, 0xa5, 0x33, 0xa5,
    0x32, 0xb5, 0xf1, 0xd4, 0xf0, 0xd4, 0xf0, 0xdc, 0xf0, 0xdc, 0xf0, 0xdc,
    0xf0, 0xdc, 0xf0, 0xd4, 0x33, 0xa5, 0x74, 0x8d, 0x75, 0x7d, 0x75, 0x7d,
    0x75, 0x7d, 0x75, 0x7d, 0x75, 0x7d, 0x75, 0x7d, 0x75, 0x7d, 0x75, 0x75,
    0x75, 0x75, 0x75, 0x7d, 0x95, 0x7d, 0x95, 0x7d, 0x95, 0x7d, 0x95, 0x7d,
    0x95, 0x7d, 0x95, 0x7d, 0x95, 0x7d, 0x95, 0x7d, 0x95, 0x7d, 0x75, 0x7d,
    0x75, 0x7d, 0x95, 0x7d, 0x95, 0x7d, 0x75, 0x7d, 0x75, 0x7d, 0x75, 0x7d,
    0x75, 0x7d, 0x75, 0x7d, 0x75, 0x7d, 0x95, 0x75, 0x95, 0x7d, 0x75, 0x7d,
    0x75, 0x7d, 0x75, 0x7d, 0x75, 0x7d, 0x75, 0x7d, 0x75, 0x7d, 0x74, 0x7d,
    0x74, 0x85, 0x55, 0x85, 0x74, 0x85, 0x74, 0x85, 0x55, 0x85, 0x54, 0x85,
    0x33, 0x95, 0xf1, 0xcc, 0xd0, 0xd4, 0xd0, 0xd4, 0xf1, 0xe4, 0x11, 0xe5,
    0xf0, 0xe4, 0xf1, 0xe4, 0xd0, 0xe4, 0x6f, 0xcc, 0x50, 0xbc, 0x50, 0xbc,
    0x70, 0xbc, 0x70, 0xbc, 0x70, 0xb4, 0x70, 0xbc, 0x70, 0xbc, 0x90, 0xc4,
    0x90, 0xd4, 0xb0, 0xdc, 0xb0, 0xe4, 0xb0, 0xe4, 0xb0, 0xe4, 0xaf, 0xe4,
    0x8f, 0xe4, 0x70, 0xdc, 0x6f, 0xdc, 0x4f, 0xdc, 0x4f, 0xdc, 0x50, 0xdc,
    0x4f, 0xdc, 0x50, 0xd4, 0x50, 0xdc, 0x4f, 0xdc, 0x4f, 0xd4, 0x4f, 0xdc,
    0x6f, 0xe4, 0x4e, 0xdc, 0x6e, 0xe4, 0x6e, 0xe4, 0x6f, 0xdc, 0x6f, 0xe4,
    0x6e, 0xe4, 0x6f, 0xdc, 0x6f, 0xdc, 0x6f, 0xe4, 0x6e, 0xe4, 0x6e, 0xe4,
    0x6e, 0xe4, 0x6e, 0xe4, 0x6e, 0xe4, 0x6e, 0xe4, 0x6e, 0xec, 0x6e, 0xec,
    0x6e, 0xe4, 0x6e, 0xec, 0x6e, 0xec, 0x6e, 0xec, 0x6d, 0xec, 0x6e, 0xec,
    0x6e, 0xe4, 0x6e, 0xec, 0x6e, 0xec, 0x6e, 0xe4, 0x4e, 0xdc, 0x4f, 0xdc,
    0x4f, 0xd4, 0x4f, 0xd4, 0x4f, 0xdc, 0x4f, 0xdc, 0x2f, 0xd4, 0x0f, 0xcc,
    0x0f, 0xd4, 0x0f, 0xd4, 0x0f, 0xd4, 0x2f, 0xd4, 0x2f, 0xd4, 0x2f, 0xd4,
    0x0e, 0xd4, 0xee, 0xd3, 0xef, 0xd3, 0xef, 0xd3, 0x0e, 0xcc, 0xef, 0xd3,
    0xee, 0xcb, 0x0f, 0xd4, 0xee, 0xcb, 0xee, 0xcb, 0xee, 0xd3, 0xee, 0xd3,
    0xee, 0xcb, 0xef, 0xd3, 0x0e, 0xcc, 0xee, 0xcb, 0x0e, 0xdc, 0x0e, 0xdc,
    0xee, 0xdb, 0xad, 0xdb, 0xad, 0xdb, 0xad, 0xdb, 0x8d, 0xdb, 0xad, 0xdb,
    0x8d, 0xdb, 0x8d, 0xd3, 0xad, 0xd3, 0x8e, 0xcb, 0x8e, 0xcb, 0xae, 0xcb,
    0xaf, 0xc3, 0xd0, 0xb3, 0xb0, 0xab, 0xd1, 0xab, 0xd1, 0xab, 0xd1, 0xa3,
    0xb1, 0xa3, 0xd1, 0xa3, 0xd1, 0xa3, 0xb1, 0x9b, 0xb2, 0x9b, 0xb1, 0xa3,
    0xb1, 0x9b, 0xb1, 0x9b, 0xb0, 0xab, 0xd0, 0xab, 0xb0, 0xb3, 0xaf, 0xbb,
    0xaf, 0xb3, 0xb0, 0xb3, 0xb0, 0xb3, 0xb0, 0xb3, 0xd0, 0xb3, 0xd0, 0xb3,
    0xd0, 0xb3, 0xd0, 0xb3, 0xd0, 0xb3, 0xd0, 0xb3, 0xf1, 0xb3, 0xf0, 0xb3,
    0xf0, 0xb3, 0xf0, 0xb3, 0xf0, 0xbb, 0xf0, 0xbb, 0x10, 0xbc, 0x10, 0xc4,
    0x10, 0xc4, 0x0f, 0xc4, 0x2f, 0xc4, 0x2f, 0xcc, 0x10, 0xc4, 0x10, 0xbc,
    0x10, 0xbc, 0x10, 0xbc, 0x10, 0xbc, 0x30, 0xbc, 0x50, 0xac, 0x70, 0xac,
    0x90, 0xa4, 0x34, 0x7d, 0x55, 0x75, 0x14, 0x85, 0x34, 0x7d, 0x75, 0x6d,
    0x75, 0x75, 0x75, 0x6d, 0x75, 0x75, 0x55, 0x75, 0x75, 0x75, 0x75, 0x75,
    0x55, 0x75, 0x75, 0x75, 0x75, 0x75, 0x75, 0x75, 0x75, 0x75, 0x75, 0x75,
    0x75, 0x75, 0x75, 0x75, 0x75, 0x75, 0x75, 0x75, 0x75, 0x75, 0x55, 0x75,
    0x34, 0x85, 0xf3, 0x94, 0xb3, 0x9c, 0x93, 0x9c, 0x72, 0xa4, 0x72, 0x9c,
    0x73, 0x9c, 0x73, 0x9c, 0x93, 0x9c, 0x93, 0x9c, 0xb3, 0x9c, 0xd3, 0x94,
    0xd3, 0x94, 0xb3, 0x9c, 0xd3, 0x8c, 0xb3, 0x9c, 0x92, 0xb4, 0x92, 0xc4,
    0x92, 0xc4, 0x92, 0xc4, 0x92, 0xc4, 0x92, 0xbc, 0x92, 0xbc, 0x92, 0xbc,
    0x92, 0xc4, 0x92, 0xc4, 0x92, 0xc4, 0x92, 0xc4, 0x92, 0xc4, 0x92, 0xc4,
    0x72, 0xc4, 0x92, 0xc4, 0x92, 0xbc, 0xb3, 0xbc, 0xb2, 0xc4, 0x12, 0xdd,
    0x33, 0xe5, 0x32, 0xe5, 0x32, 0xdd, 0x12, 0xdd, 0xf2, 0xd4, 0xf2, 0xdc,
    0xd2, 0xd4, 0xb1, 0xd4, 0xb2, 0xcc, 0xb2, 0xd4, 0xb1, 0xd4, 0xb1, 0xd4,
    0xf2, 0xd4, 0x32, 0xe5, 0x52, 0xe5, 0x32, 0xe5, 0x32, 0xe5, 0x52, 0xed,
    0x52, 0xed, 0x72, 0xed, 0x51, 0xf5, 0x11, 0xed, 0xf0, 0xec, 0xd0, 0xec,
    0xcf, 0xec, 0xd0, 0xec, 0x52, 0xed, 0x52, 0xf5, 0x10, 0xed, 0xf0, 0xec,
    0x31, 0xed, 0x51, 0xed, 0x51, 0xed, 0x51, 0xf5, 0x51, 0xf5, 0x31, 0xf5,
    0x31, 0xed, 0xf0, 0xec, 0xf0, 0xec, 0xf0, 0xec, 0xf0, 0xec, 0xf0, 0xec,
    0xd0, 0xe4, 0x32, 0xb5, 0x33, 0x9d, 0x54, 0x95, 0x54, 0x9d, 0x54, 0x9d,
    0x53, 0x9d, 0x54, 0x9d, 0x33, 0x9d, 0x12, 0xbd, 0x11, 0xcd, 0xf1, 0xcc,
    0xf1, 0xd4, 0xf0, 0xdc, 0xf1, 0xd4, 0x33, 0xad, 0x74, 0x85, 0x75, 0x85,
    0x75, 0x85, 0x75, 0x7d, 0x75, 0x7d, 0x95, 0x7d, 0x95, 0x7d, 0x95, 0x7d,
    0x95, 0x7d, 0x95, 0x7d, 0x95, 0x7d, 0x75, 0x7d, 0x75, 0x7d, 0x75, 0x7d,
    0x75, 0x7d, 0x75, 0x7d, 0x75, 0x7d, 0x75, 0x7d, 0x75, 0x7d, 0x75, 0x7d,
    0x95, 0x7d, 0x75, 0x7d, 0x95, 0x7d, 0x95, 0x7d, 0x95, 0x75, 0x95, 0x75,
    0x95, 0x7d, 0x75, 0x7d, 0x75, 0x7d, 0x75, 0x7d, 0x75, 0x7d, 0x75, 0x7d,
    0x95, 0x75, 0x75, 0x7d, 0x95, 0x7d, 0x75, 0x7d, 0x75, 0x7d, 0x75, 0x7d,
    0x75, 0x7d, 0x74, 0x7d, 0x75, 0x85, 0x55, 0x85, 0x55, 0x7d, 0x74, 0x85,
    0x74, 0x85, 0x55, 0x85, 0x54, 0x8d, 0xf1, 0xcc, 0xd0, 0xd4, 0xd0, 0xdc,
    0xf1, 0xe4, 0xf1, 0xe4, 0xf0, 0xe4, 0xf1, 0xe4, 0xd0, 0xdc, 0x70, 0xc4,
    0x4f, 0xbc, 0x70, 0xbc, 0x70, 0xbc, 0x70, 0xbc, 0x70, 0xb4, 0x90, 0xbc,
    0x90, 0xc4, 0xb0, 0xd4, 0xb0, 0xdc, 0xd0, 0xe4, 0xb0, 0xe4, 0xb0, 0xe4,
    0xd0, 0xe4, 0xd0, 0xe4, 0xaf, 0xe4, 0x8f, 0xe4, 0x70, 0xdc, 0x6f, 0xdc,
    0x50, 0xd4, 0x4f, 0xdc, 0x4f, 0xd4, 0x6f, 0xdc, 0x70, 0xdc, 0x4f, 0xd4,
    0x4f, 0xd4, 0x2f, 0xd4, 0x4f, 0xd4, 0x4f, 0xd4, 0x4f, 0xd4, 0x4f, 0xe4,
    0x6e, 0xdc, 0x4e, 0xdc, 0x4f, 0xe4, 0x6e, 0xe4, 0x6e, 0xe4, 0x6e, 0xe4,
    0x6f, 0xe4, 0x4f, 0xe4, 0x6e, 0xe4, 0x6e, 0xe4, 0x6e, 0xe4, 0x6e, 0xec,
    0x8e, 0xec, 0x6e, 0xe4, 0x6e, 0xe4, 0x6e, 0xec, 0x6e, 0xec, 0x6e, 0xe4,
    0x6e, 0xec, 0x6e, 0xec, 0x6e, 0xec, 0x6e, 0xe4, 0x6e, 0xe4, 0x4f, 0xdc,
    0x4f, 0xd4, 0x4f, 0xdc, 0x4f, 0xd4, 0x4f, 0xd4, 0x2f, 0xd4, 0x2f, 0xd4,
    0x2f, 0xd4, 0x2f, 0xd4, 0x2f, 0xd4, 0x0e, 0xd4, 0x2f, 0xd4, 0x0e, 0xd4,
    0x0f, 0xd4, 0x0f, 0xd4, 0x0e, 0xd4, 0xef, 0xcb, 0xee, 0xcb, 0xee, 0xcb,
    0xee, 0xcb, 0xef, 0xd3, 0xee, 0xcb, 0xee, 0xd3, 0x0f, 0xd4, 0xee, 0xcb,
    0xee, 0xd3, 0xee, 0xd3, 0xef, 0xcb, 0xee, 0xd3, 0xee, 0xd3, 0x0e, 0xcc,
    0x0e, 0xdc, 0x0d, 0xdc, 0xcd, 0xdb, 0xad, 0xdb, 0x8d, 0xdb, 0x8d, 0xdb,
    0x8d, 0xdb, 0x8d, 0xdb, 0x8d, 0xdb, 0x8d, 0xd3, 0x8d, 0xd3, 0xad, 0xd3,
    0xae, 0xcb, 0x8e, 0xcb, 0xae, 0xcb, 0xaf, 0xbb, 0xb0, 0xb3, 0xd0, 0xab,
    0xd1, 0xab, 0xd1, 0xa3, 0xd1, 0xa3, 0xb1, 0xa3, 0xd1, 0xa3, 0xd2, 0x9b,
    0xd2, 0xa3, 0xb2, 0x9b, 0xb1, 0x9b, 0xb1, 0xa3, 0xd0, 0xab, 0xd0, 0xab,
    0xb0, 0xb3, 0xaf, 0xbb, 0xaf, 0xbb, 0xd0, 0xb3, 0xcf, 0xb3, 0xd0, 0xb3,
    0xd0, 0xb3, 0xd0, 0xb3, 0xd0, 0xb3, 0xd0, 0xab, 0xf0, 0xb3, 0xd0, 0xb3,
    0xd0, 0xb3, 0xf0, 0xb3, 0xf1, 0xb3, 0xd0, 0xbb, 0xf0, 0xbb, 0xf0, 0xbb,
    0x10, 0xbc, 0x10, 0xc4, 0x0f, 0xc4, 0x10, 0xc4, 0x2f, 0xc4, 0x0f, 0xcc,
    0x10, 0xc4, 0x10, 0xbc, 0x10, 0xbc, 0x11, 0xbc, 0x11, 0xb4, 0x30, 0xbc,
    0x30, 0xac, 0x50, 0xac, 0x70, 0xac, 0xf3, 0x8c, 0x75, 0x6d, 0x75, 0x6d,
    0x75, 0x6d, 0x75, 0x6d, 0x75, 0x75, 0x75, 0x75, 0x75, 0x75, 0x55, 0x75,
    0x55, 0x75, 0x75, 0x75, 0x75, 0x75, 0x75, 0x75, 0x75, 0x75, 0x75, 0x75,
    0x75, 0x75, 0x75, 0x75, 0x75, 0x75, 0x75, 0x75, 0x55, 0x75, 0x55, 0x75,
    0x55, 0x75, 0x75, 0x75, 0x55, 0x75, 0x55, 0x7d, 0x55, 0x7d, 0x14, 0x85,
    0xf4, 0x8c, 0xd4, 0x8c, 0xd3, 0x94, 0xd3, 0x94, 0x14, 0x85, 0x14, 0x85,
    0x14, 0x8d, 0xf4, 0x8c, 0xd4, 0x94, 0xd3, 0x9c, 0xb3, 0x9c, 0xb4, 0x94,
    0x73, 0xa4, 0x72, 0xac, 0x72, 0xbc, 0x92, 0xc4, 0x92, 0xc4, 0x92, 0xc4,
    0x92, 0xc4, 0x72, 0xbc, 0x52, 0xbc, 0x51, 0xbc, 0x52, 0xbc, 0x52, 0xbc,
    0x71, 0xc4, 0x71, 0xc4, 0x72, 0xc4, 0x92, 0xc4, 0xb2, 0xc4, 0xb3, 0xbc,
    0xb3, 0xc4, 0x12, 0xdd, 0x33, 0xe5, 0x33, 0xe5, 0x33, 0xe5, 0x33, 0xe5,
    0x52, 0xe5, 0x53, 0xe5, 0x53, 0xe5, 0x32, 0xdd, 0x12, 0xdd, 0x12, 0xdd,
    0x33, 0xe5, 0x33, 0xe5, 0x53, 0xe5, 0x53, 0xe5, 0x53, 0xed, 0x52, 0xe5,
    0x32, 0xe5, 0x33, 0xed, 0x52, 0xed, 0x52, 0xed, 0x52, 0xf5, 0x51, 0xf5,
    0xf0, 0xec, 0xd0, 0xec, 0xcf, 0xec, 0xcf, 0xec, 0x10, 0xed, 0x72, 0xed,
    0x72, 0xf5, 0x52, 0xf5, 0x31, 0xf5, 0x51, 0xf5, 0x52, 0xf5, 0x51, 0xed,
    0x51, 0xf5, 0x51, 0xf5, 0x51, 0xf5, 0xef, 0xec, 0xef, 0xec, 0xf0, 0xec,
    0xf0, 0xec, 0xf0, 0xec, 0xf1, 0xdc, 0x33, 0xad, 0x53, 0x9d, 0x53, 0x95,
    0x54, 0x95, 0x53, 0x95, 0x54, 0x95, 0x54, 0x95, 0x54, 0x9d, 0x33, 0x9d,
    0x33, 0xad, 0x12, 0xbd, 0xf1, 0xcc, 0xf0, 0xd4, 0xf1, 0xd4, 0x32, 0xb5,
    0x75, 0x85, 0x75, 0x85, 0x75, 0x7d, 0x95, 0x7d, 0x95, 0x7d, 0x75, 0x7d,
    0x95, 0x7d, 0x75, 0x7d, 0x75, 0x7d, 0x95, 0x7d, 0x75, 0x7d, 0x95, 0x7d,
    0x75, 0x7d, 0x95, 0x7d, 0x75, 0x7d, 0x75, 0x7d, 0x95, 0x7d, 0x95, 0x7d,
    0x75, 0x75, 0x95, 0x7d, 0x75, 0x7d, 0x75, 0x75, 0x75, 0x7d, 0x75, 0x7d,
    0x75, 0x7d, 0x75, 0x7d, 0x95, 0x7d, 0x95, 0x7d, 0x95, 0x75, 0x75, 0x75,
    0x75, 0x7d, 0x75, 0x7d, 0x75, 0x7d, 0x75, 0x7d, 0x95, 0x7d, 0x95, 0x75,
    0x74, 0x7d, 0x75, 0x7d, 0x95, 0x7d, 0x75, 0x7d, 0x74, 0x85, 0x54, 0x85,
    0x54, 0x85, 0x54, 0x7d, 0x75, 0x85, 0x54, 0x85, 0x54, 0x85, 0x12, 0xc5,
    0xd1, 0xd4, 0xd0, 0xd4, 0xf1, 0xdc, 0xf1, 0xe4, 0xf0, 0xe4, 0xf0, 0xe4,
    0xb0, 0xe4, 0x6f, 0xc4, 0x50, 0xbc, 0x70, 0xbc, 0x70, 0xbc, 0x70, 0xbc,
    0x71, 0xb4, 0x91, 0xbc, 0xb0, 0xdc, 0xd0, 0xe4, 0xd0, 0xe4, 0xaf, 0xe4,
    0xcf, 0xe4, 0xd0, 0xec, 0xd0, 0xe4, 0xaf, 0xe4, 0xb0, 0xe4, 0xaf, 0xe4,
    0x8f, 0xe4, 0x8f, 0xdc, 0x70, 0xdc, 0x4f, 0xdc, 0x4f, 0xd4, 0x4f, 0xd4,
    0x6f, 0xd4, 0x4f, 0xd4, 0x2f, 0xd4, 0x2f, 0xd4, 0x2f, 0xd4, 0x4f, 0xdc,
    0x6f, 0xdc, 0x6f, 0xe4, 0x6e, 0xe4, 0x6f, 0xe4, 0x6e, 0xe4, 0x6e, 0xe4,
    0x6f, 0xe4, 0x6e, 0xe4, 0x6e, 0xe4, 0x6e, 0xe4, 0x6f, 0xe4, 0x6e, 0xe4,
    0x6e, 0xe4, 0x6e, 0xe4, 0x6e, 0xe4, 0x6e, 0xe4, 0x6e, 0xe4, 0x6e, 0xe4,
    0x6e, 0xe4, 0x6e, 0xe4, 0x6e, 0xec, 0x6e, 0xe4, 0x6e, 0xec, 0x6e, 0xec,
    0x4f, 0xdc, 0x4f, 0xd4, 0x50, 0xd4, 0x30, 0xd4, 0x2f, 0xd4, 0x2f, 0xd4,
    0x30, 0xd4, 0x2f, 0xd4, 0x2f, 0xd4, 0x2f, 0xd4, 0x2f, 0xd4, 0x2f, 0xd4,
    0x2f, 0xd4, 0x2f, 0xd4, 0x0f, 0xd4, 0x0e, 0xd4, 0x0f, 0xd4, 0xef, 0xcb,
    0x0e, 0xd4, 0xef, 0xd3, 0xee, 0xcb, 0x0e, 0xcc, 0xee, 0xd3, 0xee, 0xd3,
    0xee, 0xd3, 0x0e, 0xd4, 0xee, 0xd3, 0xee, 0xd3, 0xee, 0xd3, 0x0e, 0xd4,
    0x0e, 0xdc, 0x0e, 0xdc, 0x0e, 0xe4, 0x0e, 0xdc, 0xcc, 0xe3, 0x8c, 0xe3,
    0xac, 0xe3, 0xad, 0xdb, 0x8d, 0xdb, 0x8d, 0xdb, 0xad, 0xdb, 0x8d, 0xdb,
    0x8d, 0xdb, 0xad, 0xd3, 0x8e, 0xd3, 0xae, 0xcb, 0x8e, 0xcb, 0xaf, 0xbb,
    0xd0, 0xb3, 0xb1, 0xab, 0xd1, 0xab, 0xd1, 0xab, 0xd1, 0xa3, 0xb2, 0xa3,
    0xb1, 0xa3, 0xd1, 0xa3, 0xb2, 0x9b, 0xd2, 0xa3, 0xb1, 0xa3, 0xb2, 0x9b,
    0xd0, 0xab, 0xd0, 0xab, 0xb0, 0xb3, 0xaf, 0xbb, 0xaf, 0xbb, 0xb0, 0xb3,
    0xcf, 0xb3, 0xd0, 0xb3, 0xcf, 0xb3, 0xd0, 0xb3, 0xd0, 0xb3, 0xd0, 0xb3,
    0xd0, 0xb3, 0xf0, 0xb3, 0xf0, 0xb3, 0xf0, 0xb3, 0xf0, 0xb3, 0xf0, 0xbb,
    0xf0, 0xbb, 0xf0, 0xbb, 0x10, 0xc4, 0x10, 0xc4, 0x10, 0xc4, 0x2f, 0xc4,
    0x0f, 0xcc, 0x30, 0xcc, 0x10, 0xbc, 0x10, 0xbc, 0x11, 0xbc, 0x11, 0xb4,
    0x11, 0xb4, 0x12, 0xac, 0x12, 0xac, 0x31, 0xac, 0x50, 0xb4, 0x71, 0xa4,
    0x34, 0x7d, 0x75, 0x6d, 0x75, 0x75, 0x55, 0x75, 0x55, 0x75, 0x75, 0x6d,
    0x75, 0x75, 0x75, 0x75, 0x75, 0x75, 0x75, 0x75, 0x75, 0x75, 0x75, 0x75,
    0x75, 0x75, 0x75, 0x7d, 0x75, 0x75, 0x75, 0x75, 0x76, 0x75, 0x75, 0x75,
    0x75, 0x75, 0x75, 0x7d, 0x76, 0x75, 0x75, 0x75, 0x75, 0x75, 0x75, 0x75,
    0x75, 0x75, 0x75, 0x75, 0x75, 0x75, 0x75, 0x7d, 0x75, 0x7d, 0x35, 0x85,
    0x34, 0x85, 0x34, 0x85, 0x14, 0x85, 0x14, 0x8d, 0xf4, 0x94, 0xd3, 0x94,
    0x73, 0xa4, 0xb3, 0x9c, 0xd4, 0x94, 0x93, 0xa4, 0x52, 0xac, 0x52, 0xb4,
    0x52, 0xb4, 0x52, 0xb4, 0x52, 0xb4, 0x52, 0xbc, 0x51, 0xbc, 0x51, 0xbc,
    0x52, 0xbc, 0x52, 0xbc, 0x52, 0xbc, 0x52, 0xbc, 0x72, 0xbc, 0x92, 0xbc,
    0x92, 0xbc, 0xb3, 0xbc, 0xd3, 0xc4, 0x12, 0xd5, 0x32, 0xdd, 0x32, 0xe5,
    0x33, 0xe5, 0x33, 0xe5, 0x32, 0xe5, 0x32, 0xe5, 0x33, 0xe5, 0x33, 0xe5,
    0x33, 0xe5, 0x53, 0xe5, 0x53, 0xed, 0x53, 0xed, 0x53, 0xed, 0x53, 0xe5,
    0x53, 0xed, 0x53, 0xed, 0x32, 0xe5, 0x53, 0xe5, 0x52, 0xed, 0x53, 0xed,
    0x72, 0xf5, 0x52, 0xf5, 0x31, 0xed, 0xf0, 0xec, 0xd0, 0xec, 0xcf, 0xec,
    0xf0, 0xec, 0x72, 0xed, 0x93, 0xed, 0x72, 0xed, 0x72, 0xed, 0x72, 0xed,
    0x51, 0xed, 0x52, 0xed, 0x72, 0xed, 0x51, 0xf5, 0x51, 0xf5, 0x10, 0xf5,
    0xef, 0xec, 0xcf, 0xec, 0xf0, 0xec, 0xf0, 0xe4, 0x11, 0xd5, 0x32, 0xad,
    0x33, 0x9d, 0x54, 0x95, 0x54, 0x95, 0x54, 0x95, 0x54, 0x95, 0x54, 0x95,
    0x53, 0x95, 0x54, 0x9d, 0x53, 0x9d, 0x32, 0xb5, 0xf1, 0xcc, 0xf1, 0xd4,
    0xf0, 0xd4, 0x11, 0xc5, 0x53, 0x9d, 0x74, 0x8d, 0x75, 0x7d, 0x95, 0x7d,
    0x95, 0x85, 0x95, 0x85, 0x95, 0x7d, 0x95, 0x7d, 0x95, 0x7d, 0x95, 0x75,
    0x95, 0x75, 0x95, 0x7d, 0x95, 0x75, 0x95, 0x75, 0x95, 0x7d, 0x75, 0x7d,
    0x95, 0x7d, 0x95, 0x7d, 0x95, 0x7d, 0x75, 0x7d, 0x95, 0x7d, 0x95, 0x7d,
    0x95, 0x7d, 0x75, 0x7d, 0x95, 0x7d, 0x75, 0x7d, 0x75, 0x7d, 0x75, 0x7d,
    0x95, 0x7d, 0x95, 0x7d, 0x95, 0x7d, 0x75, 0x75, 0x75, 0x7d, 0x75, 0x7d,
    0x75, 0x75, 0x75, 0x7d, 0x95, 0x75, 0x95, 0x75, 0x75, 0x7d, 0x74, 0x85,
    0x74, 0x85, 0x74, 0x85, 0x55, 0x85, 0x54, 0x7d, 0x54, 0x85, 0x75, 0x85,
    0x54, 0x85, 0x33, 0xa5, 0xf1, 0xcc, 0xd0, 0xd4, 0xf1, 0xdc, 0x11, 0xe5,
    0x11, 0xe5, 0xf0, 0xdc, 0xd0, 0xe4, 0x90, 0xcc, 0x4f, 0xbc, 0x70, 0xbc,
    0x50, 0xbc, 0x50, 0xbc, 0x90, 0xc4, 0xb0, 0xdc, 0xd0, 0xe4, 0xd0, 0xe4,
    0xb0, 0xe4, 0xd0, 0xec, 0xf0, 0xec, 0x11, 0xed, 0xd0, 0xec, 0xb0, 0xe4,
    0xb0, 0xe4, 0xb0, 0xe4, 0xb0, 0xe4, 0xb0, 0xe4, 0xaf, 0xe4, 0x6f, 0xdc,
    0x50, 0xd4, 0x50, 0xd4, 0x4f, 0xdc, 0x4f, 0xd4, 0x30, 0xd4, 0x4f, 0xd4,
    0x4f, 0xdc, 0x4f, 0xdc, 0x6f, 0xe4, 0x6f, 0xe4, 0x8f, 0xe4, 0xb0, 0xe4,
    0xd0, 0xe4, 0xb0, 0xe4, 0x8f, 0xe4, 0x6f, 0xe4, 0x6e, 0xe4, 0x6e, 0xe4,
    0x6e, 0xe4, 0x6f, 0xe4, 0x6f, 0xe4, 0x4f, 0xdc, 0x4f, 0xdc, 0x6f, 0xdc,
    0x4f, 0xdc, 0x4f, 0xdc, 0x6e, 0xe4, 0x6e, 0xe4, 0x6e, 0xe4, 0x8e, 0xec,
    0x6e, 0xe4, 0x4f, 0xdc, 0x4f, 0xd4, 0x4f, 0xd4, 0x2f, 0xd4, 0x2f, 0xd4,
    0x30, 0xd4, 0x50, 0xd4, 0x2f, 0xd4, 0x2f, 0xd4, 0x2f, 0xd4, 0x2f, 0xdc,
    0x0f, 0xd4, 0x2f, 0xd4, 0x2f, 0xd4, 0x0f, 0xd4, 0x0e, 0xd4, 0x0e, 0xd4,
    0xee, 0xd3, 0x0e, 0xcc, 0xee, 0xd3, 0xee, 0xd3, 0x0e, 0xcc, 0xef, 0xd3,
    0x0e, 0xcc, 0xee, 0xd3, 0xee, 0xd3, 0xee, 0xcb, 0xee, 0xd3, 0xee, 0xd3,
    0xee, 0xd3, 0x0e, 0xdc, 0x0e, 0xdc, 0x2e, 0xe4, 0x0e, 0xe4, 0x0d, 0xe4,
    0x8c, 0xe3, 0x8c, 0xeb, 0x8c, 0xe3, 0x8c, 0xe3, 0x8c, 0xdb, 0x8d, 0xdb,
    0x8d, 0xdb, 0x8d, 0xdb, 0xad, 0xd3, 0x8d, 0xdb, 0x8d, 0xd3, 0xae, 0xcb,
    0xae, 0xcb, 0xaf, 0xc3, 0xb0, 0xb3, 0xd0, 0xab, 0xd1, 0xab, 0xb1, 0xab,
    0xb1, 0xa3, 0xd1, 0xa3, 0xd2, 0xa3, 0xb1, 0x9b, 0xb1, 0xa3, 0xd1, 0x9b,
    0xd1, 0xa3, 0xb2, 0x9b, 0xd0, 0xab, 0xd1, 0xab, 0xb0, 0xab, 0xaf, 0xbb,
    0xaf, 0xbb, 0xaf, 0xb3, 0xd0, 0xb3, 0xd0, 0xb3, 0xb0, 0xb3, 0xd0, 0xb3,
    0xd0, 0xb3, 0xf0, 0xb3, 0xf0, 0xb3, 0xf0, 0xb3, 0xf0, 0xb3, 0xf0, 0xbb,
    0xf0, 0xbb, 0xf0, 0xbb, 0xf0, 0xbb, 0x10, 0xc4, 0x0f, 0xc4, 0x10, 0xbc,
    0x10, 0xc4, 0x2f, 0xc4, 0x2f, 0xcc, 0x30, 0xcc, 0xf0, 0xb3, 0xf1, 0xb3,
    0x11, 0xb4, 0x11, 0xb4, 0x11, 0xac, 0x12, 0xac, 0x12, 0xa4, 0x52, 0x9c,
    0x91, 0xa4, 0xb2, 0x94, 0x14, 0x85, 0x54, 0x7d, 0x35, 0x7d, 0x55, 0x75,
    0x55, 0x75, 0x55, 0x75, 0x55, 0x75, 0x75, 0x75, 0x75, 0x75, 0x75, 0x75,
    0x75, 0x75, 0x75, 0x75, 0x75, 0x75, 0x75, 0x75, 0x95, 0x75, 0x75, 0x75,
    0x75, 0x75, 0x76, 0x75, 0x75, 0x75, 0x75, 0x7d, 0x75, 0x75, 0x75, 0x75,
    0x75, 0x7d, 0x76, 0x7d, 0x75, 0x75, 0x75, 0x75, 0x75, 0x7d, 0x75, 0x75,
    0x75, 0x75, 0x55, 0x7d, 0x55, 0x7d, 0x55, 0x7d, 0x35, 0x85, 0x14, 0x85,
    0xf4, 0x94, 0xb3, 0x9c, 0x92, 0xa4, 0x93, 0xa4, 0xb3, 0x9c, 0x93, 0x9c,
    0x53, 0xa4, 0x52, 0xac, 0x52, 0xb4, 0x52, 0xb4, 0x52, 0xb4, 0x52, 0xb4,
    0x52, 0xb4, 0x52, 0xbc, 0x52, 0xbc, 0x52, 0xbc, 0x52, 0xb4, 0x72, 0xb4,
    0x52, 0xb4, 0x92, 0xbc, 0x92, 0xbc, 0xb3, 0xbc, 0xd3, 0xbc, 0x12, 0xd5,
    0x33, 0xdd, 0x32, 0xe5, 0x53, 0xe5, 0x53, 0xdd, 0x33, 0xdd, 0xb3, 0xc4,
    0xb3, 0xc4, 0xb2, 0xc4, 0xb2, 0xc4, 0xb1, 0xd4, 0x31, 0xe5, 0x52, 0xe5,
    0x52, 0xed, 0x53, 0xe5, 0x53, 0xe5, 0x52, 0xed, 0x32, 0xed, 0x52, 0xed,
    0x52, 0xed, 0x73, 0xed, 0x72, 0xed, 0x52, 0xf5, 0x51, 0xed, 0xf0, 0xec,
    0xf0, 0xec, 0xcf, 0xec, 0xf0, 0xec, 0x72, 0xed, 0x72, 0xed, 0x93, 0xed,
    0x72, 0xf5, 0x72, 0xf5, 0x72, 0xf5, 0x72, 0xed, 0x52, 0xf5, 0x71, 0xf5,
    0x52, 0xed, 0x31, 0xf5, 0xef, 0xf4, 0xcf, 0xec, 0xd0, 0xe4, 0xf1, 0xdc,
    0x32, 0xb5, 0x33, 0xa5, 0x12, 0xbd, 0x53, 0xa5, 0x74, 0x95, 0x54, 0x95,
    0x54, 0x95, 0x74, 0x95, 0x54, 0x95, 0x53, 0x95, 0x54, 0x9d, 0x33, 0xad,
    0xf1, 0xd4, 0xf0, 0xdc, 0xf1, 0xdc, 0xf1, 0xd4, 0x11, 0xcd, 0x53, 0xad,
    0x95, 0x85, 0x75, 0x85, 0x95, 0x85, 0x95, 0x85, 0x95, 0x85, 0x75, 0x7d,
    0x95, 0x7d, 0x95, 0x7d, 0x75, 0x7d, 0x95, 0x7d, 0x96, 0x7d, 0x95, 0x7d,
    0x95, 0x75, 0x95, 0x7d, 0x95, 0x7d, 0x95, 0x7d, 0x75, 0x7d, 0x75, 0x7d,
    0x95, 0x7d, 0x75, 0x7d, 0x95, 0x75, 0x95, 0x7d, 0x95, 0x7d, 0x95, 0x75,
    0x75, 0x7d, 0x95, 0x7d, 0x75, 0x7d, 0x75, 0x7d, 0x75, 0x7d, 0x95, 0x7d,
    0x95, 0x7d, 0x75, 0x75, 0x75, 0x7d, 0x75, 0x7d, 0x75, 0x7d, 0x75, 0x75,
    0x95, 0x7d, 0x75, 0x7d, 0x74, 0x85, 0x55, 0x85, 0x74, 0x85, 0x75, 0x85,
    0x54, 0x85, 0x74, 0x7d, 0x75, 0x7d, 0x54, 0x85, 0x33, 0xad, 0xf1, 0xd4,
    0xd0, 0xdc, 0x11, 0xdd, 0x11, 0xe5, 0xf0, 0xe4, 0xd0, 0xdc, 0xb0, 0xd4,
    0x6f, 0xbc, 0x4f, 0xbc, 0x50, 0xbc, 0x70, 0xbc, 0xb0, 0xdc, 0xd0, 0xe4,
    0xd0, 0xec, 0xd0, 0xe4, 0xd0, 0xec, 0x11, 0xed, 0x52, 0xed, 0x31, 0xed,
    0x11, 0xed, 0x31, 0xed, 0x52, 0xed, 0x52, 0xf5, 0x32, 0xed, 0x11, 0xed,
    0xd0, 0xe4, 0x6f, 0xdc, 0x4f, 0xd4, 0x50, 0xd4, 0x4f, 0xd4, 0x2f, 0xd4,
    0x2f, 0xd4, 0x2f, 0xd4, 0x4f, 0xd4, 0x90, 0xdc, 0x11, 0xed, 0x52, 0xf5,
    0x73, 0xf5, 0x72, 0xf5, 0x73, 0xfd, 0x73, 0xf5, 0x52, 0xf5, 0x32, 0xed,
    0xd1, 0xe4, 0x90, 0xdc, 0x90, 0xdc, 0x90, 0xdc, 0x70, 0xdc, 0x70, 0xd4,
    0x70, 0xdc, 0x50, 0xd4, 0x50, 0xdc, 0x4f, 0xd4, 0x4f, 0xdc, 0x4f, 0xdc,
    0x4e, 0xdc, 0x6e, 0xe4, 0x6e, 0xe4, 0x4f, 0xd4, 0x50, 0xd4, 0x4f, 0xd4,
    0x2f, 0xd4, 0x2f, 0xd4, 0x2f, 0xd4, 0x2f, 0xd4, 0x0f, 0xd4, 0x0f, 0xd4,
    0x0f, 0xd4, 0x0f, 0xd4, 0x0f, 0xd4, 0x2e, 0xd4, 0x0f, 0xd4, 0x0e, 0xd4,
    0x0e, 0xd4, 0x0f, 0xd4, 0xee, 0xcb, 0xee, 0xd3, 0x0e, 0xcc, 0xee, 0xd3,
    0xef, 0xd3, 0xee, 0xd3, 0xee, 0xd3, 0x0e, 0xd4, 0xee, 0xd3, 0xef, 0xd3,
    0x0e, 0xd4, 0xee, 0xd3, 0x0e, 0xd4, 0x0e, 0xdc, 0x0e, 0xe4, 0x2d, 0xdc,
    0x0d, 0xe4, 0x8c, 0xeb, 0x8c, 0xe3, 0x8c, 0xe3, 0x8c, 0xe3, 0x8c, 0xe3,
    0x8c, 0xe3, 0x8c, 0xdb, 0xad, 0xdb, 0xad, 0xdb, 0x8d, 0xd3, 0x8d, 0xd3,
    0xad, 0xd3, 0x8e, 0xd3, 0xae, 0xcb, 0xaf, 0xc3, 0xb0, 0xb3, 0xd0, 0xb3,
    0xd1, 0xab, 0xd1, 0xab, 0xd1, 0xa3, 0xd1, 0xa3, 0xd1, 0xa3, 0xd1, 0x9b,
    0xb2, 0xa3, 0xb2, 0x9b, 0xb1, 0x9b, 0xb1, 0x9b, 0xd1, 0xab, 0xd1, 0xab,
    0xd0, 0xab, 0xaf, 0xbb, 0xaf, 0xbb, 0xd0, 0xb3, 0xd0, 0xb3, 0xcf, 0xbb,
    0xd0, 0xb3, 0xd0, 0xb3, 0xd0, 0xb3, 0xf0, 0xb3, 0xd0, 0xb3, 0xf0, 0xb3,
    0xf0, 0xb3, 0xf0, 0xb3, 0xf0, 0xbb, 0xf0, 0xbb, 0x10, 0xbc, 0xf0, 0xc3,
    0x10, 0xc4, 0x0f, 0xc4, 0x0f, 0xc4, 0x2f, 0xcc, 0x30, 0xcc, 0x2f, 0xcc,
    0xf1, 0xb3, 0xf1, 0xb3, 0xf1, 0xb3, 0xf1, 0xb3, 0xf1, 0xab, 0xf2, 0xab,
    0x73, 0x94, 0xf4, 0x7c, 0xf4, 0x84, 0x13, 0x85, 0x13, 0x85, 0x14, 0x85,
    0x34, 0x7d, 0x35, 0x7d, 0x55, 0x75, 0x55, 0x75, 0x55, 0x75, 0x55, 0x75,
    0x75, 0x75, 0x75, 0x75, 0x75, 0x7d, 0x75, 0x75, 0x75, 0x75, 0x75, 0x75,
    0x75, 0x75, 0x75, 0x75, 0x75, 0x75, 0x76, 0x75, 0x75, 0x75, 0x75, 0x75,
    0x75, 0x7d, 0x76, 0x75, 0x76, 0x75, 0x75, 0x75, 0x75, 0x75, 0x75, 0x75,
    0x95, 0x75, 0x75, 0x75, 0x75, 0x75, 0x75, 0x7d, 0x75, 0x7d, 0x75, 0x7d,
    0x75, 0x7d, 0x75, 0x7d, 0x75, 0x7d, 0x55, 0x7d, 0x34, 0x85, 0x14, 0x8d,
    0xb3, 0x9c, 0x93, 0xa4, 0x52, 0xac, 0x53, 0xac, 0x52, 0xac, 0x52, 0xb4,
    0x52, 0xb4, 0x52, 0xb4, 0x52, 0xb4, 0x52, 0xb4, 0x52, 0xb4, 0x52, 0xb4,
    0x53, 0xb4, 0x52, 0xb4, 0x72, 0xb4, 0x93, 0xbc, 0xb2, 0xbc, 0xd3, 0xbc,
    0xd3, 0xc4, 0x33, 0xd5, 0x32, 0xe5, 0x32, 0xe5, 0x53, 0xe5, 0x53, 0xe5,
    0x13, 0xdd, 0x73, 0xb4, 0x92, 0xc4, 0xb1, 0xd4, 0xd0, 0xdc, 0xb0, 0xe4,
    0xf0, 0xe4, 0x52, 0xe5, 0x53, 0xed, 0x53, 0xed, 0x52, 0xe5, 0x53, 0xed,
    0x52, 0xed, 0x52, 0xed, 0x53, 0xf5, 0x72, 0xed, 0x53, 0xed, 0x72, 0xf5,
    0x52, 0xf5, 0x10, 0xed, 0xf0, 0xec, 0xef, 0xec, 0x10, 0xed, 0x72, 0xf5,
    0x93, 0xed, 0x73, 0xed, 0x72, 0xf5, 0x72, 0xf5, 0x72, 0xed, 0x72, 0xf5,
    0x51, 0xed, 0x72, 0xf5, 0x71, 0xf5, 0x51, 0xf5, 0x30, 0xf5, 0xcf, 0xec,
    0xd0, 0xdc, 0xf1, 0xd4, 0x54, 0x9d, 0x95, 0x7d, 0x53, 0xa5, 0xf1, 0xd4,
    0x33, 0xad, 0x54, 0x95, 0x53, 0x95, 0x54, 0x95, 0x74, 0x95, 0x54, 0x95,
    0x53, 0x9d, 0x32, 0xb5, 0xf0, 0xdc, 0xf0, 0xdc, 0xf1, 0xdc, 0xf1, 0xd4,
    0x32, 0xb5, 0x75, 0x85, 0x75, 0x85, 0x95, 0x85, 0x95, 0x85, 0x75, 0x85,
    0x95, 0x85, 0x95, 0x7d, 0x75, 0x7d, 0x96, 0x7d, 0x95, 0x7d, 0x75, 0x7d,
    0x75, 0x7d, 0x75, 0x7d, 0x75, 0x7d, 0x75, 0x7d, 0x75, 0x7d, 0x95, 0x75,
    0x95, 0x7d, 0x95, 0x7d, 0x95, 0x7d, 0x75, 0x7d, 0x75, 0x7d, 0x95, 0x7d,
    0x75, 0x7d, 0x95, 0x7d, 0x95, 0x7d, 0x95, 0x7d, 0x75, 0x75, 0x95, 0x7d,
    0x95, 0x7d, 0x75, 0x7d, 0x75, 0x7d, 0x95, 0x7d, 0x95, 0x7d, 0x75, 0x7d,
    0x75, 0x7d, 0x75, 0x7d, 0x75, 0x7d, 0x75, 0x7d, 0x74, 0x85, 0x54, 0x85,
    0x55, 0x85, 0x75, 0x85, 0x74, 0x85, 0x75, 0x85, 0x54, 0x85, 0x54, 0x85,
    0x74, 0x85, 0x33, 0x9d, 0xd1, 0xd4, 0xf1, 0xdc, 0xf1, 0xe4, 0x11, 0xe5,
    0xf0, 0xe4, 0xd0, 0xdc, 0x70, 0xc4, 0x50, 0xbc, 0x50, 0xbc, 0xb0, 0xd4,
    0xf1, 0xec, 0xd0, 0xe4, 0xd0, 0xe4, 0xd0, 0xec, 0x31, 0xed, 0x52, 0xf5,
    0x52, 0xf5, 0x52, 0xed, 0x52, 0xf5, 0x52, 0xf5, 0x52, 0xf5, 0x52, 0xed,
    0x52, 0xf5, 0x52, 0xed, 0x32, 0xed, 0x70, 0xdc, 0x4f, 0xd4, 0x4f, 0xd4,
    0x2f, 0xd4, 0x30, 0xd4, 0x2f, 0xd4, 0x50, 0xd4, 0xd1, 0xe4, 0x72, 0xf5,
    0x73, 0xf5, 0x92, 0xf5, 0x93, 0xfd, 0x73, 0xf5, 0x72, 0xf5, 0x72, 0xf5,
    0x32, 0xed, 0xd1, 0xe4, 0xb1, 0xdc, 0xb0, 0xdc, 0x90, 0xd4, 0x90, 0xd4,
    0x70, 0xcc, 0x70, 0xcc, 0x70, 0xcc, 0x70, 0xcc, 0x70, 0xcc, 0x70, 0xcc,
    0x70, 0xcc, 0x50, 0xd4, 0x50, 0xd4, 0x4f, 0xdc, 0x4f, 0xdc, 0x50, 0xd4,
    0x2f, 0xd4, 0x30, 0xd4, 0x2f, 0xd4, 0x2f, 0xd4, 0x0f, 0xd4, 0x0f, 0xd4,
    0x0f, 0xd4, 0x0f, 0xd4, 0x0f, 0xd4, 0x0f, 0xd4, 0x0f, 0xd4, 0x2e, 0xd4,
    0x0e, 0xd4, 0x0e, 0xd4, 0x0f, 0xd4, 0x0e, 0xcc, 0x0f, 0xd4, 0xef, 0xd3,
    0x0e, 0xcc, 0x0f, 0xcc, 0xee, 0xd3, 0xee, 0xd3, 0xee, 0xd3, 0xee, 0xd3,
    0xee, 0xd3, 0xee, 0xd3, 0x0e, 0xd4, 0x0e, 0xd4, 0x0e, 0xdc, 0x0e, 0xdc,
    0xee, 0xdb, 0xcd, 0xe3, 0x8b, 0xeb, 0x8c, 0xe3, 0x8d, 0xe3, 0x8c, 0xe3,
    0x8c, 0xe3, 0x8c, 0xe3, 0x8c, 0xe3, 0x8d, 0xdb, 0xad, 0xdb, 0xad, 0xdb,
    0x8d, 0xdb, 0xad, 0xd3, 0xad, 0xd3, 0x8d, 0xd3, 0xae, 0xd3, 0xae, 0xc3,
    0xb0, 0xbb, 0xb0, 0xb3, 0xd0, 0xab, 0xd1, 0xab, 0xb1, 0xab, 0xb1, 0xa3,
    0xb1, 0xa3, 0xd1, 0xa3, 0xb2, 0x9b, 0xb1, 0xa3, 0xb2, 0xa3, 0xb1, 0xa3,
    0xd1, 0xa3, 0xd1, 0xab, 0xd0, 0xab, 0xaf, 0xbb, 0xaf, 0xbb, 0xcf, 0xb3,
    0xcf, 0xbb, 0xb0, 0xbb, 0xd0, 0xb3, 0xcf, 0xb3, 0xd0, 0xb3, 0xd0, 0xbb,
    0xd0, 0xbb, 0xf0, 0xbb, 0xf0, 0xbb, 0xf0, 0xbb, 0xf0, 0xbb, 0xf0, 0xbb,
    0x10, 0xc4, 0x0f, 0xc4, 0x0f, 0xc4, 0x10, 0xc4, 0x2f, 0xcc, 0x2f, 0xcc,
    0x2f, 0xcc, 0x2f, 0xcc, 0xf0, 0xbb, 0xf1, 0xb3, 0xf1, 0xb3, 0xf1, 0xab,
    0xf1, 0xab, 0x12, 0xac, 0x33, 0x9c, 0xd4, 0x84, 0xf4, 0x84, 0xf3, 0x8c,
    0xf4, 0x84, 0x14, 0x85, 0x34, 0x7d, 0x34, 0x7d, 0x55, 0x7d, 0x55, 0x75,
    0x55, 0x7d, 0x55, 0x75, 0x55, 0x75, 0x75, 0x7d, 0x75, 0x75, 0x75, 0x75,
    0x75, 0x75, 0x95, 0x75, 0x76, 0x75, 0x75, 0x75, 0x95, 0x7d, 0x95, 0x75,
    0x95, 0x75, 0x75, 0x7d, 0x75, 0x75, 0x75, 0x7d, 0x75, 0x75, 0x95, 0x75,
    0x75, 0x7d, 0x75, 0x7d, 0x75, 0x75, 0x95, 0x7d, 0x75, 0x7d, 0x76, 0x75,
    0x75, 0x75, 0x75, 0x7d, 0x75, 0x7d, 0x75, 0x7d, 0x55, 0x7d, 0x55, 0x7d,
    0x75, 0x7d, 0x75, 0x7d, 0x55, 0x7d, 0x14, 0x8d, 0xb3, 0x9c, 0x72, 0xac,
    0x53, 0xac, 0x53, 0xac, 0x52, 0xb4, 0x53, 0xb4, 0x53, 0xb4, 0x52, 0xb4,
    0x53, 0xb4, 0x52, 0xac, 0x53, 0xb4, 0x53, 0xb4, 0x93, 0xb4, 0xb3, 0xb4,
    0xb3, 0xbc, 0xd3, 0xbc, 0xf3, 0xc4, 0x32, 0xdd, 0x32, 0xe5, 0x53, 0xe5,
    0x33, 0xe5, 0x33, 0xe5, 0xf3, 0xcc, 0x92, 0xc4, 0xb2, 0xc4, 0xb2, 0xcc,
    0xd1, 0xd4, 0xd0, 0xdc, 0xd0, 0xe4, 0x12, 0xe5, 0x53, 0xed, 0x72, 0xed,
    0x53, 0xe5, 0x72, 0xed, 0x72, 0xf5, 0x52, 0xed, 0x72, 0xed, 0x53, 0xf5,
    0x72, 0xed, 0x72, 0xf5, 0x52, 0xf5, 0x11, 0xed, 0x10, 0xed, 0x51, 0xed,
    0x52, 0xed, 0x72, 0xed, 0x93, 0xed, 0x93, 0xed, 0x72, 0xed, 0x72, 0xed,
    0x72, 0xf5, 0x72, 0xed, 0x52, 0xed, 0x72, 0xf5, 0x51, 0xf5, 0x31, 0xf5,
    0x30, 0xf5, 0xef, 0xe4, 0xd0, 0xd4, 0x11, 0xcd, 0x74, 0x8d, 0x95, 0x7d,
    0x75, 0x7d, 0x32, 0xbd, 0xf1, 0xd4, 0x12, 0xc5, 0x53, 0xa5, 0x53, 0x9d,
    0x54, 0x9d, 0x54, 0x9d, 0x33, 0xa5, 0xf1, 0xd4, 0xf0, 0xd4, 0xf0, 0xdc,
    0xf0, 0xd4, 0xf1, 0xd4, 0x33, 0xad, 0x75, 0x85, 0x95, 0x85, 0x75, 0x85,
    0x75, 0x85, 0x75, 0x85, 0x75, 0x85, 0x95, 0x85, 0x75, 0x85, 0x75, 0x7d,
    0x95, 0x7d, 0x75, 0x7d, 0x75, 0x7d, 0x95, 0x7d, 0x95, 0x7d, 0x95, 0x7d,
    0x95, 0x7d, 0x95, 0x7d, 0x95, 0x7d, 0x95, 0x7d, 0x95, 0x7d, 0x95, 0x7d,
    0x95, 0x7d, 0x95, 0x7d, 0x95, 0x7d, 0x95, 0x7d, 0x95, 0x7d, 0x75, 0x7d,
    0x95, 0x7d, 0x75, 0x7d, 0x95, 0x7d, 0x75, 0x75, 0x95, 0x7d, 0x75, 0x7d,
    0x75, 0x75, 0x95, 0x7d, 0x95, 0x7d, 0x75, 0x7d, 0x75, 0x7d, 0x75, 0x7d,
    0x75, 0x7d, 0x75, 0x7d, 0x74, 0x85, 0x74, 0x7d, 0x75, 0x7d, 0x75, 0x85,
    0x55, 0x85, 0x55, 0x7d, 0x74, 0x85, 0x54, 0x7d, 0x12, 0xb5, 0xf0, 0xd4,
    0xf1, 0xdc, 0xf1, 0xe4, 0xf1, 0xe4, 0xd1, 0xdc, 0x90, 0xcc, 0x4f, 0xbc,
    0x70, 0xc4, 0x11, 0xed, 0xf0, 0xec, 0xd0, 0xe4, 0xd0, 0xe4, 0x11, 0xed,
    0x52, 0xf5, 0x52, 0xf5, 0x72, 0xf5, 0x72, 0xf5, 0x72, 0xed, 0x52, 0xf5,
    0x52, 0xed, 0x52, 0xed, 0x52, 0xf5, 0x52, 0xf5, 0x52, 0xed, 0xf1, 0xe4,
    0x4f, 0xd4, 0x2f, 0xd4, 0x4f, 0xd4, 0x90, 0xdc, 0xf1, 0xe4, 0x52, 0xed,
    0x72, 0xf5, 0x73, 0xf5, 0x73, 0xfd, 0x93, 0xfd, 0x73, 0xf5, 0x73, 0xf5,
    0x73, 0xf5, 0x12, 0xe5, 0xb1, 0xdc, 0xb1, 0xd4, 0xb1, 0xcc, 0x91, 0xcc,
    0x70, 0xcc, 0x71, 0xcc, 0x70, 0xcc, 0x70, 0xcc, 0x70, 0xd4, 0x70, 0xd4,
    0x70, 0xcc, 0x70, 0xd4, 0x70, 0xd4, 0x50, 0xcc, 0x70, 0xcc, 0x70, 0xd4,
    0x50, 0xd4, 0x2f, 0xd4, 0x2f, 0xd4, 0x2f, 0xd4, 0x0f, 0xcc, 0x0f, 0xd4,
    0x2f, 0xcc, 0x0f, 0xcc, 0x2f, 0xd4, 0x0f, 0xd4, 0x2f, 0xcc, 0x0f, 0xd4,
    0x0f, 0xd4, 0x0f, 0xd4, 0x0f, 0xd4, 0x0f, 0xd4, 0x0e, 0xcc, 0x0e, 0xd4,
    0x0e, 0xd4, 0x0e, 0xcc, 0xee, 0xd3, 0x0e, 0xd4, 0x0e, 0xd4, 0x0f, 0xd4,
    0xee, 0xd3, 0x0e, 0xd4, 0xee, 0xd3, 0xee, 0xd3, 0xee, 0xd3, 0xee, 0xd3,
    0xee, 0xd3, 0xee, 0xd3, 0xee, 0xd3, 0xcd, 0xdb, 0x8c, 0xeb, 0x6c, 0xe3,
    0xad, 0xdb, 0x8d, 0xdb, 0xad, 0xdb, 0xad, 0xdb, 0xad, 0xdb, 0x8d, 0xdb,
    0xad, 0xdb, 0x8d, 0xd3, 0xad, 0xdb, 0x8d, 0xdb, 0xad, 0xd3, 0xad, 0xd3,
    0x8e, 0xd3, 0xae, 0xcb, 0xaf, 0xc3, 0xd0, 0xb3, 0xb0, 0xb3, 0xb1, 0xab,
    0xd1, 0xab, 0xb1, 0xa3, 0xd2, 0xa3, 0xd2, 0xa3, 0xb1, 0x9b, 0xb2, 0xa3,
    0xb2, 0x9b, 0xb1, 0xa3, 0xd1, 0xa3, 0xd1, 0xab, 0xd0, 0xab, 0xaf, 0xbb,
    0xaf, 0xbb, 0xb0, 0xb3, 0xcf, 0xbb, 0xd0, 0xb3, 0xd0, 0xb3, 0xd0, 0xbb,
    0xd0, 0xb3, 0xf0, 0xb3, 0xf0, 0xbb, 0xf0, 0xbb, 0xf0, 0xbb, 0xf0, 0xbb,
    0xf0, 0xbb, 0x10, 0xc4, 0x10, 0xc4, 0x0f, 0xc4, 0x0f, 0xc4, 0x2f, 0xcc,
    0x2f, 0xcc, 0x2f, 0xcc, 0x2f, 0xcc, 0x2f, 0xcc, 0x10, 0xbc, 0xf1, 0xb3,
    0x11, 0xac, 0xf1, 0xab, 0x12, 0xac, 0xf2, 0xab, 0x32, 0xa4, 0xd4, 0x8c,
    0xb3, 0x8c, 0xb3, 0x8c, 0xd3, 0x8c, 0xd4, 0x8c, 0xf4, 0x84, 0x14, 0x85,
    0x14, 0x7d, 0x35, 0x7d, 0x55, 0x75, 0x75, 0x75, 0x75, 0x75, 0x75, 0x7d,
    0x75, 0x75, 0x75, 0x75, 0x75, 0x7d, 0x75, 0x75, 0x95, 0x75, 0x95, 0x75,
    0x95, 0x75, 0x76, 0x7d, 0x75, 0x75, 0x95, 0x75, 0x75, 0x75, 0x75, 0x75,
    0x75, 0x7d, 0x95, 0x75, 0x75, 0x75, 0x76, 0x75, 0x95, 0x75, 0x76, 0x7d,
    0x75, 0x7d, 0x95, 0x75, 0x95, 0x75, 0x75, 0x7d, 0x75, 0x75, 0x75, 0x7d,
    0x75, 0x7d, 0x55, 0x7d, 0x55, 0x85, 0x54, 0x85, 0x55, 0x7d, 0x75, 0x7d,
    0x75, 0x7d, 0x34, 0x8d, 0xd3, 0x9c, 0x93, 0xa4, 0x93, 0xa4, 0x93, 0xac,
    0x73, 0xac, 0x73, 0xac, 0x73, 0xac, 0x53, 0xb4, 0x72, 0xb4, 0x93, 0xb4,
    0xb3, 0xb4, 0xb3, 0xb4, 0xd3, 0xbc, 0xd2, 0xbc, 0x13, 0xcd, 0x32, 0xdd,
    0x53, 0xe5, 0x33, 0xe5, 0x53, 0xdd, 0x33, 0xdd, 0x93, 0xbc, 0xb2, 0xc4,
    0xb2, 0xcc, 0xb1, 0xcc, 0xb1, 0xd4, 0xd1, 0xdc, 0xf1, 0xe4, 0x52, 0xe5,
    0x53, 0xed, 0x53, 0xed, 0x53, 0xed, 0x73, 0xed, 0x72, 0xed, 0x53, 0xed,
    0x73, 0xed, 0x72, 0xed, 0x72, 0xed, 0x72, 0xf5, 0x72, 0xed, 0x52, 0xed,
    0x52, 0xf5, 0x72, 0xed, 0x72, 0xed, 0x73, 0xed, 0x93, 0xed, 0x93, 0xed,
    0x72, 0xed, 0x72, 0xed, 0x72, 0xf5, 0x72, 0xed, 0x72, 0xed, 0x72, 0xed,
    0x72, 0xf5, 0x31, 0xf5, 0x31, 0xf5, 0x10, 0xed, 0xf0, 0xd4, 0x12, 0xbd,
    0x75, 0x7d, 0x75, 0x7d, 0x95, 0x7d, 0x74, 0x95, 0x31, 0xc5, 0xf1, 0xd4,
    0xf0, 0xd4, 0xf1, 0xcc, 0x11, 0xcd, 0xf1, 0xcc, 0xf0, 0xd4, 0xf1, 0xd4,
    0xf1, 0xd4, 0xf1, 0xd4, 0xf1, 0xd4, 0x11, 0xcd, 0x32, 0xbd, 0x74, 0x8d,
    0x75, 0x85, 0x95, 0x85, 0x95, 0x85, 0x95, 0x85, 0x75, 0x85, 0x95, 0x85,
    0x95, 0x7d, 0x95, 0x7d, 0x95, 0x7d, 0x96, 0x7d, 0x95, 0x7d, 0x96, 0x7d,
    0x96, 0x7d, 0x95, 0x7d, 0x96, 0x7d, 0x96, 0x7d, 0x95, 0x75, 0x96, 0x7d,
    0x96, 0x75, 0x96, 0x75, 0x96, 0x75, 0x96, 0x75, 0x96, 0x75, 0x96, 0x75,
    0x96, 0x75, 0x96, 0x7d, 0x95, 0x7d, 0x95, 0x7d, 0x75, 0x7d, 0x96, 0x7d,
    0x95, 0x7d, 0x75, 0x7d, 0x95, 0x7d, 0x95, 0x7d, 0x75, 0x7d, 0x95, 0x7d,
    0x75, 0x7d, 0x75, 0x7d, 0x75, 0x7d, 0x75, 0x7d, 0x75, 0x7d, 0x75, 0x7d,
    0x75, 0x7d, 0x75, 0x7d, 0x74, 0x7d, 0x75, 0x85, 0x54, 0x85, 0x75, 0x7d,
    0x54, 0x85, 0x12, 0xb5, 0xf0, 0xdc, 0xf1, 0xdc, 0xf0, 0xe4, 0xf1, 0xdc,
    0xb0, 0xd4, 0x4f, 0xc4, 0xd1, 0xd4, 0x32, 0xed, 0xf0, 0xec, 0xd0, 0xe4,
    0xd0, 0xec, 0x51, 0xf5, 0x52, 0xed, 0x72, 0xf5, 0x72, 0xf5, 0x72, 0xf5,
    0x72, 0xed, 0x72, 0xf5, 0x72, 0xf5, 0x72, 0xed, 0x52, 0xf5, 0x72, 0xf5,
    0x72, 0xf5, 0x52, 0xed, 0x70, 0xdc, 0x70, 0xdc, 0xf1, 0xe4, 0x53, 0xf5,
    0x73, 0xf5, 0x72, 0xf5, 0x72, 0xf5, 0x73, 0xf5, 0x93, 0xfd, 0x93, 0xf5,
    0x73, 0xf5, 0x72, 0xf5, 0x32, 0xed, 0xb1, 0xd4, 0x91, 0xcc, 0x91, 0xcc,
    0x90, 0xcc, 0x71, 0xcc, 0x71, 0xcc, 0x70, 0xd4, 0x71, 0xcc, 0x70, 0xd4,
    0x50, 0xcc, 0x50, 0xd4, 0x30, 0xd4, 0x30, 0xd4, 0x50, 0xd4, 0x50, 0xd4,
    0x50, 0xcc, 0x50, 0xd4, 0x50, 0xd4, 0x2f, 0xd4, 0x2f, 0xd4, 0x2f, 0xd4,
    0x2f, 0xd4, 0x0f, 0xd4, 0x0f, 0xd4, 0x2f, 0xd4, 0x0f, 0xd4, 0x0f, 0xcc,
    0x0f, 0xd4, 0x2f, 0xcc, 0x0e, 0xd4, 0x0e, 0xd4, 0x0f, 0xcc, 0x0f, 0xd4,
    0xee, 0xd3, 0x0e, 0xcc, 0x0f, 0xd4, 0x0f, 0xcc, 0x0e, 0xd4, 0xef, 0xd3,
    0xee, 0xcb, 0x0f, 0xd4, 0x0e, 0xcc, 0xef, 0xcb, 0x0f, 0xcc, 0xee, 0xd3,
    0xee, 0xd3, 0xee, 0xd3, 0xee, 0xd3, 0xee, 0xd3, 0xcd, 0xdb, 0xad, 0xe3,
    0x6b, 0xeb, 0x8c, 0xeb, 0xac, 0xe3, 0xad, 0xdb, 0xad, 0xdb, 0xad, 0xdb,
    0xad, 0xdb, 0xad, 0xdb, 0xad, 0xdb, 0xad, 0xd3, 0x8d, 0xdb, 0xad, 0xd3,
    0x8d, 0xdb, 0xae, 0xd3, 0xad, 0xd3, 0xae, 0xcb, 0xae, 0xcb, 0xaf, 0xc3,
    0xb0, 0xb3, 0xd0, 0xb3, 0xd1, 0xab, 0xb1, 0xab, 0xb1, 0xa3, 0xb1, 0xa3,
    0xb1, 0xa3, 0xb1, 0x9b, 0xb1, 0x9b, 0xb2, 0xa3, 0xd1, 0xa3, 0xd1, 0xab,
    0xaf, 0xb3, 0xaf, 0xbb, 0xaf, 0xbb, 0xd0, 0xb3, 0xd0, 0xbb, 0xcf, 0xb3,
    0xd0, 0xbb, 0xd0, 0xbb, 0xd0, 0xbb, 0xf0, 0xb3, 0xf0, 0xbb, 0xf0, 0xbb,
    0xf0, 0xbb, 0xef, 0xbb, 0x0f, 0xc4, 0x0f, 0xc4, 0x0f, 0xc4, 0x0f, 0xcc,
    0x0f, 0xcc, 0x2f, 0xcc, 0x2f, 0xcc, 0x0f, 0xcc, 0x30, 0xcc, 0x0f, 0xcc,
    0x10, 0xbc, 0xf1, 0xb3, 0x11, 0xb4, 0xf2, 0xab, 0xf2, 0xab, 0xf2, 0xab,
    0x12, 0xa4, 0xb3, 0x8c, 0xb4, 0x8c, 0x93, 0x8c, 0xb3, 0x94, 0xb3, 0x8c,
    0xd4, 0x8c, 0xf4, 0x84, 0xf4, 0x84, 0x34, 0x85, 0x55, 0x7d, 0x55, 0x75,
    0x55, 0x7d, 0x55, 0x7d, 0x75, 0x75, 0x55, 0x7d, 0x75, 0x75, 0x75, 0x75,
    0x95, 0x75, 0x76, 0x75, 0x75, 0x75, 0x95, 0x75, 0x95, 0x75, 0x75, 0x75,
    0x95, 0x75, 0x75, 0x7d, 0x75, 0x75, 0x75, 0x75, 0x75, 0x75, 0x75, 0x7d,
    0x95, 0x7d, 0x75, 0x75, 0x76, 0x75, 0x95, 0x7d, 0x75, 0x7d, 0x76, 0x7d,
    0x75, 0x75, 0x95, 0x7d, 0x75, 0x7d, 0x55, 0x7d, 0x55, 0x85, 0x55, 0x7d,
    0x55, 0x7d, 0x55, 0x85, 0x55, 0x85, 0x55, 0x85, 0x55, 0x85, 0x34, 0x8d,
    0xd3, 0x9c, 0xd3, 0x9c, 0xb3, 0x9c, 0x93, 0xac, 0x73, 0xac, 0x72, 0xb4,
    0x93, 0xb4, 0xb3, 0xb4, 0xd2, 0xb4, 0xd3, 0xbc, 0xd3, 0xbc, 0x13, 0xcd,
    0x33, 0xdd, 0x33, 0xe5, 0x33, 0xe5, 0x53, 0xdd, 0x13, 0xd5, 0x73, 0xb4,
    0x73, 0xb4, 0x92, 0xc4, 0xb2, 0xcc, 0xb1, 0xcc, 0xd1, 0xd4, 0xf1, 0xdc,
    0x32, 0xe5, 0x53, 0xed, 0x53, 0xed, 0x53, 0xed, 0x53, 0xed, 0x72, 0xed,
    0x73, 0xed, 0x73, 0xed, 0x73, 0xf5, 0x73, 0xed, 0x73, 0xf5, 0x73, 0xf5,
    0x72, 0xf5, 0x72, 0xf5, 0x72, 0xed, 0x72, 0xed, 0x72, 0xed, 0x93, 0xed,
    0x93, 0xed, 0x93, 0xed, 0x73, 0xed, 0x72, 0xed, 0x72, 0xed, 0x72, 0xed,
    0x72, 0xf5, 0x72, 0xf5, 0x72, 0xed, 0x51, 0xf5, 0x31, 0xf5, 0x31, 0xe5,
    0xf1, 0xcc, 0x33, 0xa5, 0x95, 0x7d, 0x75, 0x7d, 0x75, 0x7d, 0x95, 0x7d,
    0x53, 0xad, 0x32, 0xc5, 0xf1, 0xd4, 0xf1, 0xd4, 0xf1, 0xcc, 0xf0, 0xd4,
    0xf0, 0xd4, 0x11, 0xd5, 0xf1, 0xd4, 0x11, 0xd5, 0x11, 0xcd, 0x32, 0xbd,
    0x33, 0xad, 0x95, 0x85, 0x95, 0x85, 0x75, 0x85, 0x95, 0x85, 0x95, 0x85,
    0x95, 0x85, 0x95, 0x85, 0x96, 0x7d, 0x95, 0x7d, 0x96, 0x75, 0x95, 0x7d,
    0x95, 0x75, 0x96, 0x75, 0x95, 0x75, 0x96, 0x75, 0x96, 0x75, 0x96, 0x75,
    0x96, 0x75, 0x96, 0x7d, 0x95, 0x75, 0xb6, 0x75, 0x96, 0x7d, 0xb5, 0x75,
    0x96, 0x75, 0x95, 0x75, 0xb6, 0x7d, 0x95, 0x75, 0x95, 0x7d, 0x95, 0x7d,
    0x95, 0x7d, 0x75, 0x7d, 0x95, 0x7d, 0x75, 0x7d, 0x75, 0x7d, 0x95, 0x7d,
    0x95, 0x7d, 0x95, 0x7d, 0x95, 0x7d, 0x95, 0x7d, 0x95, 0x7d, 0x75, 0x7d,
    0x95, 0x7d, 0x75, 0x7d, 0x75, 0x7d, 0x75, 0x7d, 0x74, 0x85, 0x75, 0x7d,
    0x75, 0x7d, 0x54, 0x85, 0x55, 0x7d, 0x75, 0x7d, 0xf1, 0xb4, 0xf0, 0xdc,
    0xf1, 0xdc, 0xf0, 0xdc, 0xd0, 0xdc, 0x70, 0xcc, 0xf1, 0xe4, 0x52, 0xed,
    0x11, 0xed, 0xf0, 0xec, 0x10, 0xed, 0x52, 0xed, 0x52, 0xf5, 0x72, 0xf5,
    0x72, 0xf5, 0x73, 0xf5, 0x73, 0xf5, 0x72, 0xf5, 0x72, 0xf5, 0x73, 0xf5,
    0x72, 0xf5, 0x72, 0xf5, 0x72, 0xf5, 0x72, 0xf5, 0x12, 0xed, 0x32, 0xed,
    0x72, 0xf5, 0x73, 0xf5, 0x72, 0xf5, 0x73, 0xf5, 0x72, 0xf5, 0x72, 0xf5,
    0x92, 0xf5, 0x93, 0xf5, 0x72, 0xf5, 0x52, 0xf5, 0xd1, 0xdc, 0xb1, 0xcc,
    0x91, 0xcc, 0x90, 0xcc, 0x70, 0xcc, 0x70, 0xcc, 0x70, 0xcc, 0x50, 0xd4,
    0x30, 0xcc, 0x30, 0xcc, 0x30, 0xd4, 0x30, 0xcc, 0x30, 0xcc, 0x30, 0xcc,
    0x30, 0xcc, 0x30, 0xd4, 0x30, 0xcc, 0x30, 0xcc, 0x50, 0xd4, 0x2f, 0xd4,
    0x30, 0xd4, 0x2f, 0xd4, 0x2f, 0xd4, 0x0f, 0xd4, 0x2f, 0xd4, 0x0f, 0xd4,
    0x2f, 0xd4, 0x2f, 0xd4, 0x2f, 0xcc, 0x0f, 0xcc, 0x0f, 0xcc, 0x0f, 0xd4,
    0x0f, 0xcc, 0x0e, 0xcc, 0x0f, 0xd4, 0xef, 0xd3, 0xef, 0xcb, 0x0e, 0xd4,
    0xee, 0xcb, 0x0f, 0xd4, 0xee, 0xcb, 0xee, 0xcb, 0x0e, 0xd4, 0xee, 0xd3,
    0xee, 0xd3, 0x0e, 0xcc, 0xee, 0xd3, 0xee, 0xd3, 0xee, 0xd3, 0xcd, 0xdb,
    0x8c, 0xeb, 0x6b, 0xeb, 0x8c, 0xeb, 0x8c, 0xe3, 0x8c, 0xe3, 0xad, 0xdb,
    0xad, 0xdb, 0xad, 0xdb, 0xad, 0xdb, 0xad, 0xdb, 0xad, 0xdb, 0xad, 0xdb,
    0xad, 0xd3, 0x8d, 0xdb, 0x8d, 0xd3, 0x8d, 0xdb, 0xad, 0xd3, 0xae, 0xd3,
    0x8e, 0xcb, 0xae, 0xcb, 0xaf, 0xc3, 0xb0, 0xb3, 0xb0, 0xab, 0xb1, 0xab,
    0xb1, 0xab, 0xb1, 0xa3, 0xd1, 0xa3, 0xb1, 0xa3, 0xb1, 0xa3, 0xb1, 0xa3,
    0xd1, 0xab, 0xaf, 0xb3, 0xaf, 0xbb, 0xaf, 0xbb, 0xcf, 0xbb, 0xcf, 0xbb,
    0xd0, 0xbb, 0xcf, 0xbb, 0xcf, 0xb3, 0xd0, 0xb3, 0xf0, 0xbb, 0xf0, 0xbb,
    0xef, 0xbb, 0xef, 0xbb, 0xf0, 0xc3, 0xef, 0xc3, 0x0f, 0xc4, 0x0f, 0xc4,
    0x10, 0xcc, 0x0f, 0xcc, 0x2f, 0xcc, 0x2f, 0xcc, 0x2f, 0xcc, 0x2f, 0xcc,
    0x30, 0xcc, 0x0f, 0xcc, 0x10, 0xbc, 0xf1, 0xb3, 0xf2, 0xab, 0xf1, 0xab,
    0xf2, 0xab, 0xf2, 0xab, 0x12, 0xa4, 0x93, 0x94, 0x93, 0x94, 0xb3, 0x94,
    0xb3, 0x94, 0xb3, 0x94, 0xb4, 0x8c, 0xd3, 0x8c, 0xf4, 0x8c, 0xf4, 0x84,
    0x14, 0x85, 0x15, 0x85, 0x14, 0x85, 0x14, 0x85, 0x34, 0x85, 0x35, 0x85,
    0x35, 0x85, 0x55, 0x7d, 0x55, 0x7d, 0x75, 0x7d, 0x95, 0x75, 0x75, 0x75,
    0x95, 0x75, 0x75, 0x75, 0x96, 0x7d, 0x75, 0x75, 0x75, 0x75, 0x96, 0x7d,
    0x76, 0x7d, 0x75, 0x75, 0x75, 0x75, 0x75, 0x7d, 0x75, 0x7d, 0x75, 0x75,
    0x75, 0x7d, 0x96, 0x7d, 0x95, 0x75, 0x75, 0x7d, 0x95, 0x75, 0x75, 0x7d,
    0x55, 0x7d, 0x34, 0x85, 0x54, 0x85, 0x55, 0x85, 0x75, 0x7d, 0x55, 0x85,
    0x35, 0x85, 0x34, 0x8d, 0x34, 0x8d, 0x14, 0x95, 0xf4, 0x9c, 0xd3, 0x9c,
    0xb3, 0xa4, 0x73, 0xac, 0x93, 0xb4, 0x93, 0xb4, 0x92, 0xb4, 0x92, 0xbc,
    0xb2, 0xc4, 0xd3, 0xc4, 0xd3, 0xc4, 0xd2, 0xc4, 0xb3, 0xc4, 0x73, 0xb4,
    0x53, 0xac, 0x73, 0xb4, 0x72, 0xb4, 0x92, 0xbc, 0x92, 0xcc, 0xb1, 0xd4,
    0xb1, 0xd4, 0xd1, 0xdc, 0xf1, 0xdc, 0x32, 0xe5, 0x32, 0xe5, 0x72, 0xed,
    0x72, 0xed, 0x53, 0xed, 0x72, 0xed, 0x72, 0xed, 0x73, 0xed, 0x72, 0xed,
    0x73, 0xed, 0x73, 0xed, 0x73, 0xed, 0x92, 0xed, 0x93, 0xed, 0x72, 0xed,
    0x72, 0xf5, 0x72, 0xf5, 0x93, 0xed, 0x93, 0xed, 0x93, 0xed, 0x92, 0xf5,
    0x73, 0xed, 0x72, 0xed, 0x72, 0xf5, 0x72, 0xf5, 0x72, 0xed, 0x51, 0xed,
    0x51, 0xf5, 0x10, 0xe5, 0x11, 0xcd, 0x75, 0x85, 0x95, 0x7d, 0x95, 0x75,
    0x96, 0x75, 0x95, 0x7d, 0x95, 0x7d, 0x74, 0xad, 0x53, 0xbd, 0x32, 0xc5,
    0x11, 0xcd, 0x11, 0xcd, 0x11, 0xcd, 0x11, 0xcd, 0x11, 0xcd, 0x11, 0xc5,
    0x11, 0xcd, 0x32, 0xb5, 0x95, 0x8d, 0x95, 0x85, 0x95, 0x85, 0x95, 0x85,
    0x95, 0x85, 0x95, 0x85, 0x95, 0x85, 0x95, 0x85, 0x95, 0x7d, 0x96, 0x75,
    0x96, 0x75, 0xb6, 0x75, 0xb6, 0x75, 0x96, 0x7d, 0xb5, 0x75, 0xb5, 0x75,
    0xb6, 0x7d, 0xb5, 0x75, 0xb5, 0x7d, 0xb5, 0x75, 0x96, 0x7d, 0xb5, 0x75,
    0xb6, 0x7d, 0x95, 0x7d, 0x96, 0x75, 0xb6, 0x7d, 0x95, 0x75, 0x96, 0x7d,
    0x96, 0x7d, 0x95, 0x7d, 0x95, 0x7d, 0x95, 0x7d, 0x95, 0x7d, 0x75, 0x7d,
    0x95, 0x7d, 0x75, 0x7d, 0x95, 0x7d, 0x95, 0x7d, 0x75, 0x7d, 0x75, 0x7d,
    0x95, 0x7d, 0x75, 0x7d, 0x75, 0x7d, 0x95, 0x7d, 0x75, 0x7d, 0x75, 0x7d,
    0x75, 0x7d, 0x75, 0x7d, 0x74, 0x85, 0x74, 0x85, 0x75, 0x7d, 0x55, 0x7d,
    0x54, 0x85, 0xf1, 0xc4, 0xd1, 0xd4, 0xd0, 0xdc, 0xd0, 0xd4, 0xb0, 0xd4,
    0x31, 0xe5, 0x72, 0xed, 0x11, 0xed, 0xf0, 0xec, 0x31, 0xed, 0x52, 0xed,
    0x72, 0xf5, 0x73, 0xf5, 0x72, 0xf5, 0x72, 0xf5, 0x73, 0xed, 0x72, 0xf5,
    0x72, 0xf5, 0x72, 0xed, 0x73, 0xf5, 0x73, 0xf5, 0x72, 0xed, 0x72, 0xf5,
    0x73, 0xf5, 0x73, 0xf5, 0x73, 0xf5, 0x93, 0xf5, 0x72, 0xf5, 0x92, 0xf5,
    0x73, 0xf5, 0x93, 0xf5, 0x72, 0xf5, 0x73, 0xf5, 0x73, 0xf5, 0xd1, 0xe4,
    0x91, 0xd4, 0x91, 0xcc, 0x90, 0xcc, 0x71, 0xcc, 0x71, 0xcc, 0x50, 0xcc,
    0x30, 0xcc, 0x30, 0xcc, 0x30, 0xd4, 0x30, 0xcc, 0x2f, 0xcc, 0x30, 0xcc,
    0x30, 0xcc, 0x2f, 0xcc, 0x30, 0xcc, 0x2f, 0xd4, 0x2f, 0xd4, 0x30, 0xcc,
    0x2f, 0xcc, 0x2f, 0xd4, 0x2f, 0xd4, 0x2f, 0xd4, 0x0f, 0xd4, 0x2f, 0xd4,
    0x0f, 0xd4, 0x2f, 0xcc, 0x0f, 0xd4, 0x0f, 0xcc, 0x2f, 0xcc, 0x0f, 0xcc,
    0x0f, 0xd4, 0x0e, 0xd4, 0x0e, 0xd4, 0x0e, 0xd4, 0x0f, 0xcc, 0x0e, 0xd4,
    0xee, 0xd3, 0xee, 0xd3, 0xee, 0xcb, 0xee, 0xcb, 0xef, 0xd3, 0xee, 0xd3,
    0xee, 0xcb, 0xee, 0xd3, 0xee, 0xd3, 0xef, 0xcb, 0xee, 0xd3, 0xee, 0xd3,
    0xee, 0xd3, 0xcd, 0xdb, 0xad, 0xdb, 0xad, 0xdb, 0xad, 0xdb, 0xad, 0xdb,
    0xad, 0xdb, 0xad, 0xdb, 0xad, 0xdb, 0xad, 0xd3, 0xad, 0xd3, 0xad, 0xdb,
    0xad, 0xdb, 0xad, 0xdb, 0xad, 0xdb, 0xad, 0xdb, 0xad, 0xdb, 0x8d, 0xdb,
    0x8d, 0xd3, 0x8d, 0xd3, 0xae, 0xd3, 0xae, 0xcb, 0xae, 0xcb, 0xaf, 0xbb,
    0xb0, 0xb3, 0xb0, 0xab, 0xb0, 0xab, 0xb1, 0xab, 0xb1, 0xab, 0xb1, 0xab,
    0xb1, 0xa3, 0xb1, 0xa3, 0xaf, 0xbb, 0xaf, 0xc3, 0xaf, 0xc3, 0xaf, 0xbb,
    0xcf, 0xbb, 0xd0, 0xbb, 0xd0, 0xb3, 0xcf, 0xbb, 0xd0, 0xbb, 0xd0, 0xbb,
    0xef, 0xbb, 0xf0, 0xbb, 0xef, 0xbb, 0xef, 0xc3, 0x10, 0xc4, 0x10, 0xc4,
    0x0f, 0xc4, 0x0f, 0xcc, 0x0f, 0xcc, 0x2f, 0xcc, 0x2f, 0xd4, 0x2f, 0xcc,
    0x0f, 0xcc, 0x2f, 0xd4, 0x0f, 0xcc, 0x2f, 0xcc, 0xf0, 0xbb, 0xf2, 0xb3,
    0xf1, 0xab, 0xf2, 0xab, 0x12, 0xac, 0xf2, 0xa3, 0x12, 0xa4, 0x33, 0x9c,
    0x73, 0x94, 0xb4, 0x94, 0xb3, 0x8c, 0xb3, 0x8c, 0xd3, 0x94, 0xd4, 0x8c,
    0xd4, 0x8c, 0xd4, 0x8c, 0xb4, 0x94, 0xb4, 0x94, 0xd4, 0x8c, 0xf4, 0x8c,
    0xd4, 0x8c, 0xf4, 0x8c, 0xf4, 0x8c, 0xf4, 0x8c, 0x14, 0x8d, 0x35, 0x7d,
    0x75, 0x7d, 0x75, 0x75, 0x96, 0x7d, 0x95, 0x75, 0x75, 0x75, 0x76, 0x7d,
    0x75, 0x7d, 0x95, 0x75, 0x75, 0x75, 0x95, 0x75, 0x96, 0x7d, 0x76, 0x7d,
    0x95, 0x7d, 0x75, 0x75, 0x95, 0x7d, 0x75, 0x75, 0x76, 0x7d, 0x95, 0x7d,
    0x95, 0x7d, 0x95, 0x7d, 0x75, 0x7d, 0x75, 0x7d, 0x54, 0x85, 0x34, 0x8d,
    0x34, 0x8d, 0x54, 0x85, 0x55, 0x8d, 0x34, 0x8d, 0x14, 0x95, 0xf4, 0x9c,
    0xd3, 0x9c, 0xd3, 0xa4, 0xb3, 0xa4, 0x72, 0xac, 0x72, 0xb4, 0x72, 0xb4,
    0x72, 0xb4, 0x72, 0xb4, 0x52, 0xb4, 0x72, 0xb4, 0x72, 0xac, 0x73, 0xb4,
    0x72, 0xb4, 0x73, 0xb4, 0x73, 0xb4, 0x73, 0xb4, 0x72, 0xb4, 0x92, 0xbc,
    0x91, 0xc4, 0xb2, 0xcc, 0xb1, 0xcc, 0xb0, 0xd4, 0xb0, 0xdc, 0xb0, 0xdc,
    0xd0, 0xdc, 0x31, 0xe5, 0x73, 0xed, 0x73, 0xed, 0x73, 0xed, 0x72, 0xed,
    0x73, 0xed, 0x73, 0xf5, 0x72, 0xed, 0x73, 0xed, 0x93, 0xed, 0x93, 0xed,
    0x73, 0xed, 0x72, 0xed, 0x72, 0xed, 0x72, 0xed, 0x93, 0xed, 0x93, 0xed,
    0x92, 0xed, 0x73, 0xed, 0x93, 0xf5, 0x72, 0xf5, 0x72, 0xf5, 0x72, 0xf5,
    0x71, 0xf5, 0x31, 0xf5, 0x51, 0xed, 0x11, 0xdd, 0x52, 0xbd, 0xb6, 0x7d,
    0xb6, 0x75, 0xb6, 0x75, 0x96, 0x7d, 0xb6, 0x75, 0x96, 0x75, 0x95, 0x7d,
    0x74, 0x9d, 0x53, 0xbd, 0x53, 0xbd, 0x32, 0xc5, 0x33, 0xbd, 0x32, 0xbd,
    0x33, 0xb5, 0x53, 0xad, 0x75, 0x95, 0x95, 0x85, 0x95, 0x85, 0x95, 0x85,
    0x95, 0x85, 0x95, 0x85, 0x95, 0x85, 0x95, 0x85, 0x95, 0x85, 0x95, 0x85,
    0x95, 0x7d, 0xb6, 0x7d, 0x96, 0x7d, 0xb5, 0x75, 0x96, 0x7d, 0x96, 0x7d,
    0xb6, 0x75, 0x95, 0x7d, 0x96, 0x7d, 0x96, 0x75, 0xb5, 0x7d, 0x96, 0x7d,
    0xb6, 0x7d, 0x96, 0x7d, 0x95, 0x75, 0xb6, 0x75, 0xb6, 0x7d, 0x95, 0x75,
    0xb6, 0x75, 0x96, 0x7d, 0x95, 0x7d, 0x95, 0x7d, 0x95, 0x7d, 0x95, 0x7d,
    0x95, 0x7d, 0x76, 0x7d, 0x95, 0x7d, 0x95, 0x7d, 0x75, 0x7d, 0x95, 0x7d,
    0x95, 0x7d, 0x75, 0x7d, 0x95, 0x7d, 0x75, 0x7d, 0x75, 0x7d, 0x75, 0x7d,
    0x95, 0x75, 0x95, 0x7d, 0x75, 0x7d, 0x75, 0x7d, 0x74, 0x85, 0x54, 0x85,
    0x75, 0x7d, 0x75, 0x7d, 0x74, 0x7d, 0x54, 0x8d, 0xf1, 0xc4, 0xd1, 0xd4,
    0xb0, 0xdc, 0xb0, 0xdc, 0x11, 0xe5, 0x72, 0xed, 0x31, 0xed, 0x11, 0xed,
    0x32, 0xed, 0x72, 0xf5, 0x72, 0xf5, 0x73, 0xf5, 0x92, 0xf5, 0x72, 0xf5,
    0x73, 0xf5, 0x92, 0xed, 0x73, 0xf5, 0x72, 0xed, 0x72, 0xf5, 0x72, 0xf5,
    0x73, 0xf5, 0x73, 0xf5, 0x72, 0xf5, 0x93, 0xf5, 0x93, 0xf5, 0x73, 0xf5,
    0x73, 0xf5, 0x72, 0xf5, 0x93, 0xf5, 0x93, 0xf5, 0x72, 0xf5, 0x72, 0xf5,
    0x32, 0xed, 0xb1, 0xe4, 0xb0, 0xdc, 0x90, 0xdc, 0x90, 0xd4, 0x71, 0xd4,
    0x71, 0xcc, 0x70, 0xcc, 0x70, 0xcc, 0x50, 0xcc, 0x30, 0xcc, 0x50, 0xcc,
    0x30, 0xcc, 0x30, 0xcc, 0x30, 0xcc, 0x2f, 0xcc, 0x10, 0xcc, 0x30, 0xcc,
    0x2f, 0xcc, 0x30, 0xcc, 0x2f, 0xd4, 0x2f, 0xd4, 0x2f, 0xd4, 0x2f, 0xd4,
    0x0f, 0xcc, 0x2f, 0xd4, 0x0f, 0xd4, 0x2f, 0xd4, 0x0f, 0xcc, 0x0f, 0xcc,
    0x2f, 0xcc, 0x0f, 0xd4, 0x0f, 0xd4, 0x0f, 0xd4, 0x0e, 0xd4, 0x0e, 0xcc,
    0x0f, 0xd4, 0x0f, 0xd4, 0x0e, 0xd4, 0x0f, 0xcc, 0xef, 0xd3, 0xee, 0xd3,
    0xee, 0xd3, 0x0f, 0xd4, 0xee, 0xcb, 0xee, 0xcb, 0xee, 0xd3, 0xee, 0xd3,
    0xef, 0xd3, 0xee, 0xcb, 0xce, 0xd3, 0xee, 0xd3, 0xce, 0xd3, 0xce, 0xd3,
    0xce, 0xd3, 0xcd, 0xdb, 0xce, 0xd3, 0xce, 0xd3, 0xcd, 0xd3, 0xcd, 0xd3,
    0xad, 0xd3, 0xad, 0xdb, 0xad, 0xdb, 0xad, 0xdb, 0x8d, 0xdb, 0x8d, 0xdb,
    0xad, 0xdb, 0xad, 0xd3, 0x8d, 0xd3, 0xad, 0xd3, 0x8e, 0xd3, 0x8e, 0xcb,
    0x8e, 0xcb, 0xae, 0xcb, 0xaf, 0xbb, 0xb0, 0xb3, 0xb0, 0xb3, 0xb0, 0xab,
    0xb0, 0xab, 0xb0, 0xab, 0x90, 0xab, 0x90, 0xab, 0xae, 0xc3, 0xaf, 0xc3,
    0xaf, 0xc3, 0xcf, 0xbb, 0xcf, 0xbb, 0xcf, 0xbb, 0xd0, 0xbb, 0xd0, 0xbb,
    0xf0, 0xbb, 0xef, 0xbb, 0xf0, 0xbb, 0xf0, 0xbb, 0xef, 0xc3, 0xf0, 0xc3,
    0xef, 0xc3, 0x0f, 0xc4, 0x0f, 0xcc, 0x0f, 0xcc, 0x2f, 0xcc, 0x2f, 0xd4,
    0x2f, 0xd4, 0x2f, 0xd4, 0x2f, 0xcc, 0x2f, 0xd4, 0x0f, 0xcc, 0x10, 0xc4,
    0xf0, 0xbb, 0xf1, 0xab, 0xf2, 0xab, 0xf2, 0xab, 0xf2, 0xab, 0xf2, 0xa3,
    0x12, 0xa4, 0x12, 0xa4, 0x33, 0xa4, 0x53, 0x9c, 0x73, 0x94, 0x93, 0x94,
    0x73, 0x9c, 0x73, 0x9c, 0x73, 0x9c, 0x93, 0x94, 0x93, 0x94, 0xb3, 0x94,
    0xb4, 0x94, 0xd4, 0x8c, 0xd4, 0x8c, 0xd4, 0x8c, 0xd4, 0x8c, 0xd4, 0x8c,
    0xd4, 0x8c, 0xf4, 0x8c, 0x35, 0x85, 0x55, 0x7d, 0x75, 0x75, 0x95, 0x7d,
    0x95, 0x7d, 0x75, 0x75, 0x95, 0x75, 0x95, 0x7d, 0x75, 0x7d, 0x76, 0x7d,
    0x95, 0x7d, 0x96, 0x7d, 0x95, 0x75, 0x76, 0x7d, 0x75, 0x7d, 0x75, 0x7d,
    0x75, 0x7d, 0x75, 0x7d, 0x75, 0x7d, 0x95, 0x7d, 0x76, 0x7d, 0x95, 0x7d,
    0x96, 0x7d, 0x75, 0x85, 0x35, 0x85, 0x34, 0x8d, 0x14, 0x95, 0xf4, 0x94,
    0xd3, 0x9c, 0xb3, 0xac, 0x93, 0xac, 0x92, 0xac, 0x92, 0xb4, 0x72, 0xb4,
    0x72, 0xb4, 0x52, 0xb4, 0x72, 0xbc, 0x72, 0xb4, 0x52, 0xb4, 0x72, 0xbc,
    0x72, 0xb4, 0x73, 0xb4, 0x72, 0xb4, 0x52, 0xb4, 0x52, 0xb4, 0x72, 0xb4,
    0x72, 0xbc, 0x71, 0xc4, 0x91, 0xcc, 0x91, 0xcc, 0x91, 0xcc, 0x90, 0xd4,
    0xb0, 0xd4, 0xb0, 0xdc, 0xb0, 0xdc, 0x11, 0xe5, 0x52, 0xed, 0x72, 0xf5,
    0x73, 0xf5, 0x72, 0xf5, 0x73, 0xf5, 0x73, 0xf5, 0x72, 0xf5, 0x73, 0xed,
    0x93, 0xed, 0x72, 0xed, 0x92, 0xed, 0x93, 0xed, 0x72, 0xed, 0x93, 0xed,
    0x93, 0xed, 0x92, 0xed, 0x92, 0xed, 0x73, 0xed, 0x72, 0xf5, 0x72, 0xed,
    0x72, 0xed, 0x72, 0xf5, 0x51, 0xf5, 0x30, 0xf5, 0x31, 0xed, 0x31, 0xcd,
    0x74, 0xad, 0x96, 0x7d, 0xb6, 0x75, 0x95, 0x75, 0xb5, 0x7d, 0xb6, 0x75,
    0xb6, 0x75, 0x95, 0x75, 0xb6, 0x7d, 0x95, 0x85, 0x53, 0xad, 0x32, 0xd5,
    0x53, 0xb5, 0x95, 0x95, 0x95, 0x8d, 0x95, 0x8d, 0x96, 0x85, 0x95, 0x85,
    0x96, 0x85, 0x96, 0x85, 0x95, 0x85, 0x96, 0x85, 0x95, 0x85, 0x95, 0x85,
    0x96, 0x85, 0x96, 0x7d, 0xb6, 0x7d, 0xb5, 0x7d, 0x96, 0x75, 0xb5, 0x75,
    0x95, 0x75, 0xb6, 0x75, 0xb6, 0x75, 0x95, 0x75, 0x96, 0x75, 0xb6, 0x7d,
    0x96, 0x75, 0xb5, 0x75, 0x96, 0x75, 0xb6, 0x75, 0x95, 0x7d, 0xb6, 0x7d,
    0x96, 0x7d, 0xb5, 0x7d, 0xb6, 0x7d, 0x95, 0x7d, 0x95, 0x7d, 0x95, 0x85,
    0x95, 0x85, 0x95, 0x85, 0x95, 0x85, 0x95, 0x85, 0x96, 0x85, 0x75, 0x7d,
    0x75, 0x7d, 0x95, 0x85, 0x75, 0x85, 0x95, 0x85, 0x75, 0x7d, 0x95, 0x7d,
    0x95, 0x7d, 0x75, 0x7d, 0x75, 0x7d, 0x95, 0x7d, 0x75, 0x7d, 0x95, 0x7d,
    0x74, 0x85, 0x54, 0x8d, 0x75, 0x8d, 0x74, 0x8d, 0x54, 0x9d, 0x54, 0x8d,
    0x54, 0x9d, 0x12, 0xc5, 0xd1, 0xcc, 0xb0, 0xd4, 0xf1, 0xe4, 0x52, 0xed,
    0x72, 0xed, 0x32, 0xed, 0x52, 0xed, 0x72, 0xf5, 0x72, 0xf5, 0x73, 0xed,
    0x92, 0xf5, 0x72, 0xf5, 0x73, 0xf5, 0x92, 0xf5, 0x92, 0xf5, 0x93, 0xf5,
    0x92, 0xf5, 0x92, 0xf5, 0x72, 0xed, 0x72, 0xf5, 0x93, 0xf5, 0x73, 0xf5,
    0x93, 0xf5, 0x92, 0xf5, 0x92, 0xf5, 0x73, 0xf5, 0x92, 0xf5, 0x92, 0xfd,
    0x73, 0xf5, 0x73, 0xf5, 0x11, 0xed, 0xd1, 0xe4, 0xd1, 0xe4, 0xd1, 0xe4,
    0xb1, 0xdc, 0xb1, 0xdc, 0x90, 0xdc, 0x90, 0xd4, 0x50, 0xcc, 0x30, 0xcc,
    0x50, 0xcc, 0x30, 0xcc, 0x50, 0xcc, 0x30, 0xcc, 0x30, 0xcc, 0x30, 0xcc,
    0x30, 0xcc, 0x30, 0xcc, 0x30, 0xcc, 0x30, 0xcc, 0x2f, 0xcc, 0x2f, 0xd4,
    0x2f, 0xd4, 0x2f, 0xd4, 0x2f, 0xd4, 0x0f, 0xd4, 0x2f, 0xd4, 0x0f, 0xd4,
    0x2f, 0xcc, 0x2f, 0xd4, 0x0f, 0xd4, 0x0f, 0xd4, 0x2e, 0xd4, 0x0f, 0xd4,
    0x0f, 0xcc, 0x0e, 0xd4, 0x0f, 0xd4, 0x0e, 0xd4, 0x0e, 0xcc, 0xef, 0xd3,
    0xef, 0xd3, 0x0e, 0xcc, 0xee, 0xcb, 0xee, 0xd3, 0xee, 0xd3, 0xee, 0xd3,
    0xee, 0xd3, 0xee, 0xd3, 0xee, 0xd3, 0xee, 0xd3, 0xee, 0xd3, 0xce, 0xd3,
    0xee, 0xd3, 0xce, 0xd3, 0xcd, 0xd3, 0xce, 0xd3, 0xce, 0xd3, 0xce, 0xd3,
    0xcd, 0xdb, 0xce, 0xdb, 0xad, 0xd3, 0xad, 0xdb, 0xad, 0xdb, 0x8d, 0xdb,
    0x8c, 0xdb, 0x8d, 0xdb, 0x8d, 0xdb, 0xad, 0xdb, 0xad, 0xdb, 0x8d, 0xdb,
    0xad, 0xd3, 0xad, 0xd3, 0x8e, 0xcb, 0x8e, 0xcb, 0xae, 0xc3, 0xb0, 0xbb,
    0xb0, 0xbb, 0xb0, 0xb3, 0x90, 0xb3, 0xb0, 0xb3, 0x90, 0xb3, 0x90, 0xb3,
    0xaf, 0xc3, 0xae, 0xbb, 0xcf, 0xbb, 0xaf, 0xbb, 0xcf, 0xbb, 0xcf, 0xbb,
    0xcf, 0xbb, 0xcf, 0xbb, 0xcf, 0xbb, 0xf0, 0xbb, 0xef, 0xbb, 0xef, 0xc3,
    0xef, 0xc3, 0x0f, 0xc4, 0x0f, 0xcc, 0x0f, 0xcc, 0x2f, 0xd4, 0x0f, 0xd4,
    0x0f, 0xd4, 0x2f, 0xcc, 0x2f, 0xd4, 0x0f, 0xd4, 0x2f, 0xd4, 0x2f, 0xd4,
    0x2f, 0xcc, 0xf0, 0xbb, 0xf1, 0xbb, 0xf1, 0xb3, 0xf2, 0xab, 0xf2, 0xab,
    0xf2, 0xab, 0xf2, 0xab, 0x12, 0xa4, 0x12, 0xa4, 0x12, 0xa4, 0x33, 0xa4,
    0x33, 0xa4, 0x53, 0x9c, 0x73, 0x9c, 0x73, 0x9c, 0x53, 0x9c, 0x73, 0x9c,
    0x73, 0x9c, 0x93, 0x9c, 0xb3, 0x94, 0xb4, 0x94, 0xd3, 0x94, 0xd4, 0x8c,
    0xd4, 0x94, 0xb3, 0x94, 0xd4, 0x94, 0xd4, 0x94, 0x14, 0x8d, 0x35, 0x85,
    0x55, 0x7d, 0x75, 0x75, 0x75, 0x75, 0x95, 0x75, 0x76, 0x7d, 0x75, 0x7d,
    0x75, 0x75, 0x95, 0x75, 0x75, 0x7d, 0x75, 0x7d, 0x75, 0x7d, 0x75, 0x7d,
    0x96, 0x7d, 0x96, 0x7d, 0x75, 0x75, 0x76, 0x75, 0x75, 0x7d, 0x75, 0x75,
    0x96, 0x7d, 0x75, 0x7d, 0x95, 0x7d, 0x95, 0x7d, 0x95, 0x7d, 0x75, 0x7d,
    0x55, 0x8d, 0x34, 0x8d, 0x14, 0x95, 0xd3, 0xa4, 0x93, 0xac, 0x92, 0xb4,
    0x72, 0xb4, 0x52, 0xb4, 0x52, 0xb4, 0x72, 0xbc, 0x72, 0xbc, 0x72, 0xbc,
    0x72, 0xbc, 0x72, 0xb4, 0x52, 0xb4, 0x52, 0xb4, 0x51, 0xbc, 0x51, 0xbc,
    0x51, 0xbc, 0x51, 0xbc, 0x51, 0xc4, 0x50, 0xcc, 0x50, 0xcc, 0x70, 0xcc,
    0x90, 0xc4, 0x90, 0xcc, 0x90, 0xd4, 0xb0, 0xd4, 0xb0, 0xdc, 0xf0, 0xdc,
    0x32, 0xed, 0x72, 0xed, 0x72, 0xed, 0x73, 0xed, 0x72, 0xf5, 0x72, 0xed,
    0x72, 0xed, 0x73, 0xf5, 0x72, 0xed, 0x72, 0xed, 0x72, 0xf5, 0x92, 0xed,
    0x93, 0xf5, 0x93, 0xed, 0x93, 0xed, 0x92, 0xed, 0x93, 0xed, 0x93, 0xed,
    0x92, 0xed, 0x72, 0xf5, 0x72, 0xf5, 0x51, 0xed, 0x31, 0xf5, 0x31, 0xed,
    0x31, 0xdd, 0x73, 0xad, 0x74, 0xa5, 0x96, 0x75, 0x95, 0x7d, 0x95, 0x7d,
    0x96, 0x75, 0xb6, 0x7d, 0x95, 0x7d, 0xb6, 0x75, 0xb6, 0x75, 0x95, 0x7d,
    0x74, 0xa5, 0x32, 0xd5, 0x32, 0xd5, 0x53, 0xb5, 0x75, 0x95, 0x95, 0x85,
    0x95, 0x85, 0x95, 0x85, 0xb5, 0x8d, 0x96, 0x85, 0x95, 0x85, 0xb6, 0x85,
    0xb6, 0x85, 0xb5, 0x85, 0xb6, 0x7d, 0xb6, 0x7d, 0x95, 0x7d, 0x96, 0x75,
    0xb6, 0x7d, 0x96, 0x75, 0xb5, 0x7d, 0x96, 0x7d, 0xb5, 0x7d, 0xb6, 0x75,
    0xb5, 0x7d, 0x96, 0x7d, 0xb5, 0x75, 0x96, 0x7d, 0xb5, 0x7d, 0xb6, 0x7d,
    0x95, 0x75, 0x96, 0x7d, 0xb5, 0x7d, 0x95, 0x7d, 0x95, 0x7d, 0x95, 0x7d,
    0x95, 0x85, 0x95, 0x85, 0x96, 0x7d, 0x95, 0x7d, 0x75, 0x85, 0x95, 0x7d,
    0x95, 0x85, 0x95, 0x85, 0x95, 0x85, 0x75, 0x8d, 0x75, 0x8d, 0x75, 0x8d,
    0x74, 0x8d, 0x74, 0x8d, 0x74, 0x8d, 0x74, 0x8d, 0x74, 0x8d, 0x75, 0x85,
    0x95, 0x7d, 0x75, 0x7d, 0x54, 0x8d, 0x74, 0x95, 0x54, 0x95, 0x52, 0xcd,
    0x52, 0xcd, 0x32, 0xbd, 0x12, 0xc5, 0x12, 0xbd, 0x11, 0xc5, 0xd1, 0xc4,
    0xf1, 0xdc, 0x52, 0xed, 0x72, 0xed, 0x72, 0xed, 0x72, 0xed, 0x72, 0xf5,
    0x73, 0xf5, 0x72, 0xf5, 0x72, 0xf5, 0x73, 0xf5, 0x72, 0xf5, 0x92, 0xf5,
    0x73, 0xed, 0x72, 0xf5, 0x73, 0xf5, 0x73, 0xed, 0x72, 0xf5, 0x93, 0xf5,
    0x93, 0xf5, 0x72, 0xf5, 0x93, 0xfd, 0x93, 0xfd, 0x73, 0xf5, 0x73, 0xfd,
    0x92, 0xf5, 0x73, 0xf5, 0x73, 0xf5, 0x73, 0xf5, 0x73, 0xf5, 0x73, 0xf5,
    0x73, 0xf5, 0x53, 0xf5, 0x52, 0xed, 0x52, 0xed, 0xd1, 0xe4, 0x50, 0xcc,
    0x50, 0xcc, 0x50, 0xcc, 0x50, 0xcc, 0x50, 0xcc, 0x30, 0xcc, 0x50, 0xcc,
    0x50, 0xcc, 0x30, 0xcc, 0x30, 0xcc, 0x2f, 0xcc, 0x30, 0xcc, 0x30, 0xcc,
    0x2f, 0xcc, 0x2f, 0xd4, 0x2f, 0xd4, 0x0f, 0xd4, 0x2f, 0xd4, 0x2f, 0xd4,
    0x0f, 0xd4, 0x2f, 0xd4, 0x0f, 0xcc, 0x2f, 0xcc, 0x2f, 0xd4, 0x2f, 0xd4,
    0x0f, 0xcc, 0x0e, 0xd4, 0x2f, 0xd4, 0x0e, 0xd4, 0x0f, 0xd4, 0x0e, 0xcc,
    0x0e, 0xd4, 0xee, 0xd3, 0xef, 0xcb, 0xee, 0xd3, 0x0e, 0xd4, 0xee, 0xd3,
    0xef, 0xd3, 0xee, 0xd3, 0xee, 0xd3, 0xee, 0xd3, 0xee, 0xd3, 0xee, 0xd3,
    0xee, 0xd3, 0xee, 0xd3, 0xee, 0xd3, 0xce, 0xd3, 0xcd, 0xd3, 0xce, 0xd3,
    0xcd, 0xd3, 0xce, 0xdb, 0xce, 0xd3, 0xcd, 0xd3, 0xad, 0xdb, 0xad, 0xdb,
    0xad, 0xdb, 0x8c, 0xe3, 0xac, 0xdb, 0x8d, 0xdb, 0x8d, 0xdb, 0x8d, 0xdb,
    0x8d, 0xdb, 0x8d, 0xdb, 0x8d, 0xd3, 0x8d, 0xd3, 0x8e, 0xd3, 0x8e, 0xd3,
    0x8e, 0xcb, 0x8e, 0xcb, 0x8f, 0xc3, 0x8f, 0xc3, 0x8e, 0xc3, 0x8e, 0xc3,
    0x8e, 0xc3, 0x8e, 0xc3, 0xaf, 0xc3, 0xcf, 0xbb, 0xaf, 0xc3, 0xaf, 0xc3,
    0xcf, 0xc3, 0xcf, 0xbb, 0xcf, 0xc3, 0xcf, 0xbb, 0xcf, 0xc3, 0xef, 0xc3,
    0xef, 0xc3, 0xef, 0xc3, 0x0f, 0xcc, 0x0f, 0xcc, 0x0f, 0xcc, 0x0f, 0xcc,
    0x0f, 0xcc, 0x0f, 0xcc, 0x2f, 0xcc, 0x2f, 0xcc, 0x2f, 0xcc, 0x2f, 0xcc,
    0x2f, 0xd4, 0x2f, 0xd4, 0x10, 0xc4, 0xf0, 0xbb, 0xf0, 0xbb, 0xf1, 0xb3,
    0x12, 0xac, 0xf2, 0xab, 0xf2, 0xab, 0x12, 0xac, 0x12, 0xa4, 0x12, 0xac,
    0x13, 0xac, 0x12, 0xa4, 0x13, 0xa4, 0x32, 0xa4, 0x33, 0xa4, 0x53, 0xa4,
    0x53, 0x9c, 0x53, 0xa4, 0x73, 0x9c, 0x73, 0x9c, 0x93, 0x9c, 0xb3, 0x94,
    0xf4, 0x8c, 0xd4, 0x8c, 0xd4, 0x8c, 0xd3, 0x94, 0xd4, 0x8c, 0xd4, 0x8c,
    0xf3, 0x8c, 0x34, 0x85, 0x35, 0x85, 0x55, 0x7d, 0x75, 0x7d, 0x96, 0x7d,
    0x75, 0x75, 0x95, 0x7d, 0x96, 0x7d, 0x75, 0x75, 0x96, 0x7d, 0x95, 0x7d,
    0x75, 0x7d, 0x75, 0x75, 0x75, 0x7d, 0x75, 0x7d, 0x75, 0x7d, 0x95, 0x7d,
    0x76, 0x7d, 0x75, 0x7d, 0x95, 0x7d, 0x75, 0x7d, 0x75, 0x7d, 0x95, 0x7d,
    0x95, 0x7d, 0x95, 0x7d, 0x75, 0x7d, 0x75, 0x85, 0x75, 0x85, 0x75, 0x85,
    0x14, 0x95, 0xf4, 0x9c, 0xd3, 0xa4, 0xb3, 0xac, 0x73, 0xb4, 0x72, 0xb4,
    0x72, 0xb4, 0x52, 0xb4, 0x72, 0xbc, 0x72, 0xbc, 0x51, 0xbc, 0x31, 0xc4,
    0x31, 0xbc, 0x31, 0xbc, 0x31, 0xbc, 0x31, 0xc4, 0x30, 0xcc, 0x30, 0xcc,
    0x30, 0xcc, 0x2f, 0xcc, 0x70, 0xc4, 0x70, 0xc4, 0x90, 0xc4, 0xb0, 0xd4,
    0xb0, 0xdc, 0xd0, 0xdc, 0xf0, 0xe4, 0x51, 0xed, 0x72, 0xf5, 0x72, 0xf5,
    0x92, 0xf5, 0x93, 0xf5, 0x72, 0xed, 0x72, 0xf5, 0x93, 0xed, 0x73, 0xf5,
    0x72, 0xed, 0x93, 0xed, 0x93, 0xed, 0x93, 0xed, 0x92, 0xed, 0x93, 0xf5,
    0x92, 0xf5, 0x72, 0xf5, 0x72, 0xf5, 0x72, 0xed, 0x51, 0xed, 0x31, 0xed,
    0x31, 0xed, 0x31, 0xe5, 0x73, 0xad, 0x74, 0xad, 0x95, 0x8d, 0x95, 0x75,
    0x96, 0x75, 0x96, 0x7d, 0xb6, 0x75, 0x95, 0x75, 0x96, 0x7d, 0x95, 0x7d,
    0x95, 0x85, 0x96, 0x7d, 0x95, 0x95, 0x73, 0xb5, 0x52, 0xc5, 0x52, 0xcd,
    0x95, 0x95, 0x95, 0x85, 0xb5, 0x85, 0x96, 0x85, 0x96, 0x85, 0x95, 0x85,
    0x95, 0x85, 0x96, 0x85, 0xb6, 0x85, 0x96, 0x85, 0x95, 0x7d, 0xb6, 0x7d,
    0x96, 0x7d, 0xb6, 0x75, 0xb6, 0x7d, 0x96, 0x7d, 0x96, 0x7d, 0xb5, 0x7d,
    0x96, 0x7d, 0x96, 0x7d, 0xb5, 0x75, 0x96, 0x7d, 0xb6, 0x7d, 0xb5, 0x75,
    0x96, 0x7d, 0xb6, 0x7d, 0xb5, 0x7d, 0x95, 0x7d, 0xb6, 0x7d, 0xb5, 0x7d,
    0x96, 0x7d, 0x95, 0x85, 0x95, 0x85, 0x95, 0x85, 0x95, 0x85, 0x95, 0x85,
    0x95, 0x7d, 0x95, 0x85, 0x75, 0x8d, 0x74, 0x95, 0x73, 0x9d, 0x53, 0xa5,
    0x53, 0xa5, 0x53, 0xa5, 0x52, 0xad, 0x52, 0xad, 0x53, 0xa5, 0x54, 0x95,
    0x75, 0x85, 0x95, 0x7d, 0x95, 0x7d, 0x75, 0x7d, 0x54, 0x8d, 0x54, 0x95,
    0x53, 0xbd, 0x32, 0xdd, 0x12, 0xcd, 0x12, 0xcd, 0x12, 0xcd, 0x12, 0xc5,
    0xf2, 0xac, 0xd1, 0xac, 0xf1, 0xcc, 0x31, 0xed, 0x52, 0xed, 0x52, 0xed,
    0x72, 0xf5, 0x72, 0xed, 0x72, 0xf5, 0x93, 0xf5, 0x92, 0xed, 0x73, 0xed,
    0x72, 0xf5, 0x72, 0xf5, 0x73, 0xed, 0x72, 0xf5, 0x73, 0xf5, 0x73, 0xf5,
    0x73, 0xf5, 0x92, 0xf5, 0x93, 0xf5, 0x92, 0xf5, 0x93, 0xf5, 0x93, 0xf5,
    0x93, 0xf5, 0x92, 0xf5, 0x73, 0xf5, 0x93, 0xf5, 0x92, 0xf5, 0x92, 0xf5,
    0x93, 0xf5, 0x93, 0xf5, 0x72, 0xf5, 0x72, 0xf5, 0x52, 0xf5, 0xf2, 0xe4,
    0x70, 0xcc, 0x50, 0xcc, 0x50, 0xcc, 0x50, 0xcc, 0x50, 0xcc, 0x50, 0xcc,
    0x30, 0xcc, 0x50, 0xcc, 0x30, 0xcc, 0x30, 0xcc, 0x30, 0xcc, 0x30, 0xcc,
    0x30, 0xcc, 0x30, 0xc4, 0x2f, 0xcc, 0x2f, 0xd4, 0x2f, 0xd4, 0x2f, 0xd4,
    0x0f, 0xcc, 0x2f, 0xd4, 0x2f, 0xd4, 0x0f, 0xd4, 0x0f, 0xd4, 0x0f, 0xd4,
    0x0f, 0xd4, 0x0e, 0xd4, 0x0e, 0xd4, 0x0f, 0xd4, 0x0e, 0xcc, 0x0f, 0xd4,
    0x0f, 0xd4, 0x0f, 0xcc, 0x0f, 0xd4, 0x0e, 0xd4, 0x0f, 0xcc, 0xee, 0xd3,
    0xee, 0xd3, 0xee, 0xcb, 0x0e, 0xd4, 0xee, 0xd3, 0xee, 0xd3, 0xee, 0xd3,
    0xee, 0xd3, 0xee, 0xd3, 0xce, 0xd3, 0xee, 0xd3, 0xce, 0xd3, 0xee, 0xd3,
    0xce, 0xdb, 0xed, 0xd3, 0xce, 0xdb, 0xcd, 0xd3, 0xcd, 0xd3, 0xcd, 0xd3,
    0xad, 0xdb, 0xad, 0xdb, 0xad, 0xe3, 0x8d, 0xe3, 0x8c, 0xe3, 0x8d, 0xe3,
    0x8c, 0xdb, 0x8d, 0xdb, 0x8d, 0xdb, 0x8d, 0xdb, 0x8d, 0xdb, 0xad, 0xd3,
    0x8d, 0xd3, 0x8d, 0xd3, 0x8d, 0xd3, 0x8d, 0xd3, 0x8e, 0xcb, 0x8e, 0xcb,
    0x8e, 0xcb, 0x6e, 0xcb, 0x6e, 0xcb, 0x8e, 0xcb, 0xaf, 0xc3, 0xcf, 0xbb,
    0xcf, 0xc3, 0xcf, 0xc3, 0xcf, 0xc3, 0xcf, 0xc3, 0xcf, 0xbb, 0xef, 0xc3,
    0xef, 0xc3, 0xef, 0xc3, 0xef, 0xc3, 0xef, 0xc3, 0x0f, 0xc4, 0xef, 0xc3,
    0x0f, 0xc4, 0x0f, 0xcc, 0x0f, 0xcc, 0x0f, 0xcc, 0x0f, 0xcc, 0x0f, 0xcc,
    0x2f, 0xd4, 0x0f, 0xcc, 0x2f, 0xcc, 0x0f, 0xcc, 0xf0, 0xc3, 0x10, 0xbc,
    0xf0, 0xbb, 0x11, 0xb4, 0x11, 0xb4, 0x11, 0xac, 0xf2, 0xab, 0x12, 0xa4,
    0xf2, 0xab, 0xf2, 0xab, 0x13, 0xac, 0x12, 0xac, 0x12, 0xac, 0x12, 0xac,
    0x13, 0xac, 0x32, 0xa4, 0x32, 0xa4, 0x33, 0xa4, 0x53, 0xa4, 0x53, 0xa4,
    0x73, 0xa4, 0x93, 0x9c, 0xd4, 0x8c, 0xf4, 0x84, 0x14, 0x8d, 0x14, 0x85,
    0xf4, 0x8c, 0xd4, 0x8c, 0xd4, 0x8c, 0x34, 0x85, 0x35, 0x85, 0x55, 0x7d,
    0x75, 0x7d, 0x75, 0x7d, 0x95, 0x75, 0x95, 0x7d, 0x75, 0x7d, 0x75, 0x7d,
    0x96, 0x7d, 0x96, 0x75, 0x95, 0x7d, 0x75, 0x7d, 0x96, 0x7d, 0x95, 0x7d,
    0x96, 0x7d, 0x95, 0x7d, 0x75, 0x7d, 0x95, 0x7d, 0x95, 0x7d, 0x75, 0x7d,
    0x96, 0x7d, 0x95, 0x7d, 0x96, 0x7d, 0x96, 0x7d, 0x75, 0x85, 0x75, 0x85,
    0x75, 0x85, 0x95, 0x7d, 0x34, 0x8d, 0x34, 0x95, 0x34, 0x95, 0x14, 0x95,
    0x14, 0x95, 0xb3, 0xa4, 0x72, 0xb4, 0x72, 0xb4, 0x72, 0xb4, 0x71, 0xb4,
    0x51, 0xb4, 0x71, 0xb4, 0xb2, 0xac, 0xb2, 0xa4, 0x91, 0xac, 0x91, 0xac,
    0xb2, 0xac, 0x91, 0xb4, 0x70, 0xbc, 0x4f, 0xc4, 0x6f, 0xc4, 0x90, 0xc4,
    0x91, 0xbc, 0x91, 0xc4, 0xb0, 0xc4, 0xd0, 0xd4, 0xef, 0xdc, 0x10, 0xe5,
    0x31, 0xed, 0x72, 0xf5, 0x72, 0xf5, 0x92, 0xf5, 0x92, 0xf5, 0x92, 0xf5,
    0x72, 0xf5, 0x92, 0xf5, 0x93, 0xed, 0x93, 0xed, 0x93, 0xed, 0x92, 0xed,
    0x72, 0xf5, 0x72, 0xf5, 0x72, 0xf5, 0x72, 0xf5, 0x71, 0xed, 0x51, 0xed,
    0x31, 0xed, 0x31, 0xed, 0x51, 0xe5, 0x52, 0xc5, 0x74, 0xa5, 0x94, 0x95,
    0xb5, 0x7d, 0xb6, 0x75, 0xb5, 0x75, 0xb6, 0x75, 0xb5, 0x7d, 0xb6, 0x75,
    0xb6, 0x7d, 0x94, 0x95, 0x95, 0x8d, 0x74, 0x9d, 0x73, 0xad, 0x74, 0xa5,
    0x95, 0x95, 0x95, 0x8d, 0x95, 0x85, 0xb6, 0x85, 0xb6, 0x85, 0xb6, 0x85,
    0x95, 0x85, 0xb6, 0x85, 0x95, 0x85, 0xb5, 0x85, 0xb6, 0x85, 0x95, 0x85,
    0x96, 0x7d, 0xb6, 0x7d, 0x96, 0x7d, 0xb6, 0x7d, 0x96, 0x7d, 0xb6, 0x7d,
    0xb6, 0x7d, 0xb6, 0x75, 0xb6, 0x7d, 0xb6, 0x7d, 0xb6, 0x7d, 0xb6, 0x7d,
    0xb6, 0x7d, 0xb6, 0x75, 0x95, 0x75, 0x96, 0x7d, 0xb6, 0x7d, 0xb5, 0x7d,
    0xb6, 0x7d, 0x96, 0x85, 0xb6, 0x85, 0x95, 0x7d, 0x96, 0x85, 0x95, 0x85,
    0x95, 0x85, 0x95, 0x85, 0x75, 0x8d, 0x53, 0xa5, 0x32, 0xb5, 0x32, 0xbd,
    0x32, 0xbd, 0x32, 0xbd, 0x32, 0xb5, 0x53, 0xad, 0x74, 0x9d, 0x74, 0x8d,
    0x75, 0x85, 0x95, 0x8d, 0x75, 0x85, 0x95, 0x7d, 0x95, 0x7d, 0x75, 0x85,
    0x54, 0x8d, 0x54, 0x95, 0x32, 0xcd, 0x32, 0xe5, 0x32, 0xd5, 0x12, 0xcd,
    0x11, 0xcd, 0x12, 0xcd, 0x12, 0xbd, 0xd1, 0xb4, 0xd0, 0xcc, 0x31, 0xed,
    0x52, 0xed, 0x72, 0xed, 0x72, 0xf5, 0x72, 0xed, 0x72, 0xed, 0x72, 0xf5,
    0x73, 0xf5, 0x72, 0xed, 0x72, 0xed, 0x72, 0xed, 0x72, 0xf5, 0x72, 0xed,
    0x92, 0xed, 0x72, 0xf5, 0x92, 0xf5, 0x72, 0xf5, 0x93, 0xf5, 0x93, 0xf5,
    0x72, 0xf5, 0x92, 0xfd, 0x93, 0xf5, 0x92, 0xf5, 0x73, 0xfd, 0x73, 0xfd,
    0x92, 0xf5, 0x72, 0xf5, 0x72, 0xf5, 0x73, 0xf5, 0x72, 0xf5, 0x72, 0xf5,
    0x32, 0xed, 0x91, 0xd4, 0x50, 0xcc, 0x50, 0xcc, 0x70, 0xcc, 0x70, 0xcc,
    0x50, 0xcc, 0x50, 0xcc, 0x50, 0xcc, 0x50, 0xcc, 0x50, 0xcc, 0x50, 0xcc,
    0x30, 0xcc, 0x2f, 0xcc, 0x2f, 0xcc, 0x30, 0xcc, 0x30, 0xcc, 0x2f, 0xd4,
    0x2f, 0xd4, 0x2f, 0xcc, 0x2f, 0xd4, 0x0f, 0xd4, 0x2f, 0xd4, 0x2f, 0xd4,
    0x2f, 0xd4, 0x2f, 0xd4, 0x0f, 0xd4, 0x2e, 0xd4, 0x2f, 0xd4, 0x2f, 0xd4,
    0x0f, 0xd4, 0x0e, 0xcc, 0x2f, 0xd4, 0x0e, 0xd4, 0x0e, 0xcc, 0x0f, 0xd4,
    0x0f, 0xd4, 0x0f, 0xcc, 0x0f, 0xd4, 0x0f, 0xcc, 0x0f, 0xcc, 0xee, 0xd3,
    0xee, 0xd3, 0xee, 0xd3, 0xee, 0xd3, 0xee, 0xd3, 0xee, 0xd3, 0xce, 0xd3,
    0xee, 0xd3, 0xee, 0xd3, 0xee, 0xd3, 0xcd, 0xd3, 0xce, 0xdb, 0xce, 0xdb,
    0xce, 0xdb, 0xcd, 0xdb, 0xcd, 0xdb, 0xcd, 0xdb, 0xad, 0xdb, 0xad, 0xdb,
    0xad, 0xe3, 0x8c, 0xe3, 0xad, 0xe3, 0xac, 0xe3, 0x8c, 0xe3, 0xad, 0xdb,
    0x8d, 0xdb, 0x8d, 0xdb, 0x8d, 0xdb, 0x8d, 0xd3, 0x8d, 0xd3, 0x8d, 0xd3,
    0x8d, 0xd3, 0x6d, 0xd3, 0x6d, 0xd3, 0x6d, 0xd3, 0x6d, 0xd3, 0x6d, 0xd3,
    0xaf, 0xbb, 0xaf, 0xbb, 0xcf, 0xbb, 0xcf, 0xc3, 0xcf, 0xbb, 0xcf, 0xc3,
    0xcf, 0xc3, 0xcf, 0xc3, 0xef, 0xc3, 0xef, 0xc3, 0xef, 0xcb, 0xef, 0xcb,
    0x0f, 0xc4, 0xef, 0xc3, 0xef, 0xcb, 0x0f, 0xcc, 0x0f, 0xcc, 0x0f, 0xcc,
    0x0f, 0xcc, 0x0f, 0xcc, 0x0f, 0xcc, 0x0f, 0xcc, 0x0f, 0xcc, 0x2f, 0xcc,
    0x0f, 0xcc, 0x10, 0xcc, 0x10, 0xc4, 0x11, 0xb4, 0x11, 0xb4, 0x12, 0xb4,
    0xf2, 0xab, 0x12, 0xa4, 0x12, 0xa4, 0xf3, 0xa3, 0x13, 0xac, 0x13, 0xa4,
    0x12, 0xac, 0x12, 0xac, 0x13, 0xa4, 0x12, 0xac, 0x12, 0xac, 0x33, 0xac,
    0x32, 0xa4, 0x33, 0xa4, 0x53, 0xa4, 0x53, 0xa4, 0x73, 0x9c, 0xd4, 0x94,
    0x14, 0x85, 0x34, 0x85, 0x14, 0x8d, 0xf4, 0x8c, 0xf4, 0x8c, 0xf4, 0x8c,
    0x14, 0x8d, 0x34, 0x85, 0x55, 0x85, 0x75, 0x7d, 0x95, 0x75, 0x95, 0x75,
    0x75, 0x7d, 0x95, 0x7d, 0x75, 0x75, 0x75, 0x7d, 0x75, 0x7d, 0x96, 0x7d,
    0x76, 0x75, 0x75, 0x7d, 0x95, 0x7d, 0x75, 0x75, 0x75, 0x7d, 0x96, 0x7d,
    0x75, 0x75, 0x95, 0x7d, 0x95, 0x7d, 0x96, 0x7d, 0x95, 0x7d, 0x95, 0x7d,
    0x95, 0x7d, 0x75, 0x85, 0x35, 0x8d, 0x75, 0x8d, 0x54, 0x8d, 0x34, 0x95,
    0x34, 0x95, 0x34, 0x95, 0x35, 0x95, 0x15, 0x95, 0x35, 0x8d, 0x75, 0x85,
    0x96, 0x7d, 0x96, 0x7d, 0x95, 0x7d, 0x96, 0x7d, 0xb5, 0x7d, 0x95, 0x7d,
    0x95, 0x7d, 0x95, 0x7d, 0x95, 0x7d, 0x95, 0x7d, 0x75, 0x85, 0x33, 0x95,
    0xf1, 0xa4, 0xd1, 0xac, 0xd1, 0xac, 0xd1, 0xac, 0xb0, 0xb4, 0xb0, 0xbc,
    0xb0, 0xbc, 0xb0, 0xc4, 0xaf, 0xcc, 0xf0, 0xdc, 0x31, 0xed, 0x52, 0xf5,
    0x72, 0xf5, 0x72, 0xf5, 0x72, 0xf5, 0x72, 0xf5, 0x72, 0xf5, 0x72, 0xf5,
    0x72, 0xf5, 0x72, 0xf5, 0x51, 0xf5, 0x52, 0xf5, 0x51, 0xed, 0x11, 0xed,
    0x30, 0xed, 0x31, 0xed, 0x31, 0xe5, 0x31, 0xe5, 0x52, 0xc5, 0x74, 0xa5,
    0x95, 0x8d, 0xb6, 0x7d, 0x96, 0x75, 0x96, 0x7d, 0x95, 0x7d, 0x74, 0x95,
    0x74, 0x9d, 0x95, 0x85, 0x96, 0x85, 0x95, 0x85, 0x95, 0x8d, 0x95, 0x8d,
    0x95, 0x8d, 0x75, 0x9d, 0x75, 0x95, 0x95, 0x8d, 0xb6, 0x85, 0xb6, 0x7d,
    0xb6, 0x85, 0x96, 0x7d, 0xb5, 0x7d, 0xb6, 0x85, 0xb6, 0x85, 0x96, 0x85,
    0xb6, 0x7d, 0xb5, 0x85, 0xb6, 0x7d, 0xb6, 0x7d, 0xb6, 0x7d, 0xb6, 0x7d,
    0xb6, 0x7d, 0xb6, 0x7d, 0xb6, 0x7d, 0xb6, 0x7d, 0xb6, 0x7d, 0xb6, 0x7d,
    0xb6, 0x7d, 0xb6, 0x7d, 0xb6, 0x7d, 0xb6, 0x7d, 0xb6, 0x7d, 0xb5, 0x7d,
    0x96, 0x7d, 0x95, 0x7d, 0x95, 0x7d, 0x95, 0x7d, 0x96, 0x7d, 0xb5, 0x7d,
    0x95, 0x85, 0x95, 0x85, 0x95, 0x8d, 0x74, 0x9d, 0x32, 0xb5, 0x31, 0xc5,
    0x31, 0xc5, 0x32, 0xbd, 0x52, 0xb5, 0x73, 0xa5, 0x94, 0x8d, 0x95, 0x85,
    0x95, 0x8d, 0x95, 0x8d, 0x95, 0x8d, 0x95, 0x85, 0x95, 0x85, 0x95, 0x7d,
    0x75, 0x85, 0x95, 0x85, 0x54, 0x8d, 0x54, 0x95, 0x53, 0xb5, 0x31, 0xdd,
    0x51, 0xe5, 0x32, 0xcd, 0x31, 0xcd, 0x32, 0xc5, 0x32, 0xbd, 0xf1, 0xcc,
    0xf0, 0xd4, 0x32, 0xed, 0x32, 0xed, 0x52, 0xed, 0x52, 0xed, 0x72, 0xed,
    0x72, 0xed, 0x72, 0xf5, 0x72, 0xf5, 0x72, 0xed, 0x72, 0xed, 0x72, 0xf5,
    0x72, 0xed, 0x72, 0xed, 0x72, 0xed, 0x72, 0xed, 0x72, 0xf5, 0x73, 0xf5,
    0x93, 0xf5, 0x92, 0xf5, 0x73, 0xf5, 0x93, 0xfd, 0x92, 0xf5, 0x93, 0xf5,
    0x92, 0xf5, 0x93, 0xf5, 0x93, 0xf5, 0x93, 0xfd, 0x72, 0xf5, 0x52, 0xf5,
    0x52, 0xf5, 0x52, 0xed, 0xd1, 0xdc, 0x90, 0xd4, 0x71, 0xcc, 0x91, 0xcc,
    0x70, 0xcc, 0x51, 0xcc, 0x50, 0xcc, 0x50, 0xcc, 0x50, 0xcc, 0x50, 0xcc,
    0x50, 0xcc, 0x30, 0xcc, 0x30, 0xcc, 0x0f, 0xcc, 0x30, 0xcc, 0x10, 0xcc,
    0x30, 0xcc, 0x2f, 0xcc, 0x2f, 0xd4, 0x2f, 0xd4, 0x2f, 0xd4, 0x2f, 0xcc,
    0x0f, 0xd4, 0x2f, 0xd4, 0x2f, 0xd4, 0x2f, 0xd4, 0x2f, 0xd4, 0x2f, 0xd4,
    0x2f, 0xd4, 0x0f, 0xd4, 0x0e, 0xd4, 0x0f, 0xd4, 0x0f, 0xd4, 0x0e, 0xd4,
    0x0f, 0xd4, 0x0f, 0xd4, 0x0e, 0xcc, 0x0f, 0xd4, 0x0f, 0xd4, 0x0e, 0xd4,
    0x0f, 0xd4, 0x0e, 0xd4, 0x0e, 0xd4, 0x0e, 0xd4, 0x0e, 0xdc, 0x0e, 0xdc,
    0x0e, 0xd4, 0xee, 0xdb, 0xee, 0xdb, 0xed, 0xdb, 0xee, 0xdb, 0xee, 0xd3,
    0xcd, 0xdb, 0xcd, 0xdb, 0xce, 0xd3, 0xce, 0xdb, 0xcd, 0xdb, 0xcd, 0xdb,
    0xcd, 0xdb, 0xad, 0xdb, 0xad, 0xdb, 0x8c, 0xe3, 0x8c, 0xe3, 0xad, 0xe3,
    0xad, 0xdb, 0x8c, 0xe3, 0x8c, 0xdb, 0x8d, 0xdb, 0xad, 0xdb, 0x8d, 0xdb,
    0x8d, 0xdb, 0x6c, 0xdb, 0x6d, 0xdb, 0x6c, 0xdb, 0x6d, 0xdb, 0x6c, 0xdb,
    0x6c, 0xdb, 0x6c, 0xdb, 0xcf, 0xc3, 0xcf, 0xc3, 0xcf, 0xbb, 0xaf, 0xc3,
    0xcf, 0xbb, 0xcf, 0xc3, 0xcf, 0xc3, 0xef, 0xc3, 0xef, 0xc3, 0xef, 0xc3,
    0xef, 0xc3, 0x0f, 0xcc, 0x0f, 0xc4, 0xef, 0xc3, 0x0f, 0xcc, 0x0f, 0xcc,
    0x0f, 0xcc, 0x0f, 0xcc, 0x0f, 0xcc, 0x0f, 0xcc, 0x0f, 0xcc, 0x2f, 0xcc,
    0x2f, 0xcc, 0x2f, 0xd4, 0x2f, 0xcc, 0x2f, 0xcc, 0x4f, 0xd4, 0x2f, 0xcc,
    0x30, 0xc4, 0x11, 0xb4, 0x12, 0xb4, 0x12, 0xac, 0x12, 0xac, 0x12, 0xac,
    0x12, 0xa4, 0xf2, 0xab, 0x13, 0xa4, 0x12, 0xac, 0x12, 0xac, 0x33, 0xa4,
    0x33, 0xac, 0x32, 0xa4, 0x32, 0xa4, 0x33, 0xa4, 0x52, 0xa4, 0x52, 0xa4,
    0x53, 0xa4, 0x73, 0x9c, 0xb3, 0x94, 0xd4, 0x94, 0x14, 0x8d, 0x14, 0x8d,
    0xf4, 0x8c, 0x14, 0x8d, 0xf4, 0x8c, 0x14, 0x8d, 0x35, 0x85, 0x35, 0x85,
    0x55, 0x7d, 0x76, 0x75, 0x96, 0x75, 0x95, 0x7d, 0x75, 0x7d, 0x75, 0x7d,
    0x96, 0x7d, 0x95, 0x7d, 0x75, 0x7d, 0x75, 0x7d, 0x95, 0x7d, 0x75, 0x7d,
    0x95, 0x7d, 0x75, 0x7d, 0x75, 0x7d, 0x95, 0x7d, 0x95, 0x7d, 0x96, 0x7d,
    0x95, 0x7d, 0x96, 0x7d, 0x95, 0x85, 0x95, 0x85, 0x55, 0x8d, 0x34, 0x95,
    0x55, 0x8d, 0x35, 0x95, 0x54, 0x95, 0x34, 0x95, 0x95, 0x85, 0xb6, 0x7d,
    0xb6, 0x7d, 0x95, 0x7d, 0x95, 0x7d, 0x96, 0x7d, 0x95, 0x7d, 0x95, 0x7d,
    0xb6, 0x7d, 0xb6, 0x7d, 0xb6, 0x7d, 0x96, 0x7d, 0x95, 0x7d, 0x95, 0x7d,
    0x96, 0x7d, 0x95, 0x7d, 0x95, 0x7d, 0x75, 0x85, 0x33, 0x95, 0xf1, 0xa4,
    0xd0, 0xac, 0xd1, 0xb4, 0xb0, 0xbc, 0x90, 0xbc, 0x90, 0xc4, 0xd0, 0xd4,
    0xf0, 0xdc, 0xf0, 0xe4, 0x30, 0xed, 0x31, 0xed, 0x31, 0xed, 0x31, 0xe5,
    0x10, 0xe5, 0x51, 0xed, 0x51, 0xf5, 0x31, 0xf5, 0x31, 0xed, 0x30, 0xed,
    0x11, 0xe5, 0x10, 0xe5, 0x10, 0xed, 0x31, 0xe5, 0x31, 0xd5, 0x31, 0xc5,
    0x32, 0xb5, 0x95, 0x85, 0xb6, 0x75, 0x95, 0x75, 0xb6, 0x7d, 0xb6, 0x75,
    0x74, 0x9d, 0x74, 0xa5, 0x95, 0x95, 0x95, 0x85, 0x95, 0x85, 0x96, 0x85,
    0x95, 0x8d, 0x95, 0x8d, 0x96, 0x85, 0x95, 0x85, 0x95, 0x85, 0xb5, 0x8d,
    0x96, 0x7d, 0x96, 0x7d, 0x95, 0x7d, 0x96, 0x85, 0xb6, 0x85, 0xb5, 0x7d,
    0x96, 0x85, 0x96, 0x85, 0xb5, 0x85, 0xb6, 0x85, 0xb6, 0x7d, 0xb6, 0x7d,
    0xb6, 0x7d, 0xb6, 0x75, 0xb6, 0x7d, 0xb6, 0x7d, 0xb6, 0x7d, 0xb6, 0x7d,
    0xb6, 0x7d, 0xb5, 0x7d, 0xb6, 0x75, 0x96, 0x7d, 0xb5, 0x7d, 0xb6, 0x7d,
    0xb6, 0x7d, 0xb6, 0x7d, 0xb5, 0x7d, 0x96, 0x85, 0x95, 0x85, 0x95, 0x85,
    0x95, 0x85, 0x95, 0x85, 0x95, 0x85, 0x75, 0x8d, 0x53, 0xad, 0x31, 0xbd,
    0x31, 0xc5, 0x32, 0xbd, 0x52, 0xb5, 0x73, 0xa5, 0x95, 0x8d, 0x95, 0x85,
    0x95, 0x85, 0x94, 0x8d, 0x94, 0x8d, 0x95, 0x8d, 0x95, 0x85, 0x94, 0x85,
    0x95, 0x85, 0x75, 0x85, 0x75, 0x85, 0x95, 0x85, 0x74, 0x85, 0x54, 0x95,
    0x53, 0x95, 0x52, 0xcd, 0x32, 0xe5, 0x31, 0xe5, 0x31, 0xd5, 0x32, 0xdd,
    0x32, 0xdd, 0x52, 0xe5, 0x52, 0xed, 0x32, 0xed, 0x31, 0xed, 0x32, 0xed,
    0x31, 0xed, 0x72, 0xed, 0x72, 0xf5, 0x72, 0xf5, 0x72, 0xed, 0x72, 0xed,
    0x72, 0xed, 0x52, 0xed, 0x72, 0xed, 0x72, 0xed, 0x52, 0xed, 0x52, 0xed,
    0x52, 0xed, 0x72, 0xf5, 0x72, 0xf5, 0x93, 0xf5, 0x93, 0xf5, 0x73, 0xf5,
    0x92, 0xfd, 0x73, 0xfd, 0x93, 0xf5, 0x92, 0xf5, 0x93, 0xf5, 0x93, 0xf5,
    0x72, 0xf5, 0x72, 0xf5, 0x72, 0xf5, 0x32, 0xed, 0xd1, 0xdc, 0x91, 0xd4,
    0x90, 0xd4, 0x91, 0xcc, 0x71, 0xcc, 0x50, 0xcc, 0x71, 0xcc, 0x70, 0xd4,
    0x70, 0xd4, 0x50, 0xd4, 0x2f, 0xd4, 0x2f, 0xcc, 0x2f, 0xcc, 0x2f, 0xcc,
    0x30, 0xcc, 0x0f, 0xcc, 0x30, 0xcc, 0x30, 0xcc, 0x2f, 0xcc, 0x2f, 0xd4,
    0x2f, 0xd4, 0x2f, 0xd4, 0x2f, 0xcc, 0x0f, 0xd4, 0x2f, 0xd4, 0x2f, 0xcc,
    0x0f, 0xd4, 0x2f, 0xcc, 0x0f, 0xcc, 0x2f, 0xcc, 0x2f, 0xcc, 0x2f, 0xcc,
    0x2f, 0xcc, 0x30, 0xc4, 0x30, 0xc4, 0x2f, 0xcc, 0x2f, 0xc4, 0x2f, 0xcc,
    0x2f, 0xcc, 0x2f, 0xcc, 0x0f, 0xcc, 0x2f, 0xcc, 0x2f, 0xcc, 0x0f, 0xcc,
    0x0f, 0xd4, 0x0e, 0xd4, 0x0e, 0xd4, 0x0e, 0xd4, 0x0e, 0xdc, 0xee, 0xdb,
    0xee, 0xdb, 0xee, 0xdb, 0xed, 0xdb, 0xed, 0xdb, 0xed, 0xdb, 0xce, 0xdb,
    0xcd, 0xdb, 0xcd, 0xdb, 0xad, 0xe3, 0xad, 0xe3, 0xac, 0xe3, 0x8c, 0xe3,
    0xad, 0xe3, 0x8d, 0xdb, 0x8d, 0xdb, 0x8c, 0xe3, 0x8d, 0xe3, 0x8d, 0xdb,
    0x8c, 0xdb, 0x8d, 0xdb, 0x8d, 0xdb, 0x6c, 0xe3, 0x6c, 0xe3, 0x6c, 0xe3,
    0x6c, 0xdb, 0x6c, 0xdb, 0x6c, 0xdb, 0x6d, 0xdb, 0xaf, 0xc3, 0xce, 0xc3,
    0xcf, 0xc3, 0xcf, 0xc3, 0xcf, 0xc3, 0xcf, 0xc3, 0xcf, 0xc3, 0xef, 0xc3,
    0xef, 0xc3, 0xef, 0xc3, 0xef, 0xc3, 0x0f, 0xcc, 0xef, 0xc3, 0xf0, 0xcb,
    0x0f, 0xcc, 0x0f, 0xc4, 0xef, 0xcb, 0x0f, 0xcc, 0x0f, 0xcc, 0x0f, 0xcc,
    0x0f, 0xcc, 0x2f, 0xcc, 0x2f, 0xcc, 0x0f, 0xcc, 0x2f, 0xd4, 0x2f, 0xd4,
    0x2f, 0xd4, 0x2f, 0xd4, 0x4f, 0xd4, 0x4f, 0xd4, 0x11, 0xbc, 0x12, 0xb4,
    0x12, 0xac, 0x12, 0xac, 0xf2, 0xab, 0xf1, 0xb3, 0xf2, 0xab, 0x12, 0xac,
    0x12, 0xac, 0x13, 0xac, 0x12, 0xac, 0x32, 0xac, 0x33, 0xac, 0x53, 0xa4,
    0x53, 0xa4, 0x53, 0xa4, 0x53, 0xa4, 0x73, 0xa4, 0x93, 0x9c, 0xb4, 0x94,
    0xd4, 0x94, 0xf4, 0x8c, 0xf4, 0x8c, 0xf4, 0x8c, 0x14, 0x8d, 0xf4, 0x8c,
    0x14, 0x8d, 0x14, 0x85, 0x35, 0x85, 0x55, 0x85, 0x75, 0x7d, 0x75, 0x7d,
    0x75, 0x7d, 0x75, 0x7d, 0x95, 0x7d, 0x95, 0x7d, 0x75, 0x7d, 0x95, 0x7d,
    0x95, 0x7d, 0x76, 0x7d, 0x95, 0x7d, 0x95, 0x7d, 0x96, 0x7d, 0x96, 0x7d,
    0x95, 0x7d, 0x95, 0x7d, 0x96, 0x7d, 0x96, 0x85, 0x96, 0x85, 0x95, 0x85,
    0x75, 0x85, 0x34, 0x95, 0x34, 0x95, 0x35, 0x8d, 0x54, 0x8d, 0x55, 0x8d,
    0x95, 0x7d, 0x95, 0x7d, 0xb6, 0x7d, 0xb6, 0x7d, 0xb5, 0x7d, 0x95, 0x7d,
    0x96, 0x7d, 0x95, 0x7d, 0x95, 0x7d, 0x95, 0x7d, 0xb6, 0x7d, 0xb6, 0x7d,
    0xb6, 0x7d, 0x95, 0x7d, 0x95, 0x7d, 0xb6, 0x7d, 0x95, 0x7d, 0x96, 0x7d,
    0x96, 0x7d, 0x95, 0x85, 0x33, 0x95, 0xf2, 0xa4, 0xd1, 0xac, 0xb0, 0xb4,
    0xb0, 0xbc, 0xd0, 0xcc, 0xd0, 0xd4, 0xef, 0xdc, 0xef, 0xdc, 0xf0, 0xdc,
    0xf0, 0xdc, 0xef, 0xdc, 0x10, 0xdd, 0xef, 0xdc, 0xef, 0xe4, 0xef, 0xe4,
    0xf0, 0xe4, 0xf0, 0xdc, 0xf0, 0xd4, 0x11, 0xcd, 0x52, 0xcd, 0x32, 0xbd,
    0x12, 0xb5, 0x12, 0xb5, 0xf1, 0xbc, 0x33, 0xa5, 0x95, 0x7d, 0xb6, 0x7d,
    0x95, 0x7d, 0xb6, 0x7d, 0x74, 0x9d, 0x95, 0x95, 0x95, 0x8d, 0xb6, 0x85,
    0x95, 0x85, 0x96, 0x85, 0xb6, 0x85, 0x95, 0x85, 0x96, 0x85, 0xb6, 0x85,
    0xb6, 0x85, 0x95, 0x85, 0xb6, 0x85, 0xb5, 0x7d, 0xb6, 0x7d, 0xb6, 0x7d,
    0xb6, 0x7d, 0xb6, 0x7d, 0xb6, 0x7d, 0xb6, 0x7d, 0xb6, 0x7d, 0x96, 0x7d,
    0xb6, 0x7d, 0x96, 0x7d, 0xb6, 0x7d, 0xb6, 0x7d, 0xb6, 0x7d, 0x96, 0x7d,
    0xb6, 0x75, 0xb6, 0x7d, 0xb6, 0x7d, 0xb6, 0x7d, 0xb6, 0x7d, 0xb6, 0x7d,
    0xb5, 0x7d, 0xb6, 0x7d, 0x96, 0x7d, 0xb6, 0x7d, 0xb6, 0x85, 0xb5, 0x7d,
    0xb6, 0x85, 0x95, 0x7d, 0x95, 0x85, 0x95, 0x85, 0x74, 0x95, 0x53, 0xb5,
    0x31, 0xc5, 0x32, 0xbd, 0x53, 0xad, 0x73, 0xa5, 0x74, 0x95, 0x95, 0x85,
    0x95, 0x7d, 0x95, 0x85, 0x95, 0x85, 0x95, 0x8d, 0x75, 0x85, 0x95, 0x85,
    0x95, 0x85, 0x95, 0x85, 0x95, 0x8d, 0x75, 0x85, 0x95, 0x85, 0x74, 0x85,
    0x74, 0x8d, 0x54, 0x8d, 0x54, 0x95, 0x53, 0x95, 0x32, 0xc5, 0x32, 0xe5,
    0x52, 0xe5, 0x52, 0xed, 0x52, 0xed, 0x51, 0xed, 0x52, 0xed, 0x52, 0xed,
    0x52, 0xed, 0x51, 0xed, 0x52, 0xed, 0x52, 0xed, 0x52, 0xed, 0x72, 0xf5,
    0x11, 0xe5, 0xf1, 0xe4, 0xf0, 0xe4, 0xd0, 0xe4, 0xd0, 0xe4, 0xd0, 0xdc,
    0xd0, 0xdc, 0xd0, 0xdc, 0xb0, 0xe4, 0xcf, 0xe4, 0x52, 0xf5, 0x93, 0xf5,
    0x92, 0xf5, 0x93, 0xf5, 0x93, 0xfd, 0x93, 0xfd, 0x73, 0xf5, 0x92, 0xf5,
    0x73, 0xfd, 0x93, 0xf5, 0x72, 0xf5, 0x72, 0xf5, 0x72, 0xf5, 0x32, 0xe5,
    0xd1, 0xdc, 0xb1, 0xd4, 0x91, 0xd4, 0x90, 0xd4, 0x70, 0xcc, 0x71, 0xcc,
    0xd1, 0xdc, 0xf1, 0xe4, 0xf1, 0xe4, 0x70, 0xd4, 0x2f, 0xd4, 0x2f, 0xd4,
    0x4f, 0xd4, 0x2f, 0xd4, 0x30, 0xcc, 0x30, 0xcc, 0x30, 0xcc, 0x30, 0xcc,
    0x0f, 0xcc, 0x2f, 0xd4, 0x2f, 0xcc, 0x30, 0xcc, 0x2f, 0xcc, 0x30, 0xcc,
    0x30, 0xcc, 0x30, 0xcc, 0x30, 0xcc, 0x30, 0xcc, 0x30, 0xc4, 0x30, 0xcc,
    0x30, 0xcc, 0x30, 0xcc, 0x30, 0xcc, 0x2f, 0xcc, 0x2f, 0xc4, 0x30, 0xcc,
    0x30, 0xcc, 0x30, 0xcc, 0x2f, 0xcc, 0x2f, 0xcc, 0x2f, 0xcc, 0x10, 0xcc,
    0x2f, 0xcc, 0x2f, 0xcc, 0x2f, 0xcc, 0x0f, 0xcc, 0x2f, 0xd4, 0x0f, 0xd4,
    0x0e, 0xdc, 0x0e, 0xdc, 0x0e, 0xdc, 0x0d, 0xe4, 0xee, 0xe3, 0xee, 0xe3,
    0xed, 0xe3, 0xed, 0xe3, 0xed, 0xe3, 0xcd, 0xe3, 0xcd, 0xe3, 0xcd, 0xe3,
    0xad, 0xe3, 0xad, 0xe3, 0xad, 0xe3, 0x8c, 0xdb, 0xac, 0xe3, 0x8d, 0xe3,
    0x8c, 0xe3, 0x8c, 0xe3, 0x8c, 0xe3, 0x6c, 0xe3, 0x8c, 0xe3, 0x6c, 0xe3,
    0x6c, 0xe3, 0x6c, 0xe3, 0x6c, 0xe3, 0x6c, 0xe3, 0x6c, 0xe3, 0x6c, 0xdb,
    0xaf, 0xc3, 0xaf, 0xc3, 0xcf, 0xc3, 0xcf, 0xc3, 0xcf, 0xc3, 0xcf, 0xc3,
    0xcf, 0xc3, 0xcf, 0xc3, 0xef, 0xc3, 0xf0, 0xc3, 0xef, 0xc3, 0xef, 0xc3,
    0xf0, 0xc3, 0x0f, 0xc4, 0xef, 0xc3, 0x0f, 0xc4, 0x0f, 0xcc, 0x10, 0xcc,
    0x10, 0xcc, 0x0f, 0xcc, 0x10, 0xcc, 0x2f, 0xcc, 0x0f, 0xcc, 0x0f, 0xcc,
    0x2f, 0xcc, 0x2f, 0xd4, 0x2f, 0xd4, 0x4f, 0xd4, 0x4f, 0xd4, 0x4f, 0xd4,
    0x4f, 0xd4, 0x30, 0xc4, 0x12, 0xb4, 0x12, 0xac, 0x12, 0xac, 0xf2, 0xab,
    0x12, 0xac, 0x12, 0xa4, 0x32, 0xac, 0x32, 0xac, 0x12, 0xac, 0x32, 0xac,
    0x32, 0xac, 0x52, 0xa4, 0x53, 0xa4, 0x53, 0xa4, 0x53, 0xa4, 0x73, 0xa4,
    0xb3, 0x9c, 0xb3, 0x94, 0xd3, 0x94, 0xf4, 0x94, 0xf4, 0x8c, 0xf4, 0x8c,
    0xf4, 0x8c, 0x14, 0x8d, 0xf4, 0x8c, 0x14, 0x8d, 0x34, 0x8d, 0x34, 0x8d,
    0x54, 0x85, 0x55, 0x85, 0x75, 0x7d, 0x75, 0x7d, 0x95, 0x7d, 0x75, 0x7d,
    0x95, 0x7d, 0x75, 0x75, 0x96, 0x7d, 0x75, 0x7d, 0x95, 0x7d, 0x95, 0x7d,
    0x96, 0x7d, 0x95, 0x7d, 0x96, 0x7d, 0x96, 0x85, 0x95, 0x85, 0x95, 0x85,
    0x96, 0x7d, 0x95, 0x85, 0x75, 0x85, 0x34, 0x95, 0x34, 0x95, 0x34, 0x95,
    0x55, 0x8d, 0x75, 0x85, 0x96, 0x7d, 0xb5, 0x7d, 0x96, 0x7d, 0x96, 0x7d,
    0xb5, 0x7d, 0xb6, 0x7d, 0x96, 0x7d, 0xb5, 0x7d, 0x96, 0x7d, 0x95, 0x7d,
    0x95, 0x7d, 0x95, 0x7d, 0xb6, 0x7d, 0xb5, 0x7d, 0xb6, 0x7d, 0x95, 0x7d,
    0x95, 0x7d, 0xb5, 0x7d, 0x95, 0x7d, 0x95, 0x85, 0x95, 0x85, 0x74, 0x85,
    0x12, 0x9d, 0xd1, 0xac, 0xb0, 0xbc, 0xb0, 0xc4, 0xd0, 0xcc, 0xcf, 0xd4,
    0xd0, 0xd4, 0xef, 0xd4, 0xef, 0xd4, 0xf0, 0xcc, 0xf0, 0xd4, 0xf0, 0xd4,
    0xef, 0xdc, 0x10, 0xdd, 0x10, 0xdd, 0x31, 0xc5, 0x53, 0x9d, 0x54, 0x95,
    0x33, 0xa5, 0x32, 0xad, 0x11, 0xb5, 0xf1, 0xb4, 0xf1, 0xbc, 0xf1, 0xbc,
    0x74, 0x95, 0x96, 0x7d, 0x95, 0x75, 0xb6, 0x7d, 0x95, 0x8d, 0x95, 0x8d,
    0x95, 0x8d, 0x95, 0x8d, 0x95, 0x8d, 0x96, 0x8d, 0xb5, 0x85, 0xb5, 0x85,
    0x96, 0x85, 0x96, 0x85, 0x95, 0x85, 0xb6, 0x85, 0xb5, 0x85, 0xb6, 0x7d,
    0xb6, 0x7d, 0xb6, 0x7d, 0xb6, 0x7d, 0xb6, 0x7d, 0xb6, 0x7d, 0xb6, 0x7d,
    0xb6, 0x7d, 0xb6, 0x7d, 0xb6, 0x7d, 0xb6, 0x7d, 0xb6, 0x7d, 0xb6, 0x7d,
    0x96, 0x7d, 0xb6, 0x7d, 0xb5, 0x7d, 0xb6, 0x7d, 0xb6, 0x7d, 0x96, 0x7d,
    0xb6, 0x7d, 0xb6, 0x7d, 0xb6, 0x7d, 0xb6, 0x7d, 0xb5, 0x7d, 0xb6, 0x85,
    0xb6, 0x7d, 0xb6, 0x7d, 0xb6, 0x7d, 0xb6, 0x7d, 0x95, 0x85, 0x94, 0x95,
    0x73, 0xad, 0x52, 0xb5, 0x31, 0xc5, 0x53, 0xb5, 0x74, 0x9d, 0x95, 0x85,
    0xb6, 0x7d, 0x96, 0x7d, 0x95, 0x7d, 0x95, 0x85, 0x95, 0x85, 0x95, 0x85,
    0x95, 0x85, 0x95, 0x8d, 0x75, 0x85, 0x95, 0x85, 0x75, 0x85, 0x94, 0x8d,
    0x74, 0x8d, 0x74, 0x8d, 0x74, 0x8d, 0x74, 0x8d, 0x53, 0x9d, 0x11, 0xc5,
    0xf0, 0xcc, 0x11, 0xdd, 0x31, 0xe5, 0x52, 0xed, 0x52, 0xed, 0x52, 0xed,
    0x52, 0xed, 0x52, 0xed, 0x52, 0xed, 0x52, 0xed, 0x51, 0xed, 0x52, 0xed,
    0x52, 0xed, 0x31, 0xed, 0xd0, 0xdc, 0xd0, 0xdc, 0xb0, 0xe4, 0xb0, 0xdc,
    0xb0, 0xe4, 0xd0, 0xe4, 0xb0, 0xdc, 0xb0, 0xe4, 0xaf, 0xe4, 0xaf, 0xe4,
    0xf0, 0xec, 0x31, 0xed, 0x52, 0xf5, 0x93, 0xfd, 0x93, 0xf5, 0x93, 0xf5,
    0x93, 0xf5, 0x93, 0xf5, 0x72, 0xfd, 0x31, 0xf5, 0x72, 0xf5, 0x72, 0xf5,
    0x52, 0xed, 0x32, 0xed, 0x52, 0xed, 0x12, 0xe5, 0x91, 0xd4, 0x70, 0xcc,
    0x71, 0xcc, 0xb1, 0xd4, 0x12, 0xe5, 0x32, 0xed, 0xd1, 0xe4, 0x2f, 0xd4,
    0x30, 0xcc, 0x4f, 0xd4, 0x30, 0xd4, 0x4f, 0xcc, 0x30, 0xcc, 0x30, 0xcc,
    0x2f, 0xcc, 0x30, 0xcc, 0x30, 0xcc, 0x30, 0xcc, 0x30, 0xc4, 0x30, 0xcc,
    0x50, 0xcc, 0x30, 0xcc, 0x30, 0xc4, 0x2f, 0xc4, 0x50, 0xcc, 0x4f, 0xcc,
    0x4f, 0xcc, 0x50, 0xcc, 0x50, 0xcc, 0x30, 0xc4, 0x2f, 0xcc, 0x50, 0xcc,
    0x30, 0xcc, 0x30, 0xc4, 0x30, 0xcc, 0x30, 0xc4, 0x30, 0xcc, 0x30, 0xcc,
    0x2f, 0xcc, 0x30, 0xcc, 0x2f, 0xcc, 0x2f, 0xd4, 0x2f, 0xd4, 0x2f, 0xd4,
    0x6f, 0xdc, 0x8f, 0xe4, 0x8f, 0xe4, 0x6e, 0xe4, 0x2e, 0xe4, 0x2e, 0xe4,
    0x2e, 0xe4, 0x0e, 0xe4, 0x0e, 0xe4, 0xed, 0xe3, 0xed, 0xe3, 0xed, 0xe3,
    0xed, 0xe3, 0xcd, 0xe3, 0xcd, 0xe3, 0xad, 0xe3, 0xad, 0xe3, 0xac, 0xe3,
    0xad, 0xdb, 0x8d, 0xe3, 0x8c, 0xe3, 0x8c, 0xe3, 0x8c, 0xe3, 0x6c, 0xe3,
    0x6c, 0xe3, 0x6c, 0xe3, 0x6c, 0xe3, 0x4c, 0xe3, 0x4b, 0xe3, 0x4c, 0xe3,
    0x4c, 0xe3, 0x4c, 0xe3, 0xae, 0xc3, 0xcf, 0xbb, 0xcf, 0xbb, 0xcf, 0xc3,
    0xcf, 0xc3, 0xcf, 0xc3, 0xcf, 0xc3, 0xef, 0xc3, 0xf0, 0xc3, 0xef, 0xc3,
    0xf0, 0xc3, 0xef, 0xc3, 0xef, 0xcb, 0x10, 0xc4, 0x0f, 0xc4, 0x0f, 0xcc,
    0x0f, 0xc4, 0x0f, 0xc4, 0x0f, 0xcc, 0x10, 0xcc, 0x0f, 0xcc, 0x2f, 0xcc,
    0x30, 0xcc, 0x2f, 0xcc, 0x2f, 0xcc, 0x2f, 0xcc, 0x4f, 0xd4, 0x4f, 0xdc,
    0x4f, 0xdc, 0x4f, 0xdc, 0x4f, 0xd4, 0x4f, 0xd4, 0x31, 0xc4, 0x12, 0xb4,
    0x12, 0xac, 0x12, 0xac, 0x13, 0xac, 0x12, 0xac, 0x32, 0xac, 0x33, 0xa4,
    0x32, 0xac, 0x52, 0xa4, 0x32, 0xac, 0x52, 0xac, 0x52, 0xa4, 0x52, 0xa4,
    0x73, 0xa4, 0x93, 0x9c, 0xb3, 0x94, 0xb3, 0x9c, 0xb3, 0x94, 0xd4, 0x94,
    0xf4, 0x8c, 0xf4, 0x8c, 0xf4, 0x8c, 0xf4, 0x8c, 0xf4, 0x8c, 0x14, 0x8d,
    0x34, 0x8d, 0x34, 0x85, 0x34, 0x8d, 0x75, 0x85, 0x75, 0x7d, 0x75, 0x7d,
    0x95, 0x7d, 0x95, 0x7d, 0x96, 0x7d, 0x95, 0x7d, 0x75, 0x7d, 0x95, 0x7d,
    0x95, 0x7d, 0x96, 0x7d, 0x95, 0x7d, 0x95, 0x7d, 0x96, 0x7d, 0x96, 0x85,
    0xb6, 0x85, 0x95, 0x7d, 0x96, 0x85, 0x96, 0x7d, 0x75, 0x8d, 0x54, 0x8d,
    0x54, 0x95, 0x54, 0x95, 0x75, 0x8d, 0x95, 0x7d, 0xb5, 0x85, 0x95, 0x85,
    0x96, 0x7d, 0x95, 0x7d, 0xb5, 0x7d, 0x96, 0x7d, 0xb5, 0x7d, 0xb6, 0x7d,
    0x95, 0x7d, 0x96, 0x7d, 0x95, 0x7d, 0x95, 0x7d, 0x95, 0x7d, 0x96, 0x7d,
    0xb6, 0x7d, 0x96, 0x7d, 0x96, 0x7d, 0x95, 0x7d, 0x95, 0x7d, 0x96, 0x7d,
    0x95, 0x85, 0x95, 0x85, 0x54, 0x8d, 0xf2, 0xac, 0xb1, 0xb4, 0xb0, 0xc4,
    0xd0, 0xc4, 0xd0, 0xcc, 0xd0, 0xcc, 0xd0, 0xcc, 0xd0, 0xcc, 0xf0, 0xcc,
    0xf0, 0xd4, 0xef, 0xd4, 0xf0, 0xd4, 0x10, 0xd5, 0x11, 0xcd, 0x53, 0xa5,
    0x53, 0x95, 0x54, 0x95, 0x53, 0x95, 0x32, 0xad, 0xf1, 0xb4, 0x11, 0xbd,
    0xf1, 0xbc, 0xf1, 0xbc, 0x11, 0xbd, 0x74, 0x95, 0x96, 0x7d, 0xb6, 0x7d,
    0x95, 0x8d, 0x95, 0x8d, 0x95, 0x8d, 0x95, 0x8d, 0x95, 0x8d, 0xb5, 0x85,
    0xb6, 0x8d, 0x95, 0x85, 0xb5, 0x85, 0xb6, 0x85, 0x95, 0x85, 0x95, 0x85,
    0xb6, 0x85, 0xb6, 0x7d, 0xb6, 0x7d, 0xb6, 0x7d, 0xb6, 0x7d, 0xb6, 0x85,
    0xb5, 0x7d, 0x96, 0x7d, 0xb6, 0x7d, 0xb5, 0x7d, 0x96, 0x7d, 0xb6, 0x7d,
    0xb6, 0x7d, 0x95, 0x7d, 0xb6, 0x7d, 0xb6, 0x7d, 0xb6, 0x7d, 0xb6, 0x7d,
    0xb6, 0x7d, 0xb6, 0x75, 0xb6, 0x7d, 0xb6, 0x7d, 0xb6, 0x7d, 0xb6, 0x7d,
    0xb6, 0x7d, 0xb6, 0x85, 0xb5, 0x7d, 0xb6, 0x7d, 0xb5, 0x7d, 0xb6, 0x7d,
    0xb6, 0x7d, 0x96, 0x7d, 0x95, 0x85, 0x74, 0x9d, 0x31, 0xc5, 0x52, 0xb5,
    0x74, 0x9d, 0xb6, 0x7d, 0x96, 0x7d, 0xb5, 0x7d, 0xb6, 0x7d, 0x96, 0x7d,
    0x95, 0x85, 0x95, 0x85, 0x95, 0x85, 0x95, 0x8d, 0x95, 0x8d, 0x94, 0x8d,
    0x74, 0x8d, 0x74, 0x9d, 0x74, 0x8d, 0x74, 0x8d, 0x75, 0x95, 0x74, 0x95,
    0x11, 0xbd, 0xf0, 0xdc, 0xf0, 0xdc, 0xf0, 0xdc, 0x11, 0xe5, 0x51, 0xed,
    0x51, 0xed, 0x52, 0xed, 0x52, 0xed, 0x51, 0xed, 0x32, 0xed, 0x52, 0xed,
    0x52, 0xed, 0x51, 0xed, 0x31, 0xed, 0xf0, 0xe4, 0xd0, 0xdc, 0xd0, 0xdc,
    0xd0, 0xd4, 0xd0, 0xcc, 0xb0, 0xdc, 0xb0, 0xe4, 0xb0, 0xdc, 0xaf, 0xdc,
    0xae, 0xd4, 0xae, 0xd4, 0xaf, 0xd4, 0xb0, 0xd4, 0xf0, 0xdc, 0x73, 0xf5,
    0x92, 0xf5, 0x93, 0xf5, 0x72, 0xf5, 0x93, 0xf5, 0x52, 0xf5, 0x10, 0xf5,
    0x52, 0xf5, 0x72, 0xf5, 0x72, 0xf5, 0x72, 0xf5, 0x72, 0xf5, 0x12, 0xe5,
    0x91, 0xcc, 0x91, 0xcc, 0x91, 0xcc, 0xf1, 0xdc, 0x52, 0xed, 0x12, 0xed,
    0x90, 0xdc, 0x4f, 0xd4, 0x4f, 0xd4, 0x4f, 0xcc, 0x50, 0xcc, 0x70, 0xcc,
    0x50, 0xcc, 0x30, 0xcc, 0x2f, 0xcc, 0x50, 0xcc, 0x50, 0xc4, 0x50, 0xc4,
    0x50, 0xcc, 0x50, 0xc4, 0x30, 0xcc, 0x50, 0xc4, 0x50, 0xcc, 0x30, 0xc4,
    0x2f, 0xcc, 0x50, 0xc4, 0x30, 0xc4, 0x50, 0xcc, 0x50, 0xc4, 0x50, 0xc4,
    0x50, 0xc4, 0x50, 0xc4, 0x30, 0xc4, 0x4f, 0xc4, 0x2f, 0xc4, 0x2f, 0xcc,
    0x2f, 0xcc, 0x2f, 0xcc, 0x2f, 0xcc, 0x2f, 0xcc, 0x2f, 0xd4, 0x2f, 0xd4,
    0x90, 0xe4, 0xd0, 0xec, 0xd0, 0xec, 0xd0, 0xec, 0x8f, 0xec, 0x6f, 0xe4,
    0x2e, 0xec, 0x2e, 0xe4, 0x2d, 0xe4, 0x0e, 0xe4, 0x0d, 0xe4, 0xed, 0xe3,
    0xee, 0xe3, 0xcd, 0xe3, 0xcd, 0xe3, 0xcd, 0xe3, 0xcd, 0xe3, 0xcd, 0xe3,
    0xad, 0xe3, 0xad, 0xe3, 0xad, 0xe3, 0xad, 0xe3, 0x8c, 0xdb, 0x8d, 0xe3,
    0x6c, 0xe3, 0x6c, 0xeb, 0x6b, 0xeb, 0x6b, 0xeb, 0x6b, 0xeb, 0x6b, 0xeb,
    0x4b, 0xeb, 0x6b, 0xeb, 0x6c, 0xe3, 0x6c, 0xe3, 0xcf, 0xc3, 0xcf, 0xc3,
    0xcf, 0xc3, 0xcf, 0xc3, 0xcf, 0xbb, 0xcf, 0xc3, 0xef, 0xc3, 0xef, 0xc3,
    0xf0, 0xc3, 0xef, 0xc3, 0xef, 0xcb, 0x10, 0xc4, 0xef, 0xc3, 0xf0, 0xcb,
    0x10, 0xcc, 0x0f, 0xcc, 0x10, 0xcc, 0x0f, 0xc4, 0x0f, 0xcc, 0x0f, 0xcc,
    0x10, 0xcc, 0x2f, 0xcc, 0x0f, 0xcc, 0x30, 0xcc, 0x2f, 0xcc, 0x2f, 0xd4,
    0x2f, 0xd4, 0x4f, 0xd4, 0x4f, 0xdc, 0x6f, 0xdc, 0x6e, 0xdc, 0x4f, 0xdc,
    0x4f, 0xd4, 0x31, 0xbc, 0x12, 0xac, 0x12, 0xac, 0x12, 0xac, 0x12, 0xac,
    0x33, 0xac, 0x32, 0xac, 0x33, 0xac, 0x32, 0xa4, 0x32, 0xac, 0x53, 0xac,
    0x73, 0xa4, 0x73, 0xa4, 0x73, 0xa4, 0x93, 0x9c, 0xb3, 0x9c, 0xb3, 0x9c,
    0xb3, 0x9c, 0xd3, 0x94, 0xf4, 0x94, 0xf4, 0x8c, 0xf4, 0x94, 0xf4, 0x94,
    0xf4, 0x8c, 0x14, 0x8d, 0x34, 0x8d, 0x35, 0x85, 0x34, 0x85, 0x55, 0x85,
    0x75, 0x85, 0x75, 0x7d, 0x75, 0x7d, 0x75, 0x7d, 0x95, 0x7d, 0x95, 0x7d,
    0x76, 0x7d, 0x96, 0x7d, 0x95, 0x7d, 0x96, 0x7d, 0x95, 0x7d, 0x96, 0x7d,
    0x95, 0x85, 0xb6, 0x7d, 0xb5, 0x7d, 0x95, 0x85, 0x96, 0x85, 0x95, 0x85,
    0x75, 0x8d, 0x54, 0x95, 0x35, 0x95, 0x75, 0x85, 0x95, 0x85, 0x95, 0x85,
    0x95, 0x85, 0x95, 0x85, 0x95, 0x85, 0x95, 0x85, 0x95, 0x85, 0x95, 0x85,
    0x95, 0x85, 0x95, 0x85, 0x95, 0x85, 0x95, 0x85, 0x96, 0x7d, 0x95, 0x85,
    0x95, 0x85, 0x95, 0x85, 0x95, 0x7d, 0x95, 0x85, 0x95, 0x85, 0xb6, 0x7d,
    0x95, 0x7d, 0x95, 0x7d, 0x96, 0x7d, 0x95, 0x85, 0x75, 0x85, 0x33, 0x95,
    0xf1, 0xac, 0xd0, 0xb4, 0xd0, 0xc4, 0xd0, 0xcc, 0xd0, 0xcc, 0xd0, 0xcc,
    0xd0, 0xcc, 0xf0, 0xd4, 0xd0, 0xcc, 0xf0, 0xd4, 0xf0, 0xcc, 0xf0, 0xcc,
    0x11, 0xb5, 0x74, 0x95, 0x74, 0x95, 0x74, 0x8d, 0x74, 0x8d, 0x54, 0x9d,
    0x12, 0xb5, 0x11, 0xb5, 0x11, 0xbd, 0xf1, 0xbc, 0xf1, 0xbc, 0x32, 0xad,
    0xb6, 0x7d, 0xb6, 0x7d, 0x96, 0x85, 0x95, 0x8d, 0x95, 0x8d, 0x96, 0x8d,
    0x95, 0x8d, 0x96, 0x8d, 0x96, 0x85, 0x96, 0x85, 0xb5, 0x85, 0xb6, 0x85,
    0xb6, 0x85, 0xb6, 0x85, 0xb6, 0x85, 0xb6, 0x7d, 0xb6, 0x7d, 0xb6, 0x85,
    0xb6, 0x7d, 0xb6, 0x7d, 0xb6, 0x7d, 0xb6, 0x7d, 0x96, 0x7d, 0xb6, 0x7d,
    0xb6, 0x7d, 0x96, 0x7d, 0xb6, 0x7d, 0xb6, 0x7d, 0xb6, 0x7d, 0xb6, 0x7d,
    0xb6, 0x7d, 0xb6, 0x7d, 0x95, 0x7d, 0xb6, 0x7d, 0xb6, 0x7d, 0xb6, 0x7d,
    0xb5, 0x7d, 0xb6, 0x7d, 0xb6, 0x7d, 0xb6, 0x7d, 0xb6, 0x85, 0xb6, 0x7d,
    0x96, 0x7d, 0xb5, 0x7d, 0xb6, 0x7d, 0xb6, 0x7d, 0x96, 0x7d, 0x74, 0x9d,
    0x31, 0xc5, 0x32, 0xbd, 0x53, 0xa5, 0x95, 0x7d, 0xb6, 0x7d, 0xb6, 0x7d,
    0x95, 0x7d, 0xb6, 0x7d, 0xb5, 0x85, 0x95, 0x85, 0x95, 0x85, 0x74, 0x95,
    0x53, 0xa5, 0x32, 0xb5, 0x52, 0xad, 0x53, 0xa5, 0x74, 0x95, 0x74, 0x95,
    0x74, 0x9d, 0x53, 0xad, 0x10, 0xd5, 0x10, 0xdd, 0x10, 0xdd, 0x10, 0xdd,
    0x10, 0xe5, 0x31, 0xe5, 0x52, 0xed, 0x52, 0xed, 0x52, 0xed, 0x52, 0xf5,
    0x51, 0xed, 0x52, 0xed, 0x31, 0xed, 0x10, 0xe5, 0xcf, 0xdc, 0xaf, 0xdc,
    0xd0, 0xd4, 0xd0, 0xbc, 0xd1, 0xac, 0xb1, 0xb4, 0xb1, 0xc4, 0xb0, 0xc4,
    0xb0, 0xb4, 0xd0, 0xb4, 0xd0, 0xb4, 0xd0, 0xac, 0xb0, 0xb4, 0xb0, 0xb4,
    0xb1, 0xbc, 0x52, 0xed, 0x93, 0xf5, 0x93, 0xf5, 0x72, 0xfd, 0x72, 0xf5,
    0x52, 0xf5, 0x11, 0xed, 0x32, 0xed, 0x72, 0xf5, 0x72, 0xf5, 0x73, 0xed,
    0x72, 0xf5, 0x12, 0xe5, 0x91, 0xd4, 0x91, 0xcc, 0xb1, 0xcc, 0x12, 0xe5,
    0x52, 0xed, 0xf1, 0xe4, 0x70, 0xd4, 0x4f, 0xd4, 0x50, 0xcc, 0x50, 0xcc,
    0x50, 0xcc, 0x50, 0xcc, 0x50, 0xcc, 0x30, 0xcc, 0x50, 0xc4, 0x50, 0xc4,
    0x50, 0xc4, 0x50, 0xcc, 0x50, 0xcc, 0x50, 0xcc, 0x30, 0xc4, 0x50, 0xc4,
    0x50, 0xcc, 0x50, 0xc4, 0x50, 0xc4, 0x50, 0xc4, 0x50, 0xc4, 0x50, 0xc4,
    0x50, 0xc4, 0x50, 0xc4, 0x50, 0xc4, 0x50, 0xc4, 0x50, 0xcc, 0x2f, 0xcc,
    0x4f, 0xcc, 0x2f, 0xcc, 0x2f, 0xd4, 0x4f, 0xd4, 0x2f, 0xd4, 0x2f, 0xd4,
    0x4f, 0xd4, 0xb0, 0xe4, 0xf0, 0xec, 0xf0, 0xec, 0xd0, 0xec, 0xaf, 0xec,
    0x8f, 0xec, 0x6f, 0xe4, 0x4e, 0xec, 0x2e, 0xec, 0x2e, 0xec, 0x0e, 0xec,
    0x0d, 0xe4, 0xed, 0xe3, 0xcd, 0xe3, 0xed, 0xe3, 0xcd, 0xe3, 0xcd, 0xe3,
    0xcd, 0xe3, 0xad, 0xe3, 0xcd, 0xe3, 0xad, 0xe3, 0xad, 0xe3, 0xac, 0xe3,
    0x8d, 0xe3, 0xac, 0xe3, 0x8c, 0xe3, 0x6c, 0xeb, 0x6c, 0xeb, 0x6b, 0xeb,
    0x6c, 0xeb, 0x6c, 0xe3, 0x6b, 0xe3, 0x4b, 0xeb, 0x6b, 0xe3, 0x4c, 0xe3,
    0xcf, 0xc3, 0xcf, 0xc3, 0xcf, 0xc3, 0xcf, 0xc3, 0xef, 0xc3, 0xf0, 0xc3,
    0xef, 0xc3, 0xf0, 0xc3, 0xef, 0xc3, 0xef, 0xc3, 0xf0, 0xc3, 0xf0, 0xc3,
    0x0f, 0xc4, 0x0f, 0xc4, 0x10, 0xc4, 0xef, 0xc3, 0x10, 0xcc, 0x10, 0xcc,
    0x0f, 0xcc, 0x30, 0xcc, 0x2f, 0xcc, 0x0f, 0xcc, 0x2f, 0xcc, 0x2f, 0xcc,
    0x30, 0xcc, 0x2f, 0xd4, 0x4f, 0xd4, 0x4f, 0xd4, 0x4f, 0xdc, 0x4f, 0xdc,
    0x6e, 0xdc, 0x6f, 0xdc, 0x6f, 0xdc, 0x4f, 0xd4, 0x12, 0xb4, 0x12, 0xac,
    0x12, 0xac, 0x12, 0xa4, 0x12, 0xac, 0x12, 0xac, 0x32, 0xa4, 0x32, 0xac,
    0x52, 0xac, 0x32, 0xac, 0x72, 0xa4, 0x93, 0x9c, 0x93, 0x9c, 0x93, 0x9c,
    0xd3, 0x94, 0xd4, 0x94, 0xd3, 0x9c, 0xb3, 0x9c, 0xf3, 0x94, 0xf4, 0x94,
    0xf4, 0x8c, 0xf4, 0x94, 0xf4, 0x94, 0x14, 0x8d, 0x35, 0x8d, 0x34, 0x8d,
    0x34, 0x8d, 0x55, 0x85, 0x74, 0x85, 0x75, 0x85, 0x55, 0x85, 0x75, 0x85,
    0x75, 0x7d, 0x75, 0x7d, 0x95, 0x7d, 0x95, 0x85, 0x95, 0x85, 0x95, 0x85,
    0x96, 0x85, 0x95, 0x85, 0x95, 0x85, 0x96, 0x85, 0x95, 0x85, 0x96, 0x85,
    0xb5, 0x85, 0x95, 0x85, 0x75, 0x85, 0x75, 0x8d, 0x75, 0x85, 0x75, 0x85,
    0x95, 0x85, 0x95, 0x85, 0x75, 0x85, 0x95, 0x85, 0x95, 0x85, 0x95, 0x85,
    0x95, 0x85, 0x95, 0x8d, 0x75, 0x85, 0x95, 0x85, 0x95, 0x85, 0x95, 0x85,
    0x95, 0x85, 0x75, 0x85, 0x75, 0x85, 0x75, 0x85, 0x75, 0x85, 0x75, 0x85,
    0x95, 0x85, 0x95, 0x7d, 0x95, 0x85, 0x95, 0x7d, 0x95, 0x7d, 0x95, 0x85,
    0x75, 0x85, 0x75, 0x8d, 0x32, 0xa5, 0xf1, 0xac, 0xd0, 0xb4, 0xd0, 0xc4,
    0xd0, 0xcc, 0xcf, 0xcc, 0xf0, 0xd4, 0xf0, 0xd4, 0xd0, 0xcc, 0xf0, 0xd4,
    0xf0, 0xcc, 0xf0, 0xc4, 0x32, 0xad, 0x74, 0x8d, 0x95, 0x85, 0xb6, 0x7d,
    0x96, 0x7d, 0x75, 0x8d, 0x53, 0x9d, 0x32, 0xad, 0x12, 0xad, 0xf1, 0xbc,
    0x11, 0xbd, 0x12, 0xb5, 0x95, 0x7d, 0xb6, 0x7d, 0xb6, 0x7d, 0xb6, 0x85,
    0x95, 0x8d, 0x95, 0x95, 0xb6, 0x8d, 0xb6, 0x85, 0xb5, 0x85, 0x95, 0x85,
    0x96, 0x8d, 0x96, 0x8d, 0xb5, 0x85, 0xb6, 0x85, 0xb6, 0x85, 0xb6, 0x7d,
    0xb6, 0x85, 0xb6, 0x7d, 0xb6, 0x7d, 0xb6, 0x7d, 0xb6, 0x7d, 0xb6, 0x7d,
    0xb6, 0x7d, 0xb6, 0x7d, 0xb6, 0x7d, 0xb5, 0x7d, 0x96, 0x7d, 0xb6, 0x7d,
    0xb6, 0x7d, 0x95, 0x7d, 0xb6, 0x7d, 0xb6, 0x7d, 0xb6, 0x7d, 0x96, 0x7d,
    0xb6, 0x7d, 0xb6, 0x7d, 0xb5, 0x7d, 0xb6, 0x7d, 0xb6, 0x7d, 0xb5, 0x7d,
    0xb6, 0x7d, 0xb6, 0x7d, 0xb6, 0x7d, 0xb6, 0x7d, 0xb5, 0x7d, 0xb5, 0x7d,
    0xb6, 0x7d, 0x95, 0x8d, 0x32, 0xbd, 0x32, 0xbd, 0x52, 0xb5, 0x74, 0x9d,
    0x96, 0x7d, 0xb5, 0x7d, 0xb6, 0x7d, 0x95, 0x85, 0x95, 0x8d, 0x95, 0x85,
    0x95, 0x8d, 0x53, 0xa5, 0x32, 0xbd, 0x11, 0xcd, 0x11, 0xcd, 0x54, 0x9d,
    0x53, 0xad, 0x53, 0xa5, 0x52, 0xad, 0x11, 0xc5, 0xf0, 0xdc, 0x10, 0xdd,
    0x10, 0xdd, 0x11, 0xe5, 0x31, 0xe5, 0x52, 0xed, 0x52, 0xed, 0x51, 0xed,
    0x52, 0xed, 0x52, 0xed, 0x51, 0xed, 0x31, 0xed, 0x10, 0xe5, 0xcf, 0xe4,
    0x8f, 0xdc, 0xb0, 0xd4, 0xd1, 0xac, 0xd1, 0xa4, 0xd1, 0xac, 0xd1, 0xac,
    0xd2, 0xac, 0xd2, 0xa4, 0xd2, 0xa4, 0xd1, 0xa4, 0xd2, 0xa4, 0xd2, 0xa4,
    0xd2, 0xa4, 0xf2, 0x9c, 0xd1, 0x9c, 0x12, 0xcd, 0x93, 0xf5, 0x93, 0xf5,
    0x73, 0xf5, 0x72, 0xf5, 0x51, 0xf5, 0xf0, 0xec, 0x11, 0xed, 0x72, 0xf5,
    0x72, 0xf5, 0x72, 0xf5, 0x72, 0xed, 0x32, 0xe5, 0x91, 0xd4, 0x90, 0xcc,
    0xb1, 0xcc, 0x12, 0xdd, 0x32, 0xe5, 0xd1, 0xdc, 0x50, 0xd4, 0x50, 0xd4,
    0x50, 0xcc, 0x70, 0xcc, 0x50, 0xc4, 0x50, 0xcc, 0x50, 0xc4, 0x50, 0xc4,
    0x50, 0xc4, 0x50, 0xc4, 0x50, 0xcc, 0x50, 0xc4, 0x50, 0xc4, 0x50, 0xc4,
    0x50, 0xc4, 0x50, 0xc4, 0x50, 0xc4, 0x50, 0xc4, 0x50, 0xc4, 0x50, 0xc4,
    0x30, 0xcc, 0x50, 0xc4, 0x30, 0xc4, 0x50, 0xcc, 0x2f, 0xcc, 0x4f, 0xcc,
    0x4f, 0xcc, 0x4f, 0xd4, 0x4f, 0xd4, 0x4f, 0xd4, 0x4f, 0xd4, 0x2f, 0xd4,
    0x4f, 0xd4, 0x4f, 0xdc, 0xd0, 0xe4, 0xf0, 0xec, 0xd0, 0xec, 0xf0, 0xec,
    0xd0, 0xec, 0xaf, 0xec, 0x8f, 0xec, 0x6e, 0xec, 0x6e, 0xe4, 0x4e, 0xe4,
    0x0e, 0xec, 0x0d, 0xec, 0xed, 0xeb, 0xed, 0xeb, 0xcd, 0xe3, 0xcd, 0xe3,
    0xcd, 0xe3, 0xcd, 0xe3, 0xad, 0xe3, 0xcd, 0xe3, 0xac, 0xe3, 0xad, 0xe3,
    0xad, 0xe3, 0xac, 0xe3, 0xac, 0xe3, 0x8c, 0xe3, 0x8c, 0xeb, 0x8c, 0xe3,
    0x6c, 0xeb, 0x6c, 0xeb, 0x6b, 0xeb, 0x6c, 0xeb, 0x6c, 0xe3, 0x6c, 0xeb,
    0x4b, 0xe3, 0x6c, 0xe3, 0xef, 0xc3, 0xef, 0xbb, 0xef, 0xc3, 0xef, 0xc3,
    0xef, 0xc3, 0xef, 0xbb, 0xf0, 0xc3, 0xef, 0xc3, 0xef, 0xc3, 0xf0, 0xc3,
    0xf0, 0xc3, 0x0f, 0xc4, 0x10, 0xc4, 0x0f, 0xc4, 0x0f, 0xc4, 0x0f, 0xc4,
    0x0f, 0xcc, 0x10, 0xc4, 0x2f, 0xc4, 0x0f, 0xcc, 0x30, 0xcc, 0x10, 0xcc,
    0x2f, 0xcc, 0x2f, 0xcc, 0x30, 0xcc, 0x2f, 0xd4, 0x4f, 0xd4, 0x2f, 0xd4,
    0x4f, 0xdc, 0x6f, 0xdc, 0x6e, 0xdc, 0x6f, 0xdc, 0x6f, 0xdc, 0x6e, 0xdc,
    0x31, 0xbc, 0x12, 0xac, 0x12, 0xac, 0x12, 0xac, 0x12, 0xac, 0x32, 0xac,
    0x32, 0xac, 0x32, 0xa4, 0x52, 0xac, 0x32, 0xac, 0x52, 0xac, 0x72, 0xa4,
    0x93, 0x9c, 0x93, 0x9c, 0xb3, 0x9c, 0xd3, 0x94, 0xd4, 0x94, 0xd4, 0x94,
    0xd3, 0x94, 0xf3, 0x94, 0x14, 0x95, 0x14, 0x8d, 0xf4, 0x94, 0x14, 0x8d,
    0x34, 0x85, 0x34, 0x8d, 0x34, 0x8d, 0x54, 0x85, 0x75, 0x85, 0x54, 0x8d,
    0x54, 0x8d, 0x54, 0x85, 0x75, 0x85, 0x75, 0x85, 0x95, 0x85, 0x95, 0x85,
    0x75, 0x85, 0x96, 0x7d, 0x95, 0x85, 0x95, 0x85, 0xb5, 0x85, 0x95, 0x85,
    0x96, 0x85, 0x96, 0x7d, 0x95, 0x85, 0x95, 0x85, 0x95, 0x85, 0x95, 0x85,
    0x75, 0x85, 0x95, 0x85, 0x75, 0x8d, 0x75, 0x8d, 0x95, 0x85, 0x75, 0x8d,
    0x75, 0x8d, 0x75, 0x8d, 0x75, 0x85, 0x75, 0x8d, 0x75, 0x8d, 0x75, 0x85,
    0x75, 0x8d, 0x75, 0x8d, 0x74, 0x8d, 0x75, 0x8d, 0x75, 0x85, 0x74, 0x85,
    0x75, 0x8d, 0x75, 0x85, 0x75, 0x85, 0x95, 0x85, 0x95, 0x85, 0x95, 0x85,
    0x95, 0x85, 0x95, 0x7d, 0x95, 0x85, 0x75, 0x85, 0x74, 0x8d, 0xf2, 0xac,
    0xd1, 0xb4, 0xd1, 0xbc, 0xd0, 0xc4, 0xaf, 0xcc, 0xd0, 0xd4, 0xf0, 0xd4,
    0xf0, 0xd4, 0xf0, 0xd4, 0xf0, 0xcc, 0xf0, 0xcc, 0x54, 0x95, 0x95, 0x85,
    0x96, 0x75, 0xb6, 0x7d, 0xb5, 0x75, 0x96, 0x75, 0xb6, 0x7d, 0x33, 0xa5,
    0x32, 0xa5, 0x12, 0xad, 0x12, 0xb5, 0x53, 0x9d, 0xb6, 0x7d, 0xb6, 0x7d,
    0xb6, 0x7d, 0xb5, 0x85, 0xb6, 0x85, 0xb5, 0x85, 0xb6, 0x85, 0xb6, 0x85,
    0xb5, 0x85, 0xb6, 0x85, 0xb5, 0x8d, 0xb6, 0x85, 0xb6, 0x7d, 0xb5, 0x85,
    0xb6, 0x85, 0xb6, 0x7d, 0xb6, 0x7d, 0xb6, 0x7d, 0xb6, 0x7d, 0xb6, 0x7d,
    0xb6, 0x7d, 0xb6, 0x7d, 0xb6, 0x7d, 0x96, 0x7d, 0xb6, 0x7d, 0xb6, 0x7d,
    0xb6, 0x7d, 0x96, 0x7d, 0xb6, 0x7d, 0xb6, 0x7d, 0xb6, 0x7d, 0xb6, 0x7d,
    0xb6, 0x7d, 0xb6, 0x7d, 0xb6, 0x7d, 0x96, 0x7d, 0xb6, 0x7d, 0xb6, 0x7d,
    0xb6, 0x7d, 0x96, 0x7d, 0xb6, 0x7d, 0xb5, 0x7d, 0xb6, 0x7d, 0xb6, 0x7d,
    0xb6, 0x7d, 0xb6, 0x7d, 0xb6, 0x7d, 0xb5, 0x7d, 0x73, 0xa5, 0x32, 0xbd,
    0x52, 0xbd, 0x52, 0xb5, 0x53, 0xa5, 0x95, 0x85, 0xb6, 0x7d, 0x95, 0x85,
    0x95, 0x8d, 0x94, 0x95, 0x74, 0x9d, 0x52, 0xad, 0x31, 0xc5, 0x10, 0xcd,
    0xf0, 0xd4, 0x11, 0xc5, 0x53, 0xad, 0x32, 0xb5, 0x31, 0xbd, 0x10, 0xd5,
    0xf0, 0xdc, 0x11, 0xdd, 0x31, 0xe5, 0x11, 0xe5, 0x31, 0xe5, 0x52, 0xed,
    0x52, 0xed, 0x51, 0xed, 0x31, 0xed, 0x31, 0xed, 0x31, 0xed, 0x31, 0xed,
    0xd0, 0xe4, 0x8f, 0xdc, 0x8f, 0xdc, 0xb1, 0xbc, 0xd2, 0xac, 0xd2, 0xac,
    0xd1, 0xa4, 0xd2, 0xa4, 0xd2, 0xa4, 0x12, 0x9d, 0x75, 0x7d, 0x13, 0x95,
    0xd2, 0xa4, 0xd2, 0xa4, 0xf3, 0x9c, 0x54, 0x85, 0x75, 0x7d, 0xf2, 0xa4,
    0x72, 0xed, 0x93, 0xf5, 0x72, 0xf5, 0x51, 0xf5, 0x10, 0xf5, 0xd0, 0xf4,
    0x11, 0xed, 0x72, 0xf5, 0x72, 0xf5, 0x73, 0xf5, 0x72, 0xf5, 0x32, 0xed,
    0xb1, 0xd4, 0xb1, 0xcc, 0xb1, 0xcc, 0xf1, 0xdc, 0x32, 0xdd, 0xb0, 0xdc,
    0x6f, 0xd4, 0x70, 0xcc, 0x50, 0xcc, 0x50, 0xc4, 0x50, 0xc4, 0x50, 0xc4,
    0x50, 0xc4, 0x70, 0xc4, 0x50, 0xc4, 0x51, 0xc4, 0x50, 0xc4, 0x50, 0xc4,
    0x71, 0xc4, 0x50, 0xc4, 0x50, 0xc4, 0x50, 0xcc, 0x50, 0xc4, 0x50, 0xc4,
    0x50, 0xc4, 0x50, 0xc4, 0x50, 0xc4, 0x50, 0xc4, 0x4f, 0xcc, 0x4f, 0xcc,
    0x4f, 0xd4, 0x2f, 0xd4, 0x4f, 0xd4, 0x4f, 0xd4, 0x4f, 0xd4, 0x6f, 0xdc,
    0xb0, 0xe4, 0xd0, 0xe4, 0xd0, 0xec, 0xf0, 0xec, 0xf0, 0xec, 0xf0, 0xec,
    0xf0, 0xec, 0xf0, 0xec, 0xf0, 0xec, 0xcf, 0xec, 0xaf, 0xec, 0x8f, 0xec,
    0x6f, 0xec, 0x0d, 0xec, 0xcd, 0xeb, 0xac, 0xe3, 0xad, 0xe3, 0xad, 0xe3,
    0xcd, 0xe3, 0xad, 0xe3, 0xad, 0xe3, 0xac, 0xe3, 0xac, 0xe3, 0xac, 0xe3,
    0xad, 0xe3, 0xac, 0xe3, 0xac, 0xe3, 0xac, 0xe3, 0xac, 0xe3, 0x8c, 0xe3,
    0x8c, 0xeb, 0x8c, 0xeb, 0x8c, 0xe3, 0x6b, 0xe3, 0x6c, 0xe3, 0x6b, 0xe3,
    0x4b, 0xeb, 0x6c, 0xe3, 0x6c, 0xe3, 0x6b, 0xe3, 0xcf, 0xc3, 0xef, 0xc3,
    0xef, 0xc3, 0xef, 0xc3, 0xef, 0xc3, 0xf0, 0xc3, 0xef, 0xbb, 0xef, 0xc3,
    0xf0, 0xc3, 0xf0, 0xc3, 0x0f, 0xc4, 0xef, 0xc3, 0x10, 0xc4, 0xf0, 0xc3,
    0x10, 0xc4, 0x10, 0xcc, 0x0f, 0xcc, 0x0f, 0xcc, 0x10, 0xcc, 0x2f, 0xcc,
    0x0f, 0xcc, 0x30, 0xcc, 0x2f, 0xcc, 0x2f, 0xd4, 0x2f, 0xcc, 0x2f, 0xcc,
    0x2f, 0xd4, 0x4f, 0xd4, 0x4f, 0xd4, 0x6f, 0xdc, 0x6f, 0xdc, 0x6e, 0xdc,
    0x6f, 0xe4, 0x6f, 0xe4, 0x6f, 0xd4, 0x12, 0xb4, 0x12, 0xb4, 0x12, 0xb4,
    0x11, 0xb4, 0x32, 0xac, 0x32, 0xac, 0x33, 0xac, 0x33, 0xac, 0x52, 0xac,
    0x52, 0xac, 0x51, 0xb4, 0x51, 0xb4, 0x71, 0xb4, 0x92, 0xac, 0xb3, 0x9c,
    0xd3, 0x9c, 0xf4, 0x94, 0xf4, 0x94, 0x14, 0x95, 0x14, 0x8d, 0x14, 0x8d,
    0x13, 0x95, 0x34, 0x8d, 0x34, 0x8d, 0x34, 0x8d, 0x34, 0x8d, 0x54, 0x85,
    0x54, 0x85, 0x54, 0x8d, 0x54, 0x8d, 0x54, 0x8d, 0x54, 0x8d, 0x95, 0x85,
    0x75, 0x85, 0x95, 0x85, 0x75, 0x85, 0x95, 0x85, 0x95, 0x7d, 0x96, 0x85,
    0x95, 0x85, 0x95, 0x85, 0x75, 0x8d, 0x95, 0x85, 0x95, 0x85, 0x75, 0x8d,
    0x75, 0x8d, 0x74, 0x8d, 0x74, 0x8d, 0x74, 0x8d, 0x75, 0x8d, 0x74, 0x8d,
    0x74, 0x8d, 0x75, 0x85, 0x74, 0x8d, 0x74, 0x85, 0x75, 0x85, 0x75, 0x8d,
    0x74, 0x85, 0x74, 0x8d, 0x75, 0x85, 0x74, 0x85, 0x74, 0x8d, 0x95, 0x8d,
    0x95, 0x85, 0x74, 0x8d, 0x94, 0x85, 0x75, 0x85, 0x75, 0x85, 0x95, 0x85,
    0x95, 0x85, 0x95, 0x85, 0x95, 0x85, 0x95, 0x85, 0x95, 0x85, 0x75, 0x85,
    0x74, 0x8d, 0x54, 0x95, 0xf1, 0xb4, 0xd0, 0xbc, 0xd0, 0xcc, 0xaf, 0xcc,
    0xd0, 0xd4, 0xf0, 0xd4, 0xf0, 0xd4, 0xf0, 0xd4, 0xf0, 0xd4, 0xf0, 0xc4,
    0x53, 0x9d, 0x95, 0x85, 0x96, 0x7d, 0x95, 0x7d, 0xb6, 0x7d, 0x95, 0x7d,
    0xb6, 0x7d, 0x53, 0x9d, 0x33, 0xa5, 0x12, 0xad, 0x12, 0xb5, 0x32, 0xad,
    0x54, 0x95, 0x53, 0x9d, 0x53, 0xa5, 0x54, 0x9d, 0x74, 0x95, 0x74, 0x95,
    0xb6, 0x85, 0xb6, 0x85, 0xb6, 0x85, 0xb6, 0x85, 0xb6, 0x85, 0xb6, 0x85,
    0xb6, 0x7d, 0xb6, 0x7d, 0xb6, 0x7d, 0xb6, 0x7d, 0xb6, 0x7d, 0xb6, 0x7d,
    0xb6, 0x7d, 0xb6, 0x7d, 0xb6, 0x7d, 0xb6, 0x7d, 0xb6, 0x7d, 0xb5, 0x7d,
    0x96, 0x7d, 0xb6, 0x7d, 0xb6, 0x7d, 0xb5, 0x7d, 0x96, 0x7d, 0xb6, 0x7d,
    0xb6, 0x7d, 0x96, 0x7d, 0xb5, 0x7d, 0xb6, 0x7d, 0xb6, 0x7d, 0xb6, 0x7d,
    0x96, 0x7d, 0xb6, 0x7d, 0xb6, 0x7d, 0xb6, 0x7d, 0xb6, 0x7d, 0xb5, 0x7d,
    0xb5, 0x7d, 0xb6, 0x7d, 0xb6, 0x7d, 0xb6, 0x75, 0xb6, 0x7d, 0xb6, 0x7d,
    0x95, 0x85, 0x53, 0xad, 0x52, 0xb5, 0x32, 0xbd, 0x53, 0xb5, 0x73, 0xa5,
    0x95, 0x8d, 0x95, 0x85, 0x74, 0x8d, 0x74, 0x9d, 0x73, 0xa5, 0x32, 0xbd,
    0x11, 0xcd, 0x11, 0xcd, 0x11, 0xcd, 0x10, 0xd5, 0x10, 0xdd, 0x10, 0xdd,
    0xf0, 0xd4, 0xf0, 0xdc, 0x10, 0xdd, 0x10, 0xdd, 0x31, 0xe5, 0x11, 0xe5,
    0x52, 0xed, 0x52, 0xed, 0x52, 0xed, 0x51, 0xed, 0x51, 0xed, 0x31, 0xed,
    0x31, 0xed, 0x31, 0xed, 0xd0, 0xe4, 0x8f, 0xdc, 0xb0, 0xc4, 0xb1, 0xac,
    0xd2, 0xa4, 0x13, 0x9d, 0x33, 0x95, 0x13, 0x9d, 0xf2, 0x9c, 0x33, 0x8d,
    0x95, 0x75, 0x75, 0x7d, 0x33, 0x95, 0xf2, 0x9c, 0x33, 0x8d, 0x95, 0x7d,
    0x96, 0x75, 0x34, 0x8d, 0xf1, 0xcc, 0x10, 0xed, 0xf0, 0xf4, 0xcf, 0xec,
    0xcf, 0xec, 0xf1, 0xf4, 0x52, 0xf5, 0x73, 0xf5, 0x72, 0xf5, 0x72, 0xed,
    0x72, 0xed, 0x52, 0xed, 0xd1, 0xdc, 0xb1, 0xd4, 0xb1, 0xc4, 0xd1, 0xcc,
    0xd1, 0xcc, 0xb0, 0xcc, 0x70, 0xcc, 0x70, 0xc4, 0x70, 0xc4, 0x50, 0xcc,
    0x50, 0xc4, 0x70, 0xc4, 0x50, 0xc4, 0x50, 0xc4, 0x71, 0xc4, 0x50, 0xc4,
    0x50, 0xc4, 0x70, 0xcc, 0x71, 0xc4, 0x51, 0xc4, 0x70, 0xc4, 0x50, 0xc4,
    0x50, 0xc4, 0x50, 0xc4, 0x50, 0xc4, 0x50, 0xc4, 0x50, 0xcc, 0x4f, 0xcc,
    0x4f, 0xcc, 0x4f, 0xd4, 0x4f, 0xd4, 0x4f, 0xd4, 0x4f, 0xd4, 0x6f, 0xdc,
    0xd0, 0xe4, 0xf1, 0xec, 0xf1, 0xec, 0xf1, 0xec, 0xf0, 0xec, 0xf0, 0xec,
    0xf0, 0xec, 0xf0, 0xec, 0xf0, 0xec, 0xf0, 0xec, 0xd0, 0xec, 0xcf, 0xec,
    0xaf, 0xec, 0x8f, 0xec, 0x4e, 0xec, 0x0d, 0xec, 0xcd, 0xe3, 0xcc, 0xe3,
    0xad, 0xe3, 0xac, 0xeb, 0xac, 0xe3, 0xad, 0xe3, 0xad, 0xe3, 0xac, 0xe3,
    0xac, 0xe3, 0xad, 0xe3, 0xad, 0xe3, 0xac, 0xe3, 0xac, 0xe3, 0xad, 0xe3,
    0xac, 0xe3, 0xac, 0xe3, 0xac, 0xe3, 0x8c, 0xe3, 0x8c, 0xe3, 0x8c, 0xe3,
    0x6c, 0xe3, 0x6c, 0xeb, 0x6b, 0xe3, 0x6b, 0xe3, 0x6c, 0xe3, 0x6c, 0xe3,
    0xef, 0xc3, 0xef, 0xcb, 0xef, 0xcb, 0x0f, 0xcc, 0xef, 0xcb, 0xef, 0xc3,
    0xef, 0xc3, 0xf0, 0xc3, 0xf0, 0xc3, 0x0f, 0xc4, 0xef, 0xc3, 0xf0, 0xc3,
    0x10, 0xc4, 0x10, 0xc4, 0x10, 0xc4, 0x10, 0xc4, 0x0f, 0xcc, 0x0f, 0xcc,
    0x30, 0xcc, 0x2f, 0xcc, 0x0f, 0xcc, 0x10, 0xcc, 0x2f, 0xcc, 0x2f, 0xcc,
    0x30, 0xd4, 0x2f, 0xcc, 0x2f, 0xd4, 0x4f, 0xd4, 0x4f, 0xd4, 0x4f, 0xdc,
    0x6e, 0xdc, 0x6e, 0xe4, 0x6e, 0xe4, 0x6f, 0xe4, 0x6f, 0xdc, 0x31, 0xb4,
    0x32, 0xac, 0x11, 0xb4, 0x11, 0xb4, 0x11, 0xb4, 0x12, 0xac, 0x12, 0xac,
    0x32, 0xb4, 0x51, 0xbc, 0x51, 0xbc, 0x71, 0xbc, 0x50, 0xbc, 0x50, 0xbc,
    0x71, 0xb4, 0xb2, 0xa4, 0xd3, 0x9c, 0xf3, 0x94, 0xf4, 0x94, 0x14, 0x8d,
    0x13, 0x95, 0xf3, 0x94, 0xf3, 0x94, 0x13, 0x95, 0x13, 0x95, 0x13, 0x95,
    0x13, 0x95, 0x13, 0x9d, 0x13, 0x95, 0x33, 0x95, 0x34, 0x95, 0x34, 0x95,
    0x54, 0x8d, 0x74, 0x8d, 0x75, 0x8d, 0x75, 0x85, 0x75, 0x85, 0x75, 0x85,
    0x75, 0x85, 0x75, 0x85, 0x75, 0x8d, 0x74, 0x8d, 0x74, 0x8d, 0x54, 0x95,
    0x54, 0x95, 0x54, 0x8d, 0x74, 0x8d, 0x74, 0x8d, 0x54, 0x8d, 0x74, 0x8d,
    0x74, 0x8d, 0x74, 0x8d, 0x74, 0x8d, 0x74, 0x8d, 0x74, 0x8d, 0x74, 0x8d,
    0x74, 0x8d, 0x54, 0x8d, 0x74, 0x8d, 0x54, 0x8d, 0x54, 0x8d, 0x74, 0x8d,
    0x54, 0x8d, 0x54, 0x8d, 0x54, 0x95, 0x54, 0x8d, 0x74, 0x8d, 0x74, 0x8d,
    0x74, 0x8d, 0x54, 0x8d, 0x54, 0x8d, 0x54, 0x8d, 0x54, 0x8d, 0x54, 0x95,
    0x33, 0x9d, 0x32, 0xa5, 0x12, 0xad, 0xf1, 0xb4, 0xf1, 0xbc, 0xaf, 0xcc,
    0xcf, 0xcc, 0xd0, 0xcc, 0xd0, 0xcc, 0xf0, 0xd4, 0xf0, 0xd4, 0x10, 0xd5,
    0xf0, 0xd4, 0xf0, 0xcc, 0x32, 0xa5, 0x74, 0x8d, 0x96, 0x7d, 0xb5, 0x7d,
    0x96, 0x7d, 0xb5, 0x7d, 0x96, 0x7d, 0x74, 0x8d, 0x33, 0xa5, 0x32, 0xb5,
    0x11, 0xb5, 0xf1, 0xbc, 0xf1, 0xbc, 0xf1, 0xb4, 0x12, 0xb5, 0x53, 0xa5,
    0x54, 0x9d, 0x75, 0x95, 0xb6, 0x85, 0xb6, 0x7d, 0xb6, 0x85, 0xb6, 0x85,
    0xb6, 0x85, 0xb6, 0x7d, 0xb6, 0x7d, 0xb6, 0x7d, 0xb5, 0x7d, 0xb6, 0x7d,
    0x96, 0x7d, 0xb6, 0x7d, 0xb6, 0x7d, 0xb6, 0x7d, 0xb6, 0x7d, 0xb6, 0x7d,
    0xb6, 0x7d, 0xb6, 0x7d, 0xb6, 0x7d, 0x96, 0x7d, 0xb6, 0x7d, 0xb6, 0x7d,
    0xb6, 0x7d, 0xb6, 0x7d, 0xb6, 0x7d, 0xb6, 0x7d, 0xb6, 0x7d, 0xb6, 0x7d,
    0xb6, 0x7d, 0xb5, 0x7d, 0xb6, 0x7d, 0xb6, 0x7d, 0xb5, 0x7d, 0xb6, 0x7d,
    0xb6, 0x7d, 0xb6, 0x7d, 0xb6, 0x7d, 0xb6, 0x7d, 0xb5, 0x7d, 0xb6, 0x7d,
    0xb6, 0x7d, 0xb6, 0x7d, 0xb6, 0x7d, 0x95, 0x85, 0x53, 0xa5, 0x52, 0xb5,
    0x32, 0xbd, 0x32, 0xbd, 0x52, 0xb5, 0x73, 0xa5, 0x74, 0x95, 0x74, 0x9d,
    0x52, 0xb5, 0x11, 0xcd, 0x11, 0xd5, 0x10, 0xd5, 0x11, 0xd5, 0x10, 0xd5,
    0x10, 0xd5, 0x10, 0xd5, 0xf0, 0xdc, 0x10, 0xdd, 0x10, 0xdd, 0x10, 0xdd,
    0x11, 0xdd, 0x11, 0xe5, 0x51, 0xed, 0x51, 0xed, 0x52, 0xed, 0x51, 0xed,
    0x31, 0xed, 0x31, 0xe5, 0xf0, 0xe4, 0xaf, 0xe4, 0x8f, 0xdc, 0xb0, 0xc4,
    0xd2, 0xac, 0x13, 0x95, 0x54, 0x85, 0x95, 0x7d, 0x95, 0x7d, 0x75, 0x7d,
    0x75, 0x7d, 0x95, 0x7d, 0x75, 0x7d, 0x75, 0x7d, 0x75, 0x7d, 0x75, 0x7d,
    0x75, 0x7d, 0x95, 0x7d, 0xb6, 0x75, 0x54, 0x85, 0xd1, 0xb4, 0xd0, 0xe4,
    0xcf, 0xec, 0xaf, 0xec, 0xf0, 0xec, 0x93, 0xf5, 0x93, 0xf5, 0x93, 0xf5,
    0x72, 0xf5, 0x72, 0xf5, 0x72, 0xf5, 0x52, 0xed, 0x32, 0xe5, 0xb1, 0xd4,
    0x91, 0xcc, 0xb1, 0xc4, 0xb1, 0xc4, 0xb1, 0xc4, 0xb1, 0xc4, 0x71, 0xc4,
    0x70, 0xc4, 0x70, 0xcc, 0x70, 0xcc, 0x70, 0xc4, 0x71, 0xcc, 0x51, 0xc4,
    0x50, 0xc4, 0x70, 0xcc, 0x70, 0xc4, 0x50, 0xc4, 0x70, 0xc4, 0x70, 0xc4,
    0x70, 0xcc, 0x70, 0xcc, 0x50, 0xcc, 0x50, 0xcc, 0x4f, 0xcc, 0x4f, 0xd4,
    0x4f, 0xd4, 0x4f, 0xd4, 0x4f, 0xd4, 0x4f, 0xd4, 0x4f, 0xd4, 0x4f, 0xdc,
    0xb0, 0xe4, 0xf1, 0xec, 0xf1, 0xec, 0xf0, 0xec, 0xf1, 0xec, 0xf1, 0xec,
    0xf0, 0xec, 0xf0, 0xec, 0xf0, 0xec, 0xf0, 0xec, 0xf0, 0xec, 0xf0, 0xec,
    0xd0, 0xec, 0xb0, 0xec, 0x8f, 0xec, 0x6f, 0xec, 0x2e, 0xe4, 0xcd, 0xe3,
    0xcd, 0xe3, 0xac, 0xeb, 0xac, 0xeb, 0xac, 0xeb, 0xac, 0xe3, 0xac, 0xe3,
    0xad, 0xe3, 0xad, 0xe3, 0xac, 0xe3, 0xac, 0xe3, 0xac, 0xe3, 0xac, 0xe3,
    0x8c, 0xe3, 0x8c, 0xe3, 0x8c, 0xe3, 0x8c, 0xe3, 0xac, 0xe3, 0xac, 0xe3,
    0x8c, 0xe3, 0x8c, 0xe3, 0x8c, 0xe3, 0x6c, 0xe3, 0x6c, 0xe3, 0x6c, 0xe3,
    0x6c, 0xe3, 0x6c, 0xe3, 0xef, 0xcb, 0x0f, 0xcc, 0x0f, 0xcc, 0x0f, 0xcc,
    0x0f, 0xcc, 0x0f, 0xcc, 0x0f, 0xcc, 0x0f, 0xcc, 0x0f, 0xc4, 0x10, 0xc4,
    0xf0, 0xc3, 0x0f, 0xc4, 0x0f, 0xc4, 0x0f, 0xc4, 0x0f, 0xcc, 0x0f, 0xcc,
    0x2f, 0xcc, 0x10, 0xcc, 0x0f, 0xcc, 0x2f, 0xcc, 0x10, 0xcc, 0x2f, 0xcc,
    0x30, 0xcc, 0x30, 0xcc, 0x2f, 0xcc, 0x2f, 0xd4, 0x2f, 0xd4, 0x50, 0xd4,
    0x4f, 0xd4, 0x4f, 0xdc, 0x6f, 0xdc, 0x6f, 0xe4, 0x6e, 0xe4, 0x6e, 0xdc,
    0x6e, 0xe4, 0x51, 0xc4, 0x11, 0xb4, 0x11, 0xbc, 0x10, 0xb4, 0x11, 0xbc,
    0x31, 0xbc, 0x50, 0xcc, 0x6f, 0xdc, 0x6f, 0xdc, 0x6f, 0xd4, 0x70, 0xcc,
    0x70, 0xcc, 0x70, 0xcc, 0x6f, 0xcc, 0xb1, 0xac, 0xb2, 0xa4, 0xd2, 0xa4,
    0xd2, 0xa4, 0xb1, 0xb4, 0xb1, 0xb4, 0xd2, 0xac, 0xd2, 0xa4, 0xd2, 0xa4,
    0xd2, 0xac, 0xd2, 0xac, 0xb1, 0xb4, 0xd1, 0xac, 0xf2, 0xa4, 0xf2, 0xa4,
    0x12, 0xa5, 0x12, 0xa5, 0x12, 0xa5, 0x13, 0x9d, 0x33, 0x9d, 0x54, 0x95,
    0x54, 0x95, 0x54, 0x8d, 0x74, 0x8d, 0x74, 0x8d, 0x75, 0x8d, 0x75, 0x8d,
    0x95, 0x8d, 0x74, 0x8d, 0x54, 0x95, 0x54, 0x95, 0x54, 0x95, 0x54, 0x95,
    0x54, 0x95, 0x54, 0x95, 0x54, 0x8d, 0x54, 0x8d, 0x54, 0x95, 0x54, 0x95,
    0x54, 0x8d, 0x54, 0x95, 0x54, 0x95, 0x54, 0x8d, 0x54, 0x95, 0x54, 0x95,
    0x54, 0x95, 0x54, 0x95, 0x54, 0x95, 0x53, 0x95, 0x33, 0x95, 0x34, 0x95,
    0x33, 0x95, 0x54, 0x95, 0x34, 0x95, 0x54, 0x95, 0x53, 0x95, 0x33, 0x95,
    0xf2, 0xac, 0xd1, 0xb4, 0xd0, 0xbc, 0xd0, 0xbc, 0xd0, 0xbc, 0xb0, 0xc4,
    0xaf, 0xcc, 0xb0, 0xd4, 0xaf, 0xcc, 0xcf, 0xcc, 0xd0, 0xcc, 0x10, 0xd5,
    0x10, 0xd5, 0xf0, 0xd4, 0x10, 0xd5, 0xf0, 0xcc, 0x12, 0xad, 0x54, 0x95,
    0x95, 0x85, 0xb5, 0x7d, 0x96, 0x7d, 0xb6, 0x7d, 0xb6, 0x7d, 0x74, 0x8d,
    0x11, 0xb5, 0x11, 0xb5, 0x11, 0xb5, 0xf1, 0xbc, 0xf1, 0xbc, 0xf1, 0xbc,
    0x11, 0xbd, 0x33, 0xa5, 0x53, 0x9d, 0x74, 0x95, 0x95, 0x85, 0xb6, 0x7d,
    0xb6, 0x7d, 0xb6, 0x7d, 0xb6, 0x7d, 0xb5, 0x7d, 0x96, 0x7d, 0xb6, 0x7d,
    0xb6, 0x7d, 0xb6, 0x7d, 0xb6, 0x7d, 0xb5, 0x7d, 0xb6, 0x7d, 0xb6, 0x7d,
    0xb6, 0x7d, 0xb6, 0x7d, 0xb6, 0x7d, 0xb6, 0x7d, 0xb6, 0x7d, 0xb6, 0x7d,
    0xb6, 0x7d, 0x96, 0x7d, 0xb6, 0x7d, 0xb6, 0x7d, 0x96, 0x7d, 0xb6, 0x7d,
    0xb6, 0x7d, 0xb6, 0x7d, 0x96, 0x7d, 0xb6, 0x7d, 0xb6, 0x7d, 0xb6, 0x7d,
    0x96, 0x7d, 0xb5, 0x7d, 0xb5, 0x7d, 0xb6, 0x7d, 0xb5, 0x7d, 0xb6, 0x7d,
    0xb5, 0x7d, 0xb6, 0x7d, 0xb6, 0x7d, 0xb6, 0x7d, 0xb6, 0x7d, 0xb6, 0x7d,
    0xb5, 0x85, 0x74, 0x9d, 0x53, 0xb5, 0x32, 0xb5, 0x52, 0xbd, 0x32, 0xbd,
    0x32, 0xb5, 0x32, 0xb5, 0x32, 0xb5, 0x32, 0xbd, 0x11, 0xcd, 0x10, 0xd5,
    0x10, 0xd5, 0x10, 0xd5, 0x11, 0xd5, 0x10, 0xd5, 0x10, 0xd5, 0xf0, 0xdc,
    0xf0, 0xd4, 0x10, 0xdd, 0x11, 0xdd, 0x10, 0xdd, 0x31, 0xe5, 0x52, 0xed,
    0x52, 0xed, 0x51, 0xed, 0xf0, 0xd4, 0xd1, 0xbc, 0xd1, 0xc4, 0x90, 0xd4,
    0xb0, 0xcc, 0xd1, 0xb4, 0x13, 0x9d, 0xb6, 0x75, 0x96, 0x75, 0x95, 0x7d,
    0x95, 0x7d, 0x75, 0x7d, 0x75, 0x7d, 0x75, 0x7d, 0x74, 0x7d, 0x75, 0x85,
    0x74, 0x85, 0x75, 0x7d, 0x75, 0x85, 0x54, 0x85, 0x95, 0x7d, 0x13, 0x9d,
    0xd1, 0xb4, 0xaf, 0xdc, 0x8e, 0xec, 0xae, 0xec, 0xf0, 0xec, 0x93, 0xf5,
    0x93, 0xf5, 0x93, 0xf5, 0x73, 0xf5, 0x73, 0xf5, 0x72, 0xf5, 0x52, 0xed,
    0x52, 0xed, 0xf1, 0xe4, 0xb1, 0xd4, 0xb1, 0xc4, 0xb1, 0xbc, 0xb1, 0xbc,
    0x91, 0xbc, 0x71, 0xc4, 0x70, 0xcc, 0x70, 0xc4, 0x90, 0xcc, 0xb0, 0xd4,
    0xb0, 0xd4, 0xd1, 0xd4, 0xd1, 0xdc, 0xf1, 0xdc, 0xf1, 0xdc, 0xf0, 0xdc,
    0xb0, 0xdc, 0x8f, 0xdc, 0x6f, 0xe4, 0x6f, 0xdc, 0x6f, 0xdc, 0x6f, 0xdc,
    0x6f, 0xdc, 0x4f, 0xdc, 0x4f, 0xd4, 0x4f, 0xd4, 0x4f, 0xd4, 0x4f, 0xdc,
    0x4f, 0xdc, 0xd0, 0xe4, 0xf1, 0xec, 0xf1, 0xec, 0x10, 0xed, 0xf0, 0xec,
    0xf0, 0xec, 0xf1, 0xe4, 0xf1, 0xec, 0xf0, 0xec, 0xf0, 0xec, 0xf0, 0xec,
    0xf0, 0xec, 0xf0, 0xec, 0xcf, 0xec, 0xaf, 0xec, 0x8f, 0xec, 0x2e, 0xec,
    0xcd, 0xe3, 0xcd, 0xeb, 0xcc, 0xe3, 0xac, 0xeb, 0xac, 0xeb, 0xac, 0xe3,
    0xac, 0xe3, 0xad, 0xe3, 0xac, 0xe3, 0xac, 0xe3, 0xac, 0xe3, 0x8c, 0xe3,
    0x8c, 0xe3, 0x8c, 0xe3, 0x8c, 0xe3, 0x8c, 0xe3, 0x8c, 0xe3, 0x8c, 0xe3,
    0x8c, 0xe3, 0x8c, 0xe3, 0x8c, 0xe3, 0x6c, 0xe3, 0x6c, 0xe3, 0x6c, 0xe3,
    0x6c, 0xe3, 0x6b, 0xdb, 0x6c, 0xe3, 0x6c, 0xdb, 0x0f, 0xcc, 0x0f, 0xcc,
    0x0f, 0xcc, 0x0f, 0xcc, 0x0f, 0xcc, 0x0f, 0xd4, 0x2f, 0xcc, 0x2f, 0xcc,
    0x0f, 0xcc, 0x0f, 0xc4, 0x10, 0xc4, 0x0f, 0xc4, 0x0f, 0xcc, 0x10, 0xcc,
    0x0f, 0xcc, 0x2f, 0xcc, 0x2f, 0xcc, 0x30, 0xcc, 0x0f, 0xcc, 0x2f, 0xcc,
    0x30, 0xcc, 0x2f, 0xcc, 0x2f, 0xcc, 0x2f, 0xcc, 0x30, 0xd4, 0x2f, 0xcc,
    0x2f, 0xcc, 0x4f, 0xd4, 0x4f, 0xd4, 0x4f, 0xdc, 0x6f, 0xdc, 0x6e, 0xe4,
    0x6e, 0xe4, 0x8e, 0xe4, 0x8f, 0xe4, 0x4f, 0xcc, 0x50, 0xc4, 0x50, 0xcc,
    0x4f, 0xd4, 0x8f, 0xdc, 0x8f, 0xdc, 0x8f, 0xdc, 0x6f, 0xdc, 0x8e, 0xdc,
    0x8f, 0xdc, 0x6e, 0xdc, 0x6f, 0xdc, 0x6f, 0xdc, 0x6f, 0xdc, 0xb0, 0xc4,
    0xd1, 0xb4, 0xb0, 0xb4, 0x6f, 0xd4, 0x6e, 0xdc, 0x8f, 0xcc, 0xb0, 0xbc,
    0xd1, 0xb4, 0xf2, 0xa4, 0x12, 0x9d, 0xd2, 0xac, 0xd2, 0xac, 0xd1, 0xac,
    0xf2, 0xac, 0xf2, 0xac, 0x12, 0xa5, 0x12, 0xa5, 0x13, 0xa5, 0x13, 0xa5,
    0x13, 0x9d, 0x32, 0x9d, 0x33, 0x9d, 0x33, 0xa5, 0x33, 0xa5, 0x33, 0x9d,
    0x33, 0x9d, 0x33, 0x9d, 0x33, 0x9d, 0x53, 0x95, 0x33, 0x9d, 0x33, 0x9d,
    0x33, 0x9d, 0x33, 0x95, 0x33, 0x9d, 0x34, 0x9d, 0x34, 0x9d, 0x33, 0x9d,
    0x33, 0x9d, 0x33, 0x9d, 0x34, 0x9d, 0x33, 0x9d, 0x33, 0x9d, 0x33, 0x9d,
    0x33, 0x9d, 0x34, 0x9d, 0x33, 0x95, 0x33, 0x9d, 0x13, 0x9d, 0x12, 0xa5,
    0xd1, 0xac, 0xd1, 0xb4, 0xb1, 0xb4, 0xd1, 0xb4, 0xd1, 0xac, 0xd1, 0xac,
    0xf2, 0xac, 0xd0, 0xbc, 0xaf, 0xc4, 0xb0, 0xcc, 0xb0, 0xcc, 0xb0, 0xcc,
    0xaf, 0xcc, 0xaf, 0xd4, 0xaf, 0xd4, 0xaf, 0xcc, 0xb0, 0xcc, 0xcf, 0xcc,
    0xf0, 0xd4, 0x10, 0xdd, 0x10, 0xdd, 0x10, 0xdd, 0xf0, 0xd4, 0xf0, 0xc4,
    0xf1, 0xac, 0x33, 0x9d, 0x74, 0x95, 0x95, 0x85, 0x96, 0x7d, 0x95, 0x7d,
    0x95, 0x85, 0x33, 0xa5, 0x32, 0xad, 0x11, 0xbd, 0xf1, 0xbc, 0x11, 0xbd,
    0x11, 0xbd, 0xf1, 0xbc, 0x11, 0xbd, 0x33, 0xad, 0x53, 0xa5, 0x74, 0x95,
    0x95, 0x8d, 0xb6, 0x7d, 0xb6, 0x7d, 0x96, 0x7d, 0xb6, 0x7d, 0xb6, 0x7d,
    0xb6, 0x85, 0x96, 0x85, 0xb6, 0x7d, 0xb6, 0x85, 0xb5, 0x7d, 0xb6, 0x7d,
    0xb6, 0x7d, 0x96, 0x7d, 0xb5, 0x7d, 0xb6, 0x7d, 0xb6, 0x7d, 0xb6, 0x7d,
    0xb6, 0x7d, 0xb6, 0x7d, 0xb5, 0x7d, 0xb6, 0x7d, 0x96, 0x7d, 0xb5, 0x7d,
    0xb6, 0x7d, 0xb6, 0x7d, 0x95, 0x7d, 0xb6, 0x7d, 0xb6, 0x7d, 0xb6, 0x7d,
    0xb6, 0x7d, 0xb5, 0x7d, 0xb6, 0x7d, 0xb6, 0x7d, 0xb5, 0x7d, 0xb6, 0x7d,
    0xb6, 0x7d, 0xb5, 0x7d, 0xb6, 0x75, 0xb5, 0x7d, 0xb5, 0x7d, 0xb6, 0x7d,
    0xb6, 0x7d, 0xb5, 0x7d, 0xb6, 0x7d, 0xb6, 0x7d, 0x95, 0x85, 0x74, 0x9d,
    0x53, 0xa5, 0x52, 0xb5, 0x52, 0xb5, 0x32, 0xbd, 0x52, 0xbd, 0x32, 0xbd,
    0x31, 0xbd, 0x11, 0xc5, 0x11, 0xc5, 0x11, 0xc5, 0x32, 0xc5, 0x32, 0xbd,
    0x12, 0xc5, 0x11, 0xcd, 0x10, 0xd5, 0xf0, 0xdc, 0x11, 0xe5, 0x11, 0xdd,
    0x11, 0xe5, 0x31, 0xe5, 0x51, 0xed, 0x31, 0xe5, 0xf2, 0xbc, 0xf3, 0xa4,
    0xf2, 0xac, 0xd2, 0xb4, 0xd2, 0xb4, 0xf2, 0xac, 0x54, 0x8d, 0x96, 0x7d,
    0x95, 0x7d, 0x75, 0x7d, 0x75, 0x7d, 0x75, 0x7d, 0x75, 0x85, 0x75, 0x85,
    0x75, 0x85, 0x74, 0x85, 0x54, 0x85, 0x54, 0x85, 0x75, 0x85, 0x75, 0x7d,
    0x13, 0x95, 0xb1, 0xac, 0x90, 0xbc, 0xaf, 0xdc, 0x8e, 0xec, 0xaf, 0xec,
    0x30, 0xed, 0x93, 0xf5, 0x93, 0xfd, 0x93, 0xf5, 0x93, 0xf5, 0x72, 0xf5,
    0x72, 0xf5, 0x52, 0xed, 0x52, 0xed, 0x52, 0xed, 0xf1, 0xdc, 0xd1, 0xcc,
    0x90, 0xc4, 0x90, 0xc4, 0x90, 0xc4, 0x91, 0xcc, 0xb1, 0xd4, 0xf1, 0xdc,
    0x11, 0xe5, 0x11, 0xe5, 0x31, 0xe5, 0x31, 0xed, 0x11, 0xed, 0x11, 0xed,
    0xf1, 0xe4, 0xf0, 0xe4, 0xb0, 0xdc, 0xaf, 0xdc, 0x8f, 0xdc, 0x8f, 0xdc,
    0x6f, 0xdc, 0x6f, 0xdc, 0x6f, 0xdc, 0x4f, 0xdc, 0x4f, 0xdc, 0x4f, 0xdc,
    0x4f, 0xdc, 0x6f, 0xd4, 0xd0, 0xe4, 0xf0, 0xec, 0xf1, 0xec, 0xf1, 0xec,
    0xf0, 0xec, 0xf1, 0xec, 0xf1, 0xec, 0xf1, 0xe4, 0xf0, 0xec, 0xf0, 0xec,
    0xf0, 0xec, 0xf0, 0xec, 0xf0, 0xec, 0xd0, 0xec, 0xcf, 0xec, 0xaf, 0xec,
    0x6e, 0xec, 0xed, 0xe3, 0xcc, 0xeb, 0xcc, 0xe3, 0xac, 0xeb, 0xac, 0xeb,
    0xac, 0xe3, 0xac, 0xe3, 0xac, 0xe3, 0xac, 0xe3, 0xac, 0xe3, 0xac, 0xe3,
    0x8c, 0xe3, 0x8c, 0xe3, 0x8c, 0xe3, 0x8c, 0xe3, 0x8c, 0xe3, 0x8c, 0xe3,
    0x8c, 0xe3, 0x8c, 0xe3, 0x8c, 0xe3, 0x6c, 0xe3, 0x8c, 0xe3, 0x6c, 0xe3,
    0x6c, 0xe3, 0x6b, 0xdb, 0x6c, 0xdb, 0x6c, 0xe3, 0x6b, 0xdb, 0x6b, 0xdb,
    0x0e, 0xcc, 0x0e, 0xcc, 0x0f, 0xcc, 0x0f, 0xcc, 0x0e, 0xd4, 0x0f, 0xcc,
    0x0f, 0xcc, 0x0f, 0xcc, 0x0f, 0xcc, 0x0f, 0xd4, 0x0f, 0xcc, 0x10, 0xc4,
    0x0f, 0xcc, 0x10, 0xcc, 0x10, 0xcc, 0x2f, 0xcc, 0x2f, 0xcc, 0x2f, 0xd4,
    0x2f, 0xd4, 0x2f, 0xd4, 0x30, 0xcc, 0x2f, 0xd4, 0x2f, 0xcc, 0x30, 0xd4,
    0x2f, 0xcc, 0x2f, 0xd4, 0x50, 0xd4, 0x4f, 0xd4, 0x4f, 0xd4, 0x6f, 0xdc,
    0x6f, 0xdc, 0x6e, 0xe4, 0x8e, 0xe4, 0x8f, 0xe4, 0x6e, 0xe4, 0x6e, 0xdc,
    0x8f, 0xdc, 0x8f, 0xdc, 0x6f, 0xdc, 0x6e, 0xdc, 0x6e, 0xdc, 0x6e, 0xdc,
    0x6f, 0xdc, 0x6f, 0xdc, 0x6e, 0xdc, 0x6f, 0xdc, 0x6e, 0xdc, 0x6f, 0xdc,
    0x8f, 0xdc, 0x8f, 0xe4, 0x8f, 0xe4, 0x8e, 0xe4, 0xae, 0xe4, 0xae, 0xe4,
    0x8f, 0xe4, 0xaf, 0xdc, 0xd1, 0xbc, 0x12, 0x9d, 0x13, 0x95, 0xf2, 0x9c,
    0xb1, 0x94, 0x0f, 0x84, 0x50, 0x8c, 0x91, 0x94, 0x13, 0x9d, 0x13, 0x9d,
    0xb2, 0x94, 0x33, 0x9d, 0x13, 0x9d, 0x33, 0x9d, 0x33, 0x9d, 0x33, 0x9d,
    0x54, 0x95, 0x54, 0x95, 0x54, 0x95, 0x74, 0x8d, 0x54, 0x8d, 0x54, 0x8d,
    0x54, 0x8d, 0x74, 0x95, 0x74, 0x8d, 0x74, 0x8d, 0x54, 0x95, 0x74, 0x8d,
    0x74, 0x8d, 0x75, 0x8d, 0x74, 0x8d, 0x54, 0x8d, 0x74, 0x8d, 0x54, 0x8d,
    0x34, 0x95, 0xf2, 0xa4, 0xf2, 0xac, 0xd1, 0xac, 0xd2, 0xac, 0xd1, 0xac,
    0xd1, 0xac, 0xd1, 0xac, 0xd1, 0xb4, 0x90, 0xbc, 0xb0, 0xbc, 0x90, 0xbc,
    0x90, 0xbc, 0x8f, 0xc4, 0xb0, 0xc4, 0xb0, 0xc4, 0xaf, 0xcc, 0xaf, 0xcc,
    0xaf, 0xcc, 0xaf, 0xd4, 0xaf, 0xd4, 0xb0, 0xcc, 0xaf, 0xd4, 0xaf, 0xcc,
    0xb0, 0xcc, 0xd0, 0xcc, 0x10, 0xdd, 0xf0, 0xdc, 0xf0, 0xd4, 0xf0, 0xd4,
    0xf0, 0xd4, 0xd1, 0xbc, 0xd1, 0xb4, 0x12, 0xa5, 0x53, 0x9d, 0x74, 0x95,
    0x95, 0x85, 0xb6, 0x7d, 0x95, 0x85, 0x54, 0x95, 0x12, 0xb5, 0xf1, 0xbc,
    0xf1, 0xbc, 0x32, 0xad, 0x53, 0xa5, 0x53, 0xa5, 0x53, 0x9d, 0x74, 0x9d,
    0x54, 0x9d, 0x74, 0x95, 0x95, 0x8d, 0xb6, 0x85, 0xb6, 0x7d, 0xb6, 0x7d,
    0xb6, 0x85, 0xb6, 0x7d, 0x96, 0x7d, 0x96, 0x7d, 0xb6, 0x7d, 0xb6, 0x7d,
    0xb6, 0x7d, 0xb6, 0x7d, 0xb6, 0x85, 0xb6, 0x7d, 0xb6, 0x7d, 0xb6, 0x7d,
    0xb6, 0x7d, 0xb6, 0x7d, 0xb6, 0x7d, 0xb6, 0x7d, 0xb6, 0x7d, 0xb6, 0x7d,
    0xb6, 0x7d, 0xb6, 0x7d, 0xb6, 0x7d, 0xb5, 0x7d, 0xb6, 0x7d, 0xb6, 0x7d,
    0xb6, 0x7d, 0xb6, 0x7d, 0xb6, 0x7d, 0xb6, 0x7d, 0xb6, 0x7d, 0xb6, 0x7d,
    0xb5, 0x7d, 0xb6, 0x7d, 0xb6, 0x7d, 0xb5, 0x7d, 0xb6, 0x7d, 0xb6, 0x7d,
    0xb6, 0x7d, 0xb6, 0x7d, 0xb6, 0x7d, 0xb6, 0x7d, 0xb6, 0x7d, 0xb5, 0x7d,
    0xb6, 0x7d, 0xb6, 0x7d, 0xb5, 0x7d, 0x95, 0x85, 0x95, 0x8d, 0x94, 0x8d,
    0x74, 0x95, 0x53, 0x9d, 0x33, 0xa5, 0x53, 0xa5, 0x54, 0x9d, 0x74, 0x95,
    0x74, 0x8d, 0x74, 0x95, 0x33, 0xad, 0x32, 0xbd, 0x11, 0xcd, 0xf0, 0xdc,
    0x10, 0xe5, 0x10, 0xe5, 0xf1, 0xdc, 0x10, 0xdd, 0x11, 0xdd, 0x11, 0xd5,
    0x12, 0xc5, 0x54, 0x9d, 0x75, 0x85, 0x33, 0x9d, 0x13, 0xa5, 0x33, 0x9d,
    0x75, 0x85, 0x75, 0x85, 0x75, 0x85, 0x75, 0x85, 0x74, 0x85, 0x74, 0x85,
    0x75, 0x85, 0x74, 0x85, 0x75, 0x85, 0x75, 0x85, 0x75, 0x85, 0x74, 0x85,
    0x75, 0x85, 0x75, 0x85, 0xf2, 0x9c, 0xb1, 0xac, 0x90, 0xc4, 0xb0, 0xdc,
    0xaf, 0xec, 0xef, 0xec, 0x0f, 0xed, 0x72, 0xf5, 0x93, 0xf5, 0x93, 0xf5,
    0x93, 0xf5, 0x72, 0xf5, 0x52, 0xf5, 0x52, 0xed, 0x52, 0xed, 0x32, 0xe5,
    0xf1, 0xdc, 0xd0, 0xd4, 0xb0, 0xd4, 0x90, 0xcc, 0xb1, 0xcc, 0xf1, 0xdc,
    0x31, 0xe5, 0x51, 0xed, 0x51, 0xed, 0x31, 0xed, 0x31, 0xed, 0xf0, 0xe4,
    0xd0, 0xe4, 0xaf, 0xdc, 0xaf, 0xdc, 0x8f, 0xdc, 0x8f, 0xdc, 0x8f, 0xdc,
    0x6f, 0xdc, 0x6f, 0xdc, 0x6f, 0xdc, 0x4f, 0xdc, 0x6f, 0xdc, 0x4f, 0xdc,
    0x6f, 0xdc, 0x6f, 0xdc, 0x6f, 0xd4, 0xb0, 0xdc, 0xf1, 0xec, 0xf0, 0xec,
    0x10, 0xed, 0xf1, 0xec, 0xf1, 0xec, 0x11, 0xed, 0xf0, 0xec, 0xf0, 0xec,
    0xf0, 0xec, 0xf0, 0xec, 0xf0, 0xec, 0xf0, 0xec, 0xf0, 0xec, 0xf0, 0xec,
    0xd0, 0xec, 0x8f, 0xec, 0x0d, 0xec, 0xcd, 0xeb, 0xcd, 0xe3, 0xcd, 0xeb,
    0xac, 0xeb, 0xac, 0xe3, 0xad, 0xe3, 0xac, 0xe3, 0xad, 0xe3, 0xad, 0xe3,
    0xac, 0xe3, 0xad, 0xe3, 0xad, 0xe3, 0xac, 0xe3, 0xac, 0xe3, 0x8c, 0xe3,
    0x8c, 0xe3, 0x8c, 0xe3, 0x8c, 0xdb, 0x6c, 0xe3, 0x6c, 0xe3, 0x6c, 0xe3,
    0x6c, 0xe3, 0x6c, 0xe3, 0x6b, 0xe3, 0x6c, 0xdb, 0x6c, 0xe3, 0x6c, 0xe3,
    0x6c, 0xdb, 0x6c, 0xe3, 0x0e, 0xcc, 0x0e, 0xd4, 0x0f, 0xd4, 0x0e, 0xd4,
    0x0f, 0xcc, 0x0f, 0xcc, 0x2e, 0xcc, 0x2e, 0xd4, 0x2f, 0xcc, 0x2f, 0xcc,
    0x2f, 0xd4, 0x0f, 0xcc, 0x0f, 0xcc, 0x0f, 0xcc, 0x2f, 0xcc, 0x10, 0xcc,
    0x0f, 0xcc, 0x2f, 0xcc, 0x2f, 0xd4, 0x2f, 0xd4, 0x2f, 0xd4, 0x2f, 0xcc,
    0x2f, 0xd4, 0x30, 0xcc, 0x2f, 0xcc, 0x30, 0xd4, 0x2f, 0xd4, 0x4f, 0xd4,
    0x4f, 0xdc, 0x6f, 0xdc, 0x6e, 0xdc, 0x6e, 0xe4, 0x8e, 0xe4, 0x6e, 0xe4,
    0x6e, 0xe4, 0x8e, 0xe4, 0x6e, 0xe4, 0x6e, 0xdc, 0x6f, 0xdc, 0x4e, 0xd4,
    0x4e, 0xd4, 0x4e, 0xd4, 0x4f, 0xd4, 0x4f, 0xd4, 0x4e, 0xdc, 0x4f, 0xdc,
    0x6f, 0xdc, 0x6e, 0xdc, 0x6f, 0xdc, 0x8e, 0xdc, 0xae, 0xe4, 0x8f, 0xe4,
    0x8e, 0xdc, 0x8e, 0xdc, 0x6e, 0xe4, 0x4f, 0xdc, 0x0f, 0xa4, 0xae, 0x6b,
    0xcc, 0x52, 0x4a, 0x4a, 0xe9, 0x41, 0xe9, 0x41, 0x09, 0x4a, 0x29, 0x5a,
    0x8a, 0x5a, 0x0f, 0x7c, 0xef, 0x73, 0x13, 0x8d, 0x74, 0x8d, 0x54, 0x8d,
    0x54, 0x95, 0x74, 0x8d, 0x75, 0x8d, 0x75, 0x85, 0x95, 0x85, 0x95, 0x85,
    0x95, 0x85, 0xb6, 0x85, 0x95, 0x85, 0x96, 0x85, 0x96, 0x85, 0x95, 0x85,
    0x95, 0x85, 0x96, 0x85, 0x95, 0x85, 0x95, 0x85, 0x96, 0x85, 0x96, 0x85,
    0x95, 0x85, 0x95, 0x85, 0x95, 0x85, 0x95, 0x85, 0x75, 0x8d, 0x74, 0x8d,
    0x54, 0x8d, 0x54, 0x95, 0x54, 0x95, 0x54, 0x95, 0x34, 0x95, 0xf1, 0xac,
    0xb0, 0xbc, 0xb0, 0xb4, 0xb0, 0xb4, 0xd0, 0xbc, 0xb0, 0xbc, 0xb0, 0xc4,
    0xb0, 0xc4, 0xb0, 0xc4, 0xb0, 0xc4, 0xcf, 0xcc, 0xb0, 0xcc, 0xaf, 0xcc,
    0xd0, 0xcc, 0xb0, 0xcc, 0xd0, 0xcc, 0x10, 0xd5, 0x10, 0xdd, 0x10, 0xdd,
    0xf0, 0xd4, 0x10, 0xd5, 0xf0, 0xcc, 0xd1, 0xbc, 0xd1, 0xbc, 0xf1, 0xb4,
    0x12, 0xb5, 0x12, 0xb5, 0x12, 0xad, 0x32, 0xa5, 0x33, 0xad, 0x32, 0xad,
    0x12, 0xb5, 0x11, 0xbd, 0x12, 0xb5, 0x33, 0xa5, 0x54, 0x9d, 0x74, 0x9d,
    0x74, 0x95, 0x75, 0x8d, 0x94, 0x95, 0x95, 0x85, 0x95, 0x85, 0xb6, 0x7d,
    0xb6, 0x7d, 0xb6, 0x7d, 0x96, 0x7d, 0xb6, 0x7d, 0xb6, 0x7d, 0xb6, 0x7d,
    0xb6, 0x7d, 0xb6, 0x7d, 0xb6, 0x7d, 0x96, 0x7d, 0xb6, 0x7d, 0xb6, 0x7d,
    0xb6, 0x7d, 0xb6, 0x7d, 0xb6, 0x7d, 0xb6, 0x7d, 0xb6, 0x7d, 0xb6, 0x7d,
    0xb6, 0x7d, 0xb6, 0x7d, 0xb6, 0x7d, 0x96, 0x7d, 0xb6, 0x7d, 0x96, 0x7d,
    0xb6, 0x7d, 0xb6, 0x7d, 0xb6, 0x7d, 0x95, 0x7d, 0xb6, 0x7d, 0xb6, 0x7d,
    0xb6, 0x7d, 0xb6, 0x7d, 0xb6, 0x7d, 0xb6, 0x7d, 0xb6, 0x7d, 0xb6, 0x7d,
    0xb6, 0x7d, 0xb6, 0x7d, 0xb5, 0x7d, 0xb6, 0x7d, 0xb5, 0x7d, 0xb5, 0x7d,
    0xb6, 0x7d, 0xb5, 0x85, 0xb6, 0x7d, 0xb6, 0x7d, 0xb6, 0x85, 0x96, 0x85,
    0x95, 0x85, 0x95, 0x8d, 0x74, 0x95, 0x54, 0x95, 0x54, 0x95, 0x74, 0x95,
    0x74, 0x95, 0x54, 0x95, 0x54, 0x9d, 0x32, 0xb5, 0x32, 0xbd, 0x11, 0xc5,
    0x11, 0xcd, 0x10, 0xdd, 0x10, 0xdd, 0x11, 0xe5, 0xf0, 0xe4, 0xf0, 0xdc,
    0xf1, 0xd4, 0xf1, 0xc4, 0x11, 0xc5, 0x32, 0xbd, 0xb6, 0x7d, 0xb5, 0x7d,
    0x95, 0x85, 0x75, 0x85, 0x75, 0x85, 0x74, 0x85, 0x75, 0x85, 0x75, 0x85,
    0x74, 0x85, 0x75, 0x85, 0x75, 0x85, 0x74, 0x85, 0x54, 0x85, 0x75, 0x8d,
    0x74, 0x8d, 0x75, 0x85, 0x74, 0x8d, 0x34, 0x8d, 0xf2, 0x9c, 0x91, 0xb4,
    0x70, 0xbc, 0x8f, 0xd4, 0x8e, 0xe4, 0xae, 0xec, 0xcf, 0xec, 0x72, 0xf5,
    0x93, 0xfd, 0x93, 0xf5, 0x72, 0xf5, 0x72, 0xf5, 0x32, 0xed, 0x12, 0xe5,
    0x11, 0xe5, 0xf1, 0xdc, 0xd1, 0xd4, 0xb1, 0xd4, 0xd1, 0xd4, 0xb0, 0xd4,
    0xf1, 0xdc, 0x51, 0xed, 0x51, 0xed, 0x52, 0xed, 0x11, 0xe5, 0xd0, 0xdc,
    0xaf, 0xdc, 0xb0, 0xdc, 0xaf, 0xd4, 0xaf, 0xdc, 0x90, 0xdc, 0x8f, 0xdc,
    0x8f, 0xdc, 0x6f, 0xdc, 0x6f, 0xdc, 0x6f, 0xdc, 0x6f, 0xdc, 0x6f, 0xdc,
    0x4e, 0xdc, 0x6e, 0xdc, 0x4f, 0xdc, 0x6f, 0xd4, 0x70, 0xd4, 0xf0, 0xec,
    0x10, 0xed, 0xf1, 0xec, 0xf0, 0xec, 0xf0, 0xec, 0x11, 0xed, 0xf0, 0xec,
    0xf0, 0xe4, 0xf0, 0xec, 0xf0, 0xec, 0xf0, 0xec, 0xf0, 0xec, 0xf0, 0xec,
    0xf0, 0xec, 0xd0, 0xec, 0xcf, 0xec, 0xaf, 0xec, 0xed, 0xe3, 0xcd, 0xeb,
    0xcd, 0xeb, 0xcc, 0xeb, 0xcc, 0xeb, 0xcd, 0xe3, 0xcd, 0xe3, 0xcc, 0xeb,
    0xcd, 0xe3, 0xcd, 0xe3, 0xac, 0xe3, 0xad, 0xe3, 0xad, 0xdb, 0xad, 0xdb,
    0xad, 0xdb, 0xad, 0xdb, 0xad, 0xdb, 0xad, 0xdb, 0xad, 0xdb, 0x8c, 0xdb,
    0x6c, 0xdb, 0x6c, 0xe3, 0x6c, 0xe3, 0x8c, 0xe3, 0x6c, 0xdb, 0x6c, 0xdb,
    0x6c, 0xe3, 0x6b, 0xdb, 0x6c, 0xe3, 0x6c, 0xe3, 0x0f, 0xd4, 0x0f, 0xd4,
    0x0e, 0xd4, 0x0e, 0xcc, 0x2f, 0xd4, 0x2f, 0xcc, 0x0f, 0xcc, 0x2f, 0xd4,
    0x0f, 0xd4, 0x2f, 0xcc, 0x2f, 0xcc, 0x2f, 0xcc, 0x2f, 0xcc, 0x2f, 0xcc,
    0x2f, 0xcc, 0x2f, 0xcc, 0x30, 0xcc, 0x2f, 0xcc, 0x2f, 0xcc, 0x4f, 0xd4,
    0x2f, 0xd4, 0x30, 0xd4, 0x2f, 0xcc, 0x4f, 0xd4, 0x2f, 0xd4, 0x50, 0xcc,
    0x4f, 0xd4, 0x4f, 0xd4, 0x4f, 0xdc, 0x6f, 0xdc, 0x6e, 0xe4, 0x6e, 0xe4,
    0x8f, 0xe4, 0x8e, 0xe4, 0x8f, 0xe4, 0x8f, 0xe4, 0x6f, 0xe4, 0x8e, 0xe4,
    0x6f, 0xdc, 0x4e, 0xd4, 0x4f, 0xd4, 0x4e, 0xd4, 0x4e, 0xd4, 0x6f, 0xdc,
    0x2e, 0xcc, 0x0e, 0xc4, 0x2e, 0xcc, 0x6e, 0xd4, 0x6f, 0xdc, 0x6f, 0xdc,
    0xae, 0xe4, 0x8f, 0xe4, 0x8f, 0xdc, 0x4d, 0xd4, 0x0b, 0x8b, 0x29, 0x52,
    0xe9, 0x39, 0xc9, 0x39, 0xc9, 0x31, 0xa9, 0x29, 0xa9, 0x29, 0xa9, 0x29,
    0xa9, 0x29, 0xc9, 0x31, 0xe9, 0x41, 0x09, 0x52, 0x8a, 0x5a, 0x0c, 0x63,
    0x33, 0x8d, 0x75, 0x8d, 0x54, 0x8d, 0x74, 0x85, 0x75, 0x85, 0x95, 0x85,
    0x95, 0x85, 0x95, 0x85, 0x95, 0x85, 0x95, 0x85, 0xb6, 0x85, 0xb5, 0x85,
    0x95, 0x85, 0x96, 0x85, 0x95, 0x85, 0xb5, 0x85, 0xb6, 0x85, 0x95, 0x85,
    0x95, 0x85, 0x95, 0x85, 0x95, 0x85, 0x95, 0x85, 0x95, 0x85, 0x95, 0x85,
    0x75, 0x8d, 0x74, 0x8d, 0x74, 0x8d, 0x74, 0x8d, 0x74, 0x8d, 0x54, 0x8d,
    0x54, 0x95, 0xd1, 0xac, 0xb1, 0xb4, 0xb1, 0xb4, 0xd1, 0xb4, 0xd1, 0xb4,
    0xd1, 0xb4, 0xf1, 0xb4, 0xf1, 0xb4, 0xf1, 0xb4, 0xd1, 0xbc, 0xf0, 0xbc,
    0xd0, 0xbc, 0xd0, 0xc4, 0xd0, 0xc4, 0xd0, 0xc4, 0xf0, 0xd4, 0x10, 0xdd,
    0x11, 0xdd, 0x10, 0xd5, 0x10, 0xd5, 0xf0, 0xcc, 0xd1, 0xc4, 0xd0, 0xbc,
    0xf0, 0xbc, 0xd1, 0xbc, 0xf1, 0xb4, 0x11, 0xb5, 0x12, 0xb5, 0x12, 0xad,
    0x32, 0xad, 0x32, 0xad, 0x11, 0xb5, 0xf1, 0xbc, 0x12, 0xb5, 0x54, 0x9d,
    0x74, 0x95, 0x74, 0x95, 0x75, 0x8d, 0x95, 0x8d, 0x95, 0x8d, 0x95, 0x8d,
    0xb6, 0x7d, 0xb6, 0x7d, 0xb6, 0x7d, 0xb6, 0x7d, 0xb5, 0x7d, 0xb6, 0x7d,
    0xb6, 0x7d, 0xb6, 0x7d, 0x95, 0x85, 0xb6, 0x7d, 0xb6, 0x7d, 0xb6, 0x7d,
    0xb6, 0x85, 0xb6, 0x7d, 0x96, 0x7d, 0xb6, 0x7d, 0xb6, 0x7d, 0xb6, 0x7d,
    0xb6, 0x7d, 0xb6, 0x7d, 0xb6, 0x7d, 0xb6, 0x7d, 0xb6, 0x7d, 0xb6, 0x7d,
    0xb6, 0x7d, 0xb6, 0x7d, 0x96, 0x7d, 0xb6, 0x7d, 0xb6, 0x7d, 0xb6, 0x7d,
    0xb6, 0x7d, 0xb6, 0x7d, 0xb6, 0x7d, 0xb6, 0x7d, 0xb6, 0x7d, 0xb5, 0x7d,
    0xb6, 0x7d, 0xb6, 0x7d, 0xb5, 0x7d, 0xb5, 0x7d, 0xb6, 0x7d, 0xb6, 0x7d,
    0xb5, 0x85, 0xb5, 0x7d, 0xb6, 0x7d, 0xb6, 0x85, 0x95, 0x85, 0x95, 0x85,
    0x95, 0x85, 0x54, 0x95, 0x54, 0x9d, 0x54, 0x9d, 0x74, 0x95, 0x74, 0x95,
    0x74, 0x9d, 0x74, 0x9d, 0x54, 0x9d, 0x53, 0xa5, 0x32, 0xbd, 0x32, 0xbd,
    0x31, 0xc5, 0x11, 0xcd, 0x11, 0xcd, 0xf0, 0xdc, 0x10, 0xe5, 0x11, 0xdd,
    0xf0, 0xe4, 0xd0, 0xd4, 0xf1, 0xc4, 0xf1, 0xc4, 0x12, 0xc5, 0x33, 0xb5,
    0x95, 0x7d, 0x95, 0x85, 0x95, 0x85, 0x75, 0x85, 0x75, 0x85, 0x75, 0x85,
    0x74, 0x85, 0x75, 0x85, 0x95, 0x85, 0x75, 0x8d, 0x74, 0x8d, 0x74, 0x8d,
    0x54, 0x95, 0x54, 0x8d, 0x54, 0x95, 0x54, 0x95, 0x33, 0x95, 0xf2, 0x9c,
    0xd2, 0xa4, 0x50, 0xb4, 0x2f, 0xbc, 0x2e, 0xcc, 0x6e, 0xe4, 0x8e, 0xec,
    0xae, 0xf4, 0x51, 0xf5, 0x93, 0xf5, 0x93, 0xf5, 0x72, 0xf5, 0x52, 0xed,
    0x52, 0xed, 0x53, 0xed, 0x52, 0xed, 0x52, 0xed, 0x52, 0xed, 0x31, 0xe5,
    0x31, 0xe5, 0x31, 0xe5, 0x11, 0xe5, 0x11, 0xe5, 0x11, 0xe5, 0xd0, 0xdc,
    0xaf, 0xdc, 0xaf, 0xdc, 0xb0, 0xdc, 0xaf, 0xdc, 0x8f, 0xd4, 0x8f, 0xd4,
    0x90, 0xdc, 0x8f, 0xdc, 0x6f, 0xdc, 0x6f, 0xdc, 0x6f, 0xdc, 0x6f, 0xdc,
    0x6f, 0xdc, 0x6f, 0xdc, 0x6f, 0xdc, 0x4f, 0xdc, 0x6f, 0xdc, 0x70, 0xd4,
    0x90, 0xdc, 0x10, 0xed, 0x10, 0xed, 0xf1, 0xec, 0xf1, 0xec, 0xf0, 0xec,
    0xf1, 0xec, 0xf1, 0xec, 0xf1, 0xec, 0xf0, 0xec, 0xf0, 0xec, 0xf0, 0xec,
    0xf0, 0xec, 0xf0, 0xec, 0xf0, 0xec, 0xf0, 0xec, 0xcf, 0xec, 0x8f, 0xec,
    0xcd, 0xeb, 0xcd, 0xe3, 0xcc, 0xeb, 0xcc, 0xeb, 0xed, 0xe3, 0xed, 0xe3,
    0xed, 0xe3, 0xed, 0xe3, 0xed, 0xe3, 0xed, 0xe3, 0xcd, 0xe3, 0xcd, 0xe3,
    0xcd, 0xdb, 0xed, 0xdb, 0xcd, 0xdb, 0xcd, 0xdb, 0xcd, 0xdb, 0xac, 0xdb,
    0x8c, 0xdb, 0x8c, 0xdb, 0x6c, 0xe3, 0x6c, 0xe3, 0x6b, 0xe3, 0x6b, 0xe3,
    0x6b, 0xe3, 0x6b, 0xe3, 0x6b, 0xe3, 0x6c, 0xe3, 0x6c, 0xdb, 0x6c, 0xdb,
    0x0f, 0xd4, 0x2f, 0xd4, 0x0f, 0xcc, 0x2f, 0xd4, 0x2e, 0xd4, 0x0f, 0xd4,
    0x0f, 0xcc, 0x2f, 0xd4, 0x0f, 0xd4, 0x2f, 0xd4, 0x2f, 0xd4, 0x2f, 0xd4,
    0x2f, 0xcc, 0x2f, 0xcc, 0x0f, 0xcc, 0x2f, 0xcc, 0x2f, 0xcc, 0x2f, 0xcc,
    0x30, 0xcc, 0x2f, 0xd4, 0x4f, 0xd4, 0x4f, 0xd4, 0x2f, 0xd4, 0x2f, 0xd4,
    0x4f, 0xd4, 0x2f, 0xcc, 0x4f, 0xd4, 0x4f, 0xd4, 0x6f, 0xdc, 0x6e, 0xe4,
    0x6f, 0xe4, 0x8e, 0xe4, 0x6e, 0xe4, 0x6e, 0xe4, 0x8e, 0xe4, 0x8e, 0xe4,
    0x8f, 0xe4, 0x8f, 0xe4, 0x6e, 0xdc, 0x6f, 0xd4, 0x4f, 0xd4, 0x6f, 0xdc,
    0x6f, 0xdc, 0x8e, 0xe4, 0x8e, 0xe4, 0x0b, 0x8b, 0x8a, 0x6a, 0x8a, 0x6a,
    0x0b, 0x93, 0xed, 0xbb, 0x4d, 0xd4, 0x2e, 0xcc, 0x6c, 0xa3, 0x09, 0x4a,
    0xc9, 0x39, 0xc9, 0x29, 0xa9, 0x29, 0xa9, 0x29, 0xa9, 0x29, 0xa9, 0x29,
    0xa9, 0x21, 0xa9, 0x29, 0xa9, 0x29, 0xa9, 0x29, 0xa9, 0x29, 0xc9, 0x31,
    0x29, 0x52, 0x29, 0x52, 0x8e, 0x6b, 0x13, 0x85, 0x34, 0x85, 0x75, 0x8d,
    0x74, 0x8d, 0x95, 0x8d, 0x95, 0x85, 0x95, 0x85, 0x95, 0x85, 0x95, 0x85,
    0xb6, 0x85, 0x95, 0x85, 0x95, 0x85, 0x95, 0x7d, 0x96, 0x7d, 0x95, 0x85,
    0xb5, 0x85, 0xb6, 0x7d, 0x95, 0x85, 0x95, 0x85, 0x95, 0x85, 0x75, 0x85,
    0x75, 0x8d, 0x74, 0x8d, 0x75, 0x85, 0x75, 0x85, 0x75, 0x85, 0x75, 0x85,
    0x75, 0x8d, 0x74, 0x8d, 0x54, 0x8d, 0x33, 0x9d, 0x12, 0xa5, 0xf2, 0xa4,
    0x12, 0xa5, 0x12, 0xa5, 0x12, 0xa5, 0x32, 0xa5, 0x12, 0xa5, 0x12, 0xad,
    0x12, 0xad, 0x12, 0xad, 0x12, 0xad, 0x12, 0xad, 0x32, 0xad, 0x32, 0xad,
    0x11, 0xbd, 0x11, 0xcd, 0xf1, 0xd4, 0x11, 0xcd, 0x11, 0xbd, 0xf1, 0xc4,
    0xf1, 0xc4, 0xd0, 0xbc, 0xf1, 0xbc, 0xd1, 0xbc, 0xf1, 0xbc, 0xf1, 0xbc,
    0xf1, 0xbc, 0xf1, 0xbc, 0x11, 0xb5, 0x12, 0xb5, 0xf1, 0xbc, 0xf1, 0xbc,
    0x12, 0xb5, 0x74, 0x95, 0x74, 0x95, 0x75, 0x95, 0x95, 0x8d, 0x95, 0x8d,
    0x95, 0x8d, 0x96, 0x85, 0xb6, 0x7d, 0xb6, 0x7d, 0xb6, 0x7d, 0x96, 0x7d,
    0xb5, 0x7d, 0xb6, 0x7d, 0xb6, 0x7d, 0xb5, 0x7d, 0xb6, 0x7d, 0xb6, 0x7d,
    0x96, 0x7d, 0xb5, 0x85, 0xb6, 0x7d, 0xb6, 0x7d, 0xb6, 0x7d, 0xb5, 0x7d,
    0xb6, 0x7d, 0xb6, 0x7d, 0xb6, 0x7d, 0xd6, 0x7d, 0xb6, 0x7d, 0xb6, 0x7d,
    0xb6, 0x7d, 0xb6, 0x7d, 0xb6, 0x7d, 0xb5, 0x7d, 0xb6, 0x7d, 0xb6, 0x7d,
    0xb5, 0x7d, 0xb6, 0x7d, 0xb6, 0x7d, 0xb6, 0x7d, 0xb6, 0x7d, 0xb6, 0x7d,
    0xb6, 0x7d, 0xb6, 0x7d, 0xb5, 0x7d, 0xb6, 0x7d, 0xb6, 0x85, 0xb5, 0x85,
    0xb6, 0x7d, 0xb6, 0x85, 0xb6, 0x85, 0xb6, 0x85, 0xb6, 0x7d, 0x95, 0x85,
    0x95, 0x85, 0x74, 0x95, 0x33, 0xad, 0x33, 0xa5, 0x54, 0x9d, 0x74, 0x95,
    0x74, 0x95, 0x74, 0x9d, 0x74, 0x9d, 0x54, 0x9d, 0x53, 0xad, 0x32, 0xbd,
    0x32, 0xbd, 0x31, 0xc5, 0x11, 0xcd, 0x11, 0xcd, 0xf1, 0xd4, 0x10, 0xdd,
    0x11, 0xe5, 0x11, 0xdd, 0x11, 0xe5, 0x11, 0xe5, 0xf1, 0xd4, 0x12, 0xbd,
    0x32, 0xbd, 0x74, 0x95, 0x95, 0x85, 0x75, 0x85, 0x95, 0x85, 0x75, 0x85,
    0x95, 0x85, 0x95, 0x85, 0x95, 0x8d, 0x95, 0x8d, 0x75, 0x8d, 0x74, 0x95,
    0x74, 0x95, 0x54, 0x95, 0x54, 0x95, 0x34, 0x95, 0x13, 0x9d, 0xf2, 0xa4,
    0xb1, 0xac, 0x6f, 0xbc, 0x70, 0xbc, 0x2f, 0xbc, 0x0e, 0xc4, 0xed, 0xcb,
    0x4e, 0xe4, 0x6e, 0xec, 0x6e, 0xec, 0xef, 0xec, 0x72, 0xf5, 0x72, 0xf5,
    0x53, 0xed, 0x73, 0xf5, 0x93, 0xf5, 0x93, 0xf5, 0x92, 0xf5, 0x73, 0xf5,
    0x72, 0xf5, 0x72, 0xf5, 0xf0, 0xe4, 0x10, 0xe5, 0xd0, 0xdc, 0xd0, 0xdc,
    0xb0, 0xdc, 0xaf, 0xdc, 0xaf, 0xdc, 0xaf, 0xdc, 0xb0, 0xd4, 0xb0, 0xdc,
    0x8f, 0xdc, 0x90, 0xd4, 0x8f, 0xd4, 0x8f, 0xdc, 0x8f, 0xdc, 0x8f, 0xdc,
    0x8f, 0xdc, 0x6f, 0xdc, 0x6f, 0xdc, 0x6f, 0xdc, 0x6f, 0xdc, 0x70, 0xdc,
    0x70, 0xdc, 0x6f, 0xdc, 0xd0, 0xe4, 0xf1, 0xec, 0x11, 0xed, 0x10, 0xed,
    0x11, 0xed, 0xf0, 0xec, 0xf1, 0xec, 0xf1, 0xec, 0x11, 0xed, 0xf0, 0xec,
    0xf0, 0xec, 0xf0, 0xec, 0xf0, 0xec, 0xf0, 0xec, 0xf0, 0xec, 0xf0, 0xec,
    0xd0, 0xec, 0x6e, 0xec, 0xed, 0xeb, 0xed, 0xeb, 0xed, 0xeb, 0xed, 0xeb,
    0x0d, 0xe4, 0x0d, 0xe4, 0x0d, 0xe4, 0x0d, 0xe4, 0xed, 0xe3, 0xed, 0xe3,
    0xcd, 0xe3, 0xcd, 0xe3, 0xac, 0xe3, 0xcc, 0xe3, 0xcd, 0xe3, 0xcd, 0xdb,
    0xad, 0xdb, 0xac, 0xdb, 0x6c, 0xe3, 0x6c, 0xe3, 0x6b, 0xe3, 0x6b, 0xe3,
    0x6b, 0xe3, 0x6c, 0xe3, 0x6b, 0xe3, 0x6b, 0xe3, 0x4c, 0xe3, 0x6c, 0xe3,
    0x6c, 0xe3, 0x6b, 0xdb, 0x0e, 0xd4, 0x0e, 0xd4, 0x0e, 0xd4, 0x0e, 0xd4,
    0x0e, 0xd4, 0x0e, 0xd4, 0x2f, 0xd4, 0x2f, 0xcc, 0x2f, 0xcc, 0x2f, 0xd4,
    0x0f, 0xcc, 0x0f, 0xd4, 0x2f, 0xd4, 0x2f, 0xcc, 0x2f, 0xcc, 0x2f, 0xd4,
    0x2f, 0xd4, 0x2f, 0xd4, 0x2f, 0xcc, 0x2f, 0xd4, 0x2f, 0xd4, 0x4f, 0xd4,
    0x2f, 0xd4, 0x50, 0xd4, 0x2f, 0xd4, 0x4f, 0xd4, 0x4f, 0xd4, 0x4f, 0xdc,
    0x6f, 0xdc, 0x8e, 0xe4, 0x6e, 0xe4, 0x8f, 0xe4, 0x8e, 0xe4, 0x6e, 0xe4,
    0x8e, 0xe4, 0x8e, 0xe4, 0x8e, 0xec, 0x8e, 0xec, 0x8e, 0xec, 0x8e, 0xe4,
    0x8e, 0xec, 0x8e, 0xec, 0x8e, 0xe4, 0x8e, 0xec, 0x8e, 0xec, 0x4d, 0xd4,
    0x49, 0x5a, 0x29, 0x5a, 0x49, 0x5a, 0x49, 0x5a, 0x8a, 0x6a, 0x29, 0x52,
    0xc9, 0x39, 0xa9, 0x31, 0xa9, 0x29, 0xa9, 0x29, 0xa9, 0x29, 0xa9, 0x29,
    0xa9, 0x29, 0xa9, 0x21, 0xa9, 0x29, 0xa9, 0x21, 0xa9, 0x21, 0xa9, 0x29,
    0xa9, 0x29, 0xc9, 0x29, 0xc9, 0x31, 0xc9, 0x31, 0xc9, 0x31, 0x0a, 0x32,
    0xac, 0x4a, 0x2c, 0x63, 0xae, 0x6b, 0x91, 0x7c, 0x75, 0x85, 0x95, 0x85,
    0xb6, 0x85, 0xb5, 0x85, 0x95, 0x7d, 0x96, 0x85, 0xb5, 0x85, 0x95, 0x85,
    0x95, 0x85, 0x96, 0x85, 0x95, 0x7d, 0x95, 0x85, 0x95, 0x85, 0x95, 0x85,
    0x95, 0x85, 0x75, 0x8d, 0x75, 0x8d, 0x74, 0x8d, 0x74, 0x85, 0x75, 0x8d,
    0x74, 0x8d, 0x74, 0x8d, 0x75, 0x8d, 0x74, 0x8d, 0x74, 0x8d, 0x53, 0x95,
    0x33, 0x95, 0x33, 0x9d, 0x33, 0x9d, 0x53, 0x95, 0x54, 0x95, 0x53, 0x95,
    0x54, 0x95, 0x74, 0x95, 0x74, 0x95, 0x74, 0x95, 0x53, 0x9d, 0x53, 0x9d,
    0x53, 0x9d, 0x33, 0xa5, 0x32, 0xad, 0x12, 0xb5, 0x12, 0xb5, 0xf1, 0xb4,
    0x12, 0xb5, 0xf1, 0xbc, 0xf0, 0xc4, 0xf0, 0xc4, 0xf0, 0xc4, 0xd0, 0xc4,
    0xf0, 0xbc, 0xf0, 0xbc, 0xf1, 0xbc, 0xf1, 0xbc, 0xf1, 0xbc, 0xf1, 0xbc,
    0x11, 0xbd, 0x11, 0xb5, 0x32, 0xad, 0x95, 0x85, 0x95, 0x8d, 0x95, 0x8d,
    0x75, 0x8d, 0x95, 0x8d, 0x95, 0x8d, 0xb6, 0x85, 0xb6, 0x7d, 0xb6, 0x7d,
    0xb6, 0x7d, 0xb6, 0x7d, 0xb6, 0x7d, 0xb5, 0x7d, 0x96, 0x7d, 0xb5, 0x7d,
    0xb6, 0x7d, 0xb6, 0x7d, 0xb6, 0x7d, 0xb5, 0x7d, 0xb6, 0x7d, 0xb6, 0x7d,
    0xb6, 0x85, 0xb6, 0x7d, 0xb6, 0x7d, 0xb6, 0x7d, 0xb6, 0x7d, 0xb6, 0x7d,
    0xb6, 0x7d, 0xd6, 0x7d, 0xb6, 0x7d, 0xb6, 0x7d, 0xb6, 0x7d, 0xb6, 0x7d,
    0xb6, 0x7d, 0xb5, 0x7d, 0xb6, 0x7d, 0xb6, 0x7d, 0xb6, 0x7d, 0x96, 0x7d,
    0xb6, 0x7d, 0xb6, 0x7d, 0xb6, 0x85, 0xb6, 0x7d, 0xb6, 0x7d, 0xb6, 0x7d,
    0xb6, 0x85, 0x96, 0x7d, 0xb6, 0x85, 0xb5, 0x85, 0xb5, 0x85, 0xb6, 0x85,
    0x95, 0x8d, 0x95, 0x8d, 0x54, 0xa5, 0x33, 0xa5, 0x54, 0x9d, 0x74, 0x9d,
    0x74, 0x95, 0x74, 0x95, 0x74, 0x95, 0x74, 0x9d, 0x54, 0x9d, 0x53, 0xad,
    0x53, 0xad, 0x53, 0xad, 0x53, 0xb5, 0x52, 0xb5, 0x11, 0xc5, 0xf1, 0xcc,
    0xd0, 0xd4, 0xf0, 0xd4, 0x11, 0xdd, 0x10, 0xe5, 0x11, 0xe5, 0x11, 0xdd,
    0x12, 0xbd, 0x33, 0xad, 0x74, 0x8d, 0x75, 0x85, 0x75, 0x85, 0x95, 0x85,
    0x75, 0x85, 0x95, 0x85, 0x95, 0x85, 0xb5, 0x8d, 0x95, 0x8d, 0x95, 0x95,
    0x74, 0x95, 0x74, 0x95, 0x75, 0x95, 0x74, 0x95, 0x34, 0x9d, 0x13, 0x9d,
    0xd2, 0xac, 0x70, 0xb4, 0x4f, 0xc4, 0x2e, 0xc4, 0x0e, 0xc4, 0x0f, 0xc4,
    0x0f, 0xc4, 0x2f, 0xcc, 0x4f, 0xcc, 0x4f, 0xc4, 0x4f, 0xcc, 0x6f, 0xcc,
    0x10, 0xdd, 0x52, 0xed, 0x72, 0xf5, 0x93, 0xf5, 0x93, 0xf5, 0x92, 0xf5,
    0x93, 0xf5, 0x72, 0xf5, 0x72, 0xf5, 0x51, 0xed, 0x31, 0xed, 0xf0, 0xe4,
    0xb0, 0xdc, 0xaf, 0xdc, 0xaf, 0xdc, 0x90, 0xdc, 0xaf, 0xd4, 0x8f, 0xd4,
    0xaf, 0xdc, 0x8f, 0xd4, 0x8f, 0xd4, 0x8f, 0xd4, 0x8f, 0xd4, 0x8f, 0xdc,
    0x90, 0xdc, 0x8f, 0xdc, 0x6f, 0xdc, 0x70, 0xdc, 0x6f, 0xdc, 0x6f, 0xdc,
    0x6f, 0xdc, 0x6f, 0xdc, 0x70, 0xd4, 0x70, 0xdc, 0xf0, 0xe4, 0xf1, 0xec,
    0xf0, 0xec, 0xf1, 0xec, 0x11, 0xed, 0x10, 0xed, 0xf1, 0xec, 0xf0, 0xec,
    0xf0, 0xec, 0xf0, 0xec, 0xf0, 0xec, 0xf0, 0xec, 0xf0, 0xec, 0xf0, 0xec,
    0xf0, 0xec, 0xd0, 0xec, 0xd0, 0xec, 0x4e, 0xec, 0xed, 0xeb, 0xed, 0xeb,
    0x0d, 0xec, 0x2d, 0xe4, 0x4e, 0xe4, 0x4e, 0xe4, 0x4e, 0xe4, 0x4e, 0xe4,
    0x0d, 0xe4, 0xed, 0xdb, 0xcd, 0xdb, 0xcc, 0xe3, 0xac, 0xdb, 0xac, 0xe3,
    0x8c, 0xe3, 0x8c, 0xe3, 0x8c, 0xe3, 0x6b, 0xe3, 0x6c, 0xeb, 0x6b, 0xeb,
    0x6b, 0xe3, 0x6b, 0xeb, 0x4c, 0xeb, 0x4b, 0xeb, 0x4b, 0xeb, 0x4c, 0xeb,
    0x6b, 0xe3, 0x6b, 0xe3, 0x6c, 0xe3, 0x6c, 0xe3, 0x0f, 0xd4, 0x0e, 0xd4,
    0x0f, 0xd4, 0x2f, 0xd4, 0x2f, 0xd4, 0x0f, 0xd4, 0x0e, 0xd4, 0x0e, 0xd4,
    0x0f, 0xcc, 0x2f, 0xd4, 0x2f, 0xcc, 0x2f, 0xd4, 0x2f, 0xd4, 0x2f, 0xd4,
    0x2f, 0xd4, 0x2f, 0xcc, 0x2f, 0xd4, 0x2f, 0xd4, 0x2f, 0xd4, 0x2f, 0xcc,
    0x2f, 0xcc, 0x4f, 0xd4, 0x2f, 0xd4, 0x4f, 0xd4, 0x2f, 0xd4, 0x4f, 0xd4,
    0x4f, 0xdc, 0x4f, 0xdc, 0x6f, 0xe4, 0x6e, 0xe4, 0x6e, 0xe4, 0x8e, 0xe4,
    0x6e, 0xe4, 0x6e, 0xec, 0x8f, 0xe4, 0x8e, 0xec, 0x8e, 0xec, 0x8e, 0xec,
    0x6e, 0xe4, 0x8e, 0xec, 0x6e, 0xec, 0x6e, 0xe4, 0x8e, 0xec, 0xae, 0xec,
    0xae, 0xec, 0x8e, 0xec, 0x4b, 0x93, 0x6a, 0x62, 0x29, 0x5a, 0x09, 0x52,
    0xe9, 0x41, 0xc9, 0x31, 0xa9, 0x29, 0xa9, 0x29, 0xa9, 0x29, 0xa8, 0x29,
    0xa9, 0x21, 0xa9, 0x29, 0xa8, 0x21, 0xa9, 0x29, 0xa9, 0x29, 0xa9, 0x29,
    0xa9, 0x21, 0xa9, 0x29, 0xa9, 0x29, 0xa9, 0x29, 0xa9, 0x29, 0xa9, 0x29,
    0xa9, 0x29, 0xa9, 0x29, 0xc9, 0x31, 0x09, 0x4a, 0x29, 0x5a, 0x29, 0x5a,
    0xcc, 0x62, 0x14, 0x7d, 0x96, 0x85, 0xb6, 0x85, 0x95, 0x85, 0x95, 0x85,
    0x95, 0x85, 0x95, 0x85, 0x96, 0x85, 0x95, 0x85, 0x95, 0x85, 0x95, 0x85,
    0x95, 0x85, 0x95, 0x85, 0x95, 0x85, 0x95, 0x85, 0x95, 0x85, 0x95, 0x8d,
    0x75, 0x8d, 0x74, 0x8d, 0x74, 0x8d, 0x74, 0x8d, 0x74, 0x8d, 0x74, 0x8d,
    0x74, 0x8d, 0x54, 0x8d, 0x54, 0x8d, 0x74, 0x8d, 0x54, 0x95, 0x54, 0x8d,
    0x54, 0x8d, 0x74, 0x8d, 0x74, 0x8d, 0x74, 0x8d, 0x74, 0x8d, 0x74, 0x95,
    0x74, 0x95, 0x54, 0x95, 0x33, 0xa5, 0x33, 0xa5, 0x32, 0xa5, 0x32, 0xad,
    0x12, 0xad, 0xf1, 0xbc, 0xf1, 0xbc, 0xd0, 0xbc, 0xd0, 0xc4, 0xf1, 0xcc,
    0xf0, 0xcc, 0xf0, 0xcc, 0xd1, 0xc4, 0xf0, 0xbc, 0xf1, 0xc4, 0xf0, 0xbc,
    0xf1, 0xbc, 0xf1, 0xbc, 0x11, 0xb5, 0x32, 0xad, 0x74, 0x95, 0x96, 0x85,
    0x95, 0x85, 0x95, 0x8d, 0x95, 0x8d, 0x95, 0x8d, 0x95, 0x85, 0xb6, 0x7d,
    0xb6, 0x7d, 0x96, 0x7d, 0xb6, 0x7d, 0xb6, 0x7d, 0xb6, 0x7d, 0xb5, 0x7d,
    0xb6, 0x7d, 0x96, 0x7d, 0xb6, 0x7d, 0xb6, 0x7d, 0xb6, 0x7d, 0x96, 0x7d,
    0xb6, 0x7d, 0xb5, 0x7d, 0xb6, 0x7d, 0xb6, 0x7d, 0xb6, 0x7d, 0xb6, 0x7d,
    0xb6, 0x7d, 0xb6, 0x7d, 0xb6, 0x7d, 0xd6, 0x7d, 0xb6, 0x7d, 0xb6, 0x7d,
    0xb6, 0x7d, 0xb6, 0x7d, 0xb6, 0x7d, 0xb6, 0x85, 0xb6, 0x7d, 0xb5, 0x85,
    0xb6, 0x85, 0xb6, 0x85, 0xb6, 0x85, 0xb5, 0x7d, 0xb6, 0x85, 0x96, 0x7d,
    0xb6, 0x7d, 0xb5, 0x85, 0xb5, 0x85, 0xb6, 0x85, 0x95, 0x85, 0xb5, 0x85,
    0x95, 0x85, 0x95, 0x8d, 0x74, 0x95, 0x33, 0xa5, 0x53, 0xa5, 0x74, 0x9d,
    0x74, 0x95, 0x74, 0x95, 0x74, 0x95, 0x74, 0x95, 0x74, 0x95, 0x74, 0x9d,
    0x74, 0x9d, 0x74, 0xa5, 0x53, 0xa5, 0x53, 0xad, 0x53, 0xad, 0x32, 0xbd,
    0xf1, 0xc4, 0xd0, 0xd4, 0xaf, 0xdc, 0xb0, 0xcc, 0xd1, 0xcc, 0x11, 0xcd,
    0x32, 0xc5, 0x33, 0xb5, 0x54, 0x9d, 0x75, 0x8d, 0x95, 0x85, 0x95, 0x85,
    0x75, 0x85, 0x95, 0x85, 0x95, 0x85, 0x95, 0x85, 0x95, 0x8d, 0x95, 0x8d,
    0x95, 0x8d, 0x95, 0x95, 0x95, 0x95, 0x74, 0x95, 0x74, 0x95, 0x54, 0x95,
    0x34, 0x95, 0x13, 0x9d, 0xf2, 0xa4, 0x71, 0xbc, 0x2f, 0xc4, 0x2f, 0xc4,
    0x4f, 0xc4, 0x4f, 0xbc, 0x6f, 0xc4, 0x4f, 0xc4, 0x6f, 0xbc, 0x70, 0xbc,
    0x90, 0xb4, 0xd1, 0xb4, 0x51, 0xdd, 0x72, 0xf5, 0x72, 0xf5, 0x92, 0xf5,
    0x73, 0xf5, 0x72, 0xf5, 0x72, 0xf5, 0x52, 0xed, 0x51, 0xed, 0x51, 0xed,
    0x51, 0xed, 0xd0, 0xdc, 0xb0, 0xdc, 0xb0, 0xdc, 0xaf, 0xd4, 0xb0, 0xd4,
    0x90, 0xdc, 0x8f, 0xd4, 0x8f, 0xd4, 0x8f, 0xd4, 0x8f, 0xd4, 0x90, 0xd4,
    0x90, 0xd4, 0x8f, 0xdc, 0x8f, 0xdc, 0x90, 0xdc, 0x90, 0xdc, 0x6f, 0xdc,
    0x90, 0xdc, 0x6f, 0xdc, 0x6f, 0xdc, 0x6f, 0xdc, 0x70, 0xd4, 0x90, 0xdc,
    0xf0, 0xe4, 0x10, 0xed, 0xf1, 0xec, 0xf0, 0xec, 0x11, 0xed, 0xf1, 0xec,
    0xf0, 0xec, 0x11, 0xed, 0xf0, 0xec, 0xd0, 0xec, 0xf0, 0xec, 0xf0, 0xec,
    0xf0, 0xec, 0xf0, 0xec, 0xf0, 0xec, 0xf0, 0xec, 0xcf, 0xec, 0x4e, 0xec,
    0x2d, 0xec, 0x2d, 0xec, 0x6e, 0xe4, 0xaf, 0xec, 0xaf, 0xe4, 0x8e, 0xe4,
    0x6e, 0xe4, 0x4e, 0xe4, 0x0e, 0xe4, 0xed, 0xe3, 0xcd, 0xe3, 0xcd, 0xe3,
    0xac, 0xe3, 0x8c, 0xe3, 0x8c, 0xe3, 0x8c, 0xe3, 0x6b, 0xeb, 0x6b, 0xeb,
    0x6b, 0xe3, 0x6b, 0xeb, 0x6b, 0xeb, 0x6c, 0xeb, 0x4b, 0xeb, 0x6b, 0xe3,
    0x6b, 0xeb, 0x4b, 0xe3, 0x6b, 0xe3, 0x6b, 0xe3, 0x6c, 0xe3, 0x6c, 0xdb,
    0x0e, 0xd4, 0x2f, 0xd4, 0x2f, 0xd4, 0x0f, 0xd4, 0x2f, 0xd4, 0x2f, 0xd4,
    0x2e, 0xd4, 0x2f, 0xd4, 0x0e, 0xd4, 0x2e, 0xd4, 0x2f, 0xd4, 0x2f, 0xd4,
    0x2f, 0xd4, 0x2f, 0xd4, 0x2f, 0xd4, 0x2f, 0xcc, 0x2f, 0xcc, 0x2f, 0xd4,
    0x4f, 0xd4, 0x2f, 0xd4, 0x2f, 0xd4, 0x2f, 0xd4, 0x4f, 0xd4, 0x2f, 0xd4,
    0x4f, 0xd4, 0x4f, 0xdc, 0x4f, 0xdc, 0x4f, 0xdc, 0x6e, 0xe4, 0x6e, 0xe4,
    0x8e, 0xe4, 0x6e, 0xec, 0x6e, 0xe4, 0x8e, 0xe4, 0x6e, 0xec, 0x8e, 0xe4,
    0x6e, 0xe4, 0x6e, 0xec, 0x6d, 0xe4, 0x6e, 0xec, 0x6e, 0xec, 0x6d, 0xe4,
    0x8e, 0xe4, 0x8e, 0xec, 0x8e, 0xec, 0x6e, 0xe4, 0x2d, 0xd4, 0x4a, 0x5a,
    0x09, 0x4a, 0xc9, 0x39, 0xa9, 0x31, 0xa9, 0x29, 0xa9, 0x29, 0xa8, 0x29,
    0xa9, 0x29, 0xa9, 0x21, 0xa9, 0x29, 0xa9, 0x21, 0xa9, 0x29, 0xa9, 0x21,
    0xa9, 0x29, 0xa9, 0x21, 0xa9, 0x29, 0xa9, 0x29, 0xa9, 0x21, 0xa9, 0x29,
    0xa9, 0x29, 0xa9, 0x29, 0xa9, 0x21, 0xc9, 0x29, 0xc9, 0x29, 0xc9, 0x31,
    0xe9, 0x41, 0x29, 0x52, 0x29, 0x5a, 0x8a, 0x5a, 0x54, 0x85, 0x95, 0x7d,
    0x96, 0x85, 0x95, 0x85, 0x95, 0x85, 0x95, 0x85, 0x95, 0x85, 0x95, 0x85,
    0x95, 0x85, 0x95, 0x7d, 0x96, 0x85, 0x95, 0x85, 0x95, 0x85, 0x95, 0x85,
    0x95, 0x85, 0x75, 0x85, 0x75, 0x85, 0x94, 0x8d, 0x75, 0x8d, 0x75, 0x8d,
    0x74, 0x8d, 0x54, 0x8d, 0x54, 0x8d, 0x74, 0x8d, 0x74, 0x95, 0x54, 0x8d,
    0x74, 0x8d, 0x74, 0x8d, 0x75, 0x8d, 0x95, 0x8d, 0x95, 0x8d, 0x75, 0x8d,
    0x95, 0x8d, 0x74, 0x8d, 0x74, 0x8d, 0x74, 0x95, 0x33, 0xa5, 0x32, 0xad,
    0x12, 0xad, 0x12, 0xad, 0x12, 0xb5, 0xf1, 0xbc, 0xf1, 0xbc, 0xd0, 0xc4,
    0xf0, 0xc4, 0xf1, 0xc4, 0xf0, 0xcc, 0xf1, 0xcc, 0xf0, 0xcc, 0xf1, 0xc4,
    0xf0, 0xbc, 0xf1, 0xbc, 0xf1, 0xbc, 0xf1, 0xbc, 0x11, 0xb5, 0x12, 0xb5,
    0x32, 0xad, 0x54, 0x95, 0x95, 0x8d, 0x95, 0x8d, 0x95, 0x8d, 0x95, 0x8d,
    0x95, 0x85, 0xb6, 0x7d, 0xb6, 0x7d, 0xb5, 0x7d, 0xb6, 0x7d, 0x96, 0x7d,
    0xb5, 0x7d, 0xb6, 0x7d, 0xb6, 0x7d, 0xb6, 0x7d, 0xb6, 0x7d, 0xb5, 0x85,
    0xb5, 0x7d, 0xb6, 0x85, 0xb6, 0x85, 0xb6, 0x7d, 0xb6, 0x7d, 0xd6, 0x85,
    0xb6, 0x7d, 0xb6, 0x7d, 0xb6, 0x7d, 0xb6, 0x7d, 0xb6, 0x7d, 0xb6, 0x7d,
    0xd6, 0x7d, 0xb6, 0x7d, 0xb6, 0x7d, 0xb5, 0x7d, 0xb6, 0x85, 0xb6, 0x85,
    0xb5, 0x85, 0xb6, 0x85, 0xb6, 0x7d, 0xb6, 0x85, 0xb5, 0x85, 0xb6, 0x85,
    0xb6, 0x7d, 0xb6, 0x85, 0xb6, 0x85, 0xb5, 0x85, 0x95, 0x85, 0x96, 0x85,
    0xb6, 0x85, 0x96, 0x85, 0x95, 0x8d, 0x75, 0x95, 0x54, 0x9d, 0x54, 0x9d,
    0x74, 0x95, 0x74, 0x95, 0x75, 0x95, 0x75, 0x95, 0x95, 0x95, 0x74, 0x95,
    0x74, 0x9d, 0x74, 0x9d, 0x74, 0x9d, 0x53, 0xa5, 0x53, 0xa5, 0x53, 0xad,
    0x52, 0xad, 0x12, 0xbd, 0xb0, 0xd4, 0xb0, 0xd4, 0xd0, 0xc4, 0xf2, 0xb4,
    0x54, 0x95, 0x95, 0x85, 0x95, 0x85, 0x95, 0x85, 0x95, 0x85, 0x95, 0x85,
    0x95, 0x85, 0x75, 0x85, 0x95, 0x85, 0x95, 0x85, 0x95, 0x85, 0xb5, 0x8d,
    0xb5, 0x8d, 0xb5, 0x8d, 0x95, 0x95, 0x95, 0x95, 0x75, 0x8d, 0x74, 0x95,
    0x74, 0x95, 0x54, 0x95, 0x54, 0x9d, 0x13, 0x9d, 0x13, 0xa5, 0xd2, 0xac,
    0x70, 0xbc, 0x70, 0xbc, 0x90, 0xbc, 0x70, 0xbc, 0x70, 0xbc, 0x90, 0xb4,
    0xb1, 0xb4, 0x33, 0x9d, 0x95, 0x8d, 0xb4, 0xa5, 0x91, 0xd5, 0x72, 0xe5,
    0x51, 0xe5, 0xd0, 0xe4, 0xaf, 0xe4, 0xcf, 0xec, 0x51, 0xed, 0x51, 0xed,
    0x51, 0xed, 0x51, 0xed, 0x31, 0xed, 0x10, 0xe5, 0xcf, 0xdc, 0x8f, 0xd4,
    0x90, 0xd4, 0x8f, 0xd4, 0x8f, 0xd4, 0x90, 0xd4, 0x90, 0xcc, 0xb0, 0xc4,
    0xf1, 0xbc, 0x12, 0xb5, 0x12, 0xad, 0xb0, 0xcc, 0x90, 0xdc, 0x90, 0xdc,
    0x90, 0xdc, 0x8f, 0xdc, 0x8f, 0xdc, 0x70, 0xdc, 0x90, 0xdc, 0x6f, 0xdc,
    0x8f, 0xdc, 0x90, 0xdc, 0xf0, 0xe4, 0x11, 0xed, 0x11, 0xed, 0xf0, 0xec,
    0x11, 0xed, 0xf1, 0xec, 0x11, 0xed, 0xf1, 0xec, 0xf0, 0xec, 0xf0, 0xec,
    0xf0, 0xec, 0xf0, 0xf4, 0xf0, 0xec, 0xf0, 0xec, 0xf0, 0xec, 0xf0, 0xec,
    0xd0, 0xec, 0x8e, 0xec, 0x8e, 0xec, 0x8e, 0xec, 0xcf, 0xe4, 0xcf, 0xec,
    0xaf, 0xec, 0x8f, 0xe4, 0x6e, 0xe4, 0x2e, 0xe4, 0x0d, 0xe4, 0xed, 0xe3,
    0xcd, 0xe3, 0xac, 0xe3, 0xac, 0xe3, 0x8c, 0xe3, 0x8c, 0xe3, 0x6b, 0xeb,
    0x6b, 0xeb, 0x6c, 0xeb, 0x6b, 0xeb, 0x6b, 0xe3, 0x4c, 0xe3, 0x4b, 0xeb,
    0x6b, 0xe3, 0x6c, 0xeb, 0x4b, 0xeb, 0x6b, 0xeb, 0x6c, 0xe3, 0x6c, 0xe3,
    0x6c, 0xe3, 0x6c, 0xdb, 0x0f, 0xd4, 0x2e, 0xd4, 0x2e, 0xd4, 0x0e, 0xd4,
    0x0f, 0xd4, 0x2e, 0xd4, 0x0e, 0xd4, 0x2f, 0xd4, 0x0e, 0xd4, 0x0e, 0xd4,
    0x0f, 0xd4, 0x2f, 0xd4, 0x2f, 0xd4, 0x2f, 0xd4, 0x2f, 0xd4, 0x2f, 0xd4,
    0x2f, 0xd4, 0x2f, 0xcc, 0x4f, 0xd4, 0x4f, 0xd4, 0x2f, 0xd4, 0x2f, 0xd4,
    0x2f, 0xd4, 0x2f, 0xdc, 0x4f, 0xd4, 0x4f, 0xdc, 0x4e, 0xdc, 0x6e, 0xe4,
    0x6e, 0xec, 0x6e, 0xec, 0x6e, 0xec, 0x8e, 0xe4, 0x8f, 0xec, 0x6e, 0xec,
    0x8e, 0xe4, 0x6e, 0xec, 0x8e, 0xec, 0x6e, 0xe4, 0x6e, 0xec, 0x6d, 0xec,
    0x6d, 0xe4, 0x6d, 0xec, 0x6e, 0xec, 0x6e, 0xe4, 0x8e, 0xe4, 0x6d, 0xe4,
    0xcd, 0xc3, 0x29, 0x5a, 0xc9, 0x39, 0xa9, 0x29, 0xa8, 0x29, 0xa9, 0x29,
    0xa9, 0x29, 0xa9, 0x21, 0xa9, 0x29, 0xa9, 0x29, 0xa9, 0x21, 0xa9, 0x29,
    0xa9, 0x29, 0xa9, 0x29, 0xa9, 0x21, 0xa9, 0x21, 0xa9, 0x29, 0xa9, 0x29,
    0xa9, 0x21, 0xa9, 0x21, 0xa9, 0x29, 0xa9, 0x29, 0xa9, 0x21, 0xa9, 0x29,
    0xa9, 0x29, 0xa9, 0x29, 0xa9, 0x29, 0xe9, 0x39, 0x29, 0x52, 0x29, 0x5a,
    0xae, 0x6b, 0x95, 0x85, 0x95, 0x85, 0x95, 0x85, 0x95, 0x85, 0x95, 0x85,
    0x95, 0x85, 0x95, 0x85, 0x95, 0x85, 0x95, 0x85, 0x95, 0x85, 0x95, 0x85,
    0x95, 0x85, 0x95, 0x85, 0x95, 0x85, 0x95, 0x85, 0x95, 0x85, 0x95, 0x85,
    0x75, 0x8d, 0x74, 0x8d, 0x74, 0x8d, 0x74, 0x8d, 0x54, 0x95, 0x54, 0x95,
    0x54, 0x95, 0x54, 0x95, 0x54, 0x95, 0x95, 0x8d, 0x75, 0x8d, 0x75, 0x8d,
    0x94, 0x8d, 0x95, 0x8d, 0x75, 0x8d, 0x95, 0x8d, 0x95, 0x8d, 0x74, 0x95,
    0x54, 0x9d, 0x53, 0xa5, 0x32, 0xad, 0x12, 0xad, 0x11, 0xb5, 0xf1, 0xb4,
    0xf1, 0xbc, 0xf0, 0xbc, 0xd0, 0xc4, 0xd0, 0xc4, 0xf1, 0xcc, 0xf0, 0xcc,
    0xf0, 0xcc, 0xf0, 0xc4, 0xf1, 0xc4, 0xd0, 0xbc, 0xf1, 0xbc, 0xf1, 0xb4,
    0xf1, 0xb4, 0x12, 0xb5, 0x33, 0xa5, 0x54, 0x9d, 0x74, 0x8d, 0x95, 0x8d,
    0x95, 0x8d, 0x95, 0x85, 0x96, 0x85, 0xb6, 0x7d, 0xb6, 0x7d, 0xb6, 0x7d,
    0x96, 0x7d, 0xb6, 0x85, 0xb6, 0x7d, 0x96, 0x7d, 0xb6, 0x85, 0xb6, 0x7d,
    0x95, 0x7d, 0xb6, 0x7d, 0xb6, 0x7d, 0xb6, 0x7d, 0xb6, 0x7d, 0xb6, 0x7d,
    0xb6, 0x85, 0xb6, 0x7d, 0xb6, 0x7d, 0xb6, 0x7d, 0xb6, 0x85, 0xd6, 0x7d,
    0xb6, 0x7d, 0xb6, 0x7d, 0xb6, 0x7d, 0xd6, 0x7d, 0xb6, 0x85, 0xb6, 0x7d,
    0xb6, 0x7d, 0xb5, 0x7d, 0xb6, 0x85, 0xb6, 0x7d, 0xb5, 0x85, 0xb6, 0x7d,
    0xb6, 0x85, 0xb6, 0x7d, 0xb6, 0x85, 0x95, 0x85, 0x95, 0x85, 0x96, 0x8d,
    0xb5, 0x85, 0x95, 0x8d, 0xb5, 0x8d, 0xb5, 0x85, 0x95, 0x8d, 0x74, 0x95,
    0x74, 0x95, 0x74, 0x95, 0x75, 0x95, 0x95, 0x95, 0x95, 0x8d, 0x95, 0x8d,
    0x74, 0x95, 0x94, 0x9d, 0x74, 0x9d, 0x74, 0x9d, 0x74, 0xa5, 0x53, 0xad,
    0x33, 0xb5, 0x32, 0xb5, 0xf1, 0xc4, 0xd0, 0xcc, 0xd0, 0xc4, 0xf1, 0xbc,
    0x95, 0x8d, 0xb6, 0x7d, 0x95, 0x85, 0x95, 0x85, 0x95, 0x85, 0x95, 0x85,
    0x95, 0x85, 0x95, 0x85, 0x95, 0x85, 0x95, 0x85, 0x95, 0x85, 0x95, 0x8d,
    0xb5, 0x8d, 0xb5, 0x8d, 0xb5, 0x8d, 0x95, 0x8d, 0x95, 0x95, 0x95, 0x95,
    0x75, 0x95, 0x94, 0x95, 0x74, 0x95, 0x54, 0x9d, 0x53, 0x9d, 0x13, 0x9d,
    0xf2, 0xa4, 0xb1, 0xb4, 0xb0, 0xb4, 0xb1, 0xb4, 0xb1, 0xb4, 0xd1, 0xb4,
    0xf2, 0xac, 0x33, 0x9d, 0xb5, 0x8d, 0xf6, 0x85, 0xf6, 0x85, 0xf6, 0x85,
    0xd6, 0x8d, 0x95, 0x8d, 0xd1, 0xa4, 0x2e, 0xc4, 0x6e, 0xe4, 0xae, 0xec,
    0x10, 0xed, 0x10, 0xed, 0xcf, 0xf4, 0x8f, 0xf4, 0x8f, 0xec, 0x6f, 0xdc,
    0x6f, 0xd4, 0x8f, 0xcc, 0x90, 0xcc, 0xd0, 0xc4, 0x32, 0xad, 0x94, 0x9d,
    0xd6, 0x8d, 0xd6, 0x85, 0xd6, 0x85, 0xd6, 0x85, 0x95, 0x95, 0xf1, 0xcc,
    0xb0, 0xdc, 0xb0, 0xe4, 0xb0, 0xdc, 0x6f, 0xdc, 0x6f, 0xdc, 0x90, 0xdc,
    0x8f, 0xdc, 0x70, 0xdc, 0x70, 0xdc, 0x90, 0xdc, 0xd0, 0xe4, 0x11, 0xed,
    0xf0, 0xec, 0xf0, 0xec, 0x11, 0xed, 0x10, 0xed, 0xf1, 0xec, 0xf1, 0xec,
    0xf0, 0xec, 0xf0, 0xec, 0xf1, 0xec, 0xd0, 0xec, 0xd0, 0xec, 0xf0, 0xec,
    0xf0, 0xec, 0xd0, 0xec, 0xd0, 0xec, 0xd0, 0xec, 0xcf, 0xec, 0xcf, 0xec,
    0xf0, 0xe4, 0xcf, 0xe4, 0xaf, 0xe4, 0x8f, 0xe4, 0x6e, 0xe4, 0x2e, 0xe4,
    0x0d, 0xdc, 0xed, 0xe3, 0xcd, 0xdb, 0xac, 0xe3, 0x8c, 0xe3, 0x8c, 0xe3,
    0x6c, 0xeb, 0x6b, 0xeb, 0x6b, 0xe3, 0x6c, 0xeb, 0x6b, 0xeb, 0x6b, 0xeb,
    0x4b, 0xeb, 0x4b, 0xe3, 0x6b, 0xeb, 0x4b, 0xeb, 0x4c, 0xe3, 0x6b, 0xeb,
    0x6b, 0xe3, 0x6c, 0xe3, 0x6c, 0xe3, 0x8c, 0xdb, 0x0f, 0xd4, 0x0f, 0xd4,
    0x2f, 0xd4, 0x0f, 0xd4, 0x2e, 0xd4, 0x0f, 0xd4, 0x2f, 0xd4, 0x0e, 0xd4,
    0x2f, 0xd4, 0x2f, 0xd4, 0x0e, 0xd4, 0x2f, 0xd4, 0x2f, 0xd4, 0x2f, 0xd4,
    0x2f, 0xd4, 0x2f, 0xd4, 0x2f, 0xd4, 0x2f, 0xd4, 0x4f, 0xd4, 0x2f, 0xd4,
    0x4f, 0xd4, 0x50, 0xd4, 0x2f, 0xd4, 0x4f, 0xd4, 0x2f, 0xdc, 0x2f, 0xdc,
    0x2e, 0xe4, 0x4e, 0xec, 0x6e, 0xec, 0x6e, 0xec, 0x6e, 0xec, 0x8e, 0xec,
    0x8e, 0xe4, 0x6e, 0xec, 0x8f, 0xec, 0x8e, 0xec, 0x6e, 0xe4, 0x6e, 0xec,
    0x6e, 0xec, 0x6e, 0xe4, 0x4d, 0xec, 0x6e, 0xec, 0x6e, 0xec, 0x6e, 0xec,
    0x6d, 0xec, 0x2d, 0xdc, 0xaa, 0x7a, 0xe9, 0x41, 0xa8, 0x29, 0xa9, 0x29,
    0xa9, 0x29, 0xa8, 0x29, 0xa9, 0x21, 0x89, 0x29, 0xa9, 0x21, 0xa9, 0x29,
    0xa9, 0x29, 0xa9, 0x29, 0xa9, 0x21, 0xa9, 0x29, 0xa9, 0x29, 0xa9, 0x29,
    0xa9, 0x21, 0xa9, 0x29, 0xa9, 0x29, 0xa9, 0x21, 0xa9, 0x29, 0xa9, 0x21,
    0xa9, 0x29, 0xa9, 0x21, 0xa9, 0x21, 0xa9, 0x29, 0xa9, 0x29, 0xc9, 0x29,
    0xc9, 0x39, 0x29, 0x52, 0x49, 0x5a, 0xd3, 0x7c, 0x75, 0x85, 0x75, 0x8d,
    0x75, 0x8d, 0x95, 0x85, 0x95, 0x85, 0x95, 0x85, 0x95, 0x85, 0x95, 0x85,
    0x95, 0x85, 0x95, 0x85, 0x95, 0x85, 0x95, 0x85, 0x95, 0x85, 0x95, 0x85,
    0x95, 0x85, 0x95, 0x85, 0x95, 0x85, 0x75, 0x85, 0x74, 0x8d, 0x54, 0x95,
    0x54, 0x95, 0x33, 0x95, 0x33, 0x95, 0x54, 0x95, 0x95, 0x8d, 0x95, 0x8d,
    0x95, 0x85, 0x95, 0x8d, 0x95, 0x8d, 0x94, 0x8d, 0x75, 0x8d, 0x75, 0x8d,
    0x94, 0x8d, 0x74, 0x95, 0x74, 0x95, 0x53, 0x9d, 0x32, 0xad, 0x33, 0xa5,
    0x33, 0xa5, 0x11, 0xb5, 0xf1, 0xbc, 0xf0, 0xbc, 0xf0, 0xbc, 0xd0, 0xc4,
    0xf1, 0xcc, 0xf0, 0xcc, 0xf0, 0xd4, 0xf1, 0xc4, 0xf1, 0xbc, 0xd1, 0xbc,
    0xf1, 0xbc, 0xf1, 0xbc, 0x11, 0xb5, 0x33, 0xa5, 0x54, 0x9d, 0x74, 0x95,
    0x95, 0x8d, 0x95, 0x85, 0x95, 0x85, 0x95, 0x85, 0xb6, 0x85, 0xb6, 0x7d,
    0xb6, 0x7d, 0xb6, 0x7d, 0xb6, 0x7d, 0xb6, 0x7d, 0xb6, 0x7d, 0xb6, 0x7d,
    0xb6, 0x7d, 0xb6, 0x7d, 0xb6, 0x7d, 0xb6, 0x7d, 0xb6, 0x7d, 0xb6, 0x7d,
    0xb5, 0x7d, 0xb6, 0x7d, 0xb6, 0x7d, 0xb6, 0x7d, 0xd6, 0x7d, 0xb6, 0x7d,
    0xb6, 0x85, 0xb6, 0x7d, 0xd6, 0x7d, 0xd6, 0x7d, 0xb6, 0x85, 0xd6, 0x85,
    0xb6, 0x7d, 0xb6, 0x85, 0xd6, 0x85, 0xd6, 0x85, 0xb6, 0x7d, 0xb6, 0x85,
    0xb6, 0x85, 0xb6, 0x7d, 0xb6, 0x85, 0xb6, 0x85, 0xb5, 0x85, 0xb5, 0x85,
    0x96, 0x85, 0xb6, 0x8d, 0xb6, 0x8d, 0x95, 0x85, 0x95, 0x85, 0xb5, 0x8d,
    0x95, 0x8d, 0x95, 0x95, 0x94, 0x95, 0x95, 0x8d, 0x95, 0x8d, 0x95, 0x8d,
    0x94, 0x95, 0x74, 0x95, 0x94, 0x95, 0x74, 0x9d, 0x74, 0xa5, 0x53, 0xad,
    0x53, 0xad, 0x32, 0xb5, 0xf1, 0xc4, 0xb0, 0xcc, 0x11, 0xb5, 0x94, 0x8d,
    0xb6, 0x85, 0xb6, 0x7d, 0xb6, 0x85, 0x95, 0x85, 0x95, 0x85, 0x95, 0x85,
    0x95, 0x85, 0x95, 0x85, 0x95, 0x85, 0x95, 0x85, 0x75, 0x85, 0x95, 0x85,
    0xb5, 0x8d, 0xb5, 0x8d, 0xb6, 0x8d, 0xb6, 0x8d, 0xb5, 0x8d, 0xb5, 0x95,
    0x95, 0x8d, 0x95, 0x95, 0x95, 0x95, 0x74, 0x95, 0x74, 0x95, 0x54, 0x9d,
    0x33, 0x9d, 0xf2, 0xac, 0xd1, 0xac, 0xb1, 0xac, 0xd1, 0xac, 0x12, 0xa5,
    0x33, 0x9d, 0x54, 0x9d, 0x75, 0x95, 0xb5, 0x8d, 0xd6, 0x85, 0xf7, 0x85,
    0xf7, 0x85, 0xf6, 0x85, 0xf7, 0x85, 0xf6, 0x85, 0x95, 0x8d, 0x90, 0xb4,
    0x70, 0xd4, 0x6f, 0xec, 0x6e, 0xec, 0x6e, 0xe4, 0x4e, 0xe4, 0x2e, 0xe4,
    0x2e, 0xdc, 0x4f, 0xcc, 0xd0, 0xbc, 0x12, 0xb5, 0x95, 0x9d, 0x17, 0x86,
    0x38, 0x7e, 0x37, 0x7e, 0x17, 0x7e, 0x17, 0x7e, 0x17, 0x7e, 0x17, 0x7e,
    0x74, 0xb5, 0xd1, 0xd4, 0xd0, 0xe4, 0xb0, 0xe4, 0x90, 0xdc, 0x8f, 0xdc,
    0x70, 0xdc, 0x6f, 0xdc, 0x8f, 0xdc, 0x90, 0xdc, 0x90, 0xdc, 0x90, 0xdc,
    0xd0, 0xe4, 0x11, 0xed, 0xf0, 0xec, 0xf1, 0xec, 0x11, 0xed, 0xf0, 0xec,
    0xf1, 0xec, 0xf0, 0xec, 0xf0, 0xec, 0xf0, 0xec, 0xf0, 0xec, 0xb0, 0xe4,
    0xb0, 0xe4, 0xd0, 0xec, 0xf0, 0xec, 0xf0, 0xec, 0xd0, 0xec, 0xd0, 0xec,
    0xf0, 0xec, 0xf0, 0xec, 0xef, 0xec, 0xcf, 0xec, 0xaf, 0xe4, 0x8f, 0xe4,
    0x4e, 0xe4, 0x2e, 0xe4, 0x0d, 0xe4, 0xed, 0xdb, 0xcd, 0xe3, 0xac, 0xe3,
    0x8c, 0xe3, 0x8c, 0xeb, 0x6b, 0xeb, 0x6b, 0xeb, 0x6b, 0xe3, 0x6b, 0xeb,
    0x6b, 0xeb, 0x6b, 0xeb, 0x6b, 0xeb, 0x4b, 0xe3, 0x6b, 0xeb, 0x6b, 0xe3,
    0x4b, 0xeb, 0x4b, 0xeb, 0x6b, 0xe3, 0x6c, 0xe3, 0x8c, 0xdb, 0x6c, 0xdb,
    0x2e, 0xd4, 0x0f, 0xd4, 0x2f, 0xd4, 0x2e, 0xd4, 0x2f, 0xd4, 0x2f, 0xd4,
    0x2e, 0xd4, 0x0e, 0xd4, 0x2f, 0xd4, 0x2e, 0xd4, 0x2f, 0xd4, 0x0e, 0xd4,
    0x2f, 0xd4, 0x2f, 0xd4, 0x2f, 0xd4, 0x2f, 0xd4, 0x4f, 0xd4, 0x4f, 0xd4,
    0x2f, 0xd4, 0x2f, 0xd4, 0x4f, 0xd4, 0x4f, 0xd4, 0x4f, 0xd4, 0x2f, 0xd4,
    0x4e, 0xd4, 0x2e, 0xdc, 0x2e, 0xdc, 0x2d, 0xe4, 0x2d, 0xe4, 0x4e, 0xec,
    0x6e, 0xec, 0x6e, 0xec, 0x6e, 0xe4, 0x6e, 0xec, 0x8e, 0xec, 0x8e, 0xe4,
    0x6e, 0xe4, 0x6e, 0xec, 0x6e, 0xec, 0x6e, 0xe4, 0x6e, 0xec, 0x6e, 0xe4,
    0x6e, 0xe4, 0x6d, 0xec, 0x4d, 0xe4, 0x8c, 0xb3, 0x09, 0x52, 0xc9, 0x31,
    0xa9, 0x29, 0xa9, 0x29, 0xa9, 0x29, 0xa9, 0x29, 0xa8, 0x21, 0xa9, 0x29,
    0x89, 0x21, 0xa9, 0x21, 0xa9, 0x21, 0xa9, 0x21, 0xa9, 0x21, 0xa9, 0x21,
    0xa9, 0x29, 0xa9, 0x29, 0xa9, 0x21, 0xa9, 0x29, 0xa9, 0x29, 0xa9, 0x29,
    0xc9, 0x29, 0xa9, 0x21, 0xa9, 0x29, 0xa9, 0x29, 0xc9, 0x21, 0xa9, 0x29,
    0xa9, 0x29, 0xa9, 0x29, 0xc9, 0x31, 0xe9, 0x41, 0x29, 0x5a, 0xcb, 0x62,
    0x54, 0x8d, 0x74, 0x8d, 0x54, 0x95, 0x54, 0x95, 0x74, 0x8d, 0x74, 0x8d,
    0x75, 0x8d, 0x74, 0x8d, 0x75, 0x8d, 0x95, 0x8d, 0x95, 0x85, 0x95, 0x85,
    0x95, 0x85, 0x95, 0x85, 0x95, 0x85, 0x95, 0x85, 0x95, 0x7d, 0xb5, 0x85,
    0x95, 0x85, 0x75, 0x8d, 0x74, 0x8d, 0x54, 0x95, 0x75, 0x8d, 0x95, 0x85,
    0x95, 0x85, 0x95, 0x85, 0x95, 0x8d, 0x95, 0x85, 0x95, 0x85, 0x95, 0x8d,
    0x95, 0x8d, 0x95, 0x8d, 0x74, 0x8d, 0x75, 0x8d, 0x74, 0x95, 0x54, 0x95,
    0x54, 0x9d, 0x53, 0x9d, 0x53, 0x9d, 0x32, 0xad, 0xf1, 0xbc, 0xf1, 0xbc,
    0xf1, 0xc4, 0xf0, 0xc4, 0x10, 0xd5, 0xf1, 0xd4, 0xf0, 0xcc, 0xf1, 0xbc,
    0xf1, 0xbc, 0xf0, 0xb4, 0xd1, 0xbc, 0xf1, 0xb4, 0x33, 0xa5, 0x74, 0x95,
    0x74, 0x8d, 0x75, 0x8d, 0x95, 0x8d, 0x95, 0x8d, 0x95, 0x85, 0x95, 0x85,
    0x96, 0x85, 0xb6, 0x85, 0xb5, 0x85, 0xb6, 0x85, 0xb6, 0x7d, 0xb6, 0x7d,
    0xb5, 0x7d, 0xb5, 0x7d, 0xb6, 0x7d, 0xb5, 0x7d, 0xb6, 0x7d, 0xb5, 0x7d,
    0xb6, 0x7d, 0xb6, 0x7d, 0xb6, 0x85, 0xb6, 0x7d, 0xb6, 0x85, 0xd6, 0x7d,
    0xd6, 0x7d, 0xb6, 0x85, 0xb6, 0x7d, 0xb6, 0x7d, 0xb6, 0x7d, 0xb6, 0x85,
    0xb6, 0x85, 0xd6, 0x85, 0xd6, 0x7d, 0xb6, 0x85, 0xb6, 0x7d, 0xb6, 0x85,
    0xb5, 0x85, 0xb6, 0x7d, 0xb6, 0x85, 0xb5, 0x85, 0xb6, 0x7d, 0xb6, 0x85,
    0xb6, 0x85, 0xb6, 0x85, 0x96, 0x85, 0xb5, 0x85, 0xb6, 0x8d, 0xb6, 0x85,
    0xb6, 0x8d, 0x95, 0x8d, 0x95, 0x8d, 0x95, 0x8d, 0x95, 0x8d, 0x95, 0x8d,
    0x94, 0x95, 0x94, 0x95, 0x95, 0x95, 0x94, 0x95, 0x74, 0x95, 0x74, 0xa5,
    0x53, 0xad, 0x32, 0xb5, 0xf1, 0xc4, 0xb0, 0xd4, 0xd1, 0xc4, 0x33, 0xa5,
    0xb5, 0x85, 0xd6, 0x7d, 0xb6, 0x7d, 0x95, 0x85, 0x95, 0x85, 0x95, 0x85,
    0x95, 0x85, 0x95, 0x85, 0x95, 0x85, 0x95, 0x85, 0x95, 0x85, 0x95, 0x85,
    0x95, 0x8d, 0xb5, 0x8d, 0xb6, 0x8d, 0xb6, 0x8d, 0xb6, 0x8d, 0xb6, 0x8d,
    0xb6, 0x8d, 0xb5, 0x8d, 0xb5, 0x8d, 0xb5, 0x95, 0x95, 0x95, 0x74, 0x95,
    0x54, 0x9d, 0x13, 0xa5, 0xf2, 0xac, 0xd2, 0xac, 0xd2, 0xac, 0x13, 0xa5,
    0x54, 0x95, 0x95, 0x95, 0x95, 0x8d, 0xb5, 0x8d, 0xd6, 0x8d, 0xd6, 0x85,
    0xf6, 0x85, 0xf7, 0x85, 0xf7, 0x85, 0xf7, 0x85, 0xf7, 0x7d, 0xd6, 0x85,
    0xf7, 0x7d, 0xb6, 0x85, 0xf2, 0x9c, 0x4f, 0xbc, 0x2e, 0xd4, 0x4e, 0xdc,
    0x4e, 0xdc, 0x4e, 0xd4, 0x4f, 0xcc, 0xf1, 0xb4, 0x94, 0x9d, 0xf7, 0x85,
    0x37, 0x7e, 0x37, 0x7e, 0x37, 0x7e, 0x37, 0x7e, 0x17, 0x7e, 0x17, 0x7e,
    0x17, 0x86, 0xd5, 0x9d, 0x11, 0xdd, 0xf1, 0xdc, 0xd0, 0xe4, 0xb0, 0xdc,
    0x90, 0xdc, 0x8f, 0xe4, 0x90, 0xdc, 0x70, 0xdc, 0x6f, 0xdc, 0x6f, 0xdc,
    0x90, 0xdc, 0x90, 0xdc, 0xd0, 0xe4, 0x11, 0xed, 0x10, 0xed, 0x11, 0xed,
    0xf1, 0xec, 0x10, 0xed, 0x11, 0xed, 0xf1, 0xec, 0xf0, 0xec, 0xf0, 0xec,
    0xd0, 0xec, 0xb0, 0xe4, 0x90, 0xe4, 0xb0, 0xe4, 0xd0, 0xec, 0xf0, 0xec,
    0xf0, 0xec, 0xd0, 0xec, 0xd0, 0xe4, 0xf0, 0xec, 0xef, 0xec, 0xf0, 0xec,
    0xcf, 0xe4, 0xaf, 0xe4, 0x4e, 0xe4, 0x2e, 0xe4, 0xed, 0xdb, 0xcd, 0xe3,
    0xcd, 0xe3, 0xac, 0xe3, 0x8c, 0xe3, 0x8b, 0xeb, 0x6b, 0xeb, 0x6b, 0xe3,
    0x6c, 0xeb, 0x4b, 0xeb, 0x4b, 0xe3, 0x6b, 0xeb, 0x6b, 0xeb, 0x6b, 0xeb,
    0x4b, 0xe3, 0x6b, 0xeb, 0x4b, 0xeb, 0x6b, 0xe3, 0x6b, 0xeb, 0x6c, 0xe3,
    0x6c, 0xdb, 0x6c, 0xdb, 0x0e, 0xd4, 0x2e, 0xd4, 0x0e, 0xd4, 0x0f, 0xd4,
    0x2f, 0xd4, 0x2e, 0xd4, 0x2e, 0xd4, 0x2f, 0xd4, 0x2e, 0xd4, 0x2e, 0xd4,
    0x2f, 0xd4, 0x0e, 0xd4, 0x2e, 0xd4, 0x2f, 0xd4, 0x4f, 0xd4, 0x4f, 0xd4,
    0x2f, 0xd4, 0x4f, 0xd4, 0x2f, 0xd4, 0x4f, 0xd4, 0x4f, 0xd4, 0x2f, 0xd4,
    0x4f, 0xd4, 0x2f, 0xd4, 0x2f, 0xdc, 0x4f, 0xd4, 0x2f, 0xdc, 0x2e, 0xe4,
    0x2d, 0xe4, 0x4e, 0xe4, 0x4e, 0xec, 0x6e, 0xec, 0x8e, 0xec, 0x6e, 0xe4,
    0x6e, 0xec, 0x8e, 0xec, 0x6e, 0xe4, 0x6e, 0xe4, 0x6e, 0xec, 0x6e, 0xec,
    0x6e, 0xe4, 0x6d, 0xec, 0x6d, 0xec, 0x6e, 0xe4, 0x2d, 0xdc, 0x8a, 0x72,
    0xe9, 0x41, 0xa8, 0x31, 0xa9, 0x29, 0xa8, 0x29, 0xa9, 0x29, 0x89, 0x21,
    0xa9, 0x29, 0xa9, 0x29, 0xa9, 0x29, 0xa9, 0x29, 0xa8, 0x21, 0xa8, 0x21,
    0xa9, 0x29, 0xa9, 0x21, 0xa9, 0x21, 0xa9, 0x29, 0xa9, 0x21, 0xa9, 0x21,
    0xa9, 0x29, 0xa9, 0x21, 0xa9, 0x21, 0xa9, 0x29, 0xa9, 0x29, 0xa9, 0x29,
    0xa9, 0x29, 0xc9, 0x29, 0xa9, 0x29, 0xa9, 0x29, 0xa9, 0x29, 0xc9, 0x31,
    0x09, 0x4a, 0x29, 0x5a, 0xce, 0x73, 0x54, 0x95, 0x54, 0x95, 0x54, 0x95,
    0xd2, 0x84, 0x54, 0x95, 0x74, 0x95, 0x54, 0x8d, 0x74, 0x8d, 0x74, 0x8d,
    0x74, 0x8d, 0x74, 0x8d, 0x95, 0x85, 0x95, 0x85, 0xb5, 0x7d, 0xb6, 0x7d,
    0xb6, 0x7d, 0xb6, 0x7d, 0xb6, 0x7d, 0xb6, 0x7d, 0x95, 0x85, 0xb6, 0x85,
    0xb6, 0x85, 0xb5, 0x85, 0x95, 0x85, 0x95, 0x85, 0x95, 0x85, 0x95, 0x85,
    0x95, 0x85, 0x95, 0x85, 0x95, 0x85, 0x95, 0x8d, 0x95, 0x8d, 0x94, 0x8d,
    0x74, 0x95, 0x74, 0x95, 0x74, 0x95, 0x74, 0x95, 0x74, 0x9d, 0x53, 0x9d,
    0xf1, 0xbc, 0xf1, 0xbc, 0xf1, 0xbc, 0xf1, 0xcc, 0xf0, 0xcc, 0x10, 0xd5,
    0xf1, 0xc4, 0xf0, 0xbc, 0xf1, 0xbc, 0xf1, 0xb4, 0x12, 0xad, 0x53, 0x9d,
    0x74, 0x95, 0x74, 0x95, 0x74, 0x95, 0x74, 0x95, 0x75, 0x8d, 0x95, 0x8d,
    0xb6, 0x85, 0xb6, 0x85, 0x95, 0x85, 0xb5, 0x7d, 0xb6, 0x7d, 0x96, 0x7d,
    0xb6, 0x7d, 0xb6, 0x7d, 0xb6, 0x85, 0xb6, 0x7d, 0xb6, 0x7d, 0xb6, 0x85,
    0xb5, 0x7d, 0xb6, 0x7d, 0xb6, 0x7d, 0xb6, 0x85, 0xb6, 0x7d, 0xb6, 0x7d,
    0xd5, 0x85, 0xd6, 0x7d, 0xd6, 0x85, 0xd6, 0x7d, 0xb6, 0x7d, 0xb6, 0x7d,
    0xb6, 0x85, 0xb6, 0x7d, 0xb6, 0x7d, 0xd6, 0x85, 0xd6, 0x85, 0xb6, 0x7d,
    0xd6, 0x85, 0xb6, 0x7d, 0xb5, 0x85, 0xb6, 0x7d, 0xb6, 0x85, 0xb5, 0x85,
    0xb6, 0x85, 0xb6, 0x85, 0xb6, 0x85, 0xb6, 0x85, 0xb6, 0x85, 0xb5, 0x85,
    0xb5, 0x85, 0xb6, 0x85, 0xb5, 0x8d, 0x95, 0x8d, 0x95, 0x8d, 0x95, 0x8d,
    0x95, 0x8d, 0x95, 0x95, 0x95, 0x8d, 0x95, 0x8d, 0x95, 0x95, 0x95, 0x95,
    0x94, 0x95, 0x32, 0xb5, 0x11, 0xc5, 0xf0, 0xcc, 0xb0, 0xd4, 0xd1, 0xcc,
    0x13, 0xb5, 0xb5, 0x8d, 0xd6, 0x7d, 0xb6, 0x85, 0x95, 0x85, 0x95, 0x8d,
    0x95, 0x85, 0x95, 0x85, 0x95, 0x85, 0x95, 0x85, 0x95, 0x85, 0x95, 0x8d,
    0x95, 0x85, 0x95, 0x8d, 0xb6, 0x85, 0xb6, 0x8d, 0xd6, 0x85, 0xb6, 0x8d,
    0xd5, 0x8d, 0xb6, 0x8d, 0xb5, 0x8d, 0xb6, 0x8d, 0xb5, 0x95, 0xb5, 0x95,
    0x75, 0x95, 0x33, 0xa5, 0x12, 0xad, 0xf2, 0xac, 0xf2, 0xac, 0x13, 0xa5,
    0x74, 0x9d, 0xb5, 0x8d, 0xb5, 0x8d, 0xb6, 0x8d, 0xb6, 0x8d, 0xd6, 0x85,
    0xd6, 0x85, 0xd6, 0x85, 0xf7, 0x85, 0xf7, 0x85, 0xf6, 0x85, 0xf6, 0x85,
    0xf6, 0x85, 0xf7, 0x7d, 0xf7, 0x7d, 0x17, 0x7e, 0x17, 0x7e, 0xb6, 0x85,
    0xf3, 0x9c, 0x90, 0xa4, 0xf2, 0x9c, 0x95, 0x8d, 0xf6, 0x85, 0x17, 0x7e,
    0x37, 0x7e, 0x37, 0x7e, 0x17, 0x7e, 0x17, 0x7e, 0x17, 0x7e, 0x38, 0x86,
    0x37, 0x7e, 0x37, 0x7e, 0x17, 0x86, 0x73, 0xc5, 0xf1, 0xdc, 0x11, 0xe5,
    0xd0, 0xe4, 0x90, 0xdc, 0x90, 0xdc, 0xb0, 0xe4, 0x90, 0xdc, 0x70, 0xdc,
    0x6f, 0xdc, 0x70, 0xd4, 0x90, 0xdc, 0x90, 0xdc, 0x90, 0xdc, 0xf0, 0xe4,
    0x11, 0xed, 0xf0, 0xec, 0xf1, 0xec, 0x10, 0xed, 0xf1, 0xec, 0xf1, 0xec,
    0xf0, 0xec, 0xf0, 0xec, 0xd0, 0xec, 0xb0, 0xe4, 0xb0, 0xe4, 0xb0, 0xe4,
    0xd0, 0xe4, 0xd0, 0xec, 0xf0, 0xec, 0xf0, 0xec, 0xf0, 0xec, 0xf0, 0xec,
    0xf0, 0xe4, 0xf0, 0xec, 0xcf, 0xe4, 0xaf, 0xe4, 0x4e, 0xe4, 0x2e, 0xdc,
    0x0d, 0xe4, 0xed, 0xe3, 0xcc, 0xe3, 0xac, 0xe3, 0x8c, 0xe3, 0x6c, 0xeb,
    0x6b, 0xeb, 0x6b, 0xeb, 0x6b, 0xeb, 0x6b, 0xeb, 0x6b, 0xe3, 0x4b, 0xe3,
    0x6c, 0xeb, 0x6b, 0xeb, 0x6b, 0xe3, 0x4c, 0xeb, 0x6c, 0xeb, 0x4b, 0xe3,
    0x4b, 0xe3, 0x4b, 0xe3, 0x4b, 0xe3, 0x4b, 0xe3, 0x0f, 0xd4, 0x2e, 0xd4,
    0x0f, 0xd4, 0x2f, 0xd4, 0x2e, 0xd4, 0x2f, 0xd4, 0x2f, 0xd4, 0x2f, 0xdc,
    0x2e, 0xd4, 0x2f, 0xdc, 0x2e, 0xd4, 0x2f, 0xd4, 0x0e, 0xd4, 0x2f, 0xd4,
    0x2f, 0xd4, 0x2f, 0xd4, 0x2f, 0xd4, 0x4f, 0xd4, 0x2f, 0xd4, 0x4f, 0xd4,
    0x2f, 0xd4, 0x4f, 0xd4, 0x4f, 0xd4, 0x4f, 0xd4, 0x2f, 0xd4, 0x2e, 0xdc,
    0x2e, 0xdc, 0x2e, 0xdc, 0x0d, 0xe4, 0x0d, 0xe4, 0x0d, 0xe4, 0x2d, 0xe4,
    0x6e, 0xec, 0x8e, 0xec, 0x6e, 0xec, 0x8e, 0xec, 0x8e, 0xec, 0x8e, 0xec,
    0x6e, 0xe4, 0x6e, 0xec, 0x6e, 0xec, 0x6e, 0xe4, 0x6e, 0xec, 0x4d, 0xec,
    0x6c, 0xab, 0x09, 0x4a, 0xc9, 0x39, 0xa9, 0x29, 0xa9, 0x29, 0xa9, 0x29,
    0xa9, 0x21, 0xa9, 0x29, 0xa9, 0x29, 0xa9, 0x29, 0xa9, 0x29, 0xa9, 0x29,
    0xa9, 0x21, 0xa9, 0x29, 0xa9, 0x29, 0xa9, 0x21, 0xa9, 0x21, 0xa9, 0x29,
    0xa9, 0x29, 0xa9, 0x29, 0xa9, 0x29, 0xa9, 0x21, 0xa9, 0x21, 0xa9, 0x21,
    0xa9, 0x21, 0xa9, 0x21, 0xa9, 0x29, 0xa9, 0x29, 0xc9, 0x29, 0xa9, 0x29,
    0xa9, 0x29, 0xc9, 0x29, 0xe9, 0x39, 0x09, 0x52, 0x29, 0x5a, 0xd2, 0x84,
    0x74, 0x8d, 0x13, 0x8d, 0x4d, 0x63, 0x54, 0x8d, 0x74, 0x8d, 0x74, 0x8d,
    0x75, 0x8d, 0x74, 0x8d, 0x75, 0x8d, 0x75, 0x85, 0x95, 0x85, 0x95, 0x85,
    0xb6, 0x7d, 0xb6, 0x7d, 0x95, 0x85, 0x95, 0x7d, 0xb6, 0x7d, 0xb6, 0x7d,
    0xb6, 0x7d, 0xb5, 0x85, 0x96, 0x85, 0xb5, 0x85, 0xb5, 0x85, 0xb6, 0x85,
    0x95, 0x85, 0x95, 0x85, 0x95, 0x85, 0x95, 0x85, 0x95, 0x85, 0x95, 0x85,
    0x95, 0x8d, 0x75, 0x95, 0x95, 0x8d, 0x95, 0x8d, 0x75, 0x8d, 0x74, 0x8d,
    0x53, 0x9d, 0x12, 0xad, 0xf1, 0xb4, 0xf1, 0xbc, 0xf0, 0xc4, 0xf0, 0xc4,
    0xf1, 0xcc, 0xf0, 0xcc, 0xd0, 0xc4, 0xf1, 0xbc, 0xf1, 0xbc, 0x12, 0xad,
    0x74, 0x95, 0x74, 0x95, 0x74, 0x95, 0x74, 0x8d, 0x74, 0x95, 0x75, 0x8d,
    0x94, 0x8d, 0x95, 0x8d, 0x95, 0x85, 0xb6, 0x7d, 0xb5, 0x85, 0x95, 0x85,
    0xb6, 0x7d, 0xb6, 0x7d, 0xb6, 0x7d, 0xb6, 0x7d, 0xb5, 0x7d, 0xb6, 0x7d,
    0xb6, 0x7d, 0xb6, 0x7d, 0xb6, 0x7d, 0xb6, 0x85, 0xb6, 0x7d, 0xb5, 0x7d,
    0xd6, 0x7d, 0xd6, 0x7d, 0xd6, 0x7d, 0xd6, 0x85, 0xd6, 0x7d, 0xd6, 0x85,
    0xd6, 0x7d, 0xb6, 0x85, 0xd6, 0x85, 0xb6, 0x7d, 0xb6, 0x7d, 0xd6, 0x85,
    0xb6, 0x85, 0xb6, 0x7d, 0xd6, 0x85, 0xb6, 0x85, 0xb6, 0x7d, 0xb6, 0x85,
    0xb6, 0x7d, 0xb6, 0x85, 0xb5, 0x85, 0xb6, 0x85, 0xb6, 0x85, 0xb6, 0x85,
    0xb6, 0x85, 0xb6, 0x8d, 0x95, 0x85, 0xb5, 0x8d, 0xb5, 0x8d, 0xb5, 0x8d,
    0xb5, 0x8d, 0xb5, 0x8d, 0x95, 0x8d, 0x95, 0x8d, 0x95, 0x8d, 0x95, 0x8d,
    0x95, 0x95, 0x94, 0x95, 0x74, 0x95, 0x33, 0xb5, 0xf1, 0xcc, 0xf0, 0xd4,
    0xf1, 0xcc, 0x11, 0xc5, 0x32, 0xc5, 0xb5, 0x8d, 0xb6, 0x85, 0x95, 0x85,
    0x95, 0x8d, 0x95, 0x8d, 0x95, 0x8d, 0x95, 0x8d, 0x95, 0x85, 0x95, 0x85,
    0x95, 0x85, 0x96, 0x85, 0xb6, 0x85, 0xd6, 0x8d, 0xd6, 0x85, 0xd6, 0x85,
    0xd6, 0x8d, 0xd6, 0x85, 0xb6, 0x8d, 0xd6, 0x8d, 0xb6, 0x8d, 0xb5, 0x8d,
    0x95, 0x95, 0x74, 0x9d, 0x33, 0xa5, 0xf2, 0xac, 0xf2, 0xac, 0x33, 0xa5,
    0x74, 0x9d, 0xb5, 0x8d, 0xb5, 0x8d, 0xd6, 0x8d, 0xd6, 0x8d, 0xd6, 0x8d,
    0xd6, 0x8d, 0xd6, 0x85, 0xf6, 0x85, 0xf7, 0x85, 0x17, 0x86, 0x17, 0x86,
    0xf7, 0x85, 0x17, 0x86, 0x17, 0x7e, 0x17, 0x7e, 0x17, 0x7e, 0x17, 0x7e,
    0x17, 0x76, 0x17, 0x7e, 0x17, 0x7e, 0x17, 0x7e, 0x17, 0x7e, 0x17, 0x7e,
    0x17, 0x7e, 0x38, 0x7e, 0x37, 0x7e, 0x17, 0x7e, 0x38, 0x86, 0x17, 0x7e,
    0x37, 0x7e, 0x18, 0x86, 0x17, 0x86, 0x38, 0x7e, 0xf6, 0x9d, 0x52, 0xd5,
    0x11, 0xe5, 0x11, 0xe5, 0xd0, 0xe4, 0x90, 0xdc, 0xb0, 0xe4, 0xd0, 0xe4,
    0x90, 0xdc, 0x8f, 0xdc, 0x8f, 0xdc, 0x90, 0xdc, 0x90, 0xdc, 0x8f, 0xdc,
    0x90, 0xdc, 0xb0, 0xdc, 0xf0, 0xe4, 0xf0, 0xec, 0xf1, 0xec, 0x11, 0xed,
    0xf0, 0xec, 0xf1, 0xec, 0xf0, 0xec, 0xf1, 0xec, 0xd0, 0xe4, 0xb0, 0xe4,
    0xb0, 0xe4, 0xb0, 0xe4, 0xb0, 0xe4, 0xd0, 0xe4, 0xd0, 0xec, 0xd0, 0xec,
    0xf0, 0xec, 0xd0, 0xec, 0xf0, 0xec, 0xef, 0xec, 0xcf, 0xe4, 0xaf, 0xe4,
    0x4e, 0xe4, 0x2e, 0xe4, 0x0d, 0xdc, 0xed, 0xe3, 0xcd, 0xe3, 0xac, 0xe3,
    0x8c, 0xe3, 0x6c, 0xeb, 0x6b, 0xeb, 0x6b, 0xeb, 0x6b, 0xe3, 0x6b, 0xeb,
    0x6b, 0xeb, 0x6c, 0xeb, 0x4b, 0xe3, 0x6b, 0xe3, 0x6b, 0xeb, 0x4b, 0xe3,
    0x6c, 0xe3, 0x4c, 0xe3, 0x4b, 0xe3, 0x4b, 0xe3, 0x4c, 0xe3, 0x4b, 0xe3,
    0x2f, 0xd4, 0x0e, 0xd4, 0x2f, 0xd4, 0x2f, 0xd4, 0x2e, 0xd4, 0x2e, 0xd4,
    0x2f, 0xd4, 0x2e, 0xd4, 0x2e, 0xd4, 0x2e, 0xdc, 0x0e, 0xd4, 0x0e, 0xd4,
    0x2f, 0xd4, 0x2e, 0xd4, 0x2e, 0xd4, 0x4f, 0xd4, 0x2f, 0xd4, 0x4f, 0xd4,
    0x2f, 0xd4, 0x4f, 0xd4, 0x2f, 0xd4, 0x4f, 0xd4, 0x4f, 0xd4, 0x4f, 0xd4,
    0x4f, 0xd4, 0x2e, 0xdc, 0x2e, 0xdc, 0x2e, 0xdc, 0x0e, 0xdc, 0x0d, 0xe4,
    0xed, 0xe3, 0x0d, 0xe4, 0x0d, 0xe4, 0x2e, 0xe4, 0x4e, 0xe4, 0x6e, 0xec,
    0x8e, 0xec, 0x8e, 0xec, 0x6e, 0xe4, 0x6e, 0xec, 0x6e, 0xec, 0x6e, 0xe4,
    0x6e, 0xec, 0x4d, 0xe4, 0x69, 0x6a, 0xe9, 0x41, 0xc9, 0x31, 0xa9, 0x29,
    0x88, 0x29, 0xa9, 0x29, 0xa9, 0x29, 0xa9, 0x29, 0xa9, 0x29, 0xa8, 0x29,
    0xa9, 0x21, 0xa9, 0x21, 0xa9, 0x21, 0xa9, 0x21, 0xa9, 0x21, 0xa9, 0x29,
    0xa9, 0x21, 0xa9, 0x21, 0xa9, 0x29, 0xa9, 0x29, 0xa9, 0x21, 0xa9, 0x29,
    0xa9, 0x29, 0xa9, 0x29, 0xa9, 0x29, 0xc9, 0x21, 0xa9, 0x29, 0xa9, 0x29,
    0xa9, 0x21, 0xa9, 0x29, 0xa9, 0x29, 0xa9, 0x29, 0xc9, 0x31, 0xe9, 0x41,
    0x29, 0x5a, 0xcb, 0x62, 0x6d, 0x6b, 0xab, 0x62, 0x4a, 0x52, 0xd2, 0x84,
    0x75, 0x8d, 0x74, 0x8d, 0x75, 0x8d, 0x75, 0x8d, 0x95, 0x85, 0x95, 0x85,
    0x95, 0x85, 0x95, 0x85, 0xb6, 0x7d, 0xb6, 0x7d, 0xb5, 0x85, 0xb5, 0x7d,
    0x96, 0x7d, 0xb5, 0x85, 0xb6, 0x7d, 0xb6, 0x7d, 0xb6, 0x7d, 0xb6, 0x7d,
    0xb6, 0x7d, 0xb6, 0x85, 0xb6, 0x85, 0xb6, 0x85, 0xb6, 0x85, 0x96, 0x85,
    0xb6, 0x85, 0x95, 0x85, 0x95, 0x85, 0x95, 0x85, 0x95, 0x8d, 0x95, 0x8d,
    0x74, 0x8d, 0x53, 0x9d, 0x12, 0xb5, 0x11, 0xb5, 0xf1, 0xbc, 0xf1, 0xbc,
    0xf1, 0xbc, 0xf0, 0xc4, 0xd0, 0xc4, 0xd0, 0xc4, 0xf1, 0xbc, 0xf1, 0xbc,
    0xf1, 0xb4, 0x11, 0xb5, 0x74, 0x95, 0x74, 0x95, 0x74, 0x95, 0x75, 0x8d,
    0x75, 0x95, 0x74, 0x8d, 0x95, 0x8d, 0x74, 0x8d, 0x95, 0x85, 0xb6, 0x85,
    0x96, 0x85, 0xb6, 0x85, 0xb6, 0x85, 0xb6, 0x7d, 0xb5, 0x7d, 0xb6, 0x7d,
    0xb6, 0x7d, 0xb5, 0x7d, 0xb6, 0x7d, 0xb6, 0x85, 0xb5, 0x7d, 0xb6, 0x7d,
    0xb6, 0x85, 0xd6, 0x7d, 0xd6, 0x85, 0xd6, 0x85, 0xd6, 0x85, 0xd6, 0x7d,
    0xb6, 0x7d, 0xd6, 0x7d, 0xd6, 0x85, 0xb6, 0x85, 0xb6, 0x7d, 0xb6, 0x85,
    0xb5, 0x85, 0xb6, 0x7d, 0xd6, 0x85, 0xd6, 0x85, 0xb6, 0x7d, 0xd6, 0x85,
    0xb6, 0x85, 0xb5, 0x85, 0xb6, 0x85, 0xb6, 0x85, 0xb5, 0x85, 0xb6, 0x85,
    0xb6, 0x85, 0xb6, 0x85, 0xb5, 0x85, 0xb6, 0x8d, 0xb6, 0x8d, 0xb6, 0x8d,
    0xb5, 0x8d, 0xb5, 0x8d, 0xb5, 0x8d, 0x95, 0x8d, 0x95, 0x95, 0x95, 0x8d,
    0x94, 0x95, 0x94, 0x95, 0x74, 0x9d, 0x74, 0x9d, 0x94, 0x9d, 0x53, 0xad,
    0x11, 0xcd, 0xf1, 0xcc, 0xf1, 0xcc, 0x12, 0xc5, 0x32, 0xbd, 0x74, 0x9d,
    0x95, 0x8d, 0x95, 0x8d, 0x95, 0x8d, 0x95, 0x8d, 0x95, 0x85, 0x95, 0x8d,
    0x95, 0x8d, 0x96, 0x85, 0x96, 0x85, 0xd6, 0x85, 0xd6, 0x85, 0xd6, 0x85,
    0xd6, 0x85, 0xd6, 0x8d, 0xd6, 0x8d, 0xd6, 0x8d, 0xd6, 0x8d, 0xd6, 0x8d,
    0xb5, 0x8d, 0x95, 0x95, 0x53, 0x9d, 0xf2, 0xac, 0xf2, 0xac, 0x33, 0xa5,
    0x94, 0x95, 0x95, 0x95, 0xb5, 0x95, 0xd6, 0x8d, 0xb5, 0x8d, 0xb5, 0x95,
    0xb5, 0x8d, 0xd6, 0x8d, 0xd6, 0x85, 0xf6, 0x85, 0xf7, 0x85, 0xf7, 0x85,
    0x16, 0x86, 0x17, 0x7e, 0x17, 0x7e, 0x17, 0x7e, 0x17, 0x7e, 0x17, 0x7e,
    0x17, 0x7e, 0x17, 0x7e, 0x17, 0x76, 0x17, 0x76, 0x17, 0x7e, 0x17, 0x76,
    0x17, 0x7e, 0x37, 0x7e, 0x38, 0x76, 0x38, 0x76, 0x37, 0x7e, 0x17, 0x7e,
    0x38, 0x86, 0x37, 0x7e, 0x17, 0x7e, 0x37, 0x7e, 0x37, 0x7e, 0x17, 0x86,
    0x74, 0xc5, 0x32, 0xe5, 0x11, 0xe5, 0xf1, 0xe4, 0xb0, 0xe4, 0xb0, 0xdc,
    0xd0, 0xe4, 0xf1, 0xdc, 0x90, 0xdc, 0x90, 0xdc, 0x90, 0xdc, 0x90, 0xdc,
    0x90, 0xdc, 0x90, 0xdc, 0x90, 0xdc, 0x90, 0xdc, 0xb0, 0xdc, 0xf0, 0xe4,
    0xf0, 0xe4, 0xf1, 0xec, 0x11, 0xed, 0x10, 0xed, 0xf0, 0xec, 0xf1, 0xec,
    0xd0, 0xe4, 0xb0, 0xe4, 0xb0, 0xe4, 0x90, 0xdc, 0x90, 0xdc, 0xb0, 0xe4,
    0xd0, 0xe4, 0xd0, 0xec, 0xd0, 0xec, 0xd0, 0xe4, 0xf0, 0xec, 0xef, 0xec,
    0xcf, 0xe4, 0xaf, 0xe4, 0x6e, 0xe4, 0x2d, 0xe4, 0x0d, 0xdc, 0xed, 0xdb,
    0xad, 0xe3, 0x8c, 0xe3, 0x8c, 0xe3, 0x6b, 0xeb, 0x6b, 0xeb, 0x6c, 0xeb,
    0x4b, 0xeb, 0x6b, 0xeb, 0x4b, 0xeb, 0x6b, 0xeb, 0x6b, 0xeb, 0x4b, 0xe3,
    0x6b, 0xeb, 0x6b, 0xe3, 0x4b, 0xe3, 0x4c, 0xe3, 0x6b, 0xe3, 0x6c, 0xe3,
    0x4c, 0xdb, 0x4b, 0xe3, 0x0e, 0xd4, 0x2f, 0xd4, 0x2e, 0xdc, 0x2e, 0xd4,
    0x2f, 0xd4, 0x2e, 0xdc, 0x2e, 0xd4, 0x2f, 0xd4, 0x2f, 0xd4, 0x2e, 0xdc,
    0x2e, 0xdc, 0x2e, 0xdc, 0x2e, 0xd4, 0x0e, 0xd4, 0x2e, 0xd4, 0x2f, 0xd4,
    0x2f, 0xd4, 0x2f, 0xd4, 0x4f, 0xd4, 0x4f, 0xd4, 0x4f, 0xd4, 0x4f, 0xd4,
    0x4f, 0xd4, 0x4f, 0xd4, 0x4f, 0xd4, 0x4f, 0xd4, 0x2e, 0xdc, 0x4e, 0xdc,
    0x2e, 0xdc, 0xed, 0xe3, 0xed, 0xe3, 0x0d, 0xe4, 0xed, 0xe3, 0x0d, 0xe4,
    0x0d, 0xe4, 0x0d, 0xe4, 0x4e, 0xec, 0x8e, 0xec, 0x6e, 0xe4, 0x6e, 0xec,
    0x6e, 0xe4, 0x4e, 0xec, 0x6e, 0xe4, 0xcd, 0xc3, 0x09, 0x52, 0xc9, 0x41,
    0xa8, 0x29, 0xa8, 0x29, 0xa9, 0x29, 0xa9, 0x29, 0xa9, 0x21, 0xa9, 0x29,
    0xa9, 0x29, 0xa9, 0x21, 0xa9, 0x21, 0xa9, 0x29, 0xa9, 0x29, 0xa9, 0x21,
    0xa9, 0x21, 0xa9, 0x29, 0xa9, 0x21, 0xa9, 0x29, 0xa9, 0x29, 0xa9, 0x21,
    0xa9, 0x29, 0xa9, 0x29, 0xa9, 0x29, 0xa9, 0x29, 0xa9, 0x21, 0xa9, 0x21,
    0xa9, 0x29, 0xc9, 0x29, 0xc9, 0x29, 0xa9, 0x29, 0xa9, 0x29, 0xa9, 0x29,
    0xc9, 0x31, 0xc9, 0x31, 0xe9, 0x49, 0x29, 0x5a, 0x29, 0x5a, 0x29, 0x5a,
    0x8a, 0x5a, 0x54, 0x8d, 0x74, 0x8d, 0x75, 0x8d, 0x75, 0x8d, 0x74, 0x8d,
    0x74, 0x8d, 0x95, 0x8d, 0x95, 0x85, 0x95, 0x85, 0x95, 0x7d, 0xb6, 0x7d,
    0xb6, 0x7d, 0xb6, 0x7d, 0xb6, 0x7d, 0x95, 0x85, 0xb6, 0x85, 0x96, 0x85,
    0xb5, 0x85, 0x96, 0x7d, 0xb5, 0x85, 0xb5, 0x7d, 0xb6, 0x85, 0x96, 0x85,
    0xb5, 0x7d, 0xb6, 0x85, 0x95, 0x85, 0xb6, 0x85, 0xb5, 0x85, 0x95, 0x85,
    0x95, 0x85, 0x74, 0x8d, 0x53, 0x9d, 0x12, 0xad, 0x12, 0xb5, 0x11, 0xb5,
    0xf1, 0xb4, 0xf1, 0xb4, 0xf1, 0xbc, 0xf1, 0xbc, 0xf0, 0xbc, 0xf1, 0xbc,
    0x12, 0xb5, 0x32, 0xa5, 0x12, 0xb5, 0xf1, 0xb4, 0x53, 0x9d, 0x54, 0x9d,
    0x54, 0x95, 0x74, 0x9d, 0x54, 0x9d, 0x74, 0x95, 0x74, 0x95, 0x75, 0x8d,
    0xb6, 0x85, 0xb6, 0x7d, 0xb5, 0x85, 0x95, 0x85, 0xb6, 0x85, 0xb6, 0x7d,
    0xb5, 0x7d, 0xb6, 0x85, 0xb6, 0x85, 0xb6, 0x7d, 0xb6, 0x7d, 0xb6, 0x7d,
    0xb6, 0x7d, 0xb6, 0x7d, 0xd6, 0x7d, 0xd6, 0x85, 0xd7, 0x7d, 0xf6, 0x7d,
    0xf6, 0x7d, 0xd6, 0x85, 0xb6, 0x7d, 0xb6, 0x7d, 0xd6, 0x85, 0xd6, 0x85,
    0xb6, 0x7d, 0xb6, 0x7d, 0xd6, 0x85, 0xb6, 0x85, 0xd6, 0x7d, 0xb6, 0x85,
    0xb6, 0x85, 0xd6, 0x7d, 0xb6, 0x85, 0xb5, 0x85, 0xb6, 0x85, 0xb5, 0x85,
    0xb6, 0x85, 0xb6, 0x85, 0xb6, 0x85, 0xb6, 0x85, 0xb5, 0x8d, 0xb5, 0x8d,
    0xb6, 0x8d, 0xb6, 0x8d, 0xb6, 0x8d, 0xb5, 0x8d, 0x95, 0x95, 0x95, 0x95,
    0x94, 0x95, 0x94, 0x9d, 0x74, 0x9d, 0x74, 0xa5, 0x53, 0xa5, 0x53, 0xad,
    0x53, 0xb5, 0x32, 0xbd, 0x11, 0xc5, 0x11, 0xcd, 0x11, 0xcd, 0x32, 0xc5,
    0x53, 0xb5, 0x73, 0x9d, 0x75, 0x8d, 0x74, 0x8d, 0x74, 0x8d, 0x74, 0x95,
    0x74, 0x8d, 0x75, 0x8d, 0x95, 0x8d, 0xb6, 0x85, 0xd6, 0x85, 0xd6, 0x85,
    0xf6, 0x85, 0xf6, 0x85, 0xf6, 0x85, 0xf6, 0x85, 0xd6, 0x8d, 0xd6, 0x8d,
    0xd6, 0x8d, 0xb5, 0x8d, 0x74, 0x95, 0x33, 0xa5, 0xf2, 0xac, 0xd2, 0xb4,
    0x12, 0xad, 0x75, 0x95, 0x95, 0x95, 0x95, 0x95, 0x94, 0x95, 0x74, 0x95,
    0x95, 0x95, 0xb6, 0x8d, 0xd6, 0x8d, 0xf6, 0x85, 0xf7, 0x85, 0xf7, 0x85,
    0xf6, 0x85, 0xf7, 0x85, 0x17, 0x7e, 0x37, 0x7e, 0x17, 0x7e, 0x17, 0x7e,
    0xf7, 0x7d, 0x17, 0x7e, 0x17, 0x7e, 0x17, 0x7e, 0x17, 0x7e, 0x17, 0x7e,
    0x17, 0x76, 0x17, 0x7e, 0x38, 0x7e, 0x17, 0x7e, 0x37, 0x7e, 0x17, 0x7e,
    0x38, 0x7e, 0x37, 0x7e, 0x17, 0x7e, 0x37, 0x7e, 0x38, 0x7e, 0x17, 0x86,
    0x95, 0x95, 0x74, 0xa5, 0x32, 0xd5, 0x31, 0xe5, 0x11, 0xe5, 0xf1, 0xe4,
    0xd0, 0xe4, 0xb0, 0xdc, 0xf1, 0xe4, 0xf1, 0xe4, 0x90, 0xdc, 0x90, 0xdc,
    0x8f, 0xdc, 0x90, 0xdc, 0x90, 0xdc, 0x90, 0xdc, 0x90, 0xdc, 0x8f, 0xdc,
    0xb0, 0xdc, 0xd0, 0xe4, 0xd0, 0xe4, 0xf0, 0xec, 0xf1, 0xec, 0xf0, 0xec,
    0xf0, 0xec, 0xf0, 0xec, 0xd0, 0xec, 0xb0, 0xe4, 0xb0, 0xe4, 0xb0, 0xe4,
    0xb0, 0xe4, 0x90, 0xe4, 0xb0, 0xe4, 0xd0, 0xec, 0xf0, 0xec, 0xd0, 0xec,
    0xf0, 0xec, 0xf0, 0xec, 0xf0, 0xec, 0xcf, 0xe4, 0xaf, 0xe4, 0x2e, 0xe4,
    0x0d, 0xe4, 0xed, 0xe3, 0xcd, 0xe3, 0x8c, 0xe3, 0x8b, 0xeb, 0x6b, 0xe3,
    0x6b, 0xeb, 0x6b, 0xe3, 0x6c, 0xeb, 0x6b, 0xeb, 0x6b, 0xeb, 0x6b, 0xeb,
    0x6b, 0xeb, 0x6b, 0xeb, 0x4b, 0xeb, 0x6b, 0xeb, 0x4b, 0xe3, 0x6b, 0xe3,
    0x6b, 0xe3, 0x4b, 0xe3, 0x4b, 0xe3, 0x4b, 0xdb, 0x0e, 0xd4, 0x0e, 0xd4,
    0x2f, 0xd4, 0x2f, 0xdc, 0x0e, 0xd4, 0x2f, 0xd4, 0x2f, 0xd4, 0x2f, 0xdc,
    0x2f, 0xd4, 0x2e, 0xd4, 0x2f, 0xdc, 0x2e, 0xdc, 0x2e, 0xdc, 0x0e, 0xdc,
    0x2f, 0xdc, 0x2e, 0xd4, 0x2f, 0xd4, 0x2f, 0xd4, 0x4f, 0xd4, 0x2f, 0xd4,
    0x4f, 0xd4, 0x4f, 0xd4, 0x2f, 0xdc, 0x2f, 0xdc, 0x4f, 0xd4, 0x4f, 0xd4,
    0x2f, 0xdc, 0x2e, 0xdc, 0x2e, 0xdc, 0x0e, 0xe4, 0x0d, 0xe4, 0xed, 0xe3,
    0x0d, 0xe4, 0x0d, 0xe4, 0x0d, 0xe4, 0x0d, 0xe4, 0x0d, 0xe4, 0x2d, 0xe4,
    0x6e, 0xec, 0x6e, 0xec, 0x6e, 0xec, 0x6d, 0xec, 0x4e, 0xec, 0x4b, 0xa3,
    0xe9, 0x49, 0xc9, 0x39, 0xa9, 0x29, 0xa9, 0x29, 0xa9, 0x21, 0xa9, 0x21,
    0xa9, 0x29, 0xa9, 0x29, 0xa9, 0x29, 0xa9, 0x21, 0xa9, 0x21, 0xa9, 0x29,
    0xa9, 0x21, 0xa9, 0x21, 0xa9, 0x29, 0xa9, 0x21, 0xa9, 0x21, 0xa9, 0x29,
    0xa9, 0x29, 0xa9, 0x29, 0xa9, 0x21, 0xa9, 0x21, 0xa9, 0x21, 0xa9, 0x21,
    0xc9, 0x29, 0xa9, 0x29, 0xa9, 0x21, 0xa9, 0x29, 0xa9, 0x29, 0xc9, 0x29,
    0xa9, 0x29, 0xa9, 0x29, 0xc9, 0x29, 0xc9, 0x31, 0xe9, 0x39, 0x09, 0x52,
    0x29, 0x5a, 0x29, 0x52, 0x51, 0x7c, 0x74, 0x8d, 0x74, 0x8d, 0x54, 0x8d,
    0x54, 0x95, 0x54, 0x95, 0x54, 0x95, 0x54, 0x8d, 0x54, 0x8d, 0x74, 0x8d,
    0x95, 0x85, 0x95, 0x85, 0x95, 0x85, 0x96, 0x85, 0xb6, 0x85, 0xb5, 0x85,
    0xb6, 0x7d, 0xb5, 0x7d, 0xb6, 0x85, 0x96, 0x85, 0xb5, 0x7d, 0xb6, 0x85,
    0x95, 0x85, 0x95, 0x85, 0x96, 0x7d, 0xb5, 0x7d, 0x96, 0x85, 0xb6, 0x7d,
    0xb6, 0x7d, 0xb5, 0x7d, 0x95, 0x85, 0x75, 0x8d, 0x53, 0x9d, 0x33, 0xa5,
    0x32, 0xa5, 0x12, 0xad, 0x32, 0xad, 0x32, 0xad, 0x33, 0xa5, 0x53, 0x9d,
    0x54, 0x95, 0x74, 0x95, 0x54, 0x95, 0x12, 0xad, 0x11, 0xb5, 0xf1, 0xb4,
    0x12, 0xad, 0x12, 0xb5, 0x32, 0xa5, 0x32, 0xa5, 0x12, 0xad, 0x12, 0xb5,
    0x12, 0xad, 0x74, 0x95, 0xb6, 0x7d, 0xb6, 0x85, 0xb5, 0x85, 0x95, 0x85,
    0xb6, 0x85, 0xb6, 0x85, 0xb6, 0x7d, 0xb6, 0x7d, 0xb6, 0x7d, 0xb6, 0x7d,
    0xb6, 0x85, 0xb6, 0x7d, 0xb6, 0x85, 0xd6, 0x7d, 0xf6, 0x7d, 0xd7, 0x85,
    0xd7, 0x7d, 0xf6, 0x7d, 0xf6, 0x85, 0xd6, 0x7d, 0xd6, 0x7d, 0xb6, 0x85,
    0xb6, 0x7d, 0xd6, 0x7d, 0xd6, 0x85, 0xd6, 0x85, 0xb6, 0x7d, 0xb6, 0x85,
    0xb6, 0x7d, 0xd6, 0x85, 0xd6, 0x85, 0xb6, 0x85, 0xb6, 0x85, 0xb6, 0x85,
    0xb6, 0x85, 0xb6, 0x85, 0xb6, 0x85, 0xb5, 0x85, 0xb6, 0x85, 0xb6, 0x8d,
    0xb6, 0x8d, 0xb5, 0x8d, 0xd5, 0x8d, 0xb5, 0x8d, 0xb5, 0x95, 0x95, 0x95,
    0x94, 0x95, 0x94, 0x9d, 0x74, 0x9d, 0x53, 0xa5, 0x53, 0xad, 0x53, 0xad,
    0x52, 0xb5, 0x32, 0xbd, 0x31, 0xc5, 0x12, 0xc5, 0x12, 0xc5, 0x32, 0xc5,
    0x52, 0xbd, 0x53, 0xb5, 0x53, 0xad, 0x74, 0x9d, 0x95, 0x95, 0x95, 0x95,
    0x95, 0x95, 0x95, 0x8d, 0xb5, 0x8d, 0xb6, 0x85, 0xd6, 0x85, 0xf6, 0x85,
    0xf6, 0x85, 0xf7, 0x85, 0xf7, 0x85, 0xf7, 0x85, 0xf6, 0x8d, 0xf6, 0x85,
    0xf6, 0x85, 0xd6, 0x8d, 0xb5, 0x8d, 0x74, 0x9d, 0x13, 0xa5, 0xf2, 0xac,
    0xd1, 0xb4, 0xd1, 0xb4, 0xd1, 0xb4, 0x33, 0xa5, 0x33, 0xa5, 0x12, 0xa5,
    0x74, 0x9d, 0xb6, 0x8d, 0xf6, 0x85, 0xf6, 0x85, 0xf6, 0x85, 0xf7, 0x85,
    0x17, 0x86, 0xf6, 0x85, 0x17, 0x86, 0x17, 0x7e, 0x17, 0x7e, 0x17, 0x7e,
    0x17, 0x7e, 0x17, 0x7e, 0x17, 0x7e, 0x17, 0x7e, 0x17, 0x7e, 0x17, 0x7e,
    0x17, 0x7e, 0x17, 0x76, 0x17, 0x76, 0x18, 0x76, 0x38, 0x7e, 0x38, 0x7e,
    0x37, 0x7e, 0x17, 0x7e, 0x17, 0x7e, 0x37, 0x7e, 0x17, 0x86, 0x17, 0x86,
    0xb5, 0x95, 0x94, 0x95, 0x95, 0x95, 0x73, 0xad, 0x32, 0xdd, 0x32, 0xe5,
    0x11, 0xe5, 0xf1, 0xe4, 0xd1, 0xe4, 0xd0, 0xe4, 0xf1, 0xe4, 0x11, 0xe5,
    0xb0, 0xdc, 0x90, 0xdc, 0x8f, 0xdc, 0x90, 0xdc, 0x8f, 0xdc, 0x90, 0xdc,
    0x90, 0xdc, 0x90, 0xdc, 0x90, 0xdc, 0x90, 0xdc, 0xb0, 0xe4, 0xd0, 0xe4,
    0xd0, 0xe4, 0xf1, 0xec, 0xd0, 0xe4, 0xd0, 0xe4, 0xd0, 0xe4, 0xb0, 0xe4,
    0xb0, 0xe4, 0xb0, 0xe4, 0xb0, 0xe4, 0x90, 0xdc, 0xb0, 0xe4, 0xd0, 0xe4,
    0xcf, 0xe4, 0xd0, 0xe4, 0xcf, 0xe4, 0xd0, 0xec, 0xf0, 0xec, 0xcf, 0xec,
    0xaf, 0xe4, 0x6e, 0xe4, 0x2e, 0xe4, 0xed, 0xe3, 0xcc, 0xe3, 0xac, 0xe3,
    0x8c, 0xeb, 0x8c, 0xeb, 0x6b, 0xeb, 0x6b, 0xeb, 0x6b, 0xeb, 0x6c, 0xeb,
    0x6b, 0xeb, 0x4b, 0xeb, 0x6b, 0xeb, 0x6c, 0xeb, 0x6b, 0xeb, 0x6b, 0xeb,
    0x6c, 0xeb, 0x4c, 0xe3, 0x4c, 0xe3, 0x4b, 0xe3, 0x6c, 0xe3, 0x4b, 0xe3,
    0x0e, 0xd4, 0x0e, 0xd4, 0x0e, 0xd4, 0x0e, 0xd4, 0x2f, 0xdc, 0x2e, 0xd4,
    0x2f, 0xd4, 0x2e, 0xd4, 0x2f, 0xd4, 0x2e, 0xdc, 0x0e, 0xd4, 0x2e, 0xd4,
    0x0e, 0xdc, 0x0e, 0xd4, 0x0e, 0xd4, 0x2e, 0xd4, 0x2f, 0xdc, 0x2f, 0xd4,
    0x4f, 0xd4, 0x4f, 0xd4, 0x2f, 0xd4, 0x4f, 0xd4, 0x4f, 0xd4, 0x4f, 0xdc,
    0x4f, 0xd4, 0x4f, 0xdc, 0x2f, 0xdc, 0x2e, 0xdc, 0x2e, 0xdc, 0x2e, 0xdc,
    0x0d, 0xe4, 0x0d, 0xe4, 0x0d, 0xe4, 0x0d, 0xe4, 0x0d, 0xe4, 0x0d, 0xe4,
    0x0d, 0xe4, 0x0d, 0xe4, 0x0d, 0xe4, 0x2d, 0xe4, 0x6e, 0xe4, 0x6e, 0xec,
    0x4e, 0xe4, 0xca, 0x82, 0x08, 0x4a, 0xc9, 0x39, 0xa9, 0x29, 0xa9, 0x29,
    0x88, 0x21, 0xa9, 0x29, 0xa9, 0x29, 0xa9, 0x29, 0xa9, 0x29, 0xa9, 0x21,
    0xa9, 0x21, 0xa9, 0x29, 0xa9, 0x21, 0xa8, 0x21, 0xa9, 0x29, 0xa9, 0x29,
    0xa9, 0x21, 0xa9, 0x29, 0xa9, 0x29, 0xc9, 0x29, 0xa9, 0x29, 0xa9, 0x29,
    0xa9, 0x21, 0xa9, 0x29, 0xa9, 0x29, 0xc9, 0x29, 0xa9, 0x21, 0xa9, 0x29,
    0xc9, 0x29, 0xa9, 0x29, 0xa9, 0x29, 0xa9, 0x29, 0xc9, 0x29, 0xc9, 0x31,
    0xc9, 0x39, 0xe9, 0x39, 0x29, 0x5a, 0x4c, 0x73, 0x12, 0xa5, 0x13, 0xa5,
    0x33, 0x9d, 0x33, 0x9d, 0x33, 0x9d, 0x53, 0x9d, 0x53, 0x95, 0x33, 0x95,
    0x53, 0x9d, 0x54, 0x9d, 0x54, 0x95, 0x54, 0x95, 0x54, 0x95, 0x54, 0x95,
    0x54, 0x95, 0x74, 0x8d, 0x74, 0x8d, 0x95, 0x8d, 0x95, 0x85, 0x96, 0x85,
    0x96, 0x85, 0x96, 0x85, 0xb5, 0x7d, 0xb6, 0x7d, 0xb6, 0x85, 0xb5, 0x7d,
    0x96, 0x85, 0xb6, 0x7d, 0xb5, 0x7d, 0xb6, 0x85, 0xb6, 0x85, 0x95, 0x85,
    0x74, 0x8d, 0x95, 0x8d, 0x74, 0x95, 0x53, 0x9d, 0x74, 0x95, 0x75, 0x8d,
    0x95, 0x8d, 0x95, 0x85, 0xb6, 0x85, 0x74, 0x95, 0x32, 0xa5, 0xf1, 0xb4,
    0xf1, 0xb4, 0xf1, 0xb4, 0x11, 0xb5, 0x12, 0xad, 0x32, 0xa5, 0x32, 0xad,
    0x11, 0xb5, 0xf1, 0xb4, 0x11, 0xb5, 0x32, 0xad, 0x95, 0x8d, 0x95, 0x85,
    0x95, 0x85, 0xb5, 0x85, 0x95, 0x85, 0xb5, 0x85, 0xb6, 0x85, 0xb6, 0x7d,
    0xb5, 0x7d, 0xb6, 0x7d, 0xb5, 0x7d, 0xb6, 0x7d, 0xd6, 0x7d, 0xd6, 0x85,
    0xf7, 0x7d, 0xf7, 0x85, 0xd6, 0x7d, 0xd6, 0x7d, 0xd7, 0x85, 0xd6, 0x7d,
    0xb6, 0x85, 0xb6, 0x85, 0xb6, 0x7d, 0xb6, 0x7d, 0xb6, 0x85, 0xb6, 0x85,
    0xb6, 0x85, 0xb6, 0x7d, 0xb6, 0x7d, 0xb6, 0x7d, 0xb6, 0x85, 0xb6, 0x85,
    0xb6, 0x85, 0xd5, 0x85, 0xb6, 0x85, 0xb6, 0x85, 0xd6, 0x85, 0xb6, 0x8d,
    0xb5, 0x8d, 0xd5, 0x8d, 0xd6, 0x8d, 0xb6, 0x8d, 0xd6, 0x95, 0xb5, 0x95,
    0xb5, 0x95, 0x95, 0x9d, 0x74, 0x9d, 0x53, 0xad, 0x53, 0xb5, 0x32, 0xbd,
    0x32, 0xc5, 0x31, 0xc5, 0x32, 0xc5, 0x32, 0xbd, 0x32, 0xbd, 0x52, 0xbd,
    0x73, 0xad, 0x94, 0xa5, 0xb5, 0x9d, 0xb5, 0x95, 0xb5, 0x95, 0xb5, 0x95,
    0xd6, 0x95, 0xd6, 0x8d, 0xf6, 0x8d, 0xf6, 0x8d, 0xf7, 0x85, 0xf7, 0x85,
    0xf7, 0x85, 0x17, 0x86, 0x17, 0x86, 0x17, 0x86, 0x17, 0x86, 0x17, 0x8e,
    0xf7, 0x85, 0xf7, 0x85, 0xd6, 0x8d, 0xb5, 0x95, 0x74, 0x9d, 0x54, 0xa5,
    0x12, 0xad, 0xf2, 0xac, 0xd1, 0xb4, 0xd1, 0xb4, 0xf2, 0xac, 0x33, 0xa5,
    0x74, 0x95, 0xb6, 0x8d, 0xf7, 0x85, 0xf7, 0x85, 0xf7, 0x85, 0xf7, 0x85,
    0xf7, 0x85, 0x17, 0x86, 0x17, 0x86, 0x17, 0x7e, 0x17, 0x7e, 0x37, 0x7e,
    0x38, 0x7e, 0x37, 0x7e, 0x17, 0x7e, 0xf7, 0x7d, 0x17, 0x7e, 0x17, 0x7e,
    0x17, 0x7e, 0x17, 0x7e, 0x18, 0x7e, 0x17, 0x7e, 0x17, 0x7e, 0x17, 0x76,
    0x17, 0x76, 0x38, 0x7e, 0x37, 0x7e, 0x17, 0x7e, 0x17, 0x86, 0x17, 0x86,
    0x17, 0x86, 0xf7, 0x85, 0xd6, 0x8d, 0xf6, 0x8d, 0xf6, 0x8d, 0x94, 0xad,
    0x32, 0xdd, 0x31, 0xe5, 0x11, 0xe5, 0x11, 0xe5, 0xd0, 0xe4, 0xd0, 0xe4,
    0xf1, 0xe4, 0xf1, 0xe4, 0xf0, 0xe4, 0x90, 0xdc, 0x90, 0xdc, 0x90, 0xdc,
    0x90, 0xdc, 0x90, 0xdc, 0x90, 0xdc, 0x90, 0xdc, 0xb0, 0xdc, 0x90, 0xdc,
    0x90, 0xdc, 0xb0, 0xe4, 0xd0, 0xe4, 0xd0, 0xe4, 0xd0, 0xe4, 0xd0, 0xe4,
    0xb0, 0xe4, 0xb0, 0xe4, 0xb0, 0xe4, 0xb0, 0xe4, 0xb0, 0xdc, 0xaf, 0xe4,
    0xb0, 0xe4, 0xb0, 0xe4, 0xd0, 0xe4, 0xaf, 0xe4, 0xaf, 0xe4, 0xd0, 0xec,
    0xef, 0xec, 0xef, 0xec, 0xcf, 0xe4, 0x8f, 0xe4, 0x2e, 0xe4, 0x0d, 0xdc,
    0xed, 0xdb, 0xac, 0xe3, 0xac, 0xe3, 0x8c, 0xeb, 0x8c, 0xeb, 0x8c, 0xe3,
    0x6b, 0xeb, 0x6b, 0xeb, 0x6c, 0xeb, 0x6b, 0xeb, 0x6b, 0xeb, 0x6b, 0xeb,
    0x4b, 0xeb, 0x6b, 0xeb, 0x6b, 0xeb, 0x6c, 0xe3, 0x6c, 0xe3, 0x6c, 0xe3,
    0x6b, 0xe3, 0x6c, 0xe3, 0x0e, 0xdc, 0x0e, 0xdc, 0x0e, 0xdc, 0x2e, 0xd4,
    0x2f, 0xd4, 0x2e, 0xdc, 0x2e, 0xd4, 0x2f, 0xd4, 0x2f, 0xd4, 0x2e, 0xdc,
    0x2e, 0xdc, 0x2e, 0xdc, 0x0e, 0xd4, 0x0e, 0xdc, 0x0e, 0xdc, 0x2e, 0xdc,
    0x2f, 0xd4, 0x2f, 0xd4, 0x2f, 0xd4, 0x4f, 0xd4, 0x4f, 0xd4, 0x4f, 0xd4,
    0x4f, 0xd4, 0x4f, 0xd4, 0x4f, 0xd4, 0x4f, 0xd4, 0x4f, 0xdc, 0x2e, 0xdc,
    0x2e, 0xdc, 0x2e, 0xdc, 0x0d, 0xe4, 0x0d, 0xe4, 0x0d, 0xe4, 0x0d, 0xe4,
    0x0d, 0xe4, 0x0d, 0xe4, 0x0d, 0xe4, 0x0d, 0xe4, 0x0d, 0xe4, 0x0d, 0xe4,
    0x2d, 0xe4, 0x4e, 0xe4, 0x0d, 0xd4, 0x69, 0x6a, 0x09, 0x4a, 0xe9, 0x41,
    0xa9, 0x29, 0xa9, 0x29, 0xa9, 0x21, 0xa9, 0x29, 0x89, 0x29, 0xa9, 0x29,
    0xa9, 0x29, 0xa8, 0x21, 0xa8, 0x29, 0xa9, 0x29, 0xa9, 0x21, 0xa9, 0x21,
    0xa8, 0x29, 0xa9, 0x29, 0xa9, 0x21, 0xa9, 0x29, 0xa9, 0x29, 0xa9, 0x21,
    0xa9, 0x29, 0xc9, 0x21, 0xa9, 0x29, 0xc9, 0x29, 0xa9, 0x29, 0xa9, 0x21,
    0xa9, 0x29, 0xa9, 0x29, 0xc9, 0x29, 0xa9, 0x29, 0xa9, 0x21, 0xa9, 0x29,
    0xc9, 0x29, 0xc9, 0x31, 0xe9, 0x39, 0xe9, 0x39, 0x09, 0x52, 0xcb, 0x72,
    0xd0, 0xbc, 0xd0, 0xbc, 0xd0, 0xbc, 0xd1, 0xb4, 0xd1, 0xb4, 0xd0, 0xbc,
    0xd1, 0xb4, 0xf1, 0xb4, 0x33, 0x9d, 0x74, 0x8d, 0x75, 0x8d, 0x95, 0x85,
    0x95, 0x85, 0x95, 0x85, 0xb5, 0x7d, 0x95, 0x7d, 0xb6, 0x85, 0xb6, 0x85,
    0xb6, 0x7d, 0xb5, 0x7d, 0xb6, 0x7d, 0xb6, 0x85, 0xb6, 0x7d, 0xb6, 0x7d,
    0xb6, 0x85, 0xb6, 0x7d, 0xb6, 0x7d, 0xb6, 0x7d, 0xb5, 0x85, 0x95, 0x7d,
    0xb6, 0x7d, 0x95, 0x85, 0xb5, 0x7d, 0xb6, 0x85, 0x95, 0x85, 0x95, 0x8d,
    0x95, 0x85, 0xb6, 0x85, 0xb6, 0x85, 0xb6, 0x85, 0xb6, 0x85, 0x54, 0x9d,
    0x12, 0xad, 0x11, 0xb5, 0xf1, 0xbc, 0x12, 0xb5, 0x12, 0xb5, 0x33, 0xa5,
    0x33, 0xa5, 0x12, 0xad, 0xf1, 0xbc, 0xf1, 0xb4, 0x12, 0xad, 0x74, 0x95,
    0x95, 0x8d, 0x95, 0x85, 0x96, 0x85, 0xb5, 0x8d, 0x95, 0x85, 0xb6, 0x85,
    0xb6, 0x7d, 0xb6, 0x85, 0xb6, 0x85, 0xb6, 0x7d, 0xb6, 0x7d, 0xb6, 0x7d,
    0xd6, 0x7d, 0xf7, 0x85, 0xd7, 0x85, 0xf6, 0x7d, 0xf7, 0x85, 0xd7, 0x7d,
    0xd6, 0x7d, 0xd6, 0x7d, 0xd6, 0x85, 0xb6, 0x85, 0xb6, 0x7d, 0xd6, 0x85,
    0xd6, 0x85, 0xd5, 0x7d, 0xb6, 0x7d, 0xb6, 0x85, 0xb5, 0x85, 0xb6, 0x7d,
    0xb6, 0x7d, 0xd6, 0x85, 0xd6, 0x85, 0xd6, 0x85, 0xb6, 0x7d, 0xd6, 0x85,
    0xb5, 0x85, 0xb5, 0x8d, 0xb5, 0x8d, 0xd6, 0x95, 0xd5, 0x95, 0xb5, 0x95,
    0xb5, 0x95, 0xb5, 0x95, 0x74, 0xa5, 0x32, 0xb5, 0x32, 0xc5, 0x12, 0xc5,
    0x32, 0xbd, 0x52, 0xb5, 0x53, 0xad, 0x74, 0xa5, 0x74, 0x9d, 0x94, 0x9d,
    0x95, 0x95, 0xb5, 0x95, 0xd6, 0x8d, 0xf6, 0x8d, 0xf6, 0x8d, 0xf6, 0x8d,
    0xf6, 0x8d, 0xf6, 0x8d, 0xf6, 0x8d, 0x16, 0x8e, 0x17, 0x86, 0x17, 0x86,
    0x17, 0x86, 0x17, 0x86, 0x17, 0x86, 0x17, 0x86, 0x17, 0x86, 0x17, 0x86,
    0x17, 0x86, 0x17, 0x8e, 0xf6, 0x8d, 0xd6, 0x8d, 0xb6, 0x95, 0xd6, 0x8d,
    0xb6, 0x8d, 0xd6, 0x8d, 0xd6, 0x8d, 0xd6, 0x8d, 0xd6, 0x8d, 0xd6, 0x85,
    0xf7, 0x7d, 0xf7, 0x7d, 0xf7, 0x7d, 0x17, 0x7e, 0x17, 0x86, 0x17, 0x7e,
    0x17, 0x86, 0xf7, 0x85, 0x17, 0x86, 0x17, 0x7e, 0x17, 0x7e, 0x17, 0x7e,
    0x17, 0x7e, 0x37, 0x7e, 0x18, 0x7e, 0x17, 0x86, 0xf7, 0x85, 0xf7, 0x7d,
    0x17, 0x7e, 0x17, 0x7e, 0x17, 0x7e, 0x18, 0x7e, 0x17, 0x7e, 0x17, 0x7e,
    0x38, 0x7e, 0x38, 0x76, 0x17, 0x7e, 0x38, 0x76, 0x37, 0x7e, 0x37, 0x7e,
    0x17, 0x7e, 0x17, 0x86, 0xf7, 0x85, 0xf6, 0x85, 0xf6, 0x85, 0xf6, 0x85,
    0xf6, 0x85, 0x94, 0xad, 0x52, 0xdd, 0x31, 0xe5, 0x11, 0xe5, 0x11, 0xe5,
    0xd0, 0xdc, 0xf1, 0xe4, 0xf1, 0xe4, 0xf0, 0xe4, 0x11, 0xe5, 0xb0, 0xdc,
    0x90, 0xdc, 0x90, 0xdc, 0xb0, 0xdc, 0x90, 0xdc, 0x90, 0xdc, 0xb0, 0xdc,
    0xaf, 0xdc, 0xb0, 0xdc, 0xb0, 0xdc, 0x90, 0xdc, 0xb0, 0xdc, 0xb0, 0xe4,
    0xb0, 0xe4, 0xb0, 0xe4, 0xb0, 0xe4, 0xb0, 0xe4, 0xb0, 0xe4, 0xb0, 0xe4,
    0xb0, 0xe4, 0xb0, 0xe4, 0xb0, 0xe4, 0xb0, 0xe4, 0xd0, 0xec, 0xd0, 0xe4,
    0xb0, 0xe4, 0xaf, 0xe4, 0xf0, 0xec, 0xf0, 0xec, 0xef, 0xec, 0xaf, 0xe4,
    0x6e, 0xe4, 0x2d, 0xe4, 0x0d, 0xe4, 0xcc, 0xe3, 0xac, 0xe3, 0xac, 0xe3,
    0x8c, 0xeb, 0x8c, 0xe3, 0x8c, 0xe3, 0x8b, 0xeb, 0x6b, 0xeb, 0x6c, 0xeb,
    0x6b, 0xeb, 0x6b, 0xeb, 0x6c, 0xeb, 0x6b, 0xeb, 0x6b, 0xeb, 0x6b, 0xe3,
    0x6b, 0xe3, 0x6b, 0xe3, 0x4b, 0xe3, 0x4b, 0xe3, 0xed, 0xd3, 0xee, 0xdb,
    0xee, 0xdb, 0x0e, 0xd4, 0x0e, 0xd4, 0x2e, 0xd4, 0x2f, 0xd4, 0x2e, 0xdc,
    0x2f, 0xd4, 0x2e, 0xd4, 0x2e, 0xdc, 0x2e, 0xdc, 0x2e, 0xdc, 0x0e, 0xdc,
    0x0e, 0xdc, 0x0e, 0xdc, 0x2e, 0xd4, 0x4f, 0xd4, 0x2f, 0xd4, 0x2f, 0xd4,
    0x2f, 0xd4, 0x2f, 0xdc, 0x4f, 0xdc, 0x2f, 0xdc, 0x2f, 0xd4, 0x4f, 0xdc,
    0x4f, 0xdc, 0x2e, 0xdc, 0x2e, 0xdc, 0x2e, 0xe4, 0x0d, 0xe4, 0x0d, 0xe4,
    0x0d, 0xe4, 0x0d, 0xe4, 0x0d, 0xe4, 0x0d, 0xe4, 0x0d, 0xe4, 0x0d, 0xe4,
    0x0d, 0xe4, 0x0d, 0xe4, 0x0d, 0xe4, 0x0d, 0xe4, 0x8a, 0x72, 0x29, 0x52,
    0xe9, 0x49, 0xe9, 0x49, 0xa8, 0x29, 0xa9, 0x29, 0xa9, 0x21, 0x89, 0x29,
    0xa9, 0x29, 0xa9, 0x21, 0xa9, 0x29, 0xa9, 0x29, 0xa9, 0x21, 0xa9, 0x29,
    0xa9, 0x29, 0xa9, 0x21, 0xa9, 0x29, 0xa9, 0x29, 0xa9, 0x21, 0xa9, 0x29,
    0xc9, 0x29, 0xa9, 0x29, 0xa9, 0x21, 0xa9, 0x29, 0xc9, 0x29, 0xc9, 0x29,
    0xa9, 0x29, 0xa9, 0x29, 0xa9, 0x21, 0xa9, 0x29, 0xa9, 0x29, 0xc9, 0x29,
    0xa9, 0x29, 0xa9, 0x29, 0xa9, 0x29, 0xc9, 0x31, 0xc9, 0x39, 0xe9, 0x39,
    0x09, 0x4a, 0x49, 0x5a, 0x90, 0xb4, 0xb0, 0xbc, 0xd0, 0xbc, 0xd1, 0xbc,
    0xd1, 0xb4, 0xd1, 0xb4, 0xf1, 0xb4, 0x12, 0xad, 0x54, 0x95, 0x95, 0x85,
    0x95, 0x7d, 0xb5, 0x7d, 0xb6, 0x7d, 0xb6, 0x7d, 0xb6, 0x7d, 0xb6, 0x7d,
    0xb5, 0x7d, 0xb6, 0x7d, 0xb6, 0x85, 0xb6, 0x7d, 0xb5, 0x7d, 0xb6, 0x7d,
    0xb6, 0x85, 0xb5, 0x7d, 0xb6, 0x7d, 0xb6, 0x7d, 0xb5, 0x7d, 0xb5, 0x7d,
    0xb6, 0x7d, 0xb6, 0x7d, 0xb5, 0x85, 0x95, 0x85, 0x95, 0x85, 0xb5, 0x7d,
    0x96, 0x85, 0x95, 0x85, 0x95, 0x8d, 0xb6, 0x85, 0xb5, 0x85, 0xb5, 0x7d,
    0xb6, 0x7d, 0xb5, 0x85, 0x33, 0xa5, 0x11, 0xb5, 0xf1, 0xb4, 0x11, 0xb5,
    0x32, 0xa5, 0x33, 0xa5, 0x33, 0xa5, 0x32, 0xad, 0x33, 0xa5, 0x74, 0x95,
    0x75, 0x8d, 0x95, 0x8d, 0x95, 0x8d, 0xb5, 0x85, 0xb6, 0x8d, 0x96, 0x85,
    0xb6, 0x85, 0xb6, 0x85, 0xb6, 0x85, 0xb5, 0x85, 0xb6, 0x7d, 0xb6, 0x7d,
    0xb6, 0x85, 0xd6, 0x7d, 0xf6, 0x85, 0xf7, 0x7d, 0xf7, 0x7d, 0xf7, 0x85,
    0xf7, 0x85, 0xf7, 0x85, 0xd6, 0x7d, 0xb6, 0x7d, 0xd6, 0x85, 0xd6, 0x85,
    0xb6, 0x7d, 0xb6, 0x85, 0xd6, 0x85, 0xb6, 0x7d, 0xd6, 0x85, 0xb6, 0x85,
    0xd6, 0x7d, 0xb6, 0x85, 0xd6, 0x85, 0xd6, 0x85, 0xd6, 0x85, 0xd6, 0x7d,
    0xd6, 0x85, 0xd6, 0x85, 0xb5, 0x8d, 0xb5, 0x8d, 0xd6, 0x95, 0xb5, 0x95,
    0xb5, 0x95, 0xb5, 0x9d, 0x94, 0xa5, 0x53, 0xb5, 0x32, 0xbd, 0x32, 0xbd,
    0x52, 0xb5, 0x73, 0xa5, 0x94, 0x9d, 0x95, 0x8d, 0xb5, 0x8d, 0xb5, 0x8d,
    0xb5, 0x8d, 0xb5, 0x8d, 0xd6, 0x8d, 0xd6, 0x85, 0x17, 0x8e, 0xd6, 0x8d,
    0xf6, 0x8d, 0xf7, 0x8d, 0xf6, 0x8d, 0x17, 0x8e, 0x17, 0x8e, 0x17, 0x86,
    0x17, 0x86, 0x17, 0x86, 0x17, 0x86, 0x17, 0x86, 0x17, 0x86, 0x37, 0x86,
    0x37, 0x86, 0x37, 0x86, 0x17, 0x86, 0xf6, 0x85, 0xf6, 0x8d, 0xf6, 0x8d,
    0x16, 0x86, 0x17, 0x86, 0x17, 0x7e, 0x17, 0x86, 0x17, 0x7e, 0x17, 0x7e,
    0x17, 0x7e, 0x17, 0x7e, 0xf7, 0x7d, 0xf6, 0x85, 0xf7, 0x7d, 0xf7, 0x7d,
    0xf6, 0x7d, 0xf7, 0x7d, 0x17, 0x7e, 0x17, 0x7e, 0x17, 0x7e, 0x17, 0x86,
    0x17, 0x7e, 0x17, 0x86, 0x18, 0x86, 0x37, 0x7e, 0x17, 0x7e, 0x17, 0x7e,
    0xf7, 0x7d, 0xf7, 0x7d, 0x17, 0x7e, 0x17, 0x7e, 0x17, 0x7e, 0x37, 0x7e,
    0x17, 0x7e, 0x17, 0x76, 0x17, 0x7e, 0x38, 0x7e, 0x18, 0x76, 0x37, 0x76,
    0x38, 0x7e, 0x38, 0x7e, 0x17, 0x7e, 0x17, 0x7e, 0x17, 0x86, 0xf6, 0x85,
    0xf6, 0x85, 0xf6, 0x8d, 0xf6, 0x85, 0xb5, 0xa5, 0x32, 0xdd, 0x32, 0xe5,
    0x31, 0xe5, 0x11, 0xe5, 0xf1, 0xe4, 0xf1, 0xe4, 0xf1, 0xe4, 0xf1, 0xe4,
    0xf1, 0xe4, 0xf1, 0xe4, 0xd0, 0xdc, 0xb0, 0xdc, 0xb0, 0xdc, 0xb0, 0xdc,
    0x90, 0xdc, 0x90, 0xdc, 0xb0, 0xdc, 0x90, 0xdc, 0x90, 0xdc, 0x8f, 0xdc,
    0x90, 0xdc, 0x90, 0xdc, 0x90, 0xdc, 0xb0, 0xdc, 0xb0, 0xe4, 0xb0, 0xe4,
    0xb0, 0xe4, 0xb0, 0xdc, 0x90, 0xe4, 0xb0, 0xe4, 0xb0, 0xdc, 0xb0, 0xe4,
    0xcf, 0xe4, 0xd0, 0xec, 0xb0, 0xe4, 0xb0, 0xe4, 0xcf, 0xe4, 0xd0, 0xe4,
    0xd0, 0xe4, 0xaf, 0xe4, 0x8e, 0xe4, 0x6e, 0xe4, 0x0d, 0xdc, 0xed, 0xe3,
    0xed, 0xe3, 0xcc, 0xe3, 0xac, 0xe3, 0xac, 0xeb, 0x8c, 0xeb, 0x8c, 0xeb,
    0x6b, 0xeb, 0x6c, 0xeb, 0x6b, 0xeb, 0x6c, 0xeb, 0x6b, 0xeb, 0x6c, 0xeb,
    0x4b, 0xeb, 0x6b, 0xeb, 0x4c, 0xeb, 0x6b, 0xeb, 0x4b, 0xeb, 0x6c, 0xeb,
    0xcd, 0xdb, 0xcd, 0xdb, 0xed, 0xdb, 0xee, 0xdb, 0x0e, 0xdc, 0x0e, 0xd4,
    0x2e, 0xd4, 0x2f, 0xdc, 0x2e, 0xd4, 0x4f, 0xd4, 0x2e, 0xdc, 0x2e, 0xdc,
    0x0e, 0xdc, 0x0e, 0xdc, 0xed, 0xdb, 0x0e, 0xdc, 0x0e, 0xdc, 0x4f, 0xd4,
    0x2f, 0xd4, 0x4f, 0xdc, 0x4f, 0xd4, 0x2e, 0xd4, 0x4f, 0xdc, 0x4f, 0xd4,
    0x4f, 0xd4, 0x4f, 0xdc, 0x4f, 0xd4, 0x4e, 0xdc, 0x2e, 0xdc, 0x2e, 0xdc,
    0x0d, 0xe4, 0x0d, 0xe4, 0x0d, 0xe4, 0x0d, 0xe4, 0x0d, 0xe4, 0x0d, 0xe4,
    0x0d, 0xe4, 0x0d, 0xe4, 0x0d, 0xe4, 0x0d, 0xe4, 0x0d, 0xe4, 0xed, 0xdb,
    0x8c, 0xbb, 0x2b, 0xa3, 0x09, 0x4a, 0xe9, 0x49, 0xc9, 0x31, 0xa8, 0x29,
    0xa9, 0x29, 0xa9, 0x29, 0xa9, 0x21, 0xa9, 0x29, 0xa9, 0x29, 0xa9, 0x29,
    0xa9, 0x21, 0xa9, 0x29, 0xa9, 0x29, 0xa9, 0x21, 0xa9, 0x29, 0xa9, 0x29,
    0xa9, 0x29, 0xa9, 0x29, 0xc9, 0x29, 0xc9, 0x29, 0xa9, 0x29, 0xa9, 0x21,
    0xc9, 0x29, 0xe9, 0x39, 0xe9, 0x39, 0xa9, 0x29, 0xa9, 0x21, 0xa9, 0x29,
    0xa9, 0x29, 0xc9, 0x29, 0xa9, 0x29, 0xa9, 0x29, 0xa9, 0x29, 0xc9, 0x29,
    0xc9, 0x39, 0xe9, 0x39, 0x09, 0x4a, 0x29, 0x5a, 0x4f, 0xac, 0xb0, 0xbc,
    0xb0, 0xbc, 0xd1, 0xb4, 0xf2, 0xac, 0x12, 0xad, 0x74, 0x95, 0x95, 0x85,
    0xb6, 0x7d, 0xb6, 0x7d, 0xb6, 0x7d, 0xb5, 0x7d, 0xb6, 0x7d, 0xb5, 0x7d,
    0x96, 0x7d, 0xb6, 0x7d, 0x95, 0x7d, 0xb6, 0x7d, 0xb6, 0x7d, 0xb6, 0x85,
    0xb5, 0x7d, 0xb6, 0x85, 0xb6, 0x7d, 0xb6, 0x7d, 0xb6, 0x7d, 0xb6, 0x7d,
    0xb6, 0x7d, 0xb6, 0x7d, 0xb6, 0x7d, 0xb6, 0x7d, 0xb5, 0x7d, 0xb6, 0x85,
    0xb6, 0x85, 0x95, 0x85, 0xb5, 0x85, 0xb6, 0x85, 0x95, 0x85, 0x95, 0x85,
    0x95, 0x85, 0x95, 0x85, 0x95, 0x85, 0x96, 0x85, 0x53, 0x9d, 0x12, 0xb5,
    0x12, 0xb5, 0x33, 0xa5, 0x74, 0x95, 0x74, 0x95, 0x74, 0x95, 0x74, 0x95,
    0x74, 0x8d, 0x95, 0x8d, 0x95, 0x8d, 0x95, 0x8d, 0xb5, 0x85, 0x95, 0x85,
    0x95, 0x85, 0xb5, 0x85, 0xb5, 0x85, 0xb5, 0x85, 0xb6, 0x7d, 0xb6, 0x85,
    0xb5, 0x7d, 0xb6, 0x7d, 0xd6, 0x7d, 0xd6, 0x7d, 0xf7, 0x85, 0xf7, 0x7d,
    0xf7, 0x7d, 0xf6, 0x7d, 0xf7, 0x85, 0xd6, 0x85, 0xf6, 0x7d, 0xd6, 0x85,
    0xb6, 0x85, 0xb6, 0x7d, 0xd6, 0x85, 0xb6, 0x85, 0xb6, 0x7d, 0xd6, 0x85,
    0xd6, 0x85, 0xb6, 0x7d, 0xb6, 0x7d, 0xd6, 0x85, 0xd6, 0x85, 0xd6, 0x7d,
    0xd6, 0x85, 0xb6, 0x85, 0xd6, 0x85, 0xd6, 0x85, 0xb5, 0x8d, 0xd6, 0x95,
    0xd5, 0x95, 0xb5, 0x9d, 0x94, 0xa5, 0x73, 0xad, 0x73, 0xad, 0x74, 0xad,
    0x74, 0xad, 0x94, 0x9d, 0x95, 0x8d, 0xb6, 0x8d, 0xb6, 0x85, 0xb5, 0x8d,
    0xb6, 0x85, 0xb6, 0x85, 0xd6, 0x85, 0xd6, 0x85, 0xd6, 0x8d, 0xf6, 0x8d,
    0xf7, 0x85, 0x17, 0x8e, 0xf7, 0x8d, 0x16, 0x8e, 0x17, 0x8e, 0x17, 0x8e,
    0x17, 0x8e, 0x17, 0x86, 0x17, 0x86, 0x17, 0x86, 0x37, 0x86, 0x37, 0x86,
    0x37, 0x86, 0x38, 0x86, 0x37, 0x86, 0x38, 0x86, 0x37, 0x7e, 0x37, 0x86,
    0x37, 0x86, 0x17, 0x7e, 0x37, 0x7e, 0x17, 0x86, 0x17, 0x7e, 0x17, 0x86,
    0x17, 0x86, 0x17, 0x7e, 0x17, 0x7e, 0x17, 0x7e, 0xf7, 0x85, 0xf6, 0x7d,
    0xf7, 0x7d, 0xf7, 0x7d, 0xf6, 0x7d, 0xf7, 0x7d, 0x17, 0x7e, 0xf7, 0x7d,
    0xf7, 0x7d, 0x17, 0x7e, 0x17, 0x7e, 0x18, 0x7e, 0x18, 0x7e, 0x37, 0x7e,
    0x37, 0x7e, 0xf7, 0x7d, 0xf7, 0x85, 0x17, 0x7e, 0x17, 0x7e, 0x17, 0x7e,
    0x18, 0x7e, 0x17, 0x7e, 0x38, 0x7e, 0x17, 0x7e, 0x37, 0x7e, 0x18, 0x7e,
    0x17, 0x76, 0x37, 0x7e, 0x38, 0x7e, 0x18, 0x7e, 0x37, 0x7e, 0x17, 0x7e,
    0x17, 0x86, 0x17, 0x86, 0x17, 0x86, 0x17, 0x86, 0x17, 0x86, 0xd6, 0x9d,
    0x53, 0xd5, 0x31, 0xe5, 0x31, 0xe5, 0x11, 0xe5, 0x11, 0xe5, 0xf1, 0xe4,
    0xf1, 0xe4, 0xf0, 0xe4, 0xf1, 0xe4, 0xf1, 0xe4, 0xf0, 0xe4, 0xd0, 0xe4,
    0xb0, 0xdc, 0x90, 0xdc, 0x90, 0xdc, 0x90, 0xdc, 0xb0, 0xdc, 0x90, 0xdc,
    0xb0, 0xdc, 0xaf, 0xe4, 0x90, 0xdc, 0x90, 0xdc, 0x90, 0xdc, 0x90, 0xdc,
    0x90, 0xdc, 0x90, 0xdc, 0x90, 0xe4, 0x90, 0xdc, 0xb0, 0xe4, 0xb0, 0xe4,
    0x90, 0xe4, 0xb0, 0xe4, 0xb0, 0xe4, 0xcf, 0xe4, 0xd0, 0xe4, 0xaf, 0xe4,
    0xaf, 0xe4, 0xaf, 0xe4, 0xb0, 0xe4, 0xaf, 0xe4, 0x8f, 0xe4, 0x6e, 0xe4,
    0x2e, 0xdc, 0x0d, 0xe4, 0x0d, 0xe4, 0xed, 0xe3, 0xcc, 0xe3, 0xac, 0xeb,
    0xac, 0xeb, 0x8c, 0xeb, 0x8c, 0xeb, 0x8b, 0xeb, 0x6c, 0xeb, 0x6b, 0xeb,
    0x6b, 0xeb, 0x6b, 0xeb, 0x6b, 0xeb, 0x6b, 0xeb, 0x6c, 0xeb, 0x6c, 0xeb,
    0x6b, 0xeb, 0x6b, 0xeb, 0xed, 0xdb, 0xcd, 0xdb, 0xcd, 0xdb, 0xed, 0xdb,
    0xed, 0xdb, 0x0e, 0xdc, 0x2e, 0xd4, 0x2e, 0xd4, 0x2f, 0xdc, 0x4f, 0xd4,
    0x2e, 0xdc, 0x2e, 0xd4, 0x0e, 0xdc, 0x0e, 0xdc, 0xcd, 0xdb, 0xed, 0xdb,
    0x2f, 0xd4, 0x2f, 0xdc, 0x4e, 0xd4, 0x2f, 0xd4, 0x2f, 0xdc, 0x2e, 0xd4,
    0x2f, 0xd4, 0x4f, 0xd4, 0x4f, 0xdc, 0x4f, 0xd4, 0x4f, 0xdc, 0x4f, 0xd4,
    0x2e, 0xdc, 0x2e, 0xe4, 0x0d, 0xe4, 0x0d, 0xe4, 0x0d, 0xe4, 0x0d, 0xe4,
    0x0d, 0xe4, 0x0d, 0xe4, 0x0d, 0xe4, 0x0d, 0xe4, 0x0d, 0xe4, 0x0d, 0xe4,
    0x0d, 0xe4, 0x0d, 0xe4, 0x2d, 0xe4, 0x8c, 0xbb, 0x29, 0x5a, 0x29, 0x52,
    0xe9, 0x41, 0xa9, 0x29, 0xa9, 0x29, 0xa8, 0x29, 0xa9, 0x29, 0xa8, 0x29,
    0xa9, 0x29, 0xa9, 0x21, 0xa8, 0x29, 0xa9, 0x21, 0xa9, 0x29, 0xa8, 0x21,
    0xa9, 0x29, 0xa9, 0x29, 0xc9, 0x29, 0xc9, 0x29, 0xa9, 0x29, 0xc9, 0x29,
    0xc9, 0x21, 0xc9, 0x29, 0xc9, 0x31, 0xe9, 0x39, 0xe9, 0x41, 0xa9, 0x21,
    0xa9, 0x21, 0xc9, 0x21, 0xa9, 0x29, 0xa9, 0x29, 0xc9, 0x21, 0xa9, 0x29,
    0xa9, 0x29, 0xc9, 0x29, 0xe9, 0x39, 0xe9, 0x41, 0x09, 0x52, 0x49, 0x62,
    0x4e, 0xbc, 0x6f, 0xcc, 0x8f, 0xc4, 0x12, 0xa5, 0x33, 0xa5, 0x32, 0xa5,
    0x74, 0x95, 0x95, 0x85, 0xb5, 0x7d, 0xb6, 0x7d, 0xb6, 0x7d, 0x95, 0x85,
    0x95, 0x85, 0xb5, 0x85, 0xb6, 0x7d, 0xb5, 0x7d, 0xb6, 0x7d, 0xb6, 0x7d,
    0xb6, 0x7d, 0xb5, 0x7d, 0xb6, 0x85, 0xb6, 0x7d, 0xb6, 0x7d, 0xb6, 0x7d,
    0xb6, 0x7d, 0xb6, 0x7d, 0xb5, 0x7d, 0xb6, 0x7d, 0xb6, 0x7d, 0xb6, 0x7d,
    0xb6, 0x7d, 0xb6, 0x7d, 0xb6, 0x7d, 0xb5, 0x85, 0xb6, 0x85, 0x95, 0x85,
    0x95, 0x85, 0xb5, 0x85, 0x95, 0x85, 0x95, 0x85, 0x95, 0x85, 0x95, 0x85,
    0x74, 0x95, 0x12, 0xad, 0x12, 0xad, 0x74, 0x95, 0x94, 0x8d, 0x74, 0x95,
    0x95, 0x8d, 0x95, 0x8d, 0xb5, 0x85, 0xb6, 0x85, 0xb5, 0x8d, 0x95, 0x8d,
    0xb5, 0x85, 0xb6, 0x85, 0xb6, 0x85, 0xb6, 0x85, 0xb5, 0x85, 0xb6, 0x85,
    0xb6, 0x85, 0xb6, 0x85, 0xb6, 0x85, 0xb6, 0x7d, 0xb6, 0x7d, 0xf6, 0x85,
    0xf7, 0x7d, 0xf7, 0x85, 0xf6, 0x7d, 0xf7, 0x7d, 0xf7, 0x85, 0xf7, 0x7d,
    0xd7, 0x7d, 0xd6, 0x85, 0xb6, 0x85, 0xd6, 0x7d, 0xd6, 0x85, 0xb6, 0x7d,
    0xd6, 0x85, 0xb6, 0x85, 0xd6, 0x7d, 0xd6, 0x85, 0xb6, 0x85, 0xd6, 0x7d,
    0xd6, 0x85, 0xd6, 0x7d, 0xf7, 0x85, 0xf7, 0x7d, 0xd6, 0x7d, 0xd6, 0x85,
    0xd6, 0x8d, 0xd6, 0x8d, 0xd5, 0x95, 0x53, 0xad, 0x32, 0xbd, 0x32, 0xb5,
    0x33, 0xb5, 0x53, 0xad, 0xb5, 0x95, 0xd6, 0x85, 0xd6, 0x85, 0xb6, 0x8d,
    0xb6, 0x85, 0xb6, 0x85, 0xb6, 0x85, 0xd6, 0x85, 0xd6, 0x85, 0xd6, 0x85,
    0xf6, 0x8d, 0xf7, 0x85, 0x17, 0x86, 0x17, 0x86, 0x17, 0x8e, 0x17, 0x8e,
    0x17, 0x8e, 0x17, 0x86, 0x17, 0x8e, 0x37, 0x86, 0x37, 0x86, 0x37, 0x8e,
    0x38, 0x86, 0x38, 0x86, 0x37, 0x86, 0x37, 0x86, 0x38, 0x7e, 0x38, 0x7e,
    0x38, 0x7e, 0x37, 0x7e, 0x18, 0x86, 0x38, 0x7e, 0x17, 0x86, 0x17, 0x86,
    0x37, 0x7e, 0x17, 0x7e, 0x17, 0x86, 0x17, 0x86, 0x17, 0x7e, 0x17, 0x7e,
    0xf7, 0x7d, 0xf7, 0x85, 0x17, 0x7e, 0xf6, 0x7d, 0xf7, 0x85, 0xf6, 0x7d,
    0xf7, 0x7d, 0xf7, 0x7d, 0x17, 0x7e, 0x17, 0x7e, 0x17, 0x7e, 0x17, 0x7e,
    0x17, 0x7e, 0x18, 0x7e, 0x17, 0x7e, 0x17, 0x7e, 0x17, 0x86, 0x17, 0x7e,
    0x17, 0x7e, 0x17, 0x7e, 0x17, 0x7e, 0x17, 0x7e, 0x17, 0x7e, 0x18, 0x7e,
    0x37, 0x7e, 0x38, 0x7e, 0x17, 0x76, 0x18, 0x76, 0x17, 0x7e, 0x37, 0x7e,
    0x38, 0x76, 0x38, 0x7e, 0x37, 0x7e, 0x38, 0x7e, 0x17, 0x86, 0x17, 0x86,
    0xf6, 0x85, 0xf6, 0x8d, 0x73, 0xc5, 0x32, 0xe5, 0x12, 0xe5, 0x31, 0xe5,
    0x11, 0xe5, 0x11, 0xe5, 0xf1, 0xe4, 0x11, 0xe5, 0xf0, 0xe4, 0xf1, 0xe4,
    0xf0, 0xe4, 0xd0, 0xdc, 0xd0, 0xe4, 0xd0, 0xe4, 0xb0, 0xe4, 0xaf, 0xe4,
    0xb0, 0xe4, 0xb0, 0xdc, 0xaf, 0xe4, 0x8f, 0xe4, 0xaf, 0xe4, 0xaf, 0xe4,
    0x8f, 0xe4, 0x8f, 0xe4, 0x8f, 0xe4, 0x8f, 0xdc, 0x90, 0xdc, 0x90, 0xdc,
    0xaf, 0xe4, 0xb0, 0xe4, 0xb0, 0xe4, 0xb0, 0xe4, 0xb0, 0xe4, 0xd0, 0xe4,
    0xd0, 0xec, 0xcf, 0xe4, 0xaf, 0xe4, 0xb0, 0xe4, 0xaf, 0xe4, 0xaf, 0xe4,
    0x8f, 0xe4, 0x6e, 0xe4, 0x4e, 0xe4, 0x2d, 0xe4, 0x0d, 0xe4, 0xed, 0xe3,
    0xcc, 0xe3, 0xcc, 0xe3, 0xac, 0xeb, 0x8c, 0xeb, 0x8c, 0xeb, 0x8b, 0xeb,
    0x6c, 0xeb, 0x6b, 0xeb, 0x6b, 0xeb, 0x6c, 0xeb, 0x6c, 0xeb, 0x6b, 0xeb,
    0x6b, 0xeb, 0x6b, 0xeb, 0x4c, 0xeb, 0x6b, 0xeb, 0xcd, 0xdb, 0xcd, 0xdb,
    0xcd, 0xdb, 0xcd, 0xdb, 0xcd, 0xdb, 0x0e, 0xdc, 0x0e, 0xd4, 0x2e, 0xd4,
    0x2f, 0xdc, 0x2f, 0xd4, 0x2e, 0xdc, 0x2e, 0xdc, 0x0e, 0xdc, 0x0e, 0xdc,
    0xed, 0xdb, 0x0e, 0xdc, 0x0e, 0xdc, 0x2e, 0xd4, 0x4f, 0xd4, 0x4f, 0xdc,
    0x2e, 0xdc, 0x2e, 0xdc, 0x2e, 0xdc, 0x2f, 0xdc, 0x4f, 0xd4, 0x4f, 0xdc,
    0x4f, 0xdc, 0x4f, 0xd4, 0x2e, 0xdc, 0x0e, 0xe4, 0x2d, 0xe4, 0x0d, 0xe4,
    0x0d, 0xe4, 0x0d, 0xe4, 0x0d, 0xe4, 0x0d, 0xe4, 0x0d, 0xe4, 0x0d, 0xe4,
    0x0d, 0xe4, 0x0d, 0xe4, 0x0d, 0xe4, 0x0d, 0xe4, 0x0d, 0xe4, 0x8c, 0xbb,
    0xca, 0x82, 0xeb, 0x8a, 0x09, 0x52, 0xc9, 0x39, 0xc9, 0x31, 0xc9, 0x29,
    0xa9, 0x29, 0xa9, 0x29, 0xa9, 0x29, 0xa9, 0x29, 0xa9, 0x29, 0xa9, 0x21,
    0xa9, 0x21, 0xa9, 0x29, 0xa9, 0x21, 0xc9, 0x29, 0xc9, 0x29, 0xa9, 0x29,
    0xa9, 0x29, 0xc9, 0x29, 0xa9, 0x29, 0xa9, 0x29, 0xc9, 0x31, 0xe9, 0x39,
    0xc9, 0x39, 0xa9, 0x29, 0xa9, 0x29, 0xa9, 0x21, 0xa9, 0x29, 0xa9, 0x29,
    0xc9, 0x21, 0xa9, 0x29, 0xa9, 0x29, 0xc9, 0x31, 0xe9, 0x39, 0x09, 0x4a,
    0x29, 0x52, 0x6a, 0x6a, 0x6f, 0xc4, 0x8f, 0xc4, 0xb0, 0xbc, 0x12, 0xad,
    0x12, 0xad, 0x12, 0xad, 0x54, 0x95, 0x95, 0x85, 0xb6, 0x7d, 0xb6, 0x7d,
    0xb5, 0x7d, 0xb5, 0x85, 0x95, 0x95, 0x94, 0x95, 0x95, 0x8d, 0xb6, 0x7d,
    0xb6, 0x7d, 0xb6, 0x7d, 0xb5, 0x7d, 0xb6, 0x7d, 0xb6, 0x7d, 0xb6, 0x7d,
    0xd6, 0x7d, 0xd5, 0x7d, 0xd6, 0x7d, 0xd6, 0x7d, 0xb5, 0x7d, 0xb6, 0x7d,
    0xd6, 0x7d, 0xb5, 0x7d, 0xb6, 0x7d, 0xb6, 0x7d, 0xb6, 0x7d, 0xd6, 0x7d,
    0xb6, 0x7d, 0x95, 0x85, 0x95, 0x8d, 0x95, 0x85, 0xb6, 0x85, 0xb6, 0x85,
    0xb6, 0x85, 0xb6, 0x85, 0xb6, 0x85, 0x74, 0x8d, 0x53, 0x9d, 0x95, 0x8d,
    0x95, 0x8d, 0x95, 0x85, 0xb6, 0x85, 0xb6, 0x7d, 0xd6, 0x85, 0xd6, 0x7d,
    0xb6, 0x7d, 0xb6, 0x7d, 0xb6, 0x7d, 0xb6, 0x85, 0xb6, 0x7d, 0xb6, 0x7d,
    0xb6, 0x7d, 0xb6, 0x7d, 0xb6, 0x7d, 0xb6, 0x7d, 0xd6, 0x7d, 0xb6, 0x7d,
    0xb6, 0x7d, 0xf6, 0x85, 0xf7, 0x7d, 0xf7, 0x7d, 0xf7, 0x85, 0xf7, 0x85,
    0xf7, 0x7d, 0xf7, 0x85, 0xf6, 0x85, 0xd6, 0x85, 0xd6, 0x85, 0xd6, 0x85,
    0xd6, 0x85, 0xb6, 0x85, 0xd6, 0x85, 0xb6, 0x85, 0xd6, 0x85, 0xd6, 0x85,
    0xd6, 0x85, 0xd6, 0x7d, 0xf7, 0x7d, 0x17, 0x86, 0xf7, 0x85, 0xf7, 0x85,
    0xf6, 0x85, 0xd6, 0x85, 0xf7, 0x85, 0x17, 0x86, 0xd5, 0x95, 0x32, 0xb5,
    0x32, 0xbd, 0x32, 0xb5, 0x32, 0xb5, 0x94, 0xa5, 0xb5, 0x95, 0xd6, 0x85,
    0xb6, 0x8d, 0xd6, 0x85, 0xd6, 0x8d, 0xd6, 0x85, 0xd6, 0x85, 0xd6, 0x85,
    0xd6, 0x85, 0xd6, 0x85, 0x17, 0x86, 0x37, 0x86, 0x37, 0x86, 0x37, 0x86,
    0x37, 0x86, 0x37, 0x86, 0x17, 0x86, 0x37, 0x86, 0x37, 0x86, 0x58, 0x86,
    0x58, 0x86, 0x58, 0x86, 0x38, 0x86, 0x38, 0x7e, 0x37, 0x7e, 0x38, 0x86,
    0x37, 0x7e, 0x37, 0x86, 0x38, 0x86, 0x37, 0x86, 0x17, 0x86, 0x17, 0x7e,
    0x38, 0x7e, 0x17, 0x86, 0x18, 0x7e, 0x37, 0x7e, 0x17, 0x7e, 0x17, 0x7e,
    0x17, 0x7e, 0x17, 0x86, 0xf7, 0x7d, 0xf7, 0x7d, 0xf6, 0x85, 0xf7, 0x7d,
    0xf7, 0x7d, 0xf6, 0x7d, 0xf6, 0x7d, 0xf7, 0x7d, 0x17, 0x7e, 0xf7, 0x7d,
    0xf7, 0x7d, 0x17, 0x7e, 0x17, 0x86, 0x17, 0x7e, 0x17, 0x7e, 0x17, 0x86,
    0x17, 0x7e, 0x17, 0x7e, 0x17, 0x86, 0x17, 0x7e, 0x17, 0x7e, 0x37, 0x7e,
    0x38, 0x7e, 0x17, 0x7e, 0x17, 0x7e, 0x37, 0x7e, 0x17, 0x7e, 0x17, 0x7e,
    0x18, 0x7e, 0x17, 0x7e, 0x17, 0x7e, 0x17, 0x7e, 0x37, 0x7e, 0x37, 0x7e,
    0x17, 0x7e, 0x17, 0x86, 0xd6, 0x8d, 0x53, 0xa5, 0x12, 0xbd, 0x11, 0xdd,
    0x31, 0xe5, 0x12, 0xe5, 0x31, 0xe5, 0x11, 0xe5, 0x11, 0xe5, 0xf1, 0xe4,
    0xf1, 0xe4, 0xf0, 0xe4, 0xf0, 0xe4, 0xd0, 0xdc, 0xd0, 0xdc, 0xb0, 0xe4,
    0xd0, 0xe4, 0xb0, 0xe4, 0x8f, 0xe4, 0x8f, 0xe4, 0x8f, 0xe4, 0x8f, 0xe4,
    0x8f, 0xe4, 0x6f, 0xec, 0x8f, 0xec, 0x8f, 0xec, 0x8f, 0xec, 0x8f, 0xec,
    0xaf, 0xec, 0xaf, 0xe4, 0xaf, 0xe4, 0xd0, 0xe4, 0xb0, 0xe4, 0xb0, 0xe4,
    0xd0, 0xe4, 0xd0, 0xec, 0xd0, 0xec, 0xcf, 0xe4, 0xb0, 0xe4, 0xaf, 0xe4,
    0xaf, 0xe4, 0xaf, 0xe4, 0x8f, 0xe4, 0x6e, 0xe4, 0x4e, 0xe4, 0x2d, 0xe4,
    0x0d, 0xe4, 0xed, 0xe3, 0xcd, 0xeb, 0xcc, 0xeb, 0xac, 0xe3, 0x8c, 0xeb,
    0x8c, 0xeb, 0x8b, 0xeb, 0x6b, 0xeb, 0x6c, 0xeb, 0x8b, 0xf3, 0x6b, 0xeb,
    0x6b, 0xeb, 0x6b, 0xeb, 0x6b, 0xeb, 0x6b, 0xeb, 0x6c, 0xeb, 0x6b, 0xeb,
    0xed, 0xdb, 0xac, 0xdb, 0xac, 0xdb, 0xcd, 0xdb, 0xcd, 0xdb, 0xed, 0xdb,
    0x0e, 0xdc, 0x2e, 0xdc, 0x2e, 0xd4, 0x2e, 0xd4, 0x0e, 0xdc, 0x2e, 0xdc,
    0x0e, 0xdc, 0x0d, 0xdc, 0xed, 0xdb, 0x0e, 0xdc, 0x2e, 0xdc, 0x2f, 0xd4,
    0x2f, 0xd4, 0x2e, 0xdc, 0x2e, 0xdc, 0x2e, 0xd4, 0x2e, 0xdc, 0x0e, 0xdc,
    0x4f, 0xd4, 0x4f, 0xd4, 0x4f, 0xdc, 0x4f, 0xdc, 0x4e, 0xdc, 0x0d, 0xe4,
    0x0d, 0xe4, 0x0d, 0xe4, 0x2d, 0xe4, 0x0d, 0xe4, 0x0d, 0xe4, 0x0d, 0xe4,
    0x0d, 0xe4, 0x0d, 0xe4, 0x0d, 0xe4, 0x0d, 0xe4, 0x0d, 0xe4, 0x0d, 0xe4,
    0x0d, 0xe4, 0x8c, 0xbb, 0x8c, 0xbb, 0xcd, 0xcb, 0x0b, 0x93, 0xc9, 0x39,
    0xa8, 0x29, 0xa9, 0x29, 0xc9, 0x29, 0xa9, 0x29, 0xa9, 0x29, 0xa9, 0x29,
    0xa9, 0x29, 0xa9, 0x21, 0xa9, 0x29, 0xa9, 0x29, 0xa9, 0x21, 0xc9, 0x29,
    0xa9, 0x29, 0xa9, 0x29, 0xc9, 0x29, 0xc9, 0x29, 0xa9, 0x29, 0xa9, 0x29,
    0xc9, 0x29, 0xe9, 0x39, 0xc9, 0x31, 0xa9, 0x21, 0xa9, 0x29, 0xc9, 0x21,
    0xa9, 0x29, 0xa9, 0x29, 0xa9, 0x29, 0xc9, 0x29, 0xc9, 0x29, 0xc9, 0x39,
    0xe9, 0x41, 0x29, 0x52, 0x29, 0x5a, 0xeb, 0x8a, 0x0d, 0xe4, 0x2d, 0xdc,
    0xb0, 0xc4, 0x73, 0xad, 0x73, 0xad, 0x74, 0xa5, 0x94, 0x8d, 0xb6, 0x7d,
    0x96, 0x7d, 0xb5, 0x7d, 0xb6, 0x7d, 0xb6, 0x7d, 0x95, 0x8d, 0x94, 0x9d,
    0x94, 0x9d, 0x95, 0x95, 0xb6, 0x7d, 0xb6, 0x7d, 0xb6, 0x7d, 0xb6, 0x85,
    0xd6, 0x7d, 0xb6, 0x7d, 0xb6, 0x7d, 0xb6, 0x7d, 0xd6, 0x7d, 0xd6, 0x7d,
    0xd6, 0x7d, 0xd6, 0x7d, 0xb6, 0x7d, 0xb5, 0x7d, 0xb6, 0x7d, 0xb6, 0x7d,
    0xd6, 0x7d, 0xd6, 0x7d, 0xb6, 0x85, 0xb6, 0x85, 0x95, 0x85, 0x95, 0x8d,
    0x95, 0x8d, 0x95, 0x85, 0xb6, 0x85, 0xb6, 0x85, 0xb6, 0x85, 0xb5, 0x85,
    0xb5, 0x85, 0xb6, 0x85, 0xb6, 0x85, 0xb6, 0x85, 0xb6, 0x7d, 0xd6, 0x85,
    0xd6, 0x85, 0xd6, 0x85, 0xd6, 0x85, 0xd6, 0x7d, 0xd6, 0x7d, 0xd6, 0x7d,
    0xb6, 0x7d, 0xb6, 0x7d, 0xb6, 0x7d, 0xd6, 0x85, 0xd6, 0x7d, 0xb6, 0x7d,
    0xd6, 0x85, 0xb6, 0x7d, 0xb6, 0x7d, 0xf6, 0x85, 0xf7, 0x7d, 0xf7, 0x7d,
    0xf7, 0x85, 0xf7, 0x7d, 0xf7, 0x85, 0x17, 0x86, 0xf6, 0x85, 0xd6, 0x85,
    0xd6, 0x85, 0xd6, 0x85, 0xd6, 0x85, 0xd6, 0x85, 0xd6, 0x85, 0xd5, 0x85,
    0xd6, 0x85, 0xd6, 0x85, 0xf6, 0x85, 0xf7, 0x85, 0xf7, 0x7d, 0xf7, 0x7d,
    0xf7, 0x85, 0xf7, 0x7d, 0xf7, 0x85, 0xf6, 0x85, 0x17, 0x86, 0xf7, 0x8d,
    0xb5, 0x9d, 0x32, 0xb5, 0x53, 0xad, 0x32, 0xbd, 0x52, 0xb5, 0x73, 0xad,
    0xb5, 0x95, 0xb6, 0x8d, 0xb5, 0x8d, 0xd6, 0x85, 0xb6, 0x85, 0xd6, 0x85,
    0xd6, 0x85, 0xd6, 0x8d, 0xd6, 0x85, 0xf6, 0x85, 0x37, 0x86, 0x38, 0x86,
    0x38, 0x86, 0x37, 0x86, 0x38, 0x86, 0x38, 0x86, 0x58, 0x86, 0x58, 0x86,
    0x38, 0x86, 0x58, 0x86, 0x58, 0x86, 0x58, 0x86, 0x58, 0x86, 0x58, 0x86,
    0x58, 0x86, 0x58, 0x86, 0x58, 0x86, 0x38, 0x7e, 0x37, 0x86, 0x38, 0x7e,
    0x37, 0x86, 0x37, 0x7e, 0x17, 0x86, 0x17, 0x86, 0x37, 0x86, 0x18, 0x86,
    0x17, 0x86, 0x17, 0x7e, 0x17, 0x7e, 0x17, 0x7e, 0x17, 0x7e, 0xf7, 0x7d,
    0xf6, 0x7d, 0xf7, 0x7d, 0xf7, 0x7d, 0xf7, 0x7d, 0xf7, 0x7d, 0x17, 0x7e,
    0xf7, 0x7d, 0x17, 0x7e, 0xf7, 0x85, 0x17, 0x7e, 0x17, 0x7e, 0x17, 0x86,
    0x17, 0x86, 0x17, 0x7e, 0x17, 0x86, 0x17, 0x86, 0x17, 0x86, 0x17, 0x7e,
    0x18, 0x86, 0x17, 0x7e, 0x17, 0x7e, 0x17, 0x7e, 0x38, 0x7e, 0x38, 0x7e,
    0x37, 0x7e, 0x17, 0x7e, 0x38, 0x7e, 0x17, 0x7e, 0x17, 0x7e, 0x17, 0x86,
    0xd6, 0x85, 0xf2, 0xac, 0xb1, 0xb4, 0x90, 0xbc, 0x6f, 0xc4, 0x6f, 0xc4,
    0x4f, 0xcc, 0xd0, 0xdc, 0x31, 0xe5, 0x11, 0xe5, 0x11, 0xe5, 0x11, 0xe5,
    0x11, 0xe5, 0x11, 0xe5, 0x11, 0xe5, 0xf1, 0xe4, 0x11, 0xed, 0xf1, 0xec,
    0xd0, 0xec, 0xaf, 0xec, 0x8f, 0xec, 0x8f, 0xec, 0x8f, 0xec, 0x8f, 0xec,
    0x6f, 0xec, 0x6e, 0xec, 0x4f, 0xe4, 0x4e, 0xe4, 0x4e, 0xe4, 0x4f, 0xe4,
    0x4e, 0xe4, 0x6f, 0xe4, 0x4e, 0xe4, 0x4f, 0xe4, 0x6f, 0xe4, 0x6f, 0xe4,
    0x8f, 0xe4, 0xaf, 0xe4, 0xaf, 0xe4, 0xf0, 0xec, 0xf0, 0xec, 0xd0, 0xec,
    0xcf, 0xe4, 0xaf, 0xe4, 0xaf, 0xe4, 0x8f, 0xe4, 0x6e, 0xe4, 0x2d, 0xe4,
    0xed, 0xe3, 0xed, 0xeb, 0xcd, 0xeb, 0xcc, 0xe3, 0xac, 0xeb, 0xac, 0xeb,
    0xac, 0xeb, 0x8c, 0xeb, 0x8c, 0xeb, 0x8c, 0xeb, 0x6b, 0xeb, 0x6b, 0xeb,
    0x6b, 0xeb, 0x6b, 0xf3, 0x6b, 0xeb, 0x6c, 0xf3, 0x6b, 0xeb, 0x6b, 0xeb,
    0x6b, 0xeb, 0x6b, 0xeb, 0xed, 0xdb, 0xac, 0xdb, 0xac, 0xdb, 0xad, 0xdb,
    0xcd, 0xdb, 0xcd, 0xdb, 0x0e, 0xd4, 0x0e, 0xd4, 0x2e, 0xd4, 0x2e, 0xdc,
    0x0e, 0xdc, 0x0e, 0xdc, 0x0e, 0xdc, 0x0e, 0xdc, 0x0d, 0xdc, 0x0e, 0xdc,
    0x2e, 0xdc, 0x2e, 0xd4, 0x2e, 0xdc, 0x0e, 0xdc, 0x0e, 0xdc, 0x0e, 0xdc,
    0x0e, 0xdc, 0xed, 0xe3, 0x2e, 0xdc, 0x4f, 0xdc, 0x4f, 0xd4, 0x4f, 0xd4,
    0x4f, 0xdc, 0x0e, 0xdc, 0x0d, 0xe4, 0x2d, 0xe4, 0x0d, 0xe4, 0x2d, 0xe4,
    0x0d, 0xe4, 0x0d, 0xe4, 0x0d, 0xe4, 0x0d, 0xe4, 0xed, 0xe3, 0x0d, 0xe4,
    0x0d, 0xe4, 0x0d, 0xe4, 0x0d, 0xe4, 0xcd, 0xd3, 0xcc, 0xcb, 0x2d, 0xe4,
    0x2d, 0xe4, 0x6a, 0x62, 0xa9, 0x29, 0xa9, 0x29, 0xa8, 0x29, 0xc9, 0x29,
    0xc9, 0x29, 0xa9, 0x29, 0xa8, 0x29, 0xa9, 0x21, 0xc9, 0x21, 0xa8, 0x29,
    0xa9, 0x21, 0xc9, 0x29, 0xc9, 0x29, 0xa9, 0x29, 0xc9, 0x29, 0xa9, 0x29,
    0xa9, 0x21, 0xa9, 0x29, 0xc9, 0x29, 0xc9, 0x39, 0xc9, 0x31, 0xa9, 0x29,
    0xa9, 0x29, 0xa9, 0x21, 0xa9, 0x29, 0xa9, 0x21, 0xa9, 0x29, 0xc9, 0x29,
    0xc9, 0x31, 0xe9, 0x41, 0x6a, 0x62, 0x6c, 0xab, 0xea, 0x82, 0x4d, 0xdc,
    0xaf, 0xec, 0x8e, 0xe4, 0xb0, 0xd4, 0x31, 0xc5, 0x52, 0xbd, 0x73, 0xb5,
    0x94, 0x9d, 0x95, 0x8d, 0x95, 0x85, 0x95, 0x85, 0x96, 0x85, 0xb5, 0x7d,
    0x95, 0x85, 0x95, 0x95, 0x94, 0x9d, 0x94, 0x9d, 0x94, 0x95, 0xb6, 0x85,
    0xd6, 0x7d, 0xd6, 0x85, 0xb6, 0x7d, 0xd6, 0x7d, 0xd6, 0x7d, 0xb6, 0x7d,
    0xb6, 0x7d, 0xb6, 0x7d, 0xb6, 0x7d, 0xd6, 0x7d, 0xd6, 0x7d, 0xd6, 0x7d,
    0xd6, 0x7d, 0xd6, 0x7d, 0xd6, 0x7d, 0xd6, 0x7d, 0xd6, 0x85, 0xb6, 0x7d,
    0xb6, 0x85, 0x95, 0x85, 0x95, 0x8d, 0xb5, 0x85, 0xb6, 0x85, 0xb5, 0x85,
    0x95, 0x85, 0x96, 0x85, 0xb6, 0x85, 0xb5, 0x85, 0xb5, 0x85, 0xb6, 0x7d,
    0xd6, 0x85, 0xf6, 0x85, 0xf7, 0x85, 0xf7, 0x85, 0xd6, 0x85, 0xd6, 0x7d,
    0xd6, 0x7d, 0xd6, 0x85, 0xd6, 0x7d, 0xb6, 0x7d, 0xb6, 0x85, 0xd6, 0x85,
    0xb6, 0x7d, 0xb6, 0x7d, 0xb6, 0x85, 0xb6, 0x7d, 0xd6, 0x7d, 0xf6, 0x85,
    0xf7, 0x85, 0xf7, 0x85, 0x16, 0x86, 0x17, 0x86, 0x16, 0x86, 0x17, 0x86,
    0xf6, 0x85, 0xd6, 0x85, 0xd6, 0x85, 0xd6, 0x85, 0xd5, 0x85, 0xd6, 0x85,
    0xd6, 0x85, 0xd5, 0x85, 0xd6, 0x85, 0xd6, 0x85, 0xf6, 0x85, 0x17, 0x86,
    0x17, 0x86, 0x17, 0x86, 0x17, 0x7e, 0xf7, 0x7d, 0xf7, 0x85, 0xf7, 0x85,
    0x17, 0x86, 0x17, 0x86, 0xf6, 0x8d, 0xf6, 0x8d, 0xf6, 0x8d, 0x74, 0xa5,
    0x32, 0xb5, 0x32, 0xbd, 0x53, 0xad, 0x94, 0x9d, 0x94, 0x95, 0xb6, 0x8d,
    0xd6, 0x85, 0xd6, 0x85, 0xd6, 0x85, 0xd6, 0x85, 0xd6, 0x85, 0x17, 0x86,
    0x37, 0x86, 0x37, 0x86, 0x38, 0x86, 0x38, 0x86, 0x38, 0x86, 0x58, 0x86,
    0x38, 0x86, 0x58, 0x7e, 0x38, 0x86, 0x37, 0x86, 0x58, 0x7e, 0x57, 0x86,
    0x37, 0x7e, 0x38, 0x7e, 0x37, 0x86, 0x37, 0x86, 0x38, 0x86, 0x58, 0x86,
    0x38, 0x86, 0x37, 0x7e, 0x37, 0x7e, 0x18, 0x7e, 0x37, 0x7e, 0x37, 0x7e,
    0x18, 0x7e, 0x37, 0x7e, 0x17, 0x86, 0x17, 0x86, 0x17, 0x7e, 0x17, 0x7e,
    0xf7, 0x7d, 0xf7, 0x85, 0xf6, 0x7d, 0xf6, 0x7d, 0xf7, 0x7d, 0xf6, 0x7d,
    0xf7, 0x7d, 0xf6, 0x85, 0xf7, 0x7d, 0xf7, 0x85, 0xf7, 0x85, 0xf7, 0x7d,
    0x17, 0x7e, 0x17, 0x86, 0x17, 0x7e, 0x17, 0x7e, 0x17, 0x86, 0x37, 0x86,
    0x38, 0x7e, 0x37, 0x7e, 0x38, 0x7e, 0x18, 0x7e, 0x37, 0x7e, 0x38, 0x7e,
    0x17, 0x7e, 0x17, 0x7e, 0x38, 0x7e, 0x37, 0x7e, 0x17, 0x7e, 0x17, 0x7e,
    0x38, 0x7e, 0x17, 0x7e, 0xd6, 0x8d, 0x6f, 0xc4, 0x4f, 0xcc, 0x4e, 0xcc,
    0x4e, 0xcc, 0x4e, 0xd4, 0x2e, 0xd4, 0x6f, 0xd4, 0x11, 0xe5, 0xf1, 0xe4,
    0xf1, 0xe4, 0x11, 0xe5, 0x11, 0xe5, 0x11, 0xe5, 0x11, 0xed, 0x11, 0xed,
    0x11, 0xed, 0xf0, 0xec, 0x8f, 0xf4, 0x6e, 0xec, 0x6e, 0xf4, 0x4e, 0xf4,
    0x4e, 0xf4, 0x4e, 0xf4, 0x4d, 0xf4, 0x4e, 0xf4, 0x4e, 0xec, 0x4f, 0xe4,
    0x4f, 0xe4, 0x4e, 0xe4, 0x4f, 0xe4, 0x4f, 0xe4, 0x4e, 0xe4, 0x4e, 0xe4,
    0x4f, 0xe4, 0x4e, 0xe4, 0x4e, 0xe4, 0x4e, 0xe4, 0x4e, 0xe4, 0x8f, 0xe4,
    0x8f, 0xe4, 0x8f, 0xec, 0x6e, 0xe4, 0x2e, 0xe4, 0x0d, 0xe4, 0xed, 0xe3,
    0xed, 0xe3, 0xed, 0xe3, 0xcd, 0xe3, 0xcd, 0xe3, 0xcd, 0xe3, 0xcd, 0xe3,
    0xac, 0xe3, 0xac, 0xe3, 0xac, 0xeb, 0x8c, 0xeb, 0x6c, 0xeb, 0x6b, 0xeb,
    0x6b, 0xeb, 0x6c, 0xf3, 0x6b, 0xf3, 0x6b, 0xeb, 0x6c, 0xeb, 0x6b, 0xeb,
    0x6b, 0xf3, 0x6c, 0xeb, 0x4b, 0xeb, 0x6b, 0xeb, 0xed, 0xdb, 0xad, 0xdb,
    0xac, 0xdb, 0xac, 0xdb, 0xcc, 0xdb, 0xcd, 0xdb, 0xed, 0xdb, 0x0e, 0xd4,
    0x2e, 0xdc, 0x2e, 0xdc, 0x0e, 0xdc, 0xed, 0xdb, 0x0d, 0xdc, 0x0e, 0xdc,
    0x0e, 0xdc, 0x0e, 0xdc, 0x0e, 0xdc, 0x2e, 0xdc, 0x0e, 0xdc, 0x0d, 0xdc,
    0xed, 0xdb, 0xed, 0xdb, 0xec, 0xe3, 0xcc, 0xe3, 0xed, 0xe3, 0x4f, 0xdc,
    0x4f, 0xd4, 0x4f, 0xdc, 0x4e, 0xdc, 0x2e, 0xdc, 0xed, 0xe3, 0x0d, 0xe4,
    0x2d, 0xe4, 0x0e, 0xe4, 0x2d, 0xe4, 0x0d, 0xe4, 0x0d, 0xe4, 0x0d, 0xe4,
    0x0d, 0xe4, 0xed, 0xe3, 0x0d, 0xe4, 0x0d, 0xe4, 0x0d, 0xe4, 0x0d, 0xe4,
    0xed, 0xdb, 0x0d, 0xe4, 0x2d, 0xec, 0xec, 0xd3, 0x0a, 0x4a, 0xa9, 0x29,
    0xa9, 0x29, 0xc9, 0x29, 0xc9, 0x29, 0xa9, 0x29, 0xa9, 0x29, 0xc9, 0x21,
    0xa9, 0x29, 0xa9, 0x21, 0xa9, 0x29, 0xa9, 0x29, 0xc9, 0x29, 0xa9, 0x29,
    0xa9, 0x29, 0xa9, 0x29, 0xa9, 0x29, 0xa9, 0x29, 0xa9, 0x29, 0xe9, 0x39,
    0xc9, 0x31, 0xa9, 0x29, 0xa9, 0x29, 0xa9, 0x29, 0xa9, 0x21, 0xa9, 0x29,
    0xa9, 0x29, 0xc9, 0x31, 0x29, 0x52, 0x4c, 0x9b, 0x2d, 0xdc, 0x4d, 0xe4,
    0x6e, 0xe4, 0x8e, 0xec, 0x8e, 0xec, 0x8e, 0xec, 0xaf, 0xec, 0xd0, 0xdc,
    0x11, 0xd5, 0x31, 0xcd, 0x52, 0xc5, 0x72, 0xb5, 0x72, 0xbd, 0x94, 0xa5,
    0x94, 0x9d, 0x94, 0x95, 0x95, 0x8d, 0x95, 0x95, 0x94, 0x9d, 0x94, 0x9d,
    0x94, 0x9d, 0xb5, 0x95, 0xb6, 0x85, 0xd6, 0x7d, 0xd6, 0x85, 0xd6, 0x7d,
    0xf6, 0x85, 0xf6, 0x85, 0xd6, 0x85, 0xd6, 0x7d, 0xd6, 0x7d, 0xd6, 0x7d,
    0xd6, 0x7d, 0xd6, 0x7d, 0xd6, 0x7d, 0xd6, 0x85, 0xd6, 0x7d, 0xf6, 0x7d,
    0xd6, 0x7d, 0xb6, 0x7d, 0xb6, 0x7d, 0xb6, 0x85, 0xb5, 0x85, 0xb6, 0x85,
    0xb6, 0x85, 0xb5, 0x85, 0xb5, 0x85, 0xb6, 0x85, 0xb6, 0x7d, 0x95, 0x85,
    0xb6, 0x85, 0xd6, 0x85, 0xf7, 0x85, 0xf6, 0x85, 0xf7, 0x85, 0xf7, 0x85,
    0xf7, 0x85, 0xf6, 0x85, 0xd6, 0x85, 0xd6, 0x85, 0xd6, 0x7d, 0xd6, 0x7d,
    0xb6, 0x7d, 0xb6, 0x7d, 0xd6, 0x85, 0xd6, 0x7d, 0xb6, 0x7d, 0xd6, 0x85,
    0xd6, 0x7d, 0xf7, 0x85, 0x17, 0x86, 0xf7, 0x7d, 0x17, 0x86, 0x17, 0x86,
    0x17, 0x86, 0x16, 0x86, 0xf6, 0x85, 0xf6, 0x8d, 0xf5, 0x8d, 0xf5, 0x8d,
    0xf6, 0x8d, 0xf5, 0x8d, 0xf6, 0x8d, 0xd6, 0x8d, 0xd5, 0x85, 0xf6, 0x85,
    0x16, 0x86, 0x17, 0x86, 0x17, 0x86, 0x17, 0x86, 0x17, 0x86, 0x16, 0x86,
    0xf6, 0x85, 0x17, 0x86, 0x17, 0x86, 0x17, 0x86, 0xf6, 0x8d, 0x17, 0x8e,
    0x17, 0x8e, 0xb5, 0x9d, 0x94, 0xa5, 0x53, 0xad, 0x74, 0xa5, 0x94, 0x9d,
    0x94, 0x95, 0xb6, 0x8d, 0xd6, 0x85, 0xd6, 0x85, 0xb6, 0x85, 0xd6, 0x85,
    0xf6, 0x85, 0x37, 0x86, 0x37, 0x86, 0x38, 0x86, 0x58, 0x86, 0x37, 0x86,
    0x58, 0x7e, 0x58, 0x86, 0x38, 0x7e, 0x58, 0x86, 0x57, 0x86, 0x58, 0x86,
    0x58, 0x7e, 0x38, 0x86, 0x37, 0x86, 0x58, 0x86, 0x38, 0x7e, 0x58, 0x86,
    0x58, 0x86, 0x37, 0x86, 0x38, 0x86, 0x37, 0x86, 0x38, 0x86, 0x17, 0x7e,
    0x17, 0x86, 0x38, 0x7e, 0x17, 0x7e, 0x37, 0x7e, 0x37, 0x7e, 0x18, 0x7e,
    0x17, 0x7e, 0x17, 0x86, 0xf7, 0x7d, 0xf6, 0x7d, 0xf7, 0x85, 0xf7, 0x7d,
    0xf6, 0x7d, 0xf7, 0x85, 0xf7, 0x7d, 0xf7, 0x85, 0xf6, 0x7d, 0xf7, 0x7d,
    0x17, 0x86, 0xf7, 0x7d, 0x17, 0x7e, 0x17, 0x7e, 0x17, 0x7e, 0x37, 0x7e,
    0x17, 0x7e, 0x18, 0x7e, 0x38, 0x7e, 0x17, 0x86, 0x17, 0x7e, 0x37, 0x7e,
    0x17, 0x7e, 0x38, 0x7e, 0x17, 0x7e, 0x17, 0x7e, 0x38, 0x7e, 0x38, 0x7e,
    0x17, 0x7e, 0x37, 0x7e, 0x18, 0x7e, 0xf7, 0x85, 0x94, 0x9d, 0x70, 0xc4,
    0x2e, 0xd4, 0x2e, 0xd4, 0x2e, 0xd4, 0x2e, 0xd4, 0x2e, 0xdc, 0x2e, 0xdc,
    0xb0, 0xdc, 0x11, 0xe5, 0x11, 0xe5, 0x11, 0xe5, 0x31, 0xe5, 0x31, 0xe5,
    0x31, 0xed, 0x31, 0xf5, 0x31, 0xf5, 0xaf, 0xf4, 0x8f, 0xf4, 0x6e, 0xf4,
    0x6e, 0xf4, 0x4e, 0xf4, 0x4e, 0xf4, 0x4e, 0xf4, 0x6e, 0xf4, 0x8f, 0xf4,
    0x6e, 0xec, 0x6e, 0xe4, 0x4f, 0xe4, 0x4f, 0xe4, 0x4e, 0xe4, 0x4f, 0xe4,
    0x4f, 0xe4, 0x4f, 0xe4, 0x4e, 0xe4, 0x4f, 0xdc, 0x4f, 0xe4, 0x4e, 0xe4,
    0x2f, 0xe4, 0x2e, 0xe4, 0x0e, 0xe4, 0x0e, 0xe4, 0x0e, 0xe4, 0xed, 0xe3,
    0xed, 0xe3, 0xee, 0xe3, 0xed, 0xe3, 0xed, 0xe3, 0xed, 0xe3, 0xcd, 0xe3,
    0xcd, 0xe3, 0xcd, 0xe3, 0xac, 0xe3, 0xac, 0xeb, 0x8c, 0xeb, 0x6c, 0xeb,
    0x6b, 0xeb, 0x6b, 0xeb, 0x6b, 0xeb, 0x6c, 0xf3, 0x6b, 0xeb, 0x6b, 0xeb,
    0x6c, 0xeb, 0x4b, 0xeb, 0x6b, 0xeb, 0x6b, 0xeb, 0x4b, 0xeb, 0x4b, 0xeb,
    0xed, 0xdb, 0xcd, 0xdb, 0xac, 0xdb, 0xac, 0xdb, 0xad, 0xdb, 0xcd, 0xdb,
    0xcd, 0xdb, 0x0e, 0xdc, 0x0e, 0xdc, 0x0e, 0xd4, 0xee, 0xdb, 0xcd, 0xdb,
    0xed, 0xdb, 0xed, 0xdb, 0xed, 0xdb, 0xed, 0xdb, 0xed, 0xdb, 0xed, 0xe3,
    0xed, 0xe3, 0xed, 0xe3, 0xed, 0xe3, 0xcc, 0xe3, 0xcc, 0xe3, 0xcd, 0xe3,
    0xed, 0xe3, 0x4e, 0xd4, 0x4e, 0xd4, 0x4f, 0xdc, 0x4e, 0xdc, 0x2e, 0xdc,
    0xed, 0xe3, 0x0d, 0xe4, 0x0d, 0xe4, 0x0d, 0xe4, 0x2d, 0xec, 0x0d, 0xe4,
    0x0d, 0xe4, 0x0d, 0xe4, 0x0d, 0xe4, 0x0d, 0xe4, 0x0d, 0xec, 0x0d, 0xe4,
    0x0d, 0xe4, 0x0d, 0xe4, 0x0d, 0xe4, 0x0d, 0xe4, 0x2d, 0xe4, 0x0d, 0xec,
    0xcc, 0xd3, 0xe9, 0x41, 0xa9, 0x29, 0xc9, 0x29, 0xa9, 0x29, 0xa9, 0x29,
    0xa9, 0x29, 0xa9, 0x21, 0xa9, 0x29, 0xa9, 0x21, 0xa9, 0x21, 0xa9, 0x29,
    0xa9, 0x21, 0xa9, 0x29, 0xa9, 0x29, 0xc9, 0x29, 0xa9, 0x29, 0xa9, 0x29,
    0xc9, 0x29, 0xc9, 0x39, 0xe9, 0x39, 0xa9, 0x29, 0xa9, 0x21, 0xa9, 0x29,
    0xa9, 0x29, 0xa9, 0x29, 0xc9, 0x29, 0xc9, 0x31, 0x6c, 0xa3, 0x4d, 0xec,
    0x6d, 0xec, 0x6e, 0xec, 0x6e, 0xec, 0x6e, 0xec, 0x6e, 0xec, 0x8e, 0xec,
    0x8e, 0xec, 0xaf, 0xec, 0xcf, 0xec, 0x10, 0xed, 0x30, 0xe5, 0x31, 0xd5,
    0x52, 0xc5, 0x31, 0xd5, 0x51, 0xcd, 0x52, 0xcd, 0x52, 0xbd, 0x73, 0xb5,
    0x93, 0xa5, 0x94, 0x9d, 0x94, 0x9d, 0x94, 0xa5, 0xd5, 0x8d, 0xf6, 0x85,
    0xf6, 0x85, 0xf7, 0x85, 0xf6, 0x85, 0xf6, 0x85, 0xf6, 0x7d, 0xd6, 0x85,
    0xd6, 0x85, 0xd6, 0x7d, 0xd6, 0x7d, 0xd6, 0x7d, 0xd6, 0x7d, 0xf6, 0x85,
    0xf7, 0x7d, 0xd7, 0x7d, 0xd6, 0x85, 0xd6, 0x7d, 0xd6, 0x7d, 0xb6, 0x85,
    0xb6, 0x7d, 0xb5, 0x85, 0xb6, 0x85, 0x96, 0x85, 0xb5, 0x85, 0xb5, 0x85,
    0x96, 0x85, 0xb6, 0x7d, 0xd6, 0x85, 0xf7, 0x85, 0xf7, 0x85, 0xf7, 0x85,
    0x17, 0x86, 0x17, 0x86, 0xf7, 0x85, 0xf7, 0x85, 0xd6, 0x85, 0xd6, 0x85,
    0xb6, 0x85, 0xb6, 0x85, 0xb6, 0x85, 0xd6, 0x85, 0xd6, 0x7d, 0xd6, 0x85,
    0xd6, 0x85, 0xd6, 0x85, 0x17, 0x86, 0xf7, 0x7d, 0x17, 0x86, 0x17, 0x86,
    0x16, 0x86, 0x16, 0x86, 0x17, 0x86, 0x16, 0x86, 0xd6, 0x8d, 0xb5, 0x8d,
    0xb5, 0x95, 0x94, 0x95, 0x94, 0x95, 0x94, 0x95, 0x94, 0x95, 0x95, 0x95,
    0x95, 0x8d, 0xd6, 0x8d, 0xd6, 0x8d, 0xf6, 0x85, 0xf6, 0x85, 0xf7, 0x85,
    0x17, 0x86, 0xf7, 0x85, 0xd6, 0x85, 0xf7, 0x85, 0x17, 0x8e, 0x17, 0x86,
    0x16, 0x8e, 0xd5, 0x9d, 0xb4, 0xa5, 0x94, 0x9d, 0x94, 0xa5, 0x94, 0xa5,
    0xb5, 0x9d, 0xb5, 0x95, 0xd6, 0x8d, 0xd6, 0x85, 0xd6, 0x85, 0xd6, 0x85,
    0xd6, 0x8d, 0xd6, 0x85, 0xf7, 0x85, 0x38, 0x86, 0x38, 0x86, 0x38, 0x86,
    0x57, 0x7e, 0x58, 0x86, 0x37, 0x86, 0x38, 0x7e, 0x58, 0x86, 0x38, 0x7e,
    0x38, 0x86, 0x58, 0x86, 0x38, 0x86, 0x38, 0x86, 0x58, 0x86, 0x58, 0x86,
    0x58, 0x86, 0x58, 0x86, 0x38, 0x86, 0x58, 0x86, 0x58, 0x86, 0x37, 0x7e,
    0x37, 0x7e, 0x37, 0x86, 0x17, 0x86, 0x37, 0x7e, 0x18, 0x86, 0x17, 0x86,
    0x37, 0x7e, 0x37, 0x86, 0x17, 0x86, 0x17, 0x7e, 0xf7, 0x7d, 0xf7, 0x7d,
    0xf7, 0x7d, 0xf7, 0x7d, 0xf7, 0x7d, 0xf7, 0x85, 0xf7, 0x85, 0xf6, 0x7d,
    0xf6, 0x7d, 0xf7, 0x7d, 0x17, 0x7e, 0x17, 0x7e, 0x17, 0x7e, 0x18, 0x86,
    0x37, 0x86, 0x38, 0x7e, 0x17, 0x86, 0x38, 0x86, 0x17, 0x7e, 0x17, 0x86,
    0x37, 0x86, 0x38, 0x7e, 0x17, 0x7e, 0x37, 0x7e, 0x38, 0x7e, 0x17, 0x7e,
    0x37, 0x7e, 0x38, 0x7e, 0x37, 0x7e, 0x17, 0x7e, 0x17, 0x7e, 0x74, 0x95,
    0xd1, 0xbc, 0x2e, 0xd4, 0x2e, 0xd4, 0x2e, 0xd4, 0x2e, 0xdc, 0x2e, 0xdc,
    0x2e, 0xdc, 0x4e, 0xdc, 0xd0, 0xe4, 0x11, 0xe5, 0x31, 0xe5, 0x11, 0xe5,
    0x11, 0xed, 0x31, 0xed, 0x31, 0xed, 0x31, 0xf5, 0x11, 0xf5, 0xaf, 0xf4,
    0x8f, 0xf4, 0x8f, 0xf4, 0x6e, 0xf4, 0x4e, 0xf4, 0x4e, 0xf4, 0x6e, 0xf4,
    0x4e, 0xf4, 0x6e, 0xf4, 0x4e, 0xec, 0x4e, 0xec, 0x4e, 0xec, 0x2e, 0xe4,
    0x2e, 0xe4, 0x2e, 0xe4, 0x2e, 0xe4, 0x2e, 0xe4, 0x2e, 0xe4, 0x2e, 0xe4,
    0x2e, 0xdc, 0x2f, 0xe4, 0x2e, 0xe4, 0x2e, 0xdc, 0x2e, 0xe4, 0x0e, 0xe4,
    0x0e, 0xdc, 0x0e, 0xe4, 0xed, 0xe3, 0xed, 0xdb, 0xee, 0xe3, 0xed, 0xe3,
    0xcd, 0xe3, 0xcd, 0xe3, 0xcd, 0xe3, 0xcd, 0xe3, 0xac, 0xeb, 0xac, 0xeb,
    0x8c, 0xeb, 0x6c, 0xeb, 0x6b, 0xeb, 0x6b, 0xeb, 0x6b, 0xeb, 0x6b, 0xeb,
    0x6b, 0xeb, 0x6b, 0xf3, 0x6b, 0xeb, 0x4b, 0xeb, 0x6b, 0xf3, 0x4b, 0xeb,
    0x6b, 0xeb, 0x4b, 0xeb, 0xcd, 0xdb, 0xcd, 0xdb, 0xac, 0xdb, 0xac, 0xdb,
    0xac, 0xdb, 0xcd, 0xdb, 0xcd, 0xdb, 0xed, 0xdb, 0x0e, 0xd4, 0x0e, 0xdc,
    0xed, 0xdb, 0xcd, 0xdb, 0xcd, 0xdb, 0xed, 0xdb, 0xed, 0xe3, 0xcd, 0xe3,
    0xcc, 0xe3, 0xcc, 0xe3, 0xcc, 0xe3, 0xcc, 0xe3, 0xcd, 0xe3, 0xcc, 0xe3,
    0xcd, 0xe3, 0xcd, 0xe3, 0xec, 0xe3, 0x2e, 0xdc, 0x4f, 0xd4, 0x4f, 0xdc,
    0x4f, 0xdc, 0x2e, 0xdc, 0xed, 0xe3, 0xed, 0xe3, 0x0d, 0xec, 0x2d, 0xe4,
    0x2e, 0xe4, 0x2d, 0xec, 0x2d, 0xec, 0x0d, 0xe4, 0x0d, 0xe4, 0x0d, 0xe4,
    0x0d, 0xe4, 0xed, 0xe3, 0x0d, 0xe4, 0x0d, 0xe4, 0x0d, 0xe4, 0x2d, 0xe4,
    0x2d, 0xe4, 0x0d, 0xec, 0x0d, 0xe4, 0x8c, 0xb3, 0xc9, 0x31, 0xa9, 0x29,
    0xa9, 0x21, 0xa9, 0x21, 0xc9, 0x21, 0xa9, 0x29, 0xa9, 0x21, 0xa9, 0x29,
    0xa9, 0x29, 0xa9, 0x21, 0xa9, 0x29, 0xa9, 0x21, 0xc9, 0x29, 0xa9, 0x29,
    0xa9, 0x21, 0xa9, 0x29, 0xa9, 0x29, 0xc9, 0x39, 0xe9, 0x39, 0xa9, 0x29,
    0xa9, 0x29, 0xa9, 0x21, 0xa9, 0x21, 0xa9, 0x29, 0xa9, 0x29, 0xe9, 0x39,
    0x2d, 0xdc, 0x4d, 0xe4, 0x4d, 0xe4, 0x4d, 0xe4, 0x4d, 0xe4, 0x6e, 0xec,
    0x6e, 0xec, 0x8e, 0xe4, 0x8e, 0xec, 0xae, 0xec, 0xaf, 0xec, 0xcf, 0xec,
    0xf0, 0xec, 0x51, 0xf5, 0x50, 0xed, 0x30, 0xed, 0x30, 0xe5, 0x30, 0xe5,
    0x10, 0xe5, 0x30, 0xdd, 0x72, 0xbd, 0x94, 0xa5, 0xb5, 0xa5, 0xb5, 0xa5,
    0xd5, 0x9d, 0xf6, 0x8d, 0x17, 0x86, 0xf7, 0x85, 0x17, 0x86, 0x17, 0x86,
    0xf7, 0x7d, 0xd6, 0x85, 0xd6, 0x85, 0xd6, 0x7d, 0xd6, 0x7d, 0xd6, 0x85,
    0xd6, 0x85, 0xf6, 0x7d, 0xf7, 0x7d, 0xf6, 0x7d, 0xd6, 0x85, 0xb6, 0x7d,
    0xd6, 0x7d, 0xb6, 0x7d, 0xb6, 0x7d, 0xb5, 0x85, 0xb5, 0x85, 0xb6, 0x85,
    0xb6, 0x7d, 0xb6, 0x85, 0xb6, 0x85, 0xd6, 0x85, 0xf6, 0x85, 0xf7, 0x85,
    0xf7, 0x85, 0xf6, 0x85, 0x17, 0x86, 0xf7, 0x85, 0xf6, 0x85, 0xf6, 0x85,
    0xd6, 0x85, 0xd6, 0x85, 0xd6, 0x85, 0xd6, 0x85, 0xd6, 0x85, 0xb6, 0x85,
    0xb6, 0x85, 0xd6, 0x85, 0xf6, 0x85, 0xf7, 0x85, 0xf7, 0x7d, 0x17, 0x86,
    0x17, 0x86, 0x16, 0x86, 0x16, 0x86, 0xf6, 0x85, 0xd6, 0x8d, 0xd6, 0x95,
    0x73, 0x9d, 0x30, 0xb5, 0xce, 0xc4, 0xac, 0xd4, 0x8b, 0xdc, 0x8b, 0xe4,
    0x8b, 0xdc, 0xcd, 0xd4, 0x0f, 0xbd, 0x73, 0xa5, 0xd5, 0x95, 0xd6, 0x8d,
    0xf6, 0x8d, 0xf6, 0x8d, 0xf7, 0x85, 0x17, 0x86, 0xf6, 0x85, 0x17, 0x8e,
    0x17, 0x8e, 0x17, 0x8e, 0xf6, 0x8d, 0x74, 0xa5, 0x94, 0xa5, 0x94, 0xa5,
    0xd5, 0x95, 0xd6, 0x95, 0xd6, 0x95, 0xd6, 0x8d, 0xd6, 0x8d, 0xf6, 0x8d,
    0xd6, 0x85, 0xd6, 0x85, 0xd6, 0x85, 0xf7, 0x85, 0x17, 0x86, 0x38, 0x86,
    0x38, 0x86, 0x37, 0x86, 0x58, 0x86, 0x58, 0x86, 0x58, 0x7e, 0x57, 0x86,
    0x38, 0x86, 0x58, 0x7e, 0x58, 0x86, 0x58, 0x86, 0x58, 0x86, 0x58, 0x86,
    0x58, 0x86, 0x58, 0x86, 0x58, 0x86, 0x58, 0x86, 0x58, 0x86, 0x58, 0x86,
    0x58, 0x86, 0x38, 0x86, 0x38, 0x7e, 0x17, 0x7e, 0x37, 0x7e, 0x38, 0x7e,
    0x17, 0x86, 0x17, 0x7e, 0x38, 0x86, 0x38, 0x86, 0x37, 0x7e, 0x37, 0x7e,
    0x17, 0x7e, 0x17, 0x86, 0x37, 0x7e, 0x17, 0x7e, 0x17, 0x86, 0x17, 0x86,
    0xf7, 0x7d, 0xf7, 0x7d, 0xf7, 0x85, 0xf7, 0x7d, 0x17, 0x7e, 0x17, 0x86,
    0x17, 0x7e, 0x17, 0x7e, 0x17, 0x86, 0x18, 0x7e, 0x37, 0x7e, 0x38, 0x86,
    0x38, 0x7e, 0x17, 0x7e, 0x37, 0x7e, 0x18, 0x86, 0x17, 0x7e, 0x17, 0x7e,
    0x38, 0x7e, 0x37, 0x7e, 0x38, 0x7e, 0x37, 0x7e, 0x38, 0x7e, 0x37, 0x7e,
    0x17, 0x7e, 0xf1, 0xbc, 0x4f, 0xdc, 0x6f, 0xe4, 0x6f, 0xe4, 0x6e, 0xe4,
    0x4e, 0xe4, 0x2e, 0xdc, 0x2d, 0xdc, 0x8f, 0xe4, 0x10, 0xed, 0x31, 0xf5,
    0x31, 0xed, 0x11, 0xe5, 0x31, 0xe5, 0x31, 0xed, 0x31, 0xed, 0x31, 0xf5,
    0x31, 0xf5, 0x11, 0xed, 0xcf, 0xf4, 0xaf, 0xf4, 0x8f, 0xec, 0x8f, 0xf4,
    0x6e, 0xf4, 0x6e, 0xf4, 0x4e, 0xf4, 0x4e, 0xf4, 0x4e, 0xf4, 0x4e, 0xf4,
    0x4e, 0xec, 0x4e, 0xec, 0x2e, 0xe4, 0x2e, 0xe4, 0x2e, 0xe4, 0x2e, 0xe4,
    0x2e, 0xe4, 0x2e, 0xe4, 0x0e, 0xe4, 0x0e, 0xe4, 0x0e, 0xdc, 0x0e, 0xe4,
    0x0e, 0xe4, 0x0e, 0xdc, 0x0d, 0xe4, 0xee, 0xe3, 0xed, 0xdb, 0xed, 0xe3,
    0xed, 0xe3, 0xcd, 0xe3, 0xcd, 0xe3, 0xcd, 0xe3, 0xac, 0xeb, 0xac, 0xe3,
    0x8c, 0xe3, 0x8c, 0xeb, 0x8c, 0xeb, 0x6c, 0xeb, 0x6b, 0xeb, 0x6b, 0xeb,
    0x4b, 0xeb, 0x4b, 0xeb, 0x4b, 0xeb, 0x4b, 0xeb, 0x4b, 0xeb, 0x4b, 0xeb,
    0x6b, 0xeb, 0x4b, 0xeb, 0x4b, 0xeb, 0x4b, 0xeb, 0xed, 0xdb, 0xac, 0xdb,
    0xac, 0xdb, 0xac, 0xdb, 0xad, 0xdb, 0xcc, 0xdb, 0xcd, 0xdb, 0xed, 0xdb,
    0x0e, 0xdc, 0x0d, 0xdc, 0xed, 0xdb, 0xcc, 0xdb, 0xcc, 0xe3, 0xcc, 0xe3,
    0xcc, 0xe3, 0xcd, 0xe3, 0xcc, 0xe3, 0xcc, 0xe3, 0xcd, 0xe3, 0xcc, 0xe3,
    0xcc, 0xe3, 0xec, 0xe3, 0xec, 0xe3, 0xed, 0xe3, 0xcc, 0xe3, 0x0e, 0xdc,
    0x4e, 0xdc, 0x4f, 0xdc, 0x4e, 0xdc, 0x2e, 0xdc, 0xed, 0xe3, 0x0d, 0xe4,
    0x2d, 0xe4, 0x2d, 0xe4, 0x2d, 0xe4, 0x2e, 0xe4, 0x2d, 0xe4, 0x2d, 0xe4,
    0x2d, 0xe4, 0x0d, 0xe4, 0x0d, 0xe4, 0x0d, 0xe4, 0x0d, 0xe4, 0x0d, 0xe4,
    0x0d, 0xe4, 0x0d, 0xec, 0x2d, 0xe4, 0x0d, 0xec, 0x0d, 0xe4, 0x2d, 0xe4,
    0x6c, 0xa3, 0xc9, 0x29, 0xa9, 0x29, 0xa8, 0x29, 0xa9, 0x21, 0xa9, 0x21,
    0xa9, 0x29, 0xa9, 0x21, 0xa9, 0x29, 0xc9, 0x21, 0xa9, 0x21, 0xa9, 0x29,
    0xa9, 0x29, 0xa9, 0x29, 0xc9, 0x29, 0xa9, 0x29, 0xc9, 0x29, 0xc9, 0x31,
    0xe9, 0x39, 0xa9, 0x29, 0xa9, 0x29, 0xa9, 0x21, 0xa9, 0x29, 0xa9, 0x29,
    0xc9, 0x29, 0x2a, 0x4a, 0x2d, 0xe4, 0x2d, 0xe4, 0x2d, 0xe4, 0x2d, 0xe4,
    0x4d, 0xe4, 0x4d, 0xe4, 0x4d, 0xe4, 0x6e, 0xec, 0x8e, 0xec, 0xae, 0xec,
    0xaf, 0xec, 0xcf, 0xec, 0xcf, 0xec, 0xef, 0xec, 0x31, 0xf5, 0x51, 0xed,
    0x51, 0xed, 0x30, 0xed, 0x10, 0xe5, 0x30, 0xe5, 0x30, 0xe5, 0x93, 0xb5,
    0xb5, 0xa5, 0xb5, 0x9d, 0xb4, 0xa5, 0xf6, 0x8d, 0xf6, 0x8d, 0x17, 0x86,
    0x17, 0x86, 0x17, 0x86, 0xf7, 0x85, 0xd6, 0x7d, 0xf6, 0x85, 0xd6, 0x7d,
    0xd6, 0x7d, 0xd6, 0x85, 0xf7, 0x85, 0xf7, 0x7d, 0xd6, 0x7d, 0xf6, 0x7d,
    0xd6, 0x7d, 0xd6, 0x85, 0xd6, 0x7d, 0xd6, 0x7d, 0xb6, 0x7d, 0xb6, 0x85,
    0xb5, 0x85, 0xb5, 0x85, 0x96, 0x7d, 0xb5, 0x85, 0xd6, 0x85, 0xf7, 0x85,
    0x17, 0x86, 0x17, 0x86, 0xf7, 0x85, 0xf7, 0x85, 0x17, 0x86, 0xf7, 0x85,
    0xf7, 0x85, 0xf7, 0x85, 0xf6, 0x85, 0xd6, 0x85, 0xd6, 0x85, 0xd6, 0x85,
    0xd6, 0x85, 0xb6, 0x7d, 0xb6, 0x85, 0xf7, 0x85, 0x17, 0x86, 0xf6, 0x85,
    0x17, 0x86, 0x17, 0x86, 0xf7, 0x85, 0xf7, 0x85, 0xf6, 0x8d, 0xd6, 0x95,
    0x93, 0xa5, 0xee, 0xcc, 0x69, 0xec, 0x48, 0xfc, 0x27, 0xfc, 0x27, 0xfc,
    0x27, 0xfc, 0x27, 0xfc, 0x27, 0xfc, 0x27, 0xfc, 0x27, 0xfc, 0x27, 0xfc,
    0x8b, 0xe4, 0x51, 0xb5, 0xd5, 0x9d, 0xd6, 0x95, 0xf6, 0x8d, 0x17, 0x8e,
    0x17, 0x86, 0x17, 0x8e, 0x16, 0x8e, 0x17, 0x8e, 0xf7, 0x8d, 0xb5, 0x9d,
    0xd5, 0x9d, 0xf6, 0x95, 0xf6, 0x95, 0xf6, 0x8d, 0x17, 0x86, 0x17, 0x86,
    0x17, 0x86, 0xf6, 0x85, 0xd6, 0x85, 0xd6, 0x85, 0xf7, 0x85, 0x17, 0x86,
    0x37, 0x86, 0x37, 0x86, 0x38, 0x7e, 0x58, 0x86, 0x38, 0x86, 0x58, 0x86,
    0x58, 0x7e, 0x58, 0x7e, 0x58, 0x86, 0x58, 0x86, 0x58, 0x86, 0x58, 0x86,
    0x78, 0x86, 0x58, 0x86, 0x58, 0x86, 0x58, 0x86, 0x58, 0x86, 0x58, 0x86,
    0x58, 0x86, 0x58, 0x86, 0x58, 0x86, 0x58, 0x86, 0x38, 0x86, 0x17, 0x86,
    0x17, 0x86, 0x38, 0x7e, 0x37, 0x7e, 0x17, 0x7e, 0x38, 0x7e, 0x37, 0x86,
    0x38, 0x7e, 0x38, 0x86, 0x37, 0x86, 0x37, 0x7e, 0x37, 0x86, 0x37, 0x7e,
    0x37, 0x7e, 0x37, 0x86, 0x17, 0x86, 0x17, 0x7e, 0x17, 0x7e, 0xf7, 0x7d,
    0x17, 0x7e, 0x17, 0x7e, 0x17, 0x7e, 0x17, 0x7e, 0x17, 0x86, 0x37, 0x7e,
    0x18, 0x7e, 0x17, 0x7e, 0x37, 0x86, 0x38, 0x7e, 0x17, 0x7e, 0x38, 0x86,
    0x38, 0x7e, 0x37, 0x7e, 0x17, 0x7e, 0x38, 0x86, 0x38, 0x7e, 0x17, 0x7e,
    0x18, 0x7e, 0x17, 0x7e, 0xf6, 0x8d, 0x12, 0xcd, 0xf0, 0xf4, 0x11, 0xf5,
    0x10, 0xf5, 0x11, 0xf5, 0xf1, 0xf4, 0x6e, 0xec, 0x4e, 0xec, 0xf0, 0xec,
    0x31, 0xf5, 0x31, 0xf5, 0x31, 0xf5, 0x51, 0xf5, 0x32, 0xed, 0x31, 0xf5,
    0x31, 0xf5, 0x11, 0xf5, 0x10, 0xf5, 0xaf, 0xf4, 0x8f, 0xf4, 0x8e, 0xf4,
    0x6e, 0xf4, 0x6e, 0xf4, 0x4e, 0xf4, 0x4e, 0xec, 0x4e, 0xf4, 0x4e, 0xf4,
    0x4e, 0xf4, 0x2e, 0xf4, 0x2d, 0xf4, 0x2e, 0xec, 0x2e, 0xe4, 0x2e, 0xe4,
    0x0e, 0xe4, 0x0e, 0xe4, 0x0d, 0xe4, 0x0e, 0xe4, 0x0e, 0xe4, 0x0d, 0xe4,
    0x0d, 0xe4, 0x0d, 0xe4, 0xed, 0xe3, 0xed, 0xe3, 0xed, 0xeb, 0xcd, 0xeb,
    0xcd, 0xeb, 0xcd, 0xeb, 0xac, 0xeb, 0x8c, 0xeb, 0x8c, 0xeb, 0x8c, 0xeb,
    0x8c, 0xeb, 0x8c, 0xeb, 0x8c, 0xe3, 0x8c, 0xe3, 0x8c, 0xe3, 0x6b, 0xeb,
    0x6b, 0xeb, 0x6b, 0xeb, 0x4c, 0xf3, 0x4b, 0xeb, 0x4b, 0xeb, 0x4b, 0xeb,
    0x4b, 0xeb, 0x4b, 0xeb, 0x4b, 0xeb, 0x4b, 0xeb, 0x4b, 0xeb, 0x4b, 0xeb,
    0xcd, 0xdb, 0xcd, 0xdb, 0xac, 0xdb, 0xac, 0xdb, 0xac, 0xdb, 0xac, 0xdb,
    0xcd, 0xdb, 0xcd, 0xdb, 0xed, 0xdb, 0xed, 0xdb, 0xad, 0xdb, 0xac, 0xdb,
    0xac, 0xe3, 0xac, 0xe3, 0xcc, 0xe3, 0xcd, 0xe3, 0xcc, 0xe3, 0xcd, 0xe3,
    0xed, 0xe3, 0xcc, 0xe3, 0xed, 0xe3, 0xed, 0xe3, 0xcc, 0xe3, 0xed, 0xe3,
    0xec, 0xe3, 0x0d, 0xe4, 0x2e, 0xdc, 0x4e, 0xdc, 0x2e, 0xdc, 0x0d, 0xe4,
    0x0d, 0xe4, 0x0d, 0xe4, 0x0d, 0xe4, 0x2d, 0xe4, 0x2e, 0xec, 0x2d, 0xe4,
    0x2d, 0xec, 0x2d, 0xec, 0x2e, 0xec, 0x0d, 0xe4, 0x0d, 0xe4, 0x0d, 0xec,
    0x0d, 0xe4, 0x0d, 0xe4, 0x0d, 0xec, 0x0d, 0xe4, 0x2d, 0xe4, 0x0d, 0xec,
    0x0d, 0xec, 0x2d, 0xec, 0x4d, 0xe4, 0xaa, 0x72, 0xa9, 0x29, 0xa9, 0x29,
    0xa9, 0x21, 0xa9, 0x21, 0xa9, 0x29, 0xa9, 0x21, 0xa9, 0x29, 0xa9, 0x29,
    0xa9, 0x21, 0xa9, 0x21, 0xa9, 0x29, 0xc9, 0x29, 0xa9, 0x29, 0xc9, 0x29,
    0xc9, 0x29, 0xa9, 0x29, 0xa9, 0x29, 0xa9, 0x29, 0xa9, 0x21, 0xa9, 0x29,
    0xa9, 0x29, 0xa9, 0x29, 0xc9, 0x29, 0xcb, 0x7a, 0x2d, 0xe4, 0x2d, 0xe4,
    0x2d, 0xe4, 0x2d, 0xe4, 0x2d, 0xe4, 0x2d, 0xe4, 0x4d, 0xe4, 0x4e, 0xec,
    0x6e, 0xe4, 0x6e, 0xec, 0x8e, 0xec, 0x8e, 0xec, 0xaf, 0xec, 0xcf, 0xec,
    0xf0, 0xec, 0x31, 0xf5, 0x71, 0xf5, 0x51, 0xed, 0x50, 0xed, 0x30, 0xed,
    0x30, 0xe5, 0x31, 0xdd, 0xb4, 0xa5, 0xb5, 0xa5, 0xd5, 0xa5, 0xb5, 0x9d,
    0xd5, 0x95, 0xf6, 0x95, 0x17, 0x86, 0x17, 0x86, 0x17, 0x86, 0xf6, 0x7d,
    0xd7, 0x85, 0xd6, 0x85, 0xd6, 0x7d, 0xd6, 0x7d, 0xf6, 0x85, 0xf7, 0x85,
    0xf6, 0x85, 0xf7, 0x7d, 0xf7, 0x7d, 0xd6, 0x7d, 0xd6, 0x85, 0xd6, 0x85,
    0xd6, 0x7d, 0xb6, 0x7d, 0xb6, 0x7d, 0xb6, 0x85, 0xb6, 0x85, 0xd6, 0x85,
    0xf6, 0x85, 0xf7, 0x85, 0xf7, 0x85, 0x16, 0x86, 0x17, 0x86, 0xf7, 0x85,
    0x17, 0x86, 0xf6, 0x85, 0xf6, 0x85, 0xf7, 0x85, 0xf7, 0x85, 0xf7, 0x85,
    0xd7, 0x85, 0xd6, 0x85, 0xd6, 0x85, 0xb6, 0x85, 0xb6, 0x85, 0xf6, 0x85,
    0x17, 0x86, 0xf6, 0x85, 0xf6, 0x8d, 0xf6, 0x8d, 0x17, 0x8e, 0xf6, 0x8d,
    0xd5, 0x95, 0x0f, 0xc5, 0x69, 0xf4, 0x27, 0xfc, 0x06, 0xfc, 0x26, 0xfc,
    0x06, 0xfc, 0x06, 0xfc, 0x26, 0xfc, 0x06, 0xfc, 0x06, 0xfc, 0x06, 0xfc,
    0x26, 0xfc, 0x07, 0xfc, 0x27, 0xfc, 0x27, 0xfc, 0xab, 0xdc, 0x73, 0xad,
    0xd6, 0x95, 0xf6, 0x8d, 0xf6, 0x8d, 0xf6, 0x8d, 0xd6, 0x95, 0xd5, 0x95,
    0xf6, 0x95, 0xf6, 0x95, 0x17, 0x8e, 0x37, 0x86, 0x37, 0x86, 0x38, 0x86,
    0x37, 0x86, 0x37, 0x86, 0x37, 0x86, 0xf7, 0x85, 0xf7, 0x85, 0xf7, 0x85,
    0x17, 0x86, 0x17, 0x86, 0x38, 0x86, 0x38, 0x86, 0x38, 0x86, 0x58, 0x86,
    0x38, 0x86, 0x58, 0x86, 0x57, 0x86, 0x58, 0x7e, 0x58, 0x7e, 0x58, 0x86,
    0x58, 0x86, 0x58, 0x86, 0x58, 0x86, 0x58, 0x86, 0x58, 0x86, 0x58, 0x86,
    0x58, 0x86, 0x58, 0x86, 0x58, 0x86, 0x58, 0x86, 0x58, 0x86, 0x58, 0x86,
    0x38, 0x86, 0x38, 0x86, 0x37, 0x86, 0x17, 0x86, 0x17, 0x7e, 0x37, 0x86,
    0x37, 0x86, 0x38, 0x7e, 0x37, 0x86, 0x38, 0x86, 0x38, 0x7e, 0x38, 0x86,
    0x58, 0x86, 0x38, 0x7e, 0x37, 0x7e, 0x37, 0x86, 0x17, 0x86, 0x17, 0x7e,
    0xf7, 0x7d, 0x17, 0x86, 0x37, 0x7e, 0x18, 0x7e, 0x38, 0x86, 0x37, 0x86,
    0x17, 0x86, 0x38, 0x7e, 0x17, 0x86, 0x17, 0x7e, 0x37, 0x86, 0x18, 0x7e,
    0x17, 0x86, 0x17, 0x86, 0xf7, 0x85, 0xf6, 0x85, 0xd6, 0x7d, 0x38, 0x7e,
    0x17, 0x7e, 0x37, 0x7e, 0x38, 0x7e, 0x37, 0x7e, 0xf6, 0x95, 0xf1, 0xdc,
    0xf0, 0xf4, 0x11, 0xf5, 0x11, 0xf5, 0x11, 0xf5, 0x11, 0xf5, 0x8f, 0xf4,
    0xd0, 0xf4, 0x31, 0xf5, 0x31, 0xf5, 0x31, 0xf5, 0x31, 0xf5, 0x52, 0xf5,
    0x31, 0xf5, 0x31, 0xf5, 0x11, 0xf5, 0xf0, 0xf4, 0xaf, 0xf4, 0x2d, 0xf4,
    0x0d, 0xf4, 0x0d, 0xf4, 0x0d, 0xf4, 0x0d, 0xf4, 0x2d, 0xf4, 0x0d, 0xf4,
    0x0d, 0xf4, 0x0c, 0xf4, 0x0c, 0xf4, 0xed, 0xf3, 0xed, 0xf3, 0xec, 0xf3,
    0xec, 0xf3, 0xec, 0xf3, 0xcd, 0xf3, 0xcc, 0xf3, 0xec, 0xf3, 0xcd, 0xf3,
    0xed, 0xeb, 0xed, 0xeb, 0xed, 0xeb, 0xcd, 0xeb, 0xed, 0xeb, 0xcd, 0xeb,
    0xcd, 0xeb, 0xac, 0xeb, 0xac, 0xeb, 0x8b, 0xeb, 0x8c, 0xeb, 0xac, 0xeb,
    0xac, 0xeb, 0xac, 0xe3, 0xad, 0xe3, 0xad, 0xe3, 0xad, 0xe3, 0xad, 0xe3,
    0x8c, 0xe3, 0x8c, 0xe3, 0x4b, 0xeb, 0x4b, 0xeb, 0x4b, 0xeb, 0x6b, 0xeb,
    0x4b, 0xf3, 0x4b, 0xeb, 0x4b, 0xeb, 0x4b, 0xeb, 0x4b, 0xeb, 0x4b, 0xeb,
    0x4b, 0xeb, 0x2b, 0xeb, 0xcd, 0xdb, 0xac, 0xdb, 0xac, 0xe3, 0xad, 0xe3,
    0xac, 0xdb, 0xac, 0xdb, 0xcc, 0xdb, 0xcd, 0xdb, 0xed, 0xdb, 0xcd, 0xdb,
    0xac, 0xdb, 0xac, 0xdb, 0xac, 0xdb, 0xac, 0xe3, 0xcc, 0xe3, 0xcc, 0xe3,
    0xcc, 0xe3, 0xcc, 0xe3, 0xcc, 0xe3, 0xcc, 0xe3, 0xed, 0xe3, 0xcc, 0xe3,
    0xcc, 0xe3, 0xcd, 0xe3, 0xed, 0xe3, 0xed, 0xe3, 0x0e, 0xdc, 0x2e, 0xdc,
    0x2e, 0xdc, 0x0d, 0xe4, 0x0d, 0xe4, 0x0d, 0xe4, 0x2d, 0xe4, 0x2d, 0xe4,
    0x2e, 0xe4, 0x0d, 0xec, 0x2d, 0xe4, 0x2e, 0xe4, 0x2d, 0xec, 0x0d, 0xec,
    0x0d, 0xe4, 0x0d, 0xe4, 0xed, 0xe3, 0x0d, 0xe4, 0x0d, 0xe4, 0x0d, 0xe4,
    0x0d, 0xe4, 0x2d, 0xec, 0x0d, 0xe4, 0x2d, 0xec, 0x4d, 0xec, 0xeb, 0x82,
    0xa9, 0x29, 0xa9, 0x29, 0xa9, 0x21, 0xa9, 0x21, 0xa9, 0x29, 0xa9, 0x21,
    0xa9, 0x21, 0xa9, 0x29, 0xa9, 0x21, 0xa9, 0x21, 0xa9, 0x29, 0xa9, 0x29,
    0xc9, 0x29, 0xa9, 0x29, 0xa9, 0x29, 0xc9, 0x29, 0xc9, 0x29, 0xa9, 0x29,
    0xa9, 0x21, 0xa9, 0x29, 0xa9, 0x29, 0xa9, 0x29, 0xc9, 0x31, 0x8c, 0xb3,
    0x2d, 0xe4, 0x2d, 0xe4, 0x2d, 0xe4, 0x2d, 0xe4, 0x2d, 0xe4, 0x2d, 0xe4,
    0x2d, 0xe4, 0x4d, 0xe4, 0x4d, 0xe4, 0x4e, 0xe4, 0x6e, 0xec, 0x6e, 0xec,
    0x6e, 0xe4, 0x8e, 0xec, 0xcf, 0xec, 0x10, 0xed, 0x51, 0xf5, 0x71, 0xf5,
    0x51, 0xed, 0x31, 0xed, 0x30, 0xed, 0x30, 0xe5, 0x72, 0xc5, 0xb4, 0xa5,
    0xb4, 0xad, 0x94, 0xad, 0xb4, 0xad, 0xb4, 0xad, 0xf5, 0x9d, 0x37, 0x86,
    0x17, 0x86, 0x17, 0x86, 0xf7, 0x85, 0xf6, 0x85, 0xf6, 0x85, 0xf7, 0x85,
    0xf7, 0x85, 0xf6, 0x85, 0xd6, 0x85, 0xf6, 0x85, 0xf7, 0x85, 0xf7, 0x7d,
    0x17, 0x86, 0xd6, 0x85, 0xf7, 0x85, 0xf6, 0x7d, 0xf7, 0x85, 0xf7, 0x85,
    0xf7, 0x85, 0x17, 0x86, 0x17, 0x86, 0x17, 0x86, 0x17, 0x86, 0x16, 0x7e,
    0x17, 0x86, 0x17, 0x86, 0x16, 0x86, 0xf7, 0x85, 0xf6, 0x85, 0xf6, 0x85,
    0xf7, 0x85, 0xf7, 0x85, 0xf6, 0x85, 0xd6, 0x85, 0xd6, 0x85, 0xd6, 0x85,
    0xd6, 0x85, 0xd6, 0x85, 0x17, 0x86, 0x17, 0x8e, 0x17, 0x8e, 0x37, 0x8e,
    0x16, 0x8e, 0xd4, 0x9d, 0xcc, 0xdc, 0x47, 0xfc, 0x26, 0xfc, 0x06, 0xfc,
    0x06, 0xfc, 0x06, 0xfc, 0x06, 0xfc, 0x06, 0xfc, 0x26, 0xfc, 0x26, 0xfc,
    0x06, 0xfc, 0x06, 0xfc, 0x06, 0xfc, 0x26, 0xfc, 0x07, 0xfc, 0x27, 0xfc,
    0x27, 0xfc, 0x6a, 0xec, 0x50, 0xbd, 0xd5, 0x95, 0xd6, 0x8d, 0xf6, 0x8d,
    0x16, 0x96, 0x37, 0x8e, 0x58, 0x86, 0x38, 0x86, 0x37, 0x7e, 0x38, 0x86,
    0x38, 0x86, 0x38, 0x86, 0x38, 0x86, 0x37, 0x7e, 0x38, 0x86, 0x37, 0x86,
    0x17, 0x86, 0x17, 0x86, 0x37, 0x86, 0x38, 0x86, 0x38, 0x86, 0x58, 0x7e,
    0x58, 0x86, 0x38, 0x86, 0x58, 0x7e, 0x38, 0x7e, 0x38, 0x86, 0x37, 0x86,
    0x58, 0x86, 0x58, 0x86, 0x78, 0x86, 0x78, 0x86, 0x79, 0x86, 0x78, 0x86,
    0x58, 0x86, 0x58, 0x86, 0x58, 0x86, 0x58, 0x86, 0x58, 0x86, 0x58, 0x86,
    0x58, 0x86, 0x58, 0x8e, 0x58, 0x86, 0x58, 0x86, 0x38, 0x86, 0x17, 0x86,
    0x17, 0x7e, 0x38, 0x86, 0x38, 0x86, 0x38, 0x7e, 0x57, 0x86, 0x58, 0x86,
    0x58, 0x7e, 0x57, 0x7e, 0x58, 0x7e, 0x38, 0x7e, 0x38, 0x86, 0x38, 0x86,
    0x38, 0x86, 0x37, 0x86, 0x17, 0x86, 0x37, 0x86, 0x37, 0x86, 0x17, 0x86,
    0x17, 0x86, 0x17, 0x86, 0x17, 0x86, 0xf6, 0x8d, 0xd6, 0x8d, 0xd6, 0x8d,
    0xd6, 0x8d, 0xf6, 0x8d, 0xd6, 0x8d, 0xb5, 0x8d, 0x95, 0x95, 0x54, 0x9d,
    0xf2, 0xac, 0xf1, 0xb4, 0xf1, 0xc4, 0x12, 0xd5, 0x11, 0xdd, 0xf1, 0xe4,
    0xb0, 0xf4, 0xb0, 0xf4, 0xf0, 0xf4, 0x11, 0xf5, 0x11, 0xf5, 0x11, 0xf5,
    0x10, 0xf5, 0x10, 0xf5, 0x31, 0xf5, 0x31, 0xf5, 0x31, 0xed, 0x51, 0xed,
    0x52, 0xf5, 0x11, 0xf5, 0xaf, 0xf4, 0x8f, 0xf4, 0x4e, 0xf4, 0x2e, 0xf4,
    0x2d, 0xf4, 0x2d, 0xf4, 0x0d, 0xf4, 0x0d, 0xf4, 0x0d, 0xf4, 0xec, 0xf3,
    0xec, 0xf3, 0xec, 0xf3, 0xec, 0xf3, 0xec, 0xf3, 0xec, 0xf3, 0xec, 0xf3,
    0xed, 0xf3, 0xec, 0xf3, 0xec, 0xf3, 0xcd, 0xf3, 0xec, 0xf3, 0xcd, 0xf3,
    0xcc, 0xf3, 0xcc, 0xf3, 0xed, 0xeb, 0xcd, 0xeb, 0xcd, 0xeb, 0xcc, 0xeb,
    0xcc, 0xeb, 0xac, 0xf3, 0x8b, 0xf3, 0x8b, 0xeb, 0xac, 0xeb, 0xcd, 0xeb,
    0xcc, 0xeb, 0xcd, 0xeb, 0xad, 0xe3, 0xad, 0xe3, 0xac, 0xe3, 0xad, 0xe3,
    0xad, 0xe3, 0x8c, 0xe3, 0x8c, 0xe3, 0x8c, 0xe3, 0x6c, 0xeb, 0x6c, 0xeb,
    0x6b, 0xeb, 0x6b, 0xeb, 0x4b, 0xeb, 0x4b, 0xeb, 0x4b, 0xeb, 0x4b, 0xeb,
    0x4b, 0xeb, 0x2b, 0xeb, 0x2b, 0xeb, 0x4b, 0xeb, 0xac, 0xdb, 0xac, 0xdb,
    0xac, 0xdb, 0xac, 0xdb, 0xad, 0xe3, 0xac, 0xdb, 0xcd, 0xdb, 0xcd, 0xdb,
    0xcd, 0xdb, 0xac, 0xdb, 0xac, 0xdb, 0xac, 0xe3, 0xac, 0xe3, 0xac, 0xdb,
    0xac, 0xe3, 0xcd, 0xe3, 0xcc, 0xe3, 0xed, 0xe3, 0xcc, 0xe3, 0xcc, 0xe3,
    0xed, 0xe3, 0xec, 0xe3, 0xcc, 0xe3, 0xed, 0xe3, 0xec, 0xe3, 0xed, 0xe3,
    0xed, 0xe3, 0x0d, 0xdc, 0x0d, 0xe4, 0x0d, 0xec, 0x0d, 0xe4, 0x0d, 0xec,
    0x2d, 0xec, 0x2e, 0xe4, 0x2d, 0xe4, 0x2d, 0xec, 0x2e, 0xe4, 0x2d, 0xe4,
    0x2d, 0xe4, 0x0d, 0xec, 0x0d, 0xe4, 0x0d, 0xe4, 0x0d, 0xe4, 0x0d, 0xe4,
    0x0d, 0xec, 0x0d, 0xe4, 0x2d, 0xe4, 0x2d, 0xec, 0x0d, 0xe4, 0x2d, 0xe4,
    0x2d, 0xe4, 0x8a, 0x6a, 0xa9, 0x29, 0xa9, 0x21, 0xa9, 0x29, 0xa9, 0x21,
    0xa9, 0x29, 0xa9, 0x29, 0xa9, 0x21, 0xa9, 0x21, 0xa9, 0x29, 0xa9, 0x21,
    0xa9, 0x29, 0xc9, 0x29, 0xc9, 0x29, 0xa9, 0x29, 0xc9, 0x29, 0xc9, 0x29,
    0xa9, 0x29, 0xaa, 0x29, 0xa9, 0x29, 0xc9, 0x29, 0xc9, 0x29, 0xc9, 0x29,
    0x29, 0x4a, 0x0d, 0xdc, 0x2d, 0xe4, 0x2d, 0xe4, 0x2d, 0xe4, 0x2d, 0xe4,
    0x2d, 0xe4, 0x2d, 0xec, 0x2d, 0xe4, 0x4d, 0xe4, 0x4d, 0xe4, 0x4d, 0xec,
    0x6e, 0xe4, 0x6e, 0xe4, 0x6e, 0xec, 0x8e, 0xec, 0x8e, 0xec, 0xd0, 0xec,
    0x51, 0xf5, 0x72, 0xf5, 0x72, 0xf5, 0x51, 0xf5, 0x51, 0xed, 0x30, 0xed,
    0x30, 0xe5, 0x72, 0xbd, 0x73, 0xb5, 0x93, 0xb5, 0x72, 0xcd, 0x93, 0xbd,
    0xb4, 0xb5, 0xf6, 0x95, 0x17, 0x86, 0x17, 0x86, 0x17, 0x86, 0xf7, 0x85,
    0xf7, 0x7d, 0xf6, 0x85, 0xf7, 0x85, 0xf6, 0x85, 0xf6, 0x85, 0xf7, 0x85,
    0x16, 0x8e, 0x17, 0x86, 0x38, 0x86, 0x37, 0x86, 0x37, 0x86, 0x38, 0x86,
    0x37, 0x86, 0x37, 0x86, 0x17, 0x7e, 0x37, 0x86, 0x17, 0x86, 0xf7, 0x85,
    0x17, 0x86, 0x16, 0x86, 0x17, 0x86, 0x17, 0x86, 0x17, 0x86, 0xf7, 0x85,
    0x17, 0x86, 0xf6, 0x85, 0xf6, 0x85, 0xf7, 0x85, 0xf7, 0x85, 0xf6, 0x85,
    0xf7, 0x85, 0xd6, 0x85, 0xf6, 0x85, 0xd6, 0x85, 0x17, 0x8e, 0x37, 0x86,
    0x17, 0x8e, 0x17, 0x8e, 0xd4, 0xa5, 0xab, 0xe4, 0x27, 0xfc, 0x06, 0xfc,
    0x26, 0xfc, 0x27, 0xfc, 0x06, 0xfc, 0x27, 0xfc, 0x26, 0xfc, 0x07, 0xfc,
    0x26, 0xfc, 0x27, 0xfc, 0x06, 0xfc, 0x27, 0xfc, 0x27, 0xfc, 0x06, 0xfc,
    0x26, 0xfc, 0x07, 0xfc, 0x27, 0xfc, 0x27, 0xfc, 0x48, 0xf4, 0x2f, 0xc5,
    0xf6, 0x95, 0x17, 0x8e, 0x38, 0x86, 0x58, 0x86, 0x58, 0x86, 0x58, 0x86,
    0x58, 0x86, 0x57, 0x86, 0x38, 0x86, 0x37, 0x86, 0x58, 0x86, 0x38, 0x86,
    0x38, 0x86, 0x38, 0x86, 0x37, 0x86, 0x37, 0x86, 0x38, 0x7e, 0x37, 0x7e,
    0x57, 0x86, 0x38, 0x7e, 0x38, 0x7e, 0x57, 0x86, 0x58, 0x86, 0x38, 0x7e,
    0x58, 0x86, 0x58, 0x86, 0x58, 0x86, 0x58, 0x86, 0x58, 0x86, 0x79, 0x86,
    0x58, 0x86, 0x78, 0x86, 0x58, 0x86, 0x58, 0x86, 0x58, 0x86, 0x58, 0x86,
    0x58, 0x86, 0x58, 0x86, 0x58, 0x8e, 0x78, 0x86, 0x58, 0x86, 0x58, 0x86,
    0x38, 0x86, 0x38, 0x86, 0x17, 0x7e, 0x17, 0x86, 0x38, 0x86, 0x37, 0x86,
    0x38, 0x86, 0x58, 0x86, 0x57, 0x86, 0x38, 0x86, 0x58, 0x86, 0x57, 0x86,
    0x38, 0x86, 0x37, 0x86, 0x37, 0x86, 0x37, 0x86, 0x17, 0x86, 0x17, 0x86,
    0xf7, 0x85, 0xf6, 0x8d, 0xd6, 0x8d, 0xb6, 0x8d, 0xb5, 0x95, 0x74, 0x9d,
    0x53, 0xa5, 0xf2, 0xb4, 0xb1, 0xbc, 0x6f, 0xcc, 0x0e, 0xd4, 0xed, 0xe3,
    0xac, 0xeb, 0xab, 0xeb, 0xac, 0xf3, 0xac, 0xf3, 0x2d, 0xec, 0xaf, 0xec,
    0xd0, 0xf4, 0xd0, 0xf4, 0xd0, 0xf4, 0xd0, 0xf4, 0xf0, 0xf4, 0x10, 0xf5,
    0x11, 0xf5, 0x10, 0xf5, 0x11, 0xf5, 0x11, 0xf5, 0x31, 0xf5, 0x31, 0xf5,
    0x31, 0xf5, 0x51, 0xf5, 0x31, 0xf5, 0x8f, 0xf4, 0x2d, 0xf4, 0x2d, 0xf4,
    0x2d, 0xf4, 0x2d, 0xf4, 0x0d, 0xec, 0x0d, 0xf4, 0x2d, 0xf4, 0x0d, 0xf4,
    0xed, 0xf3, 0xec, 0xf3, 0xed, 0xf3, 0xed, 0xf3, 0xec, 0xf3, 0xed, 0xf3,
    0xed, 0xf3, 0xec, 0xf3, 0xed, 0xf3, 0xed, 0xf3, 0xec, 0xf3, 0xed, 0xf3,
    0xcc, 0xf3, 0xec, 0xf3, 0xed, 0xeb, 0xcc, 0xf3, 0xcc, 0xf3, 0xcc, 0xf3,
    0xcc, 0xf3, 0xac, 0xf3, 0xac, 0xf3, 0xac, 0xeb, 0xac, 0xf3, 0xed, 0xeb,
    0x0d, 0xec, 0xcd, 0xeb, 0xcd, 0xe3, 0xad, 0xe3, 0xad, 0xe3, 0xad, 0xe3,
    0xad, 0xdb, 0xad, 0xe3, 0x8c, 0xe3, 0x8c, 0xe3, 0x8c, 0xe3, 0x8c, 0xe3,
    0x6c, 0xe3, 0x6c, 0xe3, 0x6c, 0xe3, 0x6c, 0xeb, 0x4b, 0xeb, 0x4b, 0xeb,
    0x4b, 0xeb, 0x4b, 0xeb, 0x4b, 0xeb, 0x2b, 0xeb, 0x4b, 0xeb, 0x2b, 0xeb,
    0x8c, 0xe3, 0x8c, 0xdb, 0xac, 0xdb, 0xac, 0xdb, 0xac, 0xdb, 0xac, 0xdb,
    0xac, 0xe3, 0xad, 0xe3, 0xac, 0xdb, 0xac, 0xdb, 0xac, 0xe3, 0x8c, 0xdb,
    0xac, 0xe3, 0xac, 0xe3, 0xcc, 0xe3, 0xcc, 0xe3, 0xcd, 0xe3, 0xcc, 0xe3,
    0xcd, 0xe3, 0xcc, 0xe3, 0xed, 0xe3, 0xcc, 0xe3, 0xec, 0xe3, 0xed, 0xe3,
    0x0d, 0xe4, 0x0d, 0xe4, 0x0d, 0xe4, 0x0d, 0xe4, 0xed, 0xe3, 0x0d, 0xe4,
    0x2d, 0xec, 0x2e, 0xe4, 0x2d, 0xe4, 0x2e, 0xe4, 0x2d, 0xe4, 0x2e, 0xec,
    0x2d, 0xe4, 0x2d, 0xec, 0x0d, 0xe4, 0xed, 0xeb, 0x0d, 0xe4, 0x0d, 0xe4,
    0x0d, 0xe4, 0x0d, 0xe4, 0x0d, 0xe4, 0x0d, 0xe4, 0x0d, 0xe4, 0x2d, 0xec,
    0x0d, 0xec, 0x2d, 0xe4, 0xcc, 0xcb, 0xea, 0x39, 0xa9, 0x29, 0xa9, 0x29,
    0xa9, 0x29, 0xa9, 0x21, 0xa9, 0x29, 0xa9, 0x29, 0x89, 0x21, 0xa9, 0x21,
    0xa9, 0x29, 0xa9, 0x29, 0xa9, 0x29, 0xc9, 0x29, 0xc9, 0x29, 0xa9, 0x29,
    0xa9, 0x29, 0xc9, 0x29, 0xa9, 0x29, 0xc9, 0x29, 0xc9, 0x29, 0xc9, 0x29,
    0xa9, 0x29, 0xc9, 0x31, 0x0b, 0x93, 0xed, 0xe3, 0x0d, 0xe4, 0x2d, 0xe4,
    0x2d, 0xe4, 0x2d, 0xe4, 0x2d, 0xe4, 0x2d, 0xe4, 0x2e, 0xe4, 0x4d, 0xe4,
    0x4d, 0xe4, 0x4d, 0xec, 0x4d, 0xe4, 0x6e, 0xe4, 0x6e, 0xec, 0x8e, 0xe4,
    0x8e, 0xec, 0xaf, 0xec, 0x10, 0xed, 0x72, 0xf5, 0x72, 0xf5, 0x72, 0xed,
    0x71, 0xf5, 0x51, 0xed, 0x30, 0xe5, 0x51, 0xcd, 0x52, 0xc5, 0x93, 0xc5,
    0x51, 0xdd, 0x51, 0xdd, 0xb3, 0xbd, 0xd5, 0xad, 0x37, 0x86, 0x37, 0x86,
    0x17, 0x86, 0x17, 0x86, 0x17, 0x86, 0x17, 0x86, 0x17, 0x86, 0x17, 0x86,
    0xf7, 0x8d, 0x17, 0x8e, 0x17, 0x8e, 0x17, 0x8e, 0x37, 0x86, 0x37, 0x86,
    0xf6, 0x95, 0x17, 0x86, 0x38, 0x86, 0x38, 0x86, 0x38, 0x86, 0x37, 0x7e,
    0x17, 0x7e, 0x17, 0x86, 0x17, 0x86, 0xf6, 0x85, 0x16, 0x86, 0xf7, 0x85,
    0xf7, 0x85, 0x16, 0x86, 0x17, 0x86, 0x17, 0x86, 0x17, 0x86, 0x17, 0x86,
    0x17, 0x86, 0x17, 0x86, 0xf7, 0x85, 0x17, 0x86, 0x17, 0x86, 0x17, 0x86,
    0x17, 0x8e, 0x17, 0x8e, 0x17, 0x8e, 0xf5, 0x9d, 0xab, 0xdc, 0x27, 0xfc,
    0x06, 0xfc, 0x06, 0xfc, 0x27, 0xfc, 0x06, 0xfc, 0x06, 0xfc, 0x26, 0xfc,
    0x06, 0xfc, 0x06, 0xfc, 0x06, 0xfc, 0x26, 0xfc, 0x06, 0xfc, 0x26, 0xfc,
    0x07, 0xfc, 0x26, 0xfc, 0x06, 0xfc, 0x06, 0xfc, 0x06, 0xfc, 0x26, 0xfc,
    0x27, 0xfc, 0x48, 0xf4, 0x51, 0xb5, 0xf6, 0x8d, 0x37, 0x8e, 0x38, 0x86,
    0x58, 0x86, 0x58, 0x86, 0x58, 0x86, 0x38, 0x86, 0x58, 0x86, 0x58, 0x7e,
    0x57, 0x7e, 0x37, 0x86, 0x38, 0x86, 0x38, 0x7e, 0x58, 0x7e, 0x38, 0x86,
    0x38, 0x86, 0x58, 0x86, 0x58, 0x86, 0x58, 0x86, 0x57, 0x86, 0x58, 0x86,
    0x58, 0x86, 0x57, 0x86, 0x58, 0x7e, 0x58, 0x86, 0x58, 0x86, 0x58, 0x86,
    0x79, 0x86, 0x79, 0x86, 0x78, 0x86, 0x79, 0x86, 0x58, 0x86, 0x78, 0x86,
    0x78, 0x86, 0x58, 0x8e, 0x78, 0x8e, 0x58, 0x86, 0x58, 0x8e, 0x58, 0x86,
    0x58, 0x86, 0x58, 0x86, 0x58, 0x86, 0x58, 0x86, 0x17, 0x86, 0x37, 0x86,
    0x37, 0x86, 0x38, 0x86, 0x57, 0x86, 0x37, 0x86, 0x38, 0x86, 0x58, 0x86,
    0x37, 0x86, 0x37, 0x86, 0x37, 0x86, 0x58, 0x86, 0x38, 0x86, 0x37, 0x86,
    0x17, 0x86, 0x17, 0x86, 0x17, 0x86, 0xf6, 0x8d, 0xb6, 0x95, 0x94, 0x9d,
    0x33, 0xa5, 0xd1, 0xb4, 0x6f, 0xc4, 0x0d, 0xd4, 0xcd, 0xe3, 0xac, 0xeb,
    0xcc, 0xeb, 0xcc, 0xeb, 0xcc, 0xf3, 0xcc, 0xf3, 0xcc, 0xeb, 0xcc, 0xf3,
    0xed, 0xf3, 0xaf, 0xec, 0xf0, 0xf4, 0xf0, 0xf4, 0xf0, 0xf4, 0xf0, 0xf4,
    0xf0, 0xf4, 0xf0, 0xf4, 0xf0, 0xf4, 0x11, 0xf5, 0x11, 0xf5, 0x11, 0xf5,
    0x31, 0xf5, 0x31, 0xf5, 0x31, 0xf5, 0x31, 0xf5, 0x11, 0xf5, 0x8f, 0xf4,
    0x4e, 0xf4, 0x2d, 0xf4, 0x2d, 0xec, 0x0d, 0xec, 0x0d, 0xec, 0x2d, 0xec,
    0x0d, 0xec, 0x0d, 0xec, 0x0d, 0xf4, 0xed, 0xf3, 0xec, 0xf3, 0xec, 0xf3,
    0xed, 0xf3, 0xec, 0xf3, 0xec, 0xf3, 0xec, 0xf3, 0xec, 0xf3, 0xcd, 0xf3,
    0xcc, 0xf3, 0xcc, 0xf3, 0xcc, 0xf3, 0xcc, 0xf3, 0xcc, 0xf3, 0xcc, 0xf3,
    0xcc, 0xf3, 0xcc, 0xf3, 0xcc, 0xf3, 0xcc, 0xf3, 0xac, 0xf3, 0xcc, 0xf3,
    0xed, 0xeb, 0x0d, 0xec, 0xed, 0xeb, 0xcc, 0xeb, 0xad, 0xe3, 0xcd, 0xe3,
    0xcd, 0xe3, 0xad, 0xdb, 0xac, 0xdb, 0xac, 0xe3, 0x8c, 0xe3, 0x8c, 0xe3,
    0x8c, 0xe3, 0x8c, 0xe3, 0x6c, 0xe3, 0x6c, 0xe3, 0x6b, 0xeb, 0x6b, 0xe3,
    0x4c, 0xeb, 0x4b, 0xeb, 0x4b, 0xeb, 0x4b, 0xeb, 0x2b, 0xeb, 0x4b, 0xeb,
    0x2b, 0xeb, 0x2a, 0xeb, 0x8c, 0xdb, 0x8c, 0xdb, 0xac, 0xe3, 0xac, 0xdb,
    0xad, 0xdb, 0xac, 0xdb, 0xac, 0xdb, 0xcc, 0xe3, 0xac, 0xdb, 0xac, 0xe3,
    0x8c, 0xdb, 0x8c, 0xdb, 0xac, 0xdb, 0xac, 0xe3, 0xac, 0xe3, 0xcc, 0xe3,
    0xcc, 0xe3, 0xcc, 0xe3, 0xcc, 0xdb, 0xcc, 0xe3, 0xed, 0xe3, 0xed, 0xe3,
    0xcc, 0xe3, 0xcd, 0xe3, 0xed, 0xe3, 0x4d, 0xe4, 0x0d, 0xe4, 0x0d, 0xe4,
    0x0d, 0xe4, 0x2d, 0xe4, 0x2d, 0xec, 0x2e, 0xe4, 0x2d, 0xe4, 0x2e, 0xe4,
    0x2e, 0xe4, 0x2d, 0xec, 0x2d, 0xe4, 0x2d, 0xec, 0x0d, 0xec, 0x0d, 0xe4,
    0x0d, 0xe4, 0x0d, 0xec, 0x0d, 0xe4, 0x0d, 0xe4, 0x0d, 0xe4, 0x0d, 0xec,
    0x2d, 0xe4, 0x0d, 0xec, 0x0d, 0xec, 0x0d, 0xec, 0xaa, 0x72, 0xa9, 0x29,
    0xa9, 0x29, 0xa9, 0x21, 0xa9, 0x29, 0xa9, 0x21, 0xa9, 0x21, 0xa9, 0x29,
    0xa9, 0x29, 0xa9, 0x21, 0xa9, 0x21, 0xa9, 0x29, 0xa9, 0x29, 0xa9, 0x29,
    0xc9, 0x29, 0xa9, 0x29, 0xc9, 0x29, 0xaa, 0x29, 0xc9, 0x29, 0xc9, 0x29,
    0xc9, 0x29, 0xc9, 0x29, 0xc9, 0x31, 0x4a, 0x5a, 0xcc, 0xd3, 0x0d, 0xe4,
    0xed, 0xe3, 0x0d, 0xe4, 0x0d, 0xe4, 0x2d, 0xe4, 0x2d, 0xe4, 0x2d, 0xe4,
    0x2d, 0xe4, 0x4e, 0xe4, 0x4e, 0xe4, 0x4d, 0xe4, 0x4d, 0xec, 0x6e, 0xec,
    0x6e, 0xec, 0x8e, 0xe4, 0x8f, 0xec, 0xaf, 0xec, 0xcf, 0xec, 0x51, 0xed,
    0x72, 0xf5, 0x72, 0xf5, 0x72, 0xf5, 0x72, 0xf5, 0x51, 0xed, 0x31, 0xd5,
    0x51, 0xcd, 0x72, 0xc5, 0x51, 0xdd, 0x30, 0xe5, 0x93, 0xc5, 0xb4, 0xb5,
    0x16, 0x9e, 0x17, 0x8e, 0x17, 0x8e, 0x17, 0x86, 0x17, 0x86, 0x17, 0x86,
    0x37, 0x86, 0x17, 0x8e, 0x17, 0x8e, 0xf6, 0x95, 0x16, 0x96, 0x17, 0x8e,
    0x37, 0x8e, 0x38, 0x86, 0xf6, 0x9d, 0xb4, 0xad, 0x37, 0x8e, 0x38, 0x86,
    0x37, 0x86, 0x17, 0x7e, 0x17, 0x7e, 0x17, 0x7e, 0x17, 0x7e, 0x17, 0x7e,
    0x17, 0x86, 0x17, 0x86, 0x17, 0x86, 0x37, 0x86, 0x17, 0x86, 0x17, 0x86,
    0x17, 0x86, 0x17, 0x86, 0x17, 0x8e, 0x17, 0x8e, 0x17, 0x86, 0x17, 0x86,
    0x17, 0x8e, 0x17, 0x8e, 0x37, 0x8e, 0x17, 0x8e, 0xf6, 0x95, 0x0e, 0xcd,
    0x27, 0xfc, 0x27, 0xfc, 0x07, 0xfc, 0x07, 0xfc, 0x06, 0xfc, 0x27, 0xfc,
    0x27, 0xfc, 0x26, 0xfc, 0x27, 0xfc, 0x07, 0xfc, 0x07, 0xfc, 0x06, 0xfc,
    0x07, 0xfc, 0x07, 0xfc, 0x06, 0xfc, 0x07, 0xfc, 0x07, 0xfc, 0x06, 0xfc,
    0x06, 0xfc, 0x07, 0xfc, 0x07, 0xfc, 0x07, 0xfc, 0x49, 0xf4, 0xb4, 0xa5,
    0x17, 0x8e, 0x37, 0x8e, 0x37, 0x86, 0x57, 0x86, 0x57, 0x86, 0x38, 0x86,
    0x37, 0x86, 0x58, 0x86, 0x58, 0x86, 0x58, 0x86, 0x57, 0x86, 0x57, 0x86,
    0x58, 0x86, 0x58, 0x7e, 0x58, 0x7e, 0x58, 0x86, 0x58, 0x86, 0x58, 0x86,
    0x58, 0x86, 0x38, 0x7e, 0x58, 0x86, 0x58, 0x86, 0x38, 0x86, 0x58, 0x7e,
    0x58, 0x86, 0x58, 0x86, 0x78, 0x86, 0x78, 0x86, 0x79, 0x86, 0x78, 0x86,
    0x58, 0x86, 0x59, 0x86, 0x58, 0x86, 0x58, 0x8e, 0x58, 0x86, 0x78, 0x86,
    0x58, 0x8e, 0x58, 0x8e, 0x58, 0x86, 0x58, 0x86, 0x58, 0x86, 0x58, 0x86,
    0x38, 0x86, 0x37, 0x86, 0x37, 0x86, 0x38, 0x86, 0x58, 0x86, 0x37, 0x86,
    0x57, 0x86, 0x58, 0x86, 0x37, 0x8e, 0x37, 0x8e, 0x37, 0x86, 0x58, 0x86,
    0x58, 0x86, 0x58, 0x86, 0x38, 0x86, 0x37, 0x86, 0x37, 0x86, 0x17, 0x8e,
    0xf6, 0x95, 0xf6, 0x95, 0x17, 0x8e, 0x17, 0x86, 0x17, 0x86, 0x13, 0xa5,
    0xed, 0xe3, 0xed, 0xeb, 0xec, 0xeb, 0xec, 0xf3, 0xed, 0xf3, 0xec, 0xeb,
    0x0d, 0xf4, 0x8f, 0xf4, 0xd0, 0xf4, 0xd0, 0xf4, 0xf0, 0xf4, 0xd0, 0xf4,
    0xd0, 0xf4, 0xf0, 0xf4, 0xf0, 0xf4, 0xd0, 0xf4, 0xd0, 0xf4, 0xf0, 0xf4,
    0x10, 0xf5, 0x10, 0xf5, 0x11, 0xf5, 0x11, 0xf5, 0x31, 0xf5, 0x31, 0xf5,
    0x31, 0xed, 0xd0, 0xf4, 0x6e, 0xf4, 0x2d, 0xf4, 0x2e, 0xec, 0x0e, 0xec,
    0x2d, 0xec, 0x2e, 0xec, 0x0d, 0xec, 0x0d, 0xec, 0x0d, 0xec, 0x0d, 0xf4,
    0x0d, 0xf4, 0xec, 0xf3, 0xed, 0xf3, 0xec, 0xf3, 0xec, 0xf3, 0xec, 0xf3,
    0xec, 0xf3, 0xcd, 0xf3, 0xec, 0xf3, 0xcc, 0xf3, 0xcc, 0xf3, 0xcc, 0xf3,
    0xcc, 0xf3, 0xcc, 0xf3, 0xcc, 0xf3, 0xcc, 0xf3, 0xac, 0xeb, 0xac, 0xf3,
    0xac, 0xf3, 0xcc, 0xeb, 0x0d, 0xec, 0xed, 0xeb, 0xcd, 0xeb, 0xac, 0xe3,
    0xcd, 0xe3, 0xad, 0xdb, 0xcd, 0xdb, 0xcd, 0xe3, 0xac, 0xe3, 0x8c, 0xe3,
    0x8d, 0xe3, 0x8c, 0xe3, 0x6c, 0xe3, 0x6c, 0xeb, 0x6c, 0xeb, 0x6b, 0xeb,
    0x4b, 0xeb, 0x4b, 0xeb, 0x4b, 0xeb, 0x4b, 0xeb, 0x4b, 0xeb, 0x4b, 0xeb,
    0x2a, 0xeb, 0x4b, 0xeb, 0x4b, 0xeb, 0x2a, 0xeb, 0x8c, 0xdb, 0xac, 0xdb,
    0xac, 0xe3, 0xac, 0xdb, 0xac, 0xdb, 0xad, 0xdb, 0xad, 0xdb, 0xcc, 0xdb,
    0xad, 0xdb, 0xac, 0xe3, 0xac, 0xe3, 0x8c, 0xdb, 0xac, 0xe3, 0xac, 0xdb,
    0xac, 0xe3, 0xac, 0xe3, 0xcc, 0xe3, 0xcd, 0xe3, 0xcc, 0xdb, 0xcc, 0xe3,
    0xed, 0xe3, 0xec, 0xe3, 0xcc, 0xe3, 0xed, 0xe3, 0xec, 0xe3, 0xed, 0xe3,
    0x4e, 0xec, 0x2d, 0xec, 0x0d, 0xe4, 0x2d, 0xec, 0x4e, 0xe4, 0x2e, 0xec,
    0x2d, 0xe4, 0x2d, 0xe4, 0x2d, 0xe4, 0x0d, 0xec, 0x2d, 0xe4, 0x0d, 0xe4,
    0x0d, 0xec, 0xec, 0xe3, 0x0d, 0xe4, 0x0d, 0xe4, 0x0d, 0xe4, 0x0d, 0xe4,
    0x0d, 0xe4, 0x0d, 0xe4, 0x0d, 0xec, 0x0d, 0xec, 0x0d, 0xe4, 0xcc, 0xcb,
    0xc9, 0x31, 0xc9, 0x31, 0xa9, 0x29, 0xa9, 0x21, 0xa9, 0x29, 0xa9, 0x21,
    0xa9, 0x21, 0x89, 0x29, 0xa9, 0x29, 0xa9, 0x29, 0xa9, 0x29, 0xa9, 0x21,
    0xa9, 0x29, 0xc9, 0x29, 0xc9, 0x29, 0xc9, 0x29, 0xa9, 0x29, 0xc9, 0x29,
    0xa9, 0x29, 0xc9, 0x31, 0xa9, 0x31, 0xa9, 0x31, 0xe9, 0x41, 0x6b, 0xab,
    0x0d, 0xe4, 0xed, 0xe3, 0x0c, 0xe4, 0x0c, 0xe4, 0x0d, 0xe4, 0x2d, 0xe4,
    0x2d, 0xe4, 0x2d, 0xec, 0x2d, 0xe4, 0x4e, 0xec, 0x4e, 0xe4, 0x4e, 0xe4,
    0x4d, 0xe4, 0x4e, 0xec, 0x6e, 0xe4, 0x8e, 0xec, 0x8e, 0xe4, 0xaf, 0xec,
    0xaf, 0xec, 0x30, 0xed, 0x72, 0xf5, 0x72, 0xf5, 0x72, 0xf5, 0x72, 0xf5,
    0x72, 0xf5, 0x51, 0xdd, 0x72, 0xcd, 0x72, 0xcd, 0x51, 0xdd, 0x2f, 0xed,
    0x51, 0xd5, 0x93, 0xcd, 0xb4, 0xbd, 0x16, 0x96, 0x16, 0x96, 0x17, 0x8e,
    0x17, 0x8e, 0x17, 0x8e, 0x17, 0x8e, 0x16, 0x96, 0x17, 0x8e, 0xd5, 0xa5,
    0xb4, 0xb5, 0xb4, 0xad, 0x16, 0x96, 0x37, 0x8e, 0x93, 0xbd, 0x72, 0xd5,
    0xb3, 0xb5, 0x37, 0x86, 0x38, 0x86, 0x38, 0x86, 0x38, 0x86, 0x37, 0x86,
    0x17, 0x7e, 0x17, 0x86, 0x17, 0x7e, 0x17, 0x7e, 0x37, 0x86, 0x38, 0x86,
    0x37, 0x86, 0x17, 0x86, 0xf6, 0x8d, 0xf6, 0x95, 0xd6, 0x95, 0x17, 0x8e,
    0x37, 0x86, 0x37, 0x86, 0x37, 0x86, 0x17, 0x8e, 0x37, 0x8e, 0x17, 0x8e,
    0x93, 0xad, 0x48, 0xf4, 0x27, 0xfc, 0x06, 0xfc, 0x06, 0xfc, 0x27, 0xfc,
    0x26, 0xfc, 0x27, 0xfc, 0x26, 0xfc, 0x27, 0xfc, 0x27, 0xfc, 0x26, 0xfc,
    0x27, 0xfc, 0x27, 0xfc, 0x26, 0xfc, 0x27, 0xfc, 0x06, 0xfc, 0x06, 0xfc,
    0x27, 0xfc, 0x07, 0xfc, 0x06, 0xfc, 0x06, 0xfc, 0x06, 0xfc, 0x06, 0xfc,
    0x27, 0xfc, 0xcc, 0xdc, 0xf6, 0x95, 0x37, 0x8e, 0x38, 0x8e, 0x38, 0x86,
    0x57, 0x8e, 0x57, 0x86, 0x37, 0x86, 0x37, 0x86, 0x58, 0x86, 0x38, 0x86,
    0x38, 0x86, 0x38, 0x86, 0x37, 0x86, 0x38, 0x86, 0x57, 0x86, 0x57, 0x86,
    0x38, 0x86, 0x37, 0x86, 0x37, 0x86, 0x58, 0x86, 0x57, 0x86, 0x38, 0x86,
    0x58, 0x86, 0x58, 0x86, 0x58, 0x86, 0x78, 0x86, 0x78, 0x86, 0x78, 0x8e,
    0x79, 0x86, 0x78, 0x86, 0x78, 0x8e, 0x78, 0x8e, 0x58, 0x86, 0x58, 0x86,
    0x58, 0x86, 0x78, 0x86, 0x78, 0x86, 0x78, 0x8e, 0x78, 0x8e, 0x58, 0x8e,
    0x58, 0x8e, 0x58, 0x86, 0x58, 0x8e, 0x37, 0x8e, 0x17, 0x8e, 0x37, 0x8e,
    0x17, 0x8e, 0x17, 0x8e, 0x37, 0x8e, 0x37, 0x8e, 0x17, 0x8e, 0x37, 0x8e,
    0x38, 0x8e, 0x58, 0x86, 0x57, 0x86, 0x37, 0x86, 0x38, 0x8e, 0x38, 0x86,
    0x38, 0x8e, 0x37, 0x86, 0x37, 0x86, 0xd6, 0xa5, 0xb4, 0xb5, 0xf6, 0x95,
    0xd2, 0xb4, 0x6f, 0xcc, 0x0d, 0xec, 0x0d, 0xec, 0xec, 0xf3, 0xed, 0xf3,
    0x0d, 0xf4, 0x2d, 0xf4, 0x8f, 0xf4, 0xf0, 0xf4, 0xf0, 0xf4, 0xf0, 0xf4,
    0xf0, 0xf4, 0xd0, 0xf4, 0xf0, 0xf4, 0xf0, 0xf4, 0xd0, 0xf4, 0xd0, 0xf4,
    0x8f, 0xf4, 0x8f, 0xf4, 0xd0, 0xf4, 0xf0, 0xf4, 0x10, 0xf5, 0x10, 0xf5,
    0x11, 0xf5, 0x10, 0xf5, 0xf0, 0xf4, 0xaf, 0xf4, 0x6e, 0xf4, 0x2e, 0xec,
    0x2e, 0xec, 0x0d, 0xec, 0x2e, 0xec, 0x0e, 0xec, 0x2d, 0xec, 0x0d, 0xec,
    0x2d, 0xec, 0x0d, 0xec, 0x0d, 0xec, 0xed, 0xf3, 0xec, 0xf3, 0xed, 0xf3,
    0xed, 0xf3, 0xec, 0xf3, 0xec, 0xf3, 0xcc, 0xf3, 0xcc, 0xf3, 0xcc, 0xf3,
    0xcc, 0xf3, 0xcc, 0xf3, 0xcc, 0xf3, 0xcc, 0xf3, 0xcc, 0xf3, 0xcc, 0xf3,
    0xcc, 0xf3, 0xcc, 0xeb, 0xcc, 0xf3, 0x0d, 0xec, 0x0d, 0xec, 0xed, 0xeb,
    0xcd, 0xe3, 0xcd, 0xe3, 0xad, 0xe3, 0xad, 0xe3, 0xad, 0xdb, 0xad, 0xe3,
    0x8c, 0xe3, 0x8d, 0xe3, 0x8c, 0xe3, 0x8c, 0xe3, 0x6c, 0xe3, 0x6c, 0xe3,
    0x6b, 0xeb, 0x6c, 0xe3, 0x6c, 0xe3, 0x6c, 0xe3, 0x4b, 0xeb, 0x4b, 0xeb,
    0x4b, 0xeb, 0x4b, 0xeb, 0x4b, 0xeb, 0x2b, 0xeb, 0x2b, 0xeb, 0x2b, 0xeb,
    0x8c, 0xdb, 0xac, 0xdb, 0xac, 0xdb, 0x8c, 0xe3, 0xac, 0xdb, 0xac, 0xdb,
    0xac, 0xe3, 0xcd, 0xdb, 0xac, 0xdb, 0x8c, 0xdb, 0x8c, 0xe3, 0x8c, 0xe3,
    0xac, 0xdb, 0xac, 0xe3, 0xac, 0xe3, 0xac, 0xdb, 0xcc, 0xe3, 0xcd, 0xe3,
    0xed, 0xe3, 0xed, 0xe3, 0xcc, 0xe3, 0xcd, 0xe3, 0xed, 0xe3, 0xcc, 0xe3,
    0xec, 0xe3, 0xcd, 0xe3, 0x2d, 0xe4, 0x4e, 0xec, 0x2d, 0xec, 0x4e, 0xe4,
    0x2d, 0xe4, 0x2d, 0xe4, 0x2d, 0xe4, 0x2e, 0xec, 0x0d, 0xe4, 0x0d, 0xe4,
    0x0d, 0xec, 0x0d, 0xec, 0x0d, 0xec, 0xed, 0xe3, 0x0d, 0xec, 0x0d, 0xe4,
    0x0d, 0xe4, 0x0d, 0xe4, 0x0d, 0xe4, 0x0d, 0xe4, 0x0d, 0xec, 0x0c, 0xe4,
    0x0d, 0xec, 0x6a, 0x62, 0xc9, 0x31, 0xc9, 0x31, 0xa9, 0x29, 0xa9, 0x29,
    0xa9, 0x29, 0xa9, 0x29, 0xa9, 0x29, 0xa9, 0x21, 0xa9, 0x21, 0xa9, 0x29,
    0xa9, 0x29, 0xa9, 0x21, 0xc9, 0x29, 0xc9, 0x29, 0xa9, 0x29, 0xc9, 0x31,
    0xc9, 0x31, 0xc9, 0x29, 0xa9, 0x29, 0xc9, 0x29, 0xc9, 0x31, 0xea, 0x39,
    0xeb, 0x8a, 0xed, 0xe3, 0x0d, 0xe4, 0xec, 0xe3, 0xed, 0xe3, 0x0c, 0xe4,
    0x0d, 0xe4, 0x0d, 0xe4, 0x2d, 0xe4, 0x2d, 0xe4, 0x4e, 0xe4, 0x4e, 0xe4,
    0x4d, 0xec, 0x4e, 0xe4, 0x4e, 0xe4, 0x4d, 0xe4, 0x6e, 0xe4, 0x6e, 0xec,
    0x8e, 0xec, 0xaf, 0xec, 0xaf, 0xec, 0x10, 0xed, 0x72, 0xf5, 0x72, 0xf5,
    0x72, 0xf5, 0x72, 0xf5, 0x72, 0xf5, 0x72, 0xed, 0x72, 0xdd, 0x72, 0xcd,
    0x30, 0xdd, 0x30, 0xed, 0x51, 0xe5, 0x71, 0xdd, 0x52, 0xdd, 0x94, 0xc5,
    0xf6, 0x9d, 0x16, 0x8e, 0x16, 0x8e, 0x16, 0x96, 0xd5, 0xad, 0xf5, 0x9d,
    0xf6, 0x9d, 0xb3, 0xb5, 0x93, 0xc5, 0x93, 0xbd, 0xb4, 0xb5, 0xd5, 0xa5,
    0x30, 0xe5, 0x10, 0xed, 0x31, 0xd5, 0xb4, 0xb5, 0x37, 0x86, 0x38, 0x86,
    0x38, 0x86, 0x37, 0x86, 0x37, 0x86, 0x38, 0x86, 0x38, 0x86, 0x37, 0x86,
    0x17, 0x86, 0x17, 0x86, 0x17, 0x8e, 0x17, 0x8e, 0xf6, 0x8d, 0xf6, 0x8d,
    0xf6, 0x8d, 0x16, 0x8e, 0x17, 0x8e, 0x38, 0x8e, 0x37, 0x86, 0x37, 0x86,
    0x17, 0x8e, 0xf6, 0x95, 0xcd, 0xd4, 0x27, 0xfc, 0x06, 0xfc, 0x06, 0xfc,
    0x27, 0xfc, 0x26, 0xfc, 0x27, 0xfc, 0x27, 0xfc, 0x26, 0xfc, 0x26, 0xfc,
    0x26, 0xfc, 0x26, 0xfc, 0x47, 0xfc, 0x26, 0xfc, 0x26, 0xfc, 0x27, 0xfc,
    0x27, 0xfc, 0x26, 0xfc, 0x26, 0xfc, 0x27, 0xfc, 0x07, 0xfc, 0x27, 0xfc,
    0x26, 0xfc, 0x07, 0xfc, 0x27, 0xfc, 0x48, 0xfc, 0x93, 0xad, 0x17, 0x8e,
    0x37, 0x8e, 0x38, 0x8e, 0x58, 0x8e, 0x58, 0x86, 0x38, 0x86, 0x57, 0x8e,
    0x37, 0x86, 0x57, 0x86, 0x58, 0x86, 0x37, 0x86, 0x57, 0x86, 0x38, 0x86,
    0x38, 0x86, 0x37, 0x86, 0x37, 0x86, 0x58, 0x86, 0x37, 0x86, 0x37, 0x86,
    0x57, 0x86, 0x37, 0x86, 0x57, 0x86, 0x37, 0x86, 0x38, 0x86, 0x58, 0x8e,
    0x78, 0x8e, 0x78, 0x8e, 0x78, 0x8e, 0x78, 0x8e, 0x58, 0x8e, 0x58, 0x8e,
    0x58, 0x8e, 0x78, 0x8e, 0x58, 0x8e, 0x58, 0x8e, 0x58, 0x8e, 0x58, 0x8e,
    0x58, 0x8e, 0x58, 0x8e, 0x57, 0x8e, 0x37, 0x8e, 0x37, 0x8e, 0x17, 0x96,
    0x17, 0x96, 0x37, 0x8e, 0x17, 0x96, 0x17, 0x96, 0x17, 0x8e, 0x37, 0x8e,
    0x17, 0x8e, 0x37, 0x8e, 0x37, 0x8e, 0x38, 0x86, 0x37, 0x8e, 0x37, 0x8e,
    0x37, 0x86, 0x37, 0x86, 0x37, 0x8e, 0x38, 0x86, 0x37, 0x8e, 0xd6, 0xa5,
    0x52, 0xcd, 0x11, 0xe5, 0x6f, 0xe4, 0x0d, 0xec, 0x0d, 0xf4, 0x2d, 0xf4,
    0x2e, 0xf4, 0x2d, 0xf4, 0x2d, 0xf4, 0xd0, 0xf4, 0x11, 0xfd, 0x11, 0xf5,
    0x10, 0xf5, 0xf0, 0xf4, 0xf1, 0xf4, 0xf0, 0xf4, 0xf0, 0xf4, 0xf0, 0xf4,
    0xd0, 0xf4, 0xd0, 0xf4, 0xae, 0xf4, 0x6e, 0xf4, 0x8f, 0xf4, 0xf0, 0xf4,
    0xf0, 0xf4, 0x10, 0xf5, 0xf0, 0xf4, 0xd0, 0xf4, 0xf0, 0xf4, 0x8f, 0xf4,
    0x6e, 0xf4, 0x4e, 0xec, 0x2d, 0xec, 0x2d, 0xec, 0x0e, 0xec, 0x2d, 0xec,
    0x2e, 0xec, 0x2e, 0xec, 0x2e, 0xe4, 0x2e, 0xe4, 0x2e, 0xe4, 0x2e, 0xe4,
    0x0d, 0xec, 0x0e, 0xe4, 0x0d, 0xec, 0xed, 0xeb, 0xed, 0xeb, 0xed, 0xeb,
    0xed, 0xeb, 0xed, 0xeb, 0xcc, 0xf3, 0xcc, 0xf3, 0xcc, 0xf3, 0xcc, 0xeb,
    0xcc, 0xf3, 0xcc, 0xf3, 0xcd, 0xeb, 0x0d, 0xec, 0x2e, 0xec, 0x2d, 0xec,
    0x0d, 0xec, 0xcd, 0xeb, 0xcd, 0xe3, 0xcd, 0xe3, 0xad, 0xdb, 0xad, 0xe3,
    0xcd, 0xdb, 0xac, 0xe3, 0x8c, 0xe3, 0x8c, 0xe3, 0x8c, 0xe3, 0x8c, 0xe3,
    0x8c, 0xe3, 0x8c, 0xe3, 0x6c, 0xe3, 0x6c, 0xe3, 0x6b, 0xe3, 0x6c, 0xeb,
    0x4b, 0xeb, 0x4b, 0xeb, 0x4b, 0xeb, 0x4b, 0xeb, 0x4b, 0xeb, 0x2b, 0xeb,
    0x2b, 0xeb, 0x2a, 0xeb, 0x8c, 0xe3, 0x8c, 0xdb, 0xac, 0xdb, 0xac, 0xdb,
    0xac, 0xdb, 0xac, 0xdb, 0xac, 0xe3, 0xcd, 0xe3, 0xcd, 0xdb, 0x8c, 0xdb,
    0x8c, 0xe3, 0xac, 0xdb, 0x8c, 0xdb, 0x8c, 0xdb, 0xac, 0xe3, 0xac, 0xe3,
    0xac, 0xdb, 0xcc, 0xe3, 0xec, 0xe3, 0x0d, 0xe4, 0xcc, 0xe3, 0xec, 0xe3,
    0xed, 0xe3, 0xcc, 0xe3, 0xed, 0xe3, 0xec, 0xe3, 0xed, 0xe3, 0x4e, 0xec,
    0x4e, 0xec, 0x2d, 0xe4, 0x2d, 0xec, 0x2e, 0xe4, 0x2e, 0xe4, 0x4d, 0xec,
    0x2d, 0xec, 0xed, 0xe3, 0xed, 0xe3, 0x0d, 0xec, 0x0c, 0xec, 0x0d, 0xe4,
    0x0d, 0xec, 0x0d, 0xec, 0x0d, 0xe4, 0x0d, 0xec, 0x0d, 0xe4, 0x0d, 0xe4,
    0x0d, 0xec, 0x0d, 0xe4, 0xeb, 0x8a, 0xc9, 0x31, 0xc9, 0x31, 0xc9, 0x29,
    0xc9, 0x29, 0xa9, 0x29, 0xa9, 0x21, 0xa9, 0x21, 0xa9, 0x29, 0xa9, 0x29,
    0xa9, 0x21, 0xa9, 0x29, 0xa9, 0x29, 0xa9, 0x29, 0xc9, 0x29, 0x2a, 0x52,
    0x6a, 0x62, 0xe9, 0x39, 0xc9, 0x31, 0xc9, 0x39, 0xe9, 0x39, 0xc9, 0x31,
    0xe9, 0x39, 0xeb, 0x8a, 0xed, 0xdb, 0xec, 0xe3, 0x0d, 0xe4, 0x0d, 0xe4,
    0x0d, 0xe4, 0x0d, 0xe4, 0x0d, 0xe4, 0x0d, 0xe4, 0x2d, 0xe4, 0x2d, 0xe4,
    0x2d, 0xe4, 0x4e, 0xe4, 0x4e, 0xec, 0x4e, 0xec, 0x6e, 0xe4, 0x4d, 0xec,
    0x6e, 0xec, 0x6e, 0xe4, 0x8e, 0xec, 0xaf, 0xec, 0xaf, 0xec, 0x31, 0xed,
    0x72, 0xf5, 0x72, 0xf5, 0x72, 0xf5, 0x71, 0xf5, 0x72, 0xf5, 0x72, 0xf5,
    0x72, 0xed, 0x71, 0xd5, 0x30, 0xe5, 0x30, 0xed, 0x51, 0xed, 0x51, 0xed,
    0x51, 0xed, 0x51, 0xed, 0xb4, 0xc5, 0xf6, 0xa5, 0xf6, 0xa5, 0x94, 0xc5,
    0x93, 0xbd, 0xb4, 0xad, 0xb4, 0xad, 0x72, 0xc5, 0x51, 0xd5, 0x51, 0xd5,
    0x52, 0xcd, 0x10, 0xe5, 0x10, 0xed, 0x0f, 0xed, 0x0f, 0xed, 0xef, 0xe4,
    0x52, 0xc5, 0xd5, 0xa5, 0x16, 0x8e, 0x17, 0x8e, 0x16, 0x96, 0x37, 0x86,
    0x38, 0x86, 0x38, 0x86, 0x17, 0x8e, 0x17, 0x8e, 0x17, 0x8e, 0x17, 0x8e,
    0x17, 0x8e, 0x17, 0x8e, 0x17, 0x8e, 0x17, 0x8e, 0x37, 0x8e, 0x37, 0x8e,
    0x37, 0x8e, 0x38, 0x8e, 0x37, 0x8e, 0xb3, 0xad, 0x68, 0xf4, 0x07, 0xfc,
    0x06, 0xfc, 0x27, 0xfc, 0x26, 0xfc, 0x27, 0xfc, 0x27, 0xfc, 0x26, 0xfc,
    0x47, 0xfc, 0x47, 0xfc, 0x46, 0xfc, 0x47, 0xfc, 0x47, 0xfc, 0x46, 0xfc,
    0x46, 0xfc, 0x47, 0xfc, 0x47, 0xfc, 0x26, 0xfc, 0x26, 0xfc, 0x27, 0xfc,
    0x07, 0xfc, 0x06, 0xfc, 0x07, 0xfc, 0x06, 0xfc, 0x06, 0xfc, 0x27, 0xfc,
    0xcd, 0xd4, 0xf6, 0x8d, 0x17, 0x8e, 0x38, 0x86, 0x38, 0x86, 0x57, 0x8e,
    0x58, 0x86, 0x38, 0x8e, 0x57, 0x86, 0x38, 0x86, 0x57, 0x8e, 0x58, 0x86,
    0x57, 0x86, 0x38, 0x86, 0x38, 0x86, 0x38, 0x86, 0x58, 0x86, 0x58, 0x86,
    0x38, 0x86, 0x58, 0x86, 0x38, 0x86, 0x58, 0x86, 0x37, 0x86, 0x37, 0x86,
    0x38, 0x86, 0x58, 0x8e, 0x78, 0x8e, 0x78, 0x8e, 0x78, 0x8e, 0x79, 0x8e,
    0x58, 0x8e, 0x58, 0x8e, 0x58, 0x8e, 0x58, 0x8e, 0x58, 0x8e, 0x58, 0x8e,
    0x58, 0x8e, 0x38, 0x8e, 0x58, 0x8e, 0x58, 0x8e, 0x37, 0x8e, 0x37, 0x8e,
    0x37, 0x8e, 0x37, 0x96, 0x17, 0x96, 0x16, 0x96, 0x17, 0x96, 0x17, 0x96,
    0x17, 0x96, 0x37, 0x8e, 0x17, 0x96, 0x37, 0x8e, 0x17, 0x8e, 0xf6, 0x95,
    0x17, 0x96, 0x17, 0x96, 0x17, 0x8e, 0x37, 0x8e, 0x37, 0x8e, 0x37, 0x8e,
    0x17, 0x8e, 0xf6, 0x95, 0x31, 0xe5, 0xf1, 0xf4, 0xf0, 0xf4, 0xaf, 0xf4,
    0x8f, 0xf4, 0x6e, 0xf4, 0xb0, 0xf4, 0x8f, 0xf4, 0x8f, 0xf4, 0xf0, 0xf4,
    0x31, 0xfd, 0x11, 0xf5, 0x11, 0xf5, 0x11, 0xf5, 0x11, 0xf5, 0xf0, 0xf4,
    0xf0, 0xf4, 0xd0, 0xf4, 0xd0, 0xf4, 0xd0, 0xf4, 0xaf, 0xf4, 0x6e, 0xf4,
    0x4e, 0xf4, 0x8f, 0xf4, 0xf0, 0xf4, 0xf0, 0xf4, 0xf0, 0xf4, 0xd0, 0xf4,
    0xcf, 0xf4, 0xaf, 0xf4, 0x8e, 0xf4, 0x4e, 0xec, 0x2e, 0xec, 0x2e, 0xe4,
    0x2e, 0xe4, 0x2d, 0xe4, 0x2e, 0xec, 0x2e, 0xe4, 0x2e, 0xec, 0x2e, 0xec,
    0x2e, 0xe4, 0x2e, 0xe4, 0x2e, 0xe4, 0x2e, 0xe4, 0x2e, 0xe4, 0x2e, 0xe4,
    0x0e, 0xe4, 0x0e, 0xe4, 0x0e, 0xec, 0x0d, 0xec, 0xcc, 0xf3, 0xcc, 0xf3,
    0xcc, 0xf3, 0xcc, 0xeb, 0xcd, 0xeb, 0xcc, 0xeb, 0xed, 0xeb, 0x0d, 0xec,
    0x2e, 0xec, 0x0d, 0xec, 0x0d, 0xf4, 0xcd, 0xeb, 0xad, 0xe3, 0xcd, 0xdb,
    0xcd, 0xe3, 0xcd, 0xe3, 0xad, 0xe3, 0xad, 0xe3, 0xad, 0xe3, 0x8c, 0xe3,
    0x8c, 0xe3, 0x8c, 0xe3, 0x8c, 0xe3, 0x8c, 0xe3, 0x6c, 0xe3, 0x6c, 0xe3,
    0x6b, 0xeb, 0x6b, 0xe3, 0x6b, 0xeb, 0x4b, 0xe3, 0x4b, 0xeb, 0x4b, 0xeb,
    0x4b, 0xeb, 0x4b, 0xeb, 0x2b, 0xeb, 0x4b, 0xeb, 0xac, 0xe3, 0x8c, 0xdb,
    0x8c, 0xdb, 0xac, 0xdb, 0xac, 0xdb, 0xac, 0xdb, 0xad, 0xdb, 0xac, 0xdb,
    0xcc, 0xdb, 0x8c, 0xe3, 0x8c, 0xe3, 0xac, 0xdb, 0xac, 0xe3, 0xac, 0xe3,
    0xac, 0xdb, 0xac, 0xe3, 0xac, 0xe3, 0xac, 0xe3, 0xcc, 0xe3, 0xed, 0xe3,
    0xcc, 0xe3, 0xcc, 0xe3, 0xed, 0xe3, 0xed, 0xe3, 0xed, 0xe3, 0xec, 0xe3,
    0xed, 0xe3, 0x4d, 0xec, 0x4e, 0xe4, 0x4e, 0xe4, 0x2d, 0xec, 0x2e, 0xe4,
    0x4e, 0xe4, 0x4e, 0xec, 0x2d, 0xec, 0x0d, 0xe4, 0xed, 0xe3, 0x0d, 0xec,
    0x0d, 0xe4, 0x0d, 0xe4, 0x0d, 0xec, 0x0d, 0xe4, 0x0d, 0xec, 0x0d, 0xec,
    0x0d, 0xec, 0x0d, 0xec, 0xec, 0xdb, 0xca, 0x82, 0xc9, 0x31, 0xc9, 0x31,
    0xa9, 0x29, 0xc9, 0x29, 0xa9, 0x29, 0xa9, 0x29, 0xa9, 0x21, 0xa9, 0x29,
    0xa9, 0x29, 0xa9, 0x29, 0xa9, 0x21, 0xa9, 0x29, 0xa9, 0x21, 0xc9, 0x29,
    0xaa, 0x7a, 0xec, 0xe3, 0xed, 0xe3, 0xec, 0xdb, 0x4c, 0xab, 0xcb, 0x82,
    0x8b, 0x72, 0x8a, 0x72, 0x6c, 0xbb, 0xec, 0xe3, 0xec, 0xe3, 0xec, 0xe3,
    0xec, 0xe3, 0xed, 0xe3, 0x0c, 0xe4, 0x0d, 0xe4, 0x0d, 0xe4, 0x2d, 0xe4,
    0x2d, 0xe4, 0x2d, 0xe4, 0x4d, 0xe4, 0x4e, 0xe4, 0x4e, 0xe4, 0x6d, 0xec,
    0x6e, 0xe4, 0x6e, 0xec, 0x6e, 0xe4, 0x8e, 0xe4, 0x8e, 0xec, 0xaf, 0xec,
    0x10, 0xed, 0x51, 0xf5, 0x72, 0xf5, 0x72, 0xf5, 0x72, 0xf5, 0x72, 0xf5,
    0x72, 0xed, 0x72, 0xf5, 0x92, 0xed, 0x51, 0xe5, 0x30, 0xed, 0x51, 0xed,
    0x51, 0xed, 0x51, 0xf5, 0x52, 0xf5, 0x51, 0xed, 0x72, 0xe5, 0x93, 0xd5,
    0x72, 0xdd, 0x52, 0xed, 0x31, 0xd5, 0x32, 0xcd, 0x72, 0xc5, 0x31, 0xd5,
    0x10, 0xe5, 0x10, 0xed, 0x0f, 0xe5, 0x0f, 0xed, 0x10, 0xed, 0x10, 0xed,
    0x10, 0xed, 0x10, 0xed, 0x51, 0xdd, 0xd5, 0xad, 0x16, 0x96, 0xf6, 0x95,
    0xb4, 0xb5, 0x31, 0xd5, 0x73, 0xad, 0xf6, 0x95, 0x17, 0x8e, 0x17, 0x8e,
    0x17, 0x8e, 0x16, 0x8e, 0x16, 0x8e, 0xf6, 0x8d, 0x16, 0x8e, 0x17, 0x8e,
    0x17, 0x8e, 0x17, 0x8e, 0x17, 0x8e, 0x17, 0x8e, 0x16, 0x96, 0x0f, 0xc5,
    0x28, 0xfc, 0x07, 0xfc, 0x06, 0xfc, 0x26, 0xfc, 0x27, 0xfc, 0x26, 0xfc,
    0x46, 0xfc, 0x46, 0xfc, 0x47, 0xfc, 0x47, 0xfc, 0x46, 0xfc, 0x47, 0xfc,
    0x46, 0xfc, 0x47, 0xfc, 0x47, 0xfc, 0x46, 0xfc, 0x46, 0xfc, 0x47, 0xfc,
    0x27, 0xfc, 0x26, 0xfc, 0x26, 0xfc, 0x27, 0xfc, 0x06, 0xfc, 0x07, 0xfc,
    0x06, 0xfc, 0x07, 0xfc, 0x69, 0xec, 0xd5, 0x9d, 0x17, 0x8e, 0x17, 0x86,
    0x37, 0x86, 0x58, 0x86, 0x38, 0x86, 0x37, 0x86, 0x58, 0x8e, 0x38, 0x86,
    0x37, 0x8e, 0x38, 0x86, 0x38, 0x86, 0x37, 0x86, 0x37, 0x86, 0x37, 0x86,
    0x57, 0x86, 0x37, 0x86, 0x57, 0x8e, 0x57, 0x86, 0x38, 0x8e, 0x58, 0x8e,
    0x37, 0x86, 0x37, 0x86, 0x37, 0x8e, 0x58, 0x8e, 0x78, 0x8e, 0x78, 0x8e,
    0x78, 0x8e, 0x78, 0x8e, 0x78, 0x8e, 0x58, 0x8e, 0x58, 0x8e, 0x58, 0x8e,
    0x58, 0x8e, 0x58, 0x8e, 0x58, 0x8e, 0x57, 0x8e, 0x57, 0x8e, 0x58, 0x8e,
    0x37, 0x8e, 0x38, 0x8e, 0x37, 0x96, 0x17, 0x96, 0xf6, 0x95, 0xf6, 0x9d,
    0xf6, 0x9d, 0xf6, 0x9d, 0xf6, 0x9d, 0xf6, 0x9d, 0xf6, 0x9d, 0xf6, 0x9d,
    0x16, 0x96, 0x16, 0x96, 0x17, 0x8e, 0xf6, 0x95, 0xf6, 0x95, 0xb5, 0xb5,
    0x17, 0x96, 0x17, 0x8e, 0x17, 0x8e, 0xf6, 0x95, 0x52, 0xd5, 0x11, 0xf5,
    0x11, 0xf5, 0x10, 0xf5, 0xd0, 0xf4, 0xd0, 0xf4, 0x11, 0xf5, 0x11, 0xf5,
    0x11, 0xf5, 0x31, 0xf5, 0x31, 0xfd, 0x31, 0xf5, 0x11, 0xf5, 0x11, 0xf5,
    0x11, 0xf5, 0x11, 0xf5, 0xf0, 0xf4, 0xf0, 0xf4, 0xd0, 0xf4, 0xaf, 0xf4,
    0x8f, 0xf4, 0x6e, 0xf4, 0x4d, 0xf4, 0x4e, 0xf4, 0x8f, 0xf4, 0xf0, 0xf4,
    0xd0, 0xf4, 0xcf, 0xf4, 0xcf, 0xf4, 0xd0, 0xf4, 0xaf, 0xf4, 0x6e, 0xec,
    0x2e, 0xec, 0x2e, 0xec, 0x2d, 0xec, 0x2e, 0xec, 0x2d, 0xec, 0x2e, 0xe4,
    0x2e, 0xec, 0x2e, 0xe4, 0x2e, 0xe4, 0x2e, 0xe4, 0x2e, 0xe4, 0x2e, 0xe4,
    0x2e, 0xe4, 0x2e, 0xe4, 0x0e, 0xec, 0x0d, 0xe4, 0x2d, 0xe4, 0x0d, 0xec,
    0xcc, 0xf3, 0xcc, 0xf3, 0xcc, 0xf3, 0xcd, 0xeb, 0xcc, 0xeb, 0xcc, 0xeb,
    0xed, 0xeb, 0x0d, 0xec, 0x2d, 0xec, 0x0d, 0xec, 0x0d, 0xec, 0xcd, 0xeb,
    0xcd, 0xe3, 0xcd, 0xdb, 0xad, 0xe3, 0xad, 0xdb, 0xac, 0xe3, 0xad, 0xe3,
    0xad, 0xe3, 0x8c, 0xdb, 0x8d, 0xe3, 0x8c, 0xe3, 0x8c, 0xe3, 0x6c, 0xe3,
    0x6c, 0xe3, 0x6b, 0xeb, 0x6c, 0xe3, 0x4b, 0xe3, 0x4c, 0xe3, 0x4b, 0xeb,
    0x4b, 0xeb, 0x4b, 0xe3, 0x2b, 0xeb, 0x2a, 0xeb, 0x4b, 0xeb, 0x2b, 0xeb,
    0xac, 0xdb, 0xac, 0xdb, 0x8c, 0xdb, 0xac, 0xdb, 0xac, 0xdb, 0xad, 0xe3,
    0xac, 0xdb, 0xac, 0xdb, 0xac, 0xdb, 0x8c, 0xdb, 0x8c, 0xdb, 0x8c, 0xe3,
    0xab, 0xdb, 0xac, 0xe3, 0xac, 0xe3, 0xac, 0xe3, 0xac, 0xe3, 0xac, 0xe3,
    0xcc, 0xe3, 0xcc, 0xdb, 0xcc, 0xe3, 0xcd, 0xe3, 0xcc, 0xe3, 0xec, 0xe3,
    0xed, 0xe3, 0xed, 0xe3, 0xec, 0xe3, 0x2d, 0xec, 0x4e, 0xe4, 0x2d, 0xe4,
    0x2d, 0xec, 0x2d, 0xe4, 0x4d, 0xec, 0x4e, 0xe4, 0x4d, 0xe4, 0x2d, 0xec,
    0x0d, 0xe4, 0x0d, 0xec, 0xec, 0xe3, 0x0c, 0xec, 0xec, 0xeb, 0x0d, 0xec,
    0x0d, 0xec, 0x0d, 0xe4, 0x0d, 0xec, 0x0b, 0x9b, 0xe9, 0x41, 0xc9, 0x29,
    0xa9, 0x29, 0xc9, 0x29, 0xa9, 0x29, 0xa9, 0x29, 0xa9, 0x29, 0xa9, 0x29,
    0xc9, 0x29, 0xa9, 0x21, 0xa9, 0x29, 0xa9, 0x21, 0xa9, 0x29, 0xa9, 0x29,
    0xa9, 0x29, 0x2a, 0x4a, 0xed, 0xdb, 0xed, 0xe3, 0xec, 0xe3, 0xed, 0xe3,
    0xed, 0xe3, 0x0d, 0xe4, 0xec, 0xe3, 0x0d, 0xe4, 0xed, 0xe3, 0xed, 0xe3,
    0xed, 0xe3, 0xed, 0xe3, 0x0d, 0xe4, 0xec, 0xe3, 0x0d, 0xe4, 0x0d, 0xe4,
    0x0d, 0xe4, 0x2d, 0xe4, 0x2d, 0xe4, 0x2e, 0xe4, 0x4d, 0xe4, 0x4e, 0xec,
    0x6e, 0xe4, 0x6e, 0xe4, 0x6e, 0xe4, 0x6e, 0xec, 0x8e, 0xec, 0x8e, 0xe4,
    0x8f, 0xec, 0xf0, 0xec, 0x31, 0xed, 0x51, 0xf5, 0x51, 0xf5, 0x72, 0xed,
    0x72, 0xf5, 0x72, 0xf5, 0x72, 0xf5, 0x72, 0xf5, 0x72, 0xf5, 0x71, 0xf5,
    0x30, 0xed, 0x51, 0xed, 0x51, 0xf5, 0x51, 0xed, 0x52, 0xed, 0x51, 0xf5,
    0x72, 0xed, 0x52, 0xed, 0x51, 0xed, 0x51, 0xed, 0xef, 0xec, 0xcf, 0xe4,
    0xf0, 0xe4, 0x30, 0xed, 0x10, 0xed, 0x30, 0xed, 0x10, 0xed, 0x10, 0xed,
    0x10, 0xed, 0x10, 0xed, 0x10, 0xed, 0x0f, 0xed, 0x0f, 0xed, 0xb4, 0xbd,
    0xf5, 0xa5, 0xb4, 0xb5, 0x31, 0xd5, 0x0f, 0xed, 0x10, 0xd5, 0x51, 0xc5,
    0xf6, 0x95, 0x16, 0x8e, 0xf6, 0x8d, 0xf6, 0x95, 0xd6, 0x95, 0xd5, 0x95,
    0xd5, 0x9d, 0xd5, 0x9d, 0xd5, 0x9d, 0xd5, 0x9d, 0xd5, 0xa5, 0xd5, 0xa5,
    0xb4, 0xa5, 0xac, 0xdc, 0x28, 0xfc, 0x27, 0xfc, 0x26, 0xfc, 0x26, 0xfc,
    0x27, 0xfc, 0x27, 0xfc, 0x46, 0xfc, 0x47, 0xfc, 0x46, 0xfc, 0x46, 0xfc,
    0x47, 0xfc, 0x46, 0xfc, 0x46, 0xfc, 0x47, 0xfc, 0x47, 0xfc, 0x46, 0xfc,
    0x46, 0xfc, 0x47, 0xfc, 0x46, 0xfc, 0x46, 0xfc, 0x27, 0xfc, 0x26, 0xfc,
    0x06, 0xfc, 0x06, 0xfc, 0x07, 0xfc, 0x27, 0xfc, 0x28, 0xf4, 0x92, 0xad,
    0x17, 0x8e, 0x37, 0x8e, 0x58, 0x8e, 0x38, 0x86, 0x37, 0x86, 0x38, 0x86,
    0x58, 0x86, 0x37, 0x86, 0x37, 0x86, 0x38, 0x86, 0x37, 0x86, 0x58, 0x86,
    0x38, 0x86, 0x37, 0x86, 0x38, 0x86, 0x38, 0x86, 0x37, 0x86, 0x37, 0x86,
    0x37, 0x8e, 0x37, 0x86, 0x38, 0x86, 0x37, 0x8e, 0x37, 0x86, 0x38, 0x86,
    0x58, 0x8e, 0x58, 0x8e, 0x58, 0x8e, 0x58, 0x8e, 0x58, 0x8e, 0x58, 0x8e,
    0x37, 0x8e, 0x37, 0x8e, 0x37, 0x8e, 0x38, 0x8e, 0x37, 0x8e, 0x37, 0x8e,
    0x37, 0x8e, 0x37, 0x96, 0x37, 0x96, 0x17, 0x9e, 0xf6, 0x9d, 0xf6, 0xa5,
    0xd5, 0xa5, 0xd5, 0xa5, 0xd5, 0xa5, 0xd5, 0xa5, 0xd5, 0xa5, 0xd5, 0x9d,
    0xd6, 0x9d, 0xf6, 0x9d, 0xd6, 0x9d, 0x16, 0x96, 0x17, 0x96, 0xf6, 0x95,
    0xb5, 0xa5, 0x31, 0xed, 0xd5, 0xad, 0xf6, 0x95, 0x16, 0x9e, 0xd5, 0xad,
    0x52, 0xe5, 0x31, 0xf5, 0x31, 0xf5, 0x11, 0xf5, 0xd0, 0xfc, 0xd0, 0xf4,
    0x10, 0xfd, 0x31, 0xfd, 0x31, 0xf5, 0x31, 0xfd, 0x31, 0xf5, 0x31, 0xfd,
    0x11, 0xfd, 0x31, 0xf5, 0x11, 0xf5, 0xf0, 0xf4, 0xd0, 0xf4, 0xd0, 0xf4,
    0xaf, 0xf4, 0x8e, 0xf4, 0x6e, 0xec, 0x4e, 0xf4, 0x4d, 0xf4, 0x2d, 0xf4,
    0x2d, 0xf4, 0x6e, 0xf4, 0x6e, 0xf4, 0x6e, 0xf4, 0x6e, 0xf4, 0x6e, 0xf4,
    0x8f, 0xf4, 0x8f, 0xf4, 0x4e, 0xec, 0x4e, 0xec, 0x2e, 0xec, 0x2d, 0xe4,
    0x2e, 0xec, 0x2e, 0xec, 0x2d, 0xe4, 0x2d, 0xec, 0x2e, 0xec, 0x2e, 0xe4,
    0x2e, 0xec, 0x2e, 0xec, 0x2d, 0xe4, 0x2e, 0xec, 0x2d, 0xe4, 0x0d, 0xe4,
    0x0e, 0xec, 0x0d, 0xec, 0xcc, 0xeb, 0xcc, 0xf3, 0xcc, 0xf3, 0xed, 0xeb,
    0xed, 0xeb, 0xed, 0xf3, 0x0d, 0xec, 0x0d, 0xec, 0x0d, 0xec, 0x0d, 0xec,
    0xed, 0xeb, 0xcd, 0xeb, 0xcd, 0xdb, 0xcd, 0xe3, 0xad, 0xe3, 0xac, 0xe3,
    0xad, 0xdb, 0x8c, 0xe3, 0xac, 0xe3, 0x8c, 0xdb, 0x8c, 0xe3, 0x8c, 0xe3,
    0x8c, 0xe3, 0x6c, 0xe3, 0x6c, 0xe3, 0x6c, 0xe3, 0x6b, 0xe3, 0x6c, 0xe3,
    0x4c, 0xe3, 0x6b, 0xe3, 0x4b, 0xeb, 0x4b, 0xe3, 0x4b, 0xeb, 0x4b, 0xeb,
    0x2b, 0xeb, 0x4b, 0xeb, 0xac, 0xdb, 0x8c, 0xdb, 0xac, 0xdb, 0xac, 0xdb,
    0xac, 0xdb, 0xac, 0xdb, 0xad, 0xdb, 0xcc, 0xdb, 0xac, 0xdb, 0x8c, 0xdb,
    0x8c, 0xdb, 0x8c, 0xe3, 0x8c, 0xdb, 0xac, 0xdb, 0xac, 0xe3, 0xac, 0xe3,
    0xcc, 0xe3, 0xcc, 0xe3, 0xcc, 0xe3, 0xcc, 0xe3, 0xcd, 0xe3, 0xec, 0xe3,
    0xed, 0xe3, 0x0d, 0xe4, 0xed, 0xe3, 0xed, 0xe3, 0xed, 0xe3, 0x2d, 0xe4,
    0x4e, 0xec, 0x2d, 0xe4, 0x4e, 0xe4, 0x4e, 0xec, 0x4d, 0xec, 0x4e, 0xec,
    0x4e, 0xe4, 0x4d, 0xec, 0x2d, 0xec, 0x0d, 0xe4, 0x2d, 0xec, 0xec, 0xeb,
    0x0d, 0xec, 0x0d, 0xec, 0x2c, 0xec, 0xcc, 0xcb, 0x4a, 0x5a, 0xa9, 0x29,
    0xa9, 0x29, 0xa9, 0x29, 0xa9, 0x29, 0xc9, 0x29, 0xa9, 0x29, 0xa9, 0x29,
    0xca, 0x21, 0xa9, 0x29, 0xa9, 0x21, 0xa9, 0x29, 0xa9, 0x29, 0xa9, 0x21,
    0xa9, 0x29, 0xa9, 0x21, 0xa9, 0x29, 0x6c, 0xbb, 0x0d, 0xe4, 0x0d, 0xe4,
    0xec, 0xe3, 0xec, 0xe3, 0xec, 0xe3, 0x2d, 0xe4, 0x0d, 0xe4, 0xec, 0xdb,
    0x0d, 0xe4, 0x0d, 0xe4, 0x0c, 0xdc, 0x0d, 0xdc, 0x0d, 0xe4, 0xec, 0xe3,
    0x0d, 0xe4, 0x0d, 0xe4, 0x0d, 0xe4, 0x2d, 0xe4, 0x2d, 0xe4, 0x2d, 0xe4,
    0x4d, 0xe4, 0x4e, 0xec, 0x6e, 0xec, 0x6e, 0xe4, 0x6e, 0xec, 0x8e, 0xe4,
    0xcf, 0xec, 0x6e, 0xe4, 0xaf, 0xec, 0x10, 0xed, 0x31, 0xf5, 0x51, 0xed,
    0x51, 0xf5, 0x72, 0xf5, 0x72, 0xf5, 0x71, 0xf5, 0x72, 0xed, 0x92, 0xf5,
    0x72, 0xf5, 0x72, 0xf5, 0x51, 0xed, 0x51, 0xf5, 0x51, 0xf5, 0x51, 0xed,
    0x52, 0xed, 0x51, 0xed, 0x51, 0xf5, 0x52, 0xf5, 0x51, 0xed, 0x31, 0xed,
    0xf0, 0xec, 0xcf, 0xe4, 0xf0, 0xec, 0x31, 0xed, 0x31, 0xed, 0x31, 0xed,
    0x31, 0xed, 0x30, 0xed, 0x10, 0xed, 0x10, 0xed, 0x30, 0xed, 0x10, 0xed,
    0x0f, 0xed, 0x51, 0xdd, 0x93, 0xc5, 0x30, 0xdd, 0xef, 0xe4, 0xce, 0xec,
    0xef, 0xe4, 0x10, 0xdd, 0x93, 0xb5, 0xf6, 0x9d, 0xb5, 0xa5, 0xb4, 0xa5,
    0x94, 0xa5, 0xb4, 0xa5, 0xb5, 0xa5, 0xb5, 0xa5, 0xb5, 0xa5, 0xd5, 0xa5,
    0xb5, 0xa5, 0xb5, 0xa5, 0x93, 0xad, 0x6b, 0xec, 0x08, 0xfc, 0x08, 0xfc,
    0x07, 0xfc, 0x27, 0xfc, 0x27, 0xfc, 0x46, 0xfc, 0x46, 0xfc, 0x47, 0xfc,
    0x47, 0xfc, 0x46, 0xfc, 0x47, 0xfc, 0x47, 0xfc, 0x66, 0xfc, 0x46, 0xfc,
    0x46, 0xfc, 0x46, 0xfc, 0x26, 0xfc, 0x26, 0xfc, 0x26, 0xfc, 0x06, 0xfc,
    0xe6, 0xfb, 0xe6, 0xfb, 0xe6, 0xfb, 0xe6, 0xfb, 0x06, 0xfc, 0x07, 0xfc,
    0x27, 0xfc, 0x10, 0xbd, 0xf6, 0x8d, 0x17, 0x8e, 0x37, 0x8e, 0x37, 0x8e,
    0x17, 0x86, 0x37, 0x86, 0x37, 0x86, 0x37, 0x8e, 0x37, 0x86, 0x37, 0x8e,
    0x37, 0x86, 0x37, 0x86, 0x37, 0x86, 0x37, 0x86, 0x37, 0x86, 0x37, 0x8e,
    0x38, 0x86, 0x37, 0x8e, 0x17, 0x8e, 0x17, 0x8e, 0x17, 0x8e, 0x17, 0x8e,
    0x17, 0x8e, 0x17, 0x8e, 0x17, 0x8e, 0x37, 0x8e, 0x37, 0x8e, 0x37, 0x96,
    0x37, 0x8e, 0x37, 0x96, 0x37, 0x8e, 0x37, 0x8e, 0x37, 0x96, 0x37, 0x96,
    0x37, 0x96, 0x37, 0x96, 0x17, 0x96, 0x16, 0x9e, 0xf6, 0xa5, 0xd5, 0xa5,
    0xd5, 0xa5, 0xb5, 0xa5, 0x94, 0xad, 0x73, 0xb5, 0x74, 0xb5, 0xb5, 0xa5,
    0xd5, 0xa5, 0xd5, 0xa5, 0xf5, 0x9d, 0xd6, 0x9d, 0xf6, 0x9d, 0xf6, 0x95,
    0xf6, 0x95, 0xd5, 0xa5, 0x31, 0xdd, 0x31, 0xf5, 0x73, 0xdd, 0xb5, 0xbd,
    0xd5, 0xb5, 0x93, 0xd5, 0x31, 0xf5, 0x31, 0xf5, 0x31, 0xf5, 0x11, 0xf5,
    0xf0, 0xf4, 0xcf, 0xfc, 0xcf, 0xf4, 0xf0, 0xf4, 0x11, 0xfd, 0x11, 0xf5,
    0x31, 0xf5, 0x31, 0xfd, 0x11, 0xf5, 0x11, 0xfd, 0x11, 0xf5, 0xf0, 0xf4,
    0xcf, 0xf4, 0xaf, 0xf4, 0x6f, 0xf4, 0x4e, 0xec, 0x4e, 0xec, 0x4e, 0xec,
    0x4e, 0xec, 0x2d, 0xec, 0x2d, 0xf4, 0x4e, 0xf4, 0x6e, 0xf4, 0x4e, 0xf4,
    0x4e, 0xf4, 0x6e, 0xf4, 0x6e, 0xf4, 0x4e, 0xf4, 0x6e, 0xf4, 0x6e, 0xf4,
    0x4e, 0xf4, 0x4e, 0xec, 0x4e, 0xec, 0x2e, 0xec, 0x2e, 0xec, 0x4e, 0xec,
    0x2e, 0xec, 0x2d, 0xec, 0x0d, 0xec, 0x0d, 0xec, 0x0d, 0xec, 0xed, 0xf3,
    0xed, 0xf3, 0xec, 0xf3, 0xcc, 0xf3, 0xcc, 0xf3, 0xcc, 0xf3, 0xcc, 0xf3,
    0xcc, 0xf3, 0xed, 0xf3, 0xed, 0xeb, 0xed, 0xeb, 0xed, 0xeb, 0xed, 0xeb,
    0xed, 0xeb, 0xed, 0xeb, 0xed, 0xeb, 0xed, 0xe3, 0xcd, 0xe3, 0xcd, 0xe3,
    0xad, 0xe3, 0xad, 0xe3, 0xad, 0xe3, 0xad, 0xdb, 0x8d, 0xe3, 0xac, 0xe3,
    0x8d, 0xe3, 0x8c, 0xe3, 0x8c, 0xe3, 0x8c, 0xe3, 0x8c, 0xe3, 0x6c, 0xe3,
    0x6c, 0xe3, 0x6c, 0xe3, 0x6c, 0xe3, 0x6b, 0xe3, 0x4b, 0xe3, 0x4b, 0xeb,
    0x4b, 0xe3, 0x4b, 0xe3, 0x4b, 0xe3, 0x4b, 0xe3, 0xac, 0xdb, 0x8c, 0xdb,
    0x8c, 0xdb, 0xac, 0xdb, 0xad, 0xdb, 0xac, 0xdb, 0xad, 0xdb, 0xac, 0xdb,
    0x8c, 0xdb, 0xac, 0xe3, 0xac, 0xe3, 0x8c, 0xdb, 0xac, 0xe3, 0xac, 0xe3,
    0xac, 0xdb, 0xac, 0xe3, 0xac, 0xe3, 0xcc, 0xe3, 0xcc, 0xdb, 0xcd, 0xe3,
    0xcc, 0xe3, 0xed, 0xe3, 0x2d, 0xe4, 0x0d, 0xe4, 0x0d, 0xe4, 0xed, 0xe3,
    0x0d, 0xe4, 0x2d, 0xe4, 0x2e, 0xec, 0x4d, 0xe4, 0x4e, 0xe4, 0x2e, 0xec,
    0x4d, 0xec, 0x2e, 0xe4, 0x4e, 0xe4, 0x4d, 0xec, 0x2d, 0xec, 0x0d, 0xe4,
    0x2d, 0xe4, 0x2d, 0xec, 0x0d, 0xec, 0xec, 0xdb, 0xcb, 0x82, 0xc9, 0x31,
    0xa9, 0x29, 0xa9, 0x29, 0xc9, 0x29, 0xa9, 0x29, 0xa9, 0x29, 0xc9, 0x29,
    0xa9, 0x29, 0xaa, 0x29, 0xa9, 0x29, 0xc9, 0x29, 0xaa, 0x29, 0xa9, 0x21,
    0xa9, 0x29, 0xa9, 0x29, 0xaa, 0x29, 0xa9, 0x29, 0x8b, 0x6a, 0x0c, 0xdc,
    0xed, 0xe3, 0x0d, 0xe4, 0xec, 0xdb, 0x0d, 0xdc, 0x0d, 0xe4, 0x0d, 0xe4,
    0x0d, 0xe4, 0x0d, 0xe4, 0x0c, 0xe4, 0xec, 0xe3, 0xed, 0xe3, 0x0c, 0xe4,
    0xed, 0xdb, 0x0c, 0xe4, 0x0d, 0xe4, 0x0d, 0xe4, 0x2d, 0xe4, 0x2d, 0xe4,
    0x2d, 0xe4, 0x4e, 0xe4, 0x4e, 0xe4, 0x6e, 0xe4, 0x6e, 0xec, 0x8e, 0xe4,
    0x8e, 0xec, 0x8f, 0xec, 0xd0, 0xec, 0xaf, 0xec, 0xaf, 0xec, 0x10, 0xed,
    0x51, 0xed, 0x51, 0xf5, 0x51, 0xed, 0x72, 0xf5, 0x72, 0xf5, 0x72, 0xed,
    0x72, 0xf5, 0x72, 0xed, 0x71, 0xf5, 0x71, 0xed, 0x51, 0xed, 0x51, 0xf5,
    0x51, 0xed, 0x31, 0xed, 0x52, 0xf5, 0x51, 0xed, 0x52, 0xed, 0x52, 0xf5,
    0x51, 0xed, 0x10, 0xed, 0xef, 0xec, 0x10, 0xed, 0x10, 0xed, 0x31, 0xed,
    0x31, 0xed, 0x30, 0xed, 0x31, 0xed, 0x30, 0xed, 0x10, 0xed, 0x10, 0xed,
    0x10, 0xed, 0x10, 0xed, 0x10, 0xed, 0x30, 0xe5, 0x10, 0xe5, 0xcf, 0xec,
    0xce, 0xec, 0xce, 0xec, 0xae, 0xec, 0xce, 0xe4, 0xcf, 0xdc, 0x31, 0xc5,
    0x93, 0xad, 0x94, 0xad, 0x94, 0xad, 0x94, 0xad, 0x94, 0xad, 0xb4, 0xa5,
    0xb4, 0xa5, 0xb5, 0xa5, 0xb5, 0x9d, 0xb4, 0xa5, 0x73, 0xb5, 0x4a, 0xec,
    0x08, 0xfc, 0x08, 0xfc, 0x28, 0xfc, 0x28, 0xfc, 0x27, 0xfc, 0x47, 0xfc,
    0x46, 0xfc, 0x46, 0xfc, 0x66, 0xfc, 0x66, 0xfc, 0x66, 0xfc, 0x66, 0xfc,
    0x67, 0xfc, 0x47, 0xfc, 0x46, 0xfc, 0x46, 0xfc, 0x47, 0xfc, 0x46, 0xfc,
    0x27, 0xfc, 0x27, 0xfc, 0x06, 0xfc, 0xe6, 0xfb, 0xe7, 0xfb, 0xc6, 0xfb,
    0xc6, 0xfb, 0xe7, 0xfb, 0xe7, 0xfb, 0xee, 0xcc, 0xf6, 0x95, 0x16, 0x8e,
    0x17, 0x8e, 0x17, 0x8e, 0xf6, 0x8d, 0x16, 0x8e, 0xf7, 0x8d, 0x17, 0x8e,
    0x17, 0x8e, 0x17, 0x8e, 0x17, 0x8e, 0x17, 0x8e, 0x17, 0x8e, 0x17, 0x8e,
    0x17, 0x8e, 0x17, 0x8e, 0x17, 0x8e, 0x17, 0x8e, 0x17, 0x8e, 0x17, 0x86,
    0x17, 0x8e, 0x17, 0x8e, 0x16, 0x8e, 0x16, 0x8e, 0x17, 0x8e, 0x37, 0x8e,
    0x37, 0x8e, 0x17, 0x96, 0x17, 0x96, 0x17, 0x96, 0x16, 0x96, 0xf6, 0x95,
    0xf6, 0x95, 0xd5, 0x9d, 0xd5, 0xa5, 0xd5, 0xa5, 0xd5, 0xa5, 0x94, 0xad,
    0x94, 0xad, 0x94, 0xad, 0x53, 0xb5, 0x32, 0xc5, 0x12, 0xc5, 0x11, 0xcd,
    0xf1, 0xd4, 0xf1, 0xd4, 0x11, 0xcd, 0x73, 0xbd, 0x94, 0xb5, 0xb4, 0xb5,
    0xd5, 0xad, 0xd5, 0xa5, 0xb4, 0xb5, 0x31, 0xe5, 0x11, 0xf5, 0x31, 0xf5,
    0x52, 0xed, 0x72, 0xe5, 0x73, 0xdd, 0x32, 0xf5, 0x31, 0xf5, 0x31, 0xf5,
    0x11, 0xf5, 0x11, 0xf5, 0xaf, 0xf4, 0x6e, 0xf4, 0x6e, 0xf4, 0x6e, 0xf4,
    0xd0, 0xf4, 0x11, 0xfd, 0x31, 0xf5, 0x31, 0xf5, 0x11, 0xf5, 0x11, 0xf5,
    0x10, 0xf5, 0xf0, 0xf4, 0xaf, 0xf4, 0x6e, 0xec, 0x6e, 0xec, 0x4e, 0xec,
    0x4d, 0xf4, 0x4e, 0xf4, 0x4e, 0xec, 0x4d, 0xf4, 0x2d, 0xf4, 0x2d, 0xf4,
    0x4e, 0xf4, 0x6e, 0xf4, 0x4e, 0xf4, 0x6e, 0xf4, 0x6e, 0xf4, 0x4e, 0xf4,
    0x4e, 0xf4, 0x6e, 0xf4, 0x6e, 0xf4, 0x4e, 0xf4, 0x4e, 0xf4, 0x4e, 0xf4,
    0x4e, 0xf4, 0x4d, 0xf4, 0x4e, 0xf4, 0x4d, 0xf4, 0x2e, 0xec, 0x0d, 0xec,
    0x0d, 0xec, 0x0d, 0xec, 0x0d, 0xec, 0x0d, 0xec, 0xed, 0xeb, 0x0d, 0xec,
    0xed, 0xeb, 0xed, 0xeb, 0xed, 0xeb, 0xec, 0xeb, 0xed, 0xeb, 0xec, 0xeb,
    0xed, 0xeb, 0xed, 0xeb, 0xed, 0xeb, 0xed, 0xeb, 0xed, 0xeb, 0xcd, 0xe3,
    0xcd, 0xe3, 0xcd, 0xe3, 0xcd, 0xdb, 0xcd, 0xe3, 0xac, 0xdb, 0xad, 0xe3,
    0xad, 0xe3, 0xad, 0xdb, 0x8d, 0xdb, 0x8c, 0xe3, 0x8d, 0xe3, 0x8c, 0xe3,
    0x8c, 0xe3, 0x6c, 0xe3, 0x6c, 0xe3, 0x6c, 0xe3, 0x6c, 0xe3, 0x6b, 0xe3,
    0x6b, 0xe3, 0x4c, 0xe3, 0x4b, 0xe3, 0x4b, 0xe3, 0x4b, 0xeb, 0x4b, 0xe3,
    0x8c, 0xdb, 0x8c, 0xdb, 0xac, 0xdb, 0x8c, 0xdb, 0xac, 0xe3, 0xac, 0xdb,
    0xac, 0xdb, 0xac, 0xdb, 0x8c, 0xdb, 0x8c, 0xdb, 0xac, 0xdb, 0xab, 0xe3,
    0xac, 0xdb, 0xac, 0xe3, 0xac, 0xdb, 0xac, 0xe3, 0xcc, 0xe3, 0xcc, 0xe3,
    0xcc, 0xe3, 0xcc, 0xe3, 0xed, 0xe3, 0x0d, 0xe4, 0x2d, 0xe4, 0x2d, 0xec,
    0x0d, 0xec, 0x0d, 0xec, 0x2d, 0xe4, 0x2d, 0xec, 0x2e, 0xe4, 0x2d, 0xec,
    0x4d, 0xe4, 0x4d, 0xec, 0x4d, 0xec, 0x4e, 0xe4, 0x2e, 0xec, 0x4e, 0xec,
    0x2d, 0xe4, 0x0d, 0xe4, 0x0d, 0xe4, 0x2d, 0xe4, 0x2b, 0xa3, 0xe9, 0x39,
    0xa9, 0x29, 0xa9, 0x21, 0xa9, 0x21, 0xa9, 0x29, 0xa9, 0x29, 0xc9, 0x29,
    0xc9, 0x29, 0xa9, 0x29, 0xa9, 0x21, 0xa9, 0x29, 0xa9, 0x29, 0xa9, 0x21,
    0xa9, 0x29, 0xa9, 0x21, 0xa9, 0x21, 0xa9, 0x29, 0xaa, 0x29, 0xa9, 0x29,
    0xac, 0xbb, 0x0d, 0xdc, 0x0d, 0xe4, 0x0d, 0xe4, 0x0c, 0xdc, 0x0d, 0xe4,
    0x0d, 0xe4, 0x0d, 0xdc, 0x0d, 0xe4, 0x0d, 0xe4, 0x0d, 0xe4, 0x0d, 0xe4,
    0x0d, 0xe4, 0x0d, 0xe4, 0xec, 0xe3, 0xed, 0xdb, 0x0d, 0xe4, 0x2d, 0xe4,
    0x2d, 0xe4, 0x2d, 0xe4, 0x4d, 0xe4, 0x4d, 0xe4, 0x4e, 0xe4, 0x6e, 0xe4,
    0x6e, 0xe4, 0x8f, 0xe4, 0x8f, 0xe4, 0x8f, 0xe4, 0xf0, 0xec, 0xf0, 0xec,
    0x8f, 0xe4, 0xf0, 0xec, 0x31, 0xed, 0x31, 0xed, 0x51, 0xf5, 0x72, 0xf5,
    0x72, 0xed, 0x72, 0xf5, 0x72, 0xf5, 0x71, 0xf5, 0x72, 0xed, 0x72, 0xed,
    0x31, 0xed, 0x31, 0xed, 0x31, 0xed, 0x51, 0xf5, 0x51, 0xf5, 0x51, 0xed,
    0x52, 0xf5, 0x51, 0xf5, 0x31, 0xed, 0x10, 0xed, 0x10, 0xed, 0x10, 0xed,
    0x31, 0xed, 0x31, 0xed, 0x30, 0xed, 0x31, 0xed, 0x31, 0xed, 0x30, 0xed,
    0x10, 0xed, 0x10, 0xed, 0x10, 0xed, 0x30, 0xed, 0x10, 0xed, 0x10, 0xed,
    0x0f, 0xed, 0x6d, 0xec, 0x8d, 0xec, 0xad, 0xec, 0x8d, 0xe4, 0x8d, 0xe4,
    0x6d, 0xec, 0x8e, 0xe4, 0xf0, 0xcc, 0x52, 0xbd, 0x52, 0xbd, 0x52, 0xb5,
    0x52, 0xb5, 0x53, 0xb5, 0x72, 0xb5, 0x73, 0xb5, 0x73, 0xad, 0x93, 0xa5,
    0x52, 0xbd, 0x4a, 0xf4, 0x08, 0xfc, 0x08, 0xfc, 0x29, 0xfc, 0x28, 0xfc,
    0x47, 0xfc, 0x47, 0xfc, 0x67, 0xfc, 0x67, 0xfc, 0x67, 0xfc, 0x67, 0xfc,
    0x67, 0xfc, 0x66, 0xfc, 0x67, 0xfc, 0x67, 0xfc, 0x66, 0xfc, 0x67, 0xfc,
    0x66, 0xfc, 0x66, 0xfc, 0x66, 0xfc, 0x46, 0xfc, 0x26, 0xfc, 0x06, 0xfc,
    0xe6, 0xfb, 0xc6, 0xfb, 0xc6, 0xfb, 0xe7, 0xfb, 0xe7, 0xfb, 0xae, 0xcc,
    0xd5, 0x9d, 0xd5, 0x95, 0xf6, 0x95, 0xf6, 0x95, 0xf6, 0x8d, 0xf6, 0x8d,
    0xf6, 0x8d, 0xf6, 0x8d, 0x16, 0x8e, 0x16, 0x8e, 0x17, 0x8e, 0x17, 0x8e,
    0x16, 0x8e, 0x16, 0x86, 0x17, 0x86, 0x17, 0x86, 0x17, 0x8e, 0x17, 0x86,
    0x17, 0x86, 0x17, 0x8e, 0x16, 0x8e, 0x17, 0x8e, 0x17, 0x8e, 0x16, 0x8e,
    0x17, 0x8e, 0x17, 0x8e, 0x17, 0x8e, 0x16, 0x96, 0xf6, 0x95, 0xf6, 0x95,
    0xf6, 0x95, 0xd6, 0x95, 0xb5, 0x95, 0xd5, 0x9d, 0xd6, 0x9d, 0xb5, 0x9d,
    0xb5, 0xa5, 0x95, 0xa5, 0x74, 0xa5, 0x53, 0xad, 0x53, 0xb5, 0x32, 0xbd,
    0x11, 0xc5, 0xf1, 0xcc, 0xf0, 0xcc, 0xd0, 0xd4, 0xd0, 0xd4, 0xd0, 0xdc,
    0xd0, 0xe4, 0xd0, 0xe4, 0xd0, 0xe4, 0xf0, 0xec, 0x11, 0xf5, 0x11, 0xf5,
    0x10, 0xed, 0x11, 0xed, 0x31, 0xf5, 0x31, 0xf5, 0x31, 0xf5, 0x31, 0xf5,
    0x31, 0xf5, 0x31, 0xf5, 0xf0, 0xf4, 0xcf, 0xf4, 0x6e, 0xf4, 0x6e, 0xf4,
    0x8e, 0xf4, 0x6e, 0xf4, 0x8e, 0xf4, 0x8f, 0xf4, 0xaf, 0xf4, 0xcf, 0xf4,
    0xcf, 0xf4, 0xaf, 0xf4, 0x8f, 0xec, 0x6e, 0xec, 0x6e, 0xec, 0x4e, 0xec,
    0x4e, 0xec, 0x4e, 0xec, 0x4e, 0xec, 0x2d, 0xec, 0x2e, 0xec, 0x2d, 0xf4,
    0x2e, 0xec, 0x2d, 0xf4, 0x2d, 0xf4, 0x4e, 0xf4, 0x4e, 0xf4, 0x4e, 0xf4,
    0x4e, 0xf4, 0x4d, 0xf4, 0x4d, 0xec, 0x4e, 0xf4, 0x4e, 0xf4, 0x4d, 0xf4,
    0x4e, 0xf4, 0x4d, 0xec, 0x4e, 0xec, 0x4e, 0xec, 0x4e, 0xec, 0x4e, 0xf4,
    0x4e, 0xec, 0x0e, 0xec, 0x2d, 0xec, 0x0e, 0xe4, 0x0e, 0xe4, 0x0d, 0xe4,
    0x0e, 0xe4, 0x0e, 0xe4, 0x0d, 0xe4, 0x0d, 0xec, 0xed, 0xeb, 0xed, 0xeb,
    0xed, 0xeb, 0xec, 0xeb, 0xec, 0xeb, 0xed, 0xeb, 0xed, 0xeb, 0xed, 0xeb,
    0xed, 0xeb, 0xed, 0xeb, 0xcd, 0xe3, 0xcd, 0xdb, 0xcd, 0xdb, 0xad, 0xe3,
    0xad, 0xdb, 0xad, 0xdb, 0xad, 0xdb, 0xad, 0xe3, 0xad, 0xdb, 0xad, 0xdb,
    0x8c, 0xe3, 0x8c, 0xdb, 0x8c, 0xe3, 0x8c, 0xe3, 0x8c, 0xe3, 0x8c, 0xe3,
    0x6c, 0xe3, 0x6c, 0xe3, 0x6c, 0xe3, 0x6b, 0xe3, 0x4b, 0xe3, 0x4b, 0xe3,
    0x4b, 0xe3, 0x4b, 0xe3, 0x8c, 0xdb, 0x8c, 0xdb, 0xac, 0xdb, 0xac, 0xdb,
    0xad, 0xdb, 0xac, 0xdb, 0xac, 0xdb, 0x8c, 0xdb, 0x8c, 0xdb, 0x8c, 0xdb,
    0x8b, 0xdb, 0x8c, 0xdb, 0x8c, 0xdb, 0xac, 0xdb, 0xac, 0xe3, 0xac, 0xdb,
    0xac, 0xdb, 0xac, 0xe3, 0xac, 0xe3, 0xcd, 0xe3, 0x0d, 0xe4, 0x2d, 0xe4,
    0x2d, 0xe4, 0x2d, 0xe4, 0x2d, 0xec, 0x2d, 0xe4, 0x2d, 0xe4, 0x4e, 0xec,
    0x4e, 0xec, 0x2d, 0xe4, 0x4e, 0xec, 0x4e, 0xec, 0x4d, 0xe4, 0x4e, 0xec,
    0x4d, 0xec, 0x2e, 0xec, 0x2d, 0xe4, 0x0d, 0xe4, 0xed, 0xdb, 0x4a, 0x62,
    0x89, 0x29, 0x89, 0x21, 0x89, 0x21, 0xa9, 0x21, 0xa9, 0x21, 0xa9, 0x29,
    0xa9, 0x29, 0xa9, 0x29, 0xa9, 0x29, 0xa9, 0x29, 0xca, 0x21, 0xa9, 0x29,
    0xca, 0x29, 0xa9, 0x21, 0xa9, 0x29, 0xa9, 0x29, 0xa9, 0x21, 0xca, 0x29,
    0xa9, 0x29, 0x0a, 0x42, 0x0d, 0xdc, 0x0d, 0xe4, 0x0d, 0xe4, 0x0d, 0xdc,
    0x0c, 0xe4, 0x0d, 0xe4, 0x0d, 0xe4, 0x0c, 0xdc, 0x0d, 0xe4, 0x0d, 0xdc,
    0x0d, 0xdc, 0x0d, 0xe4, 0x0d, 0xdc, 0x0d, 0xe4, 0x0d, 0xe4, 0x2d, 0xe4,
    0x2d, 0xe4, 0x2d, 0xe4, 0x2d, 0xe4, 0x2e, 0xe4, 0x4e, 0xe4, 0x4e, 0xe4,
    0x6e, 0xe4, 0x6e, 0xe4, 0xaf, 0xe4, 0xaf, 0xe4, 0xaf, 0xe4, 0xd0, 0xe4,
    0xf0, 0xec, 0x11, 0xed, 0xf0, 0xe4, 0xf0, 0xec, 0x31, 0xed, 0x51, 0xed,
    0x72, 0xf5, 0x72, 0xf5, 0x71, 0xed, 0x71, 0xf5, 0x72, 0xf5, 0x72, 0xf5,
    0x72, 0xf5, 0x72, 0xed, 0x10, 0xed, 0x30, 0xed, 0x31, 0xed, 0x31, 0xed,
    0x51, 0xed, 0x52, 0xed, 0x51, 0xf5, 0x51, 0xed, 0x51, 0xed, 0x30, 0xed,
    0x10, 0xed, 0x10, 0xed, 0x31, 0xed, 0x31, 0xed, 0x30, 0xed, 0x31, 0xf5,
    0x31, 0xed, 0x31, 0xed, 0x30, 0xed, 0x10, 0xed, 0x30, 0xed, 0x30, 0xed,
    0x10, 0xf5, 0x10, 0xed, 0x0f, 0xed, 0x8e, 0xec, 0x8d, 0xec, 0xad, 0xec,
    0xae, 0xec, 0x8d, 0xec, 0x6d, 0xe4, 0x6c, 0xec, 0x4c, 0xec, 0x4c, 0xe4,
    0x6d, 0xdc, 0xcf, 0xcc, 0xcf, 0xcc, 0xd0, 0xc4, 0xf0, 0xc4, 0x11, 0xc5,
    0x11, 0xc5, 0xf0, 0xc4, 0xcf, 0xcc, 0x2a, 0xf4, 0xe9, 0xf3, 0x09, 0xfc,
    0x09, 0xf4, 0x28, 0xfc, 0x47, 0xfc, 0x47, 0xfc, 0x66, 0xfc, 0x67, 0xfc,
    0x67, 0xfc, 0x86, 0xfc, 0x87, 0xfc, 0x87, 0xfc, 0x86, 0xfc, 0x86, 0xfc,
    0x86, 0xfc, 0x87, 0xfc, 0x87, 0xfc, 0x86, 0xfc, 0x66, 0xfc, 0x46, 0xfc,
    0x26, 0xfc, 0x06, 0xfc, 0xe6, 0xfb, 0xc6, 0xfb, 0xc6, 0xfb, 0xc7, 0xfb,
    0xe7, 0xfb, 0xcd, 0xd4, 0x94, 0xa5, 0xb4, 0xa5, 0xb4, 0x9d, 0xd5, 0x95,
    0xd5, 0x95, 0xd6, 0x95, 0xf6, 0x8d, 0xf6, 0x8d, 0x16, 0x8e, 0xf6, 0x8d,
    0x16, 0x8e, 0x17, 0x86, 0x16, 0x8e, 0x17, 0x86, 0x17, 0x8e, 0x17, 0x86,
    0x17, 0x8e, 0x16, 0x86, 0x17, 0x86, 0x17, 0x8e, 0x16, 0x8e, 0x17, 0x86,
    0x17, 0x8e, 0xf7, 0x8d, 0x16, 0x8e, 0x16, 0x8e, 0x17, 0x8e, 0x17, 0x8e,
    0x17, 0x8e, 0xf6, 0x95, 0xf6, 0x95, 0xb5, 0x95, 0x95, 0x95, 0x95, 0x95,
    0x95, 0x9d, 0x95, 0x9d, 0x94, 0x9d, 0x94, 0xa5, 0x74, 0xa5, 0x33, 0xa5,
    0x53, 0xad, 0x32, 0xb5, 0x12, 0xbd, 0x11, 0xc5, 0xf1, 0xcc, 0xd0, 0xcc,
    0xd0, 0xd4, 0xb0, 0xdc, 0xaf, 0xdc, 0xd0, 0xe4, 0xd0, 0xe4, 0xf0, 0xec,
    0x11, 0xed, 0x10, 0xed, 0xf0, 0xf4, 0xd0, 0xf4, 0xd0, 0xf4, 0xf0, 0xf4,
    0xd0, 0xf4, 0xf0, 0xf4, 0x10, 0xf5, 0xf0, 0xf4, 0xcf, 0xf4, 0x8f, 0xf4,
    0x6e, 0xf4, 0x6e, 0xf4, 0x6e, 0xf4, 0x6e, 0xf4, 0x6e, 0xf4, 0x6e, 0xf4,
    0x8f, 0xf4, 0x6f, 0xec, 0x6e, 0xec, 0x6e, 0xec, 0x6f, 0xec, 0x6e, 0xec,
    0x6e, 0xec, 0x6e, 0xec, 0x6e, 0xec, 0x6e, 0xec, 0x4e, 0xec, 0x4e, 0xec,
    0x4e, 0xec, 0x2d, 0xec, 0x2d, 0xec, 0x2d, 0xec, 0x2d, 0xec, 0x2d, 0xec,
    0x4e, 0xf4, 0x4e, 0xec, 0x4e, 0xf4, 0x4d, 0xf4, 0x2d, 0xf4, 0x2e, 0xec,
    0x4d, 0xf4, 0x4d, 0xec, 0x4e, 0xf4, 0x4d, 0xf4, 0x2d, 0xf4, 0x4e, 0xec,
    0x2e, 0xec, 0x2d, 0xec, 0x2d, 0xec, 0x2e, 0xec, 0x2e, 0xec, 0x2e, 0xe4,
    0x2e, 0xe4, 0x2e, 0xe4, 0x0e, 0xe4, 0x0e, 0xe4, 0x0e, 0xe4, 0x0e, 0xe4,
    0x0d, 0xe4, 0x0d, 0xe4, 0xee, 0xe3, 0xee, 0xe3, 0xed, 0xe3, 0xed, 0xe3,
    0xed, 0xdb, 0xed, 0xdb, 0xed, 0xe3, 0xed, 0xe3, 0xed, 0xe3, 0xcd, 0xe3,
    0xcd, 0xdb, 0xcd, 0xdb, 0xcd, 0xdb, 0xcd, 0xdb, 0xcd, 0xdb, 0xad, 0xdb,
    0xad, 0xdb, 0xad, 0xdb, 0xad, 0xdb, 0xad, 0xdb, 0x8c, 0xdb, 0x8d, 0xdb,
    0x8c, 0xdb, 0x8c, 0xdb, 0x6c, 0xdb, 0x6c, 0xe3, 0x6c, 0xdb, 0x6c, 0xe3,
    0x6c, 0xe3, 0x4c, 0xe3, 0x4c, 0xe3, 0x4b, 0xe3, 0x8c, 0xd3, 0x8c, 0xd3,
    0x8c, 0xdb, 0x8c, 0xdb, 0x8c, 0xdb, 0xac, 0xdb, 0x8c, 0xdb, 0x8c, 0xdb,
    0xac, 0xdb, 0xac, 0xdb, 0x8c, 0xdb, 0xac, 0xdb, 0xac, 0xdb, 0xac, 0xdb,
    0xac, 0xe3, 0xac, 0xdb, 0xac, 0xe3, 0xac, 0xe3, 0xac, 0xe3, 0xed, 0xe3,
    0x0d, 0xe4, 0x2d, 0xe4, 0x2e, 0xe4, 0x2e, 0xec, 0x2d, 0xe4, 0x2e, 0xec,
    0x4e, 0xe4, 0x2d, 0xe4, 0x4d, 0xec, 0x2e, 0xe4, 0x4e, 0xec, 0x4d, 0xec,
    0x2d, 0xe4, 0x2d, 0xe4, 0x2d, 0xe4, 0x2d, 0xe4, 0x0d, 0xec, 0x0d, 0xe4,
    0x4a, 0x5a, 0x89, 0x21, 0xa9, 0x21, 0xa9, 0x21, 0xa9, 0x21, 0xa9, 0x21,
    0xa9, 0x29, 0xa9, 0x29, 0xa9, 0x29, 0xa9, 0x21, 0xa9, 0x29, 0xa9, 0x29,
    0xa9, 0x29, 0xaa, 0x29, 0xa9, 0x21, 0xa9, 0x29, 0xa9, 0x29, 0xa9, 0x21,
    0xaa, 0x29, 0xc9, 0x29, 0xa9, 0x29, 0x2a, 0x52, 0x0d, 0xdc, 0x0d, 0xe4,
    0x0d, 0xe4, 0x0d, 0xdc, 0x0d, 0xe4, 0x0d, 0xe4, 0x0d, 0xe4, 0x0d, 0xe4,
    0x0d, 0xdc, 0x2d, 0xe4, 0x0d, 0xdc, 0x2d, 0xdc, 0x2d, 0xdc, 0x2d, 0xdc,
    0x2d, 0xe4, 0x2d, 0xdc, 0x2d, 0xdc, 0x4e, 0xdc, 0x4e, 0xdc, 0x6e, 0xdc,
    0x6e, 0xdc, 0x6e, 0xe4, 0x6f, 0xe4, 0x8f, 0xe4, 0xd0, 0xe4, 0xd0, 0xe4,
    0xf0, 0xe4, 0xf0, 0xe4, 0x10, 0xe5, 0x11, 0xe5, 0x31, 0xed, 0x31, 0xed,
    0x51, 0xed, 0x51, 0xed, 0x72, 0xed, 0x72, 0xed, 0x72, 0xed, 0x72, 0xf5,
    0x72, 0xed, 0x72, 0xed, 0x72, 0xf5, 0x71, 0xed, 0xf0, 0xe4, 0xf0, 0xec,
    0x30, 0xed, 0x31, 0xed, 0x31, 0xf5, 0x51, 0xf5, 0x31, 0xed, 0x31, 0xed,
    0x51, 0xf5, 0x10, 0xed, 0x10, 0xed, 0x31, 0xed, 0x31, 0xed, 0x31, 0xed,
    0x30, 0xed, 0x31, 0xf5, 0x31, 0xed, 0x30, 0xed, 0x30, 0xed, 0x10, 0xed,
    0x10, 0xed, 0x30, 0xed, 0x10, 0xed, 0x30, 0xed, 0x10, 0xe5, 0xcf, 0xe4,
    0x6d, 0xec, 0xad, 0xec, 0xad, 0xec, 0xae, 0xe4, 0x8d, 0xe4, 0x8d, 0xdc,
    0x6d, 0xe4, 0x4c, 0xe4, 0x2c, 0xe4, 0x2c, 0xec, 0x0b, 0xec, 0x0b, 0xec,
    0xeb, 0xe3, 0x2d, 0xdc, 0x8e, 0xcc, 0xd0, 0xc4, 0xd0, 0xc4, 0x2a, 0xec,
    0xc9, 0xf3, 0xc8, 0xf3, 0xc8, 0xf3, 0xc8, 0xf3, 0xe8, 0xfb, 0xe7, 0xfb,
    0x07, 0xfc, 0x27, 0xfc, 0x46, 0xfc, 0x66, 0xfc, 0x66, 0xfc, 0x66, 0xfc,
    0x66, 0xfc, 0x67, 0xfc, 0x66, 0xfc, 0x66, 0xfc, 0x66, 0xfc, 0x66, 0xfc,
    0x46, 0xfc, 0x46, 0xfc, 0x26, 0xfc, 0x06, 0xfc, 0xe6, 0xfb, 0xc6, 0xfb,
    0xa6, 0xfb, 0xa6, 0xfb, 0xe7, 0xfb, 0xee, 0xcc, 0x93, 0xa5, 0xb4, 0xa5,
    0xd5, 0x9d, 0xd5, 0x9d, 0xd5, 0x95, 0xf6, 0x95, 0xf6, 0x95, 0x16, 0x96,
    0x16, 0x8e, 0x17, 0x8e, 0x17, 0x8e, 0x16, 0x8e, 0x17, 0x8e, 0x17, 0x8e,
    0x17, 0x8e, 0x16, 0x86, 0x17, 0x8e, 0x17, 0x8e, 0x17, 0x8e, 0x17, 0x8e,
    0x16, 0x8e, 0x17, 0x86, 0x17, 0x8e, 0xf7, 0x8d, 0x17, 0x8e, 0x16, 0x8e,
    0x17, 0x8e, 0x16, 0x8e, 0x17, 0x8e, 0x16, 0x8e, 0xf6, 0x8d, 0xb5, 0x8d,
    0xb5, 0x95, 0x95, 0x95, 0x94, 0x95, 0x94, 0x9d, 0x94, 0x9d, 0x74, 0x9d,
    0x53, 0xa5, 0x53, 0xa5, 0x53, 0xad, 0x53, 0xad, 0x32, 0xbd, 0x12, 0xc5,
    0xf1, 0xcc, 0xf0, 0xd4, 0xd0, 0xd4, 0xd0, 0xdc, 0xd0, 0xdc, 0xd0, 0xe4,
    0xd0, 0xe4, 0x10, 0xed, 0x11, 0xed, 0x10, 0xed, 0x11, 0xed, 0xcf, 0xec,
    0x8f, 0xec, 0x8f, 0xec, 0xcf, 0xf4, 0xaf, 0xf4, 0xaf, 0xf4, 0xaf, 0xf4,
    0xaf, 0xf4, 0x6e, 0xf4, 0x6e, 0xf4, 0x6e, 0xf4, 0x6e, 0xf4, 0x6e, 0xec,
    0x6e, 0xec, 0x6e, 0xec, 0x6e, 0xec, 0x6e, 0xec, 0x6e, 0xec, 0x6e, 0xe4,
    0x6e, 0xe4, 0x6f, 0xe4, 0x4e, 0xe4, 0x4e, 0xe4, 0x4e, 0xe4, 0x4e, 0xe4,
    0x4e, 0xe4, 0x4e, 0xe4, 0x4e, 0xec, 0x2d, 0xec, 0x2e, 0xec, 0x2e, 0xec,
    0x2d, 0xec, 0x2e, 0xec, 0x2d, 0xec, 0x4d, 0xec, 0x4e, 0xec, 0x4d, 0xf4,
    0x4e, 0xf4, 0x2e, 0xf4, 0x2e, 0xf4, 0x2e, 0xf4, 0x2d, 0xec, 0x2d, 0xec,
    0x2d, 0xec, 0x2e, 0xf4, 0x2d, 0xec, 0x2d, 0xec, 0x2e, 0xec, 0x2d, 0xec,
    0x2d, 0xec, 0x0d, 0xe4, 0x0d, 0xe4, 0x0d, 0xec, 0x0d, 0xec, 0x0d, 0xe4,
    0x0d, 0xe4, 0x0e, 0xe4, 0x0e, 0xe4, 0x0e, 0xdc, 0x0d, 0xdc, 0x0e, 0xdc,
    0x0e, 0xdc, 0x0e, 0xdc, 0xee, 0xdb, 0xed, 0xe3, 0xed, 0xe3, 0xed, 0xe3,
    0xed, 0xe3, 0xed, 0xe3, 0xed, 0xe3, 0xed, 0xe3, 0xed, 0xdb, 0xed, 0xdb,
    0xcd, 0xdb, 0xcd, 0xdb, 0xcd, 0xdb, 0xcd, 0xdb, 0xcd, 0xdb, 0xcd, 0xdb,
    0xad, 0xdb, 0xad, 0xdb, 0xad, 0xdb, 0xad, 0xdb, 0x8c, 0xdb, 0x8c, 0xdb,
    0x8c, 0xdb, 0x6c, 0xdb, 0x6c, 0xdb, 0x6c, 0xdb, 0x6c, 0xdb, 0x6c, 0xdb,
    0x8c, 0xd3, 0x8c, 0xd3, 0xac, 0xd3, 0xac, 0xd3, 0xac, 0xd3, 0xac, 0xd3,
    0xac, 0xdb, 0xac, 0xd3, 0xac, 0xdb, 0xac, 0xdb, 0xac, 0xdb, 0xac, 0xdb,
    0xac, 0xdb, 0xac, 0xdb, 0xcc, 0xdb, 0xcc, 0xdb, 0xcd, 0xdb, 0xed, 0xe3,
    0x0d, 0xe4, 0x2d, 0xe4, 0x2d, 0xe4, 0x2e, 0xe4, 0x2e, 0xe4, 0x2d, 0xe4,
    0x4d, 0xe4, 0x4e, 0xec, 0x2d, 0xe4, 0x2d, 0xe4, 0x2d, 0xe4, 0x2d, 0xec,
    0x2d, 0xe4, 0x2d, 0xe4, 0x2d, 0xe4, 0x0d, 0xec, 0x2d, 0xe4, 0x2d, 0xe4,
    0x0d, 0xe4, 0x8a, 0x72, 0xa9, 0x21, 0x89, 0x21, 0xa8, 0x21, 0x89, 0x21,
    0xa9, 0x29, 0xa9, 0x21, 0xa9, 0x29, 0xa9, 0x21, 0xa9, 0x21, 0xa9, 0x29,
    0xa9, 0x29, 0xc9, 0x21, 0xa9, 0x29, 0xa9, 0x29, 0xa9, 0x21, 0xa9, 0x29,
    0xa9, 0x29, 0xaa, 0x21, 0xc9, 0x29, 0xe9, 0x39, 0xe9, 0x39, 0x09, 0x4a,
    0xcc, 0xcb, 0x0d, 0xdc, 0x0d, 0xdc, 0x0d, 0xdc, 0x2d, 0xdc, 0x2d, 0xdc,
    0x2d, 0xdc, 0x2d, 0xdc, 0x2d, 0xdc, 0x2d, 0xe4, 0x2d, 0xe4, 0x2d, 0xdc,
    0x2d, 0xe4, 0x4e, 0xdc, 0x4e, 0xdc, 0x4e, 0xdc, 0x4e, 0xdc, 0x6e, 0xdc,
    0x6e, 0xdc, 0x6e, 0xdc, 0x6f, 0xdc, 0x8f, 0xdc, 0x8f, 0xdc, 0xcf, 0xdc,
    0xf0, 0xdc, 0xf0, 0xdc, 0x11, 0xe5, 0x11, 0xdd, 0x11, 0xdd, 0x31, 0xe5,
    0x31, 0xe5, 0x51, 0xe5, 0x52, 0xe5, 0x52, 0xe5, 0x52, 0xed, 0x72, 0xed,
    0x72, 0xed, 0x72, 0xed, 0x72, 0xe5, 0x72, 0xed, 0x72, 0xed, 0x51, 0xed,
    0xef, 0xe4, 0xcf, 0xec, 0x11, 0xed, 0x31, 0xed, 0x31, 0xed, 0x51, 0xed,
    0x31, 0xed, 0x31, 0xed, 0x31, 0xed, 0xf0, 0xec, 0x11, 0xed, 0x30, 0xed,
    0x31, 0xed, 0x31, 0xed, 0x30, 0xed, 0x51, 0xed, 0x31, 0xf5, 0x31, 0xed,
    0x30, 0xed, 0x10, 0xed, 0x10, 0xed, 0x30, 0xed, 0x30, 0xe5, 0x51, 0xdd,
    0x10, 0xdd, 0xae, 0xe4, 0x6d, 0xec, 0xad, 0xec, 0xad, 0xec, 0x32, 0xb5,
    0xd6, 0x95, 0x94, 0x9d, 0x74, 0xa5, 0x73, 0xa5, 0x53, 0xa5, 0x53, 0xad,
    0x33, 0xad, 0x32, 0xad, 0x73, 0xa5, 0xb5, 0x9d, 0xb5, 0x95, 0xb5, 0x95,
    0xb4, 0xa5, 0x8c, 0xe4, 0xe7, 0xfb, 0xe7, 0xfb, 0x07, 0xfc, 0x07, 0xfc,
    0x27, 0xfc, 0x47, 0xfc, 0x47, 0xfc, 0x47, 0xfc, 0x47, 0xfc, 0x67, 0xfc,
    0x67, 0xfc, 0x67, 0xfc, 0x67, 0xfc, 0x67, 0xfc, 0x86, 0xfc, 0x86, 0xfc,
    0x66, 0xfc, 0x66, 0xfc, 0x66, 0xfc, 0x46, 0xfc, 0x26, 0xfc, 0x06, 0xfc,
    0x06, 0xfc, 0xe6, 0xfb, 0xe6, 0xfb, 0xe6, 0xfb, 0x28, 0xfc, 0x50, 0xc5,
    0xd4, 0xa5, 0xf4, 0xa5, 0xf5, 0x9d, 0x16, 0x9e, 0x16, 0x96, 0x16, 0x96,
    0x16, 0x96, 0x36, 0x96, 0x36, 0x8e, 0x17, 0x8e, 0x37, 0x8e, 0x17, 0x8e,
    0x17, 0x86, 0x16, 0x86, 0x17, 0x8e, 0x17, 0x86, 0x17, 0x86, 0x16, 0x8e,
    0x17, 0x86, 0x17, 0x8e, 0x16, 0x8e, 0xf6, 0x8d, 0xf6, 0x8d, 0x17, 0x8e,
    0x17, 0x8e, 0xf6, 0x8d, 0x16, 0x8e, 0x16, 0x8e, 0xf6, 0x8d, 0xf6, 0x8d,
    0xd6, 0x95, 0xb5, 0x95, 0xb5, 0x95, 0x95, 0x95, 0x94, 0x95, 0x94, 0x9d,
    0x74, 0x9d, 0x74, 0x9d, 0x54, 0xa5, 0x53, 0xa5, 0x53, 0xad, 0x33, 0xad,
    0x52, 0xb5, 0x32, 0xbd, 0xf1, 0xc4, 0xd1, 0xcc, 0xd0, 0xcc, 0xb0, 0xd4,
    0xaf, 0xdc, 0xaf, 0xe4, 0xaf, 0xe4, 0xaf, 0xe4, 0xaf, 0xec, 0xaf, 0xec,
    0x8f, 0xe4, 0x6e, 0xec, 0x4e, 0xec, 0x6e, 0xec, 0x6e, 0xec, 0x4e, 0xec,
    0x4e, 0xf4, 0x6e, 0xf4, 0x6e, 0xf4, 0x6e, 0xf4, 0x6e, 0xf4, 0x6e, 0xf4,
    0x6e, 0xec, 0x6e, 0xec, 0x6e, 0xec, 0x6e, 0xec, 0x6e, 0xec, 0x6e, 0xec,
    0x6e, 0xe4, 0x6f, 0xe4, 0x4e, 0xe4, 0x4e, 0xe4, 0x6e, 0xe4, 0x4e, 0xe4,
    0x4e, 0xe4, 0x4e, 0xe4, 0x4e, 0xe4, 0x4e, 0xe4, 0x2e, 0xe4, 0x2e, 0xe4,
    0x4e, 0xe4, 0x4e, 0xec, 0x4e, 0xec, 0x4e, 0xec, 0x2e, 0xec, 0x2d, 0xec,
    0x4e, 0xec, 0x2e, 0xec, 0x4d, 0xf4, 0x4e, 0xf4, 0x4d, 0xec, 0x2e, 0xf4,
    0x4e, 0xec, 0x2e, 0xf4, 0x2e, 0xec, 0x2d, 0xec, 0x2e, 0xec, 0x2e, 0xec,
    0x2e, 0xec, 0x2e, 0xec, 0x2e, 0xec, 0x2e, 0xe4, 0x2e, 0xe4, 0x2e, 0xe4,
    0x4e, 0xe4, 0x4e, 0xdc, 0x2e, 0xdc, 0x4e, 0xdc, 0x4e, 0xdc, 0x2e, 0xdc,
    0x2e, 0xdc, 0x2e, 0xdc, 0x2e, 0xdc, 0x0e, 0xdc, 0x0e, 0xdc, 0x0e, 0xdc,
    0xee, 0xdb, 0xee, 0xdb, 0xed, 0xdb, 0xed, 0xe3, 0x0d, 0xdc, 0xee, 0xdb,
    0xee, 0xdb, 0xed, 0xd3, 0xee, 0xdb, 0xed, 0xd3, 0xed, 0xd3, 0xcd, 0xd3,
    0xcd, 0xd3, 0xcd, 0xd3, 0xcd, 0xd3, 0xcd, 0xd3, 0xcd, 0xd3, 0xad, 0xcb,
    0xcd, 0xd3, 0xad, 0xd3, 0xad, 0xcb, 0xad, 0xcb, 0x8d, 0xd3, 0x8d, 0xd3,
    0x8c, 0xcb, 0x8c, 0xd3, 0x8c, 0xd3, 0xac, 0xd3, 0xac, 0xd3, 0xad, 0xd3,
    0xad, 0xd3, 0xac, 0xd3, 0xad, 0xd3, 0xac, 0xd3, 0xac, 0xd3, 0xad, 0xd3,
    0xcd, 0xd3, 0xcc, 0xdb, 0xcd, 0xdb, 0xcd, 0xdb, 0xed, 0xdb, 0xed, 0xdb,
    0x0d, 0xdc, 0x0d, 0xdc, 0x2d, 0xe4, 0x2d, 0xe4, 0x2d, 0xe4, 0x2e, 0xe4,
    0x2d, 0xe4, 0x2d, 0xe4, 0x2e, 0xe4, 0x4e, 0xe4, 0x2d, 0xe4, 0x2e, 0xec,
    0x2d, 0xec, 0x2d, 0xe4, 0x2d, 0xe4, 0x2d, 0xec, 0x2e, 0xe4, 0x2d, 0xec,
    0x2d, 0xe4, 0x0d, 0xec, 0xcb, 0x82, 0xa9, 0x21, 0xa9, 0x21, 0x89, 0x29,
    0x89, 0x21, 0xa9, 0x21, 0x88, 0x21, 0xa9, 0x29, 0xa9, 0x21, 0xa9, 0x29,
    0xa9, 0x29, 0xa9, 0x21, 0xa9, 0x29, 0xaa, 0x29, 0xc9, 0x21, 0xa9, 0x29,
    0xa9, 0x21, 0xa9, 0x29, 0xaa, 0x29, 0xc9, 0x29, 0xe9, 0x39, 0xe9, 0x41,
    0x09, 0x42, 0x09, 0x4a, 0xeb, 0x82, 0x2e, 0xdc, 0x4e, 0xdc, 0x4e, 0xdc,
    0x4e, 0xdc, 0x4e, 0xdc, 0x4e, 0xdc, 0x6e, 0xdc, 0x6e, 0xdc, 0x4e, 0xdc,
    0x4e, 0xdc, 0x4e, 0xdc, 0x6e, 0xdc, 0x4e, 0xdc, 0x4e, 0xdc, 0x6e, 0xdc,
    0x4e, 0xdc, 0x6e, 0xdc, 0x6e, 0xdc, 0x6f, 0xdc, 0x8f, 0xdc, 0xaf, 0xdc,
    0xd0, 0xdc, 0xf0, 0xdc, 0xf1, 0xdc, 0xf1, 0xdc, 0xf1, 0xdc, 0x11, 0xdd,
    0x31, 0xd5, 0x32, 0xcd, 0x52, 0xcd, 0x52, 0xd5, 0x52, 0xd5, 0x52, 0xdd,
    0x72, 0xe5, 0x72, 0xe5, 0x52, 0xe5, 0x72, 0xe5, 0x51, 0xed, 0x72, 0xed,
    0x52, 0xed, 0x52, 0xc5, 0x32, 0xad, 0x52, 0xb5, 0x52, 0xc5, 0x32, 0xd5,
    0x51, 0xe5, 0x31, 0xed, 0x31, 0xed, 0x51, 0xe5, 0xf0, 0xd4, 0xf0, 0xd4,
    0x31, 0xdd, 0x31, 0xdd, 0x31, 0xdd, 0x31, 0xdd, 0x31, 0xdd, 0x31, 0xdd,
    0x51, 0xdd, 0x31, 0xdd, 0x31, 0xdd, 0x31, 0xe5, 0x31, 0xdd, 0x31, 0xdd,
    0x51, 0xd5, 0x31, 0xdd, 0xf0, 0xdc, 0x8d, 0xdc, 0xad, 0xe4, 0xad, 0xe4,
    0x8e, 0xdc, 0x53, 0xad, 0x94, 0x9d, 0x74, 0x9d, 0x74, 0x9d, 0x74, 0x9d,
    0x94, 0x9d, 0x74, 0x9d, 0x74, 0x9d, 0x94, 0x9d, 0x74, 0x9d, 0x74, 0x9d,
    0x74, 0xa5, 0x94, 0xa5, 0x93, 0xa5, 0xce, 0xcc, 0x08, 0xfc, 0xe8, 0xfb,
    0xe7, 0xfb, 0x27, 0xfc, 0x27, 0xfc, 0x48, 0xfc, 0x47, 0xfc, 0x67, 0xfc,
    0x68, 0xfc, 0x67, 0xfc, 0x67, 0xfc, 0x67, 0xfc, 0x67, 0xfc, 0x67, 0xfc,
    0x67, 0xfc, 0x67, 0xfc, 0x67, 0xfc, 0x67, 0xfc, 0x47, 0xfc, 0x47, 0xfc,
    0x47, 0xfc, 0x27, 0xfc, 0x27, 0xfc, 0x07, 0xfc, 0xe6, 0xfb, 0xe6, 0xfb,
    0x49, 0xf4, 0x30, 0xc5, 0x72, 0xb5, 0xb3, 0xad, 0xd3, 0xa5, 0xd4, 0xa5,
    0xd4, 0x9d, 0xf5, 0x9d, 0xf5, 0x9d, 0xf5, 0x9d, 0x16, 0x96, 0xf6, 0x95,
    0x16, 0x96, 0xf5, 0x8d, 0xf6, 0x8d, 0xf6, 0x8d, 0xf5, 0x95, 0xf5, 0x95,
    0xf6, 0x95, 0xd5, 0x8d, 0xd6, 0x8d, 0xd5, 0x8d, 0xd5, 0x95, 0xb5, 0x95,
    0xb5, 0x95, 0xb5, 0x95, 0xb5, 0x95, 0xb5, 0x95, 0x95, 0x95, 0xb5, 0x95,
    0xb5, 0x95, 0x95, 0x9d, 0x94, 0xa5, 0x74, 0x9d, 0x74, 0x9d, 0x73, 0xa5,
    0x54, 0xa5, 0x53, 0xa5, 0x53, 0xa5, 0x53, 0xa5, 0x33, 0xad, 0x32, 0xad,
    0x32, 0xad, 0x12, 0xad, 0x12, 0xb5, 0x11, 0xbd, 0xd1, 0xc4, 0xd0, 0xcc,
    0xb0, 0xd4, 0x8f, 0xd4, 0x6f, 0xdc, 0x6e, 0xdc, 0x6e, 0xdc, 0x4e, 0xdc,
    0x4e, 0xe4, 0x4e, 0xe4, 0x4e, 0xe4, 0x4e, 0xe4, 0x4e, 0xe4, 0x4e, 0xe4,
    0x6e, 0xe4, 0x4e, 0xec, 0x4d, 0xec, 0x4d, 0xec, 0x2e, 0xec, 0x2d, 0xec,
    0x4e, 0xec, 0x4e, 0xec, 0x4e, 0xec, 0x4e, 0xec, 0x4e, 0xec, 0x6e, 0xe4,
    0x4e, 0xe4, 0x4e, 0xe4, 0x6e, 0xe4, 0x4e, 0xe4, 0x4e, 0xe4, 0x6f, 0xe4,
    0x6f, 0xdc, 0x6f, 0xdc, 0x4f, 0xdc, 0x4e, 0xdc, 0x4e, 0xdc, 0x4e, 0xdc,
    0x2e, 0xe4, 0x2e, 0xdc, 0x2d, 0xe4, 0x2d, 0xe4, 0x2d, 0xe4, 0x2d, 0xe4,
    0x4e, 0xe4, 0x2e, 0xe4, 0x4e, 0xe4, 0x2e, 0xe4, 0x2d, 0xec, 0x4e, 0xec,
    0x2d, 0xec, 0x4e, 0xec, 0x4e, 0xec, 0x4e, 0xec, 0x4e, 0xec, 0x4e, 0xec,
    0x4d, 0xec, 0x4e, 0xec, 0x4e, 0xec, 0x4e, 0xe4, 0x4e, 0xe4, 0x4e, 0xe4,
    0x4e, 0xe4, 0x4e, 0xe4, 0x4e, 0xdc, 0x4f, 0xdc, 0x4e, 0xdc, 0x4e, 0xdc,
    0x4f, 0xd4, 0x4f, 0xcc, 0x2e, 0xd4, 0x2e, 0xd4, 0x2e, 0xd4, 0x2e, 0xcc,
    0x2e, 0xc4, 0x4f, 0xc4, 0x4f, 0xc4, 0x2f, 0xc4, 0x4f, 0xc4, 0x2f, 0xcc,
    0x2f, 0xcc, 0x2e, 0xcc, 0x2e, 0xcc, 0x0e, 0xcc, 0x0e, 0xcc, 0xee, 0xcb,
    0x0e, 0xd4, 0xee, 0xcb, 0xee, 0xcb, 0xee, 0xcb, 0xee, 0xcb, 0xee, 0xc3,
    0xee, 0xc3, 0xee, 0xcb, 0xee, 0xc3, 0xee, 0xc3, 0xee, 0xc3, 0xcd, 0xc3,
    0xcd, 0xc3, 0xcd, 0xc3, 0xcd, 0xc3, 0xcd, 0xc3, 0x8c, 0xd3, 0x8c, 0xd3,
    0x8c, 0xdb, 0xac, 0xdb, 0xac, 0xdb, 0xac, 0xdb, 0xac, 0xdb, 0xac, 0xdb,
    0xad, 0xdb, 0xcc, 0xdb, 0xcc, 0xdb, 0xcc, 0xdb, 0xec, 0xdb, 0xed, 0xdb,
    0xec, 0xdb, 0xed, 0xdb, 0x0d, 0xe4, 0x0d, 0xe4, 0x0d, 0xdc, 0x0d, 0xe4,
    0x0d, 0xe4, 0x2d, 0xe4, 0x2d, 0xe4, 0x2d, 0xe4, 0x2e, 0xe4, 0x2d, 0xe4,
    0x2d, 0xec, 0x2e, 0xe4, 0x2d, 0xe4, 0x2e, 0xec, 0x2d, 0xe4, 0x2d, 0xe4,
    0x2d, 0xec, 0x2e, 0xe4, 0x2e, 0xe4, 0x6c, 0xab, 0xa9, 0x29, 0x89, 0x21,
    0xa9, 0x21, 0xa8, 0x21, 0x89, 0x21, 0xa9, 0x29, 0xa9, 0x29, 0xa9, 0x21,
    0x89, 0x21, 0xa9, 0x29, 0xa9, 0x29, 0xa9, 0x21, 0xa9, 0x29, 0xaa, 0x29,
    0xa9, 0x21, 0xa9, 0x29, 0xa9, 0x29, 0xa9, 0x21, 0xc9, 0x29, 0xc9, 0x31,
    0xe9, 0x41, 0xe9, 0x41, 0x09, 0x42, 0x09, 0x4a, 0x29, 0x52, 0xed, 0xbb,
    0x8e, 0xdc, 0x8e, 0xdc, 0x6e, 0xdc, 0x6e, 0xdc, 0x6e, 0xe4, 0x6e, 0xdc,
    0x6e, 0xe4, 0x4e, 0xe4, 0x6e, 0xe4, 0x6e, 0xe4, 0x6e, 0xdc, 0x4e, 0xe4,
    0x4e, 0xe4, 0x6e, 0xdc, 0x8e, 0xdc, 0x6e, 0xdc, 0x6e, 0xdc, 0x8e, 0xdc,
    0xaf, 0xdc, 0xaf, 0xd4, 0xcf, 0xd4, 0xd0, 0xd4, 0xd0, 0xd4, 0xf0, 0xd4,
    0xf0, 0xd4, 0xf0, 0xd4, 0x10, 0xcd, 0x11, 0xc5, 0x11, 0xc5, 0x10, 0xcd,
    0x11, 0xc5, 0x11, 0xcd, 0x31, 0xcd, 0x31, 0xcd, 0x31, 0xd5, 0x31, 0xcd,
    0x31, 0xcd, 0x11, 0xcd, 0x11, 0xc5, 0x31, 0xbd, 0x11, 0xb5, 0x12, 0xad,
    0x32, 0xad, 0x32, 0xad, 0x32, 0xad, 0x32, 0xb5, 0x52, 0xb5, 0x74, 0x9d,
    0x95, 0x8d, 0x95, 0x8d, 0x74, 0x8d, 0x95, 0x8d, 0x94, 0x8d, 0x74, 0x95,
    0x74, 0x95, 0x74, 0x95, 0x74, 0x95, 0x74, 0x9d, 0x73, 0x9d, 0x53, 0xa5,
    0x32, 0xad, 0x53, 0xa5, 0x53, 0xa5, 0x53, 0xa5, 0x53, 0xa5, 0x11, 0xad,
    0xf0, 0xb4, 0xf0, 0xb4, 0xf0, 0xb4, 0xf0, 0xb4, 0xf0, 0xb4, 0xf0, 0xbc,
    0xd0, 0xbc, 0xef, 0xbc, 0xcf, 0xbc, 0xcf, 0xbc, 0xcf, 0xbc, 0xcf, 0xbc,
    0xaf, 0xbc, 0xaf, 0xbc, 0xae, 0xc4, 0xae, 0xc4, 0xaf, 0xc4, 0x6d, 0xcc,
    0xea, 0xe3, 0xea, 0xeb, 0x29, 0xf4, 0x49, 0xf4, 0x49, 0xfc, 0x29, 0xf4,
    0x29, 0xfc, 0x29, 0xfc, 0x29, 0xfc, 0x28, 0xfc, 0x29, 0xfc, 0x28, 0xfc,
    0x29, 0xfc, 0x28, 0xfc, 0x29, 0xfc, 0x28, 0xfc, 0x08, 0xfc, 0x08, 0xfc,
    0x28, 0xfc, 0x28, 0xfc, 0x28, 0xfc, 0x28, 0xfc, 0x28, 0xfc, 0x08, 0xfc,
    0x08, 0xfc, 0xe8, 0xf3, 0xea, 0xe3, 0xae, 0xc4, 0xae, 0xc4, 0x8d, 0xcc,
    0xae, 0xc4, 0xae, 0xc4, 0xaf, 0xbc, 0xcf, 0xb4, 0xd0, 0xb4, 0xf0, 0xac,
    0xf0, 0xac, 0x10, 0xad, 0x11, 0xa5, 0x31, 0xa5, 0x32, 0x9d, 0x53, 0x9d,
    0x32, 0x9d, 0x32, 0x9d, 0x32, 0x9d, 0x32, 0x9d, 0x32, 0x9d, 0x11, 0xa5,
    0xf1, 0xa4, 0xf1, 0xa4, 0xf1, 0xac, 0xd0, 0xac, 0xd0, 0xac, 0xd1, 0xac,
    0xd1, 0xac, 0xd1, 0xac, 0xd1, 0xac, 0x11, 0xad, 0xf1, 0xac, 0xf1, 0xac,
    0xf1, 0xac, 0xf1, 0xb4, 0xd1, 0xb4, 0xd1, 0xb4, 0xd0, 0xb4, 0xd0, 0xbc,
    0xd0, 0xbc, 0xb0, 0xbc, 0xb0, 0xbc, 0xb0, 0xbc, 0xb0, 0xc4, 0xb0, 0xc4,
    0x8f, 0xcc, 0x8f, 0xcc, 0x8f, 0xd4, 0x8f, 0xcc, 0x8f, 0xcc, 0x8f, 0xcc,
    0x8f, 0xcc, 0x8f, 0xcc, 0x8f, 0xcc, 0x8f, 0xcc, 0x8f, 0xcc, 0x8f, 0xcc,
    0x8f, 0xcc, 0x8f, 0xcc, 0x8f, 0xcc, 0x6f, 0xcc, 0x6e, 0xcc, 0x6f, 0xcc,
    0x6e, 0xd4, 0x6f, 0xd4, 0x6e, 0xd4, 0x6e, 0xd4, 0x6e, 0xd4, 0x4e, 0xd4,
    0x6e, 0xd4, 0x4e, 0xdc, 0x2e, 0xdc, 0x2e, 0xdc, 0x4e, 0xdc, 0x4e, 0xdc,
    0x2e, 0xdc, 0x2e, 0xdc, 0x2e, 0xdc, 0x2d, 0xdc, 0x2d, 0xe4, 0x0e, 0xe4,
    0x0d, 0xe4, 0x2d, 0xe4, 0x0d, 0xe4, 0x0d, 0xdc, 0x0d, 0xe4, 0x0d, 0xdc,
    0x0d, 0xdc, 0x2e, 0xdc, 0x4e, 0xcc, 0x4f, 0xcc, 0x4f, 0xcc, 0x4e, 0xc4,
    0x2e, 0xdc, 0x2d, 0xe4, 0x2e, 0xec, 0x2d, 0xec, 0x2d, 0xec, 0x2d, 0xec,
    0x2d, 0xec, 0x2e, 0xec, 0x2d, 0xec, 0x2d, 0xec, 0x2d, 0xec, 0x2d, 0xec,
    0x2d, 0xe4, 0x2d, 0xe4, 0x2e, 0xe4, 0x2e, 0xe4, 0x2d, 0xdc, 0x0e, 0xdc,
    0x2e, 0xdc, 0x2e, 0xd4, 0x4e, 0xcc, 0x8e, 0xbc, 0x6e, 0xb4, 0x6e, 0xb4,
    0x6e, 0xb4, 0x6e, 0xb4, 0x6e, 0xb4, 0x6e, 0xbc, 0x6e, 0xbc, 0x4e, 0xbc,
    0x4e, 0xbc, 0x4e, 0xbc, 0x4e, 0xc4, 0x2e, 0xc4, 0x2e, 0xc4, 0x2e, 0xcc,
    0x0d, 0xcc, 0x0e, 0xcc, 0x0d, 0xcc, 0x0e, 0xcc, 0x0d, 0xcc, 0xed, 0xcb,
    0xed, 0xcb, 0xed, 0xcb, 0xed, 0xcb, 0xed, 0xcb, 0xed, 0xcb, 0xcd, 0xcb,
    0xcd, 0xcb, 0xcd, 0xcb, 0xcd, 0xcb, 0xcd, 0xcb, 0xcd, 0xcb, 0xcd, 0xcb,
    0xac, 0xd3, 0xac, 0xd3, 0xcd, 0xd3, 0xcc, 0xd3, 0xcd, 0xdb, 0xcd, 0xd3,
    0xcd, 0xdb, 0xed, 0xdb, 0xed, 0xd3, 0xed, 0xdb, 0xed, 0xd3, 0xed, 0xd3,
    0xed, 0xdb, 0xed, 0xdb, 0x0d, 0xdc, 0x0d, 0xdc, 0x0d, 0xdc, 0x0d, 0xdc,
    0x2d, 0xdc, 0x2d, 0xdc, 0x2e, 0xdc, 0x2e, 0xdc, 0x4e, 0xdc, 0x4e, 0xd4,
    0x4d, 0xdc, 0x4e, 0xe4, 0x4e, 0xe4, 0x4d, 0xdc, 0x4e, 0xd4, 0x6e, 0xd4,
    0x6e, 0xd4, 0x6e, 0xcc, 0x6e, 0xd4, 0x4e, 0xd4, 0x0e, 0xbc, 0xe9, 0x39,
    0xa9, 0x21, 0x89, 0x21, 0x88, 0x21, 0xa9, 0x21, 0x89, 0x21, 0xa9, 0x29,
    0xa9, 0x29, 0xa9, 0x21, 0xa9, 0x29, 0xa9, 0x29, 0xa9, 0x21, 0xa9, 0x29,
    0xa9, 0x29, 0xc9, 0x29, 0xa9, 0x21, 0xa9, 0x29, 0xaa, 0x29, 0xa9, 0x21,
    0xc9, 0x31, 0xea, 0x39, 0xe9, 0x41, 0x09, 0x42, 0x09, 0x4a, 0x09, 0x4a,
    0x09, 0x4a, 0xcb, 0x7a, 0x8e, 0xd4, 0x8e, 0xdc, 0x8e, 0xdc, 0x8e, 0xdc,
    0x8e, 0xd4, 0xaf, 0xcc, 0xaf, 0xcc, 0x8e, 0xd4, 0x8e, 0xd4, 0x8e, 0xd4,
    0x8f, 0xd4, 0xae, 0xcc, 0xaf, 0xd4, 0xaf, 0xcc, 0xaf, 0xcc, 0xaf, 0xcc,
    0xaf, 0xcc, 0xaf, 0xcc, 0xcf, 0xcc, 0xcf, 0xcc, 0xd0, 0xcc, 0xd0, 0xcc,
    0xcf, 0xcc, 0xf0, 0xcc, 0xf0, 0xcc, 0xf0, 0xcc, 0xf0, 0xc4, 0xf0, 0xc4,
    0xf0, 0xc4, 0x10, 0xc5, 0xf0, 0xc4, 0xf0, 0xc4, 0xf0, 0xbc, 0xf0, 0xbc,
    0xf0, 0xbc, 0xf0, 0xbc, 0xf0, 0xbc, 0xf0, 0xb4, 0xf0, 0xb4, 0xf0, 0xbc,
    0xf1, 0xb4, 0x11, 0xb5, 0x11, 0xb5, 0x11, 0xb5, 0x11, 0xad, 0x32, 0xad,
    0x53, 0x9d, 0x74, 0x9d, 0x74, 0x95, 0x74, 0x95, 0x74, 0x8d, 0x95, 0x8d,
    0x95, 0x8d, 0x75, 0x8d, 0x95, 0x8d, 0x94, 0x8d, 0x95, 0x8d, 0x95, 0x8d,
    0x74, 0x8d, 0x74, 0x95, 0x74, 0x95, 0x74, 0x95, 0x74, 0x95, 0x74, 0x95,
    0x74, 0x95, 0x74, 0x95, 0x74, 0x95, 0x53, 0x9d, 0x53, 0x9d, 0x53, 0x9d,
    0x32, 0x9d, 0x52, 0x9d, 0x32, 0x9d, 0x32, 0xa5, 0x32, 0xa5, 0x32, 0xa5,
    0x32, 0xa5, 0x11, 0xa5, 0x11, 0xa5, 0x11, 0xad, 0xcf, 0xbc, 0xaf, 0xbc,
    0xaf, 0xbc, 0x4c, 0xd4, 0xe9, 0xf3, 0x29, 0xf4, 0x69, 0xfc, 0x69, 0xf4,
    0x49, 0xf4, 0x49, 0xfc, 0x49, 0xf4, 0x29, 0xf4, 0x29, 0xfc, 0x29, 0xfc,
    0x28, 0xf4, 0x29, 0xfc, 0x29, 0xfc, 0x28, 0xf4, 0x29, 0xfc, 0x29, 0xfc,
    0x08, 0xfc, 0x29, 0xf4, 0x08, 0xfc, 0x28, 0xfc, 0x29, 0xfc, 0x29, 0xf4,
    0x29, 0xf4, 0x29, 0xf4, 0x49, 0xf4, 0x49, 0xec, 0x2a, 0xe4, 0xad, 0xcc,
    0xae, 0xc4, 0xae, 0xc4, 0xae, 0xc4, 0xce, 0xbc, 0xcf, 0xbc, 0xcf, 0xbc,
    0xf0, 0xac, 0x10, 0xad, 0x11, 0xad, 0x11, 0xa5, 0x32, 0x9d, 0x53, 0x95,
    0x53, 0x95, 0x74, 0x95, 0x74, 0x95, 0x53, 0x95, 0x73, 0x95, 0x53, 0x95,
    0x74, 0x95, 0x53, 0x95, 0x54, 0x95, 0x53, 0x8d, 0x54, 0x95, 0x54, 0x8d,
    0x74, 0x8d, 0x74, 0x8d, 0x74, 0x8d, 0x74, 0x8d, 0x74, 0x95, 0x53, 0x95,
    0x33, 0xa5, 0x12, 0xa5, 0xf1, 0xac, 0xf1, 0xb4, 0xf1, 0xb4, 0xd1, 0xbc,
    0xd1, 0xbc, 0xd1, 0xbc, 0xd1, 0xc4, 0xd0, 0xc4, 0xd0, 0xc4, 0xd0, 0xc4,
    0xb0, 0xc4, 0xb0, 0xc4, 0xb0, 0xc4, 0xb0, 0xcc, 0xb0, 0xc4, 0xb0, 0xcc,
    0x90, 0xc4, 0xb0, 0xcc, 0x90, 0xcc, 0x90, 0xcc, 0x8f, 0xcc, 0x8f, 0xcc,
    0x8f, 0xcc, 0x6f, 0xcc, 0x6f, 0xcc, 0x6e, 0xd4, 0x6e, 0xd4, 0x6f, 0xd4,
    0x6e, 0xd4, 0x6e, 0xd4, 0x6e, 0xd4, 0x4e, 0xd4, 0x4e, 0xd4, 0x4e, 0xd4,
    0x4e, 0xd4, 0x4e, 0xd4, 0x4f, 0xd4, 0x4e, 0xd4, 0x2e, 0xdc, 0x2e, 0xdc,
    0x2e, 0xdc, 0x2e, 0xdc, 0x2d, 0xdc, 0x2d, 0xdc, 0x0e, 0xdc, 0x0d, 0xdc,
    0x0e, 0xdc, 0x0d, 0xdc, 0x0e, 0xdc, 0x0d, 0xdc, 0x0e, 0xdc, 0x0e, 0xdc,
    0x2d, 0xdc, 0x0e, 0xdc, 0x0d, 0xdc, 0x2e, 0xd4, 0x4f, 0xcc, 0x4f, 0xc4,
    0x4f, 0xc4, 0x4e, 0xcc, 0x2e, 0xd4, 0x0e, 0xd4, 0x0e, 0xd4, 0x2d, 0xdc,
    0x2e, 0xdc, 0x2e, 0xe4, 0x2e, 0xe4, 0x2d, 0xe4, 0x2e, 0xe4, 0x2d, 0xe4,
    0x0d, 0xe4, 0x0e, 0xe4, 0x2e, 0xe4, 0x0d, 0xdc, 0x0d, 0xdc, 0x0d, 0xdc,
    0x0d, 0xdc, 0x0e, 0xd4, 0x2d, 0xd4, 0x0d, 0xcc, 0x2e, 0xcc, 0x4e, 0xc4,
    0x4e, 0xc4, 0x6e, 0xbc, 0x6e, 0xbc, 0x6f, 0xb4, 0x6e, 0xb4, 0x6e, 0xb4,
    0x6e, 0xb4, 0x6e, 0xb4, 0x6e, 0xb4, 0x6e, 0xb4, 0x6e, 0xb4, 0x4e, 0xb4,
    0x4e, 0xb4, 0x6e, 0xb4, 0x4e, 0xb4, 0x4e, 0xb4, 0x4e, 0xb4, 0x4e, 0xb4,
    0x4e, 0xb4, 0x4e, 0xb4, 0x2e, 0xbc, 0x2e, 0xbc, 0x0e, 0xbc, 0x0e, 0xbc,
    0x0d, 0xbc, 0x0d, 0xbc, 0x0d, 0xbc, 0x0d, 0xbc, 0x0d, 0xbc, 0x0d, 0xbc,
    0xed, 0xbb, 0xed, 0xbb, 0xcd, 0xcb, 0xed, 0xcb, 0xed, 0xd3, 0xed, 0xcb,
    0xed, 0xcb, 0xed, 0xd3, 0xed, 0xd3, 0x0d, 0xcc, 0x0d, 0xd4, 0x0d, 0xcc,
    0x0d, 0xcc, 0x0d, 0xcc, 0x0d, 0xcc, 0x2d, 0xcc, 0x2d, 0xd4, 0x2e, 0xd4,
    0x2e, 0xcc, 0x2e, 0xcc, 0x4e, 0xcc, 0x4e, 0xcc, 0x4e, 0xcc, 0x4e, 0xcc,
    0x4e, 0xc4, 0x4e, 0xc4, 0x4e, 0xcc, 0x4e, 0xcc, 0x6e, 0xc4, 0x4e, 0xcc,
    0x4e, 0xcc, 0x6e, 0xcc, 0x6e, 0xcc, 0x6e, 0xc4, 0x6e, 0xc4, 0x6e, 0xc4,
    0xab, 0x62, 0x89, 0x21, 0xa8, 0x21, 0x89, 0x21, 0xa9, 0x21, 0xa9, 0x21,
    0xa9, 0x29, 0xa9, 0x21, 0xa9, 0x21, 0x89, 0x29, 0xa9, 0x21, 0xa9, 0x29,
    0xa9, 0x29, 0xa9, 0x21, 0xa9, 0x29, 0xaa, 0x29, 0xa9, 0x29, 0xa9, 0x21,
    0xa9, 0x29, 0xc9, 0x29, 0xc9, 0x31, 0xea, 0x39, 0xe9, 0x41, 0x09, 0x42,
    0x09, 0x4a, 0x09, 0x4a, 0x09, 0x4a, 0x29, 0x52, 0x2e, 0xb4, 0xaf, 0xcc,
    0xaf, 0xcc, 0xaf, 0xcc, 0xaf, 0xcc, 0xaf, 0xcc, 0xaf, 0xcc, 0xaf, 0xcc,
    0xaf, 0xcc, 0xaf, 0xcc, 0xaf, 0xcc, 0xaf, 0xcc, 0xae, 0xcc, 0xaf, 0xcc,
    0xaf, 0xcc, 0xaf, 0xcc, 0xcf, 0xcc, 0xcf, 0xcc, 0xcf, 0xcc, 0xd0, 0xcc,
    0xcf, 0xcc, 0xd0, 0xcc, 0xef, 0xcc, 0xef, 0xc4, 0xf0, 0xcc, 0xf0, 0xc4,
    0xf0, 0xc4, 0xf0, 0xc4, 0xf0, 0xc4, 0xf0, 0xc4, 0xf0, 0xbc, 0xf0, 0xbc,
    0xf0, 0xbc, 0xf0, 0xbc, 0xf0, 0xbc, 0xf0, 0xbc, 0xf0, 0xbc, 0xf0, 0xbc,
    0xf0, 0xbc, 0xf0, 0xbc, 0xf0, 0xb4, 0x11, 0xad, 0x11, 0xad, 0x12, 0xad,
    0x31, 0xad, 0x32, 0xad, 0x53, 0x9d, 0x74, 0x95, 0x74, 0x95, 0x95, 0x8d,
    0x95, 0x8d, 0x94, 0x8d, 0x94, 0x8d, 0x95, 0x8d, 0x95, 0x8d, 0x94, 0x8d,
    0x95, 0x8d, 0x95, 0x8d, 0x95, 0x8d, 0x94, 0x8d, 0x95, 0x8d, 0x74, 0x8d,
    0x74, 0x8d, 0x74, 0x95, 0x74, 0x95, 0x74, 0x95, 0x74, 0x95, 0x74, 0x95,
    0x74, 0x95, 0x54, 0x95, 0x54, 0x95, 0x74, 0x95, 0x53, 0x95, 0x53, 0x9d,
    0x53, 0x9d, 0x33, 0x9d, 0x32, 0x9d, 0x32, 0x9d, 0x32, 0xa5, 0x11, 0xad,
    0xcf, 0xb4, 0xcf, 0xbc, 0xad, 0xcc, 0x0a, 0xe4, 0xe9, 0xf3, 0x29, 0xf4,
    0x49, 0xf4, 0x49, 0xfc, 0x69, 0xfc, 0x69, 0xf4, 0x69, 0xf4, 0x49, 0xfc,
    0x49, 0xf4, 0x49, 0xf4, 0x29, 0xfc, 0x29, 0xfc, 0x28, 0xf4, 0x29, 0xfc,
    0x29, 0xfc, 0x29, 0xf4, 0x28, 0xf4, 0x29, 0xfc, 0x29, 0xfc, 0x29, 0xf4,
    0x29, 0xfc, 0x29, 0xfc, 0x29, 0xf4, 0x49, 0xf4, 0x49, 0xf4, 0x69, 0xf4,
    0x4a, 0xe4, 0x8c, 0xd4, 0xad, 0xcc, 0xae, 0xcc, 0xae, 0xc4, 0xce, 0xbc,
    0xcf, 0xbc, 0xf0, 0xb4, 0x10, 0xad, 0x11, 0xad, 0x11, 0xa5, 0x32, 0x9d,
    0x53, 0x9d, 0x53, 0x95, 0x53, 0x95, 0x73, 0x95, 0x74, 0x8d, 0x74, 0x8d,
    0x74, 0x8d, 0x94, 0x8d, 0x74, 0x85, 0x94, 0x8d, 0x94, 0x85, 0x94, 0x8d,
    0x74, 0x8d, 0x94, 0x8d, 0x74, 0x8d, 0x94, 0x8d, 0x74, 0x8d, 0x33, 0xa5,
    0x32, 0xa5, 0x12, 0xa5, 0x12, 0xad, 0x12, 0xad, 0x12, 0xb5, 0x12, 0xb5,
    0xf1, 0xb4, 0xf1, 0xb4, 0xf1, 0xbc, 0xf1, 0xbc, 0xf1, 0xb4, 0xd1, 0xbc,
    0xd1, 0xbc, 0xf1, 0xbc, 0xf1, 0xbc, 0xd1, 0xbc, 0xd0, 0xc4, 0xd0, 0xc4,
    0xb0, 0xc4, 0xb0, 0xc4, 0xd0, 0xbc, 0xb0, 0xc4, 0xd0, 0xbc, 0xb0, 0xbc,
    0xb0, 0xc4, 0xb0, 0xc4, 0xb0, 0xc4, 0xb0, 0xc4, 0x8f, 0xcc, 0x8f, 0xcc,
    0x6f, 0xcc, 0x6e, 0xd4, 0x6f, 0xd4, 0x4e, 0xd4, 0x6e, 0xd4, 0x6e, 0xd4,
    0x6e, 0xd4, 0x6e, 0xd4, 0x6e, 0xd4, 0x4e, 0xd4, 0x6e, 0xd4, 0x4e, 0xd4,
    0x4e, 0xd4, 0x4e, 0xd4, 0x2e, 0xd4, 0x2e, 0xd4, 0x2e, 0xd4, 0x2e, 0xd4,
    0x0d, 0xdc, 0x0d, 0xd4, 0x0e, 0xd4, 0x0d, 0xd4, 0x0e, 0xd4, 0x0e, 0xdc,
    0x2d, 0xdc, 0x0e, 0xd4, 0x0e, 0xdc, 0x0d, 0xdc, 0x0d, 0xd4, 0x0d, 0xdc,
    0x0e, 0xd4, 0x2e, 0xcc, 0x2e, 0xd4, 0x2e, 0xd4, 0x2e, 0xd4, 0x0e, 0xd4,
    0x2e, 0xd4, 0x2e, 0xd4, 0x4e, 0xcc, 0x4e, 0xcc, 0x2e, 0xcc, 0x2e, 0xd4,
    0x2e, 0xd4, 0x2e, 0xd4, 0x0d, 0xd4, 0x0d, 0xd4, 0x0e, 0xd4, 0x0d, 0xd4,
    0x0d, 0xd4, 0x0e, 0xd4, 0x0e, 0xcc, 0x0d, 0xcc, 0x2d, 0xcc, 0x2e, 0xcc,
    0x2e, 0xcc, 0x4e, 0xc4, 0x4e, 0xc4, 0x4e, 0xc4, 0x6e, 0xbc, 0x6e, 0xb4,
    0x6f, 0xb4, 0x6e, 0xb4, 0x6e, 0xb4, 0x6e, 0xb4, 0x4e, 0xb4, 0x4e, 0xb4,
    0x6e, 0xb4, 0x4e, 0xb4, 0x6e, 0xb4, 0x4e, 0xb4, 0x4e, 0xb4, 0x4e, 0xb4,
    0x4e, 0xb4, 0x4e, 0xb4, 0x4e, 0xb4, 0x2e, 0xb4, 0x2e, 0xb4, 0x4e, 0xb4,
    0x4e, 0xb4, 0x2e, 0xb4, 0x2e, 0xb4, 0x2e, 0xb4, 0x2e, 0xb4, 0x2e, 0xbc,
    0x2e, 0xb4, 0x0e, 0xb4, 0x0e, 0xb4, 0x0d, 0xb4, 0xed, 0xc3, 0xed, 0xcb,
    0xed, 0xcb, 0x0d, 0xcc, 0x0d, 0xc4, 0x0d, 0xcc, 0x0d, 0xc4, 0x0d, 0xc4,
    0x0d, 0xcc, 0x2d, 0xc4, 0x2e, 0xc4, 0x2e, 0xc4, 0x2e, 0xc4, 0x2e, 0xc4,
    0x2e, 0xc4, 0x4e, 0xc4, 0x4e, 0xc4, 0x4d, 0xc4, 0x4e, 0xc4, 0x4e, 0xc4,
    0x4e, 0xc4, 0x4e, 0xc4, 0x4e, 0xc4, 0x4e, 0xc4, 0x4e, 0xc4, 0x6e, 0xc4,
    0x4e, 0xc4, 0x6e, 0xc4, 0x6e, 0xc4, 0x6e, 0xc4, 0x4e, 0xc4, 0x6e, 0xc4,
    0x6e, 0xc4, 0x0e, 0xac, 0xc9, 0x29, 0x89, 0x21, 0x89, 0x21, 0xa8, 0x21,
    0x89, 0x21, 0xa9, 0x29, 0xa9, 0x29, 0xa8, 0x21, 0xa9, 0x29, 0xa9, 0x29,
    0xa9, 0x21, 0xa9, 0x29, 0xa9, 0x21, 0xa9, 0x29, 0xa9, 0x29, 0xc9, 0x29,
    0xc9, 0x29, 0xa9, 0x29, 0xa9, 0x29, 0xc9, 0x31, 0xe9, 0x31, 0xc9, 0x39,
    0xe9, 0x39, 0x09, 0x42, 0x09, 0x42, 0x09, 0x4a, 0x09, 0x4a, 0x09, 0x4a,
    0xeb, 0x72, 0xae, 0xcc, 0xae, 0xcc, 0xaf, 0xcc, 0xae, 0xcc, 0xae, 0xcc,
    0xaf, 0xcc, 0xae, 0xcc, 0xaf, 0xcc, 0xcf, 0xcc, 0xcf, 0xcc, 0xaf, 0xcc,
    0xcf, 0xcc, 0xcf, 0xcc, 0xaf, 0xcc, 0xcf, 0xcc, 0xcf, 0xcc, 0xcf, 0xcc,
    0xcf, 0xcc, 0xd0, 0xcc, 0xcf, 0xcc, 0xcf, 0xc4, 0xf0, 0xc4, 0xcf, 0xc4,
    0xd0, 0xc4, 0xd0, 0xc4, 0xf0, 0xc4, 0xf0, 0xbc, 0xf0, 0xbc, 0xf0, 0xbc,
    0xf0, 0xbc, 0xf0, 0xbc, 0xf0, 0xbc, 0xf0, 0xbc, 0xf0, 0xbc, 0xf0, 0xbc,
    0xf0, 0xb4, 0xf1, 0xb4, 0xf1, 0xb4, 0xf0, 0xb4, 0xf1, 0xb4, 0x11, 0xad,
    0x11, 0xa5, 0x12, 0xa5, 0x12, 0xa5, 0x32, 0xa5, 0x54, 0x95, 0x74, 0x8d,
    0x94, 0x8d, 0x95, 0x8d, 0x95, 0x8d, 0x94, 0x8d, 0x75, 0x85, 0x95, 0x85,
    0x95, 0x85, 0x74, 0x8d, 0x94, 0x85, 0x95, 0x8d, 0x95, 0x8d, 0x95, 0x85,
    0x95, 0x8d, 0x95, 0x8d, 0x94, 0x8d, 0x95, 0x8d, 0x95, 0x85, 0x94, 0x8d,
    0x75, 0x8d, 0x74, 0x8d, 0x94, 0x8d, 0x95, 0x85, 0x95, 0x8d, 0x95, 0x8d,
    0x74, 0x8d, 0x53, 0x95, 0x32, 0x9d, 0x32, 0x9d, 0x32, 0xa5, 0x32, 0xa5,
    0x32, 0xa5, 0x32, 0xa5, 0x32, 0xa5, 0x11, 0xad, 0x10, 0xad, 0xcf, 0xbc,
    0xae, 0xc4, 0x8d, 0xcc, 0x8c, 0xdc, 0x8b, 0xe4, 0x6b, 0xec, 0x6a, 0xec,
    0x6a, 0xf4, 0x6a, 0xf4, 0x69, 0xf4, 0x69, 0xf4, 0x69, 0xf4, 0x69, 0xf4,
    0x49, 0xf4, 0x49, 0xf4, 0x49, 0xf4, 0x49, 0xf4, 0x49, 0xf4, 0x49, 0xf4,
    0x49, 0xf4, 0x49, 0xf4, 0x49, 0xf4, 0x69, 0xf4, 0x6a, 0xec, 0x6a, 0xec,
    0x6a, 0xec, 0x8b, 0xe4, 0x8c, 0xdc, 0xad, 0xcc, 0xce, 0xc4, 0xef, 0xbc,
    0xcf, 0xbc, 0xef, 0xbc, 0xf0, 0xac, 0x11, 0xad, 0x31, 0xa5, 0x32, 0x9d,
    0x53, 0x95, 0x53, 0x95, 0x73, 0x95, 0x73, 0x8d, 0x74, 0x8d, 0x74, 0x8d,
    0x74, 0x8d, 0x74, 0x8d, 0x74, 0x85, 0x94, 0x85, 0x74, 0x8d, 0x75, 0x85,
    0x94, 0x85, 0x74, 0x85, 0x95, 0x85, 0x94, 0x85, 0x94, 0x8d, 0x94, 0x8d,
    0x74, 0x8d, 0x74, 0x95, 0x53, 0x9d, 0x53, 0x9d, 0x53, 0x9d, 0x33, 0x9d,
    0x33, 0x9d, 0x53, 0x9d, 0x33, 0xa5, 0xd1, 0xbc, 0xd0, 0xbc, 0xd0, 0xbc,
    0xd1, 0xbc, 0xd1, 0xbc, 0xd1, 0xbc, 0xd1, 0xbc, 0xd1, 0xbc, 0xd0, 0xbc,
    0xd0, 0xbc, 0xd1, 0xbc, 0xd1, 0xbc, 0xd1, 0xbc, 0xd1, 0xbc, 0xd0, 0xbc,
    0xd1, 0xbc, 0xd0, 0xbc, 0xb1, 0xbc, 0xb0, 0xbc, 0xd1, 0xbc, 0xd0, 0xbc,
    0xd0, 0xbc, 0xb0, 0xbc, 0xb0, 0xc4, 0x8f, 0xc4, 0x8f, 0xc4, 0x8f, 0xc4,
    0x8f, 0xc4, 0x8f, 0xc4, 0x6f, 0xcc, 0x6f, 0xcc, 0x6f, 0xcc, 0x6f, 0xcc,
    0x4e, 0xcc, 0x4e, 0xd4, 0x4e, 0xcc, 0x4e, 0xcc, 0x4e, 0xd4, 0x2e, 0xd4,
    0x2e, 0xd4, 0x2e, 0xd4, 0x2e, 0xd4, 0x2e, 0xdc, 0x0d, 0xdc, 0x0d, 0xd4,
    0x0e, 0xd4, 0x0d, 0xd4, 0x2d, 0xdc, 0x0d, 0xd4, 0x0e, 0xd4, 0x0d, 0xd4,
    0x0d, 0xd4, 0x2e, 0xd4, 0x2e, 0xd4, 0x2d, 0xd4, 0x0e, 0xd4, 0x2e, 0xd4,
    0x0d, 0xd4, 0x2d, 0xcc, 0x4e, 0xcc, 0x4e, 0xcc, 0x4e, 0xcc, 0x4d, 0xcc,
    0x4e, 0xcc, 0x2e, 0xcc, 0x2e, 0xcc, 0x4e, 0xcc, 0x2e, 0xd4, 0x0d, 0xd4,
    0x0d, 0xd4, 0x0e, 0xd4, 0x0d, 0xd4, 0x0d, 0xd4, 0x2e, 0xd4, 0x0e, 0xd4,
    0x2e, 0xcc, 0x2e, 0xcc, 0x2e, 0xc4, 0x4e, 0xc4, 0x4e, 0xc4, 0x4e, 0xbc,
    0x6e, 0xbc, 0x6e, 0xbc, 0x6e, 0xb4, 0x6e, 0xbc, 0x6e, 0xbc, 0x6e, 0xb4,
    0x6e, 0xb4, 0x4e, 0xb4, 0x6e, 0xb4, 0x6e, 0xb4, 0x4e, 0xb4, 0x4e, 0xb4,
    0x4e, 0xb4, 0x4e, 0xb4, 0x4e, 0xb4, 0x4e, 0xb4, 0x4e, 0xb4, 0x2e, 0xb4,
    0x4e, 0xb4, 0x4e, 0xb4, 0x2d, 0xb4, 0x2d, 0xb4, 0x4e, 0xb4, 0x2e, 0xb4,
    0x2d, 0xb4, 0x2d, 0xb4, 0x2e, 0xb4, 0x2d, 0xb4, 0x2d, 0xb4, 0x2d, 0xb4,
    0x0d, 0xc4, 0x0d, 0xc4, 0x0d, 0xc4, 0x0d, 0xc4, 0x0d, 0xc4, 0x0d, 0xc4,
    0x2d, 0xc4, 0x2e, 0xc4, 0x0e, 0xc4, 0x2d, 0xc4, 0x2d, 0xc4, 0x2e, 0xc4,
    0x2d, 0xc4, 0x4e, 0xc4, 0x2e, 0xc4, 0x4e, 0xbc, 0x4e, 0xc4, 0x4e, 0xbc,
    0x4e, 0xc4, 0x4e, 0xc4, 0x4e, 0xbc, 0x4e, 0xbc, 0x4e, 0xc4, 0x6e, 0xc4,
    0x6e, 0xc4, 0x6e, 0xbc, 0x4e, 0xc4, 0x6e, 0xc4, 0x6e, 0xbc, 0x6e, 0xc4,
    0x6e, 0xc4, 0x6e, 0xc4, 0x6e, 0xc4, 0xeb, 0x6a, 0xa9, 0x21, 0x89, 0x21,
    0xa9, 0x21, 0xa9, 0x21, 0xa9, 0x29, 0xa9, 0x29, 0x89, 0x21, 0xa8, 0x29,
    0xa9, 0x29, 0xa9, 0x21, 0xa9, 0x21, 0xa9, 0x21, 0xa9, 0x29, 0xa9, 0x21,
    0xaa, 0x29, 0xa9, 0x29, 0xa9, 0x21, 0xa9, 0x29, 0xc9, 0x29, 0xca, 0x31,
    0xc9, 0x31, 0xc9, 0x29, 0xc9, 0x31, 0xea, 0x39, 0xe9, 0x39, 0xe9, 0x39,
    0x09, 0x4a, 0x09, 0x4a, 0x09, 0x4a, 0x0d, 0xac, 0xae, 0xcc, 0xae, 0xc4,
    0xae, 0xc4, 0xae, 0xc4, 0xae, 0xc4, 0xae, 0xcc, 0xae, 0xc4, 0xae, 0xc4,
    0xcf, 0xc4, 0xaf, 0xcc, 0xaf, 0xcc, 0xcf, 0xcc, 0xcf, 0xcc, 0xcf, 0xcc,
    0xcf, 0xcc, 0xd0, 0xc4, 0xd0, 0xc4, 0xcf, 0xc4, 0xcf, 0xc4, 0xcf, 0xc4,
    0xd0, 0xc4, 0xcf, 0xc4, 0xcf, 0xc4, 0xcf, 0xc4, 0xcf, 0xbc, 0xd0, 0xbc,
    0xf0, 0xbc, 0xf0, 0xbc, 0xf0, 0xb4, 0xf0, 0xb4, 0xf1, 0xb4, 0xf1, 0xb4,
    0xf1, 0xb4, 0x11, 0xad, 0x11, 0xad, 0x11, 0xad, 0x11, 0xad, 0x11, 0xa5,
    0x12, 0xa5, 0x32, 0x9d, 0x33, 0x9d, 0x33, 0x9d, 0x53, 0x9d, 0x53, 0x95,
    0x74, 0x8d, 0x74, 0x8d, 0x75, 0x85, 0x94, 0x85, 0x95, 0x8d, 0x75, 0x85,
    0x94, 0x8d, 0x95, 0x8d, 0x75, 0x8d, 0x95, 0x85, 0x74, 0x8d, 0x95, 0x85,
    0x74, 0x8d, 0x94, 0x8d, 0x75, 0x85, 0x95, 0x8d, 0x94, 0x85, 0x95, 0x85,
    0x95, 0x8d, 0x94, 0x85, 0x74, 0x85, 0x75, 0x8d, 0x95, 0x85, 0x94, 0x85,
    0x95, 0x85, 0x95, 0x85, 0x94, 0x85, 0x74, 0x8d, 0x74, 0x8d, 0x74, 0x8d,
    0x74, 0x8d, 0x74, 0x8d, 0x74, 0x8d, 0x53, 0x95, 0x32, 0x9d, 0x11, 0xad,
    0x10, 0xad, 0xcf, 0xb4, 0xcf, 0xbc, 0xae, 0xc4, 0xac, 0xd4, 0xac, 0xd4,
    0x8c, 0xdc, 0x8b, 0xe4, 0x8b, 0xe4, 0x8b, 0xec, 0x6a, 0xec, 0x6a, 0xec,
    0x6a, 0xf4, 0x6a, 0xf4, 0x6a, 0xf4, 0x6a, 0xf4, 0x69, 0xf4, 0x69, 0xf4,
    0x6a, 0xf4, 0x6a, 0xf4, 0x69, 0xf4, 0x6a, 0xf4, 0x6a, 0xf4, 0x8a, 0xec,
    0x8b, 0xe4, 0x8b, 0xe4, 0x8b, 0xe4, 0xad, 0xd4, 0xcf, 0xbc, 0xef, 0xb4,
    0x10, 0xb5, 0x10, 0xad, 0x10, 0xb5, 0x10, 0xb5, 0x10, 0xbd, 0x0f, 0xb5,
    0x10, 0xb5, 0x31, 0xad, 0x52, 0xa5, 0x73, 0x95, 0x74, 0x8d, 0x74, 0x8d,
    0x74, 0x8d, 0x74, 0x85, 0x94, 0x85, 0x74, 0x8d, 0x94, 0x85, 0x94, 0x8d,
    0x75, 0x8d, 0x94, 0x85, 0x74, 0x8d, 0x95, 0x8d, 0x95, 0x85, 0x95, 0x85,
    0x95, 0x85, 0x95, 0x85, 0x95, 0x85, 0x95, 0x85, 0x95, 0x8d, 0x95, 0x85,
    0x95, 0x8d, 0x95, 0x8d, 0x94, 0x8d, 0x94, 0x8d, 0x95, 0x8d, 0x53, 0x9d,
    0x33, 0xa5, 0x33, 0xa5, 0x33, 0xa5, 0x32, 0xa5, 0x32, 0xa5, 0x32, 0xa5,
    0x12, 0xa5, 0x12, 0xad, 0x12, 0xa5, 0x12, 0xad, 0x12, 0xa5, 0x12, 0xa5,
    0x12, 0xa5, 0x12, 0xad, 0x12, 0xad, 0xf2, 0xac, 0xf1, 0xac, 0xf1, 0xac,
    0xf1, 0xac, 0xf1, 0xac, 0xf1, 0xac, 0xf1, 0xb4, 0xd0, 0xb4, 0xd0, 0xbc,
    0xb0, 0xbc, 0xaf, 0xc4, 0x90, 0xc4, 0x8f, 0xc4, 0x8f, 0xc4, 0x6f, 0xcc,
    0x6f, 0xcc, 0x6f, 0xcc, 0x4e, 0xd4, 0x4e, 0xcc, 0x4e, 0xd4, 0x4e, 0xd4,
    0x4e, 0xd4, 0x4e, 0xd4, 0x2e, 0xd4, 0x4e, 0xd4, 0x4e, 0xd4, 0x2e, 0xd4,
    0x2e, 0xd4, 0x2e, 0xd4, 0x2e, 0xd4, 0x2e, 0xd4, 0x2d, 0xd4, 0x2e, 0xd4,
    0x2e, 0xd4, 0x2e, 0xd4, 0x2e, 0xd4, 0x2e, 0xd4, 0x4e, 0xcc, 0x4e, 0xcc,
    0x2e, 0xd4, 0x2e, 0xd4, 0x4e, 0xcc, 0x4e, 0xcc, 0x6e, 0xcc, 0x6e, 0xcc,
    0x4e, 0xcc, 0x6e, 0xcc, 0x6e, 0xcc, 0x4e, 0xcc, 0x4e, 0xcc, 0x4e, 0xcc,
    0x4e, 0xcc, 0x4e, 0xcc, 0x4e, 0xcc, 0x4e, 0xcc, 0x4e, 0xc4, 0x4e, 0xcc,
    0x2e, 0xcc, 0x4e, 0xc4, 0x4e, 0xc4, 0x4e, 0xc4, 0x4e, 0xc4, 0x6e, 0xc4,
    0x4e, 0xbc, 0x6e, 0xbc, 0x6e, 0xbc, 0x6e, 0xbc, 0x6e, 0xbc, 0x6e, 0xb4,
    0x6e, 0xbc, 0x6e, 0xbc, 0x4e, 0xbc, 0x4e, 0xbc, 0x4e, 0xbc, 0x4e, 0xb4,
    0x4e, 0xb4, 0x4e, 0xb4, 0x4e, 0xb4, 0x4e, 0xb4, 0x4e, 0xb4, 0x2d, 0xb4,
    0x2e, 0xb4, 0x4e, 0xb4, 0x2d, 0xb4, 0x4e, 0xb4, 0x2e, 0xb4, 0x2d, 0xb4,
    0x2e, 0xb4, 0x2e, 0xb4, 0x2d, 0xb4, 0x2d, 0xb4, 0x2d, 0xb4, 0x2d, 0xb4,
    0x0e, 0xac, 0x2e, 0xb4, 0x0d, 0xbc, 0x0d, 0xc4, 0x0d, 0xc4, 0x0e, 0xc4,
    0x0e, 0xc4, 0x2d, 0xc4, 0x0e, 0xc4, 0x2e, 0xc4, 0x2d, 0xc4, 0x2e, 0xc4,
    0x2e, 0xc4, 0x2d, 0xc4, 0x2d, 0xc4, 0x2d, 0xc4, 0x2d, 0xc4, 0x2e, 0xc4,
    0x2d, 0xc4, 0x2e, 0xc4, 0x4e, 0xc4, 0x4d, 0xc4, 0x4e, 0xc4, 0x4e, 0xc4,
    0x4e, 0xc4, 0x6e, 0xc4, 0x6e, 0xc4, 0x6e, 0xc4, 0x6e, 0xc4, 0x6e, 0xbc,
    0x4e, 0xc4, 0x6e, 0xc4, 0x6f, 0xc4, 0x6e, 0xbc, 0x2e, 0xb4, 0xc9, 0x31,
    0x89, 0x21, 0xa8, 0x21, 0x89, 0x21, 0xa9, 0x29, 0xa9, 0x29, 0xa9, 0x21,
    0xa9, 0x21, 0xa9, 0x29, 0xa9, 0x29, 0xa9, 0x21, 0xa9, 0x21, 0xa9, 0x29,
    0xa9, 0x21, 0xa9, 0x21, 0xa9, 0x21, 0xa9, 0x29, 0xc9, 0x29, 0xa9, 0x29,
    0xc9, 0x29, 0xa9, 0x29, 0xa9, 0x29, 0xc9, 0x29, 0xa9, 0x29, 0xca, 0x31,
    0xc9, 0x31, 0xc9, 0x31, 0xea, 0x39, 0x09, 0x4a, 0x09, 0x4a, 0x6a, 0x5a,
    0x8e, 0xbc, 0xaf, 0xc4, 0xaf, 0xc4, 0xae, 0xc4, 0xaf, 0xc4, 0xaf, 0xc4,
    0xae, 0xc4, 0xae, 0xc4, 0xae, 0xc4, 0xae, 0xc4, 0xae, 0xc4, 0xaf, 0xc4,
    0xaf, 0xc4, 0xaf, 0xc4, 0xcf, 0xc4, 0xcf, 0xc4, 0xcf, 0xc4, 0xcf, 0xc4,
    0xcf, 0xc4, 0xcf, 0xc4, 0xcf, 0xc4, 0xcf, 0xc4, 0xcf, 0xbc, 0xcf, 0xbc,
    0xcf, 0xbc, 0xf0, 0xb4, 0xf1, 0xb4, 0xf1, 0xb4, 0x11, 0xad, 0x11, 0xad,
    0x32, 0xa5, 0x32, 0xa5, 0x32, 0x9d, 0x32, 0x9d, 0x32, 0x9d, 0x33, 0x9d,
    0x33, 0x9d, 0x33, 0x9d, 0x53, 0x9d, 0x53, 0x95, 0x53, 0x95, 0x53, 0x95,
    0x54, 0x95, 0x74, 0x8d, 0x74, 0x8d, 0x74, 0x8d, 0x94, 0x8d, 0x75, 0x85,
    0x74, 0x85, 0x74, 0x8d, 0x94, 0x8d, 0x94, 0x8d, 0x95, 0x85, 0x95, 0x8d,
    0x95, 0x8d, 0x94, 0x85, 0x95, 0x8d, 0x74, 0x8d, 0x95, 0x8d, 0x94, 0x8d,
    0x75, 0x8d, 0x95, 0x8d, 0x94, 0x8d, 0x95, 0x85, 0x75, 0x8d, 0x95, 0x8d,
    0x74, 0x8d, 0x95, 0x8d, 0x94, 0x85, 0x95, 0x85, 0x95, 0x8d, 0x94, 0x8d,
    0x95, 0x8d, 0x94, 0x8d, 0x94, 0x8d, 0x94, 0x8d, 0x94, 0x8d, 0x74, 0x8d,
    0x53, 0x9d, 0x31, 0xa5, 0x10, 0xad, 0xcf, 0xbc, 0x8d, 0xc4, 0x6c, 0xdc,
    0x6b, 0xe4, 0x8b, 0xe4, 0x6b, 0xe4, 0x6b, 0xe4, 0x6b, 0xe4, 0x6b, 0xe4,
    0x8b, 0xe4, 0x8b, 0xec, 0x6b, 0xec, 0x6a, 0xec, 0x6a, 0xf4, 0x6a, 0xf4,
    0x6a, 0xf4, 0x69, 0xf4, 0x69, 0xfc, 0x49, 0xfc, 0x69, 0xf4, 0x69, 0xfc,
    0x49, 0xf4, 0x69, 0xf4, 0x8a, 0xf4, 0x6a, 0xf4, 0x69, 0xf4, 0x6a, 0xf4,
    0x4b, 0xdc, 0x8d, 0xcc, 0xcf, 0xc4, 0xcf, 0xbc, 0xce, 0xc4, 0xef, 0xc4,
    0xef, 0xbc, 0xef, 0xc4, 0x10, 0xbd, 0x31, 0xad, 0x53, 0x95, 0x74, 0x8d,
    0x74, 0x8d, 0x94, 0x8d, 0x94, 0x85, 0x74, 0x8d, 0x94, 0x85, 0x95, 0x8d,
    0x75, 0x85, 0x74, 0x85, 0x95, 0x8d, 0x94, 0x85, 0x74, 0x85, 0x95, 0x8d,
    0x94, 0x8d, 0x75, 0x85, 0x94, 0x85, 0x95, 0x85, 0x94, 0x85, 0x95, 0x85,
    0x95, 0x85, 0x95, 0x85, 0x95, 0x85, 0x95, 0x85, 0x95, 0x85, 0x95, 0x85,
    0x94, 0x85, 0x95, 0x85, 0x95, 0x8d, 0x95, 0x85, 0x95, 0x85, 0x95, 0x85,
    0x95, 0x8d, 0x95, 0x8d, 0x94, 0x8d, 0x74, 0x8d, 0x74, 0x95, 0x74, 0x95,
    0x53, 0x95, 0x53, 0x95, 0x53, 0x9d, 0x33, 0x9d, 0x32, 0x9d, 0x32, 0xa5,
    0x12, 0xa5, 0x11, 0xad, 0xf1, 0xac, 0xf1, 0xac, 0xf1, 0xac, 0xd1, 0xb4,
    0xb0, 0xbc, 0xb0, 0xbc, 0x8f, 0xc4, 0x8f, 0xcc, 0x8f, 0xcc, 0x6f, 0xcc,
    0x8f, 0xcc, 0x6f, 0xcc, 0x6f, 0xcc, 0x6e, 0xcc, 0x4e, 0xd4, 0x4f, 0xd4,
    0x4e, 0xd4, 0x4e, 0xd4, 0x4e, 0xd4, 0x6e, 0xcc, 0x4e, 0xd4, 0x4e, 0xd4,
    0x4e, 0xcc, 0x4d, 0xd4, 0x4e, 0xd4, 0x4e, 0xd4, 0x4e, 0xcc, 0x4e, 0xd4,
    0x2e, 0xd4, 0x4d, 0xd4, 0x2e, 0xd4, 0x4e, 0xcc, 0x4e, 0xcc, 0x4e, 0xcc,
    0x4e, 0xcc, 0x6e, 0xcc, 0x6e, 0xcc, 0x6e, 0xcc, 0x6e, 0xcc, 0x6e, 0xc4,
    0x6e, 0xc4, 0x6e, 0xc4, 0x6e, 0xc4, 0x6e, 0xc4, 0x6e, 0xcc, 0x4e, 0xcc,
    0x4e, 0xcc, 0x4e, 0xcc, 0x4e, 0xc4, 0x4e, 0xcc, 0x4e, 0xcc, 0x4e, 0xc4,
    0x4e, 0xc4, 0x4e, 0xcc, 0x4e, 0xc4, 0x4e, 0xcc, 0x4e, 0xc4, 0x4e, 0xc4,
    0x6e, 0xc4, 0x4e, 0xc4, 0x6e, 0xbc, 0x6e, 0xbc, 0x6e, 0xbc, 0x6e, 0xbc,
    0x6e, 0xbc, 0x6e, 0xb4, 0x6e, 0xb4, 0x4e, 0xb4, 0x6e, 0xb4, 0x4e, 0xb4,
    0x4e, 0xb4, 0x4e, 0xb4, 0x4e, 0xb4, 0x4e, 0xb4, 0x4e, 0xb4, 0x4e, 0xb4,
    0x2d, 0xb4, 0x4e, 0xb4, 0x4e, 0xb4, 0x2e, 0xb4, 0x2d, 0xb4, 0x2e, 0xb4,
    0x4e, 0xb4, 0x2d, 0xb4, 0x2d, 0xb4, 0x2e, 0xac, 0x2d, 0xb4, 0x2e, 0xac,
    0x0e, 0xac, 0x0d, 0xac, 0x0e, 0xac, 0x0d, 0xac, 0x0d, 0xbc, 0xed, 0xbb,
    0x0e, 0xc4, 0x0d, 0xbc, 0x0e, 0xc4, 0x0d, 0xc4, 0x2d, 0xc4, 0x0e, 0xc4,
    0x2d, 0xc4, 0x2d, 0xc4, 0x2d, 0xc4, 0x2e, 0xc4, 0x2e, 0xc4, 0x2e, 0xc4,
    0x2e, 0xc4, 0x4d, 0xc4, 0x4e, 0xc4, 0x2e, 0xc4, 0x2d, 0xc4, 0x4d, 0xc4,
    0x4e, 0xc4, 0x4e, 0xc4, 0x4e, 0xc4, 0x4e, 0xc4, 0x4e, 0xc4, 0x4e, 0xc4,
    0x4e, 0xc4, 0x4e, 0xc4, 0x6e, 0xc4, 0x4e, 0xc4, 0x6e, 0xc4, 0x6e, 0xc4,
    0xcb, 0x6a, 0x89, 0x29, 0xa9, 0x21, 0x89, 0x21, 0x88, 0x21, 0xa9, 0x29,
    0xa8, 0x21, 0xa9, 0x29, 0x89, 0x21, 0xa9, 0x29, 0xa9, 0x21, 0xa9, 0x21,
    0xa9, 0x29, 0xa9, 0x21, 0xa9, 0x29, 0xa9, 0x21, 0xa9, 0x29, 0xa9, 0x29,
    0xa9, 0x29, 0xa9, 0x21, 0xa9, 0x29, 0xc9, 0x29, 0xc9, 0x29, 0xa9, 0x29,
    0xc9, 0x29, 0xc9, 0x29, 0xc9, 0x29, 0xc9, 0x31, 0xc9, 0x31, 0xe9, 0x41,
    0x09, 0x4a, 0x09, 0x4a, 0xeb, 0x7a, 0xae, 0xcc, 0xae, 0xcc, 0xae, 0xcc,
    0xae, 0xcc, 0xaf, 0xc4, 0xae, 0xcc, 0xaf, 0xcc, 0xae, 0xcc, 0xae, 0xc4,
    0xaf, 0xc4, 0xae, 0xc4, 0xaf, 0xc4, 0xaf, 0xc4, 0xae, 0xc4, 0xae, 0xc4,
    0xaf, 0xc4, 0xaf, 0xc4, 0xaf, 0xc4, 0xaf, 0xc4, 0xcf, 0xc4, 0xaf, 0xc4,
    0xcf, 0xc4, 0xcf, 0xc4, 0xd0, 0xbc, 0x11, 0xad, 0x11, 0xad, 0x11, 0xad,
    0x11, 0xad, 0x12, 0xa5, 0x12, 0xa5, 0x32, 0x9d, 0x32, 0x9d, 0x33, 0x9d,
    0x33, 0x9d, 0x53, 0x9d, 0x53, 0x95, 0x53, 0x95, 0x53, 0x95, 0x53, 0x95,
    0x74, 0x95, 0x74, 0x95, 0x74, 0x8d, 0x74, 0x8d, 0x74, 0x8d, 0x74, 0x8d,
    0x74, 0x8d, 0x74, 0x8d, 0x75, 0x8d, 0x74, 0x8d, 0x95, 0x8d, 0x75, 0x85,
    0x74, 0x8d, 0x74, 0x8d, 0x95, 0x85, 0x95, 0x8d, 0x95, 0x85, 0x95, 0x8d,
    0x94, 0x8d, 0x95, 0x85, 0x75, 0x85, 0x94, 0x8d, 0x95, 0x8d, 0x75, 0x85,
    0x94, 0x8d, 0x94, 0x8d, 0x95, 0x85, 0x95, 0x8d, 0x94, 0x8d, 0x75, 0x8d,
    0x95, 0x8d, 0x94, 0x8d, 0x95, 0x85, 0x95, 0x85, 0x94, 0x8d, 0x95, 0x85,
    0x74, 0x8d, 0x74, 0x8d, 0x53, 0x9d, 0x32, 0xa5, 0x32, 0xa5, 0x11, 0xad,
    0xcf, 0xbc, 0x6c, 0xd4, 0x4a, 0xec, 0x29, 0xf4, 0x29, 0xf4, 0x49, 0xf4,
    0x49, 0xf4, 0x49, 0xf4, 0x49, 0xf4, 0x29, 0xf4, 0x49, 0xf4, 0x49, 0xf4,
    0x49, 0xf4, 0x49, 0xf4, 0x49, 0xf4, 0x49, 0xf4, 0x49, 0xfc, 0x69, 0xf4,
    0x4a, 0xf4, 0x69, 0xfc, 0x49, 0xfc, 0x49, 0xf4, 0x69, 0xf4, 0x69, 0xfc,
    0x69, 0xf4, 0x69, 0xf4, 0x2b, 0xdc, 0x6c, 0xd4, 0xce, 0xc4, 0xce, 0xc4,
    0xce, 0xcc, 0xce, 0xcc, 0xce, 0xc4, 0xce, 0xc4, 0xef, 0xc4, 0x31, 0xa5,
    0x74, 0x8d, 0x74, 0x8d, 0x94, 0x8d, 0x74, 0x85, 0x95, 0x8d, 0x74, 0x85,
    0x74, 0x8d, 0x94, 0x8d, 0x74, 0x85, 0x75, 0x8d, 0x94, 0x85, 0x74, 0x85,
    0x75, 0x85, 0x94, 0x85, 0x94, 0x8d, 0x95, 0x8d, 0x95, 0x85, 0x94, 0x8d,
    0x94, 0x85, 0x95, 0x85, 0x94, 0x8d, 0x94, 0x85, 0x95, 0x85, 0x94, 0x85,
    0x95, 0x85, 0x95, 0x85, 0x95, 0x85, 0x94, 0x85, 0x94, 0x8d, 0x74, 0x8d,
    0x74, 0x8d, 0x94, 0x8d, 0x74, 0x8d, 0x74, 0x8d, 0x74, 0x8d, 0x53, 0x95,
    0x53, 0x95, 0x53, 0x9d, 0x32, 0x9d, 0x32, 0xa5, 0x32, 0xa5, 0x32, 0xa5,
    0x11, 0xa5, 0xf1, 0xb4, 0xd1, 0xb4, 0xd0, 0xbc, 0xd0, 0xbc, 0xd0, 0xbc,
    0xd0, 0xbc, 0xb0, 0xbc, 0xaf, 0xc4, 0x8f, 0xcc, 0x8f, 0xcc, 0x8f, 0xcc,
    0x6f, 0xcc, 0x6f, 0xcc, 0x8f, 0xcc, 0x6f, 0xcc, 0x6f, 0xcc, 0x6e, 0xcc,
    0x4e, 0xd4, 0x4e, 0xd4, 0x4e, 0xd4, 0x4e, 0xd4, 0x6e, 0xcc, 0x6e, 0xcc,
    0x8e, 0xcc, 0x6e, 0xcc, 0x6e, 0xcc, 0x6e, 0xcc, 0x4e, 0xcc, 0x6e, 0xcc,
    0x6e, 0xcc, 0x4e, 0xcc, 0x4e, 0xcc, 0x4e, 0xcc, 0x6e, 0xcc, 0x6e, 0xcc,
    0x6e, 0xcc, 0x6e, 0xcc, 0x6e, 0xcc, 0x6e, 0xc4, 0x6e, 0xc4, 0x8e, 0xc4,
    0x6e, 0xc4, 0x6e, 0xc4, 0x8e, 0xc4, 0x6e, 0xc4, 0x6e, 0xc4, 0x6e, 0xc4,
    0x6e, 0xc4, 0x6e, 0xcc, 0x6e, 0xc4, 0x6e, 0xc4, 0x6e, 0xc4, 0x6e, 0xc4,
    0x4e, 0xc4, 0x4e, 0xc4, 0x6e, 0xc4, 0x4e, 0xc4, 0x4e, 0xc4, 0x4e, 0xc4,
    0x4e, 0xc4, 0x4e, 0xc4, 0x4e, 0xc4, 0x6e, 0xc4, 0x6e, 0xbc, 0x6e, 0xbc,
    0x6e, 0xbc, 0x6e, 0xbc, 0x4e, 0xbc, 0x4e, 0xbc, 0x4e, 0xbc, 0x6e, 0xbc,
    0x4e, 0xbc, 0x4e, 0xbc, 0x4e, 0xbc, 0x4e, 0xb4, 0x4e, 0xbc, 0x4e, 0xbc,
    0x4e, 0xb4, 0x4d, 0xb4, 0x2e, 0xbc, 0x4e, 0xb4, 0x4e, 0xb4, 0x2d, 0xb4,
    0x2d, 0xb4, 0x2e, 0xb4, 0x2d, 0xac, 0x2e, 0xac, 0x4e, 0xac, 0x2e, 0xac,
    0x2d, 0xac, 0x0e, 0xac, 0x2d, 0xb4, 0x2e, 0xac, 0x2d, 0xac, 0x0d, 0xac,
    0x0d, 0xbc, 0x0e, 0xbc, 0x0e, 0xbc, 0x0d, 0xbc, 0x2d, 0xbc, 0x2e, 0xbc,
    0x0d, 0xc4, 0x2d, 0xc4, 0x2e, 0xc4, 0x0d, 0xbc, 0x2e, 0xc4, 0x2d, 0xc4,
    0x2d, 0xc4, 0x2e, 0xc4, 0x2e, 0xc4, 0x4d, 0xc4, 0x4e, 0xc4, 0x2e, 0xc4,
    0x4e, 0xc4, 0x4e, 0xc4, 0x4e, 0xc4, 0x4d, 0xc4, 0x4e, 0xc4, 0x4d, 0xc4,
    0x4e, 0xc4, 0x4e, 0xc4, 0x4e, 0xc4, 0x6e, 0xc4, 0x4e, 0xc4, 0x4e, 0xc4,
    0x4e, 0xc4, 0xed, 0xab, 0xc9, 0x31, 0x89, 0x21, 0xa9, 0x21, 0xa9, 0x21,
    0x89, 0x29, 0xa9, 0x21, 0xa9, 0x21, 0xa9, 0x29, 0xa9, 0x29, 0xa9, 0x29,
    0xa9, 0x21, 0xa9, 0x21, 0xa9, 0x29, 0xa9, 0x21, 0xa9, 0x21, 0xa9, 0x29,
    0xa9, 0x29, 0xc9, 0x21, 0xa9, 0x29, 0xa9, 0x29, 0xa9, 0x29, 0xc9, 0x29,
    0xaa, 0x29, 0xa9, 0x29, 0xc9, 0x29, 0xc9, 0x29, 0xc9, 0x31, 0xc9, 0x31,
    0xc9, 0x31, 0xe9, 0x39, 0x09, 0x42, 0x09, 0x4a, 0x09, 0x4a, 0x2d, 0xac,
    0xae, 0xcc, 0xae, 0xcc, 0xae, 0xcc, 0xae, 0xc4, 0xaf, 0xc4, 0xae, 0xc4,
    0xcf, 0xcc, 0xae, 0xc4, 0xae, 0xcc, 0xae, 0xcc, 0xae, 0xc4, 0xae, 0xc4,
    0xae, 0xc4, 0xaf, 0xc4, 0xae, 0xc4, 0xae, 0xc4, 0xae, 0xc4, 0xaf, 0xc4,
    0xcf, 0xc4, 0xaf, 0xc4, 0xaf, 0xc4, 0xcf, 0xc4, 0xcf, 0xbc, 0xf0, 0xb4,
    0x11, 0xad, 0x11, 0xa5, 0x12, 0xa5, 0x32, 0xa5, 0x12, 0xa5, 0x12, 0xa5,
    0x32, 0x9d, 0x32, 0x9d, 0x32, 0xa5, 0x32, 0x9d, 0x33, 0x9d, 0x33, 0x9d,
    0x53, 0x9d, 0x53, 0x95, 0x54, 0x95, 0x54, 0x95, 0x74, 0x8d, 0x74, 0x8d,
    0x74, 0x8d, 0x74, 0x8d, 0x74, 0x8d, 0x74, 0x8d, 0x75, 0x85, 0x74, 0x8d,
    0x95, 0x8d, 0x75, 0x8d, 0x75, 0x8d, 0x94, 0x85, 0x95, 0x8d, 0x94, 0x8d,
    0x95, 0x8d, 0x75, 0x8d, 0x74, 0x8d, 0x95, 0x8d, 0x95, 0x8d, 0x94, 0x8d,
    0x75, 0x8d, 0x75, 0x8d, 0x94, 0x8d, 0x75, 0x85, 0x95, 0x8d, 0x94, 0x85,
    0x75, 0x85, 0x94, 0x85, 0x95, 0x85, 0x74, 0x8d, 0x74, 0x8d, 0x74, 0x8d,
    0x95, 0x8d, 0x74, 0x8d, 0x74, 0x8d, 0x53, 0x9d, 0x31, 0xad, 0xef, 0xb4,
    0xce, 0xc4, 0x8d, 0xcc, 0x2b, 0xdc, 0x0b, 0xdc, 0x0a, 0xe4, 0x2a, 0xec,
    0x4a, 0xec, 0x49, 0xf4, 0x49, 0xf4, 0x49, 0xf4, 0x29, 0xfc, 0x29, 0xf4,
    0x49, 0xf4, 0x49, 0xfc, 0x29, 0xfc, 0x29, 0xf4, 0x29, 0xfc, 0x29, 0xfc,
    0x49, 0xf4, 0x49, 0xf4, 0x49, 0xf4, 0x49, 0xfc, 0x49, 0xfc, 0x49, 0xf4,
    0x29, 0xf4, 0x28, 0xf4, 0x28, 0xf4, 0x2a, 0xec, 0x2b, 0xdc, 0x8d, 0xcc,
    0xce, 0xc4, 0xce, 0xcc, 0xce, 0xcc, 0xce, 0xc4, 0xce, 0xcc, 0xce, 0xc4,
    0xef, 0xbc, 0x32, 0xa5, 0x74, 0x8d, 0x74, 0x8d, 0x74, 0x8d, 0x74, 0x8d,
    0x74, 0x8d, 0x74, 0x8d, 0x74, 0x8d, 0x74, 0x85, 0x74, 0x8d, 0x94, 0x8d,
    0x95, 0x8d, 0x74, 0x8d, 0x95, 0x8d, 0x75, 0x85, 0x94, 0x85, 0x95, 0x85,
    0x94, 0x85, 0x95, 0x85, 0x95, 0x8d, 0x94, 0x8d, 0x95, 0x85, 0x95, 0x8d,
    0x94, 0x8d, 0x94, 0x85, 0x95, 0x8d, 0x95, 0x8d, 0x94, 0x85, 0x95, 0x85,
    0x94, 0x8d, 0x94, 0x8d, 0x95, 0x85, 0x95, 0x85, 0x95, 0x85, 0x95, 0x85,
    0x94, 0x85, 0x94, 0x8d, 0x74, 0x8d, 0x74, 0x8d, 0x53, 0x9d, 0x32, 0x9d,
    0x33, 0x9d, 0x11, 0xa5, 0xf1, 0xac, 0xd0, 0xbc, 0xd0, 0xbc, 0xd0, 0xbc,
    0xb0, 0xbc, 0xb0, 0xbc, 0xb0, 0xbc, 0xb0, 0xc4, 0xaf, 0xc4, 0x8f, 0xcc,
    0x8f, 0xcc, 0x8f, 0xcc, 0x8f, 0xcc, 0x6e, 0xcc, 0x8e, 0xcc, 0x6e, 0xcc,
    0x6e, 0xcc, 0x6e, 0xcc, 0x6f, 0xcc, 0x8e, 0xcc, 0x8e, 0xcc, 0x6e, 0xcc,
    0x8f, 0xc4, 0x8f, 0xc4, 0xae, 0xcc, 0x8e, 0xcc, 0x8e, 0xc4, 0x8e, 0xcc,
    0x8e, 0xc4, 0x6e, 0xcc, 0x6e, 0xc4, 0x6e, 0xc4, 0x6e, 0xc4, 0x6e, 0xc4,
    0x6e, 0xc4, 0x6e, 0xc4, 0x8e, 0xc4, 0x8e, 0xc4, 0x6e, 0xc4, 0x8e, 0xc4,
    0x8e, 0xc4, 0x8e, 0xc4, 0x6e, 0xc4, 0x8e, 0xc4, 0x8e, 0xc4, 0x6e, 0xcc,
    0x6e, 0xc4, 0x6e, 0xc4, 0x6e, 0xc4, 0x6e, 0xc4, 0x6e, 0xcc, 0x6e, 0xc4,
    0x6e, 0xc4, 0x6e, 0xc4, 0x6e, 0xc4, 0x4e, 0xc4, 0x6e, 0xc4, 0x4e, 0xc4,
    0x4e, 0xc4, 0x6e, 0xc4, 0x4e, 0xc4, 0x6e, 0xc4, 0x4e, 0xc4, 0x6e, 0xc4,
    0x6e, 0xbc, 0x4e, 0xbc, 0x6e, 0xbc, 0x4e, 0xbc, 0x4e, 0xbc, 0x6e, 0xbc,
    0x4e, 0xbc, 0x4e, 0xbc, 0x4e, 0xbc, 0x4e, 0xbc, 0x4e, 0xbc, 0x4e, 0xbc,
    0x4e, 0xbc, 0x4e, 0xb4, 0x4e, 0xbc, 0x2e, 0xbc, 0x2d, 0xb4, 0x2d, 0xb4,
    0x4e, 0xb4, 0x2e, 0xb4, 0x2e, 0xb4, 0x2d, 0xb4, 0x2d, 0xb4, 0x2e, 0xb4,
    0x2d, 0xb4, 0x2e, 0xb4, 0x2d, 0xac, 0x0d, 0xac, 0x0e, 0xac, 0x2d, 0xac,
    0x2e, 0xac, 0x2e, 0xac, 0x0d, 0xbc, 0x0e, 0xbc, 0x2e, 0xbc, 0x2e, 0xbc,
    0x2d, 0xbc, 0x2e, 0xbc, 0x2e, 0xbc, 0x2e, 0xbc, 0x2d, 0xbc, 0x2e, 0xbc,
    0x2e, 0xbc, 0x2e, 0xbc, 0x2e, 0xbc, 0x4e, 0xbc, 0x4d, 0xbc, 0x4e, 0xbc,
    0x4d, 0xbc, 0x4e, 0xc4, 0x4e, 0xc4, 0x4e, 0xc4, 0x4e, 0xc4, 0x4e, 0xc4,
    0x4e, 0xc4, 0x4e, 0xc4, 0x4d, 0xc4, 0x4e, 0xc4, 0x6d, 0xc4, 0x6e, 0xc4,
    0x6e, 0xc4, 0x6e, 0xc4, 0x4e, 0xc4, 0xcb, 0x6a, 0xa9, 0x29, 0x88, 0x21,
    0x89, 0x21, 0xa9, 0x21, 0xa9, 0x29, 0xa8, 0x21, 0x89, 0x29, 0xa9, 0x29,
    0xa8, 0x21, 0xa9, 0x21, 0xa9, 0x29, 0xa9, 0x21, 0xa9, 0x21, 0xa9, 0x29,
    0xa9, 0x21, 0xa8, 0x21, 0xa9, 0x21, 0xa9, 0x21, 0xc9, 0x29, 0xa9, 0x29,
    0xa9, 0x21, 0xc9, 0x29, 0xc9, 0x29, 0xa9, 0x29, 0xa9, 0x29, 0xca, 0x29,
    0xc9, 0x31, 0xc9, 0x31, 0xca, 0x31, 0xe9, 0x39, 0x09, 0x42, 0x09, 0x4a,
    0x09, 0x4a, 0x4c, 0x83, 0x8e, 0xcc, 0x8e, 0xcc, 0xae, 0xcc, 0xae, 0xcc,
    0xae, 0xc4, 0xaf, 0xcc, 0xae, 0xc4, 0xaf, 0xcc, 0xae, 0xcc, 0xae, 0xc4,
    0xae, 0xcc, 0xae, 0xcc, 0xae, 0xcc, 0xaf, 0xcc, 0xae, 0xcc, 0xae, 0xc4,
    0xaf, 0xc4, 0xae, 0xc4, 0xae, 0xc4, 0xaf, 0xc4, 0xae, 0xc4, 0xaf, 0xc4,
    0xd0, 0xbc, 0xf0, 0xb4, 0xf1, 0xac, 0x11, 0xad, 0x11, 0xa5, 0x12, 0xa5,
    0x32, 0x9d, 0x32, 0x9d, 0x33, 0x9d, 0x33, 0x9d, 0x33, 0x9d, 0x32, 0x9d,
    0x33, 0x9d, 0x53, 0x9d, 0x53, 0x9d, 0x53, 0x95, 0x53, 0x95, 0x53, 0x95,
    0x53, 0x95, 0x54, 0x95, 0x74, 0x95, 0x74, 0x8d, 0x74, 0x8d, 0x74, 0x8d,
    0x74, 0x8d, 0x74, 0x8d, 0x74, 0x85, 0x95, 0x8d, 0x95, 0x85, 0x95, 0x8d,
    0x95, 0x8d, 0x95, 0x8d, 0x94, 0x85, 0x95, 0x8d, 0x95, 0x85, 0x95, 0x8d,
    0x95, 0x8d, 0x94, 0x85, 0x95, 0x85, 0x74, 0x8d, 0x95, 0x8d, 0x75, 0x85,
    0x95, 0x85, 0x95, 0x85, 0x95, 0x85, 0x95, 0x85, 0x95, 0x85, 0x74, 0x8d,
    0x74, 0x8d, 0x94, 0x8d, 0x74, 0x8d, 0x74, 0x8d, 0x73, 0x95, 0x53, 0x95,
    0x31, 0xa5, 0x10, 0xb5, 0xef, 0xbc, 0xce, 0xc4, 0xad, 0xd4, 0x6c, 0xdc,
    0x6b, 0xe4, 0x6a, 0xe4, 0x6a, 0xec, 0x6a, 0xf4, 0x8b, 0xf4, 0x8a, 0xf4,
    0x8a, 0xf4, 0x8a, 0xf4, 0x8a, 0xf4, 0x6a, 0xf4, 0x8a, 0xf4, 0x6a, 0xf4,
    0x69, 0xf4, 0x6a, 0xf4, 0x6a, 0xf4, 0x6a, 0xf4, 0x69, 0xfc, 0x49, 0xf4,
    0x49, 0xf4, 0x4a, 0xf4, 0x4a, 0xf4, 0x4a, 0xf4, 0xac, 0xec, 0x8c, 0xe4,
    0x8c, 0xdc, 0xad, 0xcc, 0xce, 0xc4, 0xce, 0xc4, 0xef, 0xbc, 0xef, 0xb4,
    0xf0, 0xb4, 0x10, 0xb5, 0x52, 0xa5, 0x73, 0x95, 0x74, 0x8d, 0x94, 0x85,
    0x94, 0x85, 0x94, 0x8d, 0x95, 0x85, 0x94, 0x85, 0x95, 0x85, 0x94, 0x8d,
    0x94, 0x85, 0x74, 0x85, 0x74, 0x85, 0x94, 0x8d, 0x94, 0x85, 0x74, 0x8d,
    0x74, 0x8d, 0x74, 0x8d, 0x74, 0x8d, 0x74, 0x85, 0x94, 0x8d, 0x74, 0x85,
    0x94, 0x85, 0x94, 0x8d, 0x74, 0x85, 0x94, 0x8d, 0x94, 0x8d, 0x94, 0x8d,
    0x94, 0x8d, 0x74, 0x8d, 0x74, 0x8d, 0x74, 0x8d, 0x74, 0x8d, 0x74, 0x8d,
    0x74, 0x8d, 0x74, 0x95, 0x53, 0x9d, 0x11, 0xad, 0x11, 0xad, 0xf1, 0xb4,
    0xf0, 0xb4, 0xf0, 0xb4, 0xd0, 0xbc, 0xd0, 0xbc, 0xd0, 0xbc, 0xb0, 0xbc,
    0xd0, 0xbc, 0xb0, 0xbc, 0xd0, 0xbc, 0xd0, 0xbc, 0xb0, 0xc4, 0xaf, 0xc4,
    0x8f, 0xc4, 0x8f, 0xcc, 0x8f, 0xcc, 0x8e, 0xcc, 0x8e, 0xcc, 0x8f, 0xcc,
    0x8e, 0xcc, 0x8f, 0xcc, 0x8e, 0xcc, 0x8f, 0xcc, 0xaf, 0xc4, 0xaf, 0xc4,
    0xaf, 0xc4, 0x8f, 0xc4, 0xae, 0xc4, 0xaf, 0xc4, 0x8e, 0xc4, 0x8f, 0xc4,
    0x8f, 0xc4, 0x8e, 0xc4, 0x8e, 0xc4, 0x8f, 0xc4, 0x8e, 0xc4, 0x8e, 0xc4,
    0x8e, 0xc4, 0x8e, 0xc4, 0x8e, 0xc4, 0x8e, 0xc4, 0x8e, 0xc4, 0x8e, 0xc4,
    0x8e, 0xc4, 0x8e, 0xc4, 0x8e, 0xc4, 0x8e, 0xc4, 0x8e, 0xc4, 0x6f, 0xc4,
    0x8f, 0xc4, 0x8e, 0xc4, 0x8e, 0xc4, 0x6e, 0xc4, 0x8e, 0xc4, 0x8e, 0xc4,
    0x6e, 0xc4, 0x6e, 0xcc, 0x6e, 0xc4, 0x6e, 0xcc, 0x6e, 0xcc, 0x6e, 0xc4,
    0x6e, 0xcc, 0x6e, 0xc4, 0x6e, 0xc4, 0x4e, 0xc4, 0x6e, 0xc4, 0x4e, 0xc4,
    0x6e, 0xc4, 0x6e, 0xc4, 0x4e, 0xc4, 0x6e, 0xbc, 0x4e, 0xbc, 0x4e, 0xbc,
    0x4e, 0xbc, 0x6e, 0xbc, 0x4e, 0xbc, 0x4e, 0xbc, 0x4e, 0xb4, 0x4e, 0xb4,
    0x4d, 0xb4, 0x4e, 0xbc, 0x4d, 0xb4, 0x2d, 0xb4, 0x4e, 0xbc, 0x4e, 0xb4,
    0x2d, 0xb4, 0x4e, 0xb4, 0x2d, 0xb4, 0x2d, 0xb4, 0x2e, 0xb4, 0x2d, 0xb4,
    0x2e, 0xb4, 0x2d, 0xac, 0x2d, 0xb4, 0x2d, 0xac, 0x0e, 0xac, 0x2e, 0xac,
    0x2e, 0xac, 0x2e, 0xac, 0x0d, 0xac, 0x0e, 0xa4, 0x0d, 0xb4, 0x2d, 0xbc,
    0x2d, 0xbc, 0x2d, 0xbc, 0x2d, 0xbc, 0x2e, 0xbc, 0x2e, 0xbc, 0x2e, 0xbc,
    0x2e, 0xbc, 0x2d, 0xbc, 0x4d, 0xbc, 0x4e, 0xbc, 0x2e, 0xbc, 0x4e, 0xbc,
    0x2e, 0xbc, 0x4d, 0xbc, 0x4e, 0xbc, 0x2e, 0xbc, 0x4d, 0xbc, 0x4d, 0xbc,
    0x4e, 0xc4, 0x4e, 0xbc, 0x6d, 0xc4, 0x6d, 0xc4, 0x6e, 0xc4, 0x4d, 0xc4,
    0x6d, 0xc4, 0x6e, 0xc4, 0x6e, 0xcc, 0x6d, 0xc4, 0x2d, 0xb4, 0xc9, 0x31,
    0x89, 0x21, 0x89, 0x21, 0x88, 0x21, 0x89, 0x21, 0xa9, 0x21, 0xa8, 0x21,
    0xa9, 0x29, 0xa9, 0x29, 0xa9, 0x21, 0xa9, 0x29, 0xa9, 0x21, 0xa9, 0x21,
    0xa9, 0x29, 0xa9, 0x21, 0xa9, 0x29, 0xa9, 0x29, 0xa9, 0x21, 0xa9, 0x29,
    0xc9, 0x29, 0xa9, 0x29, 0xa9, 0x21, 0xa9, 0x29, 0xc9, 0x29, 0xa9, 0x29,
    0xa9, 0x29, 0xc9, 0x29, 0xc9, 0x31, 0xc9, 0x31, 0xca, 0x31, 0xe9, 0x41,
    0x09, 0x42, 0x09, 0x42, 0x09, 0x4a, 0x8a, 0x62, 0x8e, 0xcc, 0x8e, 0xcc,
    0xae, 0xcc, 0x8e, 0xcc, 0xae, 0xcc, 0xae, 0xcc, 0xae, 0xc4, 0xae, 0xcc,
    0xae, 0xcc, 0xae, 0xcc, 0xae, 0xcc, 0xae, 0xcc, 0xae, 0xcc, 0xae, 0xc4,
    0xae, 0xc4, 0xaf, 0xcc, 0xae, 0xc4, 0xae, 0xc4, 0xae, 0xc4, 0xae, 0xc4,
    0xae, 0xc4, 0xaf, 0xc4, 0xd0, 0xb4, 0xf0, 0xb4, 0xf1, 0xac, 0x11, 0xad,
    0x11, 0xa5, 0x12, 0xa5, 0x32, 0xa5, 0x32, 0xa5, 0x32, 0xa5, 0x32, 0xa5,
    0x32, 0x9d, 0x32, 0xa5, 0x32, 0x9d, 0x32, 0x9d, 0x32, 0x9d, 0x33, 0x9d,
    0x53, 0x95, 0x53, 0x95, 0x53, 0x95, 0x53, 0x95, 0x53, 0x95, 0x53, 0x95,
    0x54, 0x95, 0x54, 0x95, 0x74, 0x8d, 0x74, 0x8d, 0x74, 0x8d, 0x94, 0x8d,
    0x74, 0x8d, 0x75, 0x8d, 0x95, 0x8d, 0x95, 0x85, 0x94, 0x8d, 0x94, 0x8d,
    0x95, 0x85, 0x94, 0x8d, 0x94, 0x8d, 0x95, 0x8d, 0x95, 0x85, 0x74, 0x8d,
    0x95, 0x8d, 0x74, 0x8d, 0x95, 0x85, 0x95, 0x85, 0x95, 0x85, 0x95, 0x85,
    0x94, 0x8d, 0x74, 0x8d, 0x74, 0x95, 0x74, 0x95, 0x73, 0x95, 0x54, 0x95,
    0x73, 0x95, 0x53, 0x95, 0x32, 0x9d, 0x31, 0xa5, 0x10, 0xbd, 0xce, 0xcc,
    0xac, 0xdc, 0xac, 0xe4, 0x8b, 0xec, 0x8b, 0xec, 0x8b, 0xec, 0x8a, 0xec,
    0x8a, 0xf4, 0x8b, 0xf4, 0x8a, 0xf4, 0x8a, 0xf4, 0x8a, 0xf4, 0xaa, 0xf4,
    0xab, 0xf4, 0xcb, 0xf4, 0xcb, 0xf4, 0xcb, 0xf4, 0xcb, 0xf4, 0xcb, 0xf4,
    0xec, 0xf4, 0xec, 0xf4, 0x0c, 0xf5, 0x2c, 0xf5, 0x2c, 0xf5, 0x0c, 0xed,
    0xed, 0xe4, 0xec, 0xe4, 0xec, 0xe4, 0xed, 0xe4, 0xed, 0xe4, 0xed, 0xdc,
    0xcd, 0xdc, 0xef, 0xc4, 0x10, 0xad, 0x32, 0x9d, 0x74, 0x8d, 0x74, 0x8d,
    0x74, 0x8d, 0x74, 0x8d, 0x74, 0x8d, 0x74, 0x8d, 0x74, 0x8d, 0x74, 0x8d,
    0x74, 0x85, 0x95, 0x8d, 0x74, 0x8d, 0x95, 0x85, 0x74, 0x8d, 0x94, 0x85,
    0x75, 0x85, 0x94, 0x8d, 0x94, 0x85, 0x75, 0x85, 0x94, 0x8d, 0x94, 0x8d,
    0x75, 0x85, 0x74, 0x8d, 0x94, 0x8d, 0x74, 0x85, 0x75, 0x85, 0x94, 0x85,
    0x95, 0x8d, 0x74, 0x85, 0x94, 0x8d, 0x74, 0x8d, 0x74, 0x8d, 0x94, 0x8d,
    0x74, 0x8d, 0x74, 0x8d, 0x74, 0x8d, 0x74, 0x95, 0x33, 0x9d, 0xd0, 0xb4,
    0xf1, 0xb4, 0xd0, 0xbc, 0xd1, 0xb4, 0xf0, 0xb4, 0xd0, 0xbc, 0xb0, 0xbc,
    0xcf, 0xc4, 0xaf, 0xbc, 0xaf, 0xc4, 0xcf, 0xbc, 0xcf, 0xbc, 0xcf, 0xbc,
    0xaf, 0xbc, 0xcf, 0xbc, 0xaf, 0xc4, 0x8f, 0xc4, 0xae, 0xc4, 0x8f, 0xc4,
    0x8e, 0xc4, 0xaf, 0xc4, 0xaf, 0xc4, 0xae, 0xc4, 0x8f, 0xc4, 0xae, 0xc4,
    0xae, 0xc4, 0xae, 0xc4, 0xaf, 0xc4, 0xaf, 0xc4, 0xae, 0xc4, 0x8e, 0xc4,
    0xaf, 0xc4, 0xae, 0xc4, 0x8e, 0xc4, 0xaf, 0xc4, 0xaf, 0xc4, 0x8e, 0xc4,
    0x8f, 0xc4, 0x8e, 0xc4, 0x8e, 0xc4, 0x8f, 0xc4, 0x8e, 0xc4, 0x8e, 0xc4,
    0x6e, 0xc4, 0x8e, 0xc4, 0x8e, 0xc4, 0x8e, 0xc4, 0x8f, 0xc4, 0x8e, 0xc4,
    0x8e, 0xc4, 0x8f, 0xc4, 0x8e, 0xc4, 0x8e, 0xc4, 0x8f, 0xc4, 0x8e, 0xc4,
    0x6e, 0xc4, 0x8f, 0xc4, 0x8e, 0xc4, 0x6e, 0xc4, 0x6e, 0xc4, 0x6e, 0xc4,
    0x6e, 0xc4, 0x6e, 0xc4, 0x6e, 0xc4, 0x6e, 0xcc, 0x4e, 0xc4, 0x4e, 0xc4,
    0x6e, 0xc4, 0x4e, 0xc4, 0x6e, 0xc4, 0x6e, 0xbc, 0x6e, 0xc4, 0x6e, 0xbc,
    0x6e, 0xbc, 0x6e, 0xbc, 0x4e, 0xbc, 0x4e, 0xbc, 0x4e, 0xbc, 0x4e, 0xbc,
    0x4e, 0xbc, 0x4d, 0xbc, 0x4e, 0xbc, 0x4e, 0xb4, 0x2d, 0xb4, 0x2d, 0xbc,
    0x4e, 0xbc, 0x2e, 0xb4, 0x4e, 0xb4, 0x2d, 0xbc, 0x2d, 0xb4, 0x2d, 0xb4,
    0x2d, 0xb4, 0x2e, 0xb4, 0x2d, 0xb4, 0x2e, 0xac, 0x2e, 0xac, 0x2e, 0xac,
    0x2e, 0xac, 0x2e, 0xac, 0x2e, 0xa4, 0x2e, 0xa4, 0x2e, 0xa4, 0x2e, 0xa4,
    0x0d, 0xbc, 0x2d, 0xbc, 0x2e, 0xbc, 0x2d, 0xbc, 0x2d, 0xbc, 0x2d, 0xbc,
    0x2d, 0xbc, 0x2e, 0xbc, 0x2e, 0xbc, 0x2d, 0xbc, 0x2e, 0xc4, 0x2d, 0xbc,
    0x4e, 0xc4, 0x2e, 0xc4, 0x2d, 0xbc, 0x4d, 0xc4, 0x4e, 0xc4, 0x4e, 0xbc,
    0x4d, 0xbc, 0x4e, 0xc4, 0x4e, 0xbc, 0x4d, 0xc4, 0x4e, 0xc4, 0x4e, 0xc4,
    0x6d, 0xc4, 0x4e, 0xc4, 0x4e, 0xc4, 0x6d, 0xcc, 0x6d, 0xcc, 0x6d, 0xc4,
    0x2b, 0x83, 0xa9, 0x29, 0x89, 0x21, 0x89, 0x29, 0xa9, 0x21, 0xa9, 0x21,
    0xa9, 0x21, 0x89, 0x29, 0xa9, 0x29, 0xa9, 0x29, 0xa8, 0x29, 0xa9, 0x21,
    0x89, 0x29, 0xa9, 0x29, 0xa9, 0x21, 0xa9, 0x29, 0xa8, 0x21, 0xa9, 0x21,
    0xa9, 0x29, 0xa9, 0x21, 0xa9, 0x29, 0xc9, 0x29, 0xa9, 0x21, 0xa9, 0x29,
    0xa9, 0x29, 0xa9, 0x21, 0xc9, 0x29, 0xc9, 0x29, 0xc9, 0x29, 0xc9, 0x31,
    0xc9, 0x31, 0xe9, 0x39, 0xe9, 0x41, 0x09, 0x42, 0x09, 0x4a, 0x09, 0x4a,
    0x2d, 0xbc, 0x8e, 0xcc, 0x8e, 0xcc, 0x8e, 0xcc, 0x8e, 0xcc, 0xae, 0xcc,
    0x8e, 0xcc, 0x8e, 0xcc, 0xae, 0xcc, 0x8e, 0xcc, 0x8e, 0xcc, 0x8e, 0xcc,
    0x8e, 0xcc, 0xae, 0xcc, 0xae, 0xcc, 0xae, 0xcc, 0xae, 0xcc, 0xae, 0xcc,
    0xae, 0xcc, 0xae, 0xc4, 0xae, 0xcc, 0xae, 0xc4, 0xaf, 0xc4, 0xcf, 0xbc,
    0xf0, 0xb4, 0xf0, 0xb4, 0xf1, 0xac, 0x11, 0xa5, 0x12, 0xa5, 0x12, 0xa5,
    0x12, 0xa5, 0x32, 0x9d, 0x32, 0xa5, 0x32, 0x9d, 0x32, 0x9d, 0x33, 0x9d,
    0x33, 0x9d, 0x32, 0x9d, 0x33, 0x9d, 0x33, 0x9d, 0x53, 0x9d, 0x33, 0x9d,
    0x53, 0x95, 0x53, 0x95, 0x53, 0x95, 0x53, 0x95, 0x74, 0x95, 0x74, 0x8d,
    0x74, 0x8d, 0x74, 0x8d, 0x74, 0x8d, 0x74, 0x8d, 0x74, 0x8d, 0x74, 0x8d,
    0x75, 0x8d, 0x74, 0x8d, 0x74, 0x8d, 0x94, 0x8d, 0x74, 0x8d, 0x94, 0x8d,
    0x74, 0x8d, 0x74, 0x8d, 0x74, 0x8d, 0x74, 0x8d, 0x74, 0x8d, 0x74, 0x8d,
    0x74, 0x8d, 0x74, 0x8d, 0x74, 0x8d, 0x74, 0x8d, 0x74, 0x8d, 0x74, 0x8d,
    0x74, 0x95, 0x53, 0x95, 0x53, 0x95, 0x53, 0x95, 0x52, 0x9d, 0x32, 0xa5,
    0x32, 0xa5, 0x30, 0xb5, 0x10, 0xbd, 0x0f, 0xc5, 0xee, 0xcc, 0xee, 0xd4,
    0xcd, 0xd4, 0xcd, 0xdc, 0xac, 0xe4, 0x8b, 0xe4, 0x8b, 0xec, 0x8b, 0xec,
    0x8b, 0xf4, 0x8b, 0xf4, 0xaa, 0xf4, 0xaa, 0xf4, 0xab, 0xf4, 0xcb, 0xf4,
    0xcb, 0xf4, 0xeb, 0xf4, 0x0c, 0xf5, 0x0c, 0xf5, 0x0c, 0xf5, 0xec, 0xf4,
    0x0d, 0xed, 0x0d, 0xed, 0x0c, 0xed, 0xec, 0xec, 0xec, 0xe4, 0xed, 0xe4,
    0xed, 0xe4, 0xec, 0xe4, 0xed, 0xdc, 0xed, 0xdc, 0xee, 0xd4, 0x10, 0xbd,
    0x53, 0x95, 0x73, 0x95, 0x74, 0x95, 0x74, 0x8d, 0x74, 0x8d, 0x74, 0x8d,
    0x74, 0x8d, 0x74, 0x8d, 0x74, 0x8d, 0x74, 0x8d, 0x74, 0x8d, 0x74, 0x8d,
    0x74, 0x8d, 0x74, 0x8d, 0x74, 0x8d, 0x74, 0x8d, 0x74, 0x8d, 0x74, 0x8d,
    0x74, 0x8d, 0x74, 0x8d, 0x94, 0x8d, 0x74, 0x8d, 0x74, 0x8d, 0x74, 0x8d,
    0x74, 0x8d, 0x74, 0x8d, 0x74, 0x8d, 0x74, 0x8d, 0x74, 0x8d, 0x74, 0x8d,
    0x74, 0x8d, 0x74, 0x8d, 0x74, 0x95, 0x73, 0x95, 0x73, 0x95, 0x53, 0x95,
    0x52, 0x9d, 0x12, 0xa5, 0x32, 0xa5, 0x32, 0xa5, 0x32, 0xa5, 0x11, 0xad,
    0xf0, 0xb4, 0xcf, 0xbc, 0xcf, 0xbc, 0xcf, 0xbc, 0xcf, 0xbc, 0xcf, 0xbc,
    0xcf, 0xc4, 0xcf, 0xbc, 0xcf, 0xbc, 0xcf, 0xbc, 0xcf, 0xbc, 0xaf, 0xbc,
    0xcf, 0xc4, 0xaf, 0xc4, 0xaf, 0xc4, 0xaf, 0xc4, 0xae, 0xc4, 0xaf, 0xc4,
    0xaf, 0xc4, 0xaf, 0xc4, 0xaf, 0xc4, 0x8e, 0xc4, 0xaf, 0xc4, 0xaf, 0xc4,
    0xae, 0xc4, 0xaf, 0xcc, 0x8f, 0xc4, 0x8e, 0xc4, 0xae, 0xc4, 0x8e, 0xc4,
    0xaf, 0xc4, 0xae, 0xc4, 0x8e, 0xc4, 0x8f, 0xc4, 0x8e, 0xc4, 0x8e, 0xc4,
    0x8e, 0xc4, 0x8e, 0xc4, 0x8f, 0xc4, 0x8e, 0xc4, 0x6e, 0xc4, 0x8f, 0xc4,
    0x8e, 0xc4, 0x8e, 0xc4, 0x8e, 0xc4, 0x8e, 0xc4, 0x6f, 0xc4, 0x8e, 0xc4,
    0x8e, 0xc4, 0x8f, 0xc4, 0x8e, 0xc4, 0x6e, 0xc4, 0x6e, 0xc4, 0x8e, 0xc4,
    0x6e, 0xc4, 0x6e, 0xc4, 0x6e, 0xc4, 0x6e, 0xc4, 0x6e, 0xc4, 0x6e, 0xc4,
    0x6e, 0xc4, 0x6e, 0xc4, 0x6e, 0xc4, 0x6e, 0xc4, 0x6e, 0xc4, 0x6e, 0xc4,
    0x4e, 0xbc, 0x4e, 0xbc, 0x6e, 0xbc, 0x4e, 0xbc, 0x4e, 0xbc, 0x6e, 0xbc,
    0x4e, 0xbc, 0x4e, 0xbc, 0x4e, 0xbc, 0x4e, 0xb4, 0x4e, 0xbc, 0x2d, 0xbc,
    0x4e, 0xb4, 0x4e, 0xbc, 0x2d, 0xb4, 0x2d, 0xbc, 0x2d, 0xb4, 0x2d, 0xbc,
    0x2d, 0xb4, 0x2e, 0xb4, 0x2e, 0xb4, 0x2d, 0xb4, 0x2e, 0xac, 0x2e, 0xac,
    0x2e, 0xac, 0x2e, 0xa4, 0x2e, 0xa4, 0x2e, 0xa4, 0x2e, 0x9c, 0x2e, 0x9c,
    0x2e, 0x94, 0x2e, 0x94, 0x0d, 0xb4, 0x2e, 0xbc, 0x2e, 0xbc, 0x2d, 0xbc,
    0x2e, 0xbc, 0x2e, 0xbc, 0x2d, 0xbc, 0x2d, 0xbc, 0x2d, 0xbc, 0x4e, 0xbc,
    0x2e, 0xbc, 0x2d, 0xbc, 0x4e, 0xbc, 0x4e, 0xbc, 0x2e, 0xbc, 0x4e, 0xbc,
    0x4d, 0xc4, 0x4e, 0xbc, 0x4e, 0xc4, 0x4d, 0xbc, 0x4e, 0xbc, 0x4e, 0xc4,
    0x4d, 0xc4, 0x4e, 0xc4, 0x6d, 0xc4, 0x6d, 0xc4, 0x4e, 0xc4, 0x6e, 0xc4,
    0x6d, 0xc4, 0x2d, 0xbc, 0x2a, 0x42, 0xa9, 0x29, 0x88, 0x21, 0x89, 0x21,
    0xa9, 0x29, 0x89, 0x29, 0xa8, 0x21, 0xa9, 0x21, 0xa8, 0x29, 0xa9, 0x29,
    0xa9, 0x21, 0xa9, 0x21, 0xa9, 0x29, 0xa9, 0x21, 0xa9, 0x29, 0xa9, 0x29,
    0xa9, 0x21, 0xa9, 0x21, 0xc9, 0x29, 0xa9, 0x21, 0xa9, 0x29, 0xa9, 0x21,
    0xc9, 0x29, 0xa9, 0x29, 0xaa, 0x21, 0xa9, 0x29, 0xa9, 0x29, 0xc9, 0x29,
    0xc9, 0x29, 0xc9, 0x31, 0xc9, 0x31, 0xe9, 0x31, 0xe9, 0x41, 0xea, 0x41,
    0x09, 0x42, 0x09, 0x4a, 0x6c, 0x93, 0xad, 0xcc, 0x8d, 0xcc, 0x8e, 0xcc,
    0x8d, 0xcc, 0x8e, 0xcc, 0xae, 0xcc, 0x8e, 0xcc, 0x8d, 0xcc, 0x8e, 0xcc,
    0x8e, 0xcc, 0x8d, 0xcc, 0xae, 0xcc, 0x8e, 0xcc, 0x8e, 0xcc, 0xae, 0xcc,
    0xae, 0xcc, 0xae, 0xcc, 0xae, 0xcc, 0xae, 0xcc, 0xae, 0xcc, 0xae, 0xcc,
    0xae, 0xcc, 0xae, 0xcc, 0xae, 0xc4, 0xaf, 0xc4, 0xcf, 0xbc, 0xf0, 0xb4,
    0xf0, 0xac, 0x11, 0xad, 0xf1, 0xac, 0xf1, 0xac, 0xf1, 0xac, 0x11, 0xad,
    0x12, 0xa5, 0x32, 0xa5, 0x32, 0x9d, 0x32, 0x9d, 0x32, 0x9d, 0x53, 0x95,
    0x53, 0x95, 0x53, 0x95, 0x53, 0x95, 0x53, 0x9d, 0x53, 0x95, 0x53, 0x95,
    0x74, 0x95, 0x54, 0x95, 0x73, 0x95, 0x74, 0x8d, 0x74, 0x8d, 0x74, 0x8d,
    0x74, 0x8d, 0x74, 0x8d, 0x74, 0x8d, 0x74, 0x8d, 0x74, 0x8d, 0x74, 0x8d,
    0x74, 0x8d, 0x74, 0x8d, 0x54, 0x95, 0x54, 0x95, 0x53, 0x95, 0x53, 0x95,
    0x74, 0x95, 0x73, 0x95, 0x74, 0x95, 0x73, 0x95, 0x74, 0x95, 0x73, 0x95,
    0x73, 0x95, 0x53, 0x95, 0x53, 0x9d, 0x52, 0x9d, 0x32, 0x9d, 0x31, 0xad,
    0x31, 0xad, 0x11, 0xad, 0x10, 0xb5, 0x10, 0xb5, 0xef, 0xbc, 0xcf, 0xc4,
    0xce, 0xc4, 0xce, 0xcc, 0xad, 0xcc, 0xad, 0xd4, 0xad, 0xdc, 0x8b, 0xe4,
    0x6b, 0xe4, 0x6b, 0xe4, 0x8b, 0xec, 0x8b, 0xec, 0x6b, 0xec, 0x8b, 0xec,
    0x8b, 0xec, 0xab, 0xec, 0xcb, 0xf4, 0xec, 0xec, 0xcc, 0xec, 0xec, 0xec,
    0xec, 0xec, 0x2d, 0xed, 0x4d, 0xed, 0x4d, 0xed, 0x2d, 0xed, 0x2d, 0xed,
    0x2d, 0xe5, 0x0d, 0xe5, 0x0d, 0xdd, 0xed, 0xdc, 0xed, 0xdc, 0xed, 0xdc,
    0xed, 0xd4, 0xee, 0xd4, 0x10, 0xbd, 0x52, 0x9d, 0x53, 0x9d, 0x53, 0x95,
    0x73, 0x95, 0x53, 0x95, 0x73, 0x95, 0x74, 0x95, 0x73, 0x8d, 0x73, 0x8d,
    0x74, 0x8d, 0x74, 0x95, 0x74, 0x8d, 0x74, 0x8d, 0x74, 0x8d, 0x74, 0x8d,
    0x74, 0x8d, 0x74, 0x8d, 0x74, 0x8d, 0x74, 0x8d, 0x74, 0x8d, 0x74, 0x8d,
    0x74, 0x8d, 0x94, 0x8d, 0x74, 0x8d, 0x74, 0x8d, 0x73, 0x95, 0x53, 0x95,
    0x53, 0x95, 0x53, 0x95, 0x52, 0x9d, 0x53, 0x95, 0x53, 0x9d, 0x52, 0x9d,
    0x52, 0x9d, 0x53, 0x9d, 0x32, 0x9d, 0x52, 0x9d, 0x32, 0xa5, 0x32, 0xa5,
    0x31, 0xa5, 0xf1, 0xac, 0xf0, 0xb4, 0xcf, 0xbc, 0xcf, 0xbc, 0xd0, 0xbc,
    0xcf, 0xbc, 0xcf, 0xbc, 0xd0, 0xbc, 0xd0, 0xbc, 0xcf, 0xbc, 0xcf, 0xbc,
    0xcf, 0xc4, 0xcf, 0xbc, 0xcf, 0xbc, 0xcf, 0xbc, 0xaf, 0xbc, 0xcf, 0xc4,
    0xaf, 0xc4, 0xaf, 0xbc, 0xaf, 0xc4, 0xaf, 0xc4, 0xaf, 0xc4, 0xaf, 0xc4,
    0xae, 0xc4, 0xaf, 0xc4, 0xae, 0xc4, 0xaf, 0xc4, 0xaf, 0xc4, 0xaf, 0xc4,
    0xae, 0xc4, 0x8e, 0xc4, 0x8f, 0xc4, 0x8e, 0xc4, 0x8e, 0xc4, 0xaf, 0xc4,
    0x8e, 0xc4, 0x8e, 0xc4, 0x8f, 0xc4, 0x8e, 0xc4, 0x8e, 0xc4, 0x8e, 0xc4,
    0x8e, 0xc4, 0x8e, 0xc4, 0x8e, 0xc4, 0x8f, 0xc4, 0x8e, 0xc4, 0x8e, 0xc4,
    0x8f, 0xc4, 0x8e, 0xc4, 0x8e, 0xc4, 0x8e, 0xc4, 0x8e, 0xc4, 0x8e, 0xc4,
    0x8e, 0xc4, 0x8e, 0xc4, 0x8e, 0xc4, 0x6e, 0xc4, 0x6e, 0xc4, 0x6e, 0xc4,
    0x6e, 0xc4, 0x6e, 0xc4, 0x6e, 0xc4, 0x6e, 0xc4, 0x6e, 0xc4, 0x6e, 0xc4,
    0x6e, 0xbc, 0x6e, 0xbc, 0x6e, 0xbc, 0x6e, 0xbc, 0x6e, 0xbc, 0x4e, 0xbc,
    0x6e, 0xbc, 0x6d, 0xbc, 0x4e, 0xbc, 0x4e, 0xbc, 0x4d, 0xbc, 0x4e, 0xbc,
    0x4e, 0xbc, 0x2d, 0xbc, 0x4d, 0xbc, 0x2d, 0xbc, 0x2d, 0xbc, 0x2d, 0xbc,
    0x2d, 0xb4, 0x2e, 0xb4, 0x2e, 0xb4, 0x2d, 0xb4, 0x2e, 0xb4, 0x2e, 0xac,
    0x2e, 0xac, 0x2e, 0xa4, 0x2e, 0xa4, 0x2e, 0x9c, 0x2e, 0x9c, 0x2e, 0x94,
    0x2e, 0x94, 0x2e, 0x8c, 0x0e, 0x8c, 0xce, 0x7b, 0x0d, 0xbc, 0x2d, 0xb4,
    0x2e, 0xb4, 0x2d, 0xbc, 0x2e, 0xbc, 0x2e, 0xbc, 0x2d, 0xbc, 0x2e, 0xbc,
    0x4e, 0xbc, 0x2d, 0xbc, 0x2d, 0xbc, 0x4e, 0xbc, 0x4d, 0xbc, 0x2d, 0xbc,
    0x2e, 0xbc, 0x4e, 0xbc, 0x4d, 0xbc, 0x4e, 0xbc, 0x4e, 0xc4, 0x4d, 0xbc,
    0x4e, 0xc4, 0x4e, 0xc4, 0x4d, 0xc4, 0x4d, 0xc4, 0x6e, 0xc4, 0x4d, 0xc4,
    0x4e, 0xc4, 0x6e, 0xcc, 0x4d, 0xc4, 0x2c, 0x83, 0xc9, 0x31, 0x89, 0x21,
    0x89, 0x21, 0x88, 0x21, 0xa9, 0x29, 0xa9, 0x21, 0xa8, 0x21, 0xa9, 0x29,
    0xa9, 0x29, 0xa9, 0x29, 0x89, 0x21, 0xa9, 0x29, 0xa9, 0x21, 0x89, 0x21,
    0xa9, 0x29, 0xa9, 0x21, 0xa9, 0x21, 0xa9, 0x29, 0xa9, 0x29, 0xc9, 0x21,
    0xa9, 0x21, 0xa9, 0x29, 0xa9, 0x21, 0xc9, 0x29, 0xa9, 0x29, 0xa9, 0x29,
    0xa9, 0x21, 0xc9, 0x29, 0xc9, 0x31, 0xca, 0x31, 0xc9, 0x31, 0xc9, 0x31,
    0xe9, 0x41, 0x09, 0x42, 0x09, 0x42, 0x09, 0x4a, 0xaa, 0x6a, 0x8d, 0xd4,
    0xad, 0xd4, 0x8d, 0xcc, 0x8e, 0xcc, 0x8d, 0xcc, 0x8d, 0xcc, 0x8e, 0xcc,
    0x8d, 0xcc, 0xad, 0xcc, 0x8d, 0xcc, 0x8e, 0xcc, 0xad, 0xcc, 0x8d, 0xcc,
    0x8e, 0xcc, 0x8d, 0xcc, 0x8e, 0xcc, 0x8e, 0xcc, 0x8e, 0xcc, 0x8e, 0xcc,
    0x8e, 0xcc, 0x8e, 0xcc, 0x8e, 0xcc, 0xae, 0xcc, 0xae, 0xcc, 0xae, 0xc4,
    0xae, 0xcc, 0xae, 0xc4, 0xaf, 0xc4, 0xaf, 0xc4, 0xae, 0xc4, 0xcf, 0xbc,
    0xcf, 0xbc, 0xf0, 0xb4, 0xf1, 0xb4, 0x11, 0xad, 0x11, 0xa5, 0x12, 0xa5,
    0x12, 0xa5, 0x32, 0xa5, 0x32, 0xa5, 0x32, 0xa5, 0x12, 0xa5, 0x32, 0x9d,
    0x33, 0x9d, 0x33, 0x9d, 0x53, 0x9d, 0x53, 0x95, 0x53, 0x95, 0x53, 0x9d,
    0x53, 0x95, 0x53, 0x9d, 0x53, 0x95, 0x53, 0x9d, 0x33, 0x9d, 0x53, 0x9d,
    0x53, 0x9d, 0x53, 0x95, 0x33, 0x9d, 0x12, 0xa5, 0x32, 0xa5, 0x32, 0xa5,
    0x32, 0x9d, 0x32, 0x9d, 0x32, 0x9d, 0x32, 0x9d, 0x32, 0x9d, 0x33, 0x9d,
    0x53, 0x95, 0x53, 0x95, 0x53, 0x9d, 0x32, 0x9d, 0x32, 0x9d, 0x32, 0x9d,
    0x11, 0xad, 0xef, 0xbc, 0xce, 0xc4, 0xce, 0xcc, 0xae, 0xcc, 0xad, 0xd4,
    0xac, 0xd4, 0x8c, 0xdc, 0x8c, 0xdc, 0x8c, 0xdc, 0x8c, 0xe4, 0xac, 0xe4,
    0xac, 0xe4, 0xac, 0xe4, 0xcc, 0xec, 0xec, 0xec, 0x0d, 0xed, 0x0d, 0xed,
    0x0d, 0xed, 0x2d, 0xed, 0x2d, 0xed, 0x2d, 0xed, 0x4d, 0xed, 0x2d, 0xed,
    0x4d, 0xed, 0x4d, 0xed, 0x4d, 0xed, 0x4d, 0xed, 0x4d, 0xed, 0x4e, 0xe5,
    0x2e, 0xe5, 0x0d, 0xdd, 0xed, 0xdc, 0xce, 0xd4, 0xed, 0xdc, 0xee, 0xd4,
    0xee, 0xcc, 0xee, 0xcc, 0xef, 0xcc, 0x0f, 0xc5, 0x32, 0x9d, 0x52, 0x9d,
    0x53, 0x9d, 0x53, 0x95, 0x52, 0x95, 0x53, 0x9d, 0x53, 0x9d, 0x53, 0x95,
    0x53, 0x95, 0x53, 0x95, 0x53, 0x9d, 0x53, 0x95, 0x53, 0x95, 0x73, 0x95,
    0x53, 0x95, 0x73, 0x95, 0x73, 0x95, 0x74, 0x95, 0x73, 0x8d, 0x74, 0x8d,
    0x74, 0x8d, 0x74, 0x8d, 0x74, 0x8d, 0x74, 0x8d, 0x74, 0x8d, 0x74, 0x8d,
    0x53, 0x95, 0x53, 0x9d, 0x53, 0x9d, 0x52, 0x95, 0x53, 0x9d, 0x52, 0x9d,
    0x53, 0x9d, 0x52, 0x95, 0x53, 0x9d, 0x52, 0x9d, 0x52, 0x9d, 0x52, 0x9d,
    0x52, 0x9d, 0x31, 0xa5, 0x31, 0xa5, 0x11, 0xad, 0xf0, 0xb4, 0xf0, 0xb4,
    0xf0, 0xb4, 0xf0, 0xbc, 0xd0, 0xbc, 0xcf, 0xbc, 0xcf, 0xbc, 0xcf, 0xbc,
    0xcf, 0xbc, 0xaf, 0xbc, 0xcf, 0xbc, 0xcf, 0xc4, 0xcf, 0xbc, 0xcf, 0xbc,
    0xcf, 0xc4, 0xaf, 0xc4, 0xcf, 0xbc, 0xcf, 0xc4, 0xce, 0xc4, 0xaf, 0xbc,
    0xaf, 0xc4, 0xaf, 0xc4, 0xaf, 0xc4, 0xaf, 0xc4, 0xae, 0xc4, 0xae, 0xc4,
    0xaf, 0xc4, 0xaf, 0xc4, 0xaf, 0xc4, 0xaf, 0xc4, 0xae, 0xc4, 0xaf, 0xc4,
    0xaf, 0xc4, 0xaf, 0xc4, 0x8e, 0xc4, 0x8f, 0xc4, 0x8f, 0xc4, 0x8e, 0xc4,
    0x8f, 0xc4, 0x8f, 0xc4, 0x8e, 0xc4, 0x8e, 0xc4, 0x8f, 0xc4, 0x8e, 0xc4,
    0x8f, 0xc4, 0x8e, 0xc4, 0x8e, 0xc4, 0x8e, 0xc4, 0x8f, 0xc4, 0x8e, 0xc4,
    0x6e, 0xc4, 0x8e, 0xc4, 0x6f, 0xc4, 0x8f, 0xc4, 0x8e, 0xc4, 0x8e, 0xc4,
    0x6f, 0xc4, 0x8e, 0xc4, 0x6e, 0xc4, 0x6e, 0xc4, 0x6e, 0xc4, 0x6e, 0xc4,
    0x6e, 0xc4, 0x6e, 0xbc, 0x6e, 0xc4, 0x6e, 0xc4, 0x6e, 0xc4, 0x6e, 0xc4,
    0x6d, 0xc4, 0x4e, 0xc4, 0x4d, 0xbc, 0x4d, 0xbc, 0x4e, 0xbc, 0x4d, 0xbc,
    0x4d, 0xbc, 0x4e, 0xbc, 0x2e, 0xbc, 0x4d, 0xbc, 0x2e, 0xbc, 0x2e, 0xbc,
    0x2d, 0xbc, 0x2d, 0xb4, 0x2e, 0xb4, 0x2e, 0xb4, 0x2e, 0xb4, 0x2e, 0xac,
    0x4e, 0xa4, 0x4e, 0xa4, 0x4e, 0xa4, 0x4e, 0x9c, 0x4e, 0x9c, 0x4f, 0x94,
    0x2f, 0x8c, 0x0f, 0x8c, 0xee, 0x7b, 0x8e, 0x6b, 0x4e, 0x63, 0x0d, 0x5b,
    0x0d, 0xbc, 0x0e, 0xbc, 0x2d, 0xb4, 0x2d, 0xbc, 0x2d, 0xbc, 0x2e, 0xbc,
    0x2d, 0xbc, 0x2e, 0xbc, 0x2e, 0xbc, 0x2d, 0xbc, 0x2e, 0xbc, 0x4e, 0xbc,
    0x2e, 0xbc, 0x2d, 0xbc, 0x4e, 0xbc, 0x2d, 0xbc, 0x4e, 0xbc, 0x4e, 0xbc,
    0x4e, 0xc4, 0x4d, 0xbc, 0x4e, 0xbc, 0x4e, 0xc4, 0x4e, 0xc4, 0x4d, 0xc4,
    0x6e, 0xc4, 0x4d, 0xc4, 0x6d, 0xc4, 0x4e, 0xcc, 0x0d, 0xb4, 0x09, 0x3a,
    0xa9, 0x29, 0xa9, 0x29, 0x89, 0x21, 0xa8, 0x29, 0x89, 0x21, 0xa9, 0x29,
    0x89, 0x29, 0xa9, 0x29, 0xa9, 0x29, 0xa9, 0x21, 0x89, 0x29, 0xa9, 0x29,
    0xa9, 0x21, 0x89, 0x29, 0xa9, 0x29, 0xa9, 0x21, 0xa8, 0x21, 0xa9, 0x29,
    0xa9, 0x29, 0xa8, 0x21, 0xc9, 0x29, 0xa9, 0x29, 0xa9, 0x21, 0xa9, 0x29,
    0xc9, 0x29, 0xaa, 0x29, 0xa9, 0x21, 0xc9, 0x29, 0xa9, 0x29, 0xc9, 0x29,
    0xc9, 0x31, 0xc9, 0x31, 0xe9, 0x39, 0xe9, 0x41, 0x09, 0x4a, 0x09, 0x4a,
    0x29, 0x52, 0x4d, 0xbc, 0x8e, 0xd4, 0xad, 0xd4, 0x8d, 0xcc, 0xae, 0xd4,
    0x8d, 0xd4, 0x8d, 0xcc, 0xae, 0xd4, 0x8e, 0xd4, 0x8d, 0xd4, 0x8e, 0xd4,
    0x8e, 0xcc, 0x8d, 0xd4, 0x8d, 0xcc, 0x8e, 0xcc, 0x8d, 0xcc, 0x8d, 0xcc,
    0x8e, 0xcc, 0x8d, 0xcc, 0x8d, 0xcc, 0xae, 0xcc, 0x8e, 0xcc, 0x8e, 0xcc,
    0xae, 0xcc, 0xae, 0xcc, 0xae, 0xcc, 0xae, 0xcc, 0xae, 0xc4, 0xae, 0xc4,
    0xae, 0xc4, 0xcf, 0xc4, 0xcf, 0xbc, 0xcf, 0xbc, 0xf0, 0xb4, 0xf0, 0xb4,
    0xf1, 0xac, 0x11, 0xad, 0x11, 0xad, 0x11, 0xad, 0x11, 0xa5, 0x12, 0xa5,
    0x12, 0xa5, 0x11, 0xa5, 0x32, 0xa5, 0x32, 0xa5, 0x12, 0xa5, 0x12, 0xa5,
    0x32, 0xa5, 0x32, 0xa5, 0x12, 0xa5, 0x12, 0xa5, 0x12, 0xa5, 0x11, 0xa5,
    0x12, 0xa5, 0x12, 0xa5, 0x11, 0xa5, 0x12, 0xa5, 0x11, 0xa5, 0x12, 0xa5,
    0x32, 0xa5, 0x32, 0xa5, 0x12, 0xa5, 0x32, 0xa5, 0x32, 0xa5, 0x32, 0xa5,
    0x32, 0x9d, 0x32, 0x9d, 0x32, 0x9d, 0x33, 0x9d, 0x53, 0x9d, 0x52, 0x9d,
    0x32, 0x9d, 0x52, 0xa5, 0x32, 0xa5, 0x11, 0xad, 0x10, 0xb5, 0x10, 0xb5,
    0xf0, 0xb4, 0xf0, 0xbc, 0xef, 0xbc, 0xad, 0xcc, 0x8c, 0xd4, 0x8c, 0xdc,
    0x8c, 0xdc, 0x8c, 0xdc, 0x8c, 0xe4, 0xac, 0xe4, 0xac, 0xe4, 0xcc, 0xe4,
    0x0d, 0xed, 0x0d, 0xed, 0x2d, 0xed, 0x2d, 0xed, 0x4d, 0xf5, 0x2d, 0xed,
    0x2d, 0xe5, 0x0e, 0xdd, 0x0d, 0xdd, 0xee, 0xdc, 0xed, 0xd4, 0xee, 0xd4,
    0xed, 0xd4, 0xcd, 0xd4, 0xcd, 0xd4, 0xce, 0xd4, 0xcd, 0xd4, 0xcd, 0xcc,
    0xce, 0xd4, 0xcd, 0xd4, 0xae, 0xcc, 0xce, 0xcc, 0xce, 0xcc, 0x10, 0xb5,
    0x32, 0x9d, 0x53, 0x9d, 0x53, 0x9d, 0x52, 0x9d, 0x53, 0x9d, 0x53, 0x95,
    0x53, 0x95, 0x53, 0x9d, 0x53, 0x95, 0x53, 0x9d, 0x53, 0x95, 0x53, 0x95,
    0x53, 0x95, 0x53, 0x95, 0x73, 0x9d, 0x53, 0x95, 0x53, 0x95, 0x53, 0x95,
    0x53, 0x95, 0x73, 0x95, 0x53, 0x9d, 0x53, 0x95, 0x73, 0x95, 0x53, 0x95,
    0x53, 0x95, 0x73, 0x95, 0x53, 0x9d, 0x52, 0x9d, 0x52, 0x9d, 0x53, 0x95,
    0x53, 0x95, 0x53, 0x9d, 0x52, 0x9d, 0x53, 0x9d, 0x53, 0x9d, 0x52, 0x9d,
    0x52, 0x9d, 0x52, 0x9d, 0x52, 0x9d, 0x52, 0x9d, 0x32, 0xa5, 0x31, 0xa5,
    0x11, 0xad, 0x10, 0xad, 0x10, 0xb5, 0xf0, 0xb4, 0xef, 0xbc, 0xd0, 0xbc,
    0xcf, 0xbc, 0xcf, 0xbc, 0xcf, 0xbc, 0xcf, 0xbc, 0xcf, 0xbc, 0xcf, 0xbc,
    0xcf, 0xc4, 0xcf, 0xbc, 0xcf, 0xbc, 0xcf, 0xbc, 0xcf, 0xbc, 0xcf, 0xbc,
    0xaf, 0xc4, 0xcf, 0xbc, 0xcf, 0xc4, 0xcf, 0xc4, 0xcf, 0xbc, 0xaf, 0xc4,
    0xcf, 0xc4, 0xcf, 0xc4, 0xaf, 0xc4, 0xaf, 0xc4, 0xae, 0xc4, 0xcf, 0xc4,
    0xaf, 0xc4, 0xaf, 0xc4, 0xaf, 0xc4, 0xaf, 0xc4, 0xae, 0xbc, 0xaf, 0xbc,
    0xaf, 0xbc, 0xaf, 0xbc, 0xae, 0xbc, 0xaf, 0xbc, 0x8e, 0xc4, 0xaf, 0xbc,
    0x8e, 0xbc, 0x8e, 0xc4, 0xaf, 0xc4, 0x8e, 0xc4, 0x8f, 0xc4, 0x8f, 0xc4,
    0x8e, 0xc4, 0x8e, 0xc4, 0x8f, 0xc4, 0x8f, 0xc4, 0x8e, 0xc4, 0x8e, 0xc4,
    0x8e, 0xc4, 0x8e, 0xc4, 0x8e, 0xc4, 0x8e, 0xc4, 0x8e, 0xc4, 0x6e, 0xc4,
    0x8e, 0xbc, 0x6e, 0xc4, 0x6e, 0xc4, 0x6e, 0xbc, 0x6e, 0xc4, 0x6e, 0xc4,
    0x6e, 0xc4, 0x6e, 0xbc, 0x6d, 0xbc, 0x6e, 0xc4, 0x4d, 0xbc, 0x4e, 0xbc,
    0x4e, 0xbc, 0x4d, 0xbc, 0x4d, 0xbc, 0x2d, 0xbc, 0x4d, 0xbc, 0x2d, 0xbc,
    0x2d, 0xbc, 0x2d, 0xb4, 0x2d, 0xb4, 0x2e, 0xb4, 0x2e, 0xb4, 0x4e, 0xac,
    0x4e, 0xac, 0x4e, 0xa4, 0x4f, 0x9c, 0x4f, 0x9c, 0x4f, 0x94, 0x4f, 0x8c,
    0x2f, 0x84, 0x0f, 0x7c, 0xae, 0x73, 0x4e, 0x63, 0x0d, 0x5b, 0xcd, 0x52,
    0xac, 0x4a, 0x8c, 0x4a, 0x0d, 0xb4, 0x0e, 0xbc, 0x2e, 0xbc, 0x2d, 0xb4,
    0x2d, 0xbc, 0x2e, 0xb4, 0x2d, 0xbc, 0x2d, 0xbc, 0x2d, 0xbc, 0x4e, 0xbc,
    0x2d, 0xbc, 0x4e, 0xbc, 0x4e, 0xbc, 0x4e, 0xbc, 0x4e, 0xc4, 0x4e, 0xc4,
    0x4d, 0xbc, 0x4e, 0xbc, 0x4e, 0xbc, 0x4e, 0xc4, 0x4d, 0xbc, 0x4d, 0xc4,
    0x6e, 0xc4, 0x4e, 0xc4, 0x6d, 0xc4, 0x6e, 0xc4, 0x4d, 0xc4, 0x6d, 0xc4,
    0x2c, 0x83, 0xa9, 0x29, 0xa9, 0x29, 0xa9, 0x29, 0xa9, 0x21, 0x89, 0x21,
    0xa9, 0x21, 0xa9, 0x29, 0xa9, 0x21, 0xa8, 0x21, 0xa9, 0x29, 0xa9, 0x21,
    0xa9, 0x21, 0xa9, 0x29, 0xa9, 0x21, 0xa9, 0x29, 0xa9, 0x29, 0xa9, 0x29,
    0xa9, 0x21, 0xa9, 0x21, 0xa9, 0x29, 0xa9, 0x21, 0xc9, 0x29, 0xa9, 0x29,
    0xa9, 0x21, 0xc9, 0x21, 0xa9, 0x29, 0xa9, 0x29, 0xa9, 0x29, 0xc9, 0x29,
    0xa9, 0x29, 0xc9, 0x29, 0xc9, 0x31, 0xca, 0x31, 0xc9, 0x31, 0x09, 0x42,
    0x0a, 0x4a, 0x09, 0x4a, 0x29, 0x4a, 0x8c, 0x93, 0x8e, 0xcc, 0x8d, 0xcc,
    0x8d, 0xd4, 0xae, 0xcc, 0x8d, 0xcc, 0x8d, 0xd4, 0xae, 0xcc, 0x8d, 0xcc,
    0x8d, 0xcc, 0xae, 0xcc, 0x8e, 0xd4, 0xad, 0xcc, 0x8e, 0xd4, 0xae, 0xcc,
    0xad, 0xcc, 0x8d, 0xcc, 0xae, 0xcc, 0x8e, 0xcc, 0xad, 0xcc, 0xae, 0xcc,
    0xae, 0xcc, 0x8e, 0xcc, 0xae, 0xcc, 0xae, 0xc4, 0xae, 0xc4, 0xaf, 0xc4,
    0xcf, 0xc4, 0xcf, 0xbc, 0xcf, 0xbc, 0xcf, 0xbc, 0xd0, 0xbc, 0xd0, 0xb4,
    0xf0, 0xb4, 0xf1, 0xac, 0x11, 0xad, 0x11, 0xad, 0x11, 0xa5, 0x12, 0xa5,
    0x12, 0xa5, 0x12, 0xa5, 0x32, 0xa5, 0x32, 0xa5, 0x32, 0xa5, 0x32, 0x9d,
    0x32, 0x9d, 0x32, 0xa5, 0x32, 0x9d, 0x32, 0x9d, 0x32, 0xa5, 0x32, 0x9d,
    0x32, 0x9d, 0x32, 0xa5, 0x32, 0x9d, 0x32, 0x9d, 0x32, 0x9d, 0x32, 0x9d,
    0x32, 0xa5, 0x32, 0xa5, 0x32, 0xa5, 0x32, 0x9d, 0x32, 0xa5, 0x12, 0xa5,
    0x32, 0xa5, 0x32, 0x9d, 0x32, 0xa5, 0x32, 0x9d, 0x53, 0x9d, 0x32, 0x9d,
    0x33, 0x9d, 0x53, 0x9d, 0x53, 0x9d, 0x53, 0x95, 0x53, 0x9d, 0x52, 0x9d,
    0x32, 0xa5, 0x31, 0xad, 0x31, 0xad, 0x10, 0xad, 0xef, 0xbc, 0xce, 0xc4,
    0xad, 0xd4, 0x8c, 0xd4, 0x8c, 0xd4, 0x8b, 0xdc, 0x6b, 0xdc, 0x6b, 0xe4,
    0x4b, 0xe4, 0x6b, 0xe4, 0xac, 0xe4, 0xcc, 0xe4, 0xcc, 0xec, 0xec, 0xec,
    0xec, 0xec, 0x0d, 0xed, 0xed, 0xe4, 0xed, 0xdc, 0xed, 0xdc, 0xcd, 0xd4,
    0xce, 0xd4, 0xce, 0xd4, 0xcd, 0xcc, 0xcd, 0xcc, 0xce, 0xcc, 0xcd, 0xcc,
    0xce, 0xcc, 0xcd, 0xcc, 0xcd, 0xd4, 0xad, 0xcc, 0xae, 0xcc, 0xcd, 0xcc,
    0xce, 0xc4, 0xf0, 0xb4, 0x52, 0x9d, 0x52, 0x9d, 0x52, 0x9d, 0x52, 0x9d,
    0x53, 0x9d, 0x52, 0x9d, 0x52, 0x9d, 0x53, 0x95, 0x53, 0x9d, 0x52, 0x9d,
    0x73, 0x95, 0x53, 0x95, 0x53, 0x9d, 0x53, 0x9d, 0x52, 0x95, 0x53, 0x9d,
    0x53, 0x9d, 0x53, 0x95, 0x53, 0x9d, 0x53, 0x9d, 0x53, 0x95, 0x53, 0x9d,
    0x52, 0x9d, 0x53, 0x95, 0x53, 0x95, 0x53, 0x95, 0x53, 0x9d, 0x72, 0x9d,
    0x53, 0x95, 0x53, 0x95, 0x73, 0x9d, 0x53, 0x95, 0x53, 0x95, 0x72, 0x9d,
    0x53, 0x9d, 0x53, 0x9d, 0x52, 0x9d, 0x52, 0x9d, 0x52, 0x9d, 0x52, 0xa5,
    0x52, 0xa5, 0x52, 0xa5, 0x31, 0xa5, 0x10, 0xad, 0x10, 0xb5, 0xf0, 0xb4,
    0xf0, 0xb4, 0xf0, 0xb4, 0xf0, 0xb4, 0xf0, 0xbc, 0xf0, 0xbc, 0xf0, 0xbc,
    0xd0, 0xbc, 0xcf, 0xbc, 0xcf, 0xbc, 0xcf, 0xbc, 0xcf, 0xbc, 0xcf, 0xbc,
    0xcf, 0xbc, 0xcf, 0xc4, 0xcf, 0xbc, 0xcf, 0xbc, 0xcf, 0xbc, 0xcf, 0xbc,
    0xcf, 0xc4, 0xcf, 0xbc, 0xcf, 0xc4, 0xaf, 0xc4, 0xcf, 0xc4, 0xcf, 0xbc,
    0xcf, 0xc4, 0xcf, 0xc4, 0xcf, 0xc4, 0xcf, 0xc4, 0xcf, 0xc4, 0xae, 0xbc,
    0xaf, 0xc4, 0xae, 0xc4, 0xaf, 0xc4, 0xae, 0xc4, 0xaf, 0xbc, 0xaf, 0xc4,
    0xae, 0xbc, 0x8f, 0xbc, 0xaf, 0xc4, 0xae, 0xbc, 0xae, 0xc4, 0xaf, 0xc4,
    0x8e, 0xbc, 0xaf, 0xbc, 0x8f, 0xbc, 0xae, 0xc4, 0xae, 0xc4, 0x8e, 0xbc,
    0x8f, 0xc4, 0x8e, 0xc4, 0x8e, 0xc4, 0x8f, 0xc4, 0x8e, 0xc4, 0x8e, 0xc4,
    0x8e, 0xbc, 0x8e, 0xc4, 0x8e, 0xbc, 0x8e, 0xc4, 0x8e, 0xc4, 0x6e, 0xbc,
    0x6d, 0xbc, 0x6d, 0xbc, 0x6e, 0xc4, 0x6d, 0xc4, 0x6e, 0xbc, 0x6e, 0xbc,
    0x6d, 0xc4, 0x6e, 0xc4, 0x4d, 0xbc, 0x4d, 0xbc, 0x4e, 0xbc, 0x2e, 0xbc,
    0x4d, 0xbc, 0x2d, 0xbc, 0x4d, 0xbc, 0x2e, 0xb4, 0x4e, 0xb4, 0x4e, 0xb4,
    0x4e, 0xac, 0x4e, 0xac, 0x6e, 0xa4, 0x6f, 0x94, 0x4f, 0x8c, 0xee, 0x83,
    0x8e, 0x73, 0x4d, 0x6b, 0x0d, 0x5b, 0xed, 0x5a, 0xcc, 0x52, 0xac, 0x4a,
    0x8b, 0x42, 0x4b, 0x42, 0x4b, 0x3a, 0x2b, 0x3a, 0x0d, 0xb4, 0x0d, 0xbc,
    0x0e, 0xbc, 0x2e, 0xb4, 0x2d, 0xbc, 0x2e, 0xbc, 0x2e, 0xbc, 0x2d, 0xbc,
    0x2e, 0xbc, 0x2d, 0xbc, 0x2d, 0xbc, 0x4e, 0xbc, 0x2d, 0xbc, 0x2d, 0xbc,
    0x4e, 0xbc, 0x4e, 0xbc, 0x4e, 0xbc, 0x4e, 0xc4, 0x4e, 0xbc, 0x4e, 0xbc,
    0x4d, 0xbc, 0x4e, 0xbc, 0x4e, 0xc4, 0x4d, 0xc4, 0x6e, 0xc4, 0x4e, 0xc4,
    0x6d, 0xc4, 0x2d, 0xbc, 0x4a, 0x4a, 0xa9, 0x29, 0xa9, 0x29, 0xa8, 0x29,
    0x89, 0x21, 0xa9, 0x29, 0xa9, 0x21, 0xa9, 0x29, 0xa9, 0x29, 0xa9, 0x29,
    0x89, 0x21, 0xa9, 0x21, 0xa9, 0x29, 0x89, 0x21, 0xa9, 0x21, 0xa9, 0x21,
    0xa9, 0x29, 0xa9, 0x21, 0xa9, 0x21, 0xa9, 0x29, 0xc9, 0x21, 0xa9, 0x29,
    0xc9, 0x29, 0xc9, 0x29, 0xc9, 0x29, 0xa9, 0x29, 0xa9, 0x29, 0xa9, 0x21,
    0xa9, 0x21, 0xa9, 0x29, 0xc9, 0x29, 0xa9, 0x29, 0xc9, 0x31, 0xc9, 0x31,
    0xc9, 0x31, 0x09, 0x42, 0x0a, 0x4a, 0x29, 0x52, 0x09, 0x52, 0xaa, 0x6a,
    0x8e, 0xd4, 0x8d, 0xcc, 0x8e, 0xd4, 0x8d, 0xd4, 0x8d, 0xcc, 0x8e, 0xd4,
    0x8d, 0xd4, 0x8d, 0xcc, 0x8d, 0xcc, 0x8d, 0xd4, 0xae, 0xcc, 0x8d, 0xcc,
    0x8d, 0xd4, 0x8e, 0xcc, 0x8e, 0xcc, 0x8d, 0xcc, 0x8e, 0xcc, 0x8e, 0xcc,
    0xad, 0xcc, 0x8e, 0xcc, 0xae, 0xc4, 0xae, 0xc4, 0xae, 0xc4, 0xae, 0xc4,
    0xaf, 0xbc, 0xcf, 0xbc, 0xcf, 0xbc, 0xcf, 0xbc, 0xd0, 0xbc, 0xd0, 0xbc,
    0xf0, 0xb4, 0xf0, 0xb4, 0x11, 0xad, 0x11, 0xa5, 0x32, 0xa5, 0x32, 0x9d,
    0x32, 0x9d, 0x32, 0x9d, 0x32, 0x9d, 0x32, 0x9d, 0x32, 0x9d, 0x33, 0x9d,
    0x33, 0x9d, 0x32, 0x9d, 0x53, 0x9d, 0x53, 0x9d, 0x53, 0x9d, 0x53, 0x9d,
    0x53, 0x95, 0x53, 0x9d, 0x53, 0x95, 0x53, 0x9d, 0x53, 0x9d, 0x53, 0x95,
    0x53, 0x95, 0x53, 0x95, 0x53, 0x95, 0x53, 0x95, 0x53, 0x95, 0x53, 0x95,
    0x53, 0x95, 0x53, 0x95, 0x53, 0x95, 0x53, 0x95, 0x53, 0x95, 0x53, 0x95,
    0x73, 0x95, 0x73, 0x95, 0x53, 0x95, 0x53, 0x95, 0x53, 0x95, 0x53, 0x9d,
    0x53, 0x9d, 0x52, 0x9d, 0x32, 0xa5, 0x31, 0xad, 0x11, 0xad, 0x11, 0xad,
    0x10, 0xb5, 0xf0, 0xbc, 0xce, 0xc4, 0xad, 0xd4, 0x8c, 0xd4, 0x8c, 0xdc,
    0x8c, 0xdc, 0x8c, 0xdc, 0x6b, 0xdc, 0x8b, 0xe4, 0x6b, 0xe4, 0x6b, 0xe4,
    0x6b, 0xe4, 0x8b, 0xe4, 0x8b, 0xec, 0x8b, 0xec, 0xac, 0xec, 0xcc, 0xec,
    0xcc, 0xe4, 0xcc, 0xe4, 0xcd, 0xe4, 0xed, 0xe4, 0xcd, 0xdc, 0xcd, 0xd4,
    0xcd, 0xd4, 0xad, 0xd4, 0xad, 0xd4, 0xad, 0xd4, 0xae, 0xcc, 0xad, 0xcc,
    0xad, 0xcc, 0xad, 0xcc, 0xce, 0xc4, 0xf0, 0xb4, 0x32, 0xa5, 0x32, 0x9d,
    0x32, 0x9d, 0x32, 0x9d, 0x52, 0x9d, 0x52, 0x9d, 0x53, 0x9d, 0x52, 0x9d,
    0x53, 0x95, 0x53, 0x9d, 0x52, 0x9d, 0x73, 0x95, 0x53, 0x9d, 0x52, 0x95,
    0x53, 0x9d, 0x53, 0x9d, 0x73, 0x95, 0x53, 0x9d, 0x52, 0x9d, 0x73, 0x95,
    0x53, 0x95, 0x53, 0x95, 0x73, 0x9d, 0x53, 0x9d, 0x53, 0x95, 0x73, 0x95,
    0x52, 0x9d, 0x53, 0x9d, 0x73, 0x95, 0x53, 0x9d, 0x52, 0x9d, 0x72, 0x9d,
    0x53, 0x9d, 0x52, 0x9d, 0x52, 0x9d, 0x52, 0x9d, 0x53, 0x9d, 0x52, 0x9d,
    0x52, 0x9d, 0x52, 0x9d, 0x52, 0xa5, 0x52, 0xa5, 0x31, 0xa5, 0x31, 0xa5,
    0x11, 0xad, 0x11, 0xad, 0x10, 0xad, 0x10, 0xb5, 0x10, 0xb5, 0xf0, 0xb4,
    0xf0, 0xb4, 0xf0, 0xb4, 0xf0, 0xbc, 0xf0, 0xbc, 0xcf, 0xbc, 0xcf, 0xbc,
    0xcf, 0xbc, 0xd0, 0xbc, 0xcf, 0xbc, 0xcf, 0xbc, 0xcf, 0xbc, 0xcf, 0xbc,
    0xcf, 0xc4, 0xcf, 0xbc, 0xcf, 0xbc, 0xcf, 0xbc, 0xcf, 0xc4, 0xcf, 0xc4,
    0xcf, 0xbc, 0xcf, 0xbc, 0xcf, 0xc4, 0xcf, 0xbc, 0xcf, 0xbc, 0xcf, 0xbc,
    0xcf, 0xbc, 0xaf, 0xbc, 0xaf, 0xc4, 0xae, 0xbc, 0xaf, 0xbc, 0xaf, 0xbc,
    0xae, 0xc4, 0xaf, 0xc4, 0xaf, 0xbc, 0xaf, 0xc4, 0xaf, 0xc4, 0xaf, 0xbc,
    0xae, 0xc4, 0xae, 0xbc, 0xaf, 0xbc, 0x8e, 0xc4, 0xaf, 0xbc, 0xae, 0xc4,
    0x8e, 0xc4, 0x8e, 0xbc, 0x8e, 0xc4, 0x8e, 0xc4, 0x8f, 0xc4, 0xae, 0xc4,
    0x8e, 0xc4, 0x8e, 0xbc, 0x8e, 0xc4, 0x8e, 0xc4, 0x8e, 0xbc, 0x8e, 0xc4,
    0x8e, 0xc4, 0x8e, 0xbc, 0x8e, 0xbc, 0x6d, 0xc4, 0x6e, 0xc4, 0x6e, 0xc4,
    0x6d, 0xbc, 0x6d, 0xc4, 0x4e, 0xbc, 0x4d, 0xbc, 0x4d, 0xbc, 0x4e, 0xbc,
    0x4e, 0xbc, 0x4d, 0xbc, 0x4e, 0xbc, 0x4e, 0xb4, 0x2d, 0xb4, 0x4d, 0xb4,
    0x4e, 0xb4, 0x4e, 0xac, 0x4e, 0xa4, 0x4f, 0x9c, 0x2f, 0x8c, 0xae, 0x7b,
    0x4d, 0x6b, 0x0d, 0x63, 0xcc, 0x52, 0xac, 0x52, 0x8c, 0x4a, 0x6b, 0x42,
    0x4b, 0x42, 0x2b, 0x3a, 0x0b, 0x3a, 0x0b, 0x32, 0xeb, 0x31, 0xeb, 0x31,
    0x0d, 0xb4, 0x0d, 0xbc, 0x2e, 0xbc, 0x2d, 0xb4, 0x2d, 0xbc, 0x2e, 0xbc,
    0x2d, 0xb4, 0x2e, 0xbc, 0x2e, 0xbc, 0x2d, 0xbc, 0x2e, 0xbc, 0x2e, 0xbc,
    0x4e, 0xbc, 0x2d, 0xbc, 0x2e, 0xbc, 0x2d, 0xbc, 0x2d, 0xbc, 0x4e, 0xbc,
    0x4e, 0xbc, 0x4d, 0xbc, 0x4e, 0xc4, 0x4e, 0xbc, 0x4d, 0xc4, 0x6d, 0xc4,
    0x4e, 0xc4, 0x4d, 0xc4, 0x6d, 0xc4, 0x8c, 0x93, 0xe9, 0x39, 0xa9, 0x29,
    0xa9, 0x29, 0xa9, 0x29, 0x89, 0x21, 0x88, 0x21, 0xa8, 0x29, 0xa9, 0x21,
    0xa9, 0x29, 0xa8, 0x29, 0xa9, 0x21, 0xa9, 0x21, 0x89, 0x29, 0xa9, 0x29,
    0xa9, 0x29, 0xa9, 0x21, 0xa9, 0x29, 0xa9, 0x21, 0xa9, 0x21, 0xa8, 0x29,
    0xa9, 0x29, 0xa9, 0x29, 0xc9, 0x29, 0xa9, 0x29, 0xa9, 0x29, 0xc9, 0x29,
    0xa9, 0x29, 0xca, 0x29, 0xa9, 0x29, 0xa9, 0x29, 0xc9, 0x29, 0xa9, 0x29,
    0xa9, 0x29, 0xc9, 0x29, 0xc9, 0x31, 0xea, 0x41, 0x29, 0x52, 0x29, 0x52,
    0x09, 0x52, 0x29, 0x52, 0x2d, 0xbc, 0x8d, 0xcc, 0x8d, 0xd4, 0x8e, 0xcc,
    0x8d, 0xcc, 0x8e, 0xd4, 0x8e, 0xd4, 0x8d, 0xcc, 0x8e, 0xd4, 0x8d, 0xd4,
    0x8d, 0xcc, 0x8e, 0xcc, 0x8d, 0xd4, 0xad, 0xd4, 0x8e, 0xcc, 0x8d, 0xd4,
    0xae, 0xcc, 0xae, 0xcc, 0xae, 0xcc, 0xae, 0xc4, 0xae, 0xc4, 0xcf, 0xc4,
    0xcf, 0xbc, 0xcf, 0xbc, 0xd0, 0xbc, 0xcf, 0xbc, 0xcf, 0xbc, 0xcf, 0xbc,
    0xd0, 0xbc, 0xd0, 0xb4, 0x10, 0xad, 0x11, 0xa5, 0x32, 0xa5, 0x33, 0x9d,
    0x53, 0x9d, 0x53, 0x9d, 0x53, 0x9d, 0x53, 0x9d, 0x53, 0x9d, 0x53, 0x9d,
    0x53, 0x9d, 0x53, 0x95, 0x53, 0x95, 0x53, 0x9d, 0x53, 0x95, 0x53, 0x95,
    0x33, 0x9d, 0x53, 0x95, 0x53, 0x95, 0x53, 0x95, 0x53, 0x95, 0x53, 0x95,
    0x53, 0x95, 0x54, 0x95, 0x54, 0x95, 0x73, 0x95, 0x54, 0x95, 0x54, 0x95,
    0x73, 0x95, 0x54, 0x95, 0x74, 0x95, 0x74, 0x95, 0x54, 0x95, 0x74, 0x95,
    0x74, 0x95, 0x74, 0x95, 0x74, 0x95, 0x74, 0x95, 0x74, 0x95, 0x74, 0x95,
    0x74, 0x95, 0x73, 0x95, 0x74, 0x95, 0x73, 0x95, 0x74, 0x95, 0x73, 0x95,
    0x73, 0x95, 0x73, 0x95, 0x53, 0x95, 0x53, 0x9d, 0x32, 0xa5, 0xce, 0xc4,
    0x8c, 0xdc, 0x6c, 0xdc, 0x6c, 0xdc, 0x8c, 0xdc, 0x8c, 0xd4, 0x8c, 0xd4,
    0x8c, 0xdc, 0x8c, 0xdc, 0x8c, 0xdc, 0x8b, 0xdc, 0x8c, 0xdc, 0x8c, 0xdc,
    0x8b, 0xdc, 0x8b, 0xe4, 0xac, 0xe4, 0xac, 0xe4, 0xcc, 0xec, 0xed, 0xe4,
    0x0d, 0xe5, 0x0d, 0xed, 0xed, 0xe4, 0x8c, 0xdc, 0x6c, 0xdc, 0x8d, 0xd4,
    0xad, 0xcc, 0xae, 0xcc, 0xad, 0xcc, 0xae, 0xcc, 0xae, 0xc4, 0xce, 0xc4,
    0xae, 0xc4, 0xce, 0xc4, 0xcf, 0xbc, 0xcf, 0xbc, 0xf0, 0xb4, 0xf0, 0xb4,
    0x31, 0xa5, 0x31, 0xa5, 0x52, 0xa5, 0x52, 0x9d, 0x52, 0x9d, 0x52, 0x9d,
    0x52, 0x9d, 0x52, 0x9d, 0x52, 0x9d, 0x53, 0x9d, 0x72, 0x9d, 0x52, 0x9d,
    0x52, 0x9d, 0x73, 0x9d, 0x52, 0x9d, 0x72, 0x9d, 0x53, 0x95, 0x52, 0x9d,
    0x73, 0x9d, 0x53, 0x95, 0x52, 0x9d, 0x52, 0x9d, 0x53, 0x9d, 0x52, 0x9d,
    0x53, 0x9d, 0x53, 0x9d, 0x72, 0x9d, 0x52, 0x9d, 0x53, 0x9d, 0x52, 0x9d,
    0x52, 0x9d, 0x52, 0x9d, 0x52, 0x9d, 0x52, 0x9d, 0x32, 0xa5, 0x32, 0xa5,
    0x31, 0xa5, 0x31, 0xad, 0x31, 0xad, 0x31, 0xad, 0x31, 0xad, 0x11, 0xad,
    0x10, 0xb5, 0x10, 0xb5, 0x10, 0xb5, 0x10, 0xb5, 0xf0, 0xb4, 0xf0, 0xb4,
    0xf0, 0xb4, 0xf0, 0xbc, 0xf0, 0xbc, 0xf0, 0xbc, 0xf0, 0xbc, 0xef, 0xbc,
    0xd0, 0xbc, 0xcf, 0xbc, 0xcf, 0xbc, 0xcf, 0xc4, 0xcf, 0xbc, 0xcf, 0xbc,
    0xcf, 0xbc, 0xcf, 0xbc, 0xcf, 0xbc, 0xcf, 0xc4, 0xcf, 0xbc, 0xcf, 0xbc,
    0xcf, 0xbc, 0xcf, 0xc4, 0xcf, 0xbc, 0xaf, 0xbc, 0xcf, 0xbc, 0xaf, 0xbc,
    0xaf, 0xbc, 0xaf, 0xbc, 0xaf, 0xbc, 0xae, 0xbc, 0x8e, 0xbc, 0xae, 0xc4,
    0x8f, 0xbc, 0xaf, 0xbc, 0x8e, 0xc4, 0xae, 0xc4, 0xaf, 0xbc, 0xaf, 0xc4,
    0xae, 0xc4, 0x8f, 0xbc, 0xae, 0xc4, 0xaf, 0xc4, 0xaf, 0xc4, 0x8e, 0xbc,
    0x8e, 0xbc, 0xae, 0xc4, 0x8e, 0xc4, 0x8e, 0xc4, 0x8e, 0xc4, 0x8e, 0xc4,
    0x8e, 0xbc, 0x6e, 0xc4, 0x6e, 0xc4, 0x8d, 0xbc, 0x8e, 0xc4, 0x6e, 0xbc,
    0x6d, 0xc4, 0x6e, 0xbc, 0x6d, 0xbc, 0x6e, 0xbc, 0x6e, 0xbc, 0x6d, 0xbc,
    0x6e, 0xbc, 0x4d, 0xbc, 0x4d, 0xbc, 0x4e, 0xbc, 0x4d, 0xbc, 0x4d, 0xb4,
    0x4e, 0xb4, 0x4e, 0xb4, 0x4e, 0xac, 0x4e, 0xa4, 0x4f, 0x9c, 0xee, 0x83,
    0x4d, 0x6b, 0x0d, 0x63, 0xcd, 0x52, 0x8c, 0x4a, 0x6b, 0x42, 0x4b, 0x42,
    0x2b, 0x3a, 0x2b, 0x3a, 0x0b, 0x32, 0xeb, 0x31, 0xeb, 0x31, 0xcb, 0x31,
    0xca, 0x29, 0xca, 0x29, 0x0d, 0xb4, 0x0d, 0xbc, 0x2e, 0xbc, 0x2d, 0xb4,
    0x2d, 0xbc, 0x2d, 0xbc, 0x2d, 0xbc, 0x2e, 0xb4, 0x2d, 0xbc, 0x2e, 0xbc,
    0x2d, 0xbc, 0x2d, 0xbc, 0x2e, 0xbc, 0x4e, 0xbc, 0x4e, 0xbc, 0x2e, 0xbc,
    0x2d, 0xbc, 0x4e, 0xbc, 0x4e, 0xc4, 0x2e, 0xbc, 0x4e, 0xbc, 0x4e, 0xc4,
    0x4d, 0xbc, 0x6e, 0xc4, 0x6d, 0xc4, 0x4e, 0xc4, 0x4d, 0xc4, 0xcb, 0x62,
    0xa9, 0x29, 0xa9, 0x29, 0xa9, 0x29, 0xa9, 0x21, 0xa9, 0x21, 0x89, 0x21,
    0xa9, 0x29, 0xa9, 0x29, 0xa9, 0x29, 0xa8, 0x21, 0xa9, 0x21, 0xa9, 0x21,
    0x89, 0x29, 0xa9, 0x29, 0xa9, 0x21, 0xa9, 0x29, 0xa9, 0x29, 0xa9, 0x21,
    0xa9, 0x21, 0xa9, 0x29, 0xa9, 0x21, 0xa9, 0x29, 0xc9, 0x29, 0xa9, 0x29,
    0xc9, 0x29, 0xa9, 0x29, 0xa9, 0x21, 0xa9, 0x29, 0xca, 0x29, 0xa9, 0x21,
    0xc9, 0x29, 0xc9, 0x29, 0xc9, 0x31, 0xca, 0x29, 0xc9, 0x31, 0xe9, 0x39,
    0x29, 0x52, 0x29, 0x52, 0x09, 0x4a, 0x2a, 0x52, 0x4b, 0x8b, 0x8d, 0xd4,
    0x8e, 0xd4, 0x8d, 0xcc, 0x8d, 0xcc, 0x8d, 0xd4, 0x8d, 0xcc, 0x8e, 0xcc,
    0x8d, 0xd4, 0x8e, 0xd4, 0x8d, 0xcc, 0x8d, 0xcc, 0xae, 0xcc, 0x8d, 0xcc,
    0x8d, 0xd4, 0xae, 0xcc, 0xae, 0xcc, 0xae, 0xc4, 0xae, 0xc4, 0xae, 0xc4,
    0xaf, 0xc4, 0xcf, 0xbc, 0xcf, 0xbc, 0xcf, 0xbc, 0xd0, 0xbc, 0xd0, 0xb4,
    0xf0, 0xb4, 0xcf, 0xb4, 0xd0, 0xbc, 0xf0, 0xb4, 0x11, 0xad, 0x32, 0xa5,
    0x32, 0x9d, 0x53, 0x95, 0x53, 0x95, 0x53, 0x95, 0x53, 0x95, 0x53, 0x95,
    0x53, 0x95, 0x53, 0x95, 0x53, 0x95, 0x53, 0x95, 0x53, 0x95, 0x53, 0x95,
    0x53, 0x95, 0x53, 0x95, 0x53, 0x95, 0x53, 0x95, 0x53, 0x95, 0x53, 0x95,
    0x54, 0x95, 0x53, 0x95, 0x73, 0x95, 0x73, 0x95, 0x74, 0x95, 0x73, 0x95,
    0x74, 0x95, 0x74, 0x95, 0x74, 0x95, 0x73, 0x95, 0x74, 0x8d, 0x74, 0x8d,
    0x73, 0x95, 0x74, 0x8d, 0x74, 0x95, 0x54, 0x95, 0x74, 0x8d, 0x74, 0x95,
    0x54, 0x95, 0x74, 0x95, 0x73, 0x95, 0x74, 0x95, 0x53, 0x95, 0x74, 0x95,
    0x73, 0x95, 0x74, 0x95, 0x74, 0x95, 0x74, 0x8d, 0x74, 0x95, 0x74, 0x95,
    0x73, 0x95, 0xef, 0xbc, 0x8c, 0xd4, 0x8c, 0xdc, 0x8b, 0xdc, 0x6b, 0xdc,
    0x8c, 0xdc, 0x8c, 0xdc, 0x8c, 0xdc, 0x8c, 0xdc, 0x8c, 0xdc, 0x8c, 0xdc,
    0x8c, 0xdc, 0x8c, 0xdc, 0x8c, 0xdc, 0xac, 0xdc, 0xac, 0xdc, 0xac, 0xe4,
    0xcc, 0xe4, 0xed, 0xe4, 0xed, 0xe4, 0xed, 0xe4, 0xed, 0xe4, 0xcd, 0xdc,
    0xce, 0xcc, 0xef, 0xc4, 0xef, 0xc4, 0xef, 0xc4, 0xef, 0xc4, 0x0f, 0xbd,
    0xef, 0xbc, 0x10, 0xbd, 0x10, 0xbd, 0x10, 0xbd, 0x10, 0xb5, 0x10, 0xb5,
    0x10, 0xb5, 0x31, 0xad, 0x31, 0xa5, 0x32, 0xa5, 0x31, 0xa5, 0x32, 0xa5,
    0x52, 0xa5, 0x32, 0xa5, 0x52, 0xa5, 0x52, 0xa5, 0x52, 0x9d, 0x52, 0x9d,
    0x52, 0xa5, 0x52, 0x9d, 0x52, 0x9d, 0x52, 0x9d, 0x52, 0x9d, 0x52, 0xa5,
    0x52, 0x9d, 0x52, 0x9d, 0x52, 0x9d, 0x52, 0x9d, 0x72, 0x9d, 0x53, 0x9d,
    0x72, 0x9d, 0x53, 0x95, 0x53, 0x9d, 0x73, 0x95, 0x53, 0x9d, 0x52, 0x9d,
    0x73, 0x9d, 0x52, 0x9d, 0x52, 0x9d, 0x52, 0x9d, 0x52, 0xa5, 0x32, 0xa5,
    0x52, 0xa5, 0x31, 0xa5, 0x31, 0xa5, 0x31, 0xad, 0x31, 0xad, 0x31, 0xad,
    0x31, 0xad, 0x11, 0xad, 0x11, 0xad, 0x11, 0xad, 0x10, 0xad, 0x10, 0xb5,
    0x10, 0xad, 0x10, 0xb5, 0x10, 0xb5, 0x10, 0xb5, 0x10, 0xb5, 0x10, 0xb5,
    0x10, 0xb5, 0x10, 0xb5, 0xf0, 0xbc, 0xf0, 0xbc, 0xef, 0xbc, 0xf0, 0xbc,
    0xf0, 0xbc, 0xef, 0xbc, 0xd0, 0xbc, 0xf0, 0xbc, 0xef, 0xbc, 0xef, 0xbc,
    0xcf, 0xbc, 0xcf, 0xbc, 0xcf, 0xbc, 0xcf, 0xbc, 0xcf, 0xbc, 0xcf, 0xbc,
    0xcf, 0xbc, 0xaf, 0xbc, 0xaf, 0xbc, 0xaf, 0xbc, 0xaf, 0xbc, 0xaf, 0xbc,
    0xaf, 0xc4, 0xaf, 0xbc, 0xae, 0xbc, 0xaf, 0xc4, 0xaf, 0xbc, 0xae, 0xc4,
    0xaf, 0xbc, 0xaf, 0xbc, 0x8e, 0xc4, 0xae, 0xc4, 0x8f, 0xbc, 0xae, 0xc4,
    0xae, 0xc4, 0xaf, 0xc4, 0xae, 0xbc, 0x8e, 0xc4, 0xaf, 0xc4, 0x8e, 0xbc,
    0x8e, 0xc4, 0x8e, 0xc4, 0x8e, 0xc4, 0x8e, 0xc4, 0x8e, 0xbc, 0x8e, 0xc4,
    0x8e, 0xbc, 0x6e, 0xc4, 0x8e, 0xbc, 0x8e, 0xbc, 0x6e, 0xbc, 0x8e, 0xb4,
    0x8e, 0xb4, 0x6e, 0xbc, 0x6e, 0xbc, 0x4d, 0xbc, 0x4e, 0xbc, 0x4d, 0xb4,
    0x4d, 0xb4, 0x4e, 0xb4, 0x4e, 0xb4, 0x4e, 0xac, 0x4e, 0xa4, 0x4f, 0x94,
    0x8d, 0x73, 0x2c, 0x6b, 0xed, 0x5a, 0xac, 0x52, 0x6b, 0x42, 0x4b, 0x3a,
    0x2b, 0x3a, 0x0b, 0x32, 0xeb, 0x31, 0xeb, 0x31, 0xca, 0x29, 0xca, 0x29,
    0xca, 0x29, 0xca, 0x29, 0xca, 0x29, 0xaa, 0x29, 0x0d, 0xb4, 0x0e, 0xb4,
    0x0d, 0xbc, 0x2e, 0xbc, 0x2e, 0xbc, 0x2d, 0xbc, 0x2d, 0xbc, 0x2e, 0xbc,
    0x2d, 0xbc, 0x2e, 0xbc, 0x4d, 0xbc, 0x2d, 0xbc, 0x2d, 0xbc, 0x2e, 0xbc,
    0x4d, 0xbc, 0x4e, 0xbc, 0x2e, 0xbc, 0x4d, 0xbc, 0x4d, 0xc4, 0x4e, 0xbc,
    0x4e, 0xbc, 0x4e, 0xc4, 0x4e, 0xbc, 0x4e, 0xc4, 0x4e, 0xc4, 0x6e, 0xc4,
    0xed, 0xab, 0x09, 0x42, 0xa9, 0x29, 0xa9, 0x29, 0xa9, 0x29, 0x88, 0x21,
    0xa9, 0x21, 0xa9, 0x29, 0xa9, 0x21, 0xa9, 0x29, 0xa8, 0x29, 0x89, 0x21,
    0xa9, 0x21, 0xa9, 0x21, 0xa9, 0x29, 0x89, 0x21, 0xa9, 0x21, 0xa9, 0x29,
    0xa9, 0x21, 0xa9, 0x21, 0xa9, 0x29, 0xa9, 0x21, 0xc9, 0x29, 0xc9, 0x29,
    0xa9, 0x29, 0xc9, 0x21, 0xc9, 0x29, 0xc9, 0x29, 0xa9, 0x21, 0xa9, 0x29,
    0xa9, 0x29, 0xa9, 0x21, 0xa9, 0x29, 0xc9, 0x29, 0xa9, 0x29, 0xa9, 0x31,
    0xc9, 0x31, 0xe9, 0x31, 0x09, 0x4a, 0x2a, 0x52, 0x09, 0x52, 0x29, 0x52,
    0x8a, 0x62, 0x8e, 0xcc, 0x8d, 0xd4, 0x8e, 0xd4, 0x8e, 0xd4, 0x8d, 0xcc,
    0x8d, 0xd4, 0x8e, 0xcc, 0x8d, 0xcc, 0x8d, 0xd4, 0x8e, 0xd4, 0x8d, 0xd4,
    0x8d, 0xd4, 0x8e, 0xcc, 0x8d, 0xcc, 0xad, 0xcc, 0xae, 0xcc, 0xae, 0xc4,
    0xaf, 0xc4, 0xcf, 0xc4, 0xaf, 0xbc, 0xcf, 0xbc, 0xcf, 0xbc, 0xcf, 0xbc,
    0xd0, 0xbc, 0xef, 0xb4, 0xf0, 0xb4, 0xd0, 0xb4, 0xf0, 0xb4, 0xf0, 0xb4,
    0x11, 0xad, 0x32, 0xa5, 0x33, 0x9d, 0x53, 0x95, 0x53, 0x9d, 0x53, 0x95,
    0x53, 0x9d, 0x53, 0x9d, 0x53, 0x95, 0x53, 0x95, 0x53, 0x9d, 0x53, 0x9d,
    0x53, 0x9d, 0x53, 0x95, 0x53, 0x9d, 0x53, 0x9d, 0x53, 0x95, 0x53, 0x9d,
    0x53, 0x95, 0x53, 0x9d, 0x54, 0x9d, 0x54, 0x95, 0x53, 0x95, 0x73, 0x95,
    0x54, 0x95, 0x53, 0x95, 0x73, 0x95, 0x73, 0x95, 0x54, 0x95, 0x73, 0x8d,
    0x73, 0x95, 0x74, 0x95, 0x73, 0x8d, 0x74, 0x95, 0x74, 0x8d, 0x73, 0x8d,
    0x73, 0x8d, 0x74, 0x8d, 0x74, 0x8d, 0x74, 0x8d, 0x74, 0x8d, 0x74, 0x8d,
    0x74, 0x95, 0x74, 0x8d, 0x74, 0x8d, 0x74, 0x95, 0x74, 0x8d, 0x74, 0x8d,
    0x73, 0x95, 0x53, 0x9d, 0x52, 0xa5, 0x10, 0xb5, 0xad, 0xd4, 0x8c, 0xe4,
    0xac, 0xe4, 0xac, 0xe4, 0xac, 0xdc, 0xac, 0xe4, 0x8c, 0xdc, 0xac, 0xdc,
    0x8c, 0xdc, 0xac, 0xdc, 0xac, 0xdc, 0xac, 0xdc, 0xac, 0xdc, 0xac, 0xe4,
    0xcc, 0xe4, 0xcc, 0xe4, 0xec, 0xe4, 0xec, 0xec, 0xec, 0xec, 0xcc, 0xe4,
    0xcc, 0xe4, 0x8b, 0xe4, 0x6b, 0xdc, 0x6b, 0xdc, 0x8b, 0xdc, 0x8c, 0xdc,
    0xad, 0xcc, 0xce, 0xcc, 0xee, 0xc4, 0x10, 0xbd, 0x10, 0xbd, 0x10, 0xbd,
    0x10, 0xb5, 0x51, 0xad, 0x52, 0xad, 0x52, 0xa5, 0x52, 0xa5, 0x52, 0xa5,
    0x52, 0xa5, 0x52, 0x9d, 0x52, 0xa5, 0x52, 0x9d, 0x52, 0x9d, 0x52, 0x9d,
    0x52, 0x9d, 0x52, 0x9d, 0x53, 0x9d, 0x52, 0x9d, 0x53, 0x9d, 0x53, 0x9d,
    0x52, 0x9d, 0x53, 0x9d, 0x53, 0x9d, 0x73, 0x9d, 0x52, 0x9d, 0x53, 0x9d,
    0x53, 0x9d, 0x73, 0x95, 0x53, 0x95, 0x52, 0x9d, 0x72, 0x9d, 0x53, 0x9d,
    0x52, 0x9d, 0x52, 0x9d, 0x53, 0x9d, 0x52, 0x9d, 0x52, 0x9d, 0x52, 0x9d,
    0x52, 0xa5, 0x32, 0xa5, 0x31, 0xa5, 0x31, 0xa5, 0x31, 0xad, 0x31, 0xad,
    0x11, 0xad, 0x11, 0xad, 0x30, 0xad, 0x11, 0xad, 0x11, 0xb5, 0x10, 0xad,
    0x11, 0xad, 0x31, 0xb5, 0x11, 0xad, 0x11, 0xad, 0x10, 0xb5, 0x10, 0xb5,
    0x10, 0xb5, 0x10, 0xad, 0x11, 0xad, 0x10, 0xb5, 0x10, 0xb5, 0x10, 0xb5,
    0xf0, 0xb4, 0xf0, 0xb4, 0xf0, 0xb4, 0xf0, 0xb4, 0xf0, 0xbc, 0xf0, 0xb4,
    0xf0, 0xbc, 0xf0, 0xbc, 0xf0, 0xbc, 0xf0, 0xbc, 0xf0, 0xbc, 0xef, 0xbc,
    0xef, 0xbc, 0xcf, 0xbc, 0xcf, 0xbc, 0xcf, 0xbc, 0xcf, 0xbc, 0xcf, 0xbc,
    0xcf, 0xbc, 0xcf, 0xbc, 0xcf, 0xbc, 0xaf, 0xbc, 0xaf, 0xbc, 0xae, 0xc4,
    0xaf, 0xbc, 0xaf, 0xbc, 0xae, 0xc4, 0xaf, 0xbc, 0xaf, 0xbc, 0xaf, 0xc4,
    0xaf, 0xbc, 0xae, 0xbc, 0xae, 0xc4, 0xaf, 0xc4, 0xae, 0xbc, 0xaf, 0xbc,
    0xaf, 0xc4, 0xae, 0xc4, 0x8e, 0xc4, 0x8e, 0xbc, 0x8e, 0xc4, 0x8e, 0xc4,
    0x8e, 0xc4, 0x8e, 0xbc, 0x8e, 0xbc, 0x8e, 0xbc, 0x8f, 0xb4, 0xaf, 0xb4,
    0xaf, 0xac, 0x8f, 0xac, 0x8f, 0xac, 0x8f, 0xac, 0x6e, 0xb4, 0x6e, 0xb4,
    0x4e, 0xb4, 0x4d, 0xbc, 0x4e, 0xb4, 0x4e, 0xac, 0x4e, 0xac, 0x6f, 0x9c,
    0x4f, 0x94, 0x4d, 0x6b, 0x0c, 0x63, 0xec, 0x62, 0xcc, 0x5a, 0xac, 0x52,
    0x6c, 0x42, 0x2b, 0x32, 0x0b, 0x32, 0xeb, 0x29, 0xeb, 0x29, 0xca, 0x29,
    0xcb, 0x29, 0xcb, 0x29, 0xca, 0x29, 0xab, 0x29, 0xaa, 0x29, 0xab, 0x29,
    0x0d, 0xb4, 0x0d, 0xbc, 0x0d, 0xbc, 0x0d, 0xb4, 0x0e, 0xb4, 0x2d, 0xbc,
    0x2e, 0xb4, 0x2e, 0xbc, 0x2d, 0xb4, 0x2e, 0xbc, 0x2e, 0xbc, 0x2e, 0xbc,
    0x2d, 0xbc, 0x2e, 0xbc, 0x4d, 0xbc, 0x2e, 0xbc, 0x2e, 0xbc, 0x2e, 0xbc,
    0x4d, 0xbc, 0x4e, 0xbc, 0x4e, 0xbc, 0x4e, 0xbc, 0x6d, 0xbc, 0x4e, 0xc4,
    0x6e, 0xc4, 0x4e, 0xbc, 0x4c, 0x83, 0xc9, 0x31, 0xa9, 0x29, 0xa9, 0x29,
    0xa9, 0x29, 0x89, 0x21, 0x89, 0x21, 0xa8, 0x29, 0xa9, 0x29, 0xa9, 0x29,
    0xa9, 0x21, 0xa9, 0x21, 0x89, 0x29, 0xa9, 0x21, 0xa9, 0x29, 0xa9, 0x21,
    0xa9, 0x21, 0xa9, 0x29, 0xa9, 0x21, 0xa9, 0x29, 0xa9, 0x21, 0xa9, 0x29,
    0xc9, 0x29, 0xa9, 0x29, 0xa9, 0x29, 0xc9, 0x29, 0xa9, 0x29, 0xa9, 0x29,
    0xa9, 0x21, 0xa9, 0x21, 0xca, 0x29, 0xa9, 0x29, 0xc9, 0x29, 0xaa, 0x29,
    0xc9, 0x29, 0xc9, 0x29, 0xc9, 0x31, 0xc9, 0x31, 0xe9, 0x41, 0x29, 0x52,
    0x29, 0x52, 0x29, 0x52, 0x2a, 0x52, 0xcc, 0xab, 0x8d, 0xd4, 0x8d, 0xd4,
    0x8e, 0xd4, 0x8d, 0xcc, 0x8e, 0xd4, 0x8d, 0xd4, 0x8d, 0xcc, 0x8e, 0xcc,
    0x8d, 0xd4, 0x8e, 0xcc, 0x8d, 0xcc, 0xae, 0xcc, 0xae, 0xcc, 0xae, 0xcc,
    0xae, 0xc4, 0xaf, 0xc4, 0xcf, 0xbc, 0xcf, 0xbc, 0xcf, 0xbc, 0xd0, 0xbc,
    0xd0, 0xb4, 0xd0, 0xb4, 0xf0, 0xb4, 0xf0, 0xb4, 0xf0, 0xb4, 0x11, 0xb5,
    0xf0, 0xac, 0x11, 0xad, 0x11, 0xad, 0x32, 0x9d, 0x53, 0x9d, 0x53, 0x9d,
    0x53, 0x9d, 0x53, 0x9d, 0x53, 0x9d, 0x53, 0x9d, 0x53, 0x9d, 0x53, 0x95,
    0x53, 0x95, 0x53, 0x95, 0x53, 0x95, 0x53, 0x95, 0x53, 0x9d, 0x53, 0x95,
    0x53, 0x95, 0x53, 0x95, 0x54, 0x95, 0x73, 0x95, 0x53, 0x95, 0x54, 0x95,
    0x53, 0x95, 0x54, 0x95, 0x74, 0x95, 0x54, 0x95, 0x54, 0x95, 0x74, 0x95,
    0x74, 0x95, 0x74, 0x95, 0x74, 0x95, 0x54, 0x95, 0x73, 0x95, 0x74, 0x95,
    0x74, 0x8d, 0x74, 0x95, 0x74, 0x95, 0x74, 0x95, 0x74, 0x95, 0x74, 0x8d,
    0x74, 0x95, 0x73, 0x95, 0x73, 0x8d, 0x74, 0x95, 0x74, 0x95, 0x73, 0x95,
    0x73, 0x95, 0x73, 0x95, 0x73, 0x95, 0x73, 0x95, 0x73, 0x95, 0x10, 0xbd,
    0xee, 0xd4, 0xed, 0xdc, 0x0d, 0xe5, 0x0d, 0xe5, 0xed, 0xe4, 0xec, 0xec,
    0xcc, 0xec, 0xec, 0xec, 0xcc, 0xec, 0xcc, 0xec, 0xec, 0xec, 0x0d, 0xed,
    0xec, 0xec, 0xed, 0xec, 0xed, 0xec, 0xec, 0xec, 0xec, 0xec, 0xed, 0xec,
    0xec, 0xec, 0xcc, 0xec, 0x8b, 0xec, 0x4a, 0xe4, 0x6a, 0xe4, 0x6a, 0xe4,
    0x4b, 0xe4, 0x6b, 0xe4, 0x8b, 0xdc, 0x8c, 0xdc, 0xad, 0xd4, 0xce, 0xc4,
    0xee, 0xc4, 0xef, 0xbc, 0xef, 0xbc, 0x10, 0xb5, 0x51, 0xad, 0x52, 0xad,
    0x52, 0xa5, 0x52, 0xa5, 0x52, 0xa5, 0x53, 0x9d, 0x53, 0x9d, 0x53, 0x9d,
    0x53, 0x9d, 0x53, 0x9d, 0x73, 0x9d, 0x73, 0x9d, 0x53, 0x9d, 0x53, 0x9d,
    0x73, 0x9d, 0x73, 0x95, 0x73, 0x9d, 0x73, 0x95, 0x53, 0x95, 0x73, 0x9d,
    0x73, 0x95, 0x73, 0x95, 0x73, 0x9d, 0x53, 0x95, 0x53, 0x9d, 0x52, 0x9d,
    0x52, 0x9d, 0x52, 0x9d, 0x52, 0x9d, 0x52, 0x9d, 0x52, 0x9d, 0x52, 0x9d,
    0x52, 0x9d, 0x52, 0x9d, 0x52, 0xa5, 0x32, 0xa5, 0x31, 0xa5, 0x31, 0xad,
    0x31, 0xad, 0x31, 0xad, 0x11, 0xad, 0x31, 0xad, 0x11, 0xad, 0x30, 0xad,
    0x30, 0xad, 0x31, 0xad, 0x11, 0xb5, 0x11, 0xad, 0x31, 0xb5, 0x11, 0xad,
    0x11, 0xad, 0x11, 0xad, 0x11, 0xb5, 0x11, 0xad, 0x11, 0xb5, 0x11, 0xad,
    0x10, 0xad, 0x11, 0xb5, 0x11, 0xb5, 0x10, 0xb5, 0x11, 0xb5, 0x10, 0xb5,
    0x10, 0xb5, 0x10, 0xb5, 0x10, 0xb5, 0x10, 0xb5, 0x10, 0xb5, 0x10, 0xb5,
    0xf0, 0xb4, 0xf0, 0xbc, 0xf0, 0xbc, 0xf0, 0xb4, 0xef, 0xbc, 0xef, 0xb4,
    0xcf, 0xbc, 0xcf, 0xbc, 0xcf, 0xbc, 0xcf, 0xbc, 0xcf, 0xbc, 0xcf, 0xbc,
    0xcf, 0xbc, 0xaf, 0xbc, 0xcf, 0xbc, 0xaf, 0xbc, 0xaf, 0xbc, 0xae, 0xbc,
    0xaf, 0xc4, 0xaf, 0xbc, 0xae, 0xc4, 0x8f, 0xbc, 0x8e, 0xbc, 0xae, 0xc4,
    0x8f, 0xc4, 0xae, 0xbc, 0xae, 0xbc, 0xae, 0xc4, 0xaf, 0xc4, 0x8e, 0xbc,
    0x8e, 0xc4, 0x8e, 0xbc, 0x8e, 0xbc, 0x8e, 0xbc, 0xaf, 0xbc, 0xaf, 0xb4,
    0xaf, 0xac, 0xd0, 0xac, 0xb0, 0xac, 0xb0, 0xa4, 0xb0, 0xa4, 0xb0, 0xa4,
    0x8f, 0xa4, 0x6e, 0xb4, 0x6e, 0xb4, 0x4e, 0xb4, 0x6e, 0xb4, 0x6e, 0xac,
    0x6f, 0x9c, 0x0e, 0x8c, 0x2d, 0x6b, 0x0c, 0x63, 0xcc, 0x62, 0xcc, 0x5a,
    0xac, 0x52, 0xac, 0x4a, 0x6c, 0x42, 0x2b, 0x32, 0xeb, 0x29, 0xeb, 0x29,
    0xca, 0x29, 0xca, 0x29, 0xcb, 0x29, 0xaa, 0x29, 0xab, 0x29, 0xab, 0x29,
    0xaa, 0x21, 0xaa, 0x21, 0xed, 0xbb, 0x0d, 0xbc, 0x0d, 0xb4, 0x0d, 0xbc,
    0x0d, 0xbc, 0x0d, 0xbc, 0x0d, 0xbc, 0x0d, 0xbc, 0x2d, 0xbc, 0x2e, 0xb4,
    0x2d, 0xbc, 0x2d, 0xbc, 0x2e, 0xbc, 0x2e, 0xbc, 0x4d, 0xbc, 0x4d, 0xbc,
    0x2e, 0xbc, 0x4e, 0xbc, 0x2e, 0xc4, 0x4e, 0xbc, 0x4e, 0xbc, 0x4d, 0xc4,
    0x4e, 0xc4, 0x4e, 0xbc, 0x4d, 0xbc, 0x4d, 0xbc, 0x6a, 0x52, 0xa9, 0x29,
    0xa9, 0x29, 0xa9, 0x29, 0xa9, 0x29, 0x89, 0x21, 0xa9, 0x21, 0xa8, 0x29,
    0xa9, 0x29, 0xa9, 0x29, 0xa9, 0x21, 0xa9, 0x21, 0xa9, 0x21, 0x89, 0x29,
    0xa9, 0x29, 0xa9, 0x29, 0xa9, 0x29, 0xa9, 0x29, 0xa8, 0x21, 0xa9, 0x21,
    0xa9, 0x21, 0xa9, 0x29, 0xc9, 0x29, 0xa9, 0x29, 0xc9, 0x29, 0xc9, 0x29,
    0xa9, 0x29, 0xc9, 0x29, 0xa9, 0x29, 0xa9, 0x29, 0xa9, 0x21, 0xa9, 0x21,
    0xa9, 0x29, 0xc9, 0x29, 0xc9, 0x29, 0xc9, 0x29, 0xc9, 0x31, 0xca, 0x31,
    0xe9, 0x39, 0x29, 0x52, 0x09, 0x52, 0x29, 0x52, 0x49, 0x52, 0xeb, 0x7a,
    0x8d, 0xcc, 0x8d, 0xcc, 0x8d, 0xcc, 0x8e, 0xd4, 0x8d, 0xcc, 0x8d, 0xd4,
    0x8e, 0xd4, 0x8d, 0xcc, 0x8d, 0xcc, 0xae, 0xcc, 0xae, 0xcc, 0xae, 0xcc,
    0xae, 0xcc, 0xae, 0xc4, 0xaf, 0xc4, 0xcf, 0xbc, 0xcf, 0xbc, 0xf0, 0xbc,
    0xd0, 0xb4, 0xf0, 0xb4, 0xf0, 0xb4, 0xf0, 0xb4, 0xf0, 0xb4, 0xf1, 0xb4,
    0x11, 0xad, 0x11, 0xad, 0x11, 0xad, 0x11, 0xad, 0x11, 0xa5, 0x32, 0x9d,
    0x33, 0x9d, 0x52, 0x9d, 0x32, 0x9d, 0x32, 0x9d, 0x33, 0x9d, 0x32, 0x9d,
    0x32, 0x9d, 0x52, 0x9d, 0x33, 0x9d, 0x52, 0x9d, 0x53, 0x9d, 0x33, 0x9d,
    0x33, 0x9d, 0x53, 0x9d, 0x53, 0x9d, 0x53, 0x9d, 0x53, 0x9d, 0x53, 0x9d,
    0x53, 0x9d, 0x53, 0x9d, 0x53, 0x9d, 0x53, 0x95, 0x53, 0x95, 0x53, 0x95,
    0x53, 0x95, 0x53, 0x95, 0x73, 0x95, 0x73, 0x95, 0x73, 0x95, 0x74, 0x95,
    0x73, 0x95, 0x73, 0x95, 0x74, 0x8d, 0x74, 0x8d, 0x74, 0x8d, 0x73, 0x8d,
    0x73, 0x95, 0x74, 0x95, 0x74, 0x8d, 0x73, 0x95, 0x73, 0x95, 0x74, 0x95,
    0x73, 0x95, 0x73, 0x95, 0x53, 0x95, 0x53, 0x9d, 0x52, 0xa5, 0x31, 0xad,
    0x11, 0xb5, 0xef, 0xc4, 0xce, 0xcc, 0xad, 0xcc, 0x8c, 0xdc, 0x8b, 0xec,
    0xab, 0xec, 0xec, 0xec, 0x0c, 0xf5, 0x0c, 0xf5, 0x2d, 0xf5, 0x4d, 0xf5,
    0x6e, 0xf5, 0x4d, 0xf5, 0x2d, 0xed, 0x0d, 0xed, 0x0d, 0xed, 0x0d, 0xed,
    0xec, 0xec, 0xcc, 0xec, 0xab, 0xec, 0x6a, 0xec, 0x4a, 0xec, 0x6a, 0xec,
    0x4a, 0xec, 0x4a, 0xec, 0x4a, 0xec, 0x6a, 0xe4, 0x6b, 0xe4, 0x6b, 0xe4,
    0x8c, 0xdc, 0x8c, 0xd4, 0xad, 0xd4, 0xad, 0xcc, 0xef, 0xc4, 0x10, 0xb5,
    0x31, 0xad, 0x31, 0xad, 0x32, 0xa5, 0x52, 0xa5, 0x52, 0x9d, 0x53, 0x9d,
    0x53, 0x9d, 0x52, 0x9d, 0x53, 0x9d, 0x53, 0x9d, 0x53, 0x9d, 0x53, 0x9d,
    0x53, 0x95, 0x73, 0x9d, 0x53, 0x9d, 0x53, 0x9d, 0x53, 0x9d, 0x73, 0x9d,
    0x53, 0x9d, 0x53, 0x9d, 0x73, 0x9d, 0x53, 0x9d, 0x53, 0x9d, 0x52, 0x9d,
    0x52, 0x9d, 0x52, 0xa5, 0x52, 0xa5, 0x52, 0xa5, 0x52, 0xa5, 0x52, 0xa5,
    0x52, 0xa5, 0x52, 0xa5, 0x52, 0xa5, 0x52, 0xa5, 0x32, 0xa5, 0x31, 0xa5,
    0x31, 0xa5, 0x31, 0xad, 0x31, 0xad, 0x31, 0xad, 0x31, 0xad, 0x11, 0xad,
    0x31, 0xad, 0x11, 0xad, 0x31, 0xad, 0x31, 0xad, 0x10, 0xad, 0x31, 0xb5,
    0x30, 0xad, 0x31, 0xb5, 0x31, 0xad, 0x31, 0xb5, 0x31, 0xad, 0x31, 0xad,
    0x31, 0xb5, 0x31, 0xb5, 0x11, 0xad, 0x11, 0xad, 0x30, 0xad, 0x11, 0xad,
    0x11, 0xad, 0x31, 0xad, 0x11, 0xad, 0x11, 0xb5, 0x11, 0xad, 0x10, 0xb5,
    0x10, 0xb5, 0x10, 0xb5, 0x10, 0xb5, 0x10, 0xb5, 0xf0, 0xb4, 0xf0, 0xb4,
    0xf0, 0xb4, 0xf0, 0xb4, 0xf0, 0xb4, 0xf0, 0xb4, 0xf0, 0xb4, 0xf0, 0xb4,
    0xcf, 0xb4, 0xcf, 0xbc, 0xcf, 0xbc, 0xcf, 0xbc, 0xcf, 0xbc, 0xcf, 0xbc,
    0xaf, 0xbc, 0xcf, 0xbc, 0xaf, 0xbc, 0xaf, 0xbc, 0xaf, 0xbc, 0xaf, 0xc4,
    0xae, 0xbc, 0xae, 0xbc, 0xaf, 0xc4, 0x8e, 0xc4, 0xae, 0xbc, 0xae, 0xc4,
    0x8f, 0xc4, 0x8e, 0xc4, 0xae, 0xc4, 0x8e, 0xc4, 0x8e, 0xbc, 0xaf, 0xb4,
    0xd0, 0xac, 0xd0, 0xa4, 0xd0, 0xa4, 0xd0, 0xa4, 0xd0, 0x9c, 0xd0, 0x9c,
    0xd1, 0x9c, 0xb0, 0x9c, 0xb0, 0x9c, 0x6e, 0xac, 0x6e, 0xac, 0x6e, 0xac,
    0x8f, 0xa4, 0x6f, 0x9c, 0xae, 0x7b, 0x2c, 0x6b, 0xec, 0x62, 0xec, 0x5a,
    0xcc, 0x5a, 0xac, 0x52, 0xab, 0x52, 0x8b, 0x4a, 0x6c, 0x42, 0x4b, 0x3a,
    0x0b, 0x2a, 0xcb, 0x29, 0xca, 0x29, 0xcb, 0x29, 0xaa, 0x21, 0xca, 0x29,
    0xab, 0x29, 0xaa, 0x21, 0xca, 0x21, 0xaa, 0x29, 0xed, 0xb3, 0xed, 0xbb,
    0x0d, 0xb4, 0x0d, 0xbc, 0x0d, 0xbc, 0x0d, 0xbc, 0x0d, 0xbc, 0x0d, 0xbc,
    0x0d, 0xbc, 0x0d, 0xbc, 0x2d, 0xbc, 0x2d, 0xbc, 0x2d, 0xbc, 0x2e, 0xbc,
    0x2e, 0xbc, 0x2d, 0xbc, 0x2e, 0xbc, 0x2d, 0xbc, 0x4e, 0xbc, 0x4d, 0xc4,
    0x4d, 0xbc, 0x4d, 0xc4, 0x4e, 0xc4, 0x4e, 0xc4, 0x4d, 0xc4, 0xed, 0xab,
    0xc9, 0x31, 0xa9, 0x29, 0xa9, 0x29, 0xa9, 0x29, 0xa9, 0x21, 0xa9, 0x21,
    0xa9, 0x29, 0xa9, 0x21, 0xa8, 0x21, 0xa9, 0x29, 0x89, 0x21, 0xa8, 0x21,
    0xa9, 0x21, 0xa9, 0x29, 0x89, 0x21, 0xa9, 0x21, 0xa9, 0x21, 0xa9, 0x29,
    0xa9, 0x21, 0xa9, 0x21, 0xa9, 0x29, 0xa9, 0x29, 0xc9, 0x29, 0xa9, 0x21,
    0xc9, 0x29, 0xa9, 0x29, 0xc9, 0x29, 0xc9, 0x29, 0xa9, 0x29, 0xa9, 0x21,
    0xa9, 0x29, 0xa9, 0x21, 0xa9, 0x29, 0xa9, 0x29, 0xa9, 0x29, 0xc9, 0x29,
    0xa9, 0x29, 0xc9, 0x31, 0xea, 0x39, 0x09, 0x4a, 0x09, 0x52, 0x29, 0x52,
    0x4a, 0x52, 0x4a, 0x5a, 0x4d, 0xc4, 0x8e, 0xcc, 0x8d, 0xd4, 0x8e, 0xcc,
    0x8e, 0xcc, 0x8d, 0xcc, 0x8e, 0xcc, 0x8d, 0xd4, 0x8e, 0xcc, 0xae, 0xcc,
    0xae, 0xcc, 0xae, 0xc4, 0xae, 0xc4, 0xaf, 0xc4, 0xaf, 0xc4, 0xcf, 0xbc,
    0xd0, 0xb4, 0xf0, 0xb4, 0xf0, 0xb4, 0xf0, 0xb4, 0xf0, 0xb4, 0xf0, 0xb4,
    0x11, 0xad, 0x11, 0xad, 0x11, 0xad, 0xf1, 0xac, 0x11, 0xa5, 0x11, 0xa5,
    0x12, 0xa5, 0x32, 0xa5, 0x12, 0xa5, 0x12, 0xa5, 0x32, 0xa5, 0x32, 0xa5,
    0x32, 0xa5, 0x32, 0x9d, 0x32, 0xa5, 0x32, 0xa5, 0x32, 0xa5, 0x32, 0x9d,
    0x52, 0xa5, 0x33, 0x9d, 0x52, 0x9d, 0x32, 0x9d, 0x33, 0x9d, 0x32, 0x9d,
    0x52, 0x9d, 0x53, 0x9d, 0x53, 0x9d, 0x52, 0x9d, 0x53, 0x9d, 0x53, 0x9d,
    0x53, 0x9d, 0x53, 0x9d, 0x53, 0x95, 0x53, 0x95, 0x53, 0x95, 0x53, 0x95,
    0x53, 0x95, 0x53, 0x95, 0x53, 0x95, 0x53, 0x95, 0x53, 0x95, 0x53, 0x95,
    0x53, 0x95, 0x53, 0x95, 0x53, 0x95, 0x53, 0x95, 0x53, 0x9d, 0x53, 0x9d,
    0x53, 0x9d, 0x52, 0x9d, 0x53, 0x9d, 0x53, 0x9d, 0x53, 0x9d, 0x52, 0x9d,
    0x53, 0xa5, 0x52, 0xa5, 0x52, 0xa5, 0x31, 0xad, 0x10, 0xb5, 0xef, 0xbc,
    0xce, 0xc4, 0xce, 0xcc, 0xce, 0xcc, 0xce, 0xcc, 0xee, 0xd4, 0xed, 0xe4,
    0x0d, 0xed, 0x4d, 0xed, 0x4d, 0xed, 0x4e, 0xed, 0x4d, 0xed, 0x4d, 0xed,
    0x4d, 0xed, 0x4d, 0xed, 0x2d, 0xed, 0x2d, 0xed, 0x2d, 0xed, 0xab, 0xec,
    0x8b, 0xe4, 0x8c, 0xe4, 0x8b, 0xe4, 0x8c, 0xe4, 0x8c, 0xe4, 0x8b, 0xe4,
    0x8c, 0xdc, 0x8c, 0xdc, 0x8c, 0xdc, 0xac, 0xdc, 0xac, 0xd4, 0xad, 0xd4,
    0xcd, 0xcc, 0xee, 0xc4, 0xef, 0xc4, 0xef, 0xbc, 0xef, 0xbc, 0xef, 0xbc,
    0x11, 0xad, 0x32, 0xa5, 0x52, 0xa5, 0x52, 0xa5, 0x51, 0xa5, 0x32, 0xa5,
    0x31, 0xa5, 0x31, 0xa5, 0x51, 0xa5, 0x31, 0xa5, 0x31, 0xad, 0x30, 0xad,
    0x10, 0xad, 0x31, 0xad, 0x31, 0xad, 0x30, 0xad, 0x30, 0xad, 0x30, 0xad,
    0x30, 0xad, 0x30, 0xb5, 0x30, 0xb5, 0x30, 0xad, 0x30, 0xad, 0x50, 0xad,
    0x51, 0xad, 0x30, 0xad, 0x51, 0xa5, 0x31, 0xa5, 0x52, 0xa5, 0x52, 0xa5,
    0x51, 0xa5, 0x31, 0xa5, 0x32, 0xa5, 0x31, 0xad, 0x31, 0xad, 0x31, 0xad,
    0x31, 0xad, 0x10, 0xad, 0x31, 0xad, 0x31, 0xad, 0x11, 0xad, 0x31, 0xad,
    0x31, 0xad, 0x31, 0xad, 0x31, 0xad, 0x31, 0xad, 0x31, 0xad, 0x31, 0xad,
    0x31, 0xad, 0x11, 0xad, 0x31, 0xad, 0x31, 0xad, 0x31, 0xad, 0x31, 0xad,
    0x31, 0xad, 0x31, 0xad, 0x31, 0xad, 0x31, 0xad, 0x31, 0xad, 0x31, 0xad,
    0x31, 0xb5, 0x11, 0xad, 0x11, 0xad, 0x31, 0xb5, 0x11, 0xb5, 0x11, 0xad,
    0x11, 0xad, 0x11, 0xad, 0x11, 0xad, 0x10, 0xad, 0xf1, 0xb4, 0x10, 0xad,
    0x10, 0xad, 0xf1, 0xb4, 0xf0, 0xb4, 0xd0, 0xb4, 0xcf, 0xb4, 0xcf, 0xbc,
    0xef, 0xb4, 0xcf, 0xbc, 0xcf, 0xbc, 0xcf, 0xbc, 0xcf, 0xbc, 0xcf, 0xbc,
    0xcf, 0xbc, 0xaf, 0xbc, 0xaf, 0xbc, 0xaf, 0xbc, 0xae, 0xbc, 0xaf, 0xbc,
    0xae, 0xc4, 0xae, 0xc4, 0x8e, 0xc4, 0xae, 0xbc, 0x8e, 0xbc, 0x8f, 0xc4,
    0xae, 0xbc, 0xd0, 0xac, 0xd0, 0xac, 0xd0, 0xa4, 0xd1, 0x9c, 0xf1, 0x9c,
    0xd1, 0x9c, 0xf1, 0x94, 0xd1, 0x94, 0xd1, 0x94, 0xb0, 0x9c, 0xb0, 0xa4,
    0x8f, 0xa4, 0x6f, 0x9c, 0xce, 0x83, 0x2d, 0x6b, 0x0c, 0x63, 0xec, 0x62,
    0xcc, 0x5a, 0xcc, 0x5a, 0xab, 0x52, 0xac, 0x52, 0xac, 0x52, 0x8c, 0x4a,
    0x6b, 0x42, 0x4b, 0x3a, 0x0b, 0x32, 0xeb, 0x29, 0xcb, 0x29, 0xcb, 0x29,
    0xaa, 0x21, 0xab, 0x29, 0xab, 0x29, 0xaa, 0x21, 0xaa, 0x29, 0xaa, 0x29,
    0xed, 0xb3, 0xed, 0xbb, 0x0d, 0xbc, 0x0d, 0xb4, 0x0d, 0xbc, 0x0d, 0xbc,
    0x0d, 0xb4, 0x0d, 0xbc, 0x0d, 0xbc, 0x0e, 0xbc, 0x0d, 0xbc, 0x0d, 0xbc,
    0x2d, 0xbc, 0x2d, 0xbc, 0x2d, 0xbc, 0x2d, 0xbc, 0x2d, 0xc4, 0x2e, 0xc4,
    0x4e, 0xbc, 0x4e, 0xbc, 0x4e, 0xc4, 0x4d, 0xc4, 0x4d, 0xc4, 0x4d, 0xc4,
    0x4e, 0xc4, 0x0b, 0x73, 0xc9, 0x29, 0xa9, 0x29, 0xa9, 0x29, 0xa9, 0x29,
    0x88, 0x21, 0x89, 0x29, 0xa9, 0x29, 0xa9, 0x21, 0xa9, 0x21, 0x89, 0x21,
    0xa9, 0x21, 0xa9, 0x21, 0x89, 0x29, 0xa9, 0x29, 0xa9, 0x21, 0xa9, 0x21,
    0xa9, 0x29, 0xa9, 0x29, 0xa9, 0x21, 0xa9, 0x21, 0xa9, 0x29, 0xc9, 0x29,
    0xa9, 0x29, 0xc9, 0x29, 0xa9, 0x29, 0xa9, 0x29, 0xc9, 0x29, 0xc9, 0x31,
    0xa9, 0x29, 0xa9, 0x21, 0xc9, 0x29, 0xca, 0x29, 0xa9, 0x21, 0xaa, 0x29,
    0xc9, 0x29, 0xc9, 0x29, 0xa9, 0x29, 0xc9, 0x31, 0xe9, 0x31, 0x09, 0x42,
    0x09, 0x52, 0x29, 0x52, 0x29, 0x52, 0x4a, 0x5a, 0xac, 0x9b, 0x8d, 0xcc,
    0x8e, 0xd4, 0x8d, 0xcc, 0x8d, 0xd4, 0x8e, 0xcc, 0x8e, 0xcc, 0xae, 0xcc,
    0x8e, 0xcc, 0xae, 0xcc, 0xae, 0xc4, 0xae, 0xc4, 0xae, 0xc4, 0xaf, 0xc4,
    0xcf, 0xbc, 0xcf, 0xbc, 0xf0, 0xbc, 0xf0, 0xb4, 0xf0, 0xb4, 0xf0, 0xb4,
    0xf1, 0xac, 0xf0, 0xac, 0x11, 0xad, 0x11, 0xad, 0x11, 0xad, 0x11, 0xad,
    0x11, 0xa5, 0x11, 0xa5, 0x32, 0xa5, 0x11, 0xa5, 0x31, 0xa5, 0x32, 0xa5,
    0x32, 0xa5, 0x32, 0x9d, 0x32, 0xa5, 0x32, 0x9d, 0x32, 0xa5, 0x33, 0x9d,
    0x32, 0xa5, 0x52, 0x9d, 0x32, 0x9d, 0x53, 0x9d, 0x52, 0x9d, 0x32, 0x9d,
    0x33, 0x9d, 0x32, 0x9d, 0x32, 0x9d, 0x53, 0x9d, 0x52, 0x95, 0x53, 0x9d,
    0x53, 0x9d, 0x52, 0x95, 0x53, 0x9d, 0x53, 0x9d, 0x53, 0x9d, 0x53, 0x9d,
    0x53, 0x95, 0x53, 0x9d, 0x53, 0x95, 0x53, 0x95, 0x53, 0x95, 0x73, 0x9d,
    0x73, 0x9d, 0x73, 0x95, 0x73, 0x95, 0x73, 0x9d, 0x73, 0x95, 0x53, 0x9d,
    0x52, 0x9d, 0x53, 0x9d, 0x52, 0x9d, 0x52, 0x9d, 0x53, 0x9d, 0x52, 0x9d,
    0x52, 0x9d, 0x53, 0xa5, 0x53, 0x9d, 0x52, 0x9d, 0x52, 0x9d, 0x52, 0x9d,
    0x52, 0xa5, 0x52, 0xa5, 0x52, 0xa5, 0x52, 0xa5, 0x32, 0xa5, 0x31, 0xad,
    0x31, 0xad, 0x50, 0xc5, 0x6f, 0xd5, 0x4e, 0xe5, 0x4e, 0xe5, 0x4e, 0xed,
    0x4d, 0xed, 0x4d, 0xed, 0x4e, 0xed, 0x6e, 0xed, 0x6e, 0xed, 0x4e, 0xe5,
    0x2e, 0xe5, 0x0d, 0xe5, 0xed, 0xe4, 0xcd, 0xdc, 0xcd, 0xdc, 0xcd, 0xdc,
    0xcd, 0xdc, 0xad, 0xdc, 0xac, 0xdc, 0xac, 0xd4, 0xad, 0xd4, 0xac, 0xd4,
    0xad, 0xd4, 0xad, 0xcc, 0xcd, 0xcc, 0xce, 0xc4, 0xcf, 0xc4, 0xce, 0xc4,
    0xce, 0xc4, 0xce, 0xc4, 0xef, 0xbc, 0x0f, 0xbd, 0xef, 0xbc, 0x0f, 0xbd,
    0x0f, 0xbd, 0x0f, 0xbd, 0x0f, 0xbd, 0x0f, 0xbd, 0xef, 0xbc, 0x0f, 0xbd,
    0x0f, 0xbd, 0x0f, 0xbd, 0x0f, 0xbd, 0xef, 0xbc, 0xef, 0xbc, 0x0f, 0xb5,
    0x0f, 0xbd, 0xef, 0xbc, 0x0f, 0xbd, 0x0f, 0xbd, 0x0f, 0xbd, 0x2f, 0xb5,
    0x2f, 0xb5, 0x0f, 0xb5, 0x30, 0xb5, 0x2f, 0xb5, 0x30, 0xb5, 0x31, 0xad,
    0x31, 0xad, 0x31, 0xa5, 0x51, 0xa5, 0x31, 0xad, 0x31, 0xad, 0x31, 0xa5,
    0x31, 0xa5, 0x31, 0xad, 0x31, 0xad, 0x31, 0xad, 0x31, 0xad, 0x31, 0xad,
    0x31, 0xad, 0x31, 0xad, 0x31, 0xad, 0x31, 0xad, 0x32, 0xa5, 0x51, 0xa5,
    0x32, 0xad, 0x31, 0xad, 0x31, 0xad, 0x32, 0xa5, 0x31, 0xad, 0x32, 0xa5,
    0x52, 0xad, 0x31, 0xad, 0x32, 0xad, 0x32, 0xa5, 0x32, 0xad, 0x52, 0xad,
    0x51, 0xa5, 0x52, 0xad, 0x32, 0xad, 0x32, 0xa5, 0x32, 0xad, 0x31, 0xad,
    0x31, 0xad, 0x32, 0xad, 0x32, 0xa5, 0x32, 0xa5, 0x31, 0xad, 0x11, 0xad,
    0x11, 0xad, 0x11, 0xad, 0x11, 0xad, 0x11, 0xad, 0x11, 0xad, 0x10, 0xad,
    0xf0, 0xb4, 0xf1, 0xac, 0xf0, 0xb4, 0xf0, 0xb4, 0xf0, 0xb4, 0xf0, 0xb4,
    0xf0, 0xb4, 0xcf, 0xb4, 0xef, 0xbc, 0xcf, 0xbc, 0xaf, 0xbc, 0xaf, 0xbc,
    0xaf, 0xbc, 0xaf, 0xbc, 0xaf, 0xbc, 0x8e, 0xbc, 0xae, 0xbc, 0xaf, 0xbc,
    0x8f, 0xbc, 0xaf, 0xbc, 0xaf, 0xb4, 0xd0, 0xac, 0xd0, 0xac, 0xf1, 0x9c,
    0xf1, 0x9c, 0xf1, 0x9c, 0xf1, 0x94, 0xd1, 0x94, 0xd1, 0x94, 0xd1, 0x94,
    0x90, 0x8c, 0xcf, 0x6b, 0x2e, 0x5b, 0xcd, 0x4a, 0xec, 0x5a, 0x0c, 0x63,
    0xec, 0x5a, 0xcc, 0x5a, 0xcc, 0x5a, 0xac, 0x52, 0xab, 0x52, 0xac, 0x52,
    0xac, 0x52, 0xab, 0x52, 0x6c, 0x42, 0x2c, 0x32, 0xeb, 0x29, 0xcb, 0x29,
    0xcb, 0x29, 0xca, 0x29, 0xca, 0x21, 0xab, 0x29, 0xaa, 0x21, 0xca, 0x21,
    0xaa, 0x29, 0xaa, 0x21, 0xed, 0xb3, 0xed, 0xbb, 0xed, 0xbb, 0x0d, 0xbc,
    0x0d, 0xb4, 0x0d, 0xbc, 0x0e, 0xbc, 0x0d, 0xbc, 0x0d, 0xbc, 0x0e, 0xbc,
    0x0d, 0xbc, 0x0d, 0xbc, 0x0e, 0xbc, 0x2d, 0xbc, 0x2e, 0xbc, 0x2d, 0xbc,
    0x2d, 0xc4, 0x2e, 0xbc, 0x2d, 0xbc, 0x2d, 0xc4, 0x4e, 0xc4, 0x4e, 0xbc,
    0x2d, 0xbc, 0x4d, 0xc4, 0x4e, 0xbc, 0x2a, 0x4a, 0xa9, 0x29, 0xa9, 0x29,
    0xa9, 0x29, 0xa9, 0x29, 0xa9, 0x21, 0x89, 0x21, 0xa9, 0x29, 0xa9, 0x21,
    0xa8, 0x21, 0xa9, 0x29, 0xa9, 0x21, 0xa9, 0x21, 0x89, 0x29, 0xa9, 0x21,
    0xa9, 0x29, 0xa9, 0x29, 0xa9, 0x29, 0xa9, 0x21, 0xa8, 0x21, 0xa9, 0x29,
    0xa9, 0x21, 0xa9, 0x29, 0xc9, 0x29, 0xc9, 0x29, 0xa9, 0x21, 0xc9, 0x29,
    0xa9, 0x29, 0xca, 0x31, 0xa9, 0x29, 0xa9, 0x21, 0xa9, 0x21, 0xa9, 0x29,
    0xa9, 0x21, 0xa9, 0x29, 0xaa, 0x29, 0xc9, 0x29, 0xc9, 0x31, 0xc9, 0x31,
    0xc9, 0x31, 0xe9, 0x41, 0x29, 0x52, 0x09, 0x52, 0x29, 0x52, 0x4a, 0x5a,
    0xeb, 0x72, 0x8e, 0xcc, 0x8e, 0xcc, 0x8e, 0xcc, 0xae, 0xcc, 0x8e, 0xcc,
    0x8e, 0xcc, 0x8d, 0xcc, 0x8e, 0xcc, 0x8e, 0xcc, 0x8e, 0xc4, 0xae, 0xc4,
    0xaf, 0xc4, 0xcf, 0xbc, 0xcf, 0xbc, 0xf0, 0xb4, 0xd0, 0xb4, 0xf0, 0xb4,
    0xf0, 0xb4, 0xf1, 0xb4, 0x11, 0xad, 0x11, 0xad, 0x11, 0xad, 0x11, 0xad,
    0x11, 0xad, 0x11, 0xa5, 0x12, 0xa5, 0x12, 0xa5, 0x32, 0xa5, 0x11, 0xa5,
    0x32, 0xa5, 0x32, 0xa5, 0x32, 0x9d, 0x32, 0xa5, 0x32, 0x9d, 0x32, 0x9d,
    0x32, 0xa5, 0x33, 0x9d, 0x32, 0x9d, 0x52, 0xa5, 0x33, 0x9d, 0x32, 0x9d,
    0x33, 0xa5, 0x53, 0x9d, 0x53, 0x9d, 0x53, 0x9d, 0x32, 0x9d, 0x33, 0x9d,
    0x33, 0x9d, 0x52, 0x9d, 0x53, 0x9d, 0x53, 0x9d, 0x52, 0x9d, 0x73, 0x95,
    0x53, 0x9d, 0x72, 0x9d, 0x53, 0x95, 0x53, 0x9d, 0x73, 0x9d, 0x53, 0x9d,
    0x53, 0x95, 0x53, 0x9d, 0x73, 0x9d, 0x53, 0x95, 0x53, 0x9d, 0x73, 0x95,
    0x74, 0x95, 0x53, 0x9d, 0x53, 0x9d, 0x72, 0x9d, 0x53, 0x9d, 0x53, 0x9d,
    0x72, 0xa5, 0x53, 0x9d, 0x52, 0x9d, 0x52, 0xa5, 0x53, 0x9d, 0x53, 0x9d,
    0x53, 0xa5, 0x52, 0x9d, 0x53, 0x9d, 0x52, 0x9d, 0x52, 0xa5, 0x52, 0xa5,
    0x31, 0xad, 0x30, 0xad, 0x10, 0xb5, 0x2f, 0xc5, 0x2f, 0xcd, 0x2f, 0xcd,
    0x6f, 0xcd, 0xaf, 0xe5, 0xf0, 0xed, 0xf0, 0xe5, 0xd1, 0xdd, 0xd1, 0xd5,
    0xd1, 0xcd, 0xd1, 0xc5, 0xb2, 0xbd, 0x92, 0xb5, 0x71, 0xb5, 0x51, 0xad,
    0x51, 0xad, 0x30, 0xb5, 0x30, 0xb5, 0x10, 0xb5, 0x0f, 0xbd, 0xef, 0xc4,
    0xee, 0xc4, 0xee, 0xc4, 0xef, 0xc4, 0xef, 0xbc, 0xef, 0xbc, 0x10, 0xb5,
    0x10, 0xb5, 0xef, 0xb4, 0xef, 0xbc, 0xef, 0xc4, 0xef, 0xbc, 0x0f, 0xbd,
    0xef, 0xbc, 0xef, 0xbc, 0xef, 0xbc, 0xef, 0xbc, 0x0f, 0xbd, 0xef, 0xbc,
    0xef, 0xbc, 0xef, 0xbc, 0xef, 0xbc, 0xef, 0xbc, 0x0f, 0xbd, 0xee, 0xbc,
    0x0f, 0xbd, 0xef, 0xbc, 0xef, 0xbc, 0x0f, 0xbd, 0x0f, 0xbd, 0x0f, 0xbd,
    0x0f, 0xbd, 0x0f, 0xbd, 0x0f, 0xbd, 0xef, 0xbc, 0x0f, 0xbd, 0x0f, 0xbd,
    0x0f, 0xbd, 0x10, 0xb5, 0x30, 0xb5, 0x30, 0xad, 0x31, 0xad, 0x51, 0xa5,
    0x51, 0xa5, 0x32, 0xa5, 0x31, 0xa5, 0x31, 0xa5, 0x32, 0xa5, 0x32, 0xad,
    0x32, 0xa5, 0x52, 0xa5, 0x52, 0xa5, 0x31, 0xad, 0x52, 0xa5, 0x52, 0xa5,
    0x52, 0xa5, 0x52, 0xa5, 0x52, 0xa5, 0x52, 0xa5, 0x52, 0xa5, 0x52, 0xa5,
    0x52, 0xa5, 0x52, 0xa5, 0x52, 0xa5, 0x52, 0xa5, 0x52, 0xa5, 0x52, 0xa5,
    0x52, 0xa5, 0x52, 0xa5, 0x52, 0xa5, 0x52, 0xa5, 0x52, 0xa5, 0x52, 0xa5,
    0x52, 0xa5, 0x52, 0xa5, 0x52, 0xa5, 0x52, 0xa5, 0x72, 0xa5, 0x52, 0xa5,
    0x52, 0xa5, 0x32, 0xa5, 0x32, 0xa5, 0x32, 0xa5, 0x31, 0xa5, 0x32, 0xa5,
    0x31, 0xa5, 0x11, 0xad, 0x31, 0xad, 0x32, 0xa5, 0x31, 0xa5, 0x11, 0xa5,
    0x11, 0xad, 0x11, 0xad, 0x11, 0xad, 0x11, 0xad, 0x10, 0xad, 0xf0, 0xb4,
    0xf0, 0xb4, 0xcf, 0xb4, 0xcf, 0xbc, 0xcf, 0xbc, 0xaf, 0xbc, 0xaf, 0xbc,
    0xaf, 0xbc, 0xaf, 0xbc, 0xaf, 0xbc, 0xaf, 0xbc, 0xaf, 0xb4, 0xaf, 0xac,
    0xd0, 0xa4, 0xf1, 0x9c, 0xf2, 0x9c, 0xf2, 0x94, 0xf2, 0x94, 0xf1, 0x94,
    0xd1, 0x8c, 0x10, 0x6c, 0x0e, 0x53, 0xee, 0x4a, 0xed, 0x4a, 0xed, 0x5a,
    0x0d, 0x5b, 0x0d, 0x5b, 0xed, 0x5a, 0xcc, 0x52, 0xcc, 0x52, 0xac, 0x52,
    0xac, 0x52, 0xab, 0x52, 0xac, 0x52, 0x8b, 0x4a, 0x6b, 0x3a, 0x2c, 0x32,
    0x0b, 0x2a, 0xcb, 0x29, 0xcb, 0x29, 0xcb, 0x29, 0xaa, 0x21, 0xaa, 0x21,
    0xab, 0x29, 0xca, 0x29, 0xaa, 0x29, 0xab, 0x21, 0xed, 0xb3, 0xed, 0xbb,
    0x0d, 0xbc, 0x0d, 0xbc, 0x0d, 0xbc, 0x0d, 0xbc, 0x0d, 0xbc, 0x0d, 0xbc,
    0x0d, 0xbc, 0x0d, 0xbc, 0x2d, 0xbc, 0x0d, 0xbc, 0x2e, 0xbc, 0x2e, 0xbc,
    0x2d, 0xbc, 0x2e, 0xbc, 0x2e, 0xbc, 0x2d, 0xbc, 0x2e, 0xc4, 0x2d, 0xbc,
    0x4e, 0xc4, 0x4d, 0xc4, 0x2d, 0xc4, 0x4e, 0xc4, 0x2d, 0xb4, 0xc9, 0x31,
    0xa9, 0x29, 0xa9, 0x29, 0xa9, 0x29, 0xa9, 0x21, 0xa9, 0x21, 0xa8, 0x29,
    0xa9, 0x29, 0xa9, 0x21, 0x89, 0x21, 0xa9, 0x29, 0xa9, 0x21, 0x89, 0x21,
    0xa9, 0x29, 0xa9, 0x21, 0xa9, 0x21, 0xa9, 0x29, 0xa9, 0x29, 0xa9, 0x21,
    0xa9, 0x29, 0xa9, 0x29, 0xa9, 0x29, 0xa9, 0x29, 0xc9, 0x29, 0xa9, 0x29,
    0xc9, 0x29, 0xa9, 0x29, 0xc9, 0x29, 0xc9, 0x31, 0xc9, 0x29, 0xa9, 0x21,
    0xa9, 0x21, 0xa9, 0x29, 0xc9, 0x21, 0xa9, 0x21, 0xa9, 0x29, 0xc9, 0x29,
    0xc9, 0x29, 0xc9, 0x31, 0xc9, 0x31, 0xe9, 0x39, 0x09, 0x4a, 0x29, 0x52,
    0x09, 0x52, 0x49, 0x52, 0x6a, 0x5a, 0x4d, 0xb4, 0x8e, 0xc4, 0x8e, 0xcc,
    0x8e, 0xc4, 0xae, 0xcc, 0x8e, 0xcc, 0x8e, 0xc4, 0xae, 0xcc, 0xae, 0xcc,
    0xae, 0xc4, 0xae, 0xc4, 0xaf, 0xc4, 0xcf, 0xbc, 0xcf, 0xbc, 0xcf, 0xbc,
    0xd0, 0xb4, 0xf0, 0xb4, 0xf0, 0xb4, 0xf0, 0xac, 0xf1, 0xac, 0x11, 0xad,
    0x11, 0xad, 0xf1, 0xac, 0x11, 0xa5, 0x11, 0xad, 0x11, 0xa5, 0x32, 0xa5,
    0x12, 0xa5, 0x32, 0xa5, 0x32, 0xa5, 0x32, 0x9d, 0x32, 0x9d, 0x32, 0xa5,
    0x32, 0xa5, 0x33, 0x9d, 0x52, 0xa5, 0x32, 0xa5, 0x32, 0x9d, 0x52, 0x9d,
    0x52, 0xa5, 0x32, 0x9d, 0x52, 0x9d, 0x32, 0x9d, 0x32, 0x9d, 0x53, 0x9d,
    0x52, 0x9d, 0x32, 0x9d, 0x53, 0x9d, 0x32, 0x9d, 0x53, 0x9d, 0x52, 0x9d,
    0x52, 0x9d, 0x53, 0x9d, 0x53, 0x9d, 0x53, 0x9d, 0x53, 0x9d, 0x53, 0x95,
    0x73, 0x95, 0x53, 0x9d, 0x53, 0x95, 0x73, 0x95, 0x53, 0x9d, 0x53, 0x95,
    0x54, 0x95, 0x53, 0x9d, 0x73, 0x95, 0x53, 0x9d, 0x53, 0x9d, 0x53, 0xa5,
    0x52, 0x9d, 0x72, 0x9d, 0x53, 0xa5, 0x53, 0x9d, 0x73, 0x9d, 0x52, 0x9d,
    0x53, 0x9d, 0x53, 0xa5, 0x52, 0x9d, 0x53, 0xa5, 0x52, 0xa5, 0x52, 0xa5,
    0x52, 0xa5, 0x10, 0xb5, 0xee, 0xc4, 0xee, 0xcc, 0xcd, 0xcc, 0xcd, 0xcc,
    0xcd, 0xd4, 0xed, 0xd4, 0x2e, 0xd5, 0xb0, 0xe5, 0xf0, 0xdd, 0xf0, 0xdd,
    0xf1, 0xd5, 0xf1, 0xd5, 0xf2, 0xcd, 0xf2, 0xc5, 0xd2, 0xbd, 0xb2, 0xb5,
    0x92, 0xad, 0x72, 0xa5, 0x52, 0xa5, 0x52, 0xa5, 0x31, 0xa5, 0x31, 0xad,
    0x31, 0xad, 0x31, 0xad, 0x52, 0xa5, 0x52, 0xa5, 0x53, 0x9d, 0x53, 0x9d,
    0x53, 0x9d, 0x73, 0x9d, 0x53, 0x9d, 0x53, 0x9d, 0x52, 0x9d, 0x31, 0xad,
    0x10, 0xb5, 0xef, 0xbc, 0x0f, 0xbd, 0xef, 0xbc, 0x0f, 0xbd, 0xef, 0xbc,
    0x0f, 0xbd, 0x0f, 0xbd, 0x0f, 0xbd, 0x0e, 0xbd, 0xef, 0xbc, 0x0f, 0xc5,
    0xee, 0xbc, 0x0f, 0xbd, 0x0f, 0xbd, 0xef, 0xbc, 0xef, 0xbc, 0xef, 0xbc,
    0xef, 0xbc, 0xef, 0xbc, 0xef, 0xbc, 0xef, 0xbc, 0xef, 0xbc, 0x0f, 0xbd,
    0x0f, 0xbd, 0xf0, 0xbc, 0x0f, 0xbd, 0x10, 0xb5, 0x10, 0xb5, 0x30, 0xb5,
    0x31, 0xad, 0x31, 0xad, 0x51, 0xad, 0x51, 0xad, 0x52, 0xad, 0x52, 0xa5,
    0x52, 0xa5, 0x52, 0xa5, 0x52, 0xa5, 0x52, 0xa5, 0x52, 0xa5, 0x52, 0xa5,
    0x52, 0xa5, 0x52, 0xa5, 0x52, 0xa5, 0x52, 0xa5, 0x52, 0x9d, 0x72, 0x9d,
    0x52, 0xa5, 0x72, 0x9d, 0x72, 0x9d, 0x52, 0xa5, 0x52, 0x9d, 0x72, 0x9d,
    0x53, 0xa5, 0x52, 0x9d, 0x72, 0x9d, 0x53, 0xa5, 0x53, 0x9d, 0x52, 0x9d,
    0x72, 0x9d, 0x53, 0xa5, 0x53, 0x9d, 0x72, 0x9d, 0x53, 0xa5, 0x52, 0x9d,
    0x52, 0xa5, 0x52, 0x9d, 0x52, 0x9d, 0x52, 0x9d, 0x52, 0x9d, 0x52, 0xa5,
    0x32, 0x9d, 0x32, 0x9d, 0x32, 0xa5, 0x32, 0xa5, 0x32, 0x9d, 0x32, 0xa5,
    0x32, 0x9d, 0x31, 0xa5, 0x31, 0xa5, 0x31, 0xa5, 0x31, 0xa5, 0x31, 0xa5,
    0x11, 0xad, 0x11, 0xad, 0x11, 0xad, 0x10, 0xad, 0x10, 0xb5, 0xf0, 0xb4,
    0xf0, 0xb4, 0xf0, 0xb4, 0xcf, 0xb4, 0xcf, 0xbc, 0xcf, 0xb4, 0xd0, 0xb4,
    0xd0, 0xac, 0xf0, 0xac, 0xf1, 0x9c, 0x51, 0x7c, 0x10, 0x74, 0x91, 0x74,
    0xd2, 0x84, 0xf0, 0x6b, 0xb0, 0x5b, 0x11, 0x64, 0x6f, 0x53, 0x2f, 0x4b,
    0x4f, 0x4b, 0x6f, 0x5b, 0x4e, 0x5b, 0x4e, 0x5b, 0x72, 0x6c, 0xf0, 0x5b,
    0xed, 0x52, 0xac, 0x52, 0xab, 0x52, 0xab, 0x52, 0x8c, 0x52, 0xac, 0x52,
    0x6b, 0x42, 0x4c, 0x32, 0x0b, 0x2a, 0xcb, 0x29, 0xca, 0x29, 0xaa, 0x21,
    0xcb, 0x29, 0xaa, 0x29, 0xab, 0x21, 0xab, 0x21, 0xaa, 0x29, 0xaa, 0x29,
    0xed, 0xb3, 0xed, 0xbb, 0xed, 0xb3, 0xed, 0xb3, 0x0d, 0xbc, 0x0d, 0xb4,
    0x0d, 0xbc, 0x0d, 0xbc, 0x0d, 0xb4, 0x0d, 0xbc, 0x0e, 0xbc, 0x0d, 0xbc,
    0x2d, 0xbc, 0x0d, 0xbc, 0x2d, 0xc4, 0x2e, 0xbc, 0x2d, 0xbc, 0x2e, 0xc4,
    0x2e, 0xbc, 0x4e, 0xbc, 0x4e, 0xc4, 0x4d, 0xc4, 0x4d, 0xc4, 0x4e, 0xc4,
    0xcd, 0xa3, 0xc9, 0x31, 0xa9, 0x29, 0xa9, 0x29, 0xa9, 0x29, 0x89, 0x21,
    0x89, 0x21, 0xa9, 0x21, 0xa8, 0x21, 0xa9, 0x21, 0xa9, 0x21, 0x89, 0x21,
    0xa9, 0x21, 0xa9, 0x29, 0xa9, 0x29, 0xa9, 0x21, 0xa9, 0x21, 0xa9, 0x29,
    0xa9, 0x29, 0xa9, 0x21, 0xa9, 0x29, 0xa9, 0x29, 0xc9, 0x29, 0xc9, 0x29,
    0xa9, 0x21, 0xa9, 0x29, 0xc9, 0x29, 0xaa, 0x29, 0xa9, 0x29, 0xc9, 0x31,
    0xc9, 0x29, 0xa9, 0x29, 0xa9, 0x21, 0xa9, 0x29, 0xa9, 0x29, 0xc9, 0x21,
    0xa9, 0x29, 0xaa, 0x29, 0xa9, 0x29, 0xc9, 0x29, 0xc9, 0x31, 0xca, 0x39,
    0x09, 0x4a, 0x29, 0x4a, 0x09, 0x4a, 0x29, 0x52, 0x2a, 0x52, 0x6c, 0x93,
    0xae, 0xc4, 0xae, 0xc4, 0xae, 0xc4, 0xae, 0xc4, 0xae, 0xc4, 0xae, 0xc4,
    0x8e, 0xc4, 0xae, 0xc4, 0x8f, 0xc4, 0xaf, 0xc4, 0xaf, 0xc4, 0xcf, 0xbc,
    0xcf, 0xbc, 0xcf, 0xbc, 0xd0, 0xbc, 0xf0, 0xb4, 0xf0, 0xb4, 0xf0, 0xb4,
    0xf0, 0xb4, 0xf1, 0xac, 0xf1, 0xac, 0x11, 0xad, 0x11, 0xad, 0x11, 0xa5,
    0x11, 0xa5, 0x32, 0xa5, 0x32, 0xa5, 0x32, 0xa5, 0x32, 0xa5, 0x32, 0xa5,
    0x32, 0x9d, 0x32, 0x9d, 0x32, 0xa5, 0x32, 0x9d, 0x53, 0x9d, 0x32, 0xa5,
    0x33, 0xa5, 0x52, 0x9d, 0x52, 0x9d, 0x33, 0x9d, 0x52, 0xa5, 0x52, 0x9d,
    0x32, 0x9d, 0x32, 0x9d, 0x33, 0x9d, 0x32, 0x9d, 0x32, 0x9d, 0x53, 0x9d,
    0x32, 0x9d, 0x53, 0x9d, 0x52, 0x9d, 0x52, 0x9d, 0x53, 0x9d, 0x52, 0x9d,
    0x53, 0x9d, 0x53, 0x9d, 0x53, 0x9d, 0x53, 0x9d, 0x53, 0x9d, 0x53, 0x9d,
    0x53, 0x9d, 0x73, 0x9d, 0x53, 0x9d, 0x53, 0x9d, 0x53, 0x9d, 0x53, 0x9d,
    0x52, 0x9d, 0x53, 0x9d, 0x53, 0x9d, 0x52, 0x9d, 0x53, 0x9d, 0x53, 0x9d,
    0x72, 0x9d, 0x52, 0x9d, 0x52, 0xa5, 0x52, 0xa5, 0x52, 0xa5, 0x31, 0xa5,
    0x51, 0xad, 0x31, 0xad, 0x10, 0xb5, 0xee, 0xc4, 0xcd, 0xd4, 0xcd, 0xd4,
    0x0d, 0xdd, 0x2e, 0xdd, 0x6f, 0xdd, 0x8f, 0xdd, 0xb0, 0xe5, 0xd0, 0xe5,
    0xd0, 0xdd, 0xd1, 0xd5, 0xf1, 0xcd, 0xf2, 0xc5, 0xf2, 0xc5, 0x13, 0xbe,
    0x13, 0xb6, 0xf3, 0xad, 0xd3, 0xad, 0xb3, 0xad, 0x93, 0xa5, 0x73, 0xa5,
    0x72, 0xa5, 0x52, 0xad, 0x52, 0xad, 0x72, 0xa5, 0x53, 0xa5, 0x73, 0x9d,
    0x73, 0x95, 0x53, 0x9d, 0x52, 0xa5, 0x32, 0xa5, 0x31, 0xad, 0x31, 0xad,
    0x32, 0xad, 0x11, 0xad, 0x10, 0xb5, 0x10, 0xb5, 0x0f, 0xb5, 0x0f, 0xbd,
    0x0f, 0xbd, 0xef, 0xbc, 0xef, 0xbc, 0x0f, 0xc5, 0xef, 0xc4, 0x0f, 0xbd,
    0x10, 0xbd, 0x10, 0xbd, 0x10, 0xbd, 0x10, 0xbd, 0x10, 0xbd, 0x10, 0xbd,
    0x10, 0xbd, 0x10, 0xbd, 0x30, 0xb5, 0x30, 0xb5, 0x10, 0xb5, 0x31, 0xb5,
    0x31, 0xb5, 0x30, 0xbd, 0x11, 0xb5, 0x10, 0xb5, 0x30, 0xb5, 0x31, 0xb5,
    0x31, 0xb5, 0x31, 0xb5, 0x51, 0xad, 0x31, 0xad, 0x51, 0xad, 0x51, 0xad,
    0x52, 0xa5, 0x52, 0xa5, 0x51, 0xa5, 0x52, 0xa5, 0x52, 0xa5, 0x52, 0xa5,
    0x52, 0xa5, 0x52, 0xa5, 0x52, 0xa5, 0x72, 0x9d, 0x52, 0xa5, 0x52, 0xa5,
    0x72, 0x9d, 0x52, 0xa5, 0x52, 0xa5, 0x52, 0x9d, 0x52, 0xa5, 0x52, 0xa5,
    0x72, 0x9d, 0x53, 0xa5, 0x52, 0xa5, 0x53, 0xa5, 0x52, 0x9d, 0x52, 0xa5,
    0x53, 0xa5, 0x72, 0x9d, 0x52, 0xa5, 0x53, 0xa5, 0x72, 0x9d, 0x52, 0xa5,
    0x53, 0xa5, 0x53, 0xa5, 0x52, 0x9d, 0x53, 0xa5, 0x52, 0xa5, 0x52, 0x9d,
    0x52, 0x9d, 0x32, 0x9d, 0x52, 0x9d, 0x52, 0x9d, 0x52, 0x9d, 0x52, 0x9d,
    0x32, 0x9d, 0x32, 0xa5, 0x32, 0xa5, 0x32, 0xa5, 0x32, 0xa5, 0x32, 0xa5,
    0x32, 0xa5, 0x32, 0xa5, 0x32, 0xa5, 0x31, 0xad, 0x31, 0xa5, 0x11, 0xad,
    0x11, 0xad, 0x11, 0xad, 0x10, 0xad, 0xf0, 0xb4, 0xf0, 0xb4, 0xf0, 0xb4,
    0xf0, 0xb4, 0x11, 0xad, 0x11, 0xa5, 0x12, 0x9d, 0x51, 0x7c, 0x10, 0x6c,
    0xd0, 0x63, 0xb0, 0x63, 0xaf, 0x63, 0xb0, 0x5b, 0xf1, 0x63, 0xb3, 0x74,
    0x31, 0x64, 0x52, 0x64, 0x93, 0x6c, 0xd3, 0x6c, 0xd0, 0x5b, 0x31, 0x64,
    0x72, 0x64, 0x52, 0x64, 0xed, 0x52, 0xac, 0x52, 0xac, 0x52, 0xab, 0x52,
    0x8c, 0x52, 0x8b, 0x4a, 0x6b, 0x3a, 0x4c, 0x32, 0xeb, 0x29, 0xcb, 0x29,
    0xcb, 0x29, 0xaa, 0x21, 0xaa, 0x29, 0xaa, 0x29, 0xca, 0x21, 0xab, 0x21,
    0xaa, 0x29, 0xaa, 0x29, 0xed, 0xbb, 0xed, 0xbb, 0xed, 0xb3, 0xed, 0xbb,
    0x0d, 0xbc, 0x0e, 0xbc, 0xed, 0xb3, 0x0d, 0xbc, 0x0d, 0xbc, 0x0d, 0xbc,
    0x0d, 0xbc, 0x2d, 0xbc, 0x0d, 0xbc, 0x0e, 0xbc, 0x2d, 0xbc, 0x2e, 0xbc,
    0x2d, 0xc4, 0x2e, 0xc4, 0x2d, 0xbc, 0x2d, 0xbc, 0x4e, 0xbc, 0x4e, 0xbc,
    0x4d, 0xc4, 0x4d, 0xc4, 0x6c, 0x8b, 0xa9, 0x29, 0xa9, 0x29, 0xa9, 0x29,
    0xa9, 0x29, 0xa8, 0x21, 0x89, 0x29, 0xa9, 0x29, 0xa9, 0x21, 0x89, 0x21,
    0xa9, 0x29, 0xa8, 0x21, 0xa9, 0x21, 0xa9, 0x29, 0xa9, 0x21, 0x89, 0x29,
    0xa9, 0x29, 0xa9, 0x29, 0xa9, 0x21, 0xa9, 0x29, 0xa9, 0x21, 0xa9, 0x29,
    0xa9, 0x29, 0xc9, 0x29, 0xa9, 0x29, 0xc9, 0x29, 0xc9, 0x29, 0xc9, 0x29,
    0xc9, 0x29, 0xea, 0x39, 0xc9, 0x31, 0xa9, 0x29, 0xa9, 0x21, 0xa9, 0x21,
    0xaa, 0x29, 0xa9, 0x21, 0xa9, 0x21, 0xa9, 0x29, 0xc9, 0x29, 0xc9, 0x29,
    0xc9, 0x31, 0xca, 0x31, 0x09, 0x42, 0x09, 0x4a, 0x09, 0x4a, 0x09, 0x4a,
    0x2a, 0x52, 0xaa, 0x6a, 0x8f, 0xc4, 0x8f, 0xc4, 0x8f, 0xc4, 0x8f, 0xc4,
    0xae, 0xc4, 0x8f, 0xc4, 0x8f, 0xc4, 0x8e, 0xc4, 0xae, 0xc4, 0x8f, 0xc4,
    0xaf, 0xc4, 0xaf, 0xc4, 0xaf, 0xbc, 0xaf, 0xbc, 0xcf, 0xbc, 0xd0, 0xbc,
    0xd0, 0xb4, 0xd0, 0xb4, 0xf0, 0xb4, 0xf0, 0xb4, 0xf0, 0xac, 0x11, 0xad,
    0x11, 0xad, 0x11, 0xa5, 0x11, 0xa5, 0x12, 0xa5, 0x32, 0xa5, 0x32, 0x9d,
    0x32, 0xa5, 0x32, 0xa5, 0x32, 0x9d, 0x53, 0xa5, 0x32, 0xa5, 0x32, 0x9d,
    0x32, 0xa5, 0x32, 0x9d, 0x33, 0xa5, 0x32, 0xa5, 0x32, 0xa5, 0x33, 0xa5,
    0x52, 0x9d, 0x32, 0x9d, 0x53, 0xa5, 0x52, 0x9d, 0x52, 0xa5, 0x32, 0xa5,
    0x32, 0x9d, 0x52, 0x9d, 0x32, 0x9d, 0x32, 0x9d, 0x32, 0x9d, 0x32, 0x9d,
    0x32, 0x9d, 0x52, 0x9d, 0x32, 0x9d, 0x52, 0x9d, 0x52, 0x9d, 0x52, 0x9d,
    0x53, 0x9d, 0x53, 0x9d, 0x53, 0x9d, 0x52, 0x9d, 0x73, 0x9d, 0x53, 0x9d,
    0x73, 0x9d, 0x52, 0x9d, 0x73, 0x9d, 0x53, 0x9d, 0x73, 0x9d, 0x52, 0x9d,
    0x53, 0x9d, 0x72, 0xa5, 0x72, 0x9d, 0x53, 0xa5, 0x52, 0xad, 0x51, 0xad,
    0x51, 0xad, 0x51, 0xb5, 0x31, 0xbd, 0x30, 0xbd, 0x30, 0xc5, 0x4f, 0xcd,
    0x90, 0xdd, 0xf0, 0xe5, 0xf0, 0xe5, 0xf0, 0xed, 0xd0, 0xe5, 0xd0, 0xe5,
    0xd0, 0xe5, 0xd0, 0xe5, 0xf1, 0xd5, 0xf2, 0xcd, 0x12, 0xc6, 0x12, 0xbe,
    0x13, 0xbe, 0xf3, 0xb5, 0xf3, 0xb5, 0xf4, 0xad, 0xd3, 0xa5, 0xd3, 0xa5,
    0xb3, 0xa5, 0xb3, 0xa5, 0x93, 0xa5, 0x51, 0xb5, 0x52, 0xad, 0x72, 0xa5,
    0x72, 0xa5, 0x52, 0xa5, 0x52, 0x9d, 0x31, 0xa5, 0x11, 0xad, 0x10, 0xb5,
    0x10, 0xb5, 0x10, 0xb5, 0xf0, 0xbc, 0x10, 0xbd, 0x10, 0xbd, 0x10, 0xbd,
    0x10, 0xbd, 0x10, 0xbd, 0x10, 0xbd, 0x10, 0xbd, 0x10, 0xbd, 0x30, 0xbd,
    0x10, 0xbd, 0x11, 0xbd, 0x30, 0xbd, 0x30, 0xb5, 0x31, 0xbd, 0x31, 0xb5,
    0x31, 0xb5, 0x31, 0xb5, 0x51, 0xb5, 0x31, 0xb5, 0x31, 0xb5, 0x31, 0xb5,
    0x31, 0xb5, 0x31, 0xb5, 0x31, 0xb5, 0x31, 0xb5, 0x31, 0xb5, 0x31, 0xb5,
    0x31, 0xb5, 0x31, 0xb5, 0x31, 0xb5, 0x31, 0xb5, 0x31, 0xad, 0x51, 0xb5,
    0x51, 0xad, 0x31, 0xad, 0x31, 0xad, 0x51, 0xad, 0x52, 0xa5, 0x52, 0xa5,
    0x52, 0xa5, 0x52, 0xa5, 0x72, 0xa5, 0x52, 0xa5, 0x52, 0xa5, 0x72, 0x9d,
    0x52, 0xa5, 0x52, 0x9d, 0x52, 0xa5, 0x52, 0xa5, 0x52, 0xa5, 0x52, 0x9d,
    0x52, 0xa5, 0x52, 0xa5, 0x52, 0xa5, 0x53, 0x9d, 0x72, 0xa5, 0x52, 0xa5,
    0x73, 0x9d, 0x52, 0xa5, 0x52, 0xa5, 0x53, 0xa5, 0x52, 0xa5, 0x52, 0x9d,
    0x53, 0xa5, 0x52, 0xa5, 0x72, 0x9d, 0x52, 0xa5, 0x73, 0xa5, 0x52, 0xa5,
    0x53, 0x9d, 0x53, 0xa5, 0x52, 0xa5, 0x52, 0x9d, 0x32, 0x9d, 0x32, 0xa5,
    0x52, 0x9d, 0x52, 0x9d, 0x52, 0xa5, 0x52, 0xa5, 0x52, 0x9d, 0x52, 0xa5,
    0x32, 0xa5, 0x32, 0xa5, 0x32, 0xa5, 0x32, 0xa5, 0x32, 0xa5, 0x32, 0xa5,
    0x31, 0xa5, 0x31, 0xa5, 0x11, 0xa5, 0x11, 0xad, 0x11, 0xad, 0x11, 0xad,
    0xf1, 0xac, 0x11, 0xad, 0x52, 0xad, 0x73, 0xa5, 0x73, 0xa5, 0x53, 0x9d,
    0x33, 0x9d, 0x53, 0x95, 0x33, 0x95, 0x33, 0x8d, 0x33, 0x85, 0x13, 0x85,
    0x14, 0x75, 0x34, 0x7d, 0x14, 0x7d, 0xb3, 0x74, 0xf3, 0x74, 0x14, 0x75,
    0x72, 0x6c, 0x31, 0x64, 0x32, 0x6c, 0x0e, 0x53, 0xcc, 0x52, 0xac, 0x52,
    0xac, 0x52, 0xab, 0x52, 0x8b, 0x52, 0x6b, 0x42, 0x4b, 0x42, 0x0b, 0x32,
    0xeb, 0x29, 0xcb, 0x29, 0xab, 0x29, 0xcb, 0x29, 0xcb, 0x21, 0xaa, 0x21,
    0xaa, 0x29, 0xab, 0x29, 0xaa, 0x21, 0xaa, 0x21, 0xcd, 0xb3, 0xcd, 0xb3,
    0xed, 0xbb, 0xed, 0xbb, 0xed, 0xbb, 0xed, 0xbb, 0x0e, 0xbc, 0x0d, 0xbc,
    0x0d, 0xbc, 0x0e, 0xbc, 0x0d, 0xbc, 0x2d, 0xbc, 0x2e, 0xbc, 0x2d, 0xbc,
    0x2d, 0xc4, 0x2d, 0xbc, 0x2d, 0xbc, 0x2d, 0xbc, 0x2d, 0xc4, 0x4e, 0xc4,
    0x2d, 0xc4, 0x4e, 0xbc, 0x2e, 0xc4, 0x4d, 0xc4, 0x0b, 0x7b, 0xa9, 0x29,
    0xa9, 0x29, 0xa9, 0x29, 0xa9, 0x29, 0xa9, 0x21, 0x89, 0x21, 0xa9, 0x21,
    0xa8, 0x21, 0xa9, 0x29, 0x89, 0x21, 0xa9, 0x21, 0x89, 0x29, 0xa9, 0x21,
    0xa9, 0x21, 0xa9, 0x29, 0xa9, 0x29, 0xa9, 0x21, 0xa9, 0x29, 0xa9, 0x29,
    0xa9, 0x21, 0xa9, 0x29, 0xc9, 0x29, 0xa9, 0x29, 0xc9, 0x29, 0xa9, 0x29,
    0xa9, 0x29, 0xa9, 0x29, 0xc9, 0x29, 0xe9, 0x39, 0xc9, 0x31, 0xc9, 0x29,
    0xa9, 0x21, 0xa9, 0x29, 0xc9, 0x29, 0xa9, 0x21, 0xa9, 0x29, 0xc9, 0x29,
    0xca, 0x29, 0xa9, 0x29, 0xc9, 0x31, 0xc9, 0x31, 0xe9, 0x39, 0x09, 0x4a,
    0x09, 0x4a, 0x09, 0x4a, 0x29, 0x52, 0x4a, 0x52, 0x4e, 0xb4, 0x8e, 0xc4,
    0xae, 0xc4, 0xaf, 0xc4, 0x8e, 0xc4, 0xaf, 0xc4, 0xaf, 0xc4, 0x8e, 0xc4,
    0xae, 0xc4, 0x8e, 0xc4, 0x8e, 0xc4, 0xae, 0xc4, 0xaf, 0xc4, 0xaf, 0xc4,
    0xaf, 0xbc, 0xaf, 0xbc, 0xcf, 0xbc, 0xd0, 0xbc, 0xd0, 0xb4, 0xd0, 0xb4,
    0xf0, 0xb4, 0xf1, 0xac, 0x11, 0xad, 0x12, 0xa5, 0x31, 0xa5, 0x32, 0xa5,
    0x32, 0xa5, 0x32, 0xa5, 0x32, 0x9d, 0x32, 0x9d, 0x32, 0xa5, 0x32, 0x9d,
    0x53, 0x9d, 0x32, 0xa5, 0x32, 0xa5, 0x52, 0x9d, 0x32, 0x9d, 0x32, 0x9d,
    0x32, 0xa5, 0x32, 0x9d, 0x32, 0xa5, 0x32, 0x9d, 0x33, 0xa5, 0x52, 0x9d,
    0x32, 0x9d, 0x33, 0xa5, 0x32, 0xa5, 0x32, 0xa5, 0x33, 0xa5, 0x32, 0xa5,
    0x32, 0xa5, 0x32, 0xa5, 0x32, 0xa5, 0x32, 0xa5, 0x32, 0xa5, 0x32, 0xa5,
    0x32, 0xa5, 0x32, 0xa5, 0x52, 0x9d, 0x52, 0x9d, 0x52, 0x9d, 0x52, 0x9d,
    0x52, 0x9d, 0x52, 0x9d, 0x52, 0xa5, 0x51, 0xa5, 0x31, 0xad, 0x51, 0xad,
    0x31, 0xad, 0x30, 0xb5, 0x30, 0xbd, 0x30, 0xbd, 0x10, 0xbd, 0x30, 0xbd,
    0x30, 0xbd, 0x30, 0xbd, 0x30, 0xc5, 0x30, 0xc5, 0x50, 0xc5, 0x50, 0xc5,
    0x70, 0xcd, 0x70, 0xcd, 0x90, 0xd5, 0x90, 0xd5, 0x90, 0xdd, 0xaf, 0xdd,
    0xb0, 0xe5, 0xb0, 0xe5, 0xb0, 0xdd, 0xb0, 0xdd, 0xb0, 0xd5, 0xd1, 0xd5,
    0xd1, 0xcd, 0xb1, 0xc5, 0xd2, 0xbd, 0xd2, 0xb5, 0xb2, 0xad, 0xb2, 0xad,
    0x92, 0xad, 0x92, 0xad, 0x72, 0xad, 0x72, 0xad, 0x52, 0xad, 0x51, 0xb5,
    0x51, 0xb5, 0x51, 0xb5, 0x51, 0xb5, 0x52, 0xb5, 0x52, 0xad, 0x31, 0xad,
    0x30, 0xb5, 0x10, 0xb5, 0x10, 0xbd, 0x10, 0xbd, 0x0f, 0xbd, 0x10, 0xbd,
    0x10, 0xbd, 0x10, 0xb5, 0x10, 0xb5, 0x30, 0xb5, 0x31, 0xb5, 0x31, 0xb5,
    0x51, 0xb5, 0x51, 0xb5, 0x52, 0xad, 0x52, 0xad, 0x52, 0xad, 0x52, 0xad,
    0x52, 0xad, 0x52, 0xad, 0x52, 0xad, 0x72, 0xad, 0x52, 0xad, 0x52, 0xad,
    0x52, 0xad, 0x72, 0xad, 0x52, 0xad, 0x52, 0xad, 0x52, 0xad, 0x52, 0xad,
    0x52, 0xad, 0x52, 0xb5, 0x51, 0xb5, 0x31, 0xad, 0x51, 0xad, 0x51, 0xad,
    0x31, 0xad, 0x31, 0xad, 0x31, 0xad, 0x31, 0xad, 0x52, 0xad, 0x31, 0xa5,
    0x51, 0xa5, 0x52, 0xa5, 0x52, 0xa5, 0x52, 0xa5, 0x52, 0xa5, 0x52, 0xa5,
    0x52, 0xa5, 0x52, 0xa5, 0x72, 0xa5, 0x52, 0x9d, 0x53, 0xa5, 0x72, 0x9d,
    0x72, 0xa5, 0x53, 0xa5, 0x72, 0x9d, 0x72, 0xa5, 0x52, 0x9d, 0x53, 0xa5,
    0x52, 0x9d, 0x72, 0xa5, 0x53, 0xa5, 0x52, 0x9d, 0x72, 0x9d, 0x53, 0xa5,
    0x72, 0x9d, 0x53, 0xa5, 0x52, 0xa5, 0x73, 0x9d, 0x52, 0x9d, 0x52, 0xa5,
    0x52, 0x9d, 0x52, 0x9d, 0x53, 0xa5, 0x52, 0x9d, 0x52, 0xa5, 0x52, 0x9d,
    0x52, 0xa5, 0x32, 0xa5, 0x52, 0x9d, 0x52, 0xa5, 0x32, 0x9d, 0x32, 0x9d,
    0x52, 0xa5, 0x52, 0x9d, 0x32, 0x9d, 0x52, 0xa5, 0x52, 0xa5, 0x52, 0xa5,
    0x52, 0xa5, 0x32, 0xa5, 0x32, 0xa5, 0x32, 0xa5, 0x53, 0x9d, 0x53, 0x9d,
    0x52, 0x9d, 0x32, 0xa5, 0xf1, 0xac, 0x11, 0xad, 0x53, 0xa5, 0x94, 0x9d,
    0x32, 0xad, 0x11, 0xad, 0xf1, 0xac, 0x32, 0xa5, 0x32, 0xa5, 0x32, 0x9d,
    0x53, 0x9d, 0x33, 0x95, 0x53, 0x85, 0x54, 0x85, 0x94, 0x95, 0x94, 0x9d,
    0x54, 0x7d, 0xf4, 0x74, 0x52, 0x6c, 0x93, 0x6c, 0x6f, 0x5b, 0xcd, 0x4a,
    0xac, 0x52, 0xac, 0x52, 0xac, 0x52, 0x8b, 0x52, 0x6b, 0x4a, 0x6b, 0x42,
    0x4b, 0x42, 0x0b, 0x32, 0xeb, 0x29, 0xca, 0x29, 0xab, 0x29, 0xca, 0x29,
    0xcb, 0x21, 0xaa, 0x29, 0xab, 0x21, 0xca, 0x29, 0xaa, 0x21, 0xaa, 0x21,
    0xec, 0xbb, 0xed, 0xbb, 0xed, 0xbb, 0xed, 0xb3, 0xed, 0xbb, 0xed, 0xbb,
    0x0d, 0xbc, 0x0d, 0xbc, 0x0d, 0xbc, 0x0d, 0xbc, 0x0d, 0xbc, 0x0d, 0xbc,
    0x0d, 0xbc, 0x2d, 0xbc, 0x0e, 0xbc, 0x2d, 0xbc, 0x2e, 0xbc, 0x2e, 0xbc,
    0x2d, 0xbc, 0x2e, 0xc4, 0x4d, 0xbc, 0x4e, 0xc4, 0x2d, 0xc4, 0x2e, 0xbc,
    0xcb, 0x62, 0xa9, 0x29, 0xa9, 0x29, 0xa9, 0x29, 0xa9, 0x29, 0xa9, 0x21,
    0xa9, 0x29, 0xa9, 0x21, 0xa9, 0x21, 0xa9, 0x21, 0xa9, 0x21, 0xa9, 0x21,
    0x89, 0x29, 0xa9, 0x29, 0xa9, 0x29, 0xa9, 0x21, 0xa9, 0x29, 0xa9, 0x21,
    0xa9, 0x29, 0xa9, 0x21, 0xa9, 0x29, 0xc9, 0x29, 0xa9, 0x29, 0xc9, 0x21,
    0xa9, 0x29, 0xc9, 0x29, 0xca, 0x29, 0xc9, 0x29, 0xc9, 0x31, 0xca, 0x31,
    0xc9, 0x39, 0xc9, 0x29, 0xa9, 0x21, 0xa9, 0x29, 0xa9, 0x21, 0xc9, 0x21,
    0xa9, 0x29, 0xa9, 0x29, 0xa9, 0x29, 0xc9, 0x29, 0xc9, 0x31, 0xc9, 0x31,
    0xea, 0x31, 0xe9, 0x49, 0x09, 0x4a, 0x09, 0x4a, 0x09, 0x52, 0x29, 0x52,
    0x8c, 0x93, 0xae, 0xc4, 0xaf, 0xc4, 0xae, 0xc4, 0xae, 0xc4, 0xaf, 0xc4,
    0xae, 0xc4, 0xaf, 0xc4, 0xaf, 0xc4, 0xaf, 0xc4, 0xaf, 0xc4, 0xaf, 0xc4,
    0xaf, 0xc4, 0xaf, 0xc4, 0xaf, 0xc4, 0xaf, 0xbc, 0xcf, 0xbc, 0xcf, 0xbc,
    0xd0, 0xbc, 0xd0, 0xb4, 0xf0, 0xb4, 0xf1, 0xac, 0x11, 0xad, 0x11, 0xad,
    0x11, 0xa5, 0x32, 0xa5, 0x32, 0xa5, 0x32, 0xa5, 0x32, 0xa5, 0x32, 0xa5,
    0x32, 0x9d, 0x32, 0xa5, 0x32, 0x9d, 0x53, 0x9d, 0x32, 0xa5, 0x33, 0xa5,
    0x52, 0x9d, 0x33, 0x9d, 0x52, 0xa5, 0x33, 0x9d, 0x32, 0x9d, 0x32, 0xa5,
    0x32, 0xa5, 0x52, 0x9d, 0x52, 0x9d, 0x53, 0x9d, 0x52, 0x9d, 0x52, 0x9d,
    0x52, 0xa5, 0x32, 0xa5, 0x32, 0x9d, 0x32, 0xa5, 0x32, 0xa5, 0x32, 0x9d,
    0x32, 0xa5, 0x32, 0xa5, 0x32, 0xa5, 0x52, 0xa5, 0x32, 0xa5, 0x32, 0xa5,
    0x32, 0xa5, 0x32, 0xa5, 0x12, 0xa5, 0x31, 0xad, 0x31, 0xad, 0x31, 0xad,
    0x31, 0xad, 0x31, 0xad, 0x31, 0xb5, 0x31, 0xb5, 0x10, 0xbd, 0x0f, 0xc5,
    0xef, 0xc4, 0xee, 0xcc, 0x0e, 0xcd, 0x0f, 0xcd, 0x0f, 0xcd, 0x4f, 0xcd,
    0x4f, 0xcd, 0x50, 0xcd, 0x70, 0xd5, 0x90, 0xd5, 0xb0, 0xdd, 0xb0, 0xe5,
    0xaf, 0xe5, 0xaf, 0xe5, 0xcf, 0xe5, 0xb0, 0xdd, 0xb0, 0xd5, 0xb0, 0xd5,
    0x90, 0xd5, 0xb1, 0xcd, 0x91, 0xc5, 0x71, 0xbd, 0x51, 0xb5, 0x51, 0xb5,
    0x51, 0xb5, 0x51, 0xb5, 0x51, 0xb5, 0x51, 0xb5, 0x51, 0xb5, 0x51, 0xb5,
    0x51, 0xb5, 0x51, 0xb5, 0x51, 0xb5, 0x51, 0xbd, 0x30, 0xbd, 0x30, 0xbd,
    0x30, 0xbd, 0x30, 0xbd, 0x10, 0xbd, 0x10, 0xbd, 0x10, 0xbd, 0x0f, 0xbd,
    0x10, 0xbd, 0x10, 0xbd, 0x30, 0xb5, 0x31, 0xb5, 0x31, 0xb5, 0x31, 0xb5,
    0x51, 0xb5, 0x52, 0xad, 0x52, 0xad, 0x52, 0xad, 0x52, 0xad, 0x73, 0xad,
    0x73, 0xad, 0x72, 0xad, 0x72, 0xad, 0x73, 0xa5, 0x73, 0xad, 0x72, 0xa5,
    0x73, 0xa5, 0x73, 0xa5, 0x93, 0xa5, 0x73, 0xa5, 0x73, 0xa5, 0x73, 0xa5,
    0x73, 0xa5, 0x73, 0xa5, 0x73, 0xa5, 0x73, 0xa5, 0x72, 0xa5, 0x72, 0xa5,
    0x73, 0xa5, 0x72, 0xa5, 0x72, 0xa5, 0x52, 0xa5, 0x52, 0xa5, 0x52, 0xa5,
    0x52, 0xa5, 0x52, 0xa5, 0x52, 0xa5, 0x52, 0xa5, 0x52, 0xa5, 0x52, 0xa5,
    0x52, 0xa5, 0x72, 0xa5, 0x52, 0xa5, 0x52, 0xa5, 0x52, 0x9d, 0x73, 0xa5,
    0x73, 0xa5, 0x72, 0xa5, 0x53, 0xa5, 0x53, 0x9d, 0x52, 0xa5, 0x53, 0xa5,
    0x73, 0x9d, 0x52, 0xa5, 0x52, 0xa5, 0x53, 0x9d, 0x52, 0xa5, 0x53, 0xa5,
    0x52, 0xa5, 0x72, 0xa5, 0x53, 0x9d, 0x52, 0xa5, 0x72, 0xa5, 0x53, 0x9d,
    0x53, 0xa5, 0x52, 0xa5, 0x73, 0xa5, 0x52, 0xa5, 0x52, 0xa5, 0x53, 0xa5,
    0x52, 0x9d, 0x52, 0xa5, 0x53, 0xa5, 0x52, 0x9d, 0x52, 0xa5, 0x53, 0x9d,
    0x53, 0x9d, 0x53, 0x9d, 0x52, 0xa5, 0x52, 0x9d, 0x52, 0x9d, 0x52, 0x9d,
    0x52, 0x9d, 0x53, 0x95, 0x53, 0x95, 0x74, 0x8d, 0x74, 0x85, 0x95, 0x8d,
    0xb5, 0x8d, 0x95, 0x8d, 0x74, 0x9d, 0x73, 0x9d, 0x31, 0xad, 0x11, 0xad,
    0x11, 0xad, 0x32, 0xad, 0x32, 0xad, 0x32, 0xad, 0x32, 0xa5, 0x32, 0xa5,
    0x53, 0x9d, 0x32, 0xa5, 0x12, 0xa5, 0x11, 0x9d, 0x12, 0xa5, 0x73, 0xa5,
    0xb5, 0xa5, 0xb5, 0x9d, 0x74, 0x8d, 0x11, 0x64, 0x6f, 0x5b, 0x2e, 0x53,
    0xed, 0x4a, 0xac, 0x4a, 0xac, 0x52, 0xab, 0x52, 0xab, 0x52, 0x6b, 0x4a,
    0x6b, 0x42, 0x4b, 0x42, 0x2b, 0x3a, 0x0b, 0x32, 0xcb, 0x29, 0xcb, 0x29,
    0xca, 0x29, 0xaa, 0x21, 0xab, 0x29, 0xcb, 0x29, 0xaa, 0x21, 0xab, 0x29,
    0xab, 0x29, 0xaa, 0x21, 0xed, 0xbb, 0xed, 0xb3, 0xed, 0xbb, 0xed, 0xbb,
    0xed, 0xbb, 0x0d, 0xbc, 0xed, 0xbb, 0x0d, 0xbc, 0x0d, 0xbc, 0x0d, 0xbc,
    0x0d, 0xbc, 0x0d, 0xbc, 0x0d, 0xc4, 0x0d, 0xbc, 0x0d, 0xbc, 0x0d, 0xc4,
    0x2d, 0xc4, 0x2d, 0xc4, 0x2d, 0xbc, 0x2d, 0xc4, 0x2d, 0xc4, 0x2e, 0xbc,
    0x2d, 0xc4, 0x2d, 0xbc, 0x6a, 0x52, 0xa9, 0x29, 0xa9, 0x29, 0xa9, 0x29,
    0xa9, 0x21, 0x89, 0x21, 0xa8, 0x21, 0xa9, 0x29, 0x89, 0x21, 0x89, 0x21,
    0xa9, 0x29, 0xa9, 0x21, 0xa9, 0x21, 0xa9, 0x29, 0xa9, 0x29, 0xa9, 0x21,
    0xa9, 0x29, 0xa9, 0x29, 0xa9, 0x21, 0xa9, 0x21, 0xa9, 0x29, 0xc9, 0x29,
    0xa9, 0x29, 0xa9, 0x29, 0xc9, 0x29, 0xa9, 0x29, 0xa9, 0x29, 0xc9, 0x29,
    0xc9, 0x29, 0xc9, 0x31, 0xe9, 0x39, 0xc9, 0x31, 0xa9, 0x21, 0xa9, 0x21,
    0xaa, 0x29, 0xa9, 0x21, 0xa9, 0x21, 0xa9, 0x21, 0xa9, 0x29, 0xc9, 0x29,
    0xc9, 0x29, 0xc9, 0x31, 0xc9, 0x31, 0xea, 0x39, 0x09, 0x42, 0x09, 0x4a,
    0x09, 0x4a, 0x29, 0x52, 0xcb, 0x6a, 0x8f, 0xc4, 0x8e, 0xc4, 0x8e, 0xc4,
    0xaf, 0xc4, 0xaf, 0xc4, 0x8f, 0xc4, 0xaf, 0xc4, 0xaf, 0xc4, 0xaf, 0xc4,
    0xaf, 0xc4, 0xaf, 0xbc, 0xaf, 0xbc, 0xcf, 0xbc, 0xcf, 0xbc, 0xcf, 0xbc,
    0xd0, 0xbc, 0xd0, 0xb4, 0xd0, 0xb4, 0xd0, 0xbc, 0xf0, 0xb4, 0xf0, 0xb4,
    0x11, 0xad, 0x11, 0xad, 0x11, 0xa5, 0x12, 0xa5, 0x11, 0xa5, 0x32, 0xa5,
    0x32, 0xa5, 0x32, 0xa5, 0x32, 0xa5, 0x32, 0x9d, 0x32, 0xa5, 0x32, 0x9d,
    0x33, 0x9d, 0x32, 0xa5, 0x32, 0xa5, 0x32, 0x9d, 0x33, 0x9d, 0x52, 0x9d,
    0x52, 0x9d, 0x53, 0x9d, 0x52, 0x9d, 0x32, 0x9d, 0x33, 0x9d, 0x32, 0x9d,
    0x52, 0x9d, 0x32, 0xa5, 0x52, 0x9d, 0x52, 0xa5, 0x53, 0x9d, 0x52, 0xa5,
    0x32, 0x9d, 0x32, 0xa5, 0x32, 0x9d, 0x32, 0xa5, 0x32, 0x9d, 0x32, 0xa5,
    0x32, 0xa5, 0x32, 0xa5, 0x31, 0xa5, 0x32, 0xa5, 0x12, 0xad, 0x31, 0xad,
    0x31, 0xad, 0x11, 0xad, 0x31, 0xad, 0x31, 0xad, 0x31, 0xb5, 0x11, 0xb5,
    0x10, 0xb5, 0x10, 0xbd, 0x0f, 0xc5, 0x0e, 0xcd, 0x0e, 0xdd, 0xed, 0xdc,
    0x0d, 0xd5, 0x0e, 0xdd, 0x0e, 0xdd, 0x2e, 0xdd, 0x6e, 0xdd, 0x8f, 0xe5,
    0xaf, 0xe5, 0xcf, 0xe5, 0xcf, 0xe5, 0xb0, 0xed, 0xcf, 0xe5, 0xb0, 0xd5,
    0x91, 0xc5, 0x91, 0xc5, 0x91, 0xbd, 0x91, 0xbd, 0x92, 0xbd, 0x71, 0xb5,
    0x51, 0xb5, 0x51, 0xb5, 0x51, 0xb5, 0x51, 0xb5, 0x51, 0xb5, 0x51, 0xb5,
    0x51, 0xb5, 0x51, 0xbd, 0x51, 0xbd, 0x30, 0xbd, 0x10, 0xbd, 0x10, 0xbd,
    0x0f, 0xc5, 0x10, 0xbd, 0x10, 0xbd, 0x0f, 0xc5, 0x10, 0xbd, 0x0f, 0xc5,
    0x0f, 0xc5, 0x10, 0xbd, 0x0f, 0xc5, 0x0f, 0xbd, 0x0f, 0xbd, 0x10, 0xc5,
    0x10, 0xc5, 0x10, 0xbd, 0x10, 0xbd, 0x30, 0xbd, 0x31, 0xb5, 0x72, 0xad,
    0x73, 0xa5, 0x73, 0xa5, 0x73, 0xa5, 0x73, 0xa5, 0x73, 0xa5, 0x93, 0xa5,
    0x93, 0xa5, 0x73, 0xa5, 0x93, 0xa5, 0x93, 0xa5, 0x93, 0xa5, 0x73, 0xa5,
    0x73, 0xa5, 0x93, 0xa5, 0x73, 0xa5, 0x73, 0xa5, 0x73, 0xa5, 0x73, 0xa5,
    0x73, 0x9d, 0x73, 0xa5, 0x73, 0xa5, 0x73, 0xa5, 0x73, 0xa5, 0x73, 0x9d,
    0x73, 0xa5, 0x73, 0xa5, 0x52, 0x9d, 0x73, 0x9d, 0x73, 0x9d, 0x53, 0x9d,
    0x72, 0x9d, 0x52, 0xa5, 0x52, 0x9d, 0x73, 0xa5, 0x73, 0xa5, 0x73, 0x9d,
    0x73, 0xa5, 0x52, 0xa5, 0x52, 0xa5, 0x73, 0x9d, 0x72, 0xa5, 0x52, 0xa5,
    0x72, 0xa5, 0x72, 0xa5, 0x53, 0xa5, 0x72, 0xa5, 0x72, 0xa5, 0x73, 0xa5,
    0x72, 0x9d, 0x72, 0xa5, 0x73, 0x9d, 0x73, 0x9d, 0x73, 0x9d, 0x73, 0x9d,
    0x52, 0xa5, 0x52, 0xa5, 0x53, 0xa5, 0x72, 0xa5, 0x52, 0xa5, 0x52, 0xa5,
    0x73, 0x9d, 0x72, 0xa5, 0x52, 0xa5, 0x53, 0x9d, 0x52, 0x9d, 0x53, 0xa5,
    0x53, 0xa5, 0x73, 0x9d, 0x73, 0x9d, 0x74, 0x9d, 0x74, 0x95, 0x74, 0x95,
    0x74, 0x95, 0x94, 0x95, 0x95, 0x8d, 0x95, 0x85, 0xb5, 0x85, 0xb5, 0x85,
    0xb6, 0x8d, 0xb6, 0x8d, 0xf6, 0x95, 0x15, 0xa6, 0x16, 0xae, 0x15, 0xae,
    0x94, 0xa5, 0x73, 0xad, 0x93, 0xad, 0xb4, 0xa5, 0xd4, 0xa5, 0xb5, 0xa5,
    0xb5, 0x9d, 0x94, 0x8d, 0x95, 0x8d, 0x54, 0x95, 0x73, 0x9d, 0x74, 0xa5,
    0x74, 0xa5, 0x73, 0x9d, 0x94, 0x9d, 0x33, 0x95, 0x10, 0x74, 0x0d, 0x53,
    0xed, 0x4a, 0xcc, 0x4a, 0xac, 0x4a, 0xac, 0x52, 0xab, 0x52, 0x8b, 0x52,
    0x8b, 0x4a, 0x6b, 0x4a, 0x6b, 0x42, 0x4b, 0x42, 0x2b, 0x3a, 0xeb, 0x31,
    0xcb, 0x29, 0xcb, 0x29, 0xcb, 0x29, 0xaa, 0x21, 0xca, 0x29, 0xcb, 0x29,
    0xaa, 0x21, 0xaa, 0x21, 0xaa, 0x29, 0xab, 0x29, 0xed, 0xb3, 0xed, 0xbb,
    0xed, 0xb3, 0xed, 0xbb, 0xed, 0xb3, 0xed, 0xbb, 0xed, 0xbb, 0xed, 0xbb,
    0x0d, 0xbc, 0x0d, 0xbc, 0x0e, 0xbc, 0x0d, 0xbc, 0x0d, 0xbc, 0x0e, 0xc4,
    0x0d, 0xc4, 0x0d, 0xbc, 0x0d, 0xbc, 0x0d, 0xc4, 0x0e, 0xbc, 0x2d, 0xc4,
    0x2e, 0xc4, 0x2d, 0xbc, 0x2e, 0xc4, 0x2d, 0xbc, 0x2a, 0x4a, 0xa9, 0x29,
    0xa9, 0x21, 0xa9, 0x29, 0xa8, 0x21, 0x89, 0x21, 0xa9, 0x21, 0xa8, 0x21,
    0xa9, 0x29, 0xa9, 0x21, 0x88, 0x21, 0xa9, 0x29, 0xa9, 0x21, 0xa9, 0x29,
    0xa9, 0x29, 0xa9, 0x21, 0xa9, 0x29, 0xa9, 0x29, 0xa9, 0x21, 0xa9, 0x21,
    0xa9, 0x29, 0xc9, 0x29, 0xc9, 0x29, 0xa9, 0x29, 0xc9, 0x29, 0xc9, 0x29,
    0xa9, 0x29, 0xc9, 0x29, 0xc9, 0x29, 0xc9, 0x31, 0xe9, 0x39, 0xea, 0x39,
    0xc9, 0x29, 0xa9, 0x21, 0xa9, 0x29, 0xa9, 0x29, 0xc9, 0x29, 0xaa, 0x21,
    0xa9, 0x29, 0xa9, 0x29, 0xc9, 0x29, 0xc9, 0x31, 0xc9, 0x31, 0xc9, 0x31,
    0xe9, 0x39, 0x09, 0x4a, 0x09, 0x4a, 0x29, 0x4a, 0x4a, 0x52, 0x6e, 0xbc,
    0x8f, 0xc4, 0x8f, 0xc4, 0xae, 0xc4, 0xaf, 0xc4, 0xaf, 0xc4, 0xae, 0xc4,
    0xae, 0xbc, 0xaf, 0xbc, 0xaf, 0xc4, 0xaf, 0xbc, 0xcf, 0xbc, 0xcf, 0xbc,
    0xcf, 0xbc, 0xd0, 0xbc, 0xd0, 0xbc, 0xd0, 0xb4, 0xf0, 0xb4, 0xf0, 0xb4,
    0xf0, 0xb4, 0xf1, 0xac, 0x11, 0xad, 0x11, 0xad, 0x12, 0xa5, 0x32, 0xa5,
    0x32, 0xa5, 0x32, 0xa5, 0x32, 0xa5, 0x32, 0x9d, 0x32, 0xa5, 0x53, 0x9d,
    0x52, 0xa5, 0x32, 0xa5, 0x52, 0x9d, 0x52, 0xa5, 0x32, 0x9d, 0x32, 0xa5,
    0x32, 0xa5, 0x52, 0x9d, 0x52, 0x9d, 0x33, 0xa5, 0x52, 0x9d, 0x32, 0x9d,
    0x52, 0xa5, 0x32, 0x9d, 0x33, 0x9d, 0x53, 0xa5, 0x32, 0xa5, 0x32, 0x9d,
    0x53, 0x9d, 0x32, 0xa5, 0x52, 0x9d, 0x52, 0xa5, 0x32, 0xa5, 0x32, 0x9d,
    0x32, 0xa5, 0x32, 0xa5, 0x32, 0xa5, 0x31, 0xa5, 0x32, 0xa5, 0x31, 0xa5,
    0x31, 0xa5, 0x32, 0xa5, 0x31, 0xa5, 0x31, 0xad, 0x31, 0xad, 0x31, 0xad,
    0x11, 0xad, 0x31, 0xb5, 0x30, 0xb5, 0x10, 0xbd, 0xee, 0xcc, 0xed, 0xdc,
    0xed, 0xdc, 0xed, 0xdc, 0xed, 0xdc, 0xed, 0xdc, 0x2e, 0xdd, 0x4e, 0xdd,
    0x6f, 0xe5, 0x8f, 0xe5, 0xaf, 0xe5, 0xb0, 0xed, 0xaf, 0xe5, 0xd0, 0xe5,
    0xaf, 0xe5, 0x91, 0xd5, 0xb1, 0xc5, 0xb1, 0xc5, 0x91, 0xc5, 0x71, 0xc5,
    0x91, 0xc5, 0x71, 0xbd, 0x51, 0xb5, 0x51, 0xb5, 0x51, 0xb5, 0x51, 0xbd,
    0x51, 0xbd, 0x31, 0xbd, 0x30, 0xbd, 0x10, 0xbd, 0x0f, 0xc5, 0x0f, 0xc5,
    0x0f, 0xc5, 0x0f, 0xc5, 0x0f, 0xc5, 0x0f, 0xbd, 0x0f, 0xc5, 0x0f, 0xc5,
    0x10, 0xbd, 0x0f, 0xc5, 0x0f, 0xc5, 0x10, 0xc5, 0x0f, 0xc5, 0x10, 0xc5,
    0x0f, 0xc5, 0xef, 0xbc, 0x0f, 0xc5, 0x0f, 0xbd, 0x10, 0xbd, 0x10, 0xbd,
    0x51, 0xb5, 0x73, 0xad, 0x73, 0xa5, 0x73, 0xa5, 0x93, 0xa5, 0x73, 0x9d,
    0x94, 0xa5, 0x93, 0x9d, 0x93, 0x9d, 0x94, 0xa5, 0x93, 0xa5, 0x94, 0x9d,
    0x94, 0x9d, 0x94, 0x9d, 0x94, 0x9d, 0x94, 0x9d, 0x94, 0x9d, 0x93, 0x9d,
    0x94, 0x9d, 0x94, 0x9d, 0x94, 0x9d, 0x74, 0x9d, 0x94, 0x9d, 0x94, 0x9d,
    0x74, 0x9d, 0x73, 0x9d, 0x74, 0x9d, 0x94, 0x9d, 0x74, 0x95, 0x73, 0x95,
    0x73, 0x95, 0x73, 0x95, 0x73, 0x9d, 0x73, 0x9d, 0x52, 0xa5, 0x73, 0x9d,
    0x52, 0xa5, 0x52, 0xa5, 0x73, 0xa5, 0x53, 0xa5, 0x52, 0x9d, 0x73, 0xa5,
    0x53, 0xa5, 0x72, 0x9d, 0x72, 0xa5, 0x52, 0x9d, 0x52, 0xa5, 0x72, 0x9d,
    0x52, 0xa5, 0x52, 0xa5, 0x73, 0xa5, 0x73, 0xa5, 0x73, 0x9d, 0x73, 0x9d,
    0x73, 0x9d, 0x73, 0x9d, 0x72, 0xa5, 0x72, 0xa5, 0x52, 0xa5, 0x53, 0xa5,
    0x52, 0xa5, 0x73, 0xa5, 0x72, 0xa5, 0x52, 0xa5, 0x72, 0xa5, 0x53, 0xa5,
    0x52, 0xa5, 0x72, 0xa5, 0x73, 0xa5, 0x73, 0x9d, 0x94, 0x9d, 0x94, 0x95,
    0x94, 0x95, 0x94, 0x95, 0x95, 0x8d, 0x95, 0x8d, 0xb5, 0x85, 0xb5, 0x85,
    0xb5, 0x85, 0xb5, 0x85, 0xb6, 0x85, 0xb5, 0x85, 0xb5, 0x85, 0xf6, 0x9d,
    0x36, 0xae, 0x36, 0xae, 0x56, 0xb6, 0x36, 0xae, 0x16, 0xa6, 0x16, 0xa6,
    0x16, 0xa6, 0xf6, 0xa5, 0x95, 0x95, 0x31, 0x6c, 0x31, 0x74, 0x51, 0x74,
    0x70, 0x7c, 0x71, 0x84, 0x71, 0x84, 0x50, 0x84, 0x50, 0x7c, 0x2e, 0x5b,
    0xed, 0x52, 0xcc, 0x52, 0xac, 0x52, 0x8b, 0x4a, 0x8b, 0x4a, 0x8b, 0x4a,
    0x8b, 0x52, 0x8b, 0x4a, 0x8b, 0x4a, 0x6b, 0x42, 0x4b, 0x42, 0x2b, 0x3a,
    0x0b, 0x3a, 0xeb, 0x31, 0xca, 0x29, 0xca, 0x29, 0xcb, 0x29, 0xcb, 0x29,
    0xcb, 0x29, 0xcb, 0x29, 0xca, 0x29, 0xcb, 0x29, 0xcb, 0x29, 0xca, 0x29,
    0xcd, 0xbb, 0xec, 0xbb, 0xed, 0xb3, 0xed, 0xbb, 0xed, 0xbb, 0xed, 0xbb,
    0xed, 0xbb, 0x0d, 0xbc, 0xed, 0xbb, 0x0d, 0xbc, 0x0d, 0xbc, 0x0e, 0xbc,
    0x0d, 0xbc, 0x0d, 0xbc, 0x0d, 0xbc, 0x0d, 0xbc, 0x0d, 0xbc, 0x2e, 0xc4,
    0x0d, 0xbc, 0x2d, 0xc4, 0x2e, 0xbc, 0x2e, 0xc4, 0x2d, 0xc4, 0x2d, 0xbc,
    0xe9, 0x39, 0xa9, 0x21, 0xa9, 0x29, 0xa9, 0x29, 0xa8, 0x21, 0x89, 0x21,
    0xa9, 0x29, 0xa9, 0x21, 0xa9, 0x21, 0xa9, 0x21, 0xa9, 0x21, 0xa9, 0x29,
    0xa9, 0x29, 0xa9, 0x21, 0xa9, 0x29, 0xa9, 0x29, 0xa9, 0x21, 0xa9, 0x29,
    0xa9, 0x29, 0xa9, 0x29, 0xa9, 0x29, 0xa9, 0x29, 0xc9, 0x29, 0xa9, 0x29,
    0xaa, 0x21, 0xc9, 0x29, 0xa9, 0x29, 0xca, 0x29, 0xc9, 0x31, 0xc9, 0x39,
    0xe9, 0x39, 0xe9, 0x39, 0xc9, 0x31, 0xa9, 0x21, 0xa9, 0x29, 0xa9, 0x29,
    0xa9, 0x21, 0xc9, 0x29, 0xa9, 0x29, 0xaa, 0x29, 0xc9, 0x29, 0xc9, 0x31,
    0xc9, 0x31, 0xc9, 0x31, 0xe9, 0x39, 0xe9, 0x41, 0x09, 0x4a, 0x2a, 0x4a,
    0x2a, 0x52, 0xcd, 0x93, 0xcf, 0xbc, 0xcf, 0xbc, 0xcf, 0xbc, 0xaf, 0xbc,
    0xaf, 0xbc, 0xaf, 0xbc, 0xcf, 0xbc, 0xaf, 0xbc, 0xcf, 0xbc, 0xcf, 0xbc,
    0xd0, 0xbc, 0xd0, 0xbc, 0xd0, 0xb4, 0xf0, 0xb4, 0xf0, 0xb4, 0xf0, 0xac,
    0x11, 0xad, 0x11, 0xad, 0x11, 0xad, 0x31, 0xa5, 0x11, 0xad, 0x12, 0xa5,
    0x32, 0xa5, 0x31, 0xa5, 0x32, 0xa5, 0x32, 0xa5, 0x32, 0xa5, 0x32, 0x9d,
    0x32, 0x9d, 0x32, 0xa5, 0x33, 0x9d, 0x32, 0xa5, 0x32, 0x9d, 0x33, 0x9d,
    0x53, 0xa5, 0x52, 0x9d, 0x52, 0x9d, 0x33, 0x9d, 0x32, 0xa5, 0x32, 0x9d,
    0x53, 0x9d, 0x53, 0xa5, 0x52, 0x9d, 0x53, 0x9d, 0x52, 0x9d, 0x53, 0x9d,
    0x33, 0x9d, 0x33, 0x9d, 0x32, 0x9d, 0x52, 0x9d, 0x33, 0x9d, 0x52, 0x9d,
    0x52, 0x9d, 0x53, 0x9d, 0x52, 0x9d, 0x32, 0xa5, 0x32, 0xa5, 0x32, 0xa5,
    0x11, 0xad, 0x11, 0xad, 0x31, 0xad, 0x31, 0xad, 0x11, 0xad, 0x32, 0xad,
    0x31, 0xad, 0x31, 0xad, 0x31, 0xad, 0x31, 0xb5, 0x10, 0xbd, 0x0f, 0xcd,
    0x0e, 0xd5, 0x0e, 0xdd, 0x2e, 0xe5, 0x4e, 0xe5, 0x4e, 0xe5, 0x8e, 0xed,
    0xaf, 0xed, 0xaf, 0xed, 0xaf, 0xed, 0xaf, 0xed, 0xaf, 0xe5, 0xaf, 0xed,
    0xaf, 0xed, 0xaf, 0xe5, 0xaf, 0xed, 0xaf, 0xe5, 0xaf, 0xe5, 0xaf, 0xe5,
    0xaf, 0xe5, 0x8f, 0xdd, 0x8f, 0xdd, 0x70, 0xd5, 0x50, 0xc5, 0x50, 0xc5,
    0x50, 0xc5, 0x50, 0xcd, 0x30, 0xcd, 0x4f, 0xcd, 0x2f, 0xc5, 0x2f, 0xc5,
    0x30, 0xc5, 0x0f, 0xc5, 0x0f, 0xc5, 0x0f, 0xc5, 0xf0, 0xc4, 0x0f, 0xc5,
    0xef, 0xc4, 0x10, 0xc5, 0x0f, 0xc5, 0x10, 0xbd, 0x0f, 0xbd, 0x0f, 0xc5,
    0x0f, 0xc5, 0x0f, 0xbd, 0xef, 0xc4, 0x0f, 0xc5, 0xef, 0xbc, 0x0f, 0xc5,
    0x0f, 0xc5, 0xef, 0xc4, 0x0f, 0xbd, 0x10, 0xbd, 0x31, 0xb5, 0x51, 0xad,
    0x72, 0xad, 0x73, 0xa5, 0x73, 0xa5, 0x73, 0xa5, 0x73, 0xa5, 0x73, 0xa5,
    0x73, 0xa5, 0x73, 0xa5, 0x73, 0xa5, 0x73, 0xa5, 0x93, 0xa5, 0x74, 0x9d,
    0x93, 0x9d, 0x93, 0x9d, 0x73, 0x9d, 0x73, 0x9d, 0x93, 0x9d, 0x93, 0x9d,
    0x93, 0x9d, 0x94, 0x9d, 0x93, 0x9d, 0x73, 0x9d, 0x73, 0x9d, 0x73, 0x9d,
    0x73, 0x9d, 0x73, 0x9d, 0x73, 0x9d, 0x73, 0x9d, 0x53, 0x9d, 0x73, 0xa5,
    0x73, 0xa5, 0x52, 0xa5, 0x72, 0xa5, 0x53, 0x9d, 0x72, 0xa5, 0x72, 0xa5,
    0x72, 0xa5, 0x52, 0xa5, 0x53, 0xa5, 0x73, 0xa5, 0x52, 0xa5, 0x53, 0xa5,
    0x72, 0xa5, 0x72, 0xa5, 0x53, 0xa5, 0x52, 0xa5, 0x73, 0x9d, 0x73, 0x9d,
    0x73, 0xa5, 0x73, 0x9d, 0x73, 0x9d, 0x73, 0xa5, 0x73, 0xa5, 0x73, 0xa5,
    0x72, 0xa5, 0x73, 0xa5, 0x73, 0xa5, 0x53, 0xa5, 0x73, 0xa5, 0x72, 0xa5,
    0x73, 0xa5, 0x93, 0xad, 0x93, 0xad, 0x73, 0xad, 0x73, 0xad, 0x73, 0xa5,
    0x73, 0xa5, 0x73, 0xa5, 0x73, 0xa5, 0x73, 0xa5, 0x74, 0x95, 0x95, 0x85,
    0x95, 0x85, 0x95, 0x85, 0x95, 0x85, 0x95, 0x85, 0xb5, 0x85, 0xb6, 0x85,
    0xb5, 0x8d, 0xb5, 0x8d, 0x16, 0x9e, 0x37, 0xae, 0x36, 0xae, 0x16, 0x9e,
    0xf6, 0x95, 0xd6, 0x95, 0x95, 0x9d, 0xf2, 0x8c, 0xcf, 0x6b, 0x2d, 0x63,
    0x0d, 0x5b, 0x0d, 0x5b, 0x0d, 0x5b, 0x0d, 0x5b, 0xed, 0x5a, 0xed, 0x52,
    0xec, 0x52, 0xcc, 0x52, 0xac, 0x52, 0xac, 0x52, 0x8b, 0x4a, 0x8b, 0x4a,
    0x8b, 0x52, 0x8b, 0x4a, 0x8b, 0x4a, 0x6b, 0x4a, 0x6b, 0x42, 0x4b, 0x42,
    0x2b, 0x3a, 0x2b, 0x3a, 0x0a, 0x32, 0xeb, 0x29, 0xcb, 0x29, 0xca, 0x29,
    0xcb, 0x29, 0xcb, 0x29, 0xca, 0x29, 0xcb, 0x29, 0xca, 0x29, 0xcb, 0x29,
    0xca, 0x29, 0xca, 0x29, 0xec, 0xbb, 0xcd, 0xb3, 0xed, 0xbb, 0xed, 0xbb,
    0xed, 0xbb, 0xed, 0xb3, 0xed, 0xbb, 0x0d, 0xbc, 0xed, 0xbb, 0x0d, 0xbc,
    0x0d, 0xbc, 0x0d, 0xbc, 0x0d, 0xc4, 0x0d, 0xbc, 0x0d, 0xbc, 0x0d, 0xc4,
    0x0d, 0xc4, 0x2d, 0xbc, 0x2d, 0xc4, 0x2d, 0xc4, 0x2d, 0xbc, 0x2d, 0xc4,
    0x2e, 0xc4, 0xed, 0xab, 0xc9, 0x29, 0x89, 0x21, 0xa9, 0x29, 0xa9, 0x21,
    0x89, 0x21, 0x89, 0x21, 0xa8, 0x21, 0xa9, 0x29, 0x89, 0x21, 0x89, 0x21,
    0xa9, 0x29, 0xa9, 0x29, 0xa9, 0x21, 0xa9, 0x29, 0xa9, 0x21, 0xa9, 0x29,
    0xa9, 0x21, 0xa9, 0x29, 0xa9, 0x21, 0xa9, 0x21, 0xa9, 0x29, 0xc9, 0x29,
    0xc9, 0x29, 0xa9, 0x29, 0xc9, 0x29, 0xa9, 0x29, 0xc9, 0x29, 0xca, 0x29,
    0xc9, 0x31, 0xc9, 0x39, 0xe9, 0x31, 0xea, 0x39, 0xca, 0x31, 0xa9, 0x29,
    0xa9, 0x21, 0xa9, 0x29, 0xa9, 0x21, 0xa9, 0x29, 0xa9, 0x29, 0xa9, 0x29,
    0xc9, 0x29, 0xc9, 0x31, 0xca, 0x31, 0xca, 0x31, 0xe9, 0x31, 0xe9, 0x39,
    0x09, 0x4a, 0x2a, 0x4a, 0x29, 0x4a, 0x8a, 0x5a, 0xd0, 0xb4, 0xd0, 0xbc,
    0xcf, 0xbc, 0xd0, 0xbc, 0xcf, 0xbc, 0xd0, 0xbc, 0xd0, 0xbc, 0xcf, 0xbc,
    0xcf, 0xbc, 0xd0, 0xbc, 0xd0, 0xb4, 0x10, 0xad, 0x11, 0xad, 0x11, 0xad,
    0x11, 0xad, 0x11, 0xad, 0x11, 0xad, 0x11, 0xad, 0x11, 0xad, 0x11, 0xad,
    0x31, 0xa5, 0x32, 0xa5, 0x11, 0xa5, 0x32, 0xa5, 0x32, 0xa5, 0x32, 0xa5,
    0x32, 0xa5, 0x32, 0xa5, 0x32, 0xa5, 0x32, 0xa5, 0x32, 0x9d, 0x52, 0xa5,
    0x32, 0xa5, 0x32, 0x9d, 0x32, 0xa5, 0x53, 0xa5, 0x32, 0x9d, 0x52, 0xa5,
    0x52, 0x9d, 0x32, 0x9d, 0x32, 0x9d, 0x53, 0x9d, 0x52, 0xa5, 0x52, 0x9d,
    0x52, 0x9d, 0x52, 0xa5, 0x32, 0x9d, 0x52, 0xa5, 0x52, 0x9d, 0x32, 0x9d,
    0x33, 0xa5, 0x32, 0x9d, 0x32, 0x9d, 0x32, 0x9d, 0x52, 0x9d, 0x32, 0x9d,
    0x32, 0xa5, 0x32, 0xa5, 0x11, 0xad, 0x11, 0xb5, 0x11, 0xb5, 0x31, 0xad,
    0x31, 0xad, 0x31, 0xad, 0x31, 0xad, 0x31, 0xad, 0x31, 0xad, 0x31, 0xad,
    0x31, 0xad, 0x31, 0xb5, 0x51, 0xb5, 0x31, 0xb5, 0x51, 0xb5, 0x50, 0xbd,
    0x50, 0xc5, 0x50, 0xcd, 0x4f, 0xd5, 0x4f, 0xd5, 0x6f, 0xd5, 0x8f, 0xdd,
    0x8f, 0xe5, 0xaf, 0xe5, 0xaf, 0xe5, 0xaf, 0xe5, 0xaf, 0xe5, 0xaf, 0xe5,
    0xb0, 0xe5, 0xaf, 0xe5, 0xaf, 0xe5, 0x8f, 0xed, 0x8e, 0xed, 0x6f, 0xdd,
    0x4f, 0xd5, 0x4f, 0xd5, 0x4f, 0xd5, 0x4f, 0xcd, 0x4f, 0xcd, 0x70, 0xd5,
    0x70, 0xd5, 0x70, 0xd5, 0x70, 0xd5, 0x70, 0xcd, 0x70, 0xcd, 0x70, 0xd5,
    0x50, 0xcd, 0x0f, 0xcd, 0x0f, 0xc5, 0xef, 0xcc, 0xee, 0xcc, 0xee, 0xcc,
    0xee, 0xcc, 0xee, 0xcc, 0xee, 0xcc, 0xee, 0xd4, 0xee, 0xcc, 0xee, 0xd4,
    0xee, 0xd4, 0xce, 0xd4, 0xcd, 0xd4, 0xee, 0xd4, 0xcd, 0xd4, 0xcd, 0xd4,
    0xee, 0xcc, 0xee, 0xcc, 0xef, 0xcc, 0x0f, 0xc5, 0x0f, 0xc5, 0x30, 0xbd,
    0x31, 0xbd, 0x51, 0xb5, 0x52, 0xb5, 0x52, 0xad, 0x52, 0xad, 0x73, 0xad,
    0x73, 0xad, 0x73, 0xa5, 0x73, 0xa5, 0x73, 0xa5, 0x94, 0xa5, 0x94, 0x9d,
    0x94, 0x9d, 0x94, 0x9d, 0x94, 0x9d, 0x94, 0x9d, 0x94, 0x9d, 0x73, 0x9d,
    0x73, 0xa5, 0x73, 0xa5, 0x73, 0xa5, 0x73, 0xa5, 0x53, 0xa5, 0x53, 0xa5,
    0x52, 0xa5, 0x52, 0xad, 0x53, 0xa5, 0x73, 0xa5, 0x73, 0xa5, 0x73, 0xa5,
    0x73, 0x9d, 0x53, 0xa5, 0x51, 0xad, 0x52, 0xad, 0x31, 0xad, 0x31, 0xad,
    0x31, 0xad, 0x52, 0xad, 0x52, 0xad, 0x52, 0xad, 0x52, 0xa5, 0x72, 0xa5,
    0x93, 0xad, 0x93, 0xa5, 0xb3, 0xad, 0x93, 0xa5, 0x93, 0xa5, 0x73, 0xa5,
    0x73, 0xa5, 0x73, 0xa5, 0x73, 0xa5, 0x72, 0xa5, 0x72, 0xa5, 0x73, 0xa5,
    0x93, 0xad, 0xb3, 0xad, 0x93, 0xad, 0xb3, 0xad, 0xb3, 0xad, 0xb3, 0xb5,
    0x93, 0xad, 0x72, 0xb5, 0x72, 0xb5, 0x92, 0xb5, 0x93, 0xb5, 0x32, 0xad,
    0x52, 0xa5, 0x95, 0x85, 0x95, 0x7d, 0x96, 0x7d, 0x95, 0x85, 0xb5, 0x85,
    0xb6, 0x85, 0xd6, 0x8d, 0xf6, 0x95, 0x36, 0xa6, 0x16, 0x9e, 0xf6, 0x9d,
    0xf6, 0x95, 0x96, 0x8d, 0xf3, 0x7c, 0xd0, 0x6b, 0x4e, 0x63, 0x2e, 0x5b,
    0x2d, 0x5b, 0x0d, 0x5b, 0xed, 0x5a, 0xed, 0x52, 0xcd, 0x52, 0xcc, 0x52,
    0xcc, 0x52, 0xcc, 0x52, 0xac, 0x52, 0xac, 0x52, 0xac, 0x52, 0xab, 0x52,
    0xab, 0x52, 0x8b, 0x4a, 0x8b, 0x4a, 0x6b, 0x4a, 0x6b, 0x42, 0x4b, 0x42,
    0x4b, 0x42, 0x2b, 0x3a, 0x0b, 0x3a, 0x0a, 0x32, 0xeb, 0x29, 0xcb, 0x29,
    0xcb, 0x29, 0xca, 0x29, 0xeb, 0x29, 0xca, 0x29, 0xca, 0x29, 0xcb, 0x29,
    0xeb, 0x29, 0xcb, 0x29, 0xea, 0x29, 0xcb, 0x29, 0xed, 0xb3, 0xed, 0xbb,
    0xed, 0xb3, 0xed, 0xbb, 0xed, 0xbb, 0xed, 0xbb, 0xed, 0xbb, 0x0d, 0xbc,
    0xed, 0xbb, 0x0d, 0xbc, 0x0d, 0xbc, 0xed, 0xbb, 0x0d, 0xc4, 0x0d, 0xbc,
    0x0d, 0xbc, 0x0d, 0xc4, 0x0d, 0xbc, 0x2e, 0xbc, 0x0d, 0xc4, 0x2d, 0xc4,
    0x2e, 0xbc, 0x2d, 0xc4, 0x2d, 0xc4, 0xad, 0xa3, 0xa9, 0x29, 0xa9, 0x21,
    0xa8, 0x29, 0xa9, 0x29, 0x89, 0x21, 0xa8, 0x21, 0xa9, 0x21, 0xa9, 0x21,
    0xa9, 0x29, 0xa9, 0x21, 0xa9, 0x21, 0xa9, 0x29, 0xa9, 0x29, 0xa9, 0x21,
    0xa9, 0x29, 0xa9, 0x29, 0xa9, 0x29, 0xa9, 0x21, 0xa9, 0x21, 0xa9, 0x29,
    0xa9, 0x29, 0xc9, 0x29, 0xa9, 0x29, 0xc9, 0x29, 0xc9, 0x29, 0xa9, 0x29,
    0xa9, 0x29, 0xc9, 0x29, 0xca, 0x31, 0xc9, 0x31, 0xe9, 0x39, 0xea, 0x39,
    0xe9, 0x31, 0xc9, 0x29, 0xa9, 0x21, 0xa9, 0x29, 0xaa, 0x29, 0xa9, 0x21,
    0xa9, 0x21, 0xa9, 0x29, 0xc9, 0x29, 0xc9, 0x29, 0xc9, 0x31, 0xc9, 0x31,
    0xca, 0x31, 0xc9, 0x39, 0xe9, 0x41, 0x2a, 0x4a, 0x2a, 0x4a, 0x2a, 0x4a,
    0xad, 0x8b, 0x4f, 0xa4, 0x2e, 0x9c, 0x0e, 0x94, 0x2e, 0x9c, 0x6f, 0xa4,
    0xcf, 0xbc, 0xcf, 0xbc, 0xd0, 0xbc, 0xcf, 0xbc, 0xf0, 0xb4, 0x11, 0xad,
    0x11, 0xad, 0x11, 0xad, 0x11, 0xad, 0x11, 0xad, 0x11, 0xad, 0x11, 0xad,
    0x11, 0xad, 0x32, 0xad, 0x12, 0xa5, 0x31, 0xad, 0x11, 0xad, 0x32, 0xa5,
    0x32, 0xa5, 0x32, 0xa5, 0x32, 0xa5, 0x32, 0xa5, 0x32, 0xa5, 0x32, 0xa5,
    0x32, 0x9d, 0x32, 0xa5, 0x52, 0xa5, 0x32, 0xa5, 0x32, 0xa5, 0x32, 0xa5,
    0x32, 0xa5, 0x53, 0xa5, 0x52, 0x9d, 0x32, 0xa5, 0x52, 0x9d, 0x53, 0x9d,
    0x32, 0x9d, 0x53, 0xa5, 0x53, 0x9d, 0x33, 0x9d, 0x32, 0x9d, 0x52, 0x9d,
    0x52, 0xa5, 0x32, 0x9d, 0x52, 0x9d, 0x53, 0xa5, 0x32, 0x9d, 0x52, 0xa5,
    0x33, 0x9d, 0x52, 0xa5, 0x52, 0xa5, 0x32, 0xa5, 0x32, 0xa5, 0x31, 0xad,
    0x31, 0xad, 0x31, 0xb5, 0x11, 0xb5, 0x31, 0xb5, 0x31, 0xb5, 0x31, 0xb5,
    0x31, 0xb5, 0x31, 0xb5, 0x31, 0xad, 0x51, 0xb5, 0x31, 0xb5, 0x31, 0xb5,
    0x51, 0xb5, 0x31, 0xb5, 0x51, 0xb5, 0x51, 0xbd, 0x50, 0xbd, 0x50, 0xc5,
    0x70, 0xd5, 0xb0, 0xdd, 0xb0, 0xe5, 0xb0, 0xe5, 0xb0, 0xe5, 0xb0, 0xe5,
    0xb0, 0xe5, 0xb0, 0xe5, 0xb0, 0xe5, 0xaf, 0xe5, 0xb0, 0xe5, 0xb0, 0xe5,
    0xaf, 0xed, 0x8f, 0xe5, 0x6e, 0xe5, 0x4e, 0xed, 0x4e, 0xed, 0x4e, 0xe5,
    0x6e, 0xe5, 0x4e, 0xe5, 0x6e, 0xe5, 0x4e, 0xe5, 0x4e, 0xed, 0x6e, 0xed,
    0xcf, 0xed, 0x10, 0xf6, 0x51, 0xee, 0x4e, 0xdd, 0x2d, 0xdd, 0x0d, 0xdd,
    0xed, 0xdc, 0xed, 0xd4, 0xed, 0xd4, 0xcd, 0xdc, 0xcd, 0xdc, 0xac, 0xdc,
    0xac, 0xdc, 0xac, 0xdc, 0xac, 0xdc, 0xcc, 0xdc, 0xcc, 0xdc, 0xcc, 0xdc,
    0xcc, 0xdc, 0xcd, 0xdc, 0xcd, 0xdc, 0xcd, 0xdc, 0xcd, 0xdc, 0xed, 0xdc,
    0xed, 0xdc, 0x0f, 0xcd, 0x30, 0xc5, 0x51, 0xc5, 0x72, 0xbd, 0x93, 0xad,
    0x94, 0xa5, 0x94, 0xa5, 0x94, 0x9d, 0xb4, 0x9d, 0x94, 0x9d, 0xb4, 0x9d,
    0xb5, 0x9d, 0xb5, 0x9d, 0xb5, 0x9d, 0xb5, 0x9d, 0xb5, 0x9d, 0xb5, 0x9d,
    0xb5, 0x9d, 0xb5, 0x9d, 0xb5, 0x95, 0xb4, 0x95, 0x95, 0x9d, 0x94, 0x95,
    0xb4, 0x95, 0xb5, 0x9d, 0xb4, 0x95, 0x94, 0x9d, 0xb5, 0x95, 0xb5, 0x95,
    0x94, 0x95, 0xb4, 0x95, 0x95, 0x95, 0xb5, 0x95, 0xb3, 0xb5, 0x93, 0xbd,
    0x72, 0xbd, 0x93, 0xbd, 0xb3, 0xc5, 0x93, 0xbd, 0x72, 0xbd, 0x72, 0xad,
    0x93, 0xa5, 0x93, 0xa5, 0x14, 0xb6, 0x35, 0xb6, 0x35, 0xb6, 0xb4, 0xa5,
    0x94, 0xa5, 0x93, 0xa5, 0x73, 0xa5, 0x73, 0xa5, 0x73, 0xa5, 0x73, 0xa5,
    0x93, 0xad, 0xb3, 0xb5, 0xf5, 0xbd, 0x15, 0xbe, 0x56, 0xbe, 0x97, 0xb6,
    0xd9, 0xbe, 0x77, 0xbe, 0x56, 0xbe, 0x15, 0xc6, 0x15, 0xbe, 0x15, 0xb6,
    0xd5, 0xad, 0xf5, 0xad, 0xf5, 0xa5, 0xd6, 0x95, 0xd6, 0x8d, 0xd6, 0x8d,
    0xf6, 0x8d, 0xd6, 0x8d, 0xb5, 0x85, 0xd6, 0x8d, 0xf6, 0x95, 0x36, 0xa6,
    0xd6, 0x95, 0x34, 0x85, 0x10, 0x6c, 0x6e, 0x63, 0x4e, 0x63, 0x2d, 0x5b,
    0x2d, 0x5b, 0x0d, 0x5b, 0xed, 0x5a, 0xed, 0x52, 0xed, 0x52, 0xcc, 0x52,
    0xcc, 0x52, 0xcd, 0x52, 0xcc, 0x52, 0xcc, 0x52, 0xcc, 0x52, 0xcc, 0x52,
    0xac, 0x52, 0xab, 0x4a, 0x8c, 0x4a, 0x8b, 0x4a, 0x6b, 0x42, 0x4b, 0x42,
    0x4b, 0x42, 0x2b, 0x3a, 0x2b, 0x3a, 0x0b, 0x32, 0xeb, 0x31, 0xeb, 0x31,
    0xca, 0x29, 0xeb, 0x29, 0xeb, 0x31, 0xea, 0x29, 0xeb, 0x29, 0xeb, 0x29,
    0xeb, 0x29, 0xeb, 0x31, 0xeb, 0x29, 0xea, 0x29, 0xcb, 0x31, 0xeb, 0x29,
    0xed, 0xbb, 0xcc, 0xbb, 0xed, 0xb3, 0xed, 0xb3, 0xed, 0xbb, 0xed, 0xbb,
    0xed, 0xbb, 0xed, 0xbb, 0x0d, 0xbc, 0xed, 0xbb, 0x0d, 0xbc, 0x0d, 0xbc,
    0x0d, 0xbc, 0x0d, 0xbc, 0x0e, 0xbc, 0x0d, 0xc4, 0x0d, 0xbc, 0x2d, 0xbc,
    0x0e, 0xc4, 0x0d, 0xbc, 0x2e, 0xc4, 0x2e, 0xbc, 0x2d, 0xc4, 0x8c, 0x93,
    0xa9, 0x29, 0xa9, 0x21, 0xa9, 0x29, 0xa9, 0x29, 0x89, 0x21, 0x89, 0x21,
    0xa9, 0x29, 0xa9, 0x21, 0x89, 0x21, 0xa9, 0x29, 0xa9, 0x21, 0xa9, 0x29,
    0xa9, 0x29, 0xa9, 0x21, 0xa9, 0x29, 0xa9, 0x21, 0xa9, 0x29, 0xa9, 0x29,
    0xa9, 0x29, 0xa9, 0x29, 0xa9, 0x29, 0xc9, 0x21, 0xaa, 0x29, 0xa9, 0x29,
    0xc9, 0x21, 0xaa, 0x29, 0xc9, 0x29, 0xc9, 0x29, 0xc9, 0x31, 0xe9, 0x39,
    0xea, 0x39, 0x09, 0x3a, 0x0a, 0x3a, 0xea, 0x39, 0xa9, 0x29, 0xa9, 0x21,
    0xa9, 0x29, 0xa9, 0x29, 0xa9, 0x21, 0xaa, 0x21, 0xc9, 0x29, 0xa9, 0x29,
    0xc9, 0x29, 0xc9, 0x31, 0xc9, 0x31, 0xe9, 0x31, 0xe9, 0x39, 0x09, 0x42,
    0x2a, 0x4a, 0x29, 0x4a, 0x4a, 0x4a, 0xab, 0x4a, 0xab, 0x4a, 0xab, 0x4a,
    0xab, 0x4a, 0xab, 0x4a, 0x6d, 0x73, 0xcf, 0xb4, 0xd0, 0xb4, 0xcf, 0xbc,
    0xd0, 0xbc, 0xf0, 0xb4, 0xf1, 0xac, 0xf1, 0xac, 0xf0, 0xac, 0xf1, 0xac,
    0x11, 0xad, 0x11, 0xad, 0x11, 0xad, 0x11, 0xad, 0x11, 0xad, 0x11, 0xad,
    0x11, 0xad, 0x11, 0xad, 0x11, 0xad, 0x11, 0xa5, 0x31, 0xa5, 0x32, 0xa5,
    0x32, 0xa5, 0x32, 0xa5, 0x32, 0xa5, 0x32, 0xa5, 0x32, 0xa5, 0x32, 0xa5,
    0x32, 0xa5, 0x32, 0xa5, 0x32, 0xa5, 0x32, 0xa5, 0x33, 0xa5, 0x52, 0x9d,
    0x53, 0x9d, 0x53, 0x9d, 0x33, 0x9d, 0x52, 0x9d, 0x53, 0x9d, 0x52, 0xa5,
    0x52, 0xa5, 0x53, 0x9d, 0x33, 0xa5, 0x52, 0xa5, 0x52, 0x9d, 0x52, 0xa5,
    0x33, 0xa5, 0x52, 0xa5, 0x52, 0xa5, 0x32, 0xa5, 0x32, 0xa5, 0x32, 0xa5,
    0x32, 0xa5, 0x31, 0xad, 0x31, 0xad, 0x31, 0xad, 0x31, 0xb5, 0x31, 0xb5,
    0x31, 0xb5, 0x31, 0xb5, 0x31, 0xb5, 0x31, 0xb5, 0x31, 0xb5, 0x31, 0xb5,
    0x31, 0xb5, 0x31, 0xb5, 0x51, 0xb5, 0x31, 0xb5, 0x51, 0xb5, 0x51, 0xb5,
    0x51, 0xb5, 0x50, 0xbd, 0x70, 0xc5, 0x70, 0xd5, 0x90, 0xd5, 0xb0, 0xdd,
    0xb0, 0xe5, 0xb0, 0xe5, 0xb0, 0xe5, 0xaf, 0xe5, 0xaf, 0xe5, 0xb0, 0xe5,
    0xcf, 0xe5, 0xaf, 0xe5, 0xd0, 0xe5, 0xd0, 0xe5, 0xaf, 0xe5, 0xaf, 0xe5,
    0xaf, 0xe5, 0xaf, 0xed, 0x8f, 0xed, 0x8f, 0xed, 0x8f, 0xed, 0x8e, 0xed,
    0x6e, 0xed, 0x6e, 0xed, 0xaf, 0xf5, 0x30, 0xf6, 0x51, 0xf6, 0x6d, 0xed,
    0x10, 0xee, 0x92, 0xf6, 0x72, 0xee, 0x4f, 0xdd, 0x2f, 0xd5, 0x0e, 0xd5,
    0xed, 0xdc, 0xac, 0xdc, 0xcc, 0xdc, 0xed, 0xe4, 0xcd, 0xdc, 0xcc, 0xdc,
    0xcd, 0xdc, 0xcd, 0xdc, 0xed, 0xdc, 0xed, 0xdc, 0xed, 0xdc, 0xee, 0xdc,
    0x0e, 0xdd, 0x0e, 0xd5, 0x2f, 0xd5, 0x31, 0xcd, 0x30, 0xcd, 0x30, 0xcd,
    0x30, 0xc5, 0x93, 0xad, 0xb4, 0xa5, 0xb5, 0x9d, 0xb5, 0x9d, 0xb5, 0x9d,
    0xd5, 0x9d, 0xb5, 0x9d, 0xb5, 0x9d, 0xb5, 0x9d, 0xb5, 0x9d, 0xb5, 0x9d,
    0xb5, 0x95, 0xd5, 0x95, 0xd5, 0x95, 0xd5, 0x95, 0xd5, 0x95, 0xd5, 0x95,
    0xd5, 0x95, 0xd6, 0x95, 0xb5, 0x95, 0xd5, 0x8d, 0xb5, 0x95, 0xd5, 0x95,
    0xd5, 0x95, 0xb5, 0x95, 0xb5, 0x9d, 0xb4, 0x9d, 0xb5, 0x95, 0xd5, 0xa5,
    0xf5, 0xc5, 0xb3, 0xcd, 0xb4, 0xc5, 0xd5, 0xb5, 0xd5, 0xad, 0xd5, 0xa5,
    0xd5, 0xa5, 0xd5, 0xa5, 0xb4, 0xad, 0xd4, 0xb5, 0x34, 0xbe, 0x75, 0xce,
    0x15, 0xae, 0xb4, 0x9d, 0xb4, 0xa5, 0xd5, 0xa5, 0xb4, 0x9d, 0x94, 0x9d,
    0xb4, 0xa5, 0xd5, 0xad, 0x36, 0xbe, 0x98, 0xc6, 0xfa, 0xbe, 0xf9, 0xc6,
    0x19, 0xc7, 0x19, 0xcf, 0x3a, 0xcf, 0x19, 0xcf, 0x97, 0xc6, 0x96, 0xce,
    0x96, 0xce, 0x76, 0xc6, 0x36, 0xb6, 0x36, 0xb6, 0x57, 0xb6, 0x37, 0xa6,
    0xf6, 0x95, 0xb6, 0x8d, 0xf6, 0x9d, 0x75, 0x85, 0x34, 0x7d, 0x13, 0x7d,
    0xb2, 0x7c, 0x51, 0x6c, 0xb0, 0x63, 0x4e, 0x63, 0x2e, 0x5b, 0x2d, 0x5b,
    0x2d, 0x5b, 0x0d, 0x5b, 0xed, 0x5a, 0xed, 0x5a, 0xed, 0x52, 0xed, 0x52,
    0xcc, 0x52, 0xcc, 0x52, 0xcc, 0x52, 0xcc, 0x52, 0xac, 0x52, 0xcc, 0x52,
    0xac, 0x52, 0xac, 0x52, 0xac, 0x52, 0xac, 0x4a, 0x6b, 0x4a, 0x4b, 0x42,
    0x2b, 0x3a, 0x0b, 0x3a, 0x0b, 0x32, 0x0b, 0x32, 0xeb, 0x31, 0xea, 0x31,
    0xeb, 0x29, 0xeb, 0x31, 0xeb, 0x29, 0xeb, 0x31, 0xeb, 0x31, 0xeb, 0x31,
    0xeb, 0x31, 0xea, 0x31, 0xeb, 0x31, 0xeb, 0x31, 0xea, 0x31, 0xeb, 0x31,
    0xeb, 0x31, 0xeb, 0x31, 0xec, 0xbb, 0xed, 0xbb, 0xcd, 0xbb, 0xed, 0xb3,
    0xed, 0xbb, 0xed, 0xbb, 0xed, 0xbb, 0xed, 0xbb, 0x0d, 0xbc, 0xed, 0xbb,
    0x0d, 0xbc, 0x0d, 0xbc, 0x0d, 0xc4, 0x0d, 0xbc, 0x0d, 0xbc, 0x0d, 0xbc,
    0x0d, 0xc4, 0x2d, 0xc4, 0x2d, 0xbc, 0x2d, 0xc4, 0x0d, 0xc4, 0x2d, 0xbc,
    0x2e, 0xbc, 0x4c, 0x8b, 0xa9, 0x29, 0x89, 0x21, 0xa9, 0x29, 0xa9, 0x21,
    0x88, 0x21, 0x89, 0x21, 0xa9, 0x21, 0xa9, 0x21, 0x89, 0x21, 0xa9, 0x29,
    0xa9, 0x21, 0xa9, 0x29, 0xa9, 0x29, 0xa9, 0x21, 0xa9, 0x29, 0xa9, 0x29,
    0xa9, 0x21, 0xa9, 0x29, 0xa9, 0x21, 0xa9, 0x29, 0xa9, 0x29, 0xc9, 0x29,
    0xc9, 0x29, 0xa9, 0x29, 0xa9, 0x29, 0xc9, 0x29, 0xa9, 0x29, 0xc9, 0x31,
    0xc9, 0x31, 0xea, 0x39, 0x09, 0x3a, 0x09, 0x3a, 0xab, 0x5a, 0x2c, 0x7b,
    0xc9, 0x29, 0xa9, 0x21, 0xa9, 0x21, 0xc9, 0x29, 0xa9, 0x29, 0xa9, 0x21,
    0xa9, 0x29, 0xc9, 0x29, 0xc9, 0x29, 0xc9, 0x29, 0xc9, 0x31, 0xe9, 0x39,
    0xea, 0x31, 0x09, 0x42, 0x29, 0x4a, 0x2a, 0x4a, 0x29, 0x4a, 0x8b, 0x4a,
    0xab, 0x4a, 0xab, 0x4a, 0x8b, 0x4a, 0x8b, 0x4a, 0xab, 0x4a, 0x4d, 0x73,
    0xaf, 0xbc, 0xaf, 0xbc, 0xcf, 0xbc, 0xf0, 0xb4, 0x11, 0xad, 0xf1, 0xac,
    0x10, 0xad, 0xf1, 0xac, 0xf1, 0xac, 0xf0, 0xac, 0xf1, 0xac, 0x11, 0xad,
    0x11, 0xad, 0x11, 0xad, 0x11, 0xad, 0x11, 0xad, 0x11, 0xad, 0x11, 0xad,
    0x11, 0xad, 0x11, 0xad, 0x11, 0xad, 0x11, 0xad, 0x11, 0xad, 0x11, 0xa5,
    0x11, 0xad, 0x11, 0xa5, 0x31, 0xa5, 0x32, 0xa5, 0x32, 0xa5, 0x11, 0xa5,
    0x32, 0xa5, 0x32, 0xa5, 0x32, 0xa5, 0x32, 0xa5, 0x32, 0xa5, 0x52, 0xa5,
    0x32, 0xa5, 0x32, 0xa5, 0x32, 0xa5, 0x32, 0xa5, 0x52, 0xa5, 0x52, 0xa5,
    0x52, 0xa5, 0x52, 0xa5, 0x52, 0xa5, 0x52, 0x9d, 0x52, 0xa5, 0x32, 0xa5,
    0x52, 0x9d, 0x52, 0xa5, 0x52, 0xa5, 0x52, 0xa5, 0x31, 0xa5, 0x51, 0xad,
    0x51, 0xad, 0x31, 0xad, 0x51, 0xad, 0x51, 0xad, 0x51, 0xad, 0x51, 0xad,
    0x51, 0xb5, 0x51, 0xb5, 0x51, 0xb5, 0x50, 0xb5, 0x50, 0xb5, 0x51, 0xbd,
    0x51, 0xbd, 0x50, 0xbd, 0x50, 0xc5, 0x70, 0xc5, 0x70, 0xcd, 0xb0, 0xd5,
    0xb0, 0xdd, 0xd0, 0xe5, 0xf0, 0xe5, 0xd0, 0xe5, 0xd0, 0xed, 0xd0, 0xe5,
    0xd0, 0xed, 0xd0, 0xed, 0xf0, 0xe5, 0xd0, 0xe5, 0xd0, 0xe5, 0xb0, 0xe5,
    0xb0, 0xe5, 0xb0, 0xe5, 0xb0, 0xe5, 0xb0, 0xe5, 0xb0, 0xe5, 0xaf, 0xe5,
    0xaf, 0xe5, 0x8f, 0xe5, 0x8f, 0xe5, 0x6e, 0xed, 0x4e, 0xed, 0x0d, 0xe5,
    0x31, 0xf6, 0x14, 0xff, 0x34, 0xff, 0x14, 0xf7, 0xf4, 0xf6, 0xf1, 0xe5,
    0x2f, 0xd5, 0x2e, 0xd5, 0x0e, 0xd5, 0xcc, 0xe4, 0x0d, 0xe5, 0x2e, 0xdd,
    0x91, 0xd5, 0xb2, 0xd5, 0xd3, 0xd5, 0x13, 0xde, 0x12, 0xde, 0x33, 0xde,
    0xf3, 0xd5, 0xb2, 0xcd, 0xb2, 0xcd, 0x13, 0xde, 0x13, 0xd6, 0xf2, 0xd5,
    0x71, 0xcd, 0x71, 0xcd, 0x30, 0xcd, 0x51, 0xc5, 0xb4, 0xad, 0xd5, 0x9d,
    0xd5, 0x9d, 0xd5, 0x9d, 0xd5, 0x9d, 0xd5, 0x9d, 0xd5, 0x9d, 0xd5, 0x95,
    0xd5, 0x95, 0xd5, 0x95, 0xd5, 0x95, 0xd5, 0x95, 0xd5, 0x95, 0xb6, 0x95,
    0xd5, 0x95, 0xd5, 0x95, 0xb5, 0x95, 0xb5, 0x95, 0xb5, 0x9d, 0xb5, 0x9d,
    0xb5, 0x95, 0xb4, 0xa5, 0xb4, 0xb5, 0x93, 0xad, 0x93, 0xb5, 0xd4, 0xbd,
    0x16, 0xce, 0x36, 0xce, 0xf4, 0xd5, 0x93, 0xd5, 0x73, 0xbd, 0x94, 0xa5,
    0xb5, 0x9d, 0xb5, 0x9d, 0xb5, 0xa5, 0xd5, 0xad, 0xf5, 0xbd, 0x14, 0xbe,
    0x74, 0xce, 0xf5, 0xde, 0x15, 0xae, 0xb5, 0x95, 0xd5, 0x9d, 0xd5, 0x95,
    0xb5, 0x8d, 0xb5, 0x95, 0xd6, 0x9d, 0x16, 0xa6, 0x77, 0xbe, 0xda, 0xbe,
    0x1a, 0xc7, 0x3a, 0xc7, 0x3a, 0xc7, 0x19, 0xcf, 0x18, 0xd7, 0x18, 0xd7,
    0xb7, 0xce, 0xb7, 0xce, 0xb7, 0xce, 0x76, 0xb6, 0x16, 0xa6, 0xb5, 0x9d,
    0x95, 0x9d, 0xd3, 0x84, 0xf0, 0x6b, 0xaf, 0x6b, 0x8e, 0x63, 0x6e, 0x63,
    0x6e, 0x63, 0x6e, 0x63, 0x4e, 0x63, 0x4e, 0x63, 0x2d, 0x5b, 0x2d, 0x5b,
    0x0d, 0x5b, 0x0d, 0x5b, 0xed, 0x5a, 0xed, 0x5a, 0xed, 0x52, 0xed, 0x4a,
    0xcc, 0x4a, 0xcd, 0x4a, 0xcc, 0x4a, 0xcd, 0x52, 0xcc, 0x52, 0xcc, 0x52,
    0xcc, 0x52, 0xcc, 0x52, 0xcc, 0x52, 0xcc, 0x52, 0xac, 0x4a, 0x4b, 0x3a,
    0x0b, 0x32, 0x0b, 0x32, 0x0b, 0x32, 0x0b, 0x32, 0x0b, 0x32, 0xeb, 0x31,
    0xeb, 0x31, 0xeb, 0x31, 0xeb, 0x31, 0xeb, 0x29, 0xeb, 0x31, 0xea, 0x31,
    0xeb, 0x29, 0xeb, 0x29, 0xea, 0x31, 0xeb, 0x31, 0xeb, 0x31, 0x0b, 0x32,
    0x0b, 0x32, 0xeb, 0x31, 0x0a, 0x32, 0xeb, 0x31, 0xed, 0xb3, 0xed, 0xbb,
    0xec, 0xbb, 0xcd, 0xb3, 0xed, 0xbb, 0xed, 0xb3, 0xed, 0xb3, 0xed, 0xbb,
    0xed, 0xbb, 0x0d, 0xbc, 0xed, 0xbb, 0x0d, 0xbc, 0x0d, 0xbc, 0x0d, 0xc4,
    0x0d, 0xbc, 0x2d, 0xbc, 0x0d, 0xbc, 0x2e, 0xc4, 0x2e, 0xbc, 0x2d, 0xbc,
    0x2e, 0xc4, 0x2d, 0xc4, 0x2d, 0xbc, 0x2c, 0x83, 0xa9, 0x29, 0x89, 0x21,
    0xa9, 0x29, 0xa8, 0x29, 0x89, 0x21, 0xa9, 0x21, 0xa9, 0x21, 0xa8, 0x29,
    0xa9, 0x29, 0xa9, 0x21, 0xa9, 0x29, 0xa9, 0x21, 0xa9, 0x29, 0xa9, 0x29,
    0xa9, 0x21, 0xa9, 0x29, 0xa9, 0x29, 0xa9, 0x21, 0xa9, 0x21, 0xaa, 0x29,
    0xa9, 0x29, 0xa9, 0x21, 0xc9, 0x29, 0xc9, 0x29, 0xa9, 0x29, 0xc9, 0x29,
    0xc9, 0x29, 0xc9, 0x31, 0xc9, 0x31, 0xea, 0x39, 0x09, 0x3a, 0x09, 0x3a,
    0x2c, 0x7b, 0x4e, 0xbc, 0x09, 0x3a, 0xa9, 0x29, 0xa9, 0x21, 0xa9, 0x29,
    0xa9, 0x21, 0xa9, 0x29, 0xa9, 0x29, 0xc9, 0x29, 0xa9, 0x29, 0xca, 0x31,
    0xc9, 0x31, 0xc9, 0x31, 0xca, 0x31, 0xe9, 0x39, 0x2a, 0x4a, 0x2a, 0x4a,
    0x2a, 0x4a, 0x6a, 0x4a, 0xab, 0x4a, 0xab, 0x4a, 0xab, 0x4a, 0x8b, 0x4a,
    0xab, 0x4a, 0xab, 0x4a, 0xcd, 0x93, 0x8f, 0xbc, 0x8f, 0xbc, 0xcf, 0xbc,
    0xf0, 0xb4, 0xf0, 0xb4, 0xf0, 0xb4, 0xf1, 0xb4, 0x10, 0xb5, 0x11, 0xad,
    0xf1, 0xac, 0x10, 0xad, 0x11, 0xad, 0x11, 0xad, 0x11, 0xad, 0xf1, 0xac,
    0x11, 0xa5, 0x11, 0xa5, 0xf1, 0xac, 0xf1, 0xac, 0x11, 0xa5, 0x11, 0xad,
    0x11, 0xad, 0x11, 0xad, 0x11, 0xad, 0x11, 0xad, 0x31, 0xad, 0x11, 0xad,
    0x31, 0xad, 0x31, 0xad, 0x31, 0xad, 0x32, 0xad, 0x32, 0xa5, 0x52, 0xad,
    0x52, 0xa5, 0x52, 0xa5, 0x32, 0xa5, 0x52, 0xa5, 0x52, 0x9d, 0x32, 0xa5,
    0x52, 0xa5, 0x52, 0xa5, 0x32, 0xa5, 0x32, 0xa5, 0x52, 0xa5, 0x52, 0xa5,
    0x52, 0xa5, 0x52, 0xa5, 0x52, 0xa5, 0x32, 0xa5, 0x52, 0xa5, 0x52, 0xa5,
    0x52, 0xad, 0x52, 0xad, 0x32, 0xad, 0x51, 0xad, 0x51, 0xad, 0x31, 0xad,
    0x51, 0xb5, 0x51, 0xb5, 0x51, 0xb5, 0x51, 0xb5, 0x51, 0xb5, 0x50, 0xbd,
    0x50, 0xbd, 0x50, 0xc5, 0x50, 0xc5, 0x70, 0xcd, 0x8f, 0xe5, 0x8f, 0xe5,
    0x8f, 0xe5, 0x8f, 0xe5, 0xaf, 0xe5, 0xaf, 0xe5, 0xaf, 0xe5, 0xaf, 0xe5,
    0xaf, 0xed, 0xaf, 0xe5, 0xcf, 0xe5, 0xaf, 0xe5, 0xcf, 0xed, 0xcf, 0xed,
    0xcf, 0xed, 0xaf, 0xe5, 0xaf, 0xe5, 0xb0, 0xe5, 0xb0, 0xe5, 0xb0, 0xdd,
    0xd0, 0xdd, 0xb0, 0xdd, 0xd0, 0xdd, 0xb0, 0xe5, 0xb0, 0xe5, 0xd0, 0xe5,
    0xf0, 0xe5, 0x51, 0xee, 0xb3, 0xee, 0x73, 0xde, 0x32, 0xde, 0x32, 0xde,
    0x52, 0xde, 0xf1, 0xdd, 0xd0, 0xdd, 0xf1, 0xe5, 0x11, 0xee, 0x4e, 0xe5,
    0x4e, 0xe5, 0xf1, 0xe5, 0x74, 0xe6, 0xd5, 0xee, 0xf5, 0xee, 0x15, 0xef,
    0x15, 0xef, 0x15, 0xef, 0xf5, 0xee, 0xb4, 0xe6, 0xd5, 0xe6, 0xf5, 0xee,
    0xd4, 0xee, 0x54, 0xe6, 0x92, 0xcd, 0x92, 0xc5, 0xd4, 0xc5, 0xf5, 0xbd,
    0xd5, 0xad, 0xd5, 0xa5, 0xd5, 0x9d, 0xd5, 0x9d, 0xd5, 0x9d, 0xd5, 0x95,
    0xd5, 0x95, 0xd5, 0x95, 0xd5, 0x95, 0xd5, 0x95, 0xd6, 0x95, 0xd5, 0x95,
    0x94, 0xa5, 0x31, 0xb5, 0x72, 0xc5, 0x34, 0xd6, 0x14, 0xd6, 0xb2, 0xcd,
    0x72, 0xcd, 0x72, 0xcd, 0x72, 0xcd, 0xb3, 0xc5, 0xb4, 0xc5, 0xd4, 0xc5,
    0x36, 0xce, 0x57, 0xce, 0x57, 0xce, 0x57, 0xd6, 0xd4, 0xd5, 0x93, 0xd5,
    0x92, 0xcd, 0x72, 0xcd, 0x72, 0xcd, 0xd4, 0xd5, 0xf5, 0xcd, 0x15, 0xc6,
    0x35, 0xc6, 0x35, 0xbe, 0x75, 0xc6, 0x35, 0xa6, 0xd5, 0x95, 0xb5, 0x8d,
    0xb5, 0x8d, 0xb5, 0x8d, 0x95, 0x85, 0xb6, 0x8d, 0xd6, 0x8d, 0xf6, 0x95,
    0x16, 0x9e, 0x98, 0xb6, 0xd9, 0xbe, 0xf8, 0xce, 0xd8, 0xce, 0xd7, 0xd6,
    0xf7, 0xd6, 0xd6, 0xd6, 0xb6, 0xd6, 0x96, 0xc6, 0xf5, 0xb5, 0x31, 0x7c,
    0xaf, 0x6b, 0x6e, 0x63, 0x6e, 0x63, 0x6e, 0x63, 0x4e, 0x63, 0x2d, 0x63,
    0x2d, 0x5b, 0x2e, 0x5b, 0x0d, 0x5b, 0x0d, 0x5b, 0x2d, 0x5b, 0x0d, 0x5b,
    0x0d, 0x5b, 0x0d, 0x5b, 0xed, 0x5a, 0xed, 0x5a, 0xed, 0x5a, 0xec, 0x5a,
    0xec, 0x5a, 0xec, 0x5a, 0xec, 0x52, 0xed, 0x5a, 0xec, 0x62, 0xec, 0x5a,
    0xec, 0x5a, 0xec, 0x5a, 0xcc, 0x5a, 0xcc, 0x5a, 0xcc, 0x5a, 0xac, 0x4a,
    0x8c, 0x42, 0x2b, 0x32, 0x0b, 0x32, 0x0b, 0x32, 0xeb, 0x31, 0xeb, 0x31,
    0x0b, 0x32, 0xeb, 0x31, 0xeb, 0x31, 0x0b, 0x2a, 0xeb, 0x31, 0xeb, 0x31,
    0xeb, 0x29, 0xeb, 0x31, 0xeb, 0x31, 0xeb, 0x31, 0x0b, 0x32, 0x0b, 0x32,
    0x0b, 0x3a, 0x0b, 0x3a, 0x2b, 0x3a, 0x0b, 0x3a, 0x2b, 0x3a, 0x2b, 0x3a,
    0xcd, 0xb3, 0xcd, 0xbb, 0xcd, 0xbb, 0xed, 0xb3, 0xed, 0xbb, 0xed, 0xbb,
    0xed, 0xbb, 0xed, 0xbb, 0xed, 0xbb, 0x0d, 0xbc, 0xed, 0xbb, 0x0d, 0xbc,
    0x0d, 0xbc, 0x0e, 0xbc, 0x0d, 0xc4, 0x2d, 0xbc, 0x0d, 0xbc, 0x0d, 0xbc,
    0x2d, 0xc4, 0x2e, 0xbc, 0x2e, 0xc4, 0x2d, 0xc4, 0x2d, 0xbc, 0x0b, 0x7b,
    0xa9, 0x29, 0x89, 0x21, 0x89, 0x21, 0xa9, 0x29, 0xa9, 0x21, 0xa9, 0x21,
    0xa9, 0x21, 0x89, 0x21, 0xa9, 0x29, 0xa9, 0x21, 0xa9, 0x29, 0xa9, 0x29,
    0xa9, 0x21, 0xa9, 0x29, 0xa9, 0x21, 0xa9, 0x29, 0xa9, 0x29, 0xa9, 0x21,
    0xa9, 0x29, 0xa9, 0x29, 0xa9, 0x29, 0xa9, 0x21, 0xc9, 0x29, 0xaa, 0x29,
    0xa9, 0x29, 0xc9, 0x29, 0xaa, 0x29, 0xc9, 0x29, 0xe9, 0x39, 0x09, 0x3a,
    0xea, 0x39, 0x09, 0x3a, 0x8c, 0x93, 0x8e, 0xcc, 0x2c, 0x7b, 0xc9, 0x29,
    0xa9, 0x29, 0xa9, 0x21, 0xa9, 0x29, 0xc9, 0x21, 0xa9, 0x21, 0xa9, 0x29,
    0xc9, 0x29, 0xc9, 0x29, 0xc9, 0x31, 0xc9, 0x31, 0xc9, 0x31, 0xc9, 0x31,
    0x0a, 0x42, 0x29, 0x4a, 0x29, 0x42, 0x2a, 0x4a, 0xab, 0x4a, 0xab, 0x4a,
    0xab, 0x4a, 0xab, 0x4a, 0x8b, 0x4a, 0xab, 0x4a, 0xec, 0x5a, 0x8f, 0xac,
    0xaf, 0xac, 0xd0, 0xb4, 0xf0, 0xb4, 0xf0, 0xb4, 0xf0, 0xb4, 0xf0, 0xb4,
    0xf0, 0xb4, 0xf0, 0xb4, 0xf0, 0xb4, 0xf0, 0xb4, 0xf0, 0xb4, 0xf0, 0xac,
    0xf0, 0xb4, 0xf0, 0xac, 0xf0, 0xac, 0xf0, 0xb4, 0xf0, 0xac, 0xf0, 0xac,
    0xf0, 0xb4, 0xf0, 0xac, 0x11, 0xad, 0x11, 0xad, 0x11, 0xad, 0x11, 0xad,
    0x31, 0xad, 0x11, 0xad, 0x11, 0xad, 0x31, 0xad, 0x51, 0xad, 0x51, 0xad,
    0x51, 0xad, 0x51, 0xad, 0x52, 0xad, 0x52, 0xad, 0x52, 0xa5, 0x52, 0xa5,
    0x52, 0xa5, 0x52, 0xa5, 0x52, 0xa5, 0x52, 0xa5, 0x52, 0xa5, 0x52, 0xa5,
    0x52, 0xad, 0x52, 0xad, 0x52, 0xad, 0x52, 0xad, 0x52, 0xad, 0x51, 0xb5,
    0x51, 0xbd, 0x71, 0xbd, 0x51, 0xbd, 0x51, 0xb5, 0x51, 0xbd, 0x51, 0xbd,
    0x51, 0xbd, 0x51, 0xbd, 0x51, 0xbd, 0x50, 0xbd, 0x50, 0xc5, 0x50, 0xc5,
    0x50, 0xc5, 0x50, 0xc5, 0x50, 0xc5, 0x50, 0xcd, 0x4f, 0xcd, 0x4f, 0xd5,
    0x4f, 0xdd, 0x8f, 0xdd, 0x8f, 0xe5, 0xaf, 0xdd, 0x8f, 0xdd, 0x90, 0xdd,
    0xaf, 0xdd, 0xaf, 0xdd, 0xaf, 0xdd, 0xaf, 0xdd, 0xb0, 0xe5, 0xaf, 0xe5,
    0xaf, 0xdd, 0xb0, 0xe5, 0xaf, 0xe5, 0xaf, 0xe5, 0xaf, 0xe5, 0xd0, 0xe5,
    0xd0, 0xdd, 0xb0, 0xdd, 0xb0, 0xe5, 0xd0, 0xdd, 0xb0, 0xdd, 0xd0, 0xdd,
    0xd0, 0xdd, 0xd0, 0xd5, 0xd1, 0xd5, 0xd1, 0xcd, 0xd1, 0xcd, 0xd1, 0xcd,
    0xd1, 0xcd, 0xd1, 0xcd, 0xd1, 0xcd, 0xd1, 0xd5, 0xf1, 0xd5, 0x72, 0xee,
    0x72, 0xee, 0x72, 0xee, 0xd0, 0xe5, 0x73, 0xee, 0x95, 0xe6, 0xd5, 0xe6,
    0xb5, 0xe6, 0xd6, 0xe6, 0xb5, 0xe6, 0xb6, 0xe6, 0xb5, 0xe6, 0xb5, 0xe6,
    0xb5, 0xe6, 0xb5, 0xe6, 0xd5, 0xee, 0x54, 0xde, 0xb3, 0xc5, 0xb3, 0xc5,
    0xd4, 0xc5, 0xd4, 0xb5, 0xd4, 0xbd, 0xd5, 0xad, 0xd5, 0xa5, 0xd5, 0xa5,
    0xd5, 0xa5, 0xd5, 0x9d, 0xf6, 0xa5, 0xf6, 0xa5, 0xf6, 0xa5, 0x16, 0xae,
    0xf6, 0xa5, 0xd5, 0x9d, 0x36, 0xbe, 0x16, 0xef, 0x37, 0xe7, 0xf6, 0xee,
    0x74, 0xe6, 0x14, 0xde, 0xd3, 0xe5, 0x72, 0xe5, 0x92, 0xe5, 0x92, 0xe5,
    0x93, 0xdd, 0xf4, 0xd5, 0x36, 0xce, 0x57, 0xd6, 0x36, 0xd6, 0x15, 0xce,
    0xf5, 0xcd, 0xd4, 0xd5, 0xd4, 0xcd, 0x36, 0xce, 0x57, 0xce, 0x36, 0xce,
    0x36, 0xce, 0x57, 0xc6, 0x36, 0xbe, 0x36, 0xb6, 0x16, 0xa6, 0x16, 0xa6,
    0x16, 0xa6, 0x16, 0xa6, 0x16, 0xae, 0x16, 0xae, 0x36, 0xae, 0x36, 0xae,
    0x16, 0xa6, 0x16, 0xa6, 0x37, 0xae, 0x57, 0xae, 0x77, 0xb6, 0xb7, 0xce,
    0xd7, 0xd6, 0xd7, 0xd6, 0xb6, 0xd6, 0x96, 0xce, 0x55, 0xc6, 0x33, 0xa5,
    0xcf, 0x73, 0x6e, 0x63, 0x4e, 0x63, 0x2e, 0x63, 0x2d, 0x5b, 0x0d, 0x5b,
    0x0d, 0x5b, 0x0d, 0x5b, 0x0d, 0x5b, 0x0d, 0x5b, 0x0d, 0x5b, 0x0d, 0x5b,
    0x0d, 0x5b, 0x0d, 0x5b, 0x0d, 0x5b, 0x0d, 0x63, 0x0c, 0x63, 0x0d, 0x63,
    0x0d, 0x63, 0x0c, 0x5b, 0xed, 0x5a, 0xed, 0x5a, 0xed, 0x62, 0x0c, 0x63,
    0xec, 0x62, 0xec, 0x5a, 0xec, 0x5a, 0xcc, 0x5a, 0xcc, 0x5a, 0xcc, 0x5a,
    0xac, 0x52, 0x8c, 0x42, 0x6c, 0x3a, 0x0b, 0x32, 0x0b, 0x32, 0x0c, 0x32,
    0xeb, 0x31, 0x0b, 0x32, 0x0b, 0x32, 0xeb, 0x31, 0xeb, 0x29, 0x0b, 0x32,
    0xeb, 0x31, 0xea, 0x31, 0xeb, 0x31, 0x0b, 0x32, 0x0b, 0x32, 0x0b, 0x3a,
    0x2b, 0x3a, 0x2b, 0x3a, 0x2b, 0x42, 0x4b, 0x42, 0x4b, 0x42, 0x4b, 0x42,
    0x4b, 0x42, 0x2b, 0x42, 0xed, 0xb3, 0xed, 0xb3, 0xed, 0xb3, 0xed, 0xbb,
    0xec, 0xbb, 0xed, 0xbb, 0xed, 0xbb, 0xec, 0xbb, 0xed, 0xbb, 0x0d, 0xbc,
    0xed, 0xbb, 0x0d, 0xbc, 0x0d, 0xbc, 0x0d, 0xbc, 0x0d, 0xbc, 0x0d, 0xc4,
    0x0d, 0xbc, 0x0d, 0xc4, 0x2d, 0xbc, 0x2d, 0xc4, 0x2e, 0xc4, 0x2e, 0xbc,
    0x2d, 0xbc, 0xcb, 0x6a, 0x89, 0x21, 0xa8, 0x21, 0x89, 0x21, 0xa9, 0x29,
    0x89, 0x21, 0xa9, 0x21, 0xa9, 0x29, 0xa9, 0x21, 0x89, 0x21, 0xa9, 0x21,
    0xa9, 0x29, 0xa9, 0x29, 0xa9, 0x21, 0xa9, 0x29, 0xa9, 0x29, 0xa9, 0x21,
    0xa9, 0x29, 0xaa, 0x29, 0xa9, 0x29, 0xa9, 0x21, 0xa9, 0x29, 0xc9, 0x29,
    0xc9, 0x29, 0xa9, 0x29, 0xc9, 0x29, 0xa9, 0x29, 0xa9, 0x29, 0xca, 0x31,
    0x09, 0x3a, 0xe9, 0x39, 0xea, 0x39, 0x0a, 0x3a, 0xcd, 0xa3, 0x8e, 0xc4,
    0x4e, 0xbc, 0xc9, 0x31, 0xa9, 0x29, 0xa9, 0x21, 0xa9, 0x29, 0xaa, 0x29,
    0xa9, 0x21, 0xc9, 0x29, 0xaa, 0x29, 0xc9, 0x29, 0xc9, 0x29, 0xc9, 0x31,
    0xc9, 0x31, 0xc9, 0x31, 0x09, 0x42, 0x2a, 0x4a, 0x29, 0x4a, 0x2a, 0x42,
    0x8b, 0x4a, 0xab, 0x4a, 0xab, 0x4a, 0x8b, 0x42, 0x8b, 0x4a, 0xab, 0x4a,
    0xab, 0x4a, 0x4e, 0x9c, 0xaf, 0xac, 0xb0, 0xac, 0xf0, 0xb4, 0xf0, 0xb4,
    0xd0, 0xb4, 0xd0, 0xb4, 0xd0, 0xbc, 0xd0, 0xb4, 0xd0, 0xbc, 0xd0, 0xbc,
    0xd0, 0xb4, 0xd0, 0xbc, 0xd0, 0xb4, 0xb0, 0xac, 0xb0, 0xac, 0xd0, 0xb4,
    0xf0, 0xb4, 0xf0, 0xb4, 0xf0, 0xb4, 0xf0, 0xb4, 0xf0, 0xb4, 0xf0, 0xb4,
    0xf1, 0xb4, 0xf0, 0xac, 0x10, 0xb5, 0xf1, 0xac, 0x11, 0xb5, 0x31, 0xb5,
    0x32, 0xad, 0x32, 0xad, 0x32, 0xad, 0x32, 0xad, 0x31, 0xa5, 0x31, 0xad,
    0x32, 0xa5, 0x32, 0xad, 0x52, 0xad, 0x52, 0xa5, 0x52, 0xad, 0x52, 0xad,
    0x52, 0xad, 0x52, 0xad, 0x52, 0xad, 0x52, 0xb5, 0x52, 0xb5, 0x51, 0xbd,
    0x51, 0xbd, 0x70, 0xc5, 0x70, 0xc5, 0x50, 0xc5, 0x50, 0xc5, 0x50, 0xc5,
    0x50, 0xcd, 0x4f, 0xcd, 0x50, 0xcd, 0x4f, 0xcd, 0x4f, 0xcd, 0x4f, 0xd5,
    0x4f, 0xd5, 0x4f, 0xd5, 0x4f, 0xd5, 0x4f, 0xd5, 0x4f, 0xd5, 0x4f, 0xd5,
    0x2f, 0xd5, 0x2f, 0xd5, 0x4f, 0xd5, 0x6f, 0xdd, 0xaf, 0xdd, 0x90, 0xd5,
    0x90, 0xd5, 0x90, 0xd5, 0x90, 0xd5, 0x90, 0xd5, 0x90, 0xd5, 0x90, 0xd5,
    0x90, 0xd5, 0x90, 0xd5, 0x90, 0xcd, 0x90, 0xd5, 0x90, 0xd5, 0x90, 0xd5,
    0xb0, 0xd5, 0xb0, 0xdd, 0xb0, 0xdd, 0xb0, 0xdd, 0xd0, 0xe5, 0xd0, 0xe5,
    0xb0, 0xdd, 0xb0, 0xe5, 0xd0, 0xdd, 0xd1, 0xcd, 0xb2, 0xc5, 0xb2, 0xc5,
    0xb2, 0xc5, 0xd1, 0xcd, 0xd1, 0xcd, 0xd1, 0xd5, 0xd1, 0xd5, 0xd1, 0xd5,
    0xf1, 0xd5, 0xf1, 0xe5, 0x10, 0xee, 0xf0, 0xed, 0x52, 0xee, 0x54, 0xde,
    0x95, 0xde, 0x95, 0xde, 0x95, 0xde, 0x96, 0xde, 0x95, 0xde, 0x96, 0xde,
    0x96, 0xde, 0x76, 0xde, 0x76, 0xde, 0x95, 0xde, 0xb5, 0xde, 0xb5, 0xe6,
    0x54, 0xd6, 0xb3, 0xc5, 0xd4, 0xbd, 0xd5, 0xad, 0xd5, 0xad, 0xd5, 0xad,
    0xd5, 0xa5, 0xf5, 0xb5, 0x56, 0xc6, 0x76, 0xc6, 0x16, 0xae, 0x35, 0xb6,
    0xd6, 0xd6, 0x36, 0xef, 0x16, 0xae, 0xf6, 0xa5, 0xf7, 0xde, 0x57, 0xef,
    0x37, 0xef, 0x16, 0xef, 0x76, 0xe6, 0xf4, 0xe5, 0xd4, 0xe5, 0xb2, 0xe5,
    0x92, 0xe5, 0x93, 0xe5, 0xb3, 0xe5, 0xb3, 0xd5, 0x15, 0xce, 0x57, 0xd6,
    0x36, 0xd6, 0x36, 0xce, 0x15, 0xd6, 0xf4, 0xd5, 0x37, 0xce, 0x77, 0xce,
    0x57, 0xc6, 0x57, 0xc6, 0x37, 0xbe, 0x36, 0xae, 0x36, 0xae, 0x36, 0xae,
    0x36, 0xb6, 0x36, 0xb6, 0x36, 0xb6, 0x56, 0xb6, 0x56, 0xb6, 0x56, 0xb6,
    0x56, 0xb6, 0x56, 0xb6, 0x56, 0xb6, 0x76, 0xb6, 0x96, 0xc6, 0xb6, 0xce,
    0xd6, 0xd6, 0xd7, 0xd6, 0xd7, 0xd6, 0xd6, 0xd6, 0x15, 0xbe, 0x32, 0x9d,
    0x30, 0x7c, 0x6e, 0x63, 0x4e, 0x63, 0x2d, 0x63, 0x0d, 0x5b, 0x0d, 0x5b,
    0x0d, 0x5b, 0x0d, 0x5b, 0x0d, 0x5b, 0x0d, 0x5b, 0x0d, 0x63, 0x0d, 0x5b,
    0x0d, 0x63, 0x0d, 0x63, 0x0d, 0x5b, 0x0d, 0x63, 0x0c, 0x63, 0x0d, 0x63,
    0x0c, 0x63, 0x0c, 0x63, 0x0d, 0x63, 0x0c, 0x63, 0x0d, 0x5b, 0xed, 0x62,
    0xac, 0x52, 0x8c, 0x42, 0x6d, 0x42, 0x6c, 0x3a, 0x6c, 0x42, 0x4c, 0x3a,
    0x4c, 0x3a, 0x2c, 0x3a, 0x2c, 0x32, 0x4c, 0x3a, 0x2c, 0x3a, 0x0b, 0x32,
    0x0b, 0x32, 0x0b, 0x32, 0x0b, 0x32, 0x0b, 0x32, 0x0b, 0x32, 0xeb, 0x31,
    0xeb, 0x31, 0x0b, 0x32, 0x0b, 0x32, 0x0b, 0x32, 0x0b, 0x32, 0x0b, 0x32,
    0x0b, 0x3a, 0x4b, 0x3a, 0x4b, 0x42, 0x4b, 0x42, 0x4b, 0x42, 0x6b, 0x42,
    0x6b, 0x42, 0x6b, 0x42, 0x4b, 0x42, 0x4c, 0x42, 0xed, 0xb3, 0xed, 0xab,
    0xed, 0xb3, 0xed, 0xb3, 0xed, 0xb3, 0xed, 0xb3, 0xed, 0xb3, 0xed, 0xbb,
    0xed, 0xbb, 0xed, 0xbb, 0x0d, 0xbc, 0xed, 0xbb, 0x0d, 0xbc, 0x0d, 0xbc,
    0x0d, 0xbc, 0x0e, 0xbc, 0x0e, 0xc4, 0x2d, 0xc4, 0x2d, 0xbc, 0x2e, 0xbc,
    0x2d, 0xc4, 0x2e, 0xc4, 0x2d, 0xbc, 0xaa, 0x62, 0x89, 0x21, 0x89, 0x21,
    0xa9, 0x21, 0x89, 0x29, 0xa8, 0x21, 0xa9, 0x21, 0xa9, 0x29, 0xa9, 0x21,
    0xa9, 0x21, 0xa9, 0x29, 0xa9, 0x21, 0xa9, 0x21, 0xa9, 0x21, 0xa9, 0x29,
    0xa9, 0x29, 0xa9, 0x21, 0xa9, 0x21, 0xa9, 0x29, 0xa9, 0x29, 0xa9, 0x21,
    0xa9, 0x29, 0xc9, 0x29, 0xa9, 0x29, 0xc9, 0x29, 0xc9, 0x29, 0xc9, 0x29,
    0xa9, 0x29, 0xea, 0x39, 0x09, 0x3a, 0x09, 0x3a, 0x09, 0x3a, 0x0a, 0x42,
    0x0d, 0xac, 0xcd, 0x9b, 0x0c, 0x6b, 0x2a, 0x3a, 0xa9, 0x29, 0xa9, 0x21,
    0xa9, 0x29, 0xa9, 0x29, 0xa9, 0x21, 0xa9, 0x29, 0xc9, 0x29, 0xa9, 0x29,
    0xc9, 0x29, 0xca, 0x29, 0xc9, 0x31, 0xc9, 0x31, 0xe9, 0x31, 0x0a, 0x42,
    0x29, 0x4a, 0x29, 0x4a, 0x6a, 0x4a, 0xab, 0x4a, 0xab, 0x4a, 0xab, 0x4a,
    0xab, 0x4a, 0x8b, 0x4a, 0x8b, 0x4a, 0x8d, 0x73, 0x8f, 0xac, 0x8f, 0xb4,
    0xaf, 0xbc, 0xcf, 0xbc, 0xcf, 0xbc, 0xcf, 0xbc, 0x8f, 0xb4, 0x4e, 0x9c,
    0x0e, 0x8c, 0xcd, 0x83, 0x6d, 0x73, 0x2c, 0x63, 0xec, 0x52, 0xec, 0x52,
    0xcb, 0x52, 0xec, 0x52, 0x4d, 0x63, 0xee, 0x83, 0xd0, 0xac, 0xf0, 0xb4,
    0xf1, 0xb4, 0xf0, 0xb4, 0xf0, 0xb4, 0xf1, 0xb4, 0xf0, 0xb4, 0xf1, 0xb4,
    0xf0, 0xac, 0x11, 0xad, 0x31, 0xad, 0x52, 0xad, 0x52, 0xa5, 0x52, 0xa5,
    0x52, 0xad, 0x52, 0xad, 0x52, 0xad, 0x52, 0xad, 0x52, 0xb5, 0x52, 0xb5,
    0x72, 0xb5, 0x72, 0xbd, 0x72, 0xbd, 0x72, 0xbd, 0x72, 0xbd, 0x72, 0xbd,
    0x72, 0xbd, 0x51, 0xbd, 0x50, 0xc5, 0x50, 0xbd, 0x50, 0xbd, 0x30, 0xc5,
    0x50, 0xc5, 0x50, 0xc5, 0x50, 0xc5, 0x50, 0xc5, 0x50, 0xc5, 0x30, 0xbd,
    0x51, 0xbd, 0x70, 0xcd, 0x50, 0xcd, 0x50, 0xbd, 0x51, 0xbd, 0x51, 0xbd,
    0x51, 0xbd, 0x50, 0xbd, 0x2f, 0xcd, 0x4f, 0xdd, 0x8f, 0xdd, 0xaf, 0xdd,
    0xb0, 0xdd, 0x90, 0xd5, 0x90, 0xd5, 0x90, 0xd5, 0x90, 0xd5, 0x90, 0xcd,
    0x90, 0xd5, 0x90, 0xcd, 0x90, 0xcd, 0x90, 0xd5, 0x90, 0xcd, 0x90, 0xcd,
    0x90, 0xd5, 0x90, 0xd5, 0x90, 0xd5, 0xb0, 0xd5, 0xb0, 0xdd, 0xb0, 0xdd,
    0xcf, 0xdd, 0xb0, 0xdd, 0xd0, 0xe5, 0xb0, 0xdd, 0xb0, 0xdd, 0xb0, 0xdd,
    0xb0, 0xdd, 0xb0, 0xdd, 0xb0, 0xdd, 0xb0, 0xdd, 0xb0, 0xdd, 0xb0, 0xe5,
    0xaf, 0xe5, 0xaf, 0xe5, 0xaf, 0xe5, 0xaf, 0xe5, 0xaf, 0xed, 0xd0, 0xed,
    0xd0, 0xed, 0xf2, 0xe5, 0x74, 0xde, 0x95, 0xe6, 0x75, 0xe6, 0x95, 0xe6,
    0x95, 0xe6, 0x95, 0xe6, 0x96, 0xde, 0x76, 0xd6, 0x76, 0xd6, 0x76, 0xde,
    0x96, 0xde, 0xb6, 0xde, 0x95, 0xde, 0x75, 0xde, 0x34, 0xce, 0xf4, 0xbd,
    0xd5, 0xad, 0xf5, 0xad, 0x15, 0xb6, 0x75, 0xd6, 0xb6, 0xd6, 0xd6, 0xd6,
    0xb6, 0xce, 0xf6, 0xde, 0x36, 0xef, 0x56, 0xf7, 0xb6, 0xce, 0x36, 0xb6,
    0xd7, 0xd6, 0x57, 0xef, 0x36, 0xef, 0xd7, 0xe6, 0x56, 0xde, 0xd4, 0xe5,
    0xf4, 0xdd, 0x15, 0xde, 0x15, 0xde, 0x36, 0xd6, 0x56, 0xd6, 0x36, 0xd6,
    0x57, 0xd6, 0x57, 0xce, 0x57, 0xce, 0x77, 0xce, 0x57, 0xce, 0x37, 0xce,
    0x57, 0xce, 0x17, 0xa6, 0xf6, 0x95, 0x16, 0xa6, 0xd6, 0x8d, 0xd6, 0x85,
    0xd6, 0x8d, 0xd6, 0x8d, 0xf6, 0x9d, 0x56, 0xbe, 0x96, 0xc6, 0x97, 0xce,
    0xb6, 0xce, 0xb6, 0xce, 0xb7, 0xce, 0x97, 0xc6, 0x96, 0xbe, 0x97, 0xc6,
    0x96, 0xc6, 0x96, 0xce, 0xb6, 0xd6, 0xb6, 0xce, 0x35, 0xbe, 0x13, 0x8d,
    0xaf, 0x63, 0x6e, 0x63, 0x2e, 0x63, 0x2d, 0x5b, 0x0d, 0x5b, 0x0d, 0x5b,
    0x0d, 0x5b, 0x0d, 0x5b, 0x0d, 0x63, 0x0d, 0x63, 0x0d, 0x63, 0x0d, 0x63,
    0x0d, 0x63, 0x0d, 0x63, 0x0d, 0x63, 0x0c, 0x63, 0x0d, 0x63, 0xed, 0x5a,
    0x0d, 0x63, 0xed, 0x5a, 0xed, 0x5a, 0xed, 0x5a, 0xed, 0x5a, 0xed, 0x5a,
    0xed, 0x5a, 0xed, 0x5a, 0xed, 0x52, 0xed, 0x5a, 0xcd, 0x52, 0xcd, 0x52,
    0xcd, 0x52, 0xad, 0x4a, 0x8c, 0x42, 0x4c, 0x3a, 0x4c, 0x3a, 0x2b, 0x3a,
    0x2c, 0x3a, 0x0c, 0x32, 0x0b, 0x3a, 0x0c, 0x3a, 0x0b, 0x32, 0x0b, 0x32,
    0x0b, 0x32, 0x0b, 0x32, 0x0b, 0x32, 0x0b, 0x32, 0x0b, 0x3a, 0x2b, 0x3a,
    0x2b, 0x3a, 0x4b, 0x3a, 0x4b, 0x42, 0x6b, 0x4a, 0x6c, 0x4a, 0x8c, 0x4a,
    0x8c, 0x4a, 0x6c, 0x4a, 0x6c, 0x42, 0x4c, 0x42, 0x4c, 0x42, 0x4b, 0x3a,
    0x0e, 0xa4, 0x0e, 0xa4, 0x0e, 0xa4, 0x0e, 0xa4, 0x0d, 0xac, 0xed, 0xab,
    0xed, 0xb3, 0xed, 0xb3, 0xed, 0xbb, 0xed, 0xbb, 0xed, 0xbb, 0xed, 0xbb,
    0xed, 0xbb, 0x0d, 0xbc, 0x0d, 0xc4, 0x0d, 0xbc, 0x0d, 0xbc, 0x0d, 0xbc,
    0x0d, 0xbc, 0x2d, 0xc4, 0x2d, 0xc4, 0x2d, 0xc4, 0x2d, 0xbc, 0x6a, 0x5a,
    0x89, 0x21, 0x88, 0x21, 0xa9, 0x21, 0xa9, 0x29, 0xa9, 0x21, 0x89, 0x21,
    0x89, 0x21, 0xa8, 0x21, 0xa9, 0x21, 0xa9, 0x29, 0xa8, 0x21, 0xa9, 0x21,
    0xa9, 0x21, 0xa9, 0x29, 0xa9, 0x29, 0xa9, 0x21, 0xa9, 0x29, 0xa9, 0x29,
    0xa9, 0x21, 0xa9, 0x29, 0xa9, 0x29, 0xca, 0x29, 0xa9, 0x29, 0xa9, 0x29,
    0xca, 0x29, 0xa9, 0x29, 0xea, 0x31, 0x09, 0x3a, 0xe9, 0x39, 0xea, 0x39,
    0x09, 0x3a, 0x09, 0x42, 0xab, 0x52, 0xab, 0x4a, 0xab, 0x4a, 0x8b, 0x42,
    0xc9, 0x29, 0xa9, 0x21, 0xa9, 0x29, 0xa9, 0x21, 0xa9, 0x21, 0xa9, 0x29,
    0xc9, 0x29, 0xa9, 0x29, 0xc9, 0x29, 0xc9, 0x31, 0xa9, 0x31, 0xc9, 0x31,
    0xca, 0x31, 0x0a, 0x42, 0x29, 0x42, 0x09, 0x4a, 0x4a, 0x4a, 0x8b, 0x4a,
    0xab, 0x4a, 0xab, 0x4a, 0xab, 0x4a, 0xab, 0x4a, 0x8b, 0x4a, 0xcc, 0x52,
    0x6f, 0xac, 0x6f, 0xac, 0xaf, 0xbc, 0x8f, 0xac, 0x0e, 0x94, 0x4c, 0x63,
    0xcc, 0x52, 0xcc, 0x4a, 0xcb, 0x52, 0xcc, 0x52, 0xcb, 0x4a, 0xcb, 0x4a,
    0xcc, 0x52, 0xcb, 0x4a, 0xcb, 0x4a, 0xab, 0x4a, 0xcc, 0x52, 0xac, 0x52,
    0xec, 0x5a, 0xce, 0x83, 0xcf, 0xbc, 0xcf, 0xbc, 0xd0, 0xbc, 0xf0, 0xb4,
    0xf0, 0xb4, 0x11, 0xb5, 0x11, 0xb5, 0x31, 0xb5, 0x31, 0xb5, 0x32, 0xad,
    0x51, 0xad, 0x32, 0xad, 0x72, 0xbd, 0x72, 0xbd, 0x72, 0xbd, 0x72, 0xbd,
    0x92, 0xbd, 0x72, 0xbd, 0x72, 0xbd, 0x72, 0xbd, 0x52, 0xbd, 0x52, 0xbd,
    0x52, 0xbd, 0x52, 0xbd, 0x52, 0xb5, 0x32, 0xb5, 0x31, 0xad, 0x31, 0xad,
    0x31, 0xad, 0x31, 0xad, 0x31, 0xad, 0x31, 0xad, 0x11, 0xb5, 0x31, 0xb5,
    0x31, 0xb5, 0x31, 0xb5, 0x31, 0xb5, 0x70, 0xd5, 0x70, 0xd5, 0x70, 0xcd,
    0x51, 0xb5, 0x52, 0xb5, 0x51, 0xb5, 0x71, 0xb5, 0x50, 0xcd, 0x6f, 0xdd,
    0xaf, 0xe5, 0xb0, 0xdd, 0x90, 0xd5, 0x90, 0xd5, 0x90, 0xd5, 0x90, 0xd5,
    0x90, 0xd5, 0x90, 0xcd, 0x90, 0xd5, 0xb0, 0xd5, 0x90, 0xd5, 0x90, 0xd5,
    0x90, 0xcd, 0x90, 0xcd, 0x90, 0xcd, 0x90, 0xd5, 0x90, 0xd5, 0x90, 0xd5,
    0x90, 0xd5, 0xb0, 0xd5, 0xb0, 0xdd, 0xb0, 0xe5, 0xd0, 0xe5, 0xb0, 0xe5,
    0xd0, 0xdd, 0xb0, 0xe5, 0xb0, 0xe5, 0xb0, 0xe5, 0xb0, 0xdd, 0xb0, 0xdd,
    0x90, 0xe5, 0x90, 0xdd, 0x8f, 0xe5, 0x8f, 0xe5, 0x8f, 0xe5, 0x8f, 0xe5,
    0x8f, 0xe5, 0x8e, 0xe5, 0x8e, 0xe5, 0x8f, 0xe5, 0x8f, 0xe5, 0x8f, 0xe5,
    0x8f, 0xe5, 0xaf, 0xe5, 0x52, 0xee, 0x73, 0xe6, 0x74, 0xe6, 0x96, 0xde,
    0x76, 0xd6, 0x77, 0xd6, 0x76, 0xd6, 0x76, 0xde, 0x96, 0xde, 0x95, 0xde,
    0x75, 0xde, 0x14, 0xce, 0x14, 0xce, 0x35, 0xd6, 0x35, 0xd6, 0xf6, 0xe6,
    0x16, 0xe7, 0xf5, 0xde, 0x16, 0xe7, 0x96, 0xf7, 0x96, 0xf7, 0x96, 0xf7,
    0x76, 0xf7, 0x57, 0xef, 0x57, 0xef, 0x56, 0xef, 0x36, 0xf7, 0xf8, 0xde,
    0x98, 0xce, 0x98, 0xce, 0x15, 0xd6, 0x36, 0xd6, 0x35, 0xde, 0x35, 0xde,
    0x34, 0xde, 0x14, 0xd6, 0x35, 0xd6, 0x36, 0xce, 0x57, 0xce, 0x57, 0xce,
    0x57, 0xc6, 0x57, 0xc6, 0x57, 0xc6, 0x57, 0xbe, 0x37, 0xae, 0x37, 0xae,
    0x17, 0xa6, 0x36, 0xa6, 0x37, 0xae, 0x37, 0xb6, 0x76, 0xbe, 0xb7, 0xd6,
    0xd7, 0xde, 0xd6, 0xd6, 0xb6, 0xd6, 0xb6, 0xce, 0x97, 0xce, 0x97, 0xc6,
    0x96, 0xce, 0x97, 0xce, 0x97, 0xc6, 0x76, 0xc6, 0x93, 0xb5, 0xd1, 0x9c,
    0x31, 0x64, 0xb0, 0x5b, 0x6f, 0x5b, 0x4e, 0x5b, 0x0d, 0x53, 0xed, 0x52,
    0xed, 0x5a, 0xed, 0x5a, 0xed, 0x5a, 0xed, 0x5a, 0xed, 0x5a, 0xed, 0x5a,
    0xed, 0x5a, 0xed, 0x52, 0xed, 0x52, 0xed, 0x52, 0xcd, 0x4a, 0xcd, 0x4a,
    0xcd, 0x52, 0xed, 0x52, 0xed, 0x52, 0xed, 0x5a, 0xed, 0x5a, 0xed, 0x5a,
    0xed, 0x5a, 0xed, 0x5a, 0xed, 0x5a, 0xed, 0x5a, 0xcd, 0x52, 0xed, 0x5a,
    0xcd, 0x5a, 0xcd, 0x52, 0xcd, 0x52, 0xad, 0x52, 0x6c, 0x42, 0x4c, 0x42,
    0x4c, 0x3a, 0x2c, 0x3a, 0x2b, 0x3a, 0x4c, 0x3a, 0x4c, 0x42, 0x2c, 0x3a,
    0x4c, 0x3a, 0x6c, 0x4a, 0x6c, 0x4a, 0x8c, 0x4a, 0x8c, 0x4a, 0x8c, 0x4a,
    0x8c, 0x4a, 0x8c, 0x4a, 0x8c, 0x4a, 0x8c, 0x4a, 0x8c, 0x4a, 0x8c, 0x4a,
    0x8c, 0x4a, 0x6c, 0x42, 0x6c, 0x42, 0x6c, 0x42, 0x4b, 0x42, 0x4c, 0x3a,
    0x4b, 0x3a, 0x4c, 0x3a, 0x0e, 0x94, 0x0e, 0x94, 0x2f, 0x94, 0x2e, 0x9c,
    0x2f, 0x9c, 0x0e, 0x9c, 0x0e, 0xa4, 0x0e, 0xac, 0x0d, 0xac, 0x0d, 0xb4,
    0xed, 0xbb, 0xed, 0xbb, 0x0d, 0xbc, 0xed, 0xbb, 0x0d, 0xbc, 0x0d, 0xbc,
    0x0d, 0xbc, 0x0d, 0xbc, 0x0d, 0xc4, 0x0d, 0xbc, 0x0d, 0xbc, 0x2e, 0xbc,
    0x2d, 0xc4, 0x4a, 0x52, 0x89, 0x21, 0x89, 0x21, 0xa9, 0x21, 0xa9, 0x29,
    0xa9, 0x29, 0xa9, 0x21, 0xa9, 0x21, 0x89, 0x29, 0xa9, 0x29, 0xa8, 0x21,
    0xa9, 0x29, 0xa9, 0x29, 0xa9, 0x21, 0xa9, 0x21, 0xa9, 0x21, 0xa9, 0x21,
    0xa9, 0x29, 0xa9, 0x29, 0xa9, 0x21, 0xa9, 0x29, 0xa9, 0x29, 0xa9, 0x21,
    0xc9, 0x29, 0xa9, 0x29, 0xa9, 0x29, 0xc9, 0x29, 0xea, 0x39, 0x09, 0x3a,
    0xe9, 0x39, 0xc9, 0x31, 0xe9, 0x31, 0x0a, 0x42, 0x4a, 0x42, 0x8b, 0x4a,
    0x8b, 0x4a, 0x8b, 0x4a, 0xea, 0x31, 0xa9, 0x29, 0xc9, 0x21, 0xa9, 0x29,
    0xaa, 0x29, 0xa9, 0x29, 0xa9, 0x29, 0xca, 0x29, 0xc9, 0x29, 0xa9, 0x29,
    0xc9, 0x29, 0xc9, 0x31, 0xc9, 0x31, 0xe9, 0x39, 0x2a, 0x42, 0x29, 0x42,
    0x2a, 0x4a, 0x6a, 0x42, 0x8b, 0x42, 0xab, 0x4a, 0xab, 0x4a, 0xab, 0x4a,
    0xab, 0x4a, 0xcb, 0x4a, 0x6d, 0x73, 0x6d, 0x73, 0x0c, 0x63, 0xcc, 0x4a,
    0xab, 0x4a, 0xcb, 0x52, 0xcc, 0x4a, 0xab, 0x4a, 0xab, 0x4a, 0xac, 0x4a,
    0xcb, 0x4a, 0xcb, 0x4a, 0xab, 0x4a, 0xcb, 0x52, 0xab, 0x4a, 0xac, 0x4a,
    0xcb, 0x4a, 0xcb, 0x4a, 0xac, 0x4a, 0xcb, 0x4a, 0x2c, 0x6b, 0x6e, 0xbc,
    0x8e, 0xcc, 0xae, 0xc4, 0xaf, 0xc4, 0xcf, 0xbc, 0xcf, 0xbc, 0xf0, 0xbc,
    0x11, 0xb5, 0x11, 0xb5, 0x31, 0xb5, 0x31, 0xb5, 0x52, 0xbd, 0x52, 0xbd,
    0x52, 0xbd, 0x72, 0xbd, 0x72, 0xbd, 0x72, 0xbd, 0x32, 0xb5, 0x32, 0xb5,
    0x52, 0xb5, 0x32, 0xb5, 0x31, 0xad, 0x32, 0xad, 0x31, 0xad, 0x32, 0xad,
    0x32, 0xad, 0x32, 0xad, 0x32, 0xad, 0x32, 0xa5, 0x32, 0xa5, 0x31, 0xad,
    0x11, 0xb5, 0x11, 0xb5, 0x30, 0xb5, 0x50, 0xbd, 0x50, 0xc5, 0x6f, 0xd5,
    0x8f, 0xdd, 0x6f, 0xe5, 0x6f, 0xdd, 0x6f, 0xdd, 0x6f, 0xdd, 0x6f, 0xdd,
    0x6f, 0xdd, 0x90, 0xcd, 0x8f, 0xdd, 0xb0, 0xdd, 0xb0, 0xd5, 0x90, 0xd5,
    0x8f, 0xd5, 0x90, 0xcd, 0x90, 0xd5, 0x90, 0xd5, 0x90, 0xd5, 0xb0, 0xcd,
    0x90, 0xd5, 0x90, 0xd5, 0x90, 0xcd, 0x90, 0xd5, 0x90, 0xd5, 0xb0, 0xcd,
    0x90, 0xcd, 0x90, 0xd5, 0x90, 0xcd, 0x90, 0xd5, 0xb0, 0xdd, 0xb0, 0xdd,
    0xaf, 0xe5, 0xaf, 0xe5, 0xaf, 0xe5, 0xaf, 0xed, 0x8f, 0xed, 0x8f, 0xe5,
    0x8f, 0xe5, 0x8f, 0xe5, 0x8f, 0xe5, 0x8f, 0xe5, 0x8f, 0xe5, 0x8f, 0xe5,
    0x8f, 0xe5, 0x8f, 0xe5, 0x8f, 0xe5, 0x6e, 0xe5, 0x6f, 0xe5, 0x8e, 0xe5,
    0x6f, 0xe5, 0x6f, 0xe5, 0x8e, 0xe5, 0x8f, 0xed, 0x8f, 0xe5, 0xaf, 0xe5,
    0xd0, 0xe5, 0x31, 0xee, 0xd4, 0xee, 0xd5, 0xe6, 0x76, 0xd6, 0x77, 0xd6,
    0x76, 0xde, 0x96, 0xde, 0x76, 0xde, 0x76, 0xde, 0x95, 0xde, 0xb6, 0xde,
    0x16, 0xef, 0x76, 0xf7, 0x96, 0xff, 0x56, 0xf7, 0x56, 0xef, 0x76, 0xf7,
    0x77, 0xf7, 0x76, 0xf7, 0x37, 0xe7, 0xf7, 0xde, 0x56, 0xf7, 0x36, 0xf7,
    0x35, 0xef, 0xd6, 0xe6, 0xb6, 0xde, 0x95, 0xde, 0x54, 0xe6, 0x33, 0xde,
    0xf3, 0xdd, 0xd3, 0xcd, 0xd4, 0xbd, 0x54, 0xa5, 0x34, 0x9d, 0xd5, 0xb5,
    0xf5, 0xc5, 0x37, 0xbe, 0xd5, 0xad, 0x16, 0xae, 0x17, 0xae, 0x17, 0xae,
    0x37, 0xae, 0x37, 0xae, 0x37, 0xb6, 0x37, 0xb6, 0x57, 0xb6, 0x57, 0xbe,
    0x77, 0xc6, 0x57, 0xb6, 0x37, 0xae, 0x37, 0xae, 0x37, 0xae, 0x56, 0xb6,
    0x56, 0xb6, 0x77, 0xbe, 0x96, 0xc6, 0x96, 0xc6, 0x76, 0xc6, 0x53, 0xad,
    0x2f, 0x94, 0x10, 0x74, 0xf0, 0x63, 0x2e, 0x5b, 0x0d, 0x5b, 0xee, 0x5a,
    0x0e, 0x63, 0x0d, 0x63, 0x2d, 0x63, 0x2d, 0x63, 0x2d, 0x63, 0x0d, 0x63,
    0x0d, 0x63, 0x0d, 0x5b, 0x0d, 0x63, 0x0d, 0x5b, 0x0d, 0x5b, 0xed, 0x5a,
    0x0d, 0x5b, 0xed, 0x5a, 0xed, 0x5a, 0xed, 0x5a, 0xed, 0x5a, 0xed, 0x5a,
    0xed, 0x5a, 0xed, 0x5a, 0xed, 0x5a, 0xed, 0x5a, 0xed, 0x5a, 0xed, 0x5a,
    0xcd, 0x5a, 0xed, 0x5a, 0xed, 0x5a, 0xed, 0x5a, 0x0d, 0x63, 0xed, 0x5a,
    0xac, 0x52, 0x8c, 0x4a, 0x8c, 0x4a, 0xac, 0x4a, 0xad, 0x52, 0xac, 0x52,
    0xac, 0x4a, 0xac, 0x4a, 0xac, 0x52, 0xac, 0x52, 0xac, 0x4a, 0xac, 0x4a,
    0x8c, 0x52, 0xac, 0x4a, 0x8c, 0x4a, 0x8c, 0x4a, 0x8c, 0x4a, 0x8c, 0x4a,
    0x8c, 0x4a, 0x8c, 0x4a, 0x8c, 0x4a, 0x6c, 0x42, 0x4b, 0x42, 0x4b, 0x3a,
    0x2b, 0x3a, 0x2b, 0x3a, 0x2b, 0x32, 0x0b, 0x32, 0x2d, 0x7b, 0x4d, 0x7b,
    0x6d, 0x7b, 0x8d, 0x83, 0xce, 0x83, 0x0f, 0x8c, 0x2f, 0x94, 0x2e, 0x9c,
    0x2e, 0xa4, 0x2e, 0xa4, 0x0e, 0xac, 0x0d, 0xb4, 0x0d, 0xbc, 0x0d, 0xbc,
    0xed, 0xbb, 0x0d, 0xbc, 0x0d, 0xc4, 0x0d, 0xbc, 0x0d, 0xbc, 0x0d, 0xc4,
    0x0d, 0xbc, 0x0d, 0xbc, 0x2d, 0xc4, 0x2a, 0x4a, 0x89, 0x21, 0x88, 0x21,
    0xa9, 0x21, 0xa9, 0x21, 0x89, 0x21, 0xa9, 0x21, 0xa9, 0x21, 0xa9, 0x21,
    0xa9, 0x21, 0xa9, 0x21, 0xa9, 0x21, 0xa9, 0x29, 0xa9, 0x21, 0xa9, 0x21,
    0xa9, 0x29, 0xa9, 0x21, 0xa9, 0x21, 0xa9, 0x29, 0xa9, 0x21, 0xa9, 0x29,
    0xa9, 0x29, 0xc9, 0x21, 0xc9, 0x29, 0xc9, 0x29, 0xa9, 0x29, 0xc9, 0x29,
    0xea, 0x39, 0xea, 0x31, 0xc9, 0x31, 0xc9, 0x31, 0xca, 0x31, 0x0a, 0x3a,
    0x09, 0x42, 0x6a, 0x42, 0x8b, 0x42, 0x8b, 0x42, 0x4a, 0x3a, 0xc9, 0x29,
    0xa9, 0x29, 0xa9, 0x29, 0xa9, 0x21, 0xa9, 0x21, 0xa9, 0x29, 0xa9, 0x21,
    0xa9, 0x29, 0xc9, 0x29, 0xc9, 0x31, 0xc9, 0x29, 0xc9, 0x31, 0xc9, 0x31,
    0x0a, 0x42, 0x29, 0x4a, 0x2a, 0x4a, 0x4a, 0x42, 0x8b, 0x4a, 0x8b, 0x4a,
    0xab, 0x4a, 0xab, 0x4a, 0xcb, 0x4a, 0xcb, 0x4a, 0xcb, 0x52, 0xcb, 0x4a,
    0xcb, 0x4a, 0xcb, 0x52, 0xcc, 0x52, 0xab, 0x4a, 0xab, 0x4a, 0xab, 0x4a,
    0xab, 0x4a, 0xab, 0x4a, 0xab, 0x4a, 0xac, 0x4a, 0xcb, 0x4a, 0xab, 0x4a,
    0xcb, 0x52, 0xab, 0x52, 0xcb, 0x4a, 0xab, 0x4a, 0xcb, 0x52, 0xab, 0x4a,
    0xcb, 0x4a, 0xec, 0x5a, 0x2e, 0xac, 0x8e, 0xc4, 0x8e, 0xc4, 0xcf, 0xc4,
    0xaf, 0xc4, 0xaf, 0xc4, 0xaf, 0xc4, 0xaf, 0xc4, 0xcf, 0xc4, 0xf0, 0xbc,
    0xf0, 0xbc, 0x10, 0xbd, 0x11, 0xbd, 0x31, 0xb5, 0x31, 0xb5, 0x31, 0xb5,
    0x11, 0xad, 0x31, 0xb5, 0x31, 0xad, 0x52, 0xad, 0x52, 0xad, 0x31, 0xad,
    0x32, 0xad, 0x32, 0xa5, 0x32, 0xa5, 0x12, 0xa5, 0x32, 0xad, 0x32, 0xad,
    0x31, 0xad, 0x31, 0xb5, 0x10, 0xb5, 0x10, 0xbd, 0x70, 0xcd, 0x8f, 0xdd,
    0x90, 0xd5, 0x70, 0xd5, 0x6f, 0xdd, 0x8f, 0xe5, 0x8e, 0xed, 0x8e, 0xed,
    0x8f, 0xe5, 0x8f, 0xe5, 0xb1, 0xcd, 0xb1, 0xc5, 0xb0, 0xd5, 0xb0, 0xd5,
    0xb0, 0xd5, 0xb0, 0xd5, 0xb0, 0xd5, 0x90, 0xd5, 0x90, 0xd5, 0x90, 0xd5,
    0x90, 0xcd, 0x90, 0xcd, 0x90, 0xd5, 0x90, 0xcd, 0x90, 0xd5, 0xb0, 0xd5,
    0x90, 0xd5, 0x90, 0xd5, 0xb0, 0xd5, 0x90, 0xd5, 0x90, 0xd5, 0x90, 0xd5,
    0x90, 0xd5, 0xaf, 0xe5, 0xaf, 0xdd, 0xb0, 0xe5, 0xae, 0xed, 0x8e, 0xe5,
    0x8f, 0xe5, 0x8f, 0xe5, 0x8f, 0xdd, 0x8f, 0xdd, 0x8f, 0xdd, 0x90, 0xdd,
    0x90, 0xdd, 0x90, 0xdd, 0x90, 0xdd, 0x90, 0xdd, 0x90, 0xdd, 0x90, 0xdd,
    0xb0, 0xdd, 0x90, 0xdd, 0x8f, 0xe5, 0x8f, 0xed, 0x8f, 0xe5, 0x8f, 0xe5,
    0x8f, 0xe5, 0x8f, 0xe5, 0xb0, 0xed, 0xb0, 0xe5, 0xf1, 0xed, 0xf4, 0xf6,
    0xd5, 0xee, 0xb6, 0xe6, 0x96, 0xde, 0x96, 0xde, 0x76, 0xde, 0x75, 0xde,
    0x96, 0xde, 0x96, 0xde, 0xb6, 0xde, 0xf6, 0xe6, 0x57, 0xef, 0x37, 0xe7,
    0x17, 0xe7, 0x17, 0xe7, 0x97, 0xc6, 0x78, 0xbe, 0xf7, 0xde, 0x36, 0xef,
    0xf5, 0xee, 0xd4, 0xee, 0x33, 0xd6, 0x52, 0xb5, 0xd1, 0x9c, 0x70, 0x8c,
    0x30, 0x84, 0xef, 0x83, 0xcf, 0x7b, 0x8e, 0x73, 0x4d, 0x73, 0x2d, 0x73,
    0x2d, 0x6b, 0x6e, 0x73, 0xee, 0x8b, 0xd0, 0xac, 0x31, 0xbd, 0xb4, 0xad,
    0x93, 0xb5, 0x94, 0xad, 0xd6, 0x95, 0x17, 0xa6, 0x17, 0xa6, 0x17, 0xa6,
    0x17, 0x9e, 0xb5, 0x9d, 0xb5, 0x9d, 0xb5, 0x95, 0xb5, 0x95, 0x95, 0x9d,
    0x95, 0x95, 0x74, 0x95, 0x34, 0x95, 0x33, 0x9d, 0x33, 0xa5, 0x32, 0xa5,
    0x12, 0x9d, 0x10, 0x84, 0x4e, 0x6b, 0x4d, 0x6b, 0x4e, 0x6b, 0x4e, 0x6b,
    0x2d, 0x63, 0x2d, 0x63, 0x2e, 0x63, 0x2e, 0x63, 0x2d, 0x63, 0x2d, 0x63,
    0x0e, 0x63, 0x0e, 0x63, 0x0e, 0x63, 0x0d, 0x63, 0x0d, 0x63, 0x0d, 0x5b,
    0x0d, 0x5b, 0xed, 0x5a, 0x0d, 0x5b, 0x0d, 0x63, 0x0d, 0x63, 0x0c, 0x63,
    0x0d, 0x6b, 0x0d, 0x63, 0xed, 0x5a, 0xed, 0x5a, 0xed, 0x5a, 0xed, 0x5a,
    0xed, 0x5a, 0xed, 0x5a, 0xed, 0x5a, 0xed, 0x5a, 0x0d, 0x5b, 0xed, 0x5a,
    0xed, 0x5a, 0xed, 0x5a, 0xcd, 0x5a, 0xed, 0x52, 0xcd, 0x52, 0xcd, 0x52,
    0xcd, 0x52, 0xcd, 0x52, 0xcd, 0x52, 0xcc, 0x52, 0xcc, 0x52, 0xad, 0x52,
    0xcd, 0x52, 0xac, 0x52, 0xac, 0x4a, 0xac, 0x4a, 0xac, 0x4a, 0x8c, 0x4a,
    0xac, 0x4a, 0x8c, 0x4a, 0x8c, 0x4a, 0x6b, 0x4a, 0x6b, 0x42, 0x4b, 0x3a,
    0x2b, 0x3a, 0x2b, 0x3a, 0x0b, 0x32, 0xeb, 0x31, 0xeb, 0x29, 0xeb, 0x29,
    0x0c, 0x6b, 0x0c, 0x6b, 0x0c, 0x73, 0x2c, 0x73, 0x2c, 0x73, 0x2d, 0x73,
    0x6d, 0x7b, 0xae, 0x83, 0x0f, 0x8c, 0x4f, 0x9c, 0x2f, 0xa4, 0x2e, 0xa4,
    0x2e, 0xac, 0x0e, 0xb4, 0x0e, 0xb4, 0x0d, 0xbc, 0x0d, 0xbc, 0x0e, 0xc4,
    0x0d, 0xbc, 0x0d, 0xbc, 0x0d, 0xc4, 0x2e, 0xc4, 0x2d, 0xbc, 0x2a, 0x42,
    0x89, 0x21, 0x88, 0x21, 0xa9, 0x21, 0x88, 0x21, 0xa9, 0x21, 0xa9, 0x29,
    0x88, 0x21, 0xa9, 0x21, 0xa9, 0x29, 0xa8, 0x21, 0xa9, 0x21, 0xa8, 0x29,
    0xa9, 0x21, 0xa9, 0x29, 0xa9, 0x29, 0xa9, 0x29, 0xa9, 0x21, 0xa9, 0x21,
    0xa9, 0x29, 0xa9, 0x29, 0xa9, 0x29, 0xa9, 0x29, 0xc9, 0x29, 0xaa, 0x29,
    0xc9, 0x29, 0xc9, 0x29, 0xc9, 0x31, 0xc9, 0x31, 0xc9, 0x29, 0xc9, 0x31,
    0xc9, 0x29, 0xe9, 0x31, 0x09, 0x3a, 0x0a, 0x3a, 0x6a, 0x42, 0x8b, 0x4a,
    0x6b, 0x42, 0xc9, 0x31, 0xc9, 0x29, 0xa9, 0x29, 0xa9, 0x21, 0xa9, 0x29,
    0xa9, 0x29, 0xa9, 0x21, 0xc9, 0x29, 0xc9, 0x31, 0xaa, 0x29, 0xc9, 0x29,
    0xc9, 0x29, 0xc9, 0x31, 0xe9, 0x39, 0x29, 0x42, 0x29, 0x4a, 0x2a, 0x4a,
    0x6a, 0x42, 0x8b, 0x4a, 0xab, 0x4a, 0xab, 0x4a, 0xac, 0x4a, 0xcc, 0x4a,
    0xcb, 0x4a, 0xab, 0x4a, 0xac, 0x4a, 0xab, 0x4a, 0xab, 0x4a, 0xab, 0x4a,
    0xab, 0x4a, 0xac, 0x4a, 0xab, 0x4a, 0xab, 0x4a, 0xab, 0x4a, 0xab, 0x4a,
    0xab, 0x4a, 0xab, 0x4a, 0xab, 0x4a, 0xab, 0x4a, 0xac, 0x4a, 0xcb, 0x52,
    0xcc, 0x52, 0xab, 0x4a, 0xab, 0x4a, 0xab, 0x4a, 0xcb, 0x52, 0x6e, 0xbc,
    0x8e, 0xcc, 0xcf, 0xc4, 0xaf, 0xc4, 0xaf, 0xbc, 0xaf, 0xc4, 0xaf, 0xc4,
    0xcf, 0xc4, 0xaf, 0xc4, 0xcf, 0xbc, 0xcf, 0xc4, 0xcf, 0xbc, 0xd0, 0xbc,
    0xf0, 0xbc, 0x10, 0xb5, 0x31, 0xb5, 0x52, 0xb5, 0x52, 0xb5, 0x52, 0xad,
    0x52, 0xad, 0x32, 0xad, 0x31, 0xad, 0x31, 0xad, 0x31, 0xad, 0x31, 0xad,
    0x31, 0xad, 0x31, 0xad, 0x11, 0xad, 0x31, 0xb5, 0x51, 0xb5, 0x31, 0xb5,
    0x71, 0xbd, 0x91, 0xcd, 0x91, 0xcd, 0x70, 0xd5, 0x70, 0xdd, 0x8f, 0xdd,
    0x8f, 0xe5, 0xaf, 0xe5, 0xaf, 0xdd, 0xb0, 0xd5, 0xb0, 0xd5, 0xb0, 0xd5,
    0xb0, 0xdd, 0xb0, 0xdd, 0xb0, 0xd5, 0xb0, 0xdd, 0xb0, 0xdd, 0xaf, 0xdd,
    0xaf, 0xdd, 0xb0, 0xdd, 0xb0, 0xdd, 0xb0, 0xdd, 0xb0, 0xd5, 0xb0, 0xd5,
    0x90, 0xd5, 0x90, 0xd5, 0x90, 0xd5, 0x90, 0xd5, 0xb0, 0xd5, 0xb0, 0xd5,
    0xb0, 0xdd, 0xaf, 0xdd, 0xae, 0xed, 0xae, 0xed, 0xaf, 0xe5, 0xb0, 0xdd,
    0x90, 0xd5, 0x90, 0xd5, 0x90, 0xd5, 0xb0, 0xd5, 0x90, 0xd5, 0x90, 0xd5,
    0xb0, 0xd5, 0x90, 0xd5, 0x90, 0xd5, 0x90, 0xd5, 0x90, 0xd5, 0x90, 0xd5,
    0x90, 0xd5, 0x90, 0xd5, 0x90, 0xdd, 0x90, 0xd5, 0x90, 0xdd, 0x8f, 0xe5,
    0xaf, 0xed, 0xb0, 0xed, 0xb0, 0xe5, 0xd0, 0xed, 0xb0, 0xe5, 0xb0, 0xe5,
    0xf0, 0xe5, 0x52, 0xee, 0xf4, 0xf6, 0xf5, 0xf6, 0xf5, 0xee, 0xb5, 0xe6,
    0x96, 0xde, 0x96, 0xde, 0x96, 0xde, 0x96, 0xde, 0xb6, 0xde, 0xf6, 0xe6,
    0x17, 0xe7, 0x17, 0xe7, 0x17, 0xe7, 0x17, 0xe7, 0x77, 0xb6, 0x97, 0xc6,
    0x16, 0xef, 0xf5, 0xee, 0x93, 0xee, 0x71, 0xbd, 0xcf, 0x7b, 0x4e, 0x6b,
    0x2d, 0x6b, 0x2d, 0x6b, 0x2d, 0x6b, 0x2d, 0x6b, 0x2d, 0x6b, 0x2d, 0x6b,
    0x2d, 0x6b, 0x2d, 0x6b, 0x0d, 0x6b, 0x0d, 0x63, 0xed, 0x5a, 0xed, 0x5a,
    0x8e, 0x7b, 0x4f, 0x8c, 0x30, 0x84, 0x2e, 0x53, 0x6c, 0x3a, 0x0e, 0x53,
    0xd0, 0x6b, 0x10, 0x7c, 0xcf, 0x7b, 0x8d, 0x7b, 0x8d, 0x83, 0x8d, 0x83,
    0x8d, 0x83, 0x8d, 0x83, 0x8d, 0x83, 0x8d, 0x83, 0x6d, 0x83, 0x6d, 0x83,
    0x6d, 0x83, 0x4d, 0x83, 0x4d, 0x7b, 0x4d, 0x7b, 0x4d, 0x7b, 0x4d, 0x73,
    0x4d, 0x73, 0x4d, 0x7b, 0x4d, 0x73, 0x4d, 0x73, 0x4d, 0x73, 0x2d, 0x73,
    0x2d, 0x73, 0x2d, 0x73, 0x4d, 0x6b, 0x2d, 0x6b, 0x2e, 0x63, 0x2e, 0x63,
    0x2d, 0x63, 0x0d, 0x6b, 0x0d, 0x6b, 0x2d, 0x73, 0x2d, 0x73, 0x2d, 0x7b,
    0x4c, 0x73, 0x4d, 0x73, 0x2c, 0x7b, 0x2d, 0x6b, 0x0d, 0x63, 0x0d, 0x63,
    0x0d, 0x63, 0x0d, 0x63, 0xec, 0x62, 0xed, 0x62, 0xed, 0x62, 0x0d, 0x5b,
    0xed, 0x5a, 0xed, 0x5a, 0xed, 0x5a, 0xed, 0x5a, 0xed, 0x5a, 0xcd, 0x52,
    0xed, 0x52, 0xcd, 0x52, 0xcd, 0x52, 0xcd, 0x52, 0xcd, 0x52, 0xcd, 0x52,
    0xcc, 0x52, 0xac, 0x52, 0xcd, 0x52, 0xac, 0x4a, 0xac, 0x52, 0xac, 0x52,
    0xac, 0x52, 0xac, 0x4a, 0x8c, 0x4a, 0x8c, 0x4a, 0x8c, 0x4a, 0x6c, 0x42,
    0x4b, 0x42, 0x0b, 0x32, 0xeb, 0x31, 0xeb, 0x29, 0xcb, 0x29, 0xca, 0x29,
    0xca, 0x29, 0xaa, 0x29, 0xec, 0x62, 0xec, 0x62, 0xec, 0x62, 0xec, 0x6a,
    0x0c, 0x6b, 0x0c, 0x6b, 0x0c, 0x6b, 0x0c, 0x6b, 0x2c, 0x73, 0x6d, 0x7b,
    0xee, 0x8b, 0x4f, 0x9c, 0x4f, 0x9c, 0x4f, 0xa4, 0x2e, 0xac, 0x2e, 0xb4,
    0x2e, 0xb4, 0x0e, 0xbc, 0x0d, 0xbc, 0x2d, 0xbc, 0x0d, 0xc4, 0x0d, 0xc4,
    0x0d, 0xbc, 0x4a, 0x4a, 0x89, 0x21, 0x89, 0x21, 0xa9, 0x21, 0x89, 0x21,
    0xa9, 0x29, 0xa9, 0x21, 0xa9, 0x21, 0x89, 0x29, 0xa9, 0x29, 0xa9, 0x21,
    0xa8, 0x29, 0xa9, 0x21, 0xa9, 0x21, 0xa9, 0x21, 0xa8, 0x21, 0xa9, 0x29,
    0xa9, 0x29, 0xa9, 0x21, 0xa9, 0x21, 0xc9, 0x29, 0xa9, 0x21, 0xa9, 0x29,
    0xc9, 0x29, 0xa9, 0x29, 0xa9, 0x29, 0xc9, 0x29, 0xc9, 0x31, 0xc9, 0x29,
    0xca, 0x29, 0xc9, 0x29, 0xc9, 0x29, 0xe9, 0x31, 0x0a, 0x3a, 0x09, 0x3a,
    0x0a, 0x42, 0x8b, 0x4a, 0x6b, 0x42, 0x2a, 0x3a, 0xc9, 0x29, 0xa9, 0x21,
    0xaa, 0x29, 0xa9, 0x29, 0xa9, 0x29, 0xaa, 0x21, 0xa9, 0x29, 0xc9, 0x29,
    0xa9, 0x29, 0xc9, 0x29, 0xc9, 0x29, 0xc9, 0x29, 0xc9, 0x31, 0x0a, 0x42,
    0x0a, 0x42, 0x09, 0x4a, 0x2a, 0x42, 0x8b, 0x4a, 0x8b, 0x4a, 0xab, 0x4a,
    0xab, 0x4a, 0xab, 0x4a, 0xab, 0x4a, 0xac, 0x4a, 0xab, 0x4a, 0xab, 0x4a,
    0xab, 0x4a, 0xac, 0x4a, 0xab, 0x4a, 0xab, 0x4a, 0xab, 0x4a, 0xab, 0x4a,
    0xab, 0x4a, 0x8b, 0x4a, 0x8b, 0x4a, 0x8b, 0x4a, 0xab, 0x4a, 0x8b, 0x4a,
    0xab, 0x4a, 0xab, 0x4a, 0xab, 0x4a, 0x8b, 0x4a, 0xab, 0x4a, 0xab, 0x4a,
    0xab, 0x4a, 0xad, 0x8b, 0xae, 0xcc, 0xcf, 0xcc, 0xcf, 0xc4, 0xcf, 0xc4,
    0xcf, 0xc4, 0xef, 0xc4, 0xf0, 0xb4, 0x11, 0xad, 0x11, 0xad, 0x11, 0xad,
    0x31, 0xa5, 0x32, 0xad, 0x52, 0xad, 0x52, 0xb5, 0x52, 0xb5, 0x52, 0xb5,
    0x52, 0xad, 0x31, 0xad, 0x51, 0xad, 0x31, 0xad, 0x31, 0xad, 0x31, 0xad,
    0x31, 0xb5, 0x31, 0xb5, 0x31, 0xb5, 0x31, 0xad, 0x31, 0xad, 0x31, 0xb5,
    0x72, 0xb5, 0x52, 0xad, 0x73, 0xad, 0x93, 0xb5, 0x71, 0xc5, 0x71, 0xc5,
    0x90, 0xd5, 0x70, 0xd5, 0x6f, 0xdd, 0x8f, 0xe5, 0xb2, 0xc5, 0x92, 0xbd,
    0xb2, 0xc5, 0xb1, 0xc5, 0x91, 0xcd, 0xb0, 0xd5, 0xb0, 0xd5, 0x90, 0xd5,
    0xb0, 0xdd, 0xaf, 0xdd, 0xaf, 0xe5, 0xae, 0xed, 0xce, 0xed, 0xce, 0xf5,
    0xce, 0xf5, 0xce, 0xf5, 0xce, 0xf5, 0xce, 0xf5, 0xce, 0xf5, 0xce, 0xf5,
    0xce, 0xf5, 0xce, 0xf5, 0xcd, 0xfd, 0xae, 0xf5, 0x8e, 0xf5, 0xae, 0xed,
    0x8f, 0xe5, 0x90, 0xdd, 0x90, 0xd5, 0x90, 0xd5, 0x90, 0xd5, 0xb0, 0xd5,
    0x90, 0xd5, 0xb0, 0xd5, 0x90, 0xd5, 0xb0, 0xd5, 0xb0, 0xd5, 0x90, 0xd5,
    0xb0, 0xd5, 0x90, 0xd5, 0xb0, 0xd5, 0xb0, 0xd5, 0xb0, 0xd5, 0xb0, 0xd5,
    0xb0, 0xdd, 0xf1, 0xe5, 0x32, 0xee, 0x32, 0xee, 0x52, 0xee, 0x52, 0xee,
    0x12, 0xe6, 0x12, 0xe6, 0x32, 0xe6, 0x33, 0xe6, 0x73, 0xee, 0x15, 0xf7,
    0x15, 0xf7, 0xf5, 0xee, 0x96, 0xde, 0xb6, 0xde, 0xb6, 0xde, 0xb6, 0xde,
    0xf7, 0xe6, 0xd6, 0xe6, 0xf6, 0xee, 0x16, 0xef, 0x16, 0xe7, 0xf6, 0xe6,
    0xb7, 0xd6, 0xd6, 0xe6, 0xf5, 0xe6, 0xb4, 0xee, 0xf1, 0xa4, 0x4d, 0x73,
    0x8e, 0x7b, 0x8e, 0x7b, 0x4d, 0x73, 0x2d, 0x6b, 0x2d, 0x6b, 0x2c, 0x6b,
    0x2c, 0x73, 0x0d, 0x6b, 0xed, 0x5a, 0xcd, 0x5a, 0xad, 0x4a, 0x8d, 0x42,
    0x8d, 0x42, 0x8d, 0x42, 0xad, 0x3a, 0xae, 0x3a, 0xae, 0x42, 0xce, 0x42,
    0xee, 0x4a, 0x0e, 0x4b, 0x0e, 0x53, 0x4e, 0x63, 0x6d, 0x73, 0x6c, 0x83,
    0x6d, 0x83, 0x6d, 0x83, 0x6c, 0x83, 0x6d, 0x83, 0x6c, 0x83, 0x4c, 0x83,
    0x4c, 0x83, 0x4c, 0x83, 0x4c, 0x83, 0x4c, 0x83, 0x6d, 0x7b, 0x6d, 0x7b,
    0x4d, 0x7b, 0x6d, 0x7b, 0x4d, 0x7b, 0x4d, 0x7b, 0x4d, 0x7b, 0x4d, 0x7b,
    0x4d, 0x73, 0x4d, 0x73, 0x2d, 0x73, 0x4e, 0x73, 0x4d, 0x73, 0x2d, 0x73,
    0x2d, 0x73, 0x4d, 0x7b, 0x4d, 0x7b, 0x4d, 0x7b, 0x4d, 0x7b, 0x4d, 0x7b,
    0x4d, 0x7b, 0x4d, 0x7b, 0x4d, 0x7b, 0x4d, 0x7b, 0x2c, 0x73, 0x2d, 0x73,
    0x2d, 0x6b, 0x2d, 0x6b, 0x2c, 0x6b, 0x2d, 0x6b, 0x2d, 0x6b, 0x0c, 0x6b,
    0x2d, 0x6b, 0x0d, 0x63, 0x0d, 0x5b, 0x0d, 0x5b, 0xed, 0x5a, 0xed, 0x5a,
    0xed, 0x5a, 0xcc, 0x5a, 0xed, 0x52, 0xcd, 0x52, 0xcc, 0x52, 0xcc, 0x52,
    0xcd, 0x52, 0xcc, 0x52, 0xcc, 0x52, 0xad, 0x4a, 0xac, 0x52, 0xcc, 0x52,
    0xac, 0x4a, 0xac, 0x52, 0xac, 0x4a, 0x8c, 0x4a, 0x8c, 0x4a, 0x8c, 0x4a,
    0x6c, 0x42, 0x4b, 0x42, 0x2b, 0x3a, 0xeb, 0x31, 0xeb, 0x29, 0xca, 0x29,
    0xca, 0x29, 0xaa, 0x29, 0xaa, 0x21, 0xaa, 0x21, 0xcb, 0x62, 0xcb, 0x62,
    0xcb, 0x5a, 0xcc, 0x62, 0xcb, 0x62, 0xeb, 0x62, 0xec, 0x62, 0xec, 0x62,
    0xec, 0x6a, 0x0c, 0x6b, 0x0c, 0x73, 0x2c, 0x7b, 0xae, 0x8b, 0x2f, 0x94,
    0x4f, 0xa4, 0x4f, 0xa4, 0x4e, 0xac, 0x2e, 0xb4, 0x2e, 0xb4, 0x2e, 0xbc,
    0x2e, 0xbc, 0x0d, 0xbc, 0x0d, 0xbc, 0x6a, 0x52, 0x89, 0x21, 0x88, 0x21,
    0xa9, 0x21, 0x89, 0x21, 0xa9, 0x21, 0xa9, 0x21, 0xa9, 0x21, 0xa9, 0x21,
    0xa9, 0x21, 0xa9, 0x21, 0xa9, 0x29, 0xa9, 0x21, 0xa9, 0x29, 0xa9, 0x21,
    0xa9, 0x21, 0xa9, 0x29, 0xa9, 0x21, 0xa9, 0x21, 0xa9, 0x21, 0xa9, 0x29,
    0xa9, 0x29, 0xc9, 0x29, 0xc9, 0x29, 0xc9, 0x29, 0xc9, 0x29, 0xc9, 0x29,
    0xc9, 0x29, 0xa9, 0x29, 0xca, 0x29, 0xa9, 0x31, 0xa9, 0x29, 0xca, 0x31,
    0xe9, 0x39, 0x09, 0x3a, 0x09, 0x3a, 0x4a, 0x42, 0x6b, 0x42, 0x4a, 0x42,
    0xc9, 0x31, 0xc9, 0x29, 0xa9, 0x21, 0xa9, 0x29, 0xa9, 0x21, 0xa9, 0x29,
    0xa9, 0x21, 0xa9, 0x29, 0xa9, 0x29, 0xa9, 0x29, 0xa9, 0x29, 0xc9, 0x29,
    0xc9, 0x31, 0x0a, 0x42, 0x09, 0x42, 0x0a, 0x4a, 0x09, 0x42, 0x6a, 0x4a,
    0x8b, 0x4a, 0x8b, 0x42, 0xab, 0x4a, 0xab, 0x4a, 0xab, 0x4a, 0xab, 0x4a,
    0xab, 0x4a, 0xab, 0x4a, 0xac, 0x4a, 0xab, 0x4a, 0xab, 0x4a, 0xab, 0x4a,
    0x8b, 0x4a, 0x8b, 0x4a, 0xab, 0x4a, 0xab, 0x4a, 0x8b, 0x4a, 0xab, 0x4a,
    0x8b, 0x4a, 0x8b, 0x4a, 0xac, 0x4a, 0xab, 0x4a, 0xab, 0x4a, 0x8b, 0x4a,
    0xab, 0x4a, 0xab, 0x4a, 0xab, 0x4a, 0x0c, 0x63, 0xce, 0xd4, 0xce, 0xd4,
    0xef, 0xc4, 0x0f, 0xc5, 0x0f, 0xc5, 0x0f, 0xc5, 0x11, 0xb5, 0x31, 0xad,
    0x31, 0xad, 0x31, 0xb5, 0x31, 0xb5, 0x52, 0xb5, 0x52, 0xbd, 0x72, 0xbd,
    0x52, 0xb5, 0x51, 0xad, 0x31, 0xad, 0x31, 0xb5, 0x31, 0xb5, 0x31, 0xad,
    0x32, 0xad, 0x31, 0xb5, 0x31, 0xb5, 0x31, 0xb5, 0x31, 0xad, 0x31, 0xad,
    0x31, 0xad, 0x52, 0xb5, 0x73, 0xb5, 0x73, 0xa5, 0x93, 0xa5, 0x73, 0xad,
    0x72, 0xb5, 0x71, 0xbd, 0x51, 0xcd, 0x4f, 0xd5, 0x70, 0xd5, 0x91, 0xc5,
    0x93, 0xa5, 0xb3, 0xa5, 0x93, 0xad, 0x93, 0xad, 0x92, 0xbd, 0x92, 0xb5,
    0xb2, 0xbd, 0xb0, 0xd5, 0xae, 0xed, 0xce, 0xf5, 0xce, 0xf5, 0xce, 0xf5,
    0xce, 0xf5, 0xce, 0xf5, 0xae, 0xfd, 0xcd, 0xfd, 0xce, 0xf5, 0xce, 0xfd,
    0xcd, 0xfd, 0xce, 0xfd, 0xce, 0xf5, 0xce, 0xf5, 0xce, 0xf5, 0xae, 0xf5,
    0xae, 0xf5, 0xae, 0xed, 0xb0, 0xdd, 0x90, 0xd5, 0x90, 0xd5, 0x90, 0xd5,
    0x90, 0xd5, 0x90, 0xd5, 0x91, 0xd5, 0x90, 0xd5, 0x91, 0xd5, 0x90, 0xd5,
    0x90, 0xd5, 0x90, 0xd5, 0x90, 0xd5, 0x90, 0xd5, 0x90, 0xd5, 0x90, 0xdd,
    0x90, 0xd5, 0xb0, 0xd5, 0xb0, 0xdd, 0xd0, 0xe5, 0xd0, 0xdd, 0xd1, 0xe5,
    0xf1, 0xe5, 0x73, 0xee, 0x73, 0xee, 0x53, 0xe6, 0x53, 0xe6, 0x53, 0xe6,
    0x73, 0xe6, 0xf5, 0xf6, 0x15, 0xf7, 0xf4, 0xf6, 0xf5, 0xf6, 0xf5, 0xf6,
    0xd5, 0xee, 0x95, 0xe6, 0x94, 0xe6, 0x74, 0xe6, 0x94, 0xee, 0x94, 0xee,
    0xb5, 0xee, 0xf6, 0xee, 0xf5, 0xee, 0xf5, 0xee, 0xd5, 0xee, 0x52, 0xad,
    0x6e, 0x6b, 0x4d, 0x73, 0x8d, 0x7b, 0x8e, 0x7b, 0x2d, 0x6b, 0x2c, 0x6b,
    0x2d, 0x6b, 0x0d, 0x63, 0xed, 0x5a, 0xad, 0x4a, 0x8d, 0x42, 0x8d, 0x42,
    0x8c, 0x42, 0x8d, 0x42, 0x8d, 0x42, 0x6d, 0x3a, 0x6d, 0x3a, 0x8d, 0x3a,
    0xce, 0x42, 0xee, 0x42, 0xee, 0x4a, 0x0e, 0x53, 0x0e, 0x53, 0x4d, 0x6b,
    0x4d, 0x7b, 0x4c, 0x83, 0x4c, 0x83, 0x4c, 0x83, 0x4c, 0x83, 0x4c, 0x83,
    0x4c, 0x83, 0x4c, 0x83, 0x4c, 0x83, 0x6c, 0x83, 0x4c, 0x83, 0x4c, 0x7b,
    0x6d, 0x7b, 0x4d, 0x7b, 0x4d, 0x7b, 0x6d, 0x7b, 0x6d, 0x7b, 0x4d, 0x7b,
    0x4d, 0x7b, 0x4d, 0x7b, 0x4d, 0x7b, 0x4d, 0x7b, 0x4d, 0x7b, 0x4d, 0x7b,
    0x4d, 0x7b, 0x4d, 0x7b, 0x4d, 0x7b, 0x4d, 0x7b, 0x4c, 0x7b, 0x4d, 0x7b,
    0x4d, 0x73, 0x4c, 0x7b, 0x4d, 0x7b, 0x4c, 0x73, 0x4d, 0x7b, 0x4d, 0x7b,
    0x2c, 0x73, 0x4d, 0x73, 0x2d, 0x73, 0x2d, 0x73, 0x2d, 0x6b, 0x2d, 0x6b,
    0x2c, 0x6b, 0x2d, 0x6b, 0x0d, 0x6b, 0x0c, 0x6b, 0x0d, 0x63, 0x0d, 0x5b,
    0xed, 0x5a, 0xed, 0x5a, 0xed, 0x52, 0xed, 0x5a, 0xed, 0x52, 0xcd, 0x52,
    0xcd, 0x52, 0xcd, 0x52, 0xcc, 0x52, 0xcd, 0x52, 0xcd, 0x52, 0xac, 0x52,
    0xcd, 0x52, 0xac, 0x4a, 0xad, 0x4a, 0x8c, 0x4a, 0x8c, 0x4a, 0x8c, 0x4a,
    0x8c, 0x4a, 0x6c, 0x42, 0x4c, 0x42, 0x0b, 0x32, 0x0b, 0x32, 0xeb, 0x29,
    0xca, 0x29, 0xaa, 0x29, 0xaa, 0x29, 0xaa, 0x21, 0x8a, 0x21, 0x8a, 0x21,
    0xab, 0x5a, 0xcb, 0x5a, 0xcb, 0x62, 0xcb, 0x5a, 0xcc, 0x62, 0xab, 0x62,
    0xcb, 0x62, 0xcb, 0x62, 0xcb, 0x62, 0xeb, 0x62, 0xec, 0x6a, 0xec, 0x6a,
    0x0c, 0x6b, 0x2c, 0x73, 0x6d, 0x83, 0xee, 0x93, 0x4f, 0xa4, 0x4e, 0xa4,
    0x4e, 0xac, 0x2e, 0xb4, 0x2e, 0xbc, 0x2e, 0xbc, 0x2d, 0xbc, 0xab, 0x6a,
    0x89, 0x21, 0x88, 0x21, 0xa9, 0x21, 0x88, 0x21, 0x89, 0x21, 0xa9, 0x29,
    0x88, 0x21, 0xa9, 0x21, 0xa9, 0x21, 0x89, 0x21, 0xa9, 0x29, 0xa8, 0x21,
    0xa9, 0x21, 0xa9, 0x29, 0xa9, 0x21, 0xa9, 0x29, 0xa9, 0x29, 0xa9, 0x21,
    0xa9, 0x29, 0xa9, 0x29, 0xa9, 0x29, 0xc9, 0x29, 0xa9, 0x29, 0xc9, 0x29,
    0xca, 0x29, 0xa9, 0x29, 0xc9, 0x29, 0xc9, 0x31, 0xc9, 0x29, 0xc9, 0x29,
    0xa9, 0x29, 0xca, 0x31, 0x0a, 0x42, 0x09, 0x3a, 0x0a, 0x3a, 0x09, 0x3a,
    0x09, 0x3a, 0x0a, 0x3a, 0xc9, 0x31, 0xc9, 0x29, 0xaa, 0x29, 0xa9, 0x29,
    0xc9, 0x21, 0xa9, 0x29, 0xa9, 0x21, 0xa9, 0x21, 0xa9, 0x29, 0xa9, 0x29,
    0xc9, 0x29, 0xa9, 0x29, 0xa9, 0x29, 0xe9, 0x39, 0x09, 0x42, 0x09, 0x42,
    0x0a, 0x42, 0x2a, 0x42, 0x8b, 0x4a, 0x8b, 0x4a, 0xab, 0x4a, 0xab, 0x4a,
    0xac, 0x4a, 0xab, 0x4a, 0xab, 0x4a, 0xac, 0x4a, 0xab, 0x4a, 0x8b, 0x4a,
    0xab, 0x4a, 0x8b, 0x4a, 0xab, 0x4a, 0x8b, 0x4a, 0x8b, 0x4a, 0xab, 0x4a,
    0xab, 0x4a, 0x8b, 0x4a, 0xab, 0x4a, 0x8b, 0x4a, 0x8b, 0x42, 0x8b, 0x4a,
    0x8b, 0x4a, 0x8b, 0x4a, 0x8b, 0x4a, 0x8b, 0x4a, 0x8b, 0x4a, 0x8b, 0x4a,
    0xae, 0xc4, 0xee, 0xcc, 0xef, 0xcc, 0xef, 0xcc, 0xef, 0xcc, 0x0f, 0xcd,
    0x10, 0xbd, 0x31, 0xb5, 0x31, 0xb5, 0x52, 0xb5, 0x72, 0xbd, 0x72, 0xbd,
    0x72, 0xbd, 0x52, 0xb5, 0x31, 0xad, 0x51, 0xad, 0x32, 0xad, 0x31, 0xb5,
    0x31, 0xb5, 0x31, 0xbd, 0x30, 0xbd, 0x30, 0xc5, 0x30, 0xc5, 0x30, 0xbd,
    0x31, 0xad, 0x31, 0xad, 0x31, 0xb5, 0x73, 0xb5, 0x73, 0xad, 0x73, 0xa5,
    0x73, 0xa5, 0x73, 0xa5, 0x72, 0xad, 0x72, 0xc5, 0x70, 0xcd, 0x50, 0xd5,
    0x72, 0xb5, 0xb3, 0xa5, 0x93, 0xa5, 0xb3, 0xad, 0x93, 0xa5, 0x93, 0xa5,
    0xb3, 0xad, 0xb3, 0xad, 0x93, 0xa5, 0x93, 0xa5, 0x93, 0xad, 0xb1, 0xcd,
    0xaf, 0xe5, 0xce, 0xf5, 0xcd, 0xfd, 0xce, 0xfd, 0xcd, 0xfd, 0xcd, 0xfd,
    0xce, 0xfd, 0xcd, 0xfd, 0xcd, 0xfd, 0xce, 0xfd, 0xae, 0xf5, 0xae, 0xf5,
    0xae, 0xed, 0xce, 0xed, 0xce, 0xed, 0xae, 0xed, 0xaf, 0xe5, 0x90, 0xd5,
    0xb0, 0xd5, 0xb0, 0xd5, 0x90, 0xd5, 0xb1, 0xd5, 0x90, 0xd5, 0xb0, 0xd5,
    0x90, 0xd5, 0x91, 0xd5, 0xb0, 0xd5, 0x90, 0xd5, 0x90, 0xd5, 0xb0, 0xd5,
    0x90, 0xd5, 0x90, 0xd5, 0xb0, 0xd5, 0x90, 0xdd, 0xb0, 0xdd, 0xd0, 0xdd,
    0xd0, 0xe5, 0xf0, 0xe5, 0xd1, 0xe5, 0x53, 0xe6, 0xb5, 0xee, 0x73, 0xee,
    0x73, 0xee, 0x94, 0xee, 0x94, 0xe6, 0xb5, 0xe6, 0xd5, 0xee, 0xf4, 0xf6,
    0xf4, 0xf6, 0xb4, 0xee, 0x53, 0xe6, 0x54, 0xe6, 0xb3, 0xc5, 0xd1, 0xa4,
    0x50, 0x94, 0x72, 0xb5, 0xd5, 0xe6, 0xf5, 0xee, 0xf5, 0xee, 0xb5, 0xe6,
    0x32, 0xa5, 0xed, 0x52, 0x2d, 0x63, 0x4d, 0x6b, 0x6d, 0x73, 0x2d, 0x6b,
    0xed, 0x5a, 0xcd, 0x52, 0xad, 0x4a, 0xad, 0x4a, 0x8d, 0x42, 0x8d, 0x42,
    0x8c, 0x42, 0x8d, 0x42, 0x6d, 0x3a, 0x6c, 0x3a, 0x6d, 0x3a, 0x6c, 0x3a,
    0x6c, 0x3a, 0x6d, 0x3a, 0xad, 0x42, 0xee, 0x4a, 0x0e, 0x5b, 0x4d, 0x73,
    0x4c, 0x7b, 0x4c, 0x83, 0x4c, 0x83, 0x4c, 0x83, 0x4c, 0x83, 0x4c, 0x83,
    0x4c, 0x83, 0x4d, 0x83, 0x4c, 0x83, 0x4d, 0x83, 0x6d, 0x83, 0x6d, 0x83,
    0x6d, 0x7b, 0x6d, 0x7b, 0x4d, 0x7b, 0x6d, 0x7b, 0x4d, 0x7b, 0x6d, 0x7b,
    0x6d, 0x7b, 0x4d, 0x7b, 0x6d, 0x7b, 0x6d, 0x7b, 0x6d, 0x7b, 0x6d, 0x7b,
    0x4d, 0x7b, 0x4d, 0x7b, 0x4d, 0x7b, 0x4d, 0x7b, 0x4d, 0x7b, 0x4c, 0x73,
    0x4d, 0x7b, 0x4c, 0x7b, 0x4c, 0x7b, 0x4d, 0x7b, 0x4c, 0x73, 0x4d, 0x7b,
    0x4d, 0x73, 0x4d, 0x73, 0x2d, 0x73, 0x2d, 0x73, 0x2d, 0x73, 0x2d, 0x73,
    0x2d, 0x73, 0x2c, 0x6b, 0x2d, 0x6b, 0x2d, 0x6b, 0x2d, 0x6b, 0x0d, 0x6b,
    0x0d, 0x63, 0xed, 0x5a, 0xed, 0x5a, 0xed, 0x5a, 0xed, 0x52, 0xcd, 0x52,
    0xcc, 0x52, 0xcd, 0x52, 0xac, 0x52, 0xad, 0x4a, 0xad, 0x52, 0xac, 0x4a,
    0xac, 0x4a, 0xad, 0x4a, 0xac, 0x4a, 0xac, 0x4a, 0x8c, 0x4a, 0x8d, 0x4a,
    0x8c, 0x42, 0x8c, 0x4a, 0x8c, 0x42, 0x6c, 0x42, 0x4c, 0x3a, 0x0b, 0x32,
    0xeb, 0x29, 0xca, 0x29, 0xca, 0x29, 0xaa, 0x29, 0xaa, 0x21, 0x8a, 0x21,
    0x89, 0x21, 0x89, 0x21, 0x8b, 0x5a, 0x8b, 0x5a, 0xab, 0x5a, 0xab, 0x5a,
    0xab, 0x5a, 0xab, 0x5a, 0xab, 0x5a, 0xcb, 0x62, 0xcb, 0x5a, 0xcb, 0x62,
    0xcb, 0x62, 0xeb, 0x62, 0xeb, 0x62, 0xeb, 0x6a, 0xeb, 0x6a, 0x0c, 0x73,
    0x2c, 0x7b, 0x8d, 0x8b, 0xee, 0x9b, 0x4e, 0xac, 0x4e, 0xb4, 0x2e, 0xb4,
    0x2e, 0xbc, 0x4c, 0x8b, 0xa9, 0x29, 0x89, 0x21, 0x88, 0x21, 0xa9, 0x21,
    0xa9, 0x21, 0xa9, 0x29, 0xa9, 0x21, 0x89, 0x29, 0xa8, 0x21, 0xa9, 0x21,
    0xa9, 0x21, 0xa9, 0x29, 0xa9, 0x21, 0xa9, 0x21, 0xa9, 0x29, 0xa9, 0x21,
    0xc9, 0x21, 0xa9, 0x21, 0xa9, 0x29, 0xc9, 0x29, 0xc9, 0x29, 0xa9, 0x29,
    0xa9, 0x29, 0xa9, 0x29, 0xa9, 0x29, 0xa9, 0x29, 0xca, 0x29, 0xc9, 0x31,
    0xaa, 0x29, 0xc9, 0x29, 0xc9, 0x29, 0xc9, 0x31, 0x09, 0x3a, 0x0a, 0x3a,
    0xe9, 0x39, 0x0a, 0x3a, 0x09, 0x3a, 0x0a, 0x3a, 0xe9, 0x39, 0xc9, 0x31,
    0xa9, 0x29, 0xaa, 0x29, 0xa9, 0x21, 0xa9, 0x29, 0xa9, 0x29, 0xa9, 0x21,
    0xa9, 0x21, 0xc9, 0x21, 0xc9, 0x29, 0xa9, 0x29, 0xc9, 0x29, 0xca, 0x31,
    0x0a, 0x42, 0x09, 0x42, 0x0a, 0x4a, 0x09, 0x42, 0x6a, 0x4a, 0x8b, 0x4a,
    0xab, 0x4a, 0xab, 0x4a, 0xac, 0x4a, 0xab, 0x4a, 0xab, 0x4a, 0xab, 0x4a,
    0xab, 0x4a, 0x8b, 0x4a, 0x8b, 0x42, 0xab, 0x4a, 0xab, 0x4a, 0x8b, 0x4a,
    0xab, 0x4a, 0x8b, 0x4a, 0x8b, 0x42, 0x6b, 0x42, 0x4a, 0x42, 0x6b, 0x42,
    0x6b, 0x42, 0x4a, 0x42, 0x2a, 0x3a, 0x8b, 0x4a, 0xab, 0x4a, 0x8b, 0x4a,
    0x8b, 0x4a, 0x8b, 0x4a, 0x4d, 0xac, 0xef, 0xcc, 0xef, 0xcc, 0xef, 0xcc,
    0xef, 0xcc, 0x10, 0xc5, 0x31, 0xb5, 0x31, 0xb5, 0x52, 0xb5, 0x92, 0xc5,
    0x92, 0xbd, 0x72, 0xbd, 0x52, 0xb5, 0x52, 0xb5, 0x31, 0xb5, 0x30, 0xbd,
    0x30, 0xc5, 0x2f, 0xcd, 0x2f, 0xcd, 0x2f, 0xcd, 0x0f, 0xcd, 0x0f, 0xcd,
    0x10, 0xc5, 0x31, 0xad, 0x32, 0xad, 0x31, 0xad, 0x31, 0xb5, 0x72, 0xb5,
    0x52, 0xa5, 0x73, 0xa5, 0x73, 0xa5, 0x72, 0xad, 0x71, 0xc5, 0x71, 0xcd,
    0x71, 0xc5, 0x93, 0xad, 0x94, 0xa5, 0xb3, 0xa5, 0x94, 0x9d, 0x94, 0x9d,
    0x94, 0x9d, 0x94, 0x9d, 0xb3, 0xad, 0xb3, 0xa5, 0x94, 0x9d, 0x94, 0x9d,
    0x94, 0x9d, 0xb3, 0xa5, 0xb2, 0xbd, 0xaf, 0xdd, 0xae, 0xed, 0xaf, 0xed,
    0xaf, 0xdd, 0xb0, 0xd5, 0xb0, 0xd5, 0xb0, 0xd5, 0xb0, 0xd5, 0xb0, 0xd5,
    0xb0, 0xd5, 0xaf, 0xdd, 0xae, 0xed, 0xae, 0xed, 0xae, 0xed, 0xaf, 0xe5,
    0xaf, 0xe5, 0xaf, 0xe5, 0xb0, 0xd5, 0x91, 0xd5, 0x91, 0xd5, 0x90, 0xd5,
    0x90, 0xd5, 0xb0, 0xd5, 0x91, 0xd5, 0x90, 0xd5, 0xb1, 0xd5, 0x91, 0xd5,
    0x90, 0xd5, 0xb0, 0xdd, 0x90, 0xd5, 0xb0, 0xd5, 0xb0, 0xd5, 0xb1, 0xd5,
    0xd1, 0xdd, 0xf1, 0xe5, 0xf1, 0xe5, 0xf1, 0xe5, 0xf1, 0xdd, 0x32, 0xde,
    0xb5, 0xe6, 0xb5, 0xee, 0xb5, 0xe6, 0x95, 0xe6, 0x95, 0xe6, 0x95, 0xe6,
    0xb5, 0xe6, 0xb4, 0xee, 0x53, 0xe6, 0x92, 0xbd, 0x71, 0x94, 0xcf, 0x7b,
    0x0d, 0x6b, 0x0d, 0x6b, 0x2d, 0x6b, 0x2d, 0x63, 0x4e, 0x5b, 0x71, 0x84,
    0x54, 0xd6, 0xf3, 0xcd, 0x2e, 0x5b, 0x0d, 0x5b, 0x0d, 0x63, 0xed, 0x52,
    0xcd, 0x4a, 0xad, 0x42, 0xad, 0x42, 0x8d, 0x3a, 0x8d, 0x3a, 0x8d, 0x42,
    0x8d, 0x3a, 0x8d, 0x3a, 0x8d, 0x3a, 0x6d, 0x3a, 0x6d, 0x3a, 0x6d, 0x3a,
    0x6c, 0x3a, 0x6d, 0x3a, 0x6d, 0x3a, 0x6d, 0x3a, 0x6d, 0x3a, 0x8d, 0x3a,
    0xad, 0x4a, 0x4c, 0x7b, 0x4c, 0x7b, 0x4d, 0x7b, 0x4d, 0x7b, 0x4c, 0x7b,
    0x4d, 0x7b, 0x6d, 0x7b, 0x6d, 0x7b, 0x6e, 0x7b, 0x6d, 0x7b, 0x6e, 0x7b,
    0x6d, 0x73, 0x4e, 0x73, 0x4e, 0x73, 0x4d, 0x73, 0x4e, 0x73, 0x4e, 0x6b,
    0x4d, 0x73, 0x4d, 0x73, 0x4d, 0x7b, 0x4d, 0x7b, 0x6d, 0x7b, 0x4c, 0x7b,
    0x4d, 0x7b, 0x4c, 0x7b, 0x4d, 0x7b, 0x6d, 0x7b, 0x4c, 0x7b, 0x4d, 0x7b,
    0x4c, 0x7b, 0x4d, 0x7b, 0x4d, 0x7b, 0x4d, 0x7b, 0x4d, 0x73, 0x4d, 0x73,
    0x2d, 0x73, 0x2d, 0x73, 0x2d, 0x73, 0x2d, 0x73, 0x2c, 0x6b, 0x2d, 0x73,
    0x2d, 0x6b, 0x2d, 0x6b, 0x2d, 0x6b, 0x2d, 0x6b, 0x2d, 0x6b, 0x0d, 0x6b,
    0x2d, 0x63, 0x0d, 0x5b, 0xed, 0x5a, 0xed, 0x5a, 0xed, 0x5a, 0xed, 0x52,
    0xcd, 0x52, 0xcd, 0x52, 0xcd, 0x52, 0xcd, 0x52, 0xad, 0x52, 0xac, 0x4a,
    0xad, 0x4a, 0xac, 0x4a, 0x8c, 0x4a, 0x8c, 0x4a, 0x8c, 0x42, 0x6c, 0x42,
    0x6c, 0x42, 0x6c, 0x42, 0x6c, 0x3a, 0x6c, 0x42, 0x6c, 0x42, 0x6c, 0x42,
    0x4c, 0x3a, 0x0b, 0x32, 0xea, 0x29, 0xca, 0x21, 0xaa, 0x21, 0xaa, 0x21,
    0x8a, 0x21, 0x8a, 0x21, 0x8a, 0x21, 0x8a, 0x21, 0x8b, 0x5a, 0x8b, 0x5a,
    0x8b, 0x5a, 0x8b, 0x5a, 0x8b, 0x5a, 0xab, 0x5a, 0x8b, 0x5a, 0x8b, 0x5a,
    0xab, 0x5a, 0xab, 0x62, 0xab, 0x5a, 0xab, 0x62, 0xcb, 0x62, 0xcb, 0x62,
    0xcb, 0x62, 0xec, 0x6a, 0xec, 0x6a, 0x0c, 0x6b, 0x0c, 0x73, 0x0c, 0x73,
    0x6c, 0x83, 0xad, 0x93, 0xed, 0xa3, 0xcd, 0xa3, 0xe9, 0x39, 0x89, 0x21,
    0xa9, 0x21, 0x89, 0x21, 0x88, 0x21, 0xa9, 0x21, 0xa9, 0x21, 0xa9, 0x21,
    0xa9, 0x29, 0xa9, 0x29, 0x89, 0x21, 0xa9, 0x29, 0xa9, 0x21, 0xa8, 0x21,
    0xa9, 0x29, 0xa8, 0x21, 0xa9, 0x29, 0xa9, 0x21, 0xa9, 0x29, 0xc9, 0x29,
    0xc9, 0x29, 0xaa, 0x29, 0xc9, 0x29, 0xc9, 0x29, 0xc9, 0x29, 0xa9, 0x29,
    0xa9, 0x29, 0xa9, 0x29, 0xc9, 0x29, 0xca, 0x31, 0xc9, 0x29, 0xc9, 0x31,
    0xea, 0x39, 0x09, 0x3a, 0xe9, 0x39, 0x09, 0x3a, 0x0a, 0x3a, 0x09, 0x3a,
    0x0a, 0x3a, 0xe9, 0x39, 0xc9, 0x29, 0xc9, 0x29, 0xa9, 0x29, 0xa9, 0x21,
    0xa9, 0x29, 0xa9, 0x29, 0xa9, 0x21, 0xa9, 0x29, 0xc9, 0x29, 0xa9, 0x29,
    0xc9, 0x29, 0xc9, 0x31, 0x09, 0x42, 0x09, 0x42, 0x0a, 0x42, 0x2a, 0x42,
    0x6a, 0x4a, 0x8b, 0x4a, 0x8b, 0x4a, 0xab, 0x4a, 0xab, 0x4a, 0xac, 0x4a,
    0xab, 0x42, 0xab, 0x4a, 0x8b, 0x4a, 0xab, 0x4a, 0xab, 0x4a, 0x8b, 0x4a,
    0x8b, 0x4a, 0xab, 0x42, 0x8b, 0x4a, 0x6b, 0x4a, 0x4a, 0x42, 0x2a, 0x42,
    0x4a, 0x42, 0x6b, 0x42, 0x6a, 0x42, 0x0a, 0x32, 0x4a, 0x3a, 0x8b, 0x4a,
    0x8b, 0x4a, 0x8b, 0x4a, 0x8b, 0x4a, 0x8b, 0x4a, 0x0d, 0x9c, 0xef, 0xcc,
    0x0f, 0xcd, 0x0f, 0xc5, 0x30, 0xc5, 0x30, 0xbd, 0x31, 0xbd, 0x72, 0xc5,
    0x93, 0xc5, 0x92, 0xc5, 0x52, 0xc5, 0x10, 0xbd, 0x30, 0xbd, 0x30, 0xc5,
    0x30, 0xcd, 0x30, 0xd5, 0x2f, 0xd5, 0x0f, 0xdd, 0x0f, 0xd5, 0x0f, 0xd5,
    0x2f, 0xcd, 0x2f, 0xcd, 0x31, 0xb5, 0x31, 0xad, 0x31, 0xad, 0x31, 0xb5,
    0x31, 0xbd, 0x51, 0xbd, 0x93, 0xad, 0x93, 0xa5, 0x73, 0xad, 0x92, 0xbd,
    0x71, 0xc5, 0x72, 0xc5, 0x93, 0xad, 0x93, 0xa5, 0x94, 0x9d, 0x94, 0x9d,
    0x94, 0x95, 0x95, 0x95, 0xb4, 0x95, 0xb4, 0x9d, 0x94, 0x9d, 0x94, 0x9d,
    0xb4, 0x95, 0xb4, 0x95, 0x94, 0x95, 0x94, 0x95, 0xb2, 0xbd, 0x8f, 0xe5,
    0x6f, 0xdd, 0x71, 0xc5, 0x72, 0xb5, 0x93, 0xad, 0x93, 0xad, 0x93, 0xa5,
    0x93, 0xa5, 0x93, 0xa5, 0x93, 0xad, 0xb3, 0xad, 0xb1, 0xcd, 0xaf, 0xe5,
    0xad, 0xfd, 0xae, 0xed, 0xb1, 0xcd, 0x92, 0xb5, 0x93, 0xa5, 0x93, 0xad,
    0x93, 0xad, 0x72, 0xb5, 0x72, 0xbd, 0x72, 0xc5, 0x92, 0xcd, 0x92, 0xcd,
    0x92, 0xcd, 0x92, 0xcd, 0x72, 0xc5, 0x72, 0xc5, 0x72, 0xbd, 0x72, 0xbd,
    0xb3, 0xc5, 0xf3, 0xcd, 0x13, 0xd6, 0x13, 0xd6, 0x33, 0xde, 0x33, 0xde,
    0x13, 0xde, 0x33, 0xde, 0x74, 0xe6, 0x94, 0xe6, 0x95, 0xe6, 0x95, 0xe6,
    0x95, 0xe6, 0x95, 0xe6, 0x95, 0xde, 0x54, 0xd6, 0xd1, 0x9c, 0x2d, 0x6b,
    0x2d, 0x63, 0x0d, 0x63, 0x2d, 0x63, 0x2d, 0x63, 0x2d, 0x6b, 0xed, 0x52,
    0xcd, 0x4a, 0xee, 0x4a, 0xb1, 0x94, 0x33, 0xb5, 0x10, 0x7c, 0xee, 0x4a,
    0xee, 0x52, 0xce, 0x42, 0xce, 0x42, 0xce, 0x42, 0xee, 0x42, 0xad, 0x42,
    0xad, 0x42, 0x8d, 0x3a, 0x6d, 0x3a, 0x6d, 0x3a, 0x6d, 0x3a, 0x6c, 0x3a,
    0x6d, 0x3a, 0x6d, 0x3a, 0x6d, 0x3a, 0x6c, 0x3a, 0x6d, 0x3a, 0x6d, 0x3a,
    0x6d, 0x3a, 0x8d, 0x3a, 0x8d, 0x42, 0x2d, 0x6b, 0x4d, 0x73, 0x4d, 0x73,
    0x4d, 0x73, 0x4e, 0x73, 0x4e, 0x6b, 0x4e, 0x6b, 0x4e, 0x6b, 0x4e, 0x6b,
    0x4e, 0x6b, 0x4d, 0x6b, 0x4e, 0x6b, 0x4d, 0x6b, 0x4d, 0x6b, 0x4e, 0x6b,
    0x4e, 0x6b, 0x4d, 0x6b, 0x4d, 0x7b, 0x4d, 0x7b, 0x4d, 0x7b, 0x6d, 0x7b,
    0x4d, 0x7b, 0x6c, 0x7b, 0x4d, 0x7b, 0x4d, 0x7b, 0x4d, 0x7b, 0x4d, 0x7b,
    0x4d, 0x73, 0x4d, 0x73, 0x4d, 0x7b, 0x4d, 0x73, 0x4d, 0x73, 0x4d, 0x73,
    0x4d, 0x73, 0x2d, 0x73, 0x4d, 0x73, 0x4d, 0x6b, 0x4d, 0x73, 0x4d, 0x73,
    0x4d, 0x6b, 0x2d, 0x73, 0x2d, 0x6b, 0x2d, 0x6b, 0x2d, 0x6b, 0x2d, 0x63,
    0x0d, 0x63, 0x0d, 0x5b, 0xed, 0x5a, 0xed, 0x5a, 0xed, 0x5a, 0xed, 0x52,
    0xed, 0x52, 0xed, 0x52, 0xcd, 0x52, 0xcc, 0x52, 0xcd, 0x52, 0xcd, 0x52,
    0x8c, 0x4a, 0x4c, 0x3a, 0x2c, 0x3a, 0x2c, 0x3a, 0x4c, 0x3a, 0x4c, 0x3a,
    0x4c, 0x32, 0x2c, 0x32, 0x2b, 0x32, 0x2b, 0x32, 0x2b, 0x32, 0x0b, 0x32,
    0x2b, 0x3a, 0x4b, 0x3a, 0x2b, 0x3a, 0xeb, 0x31, 0xca, 0x29, 0xaa, 0x29,
    0xaa, 0x21, 0xaa, 0x29, 0xa9, 0x29, 0xa9, 0x21, 0xaa, 0x21, 0x8a, 0x29,
    0x8b, 0x5a, 0x8a, 0x5a, 0x8b, 0x5a, 0x8b, 0x5a, 0x8b, 0x5a, 0x8b, 0x5a,
    0x8b, 0x5a, 0x8b, 0x5a, 0x8b, 0x5a, 0x8b, 0x5a, 0x8b, 0x5a, 0xab, 0x5a,
    0xab, 0x62, 0xab, 0x62, 0xcb, 0x62, 0xcb, 0x62, 0xcb, 0x62, 0xeb, 0x6a,
    0xcb, 0x6a, 0xeb, 0x6a, 0xec, 0x6a, 0xeb, 0x6a, 0xec, 0x6a, 0xeb, 0x6a,
    0x2a, 0x42, 0xa9, 0x21, 0x88, 0x21, 0xa9, 0x21, 0x89, 0x21, 0x89, 0x29,
    0xa9, 0x29, 0xa9, 0x21, 0x89, 0x29, 0xa9, 0x29, 0xa9, 0x29, 0xa9, 0x21,
    0xa9, 0x29, 0xa9, 0x21, 0xa9, 0x21, 0xa9, 0x29, 0xa9, 0x29, 0xa9, 0x21,
    0xa9, 0x29, 0xa9, 0x29, 0xc9, 0x21, 0xa9, 0x29, 0xc9, 0x29, 0xc9, 0x29,
    0xaa, 0x29, 0xc9, 0x29, 0xc9, 0x29, 0xa9, 0x29, 0xc9, 0x29, 0xa9, 0x29,
    0xca, 0x31, 0xc9, 0x31, 0xc9, 0x31, 0x0a, 0x3a, 0x09, 0x3a, 0xe9, 0x39,
    0x0a, 0x3a, 0x09, 0x3a, 0x09, 0x3a, 0xea, 0x39, 0xc9, 0x31, 0xa9, 0x29,
    0xca, 0x29, 0xa9, 0x21, 0xc9, 0x21, 0xa9, 0x29, 0xa9, 0x21, 0xa9, 0x29,
    0xc9, 0x29, 0xa9, 0x29, 0xa9, 0x29, 0xc9, 0x29, 0xea, 0x41, 0x09, 0x42,
    0x09, 0x42, 0x0a, 0x42, 0x4a, 0x42, 0xab, 0x4a, 0xab, 0x4a, 0xab, 0x42,
    0xab, 0x4a, 0xab, 0x4a, 0x8b, 0x4a, 0x8b, 0x4a, 0xab, 0x4a, 0x8b, 0x4a,
    0xab, 0x4a, 0x8b, 0x4a, 0x6b, 0x42, 0x6a, 0x42, 0x4a, 0x42, 0x4a, 0x42,
    0x0a, 0x3a, 0x0a, 0x3a, 0x4a, 0x42, 0x6b, 0x42, 0x2a, 0x3a, 0x0a, 0x3a,
    0x8b, 0x42, 0x8b, 0x4a, 0x8b, 0x42, 0x8b, 0x4a, 0x8b, 0x4a, 0x8b, 0x4a,
    0x4e, 0x9c, 0x30, 0xc5, 0x31, 0xbd, 0x31, 0xbd, 0x51, 0xbd, 0x72, 0xc5,
    0x93, 0xc5, 0x93, 0xcd, 0x92, 0xc5, 0x71, 0xcd, 0x51, 0xcd, 0x71, 0xcd,
    0x71, 0xcd, 0x71, 0xcd, 0x71, 0xcd, 0x92, 0xcd, 0x71, 0xd5, 0x50, 0xd5,
    0x30, 0xd5, 0x0f, 0xcd, 0x2f, 0xcd, 0x0f, 0xcd, 0x10, 0xc5, 0x31, 0xbd,
    0x31, 0xb5, 0x31, 0xb5, 0x51, 0xb5, 0x52, 0xbd, 0xb4, 0xb5, 0x93, 0xb5,
    0x92, 0xbd, 0x91, 0xc5, 0x92, 0xbd, 0x93, 0xad, 0x93, 0xad, 0x93, 0xad,
    0x93, 0xa5, 0x94, 0x9d, 0xb4, 0x9d, 0x94, 0x95, 0xb4, 0x95, 0xb4, 0x95,
    0x94, 0x95, 0x95, 0x9d, 0xb4, 0x9d, 0xb4, 0x9d, 0xb3, 0xad, 0xb2, 0xbd,
    0xb0, 0xd5, 0x70, 0xd5, 0x71, 0xcd, 0x71, 0xc5, 0x91, 0xcd, 0x91, 0xd5,
    0x30, 0xcd, 0x90, 0x9c, 0x70, 0x94, 0xd1, 0x94, 0xf1, 0x9c, 0x52, 0xa5,
    0x93, 0xad, 0xb2, 0xbd, 0x8f, 0xe5, 0x4e, 0xf5, 0x4e, 0xf5, 0x4f, 0xdd,
    0x71, 0xc5, 0x71, 0xbd, 0x72, 0xb5, 0x72, 0xb5, 0x52, 0xb5, 0x32, 0xb5,
    0x52, 0xbd, 0x73, 0xbd, 0x73, 0xc5, 0x94, 0xc5, 0x94, 0xc5, 0x73, 0xbd,
    0x53, 0xbd, 0x53, 0xbd, 0x53, 0xb5, 0x73, 0xbd, 0x73, 0xbd, 0xb3, 0xc5,
    0xf3, 0xcd, 0x14, 0xce, 0x14, 0xd6, 0x34, 0xd6, 0x54, 0xde, 0x54, 0xde,
    0x74, 0xe6, 0x94, 0xe6, 0x95, 0xe6, 0x75, 0xe6, 0x54, 0xe6, 0xd3, 0xcd,
    0xcd, 0x4a, 0x0d, 0x63, 0x0d, 0x63, 0x0d, 0x63, 0x0d, 0x63, 0x0c, 0x5b,
    0xed, 0x52, 0xcd, 0x42, 0xcd, 0x3a, 0xcd, 0x42, 0x6f, 0x63, 0x30, 0x84,
    0xaf, 0x6b, 0xd0, 0x7b, 0x4f, 0x5b, 0x2e, 0x4b, 0x2f, 0x53, 0x0f, 0x43,
    0x0f, 0x43, 0x0e, 0x43, 0xee, 0x4a, 0x0e, 0x53, 0x0e, 0x5b, 0x0d, 0x63,
    0xed, 0x5a, 0xad, 0x4a, 0x6d, 0x3a, 0xad, 0x42, 0x6d, 0x3a, 0x8d, 0x3a,
    0x8d, 0x3a, 0x8d, 0x42, 0x8c, 0x42, 0x8d, 0x42, 0x8d, 0x42, 0xcd, 0x52,
    0x2e, 0x6b, 0x4d, 0x6b, 0x4d, 0x6b, 0x2d, 0x6b, 0x4e, 0x6b, 0x4d, 0x6b,
    0x4e, 0x6b, 0x4e, 0x6b, 0x4d, 0x6b, 0x4e, 0x6b, 0x2e, 0x6b, 0x4e, 0x6b,
    0x4e, 0x6b, 0x4d, 0x6b, 0x4d, 0x6b, 0x4e, 0x6b, 0x4d, 0x7b, 0x4d, 0x7b,
    0x4d, 0x7b, 0x4d, 0x7b, 0x4d, 0x7b, 0x4d, 0x7b, 0x4d, 0x7b, 0x4d, 0x73,
    0x4d, 0x73, 0x4d, 0x73, 0x4d, 0x73, 0x4d, 0x73, 0x4d, 0x73, 0x4d, 0x6b,
    0x2d, 0x6b, 0x4d, 0x6b, 0x4d, 0x6b, 0x2d, 0x6b, 0x2d, 0x73, 0x4d, 0x6b,
    0x2d, 0x6b, 0x2d, 0x6b, 0x2d, 0x63, 0x2d, 0x63, 0x0d, 0x63, 0x0d, 0x63,
    0x0d, 0x5b, 0x0d, 0x5b, 0x0d, 0x5b, 0xed, 0x5a, 0xed, 0x5a, 0xed, 0x5a,
    0xed, 0x5a, 0xed, 0x5a, 0xed, 0x52, 0xed, 0x5a, 0xcd, 0x52, 0xcd, 0x52,
    0xcc, 0x52, 0xac, 0x4a, 0x4c, 0x3a, 0x2b, 0x32, 0x2b, 0x32, 0x0b, 0x32,
    0x0b, 0x2a, 0xeb, 0x29, 0xeb, 0x29, 0xea, 0x29, 0xea, 0x29, 0xcb, 0x29,
    0xca, 0x29, 0xca, 0x29, 0xca, 0x29, 0xcb, 0x29, 0xca, 0x29, 0xca, 0x29,
    0xca, 0x29, 0xaa, 0x21, 0xaa, 0x29, 0xaa, 0x29, 0xaa, 0x21, 0xa9, 0x29,
    0xaa, 0x21, 0x89, 0x21, 0x6a, 0x52, 0x6a, 0x5a, 0x8b, 0x5a, 0x8a, 0x52,
    0x8a, 0x5a, 0x8a, 0x5a, 0x8b, 0x5a, 0x8a, 0x5a, 0x8b, 0x5a, 0x8b, 0x5a,
    0x8a, 0x5a, 0x8b, 0x5a, 0xab, 0x62, 0xab, 0x5a, 0xab, 0x62, 0xcb, 0x62,
    0xcb, 0x62, 0xcb, 0x62, 0xcb, 0x62, 0xcb, 0x62, 0xcc, 0x6a, 0xcb, 0x6a,
    0xeb, 0x6a, 0xeb, 0x6a, 0x6b, 0x52, 0xa9, 0x29, 0x88, 0x21, 0xa9, 0x21,
    0xa9, 0x21, 0x89, 0x29, 0x88, 0x21, 0xa9, 0x21, 0xa9, 0x21, 0xa9, 0x29,
    0xa9, 0x21, 0xa9, 0x21, 0xa9, 0x29, 0xa8, 0x21, 0xa9, 0x21, 0xa9, 0x21,
    0xa9, 0x29, 0xa9, 0x21, 0xa9, 0x21, 0xa9, 0x29, 0xc9, 0x29, 0xa9, 0x29,
    0xa9, 0x29, 0xa9, 0x29, 0xc9, 0x29, 0xca, 0x29, 0xa9, 0x29, 0xc9, 0x29,
    0xaa, 0x29, 0xc9, 0x29, 0xc9, 0x31, 0xc9, 0x31, 0xc9, 0x31, 0xe9, 0x31,
    0xea, 0x39, 0x0a, 0x3a, 0xe9, 0x39, 0x09, 0x3a, 0x0a, 0x3a, 0xe9, 0x31,
    0xc9, 0x31, 0xca, 0x31, 0xa9, 0x29, 0xa9, 0x29, 0xa9, 0x21, 0xc9, 0x21,
    0xa9, 0x29, 0xa9, 0x21, 0xa9, 0x21, 0xc9, 0x29, 0xc9, 0x29, 0xa9, 0x29,
    0x0a, 0x42, 0x0a, 0x42, 0x09, 0x42, 0x0a, 0x42, 0x4a, 0x4a, 0xab, 0x4a,
    0xab, 0x4a, 0xac, 0x4a, 0xab, 0x4a, 0x8b, 0x4a, 0xab, 0x4a, 0xab, 0x4a,
    0x8b, 0x42, 0x8b, 0x4a, 0x8b, 0x42, 0x4a, 0x42, 0x4a, 0x42, 0x4a, 0x42,
    0x2a, 0x42, 0x0a, 0x3a, 0x0a, 0x3a, 0x2a, 0x42, 0x4a, 0x42, 0x6a, 0x42,
    0x0a, 0x32, 0x4a, 0x42, 0x8b, 0x4a, 0x8b, 0x4a, 0x8a, 0x4a, 0x8b, 0x4a,
    0x8a, 0x4a, 0x8b, 0x4a, 0xb0, 0xa4, 0x51, 0xbd, 0x72, 0xc5, 0xb4, 0xc5,
    0xb4, 0xc5, 0x92, 0xc5, 0x92, 0xcd, 0x72, 0xcd, 0x71, 0xcd, 0x71, 0xcd,
    0x51, 0xcd, 0x51, 0xcd, 0x51, 0xcd, 0x92, 0xcd, 0x92, 0xd5, 0x71, 0xcd,
    0x71, 0xcd, 0x30, 0xcd, 0x2f, 0xcd, 0x2f, 0xcd, 0x0f, 0xd5, 0x2f, 0xcd,
    0x30, 0xcd, 0x31, 0xb5, 0x31, 0xad, 0x31, 0xad, 0x31, 0xb5, 0x93, 0xb5,
    0xf4, 0xbd, 0xd3, 0xc5, 0xb3, 0xc5, 0xb3, 0xb5, 0xb4, 0xad, 0xd4, 0xb5,
    0x92, 0xb5, 0x91, 0xc5, 0x91, 0xc5, 0x91, 0xbd, 0x91, 0xbd, 0x93, 0xad,
    0x94, 0x9d, 0x94, 0x95, 0x94, 0x95, 0xb4, 0xa5, 0xb1, 0xcd, 0xb0, 0xdd,
    0xce, 0xf5, 0xce, 0xf5, 0xce, 0xf5, 0xb0, 0xdd, 0xf3, 0xc5, 0x36, 0xce,
    0xd5, 0xb5, 0x71, 0x8c, 0x2e, 0x63, 0x0d, 0x63, 0x0d, 0x6b, 0x0d, 0x6b,
    0x0d, 0x63, 0x2d, 0x6b, 0xae, 0x7b, 0xb0, 0xa4, 0x71, 0xc5, 0x50, 0xdd,
    0x4f, 0xe5, 0x6e, 0xed, 0x4e, 0xf5, 0x6e, 0xed, 0x4e, 0xed, 0x10, 0xcd,
    0xb1, 0xc4, 0xf1, 0xc4, 0xf1, 0xbc, 0x12, 0xbd, 0x12, 0xbd, 0x73, 0xc5,
    0x94, 0xcd, 0x94, 0xcd, 0x94, 0xc5, 0x94, 0xc5, 0x93, 0xbd, 0x93, 0xbd,
    0xd3, 0xc5, 0xd3, 0xc5, 0xd3, 0xcd, 0xd3, 0xc5, 0xd3, 0xcd, 0x34, 0xd6,
    0x54, 0xde, 0x54, 0xde, 0x75, 0xe6, 0x94, 0xe6, 0x95, 0xe6, 0x75, 0xe6,
    0x54, 0xde, 0xf5, 0xc5, 0xee, 0x4a, 0xcd, 0x4a, 0xed, 0x52, 0xed, 0x52,
    0xcd, 0x4a, 0xcd, 0x42, 0xcd, 0x42, 0xce, 0x42, 0xce, 0x42, 0xee, 0x4a,
    0x70, 0x94, 0x91, 0x94, 0xb2, 0x94, 0x53, 0xc5, 0x13, 0xbd, 0xf2, 0xac,
    0xb1, 0xac, 0x91, 0xac, 0x70, 0xb4, 0x70, 0xb4, 0x90, 0xbc, 0xb1, 0xcc,
    0xb0, 0xcc, 0x70, 0xc4, 0x4f, 0xc4, 0x2f, 0xbc, 0xce, 0xa3, 0x8e, 0x8b,
    0x8d, 0x42, 0x8d, 0x3a, 0xad, 0x42, 0xcd, 0x4a, 0xed, 0x5a, 0x0d, 0x63,
    0x2d, 0x63, 0x4d, 0x73, 0x4d, 0x73, 0x4d, 0x6b, 0x4d, 0x6b, 0x2e, 0x73,
    0x4d, 0x6b, 0x4d, 0x6b, 0x4e, 0x6b, 0x2d, 0x6b, 0x4e, 0x6b, 0x4d, 0x6b,
    0x2e, 0x6b, 0x4e, 0x6b, 0x4d, 0x6b, 0x2d, 0x6b, 0x4e, 0x63, 0x4e, 0x6b,
    0x4d, 0x73, 0x4d, 0x7b, 0x4d, 0x7b, 0x4d, 0x73, 0x4d, 0x73, 0x4d, 0x73,
    0x4d, 0x6b, 0x4d, 0x6b, 0x4d, 0x6b, 0x2d, 0x6b, 0x4d, 0x6b, 0x2d, 0x6b,
    0x2d, 0x6b, 0x2d, 0x6b, 0x2d, 0x6b, 0x2e, 0x6b, 0x2d, 0x63, 0x2e, 0x63,
    0x2e, 0x63, 0x0e, 0x63, 0x0d, 0x63, 0x0e, 0x5b, 0x0e, 0x63, 0x0d, 0x5b,
    0x0e, 0x63, 0x0e, 0x5b, 0x0e, 0x5b, 0x0d, 0x5b, 0x0e, 0x63, 0x0e, 0x63,
    0x0d, 0x5b, 0xed, 0x5a, 0xed, 0x5a, 0xed, 0x5a, 0xcd, 0x52, 0xed, 0x5a,
    0xcd, 0x52, 0xcd, 0x52, 0xad, 0x4a, 0x6c, 0x42, 0x2c, 0x32, 0x2b, 0x32,
    0x0b, 0x32, 0xeb, 0x29, 0xea, 0x29, 0xca, 0x29, 0xca, 0x29, 0xca, 0x29,
    0xca, 0x29, 0xca, 0x29, 0xca, 0x29, 0xca, 0x29, 0xca, 0x29, 0xca, 0x29,
    0xca, 0x29, 0xaa, 0x21, 0xaa, 0x21, 0xaa, 0x29, 0xaa, 0x21, 0xaa, 0x21,
    0xaa, 0x29, 0xaa, 0x29, 0xaa, 0x29, 0x8a, 0x21, 0x6a, 0x52, 0x6a, 0x52,
    0x6a, 0x52, 0x6a, 0x5a, 0x6b, 0x52, 0x6a, 0x5a, 0x8a, 0x5a, 0x8b, 0x5a,
    0x8b, 0x5a, 0x8a, 0x5a, 0x8b, 0x5a, 0x8b, 0x5a, 0xab, 0x5a, 0x8b, 0x5a,
    0x8a, 0x62, 0xab, 0x62, 0xab, 0x62, 0xab, 0x62, 0xab, 0x62, 0xab, 0x62,
    0xcb, 0x62, 0xcb, 0x62, 0xcb, 0x6a, 0xcc, 0x6a, 0xcb, 0x62, 0xc9, 0x31,
    0x89, 0x21, 0x89, 0x29, 0x88, 0x21, 0x89, 0x21, 0xa9, 0x21, 0x89, 0x29,
    0xa9, 0x29, 0xa9, 0x21, 0xa9, 0x29, 0xa9, 0x29, 0xa9, 0x21, 0xa9, 0x29,
    0xa9, 0x21, 0xa9, 0x21, 0xa9, 0x29, 0xa9, 0x29, 0xa9, 0x21, 0xa9, 0x29,
    0xc9, 0x29, 0xc9, 0x29, 0xaa, 0x21, 0xc9, 0x29, 0xa9, 0x29, 0xc9, 0x29,
    0xc9, 0x29, 0xa9, 0x29, 0xc9, 0x29, 0xa9, 0x29, 0xa9, 0x29, 0xca, 0x31,
    0xc9, 0x29, 0xc9, 0x31, 0xea, 0x39, 0x09, 0x3a, 0x09, 0x3a, 0xea, 0x41,
    0xe9, 0x39, 0xc9, 0x29, 0xc9, 0x31, 0xe9, 0x31, 0xa9, 0x29, 0xaa, 0x29,
    0xa9, 0x21, 0xc9, 0x29, 0xa9, 0x29, 0xa9, 0x29, 0xa9, 0x21, 0xc9, 0x29,
    0xc9, 0x29, 0xc9, 0x29, 0xea, 0x41, 0x0a, 0x42, 0x09, 0x42, 0x0a, 0x42,
    0x2a, 0x42, 0xab, 0x4a, 0x8b, 0x4a, 0x8b, 0x4a, 0xab, 0x42, 0x8b, 0x42,
    0x8b, 0x4a, 0x8b, 0x42, 0x8b, 0x42, 0x6b, 0x42, 0x4b, 0x42, 0x4a, 0x42,
    0x2a, 0x42, 0x2a, 0x42, 0x0a, 0x3a, 0x0a, 0x3a, 0x0a, 0x3a, 0x2a, 0x3a,
    0x2a, 0x3a, 0x0a, 0x32, 0x2a, 0x3a, 0x8b, 0x42, 0x8b, 0x42, 0x8b, 0x42,
    0x8b, 0x4a, 0x8b, 0x4a, 0x8b, 0x4a, 0xab, 0x4a, 0x94, 0xbd, 0xd4, 0xc5,
    0xd4, 0xc5, 0x92, 0xc5, 0x72, 0xcd, 0x71, 0xcd, 0x51, 0xc5, 0x51, 0xcd,
    0x51, 0xc5, 0x51, 0xc5, 0x30, 0xcd, 0x30, 0xcd, 0x71, 0xcd, 0x92, 0xcd,
    0x72, 0xcd, 0x50, 0xcd, 0x2f, 0xcd, 0x30, 0xcd, 0x30, 0xcd, 0x30, 0xcd,
    0x30, 0xcd, 0x2f, 0xcd, 0x51, 0xc5, 0x51, 0xbd, 0x51, 0xb5, 0x32, 0xad,
    0x52, 0xb5, 0xf5, 0xbd, 0x15, 0xbe, 0xf4, 0xc5, 0xf5, 0xbd, 0x94, 0xa5,
    0xb4, 0xad, 0xd4, 0xad, 0xb2, 0xbd, 0x91, 0xc5, 0xb1, 0xc5, 0xb1, 0xc5,
    0xb1, 0xc5, 0xb1, 0xc5, 0xb2, 0xc5, 0xb1, 0xc5, 0xb2, 0xc5, 0xd1, 0xd5,
    0xaf, 0xe5, 0xcf, 0xed, 0xf0, 0xed, 0x33, 0xde, 0x55, 0xd6, 0x76, 0xce,
    0x36, 0xc6, 0x71, 0x84, 0x0d, 0x5b, 0xed, 0x5a, 0x0d, 0x63, 0x0d, 0x6b,
    0x0d, 0x63, 0x2d, 0x6b, 0x0d, 0x6b, 0x0d, 0x6b, 0x2d, 0x6b, 0x0d, 0x6b,
    0xae, 0x83, 0xd0, 0xac, 0x52, 0xc5, 0xf4, 0xd5, 0x30, 0xdd, 0x0e, 0xe5,
    0x4f, 0xed, 0x50, 0xdd, 0xd0, 0xc4, 0xb1, 0xc4, 0xd1, 0xc4, 0xf1, 0xc4,
    0xf1, 0xbc, 0xf1, 0xbc, 0x12, 0xc5, 0x53, 0xcd, 0x94, 0xd5, 0xb4, 0xd5,
    0x94, 0xdd, 0x53, 0xe5, 0xd3, 0xe5, 0xb2, 0xe5, 0xf3, 0xe5, 0x33, 0xe6,
    0x54, 0xe6, 0x75, 0xe6, 0x75, 0xe6, 0x75, 0xe6, 0x75, 0xe6, 0x95, 0xe6,
    0x75, 0xe6, 0x95, 0xe6, 0x95, 0xe6, 0x55, 0xde, 0x31, 0x7c, 0x8f, 0x6b,
    0x6f, 0x63, 0x6f, 0x63, 0x8f, 0x63, 0x90, 0x63, 0xf0, 0x83, 0x72, 0xb4,
    0xb2, 0xb4, 0x73, 0xc5, 0xb4, 0xd5, 0x53, 0xc5, 0xf3, 0xcc, 0x33, 0xd5,
    0x32, 0xd5, 0x12, 0xd5, 0x32, 0xd5, 0x11, 0xd5, 0xf1, 0xd4, 0xf1, 0xd4,
    0xf1, 0xd4, 0xd0, 0xcc, 0xd0, 0xcc, 0xd1, 0xc4, 0xd1, 0xb4, 0x90, 0xbc,
    0x6f, 0xbc, 0xaf, 0x8b, 0x0d, 0x63, 0x2d, 0x63, 0x2d, 0x6b, 0x2d, 0x6b,
    0x2e, 0x6b, 0x2d, 0x6b, 0x2d, 0x6b, 0x4e, 0x6b, 0x4d, 0x73, 0x2d, 0x6b,
    0x2d, 0x6b, 0x2d, 0x6b, 0x2d, 0x6b, 0x2d, 0x6b, 0x2d, 0x6b, 0x2e, 0x6b,
    0x2d, 0x6b, 0x2e, 0x6b, 0x2d, 0x6b, 0x2e, 0x63, 0x2e, 0x6b, 0x2e, 0x63,
    0x2e, 0x63, 0x2e, 0x63, 0x4d, 0x6b, 0x4d, 0x6b, 0x4d, 0x6b, 0x4d, 0x6b,
    0x4d, 0x63, 0x2d, 0x6b, 0x2d, 0x6b, 0x2d, 0x6b, 0x2e, 0x6b, 0x2d, 0x6b,
    0x2e, 0x63, 0x2e, 0x63, 0x2e, 0x63, 0x2e, 0x63, 0x2e, 0x63, 0x0d, 0x63,
    0x0e, 0x63, 0x0e, 0x63, 0x0d, 0x5b, 0x0e, 0x5b, 0x2e, 0x5b, 0x0d, 0x63,
    0x0e, 0x63, 0x0e, 0x5b, 0x0d, 0x5b, 0x0e, 0x63, 0x0d, 0x5b, 0x0e, 0x5b,
    0xed, 0x5a, 0xed, 0x5a, 0xed, 0x5a, 0xed, 0x5a, 0xed, 0x5a, 0xed, 0x52,
    0xed, 0x52, 0xcd, 0x52, 0xcd, 0x52, 0xcd, 0x52, 0x8c, 0x42, 0x6c, 0x3a,
    0x2b, 0x32, 0x0b, 0x32, 0x0b, 0x2a, 0x0b, 0x2a, 0xcb, 0x29, 0xca, 0x29,
    0xca, 0x29, 0xca, 0x29, 0xca, 0x29, 0xca, 0x29, 0xca, 0x29, 0xaa, 0x29,
    0xaa, 0x21, 0xca, 0x29, 0xaa, 0x29, 0xaa, 0x21, 0xaa, 0x29, 0xaa, 0x29,
    0xaa, 0x21, 0xa9, 0x21, 0xaa, 0x29, 0xaa, 0x21, 0x8a, 0x21, 0x8a, 0x21,
    0x4a, 0x52, 0x6a, 0x52, 0x6a, 0x52, 0x6a, 0x52, 0x6a, 0x52, 0x4a, 0x52,
    0x4a, 0x52, 0x4a, 0x52, 0x4a, 0x52, 0x6a, 0x52, 0x4a, 0x5a, 0x6a, 0x5a,
    0x6a, 0x5a, 0x8a, 0x62, 0x8a, 0x62, 0x8a, 0x62, 0x8a, 0x62, 0x8a, 0x62,
    0x8a, 0x6a, 0xab, 0x6a, 0xab, 0x6a, 0xab, 0x62, 0xcb, 0x62, 0xcb, 0x62,
    0xeb, 0x62, 0x4a, 0x4a, 0xa9, 0x21, 0x89, 0x21, 0x89, 0x21, 0x88, 0x21,
    0xa9, 0x29, 0x89, 0x21, 0xa9, 0x21, 0xa9, 0x21, 0xa9, 0x29, 0xa9, 0x29,
    0xa9, 0x21, 0xa9, 0x21, 0xa8, 0x29, 0xa9, 0x29, 0xa9, 0x29, 0xa9, 0x21,
    0xa9, 0x29, 0xa9, 0x29, 0xc9, 0x29, 0xa9, 0x29, 0xc9, 0x29, 0xc9, 0x29,
    0xa9, 0x29, 0xa9, 0x29, 0xc9, 0x29, 0xa9, 0x29, 0xc9, 0x29, 0xc9, 0x29,
    0xa9, 0x29, 0xca, 0x29, 0xc9, 0x31, 0xc9, 0x31, 0xc9, 0x31, 0x09, 0x3a,
    0x0a, 0x3a, 0x09, 0x3a, 0xc9, 0x31, 0xc9, 0x31, 0xc9, 0x31, 0xe9, 0x31,
    0xc9, 0x31, 0xaa, 0x29, 0xa9, 0x29, 0xa9, 0x21, 0xca, 0x21, 0xa9, 0x29,
    0xa9, 0x29, 0xca, 0x29, 0xa9, 0x29, 0xc9, 0x29, 0xe9, 0x39, 0x09, 0x3a,
    0x09, 0x42, 0x0a, 0x42, 0x0a, 0x42, 0x6a, 0x42, 0x6b, 0x42, 0x8b, 0x42,
    0x8b, 0x42, 0x8b, 0x42, 0x8b, 0x42, 0x6b, 0x42, 0x4a, 0x42, 0x4a, 0x42,
    0x2a, 0x3a, 0x2a, 0x3a, 0x0a, 0x3a, 0x0a, 0x3a, 0xea, 0x31, 0x09, 0x3a,
    0x0a, 0x3a, 0x0a, 0x32, 0xe9, 0x31, 0x0a, 0x3a, 0x6b, 0x42, 0x6b, 0x42,
    0x6a, 0x42, 0x8b, 0x4a, 0x8b, 0x4a, 0xab, 0x4a, 0x8b, 0x4a, 0x2d, 0x63,
    0xd4, 0xc5, 0x92, 0xc5, 0x51, 0xcd, 0x51, 0xc5, 0x50, 0xcd, 0x30, 0xc5,
    0x50, 0xc5, 0x30, 0xcd, 0x30, 0xcd, 0x30, 0xcd, 0x30, 0xd5, 0x2f, 0xd5,
    0x92, 0xcd, 0x92, 0xcd, 0x30, 0xcd, 0x30, 0xc5, 0x30, 0xcd, 0x30, 0xc5,
    0x30, 0xc5, 0x30, 0xc5, 0x30, 0xc5, 0x51, 0xc5, 0xb2, 0xc5, 0xb3, 0xbd,
    0x93, 0xbd, 0xb4, 0xbd, 0xd4, 0xbd, 0xf5, 0xbd, 0x15, 0xbe, 0x15, 0xbe,
    0xd5, 0xb5, 0x94, 0xa5, 0x94, 0xa5, 0xb4, 0xad, 0xd5, 0xad, 0xb2, 0xbd,
    0x91, 0xc5, 0xb1, 0xcd, 0xb1, 0xcd, 0xb1, 0xcd, 0xb1, 0xcd, 0xb1, 0xd5,
    0xd1, 0xd5, 0xd2, 0xd5, 0x13, 0xd6, 0x56, 0xd6, 0x77, 0xce, 0x76, 0xce,
    0x77, 0xce, 0x37, 0xc6, 0xd3, 0x94, 0x0e, 0x5b, 0x0d, 0x5b, 0x0d, 0x5b,
    0x0d, 0x6b, 0x0d, 0x6b, 0x0d, 0x6b, 0x2d, 0x6b, 0x0d, 0x63, 0x2d, 0x6b,
    0x2d, 0x6b, 0x2d, 0x6b, 0x0d, 0x6b, 0x2d, 0x6b, 0x70, 0x9c, 0xb4, 0xc5,
    0xd4, 0xcd, 0xb4, 0xcd, 0xd5, 0xd5, 0xb3, 0xdd, 0x72, 0xdd, 0xb0, 0xcc,
    0x90, 0xcc, 0xb1, 0xcc, 0x90, 0xd4, 0xd1, 0xc4, 0xf1, 0xc4, 0xf2, 0xc4,
    0xf2, 0xc4, 0x12, 0xcd, 0x12, 0xe5, 0x70, 0xec, 0x2f, 0xec, 0x4f, 0xe4,
    0x6f, 0xe4, 0x90, 0xe4, 0x90, 0xe4, 0xf1, 0xdc, 0x14, 0xde, 0x74, 0xe6,
    0x75, 0xe6, 0x75, 0xe6, 0x75, 0xe6, 0x95, 0xe6, 0x95, 0xe6, 0x35, 0xd6,
    0xd6, 0xcd, 0xd6, 0xcd, 0x95, 0xcd, 0x95, 0xcd, 0x95, 0xcd, 0x75, 0xcd,
    0x75, 0xcd, 0x75, 0xcd, 0x54, 0xcd, 0x94, 0xd5, 0x74, 0xcd, 0x54, 0xcd,
    0x33, 0xd5, 0xf2, 0xcc, 0xd1, 0xc4, 0xb1, 0xc4, 0xb1, 0xc4, 0xb1, 0xc4,
    0x90, 0xbc, 0x70, 0xac, 0x50, 0xa4, 0x2f, 0x9c, 0xef, 0x93, 0x8e, 0x7b,
    0x6d, 0x73, 0x6d, 0x7b, 0x6e, 0x73, 0x4d, 0x6b, 0x2d, 0x6b, 0x2e, 0x6b,
    0x2d, 0x6b, 0x2d, 0x6b, 0x4d, 0x6b, 0x4d, 0x73, 0x4d, 0x73, 0x4d, 0x73,
    0x4d, 0x73, 0x4d, 0x7b, 0x4d, 0x7b, 0x4c, 0x7b, 0x4d, 0x7b, 0x4d, 0x7b,
    0x4d, 0x7b, 0x2e, 0x63, 0x2e, 0x63, 0x2e, 0x63, 0x2e, 0x63, 0x2e, 0x63,
    0x2d, 0x63, 0x2d, 0x63, 0x2e, 0x63, 0x2d, 0x63, 0x2d, 0x63, 0x2e, 0x63,
    0x2d, 0x63, 0x2e, 0x63, 0x2e, 0x63, 0x2e, 0x63, 0x2e, 0x63, 0x2e, 0x63,
    0x2d, 0x63, 0x2e, 0x63, 0x2d, 0x63, 0x2e, 0x63, 0x0e, 0x63, 0x0d, 0x5b,
    0x0e, 0x5b, 0x0e, 0x5b, 0x0d, 0x5b, 0x0d, 0x5b, 0x0e, 0x5b, 0x0d, 0x5b,
    0x0e, 0x5b, 0x0d, 0x5b, 0x0d, 0x5b, 0x0e, 0x5b, 0x0e, 0x53, 0xed, 0x52,
    0xed, 0x52, 0xee, 0x52, 0xed, 0x4a, 0xed, 0x52, 0xed, 0x5a, 0xed, 0x5a,
    0xed, 0x5a, 0xed, 0x52, 0xed, 0x52, 0xcd, 0x52, 0xad, 0x4a, 0x8c, 0x42,
    0x6c, 0x3a, 0x2b, 0x32, 0x2b, 0x32, 0x0b, 0x32, 0xcb, 0x29, 0xeb, 0x29,
    0xca, 0x29, 0xca, 0x29, 0xca, 0x29, 0xaa, 0x29, 0xaa, 0x29, 0xaa, 0x21,
    0xaa, 0x21, 0xaa, 0x29, 0xaa, 0x21, 0xaa, 0x29, 0xaa, 0x29, 0xaa, 0x21,
    0xca, 0x29, 0xaa, 0x29, 0xaa, 0x21, 0xa9, 0x29, 0xa9, 0x21, 0x8a, 0x21,
    0xaa, 0x21, 0xaa, 0x29, 0x4a, 0x52, 0x4a, 0x52, 0x4a, 0x52, 0x2a, 0x52,
    0x2a, 0x4a, 0x2a, 0x4a, 0x2a, 0x4a, 0x4a, 0x52, 0x4a, 0x52, 0x4a, 0x52,
    0x6a, 0x5a, 0x6a, 0x5a, 0x6a, 0x5a, 0x6a, 0x5a, 0x6a, 0x5a, 0x6a, 0x5a,
    0x6b, 0x5a, 0x8a, 0x62, 0x8a, 0x62, 0x8a, 0x62, 0xaa, 0x6a, 0xaa, 0x6a,
    0xab, 0x6a, 0xcb, 0x6a, 0xcb, 0x72, 0x8b, 0x5a, 0xc9, 0x31, 0x89, 0x21,
    0x89, 0x21, 0x89, 0x29, 0xa9, 0x21, 0xa9, 0x21, 0x89, 0x29, 0xa9, 0x29,
    0xa9, 0x21, 0xa9, 0x29, 0xa9, 0x21, 0xa9, 0x21, 0xa9, 0x21, 0xa9, 0x29,
    0xa9, 0x21, 0xa9, 0x21, 0xa9, 0x21, 0xa9, 0x29, 0xa9, 0x29, 0xc9, 0x29,
    0xa9, 0x29, 0xa9, 0x29, 0xc9, 0x29, 0xca, 0x29, 0xa9, 0x29, 0xa9, 0x29,
    0xca, 0x29, 0xa9, 0x31, 0xa9, 0x29, 0xc9, 0x29, 0xc9, 0x31, 0xc9, 0x29,
    0xca, 0x31, 0xea, 0x39, 0xe9, 0x39, 0xc9, 0x31, 0xc9, 0x29, 0xc9, 0x31,
    0xca, 0x31, 0xc9, 0x31, 0xc9, 0x31, 0xc9, 0x29, 0xa9, 0x29, 0xaa, 0x29,
    0xc9, 0x21, 0xa9, 0x21, 0xa9, 0x21, 0xa9, 0x29, 0xaa, 0x29, 0xc9, 0x31,
    0xc9, 0x31, 0xc9, 0x31, 0xe9, 0x39, 0x09, 0x42, 0x0a, 0x42, 0x2a, 0x3a,
    0x2a, 0x3a, 0x4a, 0x42, 0x4b, 0x42, 0x4a, 0x42, 0x2a, 0x3a, 0x2a, 0x3a,
    0x2a, 0x3a, 0x0a, 0x3a, 0x0a, 0x3a, 0x0a, 0x3a, 0x0a, 0x3a, 0xe9, 0x31,
    0xe9, 0x31, 0xe9, 0x31, 0xc9, 0x31, 0xc9, 0x29, 0xea, 0x31, 0x4a, 0x3a,
    0x6a, 0x42, 0x6b, 0x42, 0x8b, 0x4a, 0x8a, 0x4a, 0x8b, 0x4a, 0xab, 0x4a,
    0xab, 0x4a, 0x8e, 0x73, 0x51, 0xc5, 0x31, 0xcd, 0x30, 0xcd, 0x31, 0xc5,
    0x31, 0xc5, 0x50, 0xc5, 0x30, 0xc5, 0x30, 0xcd, 0x30, 0xcd, 0x50, 0xcd,
    0x71, 0xcd, 0xb2, 0xcd, 0x72, 0xc5, 0x50, 0xc5, 0x50, 0xc5, 0x50, 0xc5,
    0x50, 0xc5, 0x50, 0xc5, 0x50, 0xc5, 0x72, 0xc5, 0xb3, 0xbd, 0xd3, 0xbd,
    0xb3, 0xbd, 0xb3, 0xbd, 0xb3, 0xb5, 0xd4, 0xb5, 0xd4, 0xb5, 0xf4, 0xbd,
    0x15, 0xc6, 0x15, 0xbe, 0x94, 0xa5, 0x93, 0xad, 0xb4, 0xad, 0xb4, 0xad,
    0xd5, 0xad, 0xb4, 0xad, 0x92, 0xbd, 0xb1, 0xc5, 0xb1, 0xc5, 0xb1, 0xcd,
    0xb1, 0xcd, 0xd2, 0xcd, 0x56, 0xce, 0x77, 0xce, 0x77, 0xce, 0x77, 0xce,
    0x77, 0xce, 0x36, 0xc6, 0xb5, 0xad, 0x75, 0xa5, 0xd0, 0x6b, 0xaf, 0x6b,
    0x2e, 0x63, 0x2e, 0x5b, 0x0d, 0x63, 0x0d, 0x6b, 0x0d, 0x6b, 0xec, 0x5a,
    0xac, 0x4a, 0xac, 0x4a, 0xac, 0x4a, 0xad, 0x52, 0xcc, 0x52, 0xed, 0x5a,
    0x0d, 0x63, 0x8e, 0x7b, 0x94, 0xbd, 0xb6, 0xbd, 0xd6, 0xc5, 0xd5, 0xd5,
    0x52, 0xd5, 0x90, 0xd4, 0x90, 0xd4, 0x90, 0xd4, 0x90, 0xd4, 0xb0, 0xcc,
    0xb1, 0xc4, 0xd1, 0xc4, 0xd1, 0xbc, 0xd1, 0xc4, 0xd1, 0xc4, 0x13, 0xd5,
    0x13, 0xdd, 0x70, 0xe4, 0x6f, 0xec, 0x6f, 0xe4, 0x6f, 0xe4, 0x6f, 0xec,
    0x90, 0xdc, 0x52, 0xdd, 0x34, 0xe6, 0x75, 0xe6, 0x75, 0xe6, 0x95, 0xde,
    0x95, 0xde, 0x16, 0xce, 0x95, 0xcd, 0x95, 0xcd, 0x95, 0xcd, 0x75, 0xcd,
    0x95, 0xcd, 0x75, 0xcd, 0x34, 0xc5, 0xd3, 0xb4, 0x92, 0xac, 0x71, 0xa4,
    0x31, 0x94, 0xf0, 0x8b, 0xcf, 0x83, 0x6e, 0x73, 0x4e, 0x6b, 0x4e, 0x6b,
    0x4d, 0x73, 0x4d, 0x73, 0x4d, 0x7b, 0x4c, 0x7b, 0x4c, 0x83, 0x4c, 0x83,
    0x4c, 0x83, 0x4c, 0x83, 0x4c, 0x83, 0x4c, 0x83, 0x4c, 0x83, 0x4c, 0x83,
    0x4c, 0x7b, 0x4c, 0x7b, 0x4d, 0x7b, 0x4d, 0x7b, 0x4c, 0x7b, 0x4c, 0x7b,
    0x4c, 0x7b, 0x4c, 0x7b, 0x4c, 0x7b, 0x4c, 0x7b, 0x4c, 0x7b, 0x4d, 0x7b,
    0x4c, 0x7b, 0x4c, 0x73, 0x4d, 0x73, 0x4d, 0x6b, 0x2d, 0x63, 0x2d, 0x63,
    0x4d, 0x63, 0x2d, 0x63, 0x2e, 0x63, 0x4d, 0x6b, 0x2e, 0x63, 0x2d, 0x6b,
    0x2e, 0x63, 0x2d, 0x63, 0x2d, 0x63, 0x2e, 0x63, 0x2e, 0x63, 0x2d, 0x63,
    0x2e, 0x63, 0x2e, 0x63, 0x2e, 0x63, 0x0d, 0x63, 0x0e, 0x5b, 0x0d, 0x5b,
    0x0d, 0x5b, 0x0e, 0x5b, 0x0d, 0x5b, 0x2e, 0x5b, 0x0e, 0x5b, 0x0d, 0x5b,
    0x0e, 0x5b, 0x0d, 0x5b, 0x0e, 0x5b, 0x0e, 0x53, 0xed, 0x52, 0xee, 0x52,
    0xee, 0x4a, 0xee, 0x4a, 0xcd, 0x4a, 0xce, 0x42, 0xcd, 0x4a, 0xee, 0x5a,
    0x0d, 0x5b, 0xed, 0x5a, 0xed, 0x5a, 0xed, 0x52, 0xcd, 0x52, 0xac, 0x42,
    0x8c, 0x3a, 0x8c, 0x3a, 0x4c, 0x32, 0x0b, 0x32, 0x0b, 0x32, 0xeb, 0x29,
    0xeb, 0x29, 0xca, 0x29, 0xca, 0x29, 0xca, 0x29, 0xaa, 0x29, 0xaa, 0x29,
    0xaa, 0x29, 0xaa, 0x29, 0xaa, 0x29, 0xaa, 0x21, 0xaa, 0x29, 0xaa, 0x29,
    0xaa, 0x21, 0xaa, 0x21, 0xa9, 0x29, 0xaa, 0x21, 0xaa, 0x21, 0xaa, 0x29,
    0xaa, 0x29, 0xaa, 0x29, 0x8a, 0x21, 0x8a, 0x21, 0x2a, 0x4a, 0x0a, 0x4a,
    0x0a, 0x4a, 0x0a, 0x4a, 0x0a, 0x4a, 0x0a, 0x42, 0x0a, 0x4a, 0x2a, 0x52,
    0x4a, 0x52, 0x4a, 0x52, 0x4a, 0x52, 0x4a, 0x52, 0x4a, 0x52, 0x4a, 0x52,
    0x4a, 0x52, 0x4a, 0x52, 0x6a, 0x5a, 0x6a, 0x5a, 0x6a, 0x5a, 0x6a, 0x5a,
    0x6b, 0x5a, 0x8b, 0x5a, 0x6a, 0x62, 0x8a, 0x62, 0x8b, 0x62, 0x8a, 0x62,
    0xe9, 0x39, 0x89, 0x21, 0xa9, 0x21, 0x88, 0x29, 0x89, 0x21, 0xa9, 0x21,
    0x89, 0x29, 0xa9, 0x21, 0xa9, 0x29, 0xa9, 0x29, 0x89, 0x21, 0xa9, 0x21,
    0xa8, 0x29, 0xa9, 0x21, 0xa9, 0x29, 0xa9, 0x21, 0xc9, 0x29, 0xa9, 0x29,
    0xa9, 0x21, 0xc9, 0x29, 0xc9, 0x29, 0xa9, 0x29, 0xc9, 0x29, 0xa9, 0x29,
    0xc9, 0x29, 0xc9, 0x29, 0xa9, 0x29, 0xc9, 0x29, 0xa9, 0x29, 0xa9, 0x29,
    0xc9, 0x31, 0xc9, 0x29, 0xc9, 0x29, 0xc9, 0x31, 0xc9, 0x31, 0xc9, 0x29,
    0xc9, 0x29, 0xc9, 0x31, 0xc9, 0x29, 0xc9, 0x29, 0xc9, 0x31, 0xc9, 0x29,
    0xc9, 0x29, 0xa9, 0x29, 0xa9, 0x29, 0xa9, 0x29, 0xc9, 0x21, 0xa9, 0x21,
    0xa9, 0x29, 0xc9, 0x29, 0xc9, 0x29, 0xaa, 0x29, 0xc9, 0x31, 0xe9, 0x31,
    0x09, 0x3a, 0x0a, 0x3a, 0x0a, 0x3a, 0x2a, 0x3a, 0x2a, 0x3a, 0x0a, 0x3a,
    0x0a, 0x3a, 0x0a, 0x3a, 0x0a, 0x3a, 0xe9, 0x31, 0xe9, 0x31, 0xe9, 0x31,
    0xa9, 0x29, 0xa9, 0x29, 0xc9, 0x29, 0xca, 0x31, 0xe9, 0x29, 0xea, 0x31,
    0x0a, 0x32, 0x6a, 0x42, 0x6a, 0x42, 0x6b, 0x4a, 0x8b, 0x4a, 0x8b, 0x4a,
    0x8b, 0x4a, 0xab, 0x4a, 0x8b, 0x4a, 0x0e, 0x8c, 0x51, 0xcd, 0x50, 0xc5,
    0x30, 0xc5, 0x31, 0xc5, 0x30, 0xc5, 0x50, 0xcd, 0x30, 0xcd, 0x30, 0xcd,
    0x50, 0xd5, 0x50, 0xd5, 0xb2, 0xcd, 0xb3, 0xc5, 0xb3, 0xc5, 0x72, 0xc5,
    0x51, 0xc5, 0x51, 0xc5, 0x51, 0xbd, 0x73, 0xb5, 0xb4, 0xad, 0xd5, 0xa5,
    0xb4, 0xa5, 0xb4, 0xb5, 0xb3, 0xb5, 0xb3, 0xb5, 0x93, 0xa5, 0x93, 0xad,
    0xd4, 0xb5, 0x35, 0xc6, 0x36, 0xc6, 0x16, 0xc6, 0x93, 0xad, 0xb3, 0xad,
    0xd4, 0xb5, 0xd5, 0xad, 0x16, 0xbe, 0xf4, 0xbd, 0x91, 0xc5, 0xb1, 0xc5,
    0xd3, 0xc5, 0xf3, 0xc5, 0xf3, 0xcd, 0xf4, 0xcd, 0x56, 0xce, 0x77, 0xce,
    0x77, 0xce, 0x77, 0xce, 0x57, 0xce, 0x37, 0xc6, 0xf6, 0xb5, 0xf4, 0x94,
    0xb0, 0x6b, 0x2e, 0x5b, 0x0e, 0x5b, 0xed, 0x52, 0xed, 0x5a, 0xed, 0x5a,
    0xed, 0x52, 0x8c, 0x42, 0x8d, 0x42, 0x8d, 0x42, 0x8d, 0x42, 0x8c, 0x42,
    0x8c, 0x42, 0xac, 0x4a, 0xad, 0x4a, 0xcc, 0x52, 0x6e, 0x6b, 0x34, 0xad,
    0x54, 0xad, 0xf6, 0xcd, 0x94, 0xd5, 0x74, 0xd5, 0x12, 0xd5, 0x90, 0xd4,
    0x90, 0xd4, 0x90, 0xd4, 0x90, 0xcc, 0xb1, 0xc4, 0xd1, 0xc4, 0xd1, 0xc4,
    0xd1, 0xc4, 0xf2, 0xcc, 0xf6, 0xd5, 0x74, 0xd5, 0x90, 0xe4, 0x6f, 0xe4,
    0x6f, 0xe4, 0x6f, 0xe4, 0x90, 0xe4, 0xf2, 0xd4, 0x53, 0xcd, 0xd5, 0xd5,
    0x15, 0xde, 0x55, 0xde, 0x55, 0xde, 0x36, 0xce, 0x95, 0xcd, 0xf3, 0xbc,
    0x92, 0xac, 0x30, 0x94, 0xcf, 0x83, 0x6e, 0x7b, 0x4d, 0x73, 0x2d, 0x6b,
    0x2d, 0x6b, 0x4d, 0x73, 0x4c, 0x7b, 0x4c, 0x83, 0x4c, 0x83, 0x4c, 0x83,
    0x4c, 0x83, 0x4c, 0x83, 0x4c, 0x83, 0x4c, 0x83, 0x4c, 0x83, 0x4c, 0x7b,
    0x4c, 0x7b, 0x4c, 0x7b, 0x4c, 0x7b, 0x4c, 0x7b, 0x4c, 0x83, 0x4b, 0x8b,
    0x4c, 0x83, 0x4c, 0x83, 0x4c, 0x83, 0x4c, 0x83, 0x4c, 0x83, 0x4c, 0x83,
    0x4c, 0x83, 0x4c, 0x83, 0x4c, 0x83, 0x4c, 0x83, 0x4c, 0x7b, 0x4c, 0x7b,
    0x4c, 0x7b, 0x4c, 0x7b, 0x4c, 0x7b, 0x2c, 0x7b, 0x4d, 0x73, 0x2d, 0x6b,
    0x2d, 0x6b, 0x2e, 0x6b, 0x2d, 0x6b, 0x2e, 0x63, 0x2e, 0x63, 0x4d, 0x63,
    0x2e, 0x63, 0x2e, 0x6b, 0x2d, 0x63, 0x2d, 0x63, 0x2e, 0x63, 0x2e, 0x63,
    0x2d, 0x63, 0x2d, 0x63, 0x2e, 0x63, 0x2d, 0x63, 0x0e, 0x5b, 0x2e, 0x5b,
    0x0e, 0x5b, 0x0e, 0x5b, 0x0e, 0x5b, 0x0e, 0x5b, 0x0d, 0x5b, 0x0d, 0x5b,
    0x0d, 0x5b, 0x0e, 0x5b, 0x0e, 0x53, 0x0d, 0x53, 0xee, 0x52, 0xee, 0x52,
    0xed, 0x4a, 0xed, 0x4a, 0xee, 0x4a, 0xee, 0x4a, 0xcd, 0x42, 0xcd, 0x42,
    0xce, 0x4a, 0xed, 0x52, 0x0d, 0x5b, 0xed, 0x5a, 0xed, 0x5a, 0xed, 0x52,
    0xac, 0x42, 0x8c, 0x3a, 0x8c, 0x3a, 0x4c, 0x3a, 0x2b, 0x32, 0x0b, 0x32,
    0x0b, 0x32, 0xeb, 0x29, 0xcb, 0x29, 0xca, 0x29, 0xaa, 0x29, 0xca, 0x29,
    0xaa, 0x29, 0xaa, 0x29, 0xca, 0x29, 0xaa, 0x29, 0xaa, 0x29, 0xaa, 0x29,
    0xaa, 0x21, 0xaa, 0x21, 0xaa, 0x29, 0xaa, 0x29, 0xaa, 0x29, 0xa9, 0x29,
    0xaa, 0x21, 0xaa, 0x21, 0xa9, 0x29, 0xaa, 0x29, 0x8a, 0x21, 0xaa, 0x29,
    0x0a, 0x42, 0x0a, 0x42, 0x0a, 0x42, 0x0a, 0x42, 0x0a, 0x42, 0x0a, 0x42,
    0x0a, 0x42, 0x2a, 0x4a, 0x2a, 0x4a, 0x2a, 0x4a, 0x2a, 0x4a, 0x2a, 0x4a,
    0x2a, 0x52, 0x2a, 0x4a, 0x2a, 0x52, 0x4a, 0x52, 0x2a, 0x4a, 0x2a, 0x52,
    0x4b, 0x52, 0x4a, 0x52, 0x4a, 0x52, 0x4a, 0x52, 0x4b, 0x52, 0x4a, 0x52,
    0x6b, 0x52, 0x6b, 0x52, 0x0a, 0x42, 0x88, 0x21, 0x89, 0x21, 0x89, 0x29,
    0x88, 0x21, 0xa9, 0x21, 0x89, 0x21, 0x89, 0x29, 0xa9, 0x21, 0xa9, 0x29,
    0xa9, 0x29, 0xa9, 0x21, 0xa8, 0x21, 0xa9, 0x29, 0xa9, 0x29, 0xa9, 0x21,
    0xa9, 0x21, 0xa9, 0x29, 0xa9, 0x29, 0xa9, 0x21, 0xca, 0x29, 0xa9, 0x29,
    0xa9, 0x29, 0xc9, 0x29, 0xa9, 0x29, 0xa9, 0x29, 0xc9, 0x29, 0xc9, 0x29,
    0xaa, 0x29, 0xc9, 0x29, 0xc9, 0x31, 0xa9, 0x31, 0xc9, 0x29, 0xc9, 0x29,
    0xc9, 0x31, 0xc9, 0x29, 0xc9, 0x29, 0xca, 0x31, 0xc9, 0x29, 0xc9, 0x29,
    0xc9, 0x29, 0xc9, 0x29, 0xa9, 0x29, 0xaa, 0x29, 0xa9, 0x29, 0xaa, 0x29,
    0xca, 0x29, 0xa9, 0x29, 0xa9, 0x29, 0xa9, 0x29, 0xaa, 0x29, 0xa9, 0x29,
    0xc9, 0x29, 0xc9, 0x31, 0xea, 0x39, 0x09, 0x42, 0x0a, 0x3a, 0x09, 0x3a,
    0xe9, 0x39, 0xea, 0x31, 0xe9, 0x31, 0xe9, 0x31, 0xe9, 0x31, 0xea, 0x31,
    0xc9, 0x29, 0xc9, 0x29, 0xa9, 0x29, 0xa9, 0x21, 0xc9, 0x29, 0xea, 0x31,
    0xc9, 0x29, 0xea, 0x31, 0x2a, 0x3a, 0x2a, 0x3a, 0x6b, 0x4a, 0x6b, 0x4a,
    0x6a, 0x4a, 0x8b, 0x4a, 0xab, 0x4a, 0x8b, 0x4a, 0x8b, 0x4a, 0x4f, 0x9c,
    0x30, 0xc5, 0x30, 0xc5, 0x30, 0xcd, 0x30, 0xcd, 0x30, 0xcd, 0x50, 0xcd,
    0x71, 0xcd, 0xb2, 0xcd, 0x92, 0xcd, 0x92, 0xcd, 0x71, 0xcd, 0xd4, 0xcd,
    0x16, 0xc6, 0xd4, 0xbd, 0x93, 0xb5, 0x94, 0xa5, 0x94, 0x95, 0x95, 0x95,
    0x95, 0x95, 0x95, 0x95, 0x94, 0x9d, 0x93, 0xa5, 0xb3, 0xb5, 0x93, 0xad,
    0x93, 0xad, 0xb3, 0xb5, 0xb4, 0xb5, 0x57, 0xce, 0x57, 0xce, 0x56, 0xce,
    0xb2, 0xbd, 0xd3, 0xbd, 0xf5, 0xbd, 0xf6, 0xb5, 0x78, 0xce, 0x78, 0xce,
    0x36, 0xce, 0xf3, 0xc5, 0xf4, 0xc5, 0xf4, 0xc5, 0x14, 0xc6, 0x14, 0xce,
    0x77, 0xce, 0x77, 0xce, 0x77, 0xce, 0x77, 0xce, 0xf6, 0xb5, 0xb6, 0xad,
    0xd1, 0x73, 0xce, 0x4a, 0x8d, 0x42, 0xad, 0x4a, 0xad, 0x4a, 0xed, 0x52,
    0xcd, 0x52, 0xed, 0x5a, 0xcd, 0x4a, 0x8d, 0x42, 0x6c, 0x3a, 0x6d, 0x42,
    0x8c, 0x3a, 0x8d, 0x42, 0x8d, 0x42, 0x8d, 0x42, 0x8d, 0x42, 0x8c, 0x42,
    0xad, 0x4a, 0x6f, 0x6b, 0xd3, 0x9c, 0xf6, 0xc5, 0xf6, 0xcd, 0xf5, 0xd5,
    0xb4, 0xd5, 0xb1, 0xd4, 0x90, 0xd4, 0x6f, 0xd4, 0x70, 0xd4, 0x70, 0xcc,
    0xb1, 0xc4, 0x91, 0xcc, 0x90, 0xcc, 0xf3, 0xcc, 0x37, 0xce, 0xf6, 0xd5,
    0xd6, 0xd5, 0xb6, 0xd5, 0x53, 0xdd, 0xf2, 0xdc, 0x13, 0xdd, 0xb5, 0xcd,
    0x58, 0xc6, 0x95, 0xc5, 0x51, 0xb4, 0x10, 0xa4, 0xcf, 0x9b, 0xcf, 0x8b,
    0x4d, 0x73, 0x4d, 0x73, 0x4d, 0x7b, 0x4d, 0x73, 0x2d, 0x73, 0x2d, 0x6b,
    0x4d, 0x73, 0x4d, 0x7b, 0x4c, 0x7b, 0x4c, 0x83, 0x4c, 0x83, 0x4c, 0x83,
    0x4c, 0x7b, 0x4c, 0x83, 0x4c, 0x83, 0x4c, 0x83, 0x6c, 0x83, 0x4c, 0x83,
    0x6c, 0x83, 0x4c, 0x83, 0x4c, 0x83, 0x4c, 0x83, 0x4c, 0x83, 0x4c, 0x83,
    0x4c, 0x83, 0x4c, 0x83, 0x4c, 0x83, 0x4c, 0x83, 0x4c, 0x83, 0x4c, 0x83,
    0x4c, 0x83, 0x4c, 0x83, 0x4c, 0x7b, 0x4c, 0x7b, 0x4c, 0x7b, 0x4c, 0x83,
    0x4c, 0x7b, 0x4d, 0x7b, 0x4c, 0x7b, 0x4c, 0x7b, 0x4c, 0x7b, 0x4d, 0x7b,
    0x4d, 0x73, 0x2d, 0x6b, 0x2e, 0x6b, 0x4d, 0x6b, 0x2d, 0x6b, 0x2e, 0x63,
    0x4d, 0x6b, 0x2d, 0x63, 0x2e, 0x63, 0x4d, 0x63, 0x2d, 0x63, 0x2e, 0x63,
    0x2e, 0x6b, 0x2d, 0x63, 0x2e, 0x63, 0x2e, 0x63, 0x2e, 0x63, 0x0d, 0x5b,
    0x0d, 0x5b, 0x0e, 0x5b, 0x0d, 0x5b, 0x0d, 0x5b, 0x0d, 0x5b, 0x0e, 0x5b,
    0x0e, 0x5b, 0x0e, 0x53, 0x0e, 0x53, 0xed, 0x52, 0xee, 0x52, 0xee, 0x4a,
    0xed, 0x4a, 0xee, 0x4a, 0xee, 0x4a, 0xed, 0x4a, 0xcd, 0x4a, 0xce, 0x4a,
    0xce, 0x42, 0xce, 0x42, 0xcd, 0x4a, 0xee, 0x52, 0xee, 0x52, 0x0e, 0x5b,
    0xed, 0x5a, 0xed, 0x52, 0xad, 0x3a, 0x8c, 0x3a, 0x8c, 0x3a, 0x4c, 0x32,
    0x0b, 0x32, 0xeb, 0x29, 0xeb, 0x29, 0xca, 0x29, 0xca, 0x29, 0xca, 0x29,
    0xca, 0x29, 0xab, 0x29, 0xca, 0x29, 0xaa, 0x29, 0xaa, 0x29, 0xaa, 0x29,
    0xaa, 0x29, 0xaa, 0x29, 0xaa, 0x29, 0xaa, 0x29, 0xaa, 0x21, 0xaa, 0x29,
    0xaa, 0x21, 0xaa, 0x29, 0xaa, 0x29, 0x8a, 0x21, 0x8a, 0x21, 0x8a, 0x21,
    0xaa, 0x29, 0xaa, 0x21, 0xea, 0x39, 0xea, 0x41, 0xea, 0x41, 0xea, 0x41,
    0x09, 0x42, 0x0a, 0x42, 0x0a, 0x42, 0x2a, 0x4a, 0x0a, 0x4a, 0x0a, 0x4a,
    0x2a, 0x4a, 0x0a, 0x4a, 0x2a, 0x4a, 0x2a, 0x4a, 0x0a, 0x4a, 0x2a, 0x4a,
    0x2a, 0x4a, 0x2a, 0x4a, 0x2b, 0x4a, 0x2b, 0x4a, 0x4a, 0x4a, 0x4a, 0x4a,
    0x2b, 0x4a, 0x4a, 0x4a, 0x4b, 0x52, 0x4b, 0x52, 0x4a, 0x4a, 0xc9, 0x31,
    0x89, 0x21, 0x89, 0x21, 0xa9, 0x21, 0xa9, 0x21, 0x89, 0x29, 0xa8, 0x21,
    0x89, 0x21, 0xa9, 0x29, 0xa9, 0x29, 0xa9, 0x21, 0xa9, 0x21, 0xa9, 0x21,
    0xa8, 0x21, 0xa9, 0x21, 0xa9, 0x29, 0xa9, 0x21, 0xa9, 0x29, 0xa9, 0x29,
    0xc9, 0x29, 0xc9, 0x29, 0xaa, 0x29, 0xc9, 0x29, 0xc9, 0x29, 0xaa, 0x29,
    0xa9, 0x29, 0xc9, 0x29, 0xa9, 0x29, 0xa9, 0x29, 0xca, 0x29, 0xca, 0x29,
    0xc9, 0x31, 0xc9, 0x29, 0xc9, 0x31, 0xca, 0x31, 0xca, 0x31, 0xc9, 0x31,
    0xc9, 0x29, 0xc9, 0x29, 0xc9, 0x29, 0xa9, 0x29, 0xc9, 0x29, 0xc9, 0x29,
    0xa9, 0x29, 0xa9, 0x29, 0xa9, 0x29, 0xca, 0x29, 0xa9, 0x29, 0xa9, 0x29,
    0xc9, 0x29, 0xa9, 0x29, 0xc9, 0x29, 0xc9, 0x29, 0xc9, 0x31, 0xe9, 0x39,
    0xe9, 0x39, 0x0a, 0x32, 0xe9, 0x31, 0xea, 0x31, 0xe9, 0x31, 0xc9, 0x31,
    0xc9, 0x29, 0xa9, 0x29, 0xa9, 0x29, 0xa9, 0x21, 0xa9, 0x21, 0xa9, 0x21,
    0xc9, 0x29, 0xc9, 0x29, 0xc9, 0x29, 0xc9, 0x31, 0x0a, 0x32, 0x2a, 0x3a,
    0x4a, 0x42, 0x6a, 0x42, 0x6a, 0x42, 0x8b, 0x4a, 0xab, 0x4a, 0xab, 0x52,
    0xab, 0x4a, 0xaf, 0xac, 0x30, 0xc5, 0x31, 0xc5, 0x50, 0xcd, 0x51, 0xcd,
    0x72, 0xcd, 0xb3, 0xcd, 0xd4, 0xcd, 0xb3, 0xcd, 0x92, 0xcd, 0x51, 0xcd,
    0x71, 0xcd, 0x36, 0xce, 0x57, 0xce, 0x16, 0xb6, 0xd5, 0x9d, 0x95, 0x95,
    0x95, 0x95, 0x95, 0x95, 0x94, 0x95, 0x94, 0x9d, 0x94, 0xa5, 0xb4, 0xa5,
    0x93, 0xb5, 0x93, 0xad, 0xb4, 0xad, 0xf4, 0xbd, 0x36, 0xce, 0x57, 0xce,
    0x57, 0xce, 0x78, 0xce, 0x35, 0xce, 0x36, 0xce, 0x77, 0xce, 0x77, 0xce,
    0x77, 0xce, 0x78, 0xce, 0x78, 0xce, 0x57, 0xc6, 0x36, 0xce, 0x36, 0xce,
    0x56, 0xce, 0x57, 0xce, 0x77, 0xce, 0x77, 0xce, 0x57, 0xce, 0x36, 0xc6,
    0xd0, 0x6b, 0x2e, 0x5b, 0xed, 0x52, 0xcd, 0x4a, 0xcd, 0x4a, 0x6d, 0x42,
    0x6d, 0x3a, 0x8d, 0x42, 0x8d, 0x42, 0x6d, 0x42, 0x4c, 0x3a, 0x6c, 0x3a,
    0x6c, 0x42, 0x6c, 0x3a, 0x6c, 0x3a, 0x6c, 0x3a, 0x8d, 0x3a, 0x8d, 0x42,
    0xad, 0x42, 0xad, 0x42, 0xad, 0x4a, 0xcd, 0x4a, 0x92, 0x8c, 0xb5, 0xbd,
    0xf6, 0xcd, 0x16, 0xd6, 0x36, 0xd6, 0xf6, 0xd5, 0x13, 0xcd, 0xd2, 0xd4,
    0x74, 0xd5, 0x54, 0xcd, 0x95, 0xcd, 0xb1, 0xcc, 0x71, 0xd4, 0xd6, 0xcd,
    0x58, 0xce, 0xd6, 0xd5, 0x94, 0xd5, 0xb4, 0xd5, 0xd6, 0xd5, 0xd6, 0xcd,
    0xf6, 0xcd, 0x17, 0xc6, 0x17, 0xc6, 0xd6, 0xbd, 0x8d, 0x83, 0x4c, 0x83,
    0x4c, 0x83, 0x4c, 0x83, 0x4c, 0x83, 0x4c, 0x7b, 0x4c, 0x7b, 0x4c, 0x83,
    0x4c, 0x7b, 0x4c, 0x83, 0x4c, 0x83, 0x4c, 0x83, 0x4c, 0x83, 0x4c, 0x83,
    0x4c, 0x83, 0x4c, 0x83, 0x4c, 0x83, 0x4c, 0x83, 0x4c, 0x83, 0x4c, 0x83,
    0x4b, 0x83, 0x4c, 0x83, 0x4c, 0x83, 0x6b, 0x83, 0x4c, 0x83, 0x6c, 0x8b,
    0x4c, 0x83, 0x4b, 0x83, 0x4c, 0x83, 0x4c, 0x83, 0x4b, 0x83, 0x4c, 0x83,
    0x4c, 0x83, 0x4c, 0x83, 0x4c, 0x7b, 0x4c, 0x7b, 0x4c, 0x83, 0x4c, 0x7b,
    0x4c, 0x7b, 0x4c, 0x7b, 0x4c, 0x83, 0x4c, 0x7b, 0x4c, 0x7b, 0x4c, 0x7b,
    0x4d, 0x7b, 0x4c, 0x7b, 0x4d, 0x73, 0x2d, 0x6b, 0x2d, 0x63, 0x4e, 0x6b,
    0x2d, 0x6b, 0x2e, 0x63, 0x2e, 0x63, 0x2d, 0x6b, 0x2e, 0x63, 0x2d, 0x63,
    0x2e, 0x63, 0x2e, 0x63, 0x2d, 0x63, 0x2e, 0x63, 0x2e, 0x63, 0x2e, 0x63,
    0x2e, 0x63, 0x0e, 0x5b, 0x0e, 0x5b, 0x0d, 0x5b, 0x0e, 0x53, 0x0e, 0x53,
    0x0e, 0x53, 0x0d, 0x53, 0xee, 0x52, 0xee, 0x52, 0xed, 0x4a, 0xed, 0x4a,
    0xee, 0x4a, 0xee, 0x4a, 0xed, 0x4a, 0xce, 0x4a, 0xce, 0x4a, 0xcd, 0x42,
    0xce, 0x42, 0xcd, 0x42, 0xcd, 0x42, 0xce, 0x42, 0xcd, 0x42, 0xcd, 0x4a,
    0xcd, 0x42, 0xee, 0x52, 0xed, 0x52, 0xcd, 0x4a, 0x8c, 0x3a, 0x8c, 0x3a,
    0x8c, 0x3a, 0x8c, 0x3a, 0x2c, 0x32, 0xeb, 0x31, 0xeb, 0x29, 0xca, 0x29,
    0xcb, 0x29, 0xca, 0x29, 0xaa, 0x29, 0xca, 0x29, 0xca, 0x29, 0xca, 0x29,
    0xaa, 0x29, 0xaa, 0x29, 0xca, 0x29, 0xaa, 0x29, 0xaa, 0x29, 0xaa, 0x29,
    0xaa, 0x29, 0xa9, 0x29, 0xaa, 0x29, 0xaa, 0x21, 0xaa, 0x29, 0xaa, 0x29,
    0xaa, 0x29, 0xaa, 0x29, 0x8a, 0x21, 0x8a, 0x29, 0xe9, 0x39, 0xe9, 0x39,
    0xea, 0x41, 0xea, 0x41, 0x0a, 0x42, 0xe9, 0x41, 0xea, 0x41, 0x0a, 0x42,
    0x09, 0x42, 0x0a, 0x42, 0x0a, 0x42, 0x0a, 0x42, 0x0a, 0x42, 0x0a, 0x42,
    0x0a, 0x42, 0x0a, 0x42, 0x0a, 0x42, 0x2a, 0x42, 0x2a, 0x42, 0x2a, 0x42,
    0x2a, 0x4a, 0x2a, 0x4a, 0x0a, 0x42, 0x2a, 0x42, 0x2a, 0x42, 0x2b, 0x42,
    0x2b, 0x4a, 0x2a, 0x42, 0xa9, 0x29, 0x89, 0x21, 0xa8, 0x21, 0x89, 0x29,
    0xa9, 0x29, 0xa9, 0x21, 0x89, 0x21, 0xa9, 0x29, 0xa9, 0x29, 0xa9, 0x29,
    0xa8, 0x21, 0xa9, 0x29, 0xa9, 0x29, 0xa9, 0x21, 0xa9, 0x21, 0xa9, 0x21,
    0xa9, 0x21, 0xa9, 0x29, 0xa9, 0x21, 0xc9, 0x29, 0xa9, 0x29, 0xa9, 0x29,
    0xc9, 0x29, 0xc9, 0x29, 0xa9, 0x29, 0xc9, 0x29, 0xc9, 0x29, 0xa9, 0x29,
    0xc9, 0x29, 0xc9, 0x31, 0xc9, 0x29, 0xc9, 0x31, 0xca, 0x31, 0xc9, 0x31,
    0xe9, 0x31, 0xe9, 0x31, 0xc9, 0x29, 0xc9, 0x29, 0xc9, 0x31, 0xc9, 0x31,
    0xa9, 0x29, 0xc9, 0x29, 0xc9, 0x29, 0xa9, 0x29, 0xa9, 0x21, 0xa9, 0x29,
    0xaa, 0x21, 0xc9, 0x21, 0xaa, 0x29, 0xa9, 0x29, 0xc9, 0x29, 0xa9, 0x29,
    0xc9, 0x29, 0xea, 0x39, 0xc9, 0x31, 0xe9, 0x31, 0xca, 0x31, 0xe9, 0x31,
    0xea, 0x31, 0xca, 0x29, 0xc9, 0x29, 0xc9, 0x29, 0xa9, 0x21, 0xa9, 0x21,
    0xa9, 0x29, 0xa9, 0x29, 0xa9, 0x21, 0xa9, 0x29, 0xc9, 0x29, 0xc9, 0x29,
    0xc9, 0x29, 0x2a, 0x3a, 0x2a, 0x42, 0x4a, 0x42, 0x6b, 0x42, 0x8b, 0x4a,
    0x8b, 0x52, 0x8b, 0x4a, 0xab, 0x4a, 0xf0, 0xb4, 0x51, 0xc5, 0x71, 0xcd,
    0x92, 0xcd, 0xb3, 0xcd, 0xf5, 0xc5, 0xf4, 0xcd, 0xb3, 0xcd, 0x92, 0xc5,
    0xb3, 0xcd, 0xb3, 0xcd, 0xf4, 0xcd, 0x77, 0xce, 0x57, 0xce, 0xf6, 0xad,
    0xb5, 0x9d, 0xb5, 0x9d, 0xb5, 0x9d, 0x94, 0x9d, 0xb4, 0x9d, 0xb4, 0xa5,
    0xb3, 0xb5, 0xb1, 0xc5, 0xd2, 0xcd, 0xf4, 0xc5, 0x35, 0xce, 0x36, 0xce,
    0x57, 0xce, 0x77, 0xce, 0x77, 0xce, 0x77, 0xce, 0x77, 0xce, 0x77, 0xce,
    0x77, 0xce, 0x77, 0xce, 0x57, 0xce, 0x77, 0xce, 0x78, 0xce, 0x58, 0xc6,
    0x78, 0xce, 0x78, 0xce, 0x57, 0xce, 0x56, 0xce, 0x36, 0xc6, 0xd5, 0xb5,
    0x13, 0xa5, 0x30, 0x84, 0x6e, 0x6b, 0x6e, 0x73, 0x6e, 0x73, 0x6e, 0x6b,
    0x4d, 0x6b, 0x4e, 0x6b, 0x4d, 0x6b, 0x2d, 0x63, 0x2e, 0x63, 0x8f, 0x63,
    0x8f, 0x5b, 0xd0, 0x5b, 0xce, 0x4a, 0x8d, 0x42, 0x8d, 0x42, 0x6d, 0x42,
    0x6c, 0x42, 0x8d, 0x3a, 0x8d, 0x42, 0x8c, 0x42, 0x6d, 0x42, 0x4c, 0x32,
    0xae, 0x4a, 0x95, 0xbd, 0xd6, 0xc5, 0xd6, 0xc5, 0xf6, 0xc5, 0x16, 0xce,
    0x17, 0xce, 0x37, 0xce, 0x58, 0xce, 0x57, 0xc6, 0x17, 0xb6, 0x95, 0xa5,
    0xb6, 0xc5, 0x37, 0xce, 0x37, 0xce, 0x32, 0xd5, 0x6f, 0xbc, 0xce, 0x9b,
    0xee, 0xa3, 0xee, 0x9b, 0xb1, 0xac, 0x54, 0xb5, 0xad, 0x8b, 0x6c, 0x8b,
    0x4c, 0x83, 0x4c, 0x83, 0x4c, 0x83, 0x4c, 0x83, 0x4c, 0x83, 0x4c, 0x83,
    0x4c, 0x83, 0x4c, 0x83, 0x4c, 0x83, 0x4c, 0x83, 0x4c, 0x83, 0x4c, 0x83,
    0x4c, 0x83, 0x4b, 0x83, 0x4c, 0x83, 0x4c, 0x83, 0x6b, 0x83, 0x4c, 0x83,
    0x6b, 0x83, 0x4c, 0x83, 0x4c, 0x83, 0x6c, 0x83, 0x6c, 0x83, 0x6c, 0x83,
    0x6c, 0x83, 0x4c, 0x83, 0x4b, 0x83, 0x4c, 0x83, 0x4c, 0x83, 0x4c, 0x83,
    0x4c, 0x83, 0x4c, 0x83, 0x4c, 0x7b, 0x4c, 0x7b, 0x4c, 0x7b, 0x4c, 0x83,
    0x4c, 0x7b, 0x4c, 0x7b, 0x4d, 0x7b, 0x4c, 0x7b, 0x4d, 0x7b, 0x4c, 0x7b,
    0x4c, 0x7b, 0x4c, 0x7b, 0x4c, 0x7b, 0x4d, 0x7b, 0x4d, 0x73, 0x2d, 0x6b,
    0x2d, 0x6b, 0x2e, 0x6b, 0x2d, 0x63, 0x4d, 0x63, 0x2e, 0x63, 0x2d, 0x63,
    0x2d, 0x63, 0x2e, 0x63, 0x2e, 0x6b, 0x2d, 0x63, 0x2e, 0x63, 0x2e, 0x63,
    0x2d, 0x63, 0x0d, 0x63, 0x0e, 0x5b, 0x0d, 0x53, 0xee, 0x52, 0xee, 0x4a,
    0xed, 0x52, 0xee, 0x4a, 0xee, 0x4a, 0xcd, 0x4a, 0xed, 0x4a, 0xce, 0x4a,
    0xee, 0x4a, 0xce, 0x4a, 0xcd, 0x4a, 0xce, 0x4a, 0xcd, 0x4a, 0xcd, 0x42,
    0xce, 0x42, 0xcd, 0x42, 0xcd, 0x42, 0xad, 0x42, 0xcd, 0x42, 0xcd, 0x42,
    0xce, 0x42, 0xcd, 0x42, 0xad, 0x42, 0xcd, 0x4a, 0xed, 0x52, 0xad, 0x42,
    0x8c, 0x3a, 0x8d, 0x3a, 0x8c, 0x3a, 0x8c, 0x3a, 0x2b, 0x32, 0xeb, 0x31,
    0xea, 0x29, 0xca, 0x29, 0xcb, 0x29, 0xcb, 0x29, 0xca, 0x29, 0xaa, 0x29,
    0xaa, 0x29, 0xca, 0x29, 0xca, 0x29, 0xaa, 0x29, 0xaa, 0x21, 0xca, 0x29,
    0xaa, 0x29, 0xca, 0x29, 0xaa, 0x29, 0xaa, 0x21, 0xaa, 0x29, 0xaa, 0x29,
    0xaa, 0x21, 0xaa, 0x21, 0xaa, 0x29, 0xa9, 0x21, 0xaa, 0x21, 0xaa, 0x21,
    0xca, 0x39, 0xea, 0x39, 0xe9, 0x39, 0xea, 0x39, 0xc9, 0x39, 0xea, 0x39,
    0xc9, 0x39, 0xca, 0x39, 0xea, 0x39, 0xea, 0x39, 0xea, 0x39, 0xea, 0x39,
    0xea, 0x39, 0xea, 0x39, 0xea, 0x39, 0xea, 0x39, 0xea, 0x41, 0x0a, 0x3a,
    0xea, 0x39, 0xea, 0x39, 0xea, 0x39, 0xea, 0x39, 0xea, 0x39, 0xea, 0x39,
    0xea, 0x39, 0x0a, 0x3a, 0x0a, 0x3a, 0x0b, 0x3a, 0xca, 0x31, 0xa9, 0x21,
    0x89, 0x21, 0xa9, 0x21, 0x89, 0x21, 0x89, 0x29, 0xa9, 0x21, 0xa9, 0x21,
    0xa9, 0x29, 0xa9, 0x29, 0xa9, 0x21, 0xa9, 0x29, 0xa9, 0x21, 0xa9, 0x29,
    0xa9, 0x29, 0xa9, 0x29, 0xa9, 0x21, 0xa9, 0x29, 0xa9, 0x29, 0xc9, 0x29,
    0xc9, 0x29, 0xa9, 0x21, 0xa9, 0x29, 0xc9, 0x29, 0xaa, 0x29, 0xa9, 0x29,
    0xc9, 0x29, 0xc9, 0x29, 0xa9, 0x29, 0xc9, 0x31, 0xc9, 0x29, 0xc9, 0x29,
    0xc9, 0x31, 0xc9, 0x29, 0xc9, 0x31, 0xca, 0x31, 0xc9, 0x29, 0xa9, 0x29,
    0xc9, 0x29, 0xc9, 0x31, 0xca, 0x31, 0xc9, 0x29, 0xa9, 0x29, 0xaa, 0x29,
    0xc9, 0x29, 0xa9, 0x29, 0xa9, 0x29, 0xa9, 0x21, 0xaa, 0x29, 0xa9, 0x29,
    0xc9, 0x29, 0xca, 0x29, 0xc9, 0x29, 0xea, 0x31, 0xc9, 0x31, 0xc9, 0x29,
    0xea, 0x31, 0x4a, 0x3a, 0x4a, 0x3a, 0x4a, 0x3a, 0x6b, 0x42, 0xea, 0x31,
    0xa9, 0x21, 0xa9, 0x21, 0xa9, 0x29, 0xa9, 0x21, 0xa9, 0x21, 0xa9, 0x29,
    0xc9, 0x29, 0xca, 0x29, 0xc9, 0x29, 0x0a, 0x3a, 0x2a, 0x42, 0x4a, 0x42,
    0x4a, 0x42, 0x8b, 0x4a, 0x8b, 0x4a, 0x8b, 0x52, 0xab, 0x4a, 0x11, 0xbd,
    0xb3, 0xcd, 0x36, 0xce, 0x57, 0xce, 0x36, 0xc6, 0x36, 0xce, 0x36, 0xce,
    0x57, 0xce, 0x78, 0xce, 0xd3, 0xd5, 0xd3, 0xd5, 0x36, 0xd6, 0x98, 0xce,
    0x78, 0xce, 0x78, 0xce, 0x57, 0xbe, 0xf6, 0xad, 0xd5, 0xa5, 0xb5, 0xa5,
    0xd5, 0xad, 0xd4, 0xc5, 0xf4, 0xcd, 0x35, 0xce, 0x35, 0xce, 0x36, 0xce,
    0x56, 0xce, 0x77, 0xce, 0x77, 0xce, 0x77, 0xce, 0x57, 0xce, 0x57, 0xce,
    0x77, 0xce, 0x57, 0xce, 0x57, 0xce, 0x77, 0xce, 0x57, 0xce, 0x57, 0xc6,
    0xd6, 0xb5, 0x14, 0xa5, 0xb2, 0x94, 0x92, 0x8c, 0x31, 0x84, 0xf0, 0x7b,
    0xaf, 0x73, 0x8e, 0x73, 0x8e, 0x73, 0x6e, 0x6b, 0x6e, 0x6b, 0x4e, 0x6b,
    0x4d, 0x6b, 0x4e, 0x6b, 0x4e, 0x6b, 0x4d, 0x6b, 0x4e, 0x6b, 0x4d, 0x6b,
    0x6d, 0x6b, 0x6e, 0x6b, 0x6e, 0x6b, 0x4e, 0x6b, 0x2d, 0x63, 0x2d, 0x63,
    0x2d, 0x63, 0x2d, 0x63, 0x2d, 0x63, 0x2d, 0x63, 0x0d, 0x5b, 0x0d, 0x5b,
    0x0d, 0x5b, 0xee, 0x52, 0x4f, 0x6b, 0x34, 0xad, 0xd6, 0xc5, 0xd6, 0xbd,
    0xd6, 0xbd, 0xf6, 0xc5, 0x17, 0xce, 0x37, 0xce, 0x57, 0xce, 0x54, 0x9d,
    0x31, 0x84, 0xef, 0x8b, 0xf2, 0xa4, 0xf6, 0xc5, 0xf6, 0xc5, 0xf1, 0xdc,
    0x2f, 0xb4, 0xad, 0x93, 0xad, 0x93, 0xad, 0x93, 0xad, 0x93, 0xad, 0x8b,
    0x6d, 0x83, 0x4c, 0x83, 0x6c, 0x83, 0x6c, 0x83, 0x4c, 0x83, 0x4c, 0x83,
    0x4c, 0x83, 0x4c, 0x83, 0x4c, 0x83, 0x4c, 0x83, 0x4c, 0x83, 0x4c, 0x83,
    0x4c, 0x83, 0x4c, 0x83, 0x4c, 0x83, 0x4c, 0x83, 0x4c, 0x83, 0x6c, 0x83,
    0x6c, 0x83, 0x6c, 0x83, 0x6c, 0x83, 0x6c, 0x83, 0x6c, 0x83, 0x4c, 0x83,
    0x4c, 0x83, 0x4c, 0x83, 0x4b, 0x83, 0x4c, 0x83, 0x4c, 0x83, 0x4c, 0x83,
    0x4c, 0x83, 0x4c, 0x7b, 0x4c, 0x83, 0x4c, 0x7b, 0x4c, 0x7b, 0x4c, 0x83,
    0x4c, 0x83, 0x4c, 0x7b, 0x4c, 0x7b, 0x4c, 0x83, 0x4c, 0x7b, 0x4c, 0x7b,
    0x4c, 0x7b, 0x4d, 0x7b, 0x4d, 0x7b, 0x4d, 0x7b, 0x4c, 0x7b, 0x4d, 0x73,
    0x2d, 0x73, 0x4d, 0x6b, 0x2d, 0x6b, 0x2e, 0x63, 0x2e, 0x63, 0x2e, 0x63,
    0x2e, 0x63, 0x2e, 0x63, 0x2e, 0x63, 0x2d, 0x63, 0x2e, 0x63, 0x2e, 0x63,
    0x2d, 0x63, 0x2e, 0x5b, 0x0d, 0x5b, 0x2e, 0x5b, 0x0e, 0x5b, 0x0d, 0x53,
    0xee, 0x4a, 0xee, 0x4a, 0xed, 0x4a, 0xce, 0x4a, 0xcd, 0x4a, 0xcd, 0x4a,
    0xcd, 0x42, 0xcd, 0x42, 0xcd, 0x42, 0xcd, 0x42, 0xce, 0x42, 0xcd, 0x42,
    0xce, 0x42, 0xad, 0x42, 0xad, 0x42, 0xad, 0x42, 0xae, 0x42, 0xad, 0x42,
    0xce, 0x42, 0xce, 0x42, 0xce, 0x42, 0xcd, 0x42, 0xce, 0x42, 0xcd, 0x4a,
    0x4c, 0x3a, 0x6c, 0x3a, 0x8c, 0x3a, 0x8c, 0x3a, 0x8c, 0x3a, 0x8c, 0x3a,
    0x2b, 0x32, 0xeb, 0x29, 0xcb, 0x29, 0xca, 0x29, 0xca, 0x31, 0xca, 0x29,
    0xca, 0x29, 0xca, 0x29, 0xab, 0x29, 0xaa, 0x29, 0xaa, 0x29, 0xaa, 0x29,
    0xca, 0x29, 0xaa, 0x29, 0xaa, 0x29, 0xaa, 0x29, 0xca, 0x29, 0xaa, 0x21,
    0xaa, 0x29, 0xaa, 0x29, 0xaa, 0x29, 0xaa, 0x29, 0xa9, 0x29, 0x89, 0x21,
    0xaa, 0x29, 0x89, 0x29, 0xc9, 0x39, 0xca, 0x31, 0xc9, 0x31, 0xc9, 0x31,
    0xca, 0x31, 0xc9, 0x31, 0xca, 0x31, 0xc9, 0x31, 0xca, 0x31, 0xc9, 0x31,
    0xaa, 0x31, 0xc9, 0x31, 0xca, 0x39, 0xca, 0x31, 0xca, 0x39, 0xca, 0x31,
    0xca, 0x39, 0xca, 0x39, 0xea, 0x39, 0xca, 0x39, 0xea, 0x39, 0xea, 0x39,
    0xea, 0x39, 0xea, 0x39, 0xea, 0x39, 0xea, 0x39, 0xea, 0x39, 0xea, 0x39,
    0x0a, 0x3a, 0xa9, 0x29, 0x89, 0x21, 0xa9, 0x29, 0xa9, 0x21, 0x88, 0x21,
    0xa9, 0x29, 0x89, 0x21, 0xa9, 0x21, 0xa9, 0x29, 0xa9, 0x29, 0xa9, 0x21,
    0xa8, 0x21, 0xa9, 0x21, 0xa9, 0x21, 0xa9, 0x29, 0xa9, 0x29, 0xc9, 0x29,
    0xa9, 0x29, 0xa9, 0x21, 0xc9, 0x29, 0xca, 0x29, 0xa9, 0x29, 0xc9, 0x29,
    0xc9, 0x29, 0xa9, 0x29, 0xa9, 0x29, 0xca, 0x29, 0xc9, 0x31, 0xc9, 0x31,
    0xa9, 0x29, 0xca, 0x31, 0xc9, 0x31, 0xc9, 0x29, 0xea, 0x31, 0xc9, 0x29,
    0xc9, 0x29, 0xc9, 0x29, 0xa9, 0x29, 0xc9, 0x29, 0xc9, 0x31, 0xc9, 0x31,
    0xc9, 0x29, 0xa9, 0x21, 0xa9, 0x29, 0xca, 0x29, 0xa9, 0x29, 0xa9, 0x29,
    0xc9, 0x29, 0xc9, 0x29, 0xc9, 0x29, 0xc9, 0x29, 0xea, 0x31, 0x0a, 0x3a,
    0x4a, 0x42, 0x6b, 0x3a, 0x8b, 0x42, 0x6b, 0x42, 0x4a, 0x42, 0x6b, 0x42,
    0x2a, 0x3a, 0x2a, 0x3a, 0x0a, 0x32, 0xc9, 0x29, 0xa9, 0x21, 0xa9, 0x21,
    0xa9, 0x29, 0xa9, 0x21, 0xa9, 0x29, 0xa9, 0x29, 0xc9, 0x29, 0xea, 0x31,
    0x0a, 0x3a, 0x4a, 0x42, 0x6a, 0x42, 0x8b, 0x4a, 0xab, 0x4a, 0xab, 0x4a,
    0xab, 0x52, 0xd5, 0xb5, 0x57, 0xce, 0x58, 0xce, 0x57, 0xc6, 0x78, 0xce,
    0x78, 0xce, 0x98, 0xce, 0x78, 0xce, 0x98, 0xce, 0x98, 0xce, 0x98, 0xce,
    0x78, 0xce, 0x98, 0xce, 0x98, 0xce, 0x98, 0xce, 0x98, 0xce, 0x98, 0xce,
    0x78, 0xce, 0x16, 0xce, 0x57, 0xce, 0x77, 0xce, 0x57, 0xce, 0x56, 0xce,
    0x56, 0xce, 0x57, 0xce, 0x78, 0xce, 0x57, 0xce, 0x57, 0xce, 0x57, 0xce,
    0x57, 0xce, 0x57, 0xce, 0x57, 0xce, 0x57, 0xce, 0x77, 0xd6, 0x16, 0xc6,
    0xf3, 0x9c, 0xaf, 0x73, 0x6e, 0x6b, 0x6e, 0x6b, 0x6f, 0x6b, 0x6e, 0x6b,
    0x8e, 0x6b, 0x8f, 0x6b, 0x6e, 0x6b, 0x4e, 0x6b, 0x4e, 0x63, 0x4e, 0x63,
    0x4e, 0x6b, 0x2e, 0x6b, 0x4e, 0x63, 0x2e, 0x63, 0x4e, 0x63, 0x4e, 0x63,
    0x4e, 0x63, 0x2e, 0x63, 0x2e, 0x6b, 0x4d, 0x63, 0x2e, 0x5b, 0x2e, 0x63,
    0x2e, 0x63, 0x4e, 0x63, 0x4d, 0x63, 0x2d, 0x63, 0x2d, 0x63, 0x2d, 0x63,
    0x2d, 0x63, 0x8f, 0x73, 0x10, 0x84, 0x8f, 0x73, 0x6e, 0x73, 0xaf, 0x7b,
    0xd2, 0x9c, 0x75, 0xb5, 0xd6, 0xc5, 0x95, 0xbd, 0xf6, 0xc5, 0x38, 0xce,
    0x37, 0xce, 0xd5, 0xc5, 0x50, 0x9c, 0xae, 0x8b, 0xce, 0x93, 0x0f, 0x94,
    0x74, 0xbd, 0x32, 0xdd, 0xd0, 0xdc, 0x8f, 0xcc, 0x4f, 0xb4, 0x2f, 0x9c,
    0x0f, 0x94, 0x6c, 0x83, 0x4c, 0x83, 0x6c, 0x83, 0x4c, 0x83, 0x4c, 0x83,
    0x4c, 0x83, 0x4c, 0x83, 0x4c, 0x83, 0x4c, 0x83, 0x4c, 0x83, 0x4c, 0x83,
    0x4c, 0x83, 0x4c, 0x83, 0x4c, 0x83, 0x4c, 0x83, 0x4b, 0x83, 0x4c, 0x83,
    0x6c, 0x83, 0x6c, 0x83, 0x4c, 0x83, 0x4c, 0x83, 0x4c, 0x83, 0x4c, 0x83,
    0x6b, 0x83, 0x4c, 0x83, 0x4c, 0x83, 0x4c, 0x83, 0x4c, 0x83, 0x4c, 0x83,
    0x4c, 0x83, 0x4c, 0x7b, 0x4c, 0x7b, 0x4c, 0x7b, 0x4c, 0x7b, 0x4c, 0x83,
    0x4c, 0x7b, 0x4c, 0x7b, 0x4c, 0x7b, 0x4c, 0x7b, 0x4c, 0x7b, 0x4d, 0x7b,
    0x4d, 0x7b, 0x4d, 0x7b, 0x4d, 0x7b, 0x4d, 0x73, 0x4d, 0x73, 0x4d, 0x73,
    0x2d, 0x73, 0x4d, 0x73, 0x4d, 0x73, 0x4d, 0x6b, 0x4d, 0x6b, 0x2e, 0x63,
    0x2d, 0x63, 0x2d, 0x63, 0x2e, 0x63, 0x2d, 0x63, 0x2e, 0x63, 0x2e, 0x63,
    0x2e, 0x63, 0x2d, 0x63, 0x2e, 0x5b, 0x2e, 0x63, 0x0e, 0x5b, 0x2d, 0x5b,
    0x0e, 0x5b, 0xee, 0x4a, 0xed, 0x4a, 0xcd, 0x4a, 0xce, 0x42, 0xcd, 0x42,
    0xce, 0x42, 0xce, 0x42, 0xce, 0x42, 0xce, 0x42, 0xcd, 0x42, 0xce, 0x42,
    0xad, 0x42, 0xad, 0x42, 0xad, 0x42, 0xad, 0x42, 0xad, 0x42, 0xae, 0x42,
    0xad, 0x42, 0xad, 0x42, 0xcd, 0x4a, 0xcd, 0x4a, 0xcd, 0x4a, 0xce, 0x4a,
    0xcd, 0x4a, 0xce, 0x4a, 0xcd, 0x4a, 0xad, 0x4a, 0x8c, 0x3a, 0x8c, 0x3a,
    0x8c, 0x3a, 0x4c, 0x3a, 0x0b, 0x32, 0xeb, 0x31, 0xeb, 0x29, 0xca, 0x29,
    0xcb, 0x29, 0xcb, 0x31, 0xca, 0x29, 0xca, 0x29, 0xca, 0x29, 0xaa, 0x29,
    0xaa, 0x29, 0xaa, 0x29, 0xaa, 0x29, 0xaa, 0x29, 0xaa, 0x21, 0xaa, 0x29,
    0xca, 0x29, 0xaa, 0x29, 0xaa, 0x29, 0xaa, 0x21, 0xa9, 0x21, 0xaa, 0x29,
    0xaa, 0x29, 0xaa, 0x21, 0xaa, 0x29, 0xaa, 0x21, 0xc9, 0x31, 0xc9, 0x31,
    0xaa, 0x31, 0xaa, 0x31, 0xa9, 0x31, 0xa9, 0x31, 0xa9, 0x31, 0xa9, 0x31,
    0xa9, 0x31, 0xa9, 0x31, 0xa9, 0x31, 0xca, 0x31, 0xca, 0x31, 0xaa, 0x31,
    0xc9, 0x31, 0xc9, 0x31, 0xc9, 0x31, 0xc9, 0x31, 0xca, 0x31, 0xca, 0x31,
    0xca, 0x31, 0xca, 0x31, 0xca, 0x31, 0xea, 0x39, 0xea, 0x31, 0xea, 0x39,
    0xea, 0x39, 0xea, 0x39, 0xea, 0x39, 0xea, 0x39, 0xc9, 0x29, 0x89, 0x29,
    0xa8, 0x21, 0xa9, 0x21, 0x89, 0x29, 0xa9, 0x21, 0xa8, 0x21, 0xa9, 0x29,
    0xa9, 0x29, 0xa9, 0x29, 0xa8, 0x29, 0xa9, 0x29, 0xa9, 0x21, 0xa9, 0x21,
    0xa9, 0x21, 0xa9, 0x21, 0xa9, 0x21, 0xa9, 0x29, 0xa9, 0x29, 0xc9, 0x29,
    0xa9, 0x29, 0xa9, 0x29, 0xc9, 0x29, 0xc9, 0x29, 0xa9, 0x29, 0xa9, 0x29,
    0xa9, 0x29, 0xc9, 0x29, 0xc9, 0x29, 0xca, 0x31, 0xc9, 0x31, 0xc9, 0x31,
    0xe9, 0x31, 0xc9, 0x29, 0xc9, 0x29, 0xc9, 0x31, 0xc9, 0x29, 0xa9, 0x29,
    0xc9, 0x29, 0xca, 0x31, 0xc9, 0x31, 0xa9, 0x29, 0xa9, 0x21, 0xa9, 0x29,
    0xaa, 0x21, 0xa9, 0x29, 0xc9, 0x29, 0xc9, 0x29, 0xc9, 0x29, 0xca, 0x31,
    0x0a, 0x32, 0x2a, 0x3a, 0x8b, 0x42, 0x8b, 0x42, 0x8b, 0x4a, 0x8b, 0x42,
    0x4a, 0x42, 0x4a, 0x3a, 0x6a, 0x42, 0x4a, 0x42, 0x2a, 0x3a, 0x4b, 0x3a,
    0xea, 0x31, 0xa9, 0x29, 0xa9, 0x21, 0xa9, 0x21, 0xa9, 0x29, 0xc9, 0x29,
    0xc9, 0x29, 0xc9, 0x29, 0x0a, 0x3a, 0x2a, 0x42, 0x4a, 0x42, 0xab, 0x4a,
    0xab, 0x52, 0xac, 0x4a, 0xab, 0x4a, 0xd6, 0xb5, 0x58, 0xce, 0x77, 0xc6,
    0x57, 0xc6, 0x57, 0xc6, 0x78, 0xce, 0x78, 0xce, 0x78, 0xce, 0x78, 0xce,
    0x78, 0xce, 0x77, 0xce, 0x77, 0xce, 0x58, 0xce, 0x57, 0xce, 0x57, 0xce,
    0x57, 0xce, 0x37, 0xc6, 0x57, 0xce, 0x57, 0xce, 0x57, 0xce, 0x57, 0xce,
    0x37, 0xc6, 0x37, 0xce, 0x37, 0xc6, 0x17, 0xc6, 0x16, 0xc6, 0x57, 0xce,
    0x57, 0xce, 0x57, 0xce, 0x57, 0xce, 0x57, 0xce, 0x57, 0xce, 0xd5, 0xbd,
    0xf3, 0x9c, 0x6e, 0x73, 0x4e, 0x6b, 0x4e, 0x6b, 0x4e, 0x6b, 0x4e, 0x63,
    0x6e, 0x6b, 0x4e, 0x6b, 0x4e, 0x63, 0x4e, 0x6b, 0x2e, 0x63, 0x2e, 0x63,
    0x2d, 0x63, 0x2e, 0x63, 0x2d, 0x63, 0x2e, 0x63, 0x2e, 0x63, 0x2d, 0x63,
    0x2d, 0x63, 0x2e, 0x63, 0x2e, 0x63, 0x2d, 0x63, 0x2e, 0x63, 0x2e, 0x63,
    0x2d, 0x63, 0x2d, 0x63, 0x2e, 0x63, 0x2e, 0x63, 0x2e, 0x63, 0x2e, 0x63,
    0x2e, 0x63, 0x2e, 0x63, 0x2e, 0x63, 0x2d, 0x6b, 0x4d, 0x6b, 0x2c, 0x73,
    0x2c, 0x73, 0x2c, 0x73, 0x2d, 0x6b, 0x0d, 0x6b, 0x2d, 0x73, 0x6d, 0x7b,
    0xae, 0x7b, 0x13, 0xad, 0xd6, 0xbd, 0x54, 0xbd, 0xee, 0x93, 0xad, 0x93,
    0xad, 0x93, 0xad, 0x8b, 0xce, 0x93, 0xf2, 0xac, 0x74, 0xd5, 0xb5, 0xcd,
    0x33, 0xbd, 0xf2, 0xac, 0x2f, 0x9c, 0x6d, 0x83, 0x6c, 0x83, 0x6c, 0x8b,
    0x6c, 0x83, 0x4c, 0x83, 0x4c, 0x83, 0x4c, 0x83, 0x4c, 0x83, 0x4c, 0x83,
    0x4c, 0x83, 0x4c, 0x83, 0x4c, 0x83, 0x4c, 0x83, 0x4c, 0x83, 0x4c, 0x83,
    0x4b, 0x83, 0x4c, 0x83, 0x6c, 0x83, 0x4b, 0x83, 0x4c, 0x83, 0x4c, 0x83,
    0x4c, 0x83, 0x4c, 0x83, 0x4c, 0x83, 0x4c, 0x83, 0x4c, 0x83, 0x4c, 0x83,
    0x4c, 0x7b, 0x4c, 0x83, 0x4c, 0x7b, 0x4c, 0x7b, 0x4c, 0x83, 0x4c, 0x83,
    0x4c, 0x7b, 0x4c, 0x7b, 0x4c, 0x7b, 0x4d, 0x7b, 0x4d, 0x7b, 0x4d, 0x7b,
    0x4d, 0x73, 0x4d, 0x73, 0x4d, 0x73, 0x4d, 0x73, 0x4c, 0x73, 0x4c, 0x73,
    0x2d, 0x73, 0x4c, 0x73, 0x4c, 0x7b, 0x2d, 0x73, 0x4d, 0x7b, 0x4d, 0x73,
    0x2d, 0x6b, 0x2e, 0x63, 0x2e, 0x63, 0x2d, 0x63, 0x2e, 0x63, 0x2e, 0x63,
    0x2d, 0x63, 0x2e, 0x63, 0x2d, 0x63, 0x2d, 0x63, 0x2e, 0x63, 0x2e, 0x5b,
    0x0d, 0x5b, 0x0e, 0x5b, 0xed, 0x52, 0xce, 0x4a, 0xcd, 0x42, 0xcd, 0x42,
    0xcd, 0x42, 0xcd, 0x42, 0xcd, 0x42, 0xcd, 0x42, 0xad, 0x42, 0xad, 0x42,
    0xad, 0x42, 0xad, 0x42, 0xad, 0x42, 0xad, 0x42, 0xad, 0x42, 0xae, 0x42,
    0xad, 0x42, 0xad, 0x42, 0xad, 0x42, 0xad, 0x42, 0xcd, 0x42, 0xcd, 0x4a,
    0xcd, 0x4a, 0xce, 0x4a, 0xcd, 0x4a, 0xcd, 0x4a, 0xcd, 0x4a, 0xad, 0x4a,
    0x4c, 0x3a, 0x6c, 0x3a, 0x8c, 0x3a, 0x2c, 0x32, 0xeb, 0x31, 0xeb, 0x31,
    0xea, 0x29, 0xca, 0x31, 0xeb, 0x29, 0xca, 0x29, 0xcb, 0x29, 0xcb, 0x29,
    0xaa, 0x29, 0xca, 0x29, 0xca, 0x29, 0xaa, 0x29, 0xca, 0x29, 0xaa, 0x29,
    0xca, 0x29, 0xaa, 0x29, 0xaa, 0x29, 0xaa, 0x29, 0xaa, 0x29, 0xa9, 0x21,
    0xaa, 0x29, 0xaa, 0x21, 0xaa, 0x21, 0x8a, 0x29, 0xaa, 0x29, 0xaa, 0x21,
    0xa9, 0x31, 0xa9, 0x31, 0xa9, 0x31, 0xa9, 0x31, 0xa9, 0x31, 0xa9, 0x31,
    0xa9, 0x31, 0xaa, 0x31, 0xa9, 0x31, 0xa9, 0x31, 0xa9, 0x31, 0xa9, 0x31,
    0xa9, 0x31, 0xa9, 0x31, 0xa9, 0x31, 0xa9, 0x31, 0xa9, 0x31, 0xa9, 0x31,
    0xa9, 0x31, 0xc9, 0x31, 0xc9, 0x31, 0xc9, 0x31, 0xa9, 0x31, 0xa9, 0x31,
    0xc9, 0x31, 0xca, 0x31, 0xca, 0x31, 0xea, 0x31, 0xea, 0x39, 0xea, 0x39,
    0xea, 0x31, 0xa9, 0x29, 0x89, 0x21, 0xa9, 0x21, 0x89, 0x21, 0x89, 0x29,
    0xa9, 0x21, 0xa9, 0x21, 0xa9, 0x29, 0xa9, 0x29, 0xc9, 0x29, 0xa8, 0x29,
    0xa9, 0x29, 0xc9, 0x29, 0xa9, 0x29, 0xa9, 0x21, 0xa9, 0x29, 0xa9, 0x21,
    0xc9, 0x29, 0xa9, 0x29, 0xc9, 0x29, 0xaa, 0x29, 0xa9, 0x29, 0xc9, 0x29,
    0xca, 0x29, 0xa9, 0x29, 0xc9, 0x29, 0xa9, 0x29, 0xc9, 0x29, 0xc9, 0x29,
    0xc9, 0x29, 0xa9, 0x29, 0xc9, 0x29, 0xc9, 0x29, 0xa9, 0x29, 0xc9, 0x31,
    0xc9, 0x29, 0xc9, 0x29, 0xc9, 0x31, 0xc9, 0x31, 0xc9, 0x39, 0xca, 0x31,
    0xa9, 0x29, 0xc9, 0x29, 0xa9, 0x29, 0xc9, 0x29, 0xc9, 0x29, 0xca, 0x29,
    0xea, 0x31, 0xe9, 0x31, 0x2a, 0x3a, 0x4b, 0x42, 0x6b, 0x42, 0x8b, 0x42,
    0x8b, 0x4a, 0xab, 0x4a, 0x8b, 0x42, 0x8b, 0x4a, 0x8b, 0x42, 0xab, 0x4a,
    0x8b, 0x42, 0x2a, 0x3a, 0x2a, 0x3a, 0x2a, 0x3a, 0xa9, 0x29, 0xa9, 0x29,
    0xa9, 0x29, 0xc9, 0x29, 0xca, 0x29, 0xc9, 0x29, 0x2a, 0x3a, 0x2a, 0x42,
    0x4a, 0x42, 0xac, 0x4a, 0xab, 0x4a, 0xab, 0x4a, 0xac, 0x52, 0xb5, 0xb5,
    0x57, 0xc6, 0x57, 0xc6, 0x17, 0xbe, 0xf6, 0xbd, 0x16, 0xbe, 0x57, 0xc6,
    0x77, 0xce, 0x77, 0xce, 0x57, 0xc6, 0x37, 0xc6, 0xf6, 0xbd, 0x95, 0xb5,
    0x13, 0xa5, 0x31, 0x84, 0x10, 0x84, 0xcf, 0x7b, 0xf0, 0x7b, 0x10, 0x84,
    0x51, 0x8c, 0xb2, 0x94, 0xf3, 0xa4, 0x34, 0xad, 0x95, 0xb5, 0xf6, 0xc5,
    0x16, 0xc6, 0xf6, 0xc5, 0x16, 0xc6, 0xf6, 0xbd, 0xd6, 0xbd, 0x33, 0xa5,
    0x30, 0x8c, 0xcf, 0x7b, 0x6e, 0x73, 0x4d, 0x6b, 0x2d, 0x6b, 0x2d, 0x6b,
    0x2d, 0x6b, 0x2d, 0x6b, 0x2d, 0x6b, 0x2d, 0x6b, 0x2d, 0x6b, 0x2d, 0x6b,
    0x2d, 0x73, 0x2d, 0x6b, 0x2d, 0x6b, 0x2d, 0x73, 0x2d, 0x6b, 0x2d, 0x6b,
    0x2d, 0x6b, 0x2d, 0x6b, 0x2d, 0x6b, 0x2d, 0x6b, 0x2d, 0x73, 0x2d, 0x6b,
    0x2d, 0x73, 0x2d, 0x6b, 0x2d, 0x6b, 0x2d, 0x6b, 0x2d, 0x6b, 0x2d, 0x6b,
    0x2d, 0x6b, 0x2d, 0x6b, 0x2d, 0x6b, 0x2d, 0x6b, 0x2d, 0x6b, 0x4c, 0x7b,
    0x4c, 0x83, 0x4c, 0x83, 0x4c, 0x83, 0x4c, 0x83, 0x4c, 0x83, 0x4c, 0x7b,
    0x2c, 0x7b, 0x2c, 0x73, 0x2c, 0x73, 0x0c, 0x73, 0x4c, 0x83, 0xad, 0x8b,
    0xae, 0x8b, 0x8d, 0x8b, 0x8d, 0x8b, 0x6c, 0x8b, 0x4c, 0x83, 0x4c, 0x83,
    0xef, 0x93, 0x8d, 0x8b, 0x6d, 0x83, 0x6d, 0x83, 0x6d, 0x83, 0x6d, 0x83,
    0x4c, 0x83, 0x4c, 0x83, 0x4c, 0x83, 0x4c, 0x83, 0x4c, 0x83, 0x4c, 0x83,
    0x4c, 0x83, 0x4c, 0x83, 0x4c, 0x83, 0x4c, 0x83, 0x4c, 0x83, 0x4c, 0x83,
    0x4c, 0x83, 0x6c, 0x83, 0x4c, 0x83, 0x4c, 0x83, 0x4c, 0x83, 0x4c, 0x83,
    0x4c, 0x83, 0x4c, 0x83, 0x4c, 0x83, 0x4c, 0x83, 0x4c, 0x83, 0x4c, 0x7b,
    0x4c, 0x7b, 0x4c, 0x7b, 0x4c, 0x7b, 0x4c, 0x7b, 0x4c, 0x7b, 0x4c, 0x7b,
    0x4c, 0x7b, 0x4d, 0x7b, 0x4c, 0x7b, 0x4c, 0x7b, 0x4c, 0x7b, 0x4c, 0x7b,
    0x4d, 0x7b, 0x4d, 0x7b, 0x4c, 0x7b, 0x4c, 0x7b, 0x4d, 0x7b, 0x2c, 0x7b,
    0x4c, 0x7b, 0x4d, 0x7b, 0x2c, 0x7b, 0x4d, 0x7b, 0x4d, 0x73, 0x4d, 0x7b,
    0x4d, 0x7b, 0x4c, 0x7b, 0x2d, 0x6b, 0x2d, 0x6b, 0x2d, 0x6b, 0x4d, 0x6b,
    0x2d, 0x63, 0x2e, 0x63, 0x2e, 0x63, 0x2d, 0x63, 0x2e, 0x63, 0x0e, 0x5b,
    0x0d, 0x5b, 0x0d, 0x5b, 0xee, 0x52, 0xee, 0x4a, 0xce, 0x4a, 0xcd, 0x42,
    0xce, 0x42, 0xad, 0x42, 0xcd, 0x42, 0xae, 0x42, 0xad, 0x42, 0xad, 0x42,
    0xad, 0x42, 0xad, 0x42, 0xae, 0x42, 0xad, 0x42, 0xad, 0x42, 0xad, 0x42,
    0xae, 0x42, 0xad, 0x42, 0xad, 0x42, 0xad, 0x42, 0xad, 0x42, 0xad, 0x42,
    0xcd, 0x42, 0xce, 0x4a, 0xce, 0x4a, 0xcd, 0x4a, 0xcd, 0x4a, 0xcd, 0x4a,
    0xce, 0x4a, 0xad, 0x4a, 0x0b, 0x32, 0x0b, 0x32, 0x6c, 0x3a, 0x8c, 0x3a,
    0x4c, 0x32, 0x0b, 0x32, 0xeb, 0x31, 0xeb, 0x31, 0xea, 0x29, 0xca, 0x29,
    0xca, 0x29, 0xcb, 0x31, 0xca, 0x29, 0xca, 0x29, 0xaa, 0x29, 0xca, 0x29,
    0xaa, 0x29, 0xaa, 0x29, 0xaa, 0x29, 0xca, 0x21, 0xaa, 0x29, 0xaa, 0x29,
    0xaa, 0x21, 0xaa, 0x29, 0xaa, 0x29, 0xa9, 0x29, 0x89, 0x29, 0xaa, 0x29,
    0xa9, 0x21, 0xaa, 0x29, 0xa9, 0x29, 0xa9, 0x31, 0x89, 0x29, 0xa9, 0x29,
    0xa9, 0x29, 0xa9, 0x29, 0xa9, 0x29, 0xa9, 0x29, 0xa9, 0x29, 0xa9, 0x29,
    0xaa, 0x29, 0xa9, 0x29, 0xa9, 0x29, 0xa9, 0x31, 0xa9, 0x29, 0xa9, 0x29,
    0x89, 0x29, 0xa9, 0x29, 0xa9, 0x29, 0xa9, 0x31, 0xa9, 0x31, 0xa9, 0x31,
    0xa9, 0x31, 0xa9, 0x29, 0xa9, 0x31, 0xa9, 0x31, 0xa9, 0x31, 0xc9, 0x31,
    0xc9, 0x31, 0xc9, 0x31, 0xa9, 0x31, 0xc8, 0x31, 0x89, 0x29, 0xa9, 0x21,
    0x88, 0x21, 0x89, 0x29, 0xa9, 0x21, 0xa9, 0x29, 0xa9, 0x21, 0xa9, 0x29,
    0xa9, 0x29, 0xa9, 0x29, 0xa9, 0x29, 0xa8, 0x29, 0xa9, 0x29, 0xa9, 0x29,
    0xa9, 0x29, 0xa9, 0x21, 0xa9, 0x21, 0xc9, 0x29, 0xc9, 0x29, 0xa9, 0x29,
    0xc9, 0x29, 0xa9, 0x29, 0xa9, 0x29, 0xc9, 0x29, 0xc9, 0x29, 0xaa, 0x29,
    0xa9, 0x29, 0xa9, 0x29, 0xa9, 0x29, 0xc9, 0x29, 0xc9, 0x29, 0xc9, 0x29,
    0xa9, 0x31, 0xc9, 0x29, 0xc9, 0x29, 0xa9, 0x29, 0xc9, 0x29, 0xc9, 0x29,
    0xc9, 0x29, 0xe9, 0x31, 0xca, 0x31, 0xc9, 0x29, 0xc9, 0x29, 0xa9, 0x29,
    0xca, 0x29, 0xea, 0x31, 0xe9, 0x31, 0x0a, 0x3a, 0x4a, 0x42, 0x6b, 0x42,
    0x6b, 0x42, 0x8b, 0x42, 0x6a, 0x42, 0x2a, 0x3a, 0x0a, 0x32, 0xea, 0x29,
    0xc9, 0x29, 0x0a, 0x3a, 0x8b, 0x4a, 0xab, 0x4a, 0x4a, 0x3a, 0x2a, 0x32,
    0x0a, 0x32, 0xc9, 0x29, 0xa9, 0x29, 0xa9, 0x29, 0xc9, 0x29, 0xea, 0x31,
    0x0a, 0x3a, 0x4a, 0x42, 0x6a, 0x42, 0x8b, 0x4a, 0xab, 0x4a, 0x8b, 0x4a,
    0x8b, 0x4a, 0x8f, 0x73, 0xaf, 0x73, 0x8f, 0x73, 0x4e, 0x6b, 0x6e, 0x6b,
    0xf0, 0x7b, 0x71, 0x8c, 0x31, 0x84, 0x10, 0x7c, 0xaf, 0x73, 0x4e, 0x6b,
    0x4e, 0x6b, 0x2d, 0x63, 0x4e, 0x6b, 0x2e, 0x63, 0x0d, 0x63, 0x0d, 0x63,
    0x2d, 0x63, 0x0d, 0x63, 0x0d, 0x63, 0x2d, 0x63, 0x2d, 0x6b, 0x2d, 0x6b,
    0x2d, 0x6b, 0x6e, 0x73, 0x50, 0x8c, 0x51, 0x8c, 0x30, 0x8c, 0x51, 0x8c,
    0xcf, 0x83, 0x4d, 0x73, 0x4d, 0x73, 0x4d, 0x73, 0x4d, 0x73, 0x4d, 0x73,
    0x2d, 0x6b, 0x2d, 0x6b, 0x2d, 0x6b, 0x2d, 0x6b, 0x2d, 0x73, 0x2d, 0x73,
    0x2d, 0x6b, 0x2d, 0x73, 0x2d, 0x6b, 0x2d, 0x73, 0x2d, 0x73, 0x2d, 0x73,
    0x2d, 0x73, 0x2d, 0x73, 0x4d, 0x73, 0x2d, 0x73, 0x2d, 0x73, 0x4d, 0x6b,
    0x4d, 0x73, 0x2d, 0x73, 0x2d, 0x6b, 0x4d, 0x73, 0x2d, 0x73, 0x2d, 0x73,
    0x4d, 0x6b, 0x4d, 0x73, 0x4c, 0x7b, 0x4d, 0x73, 0x4c, 0x7b, 0x4d, 0x7b,
    0x4d, 0x7b, 0x4d, 0x7b, 0x4d, 0x7b, 0x4d, 0x7b, 0x4d, 0x73, 0x4d, 0x73,
    0x2d, 0x73, 0x4c, 0x7b, 0x4c, 0x73, 0x4d, 0x7b, 0x4c, 0x7b, 0x4c, 0x7b,
    0x4c, 0x7b, 0x4c, 0x7b, 0x4c, 0x83, 0x4d, 0x83, 0x6d, 0x83, 0x4c, 0x83,
    0x4c, 0x7b, 0x4c, 0x7b, 0x4c, 0x7b, 0x6c, 0x83, 0x6c, 0x83, 0x6c, 0x83,
    0x6c, 0x83, 0x4c, 0x83, 0x4c, 0x83, 0x4c, 0x7b, 0x4c, 0x7b, 0x4c, 0x83,
    0x4c, 0x83, 0x4c, 0x83, 0x4c, 0x7b, 0x4c, 0x83, 0x4c, 0x83, 0x4c, 0x83,
    0x4c, 0x83, 0x4c, 0x83, 0x4c, 0x83, 0x4c, 0x83, 0x4c, 0x83, 0x4c, 0x83,
    0x4c, 0x83, 0x4c, 0x7b, 0x4c, 0x83, 0x4c, 0x7b, 0x4c, 0x7b, 0x4c, 0x7b,
    0x4c, 0x7b, 0x4c, 0x7b, 0x4c, 0x7b, 0x4c, 0x7b, 0x4c, 0x7b, 0x4c, 0x7b,
    0x4c, 0x7b, 0x4c, 0x7b, 0x4c, 0x7b, 0x4c, 0x7b, 0x4c, 0x7b, 0x4d, 0x7b,
    0x2c, 0x7b, 0x4c, 0x7b, 0x4c, 0x7b, 0x2c, 0x73, 0x4d, 0x7b, 0x4d, 0x7b,
    0x4c, 0x7b, 0x4d, 0x7b, 0x4d, 0x7b, 0x4c, 0x7b, 0x4d, 0x7b, 0x4c, 0x73,
    0x2c, 0x7b, 0x4d, 0x7b, 0x4d, 0x73, 0x4d, 0x73, 0x2d, 0x6b, 0x2e, 0x6b,
    0x2d, 0x63, 0x2d, 0x6b, 0x4e, 0x63, 0x2e, 0x63, 0x2d, 0x63, 0x2e, 0x63,
    0x2e, 0x5b, 0xee, 0x4a, 0xce, 0x4a, 0xcd, 0x42, 0xcd, 0x42, 0xce, 0x42,
    0xad, 0x42, 0xad, 0x42, 0xad, 0x42, 0xad, 0x42, 0xae, 0x42, 0xad, 0x42,
    0xad, 0x42, 0xad, 0x42, 0xad, 0x42, 0xad, 0x42, 0xad, 0x42, 0xad, 0x42,
    0xad, 0x42, 0xad, 0x42, 0xad, 0x42, 0xad, 0x3a, 0xad, 0x42, 0xad, 0x42,
    0xad, 0x3a, 0xcd, 0x42, 0xcd, 0x42, 0xcd, 0x42, 0xcd, 0x42, 0xcd, 0x42,
    0xcd, 0x42, 0xcd, 0x42, 0xcd, 0x4a, 0xad, 0x4a, 0x0b, 0x32, 0xeb, 0x31,
    0x2b, 0x32, 0x8c, 0x3a, 0x8c, 0x32, 0x6c, 0x3a, 0x4b, 0x32, 0x0b, 0x32,
    0xeb, 0x31, 0xeb, 0x29, 0xca, 0x29, 0xca, 0x29, 0xcb, 0x29, 0xca, 0x29,
    0xcb, 0x29, 0xca, 0x29, 0xca, 0x29, 0xca, 0x29, 0xaa, 0x29, 0xaa, 0x29,
    0xaa, 0x29, 0xaa, 0x29, 0xaa, 0x29, 0xaa, 0x29, 0xaa, 0x29, 0xaa, 0x21,
    0xaa, 0x29, 0xaa, 0x21, 0xaa, 0x29, 0x89, 0x29, 0xa9, 0x29, 0x89, 0x29,
    0xa9, 0x31, 0xa9, 0x29, 0x89, 0x31, 0x89, 0x29, 0x89, 0x29, 0x89, 0x31,
    0xa9, 0x29, 0xa9, 0x29, 0xa9, 0x31, 0xa9, 0x29, 0xa9, 0x29, 0x89, 0x29,
    0xa9, 0x29, 0x89, 0x29, 0xa9, 0x29, 0x89, 0x29, 0x89, 0x29, 0x89, 0x29,
    0xa8, 0x29, 0xa9, 0x29, 0xa9, 0x31, 0xa8, 0x29, 0xa8, 0x29, 0x89, 0x31,
    0xa8, 0x29, 0xa8, 0x29, 0xa8, 0x29, 0xa8, 0x29, 0xa8, 0x31, 0x88, 0x29,
    0x88, 0x29, 0xa9, 0x21, 0xa9, 0x21, 0xa9, 0x29, 0xa9, 0x29, 0xa9, 0x21,
    0xa9, 0x29, 0xa9, 0x21, 0xa9, 0x29, 0xa9, 0x29, 0xc9, 0x29, 0xa9, 0x29,
    0xa9, 0x29, 0xa9, 0x29, 0xa9, 0x29, 0xa9, 0x29, 0xa9, 0x29, 0xa9, 0x29,
    0xa9, 0x29, 0xc9, 0x21, 0xc9, 0x29, 0xa9, 0x29, 0xc9, 0x29, 0xa9, 0x29,
    0xa9, 0x29, 0xc9, 0x29, 0xa9, 0x29, 0xa9, 0x29, 0xc9, 0x29, 0xc9, 0x29,
    0xc9, 0x29, 0xc9, 0x29, 0xc9, 0x29, 0xc9, 0x29, 0xa9, 0x31, 0xc9, 0x29,
    0xc9, 0x29, 0xc9, 0x29, 0xc9, 0x29, 0xc9, 0x31, 0xc9, 0x31, 0xc9, 0x29,
    0xaa, 0x29, 0xa9, 0x29, 0xc9, 0x31, 0xe9, 0x31, 0x0a, 0x3a, 0x0a, 0x42,
    0x2a, 0x3a, 0x2a, 0x3a, 0x6a, 0x42, 0x8b, 0x42, 0x8b, 0x42, 0x4a, 0x3a,
    0x4a, 0x3a, 0x4a, 0x3a, 0x2a, 0x3a, 0xc9, 0x31, 0xe9, 0x31, 0x2a, 0x3a,
    0x8b, 0x4a, 0x6b, 0x42, 0x0a, 0x32, 0xc9, 0x29, 0xa9, 0x29, 0xaa, 0x29,
    0xc9, 0x29, 0xc9, 0x29, 0x0a, 0x3a, 0x4a, 0x3a, 0x4a, 0x42, 0x8b, 0x4a,
    0xac, 0x52, 0xab, 0x4a, 0x8b, 0x4a, 0x0d, 0x63, 0x2d, 0x63, 0x4e, 0x6b,
    0x4d, 0x6b, 0x2d, 0x6b, 0x2d, 0x6b, 0x4d, 0x6b, 0x4e, 0x6b, 0x2d, 0x6b,
    0x2d, 0x6b, 0x2d, 0x6b, 0x2d, 0x6b, 0x2d, 0x6b, 0x2d, 0x6b, 0x2d, 0x6b,
    0x0d, 0x6b, 0x2d, 0x63, 0x2d, 0x6b, 0x2d, 0x6b, 0x2d, 0x63, 0x2d, 0x6b,
    0x2d, 0x6b, 0x2d, 0x6b, 0x2d, 0x6b, 0x2d, 0x6b, 0x4d, 0x6b, 0x2d, 0x6b,
    0x4d, 0x6b, 0x4d, 0x73, 0x4d, 0x6b, 0x4d, 0x73, 0x4d, 0x6b, 0x2d, 0x73,
    0x2d, 0x6b, 0x2d, 0x73, 0x4d, 0x73, 0x2d, 0x6b, 0x2d, 0x6b, 0x2c, 0x6b,
    0x2d, 0x6b, 0x2d, 0x6b, 0x2d, 0x6b, 0x2d, 0x6b, 0x2d, 0x6b, 0x2d, 0x6b,
    0x4d, 0x6b, 0x2d, 0x6b, 0x2d, 0x6b, 0x2d, 0x6b, 0x2d, 0x6b, 0x4d, 0x6b,
    0x2d, 0x6b, 0x2d, 0x6b, 0x2d, 0x6b, 0x2d, 0x6b, 0x4d, 0x6b, 0x2d, 0x6b,
    0x2d, 0x73, 0x2d, 0x6b, 0x2d, 0x6b, 0x2d, 0x73, 0x2d, 0x73, 0x2d, 0x73,
    0x2d, 0x73, 0x2d, 0x73, 0x2d, 0x73, 0x2d, 0x73, 0x2d, 0x73, 0x2d, 0x73,
    0x2d, 0x73, 0x2d, 0x73, 0x4d, 0x73, 0x2d, 0x73, 0x2d, 0x73, 0x2d, 0x73,
    0x2d, 0x73, 0x4c, 0x7b, 0x4d, 0x7b, 0x4d, 0x7b, 0x4c, 0x7b, 0x4c, 0x7b,
    0x4c, 0x7b, 0x4d, 0x7b, 0x4c, 0x7b, 0x4c, 0x7b, 0x4c, 0x7b, 0x4c, 0x7b,
    0x4c, 0x7b, 0x4c, 0x7b, 0x4c, 0x7b, 0x4c, 0x7b, 0x4c, 0x83, 0x4c, 0x7b,
    0x4d, 0x7b, 0x4c, 0x7b, 0x4c, 0x7b, 0x4c, 0x7b, 0x4c, 0x7b, 0x4c, 0x7b,
    0x4c, 0x7b, 0x4c, 0x7b, 0x4c, 0x7b, 0x4c, 0x7b, 0x4c, 0x7b, 0x4c, 0x7b,
    0x4c, 0x7b, 0x4c, 0x73, 0x4c, 0x73, 0x4c, 0x7b, 0x4c, 0x7b, 0x4c, 0x73,
    0x4c, 0x73, 0x4c, 0x7b, 0x4c, 0x7b, 0x4c, 0x7b, 0x4d, 0x7b, 0x4d, 0x7b,
    0x2d, 0x7b, 0x4c, 0x7b, 0x4c, 0x7b, 0x4d, 0x7b, 0x4c, 0x7b, 0x4c, 0x7b,
    0x2d, 0x7b, 0x4c, 0x73, 0x4c, 0x7b, 0x2d, 0x7b, 0x4c, 0x73, 0x4d, 0x7b,
    0x4d, 0x7b, 0x4d, 0x73, 0x4c, 0x7b, 0x4d, 0x7b, 0x4c, 0x73, 0x2d, 0x73,
    0x4c, 0x7b, 0x4d, 0x73, 0x2c, 0x7b, 0x4c, 0x73, 0x2d, 0x6b, 0x2d, 0x6b,
    0x2d, 0x6b, 0x2d, 0x6b, 0x4e, 0x6b, 0x2e, 0x63, 0x2e, 0x63, 0x2e, 0x63,
    0x2d, 0x63, 0x0e, 0x5b, 0x0d, 0x5b, 0xed, 0x4a, 0xcd, 0x42, 0xce, 0x42,
    0xad, 0x42, 0xad, 0x42, 0xad, 0x42, 0xad, 0x42, 0xad, 0x42, 0xad, 0x42,
    0xad, 0x42, 0xad, 0x42, 0xad, 0x42, 0xae, 0x42, 0xad, 0x42, 0xad, 0x42,
    0xad, 0x42, 0xce, 0x42, 0xae, 0x42, 0xad, 0x42, 0xad, 0x42, 0xad, 0x3a,
    0xad, 0x42, 0xcd, 0x42, 0xcd, 0x42, 0xed, 0x42, 0xed, 0x42, 0xcd, 0x42,
    0xcd, 0x42, 0xcd, 0x42, 0xcd, 0x42, 0xcd, 0x42, 0xad, 0x3a, 0x8c, 0x3a,
    0x6c, 0x3a, 0x8c, 0x3a, 0x8c, 0x3a, 0x8c, 0x3a, 0x6c, 0x3a, 0x6c, 0x32,
    0x6c, 0x32, 0x4b, 0x32, 0x0b, 0x32, 0xeb, 0x31, 0xeb, 0x29, 0xeb, 0x29,
    0xca, 0x29, 0xca, 0x29, 0xcb, 0x29, 0xca, 0x29, 0xca, 0x29, 0xaa, 0x29,
    0xca, 0x29, 0xaa, 0x29, 0xaa, 0x29, 0xaa, 0x29, 0xaa, 0x21, 0xaa, 0x29,
    0xaa, 0x29, 0xaa, 0x21, 0xaa, 0x29, 0xaa, 0x29, 0xaa, 0x21, 0xaa, 0x29,
    0x89, 0x29, 0x89, 0x31, 0xa9, 0x29, 0x89, 0x29, 0x89, 0x29, 0xa9, 0x31,
    0x89, 0x29, 0x89, 0x29, 0x89, 0x29, 0x89, 0x29, 0x89, 0x31, 0xa9, 0x29,
    0x89, 0x31, 0x89, 0x29, 0x89, 0x29, 0x88, 0x29, 0x88, 0x31, 0x88, 0x31,
    0xa9, 0x31, 0xa8, 0x31, 0x88, 0x29, 0x88, 0x29, 0x89, 0x29, 0xa9, 0x31,
    0x88, 0x29, 0x88, 0x29, 0xa9, 0x31, 0x88, 0x29, 0x88, 0x29, 0x89, 0x31,
    0xa9, 0x29, 0xa9, 0x29, 0x88, 0x29, 0x89, 0x21, 0xa9, 0x21, 0x89, 0x29,
    0xa9, 0x29, 0xa9, 0x29, 0xa9, 0x21, 0xa9, 0x21, 0xa9, 0x29, 0xa9, 0x29,
    0xa9, 0x21, 0xc9, 0x29, 0xc9, 0x29, 0xa9, 0x21, 0xa9, 0x29, 0xa9, 0x29,
    0xa9, 0x29, 0xc9, 0x29, 0xa9, 0x29, 0xca, 0x29, 0xa9, 0x29, 0xc9, 0x29,
    0xca, 0x29, 0xa9, 0x29, 0xc9, 0x29, 0xc9, 0x29, 0xa9, 0x29, 0xa9, 0x29,
    0xa9, 0x29, 0xc9, 0x29, 0xa9, 0x29, 0xa9, 0x29, 0xc9, 0x29, 0xc9, 0x31,
    0xc9, 0x29, 0xc9, 0x29, 0xa9, 0x31, 0xc9, 0x31, 0xc9, 0x29, 0xa9, 0x29,
    0xc9, 0x31, 0xc9, 0x31, 0xc9, 0x31, 0xc9, 0x29, 0xe9, 0x31, 0xea, 0x31,
    0x0a, 0x32, 0x0a, 0x3a, 0x0a, 0x3a, 0x2a, 0x3a, 0x4a, 0x42, 0x6b, 0x42,
    0x6b, 0x42, 0x6b, 0x42, 0x4a, 0x42, 0x4a, 0x3a, 0x4b, 0x42, 0x6b, 0x42,
    0x0a, 0x32, 0xc9, 0x31, 0xe9, 0x31, 0x4b, 0x42, 0x8b, 0x42, 0x0a, 0x32,
    0xca, 0x29, 0xc9, 0x29, 0xc9, 0x29, 0xea, 0x31, 0x0a, 0x3a, 0x2a, 0x42,
    0x6a, 0x42, 0x8b, 0x4a, 0xab, 0x52, 0xab, 0x4a, 0x8b, 0x4a, 0x2d, 0x6b,
    0x0d, 0x6b, 0x0d, 0x6b, 0x2d, 0x6b, 0x2d, 0x6b, 0x0d, 0x63, 0x0d, 0x63,
    0x0d, 0x63, 0x2d, 0x6b, 0x0d, 0x6b, 0x0d, 0x6b, 0x0d, 0x6b, 0x0d, 0x6b,
    0x0d, 0x6b, 0x2d, 0x6b, 0x0d, 0x6b, 0x0d, 0x6b, 0x2d, 0x6b, 0x0d, 0x6b,
    0x2d, 0x6b, 0x2d, 0x6b, 0x2d, 0x6b, 0x2d, 0x6b, 0x2d, 0x6b, 0x2d, 0x6b,
    0x4d, 0x6b, 0x2d, 0x73, 0x4e, 0x73, 0x4d, 0x6b, 0x4e, 0x73, 0x4e, 0x6b,
    0x4d, 0x73, 0x4e, 0x6b, 0x2d, 0x6b, 0x4d, 0x73, 0x4d, 0x6b, 0x2d, 0x6b,
    0x2d, 0x73, 0x2d, 0x6b, 0x2d, 0x6b, 0x2d, 0x6b, 0x4d, 0x73, 0x2c, 0x6b,
    0x2d, 0x6b, 0x4d, 0x73, 0x2c, 0x6b, 0x2d, 0x6b, 0x2d, 0x6b, 0x4d, 0x6b,
    0x2d, 0x73, 0x2d, 0x6b, 0x2d, 0x6b, 0x2d, 0x73, 0x2d, 0x73, 0x2d, 0x6b,
    0x2d, 0x6b, 0x2d, 0x6b, 0x2d, 0x6b, 0x2d, 0x6b, 0x2c, 0x73, 0x2d, 0x6b,
    0x2d, 0x73, 0x2c, 0x73, 0x2c, 0x73, 0x2c, 0x6b, 0x2c, 0x73, 0x2c, 0x6b,
    0x2d, 0x73, 0x2c, 0x73, 0x2c, 0x73, 0x2d, 0x73, 0x2c, 0x73, 0x2d, 0x73,
    0x2d, 0x73, 0x2c, 0x73, 0x2d, 0x73, 0x2d, 0x73, 0x2c, 0x73, 0x2d, 0x73,
    0x2d, 0x73, 0x2c, 0x73, 0x2d, 0x73, 0x4d, 0x73, 0x4d, 0x73, 0x2d, 0x7b,
    0x4d, 0x7b, 0x4d, 0x7b, 0x4d, 0x7b, 0x4d, 0x7b, 0x4d, 0x7b, 0x2d, 0x7b,
    0x4d, 0x7b, 0x4d, 0x7b, 0x2d, 0x7b, 0x4d, 0x7b, 0x4d, 0x7b, 0x2d, 0x73,
    0x2d, 0x73, 0x4d, 0x73, 0x2c, 0x73, 0x2c, 0x73, 0x2d, 0x73, 0x2c, 0x73,
    0x4d, 0x73, 0x2d, 0x73, 0x2d, 0x73, 0x2d, 0x73, 0x2d, 0x73, 0x2d, 0x73,
    0x4c, 0x73, 0x2d, 0x73, 0x2d, 0x73, 0x2d, 0x73, 0x2c, 0x73, 0x2d, 0x73,
    0x2c, 0x73, 0x4c, 0x73, 0x2d, 0x73, 0x4d, 0x7b, 0x4c, 0x7b, 0x4c, 0x7b,
    0x2d, 0x73, 0x4c, 0x7b, 0x4c, 0x7b, 0x4c, 0x73, 0x4c, 0x7b, 0x4c, 0x7b,
    0x4d, 0x7b, 0x4c, 0x7b, 0x2c, 0x73, 0x4d, 0x7b, 0x4d, 0x73, 0x2c, 0x7b,
    0x4d, 0x7b, 0x4c, 0x7b, 0x2c, 0x7b, 0x4c, 0x7b, 0x2c, 0x7b, 0x2c, 0x73,
    0x2d, 0x6b, 0x2d, 0x63, 0x2d, 0x63, 0x2e, 0x63, 0x0d, 0x5b, 0x0d, 0x5b,
    0x0d, 0x5b, 0x0d, 0x5b, 0xee, 0x52, 0xed, 0x52, 0xce, 0x4a, 0xcd, 0x4a,
    0xcd, 0x42, 0xad, 0x42, 0xad, 0x42, 0xad, 0x42, 0xad, 0x42, 0xad, 0x42,
    0xad, 0x42, 0xad, 0x42, 0xad, 0x42, 0xad, 0x42, 0xad, 0x42, 0xad, 0x42,
    0xad, 0x42, 0xad, 0x42, 0xae, 0x42, 0xad, 0x42, 0xcd, 0x42, 0xad, 0x42,
    0xcd, 0x42, 0xce, 0x42, 0xcd, 0x42, 0xcd, 0x42, 0xee, 0x42, 0xed, 0x42,
    0xed, 0x42, 0xed, 0x42, 0xed, 0x42, 0xed, 0x42, 0xcd, 0x42, 0xad, 0x3a,
    0xad, 0x3a, 0xad, 0x3a, 0x8c, 0x3a, 0x8c, 0x3a, 0x8c, 0x3a, 0x8c, 0x3a,
    0x6c, 0x3a, 0x6c, 0x3a, 0x4c, 0x32, 0x4c, 0x32, 0x2b, 0x32, 0xeb, 0x31,
    0xeb, 0x29, 0xcb, 0x31, 0xea, 0x31, 0xcb, 0x29, 0xca, 0x29, 0xcb, 0x29,
    0xca, 0x29, 0xcb, 0x29, 0xaa, 0x29, 0xca, 0x29, 0xca, 0x29, 0xaa, 0x29,
    0xaa, 0x29, 0xaa, 0x21, 0xa9, 0x29, 0xaa, 0x29, 0xaa, 0x29, 0xa9, 0x29,
    0xaa, 0x29, 0xaa, 0x29, 0x89, 0x29, 0x89, 0x29, 0x89, 0x29, 0x89, 0x29,
    0x89, 0x29, 0x89, 0x29, 0xa9, 0x29, 0xa9, 0x29, 0x89, 0x31, 0x89, 0x29,
    0x89, 0x29, 0x89, 0x29, 0x89, 0x29, 0x88, 0x29, 0xa9, 0x29, 0x89, 0x29,
    0x88, 0x29, 0x89, 0x29, 0x88, 0x29, 0xa9, 0x29, 0xa9, 0x31, 0x88, 0x31,
    0xa8, 0x29, 0x89, 0x29, 0x88, 0x29, 0x88, 0x29, 0x89, 0x29, 0x88, 0x31,
    0x88, 0x29, 0xa9, 0x29, 0x89, 0x31, 0x88, 0x31, 0x89, 0x29, 0x88, 0x29,
    0xa8, 0x29, 0x89, 0x21, 0x89, 0x21, 0xa9, 0x29, 0xa9, 0x29, 0xa9, 0x29,
    0xa9, 0x21, 0xa9, 0x29, 0xa9, 0x29, 0xa9, 0x29, 0xa9, 0x29, 0xc9, 0x29,
    0xa9, 0x21, 0xc9, 0x29, 0xa9, 0x29, 0xc9, 0x29, 0xc9, 0x29, 0xa9, 0x29,
    0xa9, 0x29, 0xc9, 0x29, 0xa9, 0x29, 0xa9, 0x29, 0xca, 0x29, 0xa9, 0x29,
    0xc9, 0x29, 0xca, 0x29, 0xa9, 0x29, 0xa9, 0x29, 0xc9, 0x29, 0xa9, 0x29,
    0xa9, 0x29, 0xc9, 0x29, 0xc9, 0x29, 0xa9, 0x29, 0xc9, 0x29, 0xc9, 0x29,
    0xa9, 0x29, 0xc9, 0x31, 0xc9, 0x29, 0xc9, 0x31, 0xc9, 0x29, 0xc9, 0x31,
    0xea, 0x31, 0xea, 0x31, 0xe9, 0x31, 0x0a, 0x32, 0x0a, 0x3a, 0x2a, 0x3a,
    0x0a, 0x3a, 0x0a, 0x3a, 0x2a, 0x3a, 0x0a, 0x3a, 0x0a, 0x3a, 0x0a, 0x3a,
    0x0a, 0x32, 0x2a, 0x3a, 0x6b, 0x42, 0x4a, 0x3a, 0x2a, 0x3a, 0x0a, 0x32,
    0x2a, 0x42, 0x4a, 0x42, 0x0a, 0x3a, 0x0a, 0x32, 0xe9, 0x31, 0xea, 0x31,
    0x09, 0x32, 0x0a, 0x3a, 0x4b, 0x42, 0x8b, 0x4a, 0x8b, 0x4a, 0x8b, 0x4a,
    0x8b, 0x52, 0x0d, 0x6b, 0x0d, 0x6b, 0x0d, 0x6b, 0x0d, 0x6b, 0x0d, 0x6b,
    0x2d, 0x6b, 0x0d, 0x6b, 0x0d, 0x6b, 0x2d, 0x6b, 0x2d, 0x6b, 0x0d, 0x6b,
    0x2d, 0x6b, 0x2d, 0x6b, 0x0d, 0x6b, 0x2d, 0x6b, 0x2d, 0x6b, 0x0d, 0x6b,
    0x0d, 0x6b, 0x2d, 0x6b, 0x0d, 0x63, 0x2d, 0x63, 0x2d, 0x63, 0x2d, 0x6b,
    0x2d, 0x6b, 0x2d, 0x6b, 0x2d, 0x6b, 0x4d, 0x6b, 0x2d, 0x6b, 0x2d, 0x6b,
    0x2d, 0x6b, 0x2d, 0x6b, 0x2d, 0x6b, 0x2d, 0x6b, 0x2d, 0x6b, 0x2d, 0x6b,
    0x2d, 0x6b, 0x2d, 0x6b, 0x2d, 0x6b, 0x2d, 0x6b, 0x2d, 0x6b, 0x2d, 0x6b,
    0x2d, 0x73, 0x2d, 0x6b, 0x2d, 0x6b, 0x2d, 0x73, 0x2d, 0x6b, 0x2d, 0x6b,
    0x2c, 0x73, 0x2d, 0x6b, 0x2c, 0x6b, 0x2d, 0x73, 0x2d, 0x6b, 0x2c, 0x6b,
    0x2d, 0x6b, 0x2c, 0x6b, 0x2d, 0x73, 0x2c, 0x6b, 0x2d, 0x6b, 0x2d, 0x6b,
    0x2d, 0x6b, 0x2d, 0x6b, 0x2c, 0x6b, 0x2c, 0x6b, 0x2d, 0x73, 0x2d, 0x73,
    0x2d, 0x6b, 0x2d, 0x73, 0x2d, 0x6b, 0x4c, 0x6b, 0x4d, 0x73, 0x2d, 0x73,
    0x2c, 0x6b, 0x4d, 0x73, 0x2c, 0x73, 0x2c, 0x73, 0x4d, 0x73, 0x2c, 0x73,
    0x2c, 0x73, 0x2c, 0x73, 0x2d, 0x73, 0x2c, 0x73, 0x2c, 0x73, 0x2c, 0x73,
    0x2c, 0x73, 0x2d, 0x73, 0x2c, 0x73, 0x2d, 0x73, 0x2c, 0x73, 0x2d, 0x73,
    0x2d, 0x73, 0x2c, 0x73, 0x2d, 0x73, 0x4d, 0x73, 0x2d, 0x73, 0x2c, 0x73,
    0x2d, 0x73, 0x2d, 0x73, 0x2c, 0x73, 0x2d, 0x73, 0x2d, 0x73, 0x2d, 0x73,
    0x2d, 0x73, 0x2c, 0x73, 0x2d, 0x73, 0x2d, 0x73, 0x2c, 0x73, 0x2d, 0x73,
    0x2d, 0x73, 0x2c, 0x73, 0x2d, 0x73, 0x2d, 0x73, 0x2d, 0x73, 0x4c, 0x73,
    0x4d, 0x73, 0x2d, 0x73, 0x4c, 0x73, 0x2c, 0x73, 0x4d, 0x73, 0x4d, 0x73,
    0x4c, 0x7b, 0x2c, 0x7b, 0x4c, 0x73, 0x4c, 0x7b, 0x2d, 0x7b, 0x4d, 0x73,
    0x2d, 0x73, 0x4d, 0x73, 0x4d, 0x73, 0x2d, 0x73, 0x4c, 0x73, 0x4d, 0x73,
    0x4c, 0x7b, 0x4c, 0x7b, 0x4c, 0x7b, 0x4c, 0x83, 0x2c, 0x7b, 0x2c, 0x7b,
    0x0c, 0x73, 0x0d, 0x63, 0xed, 0x5a, 0xed, 0x5a, 0xee, 0x52, 0xed, 0x5a,
    0xed, 0x52, 0xee, 0x52, 0xed, 0x52, 0xed, 0x52, 0xcd, 0x4a, 0xcd, 0x4a,
    0xce, 0x4a, 0xae, 0x42, 0xad, 0x42, 0xad, 0x42, 0xae, 0x42, 0xad, 0x42,
    0xad, 0x42, 0xae, 0x42, 0xae, 0x42, 0xad, 0x42, 0x8e, 0x42, 0xad, 0x42,
    0xad, 0x42, 0xad, 0x42, 0xad, 0x42, 0xce, 0x42, 0xcd, 0x42, 0xcd, 0x42,
    0xcd, 0x42, 0xcd, 0x42, 0xcd, 0x42, 0xed, 0x42, 0xed, 0x42, 0xcd, 0x42,
    0xed, 0x42, 0xed, 0x42, 0xed, 0x42, 0xed, 0x42, 0xed, 0x42, 0xcd, 0x42,
    0xcd, 0x42, 0xac, 0x3a, 0xad, 0x3a, 0xac, 0x3a, 0x8d, 0x3a, 0x8d, 0x3a,
    0x8c, 0x3a, 0x8c, 0x3a, 0x6c, 0x3a, 0x6c, 0x3a, 0x4c, 0x32, 0x4c, 0x32,
    0x2b, 0x32, 0xeb, 0x31, 0xeb, 0x31, 0xea, 0x29, 0xcb, 0x29, 0xeb, 0x31,
    0xca, 0x29, 0xcb, 0x29, 0xca, 0x29, 0xca, 0x29, 0xca, 0x29, 0xaa, 0x29,
    0xca, 0x29, 0xca, 0x29, 0xaa, 0x29, 0xaa, 0x29, 0xaa, 0x29, 0xaa, 0x21,
    0xaa, 0x29, 0xaa, 0x29, 0xaa, 0x21, 0xaa, 0x29, 0x89, 0x29, 0x89, 0x29,
    0xa8, 0x29, 0x88, 0x29, 0x89, 0x29, 0x89, 0x29, 0x89, 0x29, 0x88, 0x31,
    0xa8, 0x29, 0x88, 0x29, 0xa9, 0x29, 0x89, 0x29, 0x88, 0x29, 0x88, 0x29,
    0x88, 0x29, 0x88, 0x29, 0x89, 0x29, 0xa9, 0x29, 0x88, 0x29, 0x88, 0x29,
    0x88, 0x29, 0x88, 0x29, 0x88, 0x29, 0x88, 0x29, 0x88, 0x29, 0x89, 0x31,
    0x88, 0x29, 0x89, 0x29, 0x88, 0x29, 0xa8, 0x29, 0x88, 0x29, 0xa9, 0x31,
    0xa8, 0x29, 0x88, 0x31, 0x88, 0x31, 0xa8, 0x29, 0xa8, 0x29, 0x88, 0x29,
    0xa9, 0x29, 0xa9, 0x29, 0xa9, 0x29, 0xa9, 0x29, 0xa9, 0x21, 0xa9, 0x29,
    0xa9, 0x29, 0xa9, 0x21, 0xa9, 0x29, 0xa9, 0x29, 0xa9, 0x21, 0xc9, 0x29,
    0xa9, 0x29, 0xc9, 0x29, 0xc9, 0x21, 0xa9, 0x29, 0xc9, 0x29, 0xc9, 0x29,
    0xa9, 0x29, 0xa9, 0x29, 0xc9, 0x29, 0xc9, 0x29, 0xa9, 0x29, 0xc9, 0x29,
    0xca, 0x29, 0xa9, 0x29, 0xc9, 0x29, 0xc9, 0x29, 0xa9, 0x31, 0xc9, 0x29,
    0xc9, 0x29, 0xc9, 0x31, 0xa9, 0x29, 0xc9, 0x29, 0xea, 0x31, 0x0a, 0x32,
    0xea, 0x31, 0xea, 0x31, 0xea, 0x31, 0xe9, 0x31, 0xea, 0x31, 0xe9, 0x31,
    0x0a, 0x32, 0xea, 0x31, 0xe9, 0x31, 0xe9, 0x39, 0x0a, 0x3a, 0x2a, 0x3a,
    0x4a, 0x42, 0x2a, 0x3a, 0x0a, 0x32, 0xe9, 0x31, 0x0a, 0x32, 0x2a, 0x3a,
    0x4a, 0x42, 0x6b, 0x42, 0xcc, 0x5a, 0x0d, 0x6b, 0xec, 0x62, 0xab, 0x5a,
    0x4a, 0x52, 0x4a, 0x4a, 0x09, 0x3a, 0x0a, 0x3a, 0x4a, 0x4a, 0x8b, 0x4a,
    0x8b, 0x4a, 0x6b, 0x4a, 0xcc, 0x52, 0x0d, 0x63, 0x0d, 0x6b, 0x0d, 0x63,
    0x0d, 0x63, 0x0d, 0x63, 0x0d, 0x63, 0x0d, 0x6b, 0x0d, 0x6b, 0x0d, 0x6b,
    0x2d, 0x6b, 0x0d, 0x6b, 0x2d, 0x6b, 0x2d, 0x6b, 0x2d, 0x63, 0x0d, 0x63,
    0x2d, 0x63, 0x0d, 0x63, 0x2d, 0x63, 0x2d, 0x6b, 0x0d, 0x63, 0x0d, 0x63,
    0x0d, 0x6b, 0x2d, 0x63, 0x2d, 0x6b, 0x2d, 0x6b, 0x2d, 0x6b, 0x2d, 0x6b,
    0x2d, 0x6b, 0x2d, 0x6b, 0x2d, 0x6b, 0x2d, 0x6b, 0x2d, 0x6b, 0x2d, 0x6b,
    0x2d, 0x6b, 0x2d, 0x6b, 0x2d, 0x6b, 0x0d, 0x6b, 0x0d, 0x6b, 0x0d, 0x6b,
    0x2d, 0x6b, 0x2d, 0x73, 0x2d, 0x6b, 0x2d, 0x6b, 0x2d, 0x6b, 0x2d, 0x6b,
    0x2d, 0x6b, 0x2d, 0x73, 0x2d, 0x6b, 0x2d, 0x6b, 0x2d, 0x6b, 0x2c, 0x6b,
    0x2d, 0x6b, 0x2d, 0x6b, 0x2d, 0x6b, 0x2d, 0x73, 0x2c, 0x6b, 0x2d, 0x6b,
    0x2d, 0x73, 0x2c, 0x6b, 0x2d, 0x6b, 0x2d, 0x73, 0x2d, 0x73, 0x2d, 0x73,
    0x2d, 0x6b, 0x2d, 0x6b, 0x2c, 0x73, 0x2c, 0x73, 0x2d, 0x6b, 0x2d, 0x6b,
    0x2d, 0x6b, 0x2d, 0x6b, 0x2d, 0x6b, 0x2d, 0x6b, 0x2d, 0x6b, 0x2d, 0x6b,
    0x2d, 0x6b, 0x2d, 0x6b, 0x2d, 0x6b, 0x2d, 0x6b, 0x2d, 0x6b, 0x2d, 0x6b,
    0x2c, 0x73, 0x2d, 0x73, 0x2d, 0x73, 0x2c, 0x73, 0x2c, 0x73, 0x2c, 0x73,
    0x2c, 0x73, 0x2c, 0x73, 0x2c, 0x73, 0x2c, 0x73, 0x2d, 0x73, 0x4c, 0x73,
    0x2c, 0x73, 0x2d, 0x73, 0x2c, 0x73, 0x4c, 0x73, 0x2d, 0x73, 0x2c, 0x73,
    0x4c, 0x73, 0x4d, 0x73, 0x2c, 0x73, 0x4d, 0x73, 0x2d, 0x73, 0x2c, 0x73,
    0x4c, 0x73, 0x4d, 0x73, 0x2c, 0x73, 0x2d, 0x73, 0x4c, 0x73, 0x2c, 0x73,
    0x2d, 0x73, 0x2c, 0x73, 0x2d, 0x73, 0x4c, 0x73, 0x4d, 0x73, 0x2d, 0x73,
    0x2c, 0x73, 0x2c, 0x73, 0x2d, 0x73, 0x2d, 0x73, 0x4d, 0x73, 0x4d, 0x73,
    0x4d, 0x73, 0x4d, 0x73, 0x2d, 0x73, 0x4c, 0x7b, 0x4c, 0x7b, 0x4c, 0x7b,
    0x4c, 0x83, 0x4c, 0x83, 0x4c, 0x83, 0x4c, 0x83, 0x4c, 0x83, 0x2c, 0x7b,
    0x2c, 0x73, 0x0c, 0x6b, 0xed, 0x5a, 0xcd, 0x52, 0xad, 0x4a, 0xad, 0x4a,
    0xad, 0x4a, 0xcd, 0x4a, 0xcd, 0x4a, 0xce, 0x4a, 0xcd, 0x4a, 0xad, 0x4a,
    0xcd, 0x42, 0xad, 0x42, 0xad, 0x42, 0xad, 0x42, 0xad, 0x42, 0xad, 0x42,
    0xae, 0x42, 0xad, 0x42, 0x8d, 0x42, 0x8d, 0x42, 0xad, 0x42, 0x8d, 0x3a,
    0xad, 0x42, 0xad, 0x42, 0xad, 0x42, 0xae, 0x42, 0xad, 0x42, 0xad, 0x42,
    0xcd, 0x42, 0xcd, 0x42, 0xed, 0x42, 0xed, 0x42, 0xcd, 0x42, 0xed, 0x42,
    0xee, 0x42, 0xed, 0x42, 0xed, 0x42, 0xed, 0x42, 0xcd, 0x42, 0xed, 0x42,
    0xed, 0x42, 0xcd, 0x3a, 0xed, 0x42, 0xcd, 0x3a, 0xac, 0x3a, 0xac, 0x3a,
    0xad, 0x3a, 0x8c, 0x3a, 0x8c, 0x3a, 0x6c, 0x3a, 0x6c, 0x32, 0x4c, 0x32,
    0x4c, 0x3a, 0x2b, 0x32, 0x2b, 0x32, 0x0b, 0x32, 0xeb, 0x31, 0xeb, 0x31,
    0xeb, 0x29, 0xea, 0x31, 0xeb, 0x31, 0xcb, 0x29, 0xcb, 0x31, 0xca, 0x29,
    0xca, 0x29, 0xcb, 0x29, 0xaa, 0x29, 0xca, 0x29, 0xca, 0x29, 0xaa, 0x29,
    0xaa, 0x29, 0xaa, 0x29, 0xaa, 0x21, 0xaa, 0x29, 0xaa, 0x29, 0xaa, 0x21,
    0x88, 0x29, 0x88, 0x29, 0x89, 0x29, 0x89, 0x29, 0x88, 0x29, 0x89, 0x29,
    0x88, 0x29, 0x89, 0x29, 0x89, 0x29, 0x89, 0x29, 0x88, 0x29, 0x89, 0x29,
    0x88, 0x29, 0x88, 0x29, 0x88, 0x29, 0x88, 0x29, 0x88, 0x29, 0x88, 0x29,
    0x88, 0x29, 0x88, 0x29, 0x88, 0x29, 0x89, 0x29, 0x88, 0x29, 0x88, 0x29,
    0x89, 0x29, 0x88, 0x29, 0xa8, 0x29, 0x89, 0x29, 0x89, 0x31, 0xa8, 0x31,
    0xa9, 0x29, 0x89, 0x29, 0xa8, 0x31, 0x89, 0x29, 0x89, 0x31, 0xa8, 0x29,
    0xa9, 0x31, 0xa9, 0x29, 0x88, 0x29, 0x88, 0x31, 0x88, 0x29, 0x88, 0x29,
    0xa8, 0x29, 0xa8, 0x29, 0xa8, 0x29, 0xa9, 0x29, 0xa9, 0x29, 0xa9, 0x29,
    0xc9, 0x29, 0xa9, 0x29, 0xa9, 0x29, 0xca, 0x29, 0xa9, 0x29, 0xa9, 0x29,
    0xca, 0x29, 0xa9, 0x21, 0xc9, 0x29, 0xa9, 0x29, 0xa9, 0x29, 0xc9, 0x29,
    0xa9, 0x29, 0xa9, 0x29, 0xc9, 0x29, 0xa9, 0x29, 0xc9, 0x29, 0xc9, 0x29,
    0xc9, 0x31, 0xc9, 0x29, 0xc9, 0x29, 0xa9, 0x31, 0xc9, 0x31, 0x0a, 0x32,
    0x2b, 0x3a, 0x2b, 0x3a, 0x2b, 0x3a, 0x2a, 0x3a, 0x2a, 0x3a, 0x0a, 0x3a,
    0x0a, 0x3a, 0xea, 0x39, 0x0a, 0x3a, 0x0a, 0x3a, 0x2a, 0x42, 0x4b, 0x4a,
    0x6b, 0x4a, 0x8b, 0x4a, 0x8b, 0x52, 0xac, 0x52, 0x8b, 0x52, 0x6b, 0x4a,
    0x4a, 0x42, 0x2a, 0x3a, 0x4b, 0x42, 0x8b, 0x52, 0xec, 0x5a, 0x0c, 0x6b,
    0x0b, 0x7b, 0x2b, 0x8b, 0x2b, 0x93, 0x2a, 0x93, 0x0b, 0x8b, 0xea, 0x82,
    0xaa, 0x6a, 0xab, 0x5a, 0x8b, 0x4a, 0x6a, 0x4a, 0xec, 0x5a, 0x0d, 0x6b,
    0x0c, 0x6b, 0x0d, 0x63, 0x0d, 0x63, 0x0c, 0x6b, 0x0d, 0x63, 0x0d, 0x63,
    0x0d, 0x63, 0x0c, 0x6b, 0x0d, 0x6b, 0x0c, 0x6b, 0x0d, 0x6b, 0x0d, 0x6b,
    0x0d, 0x6b, 0x0d, 0x63, 0x2d, 0x6b, 0x0d, 0x63, 0x0d, 0x6b, 0x2d, 0x6b,
    0x2d, 0x63, 0x0d, 0x6b, 0x2d, 0x6b, 0x0d, 0x63, 0x0d, 0x6b, 0x2d, 0x6b,
    0x2d, 0x6b, 0x2d, 0x6b, 0x2d, 0x6b, 0x2d, 0x6b, 0x2d, 0x6b, 0x0d, 0x6b,
    0x2d, 0x6b, 0x2d, 0x6b, 0x2d, 0x73, 0x2d, 0x6b, 0x0d, 0x6b, 0x0d, 0x63,
    0x0d, 0x5b, 0x0d, 0x5b, 0x0d, 0x5b, 0x0d, 0x63, 0x2d, 0x6b, 0x2d, 0x6b,
    0x2d, 0x73, 0x2d, 0x6b, 0x2d, 0x6b, 0x2d, 0x6b, 0x2d, 0x6b, 0x2d, 0x73,
    0x2d, 0x6b, 0x2d, 0x6b, 0x2c, 0x73, 0x2d, 0x6b, 0x2d, 0x6b, 0x2d, 0x73,
    0x2d, 0x6b, 0x2d, 0x6b, 0x2d, 0x73, 0x2c, 0x6b, 0x2d, 0x6b, 0x2d, 0x73,
    0x2d, 0x73, 0x2d, 0x73, 0x2d, 0x73, 0x2d, 0x6b, 0x0d, 0x63, 0x0d, 0x5b,
    0x0d, 0x5b, 0x0d, 0x53, 0x0d, 0x53, 0x0d, 0x5b, 0x0d, 0x53, 0x0d, 0x53,
    0x0d, 0x53, 0x0d, 0x5b, 0x0d, 0x5b, 0x0d, 0x5b, 0x0d, 0x5b, 0x0d, 0x5b,
    0x0d, 0x5b, 0x0d, 0x5b, 0x0d, 0x5b, 0x2d, 0x5b, 0x0d, 0x5b, 0x2d, 0x63,
    0x2d, 0x63, 0x2d, 0x73, 0x2d, 0x73, 0x2d, 0x73, 0x2d, 0x73, 0x2c, 0x73,
    0x2d, 0x73, 0x2c, 0x73, 0x2d, 0x73, 0x4d, 0x73, 0x2d, 0x73, 0x2d, 0x73,
    0x4d, 0x73, 0x2d, 0x73, 0x2c, 0x73, 0x2d, 0x73, 0x2d, 0x73, 0x2c, 0x73,
    0x4d, 0x73, 0x2d, 0x73, 0x2d, 0x73, 0x2c, 0x73, 0x2d, 0x73, 0x4d, 0x73,
    0x2d, 0x7b, 0x2d, 0x73, 0x4c, 0x73, 0x2d, 0x73, 0x2d, 0x73, 0x2c, 0x73,
    0x2d, 0x73, 0x4d, 0x73, 0x4c, 0x73, 0x4d, 0x73, 0x4c, 0x7b, 0x4d, 0x7b,
    0x4c, 0x7b, 0x4c, 0x7b, 0x4c, 0x7b, 0x4c, 0x83, 0x4c, 0x83, 0x4c, 0x83,
    0x4c, 0x83, 0x4c, 0x83, 0x4c, 0x83, 0x4c, 0x83, 0x4c, 0x83, 0x2c, 0x83,
    0x2c, 0x7b, 0x2c, 0x73, 0xec, 0x62, 0xed, 0x52, 0xad, 0x4a, 0xad, 0x4a,
    0xad, 0x42, 0xad, 0x42, 0xad, 0x42, 0xad, 0x42, 0xad, 0x42, 0xad, 0x42,
    0xae, 0x42, 0xad, 0x42, 0xad, 0x42, 0xad, 0x42, 0xad, 0x42, 0xad, 0x42,
    0xad, 0x42, 0xad, 0x42, 0xad, 0x42, 0x8e, 0x42, 0xad, 0x42, 0xad, 0x3a,
    0xad, 0x42, 0xad, 0x42, 0xad, 0x3a, 0xad, 0x42, 0xad, 0x42, 0xad, 0x42,
    0xae, 0x42, 0xcd, 0x42, 0xcd, 0x42, 0xed, 0x42, 0xed, 0x42, 0xcd, 0x42,
    0xcd, 0x42, 0xed, 0x42, 0xed, 0x42, 0xed, 0x42, 0xed, 0x42, 0xcd, 0x42,
    0xed, 0x42, 0xed, 0x42, 0xcd, 0x42, 0xcd, 0x42, 0xcd, 0x42, 0xcd, 0x42,
    0xad, 0x3a, 0x8c, 0x3a, 0x8d, 0x3a, 0x8d, 0x3a, 0x8c, 0x3a, 0x6c, 0x3a,
    0x4c, 0x32, 0x2b, 0x32, 0x2b, 0x32, 0x2b, 0x32, 0x0b, 0x32, 0x0b, 0x32,
    0x0b, 0x2a, 0x0b, 0x32, 0xeb, 0x31, 0xeb, 0x29, 0xeb, 0x29, 0xea, 0x29,
    0xcb, 0x29, 0xca, 0x29, 0xca, 0x29, 0xca, 0x29, 0xca, 0x29, 0xaa, 0x29,
    0xaa, 0x29, 0xaa, 0x29, 0xaa, 0x29, 0xaa, 0x29, 0xaa, 0x29, 0xa9, 0x29,
    0xaa, 0x29, 0xaa, 0x29, 0x89, 0x29, 0x89, 0x29, 0x89, 0x29, 0x89, 0x31,
    0x88, 0x29, 0x89, 0x29, 0x88, 0x29, 0x88, 0x29, 0x89, 0x29, 0x88, 0x29,
    0x88, 0x29, 0x88, 0x29, 0x88, 0x29, 0x88, 0x29, 0x89, 0x29, 0x88, 0x29,
    0x88, 0x29, 0x68, 0x29, 0x68, 0x29, 0x88, 0x29, 0x88, 0x29, 0x89, 0x29,
    0x88, 0x29, 0x88, 0x29, 0x88, 0x29, 0x89, 0x29, 0x88, 0x31, 0x88, 0x29,
    0x88, 0x29, 0x88, 0x29, 0xa9, 0x31, 0x88, 0x29, 0x89, 0x29, 0x88, 0x29,
    0x88, 0x29, 0x88, 0x31, 0xa9, 0x31, 0xa9, 0x29, 0x88, 0x31, 0x88, 0x31,
    0x89, 0x29, 0xa9, 0x31, 0x88, 0x31, 0xa8, 0x29, 0xa8, 0x31, 0xa8, 0x29,
    0xa8, 0x29, 0xa8, 0x29, 0xa9, 0x29, 0xa9, 0x29, 0xc9, 0x29, 0xc9, 0x29,
    0xa9, 0x29, 0xc9, 0x29, 0xa9, 0x29, 0xc9, 0x29, 0xc9, 0x29, 0xaa, 0x29,
    0xc9, 0x21, 0xc9, 0x29, 0xaa, 0x29, 0xc9, 0x29, 0xa9, 0x29, 0xa9, 0x29,
    0xc9, 0x29, 0xc9, 0x29, 0xa9, 0x29, 0xc9, 0x31, 0xea, 0x31, 0xea, 0x31,
    0x0a, 0x3a, 0x0a, 0x3a, 0x0a, 0x3a, 0x0a, 0x3a, 0x2a, 0x3a, 0x0b, 0x3a,
    0x0a, 0x3a, 0x0a, 0x3a, 0x2a, 0x3a, 0x0a, 0x42, 0x2a, 0x42, 0x4a, 0x4a,
    0x4b, 0x4a, 0x6b, 0x4a, 0x6b, 0x4a, 0x6b, 0x4a, 0x8b, 0x52, 0x8c, 0x52,
    0x8c, 0x52, 0xac, 0x52, 0xac, 0x5a, 0xac, 0x5a, 0xac, 0x5a, 0xcc, 0x62,
    0xec, 0x6a, 0x0b, 0x83, 0x2a, 0x8b, 0x2b, 0x93, 0x2a, 0x93, 0x2a, 0x93,
    0x2b, 0x93, 0x2b, 0x93, 0x2a, 0x8b, 0x2b, 0x8b, 0x2b, 0x8b, 0x2b, 0x83,
    0x2b, 0x83, 0x0c, 0x7b, 0x0c, 0x73, 0x0c, 0x6b, 0x0d, 0x6b, 0x0d, 0x6b,
    0x0c, 0x6b, 0x0c, 0x6b, 0x0d, 0x6b, 0x0d, 0x63, 0x0d, 0x63, 0x0d, 0x63,
    0x0c, 0x63, 0x0d, 0x63, 0x0d, 0x63, 0x0d, 0x63, 0x0d, 0x63, 0x0d, 0x63,
    0x0d, 0x63, 0x0d, 0x63, 0x0d, 0x63, 0x0d, 0x63, 0x0d, 0x63, 0x0d, 0x63,
    0x0d, 0x63, 0x0d, 0x63, 0x0d, 0x63, 0x0d, 0x63, 0x0d, 0x63, 0x0d, 0x63,
    0x0d, 0x63, 0xed, 0x62, 0x0d, 0x6b, 0x2d, 0x6b, 0x0d, 0x6b, 0x2d, 0x6b,
    0x0d, 0x5b, 0x0d, 0x5b, 0x0d, 0x5b, 0x0d, 0x5b, 0x0d, 0x5b, 0x0d, 0x5b,
    0x0d, 0x5b, 0x0d, 0x5b, 0x2d, 0x6b, 0x2d, 0x6b, 0x2d, 0x6b, 0x2d, 0x6b,
    0x2d, 0x6b, 0x0c, 0x6b, 0x0d, 0x6b, 0x0d, 0x6b, 0x2d, 0x6b, 0x2d, 0x6b,
    0x2c, 0x6b, 0x2d, 0x6b, 0x2d, 0x6b, 0x2d, 0x6b, 0x2d, 0x6b, 0x2d, 0x6b,
    0x2c, 0x6b, 0x2d, 0x6b, 0x2d, 0x6b, 0x2d, 0x6b, 0x2d, 0x73, 0x2d, 0x6b,
    0x2d, 0x63, 0x0d, 0x53, 0x0d, 0x53, 0x0d, 0x5b, 0x0d, 0x53, 0x0d, 0x5b,
    0x0d, 0x53, 0x0d, 0x53, 0x0d, 0x5b, 0x0d, 0x53, 0x0d, 0x5b, 0x0d, 0x5b,
    0x0d, 0x5b, 0x0d, 0x5b, 0x0d, 0x5b, 0x0d, 0x5b, 0x0d, 0x5b, 0x0d, 0x5b,
    0x0d, 0x5b, 0x0d, 0x5b, 0x2d, 0x5b, 0x2d, 0x63, 0x2d, 0x6b, 0x2c, 0x73,
    0x2d, 0x73, 0x2d, 0x73, 0x2c, 0x73, 0x2d, 0x73, 0x2c, 0x73, 0x2c, 0x73,
    0x4d, 0x73, 0x4c, 0x73, 0x2d, 0x7b, 0x2d, 0x73, 0x2c, 0x73, 0x2d, 0x7b,
    0x4d, 0x73, 0x4c, 0x73, 0x4c, 0x73, 0x4d, 0x73, 0x2d, 0x73, 0x4c, 0x73,
    0x4d, 0x73, 0x4c, 0x73, 0x2d, 0x73, 0x4d, 0x73, 0x4c, 0x73, 0x2d, 0x7b,
    0x2d, 0x73, 0x2c, 0x73, 0x2d, 0x7b, 0x2d, 0x73, 0x2c, 0x73, 0x2d, 0x73,
    0x4d, 0x73, 0x2d, 0x6b, 0x2d, 0x73, 0x2d, 0x6b, 0x2d, 0x73, 0x2d, 0x6b,
    0x4c, 0x83, 0x4c, 0x83, 0x4c, 0x83, 0x4b, 0x83, 0x4b, 0x8b, 0x4c, 0x83,
    0x2c, 0x7b, 0x0c, 0x6b, 0x0c, 0x63, 0xec, 0x62, 0xed, 0x5a, 0xcd, 0x4a,
    0xad, 0x42, 0xad, 0x42, 0x8d, 0x42, 0x8d, 0x42, 0xad, 0x42, 0xad, 0x42,
    0x8d, 0x42, 0x8d, 0x42, 0xad, 0x42, 0x8e, 0x42, 0xad, 0x42, 0xae, 0x42,
    0xae, 0x42, 0x8d, 0x42, 0xae, 0x42, 0x8d, 0x42, 0x8d, 0x3a, 0x8d, 0x42,
    0xad, 0x42, 0xad, 0x3a, 0x8d, 0x42, 0xad, 0x42, 0xae, 0x42, 0xad, 0x3a,
    0xad, 0x42, 0xcd, 0x42, 0xcd, 0x42, 0xcd, 0x42, 0xed, 0x42, 0xee, 0x42,
    0xed, 0x42, 0xed, 0x42, 0xed, 0x42, 0xed, 0x42, 0xee, 0x42, 0xcd, 0x42,
    0xcd, 0x42, 0xcd, 0x3a, 0xcd, 0x3a, 0xad, 0x3a, 0xad, 0x3a, 0xad, 0x3a,
    0x8d, 0x3a, 0x8d, 0x3a, 0x8d, 0x3a, 0xac, 0x42, 0x8c, 0x3a, 0x6c, 0x3a,
    0x4c, 0x3a, 0x4c, 0x32, 0x2c, 0x32, 0x2c, 0x32, 0x2c, 0x32, 0x2c, 0x32,
    0x2c, 0x32, 0x0c, 0x32, 0x0b, 0x32, 0x0b, 0x32, 0xeb, 0x31, 0xeb, 0x29,
    0xcb, 0x29, 0xeb, 0x31, 0xea, 0x29, 0xcb, 0x31, 0xcb, 0x29, 0xca, 0x29,
    0xca, 0x29, 0xca, 0x29, 0xaa, 0x29, 0xaa, 0x29, 0xca, 0x29, 0xaa, 0x29,
    0xaa, 0x29, 0xaa, 0x21, 0xaa, 0x29, 0xaa, 0x29, 0x88, 0x29, 0x88, 0x29,
    0x88, 0x29, 0x88, 0x29, 0x88, 0x29, 0x88, 0x29, 0x88, 0x29, 0x88, 0x29,
    0x88, 0x29, 0x68, 0x29, 0x68, 0x29, 0x68, 0x29, 0x68, 0x29, 0x68, 0x29,
    0x68, 0x29, 0x88, 0x29, 0x68, 0x29, 0x68, 0x29, 0x68, 0x29, 0x89, 0x29,
    0x88, 0x29, 0x88, 0x29, 0x88, 0x29, 0x88, 0x29, 0x89, 0x29, 0x88, 0x29,
    0x89, 0x29, 0xa8, 0x29, 0x89, 0x29, 0x88, 0x29, 0xa9, 0x31, 0xa8, 0x29,
    0xa9, 0x31, 0x89, 0x31, 0x88, 0x29, 0x88, 0x29, 0x88, 0x29, 0xa8, 0x29,
    0x89, 0x29, 0x88, 0x29, 0x88, 0x29, 0x89, 0x31, 0x88, 0x29, 0x88, 0x29,
    0x89, 0x31, 0x88, 0x29, 0xa8, 0x31, 0xa8, 0x31, 0xa9, 0x31, 0xa9, 0x31,
    0xc9, 0x31, 0xa9, 0x31, 0xc9, 0x29, 0xa9, 0x29, 0xa9, 0x29, 0xc9, 0x29,
    0xa9, 0x29, 0xa9, 0x29, 0xc9, 0x29, 0xa9, 0x29, 0xc9, 0x29, 0xc9, 0x21,
    0xa9, 0x29, 0xca, 0x29, 0xc9, 0x29, 0xca, 0x31, 0xea, 0x31, 0xea, 0x39,
    0xea, 0x39, 0x0a, 0x3a, 0x0a, 0x3a, 0x0a, 0x3a, 0x0a, 0x3a, 0x0a, 0x3a,
    0x0a, 0x3a, 0x0a, 0x3a, 0x0a, 0x3a, 0x0a, 0x42, 0x0a, 0x42, 0x2a, 0x42,
    0x4a, 0x42, 0x4a, 0x4a, 0x4b, 0x4a, 0x4b, 0x4a, 0x6b, 0x4a, 0x6b, 0x4a,
    0x6b, 0x52, 0x8b, 0x52, 0x8b, 0x52, 0xab, 0x52, 0xac, 0x52, 0xab, 0x5a,
    0xcb, 0x62, 0xcb, 0x6a, 0x0b, 0x7b, 0x0a, 0x8b, 0x0a, 0x8b, 0x0a, 0x8b,
    0x2b, 0x93, 0x0a, 0x8b, 0x2a, 0x93, 0x2b, 0x8b, 0x2b, 0x93, 0x2a, 0x93,
    0x2b, 0x93, 0x2b, 0x93, 0x2b, 0x93, 0x2b, 0x8b, 0x2b, 0x93, 0x2b, 0x8b,
    0x0b, 0x83, 0x2b, 0x83, 0x2c, 0x7b, 0x2c, 0x7b, 0x0c, 0x73, 0x0c, 0x6b,
    0x0d, 0x6b, 0x0c, 0x6b, 0x0d, 0x63, 0xed, 0x5a, 0xed, 0x5a, 0xed, 0x5a,
    0x0d, 0x5b, 0x0d, 0x5b, 0x0d, 0x5b, 0x0d, 0x5b, 0x0d, 0x5b, 0x0d, 0x5b,
    0x0d, 0x5b, 0x0d, 0x5b, 0x0d, 0x63, 0x0d, 0x5b, 0x0d, 0x5b, 0x0e, 0x63,
    0xed, 0x5a, 0xed, 0x62, 0x0d, 0x63, 0xed, 0x62, 0xed, 0x5a, 0x0d, 0x53,
    0xed, 0x52, 0xed, 0x52, 0x0d, 0x5b, 0xed, 0x52, 0x0d, 0x53, 0x0d, 0x5b,
    0x0d, 0x53, 0x0d, 0x5b, 0x0d, 0x5b, 0x0d, 0x53, 0x0d, 0x5b, 0x0d, 0x5b,
    0x0d, 0x5b, 0x0d, 0x63, 0x0d, 0x63, 0x0d, 0x63, 0x0d, 0x63, 0x0d, 0x63,
    0x0d, 0x63, 0x0d, 0x63, 0x0d, 0x63, 0x0d, 0x63, 0x0d, 0x63, 0x0c, 0x63,
    0x0d, 0x63, 0x0c, 0x63, 0x0d, 0x6b, 0x2d, 0x6b, 0x2c, 0x73, 0x2c, 0x6b,
    0x2d, 0x6b, 0x2c, 0x6b, 0x2d, 0x63, 0x0d, 0x53, 0x0d, 0x5b, 0x0d, 0x53,
    0x0d, 0x53, 0x0d, 0x5b, 0x0d, 0x5b, 0x0d, 0x53, 0x0d, 0x53, 0x0d, 0x5b,
    0x0d, 0x5b, 0x0d, 0x53, 0x0d, 0x53, 0x0d, 0x5b, 0x0d, 0x53, 0x0d, 0x5b,
    0x0d, 0x5b, 0x0d, 0x5b, 0x0d, 0x5b, 0x0d, 0x5b, 0x0d, 0x5b, 0x0d, 0x5b,
    0x2d, 0x63, 0x2d, 0x6b, 0x2c, 0x6b, 0x2d, 0x6b, 0x2d, 0x73, 0x2c, 0x73,
    0x2d, 0x73, 0x2c, 0x73, 0x2c, 0x73, 0x2d, 0x73, 0x4c, 0x73, 0x4d, 0x73,
    0x4d, 0x73, 0x4c, 0x73, 0x2d, 0x73, 0x2d, 0x73, 0x2c, 0x73, 0x4d, 0x73,
    0x2c, 0x73, 0x4d, 0x73, 0x2d, 0x73, 0x2c, 0x73, 0x4c, 0x73, 0x2d, 0x73,
    0x4d, 0x73, 0x4c, 0x73, 0x4d, 0x73, 0x4c, 0x73, 0x2d, 0x73, 0x2c, 0x73,
    0x4d, 0x73, 0x2d, 0x73, 0x2d, 0x6b, 0x4d, 0x6b, 0x4d, 0x6b, 0x2d, 0x6b,
    0x4d, 0x6b, 0x2d, 0x6b, 0x4c, 0x7b, 0x4c, 0x83, 0x4c, 0x83, 0x4c, 0x7b,
    0x2c, 0x7b, 0x2c, 0x7b, 0x0c, 0x6b, 0xed, 0x52, 0xcd, 0x4a, 0xcd, 0x4a,
    0xcd, 0x4a, 0xad, 0x4a, 0xad, 0x42, 0xad, 0x42, 0xad, 0x42, 0xad, 0x42,
    0xad, 0x42, 0xad, 0x42, 0xad, 0x42, 0xad, 0x42, 0xad, 0x42, 0x8d, 0x42,
    0x8d, 0x42, 0x8d, 0x42, 0x8d, 0x42, 0x8d, 0x42, 0x8d, 0x42, 0x8e, 0x3a,
    0x8d, 0x3a, 0x8d, 0x42, 0x8d, 0x3a, 0xad, 0x42, 0xad, 0x42, 0xad, 0x42,
    0xad, 0x42, 0xad, 0x42, 0xcd, 0x42, 0xcd, 0x42, 0xcd, 0x42, 0xcd, 0x42,
    0xcd, 0x42, 0xce, 0x42, 0xcd, 0x42, 0xcd, 0x42, 0xcd, 0x42, 0xcd, 0x3a,
    0xcd, 0x3a, 0xad, 0x3a, 0xad, 0x3a, 0xad, 0x3a, 0x8d, 0x3a, 0xad, 0x3a,
    0x8d, 0x42, 0x8d, 0x3a, 0x8d, 0x3a, 0x8c, 0x3a, 0x8d, 0x3a, 0x8d, 0x3a,
    0x6d, 0x3a, 0x6c, 0x3a, 0x4c, 0x3a, 0x4c, 0x32, 0x4c, 0x3a, 0x4c, 0x3a,
    0x2c, 0x32, 0x2c, 0x32, 0x2c, 0x32, 0x0c, 0x32, 0x0c, 0x32, 0x0c, 0x32,
    0xeb, 0x31, 0xeb, 0x31, 0xeb, 0x31, 0xcb, 0x29, 0xcb, 0x31, 0xca, 0x29,
    0xcb, 0x29, 0xcb, 0x29, 0xcb, 0x29, 0xcb, 0x29, 0xca, 0x29, 0xca, 0x29,
    0xaa, 0x29, 0xaa, 0x29, 0xaa, 0x21, 0xaa, 0x29, 0xaa, 0x29, 0xaa, 0x21,
    0x88, 0x29, 0x68, 0x29, 0x88, 0x29, 0x68, 0x29, 0x68, 0x29, 0x68, 0x29,
    0x68, 0x29, 0x68, 0x29, 0x68, 0x21, 0x68, 0x29, 0x68, 0x21, 0x68, 0x21,
    0x68, 0x29, 0x88, 0x29, 0x88, 0x29, 0x68, 0x21, 0x68, 0x29, 0x68, 0x29,
    0x88, 0x29, 0x68, 0x29, 0x88, 0x29, 0x89, 0x29, 0x88, 0x29, 0x88, 0x29,
    0x88, 0x29, 0x89, 0x31, 0x88, 0x29, 0x88, 0x31, 0x89, 0x29, 0x88, 0x29,
    0x89, 0x29, 0x88, 0x29, 0xa8, 0x29, 0x89, 0x31, 0x88, 0x29, 0x88, 0x31,
    0x88, 0x29, 0xa9, 0x31, 0x89, 0x31, 0x88, 0x29, 0x88, 0x29, 0x89, 0x31,
    0x88, 0x29, 0x89, 0x29, 0xa8, 0x31, 0xa9, 0x31, 0xa9, 0x31, 0xa9, 0x31,
    0xa8, 0x31, 0xa9, 0x31, 0xa9, 0x31, 0xc9, 0x31, 0xa9, 0x31, 0xc9, 0x31,
    0xc9, 0x31, 0xa9, 0x31, 0xc9, 0x31, 0xc9, 0x29, 0xc9, 0x29, 0xa9, 0x29,
    0xa9, 0x29, 0xc9, 0x29, 0xa9, 0x29, 0xc9, 0x31, 0xea, 0x39, 0xea, 0x39,
    0xea, 0x39, 0xea, 0x31, 0x0a, 0x3a, 0xea, 0x31, 0xea, 0x31, 0x0a, 0x3a,
    0x0a, 0x3a, 0x0a, 0x3a, 0x0a, 0x3a, 0x0a, 0x3a, 0x0a, 0x3a, 0x0a, 0x42,
    0x2a, 0x42, 0x2a, 0x42, 0x2b, 0x42, 0x2a, 0x42, 0x4a, 0x4a, 0x4b, 0x4a,
    0x6b, 0x4a, 0x6b, 0x4a, 0x6b, 0x4a, 0x6b, 0x52, 0x8b, 0x52, 0x8b, 0x52,
    0xab, 0x5a, 0xab, 0x5a, 0xcb, 0x62, 0xeb, 0x7a, 0x0b, 0x83, 0x0b, 0x8b,
    0x0b, 0x8b, 0x0a, 0x8b, 0x0b, 0x8b, 0x0b, 0x8b, 0x2b, 0x93, 0x2a, 0x93,
    0x0b, 0x8b, 0x2b, 0x8b, 0x2a, 0x93, 0x2b, 0x93, 0x2a, 0x93, 0x4a, 0x93,
    0x4a, 0x93, 0x4a, 0x93, 0x4a, 0x93, 0x2b, 0x93, 0x4a, 0x93, 0x2b, 0x93,
    0x4a, 0x93, 0x2b, 0x8b, 0x2b, 0x8b, 0x2b, 0x83, 0x2b, 0x83, 0x0c, 0x7b,
    0x0c, 0x6b, 0xec, 0x5a, 0xed, 0x5a, 0xed, 0x5a, 0xed, 0x5a, 0xed, 0x5a,
    0xed, 0x5a, 0x0d, 0x5b, 0x0d, 0x63, 0x0d, 0x5b, 0x0d, 0x63, 0x0d, 0x5b,
    0x0d, 0x5b, 0x0d, 0x5b, 0xed, 0x5a, 0x0d, 0x5b, 0xed, 0x62, 0x0d, 0x63,
    0x0d, 0x5b, 0xed, 0x52, 0x0d, 0x53, 0x0d, 0x53, 0xed, 0x52, 0xed, 0x52,
    0x0d, 0x53, 0xed, 0x52, 0xed, 0x52, 0x0d, 0x53, 0xed, 0x52, 0x0d, 0x53,
    0x0d, 0x5b, 0xed, 0x5a, 0x0d, 0x5b, 0x0d, 0x5b, 0xed, 0x5a, 0x0d, 0x53,
    0x0d, 0x53, 0x0d, 0x53, 0x0d, 0x53, 0x0d, 0x53, 0xed, 0x52, 0x0d, 0x53,
    0xed, 0x52, 0x0d, 0x53, 0x0d, 0x53, 0x0d, 0x53, 0x0d, 0x53, 0x0d, 0x5b,
    0x0d, 0x5b, 0x0d, 0x5b, 0x0d, 0x5b, 0x0d, 0x5b, 0x0d, 0x53, 0x0d, 0x5b,
    0x0d, 0x53, 0x0d, 0x53, 0x0d, 0x5b, 0x0d, 0x53, 0x0d, 0x53, 0x0d, 0x5b,
    0x0d, 0x53, 0x0d, 0x53, 0x0d, 0x5b, 0x0d, 0x5b, 0x0d, 0x5b, 0x0d, 0x5b,
    0x0d, 0x5b, 0x0d, 0x5b, 0x0d, 0x5b, 0x2d, 0x5b, 0x0d, 0x5b, 0x2d, 0x5b,
    0x0d, 0x5b, 0x0d, 0x5b, 0x2d, 0x63, 0x2d, 0x63, 0x2d, 0x63, 0x2d, 0x63,
    0x2c, 0x6b, 0x2d, 0x73, 0x2d, 0x6b, 0x2d, 0x73, 0x2d, 0x73, 0x2c, 0x73,
    0x2d, 0x73, 0x2c, 0x73, 0x4d, 0x73, 0x2c, 0x73, 0x4d, 0x73, 0x4d, 0x73,
    0x2d, 0x73, 0x2c, 0x73, 0x2c, 0x73, 0x2d, 0x73, 0x2d, 0x73, 0x2d, 0x73,
    0x2d, 0x73, 0x2d, 0x73, 0x2d, 0x73, 0x2d, 0x6b, 0x2d, 0x6b, 0x2d, 0x6b,
    0x2d, 0x6b, 0x2d, 0x6b, 0x2d, 0x6b, 0x2d, 0x6b, 0x2d, 0x6b, 0x2d, 0x6b,
    0x4d, 0x6b, 0x4d, 0x73, 0x2d, 0x6b, 0x2d, 0x6b, 0x4d, 0x73, 0x2d, 0x73,
    0x2c, 0x73, 0x2d, 0x73, 0x0d, 0x6b, 0xec, 0x5a, 0xcd, 0x52, 0xcd, 0x52,
    0xcd, 0x4a, 0xcd, 0x4a, 0xcd, 0x4a, 0xcd, 0x42, 0xad, 0x42, 0xad, 0x42,
    0xad, 0x42, 0xad, 0x42, 0x8d, 0x42, 0xad, 0x42, 0xad, 0x42, 0xad, 0x42,
    0xad, 0x42, 0xad, 0x42, 0xad, 0x42, 0xad, 0x42, 0x8d, 0x3a, 0x8d, 0x42,
    0xad, 0x42, 0x8d, 0x42, 0x8d, 0x42, 0xad, 0x42, 0xad, 0x3a, 0xad, 0x42,
    0xad, 0x42, 0xad, 0x3a, 0xad, 0x3a, 0xad, 0x42, 0xad, 0x42, 0xad, 0x42,
    0xad, 0x3a, 0xcd, 0x3a, 0xcd, 0x3a, 0xcd, 0x42, 0xcd, 0x3a, 0xad, 0x3a,
    0xad, 0x42, 0xad, 0x3a, 0xad, 0x3a, 0xad, 0x42, 0x8d, 0x3a, 0x8d, 0x42,
    0x8d, 0x3a, 0x8d, 0x3a, 0x8d, 0x3a, 0x8c, 0x3a, 0x8d, 0x3a, 0x6d, 0x3a,
    0x6d, 0x3a, 0x6d, 0x3a, 0x4c, 0x3a, 0x4d, 0x3a, 0x4d, 0x32, 0x4c, 0x32,
    0x4d, 0x3a, 0x4c, 0x3a, 0x4c, 0x3a, 0x2c, 0x32, 0x2c, 0x32, 0x2c, 0x32,
    0x0b, 0x32, 0x0c, 0x32, 0x0b, 0x32, 0x0b, 0x32, 0x0b, 0x32, 0xeb, 0x29,
    0xea, 0x29, 0xca, 0x31, 0xea, 0x29, 0xca, 0x31, 0xcb, 0x31, 0xcb, 0x29,
    0xca, 0x29, 0xcb, 0x29, 0xca, 0x29, 0xaa, 0x29, 0xaa, 0x29, 0xaa, 0x29,
    0xaa, 0x29, 0xaa, 0x29, 0x68, 0x29, 0x68, 0x29, 0x68, 0x29, 0x68, 0x21,
    0x68, 0x21, 0x68, 0x21, 0x68, 0x29, 0x68, 0x21, 0x68, 0x21, 0x68, 0x29,
    0x68, 0x29, 0x68, 0x21, 0x88, 0x29, 0x88, 0x29, 0x68, 0x29, 0x68, 0x21,
    0x68, 0x29, 0x88, 0x29, 0x88, 0x29, 0x88, 0x29, 0x89, 0x29, 0x88, 0x29,
    0x88, 0x29, 0x89, 0x29, 0x88, 0x29, 0x88, 0x29, 0x89, 0x29, 0x88, 0x31,
    0xa8, 0x29, 0x88, 0x29, 0x88, 0x31, 0x89, 0x29, 0x88, 0x29, 0x88, 0x29,
    0x89, 0x29, 0x88, 0x29, 0x88, 0x29, 0x88, 0x31, 0x88, 0x29, 0x88, 0x29,
    0x89, 0x31, 0x88, 0x29, 0x88, 0x31, 0xa8, 0x31, 0xa8, 0x31, 0xa9, 0x31,
    0xa8, 0x29, 0xa8, 0x31, 0xa8, 0x31, 0xa9, 0x31, 0xc9, 0x31, 0xa8, 0x31,
    0xa9, 0x31, 0xc9, 0x31, 0xa9, 0x31, 0xa9, 0x31, 0xc9, 0x31, 0xa9, 0x31,
    0xa9, 0x31, 0xc9, 0x31, 0xc9, 0x31, 0xca, 0x31, 0xc9, 0x31, 0xc9, 0x31,
    0xea, 0x39, 0xea, 0x39, 0xea, 0x39, 0xea, 0x31, 0xe9, 0x39, 0x0a, 0x3a,
    0xea, 0x31, 0x0a, 0x3a, 0x0a, 0x3a, 0x0a, 0x3a, 0x0a, 0x3a, 0x0a, 0x3a,
    0x0a, 0x42, 0x2a, 0x42, 0x2a, 0x42, 0x2a, 0x42, 0x2a, 0x42, 0x4a, 0x4a,
    0x4a, 0x4a, 0x4b, 0x4a, 0x4a, 0x4a, 0x4b, 0x4a, 0x6b, 0x52, 0x6b, 0x52,
    0x8b, 0x52, 0x8b, 0x52, 0xab, 0x5a, 0xab, 0x62, 0xeb, 0x72, 0x0b, 0x83,
    0x0b, 0x83, 0x0b, 0x83, 0x0a, 0x8b, 0x0b, 0x8b, 0x0a, 0x8b, 0x0a, 0x8b,
    0x0b, 0x8b, 0x2a, 0x8b, 0x0b, 0x8b, 0x2b, 0x93, 0x2a, 0x93, 0x2b, 0x8b,
    0x2b, 0x8b, 0x2a, 0x93, 0x2b, 0x93, 0x2b, 0x93, 0x4a, 0x93, 0x2b, 0x93,
    0x2a, 0x93, 0x4a, 0x93, 0x4b, 0x93, 0x2a, 0x93, 0x4a, 0x93, 0x4b, 0x93,
    0x4b, 0x93, 0x4a, 0x9b, 0x4a, 0x9b, 0x4b, 0x93, 0x2b, 0x83, 0x0c, 0x7b,
    0x0c, 0x6b, 0xec, 0x62, 0xed, 0x62, 0xed, 0x5a, 0xed, 0x5a, 0xed, 0x5a,
    0xed, 0x5a, 0xed, 0x5a, 0xed, 0x62, 0x0d, 0x63, 0xed, 0x5a, 0xed, 0x5a,
    0x0d, 0x63, 0xed, 0x62, 0x0d, 0x5b, 0xed, 0x52, 0xed, 0x52, 0x0d, 0x53,
    0x0d, 0x53, 0xed, 0x52, 0x0d, 0x53, 0xed, 0x52, 0xed, 0x52, 0x0d, 0x53,
    0xed, 0x52, 0xed, 0x52, 0x0d, 0x53, 0x0d, 0x53, 0x0d, 0x53, 0xed, 0x52,
    0xed, 0x52, 0xed, 0x4a, 0x0d, 0x53, 0x0d, 0x53, 0x0c, 0x4b, 0x0d, 0x4b,
    0x0d, 0x53, 0x0d, 0x4b, 0x0d, 0x53, 0xed, 0x52, 0x0d, 0x53, 0x0d, 0x53,
    0x0d, 0x53, 0x0d, 0x53, 0x0d, 0x53, 0x0d, 0x53, 0x0d, 0x53, 0x0d, 0x53,
    0x0d, 0x5b, 0x0d, 0x53, 0x0d, 0x53, 0x0d, 0x5b, 0x0d, 0x53, 0x0d, 0x53,
    0x0d, 0x53, 0x0d, 0x5b, 0x0d, 0x53, 0x0d, 0x53, 0x0d, 0x53, 0x0d, 0x5b,
    0x2d, 0x5b, 0x2d, 0x63, 0x2d, 0x63, 0x2d, 0x5b, 0x2d, 0x63, 0x0d, 0x63,
    0x0d, 0x5b, 0x0d, 0x5b, 0x0d, 0x63, 0x0d, 0x5b, 0x2d, 0x63, 0x0d, 0x63,
    0x0d, 0x63, 0x2d, 0x63, 0x2d, 0x6b, 0x2d, 0x6b, 0x2d, 0x6b, 0x2d, 0x6b,
    0x2d, 0x6b, 0x2d, 0x6b, 0x2d, 0x6b, 0x2d, 0x73, 0x2c, 0x6b, 0x2d, 0x73,
    0x2d, 0x73, 0x2d, 0x6b, 0x2d, 0x6b, 0x2d, 0x6b, 0x2d, 0x6b, 0x2d, 0x6b,
    0x2d, 0x6b, 0x2d, 0x6b, 0x0d, 0x6b, 0x2d, 0x6b, 0x0d, 0x6b, 0x0d, 0x6b,
    0x0d, 0x6b, 0x2d, 0x6b, 0x0d, 0x6b, 0x2d, 0x6b, 0x2d, 0x63, 0x2d, 0x63,
    0x0d, 0x6b, 0x2d, 0x63, 0x0d, 0x63, 0x0e, 0x63, 0x2d, 0x63, 0x0d, 0x63,
    0x2d, 0x63, 0x2d, 0x63, 0x0d, 0x63, 0x0d, 0x63, 0x0d, 0x5b, 0xed, 0x5a,
    0xed, 0x52, 0xcd, 0x52, 0xcd, 0x4a, 0xcd, 0x4a, 0xad, 0x4a, 0xcd, 0x4a,
    0xad, 0x4a, 0xad, 0x42, 0xad, 0x42, 0xad, 0x42, 0xad, 0x42, 0x8d, 0x42,
    0xad, 0x42, 0x8d, 0x42, 0xad, 0x42, 0xad, 0x3a, 0xad, 0x42, 0x8d, 0x42,
    0x8d, 0x3a, 0xad, 0x3a, 0x8d, 0x42, 0x8d, 0x3a, 0x8d, 0x42, 0x8d, 0x42,
    0xad, 0x3a, 0xad, 0x42, 0xae, 0x42, 0xad, 0x42, 0xad, 0x42, 0xcd, 0x42,
    0xcd, 0x42, 0xad, 0x42, 0xcd, 0x42, 0xad, 0x3a, 0xad, 0x42, 0xcd, 0x42,
    0xad, 0x3a, 0xad, 0x3a, 0xad, 0x3a, 0x8d, 0x3a, 0x8d, 0x3a, 0xad, 0x3a,
    0x8d, 0x3a, 0x6d, 0x3a, 0x6d, 0x3a, 0x6d, 0x3a, 0x6d, 0x3a, 0x6d, 0x3a,
    0x8c, 0x3a, 0x6d, 0x3a, 0x6d, 0x3a, 0x6d, 0x3a, 0x6d, 0x3a, 0x6d, 0x3a,
    0x6d, 0x3a, 0x6d, 0x3a, 0x4d, 0x3a, 0x4d, 0x3a, 0x6d, 0x32, 0x4c, 0x3a,
    0x4c, 0x3a, 0x2c, 0x32, 0x2c, 0x32, 0x0c, 0x32, 0x0c, 0x32, 0x0b, 0x32,
    0x0c, 0x32, 0xeb, 0x31, 0xcb, 0x29, 0xcb, 0x29, 0xcb, 0x31, 0xca, 0x29,
    0xcb, 0x29, 0xeb, 0x31, 0xcb, 0x29, 0xcb, 0x29, 0xcb, 0x29, 0xca, 0x29,
    0xaa, 0x29, 0xaa, 0x29, 0xaa, 0x21, 0xaa, 0x29, 0x68, 0x29, 0x68, 0x29,
    0x68, 0x21, 0x68, 0x29, 0x68, 0x29, 0x68, 0x29, 0x68, 0x29, 0x68, 0x21,
    0x68, 0x29, 0x68, 0x29, 0x88, 0x29, 0x88, 0x29, 0x88, 0x29, 0x68, 0x29,
    0x68, 0x29, 0x68, 0x21, 0x68, 0x21, 0x88, 0x29, 0x89, 0x29, 0x88, 0x29,
    0x88, 0x29, 0x88, 0x29, 0x88, 0x29, 0x89, 0x29, 0x88, 0x29, 0x88, 0x29,
    0x88, 0x29, 0x89, 0x29, 0x88, 0x29, 0x88, 0x29, 0x89, 0x29, 0x88, 0x31,
    0xa8, 0x29, 0x89, 0x29, 0x88, 0x31, 0x88, 0x29, 0x89, 0x29, 0x88, 0x29,
    0x89, 0x31, 0xa8, 0x29, 0xa8, 0x31, 0xa9, 0x31, 0xa9, 0x29, 0xa8, 0x31,
    0xa9, 0x31, 0xa9, 0x29, 0xa8, 0x31, 0xa9, 0x31, 0xa9, 0x29, 0xa8, 0x31,
    0xa8, 0x31, 0xc9, 0x31, 0xc9, 0x31, 0xa8, 0x31, 0xc9, 0x31, 0xc9, 0x31,
    0xa9, 0x31, 0xc9, 0x31, 0xa9, 0x31, 0xc9, 0x31, 0xc9, 0x31, 0xc9, 0x31,
    0xca, 0x31, 0xca, 0x31, 0xe9, 0x31, 0xe9, 0x31, 0xea, 0x39, 0xea, 0x39,
    0xea, 0x31, 0xea, 0x39, 0x0a, 0x3a, 0xea, 0x31, 0xea, 0x39, 0x0a, 0x3a,
    0x0a, 0x3a, 0x0a, 0x3a, 0x0a, 0x42, 0x2a, 0x42, 0x2a, 0x42, 0x2a, 0x42,
    0x2a, 0x4a, 0x2a, 0x4a, 0x2b, 0x4a, 0x4a, 0x4a, 0x4a, 0x4a, 0x4a, 0x4a,
    0x6b, 0x52, 0x6b, 0x52, 0x6b, 0x52, 0x8b, 0x5a, 0xab, 0x62, 0xcb, 0x6a,
    0xeb, 0x7a, 0xea, 0x82, 0x0a, 0x83, 0x0a, 0x83, 0x0a, 0x83, 0x0b, 0x83,
    0x0a, 0x8b, 0x2b, 0x8b, 0x0a, 0x8b, 0x0b, 0x8b, 0x2b, 0x8b, 0x2a, 0x8b,
    0x2a, 0x93, 0x2b, 0x93, 0x2b, 0x93, 0x4b, 0x93, 0x2a, 0x93, 0x4b, 0x93,
    0x2b, 0x93, 0x4a, 0x93, 0x2b, 0x93, 0x4b, 0x93, 0x2a, 0x93, 0x2b, 0x93,
    0x4a, 0x93, 0x2a, 0x93, 0x2b, 0x93, 0x2a, 0x93, 0x2b, 0x93, 0x4b, 0x93,
    0x4b, 0x9b, 0x4a, 0x9b, 0x4a, 0x9b, 0x2b, 0x8b, 0x2b, 0x83, 0x0c, 0x73,
    0xec, 0x6a, 0xed, 0x62, 0xed, 0x62, 0xed, 0x5a, 0xed, 0x5a, 0xed, 0x5a,
    0xed, 0x5a, 0xed, 0x5a, 0xed, 0x5a, 0xed, 0x5a, 0x0d, 0x5b, 0x0d, 0x53,
    0xed, 0x52, 0xed, 0x52, 0x0d, 0x53, 0x0d, 0x53, 0xed, 0x52, 0x0d, 0x53,
    0x0c, 0x53, 0xed, 0x52, 0x0d, 0x53, 0xed, 0x52, 0xed, 0x52, 0xed, 0x52,
    0x0d, 0x53, 0x0d, 0x53, 0x0d, 0x53, 0xed, 0x52, 0x0d, 0x53, 0x0d, 0x53,
    0xed, 0x52, 0xed, 0x52, 0x0d, 0x53, 0x0c, 0x53, 0x0d, 0x53, 0xed, 0x52,
    0x0d, 0x53, 0xed, 0x52, 0x0d, 0x53, 0x0d, 0x53, 0xed, 0x52, 0x0d, 0x53,
    0x0d, 0x53, 0x0d, 0x53, 0x0d, 0x53, 0x0d, 0x53, 0x0d, 0x5b, 0x0d, 0x53,
    0x0d, 0x5b, 0x0d, 0x53, 0x0d, 0x5b, 0x0d, 0x53, 0x0d, 0x5b, 0x0d, 0x53,
    0x0d, 0x53, 0x0d, 0x5b, 0x0d, 0x63, 0x0d, 0x63, 0x0d, 0x63, 0x0d, 0x5b,
    0x0d, 0x63, 0x0d, 0x63, 0x0d, 0x5b, 0x2d, 0x5b, 0x0d, 0x63, 0x0d, 0x63,
    0x2c, 0x63, 0x0d, 0x63, 0x0d, 0x63, 0x0d, 0x63, 0x2c, 0x63, 0x2d, 0x6b,
    0x2c, 0x6b, 0x2d, 0x6b, 0x2c, 0x6b, 0x2d, 0x6b, 0x2d, 0x6b, 0x2d, 0x6b,
    0x2d, 0x6b, 0x2d, 0x6b, 0x2c, 0x6b, 0x0d, 0x6b, 0x2c, 0x6b, 0x0d, 0x6b,
    0x0d, 0x6b, 0x0c, 0x6b, 0x0d, 0x6b, 0x2d, 0x63, 0x2d, 0x6b, 0x0c, 0x6b,
    0x2d, 0x63, 0x0d, 0x63, 0x2d, 0x63, 0x2d, 0x63, 0x0d, 0x63, 0x0d, 0x63,
    0x2d, 0x63, 0x0d, 0x63, 0x2d, 0x63, 0x0d, 0x63, 0x0e, 0x63, 0x0d, 0x63,
    0x0d, 0x63, 0x0e, 0x63, 0x0d, 0x63, 0x0d, 0x63, 0x0d, 0x63, 0x0d, 0x5b,
    0x0d, 0x5b, 0xed, 0x52, 0xed, 0x52, 0xcd, 0x52, 0xed, 0x4a, 0xcd, 0x4a,
    0xcd, 0x4a, 0xad, 0x4a, 0xcd, 0x4a, 0xcd, 0x42, 0xad, 0x42, 0xad, 0x42,
    0xad, 0x42, 0xad, 0x3a, 0xad, 0x3a, 0xad, 0x42, 0x8d, 0x42, 0xad, 0x3a,
    0xad, 0x42, 0x8d, 0x42, 0x8d, 0x3a, 0x8d, 0x42, 0x8d, 0x42, 0xae, 0x3a,
    0x8d, 0x3a, 0xad, 0x42, 0x8d, 0x42, 0xad, 0x3a, 0xad, 0x3a, 0xad, 0x42,
    0xad, 0x3a, 0xad, 0x3a, 0xad, 0x3a, 0xad, 0x3a, 0xad, 0x3a, 0xad, 0x42,
    0xad, 0x42, 0xad, 0x3a, 0xad, 0x3a, 0xad, 0x42, 0xad, 0x3a, 0x8d, 0x42,
    0x8d, 0x3a, 0xad, 0x3a, 0x8d, 0x42, 0x8d, 0x3a, 0x8d, 0x3a, 0x8d, 0x3a,
    0x8d, 0x3a, 0x6d, 0x3a, 0x6d, 0x3a, 0x6d, 0x3a, 0x6c, 0x3a, 0x6d, 0x3a,
    0x6d, 0x3a, 0x6d, 0x3a, 0x6c, 0x3a, 0x6d, 0x3a, 0x4d, 0x32, 0x6d, 0x3a,
    0x6d, 0x3a, 0x4d, 0x3a, 0x4d, 0x3a, 0x2c, 0x32, 0x2c, 0x32, 0x2c, 0x32,
    0x0c, 0x32, 0x0c, 0x32, 0x0b, 0x32, 0x0b, 0x32, 0xeb, 0x31, 0xca, 0x29,
    0xcb, 0x29, 0xeb, 0x29, 0xea, 0x29, 0xeb, 0x31, 0xcb, 0x29, 0xeb, 0x29,
    0xeb, 0x29, 0xca, 0x29, 0xaa, 0x29, 0xaa, 0x29, 0xaa, 0x29, 0xaa, 0x29,
    0x68, 0x21, 0x88, 0x29, 0x88, 0x29, 0x88, 0x21, 0x68, 0x29, 0x88, 0x29,
    0x88, 0x21, 0x88, 0x29, 0x88, 0x29, 0x88, 0x29, 0x88, 0x21, 0x88, 0x29,
    0x68, 0x29, 0x89, 0x21, 0x68, 0x29, 0x68, 0x29, 0x88, 0x29, 0x88, 0x29,
    0x88, 0x29, 0x68, 0x29, 0x88, 0x29, 0x88, 0x29, 0x68, 0x29, 0x88, 0x29,
    0x88, 0x29, 0x88, 0x29, 0x88, 0x29, 0x88, 0x29, 0x89, 0x29, 0x88, 0x29,
    0x88, 0x29, 0x89, 0x29, 0x88, 0x29, 0xa9, 0x29, 0x88, 0x31, 0x88, 0x29,
    0x88, 0x29, 0xa8, 0x31, 0xa9, 0x31, 0xa8, 0x29, 0xa8, 0x29, 0xa9, 0x31,
    0xa8, 0x31, 0x88, 0x29, 0xa8, 0x29, 0xa8, 0x31, 0xa9, 0x31, 0xa9, 0x31,
    0xa8, 0x29, 0xa9, 0x31, 0xa9, 0x31, 0xc9, 0x29, 0xa9, 0x31, 0xa8, 0x31,
    0xc9, 0x31, 0xa9, 0x31, 0xc8, 0x31, 0xc9, 0x31, 0xa9, 0x31, 0xc9, 0x31,
    0xc9, 0x31, 0xc9, 0x31, 0xea, 0x39, 0xea, 0x39, 0xea, 0x39, 0xe9, 0x31,
    0xea, 0x31, 0xe9, 0x39, 0xe9, 0x31, 0xea, 0x39, 0x0a, 0x3a, 0x0a, 0x3a,
    0xea, 0x39, 0x0a, 0x3a, 0x0a, 0x3a, 0x0a, 0x42, 0x0a, 0x42, 0x0a, 0x42,
    0x2a, 0x42, 0x2a, 0x42, 0x2a, 0x42, 0x2a, 0x4a, 0x2a, 0x42, 0x4b, 0x4a,
    0x4a, 0x4a, 0x4a, 0x52, 0x4a, 0x52, 0x6a, 0x52, 0x6a, 0x52, 0x8b, 0x62,
    0xab, 0x6a, 0xcb, 0x72, 0xea, 0x7a, 0xeb, 0x82, 0x0b, 0x83, 0x0a, 0x83,
    0x0a, 0x83, 0x0a, 0x83, 0x0b, 0x83, 0x0b, 0x8b, 0x0a, 0x8b, 0x0a, 0x8b,
    0x2b, 0x8b, 0x2b, 0x8b, 0x2b, 0x8b, 0x2a, 0x93, 0x2b, 0x93, 0x4a, 0x93,
    0x4a, 0x93, 0x2b, 0x93, 0x4a, 0x8b, 0x2a, 0x93, 0x4b, 0x93, 0x2a, 0x8b,
    0x4b, 0x93, 0x4b, 0x93, 0x2a, 0x93, 0x2b, 0x93, 0x4b, 0x93, 0x2b, 0x93,
    0x2a, 0x93, 0x2a, 0x93, 0x4b, 0x93, 0x4b, 0x9b, 0x2a, 0x93, 0x2a, 0x9b,
    0x4a, 0x9b, 0x4a, 0x9b, 0x2a, 0x93, 0x2b, 0x8b, 0x0c, 0x6b, 0x0c, 0x63,
    0x0d, 0x63, 0xec, 0x62, 0xed, 0x62, 0xed, 0x62, 0xed, 0x5a, 0xed, 0x5a,
    0xed, 0x5a, 0x0d, 0x5b, 0x0d, 0x5b, 0xed, 0x52, 0x0d, 0x5b, 0x0d, 0x53,
    0xed, 0x52, 0xed, 0x52, 0x0d, 0x53, 0xed, 0x52, 0x0d, 0x53, 0x0c, 0x53,
    0xed, 0x52, 0x0d, 0x53, 0xed, 0x52, 0x0d, 0x53, 0x0d, 0x53, 0xed, 0x52,
    0x0d, 0x53, 0x0d, 0x53, 0x0d, 0x53, 0x0d, 0x53, 0xed, 0x4a, 0x0d, 0x53,
    0x0d, 0x53, 0x0d, 0x53, 0x0d, 0x53, 0x0d, 0x53, 0xed, 0x52, 0x0d, 0x53,
    0x0d, 0x53, 0xed, 0x52, 0x0d, 0x53, 0xed, 0x52, 0xed, 0x52, 0x0d, 0x53,
    0x0d, 0x53, 0x0d, 0x53, 0x0d, 0x53, 0x0d, 0x5b, 0x0d, 0x5b, 0x0d, 0x53,
    0x0d, 0x53, 0x0d, 0x5b, 0x0d, 0x5b, 0x0d, 0x5b, 0x2d, 0x63, 0x0d, 0x63,
    0x0d, 0x63, 0x0d, 0x63, 0x0d, 0x5b, 0x0d, 0x5b, 0x2d, 0x5b, 0x0c, 0x5b,
    0x0d, 0x5b, 0x0d, 0x5b, 0x0d, 0x5b, 0x0d, 0x63, 0x0d, 0x5b, 0x0d, 0x5b,
    0x0d, 0x63, 0x0d, 0x63, 0x0d, 0x63, 0x0d, 0x63, 0x0d, 0x63, 0x0c, 0x63,
    0x0d, 0x63, 0x0c, 0x63, 0x0d, 0x63, 0x0d, 0x63, 0x2d, 0x6b, 0x2d, 0x6b,
    0x2d, 0x6b, 0x2d, 0x6b, 0x2c, 0x6b, 0x2d, 0x6b, 0x2c, 0x6b, 0x2d, 0x6b,
    0x2d, 0x6b, 0x0d, 0x6b, 0x2d, 0x6b, 0x2d, 0x6b, 0x0d, 0x63, 0x0d, 0x63,
    0x2d, 0x63, 0x0d, 0x63, 0x0d, 0x63, 0x0d, 0x63, 0x0d, 0x63, 0x0d, 0x63,
    0x0d, 0x63, 0x2d, 0x63, 0x0d, 0x5b, 0x0e, 0x63, 0x0d, 0x5b, 0x0d, 0x5b,
    0x0e, 0x5b, 0x0d, 0x5b, 0xed, 0x5a, 0xed, 0x52, 0xed, 0x52, 0xed, 0x52,
    0xcd, 0x52, 0xcd, 0x4a, 0xcd, 0x4a, 0xad, 0x4a, 0xcd, 0x42, 0xcd, 0x42,
    0xad, 0x42, 0xad, 0x42, 0xad, 0x42, 0xad, 0x42, 0xad, 0x42, 0xad, 0x42,
    0xad, 0x42, 0x8d, 0x42, 0xad, 0x3a, 0x8d, 0x42, 0x8e, 0x42, 0xad, 0x42,
    0x8d, 0x42, 0x8d, 0x42, 0x8d, 0x3a, 0xad, 0x42, 0xad, 0x42, 0x8d, 0x3a,
    0xad, 0x42, 0xad, 0x42, 0xad, 0x3a, 0xad, 0x42, 0xad, 0x42, 0xae, 0x3a,
    0xae, 0x42, 0xad, 0x3a, 0xad, 0x3a, 0xad, 0x3a, 0x8d, 0x42, 0x8d, 0x3a,
    0x8d, 0x42, 0x8d, 0x42, 0xad, 0x3a, 0x8d, 0x3a, 0x8d, 0x42, 0x8d, 0x3a,
    0x8d, 0x3a, 0x8d, 0x3a, 0x8d, 0x3a, 0x8d, 0x3a, 0x6d, 0x3a, 0x6d, 0x3a,
    0x6d, 0x3a, 0x6d, 0x3a, 0x6d, 0x3a, 0x6d, 0x3a, 0x6d, 0x3a, 0x6c, 0x32,
    0x4d, 0x3a, 0x4d, 0x3a, 0x6c, 0x32, 0x4d, 0x32, 0x4d, 0x3a, 0x4d, 0x3a,
    0x4c, 0x3a, 0x2c, 0x32, 0x2c, 0x32, 0x0c, 0x32, 0x0c, 0x32, 0x0b, 0x32,
    0xeb, 0x31, 0xeb, 0x31, 0xeb, 0x29, 0xeb, 0x31, 0xcb, 0x31, 0xeb, 0x29,
    0xcb, 0x31, 0xeb, 0x31, 0xcb, 0x31, 0xcb, 0x29, 0xca, 0x29, 0xaa, 0x29,
    0xaa, 0x29, 0xaa, 0x29, 0x88, 0x29, 0x88, 0x29, 0x88, 0x29, 0x88, 0x29,
    0x88, 0x29, 0x88, 0x29, 0x88, 0x29, 0x88, 0x29, 0x88, 0x29, 0x88, 0x29,
    0x68, 0x29, 0x68, 0x29, 0x88, 0x29, 0x88, 0x29, 0x88, 0x29, 0x88, 0x29,
    0x68, 0x29, 0x68, 0x29, 0x88, 0x29, 0x88, 0x29, 0x89, 0x29, 0x68, 0x29,
    0x88, 0x29, 0x88, 0x29, 0x89, 0x31, 0x88, 0x29, 0x88, 0x29, 0x88, 0x31,
    0x88, 0x29, 0x88, 0x29, 0x88, 0x29, 0x89, 0x31, 0x88, 0x29, 0x88, 0x29,
    0xa9, 0x29, 0xa8, 0x31, 0xa8, 0x31, 0xa8, 0x29, 0xa9, 0x31, 0xa8, 0x29,
    0x89, 0x31, 0xa8, 0x29, 0xa8, 0x31, 0x89, 0x31, 0xa9, 0x29, 0xa8, 0x31,
    0x89, 0x31, 0xa8, 0x29, 0xa8, 0x31, 0xa9, 0x31, 0xc9, 0x31, 0xc9, 0x31,
    0xa8, 0x31, 0xc9, 0x31, 0xa9, 0x29, 0xa8, 0x31, 0xc9, 0x31, 0xa9, 0x31,
    0xc9, 0x31, 0xc9, 0x31, 0xc9, 0x31, 0xca, 0x39, 0xea, 0x31, 0xe9, 0x39,
    0xea, 0x39, 0xea, 0x31, 0xe9, 0x31, 0xe9, 0x39, 0xe9, 0x31, 0xe9, 0x39,
    0xe9, 0x39, 0xe9, 0x39, 0x0a, 0x3a, 0x09, 0x3a, 0x0a, 0x42, 0x0a, 0x42,
    0x09, 0x42, 0x2a, 0x42, 0x0a, 0x42, 0x2a, 0x42, 0x2a, 0x4a, 0x2a, 0x4a,
    0x2a, 0x4a, 0x4a, 0x4a, 0x4a, 0x4a, 0x4a, 0x52, 0x4a, 0x52, 0x6a, 0x52,
    0x8a, 0x5a, 0x8a, 0x62, 0xca, 0x72, 0xca, 0x7a, 0xeb, 0x7a, 0x0a, 0x83,
    0x0b, 0x83, 0xea, 0x82, 0x0b, 0x83, 0xea, 0x82, 0x0a, 0x8b, 0x0b, 0x83,
    0x0a, 0x8b, 0x0a, 0x8b, 0x2b, 0x8b, 0x0b, 0x8b, 0x0a, 0x8b, 0x0b, 0x8b,
    0x2b, 0x8b, 0x0b, 0x8b, 0x0b, 0x8b, 0x2b, 0x8b, 0x2a, 0x8b, 0x2b, 0x8b,
    0x2a, 0x8b, 0x2b, 0x8b, 0x2b, 0x8b, 0x2a, 0x93, 0x2a, 0x93, 0x4b, 0x93,
    0x2b, 0x93, 0x2a, 0x93, 0x4b, 0x93, 0x2a, 0x93, 0x2b, 0x93, 0x2a, 0x93,
    0x2b, 0x93, 0x4b, 0x93, 0x2b, 0x93, 0x4b, 0x93, 0x4a, 0x93, 0x2b, 0x93,
    0x2b, 0x8b, 0x2c, 0x83, 0x0c, 0x73, 0x0c, 0x6b, 0x0c, 0x6b, 0x0c, 0x6b,
    0x0c, 0x6b, 0x0c, 0x6b, 0xec, 0x62, 0xec, 0x62, 0xed, 0x5a, 0xed, 0x5a,
    0xec, 0x5a, 0x0d, 0x5b, 0xed, 0x5a, 0x0d, 0x5b, 0xed, 0x52, 0xed, 0x52,
    0x0d, 0x53, 0x0d, 0x53, 0xed, 0x52, 0x0d, 0x53, 0xed, 0x52, 0xed, 0x52,
    0x0c, 0x53, 0x0d, 0x53, 0xed, 0x52, 0x0d, 0x53, 0x0d, 0x53, 0x0c, 0x53,
    0x0d, 0x53, 0xed, 0x52, 0x0d, 0x53, 0x0d, 0x53, 0xed, 0x52, 0x0d, 0x53,
    0x0d, 0x5b, 0x0d, 0x5b, 0x0d, 0x5b, 0x0d, 0x53, 0x0d, 0x5b, 0x0d, 0x5b,
    0x0d, 0x53, 0xed, 0x52, 0x0d, 0x5b, 0xed, 0x52, 0x0d, 0x53, 0x0d, 0x53,
    0x0d, 0x53, 0x0d, 0x5b, 0x0d, 0x53, 0x0d, 0x53, 0x0d, 0x5b, 0x0d, 0x5b,
    0x0d, 0x53, 0x0d, 0x5b, 0x0d, 0x53, 0x0d, 0x5b, 0x0d, 0x5b, 0x0d, 0x53,
    0x0d, 0x5b, 0x0d, 0x5b, 0x0d, 0x53, 0x0d, 0x53, 0x0d, 0x5b, 0x0d, 0x5b,
    0x0d, 0x53, 0x0d, 0x5b, 0x0d, 0x5b, 0x0d, 0x63, 0x0d, 0x63, 0x0d, 0x63,
    0x0d, 0x63, 0x0d, 0x63, 0x0d, 0x63, 0x0d, 0x63, 0x0c, 0x63, 0x0d, 0x63,
    0x0c, 0x63, 0x0d, 0x6b, 0x0d, 0x6b, 0x2d, 0x6b, 0x2d, 0x6b, 0x0c, 0x6b,
    0x0d, 0x6b, 0x2c, 0x6b, 0x2d, 0x6b, 0x2c, 0x6b, 0x2c, 0x6b, 0x2c, 0x6b,
    0x0c, 0x6b, 0x2d, 0x6b, 0x2d, 0x6b, 0x0d, 0x63, 0x0d, 0x63, 0x0d, 0x63,
    0x0e, 0x5b, 0x2d, 0x63, 0x0e, 0x63, 0x0d, 0x5b, 0x2d, 0x63, 0x0d, 0x5b,
    0x0d, 0x5b, 0x0d, 0x5b, 0x0d, 0x5b, 0xee, 0x5a, 0xed, 0x52, 0xed, 0x52,
    0xed, 0x52, 0xee, 0x52, 0xcd, 0x4a, 0xcd, 0x4a, 0xcd, 0x4a, 0xcd, 0x4a,
    0xad, 0x4a, 0xad, 0x42, 0xad, 0x42, 0xad, 0x42, 0xad, 0x42, 0xad, 0x42,
    0xad, 0x42, 0x8d, 0x3a, 0xad, 0x42, 0xad, 0x42, 0x8d, 0x3a, 0x8d, 0x3a,
    0xad, 0x42, 0x8d, 0x3a, 0x8d, 0x3a, 0x8d, 0x3a, 0x8d, 0x42, 0x8e, 0x42,
    0x8d, 0x3a, 0x8d, 0x42, 0xad, 0x42, 0xad, 0x42, 0x8d, 0x3a, 0x8d, 0x42,
    0xad, 0x3a, 0xad, 0x42, 0xad, 0x3a, 0xad, 0x3a, 0x8d, 0x42, 0xad, 0x42,
    0x8d, 0x3a, 0x8d, 0x3a, 0x8d, 0x3a, 0x8d, 0x3a, 0xad, 0x3a, 0x8d, 0x42,
    0x8d, 0x3a, 0x8d, 0x3a, 0x8d, 0x3a, 0x6d, 0x3a, 0x6d, 0x3a, 0x6d, 0x3a,
    0x8d, 0x3a, 0x6c, 0x3a, 0x6d, 0x3a, 0x6d, 0x3a, 0x6d, 0x3a, 0x6d, 0x3a,
    0x6d, 0x3a, 0x6d, 0x3a, 0x6d, 0x3a, 0x4c, 0x3a, 0x4d, 0x3a, 0x6d, 0x32,
    0x4c, 0x3a, 0x4c, 0x3a, 0x4d, 0x32, 0x4c, 0x32, 0x2c, 0x32, 0x2c, 0x32,
    0x0c, 0x32, 0x0c, 0x32, 0x0c, 0x32, 0xeb, 0x31, 0xeb, 0x31, 0xeb, 0x29,
    0xeb, 0x31, 0xeb, 0x29, 0xeb, 0x29, 0xeb, 0x31, 0xeb, 0x31, 0xcb, 0x29,
    0xca, 0x29, 0xca, 0x29, 0xaa, 0x29, 0xaa, 0x29, 0x88, 0x29, 0x88, 0x29,
    0x68, 0x29, 0x88, 0x29, 0x88, 0x29, 0x68, 0x29, 0x88, 0x29, 0x68, 0x29,
    0x88, 0x29, 0x68, 0x29, 0x68, 0x29, 0x68, 0x29, 0x68, 0x29, 0x68, 0x29,
    0x68, 0x29, 0x88, 0x29, 0x68, 0x29, 0x68, 0x29, 0x88, 0x29, 0x88, 0x29,
    0x88, 0x29, 0x88, 0x29, 0x68, 0x29, 0x88, 0x29, 0x89, 0x29, 0x88, 0x29,
    0x89, 0x29, 0x89, 0x29, 0x88, 0x29, 0x88, 0x29, 0x89, 0x29, 0xa8, 0x31,
    0xa8, 0x31, 0xa8, 0x29, 0x88, 0x29, 0x89, 0x31, 0x88, 0x29, 0x88, 0x29,
    0x88, 0x31, 0xa9, 0x31, 0xa8, 0x29, 0xa8, 0x29, 0xa9, 0x31, 0xa9, 0x31,
    0x89, 0x29, 0x89, 0x31, 0xa8, 0x29, 0xa9, 0x31, 0xa8, 0x31, 0xa9, 0x31,
    0xc9, 0x31, 0xa8, 0x31, 0xc9, 0x31, 0xc9, 0x31, 0xa9, 0x31, 0xc9, 0x31,
    0xa9, 0x31, 0xc9, 0x31, 0xc9, 0x31, 0xc9, 0x31, 0xc9, 0x31, 0xca, 0x31,
    0xea, 0x39, 0xe9, 0x31, 0xc9, 0x31, 0xea, 0x39, 0xea, 0x39, 0xea, 0x39,
    0xea, 0x39, 0xea, 0x39, 0xea, 0x39, 0xea, 0x39, 0x09, 0x3a, 0x09, 0x42,
    0x0a, 0x42, 0x0a, 0x42, 0x09, 0x42, 0x2a, 0x42, 0x0a, 0x42, 0x0a, 0x42,
    0x2a, 0x4a, 0x2a, 0x42, 0x2a, 0x4a, 0x2a, 0x4a, 0x4a, 0x52, 0x4a, 0x52,
    0x6a, 0x52, 0x6a, 0x5a, 0x8b, 0x62, 0xab, 0x6a, 0xca, 0x72, 0xeb, 0x7a,
    0xea, 0x7a, 0x0a, 0x83, 0xea, 0x82, 0x0b, 0x83, 0x0a, 0x83, 0x0a, 0x83,
    0x0b, 0x8b, 0x0b, 0x83, 0x0a, 0x8b, 0x2b, 0x8b, 0x0a, 0x8b, 0x2a, 0x8b,
    0x0b, 0x8b, 0x2a, 0x8b, 0x2a, 0x8b, 0x2a, 0x8b, 0x2a, 0x8b, 0x2a, 0x8b,
    0x2b, 0x93, 0x2b, 0x93, 0x2b, 0x93, 0x2a, 0x93, 0x2a, 0x8b, 0x2b, 0x8b,
    0x2a, 0x93, 0x4a, 0x93, 0x2b, 0x8b, 0x2b, 0x93, 0x2a, 0x93, 0x2b, 0x8b,
    0x2a, 0x93, 0x2a, 0x93, 0x2b, 0x93, 0x2b, 0x93, 0x4a, 0x93, 0x2a, 0x93,
    0x4b, 0x93, 0x2b, 0x93, 0x2a, 0x93, 0x2a, 0x93, 0x2b, 0x93, 0x2a, 0x93,
    0x2a, 0x93, 0x2b, 0x8b, 0x2b, 0x83, 0x0c, 0x73, 0x0c, 0x6b, 0x0c, 0x6b,
    0x0c, 0x6b, 0x0c, 0x6b, 0xec, 0x62, 0x0c, 0x63, 0x0c, 0x63, 0xec, 0x62,
    0x0c, 0x5b, 0x0d, 0x5b, 0xed, 0x5a, 0xed, 0x5a, 0x0d, 0x5b, 0x0d, 0x5b,
    0x0d, 0x53, 0xed, 0x52, 0xed, 0x52, 0x0d, 0x53, 0x0d, 0x53, 0xed, 0x52,
    0x0d, 0x53, 0x0d, 0x53, 0xed, 0x52, 0x0d, 0x53, 0x0d, 0x53, 0xed, 0x52,
    0x0d, 0x53, 0x0d, 0x53, 0xed, 0x52, 0x0d, 0x5b, 0x0d, 0x5b, 0xed, 0x5a,
    0x0d, 0x5b, 0x0d, 0x5b, 0x0d, 0x5b, 0x0d, 0x53, 0x0d, 0x53, 0xed, 0x52,
    0x0d, 0x53, 0x0d, 0x53, 0xed, 0x52, 0x0d, 0x5b, 0x0d, 0x53, 0x0d, 0x53,
    0x0d, 0x53, 0x0d, 0x53, 0x0d, 0x53, 0x0d, 0x53, 0x0d, 0x53, 0x0d, 0x53,
    0x0d, 0x53, 0x0d, 0x53, 0x0d, 0x5b, 0x0d, 0x53, 0x0d, 0x53, 0x0d, 0x5b,
    0x0d, 0x53, 0x0d, 0x53, 0x0d, 0x53, 0x0d, 0x53, 0x0d, 0x5b, 0x0d, 0x5b,
    0x0d, 0x5b, 0x0d, 0x63, 0x0d, 0x63, 0x0d, 0x63, 0x0d, 0x63, 0x0d, 0x63,
    0x0d, 0x63, 0x0d, 0x63, 0x0d, 0x63, 0x2c, 0x63, 0x0d, 0x63, 0x0d, 0x63,
    0x0d, 0x6b, 0x2d, 0x6b, 0x2d, 0x6b, 0x0d, 0x6b, 0x2d, 0x6b, 0x0d, 0x6b,
    0x0d, 0x6b, 0x0c, 0x6b, 0x2d, 0x6b, 0x0c, 0x6b, 0x2c, 0x6b, 0x2d, 0x6b,
    0x2d, 0x63, 0x0d, 0x63, 0x0d, 0x5b, 0x2d, 0x5b, 0x0d, 0x5b, 0x0d, 0x5b,
    0x0e, 0x5b, 0x0d, 0x5b, 0x0d, 0x5b, 0x0d, 0x5b, 0xed, 0x5a, 0xed, 0x52,
    0xed, 0x52, 0xed, 0x52, 0xed, 0x52, 0xcd, 0x4a, 0xcd, 0x4a, 0xcd, 0x4a,
    0xad, 0x4a, 0xcd, 0x42, 0xad, 0x42, 0xad, 0x42, 0xad, 0x42, 0xad, 0x42,
    0xad, 0x42, 0xad, 0x3a, 0xad, 0x42, 0xad, 0x42, 0xad, 0x3a, 0xad, 0x42,
    0x8d, 0x42, 0x8d, 0x3a, 0x8d, 0x42, 0x8d, 0x3a, 0x8d, 0x42, 0x8d, 0x3a,
    0xad, 0x3a, 0xad, 0x42, 0xad, 0x3a, 0x8d, 0x3a, 0xad, 0x3a, 0x8e, 0x3a,
    0xad, 0x42, 0x8d, 0x3a, 0x8d, 0x3a, 0x8d, 0x42, 0xad, 0x42, 0x8d, 0x3a,
    0x8d, 0x3a, 0x8e, 0x42, 0x8d, 0x3a, 0x8d, 0x3a, 0x8d, 0x42, 0x8d, 0x3a,
    0x8d, 0x3a, 0x8d, 0x3a, 0x6d, 0x3a, 0x6d, 0x3a, 0x8d, 0x3a, 0x6d, 0x3a,
    0x6d, 0x3a, 0x6d, 0x3a, 0x6d, 0x3a, 0x6c, 0x3a, 0x8d, 0x42, 0xad, 0x4a,
    0xac, 0x4a, 0xad, 0x4a, 0x8d, 0x42, 0x6d, 0x3a, 0x6c, 0x3a, 0x6d, 0x3a,
    0x6d, 0x3a, 0x4c, 0x3a, 0x6d, 0x32, 0x4c, 0x3a, 0x4d, 0x3a, 0x4c, 0x32,
    0x2c, 0x3a, 0x2c, 0x32, 0x2c, 0x32, 0x0c, 0x32, 0x0b, 0x32, 0xeb, 0x31,
    0xeb, 0x29, 0xeb, 0x29, 0xcb, 0x31, 0xeb, 0x31, 0xeb, 0x29, 0xeb, 0x29,
    0xeb, 0x31, 0xcb, 0x29, 0xcb, 0x29, 0xcb, 0x29, 0xcb, 0x29, 0xcb, 0x29,
    0x68, 0x29, 0x68, 0x29, 0x68, 0x29, 0x68, 0x29, 0x68, 0x21, 0x68, 0x29,
    0x68, 0x29, 0x88, 0x29, 0x68, 0x29, 0x68, 0x21, 0x68, 0x21, 0x88, 0x29,
    0x88, 0x29, 0x68, 0x21, 0x88, 0x29, 0x88, 0x29, 0x88, 0x21, 0x88, 0x29,
    0x88, 0x29, 0x69, 0x29, 0x88, 0x29, 0x88, 0x29, 0x88, 0x29, 0x68, 0x29,
    0x88, 0x29, 0x88, 0x29, 0x88, 0x29, 0x88, 0x29, 0x88, 0x31, 0xa9, 0x29,
    0xa8, 0x31, 0x88, 0x29, 0xa9, 0x29, 0x88, 0x31, 0xa8, 0x29, 0xa9, 0x29,
    0x88, 0x31, 0xa8, 0x29, 0xa9, 0x31, 0xa8, 0x29, 0xa8, 0x31, 0xa9, 0x31,
    0xa9, 0x29, 0xa8, 0x31, 0xa8, 0x31, 0xa8, 0x29, 0xa8, 0x31, 0xa9, 0x31,
    0xa8, 0x31, 0xa8, 0x29, 0xa9, 0x31, 0xa9, 0x31, 0xa9, 0x29, 0xc8, 0x31,
    0xc9, 0x31, 0xc9, 0x31, 0xc9, 0x31, 0xc9, 0x31, 0xc9, 0x31, 0xc9, 0x31,
    0xca, 0x39, 0xe9, 0x31, 0xea, 0x39, 0xea, 0x31, 0xe9, 0x39, 0xe9, 0x31,
    0xea, 0x31, 0xea, 0x39, 0xe9, 0x31, 0xe9, 0x39, 0xea, 0x39, 0xea, 0x39,
    0x09, 0x3a, 0x09, 0x42, 0x0a, 0x42, 0x0a, 0x42, 0x0a, 0x42, 0x0a, 0x42,
    0x2a, 0x42, 0x2a, 0x4a, 0x2a, 0x42, 0x2a, 0x42, 0x2a, 0x4a, 0x4a, 0x52,
    0x4a, 0x52, 0x4a, 0x52, 0x6a, 0x52, 0x6a, 0x5a, 0x8a, 0x62, 0xab, 0x6a,
    0xca, 0x72, 0xca, 0x7a, 0xeb, 0x82, 0xea, 0x82, 0xea, 0x82, 0xeb, 0x82,
    0xea, 0x82, 0x0a, 0x83, 0xea, 0x82, 0x0a, 0x83, 0x0b, 0x8b, 0x0b, 0x8b,
    0x2b, 0x8b, 0x0a, 0x8b, 0x2a, 0x8b, 0x0b, 0x8b, 0x2b, 0x8b, 0x2a, 0x8b,
    0x2b, 0x8b, 0x0a, 0x8b, 0x2a, 0x8b, 0x2b, 0x8b, 0x0a, 0x8b, 0x2a, 0x8b,
    0x2b, 0x8b, 0x2b, 0x93, 0x2b, 0x93, 0x4a, 0x93, 0x2b, 0x93, 0x2b, 0x93,
    0x2a, 0x8b, 0x2b, 0x93, 0x2b, 0x93, 0x2a, 0x8b, 0x2b, 0x93, 0x2b, 0x93,
    0x2b, 0x93, 0x2a, 0x93, 0x2a, 0x93, 0x2b, 0x93, 0x2a, 0x93, 0x2b, 0x93,
    0x2b, 0x93, 0x2a, 0x93, 0x2b, 0x93, 0x2b, 0x93, 0x2b, 0x8b, 0x2b, 0x8b,
    0x2b, 0x8b, 0x0b, 0x83, 0x0c, 0x73, 0x0c, 0x6b, 0x0c, 0x6b, 0xed, 0x62,
    0xec, 0x62, 0xec, 0x62, 0xed, 0x5a, 0x0c, 0x63, 0xec, 0x62, 0xec, 0x5a,
    0x0d, 0x5b, 0xec, 0x5a, 0x0d, 0x5b, 0x0d, 0x53, 0x0d, 0x53, 0x0d, 0x53,
    0x0d, 0x53, 0x0d, 0x53, 0x0d, 0x53, 0xed, 0x52, 0x0d, 0x53, 0x0d, 0x53,
    0x0d, 0x53, 0x0d, 0x53, 0x0d, 0x53, 0x0d, 0x53, 0xed, 0x52, 0x0d, 0x4b,
    0x0d, 0x53, 0x0d, 0x53, 0xed, 0x52, 0x0d, 0x5b, 0x0d, 0x5b, 0x0d, 0x5b,
    0x0d, 0x5b, 0x0d, 0x5b, 0x0d, 0x5b, 0x0d, 0x5b, 0xed, 0x52, 0x0d, 0x5b,
    0x0d, 0x5b, 0x0d, 0x53, 0x0d, 0x5b, 0x0d, 0x5b, 0x0d, 0x53, 0x0d, 0x5b,
    0x0d, 0x5b, 0x0d, 0x53, 0x0d, 0x5b, 0x0d, 0x53, 0x0d, 0x53, 0x0d, 0x5b,
    0x0d, 0x53, 0x0d, 0x5b, 0x0d, 0x53, 0x0d, 0x53, 0x0d, 0x53, 0x0d, 0x53,
    0x0d, 0x53, 0x0d, 0x53, 0x0d, 0x53, 0x0d, 0x53, 0x0d, 0x53, 0x0d, 0x53,
    0x0d, 0x5b, 0x0d, 0x5b, 0x0d, 0x5b, 0x0d, 0x5b, 0x0d, 0x63, 0x0d, 0x63,
    0x0c, 0x63, 0x0d, 0x63, 0x2c, 0x63, 0x0d, 0x63, 0x0d, 0x63, 0x0d, 0x63,
    0x2c, 0x6b, 0x0d, 0x6b, 0x2d, 0x6b, 0x2d, 0x6b, 0x0d, 0x6b, 0x0d, 0x6b,
    0x0d, 0x6b, 0x2d, 0x6b, 0x0d, 0x63, 0x0d, 0x5b, 0x0d, 0x5b, 0x0d, 0x5b,
    0x0d, 0x5b, 0x0d, 0x5b, 0xed, 0x5a, 0xed, 0x52, 0xed, 0x52, 0xed, 0x52,
    0xed, 0x52, 0xed, 0x4a, 0xed, 0x4a, 0xcd, 0x4a, 0xcd, 0x4a, 0xcd, 0x4a,
    0xcd, 0x4a, 0xcd, 0x4a, 0xad, 0x42, 0xcd, 0x42, 0xad, 0x42, 0xad, 0x42,
    0xcd, 0x42, 0xad, 0x42, 0xad, 0x42, 0xad, 0x42, 0xad, 0x42, 0xad, 0x42,
    0x8d, 0x42, 0x8d, 0x3a, 0x8d, 0x42, 0x8d, 0x42, 0x8d, 0x3a, 0x8d, 0x42,
    0x8d, 0x42, 0x8d, 0x42, 0xad, 0x3a, 0xad, 0x42, 0x8d, 0x42, 0x8d, 0x3a,
    0x8d, 0x3a, 0x8d, 0x42, 0xad, 0x42, 0xad, 0x3a, 0x8e, 0x42, 0xad, 0x3a,
    0x8d, 0x3a, 0x8d, 0x42, 0x8d, 0x3a, 0x8d, 0x3a, 0x8d, 0x3a, 0x8d, 0x42,
    0x8d, 0x3a, 0x8d, 0x3a, 0x8d, 0x3a, 0x8d, 0x3a, 0x6d, 0x3a, 0x6d, 0x3a,
    0x6d, 0x3a, 0x6d, 0x3a, 0x6c, 0x3a, 0x6c, 0x42, 0x8d, 0x4a, 0xad, 0x4a,
    0xad, 0x52, 0xad, 0x52, 0xad, 0x52, 0xad, 0x52, 0xac, 0x52, 0x8d, 0x4a,
    0x8d, 0x42, 0x6c, 0x3a, 0x6d, 0x3a, 0x4c, 0x3a, 0x4d, 0x32, 0x4d, 0x3a,
    0x4c, 0x3a, 0x4d, 0x32, 0x4c, 0x3a, 0x2c, 0x32, 0x2c, 0x32, 0x2c, 0x32,
    0x0c, 0x32, 0x0b, 0x32, 0xeb, 0x31, 0xeb, 0x31, 0xeb, 0x29, 0xcb, 0x31,
    0xeb, 0x31, 0xcb, 0x29, 0xeb, 0x31, 0xcb, 0x31, 0xcb, 0x29, 0xca, 0x29,
    0xca, 0x29, 0xcb, 0x29, 0x68, 0x21, 0x68, 0x21, 0x68, 0x29, 0x88, 0x29,
    0x88, 0x29, 0x68, 0x29, 0x68, 0x29, 0x68, 0x21, 0x68, 0x21, 0x68, 0x29,
    0x68, 0x29, 0x88, 0x29, 0x88, 0x29, 0x68, 0x29, 0x68, 0x29, 0x88, 0x29,
    0x88, 0x29, 0x88, 0x29, 0x88, 0x29, 0x68, 0x29, 0x88, 0x29, 0x88, 0x29,
    0x89, 0x29, 0x88, 0x29, 0x88, 0x31, 0x88, 0x29, 0x88, 0x29, 0x88, 0x29,
    0x88, 0x31, 0xa8, 0x29, 0x89, 0x29, 0x88, 0x29, 0x89, 0x31, 0xa8, 0x29,
    0x88, 0x31, 0xa8, 0x29, 0xa8, 0x29, 0x89, 0x31, 0x88, 0x29, 0xa9, 0x29,
    0x88, 0x31, 0xa8, 0x29, 0xa8, 0x29, 0x88, 0x31, 0xa8, 0x29, 0xa9, 0x31,
    0xa8, 0x31, 0xa9, 0x29, 0xa9, 0x31, 0xa8, 0x31, 0xa9, 0x31, 0xc9, 0x31,
    0xa8, 0x31, 0xa9, 0x31, 0xc9, 0x31, 0xc9, 0x31, 0xc9, 0x31, 0xc9, 0x31,
    0xca, 0x31, 0xc9, 0x31, 0xc9, 0x31, 0xca, 0x39, 0xc9, 0x31, 0xc9, 0x31,
    0xc9, 0x39, 0xc9, 0x39, 0xca, 0x31, 0xe9, 0x39, 0xe9, 0x39, 0xe9, 0x39,
    0xea, 0x39, 0x09, 0x3a, 0xea, 0x41, 0x09, 0x3a, 0x09, 0x42, 0x09, 0x42,
    0x0a, 0x42, 0x09, 0x42, 0x09, 0x42, 0x0a, 0x4a, 0x0a, 0x4a, 0x2a, 0x4a,
    0x2a, 0x4a, 0x4a, 0x4a, 0x4a, 0x52, 0x4a, 0x52, 0x6a, 0x5a, 0x8a, 0x62,
    0xaa, 0x6a, 0xca, 0x72, 0xcb, 0x72, 0xea, 0x7a, 0xeb, 0x82, 0xeb, 0x82,
    0x0a, 0x83, 0xea, 0x82, 0x0b, 0x83, 0xea, 0x82, 0x0a, 0x83, 0x0b, 0x8b,
    0x0a, 0x8b, 0x0a, 0x8b, 0x0a, 0x8b, 0x0b, 0x8b, 0x0a, 0x8b, 0x0b, 0x8b,
    0x0a, 0x8b, 0x0b, 0x93, 0x0b, 0x8b, 0x0b, 0x8b, 0x0a, 0x8b, 0x0b, 0x8b,
    0x0a, 0x8b, 0x0b, 0x8b, 0x0a, 0x8b, 0x2a, 0x8b, 0x2a, 0x93, 0x2b, 0x93,
    0x2a, 0x93, 0x4b, 0x93, 0x2a, 0x93, 0x2a, 0x93, 0x2b, 0x8b, 0x2b, 0x93,
    0x2b, 0x8b, 0x2b, 0x93, 0x2b, 0x8b, 0x0b, 0x83, 0x2b, 0x8b, 0x2b, 0x93,
    0x2a, 0x93, 0x2a, 0x93, 0x2b, 0x93, 0x2a, 0x8b, 0x2a, 0x8b, 0x2b, 0x93,
    0x2a, 0x8b, 0x2a, 0x8b, 0x2a, 0x8b, 0x2b, 0x8b, 0x2b, 0x8b, 0x0b, 0x83,
    0x0b, 0x7b, 0x0c, 0x73, 0x0c, 0x73, 0xec, 0x6a, 0xec, 0x62, 0x0d, 0x63,
    0xed, 0x62, 0x0d, 0x63, 0xec, 0x62, 0xed, 0x62, 0x0c, 0x63, 0x0c, 0x63,
    0x0d, 0x5b, 0x0d, 0x5b, 0xed, 0x52, 0x0d, 0x53, 0x0d, 0x53, 0x0d, 0x53,
    0x0d, 0x53, 0xed, 0x52, 0x0d, 0x53, 0x0d, 0x53, 0xed, 0x52, 0x0d, 0x53,
    0x0d, 0x53, 0x0d, 0x53, 0x0d, 0x53, 0x0d, 0x53, 0x0d, 0x4b, 0x0d, 0x53,
    0xed, 0x52, 0x0d, 0x5b, 0xed, 0x5a, 0x0d, 0x5b, 0x0d, 0x5b, 0x0d, 0x5b,
    0x0d, 0x5b, 0x0d, 0x5b, 0x0d, 0x53, 0x0d, 0x53, 0x0d, 0x5b, 0x0d, 0x5b,
    0x0d, 0x53, 0x0d, 0x5b, 0x0d, 0x5b, 0x0d, 0x53, 0x0d, 0x5b, 0x0d, 0x5b,
    0x0d, 0x53, 0x0d, 0x5b, 0x0d, 0x5b, 0x0d, 0x53, 0x0d, 0x5b, 0x0d, 0x53,
    0x0d, 0x53, 0x0d, 0x53, 0x0d, 0x53, 0x0d, 0x53, 0x0d, 0x53, 0x0d, 0x4b,
    0x0d, 0x53, 0x0d, 0x53, 0x0d, 0x4b, 0x0d, 0x4b, 0x0d, 0x53, 0x0d, 0x53,
    0x0d, 0x53, 0x0d, 0x53, 0x0d, 0x53, 0x0d, 0x5b, 0x0d, 0x5b, 0x0d, 0x63,
    0x0d, 0x63, 0x0c, 0x63, 0x0d, 0x63, 0x0c, 0x63, 0x0d, 0x63, 0x0c, 0x6b,
    0x0d, 0x6b, 0x0d, 0x63, 0x0c, 0x63, 0x0d, 0x63, 0xed, 0x5a, 0x0d, 0x53,
    0xed, 0x52, 0xed, 0x52, 0xee, 0x52, 0xed, 0x4a, 0xed, 0x4a, 0xed, 0x4a,
    0xee, 0x4a, 0xed, 0x4a, 0xcd, 0x4a, 0xed, 0x4a, 0xce, 0x4a, 0xcd, 0x4a,
    0xcd, 0x4a, 0xcd, 0x42, 0xcd, 0x42, 0xad, 0x42, 0xad, 0x42, 0xad, 0x42,
    0xad, 0x42, 0xcd, 0x42, 0xcd, 0x42, 0xcd, 0x42, 0xad, 0x42, 0xad, 0x42,
    0xad, 0x3a, 0xad, 0x42, 0x8d, 0x3a, 0x8d, 0x42, 0xad, 0x3a, 0x8d, 0x3a,
    0x8d, 0x42, 0x8d, 0x3a, 0x8d, 0x3a, 0x8d, 0x42, 0xae, 0x3a, 0x8d, 0x3a,
    0x8d, 0x42, 0x8d, 0x42, 0x8d, 0x3a, 0xad, 0x42, 0x8d, 0x3a, 0xad, 0x42,
    0xad, 0x42, 0x8d, 0x3a, 0x8d, 0x3a, 0x8d, 0x3a, 0x8d, 0x42, 0x8d, 0x3a,
    0x8d, 0x3a, 0x8d, 0x3a, 0x8d, 0x3a, 0x8d, 0x3a, 0x8d, 0x3a, 0x6d, 0x3a,
    0x6d, 0x3a, 0x6d, 0x3a, 0x6d, 0x3a, 0x8c, 0x4a, 0xad, 0x52, 0xcd, 0x52,
    0xad, 0x52, 0xcd, 0x52, 0xad, 0x52, 0xad, 0x52, 0xad, 0x52, 0xad, 0x52,
    0xad, 0x52, 0xad, 0x52, 0xac, 0x52, 0x6c, 0x42, 0x2c, 0x3a, 0x4c, 0x3a,
    0x4c, 0x32, 0x4c, 0x32, 0x4c, 0x3a, 0x4d, 0x32, 0x2d, 0x3a, 0x2c, 0x32,
    0x2c, 0x32, 0x2c, 0x32, 0x0c, 0x32, 0x0c, 0x32, 0xeb, 0x31, 0xeb, 0x31,
    0xeb, 0x29, 0xeb, 0x29, 0xeb, 0x31, 0xeb, 0x29, 0xeb, 0x29, 0xeb, 0x31,
    0xcb, 0x29, 0xca, 0x29, 0xaa, 0x29, 0xaa, 0x29, 0x88, 0x29, 0x88, 0x29,
    0x68, 0x29, 0x88, 0x29, 0x88, 0x29, 0x68, 0x21, 0x68, 0x29, 0x68, 0x29,
    0x68, 0x21, 0x68, 0x29, 0x88, 0x29, 0x68, 0x29, 0x68, 0x29, 0x88, 0x29,
    0x68, 0x29, 0x88, 0x29, 0x68, 0x29, 0x89, 0x29, 0x88, 0x29, 0x88, 0x29,
    0x68, 0x29, 0x89, 0x29, 0x88, 0x29, 0x88, 0x29, 0x88, 0x29, 0x88, 0x29,
    0x88, 0x29, 0x88, 0x29, 0x88, 0x29, 0x88, 0x29, 0xa8, 0x31, 0xa8, 0x29,
    0x89, 0x29, 0xa8, 0x31, 0x88, 0x29, 0x89, 0x31, 0xa8, 0x29, 0x88, 0x31,
    0xa8, 0x31, 0x89, 0x29, 0x88, 0x31, 0xa9, 0x31, 0xa9, 0x29, 0xa8, 0x29,
    0x89, 0x31, 0xa8, 0x31, 0xa8, 0x29, 0xa9, 0x31, 0xa8, 0x31, 0xa8, 0x29,
    0xa9, 0x31, 0xc9, 0x31, 0xc9, 0x31, 0xc9, 0x31, 0xc9, 0x31, 0xc9, 0x31,
    0xc9, 0x31, 0xc9, 0x31, 0xc9, 0x31, 0xc9, 0x31, 0xc9, 0x31, 0xc9, 0x31,
    0xc9, 0x31, 0xc9, 0x31, 0xe9, 0x39, 0xe9, 0x31, 0xea, 0x39, 0xe9, 0x31,
    0xe9, 0x39, 0xea, 0x39, 0xe9, 0x39, 0x09, 0x42, 0xe9, 0x39, 0xea, 0x39,
    0x09, 0x42, 0x09, 0x42, 0x0a, 0x42, 0x0a, 0x42, 0x09, 0x42, 0x0a, 0x42,
    0x2a, 0x42, 0x2a, 0x4a, 0x2a, 0x52, 0x4a, 0x52, 0x4a, 0x52, 0x4a, 0x5a,
    0x6a, 0x5a, 0x8a, 0x62, 0xaa, 0x6a, 0xca, 0x72, 0xcb, 0x7a, 0xea, 0x7a,
    0xea, 0x7a, 0xea, 0x7a, 0xea, 0x82, 0xea, 0x82, 0xea, 0x82, 0xeb, 0x82,
    0xea, 0x82, 0x0a, 0x83, 0x0b, 0x83, 0x0a, 0x83, 0x0b, 0x8b, 0x0b, 0x8b,
    0x0a, 0x8b, 0x0a, 0x8b, 0x2b, 0x8b, 0x2b, 0x8b, 0x0a, 0x8b, 0x0a, 0x8b,
    0x0b, 0x8b, 0x0a, 0x8b, 0x0b, 0x8b, 0x0b, 0x8b, 0x0b, 0x8b, 0x0b, 0x8b,
    0x2b, 0x8b, 0x0b, 0x8b, 0x2a, 0x8b, 0x2b, 0x8b, 0x2b, 0x8b, 0x2a, 0x8b,
    0x2a, 0x93, 0x2b, 0x93, 0x2a, 0x8b, 0x2a, 0x8b, 0x0b, 0x83, 0x0b, 0x83,
    0x0b, 0x83, 0x0b, 0x83, 0x0b, 0x83, 0x2b, 0x8b, 0x0b, 0x83, 0x0b, 0x83,
    0x0b, 0x83, 0xeb, 0x82, 0x0b, 0x83, 0x0b, 0x83, 0x0b, 0x8b, 0x0a, 0x8b,
    0x0b, 0x8b, 0x2b, 0x8b, 0x2b, 0x8b, 0x2b, 0x8b, 0x2b, 0x8b, 0x2b, 0x8b,
    0x2b, 0x83, 0x2c, 0x7b, 0x2c, 0x73, 0x0c, 0x73, 0xec, 0x6a, 0x0c, 0x6b,
    0x0c, 0x63, 0x0d, 0x63, 0xec, 0x62, 0x0c, 0x63, 0x0d, 0x5b, 0xed, 0x5a,
    0x0d, 0x5b, 0x0d, 0x53, 0xed, 0x52, 0x0d, 0x53, 0x0d, 0x53, 0xed, 0x52,
    0x0d, 0x53, 0x0d, 0x53, 0xed, 0x52, 0x0d, 0x53, 0xed, 0x52, 0xed, 0x52,
    0x0d, 0x53, 0x0d, 0x53, 0x0d, 0x53, 0x0d, 0x53, 0x0d, 0x4b, 0xed, 0x52,
    0x0d, 0x53, 0x0d, 0x53, 0x0d, 0x53, 0x0d, 0x53, 0x0d, 0x53, 0x0d, 0x5b,
    0x0d, 0x5b, 0x0d, 0x5b, 0x0d, 0x53, 0x0d, 0x53, 0x0d, 0x53, 0x0d, 0x53,
    0x0d, 0x5b, 0x0d, 0x53, 0x0d, 0x53, 0x0d, 0x53, 0x0d, 0x53, 0x0d, 0x53,
    0x0d, 0x53, 0x0d, 0x53, 0x0d, 0x53, 0x0d, 0x53, 0x0d, 0x53, 0x0d, 0x4b,
    0xed, 0x4a, 0xed, 0x52, 0x0d, 0x4b, 0x0d, 0x4b, 0x0d, 0x4b, 0x0d, 0x4b,
    0x0d, 0x4b, 0x0d, 0x4b, 0x0d, 0x4b, 0x0d, 0x4b, 0x0d, 0x4b, 0x0d, 0x4b,
    0xed, 0x4a, 0x0d, 0x4b, 0x0d, 0x53, 0x0d, 0x53, 0x0d, 0x53, 0x0d, 0x5b,
    0x0d, 0x5b, 0x0d, 0x53, 0x0d, 0x53, 0x0d, 0x53, 0xed, 0x52, 0xed, 0x4a,
    0xed, 0x4a, 0xed, 0x4a, 0xed, 0x4a, 0xee, 0x4a, 0xed, 0x4a, 0xed, 0x4a,
    0xed, 0x4a, 0xed, 0x4a, 0xed, 0x4a, 0xed, 0x4a, 0xcd, 0x4a, 0xcd, 0x4a,
    0xcd, 0x4a, 0xcd, 0x4a, 0xcd, 0x42, 0xad, 0x42, 0xad, 0x42, 0xcd, 0x42,
    0xcd, 0x42, 0xcd, 0x42, 0xcd, 0x42, 0xcd, 0x42, 0xcd, 0x42, 0xad, 0x42,
    0xad, 0x42, 0xad, 0x3a, 0xad, 0x42, 0xad, 0x3a, 0xad, 0x42, 0xad, 0x42,
    0x8d, 0x3a, 0x8d, 0x42, 0x8d, 0x3a, 0x8d, 0x3a, 0x8d, 0x42, 0xad, 0x3a,
    0x8d, 0x42, 0xad, 0x3a, 0xad, 0x3a, 0xae, 0x42, 0x8d, 0x3a, 0xad, 0x3a,
    0x8d, 0x42, 0x8e, 0x3a, 0xad, 0x3a, 0x8d, 0x42, 0x8d, 0x3a, 0x8d, 0x3a,
    0x8d, 0x3a, 0x8d, 0x3a, 0x8d, 0x3a, 0x6d, 0x3a, 0x8e, 0x3a, 0x8d, 0x3a,
    0x6d, 0x3a, 0x8d, 0x42, 0x8d, 0x42, 0xad, 0x4a, 0xcd, 0x52, 0xcd, 0x52,
    0xcd, 0x5a, 0xcd, 0x5a, 0xcd, 0x5a, 0xcd, 0x5a, 0xcd, 0x52, 0xcd, 0x52,
    0xcc, 0x52, 0xad, 0x52, 0xad, 0x52, 0xad, 0x52, 0x8d, 0x4a, 0x0c, 0x3a,
    0x0c, 0x32, 0x0c, 0x32, 0x0c, 0x32, 0x2c, 0x32, 0x2c, 0x32, 0x0c, 0x32,
    0x0c, 0x32, 0x2c, 0x32, 0x2c, 0x32, 0x0c, 0x32, 0x0c, 0x32, 0x0c, 0x32,
    0x0b, 0x32, 0xeb, 0x31, 0xeb, 0x31, 0xeb, 0x29, 0xeb, 0x31, 0xcb, 0x31,
    0xeb, 0x31, 0xcb, 0x29, 0xcb, 0x29, 0xca, 0x29, 0xca, 0x29, 0xaa, 0x29,
    0x68, 0x29, 0x68, 0x29, 0x88, 0x29, 0x68, 0x29, 0x68, 0x29, 0x88, 0x29,
    0x68, 0x29, 0x68, 0x29, 0x68, 0x29, 0x68, 0x29, 0x88, 0x29, 0x88, 0x21,
    0x68, 0x29, 0x88, 0x29, 0x88, 0x29, 0x88, 0x29, 0x88, 0x29, 0x68, 0x29,
    0x68, 0x29, 0x68, 0x29, 0x88, 0x29, 0x88, 0x29, 0x88, 0x29, 0x88, 0x29,
    0x88, 0x29, 0x88, 0x29, 0x88, 0x29, 0x88, 0x31, 0x88, 0x29, 0x88, 0x29,
    0xa9, 0x31, 0x88, 0x29, 0xa8, 0x29, 0x88, 0x31, 0xa8, 0x29, 0x89, 0x29,
    0xa8, 0x29, 0xa8, 0x29, 0x88, 0x31, 0xa8, 0x29, 0xa8, 0x29, 0x88, 0x31,
    0xa9, 0x31, 0xa8, 0x29, 0xa8, 0x29, 0x89, 0x31, 0xa8, 0x29, 0xa9, 0x31,
    0xa9, 0x31, 0xa8, 0x29, 0xa9, 0x31, 0xc9, 0x31, 0xc9, 0x31, 0xc9, 0x31,
    0xc9, 0x31, 0xca, 0x31, 0xc9, 0x31, 0xc9, 0x31, 0xc9, 0x39, 0xc9, 0x31,
    0xc9, 0x39, 0xc9, 0x31, 0xe9, 0x31, 0xc9, 0x39, 0xc9, 0x31, 0xea, 0x31,
    0xe9, 0x39, 0xe9, 0x39, 0xe9, 0x39, 0xe9, 0x39, 0xe9, 0x39, 0x09, 0x42,
    0x0a, 0x42, 0xea, 0x39, 0x09, 0x42, 0x09, 0x42, 0x09, 0x42, 0x0a, 0x42,
    0x0a, 0x42, 0x09, 0x42, 0x29, 0x4a, 0x29, 0x4a, 0x2a, 0x52, 0x49, 0x52,
    0x49, 0x52, 0x4a, 0x5a, 0x8a, 0x62, 0x8a, 0x6a, 0xaa, 0x6a, 0xca, 0x72,
    0xca, 0x7a, 0xca, 0x7a, 0xea, 0x7a, 0xeb, 0x7a, 0xeb, 0x7a, 0xea, 0x82,
    0xeb, 0x82, 0xea, 0x82, 0xeb, 0x82, 0xeb, 0x82, 0xea, 0x82, 0x0b, 0x83,
    0x0a, 0x83, 0x0b, 0x83, 0x0a, 0x83, 0x0a, 0x8b, 0x0a, 0x8b, 0x0b, 0x8b,
    0x0a, 0x8b, 0x0a, 0x83, 0x0b, 0x83, 0x0b, 0x83, 0x0a, 0x83, 0x0a, 0x83,
    0xeb, 0x82, 0x0b, 0x83, 0x0a, 0x83, 0x0a, 0x83, 0x0b, 0x8b, 0x0b, 0x8b,
    0x0b, 0x8b, 0x0b, 0x8b, 0x2b, 0x8b, 0x2a, 0x8b, 0x0b, 0x8b, 0x0b, 0x8b,
    0x0a, 0x83, 0xea, 0x7a, 0xeb, 0x7a, 0xea, 0x7a, 0x0b, 0x83, 0xeb, 0x7a,
    0xea, 0x7a, 0xea, 0x82, 0xeb, 0x7a, 0xea, 0x82, 0xeb, 0x82, 0xeb, 0x82,
    0xeb, 0x7a, 0xeb, 0x82, 0x0b, 0x7b, 0x0b, 0x83, 0x0b, 0x83, 0x0b, 0x83,
    0x0b, 0x83, 0x0b, 0x83, 0x0b, 0x83, 0x2b, 0x8b, 0x0b, 0x83, 0x0b, 0x7b,
    0x0b, 0x7b, 0x0b, 0x7b, 0xeb, 0x7a, 0xeb, 0x72, 0xec, 0x72, 0xec, 0x6a,
    0x0c, 0x6b, 0x0c, 0x63, 0x0d, 0x5b, 0xed, 0x5a, 0x0d, 0x5b, 0x0d, 0x5b,
    0x0d, 0x53, 0x0d, 0x53, 0x0d, 0x53, 0x0d, 0x53, 0x0d, 0x53, 0x0d, 0x53,
    0x0d, 0x53, 0x0d, 0x53, 0x0d, 0x53, 0xed, 0x52, 0x0d, 0x53, 0x0d, 0x53,
    0x0d, 0x53, 0x0d, 0x53, 0x0d, 0x53, 0x0d, 0x53, 0x0d, 0x53, 0x0d, 0x53,
    0x0d, 0x5b, 0x0d, 0x53, 0x0d, 0x53, 0x0d, 0x5b, 0x0d, 0x5b, 0x0d, 0x53,
    0x0d, 0x5b, 0x0d, 0x53, 0x0d, 0x53, 0x0d, 0x53, 0x0d, 0x53, 0x0d, 0x53,
    0xed, 0x52, 0x0d, 0x53, 0xed, 0x4a, 0x0d, 0x4b, 0x0d, 0x4b, 0x0d, 0x53,
    0xed, 0x4a, 0x0d, 0x4b, 0x0d, 0x53, 0x0d, 0x53, 0x0d, 0x4b, 0xed, 0x4a,
    0x0d, 0x53, 0xed, 0x4a, 0xed, 0x4a, 0xed, 0x4a, 0xed, 0x4a, 0xed, 0x4a,
    0x0d, 0x4b, 0xed, 0x4a, 0xed, 0x4a, 0x0d, 0x4b, 0xed, 0x4a, 0xed, 0x4a,
    0xed, 0x4a, 0xed, 0x4a, 0xed, 0x52, 0xed, 0x4a, 0xed, 0x4a, 0xed, 0x4a,
    0xed, 0x4a, 0x0d, 0x4b, 0xed, 0x4a, 0xed, 0x4a, 0xed, 0x4a, 0xed, 0x4a,
    0xed, 0x42, 0xed, 0x4a, 0xee, 0x4a, 0xed, 0x42, 0xed, 0x4a, 0xcd, 0x4a,
    0xee, 0x42, 0xcd, 0x4a, 0xcd, 0x42, 0xcd, 0x42, 0xce, 0x42, 0xcd, 0x42,
    0xcd, 0x42, 0xcd, 0x42, 0xcd, 0x42, 0xcd, 0x42, 0xcd, 0x42, 0xcd, 0x42,
    0xcd, 0x42, 0xad, 0x42, 0xcd, 0x42, 0xad, 0x42, 0xad, 0x42, 0xad, 0x3a,
    0x8d, 0x42, 0x8d, 0x3a, 0xad, 0x42, 0x8d, 0x42, 0x8d, 0x3a, 0x8d, 0x42,
    0x8d, 0x42, 0xad, 0x3a, 0x8d, 0x42, 0xad, 0x42, 0xad, 0x3a, 0x8d, 0x3a,
    0xad, 0x42, 0x8d, 0x42, 0xad, 0x3a, 0xad, 0x42, 0x8d, 0x3a, 0x8d, 0x3a,
    0x8d, 0x42, 0x8d, 0x3a, 0x6d, 0x3a, 0x6d, 0x3a, 0x6d, 0x3a, 0x8d, 0x3a,
    0x6d, 0x3a, 0x6d, 0x3a, 0x8d, 0x3a, 0x6d, 0x3a, 0xad, 0x4a, 0xad, 0x52,
    0xad, 0x52, 0xad, 0x52, 0xcd, 0x52, 0xad, 0x52, 0xcd, 0x52, 0xcd, 0x5a,
    0xcd, 0x5a, 0xad, 0x52, 0xac, 0x52, 0xad, 0x52, 0xac, 0x52, 0xac, 0x52,
    0x4c, 0x3a, 0xec, 0x31, 0xec, 0x31, 0x0c, 0x32, 0x0c, 0x32, 0x0c, 0x32,
    0x0c, 0x32, 0x0c, 0x32, 0x0c, 0x32, 0x0c, 0x32, 0x0c, 0x32, 0x0c, 0x32,
    0x0c, 0x32, 0x0c, 0x32, 0xeb, 0x31, 0xec, 0x31, 0xeb, 0x29, 0xeb, 0x29,
    0xeb, 0x31, 0xeb, 0x29, 0xcb, 0x29, 0xeb, 0x31, 0xcb, 0x31, 0xca, 0x29,
    0xca, 0x29, 0xaa, 0x29, 0x88, 0x29, 0x88, 0x29, 0x68, 0x29, 0x88, 0x29,
    0x68, 0x29, 0x88, 0x29, 0x88, 0x29, 0x68, 0x29, 0x68, 0x29, 0x68, 0x29,
    0x88, 0x21, 0x68, 0x29, 0x88, 0x29, 0x68, 0x29, 0x88, 0x21, 0x88, 0x29,
    0x68, 0x29, 0x88, 0x21, 0x68, 0x29, 0x88, 0x29, 0x68, 0x29, 0x68, 0x29,
    0x68, 0x29, 0x88, 0x29, 0x89, 0x29, 0x88, 0x29, 0x88, 0x29, 0x89, 0x31,
    0xa8, 0x29, 0x88, 0x29, 0x89, 0x31, 0xa9, 0x29, 0x88, 0x31, 0xa8, 0x29,
    0x88, 0x31, 0xa8, 0x29, 0x89, 0x31, 0x88, 0x29, 0xa9, 0x29, 0x88, 0x31,
    0x88, 0x29, 0xa8, 0x31, 0xa8, 0x31, 0x89, 0x29, 0xa8, 0x31, 0xa8, 0x29,
    0x88, 0x31, 0xa9, 0x31, 0xa8, 0x31, 0xa9, 0x31, 0xa9, 0x31, 0xa8, 0x31,
    0xa8, 0x31, 0xa9, 0x31, 0xa8, 0x31, 0xa9, 0x31, 0xa9, 0x31, 0xa9, 0x31,
    0xc9, 0x31, 0xc9, 0x31, 0xc9, 0x31, 0xc9, 0x39, 0xc9, 0x39, 0xc9, 0x31,
    0xc9, 0x31, 0xc9, 0x39, 0xe9, 0x39, 0xe9, 0x39, 0xe9, 0x39, 0xea, 0x39,
    0xe9, 0x41, 0xe9, 0x41, 0xe9, 0x41, 0x09, 0x3a, 0x0a, 0x42, 0x09, 0x42,
    0x0a, 0x42, 0x0a, 0x42, 0x0a, 0x42, 0x09, 0x4a, 0x2a, 0x4a, 0x29, 0x4a,
    0x29, 0x4a, 0x2a, 0x52, 0x4a, 0x52, 0x6a, 0x5a, 0x8a, 0x62, 0xaa, 0x6a,
    0xaa, 0x72, 0xaa, 0x72, 0xcb, 0x72, 0xca, 0x7a, 0xea, 0x7a, 0xeb, 0x7a,
    0xea, 0x7a, 0xea, 0x7a, 0xea, 0x7a, 0xeb, 0x7a, 0xea, 0x7a, 0xeb, 0x7a,
    0xea, 0x7a, 0xea, 0x7a, 0xea, 0x7a, 0xeb, 0x82, 0x0b, 0x83, 0x0b, 0x83,
    0x0a, 0x83, 0xeb, 0x82, 0x0b, 0x83, 0xea, 0x82, 0xeb, 0x82, 0xea, 0x82,
    0xea, 0x7a, 0xeb, 0x7a, 0xea, 0x7a, 0xea, 0x82, 0xeb, 0x82, 0xeb, 0x82,
    0x0a, 0x7b, 0xea, 0x82, 0xea, 0x82, 0xea, 0x82, 0xeb, 0x82, 0x0a, 0x83,
    0xea, 0x82, 0x0b, 0x83, 0xeb, 0x82, 0xea, 0x7a, 0xeb, 0x7a, 0xeb, 0x7a,
    0xea, 0x7a, 0xeb, 0x7a, 0xeb, 0x7a, 0xea, 0x82, 0xeb, 0x7a, 0xeb, 0x7a,
    0x0a, 0x83, 0x0b, 0x7b, 0xeb, 0x7a, 0x0a, 0x83, 0xea, 0x7a, 0xeb, 0x7a,
    0xea, 0x82, 0xeb, 0x7a, 0xeb, 0x7a, 0xeb, 0x82, 0x0b, 0x7b, 0x0b, 0x83,
    0x0b, 0x83, 0x0b, 0x7b, 0xeb, 0x7a, 0xeb, 0x7a, 0x0b, 0x7b, 0x0b, 0x7b,
    0x0b, 0x7b, 0xeb, 0x7a, 0xeb, 0x7a, 0x0b, 0x7b, 0x0c, 0x73, 0x0c, 0x6b,
    0x0c, 0x5b, 0xed, 0x5a, 0x0d, 0x5b, 0xed, 0x5a, 0x0d, 0x5b, 0xed, 0x52,
    0x0d, 0x53, 0x0d, 0x53, 0xed, 0x52, 0x0d, 0x53, 0x0d, 0x53, 0xed, 0x52,
    0x0d, 0x53, 0xed, 0x52, 0xed, 0x52, 0x0d, 0x53, 0xed, 0x4a, 0x0d, 0x53,
    0xed, 0x52, 0x0d, 0x53, 0x0d, 0x5b, 0x0d, 0x5b, 0x0d, 0x53, 0x0d, 0x5b,
    0x0d, 0x53, 0x0d, 0x5b, 0xed, 0x5a, 0x0d, 0x5b, 0x0d, 0x53, 0xed, 0x52,
    0xed, 0x52, 0x0d, 0x53, 0xed, 0x52, 0xed, 0x52, 0x0d, 0x4b, 0x0d, 0x4b,
    0x0d, 0x53, 0xed, 0x4a, 0x0d, 0x4b, 0x0d, 0x53, 0x0d, 0x4b, 0x0d, 0x4b,
    0xed, 0x52, 0x0d, 0x4b, 0xed, 0x52, 0xed, 0x52, 0x0d, 0x4b, 0x0d, 0x4b,
    0xed, 0x4a, 0xed, 0x4a, 0xed, 0x4a, 0xed, 0x4a, 0x0d, 0x4b, 0x0d, 0x4b,
    0xed, 0x4a, 0xed, 0x4a, 0xed, 0x4a, 0xed, 0x4a, 0xed, 0x4a, 0xed, 0x4a,
    0xed, 0x4a, 0xed, 0x4a, 0xed, 0x4a, 0xed, 0x4a, 0xed, 0x4a, 0xed, 0x4a,
    0xed, 0x42, 0xed, 0x4a, 0xed, 0x42, 0xed, 0x4a, 0xed, 0x42, 0xed, 0x4a,
    0xed, 0x4a, 0xcd, 0x42, 0xcd, 0x42, 0xcd, 0x42, 0xcd, 0x42, 0xad, 0x42,
    0xcd, 0x42, 0xcd, 0x42, 0xce, 0x42, 0xcd, 0x42, 0xad, 0x42, 0xcd, 0x42,
    0xcd, 0x42, 0xad, 0x42, 0xad, 0x42, 0xcd, 0x42, 0xad, 0x42, 0xad, 0x42,
    0xad, 0x3a, 0xad, 0x42, 0xad, 0x42, 0x8d, 0x3a, 0x8d, 0x3a, 0xad, 0x42,
    0xad, 0x3a, 0x8d, 0x42, 0xad, 0x3a, 0xae, 0x3a, 0x8d, 0x42, 0x8d, 0x42,
    0x8e, 0x3a, 0x8d, 0x3a, 0x8d, 0x42, 0xad, 0x3a, 0x8d, 0x42, 0x8d, 0x42,
    0x8d, 0x3a, 0x8e, 0x3a, 0x6d, 0x3a, 0x8d, 0x3a, 0x8e, 0x3a, 0x6d, 0x3a,
    0x8d, 0x42, 0x8e, 0x3a, 0x6d, 0x3a, 0x8d, 0x42, 0x6d, 0x3a, 0x8d, 0x3a,
    0xad, 0x4a, 0xad, 0x52, 0xad, 0x52, 0xcc, 0x52, 0xad, 0x52, 0xad, 0x52,
    0xcd, 0x52, 0xcd, 0x5a, 0xcd, 0x52, 0xad, 0x52, 0xad, 0x52, 0xad, 0x52,
    0xad, 0x52, 0x6c, 0x42, 0x0c, 0x32, 0x0b, 0x32, 0xeb, 0x31, 0xec, 0x31,
    0x0c, 0x32, 0xec, 0x31, 0x0c, 0x32, 0x0b, 0x32, 0xeb, 0x31, 0xec, 0x31,
    0x0b, 0x32, 0x0b, 0x32, 0x0c, 0x32, 0xeb, 0x31, 0xec, 0x31, 0xec, 0x31,
    0xeb, 0x29, 0xeb, 0x31, 0xec, 0x31, 0xeb, 0x29, 0xcb, 0x29, 0xeb, 0x31,
    0xcb, 0x29, 0xcb, 0x29, 0xca, 0x29, 0xaa, 0x29, 0x68, 0x29, 0x88, 0x29,
    0x68, 0x29, 0x87, 0x21, 0x88, 0x21, 0x67, 0x29, 0x88, 0x21, 0x88, 0x29,
    0x87, 0x29, 0x88, 0x29, 0x88, 0x29, 0x67, 0x29, 0x68, 0x29, 0x88, 0x29,
    0x68, 0x29, 0x68, 0x29, 0x88, 0x29, 0x88, 0x29, 0x88, 0x29, 0x68, 0x29,
    0x88, 0x29, 0x88, 0x29, 0x68, 0x29, 0x68, 0x29, 0x88, 0x29, 0x88, 0x29,
    0x88, 0x29, 0x88, 0x29, 0x88, 0x29, 0x88, 0x29, 0x88, 0x29, 0x88, 0x29,
    0x88, 0x31, 0x88, 0x29, 0x88, 0x29, 0xa8, 0x31, 0x88, 0x29, 0xa8, 0x31,
    0xa8, 0x29, 0x89, 0x29, 0x88, 0x31, 0xa8, 0x29, 0x89, 0x31, 0xa8, 0x29,
    0xa9, 0x31, 0xa8, 0x29, 0xa9, 0x31, 0xa8, 0x29, 0xa8, 0x31, 0xa8, 0x31,
    0xa8, 0x31, 0xa8, 0x31, 0xa8, 0x31, 0xa8, 0x31, 0xa8, 0x31, 0xa8, 0x31,
    0xa8, 0x31, 0xa8, 0x31, 0xa8, 0x31, 0xa9, 0x31, 0xc9, 0x31, 0xc9, 0x31,
    0xc9, 0x31, 0xc9, 0x31, 0xc9, 0x39, 0xc9, 0x39, 0xe9, 0x39, 0xe9, 0x39,
    0xe9, 0x39, 0xe9, 0x39, 0xe9, 0x39, 0xe9, 0x41, 0xe9, 0x39, 0xe9, 0x41,
    0xe9, 0x41, 0x0a, 0x42, 0x09, 0x42, 0x09, 0x42, 0x09, 0x42, 0x29, 0x4a,
    0x2a, 0x4a, 0x2a, 0x52, 0x29, 0x52, 0x4a, 0x52, 0x6a, 0x5a, 0x8a, 0x62,
    0x8a, 0x6a, 0xaa, 0x6a, 0xca, 0x72, 0xca, 0x72, 0xcb, 0x7a, 0xea, 0x7a,
    0xea, 0x7a, 0xeb, 0x7a, 0xea, 0x7a, 0xca, 0x7a, 0xeb, 0x7a, 0xea, 0x7a,
    0xea, 0x7a, 0xca, 0x7a, 0xeb, 0x7a, 0xcb, 0x7a, 0xea, 0x7a, 0xeb, 0x7a,
    0xeb, 0x7a, 0xea, 0x82, 0xeb, 0x82, 0xeb, 0x7a, 0xea, 0x7a, 0xeb, 0x7a,
    0xeb, 0x7a, 0xeb, 0x7a, 0xeb, 0x7a, 0xeb, 0x7a, 0xeb, 0x7a, 0xea, 0x7a,
    0xeb, 0x7a, 0xeb, 0x7a, 0xea, 0x7a, 0xeb, 0x7a, 0xea, 0x7a, 0xeb, 0x7a,
    0xea, 0x7a, 0xeb, 0x7a, 0xea, 0x7a, 0xeb, 0x7a, 0xea, 0x7a, 0xeb, 0x7a,
    0xeb, 0x7a, 0xea, 0x7a, 0xeb, 0x7a, 0xeb, 0x7a, 0xea, 0x7a, 0xeb, 0x7a,
    0x0b, 0x7b, 0xeb, 0x7a, 0x0b, 0x83, 0x0a, 0x7b, 0xeb, 0x82, 0x0b, 0x83,
    0x0b, 0x7b, 0xeb, 0x82, 0x0b, 0x83, 0x0a, 0x7b, 0xeb, 0x7a, 0x0b, 0x83,
    0xea, 0x7a, 0xeb, 0x7a, 0x0b, 0x83, 0xeb, 0x82, 0x0b, 0x7b, 0xeb, 0x7a,
    0xeb, 0x7a, 0x0b, 0x7b, 0x0b, 0x7b, 0xeb, 0x7a, 0x0b, 0x7b, 0xeb, 0x7a,
    0xeb, 0x7a, 0xeb, 0x7a, 0xeb, 0x7a, 0xec, 0x6a, 0x0c, 0x63, 0x0d, 0x5b,
    0x0d, 0x5b, 0xec, 0x5a, 0x0d, 0x5b, 0x0d, 0x5b, 0xed, 0x52, 0x0d, 0x5b,
    0x0d, 0x53, 0x0d, 0x53, 0x0d, 0x53, 0x0d, 0x53, 0x0d, 0x53, 0x0d, 0x53,
    0x0d, 0x53, 0xed, 0x52, 0x0d, 0x53, 0x0d, 0x5b, 0x0d, 0x5b, 0x0d, 0x5b,
    0x0d, 0x5b, 0x0d, 0x5b, 0x0d, 0x5b, 0x0d, 0x5b, 0x0d, 0x5b, 0x0d, 0x5b,
    0x0d, 0x5b, 0x0d, 0x5b, 0x0d, 0x5b, 0x0d, 0x5b, 0x0d, 0x53, 0xed, 0x52,
    0xed, 0x4a, 0xed, 0x4a, 0x0d, 0x4b, 0xed, 0x4a, 0x0d, 0x53, 0xed, 0x4a,
    0xed, 0x4a, 0x0d, 0x4b, 0xed, 0x4a, 0x0d, 0x4b, 0x0d, 0x4b, 0x0d, 0x53,
    0x0d, 0x4b, 0x0d, 0x53, 0x0d, 0x53, 0x0d, 0x4b, 0x0d, 0x4b, 0x0d, 0x4b,
    0xed, 0x4a, 0x0d, 0x4b, 0xed, 0x4a, 0xed, 0x4a, 0x0d, 0x4b, 0x0d, 0x4b,
    0xed, 0x4a, 0x0d, 0x4b, 0x0d, 0x4b, 0xed, 0x4a, 0xed, 0x42, 0xed, 0x4a,
    0xed, 0x4a, 0xed, 0x42, 0xee, 0x4a, 0xed, 0x4a, 0xed, 0x4a, 0xed, 0x42,
    0xcd, 0x4a, 0xed, 0x4a, 0xee, 0x42, 0xcd, 0x4a, 0xed, 0x4a, 0xcd, 0x42,
    0xce, 0x42, 0xcd, 0x42, 0xcd, 0x42, 0xcd, 0x42, 0xcd, 0x42, 0xcd, 0x42,
    0xcd, 0x42, 0xcd, 0x42, 0xcd, 0x42, 0xcd, 0x42, 0xad, 0x42, 0xad, 0x42,
    0xad, 0x3a, 0xad, 0x42, 0xad, 0x3a, 0xad, 0x42, 0xad, 0x42, 0xad, 0x42,
    0xad, 0x42, 0xad, 0x3a, 0xad, 0x42, 0x8d, 0x3a, 0x8d, 0x42, 0xad, 0x3a,
    0xad, 0x3a, 0x8d, 0x42, 0x8d, 0x3a, 0x8d, 0x3a, 0x8e, 0x42, 0x8d, 0x3a,
    0xad, 0x3a, 0x8e, 0x3a, 0x8d, 0x3a, 0x6d, 0x3a, 0x6d, 0x3a, 0x8d, 0x3a,
    0x6d, 0x3a, 0x8d, 0x3a, 0x6d, 0x3a, 0x6d, 0x3a, 0x6d, 0x3a, 0x6d, 0x3a,
    0x8e, 0x3a, 0x6d, 0x3a, 0x6d, 0x3a, 0x8d, 0x42, 0xad, 0x4a, 0xad, 0x52,
    0xac, 0x52, 0xad, 0x52, 0xac, 0x52, 0xcd, 0x52, 0xcc, 0x5a, 0xad, 0x5a,
    0xcd, 0x52, 0xad, 0x52, 0x8c, 0x4a, 0x0c, 0x3a, 0xec, 0x31, 0xec, 0x31,
    0xeb, 0x31, 0x0c, 0x32, 0xec, 0x31, 0xec, 0x31, 0x0c, 0x32, 0xeb, 0x31,
    0xec, 0x31, 0x0c, 0x32, 0xec, 0x31, 0xec, 0x31, 0xeb, 0x29, 0xeb, 0x31,
    0xeb, 0x29, 0xec, 0x29, 0xeb, 0x31, 0xec, 0x31, 0xeb, 0x31, 0xcb, 0x29,
    0xcb, 0x29, 0xeb, 0x31, 0xcb, 0x29, 0xcb, 0x29, 0xca, 0x29, 0xaa, 0x29,
    0x88, 0x29, 0x87, 0x29, 0x87, 0x29, 0x88, 0x29, 0x87, 0x29, 0x67, 0x29,
    0x88, 0x29, 0x67, 0x21, 0x67, 0x29, 0x67, 0x29, 0x87, 0x21, 0x87, 0x29,
    0x68, 0x29, 0x87, 0x29, 0x87, 0x21, 0x88, 0x29, 0x87, 0x29, 0x67, 0x29,
    0x67, 0x29, 0x87, 0x29, 0x68, 0x29, 0x87, 0x29, 0x87, 0x29, 0x68, 0x29,
    0x88, 0x29, 0x87, 0x29, 0x88, 0x29, 0x87, 0x29, 0x88, 0x31, 0x88, 0x31,
    0x88, 0x29, 0x88, 0x29, 0x88, 0x29, 0x88, 0x29, 0x88, 0x31, 0x88, 0x29,
    0x88, 0x29, 0x88, 0x31, 0x88, 0x29, 0x88, 0x29, 0x88, 0x31, 0xa8, 0x29,
    0x88, 0x29, 0x88, 0x31, 0xa8, 0x29, 0xa8, 0x31, 0x88, 0x31, 0xa8, 0x31,
    0xa8, 0x29, 0xa8, 0x31, 0xa8, 0x31, 0xa8, 0x31, 0xa8, 0x31, 0xa8, 0x31,
    0xc8, 0x31, 0xa8, 0x31, 0xc8, 0x31, 0xa8, 0x31, 0xc8, 0x31, 0xc8, 0x31,
    0xa9, 0x31, 0xc9, 0x31, 0xc9, 0x39, 0xc9, 0x39, 0xc9, 0x39, 0xe9, 0x39,
    0xe9, 0x39, 0xe9, 0x39, 0xe9, 0x41, 0xe9, 0x39, 0xe9, 0x39, 0xe9, 0x41,
    0xe9, 0x41, 0xe9, 0x39, 0xe9, 0x39, 0xe9, 0x41, 0xe9, 0x41, 0x09, 0x42,
    0x0a, 0x4a, 0x29, 0x4a, 0x29, 0x52, 0x2a, 0x52, 0x4a, 0x52, 0x69, 0x5a,
    0x6a, 0x5a, 0x8a, 0x62, 0x8a, 0x6a, 0xaa, 0x6a, 0xca, 0x72, 0xca, 0x72,
    0xca, 0x7a, 0xca, 0x7a, 0xca, 0x7a, 0xca, 0x7a, 0xca, 0x7a, 0xcb, 0x7a,
    0xca, 0x72, 0xcb, 0x72, 0xcb, 0x72, 0xca, 0x72, 0xcb, 0x72, 0xcb, 0x72,
    0xca, 0x7a, 0xcb, 0x7a, 0xcb, 0x7a, 0xea, 0x7a, 0xeb, 0x7a, 0xea, 0x7a,
    0xeb, 0x7a, 0xeb, 0x7a, 0xea, 0x7a, 0xea, 0x7a, 0xeb, 0x7a, 0xeb, 0x7a,
    0xea, 0x7a, 0xeb, 0x7a, 0xeb, 0x7a, 0xea, 0x7a, 0xeb, 0x7a, 0xea, 0x7a,
    0xea, 0x7a, 0xeb, 0x7a, 0xeb, 0x7a, 0xea, 0x7a, 0xeb, 0x7a, 0xeb, 0x7a,
    0xeb, 0x7a, 0xea, 0x7a, 0xeb, 0x7a, 0xeb, 0x7a, 0xea, 0x7a, 0xeb, 0x7a,
    0xeb, 0x7a, 0xeb, 0x7a, 0xeb, 0x7a, 0xea, 0x7a, 0xeb, 0x7a, 0xeb, 0x7a,
    0xeb, 0x7a, 0x0b, 0x83, 0xea, 0x7a, 0x0b, 0x7b, 0x0b, 0x83, 0xea, 0x82,
    0x0b, 0x7b, 0x0b, 0x83, 0xea, 0x82, 0x0b, 0x7b, 0xeb, 0x7a, 0x0b, 0x83,
    0x0b, 0x7b, 0xeb, 0x82, 0x0b, 0x83, 0xeb, 0x7a, 0xeb, 0x7a, 0x0b, 0x7b,
    0xeb, 0x7a, 0x0b, 0x7b, 0x0b, 0x7b, 0xeb, 0x7a, 0x0b, 0x7b, 0x0b, 0x7b,
    0xeb, 0x7a, 0xec, 0x6a, 0x0d, 0x5b, 0x0d, 0x5b, 0x0d, 0x5b, 0x0d, 0x5b,
    0x0d, 0x5b, 0x0d, 0x5b, 0xed, 0x5a, 0x0d, 0x5b, 0x0d, 0x5b, 0x0d, 0x53,
    0x0d, 0x53, 0x0d, 0x53, 0x0d, 0x53, 0x0d, 0x53, 0x0d, 0x53, 0x0d, 0x5b,
    0x0d, 0x5b, 0x0d, 0x5b, 0x0d, 0x5b, 0x0d, 0x5b, 0x0d, 0x5b, 0x0d, 0x5b,
    0x0d, 0x5b, 0x0d, 0x5b, 0x0d, 0x5b, 0x0d, 0x5b, 0x0d, 0x5b, 0x0d, 0x5b,
    0x0c, 0x5b, 0x0d, 0x5b, 0x0d, 0x53, 0x0d, 0x4b, 0xed, 0x4a, 0x0d, 0x4b,
    0xed, 0x4a, 0x0d, 0x53, 0x0d, 0x4b, 0x0d, 0x53, 0x0d, 0x53, 0x0d, 0x4b,
    0x0d, 0x4b, 0x0d, 0x53, 0xed, 0x52, 0x0d, 0x53, 0xed, 0x4a, 0x0d, 0x4b,
    0xed, 0x52, 0xed, 0x4a, 0xed, 0x4a, 0x0d, 0x4b, 0x0d, 0x4b, 0xed, 0x4a,
    0xed, 0x4a, 0xed, 0x4a, 0xee, 0x4a, 0xed, 0x4a, 0xed, 0x4a, 0xed, 0x4a,
    0xed, 0x42, 0xed, 0x4a, 0xed, 0x4a, 0xed, 0x4a, 0xed, 0x4a, 0xed, 0x42,
    0xed, 0x4a, 0xee, 0x4a, 0xcd, 0x42, 0xed, 0x42, 0xed, 0x42, 0xed, 0x4a,
    0xcd, 0x42, 0xed, 0x4a, 0xcd, 0x42, 0xcd, 0x42, 0xcd, 0x4a, 0xcd, 0x42,
    0xcd, 0x42, 0xcd, 0x42, 0xcd, 0x42, 0xad, 0x42, 0xcd, 0x42, 0xad, 0x42,
    0xcd, 0x42, 0xcd, 0x42, 0xad, 0x42, 0xad, 0x42, 0xad, 0x3a, 0xad, 0x42,
    0x8d, 0x3a, 0xad, 0x42, 0xad, 0x42, 0xad, 0x3a, 0xad, 0x42, 0xad, 0x42,
    0x8d, 0x42, 0x8d, 0x3a, 0x8d, 0x3a, 0x8d, 0x42, 0xad, 0x3a, 0x8d, 0x3a,
    0x8d, 0x42, 0x8d, 0x3a, 0x8d, 0x3a, 0x8d, 0x3a, 0x8d, 0x3a, 0x6d, 0x3a,
    0x6d, 0x3a, 0x6d, 0x3a, 0x6d, 0x3a, 0x6d, 0x3a, 0x6e, 0x3a, 0x6d, 0x3a,
    0x6d, 0x3a, 0x6d, 0x3a, 0x8d, 0x3a, 0x8d, 0x3a, 0x6d, 0x3a, 0x8d, 0x3a,
    0x8d, 0x3a, 0x8d, 0x42, 0x8d, 0x4a, 0xad, 0x4a, 0xad, 0x52, 0xad, 0x52,
    0xad, 0x52, 0xcc, 0x52, 0xad, 0x52, 0x8c, 0x4a, 0x2c, 0x3a, 0x0c, 0x32,
    0x0c, 0x32, 0xeb, 0x31, 0xec, 0x31, 0x0b, 0x32, 0x0c, 0x32, 0xec, 0x31,
    0x0c, 0x32, 0xec, 0x31, 0xec, 0x31, 0xec, 0x29, 0xec, 0x31, 0xec, 0x31,
    0xeb, 0x29, 0xeb, 0x31, 0xeb, 0x31, 0xeb, 0x29, 0xeb, 0x31, 0xeb, 0x29,
    0xec, 0x29, 0xcb, 0x29, 0xeb, 0x31, 0xeb, 0x29, 0xcb, 0x29, 0xcb, 0x31,
    0xca, 0x29, 0xaa, 0x29, 0x67, 0x29, 0x88, 0x29, 0x88, 0x29, 0x68, 0x29,
    0x88, 0x29, 0x88, 0x29, 0x88, 0x29, 0x88, 0x29, 0x88, 0x29, 0x88, 0x29,
    0x88, 0x29, 0x88, 0x29, 0x68, 0x29, 0x68, 0x21, 0x88, 0x29, 0x88, 0x29,
    0x68, 0x29, 0x88, 0x29, 0x88, 0x29, 0x68, 0x29, 0x68, 0x29, 0x88, 0x29,
    0x87, 0x29, 0x68, 0x29, 0x87, 0x29, 0x88, 0x29, 0x88, 0x31, 0x87, 0x29,
    0x87, 0x29, 0x88, 0x29, 0x87, 0x31, 0x88, 0x29, 0x88, 0x29, 0x87, 0x29,
    0xa8, 0x31, 0x88, 0x29, 0x88, 0x29, 0x88, 0x31, 0x87, 0x29, 0xa8, 0x31,
    0x88, 0x29, 0x88, 0x31, 0x88, 0x31, 0x88, 0x29, 0x88, 0x29, 0x88, 0x31,
    0x88, 0x31, 0x88, 0x31, 0xa8, 0x31, 0xa8, 0x31, 0xa8, 0x31, 0xa8, 0x31,
    0xa8, 0x31, 0xa8, 0x31, 0xa8, 0x31, 0xa8, 0x31, 0xa8, 0x31, 0xa8, 0x31,
    0xc8, 0x31, 0xc8, 0x31, 0xa9, 0x31, 0xc8, 0x31, 0xc9, 0x31, 0xc9, 0x39,
    0xe9, 0x39, 0xe9, 0x39, 0xe9, 0x39, 0xc9, 0x39, 0xe9, 0x41, 0xe9, 0x41,
    0xea, 0x39, 0xe9, 0x39, 0xe9, 0x41, 0xe9, 0x39, 0x09, 0x42, 0x0a, 0x42,
    0xea, 0x41, 0x09, 0x4a, 0x2a, 0x4a, 0x2a, 0x4a, 0x29, 0x4a, 0x49, 0x52,
    0x4a, 0x52, 0x49, 0x5a, 0x6a, 0x62, 0x8a, 0x62, 0x8a, 0x6a, 0xaa, 0x6a,
    0xaa, 0x72, 0xca, 0x72, 0xca, 0x72, 0xcb, 0x7a, 0xca, 0x7a, 0xcb, 0x7a,
    0xcb, 0x72, 0xca, 0x72, 0xaa, 0x72, 0xaa, 0x72, 0xab, 0x72, 0xaa, 0x72,
    0xca, 0x72, 0xaa, 0x72, 0xcb, 0x72, 0xca, 0x72, 0xca, 0x72, 0xcb, 0x72,
    0xea, 0x7a, 0xca, 0x7a, 0xcb, 0x7a, 0xea, 0x7a, 0xca, 0x7a, 0xcb, 0x7a,
    0xca, 0x7a, 0xca, 0x7a, 0xca, 0x7a, 0xcb, 0x7a, 0xca, 0x7a, 0xea, 0x7a,
    0xeb, 0x7a, 0xeb, 0x7a, 0xeb, 0x7a, 0xeb, 0x7a, 0xea, 0x7a, 0xcb, 0x7a,
    0xeb, 0x7a, 0xea, 0x7a, 0xca, 0x7a, 0xca, 0x7a, 0xcb, 0x7a, 0xea, 0x7a,
    0xea, 0x7a, 0xca, 0x7a, 0xcb, 0x7a, 0xcb, 0x7a, 0xea, 0x7a, 0xeb, 0x7a,
    0xeb, 0x7a, 0xeb, 0x7a, 0xea, 0x7a, 0xeb, 0x7a, 0xeb, 0x82, 0xeb, 0x7a,
    0xeb, 0x7a, 0xeb, 0x82, 0x0b, 0x7b, 0xeb, 0x7a, 0x0b, 0x83, 0x0b, 0x83,
    0xea, 0x7a, 0xeb, 0x82, 0x0b, 0x7b, 0xeb, 0x7a, 0x0b, 0x83, 0xeb, 0x82,
    0xeb, 0x7a, 0xeb, 0x7a, 0xeb, 0x7a, 0xeb, 0x7a, 0x0b, 0x7b, 0x0b, 0x7b,
    0xeb, 0x7a, 0x0b, 0x7b, 0xeb, 0x7a, 0xeb, 0x7a, 0x0b, 0x73, 0x0c, 0x63,
    0xec, 0x62, 0x0d, 0x5b, 0x0d, 0x5b, 0xed, 0x5a, 0x0d, 0x5b, 0x0d, 0x5b,
    0xed, 0x52, 0xed, 0x5a, 0x0d, 0x5b, 0xed, 0x5a, 0xed, 0x5a, 0x0d, 0x5b,
    0xed, 0x5a, 0x0d, 0x5b, 0xed, 0x5a, 0x0d, 0x5b, 0x0d, 0x5b, 0x0d, 0x5b,
    0x0d, 0x5b, 0x0d, 0x5b, 0x0d, 0x5b, 0x0d, 0x5b, 0x0d, 0x5b, 0xec, 0x62,
    0x0d, 0x5b, 0x0d, 0x5b, 0x0c, 0x5b, 0x0d, 0x5b, 0x0d, 0x5b, 0x0d, 0x5b,
    0x0d, 0x53, 0x0d, 0x4b, 0xed, 0x4a, 0x0d, 0x4b, 0x0d, 0x4b, 0x0d, 0x53,
    0xed, 0x4a, 0xed, 0x4a, 0x0d, 0x53, 0x0d, 0x53, 0x0d, 0x4b, 0x0d, 0x53,
    0x0d, 0x53, 0x0d, 0x53, 0x0d, 0x53, 0x0d, 0x53, 0xed, 0x4a, 0xed, 0x4a,
    0x0d, 0x53, 0x0d, 0x4b, 0x0d, 0x4b, 0x0d, 0x4b, 0x0d, 0x4b, 0xed, 0x4a,
    0xed, 0x4a, 0xee, 0x4a, 0xed, 0x4a, 0xed, 0x42, 0xee, 0x42, 0xed, 0x4a,
    0xed, 0x42, 0xed, 0x42, 0xee, 0x4a, 0xed, 0x4a, 0xed, 0x4a, 0xed, 0x42,
    0xed, 0x4a, 0xed, 0x42, 0xed, 0x42, 0xcd, 0x4a, 0xcd, 0x42, 0xcd, 0x42,
    0xcd, 0x42, 0xcd, 0x42, 0xcd, 0x42, 0xcd, 0x42, 0xcd, 0x42, 0xad, 0x42,
    0xad, 0x42, 0xcd, 0x42, 0xad, 0x42, 0xcd, 0x42, 0xcd, 0x42, 0xad, 0x42,
    0xad, 0x3a, 0xad, 0x3a, 0xad, 0x42, 0xad, 0x3a, 0x8d, 0x42, 0x8d, 0x42,
    0xad, 0x3a, 0xad, 0x42, 0x8e, 0x3a, 0x8d, 0x3a, 0x8d, 0x3a, 0x8e, 0x42,
    0x8d, 0x3a, 0xad, 0x42, 0x8d, 0x3a, 0x8d, 0x3a, 0x8d, 0x42, 0x8d, 0x3a,
    0x6d, 0x3a, 0x6d, 0x3a, 0x6d, 0x3a, 0x8d, 0x3a, 0x6d, 0x3a, 0x6d, 0x3a,
    0x8d, 0x3a, 0x8d, 0x3a, 0x6d, 0x3a, 0x6d, 0x3a, 0x6d, 0x3a, 0x6d, 0x3a,
    0x8d, 0x3a, 0x6d, 0x3a, 0x6d, 0x3a, 0x8d, 0x3a, 0x6d, 0x3a, 0x8d, 0x42,
    0x8d, 0x42, 0x8d, 0x4a, 0xad, 0x4a, 0xad, 0x52, 0x8d, 0x4a, 0x4c, 0x42,
    0x0c, 0x32, 0x0c, 0x32, 0x0c, 0x32, 0x0c, 0x32, 0xec, 0x31, 0x0c, 0x32,
    0xec, 0x31, 0x0c, 0x32, 0xeb, 0x29, 0xec, 0x31, 0xec, 0x31, 0x0b, 0x2a,
    0xec, 0x31, 0x0b, 0x32, 0xeb, 0x29, 0xec, 0x31, 0xeb, 0x29, 0xeb, 0x31,
    0xcb, 0x29, 0xeb, 0x31, 0xcb, 0x31, 0xcb, 0x29, 0xeb, 0x31, 0xcb, 0x29,
    0xcb, 0x29, 0xcb, 0x29, 0xcb, 0x29, 0xaa, 0x29, 0x68, 0x29, 0x68, 0x29,
    0x88, 0x29, 0x88, 0x29, 0x88, 0x29, 0x67, 0x29, 0x68, 0x29, 0x87, 0x29,
    0x88, 0x29, 0x88, 0x29, 0x67, 0x29, 0x88, 0x29, 0x88, 0x29, 0x87, 0x29,
    0x67, 0x29, 0x88, 0x29, 0x87, 0x29, 0x68, 0x29, 0x88, 0x29, 0x67, 0x29,
    0x88, 0x29, 0x68, 0x29, 0x68, 0x29, 0x87, 0x29, 0x88, 0x29, 0x88, 0x29,
    0x88, 0x29, 0x88, 0x29, 0x88, 0x29, 0x87, 0x29, 0x88, 0x29, 0x87, 0x29,
    0x88, 0x29, 0x87, 0x31, 0x87, 0x29, 0x88, 0x29, 0xa7, 0x31, 0x87, 0x29,
    0x88, 0x29, 0xa8, 0x29, 0x87, 0x29, 0x87, 0x29, 0xa8, 0x31, 0x88, 0x31,
    0x87, 0x29, 0x88, 0x29, 0xa8, 0x29, 0xa8, 0x31, 0x87, 0x31, 0xa8, 0x31,
    0xa8, 0x31, 0xa8, 0x31, 0xa8, 0x31, 0xa8, 0x31, 0xa8, 0x31, 0xc8, 0x31,
    0xa8, 0x31, 0xc9, 0x31, 0xa8, 0x31, 0xa8, 0x31, 0xa9, 0x31, 0xc9, 0x39,
    0xc9, 0x39, 0xc9, 0x39, 0xc9, 0x39, 0xe9, 0x39, 0xe9, 0x39, 0xe9, 0x39,
    0xe9, 0x39, 0xe9, 0x39, 0xe9, 0x39, 0xe9, 0x39, 0xe9, 0x39, 0xe9, 0x41,
    0xea, 0x41, 0x09, 0x42, 0x09, 0x42, 0x29, 0x4a, 0x29, 0x4a, 0x2a, 0x4a,
    0x29, 0x52, 0x2a, 0x52, 0x49, 0x5a, 0x6a, 0x5a, 0x6a, 0x62, 0x8a, 0x62,
    0x8a, 0x6a, 0xaa, 0x72, 0xaa, 0x72, 0xaa, 0x72, 0xca, 0x72, 0xcb, 0x72,
    0xca, 0x72, 0xaa, 0x72, 0xaa, 0x72, 0xaa, 0x72, 0xaa, 0x6a, 0xab, 0x6a,
    0xaa, 0x6a, 0xaa, 0x6a, 0xab, 0x6a, 0xaa, 0x6a, 0xca, 0x72, 0xcb, 0x72,
    0xcb, 0x72, 0xca, 0x72, 0xcb, 0x72, 0xcb, 0x72, 0xca, 0x72, 0xcb, 0x72,
    0xcb, 0x72, 0xcb, 0x72, 0xca, 0x72, 0xcb, 0x72, 0xcb, 0x72, 0xcb, 0x72,
    0xcb, 0x72, 0xcb, 0x72, 0xca, 0x7a, 0xcb, 0x7a, 0xcb, 0x7a, 0xca, 0x7a,
    0xca, 0x7a, 0xeb, 0x7a, 0xcb, 0x7a, 0xca, 0x7a, 0xeb, 0x7a, 0xcb, 0x7a,
    0xcb, 0x7a, 0xcb, 0x72, 0xcb, 0x72, 0xcb, 0x72, 0xca, 0x72, 0xcb, 0x72,
    0xca, 0x72, 0xcb, 0x7a, 0xca, 0x7a, 0xea, 0x7a, 0xeb, 0x7a, 0xeb, 0x7a,
    0xea, 0x7a, 0xeb, 0x7a, 0xea, 0x7a, 0xeb, 0x7a, 0xea, 0x82, 0xea, 0x7a,
    0xeb, 0x7a, 0x0b, 0x7b, 0xeb, 0x7a, 0x0b, 0x83, 0xeb, 0x82, 0x0b, 0x7b,
    0x0b, 0x7b, 0x0b, 0x7b, 0x0b, 0x83, 0x0b, 0x83, 0xeb, 0x7a, 0xeb, 0x7a,
    0xeb, 0x7a, 0x0b, 0x7b, 0xeb, 0x7a, 0x0b, 0x7b, 0x0b, 0x7b, 0xeb, 0x7a,
    0xeb, 0x7a, 0x0c, 0x73, 0x0c, 0x63, 0xec, 0x62, 0x0c, 0x63, 0x0d, 0x5b,
    0x0d, 0x5b, 0x0c, 0x5b, 0x0d, 0x5b, 0x0d, 0x5b, 0x0d, 0x5b, 0x0d, 0x53,
    0x0d, 0x5b, 0x0d, 0x5b, 0x0d, 0x5b, 0x0d, 0x5b, 0x0d, 0x5b, 0xed, 0x5a,
    0x0d, 0x5b, 0x0d, 0x5b, 0x0d, 0x5b, 0x0d, 0x5b, 0x0d, 0x5b, 0x0d, 0x5b,
    0x0d, 0x5b, 0x0d, 0x5b, 0x0d, 0x63, 0xed, 0x62, 0x0d, 0x63, 0x0d, 0x5b,
    0x0c, 0x63, 0x0d, 0x63, 0x0d, 0x5b, 0x0d, 0x5b, 0x0d, 0x5b, 0x0d, 0x53,
    0x0d, 0x4b, 0xed, 0x4a, 0x0d, 0x53, 0x0d, 0x53, 0x0d, 0x53, 0xed, 0x4a,
    0xed, 0x4a, 0xed, 0x4a, 0x0d, 0x53, 0x0d, 0x4b, 0x0d, 0x53, 0x0d, 0x53,
    0x0d, 0x53, 0x0d, 0x53, 0x0d, 0x53, 0xed, 0x52, 0xed, 0x52, 0x0d, 0x53,
    0x0d, 0x53, 0x0d, 0x4b, 0x0d, 0x4b, 0x0d, 0x4b, 0x0d, 0x4b, 0xed, 0x4a,
    0xed, 0x4a, 0xed, 0x4a, 0xed, 0x4a, 0xed, 0x42, 0xed, 0x42, 0xed, 0x42,
    0xed, 0x4a, 0xcd, 0x4a, 0xee, 0x42, 0xed, 0x4a, 0xed, 0x42, 0xcd, 0x42,
    0xcd, 0x42, 0xcd, 0x42, 0xcd, 0x42, 0xcd, 0x42, 0xcd, 0x42, 0xcd, 0x42,
    0xcd, 0x42, 0xcd, 0x42, 0xcd, 0x42, 0xad, 0x42, 0xad, 0x42, 0xad, 0x42,
    0xcd, 0x42, 0xad, 0x42, 0xad, 0x42, 0xad, 0x3a, 0xad, 0x42, 0xad, 0x42,
    0xad, 0x3a, 0xad, 0x42, 0xad, 0x42, 0x8d, 0x3a, 0x8d, 0x3a, 0x6d, 0x3a,
    0x8d, 0x3a, 0x8d, 0x42, 0x8d, 0x3a, 0x8d, 0x3a, 0x8d, 0x3a, 0x8d, 0x3a,
    0x8d, 0x3a, 0x6d, 0x3a, 0x6d, 0x3a, 0x6d, 0x3a, 0x6d, 0x3a, 0x6d, 0x3a,
    0x6d, 0x3a, 0x6d, 0x3a, 0x6d, 0x3a, 0x6d, 0x3a, 0x6d, 0x3a, 0x6d, 0x3a,
    0x6d, 0x3a, 0x6d, 0x3a, 0x6d, 0x3a, 0x6d, 0x3a, 0x6d, 0x3a, 0x6d, 0x3a,
    0x6d, 0x3a, 0x6d, 0x3a, 0x8d, 0x3a, 0x6d, 0x3a, 0x8c, 0x42, 0x6d, 0x42,
    0x6c, 0x3a, 0x4c, 0x3a, 0x2c, 0x3a, 0x0c, 0x32, 0x0c, 0x32, 0x0c, 0x32,
    0xeb, 0x31, 0xec, 0x31, 0x0c, 0x32, 0xec, 0x31, 0x0c, 0x2a, 0xec, 0x31,
    0xeb, 0x31, 0xec, 0x29, 0xeb, 0x31, 0xeb, 0x31, 0xec, 0x29, 0xeb, 0x29,
    0xeb, 0x31, 0xca, 0x29, 0xea, 0x31, 0xcb, 0x29, 0xca, 0x29, 0xcb, 0x29,
    0xcb, 0x29, 0xcb, 0x29, 0xcb, 0x29, 0xcb, 0x29, 0xab, 0x29, 0xaa, 0x29,
    0x88, 0x29, 0x67, 0x29, 0x67, 0x29, 0x67, 0x29, 0x67, 0x29, 0x88, 0x29,
    0x67, 0x29, 0x67, 0x29, 0x68, 0x29, 0x87, 0x29, 0x87, 0x29, 0x87, 0x29,
    0x88, 0x29, 0x87, 0x29, 0x88, 0x29, 0x67, 0x29, 0x67, 0x29, 0x88, 0x29,
    0x67, 0x29, 0x87, 0x29, 0x87, 0x29, 0x67, 0x29, 0x87, 0x29, 0x88, 0x29,
    0x68, 0x29, 0x87, 0x29, 0x87, 0x29, 0x88, 0x29, 0x87, 0x29, 0x87, 0x29,
    0x88, 0x29, 0x88, 0x31, 0x88, 0x29, 0x88, 0x29, 0x88, 0x29, 0x88, 0x29,
    0x88, 0x29, 0x88, 0x29, 0x88, 0x31, 0x88, 0x29, 0x88, 0x29, 0x88, 0x29,
    0x88, 0x29, 0x88, 0x31, 0x87, 0x29, 0xa8, 0x29, 0x88, 0x31, 0x88, 0x29,
    0x88, 0x29, 0x87, 0x29, 0xa8, 0x31, 0xa8, 0x31, 0xa8, 0x31, 0xa8, 0x31,
    0xa8, 0x31, 0xa8, 0x31, 0xa8, 0x31, 0xc9, 0x31, 0xc8, 0x31, 0xa8, 0x31,
    0xc9, 0x39, 0xc8, 0x31, 0xc9, 0x39, 0xe9, 0x39, 0xc9, 0x39, 0xe9, 0x39,
    0xe9, 0x39, 0xc9, 0x39, 0xe9, 0x39, 0xe9, 0x41, 0xe9, 0x39, 0xe9, 0x39,
    0xe9, 0x41, 0xea, 0x41, 0x09, 0x42, 0x09, 0x42, 0x09, 0x4a, 0x29, 0x4a,
    0x29, 0x4a, 0x29, 0x4a, 0x2a, 0x52, 0x49, 0x52, 0x4a, 0x5a, 0x6a, 0x5a,
    0x69, 0x62, 0x8a, 0x62, 0x8a, 0x6a, 0x8a, 0x6a, 0xaa, 0x6a, 0xaa, 0x72,
    0xaa, 0x72, 0xaa, 0x72, 0xaa, 0x72, 0xaa, 0x6a, 0xaa, 0x6a, 0xaa, 0x6a,
    0xaa, 0x6a, 0xaa, 0x6a, 0xaa, 0x6a, 0xab, 0x6a, 0xab, 0x6a, 0xaa, 0x6a,
    0xab, 0x6a, 0xab, 0x6a, 0xaa, 0x6a, 0xaa, 0x72, 0xaa, 0x6a, 0xaa, 0x6a,
    0xaa, 0x6a, 0xaa, 0x6a, 0xaa, 0x6a, 0xaa, 0x72, 0xca, 0x72, 0xca, 0x72,
    0xca, 0x72, 0xca, 0x72, 0xca, 0x72, 0xcb, 0x72, 0xca, 0x72, 0xca, 0x72,
    0xcb, 0x72, 0xcb, 0x7a, 0xca, 0x7a, 0xea, 0x7a, 0xcb, 0x7a, 0xea, 0x72,
    0xeb, 0x7a, 0xea, 0x7a, 0xca, 0x72, 0xcb, 0x72, 0xca, 0x7a, 0xca, 0x72,
    0xeb, 0x72, 0xca, 0x72, 0xcb, 0x72, 0xca, 0x72, 0xcb, 0x72, 0xcb, 0x72,
    0xeb, 0x72, 0xea, 0x7a, 0xeb, 0x7a, 0xeb, 0x7a, 0xeb, 0x7a, 0xeb, 0x7a,
    0xeb, 0x7a, 0xeb, 0x7a, 0xea, 0x7a, 0xeb, 0x7a, 0xea, 0x7a, 0xea, 0x7a,
    0xeb, 0x7a, 0xeb, 0x82, 0xeb, 0x7a, 0xeb, 0x7a, 0x0b, 0x83, 0xeb, 0x7a,
    0xeb, 0x7a, 0xea, 0x7a, 0xeb, 0x7a, 0xeb, 0x7a, 0x0b, 0x7b, 0xeb, 0x7a,
    0x0b, 0x7b, 0x0b, 0x7b, 0xeb, 0x7a, 0xeb, 0x7a, 0x0c, 0x73, 0xec, 0x6a,
    0x0c, 0x63, 0x0c, 0x63, 0xec, 0x62, 0x0d, 0x5b, 0x0d, 0x5b, 0xed, 0x5a,
    0x0d, 0x5b, 0x0d, 0x5b, 0xed, 0x5a, 0x0d, 0x53, 0x0d, 0x5b, 0xed, 0x52,
    0x0d, 0x53, 0x0d, 0x5b, 0x0d, 0x5b, 0xed, 0x5a, 0x0d, 0x5b, 0x0d, 0x5b,
    0x0d, 0x5b, 0x0d, 0x5b, 0x0d, 0x5b, 0x0d, 0x5b, 0x0d, 0x5b, 0x0c, 0x5b,
    0x0d, 0x5b, 0x0d, 0x5b, 0x0d, 0x5b, 0x0d, 0x5b, 0x0d, 0x5b, 0x0d, 0x5b,
    0x0d, 0x5b, 0x0d, 0x5b, 0x0d, 0x53, 0x0d, 0x53, 0x0d, 0x53, 0x0d, 0x53,
    0x0d, 0x53, 0x0d, 0x53, 0x0d, 0x53, 0xed, 0x4a, 0xed, 0x4a, 0xed, 0x52,
    0xed, 0x4a, 0x0d, 0x53, 0x0d, 0x53, 0x0d, 0x4b, 0xed, 0x52, 0x0d, 0x53,
    0x0d, 0x53, 0xed, 0x52, 0xed, 0x52, 0xed, 0x52, 0xed, 0x52, 0x0d, 0x53,
    0x0d, 0x53, 0x0d, 0x53, 0x0d, 0x53, 0x0d, 0x53, 0x0d, 0x4b, 0x0d, 0x4b,
    0xed, 0x4a, 0xed, 0x4a, 0xed, 0x4a, 0xed, 0x4a, 0xed, 0x4a, 0xed, 0x4a,
    0xed, 0x4a, 0xed, 0x4a, 0xee, 0x4a, 0xed, 0x42, 0xcd, 0x42, 0xcd, 0x42,
    0xcd, 0x42, 0xcd, 0x42, 0xcd, 0x42, 0xcd, 0x42, 0xcd, 0x42, 0xcd, 0x42,
    0xcd, 0x42, 0xad, 0x42, 0xcd, 0x3a, 0xcd, 0x42, 0xad, 0x42, 0xad, 0x42,
    0xad, 0x3a, 0xad, 0x42, 0xad, 0x3a, 0xad, 0x42, 0x8d, 0x3a, 0x6d, 0x3a,
    0x8d, 0x3a, 0x8d, 0x42, 0x8d, 0x3a, 0x8d, 0x3a, 0x8d, 0x3a, 0x8e, 0x3a,
    0x8e, 0x42, 0x8d, 0x3a, 0x6d, 0x3a, 0x6d, 0x3a, 0x6d, 0x3a, 0x6d, 0x3a,
    0x6d, 0x3a, 0x6d, 0x3a, 0x6d, 0x3a, 0x6d, 0x3a, 0x6d, 0x3a, 0x6d, 0x3a,
    0x6d, 0x3a, 0x6d, 0x3a, 0x6d, 0x3a, 0x6d, 0x3a, 0x6d, 0x3a, 0x6d, 0x3a,
    0x8d, 0x3a, 0x6d, 0x3a, 0x6d, 0x3a, 0x6d, 0x3a, 0x6d, 0x3a, 0x6d, 0x3a,
    0x6d, 0x3a, 0x6d, 0x3a, 0x6d, 0x3a, 0x4d, 0x3a, 0x2c, 0x32, 0x2c, 0x32,
    0x2c, 0x32, 0x0c, 0x32, 0x0c, 0x32, 0x0c, 0x32, 0xec, 0x31, 0x0c, 0x32,
    0xeb, 0x31, 0xec, 0x31, 0x0c, 0x2a, 0xeb, 0x31, 0xeb, 0x31, 0xeb, 0x29,
    0xeb, 0x31, 0xcb, 0x31, 0xca, 0x29, 0xca, 0x29, 0xca, 0x29, 0xca, 0x29,
    0xcb, 0x29, 0xca, 0x31, 0xca, 0x29, 0xcb, 0x29, 0xcb, 0x29, 0xcb, 0x29,
    0xaa, 0x29, 0xaa, 0x29, 0x87, 0x29, 0x88, 0x29, 0x88, 0x29, 0x67, 0x29,
    0x88, 0x29, 0x88, 0x29, 0x87, 0x29, 0x68, 0x29, 0x88, 0x29, 0x67, 0x29,
    0x88, 0x29, 0x68, 0x29, 0x87, 0x29, 0x68, 0x29, 0x68, 0x29, 0x87, 0x29,
    0x68, 0x29, 0x87, 0x29, 0x68, 0x29, 0x68, 0x29, 0x88, 0x29, 0x67, 0x29,
    0x88, 0x29, 0x88, 0x29, 0x87, 0x29, 0x68, 0x29, 0x88, 0x29, 0x67, 0x29,
    0x88, 0x29, 0x87, 0x29, 0x88, 0x29, 0x87, 0x29, 0x87, 0x29, 0x87, 0x31,
    0x87, 0x29, 0x88, 0x31, 0x87, 0x31, 0x87, 0x29, 0x88, 0x31, 0x87, 0x31,
    0x88, 0x31, 0x87, 0x31, 0x87, 0x31, 0x88, 0x31, 0xa8, 0x31, 0x87, 0x31,
    0xa8, 0x29, 0xa8, 0x31, 0x88, 0x31, 0xa7, 0x31, 0xa8, 0x31, 0xa8, 0x31,
    0xa8, 0x31, 0xa8, 0x31, 0xc8, 0x31, 0xa8, 0x31, 0xc8, 0x39, 0xc8, 0x31,
    0xa8, 0x31, 0xc9, 0x39, 0xc8, 0x39, 0xc9, 0x39, 0xc9, 0x39, 0xe9, 0x39,
    0xc9, 0x39, 0xe9, 0x39, 0xe9, 0x39, 0xc9, 0x39, 0xc9, 0x39, 0xe9, 0x39,
    0xe9, 0x39, 0xe9, 0x41, 0xe9, 0x41, 0x09, 0x42, 0x09, 0x42, 0x09, 0x42,
    0x09, 0x4a, 0x2a, 0x4a, 0x29, 0x4a, 0x09, 0x52, 0x29, 0x52, 0x4a, 0x52,
    0x4a, 0x5a, 0x49, 0x5a, 0x6a, 0x5a, 0x6a, 0x62, 0x8a, 0x62, 0x8a, 0x6a,
    0x8a, 0x6a, 0xaa, 0x6a, 0xaa, 0x6a, 0xaa, 0x6a, 0xaa, 0x6a, 0xab, 0x6a,
    0x8a, 0x6a, 0x8b, 0x62, 0x8a, 0x62, 0x8a, 0x62, 0x8a, 0x62, 0x8a, 0x62,
    0x8a, 0x6a, 0x8a, 0x6a, 0xaa, 0x6a, 0xaa, 0x6a, 0xaa, 0x6a, 0xaa, 0x6a,
    0x8b, 0x6a, 0xab, 0x6a, 0xaa, 0x6a, 0x8a, 0x6a, 0xab, 0x6a, 0xab, 0x6a,
    0xaa, 0x6a, 0xab, 0x6a, 0xaa, 0x6a, 0xaa, 0x6a, 0xab, 0x72, 0xcb, 0x72,
    0xcb, 0x72, 0xca, 0x72, 0xca, 0x72, 0xcb, 0x72, 0xcb, 0x72, 0xca, 0x72,
    0xca, 0x72, 0xcb, 0x72, 0xca, 0x72, 0xcb, 0x72, 0xca, 0x72, 0xeb, 0x7a,
    0xcb, 0x72, 0xca, 0x72, 0xcb, 0x7a, 0xeb, 0x72, 0xca, 0x72, 0xeb, 0x72,
    0xca, 0x72, 0xca, 0x72, 0xcb, 0x72, 0xca, 0x72, 0xcb, 0x7a, 0xea, 0x7a,
    0xea, 0x7a, 0xeb, 0x7a, 0xeb, 0x7a, 0xeb, 0x7a, 0xeb, 0x7a, 0xeb, 0x7a,
    0xeb, 0x7a, 0xeb, 0x7a, 0xea, 0x7a, 0xeb, 0x7a, 0xeb, 0x82, 0xeb, 0x7a,
    0xeb, 0x7a, 0x0b, 0x83, 0xeb, 0x7a, 0xeb, 0x7a, 0xea, 0x7a, 0xeb, 0x72,
    0xeb, 0x7a, 0xea, 0x7a, 0xeb, 0x7a, 0x0b, 0x7b, 0xeb, 0x7a, 0xeb, 0x7a,
    0x0b, 0x7b, 0x0b, 0x73, 0x0c, 0x6b, 0xec, 0x6a, 0x0c, 0x63, 0x0c, 0x63,
    0xec, 0x62, 0x0c, 0x5b, 0x0c, 0x5b, 0xed, 0x5a, 0x0d, 0x5b, 0x0d, 0x5b,
    0xed, 0x5a, 0x0d, 0x5b, 0x0d, 0x5b, 0x0d, 0x53, 0xed, 0x5a, 0x0d, 0x53,
    0x0d, 0x5b, 0x0d, 0x5b, 0x0d, 0x5b, 0x0c, 0x5b, 0x0d, 0x5b, 0x0d, 0x5b,
    0x0d, 0x5b, 0x0d, 0x5b, 0x0d, 0x5b, 0x0c, 0x5b, 0x0d, 0x5b, 0x0d, 0x5b,
    0x0c, 0x5b, 0x0c, 0x5b, 0x0d, 0x5b, 0x0d, 0x5b, 0x0c, 0x5b, 0x0d, 0x5b,
    0x0d, 0x53, 0x0d, 0x53, 0x0d, 0x53, 0x0d, 0x53, 0x0d, 0x53, 0x0d, 0x53,
    0x0d, 0x53, 0xed, 0x4a, 0x0d, 0x53, 0x0d, 0x4b, 0xed, 0x52, 0x0d, 0x53,
    0x0d, 0x4b, 0x0d, 0x53, 0xed, 0x52, 0xec, 0x52, 0xed, 0x5a, 0xed, 0x52,
    0xed, 0x52, 0x0d, 0x53, 0x0d, 0x53, 0x0d, 0x53, 0x0d, 0x53, 0x0d, 0x53,
    0x0d, 0x53, 0x0d, 0x53, 0x0d, 0x53, 0xed, 0x52, 0xed, 0x52, 0xed, 0x4a,
    0xed, 0x52, 0xed, 0x4a, 0xed, 0x4a, 0xed, 0x4a, 0xed, 0x4a, 0xed, 0x4a,
    0xed, 0x4a, 0xed, 0x4a, 0xcd, 0x4a, 0xcd, 0x42, 0xcd, 0x42, 0xcd, 0x42,
    0xcd, 0x42, 0xcd, 0x42, 0xcd, 0x42, 0xad, 0x42, 0xad, 0x42, 0xcd, 0x42,
    0xad, 0x42, 0xad, 0x42, 0xad, 0x3a, 0xad, 0x42, 0x8d, 0x3a, 0x8d, 0x3a,
    0x6d, 0x3a, 0x6d, 0x3a, 0x6d, 0x3a, 0x6d, 0x3a, 0x8d, 0x3a, 0x8d, 0x3a,
    0x8d, 0x3a, 0x8d, 0x3a, 0x6d, 0x3a, 0x6d, 0x3a, 0x6d, 0x3a, 0x6d, 0x3a,
    0x6d, 0x3a, 0x6d, 0x3a, 0x6d, 0x3a, 0x6d, 0x3a, 0x6d, 0x3a, 0x6d, 0x3a,
    0x6d, 0x3a, 0x6d, 0x3a, 0x6d, 0x3a, 0x6d, 0x3a, 0x6d, 0x3a, 0x6d, 0x3a,
    0x6d, 0x3a, 0x6d, 0x3a, 0x6d, 0x3a, 0x6d, 0x3a, 0x6d, 0x3a, 0x6c, 0x3a,
    0x6d, 0x3a, 0x6c, 0x3a, 0x6d, 0x3a, 0x4c, 0x3a, 0x6d, 0x3a, 0x4d, 0x3a,
    0x2c, 0x32, 0x2c, 0x3a, 0x2c, 0x3a, 0x2c, 0x32, 0x0c, 0x32, 0x0c, 0x32,
    0x0c, 0x32, 0xeb, 0x31, 0xec, 0x29, 0xeb, 0x31, 0xec, 0x31, 0xeb, 0x29,
    0xeb, 0x31, 0xeb, 0x29, 0xcb, 0x29, 0xca, 0x29, 0xcb, 0x31, 0xca, 0x31,
    0xca, 0x29, 0xca, 0x29, 0xca, 0x31, 0xca, 0x29, 0xca, 0x29, 0xca, 0x29,
    0xcb, 0x29, 0xab, 0x29, 0xaa, 0x29, 0xaa, 0x29, 0x88, 0x29, 0x88, 0x29,
    0x87, 0x29, 0x68, 0x29, 0x67, 0x29, 0x87, 0x29, 0x88, 0x29, 0x67, 0x29,
    0x87, 0x29, 0x68, 0x29, 0x67, 0x29, 0x88, 0x29, 0x67, 0x29, 0x67, 0x29,
    0x88, 0x29, 0x87, 0x29, 0x68, 0x29, 0x87, 0x29, 0x87, 0x29, 0x88, 0x29,
    0x87, 0x29, 0x68, 0x29, 0x88, 0x29, 0x87, 0x29, 0x88, 0x29, 0x88, 0x29,
    0x87, 0x31, 0x67, 0x29, 0x88, 0x29, 0x68, 0x31, 0x87, 0x29, 0x88, 0x29,
    0x88, 0x31, 0x88, 0x29, 0x88, 0x29, 0x87, 0x31, 0xa8, 0x29, 0x88, 0x29,
    0xa7, 0x29, 0x88, 0x29, 0xa8, 0x29, 0xa7, 0x29, 0x88, 0x29, 0x88, 0x31,
    0x87, 0x29, 0x87, 0x29, 0xa8, 0x31, 0x88, 0x29, 0xa7, 0x31, 0x88, 0x31,
    0x88, 0x29, 0xa8, 0x31, 0xa8, 0x31, 0xa8, 0x31, 0xa8, 0x31, 0xa9, 0x31,
    0xc8, 0x31, 0xa8, 0x31, 0xa9, 0x31, 0xc9, 0x39, 0xc9, 0x39, 0xc9, 0x39,
    0xe8, 0x39, 0xc9, 0x39, 0xe9, 0x39, 0xc8, 0x39, 0xc9, 0x39, 0xe9, 0x39,
    0xe9, 0x39, 0xe9, 0x39, 0xe9, 0x41, 0xe9, 0x39, 0xe9, 0x41, 0xe9, 0x41,
    0x09, 0x42, 0x09, 0x4a, 0x0a, 0x4a, 0x09, 0x4a, 0x09, 0x4a, 0x29, 0x4a,
    0x29, 0x52, 0x49, 0x52, 0x4a, 0x52, 0x49, 0x5a, 0x69, 0x5a, 0x6a, 0x5a,
    0x69, 0x62, 0x8a, 0x62, 0x8a, 0x62, 0x8a, 0x62, 0x8a, 0x6a, 0x8a, 0x62,
    0x8a, 0x62, 0x8a, 0x62, 0x8a, 0x62, 0x8a, 0x62, 0x8a, 0x62, 0x8a, 0x62,
    0x8a, 0x62, 0x8a, 0x62, 0x8a, 0x62, 0x8a, 0x62, 0x6a, 0x5a, 0x6a, 0x5a,
    0x8a, 0x5a, 0x6a, 0x5a, 0x8a, 0x62, 0x8a, 0x62, 0x8a, 0x62, 0x8a, 0x62,
    0x8a, 0x62, 0x8a, 0x62, 0x8a, 0x6a, 0xaa, 0x6a, 0xab, 0x6a, 0xab, 0x6a,
    0xaa, 0x6a, 0xaa, 0x6a, 0xab, 0x6a, 0xab, 0x6a, 0xaa, 0x6a, 0xca, 0x6a,
    0xcb, 0x72, 0xcb, 0x72, 0xca, 0x72, 0xcb, 0x72, 0xcb, 0x72, 0xca, 0x72,
    0xcb, 0x72, 0xca, 0x72, 0xcb, 0x72, 0xca, 0x72, 0xca, 0x72, 0xcb, 0x72,
    0xca, 0x72, 0xcb, 0x72, 0xca, 0x7a, 0xcb, 0x72, 0xca, 0x72, 0xcb, 0x72,
    0xca, 0x72, 0xca, 0x72, 0xeb, 0x7a, 0xea, 0x7a, 0xea, 0x7a, 0xea, 0x7a,
    0xeb, 0x7a, 0xeb, 0x7a, 0xeb, 0x82, 0xea, 0x82, 0xea, 0x82, 0x0a, 0x7b,
    0xea, 0x7a, 0xea, 0x7a, 0xeb, 0x7a, 0xeb, 0x7a, 0x0b, 0x7b, 0xeb, 0x7a,
    0xeb, 0x7a, 0xca, 0x7a, 0xcb, 0x72, 0xeb, 0x7a, 0xeb, 0x7a, 0xeb, 0x7a,
    0xeb, 0x7a, 0xeb, 0x7a, 0xeb, 0x7a, 0xeb, 0x7a, 0xeb, 0x7a, 0xec, 0x72,
    0x0c, 0x73, 0x0c, 0x6b, 0x0c, 0x6b, 0x0c, 0x6b, 0x0c, 0x63, 0x0d, 0x5b,
    0x0d, 0x5b, 0x0d, 0x5b, 0x0d, 0x53, 0x0d, 0x5b, 0xed, 0x5a, 0x0d, 0x5b,
    0x0d, 0x5b, 0x0d, 0x5b, 0xed, 0x52, 0x0d, 0x5b, 0x0d, 0x5b, 0x0d, 0x5b,
    0x0d, 0x5b, 0x0d, 0x5b, 0x0c, 0x5b, 0x0d, 0x5b, 0xed, 0x5a, 0x0c, 0x5b,
    0x0d, 0x5b, 0x0d, 0x5b, 0x0d, 0x5b, 0x0d, 0x53, 0x0d, 0x53, 0x0d, 0x5b,
    0x0d, 0x53, 0x0d, 0x5b, 0x0d, 0x5b, 0x0d, 0x5b, 0x0d, 0x53, 0x0d, 0x53,
    0x0d, 0x53, 0x0d, 0x53, 0x0d, 0x53, 0x0d, 0x53, 0x0d, 0x4b, 0x0d, 0x53,
    0xed, 0x4a, 0x0d, 0x53, 0x0d, 0x53, 0xed, 0x52, 0xec, 0x52, 0xcd, 0x52,
    0xec, 0x5a, 0xec, 0x5a, 0xed, 0x52, 0x0d, 0x53, 0x0d, 0x53, 0x0d, 0x53,
    0x0d, 0x53, 0x0d, 0x53, 0xed, 0x52, 0x0d, 0x53, 0x0d, 0x53, 0x0d, 0x53,
    0xed, 0x52, 0xed, 0x52, 0xed, 0x52, 0xed, 0x52, 0xed, 0x52, 0xed, 0x52,
    0xed, 0x52, 0xed, 0x52, 0xed, 0x52, 0xed, 0x52, 0xed, 0x4a, 0xed, 0x4a,
    0xcd, 0x42, 0xcd, 0x42, 0xcd, 0x42, 0xcd, 0x42, 0xcd, 0x42, 0xcd, 0x42,
    0xad, 0x42, 0xad, 0x42, 0xad, 0x3a, 0xad, 0x42, 0xad, 0x42, 0xad, 0x42,
    0x8d, 0x42, 0x6d, 0x3a, 0x6d, 0x3a, 0x6d, 0x3a, 0x6d, 0x3a, 0x6d, 0x3a,
    0x6d, 0x3a, 0x6d, 0x3a, 0x6d, 0x3a, 0x6d, 0x3a, 0x6d, 0x3a, 0x6d, 0x3a,
    0x6d, 0x3a, 0x6d, 0x3a, 0x6d, 0x3a, 0x6d, 0x3a, 0x6d, 0x3a, 0x6d, 0x3a,
    0x6d, 0x3a, 0x6d, 0x3a, 0x6d, 0x3a, 0x6d, 0x3a, 0x6d, 0x3a, 0x6d, 0x3a,
    0x6d, 0x3a, 0x6d, 0x3a, 0x6d, 0x3a, 0x6d, 0x3a, 0x6d, 0x3a, 0x6d, 0x3a,
    0x6d, 0x3a, 0x6d, 0x3a, 0x4d, 0x3a, 0x4d, 0x3a, 0x6d, 0x3a, 0x4d, 0x32,
    0x4d, 0x3a, 0x4c, 0x32, 0x4d, 0x32, 0x2d, 0x3a, 0x2c, 0x32, 0x2c, 0x32,
    0x2c, 0x32, 0x0c, 0x32, 0x0c, 0x32, 0x0c, 0x32, 0x0c, 0x32, 0xec, 0x31,
    0xeb, 0x29, 0xeb, 0x29, 0xcb, 0x31, 0xcb, 0x31, 0xca, 0x29, 0xca, 0x29,
    0xea, 0x29, 0xcb, 0x29, 0xca, 0x29, 0xcb, 0x29, 0xca, 0x29, 0xca, 0x29,
    0xca, 0x29, 0xca, 0x29, 0xcb, 0x29, 0xab, 0x29, 0xab, 0x29, 0xaa, 0x21,
    0x68, 0x29, 0x87, 0x29, 0x88, 0x29, 0x88, 0x29, 0x88, 0x29, 0x87, 0x29,
    0x88, 0x29, 0x88, 0x29, 0x67, 0x29, 0x88, 0x29, 0x87, 0x29, 0x67, 0x29,
    0x88, 0x29, 0x88, 0x29, 0x67, 0x29, 0x68, 0x29, 0x87, 0x29, 0x68, 0x29,
    0x88, 0x29, 0x67, 0x29, 0x67, 0x29, 0x88, 0x29, 0x88, 0x29, 0x67, 0x29,
    0x88, 0x29, 0x88, 0x29, 0x67, 0x29, 0x87, 0x29, 0x88, 0x29, 0x87, 0x29,
    0x88, 0x29, 0x87, 0x31, 0x88, 0x29, 0x87, 0x29, 0x88, 0x29, 0x88, 0x29,
    0x88, 0x31, 0x88, 0x29, 0x87, 0x31, 0x88, 0x29, 0x88, 0x29, 0x87, 0x31,
    0xa8, 0x31, 0x88, 0x29, 0x87, 0x31, 0x88, 0x29, 0x88, 0x29, 0xa8, 0x31,
    0x88, 0x31, 0xa8, 0x29, 0xa8, 0x31, 0xa8, 0x31, 0xa8, 0x31, 0xa8, 0x31,
    0xa8, 0x31, 0xc8, 0x31, 0xc8, 0x31, 0xa8, 0x39, 0xc8, 0x31, 0xc9, 0x39,
    0xc9, 0x39, 0xc8, 0x39, 0xe8, 0x39, 0xc9, 0x39, 0xc9, 0x39, 0xe9, 0x39,
    0xe9, 0x39, 0xc9, 0x39, 0xc9, 0x39, 0xe9, 0x39, 0xe9, 0x41, 0xe9, 0x41,
    0xe9, 0x41, 0xe9, 0x41, 0x09, 0x42, 0x09, 0x4a, 0x09, 0x4a, 0x09, 0x4a,
    0x2a, 0x4a, 0x29, 0x4a, 0x29, 0x52, 0x29, 0x52, 0x4a, 0x52, 0x49, 0x52,
    0x49, 0x5a, 0x6a, 0x5a, 0x49, 0x5a, 0x69, 0x5a, 0x6a, 0x62, 0x8a, 0x62,
    0x6a, 0x62, 0x8a, 0x62, 0x8a, 0x62, 0x8a, 0x62, 0x6a, 0x62, 0x8a, 0x62,
    0x8a, 0x62, 0x6a, 0x62, 0x6a, 0x5a, 0x6a, 0x5a, 0x6a, 0x5a, 0x6a, 0x5a,
    0x4a, 0x5a, 0x4a, 0x52, 0x6a, 0x5a, 0x6a, 0x5a, 0x6a, 0x5a, 0x6a, 0x5a,
    0x6a, 0x5a, 0x6a, 0x62, 0x8a, 0x62, 0x8a, 0x62, 0x8a, 0x62, 0x8a, 0x62,
    0x8a, 0x62, 0x8a, 0x62, 0x8a, 0x62, 0x8a, 0x62, 0x8a, 0x62, 0x8a, 0x62,
    0xaa, 0x62, 0xaa, 0x6a, 0xab, 0x6a, 0xaa, 0x6a, 0xab, 0x72, 0xab, 0x72,
    0xca, 0x72, 0xca, 0x72, 0xcb, 0x72, 0xca, 0x72, 0xca, 0x72, 0xcb, 0x72,
    0xcb, 0x72, 0xca, 0x72, 0xca, 0x72, 0xcb, 0x72, 0xcb, 0x72, 0xcb, 0x72,
    0xca, 0x72, 0xcb, 0x72, 0xcb, 0x72, 0xca, 0x72, 0xcb, 0x72, 0xcb, 0x72,
    0xca, 0x7a, 0xea, 0x7a, 0xeb, 0x7a, 0xea, 0x7a, 0xea, 0x82, 0xeb, 0x82,
    0x0b, 0x7b, 0x0b, 0x83, 0x0a, 0x83, 0xeb, 0x82, 0xea, 0x82, 0xeb, 0x7a,
    0xea, 0x7a, 0xeb, 0x7a, 0xea, 0x7a, 0xeb, 0x72, 0xca, 0x72, 0xcb, 0x7a,
    0xeb, 0x7a, 0xeb, 0x7a, 0xeb, 0x7a, 0xeb, 0x7a, 0xeb, 0x7a, 0xeb, 0x7a,
    0xeb, 0x7a, 0xeb, 0x7a, 0x0b, 0x7b, 0x0b, 0x7b, 0xeb, 0x7a, 0x0b, 0x73,
    0xec, 0x72, 0x0c, 0x63, 0xec, 0x5a, 0x0c, 0x5b, 0x0c, 0x5b, 0xed, 0x5a,
    0x0d, 0x5b, 0x0d, 0x5b, 0x0d, 0x53, 0x0d, 0x5b, 0x0d, 0x5b, 0x0d, 0x5b,
    0x0d, 0x5b, 0x0d, 0x53, 0x0d, 0x5b, 0x0d, 0x5b, 0x0c, 0x5b, 0x0c, 0x5b,
    0xed, 0x5a, 0x0d, 0x5b, 0x0d, 0x5b, 0x0d, 0x5b, 0x0d, 0x5b, 0x0c, 0x5b,
    0x0d, 0x5b, 0x0c, 0x5b, 0x0d, 0x5b, 0x0d, 0x53, 0x0c, 0x5b, 0x0d, 0x5b,
    0x0d, 0x5b, 0x0d, 0x5b, 0x0d, 0x5b, 0x0d, 0x5b, 0x0d, 0x53, 0x0d, 0x53,
    0x0d, 0x53, 0x0d, 0x53, 0x0d, 0x53, 0x0d, 0x4b, 0xed, 0x52, 0xed, 0x52,
    0xed, 0x52, 0xed, 0x5a, 0xcc, 0x52, 0xed, 0x52, 0xec, 0x5a, 0xed, 0x52,
    0x0d, 0x53, 0x0d, 0x53, 0x0d, 0x53, 0x0d, 0x53, 0xed, 0x52, 0x0d, 0x53,
    0x0d, 0x53, 0x0d, 0x53, 0xed, 0x52, 0xed, 0x52, 0x0d, 0x53, 0xed, 0x52,
    0xed, 0x52, 0xed, 0x52, 0xed, 0x52, 0xed, 0x52, 0xed, 0x52, 0xed, 0x52,
    0xed, 0x4a, 0xcd, 0x4a, 0xed, 0x4a, 0xcd, 0x42, 0xcd, 0x42, 0xcd, 0x42,
    0xcd, 0x42, 0xcd, 0x42, 0xcd, 0x42, 0xad, 0x42, 0xad, 0x42, 0xad, 0x3a,
    0xad, 0x3a, 0x8d, 0x42, 0x8d, 0x3a, 0x8d, 0x42, 0x6d, 0x3a, 0x6c, 0x3a,
    0x6d, 0x3a, 0x6d, 0x3a, 0x6d, 0x3a, 0x6d, 0x3a, 0x6d, 0x3a, 0x6d, 0x3a,
    0x6d, 0x3a, 0x6d, 0x3a, 0x6d, 0x3a, 0x6d, 0x3a, 0x6d, 0x3a, 0x6d, 0x3a,
    0x6d, 0x3a, 0x6d, 0x3a, 0x6d, 0x3a, 0x6d, 0x3a, 0x6d, 0x3a, 0x6d, 0x3a,
    0x6d, 0x3a, 0x6d, 0x3a, 0x6c, 0x3a, 0x4d, 0x32, 0x6d, 0x3a, 0x6d, 0x3a,
    0x4c, 0x3a, 0x4c, 0x32, 0x4d, 0x3a, 0x4c, 0x32, 0x6d, 0x32, 0x4d, 0x32,
    0x6d, 0x3a, 0x4d, 0x32, 0x4c, 0x32, 0x4c, 0x3a, 0x4d, 0x32, 0x4d, 0x32,
    0x2c, 0x3a, 0x2c, 0x3a, 0x2c, 0x32, 0x2c, 0x32, 0x0c, 0x32, 0x0c, 0x32,
    0x0c, 0x32, 0xeb, 0x31, 0xeb, 0x29, 0xeb, 0x31, 0xeb, 0x29, 0xeb, 0x29,
    0xca, 0x31, 0xca, 0x29, 0xca, 0x29, 0xca, 0x31, 0xca, 0x29, 0xca, 0x29,
    0xca, 0x29, 0xaa, 0x29, 0xaa, 0x29, 0xaa, 0x29, 0xcb, 0x29, 0xcb, 0x29,
    0xcb, 0x29, 0xaa, 0x29, 0x87, 0x29, 0x88, 0x29, 0x67, 0x29, 0x88, 0x29,
    0x88, 0x29, 0x67, 0x29, 0x88, 0x29, 0x88, 0x29, 0x87, 0x29, 0x68, 0x29,
    0x88, 0x29, 0x67, 0x29, 0x88, 0x29, 0x87, 0x21, 0x87, 0x29, 0x88, 0x29,
    0x87, 0x29, 0x88, 0x29, 0x68, 0x29, 0x87, 0x29, 0x87, 0x29, 0x88, 0x29,
    0x87, 0x29, 0x88, 0x29, 0x67, 0x29, 0x88, 0x29, 0x87, 0x29, 0x88, 0x29,
    0x87, 0x29, 0x67, 0x29, 0x88, 0x31, 0x88, 0x29, 0x87, 0x29, 0x88, 0x31,
    0x87, 0x31, 0x87, 0x29, 0xa8, 0x29, 0x87, 0x31, 0x88, 0x31, 0xa8, 0x29,
    0x87, 0x31, 0x88, 0x31, 0x88, 0x29, 0xa7, 0x31, 0x88, 0x31, 0x88, 0x29,
    0xa7, 0x31, 0xa8, 0x31, 0x87, 0x31, 0xa8, 0x31, 0xa8, 0x31, 0xa8, 0x31,
    0xa8, 0x31, 0xa8, 0x31, 0xa8, 0x31, 0xa8, 0x31, 0xa8, 0x31, 0xc9, 0x31,
    0xc9, 0x39, 0xc8, 0x31, 0xc9, 0x39, 0xc9, 0x31, 0xc9, 0x39, 0xc9, 0x39,
    0xc9, 0x39, 0xc8, 0x39, 0xe9, 0x39, 0xc9, 0x39, 0xc9, 0x39, 0xe9, 0x41,
    0xe9, 0x39, 0xe9, 0x41, 0xe9, 0x41, 0x09, 0x42, 0x09, 0x42, 0x09, 0x42,
    0x09, 0x4a, 0x09, 0x4a, 0x09, 0x4a, 0x09, 0x4a, 0x29, 0x4a, 0x29, 0x52,
    0x29, 0x52, 0x2a, 0x52, 0x29, 0x52, 0x49, 0x52, 0x4a, 0x52, 0x49, 0x5a,
    0x6a, 0x5a, 0x6a, 0x5a, 0x6a, 0x5a, 0x6a, 0x5a, 0x6a, 0x5a, 0x6a, 0x5a,
    0x6a, 0x62, 0x6a, 0x5a, 0x6a, 0x5a, 0x4a, 0x5a, 0x6a, 0x5a, 0x4a, 0x52,
    0x4a, 0x52, 0x4a, 0x52, 0x4a, 0x52, 0x4a, 0x5a, 0x6a, 0x5a, 0x6a, 0x5a,
    0x4a, 0x5a, 0x6a, 0x5a, 0x6a, 0x5a, 0x6b, 0x62, 0x8a, 0x62, 0x8a, 0x62,
    0x8b, 0x62, 0x8a, 0x62, 0x8a, 0x62, 0x8a, 0x62, 0x8b, 0x62, 0x8a, 0x62,
    0x8a, 0x62, 0x8a, 0x62, 0x8b, 0x62, 0x8a, 0x62, 0x8a, 0x6a, 0xaa, 0x6a,
    0xaa, 0x6a, 0xaa, 0x6a, 0xab, 0x6a, 0xab, 0x6a, 0xaa, 0x72, 0xca, 0x72,
    0xab, 0x72, 0xab, 0x72, 0xca, 0x72, 0xab, 0x72, 0xca, 0x72, 0xca, 0x72,
    0xaa, 0x72, 0xca, 0x72, 0xcb, 0x72, 0xaa, 0x72, 0xca, 0x72, 0xcb, 0x72,
    0xca, 0x72, 0xcb, 0x72, 0xcb, 0x72, 0xcb, 0x72, 0xeb, 0x7a, 0xeb, 0x7a,
    0xea, 0x7a, 0xea, 0x7a, 0xeb, 0x82, 0x0a, 0x7b, 0xeb, 0x7a, 0x0b, 0x83,
    0x0a, 0x83, 0xeb, 0x82, 0xeb, 0x7a, 0xeb, 0x7a, 0xeb, 0x7a, 0xea, 0x7a,
    0xcb, 0x72, 0xeb, 0x72, 0xca, 0x72, 0xea, 0x7a, 0xeb, 0x7a, 0xeb, 0x7a,
    0xeb, 0x7a, 0xeb, 0x7a, 0xeb, 0x72, 0xeb, 0x7a, 0xeb, 0x72, 0xeb, 0x7a,
    0xeb, 0x7a, 0x0b, 0x7b, 0x0c, 0x73, 0x0c, 0x63, 0xec, 0x62, 0x0d, 0x5b,
    0x0c, 0x5b, 0xed, 0x5a, 0x0c, 0x5b, 0x0d, 0x5b, 0xed, 0x5a, 0x0c, 0x5b,
    0x0c, 0x5b, 0x0d, 0x5b, 0x0c, 0x5b, 0x0c, 0x5b, 0x0c, 0x5b, 0x0d, 0x5b,
    0xed, 0x5a, 0x0d, 0x5b, 0x0d, 0x5b, 0x0c, 0x5b, 0x0c, 0x5b, 0x0d, 0x5b,
    0x0d, 0x5b, 0x0d, 0x5b, 0x0d, 0x5b, 0x0c, 0x5b, 0x0d, 0x5b, 0x0d, 0x5b,
    0x0d, 0x5b, 0x0d, 0x5b, 0x0d, 0x5b, 0x0d, 0x5b, 0x0d, 0x5b, 0x0d, 0x5b,
    0x0d, 0x5b, 0x0d, 0x5b, 0x0d, 0x53, 0x0d, 0x53, 0xed, 0x52, 0x0d, 0x53,
    0xed, 0x52, 0xec, 0x52, 0xed, 0x5a, 0xcc, 0x52, 0xed, 0x5a, 0xed, 0x52,
    0xec, 0x5a, 0xec, 0x5a, 0xed, 0x52, 0x0d, 0x53, 0x0d, 0x53, 0xed, 0x52,
    0x0d, 0x53, 0x0d, 0x53, 0xed, 0x5a, 0xed, 0x52, 0xed, 0x52, 0xed, 0x52,
    0x0d, 0x53, 0xed, 0x52, 0xed, 0x52, 0x0d, 0x53, 0xed, 0x52, 0xed, 0x52,
    0xed, 0x52, 0xed, 0x52, 0xed, 0x4a, 0xed, 0x42, 0xed, 0x4a, 0xcd, 0x4a,
    0xcd, 0x4a, 0xcd, 0x42, 0xcd, 0x42, 0xcc, 0x42, 0xcd, 0x42, 0xcd, 0x42,
    0xcd, 0x42, 0xad, 0x42, 0xad, 0x42, 0x8d, 0x3a, 0x8d, 0x42, 0x6c, 0x3a,
    0x6d, 0x3a, 0x8d, 0x3a, 0x6d, 0x3a, 0x6d, 0x3a, 0x6d, 0x3a, 0x6d, 0x3a,
    0x6d, 0x3a, 0x6d, 0x3a, 0x6d, 0x3a, 0x6d, 0x3a, 0x6d, 0x3a, 0x6d, 0x3a,
    0x6d, 0x3a, 0x6d, 0x3a, 0x6d, 0x3a, 0x6d, 0x32, 0x6d, 0x3a, 0x6d, 0x3a,
    0x6d, 0x3a, 0x6d, 0x32, 0x6d, 0x32, 0x6d, 0x3a, 0x6d, 0x3a, 0x4c, 0x32,
    0x6d, 0x3a, 0x4c, 0x3a, 0x4d, 0x32, 0x6d, 0x3a, 0x6c, 0x3a, 0x4d, 0x3a,
    0x6d, 0x3a, 0x6c, 0x3a, 0x4c, 0x32, 0x4d, 0x3a, 0x4d, 0x3a, 0x4d, 0x3a,
    0x4c, 0x32, 0x2c, 0x32, 0x4d, 0x3a, 0x2d, 0x3a, 0x2c, 0x32, 0x2c, 0x32,
    0x2c, 0x32, 0x2c, 0x32, 0x0c, 0x32, 0x0c, 0x32, 0xeb, 0x31, 0xeb, 0x29,
    0xcb, 0x31, 0xea, 0x29, 0xcb, 0x29, 0xca, 0x29, 0xca, 0x31, 0xcb, 0x29,
    0xca, 0x29, 0xaa, 0x29, 0xca, 0x29, 0xca, 0x29, 0xaa, 0x29, 0xca, 0x29,
    0xab, 0x29, 0xcb, 0x29, 0xab, 0x29, 0xab, 0x29, 0x88, 0x29, 0x88, 0x29,
    0x87, 0x29, 0x68, 0x29, 0x87, 0x29, 0x88, 0x29, 0x68, 0x29, 0x87, 0x29,
    0x88, 0x29, 0x88, 0x29, 0x87, 0x29, 0x88, 0x29, 0x87, 0x29, 0x68, 0x29,
    0x68, 0x29, 0x67, 0x29, 0x87, 0x29, 0x87, 0x29, 0x88, 0x29, 0x88, 0x29,
    0x87, 0x29, 0x88, 0x29, 0x88, 0x29, 0x87, 0x29, 0x88, 0x29, 0x68, 0x31,
    0x88, 0x29, 0x88, 0x29, 0x68, 0x31, 0x88, 0x29, 0x88, 0x29, 0x87, 0x29,
    0x88, 0x29, 0x88, 0x29, 0x88, 0x31, 0x87, 0x29, 0xa8, 0x29, 0x88, 0x29,
    0x87, 0x29, 0xa8, 0x29, 0x87, 0x31, 0x88, 0x31, 0x88, 0x29, 0x87, 0x29,
    0xa8, 0x31, 0x87, 0x29, 0xa8, 0x31, 0x88, 0x31, 0x88, 0x29, 0xa8, 0x31,
    0xa8, 0x31, 0xa8, 0x31, 0xa8, 0x31, 0xa8, 0x31, 0xc8, 0x31, 0xa8, 0x31,
    0xc9, 0x39, 0xc9, 0x39, 0xc8, 0x39, 0xc9, 0x39, 0xc8, 0x39, 0xc9, 0x39,
    0xc9, 0x39, 0xc8, 0x39, 0xc8, 0x39, 0xc9, 0x39, 0xe9, 0x39, 0xe8, 0x39,
    0xc9, 0x39, 0xe9, 0x41, 0xe9, 0x41, 0xe9, 0x41, 0xe9, 0x41, 0x09, 0x42,
    0x09, 0x42, 0x09, 0x42, 0x09, 0x42, 0x09, 0x4a, 0x09, 0x4a, 0x09, 0x4a,
    0x29, 0x4a, 0x09, 0x4a, 0x29, 0x4a, 0x29, 0x52, 0x29, 0x52, 0x2a, 0x52,
    0x49, 0x52, 0x29, 0x52, 0x4a, 0x52, 0x49, 0x5a, 0x49, 0x5a, 0x4a, 0x5a,
    0x4a, 0x5a, 0x6a, 0x5a, 0x4a, 0x5a, 0x4a, 0x5a, 0x4a, 0x52, 0x4a, 0x52,
    0x4a, 0x5a, 0x4a, 0x52, 0x4a, 0x52, 0x4a, 0x52, 0x4a, 0x52, 0x4a, 0x52,
    0x4a, 0x52, 0x4a, 0x5a, 0x6a, 0x5a, 0x6a, 0x5a, 0x6a, 0x5a, 0x6a, 0x5a,
    0x6a, 0x5a, 0x6a, 0x5a, 0x6a, 0x5a, 0x6b, 0x5a, 0x6a, 0x62, 0x8a, 0x62,
    0x8a, 0x62, 0x8b, 0x62, 0x8a, 0x62, 0x8a, 0x62, 0x8b, 0x62, 0x8a, 0x62,
    0x8a, 0x62, 0x8b, 0x62, 0x8a, 0x62, 0x8a, 0x62, 0x8a, 0x62, 0xaa, 0x6a,
    0x8b, 0x6a, 0xaa, 0x62, 0xaa, 0x6a, 0xaa, 0x6a, 0xaa, 0x6a, 0xab, 0x6a,
    0xaa, 0x6a, 0xaa, 0x6a, 0xab, 0x6a, 0xaa, 0x6a, 0xaa, 0x6a, 0xaa, 0x6a,
    0xab, 0x6a, 0xaa, 0x72, 0xaa, 0x72, 0xca, 0x72, 0xcb, 0x72, 0xca, 0x72,
    0xca, 0x72, 0xeb, 0x7a, 0xeb, 0x7a, 0xea, 0x7a, 0xea, 0x7a, 0xeb, 0x7a,
    0xea, 0x82, 0x0a, 0x83, 0x0b, 0x7b, 0xea, 0x82, 0xea, 0x7a, 0xeb, 0x7a,
    0xeb, 0x7a, 0xeb, 0x7a, 0xca, 0x7a, 0xcb, 0x72, 0xcb, 0x72, 0xeb, 0x72,
    0xeb, 0x7a, 0xeb, 0x7a, 0xeb, 0x7a, 0xeb, 0x72, 0xeb, 0x7a, 0xeb, 0x7a,
    0xeb, 0x7a, 0xeb, 0x72, 0xeb, 0x72, 0xeb, 0x72, 0xcb, 0x72, 0xcb, 0x6a,
    0xcb, 0x6a, 0xcc, 0x6a, 0xeb, 0x6a, 0xec, 0x62, 0xec, 0x62, 0xec, 0x62,
    0xec, 0x62, 0x0c, 0x63, 0x0c, 0x63, 0x0d, 0x5b, 0x0c, 0x5b, 0x0d, 0x5b,
    0x0d, 0x5b, 0x0d, 0x5b, 0x0d, 0x5b, 0x0d, 0x5b, 0x0d, 0x5b, 0x0d, 0x5b,
    0x0d, 0x5b, 0x0c, 0x5b, 0x0d, 0x5b, 0x0d, 0x5b, 0x0d, 0x5b, 0x0d, 0x5b,
    0x0c, 0x5b, 0x0d, 0x5b, 0x0d, 0x5b, 0x0d, 0x5b, 0x0d, 0x5b, 0x0d, 0x5b,
    0x0d, 0x53, 0x0d, 0x5b, 0x0d, 0x5b, 0x0d, 0x5b, 0x0d, 0x5b, 0x0d, 0x5b,
    0x0d, 0x5b, 0x0d, 0x5b, 0xed, 0x5a, 0xed, 0x5a, 0xed, 0x52, 0xec, 0x52,
    0xcc, 0x5a, 0xcd, 0x5a, 0xcd, 0x52, 0xec, 0x5a, 0xec, 0x5a, 0xed, 0x52,
    0x0d, 0x53, 0x0d, 0x5b, 0x0d, 0x53, 0x0d, 0x53, 0x0d, 0x53, 0x0d, 0x53,
    0xed, 0x52, 0xed, 0x52, 0xec, 0x52, 0xed, 0x52, 0x0d, 0x53, 0xec, 0x52,
    0xed, 0x52, 0x0d, 0x53, 0x0c, 0x53, 0xed, 0x52, 0xed, 0x52, 0xed, 0x4a,
    0xed, 0x4a, 0xed, 0x4a, 0xed, 0x52, 0xed, 0x4a, 0xed, 0x4a, 0xcd, 0x4a,
    0xcd, 0x4a, 0xcc, 0x4a, 0xcd, 0x4a, 0xac, 0x4a, 0xad, 0x42, 0x8d, 0x3a,
    0x8d, 0x3a, 0x8d, 0x3a, 0x8d, 0x3a, 0x6d, 0x3a, 0x6d, 0x3a, 0x6d, 0x3a,
    0x6d, 0x3a, 0x6d, 0x3a, 0x6d, 0x3a, 0x6d, 0x3a, 0x6d, 0x3a, 0x6d, 0x3a,
    0x6d, 0x3a, 0x6d, 0x3a, 0x6d, 0x3a, 0x6d, 0x3a, 0x6d, 0x3a, 0x6d, 0x3a,
    0x6d, 0x3a, 0x6d, 0x32, 0x6d, 0x3a, 0x6d, 0x32, 0x6d, 0x3a, 0x4d, 0x32,
    0x4d, 0x3a, 0x6d, 0x3a, 0x4c, 0x3a, 0x6d, 0x3a, 0x6d, 0x3a, 0x4d, 0x32,
    0x6d, 0x3a, 0x4d, 0x32, 0x4d, 0x3a, 0x4d, 0x32, 0x4d, 0x32, 0x4d, 0x3a,
    0x4d, 0x32, 0x4d, 0x32, 0x4d, 0x3a, 0x4d, 0x32, 0x4c, 0x32, 0x2c, 0x32,
    0x2d, 0x3a, 0x2c, 0x3a, 0x2c, 0x32, 0x2c, 0x32, 0x0c, 0x32, 0x0c, 0x32,
    0xeb, 0x31, 0xeb, 0x29, 0xcb, 0x31, 0xca, 0x31, 0xca, 0x29, 0xcb, 0x29,
    0xca, 0x29, 0xca, 0x29, 0xca, 0x29, 0xaa, 0x29, 0xaa, 0x29, 0xca, 0x29,
    0xaa, 0x29, 0xaa, 0x29, 0xaa, 0x29, 0xcb, 0x29, 0xab, 0x29, 0xcb, 0x21,
    0x68, 0x29, 0x87, 0x29, 0x88, 0x29, 0x88, 0x29, 0x87, 0x29, 0x88, 0x29,
    0x87, 0x29, 0x68, 0x29, 0x88, 0x29, 0x87, 0x29, 0x68, 0x29, 0x88, 0x29,
    0x87, 0x29, 0x88, 0x29, 0x88, 0x29, 0x87, 0x29, 0x88, 0x29, 0x68, 0x21,
    0x87, 0x29, 0x88, 0x29, 0x68, 0x29, 0x67, 0x29, 0x88, 0x29, 0x88, 0x29,
    0x67, 0x29, 0x87, 0x29, 0x88, 0x29, 0x87, 0x29, 0x87, 0x29, 0x88, 0x29,
    0x87, 0x29, 0x88, 0x29, 0x88, 0x29, 0x88, 0x29, 0x88, 0x29, 0x88, 0x29,
    0x88, 0x31, 0x87, 0x29, 0x88, 0x31, 0x88, 0x29, 0xa7, 0x31, 0x88, 0x29,
    0x87, 0x31, 0xa8, 0x31, 0x88, 0x31, 0x87, 0x29, 0xa8, 0x29, 0x88, 0x31,
    0xa8, 0x29, 0xa8, 0x31, 0xa8, 0x31, 0xa8, 0x31, 0xa8, 0x31, 0xa8, 0x31,
    0xa8, 0x31, 0xc8, 0x31, 0xc9, 0x39, 0xc8, 0x39, 0xc9, 0x31, 0xc9, 0x31,
    0xc8, 0x39, 0xe9, 0x39, 0xc8, 0x39, 0xe9, 0x39, 0xc9, 0x39, 0xc9, 0x39,
    0xe9, 0x39, 0xe9, 0x39, 0xc8, 0x39, 0xe9, 0x41, 0xe9, 0x39, 0xe9, 0x41,
    0xe9, 0x41, 0xe9, 0x41, 0xe9, 0x41, 0x09, 0x42, 0x09, 0x42, 0x09, 0x4a,
    0x09, 0x42, 0x09, 0x4a, 0x09, 0x4a, 0x09, 0x4a, 0x29, 0x4a, 0x29, 0x4a,
    0x09, 0x4a, 0x29, 0x4a, 0x29, 0x52, 0x29, 0x52, 0x29, 0x52, 0x29, 0x52,
    0x4a, 0x52, 0x49, 0x52, 0x4a, 0x52, 0x4a, 0x52, 0x4a, 0x52, 0x4a, 0x52,
    0x4a, 0x52, 0x2a, 0x52, 0x4a, 0x52, 0x4a, 0x52, 0x4a, 0x52, 0x4a, 0x52,
    0x4a, 0x52, 0x4a, 0x52, 0x4a, 0x5a, 0x4a, 0x52, 0x6a, 0x5a, 0x4a, 0x5a,
    0x4a, 0x52, 0x6a, 0x5a, 0x4a, 0x5a, 0x4a, 0x5a, 0x6a, 0x5a, 0x6a, 0x5a,
    0x6a, 0x5a, 0x6a, 0x5a, 0x6a, 0x5a, 0x6a, 0x5a, 0x6a, 0x5a, 0x6a, 0x5a,
    0x6a, 0x5a, 0x6a, 0x5a, 0x6a, 0x5a, 0x6b, 0x5a, 0x6a, 0x5a, 0x6a, 0x62,
    0x6a, 0x5a, 0x6a, 0x5a, 0x6a, 0x5a, 0x6a, 0x5a, 0x6a, 0x5a, 0x6a, 0x62,
    0x6a, 0x5a, 0x8a, 0x62, 0x8a, 0x62, 0x6a, 0x62, 0x8a, 0x62, 0x8a, 0x62,
    0x8a, 0x62, 0x8b, 0x62, 0xaa, 0x6a, 0xaa, 0x6a, 0xaa, 0x6a, 0xab, 0x6a,
    0xaa, 0x6a, 0xaa, 0x6a, 0xaa, 0x72, 0xcb, 0x72, 0xea, 0x7a, 0xeb, 0x7a,
    0xeb, 0x7a, 0xea, 0x7a, 0xeb, 0x82, 0xea, 0x7a, 0xea, 0x7a, 0xeb, 0x82,
    0xea, 0x7a, 0xea, 0x82, 0xeb, 0x7a, 0xeb, 0x7a, 0xeb, 0x7a, 0xea, 0x7a,
    0xcb, 0x72, 0xca, 0x72, 0xca, 0x72, 0xeb, 0x72, 0xea, 0x7a, 0xeb, 0x7a,
    0xeb, 0x7a, 0xeb, 0x7a, 0xeb, 0x7a, 0xeb, 0x7a, 0xeb, 0x7a, 0xeb, 0x7a,
    0xeb, 0x72, 0xeb, 0x72, 0xeb, 0x72, 0xcb, 0x72, 0xeb, 0x72, 0xeb, 0x72,
    0xeb, 0x72, 0x0b, 0x73, 0x0c, 0x6b, 0x0c, 0x6b, 0x0c, 0x6b, 0x0c, 0x6b,
    0x0c, 0x63, 0x0d, 0x63, 0x0d, 0x63, 0x0c, 0x5b, 0x0c, 0x5b, 0x0c, 0x5b,
    0x0c, 0x5b, 0x0d, 0x5b, 0x0d, 0x5b, 0x0d, 0x5b, 0x0c, 0x5b, 0x0c, 0x5b,
    0x0d, 0x5b, 0x0d, 0x5b, 0x0d, 0x5b, 0x0c, 0x5b, 0x0d, 0x5b, 0x0d, 0x5b,
    0x0d, 0x5b, 0x0d, 0x5b, 0x0d, 0x5b, 0x0d, 0x5b, 0x0d, 0x5b, 0x0d, 0x53,
    0x0d, 0x5b, 0x0d, 0x5b, 0x0d, 0x5b, 0x0d, 0x53, 0x0d, 0x5b, 0x0d, 0x5b,
    0xed, 0x5a, 0xed, 0x5a, 0xed, 0x5a, 0xec, 0x52, 0xed, 0x52, 0xec, 0x52,
    0xed, 0x5a, 0xec, 0x5a, 0x0d, 0x53, 0x0d, 0x53, 0xed, 0x52, 0x0d, 0x53,
    0x0d, 0x5b, 0x0d, 0x53, 0xed, 0x5a, 0xed, 0x52, 0x0c, 0x53, 0xed, 0x5a,
    0xed, 0x52, 0xec, 0x52, 0xed, 0x52, 0xed, 0x52, 0xec, 0x52, 0xed, 0x52,
    0xec, 0x52, 0xec, 0x52, 0xed, 0x52, 0xec, 0x52, 0xec, 0x52, 0xed, 0x52,
    0xed, 0x52, 0xec, 0x52, 0xed, 0x52, 0xcd, 0x52, 0xec, 0x52, 0xcd, 0x4a,
    0xad, 0x42, 0xad, 0x42, 0x8d, 0x3a, 0x8d, 0x3a, 0x8d, 0x3a, 0x6d, 0x3a,
    0x6d, 0x3a, 0x6d, 0x3a, 0x6d, 0x3a, 0x6d, 0x3a, 0x6d, 0x3a, 0x6d, 0x3a,
    0x6d, 0x3a, 0x6d, 0x3a, 0x6d, 0x3a, 0x6d, 0x3a, 0x6d, 0x32, 0x6d, 0x3a,
    0x6d, 0x32, 0x6d, 0x32, 0x6d, 0x3a, 0x6d, 0x3a, 0x6d, 0x3a, 0x6d, 0x3a,
    0x4d, 0x3a, 0x4d, 0x32, 0x6d, 0x32, 0x6d, 0x3a, 0x4d, 0x32, 0x4d, 0x32,
    0x4d, 0x3a, 0x4c, 0x3a, 0x4d, 0x32, 0x4d, 0x3a, 0x4c, 0x3a, 0x4d, 0x32,
    0x4d, 0x3a, 0x6c, 0x32, 0x6d, 0x3a, 0x4d, 0x3a, 0x4d, 0x3a, 0x4d, 0x32,
    0x4c, 0x3a, 0x4c, 0x32, 0x4c, 0x3a, 0x4c, 0x3a, 0x2c, 0x3a, 0x4c, 0x32,
    0x2c, 0x32, 0x2c, 0x32, 0x0b, 0x32, 0xca, 0x29, 0xea, 0x29, 0xca, 0x31,
    0xca, 0x29, 0xca, 0x29, 0xca, 0x29, 0xca, 0x29, 0xaa, 0x29, 0xca, 0x29,
    0xaa, 0x29, 0xaa, 0x29, 0xaa, 0x29, 0xaa, 0x29, 0xaa, 0x29, 0xab, 0x29,
    0xcb, 0x29, 0xab, 0x29, 0x88, 0x29, 0x87, 0x29, 0x68, 0x29, 0x88, 0x29,
    0x67, 0x29, 0x88, 0x29, 0x88, 0x29, 0x87, 0x29, 0x67, 0x29, 0x88, 0x29,
    0x88, 0x29, 0x67, 0x29, 0x88, 0x29, 0x87, 0x29, 0x88, 0x29, 0x88, 0x29,
    0x88, 0x29, 0x68, 0x29, 0x87, 0x29, 0x88, 0x29, 0x88, 0x29, 0x87, 0x29,
    0x68, 0x29, 0x88, 0x29, 0x87, 0x29, 0x88, 0x29, 0x68, 0x29, 0x87, 0x29,
    0x68, 0x29, 0x88, 0x29, 0x67, 0x29, 0x87, 0x31, 0x88, 0x29, 0x87, 0x31,
    0x88, 0x29, 0x88, 0x29, 0x87, 0x29, 0x88, 0x29, 0x88, 0x29, 0x87, 0x29,
    0x88, 0x29, 0x88, 0x29, 0x87, 0x29, 0x88, 0x31, 0x88, 0x29, 0x87, 0x29,
    0xa8, 0x31, 0xa8, 0x29, 0xa8, 0x31, 0x88, 0x31, 0xa8, 0x31, 0x88, 0x29,
    0xa8, 0x31, 0xa8, 0x31, 0xa8, 0x31, 0xa9, 0x39, 0xc8, 0x31, 0xc8, 0x39,
    0xc9, 0x31, 0xc9, 0x39, 0xc8, 0x39, 0xc9, 0x31, 0xc9, 0x31, 0xc9, 0x39,
    0xc8, 0x39, 0xc8, 0x39, 0xe9, 0x39, 0xc9, 0x39, 0xc9, 0x39, 0xe9, 0x41,
    0xe8, 0x39, 0xe8, 0x41, 0xe9, 0x41, 0xe9, 0x41, 0xe8, 0x41, 0xe9, 0x41,
    0xe9, 0x41, 0x09, 0x42, 0x09, 0x4a, 0x09, 0x4a, 0x09, 0x42, 0x09, 0x4a,
    0x09, 0x4a, 0x09, 0x4a, 0x09, 0x4a, 0x09, 0x4a, 0x09, 0x4a, 0x29, 0x4a,
    0x0a, 0x4a, 0x29, 0x4a, 0x29, 0x4a, 0x29, 0x4a, 0x29, 0x52, 0x29, 0x52,
    0x29, 0x4a, 0x2a, 0x4a, 0x29, 0x4a, 0x2a, 0x52, 0x4a, 0x52, 0x2a, 0x52,
    0x2a, 0x52, 0x29, 0x52, 0x4a, 0x52, 0x4a, 0x52, 0x4a, 0x52, 0x4a, 0x52,
    0x4a, 0x52, 0x4a, 0x52, 0x4a, 0x52, 0x4a, 0x52, 0x4a, 0x52, 0x4a, 0x52,
    0x4a, 0x52, 0x4a, 0x52, 0x4a, 0x52, 0x4a, 0x52, 0x4a, 0x52, 0x2a, 0x52,
    0x4a, 0x52, 0x4a, 0x52, 0x4a, 0x52, 0x4a, 0x52, 0x4a, 0x52, 0x4a, 0x52,
    0x4a, 0x52, 0x4a, 0x5a, 0x4a, 0x5a, 0x4a, 0x52, 0x4a, 0x5a, 0x4a, 0x52,
    0x4a, 0x52, 0x4a, 0x52, 0x4a, 0x5a, 0x4a, 0x5a, 0x4a, 0x52, 0x4a, 0x5a,
    0x4a, 0x5a, 0x6a, 0x5a, 0x4a, 0x5a, 0x6a, 0x5a, 0x6a, 0x5a, 0x6a, 0x5a,
    0x6a, 0x5a, 0x6a, 0x5a, 0x6a, 0x62, 0x8a, 0x62, 0x8a, 0x62, 0xaa, 0x6a,
    0xaa, 0x6a, 0xaa, 0x72, 0xab, 0x72, 0xcb, 0x72, 0xca, 0x72, 0xeb, 0x7a,
    0xeb, 0x7a, 0xea, 0x7a, 0xea, 0x7a, 0xea, 0x7a, 0xea, 0x7a, 0xeb, 0x7a,
    0xeb, 0x7a, 0xea, 0x7a, 0xeb, 0x7a, 0xcb, 0x7a, 0xcb, 0x72, 0xea, 0x72,
    0xeb, 0x72, 0xeb, 0x72, 0xca, 0x72, 0xeb, 0x72, 0xeb, 0x7a, 0xeb, 0x7a,
    0xeb, 0x7a, 0xeb, 0x72, 0xeb, 0x7a, 0xeb, 0x7a, 0xeb, 0x72, 0xeb, 0x7a,
    0xeb, 0x7a, 0xeb, 0x7a, 0xeb, 0x7a, 0x0b, 0x7b, 0xeb, 0x7a, 0x0b, 0x73,
    0x0c, 0x73, 0x0c, 0x6b, 0x0c, 0x6b, 0x0c, 0x6b, 0x0c, 0x6b, 0x0c, 0x63,
    0x0d, 0x63, 0x0d, 0x5b, 0x0d, 0x63, 0x0c, 0x63, 0x0d, 0x5b, 0x0d, 0x5b,
    0x0d, 0x5b, 0x0d, 0x5b, 0x0c, 0x5b, 0x0d, 0x5b, 0x0d, 0x5b, 0x0d, 0x5b,
    0x0c, 0x5b, 0x0d, 0x5b, 0x0d, 0x5b, 0x0d, 0x5b, 0x0d, 0x5b, 0x0d, 0x5b,
    0x0d, 0x5b, 0x0d, 0x5b, 0x0d, 0x5b, 0x0d, 0x5b, 0x0d, 0x53, 0x0d, 0x5b,
    0x0d, 0x5b, 0x0d, 0x53, 0x0d, 0x5b, 0x0d, 0x5b, 0x0d, 0x5b, 0x0d, 0x5b,
    0x0c, 0x5b, 0xed, 0x52, 0xed, 0x52, 0xec, 0x5a, 0xed, 0x52, 0x0d, 0x53,
    0x0d, 0x53, 0x0d, 0x53, 0x0d, 0x53, 0xed, 0x5a, 0xed, 0x52, 0x0d, 0x53,
    0xed, 0x52, 0xed, 0x52, 0xed, 0x52, 0xed, 0x52, 0x0d, 0x53, 0xed, 0x52,
    0xed, 0x52, 0xed, 0x52, 0xed, 0x52, 0xed, 0x52, 0xed, 0x52, 0xed, 0x52,
    0xec, 0x52, 0xed, 0x52, 0xed, 0x52, 0xed, 0x52, 0xed, 0x52, 0xed, 0x52,
    0xec, 0x52, 0xed, 0x52, 0xcd, 0x4a, 0x8c, 0x42, 0x8d, 0x3a, 0x6d, 0x42,
    0x6d, 0x3a, 0x6d, 0x3a, 0x6d, 0x3a, 0x6d, 0x3a, 0x6d, 0x3a, 0x6d, 0x3a,
    0x6d, 0x3a, 0x6d, 0x3a, 0x6d, 0x3a, 0x6d, 0x3a, 0x6d, 0x3a, 0x6d, 0x32,
    0x6d, 0x3a, 0x6c, 0x3a, 0x6d, 0x32, 0x6d, 0x3a, 0x6d, 0x3a, 0x6d, 0x32,
    0x4d, 0x32, 0x4c, 0x32, 0x6d, 0x3a, 0x4d, 0x3a, 0x6d, 0x32, 0x4d, 0x3a,
    0x4c, 0x32, 0x4d, 0x32, 0x6d, 0x3a, 0x4c, 0x32, 0x4d, 0x32, 0x6d, 0x3a,
    0x4d, 0x32, 0x4d, 0x3a, 0x6c, 0x32, 0x4d, 0x3a, 0x4d, 0x32, 0x4c, 0x32,
    0x6c, 0x32, 0x4d, 0x32, 0x4d, 0x3a, 0x4c, 0x3a, 0x4c, 0x3a, 0x2c, 0x3a,
    0x4c, 0x3a, 0x2c, 0x3a, 0x2c, 0x3a, 0x2c, 0x32, 0x0b, 0x32, 0xeb, 0x29,
    0xcb, 0x29, 0xca, 0x31, 0xca, 0x29, 0xca, 0x29, 0xaa, 0x29, 0xaa, 0x29,
    0xca, 0x29, 0xaa, 0x29, 0xaa, 0x29, 0xaa, 0x29, 0xca, 0x29, 0xaa, 0x29,
    0xaa, 0x21, 0xca, 0x29, 0xab, 0x29, 0xab, 0x21, 0x88, 0x29, 0x88, 0x29,
    0x88, 0x31, 0x87, 0x29, 0x88, 0x29, 0x68, 0x29, 0x87, 0x29, 0x88, 0x29,
    0x88, 0x29, 0x87, 0x29, 0x88, 0x29, 0x88, 0x29, 0x67, 0x29, 0x68, 0x29,
    0x87, 0x29, 0x67, 0x29, 0x88, 0x29, 0x87, 0x29, 0x88, 0x29, 0x67, 0x29,
    0x88, 0x29, 0x87, 0x29, 0x88, 0x29, 0x68, 0x29, 0x87, 0x29, 0x88, 0x31,
    0x88, 0x29, 0x68, 0x29, 0x88, 0x31, 0x88, 0x29, 0x88, 0x29, 0x88, 0x29,
    0x88, 0x31, 0x88, 0x29, 0x87, 0x29, 0x88, 0x31, 0x88, 0x29, 0x88, 0x29,
    0x88, 0x31, 0x87, 0x29, 0x88, 0x29, 0x88, 0x31, 0xa7, 0x29, 0x87, 0x31,
    0x88, 0x31, 0x88, 0x31, 0xa7, 0x31, 0x88, 0x29, 0xa8, 0x31, 0xa8, 0x29,
    0xa8, 0x31, 0xa8, 0x31, 0xa8, 0x31, 0xa8, 0x31, 0xc8, 0x31, 0xc9, 0x31,
    0xc9, 0x39, 0xc8, 0x39, 0xc9, 0x39, 0xc8, 0x31, 0xc8, 0x39, 0xc9, 0x39,
    0xc9, 0x39, 0xc8, 0x39, 0xe9, 0x39, 0xc9, 0x39, 0xc8, 0x39, 0xe9, 0x39,
    0xe9, 0x39, 0xe8, 0x39, 0xe9, 0x41, 0xe8, 0x39, 0xe9, 0x41, 0xe8, 0x41,
    0x09, 0x42, 0xe9, 0x41, 0xe8, 0x41, 0x09, 0x42, 0xe9, 0x41, 0x08, 0x42,
    0x09, 0x42, 0x09, 0x4a, 0x09, 0x4a, 0x09, 0x42, 0x09, 0x4a, 0x09, 0x4a,
    0x09, 0x4a, 0x09, 0x4a, 0x09, 0x4a, 0x09, 0x4a, 0x09, 0x4a, 0x09, 0x4a,
    0x09, 0x4a, 0x09, 0x42, 0x09, 0x42, 0xe9, 0x41, 0x09, 0x4a, 0x2a, 0x4a,
    0x29, 0x4a, 0x29, 0x52, 0x2a, 0x52, 0x29, 0x4a, 0x2a, 0x52, 0x2a, 0x52,
    0x49, 0x52, 0x29, 0x52, 0x4a, 0x52, 0x4a, 0x52, 0x29, 0x52, 0x4a, 0x52,
    0x4a, 0x52, 0x2a, 0x52, 0x4a, 0x52, 0x2a, 0x52, 0x2a, 0x4a, 0x2a, 0x52,
    0x2a, 0x52, 0x2a, 0x52, 0x4a, 0x52, 0x2a, 0x52, 0x4a, 0x52, 0x4a, 0x52,
    0x4a, 0x52, 0x4a, 0x52, 0x4a, 0x52, 0x4a, 0x52, 0x4a, 0x52, 0x4a, 0x52,
    0x4a, 0x52, 0x4a, 0x52, 0x4a, 0x52, 0x4a, 0x52, 0x4a, 0x52, 0x4a, 0x52,
    0x4a, 0x52, 0x4a, 0x52, 0x4a, 0x52, 0x4a, 0x52, 0x4a, 0x52, 0x4a, 0x52,
    0x4a, 0x52, 0x4a, 0x52, 0x4a, 0x52, 0x4a, 0x5a, 0x4a, 0x5a, 0x4a, 0x5a,
    0x4a, 0x5a, 0x6a, 0x5a, 0x6a, 0x5a, 0x6a, 0x5a, 0x6a, 0x5a, 0x6a, 0x62,
    0x8a, 0x62, 0x8a, 0x62, 0x8a, 0x6a, 0xaa, 0x6a, 0xab, 0x6a, 0xcb, 0x72,
    0xca, 0x72, 0xca, 0x72, 0xca, 0x72, 0xcb, 0x72, 0xeb, 0x72, 0xea, 0x72,
    0xcb, 0x72, 0xcb, 0x7a, 0xca, 0x72, 0xcb, 0x72, 0xeb, 0x72, 0xca, 0x72,
    0xeb, 0x72, 0xeb, 0x72, 0xea, 0x72, 0xeb, 0x72, 0xeb, 0x7a, 0xea, 0x72,
    0xeb, 0x72, 0xeb, 0x7a, 0xeb, 0x7a, 0xeb, 0x72, 0xeb, 0x7a, 0xeb, 0x7a,
    0xeb, 0x7a, 0xeb, 0x7a, 0xeb, 0x7a, 0x0b, 0x7b, 0x0b, 0x73, 0x0c, 0x73,
    0x0c, 0x6b, 0x0c, 0x6b, 0x0c, 0x6b, 0x0c, 0x63, 0x0d, 0x63, 0x0d, 0x5b,
    0x0c, 0x5b, 0x0d, 0x5b, 0x0d, 0x5b, 0x0d, 0x63, 0x0d, 0x5b, 0x0c, 0x5b,
    0x0d, 0x5b, 0x0d, 0x5b, 0x0d, 0x5b, 0x0c, 0x5b, 0x0d, 0x5b, 0x0c, 0x5b,
    0x0d, 0x5b, 0x0d, 0x5b, 0x0d, 0x5b, 0x0d, 0x5b, 0x0d, 0x5b, 0x0d, 0x5b,
    0x0d, 0x5b, 0x0d, 0x5b, 0x0d, 0x5b, 0x0d, 0x5b, 0x0d, 0x5b, 0x0d, 0x5b,
    0x0c, 0x53, 0x0d, 0x5b, 0x0d, 0x5b, 0xec, 0x5a, 0x0d, 0x5b, 0x0d, 0x5b,
    0xec, 0x52, 0x0d, 0x53, 0x0d, 0x53, 0x0d, 0x53, 0x0d, 0x53, 0xec, 0x52,
    0xed, 0x52, 0xec, 0x52, 0xed, 0x52, 0x0c, 0x53, 0xec, 0x52, 0xed, 0x52,
    0xec, 0x52, 0x0d, 0x53, 0xed, 0x52, 0xec, 0x52, 0xed, 0x52, 0xed, 0x52,
    0xed, 0x52, 0xed, 0x52, 0xed, 0x52, 0xed, 0x52, 0xed, 0x52, 0xec, 0x52,
    0xec, 0x52, 0xed, 0x52, 0xed, 0x52, 0xec, 0x52, 0xcd, 0x4a, 0x8d, 0x42,
    0x8d, 0x3a, 0x8d, 0x3a, 0x8d, 0x3a, 0x6d, 0x3a, 0x6d, 0x3a, 0x6d, 0x3a,
    0x6d, 0x3a, 0x6d, 0x3a, 0x6d, 0x3a, 0x6d, 0x3a, 0x6d, 0x3a, 0x6d, 0x32,
    0x4d, 0x3a, 0x6d, 0x3a, 0x6d, 0x3a, 0x6d, 0x3a, 0x6c, 0x3a, 0x6d, 0x3a,
    0x6d, 0x32, 0x6d, 0x3a, 0x6d, 0x3a, 0x4d, 0x3a, 0x4d, 0x3a, 0x4c, 0x32,
    0x4c, 0x3a, 0x4d, 0x3a, 0x4d, 0x3a, 0x6d, 0x32, 0x4c, 0x3a, 0x4c, 0x32,
    0x4d, 0x3a, 0x4d, 0x32, 0x6c, 0x32, 0x4d, 0x3a, 0x4d, 0x3a, 0x4d, 0x32,
    0x4c, 0x32, 0x4d, 0x3a, 0x4c, 0x32, 0x4d, 0x32, 0x4c, 0x3a, 0x4c, 0x32,
    0x2c, 0x3a, 0x4c, 0x3a, 0x2c, 0x32, 0x4c, 0x3a, 0x2c, 0x3a, 0x0c, 0x32,
    0x0b, 0x32, 0xeb, 0x31, 0xca, 0x29, 0xca, 0x29, 0xca, 0x29, 0xca, 0x29,
    0xca, 0x29, 0xaa, 0x29, 0xca, 0x29, 0xca, 0x29, 0xaa, 0x29, 0xaa, 0x29,
    0xca, 0x29, 0xcb, 0x29, 0xcb, 0x29, 0xab, 0x21, 0xab, 0x29, 0xaa, 0x21,
    0x88, 0x29, 0x88, 0x29, 0x87, 0x31, 0x88, 0x29, 0x88, 0x29, 0x87, 0x29,
    0x68, 0x29, 0x88, 0x29, 0x87, 0x29, 0x68, 0x29, 0x87, 0x29, 0x88, 0x29,
    0x88, 0x29, 0x88, 0x29, 0x88, 0x29, 0x87, 0x29, 0x68, 0x29, 0x88, 0x29,
    0x87, 0x29, 0x68, 0x29, 0x88, 0x29, 0x87, 0x29, 0x88, 0x29, 0x87, 0x29,
    0x68, 0x29, 0x87, 0x29, 0x87, 0x29, 0x88, 0x29, 0x87, 0x29, 0x87, 0x29,
    0x68, 0x31, 0x88, 0x29, 0x87, 0x29, 0x88, 0x29, 0x88, 0x29, 0x88, 0x31,
    0x87, 0x29, 0x88, 0x29, 0x87, 0x31, 0x88, 0x29, 0x87, 0x29, 0x88, 0x29,
    0x87, 0x31, 0x88, 0x29, 0x88, 0x31, 0xa8, 0x31, 0x88, 0x29, 0x87, 0x31,
    0xa8, 0x31, 0xa8, 0x29, 0x88, 0x31, 0xa8, 0x31, 0xa8, 0x31, 0xa8, 0x31,
    0xc8, 0x31, 0xa8, 0x39, 0xc8, 0x31, 0xc9, 0x39, 0xc8, 0x31, 0xc9, 0x39,
    0xc9, 0x39, 0xc8, 0x39, 0xc8, 0x31, 0xc9, 0x39, 0xc9, 0x39, 0xc9, 0x39,
    0xc8, 0x39, 0xe9, 0x39, 0xc8, 0x39, 0xe9, 0x41, 0xe9, 0x41, 0xe8, 0x39,
    0xe8, 0x39, 0xe9, 0x41, 0xe9, 0x41, 0xe8, 0x41, 0xe8, 0x41, 0xe9, 0x41,
    0xe9, 0x41, 0xe9, 0x41, 0xe9, 0x41, 0x09, 0x42, 0x09, 0x42, 0x09, 0x42,
    0x09, 0x42, 0x09, 0x42, 0x09, 0x42, 0x09, 0x42, 0x09, 0x42, 0x09, 0x42,
    0x09, 0x42, 0x09, 0x42, 0xe9, 0x41, 0xe9, 0x41, 0xe9, 0x41, 0xe9, 0x41,
    0x09, 0x42, 0x0a, 0x4a, 0x09, 0x4a, 0x2a, 0x42, 0x09, 0x42, 0x09, 0x4a,
    0x2a, 0x4a, 0x2a, 0x4a, 0x29, 0x4a, 0x2a, 0x4a, 0x2a, 0x4a, 0x29, 0x4a,
    0x29, 0x4a, 0x29, 0x4a, 0x29, 0x4a, 0x29, 0x4a, 0x29, 0x4a, 0x29, 0x4a,
    0x2a, 0x4a, 0x29, 0x4a, 0x2a, 0x4a, 0x2a, 0x4a, 0x2a, 0x4a, 0x2a, 0x4a,
    0x2a, 0x4a, 0x2a, 0x4a, 0x2a, 0x52, 0x2a, 0x4a, 0x2a, 0x4a, 0x2a, 0x4a,
    0x2a, 0x4a, 0x2a, 0x4a, 0x29, 0x4a, 0x2a, 0x4a, 0x2a, 0x4a, 0x29, 0x4a,
    0x2a, 0x4a, 0x2a, 0x4a, 0x2a, 0x4a, 0x2a, 0x4a, 0x2a, 0x4a, 0x2a, 0x4a,
    0x2a, 0x52, 0x2a, 0x4a, 0x2a, 0x52, 0x4a, 0x52, 0x2a, 0x4a, 0x2a, 0x4a,
    0x4a, 0x4a, 0x4a, 0x52, 0x4a, 0x4a, 0x2a, 0x52, 0x2a, 0x52, 0x2a, 0x52,
    0x4a, 0x52, 0x4a, 0x52, 0x2a, 0x52, 0x4a, 0x52, 0x4a, 0x52, 0x6a, 0x5a,
    0x6a, 0x5a, 0x8a, 0x62, 0x8a, 0x6a, 0xaa, 0x6a, 0xaa, 0x6a, 0xaa, 0x6a,
    0xaa, 0x72, 0xca, 0x72, 0xaa, 0x72, 0xcb, 0x72, 0xaa, 0x72, 0xca, 0x72,
    0xcb, 0x72, 0xca, 0x72, 0xca, 0x72, 0xcb, 0x72, 0xca, 0x72, 0xca, 0x72,
    0xcb, 0x72, 0xcb, 0x72, 0xea, 0x7a, 0xcb, 0x7a, 0xeb, 0x7a, 0xeb, 0x7a,
    0xea, 0x7a, 0xeb, 0x7a, 0xeb, 0x7a, 0xeb, 0x7a, 0x0b, 0x7b, 0xeb, 0x82,
    0x0a, 0x83, 0x0b, 0x83, 0xeb, 0x7a, 0x0b, 0x7b, 0x0c, 0x73, 0x0c, 0x6b,
    0x0c, 0x6b, 0x0c, 0x63, 0x0d, 0x63, 0x0d, 0x63, 0x0c, 0x5b, 0x0d, 0x5b,
    0x0d, 0x5b, 0x0d, 0x5b, 0x0c, 0x5b, 0x0d, 0x63, 0x0d, 0x5b, 0x0d, 0x5b,
    0x0c, 0x63, 0x0d, 0x63, 0x0d, 0x5b, 0xec, 0x5a, 0x0c, 0x5b, 0x0d, 0x5b,
    0xec, 0x5a, 0x0d, 0x5b, 0x0d, 0x5b, 0xed, 0x5a, 0x0d, 0x5b, 0x0d, 0x5b,
    0x0d, 0x5b, 0x0d, 0x5b, 0x0d, 0x53, 0x0d, 0x5b, 0x0d, 0x5b, 0xec, 0x52,
    0xed, 0x5a, 0xec, 0x5a, 0xec, 0x52, 0xed, 0x5a, 0xed, 0x5a, 0xed, 0x52,
    0x0d, 0x5b, 0x0d, 0x53, 0x0d, 0x5b, 0xed, 0x52, 0xec, 0x5a, 0xed, 0x52,
    0xec, 0x5a, 0xec, 0x52, 0xed, 0x52, 0xec, 0x52, 0xec, 0x52, 0xed, 0x52,
    0xed, 0x52, 0xec, 0x52, 0xec, 0x52, 0xed, 0x52, 0xed, 0x52, 0xec, 0x52,
    0xec, 0x52, 0xcd, 0x52, 0xec, 0x52, 0xed, 0x52, 0xcd, 0x52, 0xec, 0x4a,
    0xcc, 0x4a, 0xad, 0x42, 0x8d, 0x42, 0x8c, 0x3a, 0x8d, 0x42, 0x6d, 0x3a,
    0x6d, 0x3a, 0x6d, 0x3a, 0x6d, 0x3a, 0x6d, 0x3a, 0x6d, 0x3a, 0x6c, 0x3a,
    0x6d, 0x3a, 0x6d, 0x3a, 0x6d, 0x3a, 0x6d, 0x32, 0x4d, 0x3a, 0x6d, 0x3a,
    0x6d, 0x32, 0x4d, 0x3a, 0x6d, 0x3a, 0x6d, 0x3a, 0x8d, 0x3a, 0x8d, 0x3a,
    0x6d, 0x3a, 0x4c, 0x32, 0x4c, 0x32, 0x4c, 0x3a, 0x4d, 0x32, 0x4d, 0x3a,
    0x6c, 0x32, 0x4d, 0x3a, 0x4d, 0x3a, 0x4d, 0x32, 0x4c, 0x3a, 0x6d, 0x32,
    0x4d, 0x32, 0x4c, 0x32, 0x4d, 0x3a, 0x4d, 0x3a, 0x4d, 0x32, 0x4c, 0x3a,
    0x4c, 0x3a, 0x4c, 0x3a, 0x4c, 0x3a, 0x4c, 0x3a, 0x2c, 0x32, 0x2c, 0x3a,
    0x2c, 0x32, 0x0b, 0x32, 0xeb, 0x31, 0xea, 0x29, 0xca, 0x29, 0xca, 0x29,
    0xca, 0x29, 0xaa, 0x29, 0xaa, 0x29, 0xca, 0x29, 0xaa, 0x29, 0xca, 0x29,
    0xca, 0x29, 0xaa, 0x29, 0xaa, 0x21, 0xab, 0x29, 0xab, 0x29, 0xab, 0x29,
    0xab, 0x21, 0xaa, 0x21, 0x87, 0x29, 0x88, 0x29, 0x88, 0x29, 0x88, 0x31,
    0x88, 0x29, 0x88, 0x31, 0x88, 0x31, 0x88, 0x29, 0x67, 0x29, 0x88, 0x29,
    0x88, 0x29, 0x67, 0x29, 0x87, 0x29, 0x88, 0x29, 0x88, 0x29, 0x87, 0x29,
    0x88, 0x29, 0x88, 0x29, 0x87, 0x29, 0x88, 0x29, 0x68, 0x29, 0x87, 0x29,
    0x88, 0x29, 0x88, 0x29, 0x88, 0x29, 0x68, 0x29, 0x87, 0x29, 0x88, 0x29,
    0x67, 0x29, 0x87, 0x29, 0x88, 0x29, 0x88, 0x31, 0x87, 0x29, 0x88, 0x29,
    0x88, 0x29, 0x87, 0x29, 0x88, 0x29, 0x88, 0x29, 0x87, 0x29, 0x88, 0x31,
    0x87, 0x29, 0x88, 0x29, 0x88, 0x29, 0x87, 0x31, 0xa8, 0x29, 0xa8, 0x29,
    0xa8, 0x31, 0x88, 0x29, 0xa8, 0x31, 0xa8, 0x31, 0xa8, 0x31, 0xa8, 0x31,
    0xa8, 0x31, 0xa8, 0x31, 0xc8, 0x31, 0xa9, 0x39, 0xa8, 0x31, 0xc9, 0x39,
    0xc8, 0x39, 0xc9, 0x31, 0xc9, 0x39, 0xc8, 0x39, 0xc8, 0x31, 0xc9, 0x39,
    0xc8, 0x39, 0xe8, 0x39, 0xc9, 0x39, 0xc9, 0x39, 0xc8, 0x39, 0xc8, 0x39,
    0xc9, 0x39, 0xe9, 0x39, 0xc8, 0x41, 0xe8, 0x41, 0xe9, 0x39, 0xe8, 0x41,
    0xe9, 0x41, 0xe9, 0x41, 0xe8, 0x41, 0xe8, 0x41, 0xe9, 0x41, 0xe8, 0x41,
    0xe9, 0x41, 0xe9, 0x41, 0xe9, 0x41, 0xe9, 0x41, 0xe9, 0x41, 0xe9, 0x41,
    0xe9, 0x41, 0xe9, 0x41, 0xe9, 0x41, 0xe9, 0x41, 0xe9, 0x39, 0xe9, 0x39,
    0xc9, 0x39, 0xe9, 0x39, 0xe9, 0x39, 0xe9, 0x39, 0xe9, 0x39, 0xe9, 0x39,
    0xe9, 0x39, 0xe9, 0x39, 0x09, 0x42, 0x09, 0x42, 0x09, 0x4a, 0x09, 0x4a,
    0x0a, 0x4a, 0x29, 0x4a, 0x2a, 0x4a, 0x2a, 0x4a, 0x2a, 0x4a, 0x2a, 0x4a,
    0x29, 0x4a, 0x2a, 0x4a, 0x2a, 0x4a, 0x29, 0x4a, 0x29, 0x4a, 0x2a, 0x4a,
    0x29, 0x4a, 0x29, 0x4a, 0x2a, 0x4a, 0x29, 0x4a, 0x29, 0x4a, 0x29, 0x4a,
    0x29, 0x4a, 0x2a, 0x4a, 0x2a, 0x4a, 0x29, 0x4a, 0x2a, 0x4a, 0x09, 0x4a,
    0x0a, 0x4a, 0x09, 0x4a, 0x09, 0x4a, 0x09, 0x4a, 0x29, 0x4a, 0x09, 0x4a,
    0x29, 0x4a, 0x09, 0x4a, 0x29, 0x4a, 0x29, 0x4a, 0x29, 0x4a, 0x2a, 0x4a,
    0x29, 0x4a, 0x29, 0x4a, 0x2a, 0x4a, 0x2a, 0x4a, 0x29, 0x4a, 0x29, 0x4a,
    0x2a, 0x4a, 0x29, 0x4a, 0x29, 0x52, 0x29, 0x52, 0x2a, 0x52, 0x4a, 0x52,
    0x4a, 0x52, 0x4a, 0x52, 0x4a, 0x5a, 0x6a, 0x5a, 0x4a, 0x5a, 0x6a, 0x5a,
    0x8a, 0x62, 0x8a, 0x62, 0x8a, 0x62, 0x8a, 0x62, 0xab, 0x6a, 0xaa, 0x6a,
    0xaa, 0x6a, 0xaa, 0x6a, 0xaa, 0x6a, 0xab, 0x6a, 0xaa, 0x6a, 0xaa, 0x6a,
    0xab, 0x6a, 0xaa, 0x6a, 0xaa, 0x6a, 0xab, 0x6a, 0xca, 0x72, 0xca, 0x72,
    0xeb, 0x72, 0xeb, 0x7a, 0xea, 0x7a, 0xeb, 0x7a, 0xea, 0x7a, 0xea, 0x7a,
    0xea, 0x7a, 0xea, 0x7a, 0xeb, 0x7a, 0xea, 0x7a, 0xeb, 0x7a, 0xea, 0x7a,
    0xea, 0x7a, 0xeb, 0x72, 0xcb, 0x6a, 0xeb, 0x6a, 0xec, 0x62, 0x0c, 0x63,
    0x0c, 0x63, 0xec, 0x62, 0xec, 0x5a, 0x0d, 0x63, 0x0d, 0x63, 0x0c, 0x5b,
    0xec, 0x62, 0x0d, 0x5b, 0x0d, 0x5b, 0xec, 0x5a, 0x0d, 0x5b, 0x0c, 0x5b,
    0x0d, 0x5b, 0x0d, 0x5b, 0xec, 0x5a, 0x0d, 0x5b, 0x0c, 0x5b, 0x0d, 0x5b,
    0x0d, 0x5b, 0x0d, 0x5b, 0x0c, 0x5b, 0x0d, 0x5b, 0x0d, 0x53, 0x0c, 0x5b,
    0x0c, 0x53, 0xed, 0x52, 0xed, 0x5a, 0xec, 0x52, 0xed, 0x52, 0xcc, 0x5a,
    0xcc, 0x52, 0xcc, 0x52, 0xcc, 0x52, 0xec, 0x52, 0xec, 0x52, 0xed, 0x5a,
    0xec, 0x52, 0xed, 0x52, 0xed, 0x5a, 0xed, 0x5a, 0xed, 0x52, 0xed, 0x52,
    0xec, 0x5a, 0xed, 0x52, 0xed, 0x52, 0xec, 0x52, 0xed, 0x52, 0xcd, 0x52,
    0xec, 0x52, 0xec, 0x52, 0xcd, 0x52, 0xcd, 0x52, 0xcc, 0x52, 0xcc, 0x52,
    0xcd, 0x52, 0xcc, 0x4a, 0xac, 0x4a, 0xad, 0x4a, 0xcc, 0x4a, 0xac, 0x4a,
    0x8c, 0x42, 0x8d, 0x3a, 0x6c, 0x3a, 0x6c, 0x3a, 0x6d, 0x3a, 0x6c, 0x3a,
    0x6d, 0x3a, 0x6d, 0x3a, 0x6c, 0x3a, 0x6d, 0x3a, 0x6d, 0x32, 0x6d, 0x3a,
    0x6d, 0x3a, 0x4d, 0x32, 0x6d, 0x3a, 0xad, 0x3a, 0xad, 0x3a, 0xad, 0x3a,
    0xad, 0x42, 0xcd, 0x42, 0xcd, 0x42, 0x8d, 0x3a, 0x4d, 0x32, 0x4d, 0x32,
    0x4c, 0x32, 0x4d, 0x32, 0x4d, 0x32, 0x6c, 0x3a, 0x4c, 0x32, 0x4c, 0x3a,
    0x4d, 0x32, 0x4c, 0x32, 0x4c, 0x3a, 0x4d, 0x32, 0x4c, 0x32, 0x4c, 0x32,
    0x4d, 0x32, 0x4c, 0x3a, 0x4c, 0x3a, 0x4c, 0x3a, 0x2c, 0x3a, 0x2c, 0x3a,
    0x2c, 0x3a, 0x2c, 0x32, 0x2b, 0x32, 0x0b, 0x32, 0xeb, 0x31, 0xca, 0x31,
    0xca, 0x29, 0xca, 0x29, 0xaa, 0x29, 0xaa, 0x29, 0xaa, 0x29, 0xca, 0x29,
    0xaa, 0x29, 0xaa, 0x29, 0xca, 0x29, 0xca, 0x21, 0xaa, 0x29, 0xcb, 0x29,
    0xca, 0x21, 0xab, 0x29, 0xab, 0x29, 0xaa, 0x21, 0x88, 0x31, 0x87, 0x29,
    0x87, 0x29, 0x88, 0x29, 0x87, 0x29, 0x88, 0x29, 0x88, 0x29, 0x87, 0x31,
    0x88, 0x29, 0x88, 0x31, 0x88, 0x29, 0x67, 0x29, 0x88, 0x29, 0x67, 0x29,
    0x68, 0x29, 0x88, 0x29, 0x67, 0x29, 0x88, 0x29, 0x87, 0x29, 0x68, 0x29,
    0x88, 0x29, 0x87, 0x29, 0x68, 0x31, 0x87, 0x29, 0x88, 0x29, 0x68, 0x31,
    0x88, 0x29, 0x88, 0x29, 0x68, 0x31, 0x88, 0x29, 0x88, 0x29, 0x88, 0x29,
    0x88, 0x31, 0x88, 0x29, 0x88, 0x31, 0x88, 0x29, 0x88, 0x31, 0x87, 0x29,
    0x88, 0x29, 0x88, 0x31, 0x88, 0x31, 0x87, 0x29, 0xa8, 0x31, 0x87, 0x31,
    0xa8, 0x29, 0x88, 0x31, 0x87, 0x31, 0xa8, 0x29, 0xa8, 0x29, 0xa8, 0x31,
    0xa8, 0x31, 0xa8, 0x31, 0xa8, 0x31, 0xc8, 0x31, 0xa9, 0x31, 0xc8, 0x39,
    0xa8, 0x31, 0xc8, 0x39, 0xc9, 0x39, 0xc9, 0x31, 0xc8, 0x31, 0xc9, 0x39,
    0xc9, 0x39, 0xc8, 0x39, 0xc9, 0x39, 0xc9, 0x39, 0xe9, 0x39, 0xc8, 0x39,
    0xc8, 0x39, 0xe9, 0x41, 0xe8, 0x39, 0xc9, 0x39, 0xe9, 0x41, 0xe8, 0x39,
    0xe8, 0x39, 0xe9, 0x39, 0xe8, 0x41, 0xe8, 0x41, 0xe9, 0x39, 0xe8, 0x41,
    0xe9, 0x41, 0xe9, 0x41, 0xe8, 0x41, 0xe8, 0x41, 0xe8, 0x41, 0xe9, 0x41,
    0xe9, 0x41, 0xe8, 0x41, 0xe9, 0x41, 0xe9, 0x41, 0xe9, 0x39, 0xe9, 0x39,
    0xc9, 0x39, 0xc9, 0x39, 0xc9, 0x39, 0xc9, 0x39, 0xc9, 0x39, 0xc9, 0x39,
    0xe9, 0x39, 0xe9, 0x39, 0xe9, 0x39, 0xe9, 0x39, 0xe9, 0x39, 0xe9, 0x41,
    0xe9, 0x41, 0x09, 0x42, 0x09, 0x42, 0x0a, 0x42, 0x09, 0x42, 0x09, 0x4a,
    0x09, 0x42, 0x09, 0x42, 0x09, 0x4a, 0x09, 0x42, 0x09, 0x4a, 0x09, 0x42,
    0x09, 0x4a, 0x09, 0x4a, 0x09, 0x4a, 0x0a, 0x42, 0x09, 0x4a, 0x0a, 0x4a,
    0x0a, 0x42, 0x09, 0x4a, 0x09, 0x4a, 0x0a, 0x4a, 0x09, 0x42, 0x09, 0x4a,
    0x0a, 0x4a, 0x09, 0x42, 0x09, 0x42, 0x09, 0x42, 0x0a, 0x42, 0x0a, 0x42,
    0x09, 0x42, 0x0a, 0x4a, 0x0a, 0x42, 0x09, 0x42, 0x09, 0x4a, 0x09, 0x4a,
    0x09, 0x42, 0x09, 0x4a, 0x0a, 0x4a, 0x09, 0x4a, 0x2a, 0x4a, 0x2a, 0x4a,
    0x29, 0x4a, 0x2a, 0x4a, 0x2a, 0x4a, 0x2a, 0x4a, 0x2a, 0x4a, 0x49, 0x52,
    0x4a, 0x52, 0x29, 0x52, 0x29, 0x52, 0x4a, 0x52, 0x4a, 0x52, 0x4a, 0x52,
    0x6a, 0x5a, 0x4a, 0x5a, 0x4a, 0x5a, 0x6a, 0x5a, 0x6a, 0x5a, 0x6a, 0x5a,
    0x6a, 0x5a, 0x6a, 0x62, 0x8a, 0x62, 0x8b, 0x62, 0x8a, 0x62, 0x8a, 0x62,
    0x8a, 0x6a, 0xab, 0x6a, 0x8a, 0x6a, 0xab, 0x6a, 0xaa, 0x6a, 0xaa, 0x6a,
    0xab, 0x6a, 0xca, 0x6a, 0xca, 0x72, 0xca, 0x72, 0xeb, 0x72, 0xeb, 0x7a,
    0xeb, 0x7a, 0xea, 0x72, 0xeb, 0x7a, 0xeb, 0x7a, 0xea, 0x7a, 0xea, 0x72,
    0xcb, 0x72, 0xcb, 0x72, 0xca, 0x72, 0xaa, 0x62, 0x8a, 0x62, 0xaa, 0x62,
    0xab, 0x62, 0xcb, 0x62, 0xec, 0x62, 0xec, 0x62, 0xec, 0x5a, 0xec, 0x62,
    0xec, 0x62, 0x0d, 0x5b, 0x0d, 0x5b, 0x0d, 0x63, 0x0c, 0x5b, 0xed, 0x62,
    0x0d, 0x5b, 0x0d, 0x63, 0xec, 0x62, 0x0d, 0x5b, 0x0d, 0x5b, 0x0c, 0x5b,
    0xed, 0x5a, 0x0c, 0x5b, 0x0c, 0x5b, 0xed, 0x5a, 0x0d, 0x5b, 0x0d, 0x5b,
    0xed, 0x5a, 0x0d, 0x5b, 0x0d, 0x53, 0xed, 0x52, 0xed, 0x5a, 0xec, 0x52,
    0xec, 0x52, 0xcd, 0x52, 0xcc, 0x52, 0xcc, 0x52, 0xcc, 0x52, 0xcc, 0x52,
    0xcd, 0x52, 0xcc, 0x52, 0xed, 0x5a, 0xed, 0x52, 0xec, 0x52, 0xed, 0x5a,
    0xcc, 0x52, 0xed, 0x5a, 0xed, 0x52, 0xcc, 0x5a, 0xed, 0x5a, 0xec, 0x52,
    0xec, 0x5a, 0xcd, 0x52, 0xcc, 0x52, 0xcd, 0x52, 0xcc, 0x52, 0xcc, 0x52,
    0xcc, 0x52, 0xcc, 0x52, 0xcc, 0x52, 0xcd, 0x52, 0xcc, 0x52, 0xcc, 0x52,
    0xcc, 0x52, 0xac, 0x52, 0x8d, 0x42, 0x8c, 0x42, 0x8d, 0x3a, 0x6d, 0x3a,
    0x6d, 0x3a, 0x6c, 0x3a, 0x6d, 0x3a, 0x6d, 0x3a, 0x6d, 0x32, 0x6d, 0x3a,
    0x4d, 0x32, 0x4d, 0x3a, 0x6c, 0x3a, 0x4d, 0x32, 0x8d, 0x3a, 0xad, 0x3a,
    0xae, 0x3a, 0xae, 0x42, 0xce, 0x42, 0xcd, 0x42, 0xae, 0x42, 0xad, 0x42,
    0xad, 0x3a, 0x2c, 0x32, 0x2c, 0x3a, 0x4c, 0x32, 0x4d, 0x3a, 0x4c, 0x32,
    0x2c, 0x32, 0x2d, 0x32, 0x4c, 0x32, 0x4d, 0x3a, 0x4c, 0x32, 0x4d, 0x32,
    0x4c, 0x32, 0x4c, 0x3a, 0x4c, 0x3a, 0x4c, 0x3a, 0x4c, 0x3a, 0x4c, 0x32,
    0x2c, 0x3a, 0x4c, 0x3a, 0x2c, 0x32, 0x2b, 0x3a, 0x2b, 0x32, 0x0b, 0x32,
    0xeb, 0x31, 0xca, 0x29, 0xca, 0x29, 0xaa, 0x29, 0xca, 0x29, 0xaa, 0x29,
    0xca, 0x29, 0xcb, 0x29, 0xab, 0x29, 0xaa, 0x29, 0xcb, 0x29, 0xab, 0x29,
    0xca, 0x29, 0xcb, 0x21, 0xab, 0x21, 0xab, 0x29, 0xaa, 0x29, 0xaa, 0x21,
    0x88, 0x29, 0x88, 0x31, 0x87, 0x29, 0x88, 0x29, 0x88, 0x31, 0x87, 0x29,
    0x88, 0x29, 0x88, 0x29, 0x88, 0x29, 0x88, 0x29, 0x88, 0x31, 0x88, 0x29,
    0x88, 0x29, 0x87, 0x29, 0x88, 0x29, 0x88, 0x29, 0x67, 0x29, 0x88, 0x29,
    0x88, 0x31, 0x87, 0x29, 0x88, 0x29, 0x88, 0x29, 0x67, 0x29, 0x88, 0x29,
    0x87, 0x29, 0x87, 0x29, 0x87, 0x29, 0x88, 0x31, 0x88, 0x29, 0x88, 0x29,
    0x87, 0x31, 0x88, 0x29, 0x88, 0x29, 0x87, 0x29, 0x88, 0x29, 0x88, 0x31,
    0x88, 0x29, 0x87, 0x29, 0x88, 0x29, 0x87, 0x29, 0x88, 0x29, 0x87, 0x31,
    0x88, 0x31, 0xa8, 0x29, 0x88, 0x31, 0xa8, 0x31, 0x87, 0x31, 0x88, 0x31,
    0xa8, 0x31, 0xa8, 0x31, 0xa8, 0x31, 0xa8, 0x31, 0xa8, 0x31, 0xc8, 0x31,
    0xc8, 0x31, 0xc9, 0x39, 0xa8, 0x31, 0xc8, 0x31, 0xc8, 0x39, 0xc9, 0x39,
    0xc8, 0x39, 0xc9, 0x39, 0xc8, 0x39, 0xc8, 0x39, 0xc9, 0x39, 0xc8, 0x39,
    0xc8, 0x39, 0xc8, 0x39, 0xe9, 0x39, 0xc8, 0x39, 0xc8, 0x39, 0xc8, 0x39,
    0xc9, 0x39, 0xc8, 0x41, 0xc9, 0x39, 0xc9, 0x39, 0xc8, 0x41, 0xe9, 0x39,
    0xe9, 0x39, 0xe8, 0x41, 0xe8, 0x39, 0xe8, 0x39, 0xe9, 0x39, 0xe8, 0x41,
    0xe8, 0x39, 0xe8, 0x39, 0xe8, 0x41, 0xe9, 0x39, 0xe8, 0x39, 0xc8, 0x39,
    0xc9, 0x39, 0xc8, 0x39, 0xc8, 0x39, 0xc9, 0x39, 0xc8, 0x39, 0xc8, 0x31,
    0xc9, 0x39, 0xc9, 0x39, 0xc9, 0x39, 0xc9, 0x39, 0xc9, 0x39, 0xc9, 0x39,
    0xe9, 0x39, 0xe9, 0x39, 0xe9, 0x39, 0xe9, 0x39, 0xe9, 0x39, 0xe9, 0x39,
    0xe9, 0x41, 0xe9, 0x41, 0xe9, 0x41, 0x0a, 0x42, 0x09, 0x42, 0x0a, 0x42,
    0x0a, 0x42, 0x09, 0x42, 0x0a, 0x42, 0x0a, 0x42, 0x09, 0x42, 0x09, 0x42,
    0x09, 0x42, 0x0a, 0x42, 0x0a, 0x42, 0x09, 0x42, 0x0a, 0x42, 0x0a, 0x42,
    0x09, 0x42, 0x09, 0x42, 0x0a, 0x4a, 0x09, 0x42, 0x09, 0x42, 0x0a, 0x4a,
    0x09, 0x42, 0x09, 0x42, 0x09, 0x42, 0x09, 0x42, 0x0a, 0x42, 0x0a, 0x42,
    0x0a, 0x42, 0x0a, 0x42, 0x09, 0x42, 0x0a, 0x4a, 0x09, 0x42, 0x09, 0x4a,
    0x0a, 0x4a, 0x09, 0x4a, 0x09, 0x4a, 0x0a, 0x4a, 0x2a, 0x4a, 0x29, 0x4a,
    0x29, 0x4a, 0x2a, 0x4a, 0x2a, 0x52, 0x2a, 0x52, 0x29, 0x52, 0x4a, 0x52,
    0x49, 0x52, 0x4a, 0x52, 0x4a, 0x52, 0x4a, 0x52, 0x4a, 0x52, 0x6a, 0x5a,
    0x4a, 0x5a, 0x6a, 0x5a, 0x6a, 0x5a, 0x4a, 0x52, 0x6a, 0x5a, 0x6a, 0x5a,
    0x6a, 0x5a, 0x6a, 0x5a, 0x8a, 0x62, 0x8a, 0x62, 0x8a, 0x62, 0x8a, 0x62,
    0xaa, 0x6a, 0xab, 0x6a, 0xaa, 0x6a, 0xab, 0x6a, 0xaa, 0x72, 0xca, 0x72,
    0xcb, 0x72, 0xca, 0x72, 0xea, 0x72, 0xcb, 0x72, 0xcb, 0x72, 0xca, 0x72,
    0xca, 0x72, 0xcb, 0x6a, 0xaa, 0x6a, 0xaa, 0x62, 0x8a, 0x5a, 0x6a, 0x5a,
    0x4a, 0x5a, 0x4a, 0x52, 0x6a, 0x5a, 0x6a, 0x5a, 0x8a, 0x5a, 0x8b, 0x5a,
    0xcc, 0x5a, 0x0c, 0x5b, 0xed, 0x5a, 0xec, 0x62, 0x0c, 0x63, 0x0c, 0x63,
    0xed, 0x5a, 0xed, 0x5a, 0xec, 0x62, 0xed, 0x5a, 0xec, 0x5a, 0x0d, 0x63,
    0x0d, 0x5b, 0xec, 0x5a, 0x0d, 0x63, 0x0d, 0x5b, 0xec, 0x5a, 0x0d, 0x5b,
    0x0c, 0x5b, 0xec, 0x5a, 0x0d, 0x5b, 0xec, 0x5a, 0xec, 0x5a, 0xed, 0x52,
    0x0d, 0x53, 0xed, 0x52, 0xed, 0x52, 0xcc, 0x52, 0xcd, 0x52, 0xed, 0x52,
    0xcc, 0x52, 0xcd, 0x52, 0xcc, 0x52, 0xed, 0x52, 0xec, 0x52, 0xcd, 0x5a,
    0xcc, 0x52, 0xcc, 0x52, 0xcc, 0x52, 0xcc, 0x52, 0xcd, 0x52, 0xcc, 0x52,
    0xcc, 0x52, 0xcd, 0x52, 0xcc, 0x5a, 0xcc, 0x52, 0xcc, 0x52, 0xcd, 0x5a,
    0xcc, 0x52, 0xcc, 0x52, 0xcd, 0x52, 0xcd, 0x52, 0xcc, 0x52, 0xcc, 0x52,
    0xcc, 0x52, 0xcc, 0x52, 0xcd, 0x52, 0xac, 0x4a, 0xac, 0x4a, 0xac, 0x4a,
    0x8d, 0x42, 0x6d, 0x3a, 0x6c, 0x3a, 0x6d, 0x3a, 0x6c, 0x3a, 0x6d, 0x3a,
    0x6d, 0x32, 0x4c, 0x3a, 0x4d, 0x3a, 0x6d, 0x32, 0x4d, 0x3a, 0x6d, 0x3a,
    0x8d, 0x3a, 0xad, 0x3a, 0xad, 0x42, 0xcd, 0x42, 0xce, 0x42, 0xcd, 0x42,
    0xae, 0x42, 0xae, 0x42, 0x6d, 0x3a, 0xec, 0x31, 0xeb, 0x31, 0x0c, 0x32,
    0x2c, 0x32, 0x2d, 0x32, 0x2c, 0x32, 0x2c, 0x32, 0x2d, 0x32, 0x2c, 0x32,
    0x2c, 0x32, 0x4d, 0x32, 0x4d, 0x3a, 0x4c, 0x3a, 0x4c, 0x3a, 0x4c, 0x3a,
    0x4c, 0x3a, 0x4c, 0x3a, 0x2c, 0x32, 0x2c, 0x32, 0x2c, 0x3a, 0x2b, 0x3a,
    0x0b, 0x32, 0xeb, 0x31, 0xeb, 0x31, 0xca, 0x29, 0xca, 0x29, 0xca, 0x29,
    0xaa, 0x29, 0xaa, 0x29, 0xca, 0x29, 0xab, 0x29, 0xca, 0x29, 0xcb, 0x29,
    0xab, 0x29, 0xaa, 0x21, 0xaa, 0x29, 0xab, 0x29, 0xaa, 0x29, 0xab, 0x21,
    0xab, 0x21, 0xaa, 0x29, 0x88, 0x29, 0x88, 0x31, 0x88, 0x31, 0x88, 0x29,
    0x88, 0x29, 0x88, 0x31, 0x87, 0x29, 0x88, 0x29, 0x87, 0x31, 0x87, 0x29,
    0x88, 0x29, 0x88, 0x31, 0x87, 0x29, 0x88, 0x29, 0x87, 0x31, 0x88, 0x29,
    0x87, 0x29, 0x68, 0x29, 0x88, 0x29, 0x67, 0x29, 0x87, 0x29, 0x88, 0x31,
    0x88, 0x29, 0x68, 0x29, 0x87, 0x29, 0x87, 0x31, 0x88, 0x29, 0x88, 0x29,
    0x87, 0x29, 0x88, 0x29, 0x88, 0x31, 0x87, 0x29, 0x88, 0x29, 0x88, 0x31,
    0x87, 0x29, 0x87, 0x29, 0x88, 0x29, 0x88, 0x31, 0x87, 0x29, 0x88, 0x31,
    0x87, 0x29, 0x88, 0x31, 0xa8, 0x29, 0xa8, 0x29, 0x87, 0x31, 0xa8, 0x29,
    0xa8, 0x29, 0xa8, 0x31, 0xa8, 0x31, 0xa8, 0x31, 0xa8, 0x31, 0xa8, 0x31,
    0xa8, 0x31, 0xa9, 0x39, 0xc8, 0x31, 0xc9, 0x31, 0xc9, 0x39, 0xa8, 0x31,
    0xc8, 0x39, 0xa8, 0x31, 0xc9, 0x31, 0xc8, 0x39, 0xc9, 0x31, 0xc9, 0x39,
    0xc8, 0x39, 0xc9, 0x39, 0xc8, 0x39, 0xc8, 0x39, 0xc9, 0x39, 0xc8, 0x39,
    0xc8, 0x39, 0xc9, 0x39, 0xc8, 0x39, 0xc8, 0x39, 0xc8, 0x39, 0xc8, 0x39,
    0xc8, 0x39, 0xc8, 0x39, 0xc8, 0x41, 0xc9, 0x39, 0xe8, 0x39, 0xe8, 0x39,
    0xc9, 0x41, 0xe8, 0x39, 0xe9, 0x39, 0xc9, 0x39, 0xc8, 0x39, 0xc9, 0x39,
    0xc9, 0x39, 0xc8, 0x39, 0xc9, 0x39, 0xc8, 0x39, 0xc8, 0x39, 0xc9, 0x31,
    0xc8, 0x31, 0xc8, 0x31, 0xa9, 0x31, 0xc8, 0x31, 0xc9, 0x39, 0xc9, 0x39,
    0xc9, 0x39, 0xc9, 0x39, 0xc9, 0x39, 0xc9, 0x39, 0xe9, 0x39, 0xe9, 0x39,
    0xe9, 0x39, 0xe9, 0x39, 0xe9, 0x39, 0xe9, 0x39, 0xe9, 0x39, 0xe9, 0x39,
    0xc9, 0x39, 0xe9, 0x39, 0xe9, 0x39, 0xe9, 0x41, 0xe9, 0x41, 0xe9, 0x41,
    0xe9, 0x41, 0x09, 0x42, 0x0a, 0x42, 0x09, 0x42, 0x09, 0x42, 0x0a, 0x42,
    0x09, 0x42, 0x0a, 0x42, 0x09, 0x42, 0x09, 0x42, 0x0a, 0x42, 0x09, 0x42,
    0x09, 0x42, 0x09, 0x42, 0x09, 0x42, 0x09, 0x4a, 0x09, 0x42, 0x09, 0x42,
    0x09, 0x42, 0x09, 0x42, 0x09, 0x42, 0x09, 0x42, 0x09, 0x42, 0x09, 0x42,
    0x09, 0x42, 0x09, 0x42, 0x09, 0x42, 0x0a, 0x42, 0x09, 0x42, 0x09, 0x42,
    0x0a, 0x4a, 0x09, 0x4a, 0x29, 0x4a, 0x2a, 0x4a, 0x29, 0x4a, 0x2a, 0x4a,
    0x2a, 0x52, 0x29, 0x52, 0x4a, 0x52, 0x4a, 0x52, 0x49, 0x52, 0x4a, 0x5a,
    0x4a, 0x52, 0x4a, 0x52, 0x4a, 0x52, 0x4a, 0x52, 0x4a, 0x5a, 0x6a, 0x5a,
    0x4a, 0x52, 0x6a, 0x5a, 0x4a, 0x5a, 0x4a, 0x5a, 0x6a, 0x5a, 0x4a, 0x5a,
    0x6a, 0x5a, 0x6a, 0x5a, 0x6a, 0x5a, 0x6a, 0x62, 0x8a, 0x62, 0x8a, 0x62,
    0xab, 0x6a, 0xaa, 0x6a, 0xca, 0x72, 0xca, 0x72, 0xca, 0x72, 0xca, 0x72,
    0xca, 0x6a, 0xaa, 0x6a, 0xab, 0x6a, 0x8a, 0x62, 0x8a, 0x62, 0x6a, 0x5a,
    0x4a, 0x52, 0x4a, 0x52, 0x4a, 0x4a, 0x4a, 0x4a, 0x2a, 0x4a, 0x2a, 0x4a,
    0x4a, 0x4a, 0x4a, 0x52, 0x6a, 0x52, 0xab, 0x5a, 0xec, 0x62, 0x0c, 0x5b,
    0x0c, 0x63, 0x0c, 0x63, 0x0c, 0x63, 0x0c, 0x5b, 0x0d, 0x63, 0x0d, 0x5b,
    0xec, 0x5a, 0xed, 0x62, 0x0d, 0x5b, 0x0c, 0x5b, 0x0d, 0x5b, 0x0d, 0x5b,
    0x0d, 0x5b, 0x0d, 0x5b, 0x0c, 0x5b, 0xec, 0x5a, 0x0c, 0x5b, 0xec, 0x5a,
    0xec, 0x5a, 0xec, 0x5a, 0xed, 0x52, 0xed, 0x52, 0xed, 0x52, 0xec, 0x52,
    0xec, 0x5a, 0xed, 0x52, 0xcc, 0x52, 0xcc, 0x5a, 0xcd, 0x52, 0xcc, 0x52,
    0xcc, 0x52, 0xcc, 0x52, 0xcc, 0x52, 0xcd, 0x52, 0xed, 0x52, 0xec, 0x52,
    0xed, 0x52, 0xed, 0x52, 0xcc, 0x52, 0xcc, 0x52, 0xcd, 0x52, 0xcc, 0x52,
    0xed, 0x5a, 0xcc, 0x52, 0xed, 0x52, 0xcc, 0x52, 0xcc, 0x52, 0xcd, 0x52,
    0xcc, 0x52, 0xcd, 0x52, 0xcd, 0x52, 0xcc, 0x52, 0xcc, 0x52, 0xac, 0x52,
    0xac, 0x4a, 0xac, 0x4a, 0x8c, 0x4a, 0x8c, 0x42, 0x6d, 0x3a, 0x6c, 0x3a,
    0x6c, 0x3a, 0x4c, 0x3a, 0x4d, 0x3a, 0x6d, 0x32, 0x6d, 0x3a, 0x4d, 0x3a,
    0x6d, 0x32, 0x4d, 0x32, 0x8d, 0x3a, 0xad, 0x3a, 0xad, 0x3a, 0xae, 0x42,
    0xcd, 0x42, 0xad, 0x42, 0xad, 0x42, 0xad, 0x3a, 0x0c, 0x32, 0xcb, 0x29,
    0xec, 0x29, 0xec, 0x31, 0x0c, 0x32, 0x2c, 0x32, 0x2c, 0x32, 0x2c, 0x32,
    0x2d, 0x3a, 0x2c, 0x32, 0x2c, 0x32, 0x2c, 0x3a, 0x4c, 0x32, 0x4c, 0x3a,
    0x2c, 0x3a, 0x4c, 0x32, 0x4c, 0x3a, 0x4c, 0x3a, 0x2c, 0x32, 0x2c, 0x32,
    0x2b, 0x32, 0x0b, 0x32, 0xeb, 0x31, 0xeb, 0x31, 0xeb, 0x31, 0xca, 0x29,
    0xaa, 0x29, 0xaa, 0x29, 0xaa, 0x29, 0xaa, 0x29, 0xaa, 0x29, 0xca, 0x29,
    0xaa, 0x29, 0xca, 0x21, 0xcb, 0x21, 0xca, 0x29, 0xab, 0x21, 0xaa, 0x21,
    0xa9, 0x29, 0x8a, 0x21, 0xaa, 0x21, 0xaa, 0x29, 0x88, 0x29, 0x87, 0x29,
    0xa8, 0x29, 0x88, 0x31, 0x88, 0x29, 0x88, 0x29, 0x88, 0x29, 0x88, 0x31,
    0x88, 0x29, 0x88, 0x29, 0x88, 0x29, 0x87, 0x29, 0x88, 0x29, 0x88, 0x31,
    0x67, 0x29, 0x88, 0x29, 0x88, 0x29, 0x87, 0x31, 0x88, 0x29, 0x88, 0x29,
    0x87, 0x29, 0x87, 0x29, 0x87, 0x29, 0x88, 0x31, 0x88, 0x29, 0x88, 0x29,
    0x88, 0x31, 0x88, 0x29, 0x88, 0x29, 0x88, 0x31, 0x88, 0x29, 0x87, 0x29,
    0x88, 0x29, 0x88, 0x29, 0x88, 0x31, 0x87, 0x29, 0x88, 0x29, 0x88, 0x29,
    0x88, 0x31, 0x87, 0x31, 0x88, 0x29, 0x87, 0x31, 0xa8, 0x31, 0x88, 0x31,
    0x88, 0x31, 0xa8, 0x31, 0xa8, 0x29, 0xa8, 0x31, 0xa8, 0x31, 0xa8, 0x31,
    0xa8, 0x31, 0xa8, 0x31, 0xc8, 0x31, 0xa8, 0x31, 0xa8, 0x31, 0xc8, 0x39,
    0xc9, 0x31, 0xc9, 0x39, 0xc8, 0x39, 0xc9, 0x31, 0xa8, 0x39, 0xc8, 0x39,
    0xc8, 0x31, 0xc8, 0x39, 0xc8, 0x39, 0xc8, 0x31, 0xc8, 0x39, 0xe8, 0x39,
    0xc8, 0x39, 0xc8, 0x39, 0xe9, 0x39, 0xc8, 0x41, 0xc8, 0x39, 0xe9, 0x39,
    0xc8, 0x39, 0xc9, 0x39, 0xe9, 0x39, 0xc8, 0x39, 0xc8, 0x39, 0xc9, 0x39,
    0xc9, 0x41, 0xc8, 0x39, 0xc8, 0x39, 0xc8, 0x39, 0xc9, 0x39, 0xc8, 0x39,
    0xc8, 0x39, 0xc8, 0x39, 0xc8, 0x39, 0xc8, 0x39, 0xc9, 0x39, 0xa8, 0x39,
    0xa8, 0x31, 0xa8, 0x31, 0xc9, 0x31, 0xa9, 0x31, 0xa8, 0x31, 0xa8, 0x31,
    0xa8, 0x31, 0xa9, 0x31, 0xc8, 0x31, 0xc9, 0x31, 0xc9, 0x39, 0xc9, 0x39,
    0xc9, 0x39, 0xc9, 0x39, 0xc9, 0x39, 0xc9, 0x39, 0xc9, 0x39, 0xc9, 0x39,
    0xc9, 0x39, 0xc9, 0x39, 0xc9, 0x39, 0xe9, 0x39, 0xe9, 0x39, 0xe9, 0x39,
    0xe9, 0x39, 0xe9, 0x39, 0xe9, 0x39, 0xe9, 0x39, 0xe9, 0x39, 0xe9, 0x39,
    0xe9, 0x41, 0xe9, 0x41, 0xe9, 0x41, 0xe9, 0x41, 0xe9, 0x41, 0xe9, 0x41,
    0xe9, 0x41, 0x0a, 0x42, 0xe9, 0x41, 0x0a, 0x42, 0x0a, 0x42, 0x09, 0x42,
    0x0a, 0x42, 0x09, 0x42, 0x09, 0x42, 0x09, 0x42, 0xe9, 0x41, 0xea, 0x41,
    0x09, 0x42, 0xe9, 0x41, 0xea, 0x41, 0x09, 0x42, 0xe9, 0x41, 0x09, 0x42,
    0x09, 0x42, 0xe9, 0x41, 0x09, 0x42, 0x09, 0x42, 0x09, 0x42, 0x09, 0x4a,
    0x2a, 0x4a, 0x29, 0x4a, 0x2a, 0x4a, 0x29, 0x4a, 0x2a, 0x52, 0x2a, 0x52,
    0x29, 0x52, 0x4a, 0x52, 0x49, 0x52, 0x4a, 0x52, 0x4a, 0x52, 0x49, 0x52,
    0x4a, 0x52, 0x4a, 0x52, 0x4a, 0x52, 0x4a, 0x52, 0x4a, 0x52, 0x4a, 0x52,
    0x4a, 0x52, 0x4a, 0x52, 0x4a, 0x52, 0x4a, 0x52, 0x4a, 0x5a, 0x6a, 0x52,
    0x4a, 0x5a, 0x6a, 0x5a, 0x6a, 0x5a, 0x8a, 0x5a, 0x8a, 0x62, 0xab, 0x6a,
    0xab, 0x6a, 0xaa, 0x6a, 0x8a, 0x62, 0x8b, 0x62, 0x8a, 0x62, 0x8a, 0x5a,
    0x6a, 0x5a, 0x4a, 0x52, 0x4a, 0x52, 0x4a, 0x4a, 0x2a, 0x4a, 0x0a, 0x42,
    0x0a, 0x42, 0x0a, 0x42, 0x0a, 0x42, 0x2a, 0x42, 0x2a, 0x4a, 0x4a, 0x52,
    0x8b, 0x5a, 0xcb, 0x62, 0xec, 0x62, 0xed, 0x5a, 0xec, 0x62, 0x0c, 0x63,
    0x0c, 0x5b, 0xed, 0x62, 0x0d, 0x5b, 0x0c, 0x63, 0x0d, 0x5b, 0x0c, 0x5b,
    0xed, 0x62, 0xec, 0x62, 0x0c, 0x5b, 0xed, 0x62, 0xed, 0x5a, 0x0c, 0x5b,
    0xec, 0x5a, 0xed, 0x5a, 0x0d, 0x5b, 0xec, 0x5a, 0x0c, 0x5b, 0x0d, 0x53,
    0x0d, 0x53, 0xed, 0x52, 0xed, 0x52, 0xed, 0x52, 0xec, 0x52, 0xec, 0x52,
    0xcc, 0x52, 0xcc, 0x52, 0xcc, 0x52, 0xcc, 0x52, 0xcc, 0x52, 0xcc, 0x52,
    0xcd, 0x5a, 0xcc, 0x52, 0xcc, 0x5a, 0xcc, 0x5a, 0xcd, 0x52, 0xec, 0x5a,
    0xcc, 0x52, 0xcd, 0x52, 0xcc, 0x52, 0xcc, 0x52, 0xed, 0x5a, 0xcc, 0x52,
    0xcc, 0x52, 0xcc, 0x52, 0xcc, 0x52, 0xcc, 0x52, 0xcc, 0x52, 0xcc, 0x52,
    0xac, 0x52, 0xad, 0x52, 0xac, 0x4a, 0xac, 0x4a, 0xac, 0x4a, 0x8d, 0x42,
    0x6d, 0x3a, 0x6d, 0x3a, 0x4c, 0x3a, 0x6c, 0x3a, 0x4d, 0x3a, 0x6c, 0x3a,
    0x6c, 0x32, 0x4c, 0x3a, 0x6c, 0x3a, 0x6c, 0x3a, 0x4d, 0x3a, 0x6d, 0x3a,
    0x8d, 0x3a, 0xad, 0x42, 0xad, 0x42, 0xae, 0x42, 0xad, 0x3a, 0x6d, 0x3a,
    0xcb, 0x29, 0xeb, 0x31, 0xec, 0x31, 0xeb, 0x29, 0xec, 0x31, 0x0c, 0x32,
    0x2c, 0x32, 0x2c, 0x32, 0x2c, 0x32, 0x2c, 0x32, 0x2c, 0x3a, 0x4c, 0x3a,
    0x4c, 0x32, 0x4c, 0x3a, 0x2c, 0x3a, 0x2c, 0x32, 0x2c, 0x32, 0x2c, 0x3a,
    0x2c, 0x32, 0x2c, 0x32, 0x0b, 0x32, 0x0b, 0x32, 0xeb, 0x31, 0xeb, 0x31,
    0xea, 0x29, 0xca, 0x29, 0xaa, 0x29, 0xaa, 0x29, 0xaa, 0x29, 0xaa, 0x29,
    0xaa, 0x21, 0xaa, 0x29, 0xab, 0x29, 0xab, 0x29, 0xaa, 0x29, 0xaa, 0x29,
    0xaa, 0x29, 0xaa, 0x21, 0x89, 0x21, 0x89, 0x29, 0x89, 0x21, 0x89, 0x21,
    0x88, 0x29, 0x88, 0x29, 0x88, 0x31, 0x88, 0x29, 0x87, 0x31, 0x87, 0x29,
    0x88, 0x29, 0x87, 0x29, 0x88, 0x29, 0x88, 0x31, 0x88, 0x29, 0x88, 0x29,
    0x88, 0x31, 0x88, 0x29, 0x88, 0x29, 0x87, 0x29, 0x88, 0x31, 0x87, 0x29,
    0x87, 0x29, 0x88, 0x31, 0x68, 0x29, 0x88, 0x29, 0x88, 0x29, 0x88, 0x29,
    0x88, 0x29, 0x88, 0x29, 0x88, 0x29, 0x87, 0x31, 0x88, 0x29, 0x88, 0x29,
    0x87, 0x29, 0x88, 0x31, 0x88, 0x29, 0x88, 0x29, 0x87, 0x29, 0x87, 0x31,
    0x88, 0x29, 0x87, 0x29, 0x88, 0x31, 0x87, 0x29, 0xa8, 0x29, 0xa8, 0x29,
    0x88, 0x31, 0xa7, 0x31, 0x88, 0x29, 0xa8, 0x31, 0xa8, 0x31, 0x88, 0x31,
    0xa8, 0x31, 0xa8, 0x31, 0xa8, 0x31, 0xa8, 0x31, 0xc8, 0x39, 0xc9, 0x31,
    0xa8, 0x31, 0xa8, 0x39, 0xc8, 0x31, 0xc8, 0x31, 0xa9, 0x39, 0xc8, 0x39,
    0xc9, 0x39, 0xa8, 0x31, 0xc9, 0x39, 0xc9, 0x39, 0xc8, 0x39, 0xc9, 0x31,
    0xc8, 0x39, 0xc9, 0x39, 0xc8, 0x39, 0xc8, 0x39, 0xc9, 0x39, 0xc8, 0x39,
    0xc9, 0x39, 0xc8, 0x39, 0xc8, 0x39, 0xc8, 0x39, 0xc8, 0x39, 0xc8, 0x39,
    0xc8, 0x39, 0xc8, 0x39, 0xc9, 0x39, 0xc8, 0x39, 0xc9, 0x39, 0xc8, 0x39,
    0xc8, 0x39, 0xc9, 0x39, 0xc8, 0x39, 0xc9, 0x39, 0xc8, 0x39, 0xa8, 0x39,
    0xc8, 0x31, 0xa8, 0x31, 0xa8, 0x31, 0xa8, 0x31, 0xa8, 0x31, 0xa8, 0x31,
    0xa8, 0x31, 0xa9, 0x31, 0xa8, 0x31, 0xa8, 0x31, 0xa9, 0x31, 0xa8, 0x31,
    0xa9, 0x31, 0xc9, 0x31, 0xc9, 0x31, 0xc9, 0x31, 0xa9, 0x31, 0xa9, 0x31,
    0xa9, 0x31, 0xc9, 0x31, 0xa9, 0x31, 0xc9, 0x31, 0xc9, 0x31, 0xc9, 0x31,
    0xa9, 0x31, 0xc9, 0x31, 0xc9, 0x31, 0xc9, 0x31, 0xc9, 0x39, 0xc9, 0x39,
    0xc9, 0x39, 0xc9, 0x39, 0xe9, 0x39, 0xe9, 0x39, 0xe9, 0x39, 0xe9, 0x39,
    0xe9, 0x39, 0xe9, 0x39, 0xe9, 0x39, 0xe9, 0x41, 0xe9, 0x39, 0xe9, 0x41,
    0xe9, 0x41, 0xe9, 0x39, 0xe9, 0x41, 0xe9, 0x41, 0xe9, 0x41, 0xe9, 0x41,
    0xe9, 0x41, 0xe9, 0x41, 0xe9, 0x41, 0xea, 0x41, 0xe9, 0x41, 0xe9, 0x41,
    0xea, 0x39, 0xe9, 0x41, 0xe9, 0x41, 0xe9, 0x39, 0xe9, 0x41, 0xe9, 0x39,
    0xe9, 0x41, 0xe9, 0x41, 0x09, 0x42, 0x09, 0x42, 0x09, 0x42, 0x0a, 0x4a,
    0x29, 0x4a, 0x29, 0x4a, 0x2a, 0x4a, 0x2a, 0x4a, 0x29, 0x52, 0x2a, 0x52,
    0x29, 0x52, 0x29, 0x52, 0x4a, 0x52, 0x29, 0x52, 0x49, 0x52, 0x49, 0x52,
    0x2a, 0x52, 0x29, 0x52, 0x4a, 0x52, 0x4a, 0x52, 0x4a, 0x52, 0x4a, 0x52,
    0x4a, 0x52, 0x4a, 0x52, 0x4a, 0x52, 0x4a, 0x52, 0x4a, 0x52, 0x4a, 0x52,
    0x4a, 0x52, 0x4a, 0x5a, 0x6a, 0x5a, 0x6a, 0x5a, 0x6a, 0x5a, 0x6a, 0x5a,
    0x6a, 0x5a, 0x4a, 0x52, 0x4a, 0x52, 0x4a, 0x4a, 0x2a, 0x4a, 0x2a, 0x4a,
    0x0a, 0x42, 0x09, 0x42, 0x09, 0x42, 0x09, 0x42, 0x09, 0x42, 0x09, 0x42,
    0x0a, 0x42, 0x2a, 0x42, 0x4a, 0x4a, 0x8b, 0x5a, 0x8b, 0x5a, 0xab, 0x5a,
    0xcc, 0x5a, 0xec, 0x5a, 0xcc, 0x5a, 0xec, 0x5a, 0xec, 0x5a, 0xec, 0x5a,
    0xec, 0x5a, 0xed, 0x5a, 0xed, 0x62, 0xec, 0x5a, 0x0c, 0x5b, 0xed, 0x5a,
    0xed, 0x5a, 0xec, 0x5a, 0xec, 0x5a, 0xed, 0x5a, 0xec, 0x5a, 0xec, 0x5a,
    0xec, 0x5a, 0x0d, 0x53, 0x0d, 0x53, 0xec, 0x52, 0xed, 0x52, 0xed, 0x52,
    0xed, 0x52, 0xed, 0x52, 0xed, 0x52, 0xed, 0x52, 0xed, 0x52, 0xed, 0x52,
    0xed, 0x52, 0xec, 0x52, 0xcc, 0x52, 0xcd, 0x52, 0xcc, 0x52, 0xcc, 0x52,
    0xcd, 0x52, 0xcc, 0x52, 0xec, 0x5a, 0xcc, 0x52, 0xcd, 0x52, 0xcc, 0x52,
    0xcc, 0x52, 0xcc, 0x52, 0xcd, 0x52, 0xcc, 0x52, 0xcc, 0x52, 0xcc, 0x52,
    0xcd, 0x52, 0xac, 0x4a, 0xac, 0x4a, 0xac, 0x4a, 0xac, 0x4a, 0xac, 0x4a,
    0x8c, 0x4a, 0x8c, 0x42, 0x6c, 0x3a, 0x6c, 0x3a, 0x4d, 0x3a, 0x6c, 0x3a,
    0x6c, 0x32, 0x6c, 0x3a, 0x6c, 0x3a, 0x4c, 0x3a, 0x4c, 0x3a, 0x6c, 0x3a,
    0x4c, 0x3a, 0x4c, 0x32, 0x4d, 0x32, 0x6c, 0x3a, 0x8d, 0x3a, 0xad, 0x3a,
    0x6d, 0x3a, 0xec, 0x29, 0xeb, 0x29, 0xec, 0x31, 0xec, 0x31, 0xec, 0x29,
    0xec, 0x31, 0xec, 0x31, 0x0c, 0x32, 0x0c, 0x32, 0x2c, 0x32, 0x2c, 0x32,
    0x2c, 0x32, 0x2c, 0x3a, 0x2c, 0x3a, 0x2c, 0x3a, 0x2c, 0x3a, 0x4c, 0x3a,
    0x4c, 0x32, 0x2c, 0x32, 0x2c, 0x32, 0x0b, 0x32, 0x0b, 0x32, 0x0b, 0x32,
    0xeb, 0x31, 0xeb, 0x31, 0xca, 0x31, 0xca, 0x29, 0xaa, 0x29, 0xaa, 0x29,
    0xaa, 0x21, 0xa9, 0x21, 0xaa, 0x29, 0xaa, 0x21, 0xaa, 0x29, 0xab, 0x29,
    0xaa, 0x21, 0xaa, 0x29, 0xaa, 0x21, 0x89, 0x21, 0x89, 0x29, 0x8a, 0x21,
    0x89, 0x21, 0x89, 0x21, 0x88, 0x31, 0x88, 0x29, 0xa8, 0x29, 0x88, 0x31,
    0xa8, 0x29, 0x88, 0x31, 0x88, 0x31, 0x87, 0x29, 0x87, 0x29, 0x87, 0x31,
    0x87, 0x29, 0x88, 0x29, 0x87, 0x29, 0x88, 0x29, 0x88, 0x29, 0x88, 0x31,
    0x88, 0x29, 0x88, 0x29, 0x88, 0x29, 0x88, 0x29, 0x88, 0x31, 0x88, 0x29,
    0x88, 0x31, 0x87, 0x29, 0x88, 0x31, 0x87, 0x31, 0x87, 0x29, 0x88, 0x31,
    0x87, 0x29, 0x87, 0x31, 0x87, 0x31, 0x88, 0x31, 0x87, 0x31, 0x87, 0x31,
    0x88, 0x31, 0x88, 0x29, 0x87, 0x31, 0x88, 0x31, 0x87, 0x29, 0x88, 0x31,
    0x88, 0x29, 0xa8, 0x31, 0x87, 0x31, 0xa8, 0x29, 0xa8, 0x29, 0xa8, 0x31,
    0x87, 0x31, 0xa8, 0x31, 0xa8, 0x31, 0xa8, 0x31, 0xa8, 0x31, 0xa8, 0x31,
    0xc8, 0x31, 0xc8, 0x31, 0xa9, 0x31, 0xc8, 0x39, 0xc8, 0x31, 0xa8, 0x31,
    0xc8, 0x31, 0xa8, 0x31, 0xc8, 0x39, 0xc9, 0x31, 0xc8, 0x39, 0xa8, 0x31,
    0xa8, 0x31, 0xc8, 0x39, 0xc8, 0x39, 0xc8, 0x31, 0xc8, 0x39, 0xc8, 0x39,
    0xc8, 0x39, 0xc8, 0x39, 0xc9, 0x39, 0xc8, 0x39, 0xc8, 0x39, 0xc9, 0x39,
    0xc8, 0x39, 0xc8, 0x39, 0xc9, 0x39, 0xc8, 0x39, 0xc8, 0x39, 0xc8, 0x39,
    0xc8, 0x39, 0xc8, 0x39, 0xc8, 0x39, 0xc9, 0x39, 0xa8, 0x39, 0xc8, 0x39,
    0xa9, 0x39, 0xc8, 0x31, 0xa8, 0x31, 0xa8, 0x31, 0xa8, 0x31, 0xa8, 0x31,
    0xa8, 0x31, 0xa8, 0x31, 0xa8, 0x31, 0xa8, 0x31, 0xa8, 0x31, 0xa8, 0x31,
    0xa8, 0x31, 0xa8, 0x31, 0xa8, 0x31, 0xa8, 0x31, 0xa8, 0x31, 0xa8, 0x31,
    0xa9, 0x31, 0xa9, 0x31, 0xa9, 0x31, 0xa9, 0x31, 0xa9, 0x31, 0xc9, 0x31,
    0xa9, 0x31, 0xa9, 0x31, 0xa9, 0x31, 0xa9, 0x31, 0xa9, 0x31, 0xa9, 0x31,
    0xc9, 0x31, 0xa9, 0x31, 0xc9, 0x31, 0xc9, 0x31, 0xc9, 0x31, 0xc9, 0x31,
    0xc9, 0x31, 0xc9, 0x39, 0xc9, 0x39, 0xe9, 0x39, 0xc9, 0x39, 0xc9, 0x39,
    0xe9, 0x39, 0xc9, 0x39, 0xc9, 0x39, 0xe9, 0x39, 0xe9, 0x39, 0xe9, 0x39,
    0xe9, 0x39, 0xe9, 0x39, 0xe9, 0x39, 0xe9, 0x39, 0xe9, 0x39, 0xe9, 0x39,
    0xe9, 0x39, 0xe9, 0x39, 0xe9, 0x39, 0xe9, 0x39, 0xe9, 0x39, 0xe9, 0x39,
    0xe9, 0x39, 0xe9, 0x39, 0xe9, 0x39, 0xe9, 0x39, 0xe9, 0x39, 0xe9, 0x39,
    0xe9, 0x41, 0xe9, 0x41, 0x09, 0x42, 0x09, 0x42, 0x09, 0x42, 0x09, 0x4a,
    0x2a, 0x4a, 0x29, 0x4a, 0x2a, 0x4a, 0x2a, 0x4a, 0x29, 0x4a, 0x2a, 0x4a,
    0x2a, 0x4a, 0x2a, 0x52, 0x29, 0x4a, 0x2a, 0x52, 0x29, 0x52, 0x29, 0x4a,
    0x2a, 0x4a, 0x29, 0x52, 0x29, 0x4a, 0x29, 0x4a, 0x29, 0x4a, 0x09, 0x4a,
    0x09, 0x4a, 0x0a, 0x4a, 0x29, 0x4a, 0x29, 0x4a, 0x2a, 0x4a, 0x2a, 0x4a,
    0x2a, 0x4a, 0x2a, 0x4a, 0x2a, 0x4a, 0x2a, 0x4a, 0x2a, 0x4a, 0x2a, 0x4a,
    0x0a, 0x42, 0x0a, 0x42, 0x09, 0x42, 0xe9, 0x39, 0xe9, 0x39, 0xe9, 0x39,
    0xe9, 0x39, 0xea, 0x39, 0x0a, 0x42, 0x0a, 0x42, 0x2a, 0x42, 0x2a, 0x4a,
    0x4a, 0x4a, 0x6a, 0x4a, 0x8b, 0x52, 0xac, 0x52, 0xcc, 0x5a, 0xac, 0x5a,
    0xac, 0x52, 0xcc, 0x5a, 0xec, 0x5a, 0xec, 0x5a, 0xec, 0x5a, 0xed, 0x5a,
    0xec, 0x5a, 0x0c, 0x5b, 0xec, 0x5a, 0xec, 0x5a, 0xec, 0x5a, 0xec, 0x5a,
    0xec, 0x5a, 0xec, 0x5a, 0xec, 0x5a, 0xec, 0x5a, 0xec, 0x52, 0xed, 0x52,
    0xec, 0x52, 0xec, 0x52, 0xed, 0x52, 0xed, 0x52, 0xec, 0x52, 0xed, 0x52,
    0xed, 0x52, 0xed, 0x52, 0xed, 0x52, 0xed, 0x52, 0xec, 0x52, 0xcd, 0x52,
    0xcc, 0x52, 0xcc, 0x52, 0xcc, 0x52, 0xcd, 0x52, 0xcc, 0x52, 0xcc, 0x52,
    0xcc, 0x52, 0xcc, 0x52, 0xcc, 0x52, 0xcd, 0x52, 0xcc, 0x5a, 0xcc, 0x52,
    0xcd, 0x52, 0xac, 0x52, 0xac, 0x4a, 0xac, 0x4a, 0xac, 0x4a, 0xac, 0x4a,
    0x8d, 0x42, 0x8c, 0x42, 0x8c, 0x42, 0x6d, 0x42, 0x6c, 0x42, 0x6c, 0x3a,
    0x4d, 0x3a, 0x4d, 0x3a, 0x4c, 0x32, 0x6c, 0x3a, 0x6c, 0x3a, 0x6c, 0x3a,
    0x6c, 0x3a, 0x6c, 0x3a, 0x4c, 0x3a, 0x4c, 0x32, 0x4c, 0x3a, 0x2c, 0x3a,
    0x4c, 0x32, 0x4d, 0x3a, 0x2c, 0x32, 0xec, 0x29, 0xeb, 0x31, 0xec, 0x31,
    0xec, 0x29, 0xeb, 0x29, 0xec, 0x31, 0x0c, 0x32, 0x0c, 0x2a, 0x0c, 0x32,
    0x0c, 0x32, 0x2c, 0x32, 0x2c, 0x3a, 0x2c, 0x32, 0x2c, 0x32, 0x2c, 0x32,
    0x2c, 0x3a, 0x2c, 0x32, 0x2c, 0x32, 0x0c, 0x32, 0x0c, 0x32, 0x0b, 0x32,
    0x0b, 0x32, 0xeb, 0x31, 0xeb, 0x31, 0xeb, 0x31, 0xcb, 0x29, 0xca, 0x29,
    0xaa, 0x29, 0xaa, 0x29, 0xa9, 0x29, 0xaa, 0x29, 0xaa, 0x21, 0xaa, 0x21,
    0xaa, 0x29, 0xaa, 0x21, 0xaa, 0x29, 0xaa, 0x21, 0x89, 0x21, 0x89, 0x29,
    0x8a, 0x21, 0xa9, 0x29, 0x89, 0x21, 0x8a, 0x21, 0x88, 0x29, 0x87, 0x31,
    0xa8, 0x29, 0x88, 0x29, 0x88, 0x29, 0xa8, 0x29, 0x88, 0x31, 0x88, 0x29,
    0x88, 0x31, 0x88, 0x29, 0x88, 0x29, 0x88, 0x31, 0x88, 0x29, 0x87, 0x29,
    0x88, 0x31, 0x88, 0x29, 0x87, 0x29, 0x88, 0x31, 0x88, 0x29, 0x87, 0x31,
    0x87, 0x29, 0x87, 0x31, 0x87, 0x31, 0x87, 0x31, 0x88, 0x29, 0x87, 0x31,
    0x87, 0x31, 0x87, 0x29, 0x88, 0x31, 0x87, 0x29, 0x87, 0x29, 0x88, 0x29,
    0x87, 0x29, 0x87, 0x31, 0x87, 0x29, 0x88, 0x29, 0x87, 0x31, 0x88, 0x31,
    0x88, 0x31, 0x87, 0x29, 0xa8, 0x31, 0x88, 0x31, 0xa7, 0x31, 0x88, 0x31,
    0xa8, 0x31, 0xa8, 0x31, 0xa8, 0x31, 0xa8, 0x31, 0xa8, 0x31, 0xa8, 0x31,
    0xa8, 0x31, 0xa8, 0x31, 0xc8, 0x31, 0xa8, 0x39, 0xa8, 0x31, 0xc9, 0x31,
    0xa8, 0x39, 0xa8, 0x39, 0xc9, 0x31, 0xc8, 0x39, 0xa8, 0x31, 0xa8, 0x39,
    0xa8, 0x31, 0xc8, 0x31, 0xa9, 0x39, 0xc8, 0x31, 0xc8, 0x31, 0xc9, 0x39,
    0xc8, 0x39, 0xc8, 0x39, 0xa8, 0x39, 0xc8, 0x39, 0xc8, 0x39, 0xc8, 0x39,
    0xc8, 0x39, 0xc9, 0x39, 0xc8, 0x39, 0xc8, 0x39, 0xc9, 0x39, 0xc8, 0x39,
    0xc8, 0x39, 0xc9, 0x39, 0xc8, 0x39, 0xc8, 0x39, 0xc9, 0x39, 0xa8, 0x39,
    0xc8, 0x39, 0xa8, 0x31, 0xa8, 0x31, 0xa8, 0x31, 0xa8, 0x31, 0xa8, 0x31,
    0xa8, 0x31, 0xa8, 0x31, 0xa8, 0x31, 0xa8, 0x31, 0xa8, 0x31, 0xa8, 0x31,
    0xa8, 0x31, 0xa8, 0x31, 0xa8, 0x31, 0xa8, 0x31, 0xa8, 0x31, 0xa8, 0x31,
    0xa8, 0x31, 0xa8, 0x31, 0xa8, 0x31, 0xa8, 0x31, 0xa8, 0x29, 0xa8, 0x31,
    0xa8, 0x31, 0xa8, 0x29, 0xa8, 0x31, 0xa8, 0x31, 0xa9, 0x31, 0xa8, 0x31,
    0xa9, 0x31, 0xa9, 0x31, 0xa9, 0x31, 0xa9, 0x31, 0xa9, 0x31, 0xa9, 0x31,
    0xa9, 0x31, 0xa9, 0x31, 0xc9, 0x31, 0xc9, 0x31, 0xc9, 0x31, 0xc9, 0x31,
    0xc9, 0x31, 0xc9, 0x31, 0xc9, 0x31, 0xc9, 0x39, 0xc9, 0x31, 0xc9, 0x39,
    0xc9, 0x39, 0xc9, 0x39, 0xe9, 0x39, 0xc9, 0x39, 0xc9, 0x39, 0xe9, 0x39,
    0xe9, 0x39, 0xe9, 0x39, 0xe9, 0x39, 0xe9, 0x39, 0xe9, 0x39, 0xc9, 0x39,
    0xc9, 0x39, 0xe9, 0x39, 0xc9, 0x39, 0xe9, 0x39, 0xc9, 0x39, 0xc9, 0x39,
    0xe9, 0x39, 0xe9, 0x39, 0xc9, 0x39, 0xe9, 0x39, 0xe9, 0x39, 0xe9, 0x39,
    0xe9, 0x39, 0xe9, 0x41, 0xe9, 0x41, 0x09, 0x42, 0x09, 0x42, 0x09, 0x42,
    0x09, 0x4a, 0x09, 0x4a, 0x09, 0x42, 0x09, 0x42, 0x09, 0x42, 0x09, 0x42,
    0x09, 0x42, 0x09, 0x42, 0x09, 0x42, 0x09, 0x42, 0xe9, 0x41, 0xe9, 0x41,
    0xe9, 0x41, 0x09, 0x42, 0x09, 0x42, 0xe9, 0x41, 0xe9, 0x41, 0x09, 0x42,
    0x09, 0x42, 0x09, 0x42, 0x09, 0x42, 0x09, 0x42, 0x09, 0x42, 0x09, 0x42,
    0x09, 0x42, 0x09, 0x42, 0x09, 0x42, 0xe9, 0x41, 0xe9, 0x39, 0xe9, 0x39,
    0xea, 0x39, 0xe9, 0x39, 0xea, 0x39, 0xe9, 0x39, 0xe9, 0x39, 0x0a, 0x3a,
    0x0a, 0x42, 0x2a, 0x42, 0x2a, 0x42, 0x2a, 0x4a, 0x2a, 0x4a, 0x4a, 0x4a,
    0x8b, 0x4a, 0xac, 0x52, 0xab, 0x52, 0x8c, 0x52, 0xac, 0x52, 0xcc, 0x52,
    0xcc, 0x5a, 0xec, 0x5a, 0xec, 0x5a, 0xcc, 0x5a, 0xec, 0x5a, 0xec, 0x5a,
    0xec, 0x5a, 0xec, 0x5a, 0xed, 0x52, 0xec, 0x52, 0xcc, 0x52, 0xcc, 0x52,
    0xec, 0x52, 0xed, 0x52, 0xec, 0x52, 0xec, 0x52, 0xec, 0x4a, 0xed, 0x4a,
    0xed, 0x52, 0xec, 0x4a, 0xec, 0x52, 0xec, 0x52, 0xed, 0x52, 0xed, 0x52,
    0xec, 0x52, 0xcc, 0x52, 0xcc, 0x52, 0xcc, 0x5a, 0xcc, 0x52, 0xcd, 0x52,
    0xcc, 0x52, 0xcc, 0x52, 0xcd, 0x5a, 0xcc, 0x52, 0xcc, 0x52, 0xcc, 0x52,
    0xcc, 0x52, 0xcc, 0x52, 0xad, 0x52, 0xac, 0x4a, 0xac, 0x4a, 0x8d, 0x4a,
    0x8c, 0x42, 0x8c, 0x42, 0x6c, 0x42, 0x6d, 0x42, 0x6d, 0x3a, 0x6c, 0x3a,
    0x6d, 0x3a, 0x6c, 0x3a, 0x6c, 0x3a, 0x4d, 0x3a, 0x4c, 0x32, 0x6d, 0x3a,
    0x6c, 0x3a, 0x6c, 0x3a, 0x6c, 0x3a, 0x6c, 0x3a, 0x6c, 0x32, 0x4c, 0x3a,
    0x4c, 0x3a, 0x4c, 0x32, 0x4c, 0x32, 0x4c, 0x32, 0x2c, 0x32, 0x0b, 0x32,
    0xec, 0x31, 0xeb, 0x29, 0xeb, 0x29, 0xeb, 0x29, 0xeb, 0x31, 0xeb, 0x29,
    0xeb, 0x31, 0x0c, 0x32, 0x0b, 0x32, 0x0c, 0x3a, 0x2c, 0x3a, 0x2b, 0x32,
    0x2c, 0x32, 0x2c, 0x32, 0x2c, 0x32, 0x0c, 0x32, 0x0c, 0x32, 0xeb, 0x31,
    0xeb, 0x29, 0x0b, 0x32, 0xeb, 0x31, 0xeb, 0x31, 0xeb, 0x29, 0xeb, 0x29,
    0xea, 0x29, 0xca, 0x29, 0xaa, 0x29, 0xa9, 0x21, 0xaa, 0x29, 0xa9, 0x21,
    0xa9, 0x21, 0xa9, 0x29, 0xaa, 0x21, 0xaa, 0x21, 0xaa, 0x21, 0x8a, 0x29,
    0x89, 0x21, 0x89, 0x21, 0xa9, 0x29, 0x89, 0x21, 0x89, 0x21, 0x89, 0x21,
    0x88, 0x29, 0x87, 0x29, 0x88, 0x31, 0x88, 0x31, 0x87, 0x29, 0x88, 0x29,
    0x88, 0x29, 0x88, 0x31, 0x88, 0x29, 0x88, 0x29, 0x88, 0x29, 0x88, 0x29,
    0x88, 0x31, 0x88, 0x29, 0x88, 0x29, 0x87, 0x29, 0x87, 0x31, 0x87, 0x31,
    0x87, 0x31, 0x87, 0x29, 0x87, 0x31, 0x88, 0x29, 0x87, 0x29, 0x87, 0x29,
    0x88, 0x29, 0x87, 0x29, 0x88, 0x31, 0x87, 0x29, 0x88, 0x31, 0x88, 0x31,
    0x87, 0x29, 0x87, 0x31, 0x88, 0x29, 0x87, 0x29, 0x87, 0x31, 0x88, 0x31,
    0x87, 0x29, 0x88, 0x31, 0xa8, 0x29, 0xa7, 0x29, 0xa8, 0x29, 0x88, 0x31,
    0x88, 0x29, 0xa8, 0x31, 0xa8, 0x31, 0x88, 0x31, 0xa8, 0x31, 0xa8, 0x31,
    0xa8, 0x31, 0xa8, 0x31, 0xa8, 0x31, 0xa8, 0x31, 0xa8, 0x31, 0xc9, 0x39,
    0xc8, 0x31, 0xa8, 0x31, 0xa8, 0x31, 0xa9, 0x31, 0xa8, 0x39, 0xa8, 0x31,
    0xc9, 0x39, 0xa8, 0x39, 0xc8, 0x31, 0xa8, 0x39, 0xa8, 0x31, 0xc8, 0x39,
    0xc8, 0x39, 0xa8, 0x39, 0xc8, 0x31, 0xa9, 0x39, 0xa9, 0x39, 0xa8, 0x31,
    0xa8, 0x39, 0xa9, 0x39, 0xa8, 0x39, 0xc8, 0x39, 0xc8, 0x39, 0xc8, 0x39,
    0xc8, 0x39, 0xc8, 0x39, 0xc8, 0x39, 0xa8, 0x39, 0xc8, 0x31, 0xa8, 0x39,
    0xa8, 0x39, 0xc8, 0x31, 0xa8, 0x31, 0xa8, 0x39, 0xa8, 0x31, 0xa8, 0x31,
    0xa8, 0x31, 0xa8, 0x31, 0xa8, 0x31, 0x88, 0x31, 0xa8, 0x31, 0x88, 0x29,
    0x88, 0x31, 0x88, 0x29, 0x88, 0x29, 0x88, 0x29, 0x88, 0x29, 0x88, 0x29,
    0x88, 0x29, 0x88, 0x29, 0xa8, 0x29, 0x88, 0x29, 0xa8, 0x29, 0xa8, 0x29,
    0xa8, 0x31, 0xa8, 0x29, 0xa8, 0x29, 0xa8, 0x31, 0xa9, 0x31, 0xa8, 0x29,
    0xa8, 0x31, 0xa8, 0x31, 0xa8, 0x29, 0xa8, 0x31, 0xa8, 0x31, 0xa8, 0x31,
    0xa8, 0x31, 0xa9, 0x31, 0xa8, 0x31, 0xa9, 0x31, 0xa9, 0x31, 0xa8, 0x31,
    0xa9, 0x31, 0xa8, 0x31, 0xa8, 0x31, 0xa8, 0x31, 0xa9, 0x31, 0xa8, 0x31,
    0xa8, 0x31, 0xa9, 0x31, 0xa8, 0x31, 0xa9, 0x31, 0xc9, 0x31, 0xc9, 0x31,
    0xa9, 0x39, 0xc9, 0x31, 0xc9, 0x39, 0xc9, 0x39, 0xc9, 0x39, 0xc9, 0x39,
    0xc9, 0x39, 0xc9, 0x39, 0xc9, 0x39, 0xc9, 0x39, 0xc9, 0x39, 0xc9, 0x39,
    0xc9, 0x39, 0xc9, 0x39, 0xc9, 0x39, 0xc9, 0x39, 0xc9, 0x39, 0xc9, 0x39,
    0xc9, 0x39, 0xc9, 0x39, 0xe9, 0x39, 0xe9, 0x39, 0xc9, 0x39, 0xe9, 0x39,
    0xe9, 0x39, 0xe9, 0x39, 0xe9, 0x39, 0xe9, 0x39, 0xe9, 0x39, 0xe9, 0x41,
    0xe9, 0x41, 0xe9, 0x39, 0xe9, 0x41, 0xe9, 0x41, 0xe9, 0x39, 0xea, 0x39,
    0xe9, 0x41, 0xe9, 0x41, 0xea, 0x39, 0xe9, 0x41, 0xea, 0x41, 0xe9, 0x41,
    0xe9, 0x41, 0xea, 0x41, 0xe9, 0x41, 0xe9, 0x41, 0xea, 0x41, 0xe9, 0x41,
    0x09, 0x42, 0xe9, 0x41, 0xe9, 0x41, 0xe9, 0x39, 0xe9, 0x39, 0xe9, 0x39,
    0x09, 0x3a, 0xea, 0x39, 0xe9, 0x39, 0xea, 0x39, 0xe9, 0x31, 0xea, 0x39,
    0xe9, 0x39, 0xe9, 0x39, 0x0a, 0x3a, 0x0a, 0x42, 0x0a, 0x42, 0x2a, 0x42,
    0x2a, 0x42, 0x2a, 0x42, 0x2a, 0x42, 0x6b, 0x4a, 0x8b, 0x52, 0xab, 0x52,
    0x8b, 0x52, 0x8c, 0x52, 0xac, 0x52, 0xcc, 0x52, 0xcc, 0x52, 0xcc, 0x5a,
    0xcd, 0x52, 0xcc, 0x52, 0xcc, 0x52, 0xcc, 0x52, 0xcc, 0x52, 0xcc, 0x52,
    0xcd, 0x52, 0xcc, 0x52, 0xcc, 0x52, 0xcc, 0x52, 0xcc, 0x52, 0xcc, 0x52,
    0xcc, 0x52, 0xcc, 0x52, 0xed, 0x4a, 0xcd, 0x4a, 0xcd, 0x4a, 0xec, 0x4a,
    0xec, 0x4a, 0xec, 0x52, 0xcc, 0x52, 0xcc, 0x52, 0xcd, 0x52, 0xcc, 0x52,
    0xcc, 0x52, 0xcc, 0x52, 0xcc, 0x52, 0xcd, 0x52, 0xcc, 0x52, 0xcc, 0x52,
    0xcc, 0x52, 0xcd, 0x52, 0xcc, 0x52, 0xac, 0x52, 0xac, 0x4a, 0xac, 0x4a,
    0x8c, 0x42, 0x6d, 0x42, 0x6c, 0x42, 0x6d, 0x3a, 0x6c, 0x3a, 0x6c, 0x3a,
    0x6c, 0x3a, 0x6c, 0x3a, 0x6d, 0x3a, 0x6c, 0x3a, 0x4c, 0x3a, 0x6c, 0x3a,
    0x6d, 0x32, 0x6c, 0x3a, 0x6c, 0x3a, 0x6c, 0x3a, 0x4c, 0x32, 0x6c, 0x3a,
    0x4c, 0x32, 0x6c, 0x3a, 0x6c, 0x3a, 0x4c, 0x32, 0x4c, 0x3a, 0x4c, 0x32,
    0x2c, 0x32, 0x0c, 0x32, 0xeb, 0x31, 0xec, 0x29, 0xec, 0x31, 0xec, 0x29,
    0xeb, 0x29, 0xeb, 0x29, 0xec, 0x31, 0x0b, 0x32, 0x0b, 0x32, 0x2c, 0x32,
    0x0b, 0x3a, 0x0b, 0x32, 0x0c, 0x3a, 0x0b, 0x32, 0x0b, 0x32, 0x0b, 0x32,
    0xeb, 0x31, 0xeb, 0x29, 0xcb, 0x29, 0xeb, 0x31, 0xeb, 0x31, 0xeb, 0x29,
    0xeb, 0x31, 0xeb, 0x31, 0xea, 0x29, 0xca, 0x29, 0xaa, 0x29, 0xaa, 0x29,
    0xa9, 0x21, 0xaa, 0x21, 0xa9, 0x29, 0x8a, 0x29, 0xa9, 0x21, 0xaa, 0x21,
    0x89, 0x29, 0x89, 0x21, 0xaa, 0x21, 0x89, 0x29, 0x8a, 0x21, 0x89, 0x21,
    0x89, 0x21, 0x89, 0x29, 0x88, 0x29, 0x88, 0x29, 0xa8, 0x31, 0x87, 0x29,
    0xa8, 0x31, 0x87, 0x31, 0x88, 0x29, 0xa8, 0x29, 0x88, 0x31, 0x87, 0x31,
    0x87, 0x29, 0x87, 0x29, 0x87, 0x29, 0x87, 0x31, 0x87, 0x29, 0x87, 0x31,
    0x88, 0x29, 0x88, 0x29, 0x87, 0x29, 0x88, 0x31, 0x88, 0x29, 0x87, 0x31,
    0x88, 0x31, 0x87, 0x31, 0x87, 0x31, 0x88, 0x29, 0x87, 0x29, 0x87, 0x31,
    0x87, 0x29, 0x88, 0x31, 0x88, 0x31, 0x87, 0x31, 0x88, 0x31, 0x88, 0x29,
    0x88, 0x31, 0x87, 0x31, 0x87, 0x29, 0x88, 0x29, 0x88, 0x31, 0xa8, 0x31,
    0x87, 0x29, 0xa8, 0x31, 0xa8, 0x31, 0xa8, 0x29, 0xa7, 0x31, 0xa8, 0x31,
    0xa8, 0x31, 0xa8, 0x31, 0xa8, 0x31, 0xa8, 0x31, 0xa8, 0x31, 0xa8, 0x31,
    0xa8, 0x31, 0xa9, 0x31, 0xc8, 0x31, 0xc8, 0x31, 0xa8, 0x39, 0xc8, 0x31,
    0xc8, 0x31, 0xa8, 0x31, 0xc8, 0x31, 0xc8, 0x31, 0xa8, 0x31, 0xa8, 0x39,
    0xc8, 0x31, 0xa8, 0x31, 0xa8, 0x31, 0xa8, 0x31, 0xc8, 0x31, 0xa8, 0x39,
    0xc8, 0x31, 0xc8, 0x39, 0xc8, 0x31, 0xa8, 0x39, 0xc8, 0x31, 0xa8, 0x39,
    0xa8, 0x39, 0xa9, 0x39, 0xa8, 0x39, 0xa8, 0x31, 0xa8, 0x39, 0xc8, 0x39,
    0xc8, 0x31, 0xa8, 0x39, 0xa8, 0x31, 0xa8, 0x31, 0xa8, 0x31, 0xa8, 0x31,
    0xa8, 0x31, 0xa8, 0x31, 0x88, 0x31, 0x88, 0x31, 0xa8, 0x31, 0x88, 0x31,
    0xa8, 0x31, 0xa8, 0x31, 0x88, 0x29, 0xa8, 0x31, 0xa8, 0x31, 0x88, 0x31,
    0xa8, 0x29, 0xa8, 0x31, 0x88, 0x31, 0xa8, 0x29, 0x88, 0x31, 0x88, 0x31,
    0x88, 0x29, 0x88, 0x31, 0x88, 0x31, 0x88, 0x29, 0x88, 0x29, 0xa8, 0x31,
    0xa9, 0x29, 0xa8, 0x29, 0xa9, 0x29, 0xa8, 0x31, 0xa8, 0x31, 0xa9, 0x29,
    0xa8, 0x29, 0xa9, 0x29, 0xa8, 0x31, 0xa8, 0x31, 0xa9, 0x31, 0xa8, 0x31,
    0xa8, 0x31, 0xa9, 0x31, 0xa8, 0x31, 0xa9, 0x31, 0xa9, 0x31, 0xa9, 0x31,
    0xa8, 0x31, 0xa9, 0x31, 0xa8, 0x31, 0xa8, 0x31, 0xc9, 0x31, 0xa8, 0x31,
    0xa8, 0x31, 0xc9, 0x31, 0xa8, 0x31, 0xa8, 0x31, 0xc9, 0x31, 0xa9, 0x31,
    0xa9, 0x31, 0xc9, 0x31, 0xc9, 0x31, 0xc9, 0x31, 0xc9, 0x31, 0xc9, 0x31,
    0xc9, 0x31, 0xc9, 0x31, 0xc9, 0x31, 0xc9, 0x39, 0xc9, 0x31, 0xc9, 0x31,
    0xc9, 0x39, 0xc9, 0x39, 0xc9, 0x31, 0xc9, 0x39, 0xc9, 0x39, 0xc9, 0x39,
    0xc9, 0x39, 0xc9, 0x39, 0xc9, 0x39, 0xc9, 0x39, 0xe9, 0x39, 0xc9, 0x39,
    0xe9, 0x39, 0xe9, 0x39, 0xe9, 0x39, 0xe9, 0x39, 0xe9, 0x39, 0xe9, 0x39,
    0xe9, 0x39, 0xe9, 0x39, 0xe9, 0x39, 0xe9, 0x39, 0xe9, 0x39, 0xe9, 0x39,
    0xe9, 0x39, 0xe9, 0x39, 0xe9, 0x39, 0xe9, 0x39, 0xe9, 0x41, 0xe9, 0x41,
    0xe9, 0x39, 0xe9, 0x39, 0xe9, 0x41, 0xea, 0x39, 0xea, 0x39, 0xe9, 0x41,
    0xea, 0x39, 0xe9, 0x41, 0xe9, 0x39, 0xe9, 0x39, 0xe9, 0x39, 0xe9, 0x39,
    0xe9, 0x39, 0xea, 0x31, 0xea, 0x39, 0xea, 0x39, 0xea, 0x39, 0x0a, 0x3a,
    0x0a, 0x3a, 0x0a, 0x3a, 0x2a, 0x42, 0x2a, 0x42, 0x2a, 0x42, 0x2a, 0x42,
    0x2b, 0x42, 0x8b, 0x4a, 0x8b, 0x52, 0x8b, 0x4a, 0x8b, 0x4a, 0xac, 0x52,
    0xac, 0x52, 0xcc, 0x52, 0xcc, 0x52, 0xcc, 0x5a, 0xcc, 0x52, 0xcc, 0x5a,
    0xcc, 0x5a, 0xcc, 0x5a, 0xcc, 0x52, 0xec, 0x5a, 0xcc, 0x52, 0xcd, 0x52,
    0xcc, 0x52, 0xcc, 0x52, 0xcd, 0x52, 0xcc, 0x52, 0xcc, 0x52, 0xcc, 0x4a,
    0xcc, 0x4a, 0xcd, 0x4a, 0xcd, 0x4a, 0xcc, 0x4a, 0xcc, 0x52, 0xcc, 0x52,
    0xcc, 0x52, 0xcc, 0x52, 0xcc, 0x52, 0xcc, 0x52, 0xcc, 0x52, 0xcc, 0x52,
    0xcc, 0x52, 0xcc, 0x52, 0xcd, 0x52, 0xcc, 0x52, 0xac, 0x52, 0xac, 0x4a,
    0x8c, 0x4a, 0x8c, 0x42, 0x6c, 0x42, 0x6c, 0x3a, 0x6d, 0x3a, 0x6c, 0x3a,
    0x6d, 0x3a, 0x6c, 0x3a, 0x6c, 0x3a, 0x4d, 0x3a, 0x4c, 0x3a, 0x6d, 0x3a,
    0x6d, 0x32, 0x6c, 0x3a, 0x6c, 0x3a, 0x6c, 0x3a, 0x4c, 0x3a, 0x6c, 0x3a,
    0x6c, 0x3a, 0x4c, 0x3a, 0x4c, 0x3a, 0x6c, 0x32, 0x4c, 0x3a, 0x4c, 0x3a,
    0x4c, 0x3a, 0x4c, 0x3a, 0x4c, 0x32, 0x2c, 0x32, 0x0b, 0x32, 0xeb, 0x31,
    0xcc, 0x29, 0xeb, 0x31, 0xeb, 0x29, 0xec, 0x31, 0xec, 0x31, 0x0b, 0x32,
    0x0b, 0x32, 0x0c, 0x32, 0x0b, 0x32, 0x0c, 0x32, 0x0b, 0x32, 0x0b, 0x32,
    0xec, 0x31, 0xeb, 0x29, 0xeb, 0x29, 0xeb, 0x29, 0xcb, 0x29, 0xcb, 0x29,
    0xeb, 0x29, 0xeb, 0x29, 0xeb, 0x31, 0xeb, 0x29, 0xca, 0x29, 0xcb, 0x29,
    0xca, 0x29, 0xaa, 0x21, 0x89, 0x21, 0xaa, 0x29, 0x8a, 0x29, 0x89, 0x21,
    0x89, 0x21, 0x89, 0x29, 0x89, 0x29, 0x8a, 0x21, 0x89, 0x21, 0x89, 0x21,
    0x8a, 0x21, 0x89, 0x21, 0x8a, 0x29, 0x89, 0x21, 0x88, 0x29, 0xa8, 0x31,
    0xa8, 0x29, 0x88, 0x29, 0x88, 0x29, 0xa8, 0x31, 0x87, 0x29, 0x88, 0x29,
    0x88, 0x31, 0x88, 0x29, 0x88, 0x31, 0x88, 0x29, 0x88, 0x31, 0x88, 0x31,
    0x87, 0x31, 0x88, 0x29, 0x88, 0x31, 0x87, 0x31, 0x88, 0x29, 0x87, 0x31,
    0x87, 0x29, 0x87, 0x29, 0x88, 0x31, 0x87, 0x29, 0x88, 0x31, 0x88, 0x31,
    0x88, 0x29, 0x88, 0x29, 0x88, 0x29, 0x87, 0x29, 0x87, 0x29, 0x88, 0x29,
    0x88, 0x29, 0x87, 0x29, 0x88, 0x31, 0x88, 0x29, 0x88, 0x29, 0x87, 0x29,
    0xa8, 0x31, 0x87, 0x31, 0x88, 0x31, 0xa8, 0x31, 0x87, 0x29, 0xa8, 0x31,
    0x88, 0x31, 0xa8, 0x31, 0xa8, 0x31, 0xa8, 0x31, 0xa8, 0x31, 0xa8, 0x31,
    0xa8, 0x31, 0xc8, 0x31, 0xa8, 0x31, 0xa8, 0x31, 0xc8, 0x39, 0xa8, 0x31,
    0xa8, 0x39, 0xc8, 0x31, 0xa8, 0x31, 0xa8, 0x31, 0xa8, 0x31, 0xa8, 0x31,
    0xa8, 0x31, 0xa9, 0x39, 0xa8, 0x31, 0xa8, 0x31, 0xa9, 0x39, 0xa8, 0x31,
    0xa8, 0x39, 0xa8, 0x39, 0xa8, 0x31, 0xa8, 0x31, 0xa8, 0x39, 0xc8, 0x39,
    0xc8, 0x31, 0xc8, 0x31, 0xc8, 0x31, 0xc8, 0x31, 0xc8, 0x39, 0xa8, 0x39,
    0xa8, 0x31, 0xa8, 0x31, 0xa9, 0x39, 0xa8, 0x31, 0xa8, 0x31, 0xc9, 0x39,
    0xa8, 0x31, 0xa8, 0x31, 0xa8, 0x31, 0x88, 0x31, 0xa8, 0x31, 0x88, 0x31,
    0x88, 0x31, 0xa8, 0x31, 0x88, 0x31, 0xa7, 0x31, 0x88, 0x29, 0xa8, 0x29,
    0x87, 0x29, 0x88, 0x31, 0x88, 0x29, 0x88, 0x29, 0x88, 0x31, 0x88, 0x29,
    0x88, 0x29, 0xa8, 0x31, 0x88, 0x29, 0xa8, 0x29, 0xa8, 0x31, 0x88, 0x31,
    0xa8, 0x29, 0x88, 0x31, 0x88, 0x31, 0xa8, 0x29, 0xa8, 0x31, 0x88, 0x31,
    0xa9, 0x29, 0xa8, 0x31, 0xa8, 0x31, 0xa8, 0x29, 0xa8, 0x31, 0xa8, 0x29,
    0xa9, 0x29, 0xa8, 0x31, 0xa9, 0x31, 0xa8, 0x29, 0xa8, 0x31, 0xa9, 0x31,
    0xa8, 0x31, 0xa8, 0x31, 0xc9, 0x31, 0xa9, 0x31, 0xa8, 0x31, 0xc9, 0x31,
    0xa9, 0x31, 0xa8, 0x31, 0xa8, 0x31, 0xa8, 0x31, 0xa8, 0x31, 0xa8, 0x31,
    0xa8, 0x31, 0xa8, 0x31, 0xa8, 0x31, 0xa8, 0x31, 0xa8, 0x31, 0xa8, 0x31,
    0xa8, 0x31, 0xc8, 0x31, 0xa8, 0x31, 0xa9, 0x31, 0xa9, 0x31, 0xc9, 0x31,
    0xa8, 0x31, 0xa9, 0x31, 0xc9, 0x31, 0xa8, 0x31, 0xc9, 0x31, 0xc9, 0x31,
    0xc9, 0x31, 0xc9, 0x31, 0xc9, 0x31, 0xc9, 0x31, 0xc9, 0x39, 0xc9, 0x39,
    0xc9, 0x39, 0xc9, 0x39, 0xc9, 0x39, 0xc9, 0x39, 0xc9, 0x39, 0xc9, 0x39,
    0xe9, 0x39, 0xc9, 0x39, 0xc9, 0x39, 0xe9, 0x39, 0xe9, 0x39, 0xe9, 0x39,
    0xe9, 0x39, 0xe9, 0x39, 0xe9, 0x39, 0xea, 0x39, 0xe9, 0x39, 0xe9, 0x39,
    0xe9, 0x39, 0xe9, 0x39, 0xe9, 0x39, 0xe9, 0x39, 0xe9, 0x39, 0x09, 0x3a,
    0xe9, 0x39, 0xe9, 0x39, 0xe9, 0x41, 0xe9, 0x39, 0xe9, 0x39, 0xea, 0x39,
    0xe9, 0x39, 0xc9, 0x39, 0xe9, 0x39, 0xe9, 0x39, 0xe9, 0x31, 0xe9, 0x39,
    0xea, 0x39, 0xe9, 0x39, 0xea, 0x39, 0xea, 0x39, 0x0a, 0x3a, 0x0a, 0x3a,
    0x0a, 0x3a, 0x0a, 0x42, 0x2a, 0x42, 0x2a, 0x42, 0x6b, 0x4a, 0x8c, 0x4a,
    0x8b, 0x4a, 0x8b, 0x4a, 0x8b, 0x52, 0xac, 0x52, 0xac, 0x52, 0xcc, 0x52,
    0xcc, 0x52, 0xcc, 0x52, 0xcc, 0x52, 0xcc, 0x52, 0xcc, 0x52, 0xcc, 0x52,
    0xcc, 0x52, 0xcc, 0x52, 0xcc, 0x52, 0xcc, 0x52, 0xcc, 0x52, 0xcc, 0x52,
    0xcc, 0x4a, 0xcc, 0x4a, 0xcc, 0x4a, 0xcc, 0x4a, 0xac, 0x4a, 0xac, 0x4a,
    0xac, 0x4a, 0xac, 0x4a, 0xac, 0x52, 0xac, 0x52, 0xac, 0x52, 0xac, 0x52,
    0xcc, 0x52, 0xac, 0x52, 0xac, 0x52, 0xac, 0x52, 0xac, 0x52, 0xac, 0x52,
    0xac, 0x52, 0xac, 0x4a, 0x8c, 0x4a, 0x8c, 0x4a, 0x6c, 0x42, 0x6c, 0x42,
    0x6c, 0x3a, 0x4c, 0x3a, 0x4c, 0x3a, 0x6c, 0x42, 0x4c, 0x3a, 0x4c, 0x3a,
    0x6c, 0x3a, 0x4c, 0x32, 0x4d, 0x3a, 0x6c, 0x3a, 0x6c, 0x3a, 0x6c, 0x3a,
    0x6c, 0x3a, 0x6c, 0x3a, 0x4c, 0x3a, 0x6c, 0x3a, 0x4c, 0x3a, 0x4c, 0x3a,
    0x4c, 0x32, 0x6c, 0x3a, 0x4c, 0x32, 0x4c, 0x32, 0x4c, 0x3a, 0x4c, 0x32,
    0x2b, 0x32, 0x0b, 0x32, 0xeb, 0x29, 0xeb, 0x29, 0xeb, 0x31, 0xec, 0x29,
    0xeb, 0x31, 0x0b, 0x32, 0x0b, 0x32, 0x0b, 0x32, 0x0b, 0x32, 0x0c, 0x32,
    0x0b, 0x32, 0xeb, 0x31, 0xec, 0x31, 0xeb, 0x29, 0xeb, 0x29, 0xeb, 0x29,
    0xcb, 0x29, 0xeb, 0x29, 0xeb, 0x29, 0xea, 0x31, 0xea, 0x29, 0xcb, 0x29,
    0xcb, 0x29, 0xcb, 0x29, 0xca, 0x29, 0xaa, 0x29, 0xaa, 0x21, 0x89, 0x29,
    0xaa, 0x21, 0x89, 0x21, 0x8a, 0x21, 0x89, 0x21, 0xaa, 0x29, 0x89, 0x21,
    0x89, 0x21, 0x89, 0x29, 0x89, 0x21, 0x89, 0x21, 0x89, 0x21, 0x89, 0x21,
    0x88, 0x29, 0x88, 0x31, 0x88, 0x29, 0x88, 0x29, 0x88, 0x31, 0x88, 0x29,
    0xa8, 0x29, 0x88, 0x31, 0xa7, 0x29, 0x88, 0x31, 0x88, 0x29, 0x87, 0x29,
    0x88, 0x29, 0x87, 0x29, 0x88, 0x31, 0x87, 0x29, 0x87, 0x31, 0x88, 0x29,
    0x87, 0x29, 0x88, 0x31, 0x88, 0x29, 0x88, 0x29, 0x88, 0x29, 0x88, 0x29,
    0x88, 0x29, 0x88, 0x29, 0x87, 0x31, 0x87, 0x29, 0x88, 0x31, 0x87, 0x31,
    0x87, 0x29, 0x88, 0x31, 0x87, 0x31, 0x87, 0x31, 0x87, 0x29, 0x88, 0x31,
    0xa8, 0x31, 0xa8, 0x31, 0xa7, 0x29, 0x88, 0x31, 0xa8, 0x31, 0x88, 0x29,
    0x87, 0x31, 0xa8, 0x31, 0xa8, 0x31, 0x88, 0x31, 0xa8, 0x29, 0xa8, 0x31,
    0xa8, 0x31, 0xa8, 0x31, 0xa8, 0x31, 0xa8, 0x31, 0xa8, 0x31, 0xa8, 0x31,
    0xa8, 0x31, 0xa8, 0x31, 0xa8, 0x31, 0xa8, 0x31, 0xa8, 0x39, 0xa8, 0x39,
    0xa8, 0x31, 0xa8, 0x39, 0xa8, 0x31, 0xa8, 0x39, 0xa8, 0x31, 0xa8, 0x31,
    0xc8, 0x39, 0xa8, 0x31, 0xa8, 0x31, 0xa8, 0x31, 0xa8, 0x39, 0xa9, 0x31,
    0xa8, 0x31, 0xc8, 0x39, 0xa9, 0x31, 0xa8, 0x31, 0xa8, 0x31, 0xc8, 0x39,
    0xc8, 0x31, 0xa8, 0x31, 0xa8, 0x31, 0xa8, 0x31, 0xa8, 0x39, 0xa8, 0x31,
    0xa8, 0x31, 0xa8, 0x39, 0xa8, 0x31, 0xa8, 0x31, 0x88, 0x31, 0xa8, 0x31,
    0xa8, 0x31, 0xa8, 0x31, 0x87, 0x31, 0x87, 0x29, 0x88, 0x29, 0x87, 0x29,
    0x88, 0x31, 0x87, 0x29, 0x88, 0x29, 0x87, 0x29, 0xa8, 0x31, 0x87, 0x29,
    0x87, 0x29, 0xa8, 0x31, 0x88, 0x29, 0x88, 0x29, 0x88, 0x29, 0x88, 0x29,
    0x88, 0x29, 0x88, 0x29, 0xa8, 0x31, 0xa8, 0x29, 0x88, 0x31, 0x88, 0x31,
    0x88, 0x29, 0x88, 0x29, 0x88, 0x31, 0x88, 0x29, 0x88, 0x31, 0x88, 0x31,
    0xa8, 0x29, 0x88, 0x29, 0xa8, 0x29, 0xa8, 0x31, 0xa8, 0x29, 0xa9, 0x31,
    0xa8, 0x29, 0xa8, 0x29, 0xa8, 0x31, 0xa8, 0x29, 0xa8, 0x31, 0xa8, 0x31,
    0xa8, 0x31, 0xa8, 0x31, 0xa9, 0x31, 0xa8, 0x31, 0xc9, 0x31, 0xa8, 0x31,
    0xa9, 0x31, 0xc9, 0x31, 0xa8, 0x31, 0xa9, 0x31, 0xc8, 0x31, 0xa9, 0x31,
    0xa8, 0x31, 0xa9, 0x31, 0xa9, 0x31, 0xa8, 0x31, 0xa9, 0x31, 0xa8, 0x31,
    0xa8, 0x31, 0xa9, 0x31, 0xa8, 0x31, 0xa9, 0x31, 0xc9, 0x31, 0xa8, 0x31,
    0xa9, 0x31, 0xa8, 0x31, 0xa9, 0x39, 0xa8, 0x31, 0xc9, 0x31, 0xc8, 0x31,
    0xc9, 0x31, 0xc9, 0x31, 0xc9, 0x31, 0xc9, 0x31, 0xc9, 0x31, 0xc9, 0x39,
    0xc9, 0x39, 0xc9, 0x31, 0xc9, 0x39, 0xc9, 0x39, 0xc9, 0x39, 0xc9, 0x39,
    0xc9, 0x39, 0xca, 0x39, 0xe9, 0x39, 0xc9, 0x39, 0xe9, 0x39, 0xe9, 0x39,
    0xe9, 0x39, 0xe9, 0x39, 0xe9, 0x39, 0xea, 0x39, 0xe9, 0x39, 0xea, 0x41,
    0xe9, 0x39, 0xe9, 0x39, 0xe9, 0x41, 0xe9, 0x39, 0xe9, 0x39, 0xe9, 0x39,
    0xe9, 0x41, 0xe9, 0x39, 0xea, 0x39, 0xe9, 0x39, 0xc9, 0x39, 0xe9, 0x39,
    0xe9, 0x39, 0xea, 0x39, 0xea, 0x39, 0xe9, 0x31, 0xea, 0x39, 0x0a, 0x3a,
    0x0a, 0x3a, 0x0a, 0x3a, 0x0a, 0x3a, 0x0a, 0x3a, 0x0a, 0x3a, 0x2a, 0x3a,
    0x2a, 0x42, 0x6b, 0x4a, 0x8b, 0x4a, 0x6b, 0x4a, 0x8b, 0x4a, 0x8b, 0x4a,
    0x8c, 0x52, 0x8c, 0x52, 0xac, 0x52, 0xac, 0x52, 0xac, 0x52, 0xac, 0x52,
    0xcc, 0x52, 0xcc, 0x52, 0xac, 0x52, 0xcc, 0x52, 0xcc, 0x52, 0xcc, 0x52,
    0xac, 0x52, 0xcc, 0x52, 0xac, 0x4a, 0xac, 0x4a, 0xac, 0x4a, 0xac, 0x4a,
    0xac, 0x4a, 0xac, 0x4a, 0x8c, 0x4a, 0x8b, 0x4a, 0x8c, 0x4a, 0x8b, 0x4a,
    0x8c, 0x4a, 0x8c, 0x4a, 0x8c, 0x4a, 0xac, 0x4a, 0xac, 0x52, 0xac, 0x52,
    0xac, 0x4a, 0xac, 0x4a, 0x8c, 0x4a, 0x8c, 0x4a, 0x6b, 0x4a, 0x6c, 0x42,
    0x6c, 0x42, 0x6c, 0x42, 0x6c, 0x3a, 0x6c, 0x3a, 0x4c, 0x3a, 0x4c, 0x3a,
    0x4c, 0x3a, 0x4c, 0x3a, 0x4c, 0x3a, 0x4c, 0x3a, 0x6c, 0x3a, 0x6c, 0x3a,
    0x4c, 0x3a, 0x4c, 0x3a, 0x4c, 0x3a, 0x4c, 0x3a, 0x6c, 0x3a, 0x4c, 0x3a,
    0x4c, 0x3a, 0x4c, 0x3a, 0x4c, 0x32, 0x6c, 0x3a, 0x4c, 0x3a, 0x4c, 0x32,
    0x4c, 0x32, 0x4b, 0x32, 0x2c, 0x32, 0x2c, 0x32, 0x0b, 0x32, 0xeb, 0x31,
    0xeb, 0x29, 0xeb, 0x29, 0xeb, 0x31, 0xec, 0x31, 0x0b, 0x32, 0x0b, 0x32,
    0x0c, 0x32, 0xeb, 0x31, 0xeb, 0x31, 0xeb, 0x29, 0xeb, 0x29, 0xeb, 0x31,
    0xeb, 0x29, 0xcb, 0x29, 0xeb, 0x29, 0xcb, 0x29, 0xcb, 0x29, 0xcb, 0x29,
    0xca, 0x29, 0xcb, 0x29, 0xca, 0x29, 0xca, 0x29, 0xaa, 0x29, 0xaa, 0x29,
    0xaa, 0x29, 0xaa, 0x21, 0xa9, 0x21, 0x89, 0x29, 0x8a, 0x29, 0xa9, 0x21,
    0x89, 0x21, 0x89, 0x21, 0x89, 0x29, 0x8a, 0x21, 0x89, 0x29, 0x89, 0x21,
    0x8a, 0x21, 0x89, 0x21, 0xa8, 0x29, 0x88, 0x31, 0x88, 0x29, 0xa8, 0x31,
    0x88, 0x29, 0x88, 0x29, 0x88, 0x31, 0x88, 0x29, 0x88, 0x29, 0xa8, 0x31,
    0xa7, 0x29, 0x88, 0x29, 0x87, 0x31, 0x88, 0x29, 0x88, 0x29, 0x88, 0x29,
    0x88, 0x29, 0x88, 0x31, 0x87, 0x29, 0x87, 0x29, 0x88, 0x31, 0x87, 0x31,
    0x87, 0x31, 0x87, 0x31, 0x87, 0x29, 0x87, 0x31, 0x87, 0x31, 0x87, 0x29,
    0x88, 0x31, 0x88, 0x29, 0x87, 0x29, 0x88, 0x31, 0x88, 0x29, 0x87, 0x29,
    0x87, 0x31, 0x88, 0x29, 0x87, 0x31, 0xa8, 0x29, 0x88, 0x31, 0xa8, 0x31,
    0xa8, 0x29, 0x88, 0x31, 0xa8, 0x31, 0xa8, 0x31, 0xa8, 0x31, 0xa7, 0x31,
    0x88, 0x31, 0xa8, 0x31, 0xa8, 0x31, 0xa8, 0x31, 0xa8, 0x31, 0xc8, 0x31,
    0xa8, 0x31, 0xa8, 0x31, 0xc8, 0x31, 0xa8, 0x39, 0xa8, 0x31, 0xa8, 0x31,
    0xc8, 0x31, 0xa8, 0x31, 0xa8, 0x31, 0xc8, 0x31, 0xa8, 0x31, 0xa8, 0x31,
    0xa8, 0x31, 0xa8, 0x31, 0xa8, 0x31, 0xa8, 0x31, 0xa8, 0x31, 0xc8, 0x39,
    0xc8, 0x31, 0xa8, 0x31, 0xa8, 0x39, 0xa8, 0x31, 0xa8, 0x31, 0xa8, 0x39,
    0xa8, 0x39, 0xa8, 0x31, 0xc8, 0x31, 0xa8, 0x39, 0xa8, 0x31, 0xc8, 0x39,
    0xc8, 0x39, 0xa8, 0x31, 0xa8, 0x31, 0xa8, 0x31, 0x88, 0x31, 0xa8, 0x31,
    0x88, 0x31, 0x87, 0x31, 0x88, 0x29, 0x88, 0x31, 0x87, 0x29, 0x88, 0x31,
    0xa8, 0x31, 0x88, 0x31, 0x87, 0x31, 0xa8, 0x31, 0x88, 0x31, 0x87, 0x31,
    0xa8, 0x31, 0x88, 0x29, 0x88, 0x29, 0xa8, 0x31, 0x87, 0x29, 0x88, 0x31,
    0xa8, 0x31, 0x87, 0x31, 0x88, 0x29, 0x88, 0x29, 0x88, 0x29, 0x88, 0x29,
    0x88, 0x29, 0x88, 0x29, 0xa8, 0x29, 0xa8, 0x29, 0x88, 0x29, 0xa8, 0x29,
    0x88, 0x29, 0xa8, 0x29, 0x88, 0x31, 0x88, 0x29, 0xa8, 0x31, 0x88, 0x29,
    0x88, 0x29, 0xa8, 0x29, 0x88, 0x31, 0xa8, 0x29, 0xa9, 0x31, 0xa8, 0x31,
    0xa8, 0x29, 0xa9, 0x29, 0xa8, 0x31, 0xa8, 0x29, 0xa8, 0x31, 0xa8, 0x31,
    0xa9, 0x31, 0xa9, 0x31, 0xa8, 0x31, 0xa8, 0x31, 0xa9, 0x31, 0xa8, 0x31,
    0xa9, 0x31, 0xa9, 0x31, 0xa8, 0x31, 0xa9, 0x31, 0xa9, 0x31, 0xa9, 0x31,
    0xc9, 0x31, 0xa9, 0x31, 0xc8, 0x31, 0xa8, 0x31, 0xa9, 0x31, 0xa8, 0x31,
    0xa9, 0x31, 0xa9, 0x31, 0xa8, 0x31, 0xa9, 0x31, 0xc9, 0x31, 0xa8, 0x31,
    0xa9, 0x39, 0xa9, 0x39, 0xc8, 0x31, 0xc9, 0x31, 0xc9, 0x31, 0xc9, 0x31,
    0xc9, 0x31, 0xc9, 0x39, 0xc9, 0x31, 0xc9, 0x31, 0xc9, 0x39, 0xc9, 0x39,
    0xc9, 0x39, 0xc9, 0x39, 0xc9, 0x39, 0xc9, 0x39, 0xc9, 0x39, 0xe9, 0x39,
    0xc9, 0x39, 0xc9, 0x39, 0xe9, 0x39, 0xc9, 0x39, 0xe9, 0x39, 0xe9, 0x39,
    0xe9, 0x39, 0xc9, 0x39, 0xe9, 0x39, 0xe9, 0x39, 0xea, 0x39, 0xe9, 0x39,
    0xe9, 0x39, 0xea, 0x39, 0xe9, 0x39, 0xe9, 0x39, 0xe9, 0x39, 0xea, 0x39,
    0xe9, 0x39, 0xca, 0x39, 0xe9, 0x39, 0xe9, 0x39, 0xea, 0x39, 0xe9, 0x39,
    0xea, 0x39, 0x0a, 0x3a, 0xea, 0x39, 0x0a, 0x3a, 0x0a, 0x3a, 0x0a, 0x3a,
    0x0a, 0x3a, 0x0a, 0x3a, 0x0a, 0x3a, 0x0a, 0x42, 0x4b, 0x42, 0x6b, 0x4a,
    0x8b, 0x4a, 0x8b, 0x4a, 0x8b, 0x4a, 0x8b, 0x52, 0x8b, 0x52, 0x8b, 0x52,
    0xac, 0x52, 0xac, 0x52, 0xac, 0x52, 0xac, 0x52, 0xac, 0x52, 0xac, 0x52,
    0xac, 0x52, 0xac, 0x52, 0xac, 0x52, 0xac, 0x52, 0xac, 0x4a, 0x8c, 0x4a,
    0x8c, 0x4a, 0x8c, 0x4a, 0x8b, 0x4a, 0x8b, 0x4a, 0x6b, 0x42, 0x6b, 0x4a,
    0x6b, 0x42, 0x6b, 0x42, 0x6b, 0x42, 0x6b, 0x4a, 0x6b, 0x4a, 0x8b, 0x4a,
    0x8b, 0x4a, 0x8b, 0x4a, 0x8b, 0x4a, 0x8c, 0x4a, 0x8b, 0x4a, 0x6b, 0x42,
    0x4b, 0x42, 0x4b, 0x42, 0x4b, 0x42, 0x4c, 0x3a, 0x4c, 0x3a, 0x4c, 0x3a,
    0x4c, 0x3a, 0x4c, 0x3a, 0x4c, 0x3a, 0x4c, 0x3a, 0x2c, 0x3a, 0x0a, 0x3a,
    0x0b, 0x3a, 0x4c, 0x3a, 0x4c, 0x3a, 0x6c, 0x3a, 0x4c, 0x3a, 0x4c, 0x3a,
    0x4c, 0x3a, 0x4c, 0x32, 0x4c, 0x3a, 0x6c, 0x3a, 0x4c, 0x3a, 0x4c, 0x3a,
    0x4c, 0x3a, 0x4c, 0x32, 0x4c, 0x3a, 0x2c, 0x32, 0x2c, 0x32, 0x2c, 0x32,
    0x2c, 0x32, 0x0c, 0x32, 0xeb, 0x31, 0xeb, 0x29, 0xeb, 0x29, 0xeb, 0x29,
    0xeb, 0x31, 0xeb, 0x31, 0xeb, 0x29, 0xeb, 0x29, 0xeb, 0x29, 0xeb, 0x29,
    0xeb, 0x29, 0xeb, 0x29, 0xcb, 0x29, 0xcb, 0x29, 0xeb, 0x31, 0xeb, 0x29,
    0xcb, 0x29, 0xcb, 0x29, 0xcb, 0x29, 0xcb, 0x29, 0xca, 0x29, 0xaa, 0x29,
    0xaa, 0x29, 0xaa, 0x21, 0xaa, 0x29, 0xaa, 0x21, 0x89, 0x21, 0x89, 0x29,
    0x8a, 0x21, 0x89, 0x21, 0x89, 0x21, 0x8a, 0x29, 0x89, 0x21, 0x89, 0x21,
    0x8a, 0x21, 0x89, 0x21, 0x89, 0x21, 0x89, 0x21, 0x88, 0x29, 0xa8, 0x29,
    0xa9, 0x31, 0xa8, 0x29, 0xa8, 0x31, 0xa8, 0x29, 0xa8, 0x31, 0xa8, 0x29,
    0x88, 0x29, 0x88, 0x31, 0x88, 0x29, 0x88, 0x29, 0x88, 0x31, 0x88, 0x29,
    0x87, 0x31, 0x87, 0x31, 0x87, 0x29, 0x88, 0x31, 0x87, 0x31, 0x87, 0x29,
    0x87, 0x31, 0x88, 0x29, 0x87, 0x29, 0x88, 0x31, 0x87, 0x29, 0x88, 0x29,
    0x88, 0x31, 0x88, 0x29, 0x87, 0x29, 0x88, 0x31, 0x87, 0x31, 0x87, 0x29,
    0x88, 0x31, 0x88, 0x31, 0x88, 0x31, 0x87, 0x29, 0xa8, 0x29, 0x87, 0x29,
    0x88, 0x31, 0xa8, 0x31, 0x87, 0x31, 0x87, 0x31, 0xa8, 0x29, 0xa8, 0x31,
    0x88, 0x31, 0xa8, 0x31, 0xa8, 0x31, 0xa8, 0x31, 0xa8, 0x31, 0xa8, 0x31,
    0xa8, 0x31, 0xa8, 0x31, 0xc8, 0x31, 0xa8, 0x31, 0xa8, 0x31, 0xc8, 0x31,
    0xa8, 0x31, 0xa8, 0x31, 0xa8, 0x31, 0xa8, 0x31, 0xa8, 0x31, 0xa8, 0x31,
    0xc8, 0x31, 0xa8, 0x31, 0xa8, 0x31, 0xc8, 0x39, 0xa8, 0x31, 0xa8, 0x39,
    0xa8, 0x31, 0xa8, 0x31, 0xa8, 0x31, 0xa8, 0x31, 0xa8, 0x39, 0xa8, 0x31,
    0xa8, 0x31, 0xa8, 0x31, 0xa8, 0x31, 0xa8, 0x31, 0xa8, 0x31, 0xa8, 0x31,
    0xa8, 0x31, 0xa8, 0x31, 0xa8, 0x39, 0xa8, 0x31, 0xa8, 0x31, 0xa8, 0x31,
    0x88, 0x31, 0xa7, 0x31, 0x88, 0x31, 0x87, 0x29, 0x88, 0x31, 0x88, 0x31,
    0xa7, 0x29, 0x88, 0x31, 0x88, 0x29, 0x87, 0x29, 0x88, 0x31, 0xa8, 0x31,
    0x87, 0x29, 0x88, 0x31, 0x88, 0x29, 0x87, 0x29, 0x88, 0x31, 0x87, 0x29,
    0x88, 0x29, 0xa8, 0x29, 0x87, 0x31, 0x88, 0x29, 0xa8, 0x31, 0x88, 0x31,
    0x88, 0x29, 0x88, 0x31, 0xa8, 0x29, 0x88, 0x31, 0x88, 0x31, 0x88, 0x31,
    0x88, 0x29, 0xa8, 0x31, 0xa8, 0x29, 0x88, 0x29, 0xa8, 0x29, 0xa8, 0x29,
    0x88, 0x29, 0xa8, 0x31, 0x88, 0x29, 0x88, 0x31, 0xa8, 0x29, 0x88, 0x29,
    0x88, 0x29, 0x88, 0x31, 0xa8, 0x31, 0xa8, 0x29, 0xa9, 0x31, 0xa9, 0x31,
    0xa8, 0x29, 0xa8, 0x31, 0xa8, 0x29, 0xa8, 0x31, 0xa8, 0x31, 0xa9, 0x31,
    0xa9, 0x29, 0xa8, 0x31, 0xa8, 0x31, 0xa9, 0x31, 0xa8, 0x31, 0xa8, 0x31,
    0xa8, 0x31, 0xa8, 0x31, 0xa8, 0x31, 0xa9, 0x31, 0xa9, 0x31, 0xa8, 0x31,
    0xa9, 0x31, 0xa8, 0x31, 0xc9, 0x31, 0xa9, 0x31, 0xc8, 0x31, 0xa9, 0x31,
    0xa9, 0x31, 0xc8, 0x31, 0xa9, 0x31, 0xc9, 0x31, 0xa8, 0x31, 0xa8, 0x39,
    0xa9, 0x31, 0xc9, 0x31, 0xc8, 0x31, 0xa9, 0x31, 0xc9, 0x31, 0xc9, 0x31,
    0xc9, 0x39, 0xc9, 0x31, 0xc9, 0x31, 0xc9, 0x31, 0xc9, 0x31, 0xc9, 0x31,
    0xc9, 0x31, 0xc9, 0x31, 0xc9, 0x31, 0xc9, 0x31, 0xca, 0x31, 0xc9, 0x31,
    0xc9, 0x31, 0xc9, 0x31, 0xca, 0x39, 0xc9, 0x31, 0xc9, 0x31, 0xc9, 0x39,
    0xc9, 0x39, 0xc9, 0x39, 0xe9, 0x39, 0xc9, 0x39, 0xc9, 0x39, 0xc9, 0x39,
    0xc9, 0x39, 0xc9, 0x39, 0xe9, 0x39, 0xe9, 0x39, 0xe9, 0x39, 0xe9, 0x39,
    0xe9, 0x31, 0xea, 0x39, 0xe9, 0x39, 0xe9, 0x39, 0xea, 0x39, 0xea, 0x39,
    0x0a, 0x3a, 0xea, 0x39, 0x0a, 0x3a, 0x0a, 0x3a, 0x0a, 0x3a, 0x0a, 0x3a,
    0x0a, 0x42, 0x2b, 0x42, 0x4b, 0x4a, 0x6b, 0x4a, 0x6b, 0x4a, 0x6b, 0x4a,
    0x8b, 0x4a, 0x8b, 0x4a, 0x8b, 0x4a, 0x8b, 0x4a, 0x8b, 0x4a, 0x8b, 0x4a,
    0x8c, 0x4a, 0xac, 0x4a, 0x8b, 0x4a, 0x8b, 0x4a, 0x8c, 0x4a, 0x8b, 0x4a,
    0x8b, 0x4a, 0x8b, 0x4a, 0x6b, 0x42, 0x6b, 0x42, 0x6b, 0x42, 0x4b, 0x42,
    0x4b, 0x42, 0x4b, 0x42, 0x4b, 0x42, 0x4a, 0x42, 0x4a, 0x42, 0x4a, 0x42,
    0x4b, 0x42, 0x4b, 0x42, 0x6b, 0x42, 0x6b, 0x42, 0x6b, 0x4a, 0x6b, 0x42,
    0x6b, 0x4a, 0x4b, 0x42, 0x4b, 0x42, 0x4b, 0x42, 0x4b, 0x42, 0x4b, 0x3a,
    0x4b, 0x3a, 0x4b, 0x3a, 0x4b, 0x3a, 0x2b, 0x3a, 0x2b, 0x3a, 0x2b, 0x3a,
    0x0a, 0x3a, 0x0a, 0x3a, 0x0a, 0x32, 0x0a, 0x3a, 0x2b, 0x3a, 0x4c, 0x32,
    0x4c, 0x3a, 0x4c, 0x3a, 0x4c, 0x32, 0x4c, 0x3a, 0x4c, 0x3a, 0x4c, 0x32,
    0x4c, 0x3a, 0x4c, 0x32, 0x4c, 0x3a, 0x4b, 0x32, 0x4c, 0x3a, 0x2c, 0x3a,
    0x4b, 0x3a, 0x4c, 0x32, 0x2c, 0x32, 0x2b, 0x32, 0x0c, 0x32, 0xeb, 0x29,
    0xeb, 0x29, 0xeb, 0x31, 0xeb, 0x29, 0xeb, 0x29, 0xeb, 0x29, 0xeb, 0x29,
    0xeb, 0x31, 0xeb, 0x31, 0xcb, 0x31, 0xcc, 0x29, 0xcb, 0x29, 0xcb, 0x29,
    0xcb, 0x29, 0xcb, 0x29, 0xcb, 0x29, 0xeb, 0x29, 0xcb, 0x29, 0xcb, 0x29,
    0xca, 0x29, 0xcb, 0x29, 0xaa, 0x29, 0xaa, 0x21, 0xaa, 0x29, 0xaa, 0x21,
    0x89, 0x21, 0x89, 0x21, 0x89, 0x21, 0x89, 0x21, 0x89, 0x29, 0x8a, 0x21,
    0x89, 0x21, 0x89, 0x21, 0x89, 0x21, 0x8a, 0x21, 0x89, 0x21, 0x89, 0x21,
    0x88, 0x29, 0x88, 0x31, 0x88, 0x29, 0x89, 0x29, 0x88, 0x29, 0x89, 0x31,
    0xa8, 0x29, 0x88, 0x31, 0xa8, 0x29, 0x88, 0x29, 0x88, 0x29, 0x88, 0x31,
    0xa7, 0x31, 0x88, 0x29, 0x88, 0x29, 0x88, 0x31, 0x87, 0x29, 0x88, 0x29,
    0x88, 0x31, 0x87, 0x29, 0x88, 0x31, 0x87, 0x29, 0x87, 0x29, 0x88, 0x31,
    0x87, 0x31, 0x88, 0x29, 0x88, 0x31, 0x87, 0x31, 0x87, 0x31, 0x88, 0x31,
    0x88, 0x29, 0x87, 0x31, 0x87, 0x31, 0x88, 0x29, 0xa8, 0x31, 0x88, 0x31,
    0xa8, 0x29, 0xa8, 0x31, 0x88, 0x31, 0xa8, 0x29, 0x88, 0x31, 0xa8, 0x31,
    0x87, 0x29, 0xa8, 0x31, 0xa8, 0x31, 0xa8, 0x29, 0xa8, 0x31, 0xa8, 0x31,
    0xa8, 0x31, 0xa8, 0x31, 0xa8, 0x31, 0xa8, 0x31, 0xa8, 0x39, 0xa8, 0x31,
    0xa8, 0x31, 0xa8, 0x31, 0xc8, 0x31, 0xa8, 0x31, 0xa8, 0x31, 0xa8, 0x31,
    0xa8, 0x31, 0xa8, 0x31, 0xa8, 0x39, 0xa8, 0x31, 0xa8, 0x31, 0xa8, 0x39,
    0xa8, 0x31, 0xa8, 0x31, 0xa8, 0x39, 0xa8, 0x31, 0xa8, 0x31, 0xa8, 0x31,
    0xa8, 0x31, 0xa8, 0x31, 0xa8, 0x31, 0xa8, 0x39, 0xa8, 0x31, 0xa8, 0x31,
    0xa8, 0x39, 0xa8, 0x31, 0xa8, 0x31, 0xa8, 0x31, 0xa8, 0x31, 0xa8, 0x31,
    0x88, 0x31, 0x88, 0x31, 0x87, 0x31, 0x88, 0x29, 0x88, 0x31, 0xa7, 0x31,
    0x88, 0x29, 0x87, 0x31, 0xa8, 0x31, 0x87, 0x29, 0x88, 0x31, 0xa7, 0x31,
    0x88, 0x29, 0x88, 0x29, 0x87, 0x29, 0xa8, 0x31, 0x87, 0x29, 0xa8, 0x29,
    0x87, 0x31, 0x88, 0x31, 0xa8, 0x29, 0x87, 0x29, 0x87, 0x29, 0x88, 0x29,
    0x88, 0x29, 0x87, 0x29, 0x87, 0x31, 0xa8, 0x29, 0x87, 0x29, 0x88, 0x29,
    0x88, 0x31, 0x88, 0x29, 0xa8, 0x29, 0x88, 0x31, 0x88, 0x29, 0xa8, 0x29,
    0x88, 0x31, 0xa8, 0x29, 0xa8, 0x29, 0x88, 0x29, 0xa8, 0x31, 0xa8, 0x29,
    0x88, 0x31, 0xa8, 0x29, 0x88, 0x29, 0x88, 0x29, 0x88, 0x29, 0x88, 0x29,
    0x88, 0x31, 0x88, 0x31, 0x88, 0x29, 0xa8, 0x31, 0xa8, 0x29, 0xa9, 0x29,
    0xa8, 0x31, 0xa8, 0x31, 0xa9, 0x29, 0xa8, 0x31, 0xa9, 0x31, 0xa8, 0x29,
    0xa9, 0x29, 0xa9, 0x31, 0xa8, 0x29, 0xa9, 0x31, 0xa8, 0x29, 0xa8, 0x31,
    0xa9, 0x29, 0xa8, 0x31, 0xa8, 0x31, 0xa9, 0x31, 0xa8, 0x31, 0xa9, 0x31,
    0xc8, 0x31, 0xa9, 0x31, 0xa9, 0x31, 0xa8, 0x31, 0xa9, 0x31, 0xa9, 0x31,
    0xa9, 0x31, 0xa8, 0x31, 0xc9, 0x31, 0xa9, 0x31, 0xa9, 0x31, 0xa9, 0x31,
    0xc9, 0x31, 0xc9, 0x31, 0xc9, 0x31, 0xc9, 0x31, 0xa9, 0x31, 0xc9, 0x31,
    0xc9, 0x31, 0xc9, 0x31, 0xc9, 0x31, 0xc9, 0x31, 0xc9, 0x31, 0xc9, 0x31,
    0xc9, 0x39, 0xc9, 0x31, 0xc9, 0x31, 0xc9, 0x31, 0xc9, 0x31, 0xc9, 0x31,
    0xc9, 0x31, 0xc9, 0x31, 0xc9, 0x31, 0xc9, 0x31, 0xc9, 0x31, 0xc9, 0x39,
    0xe9, 0x39, 0xe9, 0x39, 0xc9, 0x39, 0xc9, 0x39, 0xe9, 0x39, 0xe9, 0x39,
    0xc9, 0x39, 0xe9, 0x31, 0xe9, 0x39, 0xe9, 0x31, 0xea, 0x31, 0xe9, 0x39,
    0xe9, 0x39, 0xea, 0x39, 0xea, 0x39, 0xea, 0x39, 0xea, 0x39, 0xea, 0x39,
    0x0a, 0x3a, 0xea, 0x39, 0x0a, 0x3a, 0x0a, 0x3a, 0x0a, 0x3a, 0x2a, 0x42,
    0x4b, 0x42, 0x6b, 0x42, 0x6b, 0x42, 0x6b, 0x4a, 0x6b, 0x4a, 0x6b, 0x4a,
    0x8b, 0x4a, 0x6b, 0x4a, 0x8b, 0x4a, 0x8b, 0x4a, 0x8b, 0x4a, 0x8b, 0x4a,
    0x8b, 0x4a, 0x8b, 0x4a, 0x6b, 0x4a, 0x6b, 0x42, 0x4b, 0x42, 0x4a, 0x42,
    0x4a, 0x42, 0x2a, 0x42, 0x4a, 0x42, 0x4a, 0x42, 0x2a, 0x42, 0x2a, 0x3a,
    0x2a, 0x3a, 0x2a, 0x42, 0x2a, 0x3a, 0x2a, 0x42, 0x4a, 0x42, 0x4b, 0x42,
    0x4b, 0x42, 0x4b, 0x42, 0x2b, 0x42, 0x2b, 0x42, 0x2a, 0x42, 0x2b, 0x3a,
    0x2b, 0x42, 0x2b, 0x42, 0x2b, 0x3a, 0x2b, 0x3a, 0x0b, 0x3a, 0x2b, 0x3a,
    0x0b, 0x3a, 0x0a, 0x3a, 0x0a, 0x3a, 0xea, 0x31, 0xea, 0x31, 0xea, 0x39,
    0x0a, 0x32, 0x0b, 0x3a, 0x2b, 0x3a, 0x4c, 0x32, 0x4b, 0x32, 0x4c, 0x3a,
    0x4c, 0x3a, 0x4c, 0x32, 0x4c, 0x32, 0x4c, 0x3a, 0x4c, 0x32, 0x2b, 0x32,
    0x2c, 0x32, 0x4c, 0x3a, 0x4b, 0x3a, 0x2c, 0x32, 0x2b, 0x32, 0x2b, 0x32,
    0x2c, 0x32, 0x0b, 0x32, 0xeb, 0x31, 0xeb, 0x29, 0xcb, 0x29, 0xeb, 0x31,
    0xcb, 0x31, 0xcb, 0x29, 0xcb, 0x29, 0xcb, 0x29, 0xeb, 0x29, 0xeb, 0x29,
    0xeb, 0x29, 0xeb, 0x29, 0xcb, 0x29, 0xcb, 0x29, 0xcb, 0x29, 0xcb, 0x29,
    0xcb, 0x29, 0xca, 0x29, 0xaa, 0x29, 0xaa, 0x29, 0xaa, 0x29, 0xaa, 0x21,
    0xaa, 0x29, 0x8a, 0x21, 0x89, 0x21, 0x89, 0x29, 0x8a, 0x21, 0x89, 0x21,
    0x89, 0x21, 0x89, 0x21, 0x8a, 0x21, 0x89, 0x21, 0x89, 0x21, 0x89, 0x21,
    0x89, 0x21, 0x89, 0x21, 0xa8, 0x29, 0x88, 0x31, 0xa8, 0x29, 0xa8, 0x29,
    0x88, 0x31, 0x88, 0x29, 0x88, 0x29, 0x88, 0x31, 0x88, 0x31, 0x88, 0x29,
    0x88, 0x29, 0x88, 0x31, 0x87, 0x31, 0xa8, 0x31, 0x88, 0x29, 0x87, 0x31,
    0x87, 0x31, 0x88, 0x29, 0x87, 0x29, 0x88, 0x31, 0x88, 0x31, 0x87, 0x31,
    0x88, 0x31, 0x88, 0x31, 0x87, 0x29, 0x87, 0x31, 0x88, 0x29, 0x87, 0x29,
    0x88, 0x31, 0x87, 0x29, 0x88, 0x31, 0x88, 0x31, 0x87, 0x29, 0xa7, 0x31,
    0x88, 0x31, 0x87, 0x29, 0xa8, 0x31, 0x87, 0x29, 0x88, 0x31, 0xa7, 0x31,
    0xa8, 0x31, 0x88, 0x31, 0x88, 0x31, 0x87, 0x31, 0xa8, 0x31, 0xa8, 0x31,
    0xa8, 0x31, 0xa8, 0x31, 0xa8, 0x31, 0xa8, 0x31, 0xa8, 0x31, 0xa8, 0x31,
    0xa8, 0x31, 0xa8, 0x31, 0xc8, 0x31, 0xa8, 0x39, 0xa8, 0x31, 0xa8, 0x31,
    0xa8, 0x31, 0xa8, 0x39, 0xa8, 0x31, 0xa8, 0x31, 0xa8, 0x31, 0xa8, 0x31,
    0xa8, 0x31, 0xa8, 0x31, 0xa8, 0x31, 0xa8, 0x31, 0xa8, 0x31, 0xa8, 0x31,
    0xa8, 0x31, 0xa8, 0x31, 0xa8, 0x39, 0xa8, 0x31, 0xa8, 0x31, 0xa8, 0x31,
    0xa8, 0x31, 0xa8, 0x31, 0xa8, 0x31, 0xa8, 0x31, 0xa8, 0x31, 0xa8, 0x31,
    0xa8, 0x31, 0x88, 0x31, 0x88, 0x31, 0x87, 0x31, 0x88, 0x31, 0x88, 0x29,
    0xa7, 0x31, 0x88, 0x31, 0x88, 0x29, 0x88, 0x31, 0x87, 0x31, 0x88, 0x29,
    0xa8, 0x31, 0x87, 0x31, 0x88, 0x31, 0x87, 0x29, 0x87, 0x31, 0x88, 0x31,
    0x87, 0x31, 0x87, 0x29, 0x88, 0x31, 0x87, 0x31, 0x87, 0x29, 0x88, 0x31,
    0x88, 0x29, 0x87, 0x31, 0x87, 0x29, 0x88, 0x29, 0x87, 0x29, 0x87, 0x29,
    0x88, 0x29, 0x87, 0x29, 0x88, 0x29, 0x88, 0x29, 0x88, 0x29, 0x88, 0x29,
    0x88, 0x29, 0x88, 0x31, 0x88, 0x29, 0x88, 0x29, 0x88, 0x31, 0x88, 0x29,
    0x88, 0x29, 0x88, 0x29, 0x88, 0x29, 0x88, 0x31, 0x88, 0x29, 0x88, 0x31,
    0x88, 0x29, 0x88, 0x29, 0x88, 0x29, 0x88, 0x29, 0xa8, 0x31, 0x88, 0x29,
    0x88, 0x31, 0x88, 0x29, 0xa8, 0x29, 0xa8, 0x31, 0xa8, 0x31, 0xa9, 0x29,
    0xa8, 0x31, 0xa9, 0x31, 0xa8, 0x31, 0xa9, 0x31, 0xa9, 0x31, 0xa9, 0x29,
    0xa8, 0x31, 0xa9, 0x31, 0xa9, 0x31, 0xa8, 0x29, 0xa9, 0x31, 0xa8, 0x29,
    0xa9, 0x31, 0xa8, 0x31, 0xa9, 0x31, 0xa8, 0x31, 0xc9, 0x31, 0xa9, 0x31,
    0xa8, 0x31, 0xc9, 0x31, 0xa9, 0x31, 0xa9, 0x31, 0xa8, 0x31, 0xa8, 0x31,
    0xa9, 0x31, 0xc9, 0x31, 0xa9, 0x31, 0xa9, 0x31, 0xc9, 0x31, 0xc9, 0x31,
    0xa9, 0x31, 0xc9, 0x31, 0xc9, 0x31, 0xc9, 0x31, 0xc9, 0x31, 0xc9, 0x31,
    0xc9, 0x31, 0xc9, 0x31, 0xc9, 0x31, 0xc9, 0x31, 0xc9, 0x31, 0xc9, 0x39,
    0xc9, 0x31, 0xc9, 0x39, 0xca, 0x31, 0xca, 0x31, 0xc9, 0x31, 0xca, 0x31,
    0xca, 0x31, 0xc9, 0x31, 0xca, 0x31, 0xc9, 0x31, 0xe9, 0x39, 0xe9, 0x39,
    0xca, 0x31, 0xea, 0x31, 0xe9, 0x39, 0xca, 0x39, 0xe9, 0x39, 0xe9, 0x39,
    0xea, 0x31, 0xe9, 0x39, 0xea, 0x39, 0xe9, 0x39, 0xe9, 0x39, 0xe9, 0x39,
    0xe9, 0x39, 0xe9, 0x39, 0xe9, 0x39, 0xea, 0x39, 0xea, 0x39, 0xe9, 0x39,
    0xea, 0x39, 0x0a, 0x3a, 0x0a, 0x3a, 0x0a, 0x42, 0x2a, 0x42, 0x4b, 0x42,
    0x4b, 0x42, 0x4b, 0x42, 0x6b, 0x4a, 0x6b, 0x4a, 0x6b, 0x4a, 0x6b, 0x4a,
    0x6b, 0x4a, 0x6b, 0x4a, 0x6b, 0x4a, 0x6b, 0x4a, 0x6b, 0x42, 0x4b, 0x42,
    0x2a, 0x42, 0x2a, 0x3a, 0x2a, 0x3a, 0x2a, 0x3a, 0x2a, 0x3a, 0x2a, 0x3a,
    0x0a, 0x3a, 0x0a, 0x3a, 0x0a, 0x3a, 0x0a, 0x3a, 0x0a, 0x3a, 0x0a, 0x3a,
    0x0a, 0x3a, 0x2a, 0x3a, 0x2a, 0x3a, 0x2a, 0x42, 0x2a, 0x3a, 0x2a, 0x3a,
    0x0a, 0x3a, 0x2a, 0x3a, 0x0a, 0x3a, 0x0a, 0x3a, 0x0a, 0x3a, 0x0a, 0x42,
    0x0a, 0x3a, 0x0a, 0x3a, 0x0a, 0x3a, 0xea, 0x39, 0x0b, 0x32, 0x0a, 0x3a,
    0xea, 0x39, 0xea, 0x39, 0x0a, 0x32, 0x0a, 0x3a, 0x0a, 0x3a, 0x2b, 0x3a,
    0x2b, 0x3a, 0x2b, 0x32, 0x2b, 0x32, 0x2b, 0x3a, 0x2b, 0x3a, 0x2c, 0x32,
    0x2b, 0x32, 0x2c, 0x3a, 0x2c, 0x32, 0x2b, 0x32, 0x2c, 0x32, 0x2c, 0x32,
    0x2c, 0x32, 0x2b, 0x32, 0x2b, 0x32, 0x0b, 0x32, 0xeb, 0x29, 0xeb, 0x29,
    0xeb, 0x29, 0xcb, 0x31, 0xcb, 0x29, 0xeb, 0x31, 0xcb, 0x29, 0xcb, 0x29,
    0xeb, 0x29, 0xcb, 0x29, 0xcb, 0x29, 0xcb, 0x29, 0xcb, 0x29, 0xcb, 0x29,
    0xcb, 0x29, 0xca, 0x29, 0xcb, 0x29, 0xaa, 0x29, 0xcb, 0x21, 0xab, 0x29,
    0xaa, 0x29, 0xaa, 0x21, 0xaa, 0x21, 0xaa, 0x29, 0x89, 0x21, 0x89, 0x21,
    0x8a, 0x29, 0x89, 0x21, 0x89, 0x21, 0x89, 0x21, 0x89, 0x21, 0x8a, 0x21,
    0x89, 0x21, 0x89, 0x21, 0x8a, 0x21, 0x89, 0x21, 0x88, 0x31, 0xa9, 0x31,
    0x88, 0x31, 0xa8, 0x31, 0xa9, 0x29, 0xa8, 0x29, 0xa9, 0x31, 0x89, 0x29,
    0xa8, 0x31, 0x88, 0x29, 0x88, 0x29, 0x88, 0x31, 0x87, 0x31, 0x87, 0x29,
    0xa8, 0x31, 0x87, 0x31, 0xa8, 0x31, 0x87, 0x31, 0x87, 0x31, 0x88, 0x31,
    0x87, 0x29, 0x87, 0x29, 0x88, 0x29, 0x87, 0x29, 0x88, 0x31, 0x88, 0x29,
    0x87, 0x31, 0x88, 0x31, 0x87, 0x29, 0x87, 0x31, 0x88, 0x31, 0xa8, 0x29,
    0x88, 0x31, 0x88, 0x29, 0x87, 0x31, 0x88, 0x31, 0xa8, 0x29, 0x88, 0x31,
    0xa7, 0x31, 0x88, 0x29, 0xa8, 0x31, 0xa8, 0x29, 0x88, 0x31, 0xa8, 0x31,
    0xa8, 0x31, 0xa8, 0x31, 0xa7, 0x31, 0x88, 0x31, 0xa8, 0x31, 0xa8, 0x31,
    0xa8, 0x31, 0xa8, 0x31, 0xa8, 0x31, 0xa8, 0x31, 0xa8, 0x31, 0xa8, 0x31,
    0xa8, 0x31, 0xa8, 0x31, 0xa8, 0x31, 0xa8, 0x31, 0xa8, 0x31, 0xa8, 0x31,
    0xa8, 0x31, 0xa8, 0x31, 0xa8, 0x31, 0xa8, 0x31, 0xa8, 0x31, 0xa8, 0x31,
    0xa8, 0x31, 0xa8, 0x31, 0xa8, 0x31, 0xa8, 0x31, 0xa8, 0x31, 0xa8, 0x31,
    0xa8, 0x31, 0xa8, 0x31, 0xa8, 0x31, 0xa8, 0x31, 0xa8, 0x31, 0xa8, 0x39,
    0xa8, 0x31, 0x88, 0x31, 0xa8, 0x31, 0xa8, 0x31, 0x87, 0x29, 0x88, 0x31,
    0xa8, 0x29, 0x87, 0x31, 0x88, 0x29, 0x87, 0x31, 0xa8, 0x29, 0xa7, 0x31,
    0x88, 0x29, 0x88, 0x31, 0x87, 0x29, 0x88, 0x31, 0x87, 0x29, 0x88, 0x31,
    0x88, 0x29, 0x87, 0x29, 0x88, 0x31, 0x88, 0x29, 0x87, 0x29, 0x87, 0x29,
    0x88, 0x29, 0x87, 0x31, 0x88, 0x29, 0x87, 0x29, 0x88, 0x31, 0x88, 0x29,
    0x88, 0x29, 0x87, 0x31, 0x88, 0x31, 0x88, 0x29, 0x87, 0x29, 0x88, 0x31,
    0x87, 0x29, 0x88, 0x29, 0x88, 0x31, 0x88, 0x29, 0x88, 0x29, 0x88, 0x29,
    0x88, 0x29, 0x87, 0x31, 0x88, 0x29, 0x88, 0x29, 0x87, 0x29, 0x88, 0x29,
    0x88, 0x29, 0x87, 0x31, 0x88, 0x29, 0xa8, 0x31, 0x88, 0x29, 0x88, 0x29,
    0x88, 0x31, 0x88, 0x29, 0x88, 0x29, 0x88, 0x31, 0x88, 0x29, 0x88, 0x29,
    0xa8, 0x31, 0xa8, 0x29, 0xa8, 0x29, 0xa8, 0x29, 0xa9, 0x31, 0xa8, 0x31,
    0xa9, 0x31, 0xa8, 0x31, 0xa9, 0x31, 0xc9, 0x31, 0xc9, 0x31, 0xa9, 0x31,
    0xa9, 0x31, 0xa8, 0x31, 0xa8, 0x31, 0xc9, 0x31, 0xa9, 0x31, 0xa8, 0x31,
    0xc9, 0x31, 0xa9, 0x31, 0xa9, 0x31, 0xc8, 0x31, 0xa9, 0x31, 0xc9, 0x31,
    0xc9, 0x31, 0xc9, 0x31, 0xc8, 0x31, 0xc9, 0x31, 0xa8, 0x31, 0xa9, 0x31,
    0xa9, 0x31, 0xc9, 0x31, 0xc9, 0x31, 0xc9, 0x31, 0xa9, 0x31, 0xa9, 0x31,
    0xc9, 0x39, 0xa9, 0x31, 0xc9, 0x31, 0xa9, 0x31, 0xc9, 0x31, 0xc9, 0x31,
    0xc9, 0x31, 0xc9, 0x31, 0xc9, 0x31, 0xc9, 0x31, 0xc9, 0x31, 0xc9, 0x39,
    0xc9, 0x39, 0xca, 0x31, 0xe9, 0x31, 0xc9, 0x31, 0xc9, 0x31, 0xca, 0x31,
    0xca, 0x31, 0xc9, 0x31, 0xc9, 0x39, 0xe9, 0x39, 0xc9, 0x31, 0xc9, 0x31,
    0xc9, 0x31, 0xc9, 0x39, 0xc9, 0x31, 0xe9, 0x31, 0xea, 0x39, 0xe9, 0x31,
    0xe9, 0x31, 0xea, 0x39, 0xea, 0x39, 0xe9, 0x31, 0xea, 0x39, 0xe9, 0x39,
    0xea, 0x39, 0xea, 0x39, 0xe9, 0x39, 0xea, 0x39, 0x0a, 0x3a, 0x0a, 0x3a,
    0x0a, 0x3a, 0x0a, 0x3a, 0x0a, 0x3a, 0x2a, 0x42, 0x2a, 0x42, 0x2b, 0x42,
    0x4b, 0x42, 0x4b, 0x42, 0x6b, 0x4a, 0x6b, 0x42, 0x4b, 0x42, 0x4b, 0x42,
    0x4b, 0x42, 0x2a, 0x42, 0x2a, 0x42, 0x0a, 0x3a, 0x0b, 0x3a, 0x0a, 0x3a,
    0x0a, 0x3a, 0x0b, 0x3a, 0x0a, 0x42, 0x0a, 0x3a, 0x0a, 0x3a, 0x0a, 0x3a,
    0x0a, 0x3a, 0x0a, 0x3a, 0x0a, 0x3a, 0x0a, 0x3a, 0x0a, 0x3a, 0x0a, 0x3a,
    0x0a, 0x3a, 0x0a, 0x3a, 0x0a, 0x3a, 0x0a, 0x3a, 0x0a, 0x3a, 0x0a, 0x3a,
    0x2b, 0x42, 0x0a, 0x3a, 0x0a, 0x3a, 0x0a, 0x3a, 0x0a, 0x3a, 0xea, 0x39,
    0xea, 0x31, 0xea, 0x39, 0xea, 0x31, 0xea, 0x31, 0xea, 0x31, 0x0a, 0x32,
    0x0b, 0x3a, 0x0b, 0x3a, 0x0b, 0x32, 0x2b, 0x3a, 0x2b, 0x32, 0x2b, 0x32,
    0x2b, 0x32, 0x2b, 0x32, 0x2b, 0x3a, 0x2b, 0x32, 0x2c, 0x32, 0x2b, 0x32,
    0x2c, 0x32, 0x2b, 0x3a, 0x2b, 0x32, 0x2c, 0x32, 0x2c, 0x32, 0x0c, 0x32,
    0x0b, 0x32, 0xeb, 0x29, 0xcb, 0x31, 0xeb, 0x29, 0xeb, 0x29, 0xeb, 0x29,
    0xeb, 0x29, 0xcb, 0x29, 0xeb, 0x29, 0xcb, 0x31, 0xcb, 0x29, 0xcb, 0x29,
    0xcb, 0x29, 0xcb, 0x29, 0xca, 0x29, 0xca, 0x29, 0xaa, 0x29, 0xcb, 0x29,
    0xcb, 0x29, 0xaa, 0x21, 0xaa, 0x21, 0xaa, 0x21, 0x89, 0x21, 0x89, 0x21,
    0x89, 0x21, 0x89, 0x21, 0x89, 0x21, 0x8a, 0x21, 0x89, 0x21, 0x89, 0x21,
    0x89, 0x29, 0x89, 0x21, 0x89, 0x21, 0x89, 0x29, 0x69, 0x21, 0x89, 0x21,
    0x88, 0x29, 0xa8, 0x29, 0x89, 0x29, 0x88, 0x31, 0x88, 0x31, 0x88, 0x29,
    0xa8, 0x31, 0xa8, 0x29, 0x88, 0x29, 0x88, 0x29, 0x88, 0x31, 0xa8, 0x31,
    0xa8, 0x29, 0x88, 0x29, 0x87, 0x31, 0x88, 0x29, 0x88, 0x29, 0xa8, 0x29,
    0x87, 0x31, 0x88, 0x29, 0x88, 0x31, 0x87, 0x31, 0x88, 0x31, 0x87, 0x31,
    0x87, 0x31, 0x88, 0x31, 0x87, 0x29, 0x88, 0x31, 0x88, 0x31, 0xa7, 0x29,
    0x87, 0x31, 0x88, 0x31, 0xa7, 0x29, 0x88, 0x31, 0x88, 0x29, 0x87, 0x31,
    0xa8, 0x29, 0xa8, 0x31, 0x88, 0x31, 0x88, 0x31, 0xa7, 0x29, 0x87, 0x31,
    0xa8, 0x31, 0xa8, 0x31, 0xa8, 0x31, 0xa8, 0x31, 0xa8, 0x31, 0xa8, 0x31,
    0xa8, 0x31, 0xa8, 0x31, 0xa8, 0x31, 0xa8, 0x31, 0xa8, 0x31, 0xa8, 0x31,
    0xa8, 0x31, 0xa8, 0x31, 0xa8, 0x31, 0xa8, 0x31, 0xa8, 0x31, 0xa8, 0x31,
    0xa8, 0x31, 0xa8, 0x31, 0xa8, 0x31, 0xa8, 0x31, 0xa8, 0x31, 0xa8, 0x31,
    0xa8, 0x31, 0xa8, 0x31, 0x88, 0x31, 0xa8, 0x31, 0xa8, 0x39, 0x88, 0x31,
    0xa8, 0x31, 0x88, 0x31, 0x88, 0x31, 0xa8, 0x31, 0xa8, 0x31, 0x88, 0x31,
    0xa8, 0x31, 0xa8, 0x31, 0xa8, 0x31, 0x87, 0x31, 0x88, 0x31, 0xa7, 0x31,
    0x88, 0x31, 0x88, 0x31, 0x87, 0x31, 0x88, 0x29, 0x88, 0x31, 0x87, 0x31,
    0x88, 0x31, 0x87, 0x29, 0xa7, 0x31, 0x87, 0x31, 0x88, 0x29, 0x87, 0x29,
    0x87, 0x31, 0x88, 0x29, 0x87, 0x31, 0x87, 0x29, 0x88, 0x31, 0x88, 0x31,
    0x87, 0x29, 0x87, 0x29, 0x88, 0x31, 0x87, 0x29, 0x87, 0x29, 0x88, 0x29,
    0x87, 0x29, 0x87, 0x29, 0x88, 0x29, 0x87, 0x29, 0x87, 0x29, 0x88, 0x29,
    0x87, 0x31, 0x88, 0x29, 0x88, 0x29, 0x87, 0x31, 0x88, 0x29, 0x87, 0x29,
    0x87, 0x31, 0x88, 0x29, 0x88, 0x29, 0x87, 0x29, 0x88, 0x31, 0x88, 0x29,
    0x87, 0x31, 0x88, 0x29, 0x88, 0x29, 0x87, 0x29, 0x88, 0x29, 0x88, 0x29,
    0x87, 0x31, 0xa8, 0x29, 0x88, 0x29, 0xa8, 0x31, 0x87, 0x29, 0x88, 0x31,
    0x88, 0x29, 0x88, 0x29, 0x88, 0x31, 0xa9, 0x31, 0xa8, 0x31, 0xa8, 0x29,
    0xa8, 0x29, 0xa9, 0x31, 0xa9, 0x29, 0xa9, 0x31, 0xc9, 0x31, 0xc9, 0x31,
    0xa9, 0x29, 0xc9, 0x31, 0xc9, 0x31, 0xc9, 0x31, 0xc9, 0x31, 0xa9, 0x29,
    0xa9, 0x29, 0xa9, 0x31, 0xa8, 0x29, 0xa9, 0x31, 0xc9, 0x31, 0xa8, 0x31,
    0xa9, 0x31, 0xa9, 0x31, 0xa9, 0x31, 0xa9, 0x31, 0xa9, 0x31, 0xa9, 0x31,
    0xc9, 0x31, 0xc9, 0x31, 0xa9, 0x31, 0xa8, 0x31, 0xc9, 0x39, 0xa8, 0x31,
    0xa9, 0x31, 0xa9, 0x31, 0xa9, 0x31, 0xc9, 0x31, 0xc9, 0x31, 0xc9, 0x31,
    0xa9, 0x39, 0xc9, 0x31, 0xc9, 0x31, 0xa9, 0x31, 0xc9, 0x31, 0xc9, 0x31,
    0xc9, 0x31, 0xc9, 0x31, 0xc9, 0x31, 0xc9, 0x31, 0xc9, 0x31, 0xc9, 0x39,
    0xc9, 0x31, 0xc9, 0x31, 0xc9, 0x31, 0xc9, 0x31, 0xc9, 0x31, 0xc9, 0x31,
    0xc9, 0x31, 0xc9, 0x31, 0xc9, 0x31, 0xc9, 0x39, 0xea, 0x39, 0xc9, 0x31,
    0xc9, 0x31, 0xe9, 0x39, 0xe9, 0x31, 0xea, 0x39, 0xca, 0x31, 0xe9, 0x39,
    0xea, 0x39, 0xe9, 0x31, 0xe9, 0x31, 0xea, 0x39, 0xe9, 0x31, 0xe9, 0x39,
    0xe9, 0x39, 0xea, 0x39, 0xe9, 0x39, 0xea, 0x39, 0xea, 0x39, 0x0a, 0x3a,
    0x0a, 0x3a, 0x0a, 0x3a, 0x0a, 0x3a, 0x0a, 0x3a, 0x0a, 0x42, 0x2a, 0x42,
    0x2a, 0x42, 0x2a, 0x42, 0x2a, 0x3a, 0x0a, 0x3a, 0x0a, 0x3a, 0x0a, 0x3a,
    0x0a, 0x3a, 0x0a, 0x3a, 0x0a, 0x3a, 0x0a, 0x3a, 0x0a, 0x3a, 0x0a, 0x3a,
    0x0a, 0x3a, 0x0a, 0x3a, 0x0a, 0x3a, 0x0a, 0x3a, 0x0a, 0x42, 0x0a, 0x3a,
    0x0a, 0x3a, 0x0a, 0x3a, 0x0a, 0x3a, 0x0a, 0x3a, 0x0a, 0x3a, 0x0a, 0x42,
    0x0a, 0x3a, 0x0a, 0x3a, 0x0a, 0x3a, 0x0b, 0x3a, 0x0a, 0x3a, 0x0a, 0x3a,
    0xea, 0x39, 0xea, 0x31, 0xea, 0x39, 0xea, 0x31, 0xea, 0x39, 0xea, 0x39,
    0x0b, 0x3a, 0xea, 0x31, 0xea, 0x31, 0xea, 0x31, 0x0a, 0x32, 0x0a, 0x3a,
    0x0b, 0x32, 0x0b, 0x32, 0x0b, 0x32, 0x2b, 0x32, 0x0b, 0x32, 0x2b, 0x32,
    0x2b, 0x32, 0x2b, 0x32, 0x2c, 0x3a, 0x2b, 0x32, 0x2c, 0x3a, 0x2b, 0x32,
    0x2b, 0x32, 0x0b, 0x32, 0xeb, 0x31, 0xeb, 0x31, 0xeb, 0x29, 0xcb, 0x29,
    0xcb, 0x29, 0xcb, 0x29, 0xeb, 0x29, 0xcb, 0x31, 0xca, 0x29, 0xcb, 0x29,
    0xcb, 0x29, 0xcb, 0x29, 0xca, 0x29, 0xca, 0x29, 0xaa, 0x29, 0xaa, 0x29,
    0xaa, 0x21, 0xaa, 0x21, 0xaa, 0x29, 0xaa, 0x29, 0xaa, 0x21, 0x89, 0x21,
    0x89, 0x29, 0x89, 0x21, 0x8a, 0x29, 0x89, 0x21, 0x89, 0x21, 0x89, 0x21,
    0x8a, 0x21, 0x89, 0x21, 0x89, 0x21, 0x89, 0x21, 0x89, 0x21, 0x69, 0x21,
    0x89, 0x21, 0x89, 0x21, 0xa8, 0x31, 0x88, 0x29, 0xa8, 0x29, 0xa9, 0x31,
    0x88, 0x29, 0x88, 0x31, 0xa8, 0x31, 0x88, 0x29, 0x88, 0x31, 0x88, 0x29,
    0x88, 0x29, 0x88, 0x31, 0xa7, 0x31, 0xa8, 0x31, 0x88, 0x29, 0x87, 0x31,
    0x87, 0x31, 0x88, 0x29, 0xa7, 0x31, 0x87, 0x31, 0x88, 0x29, 0xa8, 0x31,
    0x87, 0x31, 0x88, 0x29, 0xa8, 0x29, 0x87, 0x31, 0x87, 0x29, 0xa8, 0x31,
    0x87, 0x31, 0x88, 0x29, 0x88, 0x29, 0x87, 0x31, 0x88, 0x31, 0xa7, 0x29,
    0x88, 0x31, 0x87, 0x31, 0x87, 0x29, 0xa8, 0x31, 0x88, 0x31, 0xa8, 0x31,
    0x88, 0x31, 0x88, 0x31, 0xa8, 0x31, 0xa8, 0x29, 0x87, 0x31, 0xa8, 0x31,
    0xa8, 0x31, 0xa8, 0x31, 0xa8, 0x31, 0xa8, 0x31, 0xa8, 0x31, 0xa8, 0x31,
    0xa8, 0x31, 0xa8, 0x31, 0xa8, 0x31, 0xa8, 0x31, 0xa8, 0x31, 0xa8, 0x31,
    0xa8, 0x31, 0xa8, 0x31, 0xa8, 0x31, 0xa8, 0x31, 0xa8, 0x31, 0xa8, 0x31,
    0xa8, 0x31, 0xa8, 0x31, 0xa8, 0x31, 0xa8, 0x31, 0x88, 0x31, 0x88, 0x31,
    0x88, 0x31, 0x88, 0x31, 0xa8, 0x31, 0xa8, 0x31, 0xa8, 0x31, 0xa7, 0x31,
    0x88, 0x31, 0xa8, 0x31, 0xa7, 0x31, 0x88, 0x31, 0xa8, 0x31, 0x88, 0x31,
    0x87, 0x31, 0xa8, 0x31, 0x88, 0x29, 0x87, 0x31, 0xa7, 0x31, 0x88, 0x29,
    0xa7, 0x31, 0xa7, 0x29, 0x88, 0x31, 0x88, 0x31, 0x87, 0x29, 0x88, 0x29,
    0x88, 0x31, 0x87, 0x31, 0x88, 0x29, 0x88, 0x31, 0x87, 0x29, 0x87, 0x31,
    0x88, 0x29, 0x87, 0x31, 0x87, 0x29, 0x88, 0x31, 0x88, 0x31, 0x87, 0x29,
    0x88, 0x29, 0x88, 0x31, 0x87, 0x29, 0x87, 0x31, 0x88, 0x29, 0x87, 0x29,
    0x87, 0x29, 0x87, 0x29, 0x87, 0x29, 0x87, 0x29, 0x88, 0x29, 0x87, 0x29,
    0x88, 0x29, 0x88, 0x29, 0x87, 0x29, 0x88, 0x31, 0x87, 0x29, 0x88, 0x29,
    0x88, 0x29, 0x88, 0x29, 0x88, 0x29, 0x88, 0x31, 0x88, 0x29, 0x88, 0x29,
    0x88, 0x31, 0x87, 0x29, 0x88, 0x29, 0x88, 0x29, 0x87, 0x29, 0x87, 0x29,
    0xa8, 0x29, 0x88, 0x31, 0xa8, 0x29, 0xa8, 0x29, 0x88, 0x29, 0xa9, 0x31,
    0xa9, 0x29, 0x88, 0x31, 0xa9, 0x31, 0xa9, 0x31, 0xa8, 0x31, 0xa9, 0x29,
    0xc9, 0x31, 0xa8, 0x31, 0xa9, 0x31, 0xc9, 0x31, 0xa9, 0x31, 0xa9, 0x29,
    0xc9, 0x31, 0xc9, 0x31, 0xa9, 0x31, 0xa8, 0x31, 0xc8, 0x31, 0xa9, 0x29,
    0xc9, 0x31, 0xc9, 0x31, 0xa8, 0x29, 0xa8, 0x31, 0xa8, 0x31, 0xc9, 0x31,
    0xa9, 0x31, 0xc9, 0x31, 0xa9, 0x31, 0xc9, 0x31, 0xa9, 0x31, 0xa9, 0x31,
    0xa9, 0x31, 0xa9, 0x31, 0xc8, 0x31, 0xa9, 0x31, 0xa9, 0x31, 0xa9, 0x31,
    0xa8, 0x31, 0xc9, 0x31, 0xc9, 0x31, 0xc9, 0x31, 0xc9, 0x31, 0xc9, 0x31,
    0xc9, 0x31, 0xc9, 0x31, 0xc9, 0x31, 0xc9, 0x31, 0xc9, 0x31, 0xc9, 0x31,
    0xc9, 0x31, 0xc9, 0x31, 0xc9, 0x31, 0xc9, 0x31, 0xc9, 0x31, 0xc9, 0x31,
    0xc9, 0x31, 0xc9, 0x31, 0xc9, 0x31, 0xc9, 0x31, 0xc9, 0x31, 0xe9, 0x31,
    0xe9, 0x39, 0xca, 0x39, 0xc9, 0x31, 0xc9, 0x39, 0xc9, 0x39, 0xc9, 0x31,
    0xe9, 0x31, 0xe9, 0x39, 0xe9, 0x31, 0xea, 0x31, 0xe9, 0x39, 0xe9, 0x31,
    0xea, 0x31, 0xe9, 0x31, 0xe9, 0x39, 0xea, 0x31, 0xe9, 0x39, 0xe9, 0x39,
    0xe9, 0x39, 0xe9, 0x39, 0xe9, 0x39, 0xea, 0x39, 0xe9, 0x39, 0x0a, 0x3a,
    0xea, 0x39, 0x0a, 0x3a, 0xea, 0x39, 0x0a, 0x3a, 0x0a, 0x3a, 0x0a, 0x3a,
    0x0a, 0x3a, 0x0a, 0x3a, 0xea, 0x39, 0x0a, 0x3a, 0xea, 0x39, 0xea, 0x39,
    0xea, 0x39, 0xea, 0x39, 0xea, 0x39, 0xea, 0x39, 0xea, 0x39, 0x0a, 0x3a,
    0xea, 0x39, 0xea, 0x39, 0xea, 0x39, 0xea, 0x39, 0xea, 0x39, 0x0a, 0x3a,
    0x0a, 0x3a, 0x0a, 0x3a, 0x0a, 0x3a, 0x0a, 0x3a, 0x0a, 0x3a, 0x0a, 0x3a,
    0x0a, 0x3a, 0x0a, 0x3a, 0xea, 0x39, 0xea, 0x39, 0xea, 0x31, 0xea, 0x31,
    0xea, 0x39, 0xea, 0x39, 0xea, 0x31, 0xea, 0x31, 0xea, 0x31, 0xea, 0x31,
    0xea, 0x31, 0xea, 0x31, 0x0a, 0x32, 0xeb, 0x39, 0x0b, 0x32, 0x0b, 0x32,
    0x0b, 0x32, 0x0b, 0x32, 0x0b, 0x32, 0x0b, 0x32, 0x2b, 0x32, 0x2b, 0x32,
    0x2c, 0x32, 0x0b, 0x32, 0xea, 0x31, 0xea, 0x29, 0xea, 0x29, 0xeb, 0x31,
    0xeb, 0x29, 0xeb, 0x29, 0xcb, 0x29, 0xeb, 0x29, 0xca, 0x31, 0xca, 0x29,
    0xcb, 0x29, 0xcb, 0x29, 0xcb, 0x29, 0xcb, 0x29, 0xca, 0x29, 0xcb, 0x29,
    0xaa, 0x29, 0xaa, 0x21, 0xaa, 0x21, 0xaa, 0x29, 0xaa, 0x21, 0xaa, 0x21,
    0x8a, 0x21, 0x89, 0x29, 0x89, 0x21, 0x8a, 0x21, 0x89, 0x29, 0x89, 0x21,
    0x89, 0x21, 0x89, 0x21, 0x89, 0x21, 0x8a, 0x21, 0x89, 0x21, 0x69, 0x21,
    0x8a, 0x21, 0x89, 0x21, 0x89, 0x21, 0x89, 0x21
};
