// 4.21.2 0x7d87d9ac D2 R0 FRGB565 U565 N0 SExtFlashSection
// Generated by imageconverter. Please, do not edit!

#include <touchgfx/hal/Config.hpp>

LOCATION_PRAGMA("ExtFlashSection")
KEEP extern const unsigned char image_screenshot_2026_03_25_144431_073[] LOCATION_ATTRIBUTE("ExtFlashSection") = { // 320x191 RGB565 pixels.
    0xdb, 0xde, 0x6d, 0x6b, 0xaf, 0x73, 0xaf, 0x73, 0xaf, 0x73, 0xaf, 0x73,
    0xaf, 0x73, 0xaf, 0x73, 0xaf, 0x73, 0xaf, 0x73, 0xaf, 0x73, 0xaf, 0x6b,
    0xaf, 0x6b, 0xaf, 0x6b, 0x6e, 0x63, 0xaf, 0x73, 0x8f, 0x6b, 0x8e, 0x6b,
    0x8e, 0x6b, 0x8e, 0x6b, 0x6e, 0x63, 0x6e, 0x6b, 0x6e, 0x63, 0x6e, 0x63,
    0x8e, 0x6b, 0xaf, 0x73, 0xaf, 0x73, 0xaf, 0x73, 0xcf, 0x73, 0xcf, 0x73,
    0xcf, 0x73, 0xcf, 0x73, 0xcf, 0x73, 0xd0, 0x73, 0xcf, 0x73, 0xef, 0x73,
    0xd0, 0x73, 0xef, 0x73, 0xf0, 0x73, 0xef, 0x7b, 0xd0, 0x7b, 0xd0, 0x73,
    0xcf, 0x7b, 0xf0, 0x7b, 0xd0, 0x73, 0xf0, 0x7b, 0xf0, 0x7b, 0xcf, 0x73,
    0xd0, 0x73, 0xd0, 0x73, 0xcf, 0x73, 0xcf, 0x73, 0xcf, 0x73, 0xcf, 0x73,
    0xcf, 0x73, 0xcf, 0x73, 0xcf, 0x73, 0xaf, 0x73, 0xaf, 0x73, 0xaf, 0x73,
    0xaf, 0x73, 0xae, 0x73, 0xae, 0x6b, 0xae, 0x73, 0xae, 0x6b, 0x8e, 0x73,
    0x8e, 0x6b, 0x8e, 0x73, 0xae, 0x73, 0x75, 0xad, 0x7d, 0xf7, 0x5c, 0xf7,
    0x5c, 0xf7, 0x5c, 0xf7, 0x5c, 0xf7, 0x5c, 0xf7, 0x3b, 0xf7, 0x3c, 0xf7,
    0x3c, 0xf7, 0x5b, 0xf7, 0x3c, 0xf7, 0x3c, 0xf7, 0x5b, 0xf7, 0x3c, 0xf7,
    0x3c, 0xf7, 0x5b, 0xef, 0x5c, 0xef, 0x5b, 0xef, 0x5c, 0xf7, 0x5c, 0xf7,
    0xfb, 0xe6, 0xfb, 0xe6, 0xda, 0xde, 0xba, 0xde, 0xba, 0xde, 0x99, 0xd6,
    0x99, 0xd6, 0x79, 0xd6, 0x58, 0xce, 0x38, 0xc6, 0x17, 0xc6, 0xf7, 0xbd,
    0xd7, 0xbd, 0xd6, 0xbd, 0xd6, 0xbd, 0xb6, 0xbd, 0xb6, 0xbd, 0xb6, 0xb5,
    0xb6, 0xb5, 0xb6, 0xbd, 0xb6, 0xb5, 0xb6, 0xb5, 0xb6, 0xbd, 0xb6, 0xb5,
    0xb6, 0xb5, 0xb6, 0xbd, 0xb6, 0xb5, 0xb6, 0xb5, 0xb6, 0xbd, 0xb6, 0xb5,
    0xb6, 0xb5, 0xb6, 0xbd, 0xb6, 0xbd, 0xb7, 0xbd, 0xd7, 0xbd, 0xd6, 0xbd,
    0xd7, 0xbd, 0xd7, 0xbd, 0xd7, 0xbd, 0xd7, 0xbd, 0xd7, 0xbd, 0xd7, 0xbd,
    0xd7, 0xbd, 0xd7, 0xbd, 0xd7, 0xbd, 0xd7, 0xbd, 0xd7, 0xbd, 0xd7, 0xbd,
    0xd7, 0xbd, 0xd7, 0xbd, 0xd7, 0xbd, 0xf7, 0xbd, 0xd7, 0xbd, 0xd7, 0xbd,
    0xf7, 0xbd, 0xf7, 0xc5, 0xf7, 0xc5, 0xf7, 0xc5, 0xf7, 0xc5, 0xf7, 0xc5,
    0xf7, 0xbd, 0xf7, 0xbd, 0xf7, 0xc5, 0xf7, 0xbd, 0xb6, 0xb5, 0x96, 0xb5,
    0xd7, 0xbd, 0xd7, 0xb5, 0x71, 0x8c, 0xbf, 0xff, 0x79, 0xce, 0x72, 0x8c,
    0x35, 0xa5, 0x76, 0xa5, 0xf8, 0xbd, 0xd8, 0xb5, 0x1c, 0xdf, 0xbb, 0xd6,
    0xb7, 0xad, 0x35, 0x9d, 0x35, 0x9d, 0x36, 0x95, 0x35, 0x9d, 0x15, 0x95,
    0x36, 0x9d, 0x36, 0x9d, 0x56, 0x9d, 0x97, 0xa5, 0xd8, 0xad, 0xd8, 0xad,
    0x3c, 0xe7, 0x9d, 0xff, 0x7c, 0xf7, 0x7c, 0xf7, 0x7c, 0xf7, 0x7d, 0xf7,
    0x7d, 0xf7, 0xbe, 0xff, 0x54, 0xad, 0xbe, 0xff, 0x7d, 0xf7, 0x7d, 0xf7,
    0x7d, 0xf7, 0xfb, 0xde, 0x79, 0xd6, 0x18, 0xc6, 0xd4, 0x9c, 0xd0, 0x7b,
    0xcf, 0x73, 0xd0, 0x7b, 0xf0, 0x7b, 0xcf, 0x73, 0xcf, 0x73, 0xd0, 0x7b,
    0xd0, 0x7b, 0xf0, 0x73, 0xd0, 0x7b, 0xd0, 0x7b, 0xf0, 0x73, 0xf0, 0x7b,
    0xf0, 0x7b, 0xcf, 0x7b, 0xd0, 0x73, 0xd0, 0x73, 0xef, 0x73, 0xcf, 0x73,
    0xcf, 0x73, 0xcf, 0x73, 0xcf, 0x73, 0xcf, 0x73, 0xcf, 0x73, 0xf0, 0x73,
    0xf0, 0x7b, 0x10, 0x7c, 0x72, 0x8c, 0x72, 0x8c, 0x52, 0x8c, 0x51, 0x84,
    0x72, 0x8c, 0x72, 0x8c, 0x72, 0x8c, 0x31, 0x84, 0x11, 0x7c, 0x10, 0x7c,
    0x10, 0x7c, 0x30, 0x84, 0x51, 0x8c, 0xb2, 0x94, 0xd3, 0x9c, 0xd3, 0x9c,
    0xd3, 0x9c, 0xd3, 0x9c, 0xd3, 0x9c, 0xd3, 0x9c, 0xd3, 0x9c, 0xd3, 0x9c,
    0xd3, 0x9c, 0xb2, 0x9c, 0xb2, 0x9c, 0xb2, 0x94, 0xb2, 0x9c, 0xb2, 0x9c,
    0xb2, 0x94, 0xb2, 0x94, 0x72, 0x94, 0x10, 0x84, 0xcf, 0x7b, 0xcf, 0x73,
    0x51, 0x8c, 0xb2, 0x94, 0xb2, 0x9c, 0xb2, 0x94, 0xb2, 0x94, 0xb2, 0x94,
    0xb2, 0x9c, 0xb2, 0x94, 0x10, 0x84, 0xcf, 0x73, 0xcf, 0x73, 0xcf, 0x73,
    0xcf, 0x73, 0xcf, 0x73, 0x4d, 0x63, 0x8b, 0x4a, 0x8b, 0x4a, 0x8b, 0x4a,
    0x8b, 0x4a, 0xcc, 0x52, 0x31, 0x7c, 0x10, 0x74, 0xaf, 0x6b, 0xcf, 0x73,
    0x52, 0x84, 0x5a, 0xce, 0x72, 0x8c, 0x2a, 0x42, 0x8b, 0x4a, 0x8b, 0x4a,
    0x6b, 0x42, 0xf0, 0x7b, 0xd8, 0xad, 0x77, 0xa5, 0xf0, 0x73, 0x93, 0x84,
    0xb3, 0x84, 0x93, 0x84, 0x93, 0x84, 0x52, 0x7c, 0x4e, 0x63, 0x6f, 0x6b,
    0x94, 0x8c, 0x90, 0x6b, 0x90, 0x73, 0x6f, 0x6b, 0x4e, 0x63, 0x2e, 0x63,
    0xed, 0x5a, 0xed, 0x5a, 0xed, 0x5a, 0xed, 0x5a, 0xed, 0x5a, 0xcc, 0x5a,
    0xcd, 0x5a, 0xed, 0x5a, 0xed, 0x5a, 0x2e, 0x5b, 0xf1, 0x73, 0xb0, 0x73,
    0x71, 0x8c, 0xdf, 0xff, 0x6e, 0x6b, 0xd0, 0x73, 0xf0, 0x7b, 0xf0, 0x7b,
    0xf0, 0x7b, 0xf0, 0x7b, 0xf0, 0x7b, 0xf0, 0x7b, 0xef, 0x73, 0xf0, 0x7b,
    0xf0, 0x73, 0xf0, 0x7b, 0xef, 0x7b, 0xf0, 0x73, 0x8e, 0x6b, 0xcf, 0x73,
    0xcf, 0x73, 0xcf, 0x73, 0xcf, 0x73, 0xaf, 0x73, 0xaf, 0x6b, 0x8e, 0x6b,
    0xaf, 0x73, 0xaf, 0x73, 0x8e, 0x6b, 0xaf, 0x73, 0xd0, 0x73, 0xcf, 0x73,
    0xd0, 0x7b, 0xd0, 0x73, 0xcf, 0x73, 0xf0, 0x73, 0xf0, 0x73, 0xd0, 0x73,
    0xcf, 0x73, 0xf0, 0x73, 0xd0, 0x7b, 0xcf, 0x73, 0xcf, 0x73, 0xf0, 0x73,
    0xcf, 0x73, 0xcf, 0x73, 0xcf, 0x73, 0xd0, 0x73, 0xcf, 0x73, 0xcf, 0x73,
    0xcf, 0x73, 0xd0, 0x7b, 0xcf, 0x73, 0xcf, 0x73, 0xd0, 0x73, 0xd0, 0x73,
    0xcf, 0x73, 0xd0, 0x73, 0xcf, 0x73, 0xcf, 0x73, 0xcf, 0x73, 0xcf, 0x73,
    0xcf, 0x73, 0xcf, 0x73, 0xcf, 0x73, 0xcf, 0x73, 0xaf, 0x73, 0xcf, 0x73,
    0xcf, 0x73, 0xaf, 0x73, 0xcf, 0x73, 0xcf, 0x73, 0xcf, 0x7b, 0xae, 0x73,
    0x99, 0xde, 0x7c, 0xf7, 0x5c, 0xf7, 0x5c, 0xf7, 0x5c, 0xf7, 0x5c, 0xf7,
    0x5c, 0xf7, 0x3b, 0xf7, 0x5c, 0xf7, 0x5c, 0xf7, 0x3b, 0xf7, 0x5c, 0xf7,
    0x3c, 0xf7, 0x5b, 0xf7, 0x5c, 0xf7, 0x5c, 0xf7, 0x5c, 0xf7, 0x5b, 0xef,
    0x5c, 0xef, 0x18, 0xce, 0xb6, 0xbd, 0xb6, 0xbd, 0xb6, 0xbd, 0xb6, 0xbd,
    0xb6, 0xbd, 0xb6, 0xbd, 0xb6, 0xbd, 0xb6, 0xb5, 0x96, 0xb5, 0x95, 0xb5,
    0x75, 0xb5, 0x75, 0xad, 0x55, 0xad, 0x55, 0xad, 0x55, 0xad, 0x55, 0xad,
    0x55, 0xad, 0x54, 0xad, 0x54, 0xad, 0x55, 0xad, 0x55, 0xad, 0x35, 0xad,
    0x35, 0xad, 0x54, 0xad, 0x55, 0xad, 0x55, 0xad, 0x55, 0xad, 0x55, 0xad,
    0x55, 0xad, 0x55, 0xad, 0x55, 0xad, 0x55, 0xad, 0x55, 0xad, 0x55, 0xad,
    0x55, 0xad, 0x55, 0xad, 0x55, 0xad, 0x55, 0xad, 0x55, 0xad, 0x55, 0xad,
    0x55, 0xad, 0x55, 0xad, 0x55, 0xad, 0x55, 0xad, 0x55, 0xad, 0x55, 0xad,
    0x75, 0xad, 0x75, 0xad, 0x75, 0xad, 0x55, 0xad, 0x75, 0xad, 0x75, 0xad,
    0x55, 0xad, 0x55, 0xad, 0x75, 0xad, 0x55, 0xad, 0x55, 0xad, 0x75, 0xad,
    0x75, 0xad, 0x75, 0xad, 0x75, 0xb5, 0x75, 0xad, 0x75, 0xad, 0x76, 0xad,
    0x55, 0xad, 0xf3, 0x9c, 0x14, 0x9d, 0x14, 0x9d, 0x72, 0x8c, 0x4d, 0x6b,
    0x8e, 0x6b, 0xd3, 0x94, 0xd3, 0x94, 0xf3, 0x94, 0xd3, 0x94, 0xd3, 0x94,
    0xd3, 0x94, 0x14, 0x9d, 0xd4, 0x8c, 0x93, 0x84, 0x93, 0x84, 0x72, 0x84,
    0x72, 0x84, 0x72, 0x84, 0xb7, 0xad, 0x5a, 0xbe, 0x3a, 0xb6, 0xf9, 0xad,
    0x97, 0xa5, 0x56, 0x9d, 0xf5, 0x8c, 0x9d, 0xf7, 0x9d, 0xf7, 0x7c, 0xf7,
    0x7c, 0xf7, 0x7d, 0xf7, 0x7d, 0xf7, 0xbd, 0xff, 0x54, 0xad, 0xbe, 0xff,
    0x7d, 0xf7, 0x7d, 0xf7, 0x7d, 0xf7, 0x7d, 0xf7, 0x9d, 0xf7, 0x1c, 0xe7,
    0xf0, 0x7b, 0xf0, 0x7b, 0xef, 0x73, 0xcf, 0x7b, 0xcf, 0x73, 0xcf, 0x73,
    0xcf, 0x73, 0xcf, 0x73, 0xcf, 0x73, 0xcf, 0x73, 0xcf, 0x73, 0xcf, 0x73,
    0xd0, 0x7b, 0xd0, 0x73, 0xf0, 0x7b, 0xcf, 0x73, 0xcf, 0x73, 0xcf, 0x73,
    0xcf, 0x73, 0xcf, 0x73, 0xcf, 0x73, 0xcf, 0x73, 0xcf, 0x73, 0xcf, 0x73,
    0xcf, 0x73, 0xcf, 0x73, 0xd0, 0x73, 0xf0, 0x7b, 0x10, 0x7c, 0x10, 0x84,
    0x30, 0x7c, 0x10, 0x7c, 0xf0, 0x7b, 0x10, 0x7c, 0xf0, 0x7b, 0xf0, 0x7b,
    0xef, 0x7b, 0xef, 0x7b, 0xf0, 0x7b, 0xf0, 0x7b, 0xef, 0x7b, 0x10, 0x7c,
    0x10, 0x84, 0x10, 0x84, 0x10, 0x84, 0x30, 0x84, 0x30, 0x84, 0x10, 0x84,
    0x10, 0x84, 0x0f, 0x84, 0xef, 0x83, 0x10, 0x84, 0xef, 0x7b, 0xef, 0x7b,
    0xef, 0x7b, 0xef, 0x7b, 0xcf, 0x7b, 0xef, 0x7b, 0xef, 0x7b, 0xaf, 0x7b,
    0x8e, 0x73, 0x8e, 0x6b, 0x8e, 0x6b, 0xaf, 0x73, 0xcf, 0x7b, 0xcf, 0x7b,
    0xcf, 0x73, 0xcf, 0x73, 0xaf, 0x73, 0xaf, 0x73, 0xae, 0x73, 0x8e, 0x6b,
    0x8e, 0x6b, 0x6e, 0x6b, 0x6d, 0x6b, 0x6d, 0x6b, 0x0d, 0x5b, 0x8c, 0x4a,
    0x8c, 0x4a, 0x8b, 0x4a, 0x8b, 0x4a, 0xcc, 0x52, 0x8f, 0x6b, 0x6f, 0x63,
    0x6e, 0x63, 0x8f, 0x63, 0xaf, 0x73, 0xd7, 0xb5, 0xd3, 0x94, 0x2a, 0x42,
    0x8b, 0x4a, 0x8b, 0x4a, 0x6b, 0x4a, 0x11, 0x7c, 0xf8, 0xb5, 0xf8, 0xb5,
    0x36, 0x9d, 0xd4, 0x8c, 0xd4, 0x8c, 0xf4, 0x8c, 0xd4, 0x8c, 0xf5, 0x94,
    0x8f, 0x6b, 0xb0, 0x6b, 0xb0, 0x73, 0xd0, 0x73, 0xb0, 0x73, 0x8f, 0x6b,
    0x4f, 0x6b, 0x2e, 0x63, 0x0d, 0x63, 0xed, 0x5a, 0xed, 0x5a, 0xed, 0x5a,
    0xed, 0x5a, 0xed, 0x5a, 0xed, 0x5a, 0xed, 0x5a, 0xed, 0x5a, 0xaf, 0x6b,
    0xb3, 0x8c, 0x31, 0x7c, 0xb3, 0x8c, 0x8f, 0x6b, 0xcf, 0x73, 0xf0, 0x7b,
    0xef, 0x73, 0xef, 0x73, 0xf0, 0x73, 0xf0, 0x73, 0xef, 0x73, 0xf0, 0x73,
    0xf0, 0x73, 0xcf, 0x73, 0xef, 0x73, 0xf0, 0x73, 0xcf, 0x73, 0xcf, 0x73,
    0xaf, 0x6b, 0xcf, 0x73, 0xd0, 0x73, 0xcf, 0x73, 0xaf, 0x73, 0xaf, 0x6b,
    0x8f, 0x6b, 0xaf, 0x6b, 0xcf, 0x73, 0xd0, 0x7b, 0x8e, 0x6b, 0xaf, 0x6b,
    0xcf, 0x73, 0xcf, 0x73, 0xcf, 0x73, 0xcf, 0x73, 0xd0, 0x73, 0xcf, 0x73,
    0xcf, 0x73, 0xcf, 0x73, 0xcf, 0x73, 0xcf, 0x73, 0xcf, 0x73, 0xcf, 0x73,
    0xcf, 0x73, 0xcf, 0x73, 0xcf, 0x73, 0xcf, 0x73, 0xcf, 0x73, 0xcf, 0x73,
    0xcf, 0x73, 0xcf, 0x73, 0xcf, 0x73, 0xcf, 0x73, 0xcf, 0x73, 0xcf, 0x73,
    0xcf, 0x73, 0xcf, 0x73, 0xcf, 0x73, 0xcf, 0x73, 0xcf, 0x73, 0xcf, 0x73,
    0xcf, 0x73, 0xcf, 0x73, 0xcf, 0x73, 0xcf, 0x73, 0xcf, 0x73, 0xaf, 0x73,
    0xaf, 0x73, 0xaf, 0x73, 0xaf, 0x73, 0xae, 0x73, 0xcf, 0x73, 0xae, 0x73,
    0xaf, 0x73, 0xcf, 0x73, 0x38, 0xce, 0x7c, 0xff, 0x5c, 0xf7, 0x5c, 0xf7,
    0x5b, 0xf7, 0x5c, 0xf7, 0x3c, 0xf7, 0x5b, 0xf7, 0x3c, 0xf7, 0x3c, 0xf7,
    0x5b, 0xf7, 0x3c, 0xf7, 0x5b, 0xf7, 0x3c, 0xf7, 0x3b, 0xf7, 0x3c, 0xf7,
    0x5c, 0xf7, 0x5c, 0xf7, 0xf3, 0x9c, 0xcf, 0x73, 0xae, 0x73, 0xae, 0x73,
    0x8e, 0x6b, 0x8e, 0x6b, 0x8e, 0x6b, 0x8e, 0x6b, 0x8e, 0x6b, 0x8e, 0x6b,
    0x8e, 0x73, 0x8e, 0x73, 0x8e, 0x6b, 0x8e, 0x73, 0xae, 0x73, 0x8e, 0x73,
    0x8e, 0x73, 0x8e, 0x73, 0xae, 0x6b, 0x8e, 0x6b, 0x8e, 0x73, 0x8e, 0x6b,
    0x8d, 0x6b, 0xae, 0x6b, 0xae, 0x73, 0x8e, 0x73, 0xae, 0x6b, 0xae, 0x73,
    0x8e, 0x73, 0xae, 0x73, 0x8e, 0x73, 0x8e, 0x6b, 0x8e, 0x73, 0xae, 0x6b,
    0x8e, 0x6b, 0xad, 0x6b, 0x8e, 0x6b, 0x8e, 0x73, 0x8e, 0x6b, 0x8e, 0x6b,
    0x8e, 0x73, 0x8e, 0x73, 0x8e, 0x6b, 0x8e, 0x6b, 0x8e, 0x73, 0x8e, 0x73,
    0xae, 0x73, 0x8e, 0x73, 0x8e, 0x73, 0xae, 0x73, 0x8e, 0x73, 0x8e, 0x73,
    0x8e, 0x73, 0x8e, 0x73, 0x8e, 0x73, 0xae, 0x73, 0xae, 0x73, 0xae, 0x73,
    0x8e, 0x73, 0x8e, 0x73, 0xae, 0x73, 0xae, 0x73, 0x8f, 0x6b, 0xae, 0x73,
    0x8f, 0x6b, 0x8e, 0x6b, 0x8e, 0x6b, 0x8e, 0x6b, 0x8e, 0x6b, 0x8e, 0x6b,
    0x6e, 0x6b, 0x8e, 0x6b, 0x8e, 0x6b, 0x8e, 0x6b, 0x8e, 0x6b, 0x8e, 0x6b,
    0x8e, 0x6b, 0x8e, 0x63, 0x8e, 0x63, 0x6e, 0x63, 0x6e, 0x63, 0x8e, 0x63,
    0x6e, 0x63, 0x6e, 0x63, 0x8e, 0x63, 0x8e, 0x63, 0x8e, 0x63, 0xb4, 0x8c,
    0xfc, 0xd6, 0x19, 0xb6, 0xd8, 0xad, 0x76, 0xa5, 0xb8, 0xb5, 0x59, 0xce,
    0xbd, 0xff, 0x9c, 0xf7, 0x7c, 0xf7, 0x7c, 0xf7, 0x7d, 0xf7, 0xbd, 0xff,
    0x34, 0xad, 0xbd, 0xff, 0x9c, 0xf7, 0x7d, 0xff, 0x7d, 0xf7, 0x7c, 0xf7,
    0xbd, 0xff, 0x55, 0xad, 0xf0, 0x7b, 0xf0, 0x7b, 0xef, 0x73, 0xcf, 0x73,
    0xcf, 0x7b, 0xf0, 0x7b, 0xf0, 0x7b, 0xf0, 0x7b, 0x10, 0x7c, 0x10, 0x7c,
    0x10, 0x7c, 0x10, 0x84, 0x10, 0x7c, 0x10, 0x7c, 0x10, 0x7c, 0xd0, 0x73,
    0xcf, 0x73, 0xcf, 0x73, 0xcf, 0x73, 0xaf, 0x73, 0xaf, 0x73, 0xcf, 0x73,
    0xd0, 0x73, 0xd0, 0x73, 0xf0, 0x7b, 0x10, 0x7c, 0x10, 0x7c, 0x10, 0x7c,
    0x10, 0x7c, 0x30, 0x84, 0x31, 0x84, 0xf0, 0x7b, 0xf0, 0x7b, 0xf0, 0x7b,
    0xf0, 0x7b, 0xef, 0x73, 0xef, 0x7b, 0xf0, 0x7b, 0xf0, 0x7b, 0xef, 0x7b,
    0xef, 0x7b, 0xf0, 0x7b, 0x10, 0x7c, 0x0f, 0x84, 0x0f, 0x84, 0x10, 0x84,
    0x10, 0x84, 0x0f, 0x84, 0x0f, 0x84, 0xf0, 0x83, 0xef, 0x7b, 0xef, 0x7b,
    0xef, 0x7b, 0xef, 0x83, 0xef, 0x7b, 0xef, 0x7b, 0xef, 0x7b, 0xcf, 0x7b,
    0xaf, 0x73, 0xcf, 0x7b, 0xae, 0x73, 0x6e, 0x6b, 0x6e, 0x6b, 0x8e, 0x73,
    0xaf, 0x73, 0xaf, 0x73, 0xaf, 0x73, 0xaf, 0x73, 0xaf, 0x73, 0xae, 0x73,
    0x8e, 0x73, 0x8e, 0x6b, 0x8e, 0x6b, 0x6e, 0x6b, 0x6d, 0x6b, 0x6d, 0x6b,
    0x0d, 0x5b, 0x8b, 0x52, 0xab, 0x52, 0x8c, 0x4a, 0x8b, 0x4a, 0x8c, 0x4a,
    0xed, 0x5a, 0xec, 0x5a, 0xec, 0x52, 0xec, 0x52, 0x0d, 0x5b, 0x8e, 0x6b,
    0x4e, 0x63, 0x6b, 0x4a, 0x8b, 0x4a, 0x8b, 0x4a, 0x6b, 0x4a, 0x4e, 0x63,
    0x52, 0x84, 0xd4, 0x94, 0xf0, 0x73, 0xb0, 0x6b, 0xb0, 0x6b, 0xaf, 0x6b,
    0xaf, 0x6b, 0xb0, 0x6b, 0x0d, 0x5b, 0x0e, 0x5b, 0x2d, 0x5b, 0x0d, 0x5b,
    0x0d, 0x5b, 0xed, 0x5a, 0xcc, 0x52, 0xcc, 0x52, 0xac, 0x52, 0xac, 0x52,
    0xac, 0x52, 0xac, 0x52, 0xac, 0x52, 0xac, 0x52, 0xac, 0x52, 0xab, 0x52,
    0xac, 0x4a, 0xac, 0x52, 0xed, 0x5a, 0x4e, 0x63, 0x6f, 0x6b, 0xee, 0x52,
    0xd0, 0x7b, 0xd0, 0x7b, 0xef, 0x7b, 0xef, 0x7b, 0xf0, 0x7b, 0xef, 0x7b,
    0xef, 0x7b, 0xf0, 0x7b, 0xd0, 0x7b, 0xcf, 0x7b, 0xf0, 0x7b, 0xcf, 0x73,
    0xd0, 0x73, 0xcf, 0x73, 0xaf, 0x6b, 0xcf, 0x73, 0xcf, 0x73, 0xaf, 0x73,
    0xaf, 0x6b, 0x8f, 0x6b, 0xaf, 0x73, 0xef, 0x7b, 0xef, 0x7b, 0xef, 0x73,
    0xd0, 0x73, 0x8f, 0x6b, 0xcf, 0x73, 0xef, 0x73, 0xef, 0x73, 0xd0, 0x73,
    0xcf, 0x73, 0xcf, 0x7b, 0xd0, 0x73, 0xf0, 0x73, 0xcf, 0x73, 0xcf, 0x73,
    0xcf, 0x73, 0xef, 0x73, 0xcf, 0x73, 0xcf, 0x73, 0xcf, 0x73, 0xcf, 0x73,
    0xd0, 0x73, 0xcf, 0x73, 0xcf, 0x73, 0xd0, 0x73, 0xcf, 0x73, 0xcf, 0x73,
    0xd0, 0x73, 0xcf, 0x73, 0xcf, 0x73, 0xcf, 0x73, 0xef, 0x73, 0xcf, 0x73,
    0xcf, 0x73, 0xcf, 0x73, 0xcf, 0x73, 0xcf, 0x73, 0xcf, 0x73, 0xaf, 0x73,
    0xaf, 0x73, 0xcf, 0x73, 0xce, 0x73, 0xae, 0x73, 0xae, 0x73, 0xae, 0x73,
    0xaf, 0x73, 0xaf, 0x73, 0xce, 0x73, 0xcf, 0x73, 0x3b, 0xef, 0x5c, 0xf7,
    0x5c, 0xf7, 0x5c, 0xf7, 0x5c, 0xf7, 0x5c, 0xf7, 0x5b, 0xf7, 0x3c, 0xf7,
    0x5b, 0xf7, 0x5c, 0xf7, 0x5b, 0xef, 0x5c, 0xf7, 0x5b, 0xf7, 0x5c, 0xf7,
    0x5c, 0xf7, 0x5b, 0xef, 0x5c, 0xf7, 0xfb, 0xe6, 0xef, 0x7b, 0xef, 0x7b,
    0xcf, 0x73, 0xcf, 0x73, 0xce, 0x73, 0xae, 0x73, 0xcf, 0x73, 0xaf, 0x73,
    0xae, 0x73, 0xae, 0x73, 0xaf, 0x73, 0xae, 0x73, 0xae, 0x73, 0xae, 0x73,
    0xae, 0x73, 0xae, 0x73, 0xae, 0x73, 0xce, 0x73, 0xae, 0x73, 0xae, 0x73,
    0xae, 0x73, 0xae, 0x73, 0xae, 0x73, 0xae, 0x73, 0xae, 0x73, 0xae, 0x73,
    0xae, 0x73, 0xae, 0x73, 0xae, 0x73, 0xae, 0x73, 0xae, 0x73, 0xae, 0x73,
    0xae, 0x73, 0xae, 0x73, 0xae, 0x73, 0xae, 0x73, 0xae, 0x73, 0xae, 0x73,
    0xae, 0x73, 0xae, 0x73, 0xce, 0x73, 0xae, 0x73, 0xce, 0x73, 0xae, 0x73,
    0xae, 0x73, 0xce, 0x73, 0xae, 0x73, 0xae, 0x73, 0xae, 0x73, 0xae, 0x73,
    0xce, 0x73, 0xce, 0x73, 0xae, 0x73, 0xce, 0x73, 0xce, 0x73, 0xaf, 0x73,
    0xaf, 0x73, 0xae, 0x73, 0xae, 0x73, 0xaf, 0x73, 0xae, 0x73, 0xaf, 0x73,
    0xaf, 0x73, 0xae, 0x6b, 0xaf, 0x6b, 0x8e, 0x6b, 0x8e, 0x6b, 0xae, 0x6b,
    0x8e, 0x6b, 0x8e, 0x6b, 0x8e, 0x6b, 0x8e, 0x6b, 0x8e, 0x6b, 0x8e, 0x6b,
    0x8e, 0x6b, 0x8e, 0x6b, 0x8e, 0x63, 0x8e, 0x63, 0x6e, 0x63, 0x8e, 0x63,
    0x8e, 0x63, 0x6e, 0x63, 0x8e, 0x63, 0x8e, 0x63, 0x8e, 0x63, 0x8e, 0x6b,
    0xae, 0x6b, 0xf0, 0x73, 0x97, 0xa5, 0x56, 0x9d, 0x36, 0x9d, 0x56, 0xa5,
    0x9e, 0xf7, 0x56, 0xa5, 0xbd, 0xff, 0x9d, 0xff, 0xbd, 0xff, 0xbd, 0xff,
    0x9d, 0xff, 0xbe, 0xff, 0x54, 0xad, 0xbe, 0xff, 0x9c, 0xf7, 0x7d, 0xf7,
    0x9d, 0xf7, 0x9d, 0xf7, 0x1b, 0xe7, 0x76, 0xad, 0x72, 0x8c, 0x10, 0x7c,
    0x31, 0x84, 0x31, 0x84, 0x51, 0x84, 0x51, 0x8c, 0x71, 0x8c, 0x71, 0x8c,
    0x51, 0x84, 0x31, 0x84, 0x31, 0x84, 0x51, 0x84, 0x31, 0x7c, 0x10, 0x7c,
    0xf0, 0x7b, 0xcf, 0x73, 0xcf, 0x73, 0xcf, 0x73, 0xd0, 0x73, 0xcf, 0x73,
    0xcf, 0x73, 0xf0, 0x73, 0x10, 0x7c, 0x30, 0x7c, 0x31, 0x84, 0x31, 0x84,
    0x30, 0x84, 0x10, 0x7c, 0x10, 0x7c, 0x10, 0x7c, 0x10, 0x7c, 0x10, 0x7c,
    0xf0, 0x7b, 0xf0, 0x7b, 0xf0, 0x7b, 0xf0, 0x7b, 0x10, 0x7c, 0x10, 0x7c,
    0x10, 0x84, 0x10, 0x7c, 0x10, 0x7c, 0x10, 0x84, 0x10, 0x84, 0x0f, 0x84,
    0x10, 0x84, 0x10, 0x84, 0x0f, 0x84, 0x0f, 0x84, 0xef, 0x7b, 0xf0, 0x7b,
    0xef, 0x83, 0xef, 0x7b, 0xef, 0x7b, 0xef, 0x7b, 0xf0, 0x7b, 0xcf, 0x7b,
    0x50, 0x6b, 0x10, 0x6b, 0x2f, 0x6b, 0xef, 0x7b, 0xae, 0x73, 0x6e, 0x73,
    0x6d, 0x6b, 0x6e, 0x6b, 0x8e, 0x6b, 0x8e, 0x6b, 0x8e, 0x73, 0x8e, 0x73,
    0x8e, 0x73, 0xae, 0x6b, 0x8e, 0x73, 0x8e, 0x6b, 0x6e, 0x6b, 0x6e, 0x6b,
    0x6d, 0x6b, 0x6e, 0x63, 0x0d, 0x5b, 0x8b, 0x52, 0x8b, 0x4a, 0x8c, 0x4a,
    0x8b, 0x4a, 0x8b, 0x4a, 0x8b, 0x4a, 0x8c, 0x4a, 0x8b, 0x4a, 0x8b, 0x4a,
    0x8b, 0x4a, 0x8b, 0x4a, 0x8b, 0x4a, 0x8b, 0x4a, 0x8b, 0x4a, 0x8c, 0x4a,
    0x8b, 0x4a, 0x8b, 0x4a, 0x6b, 0x4a, 0x6b, 0x42, 0x6b, 0x4a, 0x6b, 0x4a,
    0x6b, 0x4a, 0x6b, 0x4a, 0x6b, 0x4a, 0x6b, 0x4a, 0x8b, 0x4a, 0x6b, 0x4a,
    0x6b, 0x4a, 0x6b, 0x4a, 0x8b, 0x4a, 0x6b, 0x4a, 0x8b, 0x4a, 0x8b, 0x4a,
    0x8b, 0x4a, 0x8b, 0x4a, 0x8b, 0x4a, 0x8b, 0x4a, 0x8b, 0x4a, 0x8b, 0x4a,
    0x8b, 0x4a, 0x8b, 0x4a, 0x8b, 0x4a, 0x6b, 0x4a, 0x6b, 0x4a, 0x6b, 0x4a,
    0x6b, 0x4a, 0x6b, 0x42, 0xaf, 0x73, 0xaf, 0x73, 0xaf, 0x73, 0xcf, 0x73,
    0xaf, 0x73, 0xaf, 0x73, 0xaf, 0x73, 0xcf, 0x73, 0xaf, 0x73, 0xaf, 0x73,
    0xaf, 0x6b, 0xaf, 0x73, 0xaf, 0x73, 0xaf, 0x6b, 0xae, 0x6b, 0xaf, 0x73,
    0xaf, 0x6b, 0xaf, 0x6b, 0x8e, 0x6b, 0xaf, 0x6b, 0xcf, 0x73, 0xcf, 0x73,
    0xcf, 0x73, 0xcf, 0x73, 0xcf, 0x73, 0xae, 0x6b, 0x8e, 0x6b, 0xaf, 0x73,
    0xcf, 0x73, 0xcf, 0x73, 0xcf, 0x73, 0xcf, 0x73, 0xcf, 0x73, 0xcf, 0x73,
    0xcf, 0x73, 0xcf, 0x73, 0xcf, 0x73, 0xcf, 0x73, 0xcf, 0x73, 0xcf, 0x73,
    0xef, 0x73, 0xcf, 0x73, 0xd0, 0x73, 0xcf, 0x73, 0xf0, 0x73, 0xcf, 0x73,
    0xcf, 0x73, 0xd0, 0x73, 0xcf, 0x73, 0xcf, 0x73, 0xcf, 0x73, 0xcf, 0x73,
    0xcf, 0x73, 0xcf, 0x73, 0xcf, 0x73, 0xaf, 0x73, 0xaf, 0x73, 0xaf, 0x73,
    0xae, 0x73, 0xae, 0x73, 0xae, 0x73, 0xae, 0x73, 0x8e, 0x73, 0xae, 0x6b,
    0xae, 0x6b, 0x8e, 0x73, 0x8e, 0x6b, 0x8e, 0x73, 0xce, 0x7b, 0x58, 0xce,
    0x7d, 0xf7, 0x7c, 0xf7, 0x7c, 0xf7, 0x5b, 0xf7, 0x5c, 0xf7, 0x5c, 0xf7,
    0x5c, 0xf7, 0x3b, 0xf7, 0x3c, 0xf7, 0x5c, 0xf7, 0x5b, 0xf7, 0x5c, 0xf7,
    0x5c, 0xf7, 0x5b, 0xf7, 0x5c, 0xf7, 0x5c, 0xef, 0x5b, 0xf7, 0xfa, 0xde,
    0xef, 0x7b, 0xcf, 0x7b, 0xcf, 0x73, 0xaf, 0x73, 0xae, 0x73, 0xcf, 0x73,
    0xcf, 0x73, 0xae, 0x73, 0xae, 0x73, 0xaf, 0x73, 0xae, 0x73, 0xae, 0x73,
    0xae, 0x73, 0xae, 0x73, 0xce, 0x73, 0xae, 0x73, 0xae, 0x73, 0xae, 0x73,
    0xae, 0x73, 0xae, 0x73, 0xae, 0x73, 0xae, 0x73, 0xae, 0x73, 0xae, 0x73,
    0xae, 0x73, 0xae, 0x73, 0xae, 0x73, 0xae, 0x73, 0xae, 0x73, 0xae, 0x73,
    0xae, 0x73, 0xae, 0x73, 0xae, 0x73, 0xae, 0x73, 0xae, 0x73, 0xae, 0x73,
    0xae, 0x73, 0xae, 0x73, 0xae, 0x73, 0xae, 0x73, 0xae, 0x73, 0xae, 0x73,
    0xae, 0x73, 0xce, 0x73, 0xae, 0x73, 0xae, 0x73, 0xae, 0x73, 0xae, 0x73,
    0xae, 0x73, 0xae, 0x73, 0xae, 0x73, 0xae, 0x73, 0xaf, 0x73, 0xae, 0x73,
    0xae, 0x73, 0xae, 0x73, 0xae, 0x73, 0xae, 0x73, 0xaf, 0x73, 0xae, 0x6b,
    0xae, 0x6b, 0x8e, 0x6b, 0x8e, 0x6b, 0x8e, 0x6b, 0x8e, 0x6b, 0x8e, 0x6b,
    0x8e, 0x6b, 0x8e, 0x6b, 0x8f, 0x63, 0x8e, 0x6b, 0x8e, 0x6b, 0x8e, 0x6b,
    0x8e, 0x6b, 0x8f, 0x6b, 0x8e, 0x6b, 0x8e, 0x63, 0x8e, 0x6b, 0x8e, 0x63,
    0x6e, 0x63, 0x6d, 0x6b, 0x8e, 0x63, 0x6d, 0x63, 0x6e, 0x6b, 0x8e, 0x63,
    0x8e, 0x63, 0xae, 0x6b, 0xae, 0x6b, 0x10, 0x74, 0x56, 0x9d, 0x36, 0x9d,
    0x36, 0x9d, 0x7a, 0xce, 0xbe, 0xf7, 0xb7, 0xb5, 0x59, 0xce, 0x18, 0xc6,
    0xb7, 0xbd, 0xf8, 0xbd, 0x39, 0xc6, 0x79, 0xd6, 0xd3, 0xa4, 0x7d, 0xf7,
    0xbd, 0xff, 0x9d, 0xff, 0x7d, 0xff, 0x7d, 0xf7, 0x76, 0xad, 0x96, 0xb5,
    0xb7, 0xbd, 0x96, 0xb5, 0x31, 0x84, 0x51, 0x84, 0x51, 0x84, 0x51, 0x8c,
    0x71, 0x84, 0x71, 0x84, 0x51, 0x84, 0x31, 0x84, 0x10, 0x84, 0x31, 0x84,
    0x31, 0x84, 0x10, 0x7c, 0xf0, 0x73, 0xcf, 0x73, 0xcf, 0x73, 0xd0, 0x73,
    0xd0, 0x73, 0xf0, 0x73, 0xf0, 0x7b, 0x10, 0x7c, 0x30, 0x7c, 0x30, 0x7c,
    0x31, 0x7c, 0x30, 0x84, 0x30, 0x7c, 0x10, 0x7c, 0x10, 0x7c, 0x10, 0x7c,
    0x10, 0x7c, 0x10, 0x7c, 0x10, 0x7c, 0x30, 0x7c, 0x30, 0x7c, 0x10, 0x84,
    0x30, 0x84, 0x30, 0x84, 0x30, 0x84, 0x30, 0x84, 0x30, 0x84, 0x30, 0x84,
    0x10, 0x84, 0x10, 0x7c, 0x10, 0x7c, 0x0f, 0x84, 0x10, 0x84, 0x10, 0x7c,
    0x10, 0x84, 0xef, 0x83, 0xf0, 0x83, 0xef, 0x7b, 0xef, 0x83, 0xf0, 0x83,
    0xd0, 0x7b, 0x10, 0x6b, 0xb3, 0x7b, 0xd0, 0x5a, 0x30, 0x6b, 0x0f, 0x84,
    0xcf, 0x7b, 0x8e, 0x73, 0x8e, 0x6b, 0x6e, 0x6b, 0x8e, 0x6b, 0x8e, 0x6b,
    0x8e, 0x6b, 0x8e, 0x6b, 0x8e, 0x6b, 0xae, 0x73, 0xaf, 0x6b, 0x8e, 0x6b,
    0x8e, 0x6b, 0x6e, 0x6b, 0x6e, 0x6b, 0x6e, 0x6b, 0x0d, 0x5b, 0x8b, 0x4a,
    0x8b, 0x4a, 0x8b, 0x4a, 0x8b, 0x4a, 0x8b, 0x4a, 0x8b, 0x4a, 0x8b, 0x4a,
    0x8c, 0x4a, 0x8c, 0x52, 0x8c, 0x4a, 0x8b, 0x4a, 0x8b, 0x52, 0x8b, 0x52,
    0x8c, 0x4a, 0x8b, 0x52, 0x8b, 0x4a, 0x8c, 0x4a, 0x8b, 0x4a, 0x8b, 0x4a,
    0x8b, 0x4a, 0x8b, 0x4a, 0x8b, 0x4a, 0x8b, 0x4a, 0x8b, 0x4a, 0x8b, 0x4a,
    0x8b, 0x4a, 0x8b, 0x4a, 0x8b, 0x4a, 0x8b, 0x4a, 0x8b, 0x4a, 0x8b, 0x4a,
    0x8b, 0x4a, 0x8b, 0x4a, 0x8b, 0x4a, 0x8b, 0x4a, 0x8b, 0x4a, 0x8b, 0x4a,
    0x8b, 0x4a, 0x8b, 0x4a, 0x8b, 0x4a, 0x8b, 0x4a, 0x8b, 0x4a, 0x8b, 0x4a,
    0x6b, 0x4a, 0x6b, 0x4a, 0x8b, 0x4a, 0x6c, 0x42, 0x18, 0xc6, 0x18, 0xc6,
    0x18, 0xc6, 0x18, 0xc6, 0x17, 0xc6, 0x18, 0xc6, 0x38, 0xc6, 0x38, 0xc6,
    0x38, 0xc6, 0x38, 0xc6, 0x38, 0xc6, 0x38, 0xc6, 0x38, 0xc6, 0x17, 0xc6,
    0xf4, 0xa4, 0xd3, 0x9c, 0xf4, 0x9c, 0xf3, 0x9c, 0x96, 0xb5, 0xb6, 0xbd,
    0xd6, 0xbd, 0xd6, 0xbd, 0xb6, 0xbd, 0xb6, 0xbd, 0xb6, 0xbd, 0x96, 0xb5,
    0x76, 0xb5, 0x75, 0xb5, 0x75, 0xb5, 0x55, 0xb5, 0x55, 0xad, 0x55, 0xad,
    0x75, 0xb5, 0x55, 0xad, 0x55, 0xad, 0x75, 0xad, 0x54, 0xad, 0x55, 0xad,
    0x55, 0xad, 0x55, 0xad, 0x55, 0xad, 0x55, 0xad, 0x54, 0xad, 0x34, 0xad,
    0x34, 0xa5, 0x34, 0xad, 0x35, 0xad, 0x35, 0xad, 0x35, 0xad, 0x55, 0xad,
    0x55, 0xad, 0x55, 0xad, 0x55, 0xad, 0x55, 0xad, 0x75, 0xad, 0x75, 0xad,
    0x75, 0xad, 0x96, 0xb5, 0xb6, 0xbd, 0xf7, 0xc5, 0x18, 0xc6, 0x38, 0xc6,
    0x58, 0xce, 0x58, 0xce, 0x58, 0xce, 0x79, 0xd6, 0x99, 0xd6, 0xb9, 0xde,
    0x5c, 0xf7, 0x7c, 0xf7, 0x5c, 0xf7, 0x7c, 0xf7, 0x5c, 0xf7, 0x5c, 0xef,
    0x5b, 0xf7, 0x3c, 0xf7, 0x3c, 0xf7, 0x5b, 0xf7, 0x3c, 0xf7, 0x3c, 0xf7,
    0x5b, 0xf7, 0x5c, 0xf7, 0x5c, 0xf7, 0x5c, 0xf7, 0x5c, 0xf7, 0x5c, 0xf7,
    0x5c, 0xf7, 0x7d, 0xf7, 0x92, 0x94, 0xaf, 0x73, 0xcf, 0x73, 0xce, 0x73,
    0xae, 0x73, 0xae, 0x73, 0xae, 0x73, 0xae, 0x73, 0xcf, 0x73, 0xae, 0x73,
    0xae, 0x73, 0xae, 0x73, 0xaf, 0x73, 0xae, 0x73, 0xae, 0x73, 0xae, 0x73,
    0xae, 0x73, 0xae, 0x73, 0xae, 0x73, 0xae, 0x73, 0xae, 0x73, 0xae, 0x73,
    0xae, 0x73, 0xae, 0x73, 0xae, 0x73, 0xae, 0x73, 0xae, 0x73, 0xae, 0x73,
    0xae, 0x73, 0xae, 0x73, 0xae, 0x6b, 0xae, 0x73, 0xae, 0x73, 0xae, 0x73,
    0xae, 0x73, 0xae, 0x73, 0xae, 0x73, 0xce, 0x73, 0xae, 0x73, 0xae, 0x73,
    0xce, 0x73, 0xae, 0x73, 0xae, 0x73, 0xae, 0x73, 0xce, 0x73, 0xae, 0x73,
    0xae, 0x73, 0xce, 0x73, 0xae, 0x73, 0xae, 0x73, 0xae, 0x73, 0xae, 0x73,
    0xae, 0x73, 0xaf, 0x73, 0xaf, 0x73, 0xae, 0x73, 0xaf, 0x73, 0xae, 0x73,
    0xae, 0x73, 0xae, 0x73, 0x8e, 0x6b, 0x8e, 0x6b, 0x8e, 0x6b, 0x8e, 0x6b,
    0x6e, 0x6b, 0x8e, 0x6b, 0x8e, 0x63, 0x8e, 0x63, 0x8e, 0x63, 0x8e, 0x6b,
    0x8e, 0x6b, 0x6e, 0x63, 0x8e, 0x6b, 0x8e, 0x63, 0x8e, 0x6b, 0x8e, 0x63,
    0x8e, 0x6b, 0x8e, 0x6b, 0x8e, 0x63, 0x6e, 0x63, 0x8e, 0x6b, 0x8e, 0x63,
    0x8d, 0x6b, 0x8e, 0x6b, 0x8e, 0x6b, 0x8e, 0x6b, 0x8e, 0x6b, 0x11, 0x74,
    0xf5, 0x94, 0xf5, 0x94, 0x55, 0xa5, 0x56, 0xa5, 0x35, 0xa5, 0x15, 0x9d,
    0xb4, 0x8c, 0xb4, 0x8c, 0x56, 0xad, 0x77, 0xad, 0x97, 0xb5, 0xd7, 0xbd,
    0x14, 0xa5, 0x76, 0xad, 0xf8, 0xc5, 0x1b, 0xe7, 0xbd, 0xff, 0xd7, 0xbd,
    0x55, 0xad, 0x76, 0xad, 0xfb, 0xe6, 0x7d, 0xf7, 0x58, 0xce, 0xf7, 0xc5,
    0xb6, 0xbd, 0x92, 0x94, 0x92, 0x8c, 0xf4, 0x94, 0x76, 0xa5, 0x56, 0xa5,
    0xb3, 0x8c, 0x55, 0xa5, 0xb3, 0x8c, 0x31, 0x84, 0xf0, 0x73, 0xf0, 0x73,
    0xd0, 0x73, 0xf0, 0x73, 0x10, 0x7c, 0x51, 0x84, 0x92, 0x8c, 0x93, 0x8c,
    0x92, 0x8c, 0x92, 0x8c, 0xb3, 0x94, 0xf4, 0x9c, 0x92, 0x8c, 0x51, 0x84,
    0x92, 0x8c, 0xf3, 0x9c, 0x13, 0x9d, 0x13, 0xa5, 0xd2, 0x9c, 0xf3, 0x9c,
    0xf3, 0xa4, 0x13, 0x9d, 0x13, 0xa5, 0x13, 0x9d, 0x14, 0xa5, 0x13, 0xa5,
    0x13, 0x9d, 0xf3, 0x9c, 0xf3, 0x9c, 0xf2, 0x9c, 0xf2, 0x9c, 0xf3, 0x9c,
    0xf3, 0x9c, 0xf3, 0x9c, 0xf3, 0x9c, 0xf3, 0xa4, 0xf3, 0x9c, 0xf3, 0x9c,
    0xd3, 0x9c, 0xf3, 0x9c, 0x33, 0x8c, 0xb5, 0x9c, 0xd3, 0x83, 0xaf, 0x5a,
    0x92, 0x7b, 0x13, 0xa5, 0xd2, 0x9c, 0x92, 0x8c, 0xf0, 0x7b, 0xcf, 0x73,
    0xcf, 0x73, 0xef, 0x73, 0xf0, 0x73, 0x10, 0x7c, 0x11, 0x7c, 0x11, 0x7c,
    0x30, 0x7c, 0x10, 0x7c, 0xcf, 0x73, 0xcf, 0x73, 0xcf, 0x73, 0xf0, 0x73,
    0x6e, 0x63, 0x6b, 0x4a, 0x8b, 0x4a, 0x8b, 0x4a, 0x8b, 0x4a, 0x8b, 0x4a,
    0x8c, 0x4a, 0x8b, 0x52, 0x8b, 0x4a, 0x8b, 0x4a, 0x8c, 0x52, 0x8b, 0x4a,
    0x8c, 0x4a, 0xab, 0x4a, 0x8b, 0x4a, 0xab, 0x4a, 0x8c, 0x52, 0x8b, 0x4a,
    0xab, 0x4a, 0x8c, 0x52, 0x8b, 0x4a, 0xab, 0x4a, 0x8c, 0x4a, 0x8b, 0x4a,
    0x8b, 0x4a, 0x8b, 0x4a, 0x8b, 0x4a, 0x8b, 0x4a, 0x8b, 0x4a, 0x8b, 0x4a,
    0x6b, 0x4a, 0x8b, 0x4a, 0x8b, 0x4a, 0x6c, 0x4a, 0x8b, 0x4a, 0x8b, 0x4a,
    0x8c, 0x4a, 0x8b, 0x4a, 0x8b, 0x4a, 0x8b, 0x4a, 0x6b, 0x4a, 0x8b, 0x4a,
    0x8b, 0x4a, 0x8b, 0x4a, 0x6b, 0x4a, 0x8b, 0x4a, 0x6b, 0x4a, 0x6c, 0x42,
    0x71, 0x8c, 0x71, 0x8c, 0x71, 0x8c, 0x71, 0x8c, 0x92, 0x8c, 0x71, 0x8c,
    0x72, 0x8c, 0x72, 0x8c, 0x92, 0x8c, 0x92, 0x8c, 0x92, 0x8c, 0x92, 0x8c,
    0x71, 0x8c, 0xef, 0x73, 0xcf, 0x73, 0xf0, 0x7b, 0x10, 0x7c, 0x71, 0x8c,
    0xb2, 0x94, 0xb2, 0x94, 0xb2, 0x94, 0xb2, 0x94, 0xb2, 0x94, 0xb2, 0x94,
    0xb2, 0x94, 0xb2, 0x94, 0xb2, 0x94, 0xb2, 0x94, 0xb2, 0x94, 0xb2, 0x94,
    0x92, 0x94, 0xb2, 0x94, 0xb2, 0x94, 0x92, 0x94, 0x92, 0x94, 0xb2, 0x94,
    0x92, 0x94, 0xb2, 0x94, 0x92, 0x94, 0x92, 0x94, 0x92, 0x94, 0x92, 0x94,
    0x92, 0x94, 0x92, 0x94, 0x92, 0x8c, 0x92, 0x8c, 0x92, 0x94, 0x92, 0x8c,
    0x92, 0x8c, 0x92, 0x8c, 0x92, 0x8c, 0x92, 0x8c, 0x92, 0x8c, 0x92, 0x8c,
    0x92, 0x94, 0x92, 0x8c, 0x72, 0x8c, 0x92, 0x8c, 0x92, 0x8c, 0x92, 0x94,
    0x92, 0x94, 0x92, 0x94, 0x92, 0x94, 0x92, 0x94, 0x92, 0x94, 0x92, 0x94,
    0x91, 0x94, 0xb2, 0x94, 0x13, 0xa5, 0xfa, 0xe6, 0x5c, 0xf7, 0x5c, 0xf7,
    0x5c, 0xf7, 0x5c, 0xf7, 0x5c, 0xf7, 0x5c, 0xf7, 0x3b, 0xf7, 0x5c, 0xf7,
    0x5b, 0xef, 0x5b, 0xf7, 0x5c, 0xf7, 0x3c, 0xf7, 0x5b, 0xf7, 0x5c, 0xf7,
    0x5b, 0xf7, 0x5c, 0xf7, 0x5c, 0xf7, 0x7c, 0xf7, 0x5b, 0xef, 0x74, 0xad,
    0x91, 0x94, 0x51, 0x8c, 0x31, 0x84, 0x30, 0x84, 0x30, 0x84, 0x30, 0x84,
    0x30, 0x84, 0x30, 0x84, 0x30, 0x84, 0x10, 0x84, 0x10, 0x7c, 0x0f, 0x7c,
    0x0f, 0x7c, 0x10, 0x7c, 0x0f, 0x7c, 0x0f, 0x7c, 0x0f, 0x7c, 0x0f, 0x7c,
    0x0f, 0x7c, 0x0f, 0x7c, 0x0f, 0x7c, 0x0f, 0x7c, 0x0f, 0x7c, 0x0f, 0x7c,
    0x0f, 0x7c, 0x10, 0x7c, 0x0f, 0x7c, 0x0f, 0x7c, 0x10, 0x7c, 0x0f, 0x7c,
    0x0f, 0x7c, 0x10, 0x7c, 0x10, 0x7c, 0x0f, 0x84, 0x10, 0x7c, 0x10, 0x7c,
    0x0f, 0x84, 0x10, 0x7c, 0x10, 0x7c, 0x0f, 0x7c, 0x10, 0x7c, 0x10, 0x7c,
    0x0f, 0x7c, 0x10, 0x7c, 0x0f, 0x7c, 0x10, 0x7c, 0x10, 0x7c, 0x0f, 0x7c,
    0x10, 0x7c, 0x10, 0x7c, 0x0f, 0x7c, 0x10, 0x84, 0x10, 0x7c, 0x10, 0x7c,
    0x10, 0x7c, 0x10, 0x7c, 0x0f, 0x7c, 0xf0, 0x7b, 0xef, 0x7b, 0xef, 0x73,
    0xef, 0x73, 0xcf, 0x73, 0xcf, 0x73, 0xaf, 0x6b, 0x8e, 0x6b, 0x8f, 0x6b,
    0x8e, 0x6b, 0x8f, 0x6b, 0x8f, 0x6b, 0xaf, 0x6b, 0xaf, 0x6b, 0xaf, 0x6b,
    0xaf, 0x6b, 0xcf, 0x6b, 0xd0, 0x73, 0xaf, 0x73, 0xaf, 0x6b, 0xaf, 0x6b,
    0xaf, 0x6b, 0xaf, 0x6b, 0xaf, 0x6b, 0xaf, 0x6b, 0xcf, 0x73, 0xef, 0x73,
    0x10, 0x74, 0x93, 0x84, 0x5a, 0xc6, 0xdb, 0xd6, 0xd8, 0xb5, 0x15, 0xa5,
    0x15, 0x9d, 0xf5, 0x9c, 0x15, 0xa5, 0xb7, 0xb5, 0x39, 0xc6, 0xf8, 0xbd,
    0xb7, 0xb5, 0xd7, 0xbd, 0xf0, 0x7b, 0x18, 0xc6, 0xf7, 0xbd, 0xf7, 0xbd,
    0xd3, 0x9c, 0x52, 0x8c, 0x93, 0x8c, 0x55, 0xad, 0xbe, 0xff, 0x9d, 0xff,
    0x9d, 0xff, 0x9d, 0xff, 0xbe, 0xff, 0xbe, 0xff, 0xba, 0xd6, 0x55, 0x9d,
    0x15, 0x9d, 0xf9, 0xbd, 0x97, 0xa5, 0x9a, 0xce, 0xbb, 0xd6, 0xd4, 0x94,
    0x11, 0x7c, 0xf1, 0x7b, 0xf0, 0x73, 0x52, 0x84, 0x76, 0xa5, 0x56, 0xa5,
    0x18, 0xbe, 0xd7, 0xb5, 0xd7, 0xb5, 0xd7, 0xb5, 0x39, 0xc6, 0x39, 0xce,
    0x96, 0xb5, 0xd7, 0xbd, 0xda, 0xde, 0x1b, 0xe7, 0xfb, 0xe6, 0xfa, 0xe6,
    0xba, 0xde, 0xba, 0xde, 0xfa, 0xe6, 0xfa, 0xe6, 0xfa, 0xe6, 0xda, 0xe6,
    0xda, 0xe6, 0xfa, 0xe6, 0xda, 0xe6, 0xfa, 0xe6, 0xfa, 0xe6, 0xda, 0xe6,
    0xda, 0xe6, 0xda, 0xe6, 0xb9, 0xde, 0xfb, 0xe6, 0xfb, 0xee, 0xfa, 0xe6,
    0xfa, 0xe6, 0xfa, 0xe6, 0xfb, 0xe6, 0xf2, 0x83, 0x98, 0xb5, 0xb8, 0xbd,
    0xb5, 0x9c, 0x8f, 0x52, 0x13, 0x84, 0x5c, 0xef, 0xfb, 0xe6, 0x99, 0xd6,
    0x75, 0xad, 0x72, 0x84, 0x52, 0x7c, 0x52, 0x7c, 0x73, 0x84, 0xf4, 0x9c,
    0x55, 0xa5, 0x55, 0xa5, 0x75, 0xa5, 0xd6, 0xb5, 0xb3, 0x8c, 0x72, 0x84,
    0x52, 0x7c, 0x72, 0x84, 0xf1, 0x73, 0x6a, 0x4a, 0x4a, 0x42, 0x4a, 0x42,
    0x4a, 0x42, 0x4a, 0x42, 0x4a, 0x42, 0x4a, 0x42, 0x4a, 0x4a, 0x6a, 0x42,
    0x4a, 0x42, 0x4a, 0x4a, 0x6a, 0x4a, 0x8b, 0x4a, 0x8b, 0x4a, 0x8b, 0x4a,
    0xac, 0x4a, 0x8b, 0x4a, 0x6a, 0x4a, 0x4a, 0x4a, 0x4a, 0x42, 0x4a, 0x4a,
    0x4a, 0x4a, 0x4a, 0x4a, 0x4a, 0x42, 0x4a, 0x4a, 0x4a, 0x42, 0x2a, 0x42,
    0x2a, 0x42, 0x4a, 0x42, 0x4a, 0x42, 0x4a, 0x42, 0x4a, 0x42, 0x4a, 0x4a,
    0x4a, 0x4a, 0x4a, 0x42, 0x4a, 0x4a, 0x4a, 0x4a, 0x4a, 0x4a, 0x4a, 0x42,
    0x4a, 0x4a, 0x4a, 0x42, 0x4a, 0x42, 0x4a, 0x42, 0x4a, 0x42, 0x4a, 0x42,
    0x4a, 0x42, 0x4b, 0x3a, 0xf0, 0x7b, 0xf0, 0x7b, 0x10, 0x7c, 0x10, 0x7c,
    0xf0, 0x73, 0xf0, 0x7b, 0xf0, 0x7b, 0xcf, 0x73, 0xcf, 0x73, 0xf0, 0x7b,
    0xf0, 0x7b, 0xf0, 0x7b, 0x8e, 0x6b, 0xaf, 0x73, 0xcf, 0x73, 0xcf, 0x73,
    0xf0, 0x7b, 0xf0, 0x7b, 0xf0, 0x7b, 0xf0, 0x7b, 0xf0, 0x7b, 0xf0, 0x7b,
    0xf0, 0x7b, 0xf0, 0x7b, 0xf0, 0x7b, 0xf0, 0x7b, 0xf0, 0x7b, 0xef, 0x73,
    0xf0, 0x7b, 0xf0, 0x73, 0xef, 0x73, 0xef, 0x7b, 0xef, 0x73, 0xef, 0x73,
    0xef, 0x7b, 0xef, 0x73, 0xef, 0x73, 0xef, 0x73, 0xef, 0x73, 0xef, 0x73,
    0xef, 0x73, 0xef, 0x73, 0xef, 0x73, 0xef, 0x73, 0xf0, 0x73, 0xcf, 0x7b,
    0xd0, 0x73, 0xcf, 0x73, 0xcf, 0x7b, 0xef, 0x7b, 0xf0, 0x7b, 0xd0, 0x7b,
    0xef, 0x7b, 0xef, 0x73, 0xd0, 0x7b, 0xcf, 0x7b, 0xcf, 0x73, 0xcf, 0x7b,
    0xcf, 0x73, 0xcf, 0x73, 0xcf, 0x73, 0xcf, 0x73, 0xaf, 0x73, 0xaf, 0x73,
    0xaf, 0x73, 0xaf, 0x73, 0xae, 0x73, 0xcf, 0x73, 0xcf, 0x73, 0xef, 0x7b,
    0x5c, 0xf7, 0x5c, 0xf7, 0x5c, 0xf7, 0x5b, 0xf7, 0x5c, 0xf7, 0x5c, 0xf7,
    0x3b, 0xf7, 0x3c, 0xf7, 0x5c, 0xf7, 0x5b, 0xf7, 0x5c, 0xf7, 0x5c, 0xf7,
    0x3c, 0xf7, 0x5c, 0xf7, 0x5b, 0xf7, 0x5c, 0xef, 0x5c, 0xef, 0x5c, 0xf7,
    0x5b, 0xf7, 0x7c, 0xf7, 0x7c, 0xf7, 0x3c, 0xf7, 0x3c, 0xf7, 0x3b, 0xef,
    0x3b, 0xef, 0x3b, 0xef, 0x1b, 0xef, 0x1b, 0xef, 0x1b, 0xe7, 0xfb, 0xe6,
    0xba, 0xde, 0x99, 0xde, 0x79, 0xd6, 0x78, 0xd6, 0x58, 0xd6, 0x58, 0xd6,
    0x38, 0xce, 0x38, 0xce, 0x38, 0xce, 0x38, 0xce, 0x38, 0xce, 0x38, 0xce,
    0x38, 0xce, 0x38, 0xce, 0x38, 0xc6, 0x38, 0xce, 0x38, 0xce, 0x38, 0xce,
    0x58, 0xce, 0x58, 0xce, 0x38, 0xce, 0x58, 0xce, 0x58, 0xce, 0x58, 0xce,
    0x58, 0xce, 0x58, 0xce, 0x58, 0xce, 0x58, 0xce, 0x58, 0xce, 0x58, 0xce,
    0x58, 0xce, 0x58, 0xce, 0x58, 0xce, 0x58, 0xce, 0x58, 0xce, 0x58, 0xce,
    0x58, 0xce, 0x58, 0xce, 0x78, 0xd6, 0x78, 0xd6, 0x59, 0xd6, 0x78, 0xd6,
    0x78, 0xd6, 0x79, 0xd6, 0x79, 0xd6, 0x79, 0xd6, 0x79, 0xd6, 0x79, 0xd6,
    0x79, 0xd6, 0x79, 0xd6, 0x59, 0xce, 0x59, 0xce, 0x38, 0xce, 0xf8, 0xc5,
    0x56, 0xa5, 0xb3, 0x8c, 0x93, 0x8c, 0xd4, 0x8c, 0xd4, 0x8c, 0xb3, 0x8c,
    0x93, 0x84, 0x93, 0x84, 0x93, 0x84, 0xd4, 0x8c, 0x76, 0x9d, 0x97, 0xa5,
    0x36, 0x9d, 0x35, 0x9d, 0x56, 0x9d, 0xb7, 0xa5, 0xb7, 0xad, 0x5a, 0xc6,
    0x3d, 0xe7, 0x96, 0xad, 0x72, 0x84, 0x15, 0x95, 0x7e, 0xef, 0x97, 0xad,
    0xb4, 0x94, 0x15, 0x9d, 0x76, 0xad, 0x39, 0xce, 0x5d, 0xef, 0x59, 0xce,
    0x38, 0xc6, 0x59, 0xce, 0xf7, 0xc5, 0x1c, 0xe7, 0x75, 0xb5, 0xde, 0xff,
    0xbe, 0xff, 0x39, 0xce, 0x52, 0x8c, 0xb3, 0x94, 0x72, 0x8c, 0xdb, 0xde,
    0xbd, 0xff, 0xbd, 0xff, 0x9e, 0xf7, 0xbe, 0xf7, 0xbe, 0xf7, 0x9e, 0xf7,
    0x9e, 0xf7, 0xbf, 0xf7, 0x5a, 0xc6, 0x15, 0x95, 0x36, 0x9d, 0x77, 0xa5,
    0x39, 0xbe, 0xd4, 0x8c, 0x11, 0x7c, 0x11, 0x7c, 0x31, 0x7c, 0xd4, 0x8c,
    0xd8, 0xad, 0x97, 0xa5, 0x39, 0xbe, 0x7a, 0xce, 0x38, 0xc6, 0x18, 0xbe,
    0xf8, 0xc5, 0xf7, 0xbd, 0x18, 0xc6, 0x1b, 0xe7, 0x5c, 0xf7, 0x5c, 0xf7,
    0x5c, 0xf7, 0x5c, 0xef, 0x5b, 0xf7, 0x5c, 0xf7, 0x5c, 0xef, 0x5b, 0xef,
    0x3c, 0xef, 0x5c, 0xf7, 0x5b, 0xf7, 0x5c, 0xef, 0x5b, 0xf7, 0x5b, 0xf7,
    0x5b, 0xef, 0x5b, 0xf7, 0x5b, 0xf7, 0x3b, 0xf7, 0xda, 0xe6, 0x91, 0x9c,
    0x5c, 0xf7, 0x9c, 0xff, 0x9d, 0xff, 0x5a, 0xd6, 0x74, 0x94, 0xbc, 0xde,
    0xb9, 0xbd, 0x9b, 0xd6, 0x51, 0x6b, 0xf0, 0x62, 0xf3, 0x83, 0xbd, 0xff,
    0x7c, 0xf7, 0x5c, 0xef, 0x79, 0xd6, 0x55, 0xa5, 0xb3, 0x8c, 0x73, 0x84,
    0x93, 0x8c, 0xd4, 0x94, 0x55, 0xa5, 0xf8, 0xc5, 0x59, 0xce, 0xfb, 0xe6,
    0x97, 0xad, 0x93, 0x84, 0x93, 0x84, 0x73, 0x84, 0x52, 0x84, 0x11, 0x7c,
    0xf4, 0x9c, 0xd3, 0x9c, 0xd3, 0x9c, 0x92, 0x94, 0x92, 0x94, 0x92, 0x94,
    0x92, 0x94, 0x92, 0x8c, 0xb2, 0x94, 0xd3, 0x94, 0x72, 0x8c, 0x4a, 0x4a,
    0x8b, 0x4a, 0x8b, 0x4a, 0x6b, 0x4a, 0x6f, 0x6b, 0x35, 0xa5, 0x14, 0xa5,
    0xf4, 0x9c, 0xf4, 0x9c, 0xf4, 0x9c, 0xf4, 0x9c, 0xf4, 0x9c, 0x14, 0xa5,
    0xf4, 0xa4, 0xb3, 0x9c, 0xb3, 0x9c, 0xb3, 0x9c, 0xb3, 0x94, 0x92, 0x94,
    0x92, 0x94, 0x93, 0x94, 0x72, 0x94, 0x72, 0x94, 0x72, 0x8c, 0x72, 0x8c,
    0x72, 0x8c, 0x72, 0x8c, 0x52, 0x8c, 0x72, 0x94, 0x72, 0x94, 0x72, 0x94,
    0x92, 0x94, 0xd3, 0x9c, 0xd3, 0x9c, 0xd0, 0x73, 0x10, 0x7c, 0x10, 0x74,
    0x10, 0x7c, 0x10, 0x7c, 0xef, 0x73, 0xef, 0x73, 0x10, 0x7c, 0xef, 0x7b,
    0xf0, 0x7b, 0xef, 0x73, 0xf0, 0x7b, 0xcf, 0x73, 0xaf, 0x6b, 0xaf, 0x73,
    0xcf, 0x73, 0xef, 0x7b, 0xf0, 0x7b, 0xef, 0x7b, 0xef, 0x7b, 0x10, 0x7c,
    0xef, 0x7b, 0xef, 0x7b, 0xf0, 0x7b, 0xef, 0x7b, 0xef, 0x7b, 0xf0, 0x7b,
    0xf0, 0x7b, 0xef, 0x7b, 0xf0, 0x7b, 0xf0, 0x7b, 0xef, 0x7b, 0xf0, 0x7b,
    0xf0, 0x7b, 0xef, 0x7b, 0xf0, 0x7b, 0xf0, 0x7b, 0xef, 0x7b, 0xef, 0x7b,
    0xf0, 0x7b, 0xef, 0x7b, 0xef, 0x7b, 0xf0, 0x7b, 0xef, 0x73, 0xef, 0x7b,
    0xcf, 0x7b, 0xef, 0x73, 0xcf, 0x73, 0x55, 0xad, 0xcf, 0x73, 0xf0, 0x73,
    0xef, 0x73, 0xef, 0x73, 0xef, 0x7b, 0xf0, 0x73, 0xcf, 0x7b, 0xef, 0x73,
    0xef, 0x7b, 0xcf, 0x7b, 0xcf, 0x73, 0xcf, 0x73, 0xcf, 0x7b, 0xcf, 0x73,
    0xce, 0x73, 0xae, 0x73, 0xae, 0x73, 0xce, 0x73, 0xce, 0x73, 0xae, 0x73,
    0xcf, 0x7b, 0xef, 0x7b, 0x98, 0xd6, 0x5c, 0xf7, 0x5c, 0xf7, 0x5b, 0xf7,
    0x5c, 0xf7, 0x5c, 0xf7, 0x3b, 0xf7, 0x5c, 0xf7, 0x3c, 0xf7, 0x5c, 0xf7,
    0x5c, 0xf7, 0x5b, 0xf7, 0x5c, 0xf7, 0x5c, 0xf7, 0x5c, 0xf7, 0x5b, 0xf7,
    0x5c, 0xef, 0x7c, 0xf7, 0xda, 0xde, 0x92, 0x94, 0x30, 0x84, 0x10, 0x84,
    0x10, 0x7c, 0xf0, 0x83, 0xf0, 0x83, 0x10, 0x84, 0x10, 0x7c, 0x10, 0x84,
    0x10, 0x84, 0x10, 0x84, 0x10, 0x84, 0x10, 0x84, 0x10, 0x84, 0x10, 0x84,
    0x30, 0x84, 0x31, 0x84, 0x31, 0x84, 0x30, 0x84, 0x30, 0x84, 0x30, 0x84,
    0x10, 0x84, 0x30, 0x84, 0x30, 0x84, 0x30, 0x84, 0x30, 0x84, 0x30, 0x84,
    0x30, 0x84, 0x30, 0x84, 0x30, 0x84, 0x30, 0x84, 0x30, 0x84, 0x30, 0x84,
    0x30, 0x84, 0x10, 0x84, 0x30, 0x84, 0x30, 0x84, 0x30, 0x84, 0x10, 0x84,
    0x10, 0x84, 0x30, 0x84, 0x30, 0x84, 0x30, 0x84, 0x30, 0x84, 0x30, 0x84,
    0x10, 0x84, 0x30, 0x84, 0x30, 0x84, 0x30, 0x84, 0x31, 0x84, 0x30, 0x84,
    0x30, 0x84, 0x30, 0x84, 0x30, 0x84, 0x30, 0x84, 0x30, 0x84, 0x30, 0x84,
    0x30, 0x84, 0x30, 0x84, 0x30, 0x84, 0x10, 0x84, 0x10, 0x7c, 0x10, 0x7c,
    0x10, 0x7c, 0xf0, 0x7b, 0xef, 0x73, 0xcf, 0x6b, 0xaf, 0x73, 0xcf, 0x6b,
    0xaf, 0x6b, 0xaf, 0x6b, 0xaf, 0x6b, 0x8e, 0x6b, 0x8f, 0x6b, 0x8e, 0x6b,
    0x8e, 0x6b, 0xcf, 0x6b, 0xf0, 0x73, 0xcf, 0x6b, 0xcf, 0x6b, 0xd0, 0x73,
    0xf0, 0x73, 0x30, 0x7c, 0x71, 0x84, 0x10, 0x7c, 0x10, 0x7c, 0xf5, 0x94,
    0x9b, 0xd6, 0xb7, 0xb5, 0xf8, 0xbd, 0xbb, 0xd6, 0xfc, 0xe6, 0x18, 0xc6,
    0xd7, 0xbd, 0x79, 0xd6, 0x58, 0xce, 0xf7, 0xc5, 0x7d, 0xf7, 0xbe, 0xff,
    0x55, 0xad, 0xdf, 0xff, 0xbe, 0xff, 0xb7, 0xb5, 0xf4, 0x9c, 0x72, 0x8c,
    0xdb, 0xde, 0x9d, 0xff, 0x5c, 0xef, 0x59, 0xce, 0x1b, 0xe7, 0xbe, 0xff,
    0x9a, 0xce, 0xfc, 0xde, 0x7e, 0xf7, 0x59, 0xc6, 0xbb, 0xce, 0x56, 0x9d,
    0x36, 0x95, 0x36, 0x95, 0x35, 0x9d, 0x72, 0x84, 0x32, 0x7c, 0x32, 0x7c,
    0x32, 0x7c, 0xb3, 0x8c, 0xb7, 0xad, 0xd7, 0xb5, 0x18, 0xbe, 0xbb, 0xd6,
    0x9a, 0xd6, 0xb6, 0xb5, 0x75, 0xad, 0xd7, 0xbd, 0xba, 0xde, 0x3c, 0xef,
    0x5c, 0xf7, 0x5c, 0xf7, 0x5b, 0xef, 0x5c, 0xf7, 0x5b, 0xf7, 0x5b, 0xf7,
    0x5c, 0xf7, 0x5b, 0xf7, 0x5c, 0xf7, 0x5c, 0xf7, 0x5b, 0xf7, 0x5c, 0xef,
    0x5c, 0xf7, 0x3b, 0xf7, 0x3c, 0xf7, 0x5c, 0xf7, 0x3b, 0xf7, 0x5b, 0xf7,
    0x5c, 0xf7, 0x94, 0xbd, 0xce, 0x83, 0x1b, 0xe7, 0x39, 0xce, 0x74, 0x8c,
    0x5d, 0xef, 0xbe, 0xf7, 0xf9, 0xc5, 0x54, 0x8c, 0xaf, 0x5a, 0x31, 0x63,
    0xb3, 0x7b, 0xbe, 0xff, 0x7d, 0xf7, 0x7c, 0xf7, 0xfb, 0xe6, 0x17, 0xbe,
    0x55, 0xa5, 0xd3, 0x8c, 0xb4, 0x8c, 0xd4, 0x94, 0xd4, 0x94, 0x35, 0xa5,
    0xba, 0xd6, 0x7d, 0xef, 0x39, 0xc6, 0x93, 0x84, 0x93, 0x84, 0x93, 0x84,
    0x93, 0x84, 0x73, 0x84, 0x14, 0x9d, 0x55, 0xa5, 0x55, 0xa5, 0x75, 0xa5,
    0x56, 0xa5, 0x55, 0xa5, 0x14, 0x9d, 0x72, 0x84, 0x72, 0x84, 0x72, 0x8c,
    0x72, 0x8c, 0x2a, 0x42, 0x8b, 0x4a, 0x8b, 0x4a, 0x4b, 0x4a, 0xaf, 0x73,
    0xd7, 0xb5, 0xdb, 0xd6, 0x14, 0x9d, 0xf4, 0x94, 0x14, 0x95, 0x14, 0x95,
    0xd3, 0x94, 0x59, 0xc6, 0xd8, 0xb5, 0x0e, 0x63, 0x4e, 0x63, 0x2e, 0x63,
    0x0e, 0x63, 0xed, 0x5a, 0xcd, 0x5a, 0xcd, 0x5a, 0xcd, 0x52, 0xad, 0x52,
    0xad, 0x52, 0xac, 0x52, 0xcd, 0x52, 0xcd, 0x5a, 0xed, 0x5a, 0xcd, 0x5a,
    0xcc, 0x52, 0xac, 0x52, 0x8c, 0x4a, 0x55, 0xa5, 0xb7, 0xad, 0x53, 0x7c,
    0xf0, 0x7b, 0xef, 0x7b, 0x10, 0x7c, 0xf0, 0x73, 0xef, 0x7b, 0xf0, 0x73,
    0xef, 0x7b, 0xf0, 0x73, 0xef, 0x73, 0xcf, 0x73, 0xcf, 0x73, 0xcf, 0x73,
    0xaf, 0x6b, 0xaf, 0x73, 0xf0, 0x73, 0xf0, 0x7b, 0xf0, 0x7b, 0xf0, 0x7b,
    0x0f, 0x7c, 0xf0, 0x7b, 0xef, 0x73, 0xef, 0x7b, 0xf0, 0x7b, 0xf0, 0x73,
    0xef, 0x73, 0xef, 0x7b, 0xef, 0x7b, 0xf0, 0x73, 0xef, 0x7b, 0xef, 0x7b,
    0xf0, 0x7b, 0xf0, 0x7b, 0xef, 0x7b, 0xef, 0x7b, 0xef, 0x73, 0xef, 0x7b,
    0xef, 0x7b, 0xef, 0x73, 0xef, 0x7b, 0xef, 0x7b, 0xf0, 0x73, 0xef, 0x7b,
    0xcf, 0x73, 0xd0, 0x7b, 0xef, 0x73, 0xcf, 0x7b, 0xcf, 0x73, 0xcf, 0x73,
    0xcf, 0x7b, 0xef, 0x73, 0xef, 0x73, 0xef, 0x73, 0xef, 0x73, 0xcf, 0x73,
    0xcf, 0x73, 0xcf, 0x73, 0xcf, 0x73, 0xcf, 0x73, 0xcf, 0x73, 0xcf, 0x7b,
    0xcf, 0x73, 0xae, 0x73, 0xaf, 0x73, 0xaf, 0x73, 0xae, 0x73, 0xaf, 0x73,
    0xae, 0x73, 0xce, 0x73, 0xcf, 0x73, 0xef, 0x7b, 0x3b, 0xef, 0x5c, 0xf7,
    0x5c, 0xf7, 0x5c, 0xf7, 0x5c, 0xf7, 0x5c, 0xf7, 0x3b, 0xf7, 0x5c, 0xf7,
    0x3b, 0xef, 0x5c, 0xf7, 0x3c, 0xf7, 0x3c, 0xf7, 0x5b, 0xf7, 0x5c, 0xf7,
    0x5c, 0xf7, 0x5c, 0xf7, 0x5c, 0xf7, 0x7c, 0xf7, 0x30, 0x8c, 0xef, 0x7b,
    0xcf, 0x73, 0xaf, 0x73, 0xaf, 0x73, 0xae, 0x73, 0xaf, 0x73, 0xcf, 0x73,
    0xaf, 0x73, 0xaf, 0x73, 0xcf, 0x73, 0xcf, 0x73, 0xaf, 0x73, 0xcf, 0x73,
    0xcf, 0x73, 0xaf, 0x73, 0xaf, 0x73, 0xaf, 0x73, 0xaf, 0x73, 0xaf, 0x73,
    0xaf, 0x73, 0xaf, 0x73, 0xaf, 0x73, 0xaf, 0x73, 0xaf, 0x73, 0xaf, 0x73,
    0xaf, 0x73, 0xaf, 0x73, 0xaf, 0x73, 0xaf, 0x73, 0xaf, 0x73, 0xaf, 0x73,
    0xaf, 0x73, 0xaf, 0x73, 0xaf, 0x73, 0xaf, 0x73, 0xaf, 0x73, 0xaf, 0x73,
    0xaf, 0x73, 0xaf, 0x73, 0xaf, 0x73, 0xaf, 0x73, 0xaf, 0x73, 0xaf, 0x73,
    0xaf, 0x73, 0xaf, 0x73, 0xaf, 0x73, 0xaf, 0x73, 0xcf, 0x7b, 0xaf, 0x73,
    0xaf, 0x73, 0xaf, 0x73, 0xcf, 0x73, 0xaf, 0x73, 0xaf, 0x73, 0xcf, 0x73,
    0xcf, 0x73, 0xaf, 0x73, 0xaf, 0x73, 0xcf, 0x73, 0xcf, 0x73, 0xae, 0x73,
    0xaf, 0x73, 0xaf, 0x73, 0x8e, 0x6b, 0xae, 0x6b, 0xae, 0x6b, 0x8e, 0x6b,
    0x8e, 0x6b, 0xae, 0x73, 0xae, 0x6b, 0xae, 0x6b, 0x8e, 0x6b, 0x8e, 0x6b,
    0x8e, 0x6b, 0x8e, 0x63, 0x8e, 0x6b, 0xae, 0x6b, 0x8e, 0x6b, 0x8e, 0x6b,
    0xaf, 0x73, 0xaf, 0x73, 0xaf, 0x73, 0xcf, 0x73, 0xcf, 0x73, 0xcf, 0x73,
    0xef, 0x7b, 0x55, 0xad, 0xbe, 0xf7, 0x3c, 0xe7, 0x38, 0xce, 0x76, 0xb5,
    0x38, 0xc6, 0x5d, 0xef, 0xbe, 0xff, 0x9e, 0xff, 0x9d, 0xf7, 0x9d, 0xf7,
    0x9d, 0xf7, 0x9e, 0xf7, 0x55, 0xad, 0xde, 0xff, 0x9e, 0xff, 0xba, 0xd6,
    0xf3, 0xa4, 0xfb, 0xde, 0x9d, 0xff, 0x9d, 0xf7, 0x5c, 0xef, 0xb7, 0xb5,
    0x74, 0x8c, 0xb7, 0xb5, 0x97, 0xad, 0x35, 0x9d, 0x56, 0xa5, 0x15, 0x95,
    0x15, 0x95, 0x97, 0xa5, 0x15, 0x95, 0xd4, 0x8c, 0x93, 0x84, 0x32, 0x7c,
    0x52, 0x7c, 0x52, 0x7c, 0x52, 0x84, 0xf5, 0x94, 0xd7, 0xb5, 0x9a, 0xd6,
    0x7a, 0xd6, 0x1c, 0xe7, 0xdb, 0xde, 0x96, 0xb5, 0x96, 0xb5, 0x99, 0xd6,
    0x3b, 0xef, 0x3b, 0xef, 0x5c, 0xef, 0x5c, 0xf7, 0x5c, 0xf7, 0x5c, 0xf7,
    0x5c, 0xf7, 0x5c, 0xf7, 0x5b, 0xf7, 0x3b, 0xf7, 0x5c, 0xf7, 0x5b, 0xf7,
    0x3b, 0xef, 0x5b, 0xef, 0x3b, 0xf7, 0x3c, 0xf7, 0x5b, 0xef, 0x5c, 0xf7,
    0x5c, 0xf7, 0x5c, 0xf7, 0x9d, 0xf7, 0x17, 0xce, 0x70, 0x9c, 0x2f, 0x8c,
    0xf2, 0x83, 0xd5, 0x94, 0x7e, 0xf7, 0x9e, 0xf7, 0x5a, 0xce, 0x51, 0x73,
    0xd0, 0x62, 0x10, 0x63, 0x53, 0x6b, 0x9d, 0xf7, 0x9d, 0xf7, 0x7d, 0xf7,
    0x3b, 0xef, 0xba, 0xde, 0x38, 0xc6, 0xd7, 0xb5, 0x15, 0x9d, 0xd4, 0x8c,
    0xd4, 0x8c, 0xd4, 0x94, 0x34, 0x9d, 0xb9, 0xd6, 0x9a, 0xd6, 0xb4, 0x8c,
    0x93, 0x8c, 0x93, 0x8c, 0x93, 0x84, 0xb3, 0x8c, 0x14, 0x9d, 0x96, 0xa5,
    0x96, 0xa5, 0xb6, 0xad, 0xb7, 0xad, 0xb7, 0xb5, 0xd7, 0xad, 0x96, 0xa5,
    0x56, 0xa5, 0x55, 0xa5, 0x93, 0x8c, 0x2a, 0x42, 0x8b, 0x4a, 0x6b, 0x4a,
    0x6a, 0x42, 0xaf, 0x73, 0x59, 0xc6, 0x5c, 0xe7, 0x15, 0x9d, 0x14, 0x9d,
    0x14, 0x9d, 0x14, 0x9d, 0x14, 0x95, 0xf8, 0xb5, 0x76, 0xa5, 0x4e, 0x63,
    0x6f, 0x6b, 0x6f, 0x6b, 0x4f, 0x6b, 0x2e, 0x63, 0x2e, 0x63, 0x2e, 0x63,
    0x0e, 0x63, 0x0e, 0x5b, 0x0d, 0x5b, 0x0d, 0x5b, 0x0e, 0x63, 0x2e, 0x63,
    0x4e, 0x63, 0x0e, 0x63, 0xed, 0x5a, 0xed, 0x5a, 0x0e, 0x5b, 0xb7, 0xa5,
    0x76, 0xa5, 0x32, 0x7c, 0xcf, 0x73, 0xef, 0x7b, 0xef, 0x73, 0xef, 0x73,
    0xef, 0x73, 0xef, 0x73, 0xf0, 0x7b, 0xf0, 0x73, 0xf0, 0x73, 0xaf, 0x6b,
    0xaf, 0x73, 0xcf, 0x73, 0xcf, 0x73, 0xef, 0x7b, 0xef, 0x7b, 0xef, 0x7b,
    0xef, 0x73, 0xf0, 0x73, 0xf0, 0x7b, 0xef, 0x7b, 0xef, 0x7b, 0x10, 0x74,
    0xef, 0x7b, 0xf0, 0x7b, 0xf0, 0x7b, 0xef, 0x73, 0xef, 0x73, 0xef, 0x7b,
    0xef, 0x73, 0xef, 0x73, 0xcf, 0x73, 0xcf, 0x73, 0xcf, 0x73, 0xef, 0x73,
    0xcf, 0x73, 0xcf, 0x73, 0xef, 0x73, 0xcf, 0x73, 0xcf, 0x7b, 0xef, 0x73,
    0xef, 0x73, 0xcf, 0x7b, 0xcf, 0x73, 0xcf, 0x73, 0xcf, 0x73, 0xcf, 0x73,
    0xcf, 0x7b, 0xcf, 0x73, 0xcf, 0x7b, 0xef, 0x73, 0xcf, 0x73, 0xcf, 0x73,
    0xcf, 0x7b, 0xcf, 0x7b, 0xcf, 0x73, 0xcf, 0x73, 0xcf, 0x73, 0xcf, 0x73,
    0xcf, 0x73, 0xcf, 0x73, 0xae, 0x73, 0xae, 0x73, 0xae, 0x73, 0xae, 0x73,
    0x8e, 0x73, 0x8e, 0x73, 0x8e, 0x73, 0x8e, 0x6b, 0x8e, 0x6b, 0x95, 0xbd,
    0x9c, 0xff, 0x5c, 0xef, 0x5c, 0xf7, 0x5b, 0xef, 0x5c, 0xf7, 0x5c, 0xf7,
    0x3b, 0xf7, 0x3c, 0xf7, 0x5c, 0xf7, 0x5b, 0xf7, 0x5c, 0xf7, 0x5c, 0xf7,
    0x5c, 0xf7, 0x5c, 0xf7, 0x5c, 0xf7, 0x7c, 0xf7, 0x7c, 0xf7, 0xfb, 0xe6,
    0xef, 0x7b, 0xef, 0x7b, 0xcf, 0x73, 0xcf, 0x73, 0xae, 0x73, 0xae, 0x73,
    0xae, 0x73, 0xae, 0x73, 0xae, 0x73, 0xae, 0x73, 0xae, 0x73, 0xae, 0x73,
    0xae, 0x73, 0xae, 0x73, 0xae, 0x73, 0xaf, 0x73, 0xae, 0x73, 0xae, 0x73,
    0xae, 0x73, 0xae, 0x73, 0xae, 0x73, 0xae, 0x73, 0xae, 0x73, 0xae, 0x73,
    0xae, 0x73, 0xae, 0x73, 0xae, 0x73, 0xae, 0x73, 0xae, 0x73, 0xaf, 0x73,
    0xae, 0x73, 0xaf, 0x7b, 0xae, 0x73, 0xaf, 0x73, 0xae, 0x73, 0xae, 0x73,
    0xaf, 0x73, 0xae, 0x73, 0xae, 0x73, 0xae, 0x73, 0xae, 0x73, 0xae, 0x73,
    0xaf, 0x73, 0xae, 0x73, 0xae, 0x73, 0xae, 0x73, 0xae, 0x73, 0xaf, 0x73,
    0xaf, 0x73, 0xae, 0x73, 0xae, 0x73, 0xaf, 0x73, 0xaf, 0x73, 0xae, 0x73,
    0xaf, 0x73, 0xaf, 0x73, 0xae, 0x73, 0xae, 0x73, 0xae, 0x73, 0xaf, 0x73,
    0xce, 0x73, 0xae, 0x73, 0xae, 0x73, 0xae, 0x73, 0xae, 0x6b, 0xae, 0x6b,
    0xae, 0x6b, 0xae, 0x6b, 0x8e, 0x6b, 0xae, 0x6b, 0x8e, 0x6b, 0x8e, 0x6b,
    0x8e, 0x6b, 0x8e, 0x6b, 0xae, 0x6b, 0xae, 0x6b, 0x8e, 0x6b, 0xae, 0x6b,
    0xaf, 0x73, 0xaf, 0x73, 0xaf, 0x73, 0xce, 0x73, 0xaf, 0x73, 0xcf, 0x73,
    0xaf, 0x73, 0xcf, 0x73, 0xcf, 0x73, 0x92, 0x94, 0x39, 0xce, 0x18, 0xc6,
    0x1c, 0xe7, 0xbe, 0xff, 0x9d, 0xff, 0x9d, 0xf7, 0x9d, 0xf7, 0x7d, 0xf7,
    0x7d, 0xf7, 0x7d, 0xf7, 0x7d, 0xf7, 0xbe, 0xf7, 0x55, 0xad, 0xbe, 0xff,
    0x9d, 0xf7, 0x9d, 0xf7, 0x9d, 0xf7, 0x9d, 0xff, 0x7d, 0xf7, 0x7d, 0xf7,
    0x9c, 0xf7, 0xbd, 0xff, 0x3c, 0xef, 0x59, 0xc6, 0xb8, 0xad, 0xd5, 0x94,
    0x93, 0x84, 0x73, 0x84, 0x73, 0x84, 0xd4, 0x94, 0xf5, 0x94, 0x73, 0x84,
    0x52, 0x7c, 0x52, 0x7c, 0x52, 0x84, 0x93, 0x84, 0xd4, 0x94, 0x56, 0x9d,
    0xf8, 0xb5, 0x3c, 0xe7, 0xdb, 0xde, 0xfb, 0xde, 0x9a, 0xd6, 0x58, 0xd6,
    0x99, 0xd6, 0x3b, 0xef, 0x5b, 0xef, 0x5c, 0xef, 0x5b, 0xf7, 0xdb, 0xde,
    0x78, 0xb5, 0x7a, 0xd6, 0x9d, 0xf7, 0x7c, 0xf7, 0x5c, 0xf7, 0x5b, 0xf7,
    0x5c, 0xef, 0x5b, 0xef, 0x5b, 0xef, 0x7c, 0xf7, 0x5c, 0xf7, 0x3b, 0xef,
    0x3c, 0xef, 0x99, 0xd6, 0xd8, 0xbd, 0xb7, 0xb5, 0x97, 0xbd, 0x55, 0xb5,
    0x58, 0xce, 0x0f, 0x8c, 0xcf, 0x83, 0x54, 0x8c, 0xd9, 0xbd, 0x97, 0xbd,
    0x91, 0x73, 0xf0, 0x62, 0x11, 0x6b, 0x52, 0x6b, 0x73, 0x73, 0x3b, 0xce,
    0x5a, 0xce, 0xdb, 0xe6, 0x9d, 0xf7, 0x5c, 0xf7, 0x1b, 0xe7, 0xda, 0xde,
    0x38, 0xbe, 0x14, 0x9d, 0xd4, 0x94, 0xd4, 0x94, 0xd4, 0x94, 0xf4, 0x94,
    0xb6, 0xb5, 0xf4, 0x94, 0x93, 0x8c, 0xb3, 0x8c, 0x93, 0x8c, 0xb4, 0x8c,
    0xd4, 0x8c, 0x75, 0xa5, 0x76, 0xa5, 0x76, 0xa5, 0x96, 0xa5, 0x96, 0xa5,
    0x76, 0xa5, 0x35, 0x9d, 0x76, 0xa5, 0xd7, 0xb5, 0xb3, 0x94, 0x4a, 0x42,
    0x6b, 0x4a, 0x6b, 0x4a, 0x4a, 0x42, 0xd0, 0x73, 0xba, 0xd6, 0x3c, 0xe7,
    0x15, 0x9d, 0x34, 0x9d, 0x34, 0x9d, 0x14, 0x9d, 0x14, 0x95, 0x96, 0xa5,
    0x76, 0xa5, 0x2e, 0x63, 0x6f, 0x6b, 0x6f, 0x63, 0x2e, 0x63, 0x0e, 0x5b,
    0x2e, 0x5b, 0x0e, 0x63, 0x2e, 0x63, 0x0d, 0x5b, 0x0d, 0x5b, 0x0e, 0x5b,
    0x0e, 0x63, 0x4f, 0x6b, 0x6f, 0x6b, 0x2e, 0x63, 0x0e, 0x63, 0xed, 0x5a,
    0xed, 0x5a, 0x76, 0xa5, 0x76, 0xa5, 0x12, 0x74, 0x14, 0x9d, 0x14, 0x9d,
    0xf3, 0x9c, 0xf3, 0x9c, 0xf4, 0x9c, 0x14, 0xa5, 0x34, 0xa5, 0xf3, 0x9c,
    0xb2, 0x94, 0x92, 0x94, 0xd0, 0x73, 0x14, 0x9d, 0x34, 0xa5, 0x75, 0xad,
    0x55, 0xad, 0x34, 0xa5, 0x14, 0xa5, 0xf3, 0x9c, 0xd3, 0x94, 0x51, 0x84,
    0x92, 0x8c, 0xd3, 0x9c, 0xd3, 0x9c, 0xd3, 0x94, 0xd3, 0x9c, 0xd3, 0x9c,
    0xd3, 0x94, 0xd2, 0x9c, 0xd3, 0x94, 0xd3, 0x9c, 0xd2, 0x94, 0xd2, 0x94,
    0xd2, 0x9c, 0xd2, 0x94, 0xb3, 0x94, 0xd3, 0x9c, 0xd3, 0x9c, 0xd3, 0x9c,
    0xd3, 0x9c, 0xd3, 0x9c, 0xd3, 0x9c, 0xd3, 0x94, 0xd2, 0x9c, 0xd3, 0x9c,
    0xd3, 0x9c, 0xd3, 0x94, 0xd3, 0x9c, 0xd3, 0x9c, 0xd3, 0x94, 0xd3, 0x9c,
    0xd3, 0x9c, 0xd3, 0x9c, 0xd3, 0x9c, 0xd3, 0x9c, 0xd3, 0x9c, 0xd3, 0x9c,
    0xd3, 0x9c, 0xf3, 0x9c, 0xf3, 0x9c, 0x13, 0xa5, 0x34, 0xa5, 0x34, 0xad,
    0x34, 0xad, 0x54, 0xad, 0x55, 0xad, 0x55, 0xad, 0x75, 0xad, 0xb6, 0xb5,
    0xb9, 0xde, 0x7c, 0xf7, 0x5c, 0xf7, 0x5c, 0xf7, 0x5b, 0xf7, 0x5c, 0xef,
    0x5c, 0xf7, 0x5c, 0xf7, 0x5c, 0xf7, 0x3b, 0xf7, 0x5c, 0xf7, 0x5c, 0xf7,
    0x5b, 0xf7, 0x5c, 0xf7, 0x3c, 0xf7, 0x5b, 0xf7, 0x5c, 0xf7, 0x5c, 0xef,
    0x5c, 0xf7, 0x7d, 0xf7, 0xef, 0x7b, 0xd0, 0x7b, 0xcf, 0x7b, 0xcf, 0x73,
    0xae, 0x73, 0xae, 0x73, 0xaf, 0x73, 0xaf, 0x73, 0xae, 0x73, 0xae, 0x73,
    0xaf, 0x73, 0xae, 0x73, 0xae, 0x73, 0xaf, 0x73, 0xae, 0x73, 0xae, 0x73,
    0xae, 0x73, 0xae, 0x73, 0xaf, 0x73, 0xae, 0x73, 0xae, 0x73, 0xaf, 0x73,
    0xae, 0x73, 0xae, 0x73, 0xae, 0x73, 0xae, 0x73, 0xaf, 0x73, 0xae, 0x73,
    0xae, 0x73, 0xae, 0x73, 0xae, 0x73, 0xae, 0x73, 0xae, 0x73, 0xae, 0x73,
    0xae, 0x73, 0xae, 0x73, 0xae, 0x73, 0xaf, 0x73, 0xae, 0x73, 0xaf, 0x73,
    0xae, 0x73, 0xae, 0x73, 0xae, 0x73, 0xaf, 0x73, 0xae, 0x73, 0xae, 0x73,
    0xaf, 0x73, 0xae, 0x73, 0xae, 0x73, 0xae, 0x73, 0xae, 0x73, 0xae, 0x73,
    0xae, 0x73, 0xae, 0x73, 0xae, 0x73, 0xae, 0x73, 0xae, 0x73, 0xcf, 0x73,
    0xae, 0x73, 0xae, 0x73, 0xaf, 0x73, 0xae, 0x73, 0xae, 0x6b, 0xae, 0x73,
    0xae, 0x6b, 0xae, 0x6b, 0xaf, 0x73, 0xae, 0x73, 0x8e, 0x6b, 0xae, 0x6b,
    0xae, 0x6b, 0x8e, 0x6b, 0xae, 0x6b, 0xae, 0x6b, 0xae, 0x6b, 0x8e, 0x73,
    0xae, 0x73, 0xae, 0x73, 0xae, 0x73, 0xae, 0x73, 0xce, 0x73, 0xce, 0x73,
    0xae, 0x73, 0xcf, 0x73, 0xce, 0x73, 0xcf, 0x73, 0xaf, 0x73, 0xd3, 0x9c,
    0xbe, 0xff, 0xbd, 0xff, 0x9d, 0xf7, 0x9d, 0xf7, 0x9d, 0xf7, 0x7d, 0xf7,
    0x9d, 0xf7, 0x7d, 0xf7, 0x7d, 0xf7, 0x7d, 0xf7, 0x7d, 0xf7, 0xbe, 0xff,
    0x35, 0xad, 0xbe, 0xff, 0x9d, 0xf7, 0x7d, 0xf7, 0x7d, 0xf7, 0x7d, 0xf7,
    0x7c, 0xf7, 0x7c, 0xf7, 0x9c, 0xf7, 0x7c, 0xf7, 0x7c, 0xf7, 0xbd, 0xff,
    0x9e, 0xf7, 0x55, 0xa5, 0x52, 0x7c, 0x52, 0x7c, 0x53, 0x84, 0x72, 0x84,
    0xd4, 0x94, 0x93, 0x8c, 0x93, 0x8c, 0x73, 0x84, 0x93, 0x84, 0x15, 0x9d,
    0x97, 0xa5, 0xd7, 0xb5, 0x59, 0xc6, 0x5c, 0xef, 0xdb, 0xde, 0x9a, 0xde,
    0xfa, 0xe6, 0x3b, 0xef, 0x3b, 0xf7, 0x3c, 0xf7, 0x3c, 0xf7, 0x3c, 0xf7,
    0x5c, 0xf7, 0xbc, 0xde, 0xf8, 0xac, 0x73, 0x7b, 0x15, 0x8c, 0x19, 0xce,
    0x7c, 0xf7, 0x5c, 0xf7, 0x7c, 0xf7, 0x7c, 0xf7, 0xdb, 0xde, 0x17, 0xa5,
    0xb7, 0x9c, 0xb7, 0x94, 0x55, 0x8c, 0xd4, 0x7b, 0x93, 0x73, 0x51, 0x6b,
    0xef, 0x5a, 0xae, 0x5a, 0xed, 0x6a, 0x74, 0xb5, 0xcd, 0x83, 0xf0, 0x83,
    0xd2, 0x7b, 0x91, 0x7b, 0xb2, 0x83, 0x72, 0x7b, 0x11, 0x63, 0x52, 0x6b,
    0x73, 0x6b, 0x37, 0x84, 0x54, 0x73, 0x6f, 0x52, 0x10, 0x6b, 0x9a, 0xd6,
    0x9d, 0xf7, 0x3c, 0xef, 0xfb, 0xe6, 0x79, 0xce, 0x15, 0x9d, 0xd4, 0x94,
    0xf4, 0x94, 0xd4, 0x94, 0xd4, 0x94, 0xd4, 0x94, 0xd4, 0x8c, 0xb4, 0x8c,
    0xb3, 0x8c, 0xb4, 0x8c, 0xb3, 0x8c, 0x15, 0x95, 0x76, 0xa5, 0x96, 0xa5,
    0x76, 0xa5, 0x76, 0xa5, 0x55, 0x9d, 0xb4, 0x8c, 0x93, 0x84, 0xb3, 0x8c,
    0x92, 0x8c, 0x4a, 0x42, 0x8b, 0x4a, 0x6b, 0x4a, 0x4a, 0x42, 0x11, 0x7c,
    0x3c, 0xe7, 0x1b, 0xdf, 0xb6, 0xad, 0x35, 0x9d, 0x14, 0x9d, 0x14, 0x95,
    0x14, 0x95, 0x55, 0xa5, 0x76, 0xa5, 0x4f, 0x63, 0x4f, 0x63, 0x4e, 0x63,
    0x2e, 0x63, 0x0e, 0x63, 0x0e, 0x5b, 0x2e, 0x63, 0x0e, 0x63, 0x0e, 0x5b,
    0x0e, 0x5b, 0x0e, 0x63, 0x4f, 0x63, 0x6f, 0x6b, 0x4f, 0x6b, 0x4e, 0x63,
    0x0e, 0x63, 0x0d, 0x5b, 0xed, 0x5a, 0x15, 0x9d, 0x76, 0x9d, 0x12, 0x74,
    0x9a, 0xd6, 0x9a, 0xd6, 0x9a, 0xd6, 0x9a, 0xd6, 0x9a, 0xd6, 0x9a, 0xd6,
    0x9a, 0xd6, 0x75, 0xad, 0x14, 0xa5, 0x96, 0xad, 0x51, 0x84, 0xb6, 0xb5,
    0xf8, 0xbd, 0x96, 0xb5, 0x55, 0xa5, 0xd7, 0xb5, 0x39, 0xc6, 0x7a, 0xce,
    0xba, 0xd6, 0x79, 0xce, 0xd7, 0xb5, 0x34, 0xa5, 0x18, 0xbe, 0x99, 0xd6,
    0x9a, 0xd6, 0x7a, 0xd6, 0x79, 0xce, 0x79, 0xce, 0x79, 0xce, 0x59, 0xce,
    0x38, 0xce, 0x38, 0xc6, 0x18, 0xc6, 0x17, 0xc6, 0xf7, 0xbd, 0xf6, 0xbd,
    0xf6, 0xbd, 0xd6, 0xbd, 0xd6, 0xbd, 0xb6, 0xb5, 0xb6, 0xb5, 0xb6, 0xbd,
    0xd6, 0xb5, 0xd6, 0xbd, 0xd6, 0xbd, 0xd6, 0xbd, 0xd6, 0xbd, 0xb6, 0xbd,
    0xd7, 0xbd, 0xd6, 0xbd, 0xd7, 0xbd, 0xd7, 0xb5, 0xd7, 0xbd, 0xd7, 0xbd,
    0xd7, 0xbd, 0xd7, 0xbd, 0xd7, 0xbd, 0xf7, 0xc5, 0x17, 0xc6, 0x38, 0xce,
    0x38, 0xce, 0x38, 0xce, 0x58, 0xce, 0x58, 0xce, 0x58, 0xce, 0x78, 0xd6,
    0x78, 0xd6, 0xb9, 0xde, 0x5c, 0xf7, 0x5c, 0xf7, 0x5b, 0xf7, 0x5c, 0xf7,
    0x7c, 0xf7, 0x5c, 0xf7, 0x5b, 0xf7, 0x5c, 0xf7, 0x5c, 0xf7, 0x3b, 0xf7,
    0x3c, 0xf7, 0x5c, 0xf7, 0x5c, 0xf7, 0x3c, 0xf7, 0x5b, 0xf7, 0x5c, 0xf7,
    0x5c, 0xf7, 0x5c, 0xf7, 0x5b, 0xef, 0x7d, 0xf7, 0x58, 0xce, 0xae, 0x73,
    0x8e, 0x73, 0x8e, 0x6b, 0x8e, 0x73, 0x8e, 0x73, 0x8e, 0x6b, 0x8e, 0x6b,
    0x8e, 0x73, 0x8e, 0x73, 0x8e, 0x6b, 0x8e, 0x73, 0x8e, 0x73, 0xae, 0x73,
    0xae, 0x73, 0xae, 0x73, 0xaf, 0x73, 0xae, 0x73, 0xae, 0x73, 0xaf, 0x73,
    0xaf, 0x73, 0xae, 0x73, 0xaf, 0x73, 0xaf, 0x73, 0xaf, 0x73, 0xae, 0x73,
    0xaf, 0x73, 0xaf, 0x73, 0xae, 0x73, 0xaf, 0x73, 0xaf, 0x73, 0xae, 0x73,
    0xaf, 0x73, 0xaf, 0x73, 0xaf, 0x73, 0xaf, 0x73, 0xaf, 0x73, 0xae, 0x73,
    0xaf, 0x73, 0xae, 0x73, 0xaf, 0x73, 0xaf, 0x73, 0xae, 0x73, 0xaf, 0x73,
    0xaf, 0x73, 0xae, 0x73, 0xaf, 0x73, 0xae, 0x73, 0xae, 0x73, 0xaf, 0x73,
    0xae, 0x73, 0xae, 0x73, 0xae, 0x73, 0xae, 0x73, 0xae, 0x73, 0xae, 0x73,
    0xae, 0x73, 0xae, 0x73, 0xae, 0x6b, 0xae, 0x6b, 0xae, 0x6b, 0xae, 0x6b,
    0x8e, 0x6b, 0xae, 0x6b, 0xae, 0x6b, 0x8e, 0x6b, 0x8e, 0x6b, 0x8e, 0x6b,
    0x8e, 0x6b, 0xae, 0x6b, 0x8e, 0x6b, 0xae, 0x6b, 0x8e, 0x6b, 0xae, 0x6b,
    0x8e, 0x6b, 0x8f, 0x73, 0xae, 0x73, 0xae, 0x6b, 0xae, 0x73, 0xae, 0x6b,
    0xae, 0x6b, 0xae, 0x73, 0x8e, 0x73, 0x8e, 0x73, 0x8e, 0x73, 0xae, 0x73,
    0x51, 0x8c, 0x1b, 0xe7, 0x9c, 0xf7, 0x9d, 0xf7, 0x9d, 0xf7, 0x7d, 0xf7,
    0x7d, 0xf7, 0x9d, 0xf7, 0x7d, 0xf7, 0x7d, 0xf7, 0x7d, 0xf7, 0x7d, 0xf7,
    0x7d, 0xf7, 0x9e, 0xf7, 0x34, 0xad, 0xbe, 0xff, 0x7d, 0xf7, 0x7d, 0xf7,
    0x7d, 0xf7, 0x7d, 0xf7, 0x7c, 0xf7, 0x7c, 0xf7, 0x7c, 0xf7, 0x7d, 0xf7,
    0x9d, 0xff, 0xfc, 0xe6, 0x11, 0x7c, 0x11, 0x7c, 0x32, 0x7c, 0x52, 0x84,
    0x52, 0x84, 0x93, 0x8c, 0xb4, 0x8c, 0xf4, 0x94, 0xf4, 0x9c, 0xf4, 0x94,
    0x35, 0xa5, 0x18, 0xbe, 0x38, 0xc6, 0x18, 0xc6, 0xfb, 0xe6, 0x5c, 0xf7,
    0x1b, 0xef, 0x1b, 0xef, 0x3b, 0xf7, 0x3c, 0xf7, 0x3b, 0xf7, 0x3c, 0xf7,
    0x3b, 0xf7, 0x3b, 0xef, 0x5c, 0xef, 0x1c, 0xe7, 0xdd, 0xe6, 0xf5, 0x83,
    0xb3, 0x7b, 0xf4, 0x83, 0xd7, 0xa4, 0xdc, 0xde, 0x39, 0xce, 0xf6, 0xac,
    0xb3, 0x83, 0xd4, 0x83, 0x72, 0x73, 0xd3, 0x7b, 0x38, 0xa5, 0x58, 0xa5,
    0xf7, 0x94, 0xb6, 0x94, 0x55, 0x8c, 0xd2, 0x73, 0x52, 0x94, 0x95, 0xbd,
    0xed, 0x8b, 0x4f, 0x94, 0xcf, 0x83, 0x91, 0x7b, 0xd0, 0x6a, 0xb0, 0x62,
    0xf0, 0x62, 0xd0, 0x62, 0xf1, 0x5a, 0xb4, 0x7b, 0x94, 0x7b, 0xb0, 0x5a,
    0x6f, 0x52, 0xcb, 0x41, 0xb7, 0xbd, 0xbd, 0xff, 0x5c, 0xf7, 0x5c, 0xf7,
    0x99, 0xd6, 0x15, 0x9d, 0xf4, 0x94, 0xd4, 0x94, 0xd4, 0x94, 0xd4, 0x94,
    0xd4, 0x8c, 0xd4, 0x8c, 0xd4, 0x8c, 0xd4, 0x8c, 0xb4, 0x8c, 0xd4, 0x8c,
    0x75, 0xa5, 0x76, 0xa5, 0x76, 0xa5, 0x75, 0xa5, 0x55, 0x9d, 0xb3, 0x84,
    0x93, 0x84, 0xd3, 0x8c, 0x93, 0x94, 0x2a, 0x42, 0x6b, 0x4a, 0x6b, 0x4a,
    0x4a, 0x42, 0xf0, 0x7b, 0x3c, 0xe7, 0xfb, 0xde, 0x38, 0xc6, 0x39, 0xc6,
    0xd7, 0xb5, 0x55, 0x9d, 0xf4, 0x94, 0x35, 0x9d, 0x96, 0xa5, 0x6f, 0x6b,
    0x2e, 0x63, 0x2e, 0x63, 0x2e, 0x63, 0x0d, 0x63, 0x0d, 0x63, 0x2e, 0x63,
    0x2e, 0x5b, 0x2e, 0x63, 0x2e, 0x63, 0x4e, 0x63, 0x6f, 0x6b, 0x8f, 0x6b,
    0x6f, 0x6b, 0x4e, 0x63, 0x0e, 0x5b, 0xed, 0x5a, 0xed, 0x5a, 0x32, 0x7c,
    0x55, 0x9d, 0xb0, 0x6b, 0xcf, 0x73, 0xcf, 0x7b, 0xcf, 0x73, 0xd0, 0x7b,
    0xcf, 0x73, 0xcf, 0x73, 0xd0, 0x73, 0xcf, 0x73, 0xcf, 0x73, 0xaf, 0x6b,
    0xaf, 0x73, 0xaf, 0x6b, 0x8f, 0x73, 0xaf, 0x73, 0xaf, 0x73, 0xcf, 0x73,
    0xcf, 0x73, 0xcf, 0x73, 0xcf, 0x73, 0xcf, 0x7b, 0xcf, 0x7b, 0xf0, 0x7b,
    0xcf, 0x73, 0xcf, 0x73, 0xcf, 0x73, 0xcf, 0x7b, 0xcf, 0x7b, 0xcf, 0x73,
    0xcf, 0x7b, 0xcf, 0x73, 0xcf, 0x73, 0xcf, 0x73, 0xcf, 0x7b, 0xcf, 0x7b,
    0xcf, 0x7b, 0xcf, 0x73, 0xcf, 0x73, 0xcf, 0x7b, 0xef, 0x73, 0xef, 0x73,
    0xef, 0x7b, 0xef, 0x7b, 0xef, 0x73, 0xef, 0x7b, 0xef, 0x7b, 0xef, 0x73,
    0xef, 0x73, 0xcf, 0x7b, 0xcf, 0x73, 0xcf, 0x73, 0xcf, 0x73, 0xcf, 0x73,
    0xcf, 0x73, 0xcf, 0x73, 0xcf, 0x73, 0xaf, 0x73, 0xae, 0x73, 0xae, 0x73,
    0xae, 0x73, 0xae, 0x73, 0x8e, 0x73, 0x8e, 0x73, 0x8e, 0x6b, 0x6e, 0x6b,
    0x6e, 0x73, 0x6e, 0x6b, 0x8e, 0x6b, 0x6e, 0x6b, 0x10, 0x84, 0x3b, 0xef,
    0x5b, 0xf7, 0x5c, 0xf7, 0x5c, 0xf7, 0x5b, 0xf7, 0x5c, 0xf7, 0x5c, 0xf7,
    0x5c, 0xf7, 0x3b, 0xf7, 0x5c, 0xf7, 0x5c, 0xf7, 0x5b, 0xf7, 0x5c, 0xf7,
    0x3c, 0xf7, 0x5b, 0xf7, 0x5c, 0xf7, 0x5c, 0xf7, 0x5b, 0xef, 0x5c, 0xf7,
    0x7c, 0xf7, 0xfa, 0xe6, 0x18, 0xc6, 0xd6, 0xbd, 0xb6, 0xbd, 0x95, 0xbd,
    0x95, 0xb5, 0x75, 0xb5, 0x74, 0xb5, 0x54, 0xad, 0x74, 0xad, 0x34, 0xad,
    0x13, 0xa5, 0xf3, 0xa4, 0xf3, 0x9c, 0xf3, 0xa4, 0xd3, 0x9c, 0xf3, 0x9c,
    0xd2, 0x9c, 0xd3, 0x9c, 0xd2, 0x9c, 0xd2, 0x9c, 0xd2, 0x9c, 0xd2, 0x9c,
    0xd2, 0x9c, 0xd2, 0x9c, 0xd2, 0x9c, 0xd2, 0x9c, 0xd3, 0x9c, 0xd2, 0x9c,
    0xd2, 0x9c, 0xd2, 0x9c, 0xd2, 0x9c, 0xd2, 0x9c, 0xd2, 0x9c, 0xd2, 0x9c,
    0xd2, 0x9c, 0xd2, 0x9c, 0xd2, 0x9c, 0xd2, 0x9c, 0xd2, 0x9c, 0xd2, 0x9c,
    0xd2, 0x9c, 0xd2, 0x9c, 0xd2, 0x9c, 0xd2, 0x9c, 0xd2, 0x9c, 0xd2, 0x9c,
    0xd3, 0x9c, 0xd3, 0x9c, 0xf3, 0x9c, 0xf3, 0x9c, 0xd3, 0x9c, 0xd3, 0x9c,
    0xd3, 0x9c, 0xd3, 0x9c, 0xb2, 0x94, 0xd3, 0x94, 0xd3, 0x9c, 0xd3, 0x9c,
    0xd3, 0x9c, 0xd3, 0x9c, 0xd3, 0x9c, 0xd3, 0x9c, 0xd3, 0x9c, 0xd3, 0x9c,
    0xd2, 0x9c, 0xf3, 0x9c, 0xf3, 0x9c, 0xd3, 0x9c, 0xd3, 0x9c, 0xb3, 0x94,
    0x51, 0x8c, 0x71, 0x8c, 0xb3, 0x94, 0xf4, 0x9c, 0x14, 0xa5, 0x34, 0xa5,
    0x75, 0xad, 0x96, 0xb5, 0x96, 0xb5, 0xb6, 0xb5, 0xd6, 0xbd, 0xb6, 0xbd,
    0xf7, 0xbd, 0x38, 0xce, 0x3b, 0xef, 0x9c, 0xf7, 0x7c, 0xf7, 0x9d, 0xf7,
    0xda, 0xe6, 0x5c, 0xf7, 0x7d, 0xf7, 0x7d, 0xf7, 0x7c, 0xf7, 0x7c, 0xf7,
    0x7c, 0xf7, 0x7c, 0xf7, 0x7d, 0xf7, 0xbd, 0xf7, 0x34, 0xa5, 0xbe, 0xff,
    0x7d, 0xf7, 0x7c, 0xf7, 0x7d, 0xf7, 0x7d, 0xf7, 0x7c, 0xf7, 0x7c, 0xf7,
    0x7c, 0xf7, 0x7d, 0xff, 0xbe, 0xff, 0x52, 0x84, 0x12, 0x7c, 0x32, 0x7c,
    0x32, 0x84, 0x73, 0x8c, 0xf4, 0x9c, 0x39, 0xc6, 0xf8, 0xbd, 0x76, 0xad,
    0xd7, 0xb5, 0x9a, 0xd6, 0xda, 0xde, 0xfb, 0xe6, 0x79, 0xce, 0x59, 0xce,
    0x1b, 0xe7, 0x5c, 0xef, 0x5b, 0xef, 0x5b, 0xf7, 0x3c, 0xf7, 0x5b, 0xef,
    0x5b, 0xf7, 0x3b, 0xef, 0x3b, 0xf7, 0x3b, 0xf7, 0x5c, 0xef, 0xfb, 0xe6,
    0xbc, 0xe6, 0x38, 0xad, 0xd3, 0x7b, 0x93, 0x7b, 0x34, 0x8c, 0xd3, 0x83,
    0x3a, 0xce, 0x34, 0x94, 0x55, 0x94, 0xb6, 0x94, 0xd7, 0x9c, 0x18, 0xa5,
    0x96, 0x8c, 0x38, 0xa5, 0x9a, 0xad, 0x59, 0xa5, 0x38, 0xa5, 0xb6, 0x8c,
    0x13, 0x84, 0x32, 0x84, 0x17, 0xce, 0x2e, 0x94, 0x4f, 0x94, 0x6e, 0x7b,
    0xce, 0x62, 0x2f, 0x6b, 0x6e, 0x52, 0x91, 0x73, 0xf0, 0x62, 0x52, 0x6b,
    0x32, 0x6b, 0xf1, 0x62, 0x51, 0x6b, 0xaf, 0x5a, 0xcc, 0x49, 0x9a, 0xd6,
    0x9d, 0xff, 0x9c, 0xf7, 0x7c, 0xf7, 0x79, 0xd6, 0x14, 0x9d, 0xf4, 0x94,
    0xd4, 0x94, 0xf4, 0x94, 0xd4, 0x94, 0xd4, 0x94, 0xd4, 0x8c, 0xd4, 0x8c,
    0xb3, 0x8c, 0xb4, 0x8c, 0x35, 0x9d, 0x95, 0x9d, 0x96, 0xa5, 0x76, 0xa5,
    0x55, 0x9d, 0xb4, 0x8c, 0xb3, 0x84, 0xd4, 0x8c, 0x93, 0x8c, 0x4a, 0x42,
    0x6b, 0x4a, 0x6b, 0x4a, 0x4a, 0x42, 0xd0, 0x73, 0xfb, 0xde, 0xdb, 0xd6,
    0x18, 0xc6, 0x18, 0xbe, 0x38, 0xbe, 0x38, 0xbe, 0xf8, 0xb5, 0x96, 0xad,
    0x96, 0xa5, 0x6f, 0x6b, 0x2e, 0x63, 0x2e, 0x63, 0x0e, 0x63, 0x0d, 0x5b,
    0x0d, 0x5b, 0x0e, 0x63, 0x2e, 0x63, 0x2e, 0x63, 0x4f, 0x63, 0x6f, 0x6b,
    0x90, 0x6b, 0x90, 0x73, 0x6f, 0x6b, 0x4f, 0x63, 0x0e, 0x63, 0x0d, 0x5b,
    0xed, 0x5a, 0xb0, 0x73, 0x32, 0x84, 0x2f, 0x5b, 0x10, 0x7c, 0x10, 0x7c,
    0x10, 0x7c, 0x10, 0x7c, 0x10, 0x7c, 0x10, 0x7c, 0xcf, 0x73, 0xf0, 0x73,
    0xcf, 0x73, 0xaf, 0x6b, 0xcf, 0x73, 0xf0, 0x73, 0xef, 0x73, 0xcf, 0x73,
    0xcf, 0x73, 0xef, 0x73, 0xef, 0x7b, 0xf0, 0x7b, 0x10, 0x7c, 0x10, 0x7c,
    0x10, 0x7c, 0x10, 0x7c, 0x10, 0x7c, 0x10, 0x7c, 0x10, 0x7c, 0x10, 0x7c,
    0x10, 0x7c, 0xf0, 0x7b, 0x10, 0x7c, 0xf0, 0x7b, 0xf0, 0x7b, 0xf0, 0x7b,
    0xf0, 0x7b, 0xf0, 0x7b, 0xef, 0x7b, 0xf0, 0x7b, 0xf0, 0x7b, 0xef, 0x7b,
    0xf0, 0x7b, 0xef, 0x7b, 0xf0, 0x7b, 0xef, 0x7b, 0xef, 0x7b, 0xf0, 0x73,
    0xef, 0x7b, 0xf0, 0x7b, 0xf0, 0x7b, 0xf0, 0x7b, 0xef, 0x7b, 0xf0, 0x7b,
    0xef, 0x7b, 0xef, 0x7b, 0xef, 0x7b, 0xef, 0x7b, 0xcf, 0x73, 0xcf, 0x73,
    0xcf, 0x7b, 0xaf, 0x73, 0xaf, 0x73, 0xaf, 0x73, 0xaf, 0x73, 0xae, 0x73,
    0xaf, 0x73, 0xae, 0x73, 0xae, 0x73, 0xaf, 0x73, 0xce, 0x73, 0xce, 0x73,
    0xcf, 0x7b, 0x75, 0xad, 0x9c, 0xff, 0x5c, 0xf7, 0x5c, 0xf7, 0x5c, 0xf7,
    0x5c, 0xf7, 0x3b, 0xf7, 0x5c, 0xf7, 0x5c, 0xf7, 0x5c, 0xf7, 0x5b, 0xf7,
    0x3c, 0xf7, 0x5c, 0xf7, 0x5c, 0xf7, 0x5c, 0xf7, 0x5c, 0xf7, 0x5c, 0xef,
    0x5c, 0xf7, 0x5c, 0xf7, 0x7c, 0xf7, 0xda, 0xde, 0x99, 0xde, 0x78, 0xd6,
    0x78, 0xd6, 0x78, 0xd6, 0x78, 0xd6, 0x58, 0xd6, 0x58, 0xd6, 0x58, 0xd6,
    0x58, 0xce, 0x58, 0xce, 0x17, 0xc6, 0xf7, 0xc5, 0xf7, 0xc5, 0xf6, 0xc5,
    0xd6, 0xc5, 0xd6, 0xc5, 0xd6, 0xbd, 0xd6, 0xc5, 0xd6, 0xbd, 0xd6, 0xbd,
    0xb6, 0xbd, 0xb6, 0xbd, 0xb6, 0xbd, 0xb6, 0xbd, 0xd6, 0xbd, 0xb6, 0xbd,
    0xd6, 0xbd, 0xd6, 0xbd, 0xb6, 0xbd, 0xd6, 0xbd, 0xd6, 0xbd, 0xd6, 0xbd,
    0xd5, 0xbd, 0xb6, 0xbd, 0xd6, 0xc5, 0xd6, 0xbd, 0xd6, 0xbd, 0xd6, 0xc5,
    0xd6, 0xbd, 0xd6, 0xc5, 0xd6, 0xc5, 0xd6, 0xc5, 0xd6, 0xc5, 0xd6, 0xc5,
    0xd6, 0xc5, 0xd6, 0xc5, 0xd6, 0xbd, 0xd6, 0xc5, 0xd6, 0xbd, 0xd6, 0xbd,
    0xd6, 0xbd, 0xd6, 0xbd, 0xd6, 0xbd, 0xb6, 0xbd, 0x75, 0xb5, 0x96, 0xb5,
    0xb6, 0xbd, 0xb6, 0xbd, 0xd6, 0xbd, 0xb6, 0xbd, 0xd6, 0xbd, 0xd6, 0xbd,
    0xd6, 0xbd, 0xd6, 0xbd, 0xd6, 0xc5, 0xd6, 0xc5, 0xd6, 0xbd, 0xb6, 0xbd,
    0x96, 0xbd, 0xf4, 0xa4, 0x92, 0x94, 0xf4, 0x9c, 0xf7, 0xc5, 0x17, 0xbe,
    0x75, 0xb5, 0x38, 0xc6, 0x7a, 0xd6, 0x18, 0xc6, 0x59, 0xce, 0x59, 0xd6,
    0xf7, 0xc5, 0x37, 0xce, 0x58, 0xce, 0x99, 0xd6, 0x1b, 0xef, 0x7c, 0xff,
    0x5c, 0xf7, 0xba, 0xde, 0xf7, 0xc5, 0x7d, 0xf7, 0x7d, 0xf7, 0x7c, 0xf7,
    0x7d, 0xf7, 0x7d, 0xf7, 0x5c, 0xf7, 0x5c, 0xef, 0x7d, 0xf7, 0xbe, 0xff,
    0x14, 0xad, 0xbd, 0xff, 0x7d, 0xf7, 0x7d, 0xf7, 0x7c, 0xf7, 0x7c, 0xf7,
    0x7c, 0xf7, 0x7c, 0xf7, 0x7d, 0xf7, 0xbe, 0xff, 0xb7, 0xbd, 0xf1, 0x7b,
    0x32, 0x84, 0x12, 0x7c, 0x52, 0x84, 0x76, 0xad, 0xbb, 0xde, 0x3c, 0xef,
    0xfb, 0xde, 0x79, 0xd6, 0x9a, 0xd6, 0x3c, 0xef, 0x3c, 0xe7, 0xfb, 0xe6,
    0x59, 0xce, 0x7a, 0xce, 0x1b, 0xef, 0x3c, 0xef, 0x5c, 0xef, 0x5c, 0xef,
    0x3b, 0xef, 0x3c, 0xf7, 0x3c, 0xef, 0x3b, 0xf7, 0x3b, 0xef, 0x3c, 0xf7,
    0x3b, 0xf7, 0x1b, 0xef, 0x3d, 0xef, 0xf7, 0xa4, 0xf4, 0x8b, 0x16, 0xad,
    0xb6, 0x9c, 0xdc, 0xde, 0x16, 0xad, 0x75, 0x9c, 0x95, 0x9c, 0x75, 0x94,
    0xb6, 0x94, 0xd7, 0x9c, 0xf7, 0x9c, 0x38, 0xa5, 0xf7, 0x9c, 0xfb, 0xb5,
    0x99, 0xad, 0x99, 0xad, 0x38, 0xa5, 0x54, 0x8c, 0xf1, 0x7b, 0x74, 0xbd,
    0x2e, 0x94, 0x0e, 0x8c, 0x8a, 0x62, 0x71, 0x94, 0x32, 0x8c, 0x90, 0x73,
    0x90, 0x73, 0x11, 0x63, 0x73, 0x73, 0xf1, 0x62, 0x51, 0x6b, 0x32, 0x73,
    0xcf, 0x5a, 0xce, 0x62, 0xbe, 0xff, 0x9c, 0xf7, 0x7c, 0xf7, 0x5c, 0xf7,
    0x58, 0xce, 0xf5, 0x94, 0xf4, 0x94, 0xd4, 0x94, 0xd4, 0x94, 0xd3, 0x8c,
    0xd4, 0x8c, 0xb4, 0x8c, 0xb3, 0x8c, 0xb3, 0x8c, 0xf4, 0x8c, 0x56, 0x9d,
    0x76, 0xa5, 0x75, 0x9d, 0x56, 0x9d, 0xd4, 0x8c, 0xd4, 0x8c, 0xf4, 0x8c,
    0x92, 0x8c, 0x4a, 0x42, 0x6b, 0x4a, 0x6b, 0x4a, 0x6a, 0x42, 0x8f, 0x6b,
    0xf8, 0xb5, 0x18, 0xb6, 0x18, 0xbe, 0x18, 0xbe, 0x18, 0xbe, 0x18, 0xbe,
    0x18, 0xbe, 0x18, 0xbe, 0x39, 0xc6, 0x52, 0x84, 0x2e, 0x63, 0x0e, 0x63,
    0x0e, 0x63, 0x0e, 0x5b, 0x0e, 0x63, 0x2e, 0x5b, 0x2e, 0x63, 0x4f, 0x6b,
    0x6f, 0x6b, 0x8f, 0x6b, 0x90, 0x73, 0x6f, 0x6b, 0x4f, 0x6b, 0x4e, 0x6b,
    0x2e, 0x63, 0x0d, 0x5b, 0x0d, 0x5b, 0x6f, 0x6b, 0xb0, 0x73, 0x0f, 0x5b,
    0x10, 0x7c, 0x10, 0x7c, 0x10, 0x7c, 0x10, 0x7c, 0x10, 0x7c, 0xd0, 0x73,
    0xaf, 0x73, 0xf0, 0x73, 0xaf, 0x6b, 0xcf, 0x73, 0xf0, 0x73, 0xf0, 0x73,
    0xf0, 0x73, 0xf0, 0x7b, 0xf0, 0x7b, 0xf0, 0x73, 0xef, 0x73, 0xf0, 0x7b,
    0x10, 0x7c, 0x10, 0x7c, 0x10, 0x7c, 0x10, 0x7c, 0x10, 0x7c, 0x10, 0x7c,
    0x10, 0x7c, 0xef, 0x7b, 0xf0, 0x7b, 0x10, 0x7c, 0x0f, 0x7c, 0xef, 0x7b,
    0xef, 0x7b, 0xef, 0x7b, 0x10, 0x7c, 0xef, 0x7b, 0xef, 0x7b, 0xef, 0x7b,
    0xef, 0x7b, 0xef, 0x7b, 0xef, 0x7b, 0xef, 0x7b, 0xef, 0x73, 0xef, 0x7b,
    0xef, 0x7b, 0xef, 0x7b, 0xef, 0x7b, 0xef, 0x73, 0xf0, 0x7b, 0xef, 0x73,
    0xef, 0x7b, 0xef, 0x7b, 0xcf, 0x73, 0xcf, 0x73, 0xcf, 0x73, 0xcf, 0x73,
    0xce, 0x73, 0xcf, 0x73, 0xcf, 0x73, 0xae, 0x73, 0xae, 0x73, 0xae, 0x73,
    0xae, 0x73, 0xae, 0x73, 0xae, 0x73, 0xae, 0x73, 0xae, 0x73, 0xaf, 0x73,
    0xae, 0x73, 0xce, 0x73, 0xef, 0x7b, 0x34, 0xad, 0x9c, 0xff, 0x5c, 0xf7,
    0x5c, 0xf7, 0x5c, 0xf7, 0x5b, 0xf7, 0x5c, 0xf7, 0x3c, 0xf7, 0x5c, 0xf7,
    0x5b, 0xf7, 0x3c, 0xf7, 0x5c, 0xf7, 0x5b, 0xf7, 0x5c, 0xf7, 0x3c, 0xf7,
    0x5b, 0xf7, 0x5c, 0xf7, 0x7c, 0xf7, 0x9c, 0xf7, 0x13, 0xa5, 0x8e, 0x6b,
    0x8e, 0x73, 0x6e, 0x6b, 0x6e, 0x6b, 0x6e, 0x6b, 0x6e, 0x6b, 0x8e, 0x6b,
    0x8e, 0x6b, 0x8e, 0x6b, 0x8e, 0x6b, 0x8e, 0x6b, 0x8e, 0x6b, 0x8e, 0x6b,
    0x8e, 0x6b, 0x8e, 0x6b, 0x8e, 0x6b, 0x8e, 0x6b, 0x8e, 0x73, 0x8e, 0x6b,
    0x8e, 0x6b, 0x8e, 0x6b, 0x8e, 0x6b, 0x8e, 0x6b, 0x8e, 0x6b, 0x8e, 0x6b,
    0x8e, 0x6b, 0x8e, 0x73, 0x8e, 0x6b, 0x8e, 0x6b, 0x8e, 0x73, 0x8e, 0x6b,
    0x8e, 0x73, 0x6e, 0x6b, 0x8e, 0x6b, 0x8e, 0x73, 0x6e, 0x6b, 0x6e, 0x6b,
    0x8e, 0x6b, 0x8e, 0x6b, 0x8e, 0x6b, 0x8e, 0x6b, 0x8e, 0x6b, 0x8e, 0x6b,
    0x8e, 0x6b, 0x8e, 0x6b, 0x8e, 0x6b, 0x8f, 0x6b, 0x8e, 0x6b, 0x8e, 0x6b,
    0x8e, 0x6b, 0x8e, 0x6b, 0x8e, 0x6b, 0x6e, 0x6b, 0x8e, 0x6b, 0x8e, 0x6b,
    0x6e, 0x6b, 0x6e, 0x6b, 0x6e, 0x6b, 0x6e, 0x6b, 0x6e, 0x6b, 0x8e, 0x6b,
    0x8e, 0x6b, 0x8e, 0x6b, 0x8e, 0x6b, 0x8e, 0x6b, 0x8e, 0x73, 0x8e, 0x6b,
    0x6e, 0x6b, 0x6e, 0x6b, 0x6d, 0x63, 0x6e, 0x63, 0x6d, 0x63, 0x6d, 0x63,
    0x6e, 0x6b, 0x6e, 0x6b, 0x8e, 0x6b, 0x8e, 0x6b, 0x6e, 0x6b, 0x8e, 0x6b,
    0x6d, 0x6b, 0x6e, 0x6b, 0x6e, 0x6b, 0x6d, 0x6b, 0x8e, 0x6b, 0xaf, 0x73,
    0x50, 0x84, 0x75, 0xad, 0x97, 0xb5, 0x97, 0xad, 0x9a, 0xd6, 0x9d, 0xf7,
    0x7c, 0xf7, 0x7c, 0xf7, 0x5d, 0xf7, 0x7d, 0xf7, 0x5c, 0xf7, 0x7c, 0xef,
    0x7d, 0xf7, 0x9e, 0xf7, 0x14, 0xad, 0xbd, 0xff, 0x7d, 0xf7, 0x5c, 0xf7,
    0x7c, 0xf7, 0x7c, 0xf7, 0x7c, 0xf7, 0x7d, 0xf7, 0x9d, 0xff, 0x9a, 0xd6,
    0x92, 0x8c, 0x32, 0x84, 0x32, 0x7c, 0x52, 0x84, 0x39, 0xce, 0x7c, 0xf7,
    0x7c, 0xf7, 0xdb, 0xde, 0x3c, 0xe7, 0x9a, 0xd6, 0xba, 0xde, 0x3c, 0xef,
    0x3c, 0xef, 0xfb, 0xde, 0x7a, 0xce, 0xba, 0xde, 0x3c, 0xef, 0x3c, 0xef,
    0x5b, 0xf7, 0x3b, 0xef, 0x5b, 0xef, 0x3b, 0xf7, 0x3b, 0xf7, 0x3b, 0xf7,
    0x5c, 0xef, 0x3b, 0xf7, 0x3b, 0xef, 0x3c, 0xef, 0x1c, 0xe7, 0x3a, 0xce,
    0xbb, 0xde, 0xb5, 0x9c, 0x7b, 0xd6, 0xbf, 0xff, 0x35, 0x9c, 0x75, 0x94,
    0x75, 0x9c, 0x96, 0x9c, 0xd7, 0x9c, 0xd7, 0x9c, 0x96, 0x94, 0x79, 0xa5,
    0x99, 0xad, 0x54, 0x84, 0x1b, 0xbe, 0xba, 0xad, 0x99, 0xad, 0x99, 0xad,
    0x75, 0x8c, 0xb0, 0x7b, 0xad, 0x83, 0xc9, 0x6a, 0xb6, 0xbd, 0xb2, 0x9c,
    0x51, 0x8c, 0x31, 0xa5, 0x0d, 0x6b, 0x11, 0x63, 0x72, 0x73, 0xd3, 0x83,
    0x11, 0x6b, 0xb3, 0x7b, 0x10, 0x63, 0x2d, 0x4a, 0x18, 0xc6, 0x9d, 0xf7,
    0x7c, 0xf7, 0x7c, 0xf7, 0x3c, 0xef, 0x38, 0xce, 0xf4, 0x94, 0xf4, 0x94,
    0xd4, 0x94, 0xb3, 0x8c, 0xb4, 0x8c, 0xb4, 0x8c, 0xb4, 0x8c, 0xb3, 0x8c,
    0xb3, 0x8c, 0x35, 0x95, 0x76, 0xa5, 0x75, 0x9d, 0x56, 0x9d, 0xf4, 0x8c,
    0xb3, 0x8c, 0xd4, 0x8c, 0x72, 0x8c, 0x4a, 0x42, 0x6b, 0x4a, 0x6b, 0x42,
    0x6b, 0x42, 0x6e, 0x63, 0x96, 0xa5, 0x56, 0x9d, 0x55, 0x9d, 0xf8, 0xbd,
    0x18, 0xbe, 0x18, 0xbe, 0x18, 0xbe, 0x19, 0xbe, 0x59, 0xc6, 0xd7, 0xb5,
    0xf4, 0x9c, 0xaf, 0x73, 0x0e, 0x5b, 0x2e, 0x63, 0x0d, 0x63, 0x2e, 0x63,
    0x4f, 0x63, 0x6f, 0x6b, 0x6f, 0x6b, 0x6f, 0x6b, 0x6f, 0x6b, 0x2e, 0x63,
    0x4e, 0x63, 0x4e, 0x63, 0x2e, 0x63, 0x0e, 0x63, 0x0d, 0x5b, 0x6f, 0x6b,
    0xb0, 0x73, 0x0e, 0x5b, 0x10, 0x7c, 0x10, 0x84, 0x10, 0x7c, 0x30, 0x7c,
    0x10, 0x7c, 0x8f, 0x6b, 0xf0, 0x73, 0xf0, 0x7b, 0x8e, 0x6b, 0xf0, 0x73,
    0xf0, 0x7b, 0xf0, 0x7b, 0xf0, 0x7b, 0xef, 0x73, 0xf0, 0x7b, 0xf0, 0x73,
    0x10, 0x7c, 0x0f, 0x7c, 0x10, 0x7c, 0x10, 0x7c, 0x10, 0x7c, 0xef, 0x7b,
    0xef, 0x7b, 0xf0, 0x7b, 0xef, 0x7b, 0x0f, 0x7c, 0xef, 0x7b, 0xef, 0x7b,
    0xef, 0x7b, 0xef, 0x7b, 0xef, 0x7b, 0xef, 0x7b, 0xef, 0x7b, 0xef, 0x73,
    0xef, 0x73, 0xef, 0x7b, 0xef, 0x73, 0xef, 0x73, 0xef, 0x7b, 0xf0, 0x7b,
    0xef, 0x7b, 0xef, 0x73, 0xf0, 0x7b, 0xef, 0x7b, 0xef, 0x7b, 0xef, 0x7b,
    0xef, 0x7b, 0xef, 0x73, 0xef, 0x73, 0xef, 0x7b, 0xcf, 0x73, 0xef, 0x7b,
    0xcf, 0x73, 0xcf, 0x7b, 0xcf, 0x73, 0xce, 0x73, 0xcf, 0x73, 0xcf, 0x73,
    0xcf, 0x73, 0xae, 0x73, 0xaf, 0x73, 0xaf, 0x73, 0xaf, 0x73, 0xae, 0x73,
    0xaf, 0x73, 0xae, 0x73, 0xaf, 0x73, 0xaf, 0x73, 0xae, 0x73, 0xda, 0xe6,
    0x5c, 0xf7, 0x5c, 0xef, 0x5b, 0xf7, 0x5c, 0xef, 0x5c, 0xf7, 0x5c, 0xf7,
    0x5b, 0xf7, 0x5c, 0xf7, 0x3c, 0xf7, 0x5c, 0xf7, 0x5c, 0xf7, 0x5b, 0xf7,
    0x5c, 0xef, 0x5c, 0xef, 0x7c, 0xf7, 0x7c, 0xf7, 0x5c, 0xf7, 0xfb, 0xe6,
    0xaf, 0x73, 0xef, 0x7b, 0xcf, 0x73, 0xaf, 0x73, 0xae, 0x73, 0xae, 0x73,
    0xae, 0x73, 0xae, 0x73, 0xae, 0x73, 0xae, 0x73, 0xae, 0x73, 0xae, 0x73,
    0x8e, 0x73, 0xae, 0x73, 0xae, 0x73, 0xae, 0x73, 0x8e, 0x73, 0x8e, 0x73,
    0x8e, 0x73, 0x8e, 0x73, 0x8e, 0x73, 0x8e, 0x73, 0x8e, 0x73, 0x8e, 0x73,
    0xae, 0x73, 0x8e, 0x73, 0x8e, 0x73, 0x8e, 0x73, 0x8e, 0x73, 0x8e, 0x73,
    0x8e, 0x73, 0x8e, 0x73, 0x8e, 0x73, 0x8e, 0x73, 0x8e, 0x73, 0x8e, 0x73,
    0xae, 0x73, 0x8e, 0x73, 0x8e, 0x73, 0xae, 0x73, 0xae, 0x73, 0xaf, 0x73,
    0xae, 0x73, 0xaf, 0x73, 0xaf, 0x73, 0x8e, 0x6b, 0x8e, 0x6b, 0xae, 0x73,
    0xae, 0x73, 0xae, 0x73, 0xaf, 0x73, 0xae, 0x73, 0x8e, 0x73, 0x8e, 0x6b,
    0x8e, 0x73, 0x8e, 0x6b, 0x8e, 0x6b, 0x8e, 0x6b, 0x8e, 0x6b, 0x8e, 0x6b,
    0x8e, 0x6b, 0x8e, 0x6b, 0x8e, 0x73, 0x8e, 0x73, 0xae, 0x73, 0x8f, 0x73,
    0xae, 0x6b, 0x8e, 0x6b, 0x8e, 0x6b, 0x8e, 0x6b, 0x6d, 0x63, 0x6d, 0x63,
    0x6e, 0x6b, 0x6d, 0x63, 0x8e, 0x6b, 0x8e, 0x6b, 0x8e, 0x6b, 0x6e, 0x6b,
    0x8e, 0x6b, 0x6e, 0x6b, 0x6d, 0x6b, 0x6d, 0x6b, 0x6e, 0x6b, 0x8e, 0x6b,
    0x8e, 0x6b, 0xae, 0x73, 0xcf, 0x73, 0x72, 0x84, 0x76, 0xa5, 0xd7, 0xb5,
    0xba, 0xd6, 0x3c, 0xef, 0x7d, 0xf7, 0x5c, 0xf7, 0x7d, 0xf7, 0x5c, 0xf7,
    0x7c, 0xf7, 0x5d, 0xf7, 0x7d, 0xf7, 0x9d, 0xf7, 0x34, 0xad, 0xbe, 0xff,
    0x7d, 0xf7, 0x5c, 0xf7, 0x7c, 0xf7, 0x7c, 0xf7, 0x5d, 0xf7, 0x7d, 0xf7,
    0x7d, 0xf7, 0xd7, 0xbd, 0x11, 0x7c, 0x32, 0x84, 0x31, 0x7c, 0xd7, 0xb5,
    0xbd, 0xff, 0x5c, 0xf7, 0x5c, 0xef, 0x5c, 0xef, 0xba, 0xde, 0xfb, 0xde,
    0xfb, 0xde, 0x5c, 0xef, 0x5c, 0xef, 0xfb, 0xe6, 0x1b, 0xe7, 0xfb, 0xe6,
    0x3b, 0xef, 0x3b, 0xef, 0x5b, 0xef, 0x3c, 0xef, 0x5c, 0xef, 0x3b, 0xf7,
    0x3b, 0xef, 0x3b, 0xef, 0x3b, 0xf7, 0x3b, 0xef, 0x5b, 0xef, 0x9d, 0xf7,
    0x10, 0x84, 0x1c, 0xe7, 0x9a, 0xd6, 0x59, 0xce, 0xdf, 0xff, 0x7e, 0xf7,
    0x55, 0x9c, 0x75, 0x9c, 0x95, 0x9c, 0x96, 0x9c, 0x96, 0x94, 0x38, 0xa5,
    0x58, 0xa5, 0x79, 0xad, 0x1e, 0xdf, 0xef, 0x5a, 0x79, 0xad, 0xdb, 0xb5,
    0x1c, 0xbe, 0x5c, 0xc6, 0xba, 0xb5, 0x54, 0x8c, 0xf2, 0x7b, 0x4d, 0x73,
    0xae, 0x73, 0x10, 0x84, 0x30, 0x8c, 0x91, 0x9c, 0x8c, 0x5a, 0xf0, 0x62,
    0x72, 0x7b, 0xd3, 0x83, 0xd3, 0x83, 0x92, 0x73, 0x72, 0x73, 0xaf, 0x62,
    0xf1, 0x83, 0x9d, 0xf7, 0x5c, 0xf7, 0x5c, 0xef, 0x3c, 0xef, 0x1b, 0xe7,
    0x18, 0xbe, 0xf4, 0x94, 0xd4, 0x8c, 0xb4, 0x8c, 0xb3, 0x8c, 0xb3, 0x8c,
    0xb3, 0x8c, 0xb4, 0x8c, 0xb3, 0x84, 0xd4, 0x8c, 0x56, 0x9d, 0x76, 0xa5,
    0x56, 0x9d, 0xf4, 0x8c, 0xb3, 0x84, 0xb3, 0x8c, 0x72, 0x8c, 0x4a, 0x42,
    0x6b, 0x4a, 0x6b, 0x4a, 0x6b, 0x4a, 0x2d, 0x5b, 0xd4, 0x8c, 0xb4, 0x8c,
    0xb3, 0x84, 0xf4, 0x94, 0xf8, 0xb5, 0xf8, 0xbd, 0xf8, 0xbd, 0x39, 0xbe,
    0x7a, 0xce, 0xd8, 0xb5, 0x55, 0xa5, 0x35, 0xa5, 0x32, 0x84, 0x0e, 0x63,
    0x2e, 0x63, 0x4e, 0x63, 0x4f, 0x6b, 0x6f, 0x6b, 0x6f, 0x6b, 0x4f, 0x6b,
    0x2e, 0x63, 0x0d, 0x5b, 0x0e, 0x63, 0x2e, 0x63, 0x2e, 0x63, 0x0e, 0x63,
    0x0e, 0x63, 0x6f, 0x6b, 0xb0, 0x73, 0x0e, 0x5b, 0x8e, 0x73, 0xaf, 0x73,
    0xaf, 0x73, 0xcf, 0x73, 0x6e, 0x6b, 0x8f, 0x6b, 0xaf, 0x6b, 0x8e, 0x6b,
    0x6e, 0x63, 0x8f, 0x6b, 0xaf, 0x73, 0xcf, 0x73, 0xae, 0x6b, 0xcf, 0x73,
    0xae, 0x6b, 0xae, 0x6b, 0x8e, 0x6b, 0xae, 0x6b, 0xae, 0x6b, 0x8e, 0x6b,
    0xae, 0x73, 0x8e, 0x73, 0xae, 0x73, 0xae, 0x73, 0x8e, 0x73, 0xae, 0x73,
    0xae, 0x73, 0xae, 0x73, 0xae, 0x73, 0xaf, 0x73, 0xaf, 0x73, 0xaf, 0x73,
    0xcf, 0x73, 0xcf, 0x73, 0xaf, 0x73, 0xcf, 0x73, 0xcf, 0x73, 0xcf, 0x73,
    0xcf, 0x73, 0xcf, 0x73, 0xcf, 0x73, 0xcf, 0x73, 0xcf, 0x73, 0xcf, 0x73,
    0xcf, 0x73, 0xcf, 0x73, 0xcf, 0x73, 0xcf, 0x73, 0xcf, 0x73, 0xcf, 0x73,
    0xcf, 0x73, 0xce, 0x73, 0xce, 0x73, 0xce, 0x73, 0xce, 0x73, 0xce, 0x73,
    0xae, 0x73, 0xae, 0x73, 0xae, 0x73, 0xae, 0x73, 0xae, 0x73, 0xae, 0x73,
    0xae, 0x73, 0xae, 0x73, 0x8e, 0x73, 0xae, 0x73, 0xae, 0x73, 0xef, 0x83,
    0x58, 0xce, 0x7c, 0xf7, 0x5c, 0xf7, 0x5c, 0xf7, 0x5b, 0xf7, 0x5c, 0xef,
    0x5c, 0xf7, 0x5b, 0xf7, 0x5c, 0xf7, 0x5c, 0xf7, 0x5b, 0xf7, 0x5c, 0xef,
    0x5c, 0xf7, 0x3c, 0xf7, 0x5b, 0xf7, 0x5c, 0xf7, 0x5c, 0xf7, 0x7c, 0xef,
    0x5c, 0xf7, 0x99, 0xd6, 0xae, 0x73, 0xcf, 0x7b, 0xcf, 0x73, 0xae, 0x73,
    0xae, 0x73, 0xae, 0x73, 0x8e, 0x73, 0x8e, 0x73, 0x8e, 0x73, 0x8e, 0x73,
    0x8e, 0x73, 0x8e, 0x73, 0x8e, 0x73, 0x8e, 0x73, 0x8e, 0x73, 0xae, 0x73,
    0x8e, 0x6b, 0x8e, 0x6b, 0x8e, 0x6b, 0x8e, 0x6b, 0x8e, 0x73, 0x8e, 0x73,
    0x8e, 0x6b, 0x8e, 0x73, 0x8e, 0x73, 0x8e, 0x6b, 0x8e, 0x73, 0x8e, 0x6b,
    0x8e, 0x73, 0x8e, 0x6b, 0x8e, 0x6b, 0x8e, 0x73, 0x8e, 0x6b, 0x8e, 0x6b,
    0x8e, 0x73, 0x8e, 0x6b, 0x8e, 0x6b, 0x8e, 0x73, 0xae, 0x73, 0x8e, 0x73,
    0x8e, 0x6b, 0x8e, 0x73, 0x8e, 0x73, 0x8e, 0x6b, 0x8e, 0x73, 0x8e, 0x73,
    0x8e, 0x73, 0x8e, 0x73, 0x8e, 0x6b, 0x8e, 0x6b, 0x8e, 0x6b, 0x8e, 0x73,
    0x8e, 0x6b, 0x8e, 0x6b, 0x8e, 0x6b, 0x8e, 0x6b, 0x8e, 0x6b, 0x6e, 0x6b,
    0x6d, 0x6b, 0x8e, 0x6b, 0x8e, 0x6b, 0x8e, 0x6b, 0x8e, 0x6b, 0x8e, 0x6b,
    0x8e, 0x6b, 0x8e, 0x6b, 0x8e, 0x6b, 0x8e, 0x6b, 0x8e, 0x6b, 0x8e, 0x6b,
    0x6e, 0x6b, 0x6d, 0x63, 0x6d, 0x63, 0x6d, 0x6b, 0x6e, 0x6b, 0x6d, 0x63,
    0x6d, 0x6b, 0x8e, 0x6b, 0x6d, 0x6b, 0x6d, 0x63, 0x6d, 0x63, 0x4e, 0x63,
    0x6e, 0x63, 0x6d, 0x63, 0x8e, 0x6b, 0x8e, 0x6b, 0xcf, 0x6b, 0x31, 0x84,
    0x15, 0x9d, 0x39, 0xc6, 0x19, 0xbe, 0x19, 0xbe, 0x7d, 0xf7, 0x5c, 0xf7,
    0x5d, 0xf7, 0x7d, 0xf7, 0x5c, 0xf7, 0x5c, 0xf7, 0x7d, 0xf7, 0xbe, 0xf7,
    0x34, 0xad, 0xbd, 0xff, 0x7c, 0xf7, 0x7c, 0xf7, 0x7c, 0xf7, 0x5c, 0xf7,
    0x5c, 0xf7, 0x9d, 0xf7, 0x79, 0xce, 0x76, 0xad, 0x11, 0x7c, 0x52, 0x84,
    0x12, 0x7c, 0xba, 0xd6, 0x7d, 0xf7, 0x5c, 0xf7, 0x5c, 0xef, 0x5c, 0xef,
    0x1c, 0xef, 0xfb, 0xe6, 0x3c, 0xef, 0x3c, 0xef, 0x5c, 0xef, 0x3c, 0xef,
    0x3c, 0xef, 0x1b, 0xef, 0x3b, 0xef, 0x5c, 0xef, 0x3b, 0xef, 0x5b, 0xf7,
    0x3c, 0xef, 0x3b, 0xf7, 0x3b, 0xef, 0x3b, 0xef, 0x3b, 0xef, 0x3b, 0xf7,
    0x5c, 0xef, 0xf7, 0xc5, 0x55, 0xad, 0x5d, 0xef, 0xf8, 0xc5, 0x9a, 0xd6,
    0xff, 0xff, 0x7e, 0xf7, 0xd6, 0xac, 0xd6, 0xa4, 0xb6, 0x9c, 0xd6, 0x9c,
    0x76, 0x94, 0xf7, 0xa4, 0xba, 0xb5, 0x59, 0xad, 0x96, 0x94, 0x95, 0x94,
    0x2f, 0x63, 0x3c, 0xc6, 0xda, 0xb5, 0xdd, 0xd6, 0x1b, 0xbe, 0x16, 0x9d,
    0xb3, 0x9c, 0xee, 0x8b, 0x4c, 0x73, 0x50, 0x94, 0x50, 0x94, 0x4c, 0x7b,
    0xab, 0x5a, 0xf0, 0x62, 0x92, 0x73, 0xd3, 0x7b, 0xf4, 0x83, 0xf4, 0x83,
    0xb3, 0x7b, 0x10, 0x63, 0x8d, 0x52, 0x5c, 0xef, 0x1b, 0xe7, 0xdb, 0xde,
    0xdb, 0xde, 0x9a, 0xd6, 0x79, 0xc6, 0xb7, 0xad, 0xd4, 0x94, 0xb3, 0x8c,
    0xb4, 0x8c, 0xb3, 0x8c, 0xb3, 0x8c, 0xb3, 0x84, 0x93, 0x84, 0x93, 0x84,
    0x35, 0x9d, 0x56, 0x9d, 0x55, 0x9d, 0xf4, 0x94, 0x93, 0x84, 0x93, 0x84,
    0x71, 0x8c, 0x4a, 0x42, 0x8b, 0x4a, 0x6b, 0x4a, 0x6b, 0x4a, 0xed, 0x5a,
    0x93, 0x84, 0x93, 0x84, 0x72, 0x84, 0x72, 0x7c, 0xf3, 0x94, 0x18, 0xbe,
    0xf8, 0xbd, 0x38, 0xbe, 0xbb, 0xd6, 0x18, 0xbe, 0x76, 0xad, 0x55, 0xad,
    0x55, 0xad, 0xd3, 0x94, 0x4e, 0x63, 0x2f, 0x63, 0x4f, 0x6b, 0x6f, 0x6b,
    0x4e, 0x63, 0x2e, 0x63, 0x0d, 0x5b, 0xed, 0x5a, 0xed, 0x5a, 0x0d, 0x63,
    0x0e, 0x63, 0x2e, 0x63, 0x0d, 0x63, 0x6f, 0x6b, 0x8f, 0x6b, 0x0e, 0x5b,
    0xda, 0xde, 0xdb, 0xde, 0xdb, 0xde, 0xb3, 0x94, 0xd3, 0x9c, 0x38, 0xc6,
    0x38, 0xc6, 0x39, 0xce, 0x8e, 0x6b, 0x59, 0xce, 0x79, 0xce, 0x51, 0x8c,
    0xdb, 0xde, 0x14, 0xa5, 0x18, 0xbe, 0x79, 0xce, 0xba, 0xd6, 0xdb, 0xde,
    0xda, 0xde, 0xda, 0xde, 0xdb, 0xde, 0xda, 0xde, 0xda, 0xde, 0xda, 0xde,
    0xda, 0xde, 0xda, 0xde, 0xba, 0xde, 0xba, 0xde, 0xba, 0xd6, 0xba, 0xde,
    0xb9, 0xd6, 0xb9, 0xd6, 0x99, 0xde, 0xb9, 0xde, 0x99, 0xde, 0x99, 0xd6,
    0x99, 0xde, 0x99, 0xd6, 0x79, 0xd6, 0x99, 0xd6, 0x79, 0xd6, 0x79, 0xd6,
    0x99, 0xd6, 0x79, 0xd6, 0x79, 0xd6, 0x79, 0xd6, 0x79, 0xd6, 0x79, 0xd6,
    0x79, 0xde, 0x78, 0xd6, 0x78, 0xd6, 0x79, 0xd6, 0x78, 0xd6, 0x79, 0xd6,
    0x99, 0xde, 0x99, 0xde, 0x99, 0xde, 0xb9, 0xde, 0xda, 0xe6, 0xfa, 0xe6,
    0x1b, 0xe7, 0x1b, 0xe7, 0x3b, 0xef, 0x3c, 0xef, 0x3c, 0xef, 0x5c, 0xef,
    0x5c, 0xf7, 0x9d, 0xf7, 0x7c, 0xf7, 0x5c, 0xf7, 0x5c, 0xf7, 0x5c, 0xf7,
    0x7c, 0xf7, 0x7c, 0xf7, 0x5c, 0xf7, 0x5c, 0xf7, 0x3c, 0xf7, 0x5c, 0xf7,
    0x5b, 0xf7, 0x5c, 0xef, 0x5c, 0xf7, 0x5c, 0xf7, 0x5c, 0xf7, 0x5c, 0xf7,
    0x5b, 0xf7, 0x7c, 0xf7, 0x7c, 0xf7, 0x5c, 0xef, 0xef, 0x7b, 0xcf, 0x7b,
    0xaf, 0x73, 0xae, 0x73, 0xae, 0x73, 0x8f, 0x73, 0xae, 0x73, 0xae, 0x6b,
    0x8e, 0x6b, 0x8e, 0x73, 0x8e, 0x6b, 0x8e, 0x6b, 0x8e, 0x6b, 0x8e, 0x6b,
    0x8e, 0x6b, 0x8e, 0x73, 0x8e, 0x73, 0x8e, 0x6b, 0x8e, 0x73, 0x8e, 0x6b,
    0x8e, 0x6b, 0x8e, 0x6b, 0x8e, 0x73, 0x8e, 0x6b, 0x8e, 0x6b, 0x8e, 0x73,
    0x8e, 0x6b, 0x8e, 0x73, 0x8e, 0x6b, 0x8e, 0x73, 0x8e, 0x6b, 0x8e, 0x6b,
    0x8e, 0x73, 0x8e, 0x6b, 0x8e, 0x6b, 0x8e, 0x73, 0x8e, 0x6b, 0x8e, 0x73,
    0x8e, 0x6b, 0x8e, 0x6b, 0x8e, 0x6b, 0x8e, 0x6b, 0x8e, 0x6b, 0x8e, 0x73,
    0xae, 0x6b, 0x8e, 0x6b, 0x8e, 0x6b, 0x8e, 0x6b, 0x8e, 0x6b, 0x8e, 0x6b,
    0x8e, 0x6b, 0x8e, 0x6b, 0x8e, 0x6b, 0x8e, 0x6b, 0x8e, 0x6b, 0x8e, 0x6b,
    0x6e, 0x6b, 0x6e, 0x6b, 0x6d, 0x63, 0x6d, 0x63, 0x6e, 0x6b, 0x8e, 0x6b,
    0x6d, 0x63, 0x6e, 0x63, 0x8e, 0x6b, 0x8e, 0x6b, 0x8e, 0x6b, 0x8e, 0x6b,
    0x8e, 0x6b, 0x6d, 0x63, 0x6d, 0x63, 0x6d, 0x63, 0x6e, 0x63, 0x6e, 0x6b,
    0x8e, 0x6b, 0x6d, 0x63, 0x6d, 0x63, 0x6e, 0x6b, 0x6e, 0x63, 0x4d, 0x63,
    0x4d, 0x63, 0x4d, 0x63, 0x4d, 0x63, 0x6e, 0x63, 0x6e, 0x63, 0x8e, 0x6b,
    0xae, 0x6b, 0x52, 0x84, 0x35, 0x95, 0xb8, 0xad, 0xb8, 0xad, 0x7a, 0xce,
    0x7d, 0xf7, 0x5c, 0xf7, 0x7c, 0xf7, 0x1b, 0xe7, 0x1c, 0xe7, 0x5c, 0xef,
    0x9d, 0xff, 0xbe, 0xff, 0x34, 0xad, 0xbd, 0xf7, 0x7c, 0xf7, 0x7c, 0xf7,
    0x7c, 0xf7, 0x5c, 0xf7, 0x5c, 0xf7, 0x5c, 0xef, 0xf7, 0xbd, 0x93, 0x94,
    0x52, 0x84, 0x52, 0x84, 0xb4, 0x94, 0x9d, 0xf7, 0x5d, 0xf7, 0x5d, 0xf7,
    0x5c, 0xf7, 0x5c, 0xef, 0x5c, 0xef, 0x1b, 0xef, 0x5c, 0xf7, 0x3c, 0xef,
    0x3c, 0xef, 0x5c, 0xef, 0x3c, 0xef, 0x3c, 0xef, 0x3c, 0xef, 0x5b, 0xef,
    0x3b, 0xef, 0x5c, 0xef, 0x3b, 0xef, 0x3b, 0xf7, 0x3b, 0xef, 0x3b, 0xef,
    0x3b, 0xef, 0x3b, 0xef, 0x3b, 0xef, 0xba, 0xde, 0x9e, 0xf7, 0x19, 0xc6,
    0x39, 0xce, 0x9e, 0xf7, 0xbf, 0xff, 0x1c, 0xe7, 0x99, 0xbd, 0x17, 0xad,
    0x17, 0xad, 0x17, 0xa5, 0xf7, 0xa4, 0xf4, 0x7b, 0xdb, 0xb5, 0x79, 0xad,
    0xf7, 0x9c, 0xf4, 0x7b, 0x91, 0x73, 0x99, 0xb5, 0x58, 0xad, 0x1b, 0xbe,
    0xb9, 0xb5, 0xd5, 0x9c, 0x78, 0xd6, 0x6a, 0x7b, 0xca, 0x62, 0xea, 0x62,
    0x6a, 0x5a, 0x28, 0x4a, 0xea, 0x41, 0xaf, 0x5a, 0x51, 0x73, 0xd4, 0x83,
    0xf4, 0x83, 0x14, 0x8c, 0xd3, 0x83, 0x31, 0x6b, 0x4e, 0x52, 0x18, 0xc6,
    0xba, 0xd6, 0xba, 0xd6, 0xbb, 0xde, 0x99, 0xce, 0x18, 0xbe, 0xf7, 0xb5,
    0x55, 0x9d, 0xb3, 0x8c, 0xb4, 0x8c, 0xb4, 0x8c, 0xb3, 0x84, 0x93, 0x84,
    0x93, 0x84, 0x93, 0x84, 0xd4, 0x8c, 0x35, 0x9d, 0xf4, 0x94, 0xd4, 0x8c,
    0x73, 0x84, 0x72, 0x84, 0x51, 0x84, 0x4a, 0x42, 0x8b, 0x4a, 0x6b, 0x4a,
    0x6b, 0x42, 0xed, 0x52, 0x52, 0x84, 0x52, 0x7c, 0x32, 0x7c, 0x31, 0x7c,
    0x31, 0x74, 0xd4, 0x94, 0xb7, 0xb5, 0xd7, 0xb5, 0x9a, 0xd6, 0xd7, 0xbd,
    0x15, 0x9d, 0x15, 0xa5, 0xf4, 0x9c, 0xf4, 0x9c, 0xb3, 0x94, 0x6f, 0x6b,
    0x2e, 0x63, 0x0d, 0x63, 0x0d, 0x5b, 0xed, 0x5a, 0xed, 0x5a, 0xcd, 0x5a,
    0xcd, 0x5a, 0xed, 0x5a, 0xed, 0x5a, 0xed, 0x5a, 0xed, 0x5a, 0x2e, 0x5b,
    0x4e, 0x6b, 0xee, 0x52, 0xbd, 0xff, 0xde, 0xff, 0xd6, 0xb5, 0x51, 0x84,
    0xda, 0xd6, 0x58, 0xc6, 0xde, 0xff, 0x9a, 0xd6, 0xef, 0x83, 0x7d, 0xf7,
    0x5c, 0xf7, 0x9a, 0xd6, 0xde, 0xff, 0x1c, 0xe7, 0xf3, 0x9c, 0xde, 0xff,
    0xbd, 0xff, 0xbd, 0xff, 0xbd, 0xff, 0xbd, 0xff, 0xbd, 0xff, 0xbd, 0xff,
    0xbd, 0xff, 0xbd, 0xff, 0xbd, 0xff, 0xbd, 0xff, 0xbd, 0xff, 0xbd, 0xff,
    0xbd, 0xff, 0xbd, 0xff, 0xbd, 0xff, 0x9d, 0xff, 0x9d, 0xff, 0xbd, 0xff,
    0x9d, 0xff, 0x9d, 0xff, 0xbd, 0xff, 0x9d, 0xff, 0xbd, 0xff, 0xbd, 0xff,
    0x9d, 0xff, 0xbd, 0xff, 0xbd, 0xff, 0xbd, 0xff, 0xbd, 0xff, 0x9d, 0xff,
    0x9d, 0xff, 0x9d, 0xff, 0xbc, 0xff, 0x9d, 0xff, 0x9d, 0xff, 0x9c, 0xff,
    0x9d, 0xff, 0x7c, 0xff, 0x7c, 0xff, 0x7c, 0xff, 0x7c, 0xf7, 0x7c, 0xf7,
    0x7c, 0xf7, 0x7c, 0xff, 0x7c, 0xf7, 0x7c, 0xf7, 0x7c, 0xf7, 0x7c, 0xf7,
    0x7c, 0xf7, 0x5c, 0xf7, 0x5c, 0xf7, 0x5c, 0xf7, 0x7c, 0xf7, 0x7c, 0xf7,
    0x7c, 0xf7, 0x7c, 0xef, 0x5c, 0xf7, 0x7c, 0xf7, 0x5c, 0xf7, 0x5c, 0xf7,
    0x5b, 0xf7, 0x3c, 0xf7, 0x5c, 0xf7, 0x5c, 0xf7, 0x5b, 0xf7, 0x5c, 0xf7,
    0x5c, 0xf7, 0x5c, 0xf7, 0x5c, 0xf7, 0x5c, 0xf7, 0x7c, 0xf7, 0x7d, 0xf7,
    0x1b, 0xe7, 0x51, 0x8c, 0xae, 0x7b, 0xae, 0x73, 0xae, 0x73, 0x8e, 0x73,
    0xae, 0x73, 0xae, 0x73, 0xae, 0x73, 0xae, 0x73, 0xae, 0x73, 0xae, 0x73,
    0xae, 0x73, 0xae, 0x73, 0xae, 0x73, 0xae, 0x73, 0xae, 0x73, 0xae, 0x7b,
    0xcf, 0x73, 0xce, 0x7b, 0xae, 0x73, 0xcf, 0x7b, 0xce, 0x7b, 0xae, 0x73,
    0xce, 0x7b, 0xcf, 0x7b, 0xae, 0x73, 0xcf, 0x73, 0xce, 0x7b, 0xce, 0x73,
    0xce, 0x73, 0xae, 0x7b, 0xae, 0x73, 0xaf, 0x73, 0xae, 0x73, 0xae, 0x73,
    0xaf, 0x73, 0xcf, 0x73, 0xae, 0x7b, 0xcf, 0x73, 0xcf, 0x7b, 0xcf, 0x73,
    0xcf, 0x73, 0xcf, 0x7b, 0xcf, 0x73, 0xcf, 0x73, 0xcf, 0x73, 0xcf, 0x73,
    0xaf, 0x73, 0xae, 0x73, 0xaf, 0x73, 0xaf, 0x73, 0xaf, 0x73, 0xaf, 0x73,
    0xae, 0x73, 0xae, 0x6b, 0x8e, 0x6b, 0x8e, 0x6b, 0x8e, 0x6b, 0x8e, 0x63,
    0x8e, 0x63, 0x8e, 0x6b, 0x8e, 0x63, 0x6e, 0x63, 0x8e, 0x63, 0xae, 0x6b,
    0xae, 0x6b, 0xaf, 0x6b, 0xae, 0x6b, 0x8e, 0x6b, 0x8e, 0x63, 0x8e, 0x6b,
    0x6e, 0x6b, 0x8e, 0x63, 0x6e, 0x6b, 0x8e, 0x63, 0x8e, 0x63, 0x8f, 0x6b,
    0x6e, 0x63, 0x6e, 0x63, 0x6e, 0x63, 0x6e, 0x63, 0x8e, 0x6b, 0x8e, 0x63,
    0x8e, 0x63, 0xaf, 0x6b, 0x11, 0x74, 0x15, 0x95, 0xb8, 0xad, 0xd8, 0xad,
    0x97, 0xad, 0x1d, 0xe7, 0x1c, 0xe7, 0x7d, 0xf7, 0x7d, 0xf7, 0xda, 0xe6,
    0xf7, 0xbd, 0x55, 0xad, 0xb3, 0x9c, 0x35, 0xad, 0xf3, 0xa4, 0xbe, 0xff,
    0x9d, 0xff, 0x9d, 0xf7, 0x9d, 0xf7, 0x9d, 0xf7, 0x9d, 0xf7, 0xfb, 0xe6,
    0x18, 0xc6, 0x32, 0x84, 0x52, 0x84, 0x12, 0x84, 0x9a, 0xd6, 0x7d, 0xf7,
    0x5c, 0xf7, 0x5c, 0xf7, 0x5c, 0xf7, 0x5c, 0xef, 0x5c, 0xf7, 0x5c, 0xf7,
    0x5c, 0xef, 0x5c, 0xf7, 0x3c, 0xef, 0x5c, 0xf7, 0x3c, 0xef, 0x3c, 0xef,
    0x3c, 0xef, 0x5b, 0xf7, 0x3b, 0xef, 0x3b, 0xef, 0x3b, 0xef, 0x3b, 0xef,
    0x3b, 0xef, 0x1b, 0xe7, 0x7a, 0xd6, 0x9a, 0xd6, 0x99, 0xd6, 0xdf, 0xff,
    0xdb, 0xde, 0x5d, 0xef, 0x39, 0xce, 0xdf, 0xff, 0xfc, 0xe6, 0x5b, 0xd6,
    0x19, 0xc6, 0x37, 0xad, 0x38, 0xad, 0x58, 0xad, 0x58, 0xad, 0x55, 0x84,
    0x55, 0x84, 0x76, 0x8c, 0x35, 0x84, 0x14, 0x7c, 0xb6, 0x94, 0x17, 0xa5,
    0x76, 0x94, 0x38, 0xa5, 0x78, 0xad, 0xf6, 0xa4, 0x54, 0xbd, 0x0e, 0x8c,
    0x2e, 0x8c, 0x2e, 0x6b, 0x0b, 0x42, 0xca, 0x39, 0x0c, 0x4a, 0x6e, 0x52,
    0x31, 0x6b, 0xf4, 0x83, 0x14, 0x8c, 0x14, 0x8c, 0xf3, 0x83, 0x71, 0x73,
    0xaf, 0x5a, 0x73, 0x8c, 0x17, 0xb6, 0xf7, 0xb5, 0x18, 0xbe, 0x18, 0xbe,
    0xd7, 0xb5, 0xf7, 0xb5, 0xd7, 0xad, 0x35, 0x9d, 0xb3, 0x8c, 0xb3, 0x84,
    0xb3, 0x84, 0x93, 0x84, 0x93, 0x84, 0x93, 0x84, 0x73, 0x84, 0xd4, 0x94,
    0x93, 0x84, 0x52, 0x7c, 0x52, 0x7c, 0x52, 0x7c, 0x52, 0x84, 0x4a, 0x42,
    0x6b, 0x4a, 0x8b, 0x4a, 0x8b, 0x4a, 0x4b, 0x4a, 0x4a, 0x42, 0x6a, 0x42,
    0x4b, 0x42, 0x4a, 0x42, 0x4a, 0x42, 0x2a, 0x42, 0x09, 0x3a, 0xe9, 0x39,
    0xe9, 0x39, 0xe9, 0x39, 0x09, 0x3a, 0x0a, 0x3a, 0x2a, 0x42, 0x2a, 0x42,
    0x2a, 0x42, 0x4a, 0x4a, 0x4a, 0x42, 0x4b, 0x4a, 0x4a, 0x4a, 0x6b, 0x4a,
    0x4b, 0x4a, 0x6a, 0x4a, 0x4a, 0x42, 0x4a, 0x42, 0x6b, 0x4a, 0x6b, 0x4a,
    0x6b, 0x4a, 0x8b, 0x4a, 0xac, 0x4a, 0x8c, 0x4a, 0xdd, 0xff, 0x5c, 0xef,
    0xcf, 0x73, 0x59, 0xc6, 0x59, 0xc6, 0x1b, 0xdf, 0xde, 0xff, 0x59, 0xce,
    0x71, 0x8c, 0xbe, 0xff, 0xbd, 0xff, 0xbd, 0xff, 0xbd, 0xff, 0xbe, 0xff,
    0xb2, 0x94, 0xbe, 0xff, 0xbd, 0xff, 0xbd, 0xff, 0xbd, 0xff, 0xbd, 0xff,
    0xbd, 0xff, 0xbd, 0xff, 0xbd, 0xff, 0xbd, 0xff, 0xbd, 0xff, 0xbd, 0xff,
    0xbd, 0xff, 0x9d, 0xff, 0x9d, 0xff, 0xbd, 0xff, 0x9d, 0xff, 0x9d, 0xff,
    0xbd, 0xff, 0x9d, 0xff, 0x9d, 0xff, 0xbd, 0xff, 0x9d, 0xff, 0x9d, 0xff,
    0x9d, 0xff, 0x9d, 0xff, 0x9d, 0xff, 0x9d, 0xff, 0x9d, 0xff, 0x9d, 0xff,
    0x9d, 0xff, 0x9c, 0xff, 0x9c, 0xff, 0x9d, 0xff, 0x9c, 0xff, 0x9d, 0xff,
    0x9c, 0xff, 0x9d, 0xff, 0x9c, 0xff, 0x7c, 0xff, 0x9c, 0xff, 0x7c, 0xf7,
    0x7c, 0xf7, 0x7c, 0xff, 0x7c, 0xf7, 0x7c, 0xf7, 0x7c, 0xf7, 0x7c, 0xf7,
    0x7c, 0xf7, 0x7c, 0xf7, 0x7c, 0xf7, 0x7c, 0xf7, 0x7c, 0xf7, 0x7c, 0xf7,
    0x7c, 0xf7, 0x5c, 0xf7, 0x5c, 0xf7, 0x7b, 0xf7, 0x5c, 0xf7, 0x5c, 0xf7,
    0x5c, 0xf7, 0x5c, 0xf7, 0x5c, 0xf7, 0x5c, 0xf7, 0x5c, 0xf7, 0x5c, 0xf7,
    0x5c, 0xf7, 0x5c, 0xf7, 0x5c, 0xf7, 0x5c, 0xf7, 0x7c, 0xf7, 0x5c, 0xef,
    0x5c, 0xf7, 0x5c, 0xf7, 0x7c, 0xf7, 0xbd, 0xff, 0x5c, 0xef, 0x1b, 0xe7,
    0xfb, 0xe6, 0xdb, 0xe6, 0xba, 0xde, 0xba, 0xde, 0x99, 0xde, 0x79, 0xd6,
    0x78, 0xd6, 0x18, 0xc6, 0xd6, 0xbd, 0xb6, 0xbd, 0x95, 0xb5, 0x75, 0xb5,
    0x75, 0xb5, 0x55, 0xad, 0x55, 0xad, 0x54, 0xad, 0x54, 0xad, 0x55, 0xad,
    0x54, 0xad, 0x34, 0xad, 0x54, 0xad, 0x34, 0xad, 0x54, 0xad, 0x34, 0xad,
    0x34, 0xad, 0x54, 0xad, 0x54, 0xad, 0x55, 0xad, 0x54, 0xad, 0x54, 0xad,
    0x74, 0xb5, 0x54, 0xad, 0x54, 0xad, 0x54, 0xb5, 0x75, 0xad, 0x75, 0xb5,
    0x74, 0xb5, 0x55, 0xb5, 0x74, 0xad, 0x55, 0xad, 0x55, 0xad, 0x55, 0xad,
    0x55, 0xad, 0x55, 0xad, 0x55, 0xad, 0x34, 0xad, 0x14, 0xa5, 0x14, 0xa5,
    0x14, 0xa5, 0x14, 0xa5, 0x14, 0x9d, 0xf4, 0x9c, 0x93, 0x8c, 0x72, 0x84,
    0x72, 0x84, 0x72, 0x84, 0x72, 0x84, 0x72, 0x84, 0x72, 0x84, 0x72, 0x84,
    0x72, 0x84, 0xb3, 0x8c, 0xd4, 0x94, 0x93, 0x8c, 0x72, 0x84, 0x72, 0x84,
    0x52, 0x84, 0x51, 0x84, 0x51, 0x84, 0xb3, 0x94, 0x15, 0x9d, 0x72, 0x84,
    0x93, 0x8c, 0x73, 0x84, 0x72, 0x7c, 0x73, 0x7c, 0x93, 0x7c, 0x93, 0x84,
    0x93, 0x84, 0x93, 0x7c, 0x73, 0x84, 0x93, 0x84, 0x15, 0x95, 0x97, 0xa5,
    0x77, 0x9d, 0x36, 0x9d, 0x37, 0x9d, 0x77, 0xa5, 0xd8, 0xad, 0xbb, 0xd6,
    0x9d, 0xff, 0x9d, 0xff, 0x5c, 0xef, 0x7a, 0xd6, 0x7a, 0xd6, 0xbb, 0xd6,
    0x10, 0x84, 0x18, 0xc6, 0xd7, 0xbd, 0x39, 0xce, 0xb7, 0xbd, 0xd7, 0xbd,
    0x38, 0xc6, 0xf7, 0xbd, 0xd7, 0xbd, 0xb3, 0x94, 0x52, 0x8c, 0x15, 0xa5,
    0x9d, 0xf7, 0x7c, 0xf7, 0x5c, 0xf7, 0x5d, 0xf7, 0x5d, 0xf7, 0x5c, 0xef,
    0x5c, 0xf7, 0x5c, 0xef, 0x5c, 0xef, 0x5c, 0xf7, 0x5c, 0xef, 0x3c, 0xef,
    0x5b, 0xf7, 0x3c, 0xef, 0x3c, 0xef, 0x5b, 0xf7, 0x3b, 0xef, 0x3c, 0xef,
    0x3b, 0xef, 0x3b, 0xef, 0x1b, 0xe7, 0x39, 0xce, 0x38, 0xc6, 0x18, 0xc6,
    0x7e, 0xf7, 0x9e, 0xf7, 0x9e, 0xf7, 0x5a, 0xce, 0x7b, 0xd6, 0x5e, 0xf7,
    0x7b, 0xde, 0x77, 0xb5, 0x5b, 0xd6, 0x17, 0xad, 0x38, 0xad, 0xb9, 0xbd,
    0x58, 0xad, 0x96, 0x8c, 0x55, 0x8c, 0x79, 0xad, 0x55, 0x84, 0x35, 0x84,
    0xd6, 0x9c, 0xd6, 0x9c, 0xae, 0x52, 0x59, 0xad, 0xf7, 0xa4, 0xd6, 0x9c,
    0x0f, 0x6b, 0x4c, 0x5a, 0x4c, 0x52, 0x6e, 0x5a, 0x4d, 0x52, 0x8f, 0x5a,
    0x8e, 0x52, 0x4d, 0x4a, 0x31, 0x6b, 0x14, 0x84, 0x34, 0x8c, 0x14, 0x84,
    0xf3, 0x83, 0x92, 0x73, 0xef, 0x62, 0x50, 0x6b, 0xd7, 0xad, 0x96, 0xa5,
    0xb7, 0xad, 0xf7, 0xb5, 0xf7, 0xb5, 0xd7, 0xb5, 0xd7, 0xb5, 0xd7, 0xad,
    0xf4, 0x94, 0xb3, 0x84, 0x93, 0x8c, 0x93, 0x8c, 0x93, 0x84, 0x93, 0x84,
    0x93, 0x84, 0x93, 0x84, 0xf4, 0x94, 0x52, 0x7c, 0x32, 0x7c, 0x31, 0x7c,
    0x52, 0x8c, 0x4a, 0x42, 0x6b, 0x4a, 0x6b, 0x4a, 0x8b, 0x4a, 0x6b, 0x4a,
    0x8b, 0x4a, 0x8b, 0x4a, 0x8b, 0x4a, 0x6b, 0x4a, 0x6b, 0x4a, 0x6b, 0x4a,
    0x6b, 0x4a, 0x6a, 0x42, 0x6a, 0x4a, 0x6a, 0x4a, 0x4a, 0x4a, 0x6a, 0x4a,
    0x4b, 0x4a, 0x6a, 0x4a, 0x6b, 0x4a, 0x6a, 0x4a, 0x6b, 0x4a, 0x6b, 0x4a,
    0x6a, 0x4a, 0x6a, 0x4a, 0x6b, 0x4a, 0x6b, 0x4a, 0x6a, 0x4a, 0x6b, 0x4a,
    0x6a, 0x4a, 0x6b, 0x4a, 0x6b, 0x4a, 0x8b, 0x4a, 0xac, 0x52, 0x8c, 0x4a,
    0xde, 0xff, 0xb3, 0x8c, 0x56, 0x9d, 0x79, 0xc6, 0x38, 0xc6, 0xde, 0xff,
    0xbd, 0xff, 0x9d, 0xf7, 0x51, 0x8c, 0xde, 0xff, 0xbd, 0xff, 0xbd, 0xff,
    0xbd, 0xff, 0xbd, 0xff, 0x7d, 0xf7, 0x9d, 0xf7, 0xbd, 0xff, 0xbd, 0xff,
    0x9d, 0xff, 0x9d, 0xff, 0x9d, 0xff, 0x9d, 0xff, 0x9d, 0xff, 0x9d, 0xff,
    0x9d, 0xff, 0x9d, 0xff, 0x9d, 0xff, 0x9d, 0xff, 0x9d, 0xff, 0x9d, 0xff,
    0x9d, 0xff, 0x9c, 0xff, 0x9c, 0xf7, 0x9d, 0xff, 0x9d, 0xff, 0x9c, 0xff,
    0x9d, 0xff, 0x9d, 0xff, 0x9c, 0xff, 0x9d, 0xff, 0x9d, 0xff, 0x9c, 0xff,
    0x9d, 0xff, 0x9d, 0xff, 0x9d, 0xff, 0x9d, 0xff, 0x9c, 0xff, 0x9d, 0xff,
    0x9d, 0xff, 0x9c, 0xff, 0x9d, 0xff, 0x9c, 0xff, 0x7d, 0xff, 0x9d, 0xff,
    0x9c, 0xff, 0x7c, 0xf7, 0x9d, 0xf7, 0x7d, 0xff, 0x7c, 0xff, 0x7d, 0xf7,
    0x7c, 0xf7, 0x7c, 0xf7, 0x7c, 0xf7, 0x7c, 0xf7, 0x7c, 0xf7, 0x7c, 0xf7,
    0x7c, 0xf7, 0x7c, 0xf7, 0x7c, 0xf7, 0x5c, 0xf7, 0x5c, 0xf7, 0x7c, 0xf7,
    0x5c, 0xf7, 0x5c, 0xf7, 0x5b, 0xf7, 0x5c, 0xf7, 0x5c, 0xf7, 0x5c, 0xf7,
    0x5c, 0xf7, 0x5c, 0xf7, 0x5c, 0xf7, 0x5b, 0xf7, 0x5c, 0xf7, 0x7c, 0xf7,
    0x7b, 0xf7, 0x5c, 0xf7, 0x7c, 0xef, 0x7c, 0xf7, 0xba, 0xde, 0x31, 0x84,
    0xef, 0x7b, 0xef, 0x7b, 0xcf, 0x7b, 0xcf, 0x7b, 0xcf, 0x7b, 0xcf, 0x7b,
    0xef, 0x7b, 0xef, 0x7b, 0xef, 0x7b, 0xcf, 0x7b, 0xcf, 0x7b, 0xcf, 0x7b,
    0xef, 0x7b, 0xef, 0x7b, 0xef, 0x7b, 0xef, 0x7b, 0xef, 0x7b, 0xef, 0x7b,
    0xef, 0x7b, 0xef, 0x7b, 0xf0, 0x7b, 0xf0, 0x7b, 0xf0, 0x7b, 0xf0, 0x7b,
    0xf0, 0x7b, 0xf0, 0x7b, 0xef, 0x7b, 0xef, 0x7b, 0xef, 0x7b, 0xf0, 0x7b,
    0xef, 0x83, 0xef, 0x83, 0xf0, 0x7b, 0xf0, 0x83, 0xef, 0x7b, 0xef, 0x7b,
    0xef, 0x7b, 0xef, 0x7b, 0xef, 0x7b, 0xef, 0x7b, 0xef, 0x83, 0xf0, 0x83,
    0x10, 0x7c, 0x10, 0x7c, 0xef, 0x83, 0x10, 0x7c, 0xef, 0x7b, 0xef, 0x7b,
    0xf0, 0x7b, 0xef, 0x73, 0xcf, 0x73, 0xaf, 0x6b, 0xae, 0x6b, 0x8f, 0x6b,
    0x8e, 0x6b, 0x8e, 0x6b, 0x8e, 0x6b, 0x8e, 0x6b, 0x8e, 0x6b, 0x8f, 0x6b,
    0x8e, 0x6b, 0xae, 0x6b, 0x8f, 0x6b, 0xae, 0x6b, 0xae, 0x6b, 0x8e, 0x6b,
    0x8f, 0x6b, 0x8e, 0x6b, 0x8e, 0x6b, 0x8e, 0x6b, 0x8e, 0x6b, 0xaf, 0x6b,
    0xcf, 0x73, 0xaf, 0x6b, 0xaf, 0x6b, 0x8e, 0x6b, 0x8e, 0x63, 0x8e, 0x6b,
    0x8e, 0x6b, 0xaf, 0x6b, 0x8f, 0x6b, 0x8f, 0x6b, 0x8f, 0x6b, 0xae, 0x6b,
    0x52, 0x84, 0x97, 0xad, 0x36, 0x95, 0x37, 0x95, 0x37, 0x9d, 0x57, 0x9d,
    0x56, 0x9d, 0x39, 0xbe, 0xfb, 0xde, 0xb7, 0xb5, 0x56, 0xa5, 0x35, 0xa5,
    0xb7, 0xb5, 0xf7, 0xbd, 0x71, 0x8c, 0x59, 0xce, 0x59, 0xce, 0x14, 0xa5,
    0xf7, 0xbd, 0xd7, 0xbd, 0xd7, 0xbd, 0x38, 0xce, 0xd7, 0xbd, 0xd7, 0xbd,
    0x75, 0xad, 0x1c, 0xef, 0x5c, 0xf7, 0x5c, 0xf7, 0x5d, 0xf7, 0x7c, 0xef,
    0x5c, 0xf7, 0x5d, 0xf7, 0x5c, 0xf7, 0x5c, 0xef, 0x5c, 0xf7, 0x5c, 0xf7,
    0x3c, 0xef, 0x5c, 0xef, 0x5b, 0xef, 0x3c, 0xef, 0x3b, 0xef, 0x3b, 0xef,
    0x5b, 0xef, 0x3c, 0xef, 0x3b, 0xef, 0xda, 0xde, 0x19, 0xc6, 0x18, 0xc6,
    0xf8, 0xbd, 0x59, 0xce, 0xff, 0xff, 0xff, 0xff, 0xfc, 0xe6, 0x39, 0xce,
    0xb8, 0xc5, 0x3d, 0xef, 0xf9, 0xcd, 0xd6, 0xa4, 0x9b, 0xd6, 0xf6, 0xa4,
    0x17, 0xad, 0x3a, 0xce, 0xd7, 0x9c, 0xb6, 0x94, 0xb2, 0x73, 0x79, 0xad,
    0xb7, 0x94, 0x34, 0x84, 0x58, 0xad, 0x75, 0x94, 0x10, 0x63, 0x55, 0x8c,
    0xd7, 0x9c, 0xb6, 0x9c, 0xf4, 0x8b, 0x51, 0x6b, 0x31, 0x73, 0xf0, 0x62,
    0xaf, 0x5a, 0x11, 0x63, 0x8e, 0x52, 0x2d, 0x4a, 0xf1, 0x62, 0x14, 0x8c,
    0x35, 0x8c, 0x14, 0x8c, 0xf4, 0x83, 0xb3, 0x7b, 0xef, 0x62, 0xce, 0x5a,
    0xd7, 0xad, 0x96, 0xa5, 0xb7, 0xad, 0x38, 0xbe, 0x38, 0xbe, 0xf7, 0xb5,
    0xf7, 0xb5, 0xd7, 0xb5, 0x96, 0xa5, 0xd4, 0x8c, 0x93, 0x84, 0x93, 0x84,
    0x93, 0x84, 0x93, 0x84, 0x93, 0x84, 0x73, 0x84, 0xb3, 0x84, 0x52, 0x7c,
    0x31, 0x7c, 0x31, 0x7c, 0x52, 0x84, 0x4a, 0x42, 0x6b, 0x4a, 0x8b, 0x4a,
    0x6b, 0x4a, 0x8b, 0x4a, 0x8b, 0x4a, 0x8b, 0x4a, 0x6b, 0x4a, 0x8b, 0x4a,
    0x6b, 0x4a, 0x6b, 0x4a, 0x6a, 0x4a, 0x6b, 0x4a, 0x4a, 0x4a, 0x6b, 0x4a,
    0x6a, 0x4a, 0x4a, 0x4a, 0x4a, 0x4a, 0x4a, 0x4a, 0x6a, 0x4a, 0x6b, 0x4a,
    0x6a, 0x4a, 0x6b, 0x4a, 0x6a, 0x4a, 0x6b, 0x4a, 0x6a, 0x4a, 0x6a, 0x4a,
    0x6b, 0x4a, 0x4b, 0x4a, 0x6a, 0x4a, 0x6b, 0x4a, 0x8b, 0x4a, 0xab, 0x4a,
    0xac, 0x52, 0x8d, 0x4a, 0x18, 0xc6, 0x92, 0x84, 0xf8, 0xb5, 0xd8, 0xb5,
    0x5d, 0xef, 0xbd, 0xff, 0xbd, 0xff, 0xbe, 0xff, 0x34, 0xad, 0xbd, 0xff,
    0xbd, 0xff, 0x9d, 0xff, 0xbd, 0xff, 0xbd, 0xff, 0x9d, 0xff, 0x9d, 0xff,
    0x9d, 0xff, 0x9d, 0xff, 0x9d, 0xff, 0x9d, 0xff, 0x9d, 0xff, 0x9d, 0xff,
    0x9d, 0xff, 0x9d, 0xff, 0x9d, 0xff, 0x9d, 0xff, 0x9d, 0xff, 0xbd, 0xff,
    0x9c, 0xff, 0x9c, 0xff, 0x9d, 0xff, 0x9d, 0xf7, 0x9c, 0xf7, 0x9d, 0xff,
    0xbd, 0xff, 0xbd, 0xff, 0xbd, 0xff, 0x9c, 0xff, 0xbd, 0xff, 0x9d, 0xff,
    0x9c, 0xff, 0x9d, 0xff, 0x9d, 0xff, 0x9c, 0xff, 0xbd, 0xff, 0x9d, 0xff,
    0x9c, 0xff, 0x9d, 0xff, 0x9d, 0xff, 0x9c, 0xff, 0x9c, 0xff, 0x9d, 0xff,
    0x9c, 0xff, 0x7c, 0xf7, 0x7d, 0xff, 0x7c, 0xff, 0x7c, 0xff, 0x7d, 0xff,
    0x7c, 0xf7, 0x7c, 0xff, 0x7c, 0xf7, 0x7c, 0xf7, 0x7c, 0xf7, 0x7c, 0xf7,
    0x7c, 0xf7, 0x5c, 0xf7, 0x7c, 0xf7, 0x7c, 0xf7, 0x7c, 0xf7, 0x5c, 0xf7,
    0x5c, 0xf7, 0x5c, 0xf7, 0x5c, 0xf7, 0x5c, 0xf7, 0x5c, 0xf7, 0x5c, 0xf7,
    0x5c, 0xf7, 0x5b, 0xf7, 0x5c, 0xf7, 0x5c, 0xf7, 0x5c, 0xf7, 0x5c, 0xf7,
    0x7c, 0xf7, 0x5c, 0xf7, 0x5c, 0xef, 0x5c, 0xf7, 0x5c, 0xf7, 0x7d, 0xf7,
    0x10, 0x7c, 0xcf, 0x73, 0xae, 0x73, 0xae, 0x73, 0xaf, 0x73, 0xae, 0x6b,
    0x8e, 0x73, 0x8e, 0x6b, 0x8e, 0x6b, 0x8e, 0x73, 0x8e, 0x73, 0x8e, 0x73,
    0x8e, 0x73, 0x8e, 0x73, 0x8e, 0x73, 0x8e, 0x73, 0x8e, 0x73, 0x8e, 0x73,
    0x8e, 0x73, 0x8e, 0x73, 0x8e, 0x73, 0x8e, 0x73, 0x8e, 0x6b, 0x8e, 0x73,
    0x8e, 0x73, 0x8e, 0x73, 0x8e, 0x73, 0x8e, 0x73, 0x8e, 0x73, 0x8e, 0x73,
    0xae, 0x73, 0xae, 0x73, 0xae, 0x73, 0xae, 0x73, 0xae, 0x73, 0xae, 0x73,
    0xae, 0x73, 0xae, 0x73, 0x8e, 0x73, 0x8e, 0x73, 0xae, 0x73, 0xae, 0x73,
    0x8e, 0x73, 0xae, 0x73, 0xae, 0x73, 0x8e, 0x73, 0xae, 0x73, 0x8e, 0x73,
    0xae, 0x73, 0xaf, 0x73, 0x8e, 0x6b, 0x8e, 0x6b, 0x6e, 0x6b, 0x6e, 0x6b,
    0x6e, 0x63, 0x6d, 0x63, 0x6e, 0x63, 0x6d, 0x63, 0x4e, 0x63, 0x6e, 0x63,
    0x6e, 0x63, 0x4d, 0x63, 0x6e, 0x63, 0x4e, 0x63, 0x4d, 0x63, 0x6e, 0x63,
    0x4e, 0x63, 0x4d, 0x63, 0x4d, 0x63, 0x4e, 0x63, 0x4d, 0x63, 0x4d, 0x63,
    0x4d, 0x63, 0x4d, 0x63, 0x4d, 0x63, 0x2d, 0x63, 0x4d, 0x63, 0x4d, 0x63,
    0x4d, 0x63, 0x4d, 0x63, 0x4d, 0x63, 0x4d, 0x63, 0x4d, 0x63, 0x4d, 0x63,
    0x4d, 0x63, 0x4d, 0x63, 0x6d, 0x63, 0x32, 0x7c, 0xf5, 0x94, 0x16, 0x95,
    0x15, 0x95, 0xf5, 0x94, 0xb4, 0x8c, 0x93, 0x8c, 0x73, 0x8c, 0x93, 0x94,
    0xb4, 0x94, 0xf4, 0x9c, 0x59, 0xce, 0xdf, 0xff, 0x34, 0xa5, 0xf7, 0xbd,
    0x55, 0xad, 0xbe, 0xff, 0x3c, 0xe7, 0x75, 0xad, 0x9d, 0xff, 0x9d, 0xff,
    0x9d, 0xff, 0x9d, 0xff, 0x9d, 0xf7, 0x7d, 0xf7, 0x5c, 0xf7, 0x5d, 0xf7,
    0x5c, 0xef, 0x5c, 0xf7, 0x5c, 0xef, 0x5c, 0xf7, 0x5c, 0xef, 0x5c, 0xef,
    0x5c, 0xf7, 0x5c, 0xf7, 0x3c, 0xef, 0x3c, 0xf7, 0x3c, 0xef, 0x3c, 0xf7,
    0x3c, 0xef, 0x3b, 0xef, 0x3c, 0xef, 0x3b, 0xef, 0x3b, 0xef, 0x7a, 0xce,
    0x19, 0xc6, 0x18, 0xbe, 0xb7, 0xb5, 0x9e, 0xf7, 0xff, 0xff, 0xff, 0xff,
    0x39, 0xce, 0xf9, 0xcd, 0x77, 0xbd, 0x1d, 0xef, 0x57, 0xb5, 0x17, 0xad,
    0xb9, 0xbd, 0xb8, 0xbd, 0xb6, 0x9c, 0x5b, 0xce, 0x75, 0x8c, 0x95, 0x8c,
    0xb2, 0x7b, 0x34, 0x8c, 0x39, 0xad, 0xf3, 0x7b, 0x51, 0x6b, 0xf0, 0x62,
    0x30, 0x6b, 0x10, 0x63, 0x18, 0xa5, 0x35, 0x8c, 0xf4, 0x83, 0x51, 0x73,
    0x51, 0x73, 0x10, 0x63, 0xf0, 0x62, 0x8f, 0x5a, 0x6e, 0x52, 0x0c, 0x42,
    0xcf, 0x62, 0x14, 0x84, 0x35, 0x8c, 0x34, 0x8c, 0xf4, 0x83, 0xd3, 0x7b,
    0xcf, 0x62, 0x8e, 0x52, 0x97, 0xa5, 0x97, 0xad, 0x18, 0xbe, 0x79, 0xce,
    0x99, 0xce, 0x38, 0xbe, 0x18, 0xbe, 0xf8, 0xb5, 0xf7, 0xb5, 0x35, 0x9d,
    0xb3, 0x8c, 0x93, 0x84, 0x93, 0x84, 0x92, 0x84, 0x73, 0x84, 0x72, 0x84,
    0x72, 0x84, 0x52, 0x7c, 0x32, 0x7c, 0x31, 0x7c, 0x52, 0x84, 0x4a, 0x42,
    0x6a, 0x4a, 0x6a, 0x42, 0x8b, 0x4a, 0x6b, 0x4a, 0x6b, 0x4a, 0x6b, 0x4a,
    0x6b, 0x4a, 0x6a, 0x4a, 0x6a, 0x4a, 0x6a, 0x4a, 0x6b, 0x4a, 0x6b, 0x4a,
    0x4a, 0x42, 0x6a, 0x42, 0x6a, 0x4a, 0x6a, 0x42, 0x6a, 0x4a, 0x4a, 0x4a,
    0x6a, 0x4a, 0x6a, 0x4a, 0x4a, 0x4a, 0x6b, 0x4a, 0x4b, 0x42, 0x4a, 0x4a,
    0x6b, 0x4a, 0x4a, 0x4a, 0x6b, 0x4a, 0x6b, 0x4a, 0x6a, 0x4a, 0x6b, 0x4a,
    0x6b, 0x4a, 0x8b, 0x4a, 0xac, 0x52, 0x8d, 0x4a, 0x52, 0x7c, 0x55, 0x9d,
    0xb7, 0xad, 0x7a, 0xd6, 0xbd, 0xff, 0xbd, 0xff, 0xbd, 0xff, 0x9d, 0xff,
    0x3b, 0xef, 0x9d, 0xff, 0x9d, 0xff, 0x9d, 0xff, 0x9d, 0xff, 0xbd, 0xff,
    0x9d, 0xff, 0x9c, 0xff, 0x9d, 0xff, 0x9d, 0xff, 0xbd, 0xff, 0x9d, 0xff,
    0xbd, 0xff, 0x9d, 0xff, 0x9d, 0xff, 0xbd, 0xff, 0x9c, 0xff, 0x9d, 0xff,
    0x9d, 0xff, 0x9c, 0xff, 0x9d, 0xff, 0x9d, 0xff, 0x9c, 0xf7, 0x5b, 0xef,
    0x9d, 0xff, 0x9d, 0xff, 0x9c, 0xff, 0x9d, 0xff, 0xbd, 0xff, 0x9d, 0xff,
    0x9d, 0xff, 0xbd, 0xff, 0x9d, 0xff, 0x9d, 0xff, 0x9d, 0xff, 0x9c, 0xff,
    0x9c, 0xff, 0x9d, 0xff, 0x9d, 0xff, 0x9c, 0xff, 0x9c, 0xff, 0x9d, 0xff,
    0x7d, 0xff, 0x9c, 0xff, 0x7c, 0xff, 0x7d, 0xff, 0x7c, 0xff, 0x9c, 0xf7,
    0x7c, 0xff, 0x7c, 0xff, 0x7c, 0xf7, 0x7c, 0xf7, 0x7d, 0xf7, 0x7c, 0xf7,
    0x7c, 0xf7, 0x7c, 0xf7, 0x7c, 0xf7, 0x7d, 0xf7, 0x5c, 0xf7, 0x7c, 0xf7,
    0x7c, 0xf7, 0x5c, 0xf7, 0x5c, 0xf7, 0x7c, 0xf7, 0x5c, 0xf7, 0x5c, 0xf7,
    0x5c, 0xf7, 0x5c, 0xf7, 0x5c, 0xf7, 0x5c, 0xf7, 0x5c, 0xf7, 0x5c, 0xf7,
    0x5c, 0xf7, 0x5c, 0xf7, 0x7c, 0xf7, 0x5c, 0xf7, 0x7c, 0xef, 0x5c, 0xf7,
    0x7c, 0xf7, 0xfb, 0xe6, 0xaf, 0x7b, 0xcf, 0x73, 0xae, 0x73, 0xae, 0x73,
    0xae, 0x73, 0xae, 0x6b, 0x8e, 0x6b, 0x8e, 0x73, 0x8e, 0x73, 0x8e, 0x6b,
    0x8e, 0x6b, 0xae, 0x6b, 0x8e, 0x73, 0x8e, 0x6b, 0x8e, 0x6b, 0x8e, 0x73,
    0x8e, 0x6b, 0x8e, 0x73, 0x8e, 0x6b, 0x8e, 0x6b, 0x8e, 0x73, 0x8e, 0x6b,
    0x8e, 0x73, 0x8e, 0x6b, 0x8e, 0x6b, 0x8e, 0x73, 0x8e, 0x6b, 0xae, 0x73,
    0x8e, 0x73, 0x8e, 0x73, 0x8e, 0x6b, 0x8e, 0x73, 0x8e, 0x6b, 0x8e, 0x73,
    0x8e, 0x73, 0x8e, 0x73, 0xae, 0x73, 0x8e, 0x73, 0xae, 0x73, 0x8e, 0x73,
    0xae, 0x73, 0x8e, 0x73, 0x8e, 0x73, 0xae, 0x73, 0x8e, 0x73, 0x8e, 0x73,
    0xae, 0x73, 0x8e, 0x6b, 0x8e, 0x6b, 0x8e, 0x6b, 0x8e, 0x6b, 0x8e, 0x6b,
    0x6e, 0x6b, 0x6e, 0x6b, 0x4d, 0x63, 0x6d, 0x63, 0x6e, 0x63, 0x4e, 0x63,
    0x6d, 0x63, 0x4e, 0x63, 0x6d, 0x63, 0x6d, 0x6b, 0x4e, 0x63, 0x6d, 0x63,
    0x6d, 0x63, 0x4d, 0x63, 0x4e, 0x63, 0x4d, 0x63, 0x4d, 0x63, 0x4d, 0x63,
    0x4d, 0x63, 0x4d, 0x63, 0x2d, 0x5b, 0x2d, 0x5b, 0x2c, 0x5b, 0x2d, 0x5b,
    0x2d, 0x5b, 0x2d, 0x63, 0x2d, 0x63, 0x2d, 0x5b, 0x2d, 0x63, 0x2d, 0x5b,
    0x2d, 0x5b, 0x4d, 0x63, 0x4d, 0x5b, 0x4d, 0x5b, 0x6d, 0x63, 0xaf, 0x6b,
    0x93, 0x84, 0xd5, 0x8c, 0xd4, 0x8c, 0x94, 0x84, 0x73, 0x84, 0x94, 0x8c,
    0xd4, 0x94, 0x15, 0x9d, 0xb7, 0xbd, 0xfb, 0xde, 0xbe, 0xff, 0x3d, 0xef,
    0x2c, 0x63, 0xdb, 0xde, 0x9d, 0xff, 0x9d, 0xf7, 0x75, 0xb5, 0x9e, 0xf7,
    0x7d, 0xf7, 0x7d, 0xf7, 0x7d, 0xf7, 0x5d, 0xf7, 0x5d, 0xf7, 0x5d, 0xf7,
    0x1b, 0xe7, 0x1b, 0xe7, 0x5d, 0xf7, 0x5c, 0xf7, 0x5c, 0xef, 0x5d, 0xf7,
    0x5c, 0xef, 0x5c, 0xef, 0x5c, 0xf7, 0x5c, 0xef, 0x3c, 0xef, 0x5c, 0xf7,
    0x3c, 0xef, 0x3c, 0xf7, 0x1b, 0xe7, 0x9a, 0xd6, 0x7a, 0xd6, 0xba, 0xd6,
    0xda, 0xde, 0x59, 0xce, 0x18, 0xc6, 0xf8, 0xbd, 0x9a, 0xd6, 0xff, 0xff,
    0xff, 0xff, 0xbe, 0xff, 0xb7, 0xbd, 0x78, 0xb5, 0x98, 0xbd, 0xd9, 0xc5,
    0xd6, 0xac, 0xf6, 0xa4, 0x55, 0x94, 0x75, 0x94, 0x35, 0x8c, 0x3b, 0xce,
    0xf4, 0x7b, 0x35, 0x84, 0x13, 0x84, 0xb0, 0x8b, 0x96, 0x94, 0xb6, 0x94,
    0xf3, 0x7b, 0x8e, 0x52, 0x10, 0x6b, 0x8e, 0x5a, 0xb6, 0x9c, 0x34, 0x8c,
    0xd3, 0x83, 0x72, 0x73, 0x10, 0x63, 0xf0, 0x62, 0xf0, 0x62, 0x6f, 0x52,
    0x4e, 0x52, 0xcc, 0x41, 0xaf, 0x5a, 0xf4, 0x83, 0x55, 0x94, 0x75, 0x94,
    0x75, 0x94, 0xd3, 0x7b, 0xcf, 0x5a, 0x8e, 0x52, 0x77, 0xa5, 0x38, 0xbe,
    0x38, 0xbe, 0x59, 0xbe, 0x59, 0xc6, 0x59, 0xc6, 0x38, 0xbe, 0x18, 0xbe,
    0x18, 0xb6, 0xb7, 0xad, 0xb4, 0x8c, 0x93, 0x84, 0x93, 0x84, 0x72, 0x84,
    0x72, 0x84, 0x73, 0x84, 0x72, 0x7c, 0x52, 0x7c, 0x52, 0x7c, 0x31, 0x7c,
    0x52, 0x84, 0x4a, 0x42, 0x6b, 0x4a, 0x6b, 0x4a, 0x6a, 0x4a, 0x8b, 0x4a,
    0xac, 0x4a, 0xab, 0x4a, 0xac, 0x4a, 0xcc, 0x52, 0xac, 0x4a, 0xac, 0x4a,
    0xac, 0x4a, 0xab, 0x4a, 0xcc, 0x5a, 0xcc, 0x5a, 0xcc, 0x5a, 0xec, 0x5a,
    0xec, 0x5a, 0xec, 0x5a, 0x0d, 0x5b, 0xcc, 0x5a, 0x4a, 0x42, 0x6a, 0x4a,
    0x6b, 0x4a, 0x6a, 0x4a, 0x4a, 0x42, 0x6b, 0x4a, 0x8b, 0x4a, 0x8b, 0x4a,
    0x8b, 0x52, 0x8c, 0x52, 0xac, 0x52, 0xac, 0x52, 0xed, 0x52, 0xcd, 0x4a,
    0x15, 0x95, 0x76, 0xa5, 0x96, 0xad, 0xbd, 0xff, 0xbd, 0xff, 0x9d, 0xff,
    0xbd, 0xff, 0xbd, 0xff, 0xbd, 0xff, 0x9d, 0xff, 0x9d, 0xff, 0x9d, 0xff,
    0x9d, 0xff, 0x9d, 0xff, 0x9d, 0xff, 0xbd, 0xff, 0x9c, 0xff, 0x9c, 0xff,
    0x9c, 0xff, 0x9c, 0xff, 0x9c, 0xff, 0x9c, 0xff, 0x9d, 0xff, 0x9c, 0xff,
    0x9c, 0xff, 0x9d, 0xff, 0x9d, 0xff, 0x9c, 0xff, 0x9d, 0xff, 0x9d, 0xf7,
    0x1a, 0xe7, 0xbd, 0xff, 0x9d, 0xff, 0x9d, 0xff, 0x9c, 0xff, 0x9d, 0xff,
    0x9d, 0xff, 0x9c, 0xff, 0x9d, 0xff, 0x9c, 0xff, 0xbd, 0xff, 0x9d, 0xff,
    0xbd, 0xff, 0x9c, 0xff, 0x9d, 0xff, 0x9d, 0xff, 0x9c, 0xff, 0x9d, 0xff,
    0x9c, 0xff, 0x9d, 0xff, 0x9d, 0xff, 0x9c, 0xff, 0x7d, 0xf7, 0x9c, 0xff,
    0x7d, 0xf7, 0x7d, 0xf7, 0x7c, 0xff, 0x7d, 0xff, 0x7d, 0xff, 0x7c, 0xf7,
    0x7c, 0xff, 0x5c, 0xf7, 0x5d, 0xf7, 0x7c, 0xf7, 0x7c, 0xf7, 0x7d, 0xf7,
    0x7d, 0xf7, 0x5c, 0xf7, 0x5d, 0xf7, 0x7d, 0xf7, 0x7c, 0xf7, 0x7c, 0xf7,
    0x7d, 0xf7, 0x5c, 0xf7, 0x5c, 0xf7, 0x5d, 0xff, 0x5c, 0xf7, 0x5c, 0xf7,
    0x5c, 0xf7, 0x5c, 0xf7, 0x5c, 0xf7, 0x5c, 0xf7, 0x5c, 0xf7, 0x5c, 0xf7,
    0x7d, 0xf7, 0x7d, 0xf7, 0x5c, 0xf7, 0x5d, 0xef, 0xcf, 0x7b, 0xcf, 0x73,
    0xae, 0x73, 0xae, 0x73, 0x8e, 0x6b, 0x8e, 0x73, 0x8e, 0x6b, 0x8e, 0x73,
    0x8e, 0x73, 0x8e, 0x6b, 0x8e, 0x73, 0x8e, 0x6b, 0x8e, 0x6b, 0x8e, 0x73,
    0x8e, 0x6b, 0x8e, 0x6b, 0x8e, 0x73, 0x8e, 0x6b, 0x8e, 0x6b, 0x8e, 0x73,
    0x8e, 0x6b, 0x8e, 0x6b, 0x8e, 0x73, 0x8e, 0x6b, 0x8e, 0x6b, 0x8e, 0x73,
    0x8e, 0x6b, 0x8e, 0x6b, 0xae, 0x73, 0x8e, 0x6b, 0x8e, 0x73, 0x8e, 0x6b,
    0x8e, 0x73, 0x8e, 0x6b, 0x8e, 0x6b, 0xae, 0x73, 0x8e, 0x6b, 0xae, 0x73,
    0x8f, 0x73, 0xae, 0x6b, 0x8e, 0x73, 0xaf, 0x6b, 0xae, 0x73, 0x8e, 0x6b,
    0xae, 0x73, 0x8e, 0x6b, 0x8e, 0x73, 0x8e, 0x73, 0x8e, 0x6b, 0x8e, 0x6b,
    0x8e, 0x6b, 0x6e, 0x6b, 0x6d, 0x6b, 0x6d, 0x63, 0x4e, 0x63, 0x4d, 0x63,
    0x6d, 0x63, 0x6d, 0x63, 0x4d, 0x63, 0x4d, 0x63, 0x6e, 0x63, 0x4e, 0x63,
    0x6d, 0x63, 0x6e, 0x63, 0x6e, 0x63, 0x6d, 0x63, 0x6e, 0x6b, 0x8e, 0x6b,
    0x4e, 0x63, 0x4d, 0x63, 0x4d, 0x63, 0x4d, 0x63, 0x2d, 0x63, 0x2d, 0x5b,
    0x2d, 0x63, 0x2d, 0x63, 0x2c, 0x5b, 0x2d, 0x63, 0x2d, 0x5b, 0x2d, 0x63,
    0x2d, 0x63, 0x2d, 0x63, 0x4d, 0x63, 0x2d, 0x63, 0x4d, 0x63, 0x4d, 0x63,
    0x6e, 0x63, 0xaf, 0x6b, 0x73, 0x84, 0x94, 0x8c, 0x93, 0x8c, 0x94, 0x8c,
    0xb4, 0x94, 0x56, 0xa5, 0x76, 0xad, 0xb7, 0xb5, 0x1c, 0xe7, 0xbe, 0xf7,
    0xbe, 0xff, 0x30, 0x8c, 0x14, 0xa5, 0xbe, 0xff, 0x7d, 0xf7, 0x7d, 0xf7,
    0x5d, 0xf7, 0x5d, 0xf7, 0x5c, 0xf7, 0x7d, 0xf7, 0x5c, 0xf7, 0x7c, 0xf7,
    0x7c, 0xf7, 0x5d, 0xef, 0x5c, 0xf7, 0x5c, 0xf7, 0x5c, 0xf7, 0x5c, 0xef,
    0x5c, 0xf7, 0x5c, 0xf7, 0x5c, 0xf7, 0x5c, 0xef, 0x3c, 0xf7, 0x5c, 0xef,
    0x5c, 0xf7, 0x5c, 0xef, 0x3c, 0xef, 0xfb, 0xe6, 0x79, 0xce, 0x39, 0xbe,
    0x19, 0xc6, 0x18, 0xbe, 0x18, 0xbe, 0xf8, 0xbd, 0xf8, 0xbd, 0xd8, 0xbd,
    0xbf, 0xf7, 0xbe, 0xff, 0xff, 0xff, 0x1b, 0xe7, 0x76, 0xb5, 0x95, 0xa4,
    0xfa, 0xcd, 0xf6, 0xac, 0x95, 0x9c, 0x55, 0x94, 0xf4, 0x83, 0xd3, 0x7b,
    0xd3, 0x7b, 0xb8, 0xbd, 0xd3, 0x7b, 0x35, 0x84, 0xd2, 0x83, 0x52, 0xa4,
    0xae, 0x6a, 0x92, 0x7b, 0xf4, 0x83, 0x92, 0x73, 0x6e, 0x52, 0x2d, 0x4a,
    0xd2, 0x83, 0x55, 0x94, 0x92, 0x7b, 0x72, 0x7b, 0xf0, 0x62, 0xf0, 0x62,
    0xd0, 0x5a, 0xaf, 0x5a, 0x2d, 0x4a, 0xcc, 0x41, 0xaf, 0x5a, 0xf4, 0x83,
    0x76, 0x94, 0x76, 0x94, 0x96, 0x94, 0x14, 0x84, 0xef, 0x62, 0x8e, 0x5a,
    0x16, 0x9d, 0x39, 0xbe, 0x18, 0xb6, 0xb7, 0xad, 0xb7, 0xad, 0xb6, 0xad,
    0xd7, 0xad, 0xd7, 0xad, 0x17, 0xbe, 0x99, 0xce, 0x15, 0x95, 0x73, 0x84,
    0x73, 0x84, 0x72, 0x84, 0x72, 0x7c, 0x73, 0x84, 0x53, 0x7c, 0x52, 0x7c,
    0x52, 0x7c, 0x31, 0x7c, 0x52, 0x84, 0x4a, 0x42, 0x6b, 0x4a, 0x6a, 0x4a,
    0x6a, 0x4a, 0xcc, 0x52, 0xb0, 0x6b, 0x6e, 0x5b, 0x6f, 0x63, 0xd0, 0x73,
    0xd0, 0x6b, 0xd0, 0x73, 0xd0, 0x73, 0xd0, 0x73, 0xb7, 0xb5, 0xb7, 0xb5,
    0xb7, 0xb5, 0x97, 0xb5, 0x97, 0xb5, 0xb7, 0xb5, 0xb7, 0xb5, 0x75, 0xad,
    0x8b, 0x52, 0x4a, 0x4a, 0x4a, 0x4a, 0x6b, 0x4a, 0x4a, 0x42, 0xed, 0x5a,
    0xed, 0x5a, 0xed, 0x5a, 0xed, 0x5a, 0xed, 0x5a, 0x0d, 0x5b, 0x0d, 0x5b,
    0x2e, 0x63, 0x0e, 0x5b, 0x55, 0x9d, 0x55, 0x9d, 0x1c, 0xe7, 0xbd, 0xff,
    0x9d, 0xff, 0x9d, 0xff, 0xbd, 0xff, 0x9d, 0xff, 0x9d, 0xff, 0xbd, 0xff,
    0x9d, 0xff, 0x9c, 0xff, 0x9d, 0xff, 0x9c, 0xff, 0x9d, 0xff, 0x9d, 0xff,
    0x9d, 0xff, 0x9d, 0xff, 0x9d, 0xff, 0x9d, 0xff, 0x9d, 0xff, 0x9d, 0xff,
    0x9c, 0xff, 0x9d, 0xff, 0x9d, 0xff, 0x9c, 0xff, 0x9d, 0xff, 0x9d, 0xff,
    0xbd, 0xf7, 0xb9, 0xde, 0xbd, 0xff, 0x9d, 0xff, 0x9d, 0xff, 0xbd, 0xff,
    0x9d, 0xff, 0x9d, 0xff, 0xbc, 0xff, 0x9d, 0xff, 0x9d, 0xff, 0x9c, 0xff,
    0x9c, 0xff, 0x9d, 0xff, 0x9c, 0xff, 0x9d, 0xff, 0x9d, 0xff, 0x9c, 0xff,
    0x9d, 0xff, 0x9d, 0xff, 0x9c, 0xff, 0x9c, 0xff, 0x9d, 0xff, 0x9c, 0xff,
    0x7d, 0xff, 0x7c, 0xff, 0x7d, 0xff, 0x7c, 0xff, 0x7c, 0xf7, 0x7d, 0xf7,
    0x7c, 0xff, 0x7c, 0xff, 0x7c, 0xff, 0x7c, 0xf7, 0x7c, 0xf7, 0x7d, 0xf7,
    0x5d, 0xf7, 0x5d, 0xf7, 0x7d, 0xf7, 0x7d, 0xf7, 0x7d, 0xf7, 0x5c, 0xf7,
    0x5d, 0xf7, 0x7d, 0xf7, 0x5c, 0xf7, 0x5d, 0xf7, 0x7d, 0xf7, 0x5c, 0xf7,
    0x7d, 0xf7, 0x7d, 0xf7, 0x5c, 0xf7, 0x7d, 0xf7, 0x7d, 0xf7, 0x7c, 0xf7,
    0x5d, 0xf7, 0x7c, 0xf7, 0x5d, 0xf7, 0x7c, 0xf7, 0x7d, 0xf7, 0x7d, 0xf7,
    0x38, 0xce, 0x8e, 0x73, 0x8d, 0x6b, 0x8e, 0x6b, 0x6e, 0x6b, 0x6d, 0x6b,
    0x6d, 0x6b, 0x6e, 0x6b, 0x6e, 0x6b, 0x6d, 0x6b, 0x8d, 0x6b, 0x6e, 0x6b,
    0x6d, 0x6b, 0x8e, 0x6b, 0x8e, 0x73, 0x8d, 0x6b, 0x8e, 0x6b, 0x8e, 0x73,
    0x8d, 0x6b, 0x8d, 0x6b, 0x8e, 0x73, 0x8d, 0x6b, 0x8d, 0x6b, 0x8d, 0x73,
    0x8d, 0x73, 0x8d, 0x6b, 0x8d, 0x73, 0x8e, 0x6b, 0x8e, 0x6b, 0x8e, 0x73,
    0xae, 0x73, 0x8e, 0x73, 0xae, 0x6b, 0x8e, 0x6b, 0xae, 0x73, 0x8e, 0x73,
    0x8e, 0x6b, 0x8e, 0x6b, 0xae, 0x73, 0x8e, 0x73, 0x8e, 0x6b, 0xae, 0x73,
    0xae, 0x73, 0xae, 0x73, 0x8e, 0x73, 0xae, 0x6b, 0xae, 0x6b, 0x8e, 0x6b,
    0x6e, 0x6b, 0x6e, 0x6b, 0x6e, 0x6b, 0x6d, 0x6b, 0x6d, 0x63, 0x6e, 0x63,
    0x4d, 0x63, 0x4e, 0x63, 0x6d, 0x63, 0x6e, 0x63, 0x6e, 0x63, 0x6d, 0x63,
    0x6e, 0x63, 0x6e, 0x63, 0x6d, 0x63, 0x6e, 0x63, 0x6e, 0x63, 0x6d, 0x63,
    0x8e, 0x6b, 0x8e, 0x6b, 0x6d, 0x63, 0x4d, 0x63, 0x4d, 0x5b, 0x4d, 0x63,
    0x4d, 0x5b, 0x4d, 0x63, 0x4d, 0x5b, 0x4c, 0x5b, 0x2d, 0x5b, 0x4d, 0x5b,
    0x4d, 0x5b, 0x4d, 0x5b, 0x4d, 0x5b, 0x4d, 0x5b, 0x4d, 0x63, 0x4d, 0x5b,
    0x4d, 0x63, 0x6e, 0x63, 0x8e, 0x63, 0xf0, 0x73, 0x32, 0x7c, 0x73, 0x84,
    0xd4, 0x8c, 0x36, 0x9d, 0xf8, 0xbd, 0x3c, 0xe7, 0x7e, 0xf7, 0x1c, 0xe7,
    0x9e, 0xf7, 0x9e, 0xf7, 0x92, 0x94, 0x79, 0xd6, 0x55, 0xad, 0xbe, 0xff,
    0x7d, 0xf7, 0x7d, 0xf7, 0x7c, 0xf7, 0x5c, 0xf7, 0x7c, 0xf7, 0x5d, 0xf7,
    0x5c, 0xf7, 0x7c, 0xf7, 0x5c, 0xef, 0x5c, 0xf7, 0x5d, 0xf7, 0x5c, 0xf7,
    0x5c, 0xef, 0x5d, 0xf7, 0x5c, 0xef, 0x5c, 0xf7, 0x5d, 0xf7, 0x5c, 0xf7,
    0x5c, 0xef, 0x5c, 0xf7, 0x3c, 0xef, 0x3c, 0xef, 0x5c, 0xef, 0xfb, 0xe6,
    0x39, 0xc6, 0x39, 0xc6, 0x18, 0xc6, 0x18, 0xc6, 0x19, 0xbe, 0x18, 0xbe,
    0xf8, 0xbd, 0xba, 0xd6, 0xff, 0xff, 0xdf, 0xff, 0xff, 0xff, 0x99, 0xd6,
    0x36, 0xb5, 0xf3, 0x93, 0xb9, 0xc5, 0xf7, 0xac, 0x95, 0x9c, 0x14, 0x8c,
    0xb3, 0x7b, 0xd3, 0x83, 0x34, 0x8c, 0x17, 0xa5, 0x14, 0x84, 0x75, 0x94,
    0x2f, 0x7b, 0xaf, 0x9b, 0x92, 0xb4, 0x30, 0x7b, 0xaf, 0x62, 0x71, 0x73,
    0x51, 0x6b, 0xae, 0x5a, 0xef, 0x62, 0xb6, 0x9c, 0x92, 0x73, 0x72, 0x73,
    0xf0, 0x62, 0xf0, 0x62, 0xd0, 0x5a, 0xd0, 0x5a, 0x2d, 0x4a, 0xab, 0x39,
    0xaf, 0x5a, 0xd4, 0x83, 0x76, 0x94, 0x75, 0x94, 0x96, 0x94, 0x14, 0x8c,
    0x30, 0x6b, 0x8e, 0x52, 0x74, 0x8c, 0xd7, 0xad, 0xb6, 0xa5, 0x96, 0xa5,
    0x96, 0xa5, 0x96, 0xa5, 0x76, 0x9d, 0x55, 0x9d, 0xb6, 0xa5, 0x38, 0xc6,
    0x76, 0xa5, 0x72, 0x7c, 0x73, 0x7c, 0x52, 0x7c, 0x72, 0x84, 0x73, 0x7c,
    0x52, 0x84, 0x52, 0x7c, 0x52, 0x7c, 0x32, 0x7c, 0x72, 0x8c, 0x49, 0x42,
    0x6a, 0x4a, 0x6b, 0x4a, 0x6b, 0x4a, 0xac, 0x52, 0x8f, 0x63, 0x4e, 0x5b,
    0x4e, 0x63, 0xb0, 0x6b, 0xb0, 0x6b, 0x6f, 0x63, 0x8f, 0x6b, 0xd0, 0x73,
    0x76, 0xad, 0x56, 0xa5, 0x56, 0xad, 0x56, 0xa5, 0x76, 0xad, 0x55, 0xad,
    0x76, 0xad, 0x14, 0xa5, 0x8b, 0x4a, 0x6b, 0x4a, 0x4a, 0x42, 0x4a, 0x4a,
    0x4a, 0x4a, 0xcd, 0x5a, 0xed, 0x5a, 0xed, 0x5a, 0xed, 0x5a, 0xed, 0x5a,
    0xed, 0x5a, 0xed, 0x5a, 0x2e, 0x63, 0xee, 0x52, 0x55, 0x9d, 0x96, 0xa5,
    0xde, 0xff, 0x9d, 0xff, 0x9d, 0xff, 0xbd, 0xff, 0xbd, 0xff, 0x9d, 0xff,
    0x9d, 0xff, 0xbd, 0xff, 0x9c, 0xff, 0x9d, 0xff, 0xbd, 0xff, 0x9d, 0xff,
    0x9c, 0xff, 0x9c, 0xff, 0x9d, 0xff, 0x9c, 0xff, 0x9d, 0xff, 0x9d, 0xff,
    0x9c, 0xff, 0x9d, 0xff, 0x9d, 0xff, 0x9d, 0xff, 0x9c, 0xff, 0x9d, 0xff,
    0x9c, 0xff, 0x7c, 0xf7, 0xd6, 0xbd, 0x7d, 0xf7, 0x3c, 0xef, 0x1b, 0xef,
    0x1a, 0xe7, 0x3b, 0xef, 0x7c, 0xff, 0x9d, 0xff, 0xbd, 0xff, 0x9d, 0xff,
    0x9d, 0xff, 0x9d, 0xff, 0x9c, 0xff, 0x9d, 0xff, 0x9d, 0xff, 0x9c, 0xff,
    0x9d, 0xff, 0x9c, 0xff, 0x9d, 0xff, 0x9d, 0xff, 0x9c, 0xff, 0x7d, 0xff,
    0x7c, 0xff, 0x9d, 0xff, 0x7c, 0xf7, 0x7d, 0xff, 0x7c, 0xff, 0x7d, 0xff,
    0x7c, 0xff, 0x7c, 0xf7, 0x7d, 0xff, 0x7d, 0xf7, 0x5d, 0xf7, 0x7c, 0xff,
    0x7d, 0xf7, 0x7d, 0xff, 0x5c, 0xff, 0x5c, 0xf7, 0x5d, 0xf7, 0x7c, 0xf7,
    0x7c, 0xf7, 0x7d, 0xf7, 0x7d, 0xf7, 0x7d, 0xf7, 0x5c, 0xf7, 0x7d, 0xf7,
    0x7d, 0xff, 0x5c, 0xf7, 0x7c, 0xf7, 0x5d, 0xf7, 0x5c, 0xf7, 0x7d, 0xf7,
    0x5c, 0xf7, 0x5d, 0xf7, 0x7d, 0xf7, 0x7c, 0xef, 0x5c, 0xf7, 0x5d, 0xf7,
    0x7c, 0xf7, 0x7d, 0xf7, 0x7d, 0xf7, 0x3b, 0xe7, 0x58, 0xce, 0xf7, 0xc5,
    0xd7, 0xbd, 0xd6, 0xbd, 0xb6, 0xbd, 0xb5, 0xb5, 0x95, 0xb5, 0x75, 0xb5,
    0x75, 0xad, 0x54, 0xad, 0x13, 0xa5, 0x13, 0xa5, 0xf3, 0xa4, 0xd3, 0x9c,
    0xd3, 0x9c, 0xd3, 0x9c, 0xd3, 0x9c, 0xd3, 0x9c, 0xd3, 0x9c, 0xd3, 0x9c,
    0xd3, 0x9c, 0xd3, 0x9c, 0xd3, 0x9c, 0xd3, 0x9c, 0xd2, 0x9c, 0xd3, 0x9c,
    0xd2, 0x9c, 0xd2, 0x9c, 0xd3, 0x9c, 0xd3, 0x9c, 0xd3, 0x9c, 0xd2, 0x9c,
    0xd3, 0x9c, 0xd3, 0x9c, 0xd3, 0x9c, 0xd3, 0x9c, 0xd3, 0x9c, 0xd3, 0x9c,
    0xd3, 0x9c, 0xd3, 0x9c, 0xd3, 0x9c, 0xd3, 0x9c, 0xf3, 0x9c, 0xd3, 0x9c,
    0xd3, 0x9c, 0xd3, 0x9c, 0xd2, 0x9c, 0xb2, 0x94, 0x51, 0x8c, 0x31, 0x84,
    0x31, 0x7c, 0x31, 0x84, 0x51, 0x84, 0x31, 0x84, 0x10, 0x7c, 0x10, 0x7c,
    0x11, 0x7c, 0x30, 0x7c, 0x51, 0x84, 0xd3, 0x94, 0x92, 0x8c, 0x30, 0x7c,
    0x10, 0x7c, 0x10, 0x7c, 0x31, 0x7c, 0x52, 0x84, 0x31, 0x7c, 0xd0, 0x73,
    0xb0, 0x6b, 0xaf, 0x6b, 0xaf, 0x6b, 0xaf, 0x6b, 0xaf, 0x73, 0xcf, 0x6b,
    0xd0, 0x73, 0xd0, 0x73, 0xd0, 0x73, 0xd0, 0x73, 0xd0, 0x6b, 0xd0, 0x73,
    0xd0, 0x6b, 0xd0, 0x6b, 0xd0, 0x73, 0xf0, 0x73, 0x11, 0x74, 0x31, 0x7c,
    0x32, 0x7c, 0x52, 0x7c, 0xf5, 0x94, 0x76, 0xa5, 0x76, 0xad, 0x9a, 0xd6,
    0xfb, 0xde, 0xdb, 0xde, 0x59, 0xce, 0xf8, 0xbd, 0xd7, 0xbd, 0x9e, 0xf7,
    0x35, 0xa5, 0x9d, 0xff, 0x7c, 0xf7, 0x7d, 0xf7, 0x7d, 0xf7, 0x5c, 0xf7,
    0x7d, 0xf7, 0x7d, 0xf7, 0x5d, 0xf7, 0x5d, 0xef, 0x5d, 0xf7, 0x5c, 0xf7,
    0x7d, 0xf7, 0x5d, 0xef, 0x7c, 0xf7, 0x5c, 0xf7, 0x5d, 0xef, 0x5c, 0xef,
    0x5c, 0xf7, 0x5c, 0xef, 0x5c, 0xef, 0x5c, 0xf7, 0x5c, 0xf7, 0x3c, 0xef,
    0x3c, 0xf7, 0x3b, 0xef, 0xdb, 0xde, 0xdb, 0xde, 0x59, 0xc6, 0x19, 0xc6,
    0x39, 0xce, 0x39, 0xc6, 0x39, 0xc6, 0x9e, 0xf7, 0x9e, 0xf7, 0xff, 0xff,
    0xdf, 0xff, 0x79, 0xd6, 0xf6, 0xac, 0x14, 0x94, 0xb6, 0xa4, 0xb5, 0xa4,
    0xf6, 0xac, 0x92, 0x7b, 0xb2, 0x7b, 0xd3, 0x83, 0x58, 0xb5, 0x14, 0x84,
    0x54, 0x8c, 0x75, 0x94, 0x6f, 0x83, 0xd5, 0xd5, 0xd6, 0xd5, 0x55, 0xbd,
    0x4f, 0x83, 0x4b, 0x62, 0x8d, 0x62, 0x8d, 0x5a, 0x8e, 0x5a, 0xb6, 0x9c,
    0x92, 0x7b, 0x72, 0x73, 0xf0, 0x62, 0xf0, 0x62, 0xaf, 0x5a, 0xf0, 0x62,
    0xab, 0x39, 0xab, 0x39, 0xcf, 0x62, 0xd3, 0x83, 0x75, 0x94, 0x76, 0x94,
    0x75, 0x94, 0xf4, 0x83, 0x51, 0x6b, 0xaf, 0x5a, 0xb2, 0x73, 0x97, 0xad,
    0x76, 0xa5, 0x76, 0xa5, 0x76, 0xa5, 0x96, 0x9d, 0x76, 0x9d, 0x35, 0x95,
    0xf5, 0x8c, 0x15, 0x95, 0x35, 0x95, 0x93, 0x84, 0x72, 0x7c, 0x53, 0x7c,
    0x52, 0x7c, 0x52, 0x7c, 0x52, 0x7c, 0x52, 0x84, 0x52, 0x7c, 0x52, 0x7c,
    0x72, 0x8c, 0x49, 0x42, 0x6b, 0x4a, 0x6a, 0x4a, 0x6a, 0x4a, 0x8c, 0x4a,
    0x4e, 0x63, 0x4e, 0x5b, 0x6f, 0x63, 0xd0, 0x6b, 0x6e, 0x63, 0x4e, 0x5b,
    0x6e, 0x63, 0x93, 0x8c, 0x56, 0xad, 0x55, 0xa5, 0x55, 0xa5, 0x55, 0xa5,
    0x55, 0xa5, 0x55, 0xad, 0x56, 0xad, 0x34, 0xa5, 0x8b, 0x52, 0x4b, 0x4a,
    0x4a, 0x42, 0x4a, 0x42, 0x4a, 0x4a, 0xcd, 0x5a, 0xed, 0x5a, 0xed, 0x5a,
    0xed, 0x5a, 0xed, 0x5a, 0xed, 0x5a, 0xed, 0x5a, 0x2e, 0x63, 0xee, 0x5a,
    0x55, 0xa5, 0x1c, 0xe7, 0xbd, 0xff, 0xbd, 0xff, 0xbd, 0xff, 0x9d, 0xff,
    0x9c, 0xff, 0x9d, 0xff, 0x9d, 0xff, 0x9c, 0xff, 0x9d, 0xff, 0x9d, 0xff,
    0x9d, 0xff, 0xbd, 0xff, 0x9c, 0xff, 0x9d, 0xff, 0x9d, 0xff, 0x9c, 0xff,
    0x9c, 0xff, 0x9d, 0xff, 0x9c, 0xff, 0x9c, 0xff, 0x9d, 0xff, 0x9c, 0xff,
    0x9d, 0xff, 0x9d, 0xff, 0x7c, 0xef, 0x95, 0xb5, 0x9d, 0xf7, 0xbd, 0xff,
    0x5c, 0xf7, 0x1b, 0xef, 0x1b, 0xef, 0x5c, 0xf7, 0x9c, 0xff, 0x9c, 0xff,
    0x9d, 0xff, 0x9d, 0xff, 0xbc, 0xff, 0x9d, 0xff, 0x9d, 0xff, 0x9c, 0xff,
    0x9d, 0xff, 0x9d, 0xff, 0x9c, 0xff, 0x9d, 0xff, 0x9d, 0xff, 0x9c, 0xff,
    0x9d, 0xff, 0x9c, 0xff, 0x9d, 0xff, 0x9c, 0xff, 0x9d, 0xff, 0x7c, 0xf7,
    0x9d, 0xff, 0x7d, 0xff, 0x7c, 0xf7, 0x7c, 0xff, 0x7d, 0xff, 0x7d, 0xf7,
    0x7d, 0xff, 0x5d, 0xf7, 0x7d, 0xff, 0x5d, 0xf7, 0x7c, 0xf7, 0x7d, 0xff,
    0x5d, 0xf7, 0x5c, 0xf7, 0x7d, 0xf7, 0x7d, 0xf7, 0x7c, 0xf7, 0x7c, 0xf7,
    0x7d, 0xf7, 0x7d, 0xf7, 0x7c, 0xf7, 0x7d, 0xf7, 0x7d, 0xf7, 0x5c, 0xf7,
    0x7d, 0xf7, 0x5c, 0xf7, 0x7c, 0xf7, 0x5d, 0xf7, 0x5c, 0xf7, 0x7d, 0xf7,
    0x5d, 0xf7, 0x5c, 0xf7, 0x7d, 0xf7, 0x5d, 0xf7, 0x7d, 0xf7, 0x3c, 0xef,
    0x17, 0xc6, 0xb6, 0xbd, 0x96, 0xb5, 0x95, 0xb5, 0x95, 0xb5, 0x95, 0xb5,
    0x95, 0xb5, 0x75, 0xb5, 0x75, 0xb5, 0x75, 0xad, 0x54, 0xad, 0x34, 0xad,
    0x34, 0xa5, 0x34, 0xa5, 0x34, 0xa5, 0x13, 0xa5, 0x14, 0xa5, 0x13, 0xa5,
    0x13, 0xa5, 0x14, 0xa5, 0xf3, 0xa4, 0x13, 0xa5, 0xf4, 0xa4, 0x13, 0xa5,
    0x14, 0xa5, 0x13, 0xa5, 0x14, 0xa5, 0x14, 0xa5, 0x13, 0xa5, 0x14, 0xa5,
    0x14, 0xa5, 0x14, 0xa5, 0x14, 0xa5, 0x14, 0xa5, 0x14, 0xa5, 0x13, 0xa5,
    0x14, 0xa5, 0x14, 0xa5, 0x14, 0xa5, 0x14, 0xa5, 0x14, 0xa5, 0x14, 0xa5,
    0x14, 0xa5, 0x14, 0xa5, 0x34, 0xa5, 0x14, 0xa5, 0x34, 0xa5, 0x14, 0xa5,
    0xf3, 0x9c, 0x92, 0x8c, 0x72, 0x8c, 0x72, 0x8c, 0x72, 0x8c, 0x72, 0x8c,
    0x52, 0x84, 0x51, 0x84, 0x31, 0x84, 0x31, 0x84, 0x72, 0x8c, 0xb3, 0x94,
    0x92, 0x8c, 0x51, 0x84, 0x31, 0x84, 0x31, 0x7c, 0x10, 0x7c, 0x31, 0x7c,
    0x31, 0x7c, 0xf0, 0x7b, 0xd0, 0x73, 0xcf, 0x73, 0xf0, 0x73, 0xf0, 0x73,
    0xd0, 0x73, 0xd0, 0x73, 0xf0, 0x73, 0xd0, 0x73, 0xcf, 0x73, 0xcf, 0x73,
    0xaf, 0x6b, 0xaf, 0x6b, 0xaf, 0x73, 0xaf, 0x6b, 0xcf, 0x73, 0xf0, 0x73,
    0x11, 0x74, 0x32, 0x7c, 0x52, 0x84, 0xd4, 0x94, 0x97, 0xad, 0xbb, 0xd6,
    0x19, 0xc6, 0xb7, 0xb5, 0x76, 0xad, 0x76, 0xad, 0x97, 0xad, 0x73, 0x8c,
    0xb7, 0xb5, 0x18, 0xbe, 0xd3, 0x9c, 0xbe, 0xff, 0x7d, 0xf7, 0x5c, 0xf7,
    0x7d, 0xf7, 0x5c, 0xf7, 0x5c, 0xf7, 0x7d, 0xf7, 0x7c, 0xf7, 0x5c, 0xf7,
    0x5c, 0xf7, 0x5c, 0xf7, 0x5c, 0xef, 0x5d, 0xf7, 0x5c, 0xf7, 0x5c, 0xf7,
    0x5d, 0xf7, 0x5c, 0xf7, 0x5c, 0xf7, 0x5d, 0xf7, 0x5c, 0xef, 0x5c, 0xf7,
    0x5c, 0xef, 0x3c, 0xef, 0x5c, 0xf7, 0x3c, 0xef, 0x3c, 0xef, 0xfb, 0xde,
    0x79, 0xce, 0xda, 0xde, 0x5d, 0xef, 0x3c, 0xef, 0x79, 0xce, 0xdf, 0xff,
    0xdb, 0xde, 0xff, 0xff, 0xbe, 0xff, 0x59, 0xd6, 0x13, 0x94, 0x93, 0x8b,
    0x75, 0xa4, 0xb2, 0x83, 0xf6, 0xa4, 0x51, 0x73, 0x93, 0x7b, 0x35, 0x94,
    0x55, 0x94, 0x34, 0x8c, 0x95, 0x9c, 0x54, 0x94, 0x8f, 0x8b, 0xd6, 0xd5,
    0xb6, 0xcd, 0xb5, 0xcd, 0xb5, 0xcd, 0x30, 0x9c, 0x0d, 0x7b, 0xcf, 0x93,
    0x6e, 0x83, 0x96, 0x94, 0xd3, 0x7b, 0x51, 0x73, 0xd0, 0x5a, 0x11, 0x63,
    0x8f, 0x52, 0x10, 0x63, 0x91, 0x7b, 0x69, 0x31, 0x30, 0x6b, 0xf4, 0x83,
    0x55, 0x94, 0x96, 0x94, 0x55, 0x8c, 0xf4, 0x83, 0x72, 0x73, 0xaf, 0x52,
    0x51, 0x6b, 0xb7, 0xad, 0x76, 0xa5, 0x76, 0x9d, 0x76, 0x9d, 0x76, 0x9d,
    0x76, 0xa5, 0x56, 0x9d, 0xf4, 0x8c, 0xd4, 0x8c, 0xb4, 0x8c, 0x93, 0x84,
    0x72, 0x84, 0x72, 0x7c, 0x72, 0x7c, 0x72, 0x7c, 0x52, 0x7c, 0x52, 0x7c,
    0x52, 0x7c, 0x52, 0x7c, 0x72, 0x8c, 0x2a, 0x42, 0x4b, 0x4a, 0x6a, 0x4a,
    0x6a, 0x42, 0x8b, 0x4a, 0x4f, 0x63, 0x4e, 0x5b, 0xf0, 0x73, 0xd0, 0x73,
    0x4e, 0x63, 0xaf, 0x6b, 0xb3, 0x94, 0x56, 0xad, 0x35, 0xa5, 0x35, 0xa5,
    0x35, 0xa5, 0x35, 0xad, 0x55, 0xa5, 0x56, 0xa5, 0x15, 0x9d, 0x92, 0x94,
    0xcc, 0x52, 0x4b, 0x4a, 0x4a, 0x4a, 0x6a, 0x42, 0x4a, 0x4a, 0xcd, 0x5a,
    0xed, 0x5a, 0xed, 0x5a, 0xed, 0x5a, 0xed, 0x5a, 0xed, 0x5a, 0xec, 0x5a,
    0x4e, 0x63, 0xee, 0x5a, 0x6e, 0x63, 0x14, 0xa5, 0x75, 0xb5, 0x7c, 0xf7,
    0xbd, 0xff, 0x9d, 0xff, 0x9d, 0xff, 0x9d, 0xff, 0x9d, 0xff, 0xbd, 0xff,
    0x9c, 0xff, 0x9c, 0xff, 0x9c, 0xff, 0x9d, 0xff, 0x9d, 0xff, 0x9c, 0xff,
    0x9d, 0xff, 0x9d, 0xff, 0x9d, 0xff, 0x9d, 0xff, 0x9d, 0xff, 0x9d, 0xff,
    0x9c, 0xff, 0x9d, 0xff, 0x9c, 0xff, 0x7c, 0xf7, 0x95, 0xb5, 0x9d, 0xf7,
    0x9d, 0xff, 0x9d, 0xff, 0x9d, 0xff, 0x9c, 0xff, 0x9d, 0xff, 0x9d, 0xff,
    0x9d, 0xff, 0x9d, 0xff, 0x9d, 0xff, 0x9c, 0xff, 0x9d, 0xff, 0x9d, 0xff,
    0x9d, 0xff, 0x9c, 0xff, 0x9d, 0xff, 0x9d, 0xff, 0x9c, 0xff, 0x9d, 0xff,
    0x9c, 0xff, 0x9d, 0xff, 0x9d, 0xff, 0x9d, 0xff, 0x7c, 0xff, 0x7d, 0xff,
    0x9d, 0xff, 0x7c, 0xff, 0x7c, 0xf7, 0x7d, 0xff, 0x7d, 0xf7, 0x7d, 0xff,
    0x7d, 0xff, 0x7d, 0xf7, 0x7c, 0xff, 0x7d, 0xf7, 0x7d, 0xff, 0x7d, 0xf7,
    0x7d, 0xff, 0x5d, 0xf7, 0x7c, 0xf7, 0x7d, 0xf7, 0x7d, 0xf7, 0x5c, 0xf7,
    0x7d, 0xf7, 0x7d, 0xf7, 0x5c, 0xf7, 0x7d, 0xf7, 0x7d, 0xf7, 0x7c, 0xf7,
    0x7d, 0xf7, 0x7d, 0xf7, 0x7d, 0xf7, 0x7d, 0xf7, 0x7d, 0xf7, 0x7c, 0xf7,
    0x5c, 0xf7, 0x7d, 0xf7, 0x7c, 0xf7, 0x5c, 0xef, 0x7d, 0xf7, 0x7d, 0xf7,
    0x1b, 0xe7, 0xcf, 0x7b, 0x6d, 0x6b, 0x6d, 0x6b, 0x6e, 0x6b, 0x6e, 0x6b,
    0x6e, 0x6b, 0x6e, 0x6b, 0x6e, 0x6b, 0x6d, 0x6b, 0x6e, 0x6b, 0x6d, 0x6b,
    0x6e, 0x6b, 0x8e, 0x6b, 0x6d, 0x6b, 0x6d, 0x6b, 0x8e, 0x73, 0x6d, 0x6b,
    0x6e, 0x6b, 0x6e, 0x6b, 0x6d, 0x6b, 0x6d, 0x6b, 0x8e, 0x6b, 0x8e, 0x6b,
    0x8d, 0x6b, 0x8e, 0x6b, 0x8e, 0x6b, 0x8e, 0x6b, 0x8e, 0x6b, 0x8e, 0x6b,
    0x8d, 0x6b, 0x8d, 0x6b, 0x6e, 0x6b, 0x8d, 0x6b, 0x8e, 0x73, 0x8e, 0x6b,
    0x8d, 0x6b, 0x8e, 0x73, 0x8e, 0x6b, 0x8e, 0x73, 0x8d, 0x6b, 0x8e, 0x6b,
    0x8e, 0x73, 0x8e, 0x73, 0x8e, 0x6b, 0x8e, 0x73, 0x8e, 0x73, 0x8e, 0x6b,
    0x8e, 0x6b, 0x6e, 0x6b, 0x8e, 0x6b, 0x8e, 0x6b, 0x8e, 0x6b, 0x8e, 0x6b,
    0x6e, 0x6b, 0x8e, 0x6b, 0x8e, 0x6b, 0x8e, 0x6b, 0x8e, 0x6b, 0x8e, 0x6b,
    0x6e, 0x6b, 0x6d, 0x63, 0x6e, 0x6b, 0x6d, 0x63, 0x6e, 0x63, 0x4d, 0x63,
    0x6d, 0x63, 0x4d, 0x63, 0x4d, 0x63, 0x4d, 0x63, 0x4d, 0x63, 0x4d, 0x63,
    0x4d, 0x63, 0x4d, 0x63, 0x4d, 0x63, 0x4d, 0x63, 0x4d, 0x63, 0x4d, 0x63,
    0x4d, 0x63, 0x2d, 0x63, 0x4d, 0x63, 0x2d, 0x63, 0x4d, 0x63, 0x4d, 0x63,
    0x2d, 0x63, 0x4d, 0x63, 0xaf, 0x6b, 0x11, 0x74, 0x93, 0x84, 0x15, 0x9d,
    0x36, 0xa5, 0x36, 0xa5, 0x56, 0xa5, 0x56, 0xa5, 0xf5, 0x9c, 0xf5, 0x9c,
    0x36, 0xa5, 0x15, 0x9d, 0xf5, 0x9c, 0xdb, 0xde, 0xd3, 0x9c, 0xbe, 0xff,
    0x7d, 0xf7, 0x7d, 0xf7, 0x7d, 0xf7, 0x5c, 0xf7, 0x7d, 0xf7, 0x5c, 0xef,
    0x5c, 0xf7, 0x5c, 0xf7, 0x7d, 0xef, 0x5c, 0xf7, 0x7c, 0xf7, 0x5d, 0xf7,
    0x5c, 0xf7, 0x7d, 0xef, 0x5c, 0xf7, 0x5c, 0xef, 0x5d, 0xf7, 0x5c, 0xf7,
    0x5c, 0xef, 0x3c, 0xf7, 0x3c, 0xef, 0x5c, 0xef, 0x5c, 0xf7, 0x3c, 0xef,
    0x5c, 0xef, 0x3c, 0xef, 0x1b, 0xef, 0x5c, 0xef, 0x5c, 0xef, 0x1b, 0xef,
    0xda, 0xde, 0xbb, 0xde, 0xdb, 0xde, 0xff, 0xff, 0x5d, 0xef, 0xd7, 0xcd,
    0xf3, 0x93, 0x93, 0x83, 0x55, 0x9c, 0x30, 0x73, 0xd2, 0x83, 0x72, 0x7b,
    0xd3, 0x83, 0x14, 0x8c, 0x34, 0x94, 0xf3, 0x8b, 0xf6, 0xa4, 0x0f, 0x7b,
    0x31, 0xa4, 0xb2, 0xbc, 0x91, 0xac, 0x4c, 0x83, 0xa7, 0x59, 0x05, 0x41,
    0xe6, 0x48, 0x47, 0x51, 0xc8, 0x59, 0x76, 0x9c, 0x13, 0x84, 0x51, 0x6b,
    0xaf, 0x5a, 0x11, 0x63, 0x8f, 0x52, 0xcf, 0x62, 0xf1, 0x83, 0x2c, 0x4a,
    0x71, 0x73, 0xf4, 0x83, 0x55, 0x8c, 0x55, 0x94, 0x34, 0x84, 0xf4, 0x83,
    0x92, 0x73, 0x8e, 0x52, 0x51, 0x6b, 0x38, 0xbe, 0xf7, 0xad, 0xd7, 0xad,
    0xb7, 0xad, 0xb7, 0xad, 0x97, 0xad, 0x97, 0xa5, 0x76, 0xa5, 0x55, 0x9d,
    0x35, 0x9d, 0x35, 0x9d, 0x15, 0x95, 0x15, 0x95, 0xf5, 0x94, 0xf4, 0x94,
    0xd4, 0x94, 0xb4, 0x8c, 0xb3, 0x8c, 0x73, 0x84, 0x72, 0x8c, 0x29, 0x42,
    0x6a, 0x4a, 0x4b, 0x4a, 0x4a, 0x42, 0x8b, 0x4a, 0x8f, 0x63, 0x8f, 0x6b,
    0xf1, 0x73, 0x52, 0x84, 0xd4, 0x94, 0x35, 0xa5, 0x56, 0xa5, 0x35, 0xa5,
    0x35, 0xa5, 0x35, 0xad, 0x36, 0xa5, 0x36, 0xa5, 0xd4, 0x9c, 0xf1, 0x7b,
    0x2e, 0x63, 0xf0, 0x7b, 0xcc, 0x5a, 0x4a, 0x42, 0x4a, 0x4a, 0x4b, 0x4a,
    0x4a, 0x42, 0xcc, 0x52, 0xed, 0x5a, 0xed, 0x5a, 0xec, 0x5a, 0xed, 0x5a,
    0xed, 0x5a, 0xed, 0x5a, 0x4e, 0x63, 0xee, 0x52, 0x55, 0xad, 0x14, 0xa5,
    0xd3, 0x9c, 0x92, 0x94, 0x58, 0xd6, 0xbd, 0xff, 0xbd, 0xff, 0x9c, 0xff,
    0x9c, 0xff, 0x9d, 0xff, 0x9d, 0xff, 0x9d, 0xff, 0x9c, 0xff, 0x9d, 0xff,
    0x9d, 0xff, 0x9d, 0xff, 0xbd, 0xff, 0x9d, 0xff, 0x9d, 0xff, 0xbc, 0xff,
    0x9d, 0xff, 0x9d, 0xff, 0x9c, 0xff, 0x9d, 0xff, 0x9d, 0xf7, 0x96, 0xb5,
    0x9d, 0xf7, 0x9d, 0xff, 0xbd, 0xff, 0x9d, 0xff, 0x9d, 0xff, 0x9d, 0xff,
    0x9d, 0xff, 0x9d, 0xff, 0x9d, 0xff, 0x9d, 0xff, 0x9d, 0xff, 0x9d, 0xff,
    0x9c, 0xff, 0xbd, 0xff, 0x9d, 0xff, 0x9d, 0xff, 0x9c, 0xff, 0x9d, 0xff,
    0x9d, 0xff, 0x9c, 0xff, 0x9d, 0xff, 0x9c, 0xff, 0x9d, 0xff, 0x9c, 0xff,
    0x7d, 0xff, 0x7d, 0xf7, 0x9d, 0xff, 0x9d, 0xff, 0x7d, 0xff, 0x7d, 0xff,
    0x7d, 0xf7, 0x7d, 0xff, 0x7d, 0xff, 0x7d, 0xf7, 0x7d, 0xff, 0x7c, 0xff,
    0x5d, 0xf7, 0x7c, 0xff, 0x7d, 0xff, 0x7d, 0xf7, 0x7c, 0xf7, 0x7d, 0xf7,
    0x7d, 0xf7, 0x7c, 0xf7, 0x7d, 0xf7, 0x7d, 0xf7, 0x7d, 0xf7, 0x7d, 0xf7,
    0x7d, 0xf7, 0x5c, 0xf7, 0x7d, 0xf7, 0x7d, 0xf7, 0x5d, 0xf7, 0x7d, 0xf7,
    0x7d, 0xf7, 0x7d, 0xf7, 0x7d, 0xf7, 0x5c, 0xf7, 0x7d, 0xf7, 0x5c, 0xf7,
    0x5d, 0xf7, 0x7d, 0xf7, 0x96, 0xb5, 0xcf, 0x73, 0xaf, 0x73, 0xae, 0x73,
    0xae, 0x73, 0xae, 0x73, 0x8e, 0x6b, 0xae, 0x73, 0xae, 0x73, 0xae, 0x6b,
    0xae, 0x73, 0xae, 0x73, 0xae, 0x73, 0x8e, 0x73, 0xae, 0x73, 0x8e, 0x73,
    0xae, 0x73, 0xae, 0x73, 0x8e, 0x73, 0x8e, 0x73, 0x8e, 0x73, 0x8e, 0x73,
    0x8e, 0x73, 0x8e, 0x73, 0x8e, 0x73, 0x8e, 0x73, 0x8e, 0x73, 0x8e, 0x73,
    0x8e, 0x73, 0x8e, 0x73, 0x8e, 0x73, 0x8e, 0x73, 0xae, 0x73, 0x8e, 0x73,
    0x8e, 0x73, 0xae, 0x73, 0xae, 0x73, 0x8e, 0x73, 0xae, 0x73, 0xae, 0x73,
    0xae, 0x73, 0xae, 0x73, 0xae, 0x73, 0xae, 0x73, 0xae, 0x73, 0x8e, 0x73,
    0x8e, 0x73, 0x8e, 0x73, 0x8e, 0x6b, 0x8e, 0x6b, 0x8e, 0x6b, 0x8e, 0x6b,
    0x8e, 0x6b, 0x8e, 0x6b, 0x8e, 0x6b, 0x8e, 0x6b, 0x8e, 0x6b, 0x8e, 0x6b,
    0x6d, 0x63, 0x6d, 0x63, 0x6d, 0x63, 0x6d, 0x63, 0x6d, 0x63, 0x6e, 0x6b,
    0x6e, 0x63, 0x4d, 0x63, 0x4e, 0x63, 0x4d, 0x63, 0x4d, 0x63, 0x4d, 0x63,
    0x4d, 0x63, 0x4d, 0x63, 0x4d, 0x63, 0x4e, 0x63, 0x6d, 0x63, 0x4d, 0x63,
    0x4d, 0x63, 0x4d, 0x63, 0x2d, 0x63, 0x4d, 0x5b, 0x2d, 0x63, 0x2d, 0x5b,
    0x2d, 0x5b, 0x2d, 0x5b, 0x2d, 0x5b, 0x4d, 0x63, 0x8f, 0x63, 0x11, 0x74,
    0x73, 0x8c, 0x15, 0x9d, 0x15, 0x9d, 0xd4, 0x94, 0xd4, 0x94, 0xd4, 0x94,
    0x15, 0x9d, 0x97, 0xad, 0xd7, 0xb5, 0x56, 0xa5, 0x76, 0xad, 0x19, 0xc6,
    0x72, 0x94, 0x9d, 0xf7, 0x7c, 0xf7, 0x7d, 0xf7, 0x7c, 0xf7, 0x5d, 0xf7,
    0x7d, 0xf7, 0x5c, 0xef, 0x5d, 0xf7, 0x5d, 0xf7, 0x5c, 0xef, 0x7d, 0xf7,
    0x5c, 0xf7, 0x5c, 0xef, 0x5c, 0xef, 0x5c, 0xf7, 0x5c, 0xf7, 0x5c, 0xef,
    0x5c, 0xef, 0x5c, 0xef, 0x5c, 0xf7, 0x3c, 0xef, 0x3c, 0xef, 0x5c, 0xf7,
    0x3c, 0xef, 0x5c, 0xf7, 0x3c, 0xef, 0x5c, 0xef, 0x5c, 0xef, 0x5c, 0xef,
    0x3c, 0xef, 0xfb, 0xe6, 0x7d, 0xef, 0xd3, 0x9c, 0x9e, 0xf7, 0xdf, 0xff,
    0x1c, 0xe7, 0x96, 0xc5, 0x14, 0x94, 0x73, 0x83, 0xf4, 0x93, 0x30, 0x73,
    0xef, 0x6a, 0xd3, 0x8b, 0x55, 0x94, 0xb2, 0x83, 0x14, 0x94, 0x50, 0x7b,
    0xd5, 0xac, 0x6f, 0x8b, 0x31, 0xac, 0xae, 0x9b, 0xa8, 0x69, 0xc6, 0x50,
    0xe7, 0x58, 0x08, 0x61, 0x28, 0x69, 0x2c, 0x82, 0xcc, 0x7a, 0x74, 0x9c,
    0x34, 0x8c, 0x31, 0x6b, 0x6e, 0x52, 0x11, 0x63, 0x8f, 0x5a, 0xaf, 0x62,
    0xf2, 0x8b, 0x0e, 0x6b, 0x71, 0x73, 0xb3, 0x7b, 0x34, 0x8c, 0x35, 0x8c,
    0x14, 0x84, 0xf4, 0x83, 0xb3, 0x7b, 0x6e, 0x52, 0x31, 0x63, 0x9a, 0xce,
    0x59, 0xc6, 0x38, 0xbe, 0x18, 0xbe, 0x18, 0xbe, 0xf8, 0xb5, 0xf8, 0xb5,
    0xd7, 0xb5, 0xf8, 0xb5, 0xf8, 0xb5, 0xd7, 0xb5, 0xd7, 0xb5, 0xd7, 0xb5,
    0xb7, 0xb5, 0xb7, 0xb5, 0xb7, 0xad, 0xb7, 0xad, 0x96, 0xad, 0x97, 0xb5,
    0xb3, 0x94, 0x29, 0x42, 0x6a, 0x4a, 0x4a, 0x4a, 0x4a, 0x42, 0xcc, 0x5a,
    0x97, 0xad, 0x55, 0xa5, 0x56, 0xa5, 0x56, 0xa5, 0x55, 0xa5, 0x55, 0xad,
    0x35, 0xa5, 0x55, 0xad, 0x56, 0xa5, 0x15, 0xa5, 0x72, 0x84, 0x8f, 0x6b,
    0x0e, 0x5b, 0x0d, 0x63, 0x0d, 0x5b, 0xcf, 0x7b, 0xec, 0x5a, 0x4b, 0x4a,
    0x4a, 0x42, 0x4a, 0x4a, 0x4a, 0x42, 0xcc, 0x5a, 0xcd, 0x5a, 0xed, 0x5a,
    0xed, 0x5a, 0xcc, 0x5a, 0xed, 0x5a, 0xed, 0x5a, 0x0d, 0x5b, 0xad, 0x52,
    0xfe, 0xff, 0xde, 0xff, 0xde, 0xff, 0xde, 0xff, 0xbd, 0xff, 0x9c, 0xff,
    0x9d, 0xff, 0x9c, 0xff, 0x9c, 0xff, 0x9d, 0xff, 0x9d, 0xff, 0x9d, 0xff,
    0x9c, 0xff, 0x9c, 0xff, 0x9d, 0xff, 0x9c, 0xff, 0x9c, 0xff, 0x9d, 0xff,
    0xbd, 0xff, 0x9c, 0xff, 0x9d, 0xff, 0x9d, 0xff, 0xbd, 0xff, 0xbd, 0xff,
    0x34, 0xad, 0x3c, 0xef, 0x9d, 0xff, 0x9d, 0xff, 0x9d, 0xff, 0xbd, 0xf7,
    0x9c, 0xff, 0x9d, 0xff, 0x9c, 0xff, 0x7c, 0xff, 0x9c, 0xff, 0x9c, 0xff,
    0x9c, 0xff, 0x9d, 0xff, 0x9c, 0xff, 0x9c, 0xff, 0xbd, 0xff, 0x9d, 0xff,
    0x9c, 0xff, 0x9d, 0xff, 0x9d, 0xff, 0x9d, 0xff, 0x9d, 0xff, 0x9d, 0xff,
    0x9d, 0xff, 0x9d, 0xff, 0x7c, 0xff, 0x9c, 0xff, 0x7c, 0xff, 0x9d, 0xff,
    0x7d, 0xff, 0x7d, 0xff, 0x9d, 0xff, 0x7d, 0xf7, 0x7d, 0xff, 0x7d, 0xff,
    0x7d, 0xf7, 0x7d, 0xf7, 0x7d, 0xf7, 0x7d, 0xf7, 0x7c, 0xf7, 0x7d, 0xf7,
    0x5d, 0xf7, 0x5c, 0xff, 0x7d, 0xf7, 0x7d, 0xf7, 0x7d, 0xf7, 0x7c, 0xf7,
    0x7d, 0xf7, 0x7d, 0xf7, 0x5c, 0xff, 0x7d, 0xff, 0x7c, 0xf7, 0x7d, 0xf7,
    0x7d, 0xf7, 0x5d, 0xf7, 0x7d, 0xf7, 0x7d, 0xf7, 0x7c, 0xf7, 0x7d, 0xf7,
    0x5c, 0xf7, 0x7d, 0xf7, 0x7d, 0xf7, 0x9d, 0xf7, 0x75, 0xb5, 0xef, 0x7b,
    0xaf, 0x73, 0xae, 0x73, 0x8e, 0x73, 0xae, 0x6b, 0xae, 0x73, 0x8e, 0x6b,
    0xae, 0x6b, 0x8e, 0x73, 0xae, 0x6b, 0xae, 0x73, 0xae, 0x73, 0x8e, 0x73,
    0xae, 0x73, 0xae, 0x73, 0x8e, 0x6b, 0xae, 0x73, 0xae, 0x73, 0x8e, 0x6b,
    0xae, 0x6b, 0x8e, 0x73, 0x8e, 0x6b, 0x8e, 0x6b, 0x8e, 0x73, 0xae, 0x73,
    0x8e, 0x6b, 0x8d, 0x73, 0xae, 0x73, 0x8e, 0x6b, 0xae, 0x73, 0x8e, 0x73,
    0x8e, 0x73, 0x8e, 0x73, 0xae, 0x73, 0x8e, 0x73, 0x8e, 0x73, 0xae, 0x6b,
    0x8e, 0x73, 0x8e, 0x73, 0xae, 0x73, 0x8e, 0x73, 0x8e, 0x73, 0xae, 0x6b,
    0x8e, 0x73, 0x8e, 0x6b, 0x8e, 0x6b, 0xae, 0x73, 0x8e, 0x6b, 0x8e, 0x6b,
    0x8e, 0x73, 0x8e, 0x73, 0x8e, 0x6b, 0x8e, 0x6b, 0x8e, 0x6b, 0x8e, 0x6b,
    0x8d, 0x63, 0x6d, 0x63, 0x6d, 0x63, 0x6d, 0x63, 0x6d, 0x63, 0x4d, 0x63,
    0x6d, 0x63, 0x4d, 0x63, 0x4d, 0x63, 0x6d, 0x63, 0x6d, 0x63, 0x4d, 0x63,
    0x4d, 0x63, 0x6d, 0x63, 0x4d, 0x63, 0x4d, 0x63, 0x4d, 0x63, 0x4d, 0x63,
    0x4d, 0x63, 0x4d, 0x63, 0x2d, 0x63, 0x4d, 0x63, 0x2d, 0x5b, 0x2d, 0x5b,
    0x2c, 0x63, 0x2d, 0x5b, 0x2d, 0x63, 0x2d, 0x63, 0x2d, 0x5b, 0x4d, 0x5b,
    0xaf, 0x6b, 0x11, 0x7c, 0x73, 0x84, 0x93, 0x8c, 0xd4, 0x94, 0xf5, 0x9c,
    0x56, 0x9d, 0x35, 0x9d, 0x56, 0x9d, 0x97, 0xad, 0x39, 0xc6, 0x59, 0xce,
    0xba, 0xd6, 0xba, 0xd6, 0x34, 0xad, 0x9d, 0xff, 0x7c, 0xf7, 0x5c, 0xf7,
    0x5c, 0xf7, 0x7d, 0xf7, 0x5c, 0xf7, 0x5c, 0xf7, 0x7c, 0xf7, 0x5c, 0xf7,
    0x5c, 0xef, 0x5c, 0xf7, 0x5d, 0xef, 0x5c, 0xf7, 0x5c, 0xf7, 0x5d, 0xef,
    0x5c, 0xf7, 0x5d, 0xf7, 0x5c, 0xef, 0x5c, 0xf7, 0x3c, 0xef, 0x5c, 0xef,
    0x5c, 0xf7, 0x3c, 0xef, 0x3c, 0xef, 0x5c, 0xf7, 0x3c, 0xf7, 0x3c, 0xef,
    0x5c, 0xef, 0x5c, 0xf7, 0x3c, 0xef, 0xfb, 0xe6, 0x5d, 0xef, 0x10, 0x84,
    0xbf, 0xff, 0x5d, 0xef, 0x1c, 0xe7, 0xf5, 0xb4, 0x74, 0x9c, 0x72, 0x83,
    0x92, 0x83, 0x30, 0x73, 0x6f, 0x83, 0x55, 0x9c, 0x75, 0x9c, 0x51, 0x7b,
    0xd2, 0x8b, 0x52, 0xa4, 0xf1, 0x9b, 0xf6, 0xcd, 0xd3, 0xb4, 0x8e, 0x8b,
    0xb3, 0xb4, 0x36, 0xbd, 0xec, 0x89, 0xf0, 0xba, 0xb2, 0xc3, 0x2f, 0xab,
    0xf0, 0x9b, 0xd5, 0xa4, 0x35, 0x8c, 0x51, 0x6b, 0x6e, 0x52, 0xd0, 0x5a,
    0xaf, 0x5a, 0xae, 0x5a, 0x11, 0x8c, 0xee, 0x6a, 0x71, 0x73, 0x92, 0x7b,
    0xf4, 0x83, 0x14, 0x84, 0x14, 0x84, 0x14, 0x84, 0xf3, 0x7b, 0x6e, 0x52,
    0x31, 0x63, 0x7a, 0xc6, 0x39, 0xc6, 0x39, 0xc6, 0x38, 0xbe, 0x38, 0xbe,
    0x18, 0xbe, 0x18, 0xb6, 0xf8, 0xbd, 0xf8, 0xbd, 0xf8, 0xb5, 0xd7, 0xb5,
    0xd7, 0xb5, 0xd8, 0xb5, 0xd7, 0xb5, 0xb7, 0xb5, 0xb7, 0xb5, 0xb7, 0xad,
    0x97, 0xad, 0xb7, 0xb5, 0xd4, 0x9c, 0x29, 0x42, 0x4a, 0x42, 0x4a, 0x4a,
    0x4a, 0x42, 0xcc, 0x52, 0xb7, 0xb5, 0x56, 0xad, 0x55, 0xad, 0x56, 0xad,
    0x76, 0xad, 0x56, 0xad, 0x35, 0xa5, 0xb4, 0x94, 0xf0, 0x73, 0x4e, 0x63,
    0x2e, 0x63, 0x2e, 0x63, 0x0e, 0x5b, 0x0d, 0x5b, 0xed, 0x5a, 0xaf, 0x7b,
    0xed, 0x62, 0x4a, 0x42, 0x4a, 0x4a, 0x4a, 0x42, 0x4a, 0x4a, 0xcc, 0x52,
    0xcd, 0x5a, 0xcd, 0x5a, 0xed, 0x5a, 0xed, 0x5a, 0xcd, 0x5a, 0xed, 0x5a,
    0xed, 0x5a, 0xcd, 0x52, 0xde, 0xff, 0xbd, 0xff, 0xbd, 0xff, 0xbd, 0xff,
    0xdd, 0xff, 0xbd, 0xff, 0xbd, 0xff, 0xbd, 0xff, 0xbd, 0xff, 0xbd, 0xff,
    0x9d, 0xff, 0xbd, 0xff, 0xbd, 0xff, 0x9d, 0xff, 0x9d, 0xff, 0x9d, 0xff,
    0x9d, 0xff, 0xbd, 0xff, 0x9d, 0xff, 0x9d, 0xff, 0x9c, 0xff, 0xbd, 0xff,
    0xbd, 0xff, 0xd3, 0x9c, 0x3c, 0xef, 0xbd, 0xff, 0x9d, 0xff, 0xbd, 0xff,
    0xbd, 0xff, 0x9d, 0xff, 0x9c, 0xff, 0x9d, 0xff, 0x9d, 0xff, 0x9d, 0xff,
    0x9d, 0xff, 0x9d, 0xff, 0x9d, 0xff, 0x9d, 0xff, 0x9d, 0xff, 0x9d, 0xff,
    0x9d, 0xff, 0xbd, 0xff, 0x9d, 0xff, 0x9c, 0xff, 0x9d, 0xff, 0x9d, 0xff,
    0x9c, 0xff, 0x7d, 0xff, 0x9d, 0xff, 0x9d, 0xff, 0x9d, 0xff, 0x9d, 0xff,
    0x7d, 0xff, 0x7d, 0xff, 0x9d, 0xf7, 0x7d, 0xff, 0x7d, 0xff, 0x7d, 0xf7,
    0x7d, 0xff, 0x7d, 0xff, 0x7d, 0xf7, 0x7d, 0xff, 0x7c, 0xff, 0x7d, 0xf7,
    0x5d, 0xf7, 0x7d, 0xff, 0x7d, 0xff, 0x7d, 0xf7, 0x7d, 0xf7, 0x5d, 0xff,
    0x7d, 0xf7, 0x7c, 0xf7, 0x5d, 0xff, 0x7d, 0xff, 0x5d, 0xf7, 0x5d, 0xf7,
    0x7d, 0xf7, 0x5d, 0xf7, 0x5d, 0xf7, 0x5c, 0xf7, 0x5d, 0xf7, 0x7d, 0xf7,
    0x7d, 0xf7, 0x5d, 0xf7, 0x7d, 0xf7, 0x7d, 0xf7, 0x7d, 0xf7, 0x7d, 0xf7,
    0x1c, 0xe7, 0xcf, 0x7b, 0xaf, 0x73, 0xae, 0x73, 0xae, 0x6b, 0xae, 0x73,
    0x8e, 0x73, 0xae, 0x73, 0xae, 0x73, 0x8e, 0x73, 0x8e, 0x6b, 0x8e, 0x6b,
    0x8e, 0x73, 0xae, 0x6b, 0x8e, 0x6b, 0x8e, 0x73, 0x8e, 0x6b, 0x8e, 0x73,
    0xad, 0x73, 0xae, 0x6b, 0xae, 0x73, 0x8d, 0x73, 0x8d, 0x6b, 0xad, 0x6b,
    0xae, 0x73, 0xae, 0x6b, 0xad, 0x6b, 0x8e, 0x73, 0xae, 0x6b, 0xae, 0x73,
    0xae, 0x73, 0xae, 0x6b, 0xae, 0x73, 0xae, 0x6b, 0xae, 0x6b, 0x8e, 0x73,
    0xae, 0x73, 0xae, 0x73, 0x8e, 0x6b, 0x8e, 0x73, 0xae, 0x6b, 0xae, 0x73,
    0x8e, 0x73, 0xae, 0x73, 0xae, 0x73, 0xae, 0x73, 0x8e, 0x73, 0x8e, 0x73,
    0xae, 0x6b, 0x8e, 0x73, 0xae, 0x73, 0xae, 0x6b, 0x8e, 0x6b, 0xae, 0x6b,
    0xae, 0x6b, 0x8e, 0x6b, 0x8e, 0x6b, 0x6e, 0x63, 0x6e, 0x63, 0x6e, 0x63,
    0x6d, 0x63, 0x6d, 0x63, 0x4d, 0x63, 0x4d, 0x63, 0x4d, 0x63, 0x4d, 0x63,
    0x4d, 0x63, 0x4d, 0x63, 0x4d, 0x63, 0x4d, 0x63, 0x4e, 0x63, 0x4e, 0x63,
    0x4d, 0x63, 0x4d, 0x63, 0x4d, 0x63, 0x4e, 0x5b, 0x4d, 0x5b, 0x4d, 0x5b,
    0x2d, 0x5b, 0x4d, 0x63, 0x4c, 0x5b, 0x4d, 0x5b, 0x4d, 0x5b, 0x4d, 0x63,
    0x6d, 0x63, 0x8e, 0x6b, 0xb0, 0x6b, 0x32, 0x7c, 0xb3, 0x8c, 0x56, 0xa5,
    0x56, 0xa5, 0x57, 0xa5, 0x77, 0xad, 0x35, 0x9d, 0x35, 0x9d, 0xb7, 0xb5,
    0x9a, 0xd6, 0xdb, 0xde, 0x9d, 0xf7, 0x9e, 0xf7, 0x75, 0xb5, 0x9d, 0xff,
    0x7c, 0xf7, 0x7d, 0xf7, 0x5d, 0xf7, 0x7c, 0xf7, 0x7d, 0xf7, 0x5d, 0xf7,
    0x5c, 0xef, 0x5d, 0xf7, 0x5c, 0xf7, 0x5c, 0xef, 0x5c, 0xf7, 0x5d, 0xf7,
    0x5c, 0xef, 0x5d, 0xf7, 0x5c, 0xf7, 0x5c, 0xf7, 0x5c, 0xef, 0x5c, 0xf7,
    0x3c, 0xef, 0x3c, 0xf7, 0x5c, 0xef, 0x5c, 0xef, 0x3c, 0xef, 0x5c, 0xef,
    0x5c, 0xef, 0x5c, 0xef, 0x5d, 0xf7, 0x5d, 0xf7, 0x7d, 0xef, 0x3c, 0xef,
    0x39, 0xc6, 0x96, 0xb5, 0xdf, 0xff, 0xba, 0xd6, 0x3d, 0xef, 0x32, 0x9c,
    0xd6, 0xac, 0x32, 0x7b, 0x51, 0x7b, 0x50, 0x7b, 0x52, 0xac, 0x33, 0x94,
    0x54, 0x9c, 0x30, 0x73, 0x53, 0xa4, 0x71, 0xac, 0xf4, 0xb4, 0x37, 0xce,
    0xb6, 0xc5, 0x58, 0xd6, 0x37, 0xd6, 0xdb, 0xde, 0xd6, 0xd4, 0x7a, 0xee,
    0xb7, 0xe5, 0x52, 0xc4, 0xd3, 0xbc, 0x36, 0xb5, 0x34, 0x8c, 0x30, 0x63,
    0xcf, 0x5a, 0x6e, 0x4a, 0xaf, 0x5a, 0x8e, 0x5a, 0x32, 0x94, 0x2b, 0x4a,
    0x30, 0x6b, 0x92, 0x7b, 0xd3, 0x83, 0x14, 0x84, 0x14, 0x84, 0xd3, 0x83,
    0x14, 0x84, 0x8f, 0x52, 0x31, 0x63, 0x59, 0xc6, 0x59, 0xc6, 0x38, 0xbe,
    0x38, 0xbe, 0x18, 0xbe, 0xf8, 0xbd, 0xf8, 0xb5, 0xf8, 0xbd, 0xf7, 0xb5,
    0xd7, 0xb5, 0xf8, 0xb5, 0xd7, 0xb5, 0xd7, 0xb5, 0xd7, 0xb5, 0xb7, 0xb5,
    0xb7, 0xad, 0xb7, 0xad, 0x96, 0xad, 0x96, 0xad, 0xf4, 0x9c, 0x29, 0x42,
    0x4a, 0x42, 0x4b, 0x4a, 0x4a, 0x42, 0xcc, 0x52, 0xb7, 0xb5, 0x55, 0xa5,
    0xf4, 0x94, 0x72, 0x8c, 0xf1, 0x73, 0x8f, 0x63, 0x4e, 0x63, 0x2e, 0x5b,
    0x4e, 0x63, 0x4f, 0x63, 0x4f, 0x63, 0x2e, 0x63, 0x0e, 0x5b, 0x0d, 0x5b,
    0xed, 0x5a, 0xaf, 0x73, 0x0d, 0x63, 0x4a, 0x42, 0x4a, 0x4a, 0x4a, 0x4a,
    0x4b, 0x42, 0xcc, 0x52, 0xcd, 0x5a, 0xcc, 0x5a, 0xcc, 0x5a, 0xed, 0x5a,
    0xcd, 0x5a, 0xed, 0x5a, 0xed, 0x5a, 0xad, 0x4a, 0x1c, 0xe7, 0xde, 0xff,
    0x1c, 0xe7, 0x18, 0xc6, 0x96, 0xb5, 0x55, 0xad, 0x96, 0xb5, 0xf7, 0xbd,
    0x79, 0xce, 0x7d, 0xf7, 0xbd, 0xff, 0xda, 0xde, 0x17, 0xc6, 0x79, 0xd6,
    0x9d, 0xf7, 0xbd, 0xff, 0xbd, 0xff, 0x9c, 0xff, 0x9d, 0xff, 0x9d, 0xff,
    0xbd, 0xff, 0xbd, 0xff, 0x34, 0xad, 0xfb, 0xe6, 0x9d, 0xff, 0x9c, 0xff,
    0x9d, 0xff, 0xbd, 0xff, 0x9c, 0xff, 0x9d, 0xf7, 0x9d, 0xff, 0x9d, 0xff,
    0x7d, 0xff, 0x9d, 0xff, 0x9c, 0xff, 0x9d, 0xff, 0x9d, 0xff, 0x9d, 0xff,
    0xbd, 0xff, 0x9d, 0xff, 0x9c, 0xff, 0x9d, 0xff, 0x9d, 0xff, 0x9d, 0xff,
    0x9d, 0xff, 0x9d, 0xff, 0x9d, 0xff, 0x9d, 0xff, 0x9d, 0xff, 0x9c, 0xff,
    0x9d, 0xff, 0x9d, 0xff, 0x9d, 0xff, 0x7d, 0xff, 0x9d, 0xff, 0x7d, 0xf7,
    0x7d, 0xff, 0x7d, 0xff, 0x7d, 0xf7, 0x7c, 0xff, 0x7d, 0xff, 0x7d, 0xff,
    0x7d, 0xff, 0x7c, 0xf7, 0x7d, 0xff, 0x7d, 0xff, 0x7c, 0xf7, 0x7d, 0xff,
    0x7c, 0xff, 0x7d, 0xff, 0x7d, 0xf7, 0x7d, 0xff, 0x7c, 0xff, 0x7d, 0xf7,
    0x7d, 0xf7, 0x5d, 0xff, 0x7d, 0xff, 0x7d, 0xff, 0x5d, 0xf7, 0x5d, 0xf7,
    0x7d, 0xf7, 0x7d, 0xf7, 0x5d, 0xf7, 0x7d, 0xf7, 0x7d, 0xf7, 0x7d, 0xf7,
    0x5d, 0xf7, 0x7d, 0xf7, 0x7d, 0xf7, 0x1c, 0xe7, 0xd2, 0x9c, 0x10, 0x84,
    0xf0, 0x7b, 0x0f, 0x7c, 0xef, 0x7b, 0xef, 0x7b, 0xef, 0x7b, 0xcf, 0x73,
    0xce, 0x7b, 0xce, 0x73, 0xae, 0x73, 0xae, 0x73, 0xae, 0x73, 0xae, 0x73,
    0xae, 0x73, 0xae, 0x73, 0xae, 0x73, 0xae, 0x73, 0xae, 0x73, 0xae, 0x73,
    0xae, 0x73, 0xae, 0x73, 0xae, 0x73, 0xae, 0x73, 0xae, 0x73, 0xae, 0x73,
    0xae, 0x73, 0xae, 0x73, 0xae, 0x73, 0xce, 0x73, 0xae, 0x73, 0xae, 0x73,
    0xae, 0x73, 0xaf, 0x73, 0xae, 0x73, 0xae, 0x73, 0xaf, 0x73, 0xae, 0x73,
    0xaf, 0x73, 0xaf, 0x73, 0xae, 0x73, 0xae, 0x73, 0xaf, 0x73, 0xae, 0x73,
    0xae, 0x73, 0xae, 0x73, 0xaf, 0x73, 0xcf, 0x73, 0xf0, 0x7b, 0xf0, 0x7b,
    0xf0, 0x7b, 0xf0, 0x73, 0xaf, 0x73, 0xaf, 0x6b, 0xae, 0x6b, 0xaf, 0x6b,
    0x8e, 0x6b, 0x8e, 0x6b, 0x8f, 0x6b, 0x8f, 0x6b, 0x8e, 0x63, 0x8e, 0x63,
    0x8e, 0x63, 0x8e, 0x63, 0x8e, 0x63, 0xf0, 0x73, 0x93, 0x8c, 0x6e, 0x63,
    0x8e, 0x63, 0x8e, 0x63, 0x6e, 0x63, 0x6e, 0x63, 0x6e, 0x63, 0x6e, 0x63,
    0x6e, 0x63, 0x6e, 0x63, 0x6e, 0x63, 0x8e, 0x63, 0x8e, 0x6b, 0x6e, 0x63,
    0x6e, 0x63, 0x8f, 0x6b, 0xd0, 0x73, 0x32, 0x7c, 0x73, 0x84, 0x93, 0x8c,
    0xf5, 0x94, 0x36, 0xa5, 0x56, 0xa5, 0x56, 0xa5, 0x76, 0xad, 0x76, 0xad,
    0x96, 0xad, 0x18, 0xc6, 0x1c, 0xe7, 0x7d, 0xf7, 0x9d, 0xf7, 0x9e, 0xf7,
    0x75, 0xb5, 0x9d, 0xff, 0x7c, 0xf7, 0x7d, 0xf7, 0x5c, 0xf7, 0x5c, 0xef,
    0x7d, 0xf7, 0x5c, 0xef, 0x5c, 0xf7, 0x7d, 0xf7, 0x5c, 0xef, 0x5c, 0xf7,
    0x5c, 0xf7, 0x5c, 0xef, 0x5c, 0xf7, 0x5c, 0xef, 0x5c, 0xf7, 0x5c, 0xef,
    0x5c, 0xef, 0x5c, 0xef, 0x3c, 0xf7, 0x3c, 0xef, 0x3c, 0xef, 0x5c, 0xef,
    0x5c, 0xef, 0x5d, 0xf7, 0x7d, 0xf7, 0x9d, 0xf7, 0x7d, 0xf7, 0x7d, 0xf7,
    0x7d, 0xef, 0x7d, 0xef, 0x76, 0xad, 0x79, 0xd6, 0xbe, 0xff, 0x59, 0xce,
    0x7d, 0xf7, 0x53, 0x9c, 0x53, 0x9c, 0xf1, 0x6a, 0x10, 0x73, 0x51, 0x83,
    0x71, 0xbc, 0x11, 0xa4, 0x11, 0x94, 0xd1, 0x8b, 0xd6, 0xcd, 0xd3, 0xbc,
    0x37, 0xce, 0x17, 0xce, 0x37, 0xd6, 0x17, 0xce, 0x37, 0xd6, 0x59, 0xd6,
    0xf8, 0xe5, 0xd4, 0xdc, 0xf4, 0xd4, 0x34, 0xc5, 0x33, 0xbd, 0x77, 0xb5,
    0x14, 0x84, 0xf0, 0x62, 0xf0, 0x62, 0xf0, 0x5a, 0x4e, 0x4a, 0xef, 0x62,
    0xae, 0x5a, 0xce, 0x5a, 0xef, 0x62, 0x92, 0x7b, 0xd3, 0x7b, 0xf4, 0x83,
    0x14, 0x84, 0x72, 0x73, 0x34, 0x84, 0xaf, 0x52, 0x11, 0x63, 0x19, 0xbe,
    0x38, 0xbe, 0x38, 0xbe, 0x18, 0xbe, 0x18, 0xbe, 0xf8, 0xbd, 0xf8, 0xb5,
    0xf7, 0xb5, 0xd7, 0xb5, 0xf7, 0xb5, 0xd8, 0xb5, 0xd7, 0xb5, 0xd7, 0xb5,
    0xb7, 0xb5, 0xb7, 0xad, 0x97, 0xad, 0x96, 0xad, 0x56, 0xad, 0x55, 0xa5,
    0xf4, 0x9c, 0x29, 0x42, 0x4a, 0x42, 0x4a, 0x4a, 0x4a, 0x4a, 0x8b, 0x4a,
    0xb0, 0x73, 0x4e, 0x63, 0x2e, 0x5b, 0x2e, 0x5b, 0x2e, 0x5b, 0x4e, 0x63,
    0x4e, 0x63, 0x4e, 0x63, 0x6f, 0x63, 0x6f, 0x63, 0x6f, 0x63, 0x2e, 0x5b,
    0x0d, 0x5b, 0xed, 0x5a, 0xed, 0x5a, 0xaf, 0x73, 0x2d, 0x63, 0x4a, 0x42,
    0x4a, 0x4a, 0x4a, 0x42, 0x4a, 0x4a, 0xac, 0x5a, 0xcd, 0x5a, 0xcd, 0x5a,
    0xcc, 0x5a, 0xed, 0x5a, 0xcc, 0x5a, 0xed, 0x5a, 0xed, 0x5a, 0xad, 0x4a,
    0x13, 0x9d, 0x79, 0xce, 0x55, 0xad, 0xb7, 0xb5, 0x38, 0xc6, 0x17, 0xc6,
    0xd6, 0xb5, 0x34, 0xa5, 0x31, 0x84, 0xab, 0x52, 0xb6, 0xbd, 0xde, 0xff,
    0x9d, 0xf7, 0xf7, 0xbd, 0x6e, 0x73, 0xd2, 0x9c, 0x9d, 0xff, 0x9d, 0xff,
    0x9c, 0xff, 0xbd, 0xff, 0xbd, 0xff, 0xf7, 0xbd, 0xdb, 0xde, 0xbd, 0xff,
    0xbc, 0xff, 0x9d, 0xff, 0x9d, 0xff, 0x9c, 0xff, 0x9d, 0xff, 0x9d, 0xf7,
    0x9c, 0xff, 0x9d, 0xff, 0x9d, 0xff, 0x9c, 0xff, 0x9d, 0xff, 0x9d, 0xff,
    0x9c, 0xff, 0x9c, 0xff, 0x9d, 0xff, 0x9d, 0xff, 0x9c, 0xff, 0x9d, 0xff,
    0x9d, 0xff, 0x9d, 0xff, 0x9d, 0xff, 0x9d, 0xff, 0x9d, 0xff, 0x9d, 0xff,
    0x9d, 0xff, 0x9d, 0xff, 0x9d, 0xff, 0x7d, 0xff, 0x9d, 0xff, 0x9d, 0xff,
    0x7d, 0xff, 0x7d, 0xff, 0x9d, 0xff, 0x7d, 0xff, 0x7d, 0xff, 0x7d, 0xf7,
    0x7d, 0xf7, 0x7d, 0xff, 0x7d, 0xf7, 0x5d, 0xff, 0x5d, 0xf7, 0x7d, 0xf7,
    0x5d, 0xf7, 0x5d, 0xff, 0x5d, 0xf7, 0x5d, 0xf7, 0x5d, 0xff, 0x5d, 0xf7,
    0x7d, 0xff, 0x5d, 0xf7, 0x5d, 0xff, 0x7d, 0xff, 0x5d, 0xf7, 0x5d, 0xf7,
    0x5d, 0xff, 0x5d, 0xf7, 0x5d, 0xf7, 0x5c, 0xf7, 0x5d, 0xf7, 0x5d, 0xf7,
    0x5c, 0xf7, 0x7d, 0xf7, 0x7d, 0xf7, 0x7d, 0xf7, 0x7d, 0xf7, 0x7d, 0xf7,
    0xbe, 0xff, 0xbe, 0xff, 0xbe, 0xf7, 0xbe, 0xff, 0xbe, 0xf7, 0xbe, 0xf7,
    0x9e, 0xf7, 0x9e, 0xff, 0x9d, 0xf7, 0x9d, 0xf7, 0x9d, 0xf7, 0x7d, 0xf7,
    0x7c, 0xf7, 0x5c, 0xef, 0x5c, 0xef, 0x3c, 0xef, 0x3c, 0xef, 0x1b, 0xef,
    0x3b, 0xef, 0x1c, 0xe7, 0x1c, 0xef, 0x1b, 0xef, 0x1b, 0xe7, 0x1b, 0xef,
    0x1b, 0xef, 0x1b, 0xe7, 0x1b, 0xef, 0x1b, 0xe7, 0x1b, 0xef, 0x1b, 0xef,
    0x1c, 0xef, 0x1c, 0xef, 0x1b, 0xef, 0x3c, 0xef, 0x3c, 0xe7, 0x1c, 0xef,
    0x3c, 0xef, 0x3c, 0xef, 0x3c, 0xef, 0x3c, 0xe7, 0x3c, 0xe7, 0x3c, 0xef,
    0x3c, 0xef, 0x3c, 0xe7, 0x1c, 0xe7, 0x1c, 0xe7, 0xfb, 0xde, 0xb8, 0xad,
    0xd8, 0xad, 0xb8, 0xad, 0xb8, 0xa5, 0x56, 0x9d, 0x56, 0x9d, 0x56, 0x9d,
    0x56, 0x9d, 0x56, 0x9d, 0x77, 0x9d, 0x56, 0x9d, 0x36, 0x95, 0x36, 0x95,
    0x36, 0x95, 0x15, 0x95, 0x15, 0x95, 0x16, 0x8d, 0xf5, 0x8c, 0x15, 0x95,
    0xb7, 0xad, 0xb4, 0x84, 0xb4, 0x8c, 0x73, 0x84, 0x52, 0x7c, 0x31, 0x7c,
    0x93, 0x84, 0x51, 0x7c, 0x31, 0x7c, 0x32, 0x7c, 0x93, 0x84, 0xd4, 0x8c,
    0x73, 0x84, 0x32, 0x7c, 0x31, 0x7c, 0x52, 0x7c, 0x93, 0x8c, 0x14, 0x9d,
    0x76, 0xad, 0x35, 0xa5, 0x56, 0xa5, 0x76, 0xad, 0x76, 0xa5, 0x97, 0xad,
    0x5a, 0xce, 0xbb, 0xd6, 0xfb, 0xde, 0x1c, 0xe7, 0x7d, 0xf7, 0x7d, 0xf7,
    0x7d, 0xf7, 0x9e, 0xf7, 0x96, 0xb5, 0xbd, 0xff, 0x7c, 0xf7, 0x7d, 0xf7,
    0x5c, 0xf7, 0x7d, 0xf7, 0x7d, 0xf7, 0x5c, 0xf7, 0x5c, 0xf7, 0x5d, 0xf7,
    0x5d, 0xf7, 0x5c, 0xef, 0x5d, 0xf7, 0x5c, 0xf7, 0x5c, 0xef, 0x5d, 0xf7,
    0x5c, 0xf7, 0x5c, 0xef, 0x5d, 0xef, 0x5d, 0xef, 0x5c, 0xf7, 0x5d, 0xf7,
    0x7d, 0xf7, 0x7d, 0xf7, 0x9d, 0xf7, 0x9d, 0xf7, 0x9d, 0xf7, 0x9d, 0xf7,
    0x7d, 0xf7, 0x5d, 0xef, 0x3c, 0xe7, 0x3d, 0xe7, 0xf4, 0xa4, 0xba, 0xd6,
    0xbf, 0xff, 0x1c, 0xe7, 0x9a, 0xd6, 0x76, 0xbd, 0x30, 0x73, 0x92, 0x83,
    0xf0, 0x6a, 0x0f, 0x73, 0x46, 0x51, 0xa5, 0x48, 0x27, 0x59, 0x0d, 0x8b,
    0x16, 0xd6, 0x17, 0xd6, 0x17, 0xd6, 0x37, 0xd6, 0x17, 0xce, 0x17, 0xd6,
    0x17, 0xce, 0xd6, 0xd5, 0x96, 0xd5, 0x75, 0xd5, 0x75, 0xcd, 0x95, 0xcd,
    0x34, 0xbd, 0x77, 0xb5, 0xb3, 0x7b, 0xcf, 0x5a, 0x31, 0x6b, 0x10, 0x63,
    0xae, 0x52, 0xec, 0x41, 0xeb, 0x39, 0x30, 0x6b, 0xf0, 0x62, 0xb3, 0x7b,
    0xb2, 0x7b, 0xf3, 0x83, 0xf4, 0x83, 0x31, 0x6b, 0x14, 0x84, 0x11, 0x63,
    0x11, 0x5b, 0xf8, 0xb5, 0x18, 0xbe, 0x18, 0xbe, 0x18, 0xbe, 0x18, 0xb6,
    0xf8, 0xbd, 0xf7, 0xbd, 0xd7, 0xb5, 0xb7, 0xb5, 0xb7, 0xb5, 0x96, 0xad,
    0x76, 0xa5, 0x56, 0x9d, 0x15, 0x9d, 0xd3, 0x8c, 0x93, 0x84, 0x52, 0x84,
    0x52, 0x7c, 0x31, 0x7c, 0x72, 0x8c, 0x29, 0x42, 0x4b, 0x4a, 0x4a, 0x4a,
    0x4a, 0x42, 0x6b, 0x4a, 0x6f, 0x63, 0x4e, 0x63, 0x4e, 0x63, 0x4e, 0x63,
    0x4e, 0x63, 0x4e, 0x63, 0x4f, 0x63, 0x6f, 0x63, 0x6f, 0x63, 0x6f, 0x63,
    0x6f, 0x63, 0x2e, 0x63, 0x0e, 0x5b, 0x0d, 0x5b, 0x0d, 0x5b, 0xb0, 0x7b,
    0x2d, 0x6b, 0x4a, 0x42, 0x4a, 0x4a, 0x4a, 0x42, 0x4a, 0x42, 0xcc, 0x5a,
    0xcd, 0x5a, 0xcd, 0x5a, 0xcd, 0x5a, 0xcc, 0x5a, 0xed, 0x5a, 0xed, 0x5a,
    0xcc, 0x5a, 0xad, 0x4a, 0xb3, 0x94, 0x71, 0x94, 0xd3, 0x9c, 0x7d, 0xf7,
    0xde, 0xff, 0xdd, 0xff, 0x9d, 0xf7, 0xdb, 0xe6, 0xde, 0xff, 0x7d, 0xf7,
    0x38, 0xc6, 0x5c, 0xef, 0xbd, 0xff, 0xbd, 0xff, 0xde, 0xff, 0xba, 0xd6,
    0xd6, 0xbd, 0xdd, 0xff, 0xbd, 0xff, 0xdd, 0xff, 0x79, 0xce, 0x38, 0xce,
    0xbd, 0xff, 0xbd, 0xff, 0xbd, 0xff, 0x9d, 0xff, 0xbd, 0xff, 0x9d, 0xff,
    0x9d, 0xff, 0x9c, 0xff, 0x9c, 0xff, 0x9d, 0xff, 0x9d, 0xff, 0x9d, 0xff,
    0x9d, 0xff, 0x9d, 0xff, 0x9d, 0xff, 0xbd, 0xff, 0x9d, 0xff, 0x9d, 0xff,
    0x9d, 0xff, 0x9d, 0xff, 0x9d, 0xff, 0x9d, 0xff, 0x9c, 0xff, 0x9d, 0xff,
    0x9d, 0xff, 0x9c, 0xff, 0x9d, 0xff, 0x9d, 0xff, 0x9d, 0xff, 0x9d, 0xff,
    0x9d, 0xff, 0x7d, 0xff, 0x9d, 0xff, 0x9d, 0xff, 0x7d, 0xf7, 0x9d, 0xff,
    0x7d, 0xff, 0x7d, 0xff, 0x7d, 0xf7, 0x7d, 0xff, 0x7d, 0xff, 0x7d, 0xf7,
    0x5d, 0xff, 0x7c, 0xff, 0x5d, 0xf7, 0x5d, 0xff, 0x7d, 0xf7, 0x7d, 0xff,
    0x5d, 0xf7, 0x7d, 0xff, 0x7d, 0xff, 0x7d, 0xff, 0x7d, 0xf7, 0x5d, 0xf7,
    0x7d, 0xff, 0x5d, 0xf7, 0x5d, 0xff, 0x7d, 0xff, 0x5d, 0xf7, 0x5d, 0xff,
    0x5d, 0xf7, 0x5d, 0xf7, 0x5d, 0xf7, 0x7d, 0xf7, 0x7d, 0xf7, 0x7d, 0xf7,
    0x7d, 0xf7, 0x7d, 0xf7, 0x7d, 0xf7, 0x7d, 0xf7, 0x7d, 0xf7, 0x7d, 0xf7,
    0x7d, 0xf7, 0x7d, 0xf7, 0x7d, 0xf7, 0x9d, 0xf7, 0x9d, 0xff, 0x9d, 0xf7,
    0x9e, 0xff, 0x9d, 0xf7, 0x9d, 0xf7, 0x9d, 0xf7, 0x9d, 0xf7, 0x7d, 0xf7,
    0x7d, 0xf7, 0x9d, 0xf7, 0x7d, 0xf7, 0x7d, 0xf7, 0x9d, 0xf7, 0x9d, 0xf7,
    0x9d, 0xf7, 0x7d, 0xf7, 0x9d, 0xf7, 0x7d, 0xf7, 0x7d, 0xf7, 0x7d, 0xf7,
    0x7d, 0xf7, 0x7d, 0xf7, 0x7d, 0xf7, 0x7d, 0xf7, 0x7d, 0xf7, 0x9d, 0xf7,
    0x9d, 0xf7, 0x7d, 0xf7, 0x9d, 0xf7, 0x9d, 0xf7, 0x9d, 0xf7, 0x9d, 0xf7,
    0x9d, 0xf7, 0x9d, 0xf7, 0x9d, 0xf7, 0x9d, 0xf7, 0x9d, 0xf7, 0x7d, 0xf7,
    0x7d, 0xf7, 0x5a, 0xc6, 0xd8, 0xad, 0xb8, 0xa5, 0xb8, 0xad, 0xb7, 0xa5,
    0x97, 0xa5, 0x97, 0xa5, 0x98, 0xa5, 0xb8, 0xa5, 0xb8, 0xa5, 0x97, 0xa5,
    0x77, 0x9d, 0x77, 0x9d, 0x77, 0x9d, 0x77, 0x9d, 0x57, 0x9d, 0x57, 0x9d,
    0x36, 0x95, 0x36, 0x95, 0x16, 0x95, 0xf5, 0x8c, 0xb4, 0x8c, 0x93, 0x84,
    0x93, 0x84, 0x73, 0x84, 0x73, 0x84, 0x52, 0x7c, 0x72, 0x84, 0xb4, 0x8c,
    0x35, 0x9d, 0xf5, 0x94, 0x93, 0x84, 0x72, 0x84, 0x93, 0x8c, 0x55, 0xa5,
    0x59, 0xc6, 0xba, 0xde, 0xfb, 0xe6, 0xfb, 0xde, 0xdb, 0xde, 0x39, 0xc6,
    0xb7, 0xb5, 0xf8, 0xbd, 0xf8, 0xbd, 0xd7, 0xbd, 0x59, 0xce, 0x1b, 0xe7,
    0x7d, 0xf7, 0x7d, 0xf7, 0x7d, 0xf7, 0x9d, 0xf7, 0xb6, 0xbd, 0x9d, 0xff,
    0x7d, 0xf7, 0x7d, 0xf7, 0x7d, 0xf7, 0x5c, 0xf7, 0x7d, 0xf7, 0x7c, 0xf7,
    0x5c, 0xef, 0x5c, 0xf7, 0x7c, 0xf7, 0x5c, 0xef, 0x5d, 0xef, 0x5d, 0xf7,
    0x7c, 0xef, 0x5c, 0xef, 0x5d, 0xef, 0x5d, 0xf7, 0x7d, 0xf7, 0x9d, 0xf7,
    0x9e, 0xf7, 0x9d, 0xf7, 0x9d, 0xf7, 0x9e, 0xf7, 0x9e, 0xf7, 0x9e, 0xf7,
    0x9e, 0xf7, 0x9e, 0xf7, 0x7e, 0xf7, 0x5d, 0xef, 0xfc, 0xe6, 0x1c, 0xdf,
    0x14, 0xa5, 0xdb, 0xde, 0xbe, 0xff, 0x5d, 0xef, 0x96, 0xbd, 0xdb, 0xe6,
    0x10, 0x73, 0xf0, 0x6a, 0xcf, 0x6a, 0x2c, 0x5a, 0x0a, 0x6a, 0x68, 0x61,
    0x0c, 0x8a, 0x4e, 0xa2, 0x14, 0xc5, 0x17, 0xce, 0x37, 0xd6, 0x37, 0xd6,
    0x17, 0xce, 0x37, 0xd6, 0x17, 0xd6, 0xf7, 0xcd, 0xd6, 0xcd, 0xb6, 0xcd,
    0xd6, 0xcd, 0xd6, 0xcd, 0x75, 0xbd, 0xd6, 0x9c, 0x72, 0x73, 0xaf, 0x5a,
    0x72, 0x6b, 0x10, 0x63, 0xaf, 0x52, 0xec, 0x39, 0x8e, 0x52, 0x72, 0x73,
    0x31, 0x6b, 0xd3, 0x7b, 0x72, 0x73, 0xd3, 0x7b, 0xd3, 0x7b, 0xf0, 0x62,
    0xf3, 0x7b, 0x72, 0x73, 0xd0, 0x5a, 0x77, 0xa5, 0xb6, 0xa5, 0x96, 0xa5,
    0x76, 0xa5, 0x55, 0x9d, 0x35, 0x95, 0x35, 0x95, 0x14, 0x95, 0xf4, 0x8c,
    0xd4, 0x8c, 0xd4, 0x8c, 0xb3, 0x84, 0x93, 0x84, 0x32, 0x74, 0xf0, 0x73,
    0xf0, 0x73, 0x11, 0x74, 0x11, 0x74, 0x11, 0x7c, 0x72, 0x8c, 0x29, 0x42,
    0x6b, 0x4a, 0x6b, 0x4a, 0x4a, 0x4a, 0x6b, 0x4a, 0x6f, 0x63, 0x4f, 0x63,
    0x4e, 0x63, 0x4e, 0x63, 0x4f, 0x63, 0x6f, 0x63, 0x6f, 0x63, 0x6f, 0x63,
    0x8f, 0x63, 0x90, 0x63, 0x8f, 0x6b, 0x2e, 0x63, 0x2e, 0x63, 0x2e, 0x63,
    0x0e, 0x63, 0xd0, 0x73, 0x4d, 0x6b, 0x4a, 0x42, 0x4a, 0x42, 0x4a, 0x4a,
    0x4a, 0x42, 0xcd, 0x5a, 0xcd, 0x5a, 0xec, 0x5a, 0xcd, 0x5a, 0xcd, 0x5a,
    0xcc, 0x5a, 0xcd, 0x5a, 0xcd, 0x5a, 0x6c, 0x42, 0x51, 0x84, 0xde, 0xff,
    0xdb, 0xde, 0xae, 0x73, 0x59, 0xce, 0xde, 0xff, 0xdf, 0xff, 0x30, 0x8c,
    0xba, 0xd6, 0xdd, 0xff, 0xbd, 0xff, 0xbd, 0xff, 0xbd, 0xff, 0xbd, 0xff,
    0xbd, 0xff, 0xbd, 0xff, 0x1b, 0xe7, 0x96, 0xb5, 0x5c, 0xef, 0x9d, 0xf7,
    0xdb, 0xde, 0x5d, 0xef, 0x58, 0xce, 0x96, 0xb5, 0xb6, 0xb5, 0xba, 0xde,
    0x9d, 0xf7, 0xbd, 0xff, 0x9d, 0xff, 0x9d, 0xff, 0x9d, 0xff, 0x9d, 0xff,
    0x9c, 0xff, 0x9d, 0xff, 0x9c, 0xff, 0x9d, 0xff, 0x9d, 0xff, 0x9c, 0xff,
    0x9d, 0xff, 0x9d, 0xff, 0x9d, 0xff, 0x9d, 0xff, 0x9d, 0xff, 0x9d, 0xff,
    0x9d, 0xff, 0x9d, 0xff, 0x9d, 0xff, 0x9d, 0xff, 0x9d, 0xff, 0x9d, 0xff,
    0x9d, 0xff, 0x9d, 0xff, 0x9d, 0xff, 0x9d, 0xff, 0x7d, 0xff, 0x7d, 0xff,
    0x9d, 0xff, 0x9d, 0xff, 0x7d, 0xff, 0x7d, 0xff, 0x7d, 0xff, 0x7d, 0xf7,
    0x7d, 0xff, 0x7d, 0xff, 0x7d, 0xff, 0x7d, 0xf7, 0x7d, 0xff, 0x5d, 0xf7,
    0x7d, 0xff, 0x7d, 0xff, 0x7d, 0xff, 0x7d, 0xf7, 0x7d, 0xff, 0x7d, 0xff,
    0x7d, 0xf7, 0x5d, 0xff, 0x7d, 0xff, 0x5d, 0xf7, 0x5c, 0xf7, 0x7d, 0xf7,
    0x5d, 0xff, 0x5d, 0xff, 0x7d, 0xf7, 0x5d, 0xff, 0x5d, 0xff, 0x7c, 0xf7,
    0x7d, 0xf7, 0x5d, 0xf7, 0x7d, 0xf7, 0x7d, 0xf7, 0x7d, 0xf7, 0x7d, 0xf7,
    0x7d, 0xf7, 0x7d, 0xf7, 0x7d, 0xf7, 0x7d, 0xff, 0x7d, 0xf7, 0x7d, 0xf7,
    0x7d, 0xf7, 0x7d, 0xf7, 0x7d, 0xf7, 0x7d, 0xf7, 0x9d, 0xf7, 0x7e, 0xff,
    0x7d, 0xf7, 0x9d, 0xf7, 0x9d, 0xf7, 0x7d, 0xf7, 0x7d, 0xf7, 0x7d, 0xf7,
    0x9d, 0xf7, 0x7d, 0xf7, 0x7d, 0xf7, 0x9d, 0xf7, 0x9e, 0xf7, 0x9d, 0xf7,
    0x9d, 0xf7, 0x9e, 0xf7, 0x9d, 0xf7, 0x9d, 0xf7, 0x9d, 0xf7, 0x9d, 0xf7,
    0x9d, 0xf7, 0x9d, 0xf7, 0x9d, 0xf7, 0x9d, 0xf7, 0x9d, 0xf7, 0x9d, 0xff,
    0x9d, 0xf7, 0x9d, 0xff, 0x9d, 0xf7, 0x9e, 0xf7, 0x9d, 0xff, 0x7e, 0xf7,
    0x7d, 0xf7, 0x9d, 0xf7, 0x3d, 0xe7, 0x5a, 0xc6, 0x39, 0xc6, 0x19, 0xbe,
    0x19, 0xbe, 0xb8, 0xa5, 0xb8, 0xa5, 0xb8, 0xa5, 0xb8, 0xa5, 0x97, 0xa5,
    0x97, 0xa5, 0x97, 0xa5, 0x97, 0xa5, 0xb7, 0xa5, 0x97, 0xa5, 0x77, 0xa5,
    0x98, 0xa5, 0x57, 0x9d, 0x36, 0x95, 0x36, 0x95, 0x16, 0x95, 0xd4, 0x8c,
    0xb4, 0x84, 0x93, 0x84, 0x73, 0x84, 0x93, 0x84, 0x73, 0x84, 0x93, 0x84,
    0x15, 0x9d, 0x9b, 0xce, 0xd8, 0xb5, 0x15, 0x95, 0x73, 0x84, 0x93, 0x84,
    0xf4, 0x94, 0x39, 0xc6, 0x7d, 0xf7, 0x7d, 0xf7, 0x9d, 0xf7, 0x7d, 0xf7,
    0x1c, 0xe7, 0x59, 0xce, 0x96, 0xad, 0x56, 0xa5, 0x56, 0xa5, 0x56, 0xa5,
    0x7a, 0xce, 0x3c, 0xef, 0x5d, 0xf7, 0x7d, 0xf7, 0x9d, 0xf7, 0x9d, 0xf7,
    0xb7, 0xbd, 0xbd, 0xff, 0x7d, 0xf7, 0x7d, 0xf7, 0x7c, 0xf7, 0x5c, 0xf7,
    0x5d, 0xf7, 0x7d, 0xf7, 0x7d, 0xf7, 0x5c, 0xef, 0x5c, 0xf7, 0x5c, 0xef,
    0x5c, 0xef, 0x5d, 0xef, 0x7d, 0xf7, 0x9d, 0xf7, 0x9e, 0xf7, 0xbe, 0xf7,
    0x9d, 0xf7, 0x9e, 0xf7, 0x9e, 0xf7, 0x9d, 0xf7, 0x9e, 0xf7, 0x9d, 0xf7,
    0x9d, 0xf7, 0x9e, 0xf7, 0x9d, 0xf7, 0x9d, 0xf7, 0x7e, 0xf7, 0x7d, 0xef,
    0x1c, 0xdf, 0xdb, 0xd6, 0x35, 0xad, 0xba, 0xde, 0x1b, 0xe7, 0x3c, 0xef,
    0x9a, 0xde, 0x35, 0xad, 0xb5, 0xa4, 0x8f, 0x5a, 0x8e, 0x62, 0x6d, 0x62,
    0x93, 0xac, 0x12, 0xbc, 0x17, 0xe5, 0x7a, 0xf6, 0x38, 0xde, 0xfb, 0xe6,
    0x17, 0xce, 0x37, 0xd6, 0x37, 0xd6, 0x17, 0xce, 0x17, 0xce, 0x17, 0xce,
    0x17, 0xce, 0xf6, 0xd5, 0xf7, 0xcd, 0xd6, 0xcd, 0x56, 0xb5, 0x92, 0x73,
    0xf0, 0x62, 0xd0, 0x5a, 0x51, 0x6b, 0x10, 0x5b, 0x8f, 0x52, 0x8f, 0x52,
    0x11, 0x63, 0x14, 0x84, 0xd3, 0x7b, 0x92, 0x73, 0x72, 0x73, 0x92, 0x7b,
    0x92, 0x7b, 0xcf, 0x5a, 0xb3, 0x73, 0xd4, 0x7b, 0xaf, 0x52, 0xf5, 0x94,
    0x14, 0x95, 0x14, 0x8d, 0x14, 0x8d, 0xf4, 0x94, 0x14, 0x8d, 0x14, 0x8d,
    0xf4, 0x8c, 0xf4, 0x8c, 0x15, 0x8d, 0xf4, 0x8c, 0xf4, 0x8c, 0xb3, 0x84,
    0x52, 0x7c, 0x32, 0x74, 0x31, 0x7c, 0x31, 0x7c, 0x31, 0x74, 0x11, 0x7c,
    0x72, 0x8c, 0x2a, 0x42, 0x6a, 0x42, 0x6a, 0x4a, 0x4a, 0x4a, 0x8b, 0x4a,
    0x6f, 0x63, 0x4f, 0x63, 0x4e, 0x63, 0x4e, 0x63, 0x6f, 0x5b, 0x6f, 0x63,
    0x6f, 0x63, 0x8f, 0x63, 0x90, 0x63, 0x90, 0x6b, 0x90, 0x6b, 0x2e, 0x63,
    0x2e, 0x63, 0x2e, 0x63, 0x2e, 0x63, 0xd0, 0x7b, 0x4d, 0x6b, 0x4a, 0x42,
    0x4a, 0x42, 0x4a, 0x4a, 0x4a, 0x42, 0xcc, 0x52, 0xcd, 0x5a, 0xcc, 0x5a,
    0xed, 0x52, 0xcd, 0x5a, 0xcc, 0x5a, 0xcc, 0x52, 0xcc, 0x5a, 0x2b, 0x3a,
    0xef, 0x7b, 0xde, 0xff, 0xde, 0xff, 0xde, 0xff, 0xd3, 0x9c, 0x59, 0xce,
    0xde, 0xff, 0x5c, 0xef, 0xec, 0x62, 0xbe, 0xff, 0xbd, 0xff, 0xbd, 0xff,
    0xbd, 0xff, 0x9d, 0xff, 0xbd, 0xff, 0xbd, 0xff, 0x9d, 0xf7, 0xf8, 0xc5,
    0xf0, 0x83, 0x3d, 0xef, 0x14, 0x9d, 0x72, 0x8c, 0x96, 0xad, 0x38, 0xc6,
    0x38, 0xc6, 0xb6, 0xbd, 0xd6, 0xbd, 0xb9, 0xde, 0x9d, 0xf7, 0x9d, 0xff,
    0x9d, 0xff, 0x9c, 0xff, 0x9d, 0xff, 0x9d, 0xff, 0xbc, 0xff, 0x9d, 0xff,
    0xbd, 0xff, 0x9d, 0xff, 0x9d, 0xff, 0x9d, 0xff, 0x9c, 0xff, 0xbd, 0xff,
    0x9d, 0xff, 0x9d, 0xff, 0xbd, 0xff, 0x9d, 0xff, 0x9d, 0xff, 0x9d, 0xff,
    0x9d, 0xff, 0x9d, 0xff, 0x9e, 0xff, 0x9e, 0xff, 0x7d, 0xff, 0x9e, 0xff,
    0x7d, 0xff, 0x7d, 0xff, 0x9d, 0xff, 0x7d, 0xf7, 0x7d, 0xf7, 0x7d, 0xff,
    0x7d, 0xff, 0x7d, 0xf7, 0x7c, 0xf7, 0x7d, 0xff, 0x7d, 0xf7, 0x7d, 0xf7,
    0x5d, 0xff, 0x5d, 0xf7, 0x5d, 0xf7, 0x5d, 0xf7, 0x7d, 0xff, 0x7d, 0xf7,
    0x5d, 0xff, 0x7d, 0xf7, 0x5d, 0xf7, 0x5d, 0xff, 0x7d, 0xf7, 0x5d, 0xf7,
    0x5d, 0xf7, 0x5d, 0xf7, 0x5c, 0xf7, 0x7d, 0xf7, 0x5d, 0xf7, 0x5c, 0xf7,
    0x5d, 0xff, 0x5d, 0xf7, 0x5d, 0xf7, 0x7d, 0xf7, 0x7d, 0xf7, 0x7d, 0xf7,
    0x7d, 0xf7, 0x7d, 0xf7, 0x7d, 0xf7, 0x7d, 0xf7, 0x7d, 0xf7, 0x7d, 0xf7,
    0x7d, 0xf7, 0x7d, 0xf7, 0x7d, 0xf7, 0x7d, 0xf7, 0x7d, 0xff, 0x7d, 0xf7,
    0x7d, 0xf7, 0x7d, 0xff, 0x7d, 0xf7, 0x7d, 0xf7, 0x7d, 0xff, 0x7d, 0xf7,
    0x7d, 0xf7, 0x7d, 0xf7, 0x7d, 0xf7, 0x7d, 0xf7, 0x7d, 0xf7, 0x7d, 0xf7,
    0x7d, 0xf7, 0x7d, 0xf7, 0x7d, 0xff, 0x7d, 0xf7, 0x7d, 0xf7, 0x7d, 0xf7,
    0x7d, 0xf7, 0x7d, 0xf7, 0x7d, 0xff, 0x7d, 0xf7, 0x7d, 0xff, 0x7d, 0xf7,
    0x7d, 0xf7, 0x7d, 0xf7, 0x9d, 0xf7, 0x7d, 0xff, 0x7d, 0xf7, 0x7d, 0xf7,
    0x7d, 0xf7, 0x7d, 0xf7, 0x7d, 0xf7, 0x5d, 0xef, 0x9b, 0xd6, 0x5a, 0xce,
    0xdb, 0xde, 0x7e, 0xef, 0x9e, 0xf7, 0xfc, 0xde, 0xdb, 0xd6, 0x9b, 0xce,
    0xd8, 0xad, 0xb8, 0xa5, 0x97, 0x9d, 0x97, 0xa5, 0xd9, 0xad, 0x19, 0xb6,
    0x19, 0xb6, 0xf8, 0xad, 0x98, 0xa5, 0x56, 0x95, 0x36, 0x9d, 0x36, 0x95,
    0xf5, 0x8c, 0xb4, 0x84, 0x93, 0x84, 0x73, 0x7c, 0x73, 0x84, 0x93, 0x84,
    0xb4, 0x84, 0xf5, 0x94, 0x9b, 0xd6, 0x9e, 0xf7, 0x1c, 0xe7, 0xf8, 0xbd,
    0x73, 0x84, 0xb4, 0x8c, 0x35, 0xa5, 0x79, 0xce, 0x7d, 0xf7, 0x7d, 0xf7,
    0x9d, 0xf7, 0x3c, 0xef, 0x59, 0xce, 0x97, 0xb5, 0x15, 0x9d, 0xf5, 0x9c,
    0xf5, 0x9c, 0x35, 0x9d, 0xd7, 0xbd, 0x9a, 0xd6, 0x3c, 0xef, 0x7d, 0xf7,
    0x7d, 0xf7, 0x9d, 0xf7, 0xb6, 0xbd, 0xbd, 0xff, 0x7d, 0xf7, 0x7d, 0xf7,
    0x7c, 0xf7, 0x7d, 0xf7, 0x5c, 0xf7, 0x5d, 0xf7, 0x5c, 0xf7, 0x5d, 0xef,
    0x5c, 0xef, 0x5d, 0xef, 0x7d, 0xf7, 0x9e, 0xf7, 0xbe, 0xff, 0x9e, 0xff,
    0xbe, 0xf7, 0xbe, 0xf7, 0x9e, 0xf7, 0x9e, 0xf7, 0x9e, 0xf7, 0x9e, 0xf7,
    0x9e, 0xf7, 0x9e, 0xf7, 0x9e, 0xf7, 0x9e, 0xf7, 0x7d, 0xf7, 0x5d, 0xef,
    0x3c, 0xef, 0x3c, 0xe7, 0xfc, 0xde, 0xbb, 0xd6, 0x96, 0xb5, 0x9a, 0xd6,
    0x9a, 0xd6, 0xba, 0xde, 0x9a, 0xd6, 0x90, 0x7b, 0x16, 0xad, 0xcf, 0x62,
    0xaf, 0x62, 0x71, 0x7b, 0x73, 0xac, 0x18, 0xe6, 0x95, 0xdd, 0x95, 0xd5,
    0x78, 0xe6, 0x1c, 0xef, 0x17, 0xce, 0x37, 0xce, 0x38, 0xd6, 0x37, 0xd6,
    0x17, 0xce, 0x37, 0xd6, 0x37, 0xd6, 0x17, 0xce, 0x17, 0xd6, 0x35, 0xb5,
    0xd5, 0xa4, 0x51, 0x73, 0xcf, 0x5a, 0xf0, 0x5a, 0x31, 0x63, 0xf0, 0x5a,
    0x8f, 0x4a, 0xb3, 0x6b, 0xd3, 0x73, 0x75, 0x8c, 0x55, 0x8c, 0x10, 0x63,
    0x92, 0x73, 0x72, 0x73, 0x51, 0x73, 0xcf, 0x5a, 0x51, 0x6b, 0x14, 0x84,
    0xb0, 0x52, 0xd4, 0x8c, 0x14, 0x95, 0x14, 0x95, 0x14, 0x95, 0xf4, 0x8c,
    0x14, 0x8d, 0x14, 0x95, 0xf5, 0x94, 0xf4, 0x8c, 0xf5, 0x94, 0xf4, 0x8c,
    0xd4, 0x8c, 0x73, 0x84, 0x32, 0x7c, 0x31, 0x7c, 0x31, 0x74, 0x31, 0x74,
    0x31, 0x7c, 0x11, 0x7c, 0x72, 0x8c, 0x29, 0x42, 0x4a, 0x42, 0x4a, 0x42,
    0x4a, 0x4a, 0x6b, 0x4a, 0x6f, 0x63, 0x6f, 0x63, 0x6f, 0x5b, 0x6e, 0x63,
    0x6f, 0x63, 0x8f, 0x63, 0x8f, 0x63, 0x8f, 0x63, 0x8f, 0x6b, 0x90, 0x6b,
    0x90, 0x6b, 0x4e, 0x63, 0x2e, 0x63, 0x2e, 0x63, 0x4e, 0x63, 0xd0, 0x73,
    0x4d, 0x6b, 0x2a, 0x4a, 0x4a, 0x42, 0x2a, 0x42, 0x4a, 0x4a, 0xcc, 0x5a,
    0xcd, 0x5a, 0xcd, 0x5a, 0xcc, 0x5a, 0xed, 0x5a, 0xcd, 0x5a, 0xcc, 0x5a,
    0xac, 0x52, 0x8c, 0x4a, 0x10, 0x84, 0xfe, 0xff, 0x1b, 0xe7, 0x79, 0xd6,
    0xde, 0xff, 0x3c, 0xef, 0xbd, 0xff, 0xdd, 0xff, 0x34, 0xa5, 0xd7, 0xbd,
    0xbd, 0xff, 0xbd, 0xff, 0xbd, 0xff, 0xbd, 0xff, 0x9e, 0xff, 0xbd, 0xff,
    0xbd, 0xff, 0xbd, 0xff, 0xde, 0xff, 0x9a, 0xce, 0x93, 0x8c, 0xde, 0xff,
    0xbd, 0xff, 0xbd, 0xff, 0xbd, 0xff, 0xbd, 0xff, 0xbd, 0xff, 0xbd, 0xff,
    0xbd, 0xff, 0x9c, 0xff, 0xbd, 0xff, 0x9d, 0xff, 0x9d, 0xff, 0xbd, 0xff,
    0x9d, 0xff, 0x9c, 0xff, 0x9d, 0xff, 0x9d, 0xff, 0x9d, 0xff, 0xbd, 0xff,
    0x9d, 0xff, 0x9d, 0xff, 0x9d, 0xff, 0x9d, 0xff, 0xbd, 0xff, 0x9d, 0xff,
    0x9d, 0xff, 0x9d, 0xff, 0x9d, 0xff, 0x9d, 0xff, 0x9e, 0xff, 0x9d, 0xff,
    0x9d, 0xff, 0x9d, 0xff, 0x9d, 0xff, 0x7d, 0xff, 0x9d, 0xff, 0x9d, 0xff,
    0x9d, 0xff, 0x7d, 0xff, 0x7d, 0xff, 0x7d, 0xff, 0x7d, 0xff, 0x7d, 0xff,
    0x7d, 0xff, 0x7d, 0xff, 0x7d, 0xff, 0x7d, 0xff, 0x7d, 0xf7, 0x7d, 0xff,
    0x7d, 0xff, 0x5d, 0xf7, 0x5d, 0xf7, 0x5d, 0xff, 0x7d, 0xff, 0x7d, 0xf7,
    0x5d, 0xff, 0x5d, 0xff, 0x7d, 0xff, 0x5d, 0xff, 0x5d, 0xf7, 0x5d, 0xff,
    0x5d, 0xf7, 0x7d, 0xf7, 0x5d, 0xf7, 0x5d, 0xff, 0x5d, 0xf7, 0x7d, 0xf7,
    0x7c, 0xf7, 0x7d, 0xf7, 0x5d, 0xf7, 0x7d, 0xf7, 0x7d, 0xf7, 0x7d, 0xf7,
    0x7d, 0xf7, 0x7d, 0xf7, 0x7d, 0xf7, 0x7d, 0xf7, 0x7d, 0xf7, 0x7d, 0xf7,
    0x7d, 0xf7, 0x7d, 0xf7, 0x7d, 0xf7, 0x7d, 0xf7, 0x7d, 0xf7, 0x7d, 0xf7,
    0x7d, 0xf7, 0x7d, 0xf7, 0x7d, 0xf7, 0x7d, 0xff, 0x7d, 0xf7, 0x7d, 0xf7,
    0x7d, 0xf7, 0x7d, 0xf7, 0x7d, 0xf7, 0x5d, 0xf7, 0x7d, 0xf7, 0x7d, 0xf7,
    0x7d, 0xf7, 0x7d, 0xf7, 0x7d, 0xf7, 0x7d, 0xf7, 0x7d, 0xf7, 0x7d, 0xf7,
    0x7d, 0xf7, 0x7d, 0xf7, 0x7d, 0xf7, 0x7d, 0xf7, 0x7d, 0xf7, 0x7d, 0xf7,
    0x7d, 0xf7, 0x7d, 0xf7, 0x7d, 0xf7, 0x7d, 0xf7, 0x7d, 0xf7, 0x7d, 0xf7,
    0x7e, 0xef, 0xdb, 0xde, 0x9e, 0xf7, 0x7d, 0xef, 0x1c, 0xe7, 0x9b, 0xd6,
    0x7a, 0xce, 0x19, 0xbe, 0xb8, 0xad, 0x77, 0x9d, 0x56, 0x9d, 0x77, 0x9d,
    0xb8, 0xa5, 0xd8, 0xad, 0xf8, 0xb5, 0x97, 0xa5, 0x56, 0x9d, 0x36, 0x95,
    0x36, 0x9d, 0x16, 0x9d, 0xf5, 0x94, 0xd4, 0x8c, 0x94, 0x8c, 0x73, 0x7c,
    0x73, 0x84, 0x93, 0x84, 0xd5, 0x8c, 0x59, 0xce, 0x7d, 0xf7, 0x7d, 0xf7,
    0x5d, 0xf7, 0xfb, 0xe6, 0x76, 0xad, 0x55, 0xa5, 0x7a, 0xd6, 0x3c, 0xef,
    0x7d, 0xf7, 0x7d, 0xf7, 0x9e, 0xf7, 0xb8, 0xb5, 0x9a, 0xd6, 0x96, 0xb5,
    0x36, 0xa5, 0x15, 0x9d, 0x15, 0x9d, 0x36, 0x9d, 0x39, 0xc6, 0x1c, 0xe7,
    0x7d, 0xf7, 0x7d, 0xf7, 0x7d, 0xf7, 0xbe, 0xff, 0xd6, 0xbd, 0xbe, 0xff,
    0x9d, 0xf7, 0x7d, 0xf7, 0x7d, 0xf7, 0x7d, 0xf7, 0x5d, 0xef, 0x5c, 0xef,
    0x5c, 0xef, 0x5c, 0xef, 0x9d, 0xf7, 0xbe, 0xff, 0xbe, 0xf7, 0xbe, 0xff,
    0x9d, 0xf7, 0xbe, 0xf7, 0x9e, 0xff, 0x9e, 0xf7, 0x9e, 0xf7, 0x9e, 0xf7,
    0x9e, 0xf7, 0x9e, 0xf7, 0x9e, 0xf7, 0x9d, 0xf7, 0x9e, 0xf7, 0x9e, 0xf7,
    0x7d, 0xf7, 0x3d, 0xef, 0xfb, 0xde, 0xfb, 0xde, 0xdb, 0xde, 0xbb, 0xd6,
    0xd3, 0x9c, 0xfb, 0xde, 0x59, 0xce, 0x9e, 0xf7, 0xf3, 0xa4, 0x52, 0x94,
    0x74, 0x94, 0x72, 0x7b, 0xcf, 0x62, 0x0f, 0x73, 0x53, 0x94, 0xba, 0xe6,
    0xd5, 0xd5, 0xf6, 0xd5, 0xf6, 0xd5, 0x54, 0xb5, 0x17, 0xce, 0x37, 0xd6,
    0x17, 0xce, 0x37, 0xce, 0x37, 0xd6, 0x37, 0xd6, 0x37, 0xce, 0x37, 0xd6,
    0x75, 0xbd, 0xb4, 0xa4, 0x30, 0x7b, 0xef, 0x62, 0x51, 0x6b, 0xf0, 0x62,
    0xf0, 0x5a, 0xd0, 0x5a, 0x51, 0x63, 0x14, 0x74, 0x74, 0x84, 0xb6, 0x8c,
    0x55, 0x84, 0xcf, 0x5a, 0x93, 0x7b, 0x72, 0x73, 0x31, 0x6b, 0xcf, 0x5a,
    0xf0, 0x62, 0x14, 0x84, 0x11, 0x5b, 0xb4, 0x84, 0x14, 0x95, 0x15, 0x95,
    0x14, 0x95, 0xf4, 0x8c, 0xf5, 0x8c, 0xf4, 0x8c, 0xf4, 0x8c, 0xf4, 0x8c,
    0xd4, 0x8c, 0xb4, 0x8c, 0x72, 0x7c, 0x52, 0x7c, 0x32, 0x7c, 0x31, 0x7c,
    0x31, 0x74, 0x32, 0x74, 0x11, 0x74, 0x11, 0x7c, 0x72, 0x8c, 0x4a, 0x42,
    0x4a, 0x4a, 0x4b, 0x4a, 0x4a, 0x42, 0x6b, 0x42, 0x6f, 0x63, 0x4e, 0x5b,
    0x4e, 0x63, 0x6f, 0x63, 0x6f, 0x63, 0x6f, 0x63, 0x8f, 0x63, 0x90, 0x6b,
    0xb0, 0x6b, 0xb0, 0x6b, 0x8f, 0x63, 0x4e, 0x63, 0x4e, 0x63, 0x4e, 0x63,
    0x4e, 0x63, 0xd0, 0x7b, 0x6e, 0x6b, 0x4a, 0x42, 0x4a, 0x4a, 0x4a, 0x42,
    0x4a, 0x42, 0xcd, 0x5a, 0xcd, 0x5a, 0xcd, 0x5a, 0xcc, 0x5a, 0xcd, 0x5a,
    0xcc, 0x52, 0xcd, 0x5a, 0x8c, 0x4a, 0x4f, 0x63, 0x3c, 0xef, 0xde, 0xff,
    0xbd, 0xff, 0x8e, 0x73, 0xde, 0xff, 0xbd, 0xff, 0xbd, 0xff, 0xbd, 0xff,
    0x9d, 0xf7, 0x92, 0x94, 0xde, 0xff, 0xde, 0xff, 0x9d, 0xf7, 0x14, 0xa5,
    0x0c, 0x63, 0x59, 0xd6, 0xbd, 0xff, 0xbd, 0xff, 0x3b, 0xef, 0xde, 0xff,
    0xf8, 0xbd, 0xf4, 0x9c, 0xde, 0xff, 0xbd, 0xff, 0xbd, 0xff, 0xbd, 0xff,
    0xbd, 0xff, 0x9d, 0xff, 0xbd, 0xff, 0x9d, 0xff, 0x9d, 0xff, 0xbc, 0xff,
    0x9d, 0xff, 0x9d, 0xff, 0x9d, 0xff, 0x9d, 0xff, 0x9d, 0xff, 0x9c, 0xff,
    0xbd, 0xff, 0xbd, 0xff, 0x9d, 0xff, 0x9d, 0xff, 0xbd, 0xff, 0x9d, 0xff,
    0x9d, 0xff, 0x9d, 0xff, 0xbd, 0xff, 0x9d, 0xff, 0x9e, 0xff, 0x9d, 0xff,
    0x9d, 0xff, 0x9e, 0xff, 0x9d, 0xff, 0x9d, 0xff, 0x9e, 0xff, 0x7d, 0xf7,
    0x7d, 0xff, 0x9d, 0xff, 0x9d, 0xff, 0x9d, 0xff, 0x7d, 0xf7, 0x7d, 0xf7,
    0x7d, 0xff, 0x7d, 0xf7, 0x7d, 0xf7, 0x7d, 0xff, 0x7d, 0xf7, 0x5d, 0xf7,
    0x5d, 0xff, 0x5d, 0xff, 0x5d, 0xf7, 0x7d, 0xff, 0x7d, 0xff, 0x5d, 0xf7,
    0x7d, 0xff, 0x7d, 0xf7, 0x5d, 0xf7, 0x5d, 0xf7, 0x7d, 0xf7, 0x5d, 0xf7,
    0x5d, 0xff, 0x7d, 0xff, 0x5d, 0xff, 0x5d, 0xf7, 0x7d, 0xff, 0x5c, 0xf7,
    0x5d, 0xf7, 0x5d, 0xff, 0x7d, 0xf7, 0x5d, 0xf7, 0x5d, 0xff, 0x5d, 0xf7,
    0x7d, 0xf7, 0x7d, 0xf7, 0x5d, 0xf7, 0x7d, 0xf7, 0x7d, 0xf7, 0x7d, 0xf7,
    0x7d, 0xf7, 0x7d, 0xf7, 0x7d, 0xf7, 0x7d, 0xf7, 0x7d, 0xf7, 0x7d, 0xf7,
    0x7d, 0xf7, 0x7d, 0xf7, 0x7d, 0xf7, 0x7d, 0xf7, 0x7d, 0xf7, 0x7d, 0xf7,
    0x7d, 0xf7, 0x7d, 0xf7, 0x7d, 0xf7, 0x7d, 0xf7, 0x7d, 0xf7, 0x7d, 0xf7,
    0x7d, 0xf7, 0x7d, 0xf7, 0x7d, 0xff, 0x7d, 0xf7, 0x7d, 0xf7, 0x7d, 0xf7,
    0x7d, 0xf7, 0x7d, 0xf7, 0x7d, 0xf7, 0x7d, 0xf7, 0x7d, 0xf7, 0x7d, 0xf7,
    0x7d, 0xf7, 0x7d, 0xf7, 0x7d, 0xf7, 0x7d, 0xf7, 0x7d, 0xf7, 0x7d, 0xf7,
    0x7d, 0xf7, 0x5d, 0xef, 0x7a, 0xce, 0x5a, 0xc6, 0x9b, 0xd6, 0xbb, 0xd6,
    0x3a, 0xc6, 0x19, 0xbe, 0xd8, 0xb5, 0x77, 0x9d, 0x77, 0x9d, 0x56, 0x9d,
    0x36, 0x95, 0x56, 0x9d, 0xf8, 0xb5, 0x9b, 0xd6, 0x77, 0xa5, 0x15, 0x95,
    0x36, 0x9d, 0x36, 0x9d, 0x76, 0xa5, 0x56, 0xa5, 0x39, 0xc6, 0x7a, 0xd6,
    0xf5, 0x94, 0x93, 0x84, 0x73, 0x84, 0xd4, 0x8c, 0xf8, 0xbd, 0x3c, 0xef,
    0x7d, 0xf7, 0x7d, 0xf7, 0x7d, 0xf7, 0x5d, 0xef, 0xfb, 0xde, 0xba, 0xde,
    0x3c, 0xef, 0x7d, 0xf7, 0x7d, 0xf7, 0x9d, 0xf7, 0x19, 0xc6, 0x6b, 0x21,
    0xb1, 0x7b, 0x39, 0xc6, 0x97, 0xb5, 0x56, 0xad, 0x56, 0xa5, 0xb7, 0xb5,
    0x7a, 0xd6, 0x5c, 0xef, 0x7d, 0xf7, 0x7d, 0xf7, 0x3c, 0xe7, 0x75, 0xb5,
    0x13, 0xa5, 0x55, 0xad, 0xda, 0xde, 0x7d, 0xf7, 0x7c, 0xf7, 0x5c, 0xf7,
    0x5c, 0xef, 0x5d, 0xef, 0x9d, 0xf7, 0xbe, 0xff, 0x9e, 0xf7, 0x9e, 0xf7,
    0xbe, 0xff, 0x9e, 0xf7, 0xbe, 0xf7, 0x9e, 0xf7, 0xbe, 0xff, 0x5d, 0xef,
    0x5d, 0xef, 0x7d, 0xf7, 0x7d, 0xf7, 0x9d, 0xf7, 0x7d, 0xf7, 0x7d, 0xf7,
    0x9e, 0xf7, 0x7d, 0xf7, 0x7d, 0xef, 0x3c, 0xe7, 0xfb, 0xde, 0xbb, 0xd6,
    0xbb, 0xd6, 0x9a, 0xce, 0x76, 0xad, 0x9a, 0xd6, 0xd7, 0xbd, 0xbe, 0xff,
    0x15, 0xad, 0xf4, 0xa4, 0x0f, 0x6b, 0xf0, 0x6a, 0x31, 0x73, 0x8e, 0x62,
    0x13, 0x94, 0xd8, 0xc5, 0x99, 0xe6, 0xf7, 0xd5, 0x17, 0xd6, 0x17, 0xd6,
    0x17, 0xd6, 0x37, 0xd6, 0x37, 0xce, 0x38, 0xd6, 0x38, 0xd6, 0x37, 0xce,
    0x37, 0xce, 0xb3, 0xa4, 0x93, 0x9c, 0xb3, 0xa4, 0x31, 0x94, 0xb1, 0x7b,
    0xb3, 0x73, 0xf0, 0x62, 0xb0, 0x5a, 0xd0, 0x52, 0xb2, 0x6b, 0x74, 0x84,
    0xd5, 0x8c, 0x96, 0x8c, 0xf4, 0x7b, 0xaf, 0x5a, 0x92, 0x7b, 0x51, 0x6b,
    0x30, 0x63, 0xcf, 0x5a, 0xaf, 0x5a, 0xf4, 0x7b, 0xb4, 0x73, 0x32, 0x7c,
    0x35, 0x95, 0x15, 0x95, 0x15, 0x95, 0x14, 0x95, 0xf4, 0x8c, 0xf4, 0x8c,
    0xf4, 0x8c, 0xd4, 0x8c, 0x93, 0x84, 0x52, 0x7c, 0xf8, 0xbd, 0xd4, 0x8c,
    0x31, 0x7c, 0x31, 0x7c, 0x32, 0x74, 0x31, 0x7c, 0x11, 0x74, 0x11, 0x7c,
    0x72, 0x8c, 0x4a, 0x42, 0x4a, 0x4a, 0x4a, 0x4a, 0x6a, 0x42, 0x6b, 0x4a,
    0x4e, 0x5b, 0x4e, 0x5b, 0x4e, 0x5b, 0x6e, 0x63, 0x6f, 0x63, 0x8f, 0x63,
    0x8f, 0x6b, 0x90, 0x6b, 0x90, 0x6b, 0xb0, 0x63, 0x90, 0x6b, 0x4f, 0x63,
    0x4e, 0x63, 0x4e, 0x63, 0x4f, 0x6b, 0xd0, 0x7b, 0x6e, 0x73, 0x2a, 0x42,
    0x4a, 0x42, 0x4a, 0x4a, 0x2a, 0x42, 0xcc, 0x52, 0xcd, 0x5a, 0xec, 0x5a,
    0xcc, 0x52, 0xcd, 0x5a, 0xcc, 0x5a, 0xcc, 0x5a, 0x8b, 0x4a, 0x31, 0x84,
    0xbd, 0xff, 0xdd, 0xff, 0xde, 0xff, 0xf0, 0x83, 0xbd, 0xff, 0xbd, 0xff,
    0xbd, 0xff, 0xbd, 0xff, 0xbd, 0xff, 0x3c, 0xef, 0xbe, 0xff, 0xf3, 0xa4,
    0x8a, 0x52, 0xb6, 0xbd, 0x30, 0x84, 0x9d, 0xf7, 0xde, 0xff, 0x9c, 0xf7,
    0xde, 0xff, 0xde, 0xff, 0xdd, 0xff, 0xdb, 0xde, 0x5c, 0xef, 0xbd, 0xff,
    0xbd, 0xff, 0xbd, 0xff, 0xbd, 0xff, 0x9d, 0xff, 0x9d, 0xff, 0xbd, 0xff,
    0xbd, 0xff, 0xbd, 0xff, 0x9c, 0xff, 0x9d, 0xff, 0x9d, 0xff, 0x9d, 0xff,
    0x9d, 0xff, 0x9d, 0xff, 0xbd, 0xff, 0xbd, 0xff, 0x9d, 0xff, 0xbd, 0xff,
    0x9d, 0xff, 0x9d, 0xff, 0x9d, 0xff, 0xbd, 0xff, 0x9d, 0xff, 0x9d, 0xff,
    0x9e, 0xff, 0x9d, 0xff, 0x9d, 0xff, 0x9e, 0xff, 0x7d, 0xff, 0x9d, 0xff,
    0x9e, 0xff, 0x7d, 0xff, 0x7d, 0xff, 0x7d, 0xff, 0x7d, 0xff, 0x7d, 0xff,
    0x7d, 0xff, 0x7d, 0xff, 0x7d, 0xf7, 0x7d, 0xff, 0x7c, 0xff, 0x7d, 0xf7,
    0x5d, 0xff, 0x5d, 0xf7, 0x7d, 0xf7, 0x7d, 0xff, 0x5d, 0xf7, 0x7d, 0xf7,
    0x5d, 0xff, 0x5d, 0xf7, 0x7d, 0xf7, 0x5d, 0xff, 0x7d, 0xff, 0x5d, 0xf7,
    0x5d, 0xf7, 0x5c, 0xf7, 0x7d, 0xf7, 0x5d, 0xf7, 0x5c, 0xf7, 0x5d, 0xff,
    0x5d, 0xf7, 0x5d, 0xf7, 0x5d, 0xf7, 0x5d, 0xf7, 0x5d, 0xf7, 0x5d, 0xff,
    0x5d, 0xf7, 0x5d, 0xff, 0x5d, 0xf7, 0x5d, 0xff, 0x5d, 0xff, 0x5d, 0xf7,
    0x5c, 0xf7, 0x5d, 0xff, 0x5d, 0xf7, 0x5d, 0xff, 0x5d, 0xff, 0x7d, 0xf7,
    0x7d, 0xf7, 0x5d, 0xf7, 0x5d, 0xff, 0x5d, 0xff, 0x5d, 0xff, 0x5d, 0xff,
    0x5d, 0xff, 0x5d, 0xf7, 0x5d, 0xff, 0x5d, 0xff, 0x5d, 0xff, 0x5d, 0xff,
    0x5d, 0xff, 0x5d, 0xff, 0x5d, 0xf7, 0x5d, 0xff, 0x5d, 0xff, 0x5d, 0xff,
    0x5d, 0xff, 0x7d, 0xf7, 0x7d, 0xf7, 0x7d, 0xf7, 0x7d, 0xf7, 0x7d, 0xf7,
    0x7d, 0xf7, 0x7d, 0xf7, 0x7d, 0xf7, 0x5d, 0xf7, 0x7d, 0xf7, 0x7d, 0xf7,
    0x5d, 0xf7, 0x5d, 0xf7, 0x1c, 0xe7, 0x7a, 0xce, 0x5a, 0xc6, 0x3a, 0xc6,
    0x3a, 0xc6, 0x9a, 0xd6, 0xbb, 0xde, 0xba, 0xd6, 0x98, 0xa5, 0x36, 0x9d,
    0x36, 0x9d, 0x76, 0xa5, 0x39, 0xc6, 0x3c, 0xef, 0x9e, 0xf7, 0x1c, 0xe7,
    0xf5, 0x94, 0xf5, 0x94, 0xf5, 0x94, 0x15, 0x95, 0x35, 0xa5, 0x96, 0xad,
    0xdb, 0xde, 0x59, 0xce, 0x15, 0x9d, 0x15, 0x9d, 0x35, 0x9d, 0xb7, 0xb5,
    0x7d, 0xf7, 0x7d, 0xf7, 0x7d, 0xf7, 0x7d, 0xf7, 0x7d, 0xf7, 0x7d, 0xf7,
    0x5c, 0xef, 0x5d, 0xf7, 0x5d, 0xf7, 0x7d, 0xf7, 0x7d, 0xf7, 0x9d, 0xf7,
    0x57, 0xad, 0x6f, 0x42, 0x2d, 0x3a, 0x39, 0xc6, 0x3c, 0xe7, 0x9a, 0xd6,
    0x59, 0xce, 0x33, 0x7c, 0xf8, 0xbd, 0x79, 0xce, 0x3c, 0xef, 0x7d, 0xf7,
    0x79, 0xd6, 0xef, 0x7b, 0x50, 0x8c, 0x0f, 0x84, 0x59, 0xce, 0x9d, 0xf7,
    0x5d, 0xf7, 0x7d, 0xef, 0xbe, 0xff, 0xbe, 0xff, 0xbe, 0xf7, 0x9e, 0xf7,
    0xbe, 0xff, 0x9e, 0xf7, 0x9d, 0xf7, 0xbe, 0xff, 0x9e, 0xf7, 0xbe, 0xf7,
    0x9e, 0xf7, 0x5d, 0xef, 0x3c, 0xef, 0x3c, 0xef, 0x3d, 0xef, 0x5d, 0xef,
    0x5c, 0xef, 0xfc, 0xde, 0x1c, 0xe7, 0x1c, 0xe7, 0xdb, 0xd6, 0x59, 0xce,
    0x18, 0xbe, 0xf8, 0xbd, 0xf7, 0xbd, 0xd7, 0xb5, 0x34, 0xad, 0xd3, 0x9c,
    0xb2, 0x9c, 0x59, 0xce, 0x7a, 0xd6, 0x90, 0x7b, 0x70, 0x73, 0x4d, 0x52,
    0x4e, 0x52, 0xf0, 0x6a, 0xcf, 0x6a, 0x33, 0x94, 0x5d, 0xf7, 0x58, 0xde,
    0x37, 0xd6, 0x37, 0xd6, 0x37, 0xd6, 0x38, 0xd6, 0x17, 0xce, 0x95, 0xbd,
    0x38, 0xd6, 0x37, 0xd6, 0x37, 0xd6, 0x38, 0xd6, 0x17, 0xce, 0xb6, 0xc5,
    0xd7, 0xc5, 0x70, 0x73, 0x92, 0x73, 0xd0, 0x5a, 0xd0, 0x5a, 0xf0, 0x5a,
    0x33, 0x74, 0xb4, 0x84, 0xf6, 0x94, 0x55, 0x84, 0xb3, 0x73, 0xd0, 0x5a,
    0xb3, 0x7b, 0x51, 0x6b, 0x31, 0x6b, 0xcf, 0x5a, 0xaf, 0x52, 0x72, 0x6b,
    0x35, 0x84, 0x50, 0x63, 0x14, 0x8d, 0x35, 0x95, 0x15, 0x95, 0xf4, 0x8c,
    0xb3, 0x84, 0xb4, 0x8c, 0xd4, 0x8c, 0xb3, 0x84, 0x72, 0x7c, 0x32, 0x7c,
    0x52, 0x7c, 0x31, 0x7c, 0x31, 0x74, 0x31, 0x74, 0x31, 0x7c, 0x11, 0x7c,
    0x11, 0x74, 0x11, 0x74, 0x52, 0x8c, 0x2a, 0x42, 0x4a, 0x42, 0x4a, 0x4a,
    0x4a, 0x4a, 0x4a, 0x42, 0x4e, 0x63, 0x4e, 0x63, 0x4e, 0x5b, 0x4e, 0x63,
    0x6f, 0x63, 0x8f, 0x63, 0xaf, 0x6b, 0xaf, 0x6b, 0xb0, 0x6b, 0xb0, 0x6b,
    0xaf, 0x6b, 0x4e, 0x63, 0x4f, 0x63, 0x4e, 0x63, 0x4f, 0x6b, 0xd0, 0x7b,
    0x6e, 0x73, 0x2a, 0x42, 0x29, 0x42, 0x4a, 0x4a, 0x2a, 0x42, 0xcc, 0x5a,
    0xcd, 0x5a, 0xcd, 0x5a, 0xed, 0x5a, 0xcd, 0x5a, 0xcc, 0x5a, 0xcd, 0x5a,
    0xec, 0x62, 0xb3, 0x94, 0xbd, 0xff, 0xbd, 0xff, 0xbe, 0xff, 0xde, 0xff,
    0xbd, 0xff, 0xbd, 0xff, 0xbd, 0xff, 0xbd, 0xff, 0xbd, 0xff, 0xfb, 0xde,
    0xcb, 0x5a, 0x14, 0xa5, 0x9e, 0xf7, 0x9a, 0xd6, 0xd7, 0xbd, 0x79, 0xce,
    0x30, 0x84, 0xba, 0xde, 0xfe, 0xff, 0x5d, 0xef, 0x58, 0xce, 0x38, 0xce,
    0x99, 0xd6, 0xbd, 0xff, 0x9d, 0xff, 0x9d, 0xff, 0xbd, 0xff, 0x9d, 0xff,
    0x9d, 0xff, 0xbd, 0xff, 0x9d, 0xff, 0x9d, 0xff, 0x9d, 0xff, 0x9d, 0xff,
    0x9d, 0xff, 0x9c, 0xff, 0x9d, 0xff, 0x9d, 0xff, 0xbd, 0xff, 0x9d, 0xff,
    0x9d, 0xff, 0x9d, 0xff, 0x9d, 0xff, 0xbd, 0xff, 0x9d, 0xff, 0x9d, 0xff,
    0x9d, 0xff, 0x9d, 0xff, 0x9d, 0xff, 0x9e, 0xff, 0x9d, 0xff, 0x9d, 0xff,
    0x9d, 0xff, 0x9d, 0xff, 0x9d, 0xff, 0x7d, 0xff, 0x9d, 0xff, 0x9d, 0xff,
    0x9d, 0xf7, 0x7d, 0xff, 0x7d, 0xff, 0x7d, 0xf7, 0x7d, 0xf7, 0x7d, 0xff,
    0x7d, 0xff, 0x7d, 0xff, 0x7d, 0xf7, 0x7d, 0xff, 0x7d, 0xff, 0x5d, 0xf7,
    0x7d, 0xff, 0x5d, 0xf7, 0x7d, 0xff, 0x7d, 0xff, 0x5d, 0xf7, 0x5d, 0xff,
    0x7d, 0xff, 0x7d, 0xff, 0x5d, 0xff, 0x5d, 0xff, 0x5d, 0xf7, 0x5d, 0xf7,
    0x7d, 0xff, 0x5d, 0xf7, 0x5d, 0xf7, 0x5d, 0xff, 0x5d, 0xf7, 0x5d, 0xf7,
    0x5c, 0xf7, 0x5d, 0xf7, 0x5d, 0xf7, 0x5c, 0xf7, 0x5c, 0xf7, 0x5d, 0xf7,
    0x5c, 0xf7, 0x5d, 0xf7, 0x5d, 0xff, 0x5d, 0xf7, 0x5d, 0xf7, 0x5d, 0xf7,
    0x5d, 0xf7, 0x5d, 0xf7, 0x7d, 0xf7, 0x5d, 0xf7, 0x5d, 0xff, 0x5d, 0xf7,
    0x5d, 0xf7, 0x5d, 0xf7, 0x5d, 0xf7, 0x5d, 0xf7, 0x5d, 0xf7, 0x5d, 0xf7,
    0x5d, 0xf7, 0x5d, 0xf7, 0x5d, 0xf7, 0x5d, 0xf7, 0x5d, 0xf7, 0x5d, 0xf7,
    0x5d, 0xf7, 0x5d, 0xf7, 0x5d, 0xf7, 0x5d, 0xf7, 0x5d, 0xf7, 0x5d, 0xf7,
    0x5d, 0xf7, 0x5d, 0xf7, 0x5d, 0xff, 0x7d, 0xf7, 0x7d, 0xf7, 0x5d, 0xf7,
    0x5d, 0xf7, 0x7d, 0xf7, 0x7d, 0xf7, 0x5d, 0xf7, 0x1c, 0xe7, 0xfb, 0xe6,
    0xdb, 0xde, 0xfb, 0xde, 0x3c, 0xef, 0x5d, 0xef, 0x5d, 0xef, 0x5d, 0xf7,
    0x3c, 0xe7, 0x9a, 0xd6, 0xfb, 0xe6, 0x7d, 0xf7, 0x9d, 0xf7, 0x7d, 0xf7,
    0x7d, 0xf7, 0x39, 0xc6, 0x56, 0x9d, 0x15, 0x95, 0x19, 0xc6, 0x59, 0xce,
    0xb7, 0xb5, 0x9a, 0xde, 0x7d, 0xf7, 0x5d, 0xef, 0x3c, 0xef, 0x9a, 0xde,
    0x18, 0xc6, 0x59, 0xce, 0x5c, 0xf7, 0x5d, 0xf7, 0x5d, 0xf7, 0x7c, 0xf7,
    0x7d, 0xf7, 0x5d, 0xf7, 0x5c, 0xf7, 0x5d, 0xf7, 0x7c, 0xf7, 0x5c, 0xf7,
    0x7d, 0xf7, 0x9d, 0xff, 0x36, 0xa5, 0x11, 0x4b, 0xb4, 0x63, 0x0f, 0x5b,
    0xdf, 0xff, 0xdf, 0xff, 0xf6, 0x9c, 0x75, 0x84, 0xfc, 0xde, 0x7d, 0xf7,
    0x7d, 0xf7, 0x7d, 0xf7, 0x79, 0xd6, 0x0f, 0x84, 0x51, 0x8c, 0x30, 0x84,
    0x59, 0xce, 0x7d, 0xf7, 0x9d, 0xf7, 0xbe, 0xff, 0xbe, 0xf7, 0x9e, 0xf7,
    0x9e, 0xff, 0xbd, 0xf7, 0xbe, 0xf7, 0x9e, 0xf7, 0x9d, 0xf7, 0x9d, 0xf7,
    0x9e, 0xf7, 0xbe, 0xf7, 0x7d, 0xf7, 0xfc, 0xe6, 0xdb, 0xd6, 0x9a, 0xd6,
    0x7a, 0xce, 0x79, 0xc6, 0x39, 0xc6, 0x18, 0xbe, 0xd7, 0xad, 0xb7, 0xad,
    0x96, 0xad, 0x96, 0xa5, 0x76, 0xa5, 0x76, 0xa5, 0x75, 0xa5, 0xd3, 0x94,
    0x75, 0xb5, 0xf3, 0xa4, 0x75, 0xb5, 0x34, 0xad, 0x38, 0xc6, 0x93, 0x94,
    0x90, 0x73, 0x10, 0x6b, 0x0d, 0x4a, 0x6e, 0x5a, 0x8f, 0x5a, 0x71, 0x7b,
    0xf5, 0xac, 0xbe, 0xff, 0x58, 0xde, 0x58, 0xd6, 0x38, 0xd6, 0xf6, 0xcd,
    0xd6, 0xc5, 0x17, 0xce, 0x37, 0xd6, 0x37, 0xce, 0x37, 0xce, 0x37, 0xce,
    0x17, 0xce, 0xf6, 0xcd, 0x34, 0xad, 0x14, 0x84, 0x51, 0x6b, 0xaf, 0x5a,
    0xaf, 0x52, 0x15, 0x9d, 0xb4, 0x8c, 0x15, 0x95, 0x16, 0x95, 0x14, 0x7c,
    0xd3, 0x7b, 0xcf, 0x5a, 0xd3, 0x7b, 0x72, 0x6b, 0x30, 0x6b, 0xd0, 0x5a,
    0xaf, 0x52, 0xd0, 0x5a, 0x97, 0x8c, 0xad, 0x4a, 0xd4, 0x8c, 0xf4, 0x8c,
    0xf4, 0x8c, 0xb3, 0x84, 0x72, 0x7c, 0x72, 0x7c, 0x73, 0x84, 0x72, 0x84,
    0x52, 0x7c, 0x31, 0x74, 0x31, 0x7c, 0x32, 0x7c, 0x32, 0x74, 0x11, 0x74,
    0x11, 0x7c, 0x11, 0x74, 0x11, 0x74, 0xf0, 0x73, 0x52, 0x84, 0x29, 0x42,
    0x6a, 0x42, 0x4a, 0x42, 0x4b, 0x4a, 0x4a, 0x4a, 0x4e, 0x5b, 0x2e, 0x5b,
    0x2e, 0x5b, 0x4e, 0x63, 0x6f, 0x63, 0x6f, 0x63, 0x6f, 0x63, 0x8f, 0x63,
    0x8f, 0x63, 0x8f, 0x63, 0x6f, 0x63, 0x2e, 0x5b, 0x0d, 0x5b, 0x2e, 0x63,
    0x2e, 0x63, 0x8f, 0x73, 0x8e, 0x73, 0x49, 0x42, 0x49, 0x42, 0x4a, 0x42,
    0x2a, 0x42, 0xac, 0x52, 0xac, 0x52, 0xac, 0x52, 0xac, 0x52, 0xac, 0x52,
    0xcc, 0x52, 0xac, 0x52, 0xcf, 0x7b, 0xd3, 0x94, 0xbd, 0xff, 0xbd, 0xff,
    0xbd, 0xff, 0x7c, 0xf7, 0xfa, 0xde, 0xbd, 0xff, 0xbd, 0xff, 0xbe, 0xff,
    0xb6, 0xbd, 0x8e, 0x73, 0x5c, 0xef, 0xbe, 0xff, 0xbe, 0xff, 0x96, 0xb5,
    0x38, 0xc6, 0xcf, 0x7b, 0x59, 0xce, 0x3c, 0xef, 0xd7, 0xbd, 0x75, 0xad,
    0xdb, 0xde, 0xbe, 0xff, 0xbd, 0xff, 0xbd, 0xff, 0x9d, 0xff, 0xbd, 0xff,
    0x9d, 0xff, 0xbd, 0xff, 0x9d, 0xff, 0x9d, 0xff, 0xbd, 0xff, 0xbd, 0xff,
    0x9d, 0xff, 0x9d, 0xff, 0x9d, 0xff, 0xbd, 0xff, 0xbd, 0xff, 0xbd, 0xff,
    0x9c, 0xff, 0xbd, 0xff, 0x9d, 0xff, 0x9d, 0xff, 0xbd, 0xff, 0x9d, 0xff,
    0x9d, 0xff, 0xbd, 0xff, 0x9d, 0xff, 0x9d, 0xff, 0x9e, 0xff, 0x9d, 0xff,
    0x9e, 0xff, 0x9d, 0xff, 0x9e, 0xff, 0x7d, 0xff, 0x7d, 0xff, 0x9d, 0xff,
    0x9e, 0xff, 0x7d, 0xff, 0x7d, 0xf7, 0x7d, 0xff, 0x9d, 0xff, 0x7d, 0xf7,
    0x7d, 0xf7, 0x7d, 0xff, 0x7d, 0xf7, 0x7d, 0xff, 0x7d, 0xf7, 0x7d, 0xf7,
    0x5d, 0xf7, 0x5d, 0xff, 0x7d, 0xf7, 0x5d, 0xff, 0x5d, 0xf7, 0x7d, 0xff,
    0x7d, 0xf7, 0x5d, 0xf7, 0x5d, 0xf7, 0x7d, 0xf7, 0x5d, 0xf7, 0x5d, 0xff,
    0x7d, 0xf7, 0x5d, 0xff, 0x5d, 0xf7, 0x7c, 0xf7, 0x5d, 0xff, 0x5d, 0xff,
    0x7d, 0xf7, 0x5d, 0xff, 0x5d, 0xff, 0x5d, 0xf7, 0x5d, 0xf7, 0x5d, 0xff,
    0x5d, 0xf7, 0x5d, 0xf7, 0x5d, 0xf7, 0x5c, 0xf7, 0x5d, 0xf7, 0x5d, 0xf7,
    0x5c, 0xf7, 0x5d, 0xf7, 0x5d, 0xf7, 0x5c, 0xff, 0x5d, 0xf7, 0x5d, 0xf7,
    0x5d, 0xf7, 0x5d, 0xf7, 0x5d, 0xf7, 0x5d, 0xf7, 0x5d, 0xf7, 0x5d, 0xff,
    0x5c, 0xf7, 0x5c, 0xf7, 0x5d, 0xf7, 0x5c, 0xf7, 0x5c, 0xf7, 0x5d, 0xf7,
    0x5d, 0xf7, 0x5c, 0xf7, 0x5d, 0xf7, 0x5d, 0xf7, 0x5d, 0xf7, 0x5d, 0xff,
    0x5d, 0xf7, 0x5d, 0xff, 0x5d, 0xf7, 0x5d, 0xf7, 0x5d, 0xff, 0x5d, 0xf7,
    0x5d, 0xf7, 0x7d, 0xf7, 0x5d, 0xf7, 0x5d, 0xf7, 0x7d, 0xf7, 0x7d, 0xf7,
    0x7d, 0xf7, 0x5d, 0xf7, 0x5d, 0xf7, 0x7d, 0xf7, 0x5d, 0xf7, 0x7d, 0xf7,
    0x5d, 0xf7, 0x7d, 0xef, 0x7d, 0xf7, 0x7d, 0xf7, 0x7d, 0xf7, 0x7d, 0xf7,
    0x7d, 0xf7, 0x7d, 0xef, 0x3c, 0xef, 0x36, 0x9d, 0x56, 0xa5, 0x36, 0x9d,
    0x7a, 0xce, 0xfb, 0xde, 0x18, 0xc6, 0xba, 0xde, 0x7d, 0xf7, 0x7d, 0xf7,
    0x5d, 0xf7, 0x1c, 0xe7, 0xba, 0xde, 0x5c, 0xef, 0x5d, 0xf7, 0x5d, 0xf7,
    0x5c, 0xf7, 0x5c, 0xf7, 0x5d, 0xef, 0x5c, 0xf7, 0x5d, 0xf7, 0x5c, 0xef,
    0x7c, 0xf7, 0x7d, 0xf7, 0x5c, 0xf7, 0xbe, 0xff, 0xf6, 0x94, 0x53, 0x53,
    0x77, 0x74, 0xd0, 0x4a, 0x5a, 0xce, 0xfc, 0xde, 0x94, 0x84, 0xd5, 0x8c,
    0x7d, 0xf7, 0x7d, 0xf7, 0x7d, 0xf7, 0x7d, 0xef, 0x79, 0xd6, 0xef, 0x7b,
    0x50, 0x8c, 0x0f, 0x84, 0xba, 0xd6, 0xbe, 0xff, 0xbe, 0xff, 0xbe, 0xff,
    0xbe, 0xf7, 0x9e, 0xf7, 0x9d, 0xf7, 0x9d, 0xff, 0x9e, 0xf7, 0x9e, 0xf7,
    0x9e, 0xf7, 0x5c, 0xef, 0xbb, 0xde, 0x9a, 0xd6, 0x59, 0xce, 0x39, 0xce,
    0x59, 0xc6, 0x59, 0xc6, 0x59, 0xc6, 0x39, 0xc6, 0x39, 0xc6, 0x18, 0xbe,
    0xb7, 0xad, 0x96, 0xad, 0x76, 0xa5, 0x76, 0xa5, 0x75, 0xa5, 0x35, 0x9d,
    0xd7, 0xbd, 0x1c, 0xe7, 0x79, 0xd6, 0x51, 0x94, 0x95, 0xb5, 0xf8, 0xc5,
    0x35, 0xad, 0x15, 0xa5, 0x52, 0x8c, 0xd5, 0x9c, 0xaf, 0x62, 0xf0, 0x6a,
    0x11, 0x6b, 0x51, 0x73, 0x30, 0x73, 0x97, 0xbd, 0x9e, 0xf7, 0x78, 0xde,
    0x37, 0xd6, 0x58, 0xd6, 0x58, 0xd6, 0x57, 0xd6, 0x58, 0xd6, 0x37, 0xd6,
    0x37, 0xce, 0x37, 0xd6, 0x17, 0xce, 0x17, 0xce, 0xf4, 0xa4, 0x14, 0x84,
    0xf0, 0x62, 0xf0, 0x5a, 0x31, 0x6b, 0x4b, 0x4a, 0xd5, 0x8c, 0x35, 0x95,
    0xf5, 0x94, 0xf4, 0x7b, 0x34, 0x84, 0xaf, 0x5a, 0xd4, 0x7b, 0x72, 0x73,
    0x30, 0x6b, 0xf0, 0x62, 0xaf, 0x5a, 0x4e, 0x4a, 0x76, 0x8c, 0xce, 0x52,
    0x93, 0x84, 0x93, 0x84, 0x93, 0x84, 0x52, 0x7c, 0x52, 0x7c, 0x52, 0x7c,
    0x32, 0x7c, 0x32, 0x7c, 0x31, 0x7c, 0x31, 0x74, 0x31, 0x74, 0x31, 0x7c,
    0x31, 0x7c, 0x32, 0x74, 0x11, 0x7c, 0x11, 0x74, 0x11, 0x74, 0xf0, 0x73,
    0x52, 0x8c, 0x2a, 0x42, 0x4a, 0x4a, 0x4a, 0x42, 0x4a, 0x42, 0x6b, 0x4a,
    0xb3, 0x9c, 0xb3, 0x94, 0xb2, 0x94, 0xb2, 0x94, 0xb2, 0x94, 0xb2, 0x94,
    0xb3, 0x94, 0xb2, 0x94, 0xb2, 0x9c, 0x92, 0x9c, 0xb3, 0x9c, 0xb3, 0x9c,
    0xb3, 0x9c, 0xd3, 0x9c, 0xd3, 0x9c, 0x14, 0xa5, 0x0c, 0x63, 0x4a, 0x42,
    0x49, 0x42, 0x4a, 0x4a, 0x2a, 0x42, 0xaf, 0x7b, 0xf0, 0x83, 0x10, 0x84,
    0xf0, 0x83, 0xef, 0x7b, 0xef, 0x7b, 0xd0, 0x7b, 0xcf, 0x7b, 0x0e, 0x5b,
    0x9d, 0xf7, 0xbd, 0xff, 0xdd, 0xff, 0x9d, 0xff, 0x37, 0xce, 0x7d, 0xf7,
    0xde, 0xff, 0x17, 0xc6, 0xf7, 0xbd, 0xde, 0xff, 0xbd, 0xff, 0xbd, 0xff,
    0xbd, 0xff, 0xde, 0xff, 0xbe, 0xff, 0x7d, 0xf7, 0x59, 0xce, 0xd3, 0x9c,
    0x92, 0x94, 0x71, 0x94, 0x71, 0x8c, 0xb3, 0x9c, 0x38, 0xce, 0x7d, 0xf7,
    0xbe, 0xff, 0xbd, 0xff, 0xbd, 0xff, 0x9d, 0xff, 0xbd, 0xff, 0x9d, 0xff,
    0x9d, 0xff, 0x9c, 0xff, 0x9d, 0xff, 0x9d, 0xff, 0x9c, 0xff, 0xbd, 0xff,
    0x9d, 0xff, 0x9d, 0xff, 0x9d, 0xff, 0x9d, 0xff, 0x9d, 0xff, 0x9d, 0xff,
    0x9d, 0xff, 0x9d, 0xff, 0x9d, 0xff, 0x9d, 0xff, 0x9d, 0xff, 0x9e, 0xff,
    0x9d, 0xff, 0x9d, 0xff, 0x9e, 0xff, 0x9d, 0xff, 0x9d, 0xff, 0x9e, 0xff,
    0x7d, 0xff, 0x7d, 0xff, 0x9d, 0xff, 0x7d, 0xff, 0x9d, 0xff, 0x7d, 0xff,
    0x7d, 0xff, 0x7d, 0xff, 0x7d, 0xf7, 0x7d, 0xff, 0x7d, 0xff, 0x7d, 0xf7,
    0x7d, 0xf7, 0x7d, 0xf7, 0x5d, 0xff, 0x7d, 0xf7, 0x7d, 0xff, 0x5d, 0xf7,
    0x7d, 0xf7, 0x5d, 0xff, 0x7d, 0xff, 0x7d, 0xf7, 0x5d, 0xff, 0x5d, 0xf7,
    0x5d, 0xf7, 0x5c, 0xf7, 0x7d, 0xff, 0x5d, 0xf7, 0x5d, 0xf7, 0x5d, 0xff,
    0x7d, 0xf7, 0x5d, 0xf7, 0x5c, 0xf7, 0x5d, 0xf7, 0x5d, 0xf7, 0x5d, 0xf7,
    0x5d, 0xff, 0x5d, 0xf7, 0x5d, 0xf7, 0x5d, 0xff, 0x5d, 0xff, 0x5d, 0xf7,
    0x5d, 0xff, 0x5d, 0xf7, 0x5d, 0xff, 0x5d, 0xff, 0x5d, 0xf7, 0x5d, 0xf7,
    0x5d, 0xff, 0x5d, 0xf7, 0x5d, 0xf7, 0x5c, 0xff, 0x5c, 0xf7, 0x5d, 0xff,
    0x5d, 0xf7, 0x5d, 0xf7, 0x5d, 0xf7, 0x5d, 0xf7, 0x5d, 0xf7, 0x5d, 0xff,
    0x5d, 0xf7, 0x5d, 0xf7, 0x5d, 0xff, 0x5d, 0xf7, 0x5d, 0xf7, 0x5d, 0xff,
    0x5d, 0xf7, 0x5d, 0xf7, 0x5d, 0xf7, 0x5d, 0xff, 0x5d, 0xf7, 0x5d, 0xf7,
    0x5d, 0xf7, 0x5c, 0xf7, 0x5d, 0xf7, 0x7c, 0xf7, 0x7d, 0xf7, 0x5c, 0xf7,
    0x5d, 0xef, 0x5d, 0xf7, 0x5d, 0xf7, 0x7d, 0xf7, 0x7d, 0xef, 0x5d, 0xf7,
    0x7d, 0xf7, 0x5d, 0xf7, 0x7d, 0xf7, 0x5d, 0xf7, 0x5d, 0xf7, 0x7d, 0xef,
    0x7d, 0xf7, 0x7d, 0xf7, 0x7d, 0xf7, 0x7d, 0xf7, 0x9a, 0xd6, 0x36, 0x9d,
    0x36, 0x9d, 0x35, 0x9d, 0x5a, 0xce, 0x5d, 0xf7, 0x5d, 0xf7, 0x7d, 0xf7,
    0x7d, 0xf7, 0x5d, 0xf7, 0x7d, 0xf7, 0x5d, 0xf7, 0x7d, 0xf7, 0x5d, 0xf7,
    0x5d, 0xf7, 0x5c, 0xf7, 0x5d, 0xf7, 0x5d, 0xef, 0x5d, 0xf7, 0x7c, 0xf7,
    0x5c, 0xef, 0x5d, 0xf7, 0x5c, 0xf7, 0x7d, 0xf7, 0x5d, 0xf7, 0x9e, 0xf7,
    0xb5, 0x94, 0x93, 0x53, 0xb8, 0x74, 0x3a, 0x8d, 0xf1, 0x73, 0xb8, 0xad,
    0x38, 0x9d, 0x57, 0xa5, 0x9d, 0xff, 0x7d, 0xf7, 0x7c, 0xf7, 0x5c, 0xf7,
    0x79, 0xd6, 0xef, 0x7b, 0x10, 0x84, 0xd7, 0xbd, 0x5c, 0xef, 0xbe, 0xff,
    0xbe, 0xf7, 0xbe, 0xff, 0x9e, 0xf7, 0xbe, 0xff, 0x9d, 0xf7, 0x9e, 0xf7,
    0x7d, 0xf7, 0x5c, 0xf7, 0x5c, 0xef, 0x3c, 0xef, 0x5a, 0xce, 0x59, 0xce,
    0x59, 0xce, 0x59, 0xc6, 0x39, 0xce, 0x59, 0xc6, 0x38, 0xc6, 0x59, 0xce,
    0x59, 0xc6, 0x18, 0xc6, 0xb7, 0xb5, 0x96, 0xa5, 0x76, 0xa5, 0x75, 0xa5,
    0x55, 0xa5, 0x75, 0xad, 0x1c, 0xe7, 0x71, 0xa4, 0x71, 0x9c, 0xd3, 0xac,
    0x30, 0x94, 0x34, 0xb5, 0x93, 0x9c, 0x15, 0xa5, 0x32, 0x84, 0x39, 0xc6,
    0x13, 0x84, 0x92, 0x73, 0x51, 0x6b, 0x55, 0x8c, 0x55, 0x94, 0xb6, 0x9c,
    0xb4, 0x9c, 0x1c, 0xef, 0x1b, 0xef, 0x78, 0xd6, 0x58, 0xd6, 0x58, 0xd6,
    0x57, 0xd6, 0x37, 0xd6, 0x37, 0xce, 0x37, 0xce, 0xf6, 0xc5, 0x54, 0xb5,
    0x16, 0xa5, 0x72, 0x73, 0xf0, 0x62, 0xf0, 0x62, 0x30, 0x6b, 0x88, 0x31,
    0x2a, 0x42, 0xf5, 0x94, 0xd5, 0x8c, 0x14, 0x7c, 0x55, 0x84, 0xaf, 0x5a,
    0xf4, 0x83, 0x72, 0x73, 0x30, 0x63, 0xf0, 0x5a, 0xaf, 0x5a, 0x2d, 0x4a,
    0x93, 0x73, 0x72, 0x6b, 0x52, 0x7c, 0x52, 0x7c, 0x52, 0x7c, 0x52, 0x7c,
    0x31, 0x7c, 0x32, 0x7c, 0x31, 0x7c, 0x31, 0x7c, 0x32, 0x74, 0x31, 0x7c,
    0x31, 0x74, 0x31, 0x7c, 0x31, 0x74, 0x32, 0x7c, 0x52, 0x7c, 0x32, 0x7c,
    0x11, 0x74, 0xf0, 0x73, 0x72, 0x8c, 0x4a, 0x42, 0x4a, 0x4a, 0x4a, 0x4a,
    0x4a, 0x42, 0x4a, 0x4a, 0x6a, 0x4a, 0x2a, 0x42, 0x2a, 0x42, 0x09, 0x42,
    0x09, 0x42, 0x09, 0x42, 0x09, 0x3a, 0xe9, 0x39, 0xe9, 0x39, 0xe9, 0x39,
    0xe9, 0x39, 0xe8, 0x39, 0xe8, 0x39, 0xe8, 0x39, 0xe8, 0x39, 0xc8, 0x39,
    0x29, 0x42, 0x4a, 0x42, 0x4a, 0x42, 0x4a, 0x4a, 0x6a, 0x4a, 0x4a, 0x42,
    0x6b, 0x4a, 0x6b, 0x4a, 0x8b, 0x4a, 0x8b, 0x4a, 0xac, 0x52, 0xcc, 0x52,
    0xcc, 0x52, 0xad, 0x4a, 0x5c, 0xef, 0xb6, 0xb5, 0x7d, 0xef, 0xdd, 0xff,
    0xde, 0xff, 0xbd, 0xff, 0xbd, 0xff, 0xbe, 0xff, 0xbd, 0xff, 0xbd, 0xff,
    0xbd, 0xff, 0xbe, 0xff, 0xde, 0xff, 0x9e, 0xf7, 0x79, 0xd6, 0xdb, 0xde,
    0xdb, 0xde, 0x3c, 0xe7, 0x1c, 0xe7, 0xfb, 0xe6, 0xdb, 0xde, 0x18, 0xc6,
    0x30, 0x84, 0x2c, 0x63, 0xce, 0x7b, 0x5c, 0xef, 0xbd, 0xff, 0x9d, 0xff,
    0xbd, 0xff, 0x9d, 0xff, 0x9d, 0xff, 0x9d, 0xff, 0x9c, 0xff, 0x9d, 0xff,
    0x9d, 0xff, 0x9c, 0xff, 0x9d, 0xff, 0x9d, 0xff, 0x9d, 0xff, 0xbd, 0xff,
    0x9d, 0xff, 0xbd, 0xff, 0x9d, 0xff, 0xbd, 0xff, 0x9d, 0xff, 0x9d, 0xff,
    0x9d, 0xff, 0x9e, 0xff, 0x9d, 0xff, 0x9d, 0xff, 0x9d, 0xff, 0x7d, 0xff,
    0x9d, 0xff, 0x7d, 0xff, 0x9d, 0xff, 0x9d, 0xf7, 0x7d, 0xff, 0x7d, 0xf7,
    0x7d, 0xff, 0x9d, 0xf7, 0x7d, 0xf7, 0x7d, 0xff, 0x7d, 0xff, 0x7d, 0xf7,
    0x7c, 0xf7, 0x7d, 0xff, 0x7d, 0xf7, 0x7c, 0xf7, 0x7d, 0xff, 0x5d, 0xff,
    0x7d, 0xf7, 0x7d, 0xff, 0x5d, 0xff, 0x5d, 0xf7, 0x7d, 0xff, 0x5d, 0xff,
    0x7d, 0xff, 0x7d, 0xff, 0x7d, 0xff, 0x5d, 0xf7, 0x5d, 0xf7, 0x5d, 0xff,
    0x5c, 0xf7, 0x5d, 0xff, 0x5d, 0xf7, 0x5d, 0xf7, 0x5d, 0xff, 0x5d, 0xff,
    0x5d, 0xf7, 0x5c, 0xf7, 0x5d, 0xf7, 0x5d, 0xf7, 0x5d, 0xf7, 0x5d, 0xf7,
    0x5d, 0xf7, 0x5d, 0xf7, 0x5d, 0xf7, 0x5d, 0xf7, 0x5d, 0xf7, 0x5d, 0xf7,
    0x5d, 0xf7, 0x5d, 0xf7, 0x5d, 0xf7, 0x5d, 0xf7, 0x5d, 0xff, 0x5d, 0xf7,
    0x5d, 0xf7, 0x5d, 0xf7, 0x5d, 0xf7, 0x5c, 0xf7, 0x5d, 0xf7, 0x5d, 0xf7,
    0x3d, 0xf7, 0x5d, 0xf7, 0x5c, 0xf7, 0x3d, 0xf7, 0x5c, 0xf7, 0x5d, 0xf7,
    0x5c, 0xf7, 0x5c, 0xf7, 0x5d, 0xf7, 0x5c, 0xf7, 0x5c, 0xf7, 0x5d, 0xf7,
    0x5c, 0xf7, 0x5d, 0xf7, 0x5d, 0xf7, 0x5d, 0xf7, 0x5d, 0xf7, 0x5d, 0xf7,
    0x5c, 0xf7, 0x5d, 0xf7, 0x5d, 0xf7, 0x5c, 0xef, 0x5d, 0xf7, 0x5d, 0xf7,
    0x5c, 0xef, 0x5d, 0xf7, 0x5d, 0xf7, 0x5d, 0xef, 0x5d, 0xf7, 0x7d, 0xf7,
    0x5d, 0xef, 0x5c, 0xf7, 0x7d, 0xf7, 0x5d, 0xef, 0x5d, 0xef, 0x3c, 0xef,
    0x96, 0xad, 0x56, 0xa5, 0x56, 0xa5, 0x56, 0xa5, 0xf8, 0xbd, 0x7d, 0xf7,
    0x7d, 0xf7, 0x7d, 0xf7, 0x5d, 0xf7, 0x5d, 0xf7, 0x5d, 0xef, 0x5d, 0xf7,
    0x5d, 0xf7, 0x5c, 0xf7, 0x5d, 0xf7, 0x7d, 0xef, 0x5c, 0xf7, 0x5c, 0xf7,
    0x5d, 0xf7, 0x5d, 0xf7, 0x5c, 0xef, 0x5d, 0xf7, 0x5d, 0xf7, 0x5c, 0xef,
    0x7c, 0xf7, 0xbe, 0xff, 0x13, 0x7c, 0xb4, 0x53, 0xbc, 0x95, 0x7b, 0x8d,
    0x51, 0x53, 0x99, 0xa5, 0x99, 0xa5, 0x9b, 0xd6, 0x7d, 0xf7, 0x7c, 0xf7,
    0x7d, 0xf7, 0x5d, 0xef, 0x59, 0xce, 0x10, 0x84, 0x59, 0xce, 0x79, 0xce,
    0x3c, 0xef, 0xbe, 0xff, 0xbe, 0xff, 0xbe, 0xf7, 0x9d, 0xf7, 0x5d, 0xf7,
    0x5c, 0xef, 0x5c, 0xef, 0x5c, 0xef, 0x5c, 0xef, 0x5c, 0xef, 0x3c, 0xef,
    0x7a, 0xd6, 0x59, 0xce, 0x59, 0xc6, 0x39, 0xce, 0x59, 0xce, 0x59, 0xc6,
    0x59, 0xce, 0x59, 0xce, 0x59, 0xc6, 0x38, 0xc6, 0xd7, 0xb5, 0x76, 0xa5,
    0x76, 0xa5, 0x55, 0xa5, 0x55, 0xa5, 0x75, 0xbd, 0x55, 0xc5, 0x9a, 0xde,
    0x31, 0x9c, 0xcf, 0x8b, 0xd3, 0xb4, 0x92, 0xa4, 0x32, 0x94, 0xf5, 0xa4,
    0x52, 0x84, 0xd7, 0xb5, 0x36, 0xa5, 0x92, 0x73, 0xd3, 0x7b, 0x35, 0x8c,
    0xf3, 0x83, 0xd6, 0x9c, 0xd7, 0xa4, 0x95, 0x94, 0xf5, 0xa4, 0x9a, 0xd6,
    0xd9, 0xe6, 0x58, 0xd6, 0x37, 0xd6, 0x58, 0xd6, 0x38, 0xd6, 0x34, 0xb5,
    0x92, 0x9c, 0xf3, 0xac, 0x98, 0xad, 0xd0, 0x5a, 0xf0, 0x62, 0xcf, 0x5a,
    0x49, 0x29, 0x69, 0x31, 0xca, 0x39, 0xb1, 0x6b, 0xb5, 0x84, 0x34, 0x84,
    0xf3, 0x7b, 0x51, 0x6b, 0xf4, 0x83, 0x92, 0x73, 0x31, 0x63, 0xf0, 0x62,
    0xcf, 0x5a, 0x4d, 0x4a, 0x70, 0x52, 0xb8, 0x94, 0xb0, 0x6b, 0x52, 0x7c,
    0x31, 0x7c, 0x32, 0x7c, 0x52, 0x7c, 0x31, 0x7c, 0x31, 0x7c, 0x31, 0x74,
    0x32, 0x7c, 0x32, 0x7c, 0x32, 0x7c, 0x32, 0x7c, 0x73, 0x84, 0xb3, 0x84,
    0x93, 0x8c, 0x52, 0x84, 0x31, 0x7c, 0x11, 0x74, 0x72, 0x8c, 0x29, 0x42,
    0x4a, 0x42, 0x4a, 0x4a, 0x4a, 0x4a, 0x4a, 0x42, 0x4a, 0x4a, 0x4a, 0x4a,
    0x4a, 0x42, 0x4a, 0x4a, 0x4a, 0x42, 0x4a, 0x4a, 0x4a, 0x4a, 0x4a, 0x4a,
    0x4a, 0x42, 0x4a, 0x42, 0x4a, 0x4a, 0x4a, 0x42, 0x4a, 0x4a, 0x4a, 0x4a,
    0x4a, 0x4a, 0x4a, 0x42, 0x4a, 0x4a, 0x49, 0x4a, 0x4a, 0x4a, 0x4a, 0x4a,
    0x6b, 0x4a, 0x6b, 0x4a, 0x8b, 0x4a, 0xac, 0x52, 0xac, 0x52, 0xac, 0x52,
    0xcc, 0x52, 0xcc, 0x52, 0xed, 0x5a, 0xad, 0x4a, 0xbe, 0xff, 0x99, 0xd6,
    0xfb, 0xe6, 0xbd, 0xff, 0xdd, 0xff, 0xbd, 0xff, 0xbd, 0xff, 0xbd, 0xff,
    0xbd, 0xff, 0xbd, 0xff, 0xbe, 0xff, 0xde, 0xff, 0xb6, 0xb5, 0x79, 0xd6,
    0x92, 0x94, 0xcf, 0x7b, 0xcf, 0x7b, 0x96, 0xb5, 0xfb, 0xe6, 0xde, 0xff,
    0xbd, 0xff, 0xbd, 0xff, 0xde, 0xff, 0xbe, 0xff, 0xba, 0xde, 0x92, 0x94,
    0xfb, 0xe6, 0xbd, 0xff, 0x9d, 0xff, 0x9d, 0xff, 0x9d, 0xff, 0x9d, 0xff,
    0x9d, 0xff, 0xbd, 0xff, 0x9d, 0xff, 0x9d, 0xff, 0xbc, 0xff, 0x9d, 0xff,
    0x9d, 0xff, 0x9d, 0xff, 0x9d, 0xff, 0x9d, 0xff, 0xbd, 0xff, 0x9d, 0xff,
    0x9d, 0xff, 0x9d, 0xff, 0x9d, 0xff, 0x9d, 0xff, 0x9d, 0xff, 0x9e, 0xff,
    0x9d, 0xff, 0x9d, 0xff, 0x7d, 0xff, 0x7d, 0xff, 0x9d, 0xff, 0x7d, 0xff,
    0x7d, 0xff, 0x7d, 0xff, 0x7d, 0xff, 0x7d, 0xff, 0x7d, 0xf7, 0x7d, 0xff,
    0x7d, 0xff, 0x7d, 0xf7, 0x7d, 0xf7, 0x7c, 0xff, 0x7d, 0xf7, 0x7d, 0xf7,
    0x5d, 0xff, 0x5d, 0xf7, 0x7d, 0xf7, 0x5d, 0xff, 0x5d, 0xf7, 0x7d, 0xf7,
    0x5d, 0xf7, 0x5d, 0xf7, 0x7d, 0xf7, 0x5d, 0xff, 0x7d, 0xf7, 0x5d, 0xf7,
    0x5d, 0xff, 0x7d, 0xf7, 0x7d, 0xf7, 0x5d, 0xff, 0x7d, 0xf7, 0x5d, 0xff,
    0x7d, 0xf7, 0x5d, 0xf7, 0x5d, 0xff, 0x5d, 0xf7, 0x5d, 0xff, 0x5d, 0xf7,
    0x5c, 0xff, 0x5d, 0xf7, 0x5d, 0xf7, 0x5c, 0xff, 0x5d, 0xf7, 0x5d, 0xf7,
    0x5c, 0xff, 0x5d, 0xf7, 0x5d, 0xf7, 0x5c, 0xff, 0x5d, 0xf7, 0x5d, 0xf7,
    0x5d, 0xf7, 0x5d, 0xf7, 0x5d, 0xff, 0x5d, 0xf7, 0x5d, 0xff, 0x5c, 0xf7,
    0x5d, 0xf7, 0x5c, 0xf7, 0x3d, 0xf7, 0x5d, 0xf7, 0x5c, 0xf7, 0x3d, 0xf7,
    0x5d, 0xf7, 0x5d, 0xf7, 0x3d, 0xf7, 0x5d, 0xf7, 0x5d, 0xf7, 0x5d, 0xf7,
    0x5d, 0xf7, 0x5d, 0xf7, 0x5d, 0xf7, 0x5c, 0xff, 0x5d, 0xf7, 0x5d, 0xf7,
    0x5c, 0xf7, 0x5d, 0xf7, 0x5d, 0xf7, 0x5d, 0xf7, 0x5d, 0xf7, 0x5c, 0xf7,
    0x5d, 0xf7, 0x5d, 0xf7, 0x5d, 0xf7, 0x5c, 0xf7, 0x7d, 0xef, 0x5c, 0xf7,
    0x5c, 0xf7, 0x5d, 0xef, 0x5c, 0xf7, 0x5d, 0xf7, 0x5c, 0xf7, 0x5c, 0xef,
    0x5d, 0xf7, 0xfb, 0xe6, 0xd8, 0xbd, 0xb8, 0xb5, 0x97, 0xad, 0x76, 0xad,
    0xdb, 0xde, 0x5d, 0xf7, 0x5d, 0xf7, 0x5d, 0xf7, 0x5d, 0xf7, 0x5d, 0xef,
    0x5c, 0xf7, 0x7c, 0xf7, 0x5d, 0xef, 0x5c, 0xef, 0x5c, 0xf7, 0x5d, 0xef,
    0x5c, 0xf7, 0x3c, 0xf7, 0x3c, 0xf7, 0x5c, 0xf7, 0x5d, 0xef, 0x5c, 0xf7,
    0x5d, 0xf7, 0x5d, 0xf7, 0x9d, 0xf7, 0x39, 0xc6, 0xb0, 0x42, 0x37, 0x64,
    0xda, 0x74, 0x7b, 0x8d, 0xf5, 0x6b, 0xb9, 0xad, 0x78, 0xa5, 0x7d, 0xf7,
    0x7c, 0xf7, 0x7c, 0xf7, 0x5d, 0xf7, 0x7d, 0xf7, 0x79, 0xce, 0x38, 0xc6,
    0x79, 0xce, 0x79, 0xce, 0x3c, 0xef, 0xbe, 0xff, 0x7d, 0xf7, 0x5c, 0xef,
    0x3c, 0xef, 0x5c, 0xf7, 0x5c, 0xef, 0x5c, 0xf7, 0x5c, 0xf7, 0x5c, 0xef,
    0x5d, 0xf7, 0x3c, 0xef, 0xdb, 0xde, 0x7a, 0xce, 0xfb, 0xde, 0xfb, 0xe6,
    0x59, 0xce, 0x59, 0xc6, 0x59, 0xce, 0x59, 0xce, 0x59, 0xc6, 0x39, 0xc6,
    0xf8, 0xbd, 0x96, 0xad, 0x76, 0xa5, 0x55, 0x9d, 0x59, 0xc6, 0x1c, 0xef,
    0xf2, 0xb4, 0x50, 0xac, 0xd2, 0xac, 0x71, 0xa4, 0xcf, 0x8b, 0xb3, 0xac,
    0xd3, 0xa4, 0x73, 0x94, 0xf4, 0x9c, 0x96, 0xad, 0x77, 0xb5, 0xf3, 0x83,
    0xd3, 0x7b, 0x75, 0x8c, 0x92, 0x73, 0x96, 0x94, 0x38, 0xad, 0xd7, 0x9c,
    0x55, 0x94, 0xd6, 0x9c, 0x35, 0xa5, 0xd6, 0xbd, 0x37, 0xce, 0x95, 0xbd,
    0xb2, 0x9c, 0x92, 0xa4, 0xd3, 0xac, 0x76, 0xbd, 0x76, 0x8c, 0xef, 0x62,
    0x0c, 0x42, 0x6d, 0x52, 0x48, 0x29, 0xaa, 0x39, 0xce, 0x5a, 0x36, 0x95,
    0x74, 0x84, 0x75, 0x84, 0x71, 0x6b, 0xf3, 0x7b, 0xf4, 0x7b, 0x72, 0x6b,
    0x31, 0x6b, 0xf0, 0x62, 0xcf, 0x5a, 0x4d, 0x4a, 0x0d, 0x42, 0xd9, 0x9c,
    0x12, 0x74, 0x52, 0x7c, 0x52, 0x7c, 0x31, 0x7c, 0x52, 0x7c, 0x32, 0x7c,
    0x52, 0x7c, 0x31, 0x74, 0x31, 0x7c, 0x31, 0x74, 0x32, 0x7c, 0x93, 0x84,
    0xb3, 0x8c, 0xb4, 0x8c, 0xb4, 0x8c, 0x72, 0x84, 0x31, 0x7c, 0x11, 0x74,
    0x72, 0x8c, 0x2a, 0x42, 0x4a, 0x4a, 0x4a, 0x42, 0x4a, 0x42, 0x4a, 0x4a,
    0x4a, 0x42, 0x4a, 0x42, 0x4a, 0x4a, 0x4a, 0x4a, 0x4a, 0x42, 0x4a, 0x42,
    0x4a, 0x4a, 0x4a, 0x42, 0x4a, 0x4a, 0x4a, 0x4a, 0x4a, 0x42, 0x4a, 0x4a,
    0x4b, 0x4a, 0x4a, 0x42, 0x4a, 0x42, 0x4a, 0x4a, 0x4a, 0x4a, 0x4a, 0x42,
    0x4a, 0x4a, 0x4a, 0x4a, 0x6b, 0x4a, 0x8b, 0x4a, 0xac, 0x52, 0xac, 0x52,
    0xcc, 0x52, 0xcc, 0x52, 0xcc, 0x52, 0xcd, 0x52, 0xed, 0x5a, 0xad, 0x4a,
    0xbd, 0xff, 0xbd, 0xff, 0xbe, 0xff, 0xda, 0xe6, 0xde, 0xff, 0xbd, 0xff,
    0xbd, 0xff, 0xbd, 0xff, 0xbd, 0xff, 0xbe, 0xff, 0xbe, 0xff, 0x30, 0x8c,
    0x92, 0x94, 0xbe, 0xff, 0x9c, 0xf7, 0x5c, 0xf7, 0x38, 0xce, 0xb6, 0xbd,
    0x58, 0xce, 0xfb, 0xe6, 0xbd, 0xff, 0xdd, 0xff, 0xbe, 0xff, 0xbd, 0xff,
    0xbd, 0xff, 0xbe, 0xff, 0x3c, 0xf7, 0xbd, 0xff, 0xbd, 0xff, 0x9c, 0xff,
    0x9d, 0xff, 0x9d, 0xff, 0x9d, 0xff, 0x9d, 0xff, 0x9d, 0xff, 0x9d, 0xff,
    0x9d, 0xff, 0x9d, 0xff, 0x9d, 0xff, 0x9c, 0xff, 0x9d, 0xff, 0x9d, 0xff,
    0x9d, 0xff, 0x9d, 0xff, 0x9d, 0xff, 0x9d, 0xff, 0x9d, 0xff, 0x9d, 0xff,
    0x9e, 0xff, 0x7d, 0xff, 0x9d, 0xff, 0x7e, 0xff, 0x9d, 0xff, 0x9d, 0xff,
    0x7e, 0xff, 0x7d, 0xf7, 0x9d, 0xff, 0x7d, 0xff, 0x7d, 0xf7, 0x9d, 0xff,
    0x7d, 0xff, 0x7d, 0xf7, 0x7d, 0xff, 0x7d, 0xff, 0x7d, 0xf7, 0x7d, 0xff,
    0x7c, 0xff, 0x7d, 0xf7, 0x7d, 0xff, 0x7d, 0xf7, 0x5d, 0xff, 0x7d, 0xff,
    0x7d, 0xf7, 0x7d, 0xff, 0x5d, 0xff, 0x7d, 0xf7, 0x5d, 0xff, 0x5d, 0xf7,
    0x7d, 0xff, 0x5d, 0xf7, 0x5d, 0xff, 0x5d, 0xf7, 0x5d, 0xf7, 0x5c, 0xff,
    0x5d, 0xf7, 0x7d, 0xf7, 0x5c, 0xff, 0x5d, 0xf7, 0x7d, 0xf7, 0x5d, 0xff,
    0x5d, 0xf7, 0x5d, 0xf7, 0x5d, 0xf7, 0x5d, 0xff, 0x5d, 0xf7, 0x5d, 0xf7,
    0x5d, 0xff, 0x5d, 0xf7, 0x5d, 0xf7, 0x5d, 0xff, 0x5d, 0xf7, 0x5d, 0xf7,
    0x5d, 0xff, 0x5c, 0xf7, 0x5d, 0xf7, 0x5d, 0xff, 0x5c, 0xf7, 0x5d, 0xf7,
    0x5d, 0xf7, 0x5d, 0xf7, 0x5d, 0xf7, 0x5d, 0xff, 0x5c, 0xf7, 0x5d, 0xf7,
    0x5d, 0xff, 0x5d, 0xf7, 0x5d, 0xf7, 0x5d, 0xff, 0x3d, 0xf7, 0x5c, 0xf7,
    0x3d, 0xff, 0x3d, 0xf7, 0x5d, 0xf7, 0x3d, 0xf7, 0x3d, 0xf7, 0x5c, 0xf7,
    0x3d, 0xf7, 0x5d, 0xf7, 0x3c, 0xf7, 0x3c, 0xf7, 0x5d, 0xf7, 0x5d, 0xf7,
    0x5c, 0xef, 0x5d, 0xf7, 0x5c, 0xef, 0x7d, 0xef, 0x5d, 0xf7, 0x5d, 0xf7,
    0x7d, 0xf7, 0x5d, 0xf7, 0x5d, 0xf7, 0x7d, 0xf7, 0x5d, 0xf7, 0x5c, 0xef,
    0x5d, 0xf7, 0x5d, 0xf7, 0x7d, 0xf7, 0x18, 0xc6, 0xf8, 0xbd, 0x39, 0xc6,
    0xfb, 0xde, 0x3c, 0xef, 0x5d, 0xf7, 0x5d, 0xf7, 0x5d, 0xef, 0x5c, 0xf7,
    0x5c, 0xef, 0x7d, 0xf7, 0x5c, 0xf7, 0x5c, 0xf7, 0x5d, 0xf7, 0x5d, 0xf7,
    0x5c, 0xf7, 0x3d, 0xf7, 0x5c, 0xf7, 0x3d, 0xf7, 0x3c, 0xf7, 0x5c, 0xf7,
    0x5c, 0xef, 0x5d, 0xef, 0x5c, 0xf7, 0x7d, 0xf7, 0xfb, 0xde, 0xcf, 0x52,
    0xb4, 0x5b, 0xb9, 0x74, 0x7b, 0x8d, 0x3a, 0x8d, 0xf5, 0x63, 0xd9, 0xad,
    0xb8, 0xb5, 0x7d, 0xf7, 0x7c, 0xf7, 0x5d, 0xf7, 0x5c, 0xf7, 0x5c, 0xef,
    0x1c, 0xe7, 0x58, 0xce, 0x79, 0xce, 0x79, 0xce, 0xda, 0xde, 0x5c, 0xf7,
    0x5c, 0xf7, 0x5c, 0xf7, 0x5c, 0xf7, 0x5c, 0xf7, 0x5c, 0xef, 0x5c, 0xf7,
    0x3c, 0xf7, 0x5c, 0xef, 0x5c, 0xef, 0x5c, 0xef, 0x3c, 0xef, 0x3c, 0xef,
    0x3c, 0xef, 0x5d, 0xef, 0xba, 0xd6, 0x59, 0xce, 0x59, 0xce, 0x59, 0xce,
    0x59, 0xce, 0x59, 0xce, 0x38, 0xbe, 0xd7, 0xad, 0x96, 0xa5, 0x76, 0xa5,
    0x79, 0xce, 0x90, 0xa4, 0xf2, 0xbc, 0x0f, 0x9c, 0x71, 0xac, 0x51, 0xa4,
    0x51, 0x9c, 0x11, 0x94, 0x35, 0xb5, 0xb3, 0x9c, 0x77, 0xa5, 0x76, 0xad,
    0x36, 0xad, 0x54, 0x8c, 0x34, 0x8c, 0xf6, 0x9c, 0x92, 0x73, 0x76, 0x94,
    0x58, 0xad, 0xd6, 0x9c, 0x96, 0x94, 0xf6, 0x9c, 0x76, 0xa5, 0x15, 0x9d,
    0xd4, 0x8c, 0x34, 0xa5, 0x54, 0xa5, 0x72, 0x94, 0xb3, 0xa4, 0xda, 0xc5,
    0x51, 0x6b, 0x8e, 0x52, 0x48, 0x31, 0x2c, 0x4a, 0x6b, 0x52, 0x4e, 0x73,
    0xcf, 0x83, 0x93, 0x94, 0x74, 0x84, 0xb6, 0x8c, 0x0f, 0x63, 0x34, 0x84,
    0xd3, 0x7b, 0x72, 0x73, 0x51, 0x6b, 0xf0, 0x5a, 0xcf, 0x5a, 0x6d, 0x4a,
    0xec, 0x41, 0x16, 0x84, 0x33, 0x7c, 0x52, 0x7c, 0x52, 0x7c, 0x52, 0x7c,
    0x31, 0x7c, 0x31, 0x7c, 0x32, 0x7c, 0x31, 0x7c, 0x31, 0x7c, 0x31, 0x74,
    0x72, 0x84, 0xb3, 0x8c, 0xb4, 0x8c, 0xb3, 0x8c, 0xb3, 0x84, 0x72, 0x84,
    0x11, 0x74, 0xf1, 0x73, 0x72, 0x8c, 0x29, 0x42, 0x49, 0x4a, 0x4a, 0x42,
    0x4a, 0x4a, 0x4a, 0x42, 0x4a, 0x4a, 0x4a, 0x42, 0x4a, 0x4a, 0x4a, 0x4a,
    0x49, 0x4a, 0x4a, 0x42, 0x4a, 0x42, 0x4a, 0x4a, 0x4a, 0x42, 0x4a, 0x4a,
    0x4a, 0x42, 0x4a, 0x42, 0x4a, 0x4a, 0x4a, 0x42, 0x4a, 0x42, 0x4a, 0x4a,
    0x4a, 0x4a, 0x4a, 0x4a, 0x4a, 0x42, 0x6a, 0x4a, 0x6b, 0x4a, 0x8b, 0x4a,
    0x8c, 0x52, 0xac, 0x52, 0xac, 0x52, 0xcc, 0x52, 0xcc, 0x52, 0xac, 0x52,
    0xcc, 0x52, 0xad, 0x4a, 0xbd, 0xff, 0xbd, 0xff, 0xbd, 0xff, 0x99, 0xd6,
    0xdd, 0xff, 0xbd, 0xff, 0xbd, 0xff, 0xbd, 0xff, 0xbd, 0xff, 0xde, 0xff,
    0x14, 0xa5, 0x75, 0xad, 0xbe, 0xff, 0x9d, 0xff, 0xbd, 0xff, 0xbd, 0xff,
    0x9d, 0xff, 0x7c, 0xff, 0x9d, 0xf7, 0xdd, 0xff, 0xbd, 0xff, 0xbd, 0xff,
    0xbd, 0xff, 0xbd, 0xff, 0xbd, 0xff, 0xbd, 0xff, 0x9d, 0xff, 0x9d, 0xff,
    0x9d, 0xff, 0x9d, 0xff, 0x9d, 0xff, 0x9d, 0xff, 0x9c, 0xff, 0x9d, 0xff,
    0x9d, 0xff, 0x9d, 0xff, 0x9d, 0xff, 0x9d, 0xff, 0x9d, 0xff, 0x9d, 0xff,
    0x9d, 0xff, 0x9d, 0xff, 0x9d, 0xff, 0x9d, 0xff, 0x9d, 0xff, 0x9d, 0xff,
    0x9d, 0xff, 0x9e, 0xff, 0x7d, 0xff, 0x9d, 0xff, 0x7d, 0xff, 0x7d, 0xff,
    0x9d, 0xff, 0x7d, 0xff, 0x7d, 0xf7, 0x7d, 0xff, 0x9d, 0xff, 0x7d, 0xf7,
    0x7d, 0xff, 0x7d, 0xff, 0x7d, 0xf7, 0x7d, 0xff, 0x7d, 0xff, 0x7c, 0xf7,
    0x7d, 0xf7, 0x7d, 0xff, 0x7d, 0xf7, 0x7d, 0xf7, 0x7d, 0xff, 0x7d, 0xf7,
    0x5d, 0xf7, 0x5d, 0xff, 0x7d, 0xf7, 0x5d, 0xff, 0x7d, 0xff, 0x7d, 0xf7,
    0x5d, 0xff, 0x7d, 0xff, 0x7d, 0xf7, 0x5d, 0xf7, 0x5c, 0xff, 0x5d, 0xf7,
    0x7d, 0xff, 0x5d, 0xf7, 0x5d, 0xf7, 0x5d, 0xff, 0x5d, 0xf7, 0x5d, 0xff,
    0x7d, 0xf7, 0x5d, 0xf7, 0x5d, 0xff, 0x7d, 0xf7, 0x5d, 0xff, 0x5d, 0xf7,
    0x5d, 0xf7, 0x5d, 0xf7, 0x5d, 0xf7, 0x5c, 0xf7, 0x5d, 0xf7, 0x5d, 0xf7,
    0x5d, 0xf7, 0x5d, 0xf7, 0x5d, 0xff, 0x5d, 0xf7, 0x5d, 0xf7, 0x5d, 0xf7,
    0x5d, 0xf7, 0x5d, 0xf7, 0x5c, 0xf7, 0x5d, 0xf7, 0x3d, 0xf7, 0x3d, 0xf7,
    0x5d, 0xf7, 0x3c, 0xf7, 0x5d, 0xf7, 0x5c, 0xf7, 0x3c, 0xf7, 0x5d, 0xf7,
    0x5d, 0xf7, 0x5c, 0xf7, 0x5d, 0xf7, 0x5c, 0xf7, 0x5c, 0xff, 0x5d, 0xf7,
    0x5d, 0xf7, 0x5d, 0xf7, 0x3c, 0xf7, 0x3d, 0xf7, 0x5d, 0xf7, 0x3d, 0xf7,
    0x3c, 0xf7, 0x5d, 0xf7, 0x5d, 0xf7, 0x5c, 0xf7, 0x5d, 0xf7, 0x5c, 0xef,
    0x7d, 0xf7, 0x5d, 0xf7, 0x5c, 0xef, 0x5d, 0xf7, 0x5c, 0xef, 0x7d, 0xf7,
    0x5d, 0xef, 0x5c, 0xef, 0x5d, 0xf7, 0x5d, 0xef, 0x5c, 0xef, 0x3c, 0xef,
    0x7a, 0xce, 0xfb, 0xe6, 0x5d, 0xef, 0x5d, 0xef, 0x5c, 0xf7, 0x5d, 0xef,
    0x5d, 0xf7, 0x5c, 0xef, 0x5c, 0xf7, 0x5d, 0xf7, 0x5d, 0xef, 0x5c, 0xf7,
    0x5d, 0xf7, 0x3c, 0xf7, 0x3d, 0xf7, 0x3c, 0xf7, 0x3c, 0xf7, 0x3d, 0xf7,
    0x3d, 0xf7, 0x5c, 0xf7, 0x5d, 0xef, 0x5c, 0xf7, 0x5d, 0xf7, 0x7d, 0xf7,
    0xbb, 0xde, 0x6f, 0x42, 0x15, 0x6c, 0x3a, 0x85, 0x3b, 0x8d, 0x1a, 0x85,
    0xd5, 0x63, 0xb6, 0x8c, 0x3c, 0xef, 0x5c, 0xf7, 0x7d, 0xf7, 0x7c, 0xf7,
    0x5c, 0xef, 0x7d, 0xef, 0x5c, 0xef, 0x79, 0xd6, 0x18, 0xc6, 0x30, 0x84,
    0x38, 0xce, 0x7c, 0xf7, 0x7c, 0xf7, 0x5c, 0xef, 0x5d, 0xf7, 0x5c, 0xf7,
    0x5c, 0xef, 0x5c, 0xef, 0x5c, 0xf7, 0x3c, 0xef, 0x5c, 0xef, 0x5c, 0xef,
    0x5c, 0xef, 0x3c, 0xef, 0x3c, 0xef, 0xdb, 0xde, 0x79, 0xce, 0x59, 0xce,
    0x59, 0xce, 0x58, 0xce, 0x59, 0xce, 0x59, 0xce, 0x39, 0xc6, 0x18, 0xbe,
    0xd7, 0xb5, 0xd7, 0xad, 0x38, 0xc6, 0x57, 0xde, 0x50, 0x9c, 0xd1, 0xac,
    0xb2, 0xac, 0x13, 0xb5, 0xf3, 0xb4, 0x71, 0x9c, 0x8f, 0x7b, 0x8f, 0x7b,
    0x52, 0x84, 0x96, 0xad, 0x32, 0x84, 0xd6, 0x9c, 0x77, 0xb5, 0x34, 0x8c,
    0xd2, 0x7b, 0x55, 0x8c, 0x17, 0x9d, 0xd8, 0x9c, 0x78, 0xad, 0x76, 0x8c,
    0xb7, 0xad, 0x56, 0x9d, 0x15, 0x95, 0x14, 0x9d, 0x35, 0xa5, 0xae, 0x52,
    0x92, 0x7b, 0xba, 0xbd, 0xae, 0x52, 0x89, 0x39, 0xa9, 0x41, 0x34, 0xb5,
    0x17, 0xce, 0x94, 0xbd, 0x13, 0xad, 0xf2, 0xac, 0x92, 0xa4, 0x74, 0x8c,
    0x0f, 0x63, 0x14, 0x84, 0xf4, 0x7b, 0x72, 0x73, 0x51, 0x6b, 0xf0, 0x62,
    0xd0, 0x5a, 0x6e, 0x4a, 0x0c, 0x42, 0x12, 0x5b, 0x96, 0x8c, 0x72, 0x84,
    0x52, 0x7c, 0x52, 0x7c, 0x52, 0x7c, 0x31, 0x7c, 0x31, 0x74, 0x32, 0x7c,
    0x11, 0x7c, 0x32, 0x74, 0x73, 0x84, 0x72, 0x84, 0x52, 0x7c, 0x52, 0x7c,
    0x32, 0x7c, 0x11, 0x74, 0x11, 0x74, 0xf0, 0x73, 0x72, 0x8c, 0x29, 0x42,
    0x29, 0x42, 0x29, 0x4a, 0x29, 0x42, 0x4a, 0x42, 0x4a, 0x4a, 0x4a, 0x4a,
    0x6a, 0x4a, 0x6a, 0x4a, 0x6a, 0x4a, 0x8b, 0x4a, 0x8b, 0x4a, 0x8b, 0x4a,
    0x8b, 0x4a, 0x8b, 0x4a, 0x8b, 0x52, 0x8b, 0x4a, 0x6b, 0x4a, 0x8b, 0x4a,
    0x8b, 0x4a, 0x8b, 0x52, 0x6b, 0x4a, 0x4a, 0x4a, 0x6a, 0x4a, 0x6b, 0x4a,
    0x6b, 0x4a, 0xac, 0x52, 0xcc, 0x52, 0xcc, 0x52, 0xcc, 0x52, 0xcc, 0x52,
    0xab, 0x52, 0xb2, 0x94, 0xb2, 0x94, 0x6c, 0x42, 0xbd, 0xff, 0xbd, 0xff,
    0xdd, 0xff, 0x78, 0xd6, 0xbd, 0xff, 0xbd, 0xff, 0xbe, 0xff, 0xdd, 0xff,
    0xde, 0xff, 0x1c, 0xe7, 0xf7, 0xc5, 0x9d, 0xf7, 0xbd, 0xff, 0x9d, 0xff,
    0xbd, 0xff, 0xbe, 0xff, 0xbd, 0xff, 0xbd, 0xff, 0xbd, 0xff, 0xbd, 0xff,
    0xbd, 0xff, 0xbd, 0xff, 0xbd, 0xff, 0xbd, 0xff, 0x9d, 0xff, 0x9d, 0xff,
    0x9d, 0xff, 0x9d, 0xff, 0x9d, 0xff, 0x9d, 0xff, 0x9d, 0xff, 0x9d, 0xff,
    0x9d, 0xff, 0x9d, 0xff, 0x9c, 0xff, 0x9d, 0xff, 0x9d, 0xff, 0x9c, 0xff,
    0x9d, 0xff, 0x9d, 0xff, 0x9d, 0xff, 0x9d, 0xff, 0x9c, 0xff, 0x9d, 0xff,
    0x9d, 0xff, 0x9d, 0xff, 0x7d, 0xff, 0x9d, 0xff, 0x7d, 0xff, 0x9d, 0xff,
    0x9d, 0xff, 0x7d, 0xff, 0x9d, 0xff, 0x9d, 0xff, 0x7d, 0xff, 0x7d, 0xff,
    0x7d, 0xff, 0x7d, 0xff, 0x7d, 0xf7, 0x7d, 0xff, 0x7d, 0xf7, 0x7d, 0xff,
    0x7d, 0xff, 0x7d, 0xf7, 0x7c, 0xff, 0x7d, 0xff, 0x5d, 0xf7, 0x7c, 0xff,
    0x7d, 0xff, 0x7d, 0xf7, 0x7c, 0xff, 0x7d, 0xf7, 0x7d, 0xf7, 0x5d, 0xff,
    0x5d, 0xf7, 0x7d, 0xf7, 0x5d, 0xff, 0x7d, 0xf7, 0x5d, 0xff, 0x7d, 0xff,
    0x7d, 0xf7, 0x5d, 0xf7, 0x5d, 0xff, 0x7d, 0xf7, 0x5d, 0xff, 0x5d, 0xf7,
    0x7d, 0xf7, 0x5c, 0xff, 0x5d, 0xf7, 0x5d, 0xff, 0x7d, 0xf7, 0x5d, 0xff,
    0x5d, 0xf7, 0x5d, 0xff, 0x5d, 0xff, 0x5c, 0xf7, 0x5d, 0xf7, 0x5d, 0xff,
    0x5d, 0xff, 0x5d, 0xf7, 0x5c, 0xf7, 0x5d, 0xff, 0x5d, 0xf7, 0x5d, 0xf7,
    0x5d, 0xff, 0x5d, 0xf7, 0x5d, 0xff, 0x5d, 0xff, 0x5c, 0xf7, 0x5d, 0xf7,
    0x5c, 0xf7, 0x5d, 0xf7, 0x5d, 0xf7, 0x5d, 0xf7, 0x3d, 0xf7, 0x5d, 0xf7,
    0x5d, 0xff, 0x3d, 0xf7, 0x5d, 0xf7, 0x5d, 0xf7, 0x5d, 0xf7, 0x5d, 0xf7,
    0x3d, 0xf7, 0x3d, 0xf7, 0x5d, 0xf7, 0x3d, 0xf7, 0x5d, 0xf7, 0x5d, 0xf7,
    0x3d, 0xf7, 0x5c, 0xf7, 0x5d, 0xf7, 0x5c, 0xf7, 0x5d, 0xef, 0x5d, 0xf7,
    0x5d, 0xf7, 0x5c, 0xef, 0x5d, 0xf7, 0x5d, 0xf7, 0x5c, 0xef, 0x5d, 0xef,
    0x5c, 0xf7, 0x5d, 0xf7, 0x5c, 0xef, 0x5d, 0xf7, 0x5c, 0xf7, 0x5d, 0xef,
    0x5d, 0xf7, 0x5d, 0xf7, 0x5d, 0xf7, 0x5d, 0xf7, 0x5d, 0xf7, 0x5c, 0xf7,
    0x5d, 0xef, 0x5c, 0xf7, 0x5d, 0xf7, 0x5c, 0xef, 0x5d, 0xf7, 0x5d, 0xef,
    0x5c, 0xef, 0x5d, 0xf7, 0x3c, 0xf7, 0x5c, 0xf7, 0x5c, 0xef, 0x3d, 0xf7,
    0x5c, 0xf7, 0x3c, 0xef, 0x5c, 0xef, 0x3c, 0xef, 0x5d, 0xef, 0x5c, 0xf7,
    0x7d, 0xf7, 0xdb, 0xde, 0x98, 0xad, 0xf7, 0x9c, 0x12, 0x53, 0xd8, 0x84,
    0x1a, 0x85, 0xfa, 0x84, 0x73, 0x5b, 0x9b, 0xd6, 0x7c, 0xf7, 0x7c, 0xf7,
    0x5d, 0xf7, 0x7c, 0xf7, 0x7d, 0xf7, 0x9e, 0xf7, 0x7d, 0xef, 0x34, 0xa5,
    0xef, 0x83, 0x0f, 0x84, 0x78, 0xce, 0x7c, 0xf7, 0x7c, 0xf7, 0x7c, 0xf7,
    0x5c, 0xef, 0x5c, 0xef, 0x5c, 0xf7, 0x5c, 0xef, 0x3c, 0xef, 0x3c, 0xf7,
    0x5c, 0xf7, 0x5c, 0xef, 0x5c, 0xef, 0x3c, 0xef, 0xba, 0xde, 0x79, 0xce,
    0x79, 0xce, 0x79, 0xce, 0xba, 0xd6, 0x9a, 0xd6, 0x99, 0xd6, 0x39, 0xc6,
    0x39, 0xc6, 0x38, 0xc6, 0x18, 0xbe, 0x17, 0xbe, 0xb7, 0xb5, 0x99, 0xde,
    0x1b, 0xef, 0x37, 0xd6, 0x95, 0xc5, 0x54, 0xc5, 0x13, 0xb5, 0x13, 0xb5,
    0x33, 0xb5, 0xd3, 0xa4, 0x56, 0xa5, 0x56, 0xa5, 0xd0, 0x7b, 0xb8, 0xb5,
    0xbc, 0xde, 0x91, 0x73, 0xb6, 0x94, 0x55, 0x84, 0x96, 0x94, 0x58, 0xa5,
    0x78, 0xa5, 0x17, 0x9d, 0xd8, 0xb5, 0x76, 0xa5, 0x36, 0x9d, 0x14, 0x95,
    0xf1, 0x73, 0x0d, 0x42, 0x31, 0x6b, 0x17, 0xa5, 0x0d, 0x4a, 0x88, 0x39,
    0xba, 0xde, 0x99, 0xde, 0x37, 0xce, 0xf6, 0xc5, 0x34, 0xb5, 0xf3, 0xac,
    0xf3, 0xac, 0xf3, 0xac, 0xee, 0x5a, 0x91, 0x73, 0xf4, 0x83, 0x72, 0x73,
    0x31, 0x6b, 0x10, 0x63, 0xf0, 0x5a, 0x8e, 0x52, 0x2d, 0x4a, 0x6f, 0x4a,
    0xd8, 0x94, 0x53, 0x7c, 0x72, 0x84, 0x52, 0x7c, 0x31, 0x7c, 0x31, 0x7c,
    0x31, 0x74, 0x31, 0x7c, 0x11, 0x7c, 0x31, 0x74, 0x31, 0x7c, 0x32, 0x7c,
    0x11, 0x74, 0x11, 0x7c, 0x11, 0x7c, 0x11, 0x74, 0x10, 0x74, 0xf0, 0x73,
    0x72, 0x8c, 0x49, 0x4a, 0x29, 0x42, 0x4a, 0x42, 0x49, 0x4a, 0x4a, 0x42,
    0x12, 0x84, 0x11, 0x7c, 0xf1, 0x73, 0xf1, 0x73, 0xd0, 0x73, 0x8f, 0x6b,
    0x6f, 0x6b, 0x6f, 0x6b, 0x6f, 0x6b, 0x4f, 0x63, 0x4f, 0x63, 0x2e, 0x63,
    0x2e, 0x63, 0x2e, 0x63, 0x4e, 0x63, 0xb0, 0x73, 0xaf, 0x73, 0x4a, 0x42,
    0x4a, 0x4a, 0x6b, 0x4a, 0x6a, 0x4a, 0xcc, 0x5a, 0xed, 0x5a, 0xed, 0x5a,
    0xcd, 0x5a, 0xcc, 0x5a, 0x0d, 0x63, 0x58, 0xd6, 0xf3, 0xa4, 0x6c, 0x42,
    0xbd, 0xff, 0xbd, 0xff, 0xbd, 0xff, 0xda, 0xde, 0x5d, 0xef, 0xde, 0xff,
    0xbd, 0xff, 0xbd, 0xff, 0xde, 0xff, 0x79, 0xd6, 0x5c, 0xef, 0x9d, 0xff,
    0x9d, 0xff, 0xbd, 0xff, 0x9d, 0xff, 0x9d, 0xf7, 0xbd, 0xff, 0x9d, 0xff,
    0x9d, 0xff, 0x9d, 0xff, 0x9d, 0xff, 0x9d, 0xff, 0xbd, 0xff, 0x9d, 0xff,
    0x9d, 0xff, 0x9d, 0xff, 0x9d, 0xff, 0x9d, 0xff, 0x9d, 0xff, 0x9c, 0xff,
    0x9d, 0xff, 0x9d, 0xff, 0x9d, 0xff, 0x9d, 0xff, 0x9d, 0xff, 0x9d, 0xff,
    0x9d, 0xff, 0x9d, 0xff, 0x9d, 0xff, 0x9d, 0xff, 0x9c, 0xff, 0x9d, 0xff,
    0x9d, 0xff, 0x9d, 0xff, 0x9d, 0xff, 0x7d, 0xff, 0x7d, 0xff, 0x9d, 0xff,
    0x7d, 0xff, 0x7d, 0xff, 0x9e, 0xff, 0x7d, 0xff, 0x7d, 0xf7, 0x7d, 0xff,
    0x7d, 0xf7, 0x9d, 0xf7, 0x7d, 0xff, 0x7d, 0xff, 0x7d, 0xf7, 0x7d, 0xff,
    0x7d, 0xff, 0x7d, 0xf7, 0x7d, 0xff, 0x7d, 0xff, 0x7d, 0xf7, 0x7c, 0xf7,
    0x5d, 0xff, 0x7d, 0xf7, 0x5c, 0xf7, 0x7d, 0xff, 0x7d, 0xff, 0x5d, 0xf7,
    0x5d, 0xff, 0x7d, 0xff, 0x7d, 0xf7, 0x7d, 0xff, 0x5d, 0xf7, 0x5d, 0xf7,
    0x7d, 0xff, 0x5d, 0xff, 0x7d, 0xf7, 0x5d, 0xf7, 0x5d, 0xff, 0x5c, 0xf7,
    0x5d, 0xf7, 0x7d, 0xff, 0x5d, 0xf7, 0x5d, 0xf7, 0x5d, 0xff, 0x7d, 0xf7,
    0x5d, 0xf7, 0x5d, 0xf7, 0x7d, 0xf7, 0x5d, 0xf7, 0x5d, 0xff, 0x7d, 0xf7,
    0x5d, 0xf7, 0x5d, 0xf7, 0x5d, 0xf7, 0x5d, 0xff, 0x5d, 0xf7, 0x5d, 0xf7,
    0x5c, 0xf7, 0x5d, 0xf7, 0x5d, 0xf7, 0x5c, 0xf7, 0x5d, 0xf7, 0x5d, 0xf7,
    0x5d, 0xf7, 0x3d, 0xf7, 0x5d, 0xff, 0x5c, 0xf7, 0x5d, 0xf7, 0x5d, 0xff,
    0x3c, 0xf7, 0x5d, 0xf7, 0x5d, 0xf7, 0x5c, 0xf7, 0x3d, 0xf7, 0x5d, 0xff,
    0x3d, 0xf7, 0x5d, 0xf7, 0x5d, 0xf7, 0x3d, 0xf7, 0x3d, 0xf7, 0x5d, 0xf7,
    0x3d, 0xf7, 0x3d, 0xf7, 0x3c, 0xf7, 0x3d, 0xf7, 0x5d, 0xf7, 0x5d, 0xf7,
    0xfb, 0xe6, 0x5d, 0xf7, 0x7d, 0xf7, 0x5d, 0xf7, 0x5d, 0xf7, 0x5c, 0xef,
    0x5d, 0xf7, 0x5d, 0xf7, 0x5d, 0xf7, 0x5c, 0xf7, 0x5d, 0xf7, 0x5d, 0xf7,
    0x5c, 0xf7, 0x5d, 0xf7, 0x5d, 0xf7, 0x5d, 0xf7, 0x5d, 0xef, 0x5c, 0xef,
    0x5c, 0xf7, 0x5d, 0xf7, 0x5c, 0xef, 0x5d, 0xf7, 0x5c, 0xf7, 0x5d, 0xf7,
    0x5c, 0xf7, 0x5c, 0xf7, 0x3c, 0xf7, 0x5c, 0xf7, 0x3d, 0xf7, 0x3c, 0xf7,
    0x3d, 0xf7, 0x3c, 0xf7, 0x3c, 0xf7, 0x3c, 0xf7, 0x3d, 0xf7, 0x3c, 0xef,
    0x5c, 0xf7, 0x5c, 0xef, 0x9e, 0xf7, 0x72, 0x6b, 0x12, 0x53, 0x12, 0x53,
    0x77, 0x7c, 0x3a, 0x95, 0xd9, 0x84, 0xf6, 0x6b, 0xf6, 0x9c, 0xbe, 0xff,
    0x7d, 0xf7, 0x7c, 0xf7, 0x5c, 0xf7, 0x5c, 0xf7, 0x7d, 0xf7, 0x9d, 0xf7,
    0x9a, 0xd6, 0xcf, 0x7b, 0x30, 0x84, 0x0f, 0x7c, 0x79, 0xce, 0x7c, 0xf7,
    0x5c, 0xf7, 0x5c, 0xf7, 0x5c, 0xf7, 0x5c, 0xf7, 0x5c, 0xef, 0x5c, 0xef,
    0x5c, 0xef, 0x3c, 0xf7, 0x3c, 0xef, 0x3c, 0xef, 0x1b, 0xef, 0x3c, 0xef,
    0x3c, 0xef, 0x1b, 0xe7, 0x9a, 0xd6, 0x9a, 0xd6, 0x5c, 0xef, 0x3c, 0xef,
    0xdb, 0xde, 0x59, 0xc6, 0x38, 0xc6, 0x38, 0xc6, 0x18, 0xbe, 0x18, 0xbe,
    0x18, 0xbe, 0xd8, 0xbd, 0x38, 0xce, 0x7c, 0xf7, 0x98, 0xe6, 0x74, 0xc5,
    0x54, 0xbd, 0xf3, 0xb4, 0x13, 0xb5, 0xd2, 0xa4, 0x36, 0xa5, 0x11, 0x7c,
    0xf4, 0x9c, 0x39, 0xc6, 0x77, 0xad, 0x92, 0x73, 0x17, 0x95, 0x17, 0x9d,
    0x55, 0x8c, 0xfa, 0xbd, 0x58, 0xa5, 0x57, 0xa5, 0xb8, 0xad, 0x76, 0xa5,
    0x56, 0xa5, 0x35, 0x9d, 0x55, 0x9d, 0x6c, 0x52, 0x6d, 0x52, 0xf3, 0x83,
    0xab, 0x41, 0x34, 0xad, 0x1a, 0xef, 0x58, 0xd6, 0x58, 0xd6, 0x17, 0xc6,
    0xb6, 0xbd, 0xf3, 0xb4, 0xf3, 0xac, 0xf3, 0xac, 0x52, 0x9c, 0xee, 0x5a,
    0xf4, 0x83, 0x52, 0x6b, 0x31, 0x6b, 0x11, 0x63, 0xf0, 0x5a, 0x8e, 0x52,
    0x6e, 0x4a, 0x52, 0x63, 0xf8, 0x94, 0xd1, 0x73, 0x52, 0x7c, 0x32, 0x7c,
    0x31, 0x7c, 0x31, 0x7c, 0x11, 0x74, 0x11, 0x7c, 0x32, 0x74, 0x11, 0x74,
    0x11, 0x7c, 0x11, 0x74, 0x11, 0x7c, 0x11, 0x7c, 0x11, 0x74, 0x11, 0x74,
    0xf0, 0x73, 0xf0, 0x73, 0x72, 0x8c, 0x29, 0x4a, 0x29, 0x42, 0x29, 0x42,
    0x29, 0x42, 0x4a, 0x42, 0x11, 0x7c, 0xd0, 0x73, 0xd0, 0x73, 0xd0, 0x73,
    0xb0, 0x73, 0x8f, 0x6b, 0x8f, 0x6b, 0x6f, 0x6b, 0x4e, 0x63, 0x4e, 0x63,
    0x2e, 0x63, 0x4e, 0x63, 0x0e, 0x5b, 0x0e, 0x5b, 0x2e, 0x63, 0x6e, 0x6b,
    0x8f, 0x73, 0x4a, 0x42, 0x6a, 0x4a, 0x6b, 0x4a, 0x6b, 0x4a, 0xcc, 0x52,
    0xed, 0x5a, 0xed, 0x5a, 0xcd, 0x5a, 0xac, 0x52, 0x10, 0x84, 0x78, 0xd6,
    0x8f, 0x73, 0x8d, 0x4a, 0xbd, 0xff, 0xbd, 0xff, 0xbd, 0xff, 0x3c, 0xef,
    0x5d, 0xef, 0x7d, 0xf7, 0xbd, 0xff, 0xde, 0xff, 0x1c, 0xe7, 0xdb, 0xde,
    0x9d, 0xff, 0x9d, 0xff, 0x9d, 0xf7, 0x9d, 0xff, 0xbd, 0xff, 0x9d, 0xff,
    0xbd, 0xf7, 0xbd, 0xff, 0x9d, 0xff, 0xbd, 0xf7, 0xbd, 0xff, 0x9d, 0xff,
    0x9d, 0xf7, 0xbd, 0xff, 0x9d, 0xff, 0x9d, 0xff, 0x9d, 0xff, 0x9d, 0xff,
    0x9d, 0xff, 0x9d, 0xff, 0x9d, 0xff, 0x9c, 0xff, 0x9d, 0xff, 0x9c, 0xff,
    0x9d, 0xff, 0x9d, 0xff, 0x9d, 0xff, 0x9d, 0xff, 0x9d, 0xff, 0x9c, 0xff,
    0x9d, 0xff, 0x9d, 0xff, 0x9c, 0xff, 0x7d, 0xff, 0x9d, 0xff, 0x7c, 0xff,
    0x9d, 0xff, 0x9d, 0xff, 0x7d, 0xff, 0x9d, 0xff, 0x9d, 0xff, 0x7d, 0xff,
    0x7d, 0xff, 0x7d, 0xff, 0x7d, 0xff, 0x9d, 0xff, 0x7d, 0xff, 0x9d, 0xff,
    0x7d, 0xf7, 0x7d, 0xff, 0x7d, 0xff, 0x7d, 0xf7, 0x7d, 0xff, 0x7c, 0xf7,
    0x7d, 0xf7, 0x7d, 0xff, 0x7d, 0xff, 0x7d, 0xf7, 0x7d, 0xf7, 0x5c, 0xff,
    0x7d, 0xf7, 0x5d, 0xff, 0x7d, 0xf7, 0x7c, 0xf7, 0x7d, 0xff, 0x7d, 0xff,
    0x5d, 0xf7, 0x7d, 0xff, 0x7d, 0xf7, 0x5d, 0xf7, 0x5d, 0xff, 0x5d, 0xf7,
    0x7d, 0xf7, 0x5d, 0xff, 0x5d, 0xf7, 0x5c, 0xff, 0x7d, 0xf7, 0x5d, 0xf7,
    0x5d, 0xff, 0x5d, 0xf7, 0x5c, 0xff, 0x5d, 0xff, 0x7d, 0xf7, 0x5d, 0xf7,
    0x5d, 0xff, 0x5d, 0xf7, 0x5d, 0xff, 0x5d, 0xf7, 0x5d, 0xf7, 0x5c, 0xf7,
    0x5d, 0xf7, 0x5d, 0xff, 0x5d, 0xf7, 0x5d, 0xff, 0x5d, 0xf7, 0x5d, 0xf7,
    0x5c, 0xf7, 0x5d, 0xf7, 0x5d, 0xf7, 0x3c, 0xf7, 0x5d, 0xf7, 0x3d, 0xf7,
    0x5c, 0xf7, 0x3d, 0xf7, 0x5d, 0xf7, 0x5c, 0xf7, 0x5d, 0xf7, 0x5d, 0xf7,
    0x5c, 0xf7, 0x5d, 0xf7, 0x5d, 0xf7, 0x5d, 0xf7, 0x5d, 0xf7, 0x3d, 0xf7,
    0x5c, 0xf7, 0x5d, 0xf7, 0x3d, 0xf7, 0x5d, 0xf7, 0x3d, 0xf7, 0x3d, 0xf7,
    0x5d, 0xf7, 0x3d, 0xef, 0x1c, 0xef, 0x99, 0xd6, 0x7d, 0xf7, 0x5d, 0xf7,
    0x5c, 0xef, 0x5d, 0xf7, 0x5c, 0xf7, 0x5d, 0xf7, 0x3d, 0xf7, 0x3c, 0xf7,
    0x5d, 0xf7, 0x3d, 0xf7, 0x5c, 0xf7, 0x5d, 0xef, 0x5d, 0xf7, 0x5c, 0xf7,
    0x5d, 0xf7, 0x5d, 0xf7, 0x5d, 0xef, 0x5d, 0xf7, 0x5c, 0xf7, 0x5d, 0xef,
    0x5c, 0xef, 0x5d, 0xf7, 0x3d, 0xf7, 0x3c, 0xf7, 0x3d, 0xf7, 0x3c, 0xf7,
    0x3c, 0xf7, 0x3d, 0xf7, 0x5c, 0xf7, 0x3d, 0xf7, 0x3c, 0xef, 0x3c, 0xf7,
    0x3d, 0xf7, 0x3d, 0xf7, 0x5c, 0xef, 0x5d, 0xf7, 0x9e, 0xf7, 0xb2, 0x73,
    0x93, 0x5b, 0xd8, 0x84, 0x5a, 0x95, 0x7a, 0x95, 0x98, 0x84, 0xf4, 0x73,
    0xf8, 0xbd, 0x7d, 0xf7, 0x7d, 0xf7, 0x7d, 0xf7, 0x7d, 0xf7, 0x5c, 0xf7,
    0x9e, 0xf7, 0x7d, 0xf7, 0x59, 0xce, 0xef, 0x7b, 0x2f, 0x84, 0x0f, 0x7c,
    0x78, 0xd6, 0x7c, 0xf7, 0x5c, 0xf7, 0x5c, 0xef, 0x5c, 0xf7, 0x5c, 0xef,
    0x5c, 0xf7, 0x3c, 0xef, 0xfb, 0xe6, 0xdb, 0xde, 0xba, 0xde, 0x9a, 0xd6,
    0x99, 0xd6, 0xba, 0xde, 0xda, 0xde, 0xba, 0xd6, 0x99, 0xd6, 0x9a, 0xd6,
    0xfb, 0xde, 0xfb, 0xde, 0xfb, 0xde, 0x59, 0xce, 0x39, 0xc6, 0x39, 0xc6,
    0x19, 0xbe, 0x18, 0xbe, 0x18, 0xbe, 0x18, 0xc6, 0x18, 0xc6, 0xd7, 0xbd,
    0x9d, 0xf7, 0x17, 0xd6, 0x54, 0xbd, 0x54, 0xbd, 0x13, 0xb5, 0xd2, 0xa4,
    0x35, 0x9d, 0x12, 0x7c, 0x15, 0x9d, 0xfc, 0xde, 0x12, 0x84, 0xb2, 0x73,
    0x78, 0xa5, 0xb9, 0xad, 0x34, 0x84, 0xfa, 0xbd, 0x58, 0xa5, 0x78, 0xa5,
    0x98, 0xad, 0xd8, 0xb5, 0x96, 0xa5, 0xf5, 0x9c, 0xf1, 0x7b, 0xeb, 0x41,
    0x89, 0x39, 0xf0, 0x62, 0x2b, 0x4a, 0x7c, 0xf7, 0xd9, 0xe6, 0x78, 0xde,
    0x18, 0xce, 0x75, 0xb5, 0x31, 0x8c, 0x92, 0x9c, 0xf3, 0xb4, 0xd3, 0xac,
    0xf3, 0xac, 0x8f, 0x7b, 0xd3, 0x7b, 0x52, 0x6b, 0x11, 0x63, 0x11, 0x63,
    0xd0, 0x62, 0x8f, 0x5a, 0x6e, 0x4a, 0xf3, 0x73, 0x97, 0x8c, 0x13, 0x74,
    0x52, 0x7c, 0x32, 0x7c, 0x31, 0x7c, 0x31, 0x7c, 0x11, 0x74, 0x31, 0x7c,
    0x11, 0x7c, 0x11, 0x74, 0x11, 0x74, 0x11, 0x7c, 0x11, 0x7c, 0x11, 0x7c,
    0x31, 0x7c, 0x32, 0x7c, 0xf0, 0x73, 0xf0, 0x73, 0x72, 0x8c, 0x29, 0x42,
    0x29, 0x42, 0x29, 0x42, 0x29, 0x4a, 0x29, 0x42, 0x11, 0x7c, 0xd1, 0x73,
    0xd0, 0x73, 0xd0, 0x73, 0xd0, 0x73, 0xb0, 0x73, 0x90, 0x6b, 0x8f, 0x6b,
    0x6f, 0x63, 0x6e, 0x63, 0x4f, 0x63, 0x4e, 0x63, 0x2e, 0x63, 0x0d, 0x5b,
    0x0d, 0x5b, 0x6e, 0x6b, 0xaf, 0x73, 0x4a, 0x42, 0x6b, 0x4a, 0x6a, 0x4a,
    0x6b, 0x42, 0xcc, 0x52, 0xed, 0x5a, 0xed, 0x5a, 0xec, 0x5a, 0x8c, 0x4a,
    0x75, 0xb5, 0x58, 0xce, 0xcc, 0x52, 0xad, 0x4a, 0xbd, 0xff, 0xbd, 0xff,
    0xbd, 0xff, 0x5d, 0xf7, 0xdb, 0xe6, 0xb1, 0xa3, 0x9d, 0xff, 0x9d, 0xf7,
    0xba, 0xd6, 0x5d, 0xf7, 0x9d, 0xff, 0x9d, 0xf7, 0x9d, 0xff, 0x9d, 0xf7,
    0xbd, 0xff, 0x9d, 0xff, 0x9d, 0xff, 0xbd, 0xff, 0xbd, 0xf7, 0x9d, 0xff,
    0x9d, 0xff, 0x9d, 0xff, 0x9d, 0xff, 0x9d, 0xff, 0x9d, 0xff, 0x9c, 0xf7,
    0x9d, 0xff, 0x9c, 0xff, 0x9c, 0xff, 0x9d, 0xff, 0x9d, 0xff, 0x9d, 0xff,
    0x9d, 0xff, 0x9d, 0xff, 0x9c, 0xff, 0x9c, 0xff, 0x9d, 0xff, 0x9c, 0xff,
    0x9d, 0xff, 0x9d, 0xff, 0x9d, 0xff, 0x9d, 0xff, 0x7c, 0xff, 0x9d, 0xff,
    0x7c, 0xff, 0x9d, 0xff, 0x7d, 0xff, 0x7d, 0xff, 0x9d, 0xff, 0x7d, 0xf7,
    0x9d, 0xff, 0x7d, 0xf7, 0x9d, 0xff, 0x7d, 0xff, 0x7d, 0xf7, 0x7d, 0xff,
    0x7d, 0xff, 0x7c, 0xf7, 0x7d, 0xff, 0x7d, 0xf7, 0x7d, 0xff, 0x7d, 0xff,
    0x7d, 0xf7, 0x7c, 0xff, 0x7d, 0xff, 0x5d, 0xf7, 0x7c, 0xff, 0x7d, 0xff,
    0x7d, 0xff, 0x7d, 0xf7, 0x7c, 0xff, 0x7d, 0xf7, 0x7d, 0xff, 0x7d, 0xf7,
    0x5d, 0xff, 0x5d, 0xf7, 0x7d, 0xff, 0x5d, 0xff, 0x7d, 0xf7, 0x7d, 0xff,
    0x5d, 0xf7, 0x5d, 0xf7, 0x5c, 0xff, 0x7d, 0xf7, 0x5d, 0xf7, 0x5d, 0xff,
    0x5d, 0xf7, 0x7d, 0xff, 0x5c, 0xf7, 0x7d, 0xf7, 0x5d, 0xff, 0x5d, 0xf7,
    0x5d, 0xf7, 0x5d, 0xff, 0x7d, 0xf7, 0x5d, 0xf7, 0x5d, 0xff, 0x5d, 0xf7,
    0x5d, 0xf7, 0x5d, 0xff, 0x5d, 0xf7, 0x5d, 0xf7, 0x5d, 0xf7, 0x5d, 0xff,
    0x5d, 0xf7, 0x5d, 0xf7, 0x5d, 0xff, 0x5c, 0xf7, 0x5d, 0xf7, 0x5d, 0xf7,
    0x5d, 0xf7, 0x5d, 0xf7, 0x3d, 0xf7, 0x3d, 0xf7, 0x5d, 0xf7, 0x5d, 0xf7,
    0x3d, 0xf7, 0x5d, 0xf7, 0x5d, 0xf7, 0x3d, 0xf7, 0x5d, 0xf7, 0x5d, 0xf7,
    0x5d, 0xf7, 0x3d, 0xf7, 0x3d, 0xf7, 0x5d, 0xf7, 0x5d, 0xf7, 0x3c, 0xf7,
    0x5d, 0xf7, 0x5d, 0xf7, 0x3d, 0xf7, 0x5d, 0xef, 0x5d, 0xf7, 0xdb, 0xe6,
    0x38, 0xce, 0x5d, 0xf7, 0x5c, 0xef, 0x5d, 0xf7, 0x5d, 0xf7, 0x3c, 0xf7,
    0x5c, 0xf7, 0x3d, 0xf7, 0x5d, 0xf7, 0x5c, 0xf7, 0x5d, 0xf7, 0x5d, 0xef,
    0x5c, 0xf7, 0x7d, 0xf7, 0x5d, 0xf7, 0x5d, 0xf7, 0x5c, 0xef, 0x5d, 0xf7,
    0x5d, 0xf7, 0x5c, 0xf7, 0x3c, 0xf7, 0x5d, 0xf7, 0x3c, 0xf7, 0x3d, 0xf7,
    0x3c, 0xf7, 0x3c, 0xef, 0x3c, 0xf7, 0x3c, 0xef, 0x3c, 0xf7, 0x3c, 0xf7,
    0x3c, 0xef, 0x3d, 0xf7, 0x3c, 0xf7, 0x5c, 0xf7, 0x5d, 0xef, 0x7d, 0xf7,
    0xd8, 0xbd, 0x0d, 0x32, 0x32, 0x5b, 0x36, 0x74, 0x56, 0x74, 0xf8, 0x94,
    0xdc, 0xde, 0x9d, 0xf7, 0x7c, 0xf7, 0x7d, 0xf7, 0x5c, 0xf7, 0x5c, 0xf7,
    0x5c, 0xf7, 0x7d, 0xef, 0x9e, 0xf7, 0x7d, 0xf7, 0x58, 0xce, 0xcf, 0x7b,
    0x2f, 0x84, 0xef, 0x83, 0x79, 0xce, 0x7c, 0xff, 0x7c, 0xf7, 0x7c, 0xf7,
    0x5c, 0xf7, 0x5c, 0xf7, 0x5b, 0xef, 0x3c, 0xef, 0xfb, 0xee, 0x1b, 0xe7,
    0x1b, 0xef, 0x1b, 0xe7, 0xdb, 0xde, 0xf9, 0xbd, 0x7a, 0xce, 0xfb, 0xe6,
    0xfb, 0xe6, 0x1c, 0xe7, 0xfb, 0xe6, 0xdb, 0xde, 0xdb, 0xde, 0x79, 0xce,
    0x38, 0xc6, 0x18, 0xbe, 0x18, 0xc6, 0x19, 0xc6, 0x19, 0xbe, 0x38, 0xbe,
    0x39, 0xc6, 0x18, 0xc6, 0x96, 0xb5, 0x99, 0xde, 0x54, 0xbd, 0x54, 0xbd,
    0x53, 0xb5, 0xb2, 0x9c, 0x35, 0xa5, 0x56, 0xa5, 0x57, 0xa5, 0x5a, 0xce,
    0x90, 0x6b, 0x14, 0x7c, 0x9a, 0xad, 0xd9, 0xb5, 0x95, 0x8c, 0x58, 0xa5,
    0x78, 0xa5, 0x57, 0xa5, 0x16, 0xa5, 0x52, 0x8c, 0x2e, 0x63, 0x2e, 0x6b,
    0x6c, 0x52, 0xec, 0x41, 0xcb, 0x41, 0xed, 0x49, 0x0e, 0x6b, 0x9d, 0xff,
    0xf9, 0xe6, 0x38, 0xce, 0xf7, 0xc5, 0x1a, 0xe7, 0x4d, 0x6b, 0xec, 0x62,
    0xaf, 0x7b, 0xd3, 0xac, 0xd2, 0xac, 0xd3, 0xa4, 0x71, 0x73, 0x51, 0x6b,
    0x10, 0x63, 0x30, 0x6b, 0xf0, 0x62, 0xaf, 0x5a, 0x4e, 0x4a, 0x13, 0x74,
    0xf4, 0x73, 0xb6, 0x8c, 0x31, 0x7c, 0x32, 0x7c, 0x31, 0x74, 0x11, 0x7c,
    0x31, 0x7c, 0x11, 0x74, 0x11, 0x7c, 0x11, 0x7c, 0x31, 0x74, 0x11, 0x74,
    0x11, 0x7c, 0x11, 0x74, 0x11, 0x7c, 0x31, 0x7c, 0xf0, 0x73, 0xf0, 0x73,
    0x72, 0x8c, 0x29, 0x42, 0x29, 0x42, 0x29, 0x42, 0x29, 0x42, 0x2a, 0x42,
    0x11, 0x7c, 0xd0, 0x73, 0xd0, 0x73, 0xd0, 0x73, 0xd0, 0x73, 0xb0, 0x73,
    0xb0, 0x73, 0xaf, 0x6b, 0x8f, 0x6b, 0x6f, 0x63, 0x6f, 0x6b, 0x6f, 0x6b,
    0x2e, 0x63, 0x0d, 0x5b, 0x0d, 0x5b, 0x4e, 0x6b, 0xd0, 0x7b, 0x4a, 0x42,
    0x6a, 0x42, 0x6b, 0x4a, 0x6b, 0x4a, 0xcc, 0x52, 0xed, 0x5a, 0xed, 0x52,
    0xec, 0x5a, 0x0d, 0x5b, 0x78, 0xd6, 0xf7, 0xc5, 0xd0, 0x73, 0x6f, 0x63,
    0xbd, 0xff, 0xbd, 0xff, 0xdd, 0xff, 0x1b, 0xef, 0xf8, 0xd5, 0x56, 0xd5,
    0x17, 0xd6, 0x9a, 0xd6, 0x3c, 0xef, 0x9d, 0xff, 0x9d, 0xf7, 0x9d, 0xff,
    0x9d, 0xf7, 0x9d, 0xf7, 0x9c, 0xf7, 0x9c, 0xf7, 0x9d, 0xff, 0x9d, 0xf7,
    0x9d, 0xff, 0xbd, 0xff, 0x9c, 0xff, 0x9d, 0xff, 0x9d, 0xff, 0x9d, 0xff,
    0x9d, 0xff, 0x9d, 0xff, 0x9d, 0xff, 0x9d, 0xff, 0x9d, 0xff, 0x9d, 0xff,
    0x9c, 0xff, 0x9d, 0xff, 0x9d, 0xff, 0x9d, 0xff, 0x9d, 0xff, 0x9d, 0xff,
    0x9d, 0xff, 0x9d, 0xff, 0x9c, 0xff, 0x9d, 0xff, 0x7d, 0xff, 0x9c, 0xff,
    0x9d, 0xff, 0x7d, 0xff, 0x9c, 0xff, 0x9d, 0xff, 0x7c, 0xff, 0x9c, 0xff,
    0x7d, 0xff, 0x9d, 0xff, 0x7c, 0xff, 0x7d, 0xff, 0x7d, 0xf7, 0x9d, 0xff,
    0x7c, 0xff, 0x7d, 0xf7, 0x9c, 0xff, 0x7c, 0xff, 0x7c, 0xf7, 0x7d, 0xff,
    0x7c, 0xf7, 0x7c, 0xff, 0x7d, 0xff, 0x7c, 0xf7, 0x7c, 0xf7, 0x5d, 0xf7,
    0x7d, 0xf7, 0x5c, 0xff, 0x5d, 0xf7, 0x7d, 0xf7, 0x7d, 0xff, 0x5c, 0xff,
    0x7d, 0xf7, 0x5d, 0xff, 0x7d, 0xf7, 0x7d, 0xf7, 0x7d, 0xff, 0x5d, 0xf7,
    0x5d, 0xf7, 0x5d, 0xff, 0x5d, 0xf7, 0x5d, 0xff, 0x5d, 0xf7, 0x5d, 0xf7,
    0x7d, 0xff, 0x5d, 0xf7, 0x5d, 0xf7, 0x5d, 0xff, 0x5d, 0xf7, 0x7d, 0xf7,
    0x5d, 0xff, 0x5d, 0xf7, 0x7d, 0xf7, 0x5d, 0xff, 0x5d, 0xf7, 0x5d, 0xf7,
    0x5c, 0xf7, 0x5d, 0xf7, 0x5d, 0xff, 0x5d, 0xf7, 0x5d, 0xf7, 0x5c, 0xf7,
    0x5d, 0xf7, 0x5d, 0xf7, 0x5c, 0xf7, 0x5d, 0xf7, 0x5d, 0xf7, 0x3d, 0xf7,
    0x3c, 0xf7, 0x5d, 0xff, 0x3d, 0xf7, 0x3c, 0xf7, 0x5d, 0xf7, 0x5d, 0xf7,
    0x5d, 0xf7, 0x5d, 0xf7, 0x3d, 0xf7, 0x5d, 0xf7, 0x5d, 0xf7, 0x5d, 0xf7,
    0x5d, 0xf7, 0x5d, 0xf7, 0x5d, 0xf7, 0x5d, 0xf7, 0x5d, 0xf7, 0x5d, 0xf7,
    0x5d, 0xf7, 0x3d, 0xf7, 0x3d, 0xf7, 0x5d, 0xf7, 0x5c, 0xf7, 0x5d, 0xf7,
    0x5d, 0xef, 0x5d, 0xf7, 0x5d, 0xef, 0x5d, 0xf7, 0x5d, 0xf7, 0x5d, 0xef,
    0x3c, 0xf7, 0x5d, 0xf7, 0x3d, 0xf7, 0x5c, 0xf7, 0x3d, 0xf7, 0x5c, 0xf7,
    0x5d, 0xef, 0x5d, 0xf7, 0x5d, 0xf7, 0x7d, 0xef, 0x5c, 0xef, 0x5c, 0xf7,
    0x5d, 0xef, 0x5c, 0xef, 0x5d, 0xf7, 0x5d, 0xf7, 0x3d, 0xf7, 0x5c, 0xf7,
    0x3d, 0xf7, 0x3d, 0xf7, 0x5c, 0xf7, 0x5d, 0xf7, 0x3d, 0xf7, 0x3c, 0xf7,
    0x3d, 0xef, 0x3d, 0xf7, 0x3c, 0xf7, 0x3c, 0xf7, 0x5d, 0xef, 0x5c, 0xf7,
    0x5d, 0xf7, 0x9a, 0xde, 0xd4, 0x9c, 0xf9, 0xc5, 0xd5, 0x9c, 0xb5, 0x94,
    0x5a, 0xce, 0x9d, 0xf7, 0x7d, 0xf7, 0x7c, 0xf7, 0x7d, 0xf7, 0x5c, 0xf7,
    0x7d, 0xf7, 0x7c, 0xf7, 0x5c, 0xef, 0x7d, 0xf7, 0x9e, 0xf7, 0x7d, 0xef,
    0x79, 0xce, 0xcf, 0x7b, 0x10, 0x84, 0xcf, 0x7b, 0x79, 0xce, 0xdb, 0xde,
    0x7c, 0xf7, 0xfb, 0xe6, 0x3b, 0xef, 0x5c, 0xf7, 0x5b, 0xef, 0x3c, 0xef,
    0x1b, 0xe7, 0x3b, 0xef, 0x5c, 0xef, 0x1c, 0xe7, 0xfb, 0xe6, 0xd6, 0x94,
    0xb3, 0x5b, 0xf8, 0xb5, 0x7d, 0xf7, 0x3d, 0xef, 0x9a, 0xce, 0x59, 0xc6,
    0xd8, 0xb5, 0x53, 0x7c, 0x39, 0xc6, 0x18, 0xbe, 0x18, 0xbe, 0x18, 0xc6,
    0x19, 0xbe, 0x18, 0xbe, 0x38, 0xc6, 0x38, 0xc6, 0x18, 0xc6, 0xf7, 0xc5,
    0x74, 0xbd, 0x54, 0xbd, 0x33, 0xb5, 0x92, 0x94, 0x56, 0xa5, 0x77, 0xad,
    0x36, 0xa5, 0x56, 0xad, 0xef, 0x5a, 0x78, 0xad, 0x99, 0xad, 0xd9, 0xad,
    0x17, 0x9d, 0x17, 0x9d, 0x36, 0xa5, 0x9a, 0xde, 0x17, 0xce, 0x2a, 0x42,
    0x12, 0x84, 0xee, 0x62, 0x2c, 0x4a, 0x2d, 0x4a, 0x10, 0x6b, 0xcb, 0x41,
    0x2f, 0x6b, 0xbd, 0xff, 0x78, 0xd6, 0xd7, 0xbd, 0x19, 0xe7, 0xf6, 0xde,
    0x2c, 0x6b, 0x6e, 0x73, 0x2e, 0x6b, 0x0e, 0x63, 0x51, 0x94, 0xd3, 0xac,
    0xf1, 0x8b, 0x51, 0x6b, 0x10, 0x63, 0x10, 0x63, 0xf0, 0x5a, 0xcf, 0x5a,
    0x4e, 0x4a, 0xd3, 0x73, 0xb2, 0x6b, 0x59, 0xa5, 0xf1, 0x73, 0x31, 0x7c,
    0x31, 0x74, 0x11, 0x7c, 0x11, 0x74, 0x11, 0x74, 0x11, 0x74, 0x11, 0x7c,
    0x11, 0x74, 0x11, 0x74, 0x11, 0x7c, 0x11, 0x74, 0x11, 0x74, 0xf0, 0x73,
    0xf0, 0x73, 0xf0, 0x73, 0x72, 0x8c, 0x29, 0x42, 0x29, 0x42, 0x29, 0x42,
    0x29, 0x42, 0x2a, 0x42, 0xf1, 0x7b, 0xf0, 0x7b, 0xd1, 0x73, 0xd1, 0x7b,
    0xd0, 0x73, 0xd0, 0x73, 0xd0, 0x73, 0xb0, 0x6b, 0xaf, 0x6b, 0x8f, 0x6b,
    0x8f, 0x6b, 0x90, 0x73, 0x0d, 0x63, 0x0d, 0x5b, 0x0d, 0x5b, 0x2e, 0x63,
    0xf0, 0x7b, 0x4a, 0x42, 0x4a, 0x42, 0x8b, 0x4a, 0xcc, 0x5a, 0x8f, 0x73,
    0xf0, 0x7b, 0x52, 0x8c, 0x72, 0x8c, 0x55, 0xad, 0xb9, 0xde, 0x96, 0xbd,
    0xb3, 0x94, 0xd1, 0x73, 0xbd, 0xff, 0xbd, 0xff, 0xde, 0xff, 0xbb, 0xde,
    0xd8, 0xd5, 0x96, 0xcd, 0x1b, 0xe7, 0xba, 0xde, 0x9d, 0xf7, 0x9d, 0xff,
    0x7d, 0xf7, 0x9d, 0xff, 0x9d, 0xff, 0x9c, 0xf7, 0x9d, 0xf7, 0x9d, 0xff,
    0x9c, 0xf7, 0x9c, 0xf7, 0x9d, 0xff, 0xbd, 0xff, 0xbc, 0xf7, 0x9d, 0xff,
    0x9d, 0xff, 0x9d, 0xff, 0x9c, 0xff, 0x9d, 0xff, 0x9d, 0xff, 0x7c, 0xff,
    0x9d, 0xff, 0x9d, 0xff, 0x9c, 0xff, 0x9c, 0xff, 0x9c, 0xff, 0x9d, 0xff,
    0x9d, 0xff, 0x9c, 0xff, 0x9d, 0xff, 0x9d, 0xff, 0x7d, 0xff, 0x9c, 0xff,
    0x9d, 0xff, 0x9d, 0xff, 0x7c, 0xff, 0x7d, 0xff, 0x9d, 0xff, 0x7d, 0xff,
    0x9d, 0xf7, 0x7c, 0xff, 0x9d, 0xff, 0x7c, 0xf7, 0x7c, 0xff, 0x7c, 0xff,
    0x7d, 0xff, 0x7c, 0xff, 0x9c, 0xff, 0x7d, 0xff, 0x7d, 0xff, 0x7c, 0xf7,
    0x7d, 0xff, 0x7c, 0xff, 0x7c, 0xf7, 0x7c, 0xff, 0x7c, 0xff, 0x7d, 0xff,
    0x7c, 0xf7, 0x7d, 0xff, 0x7d, 0xff, 0x7d, 0xf7, 0x7c, 0xf7, 0x7d, 0xff,
    0x5d, 0xf7, 0x7d, 0xf7, 0x7d, 0xff, 0x5d, 0xff, 0x7c, 0xf7, 0x7d, 0xff,
    0x7c, 0xf7, 0x5d, 0xff, 0x7d, 0xff, 0x5d, 0xf7, 0x5c, 0xf7, 0x7d, 0xff,
    0x5d, 0xf7, 0x5d, 0xff, 0x7d, 0xf7, 0x5c, 0xf7, 0x5d, 0xff, 0x7d, 0xf7,
    0x5d, 0xf7, 0x5d, 0xff, 0x5d, 0xf7, 0x7c, 0xff, 0x5d, 0xf7, 0x5d, 0xff,
    0x5d, 0xff, 0x5d, 0xf7, 0x5d, 0xf7, 0x5d, 0xff, 0x5d, 0xf7, 0x5d, 0xf7,
    0x5d, 0xff, 0x5d, 0xff, 0x5d, 0xf7, 0x5d, 0xff, 0x5d, 0xf7, 0x5c, 0xf7,
    0x5d, 0xf7, 0x5d, 0xf7, 0x5d, 0xf7, 0x3c, 0xf7, 0x3d, 0xf7, 0x5d, 0xf7,
    0x5d, 0xf7, 0x5d, 0xf7, 0x5d, 0xf7, 0x5d, 0xef, 0x5d, 0xf7, 0x5d, 0xef,
    0x5d, 0xef, 0x5d, 0xf7, 0x3d, 0xf7, 0x5c, 0xef, 0x5d, 0xf7, 0x5d, 0xf7,
    0x5c, 0xf7, 0x3d, 0xf7, 0x5d, 0xf7, 0x3d, 0xf7, 0x5d, 0xf7, 0x3d, 0xf7,
    0x3c, 0xf7, 0x3d, 0xef, 0x5d, 0xf7, 0x3c, 0xef, 0x3d, 0xef, 0x5c, 0xef,
    0x5d, 0xf7, 0x5d, 0xf7, 0x3c, 0xf7, 0x3d, 0xf7, 0x5d, 0xf7, 0x3c, 0xf7,
    0x3d, 0xf7, 0x5d, 0xef, 0x5c, 0xf7, 0x5c, 0xf7, 0x5d, 0xf7, 0x5d, 0xf7,
    0x5d, 0xf7, 0x5d, 0xf7, 0x5d, 0xf7, 0x5c, 0xef, 0x5d, 0xf7, 0x3d, 0xf7,
    0x3c, 0xf7, 0x3c, 0xf7, 0x3d, 0xf7, 0x3c, 0xf7, 0x3c, 0xf7, 0x3d, 0xf7,
    0x3d, 0xf7, 0x3c, 0xf7, 0x3c, 0xf7, 0x3d, 0xf7, 0x3c, 0xf7, 0x3c, 0xef,
    0x5d, 0xef, 0x5d, 0xef, 0x5d, 0xf7, 0x7d, 0xf7, 0x9d, 0xf7, 0x7d, 0xf7,
    0x9d, 0xf7, 0x9e, 0xf7, 0x7d, 0xf7, 0x7d, 0xf7, 0x7d, 0xf7, 0x7d, 0xf7,
    0x7c, 0xf7, 0x5d, 0xf7, 0x7d, 0xf7, 0x5c, 0xef, 0x5c, 0xef, 0x9d, 0xf7,
    0x7d, 0xf7, 0x7d, 0xf7, 0x7d, 0xef, 0xfb, 0xde, 0x39, 0xc6, 0x18, 0xc6,
    0x59, 0xce, 0x5a, 0xc6, 0x7d, 0xf7, 0x5c, 0xef, 0x9d, 0xf7, 0x7d, 0xf7,
    0x7c, 0xf7, 0x5c, 0xef, 0xdb, 0xde, 0x9a, 0xd6, 0xdb, 0xde, 0x9a, 0xd6,
    0xba, 0xd6, 0x5a, 0xc6, 0x55, 0x74, 0x96, 0x7c, 0x5a, 0xc6, 0x39, 0xc6,
    0x19, 0xb6, 0x57, 0x9d, 0x34, 0x6c, 0xb5, 0x84, 0x39, 0xc6, 0x18, 0xbe,
    0x19, 0xc6, 0x18, 0xbe, 0x18, 0xbe, 0x18, 0xc6, 0x18, 0xbe, 0x19, 0xbe,
    0xd7, 0xbd, 0x1c, 0xe7, 0x95, 0xc5, 0x54, 0xbd, 0x13, 0xad, 0xf4, 0x9c,
    0x97, 0xad, 0x56, 0xa5, 0x97, 0xad, 0x33, 0x84, 0xb3, 0x73, 0x3b, 0xbe,
    0x99, 0xad, 0xb9, 0xad, 0x37, 0x9d, 0xd3, 0xa4, 0xfb, 0xe6, 0x95, 0xbd,
    0xb2, 0xa4, 0x6c, 0x52, 0xf6, 0x9c, 0x36, 0x9d, 0x6d, 0x4a, 0xf0, 0x62,
    0xcf, 0x5a, 0xaa, 0x39, 0x36, 0x9d, 0xfb, 0xe6, 0x96, 0xb5, 0xd6, 0xbd,
    0xf0, 0xa4, 0xef, 0xa4, 0x8d, 0x83, 0xca, 0x6a, 0xcb, 0x62, 0x4e, 0x73,
    0x0e, 0x63, 0xd1, 0x83, 0x72, 0x9c, 0x11, 0x6b, 0x10, 0x6b, 0x10, 0x63,
    0xf0, 0x62, 0xd0, 0x5a, 0x4e, 0x4a, 0xf2, 0x73, 0x13, 0x74, 0x18, 0x9d,
    0x53, 0x7c, 0x31, 0x7c, 0x31, 0x7c, 0x11, 0x74, 0x11, 0x7c, 0x31, 0x7c,
    0x11, 0x74, 0x11, 0x74, 0x11, 0x7c, 0x11, 0x74, 0x11, 0x74, 0x11, 0x74,
    0x11, 0x74, 0xf1, 0x73, 0xf0, 0x73, 0xf0, 0x73, 0x72, 0x8c, 0x29, 0x42,
    0x09, 0x42, 0x29, 0x42, 0x29, 0x42, 0x2a, 0x42, 0x11, 0x7c, 0xd1, 0x7b,
    0xf1, 0x73, 0xd0, 0x73, 0xd0, 0x73, 0xd0, 0x73, 0xd0, 0x73, 0xd0, 0x73,
    0xb0, 0x73, 0xb0, 0x73, 0xb0, 0x73, 0xb0, 0x6b, 0x0d, 0x63, 0x0d, 0x5b,
    0x2e, 0x63, 0x6e, 0x6b, 0x72, 0x94, 0x6e, 0x6b, 0xf0, 0x7b, 0x51, 0x8c,
    0x92, 0x94, 0xb3, 0x94, 0xb3, 0x9c, 0xb3, 0x9c, 0x72, 0x94, 0x38, 0xce,
    0xba, 0xde, 0xf4, 0xa4, 0xd3, 0x9c, 0xd1, 0x73, 0xbd, 0xff, 0xdd, 0xff,
    0xde, 0xff, 0x9a, 0xde, 0x9e, 0xff, 0x7d, 0xf7, 0x79, 0xd6, 0x7d, 0xf7,
    0x9d, 0xff, 0xbe, 0xff, 0x92, 0xbc, 0xba, 0xe6, 0xfb, 0xe6, 0x9c, 0xf7,
    0x9d, 0xff, 0x7d, 0xff, 0x9d, 0xf7, 0x9d, 0xff, 0x9d, 0xf7, 0x9d, 0xff,
    0x9d, 0xff, 0x9d, 0xff, 0x9d, 0xff, 0x9c, 0xff, 0x9d, 0xff, 0x9d, 0xff,
    0x9c, 0xff, 0x9c, 0xff, 0x9d, 0xff, 0x9d, 0xff, 0x9d, 0xff, 0x9d, 0xff,
    0x9c, 0xff, 0x9d, 0xff, 0x9d, 0xff, 0x9c, 0xff, 0x9d, 0xff, 0x7d, 0xff,
    0x9d, 0xff, 0x9d, 0xff, 0x7c, 0xff, 0x7d, 0xff, 0x9d, 0xff, 0x9c, 0xff,
    0x7c, 0xff, 0x7d, 0xff, 0x9d, 0xff, 0x7c, 0xf7, 0x7c, 0xff, 0x7d, 0xff,
    0x7d, 0xf7, 0x9c, 0xff, 0x9d, 0xf7, 0x9c, 0xf7, 0x9d, 0xf7, 0x9c, 0xf7,
    0x9c, 0xf7, 0x7d, 0xff, 0x7d, 0xff, 0x7d, 0xff, 0x7d, 0xff, 0x7c, 0xf7,
    0x7c, 0xf7, 0x7d, 0xff, 0x7c, 0xff, 0x7c, 0xff, 0x7d, 0xf7, 0x7d, 0xff,
    0x7d, 0xff, 0x7c, 0xff, 0x7d, 0xf7, 0x7d, 0xf7, 0x7c, 0xff, 0x7d, 0xf7,
    0x7d, 0xff, 0x7d, 0xf7, 0x5d, 0xff, 0x7d, 0xf7, 0x5d, 0xf7, 0x5d, 0xf7,
    0x5d, 0xff, 0x7d, 0xf7, 0x5d, 0xf7, 0x5d, 0xff, 0x5d, 0xf7, 0x5d, 0xff,
    0x7d, 0xf7, 0x5d, 0xf7, 0x5c, 0xff, 0x5d, 0xf7, 0x5d, 0xf7, 0x5d, 0xf7,
    0x5c, 0xf7, 0x5d, 0xf7, 0x5d, 0xf7, 0x5d, 0xf7, 0x5d, 0xf7, 0x5d, 0xf7,
    0x5c, 0xf7, 0x5d, 0xf7, 0x5d, 0xf7, 0x5d, 0xf7, 0x5d, 0xf7, 0x5d, 0xf7,
    0x5d, 0xf7, 0x5c, 0xff, 0x3d, 0xf7, 0x5d, 0xf7, 0x3c, 0xf7, 0x5d, 0xf7,
    0x5d, 0xf7, 0x5d, 0xf7, 0x5c, 0xf7, 0x5c, 0xef, 0x5c, 0xf7, 0x5d, 0xf7,
    0x5d, 0xf7, 0x5d, 0xf7, 0x5d, 0xef, 0x5d, 0xf7, 0x5d, 0xf7, 0x5d, 0xef,
    0x3d, 0xf7, 0x5d, 0xf7, 0x5d, 0xef, 0x5d, 0xf7, 0x3c, 0xf7, 0x3c, 0xf7,
    0x5d, 0xf7, 0x5d, 0xf7, 0x3d, 0xf7, 0x5d, 0xef, 0x3c, 0xf7, 0x3c, 0xf7,
    0x3c, 0xf7, 0x5d, 0xef, 0x5d, 0xf7, 0x3d, 0xf7, 0x5d, 0xf7, 0x5d, 0xef,
    0x5d, 0xf7, 0x5d, 0xf7, 0x5d, 0xef, 0x5d, 0xf7, 0x5d, 0xef, 0x5d, 0xef,
    0x5d, 0xf7, 0x5c, 0xef, 0x5c, 0xef, 0x7d, 0xf7, 0x5d, 0xf7, 0x5c, 0xf7,
    0x3d, 0xf7, 0x5d, 0xf7, 0x3c, 0xf7, 0x3d, 0xf7, 0x5c, 0xf7, 0x3d, 0xf7,
    0x3c, 0xef, 0x5c, 0xf7, 0x3d, 0xf7, 0x5c, 0xf7, 0x3d, 0xf7, 0x3d, 0xf7,
    0x3c, 0xf7, 0x3d, 0xf7, 0x3c, 0xf7, 0x5d, 0xf7, 0x5d, 0xf7, 0x5d, 0xf7,
    0x5d, 0xf7, 0x5d, 0xf7, 0x5d, 0xf7, 0x5d, 0xf7, 0x7d, 0xf7, 0x7d, 0xf7,
    0x5c, 0xf7, 0x5c, 0xf7, 0x5d, 0xf7, 0x7c, 0xf7, 0x5c, 0xf7, 0x5c, 0xf7,
    0x5d, 0xef, 0x7e, 0xf7, 0x3d, 0xef, 0x7d, 0xef, 0x9d, 0xf7, 0xbe, 0xff,
    0x7a, 0xd6, 0x7a, 0xce, 0x59, 0xc6, 0x59, 0xce, 0x7a, 0xce, 0x7a, 0xce,
    0xbb, 0xd6, 0xbb, 0xd6, 0xfb, 0xde, 0x5d, 0xef, 0xbb, 0xd6, 0x3a, 0xc6,
    0x39, 0xc6, 0x9a, 0xd6, 0x9a, 0xd6, 0xdb, 0xde, 0x75, 0x74, 0xba, 0x9d,
    0x17, 0x8d, 0xf9, 0xb5, 0x77, 0xa5, 0x17, 0x8d, 0x54, 0x6c, 0x19, 0xbe,
    0x18, 0xc6, 0x18, 0xbe, 0x19, 0xc6, 0x19, 0xbe, 0x18, 0xbe, 0x18, 0xbe,
    0x18, 0xc6, 0x18, 0xbe, 0x39, 0xce, 0xba, 0xde, 0xb5, 0xc5, 0x54, 0xbd,
    0xd3, 0xa4, 0x55, 0xa5, 0x77, 0xad, 0x7a, 0xc6, 0x36, 0x9d, 0xef, 0x5a,
    0xda, 0xb5, 0x1a, 0xbe, 0x57, 0xa5, 0x97, 0xa5, 0x15, 0xa5, 0xfb, 0xe6,
    0x74, 0xbd, 0xb5, 0xc5, 0x6e, 0x73, 0xd1, 0x73, 0xd5, 0x9c, 0xb5, 0x94,
    0x6c, 0x4a, 0x34, 0x84, 0x0c, 0x42, 0x74, 0x8c, 0xf5, 0x9c, 0x76, 0xad,
    0x75, 0xad, 0xf1, 0xa4, 0x12, 0xad, 0x53, 0xbd, 0xb1, 0xa4, 0xaa, 0x6a,
    0xeb, 0x72, 0xeb, 0x6a, 0x8f, 0x7b, 0x0e, 0x63, 0x11, 0x8c, 0x70, 0x73,
    0x10, 0x63, 0xf0, 0x62, 0x10, 0x63, 0xd0, 0x62, 0x8e, 0x52, 0xf3, 0x73,
    0x53, 0x7c, 0x95, 0x84, 0x78, 0xa5, 0x32, 0x7c, 0x31, 0x74, 0x31, 0x7c,
    0x11, 0x74, 0x11, 0x7c, 0x11, 0x74, 0x11, 0x74, 0x10, 0x7c, 0x11, 0x7c,
    0x11, 0x74, 0x11, 0x74, 0xf0, 0x73, 0xf1, 0x73, 0xf1, 0x73, 0xf0, 0x73,
    0x72, 0x8c, 0x29, 0x42, 0x29, 0x42, 0x29, 0x42, 0x29, 0x42, 0x29, 0x42,
    0x11, 0x7c, 0xf1, 0x73, 0xf1, 0x73, 0xf1, 0x73, 0xd1, 0x7b, 0xd1, 0x7b,
    0xd1, 0x73, 0xd0, 0x73, 0xb0, 0x73, 0x8f, 0x6b, 0xaf, 0x73, 0x8f, 0x6b,
    0xaf, 0x73, 0x10, 0x84, 0x92, 0x94, 0x14, 0xa5, 0x75, 0xad, 0x72, 0x94,
    0x92, 0x94, 0x92, 0x94, 0x92, 0x94, 0x35, 0xad, 0x95, 0xb5, 0xb6, 0xbd,
    0xb6, 0xbd, 0xb9, 0xde, 0x9a, 0xd6, 0xb3, 0x94, 0xd3, 0x94, 0xd1, 0x6b,
    0xba, 0xe6, 0xb9, 0xde, 0x99, 0xe6, 0xb7, 0xc5, 0x3d, 0xe7, 0x79, 0xce,
    0x5d, 0xef, 0x9d, 0xf7, 0x9d, 0xff, 0xde, 0xff, 0x96, 0xcd, 0x35, 0xbd,
    0xf7, 0xc5, 0x9d, 0xff, 0x7c, 0xf7, 0x7d, 0xf7, 0x9d, 0xf7, 0x9d, 0xff,
    0x9d, 0xff, 0x9d, 0xff, 0x9d, 0xff, 0x9d, 0xff, 0x9d, 0xff, 0x9d, 0xff,
    0x9d, 0xff, 0x9d, 0xff, 0x9d, 0xff, 0x9d, 0xff, 0x9c, 0xff, 0x9c, 0xff,
    0x9d, 0xff, 0x9d, 0xff, 0x9d, 0xff, 0x9d, 0xff, 0x9d, 0xff, 0x9d, 0xff,
    0x9c, 0xff, 0x9d, 0xff, 0x7c, 0xff, 0x7c, 0xff, 0x9d, 0xff, 0x7d, 0xff,
    0x7c, 0xff, 0x9d, 0xff, 0x7d, 0xf7, 0x9c, 0xf7, 0x9c, 0xff, 0x7d, 0xff,
    0x7c, 0xf7, 0x9d, 0xff, 0x7c, 0xff, 0x7d, 0xff, 0x9c, 0xf7, 0x9d, 0xf7,
    0x9d, 0xf7, 0x7c, 0xf7, 0x9c, 0xf7, 0x7d, 0xff, 0x7c, 0xff, 0x9c, 0xf7,
    0x9d, 0xff, 0x7c, 0xf7, 0x7d, 0xf7, 0x7c, 0xff, 0x7c, 0xff, 0x7c, 0xf7,
    0x7d, 0xff, 0x7c, 0xff, 0x7d, 0xf7, 0x5d, 0xff, 0x7d, 0xff, 0x7d, 0xff,
    0x7d, 0xff, 0x5d, 0xf7, 0x7d, 0xf7, 0x7d, 0xff, 0x5d, 0xff, 0x5d, 0xf7,
    0x7d, 0xf7, 0x5d, 0xff, 0x5d, 0xf7, 0x5d, 0xf7, 0x7c, 0xff, 0x5d, 0xf7,
    0x5c, 0xf7, 0x7d, 0xff, 0x5d, 0xf7, 0x5d, 0xff, 0x7d, 0xff, 0x7d, 0xf7,
    0x5d, 0xff, 0x5d, 0xff, 0x5d, 0xf7, 0x5c, 0xf7, 0x5d, 0xf7, 0x5d, 0xff,
    0x5d, 0xf7, 0x5d, 0xf7, 0x5d, 0xff, 0x5d, 0xf7, 0x5c, 0xf7, 0x5d, 0xff,
    0x5d, 0xf7, 0x5c, 0xf7, 0x5d, 0xf7, 0x3d, 0xf7, 0x5d, 0xf7, 0x3c, 0xf7,
    0x3c, 0xf7, 0x5d, 0xf7, 0x5d, 0xf7, 0x5d, 0xf7, 0x3c, 0xef, 0x7a, 0xd6,
    0x79, 0xce, 0x5d, 0xf7, 0x5d, 0xf7, 0x5c, 0xf7, 0x7d, 0xf7, 0x59, 0xce,
    0x99, 0xd6, 0x5d, 0xf7, 0x5d, 0xf7, 0x3d, 0xef, 0x5d, 0xef, 0x3d, 0xf7,
    0x3d, 0xf7, 0x5d, 0xf7, 0x3d, 0xf7, 0x3c, 0xf7, 0x5d, 0xef, 0x5d, 0xf7,
    0x3d, 0xf7, 0x5d, 0xf7, 0x5c, 0xf7, 0x5c, 0xf7, 0x5d, 0xf7, 0x5d, 0xf7,
    0x5d, 0xef, 0x5c, 0xf7, 0x5d, 0xef, 0x5d, 0xf7, 0x5d, 0xf7, 0x5d, 0xf7,
    0x5d, 0xf7, 0x5d, 0xf7, 0x5d, 0xf7, 0x5d, 0xf7, 0x7d, 0xf7, 0x5d, 0xf7,
    0x5d, 0xf7, 0x5d, 0xf7, 0x5c, 0xf7, 0x5d, 0xf7, 0x5d, 0xf7, 0x3c, 0xf7,
    0x3d, 0xf7, 0x5d, 0xf7, 0x3d, 0xf7, 0x3c, 0xf7, 0x3d, 0xf7, 0x3c, 0xef,
    0x5d, 0xf7, 0x3c, 0xf7, 0x5d, 0xf7, 0x5d, 0xf7, 0x3c, 0xf7, 0x5c, 0xf7,
    0x5d, 0xf7, 0x5c, 0xf7, 0x5d, 0xf7, 0x5d, 0xf7, 0x7c, 0xf7, 0x7d, 0xf7,
    0x5d, 0xf7, 0x5c, 0xf7, 0x7c, 0xf7, 0x5d, 0xf7, 0x7d, 0xf7, 0x5c, 0xf7,
    0x5c, 0xf7, 0x5c, 0xf7, 0x5d, 0xf7, 0x9d, 0xf7, 0xfb, 0xe6, 0x59, 0xce,
    0x9a, 0xd6, 0x9a, 0xd6, 0x59, 0xce, 0x59, 0xce, 0x59, 0xc6, 0x59, 0xc6,
    0x59, 0xc6, 0x39, 0xc6, 0x39, 0xc6, 0x9b, 0xce, 0xbb, 0xd6, 0x7a, 0xce,
    0x39, 0xc6, 0x19, 0xbe, 0x19, 0xbe, 0x19, 0xbe, 0x39, 0xc6, 0x7a, 0xce,
    0xb6, 0x84, 0x38, 0x8d, 0x7a, 0x95, 0x58, 0x95, 0x37, 0x95, 0xf7, 0x8c,
    0x77, 0x9d, 0x19, 0xc6, 0x18, 0xbe, 0x18, 0xbe, 0x18, 0xc6, 0x18, 0xc6,
    0x18, 0xbe, 0x18, 0xbe, 0x18, 0xbe, 0xd7, 0xbd, 0xfb, 0xe6, 0x17, 0xce,
    0xb5, 0xc5, 0x54, 0xb5, 0xd3, 0xa4, 0xd7, 0xb5, 0x77, 0xa5, 0x94, 0x8c,
    0xd2, 0x7b, 0x3a, 0xc6, 0x1a, 0xbe, 0x97, 0xb5, 0xf6, 0xc5, 0xd5, 0x94,
    0x79, 0xd6, 0xd5, 0xcd, 0x95, 0xbd, 0xd5, 0xc5, 0xc7, 0x39, 0x37, 0xa5,
    0x16, 0xa5, 0xb1, 0x73, 0xf6, 0xa4, 0x92, 0x73, 0x91, 0x6b, 0x16, 0x9d,
    0xf6, 0x9c, 0x34, 0xa5, 0xf1, 0x9c, 0x6e, 0x94, 0xd4, 0xbd, 0x94, 0xbd,
    0xd5, 0xc5, 0x2c, 0x7b, 0xeb, 0x6a, 0xab, 0x62, 0xeb, 0x6a, 0x6f, 0x73,
    0x4f, 0x6b, 0xf1, 0x8b, 0xef, 0x6a, 0xef, 0x5a, 0xf0, 0x62, 0xd0, 0x5a,
    0xaf, 0x5a, 0xb2, 0x73, 0x33, 0x7c, 0x94, 0x84, 0xda, 0xad, 0x33, 0x7c,
    0x32, 0x7c, 0x31, 0x7c, 0x11, 0x7c, 0x11, 0x7c, 0x11, 0x74, 0x11, 0x74,
    0x10, 0x74, 0x10, 0x74, 0x11, 0x74, 0x11, 0x7c, 0x11, 0x7c, 0x11, 0x74,
    0x11, 0x74, 0xf1, 0x73, 0x93, 0x8c, 0x29, 0x42, 0x09, 0x42, 0x09, 0x42,
    0x29, 0x42, 0x29, 0x42, 0x11, 0x7c, 0xf1, 0x73, 0xf1, 0x73, 0xf1, 0x7b,
    0xf1, 0x7b, 0xf1, 0x73, 0xf1, 0x73, 0xb0, 0x73, 0x92, 0x8c, 0xf7, 0xbd,
    0xf8, 0xc5, 0x18, 0xc6, 0x18, 0xc6, 0xf8, 0xc5, 0xf7, 0xc5, 0xf8, 0xc5,
    0xf3, 0x9c, 0x72, 0x94, 0x92, 0x8c, 0x92, 0x94, 0x92, 0x94, 0x14, 0xa5,
    0x55, 0xad, 0x35, 0xad, 0x35, 0xa5, 0x14, 0xa5, 0xd3, 0x9c, 0xb3, 0x94,
    0xb3, 0x94, 0xb1, 0x73, 0xfb, 0xe6, 0x5d, 0xf7, 0x5c, 0xf7, 0x55, 0xad,
    0x79, 0xce, 0x1c, 0xe7, 0x9d, 0xf7, 0x9d, 0xff, 0xbd, 0xff, 0xbd, 0xff,
    0xba, 0xde, 0xb6, 0xbd, 0xbd, 0xff, 0x9c, 0xf7, 0x7d, 0xf7, 0x7d, 0xf7,
    0x9d, 0xff, 0x9d, 0xff, 0x9d, 0xff, 0xbd, 0xff, 0xbd, 0xff, 0xbd, 0xff,
    0x9c, 0xff, 0x9d, 0xff, 0x9d, 0xff, 0x9c, 0xff, 0x9c, 0xff, 0x9d, 0xff,
    0x9d, 0xff, 0x9c, 0xff, 0x9d, 0xff, 0x9c, 0xff, 0x9c, 0xff, 0x9d, 0xff,
    0x9d, 0xff, 0x9c, 0xff, 0x9d, 0xff, 0x7d, 0xff, 0x7c, 0xff, 0x9d, 0xff,
    0x9d, 0xff, 0x7c, 0xff, 0x9d, 0xff, 0x7d, 0xff, 0x9d, 0xf7, 0x9c, 0xf7,
    0x9d, 0xf7, 0x9c, 0xf7, 0x9c, 0xf7, 0x9c, 0xf7, 0x7c, 0xf7, 0x7c, 0xff,
    0x7c, 0xf7, 0x7c, 0xf7, 0x7c, 0xff, 0x7d, 0xf7, 0x9c, 0xf7, 0x7d, 0xff,
    0x9c, 0xff, 0x9c, 0xf7, 0x9c, 0xf7, 0x9d, 0xf7, 0x7c, 0xf7, 0x7d, 0xff,
    0x7c, 0xf7, 0x7c, 0xff, 0x7c, 0xff, 0x7c, 0xf7, 0x7d, 0xf7, 0x7d, 0xff,
    0x7d, 0xf7, 0x5c, 0xf7, 0x7d, 0xff, 0x7c, 0xff, 0x5d, 0xf7, 0x7d, 0xff,
    0x7c, 0xf7, 0x7d, 0xff, 0x7c, 0xff, 0x5d, 0xf7, 0x5d, 0xf7, 0x5d, 0xff,
    0x7d, 0xf7, 0x5c, 0xf7, 0x7d, 0xff, 0x5d, 0xf7, 0x5d, 0xf7, 0x5d, 0xf7,
    0x5c, 0xf7, 0x5d, 0xf7, 0x5c, 0xf7, 0x5d, 0xf7, 0x5d, 0xf7, 0x5d, 0xff,
    0x5d, 0xf7, 0x5d, 0xf7, 0x5c, 0xff, 0x5d, 0xf7, 0x5d, 0xf7, 0x5d, 0xff,
    0x5d, 0xf7, 0x5d, 0xf7, 0x5d, 0xff, 0x5c, 0xf7, 0x5d, 0xf7, 0x5d, 0xf7,
    0x5d, 0xf7, 0x3c, 0xf7, 0x5d, 0xf7, 0x3d, 0xf7, 0x5d, 0xf7, 0x5d, 0xef,
    0x3c, 0xef, 0xdb, 0xe6, 0x9a, 0xde, 0x35, 0xa5, 0xba, 0xd6, 0x5d, 0xef,
    0xb7, 0xbd, 0x7a, 0xd6, 0x3c, 0xef, 0x5d, 0xf7, 0x5d, 0xf7, 0x5d, 0xef,
    0x5d, 0xf7, 0x3d, 0xf7, 0x5d, 0xf7, 0x3d, 0xf7, 0x3d, 0xf7, 0x3d, 0xf7,
    0x3d, 0xef, 0x3c, 0xef, 0x5d, 0xf7, 0x5d, 0xef, 0x3c, 0xef, 0x5d, 0xf7,
    0x5d, 0xef, 0x5c, 0xf7, 0x5c, 0xf7, 0x5d, 0xef, 0x3d, 0xf7, 0x5d, 0xef,
    0x5d, 0xef, 0x5d, 0xf7, 0x5c, 0xf7, 0x5d, 0xf7, 0x5d, 0xef, 0x5c, 0xf7,
    0x5d, 0xf7, 0x5d, 0xf7, 0x5c, 0xf7, 0x5d, 0xf7, 0x5d, 0xf7, 0x5c, 0xf7,
    0x3d, 0xf7, 0x5c, 0xf7, 0x5d, 0xf7, 0x3d, 0xf7, 0x5c, 0xf7, 0x5d, 0xf7,
    0x5c, 0xf7, 0x5d, 0xf7, 0x3d, 0xf7, 0x5c, 0xf7, 0x5d, 0xf7, 0x3d, 0xf7,
    0x3d, 0xf7, 0x5d, 0xf7, 0x5d, 0xf7, 0x5c, 0xef, 0x5c, 0xf7, 0x7d, 0xef,
    0x5c, 0xf7, 0x7c, 0xf7, 0x5d, 0xf7, 0x7c, 0xf7, 0x7d, 0xf7, 0x5d, 0xf7,
    0x5c, 0xf7, 0x5c, 0xef, 0x7d, 0xef, 0x7c, 0xf7, 0x5c, 0xef, 0x9d, 0xf7,
    0x5d, 0xef, 0x7a, 0xd6, 0x79, 0xce, 0x59, 0xce, 0x59, 0xce, 0x59, 0xc6,
    0x5a, 0xc6, 0x59, 0xce, 0x39, 0xc6, 0x19, 0xc6, 0x18, 0xbe, 0x19, 0xc6,
    0x19, 0xbe, 0x7a, 0xce, 0x39, 0xc6, 0x39, 0xc6, 0x19, 0xbe, 0x19, 0xbe,
    0x19, 0xbe, 0x59, 0xc6, 0x14, 0x6c, 0x58, 0x8d, 0x99, 0x9d, 0x77, 0x6c,
    0x99, 0x9d, 0xd7, 0x7c, 0xf8, 0xbd, 0x18, 0xbe, 0x18, 0xc6, 0x19, 0xbe,
    0x18, 0xbe, 0x18, 0xbe, 0x18, 0xbe, 0xf8, 0xbd, 0xf8, 0xbd, 0xd7, 0xbd,
    0xba, 0xe6, 0xd6, 0xcd, 0x95, 0xc5, 0xf3, 0xac, 0xb6, 0xbd, 0xda, 0xde,
    0x7a, 0xce, 0x1a, 0xbe, 0x1a, 0xbe, 0x1a, 0xc6, 0x1b, 0xbe, 0x58, 0xce,
    0xee, 0xa4, 0xb4, 0x94, 0x36, 0xa5, 0xb5, 0xc5, 0x95, 0xc5, 0x71, 0x94,
    0xec, 0x62, 0xb8, 0xb5, 0x57, 0xa5, 0xd9, 0xbd, 0x55, 0x8c, 0x71, 0x6b,
    0xb5, 0x94, 0x16, 0x9d, 0x15, 0x9d, 0x53, 0xad, 0x0e, 0x8c, 0x11, 0xa5,
    0x72, 0xb5, 0xf4, 0xbd, 0x97, 0xde, 0xcb, 0x6a, 0x4d, 0x7b, 0xcd, 0x83,
    0xad, 0x83, 0x6d, 0x83, 0x4d, 0x9c, 0x30, 0x94, 0x0f, 0x6b, 0xcf, 0x62,
    0xcf, 0x62, 0xf0, 0x62, 0xf0, 0x5a, 0x71, 0x6b, 0x74, 0x84, 0xd5, 0x8c,
    0x57, 0x9d, 0xb5, 0x8c, 0x52, 0x7c, 0x72, 0x7c, 0x73, 0x7c, 0x31, 0x7c,
    0x11, 0x74, 0x11, 0x74, 0x11, 0x7c, 0x11, 0x74, 0x11, 0x74, 0x11, 0x7c,
    0x11, 0x74, 0x11, 0x74, 0x11, 0x7c, 0x11, 0x7c, 0x93, 0x8c, 0x29, 0x42,
    0x09, 0x42, 0x29, 0x42, 0x09, 0x42, 0x29, 0x42, 0x12, 0x7c, 0x11, 0x7c,
    0x11, 0x7c, 0x11, 0x7c, 0xf1, 0x73, 0x11, 0x7c, 0x11, 0x7c, 0x97, 0xb5,
    0x54, 0xad, 0x30, 0x8c, 0x31, 0x8c, 0x50, 0x8c, 0x31, 0x8c, 0x51, 0x8c,
    0x31, 0x8c, 0x51, 0x8c, 0x71, 0x8c, 0x72, 0x94, 0x92, 0x94, 0x92, 0x8c,
    0x92, 0x94, 0x92, 0x94, 0x92, 0x94, 0x93, 0x94, 0xb3, 0x94, 0xb3, 0x94,
    0xb3, 0x9c, 0xb3, 0x94, 0xb3, 0x9c, 0xb0, 0x73, 0x79, 0xd6, 0x59, 0xce,
    0x3c, 0xef, 0x76, 0xad, 0x5c, 0xef, 0xbd, 0xff, 0xbd, 0xff, 0xbd, 0xff,
    0xde, 0xff, 0x3c, 0xef, 0xb2, 0xa4, 0xf7, 0xc5, 0xbd, 0xff, 0x9c, 0xf7,
    0x9c, 0xf7, 0x7d, 0xf7, 0x3c, 0xef, 0x9d, 0xf7, 0xbd, 0xf7, 0xbd, 0xff,
    0x9d, 0xff, 0xbd, 0xff, 0x9d, 0xff, 0x9d, 0xff, 0x9c, 0xff, 0x9d, 0xff,
    0x9d, 0xff, 0x9c, 0xff, 0x9d, 0xff, 0x9d, 0xff, 0x9d, 0xff, 0x9c, 0xff,
    0x9d, 0xff, 0x9c, 0xff, 0x9c, 0xff, 0x9d, 0xff, 0x9c, 0xff, 0x9c, 0xff,
    0x9d, 0xff, 0x9c, 0xff, 0x9c, 0xf7, 0x9d, 0xf7, 0x9c, 0xf7, 0x9c, 0xf7,
    0x9c, 0xff, 0x9d, 0xf7, 0x7d, 0xf7, 0x7d, 0xf7, 0x7c, 0xf7, 0x7d, 0xf7,
    0x7d, 0xf7, 0x7d, 0xf7, 0x1b, 0xef, 0x9d, 0xff, 0x7c, 0xf7, 0x9d, 0xff,
    0x9d, 0xf7, 0x9d, 0xff, 0x9d, 0xff, 0x7c, 0xff, 0x7d, 0xf7, 0x9c, 0xf7,
    0x9c, 0xf7, 0x7d, 0xff, 0x7d, 0xff, 0x7c, 0xf7, 0x7d, 0xff, 0x7c, 0xff,
    0x7d, 0xff, 0x7d, 0xff, 0x7d, 0xf7, 0x7d, 0xff, 0x7d, 0xff, 0x7d, 0xf7,
    0x7d, 0xf7, 0x5c, 0xff, 0x7d, 0xf7, 0x7d, 0xf7, 0x7d, 0xff, 0x7c, 0xf7,
    0x5d, 0xff, 0x5d, 0xff, 0x7c, 0xf7, 0x5d, 0xf7, 0x5d, 0xff, 0x5d, 0xf7,
    0x5d, 0xff, 0x7d, 0xf7, 0x5c, 0xf7, 0x5d, 0xf7, 0x5d, 0xf7, 0x5c, 0xf7,
    0x5d, 0xff, 0x5d, 0xf7, 0x5d, 0xf7, 0x5d, 0xf7, 0x5d, 0xff, 0x5d, 0xf7,
    0x5d, 0xf7, 0x5c, 0xf7, 0x5d, 0xf7, 0x5d, 0xf7, 0x5d, 0xf7, 0x5d, 0xf7,
    0x3c, 0xf7, 0x5d, 0xff, 0x5d, 0xf7, 0x3c, 0xf7, 0x5d, 0xf7, 0x3c, 0xf7,
    0x3c, 0xf7, 0x3d, 0xf7, 0x5d, 0xef, 0x5d, 0xf7, 0x5d, 0xf7, 0x7d, 0xf7,
    0x56, 0xad, 0x96, 0xb5, 0x7d, 0xf7, 0x5d, 0xf7, 0x5d, 0xf7, 0x3d, 0xef,
    0x5d, 0xf7, 0x5c, 0xf7, 0x5d, 0xef, 0x3d, 0xf7, 0x3c, 0xf7, 0x3c, 0xf7,
    0x3c, 0xf7, 0x5d, 0xf7, 0x5c, 0xf7, 0x5c, 0xef, 0x3c, 0xf7, 0x5d, 0xf7,
    0x5c, 0xef, 0x3c, 0xef, 0x5d, 0xf7, 0x5d, 0xef, 0x5d, 0xf7, 0x5c, 0xf7,
    0x5d, 0xf7, 0x3d, 0xf7, 0x5d, 0xef, 0x5c, 0xf7, 0x5d, 0xf7, 0x5d, 0xef,
    0x7c, 0xf7, 0x5d, 0xf7, 0x5d, 0xef, 0x5c, 0xf7, 0x5d, 0xf7, 0x5d, 0xf7,
    0x3d, 0xf7, 0x5d, 0xf7, 0x5d, 0xf7, 0x5d, 0xf7, 0x3c, 0xf7, 0x3c, 0xf7,
    0x5d, 0xf7, 0x3d, 0xf7, 0x3d, 0xf7, 0x5c, 0xf7, 0x3d, 0xf7, 0x3c, 0xf7,
    0x5c, 0xf7, 0x3c, 0xf7, 0x5d, 0xf7, 0x5c, 0xf7, 0x5d, 0xef, 0x5d, 0xf7,
    0x5d, 0xf7, 0x5d, 0xf7, 0x5c, 0xef, 0x5c, 0xf7, 0x5c, 0xf7, 0x5d, 0xef,
    0x5d, 0xf7, 0x5c, 0xf7, 0x5c, 0xf7, 0x5d, 0xf7, 0x7d, 0xef, 0x7c, 0xf7,
    0x5d, 0xef, 0x7d, 0xf7, 0x9e, 0xf7, 0xfc, 0xe6, 0x79, 0xce, 0x59, 0xce,
    0x59, 0xc6, 0x59, 0xc6, 0x5a, 0xce, 0x59, 0xc6, 0x39, 0xc6, 0x19, 0xbe,
    0x18, 0xbe, 0x18, 0xbe, 0xbb, 0xde, 0xba, 0xd6, 0x59, 0xc6, 0x7a, 0xd6,
    0x38, 0xc6, 0xf8, 0xbd, 0x19, 0xc6, 0x7a, 0xce, 0x78, 0xa5, 0x76, 0x74,
    0x38, 0x85, 0x97, 0x74, 0x18, 0x8d, 0x96, 0x74, 0x39, 0xc6, 0x18, 0xbe,
    0x19, 0xc6, 0x39, 0xc6, 0x19, 0xbe, 0x18, 0xbe, 0x18, 0xbe, 0xf8, 0xbd,
    0xd7, 0xbd, 0xba, 0xde, 0x17, 0xd6, 0xd6, 0xc5, 0x74, 0xbd, 0xd2, 0xac,
    0xfb, 0xe6, 0x5c, 0xef, 0x7d, 0xf7, 0x9b, 0xce, 0x98, 0xad, 0xd9, 0xb5,
    0x1a, 0xc6, 0x59, 0xf7, 0xcd, 0xac, 0xee, 0x83, 0xf6, 0x94, 0x55, 0xad,
    0xb5, 0xc5, 0x8a, 0x5a, 0xf5, 0x9c, 0x98, 0xb5, 0x5b, 0xce, 0xf7, 0x9c,
    0xd3, 0x7b, 0x13, 0x84, 0xf6, 0x94, 0x77, 0xa5, 0x93, 0x8c, 0xd1, 0x9c,
    0x8f, 0x94, 0xd1, 0x9c, 0xf4, 0xbd, 0x2e, 0x8c, 0x96, 0xd6, 0xab, 0x6a,
    0x8d, 0x83, 0xab, 0x62, 0x29, 0x4a, 0x6d, 0x7b, 0x2d, 0x94, 0x2f, 0x8c,
    0xb1, 0x83, 0xaf, 0x5a, 0xaf, 0x5a, 0xf0, 0x62, 0xf0, 0x62, 0x51, 0x63,
    0x94, 0x84, 0xd5, 0x8c, 0x95, 0x84, 0x98, 0xa5, 0x73, 0x84, 0x94, 0x84,
    0xb4, 0x8c, 0x93, 0x84, 0x31, 0x7c, 0x11, 0x74, 0x11, 0x74, 0x11, 0x74,
    0x11, 0x7c, 0x11, 0x74, 0x11, 0x74, 0x31, 0x7c, 0x11, 0x7c, 0x31, 0x7c,
    0x93, 0x8c, 0x29, 0x42, 0x09, 0x42, 0x29, 0x42, 0x09, 0x42, 0x09, 0x42,
    0x32, 0x7c, 0x11, 0x7c, 0x11, 0x7c, 0x11, 0x74, 0xb3, 0x8c, 0x36, 0x9d,
    0xd9, 0xbd, 0x96, 0xb5, 0x51, 0x8c, 0x51, 0x8c, 0x51, 0x8c, 0x51, 0x8c,
    0x51, 0x8c, 0x51, 0x8c, 0x51, 0x8c, 0x71, 0x8c, 0x71, 0x8c, 0x72, 0x94,
    0x92, 0x94, 0x92, 0x94, 0x92, 0x94, 0xb3, 0x94, 0xb3, 0x94, 0xb2, 0x94,
    0xb2, 0x94, 0x92, 0x94, 0x72, 0x8c, 0x52, 0x8c, 0x31, 0x84, 0x6f, 0x63,
    0x9d, 0xf7, 0xda, 0xde, 0x35, 0xa5, 0x96, 0xb5, 0x9d, 0xf7, 0xda, 0xe6,
    0x38, 0xce, 0x17, 0xc6, 0x75, 0xb5, 0x38, 0xce, 0x9d, 0xf7, 0xbd, 0xff,
    0x9d, 0xff, 0x9d, 0xf7, 0x9d, 0xff, 0x7d, 0xf7, 0x1c, 0xe7, 0x1c, 0xe7,
    0x7d, 0xf7, 0xbe, 0xff, 0x9d, 0xf7, 0xbd, 0xff, 0xbd, 0xff, 0x9d, 0xff,
    0x9c, 0xff, 0x9d, 0xff, 0x9d, 0xff, 0x9c, 0xff, 0x9d, 0xff, 0x9d, 0xff,
    0x9c, 0xff, 0x9d, 0xff, 0x9d, 0xff, 0x9d, 0xff, 0x9d, 0xff, 0x9d, 0xff,
    0x9c, 0xff, 0x9d, 0xff, 0xbd, 0xff, 0xbe, 0xff, 0xfb, 0xe6, 0x5c, 0xf7,
    0x9d, 0xf7, 0x9c, 0xf7, 0x7c, 0xff, 0x7c, 0xff, 0x7d, 0xf7, 0x7d, 0xff,
    0x9d, 0xff, 0x7d, 0xf7, 0x7d, 0xf7, 0xba, 0xde, 0x95, 0xb5, 0x9d, 0xf7,
    0x1c, 0xef, 0x99, 0xd6, 0x58, 0xce, 0x78, 0xd6, 0xfb, 0xee, 0x7d, 0xff,
    0x9c, 0xf7, 0x7c, 0xf7, 0x7c, 0xf7, 0x7c, 0xff, 0x7c, 0xff, 0x7d, 0xf7,
    0x7c, 0xf7, 0x7d, 0xff, 0x7d, 0xff, 0x7d, 0xf7, 0x7d, 0xff, 0x7d, 0xff,
    0x7d, 0xf7, 0x7d, 0xf7, 0x7d, 0xff, 0x7d, 0xff, 0x5d, 0xf7, 0x7d, 0xff,
    0x7c, 0xff, 0x5c, 0xf7, 0x5d, 0xf7, 0x5d, 0xf7, 0x7c, 0xff, 0x5d, 0xf7,
    0x5d, 0xf7, 0x5c, 0xf7, 0x5d, 0xf7, 0x5d, 0xff, 0x5d, 0xff, 0x5d, 0xf7,
    0x5d, 0xff, 0x5d, 0xf7, 0x5c, 0xf7, 0x5d, 0xf7, 0x5d, 0xf7, 0x5d, 0xff,
    0x5d, 0xf7, 0x5d, 0xf7, 0x5d, 0xff, 0x5d, 0xf7, 0x5d, 0xff, 0x5d, 0xf7,
    0x5c, 0xf7, 0x5d, 0xf7, 0x5d, 0xf7, 0x5d, 0xf7, 0x3c, 0xf7, 0x3d, 0xf7,
    0x5d, 0xf7, 0x5d, 0xf7, 0x3c, 0xf7, 0x5d, 0xf7, 0x5d, 0xf7, 0x5d, 0xef,
    0x5d, 0xf7, 0x5d, 0xf7, 0x5e, 0xf7, 0x1c, 0xe7, 0x5d, 0xf7, 0x5d, 0xf7,
    0x5d, 0xef, 0x5d, 0xf7, 0x3d, 0xf7, 0x5c, 0xef, 0x5d, 0xf7, 0x5d, 0xf7,
    0x5d, 0xf7, 0x5d, 0xef, 0x3d, 0xf7, 0x5d, 0xf7, 0x5c, 0xf7, 0x5d, 0xef,
    0x3d, 0xf7, 0x5c, 0xf7, 0x5d, 0xef, 0x5c, 0xf7, 0x5d, 0xf7, 0x5d, 0xef,
    0x5c, 0xf7, 0x5d, 0xef, 0x5c, 0xef, 0x5d, 0xf7, 0x5d, 0xf7, 0x5d, 0xf7,
    0x5d, 0xf7, 0x5d, 0xf7, 0x5d, 0xf7, 0x7d, 0xf7, 0x5d, 0xf7, 0x5d, 0xf7,
    0x5c, 0xf7, 0x5d, 0xf7, 0x5c, 0xf7, 0x3d, 0xf7, 0x5d, 0xf7, 0x5d, 0xf7,
    0x5d, 0xf7, 0x5d, 0xf7, 0x5d, 0xf7, 0x5d, 0xf7, 0x3c, 0xf7, 0x5d, 0xf7,
    0x5d, 0xf7, 0x3c, 0xf7, 0x5d, 0xf7, 0x3d, 0xf7, 0x3c, 0xf7, 0x5d, 0xf7,
    0x5d, 0xf7, 0x5c, 0xf7, 0x7d, 0xf7, 0x5d, 0xf7, 0x5c, 0xf7, 0x5d, 0xf7,
    0x5c, 0xf7, 0x5d, 0xef, 0x5c, 0xf7, 0x7d, 0xf7, 0x5d, 0xef, 0x5c, 0xf7,
    0x7c, 0xf7, 0x5d, 0xf7, 0x5c, 0xef, 0x7d, 0xf7, 0x9e, 0xf7, 0x7d, 0xef,
    0x3d, 0xe7, 0xdb, 0xde, 0x5a, 0xce, 0x19, 0xc6, 0x39, 0xc6, 0x39, 0xc6,
    0x39, 0xc6, 0x18, 0xbe, 0xf8, 0xbd, 0x59, 0xce, 0x5d, 0xef, 0xdb, 0xde,
    0xfb, 0xe6, 0xba, 0xd6, 0x18, 0xbe, 0xf8, 0xbd, 0x18, 0xbe, 0x7a, 0xce,
    0xd3, 0x63, 0xd7, 0x7c, 0x59, 0x95, 0xf8, 0x8c, 0x38, 0x8d, 0x96, 0x7c,
    0x38, 0xc6, 0x39, 0xbe, 0x38, 0xc6, 0x19, 0xc6, 0x18, 0xbe, 0x18, 0xbe,
    0x18, 0xbe, 0x18, 0xbe, 0x18, 0xc6, 0xda, 0xe6, 0xf6, 0xcd, 0xb5, 0xc5,
    0x54, 0xbd, 0x34, 0xb5, 0x7d, 0xf7, 0x5c, 0xef, 0x7c, 0xf7, 0x9b, 0xce,
    0x77, 0xad, 0xf9, 0xbd, 0x17, 0xc6, 0xf2, 0xcd, 0xac, 0xa4, 0x2b, 0x7b,
    0xb3, 0x94, 0xd4, 0x94, 0x95, 0xbd, 0x8e, 0x73, 0x5b, 0xce, 0x78, 0xad,
    0x58, 0xad, 0x34, 0x8c, 0xb2, 0x73, 0xb5, 0x94, 0x36, 0xa5, 0x36, 0x9d,
    0x93, 0xb5, 0x90, 0x94, 0x70, 0x94, 0x90, 0x94, 0x4f, 0x8c, 0x94, 0xb5,
    0xb7, 0xde, 0x8d, 0x83, 0xad, 0x83, 0x8a, 0x5a, 0xcb, 0x62, 0x8c, 0x52,
    0x8e, 0x4a, 0x11, 0x8c, 0x30, 0x94, 0xaf, 0x5a, 0x8e, 0x52, 0x11, 0x63,
    0x10, 0x63, 0x72, 0x6b, 0x33, 0x74, 0x93, 0x84, 0x74, 0x84, 0x99, 0xad,
    0x94, 0x84, 0xb4, 0x84, 0xb4, 0x84, 0x73, 0x84, 0x11, 0x7c, 0x11, 0x74,
    0x10, 0x74, 0x11, 0x74, 0x31, 0x7c, 0x31, 0x7c, 0x32, 0x7c, 0x32, 0x74,
    0x32, 0x74, 0x31, 0x7c, 0x73, 0x8c, 0x29, 0x42, 0x29, 0x42, 0x09, 0x42,
    0x29, 0x42, 0x29, 0x3a, 0x52, 0x7c, 0x11, 0x7c, 0x53, 0x84, 0x36, 0x9d,
    0x77, 0xad, 0x56, 0xa5, 0x7a, 0xce, 0x51, 0x8c, 0x71, 0x8c, 0x51, 0x8c,
    0x51, 0x8c, 0x51, 0x8c, 0x50, 0x8c, 0x51, 0x8c, 0x71, 0x8c, 0x51, 0x8c,
    0x51, 0x8c, 0x31, 0x84, 0xf0, 0x7b, 0xd0, 0x7b, 0x8f, 0x73, 0x6f, 0x6b,
    0x4e, 0x63, 0x2d, 0x63, 0x0d, 0x5b, 0x0d, 0x5b, 0xed, 0x5a, 0xec, 0x52,
    0xec, 0x52, 0xad, 0x4a, 0x3b, 0xe7, 0xfb, 0xe6, 0x14, 0x9d, 0x35, 0xad,
    0xf4, 0xa4, 0xb7, 0xbd, 0x1c, 0xef, 0xbd, 0xff, 0xde, 0xff, 0xde, 0xff,
    0xdd, 0xff, 0x9d, 0xff, 0x9d, 0xf7, 0xbd, 0xff, 0x7d, 0xf7, 0x3c, 0xef,
    0x1b, 0xe7, 0xfb, 0xde, 0x3c, 0xe7, 0x5c, 0xef, 0x1c, 0xe7, 0x9d, 0xf7,
    0xbd, 0xff, 0x9d, 0xff, 0x9d, 0xff, 0x9c, 0xff, 0x9d, 0xff, 0x9d, 0xff,
    0x9c, 0xff, 0x9c, 0xff, 0x9d, 0xff, 0x9d, 0xff, 0xbd, 0xff, 0xbd, 0xff,
    0xde, 0xff, 0xf7, 0xc5, 0xbe, 0xff, 0xba, 0xd6, 0xd3, 0x9c, 0x10, 0x84,
    0x92, 0x94, 0xfb, 0xee, 0x9d, 0xff, 0x9d, 0xff, 0x9d, 0xff, 0x9d, 0xff,
    0x9c, 0xf7, 0x9c, 0xf7, 0x9d, 0xff, 0x9d, 0xf7, 0x1b, 0xe7, 0x38, 0xce,
    0x55, 0xad, 0x96, 0xbd, 0x58, 0xce, 0x3c, 0xef, 0x7d, 0xf7, 0x9d, 0xff,
    0x9d, 0xff, 0x7c, 0xff, 0x9d, 0xf7, 0x9d, 0xff, 0x9d, 0xf7, 0x7c, 0xf7,
    0x7c, 0xff, 0x7d, 0xff, 0x7c, 0xf7, 0x7c, 0xff, 0x7d, 0xf7, 0x7d, 0xf7,
    0x7d, 0xff, 0x7c, 0xff, 0x7c, 0xf7, 0x5d, 0xff, 0x7c, 0xff, 0x7d, 0xf7,
    0x7d, 0xf7, 0x7c, 0xff, 0x5d, 0xf7, 0x7d, 0xf7, 0x7c, 0xf7, 0x7d, 0xff,
    0x5d, 0xf7, 0x5c, 0xf7, 0x5d, 0xff, 0x5d, 0xf7, 0x5c, 0xf7, 0x5d, 0xf7,
    0x5d, 0xf7, 0x5c, 0xf7, 0x5d, 0xf7, 0x5d, 0xff, 0x5d, 0xf7, 0x5d, 0xf7,
    0x7d, 0xff, 0x5c, 0xff, 0x5d, 0xf7, 0x5d, 0xf7, 0x5c, 0xf7, 0x5d, 0xf7,
    0x5d, 0xff, 0x5d, 0xf7, 0x5c, 0xf7, 0x3d, 0xff, 0x5d, 0xf7, 0x5d, 0xf7,
    0x3c, 0xf7, 0x5d, 0xf7, 0x3d, 0xf7, 0x5c, 0xf7, 0x3d, 0xf7, 0x5d, 0xf7,
    0x5c, 0xf7, 0x3d, 0xef, 0x5d, 0xf7, 0x5d, 0xf7, 0x5d, 0xf7, 0x5d, 0xf7,
    0x5d, 0xf7, 0x5d, 0xef, 0x5d, 0xf7, 0x5c, 0xf7, 0x5d, 0xef, 0x5d, 0xf7,
    0x5d, 0xef, 0x5d, 0xf7, 0x5c, 0xef, 0x5d, 0xf7, 0x5d, 0xef, 0x5c, 0xf7,
    0x5d, 0xf7, 0x5d, 0xef, 0x5c, 0xef, 0x3d, 0xf7, 0x5d, 0xef, 0x5c, 0xf7,
    0x5c, 0xef, 0x3c, 0xf7, 0x5d, 0xef, 0x5d, 0xf7, 0x5c, 0xf7, 0x5c, 0xef,
    0x5d, 0xf7, 0x7d, 0xf7, 0x5d, 0xef, 0x7d, 0xf7, 0x7d, 0xf7, 0x7d, 0xf7,
    0x5c, 0xef, 0x5d, 0xf7, 0x5d, 0xf7, 0x5d, 0xf7, 0x5d, 0xf7, 0x5c, 0xf7,
    0x3d, 0xf7, 0x5c, 0xf7, 0x5d, 0xf7, 0x5d, 0xf7, 0x5c, 0xf7, 0x5c, 0xf7,
    0x5d, 0xf7, 0x3d, 0xf7, 0x5d, 0xf7, 0x5d, 0xf7, 0x3d, 0xf7, 0x5c, 0xf7,
    0x5c, 0xf7, 0x5d, 0xf7, 0x5d, 0xf7, 0x5c, 0xf7, 0x5c, 0xef, 0x7d, 0xf7,
    0x5d, 0xef, 0x7d, 0xf7, 0x7c, 0xf7, 0x5c, 0xf7, 0x5c, 0xf7, 0x7d, 0xef,
    0x5d, 0xef, 0x7c, 0xf7, 0x7d, 0xf7, 0x5d, 0xef, 0x5c, 0xef, 0x5d, 0xef,
    0x9d, 0xf7, 0x7d, 0xef, 0x3d, 0xef, 0x3c, 0xe7, 0x1c, 0xe7, 0xdb, 0xde,
    0x5a, 0xce, 0x18, 0xc6, 0xf8, 0xbd, 0xf8, 0xbd, 0xf8, 0xbd, 0xfb, 0xde,
    0x7d, 0xf7, 0x7d, 0xef, 0x3c, 0xef, 0x7a, 0xce, 0xf8, 0xbd, 0x18, 0xbe,
    0xf8, 0xbd, 0xf8, 0xbd, 0xb3, 0x63, 0x56, 0x74, 0x99, 0xa5, 0xd9, 0xad,
    0xd7, 0x7c, 0xb5, 0x7c, 0x39, 0xbe, 0x18, 0xbe, 0x18, 0xbe, 0x18, 0xbe,
    0x18, 0xbe, 0xf8, 0xbd, 0xf8, 0xbd, 0xf8, 0xbd, 0xdb, 0xde, 0x17, 0xd6,
    0xd6, 0xcd, 0xb5, 0xc5, 0x33, 0xb5, 0xd7, 0xc5, 0x1c, 0xe7, 0x1b, 0xe7,
    0x3c, 0xef, 0x5a, 0xc6, 0x36, 0xa5, 0xf8, 0xbd, 0xd8, 0xde, 0xae, 0xa4,
    0x2a, 0x6b, 0x2c, 0x73, 0x8e, 0x7b, 0x93, 0x8c, 0x15, 0xa5, 0x19, 0xc6,
    0xf6, 0xa4, 0xd3, 0x83, 0x33, 0x84, 0x34, 0x8c, 0x95, 0x94, 0x16, 0x9d,
    0x57, 0xa5, 0x16, 0xa5, 0x30, 0x84, 0x50, 0x84, 0x14, 0xad, 0x2f, 0x8c,
    0x93, 0xb5, 0x59, 0xef, 0x31, 0xb5, 0x6f, 0x9c, 0xae, 0x83, 0xce, 0x8b,
    0x0e, 0x63, 0xae, 0x52, 0x8e, 0x52, 0xf1, 0x8b, 0x71, 0xa4, 0x0f, 0x6b,
    0x6e, 0x52, 0xf0, 0x5a, 0x31, 0x63, 0x52, 0x6b, 0xd1, 0x73, 0x32, 0x7c,
    0x93, 0x84, 0xf6, 0x8c, 0xf6, 0x94, 0xb4, 0x84, 0x93, 0x84, 0x52, 0x7c,
    0x31, 0x74, 0x11, 0x74, 0x11, 0x74, 0x11, 0x74, 0x11, 0x7c, 0x31, 0x7c,
    0x32, 0x7c, 0x32, 0x7c, 0x32, 0x7c, 0x32, 0x7c, 0x93, 0x8c, 0x29, 0x42,
    0x09, 0x42, 0x29, 0x42, 0x29, 0x42, 0x09, 0x3a, 0x73, 0x84, 0x15, 0x9d,
    0x77, 0xad, 0x97, 0xad, 0x98, 0xad, 0x77, 0xad, 0x39, 0xc6, 0x30, 0x8c,
    0x51, 0x8c, 0x50, 0x8c, 0x51, 0x8c, 0x51, 0x8c, 0x30, 0x84, 0xcf, 0x73,
    0x2e, 0x63, 0xcc, 0x52, 0x8b, 0x52, 0x8b, 0x4a, 0x6b, 0x4a, 0x6b, 0x4a,
    0x8b, 0x4a, 0x8b, 0x4a, 0x8b, 0x52, 0x8b, 0x4a, 0xab, 0x52, 0xcc, 0x52,
    0xcd, 0x52, 0xcc, 0x5a, 0xec, 0x52, 0xad, 0x4a, 0x9a, 0xd6, 0x18, 0xbe,
    0xf3, 0x9c, 0xf4, 0x9c, 0x7a, 0xce, 0xbd, 0xff, 0xbd, 0xff, 0x9d, 0xf7,
    0xbd, 0xf7, 0x9a, 0xde, 0x38, 0xce, 0x5c, 0xf7, 0x9d, 0xff, 0xbd, 0xff,
    0x3c, 0xef, 0x1c, 0xe7, 0xfb, 0xde, 0xdb, 0xde, 0xfb, 0xe6, 0xfb, 0xe6,
    0x3c, 0xe7, 0x9d, 0xff, 0x9c, 0xf7, 0x5c, 0xf7, 0x7c, 0xf7, 0x9d, 0xff,
    0xbd, 0xff, 0xbd, 0xff, 0x5c, 0xf7, 0x7c, 0xf7, 0xbd, 0xff, 0xdd, 0xff,
    0x9a, 0xee, 0x76, 0xd5, 0x17, 0xce, 0x34, 0xad, 0x92, 0x94, 0xd7, 0xbd,
    0x1b, 0xe7, 0x9e, 0xf7, 0x5c, 0xf7, 0x1b, 0xe7, 0x99, 0xd6, 0x38, 0xce,
    0xf7, 0xc5, 0xf8, 0xc5, 0xba, 0xde, 0xba, 0xde, 0x38, 0xc6, 0x79, 0xd6,
    0xba, 0xde, 0x1c, 0xef, 0xbe, 0xff, 0x9d, 0xff, 0x9d, 0xff, 0x9d, 0xff,
    0x9d, 0xff, 0x9c, 0xf7, 0x9d, 0xf7, 0x9c, 0xf7, 0x9c, 0xf7, 0x7d, 0xff,
    0x7c, 0xff, 0x7d, 0xff, 0x7c, 0xf7, 0x7c, 0xff, 0x7d, 0xff, 0x7c, 0xff,
    0x7d, 0xff, 0x7d, 0xff, 0x7d, 0xf7, 0x7d, 0xff, 0x7d, 0xf7, 0x5d, 0xf7,
    0x7c, 0xff, 0x7d, 0xf7, 0x5d, 0xff, 0x5c, 0xf7, 0x5d, 0xf7, 0x7d, 0xff,
    0x5c, 0xff, 0x7d, 0xf7, 0x5d, 0xf7, 0x5d, 0xf7, 0x5d, 0xff, 0x5d, 0xf7,
    0x5c, 0xf7, 0x5d, 0xff, 0x5d, 0xf7, 0x5c, 0xf7, 0x5d, 0xf7, 0x5d, 0xff,
    0x5c, 0xf7, 0x5d, 0xf7, 0x5d, 0xf7, 0x5d, 0xf7, 0x5d, 0xff, 0x5d, 0xf7,
    0x5d, 0xf7, 0x5d, 0xf7, 0x5d, 0xf7, 0x5d, 0xf7, 0x5d, 0xf7, 0x5c, 0xf7,
    0x5d, 0xf7, 0x5d, 0xf7, 0x3c, 0xf7, 0x5c, 0xf7, 0x3d, 0xf7, 0x3c, 0xf7,
    0x5d, 0xf7, 0x5d, 0xf7, 0x5c, 0xf7, 0x5d, 0xef, 0x5d, 0xf7, 0x5d, 0xf7,
    0x5d, 0xef, 0x5d, 0xf7, 0x5d, 0xf7, 0x5d, 0xef, 0x3d, 0xf7, 0x5d, 0xf7,
    0x5c, 0xef, 0x5c, 0xf7, 0x5d, 0xf7, 0x5c, 0xef, 0x5c, 0xf7, 0x5d, 0xf7,
    0x5c, 0xef, 0x5c, 0xef, 0x5d, 0xf7, 0x5d, 0xf7, 0x5c, 0xef, 0x5c, 0xf7,
    0x3d, 0xf7, 0x5d, 0xef, 0x5c, 0xef, 0x5d, 0xf7, 0x5c, 0xef, 0x5c, 0xf7,
    0x3d, 0xef, 0x5d, 0xf7, 0x9d, 0xf7, 0x72, 0x8c, 0x5d, 0xef, 0x7d, 0xf7,
    0x5d, 0xf7, 0x5d, 0xf7, 0x7d, 0xf7, 0x5c, 0xef, 0x5d, 0xf7, 0x5d, 0xf7,
    0x5d, 0xf7, 0x5d, 0xf7, 0x5d, 0xf7, 0x3c, 0xf7, 0x5d, 0xf7, 0x3d, 0xf7,
    0x3d, 0xf7, 0x5d, 0xf7, 0x5d, 0xf7, 0x5c, 0xf7, 0x5d, 0xf7, 0x3c, 0xf7,
    0x3d, 0xf7, 0x5d, 0xf7, 0x5d, 0xf7, 0x5c, 0xf7, 0x5d, 0xf7, 0x5d, 0xf7,
    0x5d, 0xf7, 0x5c, 0xef, 0x5d, 0xf7, 0x5d, 0xf7, 0x5c, 0xef, 0x5c, 0xef,
    0x5d, 0xf7, 0x5c, 0xf7, 0x5c, 0xf7, 0x7d, 0xef, 0x5d, 0xef, 0x5d, 0xf7,
    0x7d, 0xef, 0x7c, 0xef, 0x7d, 0xf7, 0x7d, 0xef, 0x5d, 0xef, 0x3c, 0xef,
    0x3c, 0xe7, 0x1c, 0xe7, 0x1c, 0xe7, 0xfb, 0xde, 0x9b, 0xd6, 0x39, 0xc6,
    0x19, 0xbe, 0x7a, 0xce, 0xfb, 0xe6, 0xfb, 0xe6, 0xba, 0xd6, 0x19, 0xc6,
    0x18, 0xbe, 0xf9, 0xbd, 0x59, 0xce, 0xb8, 0xb5, 0xf5, 0x9c, 0x7a, 0xce,
    0x5d, 0xef, 0x7a, 0xce, 0x14, 0x64, 0xd8, 0xad, 0xf8, 0xbd, 0xf8, 0xbd,
    0x18, 0xbe, 0x19, 0xbe, 0x39, 0xc6, 0x18, 0xbe, 0x18, 0xc6, 0x18, 0xc6,
    0x1b, 0xe7, 0xf6, 0xcd, 0xd6, 0xcd, 0x95, 0xc5, 0xf3, 0xac, 0xba, 0xd6,
    0x79, 0xce, 0x59, 0xc6, 0x79, 0xce, 0xd9, 0xb5, 0x16, 0xa5, 0x97, 0xde,
    0xb2, 0xc5, 0x0b, 0x63, 0x90, 0x6b, 0x0e, 0x63, 0x4e, 0x73, 0x11, 0x7c,
    0x39, 0xc6, 0x1c, 0xe7, 0xbb, 0xde, 0x7a, 0xd6, 0x59, 0xce, 0xdb, 0xde,
    0xfb, 0xde, 0xdb, 0xde, 0x97, 0xad, 0x16, 0x9d, 0x95, 0x84, 0xd6, 0x8c,
    0x74, 0x84, 0xb2, 0x94, 0x93, 0xb5, 0xd1, 0xa4, 0xf4, 0xc5, 0xd4, 0xc5,
    0x2c, 0x73, 0x2c, 0x7b, 0x0f, 0x8c, 0xae, 0x52, 0x6d, 0x4a, 0xd0, 0x83,
    0x71, 0xa4, 0xb0, 0x83, 0xaf, 0x5a, 0x8e, 0x52, 0x52, 0x6b, 0x51, 0x6b,
    0xb1, 0x6b, 0x52, 0x7c, 0x73, 0x7c, 0x74, 0x7c, 0x57, 0x9d, 0x94, 0x84,
    0x94, 0x84, 0x72, 0x7c, 0x32, 0x7c, 0x11, 0x74, 0x31, 0x7c, 0xb4, 0x8c,
    0x11, 0x74, 0x32, 0x7c, 0x32, 0x74, 0x32, 0x7c, 0x32, 0x7c, 0x32, 0x7c,
    0xb3, 0x8c, 0x29, 0x42, 0x29, 0x42, 0x29, 0x42, 0x29, 0x42, 0x6a, 0x4a,
    0x98, 0xad, 0x97, 0xad, 0x97, 0xad, 0x98, 0xad, 0x97, 0xad, 0x77, 0xad,
    0x39, 0xc6, 0x30, 0x84, 0x51, 0x8c, 0x50, 0x8c, 0xf0, 0x7b, 0x2c, 0x63,
    0x8f, 0x6b, 0xac, 0x52, 0xed, 0x5a, 0xed, 0x5a, 0xed, 0x5a, 0xed, 0x5a,
    0xed, 0x5a, 0xed, 0x5a, 0x0d, 0x5b, 0x0d, 0x5b, 0x0d, 0x63, 0xd7, 0xbd,
    0x75, 0xb5, 0x6b, 0x4a, 0xcc, 0x52, 0xcc, 0x52, 0xcc, 0x52, 0xad, 0x4a,
    0x18, 0xc6, 0x58, 0xc6, 0x14, 0x9d, 0xf3, 0x9c, 0x38, 0xc6, 0x96, 0xb5,
    0x75, 0xad, 0x55, 0xad, 0x96, 0xb5, 0x96, 0xb5, 0x96, 0xb5, 0x75, 0xb5,
    0x79, 0xd6, 0x9d, 0xf7, 0x3c, 0xef, 0x1c, 0xe7, 0xdb, 0xde, 0xdb, 0xde,
    0xfb, 0xde, 0xfb, 0xde, 0x1b, 0xe7, 0x9d, 0xff, 0x9d, 0xf7, 0x3c, 0xef,
    0x7c, 0xf7, 0xbd, 0xff, 0x1b, 0xef, 0xb4, 0xc4, 0xd5, 0xcc, 0x94, 0xc4,
    0x33, 0xc4, 0x96, 0xd5, 0x32, 0xac, 0x10, 0x94, 0xcf, 0x83, 0xef, 0x83,
    0x0f, 0x8c, 0x50, 0x94, 0x30, 0x8c, 0xef, 0x83, 0xcf, 0x83, 0x0f, 0x84,
    0x51, 0x94, 0xf3, 0xa4, 0x95, 0xb5, 0xf7, 0xc5, 0x59, 0xd6, 0x38, 0xd6,
    0xfb, 0xee, 0xbd, 0xff, 0x9d, 0xff, 0x7d, 0xff, 0x9d, 0xff, 0x9c, 0xff,
    0x9d, 0xf7, 0x9d, 0xf7, 0x9c, 0xf7, 0x9d, 0xff, 0x9d, 0xff, 0x9c, 0xff,
    0x7d, 0xf7, 0x7c, 0xf7, 0x7c, 0xff, 0x7d, 0xff, 0x7c, 0xf7, 0x7c, 0xff,
    0x7d, 0xf7, 0x7c, 0xf7, 0x7d, 0xff, 0x7d, 0xff, 0x7d, 0xf7, 0x7d, 0xff,
    0x7d, 0xff, 0x7d, 0xf7, 0x7d, 0xff, 0x7d, 0xff, 0x5c, 0xf7, 0x5d, 0xf7,
    0x7d, 0xff, 0x5c, 0xf7, 0x5d, 0xf7, 0x7c, 0xff, 0x5d, 0xf7, 0x5d, 0xf7,
    0x5c, 0xf7, 0x5d, 0xf7, 0x5d, 0xff, 0x5d, 0xf7, 0x5d, 0xf7, 0x5d, 0xff,
    0x5c, 0xf7, 0x5d, 0xf7, 0x5d, 0xff, 0x5d, 0xf7, 0x5d, 0xf7, 0x5d, 0xf7,
    0x5d, 0xf7, 0x5d, 0xff, 0x5d, 0xf7, 0x5d, 0xff, 0x5d, 0xf7, 0x5d, 0xff,
    0x5d, 0xf7, 0x5d, 0xf7, 0x3d, 0xf7, 0x5d, 0xf7, 0x3c, 0xf7, 0x5d, 0xf7,
    0x5d, 0xf7, 0x3c, 0xf7, 0x5d, 0xf7, 0x5c, 0xf7, 0x5d, 0xf7, 0x5c, 0xef,
    0x5d, 0xf7, 0x5c, 0xef, 0x5d, 0xef, 0x5d, 0xf7, 0x5d, 0xf7, 0x3d, 0xef,
    0x5d, 0xef, 0x5d, 0xf7, 0x5d, 0xf7, 0x5d, 0xef, 0x3d, 0xf7, 0x5d, 0xf7,
    0x5d, 0xef, 0x5d, 0xf7, 0x5d, 0xf7, 0x5d, 0xf7, 0x5c, 0xef, 0x5d, 0xf7,
    0x5c, 0xef, 0x5c, 0xef, 0x5d, 0xf7, 0x3c, 0xef, 0x5d, 0xf7, 0x3d, 0xf7,
    0x5c, 0xef, 0x5d, 0xef, 0x5c, 0xef, 0x5d, 0xf7, 0x7d, 0xf7, 0xf2, 0x6b,
    0xbb, 0xd6, 0x7d, 0xf7, 0x5d, 0xf7, 0x7d, 0xf7, 0x5c, 0xef, 0x5d, 0xf7,
    0x7d, 0xf7, 0x5c, 0xef, 0x5c, 0xf7, 0x5d, 0xf7, 0x5d, 0xf7, 0x5d, 0xf7,
    0x5d, 0xf7, 0x5c, 0xf7, 0x5d, 0xf7, 0x5d, 0xf7, 0x3d, 0xf7, 0x5d, 0xf7,
    0x5c, 0xf7, 0x3d, 0xf7, 0x5c, 0xf7, 0x5d, 0xf7, 0x3d, 0xf7, 0x5c, 0xf7,
    0x5d, 0xf7, 0x5d, 0xf7, 0x5c, 0xf7, 0x5d, 0xf7, 0x7c, 0xf7, 0x5c, 0xef,
    0x5d, 0xf7, 0x5c, 0xf7, 0x5d, 0xef, 0x5d, 0xf7, 0x5c, 0xef, 0x5c, 0xef,
    0x5c, 0xef, 0x5c, 0xf7, 0x5d, 0xef, 0x5d, 0xef, 0x9a, 0xd6, 0x3d, 0xef,
    0x7d, 0xef, 0xfc, 0xe6, 0xfb, 0xde, 0x1c, 0xe7, 0x1c, 0xe7, 0x1c, 0xe7,
    0x1c, 0xe7, 0xfb, 0xe6, 0xbb, 0xd6, 0x39, 0xc6, 0x19, 0xc6, 0x18, 0xc6,
    0x18, 0xbe, 0xf8, 0xbd, 0xf8, 0xbd, 0x19, 0xc6, 0xdb, 0xde, 0x3c, 0xe7,
    0x1c, 0xe7, 0x3c, 0xe7, 0x3c, 0xef, 0x3c, 0xe7, 0xf8, 0xb5, 0xf8, 0xb5,
    0xd7, 0xb5, 0xd7, 0xb5, 0xd7, 0xb5, 0x18, 0xbe, 0x59, 0xc6, 0x39, 0xc6,
    0x59, 0xce, 0xda, 0xde, 0x57, 0xd6, 0xf7, 0xcd, 0xd6, 0xc5, 0x74, 0xbd,
    0xd2, 0xac, 0x1c, 0xe7, 0xba, 0xd6, 0xd7, 0xb5, 0xb7, 0xad, 0xf7, 0x9c,
    0x56, 0xad, 0xb7, 0xd6, 0x2b, 0x6b, 0x0b, 0x42, 0xd0, 0x7b, 0x90, 0x73,
    0x8f, 0x7b, 0xf3, 0x9c, 0x7d, 0xef, 0xdb, 0xde, 0xdb, 0xde, 0xda, 0xde,
    0x3d, 0xef, 0x3c, 0xe7, 0x18, 0xc6, 0x7a, 0xce, 0x97, 0xad, 0x36, 0x9d,
    0x95, 0x8c, 0x95, 0x84, 0xf7, 0x94, 0xf2, 0xa4, 0xb1, 0x9c, 0x10, 0xad,
    0xb6, 0xde, 0x97, 0xde, 0xad, 0x83, 0xad, 0x7b, 0x2b, 0x73, 0xce, 0x83,
    0x2c, 0x42, 0xb0, 0x83, 0x51, 0x9c, 0x10, 0x94, 0xaf, 0x62, 0x4d, 0x52,
    0x51, 0x6b, 0x72, 0x6b, 0x51, 0x6b, 0x73, 0x84, 0x93, 0x84, 0x73, 0x7c,
    0x79, 0xa5, 0x94, 0x84, 0xb4, 0x84, 0x93, 0x84, 0x72, 0x7c, 0x11, 0x7c,
    0x31, 0x7c, 0x14, 0x95, 0x31, 0x74, 0x32, 0x7c, 0x32, 0x74, 0x32, 0x7c,
    0x32, 0x7c, 0x32, 0x7c, 0xb3, 0x8c, 0x49, 0x4a, 0x29, 0x42, 0x29, 0x42,
    0x6a, 0x52, 0x10, 0x7c, 0x97, 0xad, 0x97, 0xad, 0x98, 0xad, 0x98, 0xad,
    0x98, 0xb5, 0x97, 0xad, 0x39, 0xc6, 0x10, 0x84, 0xcf, 0x7b, 0xeb, 0x5a,
    0x29, 0x42, 0xe8, 0x41, 0xf2, 0x7b, 0x0e, 0x5b, 0x0e, 0x63, 0x0e, 0x5b,
    0x0d, 0x5b, 0xed, 0x5a, 0xed, 0x5a, 0xed, 0x5a, 0x0d, 0x5b, 0xed, 0x5a,
    0x51, 0x8c, 0x38, 0xce, 0x30, 0x8c, 0x8b, 0x4a, 0xcc, 0x52, 0xcc, 0x52,
    0xcc, 0x52, 0x8d, 0x4a, 0x17, 0xbe, 0xf7, 0xbd, 0xd3, 0x9c, 0x92, 0x94,
    0x14, 0xa5, 0x75, 0xad, 0x96, 0xbd, 0xf7, 0xc5, 0x14, 0xa5, 0x14, 0xa5,
    0xb3, 0x94, 0xf3, 0x9c, 0x14, 0xa5, 0xd7, 0xbd, 0x9d, 0xf7, 0x79, 0xde,
    0x59, 0xde, 0x9a, 0xde, 0xfb, 0xde, 0xdb, 0xde, 0xdb, 0xde, 0x5c, 0xef,
    0x7c, 0xf7, 0xbd, 0xff, 0x9d, 0xff, 0x9d, 0xff, 0x99, 0xde, 0xd1, 0xb3,
    0x73, 0xc4, 0x94, 0xcc, 0xb4, 0xcc, 0x32, 0xbc, 0x50, 0xa3, 0xaf, 0x93,
    0x6d, 0x73, 0xae, 0x7b, 0x71, 0x94, 0x54, 0xb5, 0x38, 0xce, 0xda, 0xde,
    0x5c, 0xf7, 0xbd, 0xff, 0xbe, 0xff, 0xde, 0xff, 0xbd, 0xff, 0x9d, 0xff,
    0x5d, 0xf7, 0x95, 0xd5, 0x13, 0xc5, 0xbd, 0xff, 0x7d, 0xff, 0x7c, 0xff,
    0x9c, 0xf7, 0x9c, 0xf7, 0x9c, 0xf7, 0x9c, 0xf7, 0x9c, 0xff, 0x9d, 0xf7,
    0x7c, 0xff, 0x7d, 0xff, 0x7d, 0xff, 0x7c, 0xff, 0x7c, 0xf7, 0x7d, 0xff,
    0x7c, 0xff, 0x7d, 0xf7, 0x7c, 0xff, 0x7c, 0xff, 0x7c, 0xf7, 0x7d, 0xff,
    0x7d, 0xff, 0x7d, 0xf7, 0x7c, 0xff, 0x5d, 0xf7, 0x7d, 0xf7, 0x5c, 0xf7,
    0x7c, 0xf7, 0x7d, 0xff, 0x7d, 0xf7, 0x5c, 0xf7, 0x5c, 0xf7, 0x5d, 0xf7,
    0x5d, 0xff, 0x5c, 0xf7, 0x5d, 0xf7, 0x5d, 0xff, 0x5c, 0xf7, 0x5d, 0xf7,
    0x5d, 0xf7, 0x5c, 0xff, 0x5d, 0xf7, 0x5d, 0xf7, 0x5c, 0xf7, 0x5d, 0xff,
    0x5d, 0xf7, 0x5c, 0xf7, 0x5d, 0xf7, 0x5d, 0xf7, 0x5c, 0xf7, 0x5d, 0xf7,
    0x5d, 0xff, 0x5c, 0xf7, 0x5c, 0xf7, 0x5d, 0xf7, 0x5d, 0xff, 0x5c, 0xf7,
    0x5d, 0xf7, 0x3d, 0xf7, 0x3d, 0xf7, 0x5d, 0xf7, 0x3c, 0xf7, 0x5d, 0xf7,
    0x5d, 0xf7, 0x5c, 0xf7, 0x5d, 0xef, 0x5d, 0xf7, 0x5c, 0xf7, 0x5c, 0xef,
    0x5c, 0xf7, 0x5d, 0xef, 0x5d, 0xef, 0x5c, 0xef, 0x5d, 0xef, 0x5d, 0xef,
    0x5d, 0xf7, 0x5c, 0xef, 0x5c, 0xef, 0x5d, 0xf7, 0x5c, 0xf7, 0x5d, 0xef,
    0x5d, 0xf7, 0x5c, 0xf7, 0x5d, 0xf7, 0x3d, 0xef, 0x5c, 0xf7, 0x5c, 0xef,
    0x5d, 0xf7, 0x5c, 0xef, 0x3d, 0xf7, 0x5c, 0xf7, 0x5d, 0xef, 0x5d, 0xf7,
    0x7a, 0xce, 0xb5, 0x84, 0x3a, 0xbe, 0x7c, 0xf7, 0x7d, 0xf7, 0x5d, 0xf7,
    0x5d, 0xf7, 0x7d, 0xf7, 0x5d, 0xf7, 0x5d, 0xf7, 0x5d, 0xf7, 0x5c, 0xf7,
    0x5d, 0xf7, 0x5d, 0xf7, 0x3c, 0xf7, 0x5d, 0xf7, 0x5d, 0xf7, 0x5c, 0xf7,
    0x3d, 0xf7, 0x5d, 0xf7, 0x5d, 0xf7, 0x5c, 0xf7, 0x5d, 0xf7, 0x5c, 0xf7,
    0x5c, 0xf7, 0x3d, 0xf7, 0x5c, 0xf7, 0x5c, 0xf7, 0x5d, 0xf7, 0x5d, 0xf7,
    0x5c, 0xef, 0x5d, 0xf7, 0x5d, 0xf7, 0x5c, 0xef, 0x5c, 0xef, 0x7d, 0xf7,
    0x5d, 0xef, 0x5c, 0xf7, 0x5c, 0xef, 0x3d, 0xef, 0x7d, 0xf7, 0x5d, 0xf7,
    0x7a, 0xce, 0x18, 0xbe, 0x39, 0xce, 0x18, 0xbe, 0x18, 0xbe, 0x39, 0xc6,
    0x9a, 0xd6, 0xfb, 0xe6, 0x1c, 0xe7, 0x1c, 0xe7, 0x1c, 0xe7, 0xfb, 0xde,
    0x7a, 0xce, 0x18, 0xbe, 0xf8, 0xbd, 0xf8, 0xbd, 0xf8, 0xbd, 0xf8, 0xbd,
    0x7a, 0xce, 0xba, 0xd6, 0xba, 0xd6, 0xba, 0xd6, 0xbb, 0xde, 0xbb, 0xde,
    0xbb, 0xd6, 0xf8, 0xbd, 0xb7, 0xad, 0xb7, 0xad, 0xb7, 0xad, 0xd7, 0xb5,
    0x18, 0xbe, 0x18, 0xc6, 0x59, 0xce, 0xda, 0xe6, 0xf6, 0xcd, 0xf6, 0xcd,
    0xb6, 0xcd, 0x54, 0xbd, 0xf3, 0xac, 0x1c, 0xe7, 0xfb, 0xde, 0xd7, 0xb5,
    0x35, 0x9d, 0xf2, 0x7b, 0x2f, 0x63, 0x8d, 0x52, 0x89, 0x31, 0x2b, 0x4a,
    0x4e, 0x6b, 0x0a, 0x42, 0xd0, 0x7b, 0x7d, 0xf7, 0xdb, 0xde, 0xdb, 0xde,
    0xdb, 0xde, 0x9d, 0xf7, 0xbe, 0xf7, 0xbb, 0xd6, 0xd7, 0xbd, 0x97, 0xb5,
    0x77, 0xad, 0x36, 0xa5, 0xb5, 0x94, 0x55, 0x84, 0xb5, 0x8c, 0x11, 0xad,
    0xae, 0x73, 0x4f, 0x8c, 0xdb, 0xff, 0x19, 0xe7, 0xce, 0x8b, 0x6b, 0x52,
    0x4c, 0x4a, 0xcb, 0x5a, 0x2b, 0x4a, 0xb0, 0x83, 0x90, 0xa4, 0x10, 0x94,
    0xaf, 0x62, 0x8f, 0x5a, 0xf0, 0x62, 0x92, 0x6b, 0x31, 0x6b, 0x53, 0x7c,
    0xb4, 0x84, 0x93, 0x84, 0x17, 0x95, 0xb5, 0x8c, 0xd5, 0x8c, 0xb4, 0x8c,
    0x72, 0x84, 0x32, 0x7c, 0x11, 0x74, 0x11, 0x74, 0x12, 0x7c, 0x32, 0x7c,
    0x32, 0x7c, 0x32, 0x7c, 0x32, 0x7c, 0x32, 0x74, 0xb3, 0x8c, 0x49, 0x4a,
    0x29, 0x42, 0x4a, 0x4a, 0xf0, 0x7b, 0x31, 0x8c, 0x97, 0xad, 0x97, 0xad,
    0x98, 0xb5, 0x97, 0xad, 0xb7, 0xad, 0x97, 0xad, 0xd8, 0xb5, 0x8b, 0x52,
    0x29, 0x42, 0x08, 0x42, 0x08, 0x42, 0xe8, 0x39, 0x53, 0x7c, 0x6f, 0x63,
    0x2e, 0x5b, 0x0e, 0x5b, 0x0d, 0x5b, 0xed, 0x5a, 0xcd, 0x5a, 0xed, 0x5a,
    0xed, 0x52, 0xac, 0x52, 0xb6, 0xbd, 0x38, 0xce, 0xab, 0x52, 0xac, 0x52,
    0xac, 0x52, 0xac, 0x52, 0xcc, 0x52, 0x8d, 0x4a, 0x38, 0xbe, 0xb6, 0xb5,
    0xb3, 0x94, 0xb3, 0x94, 0x38, 0xc6, 0x3c, 0xef, 0xbd, 0xf7, 0x18, 0xc6,
    0x72, 0x8c, 0x93, 0x94, 0x72, 0x94, 0x92, 0x94, 0x92, 0x94, 0x72, 0x94,
    0xb2, 0x94, 0xf7, 0xcd, 0xf8, 0xd5, 0x59, 0xde, 0xfb, 0xe6, 0xfb, 0xde,
    0xdb, 0xde, 0xba, 0xde, 0xfb, 0xe6, 0x9c, 0xf7, 0x9d, 0xf7, 0x7c, 0xf7,
    0x1a, 0xe7, 0xd0, 0xb3, 0xd1, 0xbb, 0xf1, 0xbb, 0xf1, 0xbb, 0xd1, 0xbb,
    0xf1, 0xb3, 0x12, 0xbc, 0x7d, 0xf7, 0xbe, 0xff, 0xde, 0xff, 0xde, 0xff,
    0xbd, 0xff, 0xbd, 0xff, 0x9d, 0xff, 0x9d, 0xff, 0x9d, 0xff, 0x9d, 0xff,
    0x9c, 0xff, 0x9d, 0xff, 0x9d, 0xff, 0x18, 0xd6, 0xda, 0xe6, 0x9d, 0xff,
    0x7c, 0xff, 0x7d, 0xff, 0x7d, 0xff, 0x7d, 0xff, 0x9d, 0xf7, 0x9d, 0xff,
    0x9c, 0xf7, 0x9d, 0xf7, 0x7c, 0xff, 0x7c, 0xff, 0x9d, 0xf7, 0x7c, 0xf7,
    0x7c, 0xff, 0x7d, 0xf7, 0x7c, 0xff, 0x7c, 0xff, 0x7d, 0xff, 0x7c, 0xf7,
    0x7c, 0xff, 0x7c, 0xf7, 0x7c, 0xf7, 0x7d, 0xff, 0x5c, 0xf7, 0x7c, 0xff,
    0x5c, 0xf7, 0x5c, 0xff, 0x5d, 0xf7, 0x7d, 0xff, 0x5c, 0xf7, 0x5d, 0xf7,
    0x5c, 0xff, 0x5d, 0xf7, 0x5d, 0xf7, 0x5c, 0xff, 0x7d, 0xf7, 0x5d, 0xf7,
    0x5c, 0xf7, 0x5d, 0xf7, 0x5d, 0xff, 0x5d, 0xf7, 0x5d, 0xf7, 0x5d, 0xf7,
    0x5c, 0xf7, 0x5d, 0xf7, 0x5d, 0xff, 0x5c, 0xf7, 0x5d, 0xff, 0x5d, 0xf7,
    0x5d, 0xf7, 0x5d, 0xf7, 0x5d, 0xf7, 0x5d, 0xf7, 0x5d, 0xf7, 0x3d, 0xf7,
    0x5c, 0xf7, 0x5d, 0xf7, 0x5d, 0xf7, 0x3c, 0xf7, 0x3c, 0xf7, 0x5d, 0xf7,
    0x3d, 0xf7, 0x5c, 0xf7, 0x5d, 0xef, 0x5d, 0xf7, 0x5c, 0xf7, 0x5d, 0xf7,
    0x5d, 0xef, 0x5d, 0xef, 0x5c, 0xf7, 0x5d, 0xf7, 0x5d, 0xf7, 0xdb, 0xe6,
    0x5d, 0xef, 0x7d, 0xf7, 0x79, 0xd6, 0x1c, 0xe7, 0x5d, 0xf7, 0x5d, 0xef,
    0x5d, 0xf7, 0x5c, 0xef, 0x5d, 0xf7, 0x5d, 0xf7, 0x5d, 0xef, 0x5c, 0xf7,
    0x5c, 0xef, 0x3d, 0xf7, 0x5c, 0xef, 0x5c, 0xef, 0x5d, 0xef, 0x5c, 0xf7,
    0x5d, 0xf7, 0x7d, 0xf7, 0x95, 0x84, 0xda, 0xa5, 0x1a, 0xb6, 0x7d, 0xf7,
    0x7c, 0xf7, 0x7c, 0xf7, 0x7d, 0xf7, 0x5c, 0xef, 0x5c, 0xf7, 0x5d, 0xf7,
    0x5d, 0xf7, 0x5c, 0xf7, 0x5d, 0xf7, 0x5c, 0xf7, 0x3d, 0xf7, 0x5d, 0xf7,
    0x5c, 0xf7, 0x3c, 0xf7, 0x5d, 0xf7, 0x5c, 0xf7, 0x3d, 0xf7, 0x5d, 0xf7,
    0x3d, 0xf7, 0x5d, 0xf7, 0x5d, 0xf7, 0x5d, 0xf7, 0x5d, 0xf7, 0x5c, 0xf7,
    0x5d, 0xf7, 0x5d, 0xf7, 0x5c, 0xef, 0x5c, 0xf7, 0x5d, 0xf7, 0x5d, 0xef,
    0x5c, 0xef, 0x5c, 0xef, 0x3c, 0xef, 0x3c, 0xe7, 0x1c, 0xe7, 0xbb, 0xde,
    0x79, 0xce, 0x1c, 0xe7, 0x59, 0xce, 0x39, 0xbe, 0x19, 0xbe, 0xf8, 0xbd,
    0x18, 0xbe, 0x19, 0xbe, 0x18, 0xbe, 0x19, 0xc6, 0x7a, 0xce, 0xdb, 0xd6,
    0xfb, 0xde, 0x1c, 0xe7, 0x1c, 0xe7, 0x9b, 0xd6, 0x19, 0xbe, 0xf8, 0xbd,
    0xf8, 0xbd, 0xf8, 0xb5, 0xd8, 0xb5, 0xf8, 0xb5, 0x19, 0xc6, 0x39, 0xc6,
    0x59, 0xc6, 0xbb, 0xde, 0x79, 0xce, 0xf8, 0xbd, 0xd7, 0xb5, 0xb7, 0xad,
    0x96, 0xa5, 0x97, 0xa5, 0xd7, 0xad, 0xf8, 0xbd, 0x38, 0xce, 0x58, 0xde,
    0xf7, 0xcd, 0xf6, 0xcd, 0xb5, 0xc5, 0x34, 0xbd, 0xf3, 0xac, 0x1c, 0xe7,
    0x79, 0xce, 0xb7, 0xad, 0xd8, 0xb5, 0xb8, 0xad, 0x92, 0x73, 0x8e, 0x52,
    0x8d, 0x52, 0x8a, 0x39, 0xec, 0x41, 0xaa, 0x39, 0x59, 0xce, 0xfb, 0xe6,
    0xdb, 0xde, 0xda, 0xde, 0x7d, 0xf7, 0x9e, 0xf7, 0x3c, 0xe7, 0xfc, 0xde,
    0x7a, 0xce, 0xf8, 0xbd, 0x97, 0xad, 0x36, 0xa5, 0xd5, 0x94, 0x75, 0x84,
    0x54, 0x84, 0x10, 0x7c, 0xd1, 0x73, 0x50, 0x6b, 0x75, 0xb5, 0x9a, 0xf7,
    0xce, 0x83, 0x0c, 0x42, 0x0d, 0x42, 0x8c, 0x39, 0x6b, 0x31, 0x50, 0x73,
    0xef, 0x6a, 0x4f, 0x52, 0x6f, 0x5a, 0x10, 0x63, 0x8f, 0x52, 0x92, 0x73,
    0x72, 0x73, 0xb1, 0x6b, 0xd4, 0x8c, 0xb4, 0x84, 0xb5, 0x8c, 0xf6, 0x94,
    0x94, 0x84, 0x93, 0x84, 0x52, 0x7c, 0x11, 0x74, 0x11, 0x74, 0x12, 0x74,
    0x52, 0x7c, 0x32, 0x7c, 0x31, 0x74, 0x32, 0x74, 0x32, 0x7c, 0x31, 0x74,
    0x93, 0x8c, 0x49, 0x4a, 0x29, 0x42, 0x8e, 0x73, 0x51, 0x8c, 0x51, 0x8c,
    0x98, 0xad, 0x97, 0xad, 0x98, 0xad, 0x98, 0xad, 0x77, 0xad, 0xd5, 0x8c,
    0xd4, 0x94, 0xe8, 0x39, 0x09, 0x42, 0x08, 0x42, 0x08, 0x42, 0xe8, 0x39,
    0x94, 0x84, 0xb0, 0x6b, 0x0e, 0x63, 0x0d, 0x5b, 0x0d, 0x5b, 0xed, 0x5a,
    0xcd, 0x5a, 0xcc, 0x5a, 0xcc, 0x52, 0x4e, 0x6b, 0x37, 0xce, 0x75, 0xb5,
    0x2a, 0x42, 0x8b, 0x52, 0xac, 0x52, 0xac, 0x52, 0xcc, 0x52, 0x8c, 0x42,
    0x9a, 0xce, 0xfb, 0xde, 0x14, 0xa5, 0xb3, 0x94, 0xfb, 0xde, 0xda, 0xde,
    0xda, 0xde, 0x31, 0x84, 0x72, 0x8c, 0x79, 0xce, 0x79, 0xce, 0xd7, 0xbd,
    0xb3, 0x94, 0x51, 0x8c, 0x72, 0x94, 0x51, 0x8c, 0x14, 0xa5, 0x1c, 0xe7,
    0xfb, 0xe6, 0xfb, 0xde, 0xda, 0xde, 0xba, 0xd6, 0x9a, 0xd6, 0xda, 0xd6,
    0xfa, 0xde, 0x3c, 0xe7, 0x58, 0xce, 0x73, 0xc4, 0x12, 0xbc, 0xf1, 0xbb,
    0xd1, 0xbb, 0x14, 0xc5, 0x73, 0xbc, 0xf4, 0xc4, 0x9d, 0xff, 0x9d, 0xff,
    0x9d, 0xff, 0x9d, 0xff, 0x9d, 0xff, 0x9d, 0xff, 0x9d, 0xff, 0x9c, 0xff,
    0x9d, 0xff, 0x9c, 0xff, 0x9c, 0xff, 0x9d, 0xff, 0x7c, 0xf7, 0x9c, 0xff,
    0x7d, 0xff, 0x7c, 0xff, 0x7c, 0xf7, 0x7c, 0xf7, 0x7c, 0xff, 0x7c, 0xf7,
    0x7c, 0xf7, 0x7c, 0xf7, 0x9d, 0xff, 0x9d, 0xf7, 0x9c, 0xff, 0x7d, 0xff,
    0x9c, 0xf7, 0x7c, 0xf7, 0x7d, 0xff, 0x7c, 0xff, 0x7c, 0xf7, 0x7d, 0xff,
    0x7c, 0xf7, 0x7d, 0xff, 0x7c, 0xf7, 0x7c, 0xff, 0x7c, 0xf7, 0x5d, 0xff,
    0x7d, 0xff, 0x7c, 0xf7, 0x7c, 0xff, 0x7c, 0xf7, 0x5d, 0xff, 0x7c, 0xf7,
    0x5c, 0xf7, 0x5d, 0xf7, 0x7c, 0xff, 0x7c, 0xf7, 0x5c, 0xf7, 0x5d, 0xf7,
    0x5c, 0xf7, 0x5d, 0xff, 0x5d, 0xf7, 0x5d, 0xf7, 0x5c, 0xf7, 0x5d, 0xf7,
    0x5d, 0xff, 0x5c, 0xf7, 0x5d, 0xf7, 0x5d, 0xff, 0x5d, 0xf7, 0x5d, 0xf7,
    0x5d, 0xff, 0x5d, 0xf7, 0x5d, 0xff, 0x5d, 0xff, 0x5d, 0xf7, 0x5d, 0xf7,
    0x5d, 0xff, 0x5d, 0xf7, 0x3d, 0xf7, 0x5d, 0xf7, 0x5d, 0xff, 0x5d, 0xf7,
    0x5d, 0xf7, 0x3c, 0xf7, 0x5d, 0xf7, 0x5c, 0xf7, 0x5d, 0xef, 0x5d, 0xf7,
    0x5c, 0xef, 0x5c, 0xf7, 0x5d, 0xef, 0x5d, 0xf7, 0x5d, 0xef, 0x5d, 0xef,
    0x5d, 0xf7, 0xfc, 0xe6, 0xba, 0xde, 0x79, 0xd6, 0x7d, 0xf7, 0x5d, 0xef,
    0x5d, 0xf7, 0x5d, 0xef, 0x5c, 0xef, 0x5d, 0xf7, 0x5c, 0xf7, 0x5d, 0xef,
    0x5d, 0xf7, 0x5c, 0xef, 0x5c, 0xf7, 0x3d, 0xf7, 0x5c, 0xef, 0x5c, 0xf7,
    0x3d, 0xf7, 0x5d, 0xef, 0x7d, 0xf7, 0x3a, 0xc6, 0x58, 0x95, 0xda, 0xad,
    0x3a, 0xb6, 0x1c, 0xe7, 0x9b, 0xd6, 0x1a, 0xbe, 0xda, 0xde, 0x7d, 0xf7,
    0x5d, 0xef, 0x7c, 0xf7, 0x5d, 0xf7, 0x5d, 0xf7, 0x5c, 0xf7, 0x5d, 0xf7,
    0x5d, 0xf7, 0x5c, 0xf7, 0x5d, 0xf7, 0x5d, 0xf7, 0x5c, 0xf7, 0x5d, 0xf7,
    0x5c, 0xf7, 0x5c, 0xf7, 0x5d, 0xf7, 0x5c, 0xf7, 0x5c, 0xf7, 0x5d, 0xf7,
    0x5d, 0xf7, 0x5d, 0xf7, 0x5c, 0xf7, 0x5c, 0xef, 0x5d, 0xf7, 0x5c, 0xef,
    0x5c, 0xf7, 0x5c, 0xf7, 0x5d, 0xef, 0x5c, 0xef, 0x3c, 0xef, 0xfc, 0xe6,
    0x1c, 0xe7, 0xba, 0xd6, 0x59, 0xce, 0x39, 0xc6, 0x19, 0xc6, 0x18, 0xbe,
    0xf8, 0xbd, 0x18, 0xc6, 0xf8, 0xbd, 0xf8, 0xbd, 0x18, 0xbe, 0xf8, 0xbd,
    0xf8, 0xbd, 0x18, 0xbe, 0x59, 0xc6, 0xbb, 0xd6, 0xfb, 0xde, 0xfc, 0xe6,
    0x9b, 0xce, 0x18, 0xc6, 0x18, 0xbe, 0xf8, 0xb5, 0xb7, 0xad, 0x97, 0xad,
    0xf8, 0xb5, 0x18, 0xc6, 0x39, 0xc6, 0xba, 0xd6, 0xba, 0xd6, 0x18, 0xbe,
    0x18, 0xbe, 0xd8, 0xad, 0x96, 0xa5, 0x76, 0xa5, 0x76, 0xa5, 0x75, 0xa5,
    0xb9, 0xde, 0xf7, 0xcd, 0xf6, 0xcd, 0xd6, 0xcd, 0x95, 0xc5, 0x34, 0xb5,
    0x14, 0xa5, 0x9a, 0xce, 0xfc, 0xde, 0x7e, 0xef, 0x7f, 0xe7, 0x5b, 0xbe,
    0xd6, 0x8c, 0x8a, 0x31, 0x51, 0x6b, 0x6a, 0x31, 0xcb, 0x41, 0x0b, 0x4a,
    0xf7, 0xc5, 0xfb, 0xe6, 0x55, 0xad, 0x5d, 0xef, 0x7d, 0xef, 0x3c, 0xe7,
    0xfb, 0xde, 0xdb, 0xde, 0xdb, 0xd6, 0x7a, 0xce, 0x77, 0xad, 0x16, 0x9d,
    0xd5, 0x94, 0xf6, 0x94, 0xf4, 0x73, 0x15, 0x74, 0x36, 0x7c, 0x97, 0x8c,
    0xf5, 0x83, 0x53, 0x8c, 0xcf, 0x5a, 0xed, 0x39, 0x6b, 0x29, 0xcd, 0x39,
    0xcc, 0x39, 0x2f, 0x4a, 0x0e, 0x4a, 0x0e, 0x4a, 0x6f, 0x52, 0x51, 0x73,
    0x8f, 0x5a, 0x72, 0x73, 0x92, 0x73, 0x30, 0x63, 0xd4, 0x8c, 0xb4, 0x84,
    0x93, 0x84, 0x17, 0x95, 0x53, 0x7c, 0x52, 0x7c, 0x11, 0x74, 0x11, 0x74,
    0x11, 0x74, 0x52, 0x7c, 0x52, 0x7c, 0x11, 0x7c, 0x11, 0x74, 0x11, 0x74,
    0x11, 0x74, 0x11, 0x74, 0x93, 0x8c, 0x6a, 0x4a, 0xec, 0x5a, 0x31, 0x84,
    0x51, 0x8c, 0x31, 0x8c, 0x97, 0xad, 0x77, 0xad, 0xb8, 0xad, 0x57, 0xa5,
    0x94, 0x84, 0x74, 0x7c, 0xd4, 0x9c, 0xe8, 0x39, 0x08, 0x42, 0x08, 0x42,
    0x08, 0x42, 0xe8, 0x39, 0x94, 0x84, 0xb1, 0x6b, 0x0e, 0x5b, 0x0e, 0x63,
    0x0d, 0x5b, 0xed, 0x5a, 0xed, 0x5a, 0xcc, 0x5a, 0x8b, 0x4a, 0x14, 0xa5,
    0x38, 0xce, 0xef, 0x7b, 0x6b, 0x4a, 0x8b, 0x4a, 0xab, 0x4a, 0xac, 0x52,
    0xac, 0x52, 0x8c, 0x42, 0xf7, 0xbd, 0x38, 0xc6, 0xf4, 0xa4, 0x92, 0x94,
    0x1b, 0xe7, 0xfb, 0xde, 0x59, 0xce, 0x52, 0x8c, 0x71, 0x8c, 0x59, 0xce,
    0x1b, 0xe7, 0xbe, 0xf7, 0xbe, 0xff, 0x1c, 0xe7, 0xb7, 0xbd, 0x14, 0xa5,
    0x51, 0x8c, 0x14, 0xa5, 0x3c, 0xe7, 0xdb, 0xde, 0xba, 0xd6, 0x9a, 0xd6,
    0xba, 0xd6, 0x9a, 0xd6, 0xda, 0xde, 0xb2, 0x9c, 0xcf, 0x7b, 0x53, 0xbc,
    0x73, 0xc4, 0x32, 0xbc, 0xb7, 0xd5, 0x5d, 0xef, 0x3c, 0xef, 0x5c, 0xef,
    0x7c, 0xf7, 0x9d, 0xff, 0x9d, 0xff, 0x9c, 0xff, 0x9d, 0xff, 0x9c, 0xff,
    0x9d, 0xff, 0x9c, 0xff, 0x9c, 0xff, 0x7c, 0xff, 0x7c, 0xf7, 0x9c, 0xff,
    0x9c, 0xff, 0x7d, 0xf7, 0x7c, 0xff, 0x7c, 0xff, 0x7d, 0xf7, 0x7d, 0xff,
    0x7c, 0xff, 0x7c, 0xf7, 0x9d, 0xf7, 0x7c, 0xf7, 0x7c, 0xf7, 0x7c, 0xf7,
    0x9d, 0xff, 0x7d, 0xff, 0x7c, 0xff, 0x7c, 0xf7, 0x9c, 0xf7, 0x7c, 0xf7,
    0x7c, 0xf7, 0x7c, 0xf7, 0x7c, 0xff, 0x7c, 0xf7, 0x7d, 0xff, 0x5c, 0xff,
    0x7c, 0xf7, 0x7c, 0xf7, 0x7c, 0xff, 0x7c, 0xf7, 0x7c, 0xff, 0x5c, 0xf7,
    0x7c, 0xf7, 0x5c, 0xff, 0x5c, 0xf7, 0x5d, 0xf7, 0x5d, 0xf7, 0x5c, 0xf7,
    0x7d, 0xff, 0x5c, 0xf7, 0x5c, 0xf7, 0x5c, 0xf7, 0x5c, 0xf7, 0x5c, 0xf7,
    0x5d, 0xff, 0x5d, 0xf7, 0x5c, 0xf7, 0x5d, 0xff, 0x5d, 0xf7, 0x5c, 0xf7,
    0x5d, 0xf7, 0x5d, 0xf7, 0x5d, 0xf7, 0x5c, 0xf7, 0x5d, 0xf7, 0x5d, 0xf7,
    0x5c, 0xf7, 0x5d, 0xff, 0x5d, 0xf7, 0x5d, 0xf7, 0x5c, 0xf7, 0x3d, 0xf7,
    0x5d, 0xf7, 0x5d, 0xf7, 0x5d, 0xf7, 0x5c, 0xf7, 0x5d, 0xf7, 0x5d, 0xf7,
    0x5c, 0xf7, 0x5d, 0xef, 0x5d, 0xf7, 0x5c, 0xef, 0x5d, 0xf7, 0x5c, 0xf7,
    0x5c, 0xef, 0x5d, 0xf7, 0x5d, 0xf7, 0x5d, 0xf7, 0x7d, 0xf7, 0x7d, 0xf7,
    0x5d, 0xef, 0x5d, 0xf7, 0x5c, 0xef, 0x5c, 0xf7, 0x5d, 0xef, 0x5d, 0xf7,
    0x5c, 0xef, 0x5c, 0xef, 0x5d, 0xf7, 0x3d, 0xef, 0x5c, 0xef, 0x5d, 0xf7,
    0x5d, 0xef, 0x3c, 0xf7, 0x5d, 0xef, 0x7d, 0xf7, 0x19, 0xbe, 0xd6, 0x84,
    0x78, 0x9d, 0xba, 0x9d, 0x79, 0x95, 0xfb, 0xb5, 0x17, 0x95, 0x16, 0x9d,
    0x3c, 0xef, 0x7d, 0xf7, 0x5d, 0xf7, 0x5c, 0xf7, 0x7d, 0xef, 0x5d, 0xf7,
    0x5c, 0xf7, 0x5d, 0xf7, 0x5c, 0xf7, 0x5d, 0xf7, 0x5d, 0xf7, 0x5d, 0xf7,
    0x5c, 0xf7, 0x5d, 0xf7, 0x5d, 0xf7, 0x5c, 0xf7, 0x5d, 0xf7, 0x5d, 0xf7,
    0x5c, 0xf7, 0x5c, 0xf7, 0x5d, 0xef, 0x5d, 0xf7, 0x5c, 0xf7, 0x5d, 0xef,
    0x5c, 0xef, 0x5d, 0xf7, 0x5d, 0xef, 0x3c, 0xef, 0x1c, 0xe7, 0xdb, 0xde,
    0xdb, 0xde, 0xfb, 0xde, 0xfb, 0xde, 0x7a, 0xce, 0x5a, 0xce, 0x39, 0xc6,
    0x18, 0xc6, 0x18, 0xbe, 0xf8, 0xbd, 0x18, 0xbe, 0x18, 0xbe, 0xf9, 0xbd,
    0x18, 0xbe, 0xf8, 0xbd, 0xf8, 0xbd, 0x18, 0xbe, 0xf8, 0xbd, 0xf8, 0xbd,
    0x59, 0xc6, 0xdb, 0xde, 0xdb, 0xde, 0x39, 0xc6, 0xf8, 0xb5, 0xd7, 0xb5,
    0x96, 0xa5, 0x96, 0xa5, 0xd7, 0xad, 0xf8, 0xb5, 0x18, 0xbe, 0x39, 0xc6,
    0x5a, 0xce, 0x59, 0xce, 0x9a, 0xce, 0x38, 0xbe, 0x97, 0xa5, 0x76, 0xa5,
    0x76, 0xa5, 0x96, 0xb5, 0x78, 0xde, 0xf6, 0xd5, 0xf6, 0xcd, 0xd6, 0xcd,
    0x75, 0xbd, 0x33, 0xb5, 0xf4, 0xa4, 0xdf, 0xff, 0x5d, 0xe7, 0x9c, 0xc6,
    0x7b, 0xbe, 0x78, 0x9d, 0xb1, 0x6b, 0x8d, 0x5a, 0x11, 0x6b, 0xab, 0x39,
    0xeb, 0x41, 0xef, 0x5a, 0x52, 0x8c, 0xaf, 0x7b, 0x15, 0xa5, 0x3c, 0xe7,
    0x5d, 0xef, 0x1c, 0xe7, 0xfb, 0xde, 0xfb, 0xde, 0xdb, 0xd6, 0xbb, 0xce,
    0x57, 0xa5, 0xf6, 0x9c, 0xd5, 0x94, 0x56, 0x9d, 0xf5, 0x7b, 0xb4, 0x6b,
    0x33, 0x63, 0x54, 0x63, 0x74, 0x6b, 0x12, 0x63, 0x2e, 0x42, 0x0e, 0x42,
    0x70, 0x4a, 0x4f, 0x42, 0xd0, 0x52, 0x90, 0x52, 0xcd, 0x41, 0x0e, 0x4a,
    0x8e, 0x5a, 0x71, 0x73, 0x30, 0x6b, 0x11, 0x63, 0x93, 0x73, 0x72, 0x6b,
    0x53, 0x84, 0x94, 0x84, 0x93, 0x7c, 0x17, 0x95, 0x54, 0x7c, 0x32, 0x7c,
    0x11, 0x74, 0x11, 0x74, 0x32, 0x7c, 0x52, 0x7c, 0x52, 0x7c, 0x11, 0x7c,
    0x11, 0x74, 0xf1, 0x73, 0xf1, 0x73, 0xd0, 0x73, 0x72, 0x8c, 0x6a, 0x52,
    0xaf, 0x73, 0x31, 0x8c, 0x51, 0x8c, 0x51, 0x8c, 0x97, 0xad, 0x97, 0xad,
    0x36, 0x9d, 0x74, 0x84, 0x74, 0x7c, 0x74, 0x7c, 0xd3, 0x94, 0xe8, 0x39,
    0x09, 0x42, 0x08, 0x42, 0x08, 0x42, 0xe8, 0x39, 0x74, 0x7c, 0x70, 0x63,
    0x0e, 0x5b, 0x0d, 0x5b, 0xed, 0x5a, 0xed, 0x5a, 0xcd, 0x5a, 0xcc, 0x52,
    0xec, 0x5a, 0x18, 0xce, 0x18, 0xce, 0x6a, 0x4a, 0x8b, 0x4a, 0x8b, 0x52,
    0xab, 0x4a, 0xac, 0x52, 0xab, 0x52, 0x8c, 0x42, 0xd2, 0x9c, 0xb2, 0x94,
    0x72, 0x8c, 0x51, 0x8c, 0xba, 0xde, 0x1b, 0xe7, 0x58, 0xce, 0x51, 0x8c,
    0x51, 0x8c, 0x38, 0xc6, 0xdb, 0xde, 0x1c, 0xe7, 0x7d, 0xef, 0x3c, 0xe7,
    0xdb, 0xde, 0x7d, 0xef, 0xf3, 0x9c, 0x30, 0x84, 0xf8, 0xc5, 0x3c, 0xe7,
    0xda, 0xd6, 0xf7, 0xbd, 0xb6, 0xb5, 0x96, 0xb5, 0xcf, 0x7b, 0x6e, 0x6b,
    0x6d, 0x6b, 0xd4, 0xc4, 0x73, 0xcc, 0x53, 0xbc, 0x18, 0xd6, 0xfb, 0xe6,
    0xfb, 0xe6, 0x1b, 0xe7, 0x9d, 0xff, 0x9c, 0xff, 0x9c, 0xff, 0x9c, 0xff,
    0x9c, 0xff, 0x9d, 0xff, 0x9c, 0xff, 0x9c, 0xff, 0x9d, 0xff, 0x7d, 0xf7,
    0x9d, 0xff, 0x7c, 0xff, 0x7c, 0xf7, 0x7c, 0xff, 0x7c, 0xf7, 0x7c, 0xff,
    0x7c, 0xff, 0x7c, 0xf7, 0x7d, 0xff, 0x7d, 0xff, 0x9c, 0xf7, 0x7c, 0xf7,
    0xfa, 0xe6, 0x9c, 0xf7, 0x7c, 0xf7, 0x7c, 0xf7, 0x7d, 0xff, 0x7c, 0xf7,
    0x7d, 0xf7, 0x7c, 0xf7, 0x7d, 0xff, 0x7c, 0xf7, 0x7c, 0xf7, 0x7c, 0xf7,
    0x7c, 0xf7, 0x7d, 0xf7, 0x5c, 0xff, 0x7c, 0xf7, 0x7c, 0xf7, 0x7d, 0xf7,
    0x7c, 0xf7, 0x7c, 0xf7, 0x5c, 0xff, 0x7c, 0xf7, 0x5c, 0xf7, 0x7d, 0xf7,
    0x5c, 0xf7, 0x5d, 0xf7, 0x5d, 0xf7, 0x5c, 0xf7, 0x5d, 0xf7, 0x5c, 0xf7,
    0x5c, 0xf7, 0x5c, 0xf7, 0x5d, 0xff, 0x5d, 0xf7, 0x5c, 0xf7, 0x5d, 0xf7,
    0x5d, 0xff, 0x5d, 0xf7, 0x5c, 0xf7, 0x5d, 0xff, 0x5d, 0xf7, 0x5d, 0xf7,
    0x5d, 0xf7, 0x5d, 0xf7, 0x5d, 0xff, 0x5d, 0xf7, 0x5d, 0xf7, 0x5d, 0xff,
    0x5d, 0xff, 0x5d, 0xf7, 0x5c, 0xf7, 0x5c, 0xf7, 0x5d, 0xf7, 0x5d, 0xf7,
    0x5c, 0xef, 0x5d, 0xef, 0x5c, 0xf7, 0x5d, 0xf7, 0x5d, 0xf7, 0x5d, 0xef,
    0x5d, 0xef, 0x5d, 0xf7, 0x5d, 0xf7, 0x5d, 0xef, 0x5d, 0xf7, 0x7d, 0xef,
    0x5d, 0xef, 0x5d, 0xef, 0x5d, 0xef, 0x5c, 0xef, 0x5c, 0xef, 0x5d, 0xef,
    0x5d, 0xf7, 0x5c, 0xef, 0x5d, 0xf7, 0x5c, 0xf7, 0x5c, 0xef, 0x5d, 0xf7,
    0x5c, 0xf7, 0x5c, 0xef, 0x5d, 0xf7, 0x5d, 0xef, 0x5c, 0xf7, 0x5d, 0xef,
    0x13, 0x74, 0xfa, 0xad, 0xfb, 0xad, 0xf9, 0x84, 0x5c, 0xbe, 0x57, 0x9d,
    0x1c, 0xe7, 0x9d, 0xff, 0x7d, 0xf7, 0x5d, 0xf7, 0x5c, 0xf7, 0x5d, 0xf7,
    0x5c, 0xef, 0x5d, 0xf7, 0x7d, 0xf7, 0x5c, 0xef, 0x5d, 0xf7, 0x5c, 0xf7,
    0x5d, 0xf7, 0x5c, 0xf7, 0x5d, 0xf7, 0x5d, 0xf7, 0x5d, 0xf7, 0x5c, 0xf7,
    0x5d, 0xf7, 0x5d, 0xf7, 0x5d, 0xf7, 0x7d, 0xef, 0x5c, 0xf7, 0x7d, 0xf7,
    0x5c, 0xef, 0x5d, 0xf7, 0x5d, 0xf7, 0x5c, 0xef, 0x5c, 0xef, 0x5c, 0xef,
    0xfc, 0xe6, 0xdb, 0xde, 0x7a, 0xce, 0x5a, 0xce, 0x79, 0xce, 0x59, 0xce,
    0x59, 0xc6, 0x39, 0xc6, 0x19, 0xbe, 0x19, 0xbe, 0xf8, 0xbd, 0xf8, 0xbd,
    0x18, 0xbe, 0x18, 0xc6, 0xf8, 0xbd, 0xf8, 0xbd, 0xf8, 0xbd, 0xf8, 0xbd,
    0x19, 0xbe, 0xf8, 0xbd, 0x19, 0xbe, 0x18, 0xbe, 0x9a, 0xce, 0x39, 0xc6,
    0xb7, 0xad, 0x97, 0xad, 0x96, 0xa5, 0x96, 0x9d, 0x96, 0xa5, 0xd7, 0xad,
    0xf8, 0xb5, 0x18, 0xc6, 0x59, 0xc6, 0x9a, 0xd6, 0x1c, 0xe7, 0x99, 0xce,
    0xb7, 0xad, 0x76, 0x9d, 0x55, 0x9d, 0x58, 0xd6, 0x17, 0xd6, 0xf7, 0xcd,
    0xd6, 0xcd, 0xb5, 0xcd, 0x74, 0xbd, 0xf3, 0xb4, 0xb2, 0xa4, 0x56, 0xa5,
    0xbc, 0xc6, 0x3b, 0xb6, 0x38, 0x95, 0x5b, 0xb6, 0x2b, 0x42, 0x2c, 0x4a,
    0xcf, 0x62, 0x0d, 0x4a, 0xcc, 0x41, 0x71, 0x73, 0xea, 0x41, 0x88, 0x31,
    0x59, 0xc6, 0x1c, 0xe7, 0x5d, 0xef, 0x1c, 0xe7, 0xfb, 0xde, 0xdb, 0xd6,
    0xdb, 0xd6, 0x9a, 0xc6, 0xd9, 0xb5, 0x16, 0x9d, 0xd5, 0x94, 0xf6, 0x94,
    0x76, 0x8c, 0xf3, 0x5a, 0x90, 0x4a, 0xab, 0x31, 0xed, 0x39, 0x6f, 0x4a,
    0x12, 0x5b, 0xee, 0x39, 0xee, 0x39, 0x4f, 0x42, 0x6f, 0x4a, 0x11, 0x5b,
    0xcd, 0x41, 0x0d, 0x4a, 0x8f, 0x52, 0x72, 0x73, 0x92, 0x73, 0xcf, 0x5a,
    0xb3, 0x7b, 0xb3, 0x7b, 0xb1, 0x6b, 0x94, 0x84, 0x94, 0x84, 0xd5, 0x84,
    0xb6, 0x8c, 0x73, 0x7c, 0x32, 0x7c, 0x32, 0x7c, 0x52, 0x7c, 0x73, 0x7c,
    0x52, 0x7c, 0x32, 0x7c, 0xf1, 0x73, 0xd0, 0x73, 0xd0, 0x73, 0xb0, 0x73,
    0x52, 0x8c, 0x8a, 0x52, 0xf0, 0x7b, 0x51, 0x8c, 0x51, 0x8c, 0x51, 0x8c,
    0x15, 0x9d, 0xf6, 0x94, 0x74, 0x84, 0x74, 0x7c, 0x94, 0x7c, 0x74, 0x7c,
    0x93, 0x94, 0xe8, 0x39, 0x08, 0x42, 0x09, 0x42, 0x09, 0x42, 0x09, 0x42,
    0x74, 0x84, 0x6f, 0x63, 0x0e, 0x5b, 0x0d, 0x63, 0xed, 0x5a, 0xed, 0x5a,
    0xcd, 0x5a, 0xac, 0x52, 0x51, 0x8c, 0x37, 0xce, 0xf3, 0xa4, 0x2a, 0x42,
    0x6b, 0x4a, 0x8b, 0x4a, 0x8b, 0x4a, 0x8b, 0x4a, 0xab, 0x4a, 0x8c, 0x42,
    0x55, 0xad, 0xb6, 0xbd, 0x72, 0x94, 0x31, 0x84, 0x34, 0xad, 0xb9, 0xd6,
    0x79, 0xce, 0x51, 0x8c, 0x51, 0x8c, 0xd7, 0xbd, 0xba, 0xd6, 0xba, 0xd6,
    0x9a, 0xd6, 0x58, 0xce, 0x1b, 0xe7, 0x5c, 0xe7, 0xdb, 0xde, 0x51, 0x8c,
    0x51, 0x8c, 0xb3, 0x94, 0xaf, 0x7b, 0x8e, 0x73, 0xaf, 0x7b, 0xcf, 0x7b,
    0x4d, 0x6b, 0x55, 0xad, 0x1b, 0xdf, 0x38, 0xce, 0xd7, 0xdd, 0x79, 0xde,
    0xdb, 0xde, 0xda, 0xde, 0xda, 0xe6, 0x5c, 0xef, 0x9c, 0xf7, 0x9d, 0xff,
    0x9d, 0xff, 0x9d, 0xff, 0x9d, 0xff, 0x9c, 0xf7, 0x7c, 0xff, 0x7d, 0xff,
    0x9c, 0xf7, 0x9c, 0xff, 0x7d, 0xff, 0x7c, 0xf7, 0x7c, 0xff, 0x7d, 0xff,
    0x9d, 0xf7, 0x7c, 0xff, 0x7c, 0xff, 0x9c, 0xf7, 0x7c, 0xff, 0x7c, 0xff,
    0x9d, 0xf7, 0x7c, 0xf7, 0x5c, 0xf7, 0x9d, 0xf7, 0x9c, 0xf7, 0x7c, 0xf7,
    0x9c, 0xf7, 0x7c, 0xf7, 0x7c, 0xf7, 0x7c, 0xf7, 0x7c, 0xf7, 0x7c, 0xf7,
    0x7c, 0xf7, 0x7c, 0xf7, 0x7c, 0xf7, 0x7c, 0xff, 0x5c, 0xf7, 0x7d, 0xff,
    0x7c, 0xff, 0x7c, 0xf7, 0x7c, 0xf7, 0x7c, 0xf7, 0x5c, 0xff, 0x7c, 0xf7,
    0x5c, 0xf7, 0x7d, 0xf7, 0x5c, 0xff, 0x5c, 0xf7, 0x5c, 0xf7, 0x5c, 0xf7,
    0x5d, 0xff, 0x5d, 0xf7, 0x5c, 0xf7, 0x5d, 0xf7, 0x5c, 0xf7, 0x7c, 0xf7,
    0x5d, 0xf7, 0x5c, 0xf7, 0x5d, 0xf7, 0x5d, 0xff, 0x5d, 0xf7, 0x5c, 0xf7,
    0x5d, 0xff, 0x5d, 0xff, 0x5d, 0xf7, 0x5d, 0xf7, 0x3c, 0xf7, 0xfb, 0xfe,
    0x5d, 0xf7, 0x5d, 0xf7, 0x5d, 0xf7, 0x7d, 0xf7, 0x5d, 0xf7, 0x5d, 0xf7,
    0x5d, 0xf7, 0x5d, 0xf7, 0x5d, 0xf7, 0x5c, 0xef, 0x5d, 0xf7, 0x3c, 0xef,
    0x5c, 0xf7, 0x5c, 0xef, 0x5d, 0xef, 0x5d, 0xf7, 0x5d, 0xf7, 0x5c, 0xef,
    0x5d, 0xf7, 0x5d, 0xef, 0x5d, 0xef, 0x5d, 0xef, 0x5c, 0xef, 0x5c, 0xef,
    0x5c, 0xef, 0x5d, 0xef, 0x5c, 0xef, 0x5c, 0xef, 0x5d, 0xf7, 0x5d, 0xef,
    0x5c, 0xef, 0x5c, 0xf7, 0x5d, 0xef, 0x3c, 0xf7, 0x5d, 0xef, 0x5c, 0xf7,
    0x5d, 0xf7, 0x5d, 0xf7, 0xfc, 0xe6, 0x3a, 0xce, 0x1c, 0xdf, 0xda, 0xad,
    0x38, 0x95, 0x9e, 0xf7, 0x7d, 0xf7, 0x7d, 0xf7, 0x5d, 0xf7, 0x7d, 0xf7,
    0x5d, 0xef, 0x5d, 0xf7, 0x7c, 0xf7, 0x5d, 0xf7, 0x5d, 0xef, 0x7c, 0xf7,
    0x5c, 0xf7, 0x5d, 0xf7, 0x5d, 0xf7, 0x5c, 0xf7, 0x5d, 0xf7, 0x5c, 0xf7,
    0x5c, 0xf7, 0x5c, 0xef, 0x7c, 0xf7, 0x5d, 0xf7, 0x5c, 0xef, 0x5d, 0xf7,
    0x5d, 0xf7, 0x5c, 0xf7, 0x5c, 0xef, 0x5d, 0xf7, 0x5c, 0xf7, 0x5d, 0xef,
    0x5d, 0xf7, 0x5c, 0xef, 0x3c, 0xe7, 0xfb, 0xe6, 0x9a, 0xd6, 0x5a, 0xce,
    0x59, 0xce, 0x59, 0xce, 0x39, 0xc6, 0x39, 0xc6, 0xf8, 0xbd, 0x18, 0xbe,
    0x19, 0xc6, 0xf8, 0xbd, 0xf8, 0xbd, 0xf8, 0xbd, 0xf8, 0xbd, 0xf8, 0xbd,
    0xf8, 0xbd, 0xf8, 0xbd, 0x39, 0xc6, 0xbb, 0xd6, 0x19, 0xbe, 0xf8, 0xb5,
    0x19, 0xbe, 0x18, 0xbe, 0x97, 0xa5, 0x96, 0xa5, 0x76, 0xa5, 0x96, 0xa5,
    0x76, 0xa5, 0xb6, 0xa5, 0xf8, 0xb5, 0x39, 0xc6, 0x9a, 0xce, 0xfb, 0xde,
    0x1c, 0xe7, 0x79, 0xc6, 0xd7, 0xad, 0x76, 0xa5, 0x35, 0xa5, 0xba, 0xe6,
    0xf7, 0xd5, 0xf6, 0xcd, 0xd6, 0xcd, 0x95, 0xc5, 0x54, 0xbd, 0xf3, 0xac,
    0xf3, 0xb4, 0x36, 0xa5, 0x57, 0x95, 0xb9, 0xa5, 0x5b, 0xb6, 0xb9, 0xa5,
    0xca, 0x41, 0xcb, 0x41, 0x2c, 0x4a, 0x4e, 0x4a, 0xcc, 0x41, 0x91, 0x7b,
    0xeb, 0x41, 0x0a, 0x42, 0x7a, 0xce, 0xfb, 0xde, 0x5c, 0xe7, 0x1c, 0xe7,
    0xfc, 0xde, 0xbb, 0xd6, 0x5a, 0xbe, 0xf9, 0xb5, 0xf9, 0xb5, 0x1a, 0xbe,
    0x98, 0xad, 0xb3, 0x73, 0xd0, 0x5a, 0x91, 0x52, 0xcb, 0x31, 0xd3, 0x73,
    0x73, 0x63, 0x70, 0x42, 0x70, 0x4a, 0x70, 0x4a, 0xb1, 0x52, 0xb1, 0x52,
    0xf1, 0x5a, 0x70, 0x4a, 0xed, 0x41, 0xab, 0x39, 0x6d, 0x52, 0x72, 0x73,
    0x92, 0x73, 0xf0, 0x62, 0x92, 0x73, 0xd3, 0x7b, 0x71, 0x6b, 0x93, 0x84,
    0x93, 0x84, 0x74, 0x7c, 0xf6, 0x94, 0x93, 0x84, 0x73, 0x7c, 0x73, 0x7c,
    0x73, 0x84, 0x73, 0x7c, 0x73, 0x7c, 0x52, 0x7c, 0xf1, 0x73, 0xd0, 0x73,
    0xd0, 0x6b, 0xb0, 0x73, 0x31, 0x84, 0x8a, 0x52, 0xcf, 0x7b, 0x51, 0x8c,
    0x51, 0x84, 0x51, 0x8c, 0x94, 0x8c, 0xb1, 0x6b, 0x74, 0x84, 0x74, 0x7c,
    0x74, 0x7c, 0x74, 0x7c, 0x92, 0x94, 0xe8, 0x39, 0x09, 0x42, 0x09, 0x42,
    0x09, 0x42, 0x08, 0x42, 0x74, 0x84, 0x90, 0x63, 0x0e, 0x63, 0x0e, 0x5b,
    0x0d, 0x5b, 0xed, 0x5a, 0xcc, 0x5a, 0x8b, 0x52, 0xd6, 0xc5, 0x37, 0xce,
    0xed, 0x5a, 0x6b, 0x4a, 0x8b, 0x4a, 0x8b, 0x52, 0x8b, 0x4a, 0x8b, 0x4a,
    0xab, 0x52, 0x8c, 0x42, 0xb3, 0x9c, 0x95, 0xb5, 0x72, 0x94, 0x31, 0x84,
    0xf3, 0xa4, 0x18, 0xce, 0x79, 0xce, 0x31, 0x84, 0x31, 0x8c, 0xb6, 0xb5,
    0xdb, 0xde, 0xba, 0xd6, 0xf8, 0xc5, 0x14, 0xa5, 0x55, 0xad, 0x71, 0x8c,
    0x10, 0x84, 0xf0, 0x7b, 0xcf, 0x7b, 0xcf, 0x7b, 0xf0, 0x83, 0xcf, 0x7b,
    0x6d, 0x73, 0x4d, 0x6b, 0xd7, 0xbd, 0xda, 0xd6, 0x9a, 0xd6, 0x9a, 0xd6,
    0x7c, 0xef, 0x3c, 0xef, 0xdb, 0xde, 0xda, 0xde, 0x3b, 0xef, 0x9d, 0xff,
    0x9c, 0xff, 0x9c, 0xff, 0x9d, 0xff, 0x7c, 0xf7, 0x7c, 0xff, 0x9c, 0xff,
    0x7d, 0xff, 0x7c, 0xff, 0x7c, 0xf7, 0x7c, 0xff, 0x7c, 0xff, 0x7c, 0xf7,
    0x9c, 0xff, 0x7c, 0xff, 0x7c, 0xf7, 0x9d, 0xff, 0x7c, 0xf7, 0x9d, 0xf7,
    0x9c, 0xf7, 0x7c, 0xf7, 0x7d, 0xf7, 0x9c, 0xf7, 0x7c, 0xf7, 0x7d, 0xf7,
    0x7c, 0xf7, 0x7c, 0xf7, 0x7c, 0xf7, 0x7c, 0xf7, 0x7c, 0xf7, 0x7c, 0xf7,
    0x7c, 0xf7, 0x7c, 0xf7, 0x7c, 0xf7, 0x7c, 0xf7, 0x7c, 0xf7, 0x7c, 0xf7,
    0x7c, 0xf7, 0x7c, 0xf7, 0x7c, 0xf7, 0x7c, 0xf7, 0x7c, 0xf7, 0x7d, 0xf7,
    0x7c, 0xf7, 0x7d, 0xf7, 0x7d, 0xf7, 0x5c, 0xf7, 0x7c, 0xf7, 0x7c, 0xf7,
    0x7c, 0xf7, 0x7c, 0xf7, 0x7c, 0xf7, 0x5c, 0xf7, 0x5c, 0xf7, 0x5c, 0xf7,
    0x5c, 0xf7, 0x5c, 0xf7, 0x5d, 0xff, 0x5d, 0xf7, 0x5c, 0xf7, 0x5d, 0xf7,
    0x5d, 0xf7, 0x5c, 0xf7, 0x1b, 0xff, 0x75, 0xfd, 0x5d, 0xf7, 0x5c, 0xf7,
    0x75, 0xfd, 0x92, 0xfc, 0x7c, 0xf7, 0x5c, 0xf7, 0x5c, 0xf7, 0xb6, 0xf5,
    0x7d, 0xf7, 0x5c, 0xf7, 0x5d, 0xef, 0x7d, 0xf7, 0x7c, 0xf7, 0x5d, 0xf7,
    0x5d, 0xef, 0x69, 0xfa, 0xba, 0xf6, 0x5d, 0xf7, 0x5c, 0xef, 0x5c, 0xef,
    0x7d, 0xef, 0x7d, 0xef, 0x5c, 0xef, 0x79, 0xf6, 0x95, 0xf5, 0x34, 0xf5,
    0x9a, 0xee, 0x18, 0xee, 0xaa, 0xfa, 0x8a, 0xfa, 0xf3, 0xf4, 0x4d, 0xfb,
    0xaa, 0xfa, 0xcb, 0xfa, 0xda, 0xf6, 0x5c, 0xef, 0x5d, 0xef, 0xba, 0xf6,
    0xb6, 0xf5, 0x5c, 0xef, 0x7d, 0xf7, 0x58, 0xf6, 0xb6, 0xf5, 0xd7, 0xfd,
    0xd4, 0xd4, 0x54, 0xac, 0x9b, 0xd6, 0x7d, 0xf7, 0x7d, 0xf7, 0x7d, 0xf7,
    0x7d, 0xf7, 0x7d, 0xf7, 0x7c, 0xef, 0x5d, 0xf7, 0x5c, 0xf7, 0x5c, 0xef,
    0x5d, 0xf7, 0x5c, 0xef, 0x5d, 0xef, 0x5d, 0xef, 0x7c, 0xf7, 0x5d, 0xef,
    0x7c, 0xef, 0x7c, 0xf7, 0x5d, 0xf7, 0x5c, 0xef, 0x7c, 0xf7, 0x5c, 0xf7,
    0x7d, 0xef, 0x7c, 0xf7, 0x7d, 0xef, 0x5d, 0xf7, 0x5c, 0xf7, 0x7d, 0xef,
    0x5c, 0xef, 0x5c, 0xf7, 0x5d, 0xf7, 0x5c, 0xef, 0x3c, 0xef, 0xfb, 0xe6,
    0x9a, 0xce, 0x5a, 0xce, 0x5a, 0xce, 0x59, 0xc6, 0x59, 0xce, 0x9a, 0xd6,
    0xdb, 0xde, 0x7a, 0xd6, 0x18, 0xbe, 0x18, 0xbe, 0x18, 0xbe, 0x18, 0xbe,
    0xf8, 0xbd, 0x19, 0xbe, 0x18, 0xbe, 0xf8, 0xbd, 0x7a, 0xce, 0xba, 0xd6,
    0x19, 0xc6, 0xf8, 0xbd, 0xf8, 0xb5, 0xd8, 0xb5, 0x97, 0xa5, 0x76, 0xa5,
    0x96, 0xa5, 0x76, 0xa5, 0x76, 0xa5, 0x96, 0x9d, 0xf7, 0xb5, 0xba, 0xd6,
    0xdb, 0xde, 0xfb, 0xde, 0xdb, 0xde, 0x59, 0xc6, 0xf7, 0xb5, 0xd7, 0xb5,
    0xb6, 0xbd, 0x78, 0xde, 0xf6, 0xd5, 0xd6, 0xcd, 0xd6, 0xc5, 0x75, 0xc5,
    0x33, 0xbd, 0xd2, 0xac, 0x34, 0xbd, 0xf3, 0xac, 0x1a, 0xb6, 0x5b, 0xbe,
    0x3b, 0xb6, 0xb1, 0x6b, 0x2c, 0x52, 0x90, 0x73, 0x2b, 0x4a, 0x6e, 0x52,
    0xcc, 0x39, 0x71, 0x6b, 0x0c, 0x42, 0xcd, 0x5a, 0x39, 0xc6, 0x39, 0xc6,
    0x7a, 0xce, 0x5a, 0xc6, 0xf9, 0xbd, 0x19, 0xb6, 0xf9, 0xb5, 0x58, 0xa5,
    0x34, 0x84, 0x11, 0x63, 0x4e, 0x4a, 0xed, 0x41, 0x0c, 0x42, 0x32, 0x63,
    0xf4, 0x73, 0xb0, 0x52, 0xf2, 0x5a, 0x14, 0x74, 0x36, 0x7c, 0xf4, 0x6b,
    0x52, 0x5b, 0x33, 0x5b, 0x32, 0x5b, 0x8f, 0x4a, 0x6a, 0x31, 0x49, 0x29,
    0x8e, 0x52, 0x71, 0x73, 0x92, 0x73, 0x92, 0x73, 0x31, 0x63, 0xb3, 0x73,
    0x72, 0x73, 0x53, 0x7c, 0x94, 0x7c, 0x73, 0x7c, 0x17, 0x8d, 0x73, 0x7c,
    0x93, 0x7c, 0x52, 0x7c, 0x52, 0x7c, 0x72, 0x7c, 0x52, 0x7c, 0x11, 0x7c,
    0xf0, 0x73, 0xb0, 0x73, 0xb0, 0x73, 0xb0, 0x73, 0x31, 0x84, 0x6a, 0x52,
    0x6e, 0x6b, 0x51, 0x8c, 0x51, 0x8c, 0x52, 0x8c, 0x12, 0x7c, 0xed, 0x52,
    0xf1, 0x73, 0x74, 0x84, 0x74, 0x7c, 0x74, 0x84, 0x72, 0x8c, 0xe8, 0x41,
    0x08, 0x42, 0x29, 0x42, 0x29, 0x42, 0x09, 0x3a, 0x74, 0x84, 0xb0, 0x6b,
    0x0e, 0x5b, 0x0d, 0x63, 0xed, 0x5a, 0xed, 0x5a, 0xcc, 0x52, 0x4e, 0x6b,
    0x37, 0xce, 0x96, 0xbd, 0x09, 0x42, 0x8a, 0x4a, 0x6b, 0x4a, 0x8b, 0x52,
    0x8b, 0x52, 0x8b, 0x4a, 0x8b, 0x4a, 0x6c, 0x42, 0xd3, 0x9c, 0xf3, 0x9c,
    0x72, 0x8c, 0x10, 0x84, 0x96, 0xbd, 0xb2, 0x94, 0x8e, 0x73, 0x31, 0x84,
    0x51, 0x8c, 0x14, 0xa5, 0xf4, 0x9c, 0x31, 0x8c, 0x10, 0x84, 0xcf, 0x7b,
    0x8e, 0x73, 0x4d, 0x6b, 0x2d, 0x63, 0x6d, 0x73, 0x30, 0x8c, 0x76, 0xb5,
    0xd7, 0xbd, 0x59, 0xc6, 0x18, 0xc6, 0xba, 0xd6, 0x9a, 0xce, 0x99, 0xce,
    0x9a, 0xd6, 0xfb, 0xde, 0x9d, 0xff, 0x7c, 0xf7, 0x3c, 0xef, 0x3b, 0xef,
    0x7c, 0xf7, 0x7c, 0xff, 0x7d, 0xff, 0x7c, 0xff, 0x9c, 0xf7, 0x7c, 0xff,
    0x9c, 0xff, 0x9d, 0xf7, 0x9c, 0xff, 0x9d, 0xff, 0x7c, 0xf7, 0x7c, 0xff,
    0x7d, 0xff, 0x9c, 0xf7, 0x7d, 0xff, 0x7c, 0xff, 0x7c, 0xf7, 0x7c, 0xff,
    0x7c, 0xf7, 0x9d, 0xf7, 0x7d, 0xf7, 0x9c, 0xf7, 0x9c, 0xff, 0x7c, 0xf7,
    0x7c, 0xf7, 0x7c, 0xf7, 0x7c, 0xf7, 0x5c, 0xf7, 0x5c, 0xf7, 0x5c, 0xf7,
    0x5c, 0xf7, 0x5c, 0xf7, 0x5c, 0xf7, 0x5c, 0xf7, 0x5c, 0xf7, 0x5c, 0xf7,
    0x5d, 0xf7, 0x5c, 0xf7, 0x5c, 0xf7, 0x7c, 0xf7, 0x7c, 0xf7, 0x7c, 0xf7,
    0x7d, 0xf7, 0x7c, 0xf7, 0x7c, 0xf7, 0x5d, 0xf7, 0x5d, 0xf7, 0x7c, 0xf7,
    0x7c, 0xf7, 0x5c, 0xf7, 0x5c, 0xf7, 0x7c, 0xf7, 0x5c, 0xf7, 0x5c, 0xf7,
    0x5c, 0xf7, 0x5c, 0xf7, 0x5d, 0xf7, 0x5c, 0xf7, 0x5c, 0xf7, 0x5d, 0xf7,
    0x5c, 0xf7, 0x5d, 0xf7, 0x5d, 0xf7, 0x5d, 0xf7, 0x5c, 0xf7, 0x8a, 0xfa,
    0xfb, 0xf6, 0x5d, 0xf7, 0x75, 0xfd, 0x92, 0xfc, 0x5d, 0xf7, 0x7d, 0xf7,
    0x96, 0xf5, 0xef, 0xfb, 0x7d, 0xf7, 0x7d, 0xf7, 0x17, 0xf6, 0xeb, 0xfa,
    0xeb, 0xfa, 0xeb, 0xfa, 0xeb, 0xfa, 0x28, 0xfa, 0x08, 0xfa, 0xec, 0xfa,
    0xeb, 0xfa, 0xeb, 0xfa, 0xeb, 0xfa, 0x17, 0xf6, 0x3d, 0xef, 0x69, 0xfa,
    0x55, 0xf5, 0xd3, 0xf4, 0x2c, 0xf3, 0xd7, 0xed, 0x4d, 0xf3, 0xfb, 0xe6,
    0xab, 0xfa, 0xf3, 0xec, 0x75, 0xf5, 0x92, 0xf4, 0x55, 0xf5, 0x5c, 0xef,
    0x5c, 0xef, 0xcf, 0xfb, 0x58, 0xf6, 0x5d, 0xef, 0xfb, 0xf6, 0x08, 0xfa,
    0xd2, 0xf4, 0xd3, 0xfc, 0x8e, 0xcb, 0xec, 0xfa, 0x75, 0xfd, 0x7c, 0xf7,
    0x7d, 0xf7, 0x7d, 0xf7, 0x5c, 0xef, 0x5c, 0xef, 0x5c, 0xf7, 0x5d, 0xf7,
    0x5c, 0xef, 0x5c, 0xf7, 0x5d, 0xf7, 0x5c, 0xf7, 0x5d, 0xf7, 0x5c, 0xf7,
    0x5c, 0xef, 0x5d, 0xf7, 0x7c, 0xef, 0x5d, 0xf7, 0x5d, 0xf7, 0x5c, 0xf7,
    0x5d, 0xf7, 0x5d, 0xf7, 0x7c, 0xef, 0x7d, 0xf7, 0x5d, 0xf7, 0x5c, 0xef,
    0x5c, 0xf7, 0x5d, 0xef, 0x7c, 0xef, 0x5c, 0xf7, 0x7d, 0xef, 0x5d, 0xef,
    0x5c, 0xf7, 0x3c, 0xef, 0xba, 0xd6, 0x5a, 0xce, 0x59, 0xc6, 0x59, 0xce,
    0x9a, 0xd6, 0x5d, 0xf7, 0x5d, 0xf7, 0x1c, 0xe7, 0xf8, 0xbd, 0x18, 0xbe,
    0xf8, 0xbd, 0x39, 0xc6, 0x59, 0xce, 0x39, 0xc6, 0x39, 0xc6, 0x7a, 0xce,
    0x39, 0xc6, 0x39, 0xc6, 0x39, 0xc6, 0x18, 0xbe, 0xd7, 0xb5, 0xb7, 0xad,
    0xb7, 0xad, 0x97, 0xa5, 0x96, 0x9d, 0x75, 0x9d, 0x96, 0xa5, 0x96, 0xa5,
    0xf7, 0xb5, 0x79, 0xc6, 0x79, 0xce, 0x79, 0xce, 0x79, 0xd6, 0x58, 0xce,
    0x58, 0xc6, 0x17, 0xc6, 0x99, 0xde, 0x17, 0xd6, 0xf6, 0xcd, 0xd6, 0xcd,
    0xb5, 0xc5, 0x74, 0xc5, 0x13, 0xb5, 0xb2, 0xac, 0x54, 0xbd, 0x54, 0xbd,
    0x34, 0xa5, 0x1a, 0xae, 0x3a, 0xae, 0x8d, 0x4a, 0x8d, 0x5a, 0x0c, 0x42,
    0x0c, 0x4a, 0x4e, 0x52, 0xcc, 0x39, 0xef, 0x5a, 0x4d, 0x4a, 0xb0, 0x73,
    0xf8, 0xbd, 0xf9, 0xbd, 0x19, 0xbe, 0x19, 0xbe, 0x98, 0xad, 0x74, 0x8c,
    0x32, 0x6b, 0x90, 0x5a, 0x4e, 0x52, 0x0d, 0x4a, 0xcc, 0x41, 0xcc, 0x41,
    0xab, 0x39, 0xaf, 0x52, 0xf4, 0x73, 0x96, 0x7c, 0x3e, 0xdf, 0x97, 0x84,
    0x7c, 0xb6, 0x18, 0x8d, 0x94, 0x63, 0xf8, 0x84, 0x15, 0x6c, 0x55, 0x7c,
    0x29, 0x29, 0x49, 0x31, 0x8e, 0x52, 0x51, 0x6b, 0x92, 0x73, 0xb2, 0x73,
    0x51, 0x6b, 0xb3, 0x73, 0xb3, 0x73, 0xb2, 0x73, 0x94, 0x84, 0x73, 0x7c,
    0xd6, 0x8c, 0x73, 0x7c, 0x73, 0x7c, 0x11, 0x7c, 0xf1, 0x7b, 0xf1, 0x7b,
    0xf1, 0x73, 0xd0, 0x73, 0xd0, 0x73, 0xd0, 0x73, 0xb0, 0x73, 0x8f, 0x73,
    0x31, 0x84, 0x8a, 0x52, 0xed, 0x5a, 0x51, 0x8c, 0x51, 0x8c, 0x51, 0x8c,
    0x11, 0x7c, 0xed, 0x52, 0x0e, 0x5b, 0x74, 0x84, 0x74, 0x7c, 0x94, 0x7c,
    0x52, 0x8c, 0xe8, 0x39, 0x29, 0x42, 0x08, 0x42, 0x29, 0x42, 0x09, 0x42,
    0x74, 0x84, 0xd1, 0x6b, 0x0e, 0x5b, 0x0e, 0x63, 0x0d, 0x5b, 0xed, 0x5a,
    0x8c, 0x52, 0x34, 0xad, 0x38, 0xce, 0x8e, 0x73, 0x6a, 0x42, 0x6a, 0x4a,
    0x6b, 0x4a, 0x8b, 0x4a, 0x8b, 0x4a, 0x8b, 0x4a, 0x8b, 0x4a, 0x6c, 0x42,
    0xd6, 0xbd, 0xb3, 0x94, 0x51, 0x8c, 0x10, 0x84, 0xcf, 0x7b, 0x6d, 0x6b,
    0xce, 0x7b, 0x72, 0xac, 0x10, 0x84, 0xf0, 0x7b, 0x10, 0x84, 0xf0, 0x7b,
    0x6d, 0x6b, 0x2c, 0x63, 0xcf, 0x7b, 0xd3, 0x9c, 0x18, 0xc6, 0xda, 0xde,
    0xba, 0xd6, 0xb3, 0x94, 0xb3, 0x94, 0xba, 0xd6, 0xba, 0xd6, 0x9a, 0xce,
    0x99, 0xce, 0x99, 0xd6, 0xda, 0xd6, 0x9c, 0xf7, 0x9d, 0xff, 0x9d, 0xff,
    0x9c, 0xff, 0x9d, 0xf7, 0x9d, 0xff, 0x9c, 0xff, 0x9c, 0xf7, 0x7d, 0xff,
    0x9d, 0xff, 0x7c, 0xf7, 0x7c, 0xff, 0x7d, 0xff, 0x7c, 0xf7, 0x9c, 0xff,
    0x7d, 0xf7, 0x7c, 0xff, 0x9c, 0xf7, 0x7c, 0xff, 0x7d, 0xf7, 0x9c, 0xff,
    0x7c, 0xff, 0x7d, 0xff, 0x7c, 0xff, 0x9c, 0xf7, 0x7c, 0xf7, 0x7c, 0xf7,
    0x7c, 0xf7, 0x7c, 0xf7, 0x5c, 0xf7, 0x5c, 0xf7, 0x5c, 0xf7, 0x5c, 0xef,
    0x5c, 0xef, 0x5c, 0xef, 0x3c, 0xef, 0x5c, 0xef, 0x3c, 0xef, 0x3c, 0xef,
    0x5c, 0xef, 0x5d, 0xf7, 0x5c, 0xf7, 0x5c, 0xef, 0x5d, 0xf7, 0x5c, 0xf7,
    0x5c, 0xf7, 0x7c, 0xf7, 0x5d, 0xf7, 0x5d, 0xf7, 0x5c, 0xf7, 0x7c, 0xf7,
    0x5d, 0xf7, 0x5d, 0xf7, 0x7c, 0xf7, 0x5c, 0xf7, 0x7c, 0xf7, 0x5c, 0xf7,
    0x7c, 0xf7, 0x7c, 0xf7, 0x7c, 0xf7, 0x5c, 0xf7, 0x5d, 0xf7, 0x5c, 0xf7,
    0x5c, 0xf7, 0x7c, 0xf7, 0x5c, 0xf7, 0x7c, 0xf7, 0x5c, 0xf7, 0x7d, 0xf7,
    0x7d, 0xf7, 0xd7, 0xf5, 0xae, 0xfb, 0x7d, 0xf7, 0x75, 0xf5, 0x92, 0xfc,
    0x5d, 0xf7, 0x5c, 0xf7, 0x49, 0xfa, 0x1c, 0xf7, 0x5d, 0xf7, 0x5d, 0xf7,
    0x6d, 0xfb, 0x99, 0xf6, 0x3c, 0xef, 0x3c, 0xef, 0x3c, 0xef, 0x3c, 0xef,
    0x3c, 0xef, 0x3c, 0xef, 0x3c, 0xef, 0x3c, 0xef, 0xd7, 0xf5, 0xcf, 0xfb,
    0x3c, 0xef, 0xcb, 0xfa, 0xf3, 0xec, 0xf3, 0xec, 0x8a, 0xfa, 0x1c, 0xe7,
    0x75, 0xed, 0x71, 0xf4, 0x8a, 0xf2, 0xfb, 0xe6, 0x4d, 0xf3, 0xcf, 0xf3,
    0x54, 0xf5, 0x3c, 0xef, 0xba, 0xf6, 0xeb, 0xfa, 0x5c, 0xef, 0x17, 0xf6,
    0xba, 0xf6, 0x8e, 0xfb, 0x7d, 0xf7, 0x5d, 0xef, 0x7d, 0xf7, 0x13, 0xf5,
    0xf3, 0xf4, 0x5d, 0xf7, 0x5c, 0xef, 0x5d, 0xf7, 0x7d, 0xf7, 0x5c, 0xef,
    0x5c, 0xf7, 0x5c, 0xef, 0x5c, 0xf7, 0x5d, 0xef, 0x5d, 0xf7, 0x5c, 0xef,
    0x5c, 0xef, 0x5d, 0xf7, 0x5d, 0xf7, 0x5c, 0xef, 0x5c, 0xf7, 0x5c, 0xef,
    0x7c, 0xef, 0x5c, 0xef, 0x5c, 0xef, 0x5c, 0xef, 0x7c, 0xf7, 0x5c, 0xef,
    0x5d, 0xef, 0x5c, 0xf7, 0x7c, 0xef, 0x5d, 0xf7, 0x5c, 0xf7, 0x5c, 0xef,
    0x5c, 0xf7, 0x5c, 0xef, 0x5d, 0xf7, 0x5c, 0xef, 0x5c, 0xef, 0x7a, 0xd6,
    0x5a, 0xce, 0x5a, 0xce, 0xfb, 0xe6, 0x5c, 0xef, 0x5d, 0xef, 0xfb, 0xe6,
    0xf9, 0xbd, 0x19, 0xbe, 0x59, 0xce, 0x9a, 0xd6, 0xdb, 0xde, 0xfb, 0xde,
    0xdb, 0xde, 0xdb, 0xde, 0x59, 0xc6, 0x59, 0xce, 0x38, 0xc6, 0x39, 0xc6,
    0x39, 0xc6, 0xf8, 0xbd, 0xf8, 0xb5, 0xf7, 0xb5, 0x96, 0xa5, 0x76, 0xa5,
    0x96, 0xa5, 0x76, 0xa5, 0x96, 0xa5, 0xb7, 0xad, 0xb6, 0xad, 0xb7, 0xad,
    0xd7, 0xb5, 0xd7, 0xb5, 0xd7, 0xb5, 0xb6, 0xb5, 0xfb, 0xee, 0xf7, 0xcd,
    0xf6, 0xcd, 0xd6, 0xcd, 0x95, 0xc5, 0x54, 0xbd, 0x13, 0xb5, 0x91, 0xac,
    0x54, 0xbd, 0x54, 0xb5, 0x13, 0xb5, 0xb8, 0xad, 0x57, 0x95, 0x8d, 0x52,
    0x2d, 0x4a, 0x8e, 0x52, 0x0c, 0x4a, 0x2e, 0x4a, 0xac, 0x39, 0x6e, 0x52,
    0x6d, 0x52, 0x53, 0x8c, 0xf8, 0xbd, 0xb7, 0xb5, 0x33, 0x8c, 0xf0, 0x62,
    0x90, 0x5a, 0xb1, 0x62, 0x90, 0x5a, 0x0d, 0x4a, 0xcc, 0x41, 0xcc, 0x41,
    0xcc, 0x41, 0xcc, 0x41, 0x8b, 0x39, 0xf7, 0x8c, 0x7f, 0xd7, 0x99, 0x95,
    0xdf, 0xf7, 0x79, 0x9d, 0xfd, 0xc6, 0xdb, 0xa5, 0x56, 0x7c, 0x97, 0x7c,
    0xf8, 0x8c, 0x56, 0x7c, 0xcf, 0x52, 0x29, 0x29, 0xcf, 0x5a, 0x10, 0x63,
    0x72, 0x6b, 0x92, 0x73, 0xb2, 0x73, 0x93, 0x73, 0xd3, 0x73, 0x51, 0x6b,
    0xb4, 0x84, 0x93, 0x7c, 0xb5, 0x84, 0x73, 0x7c, 0x32, 0x7c, 0xf1, 0x7b,
    0xf0, 0x73, 0xd0, 0x73, 0xd0, 0x73, 0xd0, 0x73, 0xd0, 0x73, 0xb0, 0x73,
    0xb0, 0x6b, 0x6f, 0x6b, 0x10, 0x84, 0x8a, 0x52, 0x2d, 0x63, 0x31, 0x8c,
    0x31, 0x84, 0xf0, 0x7b, 0x0d, 0x5b, 0xed, 0x5a, 0xec, 0x52, 0x13, 0x74,
    0x74, 0x7c, 0x95, 0x84, 0x31, 0x8c, 0xe8, 0x41, 0x29, 0x42, 0x29, 0x42,
    0x29, 0x42, 0x09, 0x42, 0x74, 0x84, 0xd1, 0x6b, 0x0e, 0x5b, 0x0d, 0x5b,
    0x0d, 0x5b, 0xed, 0x5a, 0x0d, 0x63, 0x37, 0xce, 0xf7, 0xc5, 0x29, 0x42,
    0x6a, 0x4a, 0x8a, 0x4a, 0x6b, 0x4a, 0x6b, 0x4a, 0x8b, 0x52, 0x6b, 0x4a,
    0x8b, 0x52, 0x6c, 0x42, 0x78, 0xce, 0xf3, 0x9c, 0x31, 0x8c, 0xcf, 0x7b,
    0x6d, 0x73, 0x4d, 0x6b, 0xf0, 0x93, 0xd5, 0xd4, 0x72, 0xac, 0xf0, 0x7b,
    0x4d, 0x6b, 0xef, 0x7b, 0xb6, 0xb5, 0xba, 0xd6, 0xba, 0xd6, 0xba, 0xd6,
    0x9a, 0xd6, 0xba, 0xce, 0xdb, 0xd6, 0x55, 0xa5, 0x72, 0x8c, 0xd3, 0x94,
    0x59, 0xce, 0xba, 0xd6, 0x9a, 0xd6, 0xba, 0xd6, 0x5c, 0xef, 0x9c, 0xff,
    0x9d, 0xff, 0x9d, 0xff, 0x9c, 0xff, 0x9d, 0xff, 0x9d, 0xff, 0x9c, 0xff,
    0x7c, 0xff, 0x9d, 0xff, 0x7c, 0xff, 0x9c, 0xff, 0x9d, 0xff, 0x7c, 0xff,
    0x9c, 0xff, 0x7d, 0xff, 0x7c, 0xff, 0x7c, 0xf7, 0x7c, 0xff, 0x7c, 0xff,
    0x7c, 0xf7, 0x9c, 0xf7, 0x9c, 0xf7, 0x9d, 0xf7, 0x9c, 0xf7, 0x7c, 0xf7,
    0x7c, 0xf7, 0x7c, 0xf7, 0x5c, 0xf7, 0x5c, 0xef, 0x3c, 0xef, 0x5c, 0xef,
    0x3c, 0xef, 0x3c, 0xef, 0x3c, 0xef, 0x3c, 0xef, 0x5c, 0xef, 0x5c, 0xef,
    0x3c, 0xef, 0x5c, 0xef, 0x5c, 0xef, 0x3c, 0xef, 0x5c, 0xef, 0x5c, 0xef,
    0x5c, 0xef, 0x5c, 0xef, 0x5c, 0xf7, 0x5c, 0xf7, 0x7c, 0xf7, 0x5d, 0xf7,
    0x7d, 0xf7, 0x7c, 0xf7, 0x5c, 0xf7, 0x5c, 0xf7, 0x5c, 0xef, 0x5c, 0xf7,
    0x7c, 0xf7, 0x5c, 0xef, 0x5c, 0xef, 0x5c, 0xf7, 0x7c, 0xf7, 0x5c, 0xf7,
    0x5d, 0xf7, 0x5d, 0xf7, 0x5c, 0xf7, 0x5d, 0xf7, 0x5d, 0xf7, 0x5c, 0xf7,
    0x5c, 0xf7, 0x5d, 0xf7, 0x7d, 0xf7, 0x5c, 0xf7, 0x8a, 0xfa, 0x5c, 0xf7,
    0x75, 0xf5, 0x92, 0xfc, 0x7d, 0xf7, 0x10, 0xfc, 0x14, 0xf5, 0x7d, 0xf7,
    0x7d, 0xf7, 0x7d, 0xf7, 0x4d, 0xfb, 0xd6, 0xf5, 0xf0, 0xf3, 0xef, 0xfb,
    0xef, 0xfb, 0xef, 0xf3, 0xef, 0xf3, 0xef, 0xf3, 0xef, 0xf3, 0x10, 0xf4,
    0x51, 0xf4, 0xb6, 0xed, 0x3c, 0xe7, 0xf0, 0xf3, 0x10, 0xf4, 0x51, 0xf4,
    0x2d, 0xf3, 0x18, 0xee, 0x0c, 0xf3, 0x0c, 0xf3, 0xab, 0xfa, 0x79, 0xee,
    0x0c, 0xf3, 0xe8, 0xf9, 0x34, 0xed, 0x3c, 0xe7, 0xec, 0xfa, 0x79, 0xee,
    0xfa, 0xee, 0x0c, 0xfb, 0xba, 0xf6, 0x8a, 0xfa, 0x75, 0xf5, 0x75, 0xf5,
    0x75, 0xf5, 0xcf, 0xfb, 0xf3, 0xf4, 0x7c, 0xf7, 0x7c, 0xf7, 0x5c, 0xef,
    0x5d, 0xef, 0x5c, 0xf7, 0x7d, 0xef, 0x5c, 0xf7, 0x5c, 0xef, 0x7d, 0xef,
    0x5c, 0xf7, 0x5d, 0xef, 0x7d, 0xef, 0x5c, 0xef, 0x5c, 0xef, 0x5d, 0xef,
    0x5c, 0xef, 0x5c, 0xf7, 0x5c, 0xef, 0x7c, 0xf7, 0x5c, 0xf7, 0x5c, 0xef,
    0x5d, 0xf7, 0x5d, 0xf7, 0x5c, 0xef, 0x7c, 0xf7, 0x5d, 0xef, 0x5c, 0xef,
    0x5c, 0xf7, 0x7d, 0xef, 0x5c, 0xf7, 0x5c, 0xf7, 0x5d, 0xef, 0x5d, 0xf7,
    0x5c, 0xef, 0xdb, 0xde, 0xba, 0xd6, 0xfb, 0xde, 0x5c, 0xef, 0x3c, 0xef,
    0x1b, 0xef, 0x3c, 0xe7, 0x7a, 0xce, 0x9a, 0xce, 0x5c, 0xef, 0x3c, 0xef,
    0x59, 0xce, 0xfb, 0xe6, 0x5c, 0xef, 0xfb, 0xe6, 0x59, 0xce, 0x59, 0xce,
    0x7a, 0xce, 0xbb, 0xd6, 0x79, 0xce, 0x39, 0xc6, 0x39, 0xbe, 0x18, 0xbe,
    0xb7, 0xad, 0x96, 0xa5, 0x76, 0xa5, 0x96, 0xa5, 0x96, 0xa5, 0x76, 0x9d,
    0x76, 0xa5, 0x96, 0xa5, 0x96, 0xa5, 0x96, 0xa5, 0x76, 0xa5, 0x55, 0xad,
    0xfb, 0xee, 0xf6, 0xcd, 0xf6, 0xcd, 0xb6, 0xcd, 0x95, 0xc5, 0x54, 0xbd,
    0x13, 0xb5, 0xb1, 0xac, 0x54, 0xbd, 0x54, 0xb5, 0x33, 0xb5, 0xf5, 0x9c,
    0x78, 0x9d, 0x50, 0x5b, 0xaa, 0x39, 0x2c, 0x4a, 0x6d, 0x52, 0x53, 0x94,
    0xcb, 0x41, 0xec, 0x41, 0x6c, 0x4a, 0x72, 0x8c, 0x31, 0x8c, 0x4e, 0x73,
    0xaf, 0x5a, 0xd1, 0x62, 0x90, 0x5a, 0x0e, 0x4a, 0xcc, 0x41, 0xed, 0x41,
    0xec, 0x41, 0xec, 0x41, 0xec, 0x41, 0xcc, 0x41, 0x8b, 0x31, 0x1c, 0xae,
    0x3e, 0xcf, 0xba, 0x9d, 0xff, 0xf7, 0x1d, 0xd7, 0x5e, 0xd7, 0x5c, 0xae,
    0xbb, 0xa5, 0x15, 0x6c, 0x7a, 0x9d, 0xd7, 0x84, 0xb7, 0x84, 0x8a, 0x31,
    0xf0, 0x62, 0xaf, 0x5a, 0x51, 0x6b, 0x92, 0x73, 0xb3, 0x73, 0x92, 0x73,
    0xb3, 0x73, 0x71, 0x73, 0x33, 0x7c, 0x33, 0x7c, 0x73, 0x84, 0x11, 0x7c,
    0xf1, 0x7b, 0xf0, 0x73, 0xd0, 0x73, 0xd0, 0x73, 0xd0, 0x73, 0xd0, 0x73,
    0x8f, 0x6b, 0x0d, 0x5b, 0xcd, 0x52, 0xcc, 0x52, 0x8f, 0x73, 0x8a, 0x52,
    0x8f, 0x73, 0x51, 0x84, 0x31, 0x8c, 0x2d, 0x63, 0xed, 0x5a, 0xed, 0x5a,
    0xec, 0x5a, 0xd1, 0x6b, 0x12, 0x74, 0x4f, 0x63, 0xf0, 0x83, 0x08, 0x42,
    0x29, 0x42, 0x29, 0x42, 0x29, 0x42, 0x09, 0x42, 0x74, 0x84, 0x90, 0x63,
    0x0e, 0x5b, 0x0d, 0x63, 0xed, 0x5a, 0xac, 0x52, 0xd2, 0x9c, 0x17, 0xce,
    0x51, 0x8c, 0x29, 0x42, 0x6a, 0x4a, 0x8a, 0x4a, 0x6b, 0x4a, 0x6b, 0x4a,
    0x8b, 0x52, 0x6b, 0x4a, 0x8b, 0x4a, 0x6c, 0x42, 0x1b, 0xe7, 0x95, 0xb5,
    0xaf, 0x7b, 0x4d, 0x6b, 0x4d, 0x6b, 0xef, 0x8b, 0xd4, 0xd4, 0x73, 0xbc,
    0x32, 0xbc, 0x31, 0x9c, 0x13, 0x9d, 0x78, 0xc6, 0x79, 0xce, 0x99, 0xce,
    0x9a, 0xce, 0x99, 0xce, 0xb9, 0xd6, 0xba, 0xd6, 0xba, 0xd6, 0xda, 0xd6,
    0x18, 0xbe, 0x52, 0x8c, 0x72, 0x8c, 0x14, 0x9d, 0x18, 0xbe, 0xfb, 0xde,
    0x9d, 0xff, 0x9c, 0xff, 0x9d, 0xff, 0x9c, 0xff, 0x9c, 0xff, 0x9c, 0xff,
    0x9c, 0xff, 0x9d, 0xff, 0x7c, 0xf7, 0x7c, 0xff, 0x9d, 0xf7, 0x7c, 0xff,
    0x9d, 0xf7, 0x9c, 0xff, 0x7d, 0xff, 0x9c, 0xf7, 0x7c, 0xff, 0x9d, 0xff,
    0x7d, 0xf7, 0x7c, 0xff, 0x7d, 0xff, 0x9d, 0xff, 0x7c, 0xf7, 0x7c, 0xf7,
    0x7c, 0xf7, 0x7c, 0xf7, 0x5c, 0xf7, 0x5c, 0xf7, 0x3c, 0xef, 0x3c, 0xef,
    0x3c, 0xef, 0x3c, 0xef, 0x3c, 0xef, 0x3c, 0xef, 0x3c, 0xef, 0x3c, 0xef,
    0x3c, 0xef, 0x3c, 0xef, 0x3c, 0xef, 0x3c, 0xef, 0x3c, 0xef, 0x3c, 0xef,
    0x3c, 0xef, 0x3c, 0xef, 0x3c, 0xef, 0x5c, 0xef, 0x5c, 0xef, 0x5c, 0xf7,
    0x5d, 0xf7, 0x5c, 0xef, 0x5c, 0xf7, 0x5d, 0xf7, 0x5c, 0xef, 0x5d, 0xf7,
    0x5c, 0xf7, 0x5c, 0xef, 0x5c, 0xf7, 0x5c, 0xef, 0x5c, 0xf7, 0x5c, 0xf7,
    0x5c, 0xef, 0x5c, 0xf7, 0x5c, 0xf7, 0x7c, 0xf7, 0x5d, 0xf7, 0x5c, 0xf7,
    0x7c, 0xf7, 0x5d, 0xf7, 0x5c, 0xf7, 0xfb, 0xf6, 0x18, 0xf6, 0x18, 0xf6,
    0x96, 0xf5, 0x18, 0xf6, 0x91, 0xfc, 0xcf, 0xfb, 0x18, 0xf6, 0x13, 0xf5,
    0x38, 0xf6, 0x38, 0xf6, 0x99, 0xf6, 0x7d, 0xf7, 0x38, 0xf6, 0x1c, 0xef,
    0x79, 0xee, 0x79, 0xf6, 0x79, 0xee, 0x59, 0xee, 0x59, 0xee, 0x59, 0xee,
    0x59, 0xee, 0x59, 0xee, 0xdb, 0xee, 0x3c, 0xe7, 0x1c, 0xe7, 0xba, 0xee,
    0xf3, 0xec, 0x71, 0xec, 0x59, 0xee, 0x75, 0xed, 0x59, 0xe6, 0x71, 0xec,
    0x51, 0xf4, 0xcf, 0xf3, 0x38, 0xe6, 0x34, 0xed, 0xb6, 0xed, 0x96, 0xed,
    0x24, 0xf9, 0x6a, 0xfa, 0xa7, 0xf9, 0xf7, 0xed, 0xba, 0xee, 0x69, 0xfa,
    0x14, 0xf5, 0x34, 0xf5, 0x34, 0xf5, 0x8d, 0xfb, 0xf3, 0xf4, 0x7d, 0xf7,
    0x5c, 0xef, 0x5c, 0xef, 0x5c, 0xf7, 0x5c, 0xf7, 0x5c, 0xef, 0x5c, 0xef,
    0x5c, 0xf7, 0x5c, 0xf7, 0x5d, 0xef, 0x7c, 0xf7, 0x5c, 0xf7, 0x5c, 0xef,
    0x5c, 0xf7, 0x5c, 0xef, 0x5c, 0xf7, 0x5c, 0xef, 0x5c, 0xef, 0x5c, 0xef,
    0x5c, 0xef, 0x5d, 0xef, 0x5c, 0xef, 0x5c, 0xef, 0x5d, 0xef, 0x5c, 0xf7,
    0x5d, 0xef, 0x5c, 0xef, 0x5c, 0xef, 0x5d, 0xef, 0x7c, 0xf7, 0x5c, 0xef,
    0x7d, 0xef, 0x5d, 0xf7, 0x5c, 0xef, 0x5c, 0xef, 0x3c, 0xef, 0x1c, 0xe7,
    0x3c, 0xef, 0x3c, 0xef, 0xfb, 0xe6, 0x5c, 0xef, 0x5c, 0xef, 0xfb, 0xe6,
    0xfb, 0xe6, 0x1c, 0xe7, 0xba, 0xd6, 0xdb, 0xde, 0x5c, 0xef, 0x1c, 0xe7,
    0xdb, 0xde, 0xfb, 0xde, 0xdb, 0xde, 0x7a, 0xce, 0x9a, 0xd6, 0x79, 0xce,
    0x7a, 0xce, 0x7a, 0xce, 0xf8, 0xbd, 0x96, 0xa5, 0x96, 0xa5, 0x75, 0x9d,
    0x96, 0xa5, 0x75, 0x9d, 0x75, 0x9d, 0x76, 0x9d, 0x96, 0xa5, 0x96, 0xa5,
    0x55, 0xa5, 0xb6, 0xbd, 0xfa, 0xee, 0xf6, 0xcd, 0xd6, 0xcd, 0xb5, 0xc5,
    0x75, 0xbd, 0x34, 0xbd, 0x13, 0xb5, 0xb2, 0xac, 0x34, 0xbd, 0x13, 0xb5,
    0x12, 0xad, 0xb3, 0x94, 0xb9, 0xa5, 0x91, 0x63, 0x69, 0x31, 0x89, 0x39,
    0xaa, 0x39, 0x6c, 0x52, 0xda, 0xde, 0xec, 0x6a, 0xae, 0x7b, 0x0c, 0x6b,
    0x2d, 0x6b, 0x8c, 0x5a, 0x2d, 0x4a, 0x4f, 0x5a, 0x2e, 0x52, 0x0e, 0x4a,
    0x0d, 0x4a, 0xed, 0x49, 0xec, 0x41, 0xcc, 0x41, 0xcc, 0x41, 0xcc, 0x39,
    0x4d, 0x4a, 0x1e, 0xc7, 0x1e, 0xc7, 0xda, 0x9d, 0xdf, 0xf7, 0x9f, 0xdf,
    0xdf, 0xdf, 0xbd, 0xbe, 0xfb, 0xa5, 0x18, 0x8d, 0x18, 0x8d, 0xbb, 0x9d,
    0xb6, 0x7c, 0x14, 0x74, 0xcf, 0x5a, 0xaf, 0x52, 0xf0, 0x62, 0x52, 0x6b,
    0xb3, 0x73, 0xb3, 0x73, 0x32, 0x6b, 0xd3, 0x7b, 0x91, 0x6b, 0xf2, 0x73,
    0x33, 0x7c, 0xf1, 0x7b, 0xf1, 0x7b, 0xf1, 0x7b, 0xd0, 0x73, 0xd0, 0x7b,
    0xb0, 0x73, 0xb0, 0x73, 0xb0, 0x73, 0x8f, 0x6b, 0x2e, 0x63, 0xed, 0x5a,
    0xaf, 0x73, 0xcb, 0x5a, 0x10, 0x84, 0x51, 0x8c, 0xaf, 0x73, 0x49, 0x4a,
    0xed, 0x5a, 0xed, 0x5a, 0xed, 0x52, 0xed, 0x5a, 0xac, 0x52, 0xcd, 0x52,
    0xf0, 0x7b, 0x08, 0x42, 0x29, 0x42, 0x29, 0x42, 0x29, 0x42, 0x29, 0x42,
    0x74, 0x84, 0x90, 0x6b, 0x0e, 0x5b, 0x0d, 0x5b, 0xed, 0x5a, 0xec, 0x5a,
    0x17, 0xce, 0x37, 0xce, 0x4a, 0x4a, 0x6a, 0x4a, 0x6a, 0x4a, 0x8a, 0x4a,
    0x6b, 0x4a, 0x6b, 0x4a, 0x6a, 0x4a, 0x6b, 0x4a, 0x6b, 0x4a, 0x6b, 0x42,
    0x14, 0xa5, 0x0c, 0x63, 0x4d, 0x6b, 0x4d, 0x6b, 0x4d, 0x6b, 0xaf, 0x83,
    0x32, 0xbc, 0x12, 0xbc, 0x12, 0xb4, 0x55, 0xbd, 0x17, 0xbe, 0x18, 0xbe,
    0x99, 0xce, 0x99, 0xce, 0x99, 0xce, 0x9a, 0xd6, 0x99, 0xce, 0xb9, 0xd6,
    0xba, 0xd6, 0xba, 0xd6, 0xda, 0xde, 0x96, 0xb5, 0xd3, 0x94, 0x72, 0x8c,
    0x51, 0x8c, 0x55, 0xad, 0xba, 0xde, 0xbd, 0xff, 0xbd, 0xff, 0x9d, 0xff,
    0x9c, 0xff, 0x9c, 0xff, 0x9c, 0xff, 0x9c, 0xff, 0x7d, 0xff, 0x9c, 0xf7,
    0x7c, 0xff, 0x7d, 0xff, 0x7c, 0xff, 0x9c, 0xf7, 0x7c, 0xf7, 0x7c, 0xff,
    0x7c, 0xf7, 0x9c, 0xff, 0x7c, 0xff, 0x7c, 0xf7, 0x9c, 0xff, 0x9d, 0xff,
    0x7c, 0xf7, 0x7c, 0xf7, 0x7c, 0xf7, 0x5c, 0xf7, 0x5c, 0xef, 0x5b, 0xef,
    0x3c, 0xef, 0x3b, 0xef, 0x3b, 0xef, 0x3c, 0xef, 0x3b, 0xef, 0x3b, 0xef,
    0x3c, 0xef, 0x3b, 0xef, 0x3c, 0xef, 0x3c, 0xef, 0x3c, 0xef, 0x3c, 0xef,
    0x3b, 0xef, 0x3c, 0xef, 0x3c, 0xef, 0x3c, 0xef, 0x3c, 0xef, 0x3c, 0xef,
    0x5c, 0xef, 0x5c, 0xef, 0x5c, 0xf7, 0x5c, 0xef, 0x5c, 0xef, 0x5c, 0xf7,
    0x5c, 0xef, 0x5c, 0xf7, 0x5d, 0xf7, 0x5c, 0xef, 0x7c, 0xf7, 0x5c, 0xf7,
    0x5c, 0xef, 0x5c, 0xf7, 0x5c, 0xef, 0x5c, 0xf7, 0x5c, 0xef, 0x5c, 0xf7,
    0x5c, 0xef, 0x5c, 0xf7, 0x7d, 0xf7, 0x5c, 0xef, 0x5c, 0xf7, 0x38, 0xf6,
    0x71, 0xfc, 0x71, 0xfc, 0x71, 0xfc, 0xc7, 0xf9, 0x71, 0xfc, 0x71, 0xf4,
    0x65, 0xf9, 0x71, 0xfc, 0x71, 0xfc, 0x71, 0xf4, 0x34, 0xf5, 0x5c, 0xef,
    0xfb, 0xee, 0x9a, 0xee, 0x99, 0xee, 0x99, 0xee, 0x79, 0xee, 0x7a, 0xee,
    0x79, 0xee, 0x79, 0xee, 0x79, 0xee, 0x79, 0xee, 0x79, 0xee, 0xbb, 0xe6,
    0x38, 0xee, 0x0c, 0xf3, 0x45, 0xf9, 0x45, 0xf9, 0x0c, 0xf3, 0x18, 0xee,
    0x51, 0xf4, 0x6d, 0xf3, 0xb7, 0xed, 0xe7, 0xf9, 0xd7, 0xed, 0xd7, 0xed,
    0x9a, 0xe6, 0x1b, 0xe7, 0x1b, 0xe7, 0x79, 0xee, 0xeb, 0xf2, 0x1c, 0xe7,
    0x9a, 0xee, 0x6d, 0xfb, 0x5c, 0xf7, 0x5d, 0xf7, 0x5c, 0xf7, 0x14, 0xf5,
    0xf3, 0xf4, 0x5d, 0xf7, 0x5c, 0xf7, 0x5c, 0xef, 0x5c, 0xef, 0x5c, 0xef,
    0x5c, 0xf7, 0x5c, 0xef, 0x5d, 0xf7, 0x5d, 0xef, 0x5c, 0xef, 0x5c, 0xef,
    0x5c, 0xef, 0x5d, 0xef, 0x5c, 0xef, 0x3c, 0xef, 0x3c, 0xef, 0x3c, 0xef,
    0x3c, 0xef, 0x3c, 0xe7, 0x3c, 0xe7, 0x3c, 0xef, 0x3c, 0xef, 0x5c, 0xef,
    0x5c, 0xef, 0x5c, 0xef, 0x5c, 0xf7, 0x5d, 0xf7, 0x5c, 0xef, 0x5c, 0xf7,
    0x5c, 0xef, 0x5c, 0xf7, 0x5c, 0xf7, 0x5c, 0xef, 0x5c, 0xef, 0x5c, 0xef,
    0x5c, 0xef, 0x3c, 0xef, 0xfb, 0xe6, 0x5c, 0xef, 0x5c, 0xef, 0x5c, 0xef,
    0x5c, 0xef, 0x5c, 0xef, 0xdb, 0xde, 0x3c, 0xef, 0x3c, 0xef, 0x5d, 0xef,
    0x7d, 0xf7, 0x7d, 0xf7, 0x3c, 0xe7, 0xbb, 0xd6, 0x5a, 0xce, 0xfb, 0xde,
    0x1c, 0xe7, 0x9a, 0xd6, 0xda, 0xde, 0xdb, 0xde, 0x38, 0xc6, 0x96, 0xa5,
    0x76, 0xa5, 0x96, 0x9d, 0x96, 0xa5, 0x96, 0xa5, 0x76, 0xa5, 0x96, 0xa5,
    0xf7, 0xad, 0xf7, 0xb5, 0x55, 0xa5, 0xd7, 0xbd, 0xda, 0xe6, 0xf6, 0xd5,
    0xd6, 0xcd, 0x95, 0xc5, 0x54, 0xbd, 0x13, 0xb5, 0xf2, 0xb4, 0xd2, 0xac,
    0x12, 0xb5, 0xf2, 0xac, 0xd2, 0xa4, 0xd5, 0x94, 0x99, 0x9d, 0xb5, 0x84,
    0x0c, 0x42, 0x69, 0x31, 0x69, 0x31, 0x48, 0x29, 0xce, 0x83, 0x91, 0x9c,
    0xef, 0x8b, 0xaa, 0x41, 0x07, 0x29, 0x69, 0x39, 0xed, 0x49, 0x2f, 0x52,
    0x4f, 0x52, 0x2e, 0x52, 0x0e, 0x52, 0xed, 0x49, 0xed, 0x41, 0xcc, 0x41,
    0xcc, 0x41, 0x8b, 0x39, 0x35, 0x74, 0x5f, 0xcf, 0xdd, 0xbe, 0xfa, 0xa5,
    0xdf, 0xf7, 0x3e, 0xc7, 0xdf, 0xe7, 0x1d, 0xc7, 0xbb, 0xa5, 0xdb, 0xa5,
    0xb7, 0x7c, 0x9a, 0x95, 0x9a, 0x9d, 0xb6, 0x84, 0x92, 0x6b, 0xb0, 0x52,
    0x8f, 0x52, 0x11, 0x63, 0xb3, 0x73, 0xd3, 0x7b, 0xd0, 0x5a, 0xd3, 0x73,
    0x92, 0x6b, 0x12, 0x7c, 0x32, 0x7c, 0xf0, 0x7b, 0x11, 0x7c, 0xf0, 0x7b,
    0xd0, 0x73, 0xd0, 0x73, 0xb0, 0x73, 0xb0, 0x73, 0xb0, 0x73, 0xb0, 0x73,
    0xaf, 0x6b, 0x6f, 0x6b, 0xaf, 0x7b, 0xae, 0x73, 0x11, 0x84, 0xf0, 0x7b,
    0x4a, 0x4a, 0x29, 0x42, 0xed, 0x5a, 0xcd, 0x52, 0xcd, 0x52, 0xcd, 0x52,
    0xcd, 0x52, 0xac, 0x52, 0xd0, 0x7b, 0x09, 0x42, 0x29, 0x42, 0x29, 0x42,
    0x29, 0x42, 0x29, 0x42, 0x94, 0x84, 0x90, 0x6b, 0x2e, 0x63, 0xed, 0x5a,
    0xac, 0x52, 0xb2, 0x9c, 0x17, 0xce, 0x13, 0xa5, 0x09, 0x42, 0x6a, 0x4a,
    0x6a, 0x4a, 0x6b, 0x4a, 0x6b, 0x52, 0x6b, 0x4a, 0x6a, 0x4a, 0x6b, 0x4a,
    0x6a, 0x4a, 0x6b, 0x42, 0xec, 0x62, 0x6d, 0x6b, 0x4d, 0x6b, 0x4d, 0x6b,
    0x6d, 0x6b, 0x32, 0xa4, 0xf1, 0xb3, 0xd1, 0xb3, 0x93, 0xac, 0xb9, 0xce,
    0x38, 0xc6, 0x79, 0xce, 0x79, 0xce, 0x99, 0xce, 0xfb, 0xe6, 0x5c, 0xf7,
    0x1b, 0xe7, 0xba, 0xd6, 0xba, 0xd6, 0xba, 0xd6, 0xba, 0xd6, 0xd7, 0xbd,
    0x79, 0xce, 0x79, 0xd6, 0xd7, 0xbd, 0xf4, 0x9c, 0x92, 0x94, 0xd3, 0x9c,
    0xfb, 0xe6, 0xbd, 0xff, 0x9d, 0xff, 0x9c, 0xff, 0x9c, 0xff, 0x9c, 0xff,
    0x7d, 0xff, 0x9c, 0xff, 0x9c, 0xff, 0x9c, 0xff, 0x7c, 0xff, 0x9c, 0xff,
    0x7c, 0xff, 0x7d, 0xff, 0x7c, 0xf7, 0x9d, 0xf7, 0x3b, 0xef, 0x5c, 0xf7,
    0x9c, 0xf7, 0x7c, 0xf7, 0x7c, 0xf7, 0x7c, 0xf7, 0x7c, 0xf7, 0x5c, 0xf7,
    0x5c, 0xef, 0x3c, 0xef, 0x3c, 0xef, 0x3c, 0xef, 0x3b, 0xef, 0x3c, 0xef,
    0x3c, 0xef, 0x3b, 0xef, 0x3c, 0xef, 0x3c, 0xef, 0x3b, 0xef, 0x3c, 0xef,
    0x3b, 0xef, 0x3c, 0xef, 0x3b, 0xef, 0x3c, 0xef, 0x3b, 0xef, 0x3b, 0xef,
    0x3c, 0xef, 0x3c, 0xef, 0x3c, 0xef, 0x3c, 0xef, 0x5c, 0xef, 0x5c, 0xef,
    0x5c, 0xef, 0x5c, 0xef, 0x5c, 0xef, 0x5c, 0xef, 0x5c, 0xef, 0x5c, 0xf7,
    0x5c, 0xef, 0x5c, 0xef, 0x5c, 0xf7, 0x5c, 0xef, 0x5c, 0xf7, 0x5c, 0xef,
    0x5c, 0xef, 0x5c, 0xf7, 0x5c, 0xef, 0x5c, 0xef, 0x5c, 0xf7, 0x5c, 0xef,
    0x5c, 0xf7, 0x5c, 0xf7, 0x5d, 0xef, 0x5c, 0xf7, 0x5c, 0xf7, 0xaa, 0xfa,
    0x5c, 0xef, 0x5d, 0xef, 0x69, 0xfa, 0x5c, 0xf7, 0x5d, 0xef, 0x5c, 0xef,
    0x5c, 0xf7, 0x5c, 0xef, 0xb2, 0xf4, 0x8e, 0xfb, 0x8e, 0xfb, 0x8e, 0xf3,
    0x8e, 0xf3, 0x28, 0xfa, 0xaa, 0xfa, 0x6e, 0xf3, 0x6e, 0xf3, 0x8e, 0xf3,
    0x6e, 0xf3, 0x13, 0xed, 0x1c, 0xe7, 0xfb, 0xe6, 0xcb, 0xfa, 0xab, 0xfa,
    0x1c, 0xe7, 0x55, 0xed, 0x66, 0xf9, 0x51, 0xec, 0x50, 0xec, 0xc7, 0xf9,
    0x51, 0xec, 0x51, 0xf4, 0xd7, 0xed, 0x1c, 0xe7, 0xfb, 0xe6, 0xaa, 0xf2,
    0x79, 0xe6, 0x1c, 0xe7, 0x99, 0xee, 0x6d, 0xf3, 0x3c, 0xef, 0x5c, 0xef,
    0x5c, 0xef, 0xf3, 0xf4, 0xf3, 0xf4, 0x5c, 0xef, 0x5c, 0xef, 0x5c, 0xef,
    0x5c, 0xef, 0x5c, 0xef, 0x5c, 0xef, 0x5c, 0xef, 0x5d, 0xef, 0x5c, 0xef,
    0x3c, 0xef, 0x3c, 0xef, 0x3c, 0xef, 0x3c, 0xef, 0x3c, 0xef, 0x3c, 0xe7,
    0x3c, 0xe7, 0x1c, 0xe7, 0x1c, 0xe7, 0x1b, 0xe7, 0x1b, 0xe7, 0x1b, 0xe7,
    0x1b, 0xe7, 0x1b, 0xe7, 0x1c, 0xe7, 0x1c, 0xe7, 0x1c, 0xe7, 0x3c, 0xef,
    0x3c, 0xef, 0x3c, 0xef, 0x5c, 0xef, 0x5c, 0xef, 0x5d, 0xef, 0x5c, 0xf7,
    0x5d, 0xf7, 0x5d, 0xef, 0x5c, 0xef, 0x5c, 0xef, 0x5c, 0xef, 0x5c, 0xef,
    0x5c, 0xef, 0x5c, 0xf7, 0x3c, 0xef, 0x3c, 0xef, 0x5d, 0xef, 0x7d, 0xf7,
    0x9d, 0xf7, 0xbe, 0xf7, 0x9e, 0xf7, 0x5c, 0xef, 0xdb, 0xde, 0x7a, 0xce,
    0x7a, 0xce, 0x1c, 0xe7, 0x3c, 0xe7, 0x79, 0xce, 0xba, 0xde, 0x3c, 0xe7,
    0xba, 0xd6, 0x97, 0xad, 0x96, 0xa5, 0x96, 0xa5, 0xd7, 0xb5, 0x38, 0xc6,
    0x18, 0xbe, 0xb7, 0xad, 0x38, 0xbe, 0x59, 0xc6, 0x75, 0xa5, 0x18, 0xc6,
    0xb9, 0xe6, 0xf6, 0xd5, 0xb6, 0xcd, 0x74, 0xc5, 0x33, 0xbd, 0x13, 0xb5,
    0x91, 0xac, 0xd2, 0xb4, 0xd2, 0xac, 0xb1, 0xa4, 0xd4, 0x9c, 0x79, 0x9d,
    0xb5, 0x84, 0xd6, 0x84, 0xf4, 0x83, 0xf0, 0x62, 0x0d, 0x4a, 0xcb, 0x41,
    0x0e, 0x6b, 0x70, 0x9c, 0xcf, 0x8b, 0x89, 0x41, 0x47, 0x31, 0x06, 0x21,
    0xec, 0x49, 0xed, 0x49, 0x4f, 0x52, 0x2e, 0x52, 0x2e, 0x4a, 0xed, 0x49,
    0xec, 0x41, 0xcc, 0x41, 0xcc, 0x41, 0x8b, 0x31, 0x1c, 0xae, 0x7f, 0xd7,
    0xbd, 0xbe, 0x1b, 0xa6, 0xdf, 0xf7, 0xfd, 0xbe, 0xdf, 0xe7, 0x3e, 0xcf,
    0xdb, 0xa5, 0xdb, 0xa5, 0x39, 0x95, 0x39, 0x8d, 0xdb, 0x9d, 0x38, 0x8d,
    0x96, 0x7c, 0xcf, 0x52, 0x6e, 0x52, 0xf0, 0x62, 0xb3, 0x73, 0xd3, 0x7b,
    0x31, 0x63, 0x52, 0x6b, 0xb3, 0x73, 0x13, 0x7c, 0x12, 0x7c, 0x11, 0x7c,
    0xf1, 0x7b, 0xd0, 0x73, 0xd0, 0x73, 0xd0, 0x73, 0xb0, 0x73, 0xb0, 0x73,
    0xb0, 0x73, 0xb0, 0x73, 0x90, 0x73, 0xb0, 0x73, 0x92, 0x94, 0x71, 0x8c,
    0xcf, 0x7b, 0x69, 0x4a, 0x09, 0x42, 0x08, 0x42, 0xb0, 0x73, 0x2e, 0x63,
    0x6f, 0x63, 0x4f, 0x63, 0x0d, 0x5b, 0xd1, 0x73, 0x32, 0x8c, 0x08, 0x42,
    0x29, 0x42, 0x29, 0x42, 0x29, 0x42, 0x29, 0x42, 0x94, 0x84, 0x2f, 0x5b,
    0x2e, 0x63, 0xed, 0x5a, 0xcc, 0x5a, 0x17, 0xc6, 0x38, 0xd6, 0xcc, 0x5a,
    0x4a, 0x4a, 0x6a, 0x4a, 0x6a, 0x4a, 0x6b, 0x4a, 0x6b, 0x4a, 0x6a, 0x4a,
    0x6b, 0x4a, 0x6b, 0x4a, 0x6a, 0x4a, 0x6c, 0x42, 0xae, 0x73, 0xcf, 0x7b,
    0x4d, 0x6b, 0x4d, 0x63, 0xef, 0x83, 0x11, 0xa4, 0x14, 0xbd, 0x59, 0xce,
    0x38, 0xc6, 0x58, 0xc6, 0x38, 0xc6, 0x78, 0xc6, 0x79, 0xce, 0x79, 0xce,
    0x5c, 0xef, 0x9c, 0xff, 0x9c, 0xf7, 0xfa, 0xde, 0x9a, 0xd6, 0x9a, 0xd6,
    0x9a, 0xd6, 0x79, 0xce, 0x55, 0xa5, 0xba, 0xd6, 0x9a, 0xd6, 0x9a, 0xd6,
    0xf8, 0xbd, 0xd3, 0x9c, 0x72, 0x94, 0xfb, 0xe6, 0xbd, 0xff, 0x9d, 0xff,
    0x9d, 0xf7, 0x7c, 0xf7, 0x7c, 0xff, 0x7d, 0xff, 0x9d, 0xf7, 0x7c, 0xf7,
    0x9c, 0xff, 0x7c, 0xff, 0x9d, 0xff, 0x9d, 0xff, 0x9d, 0xff, 0x5c, 0xef,
    0x3c, 0xef, 0x9d, 0xf7, 0x9d, 0xf7, 0x9d, 0xf7, 0x7c, 0xf7, 0x7c, 0xf7,
    0x7c, 0xf7, 0x5c, 0xf7, 0x3c, 0xef, 0x3c, 0xef, 0x3c, 0xef, 0x3b, 0xef,
    0x3c, 0xef, 0x3c, 0xef, 0x3c, 0xef, 0x3c, 0xef, 0x3c, 0xef, 0x5c, 0xef,
    0x3c, 0xef, 0x3c, 0xef, 0x5c, 0xef, 0x3b, 0xef, 0x3c, 0xef, 0x3b, 0xef,
    0x3b, 0xef, 0x3c, 0xef, 0x3b, 0xef, 0x3b, 0xef, 0x3c, 0xef, 0x3c, 0xef,
    0x3c, 0xef, 0x3c, 0xef, 0x3c, 0xef, 0x5c, 0xef, 0x3c, 0xef, 0x3c, 0xef,
    0x3c, 0xef, 0x5c, 0xf7, 0x3c, 0xef, 0x3c, 0xef, 0x5c, 0xef, 0x3c, 0xf7,
    0x5c, 0xef, 0x3c, 0xef, 0x5c, 0xf7, 0x3c, 0xef, 0x5d, 0xf7, 0x5c, 0xef,
    0x5c, 0xf7, 0x5d, 0xf7, 0x5c, 0xef, 0x5c, 0xf7, 0x5d, 0xef, 0x5c, 0xef,
    0x79, 0xf6, 0x2c, 0xfb, 0x5c, 0xef, 0x5c, 0xef, 0x6a, 0xfa, 0x5c, 0xef,
    0x5c, 0xef, 0x5c, 0xef, 0x3c, 0xef, 0x3c, 0xef, 0x3c, 0xef, 0x3c, 0xef,
    0xfb, 0xee, 0x31, 0xf4, 0x1c, 0xe7, 0x71, 0xf4, 0x75, 0xed, 0x1c, 0xe7,
    0x8e, 0xf3, 0xfb, 0xe6, 0x1c, 0xe7, 0x1c, 0xe7, 0x1c, 0xe7, 0xdb, 0xee,
    0x0c, 0xf3, 0xaa, 0xf2, 0xfb, 0xe6, 0x6d, 0xf3, 0x45, 0xf9, 0xeb, 0xf2,
    0xeb, 0xf2, 0x45, 0xf9, 0xeb, 0xf2, 0xeb, 0xf2, 0x59, 0xe6, 0xfb, 0xe6,
    0x2c, 0xf3, 0x8a, 0xfa, 0xcf, 0xf3, 0xeb, 0xf2, 0xb6, 0xed, 0x65, 0xf9,
    0xcb, 0xf2, 0xcb, 0xf2, 0xcb, 0xfa, 0xe7, 0xf9, 0xd3, 0xf4, 0x3c, 0xef,
    0x3c, 0xef, 0x3c, 0xef, 0x3c, 0xef, 0x3d, 0xef, 0x3c, 0xe7, 0x3c, 0xef,
    0x1c, 0xe7, 0x3c, 0xef, 0x3c, 0xef, 0x3c, 0xe7, 0x1c, 0xe7, 0x1c, 0xef,
    0x1c, 0xe7, 0x3c, 0xe7, 0x1c, 0xe7, 0x1b, 0xe7, 0x1b, 0xe7, 0x1c, 0xe7,
    0xfb, 0xe6, 0xfb, 0xe6, 0xfb, 0xe6, 0xfb, 0xe6, 0x1b, 0xe7, 0xfb, 0xe6,
    0x1b, 0xe7, 0x1b, 0xe7, 0x1c, 0xe7, 0x1b, 0xe7, 0x1c, 0xe7, 0x3c, 0xe7,
    0x3c, 0xef, 0x3c, 0xef, 0x5c, 0xef, 0x3c, 0xef, 0x3c, 0xef, 0x5d, 0xf7,
    0x5c, 0xef, 0x5c, 0xef, 0x5d, 0xef, 0x5d, 0xf7, 0x7d, 0xf7, 0x9d, 0xf7,
    0x9e, 0xf7, 0x9e, 0xf7, 0x7d, 0xf7, 0x3c, 0xe7, 0x1c, 0xe7, 0x3c, 0xe7,
    0x3c, 0xe7, 0x1c, 0xe7, 0xfb, 0xde, 0xba, 0xde, 0xba, 0xde, 0x79, 0xce,
    0xba, 0xd6, 0xbb, 0xde, 0x39, 0xc6, 0xb6, 0xad, 0x96, 0xa5, 0xd7, 0xb5,
    0x99, 0xd6, 0x1b, 0xdf, 0xdb, 0xde, 0x59, 0xc6, 0x18, 0xb6, 0x18, 0xb6,
    0x75, 0xa5, 0x58, 0xce, 0xb9, 0xe6, 0xd6, 0xcd, 0x95, 0xc5, 0x54, 0xbd,
    0x13, 0xb5, 0xd2, 0xac, 0x91, 0xac, 0xb1, 0xac, 0x90, 0xa4, 0xd3, 0x9c,
    0xd6, 0x8c, 0xb5, 0x84, 0x95, 0x84, 0x78, 0x95, 0x10, 0x53, 0xd3, 0x83,
    0x8f, 0x5a, 0x0d, 0x4a, 0xb0, 0x7b, 0x8c, 0x5a, 0x2e, 0x73, 0xab, 0x62,
    0x6a, 0x52, 0x07, 0x21, 0x48, 0x31, 0xcd, 0x49, 0x2e, 0x52, 0x2e, 0x52,
    0x0e, 0x4a, 0xed, 0x49, 0xec, 0x41, 0xcc, 0x41, 0xac, 0x39, 0x10, 0x5b,
    0x1e, 0xc7, 0x3f, 0xcf, 0xbc, 0xbe, 0x7c, 0xae, 0xff, 0xf7, 0xfd, 0xbe,
    0x9f, 0xdf, 0x5e, 0xcf, 0xfb, 0xa5, 0xdb, 0xa5, 0xdb, 0xa5, 0x19, 0x8d,
    0x9a, 0x9d, 0xdb, 0xa5, 0xf8, 0x8c, 0xd3, 0x6b, 0x4e, 0x4a, 0xcf, 0x5a,
    0x72, 0x73, 0xd3, 0x7b, 0xb3, 0x73, 0xaf, 0x5a, 0xf4, 0x7b, 0xd3, 0x73,
    0x33, 0x84, 0x11, 0x7c, 0xd0, 0x7b, 0xd0, 0x7b, 0xb0, 0x73, 0xb0, 0x73,
    0xb0, 0x73, 0xd0, 0x7b, 0xf0, 0x7b, 0x31, 0x84, 0x93, 0x8c, 0xd4, 0x9c,
    0x55, 0xad, 0xcf, 0x7b, 0x29, 0x42, 0x08, 0x42, 0x29, 0x42, 0xe8, 0x39,
    0xd1, 0x73, 0x11, 0x7c, 0x4f, 0x63, 0xcd, 0x5a, 0x32, 0x7c, 0x32, 0x7c,
    0x52, 0x8c, 0x08, 0x42, 0x29, 0x42, 0x29, 0x42, 0x29, 0x42, 0x2a, 0x42,
    0x53, 0x84, 0x2f, 0x63, 0xed, 0x5a, 0xcd, 0x52, 0x71, 0x94, 0x17, 0xce,
    0x75, 0xb5, 0x09, 0x3a, 0x6b, 0x4a, 0x6a, 0x4a, 0x6b, 0x4a, 0x6b, 0x4a,
    0x6a, 0x4a, 0x6a, 0x4a, 0x6b, 0x4a, 0x6a, 0x4a, 0x4a, 0x4a, 0x4c, 0x42,
    0xef, 0x7b, 0xef, 0x83, 0xf0, 0x83, 0xef, 0x7b, 0x31, 0x94, 0x11, 0x9c,
    0xf4, 0xac, 0x99, 0xce, 0x58, 0xc6, 0x58, 0xbe, 0x58, 0xc6, 0x58, 0xc6,
    0x38, 0xbe, 0x38, 0xc6, 0x5c, 0xf7, 0xbd, 0xff, 0x9d, 0xff, 0x5c, 0xf7,
    0xba, 0xd6, 0xba, 0xce, 0x9a, 0xd6, 0x9a, 0xd6, 0x59, 0xce, 0x34, 0xad,
    0xba, 0xd6, 0x9a, 0xd6, 0xd7, 0xbd, 0xdb, 0xde, 0x96, 0xb5, 0x72, 0x94,
    0x79, 0xde, 0x9d, 0xff, 0x7a, 0xf6, 0x9c, 0xff, 0x9c, 0xff, 0x9c, 0xff,
    0x7c, 0xff, 0x7d, 0xff, 0x9c, 0xf7, 0x3c, 0xef, 0x58, 0xce, 0x17, 0xc6,
    0xfa, 0xe6, 0xfa, 0xe6, 0x3b, 0xef, 0x7c, 0xf7, 0x9d, 0xff, 0x9d, 0xff,
    0x9c, 0xf7, 0x7c, 0xf7, 0x7c, 0xf7, 0x5c, 0xf7, 0x5c, 0xef, 0x5c, 0xef,
    0x5c, 0xef, 0x5c, 0xef, 0x5c, 0xef, 0x5c, 0xef, 0x5c, 0xef, 0x5c, 0xef,
    0x5c, 0xef, 0x5c, 0xef, 0x5c, 0xef, 0x5c, 0xef, 0x5c, 0xef, 0x3c, 0xef,
    0x3c, 0xef, 0x3c, 0xef, 0x3c, 0xef, 0x3c, 0xef, 0x3c, 0xef, 0x3c, 0xef,
    0x3c, 0xef, 0x3c, 0xe7, 0x3c, 0xef, 0x3c, 0xef, 0x3c, 0xef, 0x3c, 0xef,
    0x3c, 0xef, 0x3c, 0xef, 0x3c, 0xef, 0x3c, 0xef, 0x3c, 0xef, 0x3c, 0xef,
    0x3c, 0xef, 0x3c, 0xef, 0x3c, 0xef, 0x5c, 0xf7, 0x3c, 0xef, 0x3c, 0xef,
    0x3c, 0xef, 0x5c, 0xef, 0x3c, 0xef, 0x5c, 0xef, 0x5c, 0xef, 0x5c, 0xef,
    0x5c, 0xef, 0x5c, 0xef, 0xae, 0xfb, 0x96, 0xf5, 0x3c, 0xef, 0x5c, 0xef,
    0x6a, 0xfa, 0x5c, 0xef, 0x3c, 0xef, 0x3c, 0xef, 0xd3, 0xf4, 0x3c, 0xef,
    0x3c, 0xe7, 0x1c, 0xe7, 0x2c, 0xf3, 0x34, 0xed, 0x1c, 0xe7, 0x71, 0xf4,
    0x75, 0xed, 0x1c, 0xe7, 0x14, 0xed, 0xaa, 0xfa, 0x1c, 0xe7, 0x1c, 0xe7,
    0x1c, 0xef, 0x38, 0xee, 0xae, 0xf3, 0xaa, 0xf2, 0x1c, 0xe7, 0x34, 0xed,
    0x8a, 0xfa, 0x9a, 0xe6, 0x7a, 0xe6, 0xcb, 0xfa, 0x79, 0xe6, 0x79, 0xe6,
    0xfb, 0xe6, 0xdb, 0xe6, 0xef, 0xf3, 0xf3, 0xec, 0x59, 0xe6, 0xfb, 0xe6,
    0x79, 0xe6, 0x4d, 0xf3, 0x1c, 0xe7, 0x1c, 0xe7, 0x1c, 0xe7, 0xf3, 0xf4,
    0xd3, 0xec, 0x3c, 0xe7, 0x3c, 0xe7, 0x1c, 0xe7, 0x1c, 0xe7, 0x1c, 0xe7,
    0x1c, 0xe7, 0x1b, 0xe7, 0x1c, 0xe7, 0x1c, 0xe7, 0x1c, 0xe7, 0x1c, 0xe7,
    0x1c, 0xe7, 0x3c, 0xe7, 0x3c, 0xef, 0x1c, 0xef, 0x1b, 0xe7, 0x1c, 0xef,
    0x1c, 0xe7, 0x1b, 0xe7, 0xfb, 0xe6, 0xfb, 0xe6, 0xfb, 0xe6, 0xfb, 0xe6,
    0xfb, 0xe6, 0xfb, 0xe6, 0x1b, 0xe7, 0xfb, 0xe6, 0xfb, 0xe6, 0x1b, 0xe7,
    0x1b, 0xe7, 0x1c, 0xe7, 0x1b, 0xe7, 0x1c, 0xe7, 0x3c, 0xef, 0x3c, 0xef,
    0x5c, 0xef, 0x5d, 0xef, 0x5d, 0xf7, 0x7d, 0xf7, 0x7d, 0xf7, 0x9d, 0xf7,
    0x9e, 0xf7, 0x7d, 0xf7, 0x5d, 0xef, 0x3c, 0xef, 0xfb, 0xde, 0x59, 0xc6,
    0x9a, 0xd6, 0x1b, 0xe7, 0x1c, 0xe7, 0x1b, 0xe7, 0xfb, 0xde, 0x79, 0xce,
    0x18, 0xbe, 0xf8, 0xb5, 0xf8, 0xbd, 0xf7, 0xbd, 0xd7, 0xb5, 0xf7, 0xb5,
    0x59, 0xc6, 0x79, 0xce, 0x79, 0xce, 0xfb, 0xde, 0xfb, 0xde, 0x99, 0xd6,
    0xf7, 0xb5, 0xb7, 0xa5, 0x55, 0xa5, 0x59, 0xce, 0x99, 0xe6, 0xd6, 0xcd,
    0x74, 0xc5, 0x13, 0xbd, 0xf2, 0xb4, 0xb1, 0xac, 0x90, 0xa4, 0x91, 0x9c,
    0x56, 0xa5, 0x19, 0xb6, 0x57, 0x9d, 0x95, 0x7c, 0x78, 0x9d, 0xf7, 0x8c,
    0x6e, 0x42, 0x91, 0x6b, 0xf3, 0x83, 0x4f, 0x5a, 0x0d, 0x4a, 0xec, 0x41,
    0xaa, 0x39, 0xce, 0x83, 0xeb, 0x5a, 0xc6, 0x20, 0xe6, 0x20, 0xec, 0x41,
    0xed, 0x41, 0x2e, 0x4a, 0x0d, 0x4a, 0xed, 0x49, 0xec, 0x41, 0xcc, 0x41,
    0x8b, 0x31, 0x59, 0x9d, 0x5f, 0xd7, 0x1e, 0xc7, 0xbc, 0xbe, 0xbc, 0xbe,
    0xdf, 0xef, 0x5e, 0xcf, 0x5f, 0xd7, 0x1e, 0xcf, 0xd9, 0xa5, 0xd3, 0x73,
    0xd3, 0x73, 0xd7, 0x84, 0x38, 0x95, 0xba, 0x9d, 0x9a, 0x9d, 0xb6, 0x84,
    0xaf, 0x52, 0xd0, 0x5a, 0x10, 0x63, 0xd3, 0x7b, 0xf4, 0x7b, 0xb0, 0x5a,
    0x93, 0x73, 0xb2, 0x73, 0x54, 0x84, 0xf0, 0x7b, 0x11, 0x7c, 0x32, 0x84,
    0x52, 0x8c, 0x93, 0x94, 0xd4, 0x9c, 0x15, 0x9d, 0x15, 0xa5, 0x15, 0x9d,
    0xd4, 0x94, 0x52, 0x8c, 0x52, 0x8c, 0xab, 0x52, 0x09, 0x42, 0x08, 0x42,
    0x08, 0x42, 0x08, 0x3a, 0xf1, 0x7b, 0x11, 0x74, 0xd1, 0x73, 0x2e, 0x5b,
    0x32, 0x7c, 0x32, 0x7c, 0x52, 0x8c, 0x09, 0x42, 0x29, 0x42, 0x49, 0x42,
    0x29, 0x42, 0x4a, 0x4a, 0x53, 0x84, 0x0d, 0x5b, 0xed, 0x5a, 0xed, 0x5a,
    0xf6, 0xc5, 0x37, 0xce, 0x0c, 0x63, 0x4a, 0x42, 0x6a, 0x4a, 0x6b, 0x4a,
    0x6b, 0x4a, 0x6a, 0x4a, 0x6a, 0x4a, 0x6b, 0x4a, 0x6a, 0x4a, 0x6a, 0x4a,
    0x4a, 0x4a, 0x4b, 0x42, 0xf0, 0x83, 0x50, 0x8c, 0x10, 0x84, 0xf7, 0xc5,
    0x55, 0xb5, 0x59, 0xce, 0x79, 0xce, 0x58, 0xc6, 0x58, 0xc6, 0x38, 0xbe,
    0x38, 0xbe, 0x17, 0xb6, 0xf7, 0xb5, 0xb9, 0xd6, 0xbd, 0xff, 0xbd, 0xff,
    0xbd, 0xff, 0xbd, 0xff, 0x1b, 0xe7, 0xba, 0xd6, 0x99, 0xd6, 0x99, 0xd6,
    0x99, 0xd6, 0x18, 0xc6, 0x75, 0xb5, 0xba, 0xd6, 0xdb, 0xde, 0x9c, 0xf7,
    0xbd, 0xff, 0xdb, 0xe6, 0x72, 0x94, 0x55, 0xc5, 0x77, 0xed, 0x79, 0xee,
    0x9d, 0xff, 0x9c, 0xff, 0x9c, 0xff, 0x9d, 0xf7, 0x1b, 0xe7, 0xf7, 0xc5,
    0x55, 0xad, 0x95, 0xb5, 0x58, 0xce, 0x34, 0xad, 0xd2, 0x9c, 0x54, 0xad,
    0x78, 0xd6, 0x5c, 0xf7, 0x9d, 0xff, 0x7c, 0xf7, 0x7c, 0xf7, 0x7c, 0xf7,
    0x5b, 0xf7, 0x5b, 0xf7, 0x5b, 0xef, 0x5c, 0xf7, 0x5c, 0xef, 0x5b, 0xef,
    0x5c, 0xf7, 0x5c, 0xef, 0x3c, 0xef, 0x3c, 0xf7, 0x5c, 0xef, 0x5c, 0xf7,
    0x3c, 0xef, 0x3c, 0xef, 0x3c, 0xef, 0x3c, 0xef, 0x3b, 0xef, 0x3c, 0xe7,
    0x3c, 0xef, 0x3c, 0xe7, 0x1b, 0xe7, 0x1b, 0xe7, 0x3c, 0xef, 0x3c, 0xef,
    0x3b, 0xef, 0x3b, 0xef, 0x3c, 0xef, 0x3b, 0xef, 0x3b, 0xef, 0x3c, 0xef,
    0x3b, 0xef, 0x3c, 0xef, 0x3c, 0xef, 0x3c, 0xef, 0x3c, 0xef, 0x3c, 0xef,
    0x3c, 0xef, 0x3c, 0xef, 0x3c, 0xf7, 0x3c, 0xef, 0x3c, 0xef, 0x3c, 0xf7,
    0x5c, 0xef, 0x5c, 0xef, 0x5c, 0xf7, 0xb6, 0xf5, 0x6a, 0xfa, 0x3c, 0xef,
    0x3c, 0xef, 0x3c, 0xef, 0x69, 0xfa, 0x3c, 0xef, 0x3c, 0xef, 0x3c, 0xef,
    0x8a, 0xfa, 0x1c, 0xe7, 0x1b, 0xe7, 0x8e, 0xf3, 0xcf, 0xf3, 0x1b, 0xe7,
    0x1b, 0xe7, 0x51, 0xf4, 0x75, 0xed, 0x1c, 0xe7, 0x1c, 0xe7, 0x50, 0xf4,
    0x8e, 0xf3, 0x1c, 0xe7, 0x1c, 0xe7, 0xd3, 0xf4, 0xf3, 0xec, 0xaa, 0xfa,
    0x92, 0xf4, 0xef, 0xf3, 0x86, 0xf9, 0x4d, 0xf3, 0x4d, 0xf3, 0x65, 0xf9,
    0x4d, 0xf3, 0x4d, 0xf3, 0x39, 0xee, 0x1c, 0xe7, 0x1c, 0xe7, 0xfc, 0xe6,
    0x9a, 0xe6, 0xb3, 0xec, 0x34, 0xed, 0x4d, 0xf3, 0x1c, 0xe7, 0x1b, 0xe7,
    0x1b, 0xe7, 0xf3, 0xec, 0xd3, 0xec, 0x1b, 0xe7, 0x1c, 0xe7, 0x1c, 0xe7,
    0x1b, 0xe7, 0x1b, 0xe7, 0x1b, 0xe7, 0x1c, 0xe7, 0x1b, 0xe7, 0x1b, 0xe7,
    0x1b, 0xe7, 0x1b, 0xe7, 0x1b, 0xe7, 0x1b, 0xe7, 0x3c, 0xef, 0x3c, 0xe7,
    0x1c, 0xe7, 0x1b, 0xe7, 0x1c, 0xe7, 0x1c, 0xe7, 0xfb, 0xe6, 0xfb, 0xde,
    0xfb, 0xde, 0xdb, 0xde, 0xdb, 0xde, 0xfb, 0xde, 0xfb, 0xde, 0xfc, 0xe6,
    0x1c, 0xe7, 0x1c, 0xe7, 0x1c, 0xe7, 0x3c, 0xe7, 0x3c, 0xef, 0x5d, 0xef,
    0x5d, 0xef, 0x7d, 0xf7, 0x7d, 0xf7, 0x7d, 0xef, 0x7d, 0xf7, 0x7d, 0xf7,
    0x7d, 0xef, 0x5d, 0xef, 0x5c, 0xef, 0x5c, 0xef, 0x5c, 0xef, 0x3c, 0xef,
    0xfb, 0xe6, 0x38, 0xc6, 0xf7, 0xbd, 0x79, 0xce, 0x79, 0xce, 0x59, 0xce,
    0x58, 0xc6, 0xf7, 0xbd, 0xb7, 0xb5, 0xb6, 0xad, 0xb6, 0xad, 0xb7, 0xad,
    0xf7, 0xb5, 0xba, 0xd6, 0xfb, 0xde, 0x58, 0xc6, 0xd7, 0xb5, 0x39, 0xc6,
    0x59, 0xce, 0x18, 0xc6, 0xd7, 0xad, 0x96, 0xad, 0x56, 0x9d, 0x37, 0xc6,
    0x17, 0xd6, 0x75, 0xc5, 0x33, 0xbd, 0xf2, 0xb4, 0xd2, 0xac, 0x70, 0xa4,
    0xd3, 0x9c, 0x76, 0xa5, 0x36, 0x9d, 0xd8, 0xad, 0xf6, 0x8c, 0x38, 0x95,
    0xb9, 0xa5, 0xf3, 0x6b, 0x8e, 0x42, 0x6d, 0x42, 0x13, 0x7c, 0x35, 0x94,
    0x6f, 0x52, 0x0d, 0x4a, 0xeb, 0x49, 0x8f, 0x73, 0x2f, 0x84, 0x50, 0x8c,
    0xa5, 0x18, 0x89, 0x31, 0xcc, 0x41, 0x0e, 0x4a, 0x0e, 0x4a, 0xed, 0x49,
    0xcc, 0x41, 0xac, 0x41, 0x2d, 0x4a, 0xfe, 0xc6, 0x5f, 0xcf, 0x3e, 0xc7,
    0x1d, 0xc7, 0xfd, 0xc6, 0xbf, 0xe7, 0xdf, 0xef, 0x7e, 0xcf, 0xbb, 0xc6,
    0x52, 0x94, 0x52, 0x94, 0x92, 0x6b, 0x35, 0x74, 0x18, 0x8d, 0x79, 0x95,
    0xdb, 0xa5, 0x9a, 0x9d, 0xb3, 0x73, 0xf0, 0x5a, 0xaf, 0x52, 0xd3, 0x7b,
    0xd4, 0x7b, 0x11, 0x63, 0x31, 0x6b, 0xf4, 0x7b, 0xb5, 0x8c, 0xf5, 0x9c,
    0x15, 0x9d, 0x15, 0x9d, 0xf4, 0x9c, 0xb4, 0x94, 0x73, 0x8c, 0x52, 0x84,
    0x11, 0x7c, 0xd0, 0x7b, 0xb0, 0x73, 0x8f, 0x73, 0x11, 0x84, 0xcb, 0x5a,
    0x28, 0x42, 0x29, 0x42, 0x09, 0x42, 0xe8, 0x41, 0x12, 0x7c, 0xf1, 0x73,
    0xed, 0x52, 0x0d, 0x5b, 0xd1, 0x73, 0x32, 0x84, 0x52, 0x8c, 0x29, 0x42,
    0x29, 0x42, 0x29, 0x42, 0x4a, 0x42, 0x4a, 0x4a, 0x0d, 0x5b, 0xcd, 0x5a,
    0xcd, 0x5a, 0x30, 0x84, 0x17, 0xc6, 0x75, 0xb5, 0xe9, 0x39, 0x6a, 0x4a,
    0x6a, 0x4a, 0x6a, 0x4a, 0x6a, 0x4a, 0x6a, 0x4a, 0x6b, 0x4a, 0x4a, 0x4a,
    0x4b, 0x4a, 0x4a, 0x42, 0x4a, 0x4a, 0x4c, 0x42, 0xef, 0x83, 0x71, 0x8c,
    0x34, 0x9d, 0x55, 0xa5, 0x59, 0xce, 0x79, 0xc6, 0x38, 0xc6, 0x38, 0xbe,
    0x18, 0xb6, 0xd7, 0xad, 0x55, 0xa5, 0x55, 0x9d, 0xb6, 0xb5, 0xda, 0xde,
    0xbd, 0xff, 0xbd, 0xff, 0xbd, 0xff, 0xbd, 0xff, 0x9d, 0xff, 0x5c, 0xf7,
    0x3b, 0xef, 0xda, 0xde, 0xda, 0xde, 0x38, 0xce, 0x92, 0x94, 0x79, 0xd6,
    0xba, 0xde, 0x7c, 0xf7, 0x9d, 0xff, 0xbd, 0xff, 0x9d, 0xff, 0xd7, 0xc5,
    0x35, 0xbd, 0x39, 0xde, 0xde, 0xff, 0xdb, 0xe6, 0x9d, 0xff, 0x9c, 0xf7,
    0x9c, 0xf7, 0x7d, 0xf7, 0x5c, 0xf7, 0x9a, 0xd6, 0x3c, 0xef, 0xb6, 0xbd,
    0x96, 0xb5, 0x17, 0xc6, 0xd2, 0x9c, 0x13, 0xa5, 0x1b, 0xef, 0x9c, 0xf7,
    0x7c, 0xf7, 0x5c, 0xf7, 0x5c, 0xef, 0x5c, 0xef, 0x5c, 0xf7, 0x5c, 0xf7,
    0x5c, 0xf7, 0x5c, 0xf7, 0x5c, 0xf7, 0x5c, 0xf7, 0x5c, 0xf7, 0x5c, 0xf7,
    0x5c, 0xf7, 0x5c, 0xf7, 0x5c, 0xf7, 0x5c, 0xef, 0x5c, 0xef, 0x5c, 0xef,
    0x3c, 0xef, 0x3c, 0xef, 0x3b, 0xef, 0x3c, 0xe7, 0x1c, 0xe7, 0x1b, 0xef,
    0x3c, 0xef, 0x3c, 0xe7, 0x3c, 0xef, 0x3b, 0xef, 0x3c, 0xef, 0x3b, 0xef,
    0x3c, 0xef, 0x3c, 0xef, 0x3b, 0xef, 0x3b, 0xef, 0x3c, 0xef, 0x3c, 0xef,
    0x3b, 0xef, 0x3c, 0xef, 0x3c, 0xef, 0x3c, 0xf7, 0x3c, 0xef, 0x5c, 0xef,
    0x3c, 0xf7, 0x3c, 0xef, 0x3c, 0xef, 0x3c, 0xef, 0x92, 0xf4, 0x69, 0xfa,
    0xdb, 0xee, 0x3c, 0xef, 0x3c, 0xef, 0x3c, 0xef, 0x28, 0xfa, 0xba, 0xee,
    0xba, 0xe6, 0x18, 0xee, 0xeb, 0xf2, 0x1c, 0xe7, 0xaa, 0xf2, 0x50, 0xf4,
    0x1b, 0xe7, 0x38, 0xee, 0x1c, 0xe7, 0x51, 0xf4, 0x75, 0xed, 0x1c, 0xe7,
    0x1c, 0xe7, 0x1c, 0xef, 0x4c, 0xf3, 0xf3, 0xf4, 0x1c, 0xe7, 0xaa, 0xf2,
    0xba, 0xe6, 0x8e, 0xf3, 0xcf, 0xf3, 0x1c, 0xe7, 0xa6, 0xf9, 0xcf, 0xf3,
    0xcf, 0xf3, 0xa6, 0xf9, 0xcf, 0xf3, 0xcf, 0xf3, 0xb6, 0xed, 0x59, 0xe6,
    0xcb, 0xf2, 0x8a, 0xf2, 0x2c, 0xf3, 0xef, 0xf3, 0xf0, 0xf3, 0x29, 0xfa,
    0x92, 0xec, 0xb2, 0xec, 0xb2, 0xec, 0x2c, 0xf3, 0x2c, 0xf3, 0x17, 0xee,
    0x1c, 0xe7, 0x1b, 0xe7, 0x1b, 0xe7, 0x1c, 0xe7, 0x1b, 0xe7, 0x1b, 0xe7,
    0x1c, 0xe7, 0x1c, 0xe7, 0x1b, 0xe7, 0x1c, 0xe7, 0x3c, 0xef, 0x1c, 0xe7,
    0x1b, 0xe7, 0x1b, 0xe7, 0x3c, 0xef, 0x3c, 0xef, 0x1c, 0xe7, 0x3c, 0xe7,
    0x3c, 0xe7, 0x3c, 0xe7, 0x3c, 0xe7, 0x3d, 0xef, 0x5d, 0xef, 0x5d, 0xef,
    0x7d, 0xef, 0x7d, 0xef, 0x7d, 0xef, 0x7d, 0xf7, 0x7d, 0xef, 0x7d, 0xf7,
    0x7d, 0xf7, 0x7d, 0xef, 0x7d, 0xef, 0x7d, 0xef, 0x5d, 0xef, 0x5d, 0xef,
    0x3c, 0xef, 0x1c, 0xe7, 0x1b, 0xe7, 0x1c, 0xe7, 0x3c, 0xef, 0x5c, 0xef,
    0x7d, 0xf7, 0x5d, 0xf7, 0x1b, 0xe7, 0x38, 0xc6, 0xd6, 0xb5, 0xf7, 0xb5,
    0xd7, 0xb5, 0xd7, 0xb5, 0xd7, 0xad, 0xb7, 0xad, 0xb6, 0xa5, 0x76, 0xa5,
    0x96, 0xa5, 0x96, 0x9d, 0xf7, 0xb5, 0xba, 0xd6, 0x79, 0xce, 0xd7, 0xad,
    0x96, 0xa5, 0x96, 0xa5, 0xb7, 0xad, 0xf7, 0xb5, 0x59, 0xc6, 0xd7, 0xb5,
    0x96, 0xa5, 0xf4, 0x9c, 0xb5, 0xc5, 0x54, 0xbd, 0x33, 0xb5, 0xb2, 0xa4,
    0x92, 0x94, 0x55, 0xa5, 0x76, 0x9d, 0x56, 0x9d, 0x57, 0xa5, 0x57, 0x95,
    0x17, 0x8d, 0x99, 0x9d, 0x58, 0x95, 0x31, 0x5b, 0x6e, 0x4a, 0x8e, 0x4a,
    0x4c, 0x42, 0x74, 0x84, 0x17, 0xa5, 0x10, 0x6b, 0xcb, 0x49, 0xef, 0x83,
    0x0e, 0x84, 0x14, 0xbe, 0xe5, 0x20, 0xc6, 0x20, 0xec, 0x41, 0xed, 0x49,
    0x0d, 0x4a, 0xed, 0x49, 0xcc, 0x41, 0xac, 0x41, 0x51, 0x63, 0x5f, 0xcf,
    0x3e, 0xcf, 0x1d, 0xc7, 0x1d, 0xc7, 0xfd, 0xc6, 0xfd, 0xce, 0x74, 0x94,
    0x32, 0x8c, 0x11, 0x94, 0x52, 0x9c, 0x51, 0xa4, 0xb1, 0x7b, 0x76, 0x84,
    0x18, 0x8d, 0x59, 0x95, 0x76, 0x7c, 0x15, 0x74, 0x51, 0x63, 0xef, 0x5a,
    0x6e, 0x4a, 0xb3, 0x73, 0xd3, 0x73, 0x92, 0x6b, 0x11, 0x63, 0x55, 0x84,
    0x71, 0x6b, 0xf1, 0x7b, 0xf1, 0x7b, 0xf1, 0x7b, 0xd0, 0x7b, 0xd0, 0x73,
    0xb0, 0x73, 0xb0, 0x73, 0xaf, 0x73, 0xaf, 0x73, 0xb0, 0x73, 0x8f, 0x73,
    0x11, 0x7c, 0xcb, 0x5a, 0x08, 0x42, 0x29, 0x42, 0x08, 0x42, 0xe8, 0x41,
    0x12, 0x7c, 0xf1, 0x73, 0x2f, 0x63, 0x2e, 0x63, 0x2e, 0x5b, 0x32, 0x7c,
    0x52, 0x84, 0x29, 0x42, 0x49, 0x42, 0x29, 0x42, 0x4a, 0x42, 0x4a, 0x4a,
    0xed, 0x5a, 0xed, 0x5a, 0xcc, 0x5a, 0xd6, 0xc5, 0x37, 0xce, 0x0c, 0x63,
    0x4a, 0x4a, 0x6a, 0x4a, 0x6a, 0x4a, 0x6b, 0x4a, 0x6a, 0x4a, 0x6a, 0x4a,
    0x4a, 0x4a, 0x6b, 0x4a, 0x6a, 0x42, 0x4a, 0x4a, 0x4b, 0x42, 0x6b, 0x42,
    0x38, 0xc6, 0xd6, 0xad, 0x34, 0x95, 0xd2, 0x8c, 0xd2, 0x8c, 0x38, 0xbe,
    0x18, 0xbe, 0xf7, 0xb5, 0x17, 0xbe, 0x38, 0xbe, 0xd6, 0xb5, 0x54, 0xa5,
    0xf3, 0x94, 0x14, 0xa5, 0x38, 0xce, 0x3b, 0xef, 0xbd, 0xff, 0xbd, 0xff,
    0xbd, 0xff, 0x7c, 0xf7, 0x1b, 0xe7, 0x3c, 0xef, 0x3c, 0xef, 0x5c, 0xf7,
    0xfb, 0xe6, 0xb2, 0x9c, 0x5c, 0xef, 0x3c, 0xef, 0x9d, 0xff, 0x9d, 0xff,
    0x9d, 0xff, 0xbd, 0xff, 0x1c, 0xe7, 0xf4, 0xb4, 0xd7, 0xc5, 0xd6, 0xbd,
    0xbd, 0xff, 0x9d, 0xff, 0x9d, 0xf7, 0x9d, 0xf7, 0x96, 0xb5, 0xd7, 0xbd,
    0x5c, 0xef, 0x9d, 0xf7, 0x9a, 0xde, 0x7c, 0xf7, 0x3b, 0xef, 0xb6, 0xbd,
    0xb2, 0x94, 0x3b, 0xef, 0x7c, 0xf7, 0x5c, 0xf7, 0x7c, 0xf7, 0x5c, 0xef,
    0x5c, 0xf7, 0x5c, 0xf7, 0x5c, 0xf7, 0x5c, 0xf7, 0x7c, 0xef, 0x7c, 0xf7,
    0x5c, 0xf7, 0x7c, 0xf7, 0x5c, 0xef, 0x7c, 0xf7, 0x7c, 0xf7, 0x5c, 0xf7,
    0x5c, 0xf7, 0x5c, 0xef, 0x3c, 0xef, 0x3c, 0xef, 0x3c, 0xef, 0x1b, 0xef,
    0x3c, 0xef, 0x3c, 0xe7, 0x1b, 0xef, 0x3c, 0xef, 0x1b, 0xef, 0x3c, 0xef,
    0x3b, 0xef, 0x3c, 0xef, 0x3c, 0xef, 0x3c, 0xef, 0x3c, 0xef, 0x3c, 0xef,
    0x3c, 0xef, 0x3b, 0xef, 0x3c, 0xf7, 0x3c, 0xef, 0x3c, 0xef, 0x5c, 0xef,
    0x3c, 0xef, 0x3c, 0xef, 0x5c, 0xef, 0x5c, 0xef, 0x3c, 0xef, 0x38, 0xee,
    0x92, 0xf4, 0x1b, 0xef, 0x3c, 0xef, 0x1b, 0xe7, 0x1b, 0xe7, 0x1c, 0xe7,
    0xf3, 0xec, 0xeb, 0xf2, 0xcb, 0xf2, 0x0c, 0xf3, 0x18, 0xde, 0x9a, 0xd6,
    0x59, 0xe6, 0x1b, 0xe7, 0x1c, 0xe7, 0xcf, 0xf3, 0x29, 0xfa, 0x69, 0xfa,
    0xba, 0xe6, 0x1c, 0xe7, 0x1b, 0xef, 0x1c, 0xe7, 0x1b, 0xe7, 0xd7, 0xed,
    0xdb, 0xee, 0xef, 0xf3, 0x1c, 0xe7, 0x1c, 0xe7, 0x1c, 0xe7, 0x1c, 0xe7,
    0x8e, 0xf3, 0xd7, 0xed, 0xd7, 0xed, 0xd7, 0xed, 0xb7, 0xed, 0xd7, 0xed,
    0x9a, 0xe6, 0x1b, 0xe7, 0xfb, 0xe6, 0x1c, 0xe7, 0x1c, 0xe7, 0x38, 0xee,
    0x14, 0xed, 0x13, 0xed, 0xf3, 0xec, 0xf3, 0xec, 0xf3, 0xec, 0xf3, 0xec,
    0xf3, 0xec, 0x38, 0xee, 0x1c, 0xe7, 0x1c, 0xe7, 0x1b, 0xe7, 0x1b, 0xe7,
    0xfb, 0xe6, 0x1b, 0xe7, 0x1c, 0xe7, 0x1b, 0xe7, 0x1c, 0xe7, 0x1c, 0xe7,
    0x3c, 0xef, 0x5c, 0xef, 0x5d, 0xef, 0x5d, 0xef, 0x7d, 0xef, 0x5d, 0xef,
    0x5d, 0xef, 0x5d, 0xef, 0x5d, 0xef, 0x5d, 0xef, 0x5d, 0xef, 0x5d, 0xef,
    0x5d, 0xef, 0x7d, 0xef, 0x7d, 0xf7, 0x7d, 0xef, 0x7d, 0xf7, 0x7d, 0xef,
    0x7d, 0xf7, 0x5d, 0xef, 0x5d, 0xef, 0x3d, 0xef, 0x1c, 0xe7, 0xfb, 0xe6,
    0xdb, 0xde, 0xdb, 0xde, 0xfb, 0xde, 0xfb, 0xe6, 0xfb, 0xe6, 0x1c, 0xe7,
    0x3c, 0xef, 0xfb, 0xe6, 0x79, 0xd6, 0x99, 0xde, 0xba, 0xde, 0x99, 0xd6,
    0x38, 0xce, 0x75, 0xad, 0x55, 0xa5, 0x96, 0xad, 0xb6, 0xad, 0xb6, 0xad,
    0x96, 0xa5, 0x76, 0xa5, 0x76, 0xa5, 0x75, 0x9d, 0x76, 0x9d, 0xb6, 0xad,
    0x96, 0xad, 0x75, 0x9d, 0x55, 0x9d, 0x76, 0x9d, 0x96, 0x9d, 0xd7, 0xad,
    0x59, 0xce, 0xd7, 0xad, 0x76, 0x9d, 0x75, 0xa5, 0x14, 0x9d, 0xd3, 0x9c,
    0x13, 0x9d, 0x55, 0xa5, 0x55, 0x9d, 0x55, 0x9d, 0x55, 0x9d, 0x56, 0x9d,
    0x76, 0x9d, 0xd8, 0xad, 0xf6, 0x8c, 0x78, 0x9d, 0x95, 0x7c, 0x10, 0x53,
    0x6f, 0x4a, 0x6e, 0x4a, 0x6d, 0x42, 0xf2, 0x73, 0x3a, 0xbe, 0xb7, 0xb5,
    0xd2, 0xa4, 0xd1, 0x9c, 0x4f, 0x8c, 0xf1, 0x9c, 0x53, 0xad, 0x88, 0x31,
    0xab, 0x39, 0xac, 0x41, 0x0d, 0x4a, 0xed, 0x41, 0xed, 0x49, 0x09, 0x29,
    0x37, 0x95, 0x1e, 0xcf, 0x1e, 0xcf, 0x3e, 0xcf, 0x3e, 0xcf, 0x1e, 0xc7,
    0xbd, 0xbe, 0x57, 0x9d, 0x11, 0x8c, 0x52, 0xa4, 0x51, 0xa4, 0x51, 0xa4,
    0xd1, 0x83, 0xd4, 0x6b, 0x96, 0x84, 0x15, 0x74, 0x35, 0x74, 0xd3, 0x6b,
    0x4e, 0x4a, 0xcf, 0x5a, 0x8f, 0x52, 0x51, 0x6b, 0xd3, 0x7b, 0xd4, 0x7b,
    0x31, 0x63, 0x55, 0x84, 0xd3, 0x73, 0x0e, 0x5b, 0x2e, 0x63, 0x6f, 0x6b,
    0xb0, 0x73, 0xd0, 0x7b, 0xd0, 0x73, 0xb0, 0x73, 0xb0, 0x73, 0xb0, 0x73,
    0xb0, 0x6b, 0xd0, 0x73, 0x31, 0x84, 0xcb, 0x5a, 0x09, 0x42, 0x08, 0x42,
    0x09, 0x42, 0x08, 0x42, 0x12, 0x74, 0x12, 0x74, 0x12, 0x7c, 0x2e, 0x63,
    0x52, 0x7c, 0x4f, 0x63, 0x52, 0x8c, 0x29, 0x42, 0x29, 0x42, 0x49, 0x4a,
    0x4a, 0x42, 0x4a, 0x4a, 0xed, 0x5a, 0xed, 0x5a, 0x31, 0x8c, 0x37, 0xce,
    0x95, 0xb5, 0x09, 0x3a, 0x6a, 0x4a, 0x6b, 0x4a, 0x6a, 0x4a, 0x6a, 0x4a,
    0x6a, 0x4a, 0x4b, 0x42, 0x6a, 0x4a, 0x4a, 0x4a, 0x4a, 0x42, 0x6a, 0x4a,
    0x4a, 0x42, 0x4c, 0x42, 0xaf, 0x73, 0x18, 0xbe, 0x58, 0xbe, 0xd6, 0xad,
    0x34, 0x95, 0x55, 0x9d, 0xd6, 0xad, 0x38, 0xbe, 0x3c, 0xe7, 0x3c, 0xe7,
    0x99, 0xce, 0x79, 0xce, 0x79, 0xce, 0x38, 0xc6, 0x75, 0xad, 0x34, 0xa5,
    0x37, 0xc6, 0x9c, 0xff, 0xbd, 0xff, 0x5c, 0xef, 0xfb, 0xde, 0x5c, 0xef,
    0x3b, 0xef, 0x7c, 0xf7, 0xbe, 0xff, 0xf3, 0xa4, 0x37, 0xce, 0x9d, 0xf7,
    0x9c, 0xff, 0x9c, 0xff, 0x9c, 0xff, 0x9d, 0xff, 0x9c, 0xff, 0x9d, 0xff,
    0x76, 0xb5, 0xf3, 0xa4, 0xbd, 0xff, 0x9d, 0xff, 0x9d, 0xf7, 0x79, 0xd6,
    0xb6, 0xb5, 0x79, 0xce, 0x3c, 0xe7, 0x7d, 0xf7, 0x7d, 0xf7, 0x5c, 0xf7,
    0x5c, 0xf7, 0x5c, 0xf7, 0x79, 0xd6, 0xd6, 0xbd, 0x7c, 0xf7, 0x7c, 0xf7,
    0x7c, 0xf7, 0x5c, 0xf7, 0x7c, 0xf7, 0x7c, 0xf7, 0x7c, 0xf7, 0x7c, 0xf7,
    0x7c, 0xf7, 0x7c, 0xf7, 0x7c, 0xf7, 0x7c, 0xf7, 0x7c, 0xf7, 0x7c, 0xf7,
    0x7c, 0xf7, 0x7c, 0xf7, 0x5c, 0xf7, 0x5c, 0xf7, 0x3c, 0xef, 0x3b, 0xef,
    0x3c, 0xef, 0x3b, 0xef, 0x1b, 0xe7, 0x1b, 0xe7, 0x3c, 0xef, 0x3b, 0xef,
    0x3c, 0xef, 0x3c, 0xef, 0x3c, 0xef, 0x5c, 0xef, 0x5c, 0xef, 0x5c, 0xef,
    0x3c, 0xef, 0x5c, 0xf7, 0x5c, 0xf7, 0x5c, 0xf7, 0x5c, 0xf7, 0x5c, 0xf7,
    0x5c, 0xef, 0x5c, 0xf7, 0x3c, 0xf7, 0x3c, 0xef, 0x3c, 0xef, 0x3c, 0xef,
    0x3c, 0xef, 0x3c, 0xef, 0x1b, 0xe7, 0x1c, 0xe7, 0x1b, 0xe7, 0x1b, 0xe7,
    0x1b, 0xe7, 0x1b, 0xe7, 0x1c, 0xe7, 0x1b, 0xe7, 0x1b, 0xe7, 0xfb, 0xe6,
    0x1b, 0xe7, 0x1c, 0xe7, 0xfb, 0xe6, 0x1b, 0xe7, 0x1c, 0xe7, 0x1b, 0xe7,
    0x1c, 0xe7, 0x1c, 0xe7, 0x1b, 0xe7, 0x1c, 0xe7, 0x1c, 0xe7, 0x3c, 0xef,
    0x1c, 0xe7, 0x1c, 0xe7, 0x3c, 0xef, 0x3c, 0xe7, 0x1c, 0xe7, 0x1c, 0xe7,
    0x1b, 0xe7, 0x1c, 0xe7, 0x1b, 0xe7, 0x1b, 0xe7, 0x1c, 0xe7, 0x1b, 0xe7,
    0x1b, 0xe7, 0x1b, 0xe7, 0x1c, 0xe7, 0x1b, 0xe7, 0x1b, 0xe7, 0x1b, 0xe7,
    0x1c, 0xe7, 0x1c, 0xe7, 0x3c, 0xef, 0x3c, 0xe7, 0x3c, 0xef, 0x1c, 0xe7,
    0x1c, 0xe7, 0x1c, 0xe7, 0x1b, 0xe7, 0x1b, 0xe7, 0x1b, 0xe7, 0x1b, 0xe7,
    0x1c, 0xe7, 0xfb, 0xe6, 0xfb, 0xe6, 0xfc, 0xe6, 0x1b, 0xe7, 0x3c, 0xef,
    0x5d, 0xef, 0x5d, 0xef, 0x5d, 0xef, 0x5d, 0xef, 0x5d, 0xef, 0x5d, 0xef,
    0x5d, 0xef, 0x5c, 0xef, 0x3c, 0xef, 0x1c, 0xe7, 0x1c, 0xe7, 0xfb, 0xe6,
    0x1b, 0xe7, 0x1c, 0xe7, 0x1c, 0xe7, 0x1c, 0xe7, 0x1c, 0xe7, 0x1c, 0xe7,
    0x1c, 0xe7, 0x1c, 0xe7, 0x1c, 0xe7, 0x1c, 0xe7, 0xfb, 0xde, 0xfb, 0xde,
    0xdb, 0xde, 0xda, 0xde, 0xda, 0xde, 0xda, 0xde, 0xba, 0xde, 0xda, 0xde,
    0xfb, 0xe6, 0x99, 0xd6, 0xba, 0xde, 0x5c, 0xef, 0xfe, 0xff, 0xfe, 0xff,
    0xfe, 0xff, 0xfe, 0xff, 0x9d, 0xf7, 0x7d, 0xf7, 0x3c, 0xef, 0x99, 0xd6,
    0x18, 0xc6, 0x76, 0xad, 0x75, 0xad, 0x96, 0xa5, 0x96, 0xa5, 0x96, 0xa5,
    0x96, 0xa5, 0x76, 0x9d, 0x56, 0x9d, 0x55, 0x9d, 0x55, 0x9d, 0x56, 0x9d,
    0x56, 0x9d, 0x76, 0xa5, 0xb7, 0xb5, 0x95, 0xa5, 0x75, 0x9d, 0x35, 0x9d,
    0x35, 0x95, 0x55, 0x9d, 0x55, 0x9d, 0x75, 0xa5, 0x55, 0x9d, 0x55, 0x9d,
    0x55, 0x9d, 0x55, 0x9d, 0x56, 0x9d, 0xb8, 0xa5, 0x17, 0x95, 0xd7, 0x8c,
    0x55, 0x7c, 0x31, 0x5b, 0x8f, 0x4a, 0x6e, 0x42, 0x8d, 0x42, 0x33, 0x7c,
    0xfa, 0xb5, 0x1a, 0xbe, 0xd2, 0x9c, 0xad, 0x83, 0xcd, 0x7b, 0x36, 0xce,
    0xaf, 0x7b, 0x4a, 0x4a, 0x08, 0x21, 0xcc, 0x41, 0xec, 0x41, 0x49, 0x31,
    0xc6, 0x18, 0x63, 0x10, 0x91, 0x63, 0xb6, 0x84, 0xd3, 0x63, 0x75, 0x84,
    0xb6, 0x8c, 0x74, 0x84, 0x93, 0x9c, 0x51, 0x9c, 0x52, 0xa4, 0x51, 0xa4,
    0x51, 0x9c, 0x51, 0xa4, 0xf1, 0x8b, 0x93, 0x63, 0x36, 0x7c, 0x15, 0x74,
    0x97, 0x84, 0x34, 0x7c, 0x4d, 0x4a, 0xcf, 0x5a, 0xf0, 0x5a, 0x51, 0x63,
    0xb3, 0x73, 0xd3, 0x7b, 0x76, 0x8c, 0x92, 0x6b, 0xd4, 0x7b, 0xb3, 0x73,
    0x2d, 0x63, 0x0d, 0x63, 0x4e, 0x6b, 0xaf, 0x73, 0xb0, 0x73, 0xd0, 0x73,
    0xb0, 0x73, 0xb0, 0x73, 0xd0, 0x73, 0xf1, 0x73, 0x52, 0x84, 0xcb, 0x5a,
    0x08, 0x42, 0x09, 0x42, 0x08, 0x42, 0xe8, 0x39, 0x12, 0x7c, 0x32, 0x74,
    0x53, 0x7c, 0x53, 0x7c, 0x53, 0x7c, 0x32, 0x7c, 0xd0, 0x73, 0x29, 0x42,
    0x49, 0x4a, 0x4a, 0x4a, 0x4a, 0x42, 0x4a, 0x4a, 0x0d, 0x63, 0xec, 0x5a,
    0xf7, 0xc5, 0x37, 0xce, 0x0c, 0x63, 0x4a, 0x42, 0x6b, 0x4a, 0x6a, 0x4a,
    0x6b, 0x4a, 0x6a, 0x4a, 0x6a, 0x4a, 0x4b, 0x42, 0x6a, 0x4a, 0x4a, 0x42,
    0x4b, 0x4a, 0x6a, 0x4a, 0x4c, 0x63, 0x4d, 0x63, 0xf0, 0x83, 0xf0, 0x7b,
    0x55, 0x9d, 0x76, 0xa5, 0xb6, 0xa5, 0xb6, 0xad, 0x55, 0x9d, 0x18, 0xbe,
    0xda, 0xd6, 0x7d, 0xef, 0xda, 0xde, 0xba, 0xd6, 0xda, 0xd6, 0xda, 0xd6,
    0xda, 0xd6, 0xf7, 0xbd, 0xb2, 0x94, 0x59, 0xce, 0xbd, 0xff, 0x5c, 0xef,
    0x1b, 0xe7, 0x9c, 0xf7, 0x5c, 0xef, 0x3b, 0xef, 0x7c, 0xf7, 0xda, 0xde,
    0x30, 0x8c, 0xbd, 0xff, 0x9c, 0xff, 0x7d, 0xff, 0x9d, 0xff, 0x9c, 0xff,
    0x9c, 0xff, 0x9d, 0xff, 0xbd, 0xff, 0x5c, 0xf7, 0x7c, 0xf7, 0x9d, 0xff,
    0x1b, 0xe7, 0x38, 0xc6, 0xba, 0xd6, 0xfb, 0xe6, 0x5c, 0xf7, 0x5c, 0xef,
    0x7d, 0xf7, 0x7c, 0xf7, 0x5c, 0xef, 0x5d, 0xf7, 0x7c, 0xf7, 0x5c, 0xef,
    0x5c, 0xf7, 0x7c, 0xf7, 0x7c, 0xf7, 0x7c, 0xf7, 0x7c, 0xf7, 0x7c, 0xf7,
    0x7c, 0xf7, 0x7c, 0xf7, 0x7c, 0xf7, 0x7c, 0xf7, 0x7c, 0xf7, 0x7c, 0xf7,
    0x9c, 0xf7, 0x7c, 0xf7, 0x7c, 0xf7, 0x7c, 0xf7, 0x7c, 0xf7, 0x7c, 0xf7,
    0x5c, 0xef, 0x3c, 0xef, 0x3c, 0xef, 0x3b, 0xef, 0x3c, 0xef, 0x3c, 0xef,
    0x3b, 0xef, 0x3c, 0xef, 0x3c, 0xef, 0x3c, 0xef, 0x3c, 0xef, 0x5c, 0xef,
    0x5c, 0xf7, 0x5c, 0xf7, 0x5c, 0xf7, 0x5c, 0xf7, 0x5c, 0xef, 0x5c, 0xf7,
    0x5c, 0xef, 0x5c, 0xef, 0x5c, 0xf7, 0x3c, 0xef, 0x5c, 0xf7, 0x3c, 0xef,
    0x3b, 0xef, 0x3c, 0xef, 0x3b, 0xef, 0x1b, 0xef, 0x1b, 0xe7, 0x1b, 0xe7,
    0x1b, 0xe7, 0x1c, 0xe7, 0xfb, 0xe6, 0x1b, 0xe7, 0xfb, 0xe6, 0xfb, 0xe6,
    0x1c, 0xe7, 0xfb, 0xe6, 0xfb, 0xe6, 0x1b, 0xe7, 0x1c, 0xe7, 0x1b, 0xe7,
    0x1b, 0xe7, 0x1c, 0xe7, 0x1b, 0xe7, 0x1c, 0xe7, 0x3c, 0xef, 0x3b, 0xef,
    0x3c, 0xe7, 0x3c, 0xef, 0x3c, 0xef, 0x3c, 0xef, 0x3c, 0xe7, 0x1b, 0xef,
    0x3c, 0xef, 0x1b, 0xe7, 0x1b, 0xe7, 0x1c, 0xe7, 0x1b, 0xe7, 0x1b, 0xe7,
    0x1c, 0xe7, 0x1c, 0xe7, 0x1b, 0xe7, 0xfb, 0xe6, 0x1b, 0xe7, 0x1c, 0xe7,
    0x1b, 0xe7, 0x1b, 0xe7, 0x1c, 0xe7, 0x1b, 0xe7, 0x3c, 0xef, 0x3c, 0xef,
    0x3c, 0xef, 0x3c, 0xe7, 0x1c, 0xe7, 0x1c, 0xe7, 0x1b, 0xe7, 0x1c, 0xe7,
    0x1b, 0xe7, 0xfb, 0xde, 0xfb, 0xe6, 0xfb, 0xe6, 0x3c, 0xe7, 0x5d, 0xef,
    0x7d, 0xef, 0x7d, 0xef, 0x5d, 0xef, 0x3c, 0xef, 0x1c, 0xe7, 0x1c, 0xe7,
    0xfb, 0xe6, 0xba, 0xde, 0x7a, 0xd6, 0x59, 0xce, 0x38, 0xc6, 0x18, 0xc6,
    0xf8, 0xbd, 0x18, 0xc6, 0x18, 0xc6, 0x38, 0xc6, 0x59, 0xce, 0x79, 0xd6,
    0x9a, 0xd6, 0xdb, 0xde, 0xfb, 0xe6, 0x1c, 0xe7, 0x1b, 0xe7, 0x1b, 0xe7,
    0x1b, 0xe7, 0xfb, 0xe6, 0xfb, 0xde, 0xdb, 0xde, 0xfb, 0xde, 0xba, 0xde,
    0x59, 0xce, 0x59, 0xce, 0x79, 0xd6, 0x9d, 0xf7, 0xfe, 0xff, 0xde, 0xff,
    0xfe, 0xff, 0xbd, 0xff, 0x1b, 0xef, 0x78, 0xd6, 0x17, 0xce, 0x17, 0xce,
    0x16, 0xc6, 0x17, 0xce, 0x79, 0xd6, 0x1c, 0xef, 0xfb, 0xde, 0xf7, 0xbd,
    0x76, 0xad, 0x76, 0xad, 0x96, 0xa5, 0x76, 0xa5, 0x76, 0xa5, 0x75, 0x9d,
    0x55, 0x9d, 0x56, 0x9d, 0x35, 0x9d, 0x55, 0x9d, 0x55, 0x9d, 0x55, 0x9d,
    0x35, 0x9d, 0x35, 0x9d, 0x34, 0x95, 0x34, 0x9d, 0x34, 0x95, 0x35, 0x9d,
    0x55, 0x9d, 0x55, 0x9d, 0x55, 0x9d, 0x56, 0x9d, 0x35, 0x95, 0x77, 0x9d,
    0x17, 0x95, 0xb6, 0x84, 0x75, 0x7c, 0xb3, 0x6b, 0x6f, 0x4a, 0x6e, 0x42,
    0xef, 0x5a, 0x34, 0x7c, 0xfa, 0xb5, 0xfa, 0xb5, 0xb9, 0xad, 0x28, 0x4a,
    0x2c, 0x6b, 0xcf, 0x7b, 0xc6, 0x18, 0xe8, 0x20, 0xa6, 0x18, 0xc6, 0x18,
    0xa5, 0x18, 0xc6, 0x18, 0x07, 0x29, 0x07, 0x21, 0xa5, 0x18, 0xa4, 0x18,
    0x75, 0x84, 0x38, 0x95, 0x38, 0x9d, 0xd2, 0x73, 0x31, 0xa4, 0x51, 0xa4,
    0x51, 0xa4, 0x51, 0xa4, 0x51, 0x9c, 0x51, 0x9c, 0x10, 0x94, 0x93, 0x63,
    0x35, 0x7c, 0x56, 0x74, 0xb3, 0x6b, 0x31, 0x63, 0x2d, 0x4a, 0xaf, 0x5a,
    0xf0, 0x5a, 0x51, 0x63, 0x72, 0x6b, 0x18, 0x9d, 0xd3, 0x73, 0x92, 0x6b,
    0xb3, 0x73, 0xf5, 0x7b, 0xd2, 0x73, 0x2e, 0x63, 0x2e, 0x63, 0x2e, 0x63,
    0x8f, 0x73, 0xd0, 0x73, 0xd0, 0x73, 0xd0, 0x73, 0xd1, 0x7b, 0xf1, 0x7b,
    0x52, 0x8c, 0xcb, 0x5a, 0x08, 0x42, 0x09, 0x42, 0x08, 0x3a, 0xe8, 0x39,
    0x33, 0x7c, 0x33, 0x7c, 0x53, 0x7c, 0x73, 0x7c, 0x74, 0x7c, 0x74, 0x84,
    0x32, 0x84, 0x49, 0x42, 0x4a, 0x4a, 0x49, 0x42, 0x4a, 0x4a, 0x4a, 0x42,
    0xcc, 0x5a, 0xb2, 0x9c, 0x17, 0xc6, 0x75, 0xb5, 0xe9, 0x39, 0x4a, 0x4a,
    0x4a, 0x4a, 0x6b, 0x4a, 0x4b, 0x4a, 0x6a, 0x4a, 0x6b, 0x4a, 0x4a, 0x4a,
    0x4a, 0x42, 0x4b, 0x4a, 0x4a, 0x4a, 0x6a, 0x4a, 0x8e, 0x8c, 0x4f, 0x84,
    0xcf, 0x7b, 0x10, 0x84, 0x30, 0x84, 0xf3, 0x94, 0x35, 0xa5, 0x96, 0xad,
    0xb5, 0xa5, 0x38, 0xbe, 0xba, 0xd6, 0x1b, 0xdf, 0x1b, 0xdf, 0xda, 0xde,
    0xda, 0xde, 0xdb, 0xde, 0xda, 0xde, 0xba, 0xd6, 0x38, 0xc6, 0x38, 0xbe,
    0x1b, 0xe7, 0x9d, 0xf7, 0x9d, 0xf7, 0x9d, 0xf7, 0x5c, 0xef, 0xfb, 0xde,
    0x9d, 0xff, 0xbd, 0xff, 0xba, 0xde, 0x9d, 0xff, 0x7c, 0xff, 0x7c, 0xff,
    0x7c, 0xf7, 0x7c, 0xff, 0x9d, 0xf7, 0x9d, 0xf7, 0x9d, 0xff, 0xbd, 0xff,
    0x9c, 0xff, 0x7c, 0xf7, 0x79, 0xce, 0xba, 0xd6, 0xfb, 0xde, 0x3c, 0xef,
    0x5c, 0xf7, 0x7c, 0xf7, 0x7c, 0xf7, 0x7c, 0xf7, 0x7c, 0xf7, 0x7c, 0xf7,
    0x7c, 0xf7, 0x7c, 0xf7, 0x7c, 0xf7, 0x7c, 0xf7, 0x7c, 0xf7, 0x7c, 0xf7,
    0x7c, 0xf7, 0x7c, 0xf7, 0x7c, 0xf7, 0x7c, 0xf7, 0x7c, 0xff, 0x7c, 0xff,
    0x7c, 0xff, 0x7c, 0xff, 0x7c, 0xff, 0x7c, 0xff, 0x7c, 0xf7, 0x7c, 0xf7,
    0x7c, 0xf7, 0x7c, 0xf7, 0x5c, 0xf7, 0x5c, 0xef, 0x5c, 0xef, 0x3c, 0xef,
    0x3c, 0xef, 0x3c, 0xef, 0x3c, 0xef, 0x3c, 0xef, 0x5c, 0xef, 0x5c, 0xef,
    0x3c, 0xef, 0x5c, 0xf7, 0x5c, 0xf7, 0x5c, 0xef, 0x5c, 0xf7, 0x5c, 0xef,
    0x5c, 0xf7, 0x5c, 0xf7, 0x5c, 0xef, 0x3c, 0xf7, 0x3c, 0xef, 0x3c, 0xef,
    0x3c, 0xef, 0x3c, 0xef, 0x3b, 0xef, 0x3c, 0xef, 0x3c, 0xe7, 0x1c, 0xe7,
    0x1c, 0xe7, 0x1b, 0xe7, 0x1b, 0xe7, 0xfb, 0xe6, 0xfc, 0xe6, 0x1b, 0xe7,
    0xfb, 0xe6, 0xfb, 0xe6, 0x1c, 0xe7, 0x1b, 0xe7, 0x1b, 0xe7, 0x1c, 0xe7,
    0x1b, 0xe7, 0x1c, 0xe7, 0x1c, 0xe7, 0x1c, 0xe7, 0x1c, 0xef, 0x3c, 0xe7,
    0x1c, 0xe7, 0x3c, 0xef, 0x3c, 0xef, 0x3c, 0xe7, 0x3c, 0xef, 0x3c, 0xef,
    0x3c, 0xe7, 0x3c, 0xef, 0x1c, 0xe7, 0x1c, 0xe7, 0x1b, 0xe7, 0x1c, 0xe7,
    0x1c, 0xe7, 0x1b, 0xe7, 0x1c, 0xe7, 0x1c, 0xe7, 0x1b, 0xe7, 0x1c, 0xe7,
    0x1b, 0xdf, 0x1b, 0xe7, 0xfb, 0xe6, 0x1c, 0xe7, 0x1b, 0xe7, 0x1b, 0xe7,
    0x1c, 0xe7, 0x1c, 0xe7, 0x3c, 0xe7, 0x3c, 0xef, 0x1c, 0xe7, 0x1c, 0xe7,
    0x1c, 0xe7, 0x1c, 0xe7, 0x1c, 0xe7, 0xfb, 0xe6, 0x3c, 0xe7, 0x7d, 0xef,
    0x7d, 0xef, 0x5d, 0xef, 0x5d, 0xef, 0x1c, 0xe7, 0xdb, 0xde, 0x79, 0xd6,
    0x18, 0xc6, 0x18, 0xbe, 0x18, 0xc6, 0x18, 0xc6, 0xf8, 0xbd, 0xd7, 0xb5,
    0xb7, 0xb5, 0xb7, 0xb5, 0xd6, 0xb5, 0xb6, 0xb5, 0xd7, 0xb5, 0xd7, 0xbd,
    0x18, 0xc6, 0x38, 0xc6, 0x79, 0xce, 0x9a, 0xd6, 0xdb, 0xde, 0xfb, 0xde,
    0xfb, 0xde, 0xfb, 0xe6, 0xfb, 0xde, 0xdb, 0xde, 0xdb, 0xde, 0xdb, 0xde,
    0xdb, 0xde, 0xba, 0xde, 0x38, 0xc6, 0x9a, 0xd6, 0xfe, 0xff, 0xdd, 0xff,
    0xfe, 0xff, 0x9c, 0xff, 0xb9, 0xe6, 0x17, 0xce, 0x17, 0xce, 0x17, 0xce,
    0x17, 0xce, 0x17, 0xce, 0x17, 0xce, 0x17, 0xce, 0x17, 0xce, 0xf6, 0xcd,
    0x17, 0xce, 0xb9, 0xde, 0x3b, 0xef, 0xba, 0xde, 0xd7, 0xb5, 0x34, 0xa5,
    0x55, 0x9d, 0x76, 0xa5, 0x76, 0xa5, 0x76, 0x9d, 0x75, 0x9d, 0x75, 0x9d,
    0x76, 0x9d, 0x76, 0xa5, 0x75, 0x9d, 0x75, 0xa5, 0x76, 0xa5, 0x75, 0x9d,
    0x55, 0x9d, 0x55, 0x9d, 0x55, 0x9d, 0x55, 0x9d, 0x35, 0x9d, 0x55, 0x9d,
    0x35, 0x9d, 0x56, 0x9d, 0x16, 0x8d, 0xb6, 0x84, 0x96, 0x7c, 0x55, 0x7c,
    0x8f, 0x4a, 0x6e, 0x42, 0x92, 0x6b, 0xf3, 0x7b, 0x1b, 0xb6, 0xda, 0xb5,
    0xfa, 0xb5, 0xad, 0x52, 0x27, 0x29, 0xc6, 0x18, 0x07, 0x21, 0x08, 0x21,
    0xe8, 0x20, 0x08, 0x29, 0x08, 0x29, 0x08, 0x29, 0x08, 0x29, 0xe7, 0x20,
    0xe6, 0x18, 0x85, 0x10, 0x75, 0x84, 0x59, 0x9d, 0x59, 0x95, 0x14, 0x7c,
    0x10, 0x9c, 0x51, 0xa4, 0x51, 0xa4, 0x51, 0xa4, 0x51, 0xa4, 0x51, 0xa4,
    0x31, 0x9c, 0x52, 0x63, 0x15, 0x74, 0x15, 0x74, 0x8e, 0x4a, 0x30, 0x63,
    0x0d, 0x42, 0x8f, 0x52, 0xd0, 0x5a, 0x52, 0x63, 0x55, 0x84, 0xd3, 0x73,
    0x92, 0x6b, 0x92, 0x6b, 0x72, 0x6b, 0xd3, 0x73, 0xd7, 0x8c, 0x90, 0x6b,
    0x2e, 0x63, 0x2e, 0x63, 0x2e, 0x63, 0xb0, 0x73, 0xd1, 0x7b, 0xf1, 0x73,
    0xf1, 0x73, 0x11, 0x7c, 0x72, 0x84, 0xcb, 0x5a, 0x08, 0x42, 0x08, 0x42,
    0x09, 0x42, 0x08, 0x3a, 0x53, 0x7c, 0x53, 0x7c, 0x53, 0x7c, 0x73, 0x7c,
    0x73, 0x84, 0x74, 0x84, 0x32, 0x84, 0x29, 0x42, 0x4a, 0x4a, 0x4a, 0x4a,
    0x49, 0x42, 0x49, 0x42, 0x0d, 0x63, 0x17, 0xce, 0x37, 0xce, 0x2d, 0x6b,
    0x4a, 0x42, 0x6a, 0x4a, 0x6b, 0x4a, 0x6a, 0x4a, 0x6a, 0x4a, 0x4b, 0x4a,
    0x6b, 0x4a, 0x6a, 0x4a, 0x4a, 0x42, 0x4a, 0x4a, 0x4a, 0x4a, 0x6a, 0x4a,
    0xcd, 0x7b, 0xef, 0x7b, 0x4d, 0x6b, 0xef, 0x83, 0x52, 0x94, 0x71, 0x8c,
    0x71, 0x8c, 0x71, 0x84, 0xb2, 0x8c, 0xf3, 0x94, 0x75, 0xad, 0x78, 0xc6,
    0xfb, 0xde, 0xdb, 0xde, 0xda, 0xd6, 0xda, 0xd6, 0xdb, 0xde, 0xda, 0xd6,
    0xda, 0xd6, 0xdb, 0xde, 0xdb, 0xde, 0xfb, 0xde, 0x3c, 0xef, 0x5c, 0xef,
    0x5c, 0xef, 0xba, 0xd6, 0x5c, 0xef, 0x9d, 0xff, 0x9d, 0xf7, 0x1b, 0xe7,
    0x5c, 0xf7, 0x9c, 0xff, 0x9c, 0xf7, 0x7c, 0xff, 0x9c, 0xf7, 0x7d, 0xf7,
    0xba, 0xde, 0x58, 0xce, 0xfb, 0xde, 0xba, 0xde, 0x9a, 0xd6, 0x1c, 0xe7,
    0x3c, 0xef, 0x3c, 0xef, 0x5c, 0xef, 0x5c, 0xef, 0x7c, 0xf7, 0x7c, 0xf7,
    0x7c, 0xf7, 0x7c, 0xf7, 0x7c, 0xf7, 0x7c, 0xf7, 0x7c, 0xf7, 0x7c, 0xf7,
    0x7c, 0xf7, 0x7c, 0xf7, 0x7c, 0xf7, 0x7c, 0xf7, 0x9c, 0xf7, 0x7c, 0xff,
    0x9c, 0xf7, 0x9c, 0xff, 0x7d, 0xff, 0x7c, 0xf7, 0x9c, 0xff, 0x7c, 0xf7,
    0x7c, 0xff, 0x7c, 0xff, 0x7c, 0xf7, 0x7c, 0xf7, 0x7c, 0xf7, 0x7c, 0xf7,
    0x5c, 0xf7, 0x5c, 0xef, 0x3c, 0xef, 0x3c, 0xef, 0x5c, 0xef, 0x3c, 0xef,
    0x5c, 0xef, 0x5c, 0xef, 0x3c, 0xef, 0x5c, 0xf7, 0x5c, 0xef, 0x5b, 0xef,
    0x5c, 0xf7, 0x5c, 0xf7, 0x5c, 0xef, 0x5c, 0xef, 0x5c, 0xf7, 0x3c, 0xef,
    0x5c, 0xef, 0x3c, 0xef, 0x3b, 0xef, 0x3c, 0xef, 0x3b, 0xef, 0x3c, 0xef,
    0x1b, 0xe7, 0x1b, 0xe7, 0x1b, 0xe7, 0x1c, 0xe7, 0xfb, 0xe6, 0x1b, 0xe7,
    0x1b, 0xe7, 0xfb, 0xe6, 0x1c, 0xe7, 0x1b, 0xe7, 0xfb, 0xe6, 0x1b, 0xe7,
    0x1b, 0xe7, 0x1c, 0xe7, 0x1b, 0xe7, 0x1c, 0xe7, 0x1c, 0xe7, 0x1b, 0xe7,
    0x3c, 0xef, 0x3b, 0xef, 0x3c, 0xe7, 0x3c, 0xef, 0x3c, 0xef, 0x3c, 0xef,
    0x3c, 0xef, 0x3c, 0xef, 0x3c, 0xe7, 0x3c, 0xe7, 0x3c, 0xef, 0x1c, 0xe7,
    0x1c, 0xef, 0x1b, 0xe7, 0x1c, 0xe7, 0x1b, 0xe7, 0x1b, 0xe7, 0x1b, 0xe7,
    0xfb, 0xe6, 0x1c, 0xe7, 0x1b, 0xe7, 0xfb, 0xe6, 0xfc, 0xe6, 0xfb, 0xe6,
    0x1b, 0xe7, 0x1c, 0xe7, 0x1b, 0xe7, 0x1b, 0xe7, 0x1c, 0xe7, 0x1b, 0xe7,
    0x1b, 0xe7, 0x1c, 0xef, 0x3c, 0xe7, 0x1c, 0xe7, 0x1c, 0xe7, 0x5d, 0xef,
    0x7d, 0xf7, 0x7d, 0xef, 0x5d, 0xef, 0x1c, 0xe7, 0x9a, 0xd6, 0x18, 0xc6,
    0xd7, 0xb5, 0xb6, 0xb5, 0xd7, 0xb5, 0xd7, 0xb5, 0xf7, 0xbd, 0x18, 0xbe,
    0xf7, 0xbd, 0xd7, 0xb5, 0xb7, 0xb5, 0xb6, 0xb5, 0xb6, 0xb5, 0xd7, 0xb5,
    0xd7, 0xb5, 0xb6, 0xb5, 0xd7, 0xbd, 0x18, 0xc6, 0x38, 0xc6, 0x79, 0xce,
    0x9a, 0xd6, 0xba, 0xd6, 0x7a, 0xd6, 0x59, 0xce, 0x79, 0xce, 0x59, 0xce,
    0x59, 0xce, 0x79, 0xd6, 0x79, 0xce, 0x9a, 0xd6, 0xf7, 0xc5, 0xfe, 0xff,
    0xdd, 0xff, 0x9c, 0xff, 0xb9, 0xde, 0x16, 0xce, 0xf7, 0xcd, 0xf6, 0xc5,
    0xf6, 0xcd, 0xf6, 0xc5, 0xf6, 0xcd, 0xf6, 0xcd, 0x17, 0xce, 0x17, 0xce,
    0x17, 0xce, 0x17, 0xce, 0x17, 0xce, 0x37, 0xce, 0x17, 0xce, 0x58, 0xce,
    0xda, 0xe6, 0x3c, 0xef, 0x39, 0xc6, 0x55, 0xa5, 0x35, 0xa5, 0x76, 0x9d,
    0x76, 0xa5, 0x76, 0xa5, 0x96, 0xa5, 0x96, 0xa5, 0x96, 0xa5, 0x96, 0xa5,
    0x96, 0xa5, 0x96, 0xa5, 0x76, 0xa5, 0x76, 0xa5, 0x75, 0x9d, 0x55, 0x9d,
    0x34, 0x9d, 0x34, 0x95, 0x35, 0x95, 0x36, 0x95, 0x16, 0x8d, 0xd6, 0x84,
    0xf7, 0x8c, 0x76, 0x7c, 0xd0, 0x52, 0x6e, 0x4a, 0xf2, 0x73, 0x31, 0x5b,
    0x3b, 0xbe, 0xba, 0xad, 0x99, 0xad, 0x13, 0x7c, 0xc6, 0x18, 0x6c, 0x52,
    0x69, 0x29, 0x8a, 0x31, 0xe7, 0x20, 0xe7, 0x20, 0x08, 0x21, 0x08, 0x21,
    0x07, 0x21, 0xe7, 0x20, 0xe7, 0x20, 0x07, 0x29, 0x92, 0x6b, 0xf7, 0x94,
    0xb2, 0x73, 0xaa, 0x39, 0x51, 0xa4, 0x31, 0xa4, 0x51, 0xa4, 0x51, 0xa4,
    0x51, 0xa4, 0x51, 0xa4, 0x51, 0xa4, 0x72, 0x6b, 0xb3, 0x6b, 0x76, 0x84,
    0x2c, 0x42, 0x30, 0x63, 0x0c, 0x42, 0x8e, 0x52, 0xb0, 0x5a, 0x51, 0x63,
    0x92, 0x6b, 0xb2, 0x6b, 0x92, 0x73, 0x92, 0x6b, 0x71, 0x6b, 0xb3, 0x73,
    0xb7, 0x8c, 0x12, 0x74, 0xb0, 0x6b, 0x4e, 0x63, 0x2d, 0x63, 0x2e, 0x63,
    0xd0, 0x73, 0xf1, 0x7b, 0x12, 0x7c, 0x12, 0x7c, 0x52, 0x84, 0xec, 0x62,
    0x08, 0x42, 0x08, 0x3a, 0x09, 0x3a, 0xe8, 0x39, 0x53, 0x7c, 0x73, 0x7c,
    0x74, 0x84, 0x53, 0x7c, 0x32, 0x7c, 0x33, 0x7c, 0x32, 0x84, 0x49, 0x42,
    0x4a, 0x4a, 0x4a, 0x4a, 0x4a, 0x4a, 0x09, 0x42, 0x13, 0xa5, 0x17, 0xc6,
    0x75, 0xb5, 0x09, 0x3a, 0x6a, 0x4a, 0x6b, 0x4a, 0x6b, 0x4a, 0x6a, 0x4a,
    0x6a, 0x42, 0x6b, 0x4a, 0x4a, 0x42, 0x6a, 0x4a, 0x4b, 0x4a, 0x4a, 0x42,
    0x4a, 0x42, 0x4a, 0x42, 0x4a, 0x42, 0x0d, 0x5b, 0xae, 0x73, 0xd0, 0x93,
    0x12, 0xac, 0xf7, 0xbd, 0x17, 0xbe, 0xf7, 0xb5, 0x96, 0xad, 0x54, 0xa5,
    0x14, 0x9d, 0x54, 0xa5, 0x99, 0xce, 0xda, 0xd6, 0xda, 0xd6, 0xda, 0xde,
    0xda, 0xde, 0xbb, 0xd6, 0xba, 0xde, 0xda, 0xde, 0xda, 0xd6, 0xbb, 0xde,
    0xda, 0xde, 0xda, 0xde, 0xda, 0xde, 0x59, 0xce, 0xda, 0xde, 0x7d, 0xff,
    0x7d, 0xf7, 0xda, 0xde, 0x9a, 0xd6, 0x1b, 0xe7, 0x9c, 0xff, 0x9c, 0xff,
    0x7c, 0xf7, 0x5c, 0xf7, 0xda, 0xde, 0x38, 0xc6, 0x18, 0xc6, 0x9a, 0xd6,
    0x3c, 0xef, 0x7c, 0xf7, 0x9d, 0xf7, 0x7d, 0xf7, 0x3c, 0xef, 0x5c, 0xef,
    0x7c, 0xf7, 0x7c, 0xf7, 0x9c, 0xf7, 0x7d, 0xf7, 0x9c, 0xf7, 0x9c, 0xf7,
    0x7c, 0xf7, 0x7c, 0xf7, 0x7c, 0xf7, 0x7c, 0xf7, 0x7c, 0xf7, 0x7c, 0xf7,
    0x7c, 0xf7, 0x7c, 0xf7, 0x7c, 0xf7, 0x7c, 0xff, 0x7d, 0xf7, 0x9c, 0xff,
    0x7d, 0xff, 0x7c, 0xf7, 0x7c, 0xf7, 0x7c, 0xff, 0x7c, 0xf7, 0x7c, 0xf7,
    0x7c, 0xf7, 0x7c, 0xf7, 0x7c, 0xf7, 0x5c, 0xf7, 0x5c, 0xef, 0x5c, 0xef,
    0x5c, 0xef, 0x5c, 0xef, 0x5c, 0xef, 0x3c, 0xf7, 0x3c, 0xef, 0x5c, 0xef,
    0x5c, 0xef, 0x5c, 0xf7, 0x5c, 0xef, 0x5c, 0xef, 0x5c, 0xf7, 0x3c, 0xef,
    0x5c, 0xef, 0x3c, 0xef, 0x3c, 0xef, 0x3b, 0xef, 0x3b, 0xef, 0x3b, 0xef,
    0x1b, 0xe7, 0x1b, 0xe7, 0x1b, 0xe7, 0x1b, 0xe7, 0x1b, 0xe7, 0x1b, 0xe7,
    0x1c, 0xe7, 0x1b, 0xe7, 0x1b, 0xe7, 0x1b, 0xe7, 0x1b, 0xe7, 0x1c, 0xe7,
    0x1b, 0xe7, 0x1b, 0xe7, 0x1c, 0xe7, 0x1b, 0xe7, 0x1c, 0xe7, 0x1b, 0xe7,
    0x1b, 0xef, 0x1b, 0xe7, 0x3c, 0xe7, 0x3c, 0xef, 0x3b, 0xe7, 0x3c, 0xef,
    0x3c, 0xef, 0x3c, 0xe7, 0x3c, 0xef, 0x3c, 0xef, 0x3c, 0xef, 0x3c, 0xe7,
    0x1b, 0xef, 0x1b, 0xe7, 0x3c, 0xe7, 0x1b, 0xe7, 0x1b, 0xe7, 0x1c, 0xe7,
    0x1c, 0xe7, 0x1c, 0xe7, 0x1b, 0xe7, 0x1b, 0xe7, 0xfb, 0xe6, 0xfb, 0xe6,
    0xfb, 0xde, 0xfb, 0xe6, 0xfb, 0xe6, 0x1b, 0xe7, 0x1c, 0xe7, 0x1b, 0xe7,
    0x1b, 0xe7, 0x1b, 0xe7, 0x1b, 0xe7, 0x1b, 0xe7, 0x1b, 0xe7, 0x3c, 0xef,
    0x7d, 0xef, 0x7d, 0xef, 0x7d, 0xef, 0x5d, 0xef, 0xba, 0xde, 0x18, 0xc6,
    0xd7, 0xbd, 0xb6, 0xb5, 0x96, 0xb5, 0x96, 0xb5, 0x96, 0xb5, 0xb6, 0xb5,
    0xd7, 0xb5, 0xf8, 0xbd, 0x18, 0xc6, 0x18, 0xbe, 0xf7, 0xbd, 0xf8, 0xbd,
    0xf7, 0xbd, 0xf7, 0xbd, 0xf7, 0xbd, 0xd7, 0xb5, 0xd7, 0xb5, 0xf7, 0xbd,
    0x18, 0xc6, 0x58, 0xce, 0x79, 0xd6, 0x9a, 0xd6, 0x7a, 0xd6, 0x39, 0xc6,
    0x18, 0xc6, 0xf8, 0xbd, 0xf8, 0xb5, 0x18, 0xbe, 0xf7, 0xbd, 0xd7, 0xbd,
    0x1b, 0xef, 0xd9, 0xee, 0x78, 0xde, 0x16, 0xce, 0xd6, 0xc5, 0xd6, 0xc5,
    0xd6, 0xc5, 0xd6, 0xc5, 0xd6, 0xc5, 0xd6, 0xc5, 0xd6, 0xc5, 0xf6, 0xc5,
    0xf6, 0xc5, 0xf6, 0xcd, 0xf6, 0xcd, 0x17, 0xce, 0x17, 0xc6, 0x17, 0xce,
    0x37, 0xce, 0x37, 0xce, 0x37, 0xce, 0x37, 0xce, 0xba, 0xde, 0x5c, 0xef,
    0xbb, 0xde, 0xb7, 0xb5, 0x55, 0xa5, 0x34, 0x9d, 0x55, 0x9d, 0x75, 0xa5,
    0x96, 0xa5, 0x96, 0xa5, 0x95, 0xa5, 0x96, 0xa5, 0xb6, 0xad, 0x9a, 0xce,
    0x75, 0x9d, 0x76, 0xa5, 0x75, 0x9d, 0x14, 0x95, 0x15, 0x95, 0xf5, 0x94,
    0xd6, 0x8c, 0xf6, 0x8c, 0x58, 0x9d, 0x75, 0x7c, 0x31, 0x5b, 0x6f, 0x4a,
    0xd2, 0x73, 0xd3, 0x6b, 0x3b, 0xbe, 0x99, 0xa5, 0x99, 0xa5, 0x54, 0x84,
    0x88, 0x31, 0x79, 0xce, 0x33, 0x84, 0xce, 0x52, 0x6f, 0x6b, 0x50, 0x8c,
    0x68, 0x31, 0x28, 0x29, 0x49, 0x31, 0xac, 0x41, 0xac, 0x41, 0xcc, 0x41,
    0x8b, 0x39, 0x6b, 0x31, 0xc8, 0x20, 0xaa, 0x41, 0x55, 0xbd, 0x52, 0xa4,
    0x31, 0xa4, 0x51, 0x9c, 0x51, 0xa4, 0x31, 0x9c, 0x51, 0xa4, 0x92, 0x6b,
    0xb3, 0x6b, 0xf3, 0x73, 0x2d, 0x4a, 0x10, 0x63, 0x2d, 0x42, 0x8e, 0x52,
    0x8f, 0x52, 0x31, 0x63, 0xb2, 0x73, 0x71, 0x6b, 0x71, 0x6b, 0x51, 0x6b,
    0x91, 0x6b, 0x92, 0x73, 0xd5, 0x73, 0xf7, 0x94, 0xb1, 0x6b, 0xb0, 0x6b,
    0x4e, 0x63, 0x0d, 0x63, 0x4e, 0x63, 0xf1, 0x73, 0x11, 0x7c, 0x12, 0x7c,
    0x52, 0x84, 0xec, 0x5a, 0x09, 0x42, 0x08, 0x42, 0x08, 0x3a, 0xe8, 0x39,
    0x73, 0x7c, 0xd1, 0x73, 0x2f, 0x5b, 0xed, 0x52, 0xcd, 0x4a, 0xcd, 0x52,
    0x6f, 0x6b, 0x6a, 0x4a, 0x49, 0x42, 0x4a, 0x4a, 0x4a, 0x42, 0x49, 0x4a,
    0x38, 0xd6, 0x37, 0xd6, 0xcb, 0x5a, 0x4a, 0x4a, 0x6b, 0x4a, 0x4a, 0x4a,
    0x4b, 0x4a, 0x6b, 0x4a, 0x4a, 0x4a, 0x6b, 0x4a, 0x4a, 0x4a, 0x4a, 0x4a,
    0x4b, 0x42, 0x4a, 0x42, 0x4a, 0x4a, 0x4a, 0x42, 0x6a, 0x4a, 0x93, 0x84,
    0x0d, 0x7b, 0xb1, 0xa3, 0xd1, 0xa3, 0xb6, 0xb5, 0x78, 0xc6, 0x79, 0xc6,
    0x78, 0xc6, 0x78, 0xc6, 0x58, 0xc6, 0x38, 0xc6, 0x59, 0xc6, 0xba, 0xd6,
    0xda, 0xd6, 0xdb, 0xde, 0xdb, 0xde, 0xba, 0xd6, 0xbb, 0xd6, 0xda, 0xde,
    0xba, 0xd6, 0xba, 0xd6, 0xdb, 0xde, 0xba, 0xd6, 0xdb, 0xde, 0x79, 0xce,
    0xba, 0xd6, 0x7d, 0xf7, 0x1b, 0xe7, 0x79, 0xce, 0x9a, 0xd6, 0xda, 0xd6,
    0x1b, 0xe7, 0x7d, 0xf7, 0x5c, 0xf7, 0x3c, 0xef, 0x1b, 0xe7, 0xba, 0xd6,
    0x9a, 0xd6, 0xdb, 0xde, 0x1b, 0xe7, 0x1b, 0xef, 0x5b, 0xef, 0x7c, 0xf7,
    0x9c, 0xf7, 0x7c, 0xf7, 0x9d, 0xff, 0x9d, 0xff, 0x7c, 0xff, 0x7c, 0xff,
    0x7d, 0xff, 0x7c, 0xf7, 0x7d, 0xf7, 0x7c, 0xf7, 0x7c, 0xf7, 0x9c, 0xf7,
    0x7c, 0xf7, 0x7c, 0xf7, 0x9c, 0xf7, 0x7c, 0xff, 0x7d, 0xff, 0x7c, 0xff,
    0x7c, 0xf7, 0x7c, 0xff, 0x7c, 0xf7, 0x7c, 0xff, 0x7c, 0xf7, 0x7c, 0xf7,
    0x7d, 0xff, 0x7c, 0xf7, 0x7c, 0xf7, 0x7c, 0xf7, 0x7c, 0xf7, 0x7c, 0xf7,
    0x5c, 0xf7, 0x7c, 0xf7, 0x5c, 0xf7, 0x5b, 0xf7, 0x5b, 0xf7, 0x5c, 0xf7,
    0x5b, 0xf7, 0x5b, 0xf7, 0x5c, 0xf7, 0x5b, 0xf7, 0x5b, 0xef, 0x5b, 0xef,
    0x5c, 0xf7, 0x3c, 0xef, 0x3c, 0xef, 0x3c, 0xef, 0x3b, 0xef, 0x3b, 0xef,
    0x1c, 0xef, 0xfb, 0xe6, 0xfb, 0xe6, 0xfb, 0xe6, 0x1c, 0xe7, 0x1c, 0xe7,
    0x1b, 0xe7, 0x1c, 0xe7, 0x1c, 0xe7, 0x1b, 0xe7, 0x1c, 0xe7, 0x1c, 0xe7,
    0x1b, 0xe7, 0x1c, 0xe7, 0x1b, 0xe7, 0x1c, 0xe7, 0x1b, 0xe7, 0x1c, 0xe7,
    0x1b, 0xe7, 0x1c, 0xef, 0x1b, 0xef, 0x3c, 0xef, 0x1b, 0xef, 0x3c, 0xef,
    0x1c, 0xef, 0x3c, 0xef, 0x3c, 0xe7, 0x3c, 0xef, 0x3c, 0xe7, 0x3c, 0xef,
    0x3c, 0xef, 0x3c, 0xe7, 0x3c, 0xe7, 0x1c, 0xe7, 0x1c, 0xef, 0x1c, 0xe7,
    0x1b, 0xe7, 0x1c, 0xef, 0x1c, 0xef, 0x1b, 0xe7, 0x1c, 0xe7, 0xba, 0xde,
    0xdb, 0xde, 0xfb, 0xde, 0xfb, 0xe6, 0xfb, 0xe6, 0xfb, 0xde, 0xfb, 0xe6,
    0xfb, 0xe6, 0xfc, 0xe6, 0xfb, 0xe6, 0x1c, 0xe7, 0x1b, 0xe7, 0xfc, 0xe6,
    0x5d, 0xef, 0x7d, 0xf7, 0x7d, 0xef, 0x7d, 0xef, 0x3c, 0xef, 0xba, 0xde,
    0xf8, 0xbd, 0xb6, 0xb5, 0xb6, 0xb5, 0x96, 0xad, 0x96, 0xad, 0x96, 0xad,
    0x96, 0xad, 0x96, 0xb5, 0xd7, 0xbd, 0x18, 0xc6, 0x18, 0xc6, 0x38, 0xc6,
    0x38, 0xc6, 0x59, 0xce, 0x38, 0xc6, 0x18, 0xbe, 0xf7, 0xbd, 0xf8, 0xbd,
    0xf8, 0xbd, 0x38, 0xc6, 0x38, 0xc6, 0x38, 0xc6, 0x79, 0xce, 0x99, 0xd6,
    0x79, 0xd6, 0x79, 0xd6, 0x59, 0xc6, 0x18, 0xbe, 0xf8, 0xbd, 0xf7, 0xbd,
    0xd7, 0xb5, 0xda, 0xde, 0x17, 0xd6, 0xf7, 0xcd, 0xd6, 0xcd, 0xb6, 0xc5,
    0xb6, 0xc5, 0xb6, 0xc5, 0x96, 0xc5, 0xb5, 0xc5, 0xb5, 0xc5, 0xb5, 0xc5,
    0xb6, 0xc5, 0xb6, 0xc5, 0xd6, 0xc5, 0xd6, 0xcd, 0xd6, 0xc5, 0xf6, 0xc5,
    0xf6, 0xcd, 0x16, 0xce, 0x17, 0xce, 0x17, 0xc6, 0x17, 0xce, 0x37, 0xce,
    0x16, 0xc6, 0x16, 0xc6, 0x58, 0xce, 0x3c, 0xef, 0xf6, 0xc5, 0x91, 0x94,
    0x5a, 0xce, 0x76, 0x9d, 0x75, 0x9d, 0x75, 0xa5, 0x76, 0xa5, 0x95, 0xa5,
    0x95, 0x9d, 0x75, 0x9d, 0x76, 0xa5, 0x76, 0xa5, 0x75, 0x9d, 0x55, 0x9d,
    0x14, 0x95, 0xf5, 0x8c, 0xd6, 0x8c, 0x17, 0x8d, 0xb9, 0xa5, 0x34, 0x74,
    0x92, 0x63, 0xaf, 0x4a, 0x31, 0x5b, 0xb3, 0x73, 0xfa, 0xb5, 0x58, 0xa5,
    0xb9, 0xad, 0xba, 0xd6, 0x33, 0x9d, 0xb5, 0xad, 0x99, 0xc6, 0x17, 0xbe,
    0x91, 0x94, 0xd1, 0xa4, 0x4b, 0x52, 0x49, 0x29, 0x49, 0x31, 0x0e, 0x4a,
    0x0e, 0x4a, 0xed, 0x49, 0x08, 0x21, 0xe8, 0x20, 0xa7, 0x18, 0xee, 0x6a,
    0xdb, 0xe6, 0x75, 0xbd, 0xd3, 0xac, 0x51, 0xa4, 0x51, 0xa4, 0x51, 0xa4,
    0x51, 0xa4, 0x91, 0x73, 0xd4, 0x6b, 0x31, 0x63, 0x4d, 0x4a, 0xcf, 0x5a,
    0x4e, 0x4a, 0x6e, 0x4a, 0x4e, 0x4a, 0x11, 0x63, 0xb2, 0x73, 0x51, 0x63,
    0x10, 0x63, 0x10, 0x63, 0x91, 0x6b, 0x91, 0x6b, 0x32, 0x63, 0x18, 0x95,
    0x70, 0x63, 0x6f, 0x6b, 0x6f, 0x63, 0x2e, 0x63, 0x0d, 0x63, 0x2e, 0x63,
    0xf1, 0x73, 0x11, 0x7c, 0x52, 0x84, 0xeb, 0x62, 0x09, 0x42, 0x09, 0x42,
    0x08, 0x42, 0xe8, 0x39, 0x53, 0x7c, 0x12, 0x74, 0x91, 0x6b, 0x70, 0x63,
    0x6f, 0x63, 0x6f, 0x63, 0xb0, 0x73, 0x4a, 0x4a, 0x6a, 0x4a, 0x4a, 0x4a,
    0x49, 0x42, 0x4a, 0x4a, 0x78, 0xd6, 0xd3, 0x9c, 0x09, 0x3a, 0x6b, 0x4a,
    0x6a, 0x4a, 0x6a, 0x4a, 0x6b, 0x4a, 0x6a, 0x4a, 0x6b, 0x4a, 0x6b, 0x4a,
    0x4a, 0x4a, 0x6a, 0x4a, 0x6a, 0x42, 0x4a, 0x4a, 0x4a, 0x4a, 0x29, 0x42,
    0x51, 0x84, 0xb4, 0x8c, 0xee, 0x92, 0x6f, 0x93, 0x31, 0x9c, 0x71, 0x94,
    0xd3, 0x9c, 0xb6, 0xb5, 0x76, 0xbd, 0x17, 0xc6, 0x99, 0xc6, 0x59, 0xce,
    0x99, 0xd6, 0x9a, 0xd6, 0x79, 0xce, 0x79, 0xce, 0xda, 0xd6, 0xba, 0xd6,
    0xdb, 0xde, 0xdb, 0xd6, 0xba, 0xde, 0xba, 0xd6, 0xba, 0xd6, 0xba, 0xd6,
    0xbb, 0xde, 0x79, 0xd6, 0x79, 0xce, 0x7d, 0xf7, 0x3c, 0xe7, 0xba, 0xd6,
    0xd7, 0xc5, 0xf5, 0xbc, 0xd5, 0xc4, 0x19, 0xde, 0x3c, 0xef, 0x1b, 0xe7,
    0xfb, 0xde, 0xfb, 0xde, 0xda, 0xde, 0xfb, 0xde, 0x1c, 0xe7, 0xfb, 0xe6,
    0x3b, 0xef, 0x7c, 0xf7, 0x7c, 0xf7, 0x7c, 0xf7, 0x7c, 0xf7, 0x9c, 0xf7,
    0x9c, 0xff, 0x7c, 0xf7, 0x7c, 0xf7, 0x7c, 0xf7, 0x9c, 0xf7, 0x7d, 0xf7,
    0x7c, 0xf7, 0x9c, 0xf7, 0x7c, 0xf7, 0x7c, 0xf7, 0x7c, 0xf7, 0x7c, 0xf7,
    0x7c, 0xf7, 0x7c, 0xf7, 0x7c, 0xf7, 0x7c, 0xf7, 0x7c, 0xf7, 0x7c, 0xff,
    0x7c, 0xf7, 0x7c, 0xf7, 0x7d, 0xff, 0x7c, 0xf7, 0x7c, 0xf7, 0x7d, 0xf7,
    0x7c, 0xf7, 0x7c, 0xf7, 0x7c, 0xf7, 0x7c, 0xf7, 0x7c, 0xf7, 0x5c, 0xf7,
    0x7c, 0xf7, 0x7c, 0xf7, 0x5c, 0xef, 0x5c, 0xef, 0x5c, 0xf7, 0x5c, 0xef,
    0x5b, 0xef, 0x3c, 0xf7, 0x3c, 0xef, 0x3c, 0xef, 0x3b, 0xef, 0x3b, 0xef,
    0x1c, 0xef, 0x1b, 0xe7, 0xfb, 0xe6, 0xfb, 0xde, 0xdb, 0xde, 0xdb, 0xde,
    0xfb, 0xe6, 0x1b, 0xe7, 0x1c, 0xe7, 0x1b, 0xef, 0x1c, 0xef, 0x3c, 0xe7,
    0x1c, 0xef, 0x1b, 0xe7, 0x1c, 0xe7, 0x1b, 0xe7, 0x1b, 0xe7, 0x1c, 0xe7,
    0x1b, 0xe7, 0x1c, 0xe7, 0x1c, 0xef, 0x1b, 0xe7, 0x1c, 0xe7, 0x3b, 0xef,
    0x1b, 0xe7, 0x3c, 0xef, 0x3b, 0xef, 0x3c, 0xe7, 0x3c, 0xef, 0x3c, 0xef,
    0x3c, 0xef, 0x3c, 0xe7, 0x3c, 0xef, 0x3c, 0xef, 0x3c, 0xe7, 0x1b, 0xe7,
    0x1c, 0xef, 0x1c, 0xe7, 0x1b, 0xe7, 0x1c, 0xe7, 0x1c, 0xe7, 0x1b, 0xe7,
    0xdb, 0xde, 0xfb, 0xe6, 0x1c, 0xe7, 0x1b, 0xe7, 0xfb, 0xe6, 0x1c, 0xe7,
    0x1b, 0xe7, 0x1b, 0xe7, 0xfb, 0xe6, 0xfb, 0xe6, 0xfb, 0xe6, 0xfb, 0xde,
    0xfb, 0xde, 0x3c, 0xef, 0x7e, 0xf7, 0x7d, 0xef, 0x5d, 0xef, 0x1c, 0xe7,
    0xdb, 0xde, 0x18, 0xc6, 0x96, 0xb5, 0x96, 0xad, 0x76, 0xad, 0x76, 0xad,
    0x76, 0xad, 0x96, 0xad, 0x96, 0xad, 0xb6, 0xb5, 0xf8, 0xbd, 0x38, 0xc6,
    0x18, 0xbe, 0x38, 0xc6, 0x38, 0xce, 0x79, 0xce, 0x79, 0xce, 0x39, 0xce,
    0x38, 0xc6, 0x38, 0xc6, 0x38, 0xc6, 0x59, 0xc6, 0x79, 0xce, 0x38, 0xc6,
    0x59, 0xce, 0x79, 0xce, 0x9a, 0xd6, 0x9a, 0xd6, 0x79, 0xce, 0xf8, 0xbd,
    0x18, 0xbe, 0xf7, 0xbd, 0x18, 0xc6, 0xba, 0xe6, 0xd6, 0xcd, 0xd6, 0xc5,
    0xb5, 0xc5, 0x95, 0xc5, 0x75, 0xbd, 0x75, 0xbd, 0x75, 0xbd, 0x75, 0xbd,
    0x75, 0xc5, 0x75, 0xc5, 0x95, 0xc5, 0xb5, 0xc5, 0xb6, 0xc5, 0xd6, 0xc5,
    0xd6, 0xc5, 0xd6, 0xc5, 0xd6, 0xc5, 0xf6, 0xcd, 0xf6, 0xc5, 0x16, 0xc6,
    0x16, 0xc6, 0x17, 0xce, 0x16, 0xc6, 0xf6, 0xc5, 0xf6, 0xc5, 0xb5, 0xc5,
    0xb5, 0xbd, 0x14, 0xa5, 0xdc, 0xd6, 0x7e, 0xef, 0xb7, 0xad, 0xf4, 0x94,
    0x96, 0xa5, 0x76, 0xa5, 0x95, 0xa5, 0x76, 0xa5, 0x96, 0xa5, 0x95, 0xa5,
    0x75, 0xa5, 0x75, 0xa5, 0x15, 0x95, 0xf5, 0x8c, 0xf6, 0x8c, 0x58, 0x95,
    0xda, 0xa5, 0xf3, 0x6b, 0xd3, 0x6b, 0xd0, 0x4a, 0x8e, 0x4a, 0xf0, 0x52,
    0x79, 0xa5, 0x78, 0xa5, 0x56, 0xa5, 0x34, 0xa5, 0x73, 0x9d, 0x53, 0x9d,
    0x14, 0x95, 0x31, 0x63, 0xf2, 0xa4, 0xf1, 0xa4, 0x6b, 0x52, 0x29, 0x29,
    0x28, 0x29, 0xed, 0x49, 0x2e, 0x4a, 0xcc, 0x41, 0x29, 0x29, 0xc7, 0x20,
    0xc8, 0x18, 0x48, 0x31, 0x3c, 0xef, 0xd7, 0xbd, 0x75, 0xb5, 0xf3, 0xac,
    0x51, 0xa4, 0x51, 0xa4, 0x51, 0xa4, 0x91, 0x73, 0xf5, 0x73, 0xaf, 0x52,
    0x4d, 0x42, 0xae, 0x52, 0x8f, 0x52, 0x2d, 0x42, 0x4e, 0x4a, 0x31, 0x63,
    0x92, 0x6b, 0x51, 0x63, 0xcf, 0x5a, 0xf0, 0x5a, 0x91, 0x73, 0x91, 0x6b,
    0x32, 0x63, 0x36, 0x7c, 0xf2, 0x73, 0x6f, 0x63, 0x4e, 0x63, 0x2e, 0x63,
    0x2d, 0x63, 0x0d, 0x5b, 0x2e, 0x63, 0x90, 0x6b, 0x11, 0x7c, 0x0c, 0x63,
    0x08, 0x42, 0x09, 0x42, 0x09, 0x42, 0xe8, 0x39, 0x74, 0x7c, 0x74, 0x7c,
    0x74, 0x84, 0x74, 0x84, 0x74, 0x84, 0xd1, 0x73, 0x6f, 0x6b, 0x6a, 0x4a,
    0x4a, 0x4a, 0x4a, 0x4a, 0x4a, 0x4a, 0x6a, 0x4a, 0x99, 0xde, 0x4a, 0x42,
    0x4a, 0x4a, 0x6b, 0x4a, 0x6b, 0x4a, 0x6b, 0x4a, 0x6a, 0x4a, 0x6a, 0x4a,
    0x6b, 0x42, 0x4a, 0x42, 0x6a, 0x4a, 0x4b, 0x42, 0x4a, 0x4a, 0x4a, 0x42,
    0x49, 0x42, 0x49, 0x42, 0x58, 0xbe, 0x73, 0x84, 0xaf, 0x9b, 0x6e, 0x7b,
    0xfb, 0xde, 0x38, 0xc6, 0x8f, 0x83, 0xed, 0x92, 0x11, 0xac, 0x35, 0xbd,
    0x1b, 0xd7, 0x8f, 0x9b, 0xb0, 0xa3, 0xdb, 0xde, 0xba, 0xd6, 0x38, 0xc6,
    0x38, 0xc6, 0xba, 0xde, 0xba, 0xd6, 0xba, 0xde, 0xba, 0xd6, 0xbb, 0xde,
    0xba, 0xd6, 0xba, 0xd6, 0xba, 0xd6, 0x9a, 0xd6, 0x58, 0xce, 0x1b, 0xe7,
    0xb3, 0xac, 0x93, 0xac, 0x15, 0xc5, 0x12, 0xb4, 0x15, 0xcd, 0x36, 0xd5,
    0x18, 0xd6, 0xdb, 0xde, 0xd7, 0xbd, 0x18, 0xc6, 0x9a, 0xd6, 0xfb, 0xde,
    0x5d, 0xef, 0x3b, 0xef, 0x3b, 0xef, 0x5c, 0xf7, 0x7c, 0xf7, 0x7c, 0xff,
    0x9d, 0xff, 0x9d, 0xff, 0x9d, 0xff, 0x7c, 0xff, 0x7c, 0xf7, 0x9d, 0xf7,
    0x7c, 0xf7, 0x7c, 0xf7, 0x7d, 0xf7, 0x7c, 0xf7, 0x7c, 0xf7, 0x7d, 0xf7,
    0x9c, 0xf7, 0x7c, 0xf7, 0x7c, 0xf7, 0x9c, 0xf7, 0x7c, 0xf7, 0x7d, 0xf7,
    0x9c, 0xf7, 0x7c, 0xf7, 0x7d, 0xf7, 0x7c, 0xf7, 0x7c, 0xf7, 0x7c, 0xf7,
    0x7c, 0xf7, 0x7c, 0xf7, 0x7c, 0xf7, 0x7c, 0xf7, 0x7c, 0xf7, 0x7c, 0xf7,
    0x7c, 0xf7, 0x7c, 0xf7, 0x7c, 0xf7, 0x7c, 0xf7, 0x5c, 0xf7, 0x5c, 0xef,
    0x5b, 0xef, 0x5c, 0xf7, 0x5c, 0xef, 0x3b, 0xef, 0x3c, 0xf7, 0x3c, 0xef,
    0x3b, 0xef, 0x1b, 0xef, 0x1b, 0xe7, 0xfb, 0xe6, 0xfb, 0xde, 0xda, 0xde,
    0xda, 0xde, 0xda, 0xde, 0xfb, 0xe6, 0x1b, 0xe7, 0x1c, 0xef, 0x3c, 0xef,
    0x3c, 0xef, 0x3c, 0xef, 0x3b, 0xef, 0x3c, 0xef, 0x1c, 0xef, 0x1b, 0xef,
    0x1c, 0xef, 0x1b, 0xef, 0x1b, 0xef, 0x1c, 0xef, 0x1b, 0xe7, 0x3b, 0xef,
    0x3b, 0xef, 0x1c, 0xe7, 0x3b, 0xef, 0x3b, 0xef, 0x3c, 0xef, 0x3b, 0xef,
    0x3b, 0xef, 0x3c, 0xef, 0x3c, 0xef, 0x3c, 0xe7, 0x3b, 0xe7, 0x3c, 0xef,
    0x1c, 0xe7, 0x1b, 0xe7, 0x1b, 0xe7, 0x1b, 0xe7, 0x1b, 0xe7, 0x3c, 0xef,
    0x1c, 0xe7, 0x3c, 0xef, 0x3c, 0xef, 0x3c, 0xe7, 0x3c, 0xef, 0x3c, 0xe7,
    0x1c, 0xe7, 0x1b, 0xe7, 0x1c, 0xe7, 0xfb, 0xe6, 0x1c, 0xe7, 0xfb, 0xde,
    0xfb, 0xe6, 0xfb, 0xde, 0x1c, 0xe7, 0x7d, 0xef, 0x7d, 0xef, 0x5d, 0xef,
    0x1c, 0xe7, 0xba, 0xde, 0x17, 0xc6, 0x96, 0xad, 0x76, 0xad, 0x75, 0xad,
    0x75, 0xad, 0x76, 0xad, 0x96, 0xad, 0x96, 0xad, 0xb6, 0xb5, 0xb7, 0xb5,
    0xf7, 0xbd, 0x18, 0xbe, 0xf7, 0xbd, 0xf8, 0xc5, 0x38, 0xc6, 0x59, 0xce,
    0x79, 0xce, 0x59, 0xce, 0x38, 0xc6, 0x38, 0xc6, 0x38, 0xc6, 0x58, 0xc6,
    0x79, 0xce, 0x9a, 0xd6, 0x9a, 0xd6, 0x79, 0xce, 0xdb, 0xde, 0xba, 0xd6,
    0x99, 0xd6, 0xf8, 0xbd, 0xf8, 0xbd, 0xb6, 0xb5, 0x5c, 0xef, 0xd6, 0xcd,
    0xb5, 0xc5, 0xb5, 0xc5, 0x95, 0xc5, 0x74, 0xbd, 0x54, 0xbd, 0x54, 0xbd,
    0x54, 0xbd, 0x54, 0xbd, 0x54, 0xbd, 0x54, 0xbd, 0x95, 0xc5, 0x95, 0xc5,
    0xb5, 0xc5, 0xb5, 0xc5, 0xb5, 0xc5, 0xb6, 0xc5, 0xb6, 0xc5, 0xd6, 0xc5,
    0xd6, 0xc5, 0xd6, 0xc5, 0xd6, 0xc5, 0xd6, 0xc5, 0xf6, 0xc5, 0xf6, 0xc5,
    0xd6, 0xc5, 0xd5, 0xc5, 0x95, 0xbd, 0x14, 0xa5, 0x7a, 0xc6, 0x9b, 0xce,
    0x1d, 0xdf, 0x97, 0xb5, 0x92, 0x6b, 0x76, 0x9d, 0x75, 0xa5, 0x75, 0x9d,
    0x96, 0xa5, 0x96, 0xa5, 0x76, 0xa5, 0x75, 0x9d, 0x55, 0x9d, 0xf5, 0x8c,
    0x17, 0x8d, 0x79, 0x9d, 0xba, 0xa5, 0xb3, 0x63, 0x34, 0x74, 0xd0, 0x52,
    0x4e, 0x42, 0x6e, 0x42, 0x38, 0xa5, 0x98, 0xad, 0xb0, 0x73, 0x59, 0xc6,
    0xf6, 0xb5, 0x57, 0xc6, 0x30, 0x63, 0x52, 0x6b, 0x12, 0xad, 0xf1, 0xa4,
    0x68, 0x31, 0x28, 0x29, 0x49, 0x29, 0xac, 0x41, 0x2e, 0x4a, 0x0e, 0x4a,
    0x0e, 0x4a, 0xad, 0x39, 0xac, 0x39, 0x48, 0x29, 0x3c, 0xef, 0xf7, 0xc5,
    0x96, 0xbd, 0x34, 0xb5, 0x72, 0xa4, 0x51, 0x9c, 0x50, 0xa4, 0xb1, 0x7b,
    0x36, 0x7c, 0xaf, 0x52, 0x4d, 0x4a, 0x8e, 0x52, 0xd0, 0x5a, 0xed, 0x39,
    0x4e, 0x42, 0x31, 0x63, 0x91, 0x6b, 0x71, 0x6b, 0xef, 0x5a, 0xf0, 0x5a,
    0x71, 0x6b, 0x91, 0x73, 0x31, 0x63, 0xb4, 0x6b, 0x74, 0x7c, 0xd0, 0x73,
    0xd1, 0x73, 0x90, 0x6b, 0x4f, 0x63, 0x2d, 0x5b, 0x0d, 0x63, 0x0d, 0x5b,
    0x6e, 0x6b, 0x0c, 0x63, 0x08, 0x42, 0x09, 0x42, 0x28, 0x3a, 0xe8, 0x39,
    0x74, 0x84, 0x74, 0x7c, 0x74, 0x7c, 0x53, 0x7c, 0x0e, 0x53, 0xcc, 0x52,
    0x2e, 0x63, 0x6a, 0x4a, 0x6a, 0x4a, 0x4a, 0x4a, 0x6a, 0x4a, 0x8a, 0x52,
    0xb3, 0x94, 0x2a, 0x42, 0x6a, 0x4a, 0x6a, 0x4a, 0x6b, 0x4a, 0x6b, 0x4a,
    0x6b, 0x4a, 0x6b, 0x4a, 0x4a, 0x4a, 0x4a, 0x4a, 0x6b, 0x4a, 0x4a, 0x4a,
    0x4a, 0x42, 0x4a, 0x4a, 0x09, 0x42, 0xf0, 0x7b, 0x58, 0xbe, 0x73, 0x84,
    0x2e, 0x83, 0x10, 0x8c, 0x79, 0xce, 0x8f, 0x83, 0x6f, 0xa3, 0x90, 0xa3,
    0x90, 0xa3, 0x4f, 0x9b, 0xd0, 0xa3, 0x2f, 0xa3, 0x70, 0xa3, 0xf1, 0xab,
    0xfb, 0xde, 0x9a, 0xd6, 0x18, 0xc6, 0x18, 0xc6, 0xda, 0xd6, 0xfb, 0xde,
    0xba, 0xd6, 0xba, 0xd6, 0xba, 0xde, 0xba, 0xd6, 0xfb, 0xde, 0xba, 0xd6,
    0x96, 0xb5, 0x55, 0xb5, 0xd0, 0x9b, 0xd0, 0xa3, 0x73, 0xb4, 0x12, 0xb4,
    0x32, 0xbc, 0x53, 0xbc, 0x15, 0xc5, 0x3c, 0xe7, 0x58, 0xc6, 0xf8, 0xc5,
    0x9a, 0xd6, 0x1b, 0xe7, 0x5c, 0xef, 0xfb, 0xe6, 0x3b, 0xef, 0x5c, 0xf7,
    0x1b, 0xef, 0xba, 0xde, 0x79, 0xde, 0x58, 0xd6, 0x78, 0xd6, 0xfb, 0xe6,
    0x7c, 0xf7, 0x7c, 0xf7, 0x7c, 0xf7, 0x7c, 0xf7, 0x7c, 0xf7, 0x7c, 0xf7,
    0x7c, 0xf7, 0x7d, 0xf7, 0x7c, 0xff, 0x7c, 0xf7, 0x7d, 0xf7, 0x7c, 0xf7,
    0x7c, 0xf7, 0x7c, 0xf7, 0x7c, 0xf7, 0x7c, 0xf7, 0x7d, 0xf7, 0x9c, 0xf7,
    0x7c, 0xf7, 0x9d, 0xf7, 0x7c, 0xf7, 0x7c, 0xf7, 0x7c, 0xf7, 0x7c, 0xf7,
    0x7c, 0xf7, 0x7c, 0xf7, 0x7c, 0xf7, 0x7c, 0xf7, 0x7c, 0xf7, 0x7c, 0xf7,
    0x7c, 0xf7, 0x5c, 0xf7, 0x5b, 0xf7, 0x5c, 0xef, 0x3c, 0xef, 0x3b, 0xef,
    0x3b, 0xef, 0x1b, 0xef, 0x1b, 0xe7, 0xfb, 0xe6, 0xdb, 0xde, 0xda, 0xde,
    0xba, 0xde, 0x9a, 0xd6, 0x9a, 0xd6, 0x9a, 0xd6, 0x9a, 0xd6, 0xdb, 0xde,
    0x1b, 0xe7, 0x3b, 0xef, 0x3c, 0xef, 0x3c, 0xef, 0x3c, 0xef, 0x3c, 0xef,
    0x3b, 0xef, 0x3c, 0xef, 0x3b, 0xe7, 0x1b, 0xe7, 0x3c, 0xef, 0x3b, 0xef,
    0x3b, 0xe7, 0x1c, 0xef, 0x3b, 0xef, 0x3c, 0xef, 0x3c, 0xef, 0x1b, 0xe7,
    0x3c, 0xef, 0x3b, 0xef, 0x3b, 0xe7, 0x3c, 0xef, 0x3c, 0xef, 0x3c, 0xef,
    0x3b, 0xe7, 0x1c, 0xe7, 0x3c, 0xef, 0x1b, 0xe7, 0x1c, 0xe7, 0x1c, 0xe7,
    0x1b, 0xe7, 0x1c, 0xe7, 0x1b, 0xe7, 0x3c, 0xef, 0x3c, 0xe7, 0x3c, 0xef,
    0x3c, 0xef, 0x3c, 0xe7, 0x1c, 0xe7, 0x1b, 0xe7, 0x1b, 0xe7, 0x1c, 0xe7,
    0x1b, 0xe7, 0x1b, 0xe7, 0xfb, 0xe6, 0xfb, 0xde, 0x7d, 0xef, 0x7d, 0xf7,
    0x5d, 0xef, 0xfb, 0xe6, 0xdb, 0xde, 0x38, 0xc6, 0x96, 0xad, 0x75, 0xad,
    0x75, 0xad, 0x75, 0xad, 0x75, 0xa5, 0x75, 0xad, 0x76, 0xad, 0x95, 0xad,
    0xb6, 0xb5, 0xb6, 0xb5, 0xb6, 0xb5, 0xb7, 0xb5, 0xd7, 0xb5, 0xf7, 0xbd,
    0xf7, 0xbd, 0x38, 0xc6, 0x59, 0xce, 0x79, 0xce, 0x38, 0xc6, 0x18, 0xc6,
    0xf7, 0xbd, 0x18, 0xbe, 0x38, 0xc6, 0x59, 0xce, 0xba, 0xd6, 0xba, 0xd6,
    0xba, 0xd6, 0xba, 0xd6, 0x79, 0xce, 0x18, 0xbe, 0xd7, 0xbd, 0x79, 0xce,
    0xda, 0xe6, 0xb6, 0xc5, 0xb5, 0xc5, 0x95, 0xc5, 0x75, 0xc5, 0x54, 0xbd,
    0x34, 0xbd, 0x54, 0xbd, 0x34, 0xbd, 0x34, 0xbd, 0x54, 0xbd, 0x74, 0xbd,
    0x75, 0xc5, 0x75, 0xc5, 0x75, 0xc5, 0x75, 0xc5, 0x95, 0xc5, 0x95, 0xc5,
    0xb5, 0xc5, 0xb5, 0xc5, 0xb5, 0xc5, 0xb6, 0xc5, 0xb5, 0xc5, 0xd5, 0xc5,
    0xd6, 0xc5, 0xd5, 0xc5, 0xb5, 0xbd, 0xb5, 0xbd, 0x75, 0xbd, 0x31, 0x94,
    0x32, 0x8c, 0x9b, 0xce, 0x98, 0xad, 0x77, 0xa5, 0x54, 0x84, 0x7b, 0xbe,
    0x32, 0x84, 0xce, 0x7b, 0x51, 0x84, 0x52, 0x84, 0x75, 0xa5, 0xb6, 0xad,
    0x96, 0xa5, 0xf6, 0x8c, 0x37, 0x9d, 0x99, 0xa5, 0xb9, 0x9d, 0xd2, 0x63,
    0x55, 0x7c, 0xf0, 0x52, 0x6e, 0x42, 0x4d, 0x3a, 0x38, 0xa5, 0xf6, 0x9c,
    0xcc, 0x5a, 0x14, 0xa5, 0x8a, 0x52, 0x74, 0xa5, 0xd1, 0x52, 0x92, 0x73,
    0x32, 0xb5, 0xeb, 0x62, 0xe7, 0x20, 0x6a, 0x31, 0x8a, 0x31, 0xac, 0x39,
    0x0e, 0x52, 0x0e, 0x4a, 0x0e, 0x4a, 0x2e, 0x4a, 0xee, 0x49, 0xaa, 0x39,
    0x3c, 0xef, 0xf7, 0xc5, 0xb6, 0xbd, 0x55, 0xb5, 0x92, 0xa4, 0x71, 0xa4,
    0x51, 0xa4, 0xd1, 0x83, 0xf5, 0x7b, 0x31, 0x63, 0x2d, 0x42, 0x6e, 0x52,
    0x10, 0x63, 0x0c, 0x42, 0x2d, 0x42, 0x11, 0x5b, 0x71, 0x6b, 0x50, 0x63,
    0x31, 0x63, 0xd0, 0x5a, 0x30, 0x63, 0xb1, 0x73, 0x10, 0x5b, 0x53, 0x63,
    0x75, 0x84, 0xf1, 0x73, 0x12, 0x74, 0x32, 0x7c, 0x33, 0x7c, 0xd1, 0x73,
    0x0d, 0x5b, 0x0d, 0x63, 0x6e, 0x6b, 0x0c, 0x63, 0x09, 0x42, 0x09, 0x42,
    0x08, 0x3a, 0xe8, 0x39, 0x74, 0x84, 0x95, 0x84, 0x12, 0x74, 0xcd, 0x52,
    0xcc, 0x52, 0xed, 0x52, 0x4e, 0x63, 0x6a, 0x4a, 0x6a, 0x4a, 0x69, 0x42,
    0x4a, 0x4a, 0x8b, 0x4a, 0x6a, 0x4a, 0x6a, 0x4a, 0x6b, 0x4a, 0x6b, 0x4a,
    0x6a, 0x4a, 0x6a, 0x4a, 0x6b, 0x4a, 0x6b, 0x4a, 0x6a, 0x4a, 0x4a, 0x4a,
    0x6b, 0x4a, 0x4a, 0x42, 0x4a, 0x42, 0x4a, 0x42, 0x29, 0x42, 0x18, 0xb6,
    0x18, 0xb6, 0x73, 0x84, 0xef, 0x8b, 0x6d, 0x73, 0xaa, 0x52, 0xec, 0x6a,
    0x70, 0xa3, 0x0f, 0xa3, 0x2f, 0xa3, 0x8d, 0x92, 0x90, 0x9b, 0x50, 0xa3,
    0xb0, 0xb3, 0x32, 0xb4, 0x59, 0xce, 0x79, 0xce, 0x99, 0xd6, 0xf7, 0xbd,
    0xf8, 0xc5, 0xf1, 0xa3, 0x3c, 0xe7, 0xfb, 0xde, 0xfb, 0xde, 0x18, 0xc6,
    0x92, 0x94, 0xcf, 0x7b, 0x6e, 0x73, 0x2d, 0x6b, 0x4d, 0x6b, 0x4d, 0x6b,
    0x4d, 0x73, 0x51, 0xa4, 0x93, 0xb4, 0xf9, 0xdd, 0xdb, 0xe6, 0x59, 0xd6,
    0x1c, 0xe7, 0xfb, 0xe6, 0xfb, 0xe6, 0xba, 0xd6, 0x38, 0xce, 0x99, 0xd6,
    0xb9, 0xde, 0xb6, 0xbd, 0x17, 0xc6, 0xfa, 0xe6, 0x3c, 0xef, 0x5c, 0xef,
    0x3c, 0xef, 0x1b, 0xe7, 0x7c, 0xf7, 0x7d, 0xf7, 0x9c, 0xf7, 0x7c, 0xf7,
    0x7c, 0xf7, 0x5c, 0xf7, 0x3c, 0xef, 0x3c, 0xef, 0x5c, 0xef, 0x7c, 0xf7,
    0x7c, 0xf7, 0x7c, 0xf7, 0x7c, 0xf7, 0x7c, 0xf7, 0x7c, 0xf7, 0x7c, 0xff,
    0x7c, 0xf7, 0x7c, 0xff, 0x9d, 0xf7, 0x7d, 0xf7, 0x7c, 0xf7, 0x7c, 0xf7,
    0x7c, 0xf7, 0x7c, 0xf7, 0x7c, 0xf7, 0x7c, 0xf7, 0x7c, 0xf7, 0x7c, 0xf7,
    0x7c, 0xf7, 0x7c, 0xf7, 0x7c, 0xf7, 0x5c, 0xf7, 0x5c, 0xef, 0x3b, 0xef,
    0x1b, 0xe7, 0xfb, 0xe6, 0xda, 0xde, 0xda, 0xde, 0xba, 0xd6, 0x9a, 0xd6,
    0x7a, 0xd6, 0x79, 0xce, 0x9a, 0xd6, 0x9a, 0xd6, 0x79, 0xd6, 0x79, 0xce,
    0x79, 0xce, 0x9a, 0xd6, 0xba, 0xde, 0xda, 0xde, 0x1b, 0xe7, 0x1b, 0xe7,
    0x3b, 0xef, 0x3c, 0xef, 0x3c, 0xef, 0x3b, 0xe7, 0x3c, 0xef, 0x1b, 0xef,
    0x1c, 0xe7, 0x3c, 0xef, 0x3b, 0xef, 0x3c, 0xef, 0x3c, 0xe7, 0x3b, 0xef,
    0x3c, 0xef, 0x3c, 0xef, 0x1b, 0xe7, 0x3c, 0xef, 0x3c, 0xef, 0x1b, 0xe7,
    0x3c, 0xef, 0x3c, 0xef, 0x3c, 0xe7, 0x1b, 0xe7, 0x1b, 0xef, 0x1c, 0xe7,
    0x1b, 0xe7, 0x1c, 0xe7, 0x1c, 0xe7, 0x1b, 0xef, 0x3c, 0xe7, 0x3c, 0xef,
    0x3c, 0xef, 0x3c, 0xe7, 0x1b, 0xef, 0x3c, 0xef, 0x3c, 0xe7, 0x3c, 0xef,
    0x1c, 0xe7, 0x1b, 0xe7, 0x1b, 0xe7, 0xfb, 0xe6, 0xfb, 0xde, 0x1c, 0xe7,
    0x7e, 0xf7, 0x7d, 0xef, 0x3c, 0xe7, 0xba, 0xd6, 0x59, 0xce, 0xb6, 0xb5,
    0x75, 0xad, 0x75, 0xad, 0x55, 0xad, 0x55, 0xa5, 0x75, 0xad, 0x75, 0xad,
    0x76, 0xad, 0x96, 0xad, 0x96, 0xad, 0x96, 0xad, 0xb6, 0xb5, 0xb6, 0xb5,
    0xb7, 0xb5, 0xd7, 0xbd, 0xf7, 0xbd, 0x18, 0xc6, 0x58, 0xce, 0x59, 0xce,
    0x38, 0xc6, 0xf7, 0xbd, 0xb7, 0xb5, 0xb7, 0xb5, 0x18, 0xbe, 0x38, 0xc6,
    0x79, 0xce, 0x79, 0xd6, 0x9a, 0xd6, 0x99, 0xd6, 0x59, 0xce, 0xf7, 0xbd,
    0xf7, 0xbd, 0x5c, 0xf7, 0xd6, 0xcd, 0xd6, 0xc5, 0xb5, 0xc5, 0x95, 0xc5,
    0x75, 0xc5, 0x54, 0xbd, 0x34, 0xbd, 0x34, 0xbd, 0x54, 0xbd, 0x74, 0xbd,
    0x54, 0xc5, 0x74, 0xbd, 0x74, 0xbd, 0x74, 0xbd, 0x54, 0xbd, 0x54, 0xbd,
    0x74, 0xbd, 0x75, 0xc5, 0x75, 0xc5, 0x75, 0xc5, 0x95, 0xc5, 0x95, 0xc5,
    0xb5, 0xc5, 0x95, 0xc5, 0x95, 0xbd, 0x95, 0xc5, 0x95, 0xbd, 0x74, 0xbd,
    0x34, 0xbd, 0xb2, 0xac, 0xb3, 0xa4, 0xdc, 0xce, 0xbb, 0xce, 0x39, 0xb6,
    0xd7, 0x94, 0x56, 0x84, 0xf5, 0x73, 0xaf, 0x7b, 0xef, 0x83, 0x2c, 0x52,
    0xed, 0x41, 0x6d, 0x52, 0x90, 0x6b, 0x37, 0x95, 0x98, 0x9d, 0x99, 0xa5,
    0x78, 0x9d, 0xd2, 0x63, 0x34, 0x74, 0xae, 0x4a, 0xeb, 0x39, 0x8a, 0x31,
    0x0c, 0x42, 0x8a, 0x39, 0x69, 0x31, 0x0c, 0x63, 0x08, 0x42, 0xf0, 0x5a,
    0x12, 0x53, 0xb1, 0x73, 0x70, 0x94, 0xc6, 0x18, 0x28, 0x29, 0x0d, 0x4a,
    0x8a, 0x31, 0xac, 0x39, 0x2e, 0x52, 0x0e, 0x4a, 0x0e, 0x4a, 0xcd, 0x41,
    0xcd, 0x41, 0x0c, 0x4a, 0x3c, 0xef, 0xf7, 0xc5, 0xb6, 0xbd, 0x75, 0xb5,
    0xb2, 0xac, 0x51, 0xa4, 0x71, 0xa4, 0x11, 0x8c, 0xb4, 0x6b, 0xb3, 0x73,
    0x2d, 0x42, 0x6e, 0x4a, 0x30, 0x6b, 0x4e, 0x4a, 0x2d, 0x42, 0xf0, 0x5a,
    0x30, 0x63, 0x10, 0x5b, 0x52, 0x6b, 0xf0, 0x5a, 0x30, 0x63, 0xf2, 0x7b,
    0xd0, 0x5a, 0x32, 0x63, 0x75, 0x84, 0x12, 0x74, 0x32, 0x7c, 0x53, 0x7c,
    0x53, 0x7c, 0x54, 0x7c, 0xd1, 0x73, 0x0d, 0x5b, 0x6e, 0x6b, 0x0c, 0x6b,
    0x09, 0x3a, 0x29, 0x42, 0x29, 0x42, 0x08, 0x42, 0x4f, 0x5b, 0xb0, 0x6b,
    0xcd, 0x52, 0xcc, 0x5a, 0xed, 0x5a, 0xcd, 0x52, 0x2e, 0x63, 0x6a, 0x4a,
    0x6a, 0x4a, 0x6a, 0x4a, 0x6a, 0x4a, 0x6b, 0x4a, 0x6a, 0x4a, 0x6b, 0x4a,
    0x6b, 0x4a, 0x6b, 0x4a, 0x6a, 0x4a, 0x6b, 0x4a, 0x6b, 0x4a, 0x6a, 0x4a,
    0x6b, 0x4a, 0x4a, 0x42, 0x6a, 0x4a, 0x4a, 0x4a, 0x6a, 0x4a, 0x29, 0x42,
    0x10, 0x7c, 0x58, 0xbe, 0x17, 0xb6, 0x93, 0x84, 0xcb, 0x5a, 0x8a, 0x52,
    0xec, 0x62, 0x2d, 0x6b, 0x32, 0xa4, 0x72, 0xac, 0x15, 0xb5, 0x56, 0xbd,
    0x14, 0xb5, 0x96, 0xc5, 0xf8, 0xcd, 0x59, 0xce, 0xb7, 0xbd, 0xf7, 0xc5,
    0x59, 0xce, 0x79, 0xd6, 0x18, 0xc6, 0x59, 0xce, 0x18, 0xc6, 0x76, 0xb5,
    0xf3, 0xa4, 0x72, 0x94, 0xcf, 0x83, 0x0c, 0x6b, 0xeb, 0x62, 0xcb, 0x5a,
    0xcb, 0x5a, 0x0c, 0x63, 0x8e, 0x73, 0xeb, 0x5a, 0xae, 0x7b, 0x72, 0xa4,
    0x56, 0xbd, 0x35, 0xbd, 0xfb, 0xe6, 0x1c, 0xe7, 0x17, 0xc6, 0x55, 0xad,
    0xb6, 0xb5, 0x54, 0xad, 0x91, 0x94, 0xf7, 0xbd, 0xda, 0xde, 0x3c, 0xef,
    0x7d, 0xef, 0x7d, 0xef, 0x5c, 0xef, 0x9d, 0xf7, 0x9d, 0xf7, 0x7d, 0xf7,
    0x9d, 0xf7, 0x5c, 0xef, 0x1c, 0xe7, 0x1c, 0xe7, 0x1b, 0xe7, 0x1b, 0xe7,
    0x1c, 0xe7, 0x5c, 0xef, 0x7d, 0xf7, 0x7d, 0xf7, 0x7d, 0xf7, 0x7c, 0xf7,
    0x5c, 0xf7, 0x5d, 0xf7, 0x5c, 0xef, 0x7c, 0xf7, 0x7d, 0xf7, 0x9d, 0xf7,
    0x9d, 0xff, 0x7c, 0xf7, 0x7d, 0xf7, 0x7c, 0xf7, 0x7c, 0xf7, 0x7c, 0xf7,
    0x7c, 0xf7, 0x7c, 0xf7, 0x7c, 0xf7, 0x7c, 0xf7, 0x5c, 0xef, 0x5c, 0xef,
    0x1b, 0xe7, 0x9a, 0xde, 0x79, 0xd6, 0x79, 0xd6, 0x79, 0xce, 0x79, 0xd6,
    0x59, 0xce, 0x79, 0xce, 0x79, 0xce, 0x79, 0xd6, 0xba, 0xde, 0x9a, 0xd6,
    0x79, 0xd6, 0x79, 0xce, 0x79, 0xce, 0x79, 0xd6, 0x79, 0xd6, 0x9a, 0xd6,
    0xba, 0xd6, 0xda, 0xde, 0xfb, 0xde, 0x3b, 0xe7, 0x3c, 0xef, 0x3c, 0xef,
    0x3b, 0xef, 0x3c, 0xef, 0x3b, 0xef, 0x3b, 0xef, 0x3c, 0xef, 0x3c, 0xef,
    0x3c, 0xef, 0x3c, 0xef, 0x3b, 0xef, 0x3c, 0xef, 0x3c, 0xef, 0x3c, 0xef,
    0x3b, 0xef, 0x3b, 0xef, 0x3b, 0xef, 0x3c, 0xef, 0x3c, 0xef, 0x1b, 0xef,
    0x1c, 0xe7, 0x3b, 0xe7, 0x1b, 0xe7, 0x1b, 0xef, 0x3c, 0xe7, 0x1b, 0xe7,
    0x3c, 0xef, 0x3c, 0xef, 0x3c, 0xef, 0x3c, 0xef, 0x3c, 0xef, 0x3c, 0xef,
    0x3c, 0xef, 0x3c, 0xef, 0x3c, 0xe7, 0x3c, 0xe7, 0x1c, 0xe7, 0x1c, 0xe7,
    0xfb, 0xde, 0x5d, 0xef, 0x7d, 0xf7, 0x5d, 0xef, 0xba, 0xde, 0x38, 0xc6,
    0xb6, 0xb5, 0x76, 0xad, 0x75, 0xad, 0x75, 0xa5, 0x75, 0xad, 0x75, 0xa5,
    0x75, 0xad, 0x75, 0xad, 0x96, 0xad, 0x75, 0xad, 0x75, 0xad, 0x96, 0xad,
    0x96, 0xb5, 0xb6, 0xb5, 0xd7, 0xbd, 0xf7, 0xbd, 0xf7, 0xbd, 0x18, 0xbe,
    0x38, 0xc6, 0x58, 0xc6, 0x59, 0xc6, 0xf8, 0xbd, 0xb7, 0xb5, 0xb6, 0xb5,
    0xd7, 0xb5, 0xf7, 0xbd, 0x18, 0xc6, 0x59, 0xc6, 0x59, 0xce, 0x38, 0xc6,
    0x18, 0xc6, 0xb6, 0xb5, 0x1c, 0xef, 0x17, 0xd6, 0xd6, 0xcd, 0xd6, 0xcd,
    0xd6, 0xc5, 0xb5, 0xc5, 0xb5, 0xc5, 0xb5, 0xc5, 0xb5, 0xc5, 0x95, 0xc5,
    0x74, 0xc5, 0x74, 0xbd, 0x54, 0xbd, 0x54, 0xbd, 0x54, 0xbd, 0x34, 0xbd,
    0x34, 0xbd, 0x34, 0xbd, 0x34, 0xbd, 0x34, 0xbd, 0x34, 0xbd, 0x54, 0xbd,
    0x54, 0xbd, 0x74, 0xbd, 0x75, 0xbd, 0x74, 0xbd, 0x74, 0xbd, 0x74, 0xbd,
    0x54, 0xbd, 0x54, 0xbd, 0xf3, 0xb4, 0xb2, 0xac, 0x92, 0x9c, 0xdc, 0xd6,
    0x7b, 0xce, 0x5a, 0xbe, 0xf8, 0x94, 0x57, 0x7c, 0x37, 0x7c, 0xd4, 0x73,
    0xd1, 0x7b, 0x31, 0x8c, 0xed, 0x49, 0x4e, 0x52, 0x2e, 0x52, 0x89, 0x31,
    0xb1, 0x6b, 0xba, 0xad, 0x78, 0x9d, 0x30, 0x5b, 0x47, 0x29, 0x08, 0x21,
    0xab, 0x39, 0x0d, 0x4a, 0x0c, 0x4a, 0x2d, 0x4a, 0x8a, 0x39, 0xd2, 0x9c,
    0x4c, 0x4a, 0xb0, 0x52, 0xd5, 0x6b, 0x4f, 0x6b, 0x68, 0x31, 0x28, 0x29,
    0xab, 0x39, 0x0e, 0x52, 0x6a, 0x31, 0xcc, 0x41, 0x0e, 0x4a, 0xed, 0x41,
    0x2f, 0x4a, 0xcd, 0x41, 0xcc, 0x39, 0x4d, 0x4a, 0x3c, 0xef, 0xd7, 0xbd,
    0xb6, 0xbd, 0x75, 0xb5, 0xd3, 0xac, 0x71, 0xa4, 0x71, 0xa4, 0x11, 0x8c,
    0xf6, 0x73, 0x36, 0x7c, 0x0c, 0x42, 0x4e, 0x4a, 0x10, 0x63, 0xcf, 0x5a,
    0x2d, 0x42, 0xd0, 0x52, 0x10, 0x5b, 0x31, 0x63, 0x93, 0x6b, 0xf0, 0x5a,
    0x30, 0x63, 0xd2, 0x73, 0xf1, 0x5a, 0x52, 0x63, 0x74, 0x7c, 0x32, 0x7c,
    0x53, 0x7c, 0x53, 0x7c, 0x73, 0x7c, 0x74, 0x7c, 0x74, 0x7c, 0x8f, 0x6b,
    0x6e, 0x6b, 0x2c, 0x6b, 0x08, 0x42, 0x29, 0x42, 0x28, 0x42, 0x09, 0x3a,
    0x0e, 0x5b, 0x0d, 0x53, 0x0d, 0x5b, 0x2e, 0x63, 0xed, 0x5a, 0xec, 0x52,
    0x2d, 0x63, 0x6b, 0x4a, 0x6a, 0x4a, 0x6b, 0x4a, 0x6b, 0x4a, 0x6a, 0x4a,
    0x6b, 0x4a, 0x6b, 0x4a, 0x6a, 0x4a, 0x6b, 0x4a, 0x6b, 0x4a, 0x6a, 0x4a,
    0x6b, 0x4a, 0x6b, 0x4a, 0x6a, 0x4a, 0x4b, 0x4a, 0x6a, 0x42, 0x4a, 0x4a,
    0x6a, 0x4a, 0x49, 0x42, 0x38, 0xbe, 0x18, 0xb6, 0xf8, 0xb5, 0x73, 0x84,
    0xd3, 0x9c, 0x75, 0xb5, 0xd7, 0xbd, 0xf8, 0xc5, 0xf7, 0xc5, 0xf7, 0xbd,
    0xf7, 0xbd, 0xf7, 0xc5, 0xf7, 0xc5, 0xd7, 0xcd, 0xd7, 0xc5, 0xf7, 0xc5,
    0xf7, 0xbd, 0xf7, 0xc5, 0xf8, 0xc5, 0x18, 0xc6, 0x18, 0xc6, 0x18, 0xc6,
    0xf7, 0xc5, 0xd7, 0xbd, 0xb7, 0xbd, 0xb6, 0xb5, 0xb7, 0xbd, 0xf7, 0xbd,
    0x7a, 0xd6, 0xdb, 0xde, 0xfc, 0xde, 0x1c, 0xe7, 0x3c, 0xe7, 0x55, 0xad,
    0x6d, 0x6b, 0x55, 0xad, 0xf0, 0x83, 0xd3, 0xa4, 0x1c, 0xef, 0x9a, 0xd6,
    0x96, 0xb5, 0x59, 0xce, 0x14, 0xa5, 0x79, 0xce, 0x13, 0xa5, 0x14, 0xa5,
    0x1b, 0xe7, 0x3c, 0xe7, 0x1b, 0xe7, 0x1b, 0xe7, 0x3c, 0xef, 0x7d, 0xf7,
    0x7d, 0xf7, 0x5d, 0xf7, 0x5d, 0xef, 0xdb, 0xde, 0x79, 0xce, 0x79, 0xce,
    0x99, 0xce, 0x9a, 0xce, 0xba, 0xd6, 0xba, 0xd6, 0xfb, 0xde, 0x5c, 0xef,
    0x5c, 0xef, 0x3c, 0xe7, 0xfb, 0xde, 0xdb, 0xde, 0xdb, 0xde, 0xba, 0xde,
    0xda, 0xde, 0xfb, 0xe6, 0x1b, 0xef, 0x7c, 0xf7, 0x7c, 0xf7, 0x7d, 0xf7,
    0x7c, 0xf7, 0x7c, 0xf7, 0x7d, 0xf7, 0x7d, 0xf7, 0x7c, 0xf7, 0x5c, 0xef,
    0x1b, 0xe7, 0xba, 0xde, 0x79, 0xce, 0x59, 0xce, 0x59, 0xce, 0x59, 0xc6,
    0x38, 0xc6, 0x38, 0xce, 0x39, 0xc6, 0x58, 0xce, 0x59, 0xce, 0x79, 0xce,
    0x9a, 0xd6, 0x7a, 0xd6, 0x79, 0xce, 0x79, 0xce, 0x59, 0xce, 0x59, 0xce,
    0xba, 0xd6, 0x1c, 0xe7, 0x9a, 0xd6, 0x9a, 0xd6, 0x9a, 0xd6, 0xba, 0xde,
    0x1b, 0xe7, 0x1b, 0xe7, 0x1c, 0xe7, 0x3c, 0xef, 0x3c, 0xef, 0x3c, 0xef,
    0x3c, 0xef, 0x3b, 0xef, 0x3c, 0xef, 0x3c, 0xef, 0x3c, 0xef, 0x3c, 0xef,
    0x3c, 0xef, 0x3b, 0xef, 0x3c, 0xef, 0x3c, 0xef, 0x3c, 0xef, 0x1b, 0xe7,
    0x3c, 0xef, 0x3c, 0xef, 0x1c, 0xef, 0x1c, 0xe7, 0x1b, 0xef, 0x1b, 0xef,
    0x1c, 0xef, 0x3c, 0xe7, 0x3c, 0xef, 0x3c, 0xef, 0x3b, 0xef, 0x3b, 0xef,
    0x3c, 0xef, 0x3c, 0xe7, 0x3c, 0xef, 0x3c, 0xef, 0x3c, 0xef, 0x3c, 0xef,
    0x3c, 0xef, 0x1c, 0xe7, 0x1b, 0xe7, 0x5d, 0xef, 0x3c, 0xef, 0xfb, 0xde,
    0x38, 0xc6, 0xb7, 0xb5, 0x55, 0xad, 0x55, 0xa5, 0x35, 0xa5, 0x35, 0xa5,
    0x35, 0xa5, 0x35, 0xa5, 0x35, 0xa5, 0x35, 0xa5, 0x55, 0xa5, 0x55, 0xa5,
    0x35, 0xa5, 0x55, 0xa5, 0x55, 0xa5, 0x56, 0xad, 0x75, 0xad, 0x76, 0xad,
    0x76, 0xad, 0x96, 0xad, 0x96, 0xb5, 0x96, 0xb5, 0xb6, 0xb5, 0x96, 0xad,
    0x76, 0xad, 0x96, 0xad, 0x75, 0xad, 0x76, 0xad, 0x75, 0xad, 0xd7, 0xb5,
    0x17, 0xbe, 0xd7, 0xbd, 0xb6, 0xb5, 0xba, 0xd6, 0x58, 0xd6, 0xf6, 0xcd,
    0xf7, 0xc5, 0x17, 0xc6, 0x17, 0xce, 0x17, 0xce, 0xf7, 0xcd, 0xd6, 0xc5,
    0xb5, 0xc5, 0x95, 0xc5, 0x75, 0xc5, 0x54, 0xbd, 0x54, 0xbd, 0x34, 0xbd,
    0x34, 0xbd, 0x33, 0xbd, 0x13, 0xb5, 0x13, 0xb5, 0x13, 0xbd, 0x13, 0xbd,
    0x13, 0xbd, 0x33, 0xbd, 0x34, 0xbd, 0x34, 0xbd, 0x34, 0xbd, 0x34, 0xbd,
    0x34, 0xbd, 0x34, 0xbd, 0x34, 0xbd, 0x13, 0xb5, 0xb2, 0xb4, 0xb2, 0xac,
    0x92, 0x9c, 0xdc, 0xce, 0x7b, 0xc6, 0x97, 0xa5, 0x97, 0x8c, 0x57, 0x7c,
    0x36, 0x7c, 0xf5, 0x73, 0xf4, 0x73, 0x31, 0x84, 0xee, 0x6a, 0xed, 0x49,
    0x2f, 0x52, 0x6f, 0x52, 0x6b, 0x39, 0x8a, 0x31, 0x10, 0x5b, 0x2d, 0x42,
    0xcf, 0x5a, 0xaa, 0x39, 0xec, 0x41, 0xcc, 0x41, 0xcc, 0x41, 0x6a, 0x31,
    0x48, 0x29, 0x4d, 0x6b, 0xf0, 0x5a, 0x32, 0x5b, 0xf6, 0x6b, 0x06, 0x21,
    0x27, 0x29, 0x8a, 0x39, 0x0e, 0x4a, 0x0d, 0x4a, 0x49, 0x29, 0xed, 0x49,
    0x0e, 0x4a, 0xcd, 0x41, 0x6f, 0x52, 0x0e, 0x4a, 0x8c, 0x39, 0x4c, 0x52,
    0x3c, 0xef, 0xd6, 0xc5, 0xd6, 0xbd, 0x75, 0xb5, 0xd3, 0xac, 0x72, 0xa4,
    0x71, 0xa4, 0x31, 0x94, 0x15, 0x74, 0x76, 0x84, 0xcc, 0x39, 0x6d, 0x4a,
    0xf0, 0x62, 0x30, 0x6b, 0x4d, 0x42, 0xaf, 0x52, 0x11, 0x5b, 0x51, 0x63,
    0x93, 0x73, 0xf0, 0x5a, 0xf0, 0x62, 0x50, 0x6b, 0x73, 0x63, 0x53, 0x63,
    0x54, 0x7c, 0x33, 0x7c, 0x53, 0x7c, 0x54, 0x7c, 0x74, 0x7c, 0x74, 0x7c,
    0x74, 0x84, 0x53, 0x7c, 0x8f, 0x73, 0x2d, 0x63, 0x08, 0x3a, 0x29, 0x42,
    0x29, 0x42, 0x08, 0x42, 0x0e, 0x5b, 0x0e, 0x5b, 0x0d, 0x5b, 0xcd, 0x5a,
    0xcd, 0x5a, 0xec, 0x5a, 0x2d, 0x63, 0x6b, 0x4a, 0x6b, 0x4a, 0x6b, 0x4a,
    0x6a, 0x4a, 0x6b, 0x4a, 0x6b, 0x4a, 0x6a, 0x4a, 0x6a, 0x4a, 0x6b, 0x4a,
    0x6b, 0x4a, 0x6a, 0x4a, 0x6b, 0x4a, 0x6a, 0x4a, 0x6a, 0x4a, 0x4b, 0x4a,
    0x4b, 0x4a, 0x6a, 0x42, 0x29, 0x42, 0x51, 0x84, 0x38, 0xbe, 0xf8, 0xb5,
    0xf7, 0xb5, 0x93, 0x84, 0xd7, 0xbd, 0xd7, 0xbd, 0xd7, 0xbd, 0xd7, 0xbd,
    0xd7, 0xbd, 0xd7, 0xbd, 0xd7, 0xbd, 0xd7, 0xbd, 0xd7, 0xbd, 0xd7, 0xc5,
    0xd7, 0xc5, 0xd7, 0xc5, 0xd7, 0xbd, 0xd7, 0xbd, 0xd7, 0xbd, 0xb7, 0xbd,
    0xb7, 0xbd, 0xb7, 0xbd, 0xd6, 0xbd, 0xf7, 0xbd, 0x18, 0xc6, 0x59, 0xce,
    0x1c, 0xe7, 0x5d, 0xef, 0x3c, 0xe7, 0x1c, 0xe7, 0x7d, 0xef, 0x3d, 0xef,
    0x1c, 0xe7, 0xdb, 0xde, 0x2d, 0x63, 0x55, 0xad, 0x75, 0xad, 0x93, 0x9c,
    0x6e, 0x73, 0x72, 0x8c, 0xd7, 0xbd, 0x1c, 0xe7, 0x18, 0xc6, 0x95, 0xb5,
    0xfb, 0xde, 0xd3, 0x94, 0xd2, 0x9c, 0xfb, 0xde, 0x3c, 0xe7, 0x3c, 0xe7,
    0x3c, 0xef, 0x3c, 0xef, 0x3c, 0xef, 0xfb, 0xde, 0x58, 0xce, 0x38, 0xc6,
    0x58, 0xc6, 0x58, 0xc6, 0x59, 0xc6, 0x58, 0xc6, 0x38, 0xc6, 0x38, 0xc6,
    0x38, 0xc6, 0x99, 0xce, 0xdb, 0xde, 0xba, 0xd6, 0x9a, 0xd6, 0xba, 0xd6,
    0xba, 0xde, 0xbb, 0xde, 0xda, 0xde, 0xdb, 0xde, 0xdb, 0xde, 0xfb, 0xde,
    0x3c, 0xef, 0x3c, 0xef, 0x3c, 0xef, 0x5c, 0xef, 0x3c, 0xef, 0x3c, 0xe7,
    0xfb, 0xe6, 0xba, 0xd6, 0x9a, 0xd6, 0x79, 0xce, 0x59, 0xce, 0x38, 0xc6,
    0x38, 0xc6, 0x18, 0xc6, 0x18, 0xc6, 0x18, 0xc6, 0x18, 0xc6, 0x18, 0xc6,
    0x38, 0xc6, 0x38, 0xce, 0x79, 0xce, 0x9a, 0xd6, 0x79, 0xce, 0x59, 0xce,
    0x58, 0xce, 0x38, 0xc6, 0x79, 0xce, 0x9a, 0xd6, 0x79, 0xd6, 0x79, 0xd6,
    0x9a, 0xd6, 0x9a, 0xd6, 0xba, 0xde, 0xdb, 0xde, 0xfb, 0xe6, 0x1b, 0xe7,
    0x3c, 0xe7, 0x3c, 0xef, 0x3b, 0xef, 0x3c, 0xef, 0x5c, 0xef, 0x5c, 0xef,
    0x3c, 0xef, 0x3c, 0xef, 0x3c, 0xef, 0x3c, 0xef, 0x3c, 0xef, 0x3c, 0xef,
    0x3c, 0xef, 0x3b, 0xef, 0x3c, 0xef, 0x3c, 0xef, 0x3b, 0xef, 0x3c, 0xef,
    0x3c, 0xe7, 0x3c, 0xef, 0x3b, 0xef, 0x3c, 0xef, 0x3c, 0xef, 0x3b, 0xef,
    0x3c, 0xef, 0x3c, 0xef, 0x3b, 0xef, 0x3c, 0xef, 0x3c, 0xef, 0x3b, 0xe7,
    0x3c, 0xe7, 0x3c, 0xef, 0x3c, 0xef, 0x1b, 0xe7, 0xdb, 0xde, 0x1c, 0xe7,
    0xfb, 0xe6, 0xdb, 0xde, 0xf7, 0xbd, 0x96, 0xad, 0x55, 0xad, 0x35, 0xa5,
    0x35, 0xa5, 0x35, 0xa5, 0x35, 0xa5, 0x35, 0xa5, 0x35, 0xa5, 0x35, 0xa5,
    0x35, 0xa5, 0x35, 0xa5, 0x55, 0xa5, 0x55, 0xa5, 0x55, 0xa5, 0x55, 0xa5,
    0x56, 0xa5, 0x55, 0xad, 0x75, 0xad, 0x76, 0xad, 0x96, 0xad, 0x76, 0xad,
    0x96, 0xad, 0x76, 0xad, 0x76, 0xad, 0x96, 0xad, 0x76, 0xad, 0x96, 0xad,
    0x96, 0xad, 0xb7, 0xb5, 0xd7, 0xbd, 0xd7, 0xb5, 0x39, 0xce, 0xba, 0xde,
    0xf7, 0xcd, 0x17, 0xce, 0x17, 0xce, 0x17, 0xce, 0x17, 0xce, 0x17, 0xce,
    0xf6, 0xc5, 0xd6, 0xc5, 0xb6, 0xc5, 0x75, 0xc5, 0x74, 0xbd, 0x54, 0xbd,
    0x34, 0xbd, 0x33, 0xbd, 0x13, 0xb5, 0xd2, 0xb4, 0xb2, 0xb4, 0xf3, 0xbc,
    0xf2, 0xbc, 0xf3, 0xb4, 0xf3, 0xb4, 0xf3, 0xb4, 0xf3, 0xb4, 0xf3, 0xbc,
    0x13, 0xb5, 0x13, 0xb5, 0x13, 0xb5, 0x13, 0xb5, 0xf3, 0xb4, 0xd2, 0xb4,
    0xb2, 0xac, 0x71, 0xac, 0x15, 0xa5, 0x5a, 0xc6, 0x7b, 0xc6, 0x97, 0xa5,
    0x56, 0x84, 0x77, 0x84, 0x37, 0x7c, 0x16, 0x74, 0xf5, 0x73, 0xd2, 0x7b,
    0x8f, 0x83, 0xac, 0x49, 0xee, 0x49, 0x2f, 0x52, 0xac, 0x41, 0x2e, 0x4a,
    0x4f, 0x4a, 0xec, 0x41, 0x2a, 0x31, 0x6a, 0x31, 0x29, 0x29, 0x09, 0x29,
    0x08, 0x29, 0x6a, 0x31, 0x0d, 0x63, 0xf3, 0x9c, 0x10, 0x5b, 0x37, 0x7c,
    0x72, 0x63, 0x48, 0x31, 0xcc, 0x41, 0x2e, 0x4a, 0x0d, 0x4a, 0xed, 0x49,
    0x4a, 0x29, 0x0e, 0x4a, 0x0e, 0x4a, 0xcd, 0x41, 0x0e, 0x4a, 0xed, 0x41,
    0xed, 0x41, 0x0b, 0x42, 0x3c, 0xef, 0xd7, 0xc5, 0xd6, 0xbd, 0x75, 0xbd,
    0xf3, 0xac, 0x72, 0xa4, 0x71, 0xa4, 0x52, 0x9c, 0x16, 0x7c, 0xf4, 0x73,
    0xec, 0x39, 0x4d, 0x4a, 0xf0, 0x62, 0x71, 0x6b, 0xae, 0x52, 0x10, 0x5b,
    0x51, 0x63, 0x72, 0x6b, 0x52, 0x6b, 0x11, 0x5b, 0xd0, 0x5a, 0x31, 0x63,
    0x94, 0x6b, 0x52, 0x63, 0xd1, 0x73, 0xd1, 0x73, 0x12, 0x74, 0x33, 0x7c,
    0x74, 0x7c, 0x94, 0x84, 0x94, 0x84, 0x74, 0x84, 0x32, 0x7c, 0x2c, 0x6b,
    0x29, 0x42, 0x29, 0x42, 0x09, 0x42, 0x08, 0x3a, 0x90, 0x6b, 0x0e, 0x5b,
    0xed, 0x5a, 0xed, 0x5a, 0xed, 0x5a, 0xcc, 0x52, 0x2d, 0x63, 0x8b, 0x4a,
    0x6b, 0x4a, 0x6b, 0x4a, 0x6b, 0x4a, 0x6b, 0x4a, 0x6b, 0x4a, 0x6b, 0x4a,
    0x6b, 0x4a, 0x6b, 0x4a, 0x6b, 0x4a, 0x6a, 0x4a, 0x6b, 0x4a, 0x4b, 0x4a,
    0x6a, 0x42, 0x6b, 0x4a, 0x4a, 0x4a, 0x4a, 0x42, 0x8b, 0x4a, 0x39, 0xbe,
    0x17, 0xb6, 0x17, 0xb6, 0xf8, 0xb5, 0x93, 0x84, 0x18, 0xc6, 0xf7, 0xbd,
    0xf7, 0xc5, 0x18, 0xc6, 0x18, 0xc6, 0x17, 0xc6, 0x79, 0xd6, 0xba, 0xd6,
    0xdb, 0xde, 0x18, 0xce, 0x79, 0xce, 0xf8, 0xc5, 0xd7, 0xbd, 0xd7, 0xbd,
    0xf7, 0xc5, 0x18, 0xc6, 0x38, 0xc6, 0x79, 0xce, 0x9a, 0xd6, 0x39, 0xd6,
    0x59, 0xd6, 0x7a, 0xde, 0x5d, 0xef, 0x3c, 0xe7, 0x3c, 0xe7, 0xfb, 0xe6,
    0x5d, 0xef, 0x5c, 0xef, 0x5d, 0xef, 0x9e, 0xf7, 0x38, 0xc6, 0x18, 0xc6,
    0xd7, 0xbd, 0x38, 0xc6, 0x9a, 0xd6, 0xfb, 0xe6, 0x34, 0xad, 0x4d, 0x6b,
    0x6d, 0x6b, 0x96, 0xb5, 0x7d, 0xef, 0x9a, 0xd6, 0xf3, 0x9c, 0x34, 0xa5,
    0xfb, 0xde, 0xba, 0xde, 0xdb, 0xde, 0xfb, 0xde, 0x59, 0xce, 0x17, 0xbe,
    0x17, 0xbe, 0xf7, 0xbd, 0xf7, 0xbd, 0x17, 0xbe, 0xd7, 0xbd, 0xd7, 0xbd,
    0xf7, 0xb5, 0xf7, 0xb5, 0xf7, 0xbd, 0x18, 0xc6, 0x79, 0xce, 0x99, 0xd6,
    0x9a, 0xd6, 0x99, 0xd6, 0x9a, 0xd6, 0xba, 0xd6, 0xdb, 0xde, 0xdb, 0xde,
    0xdb, 0xde, 0xfb, 0xde, 0x1b, 0xe7, 0x1b, 0xe7, 0xfb, 0xe6, 0xdb, 0xde,
    0xba, 0xde, 0xba, 0xd6, 0x9a, 0xd6, 0x79, 0xce, 0x59, 0xce, 0x38, 0xc6,
    0x18, 0xc6, 0x17, 0xc6, 0x17, 0xc6, 0xf7, 0xbd, 0xf7, 0xbd, 0xf7, 0xbd,
    0xf7, 0xbd, 0xf7, 0xbd, 0x18, 0xc6, 0x59, 0xce, 0x79, 0xce, 0x99, 0xd6,
    0x79, 0xd6, 0x79, 0xce, 0x38, 0xc6, 0x38, 0xc6, 0x38, 0xc6, 0x59, 0xce,
    0x79, 0xce, 0x79, 0xce, 0x79, 0xd6, 0x7a, 0xd6, 0x9a, 0xd6, 0xba, 0xd6,
    0xdb, 0xde, 0xfb, 0xde, 0x1b, 0xe7, 0x1b, 0xef, 0x3c, 0xe7, 0x3b, 0xef,
    0x3c, 0xef, 0x3b, 0xef, 0x3c, 0xef, 0x5c, 0xef, 0x3c, 0xef, 0x3c, 0xef,
    0x3c, 0xef, 0x3c, 0xef, 0x3c, 0xef, 0x3c, 0xef, 0x3c, 0xef, 0x3b, 0xef,
    0x3b, 0xef, 0x3c, 0xef, 0x3c, 0xef, 0x3b, 0xef, 0x3c, 0xef, 0x3c, 0xef,
    0x5c, 0xef, 0x3c, 0xef, 0x3c, 0xef, 0x3c, 0xef, 0x3b, 0xef, 0x3b, 0xef,
    0x1b, 0xe7, 0x1b, 0xe7, 0x1b, 0xe7, 0xfb, 0xe6, 0xdb, 0xde, 0x9a, 0xd6,
    0x9a, 0xd6, 0x1c, 0xe7, 0xfb, 0xde, 0xbb, 0xde, 0xd7, 0xbd, 0x96, 0xad,
    0x55, 0xa5, 0x35, 0xa5, 0x35, 0xa5, 0x35, 0xa5, 0x35, 0xa5, 0x35, 0xa5,
    0x35, 0xa5, 0x35, 0xa5, 0x35, 0xa5, 0x35, 0xa5, 0x55, 0xa5, 0x56, 0xad,
    0x56, 0xad, 0x55, 0xa5, 0x76, 0xad, 0x76, 0xa5, 0x76, 0xad, 0x75, 0xad,
    0x96, 0xa5, 0x96, 0xad, 0x96, 0xad, 0x75, 0xad, 0x96, 0xad, 0x96, 0xad,
    0x96, 0xad, 0xb6, 0xad, 0xb6, 0xb5, 0xb7, 0xb5, 0xd7, 0xb5, 0xf7, 0xbd,
    0xfb, 0xe6, 0xf6, 0xcd, 0x17, 0xce, 0x17, 0xce, 0x17, 0xce, 0x18, 0xce,
    0x17, 0xc6, 0xf7, 0xcd, 0xf6, 0xc5, 0xd6, 0xc5, 0x95, 0xc5, 0x75, 0xc5,
    0x54, 0xbd, 0x34, 0xbd, 0x33, 0xbd, 0x13, 0xb5, 0xb3, 0xb4, 0xb2, 0xb4,
    0xd2, 0xbc, 0xd3, 0xbc, 0xd2, 0xbc, 0xd2, 0xb4, 0xf2, 0xbc, 0xd2, 0xbc,
    0xf2, 0xb4, 0xd2, 0xb4, 0xd2, 0xb4, 0xd2, 0xb4, 0xd2, 0xb4, 0xd2, 0xb4,
    0xd2, 0xb4, 0xb1, 0xb4, 0x91, 0xac, 0x51, 0x9c, 0x97, 0xad, 0x77, 0xad,
    0x77, 0xad, 0x98, 0xad, 0x36, 0x7c, 0x57, 0x7c, 0x57, 0x84, 0x37, 0x7c,
    0xd5, 0x6b, 0xf2, 0x73, 0x4f, 0x7b, 0xec, 0x51, 0xab, 0x49, 0xed, 0x49,
    0x0e, 0x52, 0xee, 0x49, 0xad, 0x41, 0x6b, 0x39, 0xab, 0x41, 0xac, 0x41,
    0x29, 0x29, 0x08, 0x29, 0x4a, 0x31, 0x89, 0x31, 0xaf, 0x73, 0x50, 0x6b,
    0xd4, 0x73, 0x36, 0x7c, 0x6f, 0x6b, 0xcc, 0x41, 0x0e, 0x4a, 0x0e, 0x4a,
    0x0e, 0x52, 0x8b, 0x39, 0x8b, 0x39, 0x2e, 0x52, 0x0e, 0x4a, 0xed, 0x41,
    0x0d, 0x4a, 0xed, 0x41, 0x8b, 0x39, 0x0a, 0x42, 0x3c, 0xef, 0xf7, 0xbd,
    0xb6, 0xbd, 0x95, 0xb5, 0x14, 0xb5, 0x92, 0xa4, 0x71, 0xa4, 0x52, 0x9c,
    0x55, 0x7c, 0x52, 0x63, 0xcc, 0x31, 0x4e, 0x4a, 0xef, 0x5a, 0x30, 0x63,
    0xf0, 0x5a, 0x52, 0x63, 0x52, 0x63, 0xb3, 0x73, 0x11, 0x5b, 0xf1, 0x5a,
    0xd0, 0x52, 0x31, 0x63, 0xd5, 0x73, 0xf0, 0x52, 0x2d, 0x5b, 0x0e, 0x5b,
    0x0d, 0x5b, 0x0d, 0x5b, 0x2e, 0x5b, 0x6f, 0x63, 0xb1, 0x6b, 0x12, 0x7c,
    0x53, 0x84, 0x4d, 0x6b, 0x29, 0x42, 0x29, 0x42, 0x29, 0x42, 0xe8, 0x39,
    0x73, 0x8c, 0x2e, 0x63, 0xed, 0x5a, 0xed, 0x5a, 0xcd, 0x5a, 0x8c, 0x52,
    0x92, 0x94, 0x6a, 0x4a, 0x6b, 0x4a, 0x6a, 0x4a, 0x6b, 0x4a, 0x6a, 0x4a,
    0x6b, 0x4a, 0x6b, 0x4a, 0x6a, 0x4a, 0x6b, 0x4a, 0x6b, 0x4a, 0x6a, 0x4a,
    0x6b, 0x4a, 0x6a, 0x4a, 0x6b, 0x4a, 0x6a, 0x4a, 0x6b, 0x4a, 0x2a, 0x42,
    0xf3, 0x94, 0x18, 0xbe, 0xf8, 0xb5, 0x18, 0xbe, 0xf7, 0xb5, 0x73, 0x84,
    0xb6, 0xbd, 0x17, 0xc6, 0x18, 0xc6, 0xf7, 0xbd, 0x99, 0xd6, 0xbe, 0xf7,
    0x7d, 0xf7, 0x9e, 0xf7, 0x9e, 0xf7, 0xd7, 0xc5, 0x9d, 0xf7, 0x7d, 0xef,
    0x3d, 0xef, 0x5d, 0xef, 0x7d, 0xef, 0x7d, 0xf7, 0x5d, 0xef, 0x5d, 0xef,
    0x59, 0xd6, 0xba, 0xe6, 0xbb, 0xe6, 0x5c, 0xef, 0x3c, 0xef, 0x3c, 0xef,
    0x3c, 0xe7, 0xfb, 0xe6, 0x5d, 0xef, 0x5d, 0xef, 0x5d, 0xef, 0x7d, 0xf7,
    0xfb, 0xde, 0x18, 0xc6, 0x79, 0xce, 0x79, 0xd6, 0x59, 0xce, 0x79, 0xce,
    0x3c, 0xef, 0x5d, 0xef, 0x1c, 0xe7, 0x51, 0x8c, 0xf4, 0xa4, 0x3c, 0xe7,
    0xda, 0xd6, 0xf7, 0xbd, 0x9a, 0xd6, 0x1c, 0xe7, 0xfb, 0xde, 0x58, 0xc6,
    0x18, 0xbe, 0xf7, 0xbd, 0xf7, 0xbd, 0xf7, 0xbd, 0xd7, 0xbd, 0xb6, 0xb5,
    0xb6, 0xb5, 0xb6, 0xb5, 0xd7, 0xb5, 0xd6, 0xb5, 0xf7, 0xbd, 0x17, 0xbe,
    0x38, 0xc6, 0x79, 0xce, 0x9a, 0xd6, 0x9a, 0xd6, 0xba, 0xd6, 0xba, 0xd6,
    0xba, 0xd6, 0x9a, 0xd6, 0x9a, 0xd6, 0xba, 0xd6, 0xda, 0xd6, 0xba, 0xd6,
    0xba, 0xd6, 0xba, 0xd6, 0x9a, 0xd6, 0x79, 0xd6, 0x59, 0xce, 0x38, 0xc6,
    0x18, 0xc6, 0x17, 0xbe, 0x17, 0xbe, 0xf7, 0xbd, 0x18, 0xbe, 0x18, 0xc6,
    0x17, 0xbe, 0xf7, 0xbd, 0xf7, 0xbd, 0xf7, 0xbd, 0x17, 0xc6, 0x59, 0xce,
    0x79, 0xce, 0x9a, 0xd6, 0x79, 0xd6, 0x79, 0xce, 0x59, 0xce, 0x59, 0xce,
    0x59, 0xce, 0x79, 0xce, 0x79, 0xce, 0x79, 0xce, 0x79, 0xce, 0x79, 0xce,
    0x79, 0xd6, 0x9a, 0xd6, 0x9a, 0xd6, 0xba, 0xd6, 0xdb, 0xde, 0xfb, 0xe6,
    0x1b, 0xe7, 0x3c, 0xe7, 0x3c, 0xef, 0x3b, 0xef, 0x3c, 0xef, 0x3c, 0xef,
    0x5c, 0xef, 0x3b, 0xef, 0x5c, 0xef, 0x3c, 0xef, 0x3c, 0xef, 0x3c, 0xef,
    0x3c, 0xef, 0x3c, 0xef, 0x3c, 0xef, 0x3c, 0xef, 0x3c, 0xef, 0x3c, 0xef,
    0x3c, 0xef, 0x3c, 0xef, 0x3c, 0xef, 0x5c, 0xef, 0x5c, 0xef, 0x3c, 0xef,
    0x3c, 0xef, 0x3c, 0xe7, 0x1b, 0xe7, 0xfb, 0xe6, 0xba, 0xde, 0x9a, 0xd6,
    0x79, 0xce, 0x79, 0xce, 0x79, 0xd6, 0xfb, 0xe6, 0xdb, 0xde, 0xbb, 0xde,
    0xf7, 0xbd, 0x75, 0xad, 0x55, 0xa5, 0x35, 0xa5, 0x35, 0xa5, 0x35, 0xa5,
    0x35, 0xa5, 0x55, 0xa5, 0x55, 0xa5, 0x55, 0xa5, 0x55, 0xa5, 0x56, 0xad,
    0x76, 0xad, 0x56, 0xad, 0x56, 0xad, 0x75, 0xad, 0x76, 0xad, 0x76, 0xad,
    0x76, 0xad, 0x76, 0xad, 0x76, 0xad, 0x96, 0xad, 0x96, 0xad, 0x96, 0xad,
    0xb6, 0xad, 0xb6, 0xb5, 0xb6, 0xb5, 0xb7, 0xb5, 0xb6, 0xb5, 0xd7, 0xbd,
    0xb6, 0xb5, 0x1c, 0xe7, 0x17, 0xce, 0x17, 0xce, 0x17, 0xce, 0x38, 0xce,
    0x37, 0xc6, 0x17, 0xc6, 0x17, 0xc6, 0xf7, 0xcd, 0xd6, 0xc5, 0xb6, 0xc5,
    0x95, 0xc5, 0x54, 0xbd, 0x54, 0xbd, 0x33, 0xbd, 0x13, 0xb5, 0xb2, 0xac,
    0x35, 0xb5, 0x76, 0xc5, 0x13, 0xbd, 0xd2, 0xbc, 0xd2, 0xbc, 0xd2, 0xb4,
    0xd2, 0xb4, 0xd2, 0xb4, 0xb2, 0xb4, 0xd2, 0xb4, 0xd2, 0xb4, 0xb2, 0xb4,
    0xb2, 0xb4, 0xb2, 0xb4, 0x92, 0xb4, 0x91, 0xb4, 0x91, 0xac, 0x52, 0x9c,
    0x78, 0xad, 0x77, 0xad, 0x97, 0xad, 0x57, 0xa5, 0x15, 0x7c, 0xf5, 0x73,
    0x57, 0x7c, 0x36, 0x7c, 0xd4, 0x6b, 0xd2, 0x73, 0x0e, 0x7b, 0x0d, 0x5a,
    0xcc, 0x51, 0xcc, 0x49, 0xab, 0x41, 0x8b, 0x41, 0x8b, 0x41, 0xac, 0x41,
    0xac, 0x41, 0xac, 0x39, 0x08, 0x29, 0x49, 0x29, 0xaa, 0x39, 0xf1, 0x83,
    0xd0, 0x73, 0x91, 0x8c, 0x36, 0x7c, 0x13, 0x7c, 0x0e, 0x63, 0x0e, 0x4a,
    0x2e, 0x52, 0x2e, 0x4a, 0x0e, 0x4a, 0x4a, 0x31, 0xed, 0x49, 0x0e, 0x4a,
    0x0e, 0x4a, 0x0d, 0x4a, 0xed, 0x49, 0xed, 0x49, 0xac, 0x39, 0xe9, 0x41,
    0x3c, 0xef, 0xd7, 0xc5, 0xb6, 0xbd, 0x95, 0xbd, 0x14, 0xad, 0x92, 0xac,
    0x92, 0xa4, 0x51, 0x94, 0x77, 0x84, 0xd1, 0x52, 0xab, 0x31, 0x4e, 0x4a,
    0xcf, 0x5a, 0xf0, 0x5a, 0x51, 0x63, 0x52, 0x6b, 0x93, 0x73, 0x93, 0x6b,
    0x11, 0x5b, 0xd0, 0x52, 0xd0, 0x52, 0x31, 0x63, 0xf5, 0x73, 0xf0, 0x5a,
    0x90, 0x6b, 0x6f, 0x6b, 0x4f, 0x63, 0x2e, 0x63, 0x0e, 0x5b, 0x0d, 0x5b,
    0x0d, 0x5b, 0x0d, 0x5b, 0x6f, 0x63, 0x4d, 0x6b, 0x29, 0x42, 0x29, 0x42,
    0x29, 0x42, 0x09, 0x42, 0x53, 0x7c, 0x70, 0x63, 0x2e, 0x5b, 0xed, 0x5a,
    0xcc, 0x52, 0x0d, 0x63, 0x37, 0xce, 0x4a, 0x4a, 0x8b, 0x4a, 0x6b, 0x4a,
    0x6b, 0x4a, 0x6b, 0x4a, 0x6a, 0x4a, 0x6b, 0x4a, 0x6b, 0x4a, 0x6b, 0x4a,
    0x6a, 0x4a, 0x6b, 0x4a, 0x6b, 0x4a, 0x6a, 0x4a, 0x6a, 0x4a, 0x6b, 0x4a,
    0x4a, 0x4a, 0xcc, 0x52, 0x79, 0xc6, 0xf8, 0xb5, 0x17, 0xb6, 0x18, 0xb6,
    0xf7, 0xb5, 0x52, 0x84, 0xb3, 0x9c, 0x75, 0xad, 0x9a, 0xd6, 0x9e, 0xf7,
    0xdf, 0xff, 0xdf, 0xff, 0x7d, 0xef, 0x9e, 0xf7, 0x9e, 0xf7, 0x9e, 0xf7,
    0x7d, 0xf7, 0x7d, 0xef, 0x7d, 0xf7, 0x9e, 0xf7, 0x9e, 0xf7, 0x7d, 0xef,
    0x5d, 0xef, 0x5d, 0xef, 0x1b, 0xe7, 0x1c, 0xe7, 0x3c, 0xe7, 0x5d, 0xef,
    0x3d, 0xef, 0x5d, 0xef, 0x3c, 0xef, 0xfb, 0xde, 0x5d, 0xef, 0x5d, 0xef,
    0x1c, 0xe7, 0x9a, 0xd6, 0x59, 0xce, 0x39, 0xce, 0x39, 0xce, 0x39, 0xc6,
    0x18, 0xc6, 0x38, 0xc6, 0xba, 0xd6, 0x3d, 0xef, 0x9a, 0xd6, 0xdb, 0xde,
    0x1c, 0xe7, 0x1c, 0xe7, 0x9a, 0xd6, 0xba, 0xd6, 0x99, 0xce, 0x79, 0xce,
    0x38, 0xc6, 0x38, 0xc6, 0x17, 0xbe, 0xf7, 0xbd, 0xf7, 0xbd, 0xd7, 0xb5,
    0xd6, 0xb5, 0xd6, 0xb5, 0xb6, 0xb5, 0xb6, 0xb5, 0xd6, 0xb5, 0xd7, 0xb5,
    0xd7, 0xbd, 0x17, 0xbe, 0x58, 0xc6, 0x79, 0xce, 0x9a, 0xd6, 0xba, 0xd6,
    0xdb, 0xde, 0xdb, 0xde, 0xda, 0xd6, 0xba, 0xd6, 0xba, 0xd6, 0xba, 0xd6,
    0xba, 0xde, 0xba, 0xd6, 0x99, 0xce, 0x79, 0xce, 0x59, 0xce, 0x59, 0xce,
    0x58, 0xc6, 0x17, 0xbe, 0xf7, 0xbd, 0xf7, 0xbd, 0xf7, 0xbd, 0xf7, 0xbd,
    0x18, 0xbe, 0x38, 0xc6, 0x18, 0xc6, 0x17, 0xc6, 0xf7, 0xbd, 0x18, 0xc6,
    0x18, 0xc6, 0x79, 0xce, 0x79, 0xd6, 0x7a, 0xd6, 0x79, 0xce, 0x79, 0xce,
    0x39, 0xce, 0x38, 0xc6, 0x59, 0xce, 0x79, 0xce, 0x59, 0xce, 0x59, 0xce,
    0x59, 0xce, 0x59, 0xce, 0x79, 0xce, 0x79, 0xd6, 0x9a, 0xd6, 0x9a, 0xd6,
    0xba, 0xd6, 0xda, 0xde, 0xfb, 0xe6, 0x1b, 0xe7, 0x1b, 0xe7, 0x1b, 0xe7,
    0x1b, 0xe7, 0x3b, 0xef, 0x3b, 0xef, 0x3c, 0xef, 0x3b, 0xef, 0x3c, 0xef,
    0x5c, 0xf7, 0x3b, 0xef, 0x3c, 0xef, 0x3c, 0xef, 0x3b, 0xef, 0x3c, 0xef,
    0x3c, 0xef, 0x5c, 0xef, 0x3c, 0xef, 0x3c, 0xef, 0x3b, 0xef, 0x5c, 0xef,
    0x3b, 0xef, 0x3c, 0xef, 0x3b, 0xef, 0x1b, 0xe7, 0xdb, 0xde, 0x9a, 0xd6,
    0x59, 0xce, 0x59, 0xce, 0x58, 0xce, 0x59, 0xce, 0x9a, 0xd6, 0xfb, 0xde,
    0xdb, 0xde, 0xba, 0xde, 0x18, 0xc6, 0x96, 0xad, 0x55, 0xa5, 0x55, 0xa5,
    0x55, 0xa5, 0x55, 0xa5, 0x76, 0xad, 0x55, 0xa5, 0x56, 0xad, 0x76, 0xad,
    0x76, 0xa5, 0x55, 0xad, 0x76, 0xa5, 0x75, 0xa5, 0x76, 0xad, 0x76, 0xa5,
    0x56, 0xad, 0x76, 0xad, 0x76, 0xad, 0x76, 0xad, 0x96, 0xad, 0xb6, 0xb5,
    0xd6, 0xb5, 0xd7, 0xb5, 0xd7, 0xb5, 0xb7, 0xb5, 0xd7, 0xb5, 0xd7, 0xb5,
    0xd7, 0xb5, 0xb6, 0xb5, 0xfb, 0xe6, 0x58, 0xd6, 0x17, 0xce, 0x38, 0xce,
    0x18, 0xce, 0x17, 0xce, 0x38, 0xce, 0x17, 0xc6, 0xf7, 0xc5, 0xd6, 0xc5,
    0xd6, 0xc5, 0xb5, 0xc5, 0x95, 0xbd, 0x54, 0xbd, 0x33, 0xbd, 0x13, 0xbd,
    0xf3, 0xb4, 0x75, 0xb5, 0x17, 0xc6, 0x96, 0xbd, 0x95, 0xbd, 0x55, 0xbd,
    0xd2, 0xb4, 0xd2, 0xbc, 0xd2, 0xbc, 0xb2, 0xb4, 0xb2, 0xb4, 0xb2, 0xbc,
    0xb2, 0xb4, 0xb2, 0xb4, 0xb2, 0xb4, 0xb2, 0xb4, 0x91, 0xb4, 0x91, 0xb4,
    0x91, 0xac, 0x72, 0x9c, 0x95, 0x94, 0xb5, 0x94, 0xd5, 0x94, 0xb6, 0x8c,
    0x95, 0x84, 0x94, 0x63, 0xb4, 0x6b, 0x16, 0x74, 0x36, 0x7c, 0xb2, 0x73,
    0x8f, 0x7b, 0x0c, 0x5a, 0xec, 0x51, 0xed, 0x51, 0xed, 0x49, 0xab, 0x41,
    0xab, 0x41, 0xac, 0x41, 0x8c, 0x41, 0x08, 0x29, 0x28, 0x29, 0xac, 0x5a,
    0x52, 0x84, 0x8f, 0x42, 0x35, 0xa5, 0x14, 0x74, 0xf5, 0x73, 0xf2, 0x9c,
    0xec, 0x41, 0x0e, 0x4a, 0x2e, 0x52, 0x2e, 0x52, 0xcd, 0x41, 0x6b, 0x39,
    0x2e, 0x52, 0x2e, 0x4a, 0x0e, 0x4a, 0x0d, 0x4a, 0xed, 0x49, 0x0e, 0x4a,
    0xac, 0x39, 0xa8, 0x39, 0x3c, 0xef, 0xf7, 0xc5, 0xd6, 0xbd, 0x95, 0xb5,
    0x14, 0xb5, 0x92, 0xac, 0x92, 0xa4, 0x51, 0x9c, 0xb8, 0x8c, 0x90, 0x4a,
    0xab, 0x31, 0x4e, 0x4a, 0xf0, 0x5a, 0x10, 0x5b, 0x72, 0x6b, 0x93, 0x73,
    0x92, 0x6b, 0x52, 0x63, 0x71, 0x6b, 0xcf, 0x52, 0xaf, 0x52, 0x93, 0x6b,
    0xd5, 0x73, 0x10, 0x5b, 0x33, 0x7c, 0x53, 0x7c, 0x73, 0x7c, 0x53, 0x7c,
    0x32, 0x7c, 0xf1, 0x73, 0x90, 0x6b, 0x2e, 0x63, 0x4e, 0x63, 0x6e, 0x6b,
    0x29, 0x42, 0x29, 0x42, 0x29, 0x42, 0x29, 0x42, 0x33, 0x7c, 0x34, 0x7c,
    0xd2, 0x6b, 0x4e, 0x63, 0xac, 0x52, 0x95, 0xb5, 0x16, 0xc6, 0x4a, 0x42,
    0x8b, 0x4a, 0x6b, 0x4a, 0x6b, 0x4a, 0x8b, 0x4a, 0x8b, 0x4a, 0x6a, 0x4a,
    0x8b, 0x4a, 0x6b, 0x4a, 0x6a, 0x4a, 0x6b, 0x4a, 0x6b, 0x4a, 0x6a, 0x4a,
    0x6b, 0x4a, 0x6b, 0x4a, 0x29, 0x42, 0x14, 0x9d, 0x18, 0xb6, 0x18, 0xb6,
    0xf7, 0xb5, 0xf7, 0xb5, 0x51, 0x8c, 0x76, 0xb5, 0xdf, 0xff, 0x72, 0x94,
    0x3c, 0xe7, 0xbe, 0xf7, 0xdf, 0xff, 0xdf, 0xff, 0x5d, 0xef, 0x9d, 0xf7,
    0x9d, 0xf7, 0x9d, 0xf7, 0x9d, 0xf7, 0x9d, 0xf7, 0x7d, 0xef, 0x9e, 0xf7,
    0x9e, 0xf7, 0x7d, 0xf7, 0x7d, 0xef, 0xfc, 0xe6, 0x1c, 0xe7, 0x3c, 0xe7,
    0xfb, 0xe6, 0x3c, 0xef, 0x5d, 0xef, 0x3c, 0xef, 0x5d, 0xef, 0xdb, 0xde,
    0xba, 0xde, 0x79, 0xd6, 0x79, 0xce, 0xba, 0xd6, 0xba, 0xd6, 0x9a, 0xd6,
    0xba, 0xde, 0x3c, 0xe7, 0xbe, 0xf7, 0xfb, 0xe6, 0x18, 0xc6, 0x1c, 0xe7,
    0x9e, 0xf7, 0x1c, 0xe7, 0x9a, 0xd6, 0x59, 0xc6, 0x59, 0xce, 0x99, 0xd6,
    0x79, 0xce, 0x38, 0xc6, 0x38, 0xc6, 0x18, 0xc6, 0x18, 0xbe, 0x17, 0xbe,
    0xd7, 0xb5, 0xd7, 0xb5, 0xd6, 0xb5, 0xb6, 0xb5, 0xb7, 0xb5, 0xd6, 0xb5,
    0xb6, 0xb5, 0xd7, 0xb5, 0xf7, 0xbd, 0x38, 0xc6, 0x59, 0xce, 0x9a, 0xd6,
    0xda, 0xd6, 0xda, 0xd6, 0xba, 0xd6, 0xba, 0xd6, 0xba, 0xd6, 0xda, 0xd6,
    0xfb, 0xde, 0xba, 0xde, 0x9a, 0xd6, 0x99, 0xce, 0x79, 0xce, 0x79, 0xce,
    0x79, 0xce, 0x59, 0xc6, 0x58, 0xc6, 0x18, 0xbe, 0xf7, 0xbd, 0xf7, 0xbd,
    0xd7, 0xb5, 0xd7, 0xbd, 0xf7, 0xbd, 0xf7, 0xbd, 0x38, 0xbe, 0x18, 0xc6,
    0x18, 0xc6, 0x38, 0xc6, 0x79, 0xce, 0xba, 0xd6, 0x9a, 0xd6, 0x9a, 0xd6,
    0x79, 0xce, 0x58, 0xce, 0x38, 0xc6, 0x18, 0xbe, 0x38, 0xc6, 0x38, 0xc6,
    0x58, 0xce, 0x58, 0xce, 0x59, 0xce, 0x59, 0xce, 0x79, 0xce, 0x79, 0xce,
    0x99, 0xd6, 0x9a, 0xd6, 0x9a, 0xd6, 0xba, 0xd6, 0xba, 0xde, 0xbb, 0xde,
    0xdb, 0xde, 0xda, 0xde, 0xda, 0xde, 0xdb, 0xde, 0xfb, 0xe6, 0x1b, 0xe7,
    0x1b, 0xef, 0x3b, 0xef, 0x3b, 0xef, 0x3c, 0xef, 0x3b, 0xef, 0x3c, 0xef,
    0x3c, 0xef, 0x3b, 0xef, 0x3c, 0xef, 0x3b, 0xef, 0x5c, 0xef, 0x3c, 0xef,
    0x3c, 0xef, 0x3c, 0xef, 0x3b, 0xef, 0x3b, 0xef, 0x1b, 0xe7, 0xdb, 0xde,
    0x9a, 0xd6, 0x59, 0xce, 0x38, 0xce, 0x58, 0xce, 0x59, 0xce, 0x59, 0xce,
    0x9a, 0xd6, 0xfb, 0xde, 0xdb, 0xde, 0xba, 0xd6, 0x38, 0xc6, 0x95, 0xad,
    0x75, 0xad, 0x55, 0xa5, 0x56, 0xa5, 0x76, 0xa5, 0x76, 0xad, 0x76, 0xad,
    0x76, 0xad, 0x96, 0xad, 0x76, 0xad, 0x96, 0xad, 0x96, 0xad, 0x76, 0xad,
    0x76, 0xad, 0x96, 0xad, 0xb6, 0xad, 0x96, 0xad, 0x96, 0xad, 0x96, 0xad,
    0xb7, 0xb5, 0xd7, 0xb5, 0xd7, 0xb5, 0xd7, 0xb5, 0xd7, 0xb5, 0xd7, 0xb5,
    0xd7, 0xb5, 0xd7, 0xb5, 0xb6, 0xb5, 0x59, 0xce, 0xba, 0xde, 0x17, 0xce,
    0x38, 0xce, 0x17, 0xce, 0x37, 0xce, 0x17, 0xc6, 0x17, 0xce, 0x17, 0xc6,
    0xf6, 0xc5, 0xd6, 0xc5, 0xb5, 0xc5, 0x95, 0xc5, 0x54, 0xbd, 0x34, 0xbd,
    0x33, 0xbd, 0x13, 0xb5, 0xf3, 0xac, 0xf8, 0xc5, 0xd7, 0xbd, 0xf7, 0xc5,
    0xd7, 0xc5, 0x75, 0xbd, 0x75, 0xc5, 0x13, 0xbd, 0xb2, 0xb4, 0xb2, 0xb4,
    0xb1, 0xb4, 0xb1, 0xb4, 0x91, 0xb4, 0x91, 0xb4, 0xb1, 0xb4, 0xb1, 0xb4,
    0x91, 0xb4, 0x91, 0xb4, 0x92, 0xb4, 0x72, 0xa4, 0x52, 0x94, 0xd4, 0x9c,
    0x5a, 0xce, 0x57, 0xa5, 0x75, 0x84, 0x73, 0x63, 0xb4, 0x6b, 0xb4, 0x6b,
    0x94, 0x6b, 0x92, 0x6b, 0x52, 0x94, 0x0c, 0x52, 0xcc, 0x49, 0xed, 0x51,
    0xed, 0x51, 0xac, 0x41, 0x4a, 0x39, 0x08, 0x29, 0xc7, 0x20, 0x0a, 0x42,
    0x51, 0x8c, 0xb0, 0x73, 0x8f, 0x4a, 0x32, 0x5b, 0xf5, 0x73, 0x36, 0x7c,
    0x73, 0x8c, 0xcf, 0x83, 0x0d, 0x4a, 0x2e, 0x4a, 0x2e, 0x52, 0x2e, 0x52,
    0x4b, 0x31, 0x0d, 0x4a, 0x2e, 0x4a, 0x2e, 0x52, 0x0e, 0x4a, 0xed, 0x49,
    0x4e, 0x52, 0xcc, 0x41, 0xac, 0x41, 0x68, 0x31, 0x3c, 0xef, 0xf7, 0xc5,
    0xb6, 0xbd, 0x95, 0xb5, 0x14, 0xb5, 0xb2, 0xac, 0x91, 0xa4, 0x31, 0x94,
    0xb8, 0x8c, 0x6f, 0x42, 0x8b, 0x31, 0xaf, 0x4a, 0x11, 0x63, 0x11, 0x63,
    0x72, 0x6b, 0x93, 0x73, 0x11, 0x63, 0x11, 0x5b, 0x31, 0x63, 0x10, 0x5b,
    0xb0, 0x52, 0xf5, 0x73, 0xd4, 0x73, 0xf0, 0x52, 0x92, 0x6b, 0x34, 0x7c,
    0x74, 0x84, 0x94, 0x84, 0x74, 0x84, 0x74, 0x84, 0x73, 0x84, 0x33, 0x7c,
    0x11, 0x7c, 0x6e, 0x73, 0x29, 0x42, 0x49, 0x42, 0x49, 0x42, 0x29, 0x42,
    0x33, 0x7c, 0x33, 0x7c, 0x33, 0x7c, 0xd1, 0x73, 0x91, 0x94, 0xf6, 0xcd,
    0xb6, 0xc5, 0x2a, 0x42, 0x6b, 0x4a, 0x8a, 0x4a, 0x6a, 0x4a, 0x6b, 0x4a,
    0x6b, 0x4a, 0x6b, 0x4a, 0x6b, 0x4a, 0x8b, 0x4a, 0x6a, 0x4a, 0x6b, 0x4a,
    0x6b, 0x4a, 0x6a, 0x4a, 0x6b, 0x4a, 0x4a, 0x42, 0x2d, 0x5b, 0x59, 0xbe,
    0xf7, 0xb5, 0x18, 0xbe, 0x18, 0xb6, 0xd7, 0xb5, 0x34, 0xa5, 0xff, 0xff,
    0x96, 0xb5, 0x35, 0xad, 0x3c, 0xef, 0xbe, 0xf7, 0xdf, 0xff, 0xdf, 0xff,
    0x5c, 0xef, 0x9d, 0xf7, 0x7d, 0xf7, 0x9d, 0xef, 0x7d, 0xef, 0x7d, 0xef,
    0x5d, 0xef, 0x7d, 0xef, 0x7d, 0xf7, 0x7d, 0xf7, 0x5c, 0xef, 0x3c, 0xe7,
    0x3c, 0xef, 0x1c, 0xe7, 0x1b, 0xdf, 0x3c, 0xe7, 0x5c, 0xef, 0x3c, 0xe7,
    0xba, 0xd6, 0x9a, 0xd6, 0xdb, 0xde, 0x1b, 0xe7, 0xfb, 0xe6, 0xfb, 0xde,
    0xbb, 0xde, 0xfb, 0xde, 0x3c, 0xe7, 0xba, 0xde, 0x7d, 0xf7, 0xbe, 0xf7,
    0x7d, 0xf7, 0xf7, 0xbd, 0x18, 0xc6, 0xfb, 0xe6, 0x9d, 0xf7, 0x1c, 0xe7,
    0x79, 0xce, 0x79, 0xce, 0x7a, 0xd6, 0x38, 0xc6, 0x38, 0xc6, 0x18, 0xc6,
    0x18, 0xbe, 0x17, 0xc6, 0x17, 0xbe, 0xf7, 0xbd, 0xd7, 0xbd, 0xd7, 0xb5,
    0xd6, 0xb5, 0xb6, 0xb5, 0xd7, 0xb5, 0xd7, 0xb5, 0x17, 0xbe, 0x79, 0xce,
    0xba, 0xd6, 0xba, 0xd6, 0x9a, 0xd6, 0x9a, 0xce, 0xba, 0xd6, 0xba, 0xd6,
    0x9a, 0xd6, 0x9a, 0xd6, 0x99, 0xce, 0x79, 0xce, 0x79, 0xce, 0x79, 0xce,
    0x79, 0xce, 0x79, 0xce, 0x59, 0xce, 0x58, 0xc6, 0x38, 0xc6, 0x38, 0xc6,
    0x18, 0xbe, 0xf7, 0xbd, 0xf7, 0xbd, 0xd6, 0xb5, 0xd6, 0xbd, 0xf7, 0xbd,
    0x17, 0xbe, 0x58, 0xc6, 0x79, 0xce, 0x99, 0xd6, 0x9a, 0xd6, 0xba, 0xd6,
    0xba, 0xde, 0x9a, 0xd6, 0x79, 0xce, 0x58, 0xc6, 0x18, 0xc6, 0x17, 0xbe,
    0xf7, 0xbd, 0xf7, 0xbd, 0x18, 0xc6, 0x38, 0xc6, 0x58, 0xc6, 0x58, 0xce,
    0x59, 0xce, 0x79, 0xce, 0x79, 0xce, 0x79, 0xce, 0x79, 0xce, 0x79, 0xd6,
    0x79, 0xce, 0x79, 0xd6, 0x79, 0xd6, 0x7a, 0xce, 0x7a, 0xd6, 0x9a, 0xd6,
    0x9a, 0xd6, 0xba, 0xde, 0xdb, 0xde, 0xfb, 0xe6, 0x1b, 0xe7, 0x1b, 0xef,
    0x3b, 0xef, 0x3b, 0xef, 0x3b, 0xef, 0x3b, 0xef, 0x3b, 0xef, 0x3b, 0xef,
    0x3b, 0xef, 0x3b, 0xef, 0x3b, 0xef, 0x3b, 0xef, 0x1b, 0xe7, 0xfb, 0xde,
    0xba, 0xd6, 0x79, 0xd6, 0x59, 0xce, 0x38, 0xce, 0x38, 0xce, 0x59, 0xc6,
    0x59, 0xce, 0x59, 0xce, 0x59, 0xce, 0xdb, 0xde, 0xdb, 0xde, 0xba, 0xde,
    0x79, 0xce, 0x96, 0xad, 0x75, 0xad, 0x56, 0xad, 0x76, 0xad, 0x76, 0xad,
    0x76, 0xad, 0x96, 0xad, 0x96, 0xad, 0x96, 0xad, 0x96, 0xad, 0x96, 0xad,
    0x96, 0xad, 0x96, 0xad, 0x96, 0xad, 0x96, 0xad, 0x96, 0xad, 0x96, 0xad,
    0x96, 0xad, 0xb6, 0xb5, 0xb7, 0xb5, 0xd7, 0xb5, 0xd7, 0xb5, 0xd7, 0xb5,
    0xd7, 0xb5, 0xd7, 0xb5, 0xd7, 0xbd, 0xd7, 0xb5, 0xd7, 0xbd, 0x79, 0xd6,
    0x17, 0xc6, 0x17, 0xce, 0x17, 0xce, 0x38, 0xce, 0x17, 0xc6, 0x17, 0xc6,
    0x17, 0xc6, 0xf7, 0xcd, 0xd6, 0xc5, 0xd6, 0xc5, 0xb5, 0xc5, 0x74, 0xbd,
    0x34, 0xbd, 0xf3, 0xb4, 0x34, 0xbd, 0xd6, 0xcd, 0x17, 0xce, 0x58, 0xd6,
    0x58, 0xde, 0x58, 0xde, 0x58, 0xd6, 0x38, 0xd6, 0xf7, 0xcd, 0xf6, 0xd5,
    0xd6, 0xcd, 0x95, 0xcd, 0x74, 0xcd, 0x74, 0xc5, 0x54, 0xc5, 0x54, 0xc5,
    0x54, 0xc5, 0x54, 0xc5, 0x54, 0xbd, 0x33, 0xbd, 0xd2, 0xb4, 0x30, 0xa4,
    0x10, 0x8c, 0x11, 0x8c, 0xf8, 0xc5, 0x3d, 0xe7, 0x5d, 0xe7, 0x5a, 0xc6,
    0x34, 0x7c, 0xf1, 0x52, 0xb0, 0x4a, 0xf3, 0x6b, 0x8f, 0x73, 0x6e, 0x6b,
    0xe6, 0x20, 0xc7, 0x20, 0xe8, 0x20, 0xc7, 0x18, 0x68, 0x31, 0x8e, 0x73,
    0xb1, 0x94, 0x11, 0x84, 0xae, 0x52, 0xd1, 0x52, 0x13, 0x5b, 0x53, 0x63,
    0x36, 0x7c, 0x14, 0x7c, 0x33, 0xad, 0x0c, 0x42, 0x2e, 0x4a, 0x2e, 0x52,
    0x2e, 0x52, 0x8c, 0x39, 0x8b, 0x39, 0x4e, 0x52, 0x2e, 0x52, 0x2e, 0x52,
    0x0d, 0x4a, 0x2e, 0x4a, 0xed, 0x41, 0xcd, 0x39, 0x8c, 0x39, 0x29, 0x29,
    0x5c, 0xef, 0xf7, 0xc5, 0xd6, 0xbd, 0x96, 0xb5, 0x34, 0xb5, 0xd2, 0xac,
    0x92, 0xa4, 0x11, 0x94, 0xd9, 0x8c, 0x70, 0x4a, 0xab, 0x31, 0x11, 0x5b,
    0xf0, 0x5a, 0x52, 0x6b, 0x72, 0x6b, 0xd0, 0x5a, 0x11, 0x63, 0xd0, 0x52,
    0xcf, 0x52, 0x31, 0x63, 0xf0, 0x5a, 0xf5, 0x7b, 0xd4, 0x73, 0xaf, 0x4a,
    0x52, 0x63, 0x72, 0x6b, 0x14, 0x7c, 0x75, 0x84, 0x74, 0x7c, 0x54, 0x7c,
    0x53, 0x7c, 0x32, 0x7c, 0x32, 0x84, 0x6d, 0x73, 0x29, 0x42, 0x4a, 0x4a,
    0x4a, 0x4a, 0x29, 0x42, 0xd0, 0x7b, 0x11, 0x7c, 0x31, 0x84, 0x51, 0x8c,
    0xf6, 0xc5, 0x17, 0xce, 0x8e, 0x73, 0x4a, 0x42, 0x6b, 0x4a, 0x8b, 0x4a,
    0x6b, 0x4a, 0x6b, 0x4a, 0x6a, 0x4a, 0x6b, 0x4a, 0x6b, 0x4a, 0x6a, 0x4a,
    0x6b, 0x4a, 0x6a, 0x4a, 0x6b, 0x4a, 0x6a, 0x4a, 0x6b, 0x4a, 0x29, 0x42,
    0xd7, 0xb5, 0x18, 0xb6, 0xf7, 0xb5, 0xf7, 0xb5, 0x18, 0xb6, 0xf7, 0xb5,
    0x31, 0x84, 0x9a, 0xd6, 0x76, 0xbd, 0xbb, 0xde, 0x7d, 0xf7, 0xbe, 0xff,
    0xdf, 0xff, 0xdf, 0xff, 0xfb, 0xde, 0x9d, 0xef, 0x3c, 0xe7, 0x1c, 0xdf,
    0xdb, 0xd6, 0xba, 0xd6, 0x9a, 0xce, 0x99, 0xce, 0x9a, 0xce, 0x99, 0xce,
    0x38, 0xbe, 0x38, 0xbe, 0x79, 0xc6, 0x79, 0xc6, 0x79, 0xc6, 0x79, 0xc6,
    0x7a, 0xce, 0x9a, 0xce, 0xba, 0xde, 0xfb, 0xe6, 0x3d, 0xe7, 0x3c, 0xe7,
    0x1c, 0xe7, 0xfb, 0xe6, 0x9a, 0xd6, 0x5d, 0xef, 0x7d, 0xef, 0x5c, 0xef,
    0x7d, 0xf7, 0x9d, 0xf7, 0x9e, 0xf7, 0x9d, 0xf7, 0x59, 0xce, 0xf7, 0xbd,
    0x38, 0xc6, 0x1c, 0xe7, 0x9e, 0xf7, 0x7a, 0xde, 0x15, 0xbd, 0x56, 0xbd,
    0xf7, 0xbd, 0x38, 0xc6, 0x38, 0xc6, 0x38, 0xc6, 0x38, 0xc6, 0x58, 0xc6,
    0x38, 0xc6, 0x18, 0xc6, 0x17, 0xbe, 0xf7, 0xbd, 0x18, 0xc6, 0x59, 0xc6,
    0x9a, 0xd6, 0xda, 0xd6, 0xdb, 0xde, 0xdb, 0xde, 0xba, 0xd6, 0xba, 0xd6,
    0x9a, 0xd6, 0xba, 0xd6, 0xba, 0xce, 0x99, 0xd6, 0x99, 0xce, 0x79, 0xce,
    0x79, 0xce, 0x79, 0xce, 0x79, 0xce, 0x79, 0xce, 0x78, 0xce, 0x79, 0xce,
    0x59, 0xce, 0x58, 0xc6, 0x38, 0xc6, 0x18, 0xc6, 0x17, 0xbe, 0xf7, 0xbd,
    0xf7, 0xbd, 0x38, 0xc6, 0x59, 0xc6, 0x99, 0xd6, 0x9a, 0xd6, 0xba, 0xd6,
    0xba, 0xd6, 0xba, 0xde, 0xba, 0xde, 0xba, 0xd6, 0x9a, 0xd6, 0x59, 0xce,
    0x38, 0xc6, 0x18, 0xc6, 0x17, 0xbe, 0xf7, 0xbd, 0xf7, 0xc5, 0x18, 0xc6,
    0x38, 0xc6, 0x38, 0xc6, 0x59, 0xce, 0x59, 0xce, 0x59, 0xce, 0x59, 0xce,
    0x59, 0xce, 0x58, 0xce, 0x39, 0xc6, 0x59, 0xce, 0x59, 0xce, 0x59, 0xce,
    0x59, 0xce, 0x59, 0xce, 0x79, 0xce, 0x79, 0xd6, 0x9a, 0xd6, 0xba, 0xd6,
    0xba, 0xde, 0xfb, 0xde, 0xfb, 0xde, 0xfb, 0xde, 0xfb, 0xde, 0xfb, 0xde,
    0xdb, 0xde, 0xda, 0xde, 0xda, 0xde, 0xda, 0xde, 0xda, 0xde, 0xba, 0xd6,
    0x7a, 0xd6, 0x79, 0xce, 0x79, 0xce, 0x59, 0xce, 0x58, 0xce, 0x59, 0xce,
    0x59, 0xce, 0x59, 0xce, 0x59, 0xce, 0x58, 0xce, 0x38, 0xc6, 0xba, 0xde,
    0xda, 0xde, 0xbb, 0xde, 0x9a, 0xd6, 0xb6, 0xb5, 0x76, 0xa5, 0x75, 0xad,
    0x75, 0xad, 0x76, 0xad, 0x76, 0xad, 0x96, 0xad, 0x96, 0xad, 0x96, 0xad,
    0x96, 0xad, 0x97, 0xad, 0x96, 0xad, 0x96, 0xad, 0x96, 0xad, 0x97, 0xad,
    0x97, 0xad, 0xb7, 0xad, 0xb6, 0xad, 0xb6, 0xb5, 0xb7, 0xb5, 0xd7, 0xb5,
    0xd7, 0xb5, 0xd7, 0xbd, 0xd7, 0xb5, 0xd7, 0xbd, 0xd7, 0xbd, 0xb6, 0xb5,
    0xba, 0xd6, 0x38, 0xd6, 0x17, 0xc6, 0x17, 0xce, 0x18, 0xce, 0x18, 0xc6,
    0x17, 0xce, 0x17, 0xce, 0xf7, 0xc5, 0xd7, 0xc5, 0xd6, 0xc5, 0xb5, 0xc5,
    0x75, 0xc5, 0x74, 0xbd, 0x58, 0xd6, 0x1b, 0xef, 0xfa, 0xee, 0x98, 0xe6,
    0x58, 0xde, 0x77, 0xde, 0x98, 0xde, 0xb9, 0xe6, 0xd9, 0xe6, 0xda, 0xe6,
    0xfa, 0xee, 0xfa, 0xee, 0xfa, 0xee, 0xfa, 0xee, 0x1a, 0xef, 0x1b, 0xef,
    0x3b, 0xef, 0x5b, 0xf7, 0x5b, 0xf7, 0x5c, 0xf7, 0x7c, 0xf7, 0x7c, 0xf7,
    0x9c, 0xff, 0x7c, 0xf7, 0xfa, 0xe6, 0xd3, 0xa4, 0x93, 0x9c, 0xdc, 0xd6,
    0x9b, 0xc6, 0x9b, 0xc6, 0xbb, 0xce, 0xb5, 0x84, 0x52, 0x5b, 0xd7, 0x8c,
    0x99, 0xa5, 0x78, 0xa5, 0xd5, 0x94, 0xed, 0x5a, 0xa8, 0x39, 0xec, 0x5a,
    0x51, 0x84, 0x91, 0x73, 0xd1, 0x5a, 0xf1, 0x52, 0x12, 0x5b, 0x12, 0x5b,
    0x33, 0x53, 0xb4, 0x6b, 0x35, 0x7c, 0xb2, 0x94, 0x10, 0x84, 0xcd, 0x41,
    0x2e, 0x52, 0x4e, 0x52, 0xed, 0x49, 0x4a, 0x31, 0x2e, 0x52, 0x2e, 0x52,
    0x2e, 0x52, 0x2e, 0x52, 0x0e, 0x4a, 0xac, 0x41, 0xd1, 0x62, 0xed, 0x41,
    0x6b, 0x39, 0xc6, 0x18, 0xba, 0xd6, 0x17, 0xce, 0xd7, 0xbd, 0x96, 0xbd,
    0x34, 0xb5, 0xd3, 0xac, 0xb2, 0xac, 0x11, 0x8c, 0xf9, 0x94, 0x70, 0x42,
    0xec, 0x39, 0x11, 0x5b, 0x11, 0x63, 0x52, 0x6b, 0xd0, 0x5a, 0xd0, 0x5a,
    0xf0, 0x5a, 0xcf, 0x52, 0xf0, 0x5a, 0xcf, 0x52, 0x51, 0x63, 0xf5, 0x73,
    0xb3, 0x6b, 0x6e, 0x4a, 0xae, 0x52, 0x31, 0x5b, 0x52, 0x63, 0x92, 0x63,
    0x19, 0x8d, 0xb8, 0x8c, 0x37, 0xad, 0x98, 0xd6, 0xb9, 0xde, 0x6e, 0x6b,
    0x4a, 0x4a, 0x4a, 0x4a, 0x6a, 0x4a, 0x29, 0x42, 0x17, 0xc6, 0x17, 0xce,
    0x16, 0xce, 0xd6, 0xc5, 0xb5, 0xbd, 0xb2, 0x9c, 0x2a, 0x42, 0x8b, 0x4a,
    0x6b, 0x4a, 0x8b, 0x4a, 0x6b, 0x4a, 0x6b, 0x4a, 0x8a, 0x52, 0x8b, 0x4a,
    0x6b, 0x4a, 0x6b, 0x4a, 0x6a, 0x4a, 0x6b, 0x4a, 0x6b, 0x4a, 0x6a, 0x4a,
    0x4a, 0x42, 0x10, 0x7c, 0x58, 0xbe, 0x18, 0xbe, 0x18, 0xb6, 0xf7, 0xb5,
    0xf7, 0xb5, 0x17, 0xb6, 0xd7, 0xb5, 0x11, 0x7c, 0xb8, 0xcd, 0xd7, 0xbd,
    0xb7, 0xad, 0xb7, 0xad, 0x96, 0xad, 0xb6, 0xad, 0xf7, 0xbd, 0xfb, 0xde,
    0xda, 0xd6, 0xba, 0xd6, 0xba, 0xd6, 0x99, 0xce, 0x9a, 0xce, 0x99, 0xce,
    0xf7, 0xb5, 0x95, 0xad, 0xf7, 0xb5, 0x79, 0xbe, 0x59, 0xbe, 0x58, 0xbe,
    0x38, 0xb6, 0xf8, 0xb5, 0x17, 0xae, 0x58, 0xbe, 0x17, 0xb6, 0x38, 0xbe,
    0x99, 0xce, 0x59, 0xc6, 0x9a, 0xce, 0x79, 0xc6, 0x79, 0xc6, 0x5c, 0xef,
    0x5d, 0xef, 0x7d, 0xf7, 0x7e, 0xf7, 0x9d, 0xf7, 0x9e, 0xf7, 0x9e, 0xf7,
    0x3d, 0xef, 0x5d, 0xef, 0x9a, 0xd6, 0x39, 0xce, 0xf7, 0xc5, 0x9a, 0xde,
    0xba, 0xe6, 0x59, 0xd6, 0xf7, 0xcd, 0xf8, 0xcd, 0x38, 0xc6, 0x38, 0xc6,
    0x38, 0xce, 0x38, 0xc6, 0x38, 0xc6, 0x38, 0xce, 0x58, 0xc6, 0x59, 0xce,
    0x79, 0xce, 0x99, 0xce, 0xba, 0xd6, 0xda, 0xde, 0xba, 0xd6, 0xda, 0xde,
    0xdb, 0xde, 0xba, 0xd6, 0xba, 0xd6, 0xba, 0xd6, 0xda, 0xd6, 0xba, 0xd6,
    0x99, 0xd6, 0x99, 0xce, 0x79, 0xce, 0x79, 0xce, 0x79, 0xce, 0x79, 0xce,
    0x99, 0xce, 0x99, 0xce, 0x79, 0xce, 0x79, 0xce, 0x58, 0xc6, 0x38, 0xc6,
    0x38, 0xc6, 0x38, 0xbe, 0x38, 0xc6, 0x59, 0xce, 0x79, 0xce, 0xba, 0xd6,
    0xba, 0xde, 0xba, 0xd6, 0xbb, 0xde, 0xbb, 0xde, 0xdb, 0xde, 0xdb, 0xd6,
    0xba, 0xd6, 0x99, 0xd6, 0x59, 0xce, 0x38, 0xc6, 0x18, 0xc6, 0xf7, 0xbd,
    0xf7, 0xbd, 0x18, 0xc6, 0x38, 0xc6, 0x38, 0xc6, 0x38, 0xc6, 0x38, 0xc6,
    0x38, 0xc6, 0x38, 0xc6, 0x38, 0xc6, 0x38, 0xc6, 0x18, 0xc6, 0x38, 0xc6,
    0x38, 0xc6, 0x38, 0xc6, 0x58, 0xce, 0x58, 0xce, 0x59, 0xce, 0x59, 0xce,
    0x59, 0xce, 0x79, 0xce, 0x79, 0xd6, 0x7a, 0xd6, 0x9a, 0xd6, 0x9a, 0xd6,
    0x7a, 0xd6, 0x99, 0xd6, 0x79, 0xd6, 0x59, 0xce, 0x59, 0xce, 0x59, 0xce,
    0x39, 0xce, 0x38, 0xc6, 0x38, 0xce, 0x38, 0xce, 0x59, 0xce, 0x59, 0xce,
    0x59, 0xce, 0x79, 0xd6, 0x79, 0xce, 0x59, 0xce, 0x38, 0xc6, 0x38, 0xc6,
    0x18, 0xc6, 0x9a, 0xd6, 0xda, 0xd6, 0xda, 0xd6, 0xba, 0xd6, 0xf8, 0xbd,
    0x76, 0xad, 0x75, 0xad, 0x76, 0xad, 0x76, 0xad, 0x96, 0xad, 0x96, 0xad,
    0x96, 0xad, 0x96, 0xad, 0x97, 0xad, 0x97, 0xad, 0x96, 0xad, 0x97, 0xad,
    0x96, 0xad, 0xb6, 0xad, 0xb7, 0xb5, 0xb6, 0xb5, 0xb7, 0xb5, 0xb7, 0xb5,
    0xd7, 0xb5, 0xd7, 0xb5, 0xd7, 0xbd, 0xd7, 0xbd, 0xd7, 0xbd, 0xf7, 0xbd,
    0xd7, 0xb5, 0x59, 0xce, 0x38, 0xce, 0xf7, 0xc5, 0x17, 0xc6, 0x17, 0xc6,
    0x17, 0xc6, 0x17, 0xce, 0x17, 0xc6, 0x17, 0xc6, 0xd6, 0xc5, 0xd6, 0xc5,
    0xd5, 0xc5, 0x75, 0xc5, 0x37, 0xd6, 0x1b, 0xef, 0x78, 0xde, 0xf6, 0xd5,
    0xd6, 0xcd, 0xd6, 0xcd, 0xd6, 0xcd, 0xd6, 0xcd, 0xd6, 0xcd, 0xf6, 0xcd,
    0xf6, 0xcd, 0xf6, 0xcd, 0xf6, 0xcd, 0xf6, 0xcd, 0xf6, 0xcd, 0xf6, 0xcd,
    0xf6, 0xcd, 0xf6, 0xcd, 0xf7, 0xcd, 0xf6, 0xcd, 0xf7, 0xcd, 0xf6, 0xcd,
    0x16, 0xce, 0x16, 0xce, 0x16, 0xce, 0xf6, 0xcd, 0xf6, 0xcd, 0x54, 0xbd,
    0xb3, 0xa4, 0xbb, 0xce, 0x7b, 0xc6, 0x7a, 0xc6, 0x9b, 0xc6, 0x16, 0x95,
    0xd5, 0x8c, 0x77, 0x84, 0x97, 0x84, 0xb7, 0x84, 0xd8, 0x8c, 0x19, 0x95,
    0x19, 0x95, 0x76, 0x84, 0xd4, 0x73, 0x53, 0x63, 0x12, 0x63, 0xf2, 0x5a,
    0xf2, 0x52, 0x12, 0x53, 0x74, 0x63, 0x37, 0x7c, 0x12, 0x7c, 0x52, 0xad,
    0x4d, 0x52, 0x2e, 0x52, 0x4e, 0x52, 0x0e, 0x52, 0x4a, 0x31, 0xed, 0x49,
    0x2e, 0x52, 0x2e, 0x52, 0x2e, 0x52, 0x2e, 0x52, 0x0e, 0x4a, 0xcc, 0x41,
    0x4e, 0x52, 0x8c, 0x39, 0x0d, 0x4a, 0x44, 0x10, 0xf8, 0xc5, 0x58, 0xce,
    0xd6, 0xbd, 0x95, 0xbd, 0x34, 0xb5, 0xd3, 0xac, 0xb2, 0xa4, 0xf1, 0x8b,
    0x19, 0x95, 0x90, 0x42, 0x0d, 0x3a, 0x10, 0x5b, 0x51, 0x6b, 0x11, 0x5b,
    0xaf, 0x52, 0xd0, 0x5a, 0xaf, 0x52, 0xaf, 0x52, 0xf1, 0x7b, 0x2b, 0x42,
    0xb3, 0x6b, 0xf5, 0x73, 0x52, 0x63, 0x6d, 0x4a, 0x6c, 0x4a, 0x4b, 0x42,
    0x4b, 0x42, 0x6c, 0x4a, 0x72, 0x6b, 0x93, 0x6b, 0x71, 0x6b, 0x4b, 0x4a,
    0x4a, 0x4a, 0x4a, 0x42, 0x6a, 0x4a, 0x6a, 0x4a, 0x6b, 0x4a, 0x6b, 0x4a,
    0x2a, 0x42, 0x2a, 0x42, 0x2a, 0x42, 0x2a, 0x42, 0x2a, 0x42, 0x4a, 0x42,
    0x6b, 0x4a, 0x8b, 0x4a, 0x8b, 0x4a, 0x6b, 0x4a, 0x8b, 0x4a, 0x8b, 0x52,
    0x8b, 0x4a, 0x6a, 0x4a, 0x6b, 0x4a, 0x8b, 0x4a, 0x6a, 0x4a, 0x6b, 0x4a,
    0x6b, 0x4a, 0x6a, 0x4a, 0x8a, 0x4a, 0x38, 0xbe, 0x18, 0xb6, 0xf7, 0xb5,
    0x18, 0xbe, 0x18, 0xb6, 0xf7, 0xb5, 0x17, 0xb6, 0x17, 0xb6, 0x73, 0x84,
    0x72, 0x8c, 0xb4, 0x8c, 0xf4, 0x94, 0xf5, 0x94, 0x35, 0x95, 0x18, 0xbe,
    0xba, 0xce, 0xba, 0xce, 0x99, 0xce, 0x99, 0xce, 0xb9, 0xd6, 0x99, 0xce,
    0xf7, 0xbd, 0x76, 0xa5, 0xf7, 0xb5, 0x79, 0xbe, 0x79, 0xc6, 0x59, 0xbe,
    0x58, 0xbe, 0xf7, 0xb5, 0x76, 0xa5, 0x75, 0x9d, 0x75, 0x9d, 0xf7, 0xb5,
    0x17, 0xb6, 0x38, 0xbe, 0x99, 0xce, 0x99, 0xce, 0x59, 0xce, 0x35, 0x95,
    0xd6, 0xad, 0x99, 0xce, 0xba, 0xd6, 0xfb, 0xde, 0x3c, 0xe7, 0x5d, 0xef,
    0x7d, 0xef, 0x5d, 0xef, 0x5d, 0xef, 0x5d, 0xef, 0xba, 0xd6, 0x7e, 0xf7,
    0x59, 0xd6, 0x59, 0xde, 0x5a, 0xde, 0x19, 0xde, 0x5a, 0xde, 0x18, 0xce,
    0x77, 0xbd, 0x59, 0xce, 0x59, 0xce, 0x59, 0xce, 0x59, 0xce, 0x59, 0xce,
    0x59, 0xc6, 0x79, 0xce, 0x79, 0xce, 0x79, 0xd6, 0xba, 0xd6, 0xba, 0xd6,
    0xba, 0xd6, 0x9a, 0xd6, 0xba, 0xd6, 0xba, 0xd6, 0x99, 0xd6, 0xb9, 0xd6,
    0xba, 0xd6, 0xba, 0xd6, 0xda, 0xd6, 0xba, 0xd6, 0x99, 0xce, 0x79, 0xce,
    0x99, 0xce, 0x99, 0xce, 0x9a, 0xd6, 0x9a, 0xce, 0x99, 0xce, 0x79, 0xce,
    0x59, 0xce, 0x79, 0xce, 0xba, 0xd6, 0x59, 0xce, 0x59, 0xce, 0x79, 0xce,
    0x9a, 0xd6, 0xba, 0xd6, 0xda, 0xd6, 0xba, 0xd6, 0xba, 0xde, 0xda, 0xde,
    0xda, 0xde, 0xdb, 0xde, 0xfb, 0xde, 0xfb, 0xde, 0x9a, 0xd6, 0x59, 0xce,
    0x38, 0xc6, 0x17, 0xbe, 0xf7, 0xbd, 0x18, 0xc6, 0x38, 0xc6, 0x38, 0xc6,
    0x38, 0xc6, 0x38, 0xc6, 0x18, 0xc6, 0x18, 0xc6, 0x38, 0xc6, 0x18, 0xc6,
    0x18, 0xc6, 0x18, 0xc6, 0x17, 0xc6, 0x18, 0xc6, 0x18, 0xc6, 0x38, 0xc6,
    0x38, 0xce, 0x38, 0xce, 0x59, 0xce, 0x59, 0xce, 0x59, 0xce, 0x99, 0xd6,
    0x9a, 0xd6, 0x9a, 0xd6, 0x9a, 0xd6, 0x9a, 0xd6, 0x79, 0xd6, 0x59, 0xce,
    0x59, 0xce, 0x39, 0xce, 0x38, 0xc6, 0x18, 0xc6, 0x18, 0xc6, 0x18, 0xc6,
    0x59, 0xce, 0xba, 0xd6, 0xba, 0xd6, 0x9a, 0xd6, 0x59, 0xce, 0x17, 0xc6,
    0xf7, 0xbd, 0xf7, 0xbd, 0xd7, 0xbd, 0x17, 0xbe, 0xdb, 0xde, 0xdb, 0xde,
    0xdb, 0xde, 0x18, 0xc6, 0x96, 0xad, 0x96, 0xad, 0x96, 0xad, 0x96, 0xad,
    0xb7, 0xb5, 0xb7, 0xb5, 0xb7, 0xb5, 0xb7, 0xb5, 0xb7, 0xb5, 0xb7, 0xb5,
    0xb7, 0xb5, 0x96, 0xb5, 0xb7, 0xad, 0xb7, 0xad, 0xb7, 0xb5, 0xb6, 0xb5,
    0xb7, 0xb5, 0xd7, 0xb5, 0xd7, 0xb5, 0xf7, 0xb5, 0xd7, 0xbd, 0xf7, 0xbd,
    0xf8, 0xbd, 0xd7, 0xb5, 0x59, 0xce, 0x78, 0xd6, 0xd6, 0xc5, 0x17, 0xc6,
    0x17, 0xce, 0x17, 0xc6, 0x17, 0xc6, 0x17, 0xce, 0xf7, 0xc5, 0xf6, 0xc5,
    0xd6, 0xc5, 0xb5, 0xc5, 0x95, 0xbd, 0xd9, 0xe6, 0xd9, 0xee, 0xf6, 0xd5,
    0xf6, 0xd5, 0xd6, 0xcd, 0xd6, 0xcd, 0xd6, 0xcd, 0xd6, 0xcd, 0xd6, 0xcd,
    0xd6, 0xcd, 0xf6, 0xcd, 0xf6, 0xcd, 0xf6, 0xcd, 0xf6, 0xcd, 0xf6, 0xcd,
    0xf6, 0xcd, 0xf6, 0xcd, 0xf6, 0xc5, 0xf6, 0xcd, 0xf6, 0xc5, 0xf6, 0xc5,
    0xf6, 0xcd, 0xf6, 0xc5, 0xf6, 0xcd, 0xf6, 0xc5, 0xd6, 0xcd, 0xd6, 0xc5,
    0xb6, 0xc5, 0x94, 0xbd, 0xb3, 0xa4, 0x3a, 0xbe, 0x7a, 0xc6, 0x7a, 0xc6,
    0xb8, 0xad, 0xb5, 0x8c, 0x95, 0x84, 0x57, 0x7c, 0x57, 0x7c, 0x57, 0x84,
    0x77, 0x84, 0x78, 0x84, 0x77, 0x84, 0x98, 0x84, 0x98, 0x84, 0xb8, 0x84,
    0x78, 0x84, 0x37, 0x74, 0xd5, 0x6b, 0xf6, 0x73, 0xd5, 0x6b, 0x92, 0x6b,
    0x12, 0xa5, 0x51, 0x94, 0xed, 0x49, 0x4e, 0x52, 0x2e, 0x52, 0x4a, 0x31,
    0xac, 0x41, 0x4f, 0x5a, 0x2e, 0x52, 0x2e, 0x52, 0x2e, 0x52, 0x2e, 0x52,
    0x0e, 0x52, 0x8c, 0x39, 0x8c, 0x41, 0xed, 0x41, 0xa8, 0x20, 0x44, 0x10,
    0x55, 0xad, 0x79, 0xd6, 0xd7, 0xc5, 0xb5, 0xbd, 0x34, 0xb5, 0xd3, 0xac,
    0xb2, 0xa4, 0xf1, 0x8b, 0x5a, 0x95, 0x91, 0x4a, 0x4e, 0x42, 0xf0, 0x5a,
    0x11, 0x63, 0xaf, 0x52, 0xaf, 0x52, 0xaf, 0x52, 0xaf, 0x52, 0xaf, 0x5a,
    0x0e, 0x63, 0x6d, 0x4a, 0xf4, 0x73, 0xf5, 0x73, 0xcf, 0x52, 0x49, 0x42,
    0x2a, 0x42, 0x2a, 0x42, 0x2a, 0x42, 0x6d, 0x4a, 0x32, 0x63, 0x11, 0x63,
    0x71, 0x63, 0x6b, 0x4a, 0x6b, 0x4a, 0x8b, 0x4a, 0x6b, 0x4a, 0x6b, 0x4a,
    0x6b, 0x4a, 0x8b, 0x4a, 0x8b, 0x4a, 0x8b, 0x4a, 0x8b, 0x52, 0x8b, 0x52,
    0x8b, 0x4a, 0x8b, 0x52, 0x8b, 0x4a, 0x8b, 0x4a, 0x8b, 0x4a, 0x6b, 0x4a,
    0x6a, 0x4a, 0x8b, 0x4a, 0x6b, 0x4a, 0x6b, 0x52, 0x6b, 0x4a, 0x6b, 0x4a,
    0x8b, 0x4a, 0x8b, 0x4a, 0x6a, 0x4a, 0x4a, 0x42, 0xf4, 0x94, 0x38, 0xbe,
    0x18, 0xb6, 0xf7, 0xb5, 0xf7, 0xb5, 0x17, 0xb6, 0xf8, 0xb5, 0xf8, 0xb5,
    0x17, 0xb6, 0x73, 0x7c, 0xb3, 0x94, 0xf4, 0x8c, 0x14, 0x8d, 0x14, 0x95,
    0xb7, 0xa5, 0x99, 0xc6, 0x99, 0xc6, 0x9a, 0xce, 0xd7, 0xb5, 0x99, 0xc6,
    0x18, 0xbe, 0x96, 0x9d, 0xd6, 0xad, 0x59, 0xbe, 0x99, 0xc6, 0x79, 0xc6,
    0x59, 0xbe, 0x59, 0xbe, 0x58, 0xb6, 0x38, 0xb6, 0x17, 0xae, 0xf7, 0xad,
    0xd6, 0xa5, 0xf7, 0xad, 0x17, 0xbe, 0x38, 0xbe, 0xda, 0xd6, 0xdb, 0xde,
    0xb6, 0xad, 0xd3, 0x8c, 0xb2, 0x8c, 0x34, 0x9d, 0x96, 0xad, 0x59, 0xc6,
    0x9a, 0xd6, 0x9a, 0xd6, 0x99, 0xce, 0xda, 0xd6, 0x1c, 0xe7, 0x1c, 0xe7,
    0x3c, 0xef, 0x5d, 0xef, 0x1c, 0xe7, 0xba, 0xde, 0x3d, 0xe7, 0xdb, 0xde,
    0x9a, 0xde, 0x39, 0xd6, 0xd7, 0xc5, 0x59, 0xce, 0x9a, 0xd6, 0x38, 0xc6,
    0x58, 0xc6, 0x59, 0xce, 0x59, 0xce, 0x79, 0xce, 0x79, 0xce, 0x9a, 0xd6,
    0x9a, 0xd6, 0x9a, 0xd6, 0xba, 0xd6, 0x9a, 0xd6, 0xdb, 0xde, 0xba, 0xd6,
    0xda, 0xd6, 0x99, 0xd6, 0x99, 0xce, 0x9a, 0xd6, 0xba, 0xd6, 0xb9, 0xd6,
    0x99, 0xd6, 0x99, 0xce, 0x99, 0xd6, 0xb9, 0xd6, 0xba, 0xd6, 0xba, 0xd6,
    0x79, 0xce, 0x59, 0xce, 0x59, 0xce, 0x79, 0xce, 0x9a, 0xd6, 0x99, 0xce,
    0x79, 0xce, 0x79, 0xce, 0x9a, 0xd6, 0xba, 0xde, 0xba, 0xd6, 0xba, 0xd6,
    0xba, 0xd6, 0xda, 0xd6, 0xdb, 0xde, 0x1b, 0xe7, 0x2c, 0x63, 0x30, 0x84,
    0x59, 0xce, 0x79, 0xd6, 0x38, 0xc6, 0x18, 0xc6, 0x18, 0xbe, 0x18, 0xc6,
    0x18, 0xc6, 0x38, 0xc6, 0x38, 0xce, 0x38, 0xce, 0x58, 0xce, 0x38, 0xc6,
    0x38, 0xce, 0x38, 0xc6, 0x38, 0xc6, 0x38, 0xc6, 0x38, 0xc6, 0x18, 0xc6,
    0x18, 0xc6, 0x18, 0xc6, 0x18, 0xc6, 0x18, 0xc6, 0x58, 0xce, 0x79, 0xce,
    0x9a, 0xd6, 0xba, 0xde, 0xba, 0xde, 0xba, 0xd6, 0xba, 0xd6, 0x9a, 0xd6,
    0x9a, 0xd6, 0x79, 0xd6, 0x59, 0xce, 0x38, 0xce, 0x38, 0xc6, 0x18, 0xc6,
    0x38, 0xc6, 0x59, 0xce, 0x9a, 0xd6, 0xba, 0xde, 0x9a, 0xd6, 0x59, 0xce,
    0xf7, 0xc5, 0xb6, 0xb5, 0x96, 0xb5, 0x96, 0xad, 0x96, 0xad, 0xb6, 0xb5,
    0x9a, 0xd6, 0xdb, 0xde, 0xda, 0xde, 0x38, 0xc6, 0x96, 0xb5, 0x96, 0xb5,
    0x96, 0xb5, 0xb7, 0xb5, 0xf8, 0xbd, 0x18, 0xbe, 0xd7, 0xb5, 0xd7, 0xb5,
    0xd7, 0xb5, 0xf7, 0xbd, 0x18, 0xbe, 0xd7, 0xb5, 0xd7, 0xb5, 0xb7, 0xb5,
    0xd7, 0xb5, 0xd7, 0xb5, 0xd7, 0xbd, 0xf7, 0xbd, 0xf7, 0xbd, 0xf8, 0xbd,
    0xf8, 0xbd, 0xf7, 0xbd, 0xf7, 0xbd, 0x59, 0xce, 0x99, 0xde, 0xd6, 0xbd,
    0xf7, 0xc5, 0xf7, 0xc5, 0x17, 0xce, 0x17, 0xce, 0xf7, 0xc5, 0xf7, 0xc5,
    0xd6, 0xc5, 0xd6, 0xc5, 0xb5, 0xc5, 0x74, 0xbd, 0xd9, 0xe6, 0x5b, 0xf7,
    0xf6, 0xd5, 0xd6, 0xcd, 0xd6, 0xcd, 0xd6, 0xcd, 0xd6, 0xcd, 0xd6, 0xcd,
    0xd6, 0xcd, 0xd6, 0xcd, 0xd6, 0xcd, 0xd6, 0xcd, 0xd6, 0xcd, 0xd6, 0xcd,
    0xd6, 0xcd, 0xd6, 0xc5, 0xd6, 0xc5, 0xf6, 0xc5, 0xf7, 0xc5, 0xd6, 0xc5,
    0xd6, 0xc5, 0xd6, 0xc5, 0xd6, 0xc5, 0xf6, 0xc5, 0xd6, 0xc5, 0xd6, 0xc5,
    0xd6, 0xc5, 0xd6, 0xc5, 0xb6, 0xc5, 0x95, 0xbd, 0x91, 0xa4, 0xef, 0x93,
    0xf0, 0x8b, 0xf5, 0x94, 0xb4, 0x8c, 0xb5, 0x8c, 0x75, 0x84, 0x16, 0x74,
    0x16, 0x74, 0x16, 0x74, 0x36, 0x7c, 0x37, 0x7c, 0x57, 0x7c, 0x77, 0x7c,
    0x77, 0x7c, 0x77, 0x7c, 0x77, 0x7c, 0x77, 0x84, 0x77, 0x7c, 0x77, 0x7c,
    0xb5, 0x6b, 0x91, 0x94, 0x12, 0xa5, 0x8d, 0x5a, 0x2e, 0x52, 0x2e, 0x52,
    0x4a, 0x31, 0x8b, 0x39, 0x4f, 0x5a, 0x4e, 0x5a, 0x4e, 0x52, 0x2e, 0x52,
    0x2e, 0x52, 0x0e, 0x52, 0x2b, 0x39, 0x0a, 0x29, 0xe9, 0x28, 0xa8, 0x20,
    0xa8, 0x20, 0x44, 0x10, 0xd3, 0x9c, 0xba, 0xde, 0xf7, 0xc5, 0xb5, 0xbd,
    0x34, 0xad, 0xf3, 0xac, 0xd2, 0xac, 0xd1, 0x83, 0x5a, 0x9d, 0xd2, 0x4a,
    0x6e, 0x42, 0xf0, 0x5a, 0xf0, 0x5a, 0x8f, 0x52, 0x30, 0x63, 0x8f, 0x52,
    0xb0, 0x52, 0xd0, 0x5a, 0xce, 0x52, 0x92, 0x6b, 0xd4, 0x73, 0xd5, 0x7b,
    0x4a, 0x42, 0x4a, 0x42, 0x2a, 0x42, 0x4a, 0x42, 0x4b, 0x4a, 0x73, 0x73,
    0x32, 0x63, 0xae, 0x52, 0x71, 0x6b, 0x6b, 0x4a, 0x8b, 0x4a, 0x8b, 0x4a,
    0x8b, 0x52, 0x8b, 0x4a, 0x8b, 0x4a, 0x8b, 0x4a, 0x8b, 0x4a, 0x8b, 0x4a,
    0x8b, 0x4a, 0xab, 0x52, 0xab, 0x4a, 0xab, 0x4a, 0x8b, 0x52, 0x8b, 0x52,
    0x8b, 0x52, 0x8b, 0x52, 0x8b, 0x52, 0x8b, 0x4a, 0x8b, 0x4a, 0x8b, 0x4a,
    0x8b, 0x4a, 0x8a, 0x4a, 0x6b, 0x4a, 0x8b, 0x4a, 0x6a, 0x4a, 0x4e, 0x6b,
    0x79, 0xc6, 0x18, 0xb6, 0x18, 0xb6, 0x18, 0xb6, 0xf7, 0xb5, 0x17, 0xb6,
    0xf7, 0xb5, 0x17, 0xb6, 0x18, 0xb6, 0x73, 0x84, 0xb4, 0x94, 0xf4, 0x8c,
    0x15, 0x95, 0x15, 0x95, 0xd7, 0xad, 0x79, 0xc6, 0xd7, 0xb5, 0xaf, 0x73,
    0x35, 0x95, 0xb6, 0xa5, 0x96, 0x9d, 0xb7, 0xa5, 0x79, 0xbe, 0x79, 0xc6,
    0x59, 0xbe, 0x39, 0xb6, 0x59, 0xb6, 0x58, 0xb6, 0x58, 0xb6, 0x38, 0xb6,
    0x18, 0xb6, 0xf7, 0xad, 0xb6, 0xa5, 0x95, 0xa5, 0x95, 0x9d, 0xf7, 0xb5,
    0x79, 0xce, 0x9a, 0xd6, 0x34, 0x95, 0xf4, 0x8c, 0x75, 0xa5, 0xf4, 0x94,
    0x91, 0x84, 0xb2, 0x8c, 0x17, 0xbe, 0x79, 0xce, 0x79, 0xce, 0x79, 0xce,
    0x79, 0xce, 0xd7, 0xb5, 0xda, 0xd6, 0x1c, 0xe7, 0x3c, 0xe7, 0x3c, 0xef,
    0x3c, 0xef, 0x1c, 0xef, 0xba, 0xde, 0xfb, 0xe6, 0x3c, 0xef, 0x1c, 0xe7,
    0x1c, 0xe7, 0xba, 0xde, 0x38, 0xce, 0x59, 0xce, 0x79, 0xce, 0x79, 0xce,
    0x79, 0xce, 0x9a, 0xd6, 0x9a, 0xd6, 0x9a, 0xd6, 0x9a, 0xd6, 0xba, 0xd6,
    0x6e, 0x73, 0x0c, 0x63, 0x92, 0x94, 0xbb, 0xde, 0xba, 0xd6, 0xba, 0xd6,
    0xda, 0xd6, 0xba, 0xd6, 0xda, 0xd6, 0xdb, 0xd6, 0xdb, 0xd6, 0xda, 0xd6,
    0xdb, 0xd6, 0xda, 0xde, 0xba, 0xd6, 0x79, 0xce, 0x59, 0xce, 0x59, 0xce,
    0x79, 0xce, 0x79, 0xce, 0x79, 0xce, 0x79, 0xce, 0x79, 0xce, 0x9a, 0xd6,
    0x99, 0xd6, 0x99, 0xd6, 0x79, 0xd6, 0x99, 0xd6, 0x38, 0xc6, 0x10, 0x84,
    0x2d, 0x6b, 0x0c, 0x63, 0xcb, 0x5a, 0xba, 0xde, 0x59, 0xce, 0x38, 0xc6,
    0x38, 0xc6, 0x18, 0xc6, 0x38, 0xc6, 0x38, 0xc6, 0x38, 0xce, 0x59, 0xce,
    0x79, 0xce, 0x79, 0xce, 0x59, 0xce, 0x59, 0xce, 0x58, 0xce, 0x59, 0xce,
    0x59, 0xce, 0x58, 0xce, 0x38, 0xc6, 0x18, 0xc6, 0x18, 0xc6, 0x38, 0xc6,
    0x59, 0xce, 0x79, 0xd6, 0x9a, 0xd6, 0xba, 0xd6, 0xba, 0xde, 0xba, 0xde,
    0xba, 0xde, 0xba, 0xd6, 0xba, 0xd6, 0x9a, 0xd6, 0x79, 0xce, 0x59, 0xce,
    0x38, 0xce, 0x38, 0xce, 0x38, 0xce, 0x79, 0xd6, 0x9a, 0xd6, 0x79, 0xd6,
    0x38, 0xce, 0x18, 0xc6, 0xd6, 0xb5, 0x96, 0xad, 0x96, 0xad, 0x75, 0xad,
    0x96, 0xb5, 0x96, 0xb5, 0x59, 0xc6, 0xdb, 0xde, 0xdb, 0xde, 0x38, 0xce,
    0xd7, 0xbd, 0xf8, 0xbd, 0xf7, 0xbd, 0x18, 0xc6, 0x17, 0xc6, 0x17, 0xc6,
    0x18, 0xc6, 0x38, 0xc6, 0x17, 0xc6, 0xd7, 0xbd, 0xd7, 0xbd, 0xf7, 0xbd,
    0x18, 0xc6, 0x18, 0xc6, 0x17, 0xbe, 0xf7, 0xbd, 0xf8, 0xbd, 0x38, 0xc6,
    0x38, 0xc6, 0x38, 0xce, 0x38, 0xce, 0x38, 0xc6, 0x59, 0xce, 0x3c, 0xef,
    0xd6, 0xc5, 0xf6, 0xc5, 0xf7, 0xc5, 0xf7, 0xc5, 0xf7, 0xc5, 0xf7, 0xc5,
    0xf7, 0xc5, 0xf6, 0xc5, 0xd6, 0xc5, 0xb6, 0xc5, 0x95, 0xbd, 0xb5, 0xc5,
    0xdd, 0xff, 0x78, 0xe6, 0xf7, 0xd5, 0xd6, 0xcd, 0xd6, 0xcd, 0xd6, 0xcd,
    0xd6, 0xcd, 0xd6, 0xcd, 0xb5, 0xcd, 0xb5, 0xcd, 0xd6, 0xc5, 0xb5, 0xc5,
    0xb5, 0xc5, 0xb6, 0xc5, 0xb6, 0xc5, 0xd6, 0xc5, 0xd6, 0xc5, 0xd6, 0xc5,
    0xd6, 0xc5, 0xd6, 0xc5, 0xd6, 0xc5, 0xd6, 0xc5, 0xd6, 0xc5, 0xd6, 0xc5,
    0xd6, 0xc5, 0xd6, 0xc5, 0xb6, 0xc5, 0xb6, 0xc5, 0xb5, 0xc5, 0x95, 0xbd,
    0xd2, 0xac, 0x50, 0xa4, 0x10, 0x94, 0x19, 0xbe, 0x16, 0x9d, 0x94, 0x84,
    0x14, 0x7c, 0xd6, 0x73, 0xd5, 0x6b, 0xd5, 0x6b, 0xd6, 0x6b, 0xf6, 0x73,
    0x16, 0x74, 0x16, 0x74, 0x36, 0x7c, 0x16, 0x7c, 0x17, 0x74, 0x57, 0x7c,
    0x57, 0x7c, 0x77, 0x7c, 0xd2, 0x73, 0x12, 0xad, 0x70, 0x94, 0xed, 0x49,
    0x0d, 0x52, 0x29, 0x29, 0x6b, 0x39, 0x4f, 0x5a, 0x4e, 0x5a, 0x4e, 0x5a,
    0x2e, 0x5a, 0x2e, 0x5a, 0x2e, 0x52, 0x2b, 0x31, 0x0b, 0x31, 0x0b, 0x31,
    0x2b, 0x39, 0x0a, 0x31, 0xc8, 0x20, 0x45, 0x10, 0x10, 0x8c, 0xfb, 0xe6,
    0xf6, 0xc5, 0xb6, 0xbd, 0x34, 0xb5, 0xf3, 0xac, 0xf3, 0xac, 0xd1, 0x7b,
    0x7b, 0x9d, 0x12, 0x53, 0xb0, 0x4a, 0xcf, 0x52, 0x6e, 0x4a, 0x8e, 0x52,
    0x51, 0x6b, 0x8f, 0x52, 0xcf, 0x5a, 0xcf, 0x5a, 0x31, 0x63, 0xd3, 0x73,
    0xd4, 0x73, 0x30, 0x63, 0x29, 0x42, 0x29, 0x4a, 0x49, 0x42, 0x29, 0x42,
    0x92, 0x6b, 0x31, 0x63, 0x10, 0x5b, 0x2c, 0x42, 0x71, 0x6b, 0x6b, 0x4a,
    0x8b, 0x4a, 0x8b, 0x52, 0x8b, 0x52, 0x8b, 0x52, 0x8b, 0x4a, 0x8b, 0x4a,
    0x8b, 0x52, 0x8b, 0x4a, 0xab, 0x4a, 0xac, 0x52, 0xab, 0x52, 0xac, 0x52,
    0x8b, 0x52, 0x8b, 0x4a, 0x8b, 0x4a, 0x8b, 0x52, 0x8b, 0x52, 0x8b, 0x4a,
    0x8b, 0x4a, 0x8b, 0x4a, 0x8b, 0x4a, 0x8b, 0x4a, 0x8b, 0x4a, 0x8b, 0x4a,
    0x49, 0x42, 0xba, 0xd6, 0x18, 0xbe, 0x18, 0xb6, 0x17, 0xb6, 0x18, 0xb6,
    0x18, 0xb6, 0xf7, 0xb5, 0x17, 0xb6, 0xf7, 0xb5, 0x17, 0xb6, 0x73, 0x84,
    0xf4, 0x8c, 0xf5, 0x94, 0x15, 0x95, 0x35, 0x95, 0x18, 0xb6, 0x14, 0x95,
    0xed, 0x5a, 0xd0, 0x73, 0xd8, 0xad, 0x96, 0x9d, 0x97, 0xa5, 0xb7, 0xad,
    0x59, 0xbe, 0x9a, 0xc6, 0x18, 0xae, 0xd8, 0xa5, 0x38, 0xb6, 0x58, 0xb6,
    0x58, 0xb6, 0x38, 0xb6, 0xb7, 0xa5, 0x95, 0x9d, 0x95, 0xa5, 0x55, 0x9d,
    0x34, 0x95, 0xd6, 0xad, 0xf8, 0xb5, 0x75, 0xa5, 0xf4, 0x8c, 0x55, 0x9d,
    0x9a, 0xce, 0x99, 0xce, 0x59, 0xbe, 0x17, 0xb6, 0xf7, 0xb5, 0x58, 0xbe,
    0x79, 0xc6, 0x79, 0xc6, 0x38, 0xc6, 0xd7, 0xb5, 0x79, 0xce, 0x99, 0xce,
    0x99, 0xce, 0xba, 0xd6, 0xfc, 0xe6, 0x3c, 0xe7, 0x1c, 0xe7, 0x3c, 0xe7,
    0x1c, 0xe7, 0x1c, 0xe7, 0x1c, 0xe7, 0x1c, 0xe7, 0x1c, 0xe7, 0x9a, 0xd6,
    0x59, 0xce, 0x79, 0xce, 0x79, 0xd6, 0x9a, 0xd6, 0x99, 0xd6, 0x99, 0xd6,
    0x99, 0xd6, 0x9a, 0xd6, 0x55, 0xad, 0x2c, 0x6b, 0x0c, 0x63, 0x6d, 0x6b,
    0xae, 0x7b, 0xae, 0x7b, 0xae, 0x73, 0xae, 0x73, 0x8e, 0x73, 0x6d, 0x73,
    0x6d, 0x6b, 0x4d, 0x6b, 0x4d, 0x6b, 0x2c, 0x6b, 0x0c, 0x63, 0x0c, 0x63,
    0xeb, 0x62, 0xcb, 0x5a, 0xca, 0x5a, 0xab, 0x5a, 0xaa, 0x5a, 0xcb, 0x5a,
    0xcb, 0x5a, 0x0c, 0x63, 0xeb, 0x62, 0xec, 0x62, 0xeb, 0x62, 0xeb, 0x62,
    0x0c, 0x63, 0x2d, 0x6b, 0xcf, 0x7b, 0x9a, 0xd6, 0xba, 0xd6, 0x9a, 0xd6,
    0x59, 0xce, 0x38, 0xc6, 0x38, 0xc6, 0x38, 0xc6, 0x58, 0xce, 0x59, 0xce,
    0x59, 0xce, 0x59, 0xce, 0x79, 0xce, 0x79, 0xce, 0x9a, 0xd6, 0x99, 0xd6,
    0x79, 0xd6, 0x79, 0xce, 0x79, 0xce, 0x59, 0xce, 0x58, 0xce, 0x38, 0xce,
    0x59, 0xce, 0x58, 0xce, 0x59, 0xce, 0x79, 0xd6, 0x79, 0xd6, 0x9a, 0xd6,
    0xba, 0xd6, 0xbb, 0xde, 0xdb, 0xde, 0xba, 0xde, 0xba, 0xd6, 0x9a, 0xd6,
    0x79, 0xd6, 0x59, 0xce, 0x59, 0xce, 0x59, 0xce, 0x79, 0xce, 0x9a, 0xd6,
    0x79, 0xce, 0x38, 0xce, 0x18, 0xc6, 0xd7, 0xbd, 0xb6, 0xb5, 0x96, 0xb5,
    0x76, 0xad, 0x96, 0xad, 0x96, 0xb5, 0xb6, 0xb5, 0x17, 0xbe, 0xdb, 0xde,
    0xfb, 0xde, 0x59, 0xce, 0x18, 0xc6, 0x18, 0xc6, 0x18, 0xc6, 0x18, 0xc6,
    0x17, 0xc6, 0x18, 0xc6, 0x38, 0xc6, 0x38, 0xc6, 0x18, 0xc6, 0x18, 0xc6,
    0x17, 0xbe, 0x38, 0xc6, 0x38, 0xce, 0x38, 0xc6, 0x17, 0xbe, 0x17, 0xc6,
    0x38, 0xc6, 0x59, 0xce, 0x58, 0xce, 0x38, 0xce, 0x38, 0xc6, 0x18, 0xc6,
    0x5d, 0xef, 0xd6, 0xc5, 0xf6, 0xc5, 0xf6, 0xc5, 0xf7, 0xc5, 0xf7, 0xc5,
    0xf7, 0xc5, 0xf7, 0xc5, 0xf6, 0xc5, 0xf6, 0xc5, 0xd6, 0xc5, 0xb5, 0xc5,
    0x54, 0xbd, 0xb9, 0xe6, 0x5c, 0xf7, 0xf6, 0xd5, 0xf6, 0xd5, 0xd6, 0xcd,
    0xd6, 0xcd, 0xd6, 0xcd, 0xb6, 0xcd, 0xb5, 0xcd, 0xb5, 0xcd, 0xb6, 0xc5,
    0xb5, 0xc5, 0xb5, 0xc5, 0xb5, 0xc5, 0xb5, 0xc5, 0x95, 0xc5, 0xb5, 0xc5,
    0xb5, 0xc5, 0xb6, 0xc5, 0xb5, 0xc5, 0xb6, 0xc5, 0xb6, 0xc5, 0xd6, 0xc5,
    0xb6, 0xc5, 0xb6, 0xc5, 0xd6, 0xc5, 0xb6, 0xc5, 0xd6, 0xc5, 0xb5, 0xc5,
    0xb5, 0xc5, 0xb5, 0xbd, 0xf3, 0xb4, 0x71, 0xa4, 0x30, 0x94, 0x39, 0xbe,
    0x39, 0xc6, 0x37, 0x9d, 0xb4, 0x73, 0xb5, 0x6b, 0x94, 0x63, 0x94, 0x6b,
    0xb4, 0x6b, 0xb4, 0x6b, 0xb5, 0x6b, 0xd5, 0x6b, 0xd5, 0x6b, 0xb5, 0x6b,
    0x94, 0x6b, 0xb4, 0x6b, 0xf5, 0x73, 0x52, 0x5b, 0xb1, 0x9c, 0x12, 0xa5,
    0x2e, 0x6b, 0x6b, 0x39, 0x09, 0x29, 0x8b, 0x39, 0x4f, 0x5a, 0x4f, 0x5a,
    0x4e, 0x5a, 0x2e, 0x5a, 0x2e, 0x5a, 0x2e, 0x5a, 0xad, 0x49, 0x0b, 0x39,
    0x6c, 0x41, 0x2b, 0x39, 0xc9, 0x28, 0xa9, 0x20, 0xa8, 0x20, 0x45, 0x10,
    0x8e, 0x73, 0x1c, 0xef, 0xf7, 0xc5, 0xb6, 0xbd, 0x34, 0xb5, 0xf3, 0xac,
    0xf3, 0xac, 0xb1, 0x73, 0x7a, 0x9d, 0x73, 0x5b, 0x31, 0x5b, 0x4e, 0x4a,
    0x4e, 0x4a, 0xae, 0x52, 0x30, 0x63, 0xb0, 0x52, 0xd0, 0x5a, 0xcf, 0x52,
    0x92, 0x6b, 0xb3, 0x6b, 0x92, 0x73, 0x2a, 0x42, 0x4a, 0x42, 0x49, 0x4a,
    0x29, 0x42, 0xcd, 0x52, 0x93, 0x6b, 0x10, 0x63, 0x8d, 0x4a, 0x4c, 0x4a,
    0x70, 0x6b, 0x8b, 0x4a, 0x8c, 0x52, 0xac, 0x52, 0x8c, 0x52, 0x8b, 0x4a,
    0x6b, 0x4a, 0xab, 0x5a, 0x0d, 0x63, 0x2d, 0x63, 0x8b, 0x4a, 0xac, 0x52,
    0xac, 0x4a, 0xab, 0x52, 0xab, 0x52, 0xac, 0x52, 0x8b, 0x4a, 0x8b, 0x4a,
    0x8b, 0x52, 0x8b, 0x4a, 0x8b, 0x4a, 0x8b, 0x4a, 0x8b, 0x4a, 0x8b, 0x4a,
    0x8b, 0x4a, 0x6a, 0x4a, 0x11, 0x7c, 0x38, 0xb6, 0x18, 0xb6, 0x18, 0xb6,
    0x17, 0xb6, 0x17, 0xb6, 0x18, 0xb6, 0xf7, 0xb5, 0xf7, 0xb5, 0x17, 0xb6,
    0x17, 0xb6, 0x73, 0x84, 0xf4, 0x94, 0x35, 0x95, 0x35, 0x95, 0x97, 0xa5,
    0x31, 0x7c, 0xed, 0x5a, 0x0d, 0x5b, 0x56, 0x9d, 0x97, 0xa5, 0x76, 0x9d,
    0x96, 0xa5, 0xf8, 0xad, 0x79, 0xbe, 0x79, 0xc6, 0x39, 0xb6, 0x18, 0xae,
    0x38, 0xb6, 0x59, 0xb6, 0x59, 0xb6, 0x38, 0xb6, 0x38, 0xb6, 0x59, 0xb6,
    0x58, 0xb6, 0xd7, 0xad, 0x55, 0x9d, 0xb6, 0xad, 0x38, 0xc6, 0x76, 0xa5,
    0xf4, 0x8c, 0xd7, 0xa5, 0x99, 0xce, 0x99, 0xc6, 0x99, 0xc6, 0x79, 0xc6,
    0x79, 0xc6, 0x79, 0xc6, 0x79, 0xc6, 0x79, 0xc6, 0xd7, 0xb5, 0x18, 0xbe,
    0x99, 0xce, 0x99, 0xce, 0x9a, 0xce, 0x79, 0xce, 0x79, 0xce, 0x79, 0xce,
    0xdb, 0xde, 0x1c, 0xe7, 0x1c, 0xe7, 0x1c, 0xe7, 0x3c, 0xe7, 0x1c, 0xe7,
    0x1c, 0xe7, 0x3c, 0xe7, 0xfb, 0xde, 0x79, 0xd6, 0x79, 0xd6, 0x79, 0xd6,
    0x9a, 0xd6, 0x99, 0xce, 0x9a, 0xd6, 0x9a, 0xd6, 0xba, 0xd6, 0xdb, 0xde,
    0xd6, 0xb5, 0xf0, 0x83, 0x6d, 0x6b, 0x10, 0x84, 0x30, 0x84, 0x10, 0x84,
    0x92, 0x94, 0x14, 0xad, 0x55, 0xad, 0x75, 0xb5, 0xb3, 0x9c, 0xf7, 0xc5,
    0xd7, 0xbd, 0xd7, 0xbd, 0xd7, 0xbd, 0xd6, 0xbd, 0xf7, 0xbd, 0xf7, 0xc5,
    0xd7, 0xbd, 0xb6, 0xb5, 0x18, 0xc6, 0xcf, 0x7b, 0x96, 0xb5, 0x55, 0xad,
    0x55, 0xad, 0x55, 0xad, 0x4d, 0x6b, 0x30, 0x8c, 0x5d, 0xef, 0xfb, 0xde,
    0xdb, 0xde, 0x9a, 0xd6, 0x79, 0xce, 0x58, 0xc6, 0x38, 0xc6, 0x38, 0xc6,
    0x59, 0xc6, 0x79, 0xce, 0x79, 0xce, 0x79, 0xce, 0x79, 0xce, 0x9a, 0xd6,
    0x9a, 0xd6, 0x9a, 0xd6, 0x9a, 0xd6, 0x9a, 0xd6, 0x79, 0xd6, 0x59, 0xce,
    0x79, 0xce, 0x79, 0xce, 0x79, 0xce, 0x79, 0xce, 0x59, 0xce, 0x59, 0xce,
    0x59, 0xce, 0x79, 0xce, 0x9a, 0xd6, 0xba, 0xd6, 0xba, 0xd6, 0xba, 0xd6,
    0x9a, 0xd6, 0x79, 0xd6, 0x79, 0xce, 0x79, 0xce, 0x59, 0xce, 0x79, 0xce,
    0x7a, 0xd6, 0x79, 0xce, 0x38, 0xc6, 0x18, 0xc6, 0xf7, 0xbd, 0xd6, 0xb5,
    0xb6, 0xb5, 0x96, 0xb5, 0xb6, 0xb5, 0xb6, 0xb5, 0xb6, 0xb5, 0xd7, 0xbd,
    0x17, 0xbe, 0xdb, 0xde, 0xfb, 0xde, 0x79, 0xd6, 0x18, 0xc6, 0x17, 0xc6,
    0x18, 0xc6, 0x18, 0xc6, 0x18, 0xc6, 0x38, 0xc6, 0x18, 0xc6, 0x18, 0xc6,
    0x38, 0xc6, 0x38, 0xc6, 0x38, 0xc6, 0x99, 0xd6, 0x79, 0xce, 0x38, 0xce,
    0x18, 0xc6, 0x38, 0xc6, 0x59, 0xc6, 0x58, 0xce, 0x58, 0xce, 0x58, 0xce,
    0x18, 0xc6, 0x3c, 0xef, 0x17, 0xce, 0xd6, 0xbd, 0xd6, 0xc5, 0xd7, 0xc5,
    0xd6, 0xc5, 0xf6, 0xc5, 0xf6, 0xc5, 0xf6, 0xc5, 0xd6, 0xc5, 0xd6, 0xc5,
    0xb5, 0xc5, 0x95, 0xbd, 0x34, 0xbd, 0xbd, 0xff, 0x99, 0xe6, 0xf7, 0xd5,
    0xf6, 0xd5, 0xd6, 0xcd, 0xb6, 0xcd, 0xb5, 0xcd, 0xb5, 0xcd, 0xb5, 0xc5,
    0x95, 0xc5, 0x95, 0xc5, 0x95, 0xc5, 0x75, 0xc5, 0x95, 0xc5, 0x75, 0xc5,
    0x95, 0xc5, 0x95, 0xc5, 0x95, 0xc5, 0x95, 0xc5, 0xb5, 0xc5, 0xb5, 0xc5,
    0xb5, 0xc5, 0xb5, 0xc5, 0xb5, 0xc5, 0xb5, 0xc5, 0xb5, 0xc5, 0xb5, 0xc5,
    0xb5, 0xc5, 0xb5, 0xc5, 0xb5, 0xc5, 0xb5, 0xbd, 0xf2, 0xb4, 0x71, 0xa4,
    0x72, 0x9c, 0x3a, 0xc6, 0x19, 0xbe, 0x77, 0xa5, 0xf4, 0x73, 0xd2, 0x52,
    0x53, 0x63, 0x54, 0x63, 0x74, 0x63, 0x94, 0x63, 0x94, 0x63, 0x74, 0x63,
    0x74, 0x63, 0x74, 0x63, 0x94, 0x63, 0x73, 0x63, 0xf2, 0x52, 0xaf, 0x7b,
    0xf2, 0xa4, 0x4a, 0x52, 0x08, 0x29, 0x08, 0x29, 0xcc, 0x41, 0x6f, 0x62,
    0x6e, 0x5a, 0x4f, 0x5a, 0x4f, 0x5a, 0x4e, 0x5a, 0x2e, 0x52, 0x2e, 0x5a,
    0x6c, 0x41, 0x2b, 0x39, 0x6c, 0x41, 0xca, 0x28, 0x2a, 0x31, 0xc9, 0x28,
    0x87, 0x20, 0x46, 0x10, 0x0c, 0x6b, 0x5d, 0xf7, 0xf7, 0xc5, 0xb6, 0xbd,
    0x54, 0xb5, 0xf3, 0xac, 0xf3, 0xac, 0x91, 0x73, 0x7a, 0x9d, 0xb3, 0x6b,
    0xd4, 0x6b, 0x2d, 0x42, 0x6d, 0x42, 0x8e, 0x4a, 0xf0, 0x5a, 0xd0, 0x5a,
    0xaf, 0x52, 0xf0, 0x5a, 0x93, 0x6b, 0x92, 0x6b, 0x6c, 0x4a, 0x29, 0x42,
    0x49, 0x4a, 0x4a, 0x4a, 0x2a, 0x42, 0x71, 0x6b, 0xb2, 0x73, 0x91, 0x6b,
    0x12, 0x7c, 0x12, 0x7c, 0x4f, 0x63, 0x70, 0x6b, 0xf2, 0x73, 0xd1, 0x73,
    0x33, 0x7c, 0x4f, 0x63, 0xcb, 0x52, 0x18, 0xc6, 0x59, 0xd6, 0x51, 0x8c,
    0x6b, 0x4a, 0xab, 0x52, 0xac, 0x4a, 0xab, 0x4a, 0xac, 0x52, 0xac, 0x52,
    0xab, 0x52, 0x8b, 0x52, 0x8b, 0x4a, 0x8b, 0x52, 0x8b, 0x4a, 0x8b, 0x52,
    0x8b, 0x52, 0x8b, 0x4a, 0x8b, 0x4a, 0xcc, 0x52, 0x59, 0xc6, 0xf8, 0xb5,
    0x18, 0xbe, 0x18, 0xbe, 0xf7, 0xb5, 0xf8, 0xb5, 0x17, 0xb6, 0xf7, 0xb5,
    0x17, 0xb6, 0x17, 0xb6, 0x18, 0xb6, 0x73, 0x7c, 0x56, 0x9d, 0x76, 0x9d,
    0xf8, 0xad, 0x31, 0x7c, 0xed, 0x5a, 0x2d, 0x5b, 0x6f, 0x63, 0x59, 0xb6,
    0xb7, 0xa5, 0x97, 0xa5, 0xd7, 0xa5, 0x59, 0xb6, 0x59, 0xb6, 0x38, 0xb6,
    0xf8, 0xad, 0xd8, 0xa5, 0x38, 0xae, 0x39, 0xb6, 0x39, 0xb6, 0x39, 0xb6,
    0x59, 0xbe, 0x79, 0xbe, 0x79, 0xbe, 0xd7, 0xad, 0x55, 0x9d, 0xd7, 0xad,
    0x38, 0xc6, 0x34, 0x95, 0x14, 0x8d, 0x18, 0xbe, 0x38, 0xb6, 0x18, 0xb6,
    0x39, 0xbe, 0x79, 0xc6, 0x38, 0xbe, 0x18, 0xb6, 0x79, 0xc6, 0x58, 0xc6,
    0x96, 0xa5, 0x79, 0xc6, 0xba, 0xd6, 0x9a, 0xd6, 0x9a, 0xd6, 0x99, 0xd6,
    0x79, 0xce, 0x58, 0xc6, 0x38, 0xc6, 0x59, 0xce, 0xda, 0xde, 0x1c, 0xe7,
    0x1c, 0xe7, 0x3c, 0xe7, 0x3c, 0xef, 0x3c, 0xef, 0x3c, 0xef, 0x3c, 0xef,
    0xdb, 0xde, 0x9a, 0xd6, 0x9a, 0xd6, 0x9a, 0xd6, 0xba, 0xd6, 0xba, 0xd6,
    0xba, 0xd6, 0xda, 0xde, 0xda, 0xde, 0x96, 0xb5, 0x0c, 0x63, 0x9a, 0xd6,
    0x9a, 0xd6, 0x96, 0xb5, 0xf7, 0xc5, 0xba, 0xd6, 0xba, 0xd6, 0xba, 0xd6,
    0x08, 0x42, 0xb6, 0xbd, 0xfb, 0xde, 0x9a, 0xd6, 0x59, 0xce, 0x58, 0xce,
    0x79, 0xce, 0x9a, 0xd6, 0x13, 0xa5, 0x10, 0x84, 0x1b, 0xe7, 0x6d, 0x73,
    0x5d, 0xef, 0xfb, 0xde, 0xfb, 0xde, 0x1c, 0xe7, 0x4d, 0x6b, 0xb2, 0x94,
    0x3c, 0xef, 0xfb, 0xde, 0xdb, 0xde, 0xba, 0xde, 0x79, 0xce, 0x38, 0xc6,
    0x38, 0xc6, 0x38, 0xc6, 0x38, 0xc6, 0x59, 0xc6, 0x79, 0xce, 0x79, 0xce,
    0x99, 0xd6, 0x9a, 0xd6, 0xba, 0xd6, 0xba, 0xd6, 0x9a, 0xd6, 0x9a, 0xd6,
    0x9a, 0xd6, 0x79, 0xd6, 0x9a, 0xd6, 0x7a, 0xd6, 0x79, 0xd6, 0x79, 0xd6,
    0x79, 0xce, 0x59, 0xce, 0x59, 0xce, 0x59, 0xce, 0x79, 0xd6, 0x9a, 0xd6,
    0x7a, 0xd6, 0x79, 0xce, 0x59, 0xce, 0x79, 0xce, 0x79, 0xd6, 0x79, 0xd6,
    0x9a, 0xd6, 0x79, 0xd6, 0x79, 0xce, 0x38, 0xce, 0x18, 0xc6, 0x18, 0xc6,
    0xf7, 0xbd, 0xd7, 0xbd, 0xb7, 0xb5, 0xb6, 0xb5, 0xd7, 0xbd, 0xf7, 0xbd,
    0xf7, 0xbd, 0x18, 0xc6, 0x18, 0xc6, 0xdb, 0xde, 0xfb, 0xe6, 0x59, 0xce,
    0x18, 0xc6, 0x18, 0xc6, 0x18, 0xc6, 0x18, 0xc6, 0x38, 0xc6, 0x38, 0xc6,
    0x18, 0xc6, 0x17, 0xc6, 0x38, 0xc6, 0x38, 0xc6, 0x79, 0xd6, 0xba, 0xd6,
    0x9a, 0xd6, 0x79, 0xce, 0x59, 0xce, 0x59, 0xce, 0x59, 0xce, 0x79, 0xce,
    0x59, 0xce, 0x38, 0xce, 0xda, 0xde, 0x78, 0xd6, 0xb5, 0xbd, 0xd6, 0xc5,
    0xf6, 0xc5, 0xd6, 0xbd, 0xf6, 0xc5, 0xf6, 0xc5, 0xd6, 0xc5, 0xf6, 0xc5,
    0xd6, 0xc5, 0xb5, 0xc5, 0xb5, 0xbd, 0x75, 0xbd, 0x74, 0xbd, 0xbd, 0xff,
    0x37, 0xde, 0xf6, 0xd5, 0xf6, 0xcd, 0xd6, 0xcd, 0xb6, 0xcd, 0xb5, 0xcd,
    0xb5, 0xc5, 0x95, 0xc5, 0x95, 0xc5, 0x75, 0xc5, 0x54, 0xc5, 0x54, 0xbd,
    0x54, 0xbd, 0x54, 0xbd, 0x54, 0xbd, 0x74, 0xbd, 0x74, 0xbd, 0x95, 0xbd,
    0x95, 0xbd, 0x95, 0xbd, 0x95, 0xbd, 0x95, 0xc5, 0x95, 0xc5, 0xb5, 0xbd,
    0xb5, 0xbd, 0xb5, 0xc5, 0xb5, 0xbd, 0x95, 0xbd, 0x95, 0xbd, 0x75, 0xbd,
    0xd2, 0xac, 0x70, 0xa4, 0xb3, 0xa4, 0xb8, 0xad, 0x56, 0xa5, 0x16, 0x9d,
    0x54, 0x84, 0x34, 0x7c, 0x95, 0x6b, 0xf5, 0x6b, 0xb4, 0x6b, 0x74, 0x63,
    0x53, 0x63, 0x53, 0x63, 0x53, 0x63, 0x32, 0x5b, 0xd1, 0x52, 0x91, 0x4a,
    0xef, 0x52, 0x32, 0xad, 0xef, 0x83, 0x86, 0x18, 0x49, 0x31, 0x4e, 0x5a,
    0x8f, 0x62, 0x6f, 0x62, 0x6e, 0x62, 0x6e, 0x5a, 0x4e, 0x5a, 0x4e, 0x5a,
    0x2e, 0x5a, 0x2e, 0x52, 0xad, 0x49, 0x0b, 0x39, 0xeb, 0x30, 0x4b, 0x39,
    0xe9, 0x30, 0xc8, 0x28, 0x87, 0x20, 0x46, 0x10, 0xcc, 0x5a, 0x9d, 0xf7,
    0x17, 0xce, 0xb6, 0xbd, 0x54, 0xb5, 0x13, 0xad, 0xf3, 0xac, 0x92, 0x6b,
    0x5a, 0x9d, 0x56, 0x7c, 0x35, 0x74, 0x2d, 0x42, 0x4d, 0x42, 0x6e, 0x4a,
    0xd0, 0x5a, 0xaf, 0x52, 0xaf, 0x52, 0x10, 0x5b, 0x71, 0x63, 0x71, 0x6b,
    0x8b, 0x4a, 0x4a, 0x42, 0x49, 0x4a, 0x4a, 0x42, 0x4a, 0x42, 0x71, 0x6b,
    0xb2, 0x6b, 0x91, 0x6b, 0xf2, 0x73, 0xd1, 0x73, 0x4f, 0x63, 0x6f, 0x63,
    0x6f, 0x63, 0x90, 0x6b, 0x32, 0x7c, 0xed, 0x5a, 0xb6, 0xbd, 0x17, 0xc6,
    0xd3, 0xa4, 0x2a, 0x42, 0xab, 0x52, 0xab, 0x52, 0xac, 0x52, 0xac, 0x52,
    0xac, 0x52, 0xab, 0x52, 0xac, 0x52, 0xab, 0x4a, 0x8c, 0x52, 0xab, 0x4a,
    0x8b, 0x4a, 0xab, 0x52, 0x8b, 0x4a, 0x8b, 0x52, 0x6a, 0x42, 0xb7, 0xad,
    0x18, 0xbe, 0x18, 0xb6, 0x17, 0xb6, 0x17, 0xb6, 0x18, 0xb6, 0x18, 0xb6,
    0xf7, 0xb5, 0x17, 0xb6, 0xf7, 0xb5, 0xf7, 0xb5, 0xf7, 0xb5, 0x93, 0x84,
    0x10, 0x7c, 0x31, 0x84, 0x52, 0x8c, 0xf0, 0x7b, 0xf0, 0x7b, 0xf0, 0x7b,
    0xd0, 0x73, 0x72, 0x8c, 0x31, 0x84, 0x11, 0x84, 0x10, 0x7c, 0x10, 0x7c,
    0xf0, 0x7b, 0xf0, 0x7b, 0xf0, 0x7b, 0xf0, 0x7b, 0x11, 0x7c, 0xd7, 0xa5,
    0x97, 0x9d, 0xb7, 0x9d, 0x18, 0xae, 0x79, 0xbe, 0x59, 0xb6, 0x18, 0xb6,
    0xb6, 0xa5, 0xd7, 0xad, 0xf7, 0xb5, 0xf4, 0x8c, 0x35, 0x95, 0x7a, 0xce,
    0x59, 0xbe, 0xb6, 0xa5, 0xb7, 0xa5, 0x18, 0xb6, 0xb7, 0xa5, 0xd7, 0xa5,
    0x59, 0xbe, 0x38, 0xbe, 0x55, 0x9d, 0x9a, 0xce, 0xfb, 0xde, 0xdb, 0xd6,
    0xba, 0xd6, 0xba, 0xd6, 0x79, 0xce, 0x59, 0xc6, 0x79, 0xce, 0x79, 0xce,
    0x58, 0xc6, 0x79, 0xce, 0xfb, 0xde, 0x3c, 0xef, 0x3c, 0xe7, 0x3c, 0xef,
    0x5d, 0xef, 0x5d, 0xe7, 0x5d, 0xef, 0x3c, 0xe7, 0xdb, 0xde, 0xba, 0xde,
    0xda, 0xde, 0xda, 0xd6, 0xdb, 0xde, 0xfb, 0xde, 0xfb, 0xde, 0xb6, 0xb5,
    0x0c, 0x63, 0x59, 0xce, 0x79, 0xce, 0x91, 0x94, 0x14, 0xa5, 0x9a, 0xd6,
    0x99, 0xce, 0x9a, 0xd6, 0x8a, 0x52, 0xf7, 0xc5, 0xfb, 0xde, 0xba, 0xd6,
    0x79, 0xce, 0x59, 0xce, 0x79, 0xce, 0x99, 0xd6, 0x34, 0xad, 0xf0, 0x7b,
    0xfb, 0xde, 0x6d, 0x6b, 0x3c, 0xef, 0xdb, 0xde, 0xdb, 0xde, 0x1b, 0xe7,
    0x4d, 0x6b, 0x92, 0x94, 0x3c, 0xef, 0xdb, 0xde, 0xdb, 0xde, 0xda, 0xde,
    0x9a, 0xd6, 0x59, 0xce, 0x38, 0xc6, 0x18, 0xc6, 0x17, 0xbe, 0x38, 0xc6,
    0x59, 0xce, 0x79, 0xce, 0x9a, 0xd6, 0xba, 0xde, 0xba, 0xd6, 0xba, 0xde,
    0xba, 0xd6, 0x9a, 0xd6, 0x9a, 0xd6, 0x9a, 0xd6, 0x9a, 0xd6, 0x9a, 0xd6,
    0x79, 0xd6, 0x79, 0xce, 0x59, 0xce, 0x59, 0xce, 0x59, 0xce, 0x59, 0xce,
    0x79, 0xce, 0x59, 0xce, 0x59, 0xce, 0x59, 0xce, 0x79, 0xd6, 0x7a, 0xd6,
    0x9a, 0xd6, 0x9a, 0xd6, 0x79, 0xd6, 0x79, 0xce, 0x38, 0xc6, 0x18, 0xc6,
    0x18, 0xc6, 0x18, 0xc6, 0xf7, 0xc5, 0xf7, 0xbd, 0xf7, 0xbd, 0xd7, 0xb5,
    0xd7, 0xbd, 0x18, 0xc6, 0x18, 0xc6, 0x38, 0xc6, 0x38, 0xc6, 0xfb, 0xe6,
    0xfb, 0xde, 0x38, 0xc6, 0x18, 0xc6, 0x18, 0xc6, 0x18, 0xc6, 0x38, 0xc6,
    0x38, 0xc6, 0x38, 0xc6, 0x58, 0xce, 0x58, 0xc6, 0x59, 0xce, 0x79, 0xce,
    0xba, 0xd6, 0xba, 0xd6, 0x9a, 0xd6, 0x79, 0xce, 0x79, 0xce, 0x59, 0xce,
    0x59, 0xce, 0x79, 0xce, 0x58, 0xce, 0x79, 0xd6, 0xfb, 0xe6, 0xb5, 0xbd,
    0xd6, 0xc5, 0xd6, 0xc5, 0xd6, 0xc5, 0xd6, 0xbd, 0xf6, 0xc5, 0xd6, 0xc5,
    0xd6, 0xbd, 0xd6, 0xbd, 0xd5, 0xbd, 0xb5, 0xbd, 0x95, 0xbd, 0x74, 0xbd,
    0xd5, 0xcd, 0x7c, 0xf7, 0x17, 0xd6, 0xf6, 0xd5, 0xd6, 0xcd, 0xb6, 0xcd,
    0xb5, 0xcd, 0x95, 0xc5, 0x75, 0xc5, 0x75, 0xc5, 0x75, 0xc5, 0x75, 0xc5,
    0x54, 0xc5, 0x34, 0xbd, 0x13, 0xbd, 0x13, 0xb5, 0x33, 0xb5, 0x34, 0xbd,
    0x54, 0xbd, 0x54, 0xb5, 0x54, 0xbd, 0x54, 0xbd, 0x74, 0xbd, 0x75, 0xbd,
    0x75, 0xbd, 0x74, 0xbd, 0x75, 0xbd, 0x95, 0xbd, 0x75, 0xbd, 0x74, 0xbd,
    0x74, 0xbd, 0x34, 0xbd, 0x91, 0xac, 0x71, 0xa4, 0x92, 0xa4, 0xb8, 0xb5,
    0x56, 0xa5, 0xf6, 0x9c, 0xb5, 0x8c, 0x54, 0x7c, 0x94, 0x63, 0xf5, 0x73,
    0xf5, 0x73, 0xf5, 0x6b, 0xd4, 0x6b, 0x94, 0x63, 0x53, 0x5b, 0x12, 0x53,
    0xd1, 0x52, 0xb1, 0x4a, 0x10, 0x5b, 0x32, 0xad, 0xce, 0x83, 0x65, 0x10,
    0x6e, 0x62, 0x8f, 0x62, 0x8f, 0x62, 0x6f, 0x62, 0x6f, 0x62, 0x4e, 0x62,
    0x4e, 0x5a, 0x2e, 0x5a, 0x2e, 0x5a, 0x2e, 0x5a, 0x2d, 0x52, 0x8c, 0x41,
    0x0a, 0x31, 0x0a, 0x31, 0x0a, 0x31, 0xe9, 0x28, 0x66, 0x18, 0xa7, 0x20,
    0x8c, 0x52, 0xbe, 0xf7, 0x37, 0xce, 0xd6, 0xc5, 0x54, 0xb5, 0xf3, 0xac,
    0xf3, 0xac, 0xb3, 0x6b, 0x39, 0x95, 0x19, 0x95, 0xb3, 0x63, 0x4d, 0x42,
    0x4e, 0x4a, 0xaf, 0x52, 0xcf, 0x5a, 0xaf, 0x52, 0xaf, 0x52, 0x11, 0x63,
    0xb2, 0x6b, 0xf2, 0x73, 0x6b, 0x4a, 0x49, 0x4a, 0x49, 0x42, 0x49, 0x4a,
    0x4a, 0x42, 0x91, 0x6b, 0x70, 0x63, 0x90, 0x63, 0xb1, 0x6b, 0x70, 0x63,
    0x4f, 0x63, 0x6f, 0x63, 0x6f, 0x63, 0x6f, 0x63, 0x4e, 0x63, 0xd3, 0xa4,
    0xf7, 0xcd, 0xf7, 0xc5, 0x4a, 0x42, 0x8b, 0x52, 0xab, 0x52, 0xac, 0x4a,
    0xac, 0x52, 0xab, 0x52, 0xab, 0x4a, 0xac, 0x52, 0xac, 0x52, 0xab, 0x4a,
    0xab, 0x52, 0xac, 0x52, 0xab, 0x4a, 0x8b, 0x4a, 0xac, 0x52, 0x8b, 0x4a,
    0x31, 0x84, 0x59, 0xbe, 0x18, 0xb6, 0xf8, 0xbd, 0xf7, 0xb5, 0x17, 0xb6,
    0x18, 0xb6, 0xf7, 0xb5, 0xf7, 0xb5, 0x17, 0xb6, 0x17, 0xb6, 0xf7, 0xb5,
    0x17, 0xb6, 0x93, 0x7c, 0xec, 0x5a, 0xec, 0x5a, 0xec, 0x5a, 0x2d, 0x6b,
    0x6e, 0x73, 0x6e, 0x73, 0x0d, 0x63, 0x0d, 0x63, 0x0d, 0x63, 0x2d, 0x63,
    0x2d, 0x6b, 0x2d, 0x6b, 0x2d, 0x6b, 0x4d, 0x6b, 0x2d, 0x63, 0x0c, 0x5b,
    0xed, 0x62, 0x4e, 0x63, 0xf8, 0xa5, 0xb7, 0xa5, 0x39, 0xb6, 0x59, 0xb6,
    0x18, 0xae, 0x18, 0xb6, 0xf7, 0xb5, 0xd6, 0xad, 0x96, 0xa5, 0xf4, 0x8c,
    0x76, 0xa5, 0xba, 0xce, 0x59, 0xbe, 0x97, 0xa5, 0x96, 0xa5, 0x76, 0x9d,
    0x56, 0x9d, 0x96, 0xa5, 0x38, 0xbe, 0xf8, 0xad, 0x76, 0x9d, 0xdb, 0xde,
    0x1b, 0xdf, 0x1b, 0xdf, 0xfb, 0xde, 0xba, 0xd6, 0x79, 0xce, 0x79, 0xce,
    0x59, 0xce, 0x58, 0xc6, 0x58, 0xc6, 0x58, 0xc6, 0x58, 0xc6, 0x9a, 0xd6,
    0x1c, 0xe7, 0x5d, 0xef, 0x5d, 0xef, 0x5d, 0xef, 0x7d, 0xef, 0x7d, 0xef,
    0x7d, 0xef, 0x1c, 0xe7, 0xba, 0xde, 0xda, 0xde, 0xdb, 0xde, 0xfb, 0xde,
    0xfb, 0xde, 0xb6, 0xbd, 0x0c, 0x63, 0x59, 0xce, 0x79, 0xce, 0x14, 0xa5,
    0x34, 0xa5, 0x99, 0xce, 0x79, 0xce, 0xba, 0xde, 0xeb, 0x5a, 0x9a, 0xd6,
    0xfb, 0xde, 0xba, 0xd6, 0x79, 0xd6, 0x59, 0xce, 0x59, 0xce, 0x79, 0xce,
    0x96, 0xb5, 0x30, 0x8c, 0xda, 0xde, 0x4d, 0x6b, 0x3c, 0xe7, 0xdb, 0xde,
    0xdb, 0xde, 0xfb, 0xe6, 0x2c, 0x6b, 0x92, 0x94, 0x3c, 0xef, 0xdb, 0xde,
    0xdb, 0xde, 0xdb, 0xde, 0xba, 0xde, 0x59, 0xce, 0x38, 0xc6, 0x38, 0xc6,
    0x18, 0xc6, 0x38, 0xc6, 0x59, 0xce, 0x79, 0xce, 0xba, 0xd6, 0xdb, 0xde,
    0xbb, 0xde, 0xba, 0xde, 0xba, 0xd6, 0x9a, 0xd6, 0x9a, 0xd6, 0x9a, 0xd6,
    0x9a, 0xd6, 0x99, 0xd6, 0x79, 0xd6, 0x79, 0xce, 0x59, 0xce, 0x59, 0xce,
    0x59, 0xce, 0x58, 0xce, 0x59, 0xce, 0x59, 0xce, 0x79, 0xce, 0x99, 0xd6,
    0x9a, 0xd6, 0x9a, 0xd6, 0x9a, 0xd6, 0x9a, 0xd6, 0x59, 0xce, 0x38, 0xc6,
    0x38, 0xc6, 0x38, 0xc6, 0x18, 0xc6, 0x38, 0xc6, 0x38, 0xc6, 0x38, 0xc6,
    0xf7, 0xbd, 0xd7, 0xbd, 0xf7, 0xbd, 0x18, 0xc6, 0x18, 0xc6, 0x18, 0xc6,
    0x79, 0xce, 0x1c, 0xe7, 0xdb, 0xde, 0x38, 0xc6, 0x38, 0xc6, 0x18, 0xc6,
    0x38, 0xce, 0x38, 0xc6, 0x58, 0xce, 0x59, 0xce, 0x59, 0xce, 0x59, 0xce,
    0x99, 0xd6, 0xba, 0xd6, 0x7a, 0xce, 0x79, 0xce, 0x79, 0xce, 0x59, 0xce,
    0x59, 0xce, 0x58, 0xc6, 0x79, 0xce, 0x79, 0xd6, 0x58, 0xd6, 0x5c, 0xef,
    0xd5, 0xbd, 0xd6, 0xc5, 0xf6, 0xc5, 0xf6, 0xbd, 0xf6, 0xc5, 0xd6, 0xc5,
    0xd6, 0xbd, 0xd6, 0xbd, 0xd5, 0xbd, 0xd5, 0xc5, 0xb5, 0xc5, 0x95, 0xbd,
    0x75, 0xbd, 0x54, 0xbd, 0xb6, 0xcd, 0x3b, 0xf7, 0xf7, 0xd5, 0xf6, 0xcd,
    0xd6, 0xcd, 0xb6, 0xcd, 0xb5, 0xc5, 0x95, 0xc5, 0x75, 0xc5, 0x75, 0xc5,
    0x74, 0xc5, 0x54, 0xc5, 0x54, 0xbd, 0x33, 0xbd, 0xd2, 0xb4, 0xb2, 0xb4,
    0xf2, 0xb4, 0xf3, 0xb4, 0x13, 0xb5, 0x13, 0xb5, 0x13, 0xb5, 0x33, 0xb5,
    0x33, 0xbd, 0x33, 0xb5, 0x54, 0xbd, 0x34, 0xbd, 0x34, 0xb5, 0x54, 0xb5,
    0x34, 0xbd, 0x33, 0xb5, 0x13, 0xb5, 0xd2, 0xb4, 0x71, 0xac, 0x71, 0xa4,
    0x10, 0x94, 0x94, 0x94, 0x77, 0xa5, 0xf6, 0x94, 0x94, 0x84, 0x54, 0x7c,
    0x73, 0x63, 0xb5, 0x6b, 0xb4, 0x6b, 0xb4, 0x6b, 0xb4, 0x63, 0xb4, 0x6b,
    0xb4, 0x6b, 0xb4, 0x6b, 0x94, 0x63, 0x32, 0x5b, 0xf0, 0x5a, 0xb3, 0xbd,
    0xef, 0x83, 0x85, 0x18, 0x6e, 0x62, 0x8f, 0x6a, 0x8e, 0x62, 0x6e, 0x62,
    0x6e, 0x62, 0x6e, 0x5a, 0x4e, 0x5a, 0x2e, 0x5a, 0x2e, 0x5a, 0xcc, 0x49,
    0x4c, 0x39, 0x2b, 0x39, 0x4b, 0x41, 0x0a, 0x31, 0xc9, 0x28, 0x87, 0x20,
    0xe9, 0x28, 0x0d, 0x42, 0xeb, 0x41, 0xbe, 0xff, 0x37, 0xce, 0xd6, 0xc5,
    0x75, 0xb5, 0x13, 0xad, 0xd3, 0xa4, 0xf4, 0x73, 0x39, 0x95, 0x7a, 0x9d,
    0x31, 0x5b, 0x6e, 0x42, 0x6e, 0x4a, 0xcf, 0x5a, 0x8f, 0x52, 0xaf, 0x52,
    0xaf, 0x52, 0x11, 0x63, 0x92, 0x6b, 0x94, 0x84, 0x6b, 0x4a, 0x4a, 0x4a,
    0x4a, 0x42, 0x4a, 0x4a, 0x4a, 0x4a, 0x0e, 0x63, 0x4f, 0x63, 0x6f, 0x63,
    0x70, 0x63, 0x4f, 0x63, 0x4f, 0x63, 0x4f, 0x63, 0x4f, 0x63, 0x2e, 0x63,
    0x10, 0x84, 0x17, 0xce, 0x38, 0xce, 0xec, 0x5a, 0x8b, 0x4a, 0xac, 0x52,
    0xac, 0x4a, 0xab, 0x4a, 0xac, 0x52, 0xac, 0x52, 0xab, 0x52, 0xac, 0x52,
    0xab, 0x4a, 0xac, 0x52, 0xac, 0x52, 0xab, 0x4a, 0xac, 0x52, 0xab, 0x52,
    0xab, 0x4a, 0xcc, 0x52, 0x59, 0xc6, 0x18, 0xb6, 0x18, 0xb6, 0x17, 0xb6,
    0xf8, 0xb5, 0x18, 0xb6, 0x17, 0xb6, 0xf7, 0xb5, 0xf7, 0xb5, 0x17, 0xb6,
    0xf8, 0xb5, 0x18, 0xb6, 0x18, 0xb6, 0x93, 0x84, 0x8a, 0x52, 0x8a, 0x52,
    0x6a, 0x52, 0x6a, 0x4a, 0x6a, 0x52, 0x6a, 0x4a, 0x6a, 0x4a, 0x6a, 0x52,
    0x6a, 0x4a, 0x6a, 0x4a, 0x6a, 0x52, 0x6a, 0x4a, 0x6a, 0x52, 0x8b, 0x52,
    0x8b, 0x52, 0x8b, 0x52, 0x8b, 0x52, 0xed, 0x5a, 0xd8, 0xa5, 0xd8, 0xa5,
    0x59, 0xb6, 0x59, 0xbe, 0x59, 0xbe, 0x79, 0xbe, 0xd7, 0xad, 0x96, 0xa5,
    0x35, 0x95, 0x15, 0x95, 0xb7, 0xad, 0x9a, 0xce, 0xf8, 0xb5, 0x96, 0xa5,
    0x97, 0xa5, 0x76, 0x9d, 0x76, 0x9d, 0x76, 0x9d, 0xb7, 0xa5, 0x97, 0xa5,
    0xb7, 0xa5, 0xba, 0xd6, 0xba, 0xd6, 0x9a, 0xce, 0x59, 0xc6, 0xba, 0xd6,
    0xba, 0xd6, 0xba, 0xd6, 0x59, 0xc6, 0x58, 0xc6, 0x38, 0xc6, 0x38, 0xc6,
    0x59, 0xce, 0x99, 0xce, 0x9a, 0xd6, 0xfb, 0xde, 0x5d, 0xef, 0x7d, 0xef,
    0x7d, 0xef, 0x7d, 0xf7, 0x7c, 0xef, 0x7d, 0xef, 0x3c, 0xef, 0xdb, 0xde,
    0xda, 0xde, 0xda, 0xde, 0xfb, 0xde, 0xb6, 0xb5, 0x0c, 0x63, 0x39, 0xce,
    0x79, 0xce, 0x14, 0xa5, 0x14, 0xa5, 0x79, 0xce, 0x59, 0xce, 0xba, 0xd6,
    0xeb, 0x5a, 0x79, 0xce, 0xfb, 0xe6, 0xba, 0xde, 0x99, 0xce, 0x59, 0xce,
    0x59, 0xce, 0x79, 0xce, 0x96, 0xb5, 0x10, 0x84, 0xba, 0xd6, 0x2c, 0x6b,
    0x3c, 0xe7, 0xba, 0xde, 0xdb, 0xde, 0xfb, 0xe6, 0x2c, 0x63, 0x72, 0x94,
    0x3c, 0xe7, 0xdb, 0xde, 0xdb, 0xde, 0xdb, 0xde, 0xda, 0xde, 0xba, 0xd6,
    0x58, 0xce, 0x38, 0xc6, 0x17, 0xbe, 0x38, 0xc6, 0x58, 0xce, 0x79, 0xce,
    0xba, 0xde, 0xdb, 0xde, 0xdb, 0xde, 0xba, 0xde, 0xba, 0xd6, 0xba, 0xd6,
    0xba, 0xde, 0xba, 0xd6, 0xba, 0xd6, 0x9a, 0xd6, 0x59, 0xce, 0x59, 0xce,
    0x59, 0xce, 0x59, 0xce, 0x59, 0xce, 0x59, 0xce, 0x79, 0xce, 0x9a, 0xd6,
    0x9a, 0xd6, 0xba, 0xd6, 0x9a, 0xd6, 0xba, 0xd6, 0x9a, 0xd6, 0x79, 0xce,
    0x38, 0xce, 0x38, 0xc6, 0x38, 0xc6, 0x38, 0xc6, 0x38, 0xc6, 0x58, 0xce,
    0x59, 0xce, 0x38, 0xc6, 0xf7, 0xbd, 0xd7, 0xbd, 0x18, 0xc6, 0x38, 0xc6,
    0x18, 0xc6, 0x18, 0xc6, 0xba, 0xd6, 0x1b, 0xe7, 0x7a, 0xd6, 0x38, 0xce,
    0x38, 0xc6, 0x38, 0xce, 0x38, 0xce, 0x58, 0xce, 0x59, 0xce, 0x59, 0xce,
    0x59, 0xce, 0x59, 0xce, 0x59, 0xce, 0x79, 0xce, 0x58, 0xce, 0x59, 0xce,
    0x38, 0xc6, 0x58, 0xc6, 0x58, 0xc6, 0x58, 0xc6, 0x78, 0xce, 0x79, 0xce,
    0x5c, 0xef, 0x17, 0xce, 0xd6, 0xbd, 0xf6, 0xc5, 0xd6, 0xc5, 0xf6, 0xc5,
    0xd6, 0xbd, 0xd6, 0xc5, 0xd5, 0xbd, 0xd5, 0xc5, 0xb5, 0xbd, 0xb5, 0xbd,
    0x95, 0xbd, 0x75, 0xbd, 0x54, 0xbd, 0x54, 0xbd, 0x95, 0xc5, 0x3b, 0xf7,
    0xf6, 0xd5, 0xd6, 0xcd, 0xd6, 0xcd, 0xb5, 0xcd, 0x95, 0xc5, 0x95, 0xc5,
    0x75, 0xc5, 0x74, 0xc5, 0x54, 0xc5, 0x75, 0xc5, 0x54, 0xbd, 0x13, 0xbd,
    0xd2, 0xb4, 0x50, 0xac, 0x91, 0xac, 0xb2, 0xb4, 0xd2, 0xb4, 0xd2, 0xb4,
    0xf2, 0xb4, 0xd3, 0xb4, 0xf3, 0xb4, 0xf3, 0xb4, 0xf2, 0xb4, 0xf3, 0xb4,
    0xf2, 0xb4, 0xf3, 0xb4, 0xf2, 0xb4, 0xf2, 0xb4, 0xd2, 0xac, 0x91, 0xac,
    0x71, 0xac, 0x50, 0xa4, 0xf0, 0x9b, 0x32, 0x8c, 0xf9, 0xbd, 0xd8, 0xb5,
    0x98, 0xad, 0x54, 0x84, 0x93, 0x63, 0x73, 0x63, 0x73, 0x63, 0x73, 0x63,
    0x73, 0x63, 0x73, 0x5b, 0x73, 0x63, 0x53, 0x5b, 0x53, 0x5b, 0x32, 0x5b,
    0xaf, 0x4a, 0x11, 0x9d, 0x8d, 0x73, 0x66, 0x18, 0x8e, 0x62, 0x8f, 0x6a,
    0x8f, 0x62, 0x8f, 0x62, 0x6e, 0x62, 0x4e, 0x62, 0x4e, 0x62, 0x4e, 0x5a,
    0x8c, 0x49, 0xea, 0x30, 0xea, 0x30, 0xc9, 0x30, 0xc9, 0x30, 0x2a, 0x39,
    0xc9, 0x28, 0x87, 0x20, 0xcc, 0x39, 0xac, 0x39, 0x0f, 0x5b, 0x9d, 0xf7,
    0x58, 0xd6, 0xd6, 0xc5, 0x74, 0xb5, 0x14, 0xad, 0xb3, 0x9c, 0x35, 0x7c,
    0x39, 0x95, 0x3a, 0x95, 0x32, 0x5b, 0x4d, 0x42, 0x8f, 0x52, 0xaf, 0x52,
    0xaf, 0x52, 0x8f, 0x52, 0xd0, 0x5a, 0x10, 0x63, 0x71, 0x6b, 0xb4, 0x8c,
    0x6a, 0x4a, 0x4a, 0x4a, 0x49, 0x4a, 0x49, 0x42, 0x4a, 0x4a, 0x0e, 0x5b,
    0x0e, 0x5b, 0x2e, 0x63, 0x50, 0x6b, 0x2f, 0x63, 0x4f, 0x63, 0x4f, 0x63,
    0x4f, 0x63, 0x2d, 0x63, 0x17, 0xce, 0x38, 0xce, 0xd0, 0x7b, 0x6a, 0x42,
    0xab, 0x4a, 0xab, 0x52, 0xac, 0x52, 0xac, 0x52, 0xab, 0x52, 0xac, 0x52,
    0xac, 0x52, 0xac, 0x52, 0xab, 0x4a, 0xab, 0x52, 0xac, 0x4a, 0xab, 0x52,
    0xac, 0x52, 0xac, 0x52, 0x4a, 0x42, 0x55, 0xa5, 0x18, 0xb6, 0x18, 0xb6,
    0x17, 0xb6, 0x18, 0xb6, 0xf7, 0xb5, 0x18, 0xb6, 0x17, 0xb6, 0xf7, 0xb5,
    0x18, 0xb6, 0x17, 0xb6, 0xf7, 0xb5, 0x18, 0xb6, 0x18, 0xb6, 0x93, 0x84,
    0x8a, 0x52, 0x6a, 0x52, 0x6b, 0x52, 0xab, 0x52, 0x8a, 0x52, 0x6a, 0x4a,
    0x6a, 0x52, 0x6a, 0x52, 0x8a, 0x52, 0x6a, 0x52, 0x8b, 0x52, 0x8a, 0x52,
    0xcb, 0x5a, 0xcc, 0x52, 0xec, 0x5a, 0xab, 0x52, 0x6b, 0x4a, 0xb0, 0x6b,
    0x76, 0x95, 0x76, 0x95, 0xb7, 0xa5, 0xd7, 0xa5, 0xf8, 0xad, 0xf8, 0xad,
    0x96, 0xa5, 0x55, 0x9d, 0x15, 0x8d, 0x15, 0x95, 0x76, 0xa5, 0xb7, 0xa5,
    0x76, 0xa5, 0x96, 0x9d, 0x77, 0xa5, 0x77, 0xa5, 0x76, 0x9d, 0x76, 0x9d,
    0x56, 0x9d, 0x56, 0x9d, 0x76, 0x9d, 0xb7, 0xa5, 0xd8, 0xad, 0xd8, 0xad,
    0x59, 0xc6, 0x99, 0xce, 0xba, 0xce, 0x79, 0xce, 0x79, 0xc6, 0x58, 0xc6,
    0x38, 0xc6, 0x59, 0xc6, 0x79, 0xce, 0xba, 0xd6, 0xda, 0xd6, 0xdb, 0xde,
    0xdb, 0xde, 0x3c, 0xe7, 0x5d, 0xef, 0x7c, 0xef, 0x7d, 0xef, 0x5d, 0xef,
    0x5d, 0xef, 0x5d, 0xef, 0xfb, 0xe6, 0xba, 0xd6, 0xba, 0xde, 0x96, 0xb5,
    0x0c, 0x63, 0x59, 0xce, 0x79, 0xce, 0x34, 0xa5, 0x14, 0xa5, 0x79, 0xce,
    0x59, 0xce, 0xba, 0xd6, 0xeb, 0x62, 0x38, 0xce, 0xdb, 0xde, 0xdb, 0xde,
    0x9a, 0xd6, 0x79, 0xce, 0x59, 0xce, 0x59, 0xce, 0x96, 0xb5, 0xf0, 0x7b,
    0x9a, 0xd6, 0x2c, 0x63, 0x1c, 0xe7, 0xba, 0xde, 0xdb, 0xde, 0x1b, 0xdf,
    0x0c, 0x63, 0x71, 0x94, 0x3c, 0xe7, 0xdb, 0xde, 0xdb, 0xde, 0xdb, 0xde,
    0xdb, 0xde, 0xba, 0xd6, 0x59, 0xce, 0x38, 0xc6, 0x18, 0xbe, 0x38, 0xc6,
    0x58, 0xc6, 0x59, 0xce, 0xbb, 0xde, 0xdb, 0xde, 0xda, 0xde, 0xba, 0xde,
    0x9a, 0xd6, 0xba, 0xde, 0xba, 0xde, 0xba, 0xde, 0x9a, 0xd6, 0x59, 0xce,
    0x59, 0xce, 0x59, 0xce, 0x58, 0xce, 0x59, 0xce, 0x99, 0xd6, 0xba, 0xd6,
    0xba, 0xde, 0xba, 0xde, 0xda, 0xde, 0xbb, 0xde, 0xba, 0xde, 0xba, 0xde,
    0xba, 0xd6, 0x59, 0xce, 0x59, 0xce, 0x38, 0xce, 0x38, 0xc6, 0x39, 0xce,
    0x59, 0xce, 0x79, 0xce, 0x59, 0xce, 0xf7, 0xbd, 0xd7, 0xbd, 0xf7, 0xbd,
    0x38, 0xc6, 0x38, 0xc6, 0x18, 0xc6, 0x38, 0xc6, 0xfb, 0xe6, 0xfb, 0xde,
    0x59, 0xce, 0x38, 0xce, 0x38, 0xc6, 0x38, 0xc6, 0x38, 0xce, 0x59, 0xce,
    0x59, 0xce, 0x79, 0xce, 0x58, 0xce, 0x59, 0xce, 0x59, 0xce, 0x58, 0xc6,
    0x38, 0xce, 0x38, 0xc6, 0x38, 0xc6, 0x38, 0xc6, 0x38, 0xc6, 0x58, 0xc6,
    0x38, 0xce, 0x1b, 0xe7, 0x78, 0xd6, 0xd5, 0xbd, 0xd6, 0xc5, 0xd6, 0xc5,
    0xf6, 0xc5, 0xd5, 0xbd, 0xd6, 0xc5, 0xd5, 0xbd, 0xd5, 0xbd, 0xb5, 0xbd,
    0x95, 0xc5, 0x75, 0xbd, 0x75, 0xbd, 0x54, 0xbd, 0x54, 0xbd, 0xd6, 0xcd,
    0x54, 0xbd, 0x1b, 0xef, 0xf6, 0xd5, 0xd6, 0xcd, 0xd6, 0xcd, 0xb5, 0xcd,
    0x95, 0xc5, 0x75, 0xc5, 0x54, 0xc5, 0x74, 0xbd, 0x95, 0xc5, 0x95, 0xc5,
    0x54, 0xbd, 0xf3, 0xbc, 0xd2, 0xbc, 0x2f, 0xac, 0x50, 0xac, 0x71, 0xac,
    0xb1, 0xac, 0xb2, 0xac, 0xb2, 0xac, 0x91, 0xac, 0xb1, 0xac, 0x92, 0xac,
    0x91, 0xac, 0x91, 0xac, 0xb2, 0xac, 0xb2, 0xac, 0x91, 0xac, 0x92, 0xac,
    0x91, 0xac, 0x71, 0xac, 0x51, 0xac, 0x30, 0xa4, 0x30, 0xa4, 0x31, 0x9c,
    0xd5, 0x94, 0xf6, 0x9c, 0x16, 0x9d, 0xf5, 0x94, 0x72, 0x63, 0x33, 0x5b,
    0x33, 0x5b, 0x33, 0x5b, 0x33, 0x5b, 0x32, 0x5b, 0x33, 0x5b, 0x32, 0x5b,
    0x32, 0x5b, 0xd1, 0x4a, 0x4e, 0x42, 0x11, 0x9d, 0x4d, 0x6b, 0x65, 0x18,
    0x8e, 0x62, 0xaf, 0x6a, 0x8e, 0x6a, 0x8e, 0x6a, 0x8e, 0x62, 0x6e, 0x62,
    0x6e, 0x62, 0xac, 0x49, 0x0a, 0x39, 0x4b, 0x39, 0xea, 0x30, 0xc9, 0x30,
    0xc9, 0x30, 0xe9, 0x30, 0xc9, 0x28, 0x0a, 0x29, 0x0d, 0x42, 0x4b, 0x31,
    0x72, 0x84, 0x3c, 0xe7, 0x78, 0xd6, 0xf6, 0xc5, 0x74, 0xbd, 0x14, 0xb5,
    0x93, 0x9c, 0x55, 0x7c, 0x39, 0x95, 0xd8, 0x8c, 0x57, 0x7c, 0x6d, 0x42,
    0xaf, 0x52, 0x8f, 0x52, 0xaf, 0x52, 0x8f, 0x52, 0xf0, 0x5a, 0xf0, 0x62,
    0x10, 0x5b, 0x90, 0x6b, 0x4a, 0x4a, 0x4a, 0x4a, 0x49, 0x42, 0x4a, 0x4a,
    0x4a, 0x42, 0x33, 0x7c, 0x2e, 0x63, 0x0e, 0x5b, 0x0e, 0x5b, 0x2e, 0x63,
    0x4f, 0x63, 0x4e, 0x63, 0xed, 0x5a, 0xf6, 0xc5, 0x37, 0xce, 0x72, 0x94,
    0x4a, 0x42, 0xab, 0x52, 0xab, 0x52, 0xac, 0x4a, 0xac, 0x52, 0xab, 0x52,
    0xac, 0x52, 0xab, 0x52, 0xac, 0x52, 0xac, 0x52, 0xab, 0x52, 0xac, 0x4a,
    0xab, 0x52, 0xac, 0x4a, 0xab, 0x52, 0x6b, 0x4a, 0x52, 0x84, 0x59, 0xbe,
    0x18, 0xbe, 0x18, 0xb6, 0x18, 0xb6, 0x17, 0xb6, 0xf7, 0xbd, 0x18, 0xb6,
    0xf7, 0xb5, 0xf7, 0xb5, 0x18, 0xb6, 0xf7, 0xb5, 0x18, 0xb6, 0x17, 0xb6,
    0xf7, 0xb5, 0x93, 0x84, 0xec, 0x5a, 0xab, 0x52, 0x2d, 0x63, 0x8b, 0x52,
    0xab, 0x52, 0xcb, 0x5a, 0x6a, 0x52, 0x8b, 0x52, 0xec, 0x5a, 0xab, 0x52,
    0xcb, 0x5a, 0x8b, 0x4a, 0xcb, 0x52, 0xec, 0x5a, 0x0d, 0x63, 0x6b, 0x4a,
    0x6b, 0x4a, 0x56, 0x95, 0x35, 0x95, 0x35, 0x95, 0x35, 0x95, 0x56, 0x95,
    0x56, 0x9d, 0xd7, 0xad, 0x96, 0xa5, 0x15, 0x95, 0x15, 0x8d, 0x35, 0x95,
    0x56, 0x9d, 0x76, 0x9d, 0x76, 0x9d, 0x77, 0x9d, 0x77, 0xa5, 0x97, 0xa5,
    0x76, 0x9d, 0x76, 0x9d, 0x76, 0x9d, 0x76, 0x9d, 0x77, 0x9d, 0x97, 0x9d,
    0xf8, 0xad, 0x59, 0xbe, 0x79, 0xce, 0x99, 0xce, 0x9a, 0xd6, 0x79, 0xce,
    0x79, 0xce, 0x59, 0xc6, 0x79, 0xc6, 0x79, 0xce, 0x99, 0xce, 0xba, 0xd6,
    0xba, 0xd6, 0xdb, 0xde, 0xfb, 0xde, 0xfb, 0xde, 0xfb, 0xe6, 0x3c, 0xef,
    0x5d, 0xef, 0x7c, 0xef, 0x5d, 0xef, 0x5c, 0xef, 0x5d, 0xef, 0x3c, 0xef,
    0xda, 0xde, 0x75, 0xad, 0xec, 0x62, 0x59, 0xce, 0x99, 0xce, 0x35, 0xa5,
    0xf4, 0xa4, 0x59, 0xce, 0x58, 0xce, 0x9a, 0xd6, 0xec, 0x5a, 0x18, 0xc6,
    0xdb, 0xde, 0xdb, 0xde, 0x9a, 0xd6, 0x79, 0xce, 0x59, 0xce, 0x58, 0xce,
    0xb6, 0xb5, 0xcf, 0x7b, 0x9a, 0xd6, 0x0c, 0x63, 0x1c, 0xe7, 0xba, 0xde,
    0xdb, 0xde, 0xfc, 0xe6, 0x0c, 0x63, 0x71, 0x94, 0x3c, 0xef, 0xfb, 0xde,
    0xdb, 0xde, 0xda, 0xde, 0xdb, 0xde, 0xba, 0xd6, 0x59, 0xce, 0x38, 0xc6,
    0x18, 0xc6, 0x18, 0xc6, 0x58, 0xc6, 0x79, 0xce, 0xba, 0xde, 0xdb, 0xde,
    0xdb, 0xde, 0xba, 0xd6, 0x9a, 0xd6, 0xba, 0xd6, 0xbb, 0xde, 0x9a, 0xd6,
    0x58, 0xce, 0x38, 0xce, 0x59, 0xce, 0x58, 0xce, 0x79, 0xce, 0x9a, 0xd6,
    0xba, 0xde, 0xdb, 0xde, 0xdb, 0xde, 0xdb, 0xde, 0xdb, 0xde, 0xdb, 0xde,
    0xda, 0xde, 0xda, 0xde, 0xba, 0xd6, 0x7a, 0xd6, 0x59, 0xce, 0x38, 0xce,
    0x38, 0xc6, 0x59, 0xce, 0x79, 0xce, 0x59, 0xce, 0x17, 0xc6, 0xf7, 0xbd,
    0xd7, 0xbd, 0x18, 0xbe, 0x38, 0xc6, 0x38, 0xc6, 0x18, 0xc6, 0x99, 0xd6,
    0x1b, 0xe7, 0xba, 0xd6, 0x38, 0xce, 0x38, 0xce, 0x38, 0xc6, 0x39, 0xce,
    0x39, 0xce, 0x59, 0xc6, 0x58, 0xce, 0x58, 0xc6, 0x59, 0xc6, 0x79, 0xce,
    0x79, 0xce, 0x59, 0xce, 0x38, 0xc6, 0x38, 0xc6, 0x38, 0xc6, 0x38, 0xc6,
    0x38, 0xc6, 0x38, 0xc6, 0x79, 0xd6, 0x1b, 0xef, 0xb5, 0xbd, 0xd6, 0xc5,
    0xf6, 0xc5, 0xd6, 0xc5, 0xf6, 0xc5, 0xd6, 0xbd, 0xd6, 0xc5, 0xb5, 0xc5,
    0xb5, 0xc5, 0x95, 0xbd, 0x75, 0xbd, 0x74, 0xbd, 0x54, 0xbd, 0x34, 0xbd,
    0xd6, 0xc5, 0xb6, 0xbd, 0xd6, 0xcd, 0xfa, 0xee, 0xd6, 0xcd, 0xd6, 0xcd,
    0xb5, 0xcd, 0xb5, 0xcd, 0x95, 0xc5, 0x75, 0xc5, 0x54, 0xbd, 0x95, 0xc5,
    0xb6, 0xc5, 0x95, 0xc5, 0x74, 0xbd, 0x13, 0xbd, 0xd2, 0xb4, 0x70, 0xb4,
    0x2f, 0xa4, 0x71, 0xac, 0x91, 0xb4, 0x91, 0xac, 0x91, 0xac, 0x91, 0xac,
    0x91, 0xac, 0x91, 0xac, 0x71, 0xac, 0x71, 0xac, 0x71, 0xac, 0x71, 0xac,
    0x71, 0xac, 0x71, 0xac, 0x71, 0xac, 0x51, 0xac, 0x30, 0xa4, 0x30, 0xa4,
    0x0f, 0xa4, 0x51, 0xa4, 0x91, 0x73, 0x74, 0x84, 0x54, 0x84, 0x53, 0x84,
    0x92, 0x6b, 0x12, 0x53, 0x12, 0x53, 0x12, 0x53, 0x12, 0x53, 0x12, 0x53,
    0x32, 0x5b, 0x32, 0x5b, 0xb0, 0x4a, 0x4f, 0x3a, 0x4f, 0x3a, 0xd1, 0x9c,
    0xcb, 0x62, 0x86, 0x18, 0x6d, 0x62, 0xaf, 0x6a, 0x8e, 0x6a, 0x8e, 0x6a,
    0x8e, 0x6a, 0x6e, 0x62, 0x2e, 0x5a, 0x4b, 0x41, 0xed, 0x51, 0x2a, 0x39,
    0x8c, 0x49, 0xea, 0x30, 0xa9, 0x28, 0xe9, 0x30, 0xc8, 0x28, 0x8b, 0x31,
    0x0e, 0x42, 0xcd, 0x39, 0x93, 0x8c, 0x1c, 0xe7, 0x99, 0xde, 0xf6, 0xcd,
    0x75, 0xbd, 0x13, 0xad, 0x53, 0x8c, 0x76, 0x84, 0x39, 0x9d, 0x77, 0x7c,
    0xd8, 0x84, 0x31, 0x63, 0xaf, 0x52, 0xaf, 0x52, 0x6f, 0x52, 0xb0, 0x52,
    0xf0, 0x5a, 0xf0, 0x5a, 0xef, 0x5a, 0x0e, 0x5b, 0x6a, 0x4a, 0x49, 0x42,
    0x4a, 0x4a, 0x4a, 0x4a, 0x49, 0x42, 0x94, 0x84, 0x33, 0x7c, 0x0e, 0x63,
    0x0e, 0x5b, 0x0e, 0x5b, 0xb0, 0x73, 0x2e, 0x63, 0x55, 0xb5, 0x18, 0xce,
    0x75, 0xb5, 0x2a, 0x42, 0xab, 0x4a, 0xac, 0x52, 0x8b, 0x4a, 0xac, 0x52,
    0xac, 0x52, 0xab, 0x4a, 0xcc, 0x52, 0xac, 0x52, 0xab, 0x4a, 0xcc, 0x52,
    0xab, 0x4a, 0xac, 0x52, 0xac, 0x52, 0xab, 0x52, 0x8b, 0x4a, 0x0d, 0x5b,
    0x59, 0xc6, 0x18, 0xb6, 0x18, 0xb6, 0x17, 0xb6, 0x18, 0xb6, 0x17, 0xb6,
    0xf8, 0xb5, 0x18, 0xb6, 0x17, 0xb6, 0xf7, 0xb5, 0x18, 0xb6, 0xf7, 0xb5,
    0x18, 0xb6, 0x18, 0xb6, 0x17, 0xb6, 0x93, 0x84, 0xab, 0x52, 0x0d, 0x63,
    0x8b, 0x52, 0x6a, 0x52, 0x6a, 0x4a, 0x8b, 0x52, 0xec, 0x5a, 0xec, 0x62,
    0xec, 0x5a, 0x8a, 0x52, 0xec, 0x5a, 0x0c, 0x5b, 0xec, 0x5a, 0x2d, 0x63,
    0x6a, 0x4a, 0x6a, 0x4a, 0x0d, 0x5b, 0x6f, 0x63, 0x52, 0x7c, 0x15, 0x95,
    0x35, 0x95, 0x36, 0x95, 0x97, 0xa5, 0x9a, 0xce, 0x56, 0x9d, 0x15, 0x95,
    0xf4, 0x8c, 0x35, 0x95, 0x56, 0x9d, 0x56, 0x9d, 0x76, 0x9d, 0x76, 0x9d,
    0x96, 0xa5, 0x97, 0xa5, 0x76, 0xa5, 0x77, 0x9d, 0x97, 0xa5, 0x77, 0x9d,
    0x76, 0x9d, 0x96, 0x9d, 0xd8, 0xad, 0x59, 0xbe, 0xb9, 0xce, 0xba, 0xd6,
    0xba, 0xd6, 0x99, 0xce, 0x79, 0xce, 0x59, 0xc6, 0x79, 0xc6, 0x79, 0xce,
    0x99, 0xce, 0xba, 0xd6, 0xba, 0xd6, 0xda, 0xd6, 0xdb, 0xde, 0xfb, 0xde,
    0xfb, 0xde, 0xda, 0xde, 0xfb, 0xe6, 0x5c, 0xef, 0x7d, 0xef, 0x5d, 0xef,
    0x5c, 0xef, 0x5c, 0xef, 0x5c, 0xef, 0x38, 0xc6, 0x0c, 0x63, 0x39, 0xce,
    0x99, 0xd6, 0x55, 0xad, 0xf3, 0x9c, 0x59, 0xce, 0x58, 0xc6, 0x9a, 0xd6,
    0xec, 0x62, 0x17, 0xbe, 0xba, 0xd6, 0xdb, 0xde, 0x9a, 0xd6, 0x79, 0xce,
    0x59, 0xce, 0x58, 0xce, 0xb6, 0xb5, 0xaf, 0x7b, 0x9a, 0xd6, 0x0c, 0x63,
    0x1b, 0xe7, 0xba, 0xd6, 0xda, 0xde, 0xfc, 0xe6, 0x0c, 0x63, 0x71, 0x8c,
    0x3c, 0xe7, 0xdb, 0xde, 0xdb, 0xde, 0xdb, 0xde, 0xda, 0xde, 0xba, 0xd6,
    0x79, 0xce, 0x58, 0xce, 0x18, 0xc6, 0x18, 0xc6, 0x58, 0xc6, 0x59, 0xce,
    0xdb, 0xde, 0xda, 0xde, 0xbb, 0xde, 0x9a, 0xd6, 0x9a, 0xd6, 0xba, 0xd6,
    0x59, 0xce, 0x18, 0xc6, 0x38, 0xc6, 0x59, 0xce, 0x59, 0xce, 0x9a, 0xd6,
    0xba, 0xde, 0xdb, 0xde, 0xdb, 0xde, 0xdb, 0xde, 0xdb, 0xde, 0xda, 0xde,
    0xdb, 0xde, 0xdb, 0xde, 0xdb, 0xde, 0xdb, 0xde, 0xba, 0xde, 0x9a, 0xd6,
    0x58, 0xce, 0x38, 0xce, 0x59, 0xce, 0x59, 0xce, 0x79, 0xce, 0x38, 0xc6,
    0xf7, 0xbd, 0xd7, 0xbd, 0xf7, 0xbd, 0x38, 0xc6, 0x38, 0xce, 0x38, 0xc6,
    0x38, 0xc6, 0xdb, 0xde, 0xfb, 0xde, 0x59, 0xce, 0x39, 0xce, 0x39, 0xce,
    0x38, 0xc6, 0x59, 0xce, 0x38, 0xce, 0x38, 0xc6, 0x38, 0xc6, 0x18, 0xc6,
    0x38, 0xc6, 0x58, 0xce, 0x59, 0xce, 0x58, 0xc6, 0x38, 0xc6, 0x38, 0xc6,
    0x38, 0xc6, 0x18, 0xc6, 0x38, 0xc6, 0x37, 0xc6, 0x7d, 0xf7, 0xd6, 0xc5,
    0xd6, 0xc5, 0xf6, 0xc5, 0xf6, 0xc5, 0xd6, 0xc5, 0xd6, 0xc5, 0xd5, 0xc5,
    0xb5, 0xbd, 0xb5, 0xbd, 0x95, 0xc5, 0x75, 0xbd, 0x75, 0xbd, 0x54, 0xbd,
    0x34, 0xbd, 0xb6, 0xc5, 0x96, 0xbd, 0xba, 0xd6, 0x38, 0xce, 0x99, 0xe6,
    0xd6, 0xd5, 0xd6, 0xcd, 0xb5, 0xcd, 0x95, 0xc5, 0x75, 0xc5, 0x75, 0xc5,
    0x74, 0xbd, 0xf6, 0xcd, 0xd6, 0xc5, 0xb5, 0xc5, 0x75, 0xc5, 0x53, 0xbd,
    0xf2, 0xbc, 0xb1, 0xb4, 0x2f, 0xa4, 0x91, 0xb4, 0x91, 0xb4, 0x91, 0xb4,
    0x91, 0xac, 0x71, 0xac, 0x71, 0xac, 0x71, 0xac, 0x71, 0xac, 0x51, 0xac,
    0x50, 0xac, 0x70, 0xac, 0x71, 0xac, 0x51, 0xac, 0x51, 0xac, 0x50, 0xac,
    0x30, 0xa4, 0x30, 0xa4, 0x0f, 0xa4, 0x30, 0x9c, 0xd2, 0x7b, 0x94, 0x8c,
    0x74, 0x8c, 0x53, 0x84, 0xf3, 0x73, 0xd2, 0x52, 0xf2, 0x52, 0xf2, 0x52,
    0x12, 0x53, 0x12, 0x53, 0x12, 0x53, 0xb0, 0x42, 0xb0, 0x4a, 0x90, 0x4a,
    0x6f, 0x42, 0xb1, 0x9c, 0x0c, 0x6b, 0x86, 0x18, 0x2c, 0x5a, 0xce, 0x72,
    0xae, 0x6a, 0x8e, 0x6a, 0x8e, 0x6a, 0x6d, 0x62, 0x0c, 0x5a, 0x0a, 0x39,
    0x6b, 0x41, 0x09, 0x39, 0x8b, 0x49, 0xc9, 0x30, 0xc9, 0x28, 0xe9, 0x30,
    0x0a, 0x29, 0x0d, 0x42, 0xcd, 0x41, 0x30, 0x63, 0x31, 0x7c, 0x9a, 0xd6,
    0xda, 0xe6, 0xf6, 0xc5, 0x75, 0xbd, 0x13, 0xad, 0x32, 0x84, 0x76, 0x84,
    0x39, 0x95, 0x36, 0x74, 0xf8, 0x8c, 0xb3, 0x6b, 0xaf, 0x52, 0xaf, 0x52,
    0xaf, 0x52, 0xaf, 0x52, 0xf0, 0x5a, 0xf0, 0x5a, 0xef, 0x5a, 0x0e, 0x5b,
    0x6a, 0x4a, 0x49, 0x4a, 0x4a, 0x42, 0x4a, 0x4a, 0x49, 0x4a, 0x74, 0x84,
    0x74, 0x84, 0xd1, 0x73, 0x0e, 0x5b, 0x0e, 0x5b, 0x0d, 0x5b, 0x13, 0xa5,
    0x17, 0xce, 0x17, 0xce, 0x6b, 0x4a, 0x8b, 0x4a, 0x8b, 0x4a, 0xac, 0x52,
    0xac, 0x52, 0xab, 0x4a, 0xac, 0x52, 0xab, 0x52, 0xac, 0x52, 0xcc, 0x52,
    0xab, 0x52, 0xab, 0x4a, 0xac, 0x52, 0xab, 0x4a, 0xab, 0x52, 0xab, 0x52,
    0x6b, 0x4a, 0xf8, 0xb5, 0x18, 0xb6, 0x18, 0xb6, 0x17, 0xb6, 0x18, 0xb6,
    0x17, 0xb6, 0x18, 0xb6, 0x17, 0xb6, 0x18, 0xb6, 0xf7, 0xb5, 0x17, 0xb6,
    0x18, 0xb6, 0x17, 0xb6, 0x17, 0xb6, 0xf8, 0xb5, 0x18, 0xb6, 0x93, 0x7c,
    0xcc, 0x5a, 0xec, 0x5a, 0x2d, 0x63, 0x0c, 0x63, 0xab, 0x52, 0xec, 0x62,
    0xcc, 0x5a, 0x8a, 0x4a, 0x8a, 0x52, 0x8a, 0x52, 0x8b, 0x4a, 0x8b, 0x52,
    0x8a, 0x52, 0x8e, 0x6b, 0x4a, 0x42, 0xcc, 0x52, 0x6f, 0x63, 0x8f, 0x6b,
    0xd0, 0x6b, 0x31, 0x74, 0x15, 0x95, 0x35, 0x95, 0x76, 0x9d, 0x38, 0xbe,
    0x15, 0x95, 0xf4, 0x8c, 0x15, 0x8d, 0x35, 0x95, 0x56, 0x9d, 0x56, 0x9d,
    0x76, 0x9d, 0x76, 0x9d, 0x97, 0xa5, 0x59, 0xc6, 0x97, 0xa5, 0x97, 0xa5,
    0x97, 0x9d, 0x76, 0x9d, 0x77, 0x9d, 0xb7, 0xa5, 0xf8, 0xb5, 0x59, 0xc6,
    0xb9, 0xce, 0xba, 0xd6, 0xba, 0xd6, 0xba, 0xd6, 0x79, 0xce, 0x58, 0xc6,
    0x78, 0xc6, 0x79, 0xc6, 0x79, 0xce, 0x9a, 0xce, 0xba, 0xd6, 0xda, 0xd6,
    0xda, 0xde, 0xfb, 0xde, 0xfb, 0xde, 0xfb, 0xde, 0xda, 0xde, 0xda, 0xde,
    0x1b, 0xe7, 0x5c, 0xef, 0x5c, 0xef, 0x5d, 0xef, 0x5d, 0xef, 0xfb, 0xde,
    0x14, 0xa5, 0x59, 0xce, 0x99, 0xd6, 0x55, 0xad, 0xf3, 0x9c, 0x58, 0xce,
    0x38, 0xc6, 0x99, 0xce, 0xec, 0x62, 0xf7, 0xbd, 0xba, 0xd6, 0xdb, 0xde,
    0xba, 0xde, 0x79, 0xce, 0x59, 0xce, 0x59, 0xce, 0xd7, 0xbd, 0x8e, 0x73,
    0x9a, 0xd6, 0x0b, 0x63, 0xfc, 0xe6, 0xba, 0xd6, 0xda, 0xde, 0x1c, 0xe7,
    0x0b, 0x63, 0x71, 0x8c, 0x3c, 0xef, 0xdb, 0xde, 0xdb, 0xde, 0xdb, 0xde,
    0xdb, 0xde, 0xba, 0xd6, 0x79, 0xce, 0x59, 0xce, 0x18, 0xc6, 0x18, 0xc6,
    0x38, 0xc6, 0x79, 0xce, 0xda, 0xd6, 0xda, 0xde, 0xba, 0xd6, 0x7a, 0xd6,
    0x79, 0xd6, 0x38, 0xce, 0x18, 0xc6, 0x18, 0xc6, 0x38, 0xc6, 0x59, 0xce,
    0xba, 0xd6, 0xdb, 0xde, 0xdb, 0xde, 0xdb, 0xde, 0xdb, 0xde, 0xda, 0xde,
    0xdb, 0xde, 0xdb, 0xde, 0xda, 0xde, 0xba, 0xde, 0xbb, 0xde, 0xdb, 0xde,
    0xba, 0xd6, 0x79, 0xce, 0x59, 0xce, 0x59, 0xce, 0x59, 0xce, 0x59, 0xce,
    0x38, 0xc6, 0x17, 0xc6, 0xf7, 0xbd, 0xf7, 0xbd, 0x18, 0xc6, 0x38, 0xce,
    0x38, 0xce, 0x38, 0xc6, 0x59, 0xce, 0xfc, 0xe6, 0x9a, 0xd6, 0x59, 0xce,
    0x59, 0xce, 0x59, 0xce, 0x59, 0xce, 0x58, 0xce, 0x59, 0xce, 0x38, 0xc6,
    0x17, 0xc6, 0xf7, 0xbd, 0x18, 0xc6, 0x38, 0xc6, 0x38, 0xce, 0x38, 0xc6,
    0x38, 0xc6, 0x38, 0xc6, 0x38, 0xc6, 0x37, 0xc6, 0x17, 0xc6, 0x5c, 0xef,
    0x37, 0xce, 0xd5, 0xc5, 0xd6, 0xc5, 0xf6, 0xc5, 0xf6, 0xc5, 0xd6, 0xc5,
    0xd5, 0xc5, 0xb5, 0xc5, 0xb5, 0xbd, 0x95, 0xbd, 0x75, 0xbd, 0x74, 0xbd,
    0x54, 0xbd, 0x54, 0xbd, 0xb6, 0xbd, 0xb7, 0xbd, 0xdb, 0xde, 0xba, 0xd6,
    0x59, 0xce, 0x38, 0xd6, 0xf6, 0xd5, 0xd6, 0xcd, 0xb5, 0xcd, 0x95, 0xc5,
    0x95, 0xc5, 0x54, 0xc5, 0x95, 0xc5, 0xf7, 0xcd, 0xf6, 0xcd, 0xb6, 0xc5,
    0x95, 0xc5, 0x54, 0xbd, 0x13, 0xbd, 0xd2, 0xb4, 0x91, 0xb4, 0x30, 0xac,
    0x91, 0xb4, 0x91, 0xb4, 0x91, 0xac, 0x91, 0xac, 0x71, 0xac, 0x71, 0xac,
    0x50, 0xa4, 0x50, 0xa4, 0x50, 0xa4, 0x50, 0xa4, 0x50, 0xa4, 0x50, 0xa4,
    0x50, 0xa4, 0x50, 0xa4, 0x30, 0xa4, 0x0f, 0xa4, 0x0f, 0xa4, 0x0f, 0x9c,
    0xb2, 0x73, 0x33, 0x84, 0x33, 0x7c, 0x33, 0x7c, 0x12, 0x74, 0x11, 0x5b,
    0xf2, 0x52, 0x32, 0x5b, 0x52, 0x5b, 0x53, 0x63, 0x74, 0x63, 0x94, 0x63,
    0x94, 0x63, 0x12, 0x53, 0x90, 0x42, 0x71, 0x94, 0xaa, 0x5a, 0xa6, 0x18,
    0xeb, 0x49, 0xce, 0x72, 0xae, 0x72, 0x8e, 0x6a, 0x8d, 0x6a, 0x4d, 0x62,
    0x4c, 0x5a, 0xab, 0x49, 0x6a, 0x41, 0xac, 0x49, 0x2a, 0x39, 0xc9, 0x30,
    0xc9, 0x30, 0x0a, 0x31, 0xac, 0x39, 0x4f, 0x4a, 0xad, 0x39, 0xb1, 0x73,
    0x10, 0x74, 0xd7, 0xbd, 0xfb, 0xe6, 0xf6, 0xcd, 0x75, 0xbd, 0x14, 0xb5,
    0x12, 0x84, 0x76, 0x7c, 0xf9, 0x8c, 0x36, 0x74, 0x19, 0x95, 0xf4, 0x73,
    0x90, 0x52, 0x4e, 0x4a, 0xaf, 0x52, 0x8f, 0x52, 0xaf, 0x52, 0xcf, 0x5a,
    0x4f, 0x63, 0xb0, 0x6b, 0x4a, 0x4a, 0x4a, 0x4a, 0x4a, 0x42, 0x6a, 0x4a,
    0x4a, 0x4a, 0x4e, 0x63, 0x33, 0x7c, 0x53, 0x7c, 0x12, 0x7c, 0xee, 0x5a,
    0x10, 0x8c, 0x18, 0xce, 0x38, 0xce, 0x2d, 0x63, 0x8b, 0x4a, 0x8b, 0x4a,
    0xab, 0x52, 0xac, 0x52, 0xac, 0x4a, 0xab, 0x52, 0xac, 0x52, 0xac, 0x4a,
    0xab, 0x52, 0xac, 0x52, 0xab, 0x4a, 0xac, 0x52, 0xac, 0x52, 0xab, 0x4a,
    0xac, 0x4a, 0x6b, 0x4a, 0xd3, 0x94, 0x38, 0xbe, 0x18, 0xb6, 0x18, 0xb6,
    0x17, 0xb6, 0x17, 0xb6, 0xf8, 0xb5, 0x17, 0xb6, 0x18, 0xb6, 0x17, 0xb6,
    0xf7, 0xb5, 0x18, 0xb6, 0x18, 0xb6, 0x17, 0xb6, 0x18, 0xb6, 0xf7, 0xb5,
    0x17, 0xb6, 0x93, 0x84, 0xcc, 0x5a, 0x0d, 0x63, 0x8b, 0x52, 0xab, 0x52,
    0x0c, 0x5b, 0x0d, 0x63, 0x0c, 0x63, 0xab, 0x52, 0x6a, 0x52, 0x6a, 0x52,
    0x8a, 0x4a, 0x8b, 0x52, 0x8b, 0x52, 0xab, 0x52, 0xed, 0x5a, 0xf4, 0x8c,
    0x15, 0x95, 0x15, 0x95, 0x15, 0x8d, 0x15, 0x8d, 0x15, 0x95, 0x15, 0x95,
    0x15, 0x95, 0x15, 0x8d, 0x14, 0x8d, 0xf4, 0x8c, 0xf5, 0x8c, 0x35, 0x95,
    0x35, 0x95, 0x56, 0x95, 0x56, 0x9d, 0x76, 0x9d, 0x97, 0x9d, 0x76, 0x9d,
    0x97, 0x9d, 0x96, 0x9d, 0x96, 0x9d, 0x77, 0x9d, 0xb7, 0xa5, 0x18, 0xb6,
    0x59, 0xbe, 0x99, 0xce, 0xba, 0xd6, 0xda, 0xd6, 0xba, 0xd6, 0x99, 0xce,
    0x79, 0xc6, 0x59, 0xc6, 0x79, 0xc6, 0x79, 0xc6, 0x79, 0xc6, 0x99, 0xce,
    0xba, 0xce, 0xda, 0xd6, 0xfa, 0xd6, 0xfb, 0xde, 0xfb, 0xde, 0xdb, 0xde,
    0xfb, 0xde, 0xdb, 0xde, 0xda, 0xde, 0xfb, 0xde, 0x3c, 0xe7, 0x5c, 0xef,
    0x5c, 0xef, 0xdb, 0xde, 0x96, 0xb5, 0x1b, 0xe7, 0xdb, 0xd6, 0x35, 0xa5,
    0xd3, 0x9c, 0x59, 0xce, 0x38, 0xc6, 0x99, 0xce, 0xec, 0x62, 0xd7, 0xbd,
    0xba, 0xd6, 0xdb, 0xde, 0xdb, 0xde, 0x99, 0xd6, 0x59, 0xce, 0x58, 0xce,
    0xf7, 0xbd, 0x8e, 0x73, 0x9a, 0xd6, 0xeb, 0x62, 0xfb, 0xe6, 0xbb, 0xd6,
    0xdb, 0xde, 0x1c, 0xe7, 0xeb, 0x62, 0x51, 0x8c, 0x3c, 0xe7, 0xdb, 0xde,
    0xdb, 0xde, 0xdb, 0xde, 0xda, 0xde, 0xba, 0xde, 0x79, 0xce, 0x59, 0xce,
    0x38, 0xc6, 0x18, 0xc6, 0x38, 0xc6, 0x59, 0xce, 0xba, 0xde, 0xbb, 0xd6,
    0x99, 0xd6, 0x59, 0xce, 0x38, 0xc6, 0x18, 0xc6, 0x38, 0xc6, 0x38, 0xce,
    0x79, 0xce, 0xda, 0xde, 0xdb, 0xde, 0xdb, 0xde, 0xdb, 0xde, 0xdb, 0xde,
    0xda, 0xde, 0xdb, 0xde, 0xdb, 0xde, 0xdb, 0xde, 0xda, 0xde, 0xdb, 0xde,
    0xda, 0xde, 0xba, 0xd6, 0x79, 0xd6, 0x79, 0xce, 0x59, 0xce, 0x79, 0xce,
    0x59, 0xce, 0x58, 0xce, 0x38, 0xc6, 0x18, 0xc6, 0xf7, 0xc5, 0x18, 0xc6,
    0x39, 0xce, 0x39, 0xce, 0x38, 0xce, 0x38, 0xce, 0xdb, 0xde, 0xdb, 0xde,
    0x59, 0xce, 0x59, 0xce, 0x59, 0xce, 0x59, 0xce, 0x59, 0xce, 0x58, 0xce,
    0x38, 0xc6, 0xf8, 0xc5, 0xf7, 0xbd, 0x17, 0xbe, 0x18, 0xbe, 0x58, 0xc6,
    0x59, 0xce, 0x38, 0xc6, 0x38, 0xc6, 0x38, 0xc6, 0x38, 0xc6, 0x17, 0xc6,
    0x1b, 0xe7, 0x9a, 0xde, 0xb5, 0xc5, 0xd6, 0xc5, 0xf6, 0xc5, 0xf6, 0xc5,
    0xd6, 0xc5, 0xb5, 0xc5, 0xb5, 0xbd, 0xb5, 0xbd, 0x95, 0xbd, 0x75, 0xbd,
    0x54, 0xbd, 0x54, 0xbd, 0x75, 0xbd, 0x96, 0xbd, 0xf8, 0xc5, 0xdb, 0xde,
    0xda, 0xde, 0xba, 0xde, 0x59, 0xce, 0xf7, 0xcd, 0x37, 0xde, 0xb5, 0xcd,
    0xb5, 0xcd, 0x95, 0xc5, 0x95, 0xc5, 0x74, 0xbd, 0xd6, 0xc5, 0xf7, 0xcd,
    0xf6, 0xcd, 0xd6, 0xc5, 0xb5, 0xc5, 0x75, 0xbd, 0x34, 0xbd, 0xf2, 0xbc,
    0xd1, 0xb4, 0x70, 0xac, 0x13, 0xb5, 0xf3, 0xb4, 0xb2, 0xb4, 0x71, 0xb4,
    0x71, 0xac, 0x71, 0xac, 0x70, 0xac, 0x50, 0xac, 0x51, 0xac, 0x50, 0xa4,
    0x50, 0xac, 0x50, 0xa4, 0x50, 0xa4, 0x30, 0xa4, 0x30, 0xa4, 0x30, 0xa4,
    0x0f, 0xa4, 0xcf, 0x93, 0x33, 0x84, 0x57, 0xa5, 0xf6, 0x94, 0x54, 0x84,
    0xd2, 0x6b, 0xb2, 0x6b, 0xf2, 0x52, 0x32, 0x5b, 0x33, 0x5b, 0x73, 0x63,
    0x73, 0x63, 0x94, 0x63, 0x93, 0x63, 0xf1, 0x52, 0x90, 0x42, 0x30, 0x84,
    0x6a, 0x5a, 0xc6, 0x20, 0xaa, 0x41, 0xce, 0x72, 0xae, 0x72, 0x8e, 0x6a,
    0x6d, 0x6a, 0xec, 0x51, 0x4a, 0x41, 0x4a, 0x41, 0x8b, 0x49, 0x2a, 0x39,
    0xc9, 0x30, 0xa9, 0x28, 0x0a, 0x31, 0x8c, 0x39, 0x4e, 0x4a, 0x0e, 0x42,
    0xed, 0x41, 0xef, 0x5a, 0x4e, 0x63, 0xd4, 0x9c, 0x1b, 0xe7, 0xf7, 0xc5,
    0x74, 0xbd, 0x34, 0xb5, 0x13, 0x7c, 0x55, 0x7c, 0xb7, 0x84, 0x36, 0x74,
    0x39, 0x95, 0x56, 0x7c, 0x2d, 0x42, 0x4e, 0x4a, 0x8f, 0x52, 0x6e, 0x4a,
    0x8e, 0x4a, 0x30, 0x63, 0xb0, 0x73, 0x32, 0x7c, 0x4a, 0x4a, 0x4a, 0x4a,
    0x49, 0x4a, 0x6a, 0x4a, 0x6a, 0x4a, 0x0e, 0x63, 0x0d, 0x5b, 0x6f, 0x63,
    0x6f, 0x63, 0x8f, 0x73, 0x37, 0xce, 0x38, 0xce, 0x4d, 0x6b, 0x6b, 0x4a,
    0x8b, 0x4a, 0xac, 0x4a, 0xac, 0x52, 0xab, 0x52, 0xab, 0x4a, 0xac, 0x52,
    0xcb, 0x52, 0xcc, 0x4a, 0xac, 0x52, 0xab, 0x52, 0xac, 0x4a, 0xab, 0x52,
    0xab, 0x52, 0xac, 0x52, 0x8a, 0x4a, 0x8e, 0x6b, 0x59, 0xbe, 0xf8, 0xb5,
    0x17, 0xb6, 0x18, 0xb6, 0x18, 0xb6, 0x17, 0xb6, 0xf8, 0xb5, 0x18, 0xb6,
    0x17, 0xb6, 0xf7, 0xb5, 0xf8, 0xb5, 0x18, 0xb6, 0x17, 0xb6, 0xf8, 0xb5,
    0x17, 0xb6, 0x17, 0xb6, 0x18, 0xb6, 0x93, 0x84, 0xcb, 0x5a, 0x8e, 0x73,
    0x8b, 0x52, 0xcc, 0x5a, 0xec, 0x5a, 0xec, 0x5a, 0xec, 0x5a, 0xab, 0x52,
    0x8b, 0x52, 0xac, 0x5a, 0xcb, 0x5a, 0xec, 0x5a, 0xec, 0x5a, 0x2e, 0x63,
    0xf4, 0x94, 0xd4, 0x8c, 0xd4, 0x8c, 0xf4, 0x8c, 0xf4, 0x8c, 0xf4, 0x8c,
    0x15, 0x95, 0x35, 0x95, 0x15, 0x95, 0x15, 0x8d, 0xf4, 0x8c, 0xf4, 0x8c,
    0x15, 0x95, 0x15, 0x95, 0x15, 0x95, 0x35, 0x95, 0x56, 0x9d, 0x76, 0x9d,
    0x76, 0x9d, 0x77, 0x9d, 0x76, 0xa5, 0x97, 0x9d, 0x76, 0x9d, 0x97, 0xa5,
    0xf7, 0xad, 0x38, 0xbe, 0x59, 0xbe, 0x79, 0xc6, 0x99, 0xce, 0x99, 0xce,
    0x99, 0xce, 0x79, 0xc6, 0x59, 0xc6, 0x58, 0xc6, 0x59, 0xc6, 0x79, 0xc6,
    0x79, 0xc6, 0x99, 0xce, 0x99, 0xce, 0xba, 0xd6, 0xba, 0xd6, 0xda, 0xd6,
    0xda, 0xd6, 0xdb, 0xde, 0xfb, 0xde, 0xfb, 0xde, 0xdb, 0xde, 0xfb, 0xde,
    0xfb, 0xe6, 0x1b, 0xe7, 0x3c, 0xef, 0xfb, 0xde, 0x96, 0xb5, 0x3c, 0xe7,
    0x5d, 0xef, 0x38, 0xc6, 0x14, 0xa5, 0x59, 0xce, 0x58, 0xc6, 0x9a, 0xce,
    0xec, 0x62, 0xd7, 0xbd, 0xda, 0xde, 0xdb, 0xde, 0xdb, 0xde, 0x9a, 0xd6,
    0x79, 0xce, 0x38, 0xce, 0xf7, 0xbd, 0x8e, 0x73, 0x9a, 0xd6, 0xec, 0x62,
    0xfb, 0xde, 0xba, 0xd6, 0xdb, 0xde, 0x1c, 0xe7, 0xeb, 0x62, 0x51, 0x8c,
    0x3c, 0xef, 0xdb, 0xde, 0xdb, 0xde, 0xdb, 0xde, 0xdb, 0xde, 0xba, 0xde,
    0x99, 0xd6, 0x79, 0xce, 0x38, 0xc6, 0x38, 0xc6, 0x38, 0xc6, 0x79, 0xce,
    0xba, 0xd6, 0x9a, 0xd6, 0x59, 0xce, 0x59, 0xce, 0x59, 0xce, 0x38, 0xc6,
    0x59, 0xce, 0x59, 0xce, 0xbb, 0xde, 0xdb, 0xde, 0xdb, 0xde, 0xdb, 0xde,
    0xdb, 0xde, 0xda, 0xde, 0xdb, 0xde, 0xdb, 0xde, 0xda, 0xde, 0xbb, 0xde,
    0xdb, 0xde, 0xba, 0xd6, 0xba, 0xd6, 0x7a, 0xd6, 0x79, 0xce, 0x79, 0xce,
    0x59, 0xce, 0x79, 0xce, 0x79, 0xce, 0x38, 0xc6, 0x38, 0xc6, 0x38, 0xc6,
    0x38, 0xc6, 0x59, 0xce, 0x59, 0xce, 0x59, 0xce, 0x38, 0xc6, 0x79, 0xce,
    0xfb, 0xe6, 0x79, 0xd6, 0x79, 0xce, 0x79, 0xce, 0x79, 0xce, 0x59, 0xce,
    0x59, 0xce, 0x59, 0xce, 0x38, 0xc6, 0xf7, 0xbd, 0xf7, 0xbd, 0x18, 0xc6,
    0x38, 0xc6, 0x59, 0xce, 0x59, 0xce, 0x59, 0xc6, 0x38, 0xc6, 0x38, 0xc6,
    0x17, 0xc6, 0x58, 0xce, 0x5d, 0xef, 0xd6, 0xc5, 0xd6, 0xc5, 0xf6, 0xc5,
    0xd6, 0xc5, 0xf6, 0xc5, 0xd6, 0xc5, 0xb5, 0xc5, 0x95, 0xbd, 0x95, 0xbd,
    0x75, 0xbd, 0x74, 0xbd, 0x54, 0xbd, 0x75, 0xbd, 0xb6, 0xc5, 0x18, 0xc6,
    0xfb, 0xe6, 0xdb, 0xde, 0xba, 0xde, 0xba, 0xd6, 0x59, 0xc6, 0xf7, 0xbd,
    0x78, 0xde, 0xb5, 0xcd, 0xb5, 0xcd, 0x95, 0xc5, 0x95, 0xc5, 0x95, 0xc5,
    0xf6, 0xcd, 0x17, 0xce, 0xf7, 0xc5, 0xf6, 0xc5, 0xb6, 0xc5, 0x95, 0xc5,
    0x74, 0xbd, 0x33, 0xbd, 0xf2, 0xbc, 0xb1, 0xb4, 0x50, 0xac, 0x14, 0xad,
    0xf4, 0xb4, 0xf4, 0xb4, 0xf3, 0xbc, 0xb2, 0xbc, 0x51, 0xb4, 0x30, 0xac,
    0x50, 0xa4, 0x50, 0xa4, 0x50, 0xac, 0x30, 0xa4, 0x30, 0xa4, 0x30, 0xa4,
    0x30, 0xa4, 0x0f, 0xa4, 0x0f, 0x9c, 0xcf, 0x93, 0x33, 0x84, 0xd5, 0x94,
    0x74, 0x84, 0xf6, 0x8c, 0x54, 0x7c, 0xd2, 0x6b, 0xf2, 0x52, 0x32, 0x5b,
    0x32, 0x5b, 0x53, 0x5b, 0x53, 0x5b, 0x73, 0x63, 0x53, 0x63, 0xb0, 0x4a,
    0x90, 0x42, 0xf1, 0x83, 0x49, 0x52, 0xe7, 0x20, 0x49, 0x39, 0xce, 0x72,
    0x8e, 0x6a, 0x8d, 0x6a, 0x49, 0x41, 0xc8, 0x30, 0x4a, 0x41, 0xe9, 0x38,
    0xc9, 0x30, 0xc9, 0x30, 0xc9, 0x30, 0x2a, 0x39, 0xac, 0x39, 0x2e, 0x42,
    0x2e, 0x4a, 0xcd, 0x39, 0x4e, 0x4a, 0x0e, 0x5b, 0xad, 0x52, 0x33, 0x84,
    0xfb, 0xe6, 0xd6, 0xc5, 0x54, 0xb5, 0x34, 0xb5, 0xd2, 0x7b, 0x55, 0x7c,
    0x97, 0x84, 0x77, 0x7c, 0x59, 0x9d, 0x76, 0x7c, 0x2e, 0x42, 0x4e, 0x4a,
    0x6f, 0x4a, 0x4e, 0x4a, 0xef, 0x5a, 0xd4, 0x8c, 0xf1, 0x73, 0x32, 0x84,
    0x49, 0x42, 0x6a, 0x4a, 0x6a, 0x4a, 0x6a, 0x42, 0x6a, 0x4a, 0x0d, 0x5b,
    0x0d, 0x5b, 0xed, 0x5a, 0x0c, 0x63, 0xf7, 0xc5, 0x37, 0xce, 0xf0, 0x7b,
    0x6b, 0x42, 0x8b, 0x52, 0xab, 0x4a, 0xac, 0x52, 0xac, 0x52, 0xab, 0x4a,
    0xac, 0x52, 0xac, 0x52, 0xab, 0x52, 0xac, 0x52, 0xab, 0x4a, 0xab, 0x52,
    0xac, 0x4a, 0xab, 0x4a, 0xac, 0x52, 0xab, 0x4a, 0xab, 0x4a, 0x18, 0xbe,
    0x18, 0xb6, 0x18, 0xb6, 0x17, 0xbe, 0x17, 0xb6, 0xf8, 0xb5, 0x17, 0xb6,
    0x17, 0xb6, 0x18, 0xb6, 0x18, 0xb6, 0xf7, 0xb5, 0xf7, 0xb5, 0x18, 0xb6,
    0x17, 0xb6, 0x18, 0xb6, 0x18, 0xb6, 0x17, 0xb6, 0x18, 0xb6, 0x73, 0x84,
    0xab, 0x52, 0xcc, 0x5a, 0xab, 0x52, 0xab, 0x5a, 0xab, 0x5a, 0xcc, 0x5a,
    0xcc, 0x5a, 0xcb, 0x52, 0x8b, 0x52, 0xcb, 0x5a, 0xec, 0x5a, 0xec, 0x5a,
    0xcc, 0x5a, 0x93, 0x8c, 0xd3, 0x8c, 0xd4, 0x8c, 0xd4, 0x8c, 0xd4, 0x8c,
    0xd4, 0x8c, 0x15, 0x8d, 0x35, 0x95, 0x35, 0x95, 0x15, 0x95, 0xd4, 0x8c,
    0xd4, 0x8c, 0xf4, 0x8c, 0xf4, 0x8c, 0x15, 0x8d, 0x15, 0x95, 0x35, 0x95,
    0x56, 0x95, 0x56, 0x9d, 0x76, 0x9d, 0x76, 0x9d, 0x76, 0x9d, 0x76, 0x9d,
    0x97, 0x9d, 0xb7, 0xad, 0x18, 0xb6, 0x38, 0xbe, 0x39, 0xbe, 0x59, 0xc6,
    0x79, 0xc6, 0x79, 0xc6, 0x59, 0xc6, 0x59, 0xc6, 0x59, 0xc6, 0x58, 0xc6,
    0x59, 0xc6, 0x59, 0xc6, 0x79, 0xc6, 0x79, 0xc6, 0x79, 0xce, 0x99, 0xce,
    0xba, 0xd6, 0xba, 0xd6, 0xda, 0xd6, 0xfa, 0xde, 0xfb, 0xde, 0xfb, 0xde,
    0xfb, 0xe6, 0xfb, 0xe6, 0x1b, 0xe7, 0x1b, 0xe7, 0x1b, 0xe7, 0xbb, 0xde,
    0x96, 0xb5, 0x1c, 0xe7, 0x5c, 0xef, 0xda, 0xde, 0x59, 0xce, 0x59, 0xce,
    0x38, 0xc6, 0x99, 0xce, 0x0c, 0x5b, 0xb6, 0xbd, 0xda, 0xde, 0xdb, 0xde,
    0xdb, 0xde, 0xba, 0xde, 0x79, 0xce, 0x38, 0xce, 0xf7, 0xbd, 0x8e, 0x73,
    0x9a, 0xd6, 0xeb, 0x5a, 0xdb, 0xde, 0xba, 0xde, 0xdb, 0xde, 0x1c, 0xe7,
    0xeb, 0x62, 0x71, 0x8c, 0x3c, 0xe7, 0xdb, 0xde, 0xdb, 0xde, 0xdb, 0xde,
    0xda, 0xde, 0xdb, 0xde, 0x9a, 0xd6, 0x79, 0xce, 0x38, 0xc6, 0x38, 0xc6,
    0x38, 0xc6, 0x59, 0xce, 0xba, 0xd6, 0x79, 0xce, 0x59, 0xce, 0x59, 0xce,
    0x59, 0xce, 0x58, 0xce, 0x59, 0xce, 0x9a, 0xd6, 0xdb, 0xde, 0xdb, 0xde,
    0xdb, 0xde, 0xdb, 0xde, 0xda, 0xde, 0xdb, 0xde, 0xdb, 0xde, 0xdb, 0xde,
    0xda, 0xde, 0xdb, 0xde, 0xba, 0xde, 0xba, 0xd6, 0x7a, 0xd6, 0x79, 0xce,
    0x59, 0xce, 0x59, 0xd6, 0x59, 0xce, 0x79, 0xd6, 0x59, 0xce, 0x38, 0xce,
    0x59, 0xce, 0x59, 0xce, 0x59, 0xce, 0x59, 0xce, 0x58, 0xce, 0x59, 0xce,
    0x59, 0xce, 0xfb, 0xde, 0x9a, 0xd6, 0x79, 0xd6, 0x79, 0xd6, 0x79, 0xd6,
    0x79, 0xd6, 0x79, 0xce, 0x79, 0xce, 0x59, 0xce, 0x38, 0xc6, 0xf7, 0xc5,
    0x18, 0xbe, 0x18, 0xc6, 0x58, 0xc6, 0x79, 0xce, 0x9a, 0xd6, 0x79, 0xce,
    0x59, 0xce, 0x58, 0xc6, 0x17, 0xc6, 0x7d, 0xf7, 0x16, 0xc6, 0xf6, 0xc5,
    0xf6, 0xc5, 0xf6, 0xc5, 0xd6, 0xc5, 0xb5, 0xc5, 0xb5, 0xbd, 0xb5, 0xbd,
    0x95, 0xbd, 0x75, 0xbd, 0x74, 0xbd, 0x54, 0xbd, 0x96, 0xc5, 0xb7, 0xbd,
    0x38, 0xce, 0xdb, 0xde, 0xdb, 0xde, 0xdb, 0xde, 0xdb, 0xde, 0xba, 0xd6,
    0x39, 0xc6, 0x18, 0xc6, 0xf7, 0xc5, 0xf6, 0xd5, 0xb5, 0xcd, 0x95, 0xc5,
    0x95, 0xc5, 0x95, 0xc5, 0xf6, 0xcd, 0x17, 0xc6, 0x16, 0xc6, 0xf7, 0xcd,
    0xd6, 0xc5, 0xb5, 0xc5, 0x95, 0xc5, 0x54, 0xbd, 0x13, 0xbd, 0xd2, 0xbc,
    0xb2, 0xb4, 0x33, 0xb5, 0x99, 0xd6, 0xba, 0xde, 0x59, 0xd6, 0x56, 0xc5,
    0x56, 0xcd, 0x76, 0xcd, 0xf4, 0xc4, 0x51, 0xac, 0x30, 0xa4, 0x50, 0xa4,
    0x50, 0xac, 0x30, 0xa4, 0x30, 0xa4, 0x0f, 0xa4, 0x0f, 0xa4, 0x0f, 0x9c,
    0xb0, 0x8b, 0xb0, 0x73, 0x90, 0x73, 0x94, 0x8c, 0xb5, 0x8c, 0x95, 0x84,
    0x32, 0x5b, 0x32, 0x5b, 0x12, 0x5b, 0x32, 0x5b, 0x53, 0x5b, 0x53, 0x5b,
    0x12, 0x53, 0x90, 0x42, 0x6f, 0x42, 0x90, 0x73, 0x29, 0x52, 0xe7, 0x20,
    0x27, 0x31, 0xae, 0x72, 0x8d, 0x72, 0x8a, 0x49, 0x29, 0x39, 0x4c, 0x62,
    0x4c, 0x62, 0x4b, 0x5a, 0x09, 0x31, 0xe9, 0x30, 0x6b, 0x41, 0x8b, 0x39,
    0x0d, 0x42, 0x0d, 0x42, 0xd0, 0x52, 0x4e, 0x42, 0x6d, 0x52, 0x0e, 0x63,
    0x2c, 0x42, 0xd1, 0x73, 0xda, 0xe6, 0xd6, 0xc5, 0x54, 0xb5, 0x14, 0xad,
    0xb2, 0x73, 0x55, 0x7c, 0x97, 0x7c, 0x97, 0x84, 0x39, 0x95, 0x96, 0x7c,
    0x6e, 0x4a, 0x6e, 0x4a, 0x4e, 0x4a, 0xef, 0x5a, 0x53, 0x7c, 0xf1, 0x73,
    0x52, 0x84, 0x52, 0x84, 0x4a, 0x42, 0x4a, 0x4a, 0x6a, 0x4a, 0x6a, 0x4a,
    0x6b, 0x4a, 0x0d, 0x5b, 0x0d, 0x5b, 0xcc, 0x5a, 0xd6, 0xc5, 0x17, 0xce,
    0x92, 0x94, 0x4a, 0x42, 0xab, 0x4a, 0xab, 0x52, 0xac, 0x52, 0xab, 0x4a,
    0xab, 0x52, 0xac, 0x52, 0xac, 0x52, 0xab, 0x4a, 0xac, 0x52, 0xac, 0x52,
    0xab, 0x52, 0xac, 0x4a, 0xab, 0x52, 0xab, 0x4a, 0xac, 0x52, 0x4a, 0x4a,
    0x76, 0xa5, 0x18, 0xbe, 0x18, 0xb6, 0x17, 0xb6, 0xf8, 0xb5, 0x17, 0xb6,
    0x18, 0xb6, 0x18, 0xb6, 0xf7, 0xb5, 0x17, 0xb6, 0x18, 0xb6, 0x18, 0xb6,
    0x17, 0xb6, 0x17, 0xb6, 0x18, 0xb6, 0xf7, 0xb5, 0x18, 0xb6, 0x18, 0xb6,
    0x18, 0xb6, 0x93, 0x84, 0xcb, 0x5a, 0xab, 0x5a, 0xcb, 0x5a, 0xab, 0x52,
    0xab, 0x5a, 0xab, 0x52, 0xab, 0x5a, 0xab, 0x5a, 0xcb, 0x5a, 0xcc, 0x5a,
    0xec, 0x5a, 0x8a, 0x52, 0xd4, 0x9c, 0x35, 0xa5, 0x14, 0xa5, 0xd3, 0x9c,
    0xf3, 0x9c, 0x14, 0xa5, 0x14, 0xa5, 0x15, 0xa5, 0x34, 0xa5, 0x14, 0xa5,
    0x15, 0xa5, 0x15, 0xa5, 0x34, 0xa5, 0x35, 0xa5, 0x35, 0xa5, 0x55, 0xa5,
    0x55, 0xa5, 0x55, 0xa5, 0x55, 0xa5, 0x55, 0xa5, 0x55, 0xa5, 0x55, 0xad,
    0x76, 0xad, 0x76, 0xad, 0x76, 0xad, 0x96, 0xad, 0x76, 0xad, 0x56, 0xad,
    0x55, 0xad, 0x55, 0xad, 0x56, 0xad, 0x55, 0xad, 0x75, 0xad, 0x56, 0xad,
    0x76, 0xad, 0x76, 0xad, 0x76, 0xad, 0x76, 0xad, 0x96, 0xb5, 0x96, 0xb5,
    0x96, 0xb5, 0x96, 0xad, 0xb9, 0xce, 0x99, 0xce, 0x99, 0xd6, 0xba, 0xd6,
    0xda, 0xde, 0xdb, 0xde, 0x1b, 0xe7, 0x1b, 0xe7, 0x1c, 0xe7, 0x1c, 0xe7,
    0x1b, 0xe7, 0x18, 0xc6, 0xcf, 0x7b, 0x1c, 0xe7, 0x5c, 0xef, 0xba, 0xde,
    0x79, 0xd6, 0x3c, 0xef, 0x9a, 0xd6, 0x79, 0xce, 0x0c, 0x63, 0xb6, 0xb5,
    0xdb, 0xde, 0xdb, 0xde, 0xdb, 0xde, 0xba, 0xde, 0x79, 0xce, 0x38, 0xc6,
    0xf7, 0xbd, 0x6d, 0x73, 0xba, 0xde, 0xeb, 0x5a, 0xfb, 0xde, 0xba, 0xde,
    0xdb, 0xde, 0x1c, 0xe7, 0xeb, 0x62, 0x51, 0x8c, 0x3c, 0xe7, 0xdb, 0xde,
    0xdb, 0xde, 0xda, 0xde, 0xdb, 0xde, 0xdb, 0xde, 0xba, 0xd6, 0x79, 0xce,
    0x59, 0xce, 0x38, 0xc6, 0x38, 0xc6, 0x59, 0xce, 0x79, 0xd6, 0x79, 0xce,
    0x79, 0xd6, 0x79, 0xce, 0x59, 0xce, 0x59, 0xce, 0x59, 0xce, 0xda, 0xde,
    0xda, 0xde, 0xdb, 0xde, 0xda, 0xde, 0xdb, 0xde, 0xdb, 0xde, 0xdb, 0xde,
    0xdb, 0xde, 0xda, 0xde, 0xdb, 0xde, 0xba, 0xde, 0xba, 0xd6, 0x9a, 0xd6,
    0x79, 0xce, 0x59, 0xce, 0x79, 0xce, 0x79, 0xce, 0x79, 0xce, 0x79, 0xd6,
    0x59, 0xce, 0x59, 0xce, 0x79, 0xce, 0x79, 0xd6, 0x79, 0xce, 0x59, 0xce,
    0x59, 0xce, 0x59, 0xce, 0xdb, 0xde, 0xba, 0xde, 0x7a, 0xd6, 0x9a, 0xd6,
    0x79, 0xce, 0x79, 0xd6, 0x79, 0xd6, 0x79, 0xd6, 0x79, 0xce, 0x59, 0xce,
    0x18, 0xc6, 0x17, 0xc6, 0x18, 0xc6, 0x38, 0xc6, 0x38, 0xc6, 0x79, 0xce,
    0x9a, 0xd6, 0x99, 0xd6, 0x79, 0xce, 0x17, 0xc6, 0x5c, 0xef, 0x99, 0xde,
    0xd6, 0xc5, 0xf6, 0xc5, 0xf6, 0xc5, 0xd6, 0xc5, 0xb6, 0xc5, 0xb5, 0xbd,
    0x95, 0xbd, 0x95, 0xbd, 0x75, 0xbd, 0x74, 0xbd, 0x75, 0xbd, 0xb6, 0xc5,
    0x96, 0xbd, 0x59, 0xce, 0xdb, 0xde, 0xda, 0xde, 0x9a, 0xce, 0x79, 0xce,
    0x9a, 0xd6, 0x9a, 0xd6, 0x18, 0xc6, 0x18, 0xbe, 0xf8, 0xc5, 0x17, 0xd6,
    0xb5, 0xc5, 0x95, 0xc5, 0xb5, 0xc5, 0xb5, 0xc5, 0xf6, 0xcd, 0x17, 0xce,
    0x17, 0xce, 0xf7, 0xc5, 0xd6, 0xc5, 0xb6, 0xc5, 0x95, 0xc5, 0x75, 0xbd,
    0x54, 0xbd, 0x13, 0xbd, 0xd2, 0xb4, 0x71, 0xa4, 0x59, 0xce, 0xba, 0xd6,
    0x1c, 0xe7, 0xd7, 0xbd, 0x92, 0x94, 0x72, 0x94, 0xd4, 0xa4, 0x56, 0xc5,
    0x75, 0xcd, 0xf3, 0xbc, 0x71, 0xac, 0x50, 0xa4, 0x30, 0xac, 0x30, 0xa4,
    0x10, 0xa4, 0x0f, 0x9c, 0x0f, 0xa4, 0x10, 0xa4, 0x0f, 0x9c, 0xf2, 0x7b,
    0xb5, 0x8c, 0x94, 0x84, 0x14, 0x7c, 0xd1, 0x52, 0x32, 0x5b, 0x12, 0x53,
    0xf2, 0x52, 0xb1, 0x4a, 0x90, 0x42, 0x6f, 0x42, 0x6f, 0x42, 0x0f, 0x63,
    0x4a, 0x52, 0xe6, 0x20, 0xe7, 0x20, 0x6d, 0x6a, 0x6d, 0x6a, 0xc7, 0x30,
    0x2c, 0x5a, 0x2c, 0x62, 0x2b, 0x5a, 0x4b, 0x62, 0x28, 0x39, 0x4a, 0x39,
    0x8b, 0x39, 0xcc, 0x41, 0xed, 0x41, 0x2e, 0x42, 0x93, 0x63, 0xed, 0x39,
    0x0f, 0x63, 0x0f, 0x63, 0xaa, 0x31, 0x91, 0x6b, 0x99, 0xde, 0xb5, 0xbd,
    0x34, 0xb5, 0x14, 0xad, 0xb2, 0x73, 0x56, 0x7c, 0x56, 0x7c, 0xf9, 0x8c,
    0x39, 0x95, 0x76, 0x7c, 0xb0, 0x52, 0x8f, 0x52, 0x31, 0x5b, 0x94, 0x84,
    0xd0, 0x6b, 0x6f, 0x6b, 0x8f, 0x6b, 0xd0, 0x73, 0x4a, 0x4a, 0x6a, 0x4a,
    0x6a, 0x4a, 0x6a, 0x4a, 0x6b, 0x4a, 0x0e, 0x63, 0xab, 0x52, 0xb6, 0xbd,
    0x17, 0xc6, 0x55, 0xad, 0x4a, 0x42, 0xac, 0x52, 0xac, 0x52, 0xac, 0x52,
    0xac, 0x52, 0xac, 0x52, 0xac, 0x4a, 0xab, 0x52, 0xcc, 0x52, 0xac, 0x52,
    0xab, 0x52, 0xab, 0x4a, 0xac, 0x52, 0xac, 0x52, 0xab, 0x4a, 0xab, 0x52,
    0x6a, 0x42, 0x92, 0x8c, 0x39, 0xbe, 0x18, 0xb6, 0x17, 0xb6, 0x18, 0xb6,
    0x17, 0xb6, 0xf8, 0xb5, 0x17, 0xb6, 0x18, 0xb6, 0xf8, 0xb5, 0x17, 0xb6,
    0x17, 0xb6, 0xf8, 0xb5, 0x18, 0xb6, 0x17, 0xb6, 0xf8, 0xb5, 0x17, 0xb6,
    0x17, 0xb6, 0x18, 0xb6, 0x18, 0xb6, 0x93, 0x84, 0xab, 0x52, 0xab, 0x52,
    0xab, 0x5a, 0xac, 0x5a, 0xac, 0x52, 0xab, 0x5a, 0xab, 0x52, 0xab, 0x5a,
    0xcc, 0x5a, 0xec, 0x5a, 0xab, 0x52, 0x35, 0xad, 0x96, 0xb5, 0x55, 0xad,
    0x55, 0xad, 0x55, 0xad, 0x96, 0xb5, 0x76, 0xad, 0x55, 0xad, 0x55, 0xad,
    0x35, 0xad, 0x14, 0xa5, 0x14, 0xa5, 0x14, 0xa5, 0x14, 0xa5, 0x34, 0xad,
    0x34, 0xad, 0x35, 0xad, 0x55, 0xad, 0x75, 0xb5, 0x75, 0xb5, 0x55, 0xad,
    0x75, 0xad, 0x76, 0xb5, 0x76, 0xb5, 0x96, 0xb5, 0x96, 0xb5, 0xd7, 0xbd,
    0x97, 0xb5, 0x56, 0xad, 0x76, 0xad, 0x56, 0xad, 0x56, 0xad, 0x56, 0xa5,
    0x56, 0xa5, 0x55, 0xa5, 0x55, 0xa5, 0x56, 0xad, 0x55, 0xad, 0x55, 0xa5,
    0x55, 0xad, 0x55, 0xad, 0x56, 0xad, 0x15, 0xa5, 0xd3, 0x9c, 0xba, 0xde,
    0x99, 0xd6, 0x99, 0xd6, 0x9a, 0xde, 0xda, 0xde, 0x99, 0xd6, 0xda, 0xde,
    0x1c, 0xe7, 0x1b, 0xe7, 0x1b, 0xe7, 0x18, 0xc6, 0x8a, 0x52, 0x59, 0xce,
    0xfb, 0xde, 0xba, 0xde, 0x79, 0xce, 0x3c, 0xef, 0x3c, 0xe7, 0x3c, 0xef,
    0x8e, 0x73, 0x96, 0xb5, 0xdb, 0xde, 0xdb, 0xde, 0xdb, 0xde, 0xda, 0xde,
    0x79, 0xce, 0x38, 0xc6, 0xf7, 0xc5, 0x6d, 0x6b, 0xbb, 0xde, 0xcb, 0x5a,
    0xfb, 0xde, 0xba, 0xde, 0xdb, 0xde, 0x1c, 0xe7, 0xeb, 0x5a, 0x51, 0x8c,
    0x1c, 0xe7, 0xdb, 0xde, 0xdb, 0xde, 0xdb, 0xde, 0xdb, 0xde, 0xda, 0xde,
    0xba, 0xde, 0x9a, 0xd6, 0x59, 0xce, 0x38, 0xc6, 0x38, 0xc6, 0x59, 0xce,
    0xba, 0xd6, 0x9a, 0xd6, 0x79, 0xd6, 0x79, 0xce, 0x59, 0xce, 0x59, 0xce,
    0x79, 0xce, 0xdb, 0xde, 0xdb, 0xde, 0xdb, 0xde, 0xdb, 0xde, 0xda, 0xde,
    0xdb, 0xde, 0xdb, 0xde, 0xda, 0xde, 0xdb, 0xde, 0xba, 0xde, 0xba, 0xd6,
    0x9a, 0xd6, 0x79, 0xce, 0x79, 0xd6, 0x79, 0xce, 0x59, 0xce, 0x59, 0xce,
    0x79, 0xce, 0x79, 0xce, 0x9a, 0xd6, 0x9a, 0xd6, 0x9a, 0xd6, 0x79, 0xd6,
    0x79, 0xce, 0x79, 0xce, 0x79, 0xd6, 0xdb, 0xde, 0xba, 0xd6, 0x79, 0xd6,
    0x9a, 0xd6, 0x9a, 0xce, 0x9a, 0xd6, 0x9a, 0xd6, 0x9a, 0xce, 0x7a, 0xd6,
    0x79, 0xd6, 0x59, 0xce, 0x18, 0xc6, 0x17, 0xc6, 0x18, 0xc6, 0x18, 0xc6,
    0x38, 0xc6, 0x59, 0xc6, 0x9a, 0xd6, 0x99, 0xd6, 0x58, 0xce, 0xfb, 0xe6,
    0x1b, 0xe7, 0xd6, 0xc5, 0xf6, 0xc5, 0xf6, 0xc5, 0xd6, 0xc5, 0xb5, 0xc5,
    0xb5, 0xbd, 0x95, 0xbd, 0x95, 0xbd, 0x75, 0xbd, 0x74, 0xbd, 0x54, 0xbd,
    0xd7, 0xcd, 0xb6, 0xbd, 0xba, 0xde, 0xdb, 0xde, 0xdb, 0xde, 0xda, 0xde,
    0xba, 0xd6, 0x59, 0xc6, 0x39, 0xc6, 0x39, 0xbe, 0x39, 0xc6, 0x19, 0xbe,
    0x39, 0xbe, 0xf7, 0xbd, 0x79, 0xe6, 0x95, 0xc5, 0xb5, 0xc5, 0xd5, 0xc5,
    0xf6, 0xc5, 0x17, 0xce, 0x17, 0xc6, 0x17, 0xce, 0xf7, 0xc5, 0xb6, 0xc5,
    0xb6, 0xc5, 0x95, 0xc5, 0x54, 0xc5, 0x34, 0xbd, 0xf3, 0xbc, 0xd2, 0xb4,
    0xd3, 0xa4, 0xba, 0xd6, 0x1b, 0xe7, 0x35, 0xa5, 0x93, 0x8c, 0x72, 0x8c,
    0x32, 0x84, 0xb0, 0x6b, 0xb0, 0x73, 0x11, 0x84, 0x35, 0xb5, 0x76, 0xc5,
    0xd3, 0xb4, 0x51, 0xac, 0x30, 0xa4, 0x0f, 0x9c, 0xf0, 0x9b, 0xef, 0x9b,
    0xef, 0x9b, 0xb1, 0x73, 0xf3, 0x73, 0xf3, 0x73, 0xd2, 0x6b, 0x51, 0x63,
    0xb1, 0x4a, 0x90, 0x4a, 0x90, 0x42, 0x90, 0x42, 0x6f, 0x42, 0x4f, 0x42,
    0x4f, 0x42, 0xef, 0x52, 0x8a, 0x5a, 0xc6, 0x20, 0xc6, 0x20, 0x0b, 0x5a,
    0xec, 0x59, 0xe9, 0x30, 0x2c, 0x62, 0x2c, 0x62, 0x4b, 0x62, 0x0b, 0x5a,
    0xa7, 0x28, 0x6a, 0x39, 0x8b, 0x39, 0xcc, 0x41, 0xed, 0x39, 0xd1, 0x52,
    0x73, 0x63, 0xab, 0x31, 0x11, 0x7c, 0xce, 0x52, 0x8a, 0x29, 0x6f, 0x6b,
    0x78, 0xde, 0x95, 0xbd, 0x34, 0xb5, 0x13, 0xb5, 0xb2, 0x6b, 0x76, 0x7c,
    0x15, 0x74, 0x7a, 0x95, 0x19, 0x8d, 0x76, 0x7c, 0xf0, 0x5a, 0x8f, 0x4a,
    0x72, 0x63, 0x33, 0x74, 0xf2, 0x73, 0x4e, 0x63, 0x4d, 0x63, 0x2d, 0x5b,
    0x6a, 0x4a, 0x6a, 0x4a, 0x6a, 0x4a, 0x6b, 0x4a, 0x6b, 0x4a, 0xab, 0x52,
    0x95, 0xb5, 0x17, 0xc6, 0x75, 0xad, 0x4a, 0x42, 0xab, 0x52, 0xac, 0x52,
    0xac, 0x52, 0xac, 0x4a, 0xac, 0x52, 0xab, 0x52, 0xac, 0x52, 0xcc, 0x4a,
    0xab, 0x52, 0xac, 0x52, 0xac, 0x4a, 0xab, 0x52, 0xac, 0x4a, 0xab, 0x52,
    0xab, 0x4a, 0x6b, 0x4a, 0xd0, 0x73, 0x79, 0xbe, 0x18, 0xb6, 0x18, 0xb6,
    0x17, 0xb6, 0xf8, 0xb5, 0x17, 0xb6, 0x17, 0xb6, 0x18, 0xb6, 0x17, 0xb6,
    0x17, 0xb6, 0x17, 0xb6, 0xf7, 0xb5, 0x18, 0xb6, 0x17, 0xb6, 0x18, 0xb6,
    0x18, 0xb6, 0x18, 0xb6, 0x17, 0xb6, 0x18, 0xb6, 0x17, 0xb6, 0x93, 0x84,
    0x0e, 0x63, 0x0e, 0x63, 0x0e, 0x63, 0x0e, 0x63, 0x0e, 0x63, 0x2e, 0x63,
    0x2e, 0x63, 0x2e, 0x63, 0x6f, 0x6b, 0xb0, 0x73, 0x8f, 0x73, 0x4e, 0x6b,
    0x6e, 0x6b, 0x4e, 0x6b, 0x2d, 0x63, 0x4e, 0x6b, 0x6e, 0x6b, 0x8f, 0x73,
    0x4e, 0x6b, 0x2d, 0x63, 0x2d, 0x63, 0x2d, 0x63, 0x2d, 0x63, 0x0d, 0x63,
    0x0c, 0x5b, 0x0d, 0x5b, 0x2d, 0x63, 0x4d, 0x63, 0x4d, 0x6b, 0x4e, 0x6b,
    0x0d, 0x63, 0xed, 0x5a, 0xed, 0x5a, 0xed, 0x5a, 0x0d, 0x63, 0x2d, 0x63,
    0x2d, 0x63, 0x6e, 0x6b, 0x6e, 0x6b, 0x2e, 0x63, 0x2e, 0x63, 0x2e, 0x63,
    0x2e, 0x63, 0x2e, 0x63, 0x2e, 0x63, 0x4e, 0x63, 0x2e, 0x6b, 0x2e, 0x6b,
    0x2e, 0x63, 0x2e, 0x63, 0x2e, 0x63, 0x2e, 0x63, 0x2e, 0x63, 0x2e, 0x63,
    0x8b, 0x4a, 0x8a, 0x52, 0x6a, 0x4a, 0x6a, 0x4a, 0x6a, 0x4a, 0x8a, 0x52,
    0xb6, 0xb5, 0x99, 0xde, 0xfb, 0xe6, 0x1b, 0xe7, 0x1c, 0xe7, 0x18, 0xc6,
    0x69, 0x52, 0x59, 0xce, 0xba, 0xde, 0xf7, 0xbd, 0xd7, 0xbd, 0x3d, 0xef,
    0x3c, 0xe7, 0x3c, 0xef, 0xd7, 0xbd, 0x38, 0xc6, 0xba, 0xde, 0xdb, 0xde,
    0xdb, 0xde, 0xda, 0xde, 0x79, 0xd6, 0x38, 0xc6, 0xf7, 0xc5, 0x4d, 0x6b,
    0xdb, 0xde, 0xcb, 0x5a, 0xdb, 0xde, 0xba, 0xd6, 0xba, 0xde, 0x1c, 0xe7,
    0xeb, 0x5a, 0x51, 0x8c, 0x3c, 0xef, 0xdb, 0xde, 0xdb, 0xde, 0xda, 0xde,
    0xdb, 0xde, 0xdb, 0xde, 0xdb, 0xde, 0x9a, 0xd6, 0x59, 0xce, 0x38, 0xc6,
    0x38, 0xc6, 0x59, 0xce, 0xba, 0xde, 0x9a, 0xd6, 0x79, 0xce, 0x79, 0xd6,
    0x59, 0xce, 0x59, 0xce, 0x99, 0xd6, 0xdb, 0xde, 0xdb, 0xde, 0xdb, 0xde,
    0xdb, 0xde, 0xda, 0xde, 0xda, 0xde, 0xdb, 0xde, 0xda, 0xde, 0xbb, 0xde,
    0xba, 0xd6, 0xba, 0xd6, 0x7a, 0xd6, 0x79, 0xd6, 0x79, 0xd6, 0x79, 0xce,
    0x79, 0xce, 0x79, 0xce, 0x79, 0xd6, 0x9a, 0xd6, 0x9a, 0xd6, 0x79, 0xd6,
    0x79, 0xd6, 0x7a, 0xd6, 0x79, 0xd6, 0xba, 0xd6, 0xfb, 0xe6, 0x9a, 0xd6,
    0x79, 0xce, 0x79, 0xd6, 0x99, 0xd6, 0x9a, 0xd6, 0x99, 0xd6, 0x9a, 0xd6,
    0x9a, 0xd6, 0x9a, 0xd6, 0x79, 0xce, 0x38, 0xce, 0x18, 0xc6, 0x18, 0xc6,
    0x18, 0xc6, 0x38, 0xbe, 0x38, 0xc6, 0x58, 0xce, 0x9a, 0xd6, 0x99, 0xd6,
    0x99, 0xd6, 0x9d, 0xf7, 0xf6, 0xcd, 0xd6, 0xc5, 0xf6, 0xc5, 0xd6, 0xc5,
    0xb5, 0xc5, 0xb5, 0xbd, 0x95, 0xbd, 0x75, 0xc5, 0x74, 0xbd, 0x54, 0xbd,
    0x75, 0xbd, 0xf7, 0xc5, 0xd7, 0xc5, 0xdb, 0xde, 0xdb, 0xde, 0xdb, 0xde,
    0xdb, 0xde, 0xdb, 0xde, 0xba, 0xd6, 0x59, 0xc6, 0x38, 0xc6, 0x19, 0xc6,
    0x18, 0xbe, 0x18, 0xbe, 0x18, 0xbe, 0x18, 0xbe, 0x38, 0xd6, 0x17, 0xd6,
    0xb5, 0xcd, 0xd6, 0xc5, 0xd6, 0xc5, 0x16, 0xc6, 0x16, 0xce, 0x17, 0xc6,
    0xf7, 0xcd, 0xd6, 0xc5, 0xb6, 0xc5, 0x95, 0xc5, 0x74, 0xc5, 0x54, 0xbd,
    0x13, 0xbd, 0xd2, 0xbc, 0x92, 0xac, 0x52, 0x8c, 0x52, 0x84, 0x31, 0x7c,
    0x52, 0x84, 0x11, 0x74, 0xf1, 0x73, 0xf0, 0x73, 0xd0, 0x73, 0xd0, 0x73,
    0x8f, 0x6b, 0xb0, 0x73, 0x93, 0x9c, 0x75, 0xc5, 0x14, 0xbd, 0x51, 0xac,
    0xf0, 0xa3, 0xef, 0x9b, 0xce, 0x93, 0xd2, 0x73, 0xf2, 0x73, 0xd2, 0x73,
    0x92, 0x6b, 0x30, 0x5b, 0xf0, 0x52, 0x70, 0x42, 0x70, 0x42, 0x70, 0x42,
    0x4f, 0x42, 0x4f, 0x42, 0x90, 0x42, 0xcf, 0x52, 0xaa, 0x62, 0xc7, 0x20,
    0xc6, 0x20, 0x48, 0x39, 0xcb, 0x51, 0x09, 0x39, 0x0c, 0x62, 0x48, 0x41,
    0xaa, 0x49, 0xc7, 0x28, 0x29, 0x31, 0x4a, 0x39, 0x0f, 0x6b, 0xae, 0x5a,
    0x2d, 0x4a, 0xb2, 0x73, 0x10, 0x63, 0x4c, 0x4a, 0x15, 0xa5, 0x56, 0xa5,
    0x97, 0xad, 0x39, 0xc6, 0xf7, 0xcd, 0x95, 0xbd, 0x74, 0xb5, 0x33, 0xb5,
    0xd2, 0x73, 0x15, 0x74, 0xb7, 0x84, 0x5a, 0x95, 0x18, 0x8d, 0x56, 0x7c,
    0xf1, 0x5a, 0x8f, 0x4a, 0xd0, 0x52, 0x92, 0x6b, 0x13, 0x74, 0x4f, 0x63,
    0x2e, 0x63, 0x0d, 0x5b, 0x6a, 0x4a, 0x6a, 0x4a, 0x6a, 0x4a, 0x6b, 0x4a,
    0x4a, 0x4a, 0x34, 0xa5, 0x17, 0xce, 0xb6, 0xbd, 0x6b, 0x4a, 0xab, 0x4a,
    0xac, 0x52, 0xac, 0x52, 0xac, 0x52, 0xac, 0x4a, 0xcc, 0x52, 0xcc, 0x52,
    0xcb, 0x52, 0xac, 0x52, 0xac, 0x52, 0xcc, 0x4a, 0xac, 0x52, 0xab, 0x52,
    0xac, 0x4a, 0xab, 0x4a, 0x8b, 0x52, 0xcc, 0x52, 0x7a, 0xc6, 0x18, 0xb6,
    0x18, 0xb6, 0x17, 0xb6, 0xf7, 0xb5, 0x18, 0xb6, 0x18, 0xb6, 0xf7, 0xb5,
    0x18, 0xb6, 0xf8, 0xb5, 0x17, 0xb6, 0x17, 0xb6, 0x17, 0xb6, 0x18, 0xb6,
    0xf7, 0xb5, 0x17, 0xb6, 0x18, 0xb6, 0x18, 0xb6, 0x18, 0xb6, 0x18, 0xb6,
    0x18, 0xb6, 0x93, 0x84, 0xed, 0x62, 0x0d, 0x63, 0x0d, 0x63, 0x0d, 0x63,
    0x0d, 0x63, 0x2e, 0x63, 0x0d, 0x63, 0x2d, 0x63, 0x6e, 0x6b, 0x8f, 0x73,
    0x8f, 0x73, 0x8f, 0x73, 0x8f, 0x73, 0x8f, 0x73, 0x8f, 0x73, 0xaf, 0x7b,
    0xd0, 0x7b, 0xd0, 0x7b, 0xaf, 0x73, 0x6e, 0x6b, 0x6e, 0x6b, 0x6e, 0x6b,
    0x6e, 0x6b, 0x6e, 0x6b, 0x6e, 0x6b, 0x6e, 0x6b, 0x8e, 0x6b, 0x8e, 0x73,
    0x8f, 0x73, 0x6e, 0x6b, 0x2d, 0x63, 0x2d, 0x63, 0x0d, 0x63, 0x2e, 0x63,
    0x4e, 0x63, 0x4e, 0x6b, 0x6e, 0x6b, 0x8f, 0x73, 0x8f, 0x73, 0x6f, 0x6b,
    0x6f, 0x6b, 0x6f, 0x6b, 0x6f, 0x6b, 0x6f, 0x6b, 0x6f, 0x73, 0x6f, 0x6b,
    0x6f, 0x6b, 0x6f, 0x6b, 0x6f, 0x6b, 0x6f, 0x6b, 0x6f, 0x6b, 0x6f, 0x6b,
    0x6e, 0x6b, 0x6f, 0x6b, 0xcc, 0x52, 0xcb, 0x52, 0xcc, 0x52, 0xcb, 0x52,
    0xcb, 0x52, 0xab, 0x52, 0x49, 0x4a, 0xba, 0xde, 0xda, 0xde, 0x1c, 0xe7,
    0x1b, 0xe7, 0x38, 0xc6, 0x69, 0x4a, 0x39, 0xce, 0xda, 0xde, 0xd7, 0xbd,
    0xf3, 0xa4, 0xfb, 0xe6, 0xfb, 0xde, 0x5c, 0xef, 0xf7, 0xbd, 0xba, 0xd6,
    0x1c, 0xe7, 0xdb, 0xde, 0xdb, 0xde, 0xda, 0xde, 0x9a, 0xd6, 0x38, 0xce,
    0xf7, 0xc5, 0x4d, 0x6b, 0xdb, 0xde, 0xeb, 0x5a, 0xdb, 0xde, 0xba, 0xd6,
    0xbb, 0xde, 0x1b, 0xe7, 0xcb, 0x5a, 0x51, 0x8c, 0x3c, 0xe7, 0xdb, 0xde,
    0xda, 0xde, 0xdb, 0xde, 0xdb, 0xde, 0xdb, 0xde, 0xda, 0xde, 0x9a, 0xd6,
    0x59, 0xce, 0x38, 0xc6, 0x38, 0xc6, 0x58, 0xce, 0x9a, 0xd6, 0x79, 0xd6,
    0x79, 0xce, 0x79, 0xce, 0x79, 0xd6, 0x79, 0xce, 0xba, 0xde, 0xdb, 0xde,
    0xda, 0xde, 0xdb, 0xde, 0xdb, 0xde, 0xdb, 0xde, 0xdb, 0xde, 0xba, 0xde,
    0xba, 0xd6, 0xba, 0xde, 0xba, 0xd6, 0x9a, 0xd6, 0x79, 0xd6, 0x7a, 0xd6,
    0x9a, 0xce, 0x79, 0xd6, 0x59, 0xce, 0x59, 0xce, 0x79, 0xce, 0x79, 0xce,
    0x79, 0xce, 0x79, 0xce, 0x79, 0xce, 0x9a, 0xd6, 0xfb, 0xde, 0xfb, 0xe6,
    0x9a, 0xd6, 0x79, 0xce, 0x7a, 0xd6, 0x79, 0xd6, 0x7a, 0xce, 0x9a, 0xd6,
    0x9a, 0xd6, 0x9a, 0xd6, 0x9a, 0xd6, 0x99, 0xd6, 0x79, 0xce, 0x59, 0xce,
    0x38, 0xc6, 0x38, 0xc6, 0x17, 0xbe, 0x17, 0xbe, 0x38, 0xc6, 0x58, 0xc6,
    0x9a, 0xd6, 0x58, 0xce, 0xbd, 0xf7, 0x37, 0xce, 0xf6, 0xc5, 0xf6, 0xcd,
    0xd6, 0xc5, 0xb6, 0xc5, 0xb5, 0xc5, 0x95, 0xbd, 0x75, 0xbd, 0x54, 0xbd,
    0x34, 0xbd, 0x95, 0xbd, 0xd6, 0xc5, 0x18, 0xc6, 0xfb, 0xde, 0xba, 0xde,
    0xda, 0xd6, 0xba, 0xde, 0xda, 0xd6, 0xda, 0xde, 0xba, 0xd6, 0x59, 0xc6,
    0x39, 0xc6, 0x18, 0xc6, 0x18, 0xbe, 0x19, 0xbe, 0x18, 0xbe, 0x18, 0xbe,
    0xd7, 0xbd, 0xb9, 0xe6, 0xb5, 0xc5, 0xb5, 0xcd, 0xd6, 0xcd, 0xf6, 0xc5,
    0x17, 0xce, 0x17, 0xce, 0x17, 0xc6, 0xf7, 0xc5, 0xd6, 0xc5, 0xb5, 0xc5,
    0x95, 0xc5, 0x74, 0xbd, 0x33, 0xbd, 0xf2, 0xbc, 0xd2, 0xb4, 0x51, 0x9c,
    0x31, 0x7c, 0xf1, 0x73, 0xf1, 0x7b, 0xf0, 0x73, 0xd0, 0x73, 0xd0, 0x73,
    0xd0, 0x73, 0xd0, 0x73, 0xd0, 0x6b, 0xd0, 0x73, 0xb0, 0x73, 0x6e, 0x6b,
    0xf0, 0x7b, 0xd3, 0xac, 0xd3, 0xb4, 0x70, 0xac, 0xef, 0x93, 0xb2, 0x73,
    0x71, 0x63, 0xf0, 0x5a, 0xf0, 0x52, 0xf0, 0x5a, 0x10, 0x53, 0x8f, 0x4a,
    0x70, 0x42, 0x4f, 0x42, 0x70, 0x42, 0xb1, 0x4a, 0x70, 0x42, 0xaf, 0x4a,
    0x0b, 0x73, 0xa6, 0x18, 0xc6, 0x20, 0xc6, 0x20, 0xe8, 0x30, 0xe8, 0x30,
    0x2c, 0x62, 0xaa, 0x49, 0x4a, 0x41, 0x8b, 0x41, 0x8a, 0x41, 0x6d, 0x5a,
    0xda, 0xde, 0x16, 0xce, 0xba, 0xde, 0x17, 0xc6, 0x5c, 0xf7, 0xd6, 0xc5,
    0x13, 0xad, 0x95, 0xc5, 0x74, 0xbd, 0x54, 0xbd, 0x74, 0xbd, 0x75, 0xbd,
    0x55, 0xb5, 0x13, 0xb5, 0xf2, 0x7b, 0x76, 0x7c, 0xb8, 0x84, 0x5a, 0x95,
    0xb7, 0x84, 0x76, 0x7c, 0xd1, 0x52, 0x4e, 0x42, 0xcf, 0x52, 0xf0, 0x5a,
    0x92, 0x63, 0x4f, 0x63, 0x0d, 0x63, 0xed, 0x5a, 0x6a, 0x4a, 0x6a, 0x4a,
    0x6a, 0x4a, 0x6a, 0x4a, 0xab, 0x52, 0x37, 0xce, 0xd6, 0xc5, 0x6b, 0x4a,
    0x8b, 0x4a, 0xac, 0x52, 0xac, 0x52, 0xac, 0x52, 0xac, 0x4a, 0xcb, 0x52,
    0xcc, 0x52, 0xac, 0x52, 0xac, 0x4a, 0xac, 0x52, 0xac, 0x52, 0xab, 0x4a,
    0xac, 0x52, 0xac, 0x52, 0xab, 0x52, 0xab, 0x4a, 0x6a, 0x4a, 0xf7, 0xb5,
    0x18, 0xb6, 0x18, 0xb6, 0x17, 0xb6, 0xf8, 0xb5, 0x17, 0xb6, 0x18, 0xb6,
    0x17, 0xb6, 0x17, 0xb6, 0x17, 0xb6, 0xf7, 0xb5, 0x18, 0xb6, 0x18, 0xb6,
    0xf8, 0xb5, 0x18, 0xb6, 0x17, 0xb6, 0x18, 0xb6, 0x17, 0xb6, 0x17, 0xb6,
    0x18, 0xb6, 0x17, 0xb6, 0x18, 0xb6, 0x93, 0x84, 0x0d, 0x63, 0x0d, 0x63,
    0x0d, 0x63, 0x0e, 0x63, 0x2d, 0x63, 0x0d, 0x63, 0x0d, 0x63, 0x2d, 0x63,
    0x6f, 0x6b, 0x8f, 0x73, 0xaf, 0x73, 0xaf, 0x73, 0xae, 0x73, 0xaf, 0x73,
    0xaf, 0x7b, 0xcf, 0x7b, 0xf0, 0x7b, 0xd0, 0x7b, 0xaf, 0x73, 0x6e, 0x6b,
    0x4e, 0x6b, 0x6e, 0x6b, 0x6e, 0x6b, 0x8f, 0x73, 0xaf, 0x73, 0xaf, 0x73,
    0xaf, 0x73, 0xcf, 0x73, 0xcf, 0x73, 0x4e, 0x6b, 0x2e, 0x63, 0x2d, 0x63,
    0x2e, 0x63, 0x2e, 0x63, 0x4e, 0x6b, 0x4e, 0x6b, 0x6f, 0x6b, 0x8f, 0x6b,
    0x90, 0x73, 0x6f, 0x6b, 0x6f, 0x73, 0x6f, 0x73, 0x8f, 0x73, 0x6f, 0x73,
    0x8f, 0x73, 0x8f, 0x73, 0x8f, 0x6b, 0x6f, 0x6b, 0x6f, 0x6b, 0x6f, 0x6b,
    0x6f, 0x6b, 0x6f, 0x6b, 0x6f, 0x6b, 0x8f, 0x73, 0xcb, 0x52, 0xcc, 0x5a,
    0xcc, 0x5a, 0xcc, 0x52, 0xcc, 0x52, 0xcb, 0x5a, 0x8b, 0x4a, 0x79, 0xd6,
    0xda, 0xde, 0x1b, 0xe7, 0x1b, 0xe7, 0x38, 0xc6, 0x69, 0x4a, 0x38, 0xce,
    0xdb, 0xde, 0xd7, 0xbd, 0xd3, 0x9c, 0x1c, 0xe7, 0x79, 0xce, 0xda, 0xde,
    0xd7, 0xbd, 0x7a, 0xd6, 0x7d, 0xef, 0x7d, 0xef, 0x1c, 0xe7, 0xda, 0xde,
    0x9a, 0xd6, 0x58, 0xce, 0x17, 0xc6, 0x4d, 0x6b, 0xdb, 0xde, 0xeb, 0x62,
    0xdb, 0xde, 0x9a, 0xd6, 0xdb, 0xde, 0x1c, 0xe7, 0xcb, 0x5a, 0x50, 0x8c,
    0x1c, 0xe7, 0xdb, 0xde, 0xdb, 0xde, 0xdb, 0xde, 0xdb, 0xde, 0xda, 0xde,
    0xda, 0xde, 0x99, 0xd6, 0x59, 0xce, 0x38, 0xc6, 0x38, 0xc6, 0x38, 0xc6,
    0x59, 0xce, 0x79, 0xce, 0x79, 0xce, 0x79, 0xce, 0x79, 0xce, 0x79, 0xd6,
    0xba, 0xde, 0xdb, 0xde, 0xdb, 0xde, 0xda, 0xde, 0xda, 0xde, 0xdb, 0xde,
    0xba, 0xde, 0xba, 0xd6, 0xba, 0xd6, 0x9a, 0xd6, 0x7a, 0xd6, 0x9a, 0xd6,
    0x79, 0xd6, 0x99, 0xce, 0x79, 0xce, 0x59, 0xce, 0x59, 0xce, 0x59, 0xce,
    0x58, 0xce, 0x59, 0xce, 0x59, 0xce, 0x79, 0xce, 0xdb, 0xde, 0x1c, 0xe7,
    0xdb, 0xde, 0x9a, 0xd6, 0x79, 0xce, 0x79, 0xd6, 0x9a, 0xd6, 0x9a, 0xd6,
    0x9a, 0xd6, 0xba, 0xd6, 0xba, 0xd6, 0xba, 0xd6, 0xba, 0xd6, 0x9a, 0xd6,
    0x79, 0xd6, 0x59, 0xce, 0x38, 0xce, 0x18, 0xc6, 0x17, 0xbe, 0x18, 0xbe,
    0x18, 0xc6, 0x38, 0xc6, 0x37, 0xc6, 0x3c, 0xef, 0x98, 0xd6, 0xd6, 0xc5,
    0xd6, 0xc5, 0xd6, 0xc5, 0xb5, 0xc5, 0xb5, 0xc5, 0x95, 0xbd, 0x75, 0xbd,
    0x54, 0xbd, 0x54, 0xb5, 0x96, 0xc5, 0xd7, 0xc5, 0x9a, 0xd6, 0xfb, 0xe6,
    0xbb, 0xde, 0x9a, 0xce, 0x58, 0xc6, 0x99, 0xce, 0x79, 0xce, 0x7a, 0xce,
    0x79, 0xce, 0x59, 0xc6, 0x39, 0xbe, 0xf8, 0xbd, 0x18, 0xbe, 0x19, 0xc6,
    0xf8, 0xbd, 0xf8, 0xb5, 0xd8, 0xbd, 0xf7, 0xc5, 0x78, 0xde, 0xb5, 0xc5,
    0xd6, 0xc5, 0xf6, 0xc5, 0x17, 0xce, 0x17, 0xce, 0x17, 0xce, 0xf7, 0xcd,
    0xd6, 0xc5, 0xb5, 0xc5, 0x95, 0xc5, 0x75, 0xbd, 0x34, 0xbd, 0xf3, 0xbc,
    0xd2, 0xb4, 0x92, 0xac, 0x31, 0x84, 0xf1, 0x73, 0xf1, 0x73, 0xd0, 0x73,
    0xf1, 0x73, 0xd0, 0x73, 0xd0, 0x73, 0xd0, 0x73, 0xd0, 0x73, 0xd0, 0x73,
    0x90, 0x6b, 0x6f, 0x6b, 0x4e, 0x6b, 0x0d, 0x63, 0x0d, 0x6b, 0x8e, 0x7b,
    0xef, 0x8b, 0x12, 0x7c, 0x34, 0x84, 0x75, 0x84, 0x95, 0x84, 0x74, 0x84,
    0xd2, 0x6b, 0x91, 0x63, 0x90, 0x4a, 0x90, 0x4a, 0xd1, 0x52, 0x90, 0x42,
    0x6f, 0x42, 0x8e, 0x4a, 0xae, 0x83, 0x65, 0x10, 0xc6, 0x20, 0xc7, 0x20,
    0xa7, 0x28, 0xa8, 0x28, 0xe8, 0x30, 0x29, 0x39, 0xaa, 0x49, 0x8b, 0x41,
    0x8a, 0x39, 0x0e, 0x6b, 0xd3, 0xac, 0xd6, 0xc5, 0x37, 0xce, 0xfb, 0xe6,
    0x13, 0xb5, 0xb2, 0xa4, 0xf3, 0xac, 0xd2, 0xac, 0x92, 0xa4, 0x13, 0xb5,
    0x54, 0xbd, 0x54, 0xb5, 0x34, 0xb5, 0x13, 0xad, 0xf3, 0x73, 0xb7, 0x84,
    0x39, 0x8d, 0x9b, 0x9d, 0xd8, 0x84, 0x76, 0x7c, 0xf0, 0x52, 0x4e, 0x4a,
    0x4e, 0x4a, 0xaf, 0x52, 0x31, 0x5b, 0x51, 0x6b, 0x10, 0x84, 0xcf, 0x7b,
    0x4a, 0x4a, 0x6a, 0x4a, 0x6a, 0x4a, 0x4a, 0x4a, 0xcc, 0x5a, 0x58, 0xd6,
    0xab, 0x52, 0x8b, 0x4a, 0xac, 0x4a, 0xac, 0x52, 0xac, 0x52, 0xac, 0x4a,
    0xcc, 0x52, 0xcb, 0x52, 0xac, 0x52, 0xac, 0x52, 0xac, 0x52, 0xcc, 0x52,
    0xac, 0x52, 0xac, 0x4a, 0xac, 0x4a, 0xab, 0x52, 0xab, 0x4a, 0x6a, 0x42,
    0x15, 0x9d, 0x39, 0xbe, 0x18, 0xb6, 0x17, 0xb6, 0x17, 0xb6, 0x18, 0xb6,
    0x18, 0xb6, 0xf7, 0xb5, 0x18, 0xb6, 0x17, 0xb6, 0x17, 0xb6, 0x17, 0xb6,
    0x18, 0xb6, 0xf7, 0xb5, 0x17, 0xb6, 0x18, 0xb6, 0x18, 0xb6, 0x17, 0xb6,
    0x18, 0xb6, 0x18, 0xb6, 0x17, 0xb6, 0x18, 0xb6, 0x17, 0xb6, 0x93, 0x84,
    0x0e, 0x63, 0x0e, 0x63, 0x0e, 0x63, 0xed, 0x5a, 0xed, 0x5a, 0x0d, 0x5b,
    0x2e, 0x63, 0x2e, 0x63, 0x6f, 0x6b, 0x8f, 0x73, 0xaf, 0x73, 0xaf, 0x73,
    0xaf, 0x7b, 0xaf, 0x7b, 0xcf, 0x7b, 0xf0, 0x7b, 0xf0, 0x7b, 0xcf, 0x7b,
    0x8f, 0x73, 0x6e, 0x6b, 0x4e, 0x6b, 0x6e, 0x6b, 0x8f, 0x73, 0xd0, 0x7b,
    0xf0, 0x7b, 0xf0, 0x7b, 0xf0, 0x7b, 0xf0, 0x7b, 0xf0, 0x7b, 0x6e, 0x6b,
    0x6f, 0x63, 0x6f, 0x63, 0x4e, 0x63, 0x6e, 0x63, 0x6f, 0x6b, 0x6e, 0x6b,
    0x6f, 0x63, 0x8f, 0x73, 0x8f, 0x73, 0x6f, 0x6b, 0x8f, 0x73, 0x8f, 0x6b,
    0x8f, 0x6b, 0x8f, 0x6b, 0x6f, 0x6b, 0x8f, 0x6b, 0x8f, 0x73, 0x8f, 0x73,
    0x6f, 0x73, 0x8f, 0x73, 0x6e, 0x6b, 0x6f, 0x6b, 0x6e, 0x6b, 0x4e, 0x6b,
    0xcb, 0x5a, 0xec, 0x5a, 0xec, 0x5a, 0xec, 0x5a, 0xec, 0x52, 0xeb, 0x52,
    0x8a, 0x4a, 0x59, 0xd6, 0xda, 0xde, 0x1c, 0xe7, 0x1c, 0xe7, 0x39, 0xc6,
    0x49, 0x4a, 0x38, 0xce, 0xdb, 0xde, 0xf7, 0xbd, 0xb2, 0x94, 0x1c, 0xe7,
    0x7a, 0xd6, 0xba, 0xde, 0x0c, 0x63, 0x96, 0xb5, 0x7d, 0xf7, 0x7d, 0xf7,
    0x7d, 0xf7, 0x7d, 0xef, 0xfb, 0xde, 0x59, 0xce, 0x18, 0xc6, 0x2c, 0x63,
    0xfb, 0xde, 0xeb, 0x62, 0xdb, 0xde, 0x9a, 0xd6, 0xba, 0xde, 0xfb, 0xe6,
    0xcb, 0x5a, 0x30, 0x8c, 0x3c, 0xef, 0xdb, 0xde, 0xda, 0xde, 0xdb, 0xde,
    0xdb, 0xde, 0xdb, 0xde, 0xdb, 0xde, 0x79, 0xce, 0x59, 0xce, 0x38, 0xc6,
    0x18, 0xc6, 0x38, 0xc6, 0x58, 0xce, 0x59, 0xce, 0x79, 0xce, 0x79, 0xce,
    0x79, 0xd6, 0x9a, 0xd6, 0xdb, 0xde, 0xdb, 0xde, 0xdb, 0xde, 0xda, 0xde,
    0xdb, 0xde, 0xba, 0xde, 0xba, 0xd6, 0x9a, 0xd6, 0x79, 0xd6, 0x9a, 0xd6,
    0x9a, 0xd6, 0x79, 0xd6, 0x79, 0xce, 0x79, 0xce, 0x59, 0xce, 0x59, 0xce,
    0x58, 0xce, 0x58, 0xc6, 0x38, 0xc6, 0x59, 0xce, 0xba, 0xde, 0x1b, 0xe7,
    0xfb, 0xde, 0x9a, 0xd6, 0x79, 0xd6, 0x79, 0xce, 0x79, 0xd6, 0x7a, 0xd6,
    0x99, 0xd6, 0x9a, 0xd6, 0x9a, 0xd6, 0xba, 0xde, 0xba, 0xde, 0xba, 0xde,
    0xba, 0xde, 0xba, 0xde, 0x9a, 0xd6, 0x79, 0xce, 0x59, 0xce, 0x38, 0xc6,
    0x17, 0xbe, 0x17, 0xbe, 0x18, 0xbe, 0xf7, 0xbd, 0x1b, 0xef, 0xfa, 0xe6,
    0xd6, 0xc5, 0xd6, 0xc5, 0xd6, 0xc5, 0xb6, 0xc5, 0xb5, 0xc5, 0x95, 0xbd,
    0x74, 0xbd, 0x55, 0xbd, 0x55, 0xbd, 0xd7, 0xcd, 0xf7, 0xc5, 0xfb, 0xde,
    0xdb, 0xde, 0xdb, 0xde, 0xdb, 0xde, 0x7a, 0xce, 0x38, 0xc6, 0x39, 0xc6,
    0x39, 0xc6, 0x39, 0xc6, 0x38, 0xc6, 0x39, 0xc6, 0x38, 0xc6, 0xd8, 0xb5,
    0xd7, 0xad, 0xf8, 0xb5, 0xd7, 0xad, 0xb7, 0xad, 0xb7, 0xad, 0x96, 0xa5,
    0x78, 0xde, 0xf6, 0xcd, 0xd6, 0xc5, 0xd6, 0xc5, 0x16, 0xce, 0x17, 0xc6,
    0x17, 0xce, 0xf7, 0xc5, 0xd6, 0xc5, 0xb6, 0xc5, 0x95, 0xc5, 0x75, 0xc5,
    0x54, 0xbd, 0x33, 0xbd, 0xf2, 0xb4, 0xd2, 0xb4, 0x51, 0x8c, 0xf1, 0x7b,
    0xf0, 0x73, 0xd0, 0x73, 0xf1, 0x73, 0xd0, 0x73, 0xd0, 0x73, 0xd0, 0x6b,
    0xd1, 0x73, 0x2d, 0x63, 0x0f, 0x8c, 0xf3, 0xac, 0xf2, 0xb4, 0xf2, 0xb4,
    0xd2, 0xb4, 0xd2, 0xac, 0xd2, 0xac, 0x32, 0x84, 0xd5, 0x8c, 0x95, 0x84,
    0x34, 0x7c, 0x33, 0x7c, 0xf3, 0x73, 0x92, 0x6b, 0x71, 0x63, 0xd0, 0x4a,
    0xf1, 0x4a, 0x90, 0x4a, 0x6f, 0x42, 0xae, 0x52, 0x0f, 0x8c, 0xa5, 0x18,
    0xa6, 0x20, 0xa7, 0x20, 0xa7, 0x28, 0xa8, 0x28, 0xa7, 0x20, 0x0a, 0x29,
    0xac, 0x39, 0xac, 0x39, 0xcf, 0x5a, 0x93, 0x9c, 0x11, 0x94, 0xb2, 0xac,
    0x54, 0xbd, 0x13, 0xb5, 0xb3, 0xac, 0xf2, 0xac, 0xd3, 0xac, 0x92, 0x9c,
    0xf3, 0xac, 0xd2, 0xa4, 0xd2, 0xa4, 0x13, 0xad, 0xf2, 0xa4, 0xb3, 0x9c,
    0x35, 0x7c, 0x18, 0x95, 0x76, 0x7c, 0x72, 0x63, 0x8f, 0x52, 0x6e, 0x4a,
    0x8f, 0x4a, 0xf0, 0x5a, 0x50, 0x63, 0xaf, 0x52, 0xd0, 0x5a, 0x0f, 0x5b,
    0xf3, 0xa4, 0x50, 0x8c, 0x29, 0x42, 0x4a, 0x4a, 0x6a, 0x4a, 0x4a, 0x42,
    0xcc, 0x5a, 0xcd, 0x5a, 0x8b, 0x4a, 0x8b, 0x4a, 0xac, 0x52, 0xac, 0x52,
    0xac, 0x52, 0xac, 0x52, 0xac, 0x52, 0xac, 0x52, 0xac, 0x4a, 0xac, 0x52,
    0xcc, 0x52, 0xab, 0x4a, 0xac, 0x4a, 0xac, 0x52, 0xab, 0x52, 0xac, 0x52,
    0x6b, 0x42, 0xb3, 0x8c, 0x59, 0xc6, 0x18, 0xb6, 0x17, 0xb6, 0x17, 0xb6,
    0xf8, 0xb5, 0x17, 0xb6, 0x17, 0xb6, 0xf8, 0xb5, 0x18, 0xb6, 0xf7, 0xb5,
    0xf7, 0xb5, 0x17, 0xb6, 0x18, 0xb6, 0x17, 0xb6, 0x17, 0xb6, 0xf8, 0xb5,
    0x17, 0xb6, 0x17, 0xb6, 0x18, 0xb6, 0x18, 0xb6, 0x18, 0xbe, 0x18, 0xb6,
    0x18, 0xb6, 0x93, 0x84, 0x2e, 0x63, 0x0e, 0x63, 0x2e, 0x63, 0x2e, 0x63,
    0x2e, 0x63, 0x2e, 0x63, 0x2e, 0x63, 0x2d, 0x63, 0x6e, 0x73, 0xaf, 0x7b,
    0xcf, 0x7b, 0xd0, 0x7b, 0xf0, 0x7b, 0xf0, 0x7b, 0x10, 0x84, 0x11, 0x84,
    0x10, 0x84, 0x10, 0x84, 0xf0, 0x7b, 0xaf, 0x73, 0x6e, 0x6b, 0xaf, 0x73,
    0xf0, 0x7b, 0x10, 0x7c, 0x10, 0x7c, 0x10, 0x84, 0x10, 0x7c, 0xf0, 0x7b,
    0xaf, 0x73, 0x6e, 0x6b, 0x6f, 0x6b, 0x8f, 0x6b, 0xaf, 0x6b, 0xb0, 0x6b,
    0xaf, 0x63, 0xaf, 0x6b, 0x8f, 0x6b, 0xaf, 0x73, 0x8f, 0x73, 0x70, 0x6b,
    0x90, 0x73, 0x8f, 0x73, 0x90, 0x73, 0x8f, 0x73, 0x8f, 0x73, 0x8f, 0x73,
    0x8f, 0x73, 0x8f, 0x73, 0x8f, 0x6b, 0x8f, 0x73, 0x8f, 0x73, 0x8f, 0x6b,
    0x6f, 0x6b, 0x0c, 0x63, 0xeb, 0x5a, 0xec, 0x5a, 0xeb, 0x5a, 0xec, 0x52,
    0xec, 0x5a, 0xec, 0x52, 0x8a, 0x4a, 0x78, 0xd6, 0xda, 0xde, 0x1c, 0xe7,
    0x1b, 0xe7, 0x38, 0xc6, 0x49, 0x4a, 0x38, 0xce, 0xfb, 0xe6, 0xd7, 0xbd,
    0x92, 0x94, 0x1c, 0xe7, 0x79, 0xd6, 0x99, 0xd6, 0x49, 0x4a, 0xaa, 0x52,
    0x3c, 0xef, 0x5d, 0xef, 0x7d, 0xef, 0x7d, 0xf7, 0x7d, 0xef, 0x3c, 0xe7,
    0x9a, 0xd6, 0x6d, 0x73, 0xfb, 0xde, 0x4d, 0x6b, 0xbb, 0xde, 0x9a, 0xd6,
    0xba, 0xd6, 0xfb, 0xe6, 0xcb, 0x5a, 0x10, 0x84, 0x3c, 0xe7, 0xdb, 0xde,
    0xdb, 0xde, 0xda, 0xde, 0xdb, 0xde, 0xda, 0xde, 0xdb, 0xde, 0x79, 0xce,
    0x59, 0xce, 0x18, 0xc6, 0x38, 0xc6, 0x38, 0xc6, 0x38, 0xc6, 0x59, 0xce,
    0x79, 0xce, 0x79, 0xce, 0x7a, 0xd6, 0x9a, 0xd6, 0xdb, 0xde, 0xda, 0xde,
    0xdb, 0xde, 0xdb, 0xde, 0xdb, 0xde, 0xbb, 0xde, 0x9a, 0xd6, 0x9a, 0xd6,
    0x9a, 0xd6, 0x9a, 0xd6, 0x9a, 0xd6, 0x99, 0xd6, 0x79, 0xce, 0x59, 0xce,
    0x59, 0xce, 0x59, 0xce, 0x58, 0xce, 0x38, 0xc6, 0x79, 0xce, 0xdb, 0xde,
    0xdb, 0xde, 0x9a, 0xd6, 0x79, 0xce, 0x79, 0xce, 0x79, 0xce, 0x79, 0xce,
    0x79, 0xce, 0x79, 0xce, 0x79, 0xce, 0x99, 0xd6, 0x9a, 0xd6, 0xba, 0xd6,
    0xba, 0xd6, 0xbb, 0xde, 0xba, 0xde, 0xba, 0xd6, 0xba, 0xd6, 0x9a, 0xd6,
    0x58, 0xce, 0x18, 0xbe, 0x18, 0xbe, 0x17, 0xc6, 0xf7, 0xbd, 0xb9, 0xde,
    0x3c, 0xef, 0xd6, 0xc5, 0xd6, 0xc5, 0xd6, 0xc5, 0xb5, 0xc5, 0xb5, 0xc5,
    0x95, 0xbd, 0x74, 0xbd, 0x54, 0xbd, 0x95, 0xbd, 0xd6, 0xc5, 0x59, 0xd6,
    0xdb, 0xde, 0xba, 0xd6, 0xba, 0xd6, 0xba, 0xde, 0xba, 0xd6, 0x59, 0xc6,
    0x18, 0xbe, 0x18, 0xbe, 0x18, 0xbe, 0x38, 0xbe, 0x18, 0xc6, 0x18, 0xbe,
    0x18, 0xbe, 0xd7, 0xad, 0xb7, 0xad, 0xf8, 0xb5, 0xd7, 0xad, 0x96, 0xa5,
    0x96, 0xa5, 0x96, 0xa5, 0x75, 0xad, 0x77, 0xde, 0xd5, 0xc5, 0xf6, 0xcd,
    0xf6, 0xcd, 0x17, 0xc6, 0x17, 0xce, 0x17, 0xc6, 0xf6, 0xc5, 0xd6, 0xc5,
    0xb5, 0xc5, 0x95, 0xc5, 0x74, 0xbd, 0x34, 0xbd, 0xf3, 0xbc, 0xf2, 0xb4,
    0x92, 0x9c, 0x11, 0x7c, 0xf1, 0x73, 0xd0, 0x73, 0xf0, 0x73, 0xd1, 0x73,
    0xd0, 0x73, 0xd0, 0x73, 0xd1, 0x73, 0x09, 0x3a, 0xe8, 0x41, 0xe8, 0x39,
    0xe8, 0x39, 0xc8, 0x39, 0xe7, 0x39, 0xe8, 0x39, 0xa7, 0x31, 0xf1, 0x7b,
    0xd5, 0x8c, 0x74, 0x84, 0x54, 0x84, 0x13, 0x7c, 0xd3, 0x73, 0xd2, 0x6b,
    0x13, 0x74, 0x32, 0x5b, 0x4f, 0x3a, 0x70, 0x42, 0x90, 0x42, 0x0e, 0x63,
    0xee, 0x8b, 0x46, 0x29, 0xa6, 0x18, 0xa6, 0x18, 0x86, 0x18, 0x09, 0x31,
    0xab, 0x39, 0xcd, 0x31, 0x70, 0x4a, 0x90, 0x4a, 0x2f, 0x42, 0x53, 0x9c,
    0x10, 0x94, 0x71, 0xa4, 0xd3, 0xac, 0xeb, 0x41, 0x2c, 0x4a, 0x90, 0x73,
    0x51, 0x94, 0x72, 0x9c, 0x10, 0x8c, 0xf0, 0x83, 0x58, 0x9d, 0x75, 0x7c,
    0x55, 0x7c, 0x18, 0x95, 0xd6, 0x8c, 0x2c, 0x42, 0x0b, 0x3a, 0xd0, 0x5a,
    0x8e, 0x4a, 0x8f, 0x4a, 0x4d, 0x4a, 0x8d, 0x52, 0x29, 0x42, 0x4c, 0x4a,
    0x6d, 0x4a, 0x4a, 0x42, 0x09, 0x42, 0x09, 0x42, 0x49, 0x42, 0x4a, 0x42,
    0x6a, 0x4a, 0x6a, 0x4a, 0x6a, 0x42, 0x6b, 0x4a, 0x8b, 0x4a, 0x8b, 0x4a,
    0xac, 0x4a, 0xab, 0x4a, 0xac, 0x52, 0xac, 0x52, 0xac, 0x4a, 0xac, 0x52,
    0xcc, 0x52, 0xac, 0x52, 0xac, 0x52, 0xab, 0x4a, 0xac, 0x52, 0xac, 0x52,
    0xab, 0x4a, 0x8b, 0x4a, 0xf0, 0x73, 0x59, 0xc6, 0x18, 0xb6, 0x18, 0xb6,
    0x17, 0xb6, 0x18, 0xb6, 0x18, 0xb6, 0x17, 0xb6, 0x17, 0xb6, 0x18, 0xb6,
    0x17, 0xb6, 0x17, 0xb6, 0x17, 0xb6, 0x18, 0xb6, 0xf7, 0xb5, 0x18, 0xb6,
    0x18, 0xb6, 0xf8, 0xb5, 0x17, 0xb6, 0x18, 0xb6, 0xf7, 0xb5, 0x17, 0xb6,
    0x18, 0xb6, 0x17, 0xb6, 0x18, 0xb6, 0x93, 0x84, 0x0d, 0x63, 0x2e, 0x63,
    0x2e, 0x6b, 0x2e, 0x6b, 0x2e, 0x63, 0x4e, 0x6b, 0x2e, 0x6b, 0x35, 0xa5,
    0xf0, 0x7b, 0xd0, 0x7b, 0xd0, 0x7b, 0xf0, 0x7b, 0x10, 0x84, 0x11, 0x84,
    0x11, 0x84, 0x11, 0x84, 0x11, 0x84, 0x11, 0x84, 0x10, 0x84, 0xaf, 0x7b,
    0xaf, 0x73, 0xd0, 0x73, 0xf0, 0x7b, 0x10, 0x7c, 0xf0, 0x7b, 0xf0, 0x7b,
    0xd0, 0x7b, 0x8f, 0x73, 0x8f, 0x6b, 0x6f, 0x63, 0x6f, 0x6b, 0x8f, 0x6b,
    0xd0, 0x6b, 0xf0, 0x6b, 0xd0, 0x6b, 0xaf, 0x6b, 0x8f, 0x6b, 0xcf, 0x73,
    0xd0, 0x7b, 0xb0, 0x73, 0x90, 0x73, 0x90, 0x73, 0x90, 0x73, 0xb0, 0x73,
    0xb0, 0x73, 0xb0, 0x73, 0xb0, 0x73, 0xaf, 0x73, 0x8f, 0x73, 0x8f, 0x73,
    0x8f, 0x73, 0x8f, 0x73, 0xb0, 0x73, 0x3d, 0xef, 0x9d, 0xef, 0xbe, 0xf7,
    0x51, 0x84, 0xcb, 0x52, 0xec, 0x5a, 0xec, 0x5a, 0x8b, 0x4a, 0x78, 0xce,
    0xda, 0xde, 0x1c, 0xe7, 0x1b, 0xe7, 0x59, 0xce, 0x49, 0x4a, 0x38, 0xc6,
    0x1b, 0xe7, 0x96, 0xb5, 0x31, 0x84, 0x1c, 0xe7, 0x9a, 0xd6, 0x59, 0xce,
    0x28, 0x42, 0x69, 0x52, 0x1c, 0xe7, 0xfb, 0xe6, 0x1b, 0xe7, 0x5c, 0xef,
    0x7d, 0xf7, 0x5c, 0xef, 0x5c, 0xef, 0x96, 0xb5, 0xfc, 0xe6, 0x10, 0x84,
    0xda, 0xde, 0x9a, 0xd6, 0xba, 0xd6, 0xfb, 0xe6, 0xcb, 0x5a, 0x0f, 0x84,
    0x3c, 0xe7, 0xdb, 0xde, 0xdb, 0xde, 0xdb, 0xde, 0xdb, 0xde, 0xdb, 0xde,
    0xba, 0xde, 0x79, 0xce, 0x38, 0xc6, 0x18, 0xc6, 0x18, 0xc6, 0x38, 0xc6,
    0x38, 0xc6, 0x79, 0xce, 0x79, 0xce, 0x79, 0xd6, 0x9a, 0xd6, 0xba, 0xd6,
    0xda, 0xde, 0xbb, 0xde, 0xdb, 0xde, 0xdb, 0xde, 0xda, 0xde, 0xdb, 0xde,
    0xba, 0xde, 0xda, 0xde, 0xba, 0xd6, 0xba, 0xd6, 0x9a, 0xd6, 0x7a, 0xd6,
    0x79, 0xce, 0x59, 0xce, 0x59, 0xce, 0x58, 0xce, 0x59, 0xc6, 0x59, 0xce,
    0x79, 0xce, 0x38, 0xce, 0x38, 0xce, 0x59, 0xce, 0x59, 0xce, 0x59, 0xce,
    0x79, 0xd6, 0x79, 0xd6, 0x79, 0xce, 0x79, 0xce, 0x79, 0xce, 0x7a, 0xd6,
    0x9a, 0xd6, 0xba, 0xd6, 0xba, 0xd6, 0xba, 0xd6, 0xba, 0xd6, 0xba, 0xd6,
    0x9a, 0xd6, 0x79, 0xce, 0x18, 0xc6, 0x17, 0xbe, 0x17, 0xbe, 0xf7, 0xbd,
    0x58, 0xce, 0x9d, 0xf7, 0xd6, 0xc5, 0xd5, 0xc5, 0xd6, 0xc5, 0xb5, 0xc5,
    0xb5, 0xc5, 0x95, 0xbd, 0x75, 0xbd, 0x54, 0xbd, 0x95, 0xc5, 0xb6, 0xc5,
    0xba, 0xde, 0xfb, 0xde, 0xdb, 0xde, 0x9a, 0xd6, 0x59, 0xc6, 0x58, 0xc6,
    0x59, 0xc6, 0x38, 0xc6, 0x18, 0xbe, 0x18, 0xbe, 0x18, 0xbe, 0xf8, 0xb5,
    0x18, 0xb6, 0x18, 0xbe, 0xf8, 0xb5, 0xb7, 0xad, 0xf7, 0xad, 0x39, 0xbe,
    0x18, 0xb6, 0x96, 0xa5, 0x75, 0xa5, 0x75, 0x9d, 0x35, 0x95, 0x58, 0xde,
    0xd6, 0xcd, 0xf6, 0xc5, 0xf6, 0xcd, 0x17, 0xc6, 0x17, 0xce, 0x17, 0xce,
    0xf6, 0xc5, 0xd6, 0xc5, 0xb5, 0xc5, 0x95, 0xc5, 0x74, 0xbd, 0x34, 0xbd,
    0x13, 0xbd, 0xf3, 0xb4, 0xd2, 0xac, 0xb3, 0x94, 0xd0, 0x73, 0xf1, 0x73,
    0xd0, 0x73, 0xd0, 0x73, 0xf1, 0x73, 0xd0, 0x6b, 0xd1, 0x73, 0x29, 0x42,
    0x29, 0x42, 0x29, 0x42, 0x09, 0x42, 0x09, 0x42, 0x29, 0x42, 0x08, 0x42,
    0xe8, 0x39, 0x0d, 0x63, 0x98, 0xad, 0x37, 0x9d, 0x95, 0x8c, 0x34, 0x7c,
    0x75, 0x84, 0xd6, 0x8c, 0xd5, 0x8c, 0xf3, 0x73, 0xb1, 0x4a, 0xd1, 0x4a,
    0x90, 0x42, 0xee, 0x62, 0xcd, 0x83, 0x6a, 0x52, 0xc5, 0x18, 0xa8, 0x39,
    0xed, 0x62, 0xac, 0x31, 0x2e, 0x3a, 0x32, 0x63, 0x70, 0x42, 0xb0, 0x52,
    0x8b, 0x31, 0x72, 0xa4, 0x72, 0xa4, 0xab, 0x62, 0xd2, 0xa4, 0x51, 0x6b,
    0xd3, 0x73, 0x76, 0x84, 0x96, 0x8c, 0x93, 0x9c, 0xf2, 0x83, 0x58, 0x95,
    0x18, 0x8d, 0x34, 0x74, 0x18, 0x8d, 0x99, 0x9d, 0x95, 0x84, 0x2c, 0x42,
    0x2c, 0x42, 0xf0, 0x5a, 0x8f, 0x4a, 0x8e, 0x4a, 0x4c, 0x4a, 0x2b, 0x42,
    0x29, 0x42, 0x4c, 0x4a, 0x4b, 0x4a, 0x4a, 0x4a, 0x29, 0x42, 0x4a, 0x4a,
    0x49, 0x4a, 0x4a, 0x42, 0x4a, 0x4a, 0x4a, 0x4a, 0x6b, 0x4a, 0x6b, 0x4a,
    0x8b, 0x4a, 0x8b, 0x4a, 0x8b, 0x4a, 0xac, 0x52, 0xac, 0x52, 0xcc, 0x4a,
    0xab, 0x52, 0xac, 0x52, 0xcc, 0x4a, 0xac, 0x52, 0xac, 0x4a, 0xac, 0x52,
    0xac, 0x52, 0xac, 0x52, 0x8b, 0x4a, 0x0d, 0x5b, 0x59, 0xc6, 0x17, 0xb6,
    0x18, 0xb6, 0x17, 0xb6, 0xf7, 0xb5, 0x18, 0xb6, 0x18, 0xb6, 0xf7, 0xb5,
    0x18, 0xb6, 0x18, 0xb6, 0xf7, 0xb5, 0x17, 0xb6, 0x18, 0xb6, 0x17, 0xb6,
    0xf7, 0xb5, 0x17, 0xb6, 0x18, 0xb6, 0x17, 0xb6, 0x18, 0xb6, 0xf8, 0xb5,
    0x17, 0xb6, 0x18, 0xb6, 0x18, 0xb6, 0x17, 0xb6, 0x18, 0xb6, 0x93, 0x84,
    0x2e, 0x63, 0x2e, 0x63, 0x0e, 0x63, 0x2e, 0x6b, 0x2e, 0x63, 0x4e, 0x6b,
    0x2e, 0x63, 0x11, 0x84, 0xaf, 0x73, 0xd0, 0x7b, 0xf0, 0x7b, 0x10, 0x84,
    0x11, 0x84, 0x10, 0x84, 0x31, 0x84, 0x31, 0x84, 0x10, 0x84, 0x10, 0x84,
    0xf0, 0x7b, 0xf0, 0x7b, 0xd0, 0x7b, 0xf0, 0x7b, 0xf0, 0x83, 0xf0, 0x83,
    0xf0, 0x7b, 0xd0, 0x7b, 0x6e, 0x6b, 0x8f, 0x6b, 0x6f, 0x6b, 0x8f, 0x6b,
    0x6e, 0x63, 0xaf, 0x6b, 0xd0, 0x6b, 0xd0, 0x6b, 0xaf, 0x63, 0xaf, 0x6b,
    0x8f, 0x6b, 0xd0, 0x7b, 0xb0, 0x73, 0x8f, 0x73, 0x90, 0x73, 0xb0, 0x73,
    0x8f, 0x73, 0x90, 0x73, 0xb0, 0x73, 0xb0, 0x73, 0x90, 0x73, 0x90, 0x73,
    0x90, 0x73, 0x90, 0x6b, 0x8f, 0x73, 0x4e, 0x63, 0x56, 0xad, 0x5c, 0xe7,
    0x1c, 0xe7, 0x7d, 0xef, 0x31, 0x84, 0xcb, 0x52, 0xec, 0x5a, 0xec, 0x5a,
    0x8b, 0x4a, 0x59, 0xd6, 0xda, 0xde, 0x1c, 0xe7, 0x1b, 0xe7, 0x18, 0xc6,
    0x49, 0x4a, 0x38, 0xc6, 0x7d, 0xf7, 0x55, 0xad, 0x6d, 0x6b, 0x7d, 0xf7,
    0xfb, 0xe6, 0x79, 0xd6, 0x28, 0x42, 0x69, 0x52, 0x3d, 0xe7, 0x5d, 0xef,
    0x5c, 0xef, 0x3c, 0xef, 0x7d, 0xef, 0x9e, 0xf7, 0x7d, 0xef, 0x96, 0xb5,
    0x7d, 0xf7, 0x79, 0xd6, 0xdb, 0xde, 0xdb, 0xde, 0xfb, 0xde, 0x3c, 0xe7,
    0xcb, 0x5a, 0xae, 0x7b, 0x3c, 0xef, 0xdb, 0xde, 0xdb, 0xde, 0xda, 0xde,
    0xda, 0xde, 0xbb, 0xde, 0xba, 0xd6, 0x59, 0xce, 0x38, 0xc6, 0x18, 0xc6,
    0x38, 0xc6, 0x18, 0xc6, 0x38, 0xce, 0x79, 0xce, 0x79, 0xce, 0x9a, 0xd6,
    0x9a, 0xd6, 0xba, 0xde, 0xdb, 0xde, 0xdb, 0xde, 0xdb, 0xde, 0xda, 0xde,
    0xdb, 0xde, 0xdb, 0xde, 0xdb, 0xde, 0xba, 0xd6, 0xda, 0xde, 0xba, 0xd6,
    0x9a, 0xd6, 0x79, 0xce, 0x79, 0xce, 0x59, 0xce, 0x58, 0xce, 0x58, 0xc6,
    0x38, 0xc6, 0x38, 0xce, 0x38, 0xc6, 0x39, 0xce, 0x38, 0xc6, 0x59, 0xce,
    0x59, 0xce, 0x59, 0xce, 0x59, 0xce, 0x79, 0xd6, 0x59, 0xce, 0x59, 0xce,
    0x79, 0xce, 0x7a, 0xd6, 0x9a, 0xd6, 0xba, 0xd6, 0x9a, 0xd6, 0x79, 0xce,
    0x79, 0xce, 0x79, 0xce, 0x59, 0xce, 0x38, 0xc6, 0x18, 0xc6, 0x18, 0xbe,
    0xf7, 0xbd, 0xf7, 0xc5, 0x9d, 0xff, 0x17, 0xce, 0xd6, 0xc5, 0xb5, 0xc5,
    0xb5, 0xc5, 0xb5, 0xc5, 0x95, 0xbd, 0x75, 0xbd, 0x54, 0xbd, 0xb6, 0xc5,
    0xd7, 0xc5, 0xdb, 0xde, 0xdb, 0xde, 0xdb, 0xde, 0xdb, 0xde, 0xba, 0xde,
    0x59, 0xc6, 0x38, 0xbe, 0x18, 0xc6, 0x18, 0xbe, 0x18, 0xbe, 0x18, 0xbe,
    0xf8, 0xbd, 0xd7, 0xad, 0xb7, 0xa5, 0xd7, 0xad, 0xb7, 0xad, 0xb7, 0xa5,
    0xd7, 0xad, 0x18, 0xbe, 0xf8, 0xb5, 0x96, 0xa5, 0x76, 0x9d, 0x76, 0x9d,
    0x56, 0x9d, 0xb6, 0xbd, 0x78, 0xe6, 0xd6, 0xc5, 0xf6, 0xcd, 0x16, 0xc6,
    0x17, 0xc6, 0x17, 0xce, 0x17, 0xc6, 0xd6, 0xc5, 0xb6, 0xc5, 0xb5, 0xc5,
    0x75, 0xbd, 0x54, 0xbd, 0x33, 0xbd, 0x13, 0xb5, 0xf2, 0xb4, 0xd7, 0xc5,
    0xd3, 0x9c, 0xd0, 0x73, 0xf1, 0x73, 0xd0, 0x73, 0xd0, 0x73, 0xd0, 0x73,
    0xf0, 0x73, 0x49, 0x42, 0x49, 0x42, 0x29, 0x42, 0x29, 0x42, 0x29, 0x42,
    0x29, 0x42, 0x08, 0x42, 0x09, 0x42, 0xe7, 0x39, 0x6b, 0x4a, 0x12, 0x7c,
    0xd5, 0x8c, 0x57, 0x9d, 0x98, 0xa5, 0x57, 0x9d, 0xf6, 0x8c, 0x95, 0x84,
    0xd3, 0x6b, 0xd0, 0x52, 0x2e, 0x3a, 0x0d, 0x3a, 0x8d, 0x83, 0xae, 0x7b,
    0xae, 0x7b, 0xee, 0x8b, 0xcd, 0x5a, 0x70, 0x42, 0xf1, 0x52, 0x53, 0x63,
    0x4f, 0x42, 0xcd, 0x31, 0xaa, 0x31, 0x72, 0xa4, 0xd3, 0xac, 0xe4, 0x20,
    0x50, 0x94, 0xb1, 0x7b, 0xb6, 0x8c, 0x18, 0x95, 0x17, 0x8d, 0xb5, 0x84,
    0x99, 0x9d, 0xb9, 0x9d, 0xb6, 0x84, 0x75, 0x7c, 0xba, 0x9d, 0xda, 0x9d,
    0x70, 0x63, 0x4c, 0x4a, 0x6d, 0x4a, 0xf0, 0x52, 0x8e, 0x4a, 0x6e, 0x4a,
    0x4c, 0x4a, 0x2a, 0x42, 0x2a, 0x42, 0x6b, 0x4a, 0xac, 0x52, 0x8c, 0x52,
    0xab, 0x52, 0x4a, 0x4a, 0x4a, 0x42, 0x4a, 0x4a, 0x4a, 0x42, 0x6b, 0x4a,
    0x6b, 0x4a, 0x6b, 0x4a, 0x8b, 0x4a, 0x8b, 0x52, 0x8b, 0x4a, 0xab, 0x4a,
    0xac, 0x52, 0xac, 0x52, 0xab, 0x4a, 0xac, 0x52, 0xab, 0x4a, 0xab, 0x52,
    0xac, 0x52, 0xac, 0x4a, 0xab, 0x4a, 0xab, 0x4a, 0xab, 0x4a, 0x18, 0xbe,
    0x18, 0xb6, 0x18, 0xb6, 0x17, 0xb6, 0x18, 0xb6, 0x17, 0xb6, 0xf7, 0xb5,
    0xf8, 0xb5, 0xf7, 0xb5, 0x18, 0xb6, 0x17, 0xb6, 0xf7, 0xb5, 0x17, 0xb6,
    0x17, 0xb6, 0xf7, 0xb5, 0x18, 0xb6, 0x18, 0xb6, 0xf7, 0xb5, 0x17, 0xb6,
    0x18, 0xb6, 0x17, 0xb6, 0x17, 0xb6, 0x18, 0xb6, 0xf7, 0xb5, 0x18, 0xb6,
    0x18, 0xb6, 0x93, 0x84, 0x2e, 0x6b, 0x2e, 0x6b, 0x4e, 0x6b, 0x2e, 0x63,
    0x2e, 0x63, 0x4e, 0x6b, 0x4f, 0x6b, 0x4f, 0x6b, 0x8f, 0x73, 0xf0, 0x7b,
    0x10, 0x84, 0x11, 0x84, 0x11, 0x84, 0x31, 0x84, 0x31, 0x84, 0x11, 0x84,
    0x10, 0x84, 0x11, 0x84, 0x11, 0x84, 0x10, 0x84, 0x10, 0x84, 0x10, 0x84,
    0x10, 0x84, 0xf0, 0x83, 0xf0, 0x7b, 0xaf, 0x73, 0x6e, 0x6b, 0x8f, 0x6b,
    0x8f, 0x73, 0x8f, 0x6b, 0x6f, 0x63, 0x8f, 0x63, 0xaf, 0x6b, 0x8f, 0x63,
    0x8f, 0x6b, 0x8f, 0x73, 0xcf, 0x7b, 0xd0, 0x7b, 0xb0, 0x73, 0xb0, 0x73,
    0x8f, 0x73, 0xb0, 0x73, 0xb0, 0x73, 0xb0, 0x73, 0xb0, 0x73, 0xb0, 0x73,
    0xb0, 0x73, 0xb0, 0x73, 0x90, 0x73, 0x8f, 0x73, 0x4f, 0x6b, 0x53, 0x84,
    0x76, 0xad, 0x3c, 0xe7, 0x1b, 0xdf, 0x7c, 0xef, 0x31, 0x84, 0xcc, 0x52,
    0xec, 0x5a, 0xec, 0x5a, 0xab, 0x52, 0x78, 0xce, 0xba, 0xde, 0x1b, 0xe7,
    0x5c, 0xef, 0xb2, 0x94, 0xeb, 0x5a, 0x0c, 0x63, 0xec, 0x62, 0x8a, 0x52,
    0x49, 0x4a, 0xcb, 0x5a, 0xcb, 0x5a, 0xcb, 0x5a, 0xeb, 0x62, 0xeb, 0x62,
    0xec, 0x62, 0xeb, 0x5a, 0x6a, 0x52, 0x4a, 0x52, 0xcb, 0x5a, 0x2c, 0x6b,
    0x71, 0x8c, 0x92, 0x94, 0xb6, 0xb5, 0x96, 0xb5, 0x96, 0xb5, 0x55, 0xad,
    0xb2, 0x94, 0xef, 0x83, 0x0c, 0x63, 0x2c, 0x63, 0x3c, 0xef, 0xdb, 0xde,
    0xdb, 0xde, 0xda, 0xde, 0xdb, 0xde, 0xdb, 0xde, 0x9a, 0xd6, 0x59, 0xce,
    0x38, 0xc6, 0x17, 0xc6, 0x38, 0xc6, 0x38, 0xc6, 0x38, 0xce, 0x79, 0xce,
    0x79, 0xd6, 0x9a, 0xd6, 0xba, 0xd6, 0xda, 0xde, 0xdb, 0xde, 0xda, 0xde,
    0xba, 0xde, 0xdb, 0xde, 0xda, 0xde, 0xdb, 0xde, 0xda, 0xd6, 0xbb, 0xd6,
    0xba, 0xd6, 0x9a, 0xd6, 0x99, 0xd6, 0x79, 0xce, 0x79, 0xce, 0x59, 0xce,
    0x59, 0xce, 0x38, 0xc6, 0x59, 0xce, 0x38, 0xc6, 0x38, 0xce, 0x38, 0xc6,
    0x39, 0xce, 0x59, 0xce, 0x59, 0xce, 0x59, 0xce, 0x79, 0xce, 0x79, 0xce,
    0x59, 0xce, 0x59, 0xce, 0x79, 0xce, 0x99, 0xd6, 0x9a, 0xd6, 0x9a, 0xd6,
    0x59, 0xce, 0x38, 0xc6, 0x38, 0xc6, 0x38, 0xc6, 0x18, 0xc6, 0x18, 0xc6,
    0x17, 0xbe, 0x17, 0xbe, 0xf7, 0xbd, 0x7c, 0xf7, 0x37, 0xd6, 0xb5, 0xc5,
    0xb5, 0xc5, 0xb5, 0xc5, 0xb5, 0xc5, 0x95, 0xbd, 0x75, 0xbd, 0x54, 0xbd,
    0xb6, 0xc5, 0x18, 0xc6, 0xfc, 0xe6, 0xfb, 0xde, 0xfb, 0xde, 0xdb, 0xde,
    0xdb, 0xde, 0xda, 0xde, 0x59, 0xce, 0x38, 0xc6, 0x18, 0xbe, 0x18, 0xbe,
    0x18, 0xbe, 0x18, 0xbe, 0x18, 0xbe, 0xb7, 0xad, 0x96, 0xa5, 0x76, 0x9d,
    0x76, 0x9d, 0x76, 0xa5, 0xb7, 0xa5, 0xd7, 0xad, 0x97, 0xa5, 0x76, 0x9d,
    0x76, 0x9d, 0x56, 0x9d, 0x35, 0x95, 0xf4, 0x94, 0xda, 0xee, 0x16, 0xce,
    0xf6, 0xc5, 0x16, 0xc6, 0x17, 0xce, 0x17, 0xce, 0x17, 0xc6, 0xf6, 0xcd,
    0xd6, 0xc5, 0xb5, 0xc5, 0x95, 0xc5, 0x74, 0xbd, 0x54, 0xbd, 0x33, 0xb5,
    0xf3, 0xb4, 0x96, 0xbd, 0xf4, 0xa4, 0xf1, 0x7b, 0xd0, 0x73, 0xf1, 0x73,
    0xf1, 0x73, 0xd0, 0x6b, 0xd0, 0x73, 0x4a, 0x4a, 0x49, 0x4a, 0x49, 0x42,
    0x29, 0x42, 0x29, 0x42, 0x29, 0x42, 0x29, 0x42, 0x08, 0x42, 0x09, 0x42,
    0xe8, 0x39, 0xa7, 0x31, 0xac, 0x52, 0xf9, 0xb5, 0x77, 0xa5, 0x16, 0x95,
    0x95, 0x84, 0x74, 0x84, 0x37, 0x95, 0x95, 0x84, 0x13, 0x7c, 0x71, 0x63,
    0x0f, 0x5b, 0xef, 0x8b, 0xb1, 0xa4, 0xd2, 0xa4, 0xaf, 0x4a, 0xd0, 0x52,
    0xf1, 0x52, 0x11, 0x53, 0xed, 0x39, 0x6a, 0x21, 0xeb, 0x39, 0xb0, 0x83,
    0x52, 0x9c, 0xe8, 0x41, 0x6d, 0x7b, 0x73, 0x8c, 0xdb, 0xa5, 0xba, 0x9d,
    0x78, 0x9d, 0xda, 0xa5, 0x1b, 0xae, 0x79, 0x95, 0xb6, 0x7c, 0x58, 0x95,
    0xda, 0x9d, 0xfa, 0xa5, 0x8d, 0x4a, 0x6d, 0x4a, 0x8d, 0x4a, 0xf0, 0x52,
    0x8f, 0x4a, 0x6d, 0x4a, 0x4b, 0x4a, 0x2a, 0x42, 0x2a, 0x42, 0x4a, 0x42,
    0x4a, 0x42, 0x4a, 0x42, 0x4a, 0x42, 0x49, 0x42, 0x49, 0x4a, 0x4a, 0x4a,
    0x4a, 0x42, 0x6a, 0x4a, 0x6a, 0x4a, 0x6b, 0x4a, 0x6b, 0x4a, 0x8b, 0x52,
    0x8b, 0x4a, 0x8b, 0x4a, 0xac, 0x4a, 0xab, 0x52, 0xac, 0x4a, 0xac, 0x4a,
    0xac, 0x52, 0xac, 0x52, 0xac, 0x52, 0xac, 0x4a, 0xac, 0x52, 0xab, 0x4a,
    0xf8, 0xb5, 0x18, 0xbe, 0x17, 0xb6, 0x17, 0xb6, 0xf8, 0xb5, 0x18, 0xb6,
    0x17, 0xb6, 0x18, 0xb6, 0x17, 0xb6, 0x18, 0xb6, 0x17, 0xb6, 0x17, 0xb6,
    0x18, 0xb6, 0x17, 0xb6, 0x17, 0xb6, 0xf7, 0xb5, 0x18, 0xb6, 0x18, 0xb6,
    0x17, 0xb6, 0xf8, 0xb5, 0x17, 0xb6, 0xf8, 0xb5, 0x18, 0xb6, 0xf7, 0xb5,
    0x17, 0xb6, 0x18, 0xb6, 0x18, 0xb6, 0x93, 0x84, 0x2e, 0x63, 0x2e, 0x6b,
    0x2e, 0x63, 0x2e, 0x63, 0x2e, 0x6b, 0x2e, 0x63, 0x4f, 0x6b, 0x6f, 0x6b,
    0xb0, 0x73, 0xf0, 0x83, 0x11, 0x84, 0x31, 0x84, 0x31, 0x84, 0x31, 0x8c,
    0x31, 0x84, 0x31, 0x84, 0x31, 0x84, 0x31, 0x84, 0x31, 0x84, 0x31, 0x84,
    0x11, 0x84, 0x11, 0x84, 0x11, 0x84, 0x11, 0x84, 0xf0, 0x7b, 0x4e, 0x6b,
    0x6e, 0x6b, 0x6e, 0x6b, 0x8f, 0x6b, 0xb0, 0x73, 0x8f, 0x6b, 0x8f, 0x6b,
    0xaf, 0x6b, 0xaf, 0x73, 0xaf, 0x73, 0xcf, 0x7b, 0xcf, 0x7b, 0xd0, 0x7b,
    0xb0, 0x73, 0xaf, 0x73, 0xb0, 0x73, 0xb0, 0x73, 0xb0, 0x73, 0x90, 0x73,
    0x8f, 0x73, 0x90, 0x73, 0x8f, 0x73, 0xb0, 0x73, 0x8f, 0x73, 0x6f, 0x6b,
    0x11, 0x7c, 0xb4, 0x94, 0x56, 0xa5, 0xfb, 0xde, 0xfb, 0xde, 0x5c, 0xe7,
    0x30, 0x84, 0xcc, 0x52, 0xec, 0x5a, 0xec, 0x5a, 0xab, 0x4a, 0x78, 0xce,
    0xba, 0xde, 0x1c, 0xe7, 0x3c, 0xe7, 0x14, 0xa5, 0xaa, 0x52, 0x96, 0xb5,
    0x9d, 0xf7, 0xf3, 0x9c, 0xcb, 0x5a, 0x9e, 0xf7, 0x5d, 0xef, 0x9a, 0xd6,
    0xeb, 0x5a, 0x0c, 0x63, 0xb6, 0xb5, 0x08, 0x42, 0x75, 0xad, 0x96, 0xb5,
    0x49, 0x4a, 0x9a, 0xd6, 0x72, 0x94, 0x08, 0x42, 0xdb, 0xde, 0xfb, 0xe6,
    0x3c, 0xe7, 0x5d, 0xef, 0x7d, 0xf7, 0x9e, 0xf7, 0x14, 0xa5, 0x72, 0x94,
    0x3c, 0xe7, 0xda, 0xde, 0xdb, 0xde, 0xdb, 0xde, 0xda, 0xde, 0xba, 0xde,
    0x9a, 0xd6, 0x58, 0xce, 0x38, 0xc6, 0x18, 0xc6, 0x38, 0xc6, 0x38, 0xc6,
    0x38, 0xc6, 0x79, 0xce, 0xba, 0xd6, 0xba, 0xd6, 0xba, 0xde, 0xdb, 0xde,
    0xdb, 0xde, 0xfb, 0xde, 0xdb, 0xde, 0xdb, 0xd6, 0xdb, 0xd6, 0xda, 0xde,
    0xba, 0xde, 0xba, 0xd6, 0xba, 0xd6, 0x9a, 0xd6, 0x79, 0xd6, 0x79, 0xce,
    0x79, 0xce, 0x59, 0xce, 0x58, 0xce, 0x39, 0xce, 0x58, 0xc6, 0x59, 0xce,
    0x39, 0xc6, 0x38, 0xce, 0x59, 0xce, 0x59, 0xce, 0x59, 0xce, 0x79, 0xce,
    0x79, 0xd6, 0x59, 0xce, 0x59, 0xce, 0x79, 0xce, 0x79, 0xd6, 0x9a, 0xd6,
    0x9a, 0xd6, 0x58, 0xce, 0x38, 0xc6, 0x18, 0xc6, 0x18, 0xc6, 0x18, 0xc6,
    0x18, 0xbe, 0x17, 0xbe, 0x17, 0xbe, 0xd7, 0xbd, 0x3b, 0xef, 0xda, 0xe6,
    0xb5, 0xbd, 0xb5, 0xc5, 0xb5, 0xc5, 0xb5, 0xbd, 0x95, 0xbd, 0x75, 0xbd,
    0x75, 0xb5, 0xb6, 0xbd, 0x38, 0xce, 0xfb, 0xde, 0xfb, 0xde, 0xdb, 0xde,
    0xdb, 0xde, 0xdb, 0xde, 0xdb, 0xde, 0xdb, 0xde, 0x79, 0xce, 0x39, 0xc6,
    0x18, 0xc6, 0x18, 0xbe, 0x18, 0xbe, 0x18, 0xbe, 0x17, 0xbe, 0xd7, 0xb5,
    0x96, 0xa5, 0x76, 0x9d, 0x76, 0x9d, 0x55, 0x9d, 0x56, 0x9d, 0x76, 0xa5,
    0x76, 0xa5, 0x76, 0x9d, 0x76, 0x9d, 0x56, 0x9d, 0x55, 0x95, 0xb3, 0x84,
    0xd7, 0xc5, 0xb9, 0xee, 0xf6, 0xc5, 0x16, 0xc6, 0x17, 0xce, 0x17, 0xce,
    0x16, 0xc6, 0xf6, 0xcd, 0xf6, 0xc5, 0xb6, 0xc5, 0x95, 0xc5, 0x74, 0xbd,
    0x54, 0xbd, 0x33, 0xbd, 0x13, 0xb5, 0xf3, 0xac, 0x7d, 0xf7, 0xda, 0xde,
    0x31, 0x84, 0x11, 0x7c, 0x52, 0x84, 0xf1, 0x73, 0xf0, 0x73, 0x4a, 0x42,
    0x49, 0x42, 0x29, 0x42, 0x29, 0x42, 0x29, 0x42, 0x29, 0x42, 0x29, 0x42,
    0x29, 0x42, 0x29, 0x42, 0x29, 0x42, 0x29, 0x42, 0xa7, 0x31, 0xf5, 0x94,
    0x37, 0x9d, 0x37, 0x9d, 0x74, 0x7c, 0x74, 0x84, 0xb5, 0x84, 0x75, 0x84,
    0xd6, 0x8c, 0xb6, 0x84, 0x78, 0xa5, 0x33, 0x7c, 0xb0, 0x73, 0x30, 0x63,
    0xef, 0x52, 0xf0, 0x52, 0x92, 0x63, 0xb3, 0x6b, 0x4a, 0x21, 0xcc, 0x31,
    0x4d, 0x3a, 0x4d, 0x42, 0x0c, 0x42, 0x6f, 0x73, 0xcf, 0x83, 0x33, 0x7c,
    0x9a, 0xa5, 0x3c, 0xae, 0xfa, 0xa5, 0x1b, 0xae, 0x1b, 0xae, 0x79, 0x95,
    0x17, 0x8d, 0x3b, 0xae, 0x99, 0x9d, 0xb9, 0x9d, 0x0b, 0x42, 0x8d, 0x52,
    0xae, 0x52, 0xcf, 0x52, 0xaf, 0x52, 0x6e, 0x4a, 0x4b, 0x4a, 0x2a, 0x42,
    0x4a, 0x4a, 0x4a, 0x4a, 0x29, 0x42, 0x29, 0x42, 0x29, 0x4a, 0x4a, 0x42,
    0x4a, 0x4a, 0x4a, 0x42, 0x4a, 0x4a, 0x4a, 0x4a, 0x6b, 0x4a, 0x6a, 0x4a,
    0x6b, 0x4a, 0x8b, 0x4a, 0x8b, 0x52, 0x8b, 0x4a, 0x8b, 0x4a, 0x8c, 0x52,
    0xab, 0x4a, 0xac, 0x52, 0xab, 0x4a, 0xab, 0x4a, 0xac, 0x52, 0xac, 0x52,
    0x6b, 0x4a, 0xb6, 0xad, 0x18, 0xb6, 0xf7, 0xb5, 0x17, 0xb6, 0x18, 0xb6,
    0x17, 0xb6, 0xf7, 0xb5, 0x18, 0xb6, 0x18, 0xb6, 0x17, 0xb6, 0x18, 0xb6,
    0xf8, 0xb5, 0x17, 0xb6, 0xf8, 0xb5, 0x17, 0xb6, 0x18, 0xb6, 0x17, 0xb6,
    0x17, 0xb6, 0x18, 0xb6, 0x17, 0xb6, 0x18, 0xb6, 0x17, 0xb6, 0x17, 0xb6,
    0x18, 0xb6, 0xba, 0xd6, 0xf7, 0xb5, 0x18, 0xb6, 0x18, 0xb6, 0x93, 0x84,
    0x4f, 0x6b, 0x4e, 0x6b, 0x2f, 0x63, 0x4f, 0x6b, 0x4e, 0x6b, 0x4f, 0x6b,
    0x4f, 0x6b, 0x6f, 0x6b, 0xb0, 0x73, 0x10, 0x84, 0x11, 0x84, 0x31, 0x84,
    0x31, 0x84, 0x31, 0x8c, 0x31, 0x8c, 0x31, 0x84, 0x31, 0x8c, 0x31, 0x8c,
    0x31, 0x84, 0x31, 0x84, 0x31, 0x84, 0x31, 0x84, 0x31, 0x84, 0x10, 0x84,
    0xd0, 0x7b, 0x6e, 0x6b, 0x6e, 0x6b, 0x6e, 0x6b, 0x6f, 0x6b, 0xaf, 0x6b,
    0x8f, 0x6b, 0x8f, 0x6b, 0xaf, 0x73, 0xd0, 0x7b, 0xd0, 0x7b, 0xd0, 0x7b,
    0xd0, 0x7b, 0xcf, 0x7b, 0xd0, 0x7b, 0xb0, 0x73, 0xb0, 0x73, 0xb0, 0x73,
    0xb0, 0x73, 0xb0, 0x73, 0xb0, 0x73, 0x8f, 0x73, 0x90, 0x73, 0xb0, 0x73,
    0xb0, 0x73, 0xb0, 0x73, 0xd4, 0x94, 0x93, 0x8c, 0x36, 0xa5, 0xda, 0xd6,
    0xda, 0xd6, 0x3b, 0xdf, 0x10, 0x7c, 0xec, 0x52, 0x0c, 0x5b, 0xec, 0x5a,
    0xab, 0x4a, 0x59, 0xd6, 0xba, 0xd6, 0x1b, 0xe7, 0x3c, 0xe7, 0x55, 0xad,
    0x8a, 0x52, 0x96, 0xb5, 0x5c, 0xef, 0x39, 0xce, 0x31, 0x84, 0x3c, 0xef,
    0xfb, 0xe6, 0x59, 0xce, 0xcb, 0x5a, 0x4d, 0x6b, 0xab, 0x5a, 0x0c, 0x63,
    0xae, 0x73, 0xcf, 0x7b, 0xcb, 0x5a, 0x2c, 0x6b, 0xb3, 0x9c, 0xa7, 0x39,
    0x7a, 0xd6, 0x9a, 0xd6, 0xba, 0xd6, 0xdb, 0xde, 0x1c, 0xe7, 0x5d, 0xef,
    0x96, 0xb5, 0xb6, 0xb5, 0x5d, 0xef, 0xfb, 0xde, 0xdb, 0xde, 0xba, 0xde,
    0xba, 0xde, 0xdb, 0xde, 0x79, 0xce, 0x58, 0xce, 0x18, 0xc6, 0x38, 0xc6,
    0x38, 0xc6, 0x38, 0xc6, 0x59, 0xce, 0x79, 0xd6, 0xba, 0xd6, 0xbb, 0xde,
    0xfb, 0xde, 0x1c, 0xe7, 0x75, 0xad, 0x13, 0xa5, 0xfb, 0xde, 0xfb, 0xde,
    0xdb, 0xde, 0xdb, 0xde, 0xba, 0xde, 0xba, 0xd6, 0x9a, 0xd6, 0x99, 0xd6,
    0x99, 0xd6, 0x79, 0xce, 0x59, 0xce, 0x59, 0xce, 0x58, 0xce, 0x38, 0xc6,
    0x38, 0xc6, 0x58, 0xce, 0x59, 0xce, 0x59, 0xce, 0x58, 0xce, 0x59, 0xce,
    0x59, 0xce, 0x79, 0xd6, 0x79, 0xce, 0x59, 0xce, 0x59, 0xce, 0x79, 0xce,
    0x99, 0xd6, 0x9a, 0xd6, 0x79, 0xce, 0x38, 0xc6, 0x18, 0xc6, 0x17, 0xbe,
    0x18, 0xbe, 0x37, 0xc6, 0x18, 0xbe, 0x17, 0xbe, 0xf7, 0xbd, 0x79, 0xd6,
    0x5c, 0xf7, 0xb5, 0xbd, 0xb5, 0xc5, 0x95, 0xc5, 0x95, 0xbd, 0x75, 0xbd,
    0x75, 0xbd, 0x55, 0xbd, 0x96, 0xbd, 0x18, 0xc6, 0xfb, 0xe6, 0xfb, 0xde,
    0xfb, 0xde, 0xdb, 0xe6, 0xfb, 0xde, 0xdb, 0xde, 0xdb, 0xde, 0xdb, 0xde,
    0xba, 0xd6, 0x38, 0xc6, 0x38, 0xc6, 0x18, 0xc6, 0x79, 0xce, 0x39, 0xc6,
    0x18, 0xbe, 0xf7, 0xb5, 0x96, 0xa5, 0x76, 0x9d, 0x76, 0x9d, 0x76, 0x9d,
    0x55, 0x9d, 0x56, 0x9d, 0x76, 0xa5, 0x76, 0x9d, 0x56, 0x9d, 0x76, 0x9d,
    0x55, 0x9d, 0xf4, 0x8c, 0xb3, 0x8c, 0x5b, 0xf7, 0x17, 0xd6, 0xf6, 0xc5,
    0x16, 0xce, 0x17, 0xc6, 0x17, 0xc6, 0x17, 0xce, 0xf6, 0xc5, 0xd6, 0xc5,
    0xb5, 0xc5, 0x75, 0xbd, 0x54, 0xbd, 0x34, 0xbd, 0x33, 0xb5, 0xb2, 0xac,
    0x3c, 0xe7, 0x5d, 0xef, 0x96, 0xb5, 0x11, 0x7c, 0x11, 0x7c, 0x72, 0x8c,
    0x32, 0x7c, 0x29, 0x42, 0x29, 0x42, 0x29, 0x42, 0x29, 0x42, 0x4a, 0x4a,
    0x32, 0x7c, 0xf1, 0x7b, 0xf1, 0x73, 0xf1, 0x73, 0xf1, 0x73, 0xf1, 0x73,
    0xf0, 0x73, 0x0d, 0x5b, 0xb4, 0x8c, 0x78, 0xa5, 0x74, 0x84, 0xd2, 0x6b,
    0x95, 0x84, 0x78, 0xa5, 0x75, 0x84, 0x94, 0x84, 0x94, 0x84, 0x58, 0xa5,
    0xb5, 0x8c, 0x13, 0x7c, 0x37, 0x9d, 0x58, 0x9d, 0x95, 0x84, 0x2d, 0x3a,
    0xcc, 0x31, 0x4f, 0x42, 0x6f, 0x42, 0x4f, 0x3a, 0xed, 0x39, 0xef, 0x62,
    0xb1, 0x73, 0xaf, 0x42, 0x59, 0x9d, 0xfb, 0xa5, 0xda, 0xa5, 0x1b, 0xae,
    0x1b, 0xae, 0x99, 0x9d, 0x38, 0x8d, 0x3b, 0xae, 0x9a, 0x9d, 0xf7, 0x8c,
    0xcd, 0x5a, 0x0e, 0x63, 0x0f, 0x63, 0xaf, 0x52, 0xcf, 0x52, 0xae, 0x52,
    0xed, 0x5a, 0x0c, 0x63, 0xec, 0x62, 0x8a, 0x52, 0x30, 0x84, 0x75, 0xb5,
    0x55, 0xad, 0x6a, 0x4a, 0x29, 0x42, 0x4a, 0x4a, 0x4a, 0x42, 0x4b, 0x4a,
    0x6a, 0x4a, 0x6a, 0x4a, 0x6b, 0x4a, 0x6b, 0x4a, 0x8b, 0x4a, 0x8b, 0x4a,
    0x8b, 0x4a, 0x8b, 0x4a, 0x8c, 0x52, 0x8b, 0x4a, 0x8b, 0x4a, 0xac, 0x52,
    0xab, 0x4a, 0x6a, 0x42, 0x35, 0x9d, 0x18, 0xbe, 0xf7, 0xb5, 0xf7, 0xb5,
    0xf8, 0xb5, 0xf7, 0xb5, 0x18, 0xb6, 0x17, 0xb6, 0xf8, 0xb5, 0xf7, 0xb5,
    0x17, 0xb6, 0xf7, 0xb5, 0x18, 0xb6, 0x18, 0xb6, 0xf7, 0xb5, 0x17, 0xb6,
    0x17, 0xb6, 0xf7, 0xb5, 0xf7, 0xb5, 0x17, 0xb6, 0xf8, 0xb5, 0x18, 0xb6,
    0x17, 0xb6, 0xf8, 0xb5, 0xf7, 0xb5, 0x18, 0xb6, 0x18, 0xb6, 0x17, 0xb6,
    0x17, 0xb6, 0x93, 0x84, 0x0e, 0x63, 0x2e, 0x63, 0x2e, 0x63, 0x4e, 0x6b,
    0x4f, 0x6b, 0x6f, 0x6b, 0x4e, 0x6b, 0x4e, 0x6b, 0xb0, 0x73, 0x11, 0x84,
    0x31, 0x84, 0x31, 0x84, 0x31, 0x8c, 0x31, 0x84, 0x31, 0x84, 0x31, 0x84,
    0x31, 0x8c, 0x31, 0x84, 0x31, 0x84, 0x31, 0x8c, 0x11, 0x84, 0x11, 0x84,
    0x10, 0x84, 0xf0, 0x83, 0xaf, 0x7b, 0x6e, 0x73, 0x6e, 0x6b, 0x4e, 0x6b,
    0x4f, 0x6b, 0xaf, 0x73, 0xaf, 0x6b, 0xaf, 0x73, 0xd0, 0x73, 0xf0, 0x7b,
    0xf0, 0x7b, 0xcf, 0x7b, 0xd0, 0x7b, 0xf0, 0x7b, 0xd0, 0x73, 0x8f, 0x73,
    0x8f, 0x73, 0x8f, 0x73, 0x90, 0x73, 0xb0, 0x73, 0xb0, 0x73, 0xb0, 0x73,
    0xb0, 0x73, 0x90, 0x73, 0x4f, 0x6b, 0x94, 0x94, 0x94, 0x94, 0x93, 0x8c,
    0x36, 0x9d, 0xba, 0xce, 0xb9, 0xce, 0xfb, 0xd6, 0x10, 0x7c, 0xec, 0x5a,
    0xec, 0x5a, 0xec, 0x5a, 0xab, 0x52, 0x79, 0xd6, 0xba, 0xd6, 0x1b, 0xe7,
    0x1b, 0xe7, 0x75, 0xb5, 0x69, 0x52, 0x96, 0xb5, 0x3c, 0xef, 0xdb, 0xde,
    0x72, 0x94, 0x3c, 0xe7, 0xfb, 0xe6, 0x79, 0xd6, 0xaa, 0x5a, 0x2c, 0x6b,
    0xaa, 0x5a, 0x8e, 0x73, 0xdb, 0xde, 0x1c, 0xe7, 0x2d, 0x6b, 0xcb, 0x5a,
    0x34, 0xa5, 0x86, 0x31, 0x9a, 0xd6, 0x9a, 0xd6, 0xba, 0xde, 0xdb, 0xde,
    0xdb, 0xde, 0xfb, 0xde, 0xb2, 0x94, 0x95, 0xb5, 0x9d, 0xf7, 0x7d, 0xf7,
    0x7d, 0xef, 0x3d, 0xef, 0x1c, 0xe7, 0xdb, 0xde, 0x79, 0xce, 0x38, 0xc6,
    0x18, 0xc6, 0x18, 0xc6, 0x38, 0xc6, 0x38, 0xc6, 0x79, 0xd6, 0xdb, 0xde,
    0x79, 0xd6, 0xf7, 0xc5, 0x34, 0xad, 0x70, 0x94, 0x4c, 0x73, 0x6b, 0x7b,
    0xd1, 0xa4, 0xd5, 0xc5, 0xb4, 0xbd, 0x94, 0xbd, 0x78, 0xd6, 0xba, 0xd6,
    0xba, 0xde, 0x99, 0xd6, 0x79, 0xce, 0x79, 0xce, 0x59, 0xce, 0x59, 0xce,
    0x59, 0xc6, 0x58, 0xc6, 0x39, 0xce, 0x59, 0xce, 0x58, 0xce, 0x59, 0xce,
    0x59, 0xce, 0x59, 0xce, 0x79, 0xce, 0x79, 0xd6, 0x79, 0xd6, 0x59, 0xce,
    0x79, 0xce, 0x79, 0xd6, 0x9a, 0xd6, 0x79, 0xce, 0x38, 0xc6, 0x18, 0xc6,
    0x18, 0xc6, 0x17, 0xbe, 0x18, 0xbe, 0x18, 0xc6, 0x17, 0xbe, 0x17, 0xbe,
    0x17, 0xce, 0x9d, 0xf7, 0xb5, 0xc5, 0x95, 0xc5, 0x95, 0xbd, 0x95, 0xbd,
    0x75, 0xbd, 0x54, 0xbd, 0x75, 0xbd, 0x96, 0xbd, 0x38, 0xce, 0xfb, 0xe6,
    0xfa, 0xde, 0xdb, 0xde, 0xdb, 0xde, 0xdb, 0xde, 0xdb, 0xde, 0xdb, 0xde,
    0xdb, 0xde, 0xdb, 0xde, 0xdb, 0xde, 0x99, 0xce, 0x39, 0xc6, 0x59, 0xce,
    0xba, 0xd6, 0x79, 0xc6, 0x38, 0xbe, 0x38, 0xbe, 0xd7, 0xb5, 0x76, 0xa5,
    0x76, 0x9d, 0x76, 0x9d, 0x56, 0x9d, 0x35, 0x95, 0x55, 0x9d, 0x76, 0x9d,
    0x76, 0x9d, 0x76, 0x9d, 0x55, 0x9d, 0xf4, 0x94, 0x92, 0x7c, 0x59, 0xd6,
    0xb9, 0xe6, 0xf6, 0xcd, 0x16, 0xc6, 0x17, 0xce, 0x17, 0xce, 0x17, 0xc6,
    0x16, 0xc6, 0xd6, 0xc5, 0xb6, 0xc5, 0x95, 0xc5, 0x74, 0xbd, 0x54, 0xbd,
    0x34, 0xb5, 0xf3, 0xac, 0xf7, 0xc5, 0xfb, 0xde, 0x1c, 0xe7, 0x18, 0xc6,
    0xd3, 0x9c, 0x9a, 0xd6, 0xdb, 0xd6, 0x08, 0x42, 0x29, 0x42, 0x29, 0x42,
    0x28, 0x42, 0x4a, 0x4a, 0x11, 0x7c, 0xf0, 0x73, 0xb0, 0x73, 0xd0, 0x73,
    0xf0, 0x73, 0xf0, 0x73, 0xf0, 0x73, 0xac, 0x4a, 0x12, 0x74, 0x53, 0x7c,
    0x50, 0x5b, 0xb2, 0x63, 0x33, 0x7c, 0x78, 0xa5, 0x78, 0xa5, 0x12, 0x7c,
    0x12, 0x74, 0xf2, 0x73, 0x74, 0x7c, 0xfa, 0xb5, 0x57, 0x9d, 0x54, 0x7c,
    0x14, 0x74, 0x6a, 0x21, 0x2e, 0x3a, 0x6f, 0x42, 0x97, 0x84, 0xcd, 0x29,
    0x11, 0x5b, 0xcf, 0x5a, 0x2f, 0x5b, 0x90, 0x63, 0x75, 0x7c, 0x99, 0x9d,
    0xfa, 0xa5, 0x3b, 0xae, 0x1b, 0xae, 0xb9, 0x9d, 0x58, 0x95, 0x3b, 0xae,
    0xda, 0xa5, 0x54, 0x7c, 0x0e, 0x5b, 0x0e, 0x5b, 0x2e, 0x63, 0xaf, 0x52,
    0xcf, 0x52, 0xae, 0x52, 0x0d, 0x63, 0x0d, 0x63, 0x8b, 0x52, 0x71, 0x8c,
    0x75, 0xb5, 0x75, 0xb5, 0x4a, 0x4a, 0x29, 0x42, 0x29, 0x42, 0x4a, 0x4a,
    0x4a, 0x4a, 0x6a, 0x42, 0x4b, 0x4a, 0x6b, 0x4a, 0x6b, 0x4a, 0x6b, 0x4a,
    0x8b, 0x4a, 0x8b, 0x4a, 0x8c, 0x4a, 0x8b, 0x4a, 0x8b, 0x4a, 0x8c, 0x4a,
    0xac, 0x52, 0x8c, 0x4a, 0x4a, 0x42, 0x72, 0x84, 0x18, 0xbe, 0xf7, 0xb5,
    0xf7, 0xb5, 0xf7, 0xb5, 0x18, 0xb6, 0x17, 0xb6, 0xf7, 0xb5, 0x18, 0xb6,
    0xf7, 0xb5, 0xf7, 0xb5, 0x18, 0xb6, 0xf7, 0xb5, 0x17, 0xb6, 0x18, 0xb6,
    0x18, 0xb6, 0x17, 0xb6, 0x17, 0xb6, 0x18, 0xb6, 0x18, 0xb6, 0x17, 0xb6,
    0xf8, 0xb5, 0x17, 0xb6, 0x18, 0xb6, 0x18, 0xb6, 0x17, 0xb6, 0x18, 0xb6,
    0x18, 0xb6, 0x17, 0xb6, 0x18, 0xb6, 0x93, 0x84, 0x2e, 0x63, 0x2e, 0x6b,
    0x2e, 0x63, 0x2e, 0x6b, 0x6f, 0x6b, 0x4f, 0x6b, 0x6f, 0x6b, 0x8f, 0x73,
    0xd0, 0x7b, 0x31, 0x84, 0x31, 0x84, 0x30, 0x84, 0x31, 0x8c, 0x31, 0x84,
    0x31, 0x84, 0x31, 0x8c, 0x31, 0x84, 0x31, 0x84, 0x31, 0x84, 0x10, 0x84,
    0x10, 0x84, 0x10, 0x84, 0xd0, 0x7b, 0xaf, 0x73, 0xaf, 0x73, 0xaf, 0x73,
    0xaf, 0x73, 0x6f, 0x6b, 0x8f, 0x6b, 0xaf, 0x73, 0xaf, 0x73, 0xd0, 0x73,
    0xf0, 0x7b, 0xf0, 0x7b, 0xcf, 0x7b, 0xf0, 0x7b, 0xcf, 0x7b, 0xcf, 0x7b,
    0xb0, 0x73, 0xb0, 0x73, 0xb0, 0x73, 0xb0, 0x73, 0x90, 0x73, 0x8f, 0x73,
    0x90, 0x73, 0xb0, 0x73, 0x8f, 0x73, 0x6f, 0x6b, 0x73, 0x8c, 0xb4, 0x94,
    0xb4, 0x8c, 0x94, 0x8c, 0x15, 0x9d, 0x79, 0xc6, 0x79, 0xbe, 0xb9, 0xce,
    0xf0, 0x7b, 0xec, 0x5a, 0x0c, 0x5b, 0xec, 0x5a, 0xab, 0x52, 0x79, 0xd6,
    0x38, 0xce, 0xfb, 0xe6, 0x1b, 0xe7, 0xb6, 0xb5, 0x49, 0x4a, 0x75, 0xb5,
    0x3c, 0xe7, 0xfb, 0xde, 0xb2, 0x94, 0x1c, 0xe7, 0xfb, 0xde, 0xba, 0xd6,
    0xf3, 0xa4, 0x35, 0xad, 0x4d, 0x6b, 0xcb, 0x5a, 0x14, 0xa5, 0x35, 0xad,
    0xcb, 0x5a, 0xaa, 0x52, 0xba, 0xd6, 0xf0, 0x7b, 0xda, 0xde, 0x9a, 0xd6,
    0xba, 0xd6, 0xdb, 0xde, 0xdb, 0xde, 0xfb, 0xde, 0x8a, 0x52, 0x2c, 0x6b,
    0x3d, 0xef, 0xfb, 0xe6, 0xfb, 0xde, 0x1c, 0xe7, 0x3c, 0xe7, 0x3c, 0xe7,
    0xdb, 0xde, 0xba, 0xde, 0x9a, 0xd6, 0x79, 0xce, 0x99, 0xd6, 0xf7, 0xc5,
    0x71, 0x94, 0x0f, 0x8c, 0xc9, 0x62, 0x0a, 0x6b, 0xca, 0x6a, 0x88, 0x5a,
    0xea, 0x6a, 0xcd, 0x83, 0xad, 0x83, 0xed, 0x8b, 0x97, 0xe6, 0x15, 0xce,
    0x4e, 0x9c, 0x2e, 0x94, 0x2f, 0x8c, 0xb5, 0xbd, 0x79, 0xd6, 0x59, 0xce,
    0x59, 0xce, 0x58, 0xce, 0x59, 0xce, 0x59, 0xce, 0x59, 0xce, 0x59, 0xc6,
    0x59, 0xce, 0x59, 0xce, 0x79, 0xce, 0x79, 0xce, 0x79, 0xd6, 0x99, 0xd6,
    0x79, 0xce, 0x79, 0xce, 0x79, 0xd6, 0x9a, 0xd6, 0x79, 0xce, 0x59, 0xce,
    0x38, 0xc6, 0x18, 0xbe, 0x17, 0xbe, 0x18, 0xc6, 0x18, 0xbe, 0x18, 0xbe,
    0x17, 0xbe, 0xd6, 0xc5, 0x5c, 0xf7, 0xf6, 0xcd, 0x95, 0xbd, 0x95, 0xbd,
    0x95, 0xc5, 0x75, 0xbd, 0x54, 0xbd, 0x54, 0xbd, 0x75, 0xbd, 0x79, 0xd6,
    0xfb, 0xde, 0x79, 0xce, 0xba, 0xd6, 0xdb, 0xde, 0xda, 0xde, 0xdb, 0xde,
    0xfb, 0xde, 0xfb, 0xde, 0xdb, 0xde, 0xdb, 0xde, 0xdb, 0xde, 0xdb, 0xde,
    0xba, 0xd6, 0x9a, 0xd6, 0xba, 0xd6, 0x9a, 0xd6, 0x79, 0xc6, 0x79, 0xce,
    0x18, 0xbe, 0xb7, 0xa5, 0x76, 0x9d, 0x76, 0x9d, 0x76, 0x9d, 0x55, 0x9d,
    0x35, 0x95, 0x35, 0x9d, 0x56, 0x9d, 0x76, 0x9d, 0x56, 0x9d, 0x15, 0x95,
    0xb3, 0x84, 0xd3, 0x94, 0x7c, 0xf7, 0xf6, 0xcd, 0x17, 0xc6, 0x16, 0xc6,
    0x17, 0xce, 0x17, 0xce, 0x17, 0xc6, 0xf7, 0xc5, 0xd6, 0xc5, 0xb5, 0xbd,
    0x74, 0xbd, 0x54, 0xbd, 0x34, 0xb5, 0x33, 0xb5, 0xb2, 0x9c, 0x79, 0xd6,
    0x1b, 0xe7, 0x39, 0xce, 0x79, 0xce, 0x18, 0xc6, 0x7e, 0xf7, 0x08, 0x3a,
    0x29, 0x42, 0x09, 0x42, 0x08, 0x42, 0x6a, 0x4a, 0x11, 0x7c, 0xd0, 0x73,
    0xd7, 0xb5, 0x11, 0x7c, 0xf0, 0x73, 0xf0, 0x73, 0xd1, 0x73, 0x74, 0x7c,
    0x75, 0x84, 0x6d, 0x42, 0x92, 0x63, 0x13, 0x74, 0xf2, 0x73, 0x90, 0x6b,
    0xd1, 0x6b, 0xf1, 0x73, 0xf1, 0x73, 0x32, 0x7c, 0x33, 0x74, 0x99, 0xa5,
    0x75, 0x7c, 0x54, 0x7c, 0x50, 0x5b, 0xab, 0x29, 0x72, 0x63, 0x7c, 0xbe,
    0xee, 0x31, 0x73, 0x5b, 0xf3, 0x73, 0x0e, 0x5b, 0x8f, 0x6b, 0x16, 0x9d,
    0xd2, 0x6b, 0x79, 0x9d, 0xfa, 0xa5, 0x1b, 0xae, 0x3b, 0xae, 0xba, 0x9d,
    0x79, 0x95, 0x1b, 0xae, 0xfa, 0xa5, 0xd1, 0x6b, 0x0e, 0x5b, 0x0e, 0x63,
    0x0e, 0x63, 0xef, 0x52, 0xaf, 0x52, 0xae, 0x4a, 0xee, 0x5a, 0x8b, 0x52,
    0xb3, 0x9c, 0x75, 0xb5, 0xf3, 0xa4, 0x09, 0x42, 0x29, 0x42, 0x29, 0x42,
    0x49, 0x42, 0x4a, 0x4a, 0x4a, 0x4a, 0x4a, 0x42, 0x6a, 0x4a, 0x6a, 0x4a,
    0x6b, 0x4a, 0x6b, 0x4a, 0x6b, 0x4a, 0x8b, 0x4a, 0x8b, 0x4a, 0x8b, 0x4a,
    0x8b, 0x4a, 0x8b, 0x4a, 0x8b, 0x4a, 0x4a, 0x42, 0x72, 0x84, 0x18, 0xbe,
    0xd7, 0xb5, 0xf7, 0xb5, 0xf7, 0xad, 0xf7, 0xb5, 0xf7, 0xb5, 0xf7, 0xb5,
    0x18, 0xb6, 0xf7, 0xb5, 0x17, 0xb6, 0x18, 0xb6, 0xf7, 0xb5, 0xf7, 0xb5,
    0xf7, 0xb5, 0x18, 0xb6, 0x18, 0xb6, 0xf7, 0xb5, 0x17, 0xb6, 0x17, 0xb6,
    0x18, 0xb6, 0x18, 0xb6, 0x17, 0xb6, 0xf7, 0xb5, 0x18, 0xb6, 0x17, 0xb6,
    0x17, 0xb6, 0xf8, 0xb5, 0x17, 0xb6, 0x18, 0xb6, 0xf8, 0xb5, 0x93, 0x84,
    0x12, 0x7c, 0x2e, 0x6b, 0x6f, 0x6b, 0x4f, 0x6b, 0x2e, 0x63, 0x6f, 0x6b,
    0x6f, 0x6b, 0x8f, 0x73, 0xd0, 0x7b, 0x31, 0x84, 0x31, 0x84, 0x31, 0x8c,
    0x31, 0x84, 0x31, 0x84, 0x31, 0x84, 0x31, 0x8c, 0x31, 0x84, 0x31, 0x84,
    0x10, 0x84, 0x11, 0x84, 0x10, 0x84, 0xcf, 0x7b, 0xaf, 0x73, 0xaf, 0x73,
    0xd0, 0x7b, 0xf0, 0x7b, 0xd0, 0x7b, 0xcf, 0x73, 0xd0, 0x73, 0xcf, 0x73,
    0xcf, 0x73, 0xd0, 0x7b, 0xf0, 0x7b, 0xef, 0x7b, 0xd0, 0x7b, 0xf0, 0x7b,
    0xf0, 0x7b, 0xd0, 0x7b, 0xd0, 0x73, 0xaf, 0x73, 0x90, 0x73, 0x90, 0x73,
    0xb0, 0x73, 0xb0, 0x73, 0x8f, 0x73, 0x90, 0x73, 0x8f, 0x6b, 0x32, 0x84,
    0xb4, 0x94, 0x93, 0x8c, 0xb4, 0x94, 0x93, 0x94, 0xf5, 0x9c, 0x59, 0xb6,
    0x58, 0xbe, 0x99, 0xc6, 0xf0, 0x73, 0xec, 0x52, 0xec, 0x5a, 0x0c, 0x5b,
    0xab, 0x52, 0x99, 0xd6, 0xf7, 0xc5, 0xfb, 0xe6, 0x1b, 0xe7, 0xd7, 0xbd,
    0x49, 0x4a, 0x75, 0xad, 0x7d, 0xf7, 0x5d, 0xef, 0x59, 0xd6, 0x5d, 0xef,
    0x5d, 0xef, 0xfb, 0xde, 0xba, 0xde, 0x9a, 0xd6, 0xd7, 0xbd, 0x69, 0x4a,
    0x55, 0xad, 0xf3, 0xa4, 0x28, 0x42, 0x75, 0xad, 0xdb, 0xde, 0x6d, 0x6b,
    0x1c, 0xe7, 0xfb, 0xde, 0x1b, 0xe7, 0x3c, 0xe7, 0x3c, 0xef, 0x1c, 0xe7,
    0x69, 0x52, 0x0c, 0x63, 0x5d, 0xef, 0xfb, 0xde, 0xfb, 0xde, 0xdb, 0xde,
    0xdb, 0xde, 0xdb, 0xde, 0x58, 0xce, 0x18, 0xc6, 0x18, 0xc6, 0x38, 0xc6,
    0x92, 0x94, 0x0b, 0x6b, 0x4c, 0x73, 0x6c, 0x73, 0x4c, 0x6b, 0x2b, 0x6b,
    0xcd, 0x83, 0xce, 0x83, 0xad, 0x7b, 0xea, 0x6a, 0xcd, 0x8b, 0xb0, 0xa4,
    0xd0, 0xac, 0xf4, 0xcd, 0x56, 0xd6, 0x73, 0xbd, 0x2f, 0x94, 0x2e, 0x94,
    0x91, 0x9c, 0x79, 0xce, 0x59, 0xce, 0x59, 0xce, 0x58, 0xce, 0x58, 0xce,
    0x59, 0xce, 0x58, 0xce, 0x59, 0xce, 0x59, 0xce, 0x79, 0xce, 0x99, 0xd6,
    0xba, 0xd6, 0x7a, 0xd6, 0x79, 0xd6, 0x79, 0xce, 0x7a, 0xd6, 0x79, 0xd6,
    0x79, 0xce, 0x38, 0xc6, 0x38, 0xc6, 0x17, 0xc6, 0x17, 0xbe, 0x18, 0xbe,
    0x18, 0xc6, 0x18, 0xc6, 0xf7, 0xbd, 0x99, 0xde, 0x58, 0xd6, 0x95, 0xbd,
    0x95, 0xc5, 0x95, 0xbd, 0x75, 0xbd, 0x54, 0xbd, 0x54, 0xbd, 0x75, 0xbd,
    0x99, 0xd6, 0xdb, 0xde, 0xda, 0xde, 0xb7, 0xa5, 0x55, 0x9d, 0x59, 0xc6,
    0xb7, 0xad, 0xdb, 0xde, 0x58, 0xc6, 0x79, 0xce, 0xfa, 0xe6, 0xda, 0xde,
    0xda, 0xde, 0xdb, 0xde, 0xda, 0xde, 0xba, 0xd6, 0x9a, 0xd6, 0xba, 0xde,
    0xda, 0xde, 0xbb, 0xd6, 0x79, 0xc6, 0x18, 0xb6, 0xb7, 0xa5, 0x76, 0xa5,
    0x56, 0x9d, 0x35, 0x95, 0x15, 0x95, 0xf5, 0x94, 0x35, 0x95, 0x76, 0x9d,
    0x56, 0x9d, 0x55, 0x95, 0xd3, 0x84, 0x52, 0x7c, 0xda, 0xe6, 0x78, 0xe6,
    0xf6, 0xc5, 0x17, 0xc6, 0xf7, 0xcd, 0x17, 0xc6, 0x17, 0xc6, 0xf7, 0xc5,
    0xd6, 0xc5, 0xb6, 0xbd, 0x75, 0xbd, 0x54, 0xbd, 0x54, 0xbd, 0x34, 0xbd,
    0x71, 0x9c, 0x92, 0x8c, 0x35, 0xa5, 0xf7, 0xbd, 0xb6, 0xb5, 0xb3, 0x94,
    0x7a, 0xd6, 0x08, 0x3a, 0x08, 0x42, 0x08, 0x3a, 0x09, 0x3a, 0x6a, 0x4a,
    0x11, 0x7c, 0xd0, 0x73, 0x72, 0x8c, 0x31, 0x7c, 0xf1, 0x73, 0xf1, 0x73,
    0x32, 0x74, 0xf6, 0x8c, 0xce, 0x4a, 0x30, 0x53, 0x54, 0x7c, 0x33, 0x74,
    0xf3, 0x73, 0xf1, 0x6b, 0xf1, 0x6b, 0xd1, 0x73, 0xf1, 0x73, 0x33, 0x7c,
    0x34, 0x74, 0xb6, 0x84, 0x75, 0x84, 0x95, 0x84, 0xca, 0x31, 0x10, 0x53,
    0x1e, 0xd7, 0xb3, 0x63, 0xcd, 0x29, 0x5a, 0x9d, 0xd1, 0x73, 0xd0, 0x73,
    0x8f, 0x6b, 0x52, 0x84, 0x0e, 0x5b, 0x18, 0x8d, 0x99, 0x9d, 0x3b, 0xae,
    0x1b, 0xae, 0xba, 0x9d, 0xda, 0x9d, 0x3b, 0xae, 0x1b, 0xa6, 0x50, 0x63,
    0x0e, 0x63, 0x0e, 0x5b, 0x0e, 0x5b, 0x0e, 0x5b, 0x8e, 0x4a, 0x8e, 0x4a,
    0xac, 0x52, 0x72, 0x94, 0x34, 0xad, 0x92, 0x9c, 0xe8, 0x39, 0x29, 0x42,
    0x29, 0x42, 0x29, 0x42, 0x4a, 0x4a, 0x4a, 0x4a, 0x4a, 0x4a, 0x4a, 0x4a,
    0x6a, 0x4a, 0x6a, 0x4a, 0x6a, 0x4a, 0x6b, 0x4a, 0x6b, 0x4a, 0x6b, 0x4a,
    0x8b, 0x4a, 0x8b, 0x4a, 0x8c, 0x4a, 0x8b, 0x4a, 0x4a, 0x42, 0x31, 0x7c,
    0x18, 0xbe, 0xd7, 0xad, 0xd7, 0xad, 0xd7, 0xb5, 0xf7, 0xb5, 0xd7, 0xad,
    0xf7, 0xb5, 0xf7, 0xb5, 0xf7, 0xad, 0xf7, 0xb5, 0xf7, 0xb5, 0x18, 0xb6,
    0x18, 0xb6, 0xf7, 0xb5, 0x17, 0xb6, 0xf7, 0xb5, 0x17, 0xb6, 0x17, 0xb6,
    0xf7, 0xb5, 0xf7, 0xbd, 0xf7, 0xb5, 0xf7, 0xb5, 0xf7, 0xbd, 0xf8, 0xb5,
    0xf7, 0xb5, 0xf8, 0xbd, 0xf7, 0xb5, 0xf7, 0xb5, 0xf8, 0xb5, 0xf7, 0xb5,
    0xf7, 0xb5, 0x93, 0x84, 0x94, 0x8c, 0xd1, 0x7b, 0x2e, 0x63, 0x4f, 0x6b,
    0x6f, 0x6b, 0x6f, 0x6b, 0x6f, 0x6b, 0x8f, 0x73, 0xd0, 0x7b, 0x31, 0x84,
    0x31, 0x84, 0x11, 0x84, 0x31, 0x8c, 0x31, 0x84, 0x11, 0x84, 0x31, 0x84,
    0x10, 0x84, 0x11, 0x84, 0x11, 0x84, 0xf0, 0x83, 0xd0, 0x7b, 0xcf, 0x7b,
    0xaf, 0x73, 0xaf, 0x7b, 0xf0, 0x7b, 0xf0, 0x7b, 0xf0, 0x7b, 0xd0, 0x7b,
    0xd0, 0x7b, 0xd0, 0x73, 0xcf, 0x73, 0xf0, 0x7b, 0xf0, 0x7b, 0xf0, 0x7b,
    0xf0, 0x7b, 0xf0, 0x7b, 0xd0, 0x7b, 0xd0, 0x7b, 0xaf, 0x73, 0x8f, 0x73,
    0xb0, 0x73, 0xb0, 0x73, 0x8f, 0x73, 0xb0, 0x73, 0xb0, 0x73, 0x8f, 0x73,
    0xf1, 0x7b, 0xb4, 0x94, 0xb4, 0x94, 0x94, 0x8c, 0x94, 0x94, 0x94, 0x94,
    0xf4, 0x94, 0x38, 0xb6, 0x38, 0xb6, 0x79, 0xbe, 0xf0, 0x73, 0xec, 0x5a,
    0xec, 0x5a, 0x0c, 0x5b, 0xab, 0x52, 0x79, 0xce, 0xda, 0xde, 0x1b, 0xe7,
    0x1b, 0xe7, 0xf7, 0xbd, 0x49, 0x4a, 0xab, 0x5a, 0xeb, 0x5a, 0xcb, 0x5a,
    0xab, 0x5a, 0xaa, 0x5a, 0xcb, 0x5a, 0xcb, 0x5a, 0xcb, 0x5a, 0xaa, 0x5a,
    0xcb, 0x5a, 0x28, 0x42, 0xe8, 0x41, 0x08, 0x42, 0x6a, 0x4a, 0xcb, 0x62,
    0xcb, 0x5a, 0x49, 0x4a, 0x8a, 0x52, 0x6a, 0x4a, 0x69, 0x52, 0x6a, 0x52,
    0x8a, 0x52, 0xcb, 0x5a, 0x69, 0x52, 0x0c, 0x63, 0x5d, 0xef, 0xfb, 0xde,
    0xdb, 0xde, 0xdb, 0xde, 0xdb, 0xde, 0xba, 0xde, 0x38, 0xc6, 0x18, 0xc6,
    0x18, 0xc6, 0x18, 0xc6, 0x58, 0xce, 0xca, 0x62, 0x0b, 0x6b, 0x8d, 0x7b,
    0x8c, 0x73, 0x2b, 0x73, 0x2b, 0x6b, 0x8d, 0x7b, 0x8d, 0x7b, 0xcd, 0x83,
    0xad, 0x83, 0xad, 0x83, 0xee, 0x83, 0x2f, 0x94, 0xee, 0x8b, 0x6c, 0x73,
    0x6c, 0x73, 0x8d, 0x7b, 0x18, 0xc6, 0x59, 0xce, 0x59, 0xce, 0x59, 0xce,
    0x59, 0xc6, 0x59, 0xce, 0x59, 0xce, 0x59, 0xce, 0x59, 0xce, 0x79, 0xce,
    0x79, 0xd6, 0x9a, 0xd6, 0xba, 0xd6, 0x9a, 0xd6, 0x7a, 0xd6, 0x79, 0xce,
    0x79, 0xce, 0x59, 0xce, 0x59, 0xce, 0x38, 0xc6, 0x18, 0xc6, 0x18, 0xbe,
    0x18, 0xc6, 0x38, 0xc6, 0x38, 0xc6, 0x17, 0xc6, 0x17, 0xce, 0xfb, 0xe6,
    0x95, 0xbd, 0xb5, 0xc5, 0x95, 0xbd, 0x75, 0xbd, 0x54, 0xbd, 0x54, 0xbd,
    0x95, 0xbd, 0x38, 0xc6, 0xfb, 0xde, 0xdb, 0xde, 0xdb, 0xd6, 0x76, 0xa5,
    0x15, 0x95, 0x35, 0x95, 0x15, 0x95, 0x79, 0xc6, 0x39, 0xbe, 0x38, 0xc6,
    0x1b, 0xe7, 0xfb, 0xe6, 0xdb, 0xde, 0xdb, 0xde, 0xdb, 0xde, 0xda, 0xde,
    0xba, 0xde, 0x9a, 0xd6, 0xba, 0xd6, 0xdb, 0xde, 0xba, 0xd6, 0xba, 0xd6,
    0x39, 0xc6, 0xd7, 0xad, 0x35, 0x95, 0xf4, 0x94, 0xf4, 0x8c, 0x15, 0x95,
    0x15, 0x95, 0x55, 0x9d, 0x56, 0x9d, 0x36, 0x95, 0x14, 0x95, 0x93, 0x84,
    0x14, 0x9d, 0x3b, 0xf7, 0xd6, 0xcd, 0xf6, 0xc5, 0xf7, 0xc5, 0x17, 0xce,
    0x17, 0xc6, 0xf7, 0xc5, 0xf7, 0xc5, 0xb6, 0xc5, 0x95, 0xbd, 0x54, 0xbd,
    0x54, 0xbd, 0x34, 0xb5, 0xd3, 0xa4, 0x72, 0x8c, 0xd4, 0x9c, 0x18, 0xc6,
    0x7a, 0xce, 0x92, 0x8c, 0xb2, 0x8c, 0xe8, 0x39, 0x09, 0x42, 0x08, 0x42,
    0x08, 0x3a, 0x6b, 0x4a, 0xf1, 0x7b, 0xf1, 0x73, 0xf1, 0x7b, 0xb3, 0x94,
    0x11, 0x7c, 0xf1, 0x73, 0x73, 0x7c, 0xd2, 0x6b, 0x6d, 0x42, 0x75, 0x7c,
    0x54, 0x7c, 0x74, 0x7c, 0x13, 0x74, 0xf2, 0x73, 0xf1, 0x73, 0xf1, 0x73,
    0xf2, 0x73, 0x54, 0x7c, 0x95, 0x84, 0x75, 0x84, 0x75, 0x84, 0x33, 0x74,
    0xc9, 0x31, 0xde, 0xc6, 0x38, 0x95, 0x4b, 0x19, 0xf4, 0x6b, 0x79, 0x9d,
    0xf2, 0x73, 0xd0, 0x73, 0xf1, 0x7b, 0x2e, 0x63, 0x0e, 0x5b, 0x95, 0x84,
    0x79, 0x95, 0x3b, 0xae, 0x1b, 0xae, 0xda, 0xa5, 0xfa, 0xa5, 0x1b, 0xae,
    0x3b, 0xae, 0x6f, 0x63, 0x2e, 0x63, 0x0e, 0x63, 0x0e, 0x5b, 0x0e, 0x5b,
    0xae, 0x52, 0x6e, 0x4a, 0xaf, 0x73, 0xf2, 0xa4, 0x30, 0x8c, 0xc8, 0x39,
    0x29, 0x42, 0x29, 0x42, 0x29, 0x42, 0x2a, 0x42, 0x4a, 0x4a, 0x49, 0x42,
    0x4a, 0x4a, 0x4a, 0x4a, 0x4a, 0x4a, 0x4b, 0x42, 0x6a, 0x4a, 0x6b, 0x4a,
    0x6a, 0x4a, 0x6b, 0x4a, 0x6b, 0x4a, 0x8b, 0x4a, 0x8b, 0x4a, 0x4b, 0x4a,
    0xf0, 0x73, 0x18, 0xbe, 0xd7, 0xb5, 0xd7, 0xad, 0xd7, 0xad, 0xd7, 0xb5,
    0xd7, 0xb5, 0xd7, 0xad, 0xf7, 0xb5, 0xf7, 0xb5, 0xf7, 0xad, 0xf8, 0xb5,
    0xf7, 0xb5, 0xf7, 0xad, 0xf7, 0xb5, 0x18, 0xb6, 0x18, 0xb6, 0xf7, 0xb5,
    0xf7, 0xb5, 0x18, 0xb6, 0xf7, 0xb5, 0xf8, 0xb5, 0x17, 0xb6, 0x17, 0xb6,
    0x17, 0xbe, 0x18, 0xb6, 0x18, 0xb6, 0xf7, 0xb5, 0x18, 0xb6, 0x18, 0xbe,
    0x17, 0xb6, 0x18, 0xb6, 0x18, 0xbe, 0x93, 0x84, 0x74, 0x8c, 0x94, 0x94,
    0x90, 0x73, 0x6f, 0x6b, 0x8f, 0x73, 0x8f, 0x73, 0x90, 0x73, 0xb0, 0x73,
    0xd0, 0x7b, 0x31, 0x84, 0x31, 0x84, 0x11, 0x84, 0x31, 0x84, 0x30, 0x8c,
    0x31, 0x84, 0x31, 0x84, 0x10, 0x84, 0x11, 0x84, 0x10, 0x84, 0xf0, 0x83,
    0xf0, 0x7b, 0xd0, 0x7b, 0xd0, 0x7b, 0xf0, 0x7b, 0xf0, 0x83, 0xf0, 0x7b,
    0xf0, 0x7b, 0xf0, 0x7b, 0xf0, 0x7b, 0xf0, 0x7b, 0xf0, 0x7b, 0xf0, 0x7b,
    0xf0, 0x7b, 0xf0, 0x7b, 0xf0, 0x83, 0xf0, 0x7b, 0xf0, 0x7b, 0xf0, 0x83,
    0xd0, 0x7b, 0xd0, 0x7b, 0x90, 0x73, 0xb0, 0x73, 0xb0, 0x73, 0xb0, 0x73,
    0x8f, 0x73, 0xd1, 0x73, 0xb4, 0x94, 0x94, 0x94, 0xb4, 0x94, 0xb4, 0x94,
    0xb4, 0x94, 0x94, 0x8c, 0xd5, 0x94, 0x18, 0xae, 0x38, 0xb6, 0x79, 0xbe,
    0xd0, 0x73, 0xec, 0x5a, 0x0c, 0x5b, 0x0c, 0x5b, 0xab, 0x52, 0x79, 0xd6,
    0xda, 0xde, 0x1b, 0xe7, 0xfb, 0xe6, 0xf8, 0xc5, 0x08, 0x42, 0xf4, 0xa4,
    0x7d, 0xf7, 0x5d, 0xef, 0x5c, 0xef, 0x3c, 0xef, 0x3c, 0xe7, 0xfb, 0xe6,
    0xba, 0xde, 0x99, 0xd6, 0x7a, 0xd6, 0x9a, 0xd6, 0xdb, 0xde, 0x3c, 0xef,
    0x3d, 0xef, 0x5d, 0xef, 0x7d, 0xef, 0x76, 0xb5, 0x5d, 0xef, 0x1c, 0xe7,
    0x1b, 0xe7, 0x1b, 0xe7, 0x1c, 0xe7, 0x3c, 0xe7, 0x49, 0x4a, 0x0c, 0x63,
    0x5c, 0xef, 0xfb, 0xe6, 0xfb, 0xde, 0xfb, 0xde, 0xdb, 0xde, 0x9a, 0xd6,
    0x38, 0xc6, 0x18, 0xc6, 0xf7, 0xc5, 0x38, 0xc6, 0x59, 0xce, 0x55, 0xad,
    0x6c, 0x73, 0xaa, 0x62, 0x69, 0x5a, 0x68, 0x5a, 0x89, 0x5a, 0xea, 0x6a,
    0xaa, 0x62, 0xeb, 0x6a, 0x0b, 0x6b, 0x4c, 0x73, 0x6c, 0x73, 0x2b, 0x73,
    0x2b, 0x73, 0x4c, 0x73, 0x4b, 0x73, 0xce, 0x83, 0x9a, 0xd6, 0x58, 0xce,
    0x78, 0xce, 0x59, 0xce, 0x59, 0xce, 0x79, 0xce, 0x79, 0xce, 0x79, 0xce,
    0x79, 0xce, 0x79, 0xce, 0x79, 0xd6, 0x9a, 0xd6, 0xba, 0xde, 0x9a, 0xd6,
    0x9a, 0xd6, 0x79, 0xce, 0x59, 0xce, 0x58, 0xce, 0x38, 0xc6, 0x38, 0xc6,
    0x38, 0xc6, 0x38, 0xc6, 0x58, 0xc6, 0x59, 0xce, 0x58, 0xc6, 0xf7, 0xc5,
    0x1b, 0xef, 0xb5, 0xc5, 0xb5, 0xc5, 0x95, 0xbd, 0x75, 0xbd, 0x54, 0xbd,
    0x54, 0xbd, 0x54, 0xbd, 0x18, 0xce, 0x38, 0xbe, 0x18, 0xbe, 0xba, 0xd6,
    0xba, 0xd6, 0x76, 0x9d, 0x15, 0x95, 0x15, 0x95, 0x15, 0x8d, 0x56, 0x9d,
    0x56, 0x9d, 0x15, 0x95, 0xd7, 0xb5, 0x38, 0xc6, 0x79, 0xce, 0xda, 0xde,
    0xba, 0xd6, 0xba, 0xde, 0xda, 0xd6, 0x9a, 0xce, 0x35, 0x95, 0xb7, 0xad,
    0x79, 0xc6, 0x18, 0xb6, 0x9a, 0xd6, 0xf8, 0xb5, 0x97, 0xa5, 0x76, 0x9d,
    0x56, 0x9d, 0x55, 0x95, 0x35, 0x95, 0x15, 0x95, 0x36, 0x9d, 0x56, 0x95,
    0x35, 0x95, 0xd3, 0x84, 0x32, 0x84, 0x1b, 0xef, 0x37, 0xd6, 0xf6, 0xc5,
    0xf7, 0xc5, 0x17, 0xce, 0x17, 0xc6, 0xf7, 0xc5, 0xf7, 0xc5, 0xd6, 0xbd,
    0xb6, 0xbd, 0x75, 0xbd, 0x54, 0xb5, 0x34, 0xb5, 0xf3, 0xac, 0x72, 0x8c,
    0x52, 0x8c, 0x72, 0x8c, 0x93, 0x94, 0x31, 0x84, 0xb3, 0x94, 0xe8, 0x39,
    0x09, 0x42, 0x08, 0x42, 0x08, 0x42, 0x8a, 0x4a, 0xf1, 0x7b, 0xf0, 0x73,
    0xf1, 0x73, 0xf1, 0x73, 0xf0, 0x73, 0xf0, 0x73, 0x53, 0x7c, 0xce, 0x4a,
    0x30, 0x53, 0xf6, 0x8c, 0x54, 0x7c, 0xb5, 0x84, 0x33, 0x7c, 0x13, 0x74,
    0x12, 0x74, 0xf1, 0x73, 0x12, 0x74, 0x74, 0x7c, 0xd6, 0x84, 0x95, 0x84,
    0xf6, 0x8c, 0x8c, 0x4a, 0x3b, 0xb6, 0x1b, 0xae, 0xac, 0x29, 0xd0, 0x4a,
    0x9a, 0x9d, 0x79, 0x95, 0x12, 0x74, 0x32, 0x7c, 0x92, 0x8c, 0x0d, 0x5b,
    0x2d, 0x5b, 0x54, 0x7c, 0x99, 0x9d, 0xfa, 0xa5, 0x1b, 0xae, 0xfa, 0xa5,
    0xfa, 0xa5, 0x3b, 0xae, 0x3b, 0xae, 0xf2, 0x73, 0x11, 0x74, 0xb0, 0x6b,
    0x4f, 0x63, 0x0e, 0x5b, 0x6d, 0x4a, 0xee, 0x5a, 0x6f, 0x73, 0x10, 0x8c,
    0xe8, 0x39, 0x29, 0x42, 0x29, 0x42, 0x29, 0x42, 0x49, 0x42, 0x49, 0x4a,
    0x4a, 0x42, 0x4a, 0x4a, 0x4a, 0x42, 0x29, 0x42, 0x4a, 0x4a, 0x6a, 0x4a,
    0x6b, 0x4a, 0x6a, 0x4a, 0x6b, 0x4a, 0x6b, 0x4a, 0x8b, 0x4a, 0x6b, 0x4a,
    0x4a, 0x42, 0x6e, 0x6b, 0x18, 0xbe, 0xd7, 0xb5, 0xd7, 0xb5, 0xd7, 0xad,
    0xd7, 0xb5, 0xd7, 0xad, 0xd7, 0xad, 0xd7, 0xb5, 0xd7, 0xb5, 0xd7, 0xad,
    0xf7, 0xb5, 0xf7, 0xb5, 0xf7, 0xb5, 0xf7, 0xb5, 0xf7, 0xad, 0xf7, 0xb5,
    0xf7, 0xb5, 0xf7, 0xb5, 0xf7, 0xb5, 0xf8, 0xb5, 0xf8, 0xb5, 0xf7, 0xb5,
    0xf8, 0xb5, 0xf8, 0xb5, 0xf7, 0xb5, 0xf7, 0xb5, 0x17, 0xb6, 0x18, 0xb6,
    0x17, 0xb6, 0xf7, 0xb5, 0xf7, 0xb5, 0xf7, 0xb5, 0x17, 0xb6, 0x93, 0x84,
    0x74, 0x8c, 0x94, 0x8c, 0x94, 0x8c, 0x6f, 0x6b, 0x6f, 0x6b, 0x90, 0x73,
    0xb0, 0x73, 0xaf, 0x73, 0xf0, 0x7b, 0x31, 0x8c, 0x11, 0x8c, 0x11, 0x84,
    0x11, 0x8c, 0x31, 0x84, 0x31, 0x84, 0x11, 0x8c, 0x31, 0x84, 0x10, 0x84,
    0x10, 0x84, 0x10, 0x84, 0x10, 0x84, 0x10, 0x84, 0x11, 0x84, 0x11, 0x84,
    0x11, 0x84, 0x11, 0x84, 0x11, 0x84, 0x11, 0x84, 0x11, 0x84, 0x10, 0x84,
    0x10, 0x84, 0xf0, 0x83, 0xf0, 0x7b, 0xf0, 0x7b, 0xf0, 0x83, 0xf0, 0x83,
    0xf0, 0x83, 0xf0, 0x7b, 0xb0, 0x73, 0x8f, 0x73, 0x8f, 0x73, 0x8f, 0x73,
    0x8f, 0x73, 0x8f, 0x73, 0xb0, 0x73, 0xb4, 0x94, 0x94, 0x94, 0x94, 0x94,
    0x94, 0x94, 0x93, 0x94, 0x94, 0x94, 0x93, 0x8c, 0xf5, 0x94, 0x58, 0xb6,
    0x58, 0xb6, 0x98, 0xbe, 0xcf, 0x73, 0xec, 0x5a, 0xec, 0x5a, 0xec, 0x5a,
    0xcb, 0x52, 0x59, 0xce, 0x79, 0xd6, 0x1b, 0xe7, 0xfb, 0xe6, 0x18, 0xc6,
    0x29, 0x42, 0x10, 0x84, 0x7d, 0xef, 0x1b, 0xe7, 0x1b, 0xe7, 0xfb, 0xe6,
    0xfb, 0xde, 0xda, 0xde, 0x9a, 0xd6, 0x59, 0xce, 0x58, 0xce, 0x59, 0xce,
    0x9a, 0xd6, 0xfb, 0xde, 0xfb, 0xe6, 0xfb, 0xe6, 0xfb, 0xe6, 0xfb, 0xe6,
    0xdb, 0xde, 0xda, 0xde, 0xdb, 0xde, 0xda, 0xde, 0xdb, 0xde, 0x1b, 0xe7,
    0x49, 0x4a, 0x0c, 0x63, 0x5c, 0xef, 0xfb, 0xe6, 0xfb, 0xde, 0xfb, 0xde,
    0xfb, 0xde, 0x79, 0xd6, 0x38, 0xc6, 0x38, 0xce, 0x79, 0xd6, 0x9a, 0xd6,
    0x9a, 0xd6, 0x96, 0xb5, 0x07, 0x4a, 0xa9, 0x5a, 0xca, 0x62, 0xea, 0x6a,
    0xca, 0x62, 0xca, 0x62, 0x0a, 0x6b, 0x4c, 0x73, 0x0b, 0x6b, 0x2b, 0x73,
    0x4b, 0x73, 0x6c, 0x73, 0x8c, 0x7b, 0x6c, 0x7b, 0x2b, 0x6b, 0x13, 0xa5,
    0x79, 0xd6, 0x58, 0xce, 0x79, 0xce, 0x78, 0xce, 0x58, 0xce, 0x79, 0xce,
    0x79, 0xce, 0x79, 0xce, 0x79, 0xd6, 0x79, 0xd6, 0x9a, 0xd6, 0xba, 0xde,
    0xba, 0xd6, 0x9a, 0xd6, 0x9a, 0xd6, 0x59, 0xce, 0x58, 0xce, 0x38, 0xc6,
    0x38, 0xc6, 0x38, 0xc6, 0x58, 0xce, 0x79, 0xce, 0x9a, 0xd6, 0x99, 0xd6,
    0x38, 0xce, 0xfa, 0xe6, 0xf7, 0xcd, 0xb5, 0xc5, 0x95, 0xbd, 0x75, 0xbd,
    0x54, 0xbd, 0x54, 0xbd, 0x34, 0xb5, 0x18, 0xce, 0xfb, 0xde, 0x97, 0xad,
    0x15, 0x95, 0x35, 0x95, 0x56, 0x9d, 0x15, 0x95, 0xf5, 0x8c, 0x15, 0x8d,
    0x15, 0x8d, 0xf5, 0x8c, 0x15, 0x8d, 0xf5, 0x8c, 0xb4, 0x84, 0x15, 0x8d,
    0xd7, 0xad, 0xdb, 0xde, 0x39, 0xbe, 0xbb, 0xd6, 0xba, 0xde, 0x7a, 0xce,
    0x15, 0x8d, 0xf5, 0x8c, 0x15, 0x8d, 0x56, 0x9d, 0x38, 0xbe, 0x76, 0x9d,
    0x97, 0xa5, 0x96, 0x9d, 0x76, 0x9d, 0x76, 0x9d, 0x56, 0x9d, 0x35, 0x95,
    0x15, 0x95, 0x35, 0x95, 0x35, 0x95, 0x15, 0x95, 0x93, 0x84, 0xb6, 0xb5,
    0xfa, 0xee, 0xf6, 0xcd, 0xf7, 0xc5, 0x17, 0xc6, 0x17, 0xc6, 0x17, 0xc6,
    0xf7, 0xc5, 0xd6, 0xc5, 0xb6, 0xbd, 0x75, 0xbd, 0x54, 0xb5, 0x34, 0xb5,
    0x13, 0xad, 0x31, 0x84, 0x72, 0x8c, 0x92, 0x8c, 0xb2, 0x94, 0xf4, 0x9c,
    0x72, 0x8c, 0xe8, 0x39, 0x08, 0x42, 0x09, 0x3a, 0x08, 0x3a, 0x8b, 0x4a,
    0xf1, 0x7b, 0xf0, 0x73, 0xf0, 0x73, 0xf1, 0x73, 0xf0, 0x73, 0xf0, 0x73,
    0xb1, 0x6b, 0x6d, 0x42, 0x54, 0x7c, 0xd6, 0x8c, 0x54, 0x7c, 0xd6, 0x8c,
    0x95, 0x7c, 0x53, 0x7c, 0x32, 0x74, 0x12, 0x74, 0x33, 0x7c, 0xb5, 0x84,
    0xd6, 0x8c, 0x95, 0x84, 0x75, 0x7c, 0x1b, 0xb6, 0x7c, 0xbe, 0x2e, 0x32,
    0x4f, 0x3a, 0x9b, 0x9d, 0x7a, 0x95, 0x79, 0x95, 0x33, 0x7c, 0x52, 0x84,
    0x11, 0x7c, 0x0d, 0x5b, 0x2e, 0x5b, 0x75, 0x7c, 0xda, 0xa5, 0x99, 0x9d,
    0x3b, 0xae, 0x1b, 0xa6, 0x1b, 0xae, 0x3b, 0xae, 0x7c, 0xae, 0xd1, 0x6b,
    0x4f, 0x63, 0xed, 0x5a, 0xad, 0x52, 0xed, 0x5a, 0x0d, 0x63, 0xb1, 0x73,
    0x4b, 0x4a, 0x09, 0x3a, 0x29, 0x42, 0x29, 0x42, 0x29, 0x42, 0x2a, 0x42,
    0x2a, 0x4a, 0x49, 0x4a, 0x49, 0x42, 0x4a, 0x4a, 0x29, 0x42, 0x92, 0x94,
    0x29, 0x42, 0x6b, 0x4a, 0x4a, 0x4a, 0x6a, 0x4a, 0x6b, 0x4a, 0x6b, 0x4a,
    0x6b, 0x42, 0x2a, 0x42, 0x8f, 0x6b, 0x18, 0xbe, 0xd7, 0xad, 0xd7, 0xad,
    0xd7, 0xad, 0xd7, 0xad, 0xd7, 0xb5, 0xd7, 0xad, 0xd7, 0xad, 0xd7, 0xad,
    0xd7, 0xb5, 0xd7, 0xb5, 0xd7, 0xad, 0xf7, 0xb5, 0xf7, 0xb5, 0xf7, 0xb5,
    0xf7, 0xb5, 0xf7, 0xb5, 0xf7, 0xb5, 0xf8, 0xb5, 0xf7, 0xb5, 0xf7, 0xb5,
    0x17, 0xb6, 0xf7, 0xb5, 0xf7, 0xb5, 0xf8, 0xb5, 0xf7, 0xb5, 0xf7, 0xb5,
    0xf7, 0xb5, 0xf8, 0xb5, 0x18, 0xbe, 0x38, 0xbe, 0x59, 0xc6, 0x79, 0xce,
    0x9a, 0xd6, 0xf5, 0x94, 0x94, 0x8c, 0x94, 0x8c, 0x94, 0x94, 0x73, 0x8c,
    0x8f, 0x73, 0x90, 0x73, 0x90, 0x73, 0xb0, 0x73, 0xd0, 0x7b, 0x31, 0x8c,
    0x11, 0x84, 0x30, 0x84, 0x31, 0x8c, 0x31, 0x84, 0x11, 0x84, 0x31, 0x8c,
    0x11, 0x84, 0x31, 0x84, 0x11, 0x84, 0x11, 0x84, 0x11, 0x84, 0x11, 0x84,
    0x10, 0x84, 0x10, 0x84, 0x11, 0x84, 0x11, 0x84, 0x11, 0x84, 0x11, 0x84,
    0x11, 0x84, 0x11, 0x84, 0x11, 0x7c, 0x10, 0x84, 0x10, 0x84, 0x10, 0x84,
    0xf0, 0x83, 0x10, 0x84, 0x10, 0x84, 0x10, 0x84, 0xb0, 0x73, 0x90, 0x73,
    0x90, 0x73, 0x8f, 0x73, 0x90, 0x6b, 0x6f, 0x6b, 0x74, 0x94, 0x94, 0x94,
    0xb4, 0x94, 0x93, 0x8c, 0x73, 0x8c, 0x73, 0x8c, 0x53, 0x8c, 0x53, 0x8c,
    0xb3, 0x9c, 0xd6, 0xb5, 0xd6, 0xb5, 0x17, 0xbe, 0xaf, 0x73, 0xec, 0x5a,
    0xec, 0x5a, 0x0c, 0x5b, 0xcb, 0x52, 0x79, 0xd6, 0xd6, 0xbd, 0x38, 0xc6,
    0x38, 0xc6, 0x34, 0xad, 0x29, 0x42, 0xeb, 0x5a, 0xba, 0xd6, 0x79, 0xd6,
    0x79, 0xce, 0x59, 0xce, 0x38, 0xce, 0x38, 0xce, 0xf7, 0xc5, 0xd7, 0xbd,
    0xb6, 0xbd, 0xd6, 0xbd, 0x17, 0xc6, 0x38, 0xce, 0x58, 0xce, 0x58, 0xce,
    0x58, 0xce, 0x38, 0xce, 0x38, 0xce, 0x38, 0xce, 0x38, 0xc6, 0x18, 0xc6,
    0x38, 0xce, 0x38, 0xce, 0x48, 0x4a, 0x4d, 0x6b, 0xba, 0xde, 0x58, 0xce,
    0x58, 0xce, 0x58, 0xce, 0x79, 0xd6, 0x59, 0xce, 0x9a, 0xd6, 0xba, 0xde,
    0x18, 0xc6, 0xb6, 0xbd, 0xb6, 0xbd, 0x38, 0xce, 0x8a, 0x52, 0x28, 0x52,
    0x89, 0x5a, 0xea, 0x62, 0x89, 0x5a, 0x68, 0x5a, 0x88, 0x5a, 0xea, 0x62,
    0x4b, 0x73, 0x8c, 0x7b, 0x6c, 0x7b, 0x8c, 0x7b, 0x4b, 0x73, 0x0b, 0x6b,
    0xea, 0x62, 0x17, 0xc6, 0x17, 0xc6, 0x18, 0xc6, 0x18, 0xc6, 0x38, 0xc6,
    0x38, 0xc6, 0x58, 0xce, 0x79, 0xce, 0x79, 0xd6, 0x79, 0xce, 0x7a, 0xd6,
    0xba, 0xd6, 0xbb, 0xde, 0xdb, 0xde, 0xba, 0xd6, 0x9a, 0xd6, 0x79, 0xd6,
    0x39, 0xce, 0x38, 0xc6, 0x59, 0xce, 0x59, 0xce, 0x99, 0xd6, 0x9a, 0xd6,
    0x9a, 0xd6, 0x9a, 0xd6, 0xb9, 0xde, 0xb9, 0xe6, 0xb5, 0xc5, 0x95, 0xc5,
    0x95, 0xbd, 0x54, 0xbd, 0x54, 0xb5, 0x13, 0xb5, 0xd7, 0xc5, 0xfb, 0xe6,
    0xba, 0xd6, 0xd7, 0xad, 0xf5, 0x8c, 0xb4, 0x84, 0xb4, 0x84, 0xf5, 0x8c,
    0xd4, 0x84, 0xd4, 0x8c, 0xf5, 0x8c, 0xf5, 0x8c, 0xf5, 0x8c, 0xd4, 0x84,
    0xb4, 0x84, 0xf5, 0x8c, 0x56, 0x9d, 0x97, 0xad, 0xb7, 0xad, 0x9a, 0xd6,
    0x39, 0xc6, 0x38, 0xbe, 0xd4, 0x84, 0xf5, 0x8c, 0xf5, 0x8c, 0xf5, 0x8c,
    0x56, 0x9d, 0x15, 0x95, 0x56, 0x9d, 0x56, 0x9d, 0x56, 0x9d, 0x76, 0x9d,
    0x56, 0x9d, 0x56, 0x95, 0xf4, 0x8c, 0x35, 0x95, 0x15, 0x95, 0xb4, 0x84,
    0x93, 0x84, 0x52, 0x84, 0x1b, 0xef, 0x17, 0xce, 0xf7, 0xc5, 0x17, 0xce,
    0x17, 0xce, 0x17, 0xc6, 0xf7, 0xc5, 0xf7, 0xc5, 0xb6, 0xbd, 0x75, 0xbd,
    0x55, 0xbd, 0x34, 0xb5, 0x14, 0xb5, 0x51, 0x8c, 0x72, 0x8c, 0x72, 0x8c,
    0x72, 0x8c, 0x39, 0xc6, 0x72, 0x8c, 0xe8, 0x39, 0x08, 0x42, 0x08, 0x3a,
    0xe8, 0x39, 0x8b, 0x52, 0x11, 0x7c, 0xd1, 0x73, 0xf1, 0x73, 0xf0, 0x73,
    0xf1, 0x73, 0xf1, 0x73, 0x91, 0x6b, 0xae, 0x42, 0xb6, 0x8c, 0xd6, 0x8c,
    0x74, 0x7c, 0xd6, 0x8c, 0xf6, 0x8c, 0x94, 0x7c, 0x53, 0x7c, 0x33, 0x7c,
    0x74, 0x84, 0xf6, 0x8c, 0xd6, 0x8c, 0x95, 0x84, 0x74, 0x7c, 0xbd, 0xc6,
    0x55, 0x7c, 0xed, 0x29, 0xf8, 0x8c, 0xda, 0x9d, 0x9a, 0x9d, 0x79, 0x95,
    0x96, 0x84, 0x73, 0x84, 0xf1, 0x73, 0x2d, 0x5b, 0xd1, 0x73, 0xd6, 0x8c,
    0x1b, 0xa6, 0x79, 0x95, 0x1b, 0xae, 0x1b, 0xa6, 0x1b, 0xae, 0x3b, 0xae,
    0x7c, 0xb6, 0x70, 0x6b, 0xad, 0x52, 0xad, 0x52, 0x6f, 0x73, 0x11, 0x84,
    0x0e, 0x63, 0x8c, 0x52, 0x2a, 0x42, 0x29, 0x42, 0x29, 0x42, 0x2a, 0x42,
    0x29, 0x42, 0x49, 0x4a, 0x4a, 0x42, 0x4a, 0x42, 0x4a, 0x4a, 0x49, 0x4a,
    0x49, 0x42, 0xab, 0x52, 0x4a, 0x42, 0x6a, 0x4a, 0x4a, 0x42, 0x4a, 0x42,
    0x6b, 0x4a, 0x6b, 0x4a, 0x4a, 0x42, 0x8e, 0x6b, 0x18, 0xbe, 0xb7, 0xb5,
    0xd7, 0xad, 0xd7, 0xad, 0xd7, 0xb5, 0xd7, 0xad, 0xd7, 0xad, 0xd7, 0xb5,
    0xd7, 0xad, 0xd7, 0xad, 0xd7, 0xad, 0xd7, 0xb5, 0xd7, 0xad, 0xd7, 0xad,
    0xd7, 0xad, 0xd7, 0xb5, 0xd7, 0xb5, 0xf7, 0xad, 0xf7, 0xb5, 0xf7, 0xb5,
    0xf7, 0xb5, 0xf7, 0xb5, 0xf7, 0xb5, 0xf7, 0xb5, 0xf7, 0xb5, 0x17, 0xb6,
    0x18, 0xbe, 0x38, 0xc6, 0x79, 0xce, 0x9a, 0xd6, 0x9a, 0xd6, 0xba, 0xde,
    0xba, 0xd6, 0xba, 0xd6, 0x9a, 0xde, 0xf5, 0x94, 0xb4, 0x94, 0x94, 0x94,
    0x94, 0x94, 0x95, 0x94, 0x32, 0x84, 0x6f, 0x6b, 0xb0, 0x73, 0xaf, 0x73,
    0xb0, 0x73, 0x31, 0x84, 0x31, 0x8c, 0x31, 0x8c, 0x30, 0x84, 0x31, 0x8c,
    0x31, 0x8c, 0x30, 0x84, 0x31, 0x84, 0x31, 0x8c, 0x31, 0x84, 0x31, 0x84,
    0x31, 0x84, 0x31, 0x84, 0x31, 0x84, 0x31, 0x84, 0x30, 0x84, 0x30, 0x7c,
    0x30, 0x7c, 0x30, 0x84, 0x30, 0x84, 0x11, 0x84, 0x11, 0x84, 0x10, 0x84,
    0x11, 0x84, 0x11, 0x84, 0x11, 0x84, 0x11, 0x84, 0x10, 0x84, 0x10, 0x84,
    0xb0, 0x73, 0xaf, 0x73, 0x90, 0x73, 0xb0, 0x73, 0x6f, 0x6b, 0x53, 0x8c,
    0xb4, 0x94, 0xb4, 0x94, 0x32, 0x8c, 0xd4, 0x9c, 0xd3, 0x9c, 0xd3, 0x9c,
    0xd3, 0x9c, 0xd3, 0x9c, 0xd3, 0x9c, 0x56, 0xad, 0x38, 0xce, 0x59, 0xce,
    0xaf, 0x73, 0xec, 0x5a, 0x0c, 0x5b, 0xec, 0x5a, 0xec, 0x5a, 0x14, 0xa5,
    0x0f, 0x84, 0xef, 0x7b, 0xcf, 0x7b, 0x0c, 0x63, 0xe8, 0x41, 0xae, 0x7b,
    0xcf, 0x7b, 0xcf, 0x7b, 0xaf, 0x73, 0xae, 0x7b, 0xaf, 0x7b, 0xaf, 0x7b,
    0xae, 0x7b, 0xaf, 0x7b, 0xae, 0x73, 0xae, 0x7b, 0xae, 0x73, 0x8e, 0x73,
    0x8e, 0x73, 0xae, 0x73, 0x8e, 0x73, 0x8e, 0x73, 0x8e, 0x73, 0x8e, 0x73,
    0x8e, 0x7b, 0x8d, 0x73, 0x8e, 0x73, 0xae, 0x7b, 0x08, 0x42, 0x2c, 0x63,
    0x18, 0xc6, 0x38, 0xce, 0x99, 0xd6, 0xda, 0xde, 0xfb, 0xe6, 0x1c, 0xef,
    0x59, 0xce, 0xd3, 0x9c, 0x30, 0x84, 0x10, 0x84, 0x10, 0x84, 0xef, 0x7b,
    0x30, 0x84, 0xcf, 0x7b, 0x6d, 0x73, 0xae, 0x73, 0x6d, 0x6b, 0x2c, 0x6b,
    0x4d, 0x6b, 0x8e, 0x73, 0xae, 0x7b, 0xaf, 0x7b, 0xcf, 0x7b, 0xce, 0x7b,
    0xef, 0x83, 0x10, 0x8c, 0x13, 0xad, 0x79, 0xce, 0x9a, 0xd6, 0xba, 0xd6,
    0xba, 0xd6, 0xba, 0xde, 0x9a, 0xd6, 0xba, 0xde, 0x9a, 0xd6, 0x7a, 0xd6,
    0x79, 0xd6, 0x9a, 0xd6, 0xba, 0xd6, 0xda, 0xde, 0xdb, 0xde, 0xba, 0xd6,
    0x9a, 0xd6, 0x79, 0xd6, 0x59, 0xce, 0x59, 0xce, 0x79, 0xce, 0x9a, 0xd6,
    0xba, 0xd6, 0xba, 0xde, 0xba, 0xd6, 0x58, 0xce, 0x5b, 0xf7, 0xb6, 0xc5,
    0xb5, 0xc5, 0x95, 0xc5, 0x75, 0xbd, 0x34, 0xb5, 0x33, 0xb5, 0xf3, 0xb4,
    0xdb, 0xe6, 0xdb, 0xde, 0x7a, 0xce, 0x97, 0xa5, 0xf4, 0x8c, 0x93, 0x7c,
    0x73, 0x7c, 0x93, 0x7c, 0x93, 0x7c, 0xb4, 0x84, 0xb4, 0x84, 0xb4, 0x7c,
    0xb4, 0x84, 0xb4, 0x84, 0xd4, 0x84, 0x15, 0x95, 0x36, 0x9d, 0x35, 0x95,
    0xb4, 0x84, 0xb4, 0x7c, 0x93, 0x7c, 0x52, 0x74, 0xd8, 0xad, 0xf4, 0x8c,
    0xf5, 0x8c, 0xf4, 0x8c, 0xd4, 0x8c, 0xb4, 0x84, 0xb4, 0x84, 0xb3, 0x84,
    0xf4, 0x8c, 0x76, 0x9d, 0x56, 0x9d, 0x56, 0x9d, 0xf4, 0x8c, 0xb3, 0x84,
    0x93, 0x84, 0x93, 0x84, 0x72, 0x7c, 0x31, 0x7c, 0xd6, 0xbd, 0x98, 0xde,
    0xf6, 0xc5, 0xf7, 0xc5, 0x17, 0xc6, 0x17, 0xc6, 0x17, 0xc6, 0xf7, 0xc5,
    0xd6, 0xbd, 0x95, 0xbd, 0x55, 0xbd, 0x34, 0xb5, 0x33, 0xb5, 0x72, 0x94,
    0x72, 0x8c, 0x72, 0x8c, 0x72, 0x8c, 0xb3, 0x9c, 0x31, 0x8c, 0xe8, 0x39,
    0x08, 0x42, 0x08, 0x42, 0x08, 0x3a, 0xab, 0x52, 0xf1, 0x73, 0xf0, 0x73,
    0xd0, 0x73, 0xd0, 0x73, 0xd0, 0x73, 0xd1, 0x73, 0x90, 0x6b, 0xef, 0x4a,
    0xf6, 0x8c, 0xd5, 0x84, 0x95, 0x7c, 0xd6, 0x8c, 0x17, 0x8d, 0x17, 0x8d,
    0xf5, 0x8c, 0xd5, 0x84, 0xd6, 0x8c, 0xf6, 0x8c, 0xd6, 0x8c, 0x74, 0x7c,
    0x54, 0x7c, 0x9d, 0xc6, 0x0d, 0x32, 0xd0, 0x4a, 0x7c, 0xb6, 0x9a, 0x9d,
    0xfb, 0xa5, 0x59, 0x95, 0x18, 0x8d, 0x73, 0x84, 0xf1, 0x73, 0x2e, 0x63,
    0x53, 0x7c, 0x17, 0x8d, 0x1b, 0xae, 0x79, 0x95, 0x1b, 0xae, 0x1b, 0xae,
    0x3b, 0xae, 0x3b, 0xae, 0x3b, 0xae, 0xad, 0x52, 0x8d, 0x4a, 0xce, 0x5a,
    0xac, 0x52, 0xcd, 0x5a, 0x4b, 0x4a, 0x2a, 0x4a, 0x29, 0x42, 0x29, 0x4a,
    0x29, 0x42, 0x29, 0x42, 0x2a, 0x4a, 0x49, 0x42, 0x49, 0x4a, 0x2a, 0x42,
    0x4a, 0x4a, 0x49, 0x4a, 0x4a, 0x4a, 0x4a, 0x4a, 0x4a, 0x4a, 0x4a, 0x4a,
    0x6b, 0x4a, 0x4a, 0x4a, 0x4a, 0x4a, 0x2a, 0x42, 0x8e, 0x6b, 0x18, 0xbe,
    0xb7, 0xb5, 0xd7, 0xad, 0xd6, 0xad, 0xd6, 0xb5, 0xb6, 0xb5, 0xd7, 0xad,
    0xd7, 0xad, 0xb7, 0xb5, 0xd7, 0xb5, 0xd6, 0xad, 0xd6, 0xad, 0xd7, 0xad,
    0xd7, 0xb5, 0xd7, 0xb5, 0xd7, 0xad, 0xd7, 0xb5, 0xd7, 0xad, 0xf7, 0xb5,
    0xd7, 0xb5, 0xd7, 0xad, 0xf7, 0xb5, 0xf7, 0xb5, 0x18, 0xbe, 0x59, 0xce,
    0x7a, 0xd6, 0xba, 0xd6, 0xba, 0xde, 0xba, 0xde, 0x9a, 0xd6, 0x9a, 0xd6,
    0x9a, 0xd6, 0x9a, 0xd6, 0x9a, 0xd6, 0x79, 0xce, 0x79, 0xce, 0xd4, 0x8c,
    0x33, 0x8c, 0xb5, 0x94, 0x94, 0x94, 0x94, 0x94, 0x94, 0x94, 0x12, 0x84,
    0x8f, 0x73, 0xb0, 0x73, 0x90, 0x73, 0xb0, 0x73, 0xb0, 0x73, 0xb0, 0x7b,
    0xb0, 0x73, 0xb0, 0x73, 0xd0, 0x7b, 0xd0, 0x7b, 0xd0, 0x7b, 0xd0, 0x7b,
    0xcf, 0x7b, 0xb0, 0x7b, 0xd0, 0x7b, 0xd0, 0x7b, 0xb0, 0x73, 0xd0, 0x7b,
    0xd0, 0x7b, 0xd0, 0x7b, 0xd0, 0x7b, 0xd0, 0x73, 0xd0, 0x7b, 0xd0, 0x7b,
    0xd0, 0x7b, 0xd0, 0x73, 0xd0, 0x73, 0xd0, 0x7b, 0xd0, 0x7b, 0xd0, 0x7b,
    0xd0, 0x7b, 0xf0, 0x7b, 0xaf, 0x73, 0x8f, 0x73, 0xb0, 0x73, 0x8f, 0x6b,
    0x11, 0x7c, 0xd4, 0x94, 0xb4, 0x94, 0xb5, 0x94, 0x0d, 0x5b, 0xcb, 0x5a,
    0xcb, 0x52, 0xab, 0x52, 0xab, 0x52, 0xcb, 0x52, 0xab, 0x52, 0xab, 0x52,
    0x8b, 0x52, 0xab, 0x52, 0xcb, 0x5a, 0xec, 0x5a, 0x0c, 0x5b, 0xec, 0x5a,
    0x0c, 0x5b, 0xcc, 0x5a, 0xec, 0x5a, 0xec, 0x5a, 0xec, 0x5a, 0x0c, 0x5b,
    0x0c, 0x5b, 0x0c, 0x5b, 0xec, 0x5a, 0xec, 0x5a, 0xec, 0x5a, 0xeb, 0x5a,
    0xeb, 0x5a, 0xec, 0x52, 0xcb, 0x52, 0xcb, 0x52, 0xab, 0x52, 0xaa, 0x52,
    0x8a, 0x52, 0x8a, 0x52, 0x8a, 0x52, 0x8a, 0x4a, 0x6a, 0x52, 0x8a, 0x52,
    0x6a, 0x4a, 0x89, 0x52, 0x8a, 0x52, 0x69, 0x52, 0x89, 0x4a, 0x6a, 0x4a,
    0x6a, 0x52, 0x8a, 0x52, 0x6e, 0x6b, 0x92, 0x94, 0x35, 0xad, 0x55, 0xad,
    0xb3, 0x9c, 0x4d, 0x6b, 0xcb, 0x5a, 0x0c, 0x5b, 0x2c, 0x63, 0x2d, 0x63,
    0x4d, 0x63, 0x4d, 0x6b, 0x6d, 0x6b, 0x6e, 0x6b, 0x8e, 0x6b, 0x8e, 0x6b,
    0x8e, 0x73, 0xaf, 0x73, 0xaf, 0x73, 0xaf, 0x73, 0xcf, 0x73, 0xcf, 0x73,
    0xcf, 0x73, 0xcf, 0x73, 0xef, 0x73, 0xef, 0x7b, 0xcf, 0x73, 0xcf, 0x73,
    0xcf, 0x7b, 0xcf, 0x7b, 0xcf, 0x7b, 0xcf, 0x7b, 0xef, 0x7b, 0x30, 0x8c,
    0xdb, 0xde, 0x9a, 0xd6, 0x9a, 0xd6, 0xba, 0xd6, 0xba, 0xde, 0xba, 0xd6,
    0x9a, 0xd6, 0x9a, 0xd6, 0x99, 0xd6, 0x79, 0xd6, 0x79, 0xce, 0x79, 0xce,
    0x9a, 0xd6, 0xba, 0xd6, 0xba, 0xde, 0xbb, 0xde, 0xba, 0xd6, 0x99, 0xde,
    0x79, 0xde, 0xb5, 0xc5, 0x95, 0xc5, 0x75, 0xbd, 0x54, 0xbd, 0x13, 0xb5,
    0xd2, 0xac, 0x34, 0xbd, 0xda, 0xd6, 0xba, 0xd6, 0x59, 0xc6, 0x97, 0xa5,
    0xd4, 0x84, 0x93, 0x7c, 0x73, 0x7c, 0x53, 0x74, 0x73, 0x7c, 0x93, 0x7c,
    0x93, 0x84, 0x93, 0x7c, 0x93, 0x7c, 0xb4, 0x84, 0xf5, 0x84, 0x15, 0x95,
    0x36, 0x95, 0x56, 0x9d, 0x15, 0x8d, 0x93, 0x7c, 0x93, 0x7c, 0x73, 0x74,
    0x73, 0x7c, 0xf5, 0x84, 0xf4, 0x8c, 0xf4, 0x84, 0xd4, 0x84, 0xb4, 0x84,
    0xb3, 0x84, 0xf4, 0x8c, 0x56, 0x9d, 0x56, 0x9d, 0x76, 0x9d, 0x56, 0x9d,
    0x15, 0x95, 0x32, 0x74, 0x32, 0x74, 0x52, 0x7c, 0x52, 0x7c, 0x52, 0x7c,
    0x52, 0x84, 0xfa, 0xee, 0x17, 0xce, 0x17, 0xc6, 0xf7, 0xc5, 0x17, 0xc6,
    0x17, 0xc6, 0xf7, 0xc5, 0xd6, 0xbd, 0x96, 0xbd, 0x74, 0xb5, 0x34, 0xb5,
    0x33, 0xb5, 0x92, 0x94, 0x72, 0x8c, 0x72, 0x8c, 0x72, 0x8c, 0x72, 0x8c,
    0x51, 0x84, 0xc8, 0x39, 0x08, 0x42, 0xe8, 0x41, 0x08, 0x3a, 0xab, 0x52,
    0x11, 0x7c, 0xd1, 0x73, 0xf0, 0x73, 0xf1, 0x73, 0xd0, 0x73, 0xf0, 0x73,
    0xb0, 0x6b, 0x50, 0x5b, 0xf6, 0x8c, 0xd6, 0x84, 0xb5, 0x84, 0xb5, 0x84,
    0x16, 0x8d, 0x17, 0x95, 0x37, 0x8d, 0xf6, 0x8c, 0xf6, 0x8c, 0xf6, 0x8c,
    0xd6, 0x8c, 0x54, 0x7c, 0x95, 0x84, 0x75, 0x7c, 0xee, 0x31, 0x59, 0x95,
    0x3b, 0xae, 0x9a, 0x9d, 0x5b, 0xae, 0x79, 0x95, 0x79, 0x95, 0x95, 0x84,
    0xd1, 0x73, 0x90, 0x6b, 0x74, 0x7c, 0x58, 0x95, 0x1c, 0xae, 0xb9, 0x9d,
    0xfa, 0xa5, 0x3b, 0xae, 0x3b, 0xae, 0x7c, 0xb6, 0x94, 0x84, 0x6b, 0x4a,
    0xaf, 0x7b, 0xd0, 0x83, 0xaf, 0x7b, 0x4a, 0x42, 0x09, 0x42, 0x29, 0x4a,
    0x29, 0x42, 0x29, 0x4a, 0x29, 0x42, 0x4a, 0x4a, 0x49, 0x42, 0x4a, 0x4a,
    0x29, 0x4a, 0x4a, 0x4a, 0x49, 0x42, 0x4a, 0x42, 0x4a, 0x4a, 0x4a, 0x42,
    0x4a, 0x4a, 0x4a, 0x42, 0x4b, 0x42, 0x6a, 0x4a, 0x2a, 0x42, 0x2d, 0x5b,
    0x18, 0xbe, 0xd7, 0xad, 0xd7, 0xad, 0xd7, 0xad, 0xd7, 0xb5, 0xd7, 0xad,
    0xb6, 0xad, 0xd7, 0xb5, 0xd6, 0xad, 0xb6, 0xad, 0xb7, 0xad, 0xb7, 0xb5,
    0xd6, 0xb5, 0xd7, 0xad, 0xd7, 0xb5, 0xd6, 0xad, 0xd7, 0xad, 0xd6, 0xad,
    0xd7, 0xb5, 0xf7, 0xb5, 0x18, 0xbe, 0x59, 0xce, 0x7a, 0xce, 0x7a, 0xd6,
    0x7a, 0xce, 0x59, 0xce, 0x39, 0xc6, 0x38, 0xbe, 0x18, 0xbe, 0x18, 0xbe,
    0x18, 0xbe, 0x18, 0xbe, 0x18, 0xb6, 0x17, 0xb6, 0xf8, 0xb5, 0xf8, 0xb5,
    0x18, 0xb6, 0x93, 0x84, 0x93, 0x9c, 0xf1, 0x83, 0x94, 0x94, 0x94, 0x8c,
    0x94, 0x94, 0xb4, 0x94, 0xd0, 0x7b, 0x8f, 0x73, 0xb0, 0x73, 0xb0, 0x73,
    0xb0, 0x73, 0xb0, 0x73, 0xb0, 0x7b, 0xb0, 0x73, 0xd0, 0x73, 0x90, 0x73,
    0x8f, 0x73, 0x90, 0x73, 0xb0, 0x73, 0xb0, 0x7b, 0xaf, 0x73, 0xb0, 0x73,
    0xb0, 0x73, 0x8f, 0x73, 0x90, 0x73, 0x90, 0x73, 0x90, 0x73, 0xd0, 0x7b,
    0xb0, 0x73, 0xb0, 0x73, 0xd0, 0x7b, 0xaf, 0x73, 0x8f, 0x73, 0x8f, 0x73,
    0x8f, 0x73, 0xb0, 0x73, 0x90, 0x73, 0x90, 0x73, 0xaf, 0x73, 0x90, 0x73,
    0x6f, 0x6b, 0xd0, 0x73, 0xd5, 0x9c, 0xb4, 0x94, 0xb4, 0x94, 0xb5, 0x94,
    0xec, 0x5a, 0xec, 0x5a, 0xec, 0x5a, 0xec, 0x5a, 0xec, 0x5a, 0xec, 0x5a,
    0xec, 0x5a, 0xec, 0x5a, 0xec, 0x5a, 0xec, 0x5a, 0x0c, 0x5b, 0xec, 0x5a,
    0x0c, 0x5b, 0x0c, 0x5b, 0x0d, 0x5b, 0x0d, 0x5b, 0x2d, 0x63, 0x2d, 0x63,
    0x2d, 0x63, 0x0d, 0x63, 0x2d, 0x63, 0x0d, 0x63, 0x2d, 0x63, 0x0c, 0x5b,
    0x0c, 0x5b, 0x2c, 0x63, 0x0c, 0x5b, 0x0c, 0x5b, 0x0c, 0x5b, 0x0c, 0x5b,
    0xeb, 0x5a, 0xcb, 0x5a, 0xcb, 0x52, 0xcb, 0x5a, 0xcb, 0x5a, 0xaa, 0x52,
    0xca, 0x5a, 0xaa, 0x52, 0xaa, 0x52, 0xaa, 0x52, 0xab, 0x52, 0xab, 0x52,
    0xaa, 0x52, 0xaa, 0x52, 0xcf, 0x7b, 0x14, 0xa5, 0x75, 0xb5, 0x96, 0xb5,
    0xd3, 0x9c, 0x6e, 0x73, 0xeb, 0x5a, 0x0c, 0x5b, 0x0c, 0x63, 0x2d, 0x63,
    0x4d, 0x63, 0x4d, 0x63, 0x4d, 0x6b, 0x6d, 0x6b, 0x6e, 0x6b, 0x6e, 0x6b,
    0x8e, 0x6b, 0x8e, 0x6b, 0x8e, 0x73, 0xae, 0x6b, 0xae, 0x73, 0xaf, 0x73,
    0xcf, 0x73, 0xcf, 0x73, 0xcf, 0x73, 0xcf, 0x73, 0xd0, 0x7b, 0xef, 0x7b,
    0xf0, 0x7b, 0xf0, 0x7b, 0xef, 0x7b, 0xef, 0x7b, 0x10, 0x84, 0x10, 0x84,
    0x10, 0x84, 0xf0, 0x83, 0xba, 0xd6, 0x9a, 0xd6, 0x9a, 0xd6, 0xba, 0xde,
    0xba, 0xd6, 0x9a, 0xd6, 0x7a, 0xd6, 0x79, 0xd6, 0x9a, 0xd6, 0x9a, 0xd6,
    0xba, 0xd6, 0xba, 0xd6, 0xba, 0xde, 0xba, 0xde, 0xba, 0xd6, 0xbb, 0xde,
    0x38, 0xd6, 0x9d, 0xff, 0xd6, 0xc5, 0xb5, 0xc5, 0x95, 0xbd, 0x54, 0xbd,
    0x13, 0xb5, 0xd2, 0xac, 0x71, 0xac, 0xf4, 0xbc, 0x35, 0x95, 0x15, 0x95,
    0x96, 0xa5, 0x35, 0x95, 0xf5, 0x8c, 0x73, 0x7c, 0x73, 0x7c, 0x73, 0x7c,
    0x73, 0x7c, 0x73, 0x7c, 0x73, 0x7c, 0x73, 0x7c, 0x93, 0x7c, 0x93, 0x7c,
    0xd4, 0x8c, 0x16, 0x95, 0xf5, 0x8c, 0x35, 0x95, 0x15, 0x95, 0x94, 0x84,
    0x73, 0x74, 0x73, 0x74, 0x53, 0x7c, 0x93, 0x7c, 0xd4, 0x84, 0xd4, 0x84,
    0xd4, 0x84, 0xb4, 0x84, 0xd4, 0x84, 0x15, 0x95, 0x35, 0x95, 0x56, 0x9d,
    0x75, 0x9d, 0x56, 0x9d, 0x15, 0x95, 0x31, 0x74, 0x32, 0x74, 0x32, 0x7c,
    0x52, 0x7c, 0x52, 0x7c, 0x31, 0x74, 0xf7, 0xc5, 0x78, 0xd6, 0x16, 0xc6,
    0xf7, 0xc5, 0x17, 0xc6, 0x17, 0xc6, 0xf7, 0xc5, 0xd7, 0xbd, 0xb6, 0xbd,
    0x74, 0xbd, 0x34, 0xb5, 0x13, 0xb5, 0xb2, 0x9c, 0x72, 0x8c, 0x72, 0x8c,
    0x92, 0x8c, 0x92, 0x8c, 0x31, 0x84, 0xe8, 0x39, 0x08, 0x42, 0xe8, 0x41,
    0xe8, 0x39, 0x6a, 0x4a, 0x2e, 0x63, 0x4e, 0x63, 0x6f, 0x63, 0x8f, 0x6b,
    0xb0, 0x6b, 0xd0, 0x73, 0xb0, 0x6b, 0x91, 0x63, 0xd6, 0x8c, 0xd6, 0x8c,
    0xf6, 0x8c, 0x95, 0x7c, 0x16, 0x8d, 0x16, 0x8d, 0xf6, 0x8c, 0xf6, 0x8c,
    0xf6, 0x8c, 0xf6, 0x8c, 0xd5, 0x84, 0x53, 0x74, 0x33, 0x74, 0x4f, 0x3a,
    0xd0, 0x4a, 0xbd, 0xbe, 0x5c, 0xb6, 0x99, 0x9d, 0x5b, 0xb6, 0xdb, 0xa5,
    0x79, 0x95, 0x38, 0x95, 0xb0, 0x6b, 0xd1, 0x73, 0x95, 0x84, 0x99, 0x9d,
    0x5c, 0xb6, 0xda, 0xa5, 0xfa, 0xa5, 0x3b, 0xae, 0x3b, 0xae, 0x9b, 0xb6,
    0xcd, 0x5a, 0xaf, 0x83, 0xd0, 0x83, 0x0c, 0x63, 0xe8, 0x39, 0x09, 0x42,
    0x29, 0x42, 0x29, 0x42, 0x29, 0x42, 0x29, 0x42, 0x2a, 0x4a, 0x49, 0x42,
    0x29, 0x42, 0x4a, 0x42, 0x4a, 0x42, 0x49, 0x4a, 0x4a, 0x4a, 0x4a, 0x4a,
    0x4a, 0x42, 0x4a, 0x4a, 0x4a, 0x4a, 0x6a, 0x42, 0x4a, 0x42, 0x09, 0x42,
    0x8f, 0x6b, 0x18, 0xbe, 0xb7, 0xb5, 0xd7, 0xad, 0xd6, 0xad, 0xb6, 0xb5,
    0xd7, 0xad, 0xb6, 0xad, 0xd7, 0xad, 0xb7, 0xad, 0xb7, 0xad, 0xd6, 0xad,
    0xb7, 0xad, 0xb7, 0xad, 0xb6, 0xad, 0xb6, 0xad, 0xd7, 0xad, 0xf7, 0xbd,
    0x39, 0xc6, 0x7a, 0xce, 0x7a, 0xce, 0x59, 0xc6, 0x39, 0xc6, 0x18, 0xbe,
    0xf8, 0xb5, 0xf8, 0xb5, 0xf7, 0xb5, 0xf7, 0xb5, 0x18, 0xb6, 0xf7, 0xb5,
    0x18, 0xb6, 0x18, 0xb6, 0x17, 0xb6, 0x17, 0xb6, 0x18, 0xbe, 0x18, 0xbe,
    0x18, 0xbe, 0x18, 0xb6, 0x18, 0xbe, 0x93, 0x84, 0x73, 0x9c, 0xb4, 0xa4,
    0xf1, 0x83, 0x73, 0x8c, 0x94, 0x94, 0x94, 0x8c, 0x94, 0x94, 0x6f, 0x6b,
    0xb0, 0x73, 0xb0, 0x73, 0xb0, 0x73, 0xb0, 0x73, 0xb0, 0x73, 0xb0, 0x73,
    0x90, 0x73, 0xb0, 0x73, 0xb0, 0x73, 0xb0, 0x73, 0xaf, 0x73, 0x8f, 0x73,
    0xb0, 0x73, 0xb0, 0x73, 0x8f, 0x73, 0xb0, 0x73, 0xb0, 0x73, 0xb0, 0x73,
    0x8f, 0x73, 0x8f, 0x73, 0xb0, 0x73, 0xb0, 0x73, 0x90, 0x73, 0x90, 0x73,
    0x90, 0x73, 0x90, 0x73, 0x90, 0x73, 0x8f, 0x6b, 0xb0, 0x73, 0x90, 0x73,
    0x8f, 0x6b, 0x8f, 0x73, 0x6f, 0x6b, 0xb4, 0x94, 0xb4, 0x94, 0xb4, 0x94,
    0xb4, 0x94, 0xd5, 0x9c, 0xec, 0x5a, 0xec, 0x5a, 0x0c, 0x5b, 0xec, 0x5a,
    0xec, 0x5a, 0x0c, 0x5b, 0xec, 0x5a, 0xec, 0x5a, 0xec, 0x5a, 0xec, 0x5a,
    0xec, 0x5a, 0xec, 0x5a, 0xec, 0x5a, 0xec, 0x5a, 0xec, 0x5a, 0x0c, 0x63,
    0x0c, 0x5b, 0x0d, 0x63, 0x2d, 0x63, 0x0c, 0x5b, 0x0d, 0x63, 0x2d, 0x63,
    0x0c, 0x5b, 0x2d, 0x63, 0x2c, 0x63, 0x0c, 0x5b, 0x2d, 0x63, 0x0c, 0x63,
    0x0c, 0x5b, 0x0c, 0x5b, 0xeb, 0x5a, 0xeb, 0x5a, 0xcb, 0x52, 0xcb, 0x52,
    0xcb, 0x5a, 0xcb, 0x52, 0xcb, 0x5a, 0xcb, 0x5a, 0xab, 0x5a, 0xcb, 0x5a,
    0xaa, 0x52, 0xaa, 0x52, 0x4d, 0x6b, 0x14, 0xa5, 0x96, 0xb5, 0x96, 0xb5,
    0x34, 0xad, 0x8e, 0x73, 0xcb, 0x5a, 0xec, 0x5a, 0x0c, 0x5b, 0x0c, 0x5b,
    0x0c, 0x63, 0x2d, 0x63, 0x2d, 0x63, 0x4d, 0x63, 0x4d, 0x6b, 0x6d, 0x6b,
    0x6d, 0x6b, 0x8e, 0x6b, 0x6d, 0x6b, 0x8e, 0x6b, 0x8e, 0x6b, 0x8e, 0x73,
    0xae, 0x6b, 0xaf, 0x73, 0xaf, 0x73, 0xcf, 0x73, 0xcf, 0x73, 0xcf, 0x73,
    0xcf, 0x7b, 0xcf, 0x7b, 0xcf, 0x7b, 0xf0, 0x7b, 0xf0, 0x7b, 0xef, 0x7b,
    0xef, 0x7b, 0x10, 0x7c, 0x10, 0x84, 0xef, 0x7b, 0xba, 0xde, 0x9a, 0xd6,
    0x9a, 0xd6, 0x9a, 0xd6, 0x79, 0xd6, 0x79, 0xce, 0x79, 0xce, 0x79, 0xd6,
    0x79, 0xce, 0x9a, 0xd6, 0xba, 0xde, 0xba, 0xde, 0xbb, 0xde, 0xba, 0xd6,
    0xba, 0xde, 0x99, 0xce, 0x1b, 0xef, 0xda, 0xee, 0xb5, 0xc5, 0x95, 0xc5,
    0x75, 0xbd, 0x34, 0xbd, 0xf2, 0xb4, 0x91, 0xa4, 0x91, 0xac, 0x14, 0xbd,
    0x15, 0x9d, 0xb3, 0x84, 0x73, 0x7c, 0x93, 0x7c, 0x52, 0x7c, 0x33, 0x74,
    0x53, 0x7c, 0x73, 0x7c, 0x73, 0x7c, 0x73, 0x7c, 0x73, 0x7c, 0x73, 0x74,
    0x73, 0x7c, 0x94, 0x84, 0xd4, 0x84, 0x36, 0x95, 0x73, 0x7c, 0x93, 0x7c,
    0xb4, 0x84, 0xb4, 0x84, 0x73, 0x74, 0x53, 0x74, 0x73, 0x74, 0x53, 0x7c,
    0x73, 0x7c, 0xb4, 0x84, 0xb4, 0x84, 0xd4, 0x84, 0x76, 0x9d, 0x55, 0x9d,
    0x56, 0x9d, 0x76, 0x9d, 0x56, 0x9d, 0x55, 0x9d, 0x14, 0x8d, 0x11, 0x74,
    0x31, 0x74, 0x52, 0x7c, 0x52, 0x7c, 0x52, 0x7c, 0x32, 0x74, 0x93, 0x8c,
    0xb9, 0xde, 0x17, 0xce, 0xf7, 0xc5, 0xf7, 0xc5, 0x17, 0xc6, 0xf7, 0xc5,
    0xf7, 0xc5, 0xb6, 0xbd, 0x95, 0xbd, 0x54, 0xb5, 0x33, 0xb5, 0xb2, 0xac,
    0x52, 0x8c, 0x73, 0x8c, 0x72, 0x8c, 0x92, 0x8c, 0x32, 0x84, 0xc7, 0x39,
    0x08, 0x42, 0xe8, 0x41, 0xe8, 0x39, 0x8b, 0x4a, 0x6f, 0x6b, 0x4e, 0x63,
    0x0e, 0x5b, 0x0e, 0x5b, 0x2d, 0x63, 0x2e, 0x63, 0x4e, 0x63, 0xb2, 0x6b,
    0xd6, 0x8c, 0xd6, 0x84, 0xf6, 0x8c, 0xb5, 0x84, 0xf6, 0x8c, 0xf7, 0x8c,
    0x16, 0x8d, 0xf6, 0x8c, 0xf6, 0x8c, 0xf6, 0x8c, 0x75, 0x7c, 0x33, 0x7c,
    0xd2, 0x6b, 0x2f, 0x3a, 0xf3, 0x6b, 0x9c, 0xbe, 0x7c, 0xb6, 0x9a, 0x95,
    0x5b, 0xae, 0x5b, 0xae, 0xba, 0x9d, 0x99, 0x95, 0x95, 0x84, 0xb1, 0x63,
    0xb6, 0x84, 0xfa, 0xa5, 0x5b, 0xb6, 0xfa, 0xa5, 0xfa, 0xa5, 0x3a, 0xae,
    0x3a, 0xae, 0x1a, 0xa6, 0x4e, 0x7b, 0xaf, 0x83, 0x8b, 0x5a, 0x08, 0x3a,
    0x29, 0x42, 0x09, 0x42, 0x29, 0x42, 0x29, 0x42, 0x29, 0x4a, 0x29, 0x42,
    0x29, 0x42, 0x29, 0x42, 0x2a, 0x4a, 0x29, 0x42, 0x4a, 0x4a, 0x4a, 0x42,
    0x4a, 0x42, 0x4a, 0x4a, 0x4a, 0x4a, 0x4a, 0x42, 0x4a, 0x42, 0x4a, 0x4a,
    0x29, 0x42, 0xf0, 0x73, 0x18, 0xbe, 0xd7, 0xad, 0xd7, 0xad, 0xd7, 0xb5,
    0xd6, 0xb5, 0xb7, 0xad, 0xb7, 0xad, 0xd6, 0xb5, 0xb6, 0xad, 0xd7, 0xad,
    0xd6, 0xb5, 0xb6, 0xb5, 0xd7, 0xad, 0xd7, 0xad, 0xf7, 0xbd, 0x39, 0xc6,
    0x59, 0xce, 0x38, 0xc6, 0x18, 0xbe, 0xf7, 0xb5, 0xd7, 0xb5, 0xd7, 0xb5,
    0xf7, 0xad, 0xf7, 0xb5, 0xf7, 0xb5, 0xf7, 0xb5, 0xf7, 0xb5, 0xf7, 0xb5,
    0xf7, 0xb5, 0x18, 0xb6, 0x17, 0xbe, 0xf7, 0xb5, 0x18, 0xb6, 0x18, 0xbe,
    0x17, 0xb6, 0x18, 0xb6, 0x17, 0xb6, 0x17, 0xb6, 0x18, 0xb6, 0x93, 0x84,
    0xcc, 0x52, 0x11, 0x8c, 0xd4, 0xa4, 0x32, 0x8c, 0x32, 0x8c, 0x74, 0x94,
    0x73, 0x8c, 0x73, 0x8c, 0x4f, 0x6b, 0xb0, 0x7b, 0xb0, 0x7b, 0xb0, 0x7b,
    0xb0, 0x73, 0xb0, 0x73, 0xb0, 0x7b, 0xb0, 0x73, 0xb0, 0x73, 0xb0, 0x73,
    0xb0, 0x7b, 0xd0, 0x7b, 0xb0, 0x73, 0xb0, 0x73, 0xb0, 0x73, 0xb0, 0x73,
    0xb0, 0x73, 0x90, 0x73, 0xb0, 0x73, 0xb0, 0x73, 0xb0, 0x73, 0xb0, 0x73,
    0xb0, 0x7b, 0xb0, 0x73, 0xb0, 0x73, 0xb0, 0x73, 0x8f, 0x73, 0xb0, 0x73,
    0x8f, 0x73, 0x90, 0x73, 0x90, 0x73, 0x6f, 0x6b, 0x93, 0x8c, 0xb4, 0x94,
    0xb4, 0x94, 0xb4, 0x94, 0xb4, 0x94, 0xb5, 0x94, 0xec, 0x5a, 0xec, 0x5a,
    0xec, 0x5a, 0x0c, 0x5b, 0xec, 0x5a, 0xec, 0x5a, 0xec, 0x5a, 0xec, 0x5a,
    0xec, 0x5a, 0xec, 0x5a, 0xec, 0x5a, 0xec, 0x5a, 0xec, 0x5a, 0xec, 0x5a,
    0xec, 0x5a, 0xec, 0x5a, 0x0c, 0x5b, 0xec, 0x5a, 0x0c, 0x5b, 0x0c, 0x5b,
    0x0c, 0x5b, 0x0c, 0x5b, 0xec, 0x5a, 0x0c, 0x5b, 0xec, 0x5a, 0x0c, 0x5b,
    0xec, 0x5a, 0xec, 0x5a, 0xeb, 0x5a, 0xcb, 0x5a, 0xcb, 0x52, 0xaa, 0x52,
    0xaa, 0x52, 0xaa, 0x52, 0x8a, 0x52, 0xaa, 0x52, 0x8a, 0x52, 0x8a, 0x52,
    0x8a, 0x52, 0x69, 0x4a, 0xcb, 0x5a, 0x92, 0x94, 0x96, 0xb5, 0x75, 0xb5,
    0x55, 0xad, 0x10, 0x7c, 0x8b, 0x52, 0xab, 0x52, 0xcb, 0x52, 0xcb, 0x5a,
    0xeb, 0x5a, 0xec, 0x5a, 0xec, 0x5a, 0x0c, 0x5b, 0x0c, 0x63, 0x2c, 0x5b,
    0x2c, 0x63, 0x4d, 0x63, 0x6d, 0x63, 0x6d, 0x6b, 0x6e, 0x6b, 0x8e, 0x6b,
    0x6e, 0x6b, 0x6e, 0x6b, 0x8e, 0x6b, 0x8e, 0x6b, 0x8e, 0x6b, 0x8e, 0x6b,
    0xae, 0x73, 0xaf, 0x73, 0xaf, 0x73, 0xaf, 0x73, 0xaf, 0x73, 0xaf, 0x73,
    0xcf, 0x7b, 0xef, 0x7b, 0xef, 0x7b, 0xef, 0x7b, 0xef, 0x7b, 0xcf, 0x7b,
    0xba, 0xde, 0xba, 0xd6, 0xba, 0xd6, 0x99, 0xd6, 0x79, 0xd6, 0x79, 0xce,
    0x79, 0xce, 0x79, 0xd6, 0x9a, 0xd6, 0xba, 0xd6, 0xdb, 0xde, 0xda, 0xde,
    0xbb, 0xd6, 0xba, 0xde, 0xdb, 0xd6, 0x37, 0xce, 0xde, 0xff, 0xf6, 0xcd,
    0xb5, 0xc5, 0x95, 0xbd, 0x34, 0xbd, 0x13, 0xb5, 0xd2, 0xac, 0xb2, 0xac,
    0xd2, 0xb4, 0xf3, 0xbc, 0xd3, 0xa4, 0xf5, 0x8c, 0x93, 0x84, 0x73, 0x7c,
    0x73, 0x74, 0x12, 0x6c, 0xd1, 0x6b, 0x32, 0x6c, 0x73, 0x74, 0x73, 0x7c,
    0x73, 0x7c, 0x73, 0x74, 0x73, 0x7c, 0xb4, 0x84, 0x36, 0x95, 0x97, 0xa5,
    0x15, 0x95, 0x73, 0x74, 0x53, 0x74, 0x73, 0x74, 0x73, 0x74, 0x52, 0x74,
    0x73, 0x74, 0x73, 0x74, 0x73, 0x7c, 0x73, 0x74, 0x73, 0x7c, 0x55, 0x9d,
    0x56, 0x9d, 0x76, 0x9d, 0x76, 0x9d, 0x56, 0x9d, 0x76, 0x9d, 0x76, 0x9d,
    0xd4, 0x8c, 0x31, 0x74, 0x52, 0x74, 0x52, 0x7c, 0x52, 0x7c, 0xb3, 0x84,
    0xb3, 0x8c, 0xf0, 0x73, 0x59, 0xd6, 0x37, 0xce, 0x17, 0xc6, 0x17, 0xc6,
    0xf7, 0xc5, 0x17, 0xc6, 0xf7, 0xc5, 0xd6, 0xbd, 0x95, 0xbd, 0x54, 0xb5,
    0x34, 0xb5, 0xf3, 0xac, 0xd4, 0x9c, 0xb3, 0x94, 0x93, 0x8c, 0x93, 0x94,
    0x52, 0x8c, 0xc7, 0x39, 0x08, 0x42, 0x08, 0x3a, 0xe8, 0x39, 0xab, 0x52,
    0xf1, 0x73, 0xf0, 0x73, 0xd0, 0x73, 0x8f, 0x6b, 0x6f, 0x63, 0x0d, 0x5b,
    0x2d, 0x5b, 0xb1, 0x6b, 0xd6, 0x8c, 0xd5, 0x84, 0xd6, 0x8c, 0xd6, 0x8c,
    0xb5, 0x84, 0x16, 0x8d, 0xf7, 0x8c, 0xf6, 0x8c, 0xf6, 0x8c, 0xd6, 0x8c,
    0x54, 0x74, 0x33, 0x74, 0xd2, 0x6b, 0x0e, 0x3a, 0x18, 0x8d, 0x7b, 0xb6,
    0x7c, 0xb6, 0xba, 0x9d, 0x5b, 0xae, 0x5b, 0xae, 0x5b, 0xae, 0xda, 0xa5,
    0x99, 0x9d, 0x54, 0x74, 0x79, 0x9d, 0x5b, 0xae, 0x5b, 0xae, 0xfb, 0xa5,
    0xda, 0x9d, 0x1a, 0xae, 0xfa, 0xa5, 0x1a, 0xa6, 0x2e, 0x73, 0x4a, 0x4a,
    0x08, 0x3a, 0x09, 0x42, 0x29, 0x42, 0x09, 0x42, 0x29, 0x4a, 0x29, 0x42,
    0x29, 0x42, 0x29, 0x4a, 0x29, 0x42, 0x29, 0x42, 0x29, 0x42, 0x49, 0x4a,
    0x2a, 0x42, 0x2a, 0x42, 0x4a, 0x42, 0x4a, 0x42, 0x49, 0x42, 0x4a, 0x4a,
    0x4a, 0x42, 0x08, 0x42, 0x10, 0x7c, 0x18, 0xbe, 0xd7, 0xad, 0xb7, 0xad,
    0xb6, 0xad, 0xb7, 0xad, 0xb7, 0xad, 0xd7, 0xad, 0xd6, 0xad, 0xb7, 0xb5,
    0xb6, 0xad, 0xd7, 0xad, 0xb7, 0xad, 0xb6, 0xad, 0xd7, 0xb5, 0xd7, 0xb5,
    0xf7, 0xb5, 0xd7, 0xad, 0xd7, 0xad, 0xd7, 0xb5, 0xd7, 0xad, 0xd7, 0xad,
    0xd7, 0xb5, 0xd7, 0xb5, 0xd7, 0xad, 0xd7, 0xb5, 0xd7, 0xb5, 0xd7, 0xb5,
    0xf7, 0xb5, 0xf7, 0xb5, 0xf7, 0xb5, 0xf8, 0xb5, 0xf7, 0xb5, 0xf8, 0xb5,
    0x18, 0xb6, 0x17, 0xb6, 0x18, 0xb6, 0x18, 0xb6, 0x17, 0xb6, 0x18, 0xb6,
    0x18, 0xb6, 0x93, 0x84, 0xed, 0x5a, 0xcc, 0x52, 0xb0, 0x7b, 0xd4, 0xa4,
    0x73, 0x94, 0x12, 0x84, 0x73, 0x94, 0x93, 0x94, 0x32, 0x8c, 0x6f, 0x6b,
    0xb0, 0x73, 0xb0, 0x73, 0xb0, 0x73, 0xb0, 0x73, 0xb0, 0x73, 0xb0, 0x7b,
    0xb0, 0x73, 0xd0, 0x7b, 0x90, 0x73, 0x90, 0x73, 0xb0, 0x73, 0xb0, 0x73,
    0x8f, 0x73, 0xb0, 0x7b, 0x8f, 0x73, 0xb0, 0x7b, 0xb0, 0x73, 0x90, 0x73,
    0x90, 0x73, 0x90, 0x73, 0x90, 0x73, 0xb0, 0x73, 0xb0, 0x73, 0x90, 0x73,
    0xb0, 0x73, 0x8f, 0x73, 0x90, 0x6b, 0x8f, 0x73, 0x6e, 0x6b, 0x53, 0x84,
    0x94, 0x94, 0xb4, 0x94, 0xb4, 0x94, 0xb4, 0x94, 0xb4, 0x94, 0xb4, 0x94,
    0x6f, 0x6b, 0x6e, 0x6b, 0x6e, 0x6b, 0x6e, 0x6b, 0x6e, 0x6b, 0x6e, 0x6b,
    0xaf, 0x73, 0xf0, 0x7b, 0xf0, 0x73, 0x10, 0x7c, 0x0c, 0x5b, 0xcc, 0x5a,
    0xec, 0x5a, 0xcb, 0x52, 0xab, 0x52, 0x31, 0x84, 0x31, 0x7c, 0x51, 0x84,
    0x51, 0x84, 0x51, 0x84, 0x51, 0x84, 0x71, 0x84, 0x72, 0x84, 0x72, 0x84,
    0x71, 0x84, 0x71, 0x84, 0x71, 0x84, 0x71, 0x84, 0x72, 0x8c, 0x72, 0x8c,
    0x91, 0x8c, 0x92, 0x8c, 0x92, 0x8c, 0x92, 0x8c, 0x92, 0x94, 0x92, 0x94,
    0xb2, 0x94, 0xb3, 0x94, 0xd3, 0x9c, 0x55, 0xad, 0xdb, 0xde, 0xfb, 0xde,
    0xdb, 0xde, 0x38, 0xc6, 0x35, 0xad, 0xb2, 0x94, 0xd3, 0x9c, 0xb2, 0x94,
    0xb2, 0x94, 0x92, 0x94, 0x92, 0x94, 0x71, 0x94, 0x72, 0x8c, 0x92, 0x94,
    0xb2, 0x94, 0xd3, 0x9c, 0xd3, 0x9c, 0xf3, 0x9c, 0x4d, 0x6b, 0x4d, 0x6b,
    0x6d, 0x6b, 0x4d, 0x63, 0x30, 0x84, 0x14, 0x9d, 0xf4, 0x9c, 0x13, 0xa5,
    0x14, 0x9d, 0x14, 0xa5, 0x14, 0xa5, 0x14, 0x9d, 0x14, 0x9d, 0x13, 0x9d,
    0x14, 0x9d, 0x34, 0xa5, 0x34, 0xa5, 0xcf, 0x7b, 0xcf, 0x7b, 0xef, 0x7b,
    0xcf, 0x7b, 0xaf, 0x73, 0xdb, 0xde, 0xba, 0xde, 0xba, 0xd6, 0x9a, 0xd6,
    0x7a, 0xd6, 0x79, 0xce, 0x7a, 0xd6, 0x9a, 0xd6, 0xba, 0xd6, 0xbb, 0xde,
    0xdb, 0xde, 0xba, 0xd6, 0xda, 0xd6, 0xba, 0xde, 0x79, 0xd6, 0x3b, 0xef,
    0x3b, 0xf7, 0xb5, 0xc5, 0x95, 0xc5, 0x74, 0xbd, 0x33, 0xb5, 0xf3, 0xac,
    0xf3, 0xb4, 0xf2, 0xb4, 0xd2, 0xb4, 0xd3, 0xb4, 0x13, 0xb5, 0x35, 0x95,
    0x15, 0x8d, 0x94, 0x84, 0x73, 0x7c, 0x72, 0x74, 0x12, 0x74, 0xb0, 0x63,
    0xd1, 0x63, 0x33, 0x74, 0x73, 0x7c, 0x73, 0x7c, 0x94, 0x7c, 0xb4, 0x7c,
    0xd4, 0x84, 0xb4, 0x84, 0xb4, 0x84, 0x73, 0x7c, 0x73, 0x7c, 0x73, 0x74,
    0x52, 0x74, 0x53, 0x7c, 0x73, 0x7c, 0xd4, 0x84, 0x55, 0x95, 0x56, 0x9d,
    0x55, 0x95, 0x55, 0x9d, 0x56, 0x9d, 0x76, 0x9d, 0x55, 0x9d, 0x55, 0x9d,
    0x76, 0x9d, 0x96, 0x9d, 0x93, 0x84, 0x52, 0x7c, 0x72, 0x7c, 0x52, 0x7c,
    0x93, 0x84, 0x9a, 0xce, 0x3c, 0xe7, 0xb3, 0x8c, 0xf4, 0x9c, 0x99, 0xde,
    0x16, 0xc6, 0x17, 0xc6, 0xf7, 0xc5, 0xf7, 0xc5, 0xf7, 0xc5, 0xd7, 0xbd,
    0xb6, 0xbd, 0x54, 0xbd, 0x33, 0xb5, 0x13, 0xb5, 0x14, 0xa5, 0x9a, 0xd6,
    0x93, 0x8c, 0xb3, 0x94, 0x73, 0x8c, 0xc7, 0x39, 0x08, 0x42, 0xe8, 0x41,
    0xe8, 0x39, 0x8b, 0x4a, 0x8f, 0x6b, 0xf1, 0x73, 0xf1, 0x73, 0xf1, 0x73,
    0x52, 0x84, 0xd0, 0x6b, 0x2e, 0x63, 0xb0, 0x6b, 0xd6, 0x8c, 0xd5, 0x8c,
    0x95, 0x84, 0xd6, 0x84, 0xb5, 0x84, 0xf6, 0x8c, 0xf6, 0x8c, 0xf6, 0x8c,
    0xf6, 0x8c, 0x95, 0x84, 0x13, 0x74, 0x12, 0x74, 0x12, 0x74, 0x0e, 0x32,
    0xda, 0xa5, 0x5b, 0xae, 0x5b, 0xb6, 0xda, 0xa5, 0x3b, 0xae, 0x5b, 0xae,
    0x5b, 0xb6, 0x5b, 0xb6, 0x3b, 0xae, 0x3b, 0xae, 0x5b, 0xae, 0x3b, 0xae,
    0x5b, 0xb6, 0xda, 0x9d, 0xba, 0x9d, 0xfa, 0xa5, 0xfa, 0xa5, 0x3b, 0xae,
    0x2a, 0x42, 0x09, 0x42, 0x09, 0x42, 0x09, 0x42, 0x29, 0x42, 0x09, 0x42,
    0x09, 0x42, 0x29, 0x42, 0x29, 0x42, 0x29, 0x4a, 0x29, 0x42, 0x29, 0x42,
    0x2a, 0x42, 0x29, 0x42, 0x29, 0x42, 0x4a, 0x4a, 0x2a, 0x42, 0x4a, 0x4a,
    0x49, 0x42, 0x49, 0x4a, 0x08, 0x3a, 0x10, 0x7c, 0x18, 0xbe, 0xd7, 0xad,
    0xb7, 0xad, 0xd7, 0xb5, 0xd6, 0xad, 0xb7, 0xad, 0xd7, 0xad, 0xb7, 0xad,
    0xd6, 0xad, 0xb7, 0xad, 0xd6, 0xb5, 0xb7, 0xad, 0xb7, 0xad, 0xd7, 0xad,
    0xd7, 0xad, 0xd7, 0xad, 0xd7, 0xb5, 0xd7, 0xb5, 0xd7, 0xad, 0xd7, 0xad,
    0xd7, 0xb5, 0xd7, 0xad, 0xd7, 0xad, 0xd7, 0xb5, 0xd7, 0xad, 0xd7, 0xb5,
    0xd7, 0xad, 0xd7, 0xb5, 0xf8, 0xb5, 0xd7, 0xb5, 0xf7, 0xb5, 0xf7, 0xb5,
    0xf7, 0xb5, 0x17, 0xb6, 0x18, 0xb6, 0x17, 0xb6, 0xf7, 0xb5, 0x18, 0xb6,
    0x17, 0xb6, 0x17, 0xb6, 0x18, 0xb6, 0x93, 0x84, 0xed, 0x52, 0xed, 0x52,
    0xcc, 0x52, 0x2e, 0x63, 0x73, 0x9c, 0xb4, 0xa4, 0x12, 0x84, 0x53, 0x8c,
    0x93, 0x94, 0x12, 0x84, 0x8f, 0x6b, 0xb0, 0x73, 0xb0, 0x73, 0xb0, 0x7b,
    0xb0, 0x7b, 0xd0, 0x7b, 0xb0, 0x7b, 0xb0, 0x7b, 0xd0, 0x7b, 0xb0, 0x7b,
    0xb0, 0x7b, 0xb0, 0x7b, 0xb0, 0x7b, 0xb0, 0x7b, 0xb0, 0x73, 0xd0, 0x7b,
    0xb0, 0x7b, 0xb0, 0x73, 0xb0, 0x7b, 0xb0, 0x73, 0xb0, 0x73, 0xb0, 0x73,
    0xb0, 0x73, 0xb0, 0x73, 0xb0, 0x73, 0x90, 0x73, 0x90, 0x73, 0x8f, 0x6b,
    0x32, 0x84, 0xb4, 0x94, 0xb4, 0x94, 0xb4, 0x94, 0xb4, 0x94, 0xb4, 0x94,
    0xd4, 0x94, 0xb4, 0x94, 0xd5, 0x9c, 0xf5, 0x9c, 0xf5, 0x9c, 0xf5, 0x9c,
    0xf5, 0x9c, 0xd5, 0x94, 0x97, 0xad, 0x99, 0xc6, 0x79, 0xbe, 0xba, 0xc6,
    0x8e, 0x6b, 0xab, 0x52, 0xab, 0x52, 0xab, 0x52, 0x4a, 0x4a, 0xdb, 0xde,
    0x18, 0xb6, 0x38, 0xbe, 0x59, 0xbe, 0x59, 0xbe, 0x59, 0xbe, 0x38, 0xbe,
    0x38, 0xbe, 0x39, 0xbe, 0x38, 0xbe, 0x38, 0xbe, 0x38, 0xbe, 0x38, 0xbe,
    0x38, 0xbe, 0x38, 0xbe, 0x38, 0xbe, 0x59, 0xc6, 0x79, 0xc6, 0x79, 0xce,
    0x79, 0xce, 0x99, 0xce, 0x9a, 0xce, 0x9a, 0xce, 0x1c, 0xe7, 0xbe, 0xf7,
    0xbe, 0xf7, 0x9e, 0xf7, 0xfb, 0xde, 0xdb, 0xde, 0xfb, 0xde, 0xfb, 0xde,
    0xfb, 0xde, 0xfb, 0xde, 0xfb, 0xe6, 0x1c, 0xdf, 0xfb, 0xde, 0x1b, 0xe7,
    0x1b, 0xe7, 0x1b, 0xe7, 0x1c, 0xdf, 0x1c, 0xe7, 0x1c, 0xe7, 0x5d, 0xef,
    0x4d, 0x63, 0x4d, 0x63, 0x4d, 0x63, 0x2c, 0x63, 0xf3, 0x9c, 0xba, 0xd6,
    0x9a, 0xce, 0xba, 0xce, 0xda, 0xd6, 0xfb, 0xde, 0xfb, 0xde, 0xfb, 0xde,
    0xfb, 0xde, 0xfb, 0xde, 0xfb, 0xde, 0xfb, 0xde, 0x3b, 0xe7, 0xef, 0x7b,
    0xcf, 0x73, 0xcf, 0x73, 0xcf, 0x7b, 0x8e, 0x73, 0xfb, 0xde, 0xdb, 0xde,
    0xba, 0xde, 0x9a, 0xd6, 0x9a, 0xd6, 0x9a, 0xd6, 0xba, 0xd6, 0xba, 0xd6,
    0xba, 0xde, 0xba, 0xde, 0xba, 0xd6, 0xdb, 0xd6, 0xba, 0xd6, 0xbb, 0xde,
    0x17, 0xce, 0xde, 0xff, 0x16, 0xce, 0x95, 0xc5, 0x75, 0xbd, 0x34, 0xb5,
    0x13, 0xb5, 0x13, 0xb5, 0xf3, 0xb4, 0xd2, 0xb4, 0xb2, 0xb4, 0xd2, 0xb4,
    0xb3, 0xac, 0x36, 0x9d, 0x56, 0x95, 0xf4, 0x8c, 0x93, 0x7c, 0x53, 0x7c,
    0x73, 0x74, 0x52, 0x74, 0xd1, 0x6b, 0x6f, 0x63, 0xf1, 0x6b, 0x73, 0x74,
    0xb4, 0x7c, 0xb4, 0x7c, 0xd4, 0x84, 0xb4, 0x84, 0x73, 0x74, 0x73, 0x74,
    0x73, 0x7c, 0x73, 0x74, 0x53, 0x74, 0x73, 0x7c, 0x93, 0x7c, 0x56, 0x9d,
    0x35, 0x8d, 0x15, 0x8d, 0x76, 0x9d, 0x76, 0x9d, 0x56, 0x9d, 0x76, 0x9d,
    0x35, 0x9d, 0x76, 0x9d, 0x96, 0xa5, 0x96, 0xa5, 0x35, 0x95, 0xf4, 0x8c,
    0x73, 0x7c, 0x72, 0x7c, 0xd4, 0x8c, 0x9a, 0xd6, 0x79, 0xce, 0xb0, 0x6b,
    0x32, 0x7c, 0x99, 0xd6, 0x37, 0xce, 0xf7, 0xc5, 0xf7, 0xc5, 0xf7, 0xc5,
    0xf7, 0xc5, 0xf7, 0xbd, 0xb6, 0xbd, 0x95, 0xbd, 0x34, 0xb5, 0x33, 0xbd,
    0x30, 0x8c, 0xb7, 0xad, 0xb4, 0x94, 0xd4, 0x94, 0x73, 0x84, 0xc7, 0x39,
    0x08, 0x42, 0xe8, 0x39, 0xe8, 0x39, 0xab, 0x52, 0x6f, 0x63, 0xb0, 0x6b,
    0xf1, 0x73, 0xf1, 0x73, 0xf0, 0x6b, 0xf1, 0x73, 0xd0, 0x6b, 0xd1, 0x6b,
    0xd6, 0x8c, 0xd6, 0x84, 0xb5, 0x84, 0x54, 0x74, 0x95, 0x84, 0xb5, 0x84,
    0xf6, 0x8c, 0xd6, 0x84, 0xd6, 0x84, 0x33, 0x74, 0x13, 0x74, 0x12, 0x74,
    0x53, 0x7c, 0x2e, 0x3a, 0x5b, 0xb6, 0x5b, 0xae, 0x5b, 0xb6, 0x1b, 0xae,
    0xda, 0x9d, 0x5b, 0xae, 0x5b, 0xb6, 0x5b, 0xae, 0x5b, 0xae, 0x5b, 0xb6,
    0x5b, 0xae, 0x3b, 0xae, 0x3b, 0xae, 0x99, 0x9d, 0xb9, 0x9d, 0xd9, 0xa5,
    0xd9, 0xa5, 0x5b, 0xae, 0x4a, 0x42, 0x09, 0x42, 0x09, 0x42, 0x09, 0x42,
    0x09, 0x42, 0x29, 0x42, 0x29, 0x42, 0x29, 0x4a, 0x29, 0x42, 0x29, 0x42,
    0x29, 0x42, 0x29, 0x42, 0x29, 0x42, 0x29, 0x4a, 0x49, 0x42, 0x49, 0x4a,
    0x29, 0x4a, 0x49, 0x42, 0x4a, 0x42, 0x09, 0x42, 0xd3, 0x94, 0x18, 0xb6,
    0xd7, 0xad, 0xb7, 0xad, 0xb7, 0xad, 0xd7, 0xad, 0xd7, 0xb5, 0xb6, 0xad,
    0xd6, 0xb5, 0xb6, 0xb5, 0xb7, 0xad, 0xd6, 0xad, 0xd7, 0xad, 0xb7, 0xb5,
    0xb6, 0xad, 0xd7, 0xad, 0xd7, 0xb5, 0xb7, 0xad, 0xd7, 0xad, 0xd7, 0xb5,
    0xd7, 0xb5, 0xd7, 0xad, 0xd7, 0xb5, 0xd7, 0xb5, 0xd7, 0xad, 0xd7, 0xb5,
    0xd7, 0xad, 0xd7, 0xad, 0xd7, 0xb5, 0xd7, 0xad, 0xd7, 0xad, 0xd7, 0xb5,
    0xf7, 0xb5, 0xd7, 0xb5, 0xf7, 0xb5, 0xf7, 0xb5, 0xf7, 0xb5, 0xf7, 0xb5,
    0xf7, 0xb5, 0x18, 0xb6, 0x18, 0xb6, 0xf7, 0xb5, 0x18, 0xb6, 0x93, 0x84,
    0xed, 0x52, 0xed, 0x52, 0xed, 0x5a, 0xed, 0x52, 0xcc, 0x52, 0xf1, 0x83,
    0xd4, 0xa4, 0x32, 0x8c, 0x32, 0x8c, 0xb3, 0x9c, 0xb0, 0x7b, 0x90, 0x73,
    0xb0, 0x73, 0xb0, 0x7b, 0xb0, 0x73, 0x90, 0x73, 0xb0, 0x73, 0x8f, 0x73,
    0x90, 0x73, 0xd0, 0x7b, 0xd0, 0x7b, 0xd1, 0x7b, 0xb0, 0x73, 0x6f, 0x73,
    0x90, 0x73, 0x8f, 0x73, 0x6f, 0x73, 0xb0, 0x7b, 0xb0, 0x73, 0xd0, 0x73,
    0xb0, 0x7b, 0x6f, 0x6b, 0x6f, 0x73, 0x8f, 0x73, 0x8f, 0x6b, 0x90, 0x73,
    0x8f, 0x73, 0xd0, 0x73, 0xb4, 0x94, 0xb4, 0x94, 0xb4, 0x94, 0xb4, 0x94,
    0xb4, 0x94, 0xb4, 0x94, 0xd5, 0x94, 0xd4, 0x94, 0xd4, 0x94, 0xb4, 0x94,
    0xb4, 0x94, 0xb4, 0x94, 0xd4, 0x94, 0xb4, 0x94, 0x56, 0xa5, 0x38, 0xbe,
    0x18, 0xb6, 0x58, 0xbe, 0x6e, 0x6b, 0xab, 0x52, 0xaa, 0x4a, 0x8a, 0x4a,
    0x49, 0x4a, 0x9a, 0xce, 0xd7, 0xad, 0xf7, 0xb5, 0xf7, 0xb5, 0x18, 0xb6,
    0x18, 0xb6, 0x18, 0xb6, 0x38, 0xb6, 0x18, 0xb6, 0x18, 0xb6, 0x18, 0xb6,
    0x18, 0xb6, 0x38, 0xb6, 0x38, 0xb6, 0x38, 0xbe, 0x38, 0xbe, 0x38, 0xbe,
    0x38, 0xbe, 0x38, 0xc6, 0x38, 0xc6, 0x58, 0xc6, 0x59, 0xc6, 0x3c, 0xe7,
    0x9e, 0xf7, 0x9e, 0xf7, 0x7e, 0xf7, 0xbb, 0xde, 0xda, 0xde, 0xda, 0xde,
    0xdb, 0xde, 0xdb, 0xde, 0xdb, 0xde, 0xdb, 0xde, 0xdb, 0xde, 0xfb, 0xde,
    0xdb, 0xde, 0xdb, 0xde, 0xfb, 0xde, 0xfb, 0xde, 0xdb, 0xde, 0xfb, 0xde,
    0xfa, 0xde, 0x3c, 0xe7, 0x2c, 0x63, 0x4d, 0x63, 0x4c, 0x63, 0x0c, 0x5b,
    0xd3, 0x94, 0x79, 0xce, 0x78, 0xc6, 0x79, 0xc6, 0xba, 0xd6, 0xfa, 0xde,
    0xfa, 0xde, 0xfa, 0xde, 0xfa, 0xde, 0xfa, 0xde, 0xda, 0xd6, 0xda, 0xde,
    0x1b, 0xdf, 0xcf, 0x73, 0xaf, 0x73, 0xae, 0x73, 0xae, 0x73, 0x6e, 0x6b,
    0xfb, 0xde, 0xdb, 0xde, 0xdb, 0xde, 0xba, 0xde, 0xba, 0xd6, 0xba, 0xde,
    0xdb, 0xde, 0xbb, 0xde, 0xda, 0xde, 0xda, 0xde, 0xbb, 0xd6, 0xba, 0xde,
    0xba, 0xde, 0x79, 0xce, 0x3b, 0xef, 0x3b, 0xef, 0x74, 0xbd, 0x75, 0xbd,
    0x54, 0xbd, 0x33, 0xb5, 0x13, 0xb5, 0xf3, 0xb4, 0xf2, 0xac, 0xd2, 0xac,
    0xb2, 0xb4, 0xb2, 0xac, 0xd3, 0x9c, 0x56, 0x9d, 0x56, 0x9d, 0x56, 0x95,
    0xb4, 0x7c, 0x73, 0x7c, 0x93, 0x7c, 0x93, 0x7c, 0x53, 0x74, 0xf1, 0x6b,
    0x6f, 0x63, 0xb0, 0x63, 0x52, 0x74, 0x73, 0x7c, 0x93, 0x7c, 0xb4, 0x7c,
    0x94, 0x7c, 0x73, 0x7c, 0x73, 0x74, 0x52, 0x74, 0x73, 0x7c, 0x73, 0x74,
    0x73, 0x74, 0x15, 0x8d, 0x55, 0x95, 0x35, 0x95, 0x55, 0x95, 0x35, 0x95,
    0x15, 0x95, 0x93, 0x84, 0x11, 0x74, 0xd4, 0x8c, 0x96, 0xa5, 0x96, 0xa5,
    0x76, 0x9d, 0xf5, 0x94, 0x93, 0x84, 0x93, 0x7c, 0x93, 0x84, 0xb7, 0xad,
    0xd0, 0x6b, 0x52, 0x7c, 0x93, 0x84, 0xb6, 0xb5, 0x78, 0xd6, 0xf6, 0xc5,
    0xf7, 0xc5, 0xf7, 0xc5, 0x17, 0xc6, 0xf7, 0xbd, 0xb6, 0xbd, 0x95, 0xbd,
    0x54, 0xb5, 0x33, 0xbd, 0x31, 0x8c, 0x73, 0x84, 0xb4, 0x8c, 0xb3, 0x84,
    0x32, 0x7c, 0xc7, 0x39, 0x08, 0x42, 0x08, 0x42, 0xe8, 0x39, 0xac, 0x52,
    0xb0, 0x6b, 0x6f, 0x63, 0xf0, 0x73, 0xf1, 0x73, 0xf0, 0x6b, 0xd0, 0x6b,
    0xd0, 0x73, 0x6f, 0x63, 0x94, 0x84, 0xd5, 0x8c, 0xb5, 0x84, 0x95, 0x7c,
    0x33, 0x74, 0x74, 0x7c, 0xd6, 0x84, 0xd6, 0x84, 0x74, 0x7c, 0x13, 0x74,
    0x13, 0x74, 0x33, 0x74, 0x54, 0x7c, 0x4e, 0x3a, 0x7c, 0xb6, 0x5b, 0xb6,
    0x5b, 0xae, 0x5c, 0xb6, 0xb9, 0x9d, 0x5b, 0xb6, 0x5b, 0xae, 0x5b, 0xb6,
    0x5b, 0xb6, 0x5b, 0xae, 0x5b, 0xb6, 0x1a, 0xae, 0x1a, 0xa6, 0x78, 0x95,
    0xb9, 0x9d, 0xb9, 0xa5, 0xb9, 0x9d, 0x5b, 0xae, 0x6b, 0x4a, 0x09, 0x42,
    0x09, 0x42, 0x29, 0x42, 0x08, 0x42, 0x09, 0x42, 0x09, 0x42, 0x09, 0x42,
    0x29, 0x4a, 0x29, 0x42, 0x29, 0x42, 0x29, 0x42, 0x29, 0x42, 0x29, 0x42,
    0x2a, 0x42, 0x29, 0x42, 0x49, 0x42, 0x29, 0x42, 0x29, 0x42, 0x35, 0x9d,
    0xf7, 0xb5, 0xd7, 0xad, 0xb7, 0xad, 0xb6, 0xad, 0xb6, 0xad, 0xb7, 0xad,
    0xb6, 0xad, 0xb7, 0xad, 0xb6, 0xad, 0xd7, 0xad, 0xd6, 0xad, 0xb6, 0xb5,
    0xd7, 0xad, 0xd7, 0xad, 0xb6, 0xad, 0xb6, 0xb5, 0xb7, 0xb5, 0xb6, 0xad,
    0xd6, 0xb5, 0xd7, 0xad, 0xd7, 0xad, 0xd7, 0xad, 0xd7, 0xad, 0xd7, 0xad,
    0xd7, 0xb5, 0xd7, 0xad, 0xd7, 0xad, 0xd7, 0xb5, 0xd7, 0xb5, 0xd7, 0xad,
    0xd7, 0xad, 0xd7, 0xb5, 0xd7, 0xad, 0xf7, 0xb5, 0xf7, 0xb5, 0xf7, 0xb5,
    0xf7, 0xb5, 0xf8, 0xb5, 0x17, 0xb6, 0xf7, 0xb5, 0xf7, 0xb5, 0x17, 0xb6,
    0xf7, 0xb5, 0x93, 0x84, 0x0d, 0x5b, 0xed, 0x52, 0xed, 0x52, 0xec, 0x52,
    0xcc, 0x52, 0xac, 0x52, 0x4e, 0x73, 0xb3, 0xa4, 0x72, 0x94, 0x11, 0x84,
    0xb4, 0x9c, 0x8f, 0x73, 0xb0, 0x73, 0xb0, 0x73, 0xb0, 0x73, 0xb0, 0x73,
    0xb0, 0x73, 0xb0, 0x73, 0x90, 0x73, 0x90, 0x73, 0xd0, 0x7b, 0xd0, 0x7b,
    0x90, 0x73, 0xb0, 0x73, 0xb0, 0x73, 0xb0, 0x73, 0x90, 0x73, 0x8f, 0x73,
    0xd0, 0x7b, 0xb0, 0x73, 0x90, 0x73, 0x90, 0x73, 0x90, 0x73, 0x90, 0x73,
    0xb0, 0x73, 0x8f, 0x6b, 0x6f, 0x6b, 0xb4, 0x94, 0xb4, 0x94, 0xb4, 0x94,
    0x94, 0x94, 0xb4, 0x94, 0xb4, 0x94, 0xb4, 0x94, 0xb4, 0x94, 0xb4, 0x94,
    0xd4, 0x94, 0xb4, 0x94, 0xd4, 0x94, 0xd4, 0x94, 0xb4, 0x94, 0xb4, 0x94,
    0x56, 0xa5, 0x38, 0xbe, 0x18, 0xb6, 0x58, 0xbe, 0x6e, 0x63, 0x8a, 0x4a,
    0x8a, 0x4a, 0x8a, 0x52, 0x49, 0x42, 0x7a, 0xce, 0x76, 0x9d, 0x96, 0x9d,
    0x96, 0x9d, 0x97, 0x9d, 0xb6, 0x9d, 0xb7, 0xa5, 0xd7, 0xa5, 0xf7, 0xad,
    0xf8, 0xad, 0xf8, 0xad, 0x18, 0xb6, 0x18, 0xb6, 0x38, 0xbe, 0x58, 0xbe,
    0x59, 0xbe, 0x38, 0xbe, 0x18, 0xbe, 0x18, 0xbe, 0x18, 0xbe, 0x38, 0xc6,
    0x3d, 0xe7, 0x5d, 0xef, 0x7d, 0xf7, 0x7d, 0xef, 0x9a, 0xd6, 0xba, 0xce,
    0x9a, 0xce, 0xba, 0xd6, 0xba, 0xd6, 0xba, 0xde, 0xda, 0xde, 0xdb, 0xde,
    0xfb, 0xde, 0xfb, 0xde, 0xdb, 0xde, 0xfb, 0xde, 0xdb, 0xde, 0xda, 0xde,
    0xfa, 0xde, 0xda, 0xd6, 0xdb, 0xd6, 0x3c, 0xe7, 0x2c, 0x63, 0x2c, 0x63,
    0x2c, 0x63, 0xec, 0x5a, 0xb2, 0x94, 0x59, 0xc6, 0x58, 0xbe, 0x58, 0xbe,
    0x99, 0xce, 0xda, 0xd6, 0xdb, 0xde, 0xfb, 0xde, 0xda, 0xd6, 0xfb, 0xde,
    0xda, 0xd6, 0xda, 0xde, 0x1c, 0xe7, 0xaf, 0x73, 0x8e, 0x73, 0x8e, 0x73,
    0x8e, 0x6b, 0x4d, 0x63, 0xfb, 0xde, 0xdb, 0xde, 0xdb, 0xde, 0xdb, 0xde,
    0xdb, 0xde, 0xdb, 0xde, 0xdb, 0xde, 0xba, 0xde, 0xba, 0xd6, 0xba, 0xd6,
    0xba, 0xd6, 0xba, 0xd6, 0xba, 0xd6, 0x37, 0xce, 0xde, 0xff, 0xf6, 0xcd,
    0x75, 0xbd, 0x74, 0xbd, 0x34, 0xbd, 0x13, 0xb5, 0xf2, 0xb4, 0xf2, 0xac,
    0x91, 0xac, 0x71, 0xa4, 0xb2, 0xa4, 0x14, 0x9d, 0x55, 0x9d, 0x56, 0xa5,
    0x56, 0x9d, 0x56, 0x9d, 0xd4, 0x84, 0x93, 0x84, 0x76, 0x9d, 0x35, 0x95,
    0xb4, 0x84, 0x53, 0x74, 0x32, 0x74, 0x6f, 0x63, 0x90, 0x63, 0x32, 0x74,
    0x73, 0x7c, 0x93, 0x7c, 0x73, 0x7c, 0x73, 0x74, 0x73, 0x74, 0x53, 0x74,
    0x53, 0x74, 0x72, 0x74, 0xb3, 0x84, 0x35, 0x95, 0x56, 0x9d, 0x56, 0x9d,
    0x93, 0x7c, 0x53, 0x7c, 0x12, 0x7c, 0x32, 0x7c, 0x52, 0x7c, 0x73, 0x84,
    0x76, 0x9d, 0x96, 0xa5, 0x76, 0x9d, 0x15, 0x95, 0x93, 0x84, 0x93, 0x84,
    0x73, 0x7c, 0xb0, 0x6b, 0xf1, 0x6b, 0x93, 0x84, 0x93, 0x84, 0xb3, 0x94,
    0xba, 0xde, 0x16, 0xc6, 0xf7, 0xc5, 0xf7, 0xc5, 0xf7, 0xc5, 0xf7, 0xbd,
    0xd6, 0xbd, 0x95, 0xbd, 0x54, 0xb5, 0x33, 0xb5, 0x71, 0x9c, 0x52, 0x7c,
    0xb4, 0x8c, 0x73, 0x7c, 0xf1, 0x73, 0xc7, 0x39, 0x08, 0x42, 0xe8, 0x41,
    0xe8, 0x39, 0xac, 0x52, 0xd1, 0x73, 0x4e, 0x63, 0xd0, 0x6b, 0xf1, 0x73,
    0xf1, 0x73, 0xd0, 0x73, 0x8f, 0x6b, 0x2e, 0x5b, 0x11, 0x74, 0xf5, 0x8c,
    0xd5, 0x8c, 0xb5, 0x84, 0x54, 0x7c, 0x34, 0x74, 0x94, 0x7c, 0xb5, 0x84,
    0x13, 0x74, 0x13, 0x74, 0x13, 0x74, 0x32, 0x74, 0x33, 0x74, 0x6d, 0x42,
    0x7c, 0xb6, 0x5b, 0xb6, 0x5c, 0xae, 0x5b, 0xb6, 0xba, 0x9d, 0x5b, 0xae,
    0x5b, 0xb6, 0x5b, 0xae, 0x5a, 0xb6, 0x5a, 0xae, 0x1a, 0xa6, 0xf9, 0xa5,
    0x1a, 0xae, 0x58, 0x95, 0x99, 0x9d, 0xb9, 0x9d, 0xb9, 0x9d, 0x3b, 0xae,
    0x4a, 0x42, 0x09, 0x42, 0x09, 0x42, 0x09, 0x42, 0x29, 0x42, 0x29, 0x42,
    0x09, 0x42, 0x09, 0x42, 0x09, 0x42, 0x09, 0x42, 0x09, 0x42, 0x29, 0x42,
    0x29, 0x42, 0x29, 0x42, 0x29, 0x42, 0x2a, 0x42, 0x29, 0x42, 0x29, 0x42,
    0x76, 0xa5, 0xd7, 0xb5, 0xb7, 0xad, 0xb7, 0xad, 0xb7, 0xad, 0xb6, 0xb5,
    0xd7, 0xad, 0xb7, 0xad, 0xb6, 0xad, 0xb7, 0xad, 0xb7, 0xad, 0xb6, 0xad,
    0xb6, 0xad, 0xb6, 0xad, 0xb6, 0xad, 0xd7, 0xad, 0xd6, 0xb5, 0xb7, 0xb5,
    0xb6, 0xad, 0xb7, 0xb5, 0xb6, 0xb5, 0xb6, 0xad, 0xd7, 0xad, 0xd6, 0xb5,
    0xd7, 0xad, 0xd7, 0xad, 0xd7, 0xb5, 0xd7, 0xad, 0xd7, 0xad, 0xd7, 0xb5,
    0xd7, 0xad, 0xd7, 0xad, 0xd7, 0xb5, 0xd7, 0xad, 0xd7, 0xad, 0xd7, 0xb5,
    0xd7, 0xb5, 0xf7, 0xb5, 0xf7, 0xb5, 0xf7, 0xb5, 0xf8, 0xb5, 0xf7, 0xb5,
    0xf7, 0xb5, 0xf8, 0xb5, 0x18, 0xb6, 0x93, 0x84, 0xed, 0x5a, 0xed, 0x5a,
    0xed, 0x5a, 0xcc, 0x52, 0xcc, 0x52, 0xac, 0x52, 0x8b, 0x4a, 0xac, 0x52,
    0x52, 0x94, 0xb4, 0xa4, 0xf1, 0x83, 0x53, 0x8c, 0x6f, 0x6b, 0xb0, 0x73,
    0xb0, 0x7b, 0xb0, 0x73, 0xb0, 0x73, 0xb0, 0x7b, 0xd0, 0x7b, 0xb0, 0x73,
    0x90, 0x73, 0x90, 0x73, 0xd0, 0x7b, 0xb0, 0x7b, 0xb0, 0x7b, 0xb0, 0x7b,
    0xd0, 0x7b, 0xb0, 0x73, 0x90, 0x73, 0x8f, 0x73, 0xb0, 0x73, 0xb0, 0x73,
    0xb0, 0x73, 0xb0, 0x73, 0xb0, 0x73, 0x4e, 0x6b, 0x73, 0x8c, 0x94, 0x94,
    0xb4, 0x94, 0xb4, 0x94, 0xb4, 0x94, 0x94, 0x94, 0xb4, 0x94, 0xb4, 0x94,
    0xd4, 0x9c, 0xb4, 0x94, 0xb4, 0x9c, 0xd5, 0x9c, 0xd4, 0x94, 0xb4, 0x94,
    0xb4, 0x94, 0xb4, 0x94, 0x35, 0xa5, 0x38, 0xb6, 0x18, 0xb6, 0x59, 0xbe,
    0x4d, 0x63, 0x6a, 0x4a, 0x8a, 0x4a, 0x8a, 0x4a, 0x29, 0x42, 0x99, 0xd6,
    0x56, 0x9d, 0x76, 0x9d, 0x56, 0x95, 0x56, 0x95, 0x76, 0x95, 0x76, 0x9d,
    0x77, 0x9d, 0xb7, 0x9d, 0xd7, 0xad, 0xf8, 0xad, 0xf8, 0xad, 0x38, 0xb6,
    0x18, 0xbe, 0x39, 0xbe, 0x18, 0xbe, 0x18, 0xbe, 0x38, 0xbe, 0x18, 0xbe,
    0x38, 0xbe, 0x5d, 0xef, 0x3c, 0xe7, 0x3d, 0xef, 0x5d, 0xef, 0x59, 0xc6,
    0x38, 0xbe, 0x18, 0xbe, 0x38, 0xbe, 0x59, 0xc6, 0x79, 0xc6, 0x79, 0xce,
    0x9a, 0xd6, 0xda, 0xd6, 0xda, 0xde, 0xda, 0xde, 0xfb, 0xde, 0xfb, 0xde,
    0xdb, 0xde, 0xdb, 0xde, 0xdb, 0xde, 0xda, 0xd6, 0xda, 0xd6, 0x1c, 0xdf,
    0xec, 0x5a, 0x0c, 0x5b, 0x0c, 0x5b, 0xcb, 0x52, 0xb2, 0x8c, 0x59, 0xbe,
    0x38, 0xbe, 0x38, 0xbe, 0x79, 0xc6, 0x9a, 0xd6, 0xda, 0xd6, 0xda, 0xd6,
    0xda, 0xd6, 0xda, 0xd6, 0xdb, 0xde, 0xda, 0xd6, 0x1b, 0xdf, 0xaf, 0x73,
    0x8e, 0x6b, 0x8e, 0x6b, 0x6e, 0x6b, 0x2d, 0x63, 0xdb, 0xde, 0xda, 0xde,
    0xdb, 0xde, 0xda, 0xde, 0xdb, 0xde, 0xda, 0xd6, 0xda, 0xd6, 0xba, 0xde,
    0xba, 0xd6, 0x9a, 0xce, 0x99, 0xce, 0x79, 0xce, 0x59, 0xc6, 0xfa, 0xe6,
    0x1b, 0xf7, 0x74, 0xbd, 0x74, 0xbd, 0x54, 0xbd, 0x33, 0xb5, 0x13, 0xad,
    0xd2, 0xac, 0x71, 0xa4, 0x75, 0xbd, 0x9a, 0xd6, 0xf7, 0xb5, 0x55, 0x9d,
    0x56, 0x9d, 0xd7, 0xb5, 0x59, 0xc6, 0xb7, 0xa5, 0x15, 0x95, 0xf5, 0x8c,
    0xba, 0xce, 0x76, 0xa5, 0xf4, 0x8c, 0x73, 0x74, 0x53, 0x74, 0x32, 0x74,
    0x4f, 0x63, 0x6f, 0x63, 0x12, 0x74, 0x73, 0x74, 0x73, 0x7c, 0x73, 0x7c,
    0x73, 0x74, 0x73, 0x7c, 0x53, 0x74, 0x52, 0x74, 0x15, 0x8d, 0x56, 0x9d,
    0x76, 0x95, 0x15, 0x8d, 0x73, 0x7c, 0x73, 0x7c, 0x73, 0x7c, 0x73, 0x7c,
    0x93, 0x84, 0xb4, 0x84, 0x36, 0x9d, 0x96, 0xa5, 0x96, 0x9d, 0x15, 0x95,
    0xb4, 0x84, 0xb4, 0x84, 0x52, 0x7c, 0x90, 0x63, 0x73, 0x84, 0x73, 0x7c,
    0x73, 0x84, 0x53, 0x7c, 0x18, 0xc6, 0x37, 0xce, 0xf6, 0xc5, 0xf7, 0xc5,
    0xf7, 0xc5, 0xf6, 0xc5, 0xd6, 0xc5, 0x95, 0xbd, 0x54, 0xb5, 0x33, 0xb5,
    0xd3, 0xac, 0x32, 0x7c, 0x94, 0x84, 0x73, 0x84, 0xf1, 0x73, 0xe8, 0x39,
    0x08, 0x42, 0x08, 0x42, 0xe8, 0x39, 0xcb, 0x52, 0x11, 0x74, 0x4f, 0x63,
    0xb0, 0x6b, 0x11, 0x74, 0x12, 0x74, 0xf1, 0x73, 0x8f, 0x63, 0x0e, 0x5b,
    0x6f, 0x63, 0xd5, 0x8c, 0xd5, 0x84, 0xd6, 0x8c, 0xb5, 0x84, 0x34, 0x74,
    0x54, 0x74, 0x74, 0x7c, 0x13, 0x74, 0x12, 0x74, 0x12, 0x74, 0x12, 0x74,
    0xf2, 0x73, 0x8d, 0x4a, 0x7c, 0xb6, 0x5b, 0xb6, 0x3b, 0xae, 0x5b, 0xb6,
    0x1b, 0xa6, 0xfa, 0xa5, 0x5a, 0xae, 0x5b, 0xb6, 0x3a, 0xae, 0x19, 0xa6,
    0xf9, 0xa5, 0xf9, 0xa5, 0xf9, 0xa5, 0x37, 0x8d, 0x99, 0x9d, 0x78, 0x95,
    0x98, 0x9d, 0xfa, 0xa5, 0xc7, 0x39, 0x08, 0x42, 0x09, 0x3a, 0x08, 0x42,
    0x09, 0x42, 0x29, 0x42, 0x29, 0x42, 0x29, 0x42, 0x29, 0x42, 0xab, 0x5a,
    0x6e, 0x73, 0x09, 0x42, 0x29, 0x42, 0x29, 0x42, 0x29, 0x4a, 0x09, 0x42,
    0x6a, 0x4a, 0x96, 0xad, 0xd7, 0xad, 0xb6, 0xad, 0xb6, 0xad, 0xb6, 0xad,
    0xb7, 0xad, 0xb6, 0xad, 0xb7, 0xad, 0xb6, 0xad, 0xb6, 0xad, 0xb6, 0xad,
    0xb6, 0xb5, 0xb7, 0xb5, 0xb7, 0xb5, 0xb6, 0xad, 0xb6, 0xb5, 0xb6, 0xad,
    0xb7, 0xb5, 0xb7, 0xad, 0xd6, 0xad, 0xb7, 0xad, 0xb7, 0xb5, 0xb6, 0xb5,
    0xb6, 0xb5, 0xd7, 0xad, 0xb6, 0xb5, 0xd7, 0xb5, 0xb6, 0xad, 0xd6, 0xad,
    0xd7, 0xb5, 0xd7, 0xad, 0xd7, 0xad, 0xd7, 0xb5, 0xd7, 0xad, 0xd7, 0xad,
    0xd7, 0xb5, 0xd7, 0xad, 0xd7, 0xad, 0xd7, 0xad, 0xd7, 0xad, 0xf7, 0xb5,
    0xf7, 0xb5, 0xf7, 0xb5, 0xf7, 0xb5, 0xf7, 0xb5, 0xf7, 0xb5, 0x93, 0x7c,
    0xed, 0x52, 0xed, 0x52, 0xed, 0x52, 0xcc, 0x52, 0xac, 0x52, 0xac, 0x4a,
    0x8b, 0x4a, 0x8b, 0x4a, 0x6b, 0x4a, 0x4e, 0x6b, 0xb4, 0xa4, 0x52, 0x94,
    0xd1, 0x7b, 0x6f, 0x73, 0x8f, 0x73, 0x90, 0x73, 0xb0, 0x73, 0xb0, 0x7b,
    0x90, 0x73, 0xb0, 0x7b, 0xb0, 0x73, 0xb0, 0x73, 0x90, 0x73, 0xb0, 0x73,
    0x90, 0x73, 0xb0, 0x7b, 0x90, 0x73, 0xb0, 0x73, 0xb0, 0x73, 0xb0, 0x7b,
    0x90, 0x73, 0x8f, 0x73, 0xb0, 0x73, 0xb0, 0x73, 0x6f, 0x6b, 0x52, 0x84,
    0x73, 0x8c, 0x94, 0x94, 0xb4, 0x94, 0xb4, 0x94, 0x93, 0x8c, 0x94, 0x94,
    0xb4, 0x94, 0xb4, 0x94, 0xb4, 0x94, 0xb4, 0x94, 0xb4, 0x94, 0xb4, 0x94,
    0xd4, 0x94, 0xb4, 0x94, 0xb4, 0x94, 0x94, 0x94, 0x35, 0x9d, 0x38, 0xb6,
    0x17, 0xb6, 0x38, 0xb6, 0x4d, 0x63, 0x6a, 0x4a, 0x6a, 0x4a, 0x8a, 0x4a,
    0x28, 0x42, 0x7a, 0xce, 0x15, 0x95, 0x35, 0x95, 0x56, 0x8d, 0x56, 0x95,
    0x56, 0x95, 0x56, 0x95, 0x76, 0x95, 0x77, 0x9d, 0xf8, 0xad, 0x18, 0xb6,
    0x18, 0xb6, 0x18, 0xb6, 0x39, 0xb6, 0x38, 0xbe, 0x38, 0xbe, 0x38, 0xbe,
    0x59, 0xbe, 0x59, 0xc6, 0xfb, 0xde, 0x5d, 0xe7, 0x3c, 0xe7, 0x3c, 0xef,
    0x79, 0xc6, 0x18, 0xb6, 0x18, 0xb6, 0x18, 0xb6, 0x38, 0xb6, 0x38, 0xbe,
    0x39, 0xbe, 0x59, 0xc6, 0x59, 0xbe, 0x59, 0xbe, 0x59, 0xc6, 0x99, 0xce,
    0x9a, 0xce, 0xba, 0xd6, 0xda, 0xd6, 0xbb, 0xd6, 0xda, 0xd6, 0x9a, 0xd6,
    0x79, 0xce, 0xdb, 0xd6, 0xeb, 0x5a, 0xeb, 0x5a, 0xeb, 0x52, 0xcb, 0x52,
    0x92, 0x8c, 0x59, 0xbe, 0x38, 0xbe, 0x38, 0xbe, 0x59, 0xc6, 0x59, 0xc6,
    0x79, 0xce, 0x99, 0xce, 0x9a, 0xd6, 0xba, 0xd6, 0xba, 0xd6, 0xba, 0xd6,
    0xfa, 0xd6, 0x8e, 0x73, 0x6e, 0x6b, 0x6d, 0x6b, 0x4d, 0x6b, 0x0c, 0x63,
    0x9a, 0xce, 0x9a, 0xce, 0xda, 0xd6, 0xba, 0xd6, 0x9a, 0xce, 0x59, 0xc6,
    0x59, 0xc6, 0x79, 0xce, 0x79, 0xce, 0x79, 0xce, 0x59, 0xce, 0x79, 0xc6,
    0xd6, 0xc5, 0xdd, 0xff, 0xd6, 0xc5, 0x75, 0xbd, 0x74, 0xbd, 0x54, 0xb5,
    0xf3, 0xb4, 0x91, 0xa4, 0x95, 0xbd, 0xfb, 0xde, 0xfb, 0xe6, 0xdb, 0xde,
    0x39, 0xc6, 0x96, 0xa5, 0x76, 0xa5, 0x79, 0xce, 0xda, 0xd6, 0xba, 0xce,
    0xba, 0xce, 0x59, 0xbe, 0xdb, 0xd6, 0x18, 0xbe, 0x15, 0x8d, 0x52, 0x74,
    0x53, 0x74, 0x73, 0x74, 0x52, 0x74, 0x4f, 0x63, 0x4f, 0x63, 0x11, 0x6c,
    0x73, 0x74, 0x73, 0x7c, 0x73, 0x74, 0x52, 0x74, 0x73, 0x7c, 0x53, 0x74,
    0xd4, 0x84, 0x75, 0x9d, 0x55, 0x95, 0x73, 0x7c, 0x73, 0x7c, 0x73, 0x7c,
    0x73, 0x7c, 0x93, 0x7c, 0x93, 0x84, 0x35, 0x9d, 0x76, 0xa5, 0x76, 0x9d,
    0x76, 0x9d, 0x15, 0x95, 0x35, 0x9d, 0x96, 0xa5, 0x8f, 0x6b, 0x32, 0x7c,
    0xb4, 0x84, 0x73, 0x84, 0x73, 0x7c, 0x53, 0x7c, 0x93, 0x8c, 0xb9, 0xe6,
    0x17, 0xc6, 0xf7, 0xc5, 0xf7, 0xc5, 0xf6, 0xc5, 0xf6, 0xc5, 0xb5, 0xbd,
    0x74, 0xbd, 0x34, 0xb5, 0x13, 0xad, 0x12, 0x7c, 0x53, 0x74, 0x33, 0x7c,
    0xf1, 0x73, 0xc8, 0x39, 0x08, 0x42, 0x08, 0x42, 0xe8, 0x39, 0xcc, 0x52,
    0x12, 0x74, 0x8f, 0x63, 0x8f, 0x63, 0x11, 0x74, 0x11, 0x74, 0x11, 0x74,
    0x6f, 0x63, 0x2e, 0x5b, 0x6f, 0x63, 0x33, 0x7c, 0xd5, 0x8c, 0xd6, 0x84,
    0xd5, 0x84, 0x74, 0x7c, 0x33, 0x74, 0x33, 0x74, 0x13, 0x74, 0x12, 0x74,
    0xf2, 0x73, 0xf2, 0x6b, 0x4f, 0x63, 0xad, 0x52, 0x3b, 0xae, 0x5b, 0xae,
    0x1b, 0xae, 0x1b, 0xae, 0x7b, 0xb6, 0xb9, 0x9d, 0x5b, 0xae, 0x3a, 0xae,
    0xfa, 0xa5, 0xfa, 0xa5, 0xfa, 0xa5, 0xf9, 0xa5, 0x78, 0x95, 0x38, 0x95,
    0x78, 0x95, 0x17, 0x8d, 0xfa, 0xa5, 0xb4, 0x84, 0xa7, 0x39, 0x09, 0x42,
    0x09, 0x42, 0x09, 0x42, 0x08, 0x42, 0x09, 0x42, 0x29, 0x42, 0x09, 0x42,
    0x09, 0x42, 0x29, 0x42, 0x49, 0x4a, 0x29, 0x42, 0x29, 0x42, 0x29, 0x42,
    0xe8, 0x39, 0x2d, 0x63, 0xf8, 0xb5, 0xb6, 0xad, 0xb7, 0xad, 0xb7, 0xad,
    0xb6, 0xad, 0xb7, 0xad, 0xb6, 0xad, 0xb6, 0xad, 0xb6, 0xad, 0xb7, 0xad,
    0xb6, 0xad, 0xb6, 0xad, 0xb6, 0xad, 0xb6, 0xad, 0xb7, 0xad, 0xb7, 0xb5,
    0xb6, 0xad, 0xb6, 0xad, 0xb7, 0xad, 0xb6, 0xb5, 0xb6, 0xb5, 0xd7, 0xad,
    0xb7, 0xad, 0xb6, 0xb5, 0xd7, 0xb5, 0xd7, 0xad, 0xd7, 0xad, 0xd7, 0xad,
    0xb7, 0xad, 0xb6, 0xad, 0xb6, 0xad, 0xb6, 0xad, 0xb6, 0xad, 0xd6, 0xb5,
    0xd6, 0xb5, 0xd7, 0xb5, 0xd7, 0xb5, 0xf7, 0xbd, 0x18, 0xbe, 0x18, 0xbe,
    0x18, 0xbe, 0x38, 0xc6, 0x39, 0xc6, 0x39, 0xc6, 0x59, 0xc6, 0x59, 0xc6,
    0x59, 0xc6, 0xd4, 0x8c, 0xed, 0x52, 0xed, 0x52, 0xcc, 0x52, 0xac, 0x52,
    0xac, 0x52, 0x8c, 0x4a, 0x8b, 0x4a, 0x8b, 0x4a, 0x8b, 0x4a, 0x6b, 0x4a,
    0xac, 0x5a, 0x52, 0x94, 0xb3, 0xa4, 0xd1, 0x83, 0x8f, 0x73, 0xb0, 0x7b,
    0x90, 0x73, 0xb0, 0x73, 0xd0, 0x7b, 0xb0, 0x73, 0xb0, 0x7b, 0xd0, 0x7b,
    0xd0, 0x7b, 0xb0, 0x7b, 0xb0, 0x73, 0x90, 0x73, 0xd0, 0x7b, 0xb0, 0x73,
    0x90, 0x73, 0xb0, 0x73, 0xb0, 0x73, 0xb0, 0x73, 0xb0, 0x73, 0x8f, 0x73,
    0x12, 0x84, 0x73, 0x8c, 0x93, 0x8c, 0x93, 0x8c, 0x94, 0x94, 0xb4, 0x94,
    0x94, 0x94, 0x93, 0x8c, 0xb4, 0x94, 0xb4, 0x94, 0xb4, 0x94, 0xb4, 0x94,
    0xb4, 0x94, 0xd4, 0x94, 0xd4, 0x9c, 0xb4, 0x94, 0xb4, 0x94, 0xb4, 0x94,
    0x15, 0x9d, 0x18, 0xb6, 0xf7, 0xb5, 0x18, 0xb6, 0x4d, 0x63, 0x6a, 0x4a,
    0x6a, 0x4a, 0x6a, 0x4a, 0x08, 0x42, 0x79, 0xce, 0xf4, 0x8c, 0x35, 0x95,
    0x35, 0x8d, 0x35, 0x8d, 0x36, 0x8d, 0x56, 0x8d, 0x56, 0x95, 0x76, 0x95,
    0x56, 0x95, 0xd8, 0xad, 0x38, 0xb6, 0x18, 0xb6, 0x18, 0xb6, 0x18, 0xb6,
    0x38, 0xbe, 0x59, 0xbe, 0x79, 0xc6, 0x79, 0xc6, 0x5d, 0xef, 0x3d, 0xe7,
    0x3c, 0xe7, 0x3d, 0xe7, 0x18, 0xbe, 0x17, 0xb6, 0x18, 0xb6, 0x18, 0xb6,
    0x38, 0xb6, 0x38, 0xbe, 0x38, 0xbe, 0x38, 0xbe, 0x58, 0xbe, 0x39, 0xbe,
    0x59, 0xbe, 0x38, 0xbe, 0x39, 0xbe, 0x59, 0xbe, 0x59, 0xc6, 0x59, 0xc6,
    0x39, 0xbe, 0x38, 0xbe, 0x59, 0xbe, 0xba, 0xce, 0xcb, 0x52, 0xcb, 0x52,
    0xcb, 0x52, 0x8a, 0x52, 0x72, 0x8c, 0x59, 0xc6, 0x59, 0xbe, 0x59, 0xc6,
    0x58, 0xc6, 0x59, 0xc6, 0x79, 0xc6, 0x59, 0xc6, 0x79, 0xc6, 0x79, 0xc6,
    0x79, 0xc6, 0x79, 0xc6, 0xba, 0xce, 0x8e, 0x6b, 0x4e, 0x6b, 0x4d, 0x63,
    0x2d, 0x63, 0xeb, 0x5a, 0x7a, 0xc6, 0x59, 0xc6, 0x99, 0xce, 0x99, 0xce,
    0x59, 0xc6, 0x38, 0xbe, 0x18, 0xbe, 0x38, 0xbe, 0x38, 0xc6, 0x38, 0xc6,
    0x58, 0xc6, 0x18, 0xc6, 0xba, 0xde, 0x3b, 0xef, 0x74, 0xbd, 0x75, 0xbd,
    0x54, 0xbd, 0x13, 0xb5, 0x91, 0x9c, 0x59, 0xce, 0xfb, 0xe6, 0xdb, 0xde,
    0xdb, 0xde, 0xdb, 0xde, 0xda, 0xde, 0x79, 0xce, 0xd7, 0xb5, 0xba, 0xce,
    0x9a, 0xce, 0xf8, 0xb5, 0xfb, 0xde, 0x59, 0xc6, 0x39, 0xc6, 0xda, 0xde,
    0x14, 0x95, 0x53, 0x74, 0x53, 0x74, 0x73, 0x74, 0x73, 0x74, 0x53, 0x74,
    0x6f, 0x63, 0x4f, 0x63, 0x32, 0x74, 0x73, 0x7c, 0x73, 0x74, 0x53, 0x74,
    0x73, 0x74, 0x53, 0x74, 0x52, 0x74, 0x93, 0x7c, 0x73, 0x7c, 0x73, 0x74,
    0x53, 0x74, 0x73, 0x74, 0x73, 0x7c, 0x73, 0x7c, 0x93, 0x84, 0x56, 0x9d,
    0x76, 0x9d, 0x76, 0x9d, 0x76, 0x9d, 0x35, 0x95, 0x96, 0xad, 0x93, 0x8c,
    0x8f, 0x63, 0x94, 0x84, 0xb4, 0x8c, 0x93, 0x84, 0x73, 0x84, 0x73, 0x84,
    0xf1, 0x7b, 0x79, 0xce, 0x37, 0xce, 0x16, 0xc6, 0x17, 0xc6, 0xf7, 0xc5,
    0xf7, 0xc5, 0xb6, 0xbd, 0x74, 0xbd, 0x54, 0xb5, 0x53, 0xb5, 0x12, 0x7c,
    0x33, 0x74, 0x32, 0x74, 0xd1, 0x6b, 0xe8, 0x39, 0x08, 0x42, 0x08, 0x42,
    0xe8, 0x41, 0xcc, 0x52, 0x32, 0x7c, 0xb0, 0x6b, 0x4f, 0x63, 0x11, 0x74,
    0x11, 0x74, 0xf1, 0x6b, 0x6f, 0x63, 0x0e, 0x5b, 0x6e, 0x63, 0xb0, 0x6b,
    0xd5, 0x84, 0xd5, 0x84, 0xd5, 0x84, 0x95, 0x7c, 0x13, 0x74, 0x13, 0x74,
    0x13, 0x74, 0xf2, 0x73, 0xf2, 0x6b, 0x70, 0x63, 0x0d, 0x5b, 0xcc, 0x52,
    0xb9, 0xa5, 0x5b, 0xb6, 0x5b, 0xae, 0xb9, 0x9d, 0x1a, 0xa6, 0x1b, 0xae,
    0xb9, 0x9d, 0x1a, 0xae, 0x19, 0xa6, 0xf9, 0xa5, 0xfa, 0xa5, 0xfa, 0xa5,
    0xf7, 0x8c, 0x58, 0x95, 0xf7, 0x84, 0x78, 0x95, 0x1a, 0xae, 0x0d, 0x5b,
    0xe8, 0x39, 0x09, 0x3a, 0x09, 0x42, 0x29, 0x42, 0x08, 0x42, 0x09, 0x42,
    0x08, 0x42, 0x29, 0x42, 0x08, 0x42, 0x29, 0x42, 0x29, 0x42, 0x29, 0x42,
    0x29, 0x42, 0xc8, 0x39, 0xf0, 0x7b, 0xf8, 0xbd, 0xb7, 0xad, 0x96, 0xad,
    0xb6, 0xad, 0xb6, 0xad, 0xb7, 0xad, 0xb6, 0xad, 0xb6, 0xad, 0xb6, 0xad,
    0xb6, 0xad, 0x96, 0xad, 0x97, 0xb5, 0xb6, 0xad, 0xb6, 0xad, 0xb6, 0xad,
    0xb7, 0xad, 0xb7, 0xad, 0xb6, 0xad, 0xb7, 0xad, 0xb7, 0xad, 0xb6, 0xad,
    0xb6, 0xb5, 0xb6, 0xad, 0xb6, 0xad, 0xb7, 0xad, 0xd7, 0xad, 0xd7, 0xb5,
    0xd7, 0xb5, 0xf7, 0xbd, 0x18, 0xbe, 0x38, 0xc6, 0x59, 0xce, 0x59, 0xce,
    0x79, 0xce, 0x79, 0xd6, 0x9a, 0xd6, 0x99, 0xd6, 0x9a, 0xd6, 0x9a, 0xd6,
    0xba, 0xd6, 0x9a, 0xd6, 0xba, 0xd6, 0x9a, 0xd6, 0x9a, 0xd6, 0xba, 0xd6,
    0x9a, 0xd6, 0xba, 0xd6, 0xba, 0xd6, 0xf5, 0x9c, 0xed, 0x52, 0xec, 0x52,
    0xcc, 0x52, 0xac, 0x52, 0x8c, 0x4a, 0x8b, 0x4a, 0x8b, 0x4a, 0x8b, 0x4a,
    0x8b, 0x4a, 0x8b, 0x4a, 0x6b, 0x4a, 0x4a, 0x42, 0x8f, 0x73, 0xd4, 0xa4,
    0xd0, 0x7b, 0x6f, 0x6b, 0xb0, 0x7b, 0xb0, 0x73, 0x8f, 0x73, 0xd0, 0x7b,
    0xb0, 0x7b, 0xd1, 0x7b, 0x90, 0x73, 0x8f, 0x73, 0xb0, 0x7b, 0xb0, 0x73,
    0x6f, 0x73, 0x90, 0x73, 0xb0, 0x73, 0xb0, 0x73, 0x90, 0x73, 0x90, 0x73,
    0x90, 0x73, 0xd1, 0x7b, 0x73, 0x8c, 0x73, 0x8c, 0x73, 0x8c, 0x93, 0x8c,
    0x73, 0x8c, 0x94, 0x94, 0x93, 0x8c, 0x93, 0x8c, 0x93, 0x8c, 0x94, 0x94,
    0xb4, 0x94, 0xb4, 0x94, 0xb4, 0x94, 0xb4, 0x94, 0xb4, 0x94, 0xb4, 0x94,
    0x94, 0x94, 0x93, 0x94, 0x73, 0x84, 0x35, 0x95, 0x96, 0xa5, 0xf8, 0xad,
    0x2d, 0x63, 0x4a, 0x4a, 0x69, 0x4a, 0x69, 0x4a, 0x09, 0x42, 0x79, 0xce,
    0xd4, 0x84, 0x15, 0x95, 0x35, 0x8d, 0x35, 0x8d, 0x35, 0x8d, 0x56, 0x95,
    0x76, 0x95, 0xd8, 0xa5, 0xb7, 0xa5, 0xd7, 0xad, 0x18, 0xb6, 0x18, 0xbe,
    0x38, 0xbe, 0x39, 0xbe, 0x59, 0xbe, 0x39, 0xbe, 0x39, 0xbe, 0x39, 0xbe,
    0x5d, 0xef, 0x3c, 0xef, 0x3c, 0xe7, 0x3d, 0xef, 0x18, 0xbe, 0x18, 0xb6,
    0x18, 0xb6, 0x17, 0xb6, 0x18, 0xb6, 0x18, 0xbe, 0x18, 0xbe, 0x38, 0xbe,
    0x38, 0xbe, 0x18, 0xbe, 0x38, 0xbe, 0x38, 0xbe, 0x18, 0xbe, 0x38, 0xb6,
    0x18, 0xbe, 0x18, 0xb6, 0x18, 0xb6, 0x38, 0xbe, 0x38, 0xbe, 0x9a, 0xc6,
    0xcb, 0x52, 0xab, 0x52, 0xab, 0x52, 0x8a, 0x4a, 0x72, 0x8c, 0x7a, 0xc6,
    0x59, 0xc6, 0x59, 0xc6, 0x59, 0xc6, 0x79, 0xc6, 0x79, 0xc6, 0x59, 0xc6,
    0x78, 0xc6, 0x59, 0xc6, 0x59, 0xc6, 0x58, 0xc6, 0xba, 0xce, 0x4e, 0x6b,
    0x2d, 0x63, 0x0c, 0x63, 0x0c, 0x5b, 0xab, 0x52, 0x9a, 0xce, 0x79, 0xc6,
    0x59, 0xc6, 0x39, 0xc6, 0x39, 0xbe, 0x18, 0xb6, 0x18, 0xb6, 0x18, 0xb6,
    0x38, 0xb6, 0x38, 0xbe, 0x59, 0xc6, 0xf6, 0xc5, 0x9d, 0xff, 0xd6, 0xcd,
    0x74, 0xbd, 0x74, 0xbd, 0x34, 0xb5, 0xb2, 0xa4, 0x38, 0xce, 0xba, 0xd6,
    0x9a, 0xd6, 0x9a, 0xce, 0x9a, 0xce, 0xba, 0xd6, 0xba, 0xce, 0xba, 0xce,
    0x59, 0xc6, 0x19, 0xbe, 0x9a, 0xce, 0x39, 0xc6, 0x59, 0xbe, 0xb4, 0x84,
    0xb3, 0x84, 0x36, 0x95, 0x32, 0x74, 0x53, 0x74, 0x52, 0x74, 0x73, 0x74,
    0x53, 0x74, 0x73, 0x74, 0x32, 0x74, 0x4f, 0x63, 0x4f, 0x63, 0x32, 0x74,
    0x73, 0x74, 0x73, 0x74, 0x52, 0x74, 0x52, 0x74, 0x53, 0x74, 0x53, 0x74,
    0x53, 0x74, 0x73, 0x74, 0x52, 0x74, 0x53, 0x74, 0x72, 0x7c, 0x73, 0x7c,
    0x73, 0x7c, 0x15, 0x95, 0x56, 0x9d, 0x76, 0x9d, 0x56, 0x9d, 0x15, 0x95,
    0x55, 0xa5, 0x6f, 0x63, 0x32, 0x7c, 0xf5, 0x8c, 0x94, 0x84, 0x73, 0x7c,
    0x73, 0x84, 0x73, 0x84, 0x32, 0x7c, 0xf4, 0x9c, 0x99, 0xde, 0x16, 0xce,
    0xf7, 0xc5, 0xf7, 0xc5, 0xf6, 0xc5, 0xd6, 0xbd, 0x95, 0xbd, 0x54, 0xb5,
    0x53, 0xb5, 0x32, 0x7c, 0x32, 0x74, 0x12, 0x74, 0xd0, 0x6b, 0xe8, 0x39,
    0x08, 0x42, 0x08, 0x42, 0xe8, 0x39, 0xac, 0x52, 0xf1, 0x73, 0xb0, 0x6b,
    0x2e, 0x5b, 0x11, 0x74, 0x11, 0x74, 0xf1, 0x73, 0x4f, 0x63, 0x0e, 0x5b,
    0x6f, 0x63, 0xd0, 0x6b, 0x73, 0x7c, 0xd5, 0x8c, 0xb5, 0x84, 0x95, 0x84,
    0x34, 0x74, 0x54, 0x7c, 0xf2, 0x6b, 0xd1, 0x6b, 0xb1, 0x6b, 0xed, 0x52,
    0xed, 0x5a, 0xcd, 0x52, 0x12, 0x7c, 0x9c, 0xbe, 0x3b, 0xae, 0x1b, 0xae,
    0x58, 0x8d, 0xda, 0xa5, 0x99, 0x9d, 0xfa, 0xa5, 0xf9, 0xa5, 0xf9, 0xa5,
    0xf9, 0xa5, 0x78, 0x95, 0xf7, 0x84, 0xd7, 0x84, 0x17, 0x85, 0x99, 0x9d,
    0x1a, 0xae, 0xc8, 0x39, 0x08, 0x3a, 0x09, 0x42, 0x09, 0x42, 0x08, 0x42,
    0x29, 0x42, 0x09, 0x42, 0x09, 0x42, 0x29, 0x42, 0x29, 0x42, 0x29, 0x42,
    0x09, 0x42, 0x09, 0x42, 0xe8, 0x39, 0x52, 0x84, 0xf8, 0xb5, 0xb6, 0xad,
    0x96, 0xad, 0x97, 0xad, 0x96, 0xad, 0x96, 0xad, 0x96, 0xad, 0x96, 0xad,
    0x96, 0xad, 0x97, 0xad, 0x96, 0xad, 0xb6, 0xad, 0xb6, 0xad, 0xb7, 0xad,
    0xb6, 0xad, 0xb6, 0xad, 0x96, 0xad, 0x96, 0xad, 0xb6, 0xad, 0xb7, 0xb5,
    0xd7, 0xb5, 0xf8, 0xbd, 0x18, 0xbe, 0x38, 0xc6, 0x59, 0xce, 0x79, 0xce,
    0x79, 0xd6, 0x9a, 0xd6, 0x9a, 0xd6, 0xba, 0xd6, 0xba, 0xd6, 0x9a, 0xd6,
    0x9a, 0xd6, 0x9a, 0xd6, 0x9a, 0xd6, 0x9a, 0xd6, 0x9a, 0xd6, 0xba, 0xd6,
    0x9a, 0xd6, 0xba, 0xd6, 0x9a, 0xd6, 0xba, 0xd6, 0xba, 0xde, 0x9a, 0xd6,
    0xba, 0xd6, 0xba, 0xd6, 0xba, 0xde, 0xba, 0xd6, 0xba, 0xd6, 0xf5, 0x9c,
    0xed, 0x52, 0xcc, 0x52, 0xac, 0x52, 0xac, 0x4a, 0x8b, 0x4a, 0x8b, 0x4a,
    0x8c, 0x4a, 0x8b, 0x4a, 0x8b, 0x4a, 0x8b, 0x4a, 0x8b, 0x4a, 0x8b, 0x4a,
    0x4b, 0x42, 0xac, 0x52, 0x93, 0x9c, 0xd0, 0x83, 0x8f, 0x73, 0xb0, 0x7b,
    0xb0, 0x73, 0xb0, 0x7b, 0xd1, 0x7b, 0xd0, 0x7b, 0xb0, 0x7b, 0xb0, 0x73,
    0xb0, 0x73, 0xb0, 0x73, 0xb0, 0x73, 0xb0, 0x7b, 0xd0, 0x7b, 0xb0, 0x7b,
    0xb0, 0x73, 0xb0, 0x73, 0xb0, 0x73, 0x52, 0x8c, 0x52, 0x84, 0x53, 0x8c,
    0x73, 0x8c, 0x73, 0x8c, 0x73, 0x8c, 0x93, 0x8c, 0x94, 0x94, 0x94, 0x94,
    0x94, 0x94, 0xb4, 0x94, 0xb4, 0x94, 0xb4, 0x94, 0xb4, 0x94, 0xb4, 0x94,
    0xb4, 0x94, 0xb4, 0x94, 0xb4, 0x94, 0xb4, 0x94, 0x73, 0x84, 0x15, 0x95,
    0x55, 0x95, 0x97, 0xa5, 0x2d, 0x5b, 0x49, 0x4a, 0x4a, 0x4a, 0x69, 0x42,
    0xe8, 0x41, 0x7a, 0xce, 0xd4, 0x84, 0x15, 0x8d, 0x15, 0x8d, 0x15, 0x8d,
    0x35, 0x8d, 0x56, 0x95, 0xd8, 0xad, 0xf8, 0xad, 0xf8, 0xad, 0x18, 0xae,
    0x18, 0xb6, 0x18, 0xb6, 0x38, 0xb6, 0x39, 0xbe, 0x38, 0xbe, 0x38, 0xbe,
    0x39, 0xbe, 0x18, 0xb6, 0x3c, 0xe7, 0x3d, 0xe7, 0x3c, 0xe7, 0x3c, 0xef,
    0xdb, 0xd6, 0xd7, 0xb5, 0xf8, 0xb5, 0x17, 0xb6, 0x17, 0xb6, 0x18, 0xb6,
    0x18, 0xbe, 0x18, 0xbe, 0x18, 0xb6, 0x18, 0xb6, 0xf8, 0xb5, 0xf8, 0xb5,
    0xf8, 0xb5, 0xf8, 0xb5, 0xf7, 0xb5, 0xf8, 0xb5, 0xf8, 0xb5, 0xf7, 0xb5,
    0xf8, 0xb5, 0x79, 0xc6, 0xcb, 0x52, 0x8a, 0x52, 0x8a, 0x4a, 0x69, 0x4a,
    0x51, 0x84, 0x59, 0xbe, 0x18, 0xb6, 0x38, 0xb6, 0x38, 0xb6, 0x38, 0xb6,
    0x38, 0xb6, 0x18, 0xbe, 0x18, 0xbe, 0x38, 0xb6, 0x38, 0xbe, 0x38, 0xbe,
    0x7a, 0xc6, 0x2d, 0x63, 0x0c, 0x63, 0xec, 0x5a, 0xec, 0x5a, 0x8b, 0x52,
    0x79, 0xc6, 0x59, 0xc6, 0x59, 0xbe, 0x39, 0xbe, 0x18, 0xb6, 0x18, 0xb6,
    0xf8, 0xb5, 0xf8, 0xb5, 0x18, 0xb6, 0x18, 0xb6, 0x18, 0xbe, 0x98, 0xde,
    0x98, 0xde, 0x74, 0xc5, 0x75, 0xbd, 0x54, 0xbd, 0x13, 0xad, 0x14, 0xad,
    0x5a, 0xc6, 0x59, 0xbe, 0x38, 0xbe, 0xf8, 0xad, 0xf4, 0x8c, 0xd7, 0xa5,
    0x39, 0xb6, 0x39, 0xb6, 0x39, 0xb6, 0x19, 0xae, 0x39, 0xb6, 0x39, 0xb6,
    0x15, 0x8d, 0x52, 0x74, 0x52, 0x74, 0x32, 0x6c, 0x52, 0x74, 0x53, 0x74,
    0x52, 0x74, 0x73, 0x74, 0x53, 0x74, 0x73, 0x74, 0x73, 0x74, 0xf1, 0x6b,
    0x2e, 0x5b, 0x6f, 0x63, 0x53, 0x7c, 0x53, 0x74, 0x52, 0x74, 0x52, 0x74,
    0x53, 0x74, 0x52, 0x74, 0x52, 0x74, 0x52, 0x74, 0x53, 0x74, 0x52, 0x74,
    0x52, 0x7c, 0x73, 0x7c, 0x73, 0x7c, 0x73, 0x84, 0x15, 0x95, 0x55, 0x9d,
    0x56, 0x9d, 0xd4, 0x8c, 0x11, 0x7c, 0x2f, 0x63, 0xf5, 0x94, 0x35, 0x95,
    0x94, 0x84, 0x73, 0x7c, 0x73, 0x84, 0x73, 0x84, 0x53, 0x7c, 0xb0, 0x73,
    0xba, 0xde, 0x17, 0xce, 0x17, 0xc6, 0xf7, 0xc5, 0xf7, 0xc5, 0xd6, 0xbd,
    0x95, 0xbd, 0x54, 0xb5, 0x54, 0xb5, 0x52, 0x84, 0xf2, 0x73, 0xf2, 0x73,
    0xb0, 0x6b, 0xe8, 0x39, 0x08, 0x42, 0x08, 0x42, 0xe8, 0x39, 0xcc, 0x52,
    0xf1, 0x6b, 0xd0, 0x6b, 0x0e, 0x53, 0xd0, 0x6b, 0xd1, 0x6b, 0xb0, 0x6b,
    0x2e, 0x5b, 0x2e, 0x5b, 0xb0, 0x6b, 0xd0, 0x73, 0xd0, 0x6b, 0x94, 0x84,
    0x95, 0x84, 0x95, 0x84, 0x54, 0x7c, 0x33, 0x74, 0xf2, 0x6b, 0xd1, 0x6b,
    0x0e, 0x5b, 0xed, 0x52, 0xcd, 0x52, 0xcd, 0x52, 0xed, 0x5a, 0x7c, 0xbe,
    0x3a, 0xae, 0x3a, 0xae, 0xb9, 0x9d, 0x38, 0x85, 0xb9, 0x9d, 0xb9, 0x9d,
    0xfa, 0xa5, 0xf9, 0xa5, 0xd9, 0xa5, 0xf7, 0x84, 0xf7, 0x84, 0xf7, 0x84,
    0x58, 0x95, 0xb9, 0x9d, 0x16, 0x95, 0x87, 0x31, 0x09, 0x42, 0x08, 0x3a,
    0x09, 0x42, 0x09, 0x42, 0x08, 0x42, 0x09, 0x42, 0x09, 0x42, 0x29, 0x42,
    0x09, 0x42, 0x29, 0x42, 0x09, 0x42, 0x09, 0x42, 0x15, 0xa5, 0xd7, 0xb5,
    0x96, 0xad, 0x96, 0xad, 0x96, 0xad, 0x97, 0xad, 0x96, 0xad, 0x96, 0xad,
    0x97, 0xad, 0x96, 0xad, 0x96, 0xad, 0x96, 0xad, 0x96, 0xad, 0x96, 0xad,
    0xb6, 0xad, 0xb7, 0xb5, 0xd7, 0xb5, 0xf8, 0xbd, 0x39, 0xce, 0x79, 0xce,
    0x99, 0xce, 0x9a, 0xd6, 0x9a, 0xd6, 0x9a, 0xd6, 0x9a, 0xd6, 0x9a, 0xd6,
    0x9a, 0xd6, 0x9a, 0xd6, 0x9a, 0xd6, 0x9a, 0xd6, 0x9a, 0xd6, 0xba, 0xde,
    0x9a, 0xd6, 0xba, 0xd6, 0xba, 0xd6, 0xba, 0xd6, 0xba, 0xd6, 0x9a, 0xd6,
    0xba, 0xd6, 0x9a, 0xd6, 0xba, 0xd6, 0xba, 0xde, 0xba, 0xde, 0xba, 0xd6,
    0xba, 0xde, 0xba, 0xde, 0xba, 0xd6, 0xba, 0xde, 0xba, 0xd6, 0x9a, 0xde,
    0xba, 0xd6, 0xf5, 0x94, 0xed, 0x52, 0xac, 0x52, 0x8b, 0x4a, 0x8c, 0x4a,
    0x8b, 0x52, 0x8b, 0x4a, 0x8c, 0x4a, 0x8b, 0x4a, 0x8b, 0x4a, 0x8b, 0x4a,
    0x8b, 0x4a, 0x6b, 0x4a, 0x6b, 0x4a, 0x6b, 0x4a, 0x6b, 0x42, 0x6f, 0x6b,
    0xd1, 0x83, 0xd1, 0x7b, 0xd0, 0x7b, 0x90, 0x73, 0x8f, 0x73, 0x90, 0x73,
    0x90, 0x73, 0xb0, 0x7b, 0xb0, 0x73, 0xb0, 0x7b, 0xb0, 0x7b, 0x90, 0x73,
    0x8f, 0x73, 0x90, 0x73, 0x90, 0x73, 0x8f, 0x73, 0x32, 0x84, 0x32, 0x84,
    0x52, 0x84, 0x52, 0x84, 0x52, 0x8c, 0x53, 0x8c, 0x73, 0x8c, 0x93, 0x8c,
    0x93, 0x8c, 0x94, 0x94, 0x93, 0x8c, 0xf5, 0x9c, 0xb4, 0x94, 0x94, 0x94,
    0xb4, 0x94, 0xb4, 0x94, 0xb4, 0x94, 0xb4, 0x94, 0xb4, 0x94, 0xb4, 0x94,
    0x52, 0x84, 0xf4, 0x8c, 0xf4, 0x8c, 0x15, 0x8d, 0x2d, 0x5b, 0x49, 0x42,
    0x49, 0x4a, 0x49, 0x4a, 0xe8, 0x39, 0x7a, 0xd6, 0xd4, 0x84, 0x15, 0x8d,
    0x15, 0x8d, 0x15, 0x8d, 0x15, 0x8d, 0x76, 0x9d, 0x18, 0xb6, 0x18, 0xb6,
    0x38, 0xb6, 0x39, 0xbe, 0x59, 0xbe, 0x59, 0xbe, 0x59, 0xbe, 0x39, 0xbe,
    0x59, 0xbe, 0x59, 0xbe, 0x59, 0xc6, 0x59, 0xbe, 0x9a, 0xce, 0x5d, 0xef,
    0x5d, 0xef, 0x5d, 0xef, 0x5d, 0xef, 0x9a, 0xce, 0x59, 0xc6, 0x59, 0xc6,
    0x59, 0xc6, 0x79, 0xc6, 0x79, 0xc6, 0x79, 0xc6, 0x5a, 0xc6, 0x79, 0xc6,
    0x79, 0xc6, 0x79, 0xbe, 0x79, 0xc6, 0x59, 0xbe, 0x59, 0xbe, 0x59, 0xbe,
    0x59, 0xbe, 0x59, 0xbe, 0x39, 0xbe, 0x9a, 0xc6, 0xcb, 0x52, 0x8a, 0x4a,
    0x8a, 0x4a, 0x49, 0x42, 0x11, 0x7c, 0x39, 0xb6, 0xf8, 0xb5, 0x18, 0xb6,
    0x18, 0xb6, 0x18, 0xb6, 0x18, 0xb6, 0x18, 0xb6, 0x38, 0xb6, 0x38, 0xb6,
    0x38, 0xb6, 0x39, 0xbe, 0x7a, 0xc6, 0x2c, 0x63, 0xeb, 0x5a, 0xeb, 0x5a,
    0xcb, 0x5a, 0x8a, 0x4a, 0x59, 0xc6, 0x59, 0xc6, 0x59, 0xbe, 0x39, 0xbe,
    0x59, 0xbe, 0x58, 0xbe, 0x58, 0xbe, 0x58, 0xbe, 0x59, 0xbe, 0x38, 0xbe,
    0xf7, 0xcd, 0x57, 0xde, 0x95, 0xc5, 0x74, 0xbd, 0x54, 0xbd, 0x33, 0xb5,
    0x92, 0x9c, 0x18, 0xbe, 0x18, 0xbe, 0x18, 0xb6, 0x38, 0xb6, 0x19, 0xb6,
    0x15, 0x8d, 0xb3, 0x84, 0x76, 0x9d, 0x19, 0xae, 0x19, 0xb6, 0xd7, 0xa5,
    0x76, 0x9d, 0x76, 0x9d, 0x53, 0x74, 0x53, 0x74, 0x52, 0x74, 0x52, 0x74,
    0x53, 0x74, 0x52, 0x74, 0x52, 0x74, 0x73, 0x7c, 0x73, 0x74, 0x53, 0x7c,
    0x53, 0x74, 0x73, 0x74, 0xd0, 0x6b, 0x2e, 0x5b, 0xb0, 0x63, 0x53, 0x74,
    0x52, 0x74, 0x52, 0x74, 0x53, 0x74, 0x52, 0x74, 0x52, 0x74, 0x33, 0x74,
    0x32, 0x74, 0x52, 0x74, 0x53, 0x7c, 0x73, 0x7c, 0x73, 0x7c, 0x73, 0x84,
    0xb3, 0x84, 0x35, 0x95, 0x35, 0x95, 0x93, 0x84, 0x2e, 0x63, 0xd0, 0x6b,
    0x15, 0x95, 0x15, 0x95, 0x93, 0x8c, 0x73, 0x84, 0x93, 0x84, 0x73, 0x84,
    0x32, 0x7c, 0x90, 0x6b, 0x34, 0xa5, 0x78, 0xde, 0x16, 0xce, 0xf7, 0xc5,
    0xf7, 0xc5, 0xf6, 0xc5, 0xb6, 0xbd, 0x74, 0xbd, 0x34, 0xb5, 0x92, 0x9c,
    0xf1, 0x6b, 0x12, 0x74, 0xd1, 0x6b, 0xe7, 0x39, 0x08, 0x42, 0x08, 0x42,
    0x08, 0x3a, 0xec, 0x52, 0x12, 0x74, 0xd0, 0x6b, 0x0e, 0x5b, 0x2e, 0x5b,
    0x4f, 0x5b, 0x4e, 0x5b, 0x0d, 0x5b, 0x6f, 0x63, 0xf0, 0x73, 0x6f, 0x63,
    0x0d, 0x53, 0x90, 0x63, 0x95, 0x84, 0x94, 0x7c, 0x34, 0x7c, 0xf2, 0x73,
    0xd1, 0x6b, 0x6f, 0x63, 0xcd, 0x52, 0xcd, 0x5a, 0xcc, 0x52, 0xcc, 0x52,
    0x4b, 0x42, 0x16, 0x95, 0x1a, 0xae, 0x1a, 0xa6, 0xfa, 0xa5, 0x58, 0x95,
    0x38, 0x8d, 0x59, 0x95, 0xfa, 0xa5, 0xf9, 0xa5, 0x38, 0x95, 0xf7, 0x84,
    0xf7, 0x84, 0x58, 0x95, 0x78, 0x9d, 0xda, 0xa5, 0x90, 0x6b, 0xc8, 0x39,
    0x08, 0x42, 0x08, 0x42, 0x29, 0x3a, 0x09, 0x42, 0x08, 0x42, 0x29, 0x42,
    0x09, 0x42, 0x08, 0x42, 0x29, 0x42, 0xe8, 0x39, 0xcb, 0x52, 0x96, 0xad,
    0xb6, 0xad, 0x96, 0xad, 0x97, 0xad, 0x96, 0xad, 0x97, 0xad, 0xb6, 0xad,
    0xb6, 0xad, 0x96, 0xad, 0x96, 0xad, 0xb7, 0xad, 0xd7, 0xb5, 0x18, 0xbe,
    0x59, 0xc6, 0x7a, 0xce, 0x9a, 0xd6, 0xba, 0xde, 0xba, 0xde, 0xdb, 0xde,
    0x1c, 0xe7, 0xba, 0xde, 0x9a, 0xd6, 0x9a, 0xd6, 0x9a, 0xd6, 0x9a, 0xd6,
    0x99, 0xd6, 0x9a, 0xd6, 0x9a, 0xd6, 0xba, 0xd6, 0x9a, 0xd6, 0xba, 0xd6,
    0xba, 0xd6, 0x9a, 0xde, 0x9a, 0xd6, 0xba, 0xde, 0x9a, 0xde, 0x9a, 0xd6,
    0xba, 0xd6, 0xba, 0xde, 0x9a, 0xd6, 0xba, 0xd6, 0xba, 0xde, 0xba, 0xd6,
    0x9a, 0xd6, 0xba, 0xd6, 0xba, 0xd6, 0x9a, 0xd6, 0xba, 0xde, 0xba, 0xd6,
    0x9a, 0xd6, 0xba, 0xde, 0xba, 0xd6, 0xf5, 0x94, 0xcc, 0x52, 0xac, 0x4a,
    0x8b, 0x4a, 0x8b, 0x4a, 0x8b, 0x4a, 0x8b, 0x4a, 0x8b, 0x4a, 0x8c, 0x4a,
    0x8b, 0x4a, 0x6b, 0x4a, 0x8c, 0x4a, 0x6b, 0x4a, 0x8b, 0x4a, 0x8b, 0x4a,
    0x6b, 0x4a, 0x6a, 0x42, 0x6b, 0x4a, 0x0e, 0x63, 0xb0, 0x73, 0xb0, 0x73,
    0xb0, 0x73, 0xb0, 0x73, 0x8f, 0x73, 0xb0, 0x73, 0xd0, 0x7b, 0xb0, 0x7b,
    0xb0, 0x73, 0xb0, 0x73, 0xb0, 0x73, 0xb0, 0x73, 0x6f, 0x6b, 0x11, 0x84,
    0x32, 0x84, 0x32, 0x84, 0x32, 0x84, 0x32, 0x84, 0x32, 0x84, 0x53, 0x8c,
    0x73, 0x8c, 0x73, 0x8c, 0x73, 0x8c, 0x93, 0x8c, 0x94, 0x94, 0x93, 0x8c,
    0x93, 0x8c, 0xb4, 0x94, 0xb4, 0x94, 0xb4, 0x94, 0xb4, 0x94, 0xb4, 0x94,
    0xb4, 0x94, 0xb4, 0x94, 0x52, 0x84, 0xb4, 0x84, 0xf4, 0x8c, 0xf5, 0x8c,
    0x2d, 0x63, 0x49, 0x42, 0x49, 0x42, 0x49, 0x4a, 0xe8, 0x39, 0x79, 0xce,
    0xb4, 0x84, 0xf4, 0x84, 0xf4, 0x8c, 0x15, 0x8d, 0x35, 0x8d, 0xd8, 0xa5,
    0x38, 0xb6, 0x39, 0xbe, 0x59, 0xbe, 0x79, 0xc6, 0x79, 0xc6, 0x7a, 0xc6,
    0x7a, 0xc6, 0x79, 0xc6, 0x79, 0xc6, 0x7a, 0xc6, 0x79, 0xc6, 0x79, 0xc6,
    0x5a, 0xc6, 0xdb, 0xd6, 0x5d, 0xef, 0x5d, 0xef, 0x5d, 0xef, 0x5d, 0xef,
    0xbb, 0xd6, 0x59, 0xc6, 0x79, 0xc6, 0x79, 0xc6, 0x59, 0xc6, 0x79, 0xc6,
    0x79, 0xc6, 0x79, 0xc6, 0x59, 0xc6, 0x9b, 0xce, 0x3d, 0xe7, 0x59, 0xbe,
    0x79, 0xc6, 0x79, 0xc6, 0x79, 0xc6, 0x79, 0xc6, 0x59, 0xc6, 0xbb, 0xce,
    0xab, 0x52, 0x69, 0x4a, 0x6a, 0x4a, 0x29, 0x42, 0x51, 0x84, 0x7a, 0xc6,
    0x59, 0xbe, 0x59, 0xbe, 0x5a, 0xbe, 0x59, 0xbe, 0x59, 0xbe, 0x59, 0xbe,
    0x59, 0xbe, 0x59, 0xbe, 0x59, 0xbe, 0x59, 0xbe, 0x9a, 0xce, 0x0c, 0x5b,
    0xcb, 0x52, 0xcb, 0x52, 0xab, 0x52, 0x4a, 0x4a, 0x79, 0xce, 0x79, 0xc6,
    0x79, 0xc6, 0x79, 0xc6, 0x79, 0xc6, 0x79, 0xc6, 0x79, 0xc6, 0x9a, 0xc6,
    0xb6, 0xbd, 0x17, 0xce, 0x37, 0xd6, 0x75, 0xbd, 0x74, 0xbd, 0x54, 0xbd,
    0x34, 0xb5, 0x92, 0xa4, 0xd8, 0xbd, 0x39, 0xbe, 0x38, 0xbe, 0x39, 0xbe,
    0x39, 0xbe, 0x38, 0xbe, 0xf8, 0xad, 0x73, 0x7c, 0x73, 0x7c, 0x56, 0x8d,
    0xb7, 0xa5, 0xd4, 0x84, 0x52, 0x74, 0x52, 0x74, 0x52, 0x74, 0x32, 0x74,
    0x52, 0x74, 0x52, 0x6c, 0x53, 0x74, 0x53, 0x74, 0x53, 0x74, 0x73, 0x7c,
    0x73, 0x74, 0x73, 0x7c, 0x73, 0x7c, 0x93, 0x7c, 0x93, 0x7c, 0x6f, 0x63,
    0x2e, 0x5b, 0xf1, 0x6b, 0x53, 0x74, 0x53, 0x74, 0x52, 0x74, 0x53, 0x74,
    0x52, 0x74, 0x53, 0x74, 0x52, 0x74, 0x52, 0x74, 0x53, 0x84, 0x73, 0x84,
    0x93, 0x84, 0x35, 0x9d, 0x56, 0x9d, 0x76, 0xa5, 0x96, 0xa5, 0x11, 0x7c,
    0x0e, 0x5b, 0x52, 0x7c, 0xb3, 0x84, 0xd4, 0x8c, 0xb3, 0x8c, 0xb4, 0x8c,
    0x94, 0x8c, 0x32, 0x7c, 0x32, 0x7c, 0xb0, 0x73, 0xaf, 0x73, 0x99, 0xde,
    0xf6, 0xc5, 0xf6, 0xc5, 0xf7, 0xc5, 0xf7, 0xc5, 0xd6, 0xbd, 0x95, 0xbd,
    0x34, 0xb5, 0x13, 0xad, 0xd1, 0x6b, 0x12, 0x74, 0x8f, 0x63, 0xe8, 0x41,
    0x08, 0x42, 0x08, 0x42, 0x08, 0x3a, 0xcc, 0x52, 0xf1, 0x73, 0x90, 0x63,
    0xed, 0x52, 0xed, 0x52, 0x0d, 0x5b, 0xed, 0x52, 0xcd, 0x52, 0x4e, 0x63,
    0x4e, 0x63, 0xed, 0x52, 0xcc, 0x52, 0xac, 0x52, 0x12, 0x74, 0x54, 0x74,
    0x53, 0x74, 0xf2, 0x6b, 0xb1, 0x6b, 0xed, 0x52, 0xcc, 0x52, 0xcc, 0x52,
    0xac, 0x52, 0xcc, 0x52, 0xcf, 0x7b, 0xcf, 0x7b, 0x3b, 0xae, 0xf9, 0xad,
    0xf9, 0xa5, 0xd9, 0xa5, 0x38, 0x8d, 0x18, 0x8d, 0xb9, 0x9d, 0xd9, 0x9d,
    0xf7, 0x84, 0xf7, 0x84, 0x58, 0x95, 0x58, 0x95, 0x58, 0x95, 0xba, 0xa5,
    0xc8, 0x39, 0x08, 0x42, 0x09, 0x42, 0x09, 0x42, 0x09, 0x42, 0x28, 0x42,
    0x09, 0x3a, 0x08, 0x3a, 0x08, 0x3a, 0x09, 0x42, 0xc7, 0x31, 0x4e, 0x6b,
    0xd7, 0xb5, 0x96, 0xad, 0x96, 0xad, 0x96, 0xad, 0x97, 0xad, 0x96, 0xad,
    0xb6, 0xad, 0xd7, 0xb5, 0xf8, 0xbd, 0x59, 0xc6, 0x7a, 0xd6, 0xba, 0xd6,
    0xba, 0xd6, 0xbb, 0xde, 0xba, 0xd6, 0xba, 0xd6, 0xba, 0xd6, 0xba, 0xd6,
    0xba, 0xde, 0x7d, 0xef, 0xdf, 0xff, 0x3c, 0xe7, 0x9a, 0xd6, 0x9a, 0xd6,
    0x9a, 0xd6, 0x9a, 0xd6, 0xba, 0xd6, 0x9a, 0xd6, 0x9a, 0xd6, 0xba, 0xde,
    0xba, 0xd6, 0x9a, 0xd6, 0xba, 0xde, 0xba, 0xd6, 0x9a, 0xd6, 0xba, 0xd6,
    0xba, 0xde, 0xba, 0xd6, 0x9a, 0xd6, 0xba, 0xde, 0xba, 0xde, 0xba, 0xd6,
    0xba, 0xd6, 0x9a, 0xde, 0xba, 0xd6, 0xba, 0xde, 0x9a, 0xd6, 0xba, 0xd6,
    0xba, 0xde, 0x9a, 0xd6, 0xba, 0xd6, 0xba, 0xde, 0xba, 0xd6, 0xf5, 0x9c,
    0xac, 0x4a, 0xab, 0x4a, 0x8b, 0x4a, 0x8c, 0x4a, 0x8b, 0x4a, 0x8b, 0x4a,
    0x8c, 0x4a, 0x8b, 0x4a, 0x8b, 0x4a, 0x8b, 0x4a, 0x8b, 0x4a, 0x8b, 0x4a,
    0x6b, 0x4a, 0x6b, 0x4a, 0x8b, 0x4a, 0x6b, 0x4a, 0x6a, 0x4a, 0x4a, 0x42,
    0x2e, 0x6b, 0xb0, 0x7b, 0xb0, 0x73, 0x8f, 0x73, 0xd0, 0x7b, 0x6f, 0x73,
    0x6f, 0x6b, 0x6f, 0x73, 0x90, 0x73, 0xb0, 0x73, 0x90, 0x73, 0x8f, 0x73,
    0xf1, 0x7b, 0x53, 0x8c, 0x32, 0x84, 0x32, 0x84, 0x32, 0x84, 0x32, 0x84,
    0x52, 0x84, 0x73, 0x8c, 0x73, 0x8c, 0x94, 0x8c, 0x73, 0x8c, 0x93, 0x8c,
    0x73, 0x8c, 0x94, 0x94, 0x94, 0x94, 0xb4, 0x94, 0x93, 0x94, 0xb4, 0x94,
    0xb4, 0x94, 0xb4, 0x94, 0xb4, 0x94, 0xb4, 0x94, 0x52, 0x7c, 0xb4, 0x84,
    0xf5, 0x8c, 0xf4, 0x8c, 0x0d, 0x5b, 0x29, 0x42, 0x49, 0x42, 0x49, 0x42,
    0xe8, 0x39, 0x79, 0xce, 0x93, 0x7c, 0xf4, 0x84, 0xf4, 0x84, 0xf5, 0x84,
    0x35, 0x8d, 0x19, 0xb6, 0x59, 0xbe, 0x59, 0xbe, 0x79, 0xc6, 0x7a, 0xc6,
    0x7a, 0xc6, 0x7a, 0xc6, 0x7a, 0xc6, 0x79, 0xc6, 0x7a, 0xc6, 0x7a, 0xc6,
    0x7a, 0xc6, 0x7a, 0xc6, 0x7a, 0xc6, 0x79, 0xc6, 0xbb, 0xce, 0x5d, 0xef,
    0x5d, 0xef, 0x7d, 0xef, 0x3d, 0xe7, 0x7a, 0xce, 0x79, 0xc6, 0x79, 0xc6,
    0x7a, 0xc6, 0x59, 0xc6, 0x59, 0xc6, 0x79, 0xc6, 0x79, 0xc6, 0x59, 0xbe,
    0x59, 0xc6, 0x59, 0xc6, 0x59, 0xc6, 0x59, 0xc6, 0x79, 0xc6, 0x59, 0xc6,
    0x79, 0xc6, 0xdb, 0xce, 0xab, 0x52, 0x69, 0x4a, 0x69, 0x4a, 0x29, 0x42,
    0xef, 0x7b, 0xd7, 0xbd, 0xb6, 0xbd, 0x96, 0xb5, 0x95, 0xb5, 0x95, 0xb5,
    0x95, 0xb5, 0x95, 0xb5, 0x95, 0xb5, 0x95, 0xb5, 0x95, 0xb5, 0xb6, 0xbd,
    0x17, 0xc6, 0x0c, 0x63, 0xcb, 0x52, 0xcb, 0x52, 0xab, 0x52, 0x69, 0x4a,
    0xd7, 0xbd, 0xd6, 0xbd, 0xb6, 0xbd, 0xb6, 0xbd, 0x95, 0xb5, 0xb6, 0xb5,
    0x54, 0xb5, 0xf3, 0xac, 0x74, 0xbd, 0xf6, 0xcd, 0x54, 0xc5, 0x34, 0xbd,
    0x14, 0xbd, 0xf3, 0xb4, 0x71, 0xa4, 0x10, 0x8c, 0x51, 0x94, 0x51, 0x94,
    0x72, 0x94, 0x72, 0x94, 0x92, 0x94, 0xb2, 0x94, 0xb2, 0x94, 0x51, 0x8c,
    0x51, 0x8c, 0x51, 0x8c, 0x51, 0x8c, 0x51, 0x8c, 0x72, 0x8c, 0x72, 0x8c,
    0x72, 0x8c, 0x71, 0x8c, 0x72, 0x8c, 0x72, 0x8c, 0x71, 0x8c, 0x72, 0x8c,
    0x71, 0x94, 0x71, 0x8c, 0x71, 0x8c, 0x71, 0x8c, 0x71, 0x94, 0x71, 0x8c,
    0x72, 0x94, 0x71, 0x94, 0x10, 0x8c, 0x30, 0x8c, 0x51, 0x8c, 0x71, 0x8c,
    0x71, 0x94, 0x71, 0x8c, 0x72, 0x94, 0x72, 0x94, 0x92, 0x94, 0x92, 0x94,
    0x92, 0x94, 0xb2, 0x94, 0xb2, 0x94, 0xb2, 0x9c, 0xd2, 0x9c, 0xd2, 0x9c,
    0x13, 0xa5, 0x72, 0x94, 0x72, 0x94, 0xb3, 0x9c, 0xd3, 0xa4, 0xf3, 0xa4,
    0xf3, 0xa4, 0x14, 0xa5, 0x14, 0xad, 0xf3, 0xa4, 0x14, 0xa5, 0x14, 0xa5,
    0x34, 0xad, 0x18, 0xce, 0x37, 0xce, 0xf6, 0xc5, 0xf7, 0xc5, 0xf6, 0xc5,
    0xd6, 0xbd, 0xb5, 0xbd, 0x54, 0xb5, 0x13, 0xb5, 0x93, 0x94, 0x76, 0xad,
    0x92, 0x8c, 0xe7, 0x41, 0x28, 0x42, 0x08, 0x42, 0x08, 0x42, 0x8e, 0x73,
    0x75, 0xb5, 0x55, 0xad, 0x54, 0xad, 0x34, 0xad, 0x34, 0xad, 0x34, 0xad,
    0x13, 0xa5, 0x13, 0xa5, 0xf3, 0xa4, 0xf4, 0xa4, 0xf4, 0xa4, 0x13, 0xa5,
    0x14, 0xa5, 0x55, 0xb5, 0x35, 0xad, 0x14, 0xa5, 0xf3, 0xa4, 0x92, 0x9c,
    0x71, 0x94, 0x30, 0x8c, 0x30, 0x8c, 0x50, 0x9c, 0x0f, 0x8c, 0x8a, 0x5a,
    0xb8, 0xa5, 0xf9, 0xad, 0xf9, 0xa5, 0xfa, 0xa5, 0x58, 0x8d, 0x38, 0x8d,
    0x78, 0x95, 0x38, 0x95, 0xf7, 0x84, 0x38, 0x8d, 0x58, 0x95, 0x58, 0x95,
    0x99, 0x9d, 0x90, 0x6b, 0xc8, 0x39, 0x08, 0x42, 0x08, 0x42, 0x09, 0x42,
    0x08, 0x42, 0x08, 0x42, 0x09, 0x42, 0x09, 0x42, 0x08, 0x3a, 0xc7, 0x39,
    0x72, 0x84, 0xd7, 0xb5, 0x96, 0xad, 0x97, 0xad, 0x96, 0xad, 0x97, 0xad,
    0xf7, 0xb5, 0x59, 0xc6, 0x9a, 0xd6, 0xbb, 0xde, 0xba, 0xde, 0xba, 0xd6,
    0xba, 0xd6, 0xba, 0xde, 0xba, 0xd6, 0xba, 0xd6, 0x9a, 0xde, 0xba, 0xde,
    0xba, 0xd6, 0xba, 0xd6, 0xba, 0xde, 0x5d, 0xef, 0xbe, 0xf7, 0xfb, 0xe6,
    0x9a, 0xd6, 0xba, 0xd6, 0xba, 0xd6, 0x9a, 0xd6, 0x9a, 0xd6, 0x9a, 0xd6,
    0xba, 0xde, 0xba, 0xd6, 0x9a, 0xd6, 0x9a, 0xde, 0xba, 0xd6, 0x9a, 0xd6,
    0x9a, 0xd6, 0xba, 0xd6, 0xba, 0xde, 0xba, 0xd6, 0xba, 0xd6, 0xba, 0xde,
    0x9a, 0xd6, 0xba, 0xd6, 0xba, 0xde, 0xba, 0xd6, 0xba, 0xde, 0xba, 0xde,
    0xba, 0xd6, 0xba, 0xde, 0xbb, 0xd6, 0xba, 0xd6, 0xba, 0xde, 0x9a, 0xd6,
    0xba, 0xd6, 0xf5, 0x94, 0xac, 0x4a, 0x8b, 0x4a, 0x8b, 0x4a, 0x8b, 0x4a,
    0x8b, 0x4a, 0x8b, 0x4a, 0x8b, 0x4a, 0x8b, 0x4a, 0x8b, 0x4a, 0x8b, 0x4a,
    0x8b, 0x4a, 0x8b, 0x4a, 0x6b, 0x4a, 0x8b, 0x4a, 0x8b, 0x4a, 0x6b, 0x4a,
    0x6b, 0x4a, 0x6b, 0x4a, 0x4a, 0x42, 0x6f, 0x6b, 0x8f, 0x73, 0xb0, 0x73,
    0x4f, 0x6b, 0xb0, 0x73, 0x8f, 0x73, 0x90, 0x73, 0x8f, 0x73, 0x6f, 0x6b,
    0x90, 0x73, 0x8f, 0x73, 0xb4, 0x94, 0x73, 0x8c, 0x52, 0x84, 0x32, 0x84,
    0x32, 0x84, 0x32, 0x84, 0x53, 0x8c, 0x73, 0x8c, 0xb4, 0x94, 0x93, 0x8c,
    0x73, 0x8c, 0x94, 0x94, 0x93, 0x8c, 0x93, 0x8c, 0x94, 0x94, 0x94, 0x94,
    0xb3, 0x94, 0x93, 0x8c, 0xb4, 0x94, 0xb4, 0x94, 0xb4, 0x94, 0xb4, 0x94,
    0x32, 0x7c, 0x93, 0x84, 0x93, 0x84, 0xb3, 0x84, 0x2d, 0x5b, 0x29, 0x4a,
    0x49, 0x4a, 0x49, 0x42, 0xe8, 0x39, 0x79, 0xce, 0x73, 0x7c, 0xd4, 0x8c,
    0xf4, 0x84, 0xf4, 0x8c, 0x55, 0x95, 0x39, 0xbe, 0x59, 0xc6, 0x59, 0xc6,
    0x9a, 0xc6, 0x7a, 0xce, 0x7a, 0xce, 0x9a, 0xce, 0x7a, 0xce, 0x7a, 0xce,
    0x7a, 0xce, 0x9a, 0xce, 0x7a, 0xce, 0x7a, 0xce, 0x7a, 0xce, 0x7a, 0xce,
    0x7a, 0xc6, 0x9a, 0xce, 0x3d, 0xe7, 0xfc, 0xe6, 0x5d, 0xef, 0x7d, 0xef,
    0x9a, 0xce, 0x5a, 0xc6, 0x79, 0xc6, 0x79, 0xc6, 0x79, 0xc6, 0x7a, 0xc6,
    0x79, 0xc6, 0x79, 0xc6, 0x79, 0xc6, 0x79, 0xc6, 0x59, 0xbe, 0x79, 0xc6,
    0x59, 0xc6, 0x59, 0xbe, 0x79, 0xc6, 0xdb, 0xce, 0xab, 0x52, 0x49, 0x42,
    0x49, 0x42, 0x29, 0x42, 0x71, 0x8c, 0x3c, 0xef, 0xfa, 0xee, 0xda, 0xe6,
    0xda, 0xe6, 0xb9, 0xde, 0x99, 0xde, 0x99, 0xde, 0x99, 0xde, 0x99, 0xde,
    0x79, 0xde, 0x98, 0xde, 0xda, 0xe6, 0x6d, 0x6b, 0xab, 0x52, 0xcb, 0x52,
    0xcb, 0x52, 0x8a, 0x52, 0x96, 0xb5, 0xd6, 0xbd, 0xd6, 0xbd, 0xb6, 0xbd,
    0xb6, 0xbd, 0x95, 0xbd, 0x75, 0xbd, 0x91, 0xac, 0x13, 0xbd, 0x0f, 0x9c,
    0x4d, 0x7b, 0x2d, 0x73, 0x2d, 0x73, 0x2c, 0x6b, 0x0c, 0x6b, 0x2c, 0x6b,
    0x2d, 0x6b, 0x2c, 0x6b, 0x2d, 0x6b, 0x2c, 0x6b, 0x2d, 0x6b, 0x6e, 0x73,
    0xef, 0x83, 0x10, 0x84, 0x10, 0x84, 0x10, 0x8c, 0x10, 0x8c, 0x10, 0x8c,
    0x30, 0x8c, 0x30, 0x8c, 0x30, 0x8c, 0x10, 0x8c, 0x10, 0x8c, 0x10, 0x8c,
    0x10, 0x8c, 0xf0, 0x83, 0xef, 0x83, 0xcf, 0x83, 0xaf, 0x7b, 0xae, 0x7b,
    0x8e, 0x7b, 0x8e, 0x7b, 0x8e, 0x7b, 0x8e, 0x73, 0x8e, 0x7b, 0x8e, 0x7b,
    0x8e, 0x73, 0x6e, 0x7b, 0x6d, 0x73, 0x6d, 0x73, 0x8e, 0x73, 0x6d, 0x73,
    0x8d, 0x73, 0x8d, 0x73, 0x8d, 0x73, 0x6d, 0x73, 0x6e, 0x73, 0x6d, 0x6b,
    0x6d, 0x6b, 0x6d, 0x6b, 0x6d, 0x6b, 0x6d, 0x6b, 0x4d, 0x73, 0x4d, 0x6b,
    0x2d, 0x6b, 0x2c, 0x6b, 0x2c, 0x6b, 0x2c, 0x6b, 0x4c, 0x6b, 0x4d, 0x6b,
    0x6d, 0x73, 0x6d, 0x73, 0x8e, 0x7b, 0xae, 0x7b, 0x99, 0xde, 0xf6, 0xc5,
    0xf6, 0xc5, 0xf7, 0xc5, 0xf6, 0xc5, 0xb6, 0xbd, 0x54, 0xbd, 0x33, 0xb5,
    0x30, 0x8c, 0x4d, 0x73, 0xeb, 0x62, 0x08, 0x42, 0x29, 0x42, 0x28, 0x42,
    0x28, 0x42, 0x8a, 0x5a, 0x4c, 0x6b, 0x2c, 0x6b, 0x2c, 0x6b, 0x2c, 0x6b,
    0x0c, 0x6b, 0x0c, 0x6b, 0x0c, 0x63, 0x0c, 0x63, 0xec, 0x62, 0xec, 0x62,
    0xec, 0x62, 0xeb, 0x62, 0xcb, 0x62, 0xcb, 0x62, 0xcb, 0x62, 0xaa, 0x62,
    0xaa, 0x62, 0xab, 0x5a, 0x8a, 0x5a, 0x8a, 0x5a, 0x8a, 0x5a, 0x6a, 0x52,
    0x08, 0x42, 0xa7, 0x39, 0x0d, 0x5b, 0x3b, 0xb6, 0xd9, 0xa5, 0xd9, 0xa5,
    0xb9, 0x9d, 0x18, 0x8d, 0x38, 0x8d, 0x17, 0x8d, 0x17, 0x8d, 0x58, 0x95,
    0x58, 0x95, 0x38, 0x8d, 0x79, 0x9d, 0xa7, 0x39, 0x08, 0x3a, 0x09, 0x3a,
    0x08, 0x3a, 0x09, 0x3a, 0x08, 0x3a, 0x29, 0x3a, 0x08, 0x42, 0xe8, 0x39,
    0x29, 0x42, 0x55, 0xa5, 0x96, 0xad, 0x96, 0xad, 0x96, 0xad, 0xd7, 0xb5,
    0x59, 0xc6, 0xba, 0xd6, 0xbb, 0xde, 0xba, 0xde, 0xba, 0xd6, 0xba, 0xd6,
    0xba, 0xde, 0xba, 0xd6, 0xba, 0xde, 0xba, 0xde, 0xba, 0xd6, 0xba, 0xd6,
    0x9a, 0xde, 0xba, 0xd6, 0x9a, 0xd6, 0x9a, 0xd6, 0xba, 0xde, 0xba, 0xd6,
    0xba, 0xd6, 0x9a, 0xd6, 0x9a, 0xde, 0x9a, 0xd6, 0x9a, 0xd6, 0x9a, 0xd6,
    0x99, 0xd6, 0x9a, 0xd6, 0xba, 0xd6, 0x9a, 0xd6, 0xba, 0xd6, 0xba, 0xd6,
    0x9a, 0xd6, 0xba, 0xde, 0x9a, 0xd6, 0x9a, 0xd6, 0x9a, 0xd6, 0x9a, 0xd6,
    0x9a, 0xd6, 0x9a, 0xd6, 0x9a, 0xd6, 0x9a, 0xd6, 0xba, 0xde, 0x9a, 0xd6,
    0xba, 0xd6, 0x9b, 0xd6, 0xba, 0xd6, 0x9a, 0xde, 0xba, 0xd6, 0xba, 0xde,
    0x9a, 0xd6, 0xbb, 0xde, 0xba, 0xd6, 0xf5, 0x9c, 0xab, 0x4a, 0x8b, 0x4a,
    0x8b, 0x4a, 0x8b, 0x4a, 0x8b, 0x4a, 0x8b, 0x4a, 0x8b, 0x4a, 0x8b, 0x4a,
    0x6c, 0x4a, 0x8b, 0x4a, 0x6b, 0x4a, 0x8b, 0x4a, 0x8b, 0x4a, 0x6b, 0x4a,
    0x8b, 0x4a, 0x8b, 0x4a, 0x6b, 0x42, 0x6b, 0x4a, 0x8b, 0x4a, 0x6b, 0x42,
    0x90, 0x73, 0x90, 0x73, 0xb0, 0x73, 0x8f, 0x73, 0x90, 0x73, 0x90, 0x73,
    0x8f, 0x73, 0x90, 0x73, 0x6f, 0x6b, 0xb4, 0x94, 0x73, 0x8c, 0x73, 0x8c,
    0x73, 0x8c, 0x52, 0x84, 0x32, 0x84, 0x52, 0x84, 0x52, 0x8c, 0x93, 0x8c,
    0xb4, 0x94, 0x94, 0x94, 0x73, 0x94, 0x94, 0x94, 0x94, 0x94, 0xb4, 0x94,
    0xb4, 0x94, 0xb4, 0x94, 0xb4, 0x94, 0xb4, 0x94, 0xb4, 0x94, 0xb3, 0x94,
    0xb4, 0x94, 0xb4, 0x94, 0x11, 0x7c, 0x52, 0x7c, 0x52, 0x7c, 0x72, 0x7c,
    0x0d, 0x5b, 0x29, 0x42, 0x49, 0x42, 0x29, 0x42, 0xe7, 0x39, 0x79, 0xd6,
    0x53, 0x7c, 0xd3, 0x84, 0xd4, 0x84, 0xf4, 0x84, 0xb7, 0xa5, 0x59, 0xc6,
    0xf8, 0xbd, 0x79, 0xc6, 0x9a, 0xce, 0x9a, 0xce, 0x9a, 0xce, 0x9a, 0xce,
    0x9a, 0xce, 0x9a, 0xce, 0x9a, 0xce, 0x9a, 0xce, 0x9a, 0xce, 0x9a, 0xce,
    0x9a, 0xce, 0x7a, 0xce, 0x7a, 0xce, 0x38, 0xbe, 0x15, 0x9d, 0x1c, 0xe7,
    0x7d, 0xef, 0x7d, 0xef, 0x7e, 0xef, 0x7a, 0xce, 0x79, 0xc6, 0x79, 0xc6,
    0x79, 0xc6, 0x79, 0xc6, 0x59, 0xc6, 0x79, 0xc6, 0x79, 0xc6, 0x79, 0xc6,
    0x79, 0xc6, 0x79, 0xc6, 0x79, 0xc6, 0x59, 0xc6, 0x59, 0xc6, 0xbb, 0xce,
    0xab, 0x52, 0x49, 0x42, 0x69, 0x4a, 0x69, 0x4a, 0x49, 0x42, 0x49, 0x4a,
    0x49, 0x4a, 0x29, 0x42, 0x29, 0x42, 0x29, 0x42, 0x08, 0x42, 0x08, 0x42,
    0x08, 0x42, 0x08, 0x42, 0x29, 0x42, 0x28, 0x42, 0x29, 0x42, 0x8a, 0x52,
    0xaa, 0x52, 0xab, 0x52, 0xab, 0x52, 0xaa, 0x52, 0x29, 0x42, 0x29, 0x42,
    0x29, 0x42, 0x29, 0x42, 0x08, 0x42, 0x29, 0x42, 0x29, 0x42, 0x49, 0x42,
    0x29, 0x42, 0x49, 0x4a, 0x6a, 0x4a, 0x6a, 0x4a, 0x6a, 0x4a, 0x6a, 0x4a,
    0x8a, 0x4a, 0x6a, 0x4a, 0x6a, 0x4a, 0x6a, 0x4a, 0x6a, 0x52, 0x6a, 0x4a,
    0x49, 0x4a, 0x49, 0x4a, 0x49, 0x4a, 0x29, 0x4a, 0x29, 0x42, 0x29, 0x42,
    0x29, 0x42, 0x29, 0x42, 0x29, 0x42, 0x29, 0x42, 0x29, 0x42, 0x29, 0x42,
    0x29, 0x42, 0x29, 0x42, 0x29, 0x42, 0x29, 0x42, 0x29, 0x42, 0x49, 0x42,
    0x29, 0x42, 0x29, 0x42, 0x29, 0x42, 0x29, 0x42, 0x29, 0x42, 0x29, 0x42,
    0x29, 0x42, 0x29, 0x42, 0x29, 0x4a, 0x29, 0x42, 0x29, 0x42, 0x29, 0x4a,
    0x29, 0x42, 0x29, 0x42, 0x29, 0x42, 0x29, 0x42, 0x09, 0x42, 0x08, 0x42,
    0x09, 0x42, 0x09, 0x42, 0x29, 0x42, 0x09, 0x42, 0x09, 0x42, 0x29, 0x42,
    0x09, 0x42, 0x29, 0x42, 0x09, 0x42, 0x09, 0x42, 0x29, 0x42, 0x09, 0x42,
    0x09, 0x42, 0x29, 0x42, 0x08, 0x42, 0x08, 0x42, 0x08, 0x42, 0xa7, 0x31,
    0xb6, 0xbd, 0x16, 0xce, 0xf6, 0xc5, 0xf7, 0xc5, 0xf6, 0xc5, 0xd6, 0xbd,
    0x75, 0xbd, 0x34, 0xb5, 0xb2, 0xa4, 0xe8, 0x39, 0x29, 0x4a, 0x29, 0x42,
    0x29, 0x4a, 0x29, 0x42, 0x29, 0x4a, 0x29, 0x4a, 0x29, 0x4a, 0x29, 0x42,
    0x29, 0x42, 0x49, 0x4a, 0x49, 0x42, 0x29, 0x4a, 0x2a, 0x4a, 0x49, 0x4a,
    0x2a, 0x4a, 0x29, 0x4a, 0x29, 0x4a, 0x2a, 0x4a, 0x29, 0x4a, 0x29, 0x42,
    0x29, 0x42, 0x09, 0x42, 0x29, 0x42, 0x29, 0x42, 0x09, 0x42, 0x09, 0x42,
    0x09, 0x42, 0x08, 0x42, 0xe8, 0x39, 0xe8, 0x41, 0x87, 0x31, 0x57, 0x9d,
    0xd9, 0xa5, 0xd9, 0xa5, 0xd9, 0xa5, 0x17, 0x8d, 0x18, 0x8d, 0x17, 0x85,
    0x38, 0x8d, 0x38, 0x95, 0x17, 0x8d, 0x99, 0x9d, 0x2e, 0x5b, 0xc8, 0x39,
    0x08, 0x42, 0x08, 0x42, 0x09, 0x42, 0x08, 0x42, 0x08, 0x42, 0x08, 0x3a,
    0xa7, 0x31, 0x0d, 0x63, 0x97, 0xb5, 0x96, 0xad, 0xd7, 0xb5, 0x39, 0xc6,
    0x9a, 0xd6, 0xdb, 0xde, 0xba, 0xd6, 0xba, 0xde, 0xba, 0xde, 0xba, 0xd6,
    0xbb, 0xde, 0xba, 0xd6, 0xbb, 0xde, 0xba, 0xd6, 0xba, 0xd6, 0x9a, 0xd6,
    0xba, 0xde, 0xba, 0xd6, 0x9a, 0xd6, 0x9a, 0xd6, 0xba, 0xd6, 0x9a, 0xd6,
    0x9a, 0xd6, 0x9a, 0xde, 0x9a, 0xd6, 0x9a, 0xd6, 0x9a, 0xd6, 0x9a, 0xd6,
    0xba, 0xd6, 0x9a, 0xde, 0xba, 0xd6, 0x9a, 0xd6, 0x9a, 0xd6, 0x9a, 0xd6,
    0x9a, 0xde, 0xba, 0xd6, 0x9a, 0xd6, 0xba, 0xde, 0xba, 0xd6, 0xba, 0xd6,
    0x9a, 0xde, 0xba, 0xd6, 0xba, 0xde, 0xba, 0xd6, 0xba, 0xd6, 0x9a, 0xde,
    0x9a, 0xd6, 0xba, 0xd6, 0x9a, 0xd6, 0x9a, 0xd6, 0x9a, 0xd6, 0x9a, 0xd6,
    0x9a, 0xd6, 0xba, 0xd6, 0xba, 0xde, 0x9a, 0xd6, 0x9a, 0xd6, 0xf5, 0x94,
    0xcc, 0x52, 0x6b, 0x42, 0x8b, 0x4a, 0x8b, 0x4a, 0x8b, 0x42, 0x8b, 0x4a,
    0x8b, 0x4a, 0x8b, 0x4a, 0x8b, 0x4a, 0x8b, 0x4a, 0x8b, 0x4a, 0x8b, 0x4a,
    0x8b, 0x4a, 0x6b, 0x4a, 0x6b, 0x4a, 0x8b, 0x4a, 0x6b, 0x4a, 0x6b, 0x4a,
    0x6b, 0x4a, 0x6b, 0x42, 0x8b, 0x4a, 0x8f, 0x73, 0x6f, 0x6b, 0x8f, 0x73,
    0x8f, 0x6b, 0x90, 0x73, 0x8f, 0x73, 0x2e, 0x63, 0x94, 0x94, 0x93, 0x94,
    0x73, 0x8c, 0x73, 0x8c, 0x73, 0x8c, 0x73, 0x8c, 0x53, 0x8c, 0x52, 0x8c,
    0x73, 0x8c, 0x94, 0x94, 0xb4, 0x94, 0x94, 0x94, 0x93, 0x8c, 0x93, 0x8c,
    0x94, 0x94, 0x93, 0x8c, 0x93, 0x8c, 0x93, 0x94, 0x94, 0x8c, 0xb4, 0x94,
    0xb4, 0x94, 0x93, 0x94, 0xb4, 0x94, 0xb4, 0x94, 0x11, 0x74, 0x32, 0x74,
    0x32, 0x7c, 0x52, 0x7c, 0x0d, 0x5b, 0x29, 0x42, 0x49, 0x42, 0x29, 0x42,
    0xe8, 0x39, 0x78, 0xce, 0x52, 0x74, 0xb4, 0x84, 0xf4, 0x84, 0x76, 0xa5,
    0x39, 0xbe, 0x7a, 0xc6, 0x35, 0x9d, 0x9a, 0xce, 0x9a, 0xce, 0x9a, 0xce,
    0x9a, 0xce, 0x9a, 0xce, 0x9a, 0xce, 0x9a, 0xce, 0x9a, 0xce, 0x9a, 0xce,
    0x9a, 0xce, 0x9a, 0xce, 0x9a, 0xce, 0x9a, 0xce, 0xd7, 0xb5, 0x10, 0x7c,
    0x9a, 0xce, 0x7b, 0xce, 0x7e, 0xf7, 0x7d, 0xef, 0x5d, 0xef, 0x5d, 0xef,
    0x59, 0xc6, 0x7a, 0xc6, 0x79, 0xc6, 0x59, 0xbe, 0x59, 0xbe, 0x79, 0xc6,
    0x59, 0xc6, 0x79, 0xc6, 0x79, 0xc6, 0x59, 0xbe, 0x79, 0xc6, 0x79, 0xc6,
    0x59, 0xbe, 0xda, 0xce, 0xab, 0x52, 0x69, 0x4a, 0x49, 0x42, 0x6a, 0x4a,
    0x69, 0x4a, 0x6a, 0x4a, 0x49, 0x4a, 0x69, 0x4a, 0x69, 0x4a, 0x49, 0x4a,
    0x6a, 0x4a, 0x6a, 0x4a, 0x6a, 0x4a, 0x6a, 0x4a, 0x8a, 0x4a, 0x8a, 0x4a,
    0x8a, 0x52, 0xaa, 0x52, 0xab, 0x52, 0xab, 0x52, 0xaa, 0x52, 0xaa, 0x52,
    0xaa, 0x52, 0x8a, 0x52, 0x8a, 0x4a, 0x8a, 0x4a, 0x8a, 0x4a, 0x8a, 0x4a,
    0x8a, 0x4a, 0x8a, 0x4a, 0x8a, 0x4a, 0x8a, 0x4a, 0x6a, 0x52, 0x8a, 0x52,
    0x6a, 0x52, 0x6a, 0x52, 0x6a, 0x4a, 0x8a, 0x4a, 0x6a, 0x4a, 0x6a, 0x52,
    0x6a, 0x52, 0x6a, 0x4a, 0x6a, 0x4a, 0x6a, 0x4a, 0x6a, 0x4a, 0x69, 0x4a,
    0x69, 0x4a, 0x49, 0x4a, 0x49, 0x4a, 0x49, 0x4a, 0x49, 0x4a, 0x49, 0x4a,
    0x69, 0x4a, 0x69, 0x4a, 0x49, 0x4a, 0x69, 0x4a, 0x69, 0x4a, 0x49, 0x4a,
    0x4a, 0x4a, 0x4a, 0x4a, 0x49, 0x4a, 0x4a, 0x4a, 0x49, 0x4a, 0x4a, 0x42,
    0x49, 0x4a, 0x49, 0x4a, 0x49, 0x4a, 0x49, 0x4a, 0x29, 0x4a, 0x49, 0x4a,
    0x49, 0x4a, 0x29, 0x42, 0x29, 0x4a, 0x29, 0x4a, 0x29, 0x4a, 0x29, 0x42,
    0x29, 0x4a, 0x29, 0x42, 0x28, 0x42, 0x29, 0x42, 0x29, 0x42, 0x29, 0x42,
    0x29, 0x42, 0x29, 0x42, 0x29, 0x42, 0x29, 0x42, 0x29, 0x42, 0x29, 0x42,
    0x29, 0x42, 0x29, 0x42, 0x29, 0x42, 0x28, 0x42, 0x09, 0x42, 0x09, 0x42,
    0x28, 0x42, 0x08, 0x3a, 0xeb, 0x62, 0x99, 0xde, 0xf6, 0xc5, 0x17, 0xc6,
    0xf7, 0xc5, 0xd6, 0xbd, 0xb5, 0xbd, 0x54, 0xb5, 0x54, 0xb5, 0x29, 0x4a,
    0x29, 0x4a, 0x29, 0x4a, 0x49, 0x4a, 0x49, 0x4a, 0x49, 0x4a, 0x49, 0x4a,
    0x4a, 0x4a, 0x4a, 0x4a, 0x49, 0x4a, 0x4a, 0x4a, 0x4a, 0x4a, 0x49, 0x4a,
    0x49, 0x4a, 0x4a, 0x4a, 0x49, 0x4a, 0x29, 0x4a, 0x2a, 0x4a, 0x29, 0x4a,
    0x29, 0x4a, 0x29, 0x4a, 0x29, 0x42, 0x29, 0x4a, 0x09, 0x42, 0x09, 0x42,
    0x09, 0x42, 0x08, 0x42, 0x08, 0x42, 0x09, 0x42, 0x08, 0x42, 0x08, 0x3a,
    0xe8, 0x39, 0x8b, 0x4a, 0x5b, 0xb6, 0xb9, 0xa5, 0xd9, 0xa5, 0x18, 0x8d,
    0x38, 0x8d, 0x17, 0x8d, 0x17, 0x8d, 0x38, 0x95, 0x18, 0x8d, 0x95, 0x84,
    0x87, 0x31, 0xe8, 0x39, 0xe8, 0x41, 0x09, 0x42, 0x08, 0x42, 0x08, 0x42,
    0xc8, 0x39, 0xc7, 0x39, 0x72, 0x94, 0x39, 0xc6, 0x39, 0xc6, 0x9a, 0xd6,
    0xbb, 0xde, 0xbb, 0xde, 0xba, 0xd6, 0xba, 0xd6, 0xbb, 0xde, 0xba, 0xd6,
    0xba, 0xd6, 0xbb, 0xde, 0xba, 0xd6, 0xba, 0xd6, 0xba, 0xde, 0xba, 0xd6,
    0x9b, 0xd6, 0x9a, 0xd6, 0x9a, 0xd6, 0xba, 0xd6, 0x9a, 0xde, 0x9a, 0xd6,
    0x9a, 0xd6, 0x9a, 0xd6, 0x9a, 0xd6, 0x9a, 0xd6, 0x9a, 0xd6, 0xba, 0xd6,
    0x9a, 0xd6, 0x9a, 0xd6, 0x9a, 0xd6, 0xba, 0xd6, 0x9a, 0xd6, 0x9a, 0xde,
    0x99, 0xd6, 0x9a, 0xd6, 0x9a, 0xd6, 0xba, 0xde, 0x9a, 0xd6, 0x9a, 0xd6,
    0xba, 0xd6, 0xba, 0xde, 0x9a, 0xd6, 0xba, 0xd6, 0x9a, 0xd6, 0x9a, 0xde,
    0xba, 0xd6, 0xba, 0xd6, 0x9a, 0xd6, 0xba, 0xde, 0xba, 0xd6, 0xba, 0xde,
    0xba, 0xd6, 0xba, 0xd6, 0x9a, 0xde, 0x9a, 0xd6, 0xba, 0xd6, 0x9a, 0xd6,
    0x9a, 0xd6, 0xf5, 0x94, 0x59, 0xbe, 0xaf, 0x6b, 0x4a, 0x3a, 0x8b, 0x4a,
    0x8b, 0x42, 0x8b, 0x42, 0x8b, 0x4a, 0x6b, 0x4a, 0x8b, 0x4a, 0x6b, 0x4a,
    0x6b, 0x4a, 0x6b, 0x4a, 0x6b, 0x4a, 0x8b, 0x4a, 0x6b, 0x4a, 0x8b, 0x4a,
    0x8b, 0x4a, 0x6b, 0x42, 0x6b, 0x4a, 0x6a, 0x42, 0x6a, 0x42, 0xac, 0x52,
    0xb0, 0x73, 0xb0, 0x73, 0xb0, 0x73, 0xaf, 0x73, 0x6f, 0x6b, 0x52, 0x8c,
    0x11, 0x84, 0x73, 0x94, 0x93, 0x94, 0x73, 0x8c, 0x73, 0x94, 0x73, 0x8c,
    0x73, 0x8c, 0x73, 0x8c, 0x93, 0x8c, 0xb4, 0x94, 0xb4, 0x94, 0x94, 0x94,
    0x94, 0x94, 0xb4, 0x94, 0x94, 0x94, 0x94, 0x94, 0x93, 0x94, 0x94, 0x94,
    0xb4, 0x94, 0xb3, 0x94, 0xb4, 0x94, 0xb4, 0x94, 0xb4, 0x94, 0xb4, 0x94,
    0xf1, 0x73, 0x32, 0x7c, 0x32, 0x74, 0x32, 0x74, 0x0d, 0x5b, 0x49, 0x42,
    0x49, 0x4a, 0x29, 0x4a, 0xe8, 0x39, 0x59, 0xce, 0x32, 0x74, 0xf4, 0x84,
    0x76, 0x9d, 0x18, 0xbe, 0x59, 0xc6, 0x5a, 0xc6, 0x93, 0x8c, 0xbb, 0xce,
    0x9a, 0xce, 0x9a, 0xce, 0x9a, 0xce, 0x9a, 0xce, 0x7a, 0xc6, 0x7a, 0xce,
    0x9a, 0xce, 0x9a, 0xce, 0x7a, 0xce, 0x9a, 0xce, 0x9b, 0xce, 0x77, 0xad,
    0x2e, 0x63, 0x7b, 0xce, 0x5a, 0xce, 0x9b, 0xd6, 0x7d, 0xef, 0x5d, 0xef,
    0x5d, 0xef, 0x7e, 0xef, 0x5a, 0xc6, 0xf9, 0xbd, 0x59, 0xc6, 0x59, 0xbe,
    0x59, 0xc6, 0x39, 0xbe, 0x59, 0xbe, 0x59, 0xc6, 0x5a, 0xc6, 0x59, 0xc6,
    0x59, 0xc6, 0x59, 0xc6, 0x59, 0xc6, 0xba, 0xce, 0xcb, 0x5a, 0x49, 0x4a,
    0x49, 0x42, 0x4a, 0x4a, 0x6a, 0x4a, 0x69, 0x4a, 0x6a, 0x4a, 0x6a, 0x4a,
    0x6a, 0x4a, 0x69, 0x4a, 0x69, 0x4a, 0x69, 0x4a, 0x6a, 0x4a, 0x6a, 0x4a,
    0x89, 0x4a, 0x8a, 0x4a, 0x8a, 0x52, 0xaa, 0x52, 0xab, 0x52, 0xcb, 0x52,
    0xab, 0x52, 0xab, 0x52, 0xaa, 0x4a, 0x8a, 0x52, 0x8a, 0x52, 0x8a, 0x52,
    0x8a, 0x52, 0x8a, 0x52, 0x6a, 0x52, 0x8a, 0x52, 0x6a, 0x52, 0x6a, 0x52,
    0x8a, 0x4a, 0x6a, 0x52, 0x8a, 0x52, 0x8a, 0x52, 0x8a, 0x52, 0x6a, 0x52,
    0x6a, 0x52, 0x6a, 0x4a, 0x6a, 0x52, 0x69, 0x4a, 0x69, 0x52, 0x69, 0x4a,
    0x69, 0x4a, 0x69, 0x4a, 0x69, 0x4a, 0x69, 0x4a, 0x69, 0x4a, 0x69, 0x4a,
    0x69, 0x4a, 0x49, 0x4a, 0x4a, 0x4a, 0x49, 0x4a, 0x4a, 0x4a, 0x4a, 0x4a,
    0x69, 0x4a, 0x49, 0x4a, 0x49, 0x4a, 0x49, 0x4a, 0x6a, 0x4a, 0x49, 0x4a,
    0x49, 0x4a, 0x49, 0x4a, 0x49, 0x4a, 0x49, 0x4a, 0x49, 0x4a, 0x49, 0x4a,
    0x29, 0x42, 0x49, 0x4a, 0x49, 0x4a, 0x29, 0x42, 0x49, 0x4a, 0x29, 0x4a,
    0x28, 0x42, 0x28, 0x42, 0x29, 0x42, 0x28, 0x42, 0x29, 0x42, 0x28, 0x42,
    0x29, 0x42, 0x29, 0x42, 0x29, 0x42, 0x29, 0x42, 0x29, 0x42, 0x28, 0x42,
    0x29, 0x42, 0x28, 0x42, 0x28, 0x42, 0x29, 0x42, 0x08, 0x42, 0x28, 0x42,
    0x09, 0x42, 0x28, 0x42, 0x08, 0x42, 0x08, 0x42, 0xc7, 0x39, 0x17, 0xc6,
    0x17, 0xce, 0x17, 0xc6, 0xf7, 0xc5, 0xf6, 0xc5, 0xd6, 0xbd, 0x74, 0xbd,
    0x53, 0xb5, 0x6d, 0x73, 0x29, 0x4a, 0x49, 0x4a, 0x49, 0x4a, 0x49, 0x4a,
    0x49, 0x4a, 0x6a, 0x4a, 0x6a, 0x4a, 0x6a, 0x4a, 0x4a, 0x4a, 0x4a, 0x4a,
    0x4a, 0x4a, 0x4a, 0x4a, 0x4a, 0x4a, 0x4a, 0x4a, 0x49, 0x42, 0x49, 0x4a,
    0x29, 0x42, 0x29, 0x42, 0x29, 0x4a, 0x29, 0x4a, 0x29, 0x42, 0x09, 0x42,
    0x09, 0x4a, 0x09, 0x42, 0x09, 0x42, 0x09, 0x42, 0x08, 0x42, 0x09, 0x42,
    0x08, 0x42, 0xe8, 0x41, 0xe8, 0x39, 0x86, 0x31, 0x77, 0x9d, 0x98, 0x9d,
    0xd9, 0xa5, 0x17, 0x8d, 0x78, 0x9d, 0x58, 0x8d, 0x18, 0x8d, 0x17, 0x8d,
    0x78, 0x95, 0xc8, 0x39, 0xe8, 0x39, 0x08, 0x42, 0x08, 0x42, 0xe8, 0x39,
    0xc8, 0x39, 0xa7, 0x31, 0x2d, 0x63, 0x39, 0xce, 0xba, 0xd6, 0xba, 0xd6,
    0xba, 0xde, 0xba, 0xd6, 0xba, 0xd6, 0xba, 0xde, 0xba, 0xd6, 0xba, 0xde,
    0xba, 0xde, 0xbb, 0xd6, 0xba, 0xde, 0xba, 0xd6, 0xba, 0xd6, 0xba, 0xde,
    0x9a, 0xd6, 0x9a, 0xd6, 0xba, 0xde, 0xba, 0xd6, 0x9a, 0xd6, 0xba, 0xde,
    0x9a, 0xd6, 0x9a, 0xd6, 0xba, 0xd6, 0x9a, 0xde, 0xba, 0xd6, 0x9a, 0xd6,
    0x9a, 0xd6, 0xba, 0xd6, 0x9a, 0xd6, 0x9a, 0xd6, 0x99, 0xd6, 0x9a, 0xd6,
    0x9a, 0xd6, 0xba, 0xd6, 0xba, 0xd6, 0x9a, 0xd6, 0x9a, 0xd6, 0x9a, 0xd6,
    0xba, 0xd6, 0x9a, 0xd6, 0xba, 0xde, 0xba, 0xd6, 0xba, 0xde, 0x9a, 0xd6,
    0x9a, 0xd6, 0xba, 0xd6, 0x9a, 0xd6, 0x9a, 0xd6, 0xba, 0xde, 0x9a, 0xd6,
    0x9a, 0xd6, 0x9a, 0xd6, 0xba, 0xde, 0xba, 0xd6, 0x9a, 0xd6, 0xba, 0xde,
    0xba, 0xd6, 0xba, 0xd6, 0xba, 0xde, 0xf5, 0x94, 0x17, 0xb6, 0x59, 0xbe,
    0x93, 0x84, 0x4a, 0x42, 0x6b, 0x42, 0x8b, 0x4a, 0x8b, 0x4a, 0x6b, 0x4a,
    0x6b, 0x4a, 0x8b, 0x4a, 0x6b, 0x4a, 0x8b, 0x4a, 0x8b, 0x4a, 0x6b, 0x4a,
    0x8b, 0x42, 0x6b, 0x4a, 0x8b, 0x4a, 0x6b, 0x42, 0x6b, 0x4a, 0x6b, 0x4a,
    0x6b, 0x4a, 0x6b, 0x42, 0x0d, 0x5b, 0x6f, 0x6b, 0x6f, 0x6b, 0x4e, 0x6b,
    0x6b, 0x4a, 0x8f, 0x73, 0xb3, 0x9c, 0x52, 0x94, 0x12, 0x84, 0x73, 0x94,
    0x93, 0x94, 0x93, 0x94, 0x93, 0x8c, 0x93, 0x94, 0x94, 0x94, 0xb4, 0x94,
    0xb4, 0x94, 0x94, 0x94, 0x93, 0x8c, 0x93, 0x8c, 0x93, 0x8c, 0x94, 0x94,
    0x94, 0x94, 0xb4, 0x94, 0xb4, 0x94, 0xb4, 0x94, 0x93, 0x8c, 0x93, 0x8c,
    0x93, 0x94, 0xb4, 0x94, 0xf1, 0x73, 0x11, 0x7c, 0x31, 0x74, 0x32, 0x7c,
    0x0d, 0x5b, 0x49, 0x42, 0x49, 0x42, 0x29, 0x42, 0xe8, 0x41, 0x59, 0xce,
    0x32, 0x7c, 0x35, 0x95, 0xb7, 0xad, 0x39, 0xbe, 0x79, 0xc6, 0xd8, 0xb5,
    0x92, 0x8c, 0xba, 0xce, 0x9a, 0xce, 0x7a, 0xce, 0x7a, 0xc6, 0x7a, 0xc6,
    0x7a, 0xc6, 0x7a, 0xc6, 0x9a, 0xce, 0x9a, 0xce, 0x9a, 0xce, 0xbb, 0xce,
    0xd7, 0xb5, 0x8b, 0x4a, 0x7a, 0xce, 0x7a, 0xce, 0x3a, 0xc6, 0x5d, 0xef,
    0x7d, 0xef, 0x5d, 0xef, 0x7d, 0xef, 0x5d, 0xf7, 0x7a, 0xce, 0x35, 0x9d,
    0x76, 0xa5, 0xf8, 0xb5, 0x39, 0xbe, 0x97, 0xa5, 0xd8, 0xad, 0x59, 0xc6,
    0x59, 0xc6, 0x59, 0xbe, 0x59, 0xc6, 0x59, 0xc6, 0x59, 0xc6, 0x9a, 0xce,
    0x6e, 0x6b, 0x08, 0x42, 0x29, 0x42, 0x29, 0x42, 0x29, 0x42, 0x49, 0x42,
    0x49, 0x42, 0x29, 0x42, 0x29, 0x42, 0x29, 0x42, 0x28, 0x42, 0x49, 0x42,
    0x48, 0x42, 0x29, 0x42, 0x49, 0x4a, 0x49, 0x4a, 0x69, 0x4a, 0x8a, 0x52,
    0xca, 0x52, 0xcb, 0x52, 0xaa, 0x52, 0xaa, 0x4a, 0x6a, 0x4a, 0x49, 0x4a,
    0x49, 0x42, 0x29, 0x42, 0x29, 0x42, 0x29, 0x4a, 0x29, 0x42, 0x29, 0x42,
    0x28, 0x42, 0x29, 0x42, 0x29, 0x42, 0x28, 0x42, 0x29, 0x42, 0x29, 0x42,
    0x28, 0x42, 0x29, 0x42, 0x28, 0x42, 0x28, 0x42, 0x29, 0x42, 0x29, 0x4a,
    0x28, 0x4a, 0x29, 0x4a, 0x29, 0x4a, 0x49, 0x4a, 0x29, 0x4a, 0x29, 0x4a,
    0x29, 0x42, 0x29, 0x4a, 0x29, 0x4a, 0x29, 0x42, 0x29, 0x42, 0x29, 0x42,
    0x29, 0x42, 0x29, 0x42, 0x29, 0x42, 0x29, 0x42, 0x29, 0x42, 0x29, 0x42,
    0x29, 0x42, 0x29, 0x42, 0x29, 0x42, 0x29, 0x42, 0x29, 0x42, 0x49, 0x42,
    0x29, 0x42, 0x29, 0x42, 0x49, 0x42, 0x29, 0x42, 0x29, 0x42, 0x49, 0x42,
    0x49, 0x42, 0x49, 0x42, 0x49, 0x42, 0x29, 0x42, 0x29, 0x42, 0x29, 0x42,
    0x29, 0x42, 0x29, 0x42, 0x29, 0x42, 0x28, 0x42, 0x29, 0x42, 0x4a, 0x42,
    0x49, 0x42, 0x4a, 0x42, 0x4a, 0x42, 0x49, 0x42, 0x29, 0x42, 0x29, 0x42,
    0x29, 0x42, 0x29, 0x42, 0x29, 0x42, 0x29, 0x42, 0x29, 0x42, 0x28, 0x42,
    0xe8, 0x41, 0x6d, 0x73, 0xb9, 0xde, 0xf7, 0xc5, 0xf6, 0xc5, 0xf7, 0xc5,
    0xd6, 0xc5, 0x95, 0xbd, 0x54, 0xb5, 0xb2, 0xa4, 0x29, 0x42, 0x6a, 0x4a,
    0x6a, 0x4a, 0x6a, 0x4a, 0x8a, 0x52, 0x8b, 0x52, 0x8b, 0x52, 0x8b, 0x52,
    0x8b, 0x52, 0x8b, 0x52, 0x8a, 0x52, 0x6a, 0x4a, 0x6a, 0x4a, 0x6a, 0x4a,
    0x6a, 0x4a, 0x29, 0x42, 0x29, 0x4a, 0xab, 0x5a, 0xcb, 0x5a, 0xec, 0x62,
    0x4a, 0x4a, 0x09, 0x42, 0x09, 0x42, 0x29, 0x42, 0x09, 0x42, 0x08, 0x42,
    0x09, 0x42, 0x09, 0x3a, 0x08, 0x42, 0xe8, 0x41, 0xe8, 0x41, 0xe8, 0x39,
    0x0e, 0x5b, 0x1a, 0xa6, 0xd9, 0xa5, 0x99, 0x9d, 0x99, 0x9d, 0x58, 0x95,
    0x17, 0x8d, 0x38, 0x8d, 0x4f, 0x63, 0xa7, 0x39, 0xe8, 0x39, 0xe8, 0x39,
    0xe8, 0x39, 0x8a, 0x52, 0xaf, 0x73, 0xd7, 0xbd, 0xfb, 0xde, 0x9a, 0xd6,
    0x9a, 0xd6, 0x9a, 0xd6, 0x9a, 0xd6, 0x9a, 0xd6, 0xba, 0xd6, 0xba, 0xd6,
    0x9a, 0xd6, 0xba, 0xd6, 0xba, 0xd6, 0xba, 0xd6, 0xba, 0xde, 0xba, 0xd6,
    0x9a, 0xd6, 0x9a, 0xd6, 0xba, 0xd6, 0x9a, 0xd6, 0x9a, 0xd6, 0x9a, 0xd6,
    0x9a, 0xd6, 0x9a, 0xd6, 0x9a, 0xd6, 0x9a, 0xd6, 0x9a, 0xd6, 0x9a, 0xd6,
    0x9a, 0xd6, 0x9a, 0xd6, 0x9a, 0xd6, 0x99, 0xd6, 0x9a, 0xde, 0xba, 0xd6,
    0xba, 0xd6, 0x9a, 0xde, 0x99, 0xd6, 0x9a, 0xd6, 0x9a, 0xd6, 0x9a, 0xd6,
    0xb9, 0xd6, 0xba, 0xde, 0x9a, 0xd6, 0xba, 0xd6, 0xba, 0xde, 0xba, 0xd6,
    0xba, 0xd6, 0xba, 0xde, 0xba, 0xd6, 0xba, 0xde, 0x9a, 0xd6, 0xba, 0xd6,
    0xba, 0xd6, 0x9a, 0xd6, 0xba, 0xd6, 0x9a, 0xd6, 0x9a, 0xde, 0x9a, 0xd6,
    0xba, 0xd6, 0x9a, 0xd6, 0x9a, 0xd6, 0x9a, 0xde, 0xba, 0xd6, 0xf5, 0x94,
    0x17, 0xb6, 0xf7, 0xb5, 0x38, 0xbe, 0xb7, 0xad, 0x2e, 0x63, 0x2a, 0x3a,
    0x8b, 0x42, 0x6b, 0x4a, 0x6b, 0x4a, 0x8b, 0x4a, 0x8b, 0x4a, 0x6b, 0x4a,
    0x6b, 0x4a, 0x8b, 0x4a, 0x6b, 0x4a, 0x6b, 0x4a, 0x8b, 0x4a, 0x8b, 0x4a,
    0x8b, 0x4a, 0x6b, 0x4a, 0x6b, 0x4a, 0x6b, 0x4a, 0x6b, 0x4a, 0x2e, 0x63,
    0x8f, 0x73, 0x8b, 0x52, 0x6b, 0x4a, 0x4b, 0x42, 0x6b, 0x4a, 0x6f, 0x73,
    0x94, 0xa4, 0x53, 0x94, 0x32, 0x84, 0x93, 0x94, 0x94, 0x94, 0x94, 0x94,
    0xb4, 0x94, 0xb4, 0x94, 0x94, 0x94, 0x73, 0x94, 0x93, 0x94, 0x93, 0x94,
    0x94, 0x94, 0x93, 0x8c, 0x93, 0x94, 0x94, 0x94, 0xb4, 0x94, 0xb4, 0x94,
    0xb4, 0x94, 0xb3, 0x94, 0xb4, 0x94, 0xb4, 0x94, 0xf1, 0x73, 0x12, 0x74,
    0x31, 0x7c, 0x31, 0x7c, 0xed, 0x5a, 0x49, 0x4a, 0x4a, 0x4a, 0x49, 0x42,
    0xe8, 0x41, 0x58, 0xce, 0x11, 0x74, 0x35, 0x9d, 0xf9, 0xb5, 0x59, 0xc6,
    0x9a, 0xce, 0xf4, 0x9c, 0xd4, 0x94, 0xbb, 0xce, 0x9a, 0xce, 0x7a, 0xce,
    0x7a, 0xc6, 0x59, 0xc6, 0x59, 0xc6, 0x9a, 0xc6, 0x9a, 0xce, 0x9b, 0xce,
    0xdb, 0xd6, 0xd7, 0xbd, 0x09, 0x42, 0x39, 0xc6, 0x7a, 0xce, 0x5a, 0xc6,
    0x1d, 0xe7, 0x7d, 0xef, 0x7e, 0xef, 0x5d, 0xef, 0x7d, 0xef, 0x7e, 0xef,
    0x5a, 0xce, 0xb7, 0xad, 0xd4, 0x8c, 0xf4, 0x94, 0x76, 0xa5, 0x15, 0x95,
    0x97, 0xa5, 0x7a, 0xc6, 0xf8, 0xb5, 0x97, 0xad, 0x59, 0xbe, 0x79, 0xc6,
    0x79, 0xc6, 0x79, 0xc6, 0x7a, 0xc6, 0xf3, 0x94, 0xb2, 0x8c, 0xb2, 0x94,
    0xb2, 0x94, 0xb3, 0x94, 0xb3, 0x94, 0xb3, 0x94, 0xd3, 0x94, 0xf3, 0x94,
    0xf4, 0x9c, 0xf4, 0x9c, 0x14, 0x9d, 0x34, 0x9d, 0x34, 0x9d, 0x35, 0x9d,
    0x35, 0x9d, 0xec, 0x5a, 0xab, 0x52, 0xaa, 0x52, 0xaa, 0x52, 0x6a, 0x4a,
    0x76, 0xa5, 0x96, 0xa5, 0xd7, 0xad, 0xf8, 0xb5, 0xf8, 0xbd, 0x18, 0xbe,
    0x38, 0xbe, 0x39, 0xc6, 0x39, 0xc6, 0x59, 0xc6, 0x59, 0xc6, 0x39, 0xc6,
    0x59, 0xc6, 0x59, 0xc6, 0x59, 0xc6, 0x59, 0xc6, 0x59, 0xc6, 0x59, 0xc6,
    0x79, 0xc6, 0x79, 0xc6, 0x79, 0xc6, 0x59, 0xc6, 0x97, 0xa5, 0x76, 0x9d,
    0x77, 0xa5, 0x76, 0x9d, 0x76, 0x9d, 0xf5, 0x8c, 0x76, 0x9d, 0x76, 0x9d,
    0x76, 0x9d, 0xf8, 0xad, 0x19, 0xb6, 0xf8, 0xb5, 0xd8, 0xad, 0x97, 0xa5,
    0xb7, 0xad, 0xf8, 0xad, 0x19, 0xb6, 0xf8, 0xad, 0x97, 0xa5, 0x36, 0x95,
    0xf5, 0x8c, 0xf5, 0x8c, 0xf5, 0x84, 0xd5, 0x84, 0xd5, 0x84, 0x53, 0x7c,
    0x4f, 0x63, 0x12, 0x74, 0x74, 0x7c, 0x74, 0x84, 0x94, 0x84, 0x94, 0x84,
    0x94, 0x84, 0x94, 0x84, 0x94, 0x84, 0x73, 0x84, 0x73, 0x84, 0x70, 0x63,
    0x90, 0x63, 0x33, 0x7c, 0x33, 0x7c, 0x33, 0x7c, 0x33, 0x7c, 0x13, 0x7c,
    0x12, 0x74, 0x90, 0x6b, 0x4f, 0x63, 0xb1, 0x6b, 0x33, 0x74, 0xd2, 0x6b,
    0x6f, 0x63, 0xb0, 0x6b, 0xb0, 0x63, 0x4f, 0x63, 0xf7, 0xc5, 0x37, 0xce,
    0x16, 0xc6, 0xf7, 0xc5, 0xd6, 0xc5, 0xb6, 0xbd, 0x74, 0xb5, 0x34, 0xbd,
    0x6e, 0x73, 0x4e, 0x63, 0x4e, 0x6b, 0x4f, 0x6b, 0x6f, 0x63, 0x4e, 0x63,
    0x4f, 0x63, 0x4e, 0x63, 0x4e, 0x63, 0x2e, 0x63, 0x0e, 0x5b, 0x0d, 0x5b,
    0x0e, 0x63, 0xed, 0x5a, 0xcc, 0x5a, 0x31, 0x8c, 0xb6, 0xbd, 0x39, 0xce,
    0x14, 0xa5, 0x0d, 0x63, 0x09, 0x42, 0x09, 0x42, 0x08, 0x42, 0x08, 0x42,
    0x09, 0x42, 0x08, 0x42, 0x08, 0x42, 0x09, 0x42, 0x08, 0x3a, 0x09, 0x42,
    0xe8, 0x39, 0xe8, 0x41, 0xa7, 0x31, 0xb9, 0xa5, 0x58, 0x95, 0xb9, 0x9d,
    0x38, 0x8d, 0x38, 0x8d, 0xf7, 0x84, 0xf6, 0x8c, 0x66, 0x31, 0xe8, 0x39,
    0x29, 0x42, 0x4e, 0x6b, 0x51, 0x8c, 0x75, 0xb5, 0x9a, 0xd6, 0x9a, 0xd6,
    0x9a, 0xd6, 0x9a, 0xd6, 0x9a, 0xd6, 0x9a, 0xd6, 0xba, 0xde, 0x9a, 0xd6,
    0x9a, 0xd6, 0xba, 0xde, 0x9a, 0xd6, 0xba, 0xd6, 0x9a, 0xd6, 0x9a, 0xd6,
    0xba, 0xd6, 0x9a, 0xde, 0x9a, 0xd6, 0xba, 0xd6, 0xba, 0xde, 0x9a, 0xd6,
    0x9a, 0xd6, 0x9a, 0xd6, 0xba, 0xd6, 0x9a, 0xd6, 0x9a, 0xd6, 0x9a, 0xd6,
    0x9a, 0xd6, 0x9a, 0xd6, 0x9a, 0xd6, 0x9a, 0xd6, 0x9a, 0xd6, 0x9a, 0xd6,
    0x99, 0xd6, 0x9a, 0xd6, 0x9a, 0xd6, 0x99, 0xd6, 0x9a, 0xd6, 0x9a, 0xd6,
    0x9a, 0xde, 0x9a, 0xd6, 0x9a, 0xd6, 0xba, 0xde, 0xba, 0xde, 0xba, 0xd6,
    0x9a, 0xd6, 0xba, 0xde, 0xba, 0xd6, 0x9a, 0xd6, 0x9a, 0xde, 0xba, 0xd6,
    0x9a, 0xd6, 0x9a, 0xde, 0xba, 0xd6, 0xba, 0xde, 0x9a, 0xd6, 0xba, 0xd6,
    0xba, 0xd6, 0x9a, 0xd6, 0xba, 0xde, 0xba, 0xd6, 0x9a, 0xd6, 0xba, 0xde,
    0xba, 0xd6, 0xf5, 0x94, 0x18, 0xb6, 0x18, 0xb6, 0xf7, 0xb5, 0x18, 0xb6,
    0x39, 0xbe, 0xd3, 0x8c, 0x4a, 0x42, 0x6a, 0x42, 0x6b, 0x4a, 0x6b, 0x42,
    0x8b, 0x4a, 0x6b, 0x4a, 0x8b, 0x4a, 0x8b, 0x4a, 0x6b, 0x4a, 0x8b, 0x4a,
    0x6b, 0x4a, 0x6b, 0x4a, 0x8b, 0x4a, 0x8b, 0x4a, 0x6b, 0x42, 0x8b, 0x4a,
    0x8b, 0x4a, 0x6b, 0x42, 0x8b, 0x4a, 0x4b, 0x4a, 0x6b, 0x4a, 0x6b, 0x4a,
    0x6b, 0x4a, 0x6a, 0x42, 0x6b, 0x4a, 0xb0, 0x7b, 0xb4, 0xa4, 0x32, 0x8c,
    0x32, 0x84, 0x93, 0x94, 0xb4, 0x94, 0xb4, 0x94, 0x94, 0x94, 0x94, 0x94,
    0x93, 0x94, 0x93, 0x8c, 0x94, 0x94, 0xb4, 0x94, 0x94, 0x94, 0x94, 0x94,
    0xb3, 0x94, 0xb3, 0x94, 0xb4, 0x94, 0xb4, 0x94, 0xb3, 0x94, 0xb4, 0x94,
    0xf1, 0x73, 0x32, 0x74, 0x11, 0x74, 0x12, 0x74, 0x0d, 0x5b, 0x4a, 0x42,
    0x4a, 0x4a, 0x49, 0x4a, 0x08, 0x3a, 0x59, 0xce, 0xf0, 0x73, 0xd4, 0x8c,
    0xd8, 0xb5, 0x7a, 0xc6, 0x9a, 0xce, 0x11, 0x84, 0xf5, 0x9c, 0xbb, 0xd6,
    0x9a, 0xce, 0x7a, 0xce, 0x59, 0xc6, 0x59, 0xc6, 0x39, 0xc6, 0x9a, 0xce,
    0x9a, 0xd6, 0xdb, 0xd6, 0x39, 0xc6, 0x66, 0x29, 0x36, 0xa5, 0xbb, 0xd6,
    0xbb, 0xd6, 0x5d, 0xef, 0x7d, 0xef, 0x7d, 0xef, 0x5d, 0xf7, 0x7e, 0xf7,
    0x7e, 0xf7, 0x5d, 0xef, 0x5a, 0xc6, 0xb8, 0xb5, 0xb4, 0x8c, 0xb3, 0x8c,
    0xb3, 0x8c, 0xb4, 0x8c, 0x35, 0x9d, 0x39, 0xbe, 0x39, 0xbe, 0x39, 0xbe,
    0x7a, 0xc6, 0x79, 0xc6, 0x7a, 0xc6, 0x79, 0xc6, 0x7a, 0xc6, 0x7a, 0xce,
    0x9a, 0xce, 0x7a, 0xce, 0x7a, 0xce, 0x7a, 0xc6, 0x7a, 0xce, 0x9a, 0xce,
    0x9a, 0xc6, 0x9a, 0xce, 0x9a, 0xc6, 0x7a, 0xc6, 0x7a, 0xc6, 0x79, 0xc6,
    0x79, 0xc6, 0x7a, 0xc6, 0x79, 0xbe, 0x2c, 0x5b, 0xab, 0x52, 0xab, 0x4a,
    0xab, 0x52, 0x6a, 0x4a, 0x18, 0xb6, 0x39, 0xbe, 0x59, 0xbe, 0x59, 0xbe,
    0x59, 0xc6, 0x7a, 0xc6, 0x7a, 0xc6, 0x7a, 0xc6, 0x79, 0xc6, 0x9a, 0xc6,
    0x7a, 0xc6, 0x79, 0xc6, 0x79, 0xc6, 0x79, 0xc6, 0x59, 0xbe, 0x59, 0xc6,
    0x59, 0xbe, 0x39, 0xbe, 0x79, 0xc6, 0x79, 0xc6, 0x5a, 0xc6, 0x79, 0xc6,
    0xb7, 0xad, 0x56, 0x9d, 0x76, 0x9d, 0x56, 0x9d, 0x36, 0x95, 0x15, 0x95,
    0x76, 0x95, 0x56, 0x9d, 0x76, 0x9d, 0xf8, 0xb5, 0x19, 0xbe, 0x19, 0xb6,
    0xf8, 0xb5, 0xd7, 0xad, 0xf8, 0xb5, 0xf8, 0xb5, 0xd8, 0xad, 0x97, 0xa5,
    0x56, 0x9d, 0xf5, 0x8c, 0xf5, 0x8c, 0xd5, 0x84, 0xb4, 0x84, 0xb4, 0x84,
    0xb4, 0x84, 0x94, 0x84, 0x8f, 0x63, 0x90, 0x63, 0x73, 0x7c, 0x73, 0x7c,
    0x52, 0x7c, 0x73, 0x7c, 0x73, 0x7c, 0x73, 0x7c, 0x53, 0x7c, 0x53, 0x7c,
    0x32, 0x74, 0x2f, 0x5b, 0xd1, 0x73, 0x33, 0x7c, 0x32, 0x74, 0x12, 0x74,
    0x12, 0x74, 0xf2, 0x73, 0x90, 0x63, 0x4f, 0x63, 0x70, 0x63, 0x13, 0x74,
    0x13, 0x74, 0xf2, 0x6b, 0x8f, 0x63, 0x13, 0x74, 0x12, 0x74, 0x12, 0x74,
    0x32, 0x84, 0x78, 0xd6, 0x17, 0xce, 0xf7, 0xc5, 0xf7, 0xc5, 0xd6, 0xbd,
    0x95, 0xbd, 0x54, 0xb5, 0x92, 0x9c, 0x0e, 0x5b, 0x4e, 0x63, 0x4e, 0x63,
    0x4e, 0x63, 0x4e, 0x63, 0x2e, 0x63, 0x2e, 0x63, 0x2e, 0x63, 0x2d, 0x5b,
    0x0d, 0x5b, 0xed, 0x52, 0xcc, 0x5a, 0x51, 0x8c, 0xd6, 0xbd, 0xf7, 0xc5,
    0x35, 0xad, 0x8b, 0x52, 0xa8, 0x39, 0xe9, 0x41, 0xe9, 0x41, 0x09, 0x42,
    0x09, 0x42, 0x09, 0x42, 0x09, 0x42, 0x09, 0x42, 0x08, 0x42, 0xe9, 0x41,
    0x08, 0x42, 0x08, 0x42, 0xe9, 0x39, 0x08, 0x3a, 0xc8, 0x39, 0xcc, 0x52,
    0xda, 0xa5, 0x78, 0x95, 0x79, 0x95, 0xf7, 0x84, 0x99, 0x9d, 0xe9, 0x39,
    0x29, 0x4a, 0xaf, 0x73, 0xd3, 0x9c, 0xd3, 0x9c, 0xd7, 0xbd, 0xbb, 0xde,
    0x9a, 0xd6, 0x9a, 0xd6, 0x9a, 0xd6, 0x9a, 0xd6, 0x9a, 0xd6, 0xba, 0xd6,
    0x9a, 0xd6, 0x9a, 0xd6, 0x9a, 0xd6, 0x9a, 0xd6, 0xba, 0xde, 0x9a, 0xd6,
    0xba, 0xde, 0x9a, 0xd6, 0x9a, 0xd6, 0xba, 0xd6, 0xba, 0xd6, 0x9a, 0xd6,
    0x9a, 0xd6, 0x9a, 0xd6, 0x9a, 0xd6, 0x9a, 0xd6, 0x9a, 0xd6, 0x9a, 0xd6,
    0x9a, 0xd6, 0x9a, 0xd6, 0x99, 0xd6, 0x9a, 0xd6, 0x99, 0xd6, 0x99, 0xd6,
    0x9a, 0xd6, 0x9a, 0xd6, 0x9a, 0xd6, 0x9a, 0xd6, 0x99, 0xd6, 0x9a, 0xd6,
    0x9a, 0xd6, 0x99, 0xd6, 0xba, 0xd6, 0x9a, 0xd6, 0x9a, 0xd6, 0x9a, 0xd6,
    0x9a, 0xd6, 0xba, 0xd6, 0xba, 0xde, 0x9a, 0xde, 0xba, 0xd6, 0x9a, 0xd6,
    0x9a, 0xd6, 0xba, 0xd6, 0xba, 0xd6, 0x9a, 0xd6, 0x9a, 0xd6, 0x9a, 0xde,
    0xba, 0xd6, 0x9a, 0xd6, 0xba, 0xde, 0xba, 0xd6, 0x9a, 0xd6, 0xba, 0xde,
    0xba, 0xd6, 0x9a, 0xd6, 0x9a, 0xd6, 0xf5, 0x94, 0x17, 0xb6, 0x18, 0xb6,
    0x17, 0xb6, 0xf7, 0xb5, 0x18, 0xb6, 0x18, 0xb6, 0xd7, 0xb5, 0x0d, 0x5b,
    0x2a, 0x42, 0x6b, 0x4a, 0x6b, 0x42, 0x6b, 0x4a, 0x8b, 0x4a, 0x6b, 0x42,
    0x8b, 0x4a, 0x8b, 0x4a, 0x6b, 0x42, 0x6b, 0x4a, 0x8b, 0x4a, 0x6b, 0x4a,
    0x6b, 0x4a, 0x6b, 0x42, 0x8b, 0x4a, 0x2d, 0x53, 0x4e, 0x63, 0xcc, 0x52,
    0x6b, 0x4a, 0x6b, 0x4a, 0x6b, 0x4a, 0x6b, 0x4a, 0x6b, 0x4a, 0x6b, 0x42,
    0x8b, 0x4a, 0xb0, 0x7b, 0x94, 0xa4, 0x32, 0x8c, 0x12, 0x84, 0x93, 0x94,
    0xb4, 0x94, 0x93, 0x94, 0x94, 0x8c, 0x94, 0x94, 0x93, 0x94, 0x93, 0x94,
    0x94, 0x94, 0xb3, 0x94, 0xb3, 0x94, 0xb3, 0x94, 0x93, 0x8c, 0xb4, 0x94,
    0x93, 0x94, 0xb4, 0x94, 0xf1, 0x73, 0x32, 0x7c, 0x11, 0x7c, 0x32, 0x7c,
    0x0d, 0x5b, 0x6a, 0x42, 0x4a, 0x4a, 0x49, 0x4a, 0x08, 0x42, 0x39, 0xce,
    0xb0, 0x6b, 0x32, 0x7c, 0x56, 0x9d, 0x9a, 0xce, 0x7a, 0xce, 0x8f, 0x6b,
    0x15, 0x9d, 0xdb, 0xd6, 0x9a, 0xce, 0x9a, 0xce, 0x7a, 0xce, 0x5a, 0xc6,
    0x7a, 0xc6, 0xba, 0xce, 0xbb, 0xd6, 0xbb, 0xd6, 0xa7, 0x31, 0x72, 0x8c,
    0x3d, 0xe7, 0x5d, 0xef, 0x7e, 0xf7, 0x7e, 0xef, 0x7d, 0xf7, 0x7e, 0xf7,
    0x7d, 0xef, 0x3d, 0xef, 0x1c, 0xe7, 0x79, 0xce, 0x35, 0xa5, 0xb4, 0x94,
    0x52, 0x84, 0x52, 0x7c, 0x53, 0x84, 0x73, 0x84, 0xb4, 0x8c, 0x15, 0x9d,
    0x35, 0x9d, 0x76, 0xa5, 0xd8, 0xb5, 0xb7, 0xad, 0xd7, 0xb5, 0x59, 0xbe,
    0x7a, 0xc6, 0x7a, 0xc6, 0x5a, 0xc6, 0x7a, 0xc6, 0x79, 0xc6, 0x59, 0xc6,
    0x79, 0xc6, 0x79, 0xc6, 0x79, 0xc6, 0x79, 0xc6, 0x79, 0xc6, 0x79, 0xc6,
    0x79, 0xc6, 0x39, 0xbe, 0x18, 0xb6, 0x59, 0xbe, 0x79, 0xbe, 0x2d, 0x5b,
    0xab, 0x52, 0xab, 0x52, 0xab, 0x52, 0x4a, 0x42, 0xd7, 0xad, 0xf8, 0xb5,
    0x18, 0xb6, 0xf8, 0xad, 0x39, 0xbe, 0x79, 0xc6, 0x7a, 0xc6, 0x9a, 0xc6,
    0x99, 0xc6, 0x9a, 0xc6, 0x9a, 0xce, 0x9a, 0xc6, 0x79, 0xc6, 0x59, 0xc6,
    0x59, 0xbe, 0x59, 0xbe, 0x38, 0xbe, 0x18, 0xb6, 0x59, 0xbe, 0x59, 0xbe,
    0x59, 0xc6, 0x7a, 0xc6, 0xd8, 0xad, 0x76, 0x9d, 0x56, 0x9d, 0x36, 0x95,
    0xb4, 0x7c, 0xb4, 0x84, 0x36, 0x95, 0xb4, 0x84, 0x39, 0xbe, 0xd8, 0xad,
    0xf8, 0xb5, 0x19, 0xbe, 0x18, 0xb6, 0x19, 0xb6, 0x19, 0xb6, 0x39, 0xbe,
    0x97, 0xa5, 0x36, 0x95, 0x15, 0x8d, 0xf5, 0x8c, 0xd5, 0x8c, 0xd5, 0x84,
    0xb4, 0x84, 0xb4, 0x84, 0x94, 0x84, 0xb3, 0x84, 0x32, 0x74, 0x4f, 0x5b,
    0x32, 0x74, 0x72, 0x7c, 0x73, 0x7c, 0x52, 0x7c, 0x53, 0x7c, 0x73, 0x7c,
    0x73, 0x7c, 0x53, 0x7c, 0xf1, 0x73, 0x4f, 0x5b, 0x13, 0x7c, 0x33, 0x7c,
    0x12, 0x7c, 0x12, 0x7c, 0x12, 0x7c, 0xd1, 0x6b, 0x4f, 0x63, 0x4f, 0x63,
    0xd1, 0x6b, 0x12, 0x74, 0x13, 0x74, 0x12, 0x74, 0x90, 0x63, 0x12, 0x74,
    0x12, 0x74, 0x12, 0x74, 0xf2, 0x6b, 0xd7, 0xbd, 0x37, 0xce, 0xf7, 0xc5,
    0xf6, 0xc5, 0xd6, 0xc5, 0xb6, 0xbd, 0x75, 0xb5, 0x34, 0xb5, 0x4e, 0x6b,
    0x2e, 0x63, 0x4e, 0x63, 0x4e, 0x63, 0x4e, 0x63, 0x4e, 0x63, 0x2e, 0x63,
    0x2e, 0x5b, 0xed, 0x5a, 0xcc, 0x5a, 0x10, 0x84, 0xb6, 0xbd, 0x17, 0xce,
    0x34, 0xad, 0xec, 0x62, 0xa8, 0x39, 0xe9, 0x41, 0xe9, 0x41, 0x09, 0x42,
    0xe9, 0x41, 0x09, 0x42, 0x09, 0x42, 0x09, 0x42, 0x09, 0x42, 0x08, 0x42,
    0x09, 0x3a, 0x09, 0x42, 0x08, 0x42, 0x08, 0x42, 0xe8, 0x41, 0x08, 0x3a,
    0xe8, 0x39, 0x87, 0x31, 0x57, 0x9d, 0x79, 0x95, 0x38, 0x8d, 0x38, 0x95,
    0xb4, 0x8c, 0xef, 0x7b, 0x34, 0xa5, 0xf4, 0xa4, 0x34, 0xa5, 0x59, 0xce,
    0xba, 0xd6, 0x9a, 0xd6, 0x9a, 0xd6, 0x9a, 0xd6, 0x9a, 0xd6, 0x9a, 0xd6,
    0x9a, 0xd6, 0x9a, 0xd6, 0x9a, 0xd6, 0x9a, 0xd6, 0x9a, 0xd6, 0x9a, 0xd6,
    0x9a, 0xd6, 0x9a, 0xd6, 0x9a, 0xd6, 0x9a, 0xd6, 0x9a, 0xd6, 0x9a, 0xd6,
    0x9a, 0xd6, 0x9a, 0xde, 0x9a, 0xd6, 0x9a, 0xd6, 0x9a, 0xd6, 0x9a, 0xd6,
    0x9a, 0xd6, 0x99, 0xd6, 0x9a, 0xd6, 0x9a, 0xd6, 0x99, 0xd6, 0x9a, 0xd6,
    0x9a, 0xd6, 0x9a, 0xd6, 0x99, 0xd6, 0x9a, 0xd6, 0x9a, 0xd6, 0x99, 0xd6,
    0x9a, 0xd6, 0x9a, 0xd6, 0x9a, 0xd6, 0x9a, 0xd6, 0x99, 0xd6, 0x9a, 0xd6,
    0x9a, 0xd6, 0x9a, 0xd6, 0x9a, 0xd6, 0xba, 0xd6, 0x9a, 0xd6, 0x9a, 0xd6,
    0xba, 0xd6, 0xba, 0xde, 0x9a, 0xd6, 0x9a, 0xd6, 0x9a, 0xd6, 0x9a, 0xd6,
    0x9a, 0xd6, 0x9a, 0xd6, 0x9a, 0xd6, 0x9a, 0xd6, 0x9a, 0xd6, 0x9a, 0xd6,
    0x9a, 0xd6, 0xba, 0xd6, 0x9a, 0xde, 0x9a, 0xd6, 0xba, 0xd6, 0xf5, 0x9c,
    0xf7, 0xb5, 0x18, 0xb6, 0x17, 0xb6, 0x17, 0xb6, 0x18, 0xb6, 0x17, 0xb6,
    0x17, 0xb6, 0x38, 0xbe, 0xb3, 0x8c, 0x4a, 0x42, 0x6a, 0x42, 0x6b, 0x4a,
    0x6b, 0x4a, 0x6b, 0x4a, 0x6b, 0x4a, 0x8b, 0x4a, 0x8b, 0x4a, 0x6b, 0x4a,
    0x6b, 0x42, 0x6b, 0x4a, 0x6b, 0x4a, 0x8b, 0x4a, 0x6e, 0x5b, 0xaf, 0x63,
    0x31, 0x74, 0x31, 0x7c, 0xcc, 0x52, 0x8b, 0x4a, 0x8b, 0x4a, 0x6b, 0x4a,
    0x8b, 0x4a, 0x8b, 0x4a, 0x8b, 0x4a, 0x8b, 0x4a, 0xac, 0x52, 0xd0, 0x7b,
    0xb4, 0xa4, 0x32, 0x8c, 0x32, 0x8c, 0x93, 0x94, 0x94, 0x94, 0x94, 0x94,
    0x93, 0x94, 0x94, 0x94, 0xb4, 0x94, 0xb3, 0x94, 0xb4, 0x94, 0xb4, 0x94,
    0xb4, 0x94, 0xb4, 0x94, 0xb4, 0x94, 0xb4, 0x94, 0xf1, 0x73, 0x31, 0x7c,
    0x11, 0x74, 0x32, 0x74, 0xed, 0x5a, 0x6a, 0x4a, 0x6a, 0x4a, 0x6a, 0x4a,
    0x08, 0x42, 0x39, 0xc6, 0xb0, 0x6b, 0x73, 0x84, 0x39, 0xbe, 0x9a, 0xce,
    0x18, 0xbe, 0x4e, 0x63, 0x15, 0x9d, 0xdb, 0xd6, 0x9a, 0xce, 0x9a, 0xce,
    0x9a, 0xce, 0x9a, 0xce, 0xba, 0xce, 0xba, 0xce, 0xfb, 0xde, 0xcf, 0x73,
    0x56, 0xa5, 0x7e, 0xef, 0x7d, 0xf7, 0x7e, 0xef, 0x9e, 0xf7, 0x5d, 0xef,
    0xdb, 0xde, 0x59, 0xc6, 0xf7, 0xbd, 0xd7, 0xbd, 0xb7, 0xb5, 0xd0, 0x73,
    0x0d, 0x5b, 0x4e, 0x63, 0x6f, 0x63, 0x6f, 0x63, 0x8f, 0x63, 0xb0, 0x6b,
    0x11, 0x74, 0x32, 0x7c, 0x93, 0x84, 0xb3, 0x8c, 0xb3, 0x84, 0xb4, 0x8c,
    0x55, 0x9d, 0x59, 0xc6, 0x59, 0xc6, 0x7a, 0xc6, 0x79, 0xc6, 0x7a, 0xc6,
    0x5a, 0xc6, 0x79, 0xc6, 0x7a, 0xc6, 0x7a, 0xc6, 0x7a, 0xc6, 0x7a, 0xc6,
    0x79, 0xc6, 0x79, 0xc6, 0x38, 0xb6, 0xf8, 0xad, 0xf7, 0xad, 0xf8, 0xad,
    0x39, 0xb6, 0x2d, 0x5b, 0xcb, 0x52, 0xab, 0x52, 0xab, 0x52, 0x4a, 0x42,
    0xb7, 0xad, 0xd7, 0xad, 0xd7, 0xa5, 0xd8, 0xad, 0x39, 0xbe, 0x79, 0xc6,
    0x79, 0xc6, 0x9a, 0xce, 0x9a, 0xce, 0x9a, 0xce, 0x9a, 0xce, 0x7a, 0xc6,
    0x59, 0xbe, 0x59, 0xbe, 0x39, 0xb6, 0x39, 0xbe, 0x39, 0xbe, 0x38, 0xbe,
    0x39, 0xbe, 0x59, 0xbe, 0x59, 0xbe, 0x59, 0xc6, 0x39, 0xbe, 0x76, 0x9d,
    0x76, 0x9d, 0x56, 0x95, 0xd5, 0x84, 0xb4, 0x7c, 0x94, 0x7c, 0xb4, 0x7c,
    0x7b, 0xc6, 0x19, 0xb6, 0x5a, 0xbe, 0x19, 0xbe, 0xf8, 0xb5, 0x36, 0x9d,
    0xb7, 0xad, 0xf8, 0xad, 0x97, 0xa5, 0xf5, 0x8c, 0xf5, 0x8c, 0xd4, 0x8c,
    0xd4, 0x84, 0xd4, 0x84, 0xb4, 0x84, 0x94, 0x84, 0xb4, 0x84, 0x93, 0x84,
    0x93, 0x7c, 0x6f, 0x63, 0xd0, 0x6b, 0x53, 0x7c, 0x52, 0x74, 0x52, 0x74,
    0x52, 0x7c, 0x72, 0x7c, 0x73, 0x7c, 0x73, 0x84, 0x90, 0x6b, 0x70, 0x63,
    0x33, 0x7c, 0x33, 0x7c, 0x33, 0x7c, 0x32, 0x7c, 0xf2, 0x73, 0x4f, 0x63,
    0x4f, 0x63, 0x90, 0x6b, 0xf2, 0x73, 0x12, 0x74, 0x12, 0x74, 0x33, 0x74,
    0x8f, 0x63, 0x12, 0x74, 0x32, 0x74, 0x12, 0x74, 0x12, 0x74, 0x72, 0x84,
    0x58, 0xd6, 0x17, 0xc6, 0xf7, 0xc5, 0xf6, 0xc5, 0xd6, 0xbd, 0x95, 0xbd,
    0x34, 0xb5, 0x71, 0x94, 0x0e, 0x63, 0x2e, 0x63, 0x2e, 0x63, 0x2e, 0x63,
    0x2e, 0x63, 0x0d, 0x5b, 0x0d, 0x5b, 0x71, 0x8c, 0xd6, 0xc5, 0x17, 0xce,
    0x55, 0xb5, 0xec, 0x62, 0xa8, 0x39, 0xc9, 0x41, 0xe9, 0x41, 0xe9, 0x41,
    0x09, 0x42, 0xe9, 0x41, 0x09, 0x42, 0xe9, 0x41, 0xe9, 0x41, 0x09, 0x42,
    0x08, 0x42, 0x08, 0x42, 0x09, 0x42, 0xe8, 0x39, 0xe8, 0x39, 0xe9, 0x41,
    0x08, 0x42, 0xe8, 0x41, 0xe8, 0x39, 0xc8, 0x39, 0xe8, 0x39, 0x5b, 0xb6,
    0xb8, 0xad, 0x39, 0xc6, 0x34, 0xad, 0x35, 0xad, 0x34, 0xa5, 0xf7, 0xbd,
    0xbb, 0xde, 0x9a, 0xd6, 0x9a, 0xd6, 0x9a, 0xd6, 0x9a, 0xd6, 0x9a, 0xd6,
    0x9a, 0xd6, 0x9a, 0xd6, 0x9a, 0xd6, 0x9a, 0xd6, 0x9a, 0xd6, 0x9a, 0xd6,
    0x9a, 0xd6, 0x9a, 0xd6, 0x9a, 0xd6, 0x9a, 0xd6, 0x9a, 0xd6, 0x9a, 0xd6,
    0xba, 0xd6, 0x9a, 0xde, 0x9a, 0xd6, 0x9a, 0xd6, 0x9a, 0xd6, 0x9a, 0xd6,
    0x99, 0xd6, 0x9a, 0xd6, 0x9a, 0xd6, 0x99, 0xd6, 0x99, 0xd6, 0x9a, 0xd6,
    0x9a, 0xd6, 0x99, 0xd6, 0x9a, 0xd6, 0x9a, 0xd6, 0x99, 0xd6, 0x99, 0xd6,
    0x9a, 0xd6, 0x99, 0xd6, 0x9a, 0xd6, 0x99, 0xd6, 0x99, 0xd6, 0x9a, 0xd6,
    0x9a, 0xd6, 0x99, 0xd6, 0x9a, 0xd6, 0x99, 0xd6, 0x9a, 0xd6, 0x9a, 0xd6,
    0xba, 0xd6, 0x9a, 0xd6, 0x9a, 0xd6, 0x9a, 0xd6, 0x9a, 0xd6, 0x9a, 0xd6,
    0x9a, 0xd6, 0x9a, 0xd6, 0x9a, 0xd6, 0x9a, 0xd6, 0x9a, 0xd6, 0x9a, 0xd6,
    0x9a, 0xd6, 0x9a, 0xde, 0x9a, 0xd6, 0x9a, 0xd6, 0xba, 0xd6, 0xba, 0xd6,
    0x9a, 0xde, 0xd5, 0x94, 0xf8, 0xb5, 0x17, 0xb6, 0x18, 0xb6, 0xf8, 0xb5,
    0x17, 0xb6, 0x18, 0xb6, 0xf8, 0xb5, 0x17, 0xb6, 0x18, 0xb6, 0x97, 0xad,
    0x4d, 0x5b, 0x2a, 0x42, 0x6a, 0x4a, 0x6b, 0x42, 0x8b, 0x4a, 0x6b, 0x4a,
    0x8b, 0x4a, 0x6b, 0x42, 0x6b, 0x4a, 0x8b, 0x4a, 0x6b, 0x42, 0xec, 0x52,
    0x6e, 0x5b, 0xaf, 0x63, 0x10, 0x74, 0x10, 0x74, 0x6d, 0x63, 0x6b, 0x4a,
    0x8b, 0x4a, 0x8b, 0x4a, 0x8b, 0x4a, 0x8b, 0x4a, 0x8c, 0x4a, 0xac, 0x52,
    0xac, 0x52, 0xac, 0x4a, 0xac, 0x52, 0xb0, 0x7b, 0x73, 0x9c, 0x52, 0x94,
    0xf1, 0x83, 0x12, 0x84, 0x53, 0x8c, 0x53, 0x8c, 0x93, 0x8c, 0x93, 0x94,
    0xb4, 0x94, 0xb4, 0x94, 0x93, 0x94, 0xb3, 0x94, 0xb3, 0x94, 0x93, 0x94,
    0xf1, 0x73, 0x32, 0x7c, 0x32, 0x74, 0x32, 0x7c, 0xed, 0x5a, 0x6a, 0x4a,
    0x6a, 0x4a, 0x6a, 0x4a, 0x09, 0x42, 0x38, 0xc6, 0xaf, 0x6b, 0xb3, 0x8c,
    0x7a, 0xc6, 0x9b, 0xd6, 0x36, 0xa5, 0x2e, 0x63, 0xd3, 0x94, 0x9b, 0xd6,
    0x9a, 0xce, 0x9a, 0xce, 0x9a, 0xce, 0x9a, 0xce, 0xbb, 0xd6, 0x1c, 0xe7,
    0x7a, 0xd6, 0xd8, 0xbd, 0x1c, 0xe7, 0x9e, 0xf7, 0x5d, 0xef, 0xdb, 0xde,
    0x38, 0xc6, 0xd7, 0xbd, 0xd7, 0xbd, 0xd7, 0xbd, 0xd7, 0xbd, 0xd7, 0xbd,
    0x93, 0x8c, 0xee, 0x5a, 0x4f, 0x63, 0x8f, 0x63, 0x6f, 0x63, 0x8f, 0x63,
    0x8f, 0x63, 0x8f, 0x63, 0x8f, 0x63, 0xb0, 0x6b, 0x31, 0x74, 0x73, 0x84,
    0xb3, 0x84, 0x56, 0x9d, 0x39, 0xbe, 0x7a, 0xce, 0x7a, 0xce, 0x79, 0xce,
    0x7a, 0xce, 0x9a, 0xce, 0x9a, 0xce, 0x9a, 0xce, 0x7a, 0xc6, 0x9a, 0xc6,
    0x79, 0xc6, 0x7a, 0xc6, 0x7a, 0xc6, 0x7a, 0xc6, 0x39, 0xbe, 0xf7, 0xad,
    0xb7, 0xad, 0xf7, 0xad, 0x39, 0xbe, 0x2d, 0x5b, 0xab, 0x52, 0xab, 0x4a,
    0xaa, 0x52, 0x6a, 0x42, 0xb7, 0xad, 0xd7, 0xa5, 0xd7, 0xa5, 0xd8, 0xad,
    0x38, 0xb6, 0x79, 0xc6, 0x7a, 0xc6, 0x9a, 0xc6, 0x7a, 0xc6, 0x9a, 0xce,
    0x59, 0xbe, 0x59, 0xbe, 0x39, 0xbe, 0x38, 0xbe, 0x38, 0xb6, 0x18, 0xb6,
    0x18, 0xb6, 0x18, 0xb6, 0x38, 0xb6, 0x39, 0xbe, 0x59, 0xbe, 0x38, 0xb6,
    0x97, 0xa5, 0xd8, 0xad, 0x76, 0x9d, 0x56, 0x95, 0xb4, 0x84, 0xb4, 0x84,
    0xb4, 0x7c, 0xb3, 0x7c, 0x36, 0x95, 0x36, 0x95, 0x77, 0xa5, 0x76, 0x9d,
    0x36, 0x95, 0x73, 0x84, 0xb0, 0x6b, 0x15, 0x95, 0xb4, 0x7c, 0xb4, 0x84,
    0xd4, 0x84, 0xd4, 0x84, 0xb4, 0x84, 0xb4, 0x84, 0xb4, 0x84, 0x94, 0x84,
    0x94, 0x7c, 0x93, 0x7c, 0x93, 0x7c, 0xf1, 0x6b, 0x6f, 0x63, 0x52, 0x74,
    0x53, 0x7c, 0x52, 0x74, 0x53, 0x74, 0x52, 0x7c, 0x52, 0x7c, 0x53, 0x7c,
    0x4f, 0x63, 0xb0, 0x6b, 0x33, 0x7c, 0x32, 0x7c, 0x33, 0x7c, 0x32, 0x7c,
    0x6f, 0x63, 0x2f, 0x5b, 0x6f, 0x63, 0xd1, 0x6b, 0xf2, 0x73, 0xf2, 0x73,
    0x12, 0x74, 0x33, 0x7c, 0x90, 0x6b, 0xf2, 0x73, 0x33, 0x74, 0x33, 0x74,
    0x53, 0x7c, 0x12, 0x7c, 0x75, 0xb5, 0x17, 0xce, 0xf7, 0xc5, 0xf7, 0xc5,
    0xd6, 0xbd, 0xb6, 0xbd, 0x55, 0xb5, 0xf3, 0xac, 0xf0, 0x83, 0x2e, 0x63,
    0x4e, 0x5b, 0xed, 0x5a, 0x4e, 0x6b, 0xb2, 0x94, 0xf6, 0xc5, 0x18, 0xce,
    0xd2, 0xa4, 0x0d, 0x6b, 0xa8, 0x39, 0xe9, 0x41, 0xe9, 0x41, 0x09, 0x42,
    0x09, 0x42, 0xe9, 0x41, 0x09, 0x42, 0xe9, 0x41, 0x09, 0x42, 0x09, 0x42,
    0x09, 0x42, 0x09, 0x42, 0x09, 0x42, 0x09, 0x42, 0x08, 0x42, 0xe8, 0x39,
    0xe8, 0x41, 0x08, 0x3a, 0xe8, 0x39, 0xc8, 0x39, 0x49, 0x4a, 0x8e, 0x73,
    0x92, 0x94, 0xf8, 0xbd, 0x7a, 0xce, 0xd7, 0xb5, 0x55, 0xad, 0x96, 0xb5,
    0x79, 0xce, 0xbb, 0xde, 0x9a, 0xd6, 0x9a, 0xd6, 0x9a, 0xd6, 0x9a, 0xd6,
    0x9a, 0xd6, 0x9a, 0xd6, 0x9a, 0xd6, 0x9a, 0xd6, 0x9a, 0xd6, 0x9a, 0xd6,
    0x99, 0xd6, 0x9a, 0xd6, 0x99, 0xd6, 0x99, 0xd6, 0x9a, 0xd6, 0x99, 0xd6,
    0x9a, 0xd6, 0x9a, 0xd6, 0x99, 0xd6, 0x9a, 0xd6, 0x9a, 0xd6, 0x99, 0xd6,
    0x9a, 0xd6, 0x99, 0xd6, 0x99, 0xd6, 0x9a, 0xd6, 0x9a, 0xd6, 0x99, 0xd6,
    0x9a, 0xd6, 0x9a, 0xd6, 0x79, 0xd6, 0x79, 0xd6, 0x79, 0xd6, 0x7a, 0xd6,
    0x99, 0xd6, 0x7a, 0xd6, 0x79, 0xd6, 0x9a, 0xd6, 0x79, 0xd6, 0x9a, 0xd6,
    0x99, 0xd6, 0x99, 0xd6, 0x9a, 0xd6, 0x99, 0xd6, 0x9a, 0xd6, 0x99, 0xd6,
    0x9a, 0xd6, 0x9a, 0xd6, 0x9a, 0xd6, 0x9a, 0xd6, 0x9a, 0xd6, 0x9a, 0xd6,
    0x9a, 0xd6, 0x9a, 0xd6, 0x9a, 0xd6, 0x99, 0xd6, 0x9a, 0xd6, 0x9a, 0xd6,
    0x9a, 0xd6, 0xba, 0xd6, 0xba, 0xd6, 0x9a, 0xd6, 0x9a, 0xd6, 0xba, 0xd6,
    0xba, 0xd6, 0x9a, 0xd6, 0xba, 0xd6, 0xd5, 0x94, 0xf7, 0xb5, 0x18, 0xb6,
    0x17, 0xb6, 0xf8, 0xb5, 0x17, 0xb6, 0x18, 0xb6, 0x18, 0xb6, 0xf7, 0xb5,
    0xf7, 0xb5, 0xf7, 0xb5, 0x38, 0xb6, 0x14, 0x9d, 0xab, 0x4a, 0x4a, 0x42,
    0x6b, 0x4a, 0x6b, 0x42, 0x6b, 0x4a, 0x6b, 0x4a, 0x6b, 0x4a, 0x6b, 0x4a,
    0x6b, 0x42, 0xcc, 0x52, 0x4e, 0x5b, 0x6f, 0x63, 0x8f, 0x63, 0x8e, 0x63,
    0x2d, 0x5b, 0x6b, 0x4a, 0x8b, 0x4a, 0x8b, 0x4a, 0x8c, 0x4a, 0x8c, 0x4a,
    0x8c, 0x52, 0xac, 0x52, 0xcc, 0x52, 0xcc, 0x52, 0xcc, 0x52, 0xcc, 0x52,
    0xac, 0x52, 0x4f, 0x6b, 0x73, 0x9c, 0x73, 0xa4, 0x11, 0x8c, 0x32, 0x84,
    0x73, 0x94, 0xb3, 0x94, 0x93, 0x94, 0xb3, 0x94, 0xb3, 0x94, 0x93, 0x94,
    0x93, 0x94, 0x93, 0x94, 0x11, 0x7c, 0x32, 0x7c, 0x32, 0x7c, 0x32, 0x7c,
    0x0d, 0x5b, 0x6a, 0x4a, 0x6a, 0x4a, 0x6a, 0x4a, 0x29, 0x42, 0x38, 0xc6,
    0x90, 0x6b, 0xd4, 0x8c, 0x59, 0xc6, 0x9a, 0xce, 0x73, 0x8c, 0xed, 0x5a,
    0x52, 0x84, 0x7a, 0xce, 0x7a, 0xce, 0xbb, 0xd6, 0x1c, 0xe7, 0x7d, 0xef,
    0x5d, 0xef, 0xdb, 0xde, 0x97, 0xb5, 0x39, 0xc6, 0x9a, 0xd6, 0x39, 0xce,
    0xf7, 0xbd, 0xd7, 0xbd, 0xd7, 0xbd, 0xf7, 0xbd, 0xd7, 0xbd, 0xf8, 0xbd,
    0x39, 0xc6, 0xf8, 0xbd, 0x76, 0xad, 0xd8, 0xbd, 0xf5, 0x94, 0x93, 0x84,
    0x72, 0x84, 0x31, 0x7c, 0x11, 0x74, 0xf1, 0x73, 0x11, 0x74, 0xf1, 0x73,
    0xf0, 0x73, 0x11, 0x74, 0x52, 0x7c, 0xd4, 0x94, 0x96, 0xad, 0xd7, 0xb5,
    0xf8, 0xb5, 0xd7, 0xbd, 0xd7, 0xb5, 0x96, 0xb5, 0x96, 0xb5, 0x75, 0xad,
    0xd7, 0xbd, 0x58, 0xbe, 0x59, 0xc6, 0x9a, 0xc6, 0x7a, 0xc6, 0x7a, 0xc6,
    0x79, 0xc6, 0x38, 0xb6, 0xb7, 0xad, 0xd7, 0xad, 0x38, 0xbe, 0x2d, 0x63,
    0xab, 0x52, 0xab, 0x52, 0xab, 0x52, 0x6a, 0x42, 0xb6, 0xa5, 0xd7, 0xad,
    0xd8, 0xad, 0x18, 0xb6, 0x18, 0xae, 0x19, 0xb6, 0x79, 0xc6, 0x59, 0xbe,
    0x59, 0xbe, 0x39, 0xb6, 0xf7, 0xad, 0xf7, 0xad, 0xf8, 0xb5, 0xf8, 0xb5,
    0xf8, 0xad, 0xd7, 0xad, 0xf8, 0xad, 0x18, 0xb6, 0x38, 0xb6, 0x59, 0xbe,
    0x59, 0xbe, 0x18, 0xb6, 0xd5, 0x84, 0xd4, 0x84, 0xf5, 0x84, 0xd4, 0x84,
    0x94, 0x84, 0x94, 0x84, 0xb4, 0x7c, 0xd4, 0x84, 0x32, 0x74, 0x11, 0x74,
    0x73, 0x84, 0xf5, 0x8c, 0xd5, 0x8c, 0x12, 0x7c, 0x4f, 0x5b, 0xd1, 0x6b,
    0x93, 0x7c, 0x93, 0x7c, 0x94, 0x84, 0x94, 0x84, 0x93, 0x84, 0xb4, 0x84,
    0xb4, 0x84, 0x93, 0x84, 0x93, 0x7c, 0x94, 0x7c, 0x73, 0x7c, 0x32, 0x74,
    0x2f, 0x63, 0xd1, 0x6b, 0xf1, 0x73, 0xf1, 0x73, 0xf1, 0x73, 0x12, 0x74,
    0x12, 0x74, 0x12, 0x74, 0x4e, 0x5b, 0xf2, 0x73, 0x32, 0x7c, 0x53, 0x7c,
    0x53, 0x7c, 0xb1, 0x6b, 0x4f, 0x63, 0x4f, 0x63, 0x90, 0x6b, 0x6f, 0x63,
    0x6f, 0x63, 0x90, 0x6b, 0xd1, 0x73, 0x33, 0x7c, 0xb0, 0x6b, 0xf1, 0x73,
    0x53, 0x7c, 0x53, 0x7c, 0x53, 0x84, 0x52, 0x7c, 0x11, 0x7c, 0xf7, 0xc5,
    0xd6, 0xc5, 0xd7, 0xc5, 0xf7, 0xc5, 0xd6, 0xbd, 0x96, 0xbd, 0x13, 0xad,
    0xb2, 0xac, 0x30, 0x8c, 0x6e, 0x6b, 0x55, 0xad, 0x37, 0xce, 0x37, 0xce,
    0xd3, 0xa4, 0x4a, 0x52, 0xa8, 0x39, 0xe9, 0x41, 0x09, 0x42, 0xe9, 0x41,
    0x09, 0x42, 0xe9, 0x41, 0x09, 0x42, 0xe9, 0x41, 0xe9, 0x41, 0x09, 0x42,
    0xe9, 0x41, 0x09, 0x42, 0x09, 0x42, 0x08, 0x42, 0x09, 0x42, 0x08, 0x3a,
    0xe8, 0x39, 0xe8, 0x41, 0xc8, 0x39, 0xe8, 0x39, 0x0c, 0x63, 0x92, 0x94,
    0x76, 0xad, 0x96, 0xb5, 0x75, 0xad, 0x96, 0xb5, 0x5a, 0xce, 0x35, 0xad,
    0x38, 0xc6, 0xbb, 0xde, 0xba, 0xd6, 0x9a, 0xd6, 0x9a, 0xd6, 0x9a, 0xd6,
    0x9a, 0xd6, 0x9a, 0xd6, 0x9a, 0xd6, 0x9a, 0xd6, 0x9a, 0xd6, 0x9a, 0xd6,
    0x9a, 0xd6, 0x99, 0xd6, 0x9a, 0xd6, 0x9a, 0xd6, 0x79, 0xd6, 0x9a, 0xd6,
    0x9a, 0xd6, 0x79, 0xd6, 0x9a, 0xd6, 0x99, 0xd6, 0x79, 0xd6, 0x79, 0xd6,
    0x99, 0xd6, 0x9a, 0xd6, 0x79, 0xd6, 0x9a, 0xd6, 0x99, 0xd6, 0x79, 0xd6,
    0x7a, 0xd6, 0x99, 0xd6, 0x79, 0xd6, 0x7a, 0xd6, 0x99, 0xd6, 0x9a, 0xd6,
    0x7a, 0xd6, 0x99, 0xd6, 0x9a, 0xd6, 0x7a, 0xd6, 0x79, 0xce, 0x79, 0xd6,
    0x79, 0xce, 0x79, 0xce, 0x79, 0xce, 0x59, 0xce, 0x59, 0xce, 0x59, 0xce,
    0x58, 0xc6, 0x58, 0xc6, 0x58, 0xc6, 0x38, 0xc6, 0x38, 0xc6, 0x38, 0xc6,
    0x38, 0xc6, 0x38, 0xc6, 0x38, 0xc6, 0x38, 0xc6, 0x38, 0xc6, 0x38, 0xc6,
    0x38, 0xc6, 0x38, 0xc6, 0x38, 0xc6, 0x38, 0xc6, 0x58, 0xc6, 0x58, 0xce,
    0x59, 0xce, 0x58, 0xce, 0x59, 0xce, 0x59, 0xce, 0x59, 0xce, 0xb4, 0x8c,
    0xf7, 0xb5, 0x18, 0xb6, 0x17, 0xb6, 0x17, 0xb6, 0x18, 0xb6, 0x17, 0xb6,
    0x17, 0xb6, 0xf7, 0xb5, 0x18, 0xb6, 0xf7, 0xb5, 0xf7, 0xb5, 0x17, 0xb6,
    0x18, 0xbe, 0x31, 0x7c, 0x2a, 0x42, 0x6a, 0x42, 0x6b, 0x4a, 0x8b, 0x4a,
    0x6b, 0x42, 0x6b, 0x4a, 0x6b, 0x4a, 0x8b, 0x42, 0x6e, 0x5b, 0x4e, 0x5b,
    0x4e, 0x5b, 0x6e, 0x63, 0xac, 0x52, 0x6b, 0x4a, 0x8b, 0x4a, 0x8b, 0x4a,
    0x8b, 0x4a, 0x8c, 0x4a, 0x8b, 0x4a, 0xac, 0x52, 0xac, 0x52, 0xcc, 0x52,
    0xcc, 0x52, 0xed, 0x5a, 0xed, 0x52, 0xcd, 0x52, 0xcc, 0x52, 0x4e, 0x6b,
    0x73, 0x9c, 0x93, 0xa4, 0x11, 0x8c, 0x11, 0x84, 0x72, 0x8c, 0xb3, 0x94,
    0xb3, 0x94, 0xb3, 0x94, 0xb3, 0x94, 0x93, 0x94, 0x32, 0x74, 0x52, 0x7c,
    0x32, 0x74, 0x52, 0x7c, 0x0d, 0x53, 0x6a, 0x4a, 0x6a, 0x4a, 0x6a, 0x4a,
    0x29, 0x42, 0x18, 0xc6, 0x8f, 0x6b, 0xd4, 0x8c, 0x18, 0xbe, 0x59, 0xc6,
    0xd3, 0x94, 0xd4, 0x94, 0xf8, 0xbd, 0x5d, 0xef, 0x7e, 0xef, 0x1c, 0xe7,
    0x9a, 0xd6, 0x19, 0xc6, 0x59, 0xce, 0xd8, 0xbd, 0xf8, 0xbd, 0x18, 0xc6,
    0xf8, 0xbd, 0xf7, 0xbd, 0xd7, 0xbd, 0xd7, 0xbd, 0xf8, 0xbd, 0x18, 0xc6,
    0xf8, 0xbd, 0x7a, 0xce, 0x39, 0xc6, 0x39, 0xc6, 0x7a, 0xce, 0x39, 0xc6,
    0xf4, 0x94, 0x73, 0x84, 0x52, 0x7c, 0x32, 0x7c, 0x11, 0x7c, 0x11, 0x74,
    0x11, 0x74, 0x11, 0x74, 0x11, 0x74, 0x31, 0x7c, 0x52, 0x7c, 0x93, 0x84,
    0xd4, 0x94, 0xd4, 0x94, 0x92, 0x94, 0x2d, 0x6b, 0x51, 0x8c, 0x30, 0x84,
    0x30, 0x8c, 0x8d, 0x7b, 0x30, 0x8c, 0xb7, 0xb5, 0x59, 0xc6, 0x79, 0xc6,
    0x79, 0xc6, 0x7a, 0xc6, 0x79, 0xc6, 0x39, 0xbe, 0xf7, 0xad, 0x18, 0xb6,
    0x38, 0xb6, 0x2d, 0x63, 0xab, 0x52, 0xab, 0x4a, 0xab, 0x52, 0x6a, 0x4a,
    0x96, 0xa5, 0xb7, 0xa5, 0xd8, 0xad, 0x19, 0xb6, 0xf8, 0xb5, 0xb7, 0xa5,
    0xd8, 0xad, 0x38, 0xb6, 0x39, 0xbe, 0xd7, 0xad, 0xb7, 0xad, 0xd7, 0xad,
    0xd7, 0xad, 0xf7, 0xad, 0xd7, 0xad, 0x55, 0x9d, 0xf8, 0xb5, 0x18, 0xb6,
    0x39, 0xbe, 0x59, 0xbe, 0x59, 0xbe, 0x18, 0xb6, 0x76, 0x9d, 0xb4, 0x84,
    0xb4, 0x7c, 0x94, 0x84, 0xb4, 0x84, 0xb4, 0x7c, 0xb4, 0x84, 0xd4, 0x84,
    0x52, 0x7c, 0x2e, 0x63, 0x4f, 0x63, 0xb0, 0x6b, 0x73, 0x84, 0x11, 0x7c,
    0x4e, 0x63, 0x90, 0x6b, 0x73, 0x7c, 0x73, 0x7c, 0x93, 0x7c, 0xf1, 0x6b,
    0x94, 0x7c, 0xb3, 0x84, 0x73, 0x7c, 0x12, 0x74, 0xb0, 0x6b, 0x6f, 0x63,
    0x4f, 0x63, 0x2e, 0x5b, 0x4f, 0x5b, 0x4f, 0x5b, 0x4f, 0x5b, 0x4f, 0x5b,
    0x4e, 0x5b, 0x4e, 0x63, 0x4e, 0x63, 0x4f, 0x63, 0x4f, 0x63, 0x90, 0x6b,
    0xd1, 0x73, 0x12, 0x7c, 0x32, 0x7c, 0x4e, 0x63, 0x4f, 0x63, 0x6f, 0x63,
    0x4f, 0x63, 0x4f, 0x63, 0x4f, 0x63, 0x4e, 0x63, 0x4e, 0x5b, 0x6f, 0x63,
    0x6f, 0x63, 0xd0, 0x73, 0x53, 0x84, 0x53, 0x84, 0x52, 0x7c, 0x52, 0x84,
    0xf1, 0x7b, 0xd3, 0x9c, 0xf6, 0xc5, 0xd6, 0xc5, 0xf7, 0xbd, 0xd6, 0xbd,
    0xd6, 0xbd, 0x55, 0xb5, 0xb2, 0xac, 0x92, 0xa4, 0xb2, 0xa4, 0x92, 0xa4,
    0xb2, 0xac, 0x8b, 0x62, 0x88, 0x39, 0x09, 0x42, 0x09, 0x42, 0xe9, 0x41,
    0x09, 0x42, 0x09, 0x42, 0x09, 0x42, 0x09, 0x42, 0x09, 0x42, 0xe9, 0x41,
    0x09, 0x42, 0xe9, 0x41, 0xe9, 0x41, 0xe9, 0x41, 0x08, 0x3a, 0x08, 0x42,
    0x09, 0x42, 0xe8, 0x39, 0xc8, 0x39, 0x6a, 0x4a, 0xf0, 0x83, 0x55, 0xad,
    0x76, 0xb5, 0x75, 0xad, 0x75, 0xb5, 0x75, 0xb5, 0x76, 0xad, 0x55, 0xad,
    0xb7, 0xbd, 0x9a, 0xd6, 0xba, 0xd6, 0x9a, 0xd6, 0x9a, 0xd6, 0x9a, 0xd6,
    0x9a, 0xd6, 0xba, 0xd6, 0x9a, 0xd6, 0x9a, 0xd6, 0x9a, 0xd6, 0x9a, 0xd6,
    0x9a, 0xd6, 0x9a, 0xd6, 0x99, 0xd6, 0x9a, 0xd6, 0x79, 0xd6, 0x79, 0xd6,
    0x9a, 0xd6, 0x79, 0xd6, 0x79, 0xd6, 0x79, 0xce, 0x79, 0xd6, 0x7a, 0xd6,
    0x79, 0xce, 0x7a, 0xd6, 0x79, 0xce, 0x79, 0xd6, 0x7a, 0xd6, 0x79, 0xce,
    0x79, 0xd6, 0x79, 0xd6, 0x7a, 0xd6, 0x79, 0xd6, 0x79, 0xce, 0x59, 0xce,
    0x59, 0xc6, 0x38, 0xc6, 0x18, 0xbe, 0x18, 0xbe, 0xf7, 0xb5, 0xd7, 0xb5,
    0xd7, 0xb5, 0xd7, 0xad, 0xb7, 0xad, 0xb6, 0xad, 0xb6, 0xad, 0xb6, 0xad,
    0xb6, 0xad, 0xb6, 0xad, 0x96, 0xad, 0xb6, 0xad, 0x96, 0xad, 0xb6, 0xad,
    0xb6, 0xb5, 0xb6, 0xad, 0xb6, 0xad, 0xd7, 0xb5, 0xb6, 0xad, 0xb6, 0xad,
    0xb7, 0xad, 0xb6, 0xad, 0xb6, 0xad, 0xb6, 0xad, 0xb6, 0xad, 0xb6, 0xad,
    0xb6, 0xad, 0xb7, 0xad, 0xb6, 0xad, 0xb6, 0xad, 0xb7, 0xad, 0xb6, 0xb5,
    0xb6, 0xad, 0x53, 0x7c, 0xf7, 0xb5, 0x18, 0xb6, 0x18, 0xb6, 0xf7, 0xb5,
    0x18, 0xb6, 0x17, 0xb6, 0xf7, 0xb5, 0x18, 0xb6, 0x17, 0xb6, 0xf8, 0xb5,
    0xf7, 0xb5, 0x17, 0xb6, 0xf7, 0xb5, 0x18, 0xb6, 0xb6, 0xad, 0x0d, 0x5b,
    0x2a, 0x42, 0x6a, 0x42, 0x8b, 0x4a, 0x6a, 0x4a, 0x6b, 0x4a, 0x6b, 0x4a,
    0xab, 0x4a, 0x2e, 0x5b, 0x2e, 0x5b, 0xcc, 0x52, 0x8b, 0x4a, 0x8b, 0x4a,
    0x8b, 0x4a, 0x8b, 0x4a, 0x8b, 0x4a, 0x8c, 0x4a, 0xac, 0x52, 0xac, 0x52,
    0xcc, 0x52, 0xcd, 0x52, 0xcd, 0x5a, 0xcc, 0x52, 0xed, 0x5a, 0xed, 0x5a,
    0xec, 0x52, 0xed, 0x52, 0xec, 0x52, 0x0d, 0x63, 0x12, 0x8c, 0xb4, 0xa4,
    0x31, 0x94, 0xf1, 0x83, 0x72, 0x8c, 0xb3, 0x94, 0x93, 0x8c, 0x93, 0x94,
    0x32, 0x7c, 0x52, 0x7c, 0x52, 0x7c, 0x73, 0x7c, 0x0d, 0x5b, 0x6a, 0x4a,
    0x6a, 0x4a, 0x6a, 0x4a, 0x08, 0x3a, 0x18, 0xbe, 0xd0, 0x73, 0x76, 0xad,
    0x9b, 0xce, 0xdc, 0xde, 0x39, 0xc6, 0xf7, 0xbd, 0x18, 0xc6, 0xdb, 0xde,
    0x59, 0xc6, 0x59, 0xc6, 0x9a, 0xd6, 0x3d, 0xe7, 0xbb, 0xd6, 0xd7, 0xbd,
    0x18, 0xc6, 0x18, 0xc6, 0xf8, 0xbd, 0xf8, 0xbd, 0x59, 0xce, 0xfc, 0xde,
    0xdc, 0xde, 0x59, 0xce, 0x7a, 0xce, 0x35, 0xa5, 0xd0, 0x73, 0x11, 0x7c,
    0x76, 0xad, 0x39, 0xbe, 0x15, 0x95, 0x93, 0x84, 0x52, 0x7c, 0x31, 0x7c,
    0x11, 0x74, 0x11, 0x74, 0x11, 0x7c, 0x11, 0x74, 0x11, 0x74, 0x11, 0x7c,
    0x52, 0x7c, 0xf5, 0x9c, 0xb7, 0xb5, 0xcb, 0x5a, 0xca, 0x62, 0x6c, 0x73,
    0xca, 0x62, 0xeb, 0x6a, 0xeb, 0x6a, 0xca, 0x6a, 0xcf, 0x83, 0xf4, 0xa4,
    0x59, 0xbe, 0x79, 0xc6, 0x79, 0xc6, 0x7a, 0xc6, 0x7a, 0xc6, 0x39, 0xbe,
    0x38, 0xb6, 0x39, 0xbe, 0x38, 0xb6, 0x4d, 0x63, 0xab, 0x52, 0xab, 0x52,
    0xaa, 0x52, 0x6a, 0x4a, 0x76, 0xa5, 0xb7, 0xa5, 0xb7, 0xa5, 0xb7, 0xa5,
    0x96, 0xa5, 0x35, 0x9d, 0x15, 0x8d, 0x76, 0x9d, 0x97, 0xa5, 0xb6, 0xa5,
    0xb7, 0xa5, 0xb7, 0xa5, 0xd7, 0xa5, 0xd7, 0xad, 0x76, 0x9d, 0x35, 0x95,
    0x18, 0xb6, 0x18, 0xb6, 0x59, 0xbe, 0x39, 0xbe, 0x18, 0xb6, 0xf8, 0xad,
    0x56, 0x9d, 0x93, 0x7c, 0x94, 0x7c, 0x53, 0x74, 0xf1, 0x6b, 0xd0, 0x6b,
    0xb0, 0x6b, 0xd0, 0x6b, 0x11, 0x74, 0x4f, 0x63, 0x4f, 0x63, 0x4e, 0x63,
    0x2e, 0x63, 0x4f, 0x63, 0x4f, 0x63, 0x8f, 0x63, 0x72, 0x7c, 0x73, 0x74,
    0x52, 0x7c, 0xb0, 0x63, 0x52, 0x7c, 0xb0, 0x6b, 0x4e, 0x5b, 0x4f, 0x63,
    0x4f, 0x63, 0x4f, 0x63, 0x4f, 0x63, 0x4f, 0x63, 0x4e, 0x63, 0x4f, 0x63,
    0x4f, 0x63, 0x4f, 0x63, 0x4f, 0x63, 0x4f, 0x63, 0x4f, 0x63, 0x4f, 0x63,
    0x2e, 0x5b, 0x4e, 0x63, 0x4f, 0x63, 0x2e, 0x5b, 0x2e, 0x63, 0x4e, 0x63,
    0x4f, 0x63, 0xb0, 0x73, 0xd0, 0x73, 0xb0, 0x6b, 0x6f, 0x63, 0x4e, 0x63,
    0x4e, 0x63, 0x4e, 0x63, 0x4e, 0x63, 0x2e, 0x63, 0x6f, 0x63, 0xd1, 0x73,
    0x32, 0x84, 0x32, 0x84, 0xf1, 0x7b, 0x8f, 0x73, 0xd6, 0xc5, 0xd6, 0xbd,
    0xd6, 0xc5, 0xd6, 0xbd, 0xd7, 0xbd, 0xd6, 0xbd, 0x14, 0xb5, 0x72, 0xac,
    0x51, 0xa4, 0x71, 0xac, 0x51, 0xa4, 0x71, 0xac, 0x8e, 0x83, 0xc9, 0x41,
    0x09, 0x42, 0x09, 0x42, 0x09, 0x42, 0x09, 0x42, 0x09, 0x42, 0x09, 0x42,
    0x0a, 0x42, 0xe9, 0x41, 0xe9, 0x41, 0xe9, 0x41, 0xe9, 0x41, 0x09, 0x42,
    0x08, 0x3a, 0xc8, 0x39, 0xe8, 0x41, 0x0d, 0x63, 0xb3, 0x94, 0x75, 0xb5,
    0x75, 0xad, 0x75, 0xad, 0x75, 0xb5, 0x76, 0xb5, 0x76, 0xad, 0x75, 0xad,
    0x76, 0xb5, 0x38, 0xce, 0xba, 0xd6, 0x9a, 0xd6, 0xba, 0xd6, 0xba, 0xd6,
    0x9a, 0xd6, 0x9a, 0xd6, 0xba, 0xd6, 0x9a, 0xd6, 0x9a, 0xd6, 0x9a, 0xd6,
    0x9a, 0xd6, 0x9a, 0xd6, 0x9a, 0xd6, 0x99, 0xd6, 0x9a, 0xd6, 0x7a, 0xd6,
    0x79, 0xce, 0x79, 0xce, 0x7a, 0xd6, 0x79, 0xce, 0xfb, 0xde, 0x9a, 0xd6,
    0x79, 0xce, 0x79, 0xce, 0x79, 0xce, 0x79, 0xce, 0x79, 0xce, 0x59, 0xce,
    0x59, 0xc6, 0x39, 0xc6, 0x18, 0xc6, 0xf7, 0xbd, 0xd7, 0xb5, 0xb7, 0xb5,
    0xb7, 0xad, 0x96, 0xad, 0x96, 0xad, 0x96, 0xad, 0xb7, 0xad, 0xb6, 0xad,
    0xb6, 0xad, 0xb7, 0xad, 0xb6, 0xad, 0xb7, 0xad, 0xb7, 0xad, 0xb6, 0xad,
    0xb6, 0xad, 0xb7, 0xad, 0xb7, 0xad, 0xb6, 0xad, 0xb7, 0xb5, 0xb7, 0xb5,
    0xb6, 0xad, 0xb7, 0xb5, 0xb7, 0xb5, 0xb6, 0xad, 0x39, 0xc6, 0x5e, 0xef,
    0xb7, 0xad, 0xd7, 0xad, 0xd7, 0xad, 0xb7, 0xad, 0xd7, 0xad, 0xd7, 0xad,
    0xd7, 0xad, 0xd7, 0xb5, 0xd7, 0xb5, 0xd7, 0xb5, 0xd7, 0xb5, 0xd7, 0xb5,
    0xd7, 0xb5, 0xd7, 0xb5, 0xd7, 0xb5, 0x73, 0x84, 0xf7, 0xb5, 0x18, 0xb6,
    0xf7, 0xb5, 0xf8, 0xb5, 0x18, 0xb6, 0x17, 0xb6, 0x17, 0xb6, 0x17, 0xb6,
    0x17, 0xb6, 0x18, 0xb6, 0x18, 0xb6, 0xf7, 0xb5, 0x18, 0xb6, 0xf7, 0xb5,
    0xf7, 0xb5, 0x38, 0xb6, 0xf4, 0x94, 0xcc, 0x52, 0x4a, 0x42, 0x6b, 0x4a,
    0x6b, 0x4a, 0x8b, 0x4a, 0x6b, 0x4a, 0x6b, 0x4a, 0x6b, 0x4a, 0x6b, 0x4a,
    0x8b, 0x4a, 0x8b, 0x4a, 0x8b, 0x4a, 0x8b, 0x4a, 0x8c, 0x4a, 0x8b, 0x4a,
    0xac, 0x52, 0xcc, 0x52, 0xcd, 0x52, 0xcd, 0x52, 0xcd, 0x52, 0xcc, 0x52,
    0xcd, 0x5a, 0xed, 0x5a, 0xed, 0x52, 0xed, 0x5a, 0x0d, 0x5b, 0x0d, 0x5b,
    0xed, 0x52, 0x0d, 0x5b, 0xd0, 0x7b, 0x72, 0x9c, 0x93, 0xa4, 0x31, 0x8c,
    0x10, 0x84, 0x73, 0x8c, 0x32, 0x7c, 0x73, 0x84, 0x73, 0x7c, 0x93, 0x84,
    0x0d, 0x5b, 0x4a, 0x42, 0x4a, 0x42, 0x0c, 0x5b, 0x10, 0x7c, 0xfc, 0xde,
    0x39, 0xc6, 0x7a, 0xce, 0xbb, 0xd6, 0xfc, 0xe6, 0x39, 0xc6, 0xd7, 0xbd,
    0xf8, 0xc5, 0x9a, 0xd6, 0x1c, 0xe7, 0x1d, 0xe7, 0x5d, 0xef, 0x9e, 0xf7,
    0xd8, 0xbd, 0xf8, 0xbd, 0x18, 0xc6, 0xf8, 0xbd, 0x5a, 0xce, 0x1c, 0xe7,
    0x7e, 0xf7, 0x7e, 0xef, 0xfc, 0xde, 0xf8, 0xbd, 0x18, 0xbe, 0x39, 0xc6,
    0x36, 0xa5, 0x31, 0x7c, 0xb0, 0x73, 0xb3, 0x8c, 0xb8, 0xb5, 0xf9, 0xbd,
    0xd4, 0x8c, 0x11, 0x74, 0x12, 0x74, 0x31, 0x7c, 0x11, 0x7c, 0x11, 0x74,
    0x11, 0x74, 0x11, 0x74, 0x52, 0x7c, 0x56, 0xa5, 0x35, 0xa5, 0xeb, 0x62,
    0xeb, 0x62, 0x4c, 0x6b, 0xcb, 0x62, 0x2c, 0x6b, 0x2c, 0x6b, 0x2c, 0x6b,
    0xeb, 0x6a, 0xd2, 0x9c, 0x14, 0x9d, 0x79, 0xc6, 0x9a, 0xc6, 0xf7, 0xb5,
    0x96, 0xa5, 0x76, 0xa5, 0xf7, 0xb5, 0x38, 0xb6, 0x38, 0xb6, 0x4d, 0x63,
    0xab, 0x52, 0xab, 0x52, 0xab, 0x52, 0x6a, 0x42, 0x75, 0xa5, 0x97, 0xa5,
    0x76, 0x9d, 0x55, 0x95, 0xd4, 0x8c, 0x93, 0x84, 0x93, 0x84, 0xd4, 0x8c,
    0x76, 0x9d, 0xb6, 0xa5, 0xb6, 0xa5, 0xb7, 0xa5, 0xb6, 0xa5, 0xb7, 0xa5,
    0xd3, 0x8c, 0x76, 0x9d, 0xf8, 0xad, 0xf8, 0xad, 0x97, 0xa5, 0xb7, 0xa5,
    0xb8, 0xa5, 0xb7, 0xa5, 0xb7, 0xa5, 0xf5, 0x8c, 0xb4, 0x7c, 0x73, 0x7c,
    0xf1, 0x6b, 0x6f, 0x63, 0x4e, 0x5b, 0x4f, 0x63, 0x4e, 0x63, 0x6f, 0x63,
    0x4f, 0x63, 0x4e, 0x63, 0x4e, 0x63, 0x4f, 0x63, 0x4f, 0x63, 0x90, 0x6b,
    0x32, 0x74, 0xf1, 0x6b, 0xb0, 0x63, 0x6f, 0x63, 0x4f, 0x63, 0x6f, 0x63,
    0x6f, 0x6b, 0xf1, 0x7b, 0x52, 0x7c, 0x52, 0x7c, 0x52, 0x7c, 0x32, 0x74,
    0x11, 0x74, 0x4f, 0x5b, 0xd0, 0x6b, 0xd0, 0x6b, 0xb0, 0x6b, 0x90, 0x63,
    0x8f, 0x63, 0x4f, 0x63, 0x4f, 0x5b, 0x4e, 0x63, 0x4f, 0x63, 0x4f, 0x63,
    0x4f, 0x63, 0x4e, 0x63, 0x2e, 0x63, 0x4e, 0x63, 0xaf, 0x73, 0x11, 0x7c,
    0x32, 0x84, 0xd1, 0x73, 0x6f, 0x6b, 0x2e, 0x63, 0x2e, 0x63, 0x2e, 0x63,
    0x2e, 0x63, 0x2e, 0x63, 0x4e, 0x63, 0x8f, 0x6b, 0xb0, 0x73, 0x2e, 0x63,
    0x92, 0x9c, 0xb5, 0xc5, 0xd6, 0xbd, 0xd7, 0xbd, 0xd6, 0xbd, 0xd6, 0xbd,
    0x75, 0xbd, 0xd3, 0xac, 0x92, 0xac, 0x72, 0xac, 0x51, 0xa4, 0x51, 0xa4,
    0x71, 0xac, 0x4a, 0x52, 0xe9, 0x41, 0x09, 0x42, 0x0a, 0x42, 0xe9, 0x41,
    0xe9, 0x41, 0xe9, 0x41, 0xe9, 0x41, 0x09, 0x42, 0xe9, 0x41, 0xe9, 0x41,
    0x09, 0x3a, 0xe8, 0x39, 0x4a, 0x4a, 0x6e, 0x73, 0xd3, 0x9c, 0x75, 0xb5,
    0x75, 0xad, 0x75, 0xb5, 0x76, 0xb5, 0x75, 0xb5, 0x96, 0xb5, 0x76, 0xb5,
    0x96, 0xad, 0x18, 0xc6, 0x9a, 0xd6, 0x9a, 0xd6, 0x9a, 0xd6, 0x9a, 0xd6,
    0x9a, 0xd6, 0x9a, 0xd6, 0x9a, 0xd6, 0x9a, 0xd6, 0x9a, 0xde, 0x9a, 0xd6,
    0x9a, 0xd6, 0x9a, 0xd6, 0x9a, 0xd6, 0x9a, 0xd6, 0x9a, 0xd6, 0x9a, 0xd6,
    0x99, 0xd6, 0x7a, 0xd6, 0x79, 0xce, 0x59, 0xce, 0x39, 0xc6, 0x18, 0xc6,
    0xfc, 0xde, 0x18, 0xc6, 0xf8, 0xbd, 0xf7, 0xbd, 0xd7, 0xb5, 0xb7, 0xb5,
    0xb6, 0xb5, 0xb6, 0xad, 0x96, 0xad, 0xb6, 0xad, 0xb6, 0xad, 0xb6, 0xad,
    0xb7, 0xad, 0x97, 0xad, 0x96, 0xad, 0xb7, 0xad, 0xb6, 0xad, 0x97, 0xad,
    0x96, 0xad, 0xb6, 0xad, 0xb7, 0xad, 0xb7, 0xad, 0xb6, 0xad, 0xb6, 0xad,
    0xb7, 0xad, 0xb7, 0xad, 0xb6, 0xad, 0xb6, 0xad, 0xb6, 0xad, 0xb6, 0xad,
    0xb6, 0xad, 0xb6, 0xad, 0xb6, 0xad, 0xb6, 0xad, 0xb6, 0xad, 0xb6, 0xad,
    0xb6, 0xad, 0xd6, 0xb5, 0xb7, 0xad, 0xd7, 0xad, 0xb6, 0xb5, 0xb7, 0xad,
    0xd6, 0xad, 0xb6, 0xb5, 0xb6, 0xad, 0xd7, 0xad, 0xd7, 0xad, 0xd6, 0xad,
    0xd7, 0xb5, 0xd7, 0xb5, 0xd7, 0xb5, 0xd7, 0xb5, 0xd6, 0xb5, 0x73, 0x7c,
    0x17, 0xb6, 0xf7, 0xb5, 0x17, 0xbe, 0xf8, 0xb5, 0x17, 0xb6, 0x17, 0xb6,
    0xf8, 0xb5, 0x17, 0xb6, 0x17, 0xb6, 0x17, 0xb6, 0x17, 0xb6, 0x17, 0xb6,
    0x18, 0xb6, 0x18, 0xb6, 0xf7, 0xb5, 0xf7, 0xad, 0xf7, 0xb5, 0x18, 0xb6,
    0x52, 0x84, 0x6a, 0x42, 0x6a, 0x42, 0x6b, 0x4a, 0x8b, 0x42, 0x09, 0x52,
    0x2a, 0x52, 0x6b, 0x4a, 0x8b, 0x4a, 0x8b, 0x4a, 0x8b, 0x4a, 0x8c, 0x4a,
    0x8c, 0x4a, 0xac, 0x4a, 0xac, 0x4a, 0xcc, 0x52, 0xec, 0x52, 0xed, 0x52,
    0xed, 0x52, 0xed, 0x52, 0xed, 0x52, 0xed, 0x52, 0x0d, 0x5b, 0x0d, 0x5b,
    0x0d, 0x5b, 0x0e, 0x5b, 0x0e, 0x5b, 0x0e, 0x5b, 0x0d, 0x5b, 0xed, 0x52,
    0x2e, 0x63, 0x72, 0x94, 0x14, 0xb5, 0xb2, 0x9c, 0xaf, 0x73, 0x32, 0x7c,
    0x52, 0x7c, 0x93, 0x84, 0x0d, 0x5b, 0x4e, 0x63, 0xd3, 0x94, 0xd7, 0xbd,
    0xd7, 0xbd, 0x1c, 0xe7, 0x59, 0xce, 0x7a, 0xce, 0x59, 0xce, 0x59, 0xce,
    0xf8, 0xc5, 0xf8, 0xbd, 0xf8, 0xbd, 0x9a, 0xd6, 0xbb, 0xde, 0x9a, 0xd6,
    0x7e, 0xef, 0xbb, 0xd6, 0xb7, 0xbd, 0xf8, 0xbd, 0x18, 0xc6, 0xdb, 0xde,
    0x5d, 0xef, 0x5d, 0xef, 0x3d, 0xe7, 0xfc, 0xde, 0x5a, 0xc6, 0x52, 0x7c,
    0xd3, 0x8c, 0x9b, 0xce, 0x9a, 0xce, 0x39, 0xc6, 0xd0, 0x73, 0x6f, 0x63,
    0x32, 0x84, 0x97, 0xad, 0x94, 0x8c, 0x31, 0x7c, 0x32, 0x7c, 0x11, 0x74,
    0x12, 0x74, 0x11, 0x74, 0x11, 0x74, 0x93, 0x84, 0x56, 0xa5, 0xd8, 0xb5,
    0x92, 0x8c, 0x6d, 0x73, 0xaa, 0x62, 0x2c, 0x6b, 0xcb, 0x62, 0x6d, 0x73,
    0xcb, 0x62, 0x0c, 0x6b, 0xeb, 0x6a, 0xeb, 0x6a, 0xd3, 0x9c, 0x38, 0xbe,
    0x96, 0xad, 0x92, 0x84, 0xb3, 0x8c, 0x97, 0xad, 0x59, 0xbe, 0x38, 0xb6,
    0x18, 0xb6, 0x4d, 0x63, 0xab, 0x52, 0xab, 0x52, 0xab, 0x52, 0x6a, 0x4a,
    0x75, 0x9d, 0x76, 0x9d, 0x15, 0x95, 0xb3, 0x84, 0x73, 0x7c, 0x72, 0x7c,
    0x52, 0x7c, 0x93, 0x7c, 0x35, 0x95, 0x96, 0xa5, 0xb6, 0xa5, 0xb6, 0xa5,
    0xb7, 0xad, 0x96, 0xa5, 0x31, 0x7c, 0xb7, 0xa5, 0xd7, 0xad, 0xb7, 0xa5,
    0x56, 0x95, 0x35, 0x95, 0x35, 0x95, 0x56, 0x95, 0x76, 0x9d, 0xf5, 0x8c,
    0x94, 0x7c, 0x73, 0x7c, 0x73, 0x7c, 0x16, 0x95, 0x11, 0x74, 0x2e, 0x63,
    0x4f, 0x63, 0x6e, 0x63, 0x4e, 0x63, 0x4f, 0x63, 0x4f, 0x63, 0x4e, 0x63,
    0x4e, 0x63, 0x4f, 0x63, 0x4f, 0x63, 0x4e, 0x63, 0x4f, 0x63, 0x4f, 0x63,
    0x2e, 0x63, 0x2e, 0x63, 0x11, 0x7c, 0x73, 0x84, 0x72, 0x84, 0x73, 0x7c,
    0x52, 0x7c, 0x52, 0x7c, 0x52, 0x74, 0x90, 0x63, 0xf1, 0x6b, 0x53, 0x74,
    0x52, 0x74, 0x52, 0x74, 0x52, 0x74, 0xb1, 0x6b, 0xb0, 0x63, 0xd0, 0x6b,
    0x90, 0x63, 0x4e, 0x63, 0x4f, 0x63, 0x4e, 0x63, 0x4e, 0x63, 0x2e, 0x63,
    0x2e, 0x63, 0x2e, 0x63, 0x6f, 0x6b, 0xf1, 0x7b, 0x32, 0x84, 0xf1, 0x7b,
    0x6f, 0x6b, 0x2e, 0x63, 0x2e, 0x63, 0x2e, 0x63, 0x2e, 0x5b, 0xcd, 0x52,
    0x0d, 0x63, 0x72, 0x94, 0x95, 0xbd, 0x96, 0xbd, 0x96, 0xc5, 0xb6, 0xbd,
    0xd6, 0xbd, 0xd7, 0xbd, 0xb6, 0xbd, 0x14, 0xb5, 0xb3, 0xac, 0xb3, 0xac,
    0x72, 0xa4, 0x51, 0xa4, 0x71, 0xac, 0xcb, 0x62, 0xe9, 0x41, 0xe9, 0x41,
    0xe9, 0x41, 0xe9, 0x41, 0xe9, 0x41, 0xe9, 0x41, 0x09, 0x42, 0x09, 0x42,
    0xe9, 0x41, 0xe8, 0x41, 0xab, 0x52, 0x31, 0x8c, 0x14, 0xa5, 0x55, 0xad,
    0x76, 0xb5, 0x96, 0xb5, 0x96, 0xb5, 0x96, 0xb5, 0x96, 0xb5, 0x76, 0xad,
    0x75, 0xad, 0xd7, 0xbd, 0x79, 0xce, 0x79, 0xd6, 0x99, 0xd6, 0x9a, 0xd6,
    0x79, 0xd6, 0x9a, 0xd6, 0x99, 0xd6, 0x9a, 0xd6, 0x9a, 0xd6, 0x9a, 0xd6,
    0x9a, 0xd6, 0x9a, 0xde, 0xba, 0xd6, 0x9a, 0xd6, 0x79, 0xce, 0x59, 0xce,
    0x18, 0xc6, 0xd7, 0xbd, 0xb7, 0xb5, 0x96, 0xad, 0x76, 0xad, 0x76, 0xad,
    0x75, 0xad, 0x75, 0xad, 0x75, 0xad, 0x76, 0xa5, 0x76, 0xad, 0x76, 0xad,
    0x76, 0xad, 0x96, 0xad, 0x96, 0xad, 0x96, 0xad, 0x96, 0xad, 0x96, 0xad,
    0x97, 0xad, 0x96, 0xad, 0x96, 0xad, 0xb6, 0xad, 0xb6, 0xad, 0xb6, 0xad,
    0xb7, 0xad, 0xb6, 0xad, 0xb6, 0xad, 0xb7, 0xad, 0xb6, 0xad, 0xb6, 0xad,
    0xb7, 0xad, 0xb6, 0xad, 0xb6, 0xad, 0xb6, 0xad, 0xb7, 0xad, 0xb7, 0xad,
    0xb6, 0xad, 0xb6, 0xad, 0xb6, 0xad, 0xb6, 0xad, 0xb6, 0xad, 0xb6, 0xad,
    0xb7, 0xad, 0xb7, 0xad, 0xb7, 0xad, 0xb7, 0xad, 0xb6, 0xad, 0xb6, 0xad,
    0xb6, 0xad, 0xb6, 0xad, 0xb7, 0xad, 0xb7, 0xad, 0xb7, 0xad, 0xd7, 0xad,
    0xb7, 0xad, 0xd7, 0xad, 0xb6, 0xad, 0xb6, 0xad, 0xb6, 0xad, 0xd7, 0xad,
    0xd7, 0xad, 0x73, 0x84, 0xf7, 0xb5, 0x17, 0xb6, 0x17, 0xb6, 0xf7, 0xb5,
    0xf7, 0xb5, 0x17, 0xb6, 0x17, 0xb6, 0xf8, 0xb5, 0xf7, 0xb5, 0x17, 0xb6,
    0x18, 0xb6, 0xf7, 0xb5, 0x17, 0xb6, 0x17, 0xb6, 0xf8, 0xb5, 0xf7, 0xad,
    0xf7, 0xad, 0xd7, 0xad, 0xf8, 0xb5, 0xd8, 0xad, 0xd0, 0x73, 0x4a, 0x42,
    0x6a, 0x4a, 0xe8, 0x59, 0x29, 0x62, 0x8b, 0x52, 0x8b, 0x4a, 0x6b, 0x4a,
    0x8b, 0x4a, 0x8b, 0x4a, 0xab, 0x4a, 0xac, 0x4a, 0xcc, 0x52, 0xcd, 0x52,
    0xed, 0x52, 0xec, 0x52, 0xed, 0x5a, 0xed, 0x52, 0xed, 0x52, 0xed, 0x52,
    0xed, 0x52, 0x0d, 0x5b, 0x0d, 0x53, 0x0d, 0x5b, 0x0e, 0x5b, 0x0d, 0x5b,
    0x0e, 0x5b, 0x0d, 0x5b, 0x0d, 0x5b, 0xcd, 0x52, 0xcd, 0x52, 0xd0, 0x7b,
    0x95, 0xbd, 0xf7, 0xc5, 0xf4, 0x9c, 0x93, 0x84, 0x35, 0xa5, 0xd7, 0xb5,
    0xf7, 0xbd, 0xd7, 0xbd, 0xd7, 0xbd, 0x1c, 0xe7, 0x59, 0xce, 0x59, 0xce,
    0x59, 0xce, 0x18, 0xc6, 0x18, 0xc6, 0xf8, 0xbd, 0xd7, 0xbd, 0x19, 0xc6,
    0x39, 0xc6, 0x59, 0xce, 0x9e, 0xf7, 0xd7, 0xbd, 0xd8, 0xbd, 0x18, 0xc6,
    0xfc, 0xde, 0x3c, 0xe7, 0xfc, 0xde, 0xbb, 0xd6, 0x9b, 0xce, 0x9b, 0xce,
    0x19, 0xbe, 0xb0, 0x6b, 0xb3, 0x8c, 0x9b, 0xd6, 0xbb, 0xd6, 0xf8, 0xbd,
    0x0d, 0x5b, 0x2e, 0x63, 0x6f, 0x6b, 0xd1, 0x73, 0xf1, 0x73, 0xd0, 0x6b,
    0xf0, 0x73, 0xf1, 0x73, 0x11, 0x74, 0x32, 0x7c, 0x32, 0x7c, 0x77, 0xa5,
    0xf8, 0xbd, 0x39, 0xc6, 0x72, 0x8c, 0xca, 0x62, 0x89, 0x5a, 0x2c, 0x6b,
    0xca, 0x62, 0x0b, 0x6b, 0x2c, 0x73, 0x4c, 0x73, 0x0c, 0x6b, 0x0c, 0x6b,
    0x0c, 0x63, 0x51, 0x84, 0xcf, 0x73, 0x72, 0x84, 0xd7, 0xad, 0x18, 0xb6,
    0x18, 0xb6, 0x38, 0xb6, 0x18, 0xb6, 0x4d, 0x63, 0xab, 0x52, 0xab, 0x52,
    0xab, 0x4a, 0x6a, 0x4a, 0x76, 0xa5, 0x97, 0x9d, 0xd4, 0x8c, 0x72, 0x7c,
    0x52, 0x7c, 0x52, 0x7c, 0x32, 0x74, 0x32, 0x74, 0x93, 0x84, 0x76, 0x9d,
    0xb6, 0xa5, 0xb7, 0xa5, 0xb7, 0xa5, 0x15, 0x95, 0x11, 0x74, 0xb7, 0xa5,
    0xd7, 0xad, 0xd7, 0xad, 0x35, 0x95, 0x15, 0x95, 0x15, 0x95, 0x15, 0x8d,
    0xd5, 0x84, 0xf5, 0x8c, 0x93, 0x7c, 0x73, 0x7c, 0x73, 0x7c, 0xd4, 0x84,
    0x97, 0x9d, 0xf5, 0x8c, 0x90, 0x63, 0x4e, 0x63, 0x4e, 0x63, 0x4f, 0x63,
    0xb0, 0x63, 0x6f, 0x63, 0x6f, 0x6b, 0x6f, 0x63, 0x4e, 0x63, 0x2e, 0x63,
    0x4e, 0x63, 0x6f, 0x6b, 0xb0, 0x73, 0x32, 0x84, 0x73, 0x8c, 0x73, 0x84,
    0x73, 0x84, 0x73, 0x84, 0x73, 0x7c, 0x52, 0x7c, 0x52, 0x7c, 0xd1, 0x6b,
    0xd0, 0x63, 0x53, 0x7c, 0x53, 0x74, 0x52, 0x74, 0x52, 0x74, 0xb0, 0x63,
    0x12, 0x6c, 0x73, 0x74, 0x32, 0x6c, 0x4f, 0x63, 0x4f, 0x63, 0x6f, 0x63,
    0x4f, 0x63, 0x2e, 0x63, 0x4e, 0x63, 0x4e, 0x63, 0x2e, 0x63, 0x2e, 0x63,
    0x6f, 0x6b, 0x11, 0x7c, 0x52, 0x84, 0x4f, 0x63, 0x0e, 0x5b, 0xed, 0x5a,
    0xcf, 0x7b, 0x74, 0xb5, 0x78, 0xd6, 0x57, 0xd6, 0xf3, 0xa4, 0xb2, 0xa4,
    0x96, 0xbd, 0xb6, 0xbd, 0xd6, 0xbd, 0xb6, 0xbd, 0xb6, 0xbd, 0x54, 0xb5,
    0xf3, 0xac, 0xf4, 0xb4, 0x72, 0xac, 0x51, 0xa4, 0x71, 0xac, 0xab, 0x62,
    0xe9, 0x41, 0xe9, 0x41, 0xe9, 0x41, 0xe9, 0x41, 0x09, 0x42, 0xe9, 0x41,
    0xc9, 0x39, 0x0a, 0x42, 0x4e, 0x6b, 0xb3, 0x94, 0x35, 0xad, 0x55, 0xad,
    0x96, 0xb5, 0x96, 0xb5, 0x96, 0xb5, 0x96, 0xb5, 0x96, 0xb5, 0x75, 0xad,
    0x75, 0xad, 0xb7, 0xb5, 0x38, 0xc6, 0x79, 0xce, 0x59, 0xce, 0x79, 0xce,
    0x79, 0xd6, 0x9a, 0xd6, 0x79, 0xd6, 0x79, 0xce, 0x59, 0xce, 0x38, 0xce,
    0x18, 0xc6, 0xf7, 0xbd, 0xd7, 0xbd, 0xb7, 0xb5, 0x96, 0xad, 0x96, 0xad,
    0x76, 0xad, 0x76, 0xa5, 0x76, 0xa5, 0x96, 0xad, 0x96, 0xa5, 0x96, 0xad,
    0x96, 0xad, 0x95, 0xad, 0x96, 0xad, 0x76, 0xa5, 0x76, 0xad, 0x76, 0xad,
    0x76, 0xad, 0x96, 0xad, 0x96, 0xad, 0x76, 0xad, 0x76, 0xad, 0x96, 0xad,
    0x97, 0xad, 0x96, 0xad, 0x97, 0xad, 0xb7, 0xad, 0xb6, 0xad, 0xb7, 0xad,
    0xb6, 0xad, 0xb7, 0xad, 0xb6, 0xad, 0xb6, 0xad, 0xb7, 0xad, 0x96, 0xad,
    0xb6, 0xad, 0x96, 0xad, 0xb7, 0xad, 0xb6, 0xad, 0x96, 0xad, 0xb6, 0xad,
    0xb6, 0xad, 0xb7, 0xad, 0xb6, 0xad, 0xb6, 0xad, 0xb7, 0xad, 0xb7, 0xad,
    0xb6, 0xad, 0x96, 0xad, 0xb6, 0xad, 0xb6, 0xad, 0xb6, 0xad, 0xb6, 0xad,
    0xb7, 0xad, 0xb6, 0xad, 0xb7, 0xad, 0xb6, 0xad, 0xd7, 0xad, 0xb6, 0xad,
    0xb6, 0xad, 0xb6, 0xb5, 0xb7, 0xad, 0xb6, 0xad, 0xf7, 0xb5, 0xd9, 0xde,
    0x99, 0xd6, 0xb7, 0xad, 0xd7, 0xb5, 0x53, 0x7c, 0xf7, 0xb5, 0x18, 0xb6,
    0xf7, 0xb5, 0x17, 0xbe, 0xf8, 0xb5, 0xf7, 0xb5, 0x17, 0xb6, 0x17, 0xb6,
    0x17, 0xb6, 0x18, 0xb6, 0x17, 0xb6, 0xf7, 0xb5, 0x17, 0xb6, 0x18, 0xb6,
    0xf7, 0xb5, 0xf7, 0xb5, 0xf7, 0xb5, 0xf7, 0xb5, 0xf7, 0xad, 0xf7, 0xb5,
    0x18, 0xb6, 0x96, 0xa5, 0x2d, 0x63, 0xc8, 0x61, 0x4a, 0x6a, 0x8b, 0x5a,
    0x8b, 0x4a, 0x8b, 0x4a, 0x8b, 0x4a, 0xab, 0x4a, 0xac, 0x4a, 0xac, 0x52,
    0xcc, 0x52, 0xec, 0x52, 0xed, 0x52, 0xed, 0x52, 0xec, 0x5a, 0xec, 0x52,
    0xed, 0x5a, 0xed, 0x5a, 0xed, 0x52, 0x0d, 0x5b, 0x0d, 0x53, 0x0e, 0x5b,
    0x0d, 0x53, 0x0d, 0x53, 0x0e, 0x5b, 0x0d, 0x53, 0x0d, 0x53, 0xed, 0x52,
    0x0d, 0x5b, 0xed, 0x52, 0xac, 0x4a, 0x6f, 0x6b, 0xf7, 0xc5, 0x5c, 0xef,
    0x7a, 0xce, 0xf7, 0xbd, 0xf7, 0xc5, 0xf8, 0xc5, 0xf7, 0xbd, 0x1c, 0xe7,
    0x5a, 0xce, 0x59, 0xce, 0x59, 0xce, 0x38, 0xc6, 0x18, 0xc6, 0xf8, 0xbd,
    0xd7, 0xbd, 0x18, 0xc6, 0x18, 0xc6, 0x9a, 0xd6, 0x1c, 0xe7, 0xb7, 0xbd,
    0x18, 0xbe, 0xfc, 0xde, 0x7a, 0xce, 0x19, 0xbe, 0x5a, 0xc6, 0x5a, 0xc6,
    0x7a, 0xc6, 0x7a, 0xce, 0xd4, 0x94, 0x6f, 0x63, 0x93, 0x8c, 0xbb, 0xd6,
    0xbb, 0xd6, 0x39, 0xbe, 0x0e, 0x5b, 0x2e, 0x5b, 0x4e, 0x63, 0x90, 0x6b,
    0x6f, 0x63, 0x8f, 0x63, 0x8f, 0x63, 0x8f, 0x63, 0xaf, 0x6b, 0xd0, 0x6b,
    0x32, 0x7c, 0x56, 0xa5, 0x97, 0xad, 0xd7, 0xbd, 0x5a, 0xce, 0xcb, 0x62,
    0x4d, 0x73, 0xca, 0x62, 0x6d, 0x73, 0xeb, 0x62, 0x0c, 0x6b, 0x0c, 0x6b,
    0xcb, 0x62, 0x6d, 0x73, 0x2c, 0x63, 0x6e, 0x6b, 0x51, 0x8c, 0x14, 0xa5,
    0xd3, 0x9c, 0x18, 0xb6, 0xf8, 0xb5, 0x38, 0xb6, 0x18, 0xb6, 0x4d, 0x63,
    0xab, 0x52, 0xab, 0x52, 0xab, 0x52, 0x6a, 0x4a, 0x76, 0xa5, 0x97, 0xa5,
    0xd4, 0x8c, 0x52, 0x7c, 0x52, 0x74, 0x31, 0x74, 0x31, 0x74, 0x11, 0x74,
    0x52, 0x7c, 0x76, 0x9d, 0xb6, 0xa5, 0xd7, 0xa5, 0xd6, 0xa5, 0x52, 0x84,
    0x32, 0x7c, 0x36, 0x95, 0x55, 0x95, 0x35, 0x9d, 0x15, 0x95, 0x15, 0x8d,
    0x15, 0x8d, 0x15, 0x8d, 0xd5, 0x8c, 0xb4, 0x7c, 0xb4, 0x7c, 0x93, 0x7c,
    0x94, 0x7c, 0xb4, 0x84, 0x94, 0x7c, 0xb4, 0x84, 0xb4, 0x84, 0x4e, 0x63,
    0x4e, 0x63, 0xb0, 0x6b, 0x34, 0x8d, 0x32, 0x7c, 0x6f, 0x63, 0xaf, 0x6b,
    0xb0, 0x73, 0x12, 0x7c, 0x52, 0x84, 0x52, 0x84, 0x11, 0x7c, 0x32, 0x84,
    0x52, 0x84, 0x52, 0x84, 0x73, 0x84, 0x73, 0x84, 0x73, 0x84, 0x52, 0x7c,
    0x52, 0x7c, 0xf1, 0x6b, 0x90, 0x63, 0x52, 0x74, 0x52, 0x74, 0x53, 0x74,
    0x72, 0x74, 0x90, 0x63, 0x32, 0x74, 0x73, 0x74, 0xb0, 0x6b, 0x4e, 0x63,
    0xf1, 0x73, 0x32, 0x7c, 0x12, 0x7c, 0x90, 0x6b, 0x4f, 0x63, 0x2e, 0x63,
    0x4e, 0x63, 0x2e, 0x63, 0x2e, 0x5b, 0xed, 0x5a, 0x0c, 0x5b, 0x6d, 0x73,
    0x13, 0xad, 0x37, 0xce, 0x78, 0xd6, 0x95, 0xbd, 0xae, 0x7b, 0xe9, 0x41,
    0x67, 0x31, 0x4a, 0x52, 0xd6, 0xc5, 0xb5, 0xbd, 0xb6, 0xbd, 0xd6, 0xbd,
    0xb6, 0xbd, 0x95, 0xb5, 0x34, 0xb5, 0x34, 0xad, 0x72, 0xac, 0x71, 0xa4,
    0x71, 0xac, 0x09, 0x4a, 0xe9, 0x41, 0xe9, 0x41, 0xe9, 0x41, 0xc9, 0x39,
    0xc9, 0x39, 0x8b, 0x52, 0x10, 0x84, 0x35, 0xad, 0x75, 0xb5, 0x96, 0xb5,
    0x96, 0xb5, 0x96, 0xb5, 0x96, 0xb5, 0x96, 0xb5, 0x96, 0xb5, 0x75, 0xb5,
    0x75, 0xad, 0x76, 0xad, 0xf7, 0xbd, 0x38, 0xc6, 0x38, 0xce, 0x39, 0xc6,
    0x38, 0xc6, 0x18, 0xbe, 0xd7, 0xb5, 0xb7, 0xb5, 0x96, 0xad, 0x96, 0xa5,
    0x76, 0xad, 0x96, 0xad, 0x96, 0xad, 0x96, 0xad, 0x96, 0xad, 0x96, 0xad,
    0x96, 0xad, 0x96, 0xad, 0x96, 0xad, 0x96, 0xad, 0x96, 0xad, 0x95, 0xad,
    0x95, 0xad, 0x96, 0xad, 0x96, 0xa5, 0x96, 0xad, 0x75, 0xa5, 0x96, 0xad,
    0x95, 0xa5, 0x76, 0xad, 0x76, 0xa5, 0x76, 0xa5, 0x76, 0xa5, 0x76, 0xad,
    0x96, 0xad, 0x76, 0xad, 0x96, 0xad, 0x96, 0xad, 0xb6, 0xad, 0xb6, 0xad,
    0xb7, 0xad, 0xb6, 0xad, 0x97, 0xad, 0x96, 0xad, 0xb6, 0xad, 0xb7, 0xad,
    0x97, 0xad, 0xb6, 0xad, 0xb7, 0xad, 0xb7, 0xad, 0xb6, 0xad, 0xb7, 0xad,
    0xb6, 0xad, 0xb6, 0xad, 0xb6, 0xad, 0xb6, 0xad, 0xb6, 0xad, 0xb6, 0xad,
    0xb6, 0xad, 0xb6, 0xad, 0xb6, 0xad, 0xb6, 0xad, 0xb6, 0xad, 0xb6, 0xad,
    0xb6, 0xad, 0xb6, 0xad, 0xb6, 0xad, 0xb6, 0xad, 0xb6, 0xad, 0xb6, 0xad,
    0xb6, 0xad, 0xb6, 0xad, 0xb6, 0xad, 0xb7, 0xad, 0xb7, 0xad, 0xb6, 0xad,
    0x9b, 0xf7, 0x9b, 0xf7, 0x9b, 0xf7, 0x5a, 0xe7, 0xb6, 0xad, 0x53, 0x7c,
    0x18, 0xb6, 0x17, 0xb6, 0x17, 0xb6, 0x18, 0xb6, 0x17, 0xb6, 0xf7, 0xb5,
    0x18, 0xb6, 0x17, 0xb6, 0x17, 0xb6, 0xf7, 0xb5, 0x17, 0xb6, 0x17, 0xb6,
    0x18, 0xb6, 0x17, 0xb6, 0xf7, 0xb5, 0x18, 0xb6, 0x18, 0xb6, 0xf7, 0xb5,
    0xf7, 0xb5, 0xf7, 0xb5, 0xf7, 0xb5, 0xf7, 0xb5, 0xd7, 0xb5, 0xe8, 0x61,
    0x8b, 0x72, 0x6a, 0x5a, 0x6b, 0x4a, 0x8b, 0x4a, 0xac, 0x4a, 0xac, 0x4a,
    0xcc, 0x52, 0xcc, 0x52, 0xcc, 0x52, 0xed, 0x52, 0xed, 0x52, 0xed, 0x52,
    0xed, 0x52, 0xed, 0x52, 0xed, 0x5a, 0x0d, 0x53, 0x0d, 0x5b, 0x0d, 0x5b,
    0x0d, 0x5b, 0x0e, 0x5b, 0x0e, 0x5b, 0x0d, 0x5b, 0x0e, 0x5b, 0x0d, 0x5b,
    0x0e, 0x53, 0x0d, 0x5b, 0x0d, 0x5b, 0x0d, 0x53, 0x6f, 0x63, 0x55, 0xad,
    0xd7, 0xbd, 0xf8, 0xbd, 0x18, 0xc6, 0xf8, 0xc5, 0xf8, 0xc5, 0xf8, 0xc5,
    0xf7, 0xbd, 0x1c, 0xe7, 0x59, 0xce, 0x59, 0xce, 0x59, 0xce, 0x38, 0xc6,
    0x18, 0xc6, 0xf7, 0xbd, 0xd7, 0xbd, 0xf8, 0xbd, 0xf8, 0xbd, 0x3d, 0xe7,
    0x19, 0xbe, 0x15, 0xa5, 0xd8, 0xb5, 0xd8, 0xb5, 0x93, 0x8c, 0xf8, 0xb5,
    0x19, 0xbe, 0xb7, 0xad, 0xf9, 0xbd, 0xb8, 0xad, 0xf1, 0x73, 0xaf, 0x6b,
    0x32, 0x7c, 0xf9, 0xb5, 0x7a, 0xce, 0x39, 0xbe, 0xb0, 0x6b, 0x2e, 0x5b,
    0x4e, 0x63, 0xb0, 0x6b, 0x6f, 0x63, 0xb0, 0x6b, 0xd0, 0x73, 0xd0, 0x6b,
    0xb0, 0x6b, 0x8f, 0x6b, 0xb0, 0x6b, 0xf0, 0x73, 0x31, 0x7c, 0x93, 0x8c,
    0x56, 0xa5, 0x77, 0xad, 0xeb, 0x6a, 0x2c, 0x6b, 0xcb, 0x62, 0x0c, 0x6b,
    0x2c, 0x6b, 0xeb, 0x6a, 0x4d, 0x6b, 0xeb, 0x62, 0xef, 0x7b, 0x34, 0xa5,
    0x71, 0x94, 0x4c, 0x6b, 0x8a, 0x5a, 0xae, 0x7b, 0x54, 0x9d, 0x55, 0xa5,
    0x18, 0xb6, 0x2d, 0x63, 0xab, 0x52, 0xab, 0x52, 0xab, 0x52, 0x6a, 0x4a,
    0x76, 0x9d, 0x96, 0x9d, 0xf4, 0x8c, 0x52, 0x7c, 0x31, 0x74, 0x11, 0x74,
    0x11, 0x74, 0x12, 0x74, 0xd4, 0x8c, 0xb6, 0xa5, 0xb6, 0xa5, 0xb6, 0xa5,
    0x76, 0xa5, 0x6f, 0x63, 0xd4, 0x8c, 0x96, 0x9d, 0xf5, 0x8c, 0xb4, 0x84,
    0x35, 0x95, 0x56, 0x95, 0x36, 0x95, 0x35, 0x95, 0xf4, 0x8c, 0xb4, 0x84,
    0xb4, 0x84, 0xb4, 0x84, 0x94, 0x7c, 0x93, 0x7c, 0x93, 0x84, 0x52, 0x74,
    0x6f, 0x63, 0x6e, 0x63, 0x4f, 0x63, 0xd1, 0x73, 0x8f, 0x63, 0x4e, 0x63,
    0x6f, 0x63, 0x6f, 0x63, 0x4f, 0x63, 0x4e, 0x63, 0x4f, 0x63, 0x2e, 0x63,
    0x2e, 0x63, 0x4e, 0x63, 0x2e, 0x63, 0x4f, 0x63, 0x8f, 0x6b, 0xd0, 0x73,
    0x32, 0x7c, 0x52, 0x7c, 0x52, 0x74, 0x32, 0x74, 0x6f, 0x63, 0x52, 0x74,
    0x32, 0x74, 0xd1, 0x73, 0xb0, 0x6b, 0x6f, 0x63, 0x6f, 0x63, 0x4f, 0x63,
    0x4e, 0x63, 0x4e, 0x63, 0x6f, 0x6b, 0x6f, 0x6b, 0x6f, 0x6b, 0xb0, 0x73,
    0xd0, 0x73, 0xb0, 0x73, 0x0d, 0x5b, 0xcc, 0x5a, 0x8f, 0x73, 0xb2, 0x9c,
    0xf6, 0xc5, 0x78, 0xd6, 0x95, 0xbd, 0xf0, 0x8b, 0x8b, 0x52, 0x88, 0x31,
    0xa8, 0x39, 0xe9, 0x41, 0xe9, 0x41, 0x88, 0x39, 0xd3, 0xa4, 0x95, 0xbd,
    0xb6, 0xbd, 0xb6, 0xbd, 0xb6, 0xbd, 0x96, 0xb5, 0x75, 0xb5, 0x55, 0xb5,
    0xf3, 0xac, 0x72, 0xac, 0x30, 0xa4, 0xc8, 0x39, 0xe9, 0x41, 0xc9, 0x39,
    0x2a, 0x4a, 0x8e, 0x73, 0xf3, 0x9c, 0x96, 0xb5, 0x96, 0xb5, 0x96, 0xb5,
    0x96, 0xb5, 0x96, 0xb5, 0x96, 0xb5, 0x96, 0xb5, 0x96, 0xb5, 0x75, 0xad,
    0x55, 0xad, 0x55, 0xad, 0x96, 0xad, 0xd7, 0xb5, 0xd7, 0xb5, 0xb7, 0xb5,
    0x96, 0xb5, 0x76, 0xad, 0x76, 0xad, 0x76, 0xad, 0x76, 0xad, 0x96, 0xad,
    0x96, 0xad, 0x96, 0xad, 0x96, 0xad, 0x96, 0xad, 0x96, 0xad, 0x96, 0xad,
    0x96, 0xad, 0x96, 0xad, 0x96, 0xad, 0x96, 0xad, 0x96, 0xad, 0x96, 0xad,
    0x96, 0xad, 0x96, 0xad, 0x96, 0xad, 0x96, 0xa5, 0x95, 0xad, 0x76, 0xad,
    0x96, 0xad, 0x75, 0xad, 0x96, 0xad, 0x75, 0xa5, 0x76, 0xad, 0x76, 0xad,
    0x76, 0xa5, 0x76, 0xa5, 0x96, 0xad, 0x96, 0xa5, 0x96, 0xa5, 0xb6, 0xad,
    0x96, 0xad, 0x96, 0xad, 0xb6, 0xad, 0xb6, 0xad, 0xb7, 0xad, 0xb6, 0xad,
    0xb6, 0xad, 0x97, 0xad, 0xb6, 0xad, 0xb6, 0xad, 0x96, 0xad, 0xb6, 0xad,
    0x96, 0xad, 0xb7, 0xad, 0xb7, 0xad, 0x96, 0xad, 0xb7, 0xad, 0xb6, 0xad,
    0xb6, 0xad, 0xb6, 0xad, 0xb6, 0xad, 0x96, 0xad, 0xb6, 0xad, 0xb7, 0xad,
    0x96, 0xad, 0xb6, 0xad, 0xb7, 0xad, 0xb6, 0xad, 0xb6, 0xad, 0xb7, 0xad,
    0xb6, 0xad, 0xb6, 0xad, 0xb7, 0xad, 0xb6, 0xad, 0xb6, 0xad, 0xb7, 0xad,
    0xb6, 0xad, 0xf7, 0xbd, 0xdb, 0xf7, 0x9b, 0xf7, 0x9b, 0xf7, 0xbb, 0xf7,
    0xf7, 0xb5, 0x73, 0x7c, 0xf7, 0xb5, 0x17, 0xb6, 0x17, 0xb6, 0x17, 0xb6,
    0xf7, 0xbd, 0x17, 0xb6, 0x18, 0xb6, 0x17, 0xb6, 0xf7, 0xb5, 0x18, 0xb6,
    0x17, 0xb6, 0x17, 0xb6, 0xf8, 0xb5, 0x17, 0xb6, 0x18, 0xb6, 0xf7, 0xb5,
    0x17, 0xb6, 0xf8, 0xb5, 0x17, 0xb6, 0xf8, 0xb5, 0x17, 0xb6, 0x17, 0xb6,
    0x96, 0xad, 0x08, 0x6a, 0xab, 0x7a, 0x6e, 0x83, 0x2d, 0x5b, 0x6b, 0x42,
    0xab, 0x4a, 0xac, 0x4a, 0xcc, 0x52, 0xec, 0x52, 0xec, 0x52, 0xed, 0x52,
    0xed, 0x52, 0xec, 0x52, 0xed, 0x52, 0xed, 0x52, 0xed, 0x52, 0xed, 0x52,
    0x0d, 0x53, 0x0d, 0x5b, 0xed, 0x52, 0x0e, 0x5b, 0x0d, 0x5b, 0x0e, 0x5b,
    0x0d, 0x53, 0xed, 0x5a, 0x0e, 0x5b, 0x0d, 0x5b, 0xed, 0x52, 0x4f, 0x63,
    0x76, 0xad, 0xd7, 0xbd, 0xf8, 0xbd, 0xf8, 0xc5, 0x18, 0xc6, 0x18, 0xbe,
    0x18, 0xc6, 0x18, 0xc6, 0xf8, 0xbd, 0x7d, 0xef, 0x5d, 0xef, 0xdb, 0xde,
    0x79, 0xd6, 0x18, 0xc6, 0x18, 0xc6, 0xf7, 0xbd, 0xd8, 0xbd, 0xf8, 0xbd,
    0xd7, 0xbd, 0xd8, 0xb5, 0x6f, 0x6b, 0xb0, 0x73, 0x59, 0xc6, 0xd4, 0x8c,
    0x32, 0x7c, 0x93, 0x84, 0xb4, 0x8c, 0x93, 0x84, 0x36, 0x9d, 0x93, 0x84,
    0xf0, 0x73, 0xf1, 0x73, 0x11, 0x74, 0x93, 0x84, 0xd8, 0xb5, 0xf8, 0xb5,
    0xd0, 0x73, 0x2e, 0x5b, 0x2e, 0x63, 0xd0, 0x6b, 0x8f, 0x63, 0x8f, 0x63,
    0xd0, 0x73, 0xf1, 0x73, 0xf1, 0x73, 0xf0, 0x73, 0xd0, 0x73, 0xf0, 0x73,
    0xb0, 0x73, 0xec, 0x5a, 0xcb, 0x5a, 0x8e, 0x6b, 0xeb, 0x62, 0xab, 0x62,
    0x0c, 0x6b, 0x2c, 0x6b, 0x2d, 0x6b, 0x2c, 0x6b, 0xec, 0x62, 0x2c, 0x6b,
    0xeb, 0x62, 0xeb, 0x6a, 0xaa, 0x5a, 0xeb, 0x62, 0x2c, 0x73, 0x2c, 0x6b,
    0xcf, 0x7b, 0x92, 0x94, 0xb6, 0xad, 0x2d, 0x5b, 0xab, 0x52, 0xab, 0x52,
    0xab, 0x52, 0x8a, 0x4a, 0xf4, 0x94, 0x35, 0x95, 0x15, 0x95, 0x73, 0x7c,
    0x31, 0x74, 0x31, 0x74, 0x11, 0x74, 0x52, 0x7c, 0x76, 0x9d, 0x55, 0x9d,
    0x15, 0x95, 0x14, 0x95, 0xd3, 0x8c, 0x2e, 0x5b, 0x35, 0x95, 0xb7, 0xa5,
    0x93, 0x84, 0x93, 0x7c, 0x76, 0x9d, 0xd8, 0xa5, 0xd8, 0xad, 0xd4, 0x8c,
    0x93, 0x84, 0xb4, 0x84, 0xb4, 0x84, 0xb4, 0x84, 0xb4, 0x84, 0x73, 0x7c,
    0xd1, 0x6b, 0x4e, 0x63, 0x6f, 0x63, 0x4e, 0x63, 0x4e, 0x63, 0x2e, 0x63,
    0x4f, 0x63, 0x4f, 0x63, 0x4f, 0x63, 0x4f, 0x63, 0x4e, 0x63, 0x2e, 0x63,
    0x4e, 0x63, 0x4f, 0x63, 0x4f, 0x63, 0x4f, 0x63, 0x4f, 0x63, 0x4e, 0x63,
    0x4e, 0x63, 0x4e, 0x63, 0x2e, 0x63, 0x6f, 0x63, 0xf1, 0x6b, 0x32, 0x7c,
    0x6f, 0x63, 0x32, 0x74, 0x90, 0x6b, 0x4f, 0x63, 0x2e, 0x63, 0x2e, 0x63,
    0x2e, 0x63, 0x4e, 0x63, 0x2e, 0x63, 0x2e, 0x63, 0x2e, 0x63, 0x4e, 0x63,
    0x2e, 0x63, 0xed, 0x5a, 0xcc, 0x5a, 0x6e, 0x6b, 0xd3, 0xa4, 0x37, 0xce,
    0x78, 0xd6, 0xb6, 0xbd, 0x10, 0x8c, 0x4a, 0x4a, 0xc9, 0x39, 0xe9, 0x41,
    0x0a, 0x42, 0x09, 0x42, 0xe9, 0x41, 0xe9, 0x41, 0xe9, 0x41, 0xc9, 0x39,
    0xab, 0x5a, 0xf7, 0xcd, 0xb6, 0xbd, 0xb6, 0xbd, 0xb6, 0xbd, 0xb6, 0xbd,
    0xb6, 0xbd, 0x95, 0xb5, 0x34, 0xb5, 0x72, 0xac, 0xf0, 0x93, 0xa7, 0x39,
    0x29, 0x4a, 0x8f, 0x73, 0x14, 0xa5, 0x76, 0xb5, 0x96, 0xb5, 0x75, 0xb5,
    0x75, 0xb5, 0x75, 0xad, 0x75, 0xad, 0x55, 0xad, 0x34, 0xad, 0xf4, 0xa4,
    0x72, 0x8c, 0x51, 0x84, 0x34, 0xa5, 0x96, 0xad, 0x96, 0xad, 0x76, 0xad,
    0x76, 0xad, 0x76, 0xad, 0x76, 0xad, 0x76, 0xad, 0x76, 0xad, 0x76, 0xa5,
    0x76, 0xad, 0x76, 0xa5, 0x96, 0xa5, 0x76, 0xad, 0x76, 0xad, 0x76, 0xa5,
    0x96, 0xad, 0x76, 0xad, 0x96, 0xad, 0x96, 0xad, 0x76, 0xad, 0x96, 0xad,
    0x76, 0xad, 0x76, 0xad, 0x96, 0xad, 0x76, 0xad, 0x96, 0xad, 0x96, 0xad,
    0x96, 0xad, 0x96, 0xad, 0x96, 0xa5, 0x96, 0xad, 0x76, 0xad, 0x76, 0xa5,
    0x96, 0xad, 0x96, 0xad, 0x76, 0xad, 0x76, 0xad, 0x96, 0xad, 0x96, 0xa5,
    0x96, 0xad, 0x96, 0xa5, 0xb7, 0xad, 0x96, 0xa5, 0xb7, 0xad, 0xb6, 0xad,
    0x96, 0xa5, 0xb7, 0xad, 0xb6, 0xad, 0xb6, 0xad, 0xb7, 0xad, 0xb6, 0xa5,
    0xb7, 0xad, 0x96, 0xad, 0xb6, 0xad, 0xb6, 0xad, 0x96, 0xad, 0xb7, 0xad,
    0xb6, 0xad, 0x96, 0xad, 0xb6, 0xad, 0xb7, 0xad, 0x96, 0xad, 0xb6, 0xad,
    0xb6, 0xad, 0xb6, 0xad, 0x96, 0xad, 0xb6, 0xad, 0xb6, 0xad, 0xb6, 0xad,
    0xb7, 0xad, 0xb6, 0xad, 0xb6, 0xad, 0xb7, 0xad, 0xb6, 0xad, 0xb6, 0xad,
    0xb6, 0xad, 0xb7, 0xad, 0xb7, 0xad, 0xd7, 0xad, 0xbb, 0xf7, 0x9b, 0xf7,
    0x9b, 0xf7, 0x7b, 0xef, 0xb7, 0xad, 0x52, 0x7c, 0x18, 0xbe, 0xf8, 0xb5,
    0xf8, 0xb5, 0xf7, 0xbd, 0xf7, 0xb5, 0xf8, 0xb5, 0x17, 0xb6, 0x17, 0xb6,
    0x18, 0xb6, 0xf7, 0xb5, 0xf7, 0xb5, 0xf7, 0xb5, 0x17, 0xb6, 0x18, 0xb6,
    0x18, 0xb6, 0x17, 0xb6, 0x18, 0xb6, 0x18, 0xb6, 0x17, 0xb6, 0x18, 0xb6,
    0xf8, 0xb5, 0x18, 0xb6, 0x96, 0xad, 0x08, 0x6a, 0xab, 0x7a, 0xaf, 0x8b,
    0x79, 0xc6, 0x35, 0x9d, 0x0d, 0x5b, 0x8b, 0x4a, 0xcc, 0x52, 0xcc, 0x52,
    0xec, 0x52, 0xed, 0x52, 0xed, 0x52, 0xec, 0x5a, 0xed, 0x52, 0xec, 0x5a,
    0xed, 0x5a, 0xed, 0x52, 0xed, 0x5a, 0x0d, 0x5b, 0x0d, 0x53, 0x0e, 0x5b,
    0x0d, 0x53, 0x0e, 0x5b, 0x0d, 0x53, 0x0d, 0x53, 0xee, 0x5a, 0x0d, 0x5b,
    0x0e, 0x5b, 0x15, 0x9d, 0xd7, 0xbd, 0xd8, 0xbd, 0xf8, 0xbd, 0x18, 0xc6,
    0x18, 0xc6, 0x18, 0xbe, 0x18, 0xc6, 0x18, 0xc6, 0x18, 0xc6, 0xd7, 0xbd,
    0x18, 0xc6, 0x9a, 0xd6, 0x3c, 0xef, 0x7d, 0xef, 0xda, 0xde, 0xd7, 0xbd,
    0xd4, 0x9c, 0x8f, 0x6b, 0xf0, 0x7b, 0x6f, 0x6b, 0xac, 0x52, 0x15, 0x9d,
    0x76, 0xa5, 0x32, 0x7c, 0x52, 0x7c, 0x32, 0x7c, 0x52, 0x7c, 0x52, 0x7c,
    0x52, 0x7c, 0x32, 0x7c, 0x11, 0x74, 0x31, 0x74, 0x31, 0x7c, 0x12, 0x74,
    0xd4, 0x8c, 0x77, 0xa5, 0xf0, 0x73, 0x2e, 0x63, 0x4e, 0x63, 0xd1, 0x73,
    0xb0, 0x6b, 0x6f, 0x63, 0xb0, 0x6b, 0xf1, 0x73, 0xf1, 0x73, 0xf0, 0x73,
    0xf1, 0x73, 0xd0, 0x73, 0xcb, 0x5a, 0xab, 0x5a, 0xaa, 0x5a, 0xcb, 0x62,
    0xeb, 0x62, 0x0c, 0x6b, 0x2c, 0x6b, 0x4c, 0x6b, 0x2c, 0x6b, 0x0c, 0x63,
    0x0c, 0x6b, 0x4c, 0x73, 0xaa, 0x5a, 0xcb, 0x62, 0x2c, 0x6b, 0x4c, 0x73,
    0x2c, 0x6b, 0xaa, 0x5a, 0xeb, 0x6a, 0xf3, 0xa4, 0xd3, 0x94, 0x4e, 0x63,
    0xcb, 0x52, 0xcb, 0x52, 0xab, 0x52, 0xab, 0x4a, 0x72, 0x7c, 0xb3, 0x84,
    0x93, 0x84, 0x52, 0x7c, 0x11, 0x74, 0xf0, 0x73, 0xd0, 0x73, 0x72, 0x7c,
    0xb3, 0x84, 0x52, 0x7c, 0x52, 0x74, 0xd3, 0x84, 0x31, 0x74, 0x4f, 0x63,
    0x76, 0x9d, 0x97, 0xa5, 0x52, 0x7c, 0x72, 0x7c, 0xb7, 0xa5, 0x56, 0x9d,
    0x52, 0x7c, 0x31, 0x74, 0x15, 0x8d, 0x56, 0x9d, 0x93, 0x7c, 0x93, 0x84,
    0x53, 0x7c, 0x8f, 0x63, 0x4e, 0x5b, 0x90, 0x63, 0xd1, 0x6b, 0x11, 0x74,
    0x32, 0x74, 0x53, 0x74, 0x32, 0x74, 0x8f, 0x63, 0xd1, 0x6b, 0xf1, 0x73,
    0x97, 0xa5, 0x53, 0x7c, 0xb0, 0x6b, 0x4f, 0x63, 0x6f, 0x63, 0x6f, 0x63,
    0x4e, 0x63, 0x2e, 0x63, 0x4f, 0x63, 0x4f, 0x63, 0x4f, 0x63, 0x4f, 0x63,
    0x2e, 0x63, 0x4f, 0x63, 0x4f, 0x63, 0xf1, 0x6b, 0x53, 0x74, 0x52, 0x74,
    0x12, 0x74, 0x4e, 0x63, 0x8f, 0x63, 0x2e, 0x63, 0x2e, 0x63, 0x4e, 0x63,
    0xed, 0x5a, 0xec, 0x5a, 0x8e, 0x73, 0xf3, 0xa4, 0x37, 0xce, 0x98, 0xde,
    0xb5, 0xbd, 0xf0, 0x83, 0x6b, 0x52, 0xe9, 0x39, 0xea, 0x41, 0x2a, 0x4a,
    0x2a, 0x4a, 0x2a, 0x4a, 0x2a, 0x4a, 0x0a, 0x42, 0x0a, 0x42, 0xe9, 0x41,
    0xe9, 0x41, 0xe9, 0x41, 0xa7, 0x39, 0x54, 0xb5, 0xb6, 0xbd, 0xb6, 0xbd,
    0xd6, 0xbd, 0xd6, 0xbd, 0x96, 0xbd, 0x96, 0xb5, 0x55, 0xb5, 0xb2, 0xac,
    0x8e, 0x7b, 0x0d, 0x63, 0x93, 0x94, 0x14, 0xa5, 0x34, 0xa5, 0x34, 0xa5,
    0x14, 0xa5, 0xf4, 0xa4, 0xb3, 0x94, 0x51, 0x8c, 0x8f, 0x73, 0x0d, 0x63,
    0x8b, 0x52, 0x6a, 0x4a, 0x10, 0x84, 0x76, 0xad, 0x76, 0xad, 0x76, 0xad,
    0x76, 0xa5, 0x76, 0xa5, 0x76, 0xad, 0x76, 0xa5, 0x96, 0xa5, 0x76, 0xad,
    0x96, 0xa5, 0x96, 0xad, 0x76, 0xad, 0x76, 0xa5, 0x76, 0xad, 0x76, 0xa5,
    0x96, 0xad, 0x76, 0xad, 0x76, 0xa5, 0x96, 0xad, 0x96, 0xad, 0x76, 0xad,
    0x96, 0xa5, 0x96, 0xad, 0x96, 0xad, 0x96, 0xad, 0x96, 0xa5, 0x96, 0xad,
    0x76, 0xad, 0x96, 0xad, 0x76, 0xa5, 0x76, 0xad, 0x76, 0xad, 0x96, 0xa5,
    0x76, 0xad, 0x76, 0xad, 0x76, 0xa5, 0x76, 0xa5, 0x76, 0xad, 0x76, 0xad,
    0x96, 0xad, 0x96, 0xad, 0x96, 0xad, 0x96, 0xad, 0x96, 0xa5, 0xb6, 0xad,
    0x96, 0xad, 0x97, 0xad, 0x96, 0xa5, 0x96, 0xad, 0xb7, 0xad, 0x96, 0xad,
    0xb6, 0xad, 0xb7, 0xad, 0x96, 0xa5, 0x96, 0xad, 0xb7, 0xa5, 0x96, 0xa5,
    0x96, 0xad, 0xb6, 0xad, 0x96, 0xa5, 0x96, 0xad, 0x96, 0xad, 0x96, 0xad,
    0xb6, 0xad, 0xb6, 0xad, 0xb7, 0xad, 0x96, 0xad, 0xb6, 0xad, 0xb6, 0xad,
    0x96, 0xad, 0xb6, 0xad, 0xb6, 0xad, 0xb6, 0xad, 0xb6, 0xad, 0xb6, 0xad,
    0xb6, 0xad, 0xb6, 0xad, 0xb6, 0xad, 0xb7, 0xad, 0xb6, 0xad, 0xb6, 0xad,
    0x58, 0xc6, 0x9a, 0xf7, 0x7b, 0xef, 0x17, 0xbe, 0xb7, 0xad, 0x53, 0x7c,
    0x18, 0xb6, 0xf7, 0xb5, 0x17, 0xbe, 0x17, 0xb6, 0x18, 0xb6, 0xf7, 0xb5,
    0x17, 0xb6, 0xf7, 0xb5, 0xf7, 0xb5, 0x17, 0xb6, 0xf7, 0xb5, 0x17, 0xb6,
    0xf7, 0xb5, 0xf7, 0xb5, 0xf7, 0xb5, 0xf7, 0xb5, 0xf7, 0xb5, 0xf7, 0xb5,
    0xf7, 0xb5, 0x17, 0xb6, 0xf7, 0xb5, 0x18, 0xb6, 0x75, 0xad, 0x08, 0x6a,
    0xaa, 0x7a, 0x4e, 0x83, 0x39, 0xbe, 0x18, 0xbe, 0x38, 0xbe, 0x14, 0x95,
    0x0d, 0x5b, 0x8c, 0x4a, 0xcc, 0x52, 0xed, 0x52, 0xed, 0x52, 0xed, 0x52,
    0xed, 0x52, 0xed, 0x52, 0xed, 0x5a, 0xed, 0x52, 0x0d, 0x53, 0x0d, 0x53,
    0x0e, 0x5b, 0x0d, 0x5b, 0x0e, 0x53, 0x0e, 0x53, 0x0d, 0x5b, 0x0d, 0x53,
    0x0e, 0x53, 0xed, 0x52, 0x32, 0x7c, 0xb7, 0xb5, 0xd7, 0xbd, 0xf8, 0xbd,
    0xf8, 0xbd, 0xf8, 0xc5, 0x18, 0xc6, 0x18, 0xc6, 0x18, 0xc6, 0xf8, 0xbd,
    0xf8, 0xbd, 0xf7, 0xbd, 0xd7, 0xbd, 0xb7, 0xb5, 0x96, 0xb5, 0x35, 0xa5,
    0x14, 0xa5, 0x17, 0xce, 0x99, 0xde, 0xb5, 0xbd, 0x91, 0x8c, 0xed, 0x5a,
    0xac, 0x4a, 0xd4, 0x94, 0x73, 0x84, 0x32, 0x7c, 0x31, 0x7c, 0x52, 0x7c,
    0x52, 0x7c, 0x73, 0x84, 0x52, 0x7c, 0x31, 0x7c, 0x32, 0x7c, 0x11, 0x74,
    0x32, 0x7c, 0x11, 0x74, 0x11, 0x74, 0x72, 0x84, 0xd0, 0x6b, 0x2e, 0x63,
    0x8f, 0x6b, 0xf1, 0x73, 0xb0, 0x6b, 0x8f, 0x63, 0x8f, 0x63, 0xf0, 0x73,
    0x11, 0x74, 0xf1, 0x73, 0xf1, 0x73, 0xcb, 0x52, 0xeb, 0x62, 0x69, 0x52,
    0xeb, 0x62, 0x8a, 0x5a, 0xaa, 0x5a, 0x0c, 0x6b, 0x2c, 0x6b, 0x0d, 0x63,
    0xed, 0x5a, 0x0c, 0x63, 0x2c, 0x6b, 0x0c, 0x6b, 0xaa, 0x5a, 0xaa, 0x5a,
    0x2c, 0x6b, 0xca, 0x5a, 0xaa, 0x5a, 0x8a, 0x52, 0x0b, 0x73, 0x0c, 0x6b,
    0x35, 0xa5, 0x4d, 0x63, 0xac, 0x52, 0xcc, 0x52, 0xac, 0x52, 0xac, 0x52,
    0xf1, 0x73, 0x52, 0x7c, 0x52, 0x84, 0x6e, 0x6b, 0xd3, 0xa4, 0xf7, 0xcd,
    0xf7, 0xcd, 0xf6, 0xc5, 0x72, 0x8c, 0x52, 0x7c, 0xf4, 0x8c, 0x56, 0x9d,
    0xb0, 0x6b, 0x6f, 0x63, 0x97, 0xa5, 0x76, 0x9d, 0x32, 0x74, 0x52, 0x7c,
    0x93, 0x84, 0x11, 0x74, 0x11, 0x74, 0x11, 0x74, 0x73, 0x84, 0x31, 0x74,
    0x52, 0x74, 0x32, 0x74, 0x6f, 0x63, 0x4e, 0x63, 0x52, 0x7c, 0xb4, 0x84,
    0xb4, 0x84, 0x93, 0x7c, 0x94, 0x7c, 0x93, 0x7c, 0x73, 0x7c, 0x12, 0x74,
    0x53, 0x7c, 0xb0, 0x63, 0x94, 0x7c, 0x53, 0x7c, 0xf1, 0x6b, 0x4e, 0x63,
    0x4f, 0x63, 0x6f, 0x63, 0x12, 0x7c, 0x32, 0x7c, 0xd0, 0x73, 0x6f, 0x63,
    0x4f, 0x63, 0x4e, 0x63, 0x4e, 0x63, 0x4f, 0x63, 0x4e, 0x63, 0x6f, 0x63,
    0x32, 0x74, 0x53, 0x74, 0x53, 0x74, 0x6f, 0x6b, 0x11, 0x74, 0xed, 0x5a,
    0x4e, 0x6b, 0x31, 0x84, 0x75, 0xb5, 0x78, 0xd6, 0x78, 0xde, 0x75, 0xb5,
    0xcf, 0x7b, 0x6b, 0x52, 0xe9, 0x39, 0x2a, 0x42, 0x4a, 0x4a, 0x4a, 0x4a,
    0x4b, 0x4a, 0x4a, 0x4a, 0x4a, 0x4a, 0x4a, 0x4a, 0x2a, 0x4a, 0x2a, 0x4a,
    0x09, 0x42, 0x09, 0x42, 0xe9, 0x41, 0xe9, 0x39, 0x09, 0x42, 0x6e, 0x73,
    0x17, 0xce, 0xf7, 0xc5, 0xd6, 0xbd, 0xb6, 0xbd, 0xb6, 0xbd, 0x95, 0xb5,
    0x95, 0xb5, 0x14, 0xb5, 0xb3, 0x9c, 0x52, 0x8c, 0x72, 0x94, 0x72, 0x8c,
    0x51, 0x8c, 0x10, 0x84, 0x6e, 0x6b, 0xab, 0x5a, 0x2a, 0x42, 0xe9, 0x41,
    0xa8, 0x39, 0xe9, 0x41, 0xd0, 0x73, 0x96, 0xad, 0x76, 0xad, 0x55, 0xa5,
    0x76, 0xa5, 0x76, 0xa5, 0x76, 0xad, 0x75, 0xa5, 0x76, 0xad, 0x96, 0xad,
    0x76, 0xad, 0x76, 0xa5, 0x76, 0xad, 0x76, 0xad, 0x76, 0xa5, 0x95, 0xad,
    0x76, 0xad, 0x76, 0xad, 0x96, 0xad, 0x96, 0xad, 0x76, 0xad, 0x96, 0xad,
    0x96, 0xad, 0x96, 0xad, 0x97, 0xad, 0x96, 0xad, 0x76, 0xad, 0x96, 0xad,
    0x96, 0xad, 0x96, 0xad, 0x96, 0xad, 0x96, 0xad, 0x76, 0xa5, 0x76, 0xad,
    0x96, 0xad, 0x76, 0xad, 0x96, 0xad, 0x96, 0xad, 0x76, 0xa5, 0x75, 0xad,
    0x76, 0xa5, 0x96, 0xad, 0x76, 0xa5, 0x96, 0xa5, 0x96, 0xa5, 0x96, 0xad,
    0x96, 0xad, 0x96, 0xa5, 0xb6, 0xad, 0xb6, 0xad, 0x96, 0xad, 0xb6, 0xa5,
    0x96, 0xad, 0xb7, 0xad, 0x96, 0xa5, 0x96, 0xad, 0xb7, 0xad, 0xb6, 0xad,
    0x96, 0xad, 0xb7, 0xad, 0xb6, 0xad, 0x96, 0xa5, 0xb6, 0xad, 0xb6, 0xad,
    0x96, 0xa5, 0xb6, 0xad, 0x96, 0xad, 0x96, 0xa5, 0x96, 0xad, 0x96, 0xad,
    0xb7, 0xa5, 0xb6, 0xad, 0x97, 0xad, 0x97, 0xad, 0xb6, 0xad, 0xb6, 0xad,
    0xb7, 0xad, 0xb6, 0xad, 0xb6, 0xad, 0xb7, 0xad, 0xb6, 0xad, 0xb6, 0xad,
    0xb6, 0xad, 0xb7, 0xad, 0xb7, 0xad, 0x96, 0xad, 0xb6, 0xad, 0xb7, 0xad,
    0xb7, 0xad, 0x52, 0x7c, 0x17, 0xb6, 0x18, 0xbe, 0xf7, 0xb5, 0x18, 0xb6,
    0xf7, 0xb5, 0x17, 0xb6, 0x17, 0xb6, 0xf7, 0xb5, 0x17, 0xb6, 0x17, 0xb6,
    0xf7, 0xb5, 0x17, 0xae, 0x17, 0xb6, 0xf7, 0xb5, 0x17, 0xb6, 0x17, 0xb6,
    0xf7, 0xb5, 0x17, 0xb6, 0x17, 0xb6, 0xf7, 0xb5, 0xf7, 0xb5, 0x18, 0xb6,
    0x75, 0xad, 0xe8, 0x69, 0x6a, 0x72, 0x2d, 0x83, 0x59, 0xbe, 0xf7, 0xb5,
    0x18, 0xb6, 0x18, 0xb6, 0x39, 0xbe, 0x34, 0x9d, 0x8f, 0x6b, 0xab, 0x4a,
    0xec, 0x52, 0xed, 0x52, 0xed, 0x52, 0xec, 0x52, 0x0d, 0x53, 0x0d, 0x53,
    0x0d, 0x53, 0x0d, 0x53, 0x0d, 0x5b, 0x0e, 0x5b, 0x0d, 0x5b, 0x0e, 0x53,
    0xed, 0x5a, 0x0d, 0x53, 0x0e, 0x53, 0x0d, 0x5b, 0x35, 0xa5, 0xd7, 0xbd,
    0xd7, 0xbd, 0xf8, 0xbd, 0xf8, 0xc5, 0x18, 0xc6, 0xf8, 0xbd, 0xf7, 0xbd,
    0x18, 0xc6, 0xf8, 0xbd, 0xd7, 0xbd, 0xd7, 0xbd, 0xd7, 0xbd, 0x96, 0xb5,
    0xf1, 0x7b, 0x8c, 0x4a, 0x6c, 0x4a, 0x4b, 0x42, 0x8b, 0x4a, 0xcf, 0x7b,
    0x14, 0xa5, 0x37, 0xce, 0x37, 0xce, 0x55, 0xad, 0x72, 0x8c, 0xd0, 0x73,
    0xb0, 0x6b, 0xf0, 0x73, 0x11, 0x74, 0x31, 0x7c, 0xf1, 0x73, 0xf1, 0x73,
    0xf1, 0x73, 0x11, 0x74, 0x11, 0x74, 0x11, 0x74, 0x11, 0x7c, 0x32, 0x7c,
    0xd0, 0x6b, 0x90, 0x6b, 0xf1, 0x73, 0x11, 0x74, 0xb0, 0x63, 0xd0, 0x6b,
    0xaf, 0x6b, 0xd0, 0x6b, 0xf0, 0x73, 0xf1, 0x73, 0xb0, 0x6b, 0xaa, 0x5a,
    0x29, 0x52, 0xaa, 0x5a, 0xaa, 0x5a, 0x69, 0x52, 0xaa, 0x5a, 0xaa, 0x5a,
    0xcb, 0x62, 0xab, 0x5a, 0xec, 0x5a, 0x0c, 0x6b, 0x0c, 0x6b, 0x69, 0x52,
    0xcb, 0x62, 0xaa, 0x5a, 0x69, 0x52, 0xab, 0x5a, 0xcb, 0x62, 0xcb, 0x62,
    0x8a, 0x5a, 0xeb, 0x6a, 0x0f, 0x84, 0x0d, 0x63, 0xcc, 0x52, 0xcc, 0x52,
    0xac, 0x52, 0xac, 0x52, 0xd0, 0x73, 0x51, 0x84, 0x4d, 0x6b, 0x8e, 0x7b,
    0x0c, 0x6b, 0x2c, 0x6b, 0xeb, 0x72, 0xcb, 0x6a, 0xef, 0x8b, 0x14, 0x9d,
    0x96, 0xa5, 0x96, 0xa5, 0x6f, 0x63, 0x8f, 0x63, 0xb7, 0xa5, 0x55, 0x9d,
    0x31, 0x74, 0x32, 0x74, 0x31, 0x74, 0x11, 0x74, 0xb0, 0x6b, 0xaf, 0x6b,
    0xf1, 0x73, 0x11, 0x74, 0x31, 0x74, 0x6f, 0x63, 0x8f, 0x63, 0xb4, 0x8c,
    0xf5, 0x8c, 0xd4, 0x8c, 0xb4, 0x84, 0x94, 0x7c, 0x73, 0x7c, 0x73, 0x7c,
    0x73, 0x7c, 0x73, 0x74, 0x73, 0x74, 0xf1, 0x6b, 0x12, 0x74, 0x73, 0x7c,
    0x12, 0x74, 0x4f, 0x63, 0x6f, 0x63, 0xf1, 0x73, 0x53, 0x7c, 0x32, 0x7c,
    0xd0, 0x6b, 0x8f, 0x6b, 0x6f, 0x63, 0x4f, 0x63, 0x4e, 0x5b, 0x4e, 0x5b,
    0x4f, 0x63, 0x4e, 0x63, 0x0d, 0x5b, 0x6f, 0x63, 0xb0, 0x6b, 0xf0, 0x83,
    0xd3, 0x9c, 0x18, 0xce, 0x99, 0xd6, 0xd6, 0xc5, 0x92, 0x9c, 0x6e, 0x73,
    0x4a, 0x4a, 0x0a, 0x42, 0x4a, 0x42, 0x6b, 0x4a, 0x6b, 0x4a, 0x4b, 0x4a,
    0x6b, 0x4a, 0x4b, 0x4a, 0x4b, 0x4a, 0x4b, 0x4a, 0x4a, 0x4a, 0x4b, 0x4a,
    0x2a, 0x4a, 0x2a, 0x4a, 0x0a, 0x42, 0xe9, 0x41, 0x2a, 0x4a, 0xed, 0x62,
    0xf1, 0x83, 0xf0, 0x83, 0x96, 0xbd, 0x96, 0xbd, 0xb6, 0xbd, 0xb6, 0xbd,
    0xb6, 0xbd, 0xb6, 0xbd, 0xb6, 0xbd, 0x75, 0xb5, 0xb3, 0xa4, 0x4d, 0x6b,
    0x0d, 0x63, 0xac, 0x5a, 0x2a, 0x4a, 0xe9, 0x41, 0xc8, 0x39, 0xc9, 0x39,
    0xa8, 0x39, 0x6a, 0x4a, 0xf0, 0x7b, 0x76, 0xad, 0x96, 0xad, 0x55, 0xa5,
    0x55, 0xa5, 0x56, 0xa5, 0x75, 0xa5, 0x76, 0xad, 0x76, 0xad, 0x76, 0xa5,
    0x76, 0xad, 0x76, 0xad, 0x76, 0xa5, 0x76, 0xad, 0x76, 0xad, 0x76, 0xa5,
    0x76, 0xad, 0x96, 0xad, 0x76, 0xa5, 0x76, 0xa5, 0x96, 0xad, 0x76, 0xa5,
    0x96, 0xad, 0x96, 0xad, 0x96, 0xa5, 0x76, 0xad, 0x96, 0xad, 0x96, 0xad,
    0x76, 0xa5, 0x97, 0xad, 0x96, 0xad, 0x96, 0xa5, 0x96, 0xad, 0x96, 0xad,
    0x96, 0xad, 0x96, 0xad, 0x76, 0xa5, 0x96, 0xad, 0x76, 0xad, 0x96, 0xa5,
    0x96, 0xad, 0x96, 0xad, 0x96, 0xad, 0x96, 0xad, 0x76, 0xad, 0x96, 0xad,
    0x96, 0xa5, 0x96, 0xad, 0x96, 0xad, 0x97, 0xad, 0xb7, 0xa5, 0x96, 0xad,
    0xb6, 0xad, 0xb7, 0xad, 0xb7, 0xad, 0xb6, 0xad, 0xb6, 0xad, 0x96, 0xad,
    0xb6, 0xad, 0x96, 0xa5, 0x96, 0xad, 0xb6, 0xad, 0x96, 0xad, 0x96, 0xad,
    0xb6, 0xad, 0xb6, 0xad, 0x96, 0xad, 0xb6, 0xad, 0x96, 0xad, 0xb6, 0xad,
    0x96, 0xad, 0xb6, 0xa5, 0x96, 0xad, 0x96, 0xad, 0xd7, 0xad, 0x38, 0xbe,
    0xb6, 0xad, 0xb6, 0xad, 0xb7, 0xad, 0xb6, 0xad, 0xb6, 0xad, 0xb7, 0xad,
    0xb6, 0xad, 0xb6, 0xad, 0xb7, 0xad, 0xb7, 0xad, 0xd7, 0xad, 0xb6, 0xad,
    0xd7, 0xad, 0xd7, 0xad, 0xb7, 0xad, 0x52, 0x7c, 0x59, 0xc6, 0xf8, 0xb5,
    0x18, 0xb6, 0xf7, 0xbd, 0x18, 0xb6, 0xf8, 0xb5, 0xf7, 0xb5, 0xf7, 0xb5,
    0x17, 0xb6, 0xf8, 0xb5, 0xf7, 0xb5, 0x17, 0xb6, 0xf7, 0xb5, 0x17, 0xb6,
    0x17, 0xae, 0xf7, 0xb5, 0xf7, 0xb5, 0xf8, 0xb5, 0xf7, 0xb5, 0xf7, 0xb5,
    0xf7, 0xb5, 0x17, 0xb6, 0x55, 0xa5, 0xe8, 0x69, 0x6a, 0x72, 0xec, 0x7a,
    0x59, 0xbe, 0x17, 0xbe, 0x18, 0xbe, 0xf7, 0xb5, 0xf7, 0xb5, 0x18, 0xb6,
    0x38, 0xbe, 0x97, 0xad, 0xaf, 0x6b, 0xac, 0x4a, 0xcc, 0x52, 0x0d, 0x53,
    0x0d, 0x53, 0xed, 0x52, 0xed, 0x52, 0x0d, 0x5b, 0x0d, 0x53, 0x0d, 0x53,
    0x0e, 0x5b, 0x0d, 0x5b, 0x0e, 0x53, 0x0d, 0x53, 0xed, 0x52, 0x6f, 0x63,
    0xb7, 0xb5, 0xd8, 0xbd, 0xf8, 0xbd, 0xf8, 0xc5, 0xf8, 0xbd, 0x18, 0xc6,
    0x18, 0xc6, 0xf8, 0xbd, 0xf8, 0xbd, 0xf7, 0xbd, 0xd7, 0xbd, 0xd7, 0xbd,
    0x76, 0xad, 0x2e, 0x63, 0xac, 0x52, 0xcc, 0x52, 0xcc, 0x52, 0xcc, 0x4a,
    0xac, 0x4a, 0x8c, 0x4a, 0x6b, 0x4a, 0x2a, 0x42, 0x8b, 0x52, 0xcf, 0x83,
    0x75, 0xb5, 0x78, 0xd6, 0x38, 0xce, 0x13, 0xad, 0xf0, 0x83, 0x6f, 0x6b,
    0xb0, 0x6b, 0x52, 0x7c, 0x51, 0x7c, 0x11, 0x7c, 0x11, 0x7c, 0x11, 0x74,
    0x12, 0x74, 0x32, 0x7c, 0x11, 0x74, 0xf1, 0x73, 0x11, 0x74, 0x11, 0x74,
    0xd0, 0x6b, 0xf1, 0x73, 0xd0, 0x6b, 0xb0, 0x6b, 0xf0, 0x73, 0x11, 0x74,
    0x8f, 0x63, 0xaa, 0x5a, 0x49, 0x52, 0x69, 0x52, 0x08, 0x4a, 0xaa, 0x5a,
    0x69, 0x52, 0xaa, 0x5a, 0x6a, 0x52, 0xca, 0x5a, 0x89, 0x5a, 0x8a, 0x5a,
    0x69, 0x52, 0x6a, 0x52, 0x8a, 0x5a, 0x49, 0x4a, 0x8a, 0x52, 0xaa, 0x5a,
    0x89, 0x52, 0xaa, 0x5a, 0x89, 0x52, 0x8a, 0x5a, 0x69, 0x5a, 0xcb, 0x52,
    0xcc, 0x52, 0xcc, 0x52, 0xcc, 0x52, 0xab, 0x52, 0x8f, 0x73, 0xca, 0x5a,
    0x8a, 0x5a, 0x0c, 0x6b, 0x8a, 0x5a, 0xcb, 0x62, 0x0c, 0x73, 0xab, 0x62,
    0x4d, 0x73, 0xb6, 0xbd, 0xf4, 0x94, 0x14, 0x95, 0x4e, 0x5b, 0xb0, 0x6b,
    0x76, 0x9d, 0x72, 0x7c, 0x52, 0x7c, 0x11, 0x74, 0xb0, 0x6b, 0x6f, 0x63,
    0x8f, 0x63, 0xf1, 0x73, 0x31, 0x74, 0x73, 0x84, 0x90, 0x6b, 0x6e, 0x63,
    0xf5, 0x8c, 0x36, 0x95, 0x15, 0x8d, 0xf5, 0x8c, 0xd4, 0x8c, 0xb4, 0x84,
    0x94, 0x7c, 0x93, 0x7c, 0x73, 0x74, 0x73, 0x74, 0x73, 0x7c, 0x52, 0x74,
    0xb0, 0x63, 0x33, 0x7c, 0x52, 0x74, 0x6f, 0x63, 0x4f, 0x63, 0x12, 0x74,
    0xd1, 0x73, 0x6f, 0x63, 0x4f, 0x63, 0x4f, 0x63, 0x4f, 0x63, 0xb0, 0x6b,
    0x11, 0x7c, 0x8f, 0x6b, 0xec, 0x5a, 0x8f, 0x73, 0xf3, 0xa4, 0xf7, 0xcd,
    0xda, 0xe6, 0x58, 0xce, 0xf4, 0xa4, 0x2d, 0x6b, 0x6b, 0x4a, 0x0a, 0x3a,
    0x4a, 0x42, 0x6b, 0x4a, 0x6b, 0x4a, 0x6b, 0x4a, 0x6b, 0x4a, 0x8b, 0x4a,
    0x6b, 0x52, 0x6b, 0x4a, 0x6b, 0x4a, 0x6b, 0x52, 0x6b, 0x52, 0x4a, 0x4a,
    0x4a, 0x4a, 0x4a, 0x4a, 0x2a, 0x4a, 0x2a, 0x4a, 0xac, 0x52, 0x8f, 0x73,
    0x92, 0x94, 0x15, 0xa5, 0xaf, 0x7b, 0x09, 0x4a, 0xcb, 0x62, 0xb6, 0xbd,
    0xb6, 0xbd, 0xb6, 0xbd, 0xb6, 0xbd, 0xb6, 0xbd, 0xb6, 0xbd, 0x75, 0xb5,
    0xd2, 0xa4, 0xc8, 0x41, 0xe8, 0x41, 0xe9, 0x41, 0xe9, 0x41, 0xe9, 0x41,
    0xc8, 0x39, 0x6a, 0x4a, 0x52, 0x8c, 0x96, 0xad, 0x55, 0xa5, 0x55, 0xa5,
    0x55, 0xa5, 0x56, 0xa5, 0x76, 0xa5, 0x75, 0xa5, 0x76, 0xad, 0x76, 0xad,
    0x75, 0xa5, 0x76, 0xa5, 0x76, 0xad, 0x76, 0xa5, 0x95, 0xad, 0x96, 0xad,
    0x76, 0xa5, 0x95, 0xad, 0x76, 0xa5, 0x76, 0xad, 0x76, 0xad, 0x75, 0xa5,
    0x96, 0xad, 0x76, 0xad, 0x76, 0xa5, 0x76, 0xad, 0x76, 0xad, 0x76, 0xa5,
    0x76, 0xad, 0x96, 0xad, 0x96, 0xad, 0x96, 0xad, 0x96, 0xa5, 0x96, 0xa5,
    0x96, 0xad, 0x96, 0xad, 0x96, 0xad, 0x76, 0xad, 0x96, 0xa5, 0x76, 0xad,
    0x76, 0xad, 0x76, 0xad, 0x96, 0xad, 0x76, 0xad, 0x76, 0xad, 0x96, 0xa5,
    0x76, 0xad, 0x96, 0xad, 0x96, 0xa5, 0x96, 0xad, 0x96, 0xad, 0x96, 0xad,
    0x96, 0xa5, 0x96, 0xad, 0x96, 0xad, 0x96, 0xa5, 0xb7, 0xad, 0xb6, 0xad,
    0xb6, 0xad, 0xb6, 0xad, 0xb7, 0xad, 0xb7, 0xad, 0xb6, 0xad, 0x96, 0xa5,
    0xb6, 0xad, 0x96, 0xa5, 0x96, 0xad, 0x96, 0xa5, 0xb6, 0xa5, 0x96, 0xad,
    0x96, 0xa5, 0x96, 0xa5, 0x96, 0xad, 0x96, 0xa5, 0x96, 0xad, 0x96, 0xa5,
    0x3a, 0xef, 0x7b, 0xf7, 0x1a, 0xef, 0x96, 0xad, 0xb6, 0xad, 0xb6, 0xad,
    0xb6, 0xad, 0xb6, 0xad, 0xb6, 0xad, 0xb6, 0xad, 0xb6, 0xad, 0xb6, 0xad,
    0xb6, 0xad, 0xd7, 0xad, 0xb6, 0xad, 0xb7, 0xad, 0xb6, 0xad, 0x53, 0x7c,
    0xdb, 0xde, 0x58, 0xc6, 0x17, 0xb6, 0xf8, 0xb5, 0x18, 0xb6, 0xf7, 0xb5,
    0xba, 0xce, 0x38, 0xbe, 0xf7, 0xb5, 0x17, 0xb6, 0xf7, 0xb5, 0x17, 0xb6,
    0xf8, 0xb5, 0xf7, 0xb5, 0x17, 0xb6, 0xf8, 0xb5, 0xf7, 0xb5, 0xf7, 0xb5,
    0xf7, 0xb5, 0xf7, 0xb5, 0xf7, 0xb5, 0x17, 0xb6, 0x55, 0xa5, 0xe8, 0x69,
    0x49, 0x72, 0xcc, 0x7a, 0x38, 0xbe, 0x18, 0xb6, 0x18, 0xbe, 0x17, 0xb6,
    0xf8, 0xb5, 0x18, 0xb6, 0x17, 0xb6, 0x17, 0xb6, 0x38, 0xbe, 0xb7, 0xad,
    0x11, 0x7c, 0xcc, 0x52, 0xcc, 0x52, 0xed, 0x52, 0xed, 0x52, 0x0d, 0x53,
    0x0d, 0x53, 0x0e, 0x5b, 0x0d, 0x53, 0x0e, 0x53, 0x0e, 0x5b, 0x0d, 0x5b,
    0xed, 0x52, 0xb0, 0x6b, 0xd7, 0xbd, 0xd8, 0xbd, 0xf8, 0xbd, 0x18, 0xc6,
    0xf8, 0xc5, 0xf8, 0xbd, 0x18, 0xc6, 0xf8, 0xc5, 0xf8, 0xbd, 0xd7, 0xbd,
    0xd7, 0xbd, 0xb7, 0xb5, 0x6f, 0x6b, 0xcd, 0x52, 0xcc, 0x52, 0xcd, 0x52,
    0xcc, 0x4a, 0xcc, 0x52, 0xcc, 0x52, 0xac, 0x52, 0xac, 0x4a, 0xac, 0x52,
    0xac, 0x4a, 0x8b, 0x4a, 0x6b, 0x42, 0x4a, 0x42, 0xab, 0x5a, 0x10, 0x84,
    0x74, 0xb5, 0x58, 0xd6, 0x57, 0xd6, 0x95, 0xb5, 0x72, 0x8c, 0x11, 0x7c,
    0x11, 0x74, 0x11, 0x74, 0x11, 0x74, 0x32, 0x7c, 0x31, 0x7c, 0x11, 0x74,
    0xf1, 0x73, 0xd0, 0x6b, 0xf1, 0x73, 0x11, 0x74, 0xf0, 0x73, 0xb0, 0x6b,
    0x11, 0x74, 0xf0, 0x73, 0x8f, 0x63, 0x8a, 0x52, 0x48, 0x4a, 0x69, 0x52,
    0x08, 0x4a, 0x69, 0x52, 0x29, 0x4a, 0x69, 0x52, 0x49, 0x4a, 0x89, 0x52,
    0x48, 0x4a, 0x29, 0x4a, 0x28, 0x4a, 0x28, 0x4a, 0x49, 0x4a, 0x08, 0x42,
    0x69, 0x52, 0x49, 0x4a, 0x08, 0x42, 0x49, 0x4a, 0x28, 0x4a, 0x28, 0x4a,
    0x49, 0x4a, 0xab, 0x52, 0xab, 0x52, 0xac, 0x52, 0xab, 0x52, 0xab, 0x4a,
    0xec, 0x5a, 0x8a, 0x5a, 0x6a, 0x52, 0xab, 0x62, 0x8a, 0x5a, 0xec, 0x62,
    0xaa, 0x62, 0xeb, 0x6a, 0xcb, 0x62, 0x30, 0x8c, 0x72, 0x84, 0x11, 0x74,
    0x4e, 0x63, 0x8f, 0x63, 0xd0, 0x73, 0x8f, 0x6b, 0xd0, 0x6b, 0x6f, 0x63,
    0x4e, 0x63, 0xaf, 0x6b, 0x11, 0x74, 0x31, 0x7c, 0xb4, 0x8c, 0x52, 0x84,
    0x2e, 0x5b, 0x94, 0x84, 0x97, 0xa5, 0x76, 0x9d, 0x36, 0x95, 0x15, 0x95,
    0xf5, 0x8c, 0xd4, 0x84, 0xb4, 0x84, 0x94, 0x7c, 0x73, 0x7c, 0x73, 0x74,
    0x73, 0x74, 0x53, 0x74, 0xb0, 0x63, 0x4f, 0x63, 0x90, 0x63, 0xd1, 0x6b,
    0x4f, 0x5b, 0x90, 0x6b, 0x11, 0x74, 0x6f, 0x63, 0x0d, 0x5b, 0x2d, 0x5b,
    0x6e, 0x6b, 0x31, 0x84, 0x14, 0xa5, 0x38, 0xce, 0xda, 0xe6, 0x59, 0xd6,
    0x14, 0xa5, 0xaf, 0x7b, 0xab, 0x52, 0x09, 0x3a, 0x2a, 0x42, 0x6b, 0x4a,
    0x6b, 0x4a, 0x8b, 0x4a, 0x8b, 0x4a, 0x8b, 0x52, 0x8b, 0x4a, 0x8b, 0x52,
    0x8b, 0x4a, 0x8b, 0x52, 0x6b, 0x52, 0x6b, 0x4a, 0x6b, 0x52, 0x6b, 0x4a,
    0x6b, 0x4a, 0x6b, 0x4a, 0x4a, 0x4a, 0x4b, 0x4a, 0xcd, 0x5a, 0xf1, 0x83,
    0xf4, 0xa4, 0x96, 0xb5, 0xd3, 0x9c, 0xab, 0x5a, 0xe9, 0x41, 0xe9, 0x41,
    0xa8, 0x39, 0x55, 0xb5, 0x75, 0xbd, 0xb6, 0xbd, 0xb6, 0xb5, 0x96, 0xbd,
    0x95, 0xbd, 0x95, 0xb5, 0x13, 0xad, 0x4a, 0x52, 0xe9, 0x41, 0xe8, 0x39,
    0xc8, 0x39, 0xcc, 0x5a, 0xb3, 0x94, 0x96, 0xad, 0x55, 0xa5, 0x55, 0xa5,
    0x55, 0xa5, 0x55, 0xa5, 0x55, 0xa5, 0x76, 0xad, 0x55, 0xa5, 0x55, 0xa5,
    0x76, 0xa5, 0x55, 0xa5, 0xd7, 0xbd, 0x75, 0xa5, 0x76, 0xad, 0x76, 0xad,
    0x76, 0xa5, 0x76, 0xad, 0x76, 0xad, 0x76, 0xa5, 0x96, 0xad, 0x76, 0xad,
    0x76, 0xa5, 0x76, 0xad, 0x76, 0xad, 0x96, 0xad, 0x96, 0xad, 0x96, 0xad,
    0x96, 0xad, 0x96, 0xad, 0x76, 0xa5, 0x76, 0xad, 0x76, 0xad, 0x96, 0xad,
    0x96, 0xa5, 0x97, 0xad, 0x96, 0xa5, 0x96, 0xa5, 0x96, 0xad, 0x96, 0xad,
    0x76, 0xad, 0x96, 0xad, 0x96, 0xa5, 0x76, 0xad, 0x96, 0xad, 0x76, 0xa5,
    0x96, 0xa5, 0x96, 0xa5, 0x96, 0xad, 0x96, 0xad, 0x96, 0xa5, 0x96, 0xa5,
    0x96, 0xad, 0x96, 0xad, 0xb6, 0xa5, 0xb7, 0xad, 0x96, 0xad, 0xb7, 0xa5,
    0x96, 0xa5, 0x96, 0xad, 0x97, 0xa5, 0x96, 0xad, 0x96, 0xad, 0xb6, 0xad,
    0xb7, 0xad, 0xb7, 0xad, 0xb7, 0xad, 0xd7, 0xb5, 0xd7, 0xb5, 0xf7, 0xb5,
    0xf7, 0xbd, 0xf7, 0xbd, 0xf7, 0xbd, 0x17, 0xbe, 0x18, 0xbe, 0x18, 0xbe,
    0x18, 0xbe, 0x38, 0xc6, 0x7b, 0xf7, 0x7b, 0xf7, 0x1a, 0xe7, 0xd7, 0xb5,
    0xb7, 0xb5, 0xb7, 0xad, 0xb7, 0xad, 0xb7, 0xad, 0xb7, 0xad, 0xb6, 0xad,
    0xb6, 0xad, 0xb6, 0xad, 0xb7, 0xad, 0xb6, 0xad, 0xb6, 0xad, 0xb6, 0xad,
    0xd7, 0xad, 0x52, 0x7c, 0xdb, 0xde, 0xdb, 0xde, 0x59, 0xc6, 0xf7, 0xb5,
    0xf7, 0xb5, 0x79, 0xc6, 0xdd, 0xff, 0x7c, 0xef, 0xd7, 0xad, 0x17, 0xb6,
    0x17, 0xb6, 0xf7, 0xad, 0x17, 0xb6, 0xf7, 0xb5, 0x17, 0xb6, 0x17, 0xb6,
    0xf8, 0xb5, 0x18, 0xb6, 0x17, 0xb6, 0xf7, 0xb5, 0xf7, 0xb5, 0x18, 0xb6,
    0x34, 0xa5, 0xe8, 0x69, 0x49, 0x6a, 0xcb, 0x7a, 0x18, 0xbe, 0x18, 0xb6,
    0x17, 0xb6, 0x18, 0xbe, 0x18, 0xbe, 0x18, 0xb6, 0x18, 0xb6, 0x17, 0xb6,
    0x18, 0xb6, 0x17, 0xb6, 0x38, 0xbe, 0xf7, 0xb5, 0x52, 0x84, 0xec, 0x52,
    0xcc, 0x4a, 0xed, 0x52, 0x0d, 0x5b, 0x0d, 0x5b, 0x0e, 0x53, 0x0d, 0x5b,
    0x0d, 0x53, 0xed, 0x52, 0xed, 0x52, 0xd0, 0x73, 0xd8, 0xbd, 0xf8, 0xbd,
    0x18, 0xc6, 0x18, 0xc6, 0x18, 0xc6, 0x18, 0xc6, 0xf8, 0xbd, 0xf8, 0xc5,
    0xf8, 0xbd, 0xf7, 0xbd, 0xb7, 0xbd, 0x36, 0xa5, 0xcd, 0x52, 0xed, 0x52,
    0xcd, 0x52, 0xcd, 0x52, 0xcc, 0x4a, 0xcd, 0x52, 0xcd, 0x52, 0xcc, 0x4a,
    0xcc, 0x52, 0xac, 0x52, 0xac, 0x52, 0xac, 0x52, 0xac, 0x52, 0xac, 0x52,
    0xac, 0x4a, 0x8c, 0x4a, 0x6b, 0x42, 0x4b, 0x42, 0xac, 0x52, 0xcf, 0x83,
    0x54, 0xad, 0xf6, 0xcd, 0x17, 0xce, 0x75, 0xb5, 0xd3, 0x9c, 0x52, 0x84,
    0x11, 0x74, 0x11, 0x74, 0x32, 0x7c, 0xf1, 0x73, 0x8f, 0x63, 0xd0, 0x6b,
    0xf1, 0x73, 0xb0, 0x6b, 0xf0, 0x6b, 0xf1, 0x73, 0xb0, 0x6b, 0x49, 0x52,
    0x08, 0x4a, 0x29, 0x4a, 0x08, 0x42, 0xe8, 0x41, 0x29, 0x4a, 0x28, 0x4a,
    0xe8, 0x41, 0x29, 0x4a, 0x49, 0x4a, 0x28, 0x4a, 0x08, 0x4a, 0xe8, 0x41,
    0x08, 0x4a, 0x08, 0x4a, 0x28, 0x4a, 0x28, 0x4a, 0x08, 0x4a, 0x28, 0x4a,
    0xe7, 0x41, 0x29, 0x4a, 0x28, 0x4a, 0xac, 0x52, 0x8b, 0x4a, 0xab, 0x52,
    0x8b, 0x4a, 0xac, 0x4a, 0x49, 0x4a, 0x08, 0x4a, 0x29, 0x4a, 0x49, 0x52,
    0x69, 0x52, 0xaa, 0x5a, 0x69, 0x5a, 0x8a, 0x5a, 0x49, 0x52, 0xab, 0x62,
    0x8f, 0x6b, 0xf1, 0x73, 0x4e, 0x63, 0x8f, 0x63, 0x6f, 0x63, 0x6e, 0x63,
    0x15, 0x9d, 0xd0, 0x73, 0xf1, 0x73, 0x32, 0x84, 0x11, 0x74, 0x31, 0x74,
    0xb4, 0x8c, 0x2e, 0x63, 0x93, 0x84, 0x56, 0x95, 0x18, 0xb6, 0x97, 0x9d,
    0x36, 0x95, 0x36, 0x95, 0x15, 0x8d, 0xf5, 0x84, 0xb4, 0x84, 0x94, 0x7c,
    0x73, 0x7c, 0x73, 0x74, 0x53, 0x74, 0x73, 0x7c, 0x12, 0x74, 0xb1, 0x6b,
    0xb0, 0x6b, 0x6f, 0x63, 0x2d, 0x63, 0x4e, 0x6b, 0xf0, 0x7b, 0x92, 0x94,
    0xb6, 0xbd, 0x99, 0xd6, 0xda, 0xde, 0x38, 0xce, 0xf3, 0xa4, 0x8e, 0x6b,
    0x8b, 0x4a, 0x2a, 0x42, 0x2a, 0x42, 0x6b, 0x42, 0x6b, 0x4a, 0x6b, 0x4a,
    0x6b, 0x4a, 0x8b, 0x4a, 0x8b, 0x4a, 0x8c, 0x52, 0x8c, 0x52, 0x8b, 0x4a,
    0x8c, 0x52, 0x8c, 0x52, 0x8b, 0x4a, 0x8c, 0x52, 0x8b, 0x52, 0x8b, 0x4a,
    0x8b, 0x52, 0x6b, 0x4a, 0x4b, 0x4a, 0x8b, 0x52, 0x2e, 0x6b, 0x31, 0x8c,
    0x35, 0xa5, 0xd7, 0xbd, 0x96, 0xb5, 0xf0, 0x83, 0x2a, 0x4a, 0x0a, 0x42,
    0x0a, 0x4a, 0x09, 0x42, 0xc8, 0x41, 0x6e, 0x7b, 0x95, 0xbd, 0x96, 0xbd,
    0xb6, 0xbd, 0x96, 0xb5, 0x96, 0xbd, 0x95, 0xbd, 0x34, 0xad, 0x4e, 0x73,
    0xa7, 0x39, 0xec, 0x5a, 0xf4, 0x9c, 0x96, 0xad, 0x55, 0xa5, 0x35, 0xa5,
    0x35, 0xa5, 0x55, 0xa5, 0x56, 0xa5, 0x55, 0xa5, 0x56, 0xa5, 0x76, 0xa5,
    0x55, 0xad, 0x56, 0xa5, 0x76, 0xad, 0x55, 0xa5, 0x59, 0xc6, 0x76, 0xa5,
    0x76, 0xad, 0x96, 0xa5, 0x76, 0xad, 0x75, 0xa5, 0x76, 0xad, 0x76, 0xa5,
    0x75, 0xa5, 0x75, 0xa5, 0x96, 0xad, 0x76, 0xa5, 0x76, 0xa5, 0x76, 0xad,
    0x76, 0xa5, 0x76, 0xa5, 0x96, 0xad, 0x76, 0xad, 0x96, 0xad, 0x96, 0xa5,
    0x76, 0xad, 0x76, 0xad, 0x96, 0xad, 0x96, 0xad, 0x96, 0xad, 0x96, 0xa5,
    0x96, 0xad, 0x96, 0xad, 0x96, 0xad, 0x96, 0xad, 0x96, 0xad, 0x96, 0xad,
    0x96, 0xad, 0x96, 0xad, 0x96, 0xad, 0x96, 0xad, 0x96, 0xa5, 0x96, 0xad,
    0x96, 0xad, 0x96, 0xad, 0xb7, 0xad, 0xb7, 0xad, 0xd7, 0xb5, 0xf7, 0xb5,
    0xf8, 0xbd, 0x18, 0xbe, 0x38, 0xc6, 0x59, 0xc6, 0x59, 0xce, 0x79, 0xce,
    0x79, 0xce, 0x7a, 0xce, 0x9a, 0xd6, 0x99, 0xd6, 0x9a, 0xd6, 0x9a, 0xd6,
    0x9a, 0xd6, 0x9a, 0xd6, 0x9a, 0xd6, 0x9a, 0xd6, 0x9a, 0xd6, 0x9a, 0xd6,
    0x9a, 0xd6, 0x9a, 0xd6, 0x9a, 0xd6, 0x99, 0xd6, 0xda, 0xde, 0xfa, 0xe6,
    0x99, 0xd6, 0x9a, 0xd6, 0x79, 0xce, 0x18, 0xc6, 0xb6, 0xad, 0xb7, 0xad,
    0xb7, 0xad, 0xb6, 0xad, 0xb6, 0xad, 0xb7, 0xad, 0xb6, 0xad, 0xb6, 0xb5,
    0xd7, 0xad, 0xb7, 0xad, 0xb7, 0xad, 0x52, 0x7c, 0xdb, 0xde, 0xfb, 0xde,
    0xda, 0xde, 0x39, 0xc6, 0x18, 0xb6, 0x17, 0xbe, 0x1b, 0xdf, 0x58, 0xc6,
    0xf7, 0xb5, 0x17, 0xb6, 0xf8, 0xb5, 0xf7, 0xb5, 0x17, 0xb6, 0x17, 0xb6,
    0xf7, 0xb5, 0xf7, 0xb5, 0xf7, 0xb5, 0xf7, 0xb5, 0xf7, 0xb5, 0xf7, 0xb5,
    0xf7, 0xb5, 0x17, 0xb6, 0x14, 0xa5, 0xe8, 0x69, 0x29, 0x6a, 0xab, 0x7a,
    0xf8, 0xbd, 0xf7, 0xb5, 0x18, 0xb6, 0xf7, 0xbd, 0x17, 0xb6, 0x18, 0xb6,
    0xf8, 0xbd, 0x18, 0xb6, 0x18, 0xb6, 0x17, 0xb6, 0x18, 0xb6, 0x18, 0xb6,
    0x38, 0xb6, 0x18, 0xbe, 0xf4, 0x94, 0x6f, 0x63, 0xcc, 0x4a, 0xed, 0x52,
    0x0d, 0x5b, 0x0d, 0x53, 0x0d, 0x53, 0x0d, 0x53, 0xed, 0x52, 0x8f, 0x6b,
    0xf8, 0xbd, 0x18, 0xc6, 0x18, 0xc6, 0x18, 0xc6, 0x18, 0xc6, 0x18, 0xc6,
    0x18, 0xc6, 0x18, 0xc6, 0x18, 0xc6, 0xf8, 0xc5, 0xf8, 0xbd, 0x35, 0xa5,
    0xcc, 0x52, 0xcd, 0x52, 0xcd, 0x52, 0xcc, 0x52, 0xcd, 0x52, 0xcc, 0x52,
    0xcd, 0x4a, 0xcc, 0x52, 0xcc, 0x52, 0xcc, 0x4a, 0xac, 0x4a, 0xac, 0x52,
    0xac, 0x4a, 0xcc, 0x52, 0xcc, 0x52, 0xac, 0x52, 0xac, 0x52, 0xac, 0x52,
    0xac, 0x52, 0xac, 0x4a, 0x6b, 0x4a, 0x4b, 0x42, 0x8b, 0x4a, 0x2d, 0x63,
    0xef, 0x83, 0x71, 0x94, 0xb2, 0xa4, 0xd2, 0xa4, 0xd3, 0xa4, 0x92, 0x94,
    0x11, 0x84, 0xaf, 0x73, 0x8f, 0x63, 0x8f, 0x6b, 0xf0, 0x73, 0x11, 0x74,
    0x11, 0x74, 0x08, 0x42, 0x08, 0x4a, 0xc7, 0x41, 0xe7, 0x41, 0xe7, 0x41,
    0xe7, 0x41, 0xe7, 0x41, 0xc7, 0x41, 0xc7, 0x39, 0x0d, 0x63, 0x4a, 0x4a,
    0xe8, 0x41, 0x08, 0x42, 0xe7, 0x41, 0xe7, 0x41, 0xe8, 0x41, 0x28, 0x4a,
    0xe8, 0x41, 0xc7, 0x41, 0xe8, 0x41, 0x08, 0x42, 0x8b, 0x52, 0x4e, 0x63,
    0x8b, 0x4a, 0x8b, 0x4a, 0x8c, 0x4a, 0x8c, 0x4a, 0xe8, 0x41, 0xe8, 0x41,
    0xc7, 0x39, 0x29, 0x4a, 0xe8, 0x41, 0x28, 0x4a, 0x49, 0x52, 0x69, 0x5a,
    0x09, 0x52, 0xcb, 0x62, 0x4e, 0x63, 0xd0, 0x73, 0x6f, 0x63, 0x4e, 0x63,
    0x4f, 0x63, 0x4e, 0x63, 0x4e, 0x63, 0x6f, 0x6b, 0xb0, 0x73, 0x52, 0x7c,
    0x93, 0x84, 0x11, 0x74, 0x8f, 0x63, 0xb0, 0x6b, 0xf1, 0x73, 0x12, 0x7c,
    0xb4, 0x8c, 0xf5, 0x94, 0x15, 0x95, 0x15, 0x8d, 0x15, 0x8d, 0xf5, 0x8c,
    0xd5, 0x84, 0xb4, 0x7c, 0x52, 0x74, 0x11, 0x74, 0xd0, 0x6b, 0xd0, 0x73,
    0xf0, 0x7b, 0x50, 0x8c, 0xd3, 0x9c, 0x96, 0xb5, 0x78, 0xd6, 0x79, 0xce,
    0xf7, 0xc5, 0x35, 0xad, 0x10, 0x84, 0x0d, 0x5b, 0x4a, 0x42, 0x0a, 0x42,
    0x2a, 0x42, 0x6b, 0x4a, 0x6b, 0x4a, 0x6b, 0x4a, 0x8b, 0x4a, 0x8b, 0x4a,
    0x8b, 0x4a, 0x8b, 0x4a, 0x8c, 0x4a, 0x8b, 0x4a, 0x8c, 0x52, 0x8c, 0x52,
    0x8b, 0x52, 0x8c, 0x4a, 0x8c, 0x52, 0x8b, 0x52, 0x8c, 0x4a, 0x8c, 0x52,
    0x8b, 0x4a, 0x6b, 0x4a, 0x6b, 0x4a, 0xcc, 0x5a, 0x8f, 0x73, 0x93, 0x94,
    0x75, 0xad, 0xd7, 0xbd, 0xd7, 0xbd, 0xf4, 0xa4, 0xec, 0x62, 0x0a, 0x42,
    0x2a, 0x4a, 0x2a, 0x4a, 0x2a, 0x4a, 0x09, 0x42, 0x09, 0x42, 0xc8, 0x41,
    0x75, 0xb5, 0x95, 0xbd, 0xb6, 0xbd, 0x95, 0xb5, 0xb6, 0xbd, 0x96, 0xbd,
    0x34, 0xb5, 0x30, 0x94, 0x35, 0xa5, 0x96, 0xad, 0x55, 0xa5, 0x55, 0xa5,
    0x55, 0xa5, 0x55, 0xa5, 0x55, 0xa5, 0x56, 0xa5, 0x55, 0xa5, 0x55, 0xa5,
    0x55, 0xa5, 0x76, 0xa5, 0x75, 0xa5, 0x75, 0xa5, 0x76, 0xad, 0x76, 0xa5,
    0x55, 0xa5, 0x76, 0xad, 0x76, 0xad, 0x76, 0xa5, 0x75, 0xa5, 0x76, 0xad,
    0x76, 0xa5, 0x76, 0xad, 0x76, 0xad, 0x76, 0xa5, 0x76, 0xad, 0x96, 0xad,
    0x76, 0xad, 0x76, 0xa5, 0x76, 0xad, 0x76, 0xad, 0x76, 0xa5, 0x76, 0xa5,
    0x96, 0xad, 0x96, 0xad, 0x96, 0xa5, 0x96, 0xad, 0x96, 0xad, 0x96, 0xad,
    0x96, 0xad, 0x97, 0xad, 0x96, 0xa5, 0x96, 0xa5, 0x96, 0xa5, 0x96, 0xad,
    0xb6, 0xa5, 0x96, 0xa5, 0x96, 0xad, 0xb6, 0xad, 0xd7, 0xb5, 0xf7, 0xb5,
    0x18, 0xbe, 0x18, 0xbe, 0x59, 0xc6, 0x59, 0xce, 0x79, 0xce, 0x79, 0xce,
    0x9a, 0xd6, 0x99, 0xd6, 0x9a, 0xd6, 0x99, 0xd6, 0x7a, 0xd6, 0x9a, 0xd6,
    0x9a, 0xd6, 0x7a, 0xd6, 0x9a, 0xd6, 0x9a, 0xd6, 0x99, 0xd6, 0x99, 0xd6,
    0x9a, 0xd6, 0x9a, 0xd6, 0x9a, 0xd6, 0x9a, 0xd6, 0x9a, 0xd6, 0x9a, 0xd6,
    0x9a, 0xd6, 0x9a, 0xd6, 0x99, 0xd6, 0x9a, 0xd6, 0x99, 0xd6, 0x9a, 0xd6,
    0x9a, 0xd6, 0x9a, 0xd6, 0x79, 0xd6, 0x7a, 0xd6, 0x79, 0xd6, 0x79, 0xce,
    0x59, 0xce, 0xb6, 0xad, 0xb6, 0xad, 0xb6, 0xad, 0xb7, 0xad, 0xb7, 0xad,
    0xb6, 0xad, 0xb7, 0xad, 0xb7, 0xad, 0xb6, 0xad, 0xb6, 0xb5, 0x52, 0x7c,
    0xfb, 0xde, 0xfb, 0xde, 0xdb, 0xde, 0xdb, 0xde, 0x59, 0xc6, 0x18, 0xb6,
    0xf8, 0xb5, 0xf8, 0xb5, 0x17, 0xb6, 0xf7, 0xb5, 0x18, 0xb6, 0x17, 0xb6,
    0xf8, 0xb5, 0xf8, 0xb5, 0xf7, 0xb5, 0xf7, 0xb5, 0xf7, 0xb5, 0xf7, 0xb5,
    0xf8, 0xb5, 0xf7, 0xb5, 0xf7, 0xb5, 0x17, 0xb6, 0xf4, 0xa4, 0xe8, 0x69,
    0x29, 0x6a, 0x8b, 0x7a, 0xb7, 0xb5, 0x17, 0xb6, 0x18, 0xbe, 0x18, 0xb6,
    0xf7, 0xb5, 0x17, 0xbe, 0x18, 0xb6, 0x17, 0xb6, 0x18, 0xb6, 0x18, 0xb6,
    0xf7, 0xb5, 0x17, 0xb6, 0x18, 0xb6, 0xf7, 0xb5, 0x17, 0xb6, 0x38, 0xbe,
    0xb7, 0xad, 0x31, 0x7c, 0x0d, 0x53, 0xcd, 0x52, 0x0d, 0x53, 0x0d, 0x5b,
    0xed, 0x52, 0x4e, 0x5b, 0xd7, 0xbd, 0x18, 0xc6, 0x18, 0xc6, 0x18, 0xc6,
    0x18, 0xc6, 0x18, 0xc6, 0x18, 0xc6, 0x18, 0xc6, 0x18, 0xc6, 0x18, 0xc6,
    0x18, 0xbe, 0xb7, 0xb5, 0xaf, 0x6b, 0xcc, 0x52, 0xcd, 0x52, 0xcd, 0x52,
    0xcd, 0x52, 0xcc, 0x52, 0xcc, 0x52, 0xad, 0x52, 0xcd, 0x52, 0xcc, 0x52,
    0xcc, 0x52, 0xcc, 0x52, 0xcc, 0x52, 0xcc, 0x4a, 0xcc, 0x52, 0xcc, 0x52,
    0xcc, 0x52, 0xcc, 0x52, 0xcc, 0x52, 0xcc, 0x52, 0xcc, 0x52, 0xcc, 0x52,
    0xcc, 0x52, 0xcc, 0x52, 0xac, 0x52, 0xac, 0x4a, 0xac, 0x4a, 0x8b, 0x4a,
    0xac, 0x4a, 0xec, 0x5a, 0x2d, 0x6b, 0x8e, 0x73, 0x6f, 0x7b, 0x6e, 0x73,
    0x0d, 0x6b, 0xcc, 0x62, 0x0d, 0x63, 0xcc, 0x5a, 0x08, 0x4a, 0xe7, 0x41,
    0xe8, 0x41, 0xa7, 0x39, 0xe7, 0x41, 0xe8, 0x41, 0xa7, 0x31, 0x8a, 0x4a,
    0x6f, 0x6b, 0xaf, 0x73, 0x29, 0x4a, 0xc7, 0x41, 0xc7, 0x41, 0xa6, 0x39,
    0xa7, 0x39, 0xa7, 0x39, 0xa6, 0x39, 0x86, 0x39, 0xe7, 0x41, 0xc7, 0x41,
    0x0d, 0x5b, 0xac, 0x52, 0x8b, 0x4a, 0x8b, 0x4a, 0x6b, 0x4a, 0x6b, 0x4a,
    0xcc, 0x5a, 0x86, 0x31, 0x86, 0x39, 0xc7, 0x41, 0xe7, 0x41, 0xc7, 0x41,
    0xc7, 0x41, 0xc7, 0x39, 0x6a, 0x52, 0x8a, 0x52, 0x4e, 0x63, 0x4e, 0x6b,
    0x6f, 0x63, 0x4e, 0x63, 0x4e, 0x63, 0x4e, 0x63, 0x4f, 0x63, 0x4e, 0x6b,
    0x4e, 0x63, 0x32, 0x7c, 0x31, 0x7c, 0xb0, 0x6b, 0x8f, 0x6b, 0x52, 0x7c,
    0x12, 0x7c, 0xaf, 0x6b, 0x0e, 0x5b, 0x4f, 0x63, 0x52, 0x7c, 0x72, 0x84,
    0x52, 0x84, 0x31, 0x84, 0x51, 0x8c, 0x92, 0x94, 0x55, 0xb5, 0x17, 0xc6,
    0x79, 0xd6, 0xda, 0xde, 0x18, 0xc6, 0x55, 0xad, 0x51, 0x8c, 0x2d, 0x63,
    0x8b, 0x4a, 0x2a, 0x42, 0x2a, 0x42, 0x4b, 0x42, 0x8b, 0x4a, 0x8b, 0x4a,
    0x8c, 0x4a, 0x8b, 0x4a, 0x8b, 0x4a, 0x8c, 0x4a, 0x8b, 0x4a, 0x8b, 0x4a,
    0x8c, 0x4a, 0x8b, 0x4a, 0x8c, 0x4a, 0x8b, 0x4a, 0x8b, 0x4a, 0x8b, 0x4a,
    0x8c, 0x4a, 0x8c, 0x52, 0x8b, 0x4a, 0x8b, 0x52, 0x8c, 0x52, 0x8b, 0x4a,
    0x8b, 0x52, 0x8c, 0x4a, 0xac, 0x52, 0x4e, 0x6b, 0x32, 0x84, 0xf4, 0xa4,
    0x76, 0xb5, 0xd7, 0xbd, 0xf7, 0xbd, 0x96, 0xb5, 0xf1, 0x83, 0x2a, 0x4a,
    0x2a, 0x4a, 0x4a, 0x4a, 0x4a, 0x4a, 0x4a, 0x4a, 0x2a, 0x4a, 0x2a, 0x4a,
    0x0a, 0x42, 0xe8, 0x41, 0x4e, 0x73, 0xb6, 0xbd, 0x96, 0xbd, 0xb6, 0xbd,
    0xb5, 0xb5, 0x95, 0xb5, 0x55, 0xb5, 0x51, 0x9c, 0x56, 0xa5, 0x56, 0xad,
    0x56, 0xa5, 0x56, 0xa5, 0x55, 0xa5, 0x55, 0xa5, 0x56, 0xa5, 0x55, 0xa5,
    0x55, 0xa5, 0x55, 0xa5, 0x56, 0xa5, 0x55, 0xad, 0x56, 0xa5, 0x75, 0xa5,
    0x76, 0xad, 0x76, 0xa5, 0x76, 0xa5, 0x75, 0xad, 0x76, 0xad, 0x76, 0xad,
    0x76, 0xa5, 0x75, 0xad, 0x76, 0xa5, 0x75, 0xad, 0x76, 0xa5, 0x76, 0xad,
    0x75, 0xa5, 0x76, 0xad, 0x96, 0xad, 0x76, 0xa5, 0x96, 0xad, 0x76, 0xad,
    0x76, 0xa5, 0x76, 0xad, 0x76, 0xad, 0x76, 0xad, 0x96, 0xa5, 0x96, 0xa5,
    0x96, 0xa5, 0x96, 0xad, 0x96, 0xad, 0x96, 0xad, 0x96, 0xad, 0x97, 0xad,
    0xb7, 0xad, 0xf7, 0xb5, 0x18, 0xc6, 0x59, 0xc6, 0x79, 0xce, 0x7a, 0xd6,
    0x7a, 0xd6, 0x79, 0xd6, 0x79, 0xd6, 0x99, 0xd6, 0x99, 0xce, 0x99, 0xce,
    0x9a, 0xd6, 0x99, 0xd6, 0x9a, 0xce, 0x9a, 0xd6, 0x99, 0xd6, 0x9a, 0xd6,
    0x9a, 0xd6, 0x99, 0xd6, 0x99, 0xd6, 0x9a, 0xce, 0x9a, 0xd6, 0x99, 0xd6,
    0x9a, 0xd6, 0x9a, 0xd6, 0x9a, 0xd6, 0x9a, 0xd6, 0x99, 0xd6, 0x9a, 0xd6,
    0x9a, 0xd6, 0x9a, 0xd6, 0x9a, 0xd6, 0x9a, 0xd6, 0x9a, 0xd6, 0x9a, 0xd6,
    0x9a, 0xd6, 0x9a, 0xd6, 0x9a, 0xd6, 0x99, 0xd6, 0x9a, 0xd6, 0x9a, 0xce,
    0x99, 0xd6, 0x79, 0xce, 0x79, 0xce, 0xb6, 0xad, 0xb6, 0xad, 0xb7, 0xad,
    0xb6, 0xad, 0xb6, 0xad, 0xb7, 0xad, 0xb6, 0xad, 0xb6, 0xad, 0xb7, 0xad,
    0xd6, 0xad, 0x52, 0x7c, 0xdb, 0xde, 0xfb, 0xde, 0xfb, 0xde, 0xfb, 0xde,
    0xdb, 0xde, 0x79, 0xc6, 0x17, 0xb6, 0x18, 0xb6, 0x17, 0xb6, 0xf7, 0xb5,
    0x17, 0xb6, 0x17, 0xb6, 0x17, 0xb6, 0x17, 0xb6, 0xf7, 0xb5, 0xf7, 0xb5,
    0x17, 0xb6, 0x17, 0xb6, 0xf7, 0xb5, 0xf7, 0xb5, 0xf7, 0xb5, 0x17, 0xb6,
    0xd3, 0x9c, 0xe8, 0x69, 0x49, 0x72, 0x8b, 0x7a, 0x76, 0xad, 0x17, 0xbe,
    0x18, 0xb6, 0x18, 0xb6, 0x18, 0xbe, 0xf8, 0xb5, 0x17, 0xbe, 0x18, 0xbe,
    0xf7, 0xb5, 0x18, 0xb6, 0x18, 0xb6, 0x17, 0xb6, 0x18, 0xb6, 0x18, 0xb6,
    0x17, 0xb6, 0xf8, 0xb5, 0xf7, 0xb5, 0x18, 0xb6, 0xf8, 0xad, 0xd4, 0x94,
    0x6f, 0x63, 0xcc, 0x4a, 0xed, 0x52, 0x0d, 0x5b, 0x76, 0xad, 0x39, 0xc6,
    0x18, 0xc6, 0x19, 0xc6, 0x19, 0xc6, 0x18, 0xc6, 0x19, 0xc6, 0x18, 0xc6,
    0x18, 0xc6, 0x19, 0xc6, 0x18, 0xc6, 0xf8, 0xc5, 0x76, 0xad, 0xd0, 0x73,
    0xcc, 0x52, 0xcd, 0x52, 0xcd, 0x52, 0xcd, 0x52, 0xcc, 0x52, 0xcc, 0x52,
    0xcd, 0x52, 0xcc, 0x52, 0xcd, 0x52, 0xcd, 0x52, 0xcc, 0x52, 0xcd, 0x52,
    0xcd, 0x52, 0xcc, 0x52, 0xcc, 0x4a, 0xcc, 0x52, 0xcc, 0x4a, 0xcc, 0x52,
    0xcc, 0x52, 0xcd, 0x52, 0xcc, 0x52, 0xcc, 0x52, 0xcc, 0x52, 0xcc, 0x52,
    0xcc, 0x52, 0xcc, 0x52, 0xcc, 0x52, 0xac, 0x52, 0xac, 0x4a, 0xac, 0x4a,
    0x8b, 0x4a, 0x8b, 0x4a, 0x8b, 0x4a, 0xcc, 0x52, 0xcc, 0x5a, 0xec, 0x5a,
    0xec, 0x62, 0xab, 0x5a, 0xe8, 0x41, 0xc7, 0x39, 0xa7, 0x39, 0x29, 0x4a,
    0xec, 0x62, 0xed, 0x62, 0x0d, 0x63, 0x4e, 0x6b, 0xd0, 0x7b, 0x66, 0x31,
    0x86, 0x39, 0xc7, 0x39, 0xc7, 0x41, 0xc7, 0x39, 0xc7, 0x39, 0x86, 0x31,
    0xa7, 0x39, 0xab, 0x52, 0xf1, 0x7b, 0xac, 0x52, 0x6b, 0x4a, 0x6b, 0x4a,
    0x6a, 0x4a, 0x6a, 0x42, 0x4e, 0x63, 0xc8, 0x41, 0x86, 0x31, 0x86, 0x31,
    0x86, 0x31, 0x86, 0x39, 0xa6, 0x39, 0xc7, 0x39, 0xe8, 0x41, 0x35, 0xa5,
    0xd1, 0x7b, 0x2e, 0x63, 0x2e, 0x63, 0x4e, 0x63, 0x2e, 0x63, 0x2e, 0x63,
    0x2e, 0x63, 0x2e, 0x5b, 0x4e, 0x63, 0x6e, 0x63, 0x2e, 0x63, 0x2d, 0x63,
    0x8f, 0x6b, 0x10, 0x7c, 0x72, 0x8c, 0xb2, 0x94, 0xf4, 0x9c, 0x55, 0xad,
    0xf7, 0xc5, 0x79, 0xd6, 0x79, 0xd6, 0x58, 0xce, 0xd6, 0xbd, 0xd3, 0x9c,
    0xf0, 0x7b, 0x2d, 0x63, 0x8b, 0x4a, 0x4a, 0x42, 0x2a, 0x42, 0x4b, 0x42,
    0x8b, 0x4a, 0x8c, 0x4a, 0x8b, 0x4a, 0x8c, 0x4a, 0x8c, 0x4a, 0x8c, 0x4a,
    0xab, 0x4a, 0xac, 0x52, 0x8c, 0x4a, 0x8b, 0x4a, 0x8b, 0x4a, 0x8c, 0x4a,
    0x8b, 0x4a, 0x8c, 0x4a, 0xac, 0x52, 0xab, 0x52, 0x8b, 0x4a, 0x8c, 0x4a,
    0x8b, 0x52, 0x8b, 0x4a, 0xac, 0x52, 0x8c, 0x52, 0x8b, 0x4a, 0xab, 0x52,
    0x8c, 0x4a, 0x8b, 0x4a, 0xed, 0x5a, 0xb0, 0x73, 0x93, 0x94, 0x56, 0xad,
    0xb7, 0xb5, 0xd7, 0xbd, 0xf8, 0xbd, 0xd7, 0xbd, 0x15, 0xa5, 0x2e, 0x6b,
    0x2a, 0x42, 0x4a, 0x4a, 0x4a, 0x4a, 0x4a, 0x4a, 0x4a, 0x4a, 0x4a, 0x4a,
    0x2a, 0x4a, 0x2a, 0x4a, 0x09, 0x42, 0xe9, 0x41, 0x68, 0x39, 0x34, 0xb5,
    0xb5, 0xbd, 0xb6, 0xbd, 0x96, 0xbd, 0x95, 0xb5, 0x75, 0xb5, 0x51, 0x9c,
    0x36, 0xad, 0x55, 0xad, 0x75, 0xa5, 0x56, 0xa5, 0x55, 0xa5, 0x55, 0xa5,
    0x55, 0xa5, 0x55, 0xa5, 0x55, 0xa5, 0x56, 0xa5, 0x55, 0xa5, 0x55, 0xa5,
    0x76, 0xa5, 0x56, 0xa5, 0x75, 0xad, 0x76, 0xad, 0x76, 0xa5, 0x76, 0xa5,
    0x75, 0xa5, 0x76, 0xad, 0x76, 0xa5, 0x76, 0xa5, 0x76, 0xad, 0x75, 0xa5,
    0x76, 0xad, 0x76, 0xa5, 0x75, 0xa5, 0x76, 0xa5, 0x75, 0xad, 0x75, 0xa5,
    0x76, 0xad, 0x76, 0xad, 0x96, 0xa5, 0x76, 0xad, 0x76, 0xad, 0x96, 0xad,
    0x96, 0xad, 0x76, 0xa5, 0x96, 0xa5, 0x96, 0xad, 0xb7, 0xad, 0xf7, 0xb5,
    0x38, 0xbe, 0x59, 0xce, 0x79, 0xce, 0x7a, 0xd6, 0x79, 0xd6, 0x79, 0xd6,
    0x79, 0xd6, 0x79, 0xce, 0x79, 0xce, 0x7a, 0xd6, 0x79, 0xd6, 0x9a, 0xd6,
    0x9a, 0xd6, 0x99, 0xd6, 0x9a, 0xd6, 0x99, 0xce, 0x9a, 0xd6, 0x9a, 0xd6,
    0x99, 0xce, 0x9a, 0xd6, 0x9a, 0xce, 0x99, 0xd6, 0x9a, 0xd6, 0x99, 0xd6,
    0x99, 0xd6, 0x7a, 0xd6, 0x9a, 0xd6, 0x99, 0xd6, 0x9a, 0xd6, 0x9a, 0xd6,
    0x9a, 0xd6, 0x99, 0xd6, 0x9a, 0xd6, 0x9a, 0xd6, 0x9a, 0xd6, 0x99, 0xd6,
    0x9a, 0xd6, 0x9a, 0xd6, 0x99, 0xd6, 0x9a, 0xd6, 0x99, 0xd6, 0x9a, 0xd6,
    0x9a, 0xd6, 0x99, 0xce, 0x79, 0xce, 0x79, 0xce, 0xf8, 0xbd, 0xb6, 0xad,
    0xb7, 0xad, 0xb7, 0xad, 0xb6, 0xad, 0xb7, 0xad, 0xb7, 0xad, 0xb6, 0xad,
    0xb7, 0xad, 0xb7, 0xad, 0xb7, 0xad, 0x52, 0x7c, 0x9a, 0xd6, 0xdb, 0xde,
    0xfb, 0xde, 0xfb, 0xde, 0xdb, 0xde, 0xdb, 0xde, 0x58, 0xc6, 0x18, 0xb6,
    0x18, 0xbe, 0xf7, 0xb5, 0xf7, 0xb5, 0x18, 0xb6, 0xf7, 0xb5, 0x17, 0xb6,
    0xf7, 0xb5, 0xf7, 0xb5, 0xf7, 0xb5, 0xf7, 0xb5, 0xf8, 0xb5, 0xf7, 0xb5,
    0xf7, 0xb5, 0x17, 0xb6, 0xb3, 0x9c, 0xe8, 0x69, 0x6a, 0x72, 0x8b, 0x7a,
    0x34, 0xad, 0x17, 0xb6, 0x18, 0xb6, 0x17, 0xbe, 0x17, 0xb6, 0x18, 0xb6,
    0x18, 0xb6, 0x17, 0xb6, 0x18, 0xbe, 0x18, 0xb6, 0x17, 0xb6, 0x18, 0xb6,
    0xf7, 0xb5, 0x18, 0xb6, 0x18, 0xb6, 0x17, 0xb6, 0x18, 0xb6, 0xf7, 0xb5,
    0xf7, 0xad, 0xd7, 0xad, 0xf8, 0xad, 0x96, 0xa5, 0x31, 0x74, 0xcc, 0x4a,
    0x52, 0x84, 0x18, 0xc6, 0x18, 0xc6, 0x19, 0xc6, 0x38, 0xc6, 0x18, 0xc6,
    0x18, 0xc6, 0x19, 0xc6, 0x18, 0xc6, 0x19, 0xc6, 0x18, 0xc6, 0x18, 0xc6,
    0x18, 0xc6, 0xd7, 0xbd, 0xd4, 0x9c, 0x4e, 0x63, 0xcc, 0x52, 0xcd, 0x52,
    0xcd, 0x5a, 0xcc, 0x52, 0xcc, 0x52, 0xcc, 0x52, 0xcc, 0x52, 0xcd, 0x52,
    0xcc, 0x52, 0xcc, 0x52, 0xcd, 0x52, 0xcc, 0x52, 0xcd, 0x52, 0xcd, 0x52,
    0xcc, 0x52, 0xcd, 0x52, 0xcc, 0x52, 0xcd, 0x52, 0xcd, 0x52, 0xcc, 0x52,
    0xcd, 0x52, 0xcd, 0x52, 0xcc, 0x52, 0xcc, 0x52, 0xcd, 0x52, 0xcc, 0x52,
    0xac, 0x4a, 0xac, 0x4a, 0xac, 0x52, 0x8c, 0x52, 0xac, 0x4a, 0xab, 0x4a,
    0x8c, 0x52, 0x8c, 0x4a, 0x8b, 0x4a, 0x8b, 0x4a, 0xac, 0x52, 0xab, 0x52,
    0xcc, 0x52, 0xec, 0x5a, 0xec, 0x5a, 0xec, 0x62, 0xed, 0x62, 0xec, 0x62,
    0xec, 0x5a, 0xed, 0x62, 0xab, 0x5a, 0xa7, 0x39, 0xa7, 0x39, 0xa7, 0x39,
    0x86, 0x39, 0x66, 0x31, 0x0d, 0x63, 0x0d, 0x63, 0x2e, 0x6b, 0xcc, 0x52,
    0x8b, 0x4a, 0x6b, 0x4a, 0x6b, 0x4a, 0x6b, 0x4a, 0x0d, 0x5b, 0x0d, 0x63,
    0x05, 0x29, 0x45, 0x31, 0x46, 0x31, 0x46, 0x31, 0x45, 0x31, 0x6a, 0x52,
    0xef, 0x83, 0x30, 0x8c, 0x31, 0x8c, 0x10, 0x84, 0x10, 0x8c, 0x71, 0x94,
    0xb2, 0x9c, 0x13, 0xad, 0x75, 0xb5, 0xb6, 0xbd, 0xf7, 0xc5, 0x38, 0xce,
    0x59, 0xd6, 0x59, 0xd6, 0x38, 0xce, 0xd7, 0xbd, 0x75, 0xb5, 0xd3, 0xa4,
    0x31, 0x84, 0x8e, 0x6b, 0xec, 0x5a, 0x8c, 0x52, 0x4a, 0x42, 0x2a, 0x42,
    0x4b, 0x42, 0x6b, 0x4a, 0x8c, 0x4a, 0x8c, 0x52, 0x8c, 0x52, 0xac, 0x52,
    0xac, 0x52, 0xac, 0x52, 0xac, 0x4a, 0xac, 0x52, 0xab, 0x52, 0xac, 0x52,
    0xac, 0x4a, 0xab, 0x52, 0xac, 0x52, 0x8b, 0x4a, 0xac, 0x52, 0xac, 0x52,
    0xab, 0x4a, 0xac, 0x52, 0xac, 0x52, 0x8b, 0x4a, 0xac, 0x4a, 0x8b, 0x4a,
    0x8b, 0x4a, 0x8c, 0x4a, 0xac, 0x4a, 0x8b, 0x4a, 0x8b, 0x52, 0x8c, 0x52,
    0x8b, 0x4a, 0x8c, 0x52, 0x0d, 0x5b, 0x31, 0x84, 0x15, 0x9d, 0x76, 0xad,
    0xb7, 0xb5, 0xd7, 0xbd, 0xf8, 0xbd, 0xf8, 0xbd, 0xb7, 0xbd, 0x72, 0x8c,
    0x8b, 0x52, 0x4a, 0x4a, 0x4a, 0x4a, 0x4a, 0x4a, 0x4a, 0x4a, 0x4a, 0x4a,
    0x4b, 0x4a, 0x4a, 0x4a, 0x2a, 0x4a, 0x09, 0x42, 0xe9, 0x41, 0x0d, 0x63,
    0xf4, 0x9c, 0x13, 0xa5, 0x96, 0xbd, 0xb6, 0xbd, 0x96, 0xbd, 0x95, 0xbd,
    0x55, 0xb5, 0x71, 0xa4, 0x76, 0xad, 0x75, 0xa5, 0x76, 0xa5, 0x56, 0xad,
    0x55, 0xa5, 0x56, 0xa5, 0x55, 0xa5, 0x55, 0xa5, 0x56, 0xa5, 0x55, 0xa5,
    0x55, 0xa5, 0x55, 0xa5, 0x76, 0xad, 0x55, 0xa5, 0x76, 0xa5, 0x76, 0xad,
    0x75, 0xad, 0x76, 0xa5, 0x76, 0xad, 0x75, 0xad, 0x76, 0xa5, 0x76, 0xad,
    0x76, 0xad, 0x76, 0xa5, 0x76, 0xad, 0x76, 0xad, 0x76, 0xa5, 0x76, 0xad,
    0x76, 0xa5, 0x76, 0xa5, 0x75, 0xad, 0x76, 0xad, 0x76, 0xa5, 0x76, 0xa5,
    0x76, 0xa5, 0x96, 0xa5, 0x96, 0xad, 0xd7, 0xb5, 0x18, 0xc6, 0x59, 0xce,
    0x79, 0xce, 0x79, 0xce, 0x79, 0xd6, 0x79, 0xce, 0x7a, 0xd6, 0x79, 0xd6,
    0x9a, 0xce, 0x7a, 0xd6, 0x79, 0xd6, 0x9a, 0xce, 0x99, 0xd6, 0x79, 0xd6,
    0x9a, 0xce, 0x99, 0xce, 0x79, 0xd6, 0x7a, 0xd6, 0x99, 0xd6, 0x99, 0xce,
    0x79, 0xce, 0x79, 0xce, 0x99, 0xce, 0x79, 0xce, 0x79, 0xce, 0x79, 0xce,
    0x79, 0xce, 0x59, 0xce, 0x59, 0xce, 0x59, 0xce, 0x79, 0xce, 0x79, 0xce,
    0x99, 0xd6, 0x9a, 0xd6, 0x9a, 0xd6, 0x9a, 0xd6, 0x99, 0xd6, 0x9a, 0xd6,
    0x9a, 0xd6, 0x99, 0xd6, 0x9a, 0xd6, 0x9a, 0xd6, 0x99, 0xd6, 0x9a, 0xd6,
    0x9a, 0xd6, 0x79, 0xd6, 0x79, 0xd6, 0x9a, 0xd6, 0x59, 0xce, 0xd7, 0xb5,
    0x96, 0xad, 0x96, 0xad, 0xb6, 0xad, 0xb6, 0xad, 0xb6, 0xad, 0xb6, 0xad,
    0xb6, 0xad, 0xb6, 0xad, 0xb6, 0xad, 0xb6, 0xad, 0xb7, 0xad, 0x32, 0x7c,
    0x18, 0xc6, 0x59, 0xce, 0xba, 0xd6, 0xfb, 0xde, 0xfb, 0xde, 0xdb, 0xde,
    0xdb, 0xde, 0x59, 0xc6, 0x17, 0xbe, 0x17, 0xb6, 0xf8, 0xb5, 0xf7, 0xb5,
    0x17, 0xb6, 0xf8, 0xbd, 0x18, 0xb6, 0xf7, 0xb5, 0xf7, 0xb5, 0xf7, 0xb5,
    0xf8, 0xb5, 0xf7, 0xb5, 0xf7, 0xb5, 0x17, 0xb6, 0x92, 0x9c, 0xe8, 0x69,
    0x8b, 0x72, 0xab, 0x7a, 0xd3, 0xa4, 0x18, 0xbe, 0x18, 0xb6, 0xf7, 0xbd,
    0xf7, 0xb5, 0x17, 0xb6, 0x18, 0xb6, 0xf7, 0xb5, 0x17, 0xb6, 0x17, 0xb6,
    0xf8, 0xb5, 0x17, 0xb6, 0x17, 0xb6, 0x17, 0xb6, 0x18, 0xb6, 0x17, 0xb6,
    0x18, 0xb6, 0xf7, 0xb5, 0xf7, 0xb5, 0xf7, 0xad, 0xf7, 0xad, 0xd7, 0xad,
    0xf7, 0xad, 0xf7, 0xad, 0x35, 0x9d, 0xd7, 0xb5, 0x18, 0xc6, 0xf8, 0xbd,
    0x18, 0xc6, 0x18, 0xc6, 0x18, 0xbe, 0x39, 0xc6, 0x18, 0xc6, 0x18, 0xc6,
    0x39, 0xc6, 0x19, 0xc6, 0x18, 0xc6, 0x18, 0xc6, 0x18, 0xc6, 0xb7, 0xb5,
    0x93, 0x94, 0x4e, 0x63, 0xac, 0x52, 0xcd, 0x52, 0xcd, 0x52, 0xcd, 0x52,
    0xcc, 0x52, 0xed, 0x52, 0xec, 0x52, 0xec, 0x52, 0xcd, 0x52, 0xcc, 0x52,
    0xed, 0x52, 0xcc, 0x52, 0xcd, 0x52, 0xed, 0x52, 0xcc, 0x52, 0xec, 0x52,
    0xed, 0x52, 0xed, 0x52, 0xec, 0x52, 0xed, 0x52, 0xcd, 0x52, 0xcc, 0x52,
    0xcd, 0x52, 0xcc, 0x52, 0xcc, 0x52, 0xac, 0x4a, 0xac, 0x52, 0xac, 0x4a,
    0xac, 0x52, 0xab, 0x52, 0xac, 0x4a, 0xab, 0x4a, 0xac, 0x52, 0xac, 0x4a,
    0xab, 0x4a, 0xac, 0x52, 0xab, 0x52, 0x8c, 0x4a, 0x8c, 0x4a, 0xac, 0x4a,
    0x8c, 0x4a, 0x8b, 0x4a, 0x8b, 0x4a, 0x8b, 0x4a, 0xac, 0x52, 0xcc, 0x52,
    0xcd, 0x52, 0xcd, 0x5a, 0xec, 0x5a, 0xed, 0x5a, 0xed, 0x5a, 0xcc, 0x5a,
    0xed, 0x5a, 0x8b, 0x4a, 0x8b, 0x4a, 0x8b, 0x4a, 0x8b, 0x4a, 0x6b, 0x4a,
    0xcc, 0x52, 0x0d, 0x5b, 0xcc, 0x5a, 0x6a, 0x4a, 0x6a, 0x52, 0x8b, 0x52,
    0xcc, 0x5a, 0xec, 0x5a, 0xcf, 0x7b, 0xd3, 0x9c, 0xb3, 0x94, 0x72, 0x8c,
    0x51, 0x84, 0x11, 0x84, 0xd0, 0x7b, 0x8f, 0x6b, 0x4d, 0x6b, 0x0d, 0x5b,
    0xcc, 0x52, 0x8b, 0x4a, 0x6b, 0x4a, 0x6b, 0x4a, 0x6b, 0x4a, 0x6b, 0x42,
    0x6b, 0x4a, 0x8b, 0x4a, 0xac, 0x52, 0xac, 0x52, 0xcc, 0x52, 0xac, 0x52,
    0xac, 0x52, 0xac, 0x52, 0xac, 0x52, 0xac, 0x52, 0xac, 0x52, 0xac, 0x52,
    0xac, 0x52, 0xac, 0x4a, 0xac, 0x52, 0xab, 0x4a, 0xac, 0x52, 0xac, 0x52,
    0xac, 0x52, 0xac, 0x52, 0xab, 0x4a, 0xac, 0x52, 0xac, 0x4a, 0xab, 0x4a,
    0xac, 0x52, 0x8b, 0x4a, 0x8b, 0x4a, 0xac, 0x52, 0x8b, 0x4a, 0xab, 0x4a,
    0x8c, 0x52, 0x8b, 0x4a, 0x8b, 0x4a, 0x8c, 0x52, 0x8b, 0x4a, 0x8b, 0x4a,
    0x8c, 0x4a, 0xcc, 0x52, 0x8f, 0x73, 0xb3, 0x94, 0x56, 0xad, 0x96, 0xb5,
    0xb7, 0xb5, 0xd7, 0xbd, 0xf8, 0xbd, 0xf8, 0xc5, 0xf8, 0xbd, 0x35, 0xa5,
    0x8f, 0x73, 0x4b, 0x4a, 0x4b, 0x4a, 0x4a, 0x4a, 0x4b, 0x4a, 0x4b, 0x4a,
    0x4a, 0x4a, 0x4a, 0x4a, 0x2a, 0x42, 0x09, 0x42, 0x0d, 0x5b, 0x72, 0x8c,
    0xd7, 0xb5, 0xf7, 0xb5, 0xb6, 0xad, 0x76, 0xad, 0xf4, 0xac, 0xb5, 0xbd,
    0x95, 0xb5, 0x95, 0xb5, 0x55, 0xb5, 0x51, 0x9c, 0x76, 0xad, 0x76, 0xa5,
    0x76, 0xa5, 0x55, 0xa5, 0x76, 0xa5, 0x55, 0xa5, 0x56, 0xa5, 0x55, 0xa5,
    0x55, 0xa5, 0x55, 0xa5, 0x56, 0xa5, 0x56, 0xa5, 0x75, 0xa5, 0x55, 0xa5,
    0x76, 0xa5, 0x75, 0xa5, 0x76, 0xad, 0x76, 0xa5, 0x76, 0xad, 0x76, 0xa5,
    0x75, 0xa5, 0x76, 0xad, 0x75, 0xa5, 0x76, 0xa5, 0x75, 0xad, 0x76, 0xa5,
    0x76, 0xad, 0x75, 0xa5, 0x76, 0xa5, 0x75, 0xa5, 0x95, 0xa5, 0x96, 0xad,
    0xb6, 0xb5, 0xf7, 0xb5, 0x18, 0xc6, 0x59, 0xce, 0x79, 0xce, 0x79, 0xd6,
    0x79, 0xce, 0x59, 0xce, 0x59, 0xce, 0x59, 0xce, 0x59, 0xce, 0x59, 0xce,
    0x59, 0xce, 0x59, 0xc6, 0x38, 0xc6, 0x38, 0xc6, 0x38, 0xc6, 0x38, 0xc6,
    0x18, 0xbe, 0x18, 0xbe, 0x18, 0xbe, 0xf7, 0xb5, 0xf7, 0xb5, 0xd7, 0xb5,
    0xd7, 0xb5, 0xd7, 0xb5, 0xd7, 0xb5, 0xd7, 0xb5, 0xb7, 0xad, 0xd6, 0xad,
    0xb7, 0xb5, 0xb7, 0xad, 0xb7, 0xad, 0xb7, 0xad, 0xb6, 0xad, 0xb6, 0xad,
    0xb6, 0xad, 0xb7, 0xad, 0xd7, 0xb5, 0xf7, 0xb5, 0x18, 0xbe, 0x59, 0xce,
    0x9a, 0xd6, 0x9a, 0xd6, 0xba, 0xd6, 0x9a, 0xd6, 0x9a, 0xd6, 0x9a, 0xd6,
    0x9a, 0xd6, 0x99, 0xd6, 0x79, 0xce, 0x9a, 0xd6, 0x59, 0xce, 0xf7, 0xbd,
    0xb6, 0xad, 0xb6, 0xad, 0x96, 0xad, 0xb6, 0xad, 0xb6, 0xad, 0xb6, 0xad,
    0xb6, 0xad, 0xb6, 0xad, 0xb6, 0xad, 0xb6, 0xad, 0xb6, 0xad, 0xb6, 0xad,
    0xb6, 0xad, 0x32, 0x7c, 0x79, 0xce, 0x18, 0xbe, 0x38, 0xc6, 0x79, 0xce,
    0xba, 0xde, 0xdb, 0xde, 0xdb, 0xde, 0xdb, 0xde, 0x59, 0xc6, 0x17, 0xb6,
    0x17, 0xb6, 0x17, 0xb6, 0xf7, 0xbd, 0x17, 0xb6, 0x17, 0xb6, 0xf7, 0xb5,
    0xf7, 0xb5, 0x17, 0xb6, 0xf8, 0xb5, 0xf7, 0xb5, 0xf7, 0xb5, 0xf7, 0xb5,
    0x92, 0x9c, 0x08, 0x6a, 0xab, 0x7a, 0x8b, 0x7a, 0x71, 0x9c, 0x18, 0xbe,
    0x18, 0xb6, 0x17, 0xb6, 0x17, 0xb6, 0x18, 0xb6, 0x17, 0xb6, 0x17, 0xb6,
    0xf7, 0xb5, 0x18, 0xb6, 0x18, 0xb6, 0x17, 0xb6, 0xf8, 0xb5, 0x18, 0xb6,
    0xf7, 0xb5, 0x18, 0xb6, 0x17, 0xb6, 0x18, 0xb6, 0xf7, 0xb5, 0x17, 0xb6,
    0xf8, 0xad, 0xf7, 0xad, 0xf7, 0xad, 0xd7, 0xad, 0xf7, 0xad, 0xf8, 0xb5,
    0xfb, 0xde, 0xdb, 0xde, 0x59, 0xce, 0x18, 0xbe, 0xf8, 0xbd, 0x18, 0xc6,
    0x18, 0xc6, 0x18, 0xc6, 0x19, 0xc6, 0x38, 0xc6, 0x19, 0xc6, 0x39, 0xc6,
    0x39, 0xc6, 0x39, 0xc6, 0x18, 0xc6, 0xb7, 0xb5, 0x93, 0x94, 0x0d, 0x5b,
    0xcc, 0x52, 0xcd, 0x5a, 0xcd, 0x52, 0xed, 0x52, 0xed, 0x52, 0xed, 0x52,
    0xed, 0x52, 0xed, 0x52, 0xec, 0x52, 0xed, 0x52, 0xed, 0x52, 0xed, 0x52,
    0xed, 0x52, 0xed, 0x52, 0xed, 0x52, 0xed, 0x52, 0xed, 0x52, 0xed, 0x52,
    0xed, 0x52, 0xed, 0x52, 0xcc, 0x52, 0xcc, 0x52, 0xcc, 0x52, 0xcc, 0x4a,
    0xcc, 0x4a, 0xac, 0x52, 0xac, 0x52, 0xac, 0x4a, 0xab, 0x52, 0xac, 0x52,
    0xac, 0x52, 0xab, 0x52, 0xac, 0x4a, 0xac, 0x52, 0x8c, 0x4a, 0x8c, 0x52,
    0xac, 0x52, 0xab, 0x4a, 0x8c, 0x52, 0x8c, 0x4a, 0x8c, 0x4a, 0x8c, 0x52,
    0x8c, 0x4a, 0xab, 0x4a, 0xac, 0x52, 0xac, 0x52, 0x8b, 0x4a, 0xab, 0x4a,
    0xac, 0x52, 0x8b, 0x4a, 0x8b, 0x4a, 0x8b, 0x4a, 0x8b, 0x4a, 0x8b, 0x4a,
    0x8b, 0x4a, 0x8b, 0x4a, 0x8b, 0x4a, 0x8b, 0x52, 0x8b, 0x52, 0x8c, 0x4a,
    0x8b, 0x4a, 0x8b, 0x4a, 0x8b, 0x4a, 0x8b, 0x4a, 0x8b, 0x4a, 0x6b, 0x4a,
    0x8b, 0x4a, 0x6b, 0x4a, 0x8b, 0x4a, 0x8b, 0x4a, 0x8c, 0x4a, 0x8c, 0x4a,
    0xac, 0x52, 0xac, 0x52, 0xac, 0x52, 0xac, 0x52, 0xcc, 0x52, 0xcc, 0x52,
    0xcc, 0x52, 0xcc, 0x52, 0xcc, 0x52, 0xcc, 0x52, 0xcc, 0x52, 0xcc, 0x52,
    0xcc, 0x52, 0xcc, 0x52, 0xcc, 0x52, 0xcc, 0x52, 0xac, 0x52, 0xcc, 0x52,
    0xcc, 0x52, 0xac, 0x52, 0xac, 0x52, 0xac, 0x52, 0xac, 0x52, 0xac, 0x52,
    0xac, 0x4a, 0xac, 0x52, 0xab, 0x4a, 0xac, 0x4a, 0xab, 0x52, 0xac, 0x4a,
    0x8c, 0x52, 0xab, 0x4a, 0x8c, 0x4a, 0x8c, 0x4a, 0x8b, 0x4a, 0x8b, 0x4a,
    0x8b, 0x4a, 0x8c, 0x4a, 0x8b, 0x52, 0xac, 0x4a, 0x8b, 0x4a, 0x8b, 0x4a,
    0xac, 0x52, 0x2e, 0x63, 0x52, 0x84, 0x56, 0xad, 0xb7, 0xb5, 0xb7, 0xb5,
    0xb7, 0xb5, 0xd8, 0xb5, 0x18, 0xbe, 0x18, 0xc6, 0x18, 0xc6, 0xd7, 0xb5,
    0x11, 0x84, 0x8b, 0x52, 0x6b, 0x4a, 0x6b, 0x4a, 0x6b, 0x4a, 0x6a, 0x4a,
    0x4b, 0x4a, 0x2a, 0x42, 0x09, 0x42, 0xab, 0x5a, 0x31, 0x84, 0xf7, 0xb5,
    0x59, 0xbe, 0x18, 0xb6, 0xf7, 0xb5, 0xd7, 0xad, 0xb6, 0xad, 0x96, 0xad,
    0x34, 0xa5, 0x75, 0xb5, 0x95, 0xb5, 0x75, 0xb5, 0xf3, 0xac, 0x14, 0xad,
    0x51, 0x94, 0x76, 0xad, 0x76, 0xad, 0x75, 0xad, 0x76, 0xad, 0x76, 0xa5,
    0x55, 0xa5, 0x56, 0xa5, 0x55, 0xa5, 0x56, 0xa5, 0x55, 0xa5, 0x76, 0xad,
    0x76, 0xa5, 0x76, 0xad, 0x75, 0xad, 0x76, 0xa5, 0x76, 0xad, 0x75, 0xa5,
    0x76, 0xad, 0x76, 0xa5, 0x76, 0xad, 0x76, 0xad, 0x76, 0xa5, 0x75, 0xad,
    0x75, 0xa5, 0x76, 0xa5, 0x76, 0xad, 0x96, 0xad, 0xb7, 0xb5, 0xf7, 0xbd,
    0xf8, 0xbd, 0x18, 0xbe, 0x17, 0xbe, 0xf7, 0xbd, 0xd7, 0xbd, 0xd7, 0xb5,
    0xd7, 0xb5, 0xb7, 0xb5, 0xb7, 0xb5, 0xb6, 0xb5, 0xb7, 0xb5, 0x96, 0xad,
    0xb6, 0xad, 0x96, 0xad, 0x96, 0xad, 0x96, 0xad, 0x96, 0xad, 0xb6, 0xad,
    0xb7, 0xad, 0xb7, 0xad, 0xb7, 0xad, 0xb6, 0xad, 0xb7, 0xad, 0xb7, 0xad,
    0xb7, 0xad, 0xb7, 0xad, 0xb7, 0xad, 0xb7, 0xad, 0xb7, 0xad, 0xb6, 0xad,
    0xb7, 0xad, 0xd7, 0xad, 0xd7, 0xad, 0xd7, 0xad, 0xd7, 0xad, 0xd7, 0xad,
    0xd6, 0xad, 0xd7, 0xad, 0xb7, 0xad, 0xd7, 0xad, 0xd7, 0xad, 0xd6, 0xad,
    0xd7, 0xad, 0xb6, 0xb5, 0x99, 0xd6, 0x9a, 0xd6, 0x9a, 0xd6, 0x9a, 0xd6,
    0x99, 0xd6, 0x9a, 0xd6, 0x9a, 0xd6, 0x9a, 0xd6, 0x79, 0xd6, 0x18, 0xc6,
    0xb6, 0xad, 0xb6, 0xb5, 0xb6, 0xad, 0xb6, 0xad, 0xb6, 0xad, 0xb7, 0xad,
    0x97, 0xad, 0x96, 0xad, 0x96, 0xad, 0x96, 0xad, 0x96, 0xad, 0xb7, 0xad,
    0xb6, 0xb5, 0xb6, 0xb5, 0xb7, 0xad, 0x32, 0x7c, 0xdb, 0xde, 0x79, 0xce,
    0x18, 0xbe, 0x18, 0xbe, 0x38, 0xc6, 0x99, 0xce, 0xba, 0xde, 0xba, 0xde,
    0xba, 0xde, 0x59, 0xc6, 0x18, 0xb6, 0x18, 0xb6, 0x18, 0xb6, 0x17, 0xb6,
    0xf7, 0xbd, 0x17, 0xb6, 0xf7, 0xb5, 0xf7, 0xb5, 0xf7, 0xb5, 0xf7, 0xb5,
    0xf7, 0xb5, 0x18, 0xb6, 0x72, 0x94, 0xe9, 0x71, 0xcb, 0x7a, 0xab, 0x7a,
    0x10, 0x94, 0x38, 0xbe, 0x18, 0xb6, 0x18, 0xbe, 0x17, 0xb6, 0x17, 0xb6,
    0x17, 0xb6, 0x17, 0xb6, 0x17, 0xb6, 0xf7, 0xb5, 0x17, 0xb6, 0x17, 0xb6,
    0x17, 0xb6, 0xf7, 0xb5, 0x17, 0xb6, 0x17, 0xb6, 0x18, 0xb6, 0x18, 0xb6,
    0x18, 0xb6, 0x18, 0xb6, 0xf7, 0xb5, 0x17, 0xb6, 0xf7, 0xb5, 0xf8, 0xad,
    0xf8, 0xb5, 0x18, 0xb6, 0x18, 0xb6, 0xfb, 0xde, 0x3c, 0xe7, 0x1c, 0xe7,
    0xdb, 0xde, 0x59, 0xce, 0x18, 0xbe, 0x18, 0xbe, 0x18, 0xc6, 0x18, 0xc6,
    0x18, 0xc6, 0x39, 0xc6, 0x39, 0xc6, 0x38, 0xc6, 0x39, 0xc6, 0x39, 0xc6,
    0xf8, 0xc5, 0x55, 0xad, 0xd0, 0x73, 0xcd, 0x52, 0xcd, 0x52, 0xec, 0x52,
    0xed, 0x52, 0xec, 0x52, 0xed, 0x52, 0xec, 0x52, 0xed, 0x52, 0xed, 0x52,
    0xed, 0x52, 0xed, 0x52, 0xed, 0x52, 0xed, 0x52, 0xed, 0x52, 0xed, 0x52,
    0xed, 0x52, 0xed, 0x52, 0xec, 0x52, 0xed, 0x52, 0xed, 0x52, 0xed, 0x52,
    0xcc, 0x52, 0xcd, 0x52, 0xcc, 0x52, 0xcc, 0x52, 0xac, 0x4a, 0xac, 0x4a,
    0xac, 0x4a, 0xac, 0x4a, 0xab, 0x4a, 0xac, 0x4a, 0x8c, 0x52, 0x8c, 0x4a,
    0xab, 0x4a, 0xac, 0x52, 0x8c, 0x52, 0xab, 0x4a, 0x8c, 0x4a, 0x8c, 0x52,
    0xab, 0x52, 0xac, 0x52, 0xac, 0x52, 0xab, 0x4a, 0xac, 0x52, 0xac, 0x52,
    0xac, 0x4a, 0xac, 0x52, 0xac, 0x4a, 0x8b, 0x4a, 0xac, 0x4a, 0x8b, 0x4a,
    0x8b, 0x4a, 0x8b, 0x4a, 0x8b, 0x4a, 0x8b, 0x4a, 0xac, 0x4a, 0x8c, 0x4a,
    0x8b, 0x52, 0xac, 0x4a, 0xac, 0x52, 0x8b, 0x52, 0x8c, 0x4a, 0xac, 0x4a,
    0x8b, 0x52, 0xac, 0x52, 0xac, 0x52, 0xac, 0x52, 0xac, 0x52, 0xac, 0x52,
    0xac, 0x52, 0xac, 0x52, 0xac, 0x52, 0xcc, 0x52, 0xcc, 0x52, 0xcc, 0x52,
    0xcc, 0x52, 0xcc, 0x52, 0xcd, 0x52, 0xcc, 0x52, 0xcd, 0x52, 0xcd, 0x52,
    0xcc, 0x52, 0xcc, 0x52, 0xcc, 0x52, 0xcc, 0x52, 0xcc, 0x52, 0xcc, 0x52,
    0xcc, 0x52, 0xac, 0x52, 0xac, 0x52, 0xcc, 0x52, 0xcc, 0x52, 0xac, 0x4a,
    0xac, 0x52, 0xac, 0x52, 0xac, 0x52, 0xab, 0x4a, 0xac, 0x52, 0xac, 0x52,
    0xab, 0x4a, 0x8c, 0x52, 0x8b, 0x4a, 0xab, 0x52, 0xac, 0x52, 0xab, 0x52,
    0x8b, 0x4a, 0x8c, 0x4a, 0xac, 0x52, 0x8b, 0x4a, 0x8b, 0x4a, 0x8c, 0x4a,
    0xcd, 0x52, 0xd0, 0x73, 0x15, 0x9d, 0xb7, 0xb5, 0xd7, 0xb5, 0xb7, 0xb5,
    0xb7, 0xb5, 0xd7, 0xb5, 0xf8, 0xbd, 0x18, 0xc6, 0x19, 0xc6, 0x39, 0xc6,
    0x14, 0x9d, 0xed, 0x5a, 0x6b, 0x4a, 0x8b, 0x4a, 0x8b, 0x4a, 0x6b, 0x4a,
    0x2a, 0x4a, 0x09, 0x42, 0xab, 0x52, 0x31, 0x84, 0xb7, 0xad, 0x59, 0xc6,
    0x38, 0xbe, 0x18, 0xb6, 0xf8, 0xb5, 0x17, 0xb6, 0xf7, 0xb5, 0xf7, 0xb5,
    0xb7, 0xad, 0x96, 0xad, 0x96, 0xad, 0xf3, 0xa4, 0x75, 0xb5, 0x75, 0xb5,
    0xf4, 0xac, 0xd3, 0xa4, 0x92, 0xa4, 0x72, 0x94, 0x96, 0xad, 0x76, 0xa5,
    0x75, 0xa5, 0x76, 0xad, 0x75, 0xa5, 0x76, 0xad, 0x76, 0xad, 0x55, 0xa5,
    0x75, 0xa5, 0x55, 0xa5, 0x76, 0xad, 0x76, 0xa5, 0x55, 0xa5, 0x76, 0xad,
    0x76, 0xa5, 0x76, 0xad, 0x75, 0xa5, 0x76, 0xad, 0x76, 0xa5, 0x76, 0xad,
    0x96, 0xad, 0x96, 0xad, 0xb7, 0xad, 0xb7, 0xb5, 0xb7, 0xb5, 0xb7, 0xb5,
    0xb6, 0xad, 0x96, 0xad, 0x76, 0xad, 0x76, 0xad, 0x76, 0xad, 0x96, 0xad,
    0x96, 0xad, 0x96, 0xad, 0x96, 0xad, 0x96, 0xad, 0x96, 0xad, 0x96, 0xad,
    0x96, 0xad, 0x96, 0xad, 0x97, 0xad, 0x96, 0xad, 0x97, 0xad, 0x96, 0xad,
    0xb7, 0xad, 0xb6, 0xad, 0xb6, 0xad, 0xb7, 0xad, 0xb6, 0xad, 0xb6, 0xad,
    0xb6, 0xad, 0xb7, 0xad, 0xb6, 0xad, 0xb6, 0xad, 0xb6, 0xad, 0xb6, 0xad,
    0xb7, 0xad, 0xb6, 0xad, 0xb6, 0xad, 0xb7, 0xad, 0xb6, 0xad, 0xb6, 0xad,
    0xb6, 0xad, 0xb7, 0xb5, 0xb7, 0xad, 0xd7, 0xad, 0xd7, 0xb5, 0xb7, 0xad,
    0xb7, 0xad, 0xd7, 0xb5, 0xb7, 0xad, 0xb7, 0xad, 0x59, 0xce, 0x9a, 0xd6,
    0x99, 0xd6, 0x9a, 0xd6, 0x9a, 0xd6, 0x99, 0xd6, 0x9a, 0xd6, 0x9a, 0xd6,
    0x59, 0xce, 0xb7, 0xb5, 0xb7, 0xb5, 0xb7, 0xb5, 0xb7, 0xb5, 0x97, 0xb5,
    0x97, 0xad, 0x96, 0xad, 0xb7, 0xad, 0xb6, 0xad, 0xb7, 0xad, 0xb6, 0xad,
    0x96, 0xad, 0x96, 0xad, 0x96, 0xad, 0xb7, 0xb5, 0xf8, 0xbd, 0x93, 0x8c,
    0xfb, 0xde, 0xdb, 0xde, 0x59, 0xce, 0x18, 0xbe, 0x18, 0xbe, 0x18, 0xbe,
    0x38, 0xc6, 0x99, 0xce, 0xba, 0xd6, 0x9a, 0xd6, 0x79, 0xce, 0x17, 0xb6,
    0x18, 0xb6, 0x18, 0xb6, 0x17, 0xb6, 0x17, 0xb6, 0x18, 0xb6, 0xf7, 0xb5,
    0xf7, 0xb5, 0xf7, 0xb5, 0xf7, 0xb5, 0x17, 0xb6, 0x71, 0x94, 0x09, 0x72,
    0xcb, 0x82, 0xab, 0x82, 0xcf, 0x8b, 0x38, 0xbe, 0xf8, 0xb5, 0x18, 0xbe,
    0x18, 0xb6, 0xf7, 0xb5, 0xf7, 0xb5, 0x18, 0xb6, 0x17, 0xb6, 0x17, 0xb6,
    0xf8, 0xb5, 0x17, 0xb6, 0x17, 0xb6, 0x17, 0xb6, 0x17, 0xb6, 0xf8, 0xb5,
    0xf7, 0xb5, 0x17, 0xb6, 0x18, 0xb6, 0x17, 0xb6, 0xf7, 0xb5, 0x18, 0xb6,
    0x17, 0xb6, 0x18, 0xb6, 0x18, 0xb6, 0x17, 0xb6, 0x18, 0xb6, 0x38, 0xbe,
    0x1c, 0xe7, 0x1c, 0xe7, 0x1c, 0xe7, 0x3c, 0xe7, 0x1c, 0xe7, 0xdb, 0xde,
    0x59, 0xce, 0x18, 0xc6, 0xf8, 0xbd, 0x18, 0xc6, 0x38, 0xc6, 0x19, 0xc6,
    0x39, 0xce, 0x39, 0xce, 0x39, 0xc6, 0x18, 0xc6, 0xb7, 0xb5, 0xb3, 0x94,
    0x0d, 0x63, 0xed, 0x52, 0xed, 0x52, 0xed, 0x52, 0xed, 0x52, 0xed, 0x52,
    0xed, 0x52, 0xed, 0x5a, 0xed, 0x52, 0xed, 0x5a, 0xed, 0x5a, 0xed, 0x52,
    0x0d, 0x5b, 0x0d, 0x53, 0x0d, 0x53, 0xed, 0x5a, 0xed, 0x52, 0xed, 0x52,
    0xed, 0x52, 0xed, 0x52, 0xed, 0x52, 0xec, 0x52, 0xcc, 0x52, 0xcc, 0x52,
    0xcc, 0x52, 0xac, 0x4a, 0xac, 0x52, 0xac, 0x4a, 0xac, 0x4a, 0xac, 0x4a,
    0xac, 0x4a, 0xab, 0x52, 0xac, 0x4a, 0x8b, 0x4a, 0x8c, 0x4a, 0xab, 0x4a,
    0xac, 0x4a, 0xab, 0x4a, 0xab, 0x52, 0xac, 0x4a, 0xab, 0x4a, 0x8c, 0x52,
    0xab, 0x4a, 0x8b, 0x4a, 0xac, 0x52, 0xab, 0x52, 0x8c, 0x4a, 0x8b, 0x52,
    0xac, 0x52, 0xac, 0x4a, 0x8b, 0x4a, 0xac, 0x52, 0x8c, 0x4a, 0xac, 0x52,
    0xac, 0x52, 0xab, 0x4a, 0xac, 0x52, 0xac, 0x4a, 0xab, 0x52, 0xac, 0x52,
    0xac, 0x52, 0xac, 0x4a, 0xac, 0x52, 0xac, 0x4a, 0xac, 0x4a, 0xac, 0x52,
    0xac, 0x52, 0xac, 0x52, 0xac, 0x52, 0xcc, 0x52, 0xcc, 0x52, 0xcc, 0x52,
    0xcc, 0x52, 0xcd, 0x52, 0xcd, 0x52, 0xcc, 0x52, 0xcc, 0x52, 0xcd, 0x52,
    0xcc, 0x5a, 0xcc, 0x52, 0xcd, 0x52, 0xcd, 0x52, 0xcd, 0x52, 0xcd, 0x52,
    0xcc, 0x52, 0xcc, 0x52, 0xcc, 0x52, 0xcc, 0x52, 0xac, 0x52, 0xac, 0x52,
    0xcc, 0x52, 0xcc, 0x52, 0xab, 0x4a, 0xac, 0x52, 0xac, 0x52, 0xac, 0x4a,
    0xac, 0x52, 0xab, 0x4a, 0xac, 0x4a, 0x8b, 0x4a, 0xac, 0x4a, 0x8c, 0x4a,
    0x8b, 0x4a, 0xac, 0x52, 0xac, 0x4a, 0x8b, 0x4a, 0x8b, 0x4a, 0xac, 0x52,
    0x6e, 0x6b, 0x93, 0x8c, 0x76, 0xb5, 0xd7, 0xbd, 0xd7, 0xbd, 0xb7, 0xb5,
    0xb7, 0xb5, 0xd7, 0xb5, 0xd8, 0xbd, 0x18, 0xc6, 0x39, 0xc6, 0x59, 0xce,
    0xd7, 0xb5, 0x8f, 0x6b, 0x6b, 0x4a, 0x8c, 0x4a, 0x8b, 0x4a, 0x4b, 0x4a,
    0x2a, 0x42, 0xcc, 0x5a, 0x31, 0x7c, 0xb7, 0xad, 0x59, 0xc6, 0x38, 0xbe,
    0x18, 0xb6, 0x18, 0xb6, 0x18, 0xb6, 0x18, 0xb6, 0x17, 0xb6, 0xf8, 0xb5,
    0x18, 0xb6, 0xf7, 0xb5, 0xd7, 0xb5, 0xb6, 0xad, 0x96, 0xa5, 0x35, 0xa5,
    0x75, 0xb5, 0x34, 0xb5, 0x14, 0xad, 0xb3, 0xa4, 0x11, 0x9c, 0xf4, 0x9c,
    0x76, 0xad, 0x76, 0xa5, 0x76, 0xad, 0x76, 0xad, 0x76, 0xa5, 0x55, 0xa5,
    0x55, 0xa5, 0x76, 0xa5, 0x76, 0xad, 0x76, 0xa5, 0x75, 0xa5, 0x56, 0xad,
    0x76, 0xa5, 0x76, 0xad, 0x76, 0xa5, 0x76, 0xad, 0x76, 0xad, 0x76, 0xa5,
    0x75, 0xad, 0x76, 0xa5, 0x96, 0xad, 0x76, 0xad, 0x76, 0xad, 0x76, 0xa5,
    0x96, 0xa5, 0x96, 0xad, 0x96, 0xad, 0x96, 0xad, 0x96, 0xad, 0x96, 0xad,
    0x76, 0xad, 0x96, 0xad, 0x96, 0xad, 0x76, 0xad, 0x96, 0xad, 0x96, 0xad,
    0x96, 0xad, 0x96, 0xad, 0x96, 0xad, 0x97, 0xad, 0x96, 0xad, 0x96, 0xad,
    0x96, 0xad, 0x96, 0xad, 0xb7, 0xad, 0xb6, 0xad, 0x96, 0xad, 0xb6, 0xad,
    0xb7, 0xad, 0xb7, 0xad, 0xb6, 0xad, 0xb7, 0xad, 0xb6, 0xad, 0xb7, 0xad,
    0xb7, 0xad, 0xb6, 0xad, 0xb7, 0xad, 0xb7, 0xad, 0xb6, 0xad, 0xb7, 0xad,
    0xb7, 0xad, 0xb7, 0xad, 0xb7, 0xad, 0xb6, 0xad, 0xb7, 0xad, 0xb7, 0xad,
    0xd6, 0xad, 0xb7, 0xb5, 0xd7, 0xad, 0xd6, 0xad, 0xb7, 0xad, 0xd7, 0xad,
    0xf7, 0xbd, 0x9a, 0xd6, 0x9a, 0xd6, 0x9a, 0xd6, 0x9a, 0xd6, 0x99, 0xd6,
    0x9a, 0xd6, 0x99, 0xd6, 0x9a, 0xd6, 0x59, 0xce, 0xf8, 0xbd, 0xd7, 0xb5,
    0xb6, 0xb5, 0xb6, 0xb5, 0xb7, 0xad, 0xb6, 0xad, 0x96, 0xb5, 0x96, 0xad,
    0xb6, 0xb5, 0xd7, 0xb5, 0xf7, 0xbd, 0x38, 0xc6, 0x79, 0xce, 0x7a, 0xd6,
    0x9a, 0xd6, 0xd4, 0x94, 0xfb, 0xde, 0xfb, 0xde, 0xdb, 0xde, 0x79, 0xce,
    0x18, 0xbe, 0x18, 0xbe, 0x17, 0xbe, 0x18, 0xbe, 0x38, 0xc6, 0x79, 0xce,
    0x9a, 0xd6, 0x79, 0xce, 0x17, 0xbe, 0x17, 0xb6, 0x17, 0xb6, 0x18, 0xb6,
    0xf7, 0xb5, 0x17, 0xb6, 0x17, 0xb6, 0xf7, 0xb5, 0xf7, 0xb5, 0x17, 0xb6,
    0x51, 0x94, 0x09, 0x72, 0xeb, 0x82, 0xcb, 0x82, 0x8e, 0x8b, 0x38, 0xbe,
    0xf8, 0xb5, 0xf7, 0xb5, 0x17, 0xb6, 0x17, 0xb6, 0x18, 0xb6, 0xf7, 0xb5,
    0x17, 0xb6, 0x18, 0xb6, 0x17, 0xb6, 0xf7, 0xb5, 0xf7, 0xb5, 0x18, 0xb6,
    0x17, 0xb6, 0x18, 0xb6, 0x17, 0xb6, 0xf7, 0xb5, 0x18, 0xb6, 0x18, 0xb6,
    0x17, 0xb6, 0xf8, 0xb5, 0x18, 0xb6, 0x17, 0xb6, 0x18, 0xb6, 0x17, 0xb6,
    0x18, 0xb6, 0x18, 0xb6, 0x59, 0xce, 0x1c, 0xe7, 0x3c, 0xe7, 0x1c, 0xe7,
    0x1c, 0xe7, 0x1c, 0xe7, 0x1c, 0xe7, 0x1c, 0xe7, 0xbb, 0xde, 0x79, 0xce,
    0x18, 0xc6, 0x18, 0xc6, 0x18, 0xc6, 0x39, 0xce, 0x38, 0xc6, 0x38, 0xc6,
    0x38, 0xc6, 0xf7, 0xbd, 0x35, 0xa5, 0x4e, 0x63, 0xed, 0x52, 0xed, 0x5a,
    0xed, 0x52, 0xed, 0x5a, 0xed, 0x5a, 0x0d, 0x53, 0x0d, 0x53, 0x0d, 0x5b,
    0x0d, 0x53, 0x0d, 0x53, 0x0d, 0x5b, 0x0d, 0x53, 0x0d, 0x53, 0x0d, 0x5b,
    0x0d, 0x53, 0x0d, 0x53, 0x0d, 0x53, 0xed, 0x52, 0xed, 0x52, 0xed, 0x52,
    0xed, 0x52, 0xcd, 0x52, 0xcc, 0x52, 0xcc, 0x52, 0xcc, 0x52, 0xcc, 0x52,
    0xac, 0x52, 0xac, 0x4a, 0xac, 0x52, 0xac, 0x4a, 0xac, 0x4a, 0x8c, 0x52,
    0x8b, 0x4a, 0xac, 0x4a, 0xac, 0x4a, 0xac, 0x4a, 0xac, 0x52, 0xac, 0x4a,
    0x8b, 0x4a, 0xac, 0x52, 0xac, 0x52, 0xab, 0x4a, 0x8c, 0x4a, 0xac, 0x52,
    0xab, 0x4a, 0x8b, 0x4a, 0xac, 0x52, 0x8c, 0x4a, 0xac, 0x52, 0xac, 0x52,
    0xac, 0x4a, 0xab, 0x52, 0xac, 0x4a, 0xab, 0x52, 0xac, 0x4a, 0xac, 0x52,
    0xac, 0x4a, 0xac, 0x52, 0xab, 0x4a, 0xac, 0x52, 0xac, 0x52, 0xab, 0x52,
    0xac, 0x52, 0xac, 0x4a, 0xac, 0x52, 0xac, 0x4a, 0xcc, 0x52, 0xcc, 0x52,
    0xcc, 0x52, 0xcc, 0x52, 0xcc, 0x52, 0xcd, 0x52, 0xed, 0x5a, 0xec, 0x5a,
    0xed, 0x52, 0xed, 0x5a, 0xec, 0x5a, 0xcc, 0x52, 0xec, 0x52, 0xcc, 0x5a,
    0xcc, 0x52, 0xcd, 0x52, 0xcc, 0x52, 0xcd, 0x52, 0xcc, 0x52, 0xcc, 0x52,
    0xcc, 0x52, 0xac, 0x52, 0xac, 0x52, 0xac, 0x4a, 0xac, 0x52, 0xcc, 0x52,
    0xab, 0x4a, 0xac, 0x52, 0xab, 0x4a, 0xac, 0x52, 0xac, 0x52, 0x8b, 0x4a,
    0xab, 0x52, 0x8c, 0x4a, 0x8b, 0x4a, 0x8b, 0x4a, 0xac, 0x52, 0x2e, 0x63,
    0x11, 0x84, 0x35, 0xa5, 0xd7, 0xb5, 0xd7, 0xbd, 0xd7, 0xbd, 0xd7, 0xbd,
    0xd7, 0xbd, 0xd8, 0xbd, 0xf7, 0xbd, 0x18, 0xbe, 0x18, 0xc6, 0x39, 0xce,
    0x59, 0xc6, 0x93, 0x8c, 0xac, 0x4a, 0x6b, 0x4a, 0x4a, 0x42, 0x8b, 0x4a,
    0x4e, 0x63, 0x72, 0x84, 0xb6, 0xad, 0x39, 0xbe, 0x38, 0xbe, 0x18, 0xb6,
    0x18, 0xb6, 0x17, 0xb6, 0x18, 0xbe, 0x17, 0xb6, 0x17, 0xb6, 0x18, 0xb6,
    0x17, 0xb6, 0x18, 0xb6, 0xf7, 0xb5, 0xf7, 0xb5, 0xf7, 0xb5, 0xd7, 0xad,
    0xb6, 0xa5, 0x75, 0xad, 0x14, 0xad, 0x55, 0xad, 0x34, 0xb5, 0x92, 0xa4,
    0x71, 0xa4, 0x76, 0xa5, 0x76, 0xad, 0x76, 0xad, 0x75, 0xa5, 0x76, 0xad,
    0x76, 0xa5, 0x75, 0xa5, 0x76, 0xad, 0x76, 0xa5, 0x56, 0xad, 0x75, 0xad,
    0x76, 0xa5, 0x75, 0xa5, 0x76, 0xad, 0x75, 0xa5, 0x75, 0xad, 0x76, 0xa5,
    0x76, 0xad, 0x76, 0xad, 0x96, 0xad, 0x96, 0xad, 0x76, 0xa5, 0x96, 0xad,
    0x96, 0xad, 0x76, 0xad, 0x76, 0xad, 0x96, 0xad, 0x76, 0xa5, 0x76, 0xad,
    0x96, 0xad, 0x76, 0xad, 0x96, 0xa5, 0x76, 0xad, 0x76, 0xad, 0x76, 0xa5,
    0x76, 0xad, 0x76, 0xad, 0x76, 0xa5, 0x96, 0xad, 0x96, 0xad, 0x96, 0xad,
    0x96, 0xad, 0x96, 0xad, 0x96, 0xad, 0x96, 0xad, 0xb7, 0xad, 0xb7, 0xad,
    0x96, 0xad, 0xb6, 0xad, 0xb7, 0xad, 0xb6, 0xad, 0xb6, 0xad, 0xb6, 0xad,
    0xb7, 0xad, 0xb6, 0xad, 0xb7, 0xad, 0xb6, 0xad, 0xb6, 0xad, 0xb7, 0xad,
    0xb6, 0xad, 0xb6, 0xad, 0xb6, 0xad, 0xb7, 0xad, 0xb6, 0xad, 0xd7, 0xad,
    0xb6, 0xad, 0xb7, 0xad, 0xb6, 0xad, 0xb6, 0xad, 0xb7, 0xad, 0xb6, 0xad,
    0xb6, 0xad, 0xb7, 0xad, 0xb6, 0xad, 0x58, 0xc6, 0x9a, 0xd6, 0x9a, 0xd6,
    0x9a, 0xd6, 0x9a, 0xd6, 0x9a, 0xd6, 0x9a, 0xd6, 0x9a, 0xd6, 0x9a, 0xd6,
    0x9a, 0xd6, 0x99, 0xd6, 0x79, 0xd6, 0x59, 0xce, 0x59, 0xce, 0x59, 0xce,
    0x59, 0xce, 0x59, 0xce, 0x7a, 0xd6, 0x9a, 0xd6, 0x9a, 0xd6, 0x9a, 0xd6,
    0x9a, 0xd6, 0x9a, 0xd6, 0x9a, 0xd6, 0xd4, 0x94, 0xfb, 0xde, 0xfb, 0xe6,
    0xfb, 0xde, 0xdb, 0xde, 0x79, 0xce, 0x18, 0xb6, 0x18, 0xbe, 0x18, 0xb6,
    0xf8, 0xb5, 0xf8, 0xbd, 0x38, 0xc6, 0x59, 0xce, 0x79, 0xce, 0x38, 0xbe,
    0xf8, 0xb5, 0x17, 0xb6, 0xf7, 0xb5, 0xf7, 0xb5, 0x17, 0xb6, 0xf7, 0xb5,
    0xf7, 0xb5, 0x18, 0xb6, 0x31, 0x94, 0x2a, 0x72, 0x0c, 0x83, 0xcb, 0x82,
    0x4d, 0x83, 0x39, 0xbe, 0x18, 0xb6, 0x17, 0xb6, 0x17, 0xb6, 0x17, 0xb6,
    0x17, 0xb6, 0x17, 0xb6, 0xf7, 0xb5, 0x17, 0xb6, 0x18, 0xb6, 0xf7, 0xb5,
    0x17, 0xb6, 0xf7, 0xb5, 0xf7, 0xb5, 0xf7, 0xb5, 0x17, 0xb6, 0x18, 0xb6,
    0xf8, 0xb5, 0xf8, 0xb5, 0x17, 0xb6, 0x18, 0xb6, 0xf8, 0xb5, 0x17, 0xb6,
    0x18, 0xb6, 0x18, 0xb6, 0x17, 0xb6, 0x18, 0xb6, 0x18, 0xb6, 0xfb, 0xde,
    0x1c, 0xe7, 0x1c, 0xe7, 0x1c, 0xe7, 0x1c, 0xe7, 0x1c, 0xe7, 0x1b, 0xdf,
    0x1c, 0xe7, 0xfc, 0xe6, 0x1c, 0xe7, 0xfb, 0xe6, 0xba, 0xd6, 0x59, 0xce,
    0x39, 0xc6, 0x38, 0xc6, 0x38, 0xc6, 0x18, 0xc6, 0xf8, 0xbd, 0x56, 0xad,
    0x8f, 0x6b, 0xed, 0x52, 0xed, 0x5a, 0x0d, 0x5b, 0x0d, 0x5b, 0x0d, 0x5b,
    0x0d, 0x5b, 0x0d, 0x5b, 0x0d, 0x53, 0x0e, 0x5b, 0x0d, 0x5b, 0x0e, 0x53,
    0x0d, 0x5b, 0x0d, 0x53, 0x0d, 0x5b, 0x0d, 0x53, 0x0d, 0x5b, 0x0d, 0x53,
    0x0d, 0x53, 0xed, 0x52, 0xed, 0x52, 0xed, 0x52, 0xec, 0x52, 0xed, 0x52,
    0xcc, 0x52, 0xcc, 0x52, 0xcc, 0x4a, 0xcc, 0x52, 0xac, 0x4a, 0xac, 0x4a,
    0xab, 0x4a, 0xac, 0x52, 0xac, 0x4a, 0xab, 0x4a, 0xac, 0x52, 0xac, 0x4a,
    0xab, 0x4a, 0xac, 0x52, 0xac, 0x52, 0xab, 0x4a, 0xac, 0x52, 0xac, 0x4a,
    0xab, 0x52, 0xac, 0x52, 0xac, 0x4a, 0xac, 0x52, 0xab, 0x4a, 0xab, 0x52,
    0xac, 0x4a, 0xab, 0x4a, 0x8b, 0x52, 0xac, 0x4a, 0x8c, 0x4a, 0xac, 0x52,
    0xab, 0x52, 0xac, 0x52, 0xac, 0x4a, 0xab, 0x52, 0xac, 0x52, 0xac, 0x4a,
    0xab, 0x4a, 0xac, 0x52, 0xac, 0x52, 0xac, 0x52, 0xab, 0x52, 0xcc, 0x52,
    0xac, 0x52, 0xcc, 0x52, 0xcc, 0x52, 0xcc, 0x52, 0xcc, 0x52, 0xed, 0x52,
    0xcc, 0x5a, 0xcc, 0x52, 0xcd, 0x52, 0xed, 0x52, 0xcd, 0x52, 0xcc, 0x52,
    0xcd, 0x5a, 0xec, 0x52, 0xcc, 0x5a, 0xcc, 0x52, 0xcc, 0x52, 0xcc, 0x52,
    0xcc, 0x52, 0xcc, 0x52, 0xcc, 0x52, 0xcc, 0x52, 0xcc, 0x52, 0xac, 0x4a,
    0xac, 0x52, 0xac, 0x52, 0xac, 0x4a, 0xac, 0x52, 0xab, 0x52, 0xac, 0x4a,
    0xac, 0x52, 0x8b, 0x4a, 0x8b, 0x4a, 0xac, 0x52, 0x2d, 0x63, 0x31, 0x7c,
    0x15, 0xa5, 0x96, 0xb5, 0xb7, 0xbd, 0xd7, 0xbd, 0xd7, 0xbd, 0xd8, 0xbd,
    0xd8, 0xbd, 0xf8, 0xbd, 0xf8, 0xbd, 0xf8, 0xbd, 0x18, 0xc6, 0x39, 0xc6,
    0x59, 0xce, 0x76, 0xad, 0xed, 0x5a, 0x4a, 0x42, 0xec, 0x5a, 0xf0, 0x73,
    0x35, 0x9d, 0x38, 0xbe, 0x59, 0xbe, 0x18, 0xb6, 0x17, 0xb6, 0x17, 0xb6,
    0x18, 0xb6, 0x17, 0xb6, 0x18, 0xb6, 0x18, 0xb6, 0x17, 0xb6, 0x17, 0xb6,
    0x17, 0xb6, 0x17, 0xb6, 0x18, 0xb6, 0x17, 0xb6, 0x18, 0xb6, 0x18, 0xb6,
    0x17, 0xb6, 0xf7, 0xb5, 0xb6, 0xad, 0xb6, 0xa5, 0xb3, 0x9c, 0xb6, 0xbd,
    0x31, 0x94, 0x92, 0xa4, 0xf4, 0xa4, 0x96, 0xad, 0x76, 0xad, 0x75, 0xa5,
    0x76, 0xa5, 0x76, 0xad, 0x76, 0xad, 0x76, 0xad, 0x75, 0xa5, 0x76, 0xa5,
    0x55, 0xa5, 0x76, 0xad, 0x76, 0xa5, 0x76, 0xad, 0x76, 0xad, 0x76, 0xa5,
    0x76, 0xa5, 0x75, 0xad, 0x76, 0xa5, 0x76, 0xa5, 0x76, 0xad, 0x96, 0xad,
    0x76, 0xad, 0x76, 0xa5, 0x76, 0xa5, 0x76, 0xad, 0x76, 0xad, 0x76, 0xa5,
    0x96, 0xad, 0x76, 0xad, 0x76, 0xa5, 0x96, 0xad, 0x76, 0xad, 0x96, 0xad,
    0x96, 0xad, 0x96, 0xa5, 0x96, 0xad, 0x96, 0xad, 0x76, 0xad, 0x76, 0xad,
    0x96, 0xad, 0x96, 0xad, 0x96, 0xad, 0x97, 0xad, 0x96, 0xad, 0x96, 0xad,
    0xb6, 0xad, 0xb7, 0xad, 0xb6, 0xad, 0x97, 0xad, 0xb6, 0xad, 0x96, 0xad,
    0xb7, 0xad, 0xb6, 0xad, 0x96, 0xad, 0xb6, 0xad, 0xb6, 0xad, 0xb7, 0xad,
    0xb7, 0xad, 0xb6, 0xad, 0xb7, 0xad, 0xb7, 0xad, 0xb6, 0xad, 0xb6, 0xad,
    0xb7, 0xad, 0xb7, 0xb5, 0xb6, 0xad, 0xd7, 0xad, 0xb7, 0xad, 0xb7, 0xad,
    0xb7, 0xad, 0xb7, 0xb5, 0xd7, 0xad, 0xb7, 0xad, 0xb6, 0xad, 0xb6, 0xad,
    0x58, 0xce, 0x9a, 0xd6, 0x99, 0xd6, 0x9a, 0xd6, 0x9a, 0xd6, 0x99, 0xd6,
    0x9a, 0xd6, 0x9a, 0xd6, 0x9a, 0xd6, 0x9a, 0xd6, 0x9a, 0xd6, 0x9a, 0xd6,
    0x9a, 0xd6, 0x9a, 0xd6, 0x9a, 0xd6, 0xba, 0xd6, 0x9a, 0xd6, 0x9a, 0xd6,
    0x9a, 0xd6, 0x9a, 0xd6, 0x9a, 0xd6, 0x9a, 0xd6, 0x9a, 0xd6, 0xd4, 0x94,
    0xfb, 0xde, 0xfb, 0xe6, 0xfb, 0xde, 0xfb, 0xde, 0xdb, 0xde, 0x99, 0xce,
    0x18, 0xbe, 0x18, 0xb6, 0xf7, 0xb5, 0x17, 0xb6, 0x17, 0xb6, 0x18, 0xbe,
    0x58, 0xc6, 0x79, 0xce, 0x38, 0xc6, 0xf7, 0xb5, 0x17, 0xb6, 0x18, 0xb6,
    0xf7, 0xb5, 0xf7, 0xb5, 0x17, 0xae, 0x17, 0xb6, 0x31, 0x94, 0x09, 0x72,
    0x4d, 0x8b, 0x0c, 0x83, 0xcc, 0x7a, 0x38, 0xbe, 0x17, 0xb6, 0x17, 0xb6,
    0x18, 0xb6, 0xf7, 0xb5, 0x17, 0xb6, 0xf8, 0xb5, 0xf7, 0xb5, 0x17, 0xb6,
    0x17, 0xb6, 0xf8, 0xb5, 0x17, 0xb6, 0x18, 0xb6, 0xf7, 0xb5, 0x17, 0xb6,
    0xf7, 0xb5, 0x18, 0xb6, 0xf7, 0xb5, 0xf9, 0xd6, 0x79, 0xef, 0x9a, 0xef,
    0x39, 0xe7, 0x38, 0xb6, 0x18, 0xb6, 0x17, 0xb6, 0x18, 0xb6, 0x17, 0xb6,
    0x17, 0xb6, 0xba, 0xd6, 0x1c, 0xe7, 0x1c, 0xe7, 0x1c, 0xe7, 0x1c, 0xe7,
    0x1b, 0xe7, 0x1c, 0xe7, 0x1b, 0xe7, 0x1c, 0xe7, 0x1c, 0xe7, 0x1c, 0xe7,
    0x1c, 0xe7, 0x3c, 0xe7, 0x1c, 0xe7, 0xfb, 0xde, 0x9a, 0xd6, 0x59, 0xce,
    0x18, 0xc6, 0xd7, 0xb5, 0x35, 0xa5, 0x6e, 0x63, 0xed, 0x52, 0x0d, 0x53,
    0x0d, 0x5b, 0x0d, 0x53, 0x0e, 0x5b, 0x0d, 0x53, 0x0e, 0x53, 0x0e, 0x5b,
    0x0d, 0x53, 0x0e, 0x5b, 0x0e, 0x5b, 0x0d, 0x53, 0x0e, 0x5b, 0x0e, 0x5b,
    0xed, 0x52, 0x0d, 0x5b, 0x0d, 0x5b, 0x0d, 0x53, 0x0d, 0x53, 0xed, 0x52,
    0xed, 0x52, 0xed, 0x52, 0xec, 0x52, 0xcc, 0x52, 0xcc, 0x52, 0xcc, 0x52,
    0xac, 0x52, 0xcc, 0x52, 0xac, 0x4a, 0xac, 0x4a, 0xac, 0x4a, 0x6b, 0x4a,
    0x8b, 0x4a, 0xac, 0x4a, 0xac, 0x4a, 0xab, 0x4a, 0x8c, 0x52, 0xac, 0x52,
    0x8b, 0x4a, 0xac, 0x4a, 0xac, 0x52, 0x8b, 0x4a, 0xac, 0x52, 0x8b, 0x4a,
    0xac, 0x52, 0xac, 0x4a, 0x8b, 0x52, 0xac, 0x52, 0xac, 0x4a, 0xab, 0x52,
    0xac, 0x52, 0xac, 0x4a, 0xac, 0x52, 0xac, 0x52, 0xab, 0x4a, 0xac, 0x52,
    0xac, 0x52, 0xac, 0x4a, 0xac, 0x52, 0xac, 0x52, 0xac, 0x4a, 0xac, 0x52,
    0xcc, 0x52, 0xcc, 0x52, 0xcc, 0x52, 0xcc, 0x52, 0xcc, 0x52, 0xcd, 0x52,
    0xed, 0x5a, 0xec, 0x52, 0xcd, 0x52, 0xec, 0x5a, 0xcc, 0x52, 0xec, 0x5a,
    0xcc, 0x52, 0xcd, 0x52, 0xcd, 0x52, 0xcc, 0x52, 0xed, 0x52, 0xcc, 0x52,
    0xcc, 0x52, 0xcd, 0x52, 0xcc, 0x52, 0xac, 0x52, 0xac, 0x52, 0xac, 0x52,
    0xac, 0x52, 0xac, 0x52, 0xac, 0x52, 0xab, 0x4a, 0xac, 0x52, 0xac, 0x52,
    0x8b, 0x4a, 0x8b, 0x4a, 0xac, 0x52, 0x2e, 0x63, 0x11, 0x84, 0xf4, 0x9c,
    0x76, 0xad, 0xb7, 0xb5, 0xb7, 0xb5, 0xd7, 0xbd, 0xf8, 0xbd, 0xf8, 0xbd,
    0xf8, 0xbd, 0xf8, 0xbd, 0xf8, 0xbd, 0xf8, 0xc5, 0xf8, 0xc5, 0x18, 0xc6,
    0x18, 0xc6, 0x96, 0xb5, 0xf0, 0x7b, 0x6f, 0x63, 0xb3, 0x8c, 0xd7, 0xad,
    0x59, 0xbe, 0x58, 0xbe, 0x18, 0xb6, 0x18, 0xb6, 0x17, 0xb6, 0x18, 0xb6,
    0x17, 0xb6, 0x18, 0xb6, 0xf7, 0xb5, 0x17, 0xb6, 0x17, 0xb6, 0x18, 0xb6,
    0x18, 0xbe, 0x17, 0xb6, 0x18, 0xb6, 0xf7, 0xb5, 0x18, 0xbe, 0x17, 0xb6,
    0xf8, 0xb5, 0x18, 0xb6, 0xf7, 0xb5, 0xf7, 0xb5, 0xd7, 0xad, 0xb6, 0xad,
    0x14, 0xa5, 0x55, 0xb5, 0x34, 0xad, 0x96, 0xad, 0x96, 0xad, 0x76, 0xad,
    0x76, 0xad, 0x76, 0xa5, 0x76, 0xad, 0x75, 0xa5, 0x76, 0xa5, 0x76, 0xad,
    0x76, 0xad, 0x76, 0xa5, 0x76, 0xad, 0x75, 0xa5, 0x76, 0xad, 0x76, 0xa5,
    0x75, 0xad, 0x76, 0xad, 0x76, 0xa5, 0x76, 0xad, 0x76, 0xad, 0x76, 0xa5,
    0x76, 0xa5, 0x96, 0xad, 0x96, 0xad, 0x96, 0xad, 0x96, 0xad, 0x75, 0xa5,
    0x76, 0xad, 0x76, 0xa5, 0x96, 0xad, 0x96, 0xad, 0x76, 0xad, 0x96, 0xa5,
    0x76, 0xad, 0x76, 0xad, 0x96, 0xa5, 0x76, 0xad, 0x76, 0xad, 0x96, 0xa5,
    0x96, 0xa5, 0x96, 0xad, 0x96, 0xad, 0x96, 0xad, 0x96, 0xad, 0x96, 0xad,
    0x96, 0xad, 0x96, 0xad, 0x96, 0xa5, 0xb6, 0xad, 0xb6, 0xad, 0xb6, 0xa5,
    0xb7, 0xad, 0xb6, 0xad, 0x97, 0xad, 0xb7, 0xad, 0xb6, 0xad, 0xb7, 0xad,
    0xb7, 0xad, 0xb6, 0xad, 0xb7, 0xad, 0xb6, 0xad, 0xb7, 0xad, 0xb7, 0xad,
    0xb6, 0xad, 0xb7, 0xad, 0xb6, 0xad, 0xb6, 0xad, 0xb7, 0xad, 0xb7, 0xad,
    0xd6, 0xb5, 0xb6, 0xad, 0xd7, 0xad, 0xb6, 0xad, 0xb7, 0xad, 0xd7, 0xad,
    0xb7, 0xad, 0xb7, 0xad, 0xb6, 0xad, 0x38, 0xc6, 0x9a, 0xd6, 0x99, 0xd6,
    0x99, 0xd6, 0x9a, 0xd6, 0x9a, 0xd6, 0x99, 0xd6, 0x9a, 0xd6, 0x9a, 0xd6,
    0x9a, 0xd6, 0x9a, 0xd6, 0xba, 0xd6, 0x9a, 0xd6, 0x9a, 0xd6, 0x9a, 0xd6,
    0xba, 0xd6, 0x9a, 0xd6, 0x9a, 0xd6, 0x9a, 0xd6, 0xba, 0xd6, 0x9a, 0xd6,
    0xba, 0xd6, 0xd4, 0x94, 0xfb, 0xde, 0xfb, 0xde, 0xfb, 0xde, 0xfb, 0xde,
    0xfb, 0xde, 0xdb, 0xde, 0x9a, 0xce, 0x18, 0xbe, 0xf7, 0xbd, 0xf8, 0xb5,
    0x18, 0xb6, 0x18, 0xb6, 0x18, 0xbe, 0x38, 0xc6, 0x79, 0xce, 0x59, 0xc6,
    0xf8, 0xb5, 0x17, 0xb6, 0xf7, 0xb5, 0x17, 0xb6, 0xf7, 0xb5, 0x17, 0xb6,
    0xd7, 0xb5, 0x75, 0xad, 0xd6, 0xb5, 0xf7, 0xb5, 0x14, 0xa5, 0x18, 0xb6,
    0x17, 0xb6, 0xf7, 0xb5, 0x17, 0xb6, 0x18, 0xb6, 0xf7, 0xb5, 0x17, 0xb6,
    0xf7, 0xb5, 0x17, 0xb6, 0xf7, 0xb5, 0xf8, 0xb5, 0x17, 0xb6, 0x17, 0xb6,
    0xf7, 0xb5, 0x17, 0xb6, 0x17, 0xb6, 0xf7, 0xb5, 0x78, 0xc6, 0xba, 0xf7,
    0xba, 0xf7, 0xba, 0xf7, 0xba, 0xf7, 0x3a, 0xdf, 0xf8, 0xb5, 0x17, 0xb6,
    0x18, 0xb6, 0x18, 0xb6, 0xf7, 0xb5, 0xdb, 0xde, 0x1b, 0xe7, 0x1c, 0xe7,
    0x1b, 0xe7, 0x1b, 0xe7, 0x1c, 0xe7, 0x1c, 0xe7, 0x1b, 0xdf, 0x1b, 0xe7,
    0x1c, 0xe7, 0x1c, 0xe7, 0x1c, 0xe7, 0x1c, 0xe7, 0x1c, 0xe7, 0x1c, 0xe7,
    0x1c, 0xe7, 0x3c, 0xe7, 0x1c, 0xe7, 0xba, 0xde, 0x39, 0xc6, 0x14, 0x9d,
    0xed, 0x52, 0xed, 0x52, 0xed, 0x52, 0x0e, 0x5b, 0x0e, 0x5b, 0x0e, 0x5b,
    0x0e, 0x5b, 0x0d, 0x53, 0x0e, 0x5b, 0x0e, 0x5b, 0x0d, 0x53, 0x0d, 0x53,
    0x0e, 0x5b, 0x0e, 0x53, 0x0e, 0x53, 0x0d, 0x5b, 0x0d, 0x53, 0x0d, 0x53,
    0x0d, 0x5b, 0x0d, 0x53, 0xed, 0x52, 0xed, 0x52, 0xed, 0x52, 0xed, 0x52,
    0xed, 0x52, 0xcc, 0x52, 0xcc, 0x52, 0xcc, 0x52, 0xcc, 0x52, 0xcc, 0x52,
    0x8b, 0x4a, 0x14, 0xbe, 0x8f, 0x8c, 0x8c, 0x4a, 0xac, 0x4a, 0xac, 0x52,
    0xac, 0x52, 0xab, 0x4a, 0xac, 0x4a, 0x8c, 0x52, 0xab, 0x4a, 0xac, 0x52,
    0x8c, 0x4a, 0xab, 0x52, 0xac, 0x4a, 0x8c, 0x4a, 0xab, 0x52, 0xac, 0x4a,
    0x8c, 0x4a, 0xab, 0x52, 0xab, 0x4a, 0x8c, 0x4a, 0xab, 0x4a, 0xac, 0x52,
    0xac, 0x52, 0xac, 0x4a, 0xab, 0x52, 0xac, 0x52, 0xac, 0x52, 0xab, 0x52,
    0xac, 0x4a, 0xcc, 0x52, 0xcc, 0x52, 0xcc, 0x52, 0xcc, 0x52, 0xcc, 0x52,
    0xcd, 0x52, 0xcd, 0x5a, 0xec, 0x52, 0xcd, 0x5a, 0xed, 0x52, 0xed, 0x52,
    0xcc, 0x5a, 0xcc, 0x52, 0xec, 0x52, 0xcc, 0x5a, 0xcc, 0x52, 0xcc, 0x52,
    0xcc, 0x52, 0xcd, 0x52, 0xcc, 0x52, 0xcc, 0x52, 0xcc, 0x52, 0xcc, 0x52,
    0xac, 0x52, 0xcc, 0x52, 0xac, 0x4a, 0xac, 0x52, 0xac, 0x4a, 0xab, 0x4a,
    0xab, 0x4a, 0xcc, 0x52, 0x4e, 0x63, 0x31, 0x84, 0x15, 0x9d, 0x96, 0xad,
    0x97, 0xb5, 0xb7, 0xb5, 0xd7, 0xbd, 0xd7, 0xbd, 0xf8, 0xbd, 0xf8, 0xc5,
    0x18, 0xc6, 0x18, 0xc6, 0xf8, 0xc5, 0x18, 0xc6, 0xf7, 0xbd, 0xf7, 0xbd,
    0xf8, 0xbd, 0xd7, 0xbd, 0xf8, 0xb5, 0xf7, 0xb5, 0x39, 0xbe, 0x39, 0xbe,
    0x18, 0xbe, 0x18, 0xb6, 0x18, 0xb6, 0x18, 0xb6, 0x17, 0xb6, 0x17, 0xb6,
    0xf8, 0xb5, 0x17, 0xb6, 0x18, 0xb6, 0xf8, 0xb5, 0x18, 0xb6, 0x18, 0xb6,
    0x17, 0xb6, 0x17, 0xb6, 0xf7, 0xbd, 0x18, 0xb6, 0x17, 0xb6, 0x17, 0xb6,
    0xf8, 0xb5, 0xf7, 0xb5, 0x17, 0xb6, 0x18, 0xb6, 0xf7, 0xb5, 0xf7, 0xb5,
    0xf7, 0xb5, 0xd7, 0xad, 0x96, 0xad, 0x35, 0xa5, 0x96, 0xad, 0x96, 0xad,
    0x96, 0xad, 0x75, 0xa5, 0x76, 0xad, 0x76, 0xad, 0x76, 0xad, 0x76, 0xa5,
    0x75, 0xa5, 0x76, 0xad, 0x76, 0xa5, 0x75, 0xad, 0x76, 0xad, 0x76, 0xa5,
    0x75, 0xa5, 0x76, 0xad, 0x76, 0xa5, 0x75, 0xa5, 0x76, 0xad, 0x76, 0xad,
    0x96, 0xad, 0x76, 0xad, 0x75, 0xad, 0x76, 0xa5, 0x76, 0xad, 0x76, 0xad,
    0x76, 0xa5, 0x76, 0xad, 0x96, 0xad, 0x76, 0xa5, 0x76, 0xad, 0x76, 0xad,
    0x76, 0xa5, 0x76, 0xad, 0x76, 0xa5, 0x76, 0xa5, 0x96, 0xad, 0x76, 0xad,
    0x96, 0xad, 0x96, 0xa5, 0x96, 0xa5, 0x96, 0xa5, 0x96, 0xa5, 0x77, 0xad,
    0x96, 0xad, 0x96, 0xad, 0x96, 0xad, 0x96, 0xad, 0xb6, 0xad, 0x96, 0xad,
    0xb6, 0xad, 0xb6, 0xad, 0x96, 0xad, 0xb6, 0xad, 0xb6, 0xa5, 0x96, 0xad,
    0xb7, 0xad, 0xb6, 0xad, 0x96, 0xad, 0xb6, 0xad, 0xb7, 0xad, 0xb6, 0xad,
    0xb6, 0xad, 0xb6, 0xad, 0xb7, 0xad, 0xb7, 0xad, 0xb6, 0xad, 0xb6, 0xad,
    0xb7, 0xad, 0xb6, 0xad, 0xb7, 0xad, 0xb7, 0xad, 0xb6, 0xad, 0xb6, 0xad,
    0xb7, 0xad, 0xb6, 0xad, 0xb7, 0xad, 0xb7, 0xad, 0xb7, 0xad, 0xb6, 0xad,
    0xd7, 0xb5, 0x59, 0xce, 0x9a, 0xd6, 0x9a, 0xd6, 0x9a, 0xd6, 0x99, 0xd6,
    0x9a, 0xd6, 0x9a, 0xd6, 0x9a, 0xd6, 0x9a, 0xd6, 0x9a, 0xd6, 0xba, 0xd6,
    0x9a, 0xd6, 0x9a, 0xd6, 0x9a, 0xd6, 0x9a, 0xd6, 0xba, 0xd6, 0x9a, 0xd6,
    0x9a, 0xd6, 0x9a, 0xd6, 0xba, 0xd6, 0xd4, 0x94, 0xfb, 0xe6, 0xfc, 0xde,
    0xfb, 0xe6, 0xfb, 0xde, 0xfb, 0xde, 0xfb, 0xde, 0xdb, 0xde, 0x9a, 0xd6,
    0x18, 0xbe, 0xf8, 0xb5, 0x17, 0xb6, 0x18, 0xbe, 0x17, 0xb6, 0x17, 0xb6,
    0x58, 0xbe, 0x79, 0xce, 0x59, 0xc6, 0x17, 0xb6, 0x18, 0xb6, 0xf8, 0xb5,
    0x17, 0xb6, 0x17, 0xb6, 0xf7, 0xb5, 0x17, 0xb6, 0x17, 0xb6, 0x17, 0xb6,
    0x18, 0xb6, 0x17, 0xb6, 0xf8, 0xb5, 0xf7, 0xb5, 0xf7, 0xb5, 0x17, 0xb6,
    0xf7, 0xb5, 0x17, 0xb6, 0x17, 0xb6, 0xf8, 0xb5, 0x17, 0xb6, 0xf7, 0xb5,
    0xbb, 0xce, 0x1c, 0xdf, 0xf7, 0xad, 0xf8, 0xb5, 0x18, 0xb6, 0xf7, 0xad,
    0x78, 0xc6, 0xda, 0xff, 0xba, 0xf7, 0xba, 0xf7, 0xba, 0xf7, 0x7a, 0xef,
    0xf7, 0xb5, 0x17, 0xb6, 0x18, 0xb6, 0x17, 0xb6, 0x38, 0xbe, 0xfc, 0xe6,
    0xfb, 0xe6, 0x1b, 0xe7, 0x1c, 0xdf, 0x1b, 0xe7, 0x1c, 0xdf, 0x1b, 0xdf,
    0x1c, 0xe7, 0x1c, 0xe7, 0x1c, 0xe7, 0x1b, 0xe7, 0x3c, 0xe7, 0x1c, 0xe7,
    0x3c, 0xe7, 0x3c, 0xe7, 0x1c, 0xe7, 0x1c, 0xe7, 0x1b, 0xe7, 0x1c, 0xe7,
    0x1c, 0xe7, 0x1c, 0xe7, 0x59, 0xc6, 0xf4, 0x94, 0x11, 0x7c, 0x6f, 0x63,
    0x0d, 0x5b, 0xed, 0x52, 0xed, 0x52, 0x0d, 0x53, 0x0d, 0x5b, 0x2d, 0x5b,
    0x0d, 0x53, 0x0d, 0x5b, 0x2d, 0x5b, 0x0d, 0x53, 0x0d, 0x5b, 0x0d, 0x5b,
    0x0d, 0x53, 0x0d, 0x53, 0x0d, 0x5b, 0x0d, 0x53, 0x0d, 0x53, 0x0d, 0x53,
    0x0d, 0x53, 0xed, 0x52, 0xed, 0x52, 0xec, 0x52, 0xed, 0x4a, 0xcc, 0x52,
    0xcc, 0x52, 0xcc, 0x52, 0xac, 0x4a, 0x34, 0xc6, 0xaf, 0x8c, 0x8c, 0x4a,
    0xac, 0x52, 0xac, 0x52, 0xac, 0x4a, 0xac, 0x52, 0xab, 0x52, 0xac, 0x4a,
    0xab, 0x52, 0xac, 0x4a, 0xac, 0x52, 0xab, 0x52, 0xac, 0x4a, 0xac, 0x52,
    0xab, 0x52, 0xac, 0x4a, 0x8c, 0x52, 0xab, 0x52, 0xac, 0x4a, 0x8c, 0x52,
    0xac, 0x52, 0xab, 0x4a, 0x8c, 0x52, 0xac, 0x4a, 0xac, 0x4a, 0xac, 0x52,
    0xac, 0x52, 0xcc, 0x52, 0xcc, 0x52, 0xac, 0x52, 0xcc, 0x52, 0xcc, 0x52,
    0xcc, 0x52, 0xed, 0x52, 0xcc, 0x52, 0xec, 0x52, 0xcd, 0x5a, 0xcc, 0x52,
    0xcd, 0x52, 0xec, 0x5a, 0xcd, 0x52, 0xcd, 0x52, 0xcd, 0x52, 0xec, 0x5a,
    0xcc, 0x52, 0xcd, 0x52, 0xcc, 0x5a, 0xcc, 0x52, 0xcc, 0x52, 0xcc, 0x52,
    0xcc, 0x52, 0xcc, 0x52, 0xac, 0x52, 0xac, 0x52, 0xac, 0x4a, 0xac, 0x52,
    0x0d, 0x5b, 0xaf, 0x73, 0x73, 0x8c, 0x35, 0xa5, 0x96, 0xb5, 0x97, 0xb5,
    0xb7, 0xb5, 0xb7, 0xbd, 0xd7, 0xbd, 0xf8, 0xbd, 0xf8, 0xbd, 0x18, 0xc6,
    0x18, 0xc6, 0x18, 0xc6, 0x18, 0xbe, 0x18, 0xc6, 0x38, 0xc6, 0x59, 0xce,
    0x9a, 0xd6, 0xbb, 0xd6, 0xbb, 0xd6, 0x79, 0xc6, 0x18, 0xbe, 0x18, 0xb6,
    0x18, 0xb6, 0x17, 0xb6, 0x17, 0xb6, 0x17, 0xb6, 0x18, 0xb6, 0x17, 0xb6,
    0x17, 0xb6, 0xf8, 0xb5, 0x18, 0xb6, 0x17, 0xb6, 0x17, 0xb6, 0x17, 0xb6,
    0x18, 0xb6, 0xf7, 0xb5, 0x18, 0xb6, 0x18, 0xb6, 0x17, 0xb6, 0x17, 0xb6,
    0x17, 0xb6, 0xf7, 0xbd, 0xf7, 0xb5, 0x17, 0xb6, 0xf7, 0xbd, 0x17, 0xb6,
    0x18, 0xb6, 0x17, 0xb6, 0xf7, 0xb5, 0xf7, 0xad, 0xd7, 0xad, 0xb6, 0xad,
    0x96, 0xad, 0x96, 0xad, 0x76, 0xad, 0x95, 0xa5, 0x76, 0xa5, 0x96, 0xad,
    0x76, 0xad, 0x76, 0xa5, 0x76, 0xad, 0x75, 0xad, 0x76, 0xa5, 0x76, 0xa5,
    0x76, 0xad, 0x76, 0xad, 0x76, 0xa5, 0x76, 0xad, 0x76, 0xa5, 0x76, 0xa5,
    0x75, 0xad, 0x76, 0xa5, 0x76, 0xa5, 0x96, 0xad, 0x76, 0xad, 0x76, 0xa5,
    0x76, 0xa5, 0x76, 0xad, 0x76, 0xa5, 0x96, 0xad, 0x76, 0xad, 0x76, 0xa5,
    0x76, 0xad, 0x76, 0xa5, 0x96, 0xad, 0x76, 0xad, 0x76, 0xad, 0x96, 0xad,
    0x96, 0xa5, 0x96, 0xa5, 0x96, 0xad, 0x76, 0xa5, 0x96, 0xad, 0x96, 0xad,
    0x96, 0xa5, 0x96, 0xad, 0x96, 0xad, 0x96, 0xad, 0x96, 0xad, 0x96, 0xad,
    0x96, 0xad, 0xb6, 0xad, 0x96, 0xa5, 0xb6, 0xad, 0xb6, 0xad, 0xb6, 0xad,
    0xb7, 0xad, 0xb6, 0xad, 0x96, 0xa5, 0xb7, 0xad, 0xb6, 0xad, 0xb6, 0xad,
    0xb7, 0xad, 0xb6, 0xad, 0xb7, 0xad, 0xb6, 0xad, 0xb7, 0xad, 0xb6, 0xad,
    0xb7, 0xad, 0xb7, 0xad, 0xb6, 0xad, 0xb6, 0xad, 0xb7, 0xad, 0xb7, 0xad,
    0xd7, 0xad, 0xb7, 0xb5, 0xd6, 0xad, 0xb7, 0xad, 0xd6, 0xb5, 0xb6, 0xad,
    0xb7, 0xad, 0xb7, 0xad, 0xb7, 0xad, 0xb7, 0xad, 0xf7, 0xbd, 0x58, 0xce,
    0x79, 0xce, 0x9a, 0xd6, 0xba, 0xd6, 0x99, 0xd6, 0x99, 0xd6, 0x9a, 0xd6,
    0x99, 0xd6, 0x99, 0xd6, 0x9a, 0xd6, 0xba, 0xd6, 0x99, 0xd6, 0xba, 0xd6,
    0xba, 0xd6, 0xb9, 0xd6, 0x9a, 0xd6, 0x9a, 0xd6, 0x9a, 0xd6, 0xd4, 0x94,
    0x79, 0xce, 0xfb, 0xe6, 0xfb, 0xde, 0xfb, 0xde, 0xfb, 0xe6, 0xfb, 0xde,
    0xdb, 0xde, 0xdb, 0xde, 0xdb, 0xd6, 0x38, 0xc6, 0xf7, 0xb5, 0x18, 0xb6,
    0x18, 0xbe, 0xf7, 0xb5, 0xf7, 0xb5, 0x38, 0xbe, 0x79, 0xce, 0x79, 0xc6,
    0x18, 0xb6, 0x17, 0xb6, 0x18, 0xb6, 0x18, 0xb6, 0x17, 0xb6, 0x17, 0xb6,
    0x17, 0xb6, 0xf8, 0xb5, 0xf7, 0xb5, 0x17, 0xb6, 0x18, 0xb6, 0xf7, 0xb5,
    0x17, 0xb6, 0xf7, 0xb5, 0xf7, 0xb5, 0xf7, 0xb5, 0x17, 0xb6, 0xf8, 0xb5,
    0xf7, 0xb5, 0x17, 0xb6, 0x38, 0xbe, 0x38, 0xbe, 0xf7, 0xb5, 0xf7, 0xb5,
    0xf7, 0xb5, 0xf8, 0xb5, 0x17, 0xb6, 0x9a, 0xf7, 0xba, 0xf7, 0xba, 0xf7,
    0xdb, 0xff, 0xf8, 0xd6, 0xf8, 0xb5, 0xf7, 0xb5, 0xf7, 0xb5, 0x18, 0xb6,
    0xfb, 0xde, 0xfb, 0xe6, 0xfc, 0xde, 0xfb, 0xde, 0x1c, 0xe7, 0x1c, 0xe7,
    0xfb, 0xde, 0xfb, 0xde, 0x1c, 0xe7, 0x1b, 0xdf, 0x1b, 0xdf, 0x1c, 0xe7,
    0x1c, 0xe7, 0x1b, 0xe7, 0x1c, 0xe7, 0x1b, 0xe7, 0x1c, 0xe7, 0x1c, 0xe7,
    0x1c, 0xe7, 0x1b, 0xe7, 0x1b, 0xe7, 0xfb, 0xde, 0xba, 0xd6, 0xf8, 0xb5,
    0x18, 0xb6, 0x38, 0xb6, 0xf8, 0xb5, 0x96, 0xa5, 0xd4, 0x8c, 0x11, 0x74,
    0x8f, 0x63, 0x0d, 0x53, 0xed, 0x52, 0xed, 0x52, 0x0d, 0x53, 0x2d, 0x5b,
    0x0e, 0x5b, 0x2d, 0x5b, 0x0e, 0x53, 0x0d, 0x5b, 0x0d, 0x5b, 0x0d, 0x53,
    0x0d, 0x5b, 0x0d, 0x53, 0x0d, 0x53, 0x0d, 0x53, 0xed, 0x52, 0xed, 0x52,
    0xed, 0x52, 0xed, 0x52, 0xcc, 0x52, 0xed, 0x52, 0xed, 0x52, 0x8c, 0x4a,
    0xac, 0x52, 0xcc, 0x52, 0xcc, 0x52, 0xcc, 0x4a, 0xcc, 0x4a, 0xac, 0x52,
    0xac, 0x52, 0xac, 0x52, 0xac, 0x4a, 0x8b, 0x4a, 0xac, 0x52, 0x8b, 0x4a,
    0xac, 0x4a, 0x8b, 0x52, 0xac, 0x4a, 0xac, 0x4a, 0xac, 0x52, 0xac, 0x4a,
    0xac, 0x52, 0xac, 0x52, 0xac, 0x52, 0xac, 0x52, 0xac, 0x52, 0xac, 0x52,
    0xac, 0x52, 0xac, 0x52, 0xac, 0x52, 0xcc, 0x52, 0xcc, 0x52, 0xcc, 0x52,
    0xcd, 0x52, 0xcd, 0x52, 0xed, 0x52, 0xcd, 0x5a, 0xed, 0x5a, 0xed, 0x52,
    0xed, 0x52, 0xcc, 0x5a, 0xcd, 0x52, 0xed, 0x5a, 0xec, 0x5a, 0xcc, 0x52,
    0xcd, 0x52, 0xcc, 0x52, 0xcc, 0x52, 0xcd, 0x52, 0xcc, 0x52, 0xcc, 0x52,
    0xcd, 0x52, 0xac, 0x52, 0xac, 0x52, 0xcc, 0x52, 0xed, 0x5a, 0xaf, 0x6b,
    0x72, 0x8c, 0x15, 0xa5, 0x96, 0xb5, 0x96, 0xb5, 0x96, 0xb5, 0x96, 0xb5,
    0xb7, 0xb5, 0xb7, 0xbd, 0xd7, 0xbd, 0xf7, 0xbd, 0xd7, 0xbd, 0xf8, 0xc5,
    0x18, 0xc6, 0x39, 0xc6, 0x59, 0xce, 0x9a, 0xd6, 0xbb, 0xde, 0xfb, 0xde,
    0xfc, 0xde, 0xfb, 0xde, 0x9a, 0xd6, 0x39, 0xc6, 0x18, 0xbe, 0xf8, 0xb5,
    0xf8, 0xb5, 0x18, 0xb6, 0xf7, 0xb5, 0x18, 0xb6, 0x18, 0xb6, 0x17, 0xb6,
    0x18, 0xb6, 0x17, 0xb6, 0x18, 0xb6, 0x18, 0xb6, 0x17, 0xb6, 0xf8, 0xb5,
    0x17, 0xb6, 0x18, 0xb6, 0xf7, 0xb5, 0x17, 0xb6, 0x18, 0xb6, 0xf8, 0xb5,
    0x17, 0xb6, 0x18, 0xb6, 0xf7, 0xb5, 0xf7, 0xb5, 0x18, 0xb6, 0x17, 0xb6,
    0xf7, 0xb5, 0xf8, 0xb5, 0x17, 0xb6, 0xf8, 0xb5, 0xf8, 0xb5, 0xf7, 0xb5,
    0xf7, 0xb5, 0xd7, 0xb5, 0x96, 0xad, 0x96, 0xad, 0x96, 0xad, 0x96, 0xad,
    0x76, 0xad, 0x76, 0xa5, 0x75, 0xa5, 0x76, 0xad, 0x76, 0xa5, 0x76, 0xad,
    0x75, 0xa5, 0x76, 0xa5, 0x75, 0xad, 0x76, 0xa5, 0x76, 0xad, 0x75, 0xad,
    0x76, 0xa5, 0x76, 0xad, 0x76, 0xad, 0x76, 0xa5, 0x76, 0xad, 0x76, 0xad,
    0x96, 0xa5, 0x75, 0xad, 0x96, 0xad, 0x76, 0xad, 0x75, 0xa5, 0x76, 0xad,
    0x96, 0xad, 0x75, 0xa5, 0x76, 0xad, 0x96, 0xad, 0x76, 0xa5, 0x76, 0xa5,
    0x76, 0xad, 0x76, 0xad, 0x76, 0xad, 0x96, 0xa5, 0x76, 0xad, 0x9b, 0xd6,
    0x96, 0xad, 0x96, 0xa5, 0x96, 0xa5, 0x96, 0xad, 0x96, 0xad, 0x96, 0xa5,
    0x96, 0xad, 0x96, 0xad, 0x96, 0xad, 0xb6, 0xad, 0x96, 0xa5, 0x96, 0xad,
    0x96, 0xad, 0xb6, 0xad, 0xb7, 0xad, 0xb7, 0xad, 0xb6, 0xad, 0x97, 0xad,
    0xb6, 0xad, 0xb6, 0xa5, 0xb7, 0xad, 0xb6, 0xad, 0xb6, 0xad, 0xb7, 0xad,
    0xb6, 0xad, 0xb6, 0xad, 0xb7, 0xad, 0xb7, 0xad, 0xb6, 0xad, 0xb7, 0xad,
    0xb6, 0xad, 0xb6, 0xad, 0xb6, 0xad, 0xb7, 0xad, 0xb7, 0xad, 0xd7, 0xad,
    0xb7, 0xad, 0xb6, 0xad, 0xd7, 0xad, 0xb7, 0xad, 0xb6, 0xad, 0xb7, 0xad,
    0xb7, 0xad, 0xb6, 0xad, 0xb6, 0xad, 0xb7, 0xb5, 0xf7, 0xbd, 0x38, 0xc6,
    0x59, 0xce, 0x79, 0xd6, 0x9a, 0xd6, 0x9a, 0xd6, 0x9a, 0xd6, 0x9a, 0xd6,
    0x9a, 0xd6, 0xba, 0xd6, 0x99, 0xd6, 0x9a, 0xd6, 0xba, 0xd6, 0x99, 0xd6,
    0x99, 0xd6, 0x93, 0x8c, 0x14, 0xa5, 0xd7, 0xbd, 0xfb, 0xde, 0xfb, 0xde,
    0xfb, 0xde, 0xfb, 0xde, 0xfb, 0xde, 0xfb, 0xde, 0xdb, 0xde, 0xda, 0xde,
    0x59, 0xc6, 0xf8, 0xb5, 0xf8, 0xb5, 0x18, 0xb6, 0x18, 0xb6, 0xf7, 0xb5,
    0x38, 0xbe, 0x79, 0xce, 0x99, 0xce, 0x38, 0xbe, 0xf7, 0xb5, 0x18, 0xb6,
    0x18, 0xb6, 0xf8, 0xb5, 0x18, 0xb6, 0x18, 0xb6, 0xf7, 0xb5, 0xf7, 0xb5,
    0x18, 0xb6, 0xf7, 0xb5, 0x18, 0xb6, 0x18, 0xb6, 0xf8, 0xb5, 0xf7, 0xb5,
    0xf7, 0xb5, 0xf7, 0xb5, 0xf7, 0xb5, 0xf8, 0xb5, 0xf7, 0xb5, 0xf7, 0xb5,
    0x17, 0xb6, 0x17, 0xb6, 0xf7, 0xb5, 0xf8, 0xb5, 0x17, 0xb6, 0x58, 0xbe,
    0x5a, 0xe7, 0x9a, 0xef, 0xf9, 0xd6, 0xf7, 0xb5, 0x17, 0xb6, 0xf8, 0xb5,
    0xf7, 0xb5, 0xdb, 0xd6, 0xfb, 0xe6, 0xfb, 0xe6, 0xfb, 0xde, 0x1c, 0xdf,
    0xfb, 0xe6, 0xfb, 0xde, 0x1b, 0xe7, 0xfb, 0xe6, 0xfb, 0xde, 0x1c, 0xe7,
    0x1b, 0xe7, 0x1b, 0xdf, 0x1c, 0xe7, 0x1b, 0xe7, 0x1c, 0xe7, 0x1c, 0xe7,
    0x3b, 0xe7, 0x1c, 0xe7, 0x1c, 0xdf, 0x1b, 0xe7, 0x1b, 0xdf, 0xfb, 0xde,
    0xdb, 0xde, 0x18, 0xb6, 0x18, 0xb6, 0xf8, 0xb5, 0xf7, 0xb5, 0xf7, 0xb5,
    0xf7, 0xb5, 0x18, 0xb6, 0xf8, 0xb5, 0xd7, 0xad, 0x76, 0xa5, 0xf4, 0x94,
    0x31, 0x7c, 0x8f, 0x63, 0x2d, 0x53, 0xed, 0x52, 0xed, 0x52, 0x0d, 0x53,
    0x0d, 0x53, 0x0d, 0x5b, 0x0d, 0x5b, 0x0d, 0x5b, 0x0d, 0x5b, 0x0d, 0x53,
    0x0d, 0x53, 0x0d, 0x53, 0x0d, 0x53, 0x4e, 0x5b, 0x6f, 0x63, 0xed, 0x52,
    0xed, 0x52, 0xed, 0x52, 0x0d, 0x53, 0xed, 0x52, 0xec, 0x52, 0xcc, 0x52,
    0xcc, 0x52, 0xcc, 0x52, 0xcc, 0x4a, 0xcc, 0x52, 0xac, 0x4a, 0xac, 0x52,
    0xac, 0x4a, 0xac, 0x4a, 0xac, 0x52, 0xac, 0x52, 0xac, 0x4a, 0xab, 0x4a,
    0xac, 0x52, 0xac, 0x4a, 0xac, 0x4a, 0xcc, 0x4a, 0xcc, 0x52, 0xcc, 0x4a,
    0xcc, 0x4a, 0xcc, 0x52, 0xcc, 0x52, 0xcc, 0x52, 0xec, 0x4a, 0xcd, 0x52,
    0xcc, 0x52, 0xed, 0x52, 0xed, 0x52, 0xec, 0x52, 0xed, 0x52, 0xed, 0x52,
    0xec, 0x52, 0xed, 0x52, 0xed, 0x52, 0xed, 0x52, 0xec, 0x52, 0xed, 0x52,
    0xed, 0x52, 0xed, 0x52, 0xec, 0x52, 0xed, 0x52, 0xcd, 0x52, 0xcc, 0x52,
    0xac, 0x52, 0xcc, 0x52, 0x4e, 0x63, 0xf1, 0x7b, 0x8f, 0x73, 0xd7, 0xbd,
    0xd3, 0x9c, 0x14, 0x9d, 0x96, 0xad, 0x76, 0xad, 0x76, 0xad, 0x76, 0xad,
    0x76, 0xb5, 0x96, 0xb5, 0x97, 0xb5, 0xd7, 0xbd, 0x18, 0xc6, 0x59, 0xce,
    0x9a, 0xd6, 0xbb, 0xde, 0xfb, 0xde, 0xfb, 0xe6, 0xfb, 0xe6, 0xfb, 0xde,
    0xfb, 0xde, 0xdb, 0xde, 0x9a, 0xd6, 0x39, 0xbe, 0xf8, 0xbd, 0x18, 0xb6,
    0x18, 0xb6, 0x18, 0xb6, 0xf8, 0xb5, 0x18, 0xbe, 0xf8, 0xbd, 0x18, 0xb6,
    0x17, 0xb6, 0x18, 0xb6, 0x17, 0xb6, 0xf8, 0xb5, 0x17, 0xb6, 0x17, 0xb6,
    0xf8, 0xb5, 0x17, 0xb6, 0x18, 0xb6, 0xf8, 0xb5, 0x17, 0xb6, 0x18, 0xb6,
    0x17, 0xb6, 0xf7, 0xb5, 0x18, 0xb6, 0x18, 0xb6, 0xf8, 0xb5, 0x18, 0xb6,
    0xf7, 0xb5, 0xf8, 0xb5, 0xf8, 0xb5, 0x17, 0xb6, 0xf7, 0xb5, 0x17, 0xb6,
    0xf7, 0xb5, 0xf7, 0xb5, 0xf7, 0xb5, 0xd7, 0xb5, 0xb7, 0xad, 0x96, 0xad,
    0x96, 0xad, 0x76, 0xa5, 0x76, 0xad, 0x75, 0xa5, 0x76, 0xad, 0x75, 0xad,
    0x76, 0xa5, 0x76, 0xad, 0x76, 0xad, 0x76, 0xa5, 0x75, 0xad, 0x76, 0xa5,
    0x76, 0xa5, 0x75, 0xad, 0x76, 0xa5, 0x76, 0xad, 0x75, 0xa5, 0x75, 0xa5,
    0x76, 0xad, 0x75, 0xa5, 0x76, 0xa5, 0x76, 0xad, 0x76, 0xad, 0x96, 0xa5,
    0x76, 0xad, 0x76, 0xad, 0x76, 0xa5, 0x96, 0xad, 0x76, 0xad, 0x75, 0xa5,
    0x96, 0xad, 0x76, 0xad, 0x76, 0xa5, 0x76, 0xa5, 0x76, 0xad, 0x76, 0xad,
    0x76, 0xad, 0x17, 0xbe, 0x96, 0xad, 0x96, 0xa5, 0x96, 0xad, 0x76, 0xad,
    0x76, 0xad, 0x76, 0xa5, 0x96, 0xa5, 0x96, 0xa5, 0x96, 0xad, 0x96, 0xa5,
    0xb6, 0xad, 0x97, 0xad, 0x96, 0xa5, 0x96, 0xa5, 0xb7, 0xad, 0xb6, 0xad,
    0x96, 0xad, 0xb7, 0xad, 0xb6, 0xad, 0x96, 0xad, 0x97, 0xad, 0xb6, 0xad,
    0xb6, 0xad, 0xb7, 0xad, 0xb6, 0xad, 0xb6, 0xad, 0xb6, 0xad, 0xb6, 0xad,
    0xb6, 0xad, 0xb7, 0xad, 0xb7, 0xad, 0xb6, 0xad, 0xb6, 0xad, 0xb6, 0xad,
    0xb7, 0xad, 0xb6, 0xad, 0xb7, 0xad, 0xb7, 0xb5, 0xd6, 0xad, 0xb7, 0xad,
    0xb6, 0xad, 0xd7, 0xad, 0xd7, 0xad, 0xb7, 0xad, 0xd7, 0xad, 0xb7, 0xad,
    0xb7, 0xad, 0xb7, 0xad, 0xb7, 0xad, 0xb6, 0xad, 0xb7, 0xb5, 0xd7, 0xb5,
    0xd7, 0xb5, 0xf7, 0xbd, 0xf7, 0xbd, 0x18, 0xbe, 0x17, 0xbe, 0x18, 0xbe,
    0x17, 0xc6, 0x9a, 0xd6, 0x92, 0x94, 0xf7, 0xbd
};
