// 4.21.2 0x9c89ee1f D2 R0 FRGB565 U565 N0 SExtFlashSection
// Generated by imageconverter. Please, do not edit!

#include <touchgfx/hal/Config.hpp>

LOCATION_PRAGMA("ExtFlashSection")
KEEP extern const unsigned char image_bg_4[] LOCATION_ATTRIBUTE("ExtFlashSection") = { // 319x240 RGB565 pixels.
    0x17, 0xd6, 0x17, 0xd6, 0x38, 0xce, 0x38, 0xd6, 0x38, 0xd6, 0x58, 0xd6,
    0x58, 0xd6, 0x58, 0xde, 0x78, 0xde, 0x79, 0xde, 0x78, 0xde, 0x79, 0xde,
    0x99, 0xde, 0x79, 0xde, 0x99, 0xde, 0x99, 0xde, 0x99, 0xde, 0x79, 0xde,
    0x99, 0xde, 0x79, 0xde, 0x79, 0xde, 0x99, 0xde, 0x79, 0xde, 0x79, 0xde,
    0x79, 0xde, 0x78, 0xde, 0x79, 0xde, 0x78, 0xde, 0x79, 0xde, 0x58, 0xd6,
    0x58, 0xd6, 0x58, 0xd6, 0x58, 0xde, 0x58, 0xde, 0x58, 0xd6, 0x58, 0xde,
    0x58, 0xd6, 0x58, 0xd6, 0x58, 0xd6, 0x58, 0xde, 0x58, 0xde, 0x79, 0xd6,
    0x78, 0xde, 0x99, 0xde, 0x99, 0xde, 0x99, 0xe6, 0x99, 0xe6, 0xb9, 0xde,
    0xb9, 0xe6, 0xba, 0xe6, 0xda, 0xe6, 0xda, 0xe6, 0xda, 0xe6, 0xfa, 0xee,
    0xfb, 0xee, 0xfb, 0xee, 0x1b, 0xef, 0x1b, 0xef, 0x1b, 0xf7, 0x3b, 0xef,
    0x3c, 0xf7, 0x3b, 0xf7, 0x5c, 0xf7, 0x3c, 0xf7, 0x5c, 0xf7, 0x5c, 0xf7,
    0x5c, 0xf7, 0x5c, 0xf7, 0x5c, 0xf7, 0x5c, 0xf7, 0x5c, 0xf7, 0x5c, 0xf7,
    0x5c, 0xf7, 0x5c, 0xf7, 0x5c, 0xf7, 0x5c, 0xf7, 0x5c, 0xf7, 0x5b, 0xf7,
    0x5c, 0xf7, 0x3c, 0xf7, 0x5c, 0xf7, 0x3c, 0xf7, 0x3b, 0xf7, 0x5c, 0xf7,
    0x5c, 0xf7, 0x5c, 0xf7, 0x3c, 0xf7, 0x5c, 0xf7, 0x3c, 0xf7, 0x5c, 0xf7,
    0x5c, 0xf7, 0x5c, 0xf7, 0x5c, 0xf7, 0x5c, 0xf7, 0x5c, 0xf7, 0x7d, 0xf7,
    0x7c, 0xff, 0x7d, 0xf7, 0x7d, 0xf7, 0x7d, 0xf7, 0x7d, 0xff, 0x7c, 0xf7,
    0x7d, 0xf7, 0x7d, 0xff, 0x7d, 0xff, 0x7d, 0xf7, 0x7d, 0xf7, 0x7d, 0xff,
    0x9d, 0xff, 0x9d, 0xff, 0x9d, 0xf7, 0x9d, 0xff, 0x9e, 0xff, 0x9e, 0xff,
    0xbe, 0xff, 0xbe, 0xff, 0xbe, 0xff, 0xbe, 0xff, 0xbe, 0xff, 0xde, 0xff,
    0xdf, 0xff, 0xde, 0xff, 0xbe, 0xff, 0xbf, 0xff, 0xde, 0xff, 0xbe, 0xff,
    0xdf, 0xff, 0xde, 0xff, 0xde, 0xff, 0xdf, 0xff, 0xdf, 0xff, 0xde, 0xff,
    0xdf, 0xff, 0xde, 0xff, 0xdf, 0xff, 0xde, 0xff, 0xdf, 0xff, 0xde, 0xff,
    0xdf, 0xff, 0xdf, 0xff, 0xde, 0xff, 0xdf, 0xff, 0xde, 0xff, 0xdf, 0xff,
    0xde, 0xff, 0xdf, 0xff, 0xdf, 0xff, 0xdf, 0xff, 0xdf, 0xff, 0xde, 0xff,
    0xdf, 0xff, 0xdf, 0xff, 0xdf, 0xff, 0xdf, 0xff, 0xdf, 0xff, 0xdf, 0xff,
    0xff, 0xff, 0xff, 0xff, 0xff, 0xff, 0xff, 0xff, 0x96, 0xbd, 0x95, 0xc5,
    0x2f, 0x9c, 0x90, 0xb4, 0xf1, 0xcc, 0xf5, 0xdd, 0xb4, 0xdd, 0x73, 0xd5,
    0x32, 0xd5, 0xf5, 0xe5, 0xf5, 0xed, 0xf5, 0xe5, 0x98, 0xf6, 0x57, 0xf6,
    0x36, 0xf6, 0x37, 0xf6, 0xf6, 0xfd, 0x16, 0xfe, 0x99, 0xfe, 0x78, 0xfe,
    0x58, 0xfe, 0x78, 0xfe, 0xb9, 0xfe, 0x99, 0xfe, 0x37, 0xfe, 0x17, 0xfe,
    0x58, 0xfe, 0x99, 0xfe, 0x37, 0xfe, 0xb5, 0xfd, 0xb4, 0xfd, 0xb5, 0xfd,
    0xb4, 0xfd, 0xd5, 0xfd, 0xd5, 0xfd, 0xd5, 0xfd, 0xf5, 0xfd, 0x15, 0xfe,
    0xf5, 0xfd, 0xf5, 0xfd, 0x15, 0xfe, 0xf5, 0xfd, 0xf5, 0xfd, 0xb4, 0xfd,
    0x73, 0xfd, 0x94, 0xfd, 0x56, 0xfe, 0x5b, 0xff, 0xdf, 0xff, 0xff, 0xff,
    0xdf, 0xff, 0xbe, 0xff, 0xbf, 0xff, 0xdf, 0xff, 0xdf, 0xff, 0xdf, 0xff,
    0xff, 0xff, 0xff, 0xff, 0xff, 0xff, 0xff, 0xff, 0xff, 0xff, 0xff, 0xff,
    0xff, 0xff, 0xff, 0xff, 0xff, 0xff, 0xff, 0xff, 0xff, 0xff, 0xff, 0xff,
    0xff, 0xff, 0xff, 0xff, 0xff, 0xff, 0xff, 0xff, 0xff, 0xff, 0xff, 0xff,
    0xff, 0xff, 0xff, 0xff, 0xff, 0xff, 0xff, 0xff, 0xff, 0xff, 0xff, 0xff,
    0xff, 0xff, 0xff, 0xff, 0xff, 0xff, 0xff, 0xff, 0xff, 0xff, 0xff, 0xff,
    0xff, 0xff, 0xff, 0xff, 0xff, 0xff, 0xff, 0xff, 0xff, 0xff, 0xff, 0xff,
    0xff, 0xff, 0xff, 0xff, 0xff, 0xff, 0xff, 0xff, 0xff, 0xff, 0xff, 0xff,
    0xff, 0xff, 0xff, 0xff, 0xff, 0xff, 0xff, 0xff, 0xff, 0xff, 0xff, 0xff,
    0xff, 0xff, 0xff, 0xff, 0xff, 0xff, 0xff, 0xff, 0xff, 0xff, 0xff, 0xff,
    0xff, 0xff, 0xff, 0xff, 0xff, 0xff, 0xff, 0xff, 0xff, 0xff, 0xff, 0xff,
    0xff, 0xff, 0xff, 0xff, 0xff, 0xff, 0xff, 0xff, 0xff, 0xff, 0xff, 0xff,
    0xff, 0xff, 0xff, 0xff, 0xff, 0xff, 0xdf, 0xff, 0xdf, 0xff, 0xdf, 0xff,
    0xdf, 0xff, 0xdf, 0xff, 0xdf, 0xff, 0xdf, 0xff, 0xdf, 0xff, 0xff, 0xff,
    0xff, 0xff, 0xff, 0xff, 0xff, 0xff, 0xff, 0xff, 0xff, 0xff, 0xff, 0xff,
    0xff, 0xff, 0xff, 0xff, 0xff, 0xff, 0xff, 0xff, 0xff, 0xff, 0xff, 0xff,
    0xff, 0xff, 0xff, 0xff, 0xff, 0xff, 0xff, 0xff, 0xff, 0xff, 0xff, 0xff,
    0xff, 0xff, 0xff, 0xff, 0xff, 0xff, 0xff, 0xff, 0xff, 0xff, 0xff, 0xff,
    0xff, 0xff, 0x18, 0xd6, 0x18, 0xd6, 0x38, 0xd6, 0x17, 0xd6, 0x38, 0xde,
    0x38, 0xde, 0x58, 0xd6, 0x59, 0xd6, 0x79, 0xde, 0x79, 0xd6, 0x79, 0xde,
    0x79, 0xde, 0x99, 0xde, 0x79, 0xde, 0x99, 0xde, 0x99, 0xde, 0x79, 0xde,
    0x79, 0xe6, 0x99, 0xde, 0x99, 0xde, 0x79, 0xe6, 0x99, 0xde, 0x99, 0xde,
    0x79, 0xde, 0x79, 0xde, 0x78, 0xde, 0x59, 0xde, 0x79, 0xde, 0x58, 0xde,
    0x58, 0xde, 0x58, 0xde, 0x58, 0xd6, 0x58, 0xde, 0x58, 0xde, 0x58, 0xd6,
    0x58, 0xde, 0x58, 0xd6, 0x58, 0xde, 0x78, 0xde, 0x79, 0xde, 0x59, 0xde,
    0x78, 0xde, 0x79, 0xe6, 0x79, 0xde, 0x99, 0xde, 0x99, 0xe6, 0x99, 0xde,
    0xb9, 0xe6, 0xba, 0xe6, 0xba, 0xe6, 0xba, 0xe6, 0xda, 0xee, 0xda, 0xee,
    0xfb, 0xe6, 0xfa, 0xee, 0x1b, 0xef, 0x1b, 0xf7, 0x1b, 0xf7, 0x1b, 0xf7,
    0x3c, 0xf7, 0x3c, 0xf7, 0x3c, 0xf7, 0x3c, 0xf7, 0x5c, 0xf7, 0x5c, 0xf7,
    0x5c, 0xf7, 0x5c, 0xf7, 0x5c, 0xf7, 0x5c, 0xf7, 0x3c, 0xf7, 0x5c, 0xf7,
    0x5c, 0xf7, 0x5c, 0xf7, 0x5c, 0xf7, 0x3c, 0xf7, 0x5c, 0xf7, 0x5c, 0xf7,
    0x3c, 0xf7, 0x5c, 0xf7, 0x3c, 0xf7, 0x5b, 0xf7, 0x5c, 0xf7, 0x3c, 0xf7,
    0x5c, 0xf7, 0x5c, 0xf7, 0x3c, 0xf7, 0x3c, 0xf7, 0x5c, 0xf7, 0x3c, 0xf7,
    0x5c, 0xf7, 0x5c, 0xf7, 0x5c, 0xf7, 0x7c, 0xf7, 0x5d, 0xff, 0x5c, 0xf7,
    0x7c, 0xff, 0x5d, 0xf7, 0x7d, 0xf7, 0x7c, 0xff, 0x7d, 0xff, 0x7d, 0xf7,
    0x7d, 0xff, 0x7d, 0xff, 0x9d, 0xf7, 0x7c, 0xff, 0x7d, 0xf7, 0x9d, 0xff,
    0x7d, 0xf7, 0x7d, 0xff, 0x7d, 0xf7, 0x9e, 0xf7, 0x9e, 0xff, 0x9e, 0xff,
    0x9d, 0xf7, 0xbe, 0xff, 0xbe, 0xff, 0xbe, 0xff, 0xbe, 0xff, 0xdf, 0xff,
    0xbe, 0xff, 0xdf, 0xff, 0xbf, 0xff, 0xbe, 0xff, 0xde, 0xff, 0xdf, 0xff,
    0xbf, 0xff, 0xbf, 0xff, 0xbf, 0xff, 0xde, 0xff, 0xbf, 0xff, 0xbf, 0xff,
    0xbe, 0xff, 0xde, 0xff, 0xdf, 0xff, 0xde, 0xff, 0xbf, 0xff, 0xdf, 0xff,
    0xde, 0xff, 0xde, 0xff, 0xdf, 0xff, 0xde, 0xff, 0xde, 0xff, 0xdf, 0xff,
    0xdf, 0xff, 0xde, 0xff, 0xbf, 0xff, 0xdf, 0xff, 0xdf, 0xff, 0xde, 0xff,
    0xdf, 0xff, 0xdf, 0xff, 0xdf, 0xff, 0xdf, 0xff, 0xde, 0xff, 0xdf, 0xff,
    0xdf, 0xff, 0xdf, 0xff, 0xdf, 0xff, 0xff, 0xff, 0xbf, 0xff, 0x54, 0xbd,
    0x50, 0x9c, 0xed, 0x9b, 0xd0, 0xc4, 0xf0, 0xcc, 0x77, 0xee, 0xf1, 0xcc,
    0x73, 0xdd, 0x52, 0xd5, 0x55, 0xee, 0xb4, 0xe5, 0x37, 0xee, 0x98, 0xf6,
    0x16, 0xf6, 0xf6, 0xf5, 0x37, 0xf6, 0xd5, 0xf5, 0x37, 0xfe, 0x78, 0xfe,
    0x37, 0xfe, 0x78, 0xfe, 0xb9, 0xfe, 0x78, 0xfe, 0x37, 0xfe, 0x58, 0xfe,
    0xb9, 0xfe, 0xfa, 0xfe, 0x16, 0xfe, 0x94, 0xfd, 0x74, 0xfd, 0x94, 0xfd,
    0x74, 0xfd, 0x94, 0xfd, 0xd5, 0xfd, 0x16, 0xfe, 0xf5, 0xfd, 0xf5, 0xfd,
    0xf5, 0xfd, 0xf5, 0xfd, 0xd4, 0xfd, 0xf4, 0xfd, 0xf5, 0xfd, 0xd4, 0xfd,
    0xb4, 0xfd, 0x73, 0xfd, 0x53, 0xfd, 0xd5, 0xfd, 0xd9, 0xfe, 0xbd, 0xff,
    0xff, 0xff, 0xff, 0xff, 0xbe, 0xff, 0xbe, 0xff, 0xde, 0xff, 0xdf, 0xff,
    0xdf, 0xff, 0xdf, 0xff, 0xff, 0xff, 0xdf, 0xff, 0xdf, 0xff, 0xdf, 0xff,
    0xdf, 0xff, 0xff, 0xff, 0xff, 0xff, 0xff, 0xff, 0xff, 0xff, 0xff, 0xff,
    0xff, 0xff, 0xff, 0xff, 0xff, 0xff, 0xff, 0xff, 0xff, 0xff, 0xff, 0xff,
    0xff, 0xff, 0xff, 0xff, 0xff, 0xff, 0xff, 0xff, 0xff, 0xff, 0xff, 0xff,
    0xff, 0xff, 0xff, 0xff, 0xff, 0xff, 0xff, 0xff, 0xff, 0xff, 0xff, 0xff,
    0xff, 0xff, 0xff, 0xff, 0xff, 0xff, 0xff, 0xff, 0xff, 0xff, 0xff, 0xff,
    0xff, 0xff, 0xff, 0xff, 0xff, 0xff, 0xff, 0xff, 0xff, 0xff, 0xff, 0xff,
    0xff, 0xff, 0xff, 0xff, 0xff, 0xff, 0xff, 0xff, 0xff, 0xff, 0xff, 0xff,
    0xff, 0xff, 0xff, 0xff, 0xff, 0xff, 0xff, 0xff, 0xff, 0xff, 0xff, 0xff,
    0xff, 0xff, 0xff, 0xff, 0xff, 0xff, 0xff, 0xff, 0xff, 0xff, 0xff, 0xff,
    0xff, 0xff, 0xff, 0xff, 0xff, 0xff, 0xff, 0xff, 0xff, 0xff, 0xff, 0xff,
    0xff, 0xff, 0xff, 0xff, 0xdf, 0xff, 0xdf, 0xff, 0xdf, 0xff, 0xdf, 0xff,
    0xdf, 0xff, 0xdf, 0xff, 0xdf, 0xff, 0xbf, 0xff, 0xdf, 0xff, 0xdf, 0xff,
    0xdf, 0xff, 0xff, 0xff, 0xff, 0xff, 0xff, 0xff, 0xff, 0xff, 0xff, 0xff,
    0xff, 0xff, 0xff, 0xff, 0xff, 0xff, 0xff, 0xff, 0xff, 0xff, 0xff, 0xff,
    0xff, 0xff, 0xff, 0xff, 0xff, 0xff, 0xff, 0xff, 0xff, 0xff, 0xff, 0xff,
    0xff, 0xff, 0xff, 0xff, 0xff, 0xff, 0xff, 0xff, 0xff, 0xff, 0xff, 0xff,
    0xff, 0xff, 0xff, 0xff, 0x17, 0xce, 0x37, 0xce, 0x37, 0xd6, 0x38, 0xd6,
    0x38, 0xd6, 0x58, 0xd6, 0x58, 0xd6, 0x78, 0xd6, 0x78, 0xde, 0x78, 0xde,
    0x79, 0xde, 0x79, 0xde, 0x99, 0xde, 0x79, 0xe6, 0x99, 0xde, 0x99, 0xde,
    0x99, 0xe6, 0x79, 0xde, 0x99, 0xde, 0x99, 0xe6, 0x99, 0xde, 0x99, 0xde,
    0x79, 0xde, 0x79, 0xde, 0x98, 0xde, 0x79, 0xde, 0x78, 0xde, 0x78, 0xd6,
    0x78, 0xde, 0x79, 0xd6, 0x59, 0xde, 0x59, 0xde, 0x58, 0xd6, 0x58, 0xd6,
    0x78, 0xd6, 0x59, 0xde, 0x58, 0xde, 0x79, 0xd6, 0x58, 0xde, 0x78, 0xd6,
    0x79, 0xd6, 0x78, 0xde, 0x59, 0xde, 0x99, 0xde, 0x78, 0xe6, 0x99, 0xde,
    0x9a, 0xde, 0x99, 0xe6, 0xb9, 0xe6, 0xba, 0xe6, 0xda, 0xe6, 0xda, 0xe6,
    0xda, 0xee, 0xfa, 0xee, 0xfb, 0xee, 0x1b, 0xef, 0x1b, 0xef, 0x1b, 0xef,
    0x3c, 0xef, 0x3b, 0xf7, 0x3b, 0xf7, 0x3c, 0xef, 0x5c, 0xf7, 0x5c, 0xf7,
    0x5c, 0xf7, 0x5b, 0xf7, 0x5c, 0xf7, 0x5c, 0xf7, 0x5c, 0xf7, 0x5c, 0xf7,
    0x5c, 0xf7, 0x5c, 0xf7, 0x5c, 0xf7, 0x5c, 0xf7, 0x5c, 0xf7, 0x5c, 0xf7,
    0x5c, 0xf7, 0x5c, 0xf7, 0x5b, 0xf7, 0x5c, 0xf7, 0x3c, 0xef, 0x5c, 0xef,
    0x3c, 0xef, 0x3b, 0xf7, 0x5c, 0xef, 0x3c, 0xf7, 0x5b, 0xf7, 0x5c, 0xf7,
    0x5c, 0xf7, 0x5c, 0xf7, 0x5c, 0xf7, 0x7c, 0xf7, 0x5c, 0xff, 0x7c, 0xf7,
    0x5d, 0xf7, 0x7c, 0xf7, 0x7c, 0xff, 0x7d, 0xf7, 0x7d, 0xf7, 0x7d, 0xf7,
    0x7c, 0xff, 0x7d, 0xf7, 0x9d, 0xf7, 0x9d, 0xf7, 0x7d, 0xf7, 0x7d, 0xff,
    0x7d, 0xff, 0x9d, 0xf7, 0x7d, 0xff, 0x7e, 0xff, 0x9d, 0xff, 0x9d, 0xff,
    0x9e, 0xf7, 0xbe, 0xff, 0x9e, 0xff, 0xbe, 0xff, 0xbe, 0xff, 0xde, 0xff,
    0xbf, 0xff, 0xdf, 0xff, 0xbe, 0xff, 0xdf, 0xff, 0xdf, 0xff, 0xdf, 0xff,
    0xde, 0xff, 0xdf, 0xff, 0xdf, 0xff, 0xbf, 0xff, 0xde, 0xff, 0xdf, 0xff,
    0xde, 0xff, 0xbf, 0xff, 0xdf, 0xff, 0xde, 0xff, 0xbf, 0xff, 0xde, 0xff,
    0xdf, 0xff, 0xdf, 0xff, 0xdf, 0xff, 0xde, 0xff, 0xbf, 0xff, 0xdf, 0xff,
    0xde, 0xff, 0xbf, 0xff, 0xdf, 0xff, 0xde, 0xff, 0xbf, 0xff, 0xde, 0xff,
    0xdf, 0xff, 0xdf, 0xff, 0xdf, 0xff, 0xdf, 0xff, 0xde, 0xff, 0xdf, 0xff,
    0xff, 0xff, 0xff, 0xff, 0xff, 0xff, 0xff, 0xff, 0xdf, 0xff, 0x7d, 0xef,
    0xf2, 0xac, 0x0e, 0x9c, 0xb0, 0xbc, 0xd0, 0xc4, 0x73, 0xd5, 0x15, 0xe6,
    0x11, 0xcd, 0x52, 0xd5, 0xd4, 0xdd, 0xd5, 0xe5, 0xf6, 0xe5, 0x57, 0xf6,
    0x36, 0xee, 0xd5, 0xed, 0xd6, 0xf5, 0x36, 0xf6, 0xf6, 0xf5, 0x58, 0xfe,
    0x37, 0xfe, 0x78, 0xfe, 0xba, 0xfe, 0x58, 0xfe, 0x37, 0xfe, 0x78, 0xfe,
    0x1a, 0xff, 0xd9, 0xfe, 0x16, 0xfe, 0x95, 0xfd, 0x74, 0xfd, 0x73, 0xfd,
    0x94, 0xfd, 0xb5, 0xfd, 0xf6, 0xfd, 0x37, 0xfe, 0xf5, 0xfd, 0x15, 0xfe,
    0xf5, 0xfd, 0xb4, 0xfd, 0xd4, 0xfd, 0xd4, 0xfd, 0xd4, 0xfd, 0xb4, 0xfd,
    0xb4, 0xfd, 0xb4, 0xfd, 0xb4, 0xfd, 0x94, 0xfd, 0x94, 0xfd, 0x57, 0xfe,
    0x5b, 0xff, 0xff, 0xff, 0xff, 0xff, 0xbe, 0xff, 0x9d, 0xf7, 0xbe, 0xf7,
    0xbe, 0xff, 0xbf, 0xff, 0xdf, 0xff, 0xbf, 0xff, 0xdf, 0xff, 0xdf, 0xff,
    0xdf, 0xff, 0xdf, 0xff, 0xdf, 0xff, 0xdf, 0xff, 0xdf, 0xff, 0xdf, 0xff,
    0xff, 0xff, 0xff, 0xff, 0xff, 0xff, 0xff, 0xff, 0xff, 0xff, 0xff, 0xff,
    0xff, 0xff, 0xff, 0xff, 0xff, 0xff, 0xff, 0xff, 0xff, 0xff, 0xff, 0xff,
    0xff, 0xff, 0xff, 0xff, 0xff, 0xff, 0xff, 0xff, 0xff, 0xff, 0xff, 0xff,
    0xff, 0xff, 0xff, 0xff, 0xff, 0xff, 0xff, 0xff, 0xff, 0xff, 0xff, 0xff,
    0xff, 0xff, 0xff, 0xff, 0xff, 0xff, 0xff, 0xff, 0xff, 0xff, 0xff, 0xff,
    0xff, 0xff, 0xff, 0xff, 0xff, 0xff, 0xff, 0xff, 0xff, 0xff, 0xff, 0xff,
    0xff, 0xff, 0xff, 0xff, 0xff, 0xff, 0xff, 0xff, 0xff, 0xff, 0xff, 0xff,
    0xff, 0xff, 0xff, 0xff, 0xff, 0xff, 0xff, 0xff, 0xff, 0xff, 0xff, 0xff,
    0xff, 0xff, 0xff, 0xff, 0xff, 0xff, 0xff, 0xff, 0xff, 0xff, 0xff, 0xff,
    0xff, 0xff, 0xff, 0xff, 0xdf, 0xff, 0xdf, 0xff, 0xdf, 0xff, 0xdf, 0xff,
    0xde, 0xff, 0xbe, 0xff, 0xbf, 0xff, 0xde, 0xff, 0xdf, 0xf7, 0xdf, 0xff,
    0xdf, 0xff, 0xdf, 0xff, 0xdf, 0xff, 0xff, 0xff, 0xff, 0xff, 0xff, 0xff,
    0xff, 0xff, 0xff, 0xff, 0xff, 0xff, 0xff, 0xff, 0xff, 0xff, 0xff, 0xff,
    0xff, 0xff, 0xff, 0xff, 0xff, 0xff, 0xff, 0xff, 0xff, 0xff, 0xff, 0xff,
    0xff, 0xff, 0xff, 0xff, 0xff, 0xff, 0xff, 0xff, 0xff, 0xff, 0xff, 0xff,
    0xff, 0xff, 0xff, 0xff, 0xff, 0xff, 0x17, 0xce, 0x18, 0xd6, 0x37, 0xd6,
    0x38, 0xd6, 0x58, 0xd6, 0x38, 0xd6, 0x58, 0xde, 0x38, 0xde, 0x59, 0xde,
    0x59, 0xde, 0x79, 0xde, 0x78, 0xde, 0x79, 0xde, 0x79, 0xde, 0x99, 0xde,
    0x79, 0xde, 0x79, 0xe6, 0x99, 0xe6, 0x99, 0xde, 0x79, 0xde, 0x99, 0xde,
    0x78, 0xe6, 0x79, 0xde, 0x79, 0xde, 0x79, 0xde, 0x78, 0xde, 0x79, 0xde,
    0x58, 0xde, 0x59, 0xde, 0x78, 0xde, 0x58, 0xde, 0x58, 0xd6, 0x78, 0xde,
    0x58, 0xd6, 0x58, 0xde, 0x59, 0xd6, 0x58, 0xd6, 0x58, 0xde, 0x58, 0xde,
    0x58, 0xde, 0x78, 0xde, 0x58, 0xde, 0x78, 0xde, 0x99, 0xde, 0x79, 0xde,
    0x99, 0xe6, 0xb9, 0xe6, 0x9a, 0xe6, 0xb9, 0xe6, 0xba, 0xe6, 0xb9, 0xe6,
    0xda, 0xe6, 0xdb, 0xee, 0xda, 0xee, 0xfb, 0xee, 0xfa, 0xee, 0x1b, 0xef,
    0x1b, 0xef, 0x3c, 0xf7, 0x3c, 0xf7, 0x3c, 0xef, 0x3b, 0xf7, 0x5c, 0xf7,
    0x3c, 0xf7, 0x5c, 0xff, 0x3c, 0xf7, 0x5c, 0xff, 0x5c, 0xff, 0x3c, 0xf7,
    0x5c, 0xf7, 0x5c, 0xff, 0x5c, 0xf7, 0x5c, 0xf7, 0x3c, 0xf7, 0x5c, 0xf7,
    0x3c, 0xff, 0x3c, 0xf7, 0x5c, 0xf7, 0x5c, 0xf7, 0x5c, 0xf7, 0x3c, 0xf7,
    0x3c, 0xf7, 0x5c, 0xf7, 0x5c, 0xf7, 0x5c, 0xf7, 0x5b, 0xf7, 0x5c, 0xf7,
    0x5c, 0xf7, 0x5c, 0xf7, 0x5c, 0xf7, 0x3c, 0xf7, 0x5d, 0xf7, 0x7d, 0xf7,
    0x7d, 0xf7, 0x7d, 0xf7, 0x5c, 0xff, 0x7d, 0xf7, 0x7d, 0xf7, 0x7d, 0xff,
    0x7d, 0xff, 0x7d, 0xf7, 0x9d, 0xf7, 0x7d, 0xff, 0x7d, 0xff, 0x9d, 0xff,
    0x7d, 0xf7, 0x7d, 0xf7, 0x9d, 0xff, 0x9d, 0xff, 0x7d, 0xf7, 0x9d, 0xff,
    0x9e, 0xf7, 0x9d, 0xff, 0x9e, 0xff, 0xbe, 0xff, 0xbe, 0xff, 0xbe, 0xff,
    0xde, 0xff, 0xbf, 0xff, 0xdf, 0xff, 0xde, 0xff, 0xbf, 0xff, 0xdf, 0xff,
    0xbe, 0xff, 0xbe, 0xff, 0xdf, 0xff, 0xde, 0xff, 0xde, 0xff, 0xbf, 0xff,
    0xde, 0xff, 0xdf, 0xff, 0xdf, 0xff, 0xbf, 0xff, 0xde, 0xff, 0xdf, 0xff,
    0xdf, 0xff, 0xdf, 0xff, 0xdf, 0xff, 0xdf, 0xff, 0xbf, 0xff, 0xdf, 0xff,
    0xdf, 0xff, 0xdf, 0xff, 0xdf, 0xff, 0xde, 0xff, 0xbf, 0xff, 0xdf, 0xff,
    0xde, 0xff, 0xdf, 0xff, 0xdf, 0xff, 0xde, 0xff, 0xdf, 0xff, 0xbf, 0xff,
    0xdf, 0xff, 0xdf, 0xff, 0xff, 0xff, 0xff, 0xff, 0xff, 0xff, 0x9f, 0xf7,
    0xdb, 0xe6, 0xb1, 0xac, 0x2f, 0xa4, 0xf0, 0xbc, 0xd0, 0xc4, 0x36, 0xe6,
    0x73, 0xd5, 0xf1, 0xcc, 0x11, 0xcd, 0xf5, 0xe5, 0xd5, 0xe5, 0xf6, 0xe5,
    0x37, 0xee, 0xd5, 0xed, 0xb5, 0xed, 0x57, 0xf6, 0x57, 0xfe, 0xd6, 0xf5,
    0x57, 0xfe, 0x78, 0xf6, 0xb9, 0xf6, 0x79, 0xfe, 0x78, 0xfe, 0xda, 0xfe,
    0x1b, 0xff, 0x98, 0xfe, 0xd6, 0xfd, 0x95, 0xfd, 0x74, 0xfd, 0x94, 0xfd,
    0xd5, 0xfd, 0x16, 0xfe, 0x37, 0xfe, 0x37, 0xfe, 0xf5, 0xfd, 0x15, 0xfe,
    0xd4, 0xfd, 0xb3, 0xfd, 0x93, 0xfd, 0x93, 0xfd, 0xb4, 0xfd, 0xb4, 0xfd,
    0xb3, 0xfd, 0x73, 0xfd, 0x93, 0xfd, 0xd5, 0xfd, 0xd5, 0xfd, 0x93, 0xfd,
    0xf5, 0xfd, 0xfa, 0xfe, 0xde, 0xff, 0xff, 0xff, 0xbf, 0xff, 0x7d, 0xf7,
    0x9e, 0xf7, 0x9e, 0xff, 0xbe, 0xff, 0x9e, 0xff, 0xbe, 0xff, 0xbe, 0xff,
    0xde, 0xff, 0xbe, 0xff, 0xbf, 0xff, 0xdf, 0xff, 0xdf, 0xff, 0xdf, 0xff,
    0xdf, 0xff, 0xdf, 0xff, 0xdf, 0xff, 0xdf, 0xff, 0xff, 0xff, 0xff, 0xff,
    0xff, 0xff, 0xff, 0xff, 0xff, 0xff, 0xff, 0xff, 0xff, 0xff, 0xff, 0xff,
    0xff, 0xff, 0xff, 0xff, 0xff, 0xff, 0xff, 0xff, 0xff, 0xff, 0xff, 0xff,
    0xff, 0xff, 0xff, 0xff, 0xff, 0xff, 0xff, 0xff, 0xff, 0xff, 0xff, 0xff,
    0xff, 0xff, 0xff, 0xff, 0xff, 0xff, 0xff, 0xff, 0xff, 0xff, 0xff, 0xff,
    0xff, 0xff, 0xff, 0xff, 0xff, 0xff, 0xff, 0xff, 0xff, 0xff, 0xff, 0xff,
    0xff, 0xff, 0xff, 0xff, 0xff, 0xff, 0xff, 0xff, 0xff, 0xff, 0xff, 0xff,
    0xff, 0xff, 0xff, 0xff, 0xff, 0xff, 0xff, 0xff, 0xff, 0xff, 0xff, 0xff,
    0xff, 0xff, 0xff, 0xff, 0xff, 0xff, 0xff, 0xff, 0xff, 0xff, 0xff, 0xff,
    0xff, 0xff, 0xff, 0xff, 0xff, 0xff, 0xff, 0xff, 0xdf, 0xff, 0xdf, 0xff,
    0xbf, 0xff, 0xbf, 0xff, 0xbe, 0xff, 0xbf, 0xf7, 0xbe, 0xff, 0xbe, 0xff,
    0xdf, 0xff, 0xdf, 0xff, 0xdf, 0xff, 0xdf, 0xff, 0xff, 0xff, 0xff, 0xff,
    0xff, 0xff, 0xff, 0xff, 0xff, 0xff, 0xff, 0xff, 0xff, 0xff, 0xff, 0xff,
    0xff, 0xff, 0xff, 0xff, 0xff, 0xff, 0xff, 0xff, 0xff, 0xff, 0xff, 0xff,
    0xff, 0xff, 0xff, 0xff, 0xff, 0xff, 0xff, 0xff, 0xff, 0xff, 0xff, 0xff,
    0xff, 0xff, 0xff, 0xff, 0xff, 0xff, 0xff, 0xff, 0x17, 0xd6, 0x17, 0xce,
    0x18, 0xd6, 0x38, 0xd6, 0x18, 0xd6, 0x38, 0xd6, 0x58, 0xde, 0x58, 0xd6,
    0x58, 0xde, 0x78, 0xd6, 0x79, 0xde, 0x79, 0xde, 0x98, 0xde, 0x78, 0xde,
    0x79, 0xe6, 0x99, 0xde, 0x79, 0xde, 0x79, 0xde, 0x99, 0xde, 0x79, 0xde,
    0x79, 0xde, 0x79, 0xde, 0x79, 0xde, 0x99, 0xde, 0x78, 0xde, 0x59, 0xde,
    0x59, 0xde, 0x79, 0xd6, 0x59, 0xde, 0x58, 0xde, 0x58, 0xd6, 0x58, 0xde,
    0x58, 0xd6, 0x58, 0xde, 0x59, 0xd6, 0x38, 0xde, 0x58, 0xd6, 0x58, 0xd6,
    0x38, 0xde, 0x59, 0xd6, 0x79, 0xde, 0x58, 0xde, 0x79, 0xde, 0x98, 0xde,
    0x79, 0xde, 0x79, 0xe6, 0x99, 0xde, 0x99, 0xe6, 0xb9, 0xe6, 0xb9, 0xe6,
    0xba, 0xe6, 0xda, 0xe6, 0xfa, 0xe6, 0xfa, 0xe6, 0xfa, 0xee, 0xfb, 0xee,
    0x1b, 0xef, 0x1b, 0xef, 0x1b, 0xf7, 0x3b, 0xef, 0x3c, 0xf7, 0x3c, 0xf7,
    0x3c, 0xf7, 0x5c, 0xf7, 0x5c, 0xf7, 0x5c, 0xf7, 0x5c, 0xf7, 0x5c, 0xf7,
    0x7c, 0xf7, 0x5c, 0xf7, 0x5c, 0xf7, 0x5c, 0xf7, 0x5c, 0xff, 0x5c, 0xf7,
    0x5c, 0xf7, 0x5c, 0xf7, 0x5c, 0xf7, 0x5c, 0xf7, 0x3b, 0xf7, 0x3c, 0xf7,
    0x5c, 0xf7, 0x5c, 0xf7, 0x5b, 0xf7, 0x3c, 0xf7, 0x3c, 0xf7, 0x5c, 0xf7,
    0x3c, 0xf7, 0x3c, 0xf7, 0x5c, 0xf7, 0x5c, 0xf7, 0x5d, 0xf7, 0x5c, 0xf7,
    0x5c, 0xf7, 0x5c, 0xff, 0x7d, 0xff, 0x7d, 0xf7, 0x7d, 0xf7, 0x7d, 0xff,
    0x7d, 0xff, 0x7c, 0xff, 0x7d, 0xff, 0x7d, 0xff, 0x9d, 0xff, 0x7d, 0xf7,
    0x7d, 0xf7, 0x9d, 0xff, 0x7d, 0xff, 0x7d, 0xf7, 0x9d, 0xf7, 0x7d, 0xff,
    0x9d, 0xff, 0x9d, 0xff, 0x9e, 0xff, 0xbe, 0xf7, 0xbe, 0xff, 0xbe, 0xff,
    0xbe, 0xff, 0xbf, 0xff, 0xde, 0xff, 0xbf, 0xff, 0xde, 0xff, 0xdf, 0xff,
    0xbf, 0xff, 0xde, 0xff, 0xdf, 0xff, 0xdf, 0xff, 0xbe, 0xff, 0xdf, 0xff,
    0xbf, 0xff, 0xde, 0xff, 0xdf, 0xff, 0xde, 0xff, 0xdf, 0xff, 0xdf, 0xff,
    0xdf, 0xff, 0xdf, 0xff, 0xde, 0xff, 0xde, 0xff, 0xdf, 0xff, 0xdf, 0xff,
    0xde, 0xff, 0xde, 0xff, 0xdf, 0xff, 0xde, 0xff, 0xdf, 0xff, 0xdf, 0xff,
    0xde, 0xff, 0xdf, 0xff, 0xdf, 0xff, 0xde, 0xff, 0xdf, 0xff, 0xdf, 0xff,
    0xdf, 0xff, 0xdf, 0xff, 0xdf, 0xff, 0xdf, 0xff, 0xdf, 0xff, 0xff, 0xff,
    0x5d, 0xf7, 0x17, 0xce, 0x4f, 0xa4, 0x0d, 0xa4, 0xd0, 0xc4, 0xf1, 0xc4,
    0x57, 0xee, 0x73, 0xd5, 0x90, 0xbc, 0x73, 0xdd, 0xd4, 0xe5, 0xf5, 0xe5,
    0xb5, 0xe5, 0xf6, 0xed, 0xb5, 0xe5, 0xf5, 0xed, 0xb9, 0xfe, 0xd5, 0xf5,
    0xd6, 0xf5, 0x57, 0xfe, 0xd9, 0xfe, 0x99, 0xfe, 0x78, 0xf6, 0x1b, 0xff,
    0xfa, 0xf6, 0x37, 0xfe, 0xd5, 0xfd, 0xd6, 0xfd, 0x94, 0xfd, 0xd5, 0xfd,
    0x37, 0xfe, 0x37, 0xfe, 0xf6, 0xfd, 0x17, 0xfe, 0xf4, 0xfd, 0xd4, 0xfd,
    0xb4, 0xfd, 0xb4, 0xfd, 0x93, 0xfd, 0x93, 0xfd, 0x73, 0xfd, 0x93, 0xfd,
    0xb4, 0xfd, 0x93, 0xfd, 0x73, 0xfd, 0x73, 0xfd, 0xb4, 0xfd, 0xb5, 0xfd,
    0x53, 0xfd, 0x94, 0xfd, 0x98, 0xfe, 0x7c, 0xff, 0xff, 0xff, 0xdf, 0xff,
    0x3c, 0xef, 0x5d, 0xf7, 0x7d, 0xf7, 0x9d, 0xf7, 0x9e, 0xf7, 0x9d, 0xf7,
    0x9e, 0xf7, 0x9e, 0xff, 0xbe, 0xf7, 0xbe, 0xf7, 0xbe, 0xff, 0xbe, 0xf7,
    0xbe, 0xff, 0xbf, 0xff, 0xbf, 0xff, 0xbf, 0xff, 0xde, 0xff, 0xbf, 0xff,
    0xdf, 0xff, 0xdf, 0xff, 0xdf, 0xff, 0xdf, 0xff, 0xdf, 0xff, 0xdf, 0xff,
    0xdf, 0xff, 0xff, 0xff, 0xff, 0xff, 0xff, 0xff, 0xff, 0xff, 0xff, 0xff,
    0xff, 0xff, 0xff, 0xff, 0xff, 0xff, 0xff, 0xff, 0xff, 0xff, 0xff, 0xff,
    0xff, 0xff, 0xff, 0xff, 0xff, 0xff, 0xff, 0xff, 0xff, 0xff, 0xff, 0xff,
    0xff, 0xff, 0xff, 0xff, 0xff, 0xff, 0xff, 0xff, 0xff, 0xff, 0xff, 0xff,
    0xff, 0xff, 0xff, 0xff, 0xff, 0xff, 0xff, 0xff, 0xff, 0xff, 0xff, 0xff,
    0xff, 0xff, 0xff, 0xff, 0xff, 0xff, 0xff, 0xff, 0xff, 0xff, 0xff, 0xff,
    0xff, 0xff, 0xff, 0xff, 0xff, 0xff, 0xff, 0xff, 0xff, 0xff, 0xff, 0xff,
    0xff, 0xff, 0xff, 0xff, 0xff, 0xff, 0xdf, 0xff, 0xdf, 0xff, 0xde, 0xff,
    0xbf, 0xf7, 0xbf, 0xff, 0xbe, 0xf7, 0xbe, 0xff, 0xbe, 0xf7, 0xbe, 0xff,
    0x9e, 0xff, 0xbe, 0xff, 0xbe, 0xff, 0xdf, 0xff, 0xdf, 0xff, 0xdf, 0xff,
    0xff, 0xff, 0xff, 0xff, 0xff, 0xff, 0xff, 0xff, 0xff, 0xff, 0xff, 0xff,
    0xff, 0xff, 0xff, 0xff, 0xff, 0xff, 0xff, 0xff, 0xff, 0xff, 0xff, 0xff,
    0xff, 0xff, 0xff, 0xff, 0xff, 0xff, 0xff, 0xff, 0xff, 0xff, 0xff, 0xff,
    0xff, 0xff, 0xff, 0xff, 0xff, 0xff, 0xff, 0xff, 0xff, 0xff, 0x17, 0xd6,
    0x17, 0xd6, 0x37, 0xce, 0x17, 0xd6, 0x38, 0xd6, 0x57, 0xd6, 0x58, 0xd6,
    0x58, 0xd6, 0x58, 0xde, 0x58, 0xd6, 0x78, 0xde, 0x79, 0xde, 0x78, 0xde,
    0x79, 0xde, 0x79, 0xde, 0x79, 0xde, 0x99, 0xde, 0x79, 0xde, 0x79, 0xde,
    0x99, 0xde, 0x79, 0xde, 0x99, 0xde, 0x79, 0xde, 0x78, 0xde, 0x79, 0xd6,
    0x78, 0xde, 0x58, 0xd6, 0x78, 0xde, 0x58, 0xd6, 0x58, 0xd6, 0x59, 0xd6,
    0x58, 0xde, 0x58, 0xd6, 0x58, 0xd6, 0x58, 0xde, 0x38, 0xd6, 0x58, 0xd6,
    0x58, 0xde, 0x58, 0xd6, 0x58, 0xd6, 0x58, 0xde, 0x79, 0xde, 0x78, 0xde,
    0x79, 0xde, 0x79, 0xde, 0x99, 0xde, 0x99, 0xe6, 0x99, 0xde, 0xd9, 0xe6,
    0xba, 0xe6, 0xba, 0xe6, 0xda, 0xee, 0xda, 0xe6, 0xdb, 0xee, 0xfb, 0xee,
    0xfb, 0xee, 0x1b, 0xf7, 0x1b, 0xef, 0x3b, 0xef, 0x3b, 0xef, 0x3b, 0xf7,
    0x3c, 0xf7, 0x5b, 0xf7, 0x5c, 0xf7, 0x5c, 0xf7, 0x5c, 0xf7, 0x5c, 0xf7,
    0x5c, 0xf7, 0x5c, 0xf7, 0x5c, 0xf7, 0x5c, 0xf7, 0x5c, 0xf7, 0x5c, 0xf7,
    0x5c, 0xf7, 0x5c, 0xf7, 0x5c, 0xf7, 0x5b, 0xf7, 0x3c, 0xf7, 0x5c, 0xf7,
    0x5c, 0xf7, 0x3b, 0xf7, 0x5c, 0xf7, 0x5c, 0xf7, 0x3c, 0xf7, 0x3c, 0xf7,
    0x5c, 0xf7, 0x3c, 0xf7, 0x5c, 0xf7, 0x5c, 0xf7, 0x5c, 0xf7, 0x7c, 0xf7,
    0x7c, 0xf7, 0x5c, 0xf7, 0x5d, 0xf7, 0x5c, 0xff, 0x7c, 0xf7, 0x7c, 0xf7,
    0x7d, 0xf7, 0x7d, 0xf7, 0x9d, 0xf7, 0x7d, 0xf7, 0x7d, 0xf7, 0x7c, 0xf7,
    0x9d, 0xf7, 0x7d, 0xff, 0x7d, 0xf7, 0x9d, 0xff, 0x7d, 0xf7, 0x7d, 0xf7,
    0x9e, 0xff, 0x9e, 0xff, 0x9e, 0xf7, 0xbe, 0xff, 0x9e, 0xff, 0xbe, 0xff,
    0xbe, 0xf7, 0xbe, 0xff, 0xbf, 0xff, 0xdf, 0xff, 0xde, 0xff, 0xde, 0xff,
    0xde, 0xff, 0xdf, 0xff, 0xdf, 0xff, 0xde, 0xff, 0xbe, 0xff, 0xdf, 0xff,
    0xdf, 0xff, 0xbe, 0xff, 0xde, 0xff, 0xdf, 0xff, 0xdf, 0xff, 0xde, 0xff,
    0xde, 0xff, 0xbf, 0xff, 0xdf, 0xff, 0xde, 0xff, 0xbf, 0xff, 0xde, 0xff,
    0xdf, 0xff, 0xdf, 0xff, 0xdf, 0xff, 0xdf, 0xff, 0xde, 0xff, 0xdf, 0xff,
    0xdf, 0xff, 0xdf, 0xff, 0xdf, 0xff, 0xdf, 0xff, 0xdf, 0xff, 0xdf, 0xff,
    0xde, 0xff, 0xde, 0xff, 0xdf, 0xff, 0xff, 0xff, 0xff, 0xff, 0xdf, 0xff,
    0xff, 0xff, 0xdb, 0xe6, 0xf3, 0xac, 0x8f, 0xb4, 0xed, 0x9b, 0xd0, 0xc4,
    0x73, 0xcd, 0xf5, 0xdd, 0x53, 0xd5, 0xb0, 0xc4, 0xb4, 0xdd, 0x16, 0xe6,
    0x94, 0xdd, 0x94, 0xdd, 0xd5, 0xe5, 0xf5, 0xed, 0x57, 0xf6, 0x58, 0xf6,
    0x95, 0xed, 0x17, 0xf6, 0xd9, 0xfe, 0xb9, 0xf6, 0x78, 0xfe, 0x3b, 0xff,
    0xf9, 0xfe, 0x16, 0xfe, 0x17, 0xfe, 0x37, 0xfe, 0x17, 0xfe, 0x78, 0xfe,
    0x37, 0xfe, 0xd5, 0xfd, 0xd5, 0xfd, 0xf5, 0xfd, 0xd5, 0xfd, 0xb4, 0xfd,
    0xb4, 0xfd, 0xd5, 0xfd, 0xd3, 0xfd, 0x93, 0xfd, 0x73, 0xfd, 0x73, 0xfd,
    0x73, 0xfd, 0x94, 0xfd, 0x73, 0xfd, 0x73, 0xfd, 0x53, 0xfd, 0xb4, 0xfd,
    0xb5, 0xfd, 0x13, 0xfd, 0x32, 0xfd, 0x57, 0xfe, 0x3a, 0xff, 0xdf, 0xff,
    0xff, 0xff, 0x3c, 0xef, 0x1b, 0xef, 0x5d, 0xf7, 0x7d, 0xf7, 0x7d, 0xf7,
    0x7d, 0xf7, 0x9d, 0xf7, 0x9e, 0xf7, 0x7d, 0xf7, 0x9e, 0xf7, 0x9e, 0xf7,
    0x9e, 0xf7, 0x9d, 0xff, 0x9e, 0xff, 0xbe, 0xf7, 0xbe, 0xf7, 0xbe, 0xff,
    0xbe, 0xf7, 0xbe, 0xff, 0xbe, 0xff, 0xdf, 0xff, 0xbf, 0xff, 0xde, 0xff,
    0xdf, 0xff, 0xdf, 0xff, 0xdf, 0xff, 0xdf, 0xff, 0xdf, 0xff, 0xdf, 0xff,
    0xdf, 0xff, 0xff, 0xff, 0xdf, 0xff, 0xff, 0xff, 0xff, 0xff, 0xff, 0xff,
    0xff, 0xff, 0xff, 0xff, 0xff, 0xff, 0xff, 0xff, 0xff, 0xff, 0xff, 0xff,
    0xff, 0xff, 0xff, 0xff, 0xff, 0xff, 0xff, 0xff, 0xff, 0xff, 0xff, 0xff,
    0xff, 0xff, 0xff, 0xff, 0xff, 0xff, 0xff, 0xff, 0xff, 0xff, 0xff, 0xff,
    0xff, 0xff, 0xff, 0xff, 0xff, 0xff, 0xff, 0xff, 0xff, 0xff, 0xff, 0xff,
    0xff, 0xff, 0xff, 0xff, 0xff, 0xff, 0xff, 0xff, 0xff, 0xff, 0xff, 0xff,
    0xff, 0xff, 0xff, 0xff, 0xdf, 0xff, 0xdf, 0xff, 0xdf, 0xff, 0xdf, 0xff,
    0xbe, 0xff, 0xbe, 0xff, 0x9e, 0xff, 0xbe, 0xf7, 0x9e, 0xf7, 0x7e, 0xff,
    0x9e, 0xf7, 0x9e, 0xf7, 0x9e, 0xf7, 0xbe, 0xff, 0xbf, 0xff, 0xbf, 0xff,
    0xdf, 0xff, 0xdf, 0xff, 0xff, 0xff, 0xff, 0xff, 0xff, 0xff, 0xff, 0xff,
    0xff, 0xff, 0xff, 0xff, 0xff, 0xff, 0xff, 0xff, 0xff, 0xff, 0xff, 0xff,
    0xff, 0xff, 0xff, 0xff, 0xff, 0xff, 0xff, 0xff, 0xff, 0xff, 0xff, 0xff,
    0xff, 0xff, 0xff, 0xff, 0xff, 0xff, 0xff, 0xff, 0xff, 0xff, 0xff, 0xff,
    0x17, 0xce, 0x18, 0xce, 0x38, 0xce, 0x17, 0xd6, 0x37, 0xd6, 0x58, 0xd6,
    0x38, 0xd6, 0x38, 0xd6, 0x58, 0xde, 0x59, 0xde, 0x78, 0xde, 0x59, 0xde,
    0x79, 0xde, 0x78, 0xde, 0x79, 0xde, 0x79, 0xde, 0x98, 0xde, 0x79, 0xde,
    0x79, 0xde, 0x79, 0xde, 0x79, 0xde, 0x78, 0xde, 0x79, 0xde, 0x59, 0xde,
    0x58, 0xde, 0x78, 0xde, 0x78, 0xde, 0x58, 0xde, 0x58, 0xd6, 0x58, 0xd6,
    0x58, 0xd6, 0x58, 0xd6, 0x58, 0xd6, 0x38, 0xd6, 0x58, 0xd6, 0x58, 0xd6,
    0x58, 0xd6, 0x58, 0xde, 0x58, 0xde, 0x58, 0xd6, 0x58, 0xde, 0x79, 0xde,
    0x79, 0xde, 0x78, 0xde, 0x79, 0xde, 0x99, 0xde, 0x99, 0xde, 0x99, 0xe6,
    0x9a, 0xe6, 0xba, 0xe6, 0xba, 0xe6, 0xda, 0xee, 0xda, 0xee, 0xfa, 0xee,
    0xfa, 0xe6, 0xfb, 0xee, 0xfb, 0xee, 0x1b, 0xef, 0x3b, 0xf7, 0x3b, 0xf7,
    0x3c, 0xf7, 0x3c, 0xf7, 0x3c, 0xf7, 0x3c, 0xf7, 0x5c, 0xf7, 0x5c, 0xf7,
    0x5c, 0xf7, 0x3c, 0xf7, 0x5c, 0xf7, 0x5c, 0xf7, 0x5d, 0xf7, 0x5c, 0xf7,
    0x5c, 0xf7, 0x5c, 0xff, 0x3c, 0xf7, 0x5b, 0xf7, 0x5c, 0xf7, 0x3c, 0xf7,
    0x5c, 0xf7, 0x3c, 0xf7, 0x5b, 0xf7, 0x3c, 0xf7, 0x3c, 0xf7, 0x5c, 0xf7,
    0x5c, 0xf7, 0x5b, 0xf7, 0x5c, 0xf7, 0x5c, 0xf7, 0x5c, 0xf7, 0x5c, 0xf7,
    0x5c, 0xf7, 0x5c, 0xf7, 0x5c, 0xf7, 0x7c, 0xf7, 0x7d, 0xf7, 0x7d, 0xf7,
    0x7d, 0xf7, 0x7d, 0xff, 0x9d, 0xff, 0x7d, 0xff, 0x9d, 0xf7, 0x9d, 0xf7,
    0x7d, 0xf7, 0x7d, 0xf7, 0x9d, 0xf7, 0x7d, 0xf7, 0x7d, 0xff, 0x7d, 0xff,
    0x7d, 0xff, 0x9d, 0xf7, 0x9e, 0xf7, 0x9e, 0xff, 0x9e, 0xff, 0xbe, 0xff,
    0xbe, 0xff, 0xbe, 0xff, 0xbf, 0xff, 0xbf, 0xff, 0xde, 0xff, 0xdf, 0xff,
    0xbf, 0xff, 0xbe, 0xff, 0xbf, 0xff, 0xdf, 0xff, 0xde, 0xff, 0xdf, 0xff,
    0xdf, 0xff, 0xde, 0xff, 0xdf, 0xff, 0xbf, 0xff, 0xdf, 0xff, 0xdf, 0xff,
    0xde, 0xff, 0xdf, 0xff, 0xdf, 0xff, 0xde, 0xff, 0xbf, 0xff, 0xde, 0xff,
    0xde, 0xff, 0xdf, 0xff, 0xdf, 0xff, 0xde, 0xff, 0xde, 0xff, 0xdf, 0xff,
    0xdf, 0xff, 0xde, 0xff, 0xdf, 0xff, 0xdf, 0xff, 0xdf, 0xff, 0xdf, 0xff,
    0xde, 0xff, 0xbf, 0xff, 0xdf, 0xff, 0xff, 0xff, 0xdf, 0xff, 0xff, 0xff,
    0xbf, 0xff, 0xdf, 0xff, 0x38, 0xce, 0x0f, 0x94, 0xd0, 0xbc, 0x4e, 0xb4,
    0xf0, 0xc4, 0x17, 0xe6, 0x33, 0xcd, 0x32, 0xcd, 0x52, 0xdd, 0xb4, 0xdd,
    0xf5, 0xdd, 0x74, 0xdd, 0xb4, 0xe5, 0xb5, 0xe5, 0xd5, 0xed, 0x78, 0xf6,
    0xb5, 0xed, 0xf6, 0xed, 0xb9, 0xf6, 0xb9, 0xf6, 0x98, 0xf6, 0x3b, 0xff,
    0xfa, 0xfe, 0x37, 0xfe, 0x37, 0xf6, 0x37, 0xfe, 0x16, 0xf6, 0x99, 0xfe,
    0x16, 0xfe, 0xb5, 0xfd, 0x94, 0xf5, 0xf6, 0xfd, 0xd4, 0xfd, 0xb4, 0xfd,
    0xd4, 0xfd, 0xf5, 0xfd, 0xd4, 0xfd, 0xb4, 0xfd, 0x93, 0xfd, 0x93, 0xfd,
    0x52, 0xfd, 0x52, 0xfd, 0x72, 0xfd, 0x73, 0xfd, 0x73, 0xfd, 0x74, 0xfd,
    0x94, 0xfd, 0x94, 0xfd, 0x33, 0xfd, 0x53, 0xfd, 0x16, 0xfe, 0xd9, 0xfe,
    0xde, 0xff, 0xff, 0xff, 0x5e, 0xf7, 0xda, 0xde, 0x1c, 0xef, 0x5c, 0xf7,
    0x5d, 0xf7, 0x5d, 0xf7, 0x5d, 0xf7, 0x7d, 0xf7, 0x7d, 0xf7, 0x7d, 0xf7,
    0x7d, 0xf7, 0x7d, 0xf7, 0x7d, 0xf7, 0x9d, 0xf7, 0x9d, 0xf7, 0x7d, 0xf7,
    0x9e, 0xf7, 0x9e, 0xf7, 0x9e, 0xff, 0x9e, 0xff, 0x9e, 0xff, 0xbe, 0xff,
    0xbe, 0xf7, 0xbe, 0xff, 0xbe, 0xff, 0xbf, 0xff, 0xbf, 0xff, 0xde, 0xff,
    0xdf, 0xff, 0xdf, 0xff, 0xdf, 0xff, 0xdf, 0xff, 0xdf, 0xff, 0xdf, 0xff,
    0xdf, 0xff, 0xff, 0xff, 0xff, 0xff, 0xdf, 0xff, 0xdf, 0xff, 0xff, 0xff,
    0xff, 0xff, 0xff, 0xff, 0xff, 0xff, 0xff, 0xff, 0xff, 0xff, 0xff, 0xff,
    0xff, 0xff, 0xff, 0xff, 0xff, 0xff, 0xff, 0xff, 0xff, 0xff, 0xff, 0xff,
    0xff, 0xff, 0xff, 0xff, 0xff, 0xff, 0xff, 0xff, 0xff, 0xff, 0xff, 0xff,
    0xff, 0xff, 0xff, 0xff, 0xff, 0xff, 0xff, 0xff, 0xff, 0xff, 0xff, 0xff,
    0xff, 0xff, 0xdf, 0xff, 0xff, 0xff, 0xff, 0xff, 0xdf, 0xff, 0xdf, 0xff,
    0xbf, 0xff, 0xbe, 0xf7, 0x9e, 0xf7, 0x9e, 0xf7, 0x9e, 0xf7, 0x7d, 0xf7,
    0x9e, 0xf7, 0x9e, 0xf7, 0x7e, 0xf7, 0x7e, 0xff, 0x9e, 0xf7, 0xbe, 0xf7,
    0xbe, 0xff, 0xbf, 0xff, 0xdf, 0xff, 0xdf, 0xff, 0xff, 0xff, 0xff, 0xff,
    0xff, 0xff, 0xff, 0xff, 0xff, 0xff, 0xff, 0xff, 0xff, 0xff, 0xff, 0xff,
    0xff, 0xff, 0xff, 0xff, 0xff, 0xff, 0xff, 0xff, 0xff, 0xff, 0xff, 0xff,
    0xff, 0xff, 0xff, 0xff, 0xff, 0xff, 0xff, 0xff, 0xff, 0xff, 0xff, 0xff,
    0xff, 0xff, 0xf7, 0xcd, 0x17, 0xd6, 0x17, 0xd6, 0x18, 0xd6, 0x18, 0xd6,
    0x38, 0xd6, 0x38, 0xd6, 0x58, 0xd6, 0x79, 0xde, 0x58, 0xd6, 0x59, 0xde,
    0x78, 0xd6, 0x79, 0xde, 0x78, 0xde, 0x79, 0xde, 0x79, 0xde, 0x78, 0xde,
    0x79, 0xde, 0x79, 0xde, 0x78, 0xde, 0x79, 0xde, 0x78, 0xde, 0x78, 0xde,
    0x79, 0xd6, 0x79, 0xde, 0x59, 0xde, 0x59, 0xde, 0x59, 0xde, 0x58, 0xd6,
    0x59, 0xde, 0x38, 0xde, 0x58, 0xd6, 0x58, 0xde, 0x38, 0xde, 0x38, 0xd6,
    0x58, 0xde, 0x58, 0xd6, 0x38, 0xde, 0x58, 0xd6, 0x58, 0xd6, 0x58, 0xd6,
    0x58, 0xd6, 0x78, 0xde, 0x79, 0xde, 0x79, 0xde, 0x98, 0xe6, 0x99, 0xe6,
    0x9a, 0xe6, 0xb9, 0xe6, 0xb9, 0xe6, 0xba, 0xe6, 0xba, 0xe6, 0xda, 0xee,
    0xda, 0xe6, 0xfa, 0xee, 0xfb, 0xee, 0x1b, 0xef, 0x1b, 0xef, 0x3b, 0xf7,
    0x1b, 0xf7, 0x3c, 0xf7, 0x3b, 0xf7, 0x5c, 0xf7, 0x5c, 0xf7, 0x5c, 0xf7,
    0x5c, 0xf7, 0x5c, 0xf7, 0x5c, 0xf7, 0x5c, 0xf7, 0x5c, 0xf7, 0x5c, 0xf7,
    0x3c, 0xf7, 0x5c, 0xf7, 0x5c, 0xf7, 0x3c, 0xf7, 0x3c, 0xf7, 0x5c, 0xf7,
    0x5c, 0xf7, 0x3c, 0xf7, 0x5c, 0xf7, 0x5c, 0xf7, 0x3c, 0xf7, 0x3c, 0xf7,
    0x5c, 0xf7, 0x3c, 0xf7, 0x5c, 0xf7, 0x5c, 0xf7, 0x5c, 0xf7, 0x3c, 0xf7,
    0x5c, 0xf7, 0x5c, 0xf7, 0x5c, 0xf7, 0x7d, 0xff, 0x5c, 0xf7, 0x7c, 0xff,
    0x7d, 0xff, 0x7c, 0xff, 0x9d, 0xf7, 0x7d, 0xf7, 0x7d, 0xf7, 0x7d, 0xff,
    0x7d, 0xff, 0x7d, 0xff, 0x7d, 0xff, 0x7d, 0xff, 0x7d, 0xff, 0x7d, 0xf7,
    0x9d, 0xf7, 0x9d, 0xff, 0x9d, 0xf7, 0x9d, 0xff, 0x7d, 0xff, 0xbe, 0xff,
    0xbe, 0xff, 0xbe, 0xff, 0xbe, 0xff, 0xde, 0xff, 0xbe, 0xff, 0xbe, 0xff,
    0xbe, 0xff, 0xdf, 0xff, 0xbf, 0xff, 0xde, 0xff, 0xdf, 0xff, 0xde, 0xff,
    0xde, 0xff, 0xdf, 0xff, 0xbe, 0xff, 0xdf, 0xff, 0xdf, 0xff, 0xdf, 0xff,
    0xde, 0xff, 0xbf, 0xff, 0xde, 0xff, 0xdf, 0xff, 0xde, 0xff, 0xdf, 0xff,
    0xdf, 0xff, 0xdf, 0xff, 0xdf, 0xff, 0xde, 0xff, 0xdf, 0xff, 0xdf, 0xff,
    0xde, 0xff, 0xdf, 0xff, 0xdf, 0xff, 0xdf, 0xff, 0xde, 0xff, 0xde, 0xff,
    0xdf, 0xff, 0xdf, 0xff, 0xdf, 0xff, 0xdf, 0xff, 0xff, 0xff, 0xff, 0xff,
    0xff, 0xff, 0x9e, 0xf7, 0x5d, 0xef, 0x95, 0xc5, 0xcd, 0x8b, 0x11, 0xc5,
    0xb0, 0xbc, 0x11, 0xcd, 0x77, 0xe6, 0xf1, 0xcc, 0x12, 0xcd, 0x93, 0xd5,
    0xb4, 0xdd, 0xb4, 0xdd, 0x94, 0xdd, 0xd5, 0xe5, 0x74, 0xe5, 0xd6, 0xed,
    0x37, 0xee, 0xd5, 0xed, 0x98, 0xf6, 0x99, 0xf6, 0xb9, 0xf6, 0x3b, 0xff,
    0xfa, 0xfe, 0x37, 0xf6, 0x37, 0xf6, 0x17, 0xfe, 0xf6, 0xf5, 0xd9, 0xfe,
    0x16, 0xfe, 0x53, 0xf5, 0x74, 0xf5, 0x17, 0xfe, 0x16, 0xfe, 0xd5, 0xfd,
    0x16, 0xfe, 0x16, 0xfe, 0xf5, 0xfd, 0xd4, 0xfd, 0xd3, 0xfd, 0xb3, 0xfd,
    0x72, 0xfd, 0x51, 0xfd, 0x52, 0xfd, 0x32, 0xfd, 0x53, 0xfd, 0x73, 0xfd,
    0x94, 0xfd, 0x73, 0xfd, 0x74, 0xfd, 0x53, 0xfd, 0x33, 0xfd, 0xb4, 0xfd,
    0x97, 0xfe, 0x9c, 0xff, 0xff, 0xff, 0x9f, 0xff, 0xba, 0xde, 0xdb, 0xe6,
    0x5c, 0xef, 0x7c, 0xf7, 0x5d, 0xef, 0x5d, 0xf7, 0x5c, 0xf7, 0x5d, 0xf7,
    0x5d, 0xf7, 0x5d, 0xf7, 0x7d, 0xf7, 0x5d, 0xf7, 0x7d, 0xf7, 0x5d, 0xf7,
    0x7d, 0xf7, 0x9d, 0xf7, 0x7d, 0xf7, 0x9d, 0xf7, 0x9e, 0xf7, 0x7e, 0xf7,
    0x9d, 0xf7, 0x9e, 0xf7, 0x9e, 0xf7, 0x9e, 0xff, 0xbe, 0xff, 0xbe, 0xf7,
    0xbe, 0xff, 0xbe, 0xf7, 0xbe, 0xff, 0xbf, 0xff, 0xbf, 0xff, 0xbf, 0xff,
    0xbf, 0xff, 0xdf, 0xff, 0xdf, 0xff, 0xdf, 0xff, 0xdf, 0xff, 0xdf, 0xff,
    0xdf, 0xff, 0xdf, 0xff, 0xdf, 0xff, 0xdf, 0xff, 0xff, 0xff, 0xdf, 0xff,
    0xdf, 0xff, 0xff, 0xff, 0xdf, 0xff, 0xff, 0xff, 0xff, 0xff, 0xdf, 0xff,
    0xff, 0xff, 0xff, 0xff, 0xff, 0xff, 0xff, 0xff, 0xff, 0xff, 0xff, 0xff,
    0xff, 0xff, 0xff, 0xff, 0xff, 0xff, 0xff, 0xff, 0xff, 0xff, 0xff, 0xff,
    0xff, 0xff, 0xff, 0xff, 0xff, 0xff, 0xdf, 0xff, 0xdf, 0xff, 0xbf, 0xff,
    0xbe, 0xff, 0x9e, 0xff, 0x9e, 0xf7, 0x9e, 0xf7, 0x7d, 0xf7, 0x7d, 0xf7,
    0x7d, 0xf7, 0x5d, 0xf7, 0x7d, 0xf7, 0x7d, 0xf7, 0x7e, 0xf7, 0x9e, 0xf7,
    0x9e, 0xf7, 0x9e, 0xff, 0xbe, 0xff, 0xbf, 0xf7, 0xdf, 0xff, 0xdf, 0xff,
    0xff, 0xff, 0xff, 0xff, 0xff, 0xff, 0xff, 0xff, 0xff, 0xff, 0xff, 0xff,
    0xff, 0xff, 0xff, 0xff, 0xff, 0xff, 0xff, 0xff, 0xff, 0xff, 0xff, 0xff,
    0xff, 0xff, 0xff, 0xff, 0xff, 0xff, 0xff, 0xff, 0xff, 0xff, 0xff, 0xff,
    0xff, 0xff, 0xff, 0xff, 0x17, 0xce, 0xf7, 0xcd, 0x17, 0xd6, 0x17, 0xd6,
    0x38, 0xce, 0x38, 0xd6, 0x37, 0xd6, 0x58, 0xd6, 0x58, 0xd6, 0x58, 0xde,
    0x58, 0xde, 0x78, 0xde, 0x59, 0xde, 0x59, 0xde, 0x79, 0xd6, 0x79, 0xde,
    0x78, 0xde, 0x79, 0xde, 0x78, 0xde, 0x78, 0xde, 0x79, 0xde, 0x79, 0xde,
    0x58, 0xd6, 0x78, 0xde, 0x78, 0xd6, 0x58, 0xde, 0x58, 0xd6, 0x58, 0xd6,
    0x58, 0xd6, 0x58, 0xde, 0x58, 0xd6, 0x58, 0xd6, 0x38, 0xd6, 0x38, 0xd6,
    0x38, 0xd6, 0x58, 0xd6, 0x38, 0xd6, 0x58, 0xde, 0x38, 0xde, 0x58, 0xd6,
    0x58, 0xde, 0x58, 0xde, 0x58, 0xde, 0x79, 0xde, 0x78, 0xde, 0x99, 0xde,
    0x99, 0xde, 0x99, 0xde, 0x99, 0xe6, 0xba, 0xe6, 0xb9, 0xe6, 0xda, 0xe6,
    0xda, 0xe6, 0xdb, 0xee, 0xfa, 0xee, 0x1b, 0xef, 0x1b, 0xef, 0x1b, 0xef,
    0x1b, 0xef, 0x5c, 0xf7, 0x3c, 0xef, 0x3c, 0xf7, 0x5b, 0xf7, 0x3c, 0xef,
    0x3c, 0xf7, 0x3c, 0xf7, 0x5c, 0xf7, 0x5c, 0xf7, 0x5c, 0xf7, 0x3c, 0xf7,
    0x3c, 0xf7, 0x5c, 0xff, 0x5c, 0xf7, 0x5b, 0xf7, 0x5c, 0xf7, 0x5c, 0xf7,
    0x5b, 0xf7, 0x3c, 0xf7, 0x3c, 0xf7, 0x5c, 0xf7, 0x5b, 0xf7, 0x3c, 0xf7,
    0x5c, 0xef, 0x5b, 0xf7, 0x5c, 0xf7, 0x5c, 0xf7, 0x5c, 0xf7, 0x5c, 0xf7,
    0x5c, 0xf7, 0x5c, 0xf7, 0x5c, 0xf7, 0x5c, 0xf7, 0x5c, 0xf7, 0x7d, 0xf7,
    0x7d, 0xf7, 0x5c, 0xf7, 0x7d, 0xf7, 0x7c, 0xff, 0x7c, 0xff, 0x7d, 0xf7,
    0x7d, 0xf7, 0x7d, 0xff, 0x7d, 0xff, 0x7d, 0xf7, 0x7d, 0xff, 0x7d, 0xf7,
    0x9d, 0xf7, 0x9d, 0xff, 0x7e, 0xff, 0x9d, 0xff, 0x9e, 0xff, 0x9e, 0xf7,
    0xbe, 0xff, 0x9e, 0xf7, 0xbe, 0xff, 0xbf, 0xff, 0xde, 0xff, 0xbe, 0xff,
    0xbf, 0xff, 0xdf, 0xff, 0xdf, 0xff, 0xde, 0xff, 0xdf, 0xff, 0xbe, 0xff,
    0xdf, 0xff, 0xdf, 0xff, 0xbf, 0xff, 0xde, 0xff, 0xdf, 0xff, 0xbe, 0xff,
    0xde, 0xff, 0xdf, 0xff, 0xbf, 0xff, 0xde, 0xff, 0xdf, 0xff, 0xdf, 0xff,
    0xdf, 0xff, 0xdf, 0xff, 0xbf, 0xff, 0xdf, 0xff, 0xdf, 0xff, 0xbf, 0xff,
    0xde, 0xff, 0xdf, 0xff, 0xbf, 0xff, 0xde, 0xff, 0xdf, 0xff, 0xdf, 0xff,
    0xdf, 0xff, 0xdf, 0xff, 0xde, 0xff, 0xbf, 0xff, 0xdf, 0xff, 0xff, 0xff,
    0xff, 0xff, 0xdf, 0xff, 0xfc, 0xe6, 0x79, 0xde, 0xd1, 0xac, 0xcd, 0x93,
    0x11, 0xcd, 0xaf, 0xbc, 0x74, 0xd5, 0xd5, 0xd5, 0x11, 0xcd, 0x53, 0xcd,
    0x93, 0xd5, 0x94, 0xdd, 0x53, 0xd5, 0xb4, 0xdd, 0x94, 0xe5, 0x74, 0xe5,
    0x77, 0xee, 0xd5, 0xed, 0x78, 0xf6, 0x98, 0xf6, 0x98, 0xf6, 0xfa, 0xfe,
    0xfa, 0xfe, 0x16, 0xf6, 0xd6, 0xf5, 0xf6, 0xf5, 0xd5, 0xfd, 0xb9, 0xfe,
    0x37, 0xfe, 0x53, 0xf5, 0x74, 0xf5, 0x57, 0xfe, 0x37, 0xfe, 0xf5, 0xfd,
    0x16, 0xfe, 0xf5, 0xfd, 0xf5, 0xfd, 0xd4, 0xfd, 0x15, 0xfe, 0x15, 0xfe,
    0xb3, 0xfd, 0x72, 0xfd, 0x31, 0xfd, 0x11, 0xfd, 0x32, 0xfd, 0x32, 0xfd,
    0x73, 0xfd, 0x53, 0xfd, 0x33, 0xfd, 0x33, 0xfd, 0x54, 0xfd, 0x33, 0xfd,
    0x33, 0xfd, 0x16, 0xfe, 0x5b, 0xff, 0xff, 0xff, 0xff, 0xff, 0xfb, 0xe6,
    0x79, 0xd6, 0x1c, 0xef, 0x5c, 0xf7, 0x3d, 0xef, 0x5c, 0xef, 0x3c, 0xf7,
    0x5d, 0xef, 0x5d, 0xef, 0x5c, 0xf7, 0x5c, 0xf7, 0x3d, 0xef, 0x5d, 0xf7,
    0x7d, 0xef, 0x5d, 0xf7, 0x5d, 0xf7, 0x5d, 0xf7, 0x7d, 0xf7, 0x7d, 0xf7,
    0x7d, 0xf7, 0x7d, 0xf7, 0x7d, 0xf7, 0x7d, 0xf7, 0x7e, 0xf7, 0x9d, 0xf7,
    0x7e, 0xf7, 0x9e, 0xf7, 0x9e, 0xff, 0x9e, 0xf7, 0x9e, 0xf7, 0xbe, 0xf7,
    0xbe, 0xff, 0xbe, 0xff, 0xbe, 0xff, 0xbf, 0xff, 0xbf, 0xff, 0xde, 0xff,
    0xbf, 0xff, 0xdf, 0xff, 0xdf, 0xff, 0xbf, 0xff, 0xdf, 0xff, 0xdf, 0xff,
    0xdf, 0xff, 0xdf, 0xff, 0xdf, 0xff, 0xdf, 0xff, 0xdf, 0xff, 0xdf, 0xff,
    0xdf, 0xff, 0xdf, 0xff, 0xdf, 0xff, 0xdf, 0xff, 0xdf, 0xff, 0xdf, 0xff,
    0xdf, 0xff, 0xff, 0xff, 0xff, 0xff, 0xdf, 0xff, 0xff, 0xff, 0xdf, 0xff,
    0xdf, 0xff, 0xdf, 0xff, 0xdf, 0xff, 0xdf, 0xff, 0xdf, 0xff, 0xbf, 0xff,
    0xbe, 0xf7, 0x9e, 0xff, 0x9e, 0xf7, 0x9d, 0xf7, 0x7d, 0xf7, 0x5d, 0xf7,
    0x5d, 0xf7, 0x5d, 0xef, 0x5d, 0xf7, 0x5d, 0xf7, 0x5d, 0xef, 0x7d, 0xf7,
    0x5d, 0xf7, 0x7d, 0xf7, 0x9e, 0xf7, 0xbe, 0xf7, 0xbe, 0xff, 0xbf, 0xff,
    0xde, 0xff, 0xdf, 0xff, 0xdf, 0xff, 0xff, 0xff, 0xff, 0xff, 0xff, 0xff,
    0xff, 0xff, 0xff, 0xff, 0xff, 0xff, 0xff, 0xff, 0xff, 0xff, 0xff, 0xff,
    0xff, 0xff, 0xff, 0xff, 0xff, 0xff, 0xff, 0xff, 0xff, 0xff, 0xff, 0xff,
    0xff, 0xff, 0xff, 0xff, 0xff, 0xff, 0xf7, 0xcd, 0x17, 0xce, 0x17, 0xce,
    0x17, 0xd6, 0x37, 0xd6, 0x37, 0xd6, 0x38, 0xd6, 0x38, 0xd6, 0x58, 0xd6,
    0x58, 0xd6, 0x58, 0xd6, 0x78, 0xde, 0x59, 0xde, 0x78, 0xde, 0x79, 0xde,
    0x78, 0xde, 0x79, 0xde, 0x79, 0xde, 0x78, 0xde, 0x59, 0xde, 0x79, 0xde,
    0x79, 0xde, 0x58, 0xde, 0x78, 0xde, 0x58, 0xd6, 0x58, 0xde, 0x59, 0xd6,
    0x58, 0xd6, 0x58, 0xde, 0x58, 0xd6, 0x38, 0xd6, 0x58, 0xd6, 0x58, 0xd6,
    0x37, 0xde, 0x58, 0xd6, 0x38, 0xd6, 0x37, 0xd6, 0x38, 0xd6, 0x58, 0xd6,
    0x38, 0xde, 0x58, 0xd6, 0x58, 0xde, 0x59, 0xde, 0x78, 0xde, 0x79, 0xde,
    0x99, 0xde, 0x99, 0xde, 0x99, 0xde, 0x99, 0xde, 0xb9, 0xe6, 0xba, 0xe6,
    0xda, 0xe6, 0xda, 0xe6, 0xda, 0xe6, 0xfa, 0xee, 0xfa, 0xee, 0x1b, 0xef,
    0x1b, 0xef, 0x1b, 0xef, 0x1b, 0xf7, 0x3c, 0xf7, 0x3c, 0xef, 0x3b, 0xf7,
    0x3c, 0xf7, 0x5c, 0xf7, 0x5c, 0xf7, 0x5c, 0xf7, 0x3c, 0xf7, 0x5c, 0xff,
    0x3c, 0xf7, 0x5c, 0xf7, 0x5c, 0xf7, 0x3c, 0xf7, 0x5c, 0xf7, 0x5c, 0xf7,
    0x3c, 0xf7, 0x5c, 0xf7, 0x3c, 0xf7, 0x5c, 0xef, 0x5b, 0xf7, 0x3c, 0xf7,
    0x5c, 0xf7, 0x5c, 0xf7, 0x3c, 0xf7, 0x3c, 0xf7, 0x5c, 0xf7, 0x5c, 0xf7,
    0x5c, 0xf7, 0x5c, 0xf7, 0x5c, 0xf7, 0x3d, 0xf7, 0x5d, 0xf7, 0x5c, 0xf7,
    0x7c, 0xff, 0x7d, 0xf7, 0x5d, 0xff, 0x7d, 0xf7, 0x7d, 0xff, 0x7d, 0xff,
    0x7d, 0xff, 0x7d, 0xf7, 0x7d, 0xff, 0x7d, 0xf7, 0x9d, 0xf7, 0x9d, 0xf7,
    0x7d, 0xff, 0x7d, 0xf7, 0x9d, 0xff, 0x7e, 0xff, 0x7e, 0xf7, 0x9d, 0xff,
    0xbe, 0xf7, 0x9e, 0xff, 0x9d, 0xff, 0xbe, 0xff, 0xbe, 0xff, 0xbf, 0xff,
    0xbf, 0xff, 0xde, 0xff, 0xde, 0xff, 0xbe, 0xff, 0xdf, 0xff, 0xde, 0xff,
    0xbf, 0xff, 0xdf, 0xff, 0xde, 0xff, 0xbf, 0xff, 0xdf, 0xff, 0xdf, 0xff,
    0xbe, 0xff, 0xbe, 0xff, 0xdf, 0xff, 0xdf, 0xff, 0xde, 0xff, 0xbf, 0xff,
    0xdf, 0xff, 0xbe, 0xff, 0xbe, 0xff, 0xde, 0xff, 0xde, 0xff, 0xdf, 0xff,
    0xde, 0xff, 0xdf, 0xff, 0xdf, 0xff, 0xdf, 0xff, 0xde, 0xff, 0xdf, 0xff,
    0xbe, 0xff, 0xde, 0xff, 0xbf, 0xff, 0xde, 0xff, 0xdf, 0xff, 0xff, 0xff,
    0xdf, 0xff, 0xff, 0xff, 0xdf, 0xff, 0x9a, 0xde, 0x95, 0xbd, 0x70, 0xa4,
    0x4f, 0xb4, 0xf0, 0xc4, 0x8f, 0xb4, 0x36, 0xe6, 0x33, 0xcd, 0xf0, 0xc4,
    0x52, 0xd5, 0x73, 0xd5, 0xb4, 0xdd, 0x74, 0xd5, 0x94, 0xdd, 0x53, 0xdd,
    0xd5, 0xe5, 0x57, 0xf6, 0x37, 0xee, 0x57, 0xee, 0x78, 0xf6, 0xd9, 0xf6,
    0xfa, 0xf6, 0x78, 0xf6, 0xd5, 0xf5, 0xf6, 0xfd, 0xf6, 0xf5, 0x98, 0xf6,
    0x78, 0xfe, 0x74, 0xf5, 0x75, 0xf5, 0x58, 0xfe, 0x17, 0xf6, 0xb4, 0xfd,
    0xb5, 0xfd, 0xd5, 0xfd, 0xf5, 0xfd, 0x35, 0xfe, 0x36, 0xfe, 0x15, 0xfe,
    0xf3, 0xfd, 0x93, 0xfd, 0x72, 0xfd, 0x31, 0xfd, 0xf1, 0xfc, 0xf1, 0xfc,
    0x32, 0xfd, 0x53, 0xfd, 0x33, 0xf5, 0x13, 0xfd, 0x53, 0xfd, 0x74, 0xfd,
    0xf2, 0xfc, 0xf2, 0xfc, 0xb4, 0xfd, 0xf9, 0xfe, 0xde, 0xff, 0xff, 0xff,
    0x1d, 0xef, 0x38, 0xce, 0xdb, 0xe6, 0x3c, 0xf7, 0x5c, 0xf7, 0x3c, 0xef,
    0x5c, 0xef, 0x3c, 0xf7, 0x5c, 0xf7, 0x5d, 0xef, 0x5c, 0xef, 0x5c, 0xf7,
    0x5d, 0xef, 0x5c, 0xef, 0x5d, 0xf7, 0x5d, 0xef, 0x5d, 0xef, 0x5c, 0xf7,
    0x3d, 0xf7, 0x5d, 0xef, 0x7d, 0xf7, 0x5d, 0xf7, 0x7d, 0xf7, 0x7d, 0xf7,
    0x7d, 0xf7, 0x9d, 0xf7, 0x7d, 0xf7, 0x7e, 0xf7, 0x7d, 0xf7, 0x9e, 0xf7,
    0x7d, 0xff, 0x9e, 0xf7, 0x9e, 0xf7, 0x9e, 0xf7, 0x9e, 0xf7, 0x9e, 0xff,
    0xbe, 0xff, 0xbe, 0xf7, 0x9e, 0xff, 0xbf, 0xf7, 0xbe, 0xff, 0xbf, 0xff,
    0xde, 0xf7, 0xbf, 0xff, 0xdf, 0xff, 0xbf, 0xff, 0xbf, 0xff, 0xde, 0xff,
    0xde, 0xff, 0xdf, 0xff, 0xdf, 0xff, 0xdf, 0xff, 0xdf, 0xff, 0xdf, 0xff,
    0xdf, 0xff, 0xdf, 0xff, 0xdf, 0xff, 0xdf, 0xff, 0xdf, 0xff, 0xdf, 0xff,
    0xff, 0xff, 0xdf, 0xff, 0xdf, 0xff, 0xdf, 0xff, 0xbe, 0xff, 0xdf, 0xff,
    0xbf, 0xf7, 0x9e, 0xff, 0x9e, 0xf7, 0x9d, 0xf7, 0x5d, 0xf7, 0x5d, 0xf7,
    0x5d, 0xf7, 0x5d, 0xef, 0x5c, 0xef, 0x3d, 0xef, 0x3c, 0xef, 0x5c, 0xf7,
    0x5c, 0xef, 0x5d, 0xef, 0x7d, 0xf7, 0x7d, 0xf7, 0x7e, 0xf7, 0x9e, 0xf7,
    0xbe, 0xf7, 0xbf, 0xff, 0xbf, 0xff, 0xdf, 0xff, 0xdf, 0xff, 0xdf, 0xff,
    0xff, 0xff, 0xff, 0xff, 0xff, 0xff, 0xff, 0xff, 0xff, 0xff, 0xff, 0xff,
    0xff, 0xff, 0xff, 0xff, 0xff, 0xff, 0xff, 0xff, 0xff, 0xff, 0xff, 0xff,
    0xff, 0xff, 0xff, 0xff, 0xff, 0xff, 0xff, 0xff, 0xf7, 0xcd, 0x17, 0xce,
    0x17, 0xd6, 0xf7, 0xd5, 0x17, 0xce, 0x18, 0xd6, 0x38, 0xd6, 0x38, 0xd6,
    0x38, 0xd6, 0x58, 0xde, 0x58, 0xde, 0x58, 0xd6, 0x78, 0xd6, 0x78, 0xde,
    0x59, 0xd6, 0x78, 0xde, 0x79, 0xde, 0x78, 0xd6, 0x79, 0xde, 0x59, 0xde,
    0x58, 0xd6, 0x78, 0xde, 0x59, 0xde, 0x78, 0xd6, 0x58, 0xd6, 0x59, 0xd6,
    0x58, 0xde, 0x38, 0xde, 0x58, 0xde, 0x38, 0xd6, 0x38, 0xde, 0x38, 0xd6,
    0x38, 0xd6, 0x38, 0xd6, 0x38, 0xd6, 0x37, 0xde, 0x38, 0xd6, 0x38, 0xde,
    0x38, 0xd6, 0x58, 0xd6, 0x58, 0xde, 0x58, 0xd6, 0x58, 0xde, 0x78, 0xde,
    0x78, 0xde, 0x79, 0xde, 0x79, 0xe6, 0x99, 0xe6, 0xb9, 0xde, 0x99, 0xde,
    0xba, 0xe6, 0xda, 0xe6, 0xda, 0xe6, 0xda, 0xee, 0xdb, 0xee, 0xdb, 0xee,
    0xfb, 0xee, 0x1b, 0xef, 0x1b, 0xf7, 0x3b, 0xef, 0x3c, 0xef, 0x3b, 0xf7,
    0x3b, 0xf7, 0x3c, 0xf7, 0x5c, 0xf7, 0x5c, 0xf7, 0x5c, 0xf7, 0x5b, 0xf7,
    0x5c, 0xf7, 0x5c, 0xf7, 0x5c, 0xf7, 0x5c, 0xff, 0x5c, 0xf7, 0x5c, 0xf7,
    0x5c, 0xf7, 0x3c, 0xf7, 0x3b, 0xf7, 0x5c, 0xf7, 0x5c, 0xf7, 0x3c, 0xf7,
    0x5c, 0xf7, 0x3c, 0xf7, 0x5b, 0xf7, 0x3c, 0xf7, 0x5c, 0xf7, 0x5c, 0xef,
    0x3c, 0xf7, 0x3c, 0xf7, 0x5c, 0xf7, 0x7c, 0xf7, 0x5c, 0xf7, 0x7c, 0xf7,
    0x7c, 0xf7, 0x5d, 0xff, 0x7c, 0xf7, 0x7c, 0xf7, 0x7d, 0xf7, 0x7d, 0xf7,
    0x7c, 0xf7, 0x7d, 0xf7, 0x7d, 0xff, 0x9d, 0xf7, 0x9d, 0xff, 0x7d, 0xf7,
    0x9c, 0xff, 0x7d, 0xff, 0x9d, 0xf7, 0x9d, 0xf7, 0x9d, 0xf7, 0x9d, 0xff,
    0x9e, 0xf7, 0xbd, 0xff, 0x9e, 0xff, 0x9e, 0xff, 0xbe, 0xff, 0xbe, 0xff,
    0xdf, 0xff, 0xdf, 0xff, 0xde, 0xff, 0xbe, 0xff, 0xdf, 0xff, 0xde, 0xff,
    0xbe, 0xff, 0xdf, 0xff, 0xbe, 0xff, 0xdf, 0xff, 0xbf, 0xff, 0xdf, 0xff,
    0xde, 0xff, 0xbf, 0xff, 0xde, 0xff, 0xde, 0xff, 0xdf, 0xff, 0xdf, 0xff,
    0xde, 0xff, 0xdf, 0xff, 0xfe, 0xff, 0xdf, 0xff, 0xbf, 0xff, 0xdf, 0xff,
    0xdf, 0xff, 0xde, 0xff, 0xdf, 0xff, 0xde, 0xff, 0xdf, 0xff, 0xdf, 0xff,
    0xdf, 0xff, 0xdf, 0xff, 0xdf, 0xff, 0xde, 0xff, 0xbf, 0xff, 0xdf, 0xff,
    0xdf, 0xff, 0xff, 0xff, 0xff, 0xff, 0xbf, 0xff, 0x18, 0xce, 0xb0, 0xac,
    0x4e, 0xa4, 0x31, 0xcd, 0x4f, 0xac, 0x6f, 0xbc, 0xd8, 0xf6, 0x11, 0xc5,
    0xb0, 0xc4, 0xf1, 0xc4, 0xd4, 0xe5, 0x94, 0xd5, 0x94, 0xdd, 0x32, 0xd5,
    0x53, 0xe5, 0x36, 0xee, 0x37, 0xee, 0x37, 0xee, 0x56, 0xee, 0x98, 0xf6,
    0xd9, 0xf6, 0x99, 0xf6, 0xf6, 0xf5, 0xd6, 0xf5, 0x37, 0xf6, 0x17, 0xfe,
    0x98, 0xfe, 0xd6, 0xf5, 0xb5, 0xf5, 0x57, 0xf6, 0xf6, 0xfd, 0xd5, 0xf5,
    0x58, 0xfe, 0x37, 0xfe, 0x15, 0xfe, 0x57, 0xfe, 0x36, 0xfe, 0xf5, 0xfd,
    0xb3, 0xfd, 0xb3, 0xfd, 0xb3, 0xfd, 0x92, 0xfd, 0x51, 0xfd, 0xf1, 0xfc,
    0xf1, 0xf4, 0x32, 0xf5, 0x33, 0xf5, 0x33, 0xfd, 0x33, 0xf5, 0x53, 0xfd,
    0x33, 0xfd, 0xd2, 0xfc, 0xf2, 0xfc, 0x53, 0xfd, 0xb8, 0xfe, 0xbd, 0xff,
    0xff, 0xff, 0x9e, 0xf7, 0x58, 0xd6, 0x7a, 0xd6, 0x3c, 0xef, 0x5c, 0xf7,
    0x3d, 0xf7, 0x5c, 0xef, 0x3d, 0xf7, 0x3d, 0xef, 0x5d, 0xef, 0x5c, 0xef,
    0x5d, 0xef, 0x5d, 0xf7, 0x3c, 0xf7, 0x5d, 0xef, 0x5c, 0xf7, 0x5c, 0xf7,
    0x5d, 0xef, 0x5d, 0xef, 0x5d, 0xef, 0x5d, 0xf7, 0x5d, 0xf7, 0x5d, 0xef,
    0x7d, 0xef, 0x5d, 0xf7, 0x5d, 0xf7, 0x5e, 0xf7, 0x7d, 0xf7, 0x9d, 0xf7,
    0x7d, 0xf7, 0x7e, 0xf7, 0x7d, 0xf7, 0x9e, 0xf7, 0x7e, 0xf7, 0x9d, 0xf7,
    0x9e, 0xf7, 0x9e, 0xf7, 0x9e, 0xf7, 0x9e, 0xf7, 0x9e, 0xf7, 0xbe, 0xf7,
    0x9e, 0xff, 0x9e, 0xff, 0xbe, 0xf7, 0x9e, 0xff, 0xbe, 0xff, 0xbf, 0xf7,
    0xbf, 0xff, 0xbe, 0xff, 0xbf, 0xf7, 0xbe, 0xff, 0xbe, 0xff, 0xbf, 0xff,
    0xbf, 0xff, 0xdf, 0xff, 0xde, 0xff, 0xbf, 0xff, 0xdf, 0xff, 0xbf, 0xff,
    0xde, 0xff, 0xdf, 0xff, 0xbf, 0xff, 0xdf, 0xff, 0xdf, 0xff, 0xbe, 0xf7,
    0xbe, 0xff, 0x9e, 0xff, 0x9e, 0xf7, 0x9d, 0xf7, 0x5d, 0xf7, 0x5d, 0xf7,
    0x5d, 0xef, 0x5c, 0xef, 0x3c, 0xef, 0x3c, 0xef, 0x1c, 0xef, 0x3c, 0xef,
    0x3c, 0xef, 0x3c, 0xef, 0x5d, 0xef, 0x5d, 0xef, 0x5d, 0xf7, 0x5e, 0xf7,
    0x9e, 0xf7, 0x7e, 0xf7, 0x9e, 0xf7, 0xbf, 0xf7, 0xbf, 0xff, 0xdf, 0xff,
    0xdf, 0xff, 0xdf, 0xff, 0xdf, 0xff, 0xff, 0xff, 0xff, 0xff, 0xff, 0xff,
    0xff, 0xff, 0xff, 0xff, 0xff, 0xff, 0xff, 0xff, 0xff, 0xff, 0xff, 0xff,
    0xff, 0xff, 0xff, 0xff, 0xff, 0xff, 0xff, 0xff, 0xff, 0xff, 0xf7, 0xd5,
    0xf7, 0xcd, 0x17, 0xce, 0x17, 0xce, 0x17, 0xd6, 0x37, 0xce, 0x38, 0xd6,
    0x38, 0xd6, 0x58, 0xd6, 0x58, 0xd6, 0x58, 0xde, 0x59, 0xd6, 0x58, 0xde,
    0x59, 0xde, 0x79, 0xd6, 0x58, 0xde, 0x78, 0xde, 0x79, 0xde, 0x58, 0xde,
    0x78, 0xde, 0x79, 0xd6, 0x58, 0xde, 0x58, 0xde, 0x58, 0xde, 0x58, 0xde,
    0x58, 0xde, 0x58, 0xd6, 0x58, 0xd6, 0x38, 0xd6, 0x58, 0xd6, 0x58, 0xd6,
    0x38, 0xde, 0x37, 0xd6, 0x57, 0xd6, 0x38, 0xd6, 0x38, 0xd6, 0x58, 0xd6,
    0x38, 0xd6, 0x38, 0xd6, 0x38, 0xd6, 0x58, 0xd6, 0x58, 0xd6, 0x58, 0xde,
    0x59, 0xde, 0x78, 0xde, 0x79, 0xde, 0x99, 0xde, 0x99, 0xde, 0x99, 0xe6,
    0x99, 0xe6, 0xb9, 0xe6, 0xb9, 0xe6, 0xda, 0xee, 0xda, 0xe6, 0xfa, 0xe6,
    0xfa, 0xee, 0x1a, 0xef, 0x1b, 0xef, 0x1b, 0xef, 0x3b, 0xf7, 0x3c, 0xf7,
    0x3c, 0xf7, 0x5b, 0xf7, 0x3c, 0xf7, 0x5c, 0xf7, 0x5b, 0xf7, 0x5c, 0xf7,
    0x3c, 0xf7, 0x5c, 0xf7, 0x5c, 0xf7, 0x3c, 0xf7, 0x5c, 0xf7, 0x5c, 0xf7,
    0x5c, 0xf7, 0x5c, 0xef, 0x3c, 0xf7, 0x5c, 0xf7, 0x5c, 0xef, 0x3c, 0xf7,
    0x3c, 0xf7, 0x5b, 0xf7, 0x5c, 0xf7, 0x3c, 0xf7, 0x5b, 0xf7, 0x3c, 0xf7,
    0x3c, 0xf7, 0x5c, 0xef, 0x3c, 0xf7, 0x5c, 0xf7, 0x5c, 0xf7, 0x5c, 0xf7,
    0x5c, 0xf7, 0x5c, 0xf7, 0x5c, 0xf7, 0x7c, 0xf7, 0x7d, 0xf7, 0x7d, 0xff,
    0x7c, 0xff, 0x7d, 0xf7, 0x7d, 0xff, 0x7d, 0xf7, 0x9c, 0xff, 0x7d, 0xf7,
    0x7d, 0xff, 0x9d, 0xf7, 0x7d, 0xf7, 0x9d, 0xff, 0x7d, 0xff, 0x9d, 0xf7,
    0x9e, 0xff, 0x9d, 0xff, 0x9d, 0xf7, 0xbe, 0xff, 0xbe, 0xff, 0xbe, 0xff,
    0xbe, 0xff, 0xdf, 0xff, 0xbe, 0xff, 0xdf, 0xff, 0xbf, 0xff, 0xdf, 0xff,
    0xbf, 0xff, 0xdf, 0xff, 0xdf, 0xff, 0xde, 0xff, 0xbf, 0xff, 0xde, 0xff,
    0xde, 0xff, 0xdf, 0xff, 0xde, 0xff, 0xbf, 0xff, 0xbf, 0xff, 0xdf, 0xff,
    0xbe, 0xff, 0xdf, 0xff, 0xdf, 0xff, 0xdf, 0xff, 0xde, 0xff, 0xbf, 0xff,
    0xdf, 0xff, 0xdf, 0xff, 0xdf, 0xff, 0xdf, 0xff, 0xdf, 0xff, 0xdf, 0xff,
    0xde, 0xff, 0xdf, 0xff, 0xde, 0xff, 0xbf, 0xff, 0xbe, 0xff, 0xdf, 0xff,
    0xdf, 0xff, 0xdf, 0xff, 0xdf, 0xff, 0xdf, 0xff, 0x9e, 0xf7, 0x96, 0xc5,
    0x2e, 0x9c, 0x8f, 0xb4, 0x72, 0xcd, 0x2e, 0xac, 0xd0, 0xc4, 0xd9, 0xee,
    0xd1, 0xc4, 0x90, 0xbc, 0xf2, 0xc4, 0x15, 0xe6, 0x73, 0xd5, 0x53, 0xd5,
    0x12, 0xd5, 0x73, 0xdd, 0x77, 0xee, 0x57, 0xee, 0x36, 0xee, 0x17, 0xee,
    0x99, 0xf6, 0xf9, 0xf6, 0x17, 0xf6, 0xd5, 0xf5, 0x16, 0xf6, 0xd6, 0xf5,
    0x37, 0xf6, 0x57, 0xfe, 0xf6, 0xf5, 0xf6, 0xf5, 0xf6, 0xfd, 0x37, 0xf6,
    0xb9, 0xfe, 0x16, 0xfe, 0x16, 0xfe, 0x77, 0xfe, 0xf5, 0xfd, 0xd4, 0xfd,
    0xd4, 0xfd, 0xd4, 0xfd, 0xd3, 0xfd, 0xb3, 0xfd, 0x93, 0xfd, 0x52, 0xfd,
    0x11, 0xf5, 0x11, 0xf5, 0x12, 0xf5, 0x12, 0xf5, 0x12, 0xf5, 0x53, 0xf5,
    0x33, 0xfd, 0xf2, 0xfc, 0xf1, 0xfc, 0xd1, 0xfc, 0x33, 0xfd, 0x57, 0xfe,
    0x9c, 0xff, 0xff, 0xff, 0xdf, 0xff, 0xba, 0xde, 0x99, 0xde, 0x1b, 0xef,
    0x5c, 0xef, 0x5d, 0xf7, 0x5c, 0xf7, 0x5c, 0xf7, 0x5d, 0xf7, 0x5c, 0xf7,
    0x5d, 0xf7, 0x5d, 0xf7, 0x5d, 0xf7, 0x5d, 0xef, 0x5d, 0xf7, 0x5d, 0xf7,
    0x5d, 0xef, 0x5d, 0xf7, 0x7d, 0xf7, 0x5d, 0xf7, 0x5d, 0xf7, 0x7d, 0xef,
    0x7d, 0xf7, 0x5d, 0xef, 0x7d, 0xf7, 0x7d, 0xf7, 0x7d, 0xf7, 0x7d, 0xf7,
    0x7d, 0xf7, 0x7d, 0xf7, 0x7d, 0xf7, 0x7d, 0xf7, 0x9e, 0xf7, 0x7d, 0xf7,
    0x7e, 0xf7, 0x9d, 0xf7, 0x7e, 0xf7, 0x9e, 0xf7, 0x9e, 0xf7, 0x9e, 0xf7,
    0x9e, 0xf7, 0x9e, 0xf7, 0x9e, 0xf7, 0x9e, 0xf7, 0x9e, 0xf7, 0x9e, 0xf7,
    0xbe, 0xf7, 0x7e, 0xf7, 0xbe, 0xf7, 0x9e, 0xf7, 0x9f, 0xff, 0xbe, 0xf7,
    0x9e, 0xf7, 0xbe, 0xff, 0xbe, 0xff, 0xbe, 0xf7, 0xbe, 0xf7, 0xbf, 0xff,
    0xbe, 0xff, 0xbf, 0xff, 0xbf, 0xf7, 0xbe, 0xff, 0xbe, 0xff, 0xbe, 0xff,
    0x9e, 0xf7, 0x9e, 0xf7, 0x9e, 0xf7, 0x7d, 0xf7, 0x5d, 0xf7, 0x5d, 0xf7,
    0x5d, 0xef, 0x5c, 0xef, 0x3c, 0xef, 0x3c, 0xef, 0x1c, 0xef, 0x1c, 0xef,
    0x3c, 0xef, 0x1c, 0xef, 0x3c, 0xef, 0x3d, 0xf7, 0x3c, 0xf7, 0x5d, 0xef,
    0x7d, 0xef, 0x7d, 0xf7, 0x7e, 0xf7, 0x9e, 0xf7, 0xbe, 0xff, 0xbe, 0xff,
    0xdf, 0xff, 0xdf, 0xff, 0xdf, 0xff, 0xdf, 0xff, 0xdf, 0xff, 0xff, 0xff,
    0xdf, 0xff, 0xdf, 0xff, 0xff, 0xff, 0xff, 0xff, 0xff, 0xff, 0xdf, 0xff,
    0xff, 0xff, 0xff, 0xff, 0xdf, 0xff, 0xdf, 0xff, 0xdf, 0xff, 0xff, 0xff,
    0xf7, 0xcd, 0xf7, 0xcd, 0xf7, 0xd5, 0x17, 0xce, 0x17, 0xd6, 0x37, 0xd6,
    0x38, 0xd6, 0x17, 0xd6, 0x38, 0xd6, 0x38, 0xd6, 0x58, 0xd6, 0x58, 0xde,
    0x58, 0xde, 0x78, 0xd6, 0x58, 0xde, 0x79, 0xd6, 0x59, 0xde, 0x58, 0xde,
    0x58, 0xde, 0x78, 0xd6, 0x78, 0xde, 0x58, 0xde, 0x59, 0xd6, 0x58, 0xd6,
    0x78, 0xd6, 0x58, 0xde, 0x38, 0xd6, 0x58, 0xd6, 0x38, 0xd6, 0x38, 0xd6,
    0x37, 0xd6, 0x38, 0xd6, 0x38, 0xd6, 0x37, 0xd6, 0x38, 0xd6, 0x37, 0xd6,
    0x37, 0xd6, 0x37, 0xd6, 0x38, 0xd6, 0x38, 0xd6, 0x58, 0xd6, 0x58, 0xd6,
    0x58, 0xd6, 0x79, 0xde, 0x78, 0xde, 0x79, 0xde, 0x78, 0xde, 0x99, 0xe6,
    0x99, 0xe6, 0x9a, 0xe6, 0xb9, 0xde, 0xba, 0xe6, 0xba, 0xe6, 0xda, 0xe6,
    0xda, 0xe6, 0xfa, 0xee, 0xfb, 0xee, 0xfb, 0xee, 0x1b, 0xef, 0x3b, 0xef,
    0x1b, 0xf7, 0x3b, 0xf7, 0x3c, 0xf7, 0x3c, 0xf7, 0x3c, 0xf7, 0x5c, 0xf7,
    0x3c, 0xf7, 0x3c, 0xf7, 0x5c, 0xf7, 0x5c, 0xf7, 0x5c, 0xf7, 0x5b, 0xf7,
    0x5c, 0xf7, 0x3b, 0xf7, 0x5b, 0xf7, 0x5c, 0xf7, 0x3c, 0xf7, 0x5b, 0xf7,
    0x5c, 0xf7, 0x5c, 0xf7, 0x5b, 0xf7, 0x3c, 0xef, 0x3c, 0xf7, 0x3c, 0xf7,
    0x5c, 0xf7, 0x5c, 0xf7, 0x5b, 0xf7, 0x5c, 0xf7, 0x5c, 0xef, 0x5c, 0xf7,
    0x5c, 0xf7, 0x5c, 0xf7, 0x5c, 0xf7, 0x7d, 0xff, 0x7d, 0xf7, 0x5c, 0xff,
    0x7d, 0xff, 0x7d, 0xf7, 0x7d, 0xf7, 0x9d, 0xf7, 0x7d, 0xff, 0x7d, 0xf7,
    0x7d, 0xf7, 0x7d, 0xff, 0x7d, 0xff, 0x9d, 0xf7, 0x7d, 0xff, 0x7e, 0xf7,
    0x9d, 0xff, 0x9d, 0xf7, 0x9e, 0xff, 0x9e, 0xff, 0xbe, 0xff, 0xbe, 0xff,
    0xbe, 0xff, 0xbe, 0xff, 0xbe, 0xff, 0xdf, 0xff, 0xdf, 0xff, 0xde, 0xff,
    0xdf, 0xff, 0xbf, 0xff, 0xde, 0xff, 0xbe, 0xff, 0xdf, 0xff, 0xdf, 0xff,
    0xde, 0xff, 0xbf, 0xff, 0xdf, 0xff, 0xdf, 0xff, 0xde, 0xff, 0xdf, 0xff,
    0xdf, 0xff, 0xbf, 0xff, 0xde, 0xff, 0xbf, 0xff, 0xde, 0xff, 0xde, 0xff,
    0xdf, 0xff, 0xde, 0xff, 0xdf, 0xff, 0xde, 0xff, 0xdf, 0xff, 0xdf, 0xff,
    0xdf, 0xff, 0xdf, 0xff, 0xbf, 0xff, 0xbe, 0xff, 0xdf, 0xff, 0xbf, 0xff,
    0xdf, 0xff, 0xff, 0xff, 0xdf, 0xff, 0xdf, 0xff, 0xdf, 0xff, 0xdb, 0xe6,
    0x13, 0xb5, 0x0e, 0x9c, 0x11, 0xcd, 0xf0, 0xbc, 0x2e, 0xac, 0xb3, 0xd5,
    0xd5, 0xd5, 0xd1, 0xc4, 0x90, 0xc4, 0x31, 0xcd, 0xf4, 0xdd, 0x12, 0xcd,
    0x12, 0xcd, 0x33, 0xdd, 0xd5, 0xe5, 0x57, 0xee, 0x57, 0xee, 0x16, 0xe6,
    0x78, 0xf6, 0x98, 0xf6, 0xb9, 0xf6, 0xd5, 0xed, 0xd6, 0xf5, 0x17, 0xf6,
    0xf5, 0xf5, 0x78, 0xf6, 0x17, 0xf6, 0xf6, 0xf5, 0xf6, 0xf5, 0x78, 0xfe,
    0xfa, 0xfe, 0x57, 0xfe, 0x16, 0xf6, 0x57, 0xfe, 0xd5, 0xfd, 0xd3, 0xfd,
    0xd3, 0xfd, 0xb3, 0xfd, 0xb3, 0xfd, 0xd3, 0xfd, 0x93, 0xfd, 0x92, 0xfd,
    0x92, 0xfd, 0x52, 0xfd, 0xf1, 0xf4, 0xd1, 0xf4, 0xf2, 0xf4, 0x33, 0xf5,
    0x53, 0xf5, 0xf2, 0xf4, 0xf2, 0xfc, 0xf1, 0xfc, 0xd1, 0xfc, 0x53, 0xfd,
    0x36, 0xfe, 0x3b, 0xff, 0xff, 0xff, 0xff, 0xff, 0x5d, 0xef, 0x99, 0xd6,
    0xfb, 0xe6, 0x5d, 0xf7, 0x5d, 0xf7, 0x5d, 0xf7, 0x5d, 0xf7, 0x7d, 0xf7,
    0x5d, 0xf7, 0x7d, 0xf7, 0x7d, 0xf7, 0x5d, 0xf7, 0x7d, 0xf7, 0x5d, 0xf7,
    0x7d, 0xf7, 0x7d, 0xf7, 0x7d, 0xf7, 0x5d, 0xf7, 0x7d, 0xf7, 0x7d, 0xef,
    0x7d, 0xf7, 0x7d, 0xf7, 0x5d, 0xf7, 0x7d, 0xf7, 0x7d, 0xef, 0x7d, 0xf7,
    0x7d, 0xf7, 0x7e, 0xf7, 0x7e, 0xf7, 0x7d, 0xf7, 0x7e, 0xf7, 0x7d, 0xf7,
    0x7d, 0xf7, 0x7e, 0xf7, 0x9e, 0xf7, 0x7e, 0xf7, 0x7d, 0xff, 0x7e, 0xf7,
    0x9e, 0xf7, 0x9d, 0xff, 0x7e, 0xf7, 0x9e, 0xf7, 0x9d, 0xff, 0x7e, 0xf7,
    0x9e, 0xf7, 0x9e, 0xf7, 0x9e, 0xff, 0x9e, 0xf7, 0xbe, 0xf7, 0x9e, 0xf7,
    0x9e, 0xff, 0x9e, 0xf7, 0xbe, 0xf7, 0x9e, 0xf7, 0x9e, 0xf7, 0xbe, 0xff,
    0xbf, 0xff, 0xbe, 0xf7, 0xbe, 0xf7, 0xbe, 0xff, 0xbe, 0xff, 0x9f, 0xf7,
    0x9e, 0xf7, 0x9e, 0xf7, 0x9e, 0xf7, 0x7e, 0xf7, 0x7d, 0xf7, 0x5d, 0xef,
    0x5d, 0xef, 0x5d, 0xef, 0x3c, 0xf7, 0x1c, 0xef, 0x1c, 0xef, 0x1c, 0xef,
    0x1c, 0xe7, 0x1c, 0xef, 0x1c, 0xef, 0x1c, 0xef, 0x1c, 0xef, 0x3c, 0xef,
    0x5c, 0xef, 0x5d, 0xf7, 0x5d, 0xf7, 0x7d, 0xf7, 0x9e, 0xf7, 0x9e, 0xf7,
    0x9e, 0xf7, 0xbe, 0xf7, 0xbe, 0xff, 0xbf, 0xff, 0xbf, 0xff, 0xde, 0xff,
    0xbf, 0xff, 0xdf, 0xff, 0xdf, 0xff, 0xdf, 0xff, 0xdf, 0xff, 0xdf, 0xff,
    0xdf, 0xff, 0xdf, 0xff, 0xdf, 0xff, 0xdf, 0xff, 0xdf, 0xff, 0xff, 0xff,
    0xdf, 0xff, 0xf6, 0xcd, 0xf7, 0xcd, 0xf7, 0xcd, 0x17, 0xd6, 0x17, 0xd6,
    0x18, 0xd6, 0x37, 0xd6, 0x38, 0xd6, 0x38, 0xd6, 0x38, 0xde, 0x58, 0xd6,
    0x58, 0xde, 0x58, 0xd6, 0x59, 0xd6, 0x59, 0xde, 0x58, 0xde, 0x78, 0xd6,
    0x58, 0xde, 0x59, 0xd6, 0x78, 0xde, 0x58, 0xd6, 0x58, 0xd6, 0x59, 0xde,
    0x58, 0xd6, 0x58, 0xd6, 0x58, 0xd6, 0x58, 0xd6, 0x38, 0xd6, 0x58, 0xde,
    0x37, 0xd6, 0x38, 0xd6, 0x37, 0xd6, 0x37, 0xd6, 0x38, 0xd6, 0x17, 0xd6,
    0x38, 0xd6, 0x38, 0xd6, 0x37, 0xd6, 0x38, 0xd6, 0x38, 0xd6, 0x57, 0xd6,
    0x58, 0xde, 0x58, 0xde, 0x58, 0xde, 0x78, 0xde, 0x79, 0xde, 0x79, 0xde,
    0x99, 0xe6, 0x99, 0xe6, 0x99, 0xe6, 0xb9, 0xe6, 0xba, 0xe6, 0xda, 0xe6,
    0xda, 0xee, 0xda, 0xee, 0xda, 0xee, 0xfb, 0xee, 0x1b, 0xef, 0x1b, 0xef,
    0x3b, 0xf7, 0x3b, 0xf7, 0x3c, 0xef, 0x3b, 0xf7, 0x3c, 0xf7, 0x3c, 0xf7,
    0x5b, 0xf7, 0x3c, 0xf7, 0x5c, 0xf7, 0x3c, 0xf7, 0x5b, 0xf7, 0x3c, 0xf7,
    0x5c, 0xf7, 0x5c, 0xf7, 0x3c, 0xf7, 0x5c, 0xf7, 0x3b, 0xf7, 0x3c, 0xf7,
    0x5c, 0xf7, 0x3c, 0xf7, 0x5c, 0xef, 0x3c, 0xf7, 0x3c, 0xf7, 0x3c, 0xef,
    0x5c, 0xf7, 0x5b, 0xf7, 0x5c, 0xf7, 0x5c, 0xf7, 0x5c, 0xf7, 0x5c, 0xf7,
    0x5c, 0xf7, 0x5c, 0xf7, 0x5d, 0xf7, 0x5d, 0xf7, 0x7c, 0xf7, 0x5d, 0xf7,
    0x7c, 0xf7, 0x7d, 0xf7, 0x7d, 0xf7, 0x7d, 0xff, 0x7d, 0xff, 0x9d, 0xff,
    0x7d, 0xf7, 0x9d, 0xff, 0x9d, 0xff, 0x7d, 0xf7, 0x9d, 0xf7, 0x9d, 0xff,
    0x7d, 0xff, 0x9d, 0xf7, 0xbd, 0xff, 0x9e, 0xf7, 0x9e, 0xff, 0xbe, 0xff,
    0xbe, 0xff, 0xbe, 0xff, 0xbe, 0xff, 0xbf, 0xff, 0xdf, 0xff, 0xde, 0xff,
    0xde, 0xff, 0xdf, 0xff, 0xde, 0xff, 0xbf, 0xff, 0xde, 0xff, 0xdf, 0xff,
    0xde, 0xff, 0xdf, 0xff, 0xbe, 0xff, 0xde, 0xff, 0xbf, 0xff, 0xbe, 0xff,
    0xde, 0xff, 0xdf, 0xff, 0xbe, 0xff, 0xdf, 0xff, 0xdf, 0xff, 0xdf, 0xff,
    0xbe, 0xff, 0xdf, 0xff, 0xdf, 0xff, 0xdf, 0xff, 0xdf, 0xff, 0xde, 0xff,
    0xde, 0xff, 0xdf, 0xff, 0xdf, 0xff, 0xde, 0xff, 0xbe, 0xff, 0xbe, 0xff,
    0xdf, 0xff, 0xde, 0xff, 0xdf, 0xff, 0xff, 0xff, 0xbe, 0xf7, 0xbe, 0xff,
    0xd6, 0xc5, 0xb0, 0xac, 0x6f, 0xac, 0x52, 0xcd, 0x6f, 0xb4, 0x2e, 0xac,
    0x36, 0xe6, 0x12, 0xc5, 0xd0, 0xc4, 0x90, 0xbc, 0x94, 0xd5, 0xb4, 0xd5,
    0xd1, 0xcc, 0x52, 0xd5, 0x12, 0xd5, 0x57, 0xee, 0x37, 0xee, 0x16, 0xe6,
    0x57, 0xee, 0x57, 0xee, 0xb9, 0xf6, 0x17, 0xee, 0xb5, 0xed, 0x17, 0xf6,
    0xd6, 0xed, 0x78, 0xf6, 0x98, 0xfe, 0x17, 0xf6, 0xf7, 0xf5, 0x78, 0xf6,
    0xfa, 0xfe, 0x57, 0xf6, 0xf6, 0xf5, 0x37, 0xfe, 0x37, 0xfe, 0x36, 0xfe,
    0x36, 0xfe, 0xf5, 0xfd, 0xd3, 0xfd, 0xb3, 0xfd, 0xd3, 0xfd, 0xf4, 0xfd,
    0xf4, 0xfd, 0x72, 0xfd, 0xf0, 0xf4, 0xb0, 0xf4, 0xd1, 0xec, 0x12, 0xed,
    0x54, 0xf5, 0x53, 0xf5, 0x13, 0xf5, 0xf2, 0xfc, 0xd1, 0xfc, 0xd2, 0xfc,
    0x53, 0xfd, 0xf6, 0xfd, 0xd9, 0xfe, 0xde, 0xff, 0xff, 0xff, 0x7e, 0xf7,
    0x79, 0xd6, 0xdb, 0xde, 0x5c, 0xef, 0x7d, 0xf7, 0x5e, 0xf7, 0x7d, 0xf7,
    0x7d, 0xf7, 0x7e, 0xf7, 0x7d, 0xf7, 0x7d, 0xf7, 0x7d, 0xef, 0x7d, 0xf7,
    0x7d, 0xf7, 0x7d, 0xf7, 0x7d, 0xf7, 0x7d, 0xf7, 0x7d, 0xf7, 0x7d, 0xef,
    0x7d, 0xf7, 0x7d, 0xf7, 0x7d, 0xf7, 0x7e, 0xf7, 0x7d, 0xf7, 0x7e, 0xf7,
    0x5d, 0xf7, 0x7e, 0xf7, 0x7e, 0xf7, 0x7d, 0xf7, 0x7e, 0xf7, 0x7e, 0xf7,
    0x7e, 0xf7, 0x9e, 0xf7, 0x9d, 0xf7, 0x7e, 0xf7, 0x9d, 0xf7, 0x9e, 0xf7,
    0x7e, 0xf7, 0x9d, 0xf7, 0x9e, 0xf7, 0x9d, 0xf7, 0x9e, 0xf7, 0x7e, 0xf7,
    0x9d, 0xf7, 0x9e, 0xf7, 0x9e, 0xf7, 0x9e, 0xf7, 0x9e, 0xf7, 0x9e, 0xf7,
    0x9e, 0xff, 0x9e, 0xf7, 0x9e, 0xf7, 0x9e, 0xff, 0x9e, 0xff, 0x9f, 0xf7,
    0xbe, 0xf7, 0x9e, 0xff, 0x9e, 0xf7, 0x9e, 0xff, 0xbf, 0xf7, 0x9e, 0xf7,
    0xbe, 0xf7, 0xbe, 0xff, 0x9e, 0xff, 0x9d, 0xf7, 0x7e, 0xf7, 0x7d, 0xf7,
    0x5d, 0xf7, 0x5c, 0xef, 0x3d, 0xef, 0x3c, 0xef, 0x1c, 0xef, 0x1b, 0xef,
    0xfc, 0xee, 0x1b, 0xef, 0x1b, 0xe7, 0xfb, 0xee, 0x1c, 0xe7, 0x1c, 0xef,
    0x3c, 0xef, 0x5c, 0xef, 0x3d, 0xef, 0x5d, 0xef, 0x7d, 0xef, 0x7d, 0xff,
    0x9e, 0xf7, 0x9e, 0xf7, 0x9e, 0xf7, 0xbe, 0xf7, 0xbe, 0xff, 0xbe, 0xff,
    0xdf, 0xff, 0xdf, 0xff, 0xde, 0xff, 0xbf, 0xff, 0xbf, 0xff, 0xdf, 0xff,
    0xdf, 0xff, 0xdf, 0xff, 0xbf, 0xff, 0xdf, 0xff, 0xdf, 0xff, 0xdf, 0xff,
    0xde, 0xff, 0xdf, 0xff, 0xf7, 0xcd, 0xf6, 0xcd, 0xf6, 0xcd, 0xf7, 0xcd,
    0x17, 0xce, 0x17, 0xce, 0x17, 0xce, 0x38, 0xce, 0x38, 0xd6, 0x58, 0xd6,
    0x38, 0xd6, 0x58, 0xd6, 0x58, 0xde, 0x58, 0xde, 0x58, 0xde, 0x38, 0xd6,
    0x58, 0xde, 0x78, 0xde, 0x59, 0xde, 0x58, 0xde, 0x58, 0xde, 0x58, 0xd6,
    0x78, 0xde, 0x58, 0xd6, 0x58, 0xde, 0x38, 0xde, 0x38, 0xd6, 0x58, 0xd6,
    0x38, 0xd6, 0x37, 0xd6, 0x38, 0xd6, 0x38, 0xd6, 0x38, 0xd6, 0x37, 0xd6,
    0x38, 0xd6, 0x18, 0xd6, 0x37, 0xd6, 0x37, 0xd6, 0x58, 0xd6, 0x38, 0xd6,
    0x38, 0xd6, 0x38, 0xde, 0x58, 0xd6, 0x58, 0xd6, 0x58, 0xde, 0x79, 0xde,
    0x78, 0xde, 0x99, 0xde, 0x79, 0xe6, 0xb9, 0xde, 0xb9, 0xe6, 0xba, 0xe6,
    0xd9, 0xe6, 0xda, 0xe6, 0xfa, 0xe6, 0xfb, 0xee, 0xfa, 0xee, 0xfb, 0xee,
    0xfb, 0xee, 0x1b, 0xef, 0x1c, 0xef, 0x3b, 0xef, 0x3b, 0xf7, 0x5c, 0xef,
    0x5c, 0xf7, 0x3c, 0xf7, 0x5b, 0xf7, 0x5c, 0xf7, 0x5c, 0xf7, 0x5c, 0xf7,
    0x3c, 0xf7, 0x5b, 0xf7, 0x3b, 0xf7, 0x3c, 0xf7, 0x5c, 0xf7, 0x5c, 0xf7,
    0x5b, 0xf7, 0x5c, 0xef, 0x5b, 0xf7, 0x3c, 0xf7, 0x3b, 0xf7, 0x3c, 0xf7,
    0x3b, 0xf7, 0x5c, 0xf7, 0x3c, 0xf7, 0x3b, 0xf7, 0x5c, 0xf7, 0x3c, 0xf7,
    0x3c, 0xf7, 0x3c, 0xf7, 0x5c, 0xf7, 0x7c, 0xf7, 0x7c, 0xf7, 0x5c, 0xf7,
    0x5c, 0xf7, 0x7c, 0xff, 0x7d, 0xff, 0x7d, 0xf7, 0x7c, 0xf7, 0x7d, 0xf7,
    0x7d, 0xf7, 0x7d, 0xf7, 0x7d, 0xf7, 0x9d, 0xf7, 0x7d, 0xf7, 0x7d, 0xff,
    0x9d, 0xf7, 0x9d, 0xff, 0x9e, 0xff, 0x9e, 0xff, 0x9e, 0xff, 0x9d, 0xff,
    0x9e, 0xff, 0xbe, 0xff, 0xbe, 0xff, 0xbf, 0xff, 0xbe, 0xff, 0xdf, 0xff,
    0xbf, 0xff, 0xbe, 0xff, 0xbf, 0xff, 0xbf, 0xff, 0xde, 0xff, 0xdf, 0xff,
    0xde, 0xff, 0xdf, 0xff, 0xdf, 0xff, 0xde, 0xff, 0xbf, 0xff, 0xdf, 0xff,
    0xbe, 0xff, 0xbe, 0xff, 0xff, 0xff, 0xdf, 0xff, 0xdf, 0xff, 0xde, 0xff,
    0xbf, 0xff, 0xdf, 0xff, 0xde, 0xff, 0xdf, 0xff, 0xdf, 0xff, 0xdf, 0xff,
    0xde, 0xff, 0xdf, 0xff, 0xdf, 0xff, 0xdf, 0xff, 0xdf, 0xff, 0xbe, 0xff,
    0xbe, 0xff, 0xbe, 0xff, 0xbf, 0xff, 0xdf, 0xff, 0xff, 0xff, 0x7e, 0xf7,
    0x3c, 0xef, 0x13, 0xad, 0x2e, 0x9c, 0xd0, 0xbc, 0x11, 0xcd, 0x4e, 0xac,
    0x6e, 0xbc, 0x78, 0xee, 0x8f, 0xb4, 0xd0, 0xc4, 0x90, 0xbc, 0xb4, 0xd5,
    0x32, 0xcd, 0xd1, 0xc4, 0x73, 0xd5, 0x33, 0xd5, 0x57, 0xe6, 0x16, 0xe6,
    0x37, 0xe6, 0x36, 0xee, 0x37, 0xee, 0x98, 0xf6, 0xb5, 0xed, 0x16, 0xee,
    0xf6, 0xed, 0xf6, 0xf5, 0xd9, 0xf6, 0x16, 0xee, 0x16, 0xf6, 0x37, 0xf6,
    0xfa, 0xfe, 0x57, 0xf6, 0x94, 0xf5, 0xd6, 0xf5, 0xd6, 0xfd, 0xd4, 0xfd,
    0xd4, 0xfd, 0xb4, 0xfd, 0xb4, 0xfd, 0xf4, 0xfd, 0xf4, 0xfd, 0xf4, 0xfd,
    0xd3, 0xfd, 0x92, 0xfd, 0x31, 0xfd, 0xf1, 0xf4, 0xb0, 0xec, 0xb1, 0xec,
    0x73, 0xed, 0x94, 0xf5, 0x12, 0xf5, 0x12, 0xfd, 0xd1, 0xf4, 0xb1, 0xfc,
    0xd1, 0xfc, 0x53, 0xfd, 0xf6, 0xfd, 0xb8, 0xfe, 0xbd, 0xff, 0xff, 0xff,
    0xbf, 0xff, 0x9a, 0xde, 0x9a, 0xde, 0x3c, 0xf7, 0x7d, 0xf7, 0x9d, 0xf7,
    0x7e, 0xf7, 0x7d, 0xf7, 0x9e, 0xf7, 0x9d, 0xf7, 0x9e, 0xf7, 0x9e, 0xff,
    0x7e, 0xf7, 0x9e, 0xf7, 0x9e, 0xf7, 0x9d, 0xf7, 0x7e, 0xf7, 0x9e, 0xf7,
    0x9d, 0xff, 0x7e, 0xf7, 0x9e, 0xf7, 0x7e, 0xf7, 0x9e, 0xf7, 0x9e, 0xf7,
    0x9e, 0xf7, 0x9e, 0xf7, 0x9e, 0xef, 0x9d, 0xf7, 0x9e, 0xf7, 0x9e, 0xf7,
    0x9d, 0xf7, 0x9e, 0xf7, 0x9e, 0xf7, 0x9e, 0xf7, 0x7e, 0xf7, 0x9e, 0xf7,
    0x9e, 0xf7, 0x9e, 0xf7, 0x9e, 0xf7, 0x7e, 0xf7, 0x9e, 0xf7, 0x9e, 0xff,
    0x9e, 0xf7, 0x9e, 0xf7, 0x9e, 0xf7, 0x7e, 0xf7, 0x9d, 0xff, 0x9e, 0xf7,
    0x7e, 0xf7, 0x9e, 0xf7, 0x9e, 0xf7, 0x9e, 0xf7, 0x9e, 0xf7, 0x9e, 0xf7,
    0xbe, 0xf7, 0x9e, 0xf7, 0x9e, 0xf7, 0x9f, 0xff, 0xbe, 0xf7, 0x9e, 0xf7,
    0x9e, 0xf7, 0x9e, 0xff, 0x9e, 0xf7, 0x9e, 0xf7, 0x7e, 0xf7, 0x7d, 0xf7,
    0x7d, 0xf7, 0x3d, 0xef, 0x5d, 0xef, 0x3c, 0xef, 0x1c, 0xef, 0x1c, 0xe7,
    0x1b, 0xe7, 0xfc, 0xee, 0x1b, 0xe7, 0x1b, 0xef, 0xfc, 0xe6, 0x3b, 0xef,
    0x1c, 0xe7, 0x1c, 0xef, 0x1c, 0xef, 0x3c, 0xef, 0x5c, 0xef, 0x7d, 0xf7,
    0x7d, 0xf7, 0x7e, 0xf7, 0x9e, 0xf7, 0x9e, 0xf7, 0x9e, 0xff, 0x9f, 0xff,
    0x9f, 0xf7, 0xbe, 0xff, 0xbe, 0xff, 0x9f, 0xff, 0xde, 0xff, 0xbf, 0xf7,
    0xbf, 0xff, 0xbf, 0xff, 0xbe, 0xff, 0xde, 0xf7, 0xbf, 0xff, 0xde, 0xff,
    0xbf, 0xff, 0xbf, 0xff, 0xbf, 0xff, 0xd6, 0xcd, 0xf7, 0xcd, 0xf7, 0xcd,
    0xf7, 0xcd, 0x17, 0xd6, 0xf7, 0xd5, 0x17, 0xd6, 0x37, 0xd6, 0x38, 0xd6,
    0x38, 0xd6, 0x38, 0xd6, 0x58, 0xd6, 0x58, 0xd6, 0x58, 0xd6, 0x58, 0xde,
    0x58, 0xd6, 0x58, 0xde, 0x58, 0xde, 0x58, 0xd6, 0x58, 0xde, 0x58, 0xd6,
    0x58, 0xde, 0x38, 0xde, 0x58, 0xd6, 0x58, 0xd6, 0x58, 0xd6, 0x38, 0xd6,
    0x38, 0xde, 0x38, 0xd6, 0x37, 0xd6, 0x37, 0xd6, 0x38, 0xd6, 0x17, 0xd6,
    0x17, 0xd6, 0x17, 0xd6, 0x37, 0xd6, 0x38, 0xce, 0x37, 0xd6, 0x37, 0xd6,
    0x38, 0xd6, 0x58, 0xd6, 0x58, 0xde, 0x58, 0xd6, 0x78, 0xde, 0x58, 0xde,
    0x79, 0xde, 0x78, 0xde, 0x79, 0xe6, 0x99, 0xde, 0x99, 0xe6, 0x99, 0xde,
    0xba, 0xe6, 0xba, 0xee, 0xba, 0xe6, 0xda, 0xe6, 0xfa, 0xee, 0xfb, 0xee,
    0x1b, 0xef, 0x1b, 0xef, 0x1b, 0xf7, 0x1b, 0xf7, 0x3b, 0xef, 0x3c, 0xf7,
    0x3b, 0xf7, 0x3c, 0xf7, 0x3c, 0xf7, 0x3b, 0xf7, 0x3c, 0xf7, 0x5c, 0xf7,
    0x5c, 0xf7, 0x3c, 0xf7, 0x5c, 0xf7, 0x5c, 0xf7, 0x3c, 0xf7, 0x3c, 0xf7,
    0x3c, 0xf7, 0x5b, 0xf7, 0x5c, 0xf7, 0x3c, 0xf7, 0x3c, 0xf7, 0x5b, 0xf7,
    0x5c, 0xf7, 0x3c, 0xf7, 0x5c, 0xf7, 0x5c, 0xf7, 0x5c, 0xef, 0x5c, 0xf7,
    0x5c, 0xf7, 0x5c, 0xf7, 0x5c, 0xf7, 0x5c, 0xf7, 0x5c, 0xf7, 0x5c, 0xf7,
    0x7c, 0xff, 0x7d, 0xf7, 0x5d, 0xf7, 0x7c, 0xff, 0x7d, 0xff, 0x7d, 0xf7,
    0x7d, 0xff, 0x7c, 0xff, 0x9d, 0xff, 0x7d, 0xf7, 0x7d, 0xff, 0x7d, 0xf7,
    0x7d, 0xff, 0x9e, 0xf7, 0x9d, 0xf7, 0x9d, 0xff, 0x7e, 0xff, 0x9d, 0xf7,
    0xbe, 0xf7, 0xbe, 0xff, 0xbe, 0xff, 0xbe, 0xff, 0xbe, 0xff, 0xbe, 0xff,
    0xdf, 0xff, 0xdf, 0xff, 0xde, 0xff, 0xde, 0xff, 0xdf, 0xff, 0xbe, 0xff,
    0xbf, 0xff, 0xde, 0xff, 0xdf, 0xff, 0xbf, 0xff, 0xde, 0xff, 0xde, 0xff,
    0xde, 0xff, 0xbf, 0xff, 0xbe, 0xff, 0xbe, 0xff, 0xdf, 0xff, 0xbf, 0xff,
    0xbe, 0xff, 0xdf, 0xff, 0xdf, 0xff, 0xde, 0xff, 0xde, 0xff, 0xde, 0xff,
    0xdf, 0xff, 0xdf, 0xff, 0xdf, 0xff, 0xde, 0xff, 0xdf, 0xff, 0xdf, 0xff,
    0xbf, 0xff, 0xbe, 0xff, 0xbf, 0xff, 0xdf, 0xff, 0xdf, 0xff, 0xdf, 0xff,
    0x3c, 0xe7, 0x18, 0xce, 0xd1, 0xb4, 0xcd, 0x93, 0xf1, 0xbc, 0xd0, 0xc4,
    0x6f, 0xac, 0x8f, 0xb4, 0xb9, 0xee, 0x0e, 0xa4, 0xd0, 0xc4, 0xb0, 0xbc,
    0x73, 0xd5, 0xb0, 0xbc, 0x73, 0xd5, 0x12, 0xcd, 0xf6, 0xe5, 0x36, 0xe6,
    0x36, 0xee, 0x57, 0xee, 0xb5, 0xe5, 0xb9, 0xf6, 0xf6, 0xe5, 0xd5, 0xed,
    0xd6, 0xed, 0xd5, 0xed, 0x78, 0xf6, 0x78, 0xf6, 0x37, 0xf6, 0xd6, 0xf5,
    0xda, 0xfe, 0x37, 0xf6, 0x74, 0xf5, 0xf6, 0xf5, 0x16, 0xfe, 0xf5, 0xfd,
    0x94, 0xfd, 0x73, 0xfd, 0x72, 0xfd, 0x93, 0xfd, 0xb3, 0xfd, 0x93, 0xfd,
    0x72, 0xfd, 0x72, 0xfd, 0x72, 0xfd, 0x51, 0xfd, 0xd0, 0xf4, 0x90, 0xec,
    0x33, 0xed, 0x94, 0xf5, 0x12, 0xed, 0xf2, 0xf4, 0xd1, 0xec, 0xb1, 0xf4,
    0xb1, 0xf4, 0xb1, 0xfc, 0x33, 0xfd, 0xd5, 0xfd, 0x77, 0xfe, 0x7b, 0xff,
    0xdf, 0xff, 0xff, 0xff, 0xfc, 0xe6, 0xda, 0xde, 0x3d, 0xef, 0x7d, 0xf7,
    0x9e, 0xf7, 0xbe, 0xff, 0x9f, 0xf7, 0xbe, 0xf7, 0x9e, 0xf7, 0x9e, 0xff,
    0x9e, 0xff, 0x9e, 0xf7, 0x9e, 0xf7, 0x9e, 0xf7, 0x9e, 0xf7, 0x9e, 0xff,
    0x9e, 0xf7, 0x9e, 0xf7, 0x9e, 0xf7, 0x9e, 0xf7, 0x9e, 0xff, 0x9e, 0xf7,
    0x9e, 0xf7, 0x9e, 0xff, 0x9e, 0xf7, 0x9e, 0xff, 0xbe, 0xf7, 0x9e, 0xf7,
    0x9e, 0xff, 0xbe, 0xf7, 0x9e, 0xf7, 0x9e, 0xff, 0x9e, 0xf7, 0xbe, 0xf7,
    0x9e, 0xff, 0x9e, 0xf7, 0x9e, 0xff, 0x9e, 0xf7, 0x9e, 0xff, 0x9e, 0xf7,
    0x9e, 0xf7, 0x9e, 0xff, 0xbe, 0xf7, 0x9e, 0xf7, 0x9e, 0xf7, 0x9e, 0xf7,
    0x9e, 0xff, 0x9e, 0xf7, 0xbe, 0xf7, 0x9e, 0xf7, 0x9f, 0xff, 0xbf, 0xf7,
    0xbe, 0xf7, 0x9e, 0xf7, 0xbe, 0xff, 0xbf, 0xf7, 0x9e, 0xff, 0x9e, 0xf7,
    0xbe, 0xff, 0x9e, 0xff, 0x9f, 0xf7, 0x9e, 0xf7, 0x9e, 0xf7, 0x7e, 0xf7,
    0x7d, 0xf7, 0x7d, 0xf7, 0x5d, 0xf7, 0x5c, 0xef, 0x5c, 0xf7, 0x1d, 0xef,
    0x1b, 0xef, 0x1c, 0xef, 0x1b, 0xe7, 0xfc, 0xe6, 0xfb, 0xe6, 0xfc, 0xe6,
    0x1c, 0xe7, 0x1c, 0xef, 0x1c, 0xef, 0x3c, 0xef, 0x3c, 0xef, 0x5d, 0xf7,
    0x3d, 0xef, 0x5d, 0xf7, 0x7d, 0xf7, 0x9e, 0xf7, 0x7e, 0xf7, 0x9e, 0xf7,
    0x9e, 0xf7, 0xbe, 0xff, 0xbe, 0xf7, 0xbf, 0xf7, 0xbf, 0xff, 0xbe, 0xf7,
    0xbe, 0xff, 0xbe, 0xff, 0xde, 0xf7, 0xbf, 0xff, 0xbe, 0xff, 0xbe, 0xf7,
    0xbe, 0xff, 0xbf, 0xff, 0xbe, 0xf7, 0xbe, 0xff, 0xd6, 0xc5, 0xf7, 0xcd,
    0xf6, 0xcd, 0xf6, 0xcd, 0xf7, 0xcd, 0x17, 0xd6, 0x17, 0xce, 0x38, 0xce,
    0x37, 0xd6, 0x17, 0xd6, 0x38, 0xd6, 0x38, 0xde, 0x58, 0xd6, 0x38, 0xd6,
    0x58, 0xd6, 0x58, 0xde, 0x58, 0xd6, 0x58, 0xd6, 0x58, 0xd6, 0x79, 0xd6,
    0x59, 0xde, 0x58, 0xd6, 0x58, 0xd6, 0x58, 0xd6, 0x58, 0xd6, 0x38, 0xd6,
    0x38, 0xd6, 0x37, 0xd6, 0x37, 0xd6, 0x18, 0xd6, 0x37, 0xd6, 0x18, 0xd6,
    0x17, 0xd6, 0x18, 0xce, 0x38, 0xd6, 0x17, 0xd6, 0x37, 0xd6, 0x37, 0xd6,
    0x38, 0xd6, 0x17, 0xd6, 0x57, 0xd6, 0x38, 0xd6, 0x38, 0xde, 0x58, 0xde,
    0x58, 0xde, 0x59, 0xde, 0x99, 0xde, 0x79, 0xde, 0x99, 0xe6, 0x99, 0xde,
    0xb9, 0xe6, 0xb9, 0xe6, 0xba, 0xe6, 0xda, 0xe6, 0xda, 0xee, 0xfa, 0xe6,
    0xfa, 0xee, 0x1b, 0xef, 0x1b, 0xef, 0x1b, 0xef, 0x3c, 0xf7, 0x3b, 0xf7,
    0x3b, 0xf7, 0x3c, 0xf7, 0x3c, 0xef, 0x5b, 0xf7, 0x3c, 0xf7, 0x3c, 0xf7,
    0x3b, 0xf7, 0x5c, 0xf7, 0x3b, 0xf7, 0x5c, 0xf7, 0x3c, 0xf7, 0x3b, 0xf7,
    0x5c, 0xf7, 0x5c, 0xf7, 0x3c, 0xf7, 0x3c, 0xf7, 0x3c, 0xf7, 0x5b, 0xf7,
    0x5b, 0xf7, 0x3c, 0xef, 0x5b, 0xf7, 0x3c, 0xef, 0x5c, 0xf7, 0x3b, 0xf7,
    0x3c, 0xf7, 0x3b, 0xf7, 0x5c, 0xf7, 0x5c, 0xf7, 0x5c, 0xf7, 0x5c, 0xf7,
    0x5c, 0xf7, 0x5d, 0xf7, 0x7d, 0xf7, 0x7c, 0xf7, 0x7c, 0xff, 0x7d, 0xf7,
    0x9d, 0xf7, 0x7d, 0xf7, 0x7d, 0xf7, 0x7d, 0xf7, 0x7d, 0xff, 0x7d, 0xf7,
    0x9d, 0xf7, 0x9d, 0xf7, 0x7d, 0xff, 0x9d, 0xf7, 0x9d, 0xf7, 0x9e, 0xff,
    0x9d, 0xff, 0x9e, 0xff, 0x9e, 0xf7, 0xbe, 0xff, 0xde, 0xff, 0xbf, 0xff,
    0xde, 0xff, 0xdf, 0xff, 0xde, 0xff, 0xbf, 0xff, 0xde, 0xff, 0xdf, 0xff,
    0xdf, 0xff, 0xde, 0xff, 0xdf, 0xff, 0xdf, 0xff, 0xbf, 0xff, 0xde, 0xff,
    0xde, 0xff, 0xbf, 0xff, 0xde, 0xff, 0xbe, 0xff, 0x9e, 0xff, 0xff, 0xff,
    0xdf, 0xff, 0xbe, 0xff, 0xde, 0xff, 0xbf, 0xff, 0xdf, 0xff, 0xbf, 0xff,
    0xdf, 0xff, 0xde, 0xff, 0xdf, 0xff, 0xbf, 0xff, 0xde, 0xff, 0xdf, 0xff,
    0xde, 0xff, 0xbe, 0xff, 0xbe, 0xff, 0xbe, 0xff, 0xdf, 0xff, 0xdf, 0xff,
    0xdf, 0xff, 0x79, 0xd6, 0xb2, 0xa4, 0x12, 0xbd, 0xb0, 0xb4, 0xf1, 0xc4,
    0xb0, 0xbc, 0x2e, 0xac, 0xd0, 0xbc, 0x78, 0xe6, 0x0e, 0xac, 0xb0, 0xc4,
    0xd1, 0xbc, 0x32, 0xcd, 0xb1, 0xc4, 0x74, 0xdd, 0x52, 0xd5, 0x36, 0xe6,
    0x16, 0xe6, 0x37, 0xe6, 0xd5, 0xe5, 0x37, 0xe6, 0x57, 0xee, 0xd5, 0xed,
    0xd6, 0xe5, 0x16, 0xee, 0x57, 0xf6, 0x57, 0xee, 0x58, 0xf6, 0xf6, 0xf5,
    0xb9, 0xf6, 0x58, 0xf6, 0x53, 0xed, 0xf6, 0xf5, 0x57, 0xf6, 0xb4, 0xfd,
    0x32, 0xfd, 0xf1, 0xfc, 0x32, 0xfd, 0x92, 0xfd, 0x72, 0xfd, 0x52, 0xfd,
    0x72, 0xfd, 0x92, 0xfd, 0x93, 0xfd, 0x92, 0xfd, 0x31, 0xfd, 0xf1, 0xf4,
    0x53, 0xf5, 0x74, 0xf5, 0xd2, 0xec, 0xf2, 0xec, 0xd1, 0xec, 0xd2, 0xec,
    0xd1, 0xf4, 0xb1, 0xf4, 0xd1, 0xfc, 0x33, 0xfd, 0xb5, 0xfd, 0x36, 0xfe,
    0x1a, 0xff, 0xde, 0xff, 0xff, 0xff, 0x7e, 0xf7, 0xda, 0xde, 0x1c, 0xef,
    0x9e, 0xf7, 0x9e, 0xff, 0xbf, 0xff, 0xde, 0xff, 0xbe, 0xff, 0xbe, 0xff,
    0x9f, 0xff, 0xbf, 0xf7, 0xbe, 0xf7, 0xbe, 0xff, 0xbf, 0xff, 0xbe, 0xf7,
    0xbf, 0xff, 0xbe, 0xff, 0xbe, 0xf7, 0xbe, 0xff, 0xbe, 0xff, 0xbe, 0xf7,
    0x9e, 0xf7, 0xbe, 0xf7, 0xbf, 0xff, 0xbe, 0xf7, 0xbf, 0xf7, 0xbe, 0xf7,
    0xbe, 0xf7, 0x9e, 0xff, 0x9f, 0xf7, 0xbe, 0xff, 0x9f, 0xf7, 0xbe, 0xf7,
    0xbe, 0xff, 0xbf, 0xff, 0x9e, 0xff, 0xde, 0xf7, 0xbf, 0xff, 0xde, 0xff,
    0xbf, 0xf7, 0xbe, 0xff, 0xbf, 0xf7, 0xbe, 0xff, 0xbf, 0xff, 0xbf, 0xff,
    0xbe, 0xf7, 0xbf, 0xff, 0xbe, 0xff, 0xbe, 0xff, 0xbf, 0xff, 0xbe, 0xff,
    0x9e, 0xff, 0xbf, 0xff, 0x9f, 0xff, 0xbe, 0xf7, 0xbe, 0xff, 0xbf, 0xff,
    0xbe, 0xf7, 0xbe, 0xff, 0xbe, 0xf7, 0xbe, 0xff, 0x9e, 0xff, 0x9e, 0xf7,
    0x9d, 0xf7, 0x7e, 0xf7, 0x7d, 0xf7, 0x5d, 0xef, 0x3d, 0xef, 0x3c, 0xef,
    0x3c, 0xef, 0x1c, 0xef, 0x1c, 0xef, 0x1b, 0xef, 0xfb, 0xe6, 0x1c, 0xef,
    0x1b, 0xef, 0x1c, 0xef, 0xfb, 0xee, 0x3c, 0xef, 0x3c, 0xe7, 0x3d, 0xef,
    0x5d, 0xef, 0x5d, 0xef, 0x5d, 0xf7, 0x7e, 0xef, 0x7e, 0xf7, 0x7e, 0xff,
    0x9e, 0xf7, 0xbe, 0xf7, 0xbe, 0xf7, 0xbf, 0xf7, 0xbe, 0xff, 0xbe, 0xff,
    0xbf, 0xff, 0xbf, 0xf7, 0xbe, 0xf7, 0xbf, 0xff, 0xbe, 0xff, 0xbf, 0xff,
    0xbf, 0xf7, 0xbe, 0xff, 0xbf, 0xf7, 0xbe, 0xf7, 0xbe, 0xff, 0xd6, 0xcd,
    0xd6, 0xcd, 0xd6, 0xcd, 0xf7, 0xcd, 0xf7, 0xcd, 0x17, 0xce, 0x17, 0xd6,
    0x18, 0xd6, 0x17, 0xd6, 0x37, 0xd6, 0x58, 0xd6, 0x38, 0xd6, 0x38, 0xde,
    0x38, 0xd6, 0x58, 0xd6, 0x58, 0xd6, 0x39, 0xde, 0x58, 0xde, 0x58, 0xd6,
    0x58, 0xde, 0x38, 0xd6, 0x58, 0xd6, 0x58, 0xd6, 0x58, 0xde, 0x38, 0xd6,
    0x38, 0xde, 0x37, 0xde, 0x38, 0xd6, 0x38, 0xd6, 0x37, 0xd6, 0x38, 0xd6,
    0x37, 0xd6, 0x17, 0xd6, 0x37, 0xce, 0x37, 0xd6, 0x18, 0xd6, 0x18, 0xd6,
    0x37, 0xd6, 0x38, 0xd6, 0x37, 0xd6, 0x38, 0xd6, 0x37, 0xde, 0x58, 0xd6,
    0x58, 0xde, 0x78, 0xd6, 0x78, 0xde, 0x78, 0xde, 0x99, 0xde, 0x79, 0xde,
    0x99, 0xde, 0xb9, 0xe6, 0xb9, 0xe6, 0xb9, 0xe6, 0xda, 0xe6, 0xda, 0xee,
    0xda, 0xe6, 0xfb, 0xee, 0xfb, 0xee, 0x1b, 0xef, 0x1b, 0xef, 0x3b, 0xef,
    0x3b, 0xf7, 0x3c, 0xef, 0x3c, 0xf7, 0x3b, 0xf7, 0x3c, 0xf7, 0x5c, 0xf7,
    0x5c, 0xf7, 0x3b, 0xf7, 0x5c, 0xf7, 0x5c, 0xef, 0x5c, 0xef, 0x3c, 0xf7,
    0x3c, 0xf7, 0x5b, 0xef, 0x5c, 0xef, 0x3c, 0xf7, 0x3b, 0xef, 0x5c, 0xf7,
    0x3c, 0xef, 0x5c, 0xef, 0x3c, 0xf7, 0x5c, 0xf7, 0x3c, 0xf7, 0x3b, 0xf7,
    0x5c, 0xf7, 0x3c, 0xf7, 0x5c, 0xf7, 0x3c, 0xf7, 0x5c, 0xf7, 0x5c, 0xf7,
    0x5c, 0xf7, 0x5c, 0xf7, 0x7c, 0xf7, 0x5c, 0xff, 0x7d, 0xff, 0x7d, 0xf7,
    0x9d, 0xff, 0x7d, 0xff, 0x7d, 0xff, 0x7d, 0xff, 0x9d, 0xf7, 0x9d, 0xf7,
    0x7d, 0xff, 0x7d, 0xff, 0x7d, 0xf7, 0x9d, 0xf7, 0x9e, 0xf7, 0x7e, 0xff,
    0x9d, 0xf7, 0x9e, 0xff, 0x9d, 0xff, 0xbe, 0xff, 0xbe, 0xff, 0xbe, 0xff,
    0xbe, 0xff, 0xbe, 0xff, 0xdf, 0xff, 0xdf, 0xff, 0xdf, 0xff, 0xdf, 0xff,
    0xdf, 0xff, 0xde, 0xff, 0xdf, 0xff, 0xbf, 0xff, 0xde, 0xff, 0xbf, 0xff,
    0xdf, 0xff, 0xdf, 0xff, 0xdf, 0xff, 0xde, 0xff, 0xbe, 0xf7, 0xbe, 0xff,
    0xde, 0xff, 0xff, 0xff, 0xdf, 0xff, 0xbe, 0xff, 0xbe, 0xff, 0xbf, 0xff,
    0xde, 0xff, 0xdf, 0xff, 0xde, 0xff, 0xdf, 0xff, 0xdf, 0xff, 0xde, 0xff,
    0xdf, 0xff, 0xbe, 0xff, 0xbe, 0xff, 0xdf, 0xff, 0x9e, 0xff, 0x9e, 0xff,
    0xde, 0xff, 0xbe, 0xff, 0x75, 0xbd, 0xce, 0x8b, 0xb0, 0xac, 0x31, 0xcd,
    0x6f, 0xb4, 0x8f, 0xb4, 0x4e, 0xa4, 0x32, 0xcd, 0xb5, 0xd5, 0x4f, 0xb4,
    0xd0, 0xc4, 0x11, 0xc5, 0xd1, 0xc4, 0x53, 0xcd, 0x12, 0xc5, 0xf5, 0xdd,
    0x16, 0xe6, 0x37, 0xe6, 0xf6, 0xdd, 0xb5, 0xdd, 0x98, 0xee, 0xf6, 0xe5,
    0x75, 0xe5, 0x94, 0xe5, 0x57, 0xee, 0x36, 0xee, 0x37, 0xee, 0xf6, 0xed,
    0x58, 0xf6, 0x58, 0xf6, 0x33, 0xed, 0xf6, 0xed, 0x38, 0xf6, 0x73, 0xf5,
    0x12, 0xf5, 0x53, 0xfd, 0xb4, 0xfd, 0x93, 0xfd, 0x73, 0xfd, 0x72, 0xfd,
    0x72, 0xfd, 0x93, 0xfd, 0xb3, 0xfd, 0x92, 0xfd, 0x72, 0xfd, 0x52, 0xfd,
    0xb4, 0xf5, 0x53, 0xed, 0xb1, 0xe4, 0xb1, 0xe4, 0xd2, 0xec, 0x12, 0xed,
    0x12, 0xf5, 0xb1, 0xf4, 0xb1, 0xf4, 0xb1, 0xfc, 0x12, 0xfd, 0x94, 0xfd,
    0x36, 0xfe, 0xb8, 0xfe, 0x9d, 0xff, 0xff, 0xff, 0xbf, 0xff, 0xfb, 0xde,
    0x1d, 0xef, 0x9e, 0xf7, 0xbf, 0xff, 0xbf, 0xff, 0xbf, 0xff, 0xdf, 0xff,
    0xbf, 0xff, 0xdf, 0xf7, 0xde, 0xff, 0xdf, 0xff, 0xdf, 0xf7, 0xbf, 0xff,
    0xdf, 0xff, 0xdf, 0xf7, 0xbf, 0xff, 0xbf, 0xff, 0xdf, 0xff, 0xbf, 0xff,
    0xbf, 0xff, 0xdf, 0xff, 0xdf, 0xff, 0xde, 0xff, 0xbe, 0xff, 0xbf, 0xff,
    0xdf, 0xff, 0xbf, 0xff, 0xbf, 0xff, 0xdf, 0xff, 0xbf, 0xff, 0xde, 0xff,
    0xdf, 0xff, 0xbf, 0xff, 0xde, 0xff, 0xbf, 0xf7, 0xbe, 0xff, 0xbf, 0xff,
    0xdf, 0xf7, 0xbf, 0xf7, 0xbe, 0xff, 0xbf, 0xf7, 0xdf, 0xff, 0xbf, 0xff,
    0xde, 0xff, 0xbf, 0xff, 0xbf, 0xff, 0xbf, 0xf7, 0xbf, 0xf7, 0xbf, 0xff,
    0xbf, 0xff, 0xbf, 0xf7, 0xde, 0xff, 0xbf, 0xff, 0xbf, 0xff, 0xde, 0xff,
    0xbf, 0xff, 0xbf, 0xf7, 0xbf, 0xf7, 0xbf, 0xff, 0xbe, 0xf7, 0x9e, 0xff,
    0x9e, 0xf7, 0x9e, 0xf7, 0x7e, 0xf7, 0x7d, 0xf7, 0x7d, 0xef, 0x5d, 0xef,
    0x5d, 0xef, 0x3c, 0xef, 0x1c, 0xef, 0x1b, 0xef, 0x1c, 0xef, 0x1c, 0xef,
    0x1c, 0xe7, 0x1b, 0xef, 0xfb, 0xee, 0x1c, 0xef, 0x3c, 0xef, 0x3c, 0xef,
    0x3c, 0xef, 0x5d, 0xf7, 0x5d, 0xf7, 0x7e, 0xf7, 0x7e, 0xef, 0x7e, 0xf7,
    0x9e, 0xf7, 0xbe, 0xf7, 0xbe, 0xff, 0x9f, 0xff, 0xbe, 0xff, 0xbf, 0xff,
    0xbf, 0xf7, 0xbe, 0xff, 0xbe, 0xff, 0xbf, 0xf7, 0xbf, 0xff, 0xbe, 0xff,
    0xbf, 0xff, 0xbf, 0xff, 0xbe, 0xf7, 0xbe, 0xff, 0xbe, 0xf7, 0xbe, 0xf7,
    0xd6, 0xcd, 0xd6, 0xcd, 0xd7, 0xcd, 0xf7, 0xcd, 0xf7, 0xcd, 0xf7, 0xcd,
    0x17, 0xce, 0x18, 0xd6, 0x18, 0xce, 0x38, 0xd6, 0x38, 0xd6, 0x38, 0xde,
    0x38, 0xd6, 0x58, 0xd6, 0x38, 0xde, 0x58, 0xde, 0x58, 0xd6, 0x58, 0xd6,
    0x38, 0xd6, 0x38, 0xde, 0x58, 0xd6, 0x38, 0xde, 0x38, 0xde, 0x38, 0xd6,
    0x58, 0xd6, 0x38, 0xd6, 0x37, 0xd6, 0x38, 0xd6, 0x37, 0xd6, 0x18, 0xce,
    0x37, 0xd6, 0x18, 0xce, 0x17, 0xd6, 0x17, 0xd6, 0x18, 0xce, 0x17, 0xd6,
    0x17, 0xd6, 0x37, 0xd6, 0x17, 0xd6, 0x38, 0xd6, 0x37, 0xd6, 0x38, 0xd6,
    0x58, 0xd6, 0x58, 0xd6, 0x58, 0xd6, 0x58, 0xde, 0x79, 0xde, 0x79, 0xde,
    0x99, 0xde, 0x99, 0xe6, 0x99, 0xe6, 0x9a, 0xe6, 0xba, 0xe6, 0xba, 0xe6,
    0xda, 0xe6, 0xda, 0xee, 0xfb, 0xee, 0x1a, 0xef, 0x1b, 0xef, 0x1b, 0xef,
    0x3b, 0xef, 0x3b, 0xef, 0x3c, 0xef, 0x3b, 0xf7, 0x5b, 0xf7, 0x3c, 0xf7,
    0x3c, 0xf7, 0x3b, 0xef, 0x3c, 0xf7, 0x3c, 0xf7, 0x3c, 0xf7, 0x3b, 0xf7,
    0x3c, 0xf7, 0x5c, 0xf7, 0x3c, 0xf7, 0x3b, 0xf7, 0x3b, 0xf7, 0x5c, 0xf7,
    0x3c, 0xf7, 0x3b, 0xf7, 0x3c, 0xf7, 0x3c, 0xf7, 0x5b, 0xf7, 0x3c, 0xf7,
    0x3c, 0xf7, 0x3c, 0xef, 0x5c, 0xf7, 0x5c, 0xef, 0x5c, 0xf7, 0x3c, 0xf7,
    0x3c, 0xf7, 0x5c, 0xf7, 0x7c, 0xf7, 0x5c, 0xf7, 0x7d, 0xf7, 0x5d, 0xf7,
    0x9c, 0xf7, 0x7d, 0xf7, 0x7d, 0xff, 0x7d, 0xf7, 0x7d, 0xf7, 0x7d, 0xff,
    0x7d, 0xff, 0x9d, 0xf7, 0x7d, 0xff, 0x7d, 0xff, 0x9d, 0xff, 0x7e, 0xff,
    0x9d, 0xff, 0x9d, 0xf7, 0x9e, 0xf7, 0x9e, 0xff, 0xbe, 0xff, 0xbf, 0xff,
    0xbe, 0xff, 0xbf, 0xff, 0xdf, 0xff, 0xbe, 0xff, 0xde, 0xff, 0xdf, 0xff,
    0xde, 0xff, 0xbf, 0xff, 0xdf, 0xff, 0xdf, 0xff, 0xde, 0xff, 0xbf, 0xff,
    0xbe, 0xff, 0xde, 0xff, 0xdf, 0xff, 0xbf, 0xff, 0xbf, 0xff, 0xbe, 0xff,
    0x9e, 0xf7, 0xbe, 0xff, 0xbf, 0xff, 0xff, 0xff, 0xbf, 0xff, 0xbe, 0xff,
    0xbf, 0xff, 0xdf, 0xff, 0xbe, 0xff, 0xdf, 0xff, 0xbf, 0xff, 0xde, 0xff,
    0xbf, 0xff, 0xdf, 0xff, 0x9e, 0xf7, 0x9e, 0xff, 0xde, 0xff, 0x9e, 0xf7,
    0x5d, 0xf7, 0x9e, 0xf7, 0x9e, 0xf7, 0xd2, 0x9c, 0x6c, 0x7b, 0xb0, 0xb4,
    0x72, 0xd5, 0x6f, 0xb4, 0x8f, 0xb4, 0x2e, 0xa4, 0x36, 0xde, 0xf1, 0xbc,
    0x6f, 0xac, 0xf1, 0xc4, 0x12, 0xc5, 0xd1, 0xc4, 0x73, 0xd5, 0x12, 0xcd,
    0x36, 0xe6, 0xf6, 0xdd, 0x36, 0xe6, 0xb5, 0xdd, 0xf5, 0xe5, 0x57, 0xee,
    0x74, 0xdd, 0x34, 0xdd, 0x95, 0xe5, 0x37, 0xee, 0xf6, 0xed, 0x16, 0xee,
    0x17, 0xee, 0x99, 0xf6, 0x74, 0xed, 0xd6, 0xed, 0x57, 0xf6, 0xb4, 0xf5,
    0x94, 0xfd, 0x94, 0xfd, 0x73, 0xfd, 0x72, 0xfd, 0x93, 0xfd, 0x73, 0xfd,
    0x52, 0xfd, 0xb3, 0xfd, 0xb2, 0xfd, 0x92, 0xfd, 0x72, 0xfd, 0xd4, 0xfd,
    0x15, 0xfe, 0x53, 0xf5, 0x90, 0xe4, 0x90, 0xdc, 0x12, 0xe5, 0x33, 0xed,
    0x12, 0xed, 0xd2, 0xec, 0xd2, 0xf4, 0xd1, 0xf4, 0xd1, 0xfc, 0xf1, 0xfc,
    0x73, 0xfd, 0xf5, 0xfd, 0x98, 0xfe, 0x7c, 0xff, 0xdf, 0xff, 0xff, 0xff,
    0x5d, 0xef, 0x5c, 0xef, 0x9e, 0xff, 0xdf, 0xff, 0xdf, 0xff, 0xdf, 0xff,
    0xdf, 0xff, 0xdf, 0xff, 0xdf, 0xff, 0xdf, 0xff, 0xdf, 0xff, 0xdf, 0xff,
    0xdf, 0xff, 0xdf, 0xff, 0xdf, 0xff, 0xdf, 0xff, 0xdf, 0xff, 0xdf, 0xff,
    0xdf, 0xff, 0xdf, 0xff, 0xdf, 0xff, 0xdf, 0xff, 0xdf, 0xff, 0xdf, 0xff,
    0xdf, 0xff, 0xdf, 0xff, 0xdf, 0xff, 0xdf, 0xff, 0xdf, 0xf7, 0xdf, 0xff,
    0xdf, 0xff, 0xdf, 0xff, 0xdf, 0xf7, 0xdf, 0xff, 0xff, 0xff, 0xdf, 0xff,
    0xdf, 0xff, 0xdf, 0xff, 0xdf, 0xff, 0xdf, 0xff, 0xdf, 0xff, 0xbf, 0xff,
    0xdf, 0xff, 0xdf, 0xff, 0xdf, 0xff, 0xdf, 0xf7, 0xde, 0xff, 0xdf, 0xff,
    0xdf, 0xff, 0xbf, 0xff, 0xdf, 0xff, 0xdf, 0xff, 0xdf, 0xff, 0xbf, 0xff,
    0xdf, 0xff, 0xbf, 0xff, 0xbf, 0xff, 0xbf, 0xff, 0xbf, 0xff, 0xbf, 0xf7,
    0xbe, 0xff, 0xbe, 0xff, 0x9e, 0xf7, 0x7e, 0xf7, 0x7d, 0xf7, 0x5d, 0xf7,
    0x5d, 0xf7, 0x5c, 0xef, 0x3c, 0xef, 0x3c, 0xef, 0x1b, 0xef, 0x1c, 0xef,
    0x1c, 0xe7, 0x1b, 0xe7, 0xfc, 0xee, 0x1c, 0xe7, 0x3c, 0xe7, 0x3c, 0xef,
    0x3c, 0xef, 0x5d, 0xef, 0x5d, 0xef, 0x5d, 0xf7, 0x7d, 0xf7, 0x9e, 0xf7,
    0x9e, 0xf7, 0x9e, 0xf7, 0x9e, 0xf7, 0xbf, 0xff, 0xbf, 0xff, 0xbe, 0xff,
    0xbf, 0xff, 0xdf, 0xff, 0xbf, 0xf7, 0xbf, 0xf7, 0xbe, 0xff, 0xbf, 0xff,
    0xbf, 0xff, 0xbe, 0xf7, 0xbf, 0xff, 0xbe, 0xff, 0xbe, 0xff, 0xbf, 0xff,
    0xbf, 0xff, 0xb6, 0xc5, 0xd7, 0xc5, 0xf6, 0xcd, 0xf6, 0xcd, 0xf7, 0xcd,
    0xf7, 0xcd, 0x17, 0xd6, 0x17, 0xd6, 0x17, 0xd6, 0x37, 0xd6, 0x38, 0xd6,
    0x38, 0xd6, 0x58, 0xd6, 0x58, 0xd6, 0x58, 0xd6, 0x58, 0xd6, 0x58, 0xd6,
    0x38, 0xde, 0x58, 0xd6, 0x58, 0xd6, 0x58, 0xd6, 0x58, 0xd6, 0x58, 0xd6,
    0x38, 0xd6, 0x37, 0xd6, 0x37, 0xd6, 0x37, 0xd6, 0x38, 0xce, 0x37, 0xd6,
    0x17, 0xd6, 0x17, 0xd6, 0x17, 0xd6, 0x17, 0xce, 0x37, 0xd6, 0x17, 0xd6,
    0x17, 0xce, 0x17, 0xce, 0x18, 0xd6, 0x17, 0xd6, 0x38, 0xd6, 0x38, 0xd6,
    0x37, 0xd6, 0x38, 0xd6, 0x58, 0xde, 0x58, 0xde, 0x59, 0xde, 0x78, 0xde,
    0x78, 0xe6, 0x79, 0xde, 0x99, 0xe6, 0x99, 0xe6, 0xb9, 0xe6, 0xba, 0xe6,
    0xb9, 0xe6, 0xda, 0xe6, 0xda, 0xe6, 0xfa, 0xee, 0xfa, 0xee, 0xfb, 0xee,
    0x1b, 0xf7, 0x3b, 0xef, 0x3b, 0xef, 0x3b, 0xf7, 0x3b, 0xf7, 0x3c, 0xef,
    0x3c, 0xf7, 0x3c, 0xf7, 0x3c, 0xf7, 0x5b, 0xf7, 0x5c, 0xf7, 0x3c, 0xf7,
    0x3c, 0xf7, 0x5b, 0xf7, 0x5c, 0xf7, 0x3c, 0xf7, 0x3c, 0xf7, 0x5b, 0xf7,
    0x5c, 0xf7, 0x3c, 0xf7, 0x3b, 0xf7, 0x5b, 0xf7, 0x3c, 0xf7, 0x5b, 0xef,
    0x3c, 0xf7, 0x3c, 0xf7, 0x5b, 0xf7, 0x3b, 0xef, 0x5c, 0xf7, 0x3c, 0xf7,
    0x5c, 0xf7, 0x5c, 0xf7, 0x5c, 0xf7, 0x5c, 0xff, 0x5d, 0xf7, 0x5d, 0xf7,
    0x7c, 0xf7, 0x7d, 0xf7, 0x7c, 0xf7, 0x7d, 0xf7, 0x9d, 0xf7, 0x7d, 0xff,
    0x7d, 0xf7, 0x7d, 0xff, 0x7d, 0xf7, 0x9d, 0xf7, 0x9d, 0xf7, 0x9d, 0xff,
    0x9d, 0xf7, 0x9e, 0xf7, 0x9e, 0xff, 0x9e, 0xff, 0xbe, 0xff, 0xbe, 0xff,
    0xbe, 0xff, 0xde, 0xff, 0xde, 0xff, 0xbf, 0xff, 0xbf, 0xff, 0xdf, 0xff,
    0xdf, 0xff, 0xdf, 0xff, 0xde, 0xff, 0xbf, 0xff, 0xdf, 0xff, 0xdf, 0xff,
    0xdf, 0xff, 0xbe, 0xff, 0xdf, 0xff, 0xde, 0xff, 0xbf, 0xff, 0xdf, 0xff,
    0xde, 0xff, 0xbe, 0xff, 0xbe, 0xff, 0xbf, 0xff, 0xde, 0xff, 0xdf, 0xff,
    0xbe, 0xff, 0x9e, 0xff, 0xde, 0xff, 0xdf, 0xff, 0xdf, 0xff, 0xde, 0xff,
    0xdf, 0xff, 0xdf, 0xff, 0xde, 0xff, 0x7e, 0xf7, 0x9e, 0xff, 0xdf, 0xff,
    0xbe, 0xf7, 0x3c, 0xef, 0xfb, 0xe6, 0xfb, 0xee, 0x71, 0xa4, 0x8c, 0x8b,
    0xf0, 0xc4, 0x31, 0xcd, 0x2e, 0xac, 0x6f, 0xb4, 0xed, 0xa3, 0xd9, 0xf6,
    0x0e, 0x9c, 0x4e, 0xac, 0x90, 0xbc, 0xd1, 0xc4, 0xf1, 0xc4, 0x11, 0xcd,
    0x16, 0xde, 0xf6, 0xe5, 0xd5, 0xdd, 0xf5, 0xdd, 0x95, 0xdd, 0xd5, 0xdd,
    0xf6, 0xe5, 0x33, 0xdd, 0x53, 0xdd, 0x56, 0xee, 0xd6, 0xe5, 0xf6, 0xed,
    0xf6, 0xed, 0x99, 0xf6, 0xf6, 0xed, 0xb4, 0xed, 0x78, 0xee, 0xf6, 0xed,
    0x74, 0xf5, 0x12, 0xf5, 0x12, 0xf5, 0xb3, 0xfd, 0x93, 0xfd, 0x52, 0xfd,
    0x72, 0xfd, 0xb3, 0xfd, 0x93, 0xfd, 0x52, 0xfd, 0x92, 0xfd, 0x15, 0xfe,
    0x15, 0xfe, 0x93, 0xfd, 0xd1, 0xec, 0xf2, 0xe4, 0x33, 0xe5, 0x33, 0xed,
    0xd2, 0xe4, 0xb1, 0xec, 0xd2, 0xec, 0xd2, 0xf4, 0xd1, 0xfc, 0xb1, 0xfc,
    0xd1, 0xfc, 0x53, 0xfd, 0xf5, 0xfd, 0x56, 0xfe, 0x3a, 0xff, 0xde, 0xff,
    0xff, 0xff, 0x9f, 0xff, 0x5d, 0xef, 0x9e, 0xf7, 0xff, 0xff, 0xff, 0xff,
    0xff, 0xff, 0xff, 0xff, 0xff, 0xff, 0xdf, 0xff, 0xff, 0xff, 0xff, 0xff,
    0xdf, 0xff, 0xdf, 0xff, 0xff, 0xff, 0xdf, 0xff, 0xdf, 0xff, 0xff, 0xff,
    0xff, 0xff, 0xdf, 0xff, 0xdf, 0xff, 0xdf, 0xff, 0xdf, 0xff, 0xdf, 0xff,
    0xdf, 0xff, 0xff, 0xff, 0xff, 0xff, 0xdf, 0xff, 0xff, 0xff, 0xdf, 0xff,
    0xff, 0xff, 0xff, 0xff, 0xdf, 0xff, 0xdf, 0xff, 0xff, 0xff, 0xdf, 0xff,
    0xdf, 0xff, 0xff, 0xff, 0xdf, 0xff, 0xdf, 0xff, 0xff, 0xff, 0xdf, 0xff,
    0xdf, 0xff, 0xff, 0xff, 0xdf, 0xff, 0xdf, 0xff, 0xdf, 0xff, 0xdf, 0xff,
    0xdf, 0xff, 0xdf, 0xff, 0xdf, 0xff, 0xdf, 0xff, 0xdf, 0xff, 0xdf, 0xff,
    0xdf, 0xf7, 0xdf, 0xf7, 0xdf, 0xff, 0xdf, 0xff, 0xdf, 0xff, 0xdf, 0xff,
    0xbf, 0xff, 0xbf, 0xff, 0xbf, 0xf7, 0x9e, 0xff, 0x9e, 0xf7, 0x9e, 0xf7,
    0x7d, 0xf7, 0x5d, 0xf7, 0x5d, 0xef, 0x3d, 0xf7, 0x3c, 0xef, 0x3c, 0xe7,
    0x3c, 0xef, 0x3c, 0xef, 0x1c, 0xef, 0x1c, 0xef, 0x3c, 0xef, 0x3c, 0xef,
    0x3c, 0xef, 0x3d, 0xef, 0x5d, 0xef, 0x7d, 0xef, 0x7e, 0xf7, 0x7e, 0xef,
    0x9e, 0xff, 0x9e, 0xff, 0xbe, 0xff, 0xbe, 0xff, 0xbf, 0xf7, 0xdf, 0xff,
    0xbf, 0xff, 0xbf, 0xf7, 0xde, 0xff, 0xbf, 0xff, 0xde, 0xff, 0xdf, 0xff,
    0xdf, 0xff, 0xdf, 0xf7, 0xde, 0xff, 0xbf, 0xff, 0xbf, 0xff, 0xbf, 0xf7,
    0xdf, 0xff, 0xbe, 0xff, 0xd6, 0xc5, 0xb6, 0xcd, 0xd6, 0xcd, 0xd7, 0xcd,
    0xf6, 0xcd, 0xf7, 0xcd, 0xf7, 0xcd, 0x17, 0xce, 0x17, 0xd6, 0x17, 0xd6,
    0x17, 0xd6, 0x37, 0xd6, 0x37, 0xce, 0x38, 0xd6, 0x38, 0xd6, 0x58, 0xd6,
    0x38, 0xd6, 0x38, 0xd6, 0x38, 0xd6, 0x58, 0xd6, 0x38, 0xde, 0x38, 0xd6,
    0x58, 0xd6, 0x37, 0xd6, 0x38, 0xd6, 0x37, 0xd6, 0x38, 0xd6, 0x18, 0xd6,
    0x37, 0xd6, 0x37, 0xce, 0x18, 0xce, 0x17, 0xd6, 0x17, 0xd6, 0x17, 0xd6,
    0x17, 0xce, 0x18, 0xd6, 0x17, 0xce, 0x17, 0xd6, 0x38, 0xce, 0x37, 0xd6,
    0x37, 0xd6, 0x38, 0xd6, 0x58, 0xd6, 0x58, 0xd6, 0x58, 0xde, 0x58, 0xde,
    0x79, 0xde, 0x78, 0xde, 0x79, 0xde, 0x99, 0xde, 0x99, 0xde, 0xb9, 0xde,
    0xba, 0xe6, 0xba, 0xe6, 0xba, 0xee, 0xfa, 0xee, 0xfa, 0xe6, 0xfb, 0xee,
    0x1b, 0xef, 0x1c, 0xef, 0x1b, 0xf7, 0x1b, 0xef, 0x3b, 0xf7, 0x3c, 0xef,
    0x3c, 0xf7, 0x3b, 0xf7, 0x3c, 0xf7, 0x3c, 0xf7, 0x3b, 0xf7, 0x5c, 0xf7,
    0x5b, 0xf7, 0x5c, 0xf7, 0x3c, 0xef, 0x5b, 0xf7, 0x3c, 0xf7, 0x5c, 0xf7,
    0x3b, 0xf7, 0x3c, 0xef, 0x5b, 0xef, 0x5c, 0xf7, 0x3c, 0xf7, 0x3c, 0xf7,
    0x5b, 0xef, 0x3c, 0xf7, 0x3b, 0xf7, 0x5c, 0xf7, 0x5c, 0xf7, 0x3b, 0xf7,
    0x3c, 0xf7, 0x5c, 0xef, 0x5c, 0xf7, 0x5c, 0xf7, 0x5c, 0xf7, 0x7c, 0xf7,
    0x7c, 0xf7, 0x7c, 0xff, 0x7d, 0xf7, 0x7d, 0xf7, 0x7d, 0xff, 0x7d, 0xff,
    0x7d, 0xf7, 0x9c, 0xff, 0x7d, 0xf7, 0x7d, 0xff, 0x9d, 0xf7, 0x9d, 0xff,
    0x7e, 0xff, 0x9d, 0xff, 0x9d, 0xff, 0x9e, 0xff, 0x9d, 0xff, 0xbe, 0xff,
    0xbe, 0xff, 0xbe, 0xff, 0xbf, 0xff, 0xde, 0xff, 0xde, 0xff, 0xdf, 0xff,
    0xbe, 0xff, 0xdf, 0xff, 0xdf, 0xff, 0xbe, 0xff, 0xdf, 0xff, 0xde, 0xff,
    0xdf, 0xff, 0xdf, 0xff, 0xde, 0xff, 0xbf, 0xff, 0xde, 0xff, 0xbf, 0xff,
    0xdf, 0xff, 0xdf, 0xff, 0xbe, 0xff, 0xbe, 0xff, 0xdf, 0xff, 0xbe, 0xff,
    0xdf, 0xff, 0xdf, 0xff, 0x9e, 0xf7, 0xbe, 0xff, 0xdf, 0xff, 0xde, 0xff,
    0xbf, 0xff, 0xdf, 0xff, 0xbe, 0xff, 0xbe, 0xff, 0x7d, 0xf7, 0xbe, 0xff,
    0xbe, 0xff, 0xbe, 0xff, 0x3c, 0xef, 0xf7, 0xcd, 0xd6, 0xc5, 0x90, 0xa4,
    0x2e, 0xa4, 0x31, 0xcd, 0x8f, 0xb4, 0x4e, 0xac, 0x8e, 0xb4, 0x4f, 0xac,
    0xb8, 0xee, 0xac, 0x9b, 0x0e, 0x9c, 0x90, 0xbc, 0x12, 0xc5, 0xf1, 0xc4,
    0x32, 0xd5, 0x16, 0xe6, 0xb5, 0xd5, 0x16, 0xde, 0x94, 0xdd, 0x95, 0xd5,
    0xf6, 0xe5, 0x54, 0xd5, 0x73, 0xdd, 0x16, 0xe6, 0xd5, 0xe5, 0xf6, 0xe5,
    0x16, 0xee, 0x57, 0xee, 0x58, 0xee, 0xb5, 0xed, 0x37, 0xee, 0xf6, 0xed,
    0x95, 0xf5, 0xf1, 0xf4, 0x53, 0xf5, 0x94, 0xfd, 0x52, 0xfd, 0x32, 0xfd,
    0x52, 0xfd, 0x73, 0xfd, 0x52, 0xfd, 0x51, 0xfd, 0x94, 0xfd, 0x16, 0xfe,
    0x15, 0xfe, 0xb3, 0xfd, 0x33, 0xfd, 0x33, 0xed, 0xf2, 0xe4, 0x91, 0xe4,
    0x91, 0xe4, 0xd1, 0xe4, 0xd1, 0xec, 0xf2, 0xf4, 0xd1, 0xf4, 0xd1, 0xfc,
    0xb1, 0xfc, 0xb1, 0xfc, 0x32, 0xfd, 0xd5, 0xfd, 0x16, 0xfe, 0xb8, 0xfe,
    0x9c, 0xff, 0xff, 0xff, 0xdf, 0xff, 0x7d, 0xf7, 0x9e, 0xf7, 0xff, 0xff,
    0xff, 0xff, 0xff, 0xff, 0xff, 0xff, 0xff, 0xff, 0xff, 0xff, 0xff, 0xff,
    0xff, 0xff, 0xff, 0xff, 0xff, 0xff, 0xff, 0xff, 0xff, 0xff, 0xff, 0xff,
    0xff, 0xff, 0xff, 0xff, 0xff, 0xff, 0xff, 0xff, 0xff, 0xff, 0xff, 0xff,
    0xff, 0xff, 0xff, 0xff, 0xff, 0xff, 0xff, 0xff, 0xff, 0xff, 0xff, 0xff,
    0xff, 0xff, 0xdf, 0xff, 0xff, 0xff, 0xff, 0xff, 0xff, 0xff, 0xff, 0xff,
    0xff, 0xff, 0xff, 0xff, 0xff, 0xff, 0xff, 0xff, 0xff, 0xff, 0xff, 0xff,
    0xff, 0xff, 0xff, 0xff, 0xff, 0xff, 0xff, 0xff, 0xdf, 0xff, 0xff, 0xff,
    0xff, 0xff, 0xff, 0xff, 0xff, 0xff, 0xdf, 0xff, 0xff, 0xff, 0xff, 0xff,
    0xdf, 0xff, 0xff, 0xff, 0xdf, 0xff, 0xdf, 0xff, 0xdf, 0xff, 0xdf, 0xff,
    0xdf, 0xff, 0xbf, 0xff, 0xbf, 0xff, 0xbf, 0xff, 0xbe, 0xff, 0x9e, 0xff,
    0x9e, 0xf7, 0x7e, 0xf7, 0x7d, 0xf7, 0x5d, 0xef, 0x5d, 0xef, 0x3c, 0xef,
    0x3c, 0xef, 0x3c, 0xef, 0x1c, 0xef, 0x3c, 0xef, 0x3c, 0xef, 0x1c, 0xef,
    0x3d, 0xef, 0x5d, 0xef, 0x5d, 0xf7, 0x5d, 0xf7, 0x7d, 0xf7, 0x7e, 0xf7,
    0x9e, 0xf7, 0xbe, 0xf7, 0xbf, 0xf7, 0xbf, 0xf7, 0xbf, 0xff, 0xdf, 0xff,
    0xdf, 0xff, 0xdf, 0xff, 0xdf, 0xff, 0xdf, 0xff, 0xdf, 0xff, 0xdf, 0xff,
    0xdf, 0xff, 0xdf, 0xff, 0xff, 0xff, 0xdf, 0xff, 0xdf, 0xff, 0xdf, 0xff,
    0xdf, 0xff, 0xbf, 0xff, 0xbf, 0xff, 0xb6, 0xc5, 0xd6, 0xc5, 0xd6, 0xcd,
    0xd7, 0xc5, 0xf6, 0xcd, 0xf7, 0xcd, 0xf7, 0xcd, 0x17, 0xd6, 0x17, 0xce,
    0x18, 0xce, 0x37, 0xd6, 0x38, 0xd6, 0x38, 0xd6, 0x38, 0xd6, 0x38, 0xd6,
    0x38, 0xd6, 0x38, 0xde, 0x38, 0xd6, 0x58, 0xd6, 0x38, 0xd6, 0x38, 0xd6,
    0x37, 0xd6, 0x38, 0xd6, 0x17, 0xd6, 0x38, 0xd6, 0x38, 0xd6, 0x37, 0xce,
    0x38, 0xd6, 0x17, 0xd6, 0x17, 0xd6, 0x17, 0xd6, 0x37, 0xd6, 0x18, 0xce,
    0x17, 0xd6, 0x17, 0xce, 0x17, 0xce, 0x17, 0xd6, 0x17, 0xd6, 0x18, 0xd6,
    0x37, 0xd6, 0x17, 0xd6, 0x38, 0xd6, 0x38, 0xde, 0x58, 0xde, 0x58, 0xd6,
    0x78, 0xde, 0x58, 0xde, 0x78, 0xde, 0x79, 0xde, 0x99, 0xde, 0x99, 0xe6,
    0x99, 0xe6, 0xb9, 0xe6, 0xba, 0xe6, 0xda, 0xee, 0xda, 0xe6, 0xfa, 0xee,
    0xfb, 0xee, 0x1b, 0xef, 0xfb, 0xee, 0x1b, 0xf7, 0x1b, 0xf7, 0x1c, 0xf7,
    0x3b, 0xf7, 0x3b, 0xf7, 0x3c, 0xf7, 0x5b, 0xf7, 0x3c, 0xef, 0x3c, 0xf7,
    0x3b, 0xf7, 0x5c, 0xef, 0x5b, 0xf7, 0x3c, 0xf7, 0x3b, 0xf7, 0x5c, 0xf7,
    0x3c, 0xf7, 0x5c, 0xf7, 0x3c, 0xf7, 0x3c, 0xf7, 0x5b, 0xf7, 0x3b, 0xef,
    0x3b, 0xf7, 0x5b, 0xf7, 0x5c, 0xef, 0x3b, 0xef, 0x3c, 0xf7, 0x3c, 0xf7,
    0x3c, 0xf7, 0x5b, 0xef, 0x5b, 0xf7, 0x5c, 0xf7, 0x3c, 0xf7, 0x7c, 0xf7,
    0x7c, 0xf7, 0x5d, 0xff, 0x7d, 0xf7, 0x7d, 0xff, 0x7d, 0xff, 0x7d, 0xf7,
    0x7d, 0xf7, 0x7d, 0xf7, 0x9d, 0xf7, 0x7d, 0xff, 0x7d, 0xff, 0x7d, 0xf7,
    0x9d, 0xff, 0x9d, 0xff, 0x7e, 0xf7, 0x9d, 0xf7, 0xbd, 0xff, 0x9e, 0xf7,
    0xbe, 0xf7, 0xbe, 0xff, 0xbf, 0xff, 0xde, 0xff, 0xbf, 0xff, 0xdf, 0xff,
    0xde, 0xff, 0xbe, 0xff, 0xde, 0xff, 0xde, 0xff, 0xdf, 0xff, 0xbe, 0xff,
    0xdf, 0xff, 0xde, 0xff, 0xbf, 0xff, 0xdf, 0xff, 0xbe, 0xff, 0xdf, 0xff,
    0xde, 0xff, 0xbe, 0xff, 0xdf, 0xff, 0xbf, 0xff, 0xbf, 0xff, 0xbe, 0xff,
    0xbe, 0xff, 0xbe, 0xff, 0xdf, 0xff, 0x7e, 0xf7, 0xbe, 0xff, 0xbe, 0xff,
    0xbe, 0xff, 0xbe, 0xff, 0xbe, 0xff, 0x9e, 0xf7, 0x7e, 0xff, 0x9d, 0xf7,
    0x9e, 0xf7, 0xbe, 0xff, 0xbe, 0xff, 0xfc, 0xee, 0x92, 0x9c, 0x71, 0x9c,
    0x90, 0xb4, 0xb0, 0xbc, 0x12, 0xc5, 0x4f, 0xac, 0x2e, 0xa4, 0x6e, 0xb4,
    0xd1, 0xb4, 0x37, 0xe6, 0x6b, 0x8b, 0x6f, 0xac, 0xb0, 0xbc, 0x32, 0xcd,
    0x12, 0xc5, 0xb4, 0xd5, 0xd5, 0xdd, 0xb4, 0xd5, 0xb5, 0xd5, 0x74, 0xd5,
    0xb4, 0xd5, 0xd5, 0xdd, 0xd2, 0xcc, 0x74, 0xdd, 0xd5, 0xe5, 0xd5, 0xe5,
    0x57, 0xee, 0x17, 0xe6, 0x78, 0xee, 0xd5, 0xed, 0x36, 0xee, 0xd6, 0xe5,
    0x74, 0xed, 0x74, 0xf5, 0x93, 0xf5, 0x32, 0xf5, 0x12, 0xfd, 0x11, 0xfd,
    0x52, 0xfd, 0x72, 0xfd, 0x51, 0xfd, 0x93, 0xfd, 0x15, 0xfe, 0x15, 0xfe,
    0x15, 0xfe, 0xb3, 0xfd, 0x73, 0xfd, 0x32, 0xfd, 0xb1, 0xe4, 0x70, 0xdc,
    0x70, 0xdc, 0xb1, 0xe4, 0x12, 0xe5, 0x12, 0xed, 0xf2, 0xf4, 0xd1, 0xf4,
    0xd1, 0xfc, 0xb0, 0xfc, 0xb1, 0xfc, 0x32, 0xfd, 0xd4, 0xfd, 0x15, 0xfe,
    0x57, 0xfe, 0x3a, 0xff, 0xde, 0xff, 0xdf, 0xff, 0x9e, 0xff, 0xbe, 0xf7,
    0xdf, 0xff, 0xdf, 0xff, 0xff, 0xff, 0xff, 0xff, 0xff, 0xff, 0xff, 0xff,
    0xff, 0xff, 0xff, 0xff, 0xff, 0xff, 0xff, 0xff, 0xff, 0xff, 0xff, 0xff,
    0xff, 0xff, 0xff, 0xff, 0xff, 0xff, 0xff, 0xff, 0xff, 0xff, 0xff, 0xff,
    0xff, 0xff, 0xff, 0xff, 0xff, 0xff, 0xff, 0xff, 0xff, 0xff, 0xff, 0xff,
    0xff, 0xff, 0xff, 0xff, 0xff, 0xff, 0xff, 0xff, 0xff, 0xff, 0xff, 0xff,
    0xff, 0xff, 0xff, 0xff, 0xff, 0xff, 0xff, 0xff, 0xff, 0xff, 0xff, 0xff,
    0xff, 0xff, 0xff, 0xff, 0xff, 0xff, 0xff, 0xff, 0xff, 0xff, 0xff, 0xff,
    0xff, 0xff, 0xff, 0xff, 0xff, 0xff, 0xff, 0xff, 0xff, 0xff, 0xdf, 0xff,
    0xff, 0xff, 0xff, 0xff, 0xff, 0xff, 0xff, 0xff, 0xdf, 0xff, 0xff, 0xff,
    0xff, 0xff, 0xdf, 0xff, 0xdf, 0xff, 0xdf, 0xf7, 0xdf, 0xff, 0xbf, 0xf7,
    0xbe, 0xf7, 0x9e, 0xf7, 0x9e, 0xf7, 0x7d, 0xf7, 0x5d, 0xf7, 0x5d, 0xef,
    0x5c, 0xef, 0x3d, 0xf7, 0x3d, 0xef, 0x3c, 0xef, 0x3c, 0xef, 0x3d, 0xef,
    0x3c, 0xef, 0x5d, 0xef, 0x5d, 0xf7, 0x7d, 0xf7, 0x7d, 0xf7, 0x7e, 0xf7,
    0x9e, 0xf7, 0xbe, 0xff, 0xbf, 0xf7, 0xbe, 0xff, 0xbf, 0xff, 0xdf, 0xff,
    0xdf, 0xff, 0xdf, 0xff, 0xdf, 0xff, 0xdf, 0xff, 0xff, 0xff, 0xff, 0xff,
    0xdf, 0xff, 0xff, 0xff, 0xdf, 0xff, 0xdf, 0xff, 0xdf, 0xff, 0xdf, 0xff,
    0xdf, 0xff, 0xdf, 0xff, 0xdf, 0xff, 0xdf, 0xff, 0xb6, 0xc5, 0xd6, 0xcd,
    0xd6, 0xc5, 0xd6, 0xcd, 0xd7, 0xcd, 0xd7, 0xcd, 0x17, 0xce, 0xf7, 0xcd,
    0xf7, 0xcd, 0x17, 0xd6, 0x38, 0xce, 0x18, 0xd6, 0x38, 0xd6, 0x37, 0xd6,
    0x38, 0xd6, 0x37, 0xd6, 0x38, 0xd6, 0x37, 0xde, 0x38, 0xd6, 0x38, 0xd6,
    0x37, 0xd6, 0x38, 0xd6, 0x38, 0xd6, 0x38, 0xd6, 0x38, 0xd6, 0x17, 0xd6,
    0x17, 0xd6, 0x17, 0xce, 0x18, 0xce, 0x17, 0xd6, 0xf7, 0xd5, 0x17, 0xce,
    0x17, 0xce, 0x17, 0xce, 0x17, 0xce, 0x17, 0xd6, 0x17, 0xd6, 0x17, 0xce,
    0x37, 0xd6, 0x37, 0xce, 0x37, 0xce, 0x38, 0xd6, 0x38, 0xd6, 0x38, 0xde,
    0x58, 0xd6, 0x58, 0xde, 0x79, 0xde, 0x79, 0xde, 0x78, 0xde, 0x79, 0xe6,
    0x99, 0xde, 0xba, 0xe6, 0xb9, 0xe6, 0xb9, 0xe6, 0xda, 0xe6, 0xda, 0xe6,
    0xda, 0xee, 0xda, 0xee, 0xfb, 0xee, 0xfb, 0xee, 0x1b, 0xef, 0x3b, 0xef,
    0x3b, 0xf7, 0x1c, 0xef, 0x3b, 0xef, 0x3b, 0xef, 0x3c, 0xf7, 0x3c, 0xf7,
    0x3c, 0xef, 0x5b, 0xf7, 0x3c, 0xf7, 0x3c, 0xf7, 0x5c, 0xf7, 0x3c, 0xef,
    0x3c, 0xf7, 0x5b, 0xef, 0x3c, 0xf7, 0x3b, 0xef, 0x3c, 0xf7, 0x5b, 0xf7,
    0x3c, 0xf7, 0x3c, 0xef, 0x3c, 0xf7, 0x3c, 0xf7, 0x3c, 0xf7, 0x3b, 0xf7,
    0x3c, 0xf7, 0x5c, 0xf7, 0x5c, 0xf7, 0x3c, 0xf7, 0x5c, 0xf7, 0x5c, 0xf7,
    0x5c, 0xf7, 0x7d, 0xf7, 0x5c, 0xf7, 0x7d, 0xf7, 0x7d, 0xf7, 0x7c, 0xf7,
    0x7d, 0xf7, 0x7d, 0xff, 0x7d, 0xff, 0x9d, 0xff, 0x7d, 0xf7, 0x7d, 0xf7,
    0x9d, 0xff, 0x7d, 0xff, 0x9e, 0xf7, 0x9d, 0xff, 0x9d, 0xf7, 0x9e, 0xff,
    0x9d, 0xff, 0x9e, 0xff, 0xbe, 0xf7, 0xbe, 0xff, 0xbf, 0xff, 0xbe, 0xff,
    0xde, 0xff, 0xdf, 0xff, 0xde, 0xff, 0xdf, 0xff, 0xbf, 0xff, 0xde, 0xff,
    0xdf, 0xff, 0xdf, 0xff, 0xdf, 0xff, 0xdf, 0xff, 0xde, 0xff, 0xbf, 0xff,
    0xde, 0xff, 0xdf, 0xff, 0xbe, 0xff, 0xbe, 0xff, 0xdf, 0xff, 0xde, 0xff,
    0xbf, 0xff, 0xbe, 0xf7, 0xbe, 0xf7, 0xde, 0xff, 0xbf, 0xf7, 0x9e, 0xf7,
    0xde, 0xff, 0xbf, 0xff, 0xbe, 0xff, 0xbe, 0xff, 0x9e, 0xf7, 0x7d, 0xf7,
    0x9e, 0xff, 0x7e, 0xf7, 0xbd, 0xff, 0x3c, 0xef, 0x58, 0xce, 0x30, 0x94,
    0x6c, 0x73, 0xf1, 0xbc, 0xb0, 0xbc, 0x10, 0xc5, 0x2e, 0xa4, 0x0d, 0xa4,
    0x6e, 0xb4, 0x53, 0xc5, 0x53, 0xcd, 0xac, 0x93, 0xd0, 0xbc, 0x90, 0xbc,
    0x11, 0xcd, 0x52, 0xcd, 0xd5, 0xd5, 0xb4, 0xcd, 0xd5, 0xd5, 0x94, 0xd5,
    0x33, 0xd5, 0x94, 0xd5, 0x74, 0xdd, 0x33, 0xd5, 0xd5, 0xdd, 0x95, 0xdd,
    0x37, 0xee, 0x37, 0xe6, 0x37, 0xee, 0x17, 0xee, 0x37, 0xee, 0xf5, 0xe5,
    0x73, 0xe5, 0xb5, 0xed, 0xb3, 0xf5, 0xf1, 0xf4, 0xb1, 0xf4, 0x11, 0xfd,
    0x72, 0xfd, 0x72, 0xfd, 0x73, 0xfd, 0xd4, 0xfd, 0xf4, 0xfd, 0xf4, 0xfd,
    0xb3, 0xfd, 0x72, 0xfd, 0x92, 0xfd, 0x73, 0xfd, 0xf1, 0xf4, 0x90, 0xe4,
    0xf1, 0xe4, 0x53, 0xe5, 0x54, 0xe5, 0x33, 0xed, 0xd1, 0xec, 0xd1, 0xec,
    0xd2, 0xf4, 0xf1, 0xfc, 0x90, 0xfc, 0x91, 0xfc, 0x53, 0xfd, 0xd5, 0xfd,
    0xf5, 0xfd, 0x36, 0xfe, 0xf9, 0xfe, 0xbd, 0xff, 0xff, 0xff, 0xdf, 0xff,
    0x9e, 0xf7, 0xdf, 0xff, 0xff, 0xff, 0xff, 0xff, 0xff, 0xff, 0xff, 0xff,
    0xff, 0xff, 0xff, 0xff, 0xff, 0xff, 0xff, 0xff, 0xff, 0xff, 0xff, 0xff,
    0xff, 0xff, 0xff, 0xff, 0xff, 0xff, 0xff, 0xff, 0xff, 0xff, 0xff, 0xff,
    0xff, 0xff, 0xff, 0xff, 0xff, 0xff, 0xff, 0xff, 0xff, 0xff, 0xff, 0xff,
    0xff, 0xff, 0xff, 0xff, 0xff, 0xff, 0xff, 0xff, 0xff, 0xff, 0xff, 0xff,
    0xff, 0xff, 0xff, 0xff, 0xff, 0xff, 0xff, 0xff, 0xff, 0xff, 0xff, 0xff,
    0xff, 0xff, 0xff, 0xff, 0xff, 0xff, 0xff, 0xff, 0xff, 0xff, 0xff, 0xff,
    0xff, 0xff, 0xff, 0xff, 0xff, 0xff, 0xff, 0xff, 0xff, 0xff, 0xff, 0xff,
    0xff, 0xff, 0xff, 0xff, 0xff, 0xff, 0xff, 0xff, 0xff, 0xff, 0xff, 0xff,
    0xff, 0xff, 0xff, 0xff, 0xdf, 0xff, 0xdf, 0xff, 0xdf, 0xff, 0xdf, 0xff,
    0xbe, 0xff, 0xbe, 0xff, 0x9e, 0xff, 0x9e, 0xf7, 0x7e, 0xf7, 0x7d, 0xf7,
    0x5d, 0xf7, 0x5d, 0xf7, 0x5d, 0xef, 0x3c, 0xef, 0x5d, 0xef, 0x5c, 0xef,
    0x5d, 0xef, 0x5d, 0xef, 0x7d, 0xf7, 0x5d, 0xef, 0x7d, 0xf7, 0x9e, 0xef,
    0x9e, 0xf7, 0xbf, 0xff, 0xbf, 0xf7, 0xdf, 0xff, 0xdf, 0xff, 0xdf, 0xff,
    0xff, 0xff, 0xdf, 0xff, 0xff, 0xff, 0xff, 0xff, 0xff, 0xff, 0xff, 0xff,
    0xff, 0xff, 0xdf, 0xff, 0xff, 0xff, 0xff, 0xff, 0xff, 0xff, 0xff, 0xff,
    0xff, 0xff, 0xff, 0xff, 0xdf, 0xff, 0xff, 0xff, 0xff, 0xff, 0xb6, 0xc5,
    0xb6, 0xc5, 0xd6, 0xc5, 0xd6, 0xcd, 0xd6, 0xcd, 0xf6, 0xcd, 0xf6, 0xcd,
    0xf7, 0xcd, 0x17, 0xce, 0x17, 0xce, 0x17, 0xd6, 0x17, 0xd6, 0x37, 0xd6,
    0x17, 0xd6, 0x38, 0xd6, 0x38, 0xd6, 0x38, 0xd6, 0x37, 0xd6, 0x38, 0xd6,
    0x37, 0xd6, 0x38, 0xd6, 0x37, 0xd6, 0x18, 0xd6, 0x37, 0xd6, 0x37, 0xd6,
    0x38, 0xd6, 0x17, 0xce, 0x17, 0xd6, 0x17, 0xd6, 0x17, 0xd6, 0x18, 0xce,
    0x17, 0xd6, 0xf7, 0xd5, 0xf7, 0xcd, 0x17, 0xce, 0x17, 0xd6, 0x17, 0xce,
    0x38, 0xce, 0x17, 0xd6, 0x17, 0xd6, 0x17, 0xd6, 0x37, 0xd6, 0x38, 0xd6,
    0x38, 0xd6, 0x38, 0xde, 0x78, 0xde, 0x78, 0xd6, 0x78, 0xde, 0x79, 0xde,
    0x99, 0xde, 0x98, 0xe6, 0x99, 0xe6, 0xb9, 0xe6, 0xba, 0xe6, 0xba, 0xe6,
    0xda, 0xe6, 0xda, 0xe6, 0xfa, 0xee, 0x1a, 0xef, 0x1b, 0xef, 0x1a, 0xef,
    0x3b, 0xef, 0x1c, 0xf7, 0x1b, 0xf7, 0x3b, 0xf7, 0x3c, 0xf7, 0x3c, 0xef,
    0x3c, 0xf7, 0x5b, 0xf7, 0x5c, 0xf7, 0x3c, 0xf7, 0x3b, 0xf7, 0x5b, 0xf7,
    0x3c, 0xf7, 0x3c, 0xf7, 0x5b, 0xf7, 0x3c, 0xf7, 0x5b, 0xf7, 0x3c, 0xf7,
    0x3c, 0xf7, 0x3c, 0xf7, 0x3b, 0xf7, 0x3c, 0xf7, 0x3c, 0xf7, 0x5b, 0xf7,
    0x3c, 0xf7, 0x5c, 0xef, 0x5b, 0xf7, 0x3c, 0xf7, 0x3c, 0xf7, 0x5c, 0xf7,
    0x5c, 0xf7, 0x5c, 0xff, 0x5c, 0xf7, 0x7d, 0xf7, 0x7c, 0xf7, 0x7c, 0xff,
    0x7d, 0xf7, 0x7d, 0xff, 0x7d, 0xff, 0x9c, 0xff, 0x7d, 0xf7, 0x7d, 0xff,
    0x7d, 0xf7, 0x9d, 0xff, 0x7d, 0xf7, 0x9d, 0xf7, 0x9e, 0xff, 0x9e, 0xff,
    0x9e, 0xf7, 0x9e, 0xff, 0xbe, 0xff, 0xbe, 0xff, 0xde, 0xff, 0xbf, 0xff,
    0xbe, 0xff, 0xdf, 0xff, 0xbf, 0xff, 0xdf, 0xff, 0xdf, 0xff, 0xbf, 0xff,
    0xbe, 0xff, 0xbe, 0xff, 0xdf, 0xff, 0xdf, 0xff, 0xde, 0xff, 0xbe, 0xff,
    0xbe, 0xff, 0xbe, 0xf7, 0xbf, 0xff, 0xde, 0xff, 0xbe, 0xff, 0xde, 0xff,
    0xbf, 0xff, 0xde, 0xff, 0xbe, 0xff, 0x9e, 0xff, 0xbe, 0xf7, 0xbe, 0xff,
    0x5e, 0xf7, 0xbe, 0xff, 0xbe, 0xff, 0x9e, 0xf7, 0x7d, 0xf7, 0x7d, 0xf7,
    0x5d, 0xf7, 0x5c, 0xf7, 0x5c, 0xf7, 0x3c, 0xef, 0x7a, 0xce, 0xd4, 0xa4,
    0x0f, 0x8c, 0x6c, 0x83, 0x11, 0xc5, 0xcf, 0xbc, 0x6f, 0xbc, 0xcd, 0x93,
    0xed, 0xa3, 0x6e, 0xb4, 0xf5, 0xd5, 0x90, 0xb4, 0xcd, 0x9b, 0x90, 0xbc,
    0xd0, 0xbc, 0xf1, 0xc4, 0xf1, 0xbc, 0xb4, 0xdd, 0x74, 0xd5, 0xd5, 0xdd,
    0x33, 0xcd, 0x13, 0xcd, 0x74, 0xd5, 0x54, 0xd5, 0xb4, 0xdd, 0x74, 0xdd,
    0x95, 0xdd, 0x77, 0xee, 0xf6, 0xe5, 0xf6, 0xe5, 0xd6, 0xe5, 0xf7, 0xed,
    0x53, 0xe5, 0xd6, 0xed, 0x94, 0xf5, 0xb0, 0xec, 0x90, 0xec, 0xb1, 0xec,
    0x94, 0xf5, 0xb5, 0xf5, 0x73, 0xfd, 0x93, 0xf5, 0x94, 0xfd, 0x73, 0xfd,
    0x72, 0xfd, 0x93, 0xfd, 0xb4, 0xfd, 0xb4, 0xfd, 0x52, 0xf5, 0x53, 0xed,
    0x74, 0xed, 0x53, 0xe5, 0xd2, 0xdc, 0x91, 0xdc, 0xb1, 0xe4, 0xb1, 0xe4,
    0xb1, 0xec, 0xd1, 0xf4, 0xd1, 0xfc, 0x91, 0xfc, 0xb0, 0xfc, 0x73, 0xfd,
    0x36, 0xfe, 0xf6, 0xfd, 0x37, 0xfe, 0xd8, 0xfe, 0x9c, 0xff, 0xff, 0xff,
    0xbf, 0xff, 0x9e, 0xf7, 0xdf, 0xff, 0xff, 0xff, 0xff, 0xff, 0xff, 0xff,
    0xff, 0xff, 0xff, 0xff, 0xff, 0xff, 0xff, 0xff, 0xff, 0xff, 0xff, 0xff,
    0xff, 0xff, 0xff, 0xff, 0xff, 0xff, 0xff, 0xff, 0xff, 0xff, 0xff, 0xff,
    0xff, 0xff, 0xff, 0xff, 0xff, 0xff, 0xff, 0xff, 0xff, 0xff, 0xff, 0xff,
    0xff, 0xff, 0xff, 0xff, 0xff, 0xff, 0xff, 0xff, 0xff, 0xff, 0xff, 0xff,
    0xff, 0xff, 0xff, 0xff, 0xff, 0xff, 0xff, 0xff, 0xff, 0xff, 0xff, 0xff,
    0xff, 0xff, 0xff, 0xff, 0xff, 0xff, 0xff, 0xff, 0xff, 0xff, 0xff, 0xff,
    0xff, 0xff, 0xff, 0xff, 0xff, 0xff, 0xff, 0xff, 0xff, 0xff, 0xff, 0xff,
    0xff, 0xff, 0xff, 0xff, 0xff, 0xff, 0xff, 0xff, 0xff, 0xff, 0xff, 0xff,
    0xff, 0xff, 0xff, 0xff, 0xff, 0xff, 0xff, 0xff, 0xff, 0xff, 0xff, 0xff,
    0xdf, 0xff, 0xdf, 0xff, 0xbe, 0xff, 0xbf, 0xf7, 0x9e, 0xf7, 0x7e, 0xf7,
    0x7e, 0xf7, 0x7d, 0xf7, 0x5d, 0xf7, 0x5d, 0xef, 0x5d, 0xef, 0x5c, 0xf7,
    0x5d, 0xef, 0x5d, 0xf7, 0x7d, 0xf7, 0x7d, 0xf7, 0x7d, 0xf7, 0x9e, 0xf7,
    0x9e, 0xff, 0xbf, 0xf7, 0xbf, 0xff, 0xdf, 0xff, 0xdf, 0xff, 0xdf, 0xff,
    0xdf, 0xff, 0xff, 0xff, 0xff, 0xff, 0xff, 0xff, 0xff, 0xff, 0xff, 0xff,
    0xff, 0xff, 0xff, 0xff, 0xff, 0xff, 0xff, 0xff, 0xff, 0xff, 0xff, 0xff,
    0xff, 0xff, 0xff, 0xff, 0xff, 0xff, 0xff, 0xff, 0xff, 0xff, 0xdf, 0xff,
    0xb6, 0xc5, 0xb6, 0xc5, 0xb6, 0xc5, 0xb6, 0xc5, 0xd6, 0xcd, 0xf7, 0xcd,
    0xf7, 0xcd, 0xf7, 0xcd, 0xf7, 0xd5, 0x17, 0xce, 0x17, 0xd6, 0x17, 0xd6,
    0x18, 0xce, 0x38, 0xd6, 0x17, 0xd6, 0x37, 0xd6, 0x38, 0xce, 0x38, 0xd6,
    0x38, 0xd6, 0x37, 0xd6, 0x38, 0xd6, 0x37, 0xd6, 0x37, 0xd6, 0x17, 0xd6,
    0x17, 0xce, 0x17, 0xd6, 0x37, 0xce, 0x17, 0xd6, 0x17, 0xce, 0x17, 0xce,
    0xf7, 0xcd, 0x17, 0xce, 0x17, 0xce, 0x17, 0xd6, 0x17, 0xce, 0x17, 0xce,
    0xf7, 0xcd, 0xf7, 0xd5, 0x17, 0xd6, 0x18, 0xd6, 0x18, 0xd6, 0x17, 0xd6,
    0x57, 0xd6, 0x38, 0xd6, 0x58, 0xd6, 0x58, 0xde, 0x58, 0xde, 0x58, 0xde,
    0x79, 0xde, 0x79, 0xde, 0x99, 0xde, 0x99, 0xe6, 0x99, 0xde, 0xba, 0xe6,
    0xba, 0xe6, 0xba, 0xee, 0xfa, 0xe6, 0xfb, 0xee, 0x1b, 0xef, 0xfb, 0xf6,
    0xfb, 0xee, 0x1b, 0xef, 0x3b, 0xf7, 0x3c, 0xef, 0x3c, 0xf7, 0x3b, 0xf7,
    0x3b, 0xf7, 0x3c, 0xf7, 0x3b, 0xf7, 0x5c, 0xef, 0x3b, 0xf7, 0x3c, 0xf7,
    0x3c, 0xf7, 0x3c, 0xf7, 0x3c, 0xf7, 0x3b, 0xf7, 0x5b, 0xf7, 0x3c, 0xf7,
    0x3b, 0xf7, 0x3c, 0xef, 0x5c, 0xef, 0x3b, 0xf7, 0x3c, 0xf7, 0x3b, 0xef,
    0x3c, 0xf7, 0x3b, 0xf7, 0x3c, 0xef, 0x3c, 0xf7, 0x3c, 0xf7, 0x5c, 0xf7,
    0x5c, 0xf7, 0x5c, 0xf7, 0x5c, 0xf7, 0x5d, 0xf7, 0x7c, 0xf7, 0x7d, 0xff,
    0x5d, 0xf7, 0x7d, 0xff, 0x9d, 0xf7, 0x7c, 0xf7, 0x7d, 0xf7, 0x7d, 0xf7,
    0x9d, 0xf7, 0x9d, 0xf7, 0x7d, 0xf7, 0x9d, 0xff, 0x9d, 0xff, 0x9d, 0xff,
    0x9e, 0xff, 0xbe, 0xf7, 0xbd, 0xff, 0x9e, 0xf7, 0x9e, 0xff, 0xde, 0xff,
    0xbe, 0xff, 0xdf, 0xff, 0xde, 0xff, 0xdf, 0xff, 0xbe, 0xff, 0xdf, 0xff,
    0xdf, 0xff, 0xbe, 0xff, 0x9e, 0xff, 0xde, 0xff, 0xdf, 0xff, 0xdf, 0xff,
    0xdf, 0xff, 0xbe, 0xff, 0xbe, 0xff, 0xbe, 0xff, 0xdf, 0xff, 0xbe, 0xff,
    0x9f, 0xf7, 0xbe, 0xff, 0xdf, 0xff, 0x7e, 0xf7, 0x9e, 0xf7, 0x9e, 0xf7,
    0x7d, 0xf7, 0x7d, 0xf7, 0x9d, 0xff, 0x9f, 0xf7, 0x5d, 0xf7, 0x3c, 0xef,
    0x7d, 0xf7, 0xba, 0xde, 0x3c, 0xe7, 0xba, 0xde, 0x18, 0xce, 0xf4, 0xac,
    0xae, 0x83, 0x0c, 0x6b, 0x4e, 0xa4, 0x11, 0xc5, 0xd0, 0xbc, 0x4f, 0xb4,
    0xac, 0x93, 0xcd, 0xa3, 0x6e, 0xb4, 0x16, 0xde, 0xcd, 0x9b, 0x2e, 0xac,
    0xd0, 0xbc, 0x11, 0xc5, 0xb0, 0xbc, 0x33, 0xcd, 0xb4, 0xd5, 0x33, 0xcd,
    0xb4, 0xd5, 0xd1, 0xc4, 0x33, 0xd5, 0x53, 0xd5, 0xb5, 0xd5, 0x74, 0xd5,
    0xf2, 0xd4, 0x16, 0xee, 0x16, 0xe6, 0xb5, 0xdd, 0xd5, 0xe5, 0xf6, 0xe5,
    0x53, 0xe5, 0xb5, 0xed, 0xd4, 0xf5, 0x90, 0xe4, 0x50, 0xe4, 0x90, 0xec,
    0x94, 0xf5, 0xd5, 0xf5, 0x52, 0xf5, 0x73, 0xf5, 0x74, 0xfd, 0x52, 0xfd,
    0x73, 0xfd, 0xb4, 0xfd, 0xd5, 0xf5, 0xd4, 0xfd, 0xb4, 0xfd, 0x94, 0xf5,
    0x32, 0xed, 0xb1, 0xdc, 0x50, 0xdc, 0x70, 0xdc, 0x91, 0xe4, 0xb1, 0xe4,
    0x91, 0xe4, 0xb1, 0xec, 0xb1, 0xf4, 0xb0, 0xf4, 0x90, 0xfc, 0xb1, 0xfc,
    0x94, 0xfd, 0x57, 0xfe, 0x16, 0xfe, 0x77, 0xfe, 0xb8, 0xfe, 0x5b, 0xff,
    0xff, 0xff, 0xdf, 0xff, 0x9e, 0xf7, 0xdf, 0xff, 0xff, 0xff, 0xff, 0xff,
    0xff, 0xff, 0xff, 0xff, 0xff, 0xff, 0xff, 0xff, 0xff, 0xff, 0xff, 0xff,
    0xff, 0xff, 0xff, 0xff, 0xff, 0xff, 0xff, 0xff, 0xff, 0xff, 0xff, 0xff,
    0xff, 0xff, 0xff, 0xff, 0xff, 0xff, 0xff, 0xff, 0xff, 0xff, 0xff, 0xff,
    0xff, 0xff, 0xff, 0xff, 0xff, 0xff, 0xff, 0xff, 0xff, 0xff, 0xff, 0xff,
    0xff, 0xff, 0xff, 0xff, 0xff, 0xff, 0xff, 0xff, 0xff, 0xff, 0xff, 0xff,
    0xff, 0xff, 0xff, 0xff, 0xff, 0xff, 0xff, 0xff, 0xff, 0xff, 0xff, 0xff,
    0xff, 0xff, 0xff, 0xff, 0xff, 0xff, 0xff, 0xff, 0xff, 0xff, 0xff, 0xff,
    0xff, 0xff, 0xff, 0xff, 0xff, 0xff, 0xff, 0xff, 0xff, 0xff, 0xff, 0xff,
    0xff, 0xff, 0xff, 0xff, 0xff, 0xff, 0xff, 0xff, 0xff, 0xff, 0xff, 0xff,
    0xff, 0xff, 0xdf, 0xff, 0xdf, 0xff, 0xdf, 0xf7, 0xdf, 0xff, 0x9e, 0xff,
    0x9e, 0xf7, 0x9d, 0xf7, 0x7d, 0xf7, 0x5d, 0xf7, 0x7d, 0xef, 0x5d, 0xf7,
    0x3d, 0xef, 0x5d, 0xef, 0x5d, 0xef, 0x5d, 0xf7, 0x7e, 0xf7, 0x9e, 0xf7,
    0xbe, 0xf7, 0xbf, 0xff, 0xbf, 0xff, 0xdf, 0xff, 0xdf, 0xff, 0xdf, 0xff,
    0xff, 0xff, 0xff, 0xff, 0xff, 0xff, 0xff, 0xff, 0xff, 0xff, 0xff, 0xff,
    0xff, 0xff, 0xff, 0xff, 0xff, 0xff, 0xff, 0xff, 0xff, 0xff, 0xff, 0xff,
    0xff, 0xff, 0xff, 0xff, 0xff, 0xff, 0xff, 0xff, 0xff, 0xff, 0xff, 0xff,
    0xff, 0xff, 0x95, 0xc5, 0xb6, 0xc5, 0xb6, 0xc5, 0xd6, 0xcd, 0xd6, 0xcd,
    0xd6, 0xcd, 0xf6, 0xcd, 0xf7, 0xcd, 0xf7, 0xcd, 0x17, 0xce, 0x17, 0xd6,
    0x17, 0xce, 0x17, 0xd6, 0x38, 0xd6, 0x37, 0xd6, 0x38, 0xd6, 0x37, 0xd6,
    0x18, 0xd6, 0x37, 0xd6, 0x38, 0xd6, 0x37, 0xd6, 0x38, 0xd6, 0x18, 0xd6,
    0x17, 0xd6, 0x38, 0xce, 0x17, 0xd6, 0x17, 0xce, 0x18, 0xd6, 0x17, 0xce,
    0x17, 0xd6, 0xf7, 0xcd, 0x17, 0xce, 0xf7, 0xd5, 0xf7, 0xcd, 0xf7, 0xd5,
    0xf7, 0xd5, 0x17, 0xce, 0xf7, 0xcd, 0x17, 0xd6, 0x17, 0xd6, 0x37, 0xd6,
    0x38, 0xd6, 0x38, 0xd6, 0x57, 0xd6, 0x58, 0xd6, 0x58, 0xde, 0x58, 0xde,
    0x78, 0xde, 0x79, 0xde, 0x79, 0xde, 0x79, 0xe6, 0x99, 0xde, 0xb9, 0xe6,
    0xba, 0xe6, 0xb9, 0xe6, 0xda, 0xe6, 0xfa, 0xee, 0xda, 0xee, 0xfa, 0xee,
    0x1b, 0xef, 0x1b, 0xef, 0x1b, 0xef, 0x1b, 0xf7, 0x3b, 0xef, 0x3b, 0xf7,
    0x3b, 0xef, 0x3c, 0xf7, 0x3b, 0xf7, 0x3c, 0xef, 0x3c, 0xf7, 0x3b, 0xf7,
    0x3c, 0xf7, 0x3b, 0xf7, 0x5b, 0xf7, 0x3b, 0xef, 0x3c, 0xf7, 0x3c, 0xef,
    0x3c, 0xf7, 0x5b, 0xf7, 0x3c, 0xf7, 0x3b, 0xf7, 0x3c, 0xf7, 0x3b, 0xf7,
    0x5c, 0xf7, 0x3b, 0xf7, 0x3c, 0xf7, 0x3c, 0xef, 0x5c, 0xf7, 0x3c, 0xef,
    0x5c, 0xf7, 0x3c, 0xf7, 0x5c, 0xf7, 0x5c, 0xf7, 0x5c, 0xf7, 0x7c, 0xff,
    0x7d, 0xf7, 0x7d, 0xf7, 0x7d, 0xf7, 0x7c, 0xff, 0x7d, 0xf7, 0x7d, 0xff,
    0x7d, 0xf7, 0x7d, 0xff, 0x7d, 0xff, 0x7d, 0xf7, 0x9e, 0xf7, 0x9e, 0xff,
    0x9d, 0xf7, 0x9e, 0xff, 0x9d, 0xff, 0xbd, 0xff, 0x9e, 0xff, 0x9e, 0xff,
    0xbe, 0xff, 0xbe, 0xff, 0xbe, 0xff, 0xdf, 0xff, 0xbf, 0xff, 0xde, 0xff,
    0xdf, 0xff, 0xde, 0xff, 0xbe, 0xff, 0xbe, 0xf7, 0xbe, 0xff, 0xdf, 0xff,
    0xdf, 0xff, 0xdf, 0xff, 0xbe, 0xff, 0xbe, 0xff, 0xbe, 0xff, 0xbf, 0xff,
    0x9e, 0xff, 0x9d, 0xff, 0xbe, 0xff, 0xdf, 0xff, 0x9e, 0xf7, 0x7d, 0xf7,
    0x9e, 0xff, 0x5e, 0xef, 0x7d, 0xef, 0x1c, 0xef, 0x7d, 0xf7, 0xfb, 0xe6,
    0xdb, 0xde, 0xfd, 0xe6, 0xf7, 0xcd, 0x99, 0xd6, 0x56, 0xb5, 0x51, 0x94,
    0xae, 0x83, 0x8c, 0x83, 0x2b, 0x73, 0x6c, 0x83, 0xf0, 0xc4, 0xaf, 0xbc,
    0x8f, 0xbc, 0xcc, 0x93, 0x0d, 0xac, 0x6f, 0xac, 0x36, 0xde, 0x0a, 0x83,
    0x6f, 0xb4, 0xd0, 0xbc, 0xb0, 0xbc, 0xd1, 0xc4, 0x73, 0xcd, 0x73, 0xd5,
    0xf1, 0xbc, 0xb4, 0xcd, 0xd1, 0xc4, 0x53, 0xd5, 0x94, 0xd5, 0x94, 0xd5,
    0xf2, 0xcc, 0x54, 0xd5, 0x57, 0xe6, 0xb5, 0xdd, 0xb5, 0xdd, 0x74, 0xdd,
    0xd5, 0xe5, 0x94, 0xe5, 0x16, 0xee, 0x90, 0xe4, 0x2f, 0xe4, 0xb2, 0xe4,
    0xb5, 0xed, 0xb4, 0xf5, 0x11, 0xf5, 0x53, 0xf5, 0x73, 0xf5, 0x31, 0xf5,
    0x94, 0xf5, 0xd4, 0xf5, 0xd4, 0xfd, 0xb3, 0xfd, 0x73, 0xf5, 0x52, 0xfd,
    0x11, 0xf5, 0x90, 0xe4, 0x2f, 0xdc, 0x4f, 0xdc, 0x6f, 0xdc, 0xb1, 0xdc,
    0xd2, 0xe4, 0xf2, 0xec, 0xd2, 0xec, 0xb1, 0xf4, 0x90, 0xf4, 0x90, 0xfc,
    0xd1, 0xfc, 0xd5, 0xfd, 0x36, 0xfe, 0x78, 0xfe, 0xb9, 0xfe, 0xb8, 0xfe,
    0x3b, 0xff, 0xff, 0xff, 0xdf, 0xff, 0xbe, 0xff, 0xdf, 0xff, 0xff, 0xff,
    0xff, 0xff, 0xff, 0xff, 0xff, 0xff, 0xff, 0xff, 0xff, 0xff, 0xff, 0xff,
    0xff, 0xff, 0xff, 0xff, 0xff, 0xff, 0xff, 0xff, 0xff, 0xff, 0xff, 0xff,
    0xff, 0xff, 0xff, 0xff, 0xff, 0xff, 0xff, 0xff, 0xff, 0xff, 0xff, 0xff,
    0xff, 0xff, 0xff, 0xff, 0xff, 0xff, 0xff, 0xff, 0xff, 0xff, 0xff, 0xff,
    0xff, 0xff, 0xff, 0xff, 0xff, 0xff, 0xff, 0xff, 0xff, 0xff, 0xff, 0xff,
    0xff, 0xff, 0xff, 0xff, 0xff, 0xff, 0xff, 0xff, 0xff, 0xff, 0xff, 0xff,
    0xff, 0xff, 0xff, 0xff, 0xff, 0xff, 0xff, 0xff, 0xff, 0xff, 0xff, 0xff,
    0xff, 0xff, 0xff, 0xff, 0xff, 0xff, 0xff, 0xff, 0xff, 0xff, 0xff, 0xff,
    0xff, 0xff, 0xff, 0xff, 0xff, 0xff, 0xff, 0xff, 0xff, 0xff, 0xff, 0xff,
    0xff, 0xff, 0xff, 0xff, 0xff, 0xff, 0xdf, 0xff, 0xdf, 0xf7, 0xdf, 0xff,
    0x9f, 0xff, 0x9e, 0xf7, 0x7e, 0xf7, 0x7e, 0xf7, 0x7e, 0xef, 0x7d, 0xf7,
    0x5d, 0xf7, 0x5d, 0xf7, 0x7d, 0xf7, 0x7d, 0xf7, 0x7e, 0xf7, 0x9e, 0xf7,
    0x9e, 0xf7, 0x9f, 0xf7, 0xbf, 0xff, 0xdf, 0xff, 0xdf, 0xff, 0xff, 0xff,
    0xff, 0xff, 0xff, 0xff, 0xff, 0xff, 0xff, 0xff, 0xff, 0xff, 0xff, 0xff,
    0xff, 0xff, 0xff, 0xff, 0xff, 0xff, 0xff, 0xff, 0xff, 0xff, 0xff, 0xff,
    0xff, 0xff, 0xff, 0xff, 0xff, 0xff, 0xff, 0xff, 0xff, 0xff, 0xff, 0xff,
    0xff, 0xff, 0xff, 0xff, 0xb6, 0xc5, 0xb6, 0xc5, 0xb6, 0xcd, 0xb6, 0xc5,
    0xd6, 0xc5, 0xd7, 0xc5, 0xd6, 0xcd, 0xf7, 0xcd, 0xf7, 0xd5, 0xf7, 0xd5,
    0x17, 0xce, 0x18, 0xce, 0x17, 0xd6, 0x17, 0xd6, 0x18, 0xce, 0x37, 0xd6,
    0x38, 0xd6, 0x37, 0xd6, 0x17, 0xd6, 0x17, 0xd6, 0x17, 0xd6, 0x37, 0xd6,
    0x37, 0xd6, 0x17, 0xce, 0x17, 0xd6, 0x17, 0xce, 0x17, 0xce, 0x17, 0xd6,
    0xf7, 0xd5, 0xf7, 0xcd, 0x17, 0xd6, 0x17, 0xce, 0xf7, 0xcd, 0x17, 0xce,
    0xf7, 0xcd, 0x17, 0xd6, 0xf7, 0xcd, 0x17, 0xce, 0x17, 0xce, 0xf7, 0xd5,
    0x17, 0xce, 0x37, 0xd6, 0x18, 0xd6, 0x38, 0xd6, 0x57, 0xde, 0x58, 0xd6,
    0x58, 0xd6, 0x78, 0xde, 0x59, 0xde, 0x79, 0xde, 0x99, 0xde, 0x99, 0xe6,
    0x99, 0xe6, 0xb9, 0xe6, 0xba, 0xe6, 0xda, 0xe6, 0xda, 0xe6, 0xda, 0xee,
    0xfa, 0xee, 0x1b, 0xef, 0x1b, 0xef, 0x1b, 0xef, 0x3b, 0xef, 0x3b, 0xf7,
    0x1c, 0xf7, 0x3b, 0xef, 0x3c, 0xf7, 0x3c, 0xf7, 0x5b, 0xf7, 0x5c, 0xef,
    0x3c, 0xef, 0x5b, 0xf7, 0x3c, 0xf7, 0x3b, 0xf7, 0x3c, 0xf7, 0x3b, 0xf7,
    0x5b, 0xf7, 0x3c, 0xef, 0x3c, 0xf7, 0x3b, 0xef, 0x3c, 0xef, 0x3b, 0xf7,
    0x3c, 0xf7, 0x3b, 0xf7, 0x3c, 0xef, 0x3c, 0xf7, 0x5c, 0xef, 0x3b, 0xf7,
    0x3c, 0xf7, 0x5b, 0xf7, 0x3c, 0xef, 0x5c, 0xf7, 0x5d, 0xf7, 0x7d, 0xf7,
    0x5d, 0xf7, 0x7c, 0xf7, 0x7d, 0xf7, 0x7d, 0xf7, 0x7d, 0xf7, 0x7d, 0xff,
    0x9d, 0xf7, 0x7d, 0xf7, 0x7d, 0xf7, 0x7d, 0xf7, 0x7d, 0xf7, 0x9d, 0xff,
    0x9d, 0xff, 0x9e, 0xf7, 0x9e, 0xff, 0x9e, 0xf7, 0xbe, 0xf7, 0x9e, 0xff,
    0x9e, 0xf7, 0xbe, 0xff, 0xbe, 0xff, 0xde, 0xff, 0xde, 0xff, 0xbf, 0xff,
    0xdf, 0xff, 0xbe, 0xff, 0xdf, 0xff, 0xbf, 0xff, 0x9e, 0xf7, 0x9e, 0xff,
    0xbf, 0xff, 0xde, 0xff, 0xdf, 0xff, 0xdf, 0xff, 0xbe, 0xff, 0x9f, 0xf7,
    0xbe, 0xff, 0xbe, 0xff, 0x9e, 0xf7, 0x5d, 0xf7, 0xbe, 0xf7, 0xbe, 0xff,
    0x3c, 0xef, 0x9d, 0xff, 0x5d, 0xef, 0x3c, 0xef, 0x9a, 0xde, 0x3c, 0xef,
    0x18, 0xce, 0x99, 0xd6, 0xb7, 0xcd, 0x34, 0xb5, 0x54, 0xb5, 0xef, 0x8b,
    0xeb, 0x6a, 0x69, 0x5a, 0x89, 0x5a, 0xac, 0x8b, 0xed, 0xa3, 0x4e, 0xb4,
    0x8f, 0xb4, 0x4e, 0xac, 0x0d, 0xa4, 0x2e, 0xac, 0x2e, 0xa4, 0x56, 0xe6,
    0xea, 0x7a, 0xb0, 0xb4, 0x4e, 0xac, 0xf1, 0xc4, 0xb0, 0xbc, 0x52, 0xcd,
    0x73, 0xd5, 0x90, 0xb4, 0x73, 0xcd, 0xf2, 0xc4, 0x53, 0xd5, 0xb5, 0xd5,
    0x53, 0xd5, 0x33, 0xd5, 0xf5, 0xe5, 0x16, 0xe6, 0x94, 0xdd, 0x33, 0xd5,
    0x53, 0xdd, 0x95, 0xdd, 0x36, 0xee, 0xf2, 0xe4, 0x2f, 0xdc, 0xf2, 0xe4,
    0xd5, 0xed, 0x73, 0xed, 0xd1, 0xec, 0x54, 0xed, 0x54, 0xed, 0x74, 0xf5,
    0xf5, 0xf5, 0xb5, 0xf5, 0x73, 0xfd, 0x52, 0xfd, 0x32, 0xfd, 0x11, 0xf5,
    0xf1, 0xf4, 0xb0, 0xec, 0x50, 0xdc, 0x90, 0xdc, 0xd2, 0xdc, 0xf2, 0xe4,
    0xf2, 0xe4, 0xb1, 0xe4, 0x90, 0xe4, 0x90, 0xe4, 0x90, 0xec, 0x90, 0xf4,
    0x70, 0xfc, 0xd1, 0xfc, 0xb5, 0xfd, 0x36, 0xfe, 0xd9, 0xfe, 0xfb, 0xfe,
    0xd9, 0xfe, 0x5c, 0xff, 0xff, 0xff, 0xdf, 0xff, 0xbf, 0xff, 0xdf, 0xff,
    0xff, 0xff, 0xff, 0xff, 0xff, 0xff, 0xff, 0xff, 0xff, 0xff, 0xff, 0xff,
    0xff, 0xff, 0xff, 0xff, 0xff, 0xff, 0xff, 0xff, 0xff, 0xff, 0xff, 0xff,
    0xff, 0xff, 0xff, 0xff, 0xff, 0xff, 0xff, 0xff, 0xff, 0xff, 0xff, 0xff,
    0xff, 0xff, 0xff, 0xff, 0xff, 0xff, 0xff, 0xff, 0xff, 0xff, 0xff, 0xff,
    0xff, 0xff, 0xff, 0xff, 0xff, 0xff, 0xff, 0xff, 0xff, 0xff, 0xff, 0xff,
    0xff, 0xff, 0xff, 0xff, 0xff, 0xff, 0xff, 0xff, 0xff, 0xff, 0xff, 0xff,
    0xff, 0xff, 0xff, 0xff, 0xff, 0xff, 0xff, 0xff, 0xff, 0xff, 0xff, 0xff,
    0xff, 0xff, 0xff, 0xff, 0xff, 0xff, 0xff, 0xff, 0xff, 0xff, 0xff, 0xff,
    0xff, 0xff, 0xff, 0xff, 0xff, 0xff, 0xff, 0xff, 0xff, 0xff, 0xff, 0xff,
    0xff, 0xff, 0xff, 0xff, 0xff, 0xff, 0xff, 0xff, 0xdf, 0xff, 0xdf, 0xff,
    0xdf, 0xff, 0xbf, 0xff, 0xbe, 0xf7, 0x9e, 0xf7, 0x7d, 0xf7, 0x7d, 0xf7,
    0x7d, 0xf7, 0x7d, 0xef, 0x7d, 0xf7, 0x7d, 0xf7, 0x7e, 0xf7, 0x9e, 0xf7,
    0x9e, 0xf7, 0xbe, 0xff, 0xde, 0xff, 0xdf, 0xff, 0xff, 0xff, 0xdf, 0xff,
    0xff, 0xff, 0xff, 0xff, 0xff, 0xff, 0xff, 0xff, 0xff, 0xff, 0xff, 0xff,
    0xff, 0xff, 0xff, 0xff, 0xff, 0xff, 0xff, 0xff, 0xff, 0xff, 0xff, 0xff,
    0xff, 0xff, 0xff, 0xff, 0xff, 0xff, 0xff, 0xff, 0xff, 0xff, 0xff, 0xff,
    0xff, 0xff, 0xff, 0xff, 0xff, 0xff, 0x96, 0xc5, 0x96, 0xc5, 0xb6, 0xc5,
    0xb6, 0xc5, 0xd6, 0xc5, 0xd6, 0xcd, 0xd6, 0xcd, 0xf7, 0xcd, 0xf7, 0xcd,
    0xf7, 0xcd, 0x17, 0xce, 0x17, 0xce, 0x17, 0xd6, 0x17, 0xd6, 0x17, 0xce,
    0x17, 0xd6, 0x17, 0xd6, 0x38, 0xd6, 0x37, 0xd6, 0x17, 0xd6, 0x18, 0xd6,
    0x17, 0xd6, 0x17, 0xce, 0x17, 0xd6, 0x18, 0xd6, 0xf7, 0xcd, 0x17, 0xd6,
    0x17, 0xce, 0xf7, 0xcd, 0x17, 0xce, 0x17, 0xce, 0xf7, 0xd5, 0xf7, 0xcd,
    0x16, 0xce, 0xf7, 0xcd, 0xf7, 0xcd, 0xf6, 0xd5, 0x16, 0xce, 0x17, 0xce,
    0xf7, 0xd5, 0xf7, 0xd5, 0x37, 0xd6, 0x37, 0xd6, 0x38, 0xd6, 0x38, 0xd6,
    0x38, 0xd6, 0x59, 0xde, 0x58, 0xde, 0x78, 0xde, 0x78, 0xde, 0x98, 0xde,
    0x99, 0xde, 0x99, 0xe6, 0xb9, 0xe6, 0xd9, 0xe6, 0xda, 0xe6, 0xda, 0xee,
    0xfa, 0xe6, 0xfb, 0xee, 0xfb, 0xee, 0xfb, 0xee, 0x1b, 0xf7, 0x1b, 0xf7,
    0x3b, 0xef, 0x3b, 0xf7, 0x3b, 0xef, 0x3c, 0xf7, 0x3b, 0xf7, 0x3c, 0xef,
    0x3b, 0xf7, 0x3b, 0xf7, 0x3c, 0xf7, 0x3c, 0xf7, 0x3c, 0xef, 0x5c, 0xef,
    0x5c, 0xef, 0x3b, 0xf7, 0x3c, 0xf7, 0x3b, 0xf7, 0x3b, 0xef, 0x3c, 0xf7,
    0x3b, 0xf7, 0x5c, 0xef, 0x5c, 0xf7, 0x3b, 0xef, 0x3b, 0xf7, 0x3b, 0xf7,
    0x3c, 0xf7, 0x5c, 0xf7, 0x3b, 0xf7, 0x3c, 0xef, 0x5c, 0xf7, 0x7c, 0xf7,
    0x5c, 0xf7, 0x7c, 0xf7, 0x7d, 0xf7, 0x7c, 0xff, 0x7d, 0xff, 0x7d, 0xff,
    0x7c, 0xf7, 0x7d, 0xf7, 0x7d, 0xff, 0x7d, 0xff, 0x7d, 0xf7, 0x7d, 0xf7,
    0x9e, 0xff, 0x9d, 0xff, 0x7d, 0xff, 0xbd, 0xff, 0x9e, 0xff, 0x9d, 0xff,
    0x9d, 0xf7, 0x9d, 0xf7, 0xbe, 0xff, 0xbe, 0xff, 0xbe, 0xff, 0xbe, 0xff,
    0xbf, 0xff, 0xbe, 0xff, 0xbf, 0xff, 0xdf, 0xff, 0xde, 0xff, 0x9e, 0xf7,
    0x9e, 0xf7, 0x9e, 0xff, 0xde, 0xff, 0xbe, 0xff, 0xdf, 0xff, 0xbf, 0xff,
    0x9d, 0xf7, 0x5d, 0xf7, 0xbe, 0xf7, 0x9e, 0xf7, 0x1c, 0xe7, 0x5d, 0xef,
    0xbe, 0xff, 0xfb, 0xe6, 0x3c, 0xef, 0x3c, 0xf7, 0xbb, 0xe6, 0x39, 0xd6,
    0x58, 0xde, 0x96, 0xb5, 0x39, 0xce, 0xb2, 0xa4, 0x70, 0xa4, 0xce, 0x83,
    0xea, 0x6a, 0x69, 0x5a, 0xa9, 0x62, 0x89, 0x5a, 0xa9, 0x6a, 0x6e, 0xb4,
    0x6f, 0xac, 0x8f, 0xb4, 0xed, 0x9b, 0xed, 0xa3, 0x0d, 0xa4, 0x0e, 0xa4,
    0x16, 0xe6, 0x4b, 0x83, 0x90, 0xbc, 0x90, 0xbc, 0x52, 0xcd, 0x6f, 0xb4,
    0x73, 0xcd, 0x52, 0xcd, 0xb1, 0xbc, 0x94, 0xd5, 0xf2, 0xc4, 0x33, 0xcd,
    0xb5, 0xdd, 0x54, 0xd5, 0x94, 0xd5, 0xf5, 0xdd, 0x94, 0xdd, 0x53, 0xd5,
    0xb1, 0xcc, 0x74, 0xdd, 0x16, 0xe6, 0xd5, 0xed, 0x4f, 0xdc, 0xf3, 0xe4,
    0x95, 0xed, 0x53, 0xed, 0x32, 0xed, 0xb5, 0xed, 0xf6, 0xed, 0xd5, 0xed,
    0xb4, 0xf5, 0x52, 0xf5, 0x13, 0xf5, 0x52, 0xfd, 0x32, 0xf5, 0x12, 0xf5,
    0xf1, 0xf4, 0x32, 0xf5, 0x33, 0xed, 0xf2, 0xe4, 0xd2, 0xe4, 0x70, 0xdc,
    0x50, 0xdc, 0x4f, 0xdc, 0x2f, 0xdc, 0x6f, 0xe4, 0x90, 0xec, 0x90, 0xec,
    0xb0, 0xf4, 0x90, 0xf4, 0x12, 0xfd, 0xd5, 0xfd, 0x37, 0xfe, 0x1a, 0xff,
    0x1b, 0xff, 0xfa, 0xfe, 0x7c, 0xff, 0xde, 0xff, 0xff, 0xff, 0xbf, 0xff,
    0xdf, 0xff, 0xdf, 0xff, 0xff, 0xff, 0xff, 0xff, 0xff, 0xff, 0xff, 0xff,
    0xff, 0xff, 0xff, 0xff, 0xff, 0xff, 0xff, 0xff, 0xff, 0xff, 0xff, 0xff,
    0xff, 0xff, 0xff, 0xff, 0xff, 0xff, 0xff, 0xff, 0xff, 0xff, 0xff, 0xff,
    0xff, 0xff, 0xff, 0xff, 0xff, 0xff, 0xff, 0xff, 0xff, 0xff, 0xff, 0xff,
    0xff, 0xff, 0xff, 0xff, 0xff, 0xff, 0xff, 0xff, 0xff, 0xff, 0xff, 0xff,
    0xff, 0xff, 0xff, 0xff, 0xff, 0xff, 0xff, 0xff, 0xff, 0xff, 0xff, 0xff,
    0xff, 0xff, 0xff, 0xff, 0xff, 0xff, 0xff, 0xff, 0xff, 0xff, 0xff, 0xff,
    0xff, 0xff, 0xff, 0xff, 0xff, 0xff, 0xff, 0xff, 0xff, 0xff, 0xff, 0xff,
    0xff, 0xff, 0xff, 0xff, 0xff, 0xff, 0xff, 0xff, 0xff, 0xff, 0xff, 0xff,
    0xff, 0xff, 0xff, 0xff, 0xff, 0xff, 0xff, 0xff, 0xff, 0xff, 0xff, 0xff,
    0xdf, 0xff, 0xdf, 0xff, 0xdf, 0xff, 0x9e, 0xff, 0xbe, 0xf7, 0x9e, 0xf7,
    0x7d, 0xf7, 0x7e, 0xf7, 0x7d, 0xf7, 0x7e, 0xf7, 0x7e, 0xef, 0x9e, 0xf7,
    0x9e, 0xf7, 0xbe, 0xff, 0xbf, 0xff, 0xdf, 0xff, 0xdf, 0xff, 0xff, 0xff,
    0xff, 0xff, 0xff, 0xff, 0xff, 0xff, 0xff, 0xff, 0xff, 0xff, 0xff, 0xff,
    0xff, 0xff, 0xff, 0xff, 0xff, 0xff, 0xff, 0xff, 0xff, 0xff, 0xff, 0xff,
    0xff, 0xff, 0xff, 0xff, 0xff, 0xff, 0xff, 0xff, 0xff, 0xff, 0xff, 0xff,
    0xff, 0xff, 0xff, 0xff, 0xff, 0xff, 0xff, 0xff, 0x95, 0xbd, 0xb6, 0xc5,
    0x95, 0xc5, 0xd6, 0xc5, 0xb6, 0xc5, 0xd6, 0xcd, 0xd6, 0xcd, 0xf7, 0xc5,
    0xf7, 0xcd, 0xf6, 0xcd, 0xf7, 0xcd, 0x17, 0xce, 0x17, 0xce, 0x17, 0xd6,
    0x18, 0xce, 0x38, 0xd6, 0x17, 0xce, 0x17, 0xd6, 0x17, 0xd6, 0x18, 0xd6,
    0x17, 0xce, 0x38, 0xce, 0x18, 0xce, 0x17, 0xd6, 0x17, 0xce, 0x17, 0xce,
    0xf7, 0xd5, 0x17, 0xce, 0xf7, 0xcd, 0xf7, 0xcd, 0x16, 0xce, 0xf7, 0xcd,
    0xf7, 0xcd, 0xf7, 0xcd, 0x16, 0xce, 0xf7, 0xcd, 0xf7, 0xcd, 0xf7, 0xcd,
    0x17, 0xd6, 0x17, 0xce, 0x17, 0xce, 0x18, 0xd6, 0x37, 0xd6, 0x37, 0xde,
    0x38, 0xd6, 0x58, 0xd6, 0x78, 0xde, 0x58, 0xde, 0x78, 0xde, 0x79, 0xde,
    0x79, 0xe6, 0x79, 0xde, 0x99, 0xde, 0xb9, 0xe6, 0xba, 0xe6, 0xba, 0xe6,
    0xda, 0xe6, 0xda, 0xee, 0xfb, 0xee, 0xfb, 0xee, 0x1b, 0xef, 0x1b, 0xef,
    0x1b, 0xef, 0x1b, 0xf7, 0x1c, 0xef, 0x3b, 0xef, 0x3c, 0xf7, 0x3b, 0xef,
    0x3c, 0xf7, 0x3b, 0xf7, 0x3c, 0xf7, 0x5b, 0xf7, 0x3c, 0xef, 0x3b, 0xf7,
    0x3c, 0xf7, 0x3b, 0xef, 0x3b, 0xf7, 0x3c, 0xef, 0x5c, 0xf7, 0x3b, 0xf7,
    0x3c, 0xf7, 0x3c, 0xef, 0x3b, 0xf7, 0x3c, 0xf7, 0x3c, 0xf7, 0x3b, 0xef,
    0x3b, 0xf7, 0x5c, 0xf7, 0x5c, 0xef, 0x5c, 0xf7, 0x3c, 0xf7, 0x5c, 0xef,
    0x5c, 0xf7, 0x5d, 0xf7, 0x5c, 0xf7, 0x7d, 0xf7, 0x7d, 0xf7, 0x7d, 0xff,
    0x7d, 0xf7, 0x7d, 0xf7, 0x7d, 0xf7, 0x9d, 0xff, 0x7d, 0xff, 0x9d, 0xff,
    0x7d, 0xf7, 0x9d, 0xff, 0x9e, 0xf7, 0x9e, 0xf7, 0x9d, 0xff, 0x9e, 0xff,
    0xbe, 0xff, 0x9e, 0xf7, 0x7d, 0xf7, 0xbe, 0xff, 0xbe, 0xff, 0xbe, 0xff,
    0xbe, 0xff, 0xdf, 0xff, 0xde, 0xff, 0xbe, 0xff, 0xbe, 0xff, 0xbe, 0xf7,
    0x7e, 0xf7, 0x7d, 0xf7, 0x7d, 0xf7, 0xbe, 0xff, 0xbe, 0xff, 0xbe, 0xff,
    0xdf, 0xff, 0xbe, 0xff, 0xfc, 0xe6, 0x9d, 0xf7, 0x9e, 0xff, 0x1b, 0xef,
    0xba, 0xde, 0x7e, 0xf7, 0xba, 0xde, 0xba, 0xde, 0xfb, 0xee, 0x18, 0xce,
    0x18, 0xce, 0x14, 0xb5, 0x38, 0xce, 0x19, 0xc6, 0xae, 0x83, 0xce, 0x93,
    0x0b, 0x73, 0x69, 0x5a, 0x48, 0x52, 0x69, 0x5a, 0x0a, 0x7b, 0xea, 0x72,
    0x2d, 0xa4, 0x8f, 0xbc, 0x6e, 0xac, 0x2e, 0xa4, 0xac, 0x93, 0x0d, 0xa4,
    0x4e, 0xac, 0xf5, 0xdd, 0xcc, 0x93, 0x6f, 0xb4, 0xb0, 0xbc, 0xf1, 0xc4,
    0x8f, 0xb4, 0x52, 0xcd, 0x32, 0xd5, 0xd1, 0xc4, 0x73, 0xd5, 0x13, 0xcd,
    0x93, 0xd5, 0x94, 0xd5, 0x34, 0xd5, 0xb4, 0xd5, 0x74, 0xd5, 0x53, 0xd5,
    0xd1, 0xcc, 0xd2, 0xcc, 0xd5, 0xe5, 0x36, 0xee, 0xf2, 0xe4, 0xb1, 0xdc,
    0x74, 0xe5, 0x73, 0xed, 0x73, 0xe5, 0xd5, 0xed, 0xf5, 0xed, 0x32, 0xed,
    0xb0, 0xec, 0x90, 0xec, 0xf1, 0xf4, 0x12, 0xf5, 0x11, 0xfd, 0xf0, 0xf4,
    0xf1, 0xf4, 0x94, 0xf5, 0x52, 0xf5, 0x70, 0xe4, 0x0f, 0xd4, 0xee, 0xd3,
    0xee, 0xd3, 0x2f, 0xdc, 0x4f, 0xdc, 0x70, 0xdc, 0x90, 0xe4, 0x70, 0xe4,
    0x70, 0xec, 0x70, 0xec, 0xb1, 0xf4, 0x94, 0xfd, 0xd5, 0xfd, 0x78, 0xfe,
    0x1b, 0xff, 0x3b, 0xff, 0x5c, 0xff, 0x9e, 0xff, 0xde, 0xff, 0xde, 0xff,
    0xdf, 0xff, 0xdf, 0xff, 0xdf, 0xff, 0xff, 0xff, 0xff, 0xff, 0xff, 0xff,
    0xff, 0xff, 0xff, 0xff, 0xff, 0xff, 0xff, 0xff, 0xff, 0xff, 0xff, 0xff,
    0xff, 0xff, 0xff, 0xff, 0xff, 0xff, 0xff, 0xff, 0xff, 0xff, 0xff, 0xff,
    0xff, 0xff, 0xff, 0xff, 0xff, 0xff, 0xff, 0xff, 0xff, 0xff, 0xff, 0xff,
    0xff, 0xff, 0xff, 0xff, 0xff, 0xff, 0xff, 0xff, 0xff, 0xff, 0xff, 0xff,
    0xff, 0xff, 0xff, 0xff, 0xff, 0xff, 0xff, 0xff, 0xff, 0xff, 0xff, 0xff,
    0xff, 0xff, 0xff, 0xff, 0xff, 0xff, 0xff, 0xff, 0xff, 0xff, 0xff, 0xff,
    0xff, 0xff, 0xff, 0xff, 0xff, 0xff, 0xff, 0xff, 0xff, 0xff, 0xff, 0xff,
    0xff, 0xff, 0xff, 0xff, 0xff, 0xff, 0xff, 0xff, 0xff, 0xff, 0xff, 0xff,
    0xff, 0xff, 0xff, 0xff, 0xff, 0xff, 0xff, 0xff, 0xff, 0xff, 0xff, 0xff,
    0xff, 0xff, 0xff, 0xff, 0xdf, 0xff, 0xbf, 0xff, 0xbf, 0xf7, 0x9e, 0xff,
    0x9e, 0xf7, 0x7e, 0xf7, 0x9e, 0xf7, 0x7d, 0xf7, 0x7e, 0xf7, 0x7e, 0xf7,
    0x9e, 0xf7, 0x9e, 0xff, 0xbf, 0xf7, 0xdf, 0xf7, 0xdf, 0xff, 0xff, 0xff,
    0xff, 0xff, 0xff, 0xff, 0xff, 0xff, 0xff, 0xff, 0xff, 0xff, 0xff, 0xff,
    0xff, 0xff, 0xff, 0xff, 0xff, 0xff, 0xff, 0xff, 0xff, 0xff, 0xff, 0xff,
    0xff, 0xff, 0xff, 0xff, 0xff, 0xff, 0xff, 0xff, 0xff, 0xff, 0xff, 0xff,
    0xff, 0xff, 0xff, 0xff, 0xff, 0xff, 0xff, 0xff, 0xff, 0xff, 0x96, 0xc5,
    0x95, 0xc5, 0xb5, 0xc5, 0xb6, 0xc5, 0xb6, 0xcd, 0xd6, 0xc5, 0xd6, 0xc5,
    0xf6, 0xcd, 0xf6, 0xcd, 0xf7, 0xcd, 0xf7, 0xcd, 0xf7, 0xd5, 0x17, 0xce,
    0x17, 0xd6, 0x17, 0xd6, 0x17, 0xce, 0x17, 0xce, 0x17, 0xce, 0x18, 0xce,
    0x18, 0xce, 0x17, 0xd6, 0x17, 0xd6, 0x17, 0xd6, 0x17, 0xce, 0xf7, 0xd5,
    0x17, 0xce, 0xf7, 0xd5, 0xf7, 0xcd, 0x17, 0xce, 0x17, 0xd6, 0xf6, 0xcd,
    0xf7, 0xcd, 0xf6, 0xcd, 0xf7, 0xcd, 0xf6, 0xd5, 0xf7, 0xcd, 0xf7, 0xd5,
    0xf7, 0xcd, 0x17, 0xd6, 0xf7, 0xd5, 0x17, 0xce, 0x17, 0xd6, 0x37, 0xd6,
    0x38, 0xd6, 0x38, 0xd6, 0x58, 0xd6, 0x58, 0xde, 0x58, 0xde, 0x58, 0xde,
    0x79, 0xd6, 0x99, 0xde, 0x99, 0xde, 0xb9, 0xe6, 0xb9, 0xde, 0xba, 0xe6,
    0xba, 0xe6, 0xda, 0xe6, 0xda, 0xe6, 0xda, 0xee, 0x1b, 0xef, 0x1a, 0xef,
    0x1b, 0xef, 0x1b, 0xef, 0x3b, 0xef, 0x3b, 0xef, 0x3b, 0xf7, 0x3b, 0xf7,
    0x3c, 0xf7, 0x3c, 0xf7, 0x3b, 0xef, 0x3c, 0xf7, 0x3c, 0xf7, 0x5b, 0xf7,
    0x3b, 0xef, 0x3c, 0xf7, 0x3c, 0xf7, 0x3b, 0xf7, 0x3b, 0xf7, 0x3b, 0xf7,
    0x3c, 0xf7, 0x5c, 0xf7, 0x3b, 0xf7, 0x5c, 0xef, 0x3c, 0xf7, 0x3b, 0xf7,
    0x3c, 0xef, 0x3c, 0xef, 0x5b, 0xf7, 0x3b, 0xf7, 0x5c, 0xf7, 0x3b, 0xf7,
    0x3c, 0xf7, 0x5c, 0xf7, 0x7c, 0xf7, 0x7c, 0xf7, 0x5d, 0xf7, 0x7c, 0xff,
    0x7d, 0xf7, 0x7d, 0xf7, 0x7d, 0xff, 0x7d, 0xf7, 0x7d, 0xf7, 0x7d, 0xff,
    0x9d, 0xf7, 0x9d, 0xf7, 0x7d, 0xf7, 0x9d, 0xff, 0x9d, 0xf7, 0x9e, 0xff,
    0x9d, 0xff, 0x9e, 0xff, 0x9d, 0xff, 0x7e, 0xf7, 0xbe, 0xff, 0xbe, 0xff,
    0x7e, 0xf7, 0xbe, 0xff, 0xbf, 0xff, 0xdf, 0xff, 0xbe, 0xff, 0x7e, 0xf7,
    0x7d, 0xf7, 0x5d, 0xf7, 0x7d, 0xf7, 0x3c, 0xef, 0x9d, 0xf7, 0x9d, 0xff,
    0x9e, 0xf7, 0xbe, 0xff, 0xdf, 0xff, 0xfb, 0xe6, 0x1d, 0xef, 0xbe, 0xff,
    0x3c, 0xe7, 0x59, 0xce, 0x3c, 0xe7, 0x79, 0xde, 0xd8, 0xc5, 0xda, 0xe6,
    0x76, 0xb5, 0xb6, 0xc5, 0x71, 0x9c, 0x17, 0xce, 0x58, 0xd6, 0xea, 0x6a,
    0x4c, 0x7b, 0xaa, 0x62, 0x68, 0x52, 0x08, 0x42, 0x07, 0x4a, 0xa9, 0x6a,
    0xed, 0xa3, 0xcc, 0x9b, 0x4e, 0xb4, 0x4e, 0xb4, 0x4e, 0xb4, 0x8c, 0x93,
    0xcc, 0x9b, 0xb0, 0xb4, 0x73, 0xcd, 0xac, 0x93, 0x4f, 0xac, 0xf0, 0xc4,
    0x4f, 0xac, 0xb0, 0xbc, 0x32, 0xc5, 0x53, 0xcd, 0x32, 0xc5, 0x12, 0xc5,
    0x53, 0xd5, 0xf5, 0xd5, 0x73, 0xd5, 0x74, 0xd5, 0x74, 0xd5, 0xd2, 0xcc,
    0x12, 0xcd, 0x90, 0xc4, 0x53, 0xdd, 0xf6, 0xe5, 0xd5, 0xe5, 0x91, 0xd4,
    0x33, 0xe5, 0x95, 0xe5, 0x74, 0xe5, 0x74, 0xe5, 0x94, 0xed, 0xd1, 0xe4,
    0xb0, 0xe4, 0x53, 0xed, 0x53, 0xed, 0xf1, 0xec, 0xd1, 0xf4, 0xb0, 0xf4,
    0xf1, 0xec, 0x94, 0xf5, 0x12, 0xed, 0x70, 0xe4, 0x2e, 0xdc, 0xee, 0xd3,
    0x0e, 0xd4, 0x70, 0xd4, 0xb1, 0xdc, 0x50, 0xdc, 0x90, 0xe4, 0x90, 0xe4,
    0x90, 0xe4, 0x70, 0xec, 0x50, 0xec, 0x12, 0xf5, 0xd5, 0xfd, 0x36, 0xfe,
    0x99, 0xfe, 0x5b, 0xff, 0x9d, 0xff, 0xde, 0xff, 0xbe, 0xff, 0x9d, 0xff,
    0x9d, 0xff, 0xff, 0xff, 0xdf, 0xff, 0xff, 0xff, 0xff, 0xff, 0xff, 0xff,
    0xff, 0xff, 0xff, 0xff, 0xff, 0xff, 0xff, 0xff, 0xff, 0xff, 0xff, 0xff,
    0xff, 0xff, 0xff, 0xff, 0xff, 0xff, 0xff, 0xff, 0xff, 0xff, 0xff, 0xff,
    0xff, 0xff, 0xff, 0xff, 0xff, 0xff, 0xff, 0xff, 0xff, 0xff, 0xff, 0xff,
    0xff, 0xff, 0xff, 0xff, 0xff, 0xff, 0xff, 0xff, 0xff, 0xff, 0xff, 0xff,
    0xff, 0xff, 0xff, 0xff, 0xff, 0xff, 0xff, 0xff, 0xff, 0xff, 0xff, 0xff,
    0xff, 0xff, 0xff, 0xff, 0xff, 0xff, 0xff, 0xff, 0xff, 0xff, 0xff, 0xff,
    0xff, 0xff, 0xff, 0xff, 0xff, 0xff, 0xff, 0xff, 0xff, 0xff, 0xff, 0xff,
    0xff, 0xff, 0xff, 0xff, 0xff, 0xff, 0xff, 0xff, 0xff, 0xff, 0xff, 0xff,
    0xff, 0xff, 0xff, 0xff, 0xff, 0xff, 0xff, 0xff, 0xff, 0xff, 0xff, 0xff,
    0xff, 0xff, 0xff, 0xff, 0xff, 0xff, 0xdf, 0xff, 0xdf, 0xff, 0xbe, 0xf7,
    0xbe, 0xf7, 0x9e, 0xf7, 0x9e, 0xf7, 0x7d, 0xf7, 0x9e, 0xf7, 0x9e, 0xf7,
    0x7e, 0xf7, 0x9e, 0xff, 0xbe, 0xff, 0xbf, 0xff, 0xdf, 0xff, 0xdf, 0xff,
    0xff, 0xff, 0xff, 0xff, 0xff, 0xff, 0xff, 0xff, 0xff, 0xff, 0xff, 0xff,
    0xff, 0xff, 0xff, 0xff, 0xff, 0xff, 0xff, 0xff, 0xff, 0xff, 0xff, 0xff,
    0xff, 0xff, 0xff, 0xff, 0xff, 0xff, 0xff, 0xff, 0xff, 0xff, 0xff, 0xff,
    0xff, 0xff, 0xff, 0xff, 0xff, 0xff, 0xff, 0xff, 0xff, 0xff, 0xff, 0xff,
    0x95, 0xc5, 0x96, 0xc5, 0xb6, 0xbd, 0x96, 0xc5, 0xb6, 0xc5, 0xb6, 0xcd,
    0xd6, 0xcd, 0xb6, 0xc5, 0xf7, 0xcd, 0xf7, 0xcd, 0xf7, 0xcd, 0xf7, 0xcd,
    0x17, 0xce, 0x17, 0xce, 0x17, 0xce, 0x17, 0xce, 0x18, 0xd6, 0x17, 0xd6,
    0x17, 0xd6, 0x17, 0xd6, 0x17, 0xce, 0x17, 0xce, 0x17, 0xce, 0x17, 0xce,
    0x17, 0xce, 0x17, 0xce, 0xf7, 0xcd, 0xf7, 0xcd, 0xf7, 0xcd, 0xf6, 0xcd,
    0xf6, 0xcd, 0xf7, 0xcd, 0xf6, 0xcd, 0xf6, 0xcd, 0xf7, 0xcd, 0xf7, 0xcd,
    0xf6, 0xcd, 0xf7, 0xcd, 0x17, 0xce, 0x17, 0xce, 0x17, 0xce, 0x17, 0xd6,
    0x17, 0xd6, 0x38, 0xd6, 0x38, 0xd6, 0x37, 0xd6, 0x58, 0xd6, 0x59, 0xde,
    0x78, 0xde, 0x78, 0xde, 0x78, 0xe6, 0x79, 0xde, 0x99, 0xe6, 0x99, 0xe6,
    0xb9, 0xe6, 0xda, 0xe6, 0xda, 0xe6, 0xda, 0xee, 0xfa, 0xee, 0xfa, 0xee,
    0xfb, 0xee, 0x1b, 0xef, 0x3b, 0xef, 0x1b, 0xf7, 0x3c, 0xf7, 0x3b, 0xf7,
    0x3b, 0xf7, 0x3b, 0xef, 0x3c, 0xf7, 0x3b, 0xf7, 0x3c, 0xf7, 0x3b, 0xf7,
    0x3c, 0xf7, 0x3b, 0xf7, 0x3c, 0xf7, 0x5b, 0xf7, 0x3c, 0xef, 0x3c, 0xef,
    0x3c, 0xef, 0x3b, 0xf7, 0x3c, 0xf7, 0x5c, 0xf7, 0x3c, 0xf7, 0x5b, 0xf7,
    0x5c, 0xf7, 0x3b, 0xf7, 0x3b, 0xf7, 0x3c, 0xf7, 0x3c, 0xef, 0x5c, 0xf7,
    0x3c, 0xf7, 0x3c, 0xf7, 0x5c, 0xf7, 0x5c, 0xf7, 0x5c, 0xf7, 0x7d, 0xff,
    0x7d, 0xf7, 0x7d, 0xf7, 0x7d, 0xff, 0x7d, 0xff, 0x7d, 0xf7, 0x7d, 0xf7,
    0x9d, 0xf7, 0x7e, 0xf7, 0x7d, 0xff, 0x7d, 0xf7, 0x9d, 0xff, 0x9e, 0xff,
    0x9d, 0xf7, 0x9d, 0xf7, 0x9e, 0xf7, 0x9d, 0xff, 0x7d, 0xf7, 0x9d, 0xf7,
    0xbe, 0xff, 0x7d, 0xf7, 0x7e, 0xf7, 0xbe, 0xff, 0xde, 0xff, 0x9e, 0xff,
    0x5d, 0xef, 0x5d, 0xf7, 0x5d, 0xef, 0x7d, 0xf7, 0xfc, 0xe6, 0x5d, 0xf7,
    0x7d, 0xf7, 0x5e, 0xf7, 0x9e, 0xf7, 0xde, 0xff, 0x3d, 0xef, 0x7a, 0xd6,
    0x9d, 0xf7, 0x3c, 0xef, 0xf8, 0xc5, 0x9a, 0xd6, 0x58, 0xd6, 0xf4, 0xa4,
    0x78, 0xde, 0xd3, 0xac, 0x33, 0xbd, 0x50, 0x94, 0x34, 0xb5, 0x7a, 0xde,
    0x89, 0x5a, 0x8d, 0x93, 0x89, 0x5a, 0x89, 0x62, 0xe7, 0x41, 0x48, 0x5a,
    0x68, 0x62, 0xcc, 0x9b, 0x2e, 0xac, 0xac, 0x9b, 0x2e, 0xac, 0xed, 0xa3,
    0xcc, 0x9b, 0xed, 0xa3, 0xf1, 0xbc, 0xd1, 0xbc, 0xac, 0x93, 0x2e, 0xa4,
    0xf1, 0xcc, 0x2e, 0xa4, 0x8f, 0xbc, 0x52, 0xcd, 0x73, 0xd5, 0x52, 0xcd,
    0x32, 0xcd, 0x93, 0xd5, 0xb4, 0xd5, 0x94, 0xdd, 0x53, 0xd5, 0x12, 0xcd,
    0xd1, 0xc4, 0xb1, 0xcc, 0x12, 0xcd, 0xb4, 0xdd, 0xf6, 0xe5, 0xf2, 0xdc,
    0xf2, 0xd4, 0xb4, 0xe5, 0x33, 0xe5, 0x33, 0xe5, 0xb5, 0xe5, 0x74, 0xe5,
    0x53, 0xed, 0x73, 0xe5, 0x33, 0xed, 0xd1, 0xe4, 0x94, 0xed, 0xf2, 0xf4,
    0xd1, 0xec, 0x73, 0xed, 0xd2, 0xec, 0xb0, 0xec, 0x70, 0xdc, 0x4f, 0xdc,
    0xd1, 0xdc, 0x12, 0xe5, 0x90, 0xdc, 0x2f, 0xd4, 0x70, 0xdc, 0x4f, 0xdc,
    0x4f, 0xdc, 0x70, 0xe4, 0xb0, 0xec, 0x90, 0xec, 0x53, 0xf5, 0x16, 0xf6,
    0x37, 0xfe, 0xd9, 0xfe, 0x5c, 0xff, 0xde, 0xff, 0xff, 0xff, 0xde, 0xff,
    0x3a, 0xff, 0x3b, 0xff, 0xde, 0xff, 0xff, 0xff, 0xdf, 0xff, 0xff, 0xff,
    0xff, 0xff, 0xff, 0xff, 0xff, 0xff, 0xff, 0xff, 0xff, 0xff, 0xff, 0xff,
    0xff, 0xff, 0xff, 0xff, 0xff, 0xff, 0xff, 0xff, 0xff, 0xff, 0xff, 0xff,
    0xff, 0xff, 0xff, 0xff, 0xff, 0xff, 0xff, 0xff, 0xff, 0xff, 0xff, 0xff,
    0xff, 0xff, 0xff, 0xff, 0xff, 0xff, 0xff, 0xff, 0xff, 0xff, 0xff, 0xff,
    0xff, 0xff, 0xff, 0xff, 0xff, 0xff, 0xff, 0xff, 0xff, 0xff, 0xff, 0xff,
    0xff, 0xff, 0xff, 0xff, 0xff, 0xff, 0xff, 0xff, 0xff, 0xff, 0xff, 0xff,
    0xff, 0xff, 0xff, 0xff, 0xff, 0xff, 0xff, 0xff, 0xff, 0xff, 0xff, 0xff,
    0xff, 0xff, 0xff, 0xff, 0xff, 0xff, 0xff, 0xff, 0xff, 0xff, 0xff, 0xff,
    0xff, 0xff, 0xff, 0xff, 0xff, 0xff, 0xff, 0xff, 0xff, 0xff, 0xff, 0xff,
    0xff, 0xff, 0xff, 0xff, 0xff, 0xff, 0xdf, 0xff, 0xff, 0xff, 0xdf, 0xff,
    0xbe, 0xff, 0xbf, 0xff, 0xbe, 0xff, 0x7e, 0xf7, 0x7e, 0xf7, 0x9e, 0xf7,
    0x9d, 0xf7, 0x7e, 0xf7, 0xbe, 0xf7, 0xbe, 0xf7, 0xdf, 0xff, 0xdf, 0xff,
    0xff, 0xff, 0xff, 0xff, 0xff, 0xff, 0xff, 0xff, 0xff, 0xff, 0xff, 0xff,
    0xff, 0xff, 0xff, 0xff, 0xff, 0xff, 0xff, 0xff, 0xff, 0xff, 0xff, 0xff,
    0xff, 0xff, 0xff, 0xff, 0xff, 0xff, 0xff, 0xff, 0xff, 0xff, 0xff, 0xff,
    0xff, 0xff, 0xff, 0xff, 0xff, 0xff, 0xff, 0xff, 0xff, 0xff, 0xff, 0xff,
    0xff, 0xff, 0x75, 0xbd, 0x95, 0xc5, 0x95, 0xc5, 0x96, 0xc5, 0xb5, 0xcd,
    0xd6, 0xc5, 0xd6, 0xc5, 0xd6, 0xcd, 0xd6, 0xcd, 0xf6, 0xcd, 0xf7, 0xcd,
    0xf7, 0xd5, 0xf7, 0xd5, 0xf7, 0xcd, 0x17, 0xd6, 0x17, 0xd6, 0xf8, 0xcd,
    0x17, 0xce, 0x17, 0xd6, 0x17, 0xce, 0x17, 0xce, 0x17, 0xd6, 0x17, 0xd6,
    0xf7, 0xcd, 0xf7, 0xd5, 0x17, 0xce, 0xf7, 0xcd, 0xf7, 0xcd, 0xf6, 0xd5,
    0xf7, 0xcd, 0xf6, 0xd5, 0xf7, 0xcd, 0xd7, 0xd5, 0xf7, 0xcd, 0xf6, 0xcd,
    0xf6, 0xcd, 0xf7, 0xcd, 0xf7, 0xcd, 0x16, 0xce, 0xf7, 0xcd, 0x17, 0xce,
    0x17, 0xd6, 0x38, 0xd6, 0x37, 0xce, 0x58, 0xd6, 0x38, 0xd6, 0x58, 0xd6,
    0x58, 0xde, 0x58, 0xde, 0x58, 0xde, 0x99, 0xde, 0x99, 0xde, 0x99, 0xe6,
    0x99, 0xe6, 0xb9, 0xe6, 0xb9, 0xe6, 0xba, 0xee, 0xda, 0xe6, 0xfa, 0xee,
    0xfb, 0xe6, 0xfb, 0xee, 0x1b, 0xef, 0x1b, 0xf7, 0x1b, 0xef, 0x1b, 0xef,
    0x3c, 0xf7, 0x1b, 0xf7, 0x3c, 0xef, 0x3b, 0xef, 0x3b, 0xf7, 0x3b, 0xef,
    0x3c, 0xef, 0x3b, 0xf7, 0x3c, 0xf7, 0x3b, 0xef, 0x3c, 0xf7, 0x3b, 0xf7,
    0x3c, 0xf7, 0x3c, 0xf7, 0x3b, 0xef, 0x3b, 0xf7, 0x3c, 0xf7, 0x5c, 0xf7,
    0x3c, 0xf7, 0x5c, 0xf7, 0x3c, 0xf7, 0x3b, 0xef, 0x3c, 0xef, 0x3b, 0xf7,
    0x5c, 0xf7, 0x3c, 0xf7, 0x3c, 0xf7, 0x5c, 0xef, 0x5c, 0xf7, 0x5d, 0xf7,
    0x7c, 0xf7, 0x7d, 0xf7, 0x7c, 0xff, 0x7d, 0xf7, 0x9d, 0xf7, 0x7d, 0xf7,
    0x7d, 0xf7, 0x7d, 0xff, 0x9d, 0xff, 0x7d, 0xf7, 0x7d, 0xf7, 0x9d, 0xff,
    0x9e, 0xf7, 0x9d, 0xff, 0x7d, 0xf7, 0x9d, 0xf7, 0x9e, 0xff, 0x7d, 0xf7,
    0x5d, 0xf7, 0x9e, 0xf7, 0x5c, 0xef, 0x5d, 0xf7, 0x9d, 0xff, 0xbe, 0xff,
    0x9e, 0xff, 0x5d, 0xef, 0x3c, 0xef, 0x1c, 0xef, 0x7d, 0xf7, 0xfb, 0xde,
    0xfc, 0xee, 0x3d, 0xef, 0x3d, 0xef, 0x5d, 0xef, 0x7d, 0xff, 0x7d, 0xef,
    0xf8, 0xc5, 0xfa, 0xee, 0x3c, 0xef, 0x55, 0xbd, 0x56, 0xbd, 0x95, 0xc5,
    0xf0, 0x8b, 0x94, 0xc5, 0xb2, 0xac, 0x70, 0xa4, 0x4f, 0x9c, 0xf3, 0xac,
    0x9a, 0xde, 0x48, 0x5a, 0x6f, 0xac, 0x89, 0x6a, 0xaa, 0x6a, 0xe7, 0x49,
    0xa9, 0x6a, 0x88, 0x6a, 0x2b, 0x83, 0x4e, 0xb4, 0xec, 0x9b, 0x0d, 0xa4,
    0x2d, 0xa4, 0xcc, 0x93, 0x0d, 0xa4, 0x74, 0xcd, 0x90, 0xb4, 0xed, 0xa3,
    0x4f, 0xac, 0x11, 0xc5, 0x0d, 0xa4, 0xb0, 0xbc, 0x73, 0xd5, 0x73, 0xd5,
    0x73, 0xd5, 0x32, 0xc5, 0x94, 0xd5, 0xf5, 0xdd, 0x94, 0xd5, 0x32, 0xcd,
    0xf2, 0xcc, 0xd1, 0xcc, 0xd1, 0xcc, 0x94, 0xdd, 0x94, 0xdd, 0x53, 0xdd,
    0x70, 0xd4, 0x53, 0xe5, 0x33, 0xdd, 0xb4, 0xe5, 0xf5, 0xed, 0x53, 0xe5,
    0x53, 0xe5, 0xf2, 0xe4, 0x12, 0xdd, 0xb1, 0xdc, 0xd2, 0xe4, 0x90, 0xe4,
    0xf1, 0xe4, 0x93, 0xed, 0x13, 0xed, 0x32, 0xed, 0xd1, 0xe4, 0x90, 0xdc,
    0xd2, 0xdc, 0xb1, 0xdc, 0xee, 0xd3, 0xee, 0xd3, 0x70, 0xd4, 0x2f, 0xd4,
    0x0e, 0xdc, 0x2f, 0xdc, 0x6f, 0xe4, 0x90, 0xe4, 0xb1, 0xe4, 0x74, 0xf5,
    0xf6, 0xfd, 0x57, 0xfe, 0xd9, 0xfe, 0x5c, 0xff, 0xbe, 0xff, 0xff, 0xff,
    0xff, 0xff, 0x1a, 0xff, 0xf9, 0xfe, 0xbd, 0xff, 0xff, 0xff, 0xdf, 0xff,
    0xff, 0xff, 0xff, 0xff, 0xff, 0xff, 0xff, 0xff, 0xff, 0xff, 0xff, 0xff,
    0xff, 0xff, 0xff, 0xff, 0xff, 0xff, 0xff, 0xff, 0xff, 0xff, 0xff, 0xff,
    0xff, 0xff, 0xff, 0xff, 0xff, 0xff, 0xff, 0xff, 0xff, 0xff, 0xff, 0xff,
    0xff, 0xff, 0xff, 0xff, 0xff, 0xff, 0xff, 0xff, 0xff, 0xff, 0xff, 0xff,
    0xff, 0xff, 0xff, 0xff, 0xff, 0xff, 0xff, 0xff, 0xff, 0xff, 0xff, 0xff,
    0xff, 0xff, 0xff, 0xff, 0xff, 0xff, 0xff, 0xff, 0xff, 0xff, 0xff, 0xff,
    0xff, 0xff, 0xff, 0xff, 0xff, 0xff, 0xff, 0xff, 0xff, 0xff, 0xff, 0xff,
    0xff, 0xff, 0xff, 0xff, 0xff, 0xff, 0xff, 0xff, 0xff, 0xff, 0xff, 0xff,
    0xff, 0xff, 0xff, 0xff, 0xff, 0xff, 0xff, 0xff, 0xff, 0xff, 0xff, 0xff,
    0xff, 0xff, 0xff, 0xff, 0xff, 0xff, 0xff, 0xff, 0xff, 0xff, 0xff, 0xff,
    0xdf, 0xff, 0xdf, 0xff, 0x9f, 0xf7, 0x9e, 0xff, 0x9e, 0xf7, 0x9e, 0xf7,
    0x9d, 0xf7, 0x9e, 0xf7, 0x9e, 0xff, 0x9e, 0xff, 0xde, 0xff, 0xdf, 0xff,
    0xdf, 0xff, 0xff, 0xff, 0xff, 0xff, 0xff, 0xff, 0xff, 0xff, 0xff, 0xff,
    0xff, 0xff, 0xff, 0xff, 0xff, 0xff, 0xff, 0xff, 0xff, 0xff, 0xff, 0xff,
    0xff, 0xff, 0xff, 0xff, 0xff, 0xff, 0xff, 0xff, 0xff, 0xff, 0xff, 0xff,
    0xff, 0xff, 0xff, 0xff, 0xff, 0xff, 0xff, 0xff, 0xff, 0xff, 0xff, 0xff,
    0xff, 0xff, 0xff, 0xff, 0x95, 0xc5, 0x95, 0xbd, 0x95, 0xc5, 0x96, 0xc5,
    0xb6, 0xc5, 0xb6, 0xc5, 0xb6, 0xc5, 0xd6, 0xcd, 0xd7, 0xcd, 0xd7, 0xcd,
    0xf6, 0xcd, 0xf7, 0xcd, 0xf7, 0xcd, 0x17, 0xce, 0xf7, 0xd5, 0xf7, 0xd5,
    0x17, 0xd6, 0x17, 0xce, 0x17, 0xce, 0x17, 0xce, 0x17, 0xd6, 0x17, 0xd6,
    0xf7, 0xcd, 0x17, 0xd6, 0xf7, 0xcd, 0xf6, 0xd5, 0xf7, 0xcd, 0xf7, 0xcd,
    0xf6, 0xcd, 0xf7, 0xcd, 0xf7, 0xcd, 0xf6, 0xcd, 0xf7, 0xcd, 0xf7, 0xcd,
    0xf6, 0xcd, 0xd7, 0xcd, 0xf6, 0xcd, 0xf6, 0xd5, 0xf7, 0xcd, 0xf7, 0xcd,
    0x17, 0xd6, 0x17, 0xd6, 0x17, 0xce, 0x37, 0xd6, 0x38, 0xd6, 0x37, 0xde,
    0x58, 0xde, 0x58, 0xd6, 0x78, 0xde, 0x78, 0xde, 0x79, 0xde, 0x99, 0xde,
    0x99, 0xde, 0x99, 0xde, 0xba, 0xe6, 0xba, 0xe6, 0xba, 0xe6, 0xda, 0xee,
    0xfa, 0xee, 0xfa, 0xee, 0xfb, 0xee, 0x1b, 0xef, 0x1b, 0xef, 0x1b, 0xef,
    0x3b, 0xef, 0x3b, 0xef, 0x3c, 0xf7, 0x3b, 0xf7, 0x3c, 0xef, 0x3c, 0xf7,
    0x3c, 0xf7, 0x3b, 0xf7, 0x3b, 0xf7, 0x3c, 0xef, 0x3c, 0xef, 0x3b, 0xef,
    0x3c, 0xf7, 0x3b, 0xf7, 0x1c, 0xef, 0x3b, 0xf7, 0x3c, 0xef, 0x5b, 0xf7,
    0x3c, 0xf7, 0x7c, 0xff, 0x5c, 0xf7, 0x3c, 0xf7, 0x3b, 0xef, 0x3b, 0xf7,
    0x3b, 0xef, 0x3c, 0xf7, 0x5c, 0xf7, 0x5c, 0xef, 0x3b, 0xf7, 0x5c, 0xf7,
    0x7c, 0xf7, 0x5d, 0xf7, 0x5c, 0xf7, 0x7d, 0xf7, 0x7d, 0xf7, 0x7d, 0xff,
    0x7c, 0xf7, 0x7d, 0xf7, 0x7d, 0xff, 0x9d, 0xff, 0x9d, 0xff, 0x5d, 0xf7,
    0x9d, 0xf7, 0x9e, 0xf7, 0x7e, 0xff, 0x7e, 0xf7, 0x7d, 0xf7, 0x9e, 0xff,
    0x7d, 0xf7, 0x5d, 0xf7, 0x7d, 0xf7, 0x3d, 0xef, 0x5c, 0xef, 0x5d, 0xef,
    0x7d, 0xf7, 0x7d, 0xf7, 0x1c, 0xe7, 0x5c, 0xef, 0xfc, 0xe6, 0x9d, 0xff,
    0xfc, 0xde, 0xdb, 0xe6, 0x3c, 0xef, 0xfb, 0xe6, 0xfc, 0xe6, 0xfb, 0xe6,
    0x1b, 0xe7, 0x96, 0xc5, 0xb6, 0xbd, 0xda, 0xe6, 0xb2, 0xa4, 0x31, 0x8c,
    0xd2, 0xac, 0x6d, 0x7b, 0x70, 0xa4, 0xd1, 0xac, 0xef, 0x93, 0xcd, 0x93,
    0xb2, 0xa4, 0x7e, 0xf7, 0x69, 0x62, 0xed, 0x9b, 0x0a, 0x7b, 0xc9, 0x6a,
    0x68, 0x5a, 0x0a, 0x83, 0xa9, 0x72, 0xea, 0x72, 0x0d, 0xa4, 0x2d, 0xac,
    0x4d, 0xac, 0xed, 0xa3, 0xcc, 0x9b, 0xcc, 0xa3, 0xd5, 0xd5, 0x4f, 0xac,
    0x0d, 0xa4, 0x8f, 0xb4, 0xf0, 0xc4, 0xf1, 0xcc, 0xb0, 0xc4, 0x92, 0xdd,
    0x93, 0xd5, 0x74, 0xd5, 0x12, 0xc5, 0x94, 0xd5, 0xf5, 0xdd, 0x53, 0xcd,
    0x12, 0xcd, 0xd1, 0xc4, 0x13, 0xcd, 0x12, 0xd5, 0xb4, 0xdd, 0x94, 0xdd,
    0x50, 0xcc, 0xf2, 0xd4, 0x94, 0xe5, 0xf6, 0xe5, 0x36, 0xee, 0x53, 0xdd,
    0x70, 0xd4, 0x53, 0xe5, 0xf1, 0xdc, 0x53, 0xdd, 0xd1, 0xdc, 0xf2, 0xe4,
    0x50, 0xdc, 0x53, 0xed, 0x94, 0xed, 0x12, 0xed, 0x90, 0xdc, 0x0e, 0xdc,
    0x70, 0xdc, 0xd1, 0xdc, 0x0f, 0xd4, 0xee, 0xd3, 0x70, 0xd4, 0x2f, 0xd4,
    0xee, 0xdb, 0x2f, 0xdc, 0x2f, 0xdc, 0x2f, 0xdc, 0x90, 0xe4, 0xd1, 0xec,
    0x73, 0xf5, 0xd4, 0xf5, 0x16, 0xfe, 0xb9, 0xfe, 0x3b, 0xff, 0x9d, 0xff,
    0xdf, 0xff, 0xff, 0xff, 0x7b, 0xff, 0xd9, 0xfe, 0x9c, 0xff, 0xff, 0xff,
    0xdf, 0xff, 0xff, 0xff, 0xff, 0xff, 0xff, 0xff, 0xff, 0xff, 0xff, 0xff,
    0xff, 0xff, 0xff, 0xff, 0xff, 0xff, 0xff, 0xff, 0xff, 0xff, 0xff, 0xff,
    0xff, 0xff, 0xff, 0xff, 0xff, 0xff, 0xff, 0xff, 0xff, 0xff, 0xff, 0xff,
    0xff, 0xff, 0xff, 0xff, 0xff, 0xff, 0xff, 0xff, 0xff, 0xff, 0xff, 0xff,
    0xff, 0xff, 0xff, 0xff, 0xff, 0xff, 0xff, 0xff, 0xff, 0xff, 0xff, 0xff,
    0xff, 0xff, 0xff, 0xff, 0xff, 0xff, 0xff, 0xff, 0xff, 0xff, 0xff, 0xff,
    0xff, 0xff, 0xff, 0xff, 0xff, 0xff, 0xff, 0xff, 0xff, 0xff, 0xff, 0xff,
    0xff, 0xff, 0xff, 0xff, 0xff, 0xff, 0xff, 0xff, 0xff, 0xff, 0xff, 0xff,
    0xff, 0xff, 0xff, 0xff, 0xff, 0xff, 0xff, 0xff, 0xff, 0xff, 0xff, 0xff,
    0xff, 0xff, 0xff, 0xff, 0xff, 0xff, 0xff, 0xff, 0xff, 0xff, 0xff, 0xff,
    0xff, 0xff, 0xdf, 0xff, 0xdf, 0xff, 0xbf, 0xf7, 0x9e, 0xff, 0x9e, 0xf7,
    0x9e, 0xf7, 0x7e, 0xf7, 0x9e, 0xf7, 0xbe, 0xf7, 0xbe, 0xff, 0xbf, 0xff,
    0xdf, 0xff, 0xdf, 0xff, 0xff, 0xff, 0xff, 0xff, 0xff, 0xff, 0xff, 0xff,
    0xff, 0xff, 0xff, 0xff, 0xff, 0xff, 0xff, 0xff, 0xff, 0xff, 0xff, 0xff,
    0xff, 0xff, 0xff, 0xff, 0xff, 0xff, 0xff, 0xff, 0xff, 0xff, 0xff, 0xff,
    0xff, 0xff, 0xff, 0xff, 0xff, 0xff, 0xff, 0xff, 0xff, 0xff, 0xff, 0xff,
    0xff, 0xff, 0xff, 0xff, 0xff, 0xff, 0x75, 0xbd, 0x95, 0xc5, 0x95, 0xbd,
    0x95, 0xc5, 0xb6, 0xc5, 0xb6, 0xc5, 0xb6, 0xc5, 0xd6, 0xcd, 0xd6, 0xcd,
    0xd6, 0xcd, 0xf7, 0xc5, 0xf6, 0xcd, 0xf6, 0xcd, 0xf7, 0xcd, 0xf7, 0xcd,
    0x17, 0xce, 0x17, 0xce, 0x17, 0xd6, 0x17, 0xce, 0xf7, 0xd5, 0xf7, 0xd5,
    0xf7, 0xcd, 0x17, 0xce, 0xf7, 0xcd, 0xf7, 0xcd, 0xf6, 0xcd, 0xf7, 0xcd,
    0xf6, 0xcd, 0xf7, 0xcd, 0xd7, 0xcd, 0xf6, 0xcd, 0xd6, 0xcd, 0xd6, 0xcd,
    0xf6, 0xcd, 0xf7, 0xcd, 0xf6, 0xcd, 0xf6, 0xcd, 0xf7, 0xcd, 0xf7, 0xcd,
    0x17, 0xce, 0xf7, 0xcd, 0x17, 0xce, 0x17, 0xde, 0x18, 0xd6, 0x37, 0xd6,
    0x38, 0xd6, 0x38, 0xde, 0x58, 0xd6, 0x58, 0xde, 0x79, 0xde, 0x78, 0xde,
    0x79, 0xde, 0x99, 0xde, 0x99, 0xe6, 0x99, 0xe6, 0xb9, 0xe6, 0xda, 0xe6,
    0xda, 0xe6, 0xda, 0xee, 0xda, 0xee, 0x1b, 0xef, 0x1b, 0xef, 0x1b, 0xef,
    0x1b, 0xf7, 0x3b, 0xef, 0x1b, 0xf7, 0x3c, 0xf7, 0x1c, 0xef, 0x1b, 0xf7,
    0x3b, 0xf7, 0x3b, 0xef, 0x3b, 0xf7, 0x3b, 0xf7, 0x3c, 0xf7, 0x3b, 0xf7,
    0x3b, 0xf7, 0x3b, 0xf7, 0x3b, 0xf7, 0x3b, 0xef, 0x3b, 0xef, 0x3c, 0xf7,
    0x3b, 0xf7, 0x3c, 0xef, 0x5c, 0xf7, 0x7c, 0xff, 0x3c, 0xf7, 0x3c, 0xef,
    0x1b, 0xef, 0x3c, 0xf7, 0x5b, 0xf7, 0x5c, 0xf7, 0x3b, 0xf7, 0x3c, 0xf7,
    0x5d, 0xf7, 0x5c, 0xf7, 0x7d, 0xf7, 0x7d, 0xf7, 0x5d, 0xf7, 0x7d, 0xf7,
    0x7c, 0xff, 0x7d, 0xf7, 0x7d, 0xf7, 0x9d, 0xf7, 0x9e, 0xff, 0x7d, 0xf7,
    0x5d, 0xf7, 0x7d, 0xff, 0x9d, 0xff, 0x9e, 0xff, 0x7d, 0xf7, 0x5c, 0xef,
    0x9d, 0xff, 0x7d, 0xf7, 0x3d, 0xef, 0x5d, 0xef, 0xfb, 0xe6, 0x3c, 0xef,
    0x3d, 0xef, 0x1d, 0xe7, 0xdb, 0xe6, 0xdb, 0xe6, 0x3b, 0xef, 0x7a, 0xde,
    0x7d, 0xf7, 0xda, 0xe6, 0xbb, 0xde, 0x3b, 0xf7, 0x7a, 0xde, 0x99, 0xe6,
    0x18, 0xce, 0x18, 0xce, 0x74, 0xbd, 0xb3, 0xa4, 0xd6, 0xcd, 0x10, 0x94,
    0x6e, 0x7b, 0x0e, 0x9c, 0x6d, 0x83, 0xad, 0x8b, 0x0e, 0x9c, 0x2f, 0xa4,
    0x8c, 0x8b, 0xf3, 0xac, 0x5d, 0xef, 0xeb, 0x72, 0x6b, 0x83, 0x4b, 0x8b,
    0xc9, 0x72, 0xa9, 0x6a, 0xe9, 0x72, 0x0a, 0x7b, 0x2a, 0x83, 0x0d, 0xac,
    0x4d, 0xac, 0x6f, 0xb4, 0x6e, 0xb4, 0x2e, 0xac, 0x6e, 0xb4, 0xf5, 0xd5,
    0x4f, 0xa4, 0x6f, 0xb4, 0x0e, 0xac, 0x11, 0xcd, 0xf0, 0xbc, 0xf1, 0xc4,
    0xd4, 0xdd, 0x73, 0xcd, 0x93, 0xd5, 0xb4, 0xdd, 0x73, 0xd5, 0x36, 0xe6,
    0x12, 0xcd, 0x13, 0xd5, 0xd1, 0xc4, 0x53, 0xd5, 0x53, 0xd5, 0x53, 0xd5,
    0xf2, 0xd4, 0xd1, 0xd4, 0xb4, 0xe5, 0x16, 0xe6, 0x57, 0xee, 0xb4, 0xe5,
    0x0f, 0xc4, 0x94, 0xe5, 0x32, 0xdd, 0x94, 0xe5, 0xf1, 0xdc, 0x94, 0xed,
    0xd1, 0xdc, 0x12, 0xe5, 0xb5, 0xed, 0xd1, 0xe4, 0x2f, 0xd4, 0x0f, 0xd4,
    0x70, 0xdc, 0x53, 0xe5, 0xd1, 0xdc, 0x4f, 0xd4, 0x90, 0xd4, 0x2e, 0xd4,
    0xef, 0xd3, 0x0f, 0xd4, 0x4f, 0xdc, 0x2e, 0xdc, 0x2f, 0xdc, 0x90, 0xe4,
    0xf1, 0xe4, 0x73, 0xf5, 0x94, 0xf5, 0xd5, 0xfd, 0x78, 0xfe, 0xfa, 0xfe,
    0x7c, 0xff, 0xde, 0xff, 0xff, 0xff, 0xde, 0xff, 0x1a, 0xff, 0x5c, 0xff,
    0xde, 0xff, 0xdf, 0xff, 0xdf, 0xff, 0xff, 0xff, 0xff, 0xff, 0xff, 0xff,
    0xff, 0xff, 0xff, 0xff, 0xff, 0xff, 0xff, 0xff, 0xff, 0xff, 0xff, 0xff,
    0xff, 0xff, 0xff, 0xff, 0xff, 0xff, 0xff, 0xff, 0xff, 0xff, 0xff, 0xff,
    0xff, 0xff, 0xff, 0xff, 0xff, 0xff, 0xff, 0xff, 0xff, 0xff, 0xff, 0xff,
    0xff, 0xff, 0xff, 0xff, 0xff, 0xff, 0xff, 0xff, 0xff, 0xff, 0xff, 0xff,
    0xff, 0xff, 0xff, 0xff, 0xff, 0xff, 0xff, 0xff, 0xff, 0xff, 0xff, 0xff,
    0xff, 0xff, 0xff, 0xff, 0xff, 0xff, 0xff, 0xff, 0xff, 0xff, 0xff, 0xff,
    0xff, 0xff, 0xff, 0xff, 0xff, 0xff, 0xff, 0xff, 0xff, 0xff, 0xff, 0xff,
    0xff, 0xff, 0xff, 0xff, 0xff, 0xff, 0xff, 0xff, 0xff, 0xff, 0xff, 0xff,
    0xff, 0xff, 0xff, 0xff, 0xff, 0xff, 0xff, 0xff, 0xff, 0xff, 0xff, 0xff,
    0xff, 0xff, 0xdf, 0xff, 0xdf, 0xff, 0xbf, 0xff, 0xde, 0xf7, 0x9e, 0xf7,
    0x9e, 0xf7, 0x9d, 0xf7, 0x9e, 0xf7, 0x9e, 0xf7, 0x9e, 0xff, 0xbf, 0xf7,
    0xbf, 0xff, 0xdf, 0xff, 0xff, 0xff, 0xff, 0xff, 0xff, 0xff, 0xff, 0xff,
    0xff, 0xff, 0xff, 0xff, 0xff, 0xff, 0xff, 0xff, 0xff, 0xff, 0xff, 0xff,
    0xff, 0xff, 0xff, 0xff, 0xff, 0xff, 0xff, 0xff, 0xff, 0xff, 0xff, 0xff,
    0xff, 0xff, 0xff, 0xff, 0xff, 0xff, 0xff, 0xff, 0xff, 0xff, 0xff, 0xff,
    0xff, 0xff, 0xff, 0xff, 0xff, 0xff, 0xff, 0xff, 0x75, 0xbd, 0x76, 0xc5,
    0x95, 0xc5, 0x95, 0xc5, 0x95, 0xc5, 0xb6, 0xc5, 0xd6, 0xcd, 0xd6, 0xc5,
    0xd6, 0xc5, 0xd6, 0xcd, 0xf7, 0xcd, 0xd7, 0xcd, 0xf7, 0xcd, 0x17, 0xce,
    0xf7, 0xcd, 0x17, 0xce, 0xf7, 0xd5, 0xf7, 0xcd, 0xf7, 0xcd, 0x17, 0xce,
    0xf7, 0xcd, 0xf7, 0xd5, 0xf7, 0xcd, 0x17, 0xce, 0xf7, 0xcd, 0xf7, 0xd5,
    0xf6, 0xcd, 0xf7, 0xcd, 0xf6, 0xcd, 0xf7, 0xcd, 0xd6, 0xcd, 0xf7, 0xcd,
    0xd6, 0xcd, 0xf6, 0xcd, 0xf7, 0xcd, 0xd6, 0xcd, 0xd7, 0xcd, 0xf7, 0xcd,
    0xd6, 0xcd, 0xf7, 0xd5, 0x17, 0xd6, 0x17, 0xce, 0x17, 0xce, 0x17, 0xd6,
    0x37, 0xd6, 0x58, 0xd6, 0x38, 0xd6, 0x58, 0xd6, 0x58, 0xde, 0x78, 0xde,
    0x79, 0xde, 0x79, 0xde, 0x99, 0xe6, 0x99, 0xe6, 0xb9, 0xe6, 0x99, 0xe6,
    0xda, 0xe6, 0xda, 0xe6, 0xda, 0xee, 0xfa, 0xe6, 0x1a, 0xef, 0xfb, 0xee,
    0x1b, 0xf7, 0x3b, 0xef, 0x1b, 0xf7, 0x3b, 0xef, 0x3b, 0xf7, 0x3b, 0xef,
    0x3b, 0xf7, 0x3c, 0xef, 0x3b, 0xef, 0x3b, 0xf7, 0x3c, 0xef, 0x3b, 0xf7,
    0x3c, 0xf7, 0x3c, 0xef, 0x3b, 0xef, 0x3c, 0xef, 0x3c, 0xf7, 0x3b, 0xf7,
    0x3c, 0xef, 0x3c, 0xf7, 0x5b, 0xf7, 0x3c, 0xf7, 0x7d, 0xf7, 0x7c, 0xff,
    0x3b, 0xf7, 0x1c, 0xef, 0x1b, 0xf7, 0x3b, 0xef, 0x3c, 0xf7, 0x3c, 0xf7,
    0x3c, 0xef, 0x5c, 0xf7, 0x5c, 0xf7, 0x7c, 0xf7, 0x5c, 0xf7, 0x5c, 0xf7,
    0x5d, 0xf7, 0x7d, 0xf7, 0x7d, 0xf7, 0x7c, 0xf7, 0x7d, 0xf7, 0x9d, 0xff,
    0x7d, 0xff, 0x5d, 0xef, 0x7d, 0xf7, 0x9e, 0xf7, 0x7d, 0xf7, 0x5c, 0xef,
    0x3c, 0xef, 0x5d, 0xf7, 0x5d, 0xf7, 0x5d, 0xef, 0x3c, 0xef, 0xbb, 0xde,
    0x1c, 0xe7, 0x3c, 0xef, 0xfb, 0xe6, 0x5a, 0xd6, 0xba, 0xde, 0xda, 0xe6,
    0x18, 0xc6, 0xfb, 0xee, 0x79, 0xd6, 0x18, 0xce, 0xfa, 0xee, 0x97, 0xbd,
    0xf7, 0xcd, 0xf4, 0xb4, 0xd3, 0xa4, 0xd2, 0xac, 0x10, 0x8c, 0xd2, 0xac,
    0xce, 0x8b, 0x2c, 0x73, 0x8c, 0x83, 0x4c, 0x7b, 0x4c, 0x7b, 0xce, 0x93,
    0x0e, 0x9c, 0x6c, 0x8b, 0xb6, 0xc5, 0xf6, 0xcd, 0x30, 0x9c, 0xe9, 0x72,
    0x8b, 0x93, 0xac, 0x9b, 0xc9, 0x6a, 0x8b, 0x93, 0x6b, 0x93, 0x6a, 0x93,
    0xcd, 0x9b, 0xd0, 0xbc, 0x6e, 0xb4, 0xf0, 0xbc, 0x2d, 0xac, 0x6e, 0xb4,
    0x37, 0xe6, 0x4f, 0xac, 0xaf, 0xbc, 0xed, 0xa3, 0x71, 0xd5, 0x10, 0xcd,
    0xf0, 0xc4, 0xd4, 0xdd, 0xb3, 0xdd, 0x72, 0xd5, 0xd4, 0xdd, 0x15, 0xde,
    0xd5, 0xdd, 0xf2, 0xcc, 0x73, 0xd5, 0x53, 0xd5, 0x53, 0xd5, 0xb4, 0xdd,
    0x33, 0xd5, 0xd1, 0xcc, 0x74, 0xdd, 0x57, 0xee, 0x16, 0xe6, 0x94, 0xdd,
    0x33, 0xdd, 0xd1, 0xd4, 0x16, 0xee, 0x53, 0xdd, 0xf2, 0xd4, 0xb4, 0xe5,
    0x94, 0xdd, 0x33, 0xe5, 0x73, 0xdd, 0xf2, 0xe4, 0x2f, 0xd4, 0x2f, 0xd4,
    0xb1, 0xdc, 0xb4, 0xed, 0x74, 0xe5, 0x90, 0xdc, 0x6f, 0xd4, 0xce, 0xcb,
    0x2f, 0xd4, 0x0e, 0xcc, 0x0e, 0xd4, 0x0e, 0xd4, 0x2f, 0xdc, 0x2f, 0xdc,
    0x70, 0xe4, 0x32, 0xed, 0x53, 0xed, 0x32, 0xf5, 0x73, 0xf5, 0x15, 0xfe,
    0x98, 0xfe, 0xd9, 0xfe, 0x9d, 0xff, 0xff, 0xff, 0xff, 0xff, 0xbd, 0xff,
    0x7b, 0xff, 0xbd, 0xff, 0xdf, 0xff, 0xff, 0xff, 0xff, 0xff, 0xff, 0xff,
    0xff, 0xff, 0xff, 0xff, 0xff, 0xff, 0xff, 0xff, 0xff, 0xff, 0xff, 0xff,
    0xff, 0xff, 0xff, 0xff, 0xff, 0xff, 0xff, 0xff, 0xff, 0xff, 0xff, 0xff,
    0xff, 0xff, 0xff, 0xff, 0xff, 0xff, 0xff, 0xff, 0xff, 0xff, 0xff, 0xff,
    0xff, 0xff, 0xff, 0xff, 0xff, 0xff, 0xff, 0xff, 0xff, 0xff, 0xff, 0xff,
    0xff, 0xff, 0xff, 0xff, 0xff, 0xff, 0xff, 0xff, 0xff, 0xff, 0xff, 0xff,
    0xff, 0xff, 0xff, 0xff, 0xff, 0xff, 0xff, 0xff, 0xff, 0xff, 0xff, 0xff,
    0xff, 0xff, 0xff, 0xff, 0xff, 0xff, 0xff, 0xff, 0xff, 0xff, 0xff, 0xff,
    0xff, 0xff, 0xff, 0xff, 0xff, 0xff, 0xff, 0xff, 0xff, 0xff, 0xff, 0xff,
    0xff, 0xff, 0xff, 0xff, 0xff, 0xff, 0xff, 0xff, 0xff, 0xff, 0xff, 0xff,
    0xff, 0xff, 0xff, 0xff, 0xff, 0xff, 0xdf, 0xff, 0xdf, 0xff, 0xbe, 0xff,
    0x9e, 0xf7, 0x9e, 0xf7, 0x9e, 0xff, 0x9e, 0xf7, 0x9e, 0xff, 0x9e, 0xff,
    0xbe, 0xff, 0xdf, 0xff, 0xdf, 0xff, 0xdf, 0xff, 0xff, 0xff, 0xff, 0xff,
    0xff, 0xff, 0xff, 0xff, 0xff, 0xff, 0xff, 0xff, 0xff, 0xff, 0xff, 0xff,
    0xff, 0xff, 0xff, 0xff, 0xff, 0xff, 0xff, 0xff, 0xff, 0xff, 0xff, 0xff,
    0xff, 0xff, 0xff, 0xff, 0xff, 0xff, 0xff, 0xff, 0xff, 0xff, 0xff, 0xff,
    0xff, 0xff, 0xff, 0xff, 0xff, 0xff, 0xff, 0xff, 0xff, 0xff, 0x75, 0xbd,
    0x95, 0xbd, 0x75, 0xc5, 0x95, 0xc5, 0x95, 0xc5, 0xb5, 0xc5, 0xb6, 0xc5,
    0xb6, 0xcd, 0xd6, 0xcd, 0xd6, 0xcd, 0xd6, 0xcd, 0xf7, 0xcd, 0xf6, 0xcd,
    0xf6, 0xcd, 0xf7, 0xcd, 0xf7, 0xcd, 0xf7, 0xd5, 0xf7, 0xcd, 0x17, 0xce,
    0xf7, 0xcd, 0xf7, 0xd5, 0xf7, 0xcd, 0xf7, 0xd5, 0xf6, 0xcd, 0x17, 0xce,
    0xf7, 0xcd, 0xf6, 0xcd, 0xf6, 0xcd, 0xf6, 0xcd, 0xd7, 0xcd, 0xd6, 0xcd,
    0xf6, 0xcd, 0xd7, 0xc5, 0xd6, 0xcd, 0xd6, 0xcd, 0xd7, 0xcd, 0xd6, 0xcd,
    0xf6, 0xcd, 0xf6, 0xcd, 0xf7, 0xcd, 0x17, 0xce, 0x17, 0xd6, 0x17, 0xd6,
    0x37, 0xd6, 0x37, 0xd6, 0x37, 0xd6, 0x58, 0xd6, 0x38, 0xde, 0x58, 0xde,
    0x58, 0xde, 0x78, 0xde, 0x78, 0xde, 0x79, 0xde, 0x99, 0xe6, 0xb9, 0xde,
    0xba, 0xe6, 0xb9, 0xe6, 0xda, 0xe6, 0xda, 0xee, 0xfb, 0xe6, 0xfa, 0xee,
    0xfa, 0xee, 0x1b, 0xef, 0x1b, 0xef, 0x1b, 0xef, 0x1b, 0xef, 0x3b, 0xef,
    0x1c, 0xf7, 0x3b, 0xef, 0x3b, 0xf7, 0x3c, 0xf7, 0x1c, 0xf7, 0x3b, 0xef,
    0x3c, 0xef, 0x1b, 0xf7, 0x3b, 0xef, 0x1c, 0xef, 0x3b, 0xf7, 0x5c, 0xf7,
    0x3c, 0xf7, 0x1b, 0xef, 0x3b, 0xef, 0x3c, 0xf7, 0x3c, 0xf7, 0x5c, 0xf7,
    0x7d, 0xff, 0x3c, 0xef, 0x3b, 0xef, 0x3c, 0xf7, 0x1b, 0xf7, 0x5c, 0xf7,
    0x5c, 0xef, 0x3b, 0xef, 0x3c, 0xef, 0x5c, 0xf7, 0x5d, 0xf7, 0x5d, 0xf7,
    0x5c, 0xf7, 0x5c, 0xf7, 0x7d, 0xf7, 0x7c, 0xff, 0x5d, 0xf7, 0x5d, 0xf7,
    0x9d, 0xff, 0x9d, 0xf7, 0x5c, 0xef, 0x7d, 0xf7, 0x9d, 0xf7, 0x3c, 0xef,
    0xfb, 0xe6, 0xdb, 0xde, 0x3c, 0xef, 0x3c, 0xef, 0x3c, 0xf7, 0x3c, 0xe7,
    0x39, 0xd6, 0xda, 0xe6, 0x1c, 0xe7, 0xfb, 0xe6, 0x79, 0xd6, 0x59, 0xce,
    0x59, 0xde, 0x76, 0xb5, 0x37, 0xd6, 0xd6, 0xc5, 0x75, 0xb5, 0x37, 0xde,
    0xf3, 0xac, 0x74, 0xc5, 0xb2, 0xa4, 0x30, 0x94, 0x50, 0xa4, 0xef, 0x8b,
    0x50, 0xa4, 0xad, 0x8b, 0xcb, 0x62, 0x0b, 0x7b, 0xca, 0x62, 0x4c, 0x7b,
    0xad, 0x8b, 0x8c, 0x8b, 0x4b, 0x83, 0x18, 0xd6, 0x70, 0xa4, 0x18, 0xd6,
    0x89, 0x6a, 0x0d, 0xa4, 0x4e, 0xac, 0x2a, 0x7b, 0xcc, 0x9b, 0x2d, 0xb4,
    0xec, 0x9b, 0x2e, 0xac, 0xf0, 0xc4, 0xd0, 0xc4, 0x31, 0xcd, 0x8f, 0xb4,
    0xaf, 0xbc, 0x77, 0xe6, 0x6f, 0xac, 0x11, 0xcd, 0xf0, 0xc4, 0x72, 0xcd,
    0x51, 0xcd, 0x11, 0xcd, 0xf4, 0xdd, 0xb3, 0xd5, 0x73, 0xcd, 0x94, 0xd5,
    0x56, 0xee, 0x73, 0xd5, 0x53, 0xd5, 0x73, 0xd5, 0x93, 0xd5, 0x33, 0xd5,
    0xd4, 0xdd, 0xb5, 0xdd, 0x94, 0xdd, 0x36, 0xee, 0x77, 0xee, 0x73, 0xdd,
    0xf5, 0xe5, 0x53, 0xdd, 0x37, 0xee, 0xd5, 0xe5, 0xd5, 0xe5, 0x32, 0xdd,
    0xd5, 0xe5, 0xf5, 0xed, 0xb1, 0xd4, 0xd1, 0xdc, 0x90, 0xd4, 0xb1, 0xdc,
    0xd1, 0xdc, 0x94, 0xe5, 0xf5, 0xe5, 0xd1, 0xdc, 0x0f, 0xd4, 0xad, 0xc3,
    0x2f, 0xd4, 0xb0, 0xd4, 0x0e, 0xd4, 0x0e, 0xdc, 0x0e, 0xd4, 0x2f, 0xdc,
    0x2f, 0xdc, 0x4f, 0xdc, 0xf2, 0xe4, 0xf1, 0xe4, 0xb1, 0xec, 0x12, 0xf5,
    0xb4, 0xfd, 0xf4, 0xfd, 0x37, 0xfe, 0x3b, 0xff, 0xde, 0xff, 0xff, 0xff,
    0xdf, 0xff, 0xbd, 0xff, 0x7c, 0xff, 0xdf, 0xff, 0xff, 0xff, 0xff, 0xff,
    0xff, 0xff, 0xff, 0xff, 0xff, 0xff, 0xff, 0xff, 0xff, 0xff, 0xff, 0xff,
    0xff, 0xff, 0xff, 0xff, 0xff, 0xff, 0xff, 0xff, 0xff, 0xff, 0xff, 0xff,
    0xff, 0xff, 0xff, 0xff, 0xff, 0xff, 0xff, 0xff, 0xff, 0xff, 0xff, 0xff,
    0xff, 0xff, 0xff, 0xff, 0xff, 0xff, 0xff, 0xff, 0xff, 0xff, 0xff, 0xff,
    0xff, 0xff, 0xff, 0xff, 0xff, 0xff, 0xff, 0xff, 0xff, 0xff, 0xff, 0xff,
    0xff, 0xff, 0xff, 0xff, 0xff, 0xff, 0xff, 0xff, 0xff, 0xff, 0xff, 0xff,
    0xff, 0xff, 0xff, 0xff, 0xff, 0xff, 0xff, 0xff, 0xff, 0xff, 0xff, 0xff,
    0xff, 0xff, 0xff, 0xff, 0xff, 0xff, 0xff, 0xff, 0xff, 0xff, 0xff, 0xff,
    0xff, 0xff, 0xff, 0xff, 0xff, 0xff, 0xff, 0xff, 0xff, 0xff, 0xff, 0xff,
    0xff, 0xff, 0xff, 0xff, 0xff, 0xff, 0xff, 0xff, 0xdf, 0xff, 0xdf, 0xff,
    0xbf, 0xff, 0xbe, 0xff, 0x9e, 0xf7, 0x9e, 0xf7, 0x7e, 0xf7, 0x9e, 0xf7,
    0xbe, 0xf7, 0xbe, 0xf7, 0xbf, 0xff, 0xdf, 0xff, 0xff, 0xff, 0xff, 0xff,
    0xff, 0xff, 0xff, 0xff, 0xff, 0xff, 0xff, 0xff, 0xff, 0xff, 0xff, 0xff,
    0xff, 0xff, 0xff, 0xff, 0xff, 0xff, 0xff, 0xff, 0xff, 0xff, 0xff, 0xff,
    0xff, 0xff, 0xff, 0xff, 0xff, 0xff, 0xff, 0xff, 0xff, 0xff, 0xff, 0xff,
    0xff, 0xff, 0xff, 0xff, 0xff, 0xff, 0xff, 0xff, 0xff, 0xff, 0xff, 0xff,
    0x75, 0xbd, 0x75, 0xc5, 0x75, 0xbd, 0x95, 0xc5, 0x96, 0xc5, 0xb6, 0xc5,
    0xb6, 0xc5, 0xb6, 0xc5, 0xd6, 0xc5, 0xd6, 0xc5, 0xd6, 0xcd, 0xf6, 0xcd,
    0xf7, 0xcd, 0xd7, 0xcd, 0xf6, 0xcd, 0xf7, 0xd5, 0xf7, 0xcd, 0x16, 0xce,
    0x17, 0xd6, 0xf7, 0xcd, 0xf6, 0xcd, 0x17, 0xce, 0xf7, 0xcd, 0xf6, 0xcd,
    0xf6, 0xcd, 0xf7, 0xcd, 0xf7, 0xcd, 0xf6, 0xcd, 0xd6, 0xcd, 0xd7, 0xcd,
    0xf6, 0xcd, 0xd6, 0xc5, 0xf7, 0xcd, 0xd6, 0xcd, 0xd6, 0xcd, 0xf6, 0xcd,
    0xf7, 0xc5, 0xd6, 0xcd, 0xf6, 0xcd, 0xf7, 0xcd, 0xf7, 0xcd, 0x17, 0xd6,
    0x17, 0xd6, 0x17, 0xce, 0x17, 0xd6, 0x38, 0xd6, 0x37, 0xde, 0x58, 0xd6,
    0x58, 0xd6, 0x78, 0xde, 0x78, 0xde, 0x79, 0xde, 0x99, 0xde, 0x99, 0xde,
    0x99, 0xe6, 0x99, 0xe6, 0xda, 0xe6, 0xda, 0xe6, 0xfa, 0xee, 0xda, 0xee,
    0xfb, 0xee, 0x1b, 0xef, 0x1b, 0xef, 0x1b, 0xf7, 0x1b, 0xef, 0x3b, 0xf7,
    0x3c, 0xf7, 0x1b, 0xef, 0x3b, 0xf7, 0x3c, 0xf7, 0x1b, 0xf7, 0x3b, 0xf7,
    0x3b, 0xf7, 0x3c, 0xf7, 0x3b, 0xef, 0x3b, 0xf7, 0x3b, 0xf7, 0x3c, 0xf7,
    0x3b, 0xef, 0x3c, 0xf7, 0x5b, 0xf7, 0x3c, 0xf7, 0x3c, 0xef, 0x5c, 0xf7,
    0x3c, 0xf7, 0x7d, 0xf7, 0x5c, 0xf7, 0x1b, 0xef, 0x1b, 0xef, 0x3c, 0xef,
    0x5c, 0xf7, 0x5c, 0xf7, 0x3c, 0xef, 0x5c, 0xf7, 0x5c, 0xf7, 0x5d, 0xf7,
    0x5c, 0xf7, 0x5c, 0xf7, 0x5d, 0xef, 0x5c, 0xf7, 0x5d, 0xf7, 0x7d, 0xf7,
    0x5c, 0xf7, 0x7d, 0xff, 0x7d, 0xf7, 0x5d, 0xf7, 0x3c, 0xf7, 0x5d, 0xf7,
    0xfb, 0xe6, 0x79, 0xd6, 0x39, 0xce, 0xfb, 0xee, 0x1c, 0xe7, 0x1c, 0xef,
    0x1c, 0xe7, 0x18, 0xce, 0x99, 0xde, 0x79, 0xce, 0x59, 0xce, 0x58, 0xd6,
    0xb6, 0xc5, 0xb6, 0xbd, 0xf3, 0xb4, 0x54, 0xbd, 0x95, 0xc5, 0xf3, 0xac,
    0xb5, 0xcd, 0xd2, 0xa4, 0x33, 0xbd, 0xd2, 0xac, 0xef, 0x93, 0x4f, 0xa4,
    0xee, 0x93, 0x8d, 0x8b, 0x2c, 0x73, 0x2c, 0x7b, 0xea, 0x6a, 0xea, 0x72,
    0x89, 0x62, 0x2b, 0x83, 0x6c, 0x83, 0xea, 0x7a, 0x38, 0xd6, 0xad, 0x93,
    0xfb, 0xee, 0xc9, 0x72, 0x8e, 0xbc, 0xed, 0xa3, 0x6e, 0xac, 0xcc, 0x9b,
    0x6f, 0xb4, 0x0d, 0xa4, 0x8e, 0xb4, 0xf0, 0xc4, 0x31, 0xcd, 0xf0, 0xc4,
    0x31, 0xcd, 0xf0, 0xcc, 0x78, 0xe6, 0x6f, 0xac, 0x10, 0xcd, 0x93, 0xd5,
    0x32, 0xc5, 0x52, 0xd5, 0x72, 0xcd, 0xd4, 0xdd, 0x52, 0xcd, 0x73, 0xd5,
    0xb3, 0xdd, 0xb8, 0xee, 0x73, 0xd5, 0x33, 0xcd, 0xf4, 0xdd, 0x53, 0xcd,
    0xf2, 0xcc, 0x36, 0xe6, 0xb4, 0xdd, 0x36, 0xe6, 0x77, 0xee, 0x36, 0xee,
    0xb5, 0xdd, 0xf6, 0xe5, 0xf5, 0xe5, 0x97, 0xee, 0x36, 0xe6, 0x73, 0xdd,
    0xd5, 0xe5, 0xd5, 0xe5, 0xd5, 0xdd, 0xf2, 0xdc, 0x53, 0xdd, 0x13, 0xdd,
    0xd1, 0xd4, 0x74, 0xe5, 0x16, 0xee, 0x94, 0xe5, 0x30, 0xd4, 0x2f, 0xcc,
    0x0e, 0xcc, 0x53, 0xdd, 0x12, 0xdd, 0x2f, 0xd4, 0x0e, 0xd4, 0x4f, 0xdc,
    0x90, 0xdc, 0x2f, 0xdc, 0x4f, 0xdc, 0xb0, 0xdc, 0x90, 0xe4, 0x90, 0xe4,
    0xd1, 0xf4, 0x52, 0xfd, 0x32, 0xfd, 0xd5, 0xfd, 0xd8, 0xfe, 0x9d, 0xff,
    0xdf, 0xff, 0xff, 0xff, 0xdf, 0xff, 0x9c, 0xff, 0xbd, 0xff, 0xff, 0xff,
    0xff, 0xff, 0xff, 0xff, 0xff, 0xff, 0xff, 0xff, 0xff, 0xff, 0xff, 0xff,
    0xff, 0xff, 0xff, 0xff, 0xff, 0xff, 0xff, 0xff, 0xff, 0xff, 0xff, 0xff,
    0xff, 0xff, 0xff, 0xff, 0xff, 0xff, 0xff, 0xff, 0xff, 0xff, 0xff, 0xff,
    0xff, 0xff, 0xff, 0xff, 0xff, 0xff, 0xff, 0xff, 0xff, 0xff, 0xff, 0xff,
    0xff, 0xff, 0xff, 0xff, 0xff, 0xff, 0xff, 0xff, 0xff, 0xff, 0xff, 0xff,
    0xff, 0xff, 0xff, 0xff, 0xff, 0xff, 0xff, 0xff, 0xff, 0xff, 0xff, 0xff,
    0xff, 0xff, 0xff, 0xff, 0xff, 0xff, 0xff, 0xff, 0xff, 0xff, 0xff, 0xff,
    0xff, 0xff, 0xff, 0xff, 0xff, 0xff, 0xff, 0xff, 0xff, 0xff, 0xff, 0xff,
    0xff, 0xff, 0xff, 0xff, 0xff, 0xff, 0xff, 0xff, 0xff, 0xff, 0xff, 0xff,
    0xff, 0xff, 0xff, 0xff, 0xff, 0xff, 0xff, 0xff, 0xff, 0xff, 0xdf, 0xff,
    0xbf, 0xff, 0xbf, 0xff, 0xbe, 0xf7, 0x9e, 0xf7, 0x9e, 0xf7, 0x9e, 0xf7,
    0x9e, 0xf7, 0x9e, 0xf7, 0xbf, 0xff, 0xbf, 0xff, 0xdf, 0xff, 0xff, 0xff,
    0xff, 0xff, 0xff, 0xff, 0xff, 0xff, 0xff, 0xff, 0xff, 0xff, 0xff, 0xff,
    0xff, 0xff, 0xff, 0xff, 0xff, 0xff, 0xff, 0xff, 0xff, 0xff, 0xff, 0xff,
    0xff, 0xff, 0xff, 0xff, 0xff, 0xff, 0xff, 0xff, 0xff, 0xff, 0xff, 0xff,
    0xff, 0xff, 0xff, 0xff, 0xff, 0xff, 0xff, 0xff, 0xff, 0xff, 0xff, 0xff,
    0xff, 0xff, 0x75, 0xbd, 0x75, 0xbd, 0x95, 0xbd, 0x95, 0xc5, 0x96, 0xc5,
    0x96, 0xc5, 0xb6, 0xc5, 0xb6, 0xcd, 0xb6, 0xcd, 0xd6, 0xcd, 0xd7, 0xc5,
    0xd6, 0xcd, 0xd6, 0xcd, 0xf7, 0xcd, 0xd7, 0xcd, 0xf6, 0xcd, 0xf7, 0xcd,
    0xf6, 0xcd, 0xf6, 0xcd, 0xd7, 0xcd, 0xf6, 0xcd, 0xf6, 0xcd, 0xf7, 0xcd,
    0xf7, 0xcd, 0xd6, 0xcd, 0xd6, 0xcd, 0xd7, 0xcd, 0xd6, 0xcd, 0xd6, 0xcd,
    0xd7, 0xcd, 0xf6, 0xc5, 0xd6, 0xcd, 0xd6, 0xcd, 0xd6, 0xcd, 0xd7, 0xcd,
    0xf6, 0xc5, 0xd6, 0xcd, 0xf7, 0xcd, 0xf7, 0xcd, 0xf6, 0xcd, 0xf6, 0xcd,
    0x17, 0xce, 0x17, 0xce, 0x37, 0xd6, 0x17, 0xd6, 0x38, 0xd6, 0x38, 0xd6,
    0x38, 0xd6, 0x58, 0xd6, 0x58, 0xd6, 0x79, 0xde, 0x79, 0xde, 0x78, 0xde,
    0x99, 0xde, 0xb9, 0xe6, 0x99, 0xe6, 0xba, 0xe6, 0xda, 0xe6, 0xda, 0xee,
    0xdb, 0xe6, 0x1a, 0xef, 0x1b, 0xef, 0x1b, 0xf7, 0x1b, 0xef, 0x3b, 0xef,
    0x1b, 0xf7, 0x1c, 0xef, 0x3c, 0xef, 0x3b, 0xf7, 0x3b, 0xef, 0x3c, 0xef,
    0x3b, 0xef, 0x3c, 0xf7, 0x3b, 0xf7, 0x3c, 0xf7, 0x3b, 0xf7, 0x3c, 0xef,
    0x3b, 0xef, 0x1b, 0xef, 0x3b, 0xef, 0x5c, 0xf7, 0x3b, 0xf7, 0x3b, 0xef,
    0x5c, 0xf7, 0x3c, 0xf7, 0x7c, 0xff, 0x9d, 0xff, 0x1c, 0xf7, 0x3b, 0xef,
    0x1b, 0xef, 0x5c, 0xf7, 0x7d, 0xff, 0x3c, 0xef, 0x5c, 0xf7, 0x5c, 0xf7,
    0x5c, 0xf7, 0x5d, 0xf7, 0x7d, 0xf7, 0x5c, 0xf7, 0x5c, 0xf7, 0x5c, 0xef,
    0x5c, 0xf7, 0x3c, 0xf7, 0x5d, 0xf7, 0x7d, 0xf7, 0x1c, 0xef, 0x3c, 0xef,
    0x3c, 0xef, 0x7a, 0xd6, 0xd7, 0xc5, 0xd7, 0xc5, 0x59, 0xd6, 0x9a, 0xe6,
    0x9a, 0xd6, 0xba, 0xe6, 0xf8, 0xbd, 0x18, 0xce, 0x55, 0xad, 0x34, 0xb5,
    0x75, 0xb5, 0x54, 0xb5, 0xd3, 0xa4, 0xb1, 0xac, 0x92, 0xa4, 0xb5, 0xcd,
    0x51, 0x94, 0x53, 0xbd, 0xb1, 0xac, 0x13, 0xb5, 0x33, 0xc5, 0x0f, 0x94,
    0x0f, 0x9c, 0xed, 0x93, 0x4b, 0x7b, 0xca, 0x62, 0x4c, 0x83, 0x89, 0x62,
    0xca, 0x72, 0xa9, 0x6a, 0x0b, 0x7b, 0x0b, 0x7b, 0xea, 0x7a, 0x59, 0xd6,
    0x4c, 0x8b, 0x99, 0xe6, 0xce, 0x93, 0x8f, 0xbc, 0xcc, 0x9b, 0x10, 0xcd,
    0x4e, 0xac, 0xd0, 0xc4, 0x4e, 0xb4, 0x6e, 0xb4, 0x10, 0xc5, 0x11, 0xc5,
    0xaf, 0xb4, 0x10, 0xcd, 0x8e, 0xbc, 0x78, 0xe6, 0xf1, 0xbc, 0x31, 0xcd,
    0x72, 0xd5, 0x52, 0xcd, 0x31, 0xd5, 0x72, 0xcd, 0x14, 0xe6, 0x11, 0xcd,
    0x94, 0xdd, 0x56, 0xe6, 0x36, 0xde, 0x53, 0xd5, 0xf4, 0xdd, 0xd5, 0xdd,
    0x12, 0xcd, 0xb3, 0xd5, 0x16, 0xde, 0x53, 0xdd, 0x57, 0xee, 0xb8, 0xee,
    0x94, 0xdd, 0x57, 0xee, 0x94, 0xdd, 0x57, 0xee, 0xd4, 0xe5, 0x16, 0xee,
    0xd5, 0xe5, 0xd5, 0xe5, 0xf5, 0xe5, 0xf6, 0xe5, 0x54, 0xdd, 0x53, 0xdd,
    0x74, 0xdd, 0x93, 0xdd, 0xf5, 0xe5, 0x98, 0xf6, 0xf1, 0xd4, 0xd1, 0xd4,
    0xb1, 0xd4, 0xf2, 0xdc, 0x98, 0xf6, 0xd1, 0xdc, 0x0e, 0xd4, 0x90, 0xd4,
    0x94, 0xe5, 0x4f, 0xdc, 0xee, 0xd3, 0x4f, 0xd4, 0xb0, 0xdc, 0x90, 0xe4,
    0x8f, 0xe4, 0x90, 0xec, 0xaf, 0xf4, 0xb0, 0xf4, 0x73, 0xfd, 0x57, 0xfe,
    0x1a, 0xff, 0xbd, 0xff, 0xff, 0xff, 0xff, 0xff, 0xde, 0xff, 0x7d, 0xff,
    0xdf, 0xff, 0xff, 0xff, 0xff, 0xff, 0xff, 0xff, 0xff, 0xff, 0xff, 0xff,
    0xff, 0xff, 0xff, 0xff, 0xff, 0xff, 0xff, 0xff, 0xff, 0xff, 0xff, 0xff,
    0xff, 0xff, 0xff, 0xff, 0xff, 0xff, 0xff, 0xff, 0xff, 0xff, 0xff, 0xff,
    0xff, 0xff, 0xff, 0xff, 0xff, 0xff, 0xff, 0xff, 0xff, 0xff, 0xff, 0xff,
    0xff, 0xff, 0xff, 0xff, 0xff, 0xff, 0xff, 0xff, 0xff, 0xff, 0xff, 0xff,
    0xff, 0xff, 0xff, 0xff, 0xff, 0xff, 0xff, 0xff, 0xff, 0xff, 0xff, 0xff,
    0xff, 0xff, 0xff, 0xff, 0xff, 0xff, 0xff, 0xff, 0xff, 0xff, 0xff, 0xff,
    0xff, 0xff, 0xff, 0xff, 0xff, 0xff, 0xff, 0xff, 0xff, 0xff, 0xff, 0xff,
    0xff, 0xff, 0xff, 0xff, 0xff, 0xff, 0xff, 0xff, 0xff, 0xff, 0xff, 0xff,
    0xff, 0xff, 0xff, 0xff, 0xff, 0xff, 0xff, 0xff, 0xff, 0xff, 0xdf, 0xff,
    0xdf, 0xff, 0xdf, 0xff, 0xbe, 0xff, 0x9e, 0xf7, 0x9e, 0xf7, 0x7e, 0xf7,
    0x7e, 0xff, 0x9e, 0xf7, 0x9e, 0xf7, 0xbe, 0xff, 0xdf, 0xff, 0xdf, 0xff,
    0xff, 0xff, 0xff, 0xff, 0xff, 0xff, 0xff, 0xff, 0xff, 0xff, 0xff, 0xff,
    0xff, 0xff, 0xff, 0xff, 0xff, 0xff, 0xff, 0xff, 0xff, 0xff, 0xff, 0xff,
    0xff, 0xff, 0xff, 0xff, 0xff, 0xff, 0xff, 0xff, 0xff, 0xff, 0xff, 0xff,
    0xff, 0xff, 0xff, 0xff, 0xff, 0xff, 0xff, 0xff, 0xff, 0xff, 0xff, 0xff,
    0xff, 0xff, 0xff, 0xff, 0x74, 0xbd, 0x74, 0xbd, 0x75, 0xbd, 0x95, 0xbd,
    0x95, 0xc5, 0x95, 0xc5, 0xb5, 0xc5, 0xb6, 0xc5, 0xb6, 0xc5, 0xd6, 0xc5,
    0xd6, 0xcd, 0xd6, 0xcd, 0xd7, 0xcd, 0xf6, 0xcd, 0xf7, 0xcd, 0xd6, 0xcd,
    0xf7, 0xcd, 0xf6, 0xcd, 0xf7, 0xcd, 0xf7, 0xcd, 0xf7, 0xcd, 0xf7, 0xcd,
    0xf6, 0xcd, 0xf6, 0xcd, 0xd6, 0xcd, 0xd7, 0xcd, 0xd6, 0xcd, 0xd6, 0xcd,
    0xd7, 0xc5, 0xd6, 0xcd, 0xd6, 0xcd, 0xd7, 0xcd, 0xd6, 0xcd, 0xd6, 0xc5,
    0xd6, 0xc5, 0xd6, 0xcd, 0xd6, 0xcd, 0xd7, 0xcd, 0xf6, 0xcd, 0xf7, 0xcd,
    0xf7, 0xcd, 0xf7, 0xd5, 0x17, 0xd6, 0x17, 0xd6, 0x38, 0xd6, 0x37, 0xd6,
    0x37, 0xd6, 0x58, 0xd6, 0x58, 0xde, 0x58, 0xde, 0x78, 0xde, 0x79, 0xde,
    0x79, 0xe6, 0x99, 0xde, 0x99, 0xe6, 0xb9, 0xde, 0xb9, 0xe6, 0xba, 0xe6,
    0xda, 0xe6, 0xfa, 0xee, 0xfb, 0xee, 0xfb, 0xee, 0x1b, 0xef, 0x1b, 0xf7,
    0x3b, 0xef, 0x1b, 0xef, 0x3b, 0xef, 0x1b, 0xf7, 0x1b, 0xf7, 0x3c, 0xef,
    0x1b, 0xf7, 0x3b, 0xf7, 0x3c, 0xef, 0x3b, 0xef, 0x3b, 0xef, 0x3b, 0xf7,
    0x1b, 0xf7, 0x3c, 0xef, 0x3b, 0xef, 0x1c, 0xf7, 0x3c, 0xef, 0x3c, 0xf7,
    0x1c, 0xf7, 0x3c, 0xef, 0x5c, 0xf7, 0x3b, 0xf7, 0x9d, 0xff, 0x5d, 0xff,
    0x1b, 0xef, 0x1b, 0xef, 0x1b, 0xf7, 0x9d, 0xff, 0x5d, 0xef, 0x1b, 0xef,
    0x5c, 0xff, 0x7d, 0xf7, 0x3c, 0xef, 0x7d, 0xf7, 0x7d, 0xff, 0x5d, 0xf7,
    0x1c, 0xef, 0x1c, 0xef, 0x5c, 0xf7, 0x5c, 0xf7, 0x3c, 0xef, 0xfb, 0xde,
    0x1b, 0xe7, 0x1c, 0xe7, 0x19, 0xce, 0x96, 0xbd, 0xd6, 0xc5, 0xb7, 0xc5,
    0xd7, 0xcd, 0xb6, 0xbd, 0xf7, 0xcd, 0x75, 0xb5, 0x96, 0xc5, 0x93, 0x9c,
    0x31, 0x94, 0xd2, 0xac, 0xb2, 0xa4, 0xf0, 0x8b, 0xb1, 0xa4, 0x70, 0xa4,
    0xf6, 0xcd, 0x2f, 0x94, 0xef, 0x93, 0xd1, 0xb4, 0xb1, 0xac, 0xf1, 0xb4,
    0xae, 0x8b, 0xad, 0x8b, 0x6c, 0x83, 0xca, 0x6a, 0x8a, 0x5a, 0x89, 0x62,
    0xa9, 0x62, 0x48, 0x52, 0xca, 0x72, 0xea, 0x6a, 0x2b, 0x83, 0xa9, 0x6a,
    0x59, 0xd6, 0xad, 0x93, 0x74, 0xc5, 0xf3, 0xb4, 0xec, 0xab, 0xaf, 0xbc,
    0xb0, 0xbc, 0x8f, 0xb4, 0x72, 0xd5, 0xf0, 0xbc, 0x2e, 0xac, 0x31, 0xcd,
    0xd0, 0xc4, 0xaf, 0xbc, 0xef, 0xc4, 0x6e, 0xbc, 0x57, 0xe6, 0x6f, 0xb4,
    0x10, 0xcd, 0x92, 0xd5, 0x71, 0xd5, 0x31, 0xcd, 0x93, 0xd5, 0xf5, 0xe5,
    0x73, 0xcd, 0x93, 0xd5, 0x78, 0xee, 0xd5, 0xdd, 0x94, 0xdd, 0x15, 0xde,
    0x31, 0xcd, 0xd1, 0xc4, 0xb8, 0xf6, 0xb4, 0xd5, 0xd5, 0xdd, 0x57, 0xe6,
    0x57, 0xee, 0xf5, 0xe5, 0x76, 0xee, 0x77, 0xee, 0x77, 0xee, 0x16, 0xe6,
    0xb4, 0xdd, 0x77, 0xee, 0x16, 0xe6, 0x98, 0xf6, 0x33, 0xd5, 0xf5, 0xe5,
    0x57, 0xee, 0x52, 0xd5, 0x53, 0xd5, 0x1a, 0xff, 0xd5, 0xe5, 0x12, 0xdd,
    0xb4, 0xdd, 0xb1, 0xd4, 0x77, 0xf6, 0xd4, 0xe5, 0x4f, 0xd4, 0x53, 0xdd,
    0x15, 0xe6, 0xb1, 0xdc, 0xee, 0xcb, 0xee, 0xd3, 0xb0, 0xdc, 0xb0, 0xdc,
    0x70, 0xe4, 0x2f, 0xe4, 0x2e, 0xec, 0x0d, 0xec, 0x4e, 0xf4, 0x11, 0xfd,
    0xd5, 0xfd, 0xb8, 0xfe, 0x7c, 0xff, 0xde, 0xff, 0xff, 0xff, 0xdf, 0xff,
    0xbe, 0xff, 0xdf, 0xff, 0xff, 0xff, 0xff, 0xff, 0xff, 0xff, 0xff, 0xff,
    0xff, 0xff, 0xff, 0xff, 0xff, 0xff, 0xff, 0xff, 0xff, 0xff, 0xff, 0xff,
    0xff, 0xff, 0xff, 0xff, 0xff, 0xff, 0xff, 0xff, 0xff, 0xff, 0xff, 0xff,
    0xff, 0xff, 0xff, 0xff, 0xff, 0xff, 0xff, 0xff, 0xff, 0xff, 0xff, 0xff,
    0xff, 0xff, 0xff, 0xff, 0xff, 0xff, 0xff, 0xff, 0xff, 0xff, 0xff, 0xff,
    0xff, 0xff, 0xff, 0xff, 0xff, 0xff, 0xff, 0xff, 0xff, 0xff, 0xff, 0xff,
    0xff, 0xff, 0xff, 0xff, 0xff, 0xff, 0xff, 0xff, 0xff, 0xff, 0xff, 0xff,
    0xff, 0xff, 0xff, 0xff, 0xff, 0xff, 0xff, 0xff, 0xff, 0xff, 0xff, 0xff,
    0xff, 0xff, 0xff, 0xff, 0xff, 0xff, 0xff, 0xff, 0xff, 0xff, 0xff, 0xff,
    0xff, 0xff, 0xff, 0xff, 0xff, 0xff, 0xff, 0xff, 0xff, 0xff, 0xff, 0xff,
    0xff, 0xff, 0xdf, 0xff, 0xdf, 0xff, 0xbf, 0xf7, 0x9e, 0xff, 0x9e, 0xff,
    0x9e, 0xf7, 0x9e, 0xf7, 0x9e, 0xff, 0x9e, 0xf7, 0xbe, 0xf7, 0xdf, 0xff,
    0xdf, 0xff, 0xff, 0xff, 0xff, 0xff, 0xff, 0xff, 0xff, 0xff, 0xff, 0xff,
    0xff, 0xff, 0xff, 0xff, 0xff, 0xff, 0xff, 0xff, 0xff, 0xff, 0xff, 0xff,
    0xff, 0xff, 0xff, 0xff, 0xff, 0xff, 0xff, 0xff, 0xff, 0xff, 0xff, 0xff,
    0xff, 0xff, 0xff, 0xff, 0xff, 0xff, 0xff, 0xff, 0xff, 0xff, 0xff, 0xff,
    0xff, 0xff, 0xff, 0xff, 0xff, 0xff, 0x55, 0xbd, 0x55, 0xbd, 0x75, 0xc5,
    0x75, 0xbd, 0x95, 0xbd, 0x96, 0xc5, 0xb6, 0xc5, 0xb5, 0xc5, 0xb6, 0xc5,
    0xb6, 0xc5, 0xd6, 0xcd, 0xd6, 0xc5, 0xd6, 0xcd, 0xf6, 0xcd, 0xd7, 0xcd,
    0xf7, 0xcd, 0xd7, 0xcd, 0xf6, 0xcd, 0xf6, 0xcd, 0xd7, 0xcd, 0xf6, 0xcd,
    0xf7, 0xcd, 0xf7, 0xcd, 0xd7, 0xcd, 0xd6, 0xcd, 0xf7, 0xcd, 0xd6, 0xcd,
    0xf6, 0xc5, 0xd6, 0xcd, 0xd7, 0xcd, 0xd6, 0xcd, 0xd6, 0xc5, 0xd6, 0xc5,
    0xd6, 0xcd, 0xd6, 0xcd, 0xd6, 0xcd, 0xf6, 0xc5, 0xd6, 0xcd, 0xf6, 0xcd,
    0xf6, 0xcd, 0xf6, 0xcd, 0xf7, 0xd5, 0x17, 0xce, 0x17, 0xd6, 0x17, 0xce,
    0x37, 0xd6, 0x37, 0xd6, 0x38, 0xd6, 0x58, 0xde, 0x58, 0xde, 0x58, 0xde,
    0x78, 0xde, 0x99, 0xde, 0x79, 0xe6, 0x99, 0xe6, 0x99, 0xe6, 0xba, 0xe6,
    0xda, 0xe6, 0xfa, 0xe6, 0xda, 0xe6, 0xfb, 0xee, 0xfb, 0xee, 0x1b, 0xef,
    0x1b, 0xef, 0x1b, 0xf7, 0x3b, 0xf7, 0x3b, 0xef, 0x1b, 0xf7, 0x1b, 0xef,
    0x3b, 0xf7, 0x3b, 0xef, 0x1b, 0xef, 0x3b, 0xf7, 0x1c, 0xf7, 0x3b, 0xef,
    0x3b, 0xef, 0x3b, 0xf7, 0x3b, 0xf7, 0x3c, 0xef, 0x3b, 0xef, 0x3c, 0xf7,
    0x3c, 0xf7, 0x5c, 0xf7, 0x5c, 0xef, 0x5c, 0xf7, 0x3c, 0xf7, 0x5c, 0xf7,
    0x9d, 0xff, 0x1c, 0xef, 0xfa, 0xee, 0x1b, 0xef, 0x9d, 0xff, 0x9d, 0xf7,
    0x1b, 0xef, 0x3c, 0xf7, 0x7d, 0xf7, 0x3c, 0xef, 0x3b, 0xf7, 0x7d, 0xff,
    0x9d, 0xf7, 0x3b, 0xef, 0xdb, 0xe6, 0x3c, 0xef, 0x3c, 0xf7, 0xfb, 0xe6,
    0x7a, 0xd6, 0xba, 0xe6, 0x99, 0xe6, 0xd7, 0xc5, 0x34, 0xad, 0x75, 0xbd,
    0x54, 0xbd, 0x13, 0xad, 0x14, 0xb5, 0x75, 0xc5, 0x13, 0xad, 0xb2, 0xa4,
    0xb2, 0xac, 0xce, 0x83, 0x30, 0x9c, 0xb2, 0xac, 0x0f, 0x8c, 0x8d, 0x7b,
    0xb0, 0xb4, 0xd2, 0xb4, 0x33, 0xc5, 0xad, 0x8b, 0xd0, 0xb4, 0x50, 0x9c,
    0xf2, 0xb4, 0x2f, 0x9c, 0x6c, 0x8b, 0xea, 0x6a, 0x69, 0x62, 0x89, 0x5a,
    0x28, 0x52, 0x89, 0x62, 0x28, 0x4a, 0x68, 0x62, 0xc9, 0x6a, 0x4b, 0x83,
    0xa9, 0x6a, 0x18, 0xd6, 0xcd, 0x93, 0xcd, 0x93, 0x38, 0xd6, 0xec, 0xa3,
    0x8f, 0xb4, 0xaf, 0xbc, 0x8f, 0xb4, 0xd1, 0xbc, 0xaf, 0xbc, 0x4d, 0xac,
    0x30, 0xcd, 0xd1, 0xc4, 0x8f, 0xbc, 0xaf, 0xbc, 0x0d, 0xac, 0x57, 0xe6,
    0x2e, 0xac, 0xaf, 0xc4, 0x51, 0xcd, 0xd0, 0xbc, 0x10, 0xcd, 0x93, 0xd5,
    0xf5, 0xdd, 0xf4, 0xdd, 0x93, 0xd5, 0x77, 0xee, 0x93, 0xd5, 0x94, 0xd5,
    0xf5, 0xdd, 0x52, 0xcd, 0x73, 0xd5, 0x97, 0xe6, 0xb4, 0xdd, 0x56, 0xee,
    0xb7, 0xee, 0x35, 0xe6, 0xb8, 0xf6, 0x56, 0xe6, 0x97, 0xf6, 0x56, 0xe6,
    0x16, 0xe6, 0x77, 0xee, 0x56, 0xee, 0x77, 0xee, 0x16, 0xe6, 0xf5, 0xe5,
    0x57, 0xee, 0x53, 0xdd, 0xf1, 0xcc, 0x1a, 0xff, 0x57, 0xee, 0xf2, 0xd4,
    0xf2, 0xcc, 0xb5, 0xe5, 0xd5, 0xe5, 0x98, 0xee, 0xf1, 0xd4, 0xf5, 0xe5,
    0x36, 0xe6, 0x12, 0xdd, 0x0e, 0xd4, 0xcd, 0xcb, 0x90, 0xd4, 0xf2, 0xdc,
    0x90, 0xdc, 0x2e, 0xdc, 0xee, 0xdb, 0xad, 0xe3, 0xed, 0xeb, 0x2e, 0xf4,
    0xb0, 0xfc, 0xb4, 0xfd, 0x98, 0xfe, 0x1a, 0xff, 0x9d, 0xff, 0xff, 0xff,
    0xff, 0xff, 0xff, 0xff, 0xde, 0xff, 0xff, 0xff, 0xff, 0xff, 0xff, 0xff,
    0xff, 0xff, 0xff, 0xff, 0xff, 0xff, 0xff, 0xff, 0xff, 0xff, 0xff, 0xff,
    0xff, 0xff, 0xff, 0xff, 0xff, 0xff, 0xff, 0xff, 0xff, 0xff, 0xff, 0xff,
    0xff, 0xff, 0xff, 0xff, 0xff, 0xff, 0xff, 0xff, 0xff, 0xff, 0xff, 0xff,
    0xff, 0xff, 0xff, 0xff, 0xff, 0xff, 0xff, 0xff, 0xff, 0xff, 0xff, 0xff,
    0xff, 0xff, 0xff, 0xff, 0xff, 0xff, 0xff, 0xff, 0xff, 0xff, 0xff, 0xff,
    0xff, 0xff, 0xff, 0xff, 0xff, 0xff, 0xff, 0xff, 0xff, 0xff, 0xff, 0xff,
    0xff, 0xff, 0xff, 0xff, 0xff, 0xff, 0xff, 0xff, 0xff, 0xff, 0xff, 0xff,
    0xff, 0xff, 0xff, 0xff, 0xff, 0xff, 0xff, 0xff, 0xff, 0xff, 0xff, 0xff,
    0xff, 0xff, 0xff, 0xff, 0xff, 0xff, 0xff, 0xff, 0xff, 0xff, 0xff, 0xff,
    0xff, 0xff, 0xff, 0xff, 0xdf, 0xff, 0xdf, 0xf7, 0xbe, 0xff, 0x9e, 0xf7,
    0x9e, 0xf7, 0x9e, 0xf7, 0x9e, 0xf7, 0x7e, 0xf7, 0x9e, 0xf7, 0x9e, 0xff,
    0xbf, 0xff, 0xdf, 0xff, 0xff, 0xff, 0xff, 0xff, 0xff, 0xff, 0xff, 0xff,
    0xff, 0xff, 0xff, 0xff, 0xff, 0xff, 0xff, 0xff, 0xff, 0xff, 0xff, 0xff,
    0xff, 0xff, 0xff, 0xff, 0xff, 0xff, 0xff, 0xff, 0xff, 0xff, 0xff, 0xff,
    0xff, 0xff, 0xff, 0xff, 0xff, 0xff, 0xff, 0xff, 0xff, 0xff, 0xff, 0xff,
    0xff, 0xff, 0xff, 0xff, 0xff, 0xff, 0xff, 0xff, 0x55, 0xbd, 0x54, 0xbd,
    0x75, 0xbd, 0x75, 0xbd, 0x75, 0xc5, 0x95, 0xc5, 0x95, 0xc5, 0xb6, 0xc5,
    0xb6, 0xc5, 0xb6, 0xcd, 0xd6, 0xcd, 0xd6, 0xcd, 0xd7, 0xc5, 0xf6, 0xcd,
    0xd6, 0xcd, 0xd6, 0xcd, 0xf7, 0xcd, 0xf6, 0xcd, 0xd7, 0xcd, 0xf6, 0xcd,
    0xd7, 0xc5, 0xd6, 0xcd, 0xd7, 0xcd, 0xf6, 0xcd, 0xd6, 0xcd, 0xf6, 0xcd,
    0xf7, 0xc5, 0xd6, 0xcd, 0xd6, 0xcd, 0xd6, 0xcd, 0xd6, 0xc5, 0xd6, 0xcd,
    0xd6, 0xcd, 0xd6, 0xcd, 0xd6, 0xc5, 0xd7, 0xcd, 0xd6, 0xcd, 0xf6, 0xcd,
    0xd7, 0xcd, 0xf7, 0xcd, 0xf7, 0xcd, 0xf7, 0xcd, 0x17, 0xd6, 0x17, 0xce,
    0x17, 0xd6, 0x18, 0xd6, 0x37, 0xd6, 0x38, 0xde, 0x58, 0xd6, 0x58, 0xd6,
    0x58, 0xde, 0x78, 0xde, 0x79, 0xde, 0x99, 0xde, 0xb9, 0xe6, 0xb9, 0xde,
    0xb9, 0xe6, 0xda, 0xe6, 0xba, 0xee, 0xda, 0xee, 0xfa, 0xee, 0x1b, 0xef,
    0xfa, 0xee, 0x1b, 0xef, 0x1c, 0xf7, 0x1c, 0xef, 0x3b, 0xef, 0x1c, 0xf7,
    0x1b, 0xef, 0x3b, 0xf7, 0x1b, 0xf7, 0x3b, 0xf7, 0x3b, 0xf7, 0x3c, 0xf7,
    0x3b, 0xf7, 0x1c, 0xef, 0x3c, 0xef, 0x1b, 0xef, 0x3b, 0xf7, 0x3b, 0xf7,
    0x3b, 0xf7, 0x3c, 0xef, 0x5c, 0xf7, 0x5c, 0xf7, 0x5c, 0xf7, 0x7c, 0xff,
    0x1c, 0xef, 0x7d, 0xf7, 0x5c, 0xf7, 0xfb, 0xe6, 0xfa, 0xee, 0x7d, 0xf7,
    0xbe, 0xff, 0x3c, 0xf7, 0xfb, 0xe6, 0x7d, 0xf7, 0x3c, 0xf7, 0xfb, 0xee,
    0x5d, 0xf7, 0x9d, 0xf7, 0x3d, 0xf7, 0xba, 0xde, 0xdb, 0xe6, 0x3c, 0xef,
    0xdb, 0xde, 0xd7, 0xc5, 0xf7, 0xcd, 0xb6, 0xbd, 0x75, 0xbd, 0xd3, 0xac,
    0xb2, 0xa4, 0x33, 0xb5, 0xb2, 0xa4, 0x92, 0x9c, 0x33, 0xb5, 0x71, 0x9c,
    0x30, 0x8c, 0x91, 0xa4, 0xce, 0x83, 0x8d, 0x7b, 0x13, 0xb5, 0x2f, 0x9c,
    0x8d, 0x83, 0x8d, 0x83, 0xb1, 0xac, 0x33, 0xbd, 0xf1, 0xb4, 0xee, 0x93,
    0xce, 0x93, 0xd1, 0xb4, 0x0e, 0x94, 0x8c, 0x8b, 0xea, 0x6a, 0xaa, 0x6a,
    0xa9, 0x6a, 0x68, 0x5a, 0x48, 0x52, 0x48, 0x5a, 0x28, 0x52, 0x48, 0x5a,
    0xea, 0x7a, 0x88, 0x6a, 0xd7, 0xcd, 0xcd, 0x93, 0xcd, 0x9b, 0x79, 0xde,
    0x8c, 0x93, 0x2d, 0xac, 0x8e, 0xb4, 0x10, 0xcd, 0x6e, 0xb4, 0xaf, 0xbc,
    0x0d, 0xa4, 0x31, 0xcd, 0x8f, 0xbc, 0x0d, 0xa4, 0xaf, 0xbc, 0xec, 0xa3,
    0x78, 0xe6, 0xf1, 0xbc, 0xf0, 0xc4, 0x31, 0xcd, 0x11, 0xc5, 0x10, 0xc5,
    0x31, 0xd5, 0x15, 0xe6, 0xb3, 0xd5, 0xd4, 0xdd, 0xd5, 0xd5, 0x30, 0xcd,
    0xd3, 0xdd, 0xb3, 0xd5, 0xb4, 0xd5, 0x15, 0xe6, 0x15, 0xde, 0xd4, 0xdd,
    0x56, 0xee, 0x77, 0xee, 0xf5, 0xe5, 0x77, 0xee, 0x57, 0xee, 0x78, 0xee,
    0x98, 0xf6, 0x35, 0xe6, 0xfa, 0xf6, 0x57, 0xe6, 0x98, 0xee, 0x16, 0xe6,
    0x16, 0xe6, 0xf6, 0xe5, 0xb4, 0xd5, 0xb8, 0xf6, 0x98, 0xee, 0x36, 0xee,
    0x53, 0xd5, 0x77, 0xee, 0x77, 0xee, 0x98, 0xee, 0x36, 0xee, 0x36, 0xee,
    0x36, 0xe6, 0x77, 0xee, 0x74, 0xe5, 0x74, 0xdd, 0x94, 0xe5, 0x16, 0xee,
    0x33, 0xdd, 0x6f, 0xdc, 0x0e, 0xdc, 0xcd, 0xdb, 0xac, 0xdb, 0xad, 0xe3,
    0x0d, 0xec, 0xd1, 0xf4, 0xd4, 0xfd, 0x57, 0xfe, 0xf9, 0xfe, 0x7b, 0xff,
    0xbd, 0xff, 0xff, 0xff, 0xff, 0xff, 0xdf, 0xff, 0xff, 0xff, 0xff, 0xff,
    0xff, 0xff, 0xff, 0xff, 0xff, 0xff, 0xff, 0xff, 0xff, 0xff, 0xff, 0xff,
    0xff, 0xff, 0xff, 0xff, 0xff, 0xff, 0xff, 0xff, 0xff, 0xff, 0xff, 0xff,
    0xff, 0xff, 0xff, 0xff, 0xff, 0xff, 0xff, 0xff, 0xff, 0xff, 0xff, 0xff,
    0xff, 0xff, 0xff, 0xff, 0xff, 0xff, 0xff, 0xff, 0xff, 0xff, 0xff, 0xff,
    0xff, 0xff, 0xff, 0xff, 0xff, 0xff, 0xff, 0xff, 0xff, 0xff, 0xff, 0xff,
    0xff, 0xff, 0xff, 0xff, 0xff, 0xff, 0xff, 0xff, 0xff, 0xff, 0xff, 0xff,
    0xff, 0xff, 0xff, 0xff, 0xff, 0xff, 0xff, 0xff, 0xff, 0xff, 0xff, 0xff,
    0xff, 0xff, 0xff, 0xff, 0xff, 0xff, 0xff, 0xff, 0xff, 0xff, 0xff, 0xff,
    0xff, 0xff, 0xff, 0xff, 0xff, 0xff, 0xff, 0xff, 0xff, 0xff, 0xff, 0xff,
    0xff, 0xff, 0xff, 0xff, 0xff, 0xff, 0xdf, 0xff, 0xdf, 0xff, 0x9e, 0xf7,
    0x9e, 0xf7, 0x9e, 0xf7, 0x7e, 0xf7, 0x7e, 0xf7, 0x9d, 0xf7, 0x9e, 0xf7,
    0xbe, 0xff, 0xbf, 0xff, 0xdf, 0xff, 0xdf, 0xff, 0xff, 0xff, 0xff, 0xff,
    0xff, 0xff, 0xff, 0xff, 0xff, 0xff, 0xff, 0xff, 0xff, 0xff, 0xff, 0xff,
    0xff, 0xff, 0xff, 0xff, 0xff, 0xff, 0xff, 0xff, 0xff, 0xff, 0xff, 0xff,
    0xff, 0xff, 0xff, 0xff, 0xff, 0xff, 0xff, 0xff, 0xff, 0xff, 0xff, 0xff,
    0xff, 0xff, 0xff, 0xff, 0xff, 0xff, 0xff, 0xff, 0xff, 0xff, 0x54, 0xbd,
    0x54, 0xbd, 0x75, 0xbd, 0x95, 0xbd, 0x95, 0xbd, 0x75, 0xc5, 0x96, 0xc5,
    0xb5, 0xbd, 0xb6, 0xc5, 0xb6, 0xc5, 0xb6, 0xc5, 0xd6, 0xcd, 0xb6, 0xc5,
    0xf6, 0xc5, 0xd6, 0xc5, 0xd6, 0xcd, 0xd7, 0xc5, 0xf6, 0xcd, 0xd7, 0xcd,
    0xf7, 0xcd, 0xf6, 0xcd, 0xd6, 0xcd, 0xd6, 0xcd, 0xd6, 0xcd, 0xd7, 0xc5,
    0xd6, 0xcd, 0xd6, 0xcd, 0xb6, 0xc5, 0xd6, 0xcd, 0xd6, 0xc5, 0xd6, 0xc5,
    0xb6, 0xc5, 0xd6, 0xcd, 0xd6, 0xc5, 0xd6, 0xc5, 0xd7, 0xcd, 0xd6, 0xc5,
    0xd6, 0xcd, 0xd7, 0xcd, 0xf6, 0xcd, 0xf6, 0xcd, 0xf7, 0xcd, 0xf7, 0xcd,
    0x17, 0xce, 0x17, 0xd6, 0x17, 0xd6, 0x38, 0xd6, 0x58, 0xd6, 0x58, 0xd6,
    0x58, 0xde, 0x58, 0xde, 0x79, 0xde, 0x79, 0xde, 0x78, 0xde, 0x99, 0xde,
    0xb9, 0xe6, 0xba, 0xe6, 0xba, 0xe6, 0xda, 0xe6, 0xda, 0xe6, 0xfa, 0xee,
    0xfa, 0xee, 0x1b, 0xef, 0x1b, 0xef, 0x1b, 0xef, 0x3c, 0xf7, 0x1b, 0xf7,
    0x3b, 0xef, 0x3b, 0xef, 0x1b, 0xef, 0x1c, 0xef, 0x1b, 0xef, 0x3b, 0xf7,
    0x3b, 0xf7, 0x3c, 0xef, 0x3b, 0xef, 0x1b, 0xf7, 0x1c, 0xef, 0x1b, 0xef,
    0x3c, 0xf7, 0x1b, 0xf7, 0x3b, 0xf7, 0x3c, 0xf7, 0x5c, 0xff, 0x5c, 0xf7,
    0x7c, 0xf7, 0x7c, 0xf7, 0x3c, 0xef, 0x5c, 0xf7, 0xfb, 0xee, 0xda, 0xe6,
    0x1c, 0xf7, 0xbe, 0xff, 0x7d, 0xff, 0xfb, 0xe6, 0xfc, 0xe6, 0x7c, 0xf7,
    0xdb, 0xe6, 0x1c, 0xef, 0x5c, 0xf7, 0x5c, 0xf7, 0xfa, 0xee, 0x9a, 0xde,
    0x1b, 0xef, 0x79, 0xd6, 0x34, 0xad, 0x13, 0xad, 0xd3, 0xac, 0xd2, 0xac,
    0xd2, 0xac, 0x92, 0x9c, 0xd2, 0xb4, 0xb1, 0xa4, 0x0f, 0x8c, 0xb1, 0xa4,
    0xef, 0x8b, 0x8e, 0x83, 0xef, 0x9b, 0xad, 0x8b, 0xeb, 0x6a, 0x52, 0xc5,
    0x4c, 0x7b, 0x70, 0xac, 0x0b, 0x6b, 0x90, 0xa4, 0x0e, 0x9c, 0x53, 0xc5,
    0x8c, 0x7b, 0xee, 0x9b, 0x0f, 0x9c, 0xad, 0x8b, 0x4b, 0x83, 0xaa, 0x62,
    0xca, 0x72, 0x48, 0x52, 0x28, 0x52, 0x08, 0x4a, 0x69, 0x62, 0xe7, 0x49,
    0x48, 0x62, 0x69, 0x62, 0x27, 0x5a, 0x95, 0xc5, 0x4d, 0x7b, 0xac, 0x93,
    0x96, 0xc5, 0xee, 0x9b, 0xac, 0x9b, 0xac, 0x9b, 0x31, 0xcd, 0x4e, 0xac,
    0x2e, 0xac, 0xcc, 0x9b, 0xf0, 0xc4, 0x8f, 0xbc, 0x6f, 0xb4, 0x6e, 0xb4,
    0xec, 0xa3, 0xb8, 0xe6, 0xd0, 0xc4, 0xaf, 0xb4, 0x51, 0xcd, 0x11, 0xcd,
    0xaf, 0xbc, 0x52, 0xcd, 0x92, 0xd5, 0x31, 0xcd, 0x57, 0xe6, 0xf1, 0xbc,
    0x73, 0xd5, 0x52, 0xd5, 0xd4, 0xdd, 0x51, 0xcd, 0xb4, 0xdd, 0x15, 0xe6,
    0xb3, 0xdd, 0x56, 0xe6, 0x98, 0xee, 0x77, 0xee, 0x97, 0xee, 0x77, 0xee,
    0x77, 0xee, 0xd4, 0xdd, 0x77, 0xee, 0x77, 0xee, 0x57, 0xee, 0x56, 0xee,
    0x97, 0xf6, 0xd5, 0xdd, 0xf5, 0xe5, 0x97, 0xf6, 0x56, 0xe6, 0x98, 0xf6,
    0x16, 0xee, 0x77, 0xf6, 0xb8, 0xee, 0x36, 0xee, 0xd9, 0xf6, 0x36, 0xe6,
    0x57, 0xee, 0xd9, 0xf6, 0xb9, 0xf6, 0x98, 0xee, 0x98, 0xee, 0xf5, 0xed,
    0x12, 0xd5, 0xd1, 0xd4, 0x12, 0xdd, 0x4f, 0xdc, 0x8c, 0xd3, 0xac, 0xdb,
    0xee, 0xe3, 0x2e, 0xec, 0xd0, 0xf4, 0x93, 0xfd, 0x16, 0xfe, 0xb8, 0xfe,
    0xf9, 0xfe, 0x9d, 0xff, 0xff, 0xff, 0xff, 0xff, 0xdf, 0xff, 0xde, 0xff,
    0xdf, 0xff, 0xdf, 0xff, 0xdf, 0xff, 0xff, 0xff, 0xff, 0xff, 0xff, 0xff,
    0xff, 0xff, 0xff, 0xff, 0xff, 0xff, 0xff, 0xff, 0xff, 0xff, 0xff, 0xff,
    0xff, 0xff, 0xff, 0xff, 0xff, 0xff, 0xff, 0xff, 0xff, 0xff, 0xff, 0xff,
    0xff, 0xff, 0xff, 0xff, 0xff, 0xff, 0xff, 0xff, 0xff, 0xff, 0xff, 0xff,
    0xff, 0xff, 0xff, 0xff, 0xff, 0xff, 0xff, 0xff, 0xff, 0xff, 0xff, 0xff,
    0xff, 0xff, 0xff, 0xff, 0xff, 0xff, 0xff, 0xff, 0xff, 0xff, 0xff, 0xff,
    0xff, 0xff, 0xff, 0xff, 0xff, 0xff, 0xff, 0xff, 0xff, 0xff, 0xff, 0xff,
    0xff, 0xff, 0xff, 0xff, 0xff, 0xff, 0xff, 0xff, 0xff, 0xff, 0xff, 0xff,
    0xff, 0xff, 0xff, 0xff, 0xff, 0xff, 0xff, 0xff, 0xff, 0xff, 0xff, 0xff,
    0xff, 0xff, 0xff, 0xff, 0xff, 0xff, 0xdf, 0xff, 0xdf, 0xff, 0xbf, 0xff,
    0xbe, 0xf7, 0x9e, 0xf7, 0x7e, 0xf7, 0x9d, 0xf7, 0x7d, 0xf7, 0x7e, 0xf7,
    0x9e, 0xf7, 0x9e, 0xf7, 0xbf, 0xf7, 0xdf, 0xff, 0xff, 0xff, 0xff, 0xff,
    0xff, 0xff, 0xff, 0xff, 0xff, 0xff, 0xff, 0xff, 0xff, 0xff, 0xff, 0xff,
    0xff, 0xff, 0xff, 0xff, 0xff, 0xff, 0xff, 0xff, 0xff, 0xff, 0xff, 0xff,
    0xff, 0xff, 0xff, 0xff, 0xff, 0xff, 0xff, 0xff, 0xff, 0xff, 0xff, 0xff,
    0xff, 0xff, 0xff, 0xff, 0xff, 0xff, 0xff, 0xff, 0xff, 0xff, 0xff, 0xff,
    0x54, 0xbd, 0x54, 0xbd, 0x54, 0xbd, 0x75, 0xbd, 0x75, 0xbd, 0x95, 0xbd,
    0x95, 0xc5, 0x95, 0xc5, 0xb6, 0xc5, 0x96, 0xc5, 0xb6, 0xcd, 0xd6, 0xc5,
    0xd6, 0xcd, 0xb6, 0xcd, 0xd6, 0xcd, 0xd6, 0xcd, 0xd7, 0xcd, 0xf6, 0xc5,
    0xd6, 0xc5, 0xd6, 0xcd, 0xd6, 0xcd, 0xd7, 0xc5, 0xf7, 0xcd, 0xd6, 0xcd,
    0xd6, 0xcd, 0xd6, 0xc5, 0xd6, 0xcd, 0xd6, 0xc5, 0xd6, 0xc5, 0xd6, 0xc5,
    0xd6, 0xc5, 0xd6, 0xcd, 0xb6, 0xcd, 0xd6, 0xc5, 0xd6, 0xcd, 0xd6, 0xcd,
    0xd6, 0xc5, 0xd6, 0xc5, 0xf6, 0xcd, 0xd7, 0xcd, 0xf6, 0xcd, 0x17, 0xce,
    0xf7, 0xd5, 0x17, 0xd6, 0x37, 0xd6, 0x38, 0xce, 0x37, 0xd6, 0x57, 0xd6,
    0x38, 0xde, 0x58, 0xd6, 0x58, 0xde, 0x78, 0xde, 0x79, 0xde, 0x79, 0xde,
    0x99, 0xe6, 0x99, 0xde, 0xb9, 0xe6, 0xba, 0xe6, 0xda, 0xee, 0xda, 0xee,
    0xda, 0xee, 0xfb, 0xee, 0x1b, 0xef, 0xfb, 0xf6, 0x3b, 0xef, 0x1b, 0xf7,
    0x3c, 0xf7, 0x3b, 0xf7, 0x3b, 0xf7, 0x1c, 0xef, 0x1b, 0xef, 0x3b, 0xef,
    0x1b, 0xef, 0x3c, 0xf7, 0x3b, 0xf7, 0x3b, 0xef, 0x1b, 0xf7, 0x3b, 0xf7,
    0x3b, 0xef, 0x1c, 0xef, 0x3b, 0xf7, 0x3b, 0xef, 0x3c, 0xef, 0x5c, 0xf7,
    0x5c, 0xf7, 0x7c, 0xf7, 0x9d, 0xff, 0x5d, 0xf7, 0x3c, 0xf7, 0x1c, 0xef,
    0xba, 0xde, 0xfb, 0xe6, 0x9d, 0xff, 0xbe, 0xf7, 0x3c, 0xf7, 0xba, 0xde,
    0x3c, 0xf7, 0x1b, 0xe7, 0x99, 0xde, 0xda, 0xe6, 0xfb, 0xe6, 0x99, 0xde,
    0x58, 0xde, 0x38, 0xce, 0x96, 0xc5, 0xd3, 0xac, 0x71, 0xa4, 0x91, 0xac,
    0x51, 0x94, 0xb1, 0xac, 0x71, 0x9c, 0xb2, 0xa4, 0x91, 0xa4, 0x6e, 0x7b,
    0xce, 0x93, 0xae, 0x8b, 0x6d, 0x83, 0x2b, 0x73, 0x4c, 0x7b, 0x0b, 0x7b,
    0x13, 0xbd, 0x8d, 0x83, 0xaa, 0x6a, 0x2e, 0xa4, 0xce, 0x93, 0x2f, 0xa4,
    0x90, 0xb4, 0xee, 0x8b, 0x2e, 0x9c, 0xee, 0x93, 0x2b, 0x7b, 0x2b, 0x83,
    0x48, 0x5a, 0x88, 0x62, 0x28, 0x52, 0x48, 0x5a, 0x48, 0x5a, 0x28, 0x52,
    0x28, 0x52, 0x48, 0x62, 0x48, 0x5a, 0x07, 0x4a, 0xf2, 0xb4, 0x8d, 0x7b,
    0x0a, 0x83, 0x70, 0xa4, 0x75, 0xc5, 0x2a, 0x8b, 0xac, 0x93, 0x8f, 0xbc,
    0xb0, 0xb4, 0xcc, 0x9b, 0xcc, 0xa3, 0x4e, 0xb4, 0xf1, 0xc4, 0x4d, 0xa4,
    0x0d, 0xa4, 0x0d, 0xac, 0x98, 0xe6, 0x4e, 0xac, 0x0d, 0xa4, 0x6e, 0xb4,
    0x72, 0xd5, 0xf0, 0xbc, 0xf0, 0xc4, 0x51, 0xcd, 0xf1, 0xc4, 0xb8, 0xf6,
    0xaf, 0xb4, 0x52, 0xcd, 0x31, 0xcd, 0x73, 0xcd, 0x94, 0xd5, 0xb4, 0xdd,
    0xb3, 0xd5, 0xf5, 0xdd, 0xd4, 0xdd, 0x56, 0xee, 0x77, 0xee, 0xf5, 0xdd,
    0x76, 0xee, 0x35, 0xe6, 0xd4, 0xdd, 0x98, 0xee, 0x16, 0xe6, 0x36, 0xe6,
    0x78, 0xee, 0xd4, 0xdd, 0xd4, 0xdd, 0x15, 0xe6, 0xf5, 0xdd, 0x58, 0xee,
    0x78, 0xee, 0x78, 0xee, 0x98, 0xee, 0x36, 0xe6, 0xb8, 0xf6, 0x36, 0xe6,
    0x57, 0xee, 0xb8, 0xf6, 0xd9, 0xf6, 0xb8, 0xee, 0xb8, 0xf6, 0x73, 0xdd,
    0x53, 0xdd, 0xd5, 0xe5, 0xd5, 0xe5, 0xf2, 0xdc, 0xee, 0xd3, 0xcd, 0xd3,
    0x0e, 0xdc, 0xed, 0xe3, 0xcd, 0xeb, 0x90, 0xec, 0x32, 0xf5, 0xf5, 0xf5,
    0x77, 0xfe, 0x98, 0xf6, 0x9d, 0xff, 0xde, 0xff, 0xff, 0xff, 0xff, 0xff,
    0xdf, 0xff, 0xdf, 0xff, 0xdf, 0xff, 0xdf, 0xff, 0xff, 0xff, 0xff, 0xff,
    0xff, 0xff, 0xff, 0xff, 0xff, 0xff, 0xff, 0xff, 0xff, 0xff, 0xff, 0xff,
    0xff, 0xff, 0xff, 0xff, 0xff, 0xff, 0xff, 0xff, 0xff, 0xff, 0xff, 0xff,
    0xff, 0xff, 0xff, 0xff, 0xff, 0xff, 0xff, 0xff, 0xff, 0xff, 0xff, 0xff,
    0xff, 0xff, 0xff, 0xff, 0xff, 0xff, 0xff, 0xff, 0xff, 0xff, 0xff, 0xff,
    0xff, 0xff, 0xff, 0xff, 0xff, 0xff, 0xff, 0xff, 0xff, 0xff, 0xff, 0xff,
    0xff, 0xff, 0xff, 0xff, 0xff, 0xff, 0xff, 0xff, 0xff, 0xff, 0xff, 0xff,
    0xff, 0xff, 0xff, 0xff, 0xff, 0xff, 0xff, 0xff, 0xff, 0xff, 0xff, 0xff,
    0xff, 0xff, 0xff, 0xff, 0xff, 0xff, 0xff, 0xff, 0xff, 0xff, 0xff, 0xff,
    0xff, 0xff, 0xff, 0xff, 0xff, 0xff, 0xff, 0xff, 0xff, 0xff, 0xdf, 0xff,
    0xbf, 0xff, 0xbe, 0xff, 0x9e, 0xf7, 0x7e, 0xf7, 0x7d, 0xf7, 0x7e, 0xef,
    0x9e, 0xf7, 0x9e, 0xf7, 0x9e, 0xff, 0xbe, 0xff, 0xdf, 0xff, 0xdf, 0xff,
    0xff, 0xff, 0xff, 0xff, 0xff, 0xff, 0xff, 0xff, 0xff, 0xff, 0xff, 0xff,
    0xff, 0xff, 0xff, 0xff, 0xff, 0xff, 0xff, 0xff, 0xff, 0xff, 0xff, 0xff,
    0xff, 0xff, 0xff, 0xff, 0xff, 0xff, 0xff, 0xff, 0xff, 0xff, 0xff, 0xff,
    0xff, 0xff, 0xff, 0xff, 0xff, 0xff, 0xff, 0xff, 0xff, 0xff, 0xff, 0xff,
    0xff, 0xff, 0x54, 0xb5, 0x54, 0xbd, 0x54, 0xbd, 0x75, 0xbd, 0x75, 0xbd,
    0x95, 0xbd, 0x95, 0xc5, 0x95, 0xc5, 0x96, 0xc5, 0xb5, 0xc5, 0xb6, 0xc5,
    0xd6, 0xcd, 0xd6, 0xc5, 0xd6, 0xcd, 0xd7, 0xc5, 0xd6, 0xc5, 0xd6, 0xcd,
    0xd6, 0xcd, 0xd6, 0xcd, 0xd6, 0xcd, 0xd7, 0xc5, 0xd6, 0xcd, 0xd6, 0xcd,
    0xd6, 0xcd, 0xd6, 0xcd, 0xd7, 0xc5, 0xd6, 0xc5, 0xd6, 0xcd, 0xb7, 0xcd,
    0xb6, 0xcd, 0xd6, 0xcd, 0xd6, 0xc5, 0xb6, 0xc5, 0xd6, 0xc5, 0xd6, 0xc5,
    0xd6, 0xc5, 0xd6, 0xc5, 0xd6, 0xcd, 0xd6, 0xcd, 0xd6, 0xcd, 0xf6, 0xcd,
    0xf7, 0xcd, 0x17, 0xce, 0x17, 0xd6, 0x17, 0xce, 0x37, 0xd6, 0x37, 0xd6,
    0x37, 0xde, 0x38, 0xd6, 0x58, 0xd6, 0x58, 0xde, 0x58, 0xde, 0x78, 0xde,
    0x99, 0xde, 0x99, 0xde, 0x99, 0xe6, 0xb9, 0xe6, 0xb9, 0xe6, 0xda, 0xe6,
    0xda, 0xe6, 0xfa, 0xe6, 0xfb, 0xe6, 0xfa, 0xee, 0x1b, 0xef, 0x3b, 0xef,
    0x3b, 0xef, 0x3b, 0xef, 0x3b, 0xf7, 0x1c, 0xef, 0x3b, 0xef, 0x1b, 0xf7,
    0x1b, 0xef, 0x1b, 0xef, 0x3b, 0xf7, 0x3c, 0xf7, 0x3b, 0xef, 0x1b, 0xef,
    0x3c, 0xef, 0x1b, 0xef, 0x1b, 0xef, 0x3b, 0xef, 0x3b, 0xef, 0x1b, 0xef,
    0x1c, 0xef, 0x3c, 0xf7, 0x3c, 0xf7, 0xbe, 0xff, 0x7d, 0xff, 0x5d, 0xf7,
    0x5c, 0xf7, 0xba, 0xde, 0xba, 0xe6, 0x5d, 0xf7, 0xbd, 0xff, 0x7d, 0xf7,
    0xda, 0xe6, 0x9b, 0xde, 0x1b, 0xf7, 0x59, 0xd6, 0x18, 0xce, 0x38, 0xce,
    0xb6, 0xbd, 0xd6, 0xcd, 0x55, 0xbd, 0x51, 0x94, 0x30, 0x8c, 0x50, 0x9c,
    0x0f, 0x94, 0xce, 0x83, 0x30, 0x9c, 0x50, 0x9c, 0x30, 0x94, 0x70, 0xa4,
    0xae, 0x8b, 0x6c, 0x7b, 0x4c, 0x7b, 0x0b, 0x73, 0x0b, 0x73, 0xea, 0x6a,
    0xcd, 0x93, 0x2c, 0x7b, 0x0e, 0x9c, 0xa9, 0x62, 0x6c, 0x83, 0x6f, 0xac,
    0x2e, 0x9c, 0x6d, 0x83, 0x4f, 0xa4, 0x2b, 0x7b, 0x6f, 0xac, 0x6c, 0x83,
    0x0a, 0x7b, 0x49, 0x5a, 0x68, 0x62, 0x28, 0x52, 0x27, 0x52, 0x28, 0x5a,
    0x48, 0x5a, 0x68, 0x62, 0x27, 0x52, 0x68, 0x62, 0x07, 0x52, 0xce, 0x93,
    0x71, 0x9c, 0x89, 0x6a, 0xac, 0x93, 0x38, 0xde, 0xea, 0x7a, 0xcc, 0x9b,
    0x2a, 0x83, 0x4f, 0xac, 0xd0, 0xbc, 0xcc, 0x9b, 0x2e, 0xac, 0xae, 0xbc,
    0xcc, 0x9b, 0x4e, 0xb4, 0xac, 0x9b, 0xb8, 0xee, 0x6f, 0xb4, 0xcd, 0xa3,
    0x2e, 0xac, 0x10, 0xc5, 0x6e, 0xac, 0x4e, 0xb4, 0x72, 0xd5, 0x32, 0xcd,
    0xb4, 0xd5, 0xaf, 0xc4, 0x31, 0xc5, 0x73, 0xd5, 0xf0, 0xc4, 0x52, 0xcd,
    0x92, 0xcd, 0x92, 0xd5, 0x93, 0xd5, 0x16, 0xe6, 0x15, 0xde, 0x56, 0xe6,
    0xf4, 0xe5, 0x77, 0xee, 0x72, 0xd5, 0x57, 0xe6, 0xd5, 0xdd, 0xf5, 0xe5,
    0x16, 0xde, 0x16, 0xe6, 0x36, 0xe6, 0xf5, 0xdd, 0x36, 0xee, 0xd4, 0xdd,
    0x98, 0xf6, 0x57, 0xe6, 0x77, 0xee, 0xd4, 0xd5, 0x36, 0xee, 0x77, 0xee,
    0x57, 0xee, 0x98, 0xee, 0xd9, 0xf6, 0x57, 0xee, 0xb8, 0xee, 0x57, 0xee,
    0x57, 0xf6, 0x98, 0xee, 0x93, 0xe5, 0x70, 0xd4, 0x4f, 0xd4, 0x2e, 0xd4,
    0xcd, 0xd3, 0xad, 0xd3, 0x8c, 0xdb, 0x8c, 0xe3, 0x4f, 0xec, 0x32, 0xed,
    0xf5, 0xed, 0xf5, 0xed, 0xb8, 0xf6, 0x7c, 0xff, 0x7c, 0xff, 0xbe, 0xff,
    0xff, 0xff, 0xdf, 0xff, 0xff, 0xff, 0xff, 0xff, 0xde, 0xff, 0xdf, 0xff,
    0xff, 0xff, 0xff, 0xff, 0xff, 0xff, 0xff, 0xff, 0xff, 0xff, 0xff, 0xff,
    0xff, 0xff, 0xff, 0xff, 0xff, 0xff, 0xff, 0xff, 0xff, 0xff, 0xff, 0xff,
    0xff, 0xff, 0xff, 0xff, 0xff, 0xff, 0xff, 0xff, 0xff, 0xff, 0xff, 0xff,
    0xff, 0xff, 0xff, 0xff, 0xff, 0xff, 0xff, 0xff, 0xff, 0xff, 0xff, 0xff,
    0xff, 0xff, 0xff, 0xff, 0xff, 0xff, 0xff, 0xff, 0xff, 0xff, 0xff, 0xff,
    0xff, 0xff, 0xff, 0xff, 0xff, 0xff, 0xff, 0xff, 0xff, 0xff, 0xff, 0xff,
    0xff, 0xff, 0xff, 0xff, 0xff, 0xff, 0xff, 0xff, 0xff, 0xff, 0xff, 0xff,
    0xff, 0xff, 0xff, 0xff, 0xff, 0xff, 0xff, 0xff, 0xff, 0xff, 0xff, 0xff,
    0xff, 0xff, 0xff, 0xff, 0xff, 0xff, 0xff, 0xff, 0xff, 0xff, 0xff, 0xff,
    0xdf, 0xff, 0xbf, 0xff, 0x9f, 0xff, 0x9e, 0xf7, 0x9d, 0xf7, 0x7e, 0xef,
    0x7d, 0xf7, 0x7e, 0xf7, 0x9e, 0xf7, 0x9e, 0xf7, 0xbf, 0xff, 0xdf, 0xff,
    0xff, 0xff, 0xff, 0xff, 0xff, 0xff, 0xff, 0xff, 0xff, 0xff, 0xff, 0xff,
    0xff, 0xff, 0xff, 0xff, 0xff, 0xff, 0xff, 0xff, 0xff, 0xff, 0xff, 0xff,
    0xff, 0xff, 0xff, 0xff, 0xff, 0xff, 0xff, 0xff, 0xff, 0xff, 0xff, 0xff,
    0xff, 0xff, 0xff, 0xff, 0xff, 0xff, 0xff, 0xff, 0xff, 0xff, 0xff, 0xff,
    0xff, 0xff, 0xff, 0xff, 0x34, 0xb5, 0x55, 0xbd, 0x54, 0xbd, 0x75, 0xbd,
    0x75, 0xbd, 0x75, 0xc5, 0x75, 0xc5, 0xb6, 0xbd, 0x95, 0xc5, 0xb6, 0xc5,
    0xb6, 0xc5, 0xb6, 0xcd, 0xb6, 0xcd, 0xd6, 0xc5, 0xd6, 0xcd, 0xd6, 0xc5,
    0xd7, 0xcd, 0xd6, 0xcd, 0xd6, 0xc5, 0xd7, 0xcd, 0xd6, 0xcd, 0xd6, 0xcd,
    0xd6, 0xc5, 0xd6, 0xcd, 0xd6, 0xc5, 0xd6, 0xcd, 0xb6, 0xc5, 0xd6, 0xcd,
    0xd6, 0xc5, 0xb6, 0xcd, 0xb6, 0xc5, 0xd6, 0xcd, 0xb6, 0xc5, 0xb6, 0xc5,
    0xd6, 0xc5, 0xd6, 0xcd, 0xd6, 0xcd, 0xd6, 0xc5, 0xd6, 0xcd, 0xd6, 0xcd,
    0xf7, 0xcd, 0xf6, 0xcd, 0xf7, 0xcd, 0xf7, 0xcd, 0x17, 0xd6, 0x17, 0xce,
    0x37, 0xd6, 0x38, 0xd6, 0x58, 0xd6, 0x57, 0xd6, 0x58, 0xde, 0x79, 0xde,
    0x78, 0xde, 0x78, 0xde, 0x99, 0xe6, 0x99, 0xe6, 0x99, 0xe6, 0xb9, 0xe6,
    0xda, 0xee, 0xda, 0xee, 0xfa, 0xee, 0xfa, 0xee, 0xfb, 0xee, 0x1b, 0xef,
    0x1b, 0xf7, 0x1b, 0xef, 0x1b, 0xef, 0x3b, 0xf7, 0x1b, 0xef, 0x1b, 0xf7,
    0x3c, 0xf7, 0x1b, 0xef, 0x1b, 0xef, 0x1b, 0xef, 0x3c, 0xef, 0x3c, 0xf7,
    0x1b, 0xef, 0x3b, 0xf7, 0x1b, 0xf7, 0x3b, 0xef, 0x1c, 0xef, 0x3b, 0xf7,
    0x1b, 0xf7, 0x1b, 0xef, 0x1b, 0xef, 0x3b, 0xf7, 0x7d, 0xff, 0xbe, 0xff,
    0x7c, 0xf7, 0x3c, 0xf7, 0xba, 0xe6, 0x9a, 0xde, 0xfa, 0xee, 0x5d, 0xf7,
    0x5c, 0xf7, 0x1b, 0xf7, 0x18, 0xce, 0xb9, 0xe6, 0x9a, 0xd6, 0xd7, 0xc5,
    0x54, 0xbd, 0x34, 0xb5, 0xb2, 0xac, 0x33, 0xad, 0xef, 0x8b, 0x4d, 0x73,
    0xb1, 0xac, 0xad, 0x7b, 0x8e, 0x8b, 0xce, 0x83, 0x0f, 0x9c, 0xce, 0x83,
    0x70, 0xac, 0xee, 0x9b, 0x6c, 0x7b, 0x2b, 0x73, 0xaa, 0x62, 0xaa, 0x62,
    0x89, 0x62, 0x0b, 0x73, 0x4c, 0x83, 0xcd, 0x93, 0xca, 0x62, 0x4b, 0x7b,
    0xcd, 0x9b, 0x4f, 0xa4, 0x4c, 0x7b, 0x4c, 0x8b, 0xad, 0x8b, 0x2f, 0xa4,
    0xee, 0x93, 0xea, 0x72, 0xa9, 0x6a, 0x48, 0x5a, 0x28, 0x52, 0xe7, 0x49,
    0x28, 0x5a, 0xe7, 0x41, 0xc7, 0x49, 0xea, 0x72, 0x49, 0x5a, 0x48, 0x5a,
    0xea, 0x72, 0x96, 0xbd, 0x27, 0x5a, 0x0a, 0x7b, 0xf7, 0xd5, 0x48, 0x62,
    0xac, 0x9b, 0x4b, 0x83, 0xea, 0x7a, 0x4e, 0xac, 0x0a, 0x7b, 0x4e, 0xac,
    0xf0, 0xc4, 0x8b, 0x93, 0x8f, 0xb4, 0xcc, 0xa3, 0x98, 0xee, 0x2e, 0xa4,
    0x2e, 0xac, 0x2a, 0x83, 0x31, 0xcd, 0x6f, 0xac, 0x2e, 0xa4, 0x51, 0xcd,
    0xb4, 0xd5, 0x6f, 0xac, 0x10, 0xc5, 0xaf, 0xbc, 0xb0, 0xc4, 0x92, 0xdd,
    0x92, 0xcd, 0x32, 0xc5, 0x51, 0xcd, 0x32, 0xcd, 0x72, 0xd5, 0xf4, 0xe5,
    0xd4, 0xdd, 0x73, 0xd5, 0x56, 0xe6, 0xf1, 0xbc, 0xb4, 0xdd, 0x36, 0xe6,
    0x31, 0xcd, 0xd4, 0xdd, 0xd4, 0xdd, 0x93, 0xd5, 0xb4, 0xd5, 0x73, 0xcd,
    0x56, 0xe6, 0xd5, 0xdd, 0xf5, 0xdd, 0xb3, 0xdd, 0xb5, 0xdd, 0x36, 0xe6,
    0x36, 0xe6, 0x57, 0xee, 0xb8, 0xf6, 0x57, 0xee, 0x16, 0xe6, 0x78, 0xf6,
    0x57, 0xe6, 0x57, 0xe6, 0x94, 0xe5, 0xb1, 0xd4, 0xb0, 0xd4, 0x2e, 0xd4,
    0x6c, 0xcb, 0x4c, 0xcb, 0x8c, 0xd3, 0x6c, 0xd3, 0xac, 0xdb, 0x6f, 0xe4,
    0x32, 0xe5, 0xb4, 0xe5, 0xd5, 0xe5, 0x97, 0xf6, 0xf9, 0xf6, 0xf9, 0xf6,
    0x9d, 0xff, 0xde, 0xff, 0xff, 0xff, 0xff, 0xff, 0xdf, 0xff, 0xbe, 0xff,
    0xbe, 0xf7, 0xdf, 0xff, 0xff, 0xff, 0xff, 0xff, 0xff, 0xff, 0xff, 0xff,
    0xff, 0xff, 0xff, 0xff, 0xff, 0xff, 0xff, 0xff, 0xff, 0xff, 0xff, 0xff,
    0xff, 0xff, 0xff, 0xff, 0xff, 0xff, 0xff, 0xff, 0xff, 0xff, 0xff, 0xff,
    0xff, 0xff, 0xff, 0xff, 0xff, 0xff, 0xff, 0xff, 0xff, 0xff, 0xff, 0xff,
    0xff, 0xff, 0xff, 0xff, 0xff, 0xff, 0xff, 0xff, 0xff, 0xff, 0xff, 0xff,
    0xff, 0xff, 0xff, 0xff, 0xff, 0xff, 0xff, 0xff, 0xff, 0xff, 0xff, 0xff,
    0xff, 0xff, 0xff, 0xff, 0xff, 0xff, 0xff, 0xff, 0xff, 0xff, 0xff, 0xff,
    0xff, 0xff, 0xff, 0xff, 0xff, 0xff, 0xff, 0xff, 0xff, 0xff, 0xff, 0xff,
    0xff, 0xff, 0xff, 0xff, 0xff, 0xff, 0xff, 0xff, 0xff, 0xff, 0xff, 0xff,
    0xff, 0xff, 0xdf, 0xff, 0xdf, 0xf7, 0xbe, 0xf7, 0x9d, 0xf7, 0x9d, 0xf7,
    0x7e, 0xf7, 0x7d, 0xf7, 0x7d, 0xf7, 0x7e, 0xf7, 0x9e, 0xf7, 0xbe, 0xf7,
    0xbf, 0xff, 0xdf, 0xff, 0xff, 0xff, 0xff, 0xff, 0xff, 0xff, 0xff, 0xff,
    0xff, 0xff, 0xff, 0xff, 0xff, 0xff, 0xff, 0xff, 0xff, 0xff, 0xff, 0xff,
    0xff, 0xff, 0xff, 0xff, 0xff, 0xff, 0xff, 0xff, 0xff, 0xff, 0xff, 0xff,
    0xff, 0xff, 0xff, 0xff, 0xff, 0xff, 0xff, 0xff, 0xff, 0xff, 0xff, 0xff,
    0xff, 0xff, 0xff, 0xff, 0xff, 0xff, 0x54, 0xbd, 0x34, 0xbd, 0x54, 0xbd,
    0x54, 0xbd, 0x74, 0xbd, 0x75, 0xbd, 0x75, 0xbd, 0x95, 0xc5, 0x95, 0xc5,
    0x95, 0xc5, 0xb6, 0xc5, 0x96, 0xc5, 0xb6, 0xc5, 0xd6, 0xc5, 0xb6, 0xcd,
    0xd6, 0xc5, 0xd6, 0xcd, 0xb6, 0xcd, 0xd6, 0xcd, 0xd7, 0xcd, 0xd6, 0xc5,
    0xd6, 0xc5, 0xd6, 0xcd, 0xd6, 0xc5, 0xd6, 0xc5, 0xd6, 0xcd, 0xb6, 0xc5,
    0xb6, 0xcd, 0xd6, 0xc5, 0xd6, 0xc5, 0xd6, 0xc5, 0xb6, 0xc5, 0xd5, 0xcd,
    0xb6, 0xcd, 0xd6, 0xcd, 0xb6, 0xcd, 0xb6, 0xc5, 0xd6, 0xcd, 0xd6, 0xc5,
    0xf7, 0xc5, 0xf6, 0xcd, 0xf6, 0xcd, 0xf7, 0xcd, 0x17, 0xce, 0x17, 0xce,
    0x17, 0xd6, 0x17, 0xd6, 0x37, 0xd6, 0x58, 0xde, 0x38, 0xde, 0x58, 0xde,
    0x58, 0xde, 0x78, 0xde, 0x99, 0xde, 0x99, 0xde, 0x99, 0xde, 0xb9, 0xe6,
    0xba, 0xe6, 0xd9, 0xe6, 0xda, 0xe6, 0xfb, 0xee, 0xfa, 0xe6, 0xfb, 0xee,
    0xfb, 0xee, 0x3b, 0xef, 0x3b, 0xf7, 0x1b, 0xef, 0x3c, 0xf7, 0x3b, 0xf7,
    0x3b, 0xef, 0x3b, 0xef, 0x3c, 0xf7, 0x1b, 0xef, 0x1b, 0xef, 0x3b, 0xef,
    0x3c, 0xf7, 0x1b, 0xef, 0x3b, 0xef, 0x3c, 0xf7, 0x3b, 0xef, 0x1b, 0xef,
    0x3c, 0xf7, 0x5c, 0xf7, 0x1b, 0xef, 0x1b, 0xe7, 0x1b, 0xef, 0x1b, 0xef,
    0x9d, 0xff, 0xbe, 0xff, 0x7d, 0xf7, 0x1c, 0xef, 0xb9, 0xde, 0x99, 0xde,
    0xba, 0xe6, 0xda, 0xe6, 0xb9, 0xde, 0x17, 0xd6, 0x56, 0xb5, 0x98, 0xde,
    0x96, 0xc5, 0xb2, 0xac, 0xd5, 0xc5, 0x71, 0x94, 0x71, 0xa4, 0xce, 0x83,
    0x0e, 0x94, 0xce, 0x8b, 0xee, 0x93, 0x4c, 0x7b, 0x0e, 0x94, 0x4c, 0x73,
    0x4c, 0x7b, 0x0f, 0x9c, 0xee, 0x93, 0x6c, 0x7b, 0xeb, 0x6a, 0xca, 0x6a,
    0x0b, 0x73, 0x69, 0x5a, 0x49, 0x5a, 0xad, 0x8b, 0x8d, 0x8b, 0xad, 0x8b,
    0x0a, 0x73, 0xea, 0x72, 0x90, 0xac, 0xcd, 0x93, 0xcd, 0x9b, 0x90, 0xac,
    0x2c, 0x7b, 0x31, 0xc5, 0xea, 0x72, 0x0a, 0x7b, 0x48, 0x5a, 0x48, 0x5a,
    0xe7, 0x41, 0x27, 0x5a, 0xe7, 0x41, 0xa6, 0x39, 0xe7, 0x49, 0x2b, 0x83,
    0xca, 0x6a, 0x07, 0x52, 0x9a, 0xe6, 0x48, 0x5a, 0xc9, 0x6a, 0xf2, 0xb4,
    0xce, 0x8b, 0x8b, 0x93, 0x2a, 0x83, 0xa9, 0x6a, 0xcd, 0xa3, 0x4b, 0x83,
    0xed, 0x9b, 0x8f, 0xbc, 0xac, 0x93, 0x2e, 0xac, 0xcc, 0x9b, 0xb8, 0xe6,
    0x4e, 0xac, 0x8f, 0xb4, 0x8b, 0x93, 0x31, 0xcd, 0x6e, 0xb4, 0x8f, 0xbc,
    0xf0, 0xbc, 0x36, 0xde, 0xcc, 0xa3, 0x52, 0xcd, 0x31, 0xcd, 0xaf, 0xb4,
    0x11, 0xc5, 0xaf, 0xbc, 0xaf, 0xbc, 0xcc, 0xa3, 0x52, 0xcd, 0x11, 0xc5,
    0x72, 0xcd, 0x93, 0xd5, 0x73, 0xd5, 0x11, 0xc5, 0xaf, 0xbc, 0x73, 0xdd,
    0xd0, 0xbc, 0xf1, 0xc4, 0xd4, 0xdd, 0xf1, 0xc4, 0x11, 0xcd, 0xf1, 0xbc,
    0x11, 0xcd, 0xf2, 0xc4, 0xf4, 0xd5, 0xd4, 0xdd, 0x12, 0xc5, 0xd5, 0xdd,
    0x17, 0xe6, 0x36, 0xe6, 0x98, 0xee, 0x37, 0xe6, 0xf6, 0xdd, 0x77, 0xee,
    0x15, 0xee, 0xd5, 0xdd, 0xb4, 0xdd, 0x90, 0xcc, 0x4f, 0xcc, 0x2e, 0xcc,
    0x8c, 0xc3, 0x4b, 0xc3, 0xac, 0xcb, 0x8c, 0xd3, 0x4b, 0xd3, 0xac, 0xd3,
    0x90, 0xdc, 0x32, 0xdd, 0x53, 0xdd, 0xb3, 0xe5, 0x56, 0xee, 0x56, 0xee,
    0xd9, 0xf6, 0x9d, 0xff, 0xbd, 0xff, 0xdf, 0xff, 0xdf, 0xff, 0xde, 0xff,
    0x7d, 0xf7, 0x5d, 0xef, 0xdf, 0xff, 0xff, 0xff, 0xff, 0xff, 0xff, 0xff,
    0xff, 0xff, 0xff, 0xff, 0xff, 0xff, 0xff, 0xff, 0xff, 0xff, 0xff, 0xff,
    0xff, 0xff, 0xff, 0xff, 0xff, 0xff, 0xff, 0xff, 0xff, 0xff, 0xff, 0xff,
    0xff, 0xff, 0xff, 0xff, 0xff, 0xff, 0xff, 0xff, 0xff, 0xff, 0xff, 0xff,
    0xff, 0xff, 0xff, 0xff, 0xff, 0xff, 0xff, 0xff, 0xff, 0xff, 0xff, 0xff,
    0xff, 0xff, 0xff, 0xff, 0xff, 0xff, 0xff, 0xff, 0xff, 0xff, 0xff, 0xff,
    0xff, 0xff, 0xff, 0xff, 0xff, 0xff, 0xff, 0xff, 0xff, 0xff, 0xff, 0xff,
    0xff, 0xff, 0xff, 0xff, 0xff, 0xff, 0xff, 0xff, 0xff, 0xff, 0xff, 0xff,
    0xff, 0xff, 0xff, 0xff, 0xff, 0xff, 0xff, 0xff, 0xff, 0xff, 0xff, 0xff,
    0xff, 0xff, 0xff, 0xff, 0xdf, 0xff, 0xbe, 0xff, 0x9e, 0xf7, 0x9e, 0xf7,
    0x7e, 0xef, 0x7d, 0xf7, 0x7e, 0xef, 0x7d, 0xf7, 0x7d, 0xf7, 0x9e, 0xf7,
    0x9e, 0xf7, 0xdf, 0xff, 0xdf, 0xff, 0xff, 0xff, 0xff, 0xff, 0xff, 0xff,
    0xff, 0xff, 0xff, 0xff, 0xff, 0xff, 0xff, 0xff, 0xff, 0xff, 0xff, 0xff,
    0xff, 0xff, 0xff, 0xff, 0xff, 0xff, 0xff, 0xff, 0xff, 0xff, 0xff, 0xff,
    0xff, 0xff, 0xff, 0xff, 0xff, 0xff, 0xff, 0xff, 0xff, 0xff, 0xff, 0xff,
    0xff, 0xff, 0xff, 0xff, 0xff, 0xff, 0xff, 0xff, 0x34, 0xb5, 0x54, 0xbd,
    0x54, 0xbd, 0x54, 0xbd, 0x75, 0xc5, 0x75, 0xbd, 0x75, 0xc5, 0x95, 0xc5,
    0x95, 0xc5, 0x95, 0xc5, 0xb6, 0xc5, 0xb6, 0xc5, 0xb5, 0xcd, 0xb6, 0xc5,
    0xb6, 0xc5, 0xd6, 0xcd, 0xb6, 0xcd, 0xb6, 0xc5, 0xd6, 0xc5, 0xb6, 0xcd,
    0xd6, 0xc5, 0xd6, 0xcd, 0xd6, 0xc5, 0xd6, 0xcd, 0xb6, 0xc5, 0xb6, 0xcd,
    0xb6, 0xcd, 0xb6, 0xc5, 0xb6, 0xc5, 0xd6, 0xcd, 0xb6, 0xc5, 0xb6, 0xc5,
    0xb6, 0xc5, 0xd6, 0xc5, 0xb6, 0xc5, 0xd6, 0xc5, 0xb6, 0xcd, 0xd6, 0xcd,
    0xd6, 0xcd, 0xd6, 0xcd, 0xd6, 0xcd, 0xf7, 0xcd, 0xf7, 0xd5, 0xf6, 0xd5,
    0x17, 0xd6, 0x17, 0xd6, 0x18, 0xd6, 0x37, 0xd6, 0x58, 0xd6, 0x58, 0xde,
    0x58, 0xde, 0x78, 0xde, 0x79, 0xde, 0x99, 0xde, 0x99, 0xe6, 0x99, 0xde,
    0xb9, 0xe6, 0xba, 0xe6, 0xba, 0xe6, 0xda, 0xe6, 0xfa, 0xe6, 0xfa, 0xee,
    0xfb, 0xee, 0x1b, 0xef, 0xfb, 0xee, 0x5c, 0xf7, 0x1b, 0xef, 0xfb, 0xee,
    0x3c, 0xf7, 0x1b, 0xef, 0x3b, 0xef, 0x3b, 0xf7, 0x3c, 0xf7, 0x1b, 0xef,
    0x1b, 0xef, 0x3b, 0xf7, 0x1b, 0xef, 0x1b, 0xef, 0x3b, 0xf7, 0x1b, 0xf7,
    0x1b, 0xef, 0x3b, 0xef, 0x5c, 0xf7, 0x3c, 0xf7, 0xfb, 0xee, 0xfb, 0xe6,
    0xfa, 0xe6, 0xfb, 0xee, 0x7c, 0xff, 0x7d, 0xff, 0x9d, 0xf7, 0x1b, 0xef,
    0x59, 0xde, 0x59, 0xd6, 0x59, 0xde, 0x38, 0xce, 0x75, 0xc5, 0x54, 0xb5,
    0xb5, 0xc5, 0x58, 0xe6, 0xd2, 0xa4, 0xf6, 0xcd, 0x13, 0xb5, 0x10, 0x94,
    0x0c, 0x6b, 0xb1, 0xb4, 0xeb, 0x6a, 0x50, 0xa4, 0x0b, 0x6b, 0x91, 0xac,
    0x8d, 0x83, 0x2b, 0x73, 0x6c, 0x83, 0x6c, 0x83, 0x2c, 0x7b, 0xcb, 0x6a,
    0x69, 0x5a, 0xa9, 0x72, 0xa9, 0x62, 0x28, 0x52, 0xea, 0x6a, 0x69, 0x5a,
    0xad, 0x93, 0x0b, 0x73, 0x4c, 0x8b, 0x0e, 0xa4, 0x4b, 0x7b, 0xee, 0x9b,
    0x8f, 0xac, 0xea, 0x72, 0x8c, 0x93, 0x0a, 0x73, 0xca, 0x72, 0x28, 0x5a,
    0x07, 0x4a, 0xe7, 0x49, 0xe7, 0x51, 0x07, 0x4a, 0xc7, 0x39, 0x07, 0x52,
    0x07, 0x52, 0x2b, 0x83, 0x27, 0x5a, 0x39, 0xde, 0x69, 0x62, 0x4b, 0x83,
    0x8c, 0x83, 0x33, 0xbd, 0x2b, 0x83, 0xea, 0x72, 0xe9, 0x72, 0x2b, 0x83,
    0xcc, 0x9b, 0x2b, 0x8b, 0xaf, 0xbc, 0xed, 0x9b, 0x4e, 0xac, 0xab, 0x9b,
    0xf6, 0xd5, 0x0e, 0xa4, 0x6f, 0xb4, 0x4e, 0xac, 0x2e, 0xa4, 0x4e, 0xac,
    0x6e, 0xb4, 0x73, 0xd5, 0x36, 0xe6, 0x4e, 0xac, 0xb0, 0xbc, 0x93, 0xd5,
    0xf0, 0xbc, 0xaf, 0xbc, 0x0d, 0xac, 0xd0, 0xbc, 0x6f, 0xac, 0x8f, 0xbc,
    0x11, 0xc5, 0x31, 0xcd, 0x8f, 0xb4, 0x73, 0xd5, 0x6e, 0xb4, 0xd3, 0xdd,
    0x31, 0xc5, 0xb0, 0xbc, 0x15, 0xe6, 0xf0, 0xc4, 0xb0, 0xbc, 0xb0, 0xbc,
    0x6f, 0xb4, 0x2e, 0xac, 0x32, 0xc5, 0x73, 0xd5, 0xb4, 0xd5, 0xf5, 0xdd,
    0x56, 0xe6, 0x16, 0xe6, 0x56, 0xee, 0xd4, 0xd5, 0x36, 0xe6, 0x57, 0xee,
    0x36, 0xe6, 0x53, 0xcd, 0x36, 0xee, 0x32, 0xd5, 0x4f, 0xcc, 0x4f, 0xcc,
    0xed, 0xcb, 0x4b, 0xc3, 0xac, 0xc3, 0xcd, 0xd3, 0x8c, 0xcb, 0x4b, 0xcb,
    0xcd, 0xd3, 0x90, 0xd4, 0x11, 0xd5, 0x32, 0xd5, 0x93, 0xdd, 0xb4, 0xdd,
    0xd5, 0xe5, 0xb9, 0xf6, 0x5b, 0xff, 0x7c, 0xff, 0xde, 0xff, 0xff, 0xff,
    0xde, 0xff, 0x5d, 0xf7, 0x3c, 0xef, 0xbf, 0xff, 0xff, 0xff, 0xff, 0xff,
    0xff, 0xff, 0xff, 0xff, 0xff, 0xff, 0xff, 0xff, 0xff, 0xff, 0xff, 0xff,
    0xff, 0xff, 0xff, 0xff, 0xff, 0xff, 0xff, 0xff, 0xff, 0xff, 0xff, 0xff,
    0xff, 0xff, 0xff, 0xff, 0xff, 0xff, 0xff, 0xff, 0xff, 0xff, 0xff, 0xff,
    0xff, 0xff, 0xff, 0xff, 0xff, 0xff, 0xff, 0xff, 0xff, 0xff, 0xff, 0xff,
    0xff, 0xff, 0xff, 0xff, 0xff, 0xff, 0xff, 0xff, 0xff, 0xff, 0xff, 0xff,
    0xff, 0xff, 0xff, 0xff, 0xff, 0xff, 0xff, 0xff, 0xff, 0xff, 0xff, 0xff,
    0xff, 0xff, 0xff, 0xff, 0xff, 0xff, 0xff, 0xff, 0xff, 0xff, 0xff, 0xff,
    0xff, 0xff, 0xff, 0xff, 0xff, 0xff, 0xff, 0xff, 0xff, 0xff, 0xff, 0xff,
    0xff, 0xff, 0xff, 0xff, 0xff, 0xff, 0xdf, 0xff, 0xbf, 0xff, 0xbe, 0xf7,
    0x7e, 0xf7, 0x7d, 0xf7, 0x5e, 0xf7, 0x5d, 0xf7, 0x7d, 0xef, 0x7e, 0xf7,
    0x7e, 0xf7, 0xbe, 0xf7, 0xdf, 0xff, 0xdf, 0xff, 0xff, 0xff, 0xff, 0xff,
    0xff, 0xff, 0xff, 0xff, 0xff, 0xff, 0xff, 0xff, 0xff, 0xff, 0xff, 0xff,
    0xff, 0xff, 0xff, 0xff, 0xff, 0xff, 0xff, 0xff, 0xff, 0xff, 0xff, 0xff,
    0xff, 0xff, 0xff, 0xff, 0xff, 0xff, 0xff, 0xff, 0xff, 0xff, 0xff, 0xff,
    0xff, 0xff, 0xff, 0xff, 0xff, 0xff, 0xff, 0xff, 0xff, 0xff, 0x34, 0xb5,
    0x54, 0xbd, 0x54, 0xbd, 0x54, 0xb5, 0x55, 0xbd, 0x55, 0xc5, 0x95, 0xbd,
    0x95, 0xbd, 0x95, 0xbd, 0x95, 0xc5, 0xb6, 0xc5, 0x95, 0xc5, 0xb6, 0xc5,
    0xb6, 0xc5, 0xb6, 0xcd, 0xd6, 0xc5, 0xb6, 0xc5, 0xd6, 0xc5, 0xd6, 0xcd,
    0xb6, 0xc5, 0xb6, 0xcd, 0xb6, 0xc5, 0xd6, 0xc5, 0xb6, 0xcd, 0xb6, 0xc5,
    0xb6, 0xc5, 0xb6, 0xc5, 0xb6, 0xc5, 0xd6, 0xc5, 0xf6, 0xd5, 0xb6, 0xcd,
    0xd6, 0xc5, 0xb6, 0xc5, 0xb6, 0xcd, 0xb6, 0xc5, 0xb6, 0xc5, 0xd6, 0xc5,
    0xd6, 0xc5, 0xd6, 0xcd, 0xd6, 0xcd, 0xd7, 0xcd, 0xf6, 0xcd, 0xf7, 0xcd,
    0xf7, 0xd5, 0x17, 0xce, 0x17, 0xd6, 0x37, 0xd6, 0x37, 0xd6, 0x37, 0xd6,
    0x38, 0xd6, 0x58, 0xde, 0x78, 0xd6, 0x78, 0xde, 0x79, 0xe6, 0x79, 0xde,
    0xb9, 0xde, 0x99, 0xe6, 0xba, 0xe6, 0xba, 0xe6, 0xda, 0xe6, 0xda, 0xee,
    0xda, 0xee, 0xfb, 0xee, 0xfa, 0xee, 0x1b, 0xef, 0x3c, 0xf7, 0x3c, 0xf7,
    0x1b, 0xef, 0x1b, 0xef, 0x1b, 0xef, 0x1b, 0xef, 0x1c, 0xf7, 0x5c, 0xf7,
    0x3b, 0xf7, 0x1b, 0xef, 0x1b, 0xef, 0x1b, 0xef, 0x1b, 0xef, 0x1b, 0xef,
    0x1c, 0xef, 0x3b, 0xef, 0x1b, 0xef, 0x3c, 0xf7, 0x7d, 0xff, 0x3c, 0xf7,
    0xfb, 0xee, 0x3b, 0xf7, 0xba, 0xde, 0xda, 0xee, 0x3c, 0xff, 0x9d, 0xff,
    0x3b, 0xef, 0x99, 0xe6, 0xb6, 0xc5, 0xf7, 0xd5, 0xf6, 0xcd, 0x13, 0xb5,
    0xd5, 0xd5, 0xd2, 0xac, 0x98, 0xe6, 0x94, 0xcd, 0xd2, 0xac, 0xd9, 0xee,
    0xef, 0x9b, 0x0b, 0x6b, 0xb0, 0xb4, 0xae, 0x8b, 0xaa, 0x62, 0x4f, 0x9c,
    0x50, 0xa4, 0x8d, 0x8b, 0xeb, 0x6a, 0xad, 0x8b, 0xaa, 0x62, 0x2b, 0x83,
    0xca, 0x72, 0xa9, 0x62, 0x69, 0x5a, 0xea, 0x72, 0x28, 0x52, 0x89, 0x62,
    0xa9, 0x62, 0xca, 0x6a, 0x2b, 0x7b, 0x2b, 0x83, 0x6c, 0x83, 0xac, 0x93,
    0x2b, 0x83, 0xad, 0x93, 0x6b, 0x8b, 0x2b, 0x83, 0xaa, 0x6a, 0xc9, 0x72,
    0x48, 0x5a, 0x48, 0x5a, 0x07, 0x52, 0x07, 0x4a, 0xe7, 0x51, 0xa6, 0x39,
    0x07, 0x52, 0x27, 0x5a, 0x27, 0x52, 0xea, 0x7a, 0x14, 0xb5, 0x10, 0x8c,
    0x2e, 0xac, 0x68, 0x62, 0x37, 0xde, 0x07, 0x5a, 0xa9, 0x6a, 0xa9, 0x6a,
    0x0a, 0x7b, 0xac, 0x93, 0x8c, 0x8b, 0xaf, 0xbc, 0xac, 0x9b, 0x0e, 0xa4,
    0xcc, 0x9b, 0x37, 0xde, 0x4a, 0x8b, 0xaf, 0xb4, 0xd0, 0xbc, 0xed, 0xa3,
    0x8e, 0xbc, 0x0d, 0xa4, 0x72, 0xcd, 0x36, 0xde, 0xec, 0x9b, 0x52, 0xcd,
    0xaf, 0xc4, 0xaf, 0xbc, 0xaf, 0xb4, 0x6e, 0xb4, 0x2d, 0xac, 0x8f, 0xb4,
    0x8f, 0xb4, 0x52, 0xcd, 0xf1, 0xbc, 0xaf, 0xbc, 0x31, 0xc5, 0x12, 0xc5,
    0xb4, 0xdd, 0x4f, 0xac, 0xf1, 0xcc, 0xf0, 0xbc, 0xf1, 0xc4, 0x8f, 0xac,
    0x4f, 0xac, 0x4e, 0xac, 0xd0, 0xbc, 0xd1, 0xbc, 0xf2, 0xc4, 0xd0, 0xb4,
    0x72, 0xcd, 0x32, 0xcd, 0xd5, 0xdd, 0x73, 0xcd, 0x94, 0xd5, 0x36, 0xe6,
    0xf4, 0xe5, 0x73, 0xd5, 0xd5, 0xdd, 0xb3, 0xdd, 0x90, 0xcc, 0x4f, 0xcc,
    0x2e, 0xc4, 0xad, 0xc3, 0x6c, 0xc3, 0xee, 0xcb, 0xcd, 0xcb, 0x4b, 0xc3,
    0x4b, 0xc3, 0xed, 0xcb, 0x90, 0xd4, 0xf1, 0xcc, 0x11, 0xd5, 0x32, 0xd5,
    0x33, 0xcd, 0xf4, 0xdd, 0x77, 0xe6, 0x77, 0xee, 0x3b, 0xff, 0xbe, 0xff,
    0xdf, 0xff, 0xdf, 0xff, 0x7d, 0xf7, 0x1c, 0xe7, 0x9f, 0xf7, 0xff, 0xff,
    0xff, 0xff, 0xff, 0xff, 0xff, 0xff, 0xff, 0xff, 0xff, 0xff, 0xff, 0xff,
    0xff, 0xff, 0xff, 0xff, 0xff, 0xff, 0xff, 0xff, 0xff, 0xff, 0xff, 0xff,
    0xff, 0xff, 0xff, 0xff, 0xff, 0xff, 0xff, 0xff, 0xff, 0xff, 0xff, 0xff,
    0xff, 0xff, 0xff, 0xff, 0xff, 0xff, 0xff, 0xff, 0xff, 0xff, 0xff, 0xff,
    0xff, 0xff, 0xff, 0xff, 0xff, 0xff, 0xff, 0xff, 0xff, 0xff, 0xff, 0xff,
    0xff, 0xff, 0xff, 0xff, 0xff, 0xff, 0xff, 0xff, 0xff, 0xff, 0xff, 0xff,
    0xff, 0xff, 0xff, 0xff, 0xff, 0xff, 0xff, 0xff, 0xff, 0xff, 0xff, 0xff,
    0xff, 0xff, 0xff, 0xff, 0xff, 0xff, 0xff, 0xff, 0xff, 0xff, 0xff, 0xff,
    0xff, 0xff, 0xff, 0xff, 0xff, 0xff, 0xff, 0xff, 0xdf, 0xff, 0xbf, 0xf7,
    0x9e, 0xf7, 0x9d, 0xf7, 0x7e, 0xf7, 0x5d, 0xf7, 0x5d, 0xf7, 0x7d, 0xef,
    0x7e, 0xf7, 0x7d, 0xf7, 0x9e, 0xf7, 0xbf, 0xff, 0xdf, 0xff, 0xff, 0xff,
    0xff, 0xff, 0xff, 0xff, 0xff, 0xff, 0xff, 0xff, 0xff, 0xff, 0xff, 0xff,
    0xff, 0xff, 0xff, 0xff, 0xff, 0xff, 0xff, 0xff, 0xff, 0xff, 0xff, 0xff,
    0xff, 0xff, 0xff, 0xff, 0xff, 0xff, 0xff, 0xff, 0xff, 0xff, 0xff, 0xff,
    0xff, 0xff, 0xff, 0xff, 0xff, 0xff, 0xff, 0xff, 0xff, 0xff, 0xff, 0xff,
    0x34, 0xb5, 0x34, 0xbd, 0x34, 0xbd, 0x54, 0xbd, 0x54, 0xbd, 0x75, 0xbd,
    0x95, 0xbd, 0x75, 0xbd, 0x95, 0xc5, 0x95, 0xc5, 0x96, 0xc5, 0xb6, 0xc5,
    0xb6, 0xc5, 0xb6, 0xcd, 0xb6, 0xc5, 0xb6, 0xc5, 0xb6, 0xc5, 0xb6, 0xcd,
    0xb6, 0xc5, 0xd6, 0xcd, 0xb6, 0xc5, 0xd6, 0xc5, 0xb6, 0xcd, 0xb6, 0xc5,
    0xb6, 0xcd, 0xb6, 0xc5, 0xd6, 0xc5, 0xb5, 0xc5, 0xb6, 0xc5, 0xf7, 0xcd,
    0xb6, 0xc5, 0xb6, 0xcd, 0xb5, 0xc5, 0xb6, 0xc5, 0xd6, 0xc5, 0xd6, 0xc5,
    0xd6, 0xc5, 0xb6, 0xc5, 0xd6, 0xcd, 0xd7, 0xcd, 0xd6, 0xc5, 0xf6, 0xcd,
    0xf6, 0xcd, 0xf7, 0xcd, 0x17, 0xce, 0x37, 0xd6, 0x37, 0xd6, 0x38, 0xd6,
    0x37, 0xd6, 0x58, 0xde, 0x58, 0xd6, 0x58, 0xde, 0x78, 0xde, 0x79, 0xde,
    0x99, 0xe6, 0x99, 0xe6, 0xb9, 0xe6, 0xb9, 0xe6, 0xda, 0xee, 0xda, 0xe6,
    0xfa, 0xee, 0xda, 0xee, 0xfa, 0xee, 0x1b, 0xef, 0x1b, 0xef, 0x1b, 0xef,
    0x5c, 0xf7, 0x1b, 0xef, 0x1b, 0xef, 0x1b, 0xef, 0x1b, 0xef, 0x1b, 0xef,
    0x3b, 0xef, 0x1b, 0xf7, 0x3b, 0xf7, 0x1b, 0xef, 0x1b, 0xef, 0x1b, 0xef,
    0x1b, 0xe7, 0x1b, 0xef, 0x3b, 0xf7, 0x1b, 0xef, 0x3b, 0xef, 0x5c, 0xf7,
    0x7d, 0xf7, 0xfb, 0xee, 0x3c, 0xef, 0x5c, 0xff, 0x7a, 0xde, 0xda, 0xe6,
    0xda, 0xee, 0x5c, 0xef, 0xf7, 0xcd, 0x75, 0xbd, 0xb5, 0xcd, 0x33, 0xb5,
    0xb2, 0xac, 0x50, 0x9c, 0x16, 0xde, 0x95, 0xc5, 0x33, 0xb5, 0x53, 0xcd,
    0xd2, 0xb4, 0x36, 0xe6, 0x4c, 0x7b, 0xee, 0x93, 0xb1, 0xac, 0x29, 0x52,
    0x2c, 0x7b, 0xd1, 0xb4, 0x2b, 0x73, 0x4c, 0x7b, 0xad, 0x8b, 0x89, 0x62,
    0xa9, 0x6a, 0x89, 0x62, 0x68, 0x5a, 0x28, 0x52, 0x89, 0x6a, 0x68, 0x5a,
    0xa9, 0x6a, 0xea, 0x7a, 0x0a, 0x7b, 0x69, 0x62, 0xea, 0x72, 0xea, 0x6a,
    0xcd, 0x93, 0x2b, 0x7b, 0x6c, 0x8b, 0x6c, 0x83, 0x6c, 0x8b, 0x89, 0x62,
    0x89, 0x62, 0x68, 0x5a, 0x28, 0x52, 0x27, 0x52, 0xe7, 0x49, 0xe7, 0x49,
    0xe7, 0x49, 0x07, 0x4a, 0x48, 0x62, 0x28, 0x5a, 0x27, 0x5a, 0x0b, 0x7b,
    0xf8, 0xcd, 0xea, 0x7a, 0x2b, 0x7b, 0xf6, 0xd5, 0x89, 0x62, 0xa9, 0x6a,
    0xc9, 0x72, 0x89, 0x62, 0x4b, 0x8b, 0x2a, 0x83, 0xcc, 0x9b, 0x0d, 0xa4,
    0x6f, 0xac, 0xcc, 0x9b, 0x37, 0xe6, 0x0a, 0x83, 0xcc, 0x9b, 0xb3, 0xdd,
    0xcc, 0x93, 0xed, 0x9b, 0x51, 0xd5, 0xb4, 0xd5, 0x52, 0xc5, 0xc9, 0x7a,
    0xf5, 0xe5, 0x2d, 0xac, 0x11, 0xcd, 0x6f, 0xb4, 0xaf, 0xbc, 0x6e, 0xac,
    0xf1, 0xc4, 0xd0, 0xc4, 0x90, 0xbc, 0x2e, 0xa4, 0x8f, 0xb4, 0x6f, 0xb4,
    0xd4, 0xe5, 0x11, 0xc5, 0x8f, 0xac, 0x2e, 0xac, 0x11, 0xcd, 0x8f, 0xbc,
    0x6e, 0xac, 0xd0, 0xc4, 0x90, 0xbc, 0x51, 0xcd, 0xb0, 0xb4, 0x0e, 0xa4,
    0x6f, 0xb4, 0xd0, 0xbc, 0x12, 0xc5, 0x11, 0xc5, 0x90, 0xb4, 0xb3, 0xe5,
    0x53, 0xcd, 0x53, 0xcd, 0xf5, 0xe5, 0xf5, 0xdd, 0xf1, 0xd4, 0xb0, 0xcc,
    0x0e, 0xc4, 0x2e, 0xc4, 0xad, 0xbb, 0xed, 0xc3, 0x2e, 0xcc, 0x8c, 0xc3,
    0x2b, 0xc3, 0x6c, 0xc3, 0x0e, 0xc4, 0x90, 0xcc, 0xd1, 0xcc, 0xf1, 0xcc,
    0xd1, 0xc4, 0x31, 0xcd, 0xd4, 0xdd, 0x93, 0xd5, 0x16, 0xde, 0x19, 0xff,
    0x9c, 0xff, 0xde, 0xff, 0xdf, 0xff, 0x7d, 0xf7, 0xfc, 0xe6, 0x9e, 0xf7,
    0xff, 0xff, 0xff, 0xff, 0xff, 0xff, 0xff, 0xff, 0xff, 0xff, 0xff, 0xff,
    0xff, 0xff, 0xff, 0xff, 0xff, 0xff, 0xff, 0xff, 0xff, 0xff, 0xff, 0xff,
    0xff, 0xff, 0xff, 0xff, 0xff, 0xff, 0xff, 0xff, 0xff, 0xff, 0xff, 0xff,
    0xff, 0xff, 0xff, 0xff, 0xff, 0xff, 0xff, 0xff, 0xff, 0xff, 0xff, 0xff,
    0xff, 0xff, 0xff, 0xff, 0xff, 0xff, 0xff, 0xff, 0xff, 0xff, 0xff, 0xff,
    0xff, 0xff, 0xff, 0xff, 0xff, 0xff, 0xff, 0xff, 0xff, 0xff, 0xff, 0xff,
    0xff, 0xff, 0xff, 0xff, 0xff, 0xff, 0xff, 0xff, 0xff, 0xff, 0xff, 0xff,
    0xff, 0xff, 0xff, 0xff, 0xff, 0xff, 0xff, 0xff, 0xff, 0xff, 0xff, 0xff,
    0xff, 0xff, 0xff, 0xff, 0xff, 0xff, 0xff, 0xff, 0xff, 0xff, 0xdf, 0xff,
    0xbe, 0xff, 0x9e, 0xf7, 0x7d, 0xf7, 0x7d, 0xef, 0x7d, 0xf7, 0x5d, 0xef,
    0x7d, 0xf7, 0x7d, 0xf7, 0x9e, 0xf7, 0x9e, 0xf7, 0xbf, 0xff, 0xdf, 0xff,
    0xff, 0xff, 0xff, 0xff, 0xff, 0xff, 0xff, 0xff, 0xff, 0xff, 0xff, 0xff,
    0xff, 0xff, 0xff, 0xff, 0xff, 0xff, 0xff, 0xff, 0xff, 0xff, 0xff, 0xff,
    0xff, 0xff, 0xff, 0xff, 0xff, 0xff, 0xff, 0xff, 0xff, 0xff, 0xff, 0xff,
    0xff, 0xff, 0xff, 0xff, 0xff, 0xff, 0xff, 0xff, 0xff, 0xff, 0xff, 0xff,
    0xff, 0xff, 0x34, 0xb5, 0x34, 0xb5, 0x34, 0xbd, 0x54, 0xbd, 0x55, 0xbd,
    0x54, 0xbd, 0x75, 0xc5, 0x95, 0xc5, 0x75, 0xc5, 0x95, 0xbd, 0xb5, 0xc5,
    0x95, 0xc5, 0xb5, 0xc5, 0xb6, 0xc5, 0xb6, 0xc5, 0xb6, 0xc5, 0xb6, 0xc5,
    0xd6, 0xc5, 0xb6, 0xcd, 0xb6, 0xc5, 0xd6, 0xc5, 0xb6, 0xc5, 0xb6, 0xc5,
    0xb6, 0xc5, 0xb6, 0xc5, 0xb6, 0xcd, 0x96, 0xc5, 0xb5, 0xc5, 0xb6, 0xc5,
    0x17, 0xd6, 0xb6, 0xc5, 0xb5, 0xc5, 0xb6, 0xc5, 0xb5, 0xc5, 0xb6, 0xcd,
    0xb6, 0xcd, 0xb5, 0xc5, 0xd6, 0xc5, 0xd6, 0xc5, 0xd6, 0xcd, 0xd6, 0xcd,
    0xd7, 0xcd, 0xf6, 0xcd, 0xf6, 0xcd, 0xf7, 0xd5, 0x37, 0xce, 0x17, 0xd6,
    0x17, 0xd6, 0x58, 0xd6, 0x58, 0xd6, 0x58, 0xde, 0x58, 0xde, 0x78, 0xd6,
    0x79, 0xde, 0x99, 0xde, 0x99, 0xde, 0x99, 0xe6, 0xb9, 0xe6, 0xba, 0xe6,
    0xba, 0xe6, 0xfa, 0xe6, 0xfa, 0xe6, 0xfa, 0xee, 0x1a, 0xef, 0x1a, 0xef,
    0x1b, 0xef, 0x5c, 0xf7, 0x3b, 0xef, 0xfb, 0xee, 0x3b, 0xef, 0x1b, 0xef,
    0x1b, 0xe7, 0x1b, 0xef, 0x1b, 0xef, 0x1b, 0xef, 0x1b, 0xef, 0xfb, 0xee,
    0xfb, 0xee, 0xfa, 0xee, 0x1b, 0xef, 0x1c, 0xf7, 0xfb, 0xee, 0xfb, 0xe6,
    0x3b, 0xf7, 0x5c, 0xf7, 0x1b, 0xef, 0xfb, 0xee, 0x7d, 0xff, 0x3b, 0xf7,
    0x17, 0xce, 0x78, 0xde, 0x79, 0xe6, 0x18, 0xd6, 0x54, 0xc5, 0xb5, 0xcd,
    0x13, 0xb5, 0x50, 0x9c, 0xce, 0x8b, 0x4f, 0x9c, 0xf5, 0xdd, 0xd5, 0xd5,
    0x90, 0xac, 0x32, 0xbd, 0x94, 0xcd, 0x70, 0xa4, 0xce, 0x8b, 0x90, 0xac,
    0x8d, 0x83, 0x49, 0x52, 0xca, 0x5a, 0x2f, 0x9c, 0x2b, 0x73, 0xea, 0x72,
    0xca, 0x72, 0x49, 0x52, 0xca, 0x6a, 0x48, 0x52, 0x08, 0x4a, 0x48, 0x52,
    0x89, 0x62, 0x69, 0x5a, 0xed, 0x9b, 0xa9, 0x6a, 0xa9, 0x62, 0xc9, 0x6a,
    0x89, 0x62, 0xca, 0x72, 0x2b, 0x7b, 0xad, 0x93, 0xc9, 0x6a, 0x6b, 0x8b,
    0xea, 0x7a, 0xc9, 0x6a, 0x89, 0x6a, 0x48, 0x5a, 0x07, 0x52, 0xa7, 0x41,
    0xe7, 0x51, 0x27, 0x52, 0x08, 0x52, 0x28, 0x62, 0x68, 0x62, 0x68, 0x62,
    0xc6, 0x49, 0xba, 0xee, 0x06, 0x4a, 0x6f, 0xb4, 0x0e, 0x94, 0xb1, 0xac,
    0xea, 0x72, 0x6c, 0x93, 0x07, 0x52, 0x8c, 0x8b, 0xad, 0x93, 0xad, 0x93,
    0x0a, 0x83, 0x11, 0xc5, 0x4a, 0x83, 0x98, 0xe6, 0x2e, 0xa4, 0xcc, 0x9b,
    0x32, 0xcd, 0xac, 0x93, 0xac, 0x9b, 0x10, 0xc5, 0xf5, 0xd5, 0xee, 0x9b,
    0xec, 0xa3, 0xd3, 0xdd, 0x4e, 0xac, 0x31, 0xc5, 0xb0, 0xc4, 0x2e, 0xac,
    0x8f, 0xbc, 0x2e, 0xac, 0xf0, 0xbc, 0x2d, 0xa4, 0x8f, 0xbc, 0x52, 0xd5,
    0xd0, 0xbc, 0xb3, 0xdd, 0x4e, 0xac, 0x0d, 0xa4, 0x10, 0xc5, 0x10, 0xcd,
    0xed, 0xa3, 0x11, 0xc5, 0x8f, 0xb4, 0x93, 0xdd, 0x8f, 0xb4, 0x0d, 0xa4,
    0xf0, 0xc4, 0x6f, 0xb4, 0x0e, 0xa4, 0xf1, 0xcc, 0x2e, 0xa4, 0x8f, 0xb4,
    0x73, 0xd5, 0xf1, 0xc4, 0x93, 0xdd, 0x16, 0xe6, 0xb3, 0xdd, 0x52, 0xd5,
    0x0e, 0xbc, 0x0e, 0xbc, 0x4f, 0xc4, 0x0e, 0xc4, 0x4f, 0xcc, 0xac, 0xbb,
    0x4b, 0xbb, 0x6b, 0xbb, 0xcd, 0xc3, 0x2f, 0xc4, 0x6f, 0xbc, 0xb1, 0xc4,
    0x90, 0xc4, 0xb0, 0xbc, 0x32, 0xcd, 0x73, 0xd5, 0x32, 0xcd, 0xf5, 0xdd,
    0x1a, 0xf7, 0x5b, 0xff, 0xbe, 0xff, 0xdf, 0xff, 0x5c, 0xf7, 0xdb, 0xe6,
    0x9e, 0xf7, 0xff, 0xff, 0xff, 0xff, 0xff, 0xff, 0xff, 0xff, 0xff, 0xff,
    0xff, 0xff, 0xff, 0xff, 0xff, 0xff, 0xff, 0xff, 0xff, 0xff, 0xff, 0xff,
    0xff, 0xff, 0xff, 0xff, 0xff, 0xff, 0xff, 0xff, 0xff, 0xff, 0xff, 0xff,
    0xff, 0xff, 0xff, 0xff, 0xff, 0xff, 0xff, 0xff, 0xff, 0xff, 0xff, 0xff,
    0xff, 0xff, 0xff, 0xff, 0xff, 0xff, 0xff, 0xff, 0xff, 0xff, 0xff, 0xff,
    0xff, 0xff, 0xff, 0xff, 0xff, 0xff, 0xff, 0xff, 0xff, 0xff, 0xff, 0xff,
    0xff, 0xff, 0xff, 0xff, 0xff, 0xff, 0xff, 0xff, 0xff, 0xff, 0xff, 0xff,
    0xff, 0xff, 0xff, 0xff, 0xff, 0xff, 0xff, 0xff, 0xff, 0xff, 0xff, 0xff,
    0xff, 0xff, 0xff, 0xff, 0xff, 0xff, 0xff, 0xff, 0xff, 0xff, 0xdf, 0xff,
    0xdf, 0xff, 0xbe, 0xff, 0x9e, 0xf7, 0x9e, 0xf7, 0x7d, 0xef, 0x5d, 0xef,
    0x5d, 0xf7, 0x5d, 0xef, 0x5d, 0xf7, 0x7e, 0xf7, 0x9e, 0xf7, 0xbf, 0xf7,
    0xdf, 0xff, 0xff, 0xff, 0xff, 0xff, 0xff, 0xff, 0xff, 0xff, 0xff, 0xff,
    0xff, 0xff, 0xff, 0xff, 0xff, 0xff, 0xff, 0xff, 0xff, 0xff, 0xff, 0xff,
    0xff, 0xff, 0xff, 0xff, 0xff, 0xff, 0xff, 0xff, 0xff, 0xff, 0xff, 0xff,
    0xff, 0xff, 0xff, 0xff, 0xff, 0xff, 0xff, 0xff, 0xff, 0xff, 0xff, 0xff,
    0xff, 0xff, 0xff, 0xff, 0x34, 0xb5, 0x34, 0xbd, 0x34, 0xbd, 0x54, 0xbd,
    0x54, 0xbd, 0x74, 0xbd, 0x75, 0xbd, 0x75, 0xc5, 0x95, 0xc5, 0x95, 0xbd,
    0x96, 0xc5, 0x95, 0xc5, 0x96, 0xc5, 0xb5, 0xc5, 0xb5, 0xc5, 0xb6, 0xcd,
    0xb6, 0xc5, 0xb6, 0xc5, 0xb6, 0xcd, 0xb6, 0xc5, 0xb6, 0xc5, 0xb6, 0xcd,
    0xb6, 0xcd, 0xb6, 0xc5, 0xb5, 0xc5, 0xb6, 0xc5, 0xb5, 0xc5, 0xb5, 0xc5,
    0xb6, 0xc5, 0x17, 0xce, 0xb6, 0xc5, 0x95, 0xcd, 0xb6, 0xc5, 0xb5, 0xc5,
    0xb6, 0xc5, 0xb6, 0xc5, 0xb5, 0xc5, 0xd6, 0xcd, 0xd6, 0xcd, 0xd6, 0xcd,
    0xd6, 0xcd, 0xf6, 0xcd, 0x17, 0xce, 0x17, 0xd6, 0xf7, 0xcd, 0x17, 0xd6,
    0x37, 0xd6, 0x37, 0xd6, 0x37, 0xd6, 0x57, 0xd6, 0x58, 0xde, 0x58, 0xde,
    0x78, 0xde, 0x78, 0xde, 0x78, 0xe6, 0x99, 0xe6, 0x99, 0xe6, 0xb9, 0xe6,
    0xba, 0xe6, 0xda, 0xee, 0xda, 0xee, 0xda, 0xe6, 0xfb, 0xee, 0xfb, 0xee,
    0xfb, 0xee, 0xfb, 0xee, 0x3b, 0xef, 0x3b, 0xf7, 0x1b, 0xef, 0x1b, 0xef,
    0x1b, 0xf7, 0x1b, 0xef, 0x1b, 0xef, 0x1b, 0xef, 0x1b, 0xef, 0x1b, 0xef,
    0x1b, 0xef, 0xfa, 0xe6, 0xfa, 0xe6, 0xfb, 0xee, 0x1b, 0xef, 0x1b, 0xef,
    0x1b, 0xef, 0x1b, 0xef, 0x1b, 0xf7, 0x3c, 0xef, 0xba, 0xe6, 0x3c, 0xef,
    0x3c, 0xf7, 0x58, 0xde, 0xf6, 0xd5, 0xb5, 0xcd, 0xda, 0xee, 0x74, 0xbd,
    0xf2, 0xb4, 0x94, 0xcd, 0x50, 0x9c, 0xee, 0x93, 0x0b, 0x73, 0x16, 0xde,
    0xb4, 0xcd, 0x70, 0xa4, 0xf6, 0xdd, 0x2c, 0x7b, 0x37, 0xe6, 0x2b, 0x73,
    0xf2, 0xbc, 0xcd, 0x8b, 0xca, 0x62, 0x07, 0x4a, 0x90, 0xac, 0x48, 0x52,
    0xc9, 0x6a, 0x68, 0x62, 0x28, 0x4a, 0x48, 0x5a, 0xca, 0x72, 0x28, 0x52,
    0x07, 0x4a, 0xa9, 0x6a, 0x48, 0x52, 0x4f, 0xac, 0xa9, 0x62, 0xa9, 0x6a,
    0x0a, 0x7b, 0xea, 0x72, 0xca, 0x6a, 0xea, 0x7a, 0x2b, 0x7b, 0x0a, 0x73,
    0x2b, 0x83, 0x0a, 0x7b, 0x68, 0x62, 0x89, 0x6a, 0x48, 0x5a, 0x48, 0x62,
    0xc7, 0x41, 0x07, 0x52, 0x28, 0x5a, 0xc6, 0x41, 0x07, 0x52, 0x68, 0x62,
    0xa9, 0x72, 0xc6, 0x51, 0x74, 0xc5, 0x0c, 0x6b, 0x68, 0x62, 0x70, 0xa4,
    0x54, 0xcd, 0x48, 0x62, 0x0b, 0x7b, 0xc9, 0x72, 0x2a, 0x83, 0xcd, 0x9b,
    0xac, 0x93, 0xed, 0x93, 0xaf, 0xbc, 0x8c, 0x9b, 0x16, 0xde, 0xc9, 0x7a,
    0x31, 0xcd, 0x32, 0xc5, 0x8c, 0x93, 0x8f, 0xb4, 0xec, 0xab, 0x99, 0xe6,
    0x6b, 0x93, 0xd0, 0xc4, 0xb0, 0xbc, 0xed, 0xa3, 0xf0, 0xc4, 0x70, 0xb4,
    0xed, 0xa3, 0x11, 0xcd, 0x4e, 0xac, 0xf1, 0xc4, 0xd0, 0xbc, 0x6f, 0xb4,
    0x93, 0xd5, 0xcf, 0xbc, 0xf1, 0xc4, 0xcd, 0x9b, 0x6f, 0xbc, 0x92, 0xd5,
    0xf1, 0xbc, 0x8f, 0xbc, 0xaf, 0xbc, 0x52, 0xcd, 0x11, 0xcd, 0xed, 0x9b,
    0xb0, 0xbc, 0xd0, 0xbc, 0x6c, 0x83, 0xaf, 0xbc, 0xaf, 0xbc, 0xcd, 0x9b,
    0x31, 0xc5, 0x32, 0xcd, 0x32, 0xcd, 0x16, 0xe6, 0xb4, 0xdd, 0xd4, 0xdd,
    0xb0, 0xcc, 0xcd, 0xb3, 0xb0, 0xcc, 0x8f, 0xc4, 0xb0, 0xcc, 0x2d, 0xbc,
    0x6b, 0xb3, 0x4b, 0xb3, 0x8c, 0xbb, 0x2f, 0xc4, 0x4e, 0xbc, 0x4f, 0xb4,
    0x8f, 0xc4, 0x4f, 0xb4, 0x4f, 0xb4, 0xd1, 0xbc, 0x32, 0xcd, 0x52, 0xcd,
    0x36, 0xde, 0xd9, 0xf6, 0x5c, 0xff, 0xde, 0xff, 0xff, 0xff, 0x1b, 0xef,
    0x79, 0xd6, 0x3d, 0xef, 0xff, 0xff, 0xff, 0xff, 0xff, 0xff, 0xff, 0xff,
    0xff, 0xff, 0xff, 0xff, 0xff, 0xff, 0xff, 0xff, 0xff, 0xff, 0xff, 0xff,
    0xff, 0xff, 0xff, 0xff, 0xff, 0xff, 0xff, 0xff, 0xff, 0xff, 0xff, 0xff,
    0xff, 0xff, 0xff, 0xff, 0xff, 0xff, 0xff, 0xff, 0xff, 0xff, 0xff, 0xff,
    0xff, 0xff, 0xff, 0xff, 0xff, 0xff, 0xff, 0xff, 0xff, 0xff, 0xff, 0xff,
    0xff, 0xff, 0xff, 0xff, 0xff, 0xff, 0xff, 0xff, 0xff, 0xff, 0xff, 0xff,
    0xff, 0xff, 0xff, 0xff, 0xff, 0xff, 0xff, 0xff, 0xff, 0xff, 0xff, 0xff,
    0xff, 0xff, 0xff, 0xff, 0xff, 0xff, 0xff, 0xff, 0xff, 0xff, 0xff, 0xff,
    0xff, 0xff, 0xff, 0xff, 0xff, 0xff, 0xff, 0xff, 0xff, 0xff, 0xff, 0xff,
    0xdf, 0xff, 0xdf, 0xff, 0xbe, 0xff, 0x9e, 0xf7, 0x7e, 0xf7, 0x7d, 0xf7,
    0x5d, 0xf7, 0x5d, 0xef, 0x7d, 0xef, 0x7e, 0xef, 0x7d, 0xf7, 0x9e, 0xf7,
    0x9e, 0xff, 0xdf, 0xff, 0xdf, 0xff, 0xff, 0xff, 0xff, 0xff, 0xff, 0xff,
    0xff, 0xff, 0xff, 0xff, 0xff, 0xff, 0xff, 0xff, 0xff, 0xff, 0xff, 0xff,
    0xff, 0xff, 0xff, 0xff, 0xff, 0xff, 0xff, 0xff, 0xff, 0xff, 0xff, 0xff,
    0xff, 0xff, 0xff, 0xff, 0xff, 0xff, 0xff, 0xff, 0xff, 0xff, 0xff, 0xff,
    0xff, 0xff, 0xff, 0xff, 0xff, 0xff, 0x13, 0xb5, 0x34, 0xb5, 0x34, 0xb5,
    0x54, 0xbd, 0x54, 0xbd, 0x55, 0xb5, 0x75, 0xbd, 0x75, 0xbd, 0x75, 0xbd,
    0x95, 0xc5, 0x95, 0xc5, 0x75, 0xc5, 0xb6, 0xc5, 0x96, 0xc5, 0xb6, 0xc5,
    0xb6, 0xc5, 0x96, 0xc5, 0xb5, 0xc5, 0xb6, 0xc5, 0xb6, 0xc5, 0xb6, 0xc5,
    0xb5, 0xcd, 0x96, 0xc5, 0xb6, 0xc5, 0xb6, 0xc5, 0xb5, 0xc5, 0xb5, 0xc5,
    0x95, 0xc5, 0x96, 0xc5, 0xf7, 0xcd, 0xb6, 0xc5, 0xb6, 0xc5, 0xb5, 0xcd,
    0xb6, 0xc5, 0xb6, 0xc5, 0xb5, 0xc5, 0xd6, 0xc5, 0xb6, 0xc5, 0xb6, 0xc5,
    0xd6, 0xc5, 0xf6, 0xcd, 0xf7, 0xcd, 0xf6, 0xcd, 0xf7, 0xcd, 0x17, 0xce,
    0x37, 0xce, 0x37, 0xd6, 0x38, 0xd6, 0x38, 0xd6, 0x38, 0xd6, 0x58, 0xd6,
    0x58, 0xde, 0x78, 0xde, 0x99, 0xde, 0x99, 0xde, 0x99, 0xde, 0xb9, 0xde,
    0xba, 0xe6, 0xd9, 0xe6, 0xda, 0xe6, 0xfa, 0xe6, 0xda, 0xee, 0xfb, 0xee,
    0xfb, 0xee, 0x1b, 0xef, 0x1b, 0xef, 0x1b, 0xef, 0x1c, 0xef, 0x1b, 0xef,
    0xfb, 0xee, 0x1b, 0xef, 0xfa, 0xee, 0x1b, 0xef, 0x1b, 0xef, 0x1b, 0xef,
    0x1b, 0xef, 0x1b, 0xef, 0xfb, 0xee, 0xfa, 0xe6, 0xfa, 0xe6, 0xfb, 0xe6,
    0x1b, 0xef, 0xfa, 0xe6, 0xfb, 0xee, 0x1c, 0xef, 0x1b, 0xef, 0xda, 0xee,
    0x1b, 0xef, 0x16, 0xd6, 0xfa, 0xf6, 0xd6, 0xcd, 0x37, 0xde, 0x74, 0xc5,
    0x37, 0xde, 0x2f, 0x9c, 0x53, 0xc5, 0xf7, 0xcd, 0xce, 0x8b, 0x8d, 0x8b,
    0xf2, 0xbc, 0x4f, 0xa4, 0x73, 0xcd, 0x8f, 0xac, 0xf1, 0xb4, 0x8f, 0xb4,
    0x73, 0xc5, 0x74, 0xcd, 0x6b, 0x83, 0x89, 0x5a, 0xad, 0x8b, 0x0b, 0x73,
    0xce, 0x93, 0x89, 0x62, 0x68, 0x5a, 0x28, 0x52, 0x89, 0x6a, 0xe7, 0x41,
    0xc9, 0x6a, 0xea, 0x72, 0x68, 0x5a, 0x68, 0x5a, 0x90, 0xb4, 0x69, 0x62,
    0x4b, 0x83, 0xaa, 0x72, 0x0a, 0x7b, 0x0a, 0x7b, 0xcd, 0x9b, 0xea, 0x72,
    0xc9, 0x6a, 0xa9, 0x72, 0x8c, 0x93, 0xea, 0x7a, 0x68, 0x62, 0x68, 0x5a,
    0xe7, 0x49, 0x07, 0x52, 0xe7, 0x49, 0x07, 0x52, 0xe7, 0x41, 0x07, 0x52,
    0x47, 0x5a, 0x07, 0x52, 0x28, 0x52, 0x2c, 0x7b, 0x95, 0xbd, 0xe6, 0x51,
    0xf1, 0xb4, 0x98, 0xe6, 0x89, 0x6a, 0x4b, 0x8b, 0x6f, 0xac, 0xc9, 0x72,
    0x2e, 0xa4, 0xed, 0x9b, 0x8c, 0x93, 0x11, 0xc5, 0x2e, 0xac, 0x15, 0xde,
    0xa8, 0x6a, 0x8f, 0xb4, 0xb4, 0xd5, 0x0d, 0xa4, 0xaf, 0xb4, 0x4e, 0xac,
    0x1b, 0xf7, 0x4a, 0x83, 0xb0, 0xbc, 0xaf, 0xbc, 0x4e, 0xac, 0xd0, 0xc4,
    0xaf, 0xbc, 0xcf, 0xbc, 0xf1, 0xc4, 0x4e, 0xac, 0x35, 0xe6, 0x4e, 0xac,
    0xaf, 0xbc, 0x10, 0xc5, 0xaf, 0xbc, 0xf1, 0xc4, 0x0c, 0xa4, 0xf0, 0xc4,
    0x94, 0xdd, 0xf1, 0xc4, 0x31, 0xcd, 0x11, 0xc5, 0xb3, 0xd5, 0x6e, 0xbc,
    0xed, 0xa3, 0xf1, 0xc4, 0x0d, 0xa4, 0x0d, 0xac, 0x52, 0xcd, 0x2e, 0xac,
    0x2e, 0xb4, 0x73, 0xd5, 0xf1, 0xc4, 0xb4, 0xdd, 0xb4, 0xdd, 0xf4, 0xe5,
    0x72, 0xd5, 0x6f, 0xbc, 0x90, 0xc4, 0xf1, 0xcc, 0x52, 0xd5, 0xd0, 0xcc,
    0xad, 0xb3, 0x6c, 0xb3, 0x8c, 0xb3, 0x0e, 0xbc, 0x2f, 0xbc, 0x0e, 0xb4,
    0x4f, 0xbc, 0x4e, 0xbc, 0x0d, 0xac, 0x0e, 0xac, 0x90, 0xbc, 0xf1, 0xc4,
    0x11, 0xc5, 0x16, 0xde, 0xd9, 0xf6, 0x9c, 0xff, 0xdf, 0xff, 0xde, 0xff,
    0x78, 0xde, 0xd6, 0xc5, 0xbb, 0xde, 0xbf, 0xf7, 0xff, 0xff, 0xff, 0xff,
    0xff, 0xff, 0xff, 0xff, 0xff, 0xff, 0xff, 0xff, 0xff, 0xff, 0xff, 0xff,
    0xff, 0xff, 0xff, 0xff, 0xff, 0xff, 0xff, 0xff, 0xff, 0xff, 0xff, 0xff,
    0xff, 0xff, 0xff, 0xff, 0xff, 0xff, 0xff, 0xff, 0xff, 0xff, 0xff, 0xff,
    0xff, 0xff, 0xff, 0xff, 0xff, 0xff, 0xff, 0xff, 0xff, 0xff, 0xff, 0xff,
    0xff, 0xff, 0xff, 0xff, 0xff, 0xff, 0xff, 0xff, 0xff, 0xff, 0xff, 0xff,
    0xff, 0xff, 0xff, 0xff, 0xff, 0xff, 0xff, 0xff, 0xff, 0xff, 0xff, 0xff,
    0xff, 0xff, 0xff, 0xff, 0xff, 0xff, 0xff, 0xff, 0xff, 0xff, 0xff, 0xff,
    0xff, 0xff, 0xff, 0xff, 0xff, 0xff, 0xff, 0xff, 0xff, 0xff, 0xff, 0xff,
    0xff, 0xff, 0xdf, 0xff, 0xdf, 0xff, 0xbf, 0xf7, 0x7e, 0xf7, 0x7d, 0xf7,
    0x7d, 0xf7, 0x5d, 0xef, 0x5d, 0xef, 0x5d, 0xf7, 0x5d, 0xf7, 0x7d, 0xef,
    0x9e, 0xf7, 0xbe, 0xff, 0xbf, 0xff, 0xdf, 0xff, 0xff, 0xff, 0xff, 0xff,
    0xff, 0xff, 0xff, 0xff, 0xff, 0xff, 0xff, 0xff, 0xff, 0xff, 0xff, 0xff,
    0xff, 0xff, 0xff, 0xff, 0xff, 0xff, 0xff, 0xff, 0xff, 0xff, 0xff, 0xff,
    0xff, 0xff, 0xff, 0xff, 0xff, 0xff, 0xff, 0xff, 0xff, 0xff, 0xff, 0xff,
    0xff, 0xff, 0xff, 0xff, 0xff, 0xff, 0xff, 0xff, 0x75, 0xbd, 0x14, 0xad,
    0x13, 0xb5, 0x54, 0xbd, 0x54, 0xb5, 0x54, 0xbd, 0x74, 0xbd, 0x75, 0xbd,
    0x75, 0xbd, 0x75, 0xc5, 0x95, 0xbd, 0x96, 0xc5, 0x95, 0xbd, 0x96, 0xc5,
    0xb6, 0xc5, 0xb6, 0xc5, 0xb5, 0xc5, 0xb6, 0xc5, 0xb6, 0xc5, 0xb5, 0xcd,
    0xb5, 0xc5, 0xb6, 0xc5, 0xb6, 0xc5, 0xb5, 0xc5, 0xb6, 0xc5, 0xb6, 0xc5,
    0x96, 0xc5, 0xb6, 0xc5, 0x95, 0xc5, 0xf7, 0xcd, 0xb7, 0xcd, 0x95, 0xc5,
    0xb5, 0xcd, 0xb5, 0xc5, 0xb6, 0xc5, 0xb5, 0xc5, 0xb6, 0xcd, 0xb6, 0xcd,
    0xd6, 0xc5, 0xd6, 0xcd, 0xf6, 0xcd, 0xf6, 0xcd, 0xf7, 0xcd, 0xf7, 0xcd,
    0x16, 0xd6, 0x17, 0xd6, 0x17, 0xd6, 0x38, 0xd6, 0x37, 0xd6, 0x38, 0xd6,
    0x58, 0xde, 0x78, 0xde, 0x58, 0xde, 0x78, 0xde, 0x99, 0xde, 0x99, 0xde,
    0x9a, 0xe6, 0xb9, 0xe6, 0xb9, 0xe6, 0xda, 0xe6, 0xda, 0xe6, 0xfa, 0xe6,
    0x1a, 0xef, 0x1b, 0xef, 0x1b, 0xef, 0x3b, 0xf7, 0x3c, 0xf7, 0x1b, 0xef,
    0x1b, 0xef, 0xfb, 0xee, 0xfb, 0xe6, 0xda, 0xe6, 0xfb, 0xe6, 0x1b, 0xf7,
    0xfb, 0xee, 0x1b, 0xe7, 0x1b, 0xef, 0x1c, 0xef, 0xfa, 0xee, 0xba, 0xde,
    0xba, 0xe6, 0x1b, 0xf7, 0xfb, 0xee, 0xfa, 0xee, 0x5c, 0xf7, 0xfc, 0xe6,
    0xda, 0xee, 0x99, 0xee, 0xd6, 0xc5, 0xb5, 0xcd, 0x57, 0xde, 0xd6, 0xd5,
    0x74, 0xcd, 0xd1, 0xac, 0xd6, 0xd5, 0x0b, 0x7b, 0xf6, 0xd5, 0x98, 0xe6,
    0x8d, 0x8b, 0x0e, 0xa4, 0x98, 0xe6, 0xcd, 0x93, 0xb0, 0xb4, 0xd5, 0xd5,
    0x0a, 0x73, 0xf5, 0xdd, 0xd5, 0xd5, 0xad, 0x8b, 0xca, 0x6a, 0xaa, 0x6a,
    0xca, 0x6a, 0x70, 0xac, 0x68, 0x5a, 0x28, 0x52, 0x48, 0x5a, 0xa9, 0x6a,
    0x69, 0x5a, 0x28, 0x52, 0x4b, 0x83, 0x4b, 0x83, 0x69, 0x5a, 0x6c, 0x83,
    0xac, 0x93, 0x6b, 0x8b, 0xaa, 0x6a, 0x8c, 0x8b, 0x68, 0x62, 0x0a, 0x7b,
    0x2b, 0x83, 0x69, 0x5a, 0xa9, 0x6a, 0x2e, 0xa4, 0x0a, 0x7b, 0xe7, 0x41,
    0x28, 0x5a, 0xc6, 0x49, 0xe6, 0x49, 0xe7, 0x49, 0xe7, 0x51, 0xe6, 0x49,
    0xe7, 0x51, 0x28, 0x5a, 0xe7, 0x49, 0x48, 0x5a, 0x86, 0x41, 0xda, 0xee,
    0xc6, 0x51, 0x2b, 0x83, 0x37, 0xe6, 0x2b, 0x7b, 0x6c, 0x93, 0xee, 0x9b,
    0xea, 0x72, 0xac, 0x93, 0xcd, 0x9b, 0xe9, 0x7a, 0xd0, 0xbc, 0xb0, 0xb4,
    0x16, 0xde, 0x4b, 0x83, 0x2e, 0xac, 0x0e, 0xa4, 0x8f, 0xb4, 0xb0, 0xbc,
    0x0d, 0xa4, 0x5c, 0xff, 0xe9, 0x7a, 0x2e, 0xa4, 0x31, 0xcd, 0x6e, 0xac,
    0x8f, 0xb4, 0x11, 0xcd, 0x8e, 0xb4, 0x31, 0xcd, 0x4e, 0xac, 0x77, 0xee,
    0x8f, 0xb4, 0x6e, 0xac, 0x11, 0xcd, 0xed, 0x9b, 0x8f, 0xbc, 0x10, 0xcd,
    0x72, 0xd5, 0x31, 0xcd, 0xf1, 0xc4, 0x10, 0xc5, 0x6e, 0xbc, 0x52, 0xcd,
    0x4f, 0xb4, 0x8f, 0xbc, 0xaf, 0xbc, 0xb0, 0xc4, 0xf0, 0xc4, 0xf1, 0xbc,
    0x0e, 0xac, 0xb0, 0xbc, 0x52, 0xcd, 0x32, 0xcd, 0x72, 0xd5, 0xb3, 0xdd,
    0x93, 0xd5, 0x12, 0xcd, 0x32, 0xd5, 0x31, 0xcd, 0x53, 0xd5, 0x72, 0xdd,
    0x4f, 0xbc, 0xed, 0xbb, 0x8c, 0xb3, 0xee, 0xbb, 0x6f, 0xbc, 0x2e, 0xb4,
    0xed, 0xa3, 0x0e, 0xac, 0xed, 0xab, 0xcd, 0x9b, 0x0d, 0xac, 0xb0, 0xbc,
    0xb0, 0xbc, 0xf1, 0xbc, 0x15, 0xde, 0xfa, 0xf6, 0x7c, 0xff, 0xbd, 0xff,
    0x7c, 0xff, 0xf7, 0xcd, 0x54, 0xbd, 0x59, 0xd6, 0x7e, 0xf7, 0xff, 0xff,
    0xff, 0xff, 0xff, 0xff, 0xff, 0xff, 0xff, 0xff, 0xff, 0xff, 0xff, 0xff,
    0xff, 0xff, 0xff, 0xff, 0xff, 0xff, 0xff, 0xff, 0xff, 0xff, 0xff, 0xff,
    0xff, 0xff, 0xff, 0xff, 0xff, 0xff, 0xff, 0xff, 0xff, 0xff, 0xff, 0xff,
    0xff, 0xff, 0xff, 0xff, 0xff, 0xff, 0xff, 0xff, 0xff, 0xff, 0xff, 0xff,
    0xff, 0xff, 0xff, 0xff, 0xff, 0xff, 0xff, 0xff, 0xff, 0xff, 0xff, 0xff,
    0xff, 0xff, 0xff, 0xff, 0xff, 0xff, 0xff, 0xff, 0xff, 0xff, 0xff, 0xff,
    0xff, 0xff, 0xff, 0xff, 0xff, 0xff, 0xff, 0xff, 0xff, 0xff, 0xff, 0xff,
    0xff, 0xff, 0xff, 0xff, 0xff, 0xff, 0xff, 0xff, 0xff, 0xff, 0xff, 0xff,
    0xff, 0xff, 0xff, 0xff, 0xdf, 0xff, 0xdf, 0xff, 0xbf, 0xf7, 0x9e, 0xf7,
    0x7e, 0xf7, 0x5d, 0xf7, 0x5d, 0xf7, 0x5d, 0xef, 0x5d, 0xf7, 0x5d, 0xf7,
    0x7e, 0xf7, 0x7e, 0xf7, 0xbe, 0xf7, 0xdf, 0xf7, 0xff, 0xff, 0xff, 0xff,
    0xff, 0xff, 0xff, 0xff, 0xff, 0xff, 0xff, 0xff, 0xff, 0xff, 0xff, 0xff,
    0xff, 0xff, 0xff, 0xff, 0xff, 0xff, 0xff, 0xff, 0xff, 0xff, 0xff, 0xff,
    0xff, 0xff, 0xff, 0xff, 0xff, 0xff, 0xff, 0xff, 0xff, 0xff, 0xff, 0xff,
    0xff, 0xff, 0xff, 0xff, 0xff, 0xff, 0xff, 0xff, 0xff, 0xff, 0x75, 0xbd,
    0x18, 0xce, 0x34, 0xb5, 0x14, 0xb5, 0x74, 0xbd, 0x55, 0xbd, 0x74, 0xbd,
    0x75, 0xbd, 0x75, 0xbd, 0x95, 0xbd, 0x95, 0xc5, 0x95, 0xbd, 0xb6, 0xc5,
    0x95, 0xc5, 0x95, 0xc5, 0xb5, 0xc5, 0xb6, 0xc5, 0x95, 0xc5, 0xb6, 0xc5,
    0xb6, 0xc5, 0x96, 0xc5, 0xb6, 0xc5, 0xb5, 0xc5, 0xb6, 0xc5, 0x95, 0xc5,
    0x96, 0xc5, 0x96, 0xc5, 0xb5, 0xc5, 0x95, 0xc5, 0x17, 0xce, 0xf7, 0xcd,
    0x95, 0xbd, 0x95, 0xc5, 0xb6, 0xcd, 0xb6, 0xc5, 0xb6, 0xc5, 0xb6, 0xc5,
    0xd6, 0xc5, 0xd6, 0xcd, 0xd6, 0xcd, 0xd6, 0xc5, 0xd6, 0xcd, 0xf7, 0xcd,
    0x17, 0xce, 0xf7, 0xcd, 0x17, 0xce, 0x18, 0xd6, 0x17, 0xd6, 0x38, 0xd6,
    0x37, 0xd6, 0x58, 0xde, 0x58, 0xde, 0x79, 0xde, 0x59, 0xde, 0x79, 0xde,
    0x99, 0xe6, 0xb9, 0xe6, 0xb9, 0xe6, 0xda, 0xe6, 0xda, 0xe6, 0xda, 0xe6,
    0xfa, 0xee, 0xfa, 0xee, 0xfb, 0xee, 0xfb, 0xee, 0x1b, 0xef, 0x3c, 0xf7,
    0x3b, 0xef, 0xfa, 0xee, 0x1c, 0xef, 0x1b, 0xef, 0xfb, 0xe6, 0xfa, 0xee,
    0x1b, 0xef, 0x3c, 0xf7, 0x1b, 0xef, 0xfc, 0xee, 0x3b, 0xef, 0x1b, 0xef,
    0xda, 0xe6, 0x99, 0xde, 0xfb, 0xe6, 0x3b, 0xf7, 0xdb, 0xe6, 0x7c, 0xff,
    0x1b, 0xef, 0xb9, 0xde, 0x17, 0xde, 0x16, 0xde, 0xf2, 0xbc, 0xd8, 0xee,
    0x74, 0xc5, 0xf6, 0xd5, 0x0f, 0x9c, 0xb5, 0xc5, 0x0f, 0x9c, 0x48, 0x5a,
    0x95, 0xc5, 0xb9, 0xe6, 0x0e, 0x9c, 0xf1, 0xbc, 0xf5, 0xd5, 0x8c, 0x8b,
    0x53, 0xcd, 0x12, 0xc5, 0x12, 0xb5, 0x32, 0xc5, 0x74, 0xcd, 0x0a, 0x73,
    0xe7, 0x49, 0xed, 0x9b, 0xed, 0x93, 0xcb, 0x6a, 0xe7, 0x49, 0xa6, 0x39,
    0x07, 0x4a, 0x8d, 0x93, 0x28, 0x52, 0xaa, 0x62, 0xca, 0x72, 0x0a, 0x7b,
    0x07, 0x52, 0xad, 0x93, 0xed, 0x9b, 0x0a, 0x73, 0x2b, 0x83, 0xc9, 0x6a,
    0xa9, 0x6a, 0x4c, 0x83, 0xac, 0x93, 0xe7, 0x49, 0x6f, 0xac, 0x6f, 0xac,
    0xa6, 0x41, 0x89, 0x6a, 0x07, 0x52, 0xe7, 0x49, 0x27, 0x52, 0xc6, 0x41,
    0xe7, 0x49, 0xe7, 0x49, 0x07, 0x52, 0x28, 0x52, 0xe7, 0x49, 0xa6, 0x49,
    0x13, 0xbd, 0x8e, 0x7b, 0x68, 0x62, 0x8d, 0x8b, 0x74, 0xbd, 0x2a, 0x7b,
    0x88, 0x6a, 0x4e, 0xac, 0x2e, 0xa4, 0xea, 0x72, 0x2e, 0xa4, 0xf0, 0xbc,
    0xf1, 0xbc, 0xb5, 0xd5, 0xcc, 0x93, 0x4e, 0xac, 0xad, 0x9b, 0x8f, 0xb4,
    0x6e, 0xb4, 0x2d, 0xac, 0xfb, 0xf6, 0x4a, 0x8b, 0xcd, 0x9b, 0x6e, 0xb4,
    0x6e, 0xac, 0x8f, 0xb4, 0xf1, 0xc4, 0x6e, 0xb4, 0x31, 0xcd, 0xb0, 0xb4,
    0xb3, 0xdd, 0xed, 0x9b, 0xf1, 0xc4, 0x2e, 0xb4, 0x4e, 0xac, 0x4e, 0xb4,
    0x2d, 0xac, 0xb3, 0xdd, 0x8f, 0xb4, 0x8f, 0xbc, 0xf0, 0xcc, 0x8f, 0xb4,
    0xf0, 0xcc, 0x11, 0xcd, 0x52, 0xcd, 0xd0, 0xbc, 0x31, 0xcd, 0xf0, 0xc4,
    0x6f, 0xb4, 0x6f, 0xbc, 0xf1, 0xc4, 0xb3, 0xdd, 0xb0, 0xbc, 0x72, 0xd5,
    0x73, 0xd5, 0xf1, 0xc4, 0xb3, 0xdd, 0x53, 0xd5, 0x32, 0xcd, 0x93, 0xd5,
    0xf2, 0xcc, 0xd0, 0xc4, 0x90, 0xc4, 0x2e, 0xbc, 0xb0, 0xc4, 0x2e, 0xb4,
    0x8c, 0xa3, 0xac, 0x9b, 0xcd, 0xa3, 0xac, 0x9b, 0xad, 0x9b, 0x0f, 0xac,
    0x90, 0xb4, 0x6f, 0xac, 0xd0, 0xbc, 0x15, 0xde, 0x98, 0xee, 0x1a, 0xf7,
    0x7d, 0xff, 0xfb, 0xee, 0xd6, 0xcd, 0x74, 0xc5, 0xb6, 0xc5, 0x1c, 0xe7,
    0xbf, 0xf7, 0xff, 0xff, 0xff, 0xff, 0xff, 0xff, 0xff, 0xff, 0xff, 0xff,
    0xff, 0xff, 0xff, 0xff, 0xff, 0xff, 0xff, 0xff, 0xff, 0xff, 0xff, 0xff,
    0xff, 0xff, 0xff, 0xff, 0xff, 0xff, 0xff, 0xff, 0xff, 0xff, 0xff, 0xff,
    0xff, 0xff, 0xff, 0xff, 0xff, 0xff, 0xff, 0xff, 0xff, 0xff, 0xff, 0xff,
    0xff, 0xff, 0xff, 0xff, 0xff, 0xff, 0xff, 0xff, 0xff, 0xff, 0xff, 0xff,
    0xff, 0xff, 0xff, 0xff, 0xff, 0xff, 0xff, 0xff, 0xff, 0xff, 0xff, 0xff,
    0xff, 0xff, 0xff, 0xff, 0xff, 0xff, 0xff, 0xff, 0xff, 0xff, 0xff, 0xff,
    0xff, 0xff, 0xff, 0xff, 0xff, 0xff, 0xff, 0xff, 0xff, 0xff, 0xff, 0xff,
    0xff, 0xff, 0xff, 0xff, 0xff, 0xff, 0xff, 0xff, 0xbf, 0xff, 0xbe, 0xff,
    0x9e, 0xf7, 0x7d, 0xf7, 0x5d, 0xef, 0x5d, 0xef, 0x5d, 0xef, 0x5c, 0xef,
    0x5d, 0xef, 0x7d, 0xef, 0x9e, 0xf7, 0x9e, 0xf7, 0xdf, 0xff, 0xdf, 0xff,
    0xff, 0xff, 0xff, 0xff, 0xff, 0xff, 0xff, 0xff, 0xff, 0xff, 0xff, 0xff,
    0xff, 0xff, 0xff, 0xff, 0xff, 0xff, 0xff, 0xff, 0xff, 0xff, 0xff, 0xff,
    0xff, 0xff, 0xff, 0xff, 0xff, 0xff, 0xff, 0xff, 0xff, 0xff, 0xff, 0xff,
    0xff, 0xff, 0xff, 0xff, 0xff, 0xff, 0xff, 0xff, 0xff, 0xff, 0xff, 0xff,
    0xd3, 0xac, 0x95, 0xbd, 0x99, 0xd6, 0xf4, 0xac, 0x54, 0xbd, 0x54, 0xbd,
    0x75, 0xbd, 0x75, 0xc5, 0x55, 0xbd, 0x75, 0xbd, 0x76, 0xbd, 0x75, 0xc5,
    0x95, 0xbd, 0xb6, 0xc5, 0x95, 0xc5, 0x96, 0xc5, 0x96, 0xc5, 0x95, 0xc5,
    0xb6, 0xc5, 0xb6, 0xc5, 0xb6, 0xc5, 0xb5, 0xc5, 0x95, 0xc5, 0x96, 0xc5,
    0x95, 0xc5, 0xb6, 0xc5, 0xb6, 0xc5, 0x96, 0xc5, 0x95, 0xbd, 0xf7, 0xcd,
    0xf7, 0xcd, 0x95, 0xbd, 0xb5, 0xc5, 0xb6, 0xc5, 0xb5, 0xc5, 0xb5, 0xc5,
    0xb6, 0xc5, 0xb6, 0xc5, 0xd6, 0xc5, 0xd6, 0xcd, 0xd6, 0xcd, 0xf6, 0xcd,
    0xf7, 0xcd, 0x17, 0xce, 0xf7, 0xd5, 0x17, 0xd6, 0x17, 0xce, 0x37, 0xd6,
    0x38, 0xd6, 0x58, 0xde, 0x58, 0xd6, 0x58, 0xd6, 0x78, 0xde, 0x79, 0xde,
    0x99, 0xe6, 0x99, 0xde, 0x99, 0xe6, 0xba, 0xe6, 0xb9, 0xe6, 0xda, 0xe6,
    0xfa, 0xee, 0xda, 0xe6, 0xfa, 0xee, 0xfb, 0xee, 0x1b, 0xef, 0x1b, 0xef,
    0x3b, 0xef, 0x3c, 0xef, 0xfb, 0xee, 0xfb, 0xee, 0x3b, 0xef, 0x1b, 0xef,
    0xfb, 0xe6, 0x1b, 0xef, 0x3b, 0xf7, 0x1b, 0xef, 0x1b, 0xef, 0x1b, 0xef,
    0x3c, 0xf7, 0xfb, 0xee, 0x99, 0xde, 0xb9, 0xe6, 0x5c, 0xff, 0x1b, 0xe7,
    0xba, 0xe6, 0xba, 0xe6, 0x37, 0xde, 0x37, 0xde, 0x53, 0xcd, 0x94, 0xcd,
    0x52, 0xc5, 0x77, 0xe6, 0xd1, 0xac, 0x56, 0xe6, 0x4b, 0x83, 0x36, 0xde,
    0xab, 0x6a, 0x2b, 0x7b, 0x94, 0xcd, 0xf6, 0xcd, 0xf2, 0xbc, 0x12, 0xbd,
    0xb5, 0xcd, 0x4b, 0x83, 0xb4, 0xd5, 0x8c, 0x93, 0x17, 0xd6, 0xb5, 0xd5,
    0x0b, 0x73, 0x0e, 0xa4, 0xeb, 0x6a, 0xd0, 0xb4, 0x6f, 0xac, 0xc6, 0x41,
    0xaa, 0x6a, 0x45, 0x31, 0xcd, 0x93, 0x68, 0x62, 0xc9, 0x6a, 0x28, 0x52,
    0x2b, 0x7b, 0xca, 0x6a, 0x0a, 0x7b, 0x6d, 0x8b, 0xea, 0x72, 0xea, 0x72,
    0xa9, 0x6a, 0xc9, 0x72, 0xa9, 0x62, 0xad, 0x93, 0x48, 0x5a, 0xac, 0x93,
    0x8c, 0x8b, 0xad, 0x9b, 0x89, 0x62, 0x69, 0x5a, 0xea, 0x72, 0xca, 0x72,
    0x07, 0x4a, 0xc6, 0x49, 0xc6, 0x41, 0xe7, 0x51, 0x27, 0x52, 0x27, 0x52,
    0x07, 0x52, 0xaa, 0x62, 0xf6, 0xcd, 0xa6, 0x49, 0x89, 0x6a, 0x37, 0xd6,
    0xad, 0x93, 0xc9, 0x6a, 0x2e, 0xa4, 0xcd, 0x9b, 0x89, 0x62, 0x8c, 0x8b,
    0x6f, 0xb4, 0x8f, 0xb4, 0xd6, 0xd5, 0x4f, 0xa4, 0x4e, 0xb4, 0x6b, 0x93,
    0x73, 0xcd, 0x4e, 0xac, 0xb1, 0xbc, 0x79, 0xde, 0x4e, 0xb4, 0x0e, 0xa4,
    0x4e, 0xb4, 0x4e, 0xac, 0x6e, 0xb4, 0x90, 0xb4, 0x6f, 0xb4, 0xb0, 0xbc,
    0x93, 0xcd, 0xaf, 0xbc, 0x4e, 0xac, 0x52, 0xcd, 0x8f, 0xb4, 0x8f, 0xb4,
    0xee, 0x9b, 0x11, 0xc5, 0x72, 0xd5, 0x8f, 0xb4, 0xae, 0xbc, 0x11, 0xc5,
    0xd0, 0xc4, 0xaf, 0xbc, 0xf4, 0xe5, 0xf0, 0xc4, 0x52, 0xcd, 0x6f, 0xb4,
    0x8f, 0xb4, 0xaf, 0xbc, 0xd0, 0xc4, 0x72, 0xcd, 0x11, 0xc5, 0xd0, 0xbc,
    0x32, 0xd5, 0xd0, 0xc4, 0x93, 0xdd, 0xb3, 0xd5, 0xf1, 0xc4, 0x52, 0xd5,
    0x31, 0xcd, 0xd0, 0xc4, 0xb3, 0xdd, 0x32, 0xd5, 0x11, 0xcd, 0x90, 0xbc,
    0xcd, 0xa3, 0x8c, 0x93, 0xed, 0xa3, 0xcd, 0x9b, 0x6c, 0x93, 0xac, 0x9b,
    0x2e, 0xac, 0x4f, 0xac, 0x2e, 0xa4, 0xd1, 0xb4, 0xd4, 0xd5, 0x37, 0xe6,
    0xfa, 0xf6, 0x7d, 0xf7, 0xfa, 0xee, 0x16, 0xce, 0x53, 0xbd, 0x54, 0xbd,
    0x7b, 0xd6, 0x9f, 0xf7, 0xff, 0xff, 0xff, 0xff, 0xff, 0xff, 0xff, 0xff,
    0xff, 0xff, 0xff, 0xff, 0xff, 0xff, 0xff, 0xff, 0xff, 0xff, 0xff, 0xff,
    0xff, 0xff, 0xff, 0xff, 0xff, 0xff, 0xff, 0xff, 0xff, 0xff, 0xff, 0xff,
    0xff, 0xff, 0xff, 0xff, 0xff, 0xff, 0xff, 0xff, 0xff, 0xff, 0xff, 0xff,
    0xff, 0xff, 0xff, 0xff, 0xff, 0xff, 0xff, 0xff, 0xff, 0xff, 0xff, 0xff,
    0xff, 0xff, 0xff, 0xff, 0xff, 0xff, 0xff, 0xff, 0xff, 0xff, 0xff, 0xff,
    0xff, 0xff, 0xff, 0xff, 0xff, 0xff, 0xff, 0xff, 0xff, 0xff, 0xff, 0xff,
    0xff, 0xff, 0xff, 0xff, 0xff, 0xff, 0xff, 0xff, 0xff, 0xff, 0xff, 0xff,
    0xff, 0xff, 0xff, 0xff, 0xff, 0xff, 0xff, 0xff, 0xdf, 0xff, 0xdf, 0xff,
    0xbf, 0xf7, 0x7e, 0xf7, 0x7d, 0xf7, 0x5d, 0xef, 0x5d, 0xef, 0x5c, 0xef,
    0x3d, 0xef, 0x5d, 0xef, 0x5d, 0xf7, 0x7e, 0xf7, 0xbe, 0xf7, 0xbf, 0xff,
    0xdf, 0xff, 0xff, 0xff, 0xff, 0xff, 0xff, 0xff, 0xff, 0xff, 0xff, 0xff,
    0xff, 0xff, 0xff, 0xff, 0xff, 0xff, 0xff, 0xff, 0xff, 0xff, 0xff, 0xff,
    0xff, 0xff, 0xff, 0xff, 0xff, 0xff, 0xff, 0xff, 0xff, 0xff, 0xff, 0xff,
    0xff, 0xff, 0xff, 0xff, 0xff, 0xff, 0xff, 0xff, 0xff, 0xff, 0xff, 0xff,
    0xff, 0xff, 0x13, 0xb5, 0xf3, 0xb4, 0xd7, 0xc5, 0x5a, 0xd6, 0x34, 0xb5,
    0x75, 0xbd, 0x54, 0xb5, 0x75, 0xbd, 0x95, 0xc5, 0x96, 0xc5, 0xb5, 0xc5,
    0x96, 0xc5, 0x95, 0xbd, 0x95, 0xc5, 0x95, 0xc5, 0x96, 0xc5, 0xb6, 0xbd,
    0x95, 0xc5, 0x96, 0xc5, 0xb5, 0xc5, 0x96, 0xc5, 0x96, 0xc5, 0xb5, 0xc5,
    0x95, 0xbd, 0xb5, 0xc5, 0xb6, 0xc5, 0x95, 0xc5, 0x95, 0xc5, 0x95, 0xbd,
    0xf7, 0xc5, 0x18, 0xd6, 0x96, 0xbd, 0x95, 0xc5, 0xb5, 0xc5, 0xb6, 0xc5,
    0xb6, 0xcd, 0xb6, 0xc5, 0xb5, 0xcd, 0xb6, 0xc5, 0xd6, 0xc5, 0xf7, 0xcd,
    0xf7, 0xcd, 0xf7, 0xcd, 0xf6, 0xcd, 0x37, 0xd6, 0x38, 0xd6, 0x37, 0xd6,
    0x17, 0xd6, 0x37, 0xd6, 0x58, 0xde, 0x58, 0xd6, 0x78, 0xd6, 0x58, 0xde,
    0x78, 0xde, 0x99, 0xde, 0x99, 0xe6, 0xb9, 0xde, 0xb9, 0xe6, 0xda, 0xe6,
    0xda, 0xe6, 0xda, 0xee, 0xfa, 0xee, 0xdb, 0xe6, 0xfa, 0xe6, 0x1a, 0xef,
    0xfb, 0xee, 0x3b, 0xf7, 0x3c, 0xf7, 0x1b, 0xef, 0xda, 0xe6, 0xfb, 0xee,
    0x1b, 0xf7, 0x1c, 0xef, 0xfb, 0xe6, 0xfb, 0xee, 0x1b, 0xef, 0x1b, 0xef,
    0x1b, 0xef, 0x5c, 0xf7, 0x3b, 0xef, 0xba, 0xe6, 0xb9, 0xe6, 0x5b, 0xf7,
    0x1b, 0xef, 0x58, 0xde, 0xd6, 0xd5, 0xf6, 0xd5, 0xf5, 0xdd, 0xb8, 0xee,
    0x12, 0xc5, 0xd1, 0xbc, 0x36, 0xee, 0x90, 0xac, 0x57, 0xde, 0x74, 0xcd,
    0x90, 0xac, 0x90, 0xa4, 0xad, 0x93, 0x2c, 0x7b, 0x90, 0xac, 0x94, 0xc5,
    0x73, 0xcd, 0xf5, 0xcd, 0x33, 0xbd, 0x0e, 0xa4, 0x93, 0xd5, 0x8b, 0x8b,
    0x98, 0xee, 0x12, 0xbd, 0xe6, 0x41, 0xb1, 0xbc, 0x6c, 0x83, 0x15, 0xe6,
    0x04, 0x29, 0x8c, 0x93, 0x48, 0x52, 0xad, 0x93, 0xca, 0x6a, 0xca, 0x6a,
    0x28, 0x52, 0x68, 0x5a, 0xc9, 0x6a, 0xca, 0x6a, 0xac, 0x93, 0x6c, 0x83,
    0x89, 0x62, 0xcd, 0x93, 0xa9, 0x6a, 0x8c, 0x8b, 0xa9, 0x6a, 0x28, 0x52,
    0xb0, 0xbc, 0x07, 0x52, 0xd0, 0xbc, 0x89, 0x62, 0x0e, 0xac, 0x89, 0x6a,
    0x89, 0x62, 0x07, 0x52, 0x07, 0x52, 0x86, 0x39, 0xc7, 0x49, 0x27, 0x5a,
    0x48, 0x5a, 0xe7, 0x49, 0xa6, 0x49, 0x99, 0xe6, 0xa9, 0x6a, 0x6b, 0x83,
    0xb5, 0xc5, 0x0b, 0x7b, 0x0e, 0xa4, 0x0a, 0x7b, 0x8b, 0x93, 0x0a, 0x7b,
    0x4e, 0xac, 0x6e, 0xac, 0xac, 0x9b, 0x16, 0xde, 0x6f, 0xac, 0xaf, 0xbc,
    0x8c, 0x93, 0xd5, 0xd5, 0x0d, 0xac, 0xb4, 0xcd, 0x74, 0xc5, 0x53, 0xcd,
    0x8f, 0xb4, 0x2e, 0xac, 0x2d, 0xac, 0xaf, 0xbc, 0xb0, 0xb4, 0xd0, 0xbc,
    0x8b, 0x93, 0xb4, 0xdd, 0x2e, 0xac, 0x8f, 0xbc, 0xf0, 0xc4, 0xd0, 0xbc,
    0x2e, 0xa4, 0x50, 0xb4, 0x72, 0xd5, 0xcf, 0xbc, 0xaf, 0xbc, 0xd1, 0xc4,
    0x52, 0xcd, 0xf0, 0xc4, 0x31, 0xcd, 0x52, 0xcd, 0xf0, 0xc4, 0xb0, 0xbc,
    0x8f, 0xb4, 0x2e, 0xac, 0x72, 0xd5, 0xd0, 0xbc, 0xf1, 0xc4, 0xf1, 0xcc,
    0xf1, 0xc4, 0xf1, 0xc4, 0x11, 0xc5, 0x94, 0xdd, 0xf1, 0xc4, 0x11, 0xc5,
    0xf1, 0xcc, 0x4f, 0xbc, 0x52, 0xd5, 0xf4, 0xe5, 0x93, 0xd5, 0x31, 0xc5,
    0x6f, 0xbc, 0x0d, 0xac, 0x2e, 0xac, 0x8f, 0xb4, 0xac, 0x93, 0x4b, 0x83,
    0x8c, 0x93, 0xed, 0x9b, 0xed, 0xa3, 0x0e, 0xa4, 0x11, 0xbd, 0x94, 0xcd,
    0x16, 0xe6, 0x1a, 0xf7, 0x5c, 0xf7, 0xb9, 0xee, 0x74, 0xc5, 0x34, 0xbd,
    0x95, 0xc5, 0x7a, 0xd6, 0xbe, 0xf7, 0xff, 0xff, 0xff, 0xff, 0xff, 0xff,
    0xff, 0xff, 0xff, 0xff, 0xff, 0xff, 0xff, 0xff, 0xff, 0xff, 0xff, 0xff,
    0xff, 0xff, 0xff, 0xff, 0xff, 0xff, 0xff, 0xff, 0xff, 0xff, 0xff, 0xff,
    0xff, 0xff, 0xff, 0xff, 0xff, 0xff, 0xff, 0xff, 0xff, 0xff, 0xff, 0xff,
    0xff, 0xff, 0xff, 0xff, 0xff, 0xff, 0xff, 0xff, 0xff, 0xff, 0xff, 0xff,
    0xff, 0xff, 0xff, 0xff, 0xff, 0xff, 0xff, 0xff, 0xff, 0xff, 0xff, 0xff,
    0xff, 0xff, 0xff, 0xff, 0xff, 0xff, 0xff, 0xff, 0xff, 0xff, 0xff, 0xff,
    0xff, 0xff, 0xff, 0xff, 0xff, 0xff, 0xff, 0xff, 0xff, 0xff, 0xff, 0xff,
    0xff, 0xff, 0xff, 0xff, 0xff, 0xff, 0xff, 0xff, 0xff, 0xff, 0xdf, 0xff,
    0xdf, 0xff, 0xbe, 0xf7, 0x9e, 0xf7, 0x7d, 0xf7, 0x5d, 0xf7, 0x5c, 0xef,
    0x3d, 0xef, 0x5d, 0xef, 0x5d, 0xef, 0x5d, 0xef, 0x7e, 0xf7, 0x9e, 0xf7,
    0xbf, 0xff, 0xdf, 0xff, 0xff, 0xff, 0xff, 0xff, 0xff, 0xff, 0xff, 0xff,
    0xff, 0xff, 0xff, 0xff, 0xff, 0xff, 0xff, 0xff, 0xff, 0xff, 0xff, 0xff,
    0xff, 0xff, 0xff, 0xff, 0xff, 0xff, 0xff, 0xff, 0xff, 0xff, 0xff, 0xff,
    0xff, 0xff, 0xff, 0xff, 0xff, 0xff, 0xff, 0xff, 0xff, 0xff, 0xff, 0xff,
    0xff, 0xff, 0xff, 0xff, 0x14, 0xad, 0xf3, 0xb4, 0xf3, 0xac, 0x17, 0xce,
    0x59, 0xd6, 0x55, 0xbd, 0x95, 0xc5, 0x54, 0xb5, 0x75, 0xbd, 0xb6, 0xcd,
    0x17, 0xd6, 0x18, 0xce, 0xb6, 0xc5, 0x95, 0xbd, 0x96, 0xc5, 0xb6, 0xc5,
    0xb6, 0xc5, 0x96, 0xc5, 0x95, 0xbd, 0xb5, 0xc5, 0x96, 0xc5, 0xd6, 0xc5,
    0xd6, 0xc5, 0x96, 0xc5, 0x75, 0xbd, 0x75, 0xc5, 0x95, 0xc5, 0xb5, 0xc5,
    0x75, 0xc5, 0xd6, 0xc5, 0x38, 0xd6, 0xb6, 0xc5, 0x95, 0xc5, 0x95, 0xc5,
    0x95, 0xc5, 0xb6, 0xc5, 0xb6, 0xc5, 0xd6, 0xc5, 0xb6, 0xc5, 0xb6, 0xcd,
    0xd6, 0xcd, 0x17, 0xce, 0x17, 0xd6, 0xf7, 0xcd, 0xf7, 0xcd, 0x38, 0xd6,
    0x58, 0xd6, 0x38, 0xd6, 0x38, 0xd6, 0x58, 0xde, 0x78, 0xde, 0x79, 0xde,
    0x58, 0xde, 0x79, 0xde, 0x99, 0xde, 0x99, 0xe6, 0xb9, 0xe6, 0xb9, 0xe6,
    0xda, 0xe6, 0xd9, 0xe6, 0xda, 0xee, 0xda, 0xe6, 0xfa, 0xee, 0xdb, 0xee,
    0xfa, 0xee, 0xfb, 0xee, 0x1c, 0xef, 0x5c, 0xf7, 0x3b, 0xf7, 0xfb, 0xe6,
    0xda, 0xe6, 0xdb, 0xe6, 0x1b, 0xef, 0x1b, 0xef, 0xfa, 0xe6, 0xdb, 0xe6,
    0xfa, 0xee, 0xfb, 0xee, 0x1b, 0xef, 0x3c, 0xf7, 0xfb, 0xee, 0x99, 0xde,
    0xfa, 0xee, 0x98, 0xe6, 0x78, 0xee, 0xb4, 0xd5, 0x33, 0xc5, 0x94, 0xcd,
    0xb3, 0xd5, 0xb8, 0xf6, 0x6f, 0xac, 0x53, 0xc5, 0xb4, 0xd5, 0x53, 0xc5,
    0x77, 0xe6, 0x4f, 0xac, 0x16, 0xe6, 0xcd, 0x93, 0x4f, 0x9c, 0x07, 0x52,
    0xb4, 0xd5, 0x2e, 0x9c, 0x32, 0xcd, 0x16, 0xde, 0x32, 0xbd, 0xd0, 0xbc,
    0xee, 0x9b, 0xf2, 0xb4, 0xf5, 0xdd, 0x6c, 0x8b, 0xa9, 0x62, 0x6f, 0xb4,
    0xd4, 0xd5, 0x89, 0x62, 0x65, 0x39, 0xed, 0x9b, 0xcd, 0x9b, 0x2b, 0x73,
    0xea, 0x7a, 0x89, 0x62, 0x68, 0x62, 0x69, 0x62, 0x0a, 0x7b, 0x89, 0x62,
    0x6f, 0xac, 0x48, 0x5a, 0x72, 0xcd, 0x85, 0x41, 0x4f, 0xa4, 0x2b, 0x83,
    0x28, 0x5a, 0x4b, 0x7b, 0x0e, 0xa4, 0x0e, 0xa4, 0xea, 0x72, 0x0e, 0xa4,
    0x2a, 0x83, 0xea, 0x7a, 0xe7, 0x49, 0x69, 0x62, 0x86, 0x39, 0xa6, 0x41,
    0xc6, 0x49, 0x88, 0x62, 0xa6, 0x39, 0xe7, 0x59, 0xd2, 0xac, 0x4f, 0x9c,
    0x2e, 0xa4, 0x91, 0xa4, 0xee, 0x93, 0x0b, 0x83, 0xea, 0x7a, 0xcd, 0x93,
    0x89, 0x6a, 0xed, 0x9b, 0x6f, 0xac, 0x8b, 0x9b, 0xd5, 0xd5, 0xb1, 0xac,
    0x6f, 0xac, 0x8c, 0x93, 0x15, 0xde, 0x0d, 0xa4, 0x74, 0xcd, 0x70, 0xac,
    0xb4, 0xd5, 0xd0, 0xbc, 0x8f, 0xb4, 0x4e, 0xac, 0x2d, 0xac, 0xf1, 0xbc,
    0x2d, 0xb4, 0xed, 0xa3, 0x15, 0xde, 0xf0, 0xc4, 0x11, 0xc5, 0xaf, 0xbc,
    0x8f, 0xbc, 0xed, 0xa3, 0x2e, 0xac, 0x31, 0xcd, 0x11, 0xcd, 0xcc, 0x9b,
    0x73, 0xcd, 0x55, 0xee, 0x4e, 0xac, 0x15, 0xe6, 0x11, 0xc5, 0x11, 0xcd,
    0x2e, 0xac, 0xaf, 0xc4, 0x32, 0xcd, 0x14, 0xe6, 0xd1, 0xbc, 0x72, 0xd5,
    0x31, 0xcd, 0xf0, 0xc4, 0xd0, 0xc4, 0x32, 0xcd, 0x31, 0xd5, 0xd0, 0xc4,
    0xd0, 0xc4, 0x8f, 0xbc, 0xb0, 0xbc, 0xb3, 0xdd, 0xd4, 0xd5, 0x32, 0xcd,
    0x32, 0xcd, 0xb3, 0xdd, 0x12, 0xc5, 0x52, 0xd5, 0x11, 0xbd, 0x6c, 0x93,
    0x8c, 0x8b, 0xad, 0x93, 0xac, 0x93, 0xcc, 0x93, 0x4f, 0xac, 0x11, 0xc5,
    0x73, 0xcd, 0xf5, 0xd5, 0xda, 0xee, 0xfa, 0xee, 0xf6, 0xcd, 0xf2, 0xb4,
    0x94, 0xcd, 0xd5, 0xcd, 0x18, 0xd6, 0x1c, 0xe7, 0x9e, 0xff, 0xdf, 0xff,
    0xff, 0xff, 0xff, 0xff, 0xff, 0xff, 0xff, 0xff, 0xff, 0xff, 0xff, 0xff,
    0xff, 0xff, 0xff, 0xff, 0xff, 0xff, 0xff, 0xff, 0xff, 0xff, 0xff, 0xff,
    0xff, 0xff, 0xff, 0xff, 0xff, 0xff, 0xff, 0xff, 0xff, 0xff, 0xff, 0xff,
    0xff, 0xff, 0xff, 0xff, 0xff, 0xff, 0xff, 0xff, 0xff, 0xff, 0xff, 0xff,
    0xff, 0xff, 0xff, 0xff, 0xff, 0xff, 0xff, 0xff, 0xff, 0xff, 0xff, 0xff,
    0xff, 0xff, 0xff, 0xff, 0xff, 0xff, 0xff, 0xff, 0xff, 0xff, 0xff, 0xff,
    0xff, 0xff, 0xff, 0xff, 0xff, 0xff, 0xff, 0xff, 0xff, 0xff, 0xff, 0xff,
    0xff, 0xff, 0xff, 0xff, 0xff, 0xff, 0xff, 0xff, 0xff, 0xff, 0xff, 0xff,
    0xff, 0xff, 0xde, 0xff, 0x9f, 0xff, 0x9d, 0xf7, 0x5e, 0xef, 0x7d, 0xef,
    0x3d, 0xf7, 0x5d, 0xef, 0x5c, 0xf7, 0x5d, 0xf7, 0x5d, 0xef, 0x7d, 0xf7,
    0x9e, 0xf7, 0xbf, 0xff, 0xff, 0xff, 0xff, 0xff, 0xff, 0xff, 0xff, 0xff,
    0xff, 0xff, 0xff, 0xff, 0xff, 0xff, 0xff, 0xff, 0xff, 0xff, 0xff, 0xff,
    0xff, 0xff, 0xff, 0xff, 0xff, 0xff, 0xff, 0xff, 0xff, 0xff, 0xff, 0xff,
    0xff, 0xff, 0xff, 0xff, 0xff, 0xff, 0xff, 0xff, 0xff, 0xff, 0xff, 0xff,
    0xff, 0xff, 0xff, 0xff, 0xff, 0xff, 0x34, 0xb5, 0x14, 0xad, 0xf3, 0xac,
    0xf3, 0xac, 0x17, 0xd6, 0x39, 0xce, 0x96, 0xbd, 0xd6, 0xc5, 0x55, 0xbd,
    0x55, 0xbd, 0x17, 0xce, 0x99, 0xde, 0xf8, 0xcd, 0xb6, 0xcd, 0xd7, 0xc5,
    0xd6, 0xc5, 0xf6, 0xcd, 0xd7, 0xcd, 0x95, 0xc5, 0x95, 0xbd, 0x96, 0xc5,
    0xb6, 0xc5, 0xd6, 0xcd, 0x58, 0xd6, 0x18, 0xce, 0x95, 0xc5, 0x96, 0xc5,
    0x95, 0xbd, 0x55, 0xbd, 0x75, 0xbd, 0x38, 0xd6, 0xb6, 0xc5, 0x75, 0xbd,
    0x95, 0xc5, 0x96, 0xc5, 0x95, 0xc5, 0xb6, 0xc5, 0xd6, 0xcd, 0x17, 0xce,
    0xf7, 0xcd, 0xb6, 0xc5, 0xf7, 0xcd, 0x38, 0xd6, 0x58, 0xde, 0x17, 0xce,
    0x18, 0xd6, 0x78, 0xde, 0x78, 0xde, 0x38, 0xce, 0x38, 0xd6, 0x78, 0xde,
    0x99, 0xde, 0x99, 0xde, 0x79, 0xde, 0x99, 0xde, 0xb9, 0xde, 0x9a, 0xe6,
    0x9a, 0xe6, 0xda, 0xe6, 0xda, 0xee, 0xfa, 0xee, 0xfa, 0xe6, 0xfb, 0xee,
    0xfb, 0xee, 0xfb, 0xe6, 0xfa, 0xee, 0x1b, 0xef, 0x3c, 0xf7, 0x3b, 0xf7,
    0x1b, 0xf7, 0x1b, 0xef, 0xba, 0xde, 0xda, 0xde, 0xfb, 0xee, 0xfb, 0xee,
    0xdb, 0xe6, 0xfb, 0xe6, 0xfa, 0xee, 0xda, 0xe6, 0x1b, 0xef, 0x5b, 0xf7,
    0xba, 0xe6, 0x38, 0xde, 0x98, 0xee, 0x56, 0xe6, 0xd5, 0xdd, 0x72, 0xcd,
    0xd0, 0xc4, 0xd0, 0xbc, 0x52, 0xcd, 0xf9, 0xfe, 0x0e, 0xa4, 0x36, 0xe6,
    0x2e, 0xa4, 0x37, 0xe6, 0xf1, 0xbc, 0xd1, 0xb4, 0xd5, 0xcd, 0x94, 0xc5,
    0xa9, 0x6a, 0xc9, 0x72, 0x94, 0xcd, 0x4f, 0x9c, 0x93, 0xd5, 0x77, 0xe6,
    0x4f, 0xa4, 0x12, 0xcd, 0x0a, 0x7b, 0xb9, 0xee, 0x0e, 0x9c, 0xee, 0x9b,
    0x68, 0x62, 0x32, 0xcd, 0x91, 0xa4, 0x24, 0x21, 0x0b, 0x7b, 0x27, 0x52,
    0x6f, 0xb4, 0x2b, 0x7b, 0x6b, 0x8b, 0x48, 0x5a, 0x88, 0x62, 0x69, 0x62,
    0x2b, 0x7b, 0x68, 0x5a, 0xb0, 0xb4, 0xd1, 0xb4, 0x07, 0x52, 0xed, 0x93,
    0x71, 0xb4, 0x48, 0x5a, 0x07, 0x52, 0xb0, 0xbc, 0x0e, 0x9c, 0x6b, 0x8b,
    0x6b, 0x8b, 0xcd, 0x9b, 0x4b, 0x8b, 0xa6, 0x39, 0x48, 0x62, 0x86, 0x41,
    0xa6, 0x41, 0xa6, 0x39, 0x69, 0x62, 0xc7, 0x49, 0x07, 0x52, 0x89, 0x62,
    0x13, 0xb5, 0xea, 0x7a, 0x0b, 0x73, 0x95, 0xcd, 0x47, 0x62, 0xac, 0x93,
    0x6b, 0x8b, 0x2b, 0x83, 0x0a, 0x83, 0x4f, 0xac, 0x8b, 0x9b, 0x32, 0xc5,
    0x12, 0xbd, 0x2e, 0xac, 0xea, 0x82, 0x73, 0xcd, 0xed, 0xa3, 0x16, 0xde,
    0x70, 0xa4, 0x4e, 0xa4, 0x73, 0xd5, 0x4e, 0xac, 0x32, 0xcd, 0x2d, 0xa4,
    0xd5, 0xd5, 0xaf, 0xbc, 0x52, 0xcd, 0xd4, 0xd5, 0x6f, 0xb4, 0xd0, 0xbc,
    0x11, 0xc5, 0xac, 0x9b, 0x8f, 0xb4, 0x31, 0xc5, 0xd0, 0xbc, 0xb3, 0xdd,
    0x4e, 0xb4, 0x55, 0xee, 0xd4, 0xdd, 0x90, 0xbc, 0xf4, 0xe5, 0x11, 0xcd,
    0xd0, 0xc4, 0xd1, 0xbc, 0xaf, 0xbc, 0xf3, 0xe5, 0x31, 0xcd, 0x51, 0xd5,
    0xb4, 0xdd, 0x8f, 0xbc, 0x8f, 0xbc, 0x11, 0xcd, 0xf1, 0xc4, 0x31, 0xcd,
    0xd0, 0xc4, 0x8f, 0xbc, 0xf1, 0xc4, 0x72, 0xd5, 0x92, 0xd5, 0x12, 0xcd,
    0x11, 0xcd, 0xf5, 0xe5, 0x36, 0xe6, 0x15, 0xe6, 0x36, 0xe6, 0x32, 0xc5,
    0x2f, 0xac, 0xb0, 0xb4, 0x90, 0xac, 0x0d, 0xa4, 0x0e, 0x9c, 0x8f, 0xac,
    0xf1, 0xb4, 0xf1, 0xbc, 0xb4, 0xcd, 0x57, 0xde, 0xf6, 0xd5, 0xd2, 0xb4,
    0xf2, 0xb4, 0x53, 0xbd, 0x13, 0xb5, 0x34, 0xb5, 0xf7, 0xcd, 0xfb, 0xe6,
    0x5e, 0xef, 0x9f, 0xf7, 0xff, 0xff, 0xff, 0xff, 0xff, 0xff, 0xff, 0xff,
    0xff, 0xff, 0xff, 0xff, 0xff, 0xff, 0xff, 0xff, 0xff, 0xff, 0xff, 0xff,
    0xff, 0xff, 0xff, 0xff, 0xff, 0xff, 0xff, 0xff, 0xff, 0xff, 0xff, 0xff,
    0xff, 0xff, 0xff, 0xff, 0xff, 0xff, 0xff, 0xff, 0xff, 0xff, 0xff, 0xff,
    0xff, 0xff, 0xff, 0xff, 0xff, 0xff, 0xff, 0xff, 0xff, 0xff, 0xff, 0xff,
    0xff, 0xff, 0xff, 0xff, 0xff, 0xff, 0xff, 0xff, 0xff, 0xff, 0xff, 0xff,
    0xff, 0xff, 0xff, 0xff, 0xff, 0xff, 0xff, 0xff, 0xff, 0xff, 0xff, 0xff,
    0xff, 0xff, 0xff, 0xff, 0xff, 0xff, 0xff, 0xff, 0xff, 0xff, 0xff, 0xff,
    0xff, 0xff, 0xff, 0xff, 0xbf, 0xff, 0xbe, 0xff, 0x7e, 0xf7, 0x7d, 0xef,
    0x5d, 0xef, 0x5d, 0xf7, 0x3c, 0xef, 0x5d, 0xef, 0x3d, 0xef, 0x5d, 0xf7,
    0x9e, 0xef, 0x9e, 0xf7, 0xbf, 0xff, 0xdf, 0xff, 0xff, 0xff, 0xff, 0xff,
    0xff, 0xff, 0xff, 0xff, 0xff, 0xff, 0xff, 0xff, 0xff, 0xff, 0xff, 0xff,
    0xff, 0xff, 0xff, 0xff, 0xff, 0xff, 0xff, 0xff, 0xff, 0xff, 0xff, 0xff,
    0xff, 0xff, 0xff, 0xff, 0xff, 0xff, 0xff, 0xff, 0xff, 0xff, 0xff, 0xff,
    0xff, 0xff, 0xff, 0xff, 0xff, 0xff, 0xff, 0xff, 0x54, 0xbd, 0xd7, 0xcd,
    0x95, 0xbd, 0xf3, 0xac, 0xf3, 0xac, 0x58, 0xde, 0x19, 0xd6, 0xd7, 0xcd,
    0x17, 0xd6, 0x95, 0xc5, 0x96, 0xbd, 0x79, 0xde, 0x79, 0xd6, 0xf7, 0xcd,
    0x79, 0xd6, 0xda, 0xe6, 0x7a, 0xde, 0x79, 0xde, 0x38, 0xd6, 0xd7, 0xc5,
    0x95, 0xc5, 0x95, 0xc5, 0x75, 0xbd, 0xb6, 0xc5, 0x99, 0xe6, 0x7a, 0xd6,
    0xf7, 0xcd, 0x38, 0xd6, 0xf7, 0xd5, 0xb6, 0xbd, 0xd7, 0xcd, 0x17, 0xd6,
    0x95, 0xbd, 0x75, 0xbd, 0x75, 0xbd, 0xb5, 0xc5, 0xb6, 0xc5, 0xb6, 0xc5,
    0xd6, 0xcd, 0x58, 0xd6, 0x58, 0xde, 0xd6, 0xc5, 0xd7, 0xcd, 0x58, 0xde,
    0x59, 0xde, 0x38, 0xd6, 0x18, 0xd6, 0x99, 0xde, 0x99, 0xde, 0x38, 0xd6,
    0x38, 0xd6, 0x79, 0xde, 0xb9, 0xe6, 0x99, 0xde, 0x79, 0xde, 0x99, 0xe6,
    0xb9, 0xe6, 0xba, 0xe6, 0xba, 0xe6, 0xfa, 0xe6, 0xfa, 0xee, 0xda, 0xe6,
    0xfa, 0xee, 0x1b, 0xef, 0x1b, 0xef, 0x1b, 0xef, 0xfb, 0xee, 0x3b, 0xef,
    0x5c, 0xf7, 0x1c, 0xf7, 0x1b, 0xef, 0x1b, 0xef, 0xda, 0xe6, 0x9a, 0xe6,
    0xfa, 0xee, 0xba, 0xe6, 0xfa, 0xee, 0x3b, 0xf7, 0xda, 0xee, 0x79, 0xde,
    0xda, 0xee, 0xfa, 0xf6, 0xf5, 0xd5, 0xf5, 0xdd, 0xf4, 0xe5, 0xb3, 0xdd,
    0x8f, 0xb4, 0x93, 0xdd, 0xb4, 0xdd, 0xf1, 0xc4, 0x11, 0xc5, 0x97, 0xf6,
    0x8f, 0xb4, 0x36, 0xde, 0x90, 0xb4, 0x32, 0xbd, 0xac, 0x9b, 0xf6, 0xd5,
    0xb1, 0xb4, 0x15, 0xde, 0x4c, 0x7b, 0x6c, 0x8b, 0x93, 0xcd, 0x90, 0xac,
    0xd4, 0xd5, 0x57, 0xe6, 0xb0, 0xb4, 0x0e, 0xa4, 0x6b, 0x83, 0x57, 0xe6,
    0x8c, 0x93, 0x0b, 0x73, 0x0a, 0x7b, 0x3a, 0xff, 0x85, 0x41, 0xa6, 0x41,
    0x0b, 0x73, 0xca, 0x6a, 0xd1, 0xbc, 0xa9, 0x6a, 0xc7, 0x49, 0x68, 0x62,
    0x68, 0x5a, 0xea, 0x7a, 0xea, 0x72, 0xee, 0x9b, 0xb1, 0xb4, 0xf1, 0xbc,
    0x6b, 0x8b, 0x52, 0xc5, 0x28, 0x52, 0xa9, 0x72, 0xac, 0x93, 0xcd, 0x9b,
    0x6f, 0xb4, 0xa9, 0x6a, 0x2e, 0xa4, 0xac, 0x93, 0x28, 0x52, 0xa6, 0x41,
    0xe7, 0x49, 0xa6, 0x41, 0x86, 0x41, 0x28, 0x5a, 0xa9, 0x6a, 0x86, 0x41,
    0xe7, 0x51, 0x94, 0xcd, 0xa9, 0x6a, 0x0a, 0x83, 0x16, 0xd6, 0x89, 0x62,
    0x8c, 0x8b, 0xcd, 0x9b, 0x0d, 0xa4, 0x2a, 0x83, 0x8f, 0xb4, 0xed, 0xa3,
    0x13, 0xbd, 0x74, 0xcd, 0xb0, 0xbc, 0x47, 0x62, 0x52, 0xcd, 0x8b, 0x93,
    0x99, 0xe6, 0x90, 0xac, 0x0e, 0xa4, 0xcf, 0xbc, 0xf1, 0xbc, 0x52, 0xcd,
    0xd1, 0xbc, 0x73, 0xcd, 0x73, 0xd5, 0x52, 0xcd, 0x72, 0xcd, 0x11, 0xc5,
    0xaf, 0xbc, 0xf1, 0xc4, 0x4e, 0xac, 0x8e, 0xb4, 0x31, 0xcd, 0x32, 0xcd,
    0x11, 0xcd, 0x10, 0xc5, 0x97, 0xee, 0x8f, 0xb4, 0x92, 0xd5, 0x11, 0xc5,
    0x93, 0xd5, 0xd0, 0xc4, 0xf1, 0xc4, 0x32, 0xc5, 0xf5, 0xdd, 0xd0, 0xc4,
    0xd4, 0xdd, 0x31, 0xc5, 0x4f, 0xac, 0x11, 0xcd, 0xf1, 0xc4, 0xf1, 0xc4,
    0x11, 0xcd, 0x8f, 0xb4, 0x8f, 0xbc, 0x11, 0xc5, 0x31, 0xcd, 0xd0, 0xbc,
    0xd1, 0xc4, 0xd3, 0xdd, 0x15, 0xe6, 0xf4, 0xe5, 0x56, 0xe6, 0x56, 0xe6,
    0x52, 0xcd, 0x52, 0xcd, 0xb3, 0xd5, 0x94, 0xcd, 0xd1, 0xb4, 0x11, 0xbd,
    0x12, 0xb5, 0x90, 0xac, 0x90, 0xb4, 0x52, 0xcd, 0x53, 0xbd, 0xd1, 0xac,
    0xb0, 0xb4, 0xf1, 0xb4, 0xb2, 0xac, 0x70, 0xa4, 0xb1, 0xac, 0x54, 0xb5,
    0x18, 0xc6, 0xdc, 0xe6, 0xbe, 0xf7, 0xdf, 0xff, 0xff, 0xff, 0xff, 0xff,
    0xff, 0xff, 0xff, 0xff, 0xff, 0xff, 0xff, 0xff, 0xff, 0xff, 0xff, 0xff,
    0xff, 0xff, 0xff, 0xff, 0xff, 0xff, 0xff, 0xff, 0xff, 0xff, 0xff, 0xff,
    0xff, 0xff, 0xff, 0xff, 0xff, 0xff, 0xff, 0xff, 0xff, 0xff, 0xff, 0xff,
    0xff, 0xff, 0xff, 0xff, 0xff, 0xff, 0xff, 0xff, 0xff, 0xff, 0xff, 0xff,
    0xff, 0xff, 0xff, 0xff, 0xff, 0xff, 0xff, 0xff, 0xff, 0xff, 0xff, 0xff,
    0xff, 0xff, 0xff, 0xff, 0xff, 0xff, 0xff, 0xff, 0xff, 0xff, 0xff, 0xff,
    0xff, 0xff, 0xff, 0xff, 0xff, 0xff, 0xff, 0xff, 0xff, 0xff, 0xff, 0xff,
    0xff, 0xff, 0xff, 0xff, 0xdf, 0xff, 0xbf, 0xff, 0xbe, 0xf7, 0x7f, 0xf7,
    0x7d, 0xf7, 0x5d, 0xef, 0x3d, 0xf7, 0x3c, 0xef, 0x3c, 0xef, 0x5d, 0xef,
    0x5d, 0xef, 0x7d, 0xf7, 0x9e, 0xf7, 0xbe, 0xff, 0xdf, 0xff, 0xff, 0xff,
    0xff, 0xff, 0xff, 0xff, 0xff, 0xff, 0xff, 0xff, 0xff, 0xff, 0xff, 0xff,
    0xff, 0xff, 0xff, 0xff, 0xff, 0xff, 0xff, 0xff, 0xff, 0xff, 0xff, 0xff,
    0xff, 0xff, 0xff, 0xff, 0xff, 0xff, 0xff, 0xff, 0xff, 0xff, 0xff, 0xff,
    0xff, 0xff, 0xff, 0xff, 0xff, 0xff, 0xff, 0xff, 0xff, 0xff, 0x14, 0xb5,
    0x96, 0xc5, 0x59, 0xde, 0x59, 0xd6, 0x95, 0xc5, 0x96, 0xbd, 0xda, 0xe6,
    0x58, 0xd6, 0x17, 0xce, 0x38, 0xd6, 0xf7, 0xcd, 0x99, 0xde, 0xfb, 0xee,
    0xbb, 0xe6, 0xba, 0xde, 0x1c, 0xef, 0x7d, 0xff, 0x5d, 0xf7, 0x3c, 0xf7,
    0x1b, 0xf7, 0xdb, 0xe6, 0x99, 0xde, 0x38, 0xd6, 0xd6, 0xc5, 0xd7, 0xc5,
    0xba, 0xe6, 0xdb, 0xe6, 0x18, 0xce, 0x79, 0xd6, 0xda, 0xe6, 0xba, 0xe6,
    0x79, 0xde, 0x99, 0xde, 0x59, 0xde, 0xb7, 0xc5, 0xb5, 0xbd, 0x96, 0xc5,
    0xd6, 0xcd, 0xb6, 0xc5, 0xb6, 0xc5, 0x9a, 0xde, 0x79, 0xe6, 0xd6, 0xc5,
    0xd7, 0xcd, 0x58, 0xde, 0x99, 0xde, 0x58, 0xd6, 0x59, 0xd6, 0xba, 0xe6,
    0x99, 0xe6, 0x58, 0xd6, 0x58, 0xd6, 0x99, 0xde, 0xba, 0xe6, 0xb9, 0xe6,
    0x99, 0xe6, 0xb9, 0xe6, 0xb9, 0xe6, 0xda, 0xe6, 0xdb, 0xe6, 0x1b, 0xef,
    0xfb, 0xee, 0xda, 0xe6, 0xfa, 0xee, 0x1b, 0xef, 0x3b, 0xf7, 0x1c, 0xef,
    0x1b, 0xef, 0x5c, 0xf7, 0x3c, 0xef, 0xfa, 0xee, 0xfb, 0xf6, 0x3c, 0xef,
    0xba, 0xde, 0x79, 0xde, 0x79, 0xde, 0x79, 0xde, 0xda, 0xde, 0x1a, 0xef,
    0x38, 0xde, 0xb9, 0xee, 0x36, 0xde, 0xf5, 0xe5, 0x94, 0xd5, 0x52, 0xcd,
    0xb3, 0xdd, 0xf1, 0xc4, 0xac, 0x9b, 0xaf, 0xbc, 0x72, 0xd5, 0x56, 0xee,
    0xd0, 0xb4, 0x15, 0xe6, 0x73, 0xcd, 0x11, 0xbd, 0xd5, 0xd5, 0xd0, 0xbc,
    0x4e, 0xb4, 0x12, 0xbd, 0x4b, 0x83, 0xf9, 0xee, 0x0b, 0x7b, 0xd1, 0xb4,
    0xee, 0x9b, 0x94, 0xcd, 0x72, 0xcd, 0xf5, 0xdd, 0xb4, 0xd5, 0xed, 0x9b,
    0x73, 0xc5, 0xad, 0x93, 0x90, 0xb4, 0x07, 0x52, 0xf5, 0xd5, 0x4b, 0x83,
    0x86, 0x39, 0x2b, 0x83, 0x86, 0x39, 0x2e, 0xa4, 0x6f, 0xac, 0xc7, 0x49,
    0xe7, 0x49, 0x68, 0x62, 0x07, 0x52, 0xea, 0x72, 0xac, 0x93, 0x93, 0xcd,
    0x2f, 0xa4, 0x0e, 0x9c, 0x93, 0xd5, 0x68, 0x5a, 0xf1, 0xbc, 0x6b, 0x8b,
    0x91, 0xac, 0x4f, 0xac, 0xc9, 0x72, 0x6f, 0xb4, 0xcd, 0xa3, 0xc9, 0x6a,
    0xa6, 0x41, 0xc6, 0x41, 0x48, 0x5a, 0x07, 0x52, 0xe6, 0x49, 0xa9, 0x6a,
    0x07, 0x4a, 0xc7, 0x49, 0xb0, 0xac, 0x6b, 0x7b, 0x4b, 0x83, 0xd2, 0xac,
    0x8d, 0x93, 0xc9, 0x72, 0xb5, 0xd5, 0x8b, 0x93, 0x4f, 0xac, 0x0e, 0x9c,
    0xcd, 0x9b, 0x52, 0xcd, 0xb4, 0xcd, 0x12, 0xc5, 0x2a, 0x83, 0xb4, 0xd5,
    0x4e, 0xac, 0xfb, 0xee, 0x0e, 0xa4, 0x33, 0xc5, 0x11, 0xc5, 0xd4, 0xcd,
    0xf1, 0xbc, 0x72, 0xd5, 0xeb, 0xa3, 0x32, 0xc5, 0xb3, 0xd5, 0xd0, 0xbc,
    0xd4, 0xdd, 0x8f, 0xbc, 0x11, 0xc5, 0xd0, 0xbc, 0xaf, 0xbc, 0xd0, 0xc4,
    0x73, 0xd5, 0xf0, 0xc4, 0xb3, 0xd5, 0x77, 0xee, 0x2d, 0xac, 0x16, 0xe6,
    0xaf, 0xbc, 0x92, 0xdd, 0xd0, 0xbc, 0xf1, 0xc4, 0xd3, 0xdd, 0x52, 0xd5,
    0x31, 0xcd, 0x16, 0xe6, 0x31, 0xcd, 0xaf, 0xbc, 0x51, 0xcd, 0xd0, 0xc4,
    0x11, 0xc5, 0xb0, 0xbc, 0xd0, 0xc4, 0x6f, 0xb4, 0x90, 0xb4, 0x11, 0xc5,
    0xd0, 0xbc, 0x11, 0xcd, 0xf5, 0xdd, 0x93, 0xcd, 0x94, 0xd5, 0xf4, 0xdd,
    0xb4, 0xd5, 0xb3, 0xd5, 0x15, 0xde, 0xf5, 0xdd, 0x94, 0xcd, 0xb4, 0xd5,
    0xd5, 0xd5, 0x94, 0xcd, 0x12, 0xc5, 0x32, 0xc5, 0x33, 0xc5, 0xb1, 0xac,
    0x90, 0xac, 0x90, 0xac, 0x90, 0xac, 0x70, 0xa4, 0xb0, 0xac, 0xf2, 0xb4,
    0x13, 0xb5, 0xf7, 0xcd, 0x1b, 0xe7, 0x3c, 0xef, 0x7e, 0xf7, 0xdf, 0xff,
    0xff, 0xff, 0xff, 0xff, 0xff, 0xff, 0xff, 0xff, 0xff, 0xff, 0xff, 0xff,
    0xff, 0xff, 0xff, 0xff, 0xff, 0xff, 0xff, 0xff, 0xff, 0xff, 0xff, 0xff,
    0xff, 0xff, 0xff, 0xff, 0xff, 0xff, 0xff, 0xff, 0xff, 0xff, 0xff, 0xff,
    0xff, 0xff, 0xff, 0xff, 0xff, 0xff, 0xff, 0xff, 0xff, 0xff, 0xff, 0xff,
    0xff, 0xff, 0xff, 0xff, 0xff, 0xff, 0xff, 0xff, 0xff, 0xff, 0xff, 0xff,
    0xff, 0xff, 0xff, 0xff, 0xff, 0xff, 0xff, 0xff, 0xff, 0xff, 0xff, 0xff,
    0xff, 0xff, 0xff, 0xff, 0xff, 0xff, 0xff, 0xff, 0xff, 0xff, 0xff, 0xff,
    0xff, 0xff, 0xff, 0xff, 0xff, 0xff, 0xff, 0xff, 0xdf, 0xf7, 0xbe, 0xf7,
    0x7e, 0xf7, 0x7d, 0xf7, 0x7d, 0xef, 0x3d, 0xef, 0x3c, 0xef, 0x3d, 0xef,
    0x5d, 0xef, 0x5d, 0xef, 0x7e, 0xf7, 0x9e, 0xf7, 0xbe, 0xf7, 0xdf, 0xff,
    0xff, 0xff, 0xff, 0xff, 0xff, 0xff, 0xff, 0xff, 0xff, 0xff, 0xff, 0xff,
    0xff, 0xff, 0xff, 0xff, 0xff, 0xff, 0xff, 0xff, 0xff, 0xff, 0xff, 0xff,
    0xff, 0xff, 0xff, 0xff, 0xff, 0xff, 0xff, 0xff, 0xff, 0xff, 0xff, 0xff,
    0xff, 0xff, 0xff, 0xff, 0xff, 0xff, 0xff, 0xff, 0xff, 0xff, 0xff, 0xff,
    0x95, 0xbd, 0xb6, 0xc5, 0x17, 0xce, 0x7a, 0xde, 0xfb, 0xe6, 0x79, 0xde,
    0x59, 0xd6, 0xda, 0xee, 0xdb, 0xe6, 0xbb, 0xe6, 0x1c, 0xf7, 0x9e, 0xff,
    0xdf, 0xff, 0xdf, 0xff, 0xff, 0xff, 0xff, 0xff, 0xff, 0xff, 0xff, 0xff,
    0xff, 0xff, 0xff, 0xff, 0xff, 0xff, 0xff, 0xff, 0xff, 0xff, 0xdf, 0xff,
    0x7d, 0xff, 0x5d, 0xf7, 0x7d, 0xff, 0x3c, 0xf7, 0x99, 0xde, 0x79, 0xde,
    0x1c, 0xf7, 0xfb, 0xe6, 0x9a, 0xde, 0xfa, 0xe6, 0x3c, 0xf7, 0x1b, 0xef,
    0x79, 0xde, 0x17, 0xd6, 0x17, 0xce, 0xb6, 0xc5, 0xb7, 0xc5, 0xba, 0xe6,
    0xba, 0xe6, 0xd6, 0xc5, 0x17, 0xce, 0x79, 0xde, 0x99, 0xde, 0x58, 0xd6,
    0x58, 0xd6, 0xba, 0xe6, 0xba, 0xde, 0x38, 0xd6, 0x58, 0xde, 0xb9, 0xe6,
    0xda, 0xe6, 0x99, 0xde, 0xba, 0xe6, 0xba, 0xe6, 0xda, 0xe6, 0xda, 0xe6,
    0x1b, 0xf7, 0xfa, 0xee, 0xfa, 0xee, 0xfb, 0xe6, 0xfb, 0xee, 0x1b, 0xef,
    0x3b, 0xef, 0x1b, 0xef, 0x1b, 0xef, 0x5c, 0xf7, 0x1c, 0xef, 0xdb, 0xe6,
    0x1a, 0xf7, 0x1b, 0xef, 0x79, 0xd6, 0x58, 0xd6, 0x79, 0xde, 0x38, 0xde,
    0xf7, 0xd5, 0x57, 0xe6, 0x36, 0xe6, 0x15, 0xde, 0x32, 0xc5, 0xb3, 0xdd,
    0x73, 0xdd, 0x72, 0xdd, 0x14, 0xee, 0xaf, 0xc4, 0x4d, 0xb4, 0x6f, 0xb4,
    0x6f, 0xb4, 0x15, 0xe6, 0xb3, 0xd5, 0xd4, 0xdd, 0xd5, 0xdd, 0x73, 0xcd,
    0xd5, 0xd5, 0x90, 0xac, 0x8f, 0xb4, 0xf0, 0xbc, 0x4a, 0x8b, 0x7c, 0xff,
    0x89, 0x6a, 0xf4, 0xdd, 0xc9, 0x72, 0x77, 0xee, 0xf0, 0xbc, 0x31, 0xc5,
    0x36, 0xe6, 0x2e, 0xa4, 0xf6, 0xd5, 0x4b, 0x8b, 0x8f, 0xac, 0xef, 0x9b,
    0x0d, 0x9c, 0x07, 0x4a, 0x89, 0x62, 0x6c, 0x83, 0xe6, 0x49, 0xb3, 0xdd,
    0xa9, 0x62, 0xc6, 0x41, 0x07, 0x52, 0xc9, 0x6a, 0x48, 0x5a, 0x2e, 0xac,
    0x15, 0xde, 0x6c, 0x8b, 0xf0, 0xb4, 0xb0, 0xbc, 0xaa, 0x6a, 0xac, 0x93,
    0xac, 0x9b, 0x32, 0xc5, 0x6f, 0xac, 0x6f, 0xb4, 0xf1, 0xbc, 0x6e, 0xb4,
    0x0b, 0x7b, 0x48, 0x5a, 0xa6, 0x41, 0xa9, 0x72, 0x28, 0x52, 0x07, 0x52,
    0x66, 0x31, 0x4b, 0x83, 0xc6, 0x41, 0x4c, 0x83, 0x2f, 0x9c, 0x2f, 0xa4,
    0x2f, 0x9c, 0x33, 0xc5, 0x4b, 0x83, 0x0e, 0xa4, 0x6c, 0x93, 0xb4, 0xd5,
    0x2f, 0xa4, 0x4b, 0x8b, 0x8f, 0xac, 0x74, 0xc5, 0xb0, 0xb4, 0xb1, 0xb4,
    0xd5, 0xd5, 0x8b, 0x93, 0x1a, 0xf7, 0xb0, 0xb4, 0xac, 0x93, 0xf5, 0xe5,
    0x93, 0xc5, 0x6e, 0xb4, 0x94, 0xcd, 0xd0, 0xbc, 0xd4, 0xdd, 0xb0, 0xbc,
    0xb0, 0xbc, 0x93, 0xd5, 0x90, 0xb4, 0x4e, 0xb4, 0x11, 0xc5, 0x52, 0xcd,
    0xd0, 0xbc, 0x35, 0xe6, 0x0d, 0xac, 0xf5, 0xdd, 0x15, 0xee, 0x2e, 0xac,
    0xf4, 0xdd, 0x32, 0xd5, 0x72, 0xcd, 0x92, 0xd5, 0x31, 0xd5, 0x76, 0xee,
    0x31, 0xc5, 0x15, 0xe6, 0x93, 0xd5, 0x73, 0xd5, 0x72, 0xdd, 0x11, 0xc5,
    0xf0, 0xcc, 0x11, 0xcd, 0x52, 0xcd, 0x31, 0xc5, 0x2e, 0xac, 0x8f, 0xbc,
    0xf1, 0xc4, 0xb0, 0xbc, 0x72, 0xd5, 0x73, 0xcd, 0x31, 0xc5, 0x52, 0xcd,
    0x73, 0xcd, 0x11, 0xcd, 0xb4, 0xd5, 0xf5, 0xdd, 0x94, 0xcd, 0xf5, 0xdd,
    0x14, 0xe6, 0xb5, 0xd5, 0x57, 0xee, 0x97, 0xee, 0x16, 0xe6, 0x94, 0xcd,
    0x52, 0xc5, 0x52, 0xcd, 0x70, 0xac, 0x50, 0xa4, 0x90, 0xac, 0xf1, 0xb4,
    0xf2, 0xbc, 0x33, 0xbd, 0xd6, 0xcd, 0x18, 0xce, 0x5a, 0xce, 0xdc, 0xde,
    0x9e, 0xf7, 0xbf, 0xff, 0xdf, 0xff, 0xff, 0xff, 0xff, 0xff, 0xff, 0xff,
    0xff, 0xff, 0xff, 0xff, 0xff, 0xff, 0xff, 0xff, 0xff, 0xff, 0xff, 0xff,
    0xff, 0xff, 0xff, 0xff, 0xff, 0xff, 0xff, 0xff, 0xff, 0xff, 0xff, 0xff,
    0xff, 0xff, 0xff, 0xff, 0xff, 0xff, 0xff, 0xff, 0xff, 0xff, 0xff, 0xff,
    0xff, 0xff, 0xff, 0xff, 0xff, 0xff, 0xff, 0xff, 0xff, 0xff, 0xff, 0xff,
    0xff, 0xff, 0xff, 0xff, 0xff, 0xff, 0xff, 0xff, 0xff, 0xff, 0xff, 0xff,
    0xff, 0xff, 0xff, 0xff, 0xff, 0xff, 0xff, 0xff, 0xff, 0xff, 0xff, 0xff,
    0xff, 0xff, 0xff, 0xff, 0xff, 0xff, 0xff, 0xff, 0xdf, 0xff, 0xdf, 0xff,
    0x9f, 0xf7, 0x9e, 0xf7, 0x5d, 0xf7, 0x5d, 0xef, 0x5c, 0xef, 0x3d, 0xef,
    0x5d, 0xef, 0x5c, 0xef, 0x5d, 0xef, 0x7e, 0xf7, 0x9e, 0xf7, 0xbf, 0xf7,
    0xdf, 0xff, 0xff, 0xff, 0xff, 0xff, 0xff, 0xff, 0xff, 0xff, 0xff, 0xff,
    0xff, 0xff, 0xff, 0xff, 0xff, 0xff, 0xff, 0xff, 0xff, 0xff, 0xff, 0xff,
    0xff, 0xff, 0xff, 0xff, 0xff, 0xff, 0xff, 0xff, 0xff, 0xff, 0xff, 0xff,
    0xff, 0xff, 0xff, 0xff, 0xff, 0xff, 0xff, 0xff, 0xff, 0xff, 0xff, 0xff,
    0xff, 0xff, 0xb6, 0xc5, 0x38, 0xce, 0x99, 0xde, 0xba, 0xde, 0x99, 0xde,
    0x3c, 0xef, 0x3c, 0xf7, 0x5d, 0xf7, 0xbe, 0xff, 0xbe, 0xff, 0xdf, 0xff,
    0xdf, 0xff, 0xde, 0xff, 0xbe, 0xff, 0xbe, 0xff, 0xbe, 0xff, 0xde, 0xff,
    0xbe, 0xff, 0xbe, 0xff, 0xbe, 0xff, 0xde, 0xff, 0xbe, 0xff, 0xde, 0xff,
    0xde, 0xff, 0xdf, 0xff, 0xff, 0xff, 0xff, 0xff, 0xff, 0xff, 0xff, 0xff,
    0x9e, 0xff, 0x5c, 0xf7, 0x5c, 0xf7, 0x3b, 0xf7, 0xba, 0xe6, 0xba, 0xe6,
    0xfb, 0xe6, 0x7d, 0xf7, 0x3c, 0xf7, 0x9a, 0xe6, 0x58, 0xde, 0x17, 0xce,
    0x18, 0xce, 0xdb, 0xe6, 0xba, 0xe6, 0xd7, 0xcd, 0x58, 0xd6, 0xba, 0xe6,
    0x9a, 0xe6, 0x58, 0xd6, 0x99, 0xde, 0xda, 0xee, 0x9a, 0xde, 0x58, 0xd6,
    0x79, 0xde, 0xba, 0xe6, 0xfa, 0xe6, 0xda, 0xe6, 0xda, 0xee, 0xda, 0xe6,
    0xda, 0xe6, 0xfa, 0xee, 0x1b, 0xef, 0xfb, 0xee, 0x1b, 0xef, 0xfb, 0xee,
    0xfb, 0xe6, 0x1b, 0xef, 0x1b, 0xef, 0x1b, 0xef, 0x3c, 0xf7, 0x3c, 0xf7,
    0x1b, 0xef, 0xdb, 0xe6, 0xfa, 0xee, 0xd9, 0xe6, 0x18, 0xce, 0x18, 0xd6,
    0x37, 0xde, 0x74, 0xcd, 0x74, 0xd5, 0xf5, 0xe5, 0xd4, 0xdd, 0x52, 0xd5,
    0xb0, 0xbc, 0x52, 0xdd, 0x11, 0xcd, 0x35, 0xe6, 0xb3, 0xdd, 0x92, 0xdd,
    0x92, 0xdd, 0x8f, 0xbc, 0x6e, 0xb4, 0xb4, 0xdd, 0x16, 0xe6, 0xaf, 0xbc,
    0x36, 0xde, 0x54, 0xcd, 0x8c, 0x93, 0xb0, 0xb4, 0x4f, 0xac, 0x93, 0xd5,
    0xac, 0x93, 0xbd, 0xff, 0x2b, 0x83, 0x93, 0xd5, 0x4c, 0x83, 0xb9, 0xee,
    0x2a, 0x93, 0x31, 0xcd, 0x93, 0xd5, 0xf6, 0xd5, 0x4b, 0x83, 0xb4, 0xd5,
    0xad, 0x93, 0xd1, 0xbc, 0xc6, 0x49, 0x48, 0x5a, 0x8c, 0x93, 0x69, 0x5a,
    0xac, 0x93, 0xf1, 0xbc, 0x65, 0x39, 0x49, 0x52, 0xa9, 0x72, 0xc6, 0x41,
    0x2b, 0x83, 0x94, 0xd5, 0xb0, 0xb4, 0x0e, 0xa4, 0x4f, 0xa4, 0x12, 0xbd,
    0xe9, 0x72, 0xac, 0x9b, 0x6f, 0xb4, 0xd4, 0xd5, 0xf1, 0xc4, 0x72, 0xcd,
    0x6f, 0xb4, 0xea, 0x82, 0x07, 0x52, 0x68, 0x62, 0x88, 0x6a, 0xa6, 0x41,
    0xca, 0x72, 0x04, 0x29, 0xad, 0x93, 0xe7, 0x49, 0xaa, 0x72, 0xf5, 0xdd,
    0x07, 0x5a, 0x90, 0xb4, 0x53, 0xc5, 0x4b, 0x83, 0x2e, 0xa4, 0x2b, 0x83,
    0x6e, 0xac, 0xd9, 0xee, 0xac, 0x9b, 0x70, 0xac, 0x53, 0xc5, 0x0d, 0xa4,
    0x2e, 0xa4, 0x56, 0xe6, 0x48, 0x6a, 0x1a, 0xf7, 0x6f, 0xac, 0xed, 0x9b,
    0xb0, 0xbc, 0x16, 0xde, 0x93, 0xcd, 0x12, 0xbd, 0x94, 0xd5, 0x52, 0xc5,
    0xb0, 0xbc, 0xd4, 0xdd, 0x12, 0xc5, 0xf0, 0xc4, 0xcf, 0xbc, 0x56, 0xee,
    0xd0, 0xc4, 0x72, 0xd5, 0x92, 0xdd, 0x4e, 0xb4, 0x77, 0xee, 0x93, 0xd5,
    0x31, 0xcd, 0x93, 0xd5, 0x93, 0xdd, 0x15, 0xe6, 0xb3, 0xdd, 0x15, 0xde,
    0x94, 0xd5, 0xb3, 0xdd, 0x76, 0xee, 0x72, 0xcd, 0xf4, 0xe5, 0x12, 0xc5,
    0x32, 0xcd, 0x93, 0xd5, 0x31, 0xc5, 0x31, 0xcd, 0x4f, 0xb4, 0x4e, 0xac,
    0xd0, 0xbc, 0xf1, 0xc4, 0x11, 0xc5, 0x31, 0xcd, 0x8f, 0xb4, 0xd0, 0xbc,
    0x11, 0xcd, 0xd0, 0xbc, 0xf1, 0xbc, 0x52, 0xcd, 0x73, 0xcd, 0xb4, 0xd5,
    0x35, 0xe6, 0xd4, 0xd5, 0x57, 0xe6, 0x3a, 0xff, 0x3a, 0xf7, 0x97, 0xee,
    0x15, 0xde, 0x57, 0xe6, 0xf6, 0xdd, 0x13, 0xc5, 0xd1, 0xb4, 0xf1, 0xbc,
    0x12, 0xbd, 0xf2, 0xac, 0x13, 0xb5, 0x55, 0xbd, 0x97, 0xbd, 0x39, 0xd6,
    0x1b, 0xef, 0x1c, 0xef, 0xfc, 0xe6, 0x7e, 0xef, 0xdf, 0xff, 0xff, 0xff,
    0xff, 0xff, 0xff, 0xff, 0xff, 0xff, 0xff, 0xff, 0xff, 0xff, 0xff, 0xff,
    0xff, 0xff, 0xff, 0xff, 0xff, 0xff, 0xff, 0xff, 0xff, 0xff, 0xff, 0xff,
    0xff, 0xff, 0xff, 0xff, 0xff, 0xff, 0xff, 0xff, 0xff, 0xff, 0xff, 0xff,
    0xff, 0xff, 0xff, 0xff, 0xff, 0xff, 0xff, 0xff, 0xff, 0xff, 0xff, 0xff,
    0xff, 0xff, 0xff, 0xff, 0xff, 0xff, 0xff, 0xff, 0xff, 0xff, 0xff, 0xff,
    0xff, 0xff, 0xff, 0xff, 0xff, 0xff, 0xff, 0xff, 0xff, 0xff, 0xff, 0xff,
    0xff, 0xff, 0xff, 0xff, 0xff, 0xff, 0xff, 0xff, 0xff, 0xff, 0xdf, 0xff,
    0xbf, 0xff, 0xbe, 0xff, 0x7e, 0xf7, 0x5e, 0xef, 0x5d, 0xef, 0x5c, 0xef,
    0x3c, 0xef, 0x3c, 0xef, 0x3d, 0xef, 0x5d, 0xf7, 0x7d, 0xef, 0x9e, 0xf7,
    0xbf, 0xf7, 0xdf, 0xff, 0xff, 0xff, 0xff, 0xff, 0xff, 0xff, 0xff, 0xff,
    0xff, 0xff, 0xff, 0xff, 0xff, 0xff, 0xff, 0xff, 0xff, 0xff, 0xff, 0xff,
    0xff, 0xff, 0xff, 0xff, 0xff, 0xff, 0xff, 0xff, 0xff, 0xff, 0xff, 0xff,
    0xff, 0xff, 0xff, 0xff, 0xff, 0xff, 0xff, 0xff, 0xff, 0xff, 0xff, 0xff,
    0xff, 0xff, 0xff, 0xff, 0x17, 0xd6, 0x7a, 0xd6, 0xfb, 0xe6, 0x5c, 0xf7,
    0x1c, 0xef, 0x5c, 0xf7, 0xdf, 0xff, 0xff, 0xff, 0xff, 0xff, 0xde, 0xff,
    0x7d, 0xff, 0x3c, 0xff, 0x3b, 0xff, 0x3b, 0xff, 0x1b, 0xff, 0x3b, 0xff,
    0x3b, 0xff, 0x7c, 0xff, 0x5d, 0xff, 0x5c, 0xf7, 0x5c, 0xff, 0x9d, 0xff,
    0x9d, 0xff, 0x9d, 0xff, 0x9d, 0xff, 0x7d, 0xff, 0x7c, 0xff, 0xbd, 0xff,
    0xde, 0xff, 0xdf, 0xff, 0xdf, 0xff, 0xde, 0xff, 0x9d, 0xff, 0x9d, 0xff,
    0x7d, 0xff, 0x3c, 0xf7, 0x3b, 0xf7, 0x7d, 0xff, 0x1b, 0xf7, 0xba, 0xe6,
    0xb9, 0xe6, 0x99, 0xe6, 0x7a, 0xde, 0x1b, 0xef, 0xdb, 0xe6, 0xf8, 0xcd,
    0x99, 0xe6, 0xfb, 0xee, 0xba, 0xe6, 0x79, 0xde, 0xba, 0xe6, 0xfa, 0xee,
    0x99, 0xde, 0x58, 0xd6, 0x9a, 0xe6, 0xfa, 0xee, 0x1b, 0xef, 0xba, 0xe6,
    0xd9, 0xe6, 0xda, 0xe6, 0xfa, 0xee, 0xfb, 0xee, 0xfb, 0xee, 0x1b, 0xef,
    0x3c, 0xef, 0x1b, 0xf7, 0x1b, 0xef, 0xdb, 0xee, 0x1b, 0xef, 0x1b, 0xef,
    0x3c, 0xf7, 0x3c, 0xf7, 0x1b, 0xef, 0xba, 0xe6, 0x99, 0xde, 0x38, 0xde,
    0xb5, 0xcd, 0xd5, 0xd5, 0x74, 0xcd, 0xd1, 0xbc, 0x11, 0xcd, 0x93, 0xdd,
    0xd0, 0xcc, 0x51, 0xd5, 0xcf, 0xc4, 0xb2, 0xdd, 0xcf, 0xcc, 0x56, 0xee,
    0x8f, 0xbc, 0x51, 0xd5, 0x14, 0xee, 0x8e, 0xbc, 0x6e, 0xb4, 0xb4, 0xdd,
    0xf4, 0xdd, 0xcc, 0xa3, 0x35, 0xde, 0xb3, 0xd5, 0xc8, 0x82, 0x93, 0xcd,
    0x2e, 0xa4, 0x93, 0xd5, 0x4e, 0xa4, 0x1a, 0xf7, 0x4e, 0xac, 0xb0, 0xbc,
    0x11, 0xc5, 0x94, 0xcd, 0x6a, 0x93, 0x93, 0xdd, 0x11, 0xcd, 0x56, 0xde,
    0x0d, 0xa4, 0x6f, 0xac, 0xf1, 0xc4, 0xc9, 0x6a, 0xc6, 0x41, 0xa9, 0x6a,
    0x2b, 0x83, 0x68, 0x6a, 0x32, 0xc5, 0x48, 0x5a, 0xed, 0xa3, 0xc6, 0x51,
    0xa9, 0x62, 0x89, 0x6a, 0xf5, 0xdd, 0x09, 0x7b, 0x11, 0xc5, 0x90, 0xb4,
    0x56, 0xee, 0xca, 0x72, 0x6e, 0xb4, 0x2e, 0xa4, 0x32, 0xc5, 0x8f, 0xb4,
    0x6f, 0xb4, 0x4e, 0xb4, 0xc9, 0x72, 0x28, 0x52, 0x2b, 0x83, 0x48, 0x5a,
    0xc7, 0x49, 0x0a, 0x7b, 0xa6, 0x41, 0xca, 0x6a, 0xea, 0x6a, 0xeb, 0x72,
    0xb4, 0xd5, 0x8c, 0x7b, 0x8c, 0x8b, 0xf5, 0xd5, 0xca, 0x72, 0xd0, 0xbc,
    0xc9, 0x7a, 0x6f, 0xac, 0xd0, 0xc4, 0x6f, 0xb4, 0x6f, 0x9c, 0x53, 0xc5,
    0xd1, 0xbc, 0x4b, 0x8b, 0x97, 0xf6, 0x4b, 0x83, 0xb9, 0xee, 0xd0, 0xbc,
    0xd1, 0xb4, 0xed, 0x9b, 0x57, 0xe6, 0x36, 0xde, 0x8f, 0xb4, 0xf5, 0xdd,
    0xd0, 0xbc, 0xf1, 0xbc, 0x97, 0xee, 0x32, 0xcd, 0xb0, 0xb4, 0xb3, 0xd5,
    0x77, 0xee, 0x8f, 0xb4, 0x73, 0xd5, 0xd4, 0xdd, 0x8f, 0xb4, 0xb8, 0xf6,
    0x8f, 0xbc, 0xb3, 0xd5, 0x52, 0xcd, 0xf4, 0xdd, 0x36, 0xee, 0x14, 0xde,
    0xf5, 0xdd, 0x72, 0xd5, 0x77, 0xf6, 0xd4, 0xdd, 0xd4, 0xdd, 0xd4, 0xdd,
    0x52, 0xcd, 0x92, 0xd5, 0x31, 0xc5, 0x32, 0xcd, 0x93, 0xd5, 0x8f, 0xb4,
    0xd0, 0xbc, 0x32, 0xc5, 0x10, 0xcd, 0xf1, 0xbc, 0xd1, 0xbc, 0x8f, 0xb4,
    0xaf, 0xb4, 0xb0, 0xbc, 0x8f, 0xb4, 0xd0, 0xbc, 0x31, 0xc5, 0x53, 0xcd,
    0xd4, 0xdd, 0xb4, 0xd5, 0x15, 0xde, 0x19, 0xff, 0x7c, 0xff, 0x3a, 0xf7,
    0x97, 0xf6, 0xb8, 0xf6, 0xfa, 0xee, 0x57, 0xde, 0xf5, 0xdd, 0xf5, 0xdd,
    0xf5, 0xdd, 0x94, 0xcd, 0xd2, 0xa4, 0xd3, 0xac, 0x54, 0xbd, 0x16, 0xd6,
    0x99, 0xde, 0x59, 0xd6, 0x59, 0xce, 0xdc, 0xde, 0x7e, 0xf7, 0xff, 0xff,
    0xff, 0xff, 0xff, 0xff, 0xff, 0xff, 0xff, 0xff, 0xff, 0xff, 0xff, 0xff,
    0xff, 0xff, 0xff, 0xff, 0xff, 0xff, 0xff, 0xff, 0xff, 0xff, 0xff, 0xff,
    0xff, 0xff, 0xff, 0xff, 0xff, 0xff, 0xff, 0xff, 0xff, 0xff, 0xff, 0xff,
    0xff, 0xff, 0xff, 0xff, 0xff, 0xff, 0xff, 0xff, 0xff, 0xff, 0xff, 0xff,
    0xff, 0xff, 0xff, 0xff, 0xff, 0xff, 0xff, 0xff, 0xff, 0xff, 0xff, 0xff,
    0xff, 0xff, 0xff, 0xff, 0xff, 0xff, 0xff, 0xff, 0xff, 0xff, 0xff, 0xff,
    0xff, 0xff, 0xff, 0xff, 0xff, 0xff, 0xff, 0xff, 0xff, 0xff, 0xff, 0xff,
    0xdf, 0xff, 0xbf, 0xf7, 0xbe, 0xff, 0x7e, 0xf7, 0x7d, 0xef, 0x5d, 0xef,
    0x3d, 0xf7, 0x3d, 0xe7, 0x3d, 0xef, 0x5d, 0xef, 0x5d, 0xf7, 0x7d, 0xef,
    0x7e, 0xf7, 0x9e, 0xff, 0xdf, 0xff, 0xdf, 0xff, 0xff, 0xff, 0xff, 0xff,
    0xff, 0xff, 0xff, 0xff, 0xff, 0xff, 0xff, 0xff, 0xff, 0xff, 0xff, 0xff,
    0xff, 0xff, 0xff, 0xff, 0xff, 0xff, 0xff, 0xff, 0xff, 0xff, 0xff, 0xff,
    0xff, 0xff, 0xff, 0xff, 0xff, 0xff, 0xff, 0xff, 0xff, 0xff, 0xff, 0xff,
    0xff, 0xff, 0xff, 0xff, 0xff, 0xff, 0xd7, 0xc5, 0x9a, 0xe6, 0xdb, 0xee,
    0x7c, 0xff, 0x9e, 0xff, 0xff, 0xff, 0xde, 0xff, 0x7d, 0xff, 0x1a, 0xf7,
    0x1a, 0xf7, 0x1a, 0xf7, 0x98, 0xee, 0x57, 0xee, 0x77, 0xf6, 0x78, 0xf6,
    0x98, 0xf6, 0xb8, 0xf6, 0xb9, 0xf6, 0x1a, 0xf7, 0x3b, 0xff, 0x3b, 0xff,
    0x3c, 0xf7, 0x5c, 0xf7, 0x7c, 0xff, 0x9e, 0xff, 0xbe, 0xff, 0x9d, 0xff,
    0x9d, 0xff, 0x9d, 0xff, 0x9d, 0xff, 0xbe, 0xff, 0xff, 0xff, 0xff, 0xff,
    0xde, 0xff, 0xbd, 0xff, 0xbe, 0xff, 0xde, 0xff, 0xbd, 0xff, 0x9e, 0xff,
    0x7c, 0xff, 0x1b, 0xef, 0x1a, 0xf7, 0x1b, 0xf7, 0x1b, 0xef, 0x5c, 0xf7,
    0xda, 0xe6, 0x58, 0xd6, 0x3b, 0xef, 0x1c, 0xf7, 0xda, 0xe6, 0xda, 0xe6,
    0xfb, 0xe6, 0xfb, 0xf6, 0x9a, 0xde, 0x79, 0xde, 0xda, 0xe6, 0x1c, 0xef,
    0xfa, 0xee, 0xba, 0xe6, 0xda, 0xe6, 0xfb, 0xe6, 0x1a, 0xef, 0xfa, 0xee,
    0x1b, 0xef, 0x3b, 0xef, 0x3b, 0xef, 0x5c, 0xf7, 0xfb, 0xee, 0xda, 0xe6,
    0x1b, 0xef, 0x1b, 0xef, 0x1b, 0xef, 0xba, 0xe6, 0xda, 0xee, 0x99, 0xe6,
    0x16, 0xde, 0x57, 0xe6, 0x53, 0xcd, 0x52, 0xcd, 0x93, 0xd5, 0x2e, 0xac,
    0x8e, 0xbc, 0x92, 0xdd, 0x6e, 0xbc, 0x2d, 0xb4, 0x11, 0xcd, 0x52, 0xd5,
    0xcf, 0xc4, 0xb6, 0xf6, 0x72, 0xd5, 0xcf, 0xc4, 0xb4, 0xdd, 0xef, 0xcc,
    0x30, 0xd5, 0x11, 0xcd, 0x15, 0xe6, 0x6e, 0xb4, 0xd4, 0xdd, 0x53, 0xc5,
    0xe9, 0x82, 0x52, 0xcd, 0xd1, 0xc4, 0xf1, 0xc4, 0x73, 0xc5, 0x72, 0xd5,
    0x31, 0xc5, 0xaf, 0xc4, 0x73, 0xcd, 0xcb, 0xa3, 0x52, 0xcd, 0xcf, 0xc4,
    0x53, 0xbd, 0x32, 0xc5, 0x33, 0xcd, 0x4b, 0x83, 0x32, 0xcd, 0x47, 0x5a,
    0x68, 0x62, 0x28, 0x52, 0x8c, 0x8b, 0x0e, 0xa4, 0x8c, 0x93, 0x2e, 0xa4,
    0x4b, 0x7b, 0x48, 0x5a, 0x8c, 0x93, 0xb0, 0xb4, 0x4f, 0xa4, 0x6b, 0x8b,
    0xaf, 0xb4, 0x33, 0xc5, 0x94, 0xcd, 0x8b, 0x9b, 0xd0, 0xbc, 0xf5, 0xdd,
    0x0d, 0xac, 0x11, 0xcd, 0xd0, 0xbc, 0x07, 0x52, 0xa9, 0x6a, 0x4b, 0x8b,
    0x07, 0x52, 0xc7, 0x49, 0x2e, 0xa4, 0x27, 0x52, 0x45, 0x39, 0x4f, 0xac,
    0x68, 0x5a, 0x2f, 0xa4, 0xd4, 0xd5, 0x68, 0x62, 0x33, 0xc5, 0x6c, 0x83,
    0x2b, 0x8b, 0x8f, 0xb4, 0x4e, 0xac, 0x6f, 0xb4, 0xed, 0xa3, 0xd1, 0xb4,
    0x53, 0xcd, 0x90, 0xb4, 0x0e, 0xac, 0x15, 0xe6, 0x32, 0xc5, 0xd9, 0xee,
    0x37, 0xe6, 0xd1, 0xbc, 0x90, 0xb4, 0x78, 0xe6, 0x98, 0xe6, 0x93, 0xd5,
    0x8f, 0xb4, 0x52, 0xcd, 0x4e, 0xac, 0xf9, 0xf6, 0x2e, 0xac, 0x53, 0xcd,
    0xd4, 0xdd, 0xd4, 0xdd, 0xb3, 0xdd, 0xf4, 0xe5, 0x8e, 0xbc, 0xd3, 0xdd,
    0x15, 0xde, 0xb3, 0xdd, 0xb3, 0xd5, 0x92, 0xdd, 0xb7, 0xf6, 0x56, 0xee,
    0x56, 0xe6, 0x35, 0xe6, 0x15, 0xe6, 0x56, 0xe6, 0x72, 0xd5, 0x56, 0xee,
    0x93, 0xd5, 0x15, 0xe6, 0x72, 0xd5, 0xd0, 0xbc, 0x14, 0xe6, 0x73, 0xcd,
    0xf1, 0xc4, 0xf0, 0xc4, 0xf4, 0xdd, 0x53, 0xd5, 0xb0, 0xb4, 0x72, 0xd5,
    0x11, 0xcd, 0x90, 0xb4, 0x6f, 0xb4, 0xb0, 0xb4, 0x11, 0xc5, 0x32, 0xc5,
    0x52, 0xc5, 0x72, 0xcd, 0x73, 0xcd, 0x56, 0xee, 0x3a, 0xf7, 0x39, 0xff,
    0xb8, 0xee, 0xb7, 0xf6, 0x3a, 0xff, 0x1a, 0xf7, 0x97, 0xee, 0x98, 0xee,
    0xd8, 0xf6, 0xd8, 0xf6, 0x16, 0xd6, 0x54, 0xc5, 0xb4, 0xcd, 0xd5, 0xd5,
    0xb6, 0xcd, 0xd7, 0xc5, 0x38, 0xd6, 0xdb, 0xe6, 0x5e, 0xef, 0xdf, 0xff,
    0xff, 0xff, 0xdf, 0xff, 0xdf, 0xff, 0xff, 0xff, 0xff, 0xff, 0xff, 0xff,
    0xff, 0xff, 0xff, 0xff, 0xff, 0xff, 0xff, 0xff, 0xff, 0xff, 0xff, 0xff,
    0xff, 0xff, 0xff, 0xff, 0xff, 0xff, 0xff, 0xff, 0xff, 0xff, 0xff, 0xff,
    0xff, 0xff, 0xff, 0xff, 0xff, 0xff, 0xff, 0xff, 0xff, 0xff, 0xff, 0xff,
    0xff, 0xff, 0xff, 0xff, 0xff, 0xff, 0xff, 0xff, 0xff, 0xff, 0xff, 0xff,
    0xff, 0xff, 0xff, 0xff, 0xff, 0xff, 0xff, 0xff, 0xff, 0xff, 0xff, 0xff,
    0xff, 0xff, 0xff, 0xff, 0xff, 0xff, 0xff, 0xff, 0xff, 0xff, 0xff, 0xff,
    0xff, 0xff, 0xdf, 0xff, 0xdf, 0xff, 0xbe, 0xf7, 0x9d, 0xf7, 0x5d, 0xf7,
    0x5d, 0xef, 0x3d, 0xef, 0x3c, 0xef, 0x5c, 0xef, 0x5c, 0xef, 0x3d, 0xef,
    0x7d, 0xef, 0x9e, 0xf7, 0xbe, 0xff, 0xdf, 0xf7, 0xff, 0xff, 0xff, 0xff,
    0xff, 0xff, 0xff, 0xff, 0xff, 0xff, 0xff, 0xff, 0xff, 0xff, 0xff, 0xff,
    0xff, 0xff, 0xff, 0xff, 0xff, 0xff, 0xff, 0xff, 0xff, 0xff, 0xff, 0xff,
    0xff, 0xff, 0xff, 0xff, 0xff, 0xff, 0xff, 0xff, 0xff, 0xff, 0xff, 0xff,
    0xff, 0xff, 0xff, 0xff, 0xff, 0xff, 0xff, 0xff, 0x17, 0xd6, 0x99, 0xde,
    0xba, 0xee, 0x3b, 0xf7, 0x5c, 0xff, 0x5b, 0xff, 0xb8, 0xee, 0x57, 0xee,
    0xf5, 0xe5, 0x94, 0xdd, 0x36, 0xee, 0x99, 0xf6, 0xf9, 0xf6, 0xd9, 0xf6,
    0x98, 0xee, 0x37, 0xee, 0x37, 0xee, 0x77, 0xf6, 0x78, 0xee, 0x78, 0xf6,
    0xb8, 0xf6, 0xd9, 0xf6, 0x98, 0xf6, 0xb8, 0xf6, 0xd9, 0xf6, 0x3a, 0xf7,
    0x5b, 0xff, 0x5c, 0xff, 0x7c, 0xff, 0x9d, 0xff, 0x9d, 0xff, 0x7c, 0xff,
    0xbe, 0xff, 0xff, 0xff, 0xde, 0xff, 0xbe, 0xff, 0xde, 0xff, 0xde, 0xff,
    0xdf, 0xff, 0xff, 0xff, 0xde, 0xff, 0x9d, 0xff, 0x9d, 0xff, 0x7c, 0xff,
    0x5c, 0xff, 0x9d, 0xff, 0x1b, 0xef, 0xbb, 0xe6, 0x5c, 0xf7, 0x3c, 0xf7,
    0xfb, 0xee, 0xfb, 0xee, 0x3c, 0xf7, 0x3b, 0xef, 0xba, 0xde, 0x99, 0xde,
    0xfb, 0xee, 0x1b, 0xef, 0xba, 0xe6, 0x99, 0xe6, 0xda, 0xee, 0x1b, 0xef,
    0xfb, 0xee, 0xfb, 0xee, 0x3b, 0xf7, 0x1b, 0xef, 0x3b, 0xf7, 0x5c, 0xf7,
    0xba, 0xe6, 0xfa, 0xee, 0xfb, 0xee, 0x3b, 0xef, 0x99, 0xe6, 0xd6, 0xcd,
    0xd5, 0xd5, 0xd6, 0xd5, 0xb4, 0xd5, 0x15, 0xe6, 0x6e, 0xb4, 0x31, 0xcd,
    0xb3, 0xe5, 0xcb, 0xa3, 0x8f, 0xc4, 0xf3, 0xed, 0xae, 0xcc, 0x4d, 0xbc,
    0x51, 0xd5, 0x0c, 0xac, 0xd0, 0xcc, 0xd4, 0xdd, 0x14, 0xe6, 0xef, 0xcc,
    0x11, 0xc5, 0xf0, 0xcc, 0x10, 0xcd, 0xf0, 0xc4, 0xf0, 0xc4, 0x52, 0xd5,
    0x98, 0xee, 0x94, 0xcd, 0x87, 0x6a, 0x8e, 0xb4, 0xf4, 0xe5, 0x0d, 0xb4,
    0xb8, 0xee, 0x8f, 0xbc, 0x32, 0xc5, 0x4e, 0xb4, 0x32, 0xc5, 0xab, 0xa3,
    0x77, 0xee, 0x88, 0x7a, 0xd5, 0xcd, 0x51, 0xd5, 0x4f, 0xa4, 0x4b, 0x83,
    0xac, 0x93, 0x4b, 0x93, 0x68, 0x5a, 0xaf, 0xb4, 0x4b, 0x83, 0x2b, 0x83,
    0xa9, 0x6a, 0xaf, 0xbc, 0x65, 0x41, 0xaf, 0xb4, 0xb0, 0xb4, 0x2f, 0xa4,
    0xee, 0x9b, 0xcc, 0x9b, 0x6f, 0xb4, 0x36, 0xde, 0x4a, 0x8b, 0xf0, 0xbc,
    0x77, 0xe6, 0x2b, 0x83, 0x31, 0xc5, 0x52, 0xcd, 0x86, 0x39, 0x88, 0x62,
    0xac, 0x93, 0xc6, 0x49, 0xe7, 0x49, 0x4e, 0xac, 0x0a, 0x73, 0x04, 0x31,
    0x90, 0xb4, 0xca, 0x6a, 0xac, 0x93, 0x15, 0xde, 0xa9, 0x6a, 0x8c, 0x8b,
    0x13, 0xb5, 0xc6, 0x49, 0x52, 0xcd, 0x8c, 0x93, 0xd1, 0xbc, 0x4a, 0x93,
    0x31, 0xc5, 0x33, 0xc5, 0x52, 0xcd, 0x0d, 0xa4, 0xd4, 0xd5, 0x52, 0xc5,
    0x74, 0xc5, 0x53, 0xcd, 0x53, 0xc5, 0x52, 0xcd, 0x78, 0xe6, 0xb9, 0xee,
    0x16, 0xde, 0x52, 0xcd, 0x12, 0xc5, 0x32, 0xc5, 0xb9, 0xee, 0x6e, 0xbc,
    0x15, 0xde, 0x36, 0xee, 0x51, 0xd5, 0x56, 0xee, 0x35, 0xe6, 0x4e, 0xb4,
    0x55, 0xee, 0x93, 0xdd, 0x96, 0xf6, 0x12, 0xc5, 0x15, 0xe6, 0x76, 0xe6,
    0x97, 0xf6, 0x77, 0xe6, 0xd4, 0xe5, 0x77, 0xee, 0xd4, 0xd5, 0xf4, 0xe5,
    0x15, 0xe6, 0x35, 0xe6, 0x92, 0xd5, 0x93, 0xdd, 0x52, 0xcd, 0x36, 0xe6,
    0xd4, 0xdd, 0xb3, 0xdd, 0x72, 0xcd, 0x56, 0xee, 0x11, 0xcd, 0xb3, 0xd5,
    0x35, 0xee, 0xd4, 0xdd, 0x72, 0xd5, 0xd0, 0xbc, 0x31, 0xcd, 0xb4, 0xd5,
    0xf1, 0xbc, 0x32, 0xc5, 0x93, 0xd5, 0xb4, 0xdd, 0x77, 0xe6, 0x97, 0xf6,
    0x36, 0xe6, 0x76, 0xf6, 0x19, 0xff, 0x7b, 0xff, 0xd9, 0xee, 0xd8, 0xf6,
    0x5a, 0xff, 0x7b, 0xff, 0x3a, 0xff, 0x78, 0xee, 0x57, 0xe6, 0x77, 0xe6,
    0xf6, 0xcd, 0xd6, 0xc5, 0x17, 0xd6, 0x99, 0xde, 0xfb, 0xe6, 0x7e, 0xf7,
    0xbe, 0xf7, 0x7e, 0xef, 0x5d, 0xf7, 0xbf, 0xf7, 0xff, 0xff, 0xff, 0xff,
    0xff, 0xff, 0xff, 0xff, 0xff, 0xff, 0xff, 0xff, 0xff, 0xff, 0xff, 0xff,
    0xff, 0xff, 0xff, 0xff, 0xff, 0xff, 0xff, 0xff, 0xff, 0xff, 0xff, 0xff,
    0xff, 0xff, 0xff, 0xff, 0xff, 0xff, 0xff, 0xff, 0xff, 0xff, 0xff, 0xff,
    0xff, 0xff, 0xff, 0xff, 0xff, 0xff, 0xff, 0xff, 0xff, 0xff, 0xff, 0xff,
    0xff, 0xff, 0xff, 0xff, 0xff, 0xff, 0xff, 0xff, 0xff, 0xff, 0xff, 0xff,
    0xff, 0xff, 0xff, 0xff, 0xff, 0xff, 0xff, 0xff, 0xff, 0xff, 0xff, 0xff,
    0xff, 0xff, 0xff, 0xff, 0xdf, 0xff, 0xbf, 0xff, 0xbe, 0xf7, 0x7e, 0xf7,
    0x5d, 0xef, 0x5d, 0xef, 0x5c, 0xef, 0x3c, 0xef, 0x3c, 0xef, 0x3d, 0xef,
    0x5d, 0xef, 0x5d, 0xf7, 0x7e, 0xf7, 0x9f, 0xf7, 0xdf, 0xff, 0xff, 0xff,
    0xff, 0xff, 0xff, 0xff, 0xff, 0xff, 0xff, 0xff, 0xff, 0xff, 0xff, 0xff,
    0xff, 0xff, 0xff, 0xff, 0xff, 0xff, 0xff, 0xff, 0xff, 0xff, 0xff, 0xff,
    0xff, 0xff, 0xff, 0xff, 0xff, 0xff, 0xff, 0xff, 0xff, 0xff, 0xff, 0xff,
    0xff, 0xff, 0xff, 0xff, 0xff, 0xff, 0xff, 0xff, 0xff, 0xff, 0xba, 0xe6,
    0x9a, 0xde, 0x98, 0xe6, 0x37, 0xe6, 0x58, 0xe6, 0x98, 0xee, 0x98, 0xee,
    0x77, 0xee, 0x57, 0xee, 0x16, 0xee, 0xd4, 0xe5, 0xb4, 0xe5, 0xf5, 0xe5,
    0x57, 0xee, 0xd9, 0xf6, 0xd9, 0xf6, 0x98, 0xee, 0x56, 0xee, 0x37, 0xee,
    0x37, 0xee, 0x57, 0xee, 0x77, 0xf6, 0xd8, 0xf6, 0x78, 0xee, 0x57, 0xee,
    0x57, 0xee, 0x57, 0xee, 0x77, 0xf6, 0x98, 0xf6, 0xd9, 0xf6, 0xda, 0xf6,
    0xf9, 0xf6, 0xd9, 0xf6, 0x3b, 0xff, 0x5c, 0xff, 0x9d, 0xff, 0xbd, 0xff,
    0x7d, 0xff, 0xbd, 0xff, 0xde, 0xff, 0xdf, 0xff, 0xff, 0xff, 0xff, 0xff,
    0xfe, 0xff, 0xde, 0xff, 0xbe, 0xff, 0xde, 0xff, 0x7c, 0xff, 0x5c, 0xf7,
    0x9d, 0xff, 0x7c, 0xff, 0x3c, 0xff, 0x3c, 0xf7, 0x5c, 0xf7, 0x1b, 0xef,
    0xba, 0xe6, 0xbb, 0xe6, 0x1b, 0xf7, 0x1b, 0xef, 0x9a, 0xe6, 0xba, 0xe6,
    0x1b, 0xef, 0x1b, 0xef, 0xfb, 0xee, 0x1b, 0xef, 0x1b, 0xf7, 0x1c, 0xef,
    0x7c, 0xf7, 0x1c, 0xf7, 0xda, 0xee, 0xda, 0xee, 0xba, 0xee, 0x98, 0xe6,
    0x74, 0xc5, 0xf2, 0xac, 0xb4, 0xd5, 0x94, 0xd5, 0x11, 0xcd, 0x72, 0xdd,
    0xcc, 0xa3, 0x8e, 0xbc, 0x92, 0xdd, 0xab, 0xab, 0xcf, 0xc4, 0x72, 0xe5,
    0x2d, 0xb4, 0x10, 0xd5, 0xb3, 0xe5, 0x2d, 0xbc, 0xd3, 0xe5, 0x51, 0xd5,
    0x76, 0xee, 0xf0, 0xcc, 0x4d, 0xb4, 0x92, 0xdd, 0xf0, 0xcc, 0xcc, 0xa3,
    0xcc, 0xa3, 0x35, 0xe6, 0x93, 0xd5, 0x92, 0xd5, 0x6b, 0x93, 0x0d, 0xa4,
    0x35, 0xe6, 0xcf, 0xc4, 0x36, 0xe6, 0xf1, 0xc4, 0x6e, 0xb4, 0xcf, 0xc4,
    0x6f, 0xb4, 0x31, 0xcd, 0xb3, 0xdd, 0x0a, 0x7b, 0x77, 0xe6, 0xf5, 0xdd,
    0xac, 0x93, 0x67, 0x6a, 0xea, 0x72, 0xcd, 0x9b, 0xac, 0x93, 0x0a, 0x7b,
    0x89, 0x62, 0x6c, 0x8b, 0x2e, 0xa4, 0xa9, 0x72, 0xd0, 0xbc, 0x4f, 0xac,
    0x2e, 0xa4, 0x15, 0xde, 0xe9, 0x7a, 0x6f, 0xb4, 0x52, 0xcd, 0xad, 0x93,
    0x2b, 0x8b, 0x3a, 0xff, 0xe9, 0x7a, 0x53, 0xd5, 0xf0, 0xc4, 0x6c, 0x8b,
    0x86, 0x41, 0xd0, 0xbc, 0xed, 0x9b, 0x24, 0x29, 0x4e, 0xac, 0x8c, 0x8b,
    0xa9, 0x6a, 0xed, 0x9b, 0x2f, 0x9c, 0xac, 0x93, 0x32, 0xc5, 0xed, 0x8b,
    0xca, 0x82, 0xd5, 0xd5, 0xc6, 0x49, 0x32, 0xcd, 0x0d, 0xa4, 0x2e, 0xac,
    0xac, 0xa3, 0xcd, 0x93, 0x15, 0xde, 0x52, 0xcd, 0x2e, 0xa4, 0x93, 0xd5,
    0x98, 0xee, 0x33, 0xbd, 0x72, 0xd5, 0xb3, 0xd5, 0x2a, 0x8b, 0xf9, 0xf6,
    0xd5, 0xd5, 0xf5, 0xdd, 0x93, 0xd5, 0xd0, 0xbc, 0xb4, 0xcd, 0xb9, 0xee,
    0x11, 0xc5, 0x15, 0xe6, 0x97, 0xf6, 0x93, 0xdd, 0xf4, 0xdd, 0x16, 0xe6,
    0x8f, 0xbc, 0x77, 0xee, 0x76, 0xee, 0x73, 0xd5, 0x15, 0xee, 0xd3, 0xdd,
    0x56, 0xe6, 0x15, 0xe6, 0x96, 0xf6, 0x72, 0xd5, 0x15, 0xe6, 0xf4, 0xe5,
    0xb7, 0xee, 0x36, 0xe6, 0x36, 0xe6, 0x93, 0xd5, 0x15, 0xe6, 0xb4, 0xdd,
    0x15, 0xe6, 0x56, 0xee, 0xb3, 0xdd, 0x35, 0xee, 0x15, 0xe6, 0x72, 0xcd,
    0xd4, 0xdd, 0x56, 0xe6, 0x15, 0xde, 0x55, 0xee, 0x52, 0xcd, 0x15, 0xe6,
    0x93, 0xd5, 0x51, 0xcd, 0xb3, 0xdd, 0x93, 0xdd, 0xf4, 0xdd, 0x15, 0xee,
    0x35, 0xe6, 0x35, 0xee, 0xb8, 0xf6, 0x19, 0xff, 0xb9, 0xee, 0xb8, 0xee,
    0x7b, 0xff, 0xbd, 0xff, 0xbe, 0xff, 0x7b, 0xff, 0x3a, 0xff, 0x19, 0xf7,
    0xf9, 0xee, 0x57, 0xde, 0x58, 0xde, 0x98, 0xe6, 0x38, 0xde, 0x7a, 0xde,
    0x1b, 0xef, 0xdc, 0xde, 0xdb, 0xe6, 0x1d, 0xe7, 0x9f, 0xf7, 0xff, 0xff,
    0xff, 0xff, 0xff, 0xff, 0xff, 0xff, 0xff, 0xff, 0xff, 0xff, 0xff, 0xff,
    0xff, 0xff, 0xff, 0xff, 0xff, 0xff, 0xff, 0xff, 0xff, 0xff, 0xff, 0xff,
    0xff, 0xff, 0xff, 0xff, 0xff, 0xff, 0xff, 0xff, 0xff, 0xff, 0xff, 0xff,
    0xff, 0xff, 0xff, 0xff, 0xff, 0xff, 0xff, 0xff, 0xff, 0xff, 0xff, 0xff,
    0xff, 0xff, 0xff, 0xff, 0xff, 0xff, 0xff, 0xff, 0xff, 0xff, 0xff, 0xff,
    0xff, 0xff, 0xff, 0xff, 0xff, 0xff, 0xff, 0xff, 0xff, 0xff, 0xff, 0xff,
    0xff, 0xff, 0xff, 0xff, 0xff, 0xff, 0xdf, 0xff, 0xbf, 0xf7, 0x9e, 0xf7,
    0x9e, 0xf7, 0x7d, 0xef, 0x5d, 0xef, 0x3c, 0xef, 0x3d, 0xef, 0x3d, 0xef,
    0x3d, 0xef, 0x5c, 0xf7, 0x7d, 0xf7, 0x9e, 0xf7, 0xbe, 0xf7, 0xbf, 0xff,
    0xdf, 0xff, 0xff, 0xff, 0xff, 0xff, 0xff, 0xff, 0xff, 0xff, 0xff, 0xff,
    0xff, 0xff, 0xff, 0xff, 0xff, 0xff, 0xff, 0xff, 0xff, 0xff, 0xff, 0xff,
    0xff, 0xff, 0xff, 0xff, 0xff, 0xff, 0xff, 0xff, 0xff, 0xff, 0xff, 0xff,
    0xff, 0xff, 0xff, 0xff, 0xff, 0xff, 0xff, 0xff, 0xff, 0xff, 0xff, 0xff,
    0x38, 0xd6, 0xf6, 0xcd, 0x17, 0xde, 0x78, 0xe6, 0x57, 0xe6, 0xf6, 0xe5,
    0xf6, 0xe5, 0x37, 0xee, 0x57, 0xee, 0x78, 0xee, 0x77, 0xee, 0x77, 0xee,
    0x36, 0xee, 0x16, 0xee, 0x57, 0xee, 0x77, 0xee, 0x98, 0xf6, 0xb8, 0xf6,
    0x98, 0xee, 0x57, 0xee, 0x36, 0xee, 0x57, 0xee, 0x37, 0xee, 0x36, 0xee,
    0x16, 0xee, 0xf5, 0xed, 0xd5, 0xe5, 0xf5, 0xe5, 0xf5, 0xe5, 0x16, 0xee,
    0x77, 0xee, 0xd9, 0xf6, 0xd9, 0xf6, 0x78, 0xee, 0x78, 0xee, 0xb8, 0xf6,
    0xd9, 0xf6, 0x5b, 0xff, 0x3b, 0xf7, 0xfa, 0xf6, 0x3a, 0xff, 0x7c, 0xff,
    0xbe, 0xff, 0xdf, 0xff, 0xff, 0xff, 0xde, 0xff, 0xde, 0xff, 0xde, 0xff,
    0xbd, 0xff, 0xde, 0xff, 0xbe, 0xff, 0x7c, 0xff, 0x3b, 0xff, 0x1b, 0xf7,
    0xdb, 0xf6, 0xfa, 0xee, 0xda, 0xe6, 0xfb, 0xee, 0x3b, 0xf7, 0xda, 0xe6,
    0x99, 0xde, 0xda, 0xe6, 0xfa, 0xee, 0xfa, 0xee, 0xfb, 0xe6, 0x3b, 0xf7,
    0x1b, 0xef, 0x3c, 0xef, 0x3c, 0xf7, 0xba, 0xe6, 0xb9, 0xee, 0xd6, 0xd5,
    0x95, 0xcd, 0xd1, 0xb4, 0x91, 0xac, 0xd1, 0xb4, 0x93, 0xd5, 0x12, 0xcd,
    0x11, 0xcd, 0x31, 0xd5, 0xcc, 0xa3, 0xcc, 0xab, 0x8e, 0xc4, 0x6a, 0xa3,
    0x4d, 0xbc, 0x91, 0xdd, 0x0c, 0xb4, 0xae, 0xc4, 0x92, 0xdd, 0x4d, 0xbc,
    0x72, 0xd5, 0x72, 0xd5, 0xf4, 0xe5, 0xcf, 0xcc, 0xcb, 0xa3, 0x14, 0xee,
    0x50, 0xd5, 0x6d, 0xbc, 0x6e, 0xbc, 0xb9, 0xee, 0x4d, 0xb4, 0xd3, 0xdd,
    0x4d, 0xbc, 0x73, 0xcd, 0x8e, 0xbc, 0x15, 0xde, 0x31, 0xcd, 0x10, 0xc5,
    0x8b, 0x9b, 0xf0, 0xcc, 0x6e, 0xb4, 0x52, 0xcd, 0x6e, 0xb4, 0x90, 0xac,
    0xf0, 0xc4, 0x77, 0xee, 0xe9, 0x7a, 0x68, 0x62, 0x0d, 0xa4, 0xca, 0x7a,
    0x0a, 0x7b, 0xc9, 0x6a, 0xea, 0x7a, 0x0c, 0xa4, 0xed, 0xa3, 0x0e, 0x94,
    0x52, 0xcd, 0xd0, 0xbc, 0xad, 0x8b, 0x98, 0xf6, 0x4e, 0xac, 0xf1, 0xc4,
    0xf0, 0xc4, 0x0a, 0x83, 0x19, 0xff, 0xac, 0x93, 0xee, 0xa3, 0xed, 0xa3,
    0x8f, 0xbc, 0xa9, 0x72, 0x4b, 0x8b, 0xd4, 0xe5, 0xa6, 0x41, 0x0d, 0xac,
    0x8f, 0xb4, 0x36, 0xee, 0x89, 0x72, 0x36, 0xe6, 0x6b, 0x93, 0x0d, 0xa4,
    0x36, 0xe6, 0x68, 0x6a, 0xd4, 0xdd, 0x07, 0x52, 0x2e, 0xac, 0x0d, 0xa4,
    0x0d, 0xa4, 0x0d, 0xac, 0xac, 0x93, 0x57, 0xee, 0x72, 0xcd, 0xd0, 0xc4,
    0xd4, 0xd5, 0xf5, 0xd5, 0x54, 0xc5, 0xd4, 0xdd, 0x73, 0xcd, 0x0e, 0xac,
    0x98, 0xe6, 0xf5, 0xdd, 0x36, 0xde, 0x93, 0xd5, 0x52, 0xc5, 0x93, 0xd5,
    0xd9, 0xee, 0xd4, 0xdd, 0xf4, 0xe5, 0xd9, 0xf6, 0x35, 0xee, 0xf4, 0xe5,
    0xb4, 0xe5, 0x51, 0xd5, 0x56, 0xe6, 0x76, 0xee, 0x31, 0xcd, 0xd8, 0xfe,
    0x72, 0xd5, 0x76, 0xee, 0xd4, 0xdd, 0x97, 0xee, 0x73, 0xd5, 0xf8, 0xfe,
    0x76, 0xee, 0x56, 0xee, 0xb8, 0xf6, 0x14, 0xe6, 0x16, 0xe6, 0x72, 0xcd,
    0xd4, 0xdd, 0x36, 0xee, 0x76, 0xf6, 0x15, 0xe6, 0x55, 0xee, 0xd3, 0xdd,
    0x93, 0xcd, 0x76, 0xee, 0x15, 0xee, 0x76, 0xee, 0x56, 0xee, 0xf4, 0xe5,
    0x56, 0xe6, 0xd4, 0xe5, 0x34, 0xe6, 0x93, 0xd5, 0xd4, 0xdd, 0x15, 0xe6,
    0xf4, 0xe5, 0xf4, 0xe5, 0x56, 0xee, 0x56, 0xee, 0x36, 0xe6, 0x36, 0xe6,
    0x3a, 0xff, 0xbc, 0xff, 0x9d, 0xff, 0x9c, 0xff, 0x9d, 0xff, 0xbc, 0xff,
    0x9c, 0xff, 0x3b, 0xff, 0xf9, 0xfe, 0x19, 0xf7, 0x99, 0xe6, 0x79, 0xde,
    0x99, 0xde, 0x59, 0xd6, 0x59, 0xd6, 0x9a, 0xd6, 0xfc, 0xe6, 0x7e, 0xf7,
    0xdf, 0xff, 0xdf, 0xff, 0xff, 0xff, 0xff, 0xff, 0xff, 0xff, 0xff, 0xff,
    0xff, 0xff, 0xff, 0xff, 0xff, 0xff, 0xff, 0xff, 0xff, 0xff, 0xff, 0xff,
    0xff, 0xff, 0xff, 0xff, 0xff, 0xff, 0xff, 0xff, 0xff, 0xff, 0xff, 0xff,
    0xff, 0xff, 0xff, 0xff, 0xff, 0xff, 0xff, 0xff, 0xff, 0xff, 0xff, 0xff,
    0xff, 0xff, 0xff, 0xff, 0xff, 0xff, 0xff, 0xff, 0xff, 0xff, 0xff, 0xff,
    0xff, 0xff, 0xff, 0xff, 0xff, 0xff, 0xff, 0xff, 0xff, 0xff, 0xff, 0xff,
    0xff, 0xff, 0xff, 0xff, 0xff, 0xff, 0xff, 0xff, 0xdf, 0xff, 0xbf, 0xff,
    0xbe, 0xf7, 0x7e, 0xf7, 0x5d, 0xf7, 0x3d, 0xef, 0x3d, 0xef, 0x3c, 0xef,
    0x3d, 0xef, 0x3c, 0xef, 0x5d, 0xef, 0x7d, 0xef, 0x7e, 0xf7, 0x9e, 0xf7,
    0xdf, 0xff, 0xdf, 0xff, 0xff, 0xff, 0xff, 0xff, 0xff, 0xff, 0xff, 0xff,
    0xff, 0xff, 0xff, 0xff, 0xff, 0xff, 0xff, 0xff, 0xff, 0xff, 0xff, 0xff,
    0xff, 0xff, 0xff, 0xff, 0xff, 0xff, 0xff, 0xff, 0xff, 0xff, 0xff, 0xff,
    0xff, 0xff, 0xff, 0xff, 0xff, 0xff, 0xff, 0xff, 0xff, 0xff, 0xff, 0xff,
    0xff, 0xff, 0x74, 0xc5, 0xb5, 0xd5, 0x57, 0xde, 0x77, 0xe6, 0x57, 0xee,
    0x57, 0xe6, 0x16, 0xde, 0xd4, 0xdd, 0xb5, 0xdd, 0xd5, 0xdd, 0xf5, 0xdd,
    0xd5, 0xe5, 0xf5, 0xe5, 0xd5, 0xdd, 0xd5, 0xdd, 0xd5, 0xe5, 0xb5, 0xe5,
    0x15, 0xe6, 0x36, 0xee, 0x57, 0xee, 0x57, 0xee, 0x16, 0xee, 0x16, 0xee,
    0xf6, 0xe5, 0xf6, 0xe5, 0xd5, 0xe5, 0xb4, 0xe5, 0x94, 0xe5, 0x53, 0xdd,
    0x53, 0xdd, 0x73, 0xdd, 0xb4, 0xe5, 0x16, 0xee, 0x77, 0xf6, 0xb8, 0xee,
    0xd9, 0xf6, 0x98, 0xee, 0x77, 0xee, 0xf9, 0xfe, 0x1a, 0xf7, 0x98, 0xee,
    0x36, 0xee, 0x57, 0xee, 0x1a, 0xff, 0x9c, 0xff, 0xbe, 0xff, 0x9d, 0xff,
    0x7c, 0xff, 0x7c, 0xff, 0xbd, 0xff, 0xdf, 0xff, 0xde, 0xff, 0x9c, 0xff,
    0x7b, 0xff, 0xfa, 0xf6, 0xb9, 0xe6, 0xb9, 0xee, 0x9a, 0xe6, 0xba, 0xe6,
    0xda, 0xee, 0x99, 0xde, 0x9a, 0xde, 0xfb, 0xee, 0xfa, 0xee, 0xdb, 0xe6,
    0x1b, 0xef, 0x1b, 0xef, 0x9a, 0xe6, 0x5c, 0xf7, 0x78, 0xde, 0xd6, 0xd5,
    0x33, 0xbd, 0x50, 0x9c, 0x2f, 0xa4, 0x4f, 0xac, 0x70, 0xb4, 0x6f, 0xb4,
    0x51, 0xd5, 0x8f, 0xbc, 0xcf, 0xc4, 0xcf, 0xcc, 0x8b, 0xa3, 0x0c, 0xbc,
    0x4d, 0xbc, 0xcb, 0xb3, 0xae, 0xcc, 0x91, 0xe5, 0x2d, 0xbc, 0x2d, 0xbc,
    0x50, 0xdd, 0x11, 0xcd, 0x6d, 0xbc, 0x15, 0xe6, 0x92, 0xdd, 0x10, 0xd5,
    0xab, 0x9b, 0xb3, 0xdd, 0xef, 0xcc, 0x8e, 0xc4, 0x31, 0xcd, 0xd9, 0xf6,
    0x6a, 0x9b, 0x51, 0xd5, 0x10, 0xc5, 0x16, 0xde, 0x0c, 0xb4, 0x97, 0xee,
    0x0f, 0xd5, 0x8b, 0x9b, 0x0c, 0xb4, 0x51, 0xd5, 0xab, 0x9b, 0x36, 0xe6,
    0x6a, 0x93, 0x35, 0xe6, 0x8b, 0x93, 0x57, 0xe6, 0x0a, 0x83, 0x2e, 0xac,
    0x68, 0x62, 0xa8, 0x6a, 0x2a, 0x8b, 0xea, 0x72, 0x6b, 0x93, 0x4e, 0xac,
    0x4b, 0x8b, 0xf5, 0xdd, 0x0d, 0xa4, 0xa9, 0x72, 0x36, 0xe6, 0x92, 0xd5,
    0xaf, 0xbc, 0x31, 0xcd, 0x47, 0x62, 0x16, 0xde, 0xf1, 0xbc, 0x09, 0x83,
    0x0d, 0xac, 0x87, 0x6a, 0x0d, 0xac, 0xea, 0x72, 0xab, 0xa3, 0x11, 0xc5,
    0x2a, 0x8b, 0x92, 0xd5, 0x98, 0xee, 0x2a, 0x83, 0x56, 0xe6, 0x0e, 0x9c,
    0x2e, 0xac, 0xd4, 0xd5, 0x0a, 0x83, 0x52, 0xc5, 0x6c, 0x83, 0xed, 0xa3,
    0x8f, 0xb4, 0x8b, 0x93, 0x11, 0xcd, 0x8c, 0x93, 0xb8, 0xf6, 0xf1, 0xbc,
    0xb0, 0xbc, 0x57, 0xe6, 0xd5, 0xd5, 0xb4, 0xcd, 0xb4, 0xd5, 0xb4, 0xd5,
    0x11, 0xc5, 0x98, 0xee, 0x15, 0xe6, 0x1a, 0xf7, 0x93, 0xdd, 0x97, 0xf6,
    0xb8, 0xee, 0x19, 0xf7, 0xb4, 0xe5, 0xb8, 0xf6, 0x35, 0xee, 0x97, 0xf6,
    0x15, 0xe6, 0xb3, 0xe5, 0x35, 0xee, 0x35, 0xee, 0xb8, 0xee, 0x15, 0xee,
    0x96, 0xf6, 0xf4, 0xdd, 0xb3, 0xdd, 0x77, 0xee, 0x97, 0xee, 0x77, 0xee,
    0xd8, 0xf6, 0xb8, 0xee, 0x56, 0xee, 0x76, 0xee, 0x35, 0xe6, 0xf5, 0xdd,
    0x11, 0xcd, 0xd3, 0xdd, 0x56, 0xee, 0x76, 0xee, 0x76, 0xee, 0xf5, 0xe5,
    0xd4, 0xe5, 0x35, 0xee, 0x56, 0xee, 0x14, 0xe6, 0xd8, 0xfe, 0x15, 0xee,
    0x96, 0xee, 0x76, 0xf6, 0x96, 0xf6, 0xf4, 0xdd, 0xd3, 0xe5, 0x76, 0xee,
    0xb4, 0xdd, 0xb3, 0xdd, 0x35, 0xee, 0x14, 0xee, 0x35, 0xe6, 0xd4, 0xdd,
    0x97, 0xf6, 0x5b, 0xff, 0x7b, 0xff, 0x7c, 0xff, 0xbd, 0xff, 0xdd, 0xff,
    0xde, 0xff, 0xbe, 0xff, 0x7b, 0xff, 0xfa, 0xf6, 0xd9, 0xf6, 0xfa, 0xf6,
    0x1a, 0xef, 0x98, 0xe6, 0x38, 0xd6, 0x38, 0xce, 0x9a, 0xde, 0x1d, 0xef,
    0x7d, 0xf7, 0xbf, 0xf7, 0xbf, 0xff, 0xdf, 0xff, 0xff, 0xff, 0xff, 0xff,
    0xff, 0xff, 0xff, 0xff, 0xdf, 0xff, 0xff, 0xff, 0xff, 0xff, 0xff, 0xff,
    0xff, 0xff, 0xff, 0xff, 0xff, 0xff, 0xff, 0xff, 0xff, 0xff, 0xff, 0xff,
    0xff, 0xff, 0xff, 0xff, 0xff, 0xff, 0xff, 0xff, 0xff, 0xff, 0xff, 0xff,
    0xff, 0xff, 0xff, 0xff, 0xff, 0xff, 0xff, 0xff, 0xff, 0xff, 0xff, 0xff,
    0xff, 0xff, 0xff, 0xff, 0xff, 0xff, 0xff, 0xff, 0xff, 0xff, 0xff, 0xff,
    0xff, 0xff, 0xff, 0xff, 0xff, 0xff, 0xff, 0xff, 0xff, 0xff, 0xdf, 0xff,
    0xbf, 0xff, 0x9e, 0xf7, 0x7e, 0xf7, 0x5d, 0xf7, 0x5c, 0xef, 0x5d, 0xef,
    0x3c, 0xef, 0x3c, 0xef, 0x5d, 0xef, 0x5d, 0xef, 0x5d, 0xf7, 0x7e, 0xf7,
    0x9e, 0xf7, 0xdf, 0xff, 0xff, 0xff, 0xff, 0xff, 0xff, 0xff, 0xff, 0xff,
    0xff, 0xff, 0xff, 0xff, 0xff, 0xff, 0xff, 0xff, 0xff, 0xff, 0xff, 0xff,
    0xff, 0xff, 0xff, 0xff, 0xff, 0xff, 0xff, 0xff, 0xff, 0xff, 0xff, 0xff,
    0xff, 0xff, 0xff, 0xff, 0xff, 0xff, 0xff, 0xff, 0xff, 0xff, 0xff, 0xff,
    0xff, 0xff, 0xff, 0xff, 0xb5, 0xd5, 0xd5, 0xd5, 0xb4, 0xdd, 0xf5, 0xdd,
    0xd4, 0xdd, 0xd5, 0xdd, 0x15, 0xe6, 0x15, 0xe6, 0xd5, 0xdd, 0x94, 0xdd,
    0x52, 0xd5, 0x32, 0xd5, 0x53, 0xd5, 0x73, 0xd5, 0x53, 0xdd, 0x73, 0xdd,
    0x73, 0xdd, 0x53, 0xd5, 0x53, 0xdd, 0xb4, 0xdd, 0xf5, 0xe5, 0xf6, 0xe5,
    0x36, 0xe6, 0x57, 0xee, 0x98, 0xf6, 0xb8, 0xee, 0xb9, 0xf6, 0xb8, 0xf6,
    0xb9, 0xf6, 0x98, 0xee, 0x36, 0xee, 0xf6, 0xe5, 0xd5, 0xe5, 0xb4, 0xdd,
    0x94, 0xdd, 0xf5, 0xe5, 0x78, 0xee, 0xb8, 0xf6, 0x57, 0xee, 0x98, 0xf6,
    0x1a, 0xff, 0xd9, 0xee, 0x36, 0xe6, 0xb4, 0xdd, 0xd4, 0xdd, 0xb8, 0xf6,
    0x3b, 0xff, 0x3b, 0xf7, 0x3b, 0xf7, 0x1a, 0xf7, 0x7d, 0xff, 0xde, 0xff,
    0xde, 0xff, 0xbd, 0xff, 0x9c, 0xff, 0x3b, 0xff, 0x1a, 0xf7, 0xd9, 0xee,
    0x38, 0xde, 0x37, 0xd6, 0xf6, 0xd5, 0xf6, 0xcd, 0x99, 0xde, 0xd9, 0xee,
    0x99, 0xe6, 0xb9, 0xe6, 0xda, 0xee, 0x58, 0xd6, 0xb7, 0xc5, 0x79, 0xe6,
    0x0f, 0x94, 0x6f, 0xac, 0xee, 0x9b, 0xce, 0x8b, 0xed, 0x9b, 0x0d, 0xac,
    0x4e, 0xb4, 0x6e, 0xb4, 0x11, 0xcd, 0xec, 0xab, 0x8f, 0xc4, 0x8f, 0xbc,
    0xcb, 0xab, 0xaa, 0xab, 0xab, 0xab, 0xaa, 0xab, 0xec, 0xb3, 0xd2, 0xed,
    0xce, 0xcc, 0xd0, 0xcc, 0xcf, 0xcc, 0xcf, 0xcc, 0x2d, 0xb4, 0xd3, 0xdd,
    0xb2, 0xdd, 0x6e, 0xbc, 0x0d, 0xbc, 0xb3, 0xdd, 0x6d, 0xc4, 0xcf, 0xc4,
    0x10, 0xcd, 0xb8, 0xee, 0x8f, 0xbc, 0x8e, 0xc4, 0x19, 0xff, 0xcf, 0xc4,
    0x11, 0xcd, 0xf5, 0xe5, 0x51, 0xd5, 0x49, 0x93, 0x8e, 0xbc, 0x8e, 0xbc,
    0x2d, 0xb4, 0x73, 0xcd, 0x4f, 0xac, 0x31, 0xcd, 0x32, 0xc5, 0x0e, 0x9c,
    0x0d, 0x9c, 0xcf, 0xc4, 0x48, 0x5a, 0x0a, 0x83, 0x69, 0x6a, 0xe9, 0x72,
    0x8f, 0xbc, 0xa9, 0x7a, 0x56, 0xde, 0x6b, 0x93, 0x8f, 0xb4, 0x53, 0xbd,
    0xf1, 0xbc, 0x52, 0xcd, 0xd0, 0xbc, 0xa9, 0x7a, 0x53, 0xcd, 0x73, 0xcd,
    0xac, 0x9b, 0xac, 0x9b, 0xea, 0x7a, 0x2a, 0x8b, 0x0a, 0x83, 0x06, 0x62,
    0xf1, 0xc4, 0x4f, 0xac, 0xaf, 0xbc, 0x97, 0xe6, 0x6e, 0xb4, 0x32, 0xcd,
    0x12, 0xbd, 0x11, 0xcd, 0x4f, 0xac, 0x4e, 0xac, 0xee, 0x9b, 0x13, 0xbd,
    0xe9, 0x82, 0x11, 0xcd, 0xa8, 0x72, 0x12, 0xcd, 0x4e, 0xac, 0x77, 0xee,
    0x0e, 0xac, 0x93, 0xd5, 0x16, 0xe6, 0xd4, 0xd5, 0x16, 0xd6, 0x93, 0xd5,
    0x6e, 0xb4, 0xf1, 0xbc, 0x1a, 0xf7, 0x36, 0xe6, 0x1b, 0xf7, 0x56, 0xee,
    0x77, 0xee, 0x1a, 0xff, 0x77, 0xee, 0xb7, 0xf6, 0x56, 0xee, 0xb7, 0xf6,
    0x14, 0xf6, 0x76, 0xee, 0xf4, 0xe5, 0x76, 0xf6, 0x35, 0xee, 0xf9, 0xfe,
    0x35, 0xee, 0xb7, 0xf6, 0x93, 0xd5, 0x35, 0xee, 0xd8, 0xf6, 0x76, 0xee,
    0xf8, 0xfe, 0xd8, 0xf6, 0x97, 0xee, 0x19, 0xff, 0x15, 0xe6, 0x15, 0xe6,
    0xd4, 0xe5, 0x93, 0xdd, 0xb3, 0xdd, 0x76, 0xee, 0x76, 0xee, 0x55, 0xee,
    0x57, 0xe6, 0xb7, 0xf6, 0x14, 0xe6, 0x35, 0xe6, 0x76, 0xf6, 0x96, 0xf6,
    0x76, 0xf6, 0x18, 0xff, 0xd7, 0xf6, 0xd8, 0xf6, 0x14, 0xe6, 0xd7, 0xfe,
    0x55, 0xe6, 0xd3, 0xe5, 0x76, 0xf6, 0x35, 0xee, 0x77, 0xee, 0xf4, 0xe5,
    0x35, 0xe6, 0xb7, 0xf6, 0x19, 0xff, 0x7b, 0xff, 0x9d, 0xff, 0xdd, 0xff,
    0xde, 0xff, 0xbe, 0xff, 0x9c, 0xff, 0x3a, 0xff, 0x1a, 0xf7, 0x3a, 0xf7,
    0x3b, 0xff, 0x3b, 0xf7, 0xfa, 0xee, 0x99, 0xde, 0x58, 0xd6, 0x9a, 0xde,
    0x1b, 0xef, 0x1c, 0xef, 0xfc, 0xe6, 0x9e, 0xf7, 0xbf, 0xff, 0xdf, 0xff,
    0xff, 0xff, 0xff, 0xff, 0xdf, 0xff, 0xdf, 0xff, 0xdf, 0xff, 0xff, 0xff,
    0xff, 0xff, 0xff, 0xff, 0xff, 0xff, 0xff, 0xff, 0xff, 0xff, 0xff, 0xff,
    0xff, 0xff, 0xff, 0xff, 0xff, 0xff, 0xff, 0xff, 0xff, 0xff, 0xff, 0xff,
    0xff, 0xff, 0xff, 0xff, 0xff, 0xff, 0xff, 0xff, 0xff, 0xff, 0xff, 0xff,
    0xff, 0xff, 0xff, 0xff, 0xff, 0xff, 0xff, 0xff, 0xff, 0xff, 0xff, 0xff,
    0xff, 0xff, 0xff, 0xff, 0xff, 0xff, 0xff, 0xff, 0xff, 0xff, 0xff, 0xff,
    0xdf, 0xff, 0xbe, 0xf7, 0x9e, 0xf7, 0x7d, 0xf7, 0x7d, 0xef, 0x5d, 0xef,
    0x3c, 0xf7, 0x3c, 0xef, 0x3c, 0xef, 0x5d, 0xef, 0x3d, 0xef, 0x5d, 0xf7,
    0x9e, 0xf7, 0x9f, 0xf7, 0xbf, 0xff, 0xdf, 0xff, 0xff, 0xff, 0xff, 0xff,
    0xff, 0xff, 0xff, 0xff, 0xff, 0xff, 0xff, 0xff, 0xff, 0xff, 0xff, 0xff,
    0xff, 0xff, 0xff, 0xff, 0xff, 0xff, 0xff, 0xff, 0xff, 0xff, 0xff, 0xff,
    0xff, 0xff, 0xff, 0xff, 0xff, 0xff, 0xff, 0xff, 0xff, 0xff, 0xff, 0xff,
    0xff, 0xff, 0xff, 0xff, 0xff, 0xff, 0xd5, 0xd5, 0x73, 0xcd, 0x32, 0xcd,
    0x32, 0xcd, 0x32, 0xcd, 0x53, 0xcd, 0x32, 0xcd, 0x52, 0xcd, 0x53, 0xd5,
    0x93, 0xd5, 0x73, 0xd5, 0x73, 0xd5, 0x12, 0xd5, 0x12, 0xd5, 0x32, 0xd5,
    0x52, 0xd5, 0x53, 0xd5, 0x52, 0xdd, 0x11, 0xd5, 0xf1, 0xcc, 0xf1, 0xd4,
    0x11, 0xd5, 0x53, 0xd5, 0x94, 0xdd, 0xb4, 0xdd, 0xd5, 0xdd, 0xd5, 0xe5,
    0xf5, 0xe5, 0x36, 0xe6, 0x77, 0xee, 0x57, 0xee, 0x57, 0xe6, 0x57, 0xe6,
    0x77, 0xee, 0x36, 0xe6, 0xb5, 0xdd, 0xb4, 0xdd, 0x16, 0xe6, 0x57, 0xe6,
    0x57, 0xee, 0x36, 0xe6, 0x98, 0xee, 0xd9, 0xfe, 0xd9, 0xf6, 0x77, 0xe6,
    0xb4, 0xdd, 0xd4, 0xdd, 0x98, 0xf6, 0xb8, 0xf6, 0x36, 0xe6, 0x57, 0xee,
    0x19, 0xf7, 0x7c, 0xff, 0x9d, 0xff, 0xbe, 0xff, 0xbe, 0xff, 0xdd, 0xff,
    0xbd, 0xff, 0x5b, 0xff, 0xb8, 0xee, 0x17, 0xd6, 0x75, 0xc5, 0x54, 0xc5,
    0xf6, 0xd5, 0xf6, 0xcd, 0xb6, 0xcd, 0xf6, 0xd5, 0xd5, 0xd5, 0x71, 0x9c,
    0x13, 0xbd, 0x71, 0x94, 0x2b, 0x7b, 0xee, 0xa3, 0x0e, 0xa4, 0xcc, 0x9b,
    0x2e, 0xac, 0x8f, 0xbc, 0x0d, 0xac, 0x4d, 0xb4, 0xae, 0xc4, 0x0c, 0xb4,
    0xae, 0xc4, 0x6d, 0xbc, 0xeb, 0xb3, 0xeb, 0xb3, 0x8a, 0xab, 0x6a, 0xa3,
    0xaa, 0xab, 0x10, 0xd5, 0xae, 0xc4, 0x15, 0xe6, 0x10, 0xd5, 0x6d, 0xc4,
    0x10, 0xcd, 0xcf, 0xc4, 0x71, 0xd5, 0x30, 0xd5, 0xeb, 0xb3, 0x30, 0xd5,
    0xcf, 0xcc, 0x92, 0xdd, 0xeb, 0xab, 0x15, 0xde, 0xb3, 0xd5, 0x2c, 0xb4,
    0x1b, 0xff, 0x6e, 0xc4, 0xb3, 0xdd, 0xb4, 0xdd, 0xaf, 0xbc, 0xcb, 0xa3,
    0x8f, 0xc4, 0xac, 0xa3, 0x31, 0xcd, 0x0d, 0xa4, 0x56, 0xee, 0xed, 0xa3,
    0x55, 0xee, 0x68, 0x62, 0xa9, 0x6a, 0x11, 0xc5, 0xa9, 0x72, 0x6b, 0x8b,
    0xcd, 0x9b, 0x6b, 0x8b, 0x6e, 0xb4, 0x73, 0xc5, 0x11, 0xc5, 0xaf, 0xc4,
    0xb3, 0xd5, 0xaf, 0xbc, 0x15, 0xde, 0xf0, 0xc4, 0xac, 0x9b, 0x8f, 0xb4,
    0x8f, 0xbc, 0x4e, 0xb4, 0x4a, 0x93, 0x2d, 0xb4, 0x4a, 0x8b, 0xe9, 0x7a,
    0xe9, 0x82, 0x6b, 0x93, 0x98, 0xee, 0x2a, 0x8b, 0x19, 0xf7, 0x6f, 0xb4,
    0x6f, 0xb4, 0x16, 0xe6, 0x31, 0xcd, 0xf1, 0xc4, 0x31, 0xcd, 0xc9, 0x7a,
    0x36, 0xe6, 0xe9, 0x82, 0x6e, 0xbc, 0x4e, 0xac, 0x2d, 0xb4, 0x6f, 0xb4,
    0xb8, 0xf6, 0x0d, 0xac, 0x72, 0xd5, 0x57, 0xe6, 0x37, 0xde, 0x36, 0xde,
    0x31, 0xcd, 0x52, 0xcd, 0x52, 0xcd, 0x97, 0xee, 0xd9, 0xee, 0x3b, 0xf7,
    0x97, 0xf6, 0x77, 0xee, 0x5a, 0xff, 0xf9, 0xf6, 0x98, 0xf6, 0xb7, 0xfe,
    0x96, 0xf6, 0xb3, 0xed, 0x76, 0xf6, 0x15, 0xee, 0xd3, 0xed, 0x34, 0xee,
    0xf7, 0xfe, 0x97, 0xf6, 0x35, 0xee, 0x76, 0xee, 0x97, 0xf6, 0xd9, 0xf6,
    0xd8, 0xf6, 0xb8, 0xf6, 0xb8, 0xf6, 0x19, 0xff, 0x76, 0xee, 0x56, 0xee,
    0xf4, 0xe5, 0x56, 0xee, 0xb3, 0xdd, 0x56, 0xee, 0x35, 0xee, 0x55, 0xee,
    0x15, 0xe6, 0xb7, 0xf6, 0x76, 0xee, 0x15, 0xe6, 0xb7, 0xf6, 0xb7, 0xf6,
    0x76, 0xee, 0x18, 0xff, 0x18, 0xff, 0xf9, 0xf6, 0xf8, 0xfe, 0xb7, 0xf6,
    0xf8, 0xfe, 0x56, 0xee, 0xb6, 0xf6, 0x76, 0xf6, 0x97, 0xee, 0x35, 0xee,
    0x56, 0xee, 0xd7, 0xfe, 0x97, 0xee, 0x3a, 0xff, 0x5b, 0xff, 0x7b, 0xff,
    0x9c, 0xff, 0x9c, 0xff, 0x7b, 0xff, 0x5b, 0xff, 0x7c, 0xff, 0x7c, 0xff,
    0x5c, 0xff, 0x3b, 0xff, 0x3b, 0xf7, 0x3b, 0xf7, 0xda, 0xee, 0x79, 0xe6,
    0xba, 0xe6, 0xda, 0xe6, 0xbb, 0xe6, 0x3c, 0xef, 0x5d, 0xef, 0xbe, 0xf7,
    0xbf, 0xff, 0xdf, 0xff, 0xdf, 0xff, 0xdf, 0xff, 0xff, 0xff, 0xff, 0xff,
    0xff, 0xff, 0xff, 0xff, 0xff, 0xff, 0xff, 0xff, 0xff, 0xff, 0xff, 0xff,
    0xff, 0xff, 0xff, 0xff, 0xff, 0xff, 0xff, 0xff, 0xff, 0xff, 0xff, 0xff,
    0xff, 0xff, 0xff, 0xff, 0xff, 0xff, 0xff, 0xff, 0xff, 0xff, 0xff, 0xff,
    0xff, 0xff, 0xff, 0xff, 0xff, 0xff, 0xff, 0xff, 0xff, 0xff, 0xff, 0xff,
    0xff, 0xff, 0xff, 0xff, 0xff, 0xff, 0xff, 0xff, 0xff, 0xff, 0xff, 0xff,
    0xff, 0xff, 0xdf, 0xff, 0xbe, 0xff, 0x9e, 0xf7, 0x9e, 0xf7, 0x7d, 0xef,
    0x5d, 0xef, 0x3d, 0xef, 0x3d, 0xef, 0x3c, 0xef, 0x3d, 0xef, 0x5d, 0xef,
    0x5d, 0xef, 0x7e, 0xf7, 0xbe, 0xf7, 0xbe, 0xff, 0xdf, 0xff, 0xff, 0xff,
    0xff, 0xff, 0xff, 0xff, 0xff, 0xff, 0xff, 0xff, 0xff, 0xff, 0xff, 0xff,
    0xff, 0xff, 0xff, 0xff, 0xff, 0xff, 0xff, 0xff, 0xff, 0xff, 0xff, 0xff,
    0xff, 0xff, 0xff, 0xff, 0xff, 0xff, 0xff, 0xff, 0xff, 0xff, 0xff, 0xff,
    0xff, 0xff, 0xff, 0xff, 0xff, 0xff, 0xff, 0xff, 0xd5, 0xd5, 0x16, 0xde,
    0xb4, 0xd5, 0x73, 0xd5, 0x73, 0xd5, 0x53, 0xd5, 0x53, 0xd5, 0x52, 0xd5,
    0x12, 0xcd, 0x12, 0xcd, 0x12, 0xd5, 0x32, 0xd5, 0x11, 0xd5, 0xd1, 0xcc,
    0xb0, 0xcc, 0xd1, 0xd4, 0xd1, 0xd4, 0xf1, 0xcc, 0x12, 0xd5, 0xb1, 0xcc,
    0x90, 0xcc, 0xf0, 0xd4, 0x12, 0xd5, 0xf1, 0xcc, 0xb1, 0xcc, 0xf1, 0xd4,
    0xd1, 0xcc, 0xf2, 0xd4, 0xf2, 0xd4, 0x11, 0xcd, 0xf2, 0xcc, 0xf2, 0xd4,
    0x12, 0xd5, 0x73, 0xd5, 0xb5, 0xdd, 0x36, 0xe6, 0xf6, 0xdd, 0xd5, 0xdd,
    0xf5, 0xdd, 0x57, 0xe6, 0x77, 0xee, 0x36, 0xe6, 0x94, 0xd5, 0xf5, 0xdd,
    0x77, 0xee, 0xb9, 0xf6, 0x15, 0xde, 0xf6, 0xe5, 0x98, 0xee, 0xb8, 0xee,
    0xf5, 0xdd, 0x94, 0xd5, 0x57, 0xe6, 0xfa, 0xf6, 0xda, 0xf6, 0x3b, 0xf7,
    0x3b, 0xff, 0x7c, 0xff, 0xdd, 0xff, 0xbd, 0xff, 0x3b, 0xff, 0x78, 0xde,
    0x74, 0xc5, 0xf3, 0xb4, 0xd1, 0xac, 0x50, 0xa4, 0x70, 0xa4, 0x2f, 0x94,
    0x0f, 0x94, 0xcb, 0x62, 0xb5, 0xd5, 0xaa, 0x5a, 0xea, 0x72, 0x8b, 0x8b,
    0x0d, 0xac, 0x0e, 0xac, 0x6e, 0xb4, 0x4e, 0xb4, 0x4d, 0xbc, 0x2d, 0xb4,
    0x2d, 0xb4, 0xcb, 0xab, 0x4d, 0xc4, 0xec, 0xab, 0xaa, 0xab, 0x2c, 0xbc,
    0x4d, 0xbc, 0xec, 0xbb, 0x49, 0xa3, 0x8d, 0xcc, 0xef, 0xcc, 0x36, 0xe6,
    0xce, 0xc4, 0x6d, 0xbc, 0xb3, 0xdd, 0x0c, 0xb4, 0x10, 0xd5, 0xf0, 0xc4,
    0x4d, 0xc4, 0x4d, 0xbc, 0xb2, 0xdd, 0xf3, 0xe5, 0x28, 0x9b, 0xb4, 0xdd,
    0x52, 0xcd, 0x2d, 0xb4, 0x55, 0xee, 0xef, 0xc4, 0xb3, 0xdd, 0x10, 0xcd,
    0x0c, 0xac, 0x8f, 0xbc, 0x6e, 0xbc, 0x4d, 0xb4, 0x93, 0xcd, 0xac, 0x93,
    0x36, 0xe6, 0xf0, 0xc4, 0x72, 0xd5, 0x89, 0x6a, 0xea, 0x72, 0x4e, 0xac,
    0xc9, 0x7a, 0x72, 0xd5, 0xe9, 0x82, 0x52, 0xcd, 0x52, 0xcd, 0xb8, 0xee,
    0xaf, 0xbc, 0x32, 0xcd, 0x15, 0xde, 0x52, 0xcd, 0x6f, 0xac, 0x52, 0xcd,
    0xcc, 0x9b, 0x2e, 0xac, 0x2d, 0xb4, 0x8b, 0x9b, 0xcf, 0xcc, 0x09, 0x8b,
    0xe9, 0x82, 0x4b, 0x93, 0x2a, 0x93, 0xf4, 0xdd, 0xab, 0x9b, 0xb9, 0xee,
    0x2e, 0xac, 0xf1, 0xc4, 0xb4, 0xd5, 0xf0, 0xc4, 0x16, 0xde, 0x93, 0xd5,
    0x0a, 0x8b, 0x16, 0xde, 0xcc, 0x9b, 0xcc, 0xa3, 0x6e, 0xbc, 0x2d, 0xbc,
    0xac, 0xa3, 0x98, 0xee, 0x4e, 0xac, 0xf0, 0xc4, 0x36, 0xe6, 0x56, 0xe6,
    0x12, 0xc5, 0x32, 0xcd, 0xb4, 0xdd, 0xb4, 0xd5, 0x15, 0xe6, 0x5b, 0xff,
    0x1a, 0xf7, 0x76, 0xf6, 0x3a, 0xff, 0x3b, 0xf7, 0x5b, 0xff, 0xd9, 0xf6,
    0x96, 0xf6, 0x76, 0xf6, 0x14, 0xf6, 0x97, 0xf6, 0xf4, 0xed, 0xf3, 0xf5,
    0xb7, 0xf6, 0x96, 0xf6, 0x76, 0xf6, 0xd8, 0xf6, 0x97, 0xf6, 0x96, 0xf6,
    0xd8, 0xf6, 0xf9, 0xf6, 0xb8, 0xf6, 0xf9, 0xf6, 0x56, 0xe6, 0xb8, 0xf6,
    0x56, 0xee, 0x14, 0xde, 0x76, 0xee, 0xf4, 0xe5, 0x77, 0xee, 0x97, 0xee,
    0x15, 0xee, 0x76, 0xee, 0x96, 0xf6, 0x35, 0xee, 0xb7, 0xfe, 0x76, 0xf6,
    0x76, 0xf6, 0x97, 0xf6, 0x19, 0xff, 0xd7, 0xfe, 0x3a, 0xff, 0xf8, 0xf6,
    0x17, 0xff, 0x97, 0xf6, 0xd7, 0xfe, 0xb7, 0xfe, 0xb7, 0xf6, 0xb7, 0xfe,
    0x96, 0xf6, 0xd8, 0xf6, 0x76, 0xee, 0x97, 0xf6, 0x3a, 0xff, 0x19, 0xff,
    0x1a, 0xff, 0x5a, 0xff, 0x3a, 0xff, 0x7c, 0xff, 0xbd, 0xff, 0xdd, 0xff,
    0xbe, 0xff, 0x7c, 0xff, 0x1a, 0xf7, 0xf9, 0xf6, 0x5b, 0xff, 0x3a, 0xff,
    0x1b, 0xf7, 0xfa, 0xee, 0xda, 0xee, 0xda, 0xe6, 0x9a, 0xde, 0x9b, 0xde,
    0x3d, 0xef, 0x9f, 0xf7, 0xbf, 0xff, 0xdf, 0xff, 0xbf, 0xff, 0xdf, 0xff,
    0xbf, 0xff, 0xdf, 0xff, 0xdf, 0xff, 0xdf, 0xff, 0xff, 0xff, 0xff, 0xff,
    0xdf, 0xff, 0xff, 0xff, 0xff, 0xff, 0xff, 0xff, 0xff, 0xff, 0xff, 0xff,
    0xff, 0xff, 0xff, 0xff, 0xff, 0xff, 0xff, 0xff, 0xff, 0xff, 0xff, 0xff,
    0xff, 0xff, 0xff, 0xff, 0xff, 0xff, 0xff, 0xff, 0xff, 0xff, 0xff, 0xff,
    0xff, 0xff, 0xff, 0xff, 0xff, 0xff, 0xff, 0xff, 0xff, 0xff, 0xff, 0xff,
    0xff, 0xff, 0xdf, 0xff, 0xdf, 0xff, 0xbf, 0xf7, 0x9e, 0xf7, 0x7e, 0xf7,
    0x5d, 0xf7, 0x5d, 0xf7, 0x3d, 0xef, 0x3c, 0xe7, 0x3d, 0xef, 0x3d, 0xef,
    0x5c, 0xef, 0x5d, 0xef, 0x7e, 0xf7, 0x9e, 0xf7, 0xbf, 0xf7, 0xdf, 0xff,
    0xff, 0xff, 0xff, 0xff, 0xff, 0xff, 0xff, 0xff, 0xff, 0xff, 0xff, 0xff,
    0xff, 0xff, 0xff, 0xff, 0xff, 0xff, 0xff, 0xff, 0xff, 0xff, 0xff, 0xff,
    0xff, 0xff, 0xff, 0xff, 0xff, 0xff, 0xff, 0xff, 0xff, 0xff, 0xff, 0xff,
    0xff, 0xff, 0xff, 0xff, 0xff, 0xff, 0xff, 0xff, 0xff, 0xff, 0x53, 0xcd,
    0x73, 0xcd, 0x94, 0xd5, 0xb4, 0xd5, 0x73, 0xd5, 0x53, 0xd5, 0x33, 0xd5,
    0x52, 0xd5, 0x32, 0xcd, 0xf1, 0xd4, 0x12, 0xcd, 0x12, 0xd5, 0x12, 0xd5,
    0x12, 0xd5, 0xd1, 0xcc, 0xb0, 0xcc, 0xd0, 0xcc, 0xf1, 0xcc, 0x12, 0xd5,
    0x53, 0xd5, 0x73, 0xd5, 0x32, 0xd5, 0x12, 0xd5, 0xf1, 0xcc, 0xf1, 0xcc,
    0xf1, 0xd4, 0x11, 0xcd, 0x12, 0xd5, 0xf2, 0xd4, 0x32, 0xd5, 0x53, 0xd5,
    0x32, 0xd5, 0x32, 0xd5, 0x32, 0xd5, 0x53, 0xd5, 0x73, 0xdd, 0x53, 0xd5,
    0x73, 0xd5, 0x53, 0xd5, 0x73, 0xd5, 0x94, 0xd5, 0x36, 0xe6, 0x78, 0xee,
    0xf5, 0xd5, 0x73, 0xcd, 0x74, 0xcd, 0xb4, 0xdd, 0xf5, 0xdd, 0x36, 0xde,
    0xf5, 0xdd, 0x57, 0xee, 0x15, 0xe6, 0x73, 0xcd, 0xd5, 0xd5, 0x15, 0xe6,
    0x56, 0xe6, 0x97, 0xee, 0x57, 0xe6, 0x57, 0xe6, 0xf9, 0xf6, 0x3b, 0xf7,
    0x1a, 0xf7, 0x98, 0xe6, 0xf6, 0xcd, 0x13, 0xb5, 0xef, 0x8b, 0x4c, 0x7b,
    0xca, 0x6a, 0x0b, 0x73, 0x0b, 0x73, 0x4c, 0x7b, 0xd2, 0xac, 0xa9, 0x6a,
    0x2a, 0x7b, 0xac, 0x9b, 0xed, 0xa3, 0xcc, 0x9b, 0xf0, 0xc4, 0x0c, 0xac,
    0x0c, 0xb4, 0x0c, 0xb4, 0x2c, 0xbc, 0xab, 0xab, 0x8e, 0xc4, 0xeb, 0xab,
    0x8a, 0xa3, 0xeb, 0xbb, 0x4d, 0xc4, 0xef, 0xcc, 0x6d, 0xc4, 0xcb, 0xab,
    0xf0, 0xcc, 0x76, 0xee, 0xae, 0xc4, 0x4d, 0xbc, 0x72, 0xd5, 0x2c, 0xb4,
    0x51, 0xd5, 0xae, 0xbc, 0x6d, 0xbc, 0xab, 0xa3, 0x13, 0xee, 0x10, 0xd5,
    0xcb, 0xab, 0x72, 0xd5, 0xf0, 0xcc, 0xae, 0xcc, 0xb3, 0xdd, 0x0f, 0xd5,
    0x15, 0xe6, 0x0d, 0xb4, 0x2d, 0xbc, 0x0d, 0xb4, 0xaf, 0xc4, 0x31, 0xcd,
    0x2d, 0xb4, 0x93, 0xd5, 0xb3, 0xd5, 0xf0, 0xc4, 0xd0, 0xc4, 0x88, 0x6a,
    0x4e, 0xac, 0x2b, 0x83, 0x8c, 0x8b, 0xd4, 0xdd, 0x52, 0xcd, 0x0d, 0xa4,
    0x15, 0xde, 0x37, 0xe6, 0x93, 0xd5, 0xd4, 0xd5, 0x32, 0xcd, 0xb4, 0xd5,
    0x8e, 0xbc, 0xcc, 0x9b, 0xaf, 0xc4, 0x4a, 0x93, 0xcb, 0xa3, 0x0d, 0xb4,
    0xac, 0xa3, 0x8b, 0xa3, 0x29, 0x8b, 0x91, 0xdd, 0xaf, 0xbc, 0x0c, 0xa4,
    0xb4, 0xd5, 0x2d, 0xac, 0x16, 0xde, 0x11, 0xc5, 0x32, 0xcd, 0x16, 0xe6,
    0x8f, 0xb4, 0xaf, 0xbc, 0xd1, 0xbc, 0x90, 0xbc, 0x4e, 0xbc, 0xcc, 0xab,
    0xaf, 0xc4, 0xac, 0xa3, 0x77, 0xee, 0x6e, 0xbc, 0xaf, 0xbc, 0xb3, 0xdd,
    0x77, 0xe6, 0x11, 0xc5, 0xd4, 0xdd, 0x11, 0xcd, 0x56, 0xe6, 0xf5, 0xdd,
    0xdd, 0xff, 0x77, 0xee, 0xf9, 0xf6, 0x19, 0xf7, 0x7b, 0xff, 0xf9, 0xf6,
    0x5b, 0xff, 0x14, 0xf6, 0x97, 0xfe, 0x55, 0xf6, 0x96, 0xf6, 0x76, 0xf6,
    0x35, 0xf6, 0xd8, 0xfe, 0xb6, 0xfe, 0x76, 0xf6, 0xf8, 0xfe, 0x35, 0xee,
    0x19, 0xff, 0xd8, 0xf6, 0x19, 0xff, 0xf9, 0xfe, 0x76, 0xee, 0x56, 0xee,
    0xf8, 0xfe, 0x56, 0xee, 0xf9, 0xfe, 0xf4, 0xdd, 0xb7, 0xfe, 0xb7, 0xee,
    0x35, 0xee, 0xf5, 0xe5, 0xb7, 0xf6, 0x76, 0xee, 0x96, 0xf6, 0x76, 0xee,
    0x97, 0xf6, 0x56, 0xee, 0xd8, 0xfe, 0xb7, 0xf6, 0x39, 0xff, 0x19, 0xff,
    0x18, 0xff, 0x76, 0xf6, 0xf8, 0xfe, 0xf8, 0xfe, 0xf8, 0xf6, 0xf8, 0xfe,
    0xf8, 0xfe, 0xd8, 0xf6, 0xb6, 0xf6, 0x97, 0xf6, 0xb8, 0xf6, 0xd8, 0xfe,
    0xf8, 0xfe, 0xf8, 0xfe, 0xb8, 0xf6, 0x5b, 0xff, 0xbd, 0xff, 0xbd, 0xff,
    0xde, 0xff, 0xbc, 0xff, 0x5a, 0xff, 0x19, 0xf7, 0xda, 0xf6, 0xfa, 0xf6,
    0x1a, 0xf7, 0x1b, 0xef, 0xfa, 0xf6, 0xda, 0xee, 0xba, 0xde, 0x99, 0xde,
    0xda, 0xe6, 0x1c, 0xe7, 0x5d, 0xf7, 0x9e, 0xf7, 0xbf, 0xf7, 0x9f, 0xf7,
    0x9e, 0xf7, 0xbf, 0xf7, 0xbf, 0xff, 0xbf, 0xff, 0xdf, 0xff, 0xdf, 0xff,
    0xdf, 0xff, 0xdf, 0xff, 0xdf, 0xff, 0xdf, 0xff, 0xdf, 0xff, 0xdf, 0xff,
    0xdf, 0xff, 0xff, 0xff, 0xff, 0xff, 0xff, 0xff, 0xff, 0xff, 0xff, 0xff,
    0xff, 0xff, 0xff, 0xff, 0xff, 0xff, 0xff, 0xff, 0xff, 0xff, 0xff, 0xff,
    0xff, 0xff, 0xff, 0xff, 0xff, 0xff, 0xff, 0xff, 0xff, 0xff, 0xff, 0xff,
    0xff, 0xff, 0xff, 0xff, 0xdf, 0xff, 0xdf, 0xff, 0xbf, 0xff, 0x9e, 0xf7,
    0x7d, 0xf7, 0x5d, 0xef, 0x3d, 0xef, 0x3c, 0xef, 0x3c, 0xef, 0x3c, 0xef,
    0x3c, 0xef, 0x5d, 0xf7, 0x5d, 0xef, 0x7e, 0xf7, 0x9e, 0xf7, 0xdf, 0xff,
    0xdf, 0xff, 0xff, 0xff, 0xff, 0xff, 0xff, 0xff, 0xff, 0xff, 0xff, 0xff,
    0xff, 0xff, 0xff, 0xff, 0xff, 0xff, 0xff, 0xff, 0xff, 0xff, 0xff, 0xff,
    0xff, 0xff, 0xff, 0xff, 0xff, 0xff, 0xff, 0xff, 0xff, 0xff, 0xff, 0xff,
    0xff, 0xff, 0xff, 0xff, 0xff, 0xff, 0xff, 0xff, 0xff, 0xff, 0xff, 0xff,
    0xb5, 0xd5, 0x93, 0xd5, 0x33, 0xcd, 0x33, 0xcd, 0x32, 0xcd, 0x32, 0xcd,
    0x11, 0xcd, 0x12, 0xcd, 0xf1, 0xcc, 0xd1, 0xcc, 0xd1, 0xcc, 0xd0, 0xcc,
    0xd1, 0xcc, 0xd1, 0xcc, 0xf1, 0xd4, 0xf1, 0xcc, 0xf1, 0xcc, 0xd1, 0xcc,
    0xb0, 0xcc, 0xd0, 0xcc, 0xd1, 0xcc, 0xf1, 0xcc, 0xd1, 0xcc, 0xb0, 0xcc,
    0x90, 0xcc, 0x90, 0xcc, 0x6f, 0xc4, 0x6f, 0xc4, 0x70, 0xc4, 0x90, 0xc4,
    0x90, 0xcc, 0xd1, 0xcc, 0x12, 0xcd, 0x32, 0xd5, 0x32, 0xd5, 0x32, 0xd5,
    0x12, 0xcd, 0xf2, 0xcc, 0x12, 0xcd, 0xf1, 0xc4, 0xd1, 0xbc, 0xb1, 0xbc,
    0x12, 0xc5, 0xf6, 0xdd, 0x77, 0xee, 0x57, 0xe6, 0x73, 0xcd, 0xf1, 0xbc,
    0x73, 0xd5, 0xf5, 0xd5, 0x33, 0xc5, 0xb4, 0xcd, 0xf5, 0xdd, 0x53, 0xcd,
    0x11, 0xbd, 0x93, 0xd5, 0xd4, 0xdd, 0x16, 0xde, 0xb4, 0xcd, 0x73, 0xcd,
    0x56, 0xe6, 0x98, 0xee, 0x98, 0xe6, 0x79, 0xe6, 0x78, 0xde, 0x54, 0xc5,
    0xee, 0x93, 0x0a, 0x73, 0x89, 0x62, 0xcd, 0x9b, 0x48, 0x5a, 0xf2, 0xbc,
    0xea, 0x6a, 0x0a, 0x83, 0xac, 0xa3, 0xeb, 0xa3, 0x0d, 0xa4, 0xcc, 0xa3,
    0x11, 0xcd, 0xcb, 0xab, 0x0c, 0xb4, 0x4d, 0xbc, 0xab, 0xa3, 0x08, 0x93,
    0x4c, 0xbc, 0xaa, 0xab, 0x69, 0xa3, 0xaa, 0xab, 0xeb, 0xb3, 0x0c, 0xb4,
    0x4d, 0xbc, 0x8e, 0xc4, 0xcf, 0xc4, 0x98, 0xf6, 0x71, 0xd5, 0x8e, 0xc4,
    0x10, 0xcd, 0xab, 0xa3, 0xef, 0xcc, 0x31, 0xdd, 0x8e, 0xc4, 0xeb, 0xab,
    0xf4, 0xe5, 0x4d, 0xbc, 0x2c, 0xbc, 0xd3, 0xdd, 0x92, 0xdd, 0x4d, 0xbc,
    0xd4, 0xdd, 0x92, 0xdd, 0xd0, 0xc4, 0x4a, 0x9b, 0x6e, 0xbc, 0x4c, 0xb4,
    0x8e, 0xc4, 0x8f, 0xbc, 0x8b, 0x9b, 0x56, 0xe6, 0x11, 0xbd, 0xef, 0xcc,
    0x0e, 0xa4, 0xe6, 0x51, 0x11, 0xcd, 0x26, 0x5a, 0x52, 0xcd, 0xb4, 0xd5,
    0x11, 0xbd, 0x4e, 0xa4, 0x94, 0xd5, 0xd9, 0xee, 0x52, 0xcd, 0xd4, 0xdd,
    0xf9, 0xf6, 0x8b, 0x93, 0x8f, 0xc4, 0xec, 0xab, 0x2d, 0xb4, 0x6a, 0x93,
    0x4a, 0x93, 0x8e, 0xc4, 0x8a, 0x9b, 0x49, 0x9b, 0xb9, 0xf6, 0x90, 0xb4,
    0x51, 0xd5, 0xd0, 0xbc, 0x2e, 0xac, 0x36, 0xe6, 0x11, 0xc5, 0xb4, 0xdd,
    0x76, 0xee, 0x6b, 0x93, 0x93, 0xdd, 0x6a, 0x9b, 0x11, 0xcd, 0xec, 0xab,
    0x4d, 0xbc, 0xaf, 0xc4, 0xcc, 0xa3, 0x15, 0xe6, 0x8e, 0xc4, 0x73, 0xd5,
    0x32, 0xd5, 0x57, 0xee, 0x11, 0xcd, 0xf4, 0xe5, 0x72, 0xd5, 0x16, 0xe6,
    0xfa, 0xf6, 0x9c, 0xff, 0xb8, 0xf6, 0x9c, 0xff, 0x3a, 0xff, 0x1a, 0xf7,
    0x5b, 0xff, 0x19, 0xff, 0x13, 0xf6, 0xd7, 0xfe, 0x96, 0xf6, 0x96, 0xf6,
    0xb6, 0xf6, 0xb7, 0xfe, 0xb7, 0xf6, 0xf8, 0xfe, 0xf9, 0xfe, 0xd8, 0xf6,
    0xf8, 0xfe, 0xf8, 0xf6, 0x5b, 0xff, 0xf9, 0xf6, 0xf9, 0xf6, 0x76, 0xf6,
    0x19, 0xff, 0xf9, 0xf6, 0x3a, 0xff, 0x97, 0xee, 0x97, 0xf6, 0x97, 0xf6,
    0x76, 0xf6, 0x35, 0xee, 0x96, 0xf6, 0x97, 0xf6, 0x77, 0xf6, 0x76, 0xee,
    0xb7, 0xf6, 0x96, 0xf6, 0xd7, 0xfe, 0xd8, 0xfe, 0xf8, 0xfe, 0x39, 0xff,
    0x19, 0xff, 0xb7, 0xfe, 0xd7, 0xfe, 0xf8, 0xfe, 0x39, 0xff, 0x18, 0xff,
    0xb7, 0xf6, 0xd8, 0xfe, 0xf8, 0xfe, 0xb7, 0xf6, 0xf8, 0xfe, 0xd7, 0xfe,
    0xf8, 0xfe, 0xb7, 0xf6, 0x76, 0xee, 0xf9, 0xf6, 0x7b, 0xff, 0x7b, 0xff,
    0x9c, 0xff, 0xbd, 0xff, 0x9c, 0xff, 0x5b, 0xff, 0x3b, 0xff, 0x5a, 0xff,
    0x3a, 0xf7, 0xfa, 0xf6, 0x1a, 0xf7, 0x3b, 0xf7, 0xfb, 0xee, 0xfa, 0xf6,
    0xfa, 0xee, 0x9a, 0xde, 0xbb, 0xe6, 0x3d, 0xef, 0x7d, 0xf7, 0x9e, 0xf7,
    0x7e, 0xf7, 0x7e, 0xf7, 0x9e, 0xf7, 0x9f, 0xf7, 0xbe, 0xf7, 0xbf, 0xff,
    0xbf, 0xff, 0xdf, 0xf7, 0xdf, 0xff, 0xbf, 0xff, 0xdf, 0xff, 0xdf, 0xff,
    0xdf, 0xff, 0xdf, 0xff, 0xdf, 0xff, 0xdf, 0xff, 0xdf, 0xff, 0xdf, 0xff,
    0xff, 0xff, 0xff, 0xff, 0xff, 0xff, 0xff, 0xff, 0xff, 0xff, 0xff, 0xff,
    0xff, 0xff, 0xff, 0xff, 0xff, 0xff, 0xff, 0xff, 0xff, 0xff, 0xff, 0xff,
    0xff, 0xff, 0xff, 0xff, 0xff, 0xff, 0xdf, 0xff, 0xdf, 0xff, 0xbe, 0xf7,
    0x9e, 0xf7, 0x5d, 0xf7, 0x5d, 0xef, 0x5c, 0xef, 0x3d, 0xef, 0x3c, 0xef,
    0x1c, 0xef, 0x1d, 0xef, 0x3d, 0xef, 0x7d, 0xef, 0x7d, 0xf7, 0x9e, 0xf7,
    0xbf, 0xff, 0xff, 0xff, 0xff, 0xff, 0xff, 0xff, 0xff, 0xff, 0xff, 0xff,
    0xff, 0xff, 0xff, 0xff, 0xff, 0xff, 0xff, 0xff, 0xff, 0xff, 0xff, 0xff,
    0xff, 0xff, 0xff, 0xff, 0xff, 0xff, 0xff, 0xff, 0xff, 0xff, 0xff, 0xff,
    0xff, 0xff, 0xff, 0xff, 0xff, 0xff, 0xff, 0xff, 0xff, 0xff, 0xff, 0xff,
    0xff, 0xff, 0x32, 0xcd, 0x12, 0xcd, 0x11, 0xc5, 0xf1, 0xc4, 0xf1, 0xcc,
    0xf1, 0xcc, 0xd1, 0xc4, 0xd1, 0xcc, 0xd1, 0xcc, 0xf1, 0xcc, 0xd1, 0xc4,
    0xb0, 0xc4, 0x90, 0xc4, 0x90, 0xcc, 0xd1, 0xcc, 0xd1, 0xcc, 0xd1, 0xcc,
    0x90, 0xcc, 0x90, 0xcc, 0x90, 0xcc, 0xb0, 0xc4, 0xb1, 0xcc, 0xd0, 0xcc,
    0xb0, 0xcc, 0x70, 0xcc, 0x70, 0xc4, 0x90, 0xc4, 0x6f, 0xc4, 0x6f, 0xc4,
    0xb0, 0xc4, 0xd1, 0xcc, 0xd1, 0xc4, 0xd0, 0xcc, 0xd1, 0xcc, 0xd1, 0xcc,
    0xf2, 0xcc, 0xf2, 0xcc, 0xf2, 0xcc, 0x32, 0xcd, 0x53, 0xd5, 0x73, 0xcd,
    0x73, 0xd5, 0x73, 0xcd, 0xd1, 0xbc, 0xd1, 0xbc, 0x73, 0xcd, 0xb5, 0xdd,
    0x53, 0xcd, 0x90, 0xb4, 0xd1, 0xbc, 0x93, 0xd5, 0x32, 0xc5, 0x11, 0xbd,
    0xf5, 0xdd, 0x94, 0xd5, 0x50, 0xa4, 0xd1, 0xbc, 0xb3, 0xdd, 0xd5, 0xd5,
    0x32, 0xc5, 0x33, 0xc5, 0xd4, 0xdd, 0x15, 0xde, 0x36, 0xde, 0x56, 0xe6,
    0x77, 0xe6, 0x74, 0xc5, 0xcd, 0x8b, 0xea, 0x72, 0xca, 0x6a, 0x0d, 0x9c,
    0x28, 0x52, 0x53, 0xc5, 0xc9, 0x72, 0x0d, 0xa4, 0x8e, 0xbc, 0x8b, 0x9b,
    0xab, 0xa3, 0x2e, 0xac, 0x8f, 0xb4, 0xec, 0xab, 0xec, 0xb3, 0xae, 0xcc,
    0xcb, 0xab, 0x09, 0x8b, 0xaa, 0xab, 0xeb, 0xb3, 0xcb, 0xb3, 0xca, 0xab,
    0xcb, 0xb3, 0x4d, 0xbc, 0x0c, 0xb4, 0x2d, 0xb4, 0x8e, 0xc4, 0x36, 0xe6,
    0x92, 0xdd, 0x10, 0xcd, 0x71, 0xdd, 0xab, 0xab, 0x30, 0xd5, 0x71, 0xd5,
    0x4d, 0xbc, 0xef, 0xcc, 0xef, 0xd4, 0x4c, 0xc4, 0xae, 0xc4, 0x6e, 0xbc,
    0x36, 0xee, 0xec, 0xb3, 0xd3, 0xdd, 0x15, 0xe6, 0x2c, 0xb4, 0xab, 0xa3,
    0x8e, 0xc4, 0x8e, 0xbc, 0x0d, 0xb4, 0xaf, 0xc4, 0x4d, 0xb4, 0x77, 0xee,
    0xcc, 0xa3, 0x92, 0xdd, 0x6b, 0x83, 0x8c, 0x93, 0x6f, 0xb4, 0x2e, 0xac,
    0xd0, 0xc4, 0x77, 0xe6, 0xcc, 0xa3, 0x56, 0xe6, 0x72, 0xd5, 0x77, 0xe6,
    0x72, 0xd5, 0xf5, 0xdd, 0x52, 0xcd, 0xcf, 0xc4, 0x6a, 0x93, 0x6d, 0xc4,
    0x4a, 0x93, 0xab, 0xa3, 0xaa, 0xab, 0x0c, 0xb4, 0x49, 0x9b, 0x35, 0xe6,
    0xd9, 0xe6, 0xf5, 0xe5, 0x6f, 0xb4, 0xd0, 0xc4, 0x53, 0xcd, 0x36, 0xe6,
    0x93, 0xd5, 0x1a, 0xff, 0x2d, 0xb4, 0xd4, 0xe5, 0x2d, 0xb4, 0x51, 0xdd,
    0x2a, 0x93, 0xcf, 0xc4, 0xaf, 0xcc, 0xab, 0xa3, 0xf5, 0xe5, 0xd0, 0xc4,
    0x72, 0xd5, 0x52, 0xcd, 0x35, 0xe6, 0x10, 0xcd, 0x57, 0xee, 0xb3, 0xd5,
    0xd8, 0xee, 0x1a, 0xf7, 0x1a, 0xf7, 0x7c, 0xff, 0x1a, 0xff, 0x5c, 0xff,
    0xf9, 0xf6, 0x1a, 0xf7, 0x96, 0xfe, 0x75, 0xf6, 0x76, 0xf6, 0xf8, 0xfe,
    0x97, 0xfe, 0x96, 0xf6, 0x19, 0xff, 0x18, 0xff, 0x19, 0xff, 0x3a, 0xf7,
    0xf9, 0xf6, 0x1a, 0xff, 0x3a, 0xff, 0x5b, 0xff, 0x3a, 0xff, 0x1a, 0xf7,
    0xb8, 0xf6, 0x19, 0xff, 0x3a, 0xff, 0x19, 0xff, 0x1a, 0xf7, 0xd8, 0xf6,
    0x97, 0xee, 0xb7, 0xf6, 0x35, 0xe6, 0xf8, 0xf6, 0x76, 0xf6, 0x76, 0xf6,
    0xb7, 0xfe, 0x97, 0xf6, 0xb7, 0xf6, 0xd7, 0xf6, 0xf8, 0xfe, 0xd8, 0xfe,
    0x19, 0xff, 0xd7, 0xfe, 0xb7, 0xf6, 0xf8, 0xfe, 0x19, 0xff, 0xf8, 0xfe,
    0xd7, 0xfe, 0xd8, 0xfe, 0x19, 0xff, 0xb7, 0xf6, 0x19, 0xff, 0xb7, 0xf6,
    0xf8, 0xfe, 0xd8, 0xfe, 0x97, 0xee, 0xd8, 0xf6, 0x18, 0xff, 0xf9, 0xfe,
    0x9c, 0xff, 0xbd, 0xff, 0x9c, 0xff, 0xbd, 0xff, 0xbd, 0xff, 0xbd, 0xff,
    0x9c, 0xff, 0x3b, 0xff, 0x3a, 0xff, 0x5b, 0xff, 0x7c, 0xff, 0x3b, 0xff,
    0xfa, 0xf6, 0x99, 0xe6, 0x59, 0xde, 0x9a, 0xd6, 0xdb, 0xe6, 0x5d, 0xef,
    0x7d, 0xef, 0x5d, 0xef, 0x5d, 0xf7, 0x7d, 0xef, 0x7d, 0xf7, 0x7e, 0xf7,
    0x9e, 0xf7, 0x9e, 0xf7, 0x9e, 0xf7, 0xbf, 0xf7, 0xbf, 0xf7, 0x9e, 0xf7,
    0xbf, 0xff, 0xbf, 0xf7, 0xbf, 0xf7, 0xdf, 0xff, 0xdf, 0xff, 0xbf, 0xff,
    0xff, 0xff, 0xdf, 0xff, 0xdf, 0xff, 0xdf, 0xff, 0xff, 0xff, 0xff, 0xff,
    0xff, 0xff, 0xff, 0xff, 0xff, 0xff, 0xff, 0xff, 0xff, 0xff, 0xff, 0xff,
    0xff, 0xff, 0xff, 0xff, 0xff, 0xff, 0xff, 0xff, 0xdf, 0xff, 0xbf, 0xff,
    0x9e, 0xf7, 0x9e, 0xf7, 0x7d, 0xf7, 0x5d, 0xf7, 0x3d, 0xef, 0x3c, 0xef,
    0x3d, 0xe7, 0x3c, 0xef, 0x3d, 0xef, 0x5c, 0xf7, 0x5d, 0xef, 0x7e, 0xf7,
    0x9e, 0xf7, 0xbf, 0xf7, 0xdf, 0xff, 0xff, 0xff, 0xff, 0xff, 0xff, 0xff,
    0xff, 0xff, 0xff, 0xff, 0xff, 0xff, 0xff, 0xff, 0xff, 0xff, 0xff, 0xff,
    0xff, 0xff, 0xff, 0xff, 0xff, 0xff, 0xff, 0xff, 0xff, 0xff, 0xff, 0xff,
    0xff, 0xff, 0xff, 0xff, 0xff, 0xff, 0xff, 0xff, 0xff, 0xff, 0xff, 0xff,
    0xff, 0xff, 0xff, 0xff, 0x32, 0xc5, 0xf2, 0xc4, 0xf1, 0xcc, 0x12, 0xc5,
    0x12, 0xcd, 0xf1, 0xcc, 0x11, 0xcd, 0xf1, 0xcc, 0xd1, 0xc4, 0xf0, 0xcc,
    0xd1, 0xcc, 0xd1, 0xc4, 0xd0, 0xcc, 0xf1, 0xcc, 0xf1, 0xcc, 0xd1, 0xcc,
    0xd1, 0xcc, 0xf1, 0xcc, 0xf1, 0xcc, 0xd1, 0xcc, 0xb0, 0xcc, 0x8f, 0xc4,
    0x6f, 0xcc, 0x90, 0xc4, 0xb0, 0xc4, 0xb0, 0xc4, 0xd0, 0xcc, 0xb0, 0xcc,
    0xb0, 0xcc, 0x90, 0xc4, 0x70, 0xc4, 0x90, 0xc4, 0x4f, 0xc4, 0x2e, 0xbc,
    0x2e, 0xb4, 0x2e, 0xbc, 0x4f, 0xbc, 0x6f, 0xbc, 0x90, 0xc4, 0x70, 0xbc,
    0x90, 0xbc, 0xd1, 0xc4, 0x11, 0xc5, 0x53, 0xd5, 0xf1, 0xc4, 0x90, 0xbc,
    0xb0, 0xb4, 0x52, 0xc5, 0x52, 0xcd, 0x90, 0xb4, 0x4f, 0xac, 0xd0, 0xbc,
    0xf1, 0xbc, 0x90, 0xac, 0x73, 0xcd, 0xf5, 0xdd, 0x90, 0xa4, 0x2f, 0xa4,
    0x93, 0xd5, 0x74, 0xcd, 0xb1, 0xb4, 0x11, 0xbd, 0xb3, 0xd5, 0xb3, 0xd5,
    0x73, 0xd5, 0x93, 0xd5, 0xb3, 0xcd, 0x12, 0xc5, 0xcd, 0x93, 0xca, 0x6a,
    0xca, 0x6a, 0x8b, 0x8b, 0x0f, 0x9c, 0x4f, 0xa4, 0x6a, 0x93, 0x0d, 0xb4,
    0xac, 0x9b, 0x0c, 0xac, 0xec, 0xab, 0xaf, 0xbc, 0xcb, 0xa3, 0x0c, 0xb4,
    0x69, 0x9b, 0x6d, 0xc4, 0xab, 0xab, 0x29, 0x9b, 0x4a, 0x9b, 0xaa, 0xab,
    0xaa, 0xab, 0xaa, 0xab, 0x6a, 0xa3, 0x6d, 0xc4, 0xae, 0xc4, 0xeb, 0xab,
    0xcf, 0xc4, 0xd0, 0xc4, 0xb3, 0xe5, 0x51, 0xd5, 0x31, 0xd5, 0x4d, 0xbc,
    0x51, 0xd5, 0x92, 0xdd, 0x8a, 0xab, 0x51, 0xdd, 0x4c, 0xb4, 0x4d, 0xbc,
    0x8e, 0xc4, 0x6d, 0xbc, 0x35, 0xe6, 0x0b, 0xb4, 0xb3, 0xdd, 0x94, 0xdd,
    0x2c, 0xbc, 0x8a, 0x9b, 0x72, 0xdd, 0xd0, 0xc4, 0x2c, 0xb4, 0xb0, 0xc4,
    0xcf, 0xbc, 0x32, 0xc5, 0xcc, 0xa3, 0xf1, 0xcc, 0xcc, 0x9b, 0x8f, 0xc4,
    0x2e, 0xac, 0x52, 0xcd, 0x2e, 0xa4, 0x56, 0xee, 0x32, 0xc5, 0x57, 0xe6,
    0xf5, 0xdd, 0xb3, 0xd5, 0x32, 0xcd, 0xd8, 0xf6, 0x6d, 0xbc, 0xec, 0xab,
    0x8b, 0xa3, 0xaf, 0xc4, 0xc8, 0x82, 0x49, 0x9b, 0x6d, 0xc4, 0x29, 0x8b,
    0xd0, 0xc4, 0x7d, 0xff, 0xd9, 0xf6, 0xf0, 0xbc, 0x31, 0xd5, 0xf1, 0xc4,
    0xb7, 0xf6, 0xd0, 0xbc, 0x1b, 0xf7, 0x11, 0xcd, 0xf6, 0xdd, 0xd0, 0xc4,
    0xf0, 0xcc, 0xec, 0xab, 0x8e, 0xc4, 0x4d, 0xc4, 0xec, 0xb3, 0xb3, 0xdd,
    0xaf, 0xc4, 0xef, 0xcc, 0x31, 0xd5, 0x93, 0xdd, 0x52, 0xd5, 0x56, 0xee,
    0x56, 0xee, 0xd8, 0xee, 0x3b, 0xff, 0x3a, 0xff, 0x9c, 0xff, 0xfa, 0xf6,
    0x5b, 0xff, 0x3a, 0xf7, 0x3b, 0xff, 0x55, 0xf6, 0x96, 0xfe, 0x76, 0xf6,
    0x19, 0xff, 0x96, 0xf6, 0x5a, 0xff, 0xb6, 0xf6, 0x5b, 0xff, 0xd7, 0xf6,
    0x3b, 0xff, 0x3a, 0xff, 0xf9, 0xf6, 0x7c, 0xff, 0x1a, 0xff, 0x7c, 0xff,
    0xd9, 0xf6, 0x7b, 0xff, 0x3a, 0xff, 0xf9, 0xf6, 0x5b, 0xff, 0xf8, 0xf6,
    0x76, 0xf6, 0xf9, 0xfe, 0x77, 0xee, 0xf9, 0xfe, 0xb8, 0xf6, 0x55, 0xee,
    0xd7, 0xf6, 0x35, 0xee, 0x76, 0xf6, 0x96, 0xf6, 0xd7, 0xfe, 0x96, 0xf6,
    0xd8, 0xfe, 0x19, 0xff, 0xb6, 0xfe, 0xf7, 0xfe, 0xd8, 0xfe, 0xb7, 0xfe,
    0xb7, 0xfe, 0xf8, 0xfe, 0x39, 0xff, 0xb8, 0xf6, 0x59, 0xff, 0xb7, 0xf6,
    0xb7, 0xf6, 0xd8, 0xf6, 0x35, 0xee, 0x97, 0xf6, 0xf9, 0xf6, 0x97, 0xf6,
    0x5b, 0xff, 0xbc, 0xff, 0x5b, 0xff, 0x9c, 0xff, 0xbd, 0xff, 0xbd, 0xff,
    0xbc, 0xff, 0x5b, 0xff, 0x3b, 0xff, 0x7c, 0xff, 0xbd, 0xff, 0x7c, 0xff,
    0x1a, 0xff, 0xb9, 0xee, 0x98, 0xe6, 0x58, 0xd6, 0x79, 0xd6, 0xbb, 0xde,
    0x1c, 0xef, 0x3c, 0xf7, 0x1c, 0xef, 0x1c, 0xe7, 0x1c, 0xe7, 0x3d, 0xef,
    0x3d, 0xef, 0x7e, 0xef, 0x7e, 0xf7, 0x7e, 0xf7, 0x7e, 0xf7, 0x9e, 0xef,
    0x9e, 0xf7, 0x7e, 0xf7, 0x7e, 0xf7, 0x9e, 0xf7, 0xbe, 0xf7, 0x9f, 0xf7,
    0xbf, 0xf7, 0xbf, 0xff, 0xdf, 0xff, 0xdf, 0xff, 0xdf, 0xff, 0xdf, 0xff,
    0xff, 0xff, 0xff, 0xff, 0xff, 0xff, 0xff, 0xff, 0xff, 0xff, 0xff, 0xff,
    0xff, 0xff, 0xff, 0xff, 0xff, 0xff, 0xff, 0xff, 0xdf, 0xff, 0xdf, 0xff,
    0xbf, 0xff, 0x9e, 0xf7, 0x9e, 0xf7, 0x5e, 0xf7, 0x5d, 0xef, 0x5d, 0xef,
    0x3c, 0xef, 0x3c, 0xef, 0x3c, 0xef, 0x3d, 0xef, 0x3c, 0xef, 0x5d, 0xef,
    0x7e, 0xf7, 0x9e, 0xf7, 0xdf, 0xff, 0xdf, 0xff, 0xdf, 0xff, 0xff, 0xff,
    0xff, 0xff, 0xff, 0xff, 0xff, 0xff, 0xff, 0xff, 0xff, 0xff, 0xff, 0xff,
    0xff, 0xff, 0xff, 0xff, 0xff, 0xff, 0xff, 0xff, 0xff, 0xff, 0xff, 0xff,
    0xff, 0xff, 0xff, 0xff, 0xff, 0xff, 0xff, 0xff, 0xff, 0xff, 0xff, 0xff,
    0xff, 0xff, 0xff, 0xff, 0xff, 0xff, 0x33, 0xcd, 0xf1, 0xc4, 0xd1, 0xc4,
    0xb1, 0xcc, 0xd0, 0xc4, 0xb1, 0xc4, 0xb0, 0xc4, 0xb0, 0xc4, 0xb0, 0xc4,
    0xb0, 0xcc, 0xd1, 0xc4, 0xf1, 0xcc, 0xf1, 0xcc, 0xd1, 0xcc, 0xb0, 0xcc,
    0x8f, 0xc4, 0x8f, 0xc4, 0x8f, 0xcc, 0x6f, 0xc4, 0x6f, 0xc4, 0x70, 0xc4,
    0x90, 0xc4, 0x6f, 0xc4, 0x6f, 0xc4, 0x6f, 0xc4, 0x90, 0xcc, 0xb0, 0xc4,
    0xd1, 0xcc, 0xd1, 0xc4, 0xd0, 0xc4, 0x90, 0xc4, 0x70, 0xc4, 0xb0, 0xc4,
    0x90, 0xbc, 0x2f, 0xb4, 0x0e, 0xbc, 0xee, 0xbb, 0x0e, 0xb4, 0x2e, 0xb4,
    0x6f, 0xbc, 0x90, 0xc4, 0x6f, 0xbc, 0x6f, 0xb4, 0x70, 0xbc, 0x4f, 0xbc,
    0x4f, 0xac, 0x0e, 0xac, 0x2e, 0xac, 0x4f, 0xb4, 0xb0, 0xbc, 0xb0, 0xbc,
    0x6f, 0xb4, 0x8f, 0xb4, 0x4f, 0xb4, 0xcd, 0x9b, 0x6f, 0xac, 0xd4, 0xd5,
    0xd1, 0xbc, 0xee, 0x9b, 0x11, 0xc5, 0x12, 0xc5, 0x4f, 0xa4, 0x6f, 0xac,
    0xd0, 0xc4, 0xf1, 0xbc, 0x8f, 0xb4, 0x51, 0xcd, 0x4f, 0xac, 0x0d, 0xa4,
    0xed, 0xa3, 0xac, 0x93, 0x6b, 0x8b, 0x0a, 0x7b, 0xb5, 0xcd, 0x2a, 0x83,
    0x6d, 0xbc, 0x6e, 0xbc, 0x6b, 0x93, 0xab, 0xa3, 0x8b, 0x9b, 0xaf, 0xbc,
    0xcb, 0xab, 0x2c, 0xbc, 0x29, 0x93, 0xca, 0xab, 0x0b, 0xbc, 0x49, 0x93,
    0x49, 0x9b, 0x49, 0xa3, 0x6a, 0xa3, 0xeb, 0xb3, 0x8a, 0xab, 0x4d, 0xbc,
    0xef, 0xc4, 0x0c, 0xb4, 0x8d, 0xc4, 0xec, 0xab, 0x31, 0xcd, 0x92, 0xdd,
    0xaf, 0xc4, 0xae, 0xcc, 0xcf, 0xc4, 0x0f, 0xd5, 0xf0, 0xcc, 0xef, 0xcc,
    0x2c, 0xbc, 0xae, 0xcc, 0x2c, 0xbc, 0xef, 0xc4, 0xb3, 0xdd, 0x4d, 0xbc,
    0x93, 0xdd, 0x8d, 0xbc, 0x4d, 0xc4, 0x4a, 0x9b, 0xb3, 0xdd, 0x8f, 0xbc,
    0x8f, 0xbc, 0xf0, 0xc4, 0xb3, 0xd5, 0xcc, 0xa3, 0x6e, 0xbc, 0x0d, 0xac,
    0xcc, 0x93, 0xf0, 0xc4, 0xf0, 0xc4, 0x0e, 0xa4, 0x8e, 0xbc, 0x37, 0xde,
    0xf5, 0xdd, 0x73, 0xd5, 0xb3, 0xdd, 0x92, 0xdd, 0xd5, 0xe5, 0xd5, 0xdd,
    0x6e, 0xbc, 0xab, 0xa3, 0xcc, 0xab, 0xcc, 0xab, 0x4a, 0x93, 0xab, 0xab,
    0x2d, 0xb4, 0xaf, 0xc4, 0xd9, 0xf6, 0xfa, 0xee, 0xf5, 0xdd, 0x72, 0xd5,
    0x73, 0xd5, 0x35, 0xe6, 0x16, 0xde, 0xb9, 0xee, 0xf5, 0xe5, 0xb4, 0xd5,
    0x72, 0xd5, 0x6e, 0xcc, 0xcf, 0xcc, 0xab, 0xa3, 0x0d, 0xbc, 0x2c, 0xbc,
    0xb2, 0xe5, 0x6d, 0xc4, 0xae, 0xcc, 0xd0, 0xcc, 0x51, 0xd5, 0xf4, 0xe5,
    0x35, 0xe6, 0xb8, 0xf6, 0x57, 0xee, 0x3a, 0xf7, 0x9c, 0xff, 0x5b, 0xff,
    0x1a, 0xff, 0x9c, 0xff, 0x19, 0xff, 0x1a, 0xff, 0x55, 0xf6, 0xb7, 0xf6,
    0xd8, 0xfe, 0xb7, 0xf6, 0x5b, 0xff, 0x97, 0xf6, 0x19, 0xff, 0x3a, 0xff,
    0x5b, 0xff, 0x3b, 0xff, 0x19, 0xff, 0x5b, 0xff, 0x5c, 0xff, 0x9c, 0xff,
    0xf9, 0xf6, 0x7b, 0xff, 0x3b, 0xff, 0x3a, 0xff, 0x3a, 0xf7, 0x5a, 0xff,
    0x97, 0xf6, 0xf8, 0xf6, 0x97, 0xf6, 0x19, 0xff, 0xf8, 0xfe, 0x15, 0xee,
    0xb7, 0xf6, 0x34, 0xee, 0x56, 0xee, 0x97, 0xfe, 0x77, 0xf6, 0x97, 0xf6,
    0xf8, 0xf6, 0x59, 0xff, 0xb7, 0xfe, 0x76, 0xf6, 0xb7, 0xfe, 0x76, 0xf6,
    0x96, 0xf6, 0xb7, 0xfe, 0x18, 0xff, 0xf9, 0xfe, 0x39, 0xff, 0x96, 0xf6,
    0x96, 0xf6, 0x96, 0xf6, 0x56, 0xee, 0x76, 0xee, 0xd9, 0xfe, 0xb8, 0xf6,
    0x19, 0xf7, 0x5a, 0xff, 0x18, 0xff, 0x5b, 0xff, 0x9c, 0xff, 0x9c, 0xff,
    0xbd, 0xff, 0xbc, 0xff, 0x9b, 0xff, 0x7c, 0xff, 0x9c, 0xff, 0x7b, 0xff,
    0x3a, 0xff, 0xf9, 0xfe, 0x98, 0xee, 0x78, 0xe6, 0x78, 0xe6, 0x79, 0xde,
    0xda, 0xe6, 0x1c, 0xef, 0xfc, 0xee, 0xdb, 0xe6, 0x9b, 0xde, 0xdb, 0xde,
    0xfc, 0xe6, 0x1d, 0xe7, 0x3c, 0xef, 0x5d, 0xef, 0x5d, 0xef, 0x5d, 0xef,
    0x5d, 0xf7, 0x5e, 0xef, 0x7e, 0xef, 0x7e, 0xef, 0x7e, 0xf7, 0x7e, 0xf7,
    0x9e, 0xf7, 0x9e, 0xf7, 0x9e, 0xf7, 0x9e, 0xf7, 0xbe, 0xf7, 0xbf, 0xf7,
    0xbf, 0xff, 0xdf, 0xff, 0xdf, 0xff, 0xdf, 0xff, 0xdf, 0xff, 0xff, 0xff,
    0xff, 0xff, 0xff, 0xff, 0xff, 0xff, 0xff, 0xff, 0xdf, 0xff, 0xdf, 0xff,
    0xbf, 0xff, 0xbe, 0xff, 0x9e, 0xf7, 0x7d, 0xf7, 0x5d, 0xf7, 0x5c, 0xef,
    0x3d, 0xef, 0x3c, 0xef, 0x1c, 0xef, 0x3d, 0xef, 0x3c, 0xef, 0x3d, 0xef,
    0x5d, 0xef, 0x7d, 0xf7, 0x7e, 0xf7, 0xbe, 0xff, 0xdf, 0xff, 0xdf, 0xff,
    0xff, 0xff, 0xff, 0xff, 0xff, 0xff, 0xff, 0xff, 0xff, 0xff, 0xff, 0xff,
    0xff, 0xff, 0xff, 0xff, 0xff, 0xff, 0xff, 0xff, 0xff, 0xff, 0xff, 0xff,
    0xff, 0xff, 0xff, 0xff, 0xff, 0xff, 0xff, 0xff, 0xff, 0xff, 0xff, 0xff,
    0xff, 0xff, 0xff, 0xff, 0xff, 0xff, 0xff, 0xff, 0x53, 0xc5, 0x12, 0xc5,
    0xf1, 0xc4, 0xb0, 0xc4, 0x90, 0xc4, 0x90, 0xc4, 0x90, 0xc4, 0xb0, 0xcc,
    0xf1, 0xcc, 0xd1, 0xcc, 0xd1, 0xcc, 0xd1, 0xcc, 0xb0, 0xc4, 0x90, 0xc4,
    0x70, 0xc4, 0x90, 0xc4, 0x70, 0xc4, 0x6f, 0xc4, 0x90, 0xc4, 0xd1, 0xcc,
    0xf1, 0xcc, 0xd1, 0xcc, 0xf1, 0xcc, 0xb0, 0xc4, 0xb0, 0xc4, 0x90, 0xc4,
    0x70, 0xc4, 0x4f, 0xbc, 0x70, 0xbc, 0x90, 0xc4, 0x4f, 0xbc, 0x70, 0xbc,
    0x70, 0xc4, 0xd1, 0xc4, 0xb1, 0xc4, 0x6f, 0xbc, 0x70, 0xbc, 0x90, 0xc4,
    0xb0, 0xc4, 0x90, 0xc4, 0x90, 0xc4, 0x6f, 0xbc, 0x70, 0xbc, 0x6f, 0xbc,
    0x70, 0xbc, 0xb0, 0xbc, 0xd0, 0xbc, 0x2e, 0xb4, 0xad, 0x9b, 0x6c, 0x93,
    0x8c, 0x93, 0xcd, 0x9b, 0x0e, 0xac, 0x2e, 0xac, 0x2e, 0xac, 0xad, 0x93,
    0x6c, 0x8b, 0x12, 0xc5, 0x32, 0xc5, 0xcd, 0x93, 0x4f, 0xa4, 0x8f, 0xb4,
    0xad, 0x93, 0xad, 0x8b, 0xcd, 0x93, 0x2e, 0xac, 0x6f, 0xac, 0xaf, 0xbc,
    0x8c, 0x93, 0x0a, 0x7b, 0xc9, 0x6a, 0xe9, 0x72, 0xac, 0x93, 0xac, 0x93,
    0x73, 0xc5, 0x09, 0x83, 0xcc, 0xa3, 0x2d, 0xb4, 0xec, 0xb3, 0xab, 0xa3,
    0x8b, 0x9b, 0x4d, 0xb4, 0x29, 0x93, 0x0c, 0xbc, 0xaa, 0xab, 0xe8, 0x92,
    0xcb, 0xb3, 0x0b, 0xb4, 0xeb, 0xb3, 0x69, 0xa3, 0x6a, 0xa3, 0xaa, 0xab,
    0x0c, 0xb4, 0xcf, 0xcc, 0x72, 0xdd, 0xf0, 0xcc, 0xae, 0xc4, 0x0c, 0xb4,
    0x4d, 0xb4, 0xb2, 0xe5, 0x10, 0xcd, 0xae, 0xc4, 0x6e, 0xbc, 0xaf, 0xcc,
    0xd3, 0xe5, 0x6d, 0xc4, 0xae, 0xc4, 0xaf, 0xcc, 0xae, 0xcc, 0x51, 0xd5,
    0xd3, 0xe5, 0xec, 0xab, 0xb3, 0xdd, 0x8f, 0xc4, 0x8e, 0xbc, 0x8a, 0xab,
    0xd3, 0xdd, 0x6a, 0x93, 0x73, 0xdd, 0xaf, 0xbc, 0x52, 0xcd, 0x6f, 0xbc,
    0x6a, 0x93, 0xcc, 0xa3, 0x72, 0xcd, 0x8e, 0xbc, 0x11, 0xcd, 0x88, 0x72,
    0x15, 0xe6, 0x15, 0xde, 0xd4, 0xd5, 0x56, 0xe6, 0xef, 0xcc, 0xf0, 0xcc,
    0xb7, 0xee, 0x10, 0xcd, 0x29, 0x93, 0x8e, 0xc4, 0x2c, 0xbc, 0xab, 0xa3,
    0x29, 0x9b, 0x6d, 0xbc, 0xb2, 0xdd, 0x77, 0xee, 0xb8, 0xee, 0xd9, 0xee,
    0x32, 0xd5, 0x15, 0xde, 0x36, 0xe6, 0x36, 0xe6, 0x77, 0xe6, 0x57, 0xe6,
    0x57, 0xee, 0x52, 0xd5, 0xec, 0xb3, 0x0f, 0xcd, 0xcc, 0xab, 0x4d, 0xbc,
    0x0c, 0xb4, 0xb2, 0xe5, 0x4d, 0xc4, 0x8e, 0xcc, 0xf0, 0xcc, 0x52, 0xd5,
    0x15, 0xe6, 0x35, 0xee, 0xd9, 0xf6, 0x77, 0xee, 0x1a, 0xf7, 0x7c, 0xff,
    0x5b, 0xff, 0x3a, 0xff, 0x9c, 0xff, 0xd8, 0xf6, 0xf9, 0xfe, 0xf8, 0xfe,
    0x76, 0xf6, 0xd7, 0xfe, 0x39, 0xff, 0x19, 0xff, 0xd8, 0xfe, 0x5b, 0xff,
    0x9c, 0xff, 0x5b, 0xff, 0x3b, 0xff, 0x5b, 0xf7, 0x7c, 0xff, 0x5b, 0xff,
    0x3b, 0xf7, 0x5b, 0xff, 0x3b, 0xff, 0x5b, 0xff, 0x3a, 0xf7, 0x7c, 0xff,
    0xd9, 0xf6, 0x3a, 0xff, 0x97, 0xf6, 0x1a, 0xff, 0x5a, 0xff, 0x35, 0xe6,
    0x76, 0xf6, 0x56, 0xee, 0x76, 0xf6, 0xb7, 0xf6, 0x76, 0xf6, 0x56, 0xf6,
    0xb7, 0xf6, 0x39, 0xff, 0xd7, 0xfe, 0x55, 0xf6, 0x76, 0xfe, 0x34, 0xf6,
    0x96, 0xf6, 0x56, 0xf6, 0xf8, 0xfe, 0xf8, 0xf6, 0xf8, 0xfe, 0x76, 0xf6,
    0x56, 0xee, 0x76, 0xee, 0xd7, 0xf6, 0x35, 0xe6, 0x96, 0xf6, 0xf8, 0xfe,
    0x97, 0xf6, 0x39, 0xff, 0xd8, 0xf6, 0x3a, 0xf7, 0x39, 0xff, 0x5a, 0xff,
    0x9c, 0xff, 0xbc, 0xff, 0xbd, 0xff, 0x9c, 0xff, 0x7c, 0xff, 0x5a, 0xff,
    0x3a, 0xff, 0xf9, 0xfe, 0xf8, 0xfe, 0xf9, 0xf6, 0xd9, 0xf6, 0xb8, 0xee,
    0xb9, 0xee, 0xda, 0xee, 0xda, 0xe6, 0xba, 0xe6, 0x79, 0xd6, 0x59, 0xd6,
    0x9a, 0xde, 0xdb, 0xe6, 0xfb, 0xee, 0xfc, 0xe6, 0x1c, 0xef, 0x1d, 0xe7,
    0x3d, 0xe7, 0x1d, 0xef, 0x1d, 0xef, 0x3d, 0xef, 0x5d, 0xef, 0x3d, 0xef,
    0x5d, 0xef, 0x7d, 0xef, 0x7e, 0xef, 0x7e, 0xef, 0x7e, 0xf7, 0x9e, 0xf7,
    0x9f, 0xf7, 0xbf, 0xf7, 0xbe, 0xf7, 0xbf, 0xff, 0xbf, 0xff, 0xdf, 0xff,
    0xdf, 0xff, 0xdf, 0xff, 0xdf, 0xff, 0xdf, 0xff, 0xdf, 0xff, 0xdf, 0xff,
    0xdf, 0xff, 0xbf, 0xf7, 0x9e, 0xf7, 0x9e, 0xf7, 0x7d, 0xf7, 0x5d, 0xef,
    0x3c, 0xef, 0x3c, 0xef, 0x1c, 0xef, 0x1c, 0xef, 0x3c, 0xe7, 0x3c, 0xef,
    0x3d, 0xef, 0x5d, 0xef, 0x7e, 0xef, 0x9e, 0xf7, 0xbf, 0xff, 0xbf, 0xff,
    0xff, 0xff, 0xff, 0xff, 0xff, 0xff, 0xff, 0xff, 0xff, 0xff, 0xff, 0xff,
    0xff, 0xff, 0xff, 0xff, 0xff, 0xff, 0xff, 0xff, 0xff, 0xff, 0xff, 0xff,
    0xff, 0xff, 0xff, 0xff, 0xff, 0xff, 0xff, 0xff, 0xff, 0xff, 0xff, 0xff,
    0xff, 0xff, 0xff, 0xff, 0xff, 0xff, 0xff, 0xff, 0xff, 0xff, 0x12, 0xc5,
    0xf2, 0xc4, 0xf1, 0xc4, 0xd1, 0xcc, 0xb0, 0xc4, 0xb0, 0xc4, 0xd1, 0xcc,
    0xd0, 0xc4, 0xb0, 0xc4, 0x90, 0xc4, 0x90, 0xc4, 0x90, 0xc4, 0x90, 0xc4,
    0xaf, 0xc4, 0x8f, 0xcc, 0x8f, 0xcc, 0xb0, 0xc4, 0xd1, 0xcc, 0xf1, 0xcc,
    0x90, 0xc4, 0x6f, 0xc4, 0x6f, 0xc4, 0x90, 0xc4, 0xd1, 0xcc, 0xb1, 0xc4,
    0xb1, 0xc4, 0xb1, 0xc4, 0xd0, 0xc4, 0xf1, 0xcc, 0x12, 0xcd, 0xf2, 0xc4,
    0xb0, 0xc4, 0x6f, 0xbc, 0x6f, 0xc4, 0xb0, 0xc4, 0xd1, 0xc4, 0xd0, 0xc4,
    0x6f, 0xbc, 0xee, 0xb3, 0xee, 0xab, 0x0e, 0xb4, 0x2e, 0xb4, 0xee, 0xa3,
    0xcd, 0xab, 0xcd, 0xa3, 0x0e, 0xac, 0x4f, 0xac, 0xd1, 0xbc, 0x12, 0xc5,
    0xf1, 0xbc, 0xb1, 0xb4, 0x4f, 0xac, 0x2f, 0xa4, 0x2f, 0xac, 0x6f, 0xac,
    0xb0, 0xb4, 0x90, 0xbc, 0x4f, 0xac, 0x53, 0xc5, 0xb4, 0xd5, 0x4f, 0xac,
    0xcd, 0x93, 0xad, 0x93, 0x4b, 0x83, 0x0b, 0x7b, 0x4b, 0x7b, 0xad, 0x9b,
    0x0d, 0xa4, 0xec, 0xa3, 0x8b, 0x93, 0x0a, 0x7b, 0xea, 0x7a, 0xc9, 0x7a,
    0x6b, 0x93, 0x32, 0xc5, 0x90, 0xac, 0x8a, 0x9b, 0x8a, 0x9b, 0xec, 0xab,
    0x2c, 0xb4, 0x8a, 0x9b, 0xcc, 0xa3, 0xab, 0xa3, 0xc8, 0x82, 0xaa, 0xa3,
    0x4c, 0xc4, 0x09, 0x93, 0xc8, 0x8a, 0x2c, 0xbc, 0x4c, 0xbc, 0x4a, 0x9b,
    0xaa, 0xab, 0xca, 0xab, 0x8a, 0xa3, 0x2c, 0xbc, 0xaf, 0xc4, 0x52, 0xd5,
    0x30, 0xcd, 0x6d, 0xc4, 0x0d, 0xac, 0xd3, 0xe5, 0xef, 0xc4, 0x51, 0xd5,
    0x8e, 0xbc, 0x92, 0xe5, 0xf3, 0xdd, 0xeb, 0xab, 0xeb, 0xab, 0x4d, 0xc4,
    0x30, 0xd5, 0x10, 0xcd, 0x51, 0xd5, 0x2d, 0xbc, 0xf0, 0xcc, 0x4e, 0xbc,
    0xcf, 0xcc, 0x51, 0xd5, 0xf0, 0xcc, 0xed, 0xab, 0xb3, 0xdd, 0x8f, 0xbc,
    0xb3, 0xd5, 0xb0, 0xb4, 0x4d, 0xb4, 0xb0, 0xbc, 0x11, 0xc5, 0x6e, 0xb4,
    0x0e, 0xac, 0xed, 0xa3, 0xb7, 0xf6, 0xf0, 0xc4, 0x98, 0xee, 0x0d, 0xac,
    0x72, 0xdd, 0xf5, 0xdd, 0x14, 0xe6, 0x8c, 0xa3, 0xcb, 0xb3, 0x6a, 0x9b,
    0x6e, 0xc4, 0x8a, 0xa3, 0x0c, 0xb4, 0x93, 0xdd, 0xd9, 0xf6, 0xd9, 0xee,
    0xb9, 0xee, 0x52, 0xd5, 0xd8, 0xf6, 0x57, 0xe6, 0x77, 0xe6, 0x15, 0xe6,
    0x16, 0xe6, 0x1a, 0xff, 0x73, 0xd5, 0x8e, 0xc4, 0xcf, 0xcc, 0x0d, 0xb4,
    0x6d, 0xc4, 0x8b, 0xab, 0x92, 0xdd, 0x4d, 0xc4, 0x4d, 0xcc, 0xd0, 0xcc,
    0x31, 0xd5, 0x55, 0xee, 0xf5, 0xe5, 0xd8, 0xf6, 0x36, 0xee, 0x3a, 0xff,
    0x3a, 0xff, 0x7c, 0xff, 0x5b, 0xf7, 0x3a, 0xff, 0xb8, 0xf6, 0x1a, 0xff,
    0x76, 0xf6, 0xb7, 0xf6, 0xd7, 0xfe, 0x5b, 0xff, 0xd8, 0xf6, 0xf8, 0xfe,
    0x7c, 0xff, 0x3b, 0xff, 0x5b, 0xff, 0x7b, 0xff, 0x9d, 0xff, 0x5c, 0xff,
    0x7c, 0xff, 0x7b, 0xf7, 0x1b, 0xff, 0x7c, 0xff, 0x5a, 0xff, 0x7c, 0xff,
    0x5c, 0xff, 0x3b, 0xff, 0xb8, 0xf6, 0x19, 0xf7, 0x5b, 0xff, 0xf9, 0xfe,
    0xf8, 0xf6, 0xd8, 0xf6, 0x76, 0xee, 0x96, 0xf6, 0x96, 0xf6, 0x55, 0xee,
    0xd8, 0xfe, 0x18, 0xff, 0xb6, 0xfe, 0x55, 0xf6, 0x55, 0xf6, 0x34, 0xf6,
    0xd3, 0xe5, 0x75, 0xfe, 0xb7, 0xfe, 0xf7, 0xfe, 0x97, 0xf6, 0x35, 0xee,
    0x15, 0xe6, 0x77, 0xee, 0xd8, 0xfe, 0x35, 0xe6, 0x35, 0xee, 0xf8, 0xfe,
    0x36, 0xe6, 0xf8, 0xf6, 0x97, 0xee, 0xf8, 0xf6, 0xd8, 0xf6, 0x3a, 0xff,
    0x7b, 0xff, 0x7b, 0xff, 0x9c, 0xff, 0xbc, 0xff, 0x9c, 0xff, 0x9b, 0xff,
    0x5b, 0xff, 0x5a, 0xff, 0x19, 0xff, 0x3a, 0xff, 0x3a, 0xff, 0xf9, 0xf6,
    0xb8, 0xf6, 0x99, 0xee, 0xd9, 0xee, 0xb9, 0xe6, 0x58, 0xd6, 0x38, 0xd6,
    0x18, 0xce, 0x59, 0xd6, 0xba, 0xe6, 0xfb, 0xe6, 0xdb, 0xe6, 0xdb, 0xde,
    0xdb, 0xe6, 0xdb, 0xe6, 0xfb, 0xe6, 0x1c, 0xe7, 0x1b, 0xe7, 0x1c, 0xe7,
    0x1c, 0xe7, 0x1c, 0xe7, 0x3d, 0xef, 0x3d, 0xef, 0x3d, 0xef, 0x5d, 0xef,
    0x7d, 0xef, 0x7d, 0xf7, 0x7e, 0xf7, 0x9e, 0xef, 0x9e, 0xf7, 0xbf, 0xf7,
    0xbe, 0xf7, 0xbf, 0xff, 0xbf, 0xf7, 0xdf, 0xff, 0xdf, 0xff, 0xbf, 0xff,
    0xbf, 0xff, 0xbe, 0xff, 0x9e, 0xf7, 0x9e, 0xf7, 0x7d, 0xf7, 0x3e, 0xef,
    0x5d, 0xef, 0x3c, 0xef, 0x1d, 0xe7, 0x3c, 0xe7, 0x1c, 0xef, 0x1c, 0xef,
    0x3c, 0xef, 0x3c, 0xef, 0x5d, 0xf7, 0x5d, 0xf7, 0x9e, 0xf7, 0xbe, 0xf7,
    0xdf, 0xff, 0xdf, 0xff, 0xff, 0xff, 0xff, 0xff, 0xff, 0xff, 0xff, 0xff,
    0xff, 0xff, 0xff, 0xff, 0xff, 0xff, 0xff, 0xff, 0xff, 0xff, 0xff, 0xff,
    0xff, 0xff, 0xff, 0xff, 0xff, 0xff, 0xff, 0xff, 0xff, 0xff, 0xff, 0xff,
    0xff, 0xff, 0xff, 0xff, 0xff, 0xff, 0xff, 0xff, 0xff, 0xff, 0xff, 0xff,
    0x53, 0xcd, 0xf1, 0xcc, 0xd1, 0xc4, 0xb0, 0xc4, 0xb0, 0xc4, 0xb0, 0xc4,
    0x90, 0xc4, 0x90, 0xc4, 0xb0, 0xcc, 0xb0, 0xc4, 0xb0, 0xc4, 0xb0, 0xcc,
    0xaf, 0xcc, 0x90, 0xcc, 0xb0, 0xc4, 0xd1, 0xcc, 0xf1, 0xcc, 0xd0, 0xc4,
    0x8f, 0xc4, 0x6f, 0xc4, 0x70, 0xc4, 0x90, 0xc4, 0xb0, 0xc4, 0x90, 0xc4,
    0xb0, 0xc4, 0xf1, 0xcc, 0xd1, 0xcc, 0xb1, 0xc4, 0x4f, 0xbc, 0x6f, 0xbc,
    0x90, 0xc4, 0xf1, 0xc4, 0xd1, 0xc4, 0x90, 0xbc, 0x2f, 0xbc, 0x2f, 0xb4,
    0x2f, 0xb4, 0x0e, 0xac, 0x0e, 0xb4, 0x2e, 0xbc, 0x4f, 0xb4, 0x90, 0xbc,
    0x6f, 0xbc, 0x0e, 0xb4, 0xee, 0xa3, 0xad, 0xa3, 0x8c, 0x9b, 0x6c, 0x9b,
    0xac, 0x93, 0xcd, 0x9b, 0x0e, 0xa4, 0x90, 0xb4, 0xb0, 0xac, 0xd1, 0xbc,
    0xd0, 0xbc, 0x4f, 0xa4, 0xcd, 0x93, 0x8c, 0x8b, 0x6b, 0x8b, 0xee, 0x93,
    0x12, 0xbd, 0x36, 0xe6, 0x32, 0xbd, 0xad, 0x93, 0x4b, 0x8b, 0x4b, 0x8b,
    0x6b, 0x8b, 0xac, 0x93, 0x8c, 0x93, 0xac, 0x9b, 0xec, 0xa3, 0x4a, 0x8b,
    0x0a, 0x7b, 0xea, 0x7a, 0x2a, 0x83, 0xb5, 0xcd, 0xed, 0xa3, 0xaa, 0xa3,
    0xec, 0xab, 0xec, 0xab, 0x4d, 0xbc, 0x6a, 0x9b, 0x4d, 0xbc, 0x8a, 0x9b,
    0xc8, 0x8a, 0x09, 0x93, 0xea, 0xb3, 0x69, 0xa3, 0x08, 0x93, 0x8a, 0xa3,
    0x2c, 0xc4, 0xca, 0xab, 0xec, 0xb3, 0x0b, 0xbc, 0xab, 0xab, 0x6d, 0xbc,
    0xaa, 0x9b, 0x71, 0xdd, 0x30, 0xd5, 0x0d, 0xb4, 0xae, 0xc4, 0x31, 0xdd,
    0xf4, 0xe5, 0xcf, 0xc4, 0xae, 0xc4, 0xb8, 0xf6, 0x14, 0xe6, 0xaa, 0xab,
    0xcb, 0xab, 0xae, 0xcc, 0x72, 0xdd, 0x92, 0xdd, 0xeb, 0xb3, 0x30, 0xd5,
    0x8e, 0xc4, 0x0c, 0xac, 0xcf, 0xc4, 0xb3, 0xdd, 0x4d, 0xb4, 0xd0, 0xbc,
    0x72, 0xdd, 0xcf, 0xc4, 0x93, 0xd5, 0x6b, 0x93, 0x72, 0xd5, 0xf0, 0xc4,
    0x0d, 0xa4, 0xaf, 0xc4, 0xab, 0x9b, 0x36, 0xe6, 0xf5, 0xdd, 0x14, 0xde,
    0x53, 0xcd, 0x51, 0xd5, 0xb3, 0xdd, 0x30, 0xcd, 0xd4, 0xe5, 0xe8, 0x92,
    0x8e, 0xc4, 0xab, 0xab, 0xce, 0xcc, 0xcf, 0xc4, 0x4d, 0xb4, 0x1a, 0xf7,
    0x57, 0xe6, 0x5a, 0xf7, 0x94, 0xdd, 0x57, 0xee, 0x56, 0xe6, 0x3b, 0xff,
    0x76, 0xee, 0xf4, 0xdd, 0x7b, 0xff, 0x92, 0xd5, 0x51, 0xd5, 0x4e, 0xbc,
    0x4d, 0xbc, 0xcf, 0xd4, 0xec, 0xbb, 0x92, 0xdd, 0x4d, 0xc4, 0x6e, 0xcc,
    0xf0, 0xd4, 0x72, 0xdd, 0x14, 0xe6, 0x14, 0xee, 0xd8, 0xf6, 0xf5, 0xe5,
    0xd8, 0xf6, 0x5a, 0xff, 0x5b, 0xff, 0x5b, 0xff, 0xb8, 0xf6, 0x5a, 0xff,
    0x3a, 0xff, 0xd4, 0xed, 0xf9, 0xfe, 0xf9, 0xf6, 0x5b, 0xff, 0x19, 0xff,
    0xf9, 0xf6, 0xbd, 0xff, 0x3a, 0xff, 0x9c, 0xff, 0x7c, 0xf7, 0x7d, 0xff,
    0x5c, 0xff, 0x5b, 0xff, 0x3b, 0xff, 0x9c, 0xff, 0x9d, 0xff, 0x7b, 0xff,
    0x7c, 0xff, 0x5b, 0xff, 0xfa, 0xf6, 0x3a, 0xff, 0x3a, 0xff, 0x1a, 0xf7,
    0x1a, 0xff, 0x97, 0xee, 0x76, 0xee, 0x56, 0xf6, 0xd8, 0xfe, 0x35, 0xee,
    0xd7, 0xfe, 0xf8, 0xfe, 0x96, 0xf6, 0x76, 0xf6, 0x34, 0xf6, 0x54, 0xfe,
    0x91, 0xe5, 0x13, 0xee, 0x75, 0xfe, 0x75, 0xf6, 0x55, 0xf6, 0xf4, 0xed,
    0xf3, 0xe5, 0xd4, 0xdd, 0xb6, 0xfe, 0xb3, 0xdd, 0x93, 0xd5, 0xf8, 0xfe,
    0xf4, 0xdd, 0x35, 0xe6, 0x56, 0xe6, 0x97, 0xee, 0x96, 0xf6, 0xf9, 0xfe,
    0x3a, 0xff, 0x5b, 0xff, 0x9b, 0xff, 0x7c, 0xff, 0x9b, 0xff, 0x7b, 0xff,
    0x9b, 0xff, 0x9b, 0xff, 0x7b, 0xff, 0x5b, 0xff, 0x3a, 0xff, 0x19, 0xff,
    0xd8, 0xfe, 0xb9, 0xf6, 0xd8, 0xf6, 0xb9, 0xee, 0x98, 0xee, 0x99, 0xe6,
    0x58, 0xde, 0x17, 0xd6, 0x18, 0xce, 0x79, 0xde, 0x9a, 0xde, 0xbb, 0xde,
    0x9a, 0xde, 0xba, 0xde, 0xbb, 0xde, 0xba, 0xde, 0xdb, 0xde, 0xbb, 0xde,
    0xdb, 0xe6, 0xdb, 0xe6, 0xdc, 0xde, 0xfb, 0xe6, 0xfb, 0xe6, 0x1c, 0xe7,
    0x1c, 0xef, 0x1c, 0xe7, 0x3d, 0xef, 0x3d, 0xef, 0x5d, 0xef, 0x5e, 0xef,
    0x7d, 0xf7, 0x9e, 0xf7, 0x7e, 0xf7, 0x9e, 0xf7, 0xbe, 0xf7, 0x9e, 0xf7,
    0x9e, 0xf7, 0x9e, 0xf7, 0x9e, 0xf7, 0x9e, 0xf7, 0x7d, 0xf7, 0x7d, 0xef,
    0x5d, 0xef, 0x3c, 0xef, 0x3d, 0xef, 0x1c, 0xef, 0x3c, 0xef, 0x1c, 0xe7,
    0x3c, 0xe7, 0x3c, 0xef, 0x3c, 0xef, 0x5d, 0xef, 0x5e, 0xef, 0x7e, 0xf7,
    0xbe, 0xf7, 0xbf, 0xff, 0xdf, 0xff, 0xff, 0xff, 0xff, 0xff, 0xff, 0xff,
    0xff, 0xff, 0xff, 0xff, 0xff, 0xff, 0xff, 0xff, 0xff, 0xff, 0xff, 0xff,
    0xff, 0xff, 0xff, 0xff, 0xff, 0xff, 0xff, 0xff, 0xff, 0xff, 0xff, 0xff,
    0xff, 0xff, 0xff, 0xff, 0xff, 0xff, 0xff, 0xff, 0xff, 0xff, 0xff, 0xff,
    0xff, 0xff, 0x33, 0xc5, 0xf2, 0xc4, 0xb1, 0xc4, 0x90, 0xc4, 0xb0, 0xc4,
    0xb0, 0xc4, 0xb0, 0xcc, 0xb0, 0xcc, 0xb0, 0xc4, 0xb0, 0xcc, 0xb0, 0xc4,
    0x8f, 0xc4, 0x90, 0xc4, 0x90, 0xc4, 0xb0, 0xcc, 0xd1, 0xc4, 0x90, 0xc4,
    0x90, 0xc4, 0xd1, 0xcc, 0xf0, 0xcc, 0xd0, 0xcc, 0xb0, 0xc4, 0xb0, 0xc4,
    0x90, 0xc4, 0x90, 0xc4, 0x6f, 0xc4, 0x90, 0xc4, 0x70, 0xc4, 0x4f, 0xbc,
    0x2f, 0xb4, 0xee, 0xb3, 0x0e, 0xb4, 0x2f, 0xbc, 0x4f, 0xbc, 0x50, 0xbc,
    0x2f, 0xb4, 0x90, 0xc4, 0xf1, 0xc4, 0xf1, 0xc4, 0x70, 0xbc, 0x2f, 0xb4,
    0xee, 0xab, 0x0e, 0xac, 0x6f, 0xb4, 0xb1, 0xbc, 0xb0, 0xbc, 0x8f, 0xbc,
    0x6f, 0xbc, 0x2f, 0xac, 0x0e, 0xa4, 0x0e, 0xa4, 0xed, 0x9b, 0x8b, 0x8b,
    0xea, 0x7a, 0x0a, 0x83, 0xad, 0x93, 0x70, 0xac, 0x8f, 0xb4, 0x0e, 0x9c,
    0x0b, 0x83, 0xc9, 0x72, 0xe9, 0x7a, 0xee, 0x93, 0x53, 0xcd, 0x90, 0xac,
    0x2a, 0x83, 0x6b, 0x93, 0x4e, 0xac, 0x0d, 0xac, 0x8c, 0x93, 0x8c, 0x93,
    0x2d, 0xac, 0x0c, 0xac, 0xe9, 0x7a, 0x6a, 0x8b, 0x8b, 0x93, 0xf6, 0xd5,
    0x4b, 0x8b, 0x6b, 0x93, 0x8b, 0x9b, 0x4a, 0x93, 0x0c, 0xb4, 0x6a, 0x9b,
    0x4d, 0xbc, 0x29, 0x93, 0x08, 0x93, 0xaa, 0xab, 0xaa, 0xb3, 0x49, 0xa3,
    0x69, 0xa3, 0x69, 0x9b, 0xeb, 0xb3, 0xaa, 0xab, 0xcb, 0xab, 0x6d, 0xc4,
    0x4d, 0xbc, 0x8d, 0xc4, 0xcb, 0xab, 0x72, 0xdd, 0xcf, 0xc4, 0xcf, 0xcc,
    0x10, 0xcd, 0x8e, 0xbc, 0x55, 0xf6, 0xec, 0xb3, 0xaf, 0xc4, 0x98, 0xf6,
    0x76, 0xee, 0xca, 0xb3, 0xae, 0xcc, 0xef, 0xcc, 0x50, 0xd5, 0x31, 0xd5,
    0xcb, 0xb3, 0xef, 0xcc, 0xcf, 0xcc, 0xec, 0xab, 0x10, 0xd5, 0x35, 0xe6,
    0xcc, 0xab, 0x92, 0xd5, 0x93, 0xdd, 0xaf, 0xc4, 0x52, 0xd5, 0x52, 0xcd,
    0x10, 0xcd, 0xcf, 0xc4, 0x4a, 0x9b, 0xd0, 0xc4, 0xd1, 0xc4, 0x56, 0xee,
    0xaf, 0xbc, 0xb8, 0xf6, 0x10, 0xcd, 0x72, 0xd5, 0x10, 0xd5, 0x92, 0xd5,
    0x2c, 0xb4, 0xcb, 0xab, 0x8e, 0xcc, 0x6d, 0xcc, 0xae, 0xc4, 0xef, 0xcc,
    0xd8, 0xf6, 0xf9, 0xf6, 0x15, 0xde, 0xfa, 0xf6, 0xf5, 0xdd, 0x77, 0xee,
    0x3b, 0xf7, 0xd9, 0xf6, 0xd4, 0xdd, 0x3b, 0xff, 0xd4, 0xdd, 0x72, 0xdd,
    0xaf, 0xc4, 0x6e, 0xc4, 0x2d, 0xbc, 0x2c, 0xc4, 0xb2, 0xdd, 0x0c, 0xbc,
    0xae, 0xd4, 0xae, 0xcc, 0x71, 0xdd, 0xd3, 0xed, 0x35, 0xee, 0x36, 0xe6,
    0x76, 0xee, 0xb8, 0xf6, 0x5b, 0xff, 0x3a, 0xff, 0x19, 0xf7, 0x19, 0xff,
    0x5b, 0xff, 0x35, 0xee, 0x15, 0xee, 0xd8, 0xf6, 0x9c, 0xff, 0xf9, 0xfe,
    0x3a, 0xff, 0x9d, 0xff, 0x3b, 0xff, 0x7c, 0xff, 0x3a, 0xf7, 0x7c, 0xff,
    0x7c, 0xff, 0x5b, 0xff, 0x9d, 0xff, 0xbd, 0xff, 0x9d, 0xff, 0x7c, 0xff,
    0x5b, 0xf7, 0x1b, 0xf7, 0x5b, 0xff, 0x5a, 0xf7, 0x5b, 0xff, 0x5b, 0xff,
    0x1a, 0xff, 0x97, 0xee, 0xb7, 0xf6, 0xb7, 0xf6, 0xb7, 0xf6, 0xd8, 0xfe,
    0xf8, 0xfe, 0x97, 0xf6, 0x76, 0xf6, 0x97, 0xfe, 0x34, 0xf6, 0xf3, 0xf5,
    0x92, 0xed, 0x91, 0xe5, 0x34, 0xf6, 0xb2, 0xe5, 0xd3, 0xe5, 0xb2, 0xe5,
    0xb3, 0xdd, 0x31, 0xcd, 0xd3, 0xe5, 0x52, 0xd5, 0x6f, 0xac, 0x73, 0xd5,
    0x31, 0xc5, 0x73, 0xcd, 0xb4, 0xd5, 0x35, 0xee, 0x55, 0xee, 0xf8, 0xf6,
    0x3a, 0xff, 0x5a, 0xff, 0x7b, 0xff, 0x5a, 0xff, 0x5b, 0xff, 0x7b, 0xff,
    0x7c, 0xff, 0x7c, 0xff, 0x9c, 0xff, 0x9b, 0xff, 0x7b, 0xff, 0x3a, 0xff,
    0xf9, 0xfe, 0xd8, 0xfe, 0xd8, 0xf6, 0xb9, 0xf6, 0xb8, 0xf6, 0xd9, 0xf6,
    0xb9, 0xe6, 0x38, 0xde, 0x17, 0xce, 0x18, 0xce, 0x59, 0xd6, 0x79, 0xd6,
    0x7a, 0xd6, 0x7a, 0xd6, 0x79, 0xd6, 0x79, 0xd6, 0x7a, 0xde, 0x7a, 0xde,
    0x9a, 0xde, 0x99, 0xd6, 0x9a, 0xde, 0x9a, 0xde, 0xbb, 0xde, 0xba, 0xde,
    0xdb, 0xde, 0xfb, 0xe6, 0xdb, 0xe6, 0xfc, 0xe6, 0x1c, 0xe7, 0xfc, 0xe6,
    0x3c, 0xef, 0x3d, 0xef, 0x3d, 0xef, 0x5d, 0xef, 0x5d, 0xef, 0x7d, 0xf7,
    0x7d, 0xf7, 0x7e, 0xef, 0x7d, 0xef, 0x7d, 0xf7, 0x5d, 0xef, 0x3d, 0xf7,
    0x3d, 0xef, 0x3c, 0xef, 0x1c, 0xef, 0x1c, 0xef, 0x1c, 0xef, 0x1c, 0xef,
    0x1b, 0xe7, 0x1c, 0xef, 0x1c, 0xef, 0x3c, 0xef, 0x3d, 0xef, 0x5d, 0xf7,
    0x9e, 0xf7, 0x9e, 0xf7, 0xbf, 0xff, 0xdf, 0xff, 0xff, 0xff, 0xff, 0xff,
    0xff, 0xff, 0xff, 0xff, 0xff, 0xff, 0xff, 0xff, 0xff, 0xff, 0xff, 0xff,
    0xff, 0xff, 0xff, 0xff, 0xff, 0xff, 0xff, 0xff, 0xff, 0xff, 0xff, 0xff,
    0xff, 0xff, 0xff, 0xff, 0xff, 0xff, 0xff, 0xff, 0xff, 0xff, 0xff, 0xff,
    0xff, 0xff, 0xff, 0xff, 0x53, 0xcd, 0xf1, 0xc4, 0xb0, 0xc4, 0x90, 0xc4,
    0x6f, 0xc4, 0x6f, 0xc4, 0x8f, 0xc4, 0x90, 0xc4, 0x70, 0xc4, 0x90, 0xc4,
    0x90, 0xcc, 0xb0, 0xc4, 0xb0, 0xcc, 0xb0, 0xcc, 0xb1, 0xc4, 0xb0, 0xcc,
    0xd1, 0xcc, 0xf1, 0xcc, 0x11, 0xcd, 0xf1, 0xcc, 0xd1, 0xcc, 0xd1, 0xc4,
    0xb0, 0xcc, 0x70, 0xc4, 0x4f, 0xbc, 0x2e, 0xbc, 0x2f, 0xb4, 0x2e, 0xb4,
    0x6f, 0xbc, 0xb0, 0xc4, 0x90, 0xc4, 0x6f, 0xbc, 0x2f, 0xac, 0x2f, 0xbc,
    0xb0, 0xbc, 0xd1, 0xc4, 0xd1, 0xc4, 0xd1, 0xc4, 0xd1, 0xbc, 0xb1, 0xbc,
    0x70, 0xbc, 0xb1, 0xbc, 0xd1, 0xbc, 0xd1, 0xbc, 0xb0, 0xbc, 0x90, 0xb4,
    0x90, 0xb4, 0xb1, 0xbc, 0xb0, 0xb4, 0xb0, 0xb4, 0x90, 0xb4, 0x90, 0xb4,
    0xd1, 0xbc, 0x12, 0xc5, 0xd1, 0xb4, 0x2f, 0xa4, 0xcd, 0x93, 0xed, 0xa3,
    0xb0, 0xb4, 0xb0, 0xb4, 0x0d, 0xa4, 0x6b, 0x8b, 0x0a, 0x7b, 0xc9, 0x72,
    0x0d, 0x9c, 0xf1, 0xbc, 0xc9, 0x6a, 0x0a, 0x7b, 0xec, 0xa3, 0xab, 0x9b,
    0xea, 0x7a, 0x6b, 0x8b, 0xab, 0x9b, 0xcc, 0xa3, 0xe9, 0x7a, 0x0d, 0xac,
    0x8c, 0x8b, 0xd5, 0xd5, 0xa8, 0x7a, 0x0c, 0xb4, 0x2d, 0xbc, 0xab, 0x9b,
    0xab, 0x9b, 0xab, 0x9b, 0xef, 0xcc, 0xa8, 0x82, 0xc8, 0x82, 0x8a, 0xa3,
    0xaa, 0xab, 0x69, 0xab, 0xca, 0xb3, 0x69, 0xa3, 0x8a, 0xab, 0xcb, 0xb3,
    0xea, 0xb3, 0xab, 0xab, 0x8e, 0xc4, 0xaf, 0xcc, 0x0c, 0xb4, 0x91, 0xdd,
    0x0c, 0xb4, 0x92, 0xd5, 0xaf, 0xc4, 0x6e, 0xb4, 0xf4, 0xe5, 0x4d, 0xbc,
    0x8d, 0xc4, 0x97, 0xf6, 0xd4, 0xdd, 0xf0, 0xcc, 0xaf, 0xcc, 0xf0, 0xcc,
    0x14, 0xe6, 0x8a, 0xa3, 0xaf, 0xcc, 0xeb, 0xab, 0x10, 0xd5, 0x2d, 0xbc,
    0x14, 0xe6, 0xf1, 0xc4, 0xf0, 0xcc, 0x72, 0xd5, 0x10, 0xc5, 0x72, 0xd5,
    0x32, 0xcd, 0xf0, 0xcc, 0x6e, 0xbc, 0xab, 0xa3, 0x2d, 0xbc, 0xd4, 0xdd,
    0xf0, 0xc4, 0xf4, 0xdd, 0xf5, 0xdd, 0x36, 0xee, 0x92, 0xd5, 0xb3, 0xdd,
    0x2c, 0xbc, 0x10, 0xd5, 0x6a, 0xab, 0xaf, 0xcc, 0x8d, 0xc4, 0x4d, 0xc4,
    0x31, 0xd5, 0xb8, 0xee, 0x5c, 0xff, 0xf4, 0xdd, 0xfa, 0xee, 0x98, 0xee,
    0x36, 0xe6, 0x98, 0xee, 0x1a, 0xf7, 0x77, 0xee, 0xda, 0xee, 0x98, 0xee,
    0xaf, 0xcc, 0x93, 0xe5, 0x6d, 0xcc, 0xcf, 0xcc, 0x6d, 0xc4, 0x71, 0xdd,
    0xec, 0xb3, 0xae, 0xd4, 0x8d, 0xcc, 0x51, 0xd5, 0x14, 0xee, 0x36, 0xe6,
    0x92, 0xdd, 0x56, 0xee, 0x39, 0xff, 0x3b, 0xf7, 0xb8, 0xf6, 0x19, 0xf7,
    0xf9, 0xf6, 0xf9, 0xf6, 0xf4, 0xed, 0x76, 0xf6, 0x9c, 0xff, 0xf9, 0xf6,
    0x3a, 0xff, 0x3b, 0xf7, 0x3b, 0xf7, 0x7b, 0xff, 0x3b, 0xff, 0x9d, 0xff,
    0xbe, 0xff, 0x9c, 0xff, 0x5b, 0xf7, 0x1a, 0xf7, 0x5b, 0xf7, 0x3b, 0xf7,
    0x3b, 0xf7, 0x7c, 0xff, 0x9c, 0xff, 0x1b, 0xff, 0x5b, 0xff, 0x7b, 0xff,
    0x3a, 0xf7, 0xb8, 0xf6, 0x19, 0xff, 0xd8, 0xf6, 0x97, 0xf6, 0x97, 0xee,
    0x97, 0xf6, 0x75, 0xf6, 0x35, 0xee, 0x55, 0xf6, 0x13, 0xee, 0xb2, 0xed,
    0x50, 0xe5, 0x30, 0xdd, 0xd2, 0xed, 0x50, 0xd5, 0x51, 0xd5, 0x31, 0xcd,
    0x11, 0xcd, 0xb0, 0xbc, 0x6f, 0xac, 0xd0, 0xbc, 0xed, 0x93, 0x4e, 0xa4,
    0x0e, 0x9c, 0x8f, 0xb4, 0x11, 0xc5, 0x11, 0xc5, 0xd4, 0xdd, 0xf9, 0xf6,
    0xd8, 0xf6, 0xb7, 0xf6, 0xd7, 0xf6, 0xd8, 0xf6, 0x3a, 0xff, 0x5a, 0xff,
    0x7b, 0xff, 0x9c, 0xff, 0x9b, 0xff, 0x7b, 0xff, 0x7b, 0xff, 0x5a, 0xff,
    0x39, 0xff, 0xf8, 0xfe, 0xb8, 0xfe, 0xb8, 0xf6, 0xd8, 0xf6, 0xf8, 0xf6,
    0xd9, 0xf6, 0x98, 0xe6, 0x38, 0xd6, 0x37, 0xd6, 0x18, 0xd6, 0x38, 0xd6,
    0x58, 0xd6, 0x38, 0xd6, 0x38, 0xd6, 0x39, 0xce, 0x38, 0xce, 0x38, 0xce,
    0x39, 0xce, 0x59, 0xd6, 0x59, 0xce, 0x59, 0xd6, 0x59, 0xde, 0x5a, 0xd6,
    0x9a, 0xd6, 0x9a, 0xde, 0x9a, 0xde, 0xbb, 0xde, 0xba, 0xde, 0xbb, 0xde,
    0xdb, 0xde, 0xfb, 0xe6, 0xfc, 0xe6, 0xfc, 0xe6, 0x1c, 0xef, 0x1d, 0xef,
    0x3d, 0xe7, 0x1d, 0xef, 0x3d, 0xef, 0x3d, 0xef, 0x3d, 0xef, 0x3d, 0xef,
    0x3c, 0xe7, 0x3c, 0xef, 0x1c, 0xef, 0x1c, 0xe7, 0x1b, 0xe7, 0xfb, 0xe6,
    0xfb, 0xe6, 0xfb, 0xe6, 0xfc, 0xe6, 0xfc, 0xee, 0x3c, 0xe7, 0x3c, 0xef,
    0x5d, 0xef, 0x9d, 0xf7, 0x9e, 0xf7, 0xbf, 0xf7, 0xdf, 0xff, 0xff, 0xff,
    0xff, 0xff, 0xff, 0xff, 0xff, 0xff, 0xff, 0xff, 0xff, 0xff, 0xff, 0xff,
    0xff, 0xff, 0xff, 0xff, 0xff, 0xff, 0xff, 0xff, 0xff, 0xff, 0xff, 0xff,
    0xff, 0xff, 0xff, 0xff, 0xff, 0xff, 0xff, 0xff, 0xff, 0xff, 0xff, 0xff,
    0xff, 0xff, 0xff, 0xff, 0xff, 0xff, 0x74, 0xcd, 0xf2, 0xc4, 0xd0, 0xc4,
    0xaf, 0xcc, 0x6f, 0xc4, 0x4f, 0xbc, 0x6f, 0xc4, 0x6f, 0xc4, 0x8f, 0xc4,
    0xb0, 0xcc, 0xf0, 0xcc, 0xd0, 0xcc, 0xd0, 0xcc, 0xf1, 0xcc, 0xf1, 0xcc,
    0x11, 0xcd, 0xf1, 0xcc, 0xf1, 0xcc, 0xd0, 0xcc, 0xd1, 0xcc, 0xd1, 0xcc,
    0xb0, 0xcc, 0x70, 0xc4, 0x6f, 0xc4, 0x70, 0xbc, 0x50, 0xbc, 0x4f, 0xbc,
    0x6e, 0xbc, 0x4f, 0xbc, 0x4f, 0xbc, 0x6f, 0xc4, 0xb0, 0xc4, 0xb0, 0xbc,
    0xd1, 0xc4, 0xd1, 0xc4, 0x90, 0xbc, 0x70, 0xbc, 0x70, 0xbc, 0xd1, 0xbc,
    0x32, 0xc5, 0x53, 0xcd, 0x52, 0xc5, 0x32, 0xc5, 0x12, 0xbd, 0x33, 0xc5,
    0x53, 0xcd, 0x94, 0xcd, 0x94, 0xd5, 0xb4, 0xcd, 0x73, 0xc5, 0xf1, 0xbc,
    0x90, 0xb4, 0xb0, 0xb4, 0x90, 0xb4, 0xaf, 0xb4, 0xb0, 0xb4, 0x6f, 0xb4,
    0x4e, 0xac, 0xed, 0x9b, 0xed, 0x9b, 0x0e, 0xa4, 0x2e, 0xa4, 0x8c, 0x93,
    0x2b, 0x83, 0xea, 0x7a, 0x4a, 0x83, 0x11, 0xc5, 0xea, 0x72, 0x2a, 0x8b,
    0xcc, 0xa3, 0xab, 0x9b, 0x4a, 0x8b, 0x8b, 0x9b, 0x6b, 0x8b, 0xcc, 0xa3,
    0x6b, 0x93, 0xab, 0x9b, 0xed, 0x9b, 0x94, 0xcd, 0xc8, 0x7a, 0xe9, 0x82,
    0x6a, 0x9b, 0x0c, 0xb4, 0x29, 0x8b, 0x8b, 0x9b, 0x6d, 0xbc, 0x08, 0x93,
    0xc7, 0x82, 0xc8, 0x82, 0x69, 0x9b, 0x49, 0x9b, 0xaa, 0xab, 0x2b, 0xc4,
    0xaa, 0xab, 0x0b, 0xbc, 0x6c, 0xbc, 0xca, 0xa3, 0x6d, 0xbc, 0x8e, 0xcc,
    0xf0, 0xcc, 0xae, 0xcc, 0xae, 0xcc, 0xcf, 0xcc, 0xcf, 0xcc, 0x4d, 0xbc,
    0x10, 0xcd, 0x6d, 0xc4, 0x10, 0xcd, 0x57, 0xe6, 0x2c, 0xac, 0x55, 0xf6,
    0x8d, 0xc4, 0x72, 0xd5, 0x92, 0xdd, 0x8a, 0xab, 0x8f, 0xc4, 0x4e, 0xb4,
    0x8e, 0xbc, 0x6d, 0xc4, 0x56, 0xee, 0x10, 0xc5, 0x51, 0xd5, 0x57, 0xe6,
    0xae, 0xc4, 0x72, 0xd5, 0x30, 0xd5, 0xaf, 0xc4, 0x4d, 0xbc, 0xe8, 0x8a,
    0x92, 0xdd, 0xaf, 0xc4, 0xb8, 0xf6, 0x6e, 0xb4, 0x77, 0xee, 0xd3, 0xdd,
    0x92, 0xdd, 0x0c, 0xbc, 0x8d, 0xcc, 0xeb, 0xbb, 0x0b, 0xbc, 0xef, 0xd4,
    0x0b, 0xbc, 0x30, 0xdd, 0xf4, 0xdd, 0xf9, 0xf6, 0x3a, 0xf7, 0xb3, 0xdd,
    0x5b, 0xff, 0x56, 0xee, 0xfa, 0xf6, 0xf9, 0xf6, 0x98, 0xee, 0xd9, 0xf6,
    0x3b, 0xff, 0x72, 0xd5, 0x31, 0xd5, 0xd0, 0xcc, 0x30, 0xdd, 0x6d, 0xc4,
    0x92, 0xdd, 0xec, 0xbb, 0x8d, 0xd4, 0x8e, 0xcc, 0x31, 0xd5, 0x15, 0xe6,
    0xb3, 0xe5, 0xb4, 0xe5, 0x77, 0xee, 0x3a, 0xff, 0xd9, 0xf6, 0x57, 0xee,
    0x7c, 0xff, 0xf9, 0xf6, 0x76, 0xee, 0x36, 0xee, 0xf9, 0xf6, 0x3a, 0xf7,
    0xb8, 0xf6, 0x7c, 0xff, 0x3a, 0xff, 0x3b, 0xff, 0x5b, 0xff, 0x7c, 0xff,
    0x7c, 0xff, 0xfa, 0xee, 0xd9, 0xf6, 0x3b, 0xf7, 0x7c, 0xff, 0x7c, 0xff,
    0x7d, 0xff, 0xbe, 0xff, 0xbd, 0xff, 0x3b, 0xff, 0x5b, 0xff, 0x1a, 0xf7,
    0x3b, 0xff, 0x1a, 0xf7, 0x98, 0xee, 0xb7, 0xf6, 0x97, 0xf6, 0x35, 0xe6,
    0x97, 0xf6, 0x56, 0xf6, 0xf4, 0xe5, 0x34, 0xee, 0xd2, 0xed, 0x70, 0xed,
    0x30, 0xe5, 0x0f, 0xd5, 0xb2, 0xe5, 0x10, 0xd5, 0x8f, 0xbc, 0x6f, 0xb4,
    0x4e, 0xac, 0x8f, 0xb4, 0x6b, 0x83, 0xac, 0x9b, 0x6c, 0x8b, 0xed, 0x9b,
    0xcd, 0x93, 0xee, 0x9b, 0x6f, 0xac, 0x4e, 0xac, 0xb3, 0xd5, 0x96, 0xee,
    0x76, 0xee, 0x56, 0xee, 0x56, 0xee, 0x56, 0xee, 0x19, 0xff, 0xf9, 0xfe,
    0x59, 0xff, 0x7b, 0xff, 0x7b, 0xff, 0x7a, 0xff, 0x7b, 0xff, 0x7b, 0xff,
    0x3a, 0xff, 0xf8, 0xfe, 0xf8, 0xfe, 0xd8, 0xfe, 0xb8, 0xfe, 0xd8, 0xf6,
    0xd8, 0xfe, 0xd9, 0xf6, 0xb9, 0xe6, 0x99, 0xe6, 0x58, 0xd6, 0xf7, 0xcd,
    0x17, 0xd6, 0x17, 0xd6, 0x18, 0xce, 0xf7, 0xc5, 0x18, 0xce, 0xf7, 0xcd,
    0x18, 0xce, 0xf8, 0xcd, 0x18, 0xd6, 0x18, 0xd6, 0x38, 0xce, 0x38, 0xce,
    0x38, 0xce, 0x38, 0xce, 0x59, 0xce, 0x39, 0xd6, 0x59, 0xd6, 0x7a, 0xd6,
    0x7a, 0xd6, 0x7a, 0xde, 0xba, 0xd6, 0xba, 0xe6, 0xbb, 0xe6, 0xdb, 0xde,
    0xdb, 0xe6, 0xfb, 0xe6, 0xfb, 0xe6, 0x1b, 0xe7, 0x1c, 0xe7, 0xfb, 0xee,
    0xfc, 0xe6, 0x1c, 0xe7, 0xfb, 0xe6, 0xfb, 0xee, 0xdb, 0xe6, 0xdb, 0xde,
    0xfb, 0xe6, 0xfb, 0xe6, 0xdb, 0xe6, 0xfb, 0xe6, 0xfc, 0xe6, 0x1c, 0xef,
    0x3c, 0xef, 0x5d, 0xef, 0x5d, 0xf7, 0x9e, 0xf7, 0xbe, 0xff, 0xdf, 0xff,
    0xdf, 0xff, 0xff, 0xff, 0xff, 0xff, 0xff, 0xff, 0xff, 0xff, 0xff, 0xff,
    0xff, 0xff, 0xff, 0xff, 0xff, 0xff, 0xff, 0xff, 0xff, 0xff, 0xff, 0xff,
    0xff, 0xff, 0xff, 0xff, 0xff, 0xff, 0xff, 0xff, 0xff, 0xff, 0xff, 0xff,
    0xff, 0xff, 0xff, 0xff, 0xff, 0xff, 0xff, 0xff, 0x74, 0xcd, 0x12, 0xcd,
    0xb0, 0xc4, 0x90, 0xc4, 0x6f, 0xc4, 0x4f, 0xc4, 0x4f, 0xc4, 0x6f, 0xc4,
    0xb0, 0xcc, 0xb0, 0xc4, 0x90, 0xcc, 0x90, 0xc4, 0xb1, 0xc4, 0xf1, 0xcc,
    0xb0, 0xcc, 0xaf, 0xcc, 0x90, 0xc4, 0xb0, 0xc4, 0xb0, 0xc4, 0x8f, 0xc4,
    0x4f, 0xbc, 0x4f, 0xbc, 0x90, 0xc4, 0xb0, 0xc4, 0xaf, 0xc4, 0x6f, 0xc4,
    0x70, 0xc4, 0x90, 0xc4, 0xb0, 0xc4, 0x4f, 0xbc, 0x4f, 0xb4, 0x70, 0xbc,
    0x90, 0xc4, 0x6f, 0xbc, 0x4f, 0xb4, 0x70, 0xb4, 0xb0, 0xbc, 0xb2, 0xbc,
    0xf2, 0xc4, 0x12, 0xc5, 0xf2, 0xc4, 0xf2, 0xbc, 0xf1, 0xc4, 0x33, 0xc5,
    0x73, 0xcd, 0x73, 0xcd, 0x32, 0xc5, 0xf1, 0xbc, 0xd1, 0xbc, 0xd1, 0xbc,
    0x12, 0xc5, 0x53, 0xc5, 0xf1, 0xb4, 0x90, 0xac, 0xee, 0x9b, 0xee, 0x9b,
    0xed, 0xa3, 0x8c, 0x93, 0x2b, 0x83, 0x6c, 0x83, 0xcd, 0x9b, 0xcc, 0x9b,
    0x6b, 0x8b, 0x4b, 0x83, 0xac, 0x93, 0x4b, 0x8b, 0xc9, 0x72, 0x6e, 0xb4,
    0x2a, 0x83, 0x8b, 0x93, 0xcc, 0xa3, 0x8b, 0x93, 0xab, 0x9b, 0x0c, 0xa4,
    0x6b, 0x8b, 0xcb, 0xa3, 0xec, 0xa3, 0x09, 0x8b, 0x4f, 0xa4, 0x32, 0xbd,
    0x67, 0x6a, 0x49, 0x93, 0xc8, 0x7a, 0xec, 0xab, 0x09, 0x8b, 0x2d, 0xb4,
    0x6a, 0x9b, 0x6a, 0xa3, 0x69, 0xa3, 0xa8, 0x82, 0xa8, 0x82, 0x49, 0x9b,
    0x49, 0x9b, 0x0b, 0xbc, 0x0c, 0xb4, 0x8e, 0xc4, 0x6d, 0xc4, 0x8a, 0xab,
    0x4c, 0xbc, 0x4d, 0xbc, 0xcf, 0xcc, 0x4d, 0xb4, 0x10, 0xd5, 0xcf, 0xcc,
    0x10, 0xcd, 0x6d, 0xbc, 0x30, 0xd5, 0x6d, 0xc4, 0x71, 0xdd, 0xd5, 0xdd,
    0x48, 0x9b, 0x16, 0xee, 0x4c, 0xbc, 0x35, 0xee, 0x2c, 0xbc, 0x4d, 0xbc,
    0x8b, 0xab, 0x71, 0xdd, 0x2c, 0xb4, 0xb0, 0xcc, 0xf4, 0xdd, 0xaf, 0xbc,
    0x14, 0xe6, 0x98, 0xee, 0x6d, 0xbc, 0xd4, 0xdd, 0x4d, 0xbc, 0x10, 0xd5,
    0x29, 0x9b, 0x8a, 0xab, 0xf5, 0xe5, 0x31, 0xcd, 0xb3, 0xdd, 0xd3, 0xdd,
    0xf4, 0xe5, 0xb3, 0xdd, 0xae, 0xcc, 0x8d, 0xcc, 0x8a, 0xab, 0xab, 0xb3,
    0x6d, 0xc4, 0xcf, 0xd4, 0xaf, 0xc4, 0x71, 0xd5, 0x1a, 0xff, 0x77, 0xe6,
    0x77, 0xee, 0x1a, 0xf7, 0x97, 0xee, 0x98, 0xe6, 0x7c, 0xff, 0x56, 0xee,
    0xf9, 0xf6, 0xd9, 0xf6, 0xb7, 0xee, 0x30, 0xdd, 0x93, 0xdd, 0xef, 0xd4,
    0x6d, 0xc4, 0xb3, 0xe5, 0x2c, 0xc4, 0xef, 0xdc, 0xce, 0xcc, 0x71, 0xdd,
    0xd3, 0xe5, 0x30, 0xdd, 0x15, 0xe6, 0xf9, 0xf6, 0xb8, 0xee, 0x96, 0xf6,
    0xd9, 0xf6, 0x5b, 0xff, 0x35, 0xee, 0x1a, 0xff, 0x56, 0xe6, 0x9d, 0xff,
    0xf4, 0xe5, 0x7b, 0xff, 0x1a, 0xf7, 0xf9, 0xf6, 0x3a, 0xff, 0x3b, 0xf7,
    0x3b, 0xff, 0xd9, 0xee, 0x5b, 0xf7, 0x5b, 0xff, 0x9c, 0xff, 0x5c, 0xff,
    0x5b, 0xf7, 0x7c, 0xff, 0x7b, 0xff, 0xb8, 0xee, 0x3a, 0xf7, 0x3b, 0xf7,
    0x5b, 0xf7, 0x3a, 0xf7, 0x56, 0xee, 0xb7, 0xf6, 0x76, 0xee, 0xb7, 0xee,
    0xb8, 0xf6, 0x35, 0xf6, 0x34, 0xee, 0x34, 0xf6, 0x71, 0xe5, 0x70, 0xe5,
    0x0f, 0xdd, 0x30, 0xdd, 0xb1, 0xe5, 0xcf, 0xcc, 0x8c, 0x9b, 0x2d, 0xac,
    0xcc, 0x9b, 0xed, 0xa3, 0x0a, 0x7b, 0x4b, 0x83, 0x4b, 0x83, 0x8c, 0x8b,
    0xac, 0x93, 0xad, 0x93, 0xee, 0x9b, 0x6c, 0x83, 0x11, 0xc5, 0x55, 0xee,
    0xf5, 0xe5, 0xd4, 0xdd, 0xf4, 0xdd, 0xd4, 0xdd, 0xd8, 0xf6, 0xb8, 0xf6,
    0xd8, 0xf6, 0x7a, 0xff, 0x5a, 0xff, 0x19, 0xff, 0xf8, 0xfe, 0x3a, 0xff,
    0x3a, 0xff, 0x39, 0xff, 0xf8, 0xfe, 0xd8, 0xfe, 0xf8, 0xfe, 0xd8, 0xfe,
    0xb8, 0xfe, 0xb8, 0xf6, 0xd9, 0xf6, 0xfa, 0xf6, 0xf9, 0xee, 0x37, 0xd6,
    0xb6, 0xc5, 0xb6, 0xc5, 0xd7, 0xc5, 0xd7, 0xc5, 0xd7, 0xc5, 0xf7, 0xcd,
    0xf7, 0xc5, 0xd7, 0xcd, 0xf7, 0xc5, 0x17, 0xce, 0xd8, 0xcd, 0x17, 0xc6,
    0x17, 0xc6, 0xf8, 0xcd, 0xf7, 0xcd, 0x18, 0xce, 0x18, 0xce, 0x37, 0xce,
    0x38, 0xce, 0x38, 0xce, 0x39, 0xd6, 0x79, 0xd6, 0x79, 0xd6, 0x79, 0xd6,
    0x9a, 0xd6, 0x9a, 0xde, 0x9a, 0xde, 0x9a, 0xde, 0xbb, 0xde, 0xba, 0xde,
    0xdb, 0xde, 0xbb, 0xde, 0xba, 0xe6, 0xdb, 0xde, 0xda, 0xde, 0xdb, 0xde,
    0xdb, 0xe6, 0xdb, 0xde, 0xdb, 0xe6, 0xdb, 0xe6, 0xfb, 0xe6, 0xfb, 0xe6,
    0x1c, 0xe7, 0x1c, 0xef, 0x3d, 0xef, 0x5d, 0xf7, 0x9e, 0xf7, 0x9e, 0xf7,
    0xbf, 0xff, 0xdf, 0xff, 0xdf, 0xff, 0xff, 0xff, 0xff, 0xff, 0xff, 0xff,
    0xff, 0xff, 0xff, 0xff, 0xff, 0xff, 0xff, 0xff, 0xff, 0xff, 0xff, 0xff,
    0xff, 0xff, 0xff, 0xff, 0xff, 0xff, 0xff, 0xff, 0xff, 0xff, 0xff, 0xff,
    0xff, 0xff, 0xff, 0xff, 0xff, 0xff, 0xff, 0xff, 0xff, 0xff, 0x95, 0xcd,
    0x12, 0xc5, 0xd0, 0xc4, 0x8f, 0xc4, 0x4f, 0xc4, 0x2e, 0xc4, 0x6f, 0xc4,
    0x90, 0xc4, 0x8f, 0xc4, 0x6f, 0xc4, 0x8f, 0xc4, 0xb0, 0xcc, 0xd0, 0xc4,
    0xb0, 0xc4, 0x90, 0xc4, 0x8f, 0xcc, 0x90, 0xc4, 0xb0, 0xcc, 0xb0, 0xcc,
    0x6f, 0xc4, 0x6f, 0xc4, 0x8f, 0xc4, 0x6f, 0xc4, 0x4f, 0xc4, 0x6f, 0xc4,
    0xb0, 0xc4, 0xd1, 0xcc, 0xb0, 0xc4, 0x90, 0xc4, 0xd1, 0xc4, 0xb1, 0xc4,
    0xb1, 0xc4, 0x6f, 0xbc, 0xb1, 0xc4, 0x12, 0xcd, 0x12, 0xc5, 0x53, 0xcd,
    0x32, 0xcd, 0x12, 0xc5, 0xf2, 0xc4, 0x12, 0xc5, 0x32, 0xc5, 0x32, 0xc5,
    0x32, 0xc5, 0xd1, 0xbc, 0xd1, 0xbc, 0xb1, 0xb4, 0x6f, 0xac, 0x2f, 0xa4,
    0x4f, 0xac, 0x50, 0xac, 0x6f, 0xac, 0x6f, 0xac, 0x0e, 0xa4, 0xad, 0x93,
    0x4b, 0x83, 0x2b, 0x83, 0x8c, 0x8b, 0x8c, 0x93, 0x2a, 0x83, 0xea, 0x72,
    0x2b, 0x8b, 0x8b, 0x8b, 0x2a, 0x7b, 0xea, 0x7a, 0xec, 0xa3, 0xcc, 0xa3,
    0x6b, 0x8b, 0x4e, 0xb4, 0xac, 0x93, 0xec, 0xa3, 0x2d, 0xb4, 0xab, 0x9b,
    0x6a, 0x8b, 0xab, 0x9b, 0x6b, 0x93, 0x8b, 0x93, 0x2d, 0xac, 0x09, 0x8b,
    0xf1, 0xbc, 0xd1, 0xbc, 0x47, 0x62, 0x6b, 0x9b, 0x29, 0x8b, 0xab, 0xa3,
    0x08, 0x8b, 0x8e, 0xc4, 0x09, 0x8b, 0x29, 0x93, 0x8a, 0xab, 0x8a, 0xa3,
    0xe8, 0x8a, 0x49, 0x9b, 0xaa, 0xab, 0xaa, 0xab, 0x0b, 0xbc, 0xeb, 0xbb,
    0x8d, 0xc4, 0x4c, 0xbc, 0xae, 0xc4, 0x4d, 0xc4, 0x6d, 0xbc, 0x51, 0xd5,
    0x0c, 0xb4, 0x10, 0xd5, 0x72, 0xd5, 0x4d, 0xb4, 0x51, 0xd5, 0xef, 0xd4,
    0x35, 0xee, 0x6e, 0xac, 0xeb, 0xb3, 0x14, 0xee, 0xaf, 0xc4, 0x55, 0xee,
    0xaa, 0xab, 0x2c, 0xbc, 0x2d, 0xb4, 0x92, 0xd5, 0x2c, 0xbc, 0x52, 0xd5,
    0xf0, 0xc4, 0x8f, 0xc4, 0x15, 0xee, 0x15, 0xde, 0xf0, 0xcc, 0x93, 0xd5,
    0xd0, 0xc4, 0xd0, 0xc4, 0x8a, 0xa3, 0x4d, 0xb4, 0x51, 0xd5, 0x76, 0xee,
    0x51, 0xcd, 0x77, 0xee, 0x31, 0xd5, 0x92, 0xe5, 0x0f, 0xcd, 0x4d, 0xc4,
    0x6a, 0xab, 0xea, 0xbb, 0x8d, 0xcc, 0xce, 0xd4, 0x72, 0xdd, 0xb8, 0xf6,
    0xd8, 0xf6, 0x56, 0xe6, 0xfa, 0xee, 0x5c, 0xff, 0x36, 0xe6, 0xb9, 0xee,
    0x19, 0xf7, 0xf9, 0xf6, 0x98, 0xee, 0xd8, 0xf6, 0x0f, 0xd5, 0x14, 0xee,
    0x51, 0xdd, 0x4d, 0xc4, 0x92, 0xdd, 0xcf, 0xcc, 0xce, 0xd4, 0xce, 0xd4,
    0xd3, 0xe5, 0x31, 0xd5, 0x52, 0xdd, 0x35, 0xe6, 0xf9, 0xf6, 0x15, 0xee,
    0x56, 0xee, 0x5b, 0xff, 0x56, 0xe6, 0x77, 0xee, 0x36, 0xee, 0x1a, 0xf7,
    0x15, 0xe6, 0xb8, 0xf6, 0xf9, 0xf6, 0xf9, 0xf6, 0x5a, 0xff, 0x1a, 0xf7,
    0xf9, 0xf6, 0x19, 0xf7, 0x1a, 0xf7, 0xb9, 0xee, 0xd9, 0xf6, 0xf9, 0xf6,
    0xda, 0xee, 0x5c, 0xff, 0xfa, 0xf6, 0xfa, 0xee, 0x3a, 0xff, 0x1a, 0xf7,
    0x3b, 0xff, 0xb8, 0xee, 0x36, 0xe6, 0xd8, 0xf6, 0xb7, 0xf6, 0xf9, 0xf6,
    0xb7, 0xee, 0x35, 0xee, 0xf3, 0xe5, 0xf3, 0xed, 0x30, 0xdd, 0xee, 0xd4,
    0xcf, 0xd4, 0x10, 0xdd, 0x50, 0xe5, 0xef, 0xcc, 0x6b, 0x93, 0x8b, 0x93,
    0x2a, 0x83, 0xcc, 0x9b, 0x6b, 0x93, 0x2b, 0x83, 0x0a, 0x7b, 0xea, 0x72,
    0xea, 0x72, 0x2b, 0x83, 0x4b, 0x7b, 0x0b, 0x7b, 0x6c, 0x83, 0x90, 0xb4,
    0x11, 0xc5, 0x73, 0xcd, 0xf3, 0xdd, 0x32, 0xcd, 0x15, 0xe6, 0x97, 0xf6,
    0x96, 0xf6, 0x19, 0xff, 0x39, 0xff, 0xd8, 0xfe, 0xb8, 0xf6, 0x19, 0xff,
    0x5a, 0xff, 0x7b, 0xff, 0x7a, 0xff, 0x3a, 0xff, 0xd8, 0xfe, 0xd8, 0xfe,
    0xd8, 0xfe, 0xf8, 0xfe, 0xf9, 0xf6, 0xf9, 0xf6, 0xd9, 0xf6, 0x57, 0xe6,
    0xb6, 0xcd, 0x96, 0xc5, 0xd6, 0xcd, 0xb6, 0xcd, 0xb6, 0xc5, 0xd6, 0xc5,
    0xb6, 0xcd, 0xd7, 0xc5, 0xf6, 0xcd, 0xd6, 0xcd, 0xd7, 0xc5, 0xd7, 0xc5,
    0xd6, 0xc5, 0xd7, 0xc5, 0xd7, 0xcd, 0xf7, 0xc5, 0xf7, 0xcd, 0xd7, 0xcd,
    0xf7, 0xc5, 0xf7, 0xcd, 0xf7, 0xcd, 0x17, 0xce, 0x18, 0xce, 0xf8, 0xcd,
    0x38, 0xce, 0x38, 0xd6, 0x39, 0xd6, 0x79, 0xd6, 0x79, 0xce, 0x79, 0xd6,
    0x7a, 0xde, 0x79, 0xde, 0x99, 0xd6, 0x7a, 0xde, 0x7a, 0xde, 0xba, 0xde,
    0x9a, 0xde, 0x9a, 0xde, 0xba, 0xe6, 0xba, 0xde, 0xba, 0xe6, 0xda, 0xe6,
    0xdb, 0xe6, 0xfb, 0xe6, 0x1c, 0xe7, 0x3c, 0xef, 0x5d, 0xef, 0x7e, 0xf7,
    0x9e, 0xf7, 0xbf, 0xf7, 0xdf, 0xff, 0xff, 0xff, 0xdf, 0xff, 0xff, 0xff,
    0xff, 0xff, 0xff, 0xff, 0xff, 0xff, 0xff, 0xff, 0xff, 0xff, 0xff, 0xff,
    0xff, 0xff, 0xff, 0xff, 0xff, 0xff, 0xff, 0xff, 0xff, 0xff, 0xff, 0xff,
    0xff, 0xff, 0xff, 0xff, 0xff, 0xff, 0xff, 0xff, 0xff, 0xff, 0xff, 0xff,
    0xb5, 0xcd, 0x32, 0xcd, 0xd1, 0xc4, 0xb0, 0xc4, 0x4f, 0xc4, 0x2e, 0xbc,
    0x4f, 0xc4, 0x4f, 0xc4, 0x6f, 0xc4, 0x90, 0xc4, 0xb0, 0xcc, 0x8f, 0xc4,
    0x8f, 0xc4, 0x6f, 0xcc, 0x8f, 0xc4, 0xb0, 0xc4, 0xaf, 0xcc, 0x8f, 0xc4,
    0x8f, 0xc4, 0x8f, 0xc4, 0x8f, 0xc4, 0x6f, 0xc4, 0x4e, 0xc4, 0x6f, 0xc4,
    0x90, 0xc4, 0x90, 0xc4, 0x6f, 0xc4, 0x6f, 0xc4, 0x4f, 0xc4, 0x6f, 0xc4,
    0x4e, 0xbc, 0x4e, 0xbc, 0x2e, 0xbc, 0x2e, 0xb4, 0x0e, 0xb4, 0x0e, 0xb4,
    0x2f, 0xb4, 0x2e, 0xb4, 0x0e, 0xa4, 0x0f, 0xac, 0x4f, 0xac, 0x90, 0xb4,
    0xb1, 0xb4, 0xd1, 0xb4, 0x90, 0xb4, 0x50, 0xac, 0x2f, 0xac, 0x0e, 0xa4,
    0x0e, 0xa4, 0x2f, 0xa4, 0x2e, 0xa4, 0x4f, 0xac, 0x2e, 0xa4, 0x2e, 0xa4,
    0x2e, 0xa4, 0xed, 0xa3, 0x4b, 0x83, 0xea, 0x72, 0x0a, 0x7b, 0x6b, 0x8b,
    0x0a, 0x83, 0x89, 0x6a, 0xea, 0x7a, 0x4b, 0x8b, 0x0a, 0x7b, 0x2b, 0x83,
    0xec, 0xa3, 0x2d, 0xac, 0x0d, 0xa4, 0x6e, 0xb4, 0xec, 0x9b, 0x6b, 0x93,
    0xec, 0xa3, 0xcc, 0x9b, 0x6a, 0x93, 0x8a, 0x9b, 0xcc, 0xa3, 0xc9, 0x72,
    0x6a, 0x93, 0xa8, 0x72, 0x12, 0xbd, 0xf1, 0xc4, 0x67, 0x6a, 0x09, 0x8b,
    0xab, 0xa3, 0x4a, 0x9b, 0x4a, 0x8b, 0x6d, 0xbc, 0xc8, 0x82, 0x08, 0x93,
    0x29, 0x9b, 0x89, 0xab, 0x49, 0x9b, 0x69, 0x9b, 0x0b, 0xb4, 0xca, 0xab,
    0xeb, 0xb3, 0xca, 0xab, 0xeb, 0xbb, 0x2c, 0xbc, 0x0b, 0xbc, 0xaa, 0xab,
    0x2c, 0xbc, 0xef, 0xcc, 0xaa, 0xab, 0x31, 0xd5, 0x31, 0xcd, 0xcf, 0xc4,
    0xb3, 0xdd, 0x72, 0xd5, 0x77, 0xee, 0x09, 0x93, 0xaf, 0xc4, 0x51, 0xdd,
    0x15, 0xe6, 0x52, 0xdd, 0xaa, 0xab, 0xec, 0xbb, 0x92, 0xdd, 0x51, 0xd5,
    0x2c, 0xb4, 0xb3, 0xdd, 0x8f, 0xbc, 0x10, 0xcd, 0x15, 0xe6, 0x72, 0xd5,
    0x14, 0xe6, 0x4e, 0xb4, 0x93, 0xdd, 0xab, 0xab, 0x6d, 0xc4, 0x6d, 0xbc,
    0x52, 0xdd, 0x56, 0xee, 0x92, 0xdd, 0x97, 0xee, 0xcf, 0xcc, 0xef, 0xcc,
    0xf4, 0xe5, 0x48, 0xab, 0xae, 0xcc, 0xeb, 0xbb, 0x10, 0xcd, 0xb3, 0xe5,
    0xf4, 0xe5, 0x1a, 0xf7, 0x78, 0xee, 0x77, 0xee, 0x9d, 0xff, 0xf9, 0xfe,
    0x15, 0xde, 0x5b, 0xff, 0xf9, 0xf6, 0xb8, 0xee, 0xb8, 0xf6, 0xd4, 0xe5,
    0x15, 0xe6, 0xd3, 0xe5, 0x8d, 0xc4, 0x10, 0xd5, 0xcf, 0xcc, 0xae, 0xd4,
    0x6d, 0xcc, 0xf3, 0xe5, 0xcf, 0xcc, 0xf4, 0xe5, 0x35, 0xee, 0x98, 0xee,
    0x77, 0xf6, 0xd9, 0xee, 0xd8, 0xf6, 0xb3, 0xdd, 0xb8, 0xf6, 0x97, 0xee,
    0xb8, 0xee, 0xf4, 0xe5, 0xd8, 0xf6, 0x15, 0xe6, 0x97, 0xee, 0x1a, 0xf7,
    0xb9, 0xf6, 0x3a, 0xf7, 0x97, 0xe6, 0x57, 0xee, 0x19, 0xf7, 0x36, 0xe6,
    0x77, 0xee, 0x3a, 0xf7, 0x36, 0xe6, 0x5c, 0xff, 0x5b, 0xf7, 0xfa, 0xf6,
    0xd9, 0xee, 0x97, 0xee, 0xf9, 0xf6, 0xf9, 0xf6, 0xb8, 0xf6, 0x77, 0xee,
    0x56, 0xee, 0xb2, 0xe5, 0xd3, 0xed, 0x71, 0xe5, 0x10, 0xd5, 0x2f, 0xdd,
    0x2f, 0xdd, 0xee, 0xd4, 0xae, 0xd4, 0x4d, 0xbc, 0x6b, 0x9b, 0xc9, 0x7a,
    0xc9, 0x72, 0x8c, 0x93, 0x4a, 0x8b, 0x6b, 0x8b, 0xea, 0x72, 0xa9, 0x6a,
    0xea, 0x72, 0xea, 0x7a, 0xa9, 0x6a, 0xa9, 0x6a, 0x0a, 0x7b, 0x6c, 0x83,
    0xed, 0x93, 0xb0, 0xb4, 0x8f, 0xb4, 0x4f, 0xa4, 0x32, 0xc5, 0x15, 0xde,
    0x35, 0xe6, 0x76, 0xee, 0x76, 0xf6, 0x36, 0xee, 0xb8, 0xf6, 0x3a, 0xff,
    0x5a, 0xff, 0x7b, 0xff, 0x7b, 0xff, 0x3a, 0xff, 0x18, 0xff, 0xd8, 0xfe,
    0xd8, 0xfe, 0xf8, 0xfe, 0xf9, 0xfe, 0xf9, 0xfe, 0xd8, 0xfe, 0x77, 0xee,
    0x16, 0xd6, 0xb5, 0xcd, 0xd6, 0xcd, 0xb5, 0xcd, 0xb6, 0xc5, 0xb6, 0xbd,
    0xb6, 0xc5, 0xd6, 0xc5, 0xd7, 0xc5, 0xb7, 0xc5, 0xd7, 0xc5, 0xd6, 0xc5,
    0xb6, 0xc5, 0xd7, 0xc5, 0xd6, 0xc5, 0xb6, 0xc5, 0xb6, 0xc5, 0xb6, 0xc5,
    0xb6, 0xbd, 0xd6, 0xc5, 0xb7, 0xc5, 0xb6, 0xc5, 0xd6, 0xc5, 0xd7, 0xc5,
    0xd7, 0xc5, 0xd7, 0xc5, 0xf7, 0xc5, 0xf7, 0xcd, 0x17, 0xce, 0x18, 0xce,
    0x18, 0xd6, 0x38, 0xce, 0x38, 0xce, 0x38, 0xd6, 0x59, 0xd6, 0x59, 0xd6,
    0x58, 0xd6, 0x79, 0xd6, 0x79, 0xd6, 0x59, 0xd6, 0x9a, 0xde, 0x9a, 0xde,
    0xba, 0xde, 0xbb, 0xde, 0xdb, 0xe6, 0xfb, 0xe6, 0x1c, 0xe7, 0x5c, 0xef,
    0x5d, 0xef, 0x7e, 0xf7, 0xbe, 0xf7, 0xbf, 0xff, 0xdf, 0xff, 0xff, 0xff,
    0xff, 0xff, 0xff, 0xff, 0xff, 0xff, 0xff, 0xff, 0xff, 0xff, 0xff, 0xff,
    0xff, 0xff, 0xff, 0xff, 0xff, 0xff, 0xff, 0xff, 0xff, 0xff, 0xff, 0xff,
    0xff, 0xff, 0xff, 0xff, 0xff, 0xff, 0xff, 0xff, 0xff, 0xff, 0xff, 0xff,
    0xff, 0xff, 0xb6, 0xcd, 0x53, 0xcd, 0xf1, 0xcc, 0xd0, 0xcc, 0x6f, 0xc4,
    0x2e, 0xbc, 0x0e, 0xc4, 0x4e, 0xc4, 0x8f, 0xc4, 0x90, 0xcc, 0x8f, 0xc4,
    0x6f, 0xc4, 0x6f, 0xc4, 0x90, 0xc4, 0xd0, 0xcc, 0xd0, 0xc4, 0xb0, 0xcc,
    0x8f, 0xc4, 0x8f, 0xc4, 0x6f, 0xc4, 0x6f, 0xc4, 0x4f, 0xc4, 0x6f, 0xc4,
    0x8f, 0xc4, 0x4f, 0xc4, 0x4e, 0xc4, 0x4e, 0xbc, 0x2e, 0xc4, 0x0e, 0xbc,
    0xed, 0xbb, 0xed, 0xbb, 0x0e, 0xbc, 0xed, 0xb3, 0xed, 0xb3, 0xee, 0xb3,
    0x4f, 0xb4, 0x2f, 0xb4, 0x0e, 0xac, 0x4f, 0xb4, 0x70, 0xb4, 0xd1, 0xbc,
    0x12, 0xc5, 0xb1, 0xb4, 0x90, 0xb4, 0x90, 0xb4, 0xd1, 0xbc, 0xf1, 0xbc,
    0xf1, 0xbc, 0xd1, 0xb4, 0xb1, 0xb4, 0x90, 0xb4, 0x0e, 0xa4, 0xee, 0xa3,
    0x0e, 0xa4, 0xcd, 0x9b, 0xed, 0x9b, 0xed, 0xa3, 0xcd, 0x9b, 0x6b, 0x8b,
    0x0a, 0x7b, 0x0a, 0x83, 0x6c, 0x8b, 0x4a, 0x8b, 0x2a, 0x83, 0xac, 0x93,
    0xac, 0x9b, 0x0a, 0x7b, 0x2a, 0x83, 0x6b, 0x8b, 0xac, 0x9b, 0x6e, 0xbc,
    0x8b, 0x9b, 0x8b, 0x93, 0x8b, 0x93, 0x8b, 0x9b, 0x8b, 0x9b, 0x6a, 0x93,
    0x8a, 0x93, 0xa8, 0x6a, 0x8b, 0x9b, 0x48, 0x6a, 0x33, 0xcd, 0x90, 0xb4,
    0x2a, 0x93, 0xa8, 0x7a, 0x29, 0x83, 0x09, 0x8b, 0x29, 0x8b, 0xcb, 0xa3,
    0x46, 0x6a, 0xc8, 0x8a, 0x49, 0x9b, 0x69, 0xa3, 0x6a, 0xab, 0x08, 0x93,
    0xcb, 0xb3, 0x8a, 0xab, 0xaa, 0xab, 0x89, 0xab, 0xca, 0xb3, 0x0b, 0xbc,
    0xca, 0xb3, 0xcb, 0xbb, 0x0b, 0xbc, 0x2b, 0xbc, 0x8a, 0xab, 0x72, 0xdd,
    0x8e, 0xc4, 0x11, 0xd5, 0x11, 0xcd, 0xf4, 0xe5, 0x53, 0xd5, 0x69, 0xa3,
    0x30, 0xd5, 0xcf, 0xc4, 0x1a, 0xf7, 0x4d, 0xbc, 0x8e, 0xcc, 0x31, 0xcd,
    0x92, 0xdd, 0xb3, 0xd5, 0x0c, 0xbc, 0x72, 0xd5, 0x6e, 0xb4, 0x51, 0xd5,
    0xf4, 0xe5, 0x31, 0xcd, 0xb3, 0xdd, 0xcb, 0xa3, 0x72, 0xd5, 0x8e, 0xc4,
    0xab, 0xab, 0xcf, 0xc4, 0x57, 0xee, 0xd3, 0xdd, 0x92, 0xdd, 0x77, 0xee,
    0x8e, 0xc4, 0xd3, 0xe5, 0x51, 0xdd, 0x08, 0xa3, 0x30, 0xd5, 0x2b, 0xc4,
    0x35, 0xe6, 0x93, 0xdd, 0x97, 0xee, 0x19, 0xf7, 0x77, 0xee, 0x5b, 0xff,
    0x7c, 0xff, 0xf9, 0xf6, 0x98, 0xee, 0x3b, 0xf7, 0x97, 0xee, 0xf9, 0xf6,
    0x97, 0xf6, 0x56, 0xee, 0x30, 0xdd, 0x8e, 0xc4, 0xce, 0xd4, 0xef, 0xdc,
    0xef, 0xdc, 0xcf, 0xcc, 0x92, 0xdd, 0xf0, 0xd4, 0xd4, 0xe5, 0x56, 0xe6,
    0x98, 0xee, 0x97, 0xee, 0xd9, 0xf6, 0xb3, 0xdd, 0x56, 0xee, 0x76, 0xee,
    0xd9, 0xf6, 0x36, 0xe6, 0xb8, 0xee, 0x35, 0xe6, 0x76, 0xee, 0x99, 0xf6,
    0x56, 0xe6, 0x56, 0xe6, 0xb4, 0xdd, 0xd5, 0xd5, 0x77, 0xee, 0x93, 0xd5,
    0xb4, 0xdd, 0x94, 0xd5, 0x16, 0xe6, 0x36, 0xe6, 0x36, 0xe6, 0xd4, 0xdd,
    0x15, 0xe6, 0x36, 0xe6, 0x35, 0xe6, 0x76, 0xee, 0x57, 0xee, 0x97, 0xee,
    0xf4, 0xe5, 0x92, 0xe5, 0x71, 0xe5, 0x0f, 0xd5, 0xef, 0xdc, 0xef, 0xdc,
    0xae, 0xd4, 0x8d, 0xd4, 0x8d, 0xcc, 0x4d, 0xbc, 0xec, 0xab, 0x2a, 0x83,
    0xc9, 0x72, 0xc9, 0x7a, 0xe9, 0x7a, 0x2a, 0x83, 0x88, 0x6a, 0x89, 0x62,
    0xa9, 0x6a, 0xc9, 0x6a, 0xa9, 0x62, 0xca, 0x6a, 0xca, 0x6a, 0x0a, 0x73,
    0x0b, 0x73, 0x0e, 0xa4, 0x6c, 0x8b, 0x6c, 0x83, 0x6f, 0xa4, 0xd1, 0xbc,
    0x72, 0xd5, 0x73, 0xd5, 0x52, 0xcd, 0xd4, 0xdd, 0xb7, 0xf6, 0x39, 0xff,
    0x3a, 0xff, 0x3a, 0xff, 0x39, 0xff, 0x19, 0xff, 0x19, 0xff, 0x39, 0xff,
    0x3a, 0xff, 0x39, 0xff, 0x18, 0xff, 0xf8, 0xfe, 0xd8, 0xfe, 0xd8, 0xf6,
    0x56, 0xe6, 0xd5, 0xcd, 0x95, 0xc5, 0x95, 0xbd, 0x75, 0xbd, 0x75, 0xbd,
    0x96, 0xbd, 0xb6, 0xc5, 0xd6, 0xcd, 0xd6, 0xc5, 0xb6, 0xc5, 0xb6, 0xc5,
    0xb6, 0xc5, 0xb6, 0xc5, 0xd6, 0xc5, 0xb6, 0xc5, 0xb6, 0xc5, 0xb6, 0xbd,
    0xb6, 0xc5, 0xb6, 0xc5, 0x96, 0xc5, 0xb6, 0xbd, 0xb6, 0xbd, 0x96, 0xc5,
    0x96, 0xbd, 0x96, 0xbd, 0xb6, 0xc5, 0xb6, 0xc5, 0xb6, 0xbd, 0xb6, 0xc5,
    0xd6, 0xc5, 0xd7, 0xc5, 0xd7, 0xc5, 0xf7, 0xcd, 0xf7, 0xcd, 0x17, 0xce,
    0x18, 0xce, 0x37, 0xce, 0x38, 0xd6, 0x38, 0xd6, 0x58, 0xd6, 0x59, 0xd6,
    0x79, 0xd6, 0x99, 0xde, 0x9a, 0xde, 0xba, 0xe6, 0xdb, 0xe6, 0xfb, 0xe6,
    0x1c, 0xef, 0x3d, 0xef, 0x5d, 0xf7, 0x9e, 0xf7, 0x9e, 0xf7, 0xbf, 0xff,
    0xdf, 0xff, 0xff, 0xff, 0xff, 0xff, 0xff, 0xff, 0xff, 0xff, 0xff, 0xff,
    0xff, 0xff, 0xff, 0xff, 0xff, 0xff, 0xff, 0xff, 0xff, 0xff, 0xff, 0xff,
    0xff, 0xff, 0xff, 0xff, 0xff, 0xff, 0xff, 0xff, 0xff, 0xff, 0xff, 0xff,
    0xff, 0xff, 0xff, 0xff, 0xd6, 0xcd, 0x73, 0xcd, 0xf1, 0xc4, 0xd0, 0xcc,
    0x8f, 0xc4, 0x2f, 0xc4, 0x0e, 0xbc, 0x6f, 0xc4, 0x90, 0xc4, 0x6f, 0xc4,
    0x90, 0xc4, 0x90, 0xc4, 0xd0, 0xcc, 0xd1, 0xcc, 0xaf, 0xc4, 0x6f, 0xc4,
    0x4f, 0xc4, 0x4f, 0xc4, 0x4f, 0xc4, 0x4f, 0xc4, 0x6f, 0xc4, 0x6f, 0xc4,
    0xb0, 0xcc, 0x4f, 0xc4, 0x6e, 0xc4, 0x6f, 0xc4, 0x4f, 0xc4, 0x2e, 0xc4,
    0x4f, 0xbc, 0x4e, 0xbc, 0x4e, 0xbc, 0x2e, 0xbc, 0x0e, 0xb4, 0x4f, 0xbc,
    0xb0, 0xbc, 0x6f, 0xb4, 0x4f, 0xb4, 0xb0, 0xbc, 0xf2, 0xc4, 0x32, 0xc5,
    0xf2, 0xc4, 0x90, 0xb4, 0x4f, 0xac, 0x2f, 0xac, 0x2f, 0xac, 0x0e, 0xa4,
    0xee, 0x9b, 0xcd, 0x9b, 0xad, 0x93, 0xad, 0x9b, 0xcd, 0x9b, 0xcd, 0x93,
    0xad, 0x9b, 0xcd, 0x9b, 0x8c, 0x8b, 0x4b, 0x8b, 0x8c, 0x93, 0xad, 0x93,
    0xac, 0x9b, 0xac, 0x93, 0x2b, 0x83, 0x0a, 0x83, 0x0a, 0x83, 0x2a, 0x83,
    0x0a, 0x7b, 0x2a, 0x83, 0x2e, 0xac, 0x0d, 0xac, 0x2d, 0xac, 0xcc, 0x9b,
    0x6b, 0x8b, 0xcc, 0x9b, 0x6b, 0x93, 0xeb, 0xa3, 0x4a, 0x8b, 0xab, 0x9b,
    0x0a, 0x83, 0x6a, 0x93, 0xec, 0xa3, 0xc9, 0x7a, 0x29, 0x83, 0x67, 0x62,
    0x93, 0xd5, 0x8f, 0xac, 0x4a, 0x9b, 0xa8, 0x7a, 0xc9, 0x7a, 0xe9, 0x82,
    0xcb, 0xa3, 0x6a, 0x9b, 0xe8, 0x8a, 0x08, 0x93, 0xaa, 0xab, 0x08, 0x93,
    0x49, 0xa3, 0x08, 0x9b, 0xaa, 0xb3, 0x8a, 0xab, 0x89, 0xab, 0x8a, 0xab,
    0x88, 0xab, 0x0c, 0xc4, 0xca, 0xb3, 0xaa, 0xab, 0x0b, 0xc4, 0xcb, 0xb3,
    0xca, 0xb3, 0x51, 0xd5, 0x0b, 0xb4, 0x10, 0xd5, 0x51, 0xd5, 0xb7, 0xf6,
    0x0c, 0xb4, 0x6e, 0xc4, 0x8e, 0xc4, 0x92, 0xd5, 0xb8, 0xee, 0x8a, 0xa3,
    0x51, 0xd5, 0xd4, 0xdd, 0x93, 0xd5, 0x11, 0xcd, 0x2c, 0xbc, 0x51, 0xd5,
    0x31, 0xcd, 0xf0, 0xc4, 0xd4, 0xe5, 0xb3, 0xdd, 0xae, 0xc4, 0xef, 0xcc,
    0x6e, 0xbc, 0x4d, 0xbc, 0x6e, 0xbc, 0x10, 0xd5, 0xd8, 0xf6, 0xb2, 0xdd,
    0x92, 0xdd, 0xf4, 0xe5, 0xcf, 0xcc, 0x97, 0xf6, 0xae, 0xcc, 0x28, 0xa3,
    0xb2, 0xe5, 0xd3, 0xe5, 0x56, 0xee, 0x15, 0xe6, 0x97, 0xee, 0xf9, 0xf6,
    0xf9, 0xf6, 0x7c, 0xff, 0x5b, 0xff, 0xb9, 0xf6, 0x3a, 0xff, 0xb8, 0xf6,
    0x97, 0xee, 0x76, 0xee, 0x76, 0xee, 0x72, 0xe5, 0xcf, 0xd4, 0x8e, 0xcc,
    0xcf, 0xd4, 0xad, 0xd4, 0x10, 0xd5, 0x31, 0xdd, 0x72, 0xdd, 0xd4, 0xe5,
    0x96, 0xee, 0x98, 0xee, 0xd9, 0xf6, 0xf4, 0xdd, 0xd4, 0xe5, 0x97, 0xee,
    0xb8, 0xee, 0x36, 0xe6, 0x36, 0xe6, 0x51, 0xd5, 0x98, 0xee, 0x77, 0xe6,
    0x93, 0xd5, 0x52, 0xd5, 0xb0, 0xbc, 0x90, 0xbc, 0x4e, 0xac, 0xac, 0x9b,
    0xa9, 0x7a, 0xea, 0x72, 0x0a, 0x7b, 0x6b, 0x8b, 0x8c, 0x93, 0xf1, 0xcc,
    0x52, 0xd5, 0x53, 0xd5, 0xb4, 0xd5, 0x36, 0xee, 0x15, 0xe6, 0xf6, 0xe5,
    0xf5, 0xe5, 0x92, 0xdd, 0x10, 0xd5, 0x8e, 0xcc, 0x6d, 0xcc, 0x6c, 0xcc,
    0x2c, 0xc4, 0x6c, 0xcc, 0xcb, 0xb3, 0x6a, 0xa3, 0xcb, 0xab, 0xe9, 0x82,
    0x68, 0x62, 0xa8, 0x6a, 0xac, 0x93, 0xea, 0x7a, 0xc9, 0x72, 0x48, 0x5a,
    0xea, 0x72, 0x0a, 0x7b, 0xa9, 0x6a, 0x89, 0x62, 0x89, 0x6a, 0x0a, 0x7b,
    0x89, 0x5a, 0x6c, 0x93, 0x2b, 0x73, 0x4c, 0x7b, 0x8d, 0x93, 0xcd, 0x93,
    0x4f, 0xa4, 0x70, 0xb4, 0xf1, 0xc4, 0x15, 0xde, 0x76, 0xee, 0x96, 0xee,
    0x97, 0xee, 0xd8, 0xfe, 0x18, 0xff, 0x19, 0xff, 0x39, 0xff, 0x3a, 0xff,
    0x5a, 0xff, 0x39, 0xff, 0x18, 0xff, 0xf8, 0xfe, 0x18, 0xff, 0xf8, 0xfe,
    0x98, 0xee, 0x16, 0xde, 0xf6, 0xdd, 0xd5, 0xd5, 0x94, 0xc5, 0x54, 0xbd,
    0x74, 0xbd, 0x95, 0xc5, 0xd6, 0xcd, 0xb6, 0xcd, 0xb6, 0xcd, 0xb6, 0xc5,
    0x96, 0xc5, 0xd6, 0xc5, 0xb6, 0xc5, 0xb6, 0xc5, 0xb6, 0xc5, 0xb6, 0xc5,
    0xb6, 0xc5, 0xb6, 0xc5, 0xb6, 0xbd, 0x96, 0xc5, 0x75, 0xc5, 0x95, 0xbd,
    0x95, 0xbd, 0x75, 0xbd, 0x75, 0xbd, 0x75, 0xbd, 0x75, 0xbd, 0x75, 0xbd,
    0x75, 0xbd, 0x75, 0xbd, 0x95, 0xbd, 0x96, 0xc5, 0x96, 0xc5, 0x96, 0xc5,
    0xb6, 0xc5, 0xb6, 0xc5, 0xd7, 0xc5, 0xf7, 0xcd, 0xf7, 0xcd, 0x18, 0xce,
    0x38, 0xd6, 0x58, 0xd6, 0x79, 0xd6, 0x79, 0xd6, 0x9a, 0xde, 0xbb, 0xde,
    0xfb, 0xe6, 0x1c, 0xe7, 0x3c, 0xef, 0x5d, 0xef, 0x7e, 0xf7, 0x7e, 0xf7,
    0x9f, 0xf7, 0xdf, 0xff, 0xdf, 0xff, 0xdf, 0xff, 0xff, 0xff, 0xff, 0xff,
    0xff, 0xff, 0xff, 0xff, 0xff, 0xff, 0xff, 0xff, 0xff, 0xff, 0xff, 0xff,
    0xff, 0xff, 0xff, 0xff, 0xff, 0xff, 0xff, 0xff, 0xff, 0xff, 0xff, 0xff,
    0xff, 0xff, 0xff, 0xff, 0xff, 0xff, 0x95, 0xc5, 0xb5, 0xcd, 0x12, 0xcd,
    0xb1, 0xc4, 0x90, 0xc4, 0x4f, 0xc4, 0x4e, 0xc4, 0x6f, 0xc4, 0x6f, 0xc4,
    0x8f, 0xc4, 0x8f, 0xc4, 0xb0, 0xcc, 0xb0, 0xc4, 0x6f, 0xc4, 0x4f, 0xc4,
    0x6f, 0xc4, 0x6f, 0xc4, 0x6e, 0xc4, 0x6f, 0xc4, 0x6e, 0xc4, 0x8f, 0xc4,
    0x6e, 0xc4, 0x6f, 0xc4, 0xb0, 0xc4, 0x4f, 0xc4, 0x4e, 0xc4, 0x4e, 0xc4,
    0x4e, 0xc4, 0x6e, 0xbc, 0x4e, 0xbc, 0x4e, 0xbc, 0x6f, 0xbc, 0xb0, 0xc4,
    0xb0, 0xbc, 0x6f, 0xbc, 0x6f, 0xb4, 0xf1, 0xc4, 0x33, 0xcd, 0x53, 0xc5,
    0x90, 0xb4, 0x4f, 0xac, 0x4f, 0xac, 0x70, 0xb4, 0x91, 0xb4, 0xb1, 0xb4,
    0x50, 0xb4, 0x4f, 0xac, 0x4f, 0xac, 0x0e, 0xa4, 0xad, 0x9b, 0x8c, 0x8b,
    0x4c, 0x8b, 0x6c, 0x8b, 0xad, 0x93, 0xac, 0x93, 0x6c, 0x8b, 0x2b, 0x83,
    0x4b, 0x83, 0x6b, 0x8b, 0xcc, 0x9b, 0xcc, 0x9b, 0x2b, 0x7b, 0x2b, 0x83,
    0xc9, 0x72, 0xca, 0x72, 0xe9, 0x7a, 0x2a, 0x83, 0xec, 0xa3, 0x8e, 0xb4,
    0x0d, 0xac, 0x0c, 0xac, 0xab, 0x9b, 0x6a, 0x93, 0x6b, 0x93, 0x8b, 0x9b,
    0x09, 0x83, 0xcc, 0x9b, 0x09, 0x83, 0x2a, 0x8b, 0xab, 0x9b, 0xcc, 0xa3,
    0x2d, 0xac, 0x0a, 0x83, 0x11, 0xc5, 0xf0, 0xbc, 0x09, 0x8b, 0xe9, 0x82,
    0xe9, 0x82, 0x6a, 0x9b, 0xed, 0xab, 0x6a, 0x93, 0x49, 0x9b, 0xc8, 0x8a,
    0x6a, 0xa3, 0x8a, 0xab, 0x08, 0x93, 0x28, 0x9b, 0x69, 0xa3, 0x8a, 0xab,
    0x68, 0xa3, 0x8a, 0xab, 0x48, 0xa3, 0xcb, 0xb3, 0x89, 0xa3, 0xca, 0xb3,
    0xcb, 0xb3, 0x4c, 0xc4, 0x8a, 0xab, 0x50, 0xd5, 0xeb, 0xb3, 0x10, 0xd5,
    0x31, 0xd5, 0xf4, 0xe5, 0x8a, 0xa3, 0x30, 0xd5, 0x4e, 0xbc, 0x55, 0xee,
    0x73, 0xd5, 0x6a, 0x9b, 0x15, 0xe6, 0x72, 0xd5, 0x16, 0xe6, 0xcf, 0xc4,
    0xef, 0xcc, 0x52, 0xd5, 0xb3, 0xd5, 0xcf, 0xc4, 0xd4, 0xe5, 0x15, 0xe6,
    0x0d, 0xb4, 0x51, 0xd5, 0x4d, 0xc4, 0x6d, 0xbc, 0x4d, 0xc4, 0x76, 0xee,
    0x35, 0xe6, 0x10, 0xd5, 0x56, 0xee, 0x50, 0xdd, 0xf3, 0xe5, 0x35, 0xe6,
    0xeb, 0xbb, 0x48, 0xa3, 0x13, 0xee, 0xd9, 0xf6, 0xf4, 0xe5, 0xb8, 0xee,
    0x35, 0xe6, 0x1a, 0xf7, 0x5b, 0xff, 0x5c, 0xff, 0x5c, 0xff, 0xd9, 0xf6,
    0x1a, 0xff, 0xf9, 0xf6, 0xd9, 0xf6, 0xd4, 0xe5, 0x15, 0xe6, 0x91, 0xe5,
    0xcf, 0xd4, 0x30, 0xdd, 0x4c, 0xc4, 0x10, 0xdd, 0x30, 0xd5, 0x35, 0xee,
    0xb4, 0xd5, 0xb7, 0xf6, 0x97, 0xee, 0xb8, 0xee, 0xd0, 0xc4, 0x56, 0xee,
    0xd9, 0xf6, 0x57, 0xe6, 0x56, 0xe6, 0xf0, 0xcc, 0xb9, 0xee, 0x16, 0xde,
    0x6e, 0xbc, 0x4f, 0xb4, 0xc9, 0x72, 0xa9, 0x72, 0xa6, 0x51, 0xe7, 0x51,
    0x48, 0x62, 0xca, 0x72, 0xca, 0x7a, 0xea, 0x7a, 0xea, 0x7a, 0xea, 0x7a,
    0x4b, 0x8b, 0xed, 0xa3, 0x2e, 0xac, 0x53, 0xd5, 0xd5, 0xdd, 0x16, 0xe6,
    0xd4, 0xdd, 0x52, 0xd5, 0xcf, 0xcc, 0xcf, 0xcc, 0x6c, 0xcc, 0xeb, 0xbb,
    0xeb, 0xbb, 0xab, 0xb3, 0x6a, 0xa3, 0x8b, 0xa3, 0x2c, 0xb4, 0xc8, 0x72,
    0x68, 0x6a, 0xc9, 0x72, 0x8f, 0xbc, 0x89, 0x62, 0x89, 0x62, 0x2b, 0x83,
    0xca, 0x6a, 0x2b, 0x83, 0xea, 0x72, 0x68, 0x5a, 0xca, 0x6a, 0x2b, 0x7b,
    0x89, 0x5a, 0x0b, 0x7b, 0x0b, 0x73, 0x0b, 0x73, 0x4c, 0x83, 0x0b, 0x73,
    0x6c, 0x8b, 0xcd, 0x93, 0xb0, 0xac, 0x31, 0xc5, 0x32, 0xc5, 0x93, 0xd5,
    0xf5, 0xe5, 0x77, 0xee, 0xf8, 0xfe, 0x1a, 0xff, 0x3a, 0xff, 0x39, 0xff,
    0x18, 0xff, 0xf8, 0xfe, 0xd8, 0xfe, 0xf8, 0xfe, 0x19, 0xff, 0xf8, 0xfe,
    0xd8, 0xfe, 0x98, 0xf6, 0x56, 0xe6, 0x36, 0xde, 0xf6, 0xd5, 0x74, 0xc5,
    0x54, 0xbd, 0x54, 0xc5, 0xb6, 0xc5, 0xd6, 0xcd, 0xd6, 0xc5, 0xb6, 0xbd,
    0x95, 0xc5, 0xb5, 0xc5, 0x96, 0xc5, 0x96, 0xc5, 0x96, 0xc5, 0x96, 0xc5,
    0xb6, 0xc5, 0x96, 0xc5, 0x96, 0xc5, 0x96, 0xc5, 0x95, 0xc5, 0x96, 0xbd,
    0x95, 0xbd, 0x75, 0xbd, 0x75, 0xbd, 0x55, 0xb5, 0x55, 0xb5, 0x54, 0xb5,
    0x34, 0xb5, 0x35, 0xb5, 0x54, 0xb5, 0x54, 0xbd, 0x54, 0xbd, 0x54, 0xbd,
    0x75, 0xbd, 0x75, 0xbd, 0x95, 0xbd, 0x96, 0xc5, 0xb6, 0xc5, 0xb6, 0xc5,
    0xd7, 0xc5, 0x17, 0xce, 0xf8, 0xcd, 0x38, 0xd6, 0x58, 0xd6, 0x79, 0xd6,
    0x9a, 0xde, 0xba, 0xde, 0xdb, 0xe6, 0x1c, 0xe7, 0x3c, 0xe7, 0x5d, 0xef,
    0x5d, 0xf7, 0x9e, 0xf7, 0xbe, 0xf7, 0xbf, 0xff, 0xdf, 0xff, 0xdf, 0xff,
    0xdf, 0xff, 0xff, 0xff, 0xff, 0xff, 0xff, 0xff, 0xff, 0xff, 0xff, 0xff,
    0xff, 0xff, 0xff, 0xff, 0xff, 0xff, 0xff, 0xff, 0xff, 0xff, 0xff, 0xff,
    0xff, 0xff, 0xff, 0xff, 0xff, 0xff, 0xff, 0xff, 0x75, 0xbd, 0xb5, 0xd5,
    0x52, 0xcd, 0xd0, 0xc4, 0x90, 0xc4, 0x8f, 0xc4, 0x4f, 0xc4, 0x0e, 0xc4,
    0x6f, 0xc4, 0x6f, 0xc4, 0x6f, 0xc4, 0x6f, 0xc4, 0x6f, 0xc4, 0x6f, 0xc4,
    0x6f, 0xc4, 0x6f, 0xc4, 0x6f, 0xc4, 0x6e, 0xc4, 0x6e, 0xc4, 0x4f, 0xc4,
    0x4f, 0xc4, 0x4f, 0xc4, 0x4e, 0xc4, 0x6f, 0xbc, 0x6f, 0xc4, 0x0d, 0xbc,
    0x2e, 0xbc, 0x2e, 0xbc, 0x0e, 0xbc, 0x0e, 0xbc, 0x0f, 0xb4, 0x4f, 0xbc,
    0x6f, 0xbc, 0x4f, 0xb4, 0xb1, 0xbc, 0x33, 0xc5, 0x33, 0xcd, 0xf1, 0xbc,
    0x90, 0xb4, 0xb0, 0xb4, 0xd1, 0xc4, 0xf2, 0xc4, 0x11, 0xc5, 0xb0, 0xbc,
    0xb0, 0xb4, 0x90, 0xb4, 0x4f, 0xac, 0x0e, 0xa4, 0xee, 0xa3, 0xee, 0xa3,
    0xac, 0x9b, 0xac, 0x93, 0x6c, 0x93, 0x2b, 0x83, 0x2b, 0x83, 0x2b, 0x8b,
    0x0b, 0x7b, 0xc9, 0x6a, 0xa9, 0x72, 0xca, 0x72, 0x6b, 0x8b, 0x2e, 0xac,
    0x2b, 0x83, 0xac, 0x93, 0x8c, 0x93, 0xcc, 0xa3, 0x0d, 0xa4, 0xac, 0x9b,
    0x6b, 0x93, 0x8f, 0xbc, 0x2d, 0xac, 0xcc, 0x9b, 0xab, 0x9b, 0x8b, 0x93,
    0x0a, 0x83, 0x6b, 0x93, 0x09, 0x83, 0x2a, 0x8b, 0xa8, 0x72, 0xa8, 0x6a,
    0xa8, 0x72, 0x2a, 0x83, 0xab, 0x9b, 0x4a, 0x93, 0x6f, 0xa4, 0x52, 0xc5,
    0xea, 0x82, 0x09, 0x8b, 0xe9, 0x82, 0x29, 0x8b, 0x8b, 0x9b, 0x49, 0x93,
    0xaa, 0xab, 0xe8, 0x8a, 0xe8, 0x8a, 0x8a, 0xab, 0x48, 0xa3, 0x28, 0x9b,
    0x08, 0x93, 0xaa, 0xab, 0x29, 0xa3, 0x69, 0xa3, 0x69, 0xab, 0xca, 0xb3,
    0x89, 0xa3, 0x49, 0xab, 0xca, 0xb3, 0x2b, 0xc4, 0x69, 0xa3, 0xcf, 0xd4,
    0x0c, 0xb4, 0x72, 0xdd, 0x92, 0xdd, 0x6d, 0xbc, 0xae, 0xc4, 0x8f, 0xc4,
    0xef, 0xcc, 0x57, 0xee, 0x2d, 0xb4, 0x72, 0xd5, 0xf5, 0xe5, 0xf0, 0xc4,
    0x15, 0xe6, 0x8e, 0xc4, 0xef, 0xc4, 0x73, 0xd5, 0xaf, 0xc4, 0x71, 0xd5,
    0xd4, 0xdd, 0xd3, 0xdd, 0x71, 0xd5, 0xaf, 0xc4, 0x4d, 0xb4, 0x6e, 0xbc,
    0xcf, 0xcc, 0x98, 0xf6, 0x15, 0xee, 0xae, 0xcc, 0xf4, 0xe5, 0xb2, 0xdd,
    0x35, 0xe6, 0x91, 0xe5, 0xeb, 0xbb, 0x4d, 0xc4, 0xb7, 0xf6, 0x77, 0xee,
    0x56, 0xee, 0x97, 0xee, 0x57, 0xee, 0x3a, 0xff, 0x7b, 0xff, 0x7c, 0xf7,
    0xf9, 0xf6, 0x1a, 0xf7, 0xd9, 0xf6, 0x5b, 0xff, 0xf5, 0xe5, 0x35, 0xee,
    0x92, 0xdd, 0x0f, 0xd5, 0x92, 0xe5, 0x4c, 0xcc, 0x0f, 0xdd, 0x30, 0xd5,
    0x77, 0xee, 0x36, 0xe6, 0x96, 0xf6, 0x98, 0xf6, 0x36, 0xe6, 0x93, 0xd5,
    0x77, 0xee, 0xb8, 0xee, 0x56, 0xe6, 0xf0, 0xc4, 0xb8, 0xee, 0x73, 0xd5,
    0x6e, 0xbc, 0x4b, 0x8b, 0xc7, 0x51, 0x07, 0x5a, 0xcb, 0x72, 0xcd, 0x93,
    0x90, 0xac, 0xb1, 0xb4, 0xb2, 0xac, 0x71, 0xac, 0x91, 0xac, 0x91, 0xb4,
    0xf2, 0xbc, 0x13, 0xcd, 0xb1, 0xbc, 0x4e, 0xac, 0xf1, 0xcc, 0xb4, 0xd5,
    0xb4, 0xdd, 0x32, 0xd5, 0xf1, 0xcc, 0xcf, 0xcc, 0x0c, 0xbc, 0xec, 0xbb,
    0x0b, 0xc4, 0x8a, 0xab, 0x6a, 0xa3, 0x8a, 0xa3, 0x4c, 0xbc, 0x6b, 0x93,
    0xed, 0x9b, 0xcc, 0x9b, 0x52, 0xd5, 0x6c, 0x83, 0x8c, 0x8b, 0x0a, 0x73,
    0x6b, 0x83, 0x4b, 0x83, 0xca, 0x6a, 0x28, 0x5a, 0x4b, 0x83, 0x4b, 0x83,
    0xca, 0x6a, 0xa9, 0x6a, 0x4c, 0x83, 0x89, 0x62, 0x0b, 0x73, 0xea, 0x6a,
    0xea, 0x72, 0x0a, 0x7b, 0xee, 0x93, 0x0e, 0x9c, 0xee, 0x9b, 0x8f, 0xb4,
    0x31, 0xcd, 0x73, 0xd5, 0x56, 0xee, 0xf9, 0xfe, 0xf8, 0xfe, 0xd7, 0xfe,
    0x97, 0xf6, 0xd7, 0xfe, 0xf8, 0xfe, 0x18, 0xff, 0x39, 0xff, 0x19, 0xff,
    0x18, 0xff, 0xf8, 0xfe, 0xd8, 0xf6, 0x76, 0xe6, 0xf6, 0xdd, 0x94, 0xcd,
    0x53, 0xbd, 0x33, 0xb5, 0x75, 0xbd, 0xb6, 0xc5, 0xb6, 0xcd, 0x75, 0xbd,
    0x95, 0xbd, 0x95, 0xbd, 0x95, 0xbd, 0x96, 0xc5, 0x95, 0xc5, 0xb6, 0xc5,
    0xb6, 0xc5, 0xb5, 0xc5, 0x96, 0xc5, 0xb5, 0xc5, 0xb5, 0xbd, 0x95, 0xbd,
    0x96, 0xbd, 0x76, 0xbd, 0x75, 0xbd, 0x75, 0xbd, 0x54, 0xb5, 0x34, 0xbd,
    0x34, 0xb5, 0x34, 0xb5, 0x34, 0xb5, 0x34, 0xb5, 0x14, 0xb5, 0x14, 0xb5,
    0x34, 0xad, 0x34, 0xb5, 0x34, 0xb5, 0x54, 0xbd, 0x74, 0xbd, 0x75, 0xbd,
    0x76, 0xbd, 0xb5, 0xc5, 0xb6, 0xc5, 0xd7, 0xc5, 0xf7, 0xcd, 0x18, 0xce,
    0x38, 0xd6, 0x59, 0xd6, 0x99, 0xde, 0xbb, 0xde, 0xdb, 0xe6, 0x1c, 0xe7,
    0x1d, 0xef, 0x5d, 0xef, 0x7d, 0xf7, 0x7e, 0xf7, 0xbe, 0xff, 0xbf, 0xff,
    0xdf, 0xff, 0xdf, 0xff, 0xff, 0xff, 0xff, 0xff, 0xff, 0xff, 0xff, 0xff,
    0xff, 0xff, 0xff, 0xff, 0xff, 0xff, 0xff, 0xff, 0xff, 0xff, 0xff, 0xff,
    0xff, 0xff, 0xff, 0xff, 0xff, 0xff, 0xff, 0xff, 0xff, 0xff, 0x34, 0xbd,
    0xb5, 0xcd, 0x74, 0xcd, 0xf1, 0xc4, 0xb0, 0xcc, 0x8f, 0xc4, 0x2e, 0xc4,
    0x0e, 0xbc, 0x4f, 0xc4, 0x6f, 0xc4, 0x6f, 0xc4, 0x6f, 0xc4, 0x6f, 0xc4,
    0x6f, 0xc4, 0x6f, 0xbc, 0x4e, 0xc4, 0x4e, 0xbc, 0x4e, 0xbc, 0x2e, 0xb4,
    0x2e, 0xbc, 0x4e, 0xbc, 0x2e, 0xbc, 0x2e, 0xbc, 0x0d, 0xbc, 0xd1, 0xc4,
    0x90, 0xbc, 0xcd, 0xab, 0x0e, 0xbc, 0x2e, 0xbc, 0x4e, 0xbc, 0x4f, 0xbc,
    0x6f, 0xbc, 0xd1, 0xc4, 0x53, 0xcd, 0x73, 0xcd, 0x33, 0xc5, 0xd1, 0xbc,
    0xd1, 0xbc, 0x11, 0xc5, 0x12, 0xc5, 0xb1, 0xbc, 0x4f, 0xac, 0xee, 0xa3,
    0xac, 0x9b, 0x6c, 0x8b, 0x2c, 0x93, 0x6c, 0x93, 0xce, 0x9b, 0xed, 0x9b,
    0xee, 0x9b, 0xad, 0x93, 0x6c, 0x8b, 0x0a, 0x83, 0xca, 0x72, 0xc9, 0x72,
    0x0b, 0x7b, 0x2b, 0x83, 0x4b, 0x8b, 0x0a, 0x7b, 0xea, 0x7a, 0xca, 0x72,
    0x2a, 0x7b, 0x0e, 0xa4, 0xed, 0x9b, 0xac, 0x93, 0x6c, 0x8b, 0xec, 0xa3,
    0xaf, 0xbc, 0x6e, 0xb4, 0xec, 0xa3, 0x6e, 0xb4, 0x0d, 0xac, 0x8b, 0x93,
    0x6a, 0x8b, 0x29, 0x83, 0x2a, 0x8b, 0x6a, 0x93, 0x4a, 0x8b, 0x88, 0x6a,
    0x6a, 0x93, 0xe9, 0x7a, 0x06, 0x52, 0x47, 0x62, 0x4a, 0x83, 0xab, 0xa3,
    0xcd, 0x9b, 0x53, 0xbd, 0xa8, 0x72, 0x8b, 0x9b, 0x09, 0x8b, 0xc8, 0x82,
    0x4d, 0xb4, 0x08, 0x8b, 0x49, 0x9b, 0x8a, 0xab, 0xe8, 0x92, 0x28, 0xa3,
    0x28, 0x9b, 0x08, 0x9b, 0x08, 0x93, 0x48, 0xab, 0x28, 0x9b, 0xaa, 0xb3,
    0x8e, 0xc4, 0x29, 0x9b, 0x69, 0xa3, 0xea, 0xbb, 0x2b, 0xbc, 0x8a, 0xab,
    0x8a, 0xab, 0x4d, 0xc4, 0x0c, 0xbc, 0xb2, 0xdd, 0xf0, 0xd4, 0x2c, 0xbc,
    0xaf, 0xc4, 0xaf, 0xc4, 0x50, 0xd5, 0x57, 0xee, 0x4e, 0xb4, 0xb3, 0xdd,
    0xb3, 0xdd, 0x72, 0xd5, 0xd5, 0xdd, 0x8a, 0xa3, 0x51, 0xdd, 0xb3, 0xd5,
    0x4d, 0xb4, 0xb3, 0xe5, 0x57, 0xe6, 0x11, 0xcd, 0xd4, 0xe5, 0xae, 0xbc,
    0x0c, 0xb4, 0xcf, 0xcc, 0xb2, 0xe5, 0xd8, 0xee, 0x51, 0xdd, 0x51, 0xd5,
    0xd4, 0xe5, 0x71, 0xdd, 0x76, 0xee, 0x8e, 0xcc, 0x0c, 0xbc, 0x92, 0xdd,
    0x1a, 0xff, 0xd4, 0xdd, 0x1a, 0xf7, 0x56, 0xee, 0xb8, 0xf6, 0x3a, 0xff,
    0x5c, 0xff, 0x7b, 0xff, 0xd9, 0xf6, 0xd9, 0xf6, 0x3a, 0xff, 0xd9, 0xf6,
    0x15, 0xe6, 0x56, 0xee, 0x4d, 0xc4, 0x91, 0xe5, 0xae, 0xcc, 0xcf, 0xd4,
    0x30, 0xdd, 0xb8, 0xf6, 0x98, 0xf6, 0x15, 0xe6, 0xf9, 0xfe, 0xd4, 0xe5,
    0x56, 0xee, 0x56, 0xe6, 0x77, 0xee, 0x73, 0xd5, 0x51, 0xd5, 0x71, 0xd5,
    0x2a, 0x93, 0x85, 0x41, 0x49, 0x52, 0x0e, 0x9c, 0x70, 0xa4, 0x0f, 0x9c,
    0xcd, 0x72, 0xe9, 0x51, 0x87, 0x41, 0x46, 0x39, 0x65, 0x31, 0x46, 0x39,
    0x86, 0x41, 0xc7, 0x49, 0x08, 0x52, 0x2c, 0x83, 0xb1, 0xb4, 0x94, 0xdd,
    0x74, 0xdd, 0x70, 0xc4, 0x70, 0xc4, 0x32, 0xcd, 0xf1, 0xcc, 0x8e, 0xc4,
    0xef, 0xcc, 0x0c, 0xb4, 0xcb, 0xab, 0xad, 0xc4, 0x4d, 0xbc, 0xd0, 0xbc,
    0x11, 0xcd, 0x32, 0xc5, 0x73, 0xd5, 0xed, 0x93, 0x0d, 0xa4, 0x6c, 0x8b,
    0x0e, 0x9c, 0x0e, 0x9c, 0x4b, 0x7b, 0x8c, 0x8b, 0x8c, 0x8b, 0xcd, 0x93,
    0xcd, 0x8b, 0x8a, 0x62, 0x4b, 0x83, 0xea, 0x72, 0xea, 0x72, 0x0a, 0x7b,
    0xca, 0x6a, 0xaa, 0x62, 0x6c, 0x8b, 0x6c, 0x8b, 0x6c, 0x8b, 0x8d, 0x93,
    0x8c, 0x93, 0x4f, 0xa4, 0x31, 0xc5, 0xd4, 0xe5, 0x35, 0xe6, 0xf4, 0xe5,
    0x14, 0xe6, 0x97, 0xf6, 0x19, 0xff, 0x39, 0xff, 0x3a, 0xff, 0x1a, 0xff,
    0x39, 0xff, 0x19, 0xff, 0xd8, 0xfe, 0x57, 0xee, 0xf5, 0xdd, 0xb4, 0xcd,
    0x74, 0xc5, 0x33, 0xbd, 0x34, 0xbd, 0x95, 0xbd, 0x95, 0xc5, 0x95, 0xbd,
    0x55, 0xbd, 0x54, 0xbd, 0x75, 0xbd, 0x75, 0xc5, 0x95, 0xc5, 0x95, 0xbd,
    0x95, 0xc5, 0x96, 0xc5, 0xb5, 0xc5, 0xb6, 0xc5, 0xb5, 0xc5, 0xb6, 0xc5,
    0x95, 0xc5, 0x95, 0xbd, 0x75, 0xbd, 0x55, 0xbd, 0x54, 0xb5, 0x54, 0xbd,
    0x54, 0xb5, 0x34, 0xb5, 0x34, 0xb5, 0x13, 0xb5, 0x13, 0xb5, 0xf3, 0xac,
    0x13, 0xad, 0x13, 0xad, 0xf3, 0xac, 0xf4, 0xb4, 0x13, 0xb5, 0x14, 0xb5,
    0x34, 0xb5, 0x54, 0xb5, 0x55, 0xbd, 0x75, 0xbd, 0x95, 0xc5, 0xb6, 0xc5,
    0xd6, 0xc5, 0x17, 0xc6, 0x39, 0xce, 0x58, 0xd6, 0x99, 0xde, 0x9a, 0xe6,
    0xda, 0xe6, 0xfb, 0xe6, 0x3c, 0xef, 0x5d, 0xef, 0x5e, 0xf7, 0x7e, 0xf7,
    0x9e, 0xf7, 0xbf, 0xf7, 0xdf, 0xff, 0xdf, 0xff, 0xdf, 0xff, 0xff, 0xff,
    0xff, 0xff, 0xff, 0xff, 0xff, 0xff, 0xff, 0xff, 0xff, 0xff, 0xff, 0xff,
    0xff, 0xff, 0xff, 0xff, 0xff, 0xff, 0xff, 0xff, 0xff, 0xff, 0xff, 0xff,
    0x34, 0xb5, 0x95, 0xc5, 0xb4, 0xcd, 0x32, 0xcd, 0xd0, 0xc4, 0x8f, 0xc4,
    0x0e, 0xc4, 0x0e, 0xc4, 0x4f, 0xc4, 0x6e, 0xc4, 0x6f, 0xc4, 0x6f, 0xc4,
    0x6f, 0xc4, 0x4f, 0xc4, 0x6f, 0xc4, 0x4e, 0xc4, 0x2e, 0xbc, 0x2e, 0xbc,
    0x2e, 0xbc, 0x2d, 0xbc, 0x0e, 0xbc, 0x0d, 0xbc, 0x0e, 0xbc, 0x0e, 0xbc,
    0xcd, 0xb3, 0x12, 0xc5, 0xd1, 0xc4, 0xac, 0xab, 0x4f, 0xbc, 0x8f, 0xbc,
    0xb1, 0xc4, 0x12, 0xcd, 0x73, 0xcd, 0x73, 0xcd, 0x12, 0xcd, 0xf1, 0xbc,
    0xf2, 0xc4, 0xb0, 0xbc, 0x2f, 0xac, 0x8d, 0x9b, 0x0b, 0x8b, 0x8c, 0x8b,
    0x70, 0xac, 0x14, 0xbd, 0x94, 0xcd, 0x94, 0xcd, 0x53, 0xbd, 0xf2, 0xb4,
    0x12, 0xb5, 0xf3, 0xb4, 0x34, 0xbd, 0x95, 0xc5, 0xd6, 0xcd, 0xb6, 0xcd,
    0x53, 0xc5, 0x90, 0xb4, 0xcd, 0x9b, 0x6c, 0x83, 0xa8, 0x6a, 0x89, 0x6a,
    0x0a, 0x7b, 0x6b, 0x93, 0xed, 0x9b, 0x6e, 0xb4, 0x8e, 0xbc, 0x8f, 0xb4,
    0xed, 0xab, 0x2d, 0xac, 0x2d, 0xac, 0x0c, 0xa4, 0x4a, 0x8b, 0x6b, 0x93,
    0x0d, 0xac, 0xab, 0x9b, 0x4a, 0x8b, 0x6a, 0x8b, 0xe9, 0x7a, 0x4a, 0x8b,
    0x2a, 0x8b, 0x68, 0x6a, 0x2a, 0x8b, 0xab, 0x93, 0xa8, 0x72, 0xa8, 0x6a,
    0xed, 0xa3, 0x2a, 0x83, 0xcc, 0x9b, 0x33, 0xbd, 0xc5, 0x51, 0x2a, 0x83,
    0xa8, 0x72, 0xe9, 0x82, 0x4d, 0xb4, 0x49, 0x93, 0xe8, 0x8a, 0x2c, 0xbc,
    0x8a, 0xa3, 0x69, 0xa3, 0x08, 0x9b, 0x08, 0x9b, 0xe8, 0x92, 0xe8, 0x92,
    0x69, 0xab, 0x0c, 0xbc, 0xcb, 0xb3, 0x08, 0x93, 0x49, 0xa3, 0x2f, 0xdd,
    0x28, 0x9b, 0xca, 0xb3, 0xaa, 0xb3, 0xaa, 0xab, 0x0b, 0xbc, 0xb3, 0xdd,
    0x4e, 0xbc, 0xec, 0xab, 0x51, 0xdd, 0x4d, 0xb4, 0xd3, 0xdd, 0xf4, 0xe5,
    0xaf, 0xbc, 0xd3, 0xdd, 0x51, 0xd5, 0x36, 0xe6, 0x2d, 0xbc, 0xae, 0xc4,
    0x92, 0xdd, 0xd0, 0xc4, 0xaf, 0xc4, 0xb3, 0xe5, 0xf4, 0xe5, 0xb3, 0xdd,
    0x72, 0xd5, 0x51, 0xd5, 0xeb, 0xb3, 0x92, 0xdd, 0x92, 0xdd, 0x3b, 0xf7,
    0x6e, 0xc4, 0xf3, 0xe5, 0xd3, 0xe5, 0x72, 0xdd, 0x56, 0xf6, 0x4b, 0xcc,
    0xcf, 0xd4, 0xf8, 0xfe, 0x76, 0xe6, 0x36, 0xee, 0x19, 0xf7, 0xd8, 0xf6,
    0xf9, 0xf6, 0x7b, 0xff, 0xd9, 0xf6, 0x5b, 0xff, 0x3a, 0xff, 0x5b, 0xff,
    0x77, 0xe6, 0xf9, 0xf6, 0x97, 0xf6, 0xb3, 0xe5, 0xcf, 0xd4, 0x30, 0xdd,
    0x8e, 0xcc, 0x72, 0xdd, 0xb8, 0xee, 0xd8, 0xf6, 0xd4, 0xdd, 0xf9, 0xf6,
    0xd4, 0xdd, 0x36, 0xe6, 0x77, 0xee, 0x51, 0xcd, 0xd3, 0xdd, 0xac, 0x9b,
    0x45, 0x39, 0x29, 0x52, 0x8d, 0x83, 0xee, 0x93, 0xcc, 0x6a, 0x67, 0x39,
    0x25, 0x31, 0x65, 0x41, 0xc6, 0x49, 0x07, 0x5a, 0x48, 0x62, 0x47, 0x5a,
    0x07, 0x5a, 0x27, 0x5a, 0x07, 0x52, 0xa6, 0x41, 0xe8, 0x51, 0x2d, 0x83,
    0x6c, 0x93, 0xcd, 0xab, 0xce, 0xb3, 0x33, 0xd5, 0x32, 0xcd, 0x93, 0xd5,
    0x97, 0xee, 0x15, 0xde, 0x73, 0xd5, 0x14, 0xe6, 0x32, 0xcd, 0x35, 0xe6,
    0x94, 0xcd, 0xb4, 0xd5, 0x32, 0xcd, 0xb0, 0xb4, 0xb0, 0xb4, 0xee, 0x93,
    0x31, 0xcd, 0xd0, 0xbc, 0x2f, 0xa4, 0x4f, 0xa4, 0xac, 0x8b, 0x8c, 0x8b,
    0xac, 0x8b, 0xea, 0x72, 0x0a, 0x7b, 0x2b, 0x7b, 0xeb, 0x6a, 0xeb, 0x72,
    0xa9, 0x62, 0x69, 0x5a, 0x2b, 0x7b, 0x0e, 0x9c, 0x0b, 0x73, 0x6b, 0x8b,
    0xea, 0x72, 0x4c, 0x7b, 0xed, 0xa3, 0x4f, 0xac, 0x6f, 0xac, 0xd0, 0xbc,
    0x52, 0xd5, 0x35, 0xf6, 0xb7, 0xfe, 0xd8, 0xfe, 0x19, 0xff, 0x19, 0xff,
    0x18, 0xff, 0xf8, 0xfe, 0xb7, 0xf6, 0x76, 0xf6, 0x35, 0xe6, 0x16, 0xe6,
    0xd5, 0xdd, 0xb5, 0xcd, 0x94, 0xc5, 0x33, 0xbd, 0x54, 0xc5, 0x54, 0xbd,
    0x33, 0xb5, 0x13, 0xb5, 0x33, 0xb5, 0x54, 0xbd, 0x75, 0xbd, 0x75, 0xbd,
    0x95, 0xc5, 0x95, 0xc5, 0x96, 0xc5, 0xb6, 0xc5, 0x96, 0xc5, 0x96, 0xc5,
    0x95, 0xc5, 0xb6, 0xc5, 0x95, 0xbd, 0x75, 0xbd, 0x75, 0xbd, 0x75, 0xbd,
    0x54, 0xbd, 0x54, 0xbd, 0x54, 0xbd, 0x13, 0xb5, 0x13, 0xb5, 0x13, 0xad,
    0xf3, 0xb4, 0xf3, 0xac, 0xd2, 0xb4, 0xf3, 0xac, 0xf2, 0xac, 0xd3, 0xac,
    0xf3, 0xac, 0xf3, 0xb4, 0x13, 0xb5, 0x34, 0xb5, 0x54, 0xb5, 0x55, 0xbd,
    0x75, 0xbd, 0xb6, 0xc5, 0xd7, 0xcd, 0xd7, 0xcd, 0x38, 0xce, 0x79, 0xd6,
    0x7a, 0xd6, 0x9a, 0xde, 0xdb, 0xe6, 0xfc, 0xe6, 0x1c, 0xef, 0x5c, 0xef,
    0x7d, 0xef, 0x9e, 0xf7, 0x9e, 0xf7, 0xbe, 0xff, 0xdf, 0xff, 0xdf, 0xff,
    0xdf, 0xff, 0xff, 0xff, 0xff, 0xff, 0xff, 0xff, 0xff, 0xff, 0xff, 0xff,
    0xff, 0xff, 0xff, 0xff, 0xff, 0xff, 0xff, 0xff, 0xff, 0xff, 0xff, 0xff,
    0xff, 0xff, 0x13, 0xb5, 0x75, 0xbd, 0xb5, 0xcd, 0x53, 0xcd, 0xd1, 0xcc,
    0x6f, 0xc4, 0x4e, 0xc4, 0x0e, 0xc4, 0x4e, 0xc4, 0x6e, 0xc4, 0x4f, 0xc4,
    0x6f, 0xc4, 0x6f, 0xc4, 0x4f, 0xc4, 0x4e, 0xbc, 0x4e, 0xbc, 0x2e, 0xbc,
    0x0e, 0xbc, 0x0d, 0xbc, 0x0d, 0xb4, 0xed, 0xbb, 0x0d, 0xb4, 0xed, 0xb3,
    0xed, 0xbb, 0x0d, 0xbc, 0xcd, 0xb3, 0x12, 0xc5, 0xb5, 0xcd, 0xed, 0xab,
    0x8f, 0xbc, 0x12, 0xc5, 0x53, 0xcd, 0x12, 0xc5, 0xd1, 0xbc, 0xb0, 0xbc,
    0x4f, 0xb4, 0xed, 0xab, 0x8c, 0x9b, 0xcd, 0x9b, 0xb2, 0xb4, 0x73, 0xc5,
    0x33, 0xc5, 0x50, 0xac, 0x8d, 0x9b, 0x4b, 0x8b, 0x2b, 0x8b, 0x2b, 0x8b,
    0x6c, 0x93, 0xad, 0x93, 0xcd, 0x9b, 0xcd, 0x9b, 0x8c, 0x8b, 0x4b, 0x83,
    0xea, 0x7a, 0xeb, 0x72, 0xae, 0x8b, 0x91, 0xac, 0x13, 0xb5, 0x74, 0xcd,
    0x33, 0xc5, 0x70, 0xac, 0xac, 0x8b, 0x4b, 0x8b, 0xed, 0xa3, 0x2d, 0xac,
    0x2d, 0xac, 0x0d, 0xa4, 0xac, 0x93, 0xcc, 0x9b, 0xec, 0xa3, 0x4d, 0xac,
    0xab, 0x9b, 0x6a, 0x93, 0x0c, 0xac, 0xcc, 0xa3, 0x6b, 0x93, 0x8b, 0x93,
    0xe9, 0x7a, 0x6a, 0x93, 0xec, 0xa3, 0x09, 0x7b, 0xc9, 0x72, 0xe9, 0x7a,
    0x2a, 0x83, 0xc9, 0x7a, 0x0c, 0xa4, 0x6b, 0x93, 0x6f, 0xac, 0x95, 0xcd,
    0x26, 0x6a, 0x4a, 0x93, 0xc8, 0x72, 0xcc, 0xab, 0x09, 0x83, 0xc7, 0x82,
    0xa7, 0x7a, 0xcb, 0xb3, 0x8a, 0xab, 0x29, 0x9b, 0x89, 0xab, 0xe7, 0x92,
    0xe8, 0x92, 0xc7, 0x92, 0xeb, 0xbb, 0xef, 0xd4, 0xe8, 0x92, 0x08, 0x9b,
    0x4d, 0xbc, 0x8a, 0xab, 0xca, 0xb3, 0x69, 0xab, 0x4a, 0xa3, 0x49, 0x9b,
    0x4c, 0xc4, 0xcf, 0xcc, 0x6e, 0xc4, 0xeb, 0xb3, 0xd4, 0xdd, 0x4d, 0xbc,
    0xf4, 0xe5, 0x93, 0xd5, 0x8f, 0xc4, 0x55, 0xe6, 0xb2, 0xdd, 0xd4, 0xdd,
    0xaf, 0xc4, 0xaf, 0xcc, 0x16, 0xe6, 0x4d, 0xbc, 0x31, 0xcd, 0x56, 0xe6,
    0x10, 0xcd, 0x15, 0xe6, 0xd4, 0xdd, 0x0e, 0xb4, 0x0f, 0xd5, 0xf4, 0xe5,
    0xd4, 0xdd, 0xf9, 0xf6, 0x8d, 0xc4, 0x96, 0xf6, 0x0f, 0xd5, 0x77, 0xee,
    0xf4, 0xe5, 0x2f, 0xdd, 0x56, 0xee, 0x5b, 0xff, 0x35, 0xee, 0x5b, 0xff,
    0xb8, 0xf6, 0xd8, 0xf6, 0x3b, 0xf7, 0x1a, 0xf7, 0x98, 0xf6, 0x9c, 0xff,
    0x9c, 0xff, 0x56, 0xee, 0xd9, 0xf6, 0xb8, 0xf6, 0xb8, 0xf6, 0x10, 0xd5,
    0x92, 0xe5, 0x30, 0xdd, 0xd4, 0xe5, 0xf8, 0xf6, 0x97, 0xee, 0x36, 0xee,
    0x97, 0xee, 0x98, 0xee, 0xf4, 0xdd, 0x51, 0xcd, 0x72, 0xdd, 0xcd, 0xa3,
    0x45, 0x39, 0xec, 0x72, 0x0f, 0x94, 0x6a, 0x62, 0xa7, 0x49, 0xe7, 0x51,
    0x68, 0x6a, 0x27, 0x5a, 0x89, 0x62, 0x88, 0x6a, 0x2a, 0x7b, 0x0a, 0x7b,
    0xcc, 0x8b, 0x8c, 0x8b, 0xcd, 0x93, 0xae, 0x9b, 0x0a, 0x7b, 0xa9, 0x6a,
    0x86, 0x41, 0x30, 0x9c, 0x50, 0xac, 0x0a, 0x83, 0xb0, 0xc4, 0xb0, 0xc4,
    0xf2, 0xc4, 0x56, 0xe6, 0x72, 0xd5, 0xf5, 0xdd, 0x57, 0xe6, 0x56, 0xee,
    0x36, 0xe6, 0x36, 0xe6, 0xf5, 0xdd, 0xd4, 0xdd, 0xd0, 0xb4, 0xb0, 0xb4,
    0x36, 0xe6, 0xb0, 0xb4, 0xd1, 0xbc, 0x90, 0xac, 0x6b, 0x83, 0x90, 0xb4,
    0xea, 0x72, 0x6c, 0x83, 0xad, 0x93, 0x0b, 0x7b, 0x0b, 0x73, 0x0b, 0x7b,
    0x2b, 0x73, 0x0b, 0x73, 0x6b, 0x8b, 0x2f, 0x9c, 0x8a, 0x62, 0x2b, 0x83,
    0xea, 0x72, 0x0b, 0x7b, 0x8c, 0x93, 0x6c, 0x8b, 0x4c, 0x83, 0x4e, 0xac,
    0x52, 0xcd, 0x15, 0xe6, 0x56, 0xee, 0x98, 0xf6, 0xf9, 0xfe, 0x39, 0xff,
    0x19, 0xff, 0xd8, 0xfe, 0xb7, 0xfe, 0x97, 0xf6, 0x97, 0xf6, 0x97, 0xf6,
    0x77, 0xee, 0x57, 0xe6, 0x16, 0xde, 0xb5, 0xcd, 0x74, 0xbd, 0x54, 0xbd,
    0x55, 0xbd, 0xf3, 0xb4, 0x13, 0xad, 0x14, 0xb5, 0x34, 0xbd, 0x54, 0xbd,
    0x74, 0xbd, 0x75, 0xbd, 0x95, 0xc5, 0xb5, 0xc5, 0xb5, 0xc5, 0xb6, 0xc5,
    0xb6, 0xc5, 0xb5, 0xc5, 0x95, 0xc5, 0xb5, 0xc5, 0x95, 0xc5, 0x75, 0xc5,
    0x75, 0xc5, 0x55, 0xbd, 0x54, 0xbd, 0x34, 0xb5, 0x34, 0xb5, 0x14, 0xb5,
    0xf3, 0xac, 0xf3, 0xac, 0xd2, 0xac, 0xd2, 0xa4, 0xd2, 0xa4, 0xb2, 0xac,
    0xb1, 0xa4, 0xb2, 0xac, 0xd2, 0xa4, 0xd2, 0xac, 0xf2, 0xb4, 0x13, 0xb5,
    0x14, 0xb5, 0x54, 0xb5, 0x74, 0xb5, 0x96, 0xbd, 0xb6, 0xc5, 0xf6, 0xcd,
    0xf7, 0xd5, 0x38, 0xce, 0x79, 0xd6, 0xba, 0xde, 0xbb, 0xde, 0xfb, 0xe6,
    0x1c, 0xe7, 0x5d, 0xef, 0x5d, 0xf7, 0x7e, 0xf7, 0xbe, 0xf7, 0xbe, 0xff,
    0xdf, 0xff, 0xdf, 0xff, 0xff, 0xff, 0xff, 0xff, 0xff, 0xff, 0xff, 0xff,
    0xff, 0xff, 0xff, 0xff, 0xff, 0xff, 0xff, 0xff, 0xff, 0xff, 0xff, 0xff,
    0xff, 0xff, 0xff, 0xff, 0xf3, 0xb4, 0x34, 0xbd, 0xb5, 0xcd, 0x94, 0xd5,
    0xf1, 0xc4, 0xb0, 0xc4, 0x6f, 0xc4, 0x0e, 0xbc, 0x0e, 0xc4, 0x4f, 0xc4,
    0x4f, 0xc4, 0x4f, 0xc4, 0x4e, 0xbc, 0x4e, 0xc4, 0x4e, 0xbc, 0x2e, 0xbc,
    0x2e, 0xbc, 0x0e, 0xbc, 0x0d, 0xbc, 0xed, 0xb3, 0xed, 0xbb, 0xee, 0xb3,
    0x0d, 0xb4, 0x0d, 0xb4, 0x0e, 0xb4, 0x2e, 0xbc, 0xed, 0xb3, 0x90, 0xb4,
    0x79, 0xde, 0x90, 0xbc, 0xb0, 0xbc, 0xb0, 0xbc, 0x8f, 0xbc, 0xed, 0xab,
    0x8c, 0xa3, 0xad, 0xa3, 0x91, 0xb4, 0x74, 0xc5, 0xf2, 0xc4, 0x2f, 0xac,
    0x4c, 0x93, 0x4b, 0x93, 0x8c, 0x93, 0xcd, 0x9b, 0x4f, 0xa4, 0xd2, 0xbc,
    0x12, 0xbd, 0xd1, 0xbc, 0x6f, 0xb4, 0x0f, 0xa4, 0xee, 0x9b, 0xcd, 0x9b,
    0x8c, 0x93, 0x6c, 0x93, 0x4b, 0x83, 0x2a, 0x7b, 0x0a, 0x7b, 0xca, 0x72,
    0xc9, 0x6a, 0x4c, 0x83, 0x70, 0xa4, 0x94, 0xcd, 0xf5, 0xd5, 0x70, 0xa4,
    0x6b, 0x8b, 0xab, 0x93, 0x4e, 0xac, 0x2e, 0xb4, 0xcc, 0x9b, 0xcc, 0x9b,
    0xcc, 0xa3, 0x8b, 0x93, 0x4a, 0x8b, 0xc8, 0x72, 0x4a, 0x8b, 0x8b, 0x9b,
    0xab, 0x9b, 0xcb, 0xa3, 0x0a, 0x8b, 0x88, 0x6a, 0x88, 0x62, 0x88, 0x6a,
    0x4a, 0x93, 0x09, 0x83, 0x47, 0x5a, 0x6b, 0x8b, 0xc9, 0x72, 0x67, 0x6a,
    0xac, 0x93, 0x74, 0xc5, 0x06, 0x5a, 0x4b, 0x8b, 0xa8, 0x72, 0x8f, 0xbc,
    0xc8, 0x7a, 0xe8, 0x92, 0xc8, 0x8a, 0xab, 0xab, 0xcb, 0xab, 0x29, 0x9b,
    0x0c, 0xb4, 0x28, 0x9b, 0xe8, 0x8a, 0x2c, 0xb4, 0xca, 0xab, 0x8e, 0xc4,
    0xca, 0xb3, 0x8a, 0xab, 0xef, 0xdc, 0xa7, 0x8a, 0xce, 0xd4, 0x49, 0xab,
    0x29, 0x9b, 0x8a, 0xab, 0x2c, 0xc4, 0x6d, 0xc4, 0x0c, 0xb4, 0x6d, 0xc4,
    0x31, 0xcd, 0x93, 0xd5, 0xb3, 0xdd, 0x72, 0xd5, 0xd5, 0xdd, 0xd0, 0xcc,
    0x16, 0xe6, 0x72, 0xd5, 0x10, 0xd5, 0x52, 0xd5, 0xd3, 0xdd, 0xef, 0xcc,
    0x31, 0xd5, 0xd4, 0xdd, 0x93, 0xdd, 0x51, 0xd5, 0xd4, 0xdd, 0x2d, 0xbc,
    0x14, 0xe6, 0x71, 0xdd, 0xd9, 0xf6, 0xb3, 0xdd, 0x72, 0xdd, 0x76, 0xf6,
    0x31, 0xd5, 0xb8, 0xf6, 0x50, 0xd5, 0x96, 0xf6, 0x3b, 0xff, 0xb8, 0xee,
    0xd8, 0xf6, 0xfa, 0xf6, 0xf9, 0xf6, 0xf9, 0xfe, 0x5b, 0xff, 0xb8, 0xf6,
    0x3a, 0xff, 0xbd, 0xff, 0xfa, 0xf6, 0x78, 0xee, 0x19, 0xff, 0xb8, 0xee,
    0x56, 0xee, 0xf4, 0xed, 0xb3, 0xdd, 0x56, 0xee, 0xd8, 0xf6, 0x15, 0xe6,
    0xd9, 0xf6, 0xb8, 0xee, 0xb8, 0xee, 0xb3, 0xdd, 0xf0, 0xcc, 0xee, 0xa3,
    0x45, 0x31, 0xeb, 0x72, 0x4c, 0x83, 0xa6, 0x41, 0xe6, 0x51, 0x68, 0x62,
    0x27, 0x52, 0x89, 0x6a, 0xc9, 0x72, 0x4a, 0x83, 0x8c, 0x8b, 0xad, 0x8b,
    0x4c, 0x83, 0x0e, 0x9c, 0x2f, 0xa4, 0x2c, 0x7b, 0x78, 0xde, 0xdf, 0xff,
    0x98, 0xee, 0x32, 0xcd, 0x07, 0x5a, 0x71, 0xa4, 0x8e, 0x8b, 0x0b, 0x8b,
    0xb0, 0xbc, 0x90, 0xbc, 0x11, 0xc5, 0x52, 0xcd, 0x97, 0xee, 0x16, 0xde,
    0x77, 0xe6, 0xb8, 0xee, 0x36, 0xe6, 0x98, 0xee, 0x94, 0xcd, 0x52, 0xcd,
    0x56, 0xe6, 0xf1, 0xbc, 0x52, 0xc5, 0xb0, 0xac, 0xee, 0x9b, 0x93, 0xd5,
    0x6c, 0x8b, 0xcd, 0x93, 0x6c, 0x83, 0x6c, 0x83, 0x4c, 0x7b, 0x0b, 0x73,
    0x8d, 0x8b, 0x0b, 0x73, 0x2f, 0xa4, 0x6f, 0xa4, 0xea, 0x6a, 0xeb, 0x6a,
    0xea, 0x72, 0x2b, 0x83, 0x8c, 0x93, 0x0b, 0x83, 0x2c, 0x7b, 0x90, 0xb4,
    0x11, 0xc5, 0x12, 0xbd, 0xb4, 0xdd, 0x15, 0xe6, 0x96, 0xf6, 0x97, 0xfe,
    0xb7, 0xfe, 0xb7, 0xfe, 0xb7, 0xfe, 0xf8, 0xfe, 0x18, 0xff, 0xd8, 0xfe,
    0xb8, 0xf6, 0x98, 0xee, 0x58, 0xe6, 0x37, 0xd6, 0xd6, 0xcd, 0xb6, 0xc5,
    0xb5, 0xc5, 0x55, 0xbd, 0x33, 0xb5, 0x13, 0xb5, 0x13, 0xb5, 0x33, 0xb5,
    0x34, 0xb5, 0x34, 0xbd, 0x54, 0xc5, 0x75, 0xc5, 0x95, 0xc5, 0xb5, 0xc5,
    0xb6, 0xc5, 0xb6, 0xc5, 0xd5, 0xcd, 0xb6, 0xcd, 0xb6, 0xc5, 0xb5, 0xc5,
    0x95, 0xc5, 0x95, 0xc5, 0x75, 0xbd, 0x55, 0xbd, 0x34, 0xb5, 0x33, 0xb5,
    0x13, 0xb5, 0xf3, 0xac, 0xd2, 0xac, 0xb2, 0xac, 0x91, 0xa4, 0x92, 0xa4,
    0x91, 0xa4, 0xb1, 0xa4, 0x91, 0xa4, 0x91, 0xa4, 0xb2, 0xa4, 0xb2, 0xa4,
    0xd2, 0xac, 0xf3, 0xac, 0xf3, 0xb4, 0x34, 0xb5, 0x34, 0xbd, 0x75, 0xbd,
    0xb6, 0xbd, 0xd7, 0xc5, 0x17, 0xce, 0x38, 0xce, 0x59, 0xde, 0x9a, 0xde,
    0xdb, 0xde, 0xdc, 0xe6, 0x1c, 0xef, 0x3d, 0xef, 0x7d, 0xef, 0x7e, 0xf7,
    0x9e, 0xf7, 0xbf, 0xf7, 0xdf, 0xff, 0xdf, 0xff, 0xdf, 0xff, 0xff, 0xff,
    0xff, 0xff, 0xff, 0xff, 0xff, 0xff, 0xff, 0xff, 0xff, 0xff, 0xff, 0xff,
    0xff, 0xff, 0xff, 0xff, 0xff, 0xff, 0x13, 0xb5, 0x13, 0xb5, 0x95, 0xc5,
    0xd5, 0xcd, 0x53, 0xcd, 0xd0, 0xc4, 0x8f, 0xc4, 0x2e, 0xc4, 0xee, 0xbb,
    0x4e, 0xc4, 0x6e, 0xc4, 0x4f, 0xbc, 0x4e, 0xc4, 0x4e, 0xbc, 0x2e, 0xbc,
    0x4e, 0xbc, 0x2e, 0xbc, 0x0d, 0xbc, 0xee, 0xb3, 0xed, 0xb3, 0xed, 0xb3,
    0xcd, 0xb3, 0xcd, 0xb3, 0xcd, 0xb3, 0xed, 0xb3, 0x0e, 0xb4, 0x0d, 0xb4,
    0xee, 0xb3, 0x0e, 0xb4, 0x18, 0xd6, 0x54, 0xcd, 0x8c, 0xa3, 0x6b, 0xa3,
    0xee, 0xab, 0x33, 0xc5, 0x34, 0xc5, 0x0f, 0xac, 0x8c, 0x9b, 0x8d, 0x9b,
    0xcd, 0xa3, 0x0e, 0xac, 0x6f, 0xb4, 0xd1, 0xb4, 0xf1, 0xbc, 0xd1, 0xbc,
    0x4f, 0xac, 0x0e, 0xa4, 0xee, 0x9b, 0xcd, 0x9b, 0x8d, 0x93, 0x4b, 0x8b,
    0x0b, 0x83, 0x2c, 0x8b, 0x4c, 0x8b, 0x6c, 0x8b, 0x0b, 0x83, 0x2b, 0x83,
    0x0b, 0x83, 0x2b, 0x83, 0x4b, 0x8b, 0xea, 0x72, 0x89, 0x6a, 0xa9, 0x6a,
    0x2f, 0xa4, 0xf5, 0xd5, 0x74, 0xcd, 0x8c, 0x8b, 0x2a, 0x83, 0xec, 0xa3,
    0xcc, 0xa3, 0x8b, 0x93, 0x6b, 0x93, 0x2a, 0x8b, 0x2a, 0x8b, 0x09, 0x83,
    0xc9, 0x72, 0xa8, 0x72, 0x09, 0x83, 0xe9, 0x7a, 0x6a, 0x93, 0x8b, 0x9b,
    0x0a, 0x7b, 0x27, 0x5a, 0x09, 0x83, 0x2a, 0x8b, 0x6b, 0x8b, 0xa8, 0x72,
    0x88, 0x62, 0x27, 0x5a, 0x4b, 0x8b, 0x52, 0xc5, 0xa5, 0x51, 0x68, 0x6a,
    0x06, 0x52, 0x8e, 0xbc, 0xe8, 0x82, 0xe8, 0x92, 0xc8, 0x82, 0x69, 0xa3,
    0x0b, 0xb4, 0x29, 0x9b, 0x0c, 0xbc, 0xaa, 0xab, 0x29, 0x9b, 0xef, 0xcc,
    0xcb, 0xb3, 0x6d, 0xc4, 0x0c, 0xbc, 0x8e, 0xc4, 0x2c, 0xb4, 0xea, 0xb3,
    0x0b, 0xbc, 0xab, 0xb3, 0xe8, 0x92, 0xca, 0xb3, 0x0b, 0xbc, 0x4c, 0xc4,
    0x6a, 0xab, 0x31, 0xd5, 0xf0, 0xcc, 0x93, 0xd5, 0x71, 0xd5, 0x56, 0xe6,
    0x52, 0xd5, 0xf0, 0xc4, 0x1a, 0xf7, 0x15, 0xe6, 0x6e, 0xbc, 0x76, 0xee,
    0x32, 0xd5, 0xcf, 0xc4, 0xd4, 0xdd, 0x93, 0xdd, 0x10, 0xcd, 0x14, 0xe6,
    0xf0, 0xc4, 0x72, 0xdd, 0xb4, 0xe5, 0x10, 0xd5, 0x5b, 0xff, 0xaf, 0xcc,
    0xd7, 0xf6, 0xd3, 0xe5, 0x76, 0xee, 0x93, 0xdd, 0x10, 0xd5, 0xf8, 0xfe,
    0x5b, 0xff, 0x97, 0xf6, 0xf9, 0xf6, 0xf9, 0xf6, 0x19, 0xf7, 0x3b, 0xff,
    0xb8, 0xf6, 0xd9, 0xf6, 0x5c, 0xff, 0x9d, 0xff, 0x76, 0xee, 0x5b, 0xff,
    0xb8, 0xf6, 0xb8, 0xf6, 0x35, 0xee, 0xb3, 0xdd, 0xf9, 0xf6, 0xb8, 0xf6,
    0x56, 0xee, 0xb8, 0xf6, 0xd9, 0xf6, 0x56, 0xee, 0x93, 0xd5, 0xaf, 0xc4,
    0xa6, 0x49, 0xeb, 0x6a, 0xeb, 0x72, 0x65, 0x39, 0x07, 0x52, 0x08, 0x52,
    0x28, 0x52, 0x48, 0x5a, 0x89, 0x62, 0x0a, 0x7b, 0x6c, 0x83, 0x6c, 0x83,
    0x6f, 0xac, 0x70, 0xac, 0x11, 0xbd, 0x70, 0xa4, 0x31, 0xc5, 0x8f, 0xb4,
    0xb1, 0xa4, 0xff, 0xff, 0xff, 0xff, 0x0f, 0x94, 0x86, 0x39, 0x13, 0xbd,
    0x48, 0x62, 0x0e, 0xac, 0x4f, 0xac, 0x90, 0xb4, 0xd0, 0xb4, 0xd4, 0xd5,
    0xb8, 0xee, 0x57, 0xe6, 0x98, 0xee, 0x16, 0xe6, 0xf4, 0xdd, 0xd4, 0xdd,
    0x57, 0xee, 0xb4, 0xd5, 0x73, 0xcd, 0xd0, 0xbc, 0xd1, 0xb4, 0xd3, 0xdd,
    0x2e, 0x9c, 0xee, 0x9b, 0x4b, 0x7b, 0x4b, 0x7b, 0x6c, 0x83, 0x4b, 0x7b,
    0x4c, 0x7b, 0x8c, 0x8b, 0x2f, 0x9c, 0xb0, 0xac, 0xb1, 0xb4, 0x50, 0xa4,
    0xca, 0x6a, 0xcd, 0x8b, 0x2b, 0x83, 0x0b, 0x73, 0x2b, 0x7b, 0x6f, 0xa4,
    0x8f, 0xb4, 0x6f, 0xac, 0xd0, 0xb4, 0xf1, 0xc4, 0x72, 0xd5, 0xd4, 0xe5,
    0x15, 0xee, 0x56, 0xf6, 0xb7, 0xfe, 0xf8, 0xfe, 0x18, 0xff, 0xf9, 0xfe,
    0xf9, 0xfe, 0xf8, 0xf6, 0xd9, 0xee, 0x98, 0xee, 0x57, 0xd6, 0x16, 0xd6,
    0x17, 0xd6, 0x95, 0xc5, 0x34, 0xb5, 0x13, 0xad, 0xf3, 0xb4, 0xf3, 0xb4,
    0xf3, 0xb4, 0x13, 0xb5, 0x34, 0xb5, 0x54, 0xbd, 0x75, 0xbd, 0x95, 0xc5,
    0x95, 0xc5, 0xb6, 0xcd, 0xb6, 0xcd, 0xd6, 0xcd, 0xd6, 0xcd, 0xb5, 0xcd,
    0xb6, 0xcd, 0xb6, 0xc5, 0x95, 0xc5, 0x95, 0xc5, 0x54, 0xbd, 0x34, 0xbd,
    0x13, 0xb5, 0xf3, 0xb4, 0xd2, 0xac, 0xd2, 0xac, 0x92, 0xa4, 0x91, 0xa4,
    0x91, 0x9c, 0x71, 0xa4, 0x71, 0x9c, 0x71, 0xa4, 0x71, 0xa4, 0x91, 0xa4,
    0x91, 0xa4, 0xb1, 0xa4, 0xb2, 0xac, 0xd2, 0xac, 0x13, 0xad, 0x13, 0xb5,
    0x34, 0xb5, 0x75, 0xbd, 0x95, 0xc5, 0xb7, 0xc5, 0x17, 0xce, 0x38, 0xd6,
    0x59, 0xd6, 0x99, 0xde, 0xda, 0xde, 0xdb, 0xe6, 0x1b, 0xef, 0x3d, 0xef,
    0x7d, 0xef, 0x7e, 0xf7, 0x9e, 0xff, 0xbe, 0xff, 0xbf, 0xff, 0xdf, 0xff,
    0xff, 0xff, 0xff, 0xff, 0xff, 0xff, 0xff, 0xff, 0xff, 0xff, 0xff, 0xff,
    0xff, 0xff, 0xff, 0xff, 0xff, 0xff, 0xff, 0xff, 0x13, 0xb5, 0x13, 0xb5,
    0x55, 0xb5, 0xb6, 0xcd, 0x94, 0xcd, 0xf1, 0xc4, 0xb0, 0xc4, 0x4e, 0xc4,
    0xee, 0xc3, 0x0e, 0xc4, 0x4e, 0xc4, 0x4e, 0xc4, 0x4f, 0xc4, 0x4f, 0xc4,
    0x2e, 0xbc, 0x4e, 0xbc, 0x2e, 0xbc, 0x0e, 0xb4, 0xed, 0xb3, 0xcd, 0xb3,
    0xac, 0xb3, 0xcc, 0xab, 0xcc, 0xab, 0xad, 0xb3, 0xed, 0xab, 0x0d, 0xb4,
    0x2e, 0xb4, 0x4e, 0xbc, 0x0e, 0xb4, 0xcc, 0xab, 0xb1, 0xbc, 0x96, 0xcd,
    0x55, 0xc5, 0xb1, 0xbc, 0xac, 0xa3, 0x8c, 0xa3, 0xac, 0xa3, 0xed, 0xa3,
    0xee, 0xab, 0x6f, 0xb4, 0x90, 0xb4, 0x90, 0xb4, 0x2f, 0xac, 0xee, 0xa3,
    0x8c, 0x9b, 0x2c, 0x8b, 0x0b, 0x83, 0x0a, 0x83, 0x0b, 0x83, 0x2b, 0x8b,
    0x4b, 0x8b, 0x6c, 0x93, 0x6c, 0x93, 0x6c, 0x8b, 0xac, 0x93, 0xad, 0x9b,
    0x6c, 0x93, 0x6b, 0x8b, 0x4b, 0x83, 0x2b, 0x83, 0x6c, 0x93, 0xac, 0x9b,
    0xec, 0x9b, 0x6b, 0x8b, 0xea, 0x82, 0xce, 0x9b, 0x73, 0xcd, 0x17, 0xd6,
    0x0e, 0x9c, 0x88, 0x6a, 0x09, 0x7b, 0x4b, 0x8b, 0x6b, 0x93, 0xa8, 0x72,
    0x68, 0x62, 0x4a, 0x8b, 0xe9, 0x7a, 0xc9, 0x72, 0x29, 0x83, 0x88, 0x6a,
    0xc9, 0x7a, 0xec, 0xa3, 0x2a, 0x83, 0x47, 0x5a, 0x2a, 0x83, 0x2e, 0xac,
    0xea, 0x7a, 0x4a, 0x8b, 0x2c, 0xac, 0xe9, 0x7a, 0xea, 0x72, 0x73, 0xc5,
    0x06, 0x5a, 0x2a, 0x93, 0x4a, 0x93, 0x51, 0xc5, 0x67, 0x72, 0x29, 0x9b,
    0x29, 0x9b, 0xa7, 0x7a, 0x6a, 0xa3, 0x4d, 0xbc, 0xce, 0xcc, 0x89, 0xab,
    0x6e, 0xb4, 0x10, 0xcd, 0x29, 0x9b, 0xce, 0xc4, 0x0c, 0xb4, 0x10, 0xcd,
    0x2c, 0xbc, 0xcf, 0xcc, 0xeb, 0xbb, 0x49, 0xa3, 0x49, 0x9b, 0x8a, 0xab,
    0x0b, 0xbc, 0x6a, 0xa3, 0xaa, 0xb3, 0xae, 0xc4, 0xb3, 0xdd, 0x6d, 0xbc,
    0x35, 0xe6, 0xf6, 0xe5, 0x71, 0xd5, 0xf0, 0xcc, 0x3a, 0xff, 0xd3, 0xdd,
    0x52, 0xd5, 0x56, 0xee, 0x52, 0xcd, 0x52, 0xd5, 0xf5, 0xe5, 0xb3, 0xdd,
    0xcf, 0xc4, 0x56, 0xee, 0xd0, 0xcc, 0x56, 0xee, 0x10, 0xcd, 0xd3, 0xe5,
    0x77, 0xee, 0x51, 0xd5, 0x39, 0xff, 0xb3, 0xdd, 0xf9, 0xf6, 0xcf, 0xcc,
    0x76, 0xee, 0x19, 0xf7, 0x19, 0xf7, 0xd9, 0xf6, 0x97, 0xf6, 0x5a, 0xff,
    0x1a, 0xf7, 0x3a, 0xf7, 0x97, 0xf6, 0x3a, 0xff, 0xbd, 0xff, 0xd9, 0xf6,
    0x5b, 0xff, 0xd8, 0xf6, 0xb8, 0xf6, 0xb8, 0xf6, 0x56, 0xee, 0x3b, 0xff,
    0x98, 0xee, 0x77, 0xee, 0x97, 0xee, 0xd8, 0xf6, 0xb8, 0xf6, 0xae, 0xc4,
    0xa8, 0x6a, 0x8a, 0x62, 0x0c, 0x73, 0x86, 0x39, 0x48, 0x5a, 0x68, 0x62,
    0x68, 0x5a, 0x89, 0x62, 0xea, 0x72, 0x8c, 0x83, 0x8c, 0x8b, 0xcd, 0x93,
    0xd0, 0xb4, 0x70, 0xa4, 0x70, 0xac, 0xf1, 0xbc, 0xb0, 0xb4, 0x6f, 0xac,
    0x90, 0xac, 0x6f, 0xac, 0x2e, 0x9c, 0x7e, 0xf7, 0xb9, 0xee, 0x6a, 0x52,
    0x0c, 0x7b, 0xaf, 0x83, 0x89, 0x72, 0x70, 0xb4, 0x6f, 0xb4, 0xb1, 0xbc,
    0xd9, 0xf6, 0x36, 0xe6, 0x77, 0xee, 0x15, 0xde, 0x73, 0xd5, 0x57, 0xe6,
    0x57, 0xe6, 0x36, 0xe6, 0x32, 0xc5, 0x31, 0xbd, 0xb1, 0xbc, 0xb3, 0xd5,
    0x8f, 0xac, 0xac, 0x8b, 0xcd, 0x93, 0x6c, 0x83, 0x8d, 0x8b, 0x8d, 0x8b,
    0x2b, 0x73, 0x0e, 0x9c, 0x6f, 0xac, 0x4f, 0xa4, 0xd1, 0xb4, 0x73, 0xcd,
    0x8d, 0x83, 0x4f, 0xa4, 0x8d, 0x8b, 0xea, 0x72, 0x4c, 0x7b, 0x4f, 0xa4,
    0xcd, 0x93, 0x8c, 0x8b, 0x0e, 0xa4, 0x0e, 0xa4, 0x4f, 0xac, 0xd0, 0xc4,
    0x52, 0xd5, 0xf5, 0xe5, 0xb7, 0xf6, 0xf8, 0xfe, 0x19, 0xff, 0x19, 0xff,
    0x19, 0xff, 0x1a, 0xff, 0x5a, 0xff, 0x19, 0xf7, 0x99, 0xee, 0x78, 0xde,
    0x78, 0xde, 0xf7, 0xcd, 0x54, 0xb5, 0xd2, 0xac, 0x91, 0xa4, 0xb1, 0xa4,
    0xd2, 0xa4, 0xd2, 0xac, 0x13, 0xb5, 0x33, 0xb5, 0x54, 0xbd, 0x74, 0xbd,
    0x95, 0xc5, 0xb5, 0xcd, 0xb6, 0xcd, 0xd6, 0xcd, 0xd6, 0xc5, 0xd6, 0xcd,
    0xb6, 0xcd, 0xb6, 0xcd, 0xb5, 0xc5, 0xb5, 0xc5, 0x74, 0xbd, 0x74, 0xbd,
    0x34, 0xb5, 0x13, 0xb5, 0xf3, 0xac, 0xd2, 0xac, 0x91, 0xa4, 0x91, 0xa4,
    0x71, 0x9c, 0x70, 0x9c, 0x50, 0x9c, 0x71, 0x9c, 0x70, 0x9c, 0x51, 0x9c,
    0x70, 0x9c, 0x71, 0x9c, 0x91, 0xa4, 0x91, 0xa4, 0xb2, 0xac, 0xd2, 0xac,
    0xf3, 0xac, 0x13, 0xad, 0x33, 0xb5, 0x55, 0xbd, 0x96, 0xbd, 0xb6, 0xc5,
    0xf7, 0xcd, 0x38, 0xce, 0x79, 0xd6, 0x9a, 0xde, 0xbb, 0xde, 0xfb, 0xe6,
    0x1c, 0xef, 0x3c, 0xef, 0x5d, 0xf7, 0x9e, 0xf7, 0x9e, 0xf7, 0xbf, 0xff,
    0xdf, 0xff, 0xdf, 0xff, 0xff, 0xff, 0xff, 0xff, 0xff, 0xff, 0xff, 0xff,
    0xff, 0xff, 0xff, 0xff, 0xff, 0xff, 0xff, 0xff, 0xff, 0xff, 0x13, 0xb5,
    0x13, 0xb5, 0x34, 0xb5, 0x95, 0xc5, 0xb5, 0xd5, 0x52, 0xcd, 0xb0, 0xcc,
    0x6f, 0xc4, 0x0e, 0xbc, 0xed, 0xbb, 0x0e, 0xbc, 0x4e, 0xc4, 0x4f, 0xc4,
    0x4f, 0xbc, 0x4e, 0xbc, 0x4e, 0xbc, 0x2e, 0xbc, 0x0d, 0xb4, 0x0d, 0xb4,
    0xcd, 0xab, 0xcc, 0xab, 0xad, 0xab, 0xcd, 0xab, 0xcd, 0xab, 0xed, 0xb3,
    0x0d, 0xb4, 0xee, 0xb3, 0xed, 0xb3, 0x0e, 0xb4, 0xed, 0xab, 0xb1, 0xbc,
    0xb1, 0xbc, 0xf2, 0xbc, 0x15, 0xbd, 0x0e, 0xa4, 0xac, 0x9b, 0xed, 0xa3,
    0x2f, 0xb4, 0x8f, 0xb4, 0x70, 0xb4, 0x50, 0xac, 0xee, 0xab, 0xcd, 0xa3,
    0xcd, 0x9b, 0xad, 0x9b, 0x8d, 0x9b, 0x6c, 0x93, 0x8c, 0x93, 0x8c, 0x9b,
    0xad, 0x93, 0xad, 0x93, 0x8c, 0x93, 0x6c, 0x93, 0x8c, 0x8b, 0x6c, 0x8b,
    0x6c, 0x8b, 0x4c, 0x93, 0x4c, 0x83, 0x4b, 0x83, 0x0b, 0x7b, 0xea, 0x7a,
    0x6b, 0x83, 0xac, 0x93, 0xac, 0x9b, 0xed, 0xa3, 0x6b, 0x8b, 0xab, 0x9b,
    0xcc, 0x9b, 0xf2, 0xb4, 0xf5, 0xdd, 0x6f, 0xac, 0x88, 0x6a, 0x27, 0x62,
    0xc9, 0x72, 0x47, 0x62, 0x27, 0x5a, 0xa9, 0x72, 0xe9, 0x7a, 0x4a, 0x8b,
    0xcc, 0xa3, 0xc8, 0x72, 0x27, 0x5a, 0x2a, 0x83, 0x8b, 0x93, 0x67, 0x62,
    0x6a, 0x8b, 0x6e, 0xb4, 0x47, 0x5a, 0x68, 0x6a, 0xed, 0xa3, 0xc6, 0x41,
    0xa8, 0x6a, 0x12, 0xc5, 0x26, 0x62, 0x09, 0x8b, 0x2a, 0x8b, 0x11, 0xcd,
    0x86, 0x72, 0x29, 0x93, 0x2d, 0xbc, 0xab, 0xab, 0x28, 0x9b, 0xec, 0xab,
    0x51, 0xd5, 0xab, 0xb3, 0x92, 0xd5, 0x10, 0xcd, 0xeb, 0xb3, 0x10, 0xd5,
    0x8a, 0xa3, 0x10, 0xcd, 0x2c, 0xbc, 0x4c, 0xbc, 0xad, 0xd4, 0xe8, 0x92,
    0x49, 0xa3, 0xaa, 0xb3, 0xca, 0xab, 0x8a, 0xb3, 0x8a, 0xab, 0xae, 0xcc,
    0x15, 0xde, 0x4d, 0xb4, 0x55, 0xee, 0xd4, 0xdd, 0x10, 0xcd, 0xb3, 0xdd,
    0xd9, 0xf6, 0x31, 0xd5, 0x97, 0xe6, 0x31, 0xd5, 0x14, 0xe6, 0x15, 0xe6,
    0xd4, 0xe5, 0x11, 0xc5, 0x72, 0xd5, 0x92, 0xdd, 0xf4, 0xe5, 0xf4, 0xe5,
    0xcf, 0xcc, 0x77, 0xee, 0xd4, 0xe5, 0x55, 0xee, 0xb8, 0xf6, 0x14, 0xee,
    0x97, 0xee, 0x31, 0xd5, 0x19, 0xff, 0xd8, 0xf6, 0x19, 0xff, 0xfa, 0xf6,
    0xf9, 0xf6, 0x3b, 0xff, 0x1a, 0xff, 0xf9, 0xf6, 0xf9, 0xf6, 0x3b, 0xff,
    0x5b, 0xff, 0xfa, 0xf6, 0x1a, 0xf7, 0x97, 0xf6, 0xd9, 0xee, 0x97, 0xee,
    0xf9, 0xf6, 0x98, 0xee, 0x97, 0xee, 0xf9, 0xf6, 0xb8, 0xee, 0x77, 0xee,
    0x68, 0x6a, 0xe7, 0x49, 0x6d, 0x83, 0x86, 0x39, 0x28, 0x5a, 0xe7, 0x51,
    0x68, 0x62, 0xc9, 0x6a, 0x49, 0x52, 0x2c, 0x73, 0xad, 0x8b, 0xad, 0x93,
    0x0e, 0x94, 0x91, 0xac, 0xd1, 0xb4, 0xb1, 0xac, 0x8f, 0xb4, 0xb4, 0xcd,
    0x33, 0xbd, 0x70, 0xac, 0xd1, 0xac, 0xb1, 0xbc, 0x2f, 0xa4, 0x1b, 0xef,
    0xad, 0x83, 0xa7, 0x41, 0x92, 0xa4, 0xc6, 0x51, 0xee, 0xa3, 0xce, 0x9b,
    0x12, 0xc5, 0x15, 0xe6, 0x56, 0xe6, 0x15, 0xe6, 0xf1, 0xc4, 0xb7, 0xf6,
    0x77, 0xe6, 0x93, 0xd5, 0xf1, 0xbc, 0x52, 0xcd, 0xd0, 0xb4, 0xd1, 0xbc,
    0x90, 0xb4, 0x8f, 0xb4, 0x2e, 0xa4, 0xcd, 0x93, 0x6c, 0x8b, 0xad, 0x8b,
    0x0b, 0x73, 0x6f, 0xac, 0x0e, 0xa4, 0xee, 0x93, 0x33, 0xc5, 0x12, 0xbd,
    0xd1, 0xac, 0xf1, 0xbc, 0x0e, 0x9c, 0x6c, 0x83, 0x50, 0xa4, 0xf1, 0xbc,
    0x4b, 0x83, 0x2b, 0x7b, 0xad, 0x93, 0xac, 0x93, 0xcd, 0x93, 0x6e, 0xb4,
    0xf1, 0xc4, 0x93, 0xd5, 0x76, 0xee, 0xf8, 0xfe, 0x19, 0xff, 0x39, 0xff,
    0x19, 0xff, 0x39, 0xff, 0x5a, 0xff, 0x3a, 0xff, 0xf9, 0xf6, 0xb9, 0xee,
    0xd9, 0xee, 0x78, 0xe6, 0xd7, 0xcd, 0x33, 0xb5, 0xb2, 0xa4, 0x71, 0x9c,
    0x50, 0x9c, 0x91, 0x9c, 0xb2, 0xa4, 0xf3, 0xac, 0xf3, 0xb4, 0x34, 0xbd,
    0x74, 0xc5, 0x75, 0xc5, 0xb5, 0xc5, 0xb6, 0xcd, 0xd6, 0xcd, 0xd6, 0xcd,
    0xd6, 0xcd, 0xd6, 0xcd, 0xd6, 0xcd, 0xb5, 0xcd, 0x95, 0xc5, 0x75, 0xbd,
    0x74, 0xbd, 0x33, 0xb5, 0x13, 0xb5, 0xd2, 0xac, 0xd2, 0xa4, 0xb1, 0xa4,
    0x91, 0x9c, 0x71, 0xa4, 0x50, 0x9c, 0x50, 0x9c, 0x50, 0x9c, 0x30, 0x9c,
    0x50, 0x9c, 0x50, 0x9c, 0x70, 0x9c, 0x70, 0x9c, 0x71, 0xa4, 0x91, 0xa4,
    0x91, 0xa4, 0xb2, 0xac, 0xf2, 0xac, 0x13, 0xad, 0x34, 0xb5, 0x54, 0xbd,
    0x95, 0xbd, 0xb6, 0xc5, 0xf7, 0xcd, 0x18, 0xce, 0x59, 0xd6, 0x9a, 0xde,
    0xda, 0xde, 0xfb, 0xe6, 0x1c, 0xef, 0x5d, 0xef, 0x7d, 0xef, 0x7e, 0xf7,
    0x9e, 0xf7, 0xbf, 0xf7, 0xdf, 0xff, 0xdf, 0xff, 0xdf, 0xff, 0xff, 0xff,
    0xff, 0xff, 0xff, 0xff, 0xff, 0xff, 0xff, 0xff, 0xff, 0xff, 0xff, 0xff,
    0xf3, 0xb4, 0x13, 0xb5, 0x33, 0xb5, 0x75, 0xbd, 0xb6, 0xcd, 0x74, 0xcd,
    0xd1, 0xc4, 0x8f, 0xc4, 0x4e, 0xc4, 0xee, 0xbb, 0x0e, 0xbc, 0x4f, 0xc4,
    0x4f, 0xc4, 0x4e, 0xbc, 0x4f, 0xbc, 0x2e, 0xc4, 0x2e, 0xbc, 0x0d, 0xbc,
    0xed, 0xb3, 0xcd, 0xab, 0xcd, 0xab, 0xcd, 0xab, 0xcd, 0xb3, 0xed, 0xab,
    0xac, 0xab, 0xad, 0xab, 0xed, 0xab, 0xcd, 0xab, 0x0e, 0xac, 0x54, 0xcd,
    0x2f, 0xac, 0x8c, 0x9b, 0x8c, 0xa3, 0xac, 0xa3, 0x14, 0xbd, 0xd6, 0xd5,
    0x13, 0xc5, 0x0e, 0xac, 0xac, 0xa3, 0xed, 0xab, 0xcd, 0xa3, 0xcd, 0xa3,
    0xcd, 0x9b, 0x8c, 0xa3, 0x8d, 0x9b, 0x8c, 0x9b, 0xad, 0x9b, 0xac, 0x9b,
    0x4c, 0x93, 0x2b, 0x83, 0x0a, 0x83, 0x0b, 0x83, 0x2b, 0x83, 0x2b, 0x83,
    0x0a, 0x83, 0xea, 0x7a, 0x0b, 0x83, 0xac, 0x93, 0xad, 0x93, 0x6b, 0x93,
    0x2b, 0x7b, 0xea, 0x72, 0xca, 0x72, 0x2b, 0x83, 0x8b, 0x8b, 0x8c, 0x93,
    0xac, 0x93, 0x8b, 0x93, 0xec, 0xa3, 0x2a, 0x83, 0x0f, 0x9c, 0x95, 0xcd,
    0x90, 0xac, 0x88, 0x6a, 0x06, 0x5a, 0x88, 0x6a, 0xc9, 0x7a, 0x09, 0x8b,
    0x4a, 0x8b, 0x67, 0x62, 0xcc, 0xa3, 0x2d, 0xac, 0xe9, 0x7a, 0xa8, 0x7a,
    0x6a, 0x8b, 0x65, 0x39, 0xe9, 0x72, 0x6f, 0xb4, 0x06, 0x52, 0x2a, 0x83,
    0x4a, 0x8b, 0xc9, 0x7a, 0xac, 0x93, 0x52, 0xcd, 0x06, 0x62, 0xe8, 0x8a,
    0xab, 0xa3, 0x8e, 0xc4, 0xcb, 0xa3, 0xa7, 0x7a, 0xe9, 0x8a, 0x0f, 0xd5,
    0x4d, 0xbc, 0xcc, 0x9b, 0x14, 0xee, 0x6e, 0xbc, 0xd4, 0xdd, 0x31, 0xcd,
    0x52, 0xd5, 0x0c, 0xac, 0xcf, 0xcc, 0x11, 0xcd, 0x6a, 0xa3, 0x30, 0xdd,
    0x2c, 0xc4, 0xe8, 0x9a, 0x8a, 0xab, 0x49, 0x9b, 0x69, 0xab, 0xcb, 0xb3,
    0xeb, 0xb3, 0x31, 0xd5, 0xf4, 0xe5, 0xcf, 0xc4, 0xb8, 0xee, 0xb3, 0xdd,
    0x31, 0xcd, 0x76, 0xee, 0x76, 0xe6, 0xf5, 0xe5, 0x36, 0xe6, 0x52, 0xd5,
    0x56, 0xe6, 0x56, 0xee, 0x93, 0xdd, 0x10, 0xcd, 0x15, 0xe6, 0x72, 0xd5,
    0xb7, 0xf6, 0xf4, 0xe5, 0xcf, 0xcc, 0x39, 0xff, 0x72, 0xdd, 0xf9, 0xf6,
    0x35, 0xe6, 0xd8, 0xf6, 0xd4, 0xe5, 0x76, 0xf6, 0x1a, 0xff, 0xd8, 0xf6,
    0x3a, 0xff, 0xb8, 0xf6, 0x3b, 0xff, 0xfa, 0xf6, 0x19, 0xf7, 0xfa, 0xf6,
    0x3a, 0xff, 0x3a, 0xff, 0x1a, 0xf7, 0x3b, 0xff, 0x98, 0xee, 0x98, 0xee,
    0xfa, 0xf6, 0xb8, 0xee, 0xf9, 0xfe, 0x57, 0xee, 0x19, 0xf7, 0xd9, 0xf6,
    0xb4, 0xe5, 0x45, 0x31, 0x4c, 0x7b, 0x28, 0x52, 0x06, 0x52, 0x68, 0x62,
    0xa9, 0x6a, 0xe9, 0x72, 0x0b, 0x7b, 0xe9, 0x41, 0xc8, 0x41, 0xca, 0x62,
    0x4d, 0x73, 0x0f, 0x94, 0x70, 0xa4, 0xb1, 0xac, 0xd1, 0xac, 0xd1, 0xbc,
    0x33, 0xbd, 0x53, 0xbd, 0x32, 0xbd, 0x6f, 0xac, 0x70, 0xa4, 0x90, 0xac,
    0x91, 0xa4, 0xce, 0x8b, 0xa8, 0x41, 0xef, 0x93, 0x09, 0x52, 0x4c, 0x93,
    0x6c, 0x8b, 0x90, 0xb4, 0xb4, 0xdd, 0x93, 0xd5, 0x32, 0xcd, 0x56, 0xe6,
    0xf5, 0xdd, 0xf4, 0xdd, 0x52, 0xc5, 0x94, 0xd5, 0xf1, 0xbc, 0x32, 0xc5,
    0x2e, 0xa4, 0x4e, 0xac, 0x32, 0xc5, 0xcd, 0x93, 0x8c, 0x8b, 0x8c, 0x8b,
    0xeb, 0x72, 0xcd, 0x93, 0x2e, 0xa4, 0x70, 0xa4, 0xd4, 0xd5, 0xd1, 0xb4,
    0x32, 0xbd, 0x32, 0xc5, 0x4f, 0xa4, 0xf2, 0xb4, 0xb0, 0xac, 0xd1, 0xb4,
    0x0e, 0x94, 0x0e, 0x94, 0x2e, 0xa4, 0xed, 0xa3, 0xcd, 0x93, 0x4e, 0xa4,
    0xd0, 0xbc, 0xf1, 0xc4, 0xd4, 0xdd, 0x35, 0xee, 0x76, 0xf6, 0x76, 0xf6,
    0x97, 0xf6, 0xf8, 0xfe, 0x19, 0xff, 0x3a, 0xff, 0x1a, 0xff, 0xf9, 0xf6,
    0xb9, 0xee, 0x98, 0xe6, 0x37, 0xd6, 0xd6, 0xc5, 0x75, 0xbd, 0xb2, 0xa4,
    0x50, 0x94, 0x30, 0x94, 0x50, 0x9c, 0x91, 0xa4, 0xb2, 0xa4, 0xf3, 0xb4,
    0x33, 0xb5, 0x55, 0xbd, 0x95, 0xc5, 0x95, 0xc5, 0xb5, 0xcd, 0xd6, 0xcd,
    0xd5, 0xcd, 0xd5, 0xd5, 0xd6, 0xc5, 0xb6, 0xcd, 0xb5, 0xcd, 0xb5, 0xc5,
    0x75, 0xc5, 0x54, 0xc5, 0x34, 0xbd, 0xf3, 0xb4, 0xd2, 0xac, 0xb2, 0xac,
    0x91, 0xa4, 0x91, 0xa4, 0x70, 0xa4, 0x50, 0x9c, 0x50, 0x9c, 0x50, 0x9c,
    0x2f, 0x9c, 0x50, 0x9c, 0x50, 0x9c, 0x30, 0x9c, 0x50, 0x9c, 0x70, 0x9c,
    0x70, 0xa4, 0x91, 0x9c, 0xb2, 0xac, 0xb2, 0xac, 0xd2, 0xac, 0xf3, 0xb4,
    0x14, 0xb5, 0x54, 0xbd, 0x95, 0xbd, 0xb6, 0xbd, 0xf7, 0xcd, 0x38, 0xd6,
    0x79, 0xd6, 0x9a, 0xde, 0xdb, 0xe6, 0x1b, 0xe7, 0x3c, 0xef, 0x3d, 0xef,
    0x5d, 0xf7, 0x9e, 0xf7, 0xbe, 0xff, 0xbf, 0xff, 0xdf, 0xff, 0xdf, 0xff,
    0xff, 0xff, 0xff, 0xff, 0xff, 0xff, 0xff, 0xff, 0xff, 0xff, 0xff, 0xff,
    0xff, 0xff, 0x13, 0xb5, 0x13, 0xb5, 0x13, 0xb5, 0x54, 0xbd, 0x96, 0xc5,
    0xb5, 0xcd, 0x32, 0xcd, 0xb0, 0xc4, 0x4f, 0xc4, 0x2e, 0xc4, 0x2e, 0xc4,
    0x4e, 0xbc, 0x4e, 0xc4, 0x2e, 0xbc, 0x4e, 0xbc, 0x2f, 0xbc, 0x2e, 0xbc,
    0x2e, 0xb4, 0xed, 0xb3, 0xed, 0xab, 0xcd, 0xab, 0xcd, 0xab, 0xac, 0xab,
    0x8c, 0xa3, 0x8c, 0xa3, 0xad, 0xab, 0x8c, 0xa3, 0xd1, 0xbc, 0xb1, 0xbc,
    0x8b, 0xa3, 0xcd, 0xab, 0xed, 0xab, 0x4e, 0xac, 0x6f, 0xb4, 0x0d, 0xac,
    0x6c, 0x9b, 0x2f, 0xac, 0x34, 0xc5, 0x14, 0xbd, 0x0f, 0x9c, 0x4b, 0x93,
    0xea, 0x8a, 0xea, 0x8a, 0x2a, 0x8b, 0x6c, 0x93, 0xad, 0x9b, 0xad, 0x9b,
    0x8d, 0x93, 0xac, 0x93, 0x8c, 0x93, 0x8c, 0x93, 0x4c, 0x8b, 0x4c, 0x8b,
    0x2b, 0x8b, 0x2b, 0x8b, 0x2b, 0x83, 0x0a, 0x83, 0xea, 0x7a, 0x2b, 0x83,
    0xac, 0x93, 0x6f, 0xb4, 0x0d, 0x9c, 0x6b, 0x8b, 0x2b, 0x83, 0x4b, 0x8b,
    0xcc, 0xa3, 0xed, 0xa3, 0x8b, 0x93, 0x4b, 0x8b, 0x4a, 0x8b, 0xc9, 0x7a,
    0x88, 0x6a, 0x2b, 0x83, 0x94, 0xd5, 0x94, 0xc5, 0x0a, 0x73, 0xa8, 0x72,
    0xa8, 0x72, 0x6b, 0x93, 0xab, 0x9b, 0x27, 0x5a, 0xa6, 0x41, 0xea, 0x7a,
    0xed, 0xa3, 0x8b, 0x93, 0xcc, 0x9b, 0x07, 0x5a, 0x6a, 0x83, 0x4e, 0xac,
    0xa8, 0x6a, 0x2b, 0x8b, 0xa8, 0x72, 0xe9, 0x82, 0x6b, 0x8b, 0xd4, 0xdd,
    0x47, 0x6a, 0x87, 0x72, 0xcb, 0xa3, 0xeb, 0xa3, 0x6d, 0xbc, 0xcb, 0xa3,
    0x26, 0x6a, 0x8e, 0xbc, 0x6e, 0xbc, 0x49, 0x93, 0x56, 0xe6, 0x8f, 0xc4,
    0x15, 0xe6, 0xb3, 0xd5, 0xcf, 0xc4, 0xaf, 0xc4, 0xec, 0xab, 0x71, 0xdd,
    0x0b, 0xb4, 0xef, 0xd4, 0xcb, 0xbb, 0xca, 0xb3, 0x29, 0x9b, 0x69, 0xa3,
    0x28, 0x9b, 0x2c, 0xbc, 0xad, 0xc4, 0xf4, 0xe5, 0x73, 0xd5, 0x15, 0xe6,
    0xd9, 0xf6, 0x15, 0xe6, 0x92, 0xdd, 0xb9, 0xee, 0xd4, 0xdd, 0xb8, 0xf6,
    0xd4, 0xdd, 0xd3, 0xdd, 0x56, 0xe6, 0xf5, 0xe5, 0x72, 0xdd, 0x52, 0xd5,
    0xd4, 0xdd, 0xf5, 0xe5, 0x97, 0xee, 0x72, 0xd5, 0xf4, 0xe5, 0x19, 0xf7,
    0x72, 0xdd, 0x5b, 0xff, 0x14, 0xe6, 0xf9, 0xf6, 0x15, 0xe6, 0x1a, 0xf7,
    0xd8, 0xf6, 0x5b, 0xff, 0xf9, 0xf6, 0x19, 0xff, 0x7b, 0xff, 0xb8, 0xf6,
    0x1a, 0xff, 0x7c, 0xff, 0xd9, 0xf6, 0x1a, 0xf7, 0x7c, 0xff, 0x1a, 0xf7,
    0x98, 0xee, 0x3a, 0xff, 0x97, 0xee, 0xf9, 0xf6, 0xb8, 0xee, 0xd9, 0xf6,
    0x1a, 0xf7, 0xf1, 0xcc, 0xc7, 0x41, 0x8e, 0x83, 0x66, 0x39, 0x27, 0x52,
    0x48, 0x5a, 0xa9, 0x72, 0x4a, 0x8b, 0x09, 0x73, 0x08, 0x42, 0x09, 0x42,
    0x09, 0x42, 0x2a, 0x42, 0x8d, 0x7b, 0x50, 0x9c, 0x71, 0xa4, 0xb0, 0xac,
    0x12, 0xbd, 0xf2, 0xbc, 0x94, 0xcd, 0xd4, 0xd5, 0x34, 0xbd, 0x90, 0xac,
    0x90, 0xac, 0x2f, 0xa4, 0x8d, 0x83, 0x29, 0x52, 0xcb, 0x72, 0xec, 0x62,
    0xca, 0x82, 0xac, 0x93, 0xee, 0x9b, 0xb0, 0xb4, 0x32, 0xc5, 0x15, 0xe6,
    0xf5, 0xdd, 0xb3, 0xdd, 0x52, 0xcd, 0x76, 0xe6, 0x32, 0xc5, 0xf0, 0xbc,
    0x0d, 0x9c, 0x4e, 0xac, 0xd0, 0xbc, 0xcc, 0x93, 0x6b, 0x8b, 0xcd, 0x93,
    0xc9, 0x6a, 0x4c, 0x83, 0x0e, 0x9c, 0x4f, 0xa4, 0xb4, 0xdd, 0xb0, 0xac,
    0x12, 0xbd, 0x33, 0xc5, 0xf2, 0xb4, 0xd5, 0xcd, 0x91, 0xac, 0x50, 0xa4,
    0x2f, 0x9c, 0xb0, 0xb4, 0x8f, 0xb4, 0x4e, 0xac, 0x2e, 0xa4, 0x4e, 0xac,
    0xd0, 0xbc, 0xb0, 0xb4, 0xb0, 0xbc, 0xf1, 0xcc, 0x53, 0xd5, 0x93, 0xdd,
    0x15, 0xee, 0x98, 0xf6, 0x3a, 0xff, 0x5b, 0xff, 0x7b, 0xff, 0x5b, 0xff,
    0xf9, 0xf6, 0x78, 0xe6, 0x37, 0xde, 0xf6, 0xcd, 0xb6, 0xc5, 0x75, 0xc5,
    0x34, 0xb5, 0xb1, 0xac, 0x51, 0x94, 0x50, 0x94, 0x50, 0x9c, 0x91, 0xac,
    0xd2, 0xac, 0x13, 0xb5, 0x54, 0xbd, 0x75, 0xc5, 0x95, 0xcd, 0xb5, 0xcd,
    0xd5, 0xcd, 0xd6, 0xcd, 0xd6, 0xcd, 0xd5, 0xcd, 0xb5, 0xcd, 0xb6, 0xcd,
    0x95, 0xcd, 0x94, 0xc5, 0x54, 0xbd, 0x54, 0xb5, 0x13, 0xb5, 0xf2, 0xac,
    0xd2, 0xac, 0x91, 0xac, 0x71, 0xa4, 0x71, 0x9c, 0x50, 0x9c, 0x30, 0x9c,
    0x30, 0x9c, 0x2f, 0x9c, 0x2f, 0x94, 0x30, 0x9c, 0x2f, 0x9c, 0x50, 0x9c,
    0x50, 0x9c, 0x70, 0x9c, 0x71, 0xa4, 0x91, 0xa4, 0x92, 0xa4, 0xb2, 0xac,
    0xf2, 0xac, 0x13, 0xad, 0x34, 0xb5, 0x54, 0xb5, 0x75, 0xc5, 0xb6, 0xc5,
    0x17, 0xc6, 0x38, 0xd6, 0x59, 0xde, 0x9a, 0xde, 0xdb, 0xe6, 0xfb, 0xe6,
    0x1d, 0xef, 0x7d, 0xef, 0x7d, 0xf7, 0x7e, 0xf7, 0xbe, 0xf7, 0xde, 0xff,
    0xdf, 0xff, 0xdf, 0xff, 0xff, 0xff, 0xff, 0xff, 0xff, 0xff, 0xff, 0xff,
    0xff, 0xff, 0xff, 0xff, 0x13, 0xb5, 0x13, 0xb5, 0x13, 0xb5, 0x34, 0xbd,
    0x95, 0xbd, 0xb5, 0xcd, 0x94, 0xcd, 0xf1, 0xc4, 0x6f, 0xc4, 0x2e, 0xc4,
    0x0e, 0xbc, 0x0e, 0xbc, 0x4f, 0xbc, 0x2f, 0xc4, 0x2e, 0xbc, 0x2e, 0xbc,
    0x2e, 0xb4, 0x0e, 0xbc, 0xee, 0xb3, 0xed, 0xb3, 0xcd, 0xab, 0x8c, 0xab,
    0x8c, 0xa3, 0x8c, 0xa3, 0x6c, 0xa3, 0x8c, 0xa3, 0x12, 0xc5, 0xcd, 0xa3,
    0xac, 0xa3, 0xcc, 0xa3, 0xcd, 0xab, 0x4f, 0xb4, 0x4f, 0xb4, 0xed, 0xa3,
    0xcd, 0xa3, 0x0e, 0xac, 0x0d, 0xac, 0xed, 0xa3, 0xcd, 0xa3, 0x91, 0xb4,
    0xd2, 0xb4, 0xf2, 0xb4, 0x70, 0xac, 0xee, 0x9b, 0x2b, 0x8b, 0xca, 0x82,
    0x0a, 0x83, 0x4b, 0x8b, 0x4b, 0x8b, 0x6c, 0x93, 0x6d, 0x93, 0x6c, 0x93,
    0x4b, 0x83, 0x0b, 0x7b, 0xea, 0x7a, 0x0b, 0x83, 0x0b, 0x7b, 0x0b, 0x83,
    0x4b, 0x8b, 0x2b, 0x83, 0x4b, 0x83, 0x0d, 0xac, 0xaf, 0xbc, 0x6f, 0xb4,
    0x6e, 0xb4, 0x0d, 0xac, 0x2d, 0xac, 0xcc, 0x9b, 0x4b, 0x83, 0xe9, 0x7a,
    0xcb, 0xa3, 0xe9, 0x7a, 0x27, 0x5a, 0x88, 0x72, 0xa9, 0x72, 0xd1, 0xb4,
    0x12, 0xc5, 0xed, 0x93, 0x26, 0x5a, 0x06, 0x5a, 0xab, 0x9b, 0x6a, 0x8b,
    0x88, 0x6a, 0x06, 0x52, 0x8b, 0x93, 0x2a, 0x8b, 0xed, 0xa3, 0xc7, 0x49,
    0x48, 0x62, 0xec, 0xa3, 0xc8, 0x72, 0x6b, 0x93, 0x09, 0x83, 0xa8, 0x72,
    0x8c, 0x93, 0xb3, 0xdd, 0x09, 0x8b, 0x67, 0x72, 0xcb, 0xab, 0x49, 0x93,
    0xcb, 0xab, 0xae, 0xcc, 0x29, 0x93, 0x2c, 0xb4, 0x4e, 0xb4, 0xab, 0x9b,
    0x72, 0xd5, 0xcf, 0xbc, 0x36, 0xe6, 0x8f, 0xbc, 0x72, 0xd5, 0x10, 0xcd,
    0xec, 0xab, 0x93, 0xdd, 0xae, 0xc4, 0xce, 0xd4, 0x4c, 0xc4, 0x6e, 0xcc,
    0x8a, 0xab, 0x4c, 0xbc, 0xc8, 0x92, 0xef, 0xd4, 0x2c, 0xbc, 0xd4, 0xdd,
    0x72, 0xd5, 0xf9, 0xf6, 0x16, 0xe6, 0x56, 0xe6, 0xf4, 0xdd, 0xf8, 0xf6,
    0x36, 0xe6, 0xb8, 0xee, 0xf4, 0xe5, 0xf4, 0xe5, 0x77, 0xee, 0x72, 0xd5,
    0x92, 0xdd, 0x15, 0xe6, 0xb3, 0xdd, 0x35, 0xee, 0x77, 0xee, 0x72, 0xd5,
    0x39, 0xff, 0xf4, 0xe5, 0x57, 0xe6, 0xb7, 0xf6, 0xb8, 0xf6, 0x97, 0xee,
    0x96, 0xf6, 0x5b, 0xff, 0xd8, 0xee, 0x7c, 0xff, 0xd9, 0xf6, 0x5c, 0xff,
    0x1a, 0xff, 0xd8, 0xee, 0x1b, 0xff, 0x5b, 0xf7, 0xd8, 0xf6, 0x1a, 0xf7,
    0xf9, 0xf6, 0xfa, 0xf6, 0xd9, 0xf6, 0xd9, 0xee, 0x1a, 0xf7, 0xb9, 0xee,
    0xfa, 0xf6, 0x5a, 0xff, 0xe9, 0x8a, 0xaa, 0x62, 0x69, 0x5a, 0xe7, 0x49,
    0x69, 0x62, 0xea, 0x72, 0x0a, 0x83, 0x4b, 0x83, 0x0b, 0x7b, 0x8b, 0x52,
    0x4b, 0x42, 0x8c, 0x4a, 0xff, 0xff, 0x0b, 0x32, 0x8e, 0x73, 0x30, 0x9c,
    0x90, 0xa4, 0xd2, 0xac, 0x13, 0xb5, 0x13, 0xbd, 0x94, 0xcd, 0xb5, 0xcd,
    0x12, 0xbd, 0xd1, 0xbc, 0x70, 0xac, 0x4c, 0x7b, 0x2a, 0x52, 0xc8, 0x51,
    0x4e, 0x73, 0x68, 0x72, 0xad, 0x93, 0x8c, 0x93, 0xb0, 0xb4, 0xb3, 0xdd,
    0x35, 0xde, 0x36, 0xe6, 0x32, 0xc5, 0x56, 0xe6, 0x8b, 0x8b, 0x8c, 0x8b,
    0x32, 0xcd, 0xcf, 0xbc, 0x2e, 0xa4, 0xac, 0x93, 0x8c, 0x8b, 0x6c, 0x8b,
    0x4b, 0x83, 0x4b, 0x7b, 0x8c, 0x83, 0x4f, 0xac, 0x11, 0xc5, 0x2e, 0x9c,
    0x93, 0xcd, 0x16, 0xde, 0x73, 0xcd, 0x15, 0xd6, 0x12, 0xbd, 0x32, 0xbd,
    0xd1, 0xb4, 0xb1, 0xac, 0x32, 0xc5, 0x73, 0xc5, 0x12, 0xbd, 0xd1, 0xb4,
    0x73, 0xcd, 0x11, 0xbd, 0xb0, 0xc4, 0xf1, 0xcc, 0x12, 0xc5, 0x92, 0xdd,
    0x14, 0xe6, 0x76, 0xf6, 0xf8, 0xfe, 0x5a, 0xff, 0x7b, 0xff, 0x5a, 0xff,
    0x19, 0xff, 0xb8, 0xee, 0x78, 0xe6, 0x38, 0xde, 0x17, 0xce, 0xb5, 0xcd,
    0x75, 0xbd, 0x34, 0xbd, 0x13, 0xad, 0xd2, 0xac, 0xb2, 0xac, 0xb2, 0xa4,
    0xb2, 0xa4, 0xd3, 0xac, 0x13, 0xb5, 0x33, 0xbd, 0x74, 0xc5, 0x75, 0xc5,
    0xb5, 0xc5, 0xb5, 0xcd, 0xb6, 0xcd, 0xd6, 0xcd, 0xd6, 0xcd, 0xd6, 0xcd,
    0xb5, 0xcd, 0xb5, 0xcd, 0x95, 0xc5, 0x74, 0xbd, 0x54, 0xc5, 0x33, 0xbd,
    0x12, 0xb5, 0xd3, 0xac, 0xd2, 0xa4, 0x91, 0xa4, 0x71, 0xa4, 0x50, 0x9c,
    0x50, 0x9c, 0x50, 0x94, 0x2f, 0x9c, 0x30, 0x94, 0x30, 0x94, 0x30, 0x9c,
    0x50, 0x9c, 0x50, 0x9c, 0x50, 0x9c, 0x90, 0x9c, 0x91, 0xa4, 0x91, 0xa4,
    0xb1, 0xa4, 0xd2, 0xac, 0xf2, 0xb4, 0xf3, 0xb4, 0x34, 0xb5, 0x54, 0xbd,
    0x96, 0xbd, 0xb6, 0xc5, 0x17, 0xce, 0x58, 0xd6, 0x99, 0xde, 0xba, 0xe6,
    0xdb, 0xe6, 0x1c, 0xe7, 0x3c, 0xef, 0x7d, 0xf7, 0x7e, 0xf7, 0x9e, 0xf7,
    0xbe, 0xff, 0xdf, 0xff, 0xff, 0xff, 0xff, 0xff, 0xff, 0xff, 0xff, 0xff,
    0xff, 0xff, 0xff, 0xff, 0xff, 0xff, 0x13, 0xb5, 0x13, 0xb5, 0x33, 0xb5,
    0x34, 0xb5, 0x54, 0xbd, 0x95, 0xc5, 0x95, 0xcd, 0x33, 0xcd, 0xd0, 0xc4,
    0x4f, 0xbc, 0xed, 0xbb, 0xed, 0xbb, 0x0e, 0xbc, 0x4e, 0xbc, 0x2f, 0xbc,
    0x2e, 0xbc, 0x2f, 0xbc, 0x0e, 0xb4, 0x0e, 0xb4, 0xed, 0xab, 0xcd, 0xab,
    0xad, 0xab, 0x8c, 0xa3, 0x2b, 0x9b, 0xad, 0x9b, 0xf2, 0xbc, 0x2b, 0x93,
    0x8c, 0xa3, 0x8c, 0xa3, 0xac, 0xa3, 0xee, 0xab, 0xee, 0xab, 0xcd, 0xa3,
    0xad, 0xa3, 0xcd, 0xab, 0xad, 0xa3, 0x8c, 0x9b, 0x6c, 0x9b, 0x4b, 0x93,
    0x6c, 0x93, 0xac, 0x9b, 0xee, 0xa3, 0x50, 0xac, 0xf2, 0xbc, 0x33, 0xbd,
    0xf3, 0xbc, 0x50, 0xac, 0xad, 0x9b, 0x6c, 0x93, 0x0a, 0x83, 0xc9, 0x7a,
    0xea, 0x82, 0x0a, 0x8b, 0x4b, 0x8b, 0x4b, 0x8b, 0x4b, 0x8b, 0x4b, 0x8b,
    0x8b, 0x93, 0x4c, 0x8b, 0x8c, 0x93, 0xee, 0xa3, 0x4e, 0xa4, 0x8f, 0xb4,
    0x8f, 0xb4, 0x8f, 0xb4, 0x4e, 0xac, 0x2d, 0xac, 0x6f, 0xb4, 0xcc, 0xa3,
    0xab, 0x93, 0xc8, 0x6a, 0x6b, 0x93, 0xab, 0x93, 0x0a, 0x83, 0x2a, 0x8b,
    0x67, 0x62, 0xa6, 0x41, 0x0e, 0xa4, 0x95, 0xd5, 0xce, 0x8b, 0x67, 0x6a,
    0xc8, 0x72, 0x68, 0x6a, 0xab, 0xa3, 0x47, 0x52, 0xa8, 0x6a, 0xcc, 0xa3,
    0x8b, 0x93, 0x27, 0x52, 0x47, 0x62, 0x0a, 0x7b, 0xc9, 0x6a, 0xa8, 0x72,
    0xab, 0x9b, 0x88, 0x72, 0x4b, 0x8b, 0x93, 0xd5, 0xc8, 0x82, 0xc9, 0x82,
    0xec, 0xab, 0x29, 0x83, 0x4a, 0x8b, 0x6d, 0xbc, 0x0c, 0xb4, 0x4d, 0xb4,
    0x8e, 0xbc, 0x6e, 0xb4, 0xd0, 0xc4, 0x31, 0xcd, 0x15, 0xde, 0xeb, 0xab,
    0xb4, 0xdd, 0x92, 0xdd, 0x6e, 0xb4, 0x15, 0xee, 0x4d, 0xbc, 0x6d, 0xc4,
    0xef, 0xd4, 0x8a, 0xab, 0xef, 0xcc, 0xeb, 0xb3, 0x6a, 0x9b, 0xf3, 0xe5,
    0x0b, 0xb4, 0x51, 0xd5, 0x56, 0xe6, 0x77, 0xe6, 0x98, 0xee, 0xf4, 0xe5,
    0x77, 0xee, 0xd8, 0xee, 0x15, 0xe6, 0xd9, 0xf6, 0x36, 0xe6, 0x35, 0xe6,
    0x56, 0xe6, 0x52, 0xd5, 0xd4, 0xdd, 0x56, 0xee, 0x93, 0xd5, 0x76, 0xf6,
    0x15, 0xe6, 0x56, 0xee, 0x3a, 0xff, 0x71, 0xdd, 0x3a, 0xff, 0x76, 0xee,
    0x19, 0xf7, 0x56, 0xee, 0x1a, 0xff, 0xf9, 0xf6, 0x3b, 0xff, 0x1a, 0xf7,
    0x3a, 0xff, 0x7c, 0xff, 0xb8, 0xee, 0xf9, 0xf6, 0x9c, 0xff, 0x98, 0xee,
    0x3a, 0xff, 0x77, 0xee, 0x3b, 0xff, 0xb9, 0xee, 0x3b, 0xff, 0xd9, 0xf6,
    0x1a, 0xf7, 0xd9, 0xf6, 0x7b, 0xff, 0xa9, 0x7a, 0xaa, 0x62, 0x86, 0x39,
    0x88, 0x62, 0x0a, 0x83, 0x2a, 0x83, 0xea, 0x7a, 0xea, 0x7a, 0x2a, 0x83,
    0xab, 0x5a, 0xec, 0x52, 0x4e, 0x53, 0x67, 0x21, 0xc9, 0x31, 0x6a, 0x52,
    0xcf, 0x7b, 0x50, 0x9c, 0x91, 0xac, 0xb1, 0xb4, 0x32, 0xbd, 0x94, 0xcd,
    0x53, 0xc5, 0x12, 0xbd, 0xb5, 0xcd, 0xd1, 0xac, 0xaa, 0x6a, 0xcc, 0x5a,
    0xc7, 0x49, 0x4e, 0x73, 0x28, 0x6a, 0x8c, 0x8b, 0x8c, 0x93, 0x4f, 0xa4,
    0x56, 0xe6, 0xf4, 0xe5, 0x11, 0xc5, 0x35, 0xe6, 0xed, 0x9b, 0xb0, 0xb4,
    0x52, 0xcd, 0x4f, 0xac, 0xed, 0x9b, 0xd0, 0xbc, 0x0e, 0x9c, 0x2b, 0x83,
    0x6b, 0x83, 0xad, 0x93, 0xed, 0x9b, 0x2e, 0xa4, 0x2e, 0xa4, 0x70, 0xa4,
    0xd5, 0xdd, 0x57, 0xde, 0x94, 0xc5, 0x78, 0xee, 0xf5, 0xd5, 0x15, 0xd6,
    0xf5, 0xdd, 0x16, 0xde, 0xf5, 0xdd, 0x74, 0xcd, 0xf2, 0xb4, 0xf1, 0xbc,
    0x73, 0xcd, 0xd0, 0xac, 0xb0, 0xbc, 0x52, 0xcd, 0x52, 0xcd, 0x51, 0xd5,
    0x92, 0xd5, 0xf4, 0xe5, 0xb8, 0xee, 0x5b, 0xff, 0x7b, 0xff, 0x5a, 0xff,
    0x1a, 0xff, 0x1a, 0xf7, 0x1a, 0xf7, 0xfa, 0xf6, 0x38, 0xde, 0xb6, 0xc5,
    0x75, 0xc5, 0x75, 0xbd, 0x34, 0xb5, 0x13, 0xad, 0xf3, 0xac, 0xd2, 0xa4,
    0xb2, 0xa4, 0xb2, 0xa4, 0xd2, 0xac, 0xf3, 0xac, 0x13, 0xb5, 0x34, 0xbd,
    0x74, 0xbd, 0x95, 0xc5, 0xb5, 0xc5, 0xb5, 0xcd, 0xd6, 0xd5, 0xd6, 0xd5,
    0xd5, 0xd5, 0xd5, 0xcd, 0xb5, 0xcd, 0x95, 0xc5, 0x94, 0xc5, 0x54, 0xbd,
    0x34, 0xbd, 0x13, 0xb5, 0xf2, 0xac, 0xd2, 0xac, 0xb1, 0xac, 0x70, 0xa4,
    0x70, 0x9c, 0x50, 0x9c, 0x50, 0x9c, 0x30, 0x9c, 0x30, 0x9c, 0x4f, 0x94,
    0x2f, 0x9c, 0x50, 0x9c, 0x30, 0x9c, 0x70, 0xa4, 0x70, 0xa4, 0x70, 0xa4,
    0x70, 0xa4, 0x91, 0xa4, 0xb2, 0xa4, 0xd2, 0xac, 0xf3, 0xac, 0x13, 0xb5,
    0x54, 0xb5, 0x75, 0xbd, 0x96, 0xc5, 0xd7, 0xc5, 0x18, 0xce, 0x59, 0xd6,
    0x9a, 0xde, 0xbb, 0xe6, 0xfb, 0xe6, 0x1c, 0xef, 0x5d, 0xef, 0x7d, 0xf7,
    0x9e, 0xff, 0x9e, 0xf7, 0xbf, 0xff, 0xdf, 0xff, 0xdf, 0xff, 0xff, 0xff,
    0xff, 0xff, 0xff, 0xff, 0xff, 0xff, 0xff, 0xff, 0x13, 0xb5, 0x14, 0xb5,
    0x33, 0xb5, 0x34, 0xb5, 0x54, 0xbd, 0x95, 0xbd, 0xb6, 0xcd, 0x94, 0xcd,
    0xf1, 0xc4, 0x6f, 0xbc, 0x0e, 0xbc, 0xcd, 0xb3, 0xee, 0xbb, 0x4e, 0xbc,
    0x4f, 0xc4, 0x2e, 0xbc, 0x2e, 0xb4, 0x0e, 0xb4, 0x0d, 0xb4, 0xed, 0xb3,
    0xcc, 0xab, 0xac, 0xab, 0x4b, 0x9b, 0xce, 0xa3, 0xb1, 0xbc, 0x0a, 0x93,
    0x4b, 0x9b, 0x6c, 0xa3, 0x8c, 0xa3, 0x8c, 0x9b, 0xad, 0xa3, 0xcc, 0xa3,
    0x6c, 0x9b, 0x6b, 0x9b, 0x4b, 0x9b, 0x4c, 0x93, 0x4b, 0x93, 0xad, 0xa3,
    0xcd, 0xa3, 0xcd, 0xa3, 0xac, 0x9b, 0x4b, 0x93, 0xea, 0x8a, 0x89, 0x7a,
    0xa9, 0x7a, 0xea, 0x82, 0xad, 0x93, 0x50, 0xac, 0xb2, 0xb4, 0x13, 0xbd,
    0x12, 0xbd, 0xb1, 0xb4, 0x70, 0xac, 0x0f, 0x9c, 0xad, 0x9b, 0xce, 0x9b,
    0xee, 0x9b, 0x4e, 0xa4, 0x6e, 0xb4, 0x2e, 0xa4, 0x0d, 0xa4, 0xac, 0x9b,
    0xed, 0xab, 0x6e, 0xb4, 0x8e, 0xb4, 0x2d, 0xac, 0x8b, 0x93, 0x8c, 0x9b,
    0xcc, 0x9b, 0x6b, 0x93, 0x4a, 0x8b, 0xc9, 0x6a, 0x0a, 0x83, 0x4a, 0x93,
    0x09, 0x7b, 0x0a, 0x83, 0x88, 0x6a, 0xc9, 0x72, 0x0a, 0x83, 0xac, 0x93,
    0x54, 0xc5, 0x12, 0xc5, 0xea, 0x72, 0xc5, 0x49, 0x09, 0x83, 0x27, 0x5a,
    0xe9, 0x7a, 0x8b, 0x9b, 0xa9, 0x6a, 0x48, 0x5a, 0x6b, 0x9b, 0x8c, 0x93,
    0xab, 0x9b, 0xc9, 0x7a, 0x0c, 0xac, 0xe9, 0x7a, 0x2a, 0x83, 0x30, 0xcd,
    0xa8, 0x7a, 0x4a, 0x93, 0x8d, 0xc4, 0xcf, 0xcc, 0xcf, 0xc4, 0xf0, 0xcc,
    0x6a, 0x9b, 0x0d, 0xac, 0x72, 0xd5, 0xd0, 0xc4, 0xef, 0xcc, 0x15, 0xde,
    0xb3, 0xdd, 0x2d, 0xb4, 0x73, 0xd5, 0x14, 0xde, 0xcf, 0xc4, 0xb3, 0xdd,
    0x2c, 0xb4, 0xce, 0xcc, 0x6d, 0xc4, 0x49, 0x9b, 0xd2, 0xe5, 0x07, 0x93,
    0xae, 0xc4, 0xf5, 0xe5, 0x6e, 0xc4, 0xf4, 0xe5, 0x1a, 0xf7, 0x15, 0xde,
    0xd9, 0xf6, 0x15, 0xe6, 0x3a, 0xf7, 0x56, 0xe6, 0x36, 0xee, 0xd8, 0xee,
    0x56, 0xe6, 0x78, 0xee, 0x72, 0xd5, 0xf4, 0xe5, 0x15, 0xe6, 0x35, 0xee,
    0xb3, 0xe5, 0x97, 0xf6, 0x35, 0xee, 0xf9, 0xf6, 0x36, 0xee, 0xf4, 0xe5,
    0x3a, 0xff, 0xd9, 0xf6, 0x97, 0xee, 0xb8, 0xf6, 0x7c, 0xff, 0xf9, 0xf6,
    0x5b, 0xff, 0x3a, 0xf7, 0x3b, 0xff, 0x5b, 0xff, 0x77, 0xee, 0x5b, 0xff,
    0x3a, 0xff, 0xb9, 0xf6, 0xb9, 0xee, 0x19, 0xf7, 0xfa, 0xee, 0x3a, 0xff,
    0xd9, 0xf6, 0xd9, 0xee, 0x1a, 0xff, 0x1a, 0xff, 0x48, 0x62, 0x4a, 0x5a,
    0xa5, 0x41, 0x89, 0x62, 0xc9, 0x72, 0x4b, 0x8b, 0x0a, 0x7b, 0x4a, 0x83,
    0x6b, 0x8b, 0x0d, 0x6b, 0x4a, 0x42, 0xe8, 0x39, 0xa7, 0x39, 0xa8, 0x31,
    0x6b, 0x42, 0x0c, 0x73, 0x0f, 0x94, 0x50, 0xa4, 0xb1, 0xa4, 0xf1, 0xbc,
    0x14, 0xb5, 0x73, 0xc5, 0x34, 0xbd, 0x53, 0xc5, 0x33, 0xc5, 0x89, 0x62,
    0xcb, 0x62, 0xa6, 0x41, 0x2d, 0x6b, 0x27, 0x6a, 0xea, 0x7a, 0x6c, 0x8b,
    0x32, 0xc5, 0xb3, 0xdd, 0xf5, 0xdd, 0xb4, 0xd5, 0x8c, 0x8b, 0xb3, 0xd5,
    0xcd, 0x93, 0x0e, 0x9c, 0x11, 0xc5, 0xf1, 0xbc, 0x8c, 0x8b, 0xcd, 0x9b,
    0x0b, 0x83, 0x4b, 0x83, 0xed, 0x9b, 0x8d, 0x8b, 0x2f, 0x9c, 0x2e, 0xa4,
    0x52, 0xc5, 0x56, 0xe6, 0x57, 0xee, 0x98, 0xee, 0x78, 0xe6, 0xd5, 0xcd,
    0x16, 0xd6, 0xf6, 0xdd, 0xf2, 0xbc, 0x32, 0xb5, 0x12, 0xbd, 0x53, 0xc5,
    0x73, 0xc5, 0xf2, 0xbc, 0x32, 0xcd, 0x73, 0xd5, 0x72, 0xcd, 0x72, 0xcd,
    0x93, 0xdd, 0x15, 0xde, 0xb8, 0xee, 0x3a, 0xff, 0x3a, 0xff, 0xf9, 0xfe,
    0xf9, 0xf6, 0x19, 0xff, 0x3b, 0xff, 0x5b, 0xff, 0xfa, 0xee, 0x37, 0xde,
    0x95, 0xbd, 0x33, 0xb5, 0xd2, 0xac, 0xb1, 0xac, 0xb2, 0xa4, 0xb2, 0xa4,
    0xb2, 0xa4, 0xb2, 0xa4, 0xb3, 0xa4, 0xb2, 0xa4, 0xd2, 0xac, 0xd2, 0xb4,
    0x13, 0xb5, 0x34, 0xbd, 0x74, 0xc5, 0x95, 0xc5, 0xd5, 0xcd, 0xd5, 0xd5,
    0xd5, 0xd5, 0xd5, 0xd5, 0xd6, 0xd5, 0xd5, 0xcd, 0x95, 0xcd, 0x95, 0xcd,
    0x74, 0xc5, 0x74, 0xbd, 0x33, 0xbd, 0x12, 0xb5, 0xd2, 0xb4, 0xb1, 0xac,
    0x91, 0xa4, 0x91, 0xa4, 0x50, 0xa4, 0x50, 0x9c, 0x50, 0x9c, 0x2f, 0x9c,
    0x50, 0x94, 0x50, 0x9c, 0x50, 0x9c, 0x50, 0x9c, 0x50, 0x9c, 0x70, 0xa4,
    0x71, 0x9c, 0x91, 0xa4, 0x91, 0xac, 0x91, 0xac, 0xd2, 0xac, 0xf2, 0xac,
    0x13, 0xb5, 0x13, 0xb5, 0x34, 0xb5, 0x95, 0xbd, 0xd6, 0xc5, 0xf7, 0xcd,
    0x38, 0xd6, 0x78, 0xd6, 0xba, 0xde, 0xdb, 0xe6, 0x1b, 0xe7, 0x3c, 0xef,
    0x5d, 0xf7, 0x7d, 0xf7, 0xbe, 0xf7, 0xbe, 0xff, 0xbf, 0xff, 0xdf, 0xff,
    0xdf, 0xff, 0xff, 0xff, 0xff, 0xff, 0xff, 0xff, 0xff, 0xff, 0x13, 0xb5,
    0x14, 0xb5, 0x14, 0xbd, 0x33, 0xbd, 0x34, 0xb5, 0x74, 0xbd, 0x95, 0xc5,
    0x95, 0xc5, 0x33, 0xc5, 0xb0, 0xc4, 0x4e, 0xbc, 0xed, 0xbb, 0xee, 0xbb,
    0x2e, 0xbc, 0x4e, 0xbc, 0x2f, 0xbc, 0x2e, 0xbc, 0x2e, 0xbc, 0xee, 0xb3,
    0xee, 0xb3, 0xcd, 0xb3, 0x8c, 0xa3, 0x0f, 0xac, 0xb2, 0xb4, 0xea, 0x8a,
    0x4c, 0x9b, 0x6c, 0x9b, 0x6c, 0x9b, 0x8c, 0x9b, 0x8c, 0x9b, 0x8c, 0xa3,
    0x4c, 0x9b, 0x6c, 0x9b, 0x8c, 0xa3, 0xad, 0xa3, 0xed, 0xa3, 0xcd, 0xa3,
    0x8c, 0x9b, 0x4b, 0x93, 0x0a, 0x93, 0xea, 0x8a, 0xea, 0x8a, 0x0b, 0x8b,
    0x6c, 0x93, 0xcd, 0x9b, 0x0e, 0xa4, 0x2f, 0xa4, 0x0e, 0xa4, 0xcd, 0x93,
    0x4c, 0x93, 0x6c, 0x93, 0xcd, 0x93, 0x2f, 0xa4, 0x71, 0xac, 0xf2, 0xb4,
    0x13, 0xbd, 0x12, 0xbd, 0x73, 0xcd, 0x33, 0xc5, 0x32, 0xc5, 0x93, 0xd5,
    0x93, 0xd5, 0x72, 0xcd, 0x11, 0xc5, 0xd0, 0xb4, 0x0e, 0x9c, 0x8c, 0x8b,
    0xe9, 0x72, 0xa9, 0x6a, 0x88, 0x6a, 0xc9, 0x72, 0x09, 0x7b, 0x2b, 0x8b,
    0x68, 0x62, 0xac, 0x93, 0xe9, 0x7a, 0x2a, 0x83, 0x2a, 0x8b, 0x06, 0x52,
    0x47, 0x62, 0xe9, 0x7a, 0x88, 0x62, 0xf2, 0xbc, 0x11, 0xc5, 0x2b, 0x7b,
    0xc9, 0x72, 0x68, 0x62, 0xac, 0x9b, 0x4a, 0x8b, 0xc9, 0x72, 0x68, 0x62,
    0x29, 0x83, 0x6b, 0x8b, 0xa8, 0x6a, 0xcb, 0x9b, 0x6e, 0xbc, 0x8b, 0x9b,
    0x0d, 0xac, 0x30, 0xd5, 0x06, 0x62, 0x67, 0x6a, 0xe8, 0x8a, 0xeb, 0xab,
    0x92, 0xdd, 0xb3, 0xdd, 0x8a, 0x9b, 0xab, 0xa3, 0xd4, 0xdd, 0x4e, 0xac,
    0x31, 0xcd, 0x36, 0xe6, 0x52, 0xd5, 0xae, 0xbc, 0x31, 0xcd, 0x76, 0xee,
    0xf4, 0xdd, 0x10, 0xcd, 0x51, 0xd5, 0x10, 0xcd, 0x8e, 0xcc, 0x6e, 0xbc,
    0xf4, 0xe5, 0x28, 0x93, 0xd4, 0xe5, 0xd4, 0xdd, 0x52, 0xd5, 0xb8, 0xf6,
    0xf9, 0xf6, 0x56, 0xe6, 0xb8, 0xee, 0x16, 0xe6, 0x5b, 0xff, 0x76, 0xee,
    0x76, 0xe6, 0xd9, 0xf6, 0x15, 0xe6, 0xb8, 0xf6, 0x31, 0xcd, 0xd8, 0xf6,
    0x15, 0xde, 0x56, 0xee, 0x36, 0xe6, 0x56, 0xee, 0x97, 0xee, 0x1a, 0xff,
    0x92, 0xdd, 0xf9, 0xf6, 0x3a, 0xf7, 0xf8, 0xf6, 0xb8, 0xf6, 0x5b, 0xff,
    0x19, 0xf7, 0x3b, 0xff, 0x19, 0xf7, 0x3a, 0xff, 0x9c, 0xff, 0xd8, 0xf6,
    0xd9, 0xf6, 0x9d, 0xff, 0x98, 0xee, 0x1a, 0xf7, 0x98, 0xee, 0xfa, 0xf6,
    0x1a, 0xf7, 0x3b, 0xf7, 0xb8, 0xee, 0x5c, 0xff, 0x77, 0xfe, 0x47, 0x62,
    0x29, 0x52, 0xe7, 0x51, 0xe9, 0x7a, 0x2a, 0x83, 0x4a, 0x8b, 0x2b, 0x7b,
    0x2a, 0x83, 0x4b, 0x83, 0x0b, 0x73, 0x26, 0x29, 0xa8, 0x39, 0x4a, 0x42,
    0x09, 0x42, 0xe9, 0x39, 0xcb, 0x62, 0xce, 0x8b, 0x4f, 0xa4, 0x71, 0x9c,
    0xf2, 0xb4, 0x73, 0xc5, 0x54, 0xbd, 0xd5, 0xd5, 0xf2, 0xbc, 0xb4, 0xc5,
    0xca, 0x6a, 0x69, 0x5a, 0xc8, 0x41, 0xac, 0x62, 0x68, 0x72, 0x0b, 0x7b,
    0xcd, 0x8b, 0xb3, 0xdd, 0xf4, 0xdd, 0xf5, 0xd5, 0xd0, 0xb4, 0xf3, 0xe5,
    0xac, 0x93, 0xb0, 0xb4, 0x31, 0xcd, 0xed, 0x9b, 0x6b, 0x8b, 0xed, 0xa3,
    0x2e, 0x9c, 0x2b, 0x7b, 0xed, 0xa3, 0x6c, 0x83, 0x6f, 0xac, 0xcd, 0x93,
    0x53, 0xcd, 0xf5, 0xdd, 0xd8, 0xee, 0x36, 0xde, 0x58, 0xde, 0xf5, 0xd5,
    0x57, 0xe6, 0x57, 0xde, 0xf6, 0xd5, 0xd4, 0xd5, 0xb4, 0xcd, 0x94, 0xcd,
    0x94, 0xcd, 0x93, 0xcd, 0xd5, 0xd5, 0x56, 0xe6, 0x15, 0xe6, 0xf5, 0xdd,
    0x37, 0xe6, 0x56, 0xe6, 0x56, 0xe6, 0x36, 0xee, 0x56, 0xee, 0x97, 0xf6,
    0xd8, 0xf6, 0x1a, 0xff, 0x7c, 0xff, 0x9c, 0xff, 0x3b, 0xff, 0xd9, 0xee,
    0x58, 0xde, 0xb5, 0xc5, 0x34, 0xb5, 0xb1, 0xa4, 0x30, 0x8c, 0x10, 0x8c,
    0x30, 0x9c, 0xb1, 0xa4, 0xd3, 0xac, 0xf2, 0xac, 0xd2, 0xa4, 0xb2, 0xa4,
    0xd2, 0xac, 0xf2, 0xb4, 0x34, 0xbd, 0x74, 0xc5, 0x95, 0xc5, 0xb5, 0xcd,
    0xd5, 0xd5, 0xd6, 0xcd, 0xf6, 0xd5, 0xd6, 0xcd, 0xd5, 0xd5, 0xd5, 0xcd,
    0xb5, 0xcd, 0x94, 0xcd, 0x74, 0xc5, 0x54, 0xc5, 0x13, 0xbd, 0x12, 0xb5,
    0xd2, 0xac, 0xd1, 0xac, 0x91, 0xa4, 0x71, 0xa4, 0x70, 0x9c, 0x50, 0x9c,
    0x50, 0x9c, 0x50, 0x9c, 0x50, 0x9c, 0x50, 0x9c, 0x50, 0x9c, 0x50, 0x9c,
    0x70, 0x9c, 0x70, 0xa4, 0x71, 0xa4, 0x91, 0xa4, 0x91, 0xa4, 0xd2, 0xac,
    0xd2, 0xac, 0xf2, 0xac, 0x13, 0xb5, 0x33, 0xbd, 0x55, 0xbd, 0x95, 0xc5,
    0xd6, 0xc5, 0x17, 0xce, 0x58, 0xd6, 0x79, 0xde, 0xba, 0xde, 0xfb, 0xe6,
    0x1c, 0xef, 0x5c, 0xef, 0x5e, 0xf7, 0x7e, 0xf7, 0xbe, 0xf7, 0xbf, 0xff,
    0xdf, 0xff, 0xdf, 0xff, 0xff, 0xff, 0xff, 0xff, 0xff, 0xff, 0xff, 0xff,
    0x13, 0xb5, 0x13, 0xb5, 0x34, 0xb5, 0x34, 0xbd, 0x34, 0xbd, 0x54, 0xbd,
    0x74, 0xbd, 0x95, 0xc5, 0x74, 0xc5, 0x12, 0xc5, 0x90, 0xbc, 0x4e, 0xbc,
    0xee, 0xbb, 0xed, 0xbb, 0x0e, 0xbc, 0x2e, 0xbc, 0x0e, 0xbc, 0x2e, 0xb4,
    0x0e, 0xb4, 0x0e, 0xb4, 0xad, 0xab, 0x0f, 0xac, 0xb1, 0xbc, 0x0b, 0x93,
    0x8c, 0xa3, 0x8c, 0x9b, 0x6c, 0x9b, 0x4c, 0x93, 0x4c, 0x9b, 0x8c, 0xa3,
    0x6c, 0x9b, 0x8c, 0x9b, 0xac, 0xa3, 0x8c, 0x9b, 0x6c, 0x9b, 0x2b, 0x93,
    0x2a, 0x93, 0xea, 0x92, 0x0a, 0x8b, 0x0b, 0x8b, 0x6c, 0x93, 0xcd, 0x9b,
    0x0e, 0xa4, 0x0e, 0xa4, 0xad, 0x9b, 0x6c, 0x93, 0x0a, 0x8b, 0xea, 0x82,
    0x0a, 0x8b, 0x4b, 0x8b, 0x4b, 0x8b, 0x4c, 0x8b, 0x8c, 0x9b, 0xad, 0x93,
    0x0d, 0x9c, 0xad, 0x9b, 0x6c, 0x8b, 0x4b, 0x83, 0x6c, 0x8b, 0xed, 0x9b,
    0xce, 0x9b, 0x2e, 0xa4, 0x6f, 0xac, 0x8f, 0xb4, 0x8f, 0xac, 0x90, 0xb4,
    0xd0, 0xc4, 0x11, 0xc5, 0x8f, 0xb4, 0x2e, 0xa4, 0x6c, 0x83, 0xa9, 0x72,
    0x88, 0x6a, 0x27, 0x5a, 0x07, 0x52, 0xe9, 0x7a, 0xa9, 0x72, 0x67, 0x62,
    0x2a, 0x83, 0x07, 0x52, 0x27, 0x52, 0x09, 0x83, 0xe6, 0x51, 0x27, 0x52,
    0x8f, 0xb4, 0x73, 0xd5, 0x6d, 0x8b, 0x47, 0x62, 0x6b, 0x93, 0x0d, 0xac,
    0x2d, 0xac, 0x06, 0x52, 0xa9, 0x6a, 0x2a, 0x83, 0x27, 0x62, 0x2a, 0x8b,
    0x09, 0x83, 0x8a, 0x9b, 0xab, 0x9b, 0x71, 0xdd, 0x88, 0x72, 0x47, 0x6a,
    0xc8, 0x82, 0xe8, 0x8a, 0xed, 0xab, 0x34, 0xee, 0x4f, 0xb4, 0x8f, 0xb4,
    0xb3, 0xdd, 0x8b, 0x9b, 0x92, 0xd5, 0x97, 0xee, 0x72, 0xd5, 0xcf, 0xc4,
    0x10, 0xc5, 0x56, 0xee, 0xd4, 0xe5, 0x31, 0xcd, 0xf0, 0xcc, 0xef, 0xd4,
    0x10, 0xd5, 0x72, 0xd5, 0x15, 0xe6, 0x8d, 0xbc, 0x56, 0xee, 0x52, 0xd5,
    0x35, 0xe6, 0xb8, 0xf6, 0xfa, 0xf6, 0x97, 0xee, 0x55, 0xe6, 0xb8, 0xee,
    0x1a, 0xf7, 0x36, 0xee, 0x98, 0xee, 0x77, 0xee, 0x97, 0xee, 0x76, 0xee,
    0xb3, 0xdd, 0x97, 0xee, 0x15, 0xe6, 0xb8, 0xf6, 0x77, 0xee, 0x77, 0xee,
    0x19, 0xf7, 0x76, 0xee, 0xf4, 0xe5, 0x1a, 0xff, 0x3a, 0xf7, 0x1a, 0xf7,
    0xd8, 0xf6, 0x5b, 0xff, 0xfa, 0xf6, 0x5b, 0xff, 0x1a, 0xff, 0x5b, 0xf7,
    0x3b, 0xff, 0x36, 0xe6, 0x7c, 0xff, 0x3b, 0xf7, 0xfa, 0xfe, 0xb9, 0xf6,
    0x1a, 0xff, 0xf9, 0xf6, 0x5b, 0xff, 0xb9, 0xee, 0x7c, 0xff, 0x36, 0xf6,
    0x27, 0x5a, 0xc7, 0x41, 0x07, 0x52, 0x89, 0x6a, 0x6a, 0x93, 0x0d, 0xa4,
    0x8c, 0x93, 0x6b, 0x8b, 0xac, 0x9b, 0x4b, 0x8b, 0xaa, 0x62, 0x67, 0x29,
    0xc7, 0x31, 0x49, 0x4a, 0x67, 0x39, 0x08, 0x42, 0x6d, 0x73, 0x70, 0xa4,
    0x70, 0xa4, 0x32, 0xbd, 0x75, 0xc5, 0x73, 0xcd, 0x53, 0xc5, 0x74, 0xbd,
    0xf7, 0xcd, 0x68, 0x62, 0x08, 0x4a, 0x4a, 0x52, 0x4a, 0x52, 0x89, 0x72,
    0x0a, 0x7b, 0x4f, 0xa4, 0x93, 0xd5, 0x73, 0xcd, 0x12, 0xc5, 0xf4, 0xe5,
    0xb0, 0xb4, 0xf1, 0xbc, 0xf1, 0xbc, 0x2e, 0xac, 0x8c, 0x8b, 0x8c, 0x8b,
    0x0d, 0xa4, 0x2b, 0x83, 0x8b, 0x8b, 0xed, 0x9b, 0xad, 0x93, 0xcd, 0x8b,
    0x93, 0xd5, 0xd4, 0xd5, 0x77, 0xe6, 0xb9, 0xee, 0x78, 0xe6, 0x98, 0xee,
    0x16, 0xde, 0xd5, 0xd5, 0x57, 0xde, 0x77, 0xe6, 0xf5, 0xd5, 0x33, 0xc5,
    0x53, 0xc5, 0x93, 0xcd, 0x32, 0xc5, 0x94, 0xcd, 0x56, 0xde, 0x77, 0xe6,
    0x98, 0xee, 0xb8, 0xee, 0x16, 0xde, 0x93, 0xd5, 0xb4, 0xdd, 0x16, 0xe6,
    0xb7, 0xf6, 0x19, 0xff, 0x7b, 0xff, 0x9c, 0xff, 0x5b, 0xff, 0xfa, 0xf6,
    0x99, 0xe6, 0x37, 0xd6, 0xf7, 0xcd, 0x75, 0xbd, 0xd2, 0xac, 0x50, 0x94,
    0x30, 0x8c, 0x10, 0x8c, 0x50, 0x94, 0x91, 0xa4, 0xb2, 0xa4, 0xd2, 0xac,
    0xb1, 0xac, 0xd2, 0xa4, 0x13, 0xad, 0x33, 0xb5, 0x54, 0xbd, 0x94, 0xcd,
    0xb5, 0xcd, 0xd6, 0xd5, 0xd5, 0xcd, 0xf6, 0xd5, 0xd5, 0xd5, 0xd6, 0xd5,
    0xf5, 0xd5, 0xd5, 0xd5, 0xb5, 0xcd, 0x95, 0xc5, 0x74, 0xc5, 0x54, 0xc5,
    0x13, 0xb5, 0x12, 0xb5, 0xd2, 0xb4, 0xb2, 0xac, 0xb1, 0xa4, 0x91, 0xa4,
    0x70, 0xa4, 0x70, 0xa4, 0x70, 0xa4, 0x50, 0xa4, 0x70, 0xa4, 0x70, 0xa4,
    0x50, 0x9c, 0x70, 0x9c, 0x91, 0xa4, 0x71, 0xa4, 0x91, 0xac, 0xb1, 0xa4,
    0xd2, 0xac, 0xd2, 0xac, 0xf3, 0xb4, 0x12, 0xb5, 0x34, 0xb5, 0x34, 0xbd,
    0x75, 0xbd, 0xb6, 0xc5, 0xf7, 0xcd, 0x38, 0xce, 0x59, 0xd6, 0x7a, 0xde,
    0xdb, 0xde, 0xfc, 0xe6, 0x1c, 0xef, 0x5d, 0xf7, 0x7d, 0xf7, 0x9e, 0xff,
    0xbf, 0xff, 0xde, 0xff, 0xdf, 0xff, 0xdf, 0xff, 0xff, 0xff, 0xff, 0xff,
    0xff, 0xff, 0x13, 0xb5, 0x34, 0xb5, 0x13, 0xb5, 0x34, 0xb5, 0x34, 0xbd,
    0x54, 0xbd, 0x74, 0xb5, 0x75, 0xc5, 0x95, 0xc5, 0x74, 0xc5, 0xd1, 0xc4,
    0x70, 0xbc, 0x0e, 0xbc, 0xed, 0xb3, 0xee, 0xbb, 0x0e, 0xbc, 0x2f, 0xb4,
    0x2e, 0xb4, 0x0e, 0xbc, 0xed, 0xb3, 0x0e, 0xac, 0xf2, 0xbc, 0x6b, 0x9b,
    0xad, 0xa3, 0x8c, 0xa3, 0x6c, 0x9b, 0x2b, 0x93, 0x0b, 0x93, 0x2b, 0x93,
    0x4b, 0x93, 0x4b, 0x93, 0x6c, 0x9b, 0x2b, 0x93, 0x2b, 0x93, 0x2b, 0x93,
    0x2b, 0x93, 0x2b, 0x93, 0x2b, 0x93, 0x6b, 0x93, 0xad, 0x9b, 0x8c, 0x93,
    0x4b, 0x93, 0x0b, 0x8b, 0xe9, 0x8a, 0xc9, 0x82, 0x89, 0x82, 0xc9, 0x82,
    0xea, 0x82, 0x2b, 0x8b, 0x8c, 0x93, 0xac, 0x93, 0x8d, 0x93, 0x6c, 0x8b,
    0x4b, 0x8b, 0x2b, 0x83, 0x8d, 0x93, 0xed, 0x9b, 0x6e, 0xac, 0x4e, 0xac,
    0x4e, 0xac, 0x4e, 0xac, 0x4e, 0xac, 0x2f, 0xa4, 0x4e, 0xac, 0x8f, 0xb4,
    0x0d, 0xa4, 0x6b, 0x8b, 0xea, 0x72, 0xc9, 0x6a, 0xca, 0x72, 0xed, 0x9b,
    0x8f, 0xb4, 0xb0, 0xb4, 0x2e, 0xac, 0xed, 0x93, 0x88, 0x62, 0x88, 0x6a,
    0xc6, 0x49, 0x68, 0x62, 0x4a, 0x83, 0xc9, 0x7a, 0x68, 0x62, 0xa9, 0x72,
    0xc9, 0x72, 0xa6, 0x41, 0x07, 0x52, 0x0d, 0x9c, 0x12, 0xcd, 0xcd, 0x93,
    0x06, 0x52, 0x8b, 0x93, 0x8e, 0xbc, 0x8b, 0x93, 0x88, 0x6a, 0x2a, 0x8b,
    0x2a, 0x8b, 0x8a, 0x9b, 0x09, 0x83, 0xa8, 0x7a, 0x09, 0x83, 0x50, 0xdd,
    0xe9, 0x82, 0x87, 0x72, 0x4a, 0x9b, 0x8b, 0xa3, 0x09, 0x8b, 0x10, 0xcd,
    0xd0, 0xc4, 0x92, 0xd5, 0x93, 0xdd, 0x8a, 0x9b, 0xb4, 0xd5, 0x76, 0xee,
    0xd4, 0xdd, 0x6e, 0xbc, 0x12, 0xc5, 0xb7, 0xf6, 0xb3, 0xdd, 0xd4, 0xe5,
    0x8e, 0xbc, 0x4d, 0xbc, 0x10, 0xd5, 0x6e, 0xbc, 0xf4, 0xe5, 0x93, 0xdd,
    0x77, 0xe6, 0x93, 0xd5, 0x56, 0xe6, 0xd9, 0xee, 0xf9, 0xf6, 0x77, 0xee,
    0x15, 0xe6, 0x1a, 0xf7, 0xf9, 0xf6, 0x97, 0xee, 0x77, 0xe6, 0x15, 0xe6,
    0xd9, 0xf6, 0xd4, 0xdd, 0xb8, 0xf6, 0xd4, 0xdd, 0xd9, 0xf6, 0xb8, 0xee,
    0x77, 0xee, 0xf9, 0xf6, 0x19, 0xff, 0xf5, 0xe5, 0xb8, 0xf6, 0x3b, 0xff,
    0xfa, 0xf6, 0xf9, 0xf6, 0x3a, 0xff, 0x1a, 0xff, 0x7c, 0xff, 0x1a, 0xf7,
    0xf9, 0xf6, 0x9c, 0xff, 0xd9, 0xf6, 0x98, 0xee, 0xbd, 0xff, 0xd9, 0xf6,
    0x1a, 0xf7, 0xf9, 0xf6, 0xb9, 0xee, 0x3b, 0xff, 0xd9, 0xee, 0x7c, 0xff,
    0x15, 0xf6, 0xa6, 0x49, 0xa6, 0x39, 0x47, 0x62, 0xc9, 0x7a, 0x8b, 0x93,
    0x8b, 0x93, 0xac, 0x93, 0x4b, 0x83, 0x6c, 0x8b, 0x0a, 0x73, 0x6b, 0x8b,
    0xeb, 0x72, 0x47, 0x29, 0xc9, 0x39, 0x29, 0x42, 0x87, 0x29, 0x0c, 0x6b,
    0x4f, 0x9c, 0x71, 0xa4, 0x32, 0xc5, 0x95, 0xcd, 0x52, 0xc5, 0x34, 0xbd,
    0xd5, 0xcd, 0xd5, 0xd5, 0xa6, 0x41, 0xe8, 0x49, 0xcc, 0x6a, 0xc7, 0x49,
    0xca, 0x7a, 0xca, 0x72, 0xf0, 0xc4, 0x72, 0xcd, 0x15, 0xe6, 0x76, 0xee,
    0xb0, 0xb4, 0xd0, 0xbc, 0x90, 0xac, 0xac, 0x93, 0xcd, 0x93, 0x4b, 0x83,
    0x2d, 0xac, 0x6c, 0x83, 0xac, 0x8b, 0xed, 0x9b, 0x6c, 0x83, 0xcd, 0x93,
    0x31, 0xcd, 0x32, 0xc5, 0xb4, 0xcd, 0xb8, 0xe6, 0x57, 0xe6, 0x36, 0xe6,
    0xf5, 0xcd, 0xb4, 0xcd, 0xb8, 0xee, 0x57, 0xe6, 0x94, 0xcd, 0xd1, 0xb4,
    0x54, 0xc5, 0xf5, 0xdd, 0xb4, 0xd5, 0xf5, 0xd5, 0x57, 0xe6, 0x57, 0xee,
    0x76, 0xe6, 0x77, 0xe6, 0x16, 0xe6, 0xf5, 0xe5, 0xf5, 0xe5, 0x56, 0xee,
    0x97, 0xf6, 0x19, 0xff, 0x5b, 0xff, 0x7c, 0xff, 0x5c, 0xff, 0x5c, 0xff,
    0x3b, 0xf7, 0xb9, 0xee, 0x58, 0xde, 0x17, 0xd6, 0xb6, 0xc5, 0x34, 0xb5,
    0xd3, 0xa4, 0xb2, 0xa4, 0x92, 0xa4, 0xb1, 0xa4, 0x91, 0xa4, 0x91, 0xa4,
    0x92, 0xa4, 0xb1, 0xa4, 0xb1, 0xac, 0xf2, 0xb4, 0x13, 0xbd, 0x54, 0xbd,
    0x94, 0xc5, 0x95, 0xcd, 0xb5, 0xcd, 0xf5, 0xd5, 0xd5, 0xd5, 0xf6, 0xd5,
    0xf6, 0xd5, 0xd5, 0xd5, 0xd6, 0xd5, 0xf5, 0xd5, 0xb5, 0xcd, 0x94, 0xcd,
    0x74, 0xc5, 0x53, 0xbd, 0x33, 0xbd, 0x13, 0xb5, 0xf2, 0xb4, 0xd2, 0xac,
    0xd1, 0xac, 0x91, 0xac, 0x91, 0xa4, 0x71, 0xa4, 0x71, 0xa4, 0x70, 0x9c,
    0x70, 0x9c, 0x70, 0xa4, 0x71, 0xa4, 0x91, 0xa4, 0x91, 0xa4, 0xb1, 0xa4,
    0xb1, 0xac, 0xd1, 0xb4, 0xd2, 0xac, 0xf2, 0xb4, 0x13, 0xb5, 0x13, 0xb5,
    0x33, 0xbd, 0x74, 0xbd, 0x96, 0xbd, 0xd6, 0xc5, 0x17, 0xce, 0x38, 0xd6,
    0x99, 0xd6, 0xba, 0xde, 0xdb, 0xe6, 0x1c, 0xef, 0x5c, 0xef, 0x7d, 0xef,
    0x9d, 0xff, 0x9e, 0xff, 0xde, 0xff, 0xdf, 0xff, 0xdf, 0xff, 0xff, 0xff,
    0xff, 0xff, 0xff, 0xff, 0x13, 0xb5, 0x13, 0xb5, 0x34, 0xb5, 0x34, 0xbd,
    0x34, 0xbd, 0x54, 0xb5, 0x54, 0xbd, 0x55, 0xbd, 0x95, 0xc5, 0xb5, 0xcd,
    0x53, 0xc5, 0xb0, 0xc4, 0x4e, 0xbc, 0x0e, 0xb4, 0xee, 0xb3, 0x0e, 0xb4,
    0x2e, 0xb4, 0x0e, 0xbc, 0x0e, 0xb4, 0xce, 0xb3, 0xf3, 0xc4, 0x8c, 0x9b,
    0xcd, 0xab, 0xad, 0xa3, 0x6d, 0x9b, 0x4c, 0x9b, 0x4c, 0x9b, 0x4b, 0x93,
    0x2b, 0x93, 0x0b, 0x93, 0x2b, 0x93, 0x0b, 0x93, 0x2b, 0x93, 0x2a, 0x93,
    0x0a, 0x93, 0x0a, 0x93, 0x2b, 0x8b, 0x4b, 0x9b, 0x2b, 0x93, 0xea, 0x8a,
    0x0a, 0x8b, 0xea, 0x8a, 0xea, 0x8a, 0xc9, 0x82, 0xa9, 0x7a, 0xca, 0x82,
    0x0a, 0x8b, 0x4c, 0x93, 0xad, 0x9b, 0x8c, 0x93, 0x8d, 0x93, 0xad, 0x9b,
    0xed, 0x9b, 0xee, 0xa3, 0x0d, 0xa4, 0x4e, 0xb4, 0x8f, 0xb4, 0xaf, 0xbc,
    0xf0, 0xbc, 0xb0, 0xbc, 0x4f, 0xac, 0xae, 0xbc, 0x6e, 0xb4, 0x4b, 0x83,
    0xc9, 0x7a, 0x4a, 0x8b, 0xa9, 0x6a, 0x68, 0x62, 0x88, 0x6a, 0xe6, 0x49,
    0xa6, 0x41, 0x07, 0x5a, 0xa9, 0x72, 0xa8, 0x6a, 0x2a, 0x83, 0x4e, 0xac,
    0x90, 0xb4, 0x2e, 0xac, 0x0d, 0x9c, 0xc9, 0x6a, 0xa9, 0x72, 0x68, 0x6a,
    0x2a, 0x83, 0x09, 0x7b, 0xe9, 0x7a, 0x47, 0x5a, 0x0a, 0x83, 0x27, 0x62,
    0x4f, 0xa4, 0xf0, 0xc4, 0xce, 0x9b, 0x89, 0x6a, 0x6b, 0x8b, 0x2d, 0xb4,
    0x8b, 0x9b, 0x09, 0x83, 0x09, 0x93, 0xcb, 0xab, 0xc8, 0x82, 0xe9, 0x8a,
    0x87, 0x7a, 0x10, 0xd5, 0xac, 0xa3, 0x26, 0x6a, 0x6a, 0x9b, 0x8e, 0xbc,
    0xec, 0xa3, 0xab, 0xab, 0x4e, 0xbc, 0xb2, 0xd5, 0x32, 0xd5, 0xcc, 0x9b,
    0x57, 0xee, 0x56, 0xe6, 0x15, 0xde, 0xae, 0xc4, 0xb3, 0xd5, 0x56, 0xee,
    0x72, 0xd5, 0x97, 0xf6, 0xcf, 0xc4, 0x92, 0xdd, 0xcf, 0xcc, 0x6e, 0xbc,
    0x71, 0xd5, 0x56, 0xee, 0x36, 0xe6, 0xd4, 0xe5, 0x76, 0xe6, 0xb7, 0xee,
    0x1a, 0xf7, 0x77, 0xee, 0x36, 0xe6, 0x5b, 0xff, 0x77, 0xee, 0xd8, 0xee,
    0xd9, 0xf6, 0x15, 0xe6, 0xb8, 0xf6, 0x36, 0xe6, 0xf9, 0xf6, 0xf4, 0xdd,
    0x3a, 0xff, 0x56, 0xee, 0x97, 0xee, 0x1a, 0xf7, 0x77, 0xf6, 0xb8, 0xee,
    0x19, 0xff, 0x1a, 0xf7, 0x5b, 0xff, 0xd8, 0xf6, 0x3b, 0xff, 0x5b, 0xff,
    0x7c, 0xff, 0xd8, 0xf6, 0x1a, 0xf7, 0x9d, 0xff, 0x57, 0xee, 0x3a, 0xff,
    0x1a, 0xf7, 0xfa, 0xf6, 0xfa, 0xf6, 0x3a, 0xf7, 0x1b, 0xff, 0xfa, 0xf6,
    0x7c, 0xff, 0x16, 0xf6, 0x65, 0x39, 0x86, 0x39, 0x27, 0x62, 0xa9, 0x6a,
    0x2b, 0x8b, 0x2d, 0xac, 0xcc, 0xa3, 0x6b, 0x8b, 0x6b, 0x93, 0x4b, 0x83,
    0xea, 0x72, 0x4b, 0x8b, 0x4b, 0x83, 0x09, 0x42, 0x29, 0x4a, 0x47, 0x29,
    0x8b, 0x5a, 0x0e, 0x9c, 0x6f, 0xb4, 0x54, 0xbd, 0xd6, 0xcd, 0xb3, 0xd5,
    0x34, 0xbd, 0xf8, 0xcd, 0x6c, 0x83, 0xe7, 0x49, 0xa7, 0x39, 0xec, 0x72,
    0xe7, 0x49, 0x89, 0x72, 0x0b, 0x6b, 0xf0, 0xc4, 0xf5, 0xe5, 0x36, 0xe6,
    0x53, 0xcd, 0x6f, 0xac, 0x2b, 0x83, 0xcd, 0x9b, 0x2e, 0xa4, 0x6b, 0x8b,
    0xd0, 0xbc, 0xcd, 0x93, 0xac, 0x93, 0x2e, 0xa4, 0x4c, 0x83, 0x4f, 0xa4,
    0x6f, 0xb4, 0xd0, 0xb4, 0xd4, 0xdd, 0x15, 0xe6, 0x98, 0xf6, 0xb4, 0xd5,
    0xf5, 0xdd, 0x15, 0xd6, 0x36, 0xde, 0x36, 0xe6, 0xd5, 0xd5, 0xb1, 0xac,
    0x12, 0xc5, 0x73, 0xc5, 0x12, 0xbd, 0xb4, 0xcd, 0x36, 0xe6, 0x57, 0xee,
    0x57, 0xe6, 0x57, 0xe6, 0x36, 0xde, 0xb4, 0xd5, 0xd4, 0xdd, 0x35, 0xe6,
    0x77, 0xee, 0xd8, 0xfe, 0x1a, 0xff, 0x5b, 0xff, 0x5b, 0xff, 0x7b, 0xff,
    0x7b, 0xff, 0x1a, 0xf7, 0xfa, 0xee, 0x78, 0xde, 0x18, 0xd6, 0xf7, 0xcd,
    0xd6, 0xc5, 0x95, 0xc5, 0x55, 0xbd, 0x13, 0xb5, 0xd2, 0xa4, 0xb2, 0xa4,
    0x92, 0xa4, 0x91, 0xac, 0x91, 0xa4, 0xb2, 0xac, 0xd2, 0xac, 0x12, 0xbd,
    0x33, 0xbd, 0x54, 0xc5, 0x94, 0xc5, 0xb5, 0xcd, 0xd5, 0xd5, 0xf6, 0xd5,
    0xf6, 0xd5, 0x16, 0xd6, 0xf5, 0xdd, 0xf6, 0xd5, 0xd6, 0xd5, 0xd5, 0xd5,
    0xd4, 0xcd, 0x95, 0xc5, 0x94, 0xc5, 0x54, 0xbd, 0x33, 0xbd, 0x33, 0xb5,
    0x12, 0xb5, 0xf2, 0xb4, 0xb2, 0xac, 0xb1, 0xa4, 0x91, 0xa4, 0x91, 0xa4,
    0x91, 0xa4, 0x91, 0xa4, 0x91, 0xa4, 0x91, 0xac, 0x91, 0xac, 0x91, 0xac,
    0xb1, 0xac, 0xd2, 0xac, 0xd2, 0xac, 0xd1, 0xac, 0xf2, 0xac, 0xf3, 0xb4,
    0xf3, 0xb4, 0x33, 0xb5, 0x54, 0xbd, 0x75, 0xc5, 0xb6, 0xc5, 0xf7, 0xcd,
    0x38, 0xd6, 0x59, 0xde, 0x99, 0xde, 0xdb, 0xe6, 0xfb, 0xee, 0x1c, 0xef,
    0x5d, 0xef, 0x7d, 0xf7, 0xbe, 0xf7, 0xbe, 0xf7, 0xdf, 0xff, 0xdf, 0xff,
    0xdf, 0xff, 0xdf, 0xff, 0xff, 0xff, 0x34, 0xb5, 0x14, 0xb5, 0x33, 0xbd,
    0x33, 0xb5, 0x34, 0xbd, 0x34, 0xbd, 0x54, 0xbd, 0x74, 0xbd, 0x75, 0xbd,
    0xb6, 0xc5, 0x95, 0xcd, 0x12, 0xc5, 0x70, 0xbc, 0x2f, 0xbc, 0x0e, 0xbc,
    0x0e, 0xbc, 0x0e, 0xbc, 0x0e, 0xbc, 0xed, 0xab, 0xf3, 0xc4, 0xad, 0xa3,
    0xce, 0xab, 0xad, 0xab, 0xad, 0xa3, 0x8d, 0x9b, 0x8c, 0x9b, 0x4c, 0x9b,
    0x4c, 0x9b, 0x2b, 0x8b, 0xeb, 0x8a, 0x2b, 0x93, 0x0a, 0x93, 0xea, 0x8a,
    0xea, 0x8a, 0x0a, 0x8b, 0x2b, 0x93, 0x0a, 0x93, 0xea, 0x8a, 0xea, 0x82,
    0xea, 0x8a, 0xea, 0x8a, 0xea, 0x8a, 0xca, 0x82, 0xe9, 0x82, 0xea, 0x82,
    0x4c, 0x93, 0xee, 0x9b, 0x2f, 0xa4, 0x2e, 0xa4, 0x6c, 0x93, 0x6c, 0x93,
    0xcd, 0x93, 0xee, 0xa3, 0x6f, 0xac, 0xd0, 0xb4, 0xb0, 0xb4, 0x8f, 0xb4,
    0xd0, 0xbc, 0xb0, 0xb4, 0xaf, 0xb4, 0x90, 0xbc, 0x6f, 0xac, 0x4e, 0xac,
    0xac, 0x93, 0x2a, 0x83, 0xea, 0x7a, 0xc9, 0x7a, 0xc9, 0x72, 0x88, 0x6a,
    0xc9, 0x72, 0x68, 0x62, 0x88, 0x62, 0xc9, 0x72, 0xe9, 0x7a, 0x47, 0x5a,
    0x07, 0x52, 0x48, 0x62, 0x68, 0x5a, 0xc9, 0x6a, 0x4e, 0xac, 0x31, 0xcd,
    0xb0, 0xbc, 0xad, 0x8b, 0xea, 0x72, 0xc9, 0x72, 0x0a, 0x73, 0xc9, 0x72,
    0xe9, 0x72, 0x6b, 0x83, 0xea, 0x7a, 0x0d, 0xa4, 0xef, 0xc4, 0xcd, 0x93,
    0x2a, 0x83, 0xc9, 0x82, 0x8a, 0x93, 0x2a, 0x83, 0xab, 0xa3, 0xec, 0xab,
    0x09, 0x8b, 0xe8, 0x82, 0x47, 0x6a, 0xec, 0xa3, 0xae, 0xcc, 0x6a, 0x8b,
    0x09, 0x8b, 0xaf, 0xc4, 0xaf, 0xbc, 0x8b, 0x93, 0xcf, 0xcc, 0x51, 0xcd,
    0xf0, 0xcc, 0x8e, 0xbc, 0xb7, 0xf6, 0xd5, 0xdd, 0x15, 0xe6, 0xcf, 0xc4,
    0x15, 0xe6, 0xf3, 0xdd, 0x51, 0xd5, 0xb9, 0xf6, 0x51, 0xcd, 0x14, 0xe6,
    0x6d, 0xbc, 0xcf, 0xc4, 0x10, 0xcd, 0xb7, 0xf6, 0x36, 0xde, 0x35, 0xe6,
    0x15, 0xe6, 0xb8, 0xf6, 0x1a, 0xf7, 0x56, 0xee, 0xb8, 0xee, 0x1a, 0xf7,
    0x15, 0xe6, 0xfa, 0xf6, 0xb8, 0xee, 0x76, 0xee, 0x97, 0xee, 0xb8, 0xee,
    0x57, 0xee, 0x98, 0xee, 0x3a, 0xf7, 0x36, 0xe6, 0x19, 0xf7, 0xd8, 0xf6,
    0xf9, 0xf6, 0xd8, 0xf6, 0x3b, 0xff, 0x3b, 0xff, 0x1a, 0xf7, 0x1a, 0xf7,
    0x3b, 0xff, 0x9d, 0xff, 0x3a, 0xff, 0xd9, 0xf6, 0x1b, 0xf7, 0x5c, 0xff,
    0x98, 0xee, 0x5c, 0xff, 0xd9, 0xf6, 0x1a, 0xf7, 0xfa, 0xf6, 0x3b, 0xff,
    0x1a, 0xff, 0x7c, 0xff, 0x36, 0xf6, 0xa6, 0x41, 0xa6, 0x39, 0x48, 0x6a,
    0xa9, 0x6a, 0x6a, 0x8b, 0x0d, 0xa4, 0x6e, 0xb4, 0xcc, 0x9b, 0xcc, 0x93,
    0x8c, 0x93, 0x6b, 0x83, 0x0a, 0x7b, 0x4b, 0x83, 0x4b, 0x8b, 0x0b, 0x83,
    0x4a, 0x4a, 0xab, 0x5a, 0x2f, 0x94, 0x6f, 0xac, 0x13, 0xbd, 0x53, 0xcd,
    0x33, 0xbd, 0xb6, 0xbd, 0xd0, 0xbc, 0xa6, 0x49, 0xc7, 0x49, 0xe9, 0x41,
    0x6a, 0x52, 0x28, 0x62, 0xe7, 0x49, 0x2f, 0xa4, 0x93, 0xd5, 0x35, 0xe6,
    0xb3, 0xcd, 0x2e, 0xa4, 0x8f, 0xac, 0x31, 0xcd, 0xcd, 0x93, 0xad, 0x93,
    0x10, 0xc5, 0x0e, 0x9c, 0xcd, 0x9b, 0x2e, 0xa4, 0xee, 0x9b, 0x0d, 0xa4,
    0x0e, 0xa4, 0x6f, 0xac, 0xf4, 0xdd, 0x73, 0xcd, 0x37, 0xe6, 0xb4, 0xcd,
    0x56, 0xe6, 0x36, 0xde, 0x37, 0xde, 0x57, 0xe6, 0xf5, 0xdd, 0xd1, 0xb4,
    0x32, 0xc5, 0xb4, 0xcd, 0xf2, 0xb4, 0x16, 0xde, 0x19, 0xf7, 0xfa, 0xf6,
    0xd9, 0xee, 0xb9, 0xee, 0xd8, 0xee, 0x97, 0xee, 0x57, 0xe6, 0x16, 0xe6,
    0x35, 0xe6, 0x36, 0xe6, 0x77, 0xee, 0xb8, 0xf6, 0x19, 0xff, 0x3a, 0xff,
    0x19, 0xff, 0xf9, 0xfe, 0xfa, 0xf6, 0xb9, 0xee, 0x58, 0xd6, 0x37, 0xd6,
    0x17, 0xd6, 0x17, 0xd6, 0xf6, 0xcd, 0x95, 0xbd, 0x14, 0xb5, 0xd2, 0xa4,
    0xb2, 0xac, 0x91, 0xa4, 0x71, 0x9c, 0x71, 0x9c, 0x71, 0xa4, 0x92, 0xa4,
    0xd2, 0xac, 0x13, 0xb5, 0x33, 0xc5, 0x74, 0xc5, 0xb4, 0xcd, 0xb5, 0xcd,
    0xf5, 0xd5, 0xf6, 0xdd, 0xf6, 0xdd, 0x16, 0xde, 0x15, 0xde, 0xf6, 0xdd,
    0xf6, 0xd5, 0xd5, 0xd5, 0xd5, 0xd5, 0xb5, 0xcd, 0x74, 0xcd, 0x54, 0xc5,
    0x52, 0xc5, 0x33, 0xbd, 0x12, 0xb5, 0xf2, 0xb4, 0xd1, 0xac, 0xb1, 0xa4,
    0xb1, 0xac, 0x91, 0xac, 0x91, 0xa4, 0xb1, 0xa4, 0xb1, 0xa4, 0xb1, 0xac,
    0xd1, 0xa4, 0xd1, 0xac, 0xb2, 0xac, 0xd2, 0xb4, 0xd2, 0xac, 0xf2, 0xb4,
    0xf2, 0xb4, 0x13, 0xb5, 0x33, 0xb5, 0x33, 0xbd, 0x55, 0xbd, 0x95, 0xc5,
    0xd6, 0xc5, 0x17, 0xce, 0x38, 0xd6, 0x79, 0xde, 0xba, 0xde, 0xfb, 0xe6,
    0x1c, 0xef, 0x3c, 0xf7, 0x7d, 0xf7, 0x9e, 0xf7, 0x9e, 0xff, 0xbe, 0xff,
    0xbf, 0xff, 0xdf, 0xff, 0xdf, 0xff, 0xdf, 0xff, 0x13, 0xad, 0x34, 0xb5,
    0x14, 0xb5, 0x34, 0xb5, 0x54, 0xbd, 0x54, 0xbd, 0x54, 0xbd, 0x54, 0xbd,
    0x55, 0xc5, 0x95, 0xbd, 0xb5, 0xc5, 0x74, 0xcd, 0x11, 0xc5, 0x6f, 0xbc,
    0x4e, 0xbc, 0x4e, 0xbc, 0xee, 0xb3, 0xee, 0xb3, 0xd2, 0xc4, 0x0e, 0xac,
    0xee, 0xab, 0xee, 0xab, 0xce, 0xab, 0xcd, 0xa3, 0xad, 0xa3, 0x8c, 0xa3,
    0x6c, 0x9b, 0x4c, 0x93, 0x4b, 0x93, 0x2b, 0x93, 0x0b, 0x8b, 0xea, 0x8a,
    0xca, 0x82, 0xea, 0x8a, 0xeb, 0x92, 0xeb, 0x8a, 0xea, 0x8a, 0xea, 0x8a,
    0xea, 0x8a, 0xea, 0x8a, 0xca, 0x82, 0xc9, 0x82, 0xca, 0x82, 0xeb, 0x82,
    0x8d, 0x93, 0x2e, 0xa4, 0xcd, 0xa3, 0xcd, 0x9b, 0xad, 0x93, 0xcd, 0x9b,
    0xcd, 0x9b, 0xad, 0x93, 0x6c, 0x8b, 0xcd, 0x9b, 0x0e, 0xa4, 0x6f, 0xac,
    0x6e, 0xb4, 0xaf, 0xbc, 0x6e, 0xb4, 0xed, 0xa3, 0xcd, 0x9b, 0xcc, 0x93,
    0x8b, 0x93, 0x0d, 0xac, 0x0d, 0x9c, 0x4a, 0x8b, 0xe9, 0x82, 0x09, 0x7b,
    0xc9, 0x72, 0xa8, 0x72, 0x09, 0x83, 0xe9, 0x82, 0x68, 0x62, 0x68, 0x62,
    0xe9, 0x82, 0x88, 0x6a, 0xe9, 0x7a, 0x29, 0x8b, 0xa9, 0x72, 0x89, 0x6a,
    0x68, 0x62, 0x4b, 0x83, 0x4b, 0x7b, 0x8c, 0x93, 0x2e, 0xac, 0xaf, 0xbc,
    0xf1, 0xc4, 0xcd, 0x9b, 0xc9, 0x6a, 0x88, 0x6a, 0x0e, 0xa4, 0x8c, 0x93,
    0x2a, 0x83, 0xd0, 0xbc, 0xf0, 0xc4, 0x09, 0x8b, 0x4a, 0x8b, 0x2a, 0x8b,
    0x4a, 0x9b, 0xeb, 0xab, 0x8b, 0xa3, 0x29, 0x93, 0x46, 0x6a, 0xa8, 0x7a,
    0x4d, 0xbc, 0xef, 0xcc, 0xcb, 0xab, 0xf0, 0xc4, 0xd0, 0xcc, 0x8b, 0x9b,
    0xf0, 0xcc, 0xf0, 0xcc, 0xaf, 0xbc, 0x53, 0xd5, 0x56, 0xee, 0xd4, 0xdd,
    0x15, 0xde, 0x31, 0xcd, 0x97, 0xee, 0x51, 0xd5, 0x72, 0xcd, 0xb8, 0xee,
    0xf4, 0xdd, 0xf5, 0xe5, 0x6e, 0xbc, 0x10, 0xd5, 0x72, 0xd5, 0xb8, 0xf6,
    0xd5, 0xdd, 0x77, 0xee, 0x57, 0xe6, 0xf9, 0xf6, 0x19, 0xf7, 0x15, 0xe6,
    0x1a, 0xff, 0xd9, 0xf6, 0x36, 0xe6, 0x3a, 0xff, 0x36, 0xe6, 0x98, 0xee,
    0x56, 0xe6, 0xb8, 0xee, 0x77, 0xee, 0x1a, 0xf7, 0xd9, 0xf6, 0x77, 0xe6,
    0xf9, 0xfe, 0xb9, 0xf6, 0x1a, 0xf7, 0xb8, 0xf6, 0x5b, 0xff, 0x5b, 0xff,
    0x3a, 0xff, 0x7c, 0xff, 0x5c, 0xff, 0x7c, 0xff, 0x97, 0xee, 0x1a, 0xff,
    0x5b, 0xff, 0x1a, 0xf7, 0x1a, 0xf7, 0xda, 0xf6, 0x1a, 0xff, 0x98, 0xe6,
    0x5b, 0xf7, 0x1a, 0xf7, 0x3b, 0xff, 0x57, 0xfe, 0xc6, 0x49, 0x86, 0x39,
    0xe7, 0x49, 0xc8, 0x7a, 0xc9, 0x7a, 0xad, 0x9b, 0x2d, 0xac, 0xed, 0xab,
    0x8c, 0x93, 0x2d, 0xb4, 0xac, 0x93, 0x6b, 0x8b, 0x4a, 0x93, 0x2b, 0x83,
    0x4a, 0x8b, 0xec, 0x9b, 0x2f, 0xa4, 0x4f, 0xa4, 0x90, 0xac, 0x73, 0xc5,
    0x54, 0xbd, 0x95, 0xc5, 0xb4, 0xcd, 0x68, 0x62, 0xe7, 0x49, 0x67, 0x39,
    0xab, 0x62, 0xa7, 0x41, 0x07, 0x52, 0x89, 0x62, 0x92, 0xd5, 0xd4, 0xdd,
    0xb4, 0xd5, 0x93, 0xcd, 0x93, 0xdd, 0xd0, 0xb4, 0x4f, 0xa4, 0xd0, 0xbc,
    0x6f, 0xb4, 0x6f, 0xac, 0xd0, 0xbc, 0x73, 0xcd, 0x11, 0xc5, 0x4b, 0x83,
    0xad, 0x93, 0xcf, 0xbc, 0x93, 0xd5, 0x11, 0xc5, 0xd5, 0xd5, 0x56, 0xe6,
    0xf5, 0xdd, 0x16, 0xde, 0x97, 0xee, 0xb8, 0xf6, 0x98, 0xee, 0xf6, 0xd5,
    0x16, 0xde, 0x36, 0xde, 0x53, 0xc5, 0x56, 0xe6, 0xb8, 0xee, 0x57, 0xde,
    0x77, 0xe6, 0x98, 0xee, 0x57, 0xe6, 0x37, 0xde, 0x36, 0xe6, 0x56, 0xe6,
    0x16, 0xde, 0x36, 0xe6, 0x98, 0xee, 0xb8, 0xf6, 0x77, 0xf6, 0x56, 0xf6,
    0x98, 0xf6, 0xd8, 0xfe, 0xfa, 0xf6, 0xf9, 0xf6, 0x79, 0xe6, 0x58, 0xde,
    0x58, 0xd6, 0xf6, 0xcd, 0x95, 0xc5, 0x55, 0xbd, 0x34, 0xb5, 0xd3, 0xac,
    0xb2, 0xa4, 0x71, 0xa4, 0x70, 0x9c, 0x50, 0x9c, 0x2f, 0x94, 0x4f, 0x9c,
    0x70, 0xa4, 0x91, 0xac, 0xd1, 0xac, 0x13, 0xb5, 0x53, 0xc5, 0x94, 0xc5,
    0xb5, 0xcd, 0xd5, 0xd5, 0xf5, 0xd5, 0x16, 0xde, 0x16, 0xde, 0x16, 0xde,
    0x16, 0xde, 0x15, 0xde, 0xf5, 0xdd, 0xd5, 0xd5, 0xd5, 0xd5, 0xb5, 0xcd,
    0x94, 0xcd, 0x74, 0xc5, 0x33, 0xc5, 0x13, 0xbd, 0x13, 0xb5, 0xd2, 0xb4,
    0xd2, 0xb4, 0xb1, 0xac, 0xb1, 0xac, 0xb1, 0xac, 0xd2, 0xac, 0xb1, 0xac,
    0xb1, 0xac, 0xd2, 0xac, 0xb1, 0xac, 0xd1, 0xb4, 0xf2, 0xb4, 0xf2, 0xb4,
    0xd2, 0xb4, 0x12, 0xb5, 0x12, 0xb5, 0x13, 0xb5, 0x33, 0xbd, 0x54, 0xbd,
    0x95, 0xbd, 0xb5, 0xc5, 0xd7, 0xcd, 0x38, 0xce, 0x79, 0xd6, 0x9a, 0xe6,
    0xda, 0xe6, 0x1b, 0xe7, 0x3c, 0xef, 0x5d, 0xf7, 0x7d, 0xf7, 0x9d, 0xff,
    0x9e, 0xff, 0xbe, 0xff, 0xdf, 0xff, 0xdf, 0xff, 0xff, 0xff, 0x13, 0xb5,
    0x33, 0xbd, 0x13, 0xb5, 0x34, 0xbd, 0x34, 0xbd, 0x34, 0xbd, 0x54, 0xbd,
    0x74, 0xbd, 0x75, 0xbd, 0x75, 0xbd, 0x96, 0xc5, 0xb5, 0xcd, 0x54, 0xc5,
    0xd1, 0xbc, 0x4f, 0xbc, 0x2e, 0xbc, 0x0d, 0xb4, 0x4f, 0xb4, 0x50, 0xb4,
    0xcd, 0xab, 0xed, 0xb3, 0xcd, 0xab, 0xcd, 0xab, 0xcd, 0xab, 0xad, 0xa3,
    0x8d, 0xa3, 0x6c, 0x9b, 0x6c, 0x9b, 0x4c, 0x9b, 0x2c, 0x93, 0x2c, 0x8b,
    0x0b, 0x93, 0x2b, 0x93, 0x0b, 0x8b, 0x0a, 0x8b, 0xea, 0x8a, 0xea, 0x8a,
    0x0a, 0x8b, 0x0a, 0x8b, 0xea, 0x8a, 0xe9, 0x82, 0xca, 0x82, 0xea, 0x8a,
    0x8c, 0x93, 0xee, 0xa3, 0xcd, 0x9b, 0x8d, 0x93, 0x6c, 0x8b, 0x8c, 0x93,
    0x8d, 0x93, 0xcd, 0x9b, 0x2e, 0xac, 0x4e, 0xac, 0x0d, 0xa4, 0x2e, 0xac,
    0x4f, 0xac, 0x90, 0xbc, 0xb0, 0xb4, 0x6f, 0xac, 0x8f, 0xb4, 0x6f, 0xb4,
    0x6e, 0xac, 0x8b, 0x93, 0xea, 0x72, 0x68, 0x62, 0x07, 0x52, 0xe6, 0x49,
    0x47, 0x5a, 0x88, 0x6a, 0x68, 0x62, 0x88, 0x6a, 0x68, 0x6a, 0xe9, 0x7a,
    0xc8, 0x7a, 0x88, 0x6a, 0xa9, 0x7a, 0xa8, 0x72, 0xe9, 0x7a, 0x2a, 0x83,
    0x4a, 0x8b, 0xed, 0xa3, 0x2d, 0xac, 0xec, 0x9b, 0xe9, 0x7a, 0x65, 0x31,
    0x48, 0x5a, 0x8b, 0x8b, 0x6c, 0x8b, 0x0d, 0xa4, 0xd0, 0xbc, 0x2e, 0xa4,
    0xed, 0x9b, 0x6e, 0xb4, 0x8c, 0x93, 0x8c, 0x93, 0x2d, 0xac, 0x0d, 0xb4,
    0xab, 0x9b, 0x49, 0x93, 0x8b, 0xa3, 0xab, 0xa3, 0x69, 0x9b, 0x8a, 0xa3,
    0x09, 0x8b, 0x87, 0x7a, 0x6a, 0x9b, 0x4d, 0xb4, 0xf0, 0xcc, 0xb3, 0xd5,
    0x11, 0xcd, 0x11, 0xc5, 0xf5, 0xdd, 0xcf, 0xc4, 0x52, 0xcd, 0xf5, 0xd5,
    0xb3, 0xd5, 0xf4, 0xdd, 0xd5, 0xdd, 0xf4, 0xdd, 0x56, 0xe6, 0xb3, 0xdd,
    0xb3, 0xe5, 0x56, 0xe6, 0x98, 0xee, 0xd4, 0xdd, 0x72, 0xd5, 0x72, 0xd5,
    0xd4, 0xdd, 0x76, 0xee, 0x97, 0xee, 0x56, 0xee, 0x97, 0xee, 0x1a, 0xf7,
    0xb8, 0xee, 0x77, 0xee, 0x3a, 0xf7, 0x76, 0xee, 0x98, 0xee, 0xf9, 0xf6,
    0x97, 0xee, 0xd8, 0xf6, 0x35, 0xe6, 0x77, 0xee, 0xb8, 0xee, 0x1a, 0xff,
    0x77, 0xee, 0x1a, 0xff, 0xb8, 0xf6, 0x5b, 0xff, 0xd9, 0xf6, 0x3b, 0xff,
    0x5c, 0xff, 0x3b, 0xff, 0x3b, 0xf7, 0x7c, 0xff, 0x7c, 0xff, 0x1a, 0xf7,
    0xb8, 0xee, 0x1a, 0xff, 0x1a, 0xf7, 0xfa, 0xf6, 0x1b, 0xf7, 0xf9, 0xf6,
    0x1a, 0xf7, 0xd9, 0xf6, 0x3b, 0xff, 0x3b, 0xf7, 0x78, 0xfe, 0x48, 0x62,
    0x86, 0x31, 0xc7, 0x49, 0x47, 0x62, 0x88, 0x72, 0xea, 0x72, 0xac, 0x9b,
    0x8e, 0xb4, 0x2d, 0xac, 0x2d, 0xac, 0x4d, 0xac, 0x2d, 0xb4, 0x8b, 0x93,
    0xab, 0x9b, 0xab, 0x9b, 0xab, 0x93, 0x6d, 0xb4, 0x8f, 0xb4, 0x74, 0xc5,
    0xf5, 0xd5, 0x70, 0x9c, 0xb0, 0xb4, 0x29, 0x8b, 0xe7, 0x51, 0x07, 0x4a,
    0xe8, 0x41, 0x49, 0x4a, 0xc7, 0x49, 0x86, 0x41, 0x31, 0xd5, 0x93, 0xd5,
    0xf4, 0xdd, 0x35, 0xe6, 0x12, 0xbd, 0x6f, 0xac, 0x11, 0xc5, 0xf1, 0xc4,
    0xec, 0x9b, 0xd0, 0xbc, 0x4f, 0xac, 0xf1, 0xbc, 0x51, 0xcd, 0xca, 0x72,
    0xad, 0x8b, 0xd0, 0xc4, 0x52, 0xcd, 0x90, 0xac, 0xf5, 0xe5, 0x15, 0xde,
    0x93, 0xcd, 0x35, 0xde, 0x97, 0xf6, 0x98, 0xee, 0x3b, 0xff, 0x36, 0xde,
    0x16, 0xde, 0xf5, 0xd5, 0x53, 0xc5, 0x36, 0xde, 0xb4, 0xcd, 0x94, 0xcd,
    0xb5, 0xcd, 0x77, 0xe6, 0x36, 0xde, 0x37, 0xde, 0x98, 0xee, 0xb8, 0xee,
    0x36, 0xe6, 0x57, 0xe6, 0xd8, 0xf6, 0xd8, 0xf6, 0x77, 0xf6, 0x16, 0xee,
    0x36, 0xee, 0x97, 0xf6, 0xd8, 0xfe, 0xd8, 0xf6, 0xb8, 0xee, 0xb8, 0xee,
    0x58, 0xde, 0xd6, 0xcd, 0x75, 0xbd, 0x33, 0xad, 0xd2, 0xac, 0x92, 0xa4,
    0x91, 0x9c, 0x50, 0x94, 0x30, 0x94, 0x10, 0x94, 0x0f, 0x94, 0x0f, 0x8c,
    0x2f, 0x94, 0x50, 0x9c, 0x70, 0xa4, 0xb1, 0xac, 0xf2, 0xb4, 0x13, 0xbd,
    0x74, 0xc5, 0x94, 0xcd, 0xd5, 0xd5, 0xf6, 0xd5, 0x16, 0xde, 0x15, 0xde,
    0x16, 0xde, 0x16, 0xde, 0x16, 0xde, 0x16, 0xde, 0xf6, 0xd5, 0xf5, 0xdd,
    0xd5, 0xdd, 0xb4, 0xcd, 0x94, 0xcd, 0x74, 0xc5, 0x53, 0xbd, 0x33, 0xbd,
    0x12, 0xb5, 0xf2, 0xb4, 0xf2, 0xb4, 0xf2, 0xac, 0xd2, 0xac, 0xd1, 0xac,
    0xd2, 0xb4, 0xd2, 0xb4, 0xd2, 0xac, 0xd2, 0xb4, 0xd2, 0xac, 0xf2, 0xb4,
    0xf2, 0xb4, 0xf2, 0xb4, 0xf2, 0xb4, 0x13, 0xb5, 0x13, 0xb5, 0x33, 0xb5,
    0x54, 0xbd, 0x74, 0xbd, 0x95, 0xc5, 0xd6, 0xcd, 0x17, 0xd6, 0x58, 0xd6,
    0x7a, 0xde, 0xba, 0xe6, 0xdb, 0xee, 0x1c, 0xef, 0x3d, 0xef, 0x5d, 0xf7,
    0x7d, 0xf7, 0xbe, 0xf7, 0xbe, 0xff, 0xbf, 0xff, 0xdf, 0xff, 0xdf, 0xff,
    0x14, 0xb5, 0x14, 0xb5, 0x34, 0xbd, 0x33, 0xb5, 0x54, 0xbd, 0x54, 0xbd,
    0x55, 0xbd, 0x55, 0xbd, 0x54, 0xbd, 0x75, 0xc5, 0x95, 0xc5, 0xb5, 0xc5,
    0xb5, 0xcd, 0x54, 0xc5, 0xb1, 0xbc, 0x2e, 0xbc, 0x0e, 0xb4, 0x91, 0xbc,
    0xcd, 0xab, 0xcd, 0xb3, 0xed, 0xab, 0xee, 0xab, 0xcd, 0xb3, 0xce, 0xab,
    0xcd, 0xa3, 0x8d, 0xa3, 0x8d, 0xa3, 0x8c, 0x9b, 0x6c, 0x9b, 0x6c, 0x93,
    0x4c, 0x93, 0x2c, 0x93, 0x0b, 0x8b, 0xeb, 0x82, 0xca, 0x82, 0xca, 0x82,
    0xea, 0x82, 0xca, 0x82, 0xca, 0x82, 0xca, 0x82, 0xca, 0x82, 0x0b, 0x8b,
    0x6c, 0x93, 0xcd, 0x9b, 0xee, 0x9b, 0xcd, 0x9b, 0xac, 0x93, 0x6c, 0x8b,
    0xac, 0x93, 0xad, 0x93, 0x4c, 0x8b, 0x8d, 0x93, 0xad, 0x9b, 0x4f, 0xac,
    0x4e, 0xa4, 0x2e, 0xac, 0x4e, 0xa4, 0x6e, 0xac, 0x4e, 0xac, 0x4e, 0xb4,
    0xcd, 0x9b, 0xcd, 0x9b, 0x6f, 0xac, 0xed, 0xa3, 0x6b, 0x8b, 0x6b, 0x8b,
    0x2a, 0x83, 0xea, 0x7a, 0xe9, 0x7a, 0x4b, 0x8b, 0x4a, 0x93, 0x0a, 0x83,
    0x68, 0x62, 0x67, 0x62, 0x47, 0x62, 0x06, 0x4a, 0xa8, 0x6a, 0x88, 0x6a,
    0xc9, 0x7a, 0x88, 0x6a, 0x47, 0x5a, 0x6b, 0x9b, 0x0a, 0x83, 0xcc, 0x9b,
    0xcc, 0xa3, 0xa9, 0x6a, 0x48, 0x62, 0x2a, 0x83, 0xc6, 0x41, 0xe6, 0x49,
    0xed, 0x9b, 0x6b, 0x8b, 0x90, 0xbc, 0x11, 0xc5, 0x31, 0xcd, 0xb0, 0xb4,
    0xcc, 0x93, 0x6b, 0x93, 0xcc, 0xab, 0x8a, 0x9b, 0x6a, 0x9b, 0x8a, 0xa3,
    0x6a, 0xa3, 0x49, 0x9b, 0x4a, 0xa3, 0x8a, 0xa3, 0x49, 0x93, 0x09, 0x8b,
    0x10, 0xcd, 0x15, 0xe6, 0xf0, 0xc4, 0xd0, 0xbc, 0xd4, 0xd5, 0xcf, 0xc4,
    0x15, 0xde, 0x97, 0xe6, 0x93, 0xd5, 0xb8, 0xee, 0x15, 0xde, 0x77, 0xe6,
    0xd4, 0xdd, 0xf4, 0xdd, 0xd3, 0xdd, 0x35, 0xee, 0xd9, 0xee, 0x73, 0xd5,
    0xb3, 0xd5, 0xd3, 0xdd, 0x56, 0xe6, 0x56, 0xe6, 0x77, 0xee, 0x97, 0xee,
    0x97, 0xee, 0x1a, 0xf7, 0x97, 0xee, 0xb8, 0xee, 0xfa, 0xf6, 0x36, 0xe6,
    0xf9, 0xf6, 0xb9, 0xee, 0xfa, 0xf6, 0x97, 0xee, 0x16, 0xe6, 0xd8, 0xf6,
    0xd9, 0xf6, 0xd9, 0xf6, 0xb8, 0xee, 0x5b, 0xf7, 0xd9, 0xf6, 0x7b, 0xff,
    0xb8, 0xee, 0x7c, 0xff, 0x5c, 0xff, 0x1a, 0xf7, 0x7c, 0xff, 0x5c, 0xff,
    0x5b, 0xff, 0xfa, 0xf6, 0x1a, 0xff, 0xd9, 0xf6, 0x1a, 0xf7, 0xfa, 0xf6,
    0xfa, 0xf6, 0x3b, 0xff, 0xda, 0xee, 0x5b, 0xff, 0xfa, 0xf6, 0xf9, 0xfe,
    0x0b, 0x8b, 0x45, 0x29, 0xc6, 0x49, 0x07, 0x52, 0x89, 0x62, 0xa9, 0x72,
    0xec, 0x9b, 0x2d, 0xac, 0xf0, 0xbc, 0x8b, 0x93, 0x6e, 0xac, 0x8e, 0xbc,
    0x2d, 0xac, 0x2d, 0xb4, 0x4a, 0x93, 0xcb, 0xa3, 0xac, 0xa3, 0xac, 0x93,
    0xee, 0x9b, 0x0d, 0xa4, 0x10, 0xc5, 0x2b, 0x8b, 0x07, 0x52, 0x27, 0x52,
    0x66, 0x39, 0x8a, 0x5a, 0x67, 0x31, 0x86, 0x41, 0x2e, 0xac, 0x93, 0xd5,
    0x35, 0xe6, 0xf5, 0xd5, 0xd1, 0xb4, 0xf0, 0xbc, 0x93, 0xd5, 0xf1, 0xbc,
    0x4e, 0xa4, 0xf1, 0xc4, 0xac, 0x93, 0xd1, 0xbc, 0xd0, 0xbc, 0xed, 0x9b,
    0x8c, 0x8b, 0x31, 0xc5, 0xb3, 0xdd, 0x8f, 0xb4, 0xd4, 0xdd, 0x93, 0xd5,
    0x93, 0xd5, 0x56, 0xee, 0x77, 0xee, 0xb8, 0xee, 0x5b, 0xff, 0x98, 0xee,
    0x36, 0xde, 0x36, 0xde, 0xb4, 0xcd, 0xd5, 0xd5, 0xd5, 0xd5, 0x57, 0xde,
    0x16, 0xde, 0xf5, 0xdd, 0xf5, 0xdd, 0x57, 0xe6, 0xb8, 0xee, 0xf9, 0xf6,
    0x78, 0xe6, 0x78, 0xee, 0xb8, 0xf6, 0x97, 0xee, 0x98, 0xee, 0x98, 0xf6,
    0xd8, 0xf6, 0x97, 0xf6, 0x77, 0xee, 0x77, 0xf6, 0x99, 0xee, 0xb9, 0xee,
    0x99, 0xe6, 0x37, 0xd6, 0xb5, 0xc5, 0x14, 0xb5, 0xb2, 0xac, 0x91, 0x9c,
    0x71, 0x94, 0x30, 0x9c, 0x30, 0x94, 0x0f, 0x8c, 0x0f, 0x8c, 0xef, 0x8b,
    0xef, 0x8b, 0x0f, 0x94, 0x30, 0x9c, 0x50, 0x9c, 0x91, 0xa4, 0xd2, 0xb4,
    0x13, 0xbd, 0x53, 0xc5, 0x94, 0xcd, 0xb5, 0xd5, 0xf5, 0xdd, 0x16, 0xde,
    0x16, 0xde, 0xf6, 0xe5, 0x36, 0xde, 0x16, 0xde, 0x36, 0xde, 0x16, 0xde,
    0xf5, 0xdd, 0xd6, 0xd5, 0xd5, 0xd5, 0xb5, 0xcd, 0xb4, 0xc5, 0x74, 0xc5,
    0x53, 0xc5, 0x33, 0xbd, 0x13, 0xbd, 0xf2, 0xb4, 0xf2, 0xb4, 0xf2, 0xb4,
    0xd2, 0xb4, 0xd2, 0xac, 0xf2, 0xb4, 0xd2, 0xb4, 0xd2, 0xb4, 0xf2, 0xb4,
    0xf2, 0xb4, 0xd2, 0xb4, 0xf2, 0xb4, 0xf2, 0xb4, 0xf2, 0xb4, 0xf3, 0xb4,
    0x13, 0xbd, 0x34, 0xbd, 0x54, 0xbd, 0x75, 0xc5, 0xd6, 0xc5, 0xf7, 0xd5,
    0x38, 0xd6, 0x59, 0xde, 0xba, 0xde, 0xda, 0xe6, 0xfb, 0xee, 0x1c, 0xef,
    0x5d, 0xef, 0x7d, 0xf7, 0x7e, 0xff, 0x9e, 0xff, 0xde, 0xff, 0xde, 0xff,
    0xdf, 0xff, 0x33, 0xb5, 0x13, 0xb5, 0x34, 0xb5, 0x34, 0xbd, 0x34, 0xb5,
    0x54, 0xbd, 0x54, 0xbd, 0x75, 0xbd, 0x55, 0xbd, 0x75, 0xbd, 0x75, 0xbd,
    0x75, 0xbd, 0x95, 0xc5, 0x95, 0xcd, 0x33, 0xc5, 0x90, 0xbc, 0xb1, 0xc4,
    0x2f, 0xb4, 0xed, 0xb3, 0xee, 0xab, 0xce, 0xab, 0xcd, 0xab, 0xcd, 0xab,
    0xcd, 0xab, 0xad, 0xa3, 0xcd, 0xa3, 0xad, 0xa3, 0x8d, 0xa3, 0x8d, 0x9b,
    0x6c, 0x9b, 0x6c, 0x93, 0x4c, 0x93, 0x4c, 0x93, 0x2b, 0x8b, 0x2b, 0x8b,
    0x0b, 0x8b, 0x0b, 0x8b, 0x0b, 0x8b, 0x0a, 0x8b, 0xea, 0x8a, 0x0b, 0x8b,
    0x4b, 0x8b, 0xad, 0x93, 0xee, 0x9b, 0x8d, 0x93, 0x2b, 0x83, 0x4c, 0x8b,
    0x2b, 0x8b, 0xca, 0x7a, 0x89, 0x72, 0xca, 0x72, 0xea, 0x7a, 0x0a, 0x83,
    0x4c, 0x83, 0x0d, 0xa4, 0x8f, 0xb4, 0x6f, 0xac, 0x4e, 0xac, 0x0e, 0xac,
    0x2e, 0xa4, 0x4e, 0xac, 0xed, 0xa3, 0x0a, 0x7b, 0xa9, 0x6a, 0x68, 0x6a,
    0x88, 0x6a, 0xea, 0x7a, 0x09, 0x7b, 0xe9, 0x7a, 0x27, 0x5a, 0x68, 0x6a,
    0xe9, 0x7a, 0x0a, 0x83, 0x2a, 0x8b, 0x2a, 0x83, 0x68, 0x62, 0xe7, 0x51,
    0x47, 0x62, 0xc9, 0x72, 0x68, 0x62, 0xa9, 0x6a, 0x27, 0x52, 0x68, 0x62,
    0xe9, 0x7a, 0x0a, 0x7b, 0x88, 0x62, 0x0a, 0x7b, 0x0a, 0x7b, 0x2a, 0x83,
    0x89, 0x62, 0xa9, 0x6a, 0x4b, 0x83, 0xac, 0x8b, 0xed, 0x9b, 0xb0, 0xbc,
    0x8f, 0xb4, 0x32, 0xcd, 0x31, 0xcd, 0xcc, 0xa3, 0x0c, 0xa4, 0x2d, 0xb4,
    0x8b, 0xa3, 0x8b, 0xa3, 0xcb, 0xa3, 0x49, 0x9b, 0x8b, 0xab, 0x2c, 0xb4,
    0x4c, 0xbc, 0x4a, 0x9b, 0xae, 0xc4, 0xf5, 0xe5, 0x10, 0xc5, 0x0d, 0xa4,
    0xb4, 0xdd, 0x72, 0xd5, 0x15, 0xde, 0xd4, 0xdd, 0x72, 0xcd, 0xb7, 0xee,
    0xf6, 0xdd, 0x98, 0xee, 0xd4, 0xdd, 0x15, 0xe6, 0x15, 0xde, 0x35, 0xee,
    0xf9, 0xf6, 0x31, 0xcd, 0x92, 0xd5, 0x77, 0xee, 0x73, 0xd5, 0x98, 0xee,
    0x57, 0xe6, 0xd8, 0xee, 0xb8, 0xee, 0xd9, 0xf6, 0xd8, 0xf6, 0xd8, 0xf6,
    0x98, 0xf6, 0x56, 0xe6, 0x1b, 0xf7, 0xb8, 0xee, 0x1a, 0xff, 0x16, 0xe6,
    0xb8, 0xf6, 0xd9, 0xf6, 0xd8, 0xf6, 0xb8, 0xf6, 0x5b, 0xff, 0xf9, 0xf6,
    0x7c, 0xff, 0x1a, 0xff, 0x3a, 0xf7, 0x3b, 0xff, 0x7c, 0xff, 0x3b, 0xff,
    0x7c, 0xff, 0x5b, 0xff, 0xf9, 0xee, 0xf9, 0xf6, 0x3b, 0xff, 0x1a, 0xf7,
    0x98, 0xee, 0x3b, 0xf7, 0x1b, 0xf7, 0xfa, 0xf6, 0x3b, 0xf7, 0xfa, 0xf6,
    0x57, 0xf6, 0xee, 0xa3, 0x04, 0x21, 0xc7, 0x49, 0xe6, 0x49, 0x27, 0x62,
    0x0a, 0x7b, 0xea, 0x7a, 0xed, 0x9b, 0xed, 0xab, 0x4d, 0xb4, 0x0d, 0xac,
    0x4e, 0xb4, 0x6d, 0xbc, 0x4e, 0xb4, 0x6e, 0xac, 0x4a, 0x8b, 0xae, 0xbc,
    0x91, 0xd5, 0xcf, 0xb4, 0x8e, 0xb4, 0x2c, 0xac, 0x68, 0x62, 0x27, 0x52,
    0x86, 0x41, 0x2a, 0x52, 0x67, 0x31, 0x45, 0x41, 0xaf, 0xbc, 0xd3, 0xdd,
    0x15, 0xde, 0xb4, 0xcd, 0xd0, 0xbc, 0xf0, 0xbc, 0x52, 0xcd, 0xb1, 0xb4,
    0x6f, 0xac, 0xd0, 0xb4, 0xcc, 0x93, 0x8f, 0xb4, 0x6f, 0xac, 0xf1, 0xbc,
    0x8f, 0xb4, 0x52, 0xd5, 0x11, 0xc5, 0xb0, 0xb4, 0x32, 0xcd, 0x52, 0xcd,
    0x32, 0xcd, 0x77, 0xee, 0x98, 0xee, 0x3a, 0xff, 0x1a, 0xf7, 0xd9, 0xf6,
    0xd9, 0xf6, 0xd9, 0xf6, 0x36, 0xde, 0xd5, 0xd5, 0x16, 0xde, 0xb5, 0xd5,
    0xb4, 0xd5, 0x32, 0xbd, 0x74, 0xc5, 0xb4, 0xcd, 0x56, 0xde, 0x98, 0xee,
    0xb8, 0xee, 0x98, 0xee, 0xd9, 0xf6, 0xd9, 0xf6, 0xf9, 0xf6, 0x1a, 0xf7,
    0x3a, 0xff, 0x1a, 0xff, 0x1b, 0xf7, 0xd9, 0xf6, 0xb9, 0xf6, 0x1a, 0xf7,
    0x1b, 0xf7, 0xfa, 0xf6, 0x99, 0xde, 0xf7, 0xcd, 0x75, 0xbd, 0xf3, 0xac,
    0x71, 0x9c, 0x71, 0x9c, 0x71, 0x9c, 0x51, 0x9c, 0x50, 0x94, 0x50, 0x9c,
    0x30, 0x9c, 0x30, 0x94, 0x50, 0x94, 0x50, 0x9c, 0x70, 0x9c, 0x91, 0xa4,
    0xd1, 0xac, 0xf3, 0xb4, 0x53, 0xc5, 0x74, 0xc5, 0xb5, 0xd5, 0xb5, 0xd5,
    0xf5, 0xdd, 0x16, 0xde, 0x16, 0xde, 0x36, 0xe6, 0x16, 0xe6, 0x16, 0xe6,
    0x36, 0xe6, 0x16, 0xde, 0x15, 0xde, 0xf5, 0xd5, 0xd5, 0xdd, 0xb4, 0xd5,
    0x94, 0xcd, 0x74, 0xc5, 0x53, 0xc5, 0x33, 0xb5, 0x13, 0xbd, 0x12, 0xb5,
    0x12, 0xb5, 0xf2, 0xb4, 0xf2, 0xb4, 0xf1, 0xb4, 0xd2, 0xb4, 0xf2, 0xb4,
    0xf1, 0xb4, 0xf2, 0xb4, 0xf2, 0xb4, 0xf2, 0xb4, 0xd2, 0xb4, 0xf2, 0xb4,
    0x13, 0xb5, 0x13, 0xb5, 0x33, 0xbd, 0x54, 0xbd, 0x95, 0xbd, 0xb5, 0xc5,
    0xd7, 0xcd, 0x37, 0xd6, 0x79, 0xd6, 0x99, 0xde, 0xba, 0xe6, 0xfb, 0xe6,
    0x3c, 0xef, 0x5c, 0xef, 0x7d, 0xf7, 0x7e, 0xf7, 0x9e, 0xf7, 0xbe, 0xff,
    0xbe, 0xff, 0xdf, 0xff, 0x13, 0xb5, 0x34, 0xb5, 0x34, 0xbd, 0x34, 0xb5,
    0x34, 0xbd, 0x54, 0xbd, 0x54, 0xbd, 0x54, 0xbd, 0x74, 0xbd, 0x75, 0xbd,
    0x95, 0xc5, 0x95, 0xc5, 0x95, 0xc5, 0xb5, 0xc5, 0xb5, 0xc5, 0x33, 0xc5,
    0xd2, 0xc4, 0x2e, 0xbc, 0x0e, 0xb4, 0xed, 0xb3, 0xad, 0xab, 0xad, 0xb3,
    0xcd, 0xb3, 0xcd, 0xab, 0xae, 0xa3, 0xad, 0xa3, 0xad, 0xa3, 0xad, 0xa3,
    0x8d, 0xa3, 0x8c, 0x9b, 0x6c, 0x9b, 0x4c, 0x93, 0x4c, 0x93, 0x4c, 0x93,
    0x4c, 0x93, 0x2b, 0x8b, 0x0b, 0x8b, 0x0b, 0x8b, 0xeb, 0x8a, 0x0b, 0x8b,
    0x2c, 0x8b, 0x8c, 0x93, 0xad, 0x9b, 0x4c, 0x8b, 0x4b, 0x8b, 0x6c, 0x8b,
    0x0b, 0x83, 0xca, 0x82, 0x0a, 0x83, 0x2b, 0x83, 0xcd, 0x9b, 0x8f, 0xac,
    0xd0, 0xb4, 0x90, 0xbc, 0x2e, 0xac, 0xcd, 0x9b, 0xac, 0x9b, 0xad, 0x9b,
    0xcd, 0x9b, 0xed, 0xa3, 0xac, 0x93, 0x6b, 0x83, 0x0a, 0x7b, 0x2a, 0x83,
    0xe9, 0x72, 0x89, 0x72, 0x68, 0x62, 0x27, 0x5a, 0x27, 0x5a, 0x88, 0x62,
    0x47, 0x5a, 0xc9, 0x7a, 0x47, 0x62, 0x06, 0x52, 0xea, 0x7a, 0x2a, 0x8b,
    0x8b, 0x9b, 0x2a, 0x8b, 0xea, 0x7a, 0x88, 0x62, 0x68, 0x6a, 0x6b, 0x93,
    0x27, 0x5a, 0x47, 0x5a, 0xea, 0x82, 0x8c, 0x93, 0x0a, 0x73, 0x48, 0x5a,
    0xa9, 0x72, 0xed, 0xa3, 0x4b, 0x8b, 0x0a, 0x7b, 0x0a, 0x83, 0x8c, 0x8b,
    0x8b, 0x8b, 0x32, 0xcd, 0xf0, 0xc4, 0x6f, 0xac, 0xf0, 0xc4, 0xcf, 0xc4,
    0xec, 0xa3, 0x6e, 0xb4, 0x8e, 0xc4, 0x6a, 0x9b, 0x8a, 0xa3, 0x29, 0x93,
    0x29, 0x9b, 0xaa, 0xa3, 0x6e, 0xc4, 0x10, 0xcd, 0x30, 0xcd, 0x93, 0xd5,
    0x73, 0xcd, 0x2d, 0xb4, 0x51, 0xcd, 0xd4, 0xdd, 0x98, 0xee, 0x36, 0xe6,
    0x73, 0xd5, 0xf4, 0xe5, 0x15, 0xde, 0x97, 0xee, 0xd4, 0xd5, 0xf5, 0xe5,
    0xf4, 0xdd, 0x76, 0xee, 0xd9, 0xf6, 0x31, 0xd5, 0xf5, 0xdd, 0x76, 0xe6,
    0x72, 0xcd, 0xd8, 0xf6, 0x77, 0xee, 0x77, 0xe6, 0xd9, 0xf6, 0x98, 0xee,
    0xf9, 0xf6, 0x97, 0xee, 0xb8, 0xf6, 0x97, 0xee, 0x3a, 0xff, 0xd8, 0xee,
    0xd9, 0xf6, 0x56, 0xe6, 0x1a, 0xf7, 0xf9, 0xf6, 0xb8, 0xee, 0xfa, 0xf6,
    0x3b, 0xff, 0x3b, 0xff, 0x7c, 0xff, 0x1a, 0xf7, 0x1a, 0xff, 0x3b, 0xf7,
    0x7c, 0xff, 0x7b, 0xff, 0x5c, 0xff, 0x5c, 0xff, 0x98, 0xee, 0x1b, 0xff,
    0x1b, 0xf7, 0xd9, 0xf6, 0xd9, 0xf6, 0x1a, 0xf7, 0x1a, 0xf7, 0xfa, 0xf6,
    0x3b, 0xff, 0x16, 0xee, 0xb1, 0xc4, 0x26, 0x29, 0x85, 0x39, 0xc7, 0x49,
    0x28, 0x5a, 0x68, 0x62, 0xaa, 0x6a, 0x8b, 0x93, 0x4b, 0x8b, 0x2d, 0xac,
    0x6d, 0xb4, 0x2d, 0xb4, 0xcf, 0xbc, 0x8f, 0xbc, 0xf0, 0xbc, 0xaf, 0xc4,
    0xaf, 0xb4, 0xf0, 0xbc, 0x0d, 0xa4, 0x6c, 0x8b, 0xa9, 0x72, 0x27, 0x5a,
    0xa6, 0x41, 0x29, 0x4a, 0x87, 0x31, 0x44, 0x41, 0x31, 0xcd, 0x35, 0xe6,
    0xb3, 0xd5, 0x15, 0xe6, 0xd4, 0xdd, 0x6f, 0xac, 0x93, 0xcd, 0x11, 0xbd,
    0xad, 0x93, 0x6f, 0xac, 0x2e, 0xa4, 0xed, 0x9b, 0x93, 0xd5, 0xf5, 0xdd,
    0x52, 0xcd, 0x72, 0xcd, 0x8f, 0xb4, 0xd1, 0xbc, 0xd0, 0xc4, 0xf0, 0xc4,
    0x72, 0xd5, 0x36, 0xe6, 0xd9, 0xee, 0x3a, 0xf7, 0xd9, 0xee, 0xf9, 0xf6,
    0xb9, 0xf6, 0x77, 0xe6, 0x74, 0xc5, 0x74, 0xc5, 0x53, 0xc5, 0x70, 0xa4,
    0x8c, 0x8b, 0xad, 0x8b, 0x90, 0xac, 0x90, 0xac, 0x32, 0xc5, 0xb5, 0xcd,
    0x37, 0xde, 0x77, 0xe6, 0xd9, 0xf6, 0x1a, 0xff, 0x1a, 0xff, 0x3a, 0xff,
    0x1a, 0xff, 0xd9, 0xf6, 0xfa, 0xfe, 0x5b, 0xff, 0x9c, 0xff, 0x9c, 0xff,
    0x3b, 0xff, 0x3b, 0xff, 0x3c, 0xf7, 0x5c, 0xf7, 0x5c, 0xf7, 0x3c, 0xef,
    0xfb, 0xe6, 0x18, 0xce, 0x34, 0xb5, 0xb2, 0xa4, 0x50, 0x94, 0x50, 0x9c,
    0x71, 0x9c, 0x71, 0x9c, 0x71, 0x9c, 0x51, 0x9c, 0x71, 0x9c, 0x70, 0xa4,
    0x91, 0xa4, 0xd1, 0xac, 0xf2, 0xb4, 0x33, 0xbd, 0x74, 0xc5, 0xb4, 0xcd,
    0xb5, 0xd5, 0xf5, 0xd5, 0xf5, 0xdd, 0x16, 0xe6, 0x16, 0xde, 0x36, 0xe6,
    0x36, 0xe6, 0x16, 0xe6, 0x36, 0xe6, 0x16, 0xde, 0x16, 0xde, 0xd5, 0xd5,
    0xb5, 0xd5, 0xb4, 0xcd, 0x74, 0xcd, 0x73, 0xc5, 0x53, 0xbd, 0x32, 0xbd,
    0x33, 0xbd, 0x12, 0xb5, 0x12, 0xbd, 0xf2, 0xb4, 0xf2, 0xb4, 0xf2, 0xb4,
    0xf2, 0xb4, 0xf2, 0xb4, 0xf2, 0xb4, 0xd2, 0xb4, 0xf2, 0xb4, 0xf2, 0xb4,
    0x12, 0xbd, 0x12, 0xb5, 0x33, 0xbd, 0x33, 0xb5, 0x54, 0xbd, 0x74, 0xc5,
    0x95, 0xc5, 0xd6, 0xc5, 0x18, 0xd6, 0x38, 0xde, 0x79, 0xde, 0xba, 0xde,
    0xfb, 0xe6, 0x1b, 0xef, 0x1c, 0xef, 0x5c, 0xf7, 0x7d, 0xf7, 0x9d, 0xff,
    0x9e, 0xff, 0xbe, 0xff, 0xbf, 0xff, 0x34, 0xb5, 0x34, 0xb5, 0x33, 0xb5,
    0x34, 0xbd, 0x34, 0xb5, 0x54, 0xbd, 0x54, 0xbd, 0x55, 0xbd, 0x55, 0xbd,
    0x74, 0xc5, 0x75, 0xbd, 0x75, 0xc5, 0x95, 0xbd, 0x95, 0xbd, 0xb5, 0xc5,
    0xb5, 0xcd, 0x12, 0xbd, 0x70, 0xbc, 0x2e, 0xb4, 0xee, 0xb3, 0xcd, 0xab,
    0xcd, 0xab, 0xad, 0xab, 0xad, 0xab, 0xad, 0xa3, 0xad, 0xab, 0x8d, 0xa3,
    0x8d, 0xa3, 0x8c, 0x9b, 0x8d, 0x9b, 0x6c, 0x9b, 0x6c, 0x93, 0x4c, 0x93,
    0x4c, 0x93, 0x4c, 0x8b, 0x0b, 0x8b, 0x0b, 0x8b, 0x0b, 0x8b, 0xeb, 0x82,
    0x0b, 0x83, 0x4c, 0x8b, 0x8c, 0x9b, 0x4c, 0x8b, 0x4c, 0x93, 0x8c, 0x93,
    0xeb, 0x82, 0xea, 0x7a, 0x4b, 0x8b, 0x8c, 0x8b, 0xcd, 0x9b, 0x8b, 0x93,
    0xea, 0x82, 0x89, 0x72, 0x0b, 0x7b, 0xac, 0x93, 0x4e, 0xac, 0x2e, 0xac,
    0x0d, 0x9c, 0xcc, 0x9b, 0xed, 0x9b, 0x6f, 0xb4, 0x4e, 0xac, 0xcc, 0x9b,
    0x2a, 0x8b, 0x2a, 0x8b, 0xa9, 0x6a, 0x47, 0x62, 0xa8, 0x72, 0x47, 0x62,
    0x88, 0x6a, 0xc9, 0x7a, 0x68, 0x62, 0x09, 0x83, 0xc8, 0x72, 0xc6, 0x41,
    0xe6, 0x51, 0x88, 0x6a, 0x88, 0x6a, 0xe9, 0x7a, 0xe9, 0x7a, 0x88, 0x62,
    0x47, 0x5a, 0x0a, 0x83, 0xe9, 0x7a, 0x88, 0x62, 0x48, 0x62, 0xa8, 0x72,
    0xac, 0x9b, 0x68, 0x5a, 0x47, 0x5a, 0xcc, 0x9b, 0xed, 0x9b, 0xcd, 0x9b,
    0x6e, 0xb4, 0x8c, 0x93, 0xe9, 0x72, 0xed, 0x9b, 0x11, 0xcd, 0xd0, 0xc4,
    0x8f, 0xb4, 0xb0, 0xbc, 0xac, 0xa3, 0x0c, 0xb4, 0xaf, 0xc4, 0x4d, 0xbc,
    0x4d, 0xbc, 0xeb, 0xb3, 0x6a, 0x9b, 0x29, 0x93, 0x6a, 0x9b, 0xaf, 0xc4,
    0x93, 0xd5, 0xcf, 0xbc, 0x73, 0xd5, 0xd4, 0xdd, 0xd0, 0xbc, 0x94, 0xd5,
    0x57, 0xe6, 0x15, 0xe6, 0xd4, 0xd5, 0xd4, 0xdd, 0x56, 0xe6, 0x77, 0xee,
    0x93, 0xd5, 0x15, 0xe6, 0x15, 0xe6, 0x56, 0xe6, 0xd8, 0xee, 0x93, 0xd5,
    0xb7, 0xee, 0xf5, 0xdd, 0xb4, 0xdd, 0xb9, 0xf6, 0x76, 0xe6, 0x57, 0xe6,
    0xd9, 0xf6, 0x77, 0xee, 0x1a, 0xf7, 0x77, 0xe6, 0xd9, 0xf6, 0xb8, 0xf6,
    0xf9, 0xf6, 0xf9, 0xf6, 0x77, 0xee, 0xb9, 0xf6, 0xb8, 0xee, 0xd9, 0xee,
    0xb8, 0xf6, 0x5c, 0xff, 0x3a, 0xf7, 0x7d, 0xff, 0x5c, 0xff, 0x5b, 0xff,
    0xf9, 0xf6, 0x5c, 0xff, 0x3b, 0xff, 0x9c, 0xff, 0x3b, 0xf7, 0x3b, 0xf7,
    0xb8, 0xf6, 0xfa, 0xf6, 0x5c, 0xf7, 0x98, 0xee, 0x1a, 0xff, 0xfa, 0xf6,
    0xb8, 0xf6, 0x5c, 0xf7, 0xf6, 0xed, 0x12, 0xcd, 0xac, 0x5a, 0x25, 0x21,
    0x86, 0x39, 0xc6, 0x49, 0x08, 0x52, 0x89, 0x6a, 0xa9, 0x72, 0x2a, 0x8b,
    0x4b, 0x8b, 0x8b, 0x9b, 0x4d, 0xac, 0x2d, 0xac, 0xab, 0xa3, 0xcc, 0x9b,
    0x6b, 0x8b, 0x4b, 0x8b, 0x6b, 0x93, 0x4b, 0x93, 0x88, 0x6a, 0xe7, 0x51,
    0x86, 0x41, 0x86, 0x39, 0x26, 0x29, 0xe7, 0x61, 0x10, 0xcd, 0xd3, 0xdd,
    0x52, 0xcd, 0x36, 0xe6, 0x32, 0xc5, 0x70, 0xa4, 0x32, 0xc5, 0xb0, 0xb4,
    0xf1, 0xbc, 0x11, 0xbd, 0x2e, 0xa4, 0x70, 0xac, 0x76, 0xee, 0x97, 0xee,
    0x93, 0xd5, 0x6f, 0xac, 0xd0, 0xb4, 0x73, 0xd5, 0x6f, 0xb4, 0x11, 0xc5,
    0x73, 0xcd, 0x56, 0xe6, 0xd9, 0xf6, 0xd9, 0xf6, 0xb8, 0xee, 0xb8, 0xf6,
    0x97, 0xee, 0x77, 0xee, 0x16, 0xde, 0xb4, 0xcd, 0x73, 0xcd, 0xb0, 0xb4,
    0xee, 0x93, 0x2f, 0xa4, 0x73, 0xcd, 0x11, 0xc5, 0xb1, 0xac, 0xb5, 0xd5,
    0x56, 0xe6, 0x16, 0xe6, 0x97, 0xf6, 0xf9, 0xf6, 0x19, 0xff, 0x3a, 0xff,
    0x1a, 0xf7, 0x19, 0xff, 0x1a, 0xff, 0x1a, 0xf7, 0xfa, 0xfe, 0x1a, 0xff,
    0x7b, 0xff, 0x9d, 0xff, 0x1b, 0xef, 0xb9, 0xe6, 0x99, 0xe6, 0xda, 0xe6,
    0xdb, 0xe6, 0x3b, 0xef, 0x5d, 0xf7, 0x7d, 0xef, 0xba, 0xde, 0xb6, 0xbd,
    0x72, 0x94, 0xae, 0x83, 0xce, 0x8b, 0x0f, 0x94, 0x2f, 0x9c, 0x30, 0x94,
    0x50, 0x94, 0x71, 0xa4, 0xb1, 0xac, 0xf2, 0xb4, 0x13, 0xbd, 0x33, 0xc5,
    0x73, 0xc5, 0xb5, 0xcd, 0xd5, 0xd5, 0xf5, 0xd5, 0x15, 0xe6, 0x16, 0xe6,
    0x36, 0xde, 0x16, 0xde, 0x36, 0xe6, 0x36, 0xde, 0x16, 0xde, 0x15, 0xe6,
    0xf6, 0xdd, 0xf5, 0xd5, 0xb5, 0xcd, 0x94, 0xcd, 0x74, 0xc5, 0x53, 0xc5,
    0x33, 0xbd, 0x33, 0xbd, 0x13, 0xbd, 0x13, 0xb5, 0x12, 0xb5, 0x12, 0xb5,
    0xf2, 0xb4, 0xf2, 0xbc, 0xf2, 0xb4, 0xf2, 0xb4, 0xf2, 0xb4, 0xf2, 0xb4,
    0x12, 0xb5, 0xf2, 0xb4, 0xf2, 0xbc, 0x13, 0xbd, 0x33, 0xbd, 0x54, 0xbd,
    0x74, 0xc5, 0x75, 0xc5, 0xd6, 0xcd, 0x17, 0xce, 0x38, 0xd6, 0x59, 0xde,
    0xb9, 0xde, 0xda, 0xe6, 0xfb, 0xee, 0xfc, 0xee, 0x3c, 0xef, 0x5d, 0xf7,
    0x7d, 0xff, 0x9e, 0xf7, 0xbe, 0xff, 0xbe, 0xff, 0x34, 0xb5, 0x33, 0xbd,
    0x34, 0xbd, 0x34, 0xb5, 0x54, 0xbd, 0x54, 0xbd, 0x54, 0xbd, 0x74, 0xbd,
    0x75, 0xbd, 0x75, 0xbd, 0x75, 0xbd, 0x75, 0xbd, 0x95, 0xc5, 0x75, 0xc5,
    0x95, 0xc5, 0xb6, 0xcd, 0x94, 0xc5, 0xf2, 0xbc, 0x90, 0xbc, 0x4e, 0xbc,
    0x0e, 0xb4, 0xcd, 0xab, 0xad, 0xab, 0xad, 0xab, 0xad, 0xa3, 0xad, 0xa3,
    0xad, 0xa3, 0x6c, 0x9b, 0x6c, 0x9b, 0x6c, 0x9b, 0x6c, 0x9b, 0x6c, 0x93,
    0x4c, 0x93, 0x4c, 0x93, 0x2c, 0x93, 0x2b, 0x8b, 0x2b, 0x8b, 0x0b, 0x83,
    0x2b, 0x8b, 0x6c, 0x93, 0x6c, 0x93, 0x4c, 0x8b, 0x8c, 0x93, 0x6c, 0x8b,
    0x0b, 0x83, 0x0a, 0x83, 0xeb, 0x82, 0xca, 0x72, 0xca, 0x7a, 0xa9, 0x7a,
    0xea, 0x7a, 0x0a, 0x7b, 0x2b, 0x83, 0x8c, 0x8b, 0x8c, 0x93, 0x8c, 0x93,
    0xcd, 0x9b, 0x0e, 0xa4, 0xaf, 0xb4, 0x4f, 0xac, 0xed, 0x9b, 0x8c, 0x93,
    0x0a, 0x7b, 0x09, 0x7b, 0x88, 0x6a, 0x28, 0x5a, 0x27, 0x5a, 0x68, 0x62,
    0xe9, 0x7a, 0xc9, 0x7a, 0xa8, 0x6a, 0x0a, 0x83, 0xc9, 0x72, 0xc9, 0x7a,
    0x2a, 0x8b, 0x68, 0x6a, 0x06, 0x4a, 0xe6, 0x49, 0xa9, 0x72, 0xa9, 0x72,
    0x68, 0x62, 0x26, 0x52, 0x27, 0x52, 0x68, 0x62, 0x88, 0x62, 0x27, 0x5a,
    0x47, 0x5a, 0x48, 0x5a, 0x2a, 0x7b, 0x4b, 0x83, 0x8c, 0x93, 0x2e, 0xa4,
    0x2f, 0xa4, 0xcd, 0x9b, 0x11, 0xc5, 0x6f, 0xac, 0xac, 0x9b, 0xcc, 0x9b,
    0x6e, 0xb4, 0xd0, 0xc4, 0xaf, 0xbc, 0x10, 0xcd, 0x8e, 0xbc, 0x2d, 0xb4,
    0x2d, 0xb4, 0xeb, 0xbb, 0x8e, 0xc4, 0xcb, 0xab, 0xca, 0xab, 0x0c, 0xb4,
    0xab, 0xab, 0x6d, 0xbc, 0x31, 0xcd, 0x6e, 0xb4, 0x52, 0xcd, 0xf4, 0xe5,
    0x32, 0xcd, 0xf4, 0xdd, 0xd4, 0xd5, 0x97, 0xee, 0x93, 0xcd, 0x15, 0xe6,
    0x37, 0xe6, 0x97, 0xee, 0xd4, 0xdd, 0xd4, 0xdd, 0x35, 0xe6, 0x56, 0xe6,
    0x16, 0xe6, 0x93, 0xd5, 0xd8, 0xf6, 0xf5, 0xdd, 0x36, 0xe6, 0x19, 0xf7,
    0x36, 0xe6, 0xb8, 0xee, 0x77, 0xe6, 0xb8, 0xee, 0xd9, 0xf6, 0x98, 0xee,
    0xb9, 0xf6, 0xb9, 0xee, 0xb8, 0xee, 0x19, 0xf7, 0xb8, 0xf6, 0xd9, 0xee,
    0xf9, 0xf6, 0xfa, 0xf6, 0xd8, 0xf6, 0x5b, 0xff, 0x5c, 0xff, 0x5c, 0xff,
    0x7c, 0xff, 0x3a, 0xff, 0x1b, 0xf7, 0x5c, 0xff, 0x5b, 0xff, 0x3b, 0xf7,
    0x7c, 0xff, 0xb9, 0xee, 0xfa, 0xf6, 0x3b, 0xf7, 0xfa, 0xf6, 0xd9, 0xf6,
    0xda, 0xf6, 0xb9, 0xf6, 0x1b, 0xf7, 0x16, 0xee, 0xf2, 0xd4, 0x8e, 0x83,
    0x4e, 0x73, 0xa7, 0x31, 0x65, 0x39, 0xa6, 0x41, 0x07, 0x52, 0x48, 0x62,
    0xa9, 0x6a, 0xa9, 0x72, 0xa9, 0x6a, 0xc9, 0x72, 0xe9, 0x7a, 0x4b, 0x8b,
    0xec, 0xa3, 0x0a, 0x7b, 0xea, 0x7a, 0xa9, 0x72, 0x88, 0x62, 0x07, 0x52,
    0x66, 0x39, 0x45, 0x29, 0xa6, 0x49, 0x31, 0xcd, 0x96, 0xf6, 0xb4, 0xd5,
    0xb4, 0xd5, 0xf5, 0xe5, 0x32, 0xc5, 0x93, 0xcd, 0x32, 0xc5, 0xd1, 0xb4,
    0xd4, 0xd5, 0x51, 0xcd, 0x0f, 0x9c, 0x93, 0xd5, 0xf8, 0xfe, 0xf5, 0xd5,
    0x73, 0xcd, 0xd1, 0xb4, 0xf1, 0xc4, 0x72, 0xd5, 0x8f, 0xb4, 0xf4, 0xdd,
    0x56, 0xe6, 0x97, 0xee, 0x77, 0xee, 0x56, 0xe6, 0xb8, 0xf6, 0xb8, 0xee,
    0x78, 0xee, 0xb8, 0xf6, 0x77, 0xee, 0x94, 0xcd, 0x52, 0xcd, 0x4f, 0xa4,
    0xee, 0x9b, 0x6f, 0xac, 0xd0, 0xb4, 0x4f, 0xa4, 0x32, 0xc5, 0xf4, 0xdd,
    0xb3, 0xdd, 0x93, 0xd5, 0x56, 0xe6, 0xb8, 0xf6, 0xf9, 0xf6, 0xfa, 0xfe,
    0x1a, 0xff, 0x3a, 0xff, 0x1a, 0xf7, 0x1a, 0xf7, 0x19, 0xff, 0xd8, 0xfe,
    0x77, 0xf6, 0x98, 0xf6, 0x1b, 0xff, 0xbd, 0xff, 0x3c, 0xf7, 0x17, 0xd6,
    0xb5, 0xc5, 0x75, 0xbd, 0x34, 0xb5, 0x76, 0xb5, 0xb6, 0xbd, 0x59, 0xce,
    0x1c, 0xe7, 0x1c, 0xef, 0x7a, 0xd6, 0xd4, 0xa4, 0x6e, 0x7b, 0x4d, 0x73,
    0xce, 0x83, 0x0f, 0x94, 0x30, 0x9c, 0x70, 0xa4, 0xb1, 0xac, 0xf2, 0xb4,
    0x12, 0xbd, 0x53, 0xc5, 0x74, 0xd5, 0xb4, 0xd5, 0xd5, 0xdd, 0xf5, 0xdd,
    0x15, 0xe6, 0x16, 0xe6, 0x36, 0xe6, 0x36, 0xe6, 0x16, 0xe6, 0x16, 0xe6,
    0x16, 0xde, 0x15, 0xe6, 0xd5, 0xdd, 0xd5, 0xd5, 0xb4, 0xcd, 0x94, 0xd5,
    0x74, 0xc5, 0x53, 0xc5, 0x53, 0xc5, 0x33, 0xbd, 0x12, 0xbd, 0x12, 0xbd,
    0x12, 0xbd, 0xf2, 0xbc, 0x12, 0xb5, 0xf2, 0xbc, 0xf2, 0xb4, 0x12, 0xbd,
    0xf2, 0xb4, 0xf2, 0xbc, 0x12, 0xbd, 0x13, 0xb5, 0x33, 0xbd, 0x33, 0xbd,
    0x53, 0xc5, 0x74, 0xbd, 0x95, 0xc5, 0xb5, 0xc5, 0xf6, 0xcd, 0x17, 0xd6,
    0x58, 0xde, 0x99, 0xe6, 0xba, 0xe6, 0xdb, 0xe6, 0x1b, 0xef, 0x3b, 0xef,
    0x7c, 0xef, 0x7d, 0xf7, 0x9d, 0xf7, 0x9e, 0xff, 0x9e, 0xff, 0x13, 0xb5,
    0x14, 0xb5, 0x33, 0xbd, 0x34, 0xbd, 0x54, 0xbd, 0x54, 0xbd, 0x54, 0xbd,
    0x75, 0xbd, 0x54, 0xc5, 0x54, 0xbd, 0x75, 0xc5, 0x75, 0xbd, 0x75, 0xbd,
    0x95, 0xc5, 0x95, 0xc5, 0x96, 0xbd, 0xb5, 0xcd, 0x74, 0xc5, 0xd1, 0xc4,
    0x70, 0xbc, 0x4f, 0xbc, 0x0e, 0xb4, 0xed, 0xab, 0xcd, 0xab, 0xad, 0xa3,
    0x8d, 0xa3, 0x8d, 0xa3, 0x6d, 0x9b, 0x6c, 0x9b, 0x6d, 0xa3, 0x6d, 0x9b,
    0x4c, 0x9b, 0x4c, 0x93, 0x4c, 0x93, 0x2c, 0x8b, 0x0b, 0x8b, 0x0c, 0x8b,
    0x4c, 0x93, 0x8c, 0x93, 0x6c, 0x93, 0x4c, 0x8b, 0x8d, 0x93, 0x4c, 0x8b,
    0xca, 0x82, 0xaa, 0x7a, 0x69, 0x72, 0x48, 0x6a, 0xea, 0x7a, 0x2b, 0x83,
    0x2b, 0x83, 0x4b, 0x83, 0x8c, 0x8b, 0x8c, 0x93, 0x6c, 0x93, 0x6c, 0x93,
    0xad, 0x93, 0xed, 0x9b, 0x0d, 0xa4, 0x4b, 0x8b, 0x6b, 0x8b, 0x8b, 0x8b,
    0x88, 0x6a, 0xc9, 0x72, 0x88, 0x72, 0x48, 0x62, 0x47, 0x62, 0x27, 0x5a,
    0x27, 0x52, 0x07, 0x52, 0x07, 0x52, 0x47, 0x62, 0x88, 0x6a, 0x88, 0x6a,
    0x27, 0x52, 0x88, 0x6a, 0xe9, 0x7a, 0xe9, 0x7a, 0xc9, 0x72, 0xe9, 0x7a,
    0x4b, 0x8b, 0x2d, 0xac, 0x2e, 0xa4, 0xea, 0x82, 0x4b, 0x8b, 0xac, 0x93,
    0xac, 0x93, 0xcd, 0x9b, 0x0d, 0xac, 0xcd, 0x9b, 0x8c, 0x8b, 0x2b, 0x83,
    0xed, 0xa3, 0xb0, 0xb4, 0x93, 0xd5, 0x73, 0xd5, 0x36, 0xe6, 0x97, 0xee,
    0x36, 0xe6, 0x73, 0xcd, 0x52, 0xcd, 0xb4, 0xdd, 0xb4, 0xd5, 0xf0, 0xcc,
    0x6d, 0xb4, 0x4d, 0xbc, 0x8e, 0xc4, 0x0c, 0xb4, 0x6e, 0xc4, 0x6a, 0xa3,
    0x8a, 0xa3, 0xcb, 0xab, 0xec, 0xb3, 0xef, 0xcc, 0xf0, 0xc4, 0xf0, 0xc4,
    0x73, 0xcd, 0x15, 0xde, 0xf4, 0xdd, 0x15, 0xde, 0xd4, 0xdd, 0x57, 0xee,
    0x93, 0xd5, 0x77, 0xee, 0x56, 0xe6, 0x77, 0xee, 0xf5, 0xdd, 0xf5, 0xdd,
    0x36, 0xe6, 0x97, 0xee, 0xf6, 0xdd, 0xf5, 0xdd, 0x57, 0xe6, 0x36, 0xe6,
    0x36, 0xe6, 0xf9, 0xf6, 0x36, 0xe6, 0xf9, 0xf6, 0xf5, 0xdd, 0xf9, 0xf6,
    0xb8, 0xee, 0xb8, 0xee, 0xd8, 0xf6, 0xd9, 0xf6, 0xfa, 0xf6, 0x77, 0xee,
    0x19, 0xf7, 0xb9, 0xf6, 0x1a, 0xf7, 0xf9, 0xf6, 0x1a, 0xf7, 0x5b, 0xff,
    0x5b, 0xff, 0x5c, 0xff, 0x5c, 0xff, 0x1a, 0xf7, 0x7c, 0xff, 0x1a, 0xf7,
    0x3b, 0xff, 0xfa, 0xf6, 0x5b, 0xff, 0xf9, 0xf6, 0xb9, 0xf6, 0x3b, 0xf7,
    0xf9, 0xf6, 0x1b, 0xff, 0xb9, 0xee, 0xfa, 0xf6, 0xd4, 0xed, 0x53, 0xdd,
    0x8d, 0x8b, 0x4e, 0x7b, 0x8e, 0x83, 0x8b, 0x52, 0x86, 0x29, 0x86, 0x39,
    0xc7, 0x49, 0x07, 0x4a, 0x08, 0x4a, 0x28, 0x52, 0x48, 0x5a, 0xea, 0x7a,
    0x69, 0x62, 0x88, 0x62, 0x68, 0x62, 0xe7, 0x49, 0xa6, 0x41, 0x45, 0x31,
    0x04, 0x21, 0x65, 0x49, 0x4b, 0x8b, 0xcf, 0xcc, 0x51, 0xcd, 0x53, 0xd5,
    0xf4, 0xdd, 0x93, 0xdd, 0x36, 0xde, 0xf5, 0xdd, 0xd0, 0xb4, 0xf5, 0xdd,
    0xb4, 0xd5, 0x73, 0xc5, 0x73, 0xcd, 0x16, 0xde, 0xd4, 0xdd, 0x36, 0xde,
    0x56, 0xe6, 0x94, 0xcd, 0x94, 0xd5, 0xf5, 0xdd, 0xb4, 0xcd, 0x77, 0xee,
    0x36, 0xe6, 0x93, 0xd5, 0xf4, 0xdd, 0x36, 0xde, 0x77, 0xee, 0x36, 0xe6,
    0x98, 0xf6, 0xd9, 0xf6, 0x77, 0xee, 0x56, 0xe6, 0xb4, 0xd5, 0x73, 0xc5,
    0x90, 0xac, 0x8c, 0x8b, 0xb0, 0xb4, 0x32, 0xc5, 0xd0, 0xbc, 0xd0, 0xbc,
    0x32, 0xc5, 0x31, 0xcd, 0xd4, 0xe5, 0x56, 0xee, 0xb8, 0xf6, 0xf8, 0xf6,
    0xd9, 0xf6, 0xf9, 0xfe, 0xf9, 0xf6, 0x1a, 0xff, 0x3a, 0xff, 0xd8, 0xfe,
    0x97, 0xf6, 0x97, 0xf6, 0xb7, 0xfe, 0xb8, 0xf6, 0x1b, 0xf7, 0xbd, 0xff,
    0x5d, 0xf7, 0xf7, 0xcd, 0x74, 0xbd, 0x34, 0xb5, 0xf2, 0xac, 0xd2, 0xa4,
    0x92, 0x9c, 0x91, 0x9c, 0xf3, 0xa4, 0xf7, 0xbd, 0x1c, 0xdf, 0xdb, 0xee,
    0x34, 0xb5, 0x6d, 0x7b, 0x6c, 0x7b, 0xef, 0x93, 0x2f, 0x9c, 0x70, 0xa4,
    0xb1, 0xac, 0xf2, 0xb4, 0x32, 0xbd, 0x53, 0xc5, 0x94, 0xd5, 0xb4, 0xd5,
    0xf5, 0xdd, 0xf5, 0xdd, 0x16, 0xde, 0x15, 0xde, 0x36, 0xe6, 0x36, 0xe6,
    0x16, 0xe6, 0x36, 0xe6, 0x16, 0xde, 0xf5, 0xdd, 0xf5, 0xd5, 0xd5, 0xcd,
    0x95, 0xcd, 0x94, 0xcd, 0x73, 0xc5, 0x53, 0xc5, 0x33, 0xbd, 0x32, 0xc5,
    0x33, 0xbd, 0x12, 0xbd, 0x12, 0xb5, 0x12, 0xb5, 0xf2, 0xb4, 0x12, 0xbd,
    0x12, 0xb5, 0x12, 0xbd, 0x13, 0xbd, 0x33, 0xbd, 0x53, 0xbd, 0x53, 0xbd,
    0x53, 0xc5, 0x54, 0xc5, 0x74, 0xc5, 0x94, 0xcd, 0x95, 0xcd, 0xd7, 0xcd,
    0x37, 0xd6, 0x58, 0xd6, 0x78, 0xde, 0x9a, 0xe6, 0xda, 0xe6, 0xfb, 0xe6,
    0x1b, 0xef, 0x3c, 0xf7, 0x5c, 0xf7, 0x5d, 0xf7, 0x9d, 0xff, 0x9e, 0xff,
    0x13, 0xb5, 0x34, 0xb5, 0x54, 0xb5, 0x34, 0xb5, 0x34, 0xb5, 0x54, 0xbd,
    0x55, 0xbd, 0x55, 0xbd, 0x75, 0xbd, 0x74, 0xbd, 0x95, 0xbd, 0x75, 0xc5,
    0x75, 0xc5, 0x95, 0xbd, 0x95, 0xc5, 0x95, 0xc5, 0xb6, 0xc5, 0xb5, 0xcd,
    0x53, 0xc5, 0xb1, 0xbc, 0x6f, 0xbc, 0x4f, 0xb4, 0x0e, 0xb4, 0xed, 0xb3,
    0xad, 0xab, 0xad, 0xa3, 0x8c, 0xa3, 0x6c, 0xa3, 0x6c, 0x9b, 0x4c, 0x9b,
    0x4c, 0x93, 0x4c, 0x93, 0x4b, 0x93, 0x4c, 0x93, 0x2c, 0x8b, 0x4c, 0x8b,
    0x6c, 0x93, 0x6d, 0x93, 0x2c, 0x8b, 0x2c, 0x8b, 0x6d, 0x8b, 0x4b, 0x8b,
    0xca, 0x7a, 0x8a, 0x72, 0x89, 0x72, 0xca, 0x7a, 0xea, 0x7a, 0x0b, 0x83,
    0xca, 0x7a, 0xaa, 0x72, 0xa9, 0x72, 0xaa, 0x72, 0x0b, 0x83, 0xac, 0x93,
    0x8c, 0x93, 0x6c, 0x93, 0xed, 0x9b, 0xed, 0x93, 0xed, 0x9b, 0xac, 0x93,
    0x4b, 0x83, 0xea, 0x7a, 0xa9, 0x72, 0x88, 0x62, 0x27, 0x5a, 0x68, 0x62,
    0x68, 0x62, 0x88, 0x6a, 0xc9, 0x7a, 0xc9, 0x7a, 0xa9, 0x6a, 0xa9, 0x72,
    0x2a, 0x83, 0x8c, 0x93, 0x6b, 0x8b, 0x6b, 0x93, 0xed, 0xa3, 0xac, 0x93,
    0xcd, 0x9b, 0x6b, 0x93, 0x4a, 0x83, 0x0a, 0x83, 0x4b, 0x83, 0x0a, 0x83,
    0x8c, 0x93, 0xc9, 0x72, 0xea, 0x7a, 0x2a, 0x7b, 0x4f, 0xac, 0xf1, 0xc4,
    0x12, 0xbd, 0x4f, 0xac, 0xd0, 0xbc, 0x31, 0xc5, 0x4f, 0xa4, 0xec, 0x9b,
    0x8c, 0x93, 0x70, 0xb4, 0x73, 0xcd, 0xd0, 0xb4, 0x6f, 0xb4, 0xd0, 0xbc,
    0x32, 0xcd, 0x93, 0xd5, 0xcf, 0xc4, 0x2d, 0xb4, 0x0c, 0xb4, 0xcb, 0xb3,
    0xeb, 0xab, 0xcb, 0xab, 0xcb, 0xab, 0x0c, 0xb4, 0xaa, 0xa3, 0x2d, 0xb4,
    0x73, 0xd5, 0x11, 0xc5, 0x72, 0xcd, 0x15, 0xe6, 0xf5, 0xdd, 0xf6, 0xdd,
    0xf4, 0xdd, 0xb5, 0xdd, 0xf4, 0xdd, 0x56, 0xe6, 0x36, 0xe6, 0x56, 0xee,
    0x36, 0xde, 0x36, 0xe6, 0xf5, 0xdd, 0x77, 0xee, 0x35, 0xe6, 0x56, 0xe6,
    0x15, 0xde, 0x97, 0xee, 0xf6, 0xdd, 0xd9, 0xf6, 0x98, 0xee, 0xd8, 0xf6,
    0x36, 0xe6, 0x1a, 0xf7, 0x77, 0xee, 0xf9, 0xf6, 0x98, 0xee, 0xd9, 0xf6,
    0xd9, 0xf6, 0xb8, 0xf6, 0xf9, 0xf6, 0x1a, 0xf7, 0xd9, 0xf6, 0x3b, 0xff,
    0x3b, 0xff, 0x7c, 0xff, 0x3a, 0xff, 0x9c, 0xff, 0x3a, 0xff, 0x3b, 0xff,
    0x5c, 0xff, 0x1a, 0xf7, 0xda, 0xf6, 0x3b, 0xff, 0xf9, 0xee, 0xd9, 0xee,
    0x1a, 0xf7, 0xb9, 0xee, 0xf9, 0xf6, 0xfa, 0xf6, 0xfb, 0xf6, 0xf5, 0xe5,
    0x94, 0xdd, 0xce, 0xa3, 0x4a, 0x5a, 0x6e, 0x83, 0x8f, 0x83, 0x2d, 0x73,
    0x09, 0x42, 0x66, 0x31, 0x86, 0x39, 0xa7, 0x41, 0x08, 0x52, 0x07, 0x4a,
    0xe7, 0x49, 0x86, 0x39, 0x25, 0x29, 0x45, 0x29, 0x04, 0x21, 0x24, 0x39,
    0xc7, 0x51, 0xad, 0x9b, 0x31, 0xd5, 0xf0, 0xcc, 0xf5, 0xdd, 0xb4, 0xd5,
    0xd4, 0xdd, 0xf4, 0xdd, 0x36, 0xde, 0x73, 0xcd, 0xf1, 0xc4, 0x15, 0xde,
    0xd5, 0xd5, 0x36, 0xe6, 0x94, 0xd5, 0x77, 0xe6, 0x16, 0xde, 0xf9, 0xf6,
    0x77, 0xe6, 0xd4, 0xd5, 0x56, 0xee, 0x36, 0xe6, 0x98, 0xee, 0x97, 0xee,
    0x73, 0xcd, 0x93, 0xd5, 0x93, 0xdd, 0xd4, 0xdd, 0xd4, 0xe5, 0x15, 0xe6,
    0x97, 0xee, 0x77, 0xee, 0x77, 0xee, 0x56, 0xee, 0x93, 0xcd, 0xd5, 0xd5,
    0x90, 0xa4, 0xee, 0x93, 0x11, 0xc5, 0x2f, 0xa4, 0x2e, 0xa4, 0x32, 0xc5,
    0x93, 0xd5, 0x72, 0xd5, 0xb4, 0xdd, 0x15, 0xee, 0x56, 0xf6, 0x76, 0xf6,
    0x76, 0xf6, 0x76, 0xf6, 0x96, 0xf6, 0x97, 0xf6, 0xd7, 0xfe, 0x97, 0xf6,
    0x96, 0xfe, 0x76, 0xf6, 0x76, 0xf6, 0x96, 0xf6, 0x97, 0xf6, 0xd9, 0xf6,
    0x1b, 0xf7, 0x7d, 0xff, 0x7d, 0xf7, 0x39, 0xce, 0xb6, 0xc5, 0xb6, 0xc5,
    0xb6, 0xc5, 0x54, 0xb5, 0x91, 0xa4, 0x0f, 0x8c, 0x8e, 0x83, 0xcf, 0x83,
    0x35, 0xa5, 0xdb, 0xde, 0xfc, 0xee, 0xf4, 0xac, 0x6d, 0x7b, 0xce, 0x8b,
    0x4f, 0x9c, 0x71, 0xa4, 0xb1, 0xac, 0xf2, 0xb4, 0x32, 0xc5, 0x94, 0xcd,
    0x94, 0xd5, 0xd4, 0xd5, 0xf5, 0xdd, 0x15, 0xde, 0x16, 0xe6, 0x16, 0xe6,
    0x36, 0xe6, 0x36, 0xe6, 0x36, 0xe6, 0x15, 0xde, 0xf6, 0xe5, 0xd5, 0xdd,
    0xd5, 0xdd, 0xb4, 0xd5, 0x95, 0xcd, 0x94, 0xcd, 0x74, 0xc5, 0x53, 0xc5,
    0x53, 0xbd, 0x33, 0xbd, 0x32, 0xbd, 0x32, 0xbd, 0x12, 0xbd, 0x32, 0xbd,
    0x32, 0xbd, 0x32, 0xbd, 0x33, 0xbd, 0x33, 0xbd, 0x53, 0xc5, 0x53, 0xc5,
    0x53, 0xc5, 0x53, 0xc5, 0x74, 0xc5, 0x94, 0xc5, 0x95, 0xc5, 0xb5, 0xcd,
    0xd6, 0xcd, 0x17, 0xd6, 0x37, 0xd6, 0x58, 0xde, 0x99, 0xe6, 0xba, 0xe6,
    0xfa, 0xe6, 0xfc, 0xee, 0x1c, 0xf7, 0x5d, 0xf7, 0x5d, 0xf7, 0x7d, 0xff,
    0x9d, 0xff, 0x33, 0xb5, 0x34, 0xb5, 0x13, 0xbd, 0x54, 0xbd, 0x34, 0xbd,
    0x54, 0xbd, 0x74, 0xbd, 0x54, 0xbd, 0x75, 0xbd, 0x75, 0xbd, 0x75, 0xc5,
    0x75, 0xbd, 0x95, 0xc5, 0x95, 0xbd, 0x75, 0xbd, 0x95, 0xc5, 0x96, 0xc5,
    0xb5, 0xc5, 0x95, 0xcd, 0x33, 0xc5, 0xb0, 0xbc, 0x4f, 0xbc, 0x2f, 0xb4,
    0x0e, 0xb4, 0xee, 0xab, 0xcd, 0xab, 0xad, 0xa3, 0x8c, 0xa3, 0x6c, 0x9b,
    0x4c, 0x9b, 0x4c, 0x9b, 0x4c, 0x93, 0x2c, 0x93, 0x2c, 0x93, 0x4c, 0x93,
    0x6c, 0x93, 0x4c, 0x93, 0x2b, 0x8b, 0x4c, 0x8b, 0x4c, 0x93, 0x0b, 0x8b,
    0xca, 0x7a, 0xaa, 0x7a, 0xaa, 0x7a, 0x0b, 0x83, 0x4b, 0x83, 0x2c, 0x83,
    0x0b, 0x83, 0x0b, 0x7b, 0x0b, 0x83, 0x2a, 0x83, 0x2b, 0x7b, 0x0a, 0x83,
    0x4b, 0x83, 0x6c, 0x8b, 0x8c, 0x93, 0x6b, 0x8b, 0xcd, 0x9b, 0xac, 0x93,
    0x2b, 0x83, 0x0a, 0x7b, 0x0a, 0x83, 0x2a, 0x83, 0x09, 0x7b, 0xa8, 0x72,
    0x89, 0x6a, 0x88, 0x62, 0x0a, 0x83, 0x4b, 0x8b, 0x6b, 0x93, 0x8c, 0x93,
    0x2a, 0x83, 0x88, 0x6a, 0x88, 0x6a, 0x68, 0x62, 0x07, 0x52, 0x68, 0x62,
    0x27, 0x5a, 0x06, 0x52, 0xa8, 0x6a, 0x68, 0x6a, 0x48, 0x5a, 0xa8, 0x72,
    0x88, 0x6a, 0x07, 0x52, 0xa8, 0x6a, 0xa8, 0x62, 0xe6, 0x49, 0x6b, 0x8b,
    0x8f, 0xb4, 0xb0, 0xbc, 0x52, 0xcd, 0x11, 0xbd, 0xd0, 0xbc, 0x73, 0xcd,
    0x72, 0xcd, 0xd1, 0xb4, 0x4f, 0xac, 0x6e, 0xb4, 0x72, 0xcd, 0x72, 0xcd,
    0x31, 0xcd, 0xf0, 0xc4, 0x11, 0xc5, 0x93, 0xd5, 0x51, 0xcd, 0xef, 0xcc,
    0xf0, 0xcc, 0x4d, 0xb4, 0xcb, 0xa3, 0x0b, 0xbc, 0x2c, 0xb4, 0xae, 0xc4,
    0xec, 0xab, 0xd0, 0xc4, 0x77, 0xee, 0x72, 0xcd, 0x32, 0xc5, 0x36, 0xe6,
    0xf5, 0xdd, 0x77, 0xe6, 0x52, 0xcd, 0x36, 0xe6, 0x15, 0xde, 0x15, 0xde,
    0xf5, 0xdd, 0x36, 0xe6, 0x76, 0xee, 0xd5, 0xdd, 0x15, 0xe6, 0x16, 0xe6,
    0x76, 0xe6, 0x16, 0xe6, 0x56, 0xe6, 0x56, 0xe6, 0x36, 0xde, 0x98, 0xee,
    0xf9, 0xf6, 0x56, 0xe6, 0x77, 0xee, 0xd9, 0xf6, 0xb8, 0xee, 0xb8, 0xee,
    0xb8, 0xf6, 0x1a, 0xf7, 0x77, 0xee, 0xf9, 0xf6, 0x1a, 0xf7, 0xfa, 0xf6,
    0x1a, 0xf7, 0x5c, 0xff, 0x3b, 0xff, 0x5b, 0xff, 0x3c, 0xf7, 0x7c, 0xff,
    0x1a, 0xf7, 0x9d, 0xff, 0x1b, 0xf7, 0x1a, 0xf7, 0x1b, 0xf7, 0xda, 0xf6,
    0x1a, 0xf7, 0xfa, 0xf6, 0x1b, 0xf7, 0x57, 0xee, 0xfa, 0xf6, 0xda, 0xf6,
    0x57, 0xee, 0x53, 0xd5, 0xf2, 0xd4, 0x89, 0x6a, 0x69, 0x62, 0xec, 0x72,
    0x2e, 0x7b, 0x2d, 0x7b, 0xab, 0x5a, 0xc8, 0x39, 0x45, 0x29, 0x46, 0x31,
    0x25, 0x29, 0x25, 0x31, 0xc7, 0x49, 0x08, 0x62, 0xea, 0x82, 0x90, 0xc4,
    0x55, 0xf6, 0x14, 0xf6, 0x93, 0xdd, 0x15, 0xe6, 0x77, 0xe6, 0x77, 0xee,
    0x36, 0xe6, 0x36, 0xde, 0xf5, 0xdd, 0x32, 0xc5, 0x93, 0xd5, 0x77, 0xe6,
    0x77, 0xe6, 0x56, 0xe6, 0xf5, 0xd5, 0xb8, 0xf6, 0x77, 0xe6, 0xfa, 0xf6,
    0xf5, 0xdd, 0x36, 0xde, 0x77, 0xee, 0x77, 0xe6, 0xd9, 0xee, 0xf6, 0xdd,
    0xb3, 0xd5, 0xf5, 0xdd, 0x93, 0xdd, 0xd4, 0xd5, 0xd3, 0xdd, 0x76, 0xee,
    0x77, 0xee, 0x97, 0xee, 0x77, 0xee, 0x15, 0xe6, 0x36, 0xe6, 0x36, 0xe6,
    0xb1, 0xb4, 0xf2, 0xbc, 0x6e, 0xac, 0x4b, 0x83, 0x4f, 0xa4, 0xd0, 0xbc,
    0x8f, 0xb4, 0x6f, 0xb4, 0x72, 0xd5, 0xf4, 0xe5, 0xf4, 0xed, 0xd3, 0xed,
    0xd3, 0xe5, 0x14, 0xf6, 0x35, 0xf6, 0x76, 0xf6, 0x76, 0xf6, 0x55, 0xf6,
    0x55, 0xf6, 0x56, 0xf6, 0x55, 0xf6, 0x56, 0xf6, 0x77, 0xf6, 0xb9, 0xf6,
    0xd9, 0xf6, 0xba, 0xe6, 0x99, 0xde, 0x5c, 0xf7, 0x7e, 0xff, 0x5a, 0xd6,
    0xf7, 0xcd, 0x17, 0xce, 0xb6, 0xbd, 0x34, 0xb5, 0x91, 0x9c, 0x0f, 0x8c,
    0x8d, 0x83, 0x4c, 0x73, 0x6d, 0x7b, 0x54, 0xad, 0x3d, 0xef, 0x99, 0xde,
    0x30, 0x94, 0x8d, 0x83, 0x2f, 0x9c, 0x90, 0xac, 0xd1, 0xb4, 0x12, 0xbd,
    0x53, 0xcd, 0x94, 0xcd, 0xd4, 0xd5, 0xf5, 0xdd, 0x15, 0xde, 0x36, 0xe6,
    0x16, 0xe6, 0x35, 0xe6, 0x36, 0xe6, 0x16, 0xe6, 0x16, 0xde, 0x15, 0xde,
    0xf6, 0xdd, 0xf4, 0xdd, 0xd5, 0xd5, 0xd4, 0xd5, 0x94, 0xcd, 0x94, 0xcd,
    0x73, 0xc5, 0x53, 0xc5, 0x53, 0xc5, 0x53, 0xc5, 0x53, 0xc5, 0x33, 0xc5,
    0x33, 0xc5, 0x53, 0xc5, 0x34, 0xc5, 0x53, 0xc5, 0x53, 0xc5, 0x73, 0xcd,
    0x54, 0xc5, 0x74, 0xc5, 0x74, 0xc5, 0x94, 0xcd, 0x95, 0xcd, 0xb5, 0xcd,
    0xb5, 0xcd, 0xf6, 0xcd, 0xf7, 0xd5, 0x18, 0xd6, 0x58, 0xde, 0x79, 0xde,
    0xba, 0xe6, 0xba, 0xee, 0xfb, 0xe6, 0x1b, 0xf7, 0x3c, 0xf7, 0x5d, 0xf7,
    0x7d, 0xf7, 0x7d, 0xff, 0x14, 0xb5, 0x34, 0xbd, 0x34, 0xb5, 0x34, 0xb5,
    0x54, 0xbd, 0x54, 0xbd, 0x55, 0xbd, 0x55, 0xbd, 0x75, 0xbd, 0x75, 0xc5,
    0x75, 0xc5, 0x75, 0xbd, 0x95, 0xbd, 0x95, 0xc5, 0x75, 0xc5, 0x95, 0xc5,
    0x95, 0xc5, 0x95, 0xc5, 0xb6, 0xc5, 0x74, 0xc5, 0x12, 0xc5, 0x90, 0xb4,
    0x4f, 0xbc, 0x4e, 0xb4, 0x0e, 0xb4, 0xcd, 0xab, 0xad, 0xab, 0xad, 0xab,
    0x8d, 0xa3, 0x8c, 0x9b, 0x4c, 0x9b, 0x4c, 0x93, 0x2b, 0x93, 0x4b, 0x93,
    0x2b, 0x93, 0x0b, 0x8b, 0x0b, 0x8b, 0x4c, 0x8b, 0x4c, 0x93, 0xea, 0x82,
    0xaa, 0x7a, 0xaa, 0x7a, 0xca, 0x7a, 0xca, 0x7a, 0xca, 0x7a, 0xca, 0x7a,
    0xaa, 0x72, 0x89, 0x72, 0x89, 0x7a, 0xc9, 0x72, 0xc9, 0x72, 0xca, 0x7a,
    0x0a, 0x73, 0xc9, 0x7a, 0xea, 0x72, 0x2a, 0x83, 0x8c, 0x8b, 0x4b, 0x8b,
    0x2a, 0x83, 0xea, 0x7a, 0x88, 0x62, 0x68, 0x62, 0x48, 0x62, 0x68, 0x62,
    0xc9, 0x72, 0x2b, 0x8b, 0x0a, 0x83, 0x4b, 0x8b, 0x0a, 0x83, 0x48, 0x62,
    0x88, 0x6a, 0xc8, 0x72, 0x47, 0x5a, 0x27, 0x5a, 0xe9, 0x72, 0xc9, 0x72,
    0x88, 0x6a, 0xa9, 0x72, 0xa9, 0x72, 0x68, 0x62, 0xa9, 0x6a, 0x68, 0x62,
    0x88, 0x6a, 0xac, 0x9b, 0xac, 0x9b, 0x4e, 0xac, 0xb0, 0xbc, 0x12, 0xc5,
    0x90, 0xb4, 0xed, 0x9b, 0xcc, 0x9b, 0x0d, 0xa4, 0x11, 0xc5, 0xb4, 0xd5,
    0xd5, 0xdd, 0xf5, 0xdd, 0x15, 0xe6, 0xf4, 0xdd, 0xb4, 0xd5, 0xd5, 0xdd,
    0xb5, 0xd5, 0xf5, 0xdd, 0x73, 0xd5, 0x52, 0xcd, 0x52, 0xd5, 0xd3, 0xd5,
    0x31, 0xcd, 0xd0, 0xc4, 0x10, 0xcd, 0xaf, 0xcc, 0xaf, 0xc4, 0x4d, 0xbc,
    0xcb, 0xa3, 0x0c, 0xb4, 0x4d, 0xbc, 0x52, 0xcd, 0x58, 0xe6, 0xf1, 0xbc,
    0xf4, 0xdd, 0x16, 0xe6, 0xd4, 0xd5, 0x57, 0xe6, 0x73, 0xcd, 0x37, 0xe6,
    0x16, 0xe6, 0xf5, 0xdd, 0x15, 0xde, 0x56, 0xe6, 0xf5, 0xdd, 0x36, 0xe6,
    0x15, 0xe6, 0x15, 0xde, 0x56, 0xe6, 0xf5, 0xdd, 0xb8, 0xee, 0xf5, 0xdd,
    0x56, 0xe6, 0x98, 0xee, 0xd9, 0xee, 0x16, 0xe6, 0xd9, 0xee, 0x98, 0xee,
    0xf9, 0xf6, 0x98, 0xee, 0xf9, 0xf6, 0xd9, 0xee, 0xd9, 0xf6, 0xd9, 0xf6,
    0x5b, 0xff, 0xf9, 0xf6, 0x5b, 0xff, 0x3c, 0xff, 0x3b, 0xff, 0x3b, 0xff,
    0x5c, 0xff, 0x3b, 0xff, 0x3b, 0xf7, 0x9c, 0xff, 0xd9, 0xf6, 0x3b, 0xff,
    0x3b, 0xf7, 0xd9, 0xf6, 0x1a, 0xf7, 0x3b, 0xf7, 0x1a, 0xf7, 0x77, 0xee,
    0xd9, 0xf6, 0x78, 0xee, 0x54, 0xd5, 0xd2, 0xcc, 0x2f, 0xbc, 0xcb, 0x82,
    0x6c, 0x9b, 0x4c, 0x8b, 0x2c, 0x83, 0x4d, 0x8b, 0x8d, 0x93, 0xcd, 0x9b,
    0x0e, 0xac, 0xb1, 0xcc, 0x52, 0xdd, 0xd8, 0xf6, 0x15, 0xee, 0x14, 0xe6,
    0xd3, 0xe5, 0xf5, 0xdd, 0xd4, 0xdd, 0xb8, 0xee, 0xb8, 0xee, 0x15, 0xe6,
    0x94, 0xd5, 0x93, 0xd5, 0xb4, 0xd5, 0xd5, 0xd5, 0x57, 0xee, 0xb8, 0xf6,
    0xb8, 0xee, 0x98, 0xee, 0x98, 0xee, 0x19, 0xf7, 0xb8, 0xee, 0xd9, 0xee,
    0x98, 0xee, 0xd9, 0xf6, 0xb8, 0xee, 0xd9, 0xee, 0xb8, 0xee, 0x16, 0xde,
    0x77, 0xee, 0xf5, 0xdd, 0x93, 0xd5, 0x15, 0xe6, 0xd4, 0xdd, 0x97, 0xee,
    0x57, 0xe6, 0xb7, 0xee, 0x56, 0xee, 0xd4, 0xe5, 0x77, 0xee, 0xf9, 0xf6,
    0x36, 0xe6, 0xb4, 0xd5, 0xd0, 0xb4, 0xd1, 0xbc, 0x90, 0xbc, 0xf0, 0xbc,
    0xb0, 0xbc, 0xd0, 0xbc, 0x73, 0xdd, 0xd4, 0xe5, 0x72, 0xe5, 0x51, 0xdd,
    0x92, 0xe5, 0xd3, 0xed, 0xd3, 0xed, 0xd2, 0xed, 0xd3, 0xed, 0xf3, 0xf5,
    0x14, 0xf6, 0x35, 0xf6, 0x75, 0xf6, 0x56, 0xfe, 0x56, 0xf6, 0xb8, 0xf6,
    0x1a, 0xff, 0x3b, 0xf7, 0xfa, 0xee, 0x99, 0xe6, 0x38, 0xd6, 0xfb, 0xe6,
    0x9d, 0xf7, 0x9a, 0xde, 0x18, 0xce, 0xf7, 0xc5, 0x95, 0xbd, 0x34, 0xb5,
    0xd2, 0xa4, 0x71, 0x9c, 0xef, 0x8b, 0x8d, 0x83, 0x0c, 0x73, 0xae, 0x83,
    0xd8, 0xc5, 0xfc, 0xee, 0x76, 0xbd, 0xce, 0x8b, 0x0f, 0x9c, 0xb1, 0xb4,
    0xf2, 0xbc, 0x32, 0xc5, 0x73, 0xcd, 0xb4, 0xd5, 0xd5, 0xdd, 0xf5, 0xe5,
    0x15, 0xe6, 0x15, 0xe6, 0x35, 0xe6, 0x36, 0xe6, 0x35, 0xe6, 0x35, 0xe6,
    0x16, 0xde, 0x15, 0xde, 0x15, 0xde, 0xd5, 0xdd, 0xb4, 0xdd, 0xb4, 0xd5,
    0xb5, 0xcd, 0x94, 0xcd, 0x94, 0xcd, 0x74, 0xcd, 0x74, 0xcd, 0x74, 0xc5,
    0x54, 0xcd, 0x73, 0xc5, 0x74, 0xc5, 0x74, 0xcd, 0x74, 0xcd, 0x94, 0xcd,
    0x94, 0xcd, 0x94, 0xcd, 0x94, 0xcd, 0xb4, 0xcd, 0xb4, 0xcd, 0xb5, 0xcd,
    0xb5, 0xd5, 0xb5, 0xd5, 0xf5, 0xd5, 0xf6, 0xd5, 0x37, 0xde, 0x58, 0xd6,
    0x78, 0xde, 0x79, 0xe6, 0xda, 0xe6, 0xfa, 0xe6, 0xfb, 0xee, 0x1b, 0xf7,
    0x5c, 0xef, 0x5c, 0xf7, 0x7d, 0xf7, 0x14, 0xb5, 0x14, 0xbd, 0x33, 0xb5,
    0x54, 0xbd, 0x54, 0xbd, 0x54, 0xb5, 0x54, 0xbd, 0x55, 0xbd, 0x75, 0xbd,
    0x74, 0xbd, 0x75, 0xbd, 0x75, 0xc5, 0x75, 0xc5, 0x75, 0xc5, 0x95, 0xbd,
    0x95, 0xc5, 0x75, 0xc5, 0x95, 0xc5, 0xb5, 0xc5, 0xb6, 0xc5, 0x74, 0xc5,
    0xf1, 0xbc, 0x8f, 0xb4, 0x6f, 0xbc, 0x2f, 0xb4, 0x0e, 0xb4, 0xee, 0xab,
    0xcd, 0xab, 0xad, 0xa3, 0xad, 0xa3, 0x8c, 0x9b, 0x6c, 0x9b, 0x4c, 0x93,
    0x2b, 0x93, 0x2b, 0x8b, 0x2c, 0x8b, 0x4c, 0x93, 0x2c, 0x8b, 0xeb, 0x82,
    0xca, 0x7a, 0xca, 0x82, 0xca, 0x82, 0xaa, 0x7a, 0x89, 0x7a, 0x69, 0x72,
    0x68, 0x72, 0x69, 0x72, 0xa9, 0x72, 0x0b, 0x83, 0xad, 0x93, 0x0e, 0xa4,
    0x0e, 0xa4, 0x0e, 0xa4, 0x0e, 0xa4, 0x2e, 0xac, 0x2e, 0xac, 0x0e, 0xa4,
    0x8c, 0x93, 0x6b, 0x8b, 0xe9, 0x7a, 0xc9, 0x72, 0xc9, 0x72, 0x2b, 0x83,
    0x4b, 0x83, 0xc9, 0x72, 0x68, 0x62, 0x07, 0x52, 0x07, 0x52, 0x27, 0x5a,
    0x67, 0x62, 0x68, 0x62, 0x67, 0x6a, 0x0a, 0x83, 0xc9, 0x72, 0x88, 0x6a,
    0xc9, 0x7a, 0xc8, 0x72, 0x27, 0x5a, 0xc9, 0x7a, 0x09, 0x83, 0x88, 0x72,
    0xc9, 0x72, 0x47, 0x5a, 0x67, 0x6a, 0xc9, 0x72, 0xa8, 0x6a, 0xc9, 0x72,
    0x47, 0x62, 0xea, 0x72, 0xed, 0xa3, 0x11, 0xc5, 0x32, 0xc5, 0x90, 0xac,
    0x11, 0xbd, 0x73, 0xcd, 0x15, 0xe6, 0x56, 0xee, 0x56, 0xee, 0x36, 0xe6,
    0xf5, 0xdd, 0xd4, 0xdd, 0xf5, 0xdd, 0xd4, 0xdd, 0x35, 0xe6, 0x15, 0xe6,
    0x73, 0xcd, 0xb3, 0xdd, 0xd4, 0xdd, 0x72, 0xd5, 0x93, 0xdd, 0xaf, 0xc4,
    0x10, 0xcd, 0x32, 0xcd, 0xaf, 0xbc, 0x0c, 0xac, 0x4e, 0xb4, 0xd4, 0xdd,
    0xf5, 0xdd, 0x8f, 0xbc, 0x15, 0xe6, 0x16, 0xde, 0x94, 0xd5, 0x56, 0xe6,
    0x73, 0xcd, 0x36, 0xde, 0xf5, 0xe5, 0x97, 0xee, 0xb4, 0xd5, 0x56, 0xde,
    0xd4, 0xd5, 0x77, 0xee, 0xd5, 0xdd, 0xd5, 0xd5, 0x56, 0xe6, 0x36, 0xe6,
    0x97, 0xf6, 0xd5, 0xdd, 0x77, 0xe6, 0xb8, 0xee, 0x57, 0xe6, 0x37, 0xe6,
    0xd9, 0xf6, 0xb8, 0xee, 0xd9, 0xee, 0xb8, 0xee, 0x1a, 0xf7, 0xb9, 0xee,
    0xd9, 0xf6, 0xda, 0xf6, 0x3b, 0xf7, 0x1a, 0xf7, 0x7c, 0xff, 0x5c, 0xff,
    0x3b, 0xf7, 0x3b, 0xff, 0x9c, 0xff, 0x3b, 0xf7, 0x7c, 0xff, 0x3b, 0xf7,
    0xd9, 0xf6, 0x5c, 0xff, 0xb9, 0xee, 0x1a, 0xf7, 0xb9, 0xee, 0xfa, 0xf6,
    0xd9, 0xee, 0x37, 0xe6, 0xd9, 0xf6, 0xb5, 0xdd, 0x50, 0xc4, 0xd2, 0xcc,
    0x0e, 0xbc, 0xce, 0xb3, 0x90, 0xc4, 0xf1, 0xcc, 0x12, 0xd5, 0x74, 0xdd,
    0x74, 0xdd, 0x33, 0xd5, 0xd4, 0xdd, 0x53, 0xd5, 0xb5, 0xdd, 0xf5, 0xdd,
    0xf6, 0xe5, 0x77, 0xe6, 0x77, 0xee, 0x57, 0xe6, 0xf6, 0xe5, 0x15, 0xe6,
    0x16, 0xe6, 0x36, 0xe6, 0x78, 0xee, 0xb7, 0xee, 0xb8, 0xf6, 0xb8, 0xee,
    0xb9, 0xee, 0x1a, 0xf7, 0xf9, 0xf6, 0xd9, 0xee, 0x98, 0xee, 0xd9, 0xee,
    0x1a, 0xef, 0x5b, 0xff, 0xd9, 0xee, 0xd9, 0xf6, 0xd9, 0xee, 0xd9, 0xee,
    0x77, 0xe6, 0x93, 0xd5, 0x93, 0xd5, 0xf4, 0xdd, 0xf5, 0xdd, 0x77, 0xee,
    0x77, 0xee, 0x77, 0xee, 0xb3, 0xdd, 0xf4, 0xe5, 0x57, 0xee, 0xd8, 0xf6,
    0xd4, 0xcd, 0x4f, 0xac, 0xf1, 0xbc, 0x0e, 0x9c, 0xee, 0x93, 0xb0, 0xbc,
    0x10, 0xc5, 0x10, 0xcd, 0x93, 0xdd, 0xb3, 0xe5, 0x31, 0xdd, 0x30, 0xdd,
    0x0f, 0xdd, 0xcf, 0xdc, 0x0f, 0xdd, 0x10, 0xe5, 0x30, 0xe5, 0x71, 0xed,
    0xd3, 0xed, 0xf4, 0xf5, 0x14, 0xf6, 0x14, 0xf6, 0x15, 0xf6, 0x96, 0xf6,
    0x19, 0xff, 0x5b, 0xff, 0x3b, 0xff, 0x1b, 0xf7, 0xb9, 0xe6, 0x37, 0xd6,
    0xd7, 0xcd, 0xba, 0xe6, 0x5d, 0xf7, 0xf9, 0xc5, 0x34, 0xb5, 0x75, 0xbd,
    0x55, 0xb5, 0x55, 0xb5, 0x14, 0xad, 0xd2, 0xa4, 0x51, 0x9c, 0xce, 0x8b,
    0x4c, 0x7b, 0x0b, 0x6b, 0x30, 0x94, 0x79, 0xde, 0x79, 0xe6, 0x71, 0xa4,
    0x0e, 0x9c, 0xd1, 0xb4, 0x32, 0xc5, 0x73, 0xcd, 0x94, 0xd5, 0xb4, 0xdd,
    0xf5, 0xdd, 0x15, 0xde, 0x16, 0xe6, 0x16, 0xe6, 0x36, 0xe6, 0x16, 0xe6,
    0x16, 0xe6, 0x16, 0xe6, 0x15, 0xe6, 0x16, 0xde, 0xf6, 0xdd, 0xf5, 0xdd,
    0xd5, 0xd5, 0xd4, 0xd5, 0x95, 0xd5, 0x94, 0xd5, 0xb4, 0xcd, 0x94, 0xcd,
    0x94, 0xcd, 0xb4, 0xcd, 0xb4, 0xcd, 0x94, 0xcd, 0xb4, 0xd5, 0xb4, 0xcd,
    0xb4, 0xd5, 0xb4, 0xd5, 0xb4, 0xd5, 0xb4, 0xd5, 0xb4, 0xd5, 0xb4, 0xd5,
    0xb5, 0xd5, 0xd5, 0xcd, 0xf5, 0xcd, 0xd6, 0xd5, 0xf6, 0xd5, 0x17, 0xd6,
    0x37, 0xde, 0x78, 0xde, 0x99, 0xde, 0xba, 0xe6, 0xda, 0xee, 0xfb, 0xee,
    0x1b, 0xef, 0x3c, 0xef, 0x5c, 0xf7, 0x5d, 0xf7, 0x33, 0xb5, 0x34, 0xb5,
    0x34, 0xbd, 0x34, 0xbd, 0x34, 0xbd, 0x54, 0xbd, 0x54, 0xbd, 0x74, 0xbd,
    0x55, 0xc5, 0x75, 0xbd, 0x95, 0xc5, 0x95, 0xbd, 0x75, 0xbd, 0x95, 0xc5,
    0x95, 0xbd, 0x95, 0xbd, 0x95, 0xbd, 0x96, 0xc5, 0x95, 0xbd, 0x96, 0xc5,
    0xb5, 0xcd, 0x54, 0xc5, 0xd1, 0xbc, 0x70, 0xb4, 0x4f, 0xbc, 0x4e, 0xbc,
    0x0e, 0xb4, 0xee, 0xab, 0xcd, 0xab, 0xcd, 0xab, 0xad, 0xa3, 0x8c, 0xa3,
    0x6c, 0x9b, 0x2c, 0x93, 0x4c, 0x93, 0x4c, 0x93, 0x0b, 0x8b, 0xea, 0x82,
    0xea, 0x82, 0xca, 0x82, 0xcb, 0x82, 0xca, 0x82, 0xca, 0x7a, 0xca, 0x7a,
    0xea, 0x7a, 0xea, 0x7a, 0x2b, 0x83, 0xcd, 0x93, 0x0e, 0xa4, 0xed, 0xa3,
    0xad, 0x93, 0xed, 0xa3, 0x2e, 0xa4, 0x4f, 0xac, 0x8f, 0xb4, 0x8f, 0xb4,
    0x4e, 0xac, 0x0e, 0xa4, 0x4b, 0x83, 0xa9, 0x72, 0x0a, 0x83, 0x4b, 0x83,
    0x88, 0x62, 0x07, 0x52, 0xa8, 0x72, 0xc9, 0x7a, 0xa9, 0x72, 0xa8, 0x6a,
    0x88, 0x72, 0xc8, 0x7a, 0xe9, 0x7a, 0xa9, 0x72, 0xc9, 0x72, 0x68, 0x6a,
    0x88, 0x6a, 0x47, 0x62, 0xc9, 0x7a, 0xe9, 0x7a, 0x27, 0x52, 0x27, 0x5a,
    0xc9, 0x7a, 0xa8, 0x72, 0xa8, 0x72, 0x88, 0x6a, 0x67, 0x62, 0x06, 0x52,
    0x07, 0x52, 0x2a, 0x83, 0xcc, 0x93, 0x8c, 0x93, 0x6f, 0xa4, 0x73, 0xcd,
    0xb3, 0xdd, 0x93, 0xd5, 0xf1, 0xbc, 0x4f, 0xac, 0x2e, 0x9c, 0x6f, 0xac,
    0xd0, 0xbc, 0x72, 0xcd, 0x93, 0xd5, 0xd4, 0xd5, 0xf4, 0xdd, 0xb4, 0xd5,
    0x73, 0xcd, 0x36, 0xe6, 0x36, 0xe6, 0xd5, 0xdd, 0xd4, 0xd5, 0xf1, 0xcc,
    0xaf, 0xbc, 0x31, 0xcd, 0xd4, 0xdd, 0xb4, 0xd5, 0x73, 0xcd, 0xb3, 0xdd,
    0x8f, 0xb4, 0xf5, 0xdd, 0xf5, 0xd5, 0x93, 0xd5, 0x16, 0xde, 0x15, 0xde,
    0x73, 0xd5, 0x56, 0xee, 0x73, 0xcd, 0xb4, 0xd5, 0xf5, 0xdd, 0x98, 0xee,
    0x16, 0xde, 0xf5, 0xdd, 0xd4, 0xd5, 0x98, 0xf6, 0xd4, 0xd5, 0xd5, 0xdd,
    0x77, 0xee, 0x36, 0xe6, 0x36, 0xe6, 0x36, 0xe6, 0x98, 0xee, 0x77, 0xee,
    0x36, 0xe6, 0x97, 0xee, 0xb8, 0xee, 0xfa, 0xf6, 0x98, 0xee, 0x1a, 0xf7,
    0x98, 0xee, 0x3a, 0xff, 0xd9, 0xf6, 0x1a, 0xf7, 0x1a, 0xf7, 0x5b, 0xf7,
    0x5b, 0xff, 0x5b, 0xff, 0x1a, 0xf7, 0x5c, 0xff, 0x5c, 0xff, 0x3c, 0xff,
    0x9d, 0xff, 0x1a, 0xff, 0xda, 0xee, 0x5b, 0xff, 0xd9, 0xf6, 0x3b, 0xff,
    0xd9, 0xee, 0xb9, 0xee, 0xfa, 0xfe, 0x16, 0xe6, 0x15, 0xde, 0xf2, 0xd4,
    0x4f, 0xbc, 0xf2, 0xcc, 0x0f, 0xb4, 0x71, 0xc4, 0x12, 0xd5, 0xd5, 0xdd,
    0x37, 0xe6, 0x16, 0xde, 0x77, 0xee, 0x58, 0xe6, 0x16, 0xe6, 0x16, 0xe6,
    0x57, 0xe6, 0x77, 0xee, 0x57, 0xe6, 0x36, 0xde, 0x36, 0xe6, 0x16, 0xde,
    0xb5, 0xd5, 0xd5, 0xdd, 0x56, 0xe6, 0x77, 0xe6, 0xb8, 0xee, 0xb9, 0xee,
    0xf9, 0xf6, 0x1a, 0xf7, 0xf9, 0xf6, 0xb8, 0xee, 0x1a, 0xf7, 0x1a, 0xff,
    0x3a, 0xf7, 0x5b, 0xff, 0xd8, 0xee, 0xb8, 0xee, 0xfa, 0xf6, 0xd9, 0xee,
    0x36, 0xe6, 0x15, 0xe6, 0xd4, 0xdd, 0x36, 0xe6, 0xd9, 0xf6, 0xb8, 0xee,
    0x56, 0xee, 0xb3, 0xdd, 0x93, 0xdd, 0x15, 0xe6, 0x56, 0xee, 0x76, 0xee,
    0x53, 0xcd, 0x73, 0xcd, 0xf5, 0xd5, 0x6f, 0xac, 0xf0, 0xc4, 0x31, 0xcd,
    0x93, 0xdd, 0xb3, 0xe5, 0x92, 0xdd, 0xd3, 0xe5, 0x71, 0xdd, 0x0f, 0xd5,
    0x8e, 0xcc, 0x8e, 0xcc, 0xaf, 0xd4, 0xf0, 0xdc, 0x50, 0xe5, 0x92, 0xed,
    0xd2, 0xf5, 0xf3, 0xf5, 0xd3, 0xed, 0xf3, 0xf5, 0xf4, 0xf5, 0x15, 0xee,
    0xb8, 0xfe, 0x3b, 0xff, 0x5b, 0xff, 0x5c, 0xff, 0x3b, 0xf7, 0xb9, 0xe6,
    0x38, 0xd6, 0xf6, 0xcd, 0xb6, 0xbd, 0x99, 0xde, 0x5d, 0xef, 0xf5, 0xac,
    0xef, 0x8b, 0x71, 0x9c, 0xb2, 0xa4, 0xd3, 0xa4, 0xd3, 0xa4, 0x91, 0x9c,
    0x10, 0x94, 0x0f, 0x94, 0xce, 0x8b, 0x6c, 0x7b, 0x6d, 0x7b, 0x96, 0xbd,
    0xfb, 0xee, 0x74, 0xbd, 0x2f, 0x9c, 0xf1, 0xbc, 0x52, 0xcd, 0x93, 0xcd,
    0xd4, 0xd5, 0xf5, 0xdd, 0xf5, 0xdd, 0x15, 0xe6, 0x36, 0xe6, 0x16, 0xe6,
    0x36, 0xe6, 0x36, 0xe6, 0x36, 0xe6, 0x36, 0xe6, 0x35, 0xe6, 0xf5, 0xe5,
    0xf6, 0xdd, 0xf5, 0xdd, 0xd5, 0xdd, 0xf5, 0xdd, 0xf4, 0xdd, 0xd4, 0xd5,
    0xd5, 0xd5, 0xd5, 0xd5, 0xb4, 0xdd, 0xb4, 0xd5, 0xd5, 0xdd, 0xd5, 0xdd,
    0xd5, 0xd5, 0xd5, 0xd5, 0xd5, 0xdd, 0xd4, 0xdd, 0xd5, 0xdd, 0xd5, 0xdd,
    0xd5, 0xd5, 0xd5, 0xdd, 0xf5, 0xd5, 0xf5, 0xd5, 0xd6, 0xd5, 0x16, 0xd6,
    0x17, 0xd6, 0x37, 0xde, 0x58, 0xde, 0x78, 0xde, 0x99, 0xe6, 0xda, 0xe6,
    0xfa, 0xe6, 0xfb, 0xee, 0x3c, 0xef, 0x3c, 0xf7, 0x5c, 0xf7, 0x34, 0xb5,
    0x33, 0xb5, 0x34, 0xb5, 0x34, 0xbd, 0x54, 0xb5, 0x54, 0xbd, 0x75, 0xbd,
    0x75, 0xbd, 0x75, 0xbd, 0x75, 0xc5, 0x75, 0xc5, 0x75, 0xbd, 0x95, 0xc5,
    0x95, 0xbd, 0x75, 0xc5, 0x95, 0xc5, 0x95, 0xc5, 0x95, 0xc5, 0x96, 0xc5,
    0x95, 0xc5, 0x96, 0xc5, 0x95, 0xcd, 0x33, 0xc5, 0xb0, 0xbc, 0x6f, 0xb4,
    0x6f, 0xb4, 0x4e, 0xb4, 0x0e, 0xb4, 0xce, 0xab, 0xcd, 0xa3, 0xcd, 0xa3,
    0xcd, 0xa3, 0xad, 0x9b, 0x8d, 0x9b, 0x8d, 0x93, 0x6c, 0x93, 0x0c, 0x8b,
    0x0b, 0x8b, 0xeb, 0x82, 0xca, 0x82, 0xaa, 0x7a, 0xaa, 0x7a, 0x89, 0x72,
    0xaa, 0x7a, 0x2c, 0x83, 0x8d, 0x93, 0xcd, 0x9b, 0xad, 0x93, 0x6c, 0x93,
    0x8c, 0x8b, 0x2e, 0xa4, 0x90, 0xb4, 0x4e, 0xa4, 0xcd, 0x9b, 0xed, 0x9b,
    0x0d, 0x9c, 0xcd, 0x9b, 0x6b, 0x83, 0x4b, 0x8b, 0x4b, 0x8b, 0xca, 0x72,
    0x89, 0x6a, 0xc9, 0x72, 0xa9, 0x72, 0x68, 0x62, 0x88, 0x6a, 0xa8, 0x72,
    0x88, 0x6a, 0xa8, 0x6a, 0x47, 0x62, 0x47, 0x62, 0x68, 0x6a, 0xa8, 0x72,
    0x68, 0x62, 0x47, 0x5a, 0x88, 0x6a, 0x48, 0x62, 0xc9, 0x72, 0xaa, 0x9b,
    0xc9, 0x72, 0x88, 0x6a, 0x09, 0x8b, 0x4a, 0x8b, 0x27, 0x52, 0x48, 0x5a,
    0xc9, 0x72, 0xe9, 0x82, 0xa9, 0x6a, 0xc9, 0x72, 0x09, 0x7b, 0xe9, 0x72,
    0xa8, 0x72, 0x2b, 0x7b, 0xcc, 0x93, 0x11, 0xbd, 0x52, 0xd5, 0xf0, 0xc4,
    0x15, 0xe6, 0xb8, 0xf6, 0xd4, 0xdd, 0x52, 0xc5, 0x73, 0xd5, 0x94, 0xcd,
    0xf5, 0xdd, 0xd4, 0xdd, 0x52, 0xcd, 0x93, 0xd5, 0xb4, 0xd5, 0xf4, 0xdd,
    0x57, 0xee, 0x16, 0xe6, 0x15, 0xde, 0x93, 0xd5, 0x56, 0xe6, 0xd4, 0xdd,
    0xd0, 0xbc, 0x15, 0xe6, 0x93, 0xd5, 0x72, 0xcd, 0xf5, 0xd5, 0xb4, 0xd5,
    0xf5, 0xdd, 0xb4, 0xd5, 0x93, 0xd5, 0x57, 0xe6, 0x53, 0xcd, 0xf5, 0xdd,
    0x16, 0xde, 0xb4, 0xd5, 0x97, 0xee, 0xb4, 0xd5, 0xd4, 0xd5, 0x77, 0xee,
    0xd4, 0xd5, 0x36, 0xde, 0x57, 0xe6, 0x16, 0xde, 0x36, 0xe6, 0x97, 0xee,
    0x78, 0xe6, 0x36, 0xe6, 0x57, 0xe6, 0xb8, 0xee, 0xb8, 0xf6, 0xf9, 0xf6,
    0xd9, 0xf6, 0xb8, 0xee, 0xf9, 0xf6, 0x1a, 0xf7, 0xd9, 0xf6, 0x1a, 0xf7,
    0x3b, 0xff, 0x1a, 0xf7, 0x7d, 0xff, 0x3b, 0xff, 0x3b, 0xff, 0x7c, 0xff,
    0x3b, 0xff, 0x5b, 0xff, 0x9c, 0xff, 0xfa, 0xf6, 0xda, 0xee, 0x1a, 0xf7,
    0xd9, 0xf6, 0x5c, 0xff, 0x1a, 0xff, 0xb9, 0xee, 0x78, 0xe6, 0xb5, 0xdd,
    0x95, 0xdd, 0xf2, 0xcc, 0xb1, 0xcc, 0xb1, 0xc4, 0xd2, 0xc4, 0x95, 0xdd,
    0xb5, 0xdd, 0x95, 0xdd, 0x37, 0xe6, 0x77, 0xee, 0x37, 0xe6, 0x78, 0xee,
    0x78, 0xe6, 0x57, 0xe6, 0x57, 0xe6, 0x78, 0xee, 0x98, 0xee, 0x57, 0xe6,
    0x57, 0xe6, 0x57, 0xee, 0xb9, 0xee, 0xd8, 0xee, 0xf9, 0xf6, 0x1a, 0xf7,
    0x1a, 0xf7, 0x3a, 0xff, 0xf9, 0xf6, 0xda, 0xee, 0x3a, 0xf7, 0x1a, 0xf7,
    0x3b, 0xf7, 0x3a, 0xff, 0xb8, 0xee, 0xfa, 0xf6, 0x3a, 0xf7, 0xb9, 0xee,
    0xb8, 0xf6, 0xf9, 0xf6, 0x77, 0xe6, 0xd9, 0xf6, 0xd9, 0xee, 0x77, 0xe6,
    0x35, 0xe6, 0x52, 0xcd, 0xb4, 0xdd, 0x76, 0xee, 0x36, 0xee, 0x97, 0xee,
    0xb8, 0xee, 0xb8, 0xf6, 0x57, 0xe6, 0xf6, 0xdd, 0x16, 0xde, 0x36, 0xe6,
    0xf4, 0xe5, 0xd4, 0xdd, 0xd4, 0xe5, 0xd4, 0xe5, 0x92, 0xdd, 0x31, 0xd5,
    0x31, 0xdd, 0xb2, 0xe5, 0xf4, 0xed, 0xf3, 0xed, 0xb2, 0xe5, 0x71, 0xe5,
    0x51, 0xe5, 0x71, 0xe5, 0x71, 0xe5, 0xb2, 0xed, 0xf4, 0xf5, 0x55, 0xf6,
    0x77, 0xf6, 0xf9, 0xf6, 0x3b, 0xff, 0x5b, 0xff, 0x7c, 0xff, 0x1b, 0xf7,
    0xda, 0xee, 0x79, 0xde, 0x37, 0xce, 0xb6, 0xbd, 0x34, 0xb5, 0x78, 0xd6,
    0x7d, 0xef, 0x74, 0x9c, 0x4c, 0x73, 0x8d, 0x83, 0xcf, 0x8b, 0x10, 0x8c,
    0x0f, 0x8c, 0xef, 0x8b, 0xef, 0x8b, 0x0f, 0x94, 0x30, 0x94, 0x0f, 0x8c,
    0xad, 0x8b, 0xf2, 0xac, 0xfc, 0xee, 0x17, 0xde, 0x70, 0xa4, 0x12, 0xbd,
    0x73, 0xcd, 0x94, 0xd5, 0xd4, 0xdd, 0xf5, 0xdd, 0x15, 0xe6, 0x35, 0xe6,
    0x36, 0xe6, 0x36, 0xe6, 0x36, 0xe6, 0x36, 0xe6, 0x36, 0xe6, 0x36, 0xe6,
    0x36, 0xe6, 0x15, 0xe6, 0x15, 0xe6, 0x16, 0xde, 0x15, 0xde, 0xf5, 0xdd,
    0xf6, 0xe5, 0xf5, 0xdd, 0xf5, 0xdd, 0xf5, 0xe5, 0xd5, 0xdd, 0xf5, 0xdd,
    0xf5, 0xe5, 0xf5, 0xdd, 0x16, 0xde, 0xf5, 0xe5, 0xf5, 0xdd, 0xf6, 0xdd,
    0xd5, 0xdd, 0xf5, 0xdd, 0xf5, 0xdd, 0xd6, 0xdd, 0xf6, 0xd5, 0x16, 0xde,
    0xf6, 0xdd, 0x16, 0xde, 0x37, 0xde, 0x58, 0xde, 0x78, 0xde, 0x99, 0xe6,
    0xb9, 0xe6, 0xfa, 0xe6, 0xdb, 0xee, 0x1b, 0xef, 0x3b, 0xf7, 0x3c, 0xf7,
    0x34, 0xb5, 0x14, 0xbd, 0x33, 0xbd, 0x54, 0xbd, 0x54, 0xbd, 0x54, 0xbd,
    0x55, 0xbd, 0x55, 0xc5, 0x74, 0xbd, 0x75, 0xc5, 0x75, 0xbd, 0x95, 0xc5,
    0x75, 0xc5, 0x95, 0xc5, 0x75, 0xc5, 0x96, 0xc5, 0xb5, 0xc5, 0x95, 0xbd,
    0x95, 0xc5, 0x95, 0xc5, 0xb5, 0xc5, 0xd6, 0xc5, 0x95, 0xc5, 0x32, 0xc5,
    0xb0, 0xbc, 0x6f, 0xb4, 0x6f, 0xbc, 0x2e, 0xb4, 0x0e, 0xac, 0xee, 0xab,
    0xcd, 0xa3, 0xad, 0xa3, 0xee, 0xa3, 0xee, 0xa3, 0xcd, 0x9b, 0x8c, 0x9b,
    0x6c, 0x93, 0x4c, 0x93, 0x0b, 0x8b, 0xea, 0x82, 0xca, 0x82, 0xaa, 0x7a,
    0xa9, 0x72, 0xca, 0x7a, 0x4c, 0x83, 0x8d, 0x93, 0xad, 0x93, 0x2e, 0xa4,
    0x6f, 0xac, 0x4f, 0xac, 0x0e, 0x9c, 0x8c, 0x93, 0xad, 0x93, 0xcd, 0x9b,
    0xed, 0x9b, 0x8d, 0x93, 0x4c, 0x8b, 0xac, 0x93, 0x4b, 0x83, 0x2a, 0x83,
    0x0a, 0x7b, 0xc9, 0x7a, 0xc8, 0x72, 0xc9, 0x7a, 0xea, 0x7a, 0x88, 0x6a,
    0x68, 0x62, 0x88, 0x6a, 0xa9, 0x6a, 0x27, 0x5a, 0x47, 0x5a, 0x68, 0x5a,
    0x47, 0x62, 0xa8, 0x72, 0xa8, 0x72, 0xa8, 0x72, 0xc9, 0x72, 0x88, 0x6a,
    0x88, 0x6a, 0xe9, 0x82, 0x88, 0x6a, 0x68, 0x62, 0xc9, 0x72, 0xc9, 0x7a,
    0x0a, 0x83, 0xa8, 0x72, 0x88, 0x6a, 0x6b, 0x8b, 0xed, 0xa3, 0x4e, 0xb4,
    0x6e, 0xbc, 0xf0, 0xc4, 0x4e, 0xb4, 0x52, 0xcd, 0x11, 0xbd, 0xb4, 0xd5,
    0x56, 0xee, 0x32, 0xc5, 0xf1, 0xbc, 0xb3, 0xd5, 0xf5, 0xdd, 0xb4, 0xd5,
    0xd4, 0xdd, 0xd4, 0xdd, 0x16, 0xde, 0x35, 0xe6, 0x56, 0xee, 0x15, 0xde,
    0xd4, 0xd5, 0xf4, 0xe5, 0xb4, 0xd5, 0x73, 0xd5, 0xd4, 0xdd, 0xb4, 0xdd,
    0x36, 0xe6, 0x56, 0xee, 0x73, 0xd5, 0x15, 0xde, 0xb4, 0xdd, 0x32, 0xcd,
    0xf5, 0xdd, 0x94, 0xd5, 0x73, 0xcd, 0xf4, 0xdd, 0xd4, 0xd5, 0xf5, 0xdd,
    0x94, 0xcd, 0x15, 0xde, 0xd5, 0xd5, 0xb5, 0xd5, 0x57, 0xe6, 0xb4, 0xd5,
    0xf5, 0xdd, 0xd4, 0xd5, 0xd5, 0xdd, 0x15, 0xe6, 0x16, 0xe6, 0x36, 0xde,
    0x16, 0xde, 0x98, 0xee, 0x57, 0xe6, 0x36, 0xe6, 0x57, 0xe6, 0x98, 0xee,
    0xd9, 0xee, 0xd9, 0xf6, 0xfa, 0xf6, 0x98, 0xee, 0x1a, 0xf7, 0xf9, 0xf6,
    0xd9, 0xf6, 0x5b, 0xff, 0x3b, 0xf7, 0x1b, 0xff, 0x5c, 0xff, 0x3b, 0xf7,
    0x3b, 0xf7, 0x5b, 0xff, 0x1a, 0xf7, 0x7d, 0xff, 0x9d, 0xff, 0xda, 0xf6,
    0xfa, 0xf6, 0xda, 0xf6, 0xd9, 0xf6, 0x5c, 0xf7, 0xfa, 0xf6, 0xb9, 0xee,
    0xb5, 0xdd, 0x13, 0xd5, 0x33, 0xd5, 0x50, 0xc4, 0xf2, 0xd4, 0xd1, 0xcc,
    0xf3, 0xcc, 0x36, 0xe6, 0x78, 0xee, 0x37, 0xe6, 0x57, 0xe6, 0x78, 0xee,
    0x78, 0xe6, 0x58, 0xee, 0x57, 0xee, 0x36, 0xe6, 0x16, 0xde, 0x16, 0xde,
    0x57, 0xde, 0x97, 0xee, 0xf9, 0xf6, 0xf9, 0xf6, 0xfa, 0xf6, 0x1a, 0xf7,
    0x1a, 0xff, 0x1a, 0xf7, 0xfa, 0xf6, 0x3b, 0xff, 0x3a, 0xff, 0x1a, 0xf7,
    0x5b, 0xff, 0x1a, 0xf7, 0xd9, 0xf6, 0x3a, 0xff, 0x3a, 0xff, 0xfa, 0xf6,
    0x3a, 0xff, 0x5b, 0xff, 0xd9, 0xee, 0x98, 0xee, 0x77, 0xe6, 0x77, 0xe6,
    0x57, 0xe6, 0xb4, 0xd5, 0xd4, 0xdd, 0xb8, 0xf6, 0xd8, 0xee, 0xf9, 0xf6,
    0xb8, 0xee, 0x57, 0xe6, 0x36, 0xe6, 0xf5, 0xdd, 0x93, 0xcd, 0x52, 0xd5,
    0x32, 0xcd, 0x51, 0xcd, 0x31, 0xd5, 0xd0, 0xcc, 0xcf, 0xcc, 0x10, 0xd5,
    0x92, 0xe5, 0x72, 0xdd, 0x10, 0xd5, 0xae, 0xd4, 0xce, 0xd4, 0xef, 0xdc,
    0x30, 0xdd, 0x30, 0xe5, 0x51, 0xe5, 0xd3, 0xed, 0x35, 0xf6, 0x76, 0xf6,
    0xd8, 0xfe, 0x3a, 0xff, 0x3b, 0xff, 0x5c, 0xff, 0x7c, 0xff, 0x5c, 0xf7,
    0x3b, 0xf7, 0xfb, 0xee, 0xb9, 0xe6, 0x18, 0xce, 0x74, 0xbd, 0xd2, 0xa4,
    0x72, 0x9c, 0x38, 0xd6, 0x5e, 0xef, 0x52, 0x94, 0x2c, 0x73, 0xae, 0x83,
    0xad, 0x8b, 0x8d, 0x7b, 0x4c, 0x73, 0x4c, 0x7b, 0x8d, 0x7b, 0xce, 0x8b,
    0x0f, 0x94, 0x50, 0x9c, 0xee, 0x93, 0x91, 0x9c, 0xdb, 0xe6, 0xb9, 0xe6,
    0xb1, 0xb4, 0x32, 0xc5, 0x93, 0xd5, 0xd4, 0xdd, 0xf5, 0xe5, 0xf5, 0xe5,
    0x15, 0xe6, 0x35, 0xe6, 0x35, 0xe6, 0x36, 0xee, 0x36, 0xe6, 0x36, 0xe6,
    0x36, 0xee, 0x36, 0xe6, 0x55, 0xe6, 0x36, 0xe6, 0x16, 0xe6, 0x15, 0xe6,
    0x15, 0xe6, 0x16, 0xe6, 0x15, 0xe6, 0x15, 0xe6, 0x15, 0xe6, 0x36, 0xe6,
    0x36, 0xe6, 0x36, 0xe6, 0x15, 0xe6, 0x15, 0xe6, 0x16, 0xe6, 0x15, 0xde,
    0x15, 0xe6, 0x15, 0xde, 0x16, 0xde, 0x15, 0xde, 0x16, 0xde, 0xf6, 0xdd,
    0xf6, 0xdd, 0x36, 0xde, 0x17, 0xde, 0x37, 0xde, 0x57, 0xde, 0x78, 0xe6,
    0x79, 0xde, 0xb9, 0xe6, 0xba, 0xee, 0xfb, 0xee, 0x1b, 0xef, 0x1c, 0xef,
    0x3c, 0xf7, 0x34, 0xb5, 0x34, 0xb5, 0x34, 0xb5, 0x54, 0xbd, 0x54, 0xbd,
    0x54, 0xbd, 0x75, 0xbd, 0x75, 0xbd, 0x74, 0xc5, 0x75, 0xbd, 0x75, 0xc5,
    0x95, 0xbd, 0x95, 0xc5, 0x95, 0xc5, 0x95, 0xbd, 0x95, 0xbd, 0x95, 0xc5,
    0xb5, 0xc5, 0x95, 0xc5, 0x95, 0xc5, 0xb6, 0xc5, 0x95, 0xc5, 0xb6, 0xcd,
    0x95, 0xc5, 0x33, 0xc5, 0xd0, 0xbc, 0x6f, 0xbc, 0x6f, 0xb4, 0x2e, 0xb4,
    0x0e, 0xac, 0xce, 0xab, 0xee, 0xa3, 0xee, 0xa3, 0x2e, 0xac, 0x0e, 0xac,
    0xcd, 0x9b, 0x8d, 0x93, 0x6c, 0x93, 0x6c, 0x93, 0x2b, 0x8b, 0xeb, 0x82,
    0xea, 0x82, 0xea, 0x82, 0xea, 0x82, 0xca, 0x7a, 0xa9, 0x72, 0xea, 0x7a,
    0x4c, 0x83, 0x6c, 0x8b, 0xad, 0x93, 0xed, 0xa3, 0x2e, 0xa4, 0x4f, 0xac,
    0x0e, 0xa4, 0xed, 0x9b, 0x8c, 0x8b, 0xcd, 0x9b, 0xac, 0x93, 0x2b, 0x83,
    0xea, 0x7a, 0xc9, 0x72, 0xe9, 0x7a, 0xa9, 0x72, 0x48, 0x62, 0x48, 0x5a,
    0xe9, 0x7a, 0x09, 0x7b, 0xe9, 0x7a, 0xc9, 0x7a, 0x0a, 0x83, 0xc9, 0x72,
    0x47, 0x5a, 0x88, 0x72, 0xc9, 0x7a, 0xc9, 0x72, 0xc8, 0x7a, 0xc8, 0x7a,
    0xc9, 0x7a, 0xa8, 0x72, 0xc9, 0x7a, 0x48, 0x62, 0x88, 0x6a, 0x47, 0x62,
    0x27, 0x52, 0x27, 0x52, 0xa8, 0x72, 0xc9, 0x7a, 0xe9, 0x7a, 0x47, 0x62,
    0x07, 0x5a, 0x68, 0x6a, 0x4b, 0x83, 0x4b, 0x83, 0xac, 0x93, 0xd0, 0xbc,
    0x2d, 0xac, 0xac, 0x93, 0x11, 0xbd, 0xb4, 0xcd, 0xf1, 0xc4, 0x32, 0xc5,
    0xd4, 0xd5, 0xb3, 0xdd, 0xd4, 0xdd, 0xf5, 0xdd, 0x15, 0xde, 0xb4, 0xdd,
    0x36, 0xe6, 0x15, 0xe6, 0x93, 0xd5, 0xd5, 0xdd, 0x76, 0xe6, 0x52, 0xcd,
    0xb3, 0xd5, 0xd4, 0xdd, 0x15, 0xde, 0xb4, 0xd5, 0xd4, 0xdd, 0x94, 0xd5,
    0x94, 0xcd, 0xb3, 0xd5, 0xf5, 0xdd, 0xd5, 0xd5, 0xb4, 0xd5, 0x94, 0xcd,
    0x16, 0xde, 0xb4, 0xd5, 0x36, 0xe6, 0xf4, 0xdd, 0x36, 0xe6, 0xb4, 0xd5,
    0x97, 0xee, 0x94, 0xcd, 0x36, 0xe6, 0x94, 0xcd, 0xd5, 0xdd, 0x76, 0xe6,
    0xb5, 0xd5, 0x36, 0xe6, 0x57, 0xe6, 0x36, 0xe6, 0x16, 0xe6, 0x77, 0xe6,
    0x78, 0xe6, 0x98, 0xee, 0xd9, 0xee, 0x1a, 0xf7, 0xb9, 0xf6, 0x3b, 0xf7,
    0xb9, 0xee, 0xda, 0xf6, 0xda, 0xf6, 0x7c, 0xff, 0x1a, 0xf7, 0x1a, 0xf7,
    0x5b, 0xff, 0x3c, 0xff, 0x7c, 0xff, 0xfa, 0xf6, 0x7c, 0xff, 0x1b, 0xf7,
    0x9d, 0xff, 0x1a, 0xf7, 0x3b, 0xf7, 0xfa, 0xf6, 0xb9, 0xee, 0x5b, 0xff,
    0xb9, 0xf6, 0xb8, 0xee, 0xd4, 0xdd, 0x95, 0xdd, 0x33, 0xcd, 0x12, 0xcd,
    0xd6, 0xdd, 0x36, 0xe6, 0x37, 0xe6, 0x78, 0xee, 0x98, 0xee, 0x57, 0xe6,
    0x77, 0xee, 0x57, 0xe6, 0x78, 0xe6, 0x98, 0xe6, 0x98, 0xee, 0xb9, 0xee,
    0xb9, 0xee, 0xd9, 0xf6, 0xf9, 0xee, 0xf9, 0xf6, 0xfa, 0xf6, 0xfa, 0xf6,
    0x3a, 0xf7, 0x1b, 0xf7, 0x3a, 0xf7, 0x3a, 0xf7, 0x3a, 0xf7, 0x3b, 0xff,
    0x7b, 0xff, 0x3a, 0xf7, 0x3b, 0xff, 0x7b, 0xff, 0x3b, 0xf7, 0x3b, 0xf7,
    0x5b, 0xf7, 0x3b, 0xf7, 0xb8, 0xee, 0x16, 0xde, 0x98, 0xe6, 0xd9, 0xee,
    0x97, 0xee, 0x16, 0xde, 0xb8, 0xee, 0x3a, 0xff, 0xd9, 0xf6, 0x98, 0xee,
    0xb8, 0xee, 0xf9, 0xf6, 0xb8, 0xee, 0xf5, 0xdd, 0x73, 0xcd, 0x72, 0xcd,
    0xd4, 0xe5, 0x72, 0xd5, 0x10, 0xd5, 0x31, 0xd5, 0xd4, 0xe5, 0x35, 0xee,
    0x35, 0xee, 0x72, 0xdd, 0xaf, 0xd4, 0xef, 0xd4, 0x30, 0xd5, 0x50, 0xe5,
    0x51, 0xe5, 0x51, 0xe5, 0x71, 0xe5, 0xf4, 0xed, 0x35, 0xf6, 0x55, 0xf6,
    0x76, 0xf6, 0xb8, 0xf6, 0x3a, 0xff, 0x7b, 0xff, 0x5c, 0xff, 0x5c, 0xf7,
    0x3c, 0xf7, 0x3b, 0xf7, 0xfb, 0xee, 0x99, 0xde, 0xf7, 0xcd, 0x55, 0xb5,
    0xd2, 0xac, 0x91, 0x9c, 0x51, 0x94, 0x57, 0xce, 0x1d, 0xef, 0xf1, 0x8b,
    0x6c, 0x7b, 0xef, 0x8b, 0xae, 0x8b, 0x4d, 0x7b, 0x4c, 0x73, 0x2c, 0x73,
    0x4c, 0x7b, 0x8d, 0x7b, 0xce, 0x8b, 0x30, 0x9c, 0x2f, 0x9c, 0x4f, 0x9c,
    0x79, 0xde, 0xba, 0xee, 0xf2, 0xbc, 0x53, 0xcd, 0xd4, 0xd5, 0xd5, 0xdd,
    0xf5, 0xdd, 0x35, 0xe6, 0x36, 0xe6, 0x16, 0xe6, 0x36, 0xee, 0x36, 0xee,
    0x56, 0xe6, 0x56, 0xe6, 0x36, 0xe6, 0x36, 0xe6, 0x56, 0xe6, 0x36, 0xee,
    0x36, 0xee, 0x56, 0xe6, 0x36, 0xee, 0x36, 0xe6, 0x36, 0xe6, 0x36, 0xee,
    0x36, 0xe6, 0x36, 0xee, 0x36, 0xe6, 0x36, 0xe6, 0x36, 0xe6, 0x36, 0xe6,
    0x36, 0xe6, 0x16, 0xe6, 0x36, 0xe6, 0x16, 0xe6, 0x16, 0xe6, 0x16, 0xe6,
    0x36, 0xde, 0x16, 0xde, 0x36, 0xde, 0x37, 0xde, 0x37, 0xde, 0x58, 0xde,
    0x58, 0xde, 0x78, 0xe6, 0x99, 0xe6, 0xba, 0xe6, 0xda, 0xee, 0xfa, 0xee,
    0x1b, 0xef, 0x3b, 0xf7, 0x34, 0xb5, 0x13, 0xbd, 0x34, 0xb5, 0x54, 0xbd,
    0x34, 0xbd, 0x55, 0xbd, 0x54, 0xbd, 0x74, 0xbd, 0x75, 0xbd, 0x75, 0xbd,
    0x95, 0xbd, 0x75, 0xbd, 0x75, 0xc5, 0x75, 0xbd, 0x95, 0xc5, 0x95, 0xc5,
    0x96, 0xc5, 0x95, 0xc5, 0x95, 0xc5, 0x96, 0xc5, 0x95, 0xc5, 0x96, 0xc5,
    0x95, 0xcd, 0xb5, 0xc5, 0x95, 0xc5, 0x32, 0xc5, 0xb0, 0xbc, 0x70, 0xb4,
    0x4e, 0xbc, 0x4e, 0xb4, 0x0e, 0xb4, 0xee, 0xab, 0x0e, 0xac, 0x2e, 0xac,
    0x6f, 0xb4, 0x2f, 0xac, 0xee, 0xa3, 0xad, 0x9b, 0xad, 0x9b, 0x8c, 0x93,
    0x2b, 0x8b, 0xeb, 0x82, 0xca, 0x82, 0x89, 0x72, 0x89, 0x72, 0x89, 0x72,
    0x89, 0x72, 0x69, 0x72, 0x68, 0x6a, 0x89, 0x6a, 0x2b, 0x8b, 0x8c, 0x8b,
    0x2b, 0x83, 0xca, 0x72, 0x0a, 0x83, 0x8b, 0x93, 0x2a, 0x83, 0xea, 0x7a,
    0xea, 0x7a, 0x0a, 0x83, 0x2a, 0x83, 0xe9, 0x7a, 0xc9, 0x72, 0x88, 0x6a,
    0x67, 0x62, 0x47, 0x62, 0x68, 0x62, 0x68, 0x6a, 0xa8, 0x72, 0xe9, 0x7a,
    0x88, 0x6a, 0xc9, 0x7a, 0x88, 0x6a, 0x88, 0x62, 0xc9, 0x7a, 0x68, 0x6a,
    0xa8, 0x6a, 0x47, 0x62, 0x27, 0x5a, 0x68, 0x62, 0xc8, 0x72, 0x88, 0x6a,
    0x09, 0x83, 0xc9, 0x7a, 0x2a, 0x83, 0x4a, 0x8b, 0x68, 0x62, 0x68, 0x62,
    0x8b, 0x8b, 0x2d, 0xa4, 0x4f, 0xac, 0x4e, 0xac, 0x4e, 0xac, 0x6f, 0xac,
    0x0e, 0xa4, 0x32, 0xc5, 0x35, 0xde, 0xf5, 0xdd, 0xf5, 0xdd, 0x77, 0xee,
    0x97, 0xee, 0x56, 0xe6, 0x73, 0xcd, 0x52, 0xc5, 0x72, 0xd5, 0x73, 0xcd,
    0x52, 0xc5, 0x12, 0xc5, 0x73, 0xcd, 0x15, 0xe6, 0x32, 0xc5, 0x32, 0xcd,
    0x56, 0xe6, 0x56, 0xe6, 0xb4, 0xd5, 0xb4, 0xdd, 0x15, 0xde, 0x93, 0xcd,
    0xb4, 0xd5, 0x93, 0xd5, 0x73, 0xcd, 0xf4, 0xdd, 0x36, 0xe6, 0x33, 0xc5,
    0x36, 0xe6, 0x52, 0xc5, 0x36, 0xe6, 0x73, 0xd5, 0x56, 0xe6, 0x36, 0xde,
    0x16, 0xde, 0x94, 0xcd, 0x77, 0xee, 0x94, 0xd5, 0x36, 0xe6, 0x94, 0xcd,
    0x15, 0xde, 0x16, 0xe6, 0x36, 0xde, 0xf5, 0xd5, 0x57, 0xe6, 0x57, 0xe6,
    0x36, 0xe6, 0xb9, 0xee, 0x57, 0xe6, 0x77, 0xee, 0xda, 0xf6, 0xda, 0xf6,
    0xb9, 0xf6, 0x3b, 0xf7, 0xb8, 0xee, 0xd9, 0xf6, 0xf9, 0xf6, 0x7c, 0xff,
    0x3b, 0xff, 0x3b, 0xff, 0x3b, 0xff, 0x7c, 0xff, 0x5c, 0xff, 0x1b, 0xff,
    0x5b, 0xff, 0x1a, 0xf7, 0x7c, 0xff, 0xfa, 0xf6, 0x1b, 0xf7, 0x1a, 0xf7,
    0xb9, 0xee, 0xd9, 0xf6, 0x5c, 0xff, 0x78, 0xee, 0x98, 0xee, 0x56, 0xe6,
    0xb5, 0xdd, 0x16, 0xe6, 0x37, 0xe6, 0x57, 0xee, 0x77, 0xe6, 0x98, 0xee,
    0xd9, 0xee, 0xba, 0xee, 0xb9, 0xf6, 0xd8, 0xee, 0x98, 0xe6, 0xb8, 0xee,
    0xb9, 0xee, 0xd9, 0xf6, 0xf9, 0xf6, 0xf9, 0xf6, 0x1a, 0xf7, 0xfa, 0xf6,
    0x3b, 0xff, 0x3a, 0xf7, 0x3b, 0xf7, 0x3a, 0xff, 0x3b, 0xff, 0x5b, 0xff,
    0x5b, 0xff, 0x5b, 0xff, 0x3b, 0xff, 0x7b, 0xff, 0x3b, 0xff, 0x3b, 0xff,
    0x5b, 0xff, 0x19, 0xf7, 0xb8, 0xee, 0xfa, 0xf6, 0x3a, 0xf7, 0x1a, 0xf7,
    0xb8, 0xee, 0x98, 0xee, 0xd9, 0xf6, 0xf9, 0xf6, 0x1a, 0xf7, 0xf9, 0xf6,
    0x3a, 0xff, 0x3b, 0xf7, 0xb8, 0xee, 0x57, 0xee, 0x36, 0xe6, 0x15, 0xe6,
    0xb4, 0xdd, 0x15, 0xe6, 0xd3, 0xe5, 0x14, 0xee, 0x76, 0xee, 0x97, 0xee,
    0x15, 0xe6, 0x51, 0xdd, 0x71, 0xdd, 0xf3, 0xed, 0x35, 0xee, 0x14, 0xee,
    0xf4, 0xed, 0xd4, 0xe5, 0x35, 0xee, 0x55, 0xee, 0x56, 0xf6, 0x56, 0xee,
    0x77, 0xf6, 0xd7, 0xfe, 0xd8, 0xfe, 0xf9, 0xfe, 0x3b, 0xff, 0x9d, 0xff,
    0x9d, 0xff, 0x5c, 0xf7, 0x1b, 0xf7, 0xda, 0xe6, 0x59, 0xd6, 0xf7, 0xd5,
    0xb5, 0xc5, 0x34, 0xb5, 0xf2, 0xac, 0xb2, 0x9c, 0x51, 0x94, 0xf6, 0xcd,
    0xbb, 0xde, 0xd1, 0x83, 0xce, 0x8b, 0x0f, 0x94, 0xae, 0x83, 0x6d, 0x83,
    0x6c, 0x7b, 0x6d, 0x7b, 0x8d, 0x7b, 0xad, 0x8b, 0xee, 0x93, 0x2e, 0x9c,
    0x2f, 0x9c, 0x50, 0xa4, 0x58, 0xde, 0xda, 0xee, 0x12, 0xc5, 0x93, 0xd5,
    0xb4, 0xdd, 0xf5, 0xdd, 0x15, 0xe6, 0x16, 0xe6, 0x36, 0xe6, 0x56, 0xe6,
    0x36, 0xee, 0x56, 0xe6, 0x56, 0xee, 0x36, 0xee, 0x56, 0xee, 0x56, 0xe6,
    0x57, 0xee, 0x56, 0xee, 0x56, 0xee, 0x56, 0xee, 0x56, 0xee, 0x56, 0xee,
    0x57, 0xee, 0x56, 0xee, 0x36, 0xee, 0x56, 0xee, 0x56, 0xee, 0x36, 0xee,
    0x36, 0xee, 0x56, 0xee, 0x36, 0xe6, 0x16, 0xe6, 0x36, 0xe6, 0x16, 0xe6,
    0x36, 0xe6, 0x36, 0xe6, 0x16, 0xde, 0x16, 0xde, 0x36, 0xe6, 0x37, 0xde,
    0x57, 0xde, 0x58, 0xe6, 0x78, 0xe6, 0x99, 0xe6, 0xb9, 0xee, 0xda, 0xe6,
    0xfb, 0xee, 0xfb, 0xee, 0x1b, 0xf7, 0x34, 0xb5, 0x34, 0xb5, 0x54, 0xb5,
    0x34, 0xbd, 0x54, 0xbd, 0x54, 0xbd, 0x55, 0xbd, 0x55, 0xbd, 0x95, 0xc5,
    0x75, 0xc5, 0x75, 0xc5, 0x95, 0xc5, 0x95, 0xbd, 0x75, 0xc5, 0x95, 0xc5,
    0x95, 0xc5, 0x95, 0xc5, 0x96, 0xc5, 0x95, 0xc5, 0x95, 0xc5, 0x95, 0xc5,
    0xb5, 0xc5, 0x95, 0xc5, 0xb6, 0xc5, 0x96, 0xc5, 0x74, 0xc5, 0x32, 0xbd,
    0xb0, 0xbc, 0x4f, 0xb4, 0x4e, 0xb4, 0x0e, 0xac, 0xed, 0xab, 0xce, 0xa3,
    0x2e, 0xac, 0x4f, 0xb4, 0x70, 0xb4, 0x4f, 0xac, 0x2e, 0xac, 0xed, 0xa3,
    0xad, 0x9b, 0x6c, 0x93, 0x0b, 0x8b, 0xca, 0x82, 0xca, 0x7a, 0xaa, 0x7a,
    0x89, 0x72, 0x89, 0x72, 0xca, 0x7a, 0x2b, 0x8b, 0x8c, 0x8b, 0x2b, 0x83,
    0x0a, 0x7b, 0x2a, 0x83, 0x6b, 0x8b, 0x6c, 0x93, 0x6b, 0x8b, 0x2b, 0x83,
    0xea, 0x7a, 0xc9, 0x72, 0xa9, 0x72, 0xa9, 0x72, 0xa9, 0x72, 0xe9, 0x7a,
    0xea, 0x7a, 0xe9, 0x7a, 0x88, 0x72, 0x88, 0x6a, 0x47, 0x5a, 0x27, 0x5a,
    0x47, 0x62, 0xa8, 0x72, 0xa8, 0x72, 0xc9, 0x7a, 0xc8, 0x72, 0x68, 0x62,
    0xa8, 0x72, 0xc8, 0x72, 0xa8, 0x6a, 0xea, 0x7a, 0x88, 0x6a, 0xc9, 0x72,
    0xe9, 0x7a, 0x2a, 0x83, 0x88, 0x6a, 0x48, 0x62, 0x68, 0x62, 0xea, 0x7a,
    0x0a, 0x7b, 0x0a, 0x7b, 0x8c, 0x93, 0xcc, 0x9b, 0xaf, 0xb4, 0xaf, 0xb4,
    0x52, 0xc5, 0x76, 0xf6, 0x52, 0xcd, 0xaf, 0xb4, 0x8f, 0xb4, 0x11, 0xc5,
    0x52, 0xcd, 0x73, 0xcd, 0x16, 0xe6, 0xb4, 0xd5, 0x73, 0xd5, 0xb4, 0xd5,
    0xb4, 0xd5, 0x94, 0xd5, 0xb4, 0xd5, 0x32, 0xc5, 0x73, 0xcd, 0x15, 0xde,
    0xf5, 0xd5, 0xd1, 0xbc, 0x90, 0xb4, 0xd1, 0xbc, 0x93, 0xcd, 0xf5, 0xdd,
    0x77, 0xee, 0x93, 0xcd, 0xb4, 0xdd, 0x93, 0xd5, 0xf2, 0xbc, 0x36, 0xde,
    0x15, 0xde, 0x52, 0xc5, 0x36, 0xe6, 0x74, 0xcd, 0x15, 0xde, 0x53, 0xc5,
    0x36, 0xe6, 0xf5, 0xdd, 0x15, 0xde, 0x94, 0xd5, 0xf5, 0xdd, 0xb5, 0xd5,
    0x16, 0xde, 0x94, 0xd5, 0x36, 0xe6, 0xf5, 0xd5, 0x36, 0xe6, 0xd6, 0xdd,
    0x36, 0xde, 0x57, 0xe6, 0x36, 0xe6, 0x77, 0xe6, 0x77, 0xe6, 0xd9, 0xf6,
    0xf9, 0xf6, 0xd9, 0xf6, 0xfa, 0xf6, 0x3a, 0xf7, 0xfa, 0xf6, 0xf9, 0xf6,
    0xfa, 0xf6, 0x3b, 0xff, 0x3b, 0xff, 0x5b, 0xf7, 0x3b, 0xf7, 0x9d, 0xff,
    0x1a, 0xf7, 0x9d, 0xff, 0x3b, 0xff, 0x3b, 0xff, 0x3b, 0xff, 0x1b, 0xff,
    0x7c, 0xff, 0xfa, 0xf6, 0xfa, 0xf6, 0x5c, 0xff, 0xb9, 0xee, 0xb9, 0xf6,
    0x77, 0xe6, 0xb9, 0xee, 0x98, 0xee, 0x78, 0xee, 0xb9, 0xee, 0xb9, 0xee,
    0xd9, 0xee, 0xb9, 0xee, 0xd9, 0xee, 0xb9, 0xee, 0xd9, 0xf6, 0xd9, 0xf6,
    0xda, 0xf6, 0xfa, 0xf6, 0x1a, 0xf7, 0xfa, 0xf6, 0x1a, 0xf7, 0x3a, 0xf7,
    0x3b, 0xff, 0x3b, 0xf7, 0x3a, 0xff, 0x3b, 0xff, 0x3b, 0xff, 0x5b, 0xff,
    0x5b, 0xff, 0x3a, 0xf7, 0x3b, 0xf7, 0x5b, 0xff, 0x5b, 0xf7, 0x3b, 0xff,
    0x5b, 0xff, 0x1a, 0xf7, 0x1a, 0xf7, 0x5b, 0xff, 0xf9, 0xf6, 0xd9, 0xee,
    0x98, 0xee, 0x98, 0xe6, 0x1a, 0xf7, 0x3b, 0xff, 0x3b, 0xf7, 0x3a, 0xf7,
    0x1a, 0xf7, 0x1a, 0xf7, 0xb8, 0xf6, 0xb8, 0xf6, 0x97, 0xe6, 0x35, 0xe6,
    0x56, 0xee, 0xb7, 0xf6, 0xb8, 0xee, 0x97, 0xf6, 0xb8, 0xee, 0xd8, 0xf6,
    0x77, 0xee, 0x56, 0xee, 0x97, 0xee, 0x96, 0xf6, 0xf4, 0xe5, 0x92, 0xdd,
    0x52, 0xdd, 0x93, 0xe5, 0xf4, 0xed, 0x35, 0xee, 0x35, 0xee, 0x76, 0xf6,
    0x97, 0xf6, 0xb7, 0xf6, 0xb7, 0xf6, 0xb8, 0xf6, 0xd9, 0xf6, 0x3b, 0xf7,
    0x7d, 0xff, 0x9e, 0xff, 0x9d, 0xff, 0x3c, 0xef, 0xba, 0xe6, 0x79, 0xde,
    0x38, 0xd6, 0xd6, 0xc5, 0x75, 0xbd, 0x34, 0xb5, 0xf3, 0xac, 0xb2, 0xa4,
    0x30, 0x94, 0xf6, 0xcd, 0x7a, 0xd6, 0xd0, 0x83, 0xef, 0x93, 0x0f, 0x8c,
    0xae, 0x83, 0x8e, 0x83, 0x8d, 0x8b, 0x8d, 0x8b, 0xcd, 0x8b, 0xee, 0x93,
    0x0f, 0x9c, 0x4f, 0xa4, 0x4f, 0xa4, 0x70, 0xac, 0x78, 0xde, 0x79, 0xe6,
    0x32, 0xc5, 0xb4, 0xdd, 0xf5, 0xdd, 0xf5, 0xdd, 0x15, 0xe6, 0x35, 0xee,
    0x35, 0xee, 0x36, 0xe6, 0x36, 0xee, 0x56, 0xee, 0x56, 0xee, 0x76, 0xee,
    0x57, 0xee, 0x56, 0xee, 0x77, 0xee, 0x56, 0xee, 0x57, 0xee, 0x76, 0xee,
    0x56, 0xee, 0x76, 0xee, 0x56, 0xee, 0x57, 0xee, 0x76, 0xee, 0x57, 0xee,
    0x56, 0xee, 0x56, 0xee, 0x36, 0xee, 0x56, 0xee, 0x56, 0xe6, 0x56, 0xee,
    0x36, 0xe6, 0x36, 0xe6, 0x56, 0xe6, 0x36, 0xe6, 0x36, 0xe6, 0x57, 0xde,
    0x37, 0xe6, 0x57, 0xe6, 0x58, 0xe6, 0x78, 0xde, 0x98, 0xe6, 0xb9, 0xe6,
    0xba, 0xee, 0xda, 0xee, 0xfa, 0xee, 0xfb, 0xee, 0x33, 0xb5, 0x34, 0xb5,
    0x33, 0xbd, 0x54, 0xbd, 0x54, 0xbd, 0x74, 0xbd, 0x75, 0xbd, 0x75, 0xc5,
    0x55, 0xbd, 0x74, 0xbd, 0x95, 0xc5, 0x75, 0xc5, 0x95, 0xc5, 0x95, 0xc5,
    0x75, 0xbd, 0x95, 0xc5, 0x95, 0xc5, 0x95, 0xc5, 0x96, 0xbd, 0x95, 0xc5,
    0x95, 0xbd, 0x95, 0xc5, 0x95, 0xc5, 0xb5, 0xc5, 0xb6, 0xc5, 0x95, 0xc5,
    0x74, 0xc5, 0x12, 0xc5, 0x6f, 0xb4, 0x2f, 0xb4, 0x0e, 0xac, 0xed, 0xa3,
    0xcd, 0xa3, 0x0e, 0xac, 0x6f, 0xac, 0x6f, 0xac, 0x4f, 0xac, 0x0e, 0xac,
    0xed, 0xa3, 0xcd, 0x9b, 0xac, 0x93, 0x6c, 0x93, 0x2b, 0x83, 0xea, 0x82,
    0x8a, 0x7a, 0x69, 0x72, 0x69, 0x72, 0x89, 0x6a, 0x89, 0x72, 0x89, 0x72,
    0x89, 0x6a, 0x89, 0x72, 0xca, 0x72, 0x2b, 0x83, 0x0a, 0x7b, 0x0a, 0x7b,
    0x4b, 0x8b, 0x0a, 0x83, 0x68, 0x62, 0x47, 0x5a, 0x48, 0x5a, 0xa8, 0x72,
    0xc9, 0x7a, 0xa9, 0x72, 0xc9, 0x7a, 0xc9, 0x7a, 0xc9, 0x72, 0x88, 0x6a,
    0x88, 0x6a, 0xa9, 0x72, 0xa9, 0x72, 0xa9, 0x72, 0x68, 0x62, 0x88, 0x6a,
    0x67, 0x6a, 0x88, 0x6a, 0xa8, 0x6a, 0x68, 0x6a, 0x88, 0x6a, 0xa8, 0x72,
    0x88, 0x72, 0x88, 0x6a, 0xc9, 0x72, 0x2a, 0x83, 0x2a, 0x8b, 0x8b, 0x93,
    0xac, 0x9b, 0x4d, 0xac, 0x2d, 0xa4, 0x0a, 0x7b, 0x8c, 0x8b, 0xcd, 0x9b,
    0x6f, 0xb4, 0x2e, 0xa4, 0xed, 0x9b, 0x0e, 0xa4, 0x11, 0xc5, 0xd4, 0xdd,
    0x73, 0xcd, 0x31, 0xc5, 0xb3, 0xdd, 0x73, 0xcd, 0xb3, 0xdd, 0xb3, 0xdd,
    0x15, 0xd6, 0x57, 0xe6, 0x56, 0xe6, 0x56, 0xe6, 0x57, 0xe6, 0x77, 0xe6,
    0x16, 0xde, 0xb3, 0xdd, 0x15, 0xe6, 0x56, 0xe6, 0x16, 0xe6, 0xd4, 0xe5,
    0x93, 0xd5, 0x32, 0xcd, 0x56, 0xe6, 0xb3, 0xcd, 0x73, 0xd5, 0x93, 0xd5,
    0xd1, 0xb4, 0x57, 0xee, 0x53, 0xcd, 0xd5, 0xdd, 0xf5, 0xd5, 0x94, 0xcd,
    0xf5, 0xdd, 0xd5, 0xd5, 0xf6, 0xdd, 0x16, 0xde, 0xf6, 0xdd, 0xf5, 0xd5,
    0xb4, 0xd5, 0xf5, 0xdd, 0xf5, 0xdd, 0x94, 0xd5, 0x16, 0xde, 0x36, 0xe6,
    0xd5, 0xdd, 0xf5, 0xdd, 0x57, 0xe6, 0x16, 0xde, 0x98, 0xee, 0x16, 0xe6,
    0xd9, 0xf6, 0xfa, 0xf6, 0x98, 0xee, 0xd9, 0xf6, 0x1a, 0xf7, 0xfa, 0xf6,
    0xda, 0xfe, 0xd9, 0xf6, 0xfa, 0xfe, 0x3b, 0xf7, 0x3b, 0xff, 0x1b, 0xff,
    0x3b, 0xf7, 0x9d, 0xff, 0xfa, 0xf6, 0xbd, 0xff, 0x5c, 0xf7, 0x3b, 0xff,
    0x3b, 0xff, 0x3a, 0xf7, 0x3c, 0xff, 0xfa, 0xf6, 0x5b, 0xf7, 0xfa, 0xf6,
    0xd9, 0xee, 0x99, 0xee, 0x1a, 0xf7, 0x1a, 0xff, 0xd9, 0xee, 0xb9, 0xee,
    0xd9, 0xf6, 0xfa, 0xf6, 0xda, 0xf6, 0xd9, 0xf6, 0xf9, 0xf6, 0xd9, 0xee,
    0xfa, 0xf6, 0xfa, 0xf6, 0x1a, 0xf7, 0x1a, 0xf7, 0x1a, 0xf7, 0x1a, 0xf7,
    0x3b, 0xf7, 0x3a, 0xff, 0x3b, 0xff, 0x3a, 0xf7, 0x1b, 0xf7, 0x3a, 0xff,
    0x5b, 0xff, 0x3b, 0xf7, 0x3b, 0xf7, 0x7b, 0xff, 0x3b, 0xff, 0x5c, 0xff,
    0x7c, 0xff, 0x5b, 0xff, 0x3b, 0xff, 0x1a, 0xf7, 0x3b, 0xf7, 0x3a, 0xff,
    0x1a, 0xf7, 0x3b, 0xff, 0x5b, 0xff, 0x5a, 0xff, 0x3a, 0xf7, 0x1a, 0xf7,
    0x1a, 0xff, 0x1a, 0xf7, 0x3b, 0xf7, 0x1a, 0xf7, 0xb8, 0xee, 0x56, 0xee,
    0xb8, 0xf6, 0xf9, 0xf6, 0xf9, 0xf6, 0xd8, 0xf6, 0xd9, 0xf6, 0xd9, 0xf6,
    0xf9, 0xf6, 0xd8, 0xf6, 0xb7, 0xee, 0x15, 0xe6, 0xf4, 0xe5, 0xf4, 0xe5,
    0x15, 0xe6, 0x35, 0xee, 0x55, 0xee, 0x56, 0xee, 0x56, 0xee, 0x56, 0xf6,
    0x76, 0xf6, 0x97, 0xf6, 0xb7, 0xf6, 0xb8, 0xfe, 0xf9, 0xf6, 0x3a, 0xff,
    0x5c, 0xff, 0x7c, 0xff, 0x7c, 0xff, 0x5d, 0xff, 0x9d, 0xff, 0x5c, 0xf7,
    0x9a, 0xde, 0x18, 0xd6, 0xf7, 0xcd, 0xb5, 0xc5, 0x75, 0xbd, 0x14, 0xb5,
    0xf3, 0xac, 0x91, 0x9c, 0x30, 0x94, 0x17, 0xd6, 0x38, 0xc6, 0xef, 0x8b,
    0x0f, 0x94, 0xce, 0x8b, 0x8d, 0x83, 0x8d, 0x83, 0x8d, 0x83, 0xad, 0x8b,
    0xce, 0x93, 0x0f, 0x9c, 0x4f, 0x9c, 0x6f, 0xac, 0x8f, 0xb4, 0xb1, 0xac,
    0x99, 0xe6, 0x37, 0xde, 0x52, 0xcd, 0xd4, 0xdd, 0xf5, 0xdd, 0x15, 0xe6,
    0x16, 0xe6, 0x36, 0xe6, 0x36, 0xee, 0x56, 0xee, 0x56, 0xee, 0x57, 0xee,
    0x56, 0xee, 0x76, 0xee, 0x57, 0xee, 0x76, 0xee, 0x77, 0xee, 0x76, 0xee,
    0x77, 0xee, 0x57, 0xf6, 0x57, 0xee, 0x76, 0xee, 0x77, 0xee, 0x76, 0xf6,
    0x56, 0xee, 0x57, 0xee, 0x56, 0xee, 0x56, 0xee, 0x57, 0xee, 0x56, 0xee,
    0x56, 0xee, 0x36, 0xe6, 0x56, 0xe6, 0x56, 0xe6, 0x37, 0xe6, 0x56, 0xe6,
    0x36, 0xe6, 0x57, 0xe6, 0x57, 0xe6, 0x57, 0xe6, 0x78, 0xde, 0x78, 0xe6,
    0x99, 0xe6, 0xb9, 0xe6, 0xda, 0xe6, 0xda, 0xee, 0xfb, 0xee, 0x14, 0xb5,
    0x14, 0xbd, 0x34, 0xbd, 0x54, 0xb5, 0x55, 0xbd, 0x54, 0xbd, 0x54, 0xbd,
    0x74, 0xc5, 0x75, 0xbd, 0x95, 0xbd, 0x95, 0xbd, 0x75, 0xc5, 0x75, 0xbd,
    0x95, 0xc5, 0x95, 0xc5, 0x96, 0xc5, 0x95, 0xc5, 0x96, 0xc5, 0x95, 0xc5,
    0xb5, 0xc5, 0x96, 0xc5, 0x95, 0xbd, 0xb5, 0xc5, 0xb5, 0xc5, 0x95, 0xc5,
    0xb5, 0xcd, 0xb5, 0xc5, 0x53, 0xc5, 0xd1, 0xbc, 0x4f, 0xb4, 0x2e, 0xac,
    0x0e, 0xac, 0x2e, 0xac, 0x4f, 0xac, 0x70, 0xb4, 0x6f, 0xb4, 0x4f, 0xac,
    0x0e, 0xa4, 0xad, 0xa3, 0x8d, 0x9b, 0x8c, 0x9b, 0x6c, 0x93, 0x4b, 0x8b,
    0x0b, 0x83, 0xa9, 0x7a, 0x89, 0x72, 0x48, 0x72, 0x48, 0x6a, 0x28, 0x62,
    0x68, 0x6a, 0xa9, 0x72, 0xea, 0x7a, 0x2b, 0x83, 0x6c, 0x8b, 0x2b, 0x83,
    0xea, 0x82, 0xea, 0x7a, 0xea, 0x72, 0xca, 0x7a, 0xc9, 0x72, 0x88, 0x6a,
    0x68, 0x62, 0x88, 0x62, 0x68, 0x6a, 0x68, 0x6a, 0x88, 0x6a, 0xc9, 0x7a,
    0xc9, 0x7a, 0xc9, 0x7a, 0x68, 0x6a, 0x88, 0x6a, 0xa8, 0x72, 0xc9, 0x72,
    0x68, 0x62, 0xc9, 0x72, 0xc9, 0x7a, 0xc9, 0x72, 0x68, 0x62, 0x68, 0x62,
    0x88, 0x6a, 0xea, 0x72, 0xc9, 0x72, 0x0a, 0x83, 0xa8, 0x6a, 0x4b, 0x83,
    0x8b, 0x93, 0x4b, 0x8b, 0x2a, 0x83, 0x6c, 0x8b, 0x4f, 0xac, 0x6e, 0xb4,
    0x0d, 0xa4, 0x0a, 0x7b, 0x4e, 0xa4, 0x14, 0xe6, 0x51, 0xcd, 0xb0, 0xb4,
    0x32, 0xc5, 0xf1, 0xbc, 0xb3, 0xd5, 0x93, 0xd5, 0x73, 0xc5, 0xf1, 0xb4,
    0x31, 0xc5, 0x93, 0xcd, 0x32, 0xcd, 0x11, 0xc5, 0x90, 0xb4, 0x2e, 0xb4,
    0x0c, 0xac, 0x8b, 0x93, 0xc9, 0x72, 0x27, 0x62, 0xc6, 0x51, 0x45, 0x39,
    0xa5, 0x49, 0xca, 0x72, 0x2b, 0x8b, 0x6f, 0xb4, 0x97, 0xee, 0xf5, 0xdd,
    0x32, 0xc5, 0x32, 0xcd, 0xf2, 0xbc, 0x56, 0xe6, 0x53, 0xc5, 0x78, 0xe6,
    0x74, 0xcd, 0x36, 0xe6, 0x94, 0xd5, 0x57, 0xe6, 0xf6, 0xdd, 0x16, 0xde,
    0xd5, 0xd5, 0x15, 0xde, 0x54, 0xcd, 0x36, 0xde, 0xb4, 0xd5, 0xd5, 0xdd,
    0x16, 0xe6, 0x36, 0xde, 0xd5, 0xd5, 0x57, 0xe6, 0xf6, 0xd5, 0x57, 0xee,
    0x36, 0xde, 0x98, 0xee, 0xd9, 0xf6, 0xd9, 0xee, 0xda, 0xf6, 0xb9, 0xf6,
    0x1b, 0xf7, 0xfa, 0xf6, 0xfa, 0xf6, 0xd9, 0xf6, 0xfa, 0xf6, 0x1a, 0xff,
    0x3b, 0xff, 0x3b, 0xff, 0x5c, 0xff, 0x9d, 0xff, 0x1b, 0xff, 0x7d, 0xff,
    0x5c, 0xff, 0x7c, 0xff, 0x3c, 0xff, 0x5c, 0xff, 0x1a, 0xf7, 0x1a, 0xff,
    0x1b, 0xf7, 0x1a, 0xff, 0xd9, 0xf6, 0x1a, 0xf7, 0x1b, 0xf7, 0xfa, 0xf6,
    0xd9, 0xee, 0xd9, 0xee, 0xda, 0xf6, 0xd9, 0xf6, 0xfa, 0xf6, 0x1a, 0xf7,
    0x1b, 0xf7, 0x3a, 0xf7, 0x3b, 0xf7, 0x1a, 0xf7, 0x3a, 0xf7, 0x3a, 0xff,
    0x1b, 0xf7, 0x3b, 0xff, 0x3a, 0xf7, 0x1a, 0xf7, 0x3b, 0xff, 0x7b, 0xff,
    0x5b, 0xff, 0x5b, 0xff, 0x7c, 0xff, 0x7c, 0xff, 0x5c, 0xff, 0x7b, 0xff,
    0x9c, 0xff, 0x7b, 0xff, 0x1a, 0xf7, 0x5b, 0xf7, 0x7b, 0xff, 0x5b, 0xff,
    0x5b, 0xff, 0x7b, 0xff, 0x5b, 0xf7, 0x3b, 0xff, 0x3b, 0xff, 0x5b, 0xff,
    0x5b, 0xff, 0x5b, 0xff, 0x3b, 0xff, 0xf9, 0xf6, 0x97, 0xf6, 0xb9, 0xf6,
    0x3b, 0xf7, 0x1a, 0xff, 0xf9, 0xf6, 0xd9, 0xf6, 0xf9, 0xf6, 0xf9, 0xf6,
    0xb9, 0xf6, 0xb8, 0xee, 0x97, 0xee, 0x76, 0xee, 0x97, 0xf6, 0x97, 0xee,
    0x97, 0xee, 0x76, 0xee, 0x35, 0xee, 0xf4, 0xed, 0x14, 0xee, 0x55, 0xf6,
    0x76, 0xf6, 0x97, 0xf6, 0xb8, 0xf6, 0xd8, 0xf6, 0xf8, 0xfe, 0x1a, 0xf7,
    0x5b, 0xff, 0x7c, 0xff, 0x7c, 0xff, 0x5d, 0xf7, 0x3c, 0xf7, 0x5c, 0xef,
    0x5c, 0xff, 0x7c, 0xf7, 0x9a, 0xd6, 0xd7, 0xc5, 0x96, 0xbd, 0x75, 0xb5,
    0x75, 0xbd, 0x33, 0xb5, 0xd2, 0xac, 0x71, 0x9c, 0x31, 0x94, 0x79, 0xd6,
    0x76, 0xb5, 0xae, 0x83, 0xae, 0x8b, 0xad, 0x8b, 0x8d, 0x83, 0x8d, 0x83,
    0xae, 0x8b, 0xae, 0x93, 0xee, 0x9b, 0x2f, 0x9c, 0x50, 0xa4, 0x90, 0xb4,
    0xb0, 0xb4, 0xf2, 0xbc, 0xb9, 0xee, 0xb5, 0xd5, 0x93, 0xcd, 0xd4, 0xdd,
    0xf5, 0xdd, 0x15, 0xe6, 0x36, 0xe6, 0x36, 0xe6, 0x36, 0xe6, 0x76, 0xee,
    0x57, 0xee, 0x56, 0xee, 0x76, 0xee, 0x77, 0xee, 0x76, 0xee, 0x77, 0xf6,
    0x77, 0xee, 0x77, 0xf6, 0x77, 0xee, 0x76, 0xf6, 0x77, 0xf6, 0x77, 0xf6,
    0x56, 0xee, 0x77, 0xee, 0x77, 0xf6, 0x57, 0xee, 0x77, 0xee, 0x56, 0xee,
    0x56, 0xee, 0x57, 0xee, 0x56, 0xee, 0x57, 0xee, 0x36, 0xee, 0x57, 0xe6,
    0x57, 0xe6, 0x37, 0xe6, 0x57, 0xe6, 0x57, 0xe6, 0x57, 0xe6, 0x78, 0xe6,
    0x79, 0xe6, 0x99, 0xe6, 0xb9, 0xe6, 0xb9, 0xee, 0xda, 0xee, 0xfa, 0xee,
    0x34, 0xb5, 0x34, 0xb5, 0x54, 0xb5, 0x54, 0xbd, 0x54, 0xbd, 0x55, 0xbd,
    0x75, 0xbd, 0x74, 0xbd, 0x75, 0xc5, 0x75, 0xc5, 0x75, 0xc5, 0x95, 0xc5,
    0x95, 0xc5, 0x95, 0xc5, 0x95, 0xc5, 0x95, 0xc5, 0x95, 0xbd, 0xb5, 0xc5,
    0x96, 0xbd, 0x95, 0xc5, 0xb5, 0xc5, 0x76, 0xc5, 0x96, 0xc5, 0x96, 0xc5,
    0x96, 0xc5, 0xb6, 0xc5, 0xb5, 0xcd, 0x95, 0xc5, 0x33, 0xbd, 0x90, 0xb4,
    0x4f, 0xac, 0x4e, 0xb4, 0x4f, 0xac, 0x90, 0xb4, 0xb0, 0xbc, 0xb0, 0xb4,
    0x90, 0xb4, 0x4e, 0xac, 0xce, 0xa3, 0x8c, 0x9b, 0x6b, 0x93, 0x2b, 0x93,
    0x2b, 0x8b, 0x2a, 0x8b, 0xea, 0x82, 0xa9, 0x7a, 0x69, 0x6a, 0x49, 0x6a,
    0x48, 0x6a, 0x89, 0x72, 0x69, 0x6a, 0x89, 0x6a, 0x89, 0x6a, 0x88, 0x6a,
    0x89, 0x6a, 0x89, 0x6a, 0x89, 0x6a, 0xa9, 0x6a, 0xa9, 0x72, 0xc9, 0x72,
    0xe9, 0x7a, 0xa9, 0x72, 0xa8, 0x72, 0xa8, 0x72, 0xa8, 0x72, 0x68, 0x6a,
    0x47, 0x5a, 0x47, 0x5a, 0x68, 0x62, 0x67, 0x62, 0x88, 0x6a, 0xa8, 0x72,
    0x09, 0x83, 0x09, 0x83, 0xc9, 0x7a, 0xe9, 0x82, 0xe9, 0x7a, 0x4a, 0x8b,
    0x6b, 0x93, 0x0a, 0x83, 0xc9, 0x72, 0x0a, 0x83, 0x6b, 0x93, 0x4a, 0x8b,
    0xac, 0x93, 0xac, 0x9b, 0x2e, 0xac, 0x6e, 0xb4, 0x2e, 0xa4, 0x4b, 0x8b,
    0xe9, 0x72, 0xac, 0x8b, 0xf0, 0xc4, 0x8f, 0xb4, 0xed, 0x9b, 0x2e, 0xa4,
    0xf1, 0xb4, 0x32, 0xc5, 0x93, 0xd5, 0xf0, 0xc4, 0x4f, 0xa4, 0xac, 0x93,
    0xf0, 0xbc, 0x32, 0xcd, 0xd0, 0xb4, 0x2d, 0xa4, 0x4e, 0xb4, 0x2d, 0xac,
    0x48, 0x62, 0x45, 0x31, 0x45, 0x39, 0x46, 0x31, 0x65, 0x39, 0xa6, 0x39,
    0x85, 0x39, 0xa6, 0x39, 0x25, 0x29, 0xe4, 0x20, 0xe3, 0x20, 0x86, 0x49,
    0xf1, 0xc4, 0x98, 0xee, 0x73, 0xcd, 0x32, 0xc5, 0x73, 0xc5, 0x36, 0xde,
    0x33, 0xbd, 0x36, 0xe6, 0xb4, 0xd5, 0xd5, 0xd5, 0xf6, 0xd5, 0x94, 0xcd,
    0x16, 0xe6, 0xd5, 0xd5, 0xd5, 0xd5, 0x16, 0xde, 0x94, 0xcd, 0xf5, 0xdd,
    0x95, 0xd5, 0xf6, 0xdd, 0x16, 0xd6, 0xf6, 0xdd, 0x16, 0xe6, 0x37, 0xe6,
    0x16, 0xe6, 0x57, 0xe6, 0x57, 0xe6, 0xb8, 0xee, 0xd9, 0xf6, 0x78, 0xee,
    0xd9, 0xf6, 0xd9, 0xf6, 0x1b, 0xf7, 0xfa, 0xf6, 0x1a, 0xf7, 0xb9, 0xf6,
    0xfa, 0xfe, 0x1a, 0xf7, 0x3b, 0xff, 0xfa, 0xf6, 0x5c, 0xff, 0x7c, 0xff,
    0x7d, 0xff, 0x7d, 0xff, 0x9d, 0xff, 0x3c, 0xff, 0x5c, 0xff, 0x3b, 0xf7,
    0x3b, 0xff, 0xfa, 0xf6, 0x3b, 0xff, 0x1a, 0xf7, 0x3b, 0xff, 0x1b, 0xf7,
    0x3b, 0xff, 0x1b, 0xf7, 0x1a, 0xf7, 0x1b, 0xf7, 0x1a, 0xf7, 0x1a, 0xf7,
    0x1b, 0xf7, 0x1b, 0xf7, 0x1b, 0xf7, 0x1a, 0xf7, 0x1a, 0xf7, 0x1a, 0xf7,
    0x3b, 0xf7, 0x3b, 0xff, 0x3a, 0xff, 0x3b, 0xff, 0x3b, 0xff, 0x5b, 0xff,
    0x5c, 0xff, 0x5b, 0xff, 0x9c, 0xff, 0x7c, 0xff, 0x5b, 0xff, 0x7b, 0xff,
    0x7b, 0xff, 0x5b, 0xff, 0x3b, 0xff, 0x7c, 0xff, 0x7c, 0xff, 0x5b, 0xff,
    0x5b, 0xff, 0x5c, 0xff, 0x5b, 0xff, 0x5b, 0xff, 0x5c, 0xff, 0x7c, 0xff,
    0x7c, 0xff, 0x5c, 0xff, 0x5b, 0xff, 0x3a, 0xff, 0x3b, 0xf7, 0x5b, 0xff,
    0x5b, 0xff, 0x1a, 0xf7, 0xf9, 0xf6, 0xfa, 0xf6, 0x1a, 0xf7, 0xf9, 0xf6,
    0x1a, 0xf7, 0xd8, 0xf6, 0x97, 0xee, 0x77, 0xee, 0x77, 0xee, 0x77, 0xf6,
    0x77, 0xee, 0x76, 0xee, 0x76, 0xf6, 0x76, 0xee, 0x97, 0xee, 0x77, 0xf6,
    0x97, 0xf6, 0x98, 0xf6, 0xd8, 0xf6, 0xd8, 0xf6, 0xf9, 0xfe, 0x3a, 0xff,
    0x7c, 0xff, 0x9d, 0xff, 0x9d, 0xff, 0x7d, 0xff, 0x5c, 0xf7, 0x3c, 0xef,
    0x1b, 0xef, 0xfb, 0xee, 0x3c, 0xf7, 0x7d, 0xf7, 0x7a, 0xde, 0xb6, 0xc5,
    0x95, 0xc5, 0x75, 0xbd, 0x34, 0xb5, 0xd3, 0xac, 0x90, 0x9c, 0x0f, 0x8c,
    0x51, 0x94, 0x79, 0xd6, 0x72, 0x8c, 0x4c, 0x7b, 0x6d, 0x7b, 0x6c, 0x83,
    0x6c, 0x83, 0x6d, 0x83, 0x8d, 0x8b, 0xcd, 0x8b, 0xee, 0x9b, 0x2e, 0xa4,
    0x70, 0xa4, 0xb0, 0xb4, 0xd0, 0xb4, 0x54, 0xc5, 0x98, 0xe6, 0x73, 0xcd,
    0xb4, 0xdd, 0xf4, 0xdd, 0xf5, 0xdd, 0x15, 0xe6, 0x36, 0xe6, 0x36, 0xe6,
    0x56, 0xee, 0x56, 0xee, 0x76, 0xee, 0x57, 0xee, 0x77, 0xee, 0x77, 0xee,
    0x77, 0xee, 0x76, 0xf6, 0x76, 0xee, 0x76, 0xf6, 0x76, 0xee, 0x77, 0xf6,
    0x77, 0xf6, 0x77, 0xee, 0x76, 0xee, 0x56, 0xee, 0x76, 0xee, 0x77, 0xee,
    0x56, 0xee, 0x57, 0xee, 0x56, 0xe6, 0x56, 0xe6, 0x57, 0xe6, 0x56, 0xe6,
    0x57, 0xe6, 0x57, 0xee, 0x57, 0xe6, 0x57, 0xe6, 0x57, 0xe6, 0x58, 0xe6,
    0x78, 0xe6, 0x78, 0xe6, 0x99, 0xe6, 0x99, 0xee, 0xba, 0xe6, 0xda, 0xee,
    0xda, 0xee, 0x34, 0xb5, 0x34, 0xb5, 0x34, 0xbd, 0x54, 0xbd, 0x54, 0xbd,
    0x54, 0xbd, 0x74, 0xbd, 0x75, 0xbd, 0x74, 0xbd, 0x75, 0xbd, 0x75, 0xc5,
    0x95, 0xbd, 0x95, 0xc5, 0x95, 0xc5, 0x96, 0xc5, 0x96, 0xc5, 0x95, 0xc5,
    0x95, 0xc5, 0x96, 0xc5, 0x95, 0xc5, 0x95, 0xc5, 0x96, 0xbd, 0xb5, 0xc5,
    0x95, 0xc5, 0xb5, 0xc5, 0xb5, 0xc5, 0x96, 0xc5, 0xb6, 0xcd, 0x74, 0xc5,
    0xf1, 0xbc, 0x4f, 0xac, 0x2f, 0xac, 0x4f, 0xac, 0xb0, 0xb4, 0xd1, 0xbc,
    0xf1, 0xbc, 0xd0, 0xbc, 0x8f, 0xb4, 0x4e, 0xac, 0xad, 0xa3, 0x4b, 0x93,
    0x0a, 0x8b, 0xea, 0x82, 0xea, 0x82, 0xca, 0x82, 0xa9, 0x7a, 0x89, 0x7a,
    0x68, 0x72, 0x49, 0x6a, 0x48, 0x6a, 0x28, 0x62, 0x28, 0x62, 0x28, 0x62,
    0x68, 0x6a, 0x69, 0x6a, 0xa9, 0x72, 0xa9, 0x72, 0xa9, 0x72, 0xa9, 0x72,
    0xc9, 0x72, 0xc9, 0x7a, 0xc9, 0x72, 0x88, 0x6a, 0x67, 0x6a, 0x88, 0x6a,
    0x88, 0x72, 0x88, 0x6a, 0x27, 0x5a, 0x27, 0x5a, 0x67, 0x6a, 0x88, 0x6a,
    0x88, 0x72, 0x88, 0x6a, 0xc9, 0x7a, 0xa8, 0x6a, 0xa8, 0x6a, 0xa8, 0x72,
    0x88, 0x6a, 0x68, 0x5a, 0xe9, 0x7a, 0x2a, 0x83, 0xa8, 0x6a, 0xea, 0x7a,
    0xac, 0x93, 0xed, 0xa3, 0xed, 0xa3, 0x4b, 0x8b, 0x4b, 0x83, 0xad, 0x93,
    0xb0, 0xb4, 0x11, 0xcd, 0xf0, 0xc4, 0x31, 0xc5, 0xd1, 0xb4, 0xd4, 0xdd,
    0xb7, 0xf6, 0xf4, 0xdd, 0x51, 0xcd, 0x90, 0xb4, 0x2e, 0xa4, 0xcd, 0xa3,
    0x0e, 0xa4, 0x6b, 0x8b, 0x73, 0xcd, 0x2d, 0xac, 0xc9, 0x72, 0x45, 0x39,
    0x45, 0x31, 0xc6, 0x41, 0x27, 0x5a, 0xc6, 0x49, 0xa6, 0x41, 0xa6, 0x41,
    0xa6, 0x41, 0x45, 0x31, 0xa6, 0x41, 0x85, 0x39, 0x65, 0x31, 0x85, 0x39,
    0x24, 0x29, 0x82, 0x10, 0x69, 0x6a, 0x56, 0xee, 0xb4, 0xd5, 0x32, 0xc5,
    0x73, 0xcd, 0x15, 0xde, 0xd1, 0xb4, 0xd5, 0xdd, 0xf5, 0xd5, 0xd5, 0xdd,
    0x36, 0xde, 0x33, 0xc5, 0x56, 0xe6, 0xf5, 0xdd, 0x94, 0xd5, 0xb5, 0xd5,
    0x36, 0xde, 0x94, 0xcd, 0xf5, 0xdd, 0xf6, 0xdd, 0x16, 0xde, 0x16, 0xde,
    0x15, 0xde, 0x58, 0xe6, 0x16, 0xe6, 0x37, 0xe6, 0x78, 0xee, 0xb9, 0xee,
    0xb9, 0xf6, 0xb9, 0xf6, 0x98, 0xee, 0x1a, 0xf7, 0xd9, 0xf6, 0xfa, 0xf6,
    0xfa, 0xf6, 0x3b, 0xf7, 0x1b, 0xf7, 0xfb, 0xfe, 0x7c, 0xff, 0xfa, 0xfe,
    0x1b, 0xff, 0x5c, 0xff, 0x7d, 0xff, 0x5c, 0xff, 0x7d, 0xff, 0x5c, 0xff,
    0x7d, 0xff, 0x3b, 0xf7, 0x3b, 0xff, 0x3c, 0xff, 0x1b, 0xf7, 0x7c, 0xff,
    0x3b, 0xf7, 0x1b, 0xf7, 0x1a, 0xff, 0xfa, 0xf6, 0xfa, 0xf6, 0x1b, 0xf7,
    0x3b, 0xf7, 0x1a, 0xf7, 0x1a, 0xf7, 0x1a, 0xff, 0x3b, 0xff, 0x3b, 0xf7,
    0x3a, 0xff, 0x3b, 0xff, 0x3b, 0xf7, 0x3b, 0xff, 0x3b, 0xff, 0x5b, 0xff,
    0x7c, 0xff, 0x5b, 0xff, 0x3b, 0xff, 0x5c, 0xff, 0x7c, 0xff, 0x7b, 0xff,
    0x5b, 0xff, 0x5c, 0xff, 0x7c, 0xff, 0x9c, 0xff, 0x5c, 0xff, 0x7c, 0xff,
    0x7c, 0xff, 0x7c, 0xff, 0x5b, 0xff, 0x7c, 0xff, 0x7c, 0xff, 0x7c, 0xff,
    0x7b, 0xff, 0x3b, 0xff, 0x5b, 0xff, 0x5b, 0xff, 0x5b, 0xff, 0x5b, 0xff,
    0x3b, 0xf7, 0xfa, 0xf6, 0xf9, 0xf6, 0x3a, 0xf7, 0x1a, 0xf7, 0xfa, 0xf6,
    0xd8, 0xee, 0xb8, 0xee, 0xb8, 0xee, 0xd8, 0xf6, 0xb7, 0xf6, 0x97, 0xee,
    0x56, 0xee, 0x56, 0xee, 0x76, 0xf6, 0x36, 0xee, 0x55, 0xee, 0x56, 0xf6,
    0x96, 0xf6, 0x97, 0xf6, 0x97, 0xf6, 0xb7, 0xf6, 0xd8, 0xf6, 0x3b, 0xff,
    0x7d, 0xff, 0xbd, 0xff, 0x9e, 0xff, 0xbe, 0xff, 0x9e, 0xff, 0x9c, 0xff,
    0x3c, 0xf7, 0xfb, 0xee, 0xda, 0xe6, 0xba, 0xde, 0x1b, 0xef, 0x7d, 0xf7,
    0xbb, 0xe6, 0xd7, 0xc5, 0x75, 0xbd, 0x13, 0xad, 0xb2, 0xa4, 0x71, 0x9c,
    0x30, 0x94, 0xae, 0x83, 0xf2, 0xb4, 0x38, 0xce, 0x4d, 0x73, 0x0b, 0x73,
    0x2b, 0x7b, 0x4c, 0x7b, 0x4c, 0x7b, 0x6c, 0x83, 0x8d, 0x8b, 0xce, 0x93,
    0x0e, 0x9c, 0x4f, 0xa4, 0x70, 0xac, 0xd0, 0xbc, 0xd1, 0xbc, 0xb6, 0xd5,
    0x36, 0xde, 0x73, 0xcd, 0xd4, 0xdd, 0xf5, 0xe5, 0x15, 0xe6, 0x35, 0xee,
    0x36, 0xee, 0x56, 0xee, 0x56, 0xee, 0x56, 0xee, 0x57, 0xee, 0x76, 0xf6,
    0x76, 0xee, 0x76, 0xf6, 0x77, 0xee, 0x77, 0xf6, 0x77, 0xee, 0x97, 0xee,
    0x76, 0xf6, 0x77, 0xee, 0x76, 0xf6, 0x77, 0xee, 0x76, 0xee, 0x77, 0xf6,
    0x56, 0xee, 0x57, 0xee, 0x77, 0xee, 0x56, 0xee, 0x56, 0xee, 0x77, 0xee,
    0x56, 0xee, 0x57, 0xee, 0x57, 0xe6, 0x57, 0xe6, 0x57, 0xee, 0x57, 0xe6,
    0x77, 0xe6, 0x78, 0xe6, 0x78, 0xe6, 0x98, 0xe6, 0x99, 0xe6, 0xb9, 0xe6,
    0xda, 0xee, 0xda, 0xee, 0x34, 0xb5, 0x34, 0xbd, 0x34, 0xbd, 0x54, 0xbd,
    0x54, 0xbd, 0x75, 0xbd, 0x55, 0xbd, 0x74, 0xc5, 0x95, 0xc5, 0x75, 0xc5,
    0x95, 0xc5, 0x95, 0xc5, 0x75, 0xbd, 0x95, 0xc5, 0x95, 0xc5, 0x95, 0xbd,
    0x95, 0xbd, 0x95, 0xc5, 0x96, 0xc5, 0xb5, 0xc5, 0x96, 0xc5, 0xb5, 0xc5,
    0x95, 0xc5, 0x95, 0xc5, 0x96, 0xc5, 0x95, 0xc5, 0x95, 0xc5, 0xb6, 0xc5,
    0x95, 0xc5, 0x53, 0xbd, 0x90, 0xb4, 0x2e, 0xac, 0x4f, 0xac, 0xb0, 0xb4,
    0xf1, 0xbc, 0xf2, 0xc4, 0xd1, 0xbc, 0x90, 0xb4, 0x2e, 0xac, 0x0d, 0xa4,
    0x8c, 0x9b, 0x0a, 0x8b, 0xc9, 0x82, 0xa9, 0x82, 0xa9, 0x7a, 0xa9, 0x7a,
    0x89, 0x7a, 0x89, 0x72, 0x68, 0x72, 0x48, 0x6a, 0x68, 0x6a, 0x69, 0x6a,
    0xa9, 0x72, 0xca, 0x7a, 0xa9, 0x72, 0xa9, 0x6a, 0xc9, 0x72, 0x2a, 0x83,
    0x2a, 0x83, 0x2a, 0x83, 0x2a, 0x83, 0x0a, 0x83, 0xc9, 0x7a, 0x88, 0x72,
    0x47, 0x5a, 0x27, 0x5a, 0x67, 0x62, 0x88, 0x6a, 0x68, 0x6a, 0x48, 0x62,
    0x67, 0x62, 0x68, 0x62, 0x88, 0x6a, 0x88, 0x6a, 0xe9, 0x7a, 0xa8, 0x72,
    0x88, 0x6a, 0x09, 0x7b, 0x2a, 0x8b, 0x2a, 0x8b, 0xe9, 0x7a, 0x0a, 0x83,
    0x09, 0x83, 0xc9, 0x6a, 0x88, 0x62, 0x2a, 0x83, 0x6e, 0xb4, 0xf0, 0xbc,
    0x2e, 0xac, 0xea, 0x72, 0xcd, 0x9b, 0x31, 0xcd, 0x73, 0xcd, 0x15, 0xe6,
    0xb0, 0xb4, 0x4a, 0x8b, 0xa9, 0x6a, 0x2b, 0x7b, 0x4e, 0xa4, 0xd0, 0xbc,
    0x4f, 0xac, 0x6e, 0xa4, 0x52, 0xcd, 0x27, 0x5a, 0x45, 0x39, 0x66, 0x39,
    0x07, 0x52, 0x07, 0x52, 0xa6, 0x49, 0x86, 0x39, 0x65, 0x39, 0x66, 0x39,
    0xa6, 0x41, 0x65, 0x39, 0x86, 0x41, 0x86, 0x41, 0xc6, 0x41, 0x86, 0x41,
    0x86, 0x39, 0x45, 0x39, 0x45, 0x31, 0xe4, 0x18, 0x04, 0x39, 0xf2, 0xc4,
    0xb5, 0xdd, 0x93, 0xcd, 0x94, 0xcd, 0xf6, 0xdd, 0xf2, 0xbc, 0x36, 0xe6,
    0xb5, 0xd5, 0x36, 0xe6, 0xb5, 0xcd, 0xd5, 0xdd, 0x16, 0xe6, 0x16, 0xde,
    0x94, 0xcd, 0x16, 0xde, 0x74, 0xcd, 0xf5, 0xdd, 0xf6, 0xdd, 0xb5, 0xd5,
    0x37, 0xe6, 0xd5, 0xd5, 0xf6, 0xdd, 0x57, 0xe6, 0xf6, 0xdd, 0x57, 0xe6,
    0x78, 0xf6, 0xb8, 0xee, 0xb9, 0xee, 0x98, 0xf6, 0xd9, 0xf6, 0xda, 0xf6,
    0xfa, 0xf6, 0xb9, 0xf6, 0x5c, 0xff, 0x1b, 0xf7, 0xfa, 0xfe, 0x1b, 0xff,
    0x9c, 0xff, 0x5c, 0xff, 0x5c, 0xff, 0x7c, 0xff, 0x7c, 0xff, 0xbd, 0xff,
    0x9d, 0xff, 0x9d, 0xff, 0x5c, 0xff, 0x3b, 0xff, 0x1b, 0xff, 0x5c, 0xff,
    0x5b, 0xff, 0x1a, 0xff, 0x3b, 0xf7, 0x3b, 0xff, 0x3b, 0xff, 0x5b, 0xff,
    0x1b, 0xf7, 0x3b, 0xf7, 0x3a, 0xff, 0x1b, 0xf7, 0x3b, 0xff, 0x3a, 0xff,
    0x3b, 0xff, 0x3b, 0xf7, 0x5b, 0xff, 0x5b, 0xff, 0x3b, 0xf7, 0x5b, 0xff,
    0x7c, 0xff, 0x5b, 0xf7, 0x5c, 0xff, 0x7c, 0xff, 0x7c, 0xff, 0x7b, 0xff,
    0x5c, 0xff, 0x9c, 0xff, 0x9c, 0xff, 0x7c, 0xff, 0x7c, 0xff, 0x7c, 0xff,
    0x7c, 0xff, 0x7c, 0xff, 0x5c, 0xff, 0x7c, 0xff, 0x7c, 0xff, 0x7c, 0xff,
    0x5b, 0xff, 0x5c, 0xff, 0x5c, 0xf7, 0x7b, 0xff, 0x7b, 0xff, 0x5b, 0xff,
    0x3b, 0xff, 0x3b, 0xff, 0x3a, 0xf7, 0x5b, 0xff, 0x1a, 0xf7, 0xd9, 0xf6,
    0xfa, 0xf6, 0x1a, 0xff, 0x1a, 0xf7, 0xb8, 0xf6, 0x56, 0xee, 0x76, 0xee,
    0x56, 0xee, 0x55, 0xf6, 0x15, 0xee, 0x14, 0xee, 0x14, 0xee, 0x35, 0xee,
    0x56, 0xf6, 0x97, 0xf6, 0xd8, 0xf6, 0x19, 0xff, 0x3a, 0xff, 0x7c, 0xff,
    0x9d, 0xff, 0x9d, 0xff, 0xbe, 0xff, 0xde, 0xff, 0xde, 0xff, 0xbe, 0xff,
    0x9e, 0xff, 0x5d, 0xf7, 0xfa, 0xee, 0xba, 0xde, 0x79, 0xde, 0x59, 0xd6,
    0xba, 0xde, 0x5c, 0xf7, 0xbb, 0xe6, 0x96, 0xbd, 0x34, 0xb5, 0xf3, 0xac,
    0xb2, 0xa4, 0x50, 0x9c, 0x0f, 0x8c, 0x8e, 0x7b, 0xd6, 0xcd, 0x14, 0xa5,
    0xeb, 0x6a, 0x0b, 0x73, 0x2b, 0x73, 0x2b, 0x7b, 0x4c, 0x7b, 0x8c, 0x83,
    0x8d, 0x8b, 0xce, 0x93, 0x2e, 0x9c, 0x4f, 0xa4, 0x90, 0xb4, 0xd0, 0xbc,
    0x12, 0xbd, 0x17, 0xde, 0x94, 0xd5, 0xb4, 0xd5, 0xf5, 0xdd, 0xf5, 0xe5,
    0x15, 0xe6, 0x15, 0xe6, 0x35, 0xe6, 0x56, 0xee, 0x56, 0xee, 0x56, 0xee,
    0x76, 0xee, 0x57, 0xee, 0x57, 0xee, 0x76, 0xee, 0x77, 0xf6, 0x76, 0xf6,
    0x77, 0xee, 0x77, 0xee, 0x76, 0xf6, 0x77, 0xee, 0x77, 0xee, 0x57, 0xf6,
    0x57, 0xee, 0x76, 0xee, 0x77, 0xee, 0x77, 0xee, 0x57, 0xee, 0x57, 0xee,
    0x77, 0xee, 0x57, 0xee, 0x56, 0xee, 0x57, 0xee, 0x77, 0xee, 0x57, 0xe6,
    0x77, 0xee, 0x77, 0xe6, 0x78, 0xe6, 0x78, 0xe6, 0x98, 0xe6, 0x99, 0xe6,
    0xb9, 0xee, 0xb9, 0xe6, 0xda, 0xee, 0x33, 0xb5, 0x34, 0xb5, 0x34, 0xbd,
    0x54, 0xbd, 0x54, 0xbd, 0x55, 0xbd, 0x75, 0xbd, 0x75, 0xbd, 0x75, 0xbd,
    0x75, 0xc5, 0x95, 0xc5, 0x95, 0xc5, 0x95, 0xc5, 0x95, 0xbd, 0x96, 0xc5,
    0x75, 0xc5, 0x95, 0xc5, 0xb6, 0xc5, 0x95, 0xc5, 0x95, 0xbd, 0x95, 0xc5,
    0x96, 0xc5, 0x96, 0xc5, 0xb5, 0xc5, 0x95, 0xc5, 0xb6, 0xc5, 0x95, 0xc5,
    0xb5, 0xc5, 0xb6, 0xc5, 0x94, 0xc5, 0xf2, 0xbc, 0x6f, 0xb4, 0x6f, 0xac,
    0xb0, 0xb4, 0xf1, 0xc4, 0xf1, 0xbc, 0xb0, 0xb4, 0x4f, 0xac, 0x0e, 0xac,
    0xcd, 0xa3, 0xad, 0x9b, 0x4b, 0x93, 0xea, 0x82, 0x89, 0x82, 0x69, 0x7a,
    0x69, 0x7a, 0x89, 0x7a, 0x89, 0x72, 0x69, 0x72, 0x69, 0x6a, 0xa9, 0x72,
    0xa9, 0x72, 0xa9, 0x72, 0xa9, 0x6a, 0x89, 0x6a, 0xa9, 0x72, 0xa9, 0x72,
    0xea, 0x7a, 0x0a, 0x83, 0xe9, 0x7a, 0xc9, 0x72, 0x89, 0x72, 0x88, 0x72,
    0xa9, 0x72, 0xa8, 0x72, 0x88, 0x62, 0x47, 0x5a, 0x47, 0x62, 0x68, 0x6a,
    0x68, 0x62, 0xa8, 0x72, 0xa9, 0x72, 0x88, 0x6a, 0x67, 0x62, 0x48, 0x62,
    0xc9, 0x7a, 0x2a, 0x83, 0x2a, 0x83, 0xa9, 0x72, 0x09, 0x83, 0x8b, 0x93,
    0x09, 0x7b, 0xa9, 0x6a, 0x0a, 0x7b, 0xac, 0x9b, 0x6b, 0x8b, 0xe9, 0x7a,
    0xe9, 0x72, 0x0a, 0x7b, 0x8f, 0xb4, 0x11, 0xc5, 0x52, 0xc5, 0x6f, 0xac,
    0x0d, 0x9c, 0x6f, 0xac, 0xb0, 0xb4, 0x31, 0xcd, 0x31, 0xcd, 0xac, 0x93,
    0xea, 0x7a, 0xed, 0x93, 0x2e, 0xb4, 0x24, 0x39, 0x86, 0x41, 0x27, 0x52,
    0x27, 0x5a, 0xa6, 0x41, 0x45, 0x39, 0x85, 0x39, 0xa6, 0x41, 0x86, 0x41,
    0x85, 0x39, 0xa6, 0x49, 0xe7, 0x49, 0xe7, 0x51, 0xc6, 0x49, 0xa6, 0x41,
    0xe6, 0x51, 0x07, 0x5a, 0xc6, 0x49, 0xa6, 0x41, 0x85, 0x39, 0x45, 0x29,
    0x83, 0x20, 0x4b, 0x8b, 0xd4, 0xdd, 0x94, 0xcd, 0xb5, 0xd5, 0xb4, 0xd5,
    0x94, 0xcd, 0xf5, 0xdd, 0xf6, 0xd5, 0x16, 0xd6, 0xb5, 0xd5, 0xf6, 0xd5,
    0x16, 0xde, 0xb5, 0xdd, 0xd6, 0xdd, 0xd5, 0xd5, 0xb5, 0xd5, 0xd5, 0xd5,
    0xf6, 0xd5, 0x36, 0xde, 0xf5, 0xdd, 0x16, 0xe6, 0x57, 0xe6, 0xf5, 0xdd,
    0x16, 0xe6, 0x37, 0xe6, 0x77, 0xee, 0xd9, 0xf6, 0xb9, 0xee, 0x58, 0xee,
    0xb9, 0xfe, 0xfa, 0xf6, 0x1a, 0xff, 0xb9, 0xf6, 0x1b, 0xff, 0x1b, 0xff,
    0xfb, 0xfe, 0x1b, 0xff, 0x5b, 0xff, 0x3c, 0xff, 0x1b, 0xff, 0x5c, 0xff,
    0x9d, 0xff, 0xbe, 0xff, 0x9e, 0xff, 0x7c, 0xff, 0x7c, 0xff, 0x3b, 0xf7,
    0x5c, 0xff, 0xfa, 0xf6, 0xfa, 0xf6, 0x3b, 0xff, 0x3b, 0xff, 0x3b, 0xf7,
    0x5b, 0xff, 0x3a, 0xf7, 0x1a, 0xf7, 0x1b, 0xff, 0x1b, 0xff, 0x3b, 0xf7,
    0x1b, 0xf7, 0x1b, 0xf7, 0x3b, 0xff, 0x3b, 0xff, 0x3b, 0xff, 0x7c, 0xff,
    0x5b, 0xff, 0x3b, 0xf7, 0x7c, 0xff, 0x7b, 0xff, 0x7c, 0xff, 0x7c, 0xff,
    0x7b, 0xff, 0x7c, 0xff, 0x7c, 0xff, 0x7c, 0xff, 0x9c, 0xff, 0x7c, 0xff,
    0x7c, 0xff, 0x9c, 0xff, 0x7c, 0xff, 0x7c, 0xff, 0x7b, 0xff, 0x7c, 0xff,
    0x7c, 0xff, 0x9c, 0xff, 0x7c, 0xff, 0x5c, 0xff, 0x7c, 0xff, 0x7c, 0xff,
    0x7c, 0xff, 0x3b, 0xff, 0x5b, 0xf7, 0x3a, 0xff, 0xfa, 0xf6, 0x3a, 0xf7,
    0x5b, 0xff, 0x3a, 0xf7, 0xb8, 0xee, 0x97, 0xf6, 0xb7, 0xf6, 0xb8, 0xf6,
    0x97, 0xf6, 0x56, 0xee, 0x15, 0xee, 0x35, 0xee, 0x56, 0xee, 0xb8, 0xf6,
    0xf9, 0xf6, 0x19, 0xf7, 0xf9, 0xf6, 0xf9, 0xf6, 0x1a, 0xf7, 0x5c, 0xff,
    0x9d, 0xff, 0xbd, 0xff, 0xde, 0xff, 0xde, 0xff, 0xde, 0xff, 0xde, 0xff,
    0xde, 0xff, 0xbe, 0xff, 0x9d, 0xff, 0x3c, 0xef, 0xfa, 0xe6, 0xda, 0xe6,
    0x98, 0xde, 0x38, 0xd6, 0x38, 0xd6, 0xfa, 0xde, 0x7a, 0xde, 0x75, 0xb5,
    0x13, 0xb5, 0xd3, 0xac, 0xb1, 0xa4, 0x70, 0x9c, 0xef, 0x83, 0x10, 0x94,
    0x39, 0xd6, 0x8e, 0x7b, 0xca, 0x6a, 0x0b, 0x73, 0x0b, 0x73, 0x4c, 0x7b,
    0x6c, 0x83, 0x8d, 0x8b, 0xae, 0x93, 0x0e, 0x9c, 0x2f, 0xa4, 0x70, 0xac,
    0xb0, 0xb4, 0xd0, 0xbc, 0x94, 0xc5, 0xf5, 0xdd, 0x93, 0xd5, 0xb4, 0xdd,
    0xf4, 0xdd, 0x15, 0xe6, 0x16, 0xe6, 0x36, 0xe6, 0x36, 0xee, 0x56, 0xee,
    0x56, 0xee, 0x77, 0xee, 0x77, 0xee, 0x76, 0xee, 0x76, 0xf6, 0x77, 0xee,
    0x77, 0xee, 0x76, 0xf6, 0x76, 0xee, 0x77, 0xf6, 0x76, 0xf6, 0x77, 0xee,
    0x76, 0xee, 0x56, 0xf6, 0x77, 0xee, 0x77, 0xee, 0x76, 0xee, 0x57, 0xee,
    0x57, 0xee, 0x76, 0xee, 0x77, 0xee, 0x57, 0xee, 0x77, 0xee, 0x77, 0xe6,
    0x77, 0xee, 0x78, 0xe6, 0x77, 0xee, 0x78, 0xe6, 0x98, 0xee, 0x98, 0xe6,
    0x98, 0xe6, 0x99, 0xe6, 0xb9, 0xee, 0xba, 0xee, 0x34, 0xbd, 0x34, 0xb5,
    0x34, 0xb5, 0x54, 0xbd, 0x54, 0xbd, 0x54, 0xbd, 0x55, 0xbd, 0x74, 0xbd,
    0x95, 0xc5, 0x75, 0xc5, 0x75, 0xbd, 0x75, 0xc5, 0x95, 0xbd, 0x95, 0xc5,
    0x95, 0xc5, 0x96, 0xc5, 0x95, 0xc5, 0x95, 0xc5, 0x95, 0xc5, 0xb6, 0xbd,
    0x95, 0xc5, 0x95, 0xc5, 0xb5, 0xc5, 0x95, 0xbd, 0x95, 0xc5, 0xb5, 0xc5,
    0xb5, 0xc5, 0x96, 0xc5, 0x95, 0xcd, 0xb5, 0xcd, 0x53, 0xc5, 0xb1, 0xb4,
    0x4f, 0xac, 0xb0, 0xb4, 0xf2, 0xbc, 0x11, 0xbd, 0xb0, 0xbc, 0x4f, 0xac,
    0xee, 0xa3, 0xad, 0x9b, 0x8c, 0x9b, 0x8c, 0x9b, 0x4c, 0x93, 0xea, 0x82,
    0x89, 0x7a, 0x68, 0x72, 0x68, 0x72, 0x68, 0x72, 0xa9, 0x72, 0xc9, 0x7a,
    0xa9, 0x72, 0x48, 0x62, 0x48, 0x62, 0x69, 0x6a, 0xc9, 0x72, 0xea, 0x7a,
    0x2a, 0x83, 0x2b, 0x83, 0x2a, 0x83, 0x2a, 0x8b, 0x0a, 0x83, 0xc9, 0x7a,
    0x88, 0x6a, 0x88, 0x6a, 0xa8, 0x72, 0xa8, 0x72, 0x88, 0x6a, 0x68, 0x6a,
    0x67, 0x62, 0x68, 0x62, 0x68, 0x62, 0xa8, 0x72, 0xc8, 0x7a, 0xc9, 0x72,
    0x68, 0x6a, 0x47, 0x5a, 0x68, 0x62, 0xc9, 0x72, 0x29, 0x83, 0x4a, 0x8b,
    0xe9, 0x7a, 0x4b, 0x8b, 0x6b, 0x8b, 0x6b, 0x8b, 0x4a, 0x83, 0xab, 0x93,
    0xac, 0x9b, 0x4e, 0xac, 0x4e, 0xa4, 0x4e, 0xac, 0x52, 0xcd, 0xd0, 0xbc,
    0x0e, 0x9c, 0x2e, 0xa4, 0xf0, 0xc4, 0x8f, 0xb4, 0x8c, 0x8b, 0xea, 0x72,
    0x8c, 0x83, 0x72, 0xcd, 0x4f, 0xb4, 0x64, 0x39, 0x27, 0x52, 0x48, 0x62,
    0xe7, 0x51, 0x45, 0x31, 0x65, 0x31, 0x65, 0x39, 0xa6, 0x49, 0xc6, 0x49,
    0xa6, 0x41, 0x27, 0x52, 0x07, 0x52, 0x06, 0x52, 0x27, 0x5a, 0x07, 0x52,
    0x07, 0x4a, 0x27, 0x5a, 0x07, 0x5a, 0x47, 0x5a, 0x07, 0x52, 0xa6, 0x49,
    0x86, 0x41, 0x65, 0x31, 0xc3, 0x18, 0x48, 0x6a, 0x53, 0xd5, 0xf5, 0xd5,
    0x74, 0xcd, 0x74, 0xcd, 0xb5, 0xd5, 0xf6, 0xd5, 0xf5, 0xd5, 0xf6, 0xdd,
    0x94, 0xcd, 0xf5, 0xd5, 0xd5, 0xdd, 0xd5, 0xd5, 0xd5, 0xd5, 0x16, 0xde,
    0x94, 0xcd, 0x16, 0xde, 0xd5, 0xdd, 0x37, 0xe6, 0xd5, 0xd5, 0x57, 0xe6,
    0xd5, 0xdd, 0x16, 0xe6, 0xf6, 0xe5, 0xf6, 0xe5, 0x58, 0xee, 0xd9, 0xf6,
    0x98, 0xf6, 0xd9, 0xf6, 0x78, 0xf6, 0x1b, 0xff, 0xfa, 0xfe, 0xb9, 0xf6,
    0xfa, 0xfe, 0xfa, 0xf6, 0xfa, 0xfe, 0xfa, 0xfe, 0x1b, 0xff, 0x1b, 0xff,
    0x3c, 0xff, 0x9d, 0xff, 0x9e, 0xff, 0xbe, 0xff, 0xbe, 0xff, 0x9e, 0xff,
    0x7c, 0xff, 0x3b, 0xf7, 0x1b, 0xff, 0x3b, 0xf7, 0x3c, 0xf7, 0x5b, 0xff,
    0x1b, 0xf7, 0xfa, 0xf6, 0x1b, 0xff, 0x3b, 0xff, 0x3b, 0xf7, 0x3b, 0xf7,
    0x1a, 0xf7, 0x3b, 0xf7, 0x5b, 0xff, 0x5b, 0xff, 0x5c, 0xff, 0x7c, 0xff,
    0x3b, 0xff, 0x5b, 0xff, 0x7c, 0xff, 0x7c, 0xff, 0x7c, 0xff, 0x7c, 0xff,
    0x7c, 0xff, 0x9c, 0xff, 0x9c, 0xff, 0x9c, 0xff, 0x9c, 0xff, 0x7c, 0xff,
    0x9c, 0xff, 0x9c, 0xff, 0x7c, 0xff, 0x9c, 0xff, 0x7c, 0xff, 0x9c, 0xff,
    0x7c, 0xff, 0x7c, 0xff, 0x7c, 0xff, 0x5b, 0xff, 0x7c, 0xff, 0x7c, 0xff,
    0x5b, 0xff, 0x5b, 0xff, 0x3a, 0xff, 0x3b, 0xf7, 0x3b, 0xff, 0x5b, 0xff,
    0x3b, 0xff, 0xd9, 0xf6, 0xb8, 0xf6, 0xb8, 0xf6, 0xd9, 0xf6, 0xb8, 0xf6,
    0x77, 0xee, 0x77, 0xf6, 0x97, 0xee, 0xd9, 0xf6, 0x1a, 0xff, 0x3a, 0xff,
    0xf9, 0xf6, 0xb8, 0xf6, 0xb8, 0xf6, 0xf9, 0xfe, 0x5b, 0xff, 0x9d, 0xff,
    0x9d, 0xff, 0xbd, 0xff, 0xdf, 0xff, 0xfe, 0xff, 0xde, 0xff, 0xdf, 0xff,
    0xdf, 0xff, 0xde, 0xff, 0xbd, 0xff, 0x7d, 0xf7, 0x7d, 0xff, 0x3c, 0xef,
    0xda, 0xe6, 0x99, 0xde, 0x58, 0xd6, 0x18, 0xce, 0xd7, 0xc5, 0x79, 0xde,
    0x79, 0xde, 0x15, 0xb5, 0xf2, 0xac, 0xb1, 0xac, 0x72, 0x9c, 0x0f, 0x94,
    0x6d, 0x73, 0x33, 0xb5, 0x76, 0xad, 0xca, 0x62, 0xea, 0x72, 0x0b, 0x73,
    0x0b, 0x7b, 0x4c, 0x7b, 0x8d, 0x83, 0xcd, 0x8b, 0xce, 0x93, 0x2e, 0xa4,
    0x6f, 0xa4, 0xb0, 0xb4, 0xd1, 0xbc, 0x11, 0xc5, 0xd5, 0xd5, 0xb4, 0xcd,
    0xb4, 0xd5, 0xd4, 0xdd, 0xf5, 0xe5, 0x35, 0xe6, 0x16, 0xe6, 0x36, 0xe6,
    0x56, 0xee, 0x56, 0xee, 0x76, 0xee, 0x56, 0xee, 0x77, 0xee, 0x77, 0xee,
    0x76, 0xee, 0x77, 0xee, 0x77, 0xee, 0x77, 0xee, 0x76, 0xee, 0x57, 0xee,
    0x77, 0xf6, 0x77, 0xee, 0x77, 0xee, 0x76, 0xee, 0x77, 0xee, 0x77, 0xee,
    0x57, 0xee, 0x77, 0xee, 0x77, 0xee, 0x76, 0xee, 0x77, 0xee, 0x77, 0xe6,
    0x77, 0xee, 0x58, 0xee, 0x77, 0xee, 0x77, 0xe6, 0x78, 0xee, 0x78, 0xe6,
    0x98, 0xe6, 0x99, 0xe6, 0xb9, 0xe6, 0xb9, 0xee, 0xb9, 0xe6, 0x34, 0xb5,
    0x34, 0xbd, 0x34, 0xbd, 0x34, 0xbd, 0x54, 0xbd, 0x75, 0xbd, 0x75, 0xbd,
    0x74, 0xc5, 0x75, 0xbd, 0x75, 0xbd, 0x95, 0xc5, 0x95, 0xbd, 0x95, 0xc5,
    0x95, 0xc5, 0x95, 0xc5, 0x95, 0xc5, 0xb6, 0xc5, 0x95, 0xc5, 0x96, 0xc5,
    0x95, 0xc5, 0x95, 0xc5, 0x96, 0xc5, 0x95, 0xbd, 0x96, 0xc5, 0x96, 0xc5,
    0x95, 0xc5, 0x95, 0xc5, 0x96, 0xc5, 0xb6, 0xc5, 0xb6, 0xcd, 0x94, 0xc5,
    0xf2, 0xbc, 0x4f, 0xac, 0x90, 0xac, 0xf1, 0xbc, 0x12, 0xc5, 0xf1, 0xbc,
    0x6f, 0xb4, 0xed, 0xa3, 0xac, 0x9b, 0x4b, 0x93, 0x4b, 0x93, 0x4b, 0x93,
    0x4c, 0x8b, 0x0a, 0x83, 0xa9, 0x7a, 0x68, 0x72, 0x48, 0x72, 0x68, 0x6a,
    0x48, 0x6a, 0x48, 0x6a, 0x89, 0x6a, 0xa9, 0x7a, 0xea, 0x82, 0x2a, 0x83,
    0x0a, 0x83, 0x0a, 0x83, 0xe9, 0x7a, 0xe9, 0x82, 0xe9, 0x7a, 0xc9, 0x7a,
    0xa8, 0x72, 0x88, 0x6a, 0x68, 0x62, 0x47, 0x62, 0x47, 0x62, 0x68, 0x62,
    0x68, 0x6a, 0xa8, 0x72, 0xc8, 0x7a, 0xc9, 0x72, 0x68, 0x62, 0xa8, 0x72,
    0x88, 0x72, 0xc8, 0x72, 0xa8, 0x72, 0xa8, 0x72, 0x88, 0x6a, 0xc9, 0x72,
    0xc9, 0x72, 0xea, 0x7a, 0x4b, 0x83, 0x6b, 0x93, 0xac, 0x93, 0x6b, 0x8b,
    0xac, 0x9b, 0x8c, 0x93, 0xcd, 0x93, 0xb0, 0xbc, 0xf0, 0xbc, 0x0d, 0x9c,
    0xed, 0x9b, 0xaf, 0xb4, 0x6e, 0xb4, 0x4e, 0xac, 0x8f, 0xac, 0xb1, 0xbc,
    0x8f, 0xb4, 0x31, 0xc5, 0xce, 0xa3, 0xe4, 0x20, 0xc6, 0x41, 0x28, 0x5a,
    0x86, 0x39, 0x25, 0x31, 0x85, 0x39, 0xc6, 0x49, 0x07, 0x5a, 0xc6, 0x49,
    0xc6, 0x41, 0x47, 0x5a, 0x28, 0x52, 0xe7, 0x49, 0x88, 0x62, 0xc9, 0x72,
    0xc9, 0x72, 0xc9, 0x72, 0x89, 0x6a, 0x68, 0x62, 0x27, 0x5a, 0x07, 0x5a,
    0x07, 0x5a, 0xe6, 0x51, 0xa6, 0x41, 0x86, 0x39, 0xe3, 0x20, 0xa6, 0x51,
    0xd0, 0xbc, 0xf5, 0xd5, 0x33, 0xc5, 0xd5, 0xd5, 0x94, 0xd5, 0xd5, 0xd5,
    0x94, 0xd5, 0x17, 0xde, 0xb5, 0xd5, 0xf6, 0xdd, 0xd5, 0xd5, 0x74, 0xcd,
    0x17, 0xde, 0x94, 0xcd, 0xd5, 0xdd, 0xd5, 0xd5, 0x57, 0xde, 0xf5, 0xdd,
    0xd6, 0xdd, 0x36, 0xde, 0x56, 0xe6, 0x36, 0xe6, 0xd6, 0xdd, 0x37, 0xee,
    0x77, 0xee, 0x57, 0xee, 0xf9, 0xf6, 0x98, 0xee, 0x78, 0xf6, 0xfa, 0xf6,
    0xd9, 0xf6, 0xd9, 0xfe, 0xda, 0xf6, 0x1b, 0xff, 0x1a, 0xf7, 0x5c, 0xff,
    0x3c, 0xff, 0xfa, 0xfe, 0x9d, 0xff, 0x9d, 0xff, 0x7d, 0xff, 0xde, 0xff,
    0xde, 0xff, 0x9e, 0xff, 0x3b, 0xff, 0x5b, 0xff, 0x3b, 0xff, 0x3b, 0xff,
    0x5b, 0xf7, 0x3b, 0xf7, 0x1b, 0xf7, 0x1b, 0xff, 0x1b, 0xf7, 0x3b, 0xf7,
    0x3b, 0xff, 0x3b, 0xff, 0x5b, 0xff, 0x5b, 0xff, 0x5b, 0xff, 0x5b, 0xff,
    0x5b, 0xff, 0x5b, 0xff, 0x7c, 0xff, 0x7c, 0xff, 0x7d, 0xff, 0x9c, 0xff,
    0x7c, 0xff, 0x9c, 0xff, 0x7c, 0xff, 0x9d, 0xff, 0x9c, 0xff, 0x7c, 0xff,
    0x9c, 0xff, 0x9c, 0xff, 0x7c, 0xff, 0x9c, 0xff, 0x9d, 0xff, 0x9c, 0xff,
    0x7c, 0xff, 0x9c, 0xff, 0x7c, 0xff, 0x9c, 0xff, 0x9c, 0xff, 0x7c, 0xff,
    0x7c, 0xff, 0x7b, 0xff, 0x5c, 0xf7, 0x5b, 0xff, 0x5b, 0xff, 0x7b, 0xff,
    0x3b, 0xf7, 0x1a, 0xf7, 0x1a, 0xf7, 0x1a, 0xff, 0xf9, 0xf6, 0xd9, 0xf6,
    0xd9, 0xf6, 0xfa, 0xf6, 0x3a, 0xf7, 0x1a, 0xff, 0xf9, 0xf6, 0xd8, 0xf6,
    0xd8, 0xf6, 0x1a, 0xff, 0x5b, 0xff, 0x7c, 0xff, 0x9c, 0xff, 0x9d, 0xff,
    0x9d, 0xff, 0xbd, 0xff, 0xde, 0xff, 0xde, 0xff, 0xdf, 0xff, 0xff, 0xff,
    0xdf, 0xff, 0xde, 0xff, 0xdf, 0xff, 0xbe, 0xff, 0x7d, 0xff, 0x7d, 0xf7,
    0x5c, 0xf7, 0xda, 0xee, 0xba, 0xe6, 0x99, 0xe6, 0x79, 0xde, 0x58, 0xde,
    0xd6, 0xc5, 0x58, 0xd6, 0x59, 0xd6, 0xf4, 0xb4, 0xb2, 0xac, 0xb1, 0xa4,
    0x50, 0x9c, 0xae, 0x7b, 0x8d, 0x7b, 0xf7, 0xc5, 0xf0, 0x83, 0xca, 0x6a,
    0x0b, 0x73, 0x0b, 0x73, 0x4b, 0x7b, 0x6c, 0x83, 0x8c, 0x8b, 0xed, 0x93,
    0x0f, 0x9c, 0x4f, 0xac, 0x70, 0xb4, 0xd0, 0xbc, 0xf1, 0xbc, 0x54, 0xcd,
    0x94, 0xd5, 0x93, 0xd5, 0xd4, 0xdd, 0xf5, 0xdd, 0x15, 0xe6, 0x15, 0xee,
    0x35, 0xee, 0x36, 0xee, 0x56, 0xee, 0x56, 0xee, 0x56, 0xee, 0x57, 0xf6,
    0x56, 0xf6, 0x57, 0xee, 0x76, 0xee, 0x77, 0xf6, 0x77, 0xee, 0x77, 0xf6,
    0x57, 0xee, 0x77, 0xee, 0x77, 0xee, 0x96, 0xee, 0x77, 0xf6, 0x77, 0xee,
    0x77, 0xee, 0x77, 0xee, 0x77, 0xee, 0x77, 0xee, 0x77, 0xee, 0x77, 0xe6,
    0x57, 0xee, 0x77, 0xee, 0x78, 0xe6, 0x78, 0xe6, 0x77, 0xe6, 0x78, 0xe6,
    0x98, 0xee, 0x78, 0xe6, 0x99, 0xe6, 0x98, 0xee, 0x99, 0xe6, 0xb9, 0xee,
    0x34, 0xb5, 0x33, 0xb5, 0x54, 0xb5, 0x54, 0xbd, 0x55, 0xbd, 0x74, 0xbd,
    0x55, 0xbd, 0x75, 0xbd, 0x95, 0xc5, 0x74, 0xc5, 0x95, 0xbd, 0x95, 0xbd,
    0x75, 0xc5, 0x95, 0xc5, 0xb6, 0xbd, 0x95, 0xc5, 0x95, 0xc5, 0x95, 0xbd,
    0x95, 0xc5, 0x95, 0xc5, 0x96, 0xc5, 0x96, 0xbd, 0x95, 0xc5, 0x95, 0xc5,
    0x96, 0xc5, 0x95, 0xc5, 0x96, 0xc5, 0xb5, 0xc5, 0xb5, 0xc5, 0xb5, 0xc5,
    0xb5, 0xc5, 0x53, 0xc5, 0x90, 0xac, 0x4f, 0xac, 0xb0, 0xb4, 0x11, 0xbd,
    0x12, 0xc5, 0xd1, 0xb4, 0x4f, 0xac, 0xed, 0xa3, 0x8c, 0x9b, 0x4b, 0x93,
    0x4b, 0x8b, 0x2b, 0x8b, 0x4b, 0x8b, 0x2b, 0x8b, 0xca, 0x82, 0x69, 0x72,
    0x48, 0x72, 0x89, 0x72, 0xea, 0x7a, 0x0b, 0x83, 0x2b, 0x83, 0x0b, 0x83,
    0xea, 0x82, 0xca, 0x7a, 0x89, 0x6a, 0x68, 0x6a, 0x68, 0x6a, 0x68, 0x6a,
    0x88, 0x6a, 0x67, 0x62, 0x47, 0x62, 0x68, 0x6a, 0x88, 0x6a, 0x68, 0x6a,
    0x68, 0x6a, 0x88, 0x72, 0xa8, 0x72, 0xa8, 0x72, 0xa8, 0x72, 0x68, 0x62,
    0x27, 0x5a, 0x47, 0x5a, 0x47, 0x5a, 0xa8, 0x6a, 0xa9, 0x72, 0xc9, 0x72,
    0xa9, 0x72, 0x2a, 0x83, 0x2a, 0x83, 0x2a, 0x8b, 0x4a, 0x8b, 0xcc, 0x93,
    0x0d, 0xac, 0x6b, 0x83, 0xcd, 0x8b, 0xf1, 0xc4, 0x6f, 0xac, 0x2e, 0xac,
    0x4f, 0xac, 0x2d, 0xac, 0x8f, 0xac, 0xd1, 0xbc, 0x52, 0xcd, 0xb0, 0xb4,
    0xea, 0x7a, 0xa9, 0x6a, 0x0a, 0x83, 0x04, 0x29, 0x85, 0x41, 0x48, 0x62,
    0x86, 0x39, 0x24, 0x29, 0x85, 0x39, 0xc6, 0x49, 0x27, 0x5a, 0xc6, 0x49,
    0x69, 0x5a, 0x27, 0x5a, 0x88, 0x6a, 0x47, 0x31, 0x47, 0x29, 0x07, 0x52,
    0x4b, 0x83, 0x0e, 0x94, 0xee, 0x8b, 0x2e, 0x9c, 0x4f, 0xa4, 0x2e, 0x9c,
    0xa9, 0x62, 0xe7, 0x51, 0x27, 0x5a, 0xa6, 0x49, 0x86, 0x41, 0x85, 0x39,
    0x04, 0x21, 0x25, 0x39, 0x0e, 0xac, 0x94, 0xd5, 0x73, 0xcd, 0x74, 0xcd,
    0xf6, 0xdd, 0x74, 0xcd, 0x36, 0xe6, 0xf6, 0xdd, 0xf6, 0xdd, 0x94, 0xcd,
    0xb5, 0xd5, 0xf6, 0xdd, 0xf5, 0xdd, 0xb5, 0xcd, 0xd5, 0xdd, 0xf6, 0xdd,
    0x16, 0xe6, 0xd5, 0xdd, 0x16, 0xe6, 0xb5, 0xdd, 0x37, 0xe6, 0xf6, 0xe5,
    0x16, 0xe6, 0x16, 0xe6, 0x77, 0xee, 0xf6, 0xed, 0x78, 0xf6, 0x37, 0xee,
    0x78, 0xf6, 0x98, 0xf6, 0x78, 0xf6, 0x78, 0xf6, 0xd9, 0xfe, 0xda, 0xfe,
    0xfa, 0xfe, 0x7c, 0xff, 0xfa, 0xfe, 0xfa, 0xfe, 0x5d, 0xff, 0x9d, 0xff,
    0x9d, 0xff, 0xde, 0xff, 0xde, 0xff, 0x7c, 0xff, 0x5c, 0xff, 0x1b, 0xf7,
    0xfa, 0xf6, 0x3b, 0xff, 0x1a, 0xff, 0x1b, 0xf7, 0x3a, 0xff, 0x3b, 0xf7,
    0x3b, 0xff, 0x3b, 0xff, 0x5b, 0xff, 0x5b, 0xff, 0x3c, 0xff, 0x5b, 0xff,
    0x3c, 0xff, 0x5c, 0xff, 0x7c, 0xff, 0x7c, 0xff, 0x9c, 0xff, 0x7c, 0xff,
    0x7c, 0xff, 0x7c, 0xff, 0x9c, 0xff, 0x7c, 0xff, 0x7c, 0xff, 0x7c, 0xff,
    0x9c, 0xff, 0x7d, 0xff, 0x9d, 0xff, 0x9c, 0xff, 0x9c, 0xff, 0x7d, 0xff,
    0x9c, 0xff, 0x9c, 0xff, 0x9c, 0xff, 0x7c, 0xff, 0x7d, 0xff, 0x9c, 0xff,
    0x7c, 0xff, 0x7b, 0xff, 0x7c, 0xff, 0x5b, 0xff, 0x5b, 0xff, 0x5b, 0xff,
    0x1a, 0xf7, 0x1a, 0xff, 0x1a, 0xff, 0x1a, 0xff, 0x3a, 0xf7, 0x1a, 0xff,
    0x3a, 0xf7, 0x3a, 0xff, 0x1a, 0xff, 0x19, 0xf7, 0x1a, 0xff, 0x3a, 0xff,
    0x3b, 0xff, 0x5b, 0xff, 0x5b, 0xff, 0x5b, 0xff, 0x7c, 0xff, 0x7d, 0xff,
    0x9d, 0xff, 0xbe, 0xff, 0xbe, 0xff, 0xde, 0xff, 0xde, 0xff, 0xdf, 0xff,
    0xdf, 0xff, 0xfe, 0xff, 0xde, 0xff, 0xde, 0xff, 0xbf, 0xff, 0xbd, 0xff,
    0x5d, 0xf7, 0x5c, 0xff, 0x1b, 0xef, 0xfa, 0xee, 0xda, 0xee, 0x9a, 0xe6,
    0x78, 0xde, 0x78, 0xde, 0x17, 0xce, 0x78, 0xde, 0x38, 0xce, 0xd3, 0xa4,
    0x91, 0xa4, 0x91, 0x9c, 0x2f, 0x94, 0x6d, 0x73, 0x92, 0xa4, 0x76, 0xb5,
    0x0b, 0x6b, 0x2b, 0x7b, 0x2c, 0x7b, 0x4c, 0x7b, 0x4d, 0x83, 0x8d, 0x8b,
    0xcd, 0x8b, 0x0e, 0x94, 0x4f, 0xa4, 0x70, 0xac, 0xb0, 0xb4, 0xf1, 0xbc,
    0x32, 0xc5, 0x94, 0xd5, 0x94, 0xd5, 0xd4, 0xd5, 0xd4, 0xdd, 0xf5, 0xe5,
    0x15, 0xe6, 0x36, 0xe6, 0x36, 0xe6, 0x56, 0xee, 0x56, 0xee, 0x56, 0xee,
    0x76, 0xee, 0x77, 0xee, 0x77, 0xee, 0x56, 0xee, 0x77, 0xf6, 0x57, 0xee,
    0x97, 0xee, 0x97, 0xee, 0x77, 0xee, 0x96, 0xf6, 0x77, 0xee, 0x77, 0xee,
    0x97, 0xee, 0x77, 0xee, 0x97, 0xee, 0x77, 0xee, 0x77, 0xee, 0x77, 0xe6,
    0x77, 0xee, 0x77, 0xee, 0x78, 0xe6, 0x97, 0xe6, 0x77, 0xee, 0x78, 0xe6,
    0x78, 0xee, 0x98, 0xee, 0x98, 0xe6, 0x99, 0xe6, 0x98, 0xe6, 0x99, 0xe6,
    0xb9, 0xe6, 0x34, 0xb5, 0x34, 0xb5, 0x34, 0xbd, 0x54, 0xbd, 0x54, 0xbd,
    0x54, 0xbd, 0x74, 0xbd, 0x75, 0xbd, 0x75, 0xbd, 0x75, 0xc5, 0x75, 0xc5,
    0x95, 0xc5, 0x95, 0xc5, 0x95, 0xc5, 0x95, 0xc5, 0x95, 0xc5, 0x96, 0xc5,
    0x95, 0xc5, 0x95, 0xc5, 0x96, 0xc5, 0xb5, 0xc5, 0x95, 0xc5, 0x95, 0xbd,
    0x95, 0xc5, 0xb5, 0xc5, 0xb5, 0xc5, 0xb6, 0xbd, 0x95, 0xc5, 0xb5, 0xc5,
    0xb6, 0xc5, 0xb6, 0xcd, 0x94, 0xcd, 0x12, 0xbd, 0x70, 0xac, 0x90, 0xb4,
    0x12, 0xbd, 0x52, 0xc5, 0x12, 0xc5, 0xd1, 0xb4, 0x70, 0xac, 0x2f, 0xa4,
    0xed, 0x9b, 0xad, 0x93, 0x6c, 0x93, 0x4b, 0x8b, 0x4b, 0x8b, 0x2b, 0x8b,
    0x2b, 0x83, 0x0a, 0x83, 0x2b, 0x83, 0x2b, 0x83, 0xea, 0x7a, 0xa9, 0x72,
    0x89, 0x6a, 0xa9, 0x6a, 0xa9, 0x6a, 0x88, 0x6a, 0x68, 0x62, 0x88, 0x6a,
    0xa9, 0x72, 0xe9, 0x7a, 0xa8, 0x72, 0x88, 0x6a, 0x47, 0x6a, 0x68, 0x6a,
    0x87, 0x6a, 0x67, 0x6a, 0x48, 0x62, 0x47, 0x62, 0x67, 0x62, 0x68, 0x62,
    0x88, 0x72, 0xc9, 0x7a, 0xe9, 0x7a, 0xe9, 0x7a, 0xc9, 0x72, 0xa8, 0x6a,
    0x4a, 0x8b, 0xe9, 0x7a, 0xc9, 0x72, 0xc9, 0x72, 0xc9, 0x72, 0xea, 0x72,
    0x0a, 0x7b, 0x4b, 0x83, 0x4e, 0xac, 0xd0, 0xbc, 0xaf, 0xbc, 0x6f, 0xac,
    0x8b, 0x8b, 0x0e, 0x9c, 0x90, 0xac, 0xcf, 0xbc, 0x11, 0xbd, 0x4b, 0x83,
    0x2a, 0x7b, 0x6b, 0x8b, 0x07, 0x5a, 0x45, 0x31, 0xa6, 0x41, 0x48, 0x62,
    0xa6, 0x39, 0x25, 0x29, 0x85, 0x41, 0xe6, 0x51, 0x27, 0x62, 0xe7, 0x49,
    0x28, 0x52, 0x68, 0x62, 0x88, 0x62, 0x68, 0x62, 0x46, 0x29, 0xa7, 0x31,
    0xc8, 0x39, 0x49, 0x52, 0xac, 0x8b, 0xee, 0x8b, 0xef, 0x8b, 0x0e, 0x94,
    0x71, 0xa4, 0xf2, 0xb4, 0xad, 0x83, 0xe7, 0x51, 0xe6, 0x49, 0xc6, 0x49,
    0x86, 0x41, 0x65, 0x31, 0x25, 0x21, 0x25, 0x39, 0xed, 0xab, 0x12, 0xc5,
    0x94, 0xd5, 0x53, 0xc5, 0xb4, 0xd5, 0x94, 0xd5, 0x16, 0xde, 0xf5, 0xd5,
    0x36, 0xde, 0x95, 0xd5, 0xf5, 0xdd, 0xb5, 0xd5, 0xd5, 0xd5, 0xf6, 0xd5,
    0xf6, 0xdd, 0x37, 0xe6, 0xb5, 0xd5, 0x17, 0xe6, 0xb5, 0xdd, 0xd5, 0xe5,
    0xd5, 0xdd, 0x16, 0xe6, 0xd6, 0xed, 0x57, 0xee, 0x98, 0xf6, 0x17, 0xee,
    0xd5, 0xed, 0x78, 0xf6, 0x1a, 0xff, 0x58, 0xf6, 0x17, 0xee, 0xfa, 0xfe,
    0xda, 0xfe, 0xb9, 0xfe, 0xfa, 0xfe, 0x7c, 0xff, 0xfa, 0xfe, 0xfa, 0xfe,
    0x3b, 0xff, 0x9e, 0xff, 0xbe, 0xff, 0xde, 0xff, 0x9e, 0xff, 0x7c, 0xff,
    0x1b, 0xf7, 0x3b, 0xff, 0x3b, 0xff, 0x1b, 0xf7, 0x3b, 0xff, 0x3b, 0xff,
    0x3b, 0xff, 0x3b, 0xff, 0x5b, 0xff, 0x3b, 0xf7, 0x5b, 0xff, 0x5b, 0xff,
    0x3c, 0xf7, 0x5b, 0xff, 0x7c, 0xff, 0x7c, 0xff, 0x7c, 0xff, 0x7c, 0xff,
    0x7c, 0xff, 0x7c, 0xff, 0x7c, 0xff, 0x7c, 0xff, 0x7c, 0xff, 0x9c, 0xff,
    0x7d, 0xff, 0x9c, 0xff, 0x9c, 0xff, 0x9d, 0xff, 0x9c, 0xff, 0x9d, 0xff,
    0xbd, 0xff, 0x9c, 0xff, 0x7d, 0xff, 0x9c, 0xff, 0x9d, 0xff, 0xbd, 0xff,
    0x7c, 0xff, 0x7c, 0xff, 0x7c, 0xff, 0x7c, 0xff, 0x7c, 0xff, 0x5c, 0xff,
    0x7b, 0xff, 0x5b, 0xff, 0x3c, 0xff, 0x5b, 0xff, 0x5b, 0xff, 0x3b, 0xf7,
    0x3b, 0xff, 0x1a, 0xff, 0x1a, 0xf7, 0x3a, 0xff, 0x3b, 0xf7, 0x1a, 0xf7,
    0x1a, 0xff, 0x3b, 0xff, 0x3b, 0xff, 0x5b, 0xff, 0x7b, 0xff, 0x9c, 0xff,
    0x9d, 0xff, 0xbd, 0xff, 0xbe, 0xff, 0xde, 0xff, 0xde, 0xff, 0xdf, 0xff,
    0xde, 0xff, 0xde, 0xff, 0xdf, 0xff, 0xdf, 0xff, 0xde, 0xff, 0xbe, 0xff,
    0x7d, 0xf7, 0x3c, 0xf7, 0x3c, 0xf7, 0x5c, 0xef, 0xba, 0xe6, 0xba, 0xe6,
    0x99, 0xe6, 0x99, 0xde, 0x98, 0xe6, 0x58, 0xde, 0xf7, 0xcd, 0x58, 0xde,
    0x18, 0xce, 0xb2, 0xa4, 0x91, 0xac, 0x71, 0xa4, 0xef, 0x8b, 0x6d, 0x7b,
    0xd7, 0xc5, 0x31, 0x8c, 0x0c, 0x73, 0x6c, 0x83, 0x8c, 0x83, 0x8d, 0x83,
    0xad, 0x83, 0xcd, 0x93, 0xee, 0x93, 0x4f, 0xa4, 0x6f, 0xa4, 0xb0, 0xb4,
    0xf1, 0xbc, 0x32, 0xc5, 0x73, 0xcd, 0x93, 0xcd, 0xb4, 0xd5, 0xd4, 0xdd,
    0xf5, 0xe5, 0x15, 0xe6, 0x35, 0xe6, 0x36, 0xe6, 0x56, 0xe6, 0x56, 0xee,
    0x77, 0xee, 0x57, 0xee, 0x77, 0xee, 0x77, 0xee, 0x77, 0xee, 0x77, 0xee,
    0x77, 0xee, 0x77, 0xf6, 0x97, 0xee, 0x77, 0xf6, 0x98, 0xee, 0x77, 0xee,
    0x77, 0xf6, 0x97, 0xf6, 0x97, 0xee, 0x97, 0xee, 0x77, 0xee, 0x98, 0xee,
    0x97, 0xee, 0x77, 0xee, 0x98, 0xee, 0x77, 0xee, 0x78, 0xee, 0x98, 0xee,
    0x78, 0xee, 0x98, 0xe6, 0x98, 0xe6, 0x99, 0xe6, 0x98, 0xe6, 0x99, 0xe6,
    0x99, 0xe6, 0x99, 0xee, 0x34, 0xb5, 0x34, 0xbd, 0x34, 0xbd, 0x35, 0xbd,
    0x54, 0xbd, 0x55, 0xbd, 0x75, 0xbd, 0x74, 0xbd, 0x75, 0xc5, 0x75, 0xbd,
    0x95, 0xc5, 0x75, 0xc5, 0x75, 0xc5, 0x95, 0xbd, 0x96, 0xc5, 0x95, 0xc5,
    0x95, 0xc5, 0x95, 0xc5, 0x95, 0xc5, 0x95, 0xc5, 0x96, 0xbd, 0x95, 0xc5,
    0x96, 0xc5, 0x95, 0xc5, 0xb5, 0xc5, 0x95, 0xc5, 0x95, 0xc5, 0x96, 0xc5,
    0xb5, 0xc5, 0x95, 0xc5, 0x96, 0xcd, 0xb6, 0xcd, 0x53, 0xc5, 0xd0, 0xb4,
    0xb0, 0xb4, 0x12, 0xbd, 0x73, 0xc5, 0x52, 0xcd, 0x32, 0xbd, 0xf1, 0xbc,
    0x90, 0xb4, 0x4f, 0xac, 0x0e, 0xa4, 0xcd, 0x9b, 0x8c, 0x93, 0x4b, 0x8b,
    0x4c, 0x83, 0x2b, 0x83, 0x2b, 0x83, 0xea, 0x7a, 0xca, 0x72, 0xa9, 0x72,
    0x88, 0x72, 0x68, 0x6a, 0x48, 0x5a, 0x28, 0x62, 0x68, 0x62, 0x89, 0x6a,
    0xa9, 0x72, 0xc9, 0x72, 0xa8, 0x72, 0x68, 0x6a, 0x48, 0x62, 0x47, 0x62,
    0x27, 0x5a, 0x48, 0x5a, 0x47, 0x62, 0x68, 0x62, 0x47, 0x62, 0x68, 0x6a,
    0xa8, 0x72, 0xa8, 0x6a, 0x88, 0x6a, 0xa9, 0x6a, 0x88, 0x6a, 0xc9, 0x7a,
    0xc9, 0x72, 0x88, 0x6a, 0xc9, 0x72, 0xc9, 0x72, 0xe9, 0x7a, 0x2a, 0x83,
    0xac, 0x9b, 0x2d, 0xac, 0x6e, 0xb4, 0x6f, 0xb4, 0x4e, 0xac, 0xcd, 0x9b,
    0x0d, 0xa4, 0xd0, 0xbc, 0x2d, 0xa4, 0x0d, 0xa4, 0xd1, 0xb4, 0x4e, 0xa4,
    0x6b, 0x8b, 0x2b, 0x83, 0x07, 0x4a, 0xe7, 0x49, 0xa6, 0x41, 0x27, 0x5a,
    0xc6, 0x49, 0x05, 0x21, 0x86, 0x39, 0xc6, 0x49, 0x27, 0x5a, 0x27, 0x5a,
    0x48, 0x62, 0xa8, 0x6a, 0x89, 0x6a, 0x07, 0x4a, 0x89, 0x62, 0x87, 0x31,
    0x6e, 0x6b, 0x4d, 0x6b, 0x72, 0x9c, 0x89, 0x52, 0x6c, 0x83, 0xae, 0x83,
    0xef, 0x8b, 0x0f, 0x94, 0x8d, 0x83, 0x32, 0xc5, 0xee, 0x8b, 0xe6, 0x51,
    0xc6, 0x49, 0x86, 0x41, 0x86, 0x41, 0x65, 0x31, 0x46, 0x29, 0xa6, 0x49,
    0xad, 0xab, 0xb0, 0xb4, 0x12, 0xbd, 0xd5, 0xd5, 0x94, 0xd5, 0xd5, 0xd5,
    0xd6, 0xd5, 0x37, 0xde, 0x53, 0xc5, 0xb5, 0xd5, 0xd5, 0xd5, 0xd6, 0xd5,
    0xb5, 0xd5, 0xf5, 0xd5, 0xd5, 0xd5, 0x36, 0xe6, 0xf5, 0xdd, 0xf5, 0xdd,
    0xd5, 0xdd, 0xd6, 0xe5, 0xd5, 0xe5, 0xd5, 0xe5, 0xf6, 0xed, 0x78, 0xee,
    0x57, 0xee, 0xd5, 0xed, 0x37, 0xee, 0xb9, 0xf6, 0xb9, 0xf6, 0x98, 0xfe,
    0xd9, 0xf6, 0xd9, 0xfe, 0x99, 0xfe, 0x99, 0xf6, 0x3c, 0xff, 0xbe, 0xff,
    0x7c, 0xff, 0xfb, 0xfe, 0x7c, 0xff, 0xbe, 0xff, 0xdf, 0xff, 0xbe, 0xff,
    0x5c, 0xff, 0x5c, 0xff, 0x7c, 0xff, 0x3c, 0xf7, 0x3b, 0xf7, 0x5c, 0xff,
    0x5b, 0xff, 0x5c, 0xf7, 0x3b, 0xf7, 0x3b, 0xff, 0x3b, 0xff, 0x3c, 0xff,
    0x5b, 0xff, 0x5c, 0xff, 0x5b, 0xff, 0x5b, 0xff, 0x5c, 0xff, 0x7c, 0xff,
    0x7c, 0xff, 0x5c, 0xff, 0x5c, 0xff, 0x7c, 0xff, 0x7c, 0xff, 0x7c, 0xff,
    0x9c, 0xff, 0x9d, 0xff, 0x9d, 0xff, 0x9c, 0xff, 0x9d, 0xff, 0xbd, 0xff,
    0x9d, 0xff, 0x9d, 0xff, 0xbd, 0xff, 0x9d, 0xff, 0xbd, 0xff, 0x9d, 0xff,
    0x9c, 0xff, 0xbc, 0xff, 0x9c, 0xff, 0x7c, 0xff, 0x7c, 0xff, 0x5c, 0xff,
    0x5c, 0xff, 0x7b, 0xff, 0x5c, 0xff, 0x5b, 0xff, 0x5b, 0xf7, 0x3b, 0xff,
    0x3a, 0xff, 0x3a, 0xff, 0x3b, 0xff, 0x3b, 0xff, 0x1a, 0xf7, 0x1a, 0xff,
    0x3a, 0xff, 0x5b, 0xff, 0x3b, 0xff, 0x5c, 0xff, 0x7c, 0xff, 0x7c, 0xff,
    0x9d, 0xff, 0x9e, 0xff, 0xbd, 0xff, 0xde, 0xff, 0xde, 0xff, 0xdf, 0xff,
    0xde, 0xff, 0xff, 0xff, 0xdf, 0xff, 0xdf, 0xff, 0xde, 0xff, 0x9d, 0xff,
    0x7d, 0xff, 0x7d, 0xf7, 0x3c, 0xf7, 0x1c, 0xef, 0x5c, 0xf7, 0x1b, 0xef,
    0xba, 0xe6, 0xb9, 0xee, 0xba, 0xe6, 0x79, 0xde, 0x78, 0xde, 0x78, 0xde,
    0xf7, 0xcd, 0x58, 0xd6, 0xf7, 0xcd, 0x91, 0xa4, 0x91, 0x9c, 0x50, 0x9c,
    0x8d, 0x7b, 0xb2, 0xa4, 0xb7, 0xbd, 0x4c, 0x7b, 0x6c, 0x83, 0x8d, 0x83,
    0xad, 0x83, 0xad, 0x8b, 0xae, 0x8b, 0xee, 0x9b, 0x0e, 0x9c, 0x6f, 0xa4,
    0x90, 0xb4, 0xb0, 0xb4, 0x11, 0xc5, 0x53, 0xcd, 0x73, 0xcd, 0xb3, 0xd5,
    0xd4, 0xdd, 0xf5, 0xdd, 0x15, 0xe6, 0x16, 0xe6, 0x36, 0xee, 0x36, 0xe6,
    0x56, 0xe6, 0x77, 0xee, 0x57, 0xee, 0x76, 0xee, 0x77, 0xee, 0x77, 0xee,
    0x97, 0xee, 0x97, 0xf6, 0x97, 0xf6, 0x77, 0xee, 0x98, 0xf6, 0x98, 0xee,
    0x97, 0xf6, 0x98, 0xee, 0x98, 0xee, 0x97, 0xee, 0x98, 0xee, 0x98, 0xee,
    0x97, 0xee, 0x98, 0xee, 0x98, 0xee, 0x78, 0xee, 0x97, 0xee, 0x98, 0xee,
    0x78, 0xe6, 0x97, 0xee, 0x78, 0xe6, 0x98, 0xe6, 0x98, 0xee, 0x79, 0xe6,
    0x99, 0xe6, 0x99, 0xe6, 0x99, 0xee, 0x33, 0xb5, 0x34, 0xb5, 0x34, 0xbd,
    0x54, 0xbd, 0x54, 0xbd, 0x54, 0xbd, 0x75, 0xc5, 0x75, 0xbd, 0x75, 0xbd,
    0x75, 0xc5, 0x75, 0xc5, 0x95, 0xbd, 0x96, 0xc5, 0x95, 0xc5, 0x95, 0xc5,
    0x95, 0xc5, 0x95, 0xc5, 0xb6, 0xbd, 0x96, 0xc5, 0x95, 0xc5, 0xb5, 0xc5,
    0x95, 0xc5, 0x95, 0xc5, 0x96, 0xc5, 0x95, 0xc5, 0xb6, 0xc5, 0xb5, 0xc5,
    0xd6, 0xc5, 0xb6, 0xcd, 0xb6, 0xcd, 0xd6, 0xc5, 0xb5, 0xcd, 0xb4, 0xcd,
    0x12, 0xbd, 0x90, 0xac, 0xf1, 0xbc, 0x32, 0xc5, 0x33, 0xc5, 0x12, 0xbd,
    0xd0, 0xbc, 0xb0, 0xb4, 0x70, 0xb4, 0x4f, 0xac, 0x0e, 0xa4, 0xcd, 0x9b,
    0xad, 0x93, 0x8c, 0x93, 0x4b, 0x8b, 0x0b, 0x7b, 0xea, 0x7a, 0xa9, 0x72,
    0x89, 0x72, 0x89, 0x72, 0x89, 0x72, 0x88, 0x6a, 0x68, 0x6a, 0x88, 0x6a,
    0xa8, 0x72, 0xc9, 0x72, 0xc9, 0x7a, 0x88, 0x72, 0x88, 0x6a, 0x67, 0x62,
    0xa8, 0x72, 0xc9, 0x7a, 0xa8, 0x72, 0xa8, 0x72, 0xa9, 0x72, 0xa8, 0x72,
    0xc9, 0x7a, 0x09, 0x7b, 0x09, 0x83, 0x0a, 0x83, 0xc9, 0x7a, 0x09, 0x83,
    0x0a, 0x83, 0xa9, 0x72, 0x88, 0x6a, 0xc9, 0x72, 0xe9, 0x7a, 0xe9, 0x7a,
    0x0a, 0x83, 0x2a, 0x83, 0x4b, 0x8b, 0x0c, 0xa4, 0x0d, 0xa4, 0x6b, 0x8b,
    0xb0, 0xb4, 0x4e, 0xac, 0x2e, 0xa4, 0xb0, 0xb4, 0x72, 0xcd, 0x6f, 0xb4,
    0x2a, 0x8b, 0x48, 0x62, 0x4b, 0x83, 0x89, 0x72, 0x86, 0x39, 0x07, 0x52,
    0x47, 0x5a, 0x25, 0x29, 0x45, 0x39, 0xa6, 0x41, 0xe7, 0x51, 0x68, 0x62,
    0x28, 0x5a, 0x88, 0x62, 0xc9, 0x72, 0x68, 0x62, 0x28, 0x52, 0x69, 0x5a,
    0x49, 0x4a, 0x29, 0x4a, 0xe8, 0x41, 0x46, 0x21, 0x28, 0x4a, 0x4b, 0x83,
    0xac, 0x93, 0x8c, 0x8b, 0xee, 0x9b, 0xee, 0x93, 0x52, 0xbd, 0x33, 0xbd,
    0x2c, 0x7b, 0xc6, 0x51, 0xa6, 0x49, 0x86, 0x39, 0x65, 0x31, 0x46, 0x29,
    0x6a, 0x52, 0xc6, 0x51, 0xcd, 0xab, 0x2f, 0xac, 0x74, 0xcd, 0x94, 0xcd,
    0xb4, 0xd5, 0xb5, 0xd5, 0xd5, 0xd5, 0x17, 0xde, 0xb5, 0xd5, 0xd5, 0xd5,
    0xf6, 0xdd, 0xd5, 0xd5, 0x37, 0xde, 0x74, 0xd5, 0x36, 0xe6, 0xd5, 0xd5,
    0xb5, 0xdd, 0xf6, 0xe5, 0xb5, 0xdd, 0x94, 0xdd, 0x37, 0xee, 0xd5, 0xe5,
    0xd6, 0xe5, 0x37, 0xee, 0x98, 0xf6, 0x78, 0xf6, 0x99, 0xf6, 0xb9, 0xf6,
    0xb8, 0xfe, 0x98, 0xfe, 0xfa, 0xfe, 0x3b, 0xff, 0xda, 0xfe, 0xb9, 0xfe,
    0x5c, 0xff, 0xbe, 0xff, 0x7d, 0xff, 0x3b, 0xff, 0x9e, 0xff, 0xbf, 0xff,
    0xbd, 0xff, 0x5c, 0xff, 0x5c, 0xff, 0x7c, 0xff, 0x5c, 0xff, 0x3b, 0xff,
    0x3b, 0xff, 0x1a, 0xf7, 0xfa, 0xf6, 0x1b, 0xf7, 0x1b, 0xff, 0x3b, 0xf7,
    0x3b, 0xff, 0x5b, 0xff, 0x5b, 0xff, 0x3c, 0xff, 0x5c, 0xff, 0x7c, 0xff,
    0x5c, 0xff, 0x5b, 0xf7, 0x5c, 0xff, 0x7c, 0xff, 0x5b, 0xff, 0x5c, 0xff,
    0x9c, 0xff, 0xbd, 0xff, 0x9c, 0xff, 0x9c, 0xff, 0xbd, 0xff, 0xbd, 0xff,
    0xbd, 0xff, 0xbd, 0xff, 0xbd, 0xff, 0xbc, 0xff, 0x9d, 0xff, 0xbc, 0xff,
    0x9c, 0xff, 0x9d, 0xff, 0x7c, 0xff, 0x7c, 0xff, 0x7c, 0xff, 0x9c, 0xff,
    0x7b, 0xff, 0x5c, 0xff, 0x7c, 0xff, 0x5b, 0xff, 0x3b, 0xf7, 0x3b, 0xff,
    0x3b, 0xff, 0x1a, 0xf7, 0x1a, 0xf7, 0x3b, 0xff, 0x3b, 0xf7, 0x5a, 0xff,
    0x5b, 0xff, 0x5c, 0xff, 0x5b, 0xff, 0x7b, 0xff, 0x7b, 0xff, 0x7c, 0xff,
    0x9d, 0xff, 0xdd, 0xff, 0xbd, 0xff, 0xde, 0xff, 0xde, 0xff, 0xde, 0xff,
    0xdf, 0xff, 0xde, 0xff, 0xdf, 0xff, 0xde, 0xff, 0xbe, 0xff, 0xbd, 0xff,
    0x9d, 0xff, 0x7d, 0xff, 0x5c, 0xff, 0x5b, 0xf7, 0x3b, 0xef, 0xfb, 0xee,
    0x3c, 0xf7, 0xba, 0xe6, 0xda, 0xee, 0xb9, 0xee, 0x99, 0xe6, 0x79, 0xde,
    0x78, 0xe6, 0x37, 0xe6, 0xd6, 0xcd, 0x58, 0xd6, 0xb6, 0xc5, 0x51, 0xa4,
    0x70, 0x9c, 0x0f, 0x94, 0x8e, 0x83, 0xf7, 0xc5, 0x31, 0x8c, 0x4c, 0x7b,
    0x8d, 0x83, 0x8d, 0x8b, 0x8d, 0x83, 0xce, 0x8b, 0xee, 0x93, 0x0e, 0x9c,
    0x4f, 0xa4, 0x90, 0xb4, 0xb0, 0xbc, 0x11, 0xbd, 0x53, 0xcd, 0x73, 0xcd,
    0x94, 0xd5, 0xb4, 0xdd, 0xd5, 0xdd, 0x15, 0xde, 0x15, 0xe6, 0x36, 0xee,
    0x56, 0xee, 0x56, 0xee, 0x76, 0xee, 0x77, 0xee, 0x77, 0xee, 0x77, 0xee,
    0x97, 0xee, 0x97, 0xee, 0x97, 0xee, 0x98, 0xee, 0x97, 0xee, 0xb8, 0xee,
    0x97, 0xee, 0x98, 0xf6, 0xb8, 0xee, 0xb8, 0xee, 0x98, 0xee, 0x98, 0xee,
    0x98, 0xee, 0x98, 0xee, 0x78, 0xee, 0x97, 0xee, 0x98, 0xee, 0x98, 0xe6,
    0x98, 0xe6, 0x78, 0xee, 0x78, 0xe6, 0x98, 0xe6, 0x78, 0xee, 0x79, 0xe6,
    0x98, 0xe6, 0x99, 0xe6, 0x99, 0xe6, 0x99, 0xe6, 0x34, 0xb5, 0x34, 0xbd,
    0x54, 0xb5, 0x54, 0xbd, 0x34, 0xbd, 0x54, 0xbd, 0x55, 0xbd, 0x75, 0xc5,
    0x75, 0xbd, 0x95, 0xc5, 0x95, 0xbd, 0x95, 0xbd, 0x95, 0xc5, 0x75, 0xc5,
    0x96, 0xbd, 0x96, 0xbd, 0x96, 0xc5, 0x95, 0xc5, 0x95, 0xbd, 0x95, 0xc5,
    0x95, 0xc5, 0x96, 0xc5, 0xb6, 0xc5, 0xb6, 0xc5, 0xb6, 0xc5, 0xb6, 0xc5,
    0xb6, 0xc5, 0xb6, 0xcd, 0xd6, 0xcd, 0xf6, 0xcd, 0xd6, 0xcd, 0xf6, 0xd5,
    0xb5, 0xcd, 0x33, 0xbd, 0xb0, 0xb4, 0xd1, 0xb4, 0x32, 0xbd, 0x52, 0xc5,
    0x13, 0xbd, 0xd1, 0xb4, 0xb0, 0xac, 0x70, 0xac, 0x4f, 0xac, 0x2e, 0xa4,
    0xcd, 0x9b, 0xad, 0x93, 0x8c, 0x93, 0x6c, 0x93, 0x4b, 0x8b, 0x0a, 0x83,
    0xea, 0x7a, 0xc9, 0x72, 0x89, 0x6a, 0x89, 0x72, 0x88, 0x6a, 0x68, 0x62,
    0x48, 0x62, 0x48, 0x62, 0x88, 0x6a, 0xa9, 0x72, 0xc8, 0x72, 0xa9, 0x72,
    0x88, 0x6a, 0x68, 0x62, 0x48, 0x62, 0x88, 0x6a, 0xc9, 0x72, 0xe9, 0x7a,
    0x09, 0x7b, 0xe9, 0x7a, 0x09, 0x83, 0xc9, 0x7a, 0xe9, 0x7a, 0xe9, 0x7a,
    0x2a, 0x83, 0xc9, 0x72, 0xe9, 0x7a, 0x6a, 0x93, 0x2a, 0x83, 0x09, 0x7b,
    0xc8, 0x72, 0xa8, 0x6a, 0x88, 0x62, 0xea, 0x72, 0x2a, 0x83, 0xac, 0x93,
    0xee, 0x9b, 0x2d, 0xa4, 0xd0, 0xbc, 0xf0, 0xc4, 0x6e, 0xac, 0xea, 0x7a,
    0x28, 0x5a, 0xea, 0x72, 0x72, 0xd5, 0xed, 0xab, 0x07, 0x52, 0xc6, 0x49,
    0x47, 0x62, 0x86, 0x39, 0x24, 0x29, 0x86, 0x39, 0xc6, 0x49, 0x67, 0x6a,
    0x88, 0x72, 0xa9, 0x6a, 0x88, 0x62, 0xa8, 0x6a, 0x69, 0x62, 0x89, 0x62,
    0x48, 0x4a, 0xe7, 0x39, 0x2d, 0x6b, 0xe8, 0x41, 0x46, 0x29, 0xe7, 0x41,
    0x0a, 0x73, 0x2b, 0x83, 0xcc, 0x9b, 0xac, 0x8b, 0xed, 0x93, 0xd1, 0xb4,
    0x70, 0xa4, 0xef, 0x8b, 0x07, 0x52, 0xe7, 0x49, 0xa6, 0x41, 0x65, 0x31,
    0x46, 0x29, 0xab, 0x5a, 0xe8, 0x49, 0x08, 0x6a, 0xee, 0xab, 0x91, 0xbc,
    0x94, 0xcd, 0x94, 0xd5, 0xd5, 0xd5, 0xd5, 0xdd, 0xf6, 0xd5, 0xf6, 0xdd,
    0x94, 0xd5, 0xd5, 0xdd, 0xd5, 0xd5, 0xd5, 0xd5, 0xf6, 0xe5, 0xb5, 0xd5,
    0x37, 0xe6, 0xb5, 0xdd, 0x16, 0xe6, 0x74, 0xdd, 0xd5, 0xe5, 0x54, 0xdd,
    0x53, 0xe5, 0x36, 0xee, 0x37, 0xee, 0x58, 0xf6, 0x78, 0xf6, 0x57, 0xf6,
    0x99, 0xf6, 0xb9, 0xf6, 0x98, 0xf6, 0x78, 0xf6, 0xda, 0xf6, 0x5b, 0xff,
    0xfa, 0xfe, 0x1b, 0xff, 0x5c, 0xff, 0x9d, 0xff, 0x5c, 0xff, 0x7c, 0xff,
    0xbe, 0xff, 0xbe, 0xff, 0x9e, 0xff, 0x5c, 0xff, 0x9d, 0xff, 0x5c, 0xff,
    0x3c, 0xff, 0x3b, 0xff, 0x3b, 0xff, 0x5c, 0xff, 0x5c, 0xff, 0x5b, 0xf7,
    0x5b, 0xff, 0x5b, 0xf7, 0x3b, 0xff, 0x5c, 0xf7, 0x5c, 0xff, 0x7c, 0xff,
    0x5c, 0xff, 0x5b, 0xf7, 0x5b, 0xff, 0x5b, 0xff, 0x5b, 0xff, 0x5c, 0xff,
    0x5c, 0xff, 0x7c, 0xff, 0x7d, 0xff, 0xbd, 0xff, 0x9c, 0xff, 0xbd, 0xff,
    0xbd, 0xff, 0xbd, 0xff, 0xbd, 0xff, 0xbd, 0xff, 0xbd, 0xff, 0x9d, 0xff,
    0xbd, 0xff, 0x9d, 0xff, 0x9d, 0xff, 0x9d, 0xff, 0x9c, 0xff, 0x7c, 0xff,
    0x7c, 0xff, 0x7c, 0xff, 0x7c, 0xff, 0x5b, 0xff, 0x5b, 0xff, 0x5b, 0xff,
    0x3b, 0xf7, 0x3a, 0xff, 0x3b, 0xff, 0x5b, 0xf7, 0x3a, 0xff, 0x3a, 0xff,
    0x3a, 0xff, 0x3b, 0xff, 0x5b, 0xff, 0x5b, 0xff, 0x7b, 0xff, 0x7c, 0xff,
    0x9d, 0xff, 0x9d, 0xff, 0xbd, 0xff, 0xbe, 0xff, 0xbe, 0xff, 0xdf, 0xff,
    0xdf, 0xff, 0xde, 0xff, 0xde, 0xff, 0xbe, 0xff, 0xbe, 0xff, 0xbe, 0xff,
    0x9e, 0xff, 0x9d, 0xff, 0x7d, 0xf7, 0x5d, 0xf7, 0x5c, 0xf7, 0x1c, 0xef,
    0x1b, 0xef, 0x1b, 0xef, 0x1c, 0xef, 0xb9, 0xe6, 0xda, 0xee, 0x99, 0xe6,
    0xb8, 0xe6, 0x78, 0xe6, 0x58, 0xde, 0x58, 0xde, 0xf6, 0xcd, 0x58, 0xde,
    0x96, 0xbd, 0x70, 0xa4, 0x70, 0x9c, 0xce, 0x83, 0xf3, 0xac, 0x55, 0xb5,
    0x2b, 0x73, 0x6c, 0x83, 0x8d, 0x83, 0xad, 0x8b, 0xad, 0x8b, 0xee, 0x93,
    0x0e, 0x94, 0x4f, 0xa4, 0x70, 0xac, 0xd0, 0xb4, 0xf1, 0xb4, 0x53, 0xc5,
    0x73, 0xcd, 0x93, 0xd5, 0xb4, 0xd5, 0xd5, 0xdd, 0x15, 0xe6, 0x35, 0xe6,
    0x36, 0xe6, 0x56, 0xe6, 0x56, 0xee, 0x77, 0xee, 0x77, 0xee, 0x97, 0xee,
    0x97, 0xee, 0x98, 0xee, 0x98, 0xf6, 0x97, 0xf6, 0x98, 0xee, 0xb8, 0xee,
    0xb8, 0xf6, 0xb8, 0xee, 0xb8, 0xee, 0xb8, 0xf6, 0x98, 0xf6, 0xb8, 0xee,
    0xb8, 0xee, 0xb8, 0xf6, 0x98, 0xee, 0xb8, 0xee, 0x98, 0xee, 0x98, 0xee,
    0x98, 0xee, 0x98, 0xee, 0x98, 0xe6, 0x98, 0xee, 0x99, 0xee, 0x98, 0xe6,
    0x99, 0xe6, 0x98, 0xe6, 0x98, 0xe6, 0x98, 0xe6, 0xb9, 0xe6, 0x34, 0xb5,
    0x34, 0xbd, 0x34, 0xbd, 0x34, 0xbd, 0x54, 0xbd, 0x54, 0xbd, 0x75, 0xbd,
    0x54, 0xc5, 0x75, 0xc5, 0x95, 0xbd, 0x95, 0xbd, 0x75, 0xc5, 0x75, 0xc5,
    0x95, 0xc5, 0x95, 0xc5, 0x95, 0xc5, 0x95, 0xbd, 0x95, 0xc5, 0x95, 0xc5,
    0xb6, 0xc5, 0xb6, 0xc5, 0x95, 0xc5, 0x95, 0xc5, 0xb5, 0xcd, 0xb6, 0xc5,
    0xb6, 0xcd, 0xd6, 0xcd, 0xd6, 0xcd, 0xf6, 0xcd, 0xf7, 0xd5, 0xf6, 0xd5,
    0xf7, 0xd5, 0xf6, 0xcd, 0x73, 0xc5, 0xd1, 0xb4, 0xd1, 0xb4, 0x13, 0xbd,
    0x53, 0xc5, 0x32, 0xc5, 0x11, 0xbd, 0xb1, 0xb4, 0x6f, 0xb4, 0x4e, 0xac,
    0x2d, 0xa4, 0xed, 0xa3, 0xcd, 0x9b, 0x8c, 0x8b, 0x6c, 0x8b, 0x4b, 0x8b,
    0x2b, 0x83, 0x0a, 0x83, 0x0a, 0x7b, 0xc9, 0x72, 0x89, 0x6a, 0x68, 0x62,
    0x48, 0x62, 0x88, 0x6a, 0x88, 0x6a, 0xa8, 0x72, 0xa8, 0x6a, 0xc9, 0x7a,
    0xe9, 0x82, 0xc9, 0x72, 0x88, 0x72, 0x88, 0x6a, 0xa8, 0x72, 0x2a, 0x83,
    0x2a, 0x83, 0x2a, 0x8b, 0x0a, 0x7b, 0xa9, 0x72, 0x2a, 0x8b, 0xe9, 0x7a,
    0xe9, 0x72, 0xa8, 0x72, 0x09, 0x7b, 0xc9, 0x72, 0xe9, 0x7a, 0x0a, 0x7b,
    0xc9, 0x7a, 0xea, 0x7a, 0x8b, 0x93, 0xcc, 0x9b, 0xac, 0x9b, 0x8c, 0x93,
    0x4e, 0xac, 0x8e, 0xac, 0xed, 0xa3, 0x2e, 0xa4, 0xac, 0x93, 0x8c, 0x8b,
    0xad, 0x9b, 0x8f, 0xb4, 0x51, 0xd5, 0x28, 0x52, 0x65, 0x39, 0x07, 0x5a,
    0x27, 0x5a, 0x07, 0x52, 0x05, 0x29, 0x65, 0x31, 0x86, 0x39, 0x07, 0x52,
    0x68, 0x6a, 0x68, 0x62, 0xa8, 0x62, 0x88, 0x6a, 0xa8, 0x6a, 0x48, 0x5a,
    0xa9, 0x6a, 0xe8, 0x41, 0x45, 0x21, 0xa7, 0x39, 0xe8, 0x39, 0x87, 0x31,
    0xa7, 0x39, 0xa9, 0x6a, 0x4b, 0x83, 0x8c, 0x8b, 0x8c, 0x8b, 0xee, 0x93,
    0x4f, 0xa4, 0xb2, 0xa4, 0x13, 0xad, 0x27, 0x5a, 0x07, 0x52, 0xc6, 0x49,
    0x65, 0x31, 0x67, 0x31, 0xab, 0x5a, 0x4a, 0x52, 0xc7, 0x51, 0x89, 0x7a,
    0xee, 0xab, 0xd1, 0xbc, 0x33, 0xcd, 0x53, 0xc5, 0xb5, 0xd5, 0x74, 0xcd,
    0xf6, 0xdd, 0xd5, 0xdd, 0xb5, 0xcd, 0xb5, 0xd5, 0xd6, 0xdd, 0xf6, 0xdd,
    0xd5, 0xd5, 0xd4, 0xdd, 0xb5, 0xdd, 0x94, 0xd5, 0x74, 0xdd, 0xb5, 0xdd,
    0x17, 0xee, 0x94, 0xdd, 0x94, 0xe5, 0x36, 0xee, 0x16, 0xee, 0x16, 0xf6,
    0x78, 0xf6, 0x37, 0xf6, 0x58, 0xf6, 0x98, 0xf6, 0x99, 0xf6, 0xda, 0xfe,
    0x1b, 0xff, 0xda, 0xfe, 0xfa, 0xfe, 0x5c, 0xff, 0x3c, 0xff, 0x7d, 0xff,
    0x9c, 0xff, 0x7d, 0xff, 0x9d, 0xff, 0x9d, 0xff, 0x9d, 0xff, 0xbe, 0xff,
    0x7c, 0xff, 0x5c, 0xff, 0x7c, 0xff, 0x5c, 0xff, 0x3b, 0xff, 0x1a, 0xf7,
    0x3b, 0xff, 0x3c, 0xff, 0x3b, 0xff, 0x5b, 0xff, 0x3b, 0xff, 0x3b, 0xff,
    0x3b, 0xff, 0x5b, 0xff, 0x5b, 0xff, 0x3b, 0xf7, 0x3b, 0xff, 0x5b, 0xff,
    0x5c, 0xff, 0x7c, 0xff, 0x7c, 0xff, 0x9c, 0xff, 0x9d, 0xff, 0xbd, 0xff,
    0xbd, 0xff, 0xbd, 0xff, 0xdd, 0xff, 0xbd, 0xff, 0xbd, 0xff, 0xbd, 0xff,
    0xbd, 0xff, 0xbd, 0xff, 0x9d, 0xff, 0x9c, 0xff, 0x9c, 0xff, 0x7c, 0xff,
    0x9d, 0xff, 0x9c, 0xff, 0x7b, 0xff, 0x5b, 0xff, 0x5b, 0xff, 0x5b, 0xff,
    0x3b, 0xf7, 0x3a, 0xff, 0x3a, 0xff, 0x1a, 0xff, 0x1a, 0xf7, 0x1a, 0xff,
    0x1a, 0xf7, 0x1a, 0xff, 0x5b, 0xff, 0x5c, 0xff, 0x7c, 0xff, 0xbd, 0xff,
    0x9d, 0xff, 0xbe, 0xff, 0xde, 0xff, 0xde, 0xff, 0xdf, 0xff, 0xde, 0xff,
    0xbe, 0xff, 0xde, 0xff, 0xbe, 0xff, 0xdf, 0xff, 0xbe, 0xff, 0xde, 0xff,
    0xde, 0xff, 0x9e, 0xff, 0x9d, 0xff, 0x9d, 0xff, 0x7d, 0xff, 0x5c, 0xf7,
    0x3b, 0xf7, 0x1b, 0xef, 0xfa, 0xee, 0x3c, 0xf7, 0xb9, 0xe6, 0xba, 0xe6,
    0xb9, 0xe6, 0x99, 0xe6, 0x99, 0xde, 0x78, 0xde, 0x77, 0xde, 0x37, 0xde,
    0xb6, 0xc5, 0x58, 0xde, 0x54, 0xb5, 0x71, 0xa4, 0x50, 0x9c, 0x0f, 0x8c,
    0xf7, 0xcd, 0xaf, 0x83, 0x4c, 0x7b, 0x4c, 0x83, 0x8c, 0x83, 0xad, 0x8b,
    0xae, 0x8b, 0xee, 0x9b, 0x0f, 0xa4, 0x70, 0xac, 0xb0, 0xb4, 0xf1, 0xbc,
    0x32, 0xc5, 0x52, 0xcd, 0x94, 0xd5, 0xb4, 0xdd, 0xf4, 0xdd, 0x15, 0xde,
    0x35, 0xe6, 0x56, 0xee, 0x56, 0xe6, 0x77, 0xee, 0x77, 0xee, 0x77, 0xee,
    0x77, 0xee, 0x98, 0xf6, 0x97, 0xf6, 0x98, 0xf6, 0xb8, 0xf6, 0xb8, 0xf6,
    0xb8, 0xf6, 0xb9, 0xf6, 0xb9, 0xf6, 0xd9, 0xf6, 0xb9, 0xee, 0xd8, 0xf6,
    0xb8, 0xf6, 0xb9, 0xee, 0xb8, 0xee, 0xb8, 0xee, 0xb8, 0xee, 0xb8, 0xee,
    0x98, 0xee, 0x98, 0xee, 0x98, 0xee, 0x98, 0xe6, 0x98, 0xee, 0x78, 0xe6,
    0x99, 0xe6, 0x98, 0xe6, 0x98, 0xe6, 0x99, 0xe6, 0x99, 0xe6, 0x99, 0xe6,
    0x34, 0xb5, 0x34, 0xbd, 0x34, 0xbd, 0x54, 0xbd, 0x55, 0xbd, 0x54, 0xbd,
    0x54, 0xbd, 0x75, 0xbd, 0x75, 0xbd, 0x75, 0xbd, 0x75, 0xc5, 0x95, 0xc5,
    0x95, 0xbd, 0x95, 0xbd, 0x95, 0xc5, 0x95, 0xc5, 0x95, 0xc5, 0x95, 0xc5,
    0x96, 0xc5, 0xb5, 0xc5, 0xb6, 0xc5, 0x95, 0xc5, 0xb6, 0xcd, 0xd6, 0xc5,
    0xd6, 0xc5, 0xd6, 0xcd, 0x16, 0xce, 0x17, 0xce, 0x17, 0xd6, 0x37, 0xd6,
    0x37, 0xd6, 0x37, 0xd6, 0x17, 0xd6, 0xb5, 0xcd, 0x32, 0xbd, 0xd1, 0xb4,
    0x12, 0xc5, 0x73, 0xc5, 0x52, 0xc5, 0x32, 0xc5, 0xf1, 0xbc, 0xb0, 0xb4,
    0x6f, 0xac, 0x4e, 0xa4, 0x0e, 0xa4, 0xed, 0x9b, 0xcc, 0x93, 0x8c, 0x8b,
    0x4b, 0x8b, 0x2a, 0x83, 0x0a, 0x7b, 0xea, 0x7a, 0xea, 0x7a, 0x89, 0x6a,
    0x68, 0x62, 0x68, 0x62, 0x69, 0x62, 0x88, 0x6a, 0xc9, 0x72, 0xc9, 0x7a,
    0xe9, 0x7a, 0xc9, 0x7a, 0xe9, 0x7a, 0xc8, 0x72, 0xe9, 0x7a, 0x09, 0x7b,
    0xe9, 0x7a, 0xe9, 0x7a, 0xe9, 0x7a, 0x0a, 0x83, 0x09, 0x83, 0xe9, 0x7a,
    0x09, 0x7b, 0x2a, 0x83, 0x2a, 0x8b, 0x4a, 0x8b, 0x09, 0x83, 0xea, 0x82,
    0xa9, 0x72, 0xe9, 0x7a, 0x4a, 0x8b, 0x0a, 0x7b, 0xe9, 0x72, 0x0a, 0x7b,
    0x2a, 0x8b, 0x2a, 0x83, 0xa9, 0x6a, 0xc9, 0x72, 0xea, 0x7a, 0xe9, 0x72,
    0xc9, 0x72, 0x6b, 0x8b, 0x2d, 0xa4, 0x88, 0x62, 0x27, 0x62, 0xe6, 0x49,
    0x27, 0x52, 0x48, 0x62, 0xa7, 0x41, 0x25, 0x29, 0x85, 0x39, 0xc6, 0x49,
    0x47, 0x62, 0x68, 0x5a, 0xa9, 0x6a, 0xc9, 0x72, 0x88, 0x6a, 0x88, 0x6a,
    0x68, 0x5a, 0xc9, 0x6a, 0x08, 0x42, 0x87, 0x31, 0x66, 0x31, 0xa7, 0x31,
    0xe8, 0x31, 0x66, 0x29, 0xa9, 0x72, 0x2a, 0x83, 0x8b, 0x9b, 0x8b, 0x8b,
    0x6f, 0xac, 0x90, 0xac, 0xd4, 0xac, 0x0e, 0x94, 0x47, 0x62, 0xe7, 0x49,
    0xa6, 0x41, 0x66, 0x39, 0x66, 0x31, 0xcb, 0x5a, 0x6a, 0x52, 0x08, 0x62,
    0x27, 0x6a, 0x0b, 0x93, 0x0e, 0xac, 0xb1, 0xbc, 0x73, 0xcd, 0x94, 0xcd,
    0xf5, 0xdd, 0x16, 0xde, 0xd6, 0xd5, 0xd5, 0xd5, 0xd5, 0xdd, 0xf6, 0xdd,
    0xd5, 0xd5, 0xd5, 0xd5, 0xb5, 0xdd, 0x73, 0xd5, 0x95, 0xdd, 0x94, 0xdd,
    0xb5, 0xe5, 0xb5, 0xdd, 0x94, 0xe5, 0x95, 0xe5, 0xd5, 0xed, 0x16, 0xee,
    0xb5, 0xe5, 0x17, 0xee, 0x78, 0xf6, 0x37, 0xee, 0x57, 0xf6, 0x37, 0xf6,
    0x78, 0xf6, 0xfa, 0xfe, 0x3b, 0xff, 0xda, 0xf6, 0x1b, 0xff, 0x3b, 0xff,
    0x3b, 0xff, 0x7c, 0xff, 0xbe, 0xff, 0x9d, 0xff, 0x7c, 0xff, 0x9e, 0xff,
    0x9d, 0xff, 0x7c, 0xff, 0x9d, 0xff, 0x9c, 0xff, 0x5b, 0xff, 0x5b, 0xff,
    0x3c, 0xff, 0x5b, 0xff, 0x3b, 0xff, 0x3b, 0xff, 0x3b, 0xff, 0x5c, 0xff,
    0x5b, 0xff, 0x5b, 0xff, 0x3b, 0xf7, 0x1a, 0xf7, 0x1b, 0xf7, 0x3b, 0xff,
    0x7b, 0xff, 0x7c, 0xff, 0x7c, 0xff, 0x9c, 0xff, 0x9d, 0xff, 0x9d, 0xff,
    0x9d, 0xff, 0x9d, 0xff, 0xdd, 0xff, 0xbd, 0xff, 0xbe, 0xff, 0xbe, 0xff,
    0xdd, 0xff, 0xbd, 0xff, 0x9c, 0xff, 0x9c, 0xff, 0x9d, 0xff, 0x9d, 0xff,
    0x9c, 0xff, 0x7c, 0xff, 0x7c, 0xff, 0x7c, 0xff, 0x7b, 0xff, 0x7c, 0xf7,
    0x5b, 0xff, 0x3a, 0xff, 0x3b, 0xf7, 0x3b, 0xf7, 0x5b, 0xff, 0x5b, 0xff,
    0x7c, 0xff, 0x9d, 0xff, 0x9d, 0xff, 0x9d, 0xff, 0x9d, 0xff, 0xbd, 0xff,
    0x9d, 0xff, 0x9d, 0xff, 0xbd, 0xff, 0xbd, 0xff, 0xbd, 0xff, 0xbd, 0xff,
    0xdd, 0xff, 0xbe, 0xff, 0xbd, 0xff, 0xbe, 0xff, 0xbe, 0xff, 0xde, 0xff,
    0x9e, 0xff, 0xbe, 0xff, 0x9e, 0xff, 0x9d, 0xff, 0x7d, 0xf7, 0x7d, 0xf7,
    0x1b, 0xf7, 0x3a, 0xf7, 0xfb, 0xee, 0xda, 0xee, 0x1b, 0xef, 0xfb, 0xee,
    0xd9, 0xee, 0xda, 0xee, 0xba, 0xee, 0xba, 0xee, 0xba, 0xe6, 0x79, 0xe6,
    0x78, 0xde, 0x37, 0xde, 0xd6, 0xcd, 0x78, 0xde, 0x33, 0xad, 0x50, 0xa4,
    0xee, 0x8b, 0x95, 0xc5, 0xb3, 0xa4, 0x2c, 0x7b, 0x6c, 0x7b, 0x6d, 0x83,
    0x8d, 0x83, 0xad, 0x8b, 0xce, 0x93, 0x2e, 0x94, 0x4f, 0xa4, 0x90, 0xac,
    0xd1, 0xbc, 0x12, 0xc5, 0x72, 0xc5, 0x93, 0xcd, 0xb4, 0xd5, 0xd5, 0xdd,
    0xf5, 0xe5, 0x15, 0xe6, 0x36, 0xe6, 0x57, 0xee, 0x57, 0xee, 0x97, 0xee,
    0x77, 0xee, 0x98, 0xee, 0x97, 0xee, 0x98, 0xee, 0xb8, 0xee, 0xb8, 0xee,
    0xb8, 0xf6, 0xd9, 0xf6, 0xb9, 0xee, 0xd9, 0xf6, 0xd9, 0xf6, 0xd9, 0xee,
    0xd9, 0xee, 0xd9, 0xf6, 0xb9, 0xee, 0xb9, 0xee, 0xb9, 0xee, 0xb8, 0xee,
    0xb9, 0xee, 0xb8, 0xee, 0x99, 0xee, 0x99, 0xe6, 0x98, 0xee, 0x98, 0xee,
    0x99, 0xe6, 0x98, 0xee, 0x99, 0xe6, 0x99, 0xe6, 0x99, 0xe6, 0x99, 0xe6,
    0x99, 0xe6, 0x33, 0xb5, 0x34, 0xb5, 0x34, 0xb5, 0x54, 0xb5, 0x54, 0xbd,
    0x54, 0xbd, 0x75, 0xbd, 0x75, 0xbd, 0x74, 0xc5, 0x75, 0xbd, 0x95, 0xc5,
    0x95, 0xc5, 0x95, 0xc5, 0x95, 0xc5, 0x96, 0xc5, 0x95, 0xc5, 0xb6, 0xc5,
    0x96, 0xc5, 0x96, 0xc5, 0xb5, 0xc5, 0xb6, 0xcd, 0xb6, 0xcd, 0xf6, 0xc5,
    0xf6, 0xcd, 0xf7, 0xcd, 0x17, 0xd6, 0x37, 0xd6, 0x37, 0xde, 0x58, 0xde,
    0x58, 0xde, 0x78, 0xde, 0x78, 0xde, 0x58, 0xde, 0x17, 0xde, 0x73, 0xcd,
    0x12, 0xbd, 0x11, 0xbd, 0x53, 0xc5, 0x73, 0xc5, 0x33, 0xc5, 0x31, 0xbd,
    0xf1, 0xbc, 0xb0, 0xb4, 0x6f, 0xac, 0x2e, 0xa4, 0xee, 0x9b, 0xcc, 0x93,
    0x8c, 0x93, 0x4b, 0x8b, 0x2b, 0x83, 0xea, 0x7a, 0xc9, 0x72, 0xa9, 0x72,
    0x88, 0x72, 0x68, 0x62, 0x68, 0x6a, 0x88, 0x6a, 0xa9, 0x72, 0xa9, 0x72,
    0xa8, 0x72, 0x88, 0x6a, 0xa8, 0x6a, 0xc9, 0x72, 0x09, 0x83, 0x2a, 0x83,
    0x2a, 0x8b, 0x29, 0x8b, 0x09, 0x83, 0xc9, 0x72, 0xc9, 0x72, 0xe8, 0x7a,
    0xc9, 0x7a, 0xa9, 0x72, 0xa9, 0x72, 0xc8, 0x72, 0xc9, 0x72, 0x88, 0x6a,
    0xc9, 0x72, 0x88, 0x62, 0x67, 0x62, 0xa9, 0x72, 0xc9, 0x72, 0x09, 0x7b,
    0xc9, 0x72, 0x68, 0x62, 0xe9, 0x72, 0x0a, 0x83, 0xc9, 0x72, 0xc9, 0x72,
    0xed, 0x9b, 0x2f, 0xac, 0xed, 0x9b, 0xc9, 0x72, 0xec, 0x9b, 0x48, 0x62,
    0x07, 0x52, 0x27, 0x5a, 0x28, 0x5a, 0x45, 0x29, 0xa6, 0x41, 0xa6, 0x41,
    0xc6, 0x49, 0x27, 0x5a, 0x68, 0x62, 0xe9, 0x7a, 0xe9, 0x7a, 0xc9, 0x72,
    0xa9, 0x6a, 0x68, 0x5a, 0xc9, 0x6a, 0x8a, 0x62, 0xa7, 0x39, 0x66, 0x29,
    0x66, 0x29, 0xc7, 0x31, 0xc8, 0x39, 0x08, 0x5a, 0xe9, 0x7a, 0x6b, 0x8b,
    0x6b, 0x83, 0x4f, 0xa4, 0x50, 0x9c, 0x74, 0xc5, 0xca, 0x6a, 0x27, 0x5a,
    0xe7, 0x51, 0xe7, 0x49, 0x65, 0x31, 0x87, 0x31, 0xab, 0x5a, 0x29, 0x52,
    0x48, 0x72, 0x88, 0x7a, 0xa9, 0x82, 0x0e, 0xac, 0x90, 0xbc, 0xb1, 0xbc,
    0x33, 0xc5, 0x73, 0xcd, 0xf6, 0xdd, 0x36, 0xde, 0x94, 0xcd, 0xf6, 0xdd,
    0xd6, 0xdd, 0xf6, 0xdd, 0xd5, 0xdd, 0xb5, 0xd5, 0x95, 0xd5, 0xd5, 0xdd,
    0x33, 0xdd, 0x74, 0xdd, 0xf6, 0xe5, 0x74, 0xdd, 0xb5, 0xe5, 0x94, 0xe5,
    0xb5, 0xe5, 0xf6, 0xed, 0xf5, 0xed, 0x16, 0xee, 0x77, 0xf6, 0xf6, 0xf5,
    0x16, 0xf6, 0x98, 0xf6, 0x57, 0xf6, 0xd9, 0xfe, 0xda, 0xfe, 0xda, 0xfe,
    0x1b, 0xff, 0x1b, 0xff, 0xfb, 0xfe, 0x7c, 0xff, 0x7c, 0xff, 0x5c, 0xff,
    0x5c, 0xff, 0x7c, 0xff, 0x9d, 0xff, 0x9d, 0xff, 0x5c, 0xff, 0x5c, 0xff,
    0x7c, 0xff, 0x5c, 0xff, 0x3b, 0xff, 0x3b, 0xf7, 0x3b, 0xff, 0x5b, 0xff,
    0x5c, 0xff, 0x5c, 0xff, 0x3b, 0xff, 0xfa, 0xf6, 0xd9, 0xf6, 0xfb, 0xf6,
    0x3b, 0xff, 0x3c, 0xf7, 0x5c, 0xff, 0x7c, 0xff, 0x9c, 0xff, 0x9c, 0xff,
    0x9d, 0xff, 0xbc, 0xff, 0x9d, 0xff, 0xbd, 0xff, 0xbd, 0xff, 0xde, 0xff,
    0xbd, 0xff, 0x9d, 0xff, 0x9d, 0xff, 0x9d, 0xff, 0xbd, 0xff, 0xbd, 0xff,
    0x9c, 0xff, 0x9d, 0xff, 0x9d, 0xff, 0x7c, 0xff, 0x9c, 0xff, 0x7c, 0xff,
    0x7c, 0xff, 0x7c, 0xff, 0x7c, 0xff, 0x7c, 0xff, 0x7c, 0xff, 0x7c, 0xff,
    0x7b, 0xff, 0x5c, 0xff, 0x5b, 0xff, 0x7b, 0xff, 0x7c, 0xff, 0x7c, 0xff,
    0x9c, 0xff, 0x9c, 0xff, 0x9d, 0xff, 0xbd, 0xff, 0x9d, 0xff, 0xbd, 0xff,
    0x9d, 0xff, 0x9e, 0xff, 0xbd, 0xff, 0xbd, 0xff, 0xbd, 0xff, 0xbe, 0xff,
    0xbe, 0xff, 0xbe, 0xff, 0xbd, 0xff, 0x9e, 0xff, 0x9d, 0xff, 0x5c, 0xff,
    0x5c, 0xf7, 0x1b, 0xef, 0x1b, 0xef, 0xfb, 0xe6, 0xda, 0xe6, 0xb9, 0xe6,
    0x1c, 0xef, 0x99, 0xee, 0xda, 0xee, 0xd9, 0xee, 0xd9, 0xee, 0xd9, 0xee,
    0xb9, 0xee, 0xb9, 0xee, 0xb8, 0xe6, 0x78, 0xe6, 0x17, 0xd6, 0xb9, 0xe6,
    0x54, 0xb5, 0x0f, 0x94, 0xd2, 0xa4, 0xd7, 0xc5, 0x8d, 0x7b, 0x8d, 0x83,
    0x6c, 0x7b, 0x6d, 0x83, 0xad, 0x83, 0xcd, 0x8b, 0xee, 0x9b, 0x2f, 0xa4,
    0x6f, 0xac, 0xd0, 0xb4, 0x12, 0xc5, 0x32, 0xcd, 0x73, 0xcd, 0xb4, 0xd5,
    0xd4, 0xdd, 0xf5, 0xdd, 0x15, 0xe6, 0x36, 0xe6, 0x56, 0xee, 0x77, 0xee,
    0x76, 0xee, 0x97, 0xf6, 0x97, 0xf6, 0xb8, 0xee, 0xb8, 0xee, 0xb8, 0xf6,
    0xd9, 0xf6, 0xb9, 0xee, 0xd9, 0xee, 0xd9, 0xf6, 0xd8, 0xf6, 0xd9, 0xee,
    0xf9, 0xf6, 0xd8, 0xf6, 0xd9, 0xee, 0xd9, 0xf6, 0xd9, 0xf6, 0xd9, 0xee,
    0xd9, 0xee, 0xb9, 0xf6, 0xb9, 0xee, 0xb9, 0xe6, 0xb8, 0xee, 0xb9, 0xee,
    0x99, 0xe6, 0xb9, 0xe6, 0x99, 0xe6, 0x98, 0xe6, 0x99, 0xe6, 0x98, 0xe6,
    0x99, 0xe6, 0x99, 0xe6, 0x34, 0xb5, 0x34, 0xbd, 0x34, 0xbd, 0x34, 0xbd,
    0x54, 0xbd, 0x55, 0xbd, 0x54, 0xbd, 0x74, 0xc5, 0x75, 0xbd, 0x75, 0xbd,
    0x95, 0xc5, 0x75, 0xc5, 0x76, 0xc5, 0x95, 0xc5, 0x95, 0xc5, 0x95, 0xbd,
    0xb5, 0xc5, 0xb6, 0xc5, 0xb6, 0xc5, 0xd6, 0xc5, 0xf6, 0xcd, 0xf7, 0xcd,
    0x17, 0xce, 0x37, 0xd6, 0x37, 0xd6, 0x58, 0xd6, 0x78, 0xde, 0x78, 0xde,
    0x99, 0xe6, 0x9a, 0xe6, 0x99, 0xe6, 0xb9, 0xee, 0xb9, 0xee, 0x77, 0xde,
    0xd5, 0xcd, 0x32, 0xbd, 0xf2, 0xb4, 0x32, 0xc5, 0x32, 0xc5, 0x33, 0xc5,
    0x12, 0xbd, 0xf1, 0xb4, 0xb1, 0xb4, 0x90, 0xb4, 0x4f, 0xac, 0x0e, 0xa4,
    0xed, 0x93, 0xac, 0x93, 0x8c, 0x8b, 0x4b, 0x8b, 0x2b, 0x83, 0x0a, 0x7b,
    0xc9, 0x7a, 0x68, 0x62, 0x47, 0x5a, 0x47, 0x62, 0x88, 0x6a, 0xc9, 0x72,
    0x09, 0x83, 0x0a, 0x83, 0x09, 0x7b, 0x29, 0x83, 0x2a, 0x8b, 0x2a, 0x8b,
    0x4a, 0x8b, 0x6b, 0x8b, 0x4a, 0x8b, 0xab, 0x9b, 0x6a, 0x93, 0x4a, 0x8b,
    0xa8, 0x6a, 0x68, 0x5a, 0x68, 0x62, 0xa8, 0x6a, 0xa8, 0x6a, 0xa9, 0x72,
    0x68, 0x62, 0x88, 0x6a, 0x0a, 0x7b, 0x09, 0x83, 0xea, 0x82, 0x09, 0x7b,
    0xe9, 0x7a, 0xc9, 0x72, 0xc9, 0x7a, 0xa8, 0x6a, 0xc9, 0x6a, 0xea, 0x72,
    0x4e, 0xb4, 0xac, 0x9b, 0xa9, 0x6a, 0xe9, 0x72, 0x2a, 0x83, 0xca, 0x7a,
    0xa9, 0x72, 0x48, 0x5a, 0x86, 0x41, 0xe7, 0x51, 0x45, 0x29, 0x65, 0x31,
    0x68, 0x5a, 0x28, 0x5a, 0x28, 0x5a, 0xa8, 0x72, 0xe9, 0x72, 0x89, 0x6a,
    0xe9, 0x72, 0xc9, 0x72, 0x68, 0x62, 0x48, 0x62, 0xa9, 0x6a, 0x68, 0x5a,
    0x28, 0x4a, 0x66, 0x29, 0x86, 0x31, 0x29, 0x42, 0x89, 0x6a, 0x0a, 0x7b,
    0xc9, 0x72, 0x6b, 0x8b, 0xb0, 0xb4, 0x12, 0xb5, 0x10, 0x94, 0x67, 0x6a,
    0x47, 0x5a, 0x07, 0x52, 0xa6, 0x39, 0x65, 0x31, 0x87, 0x39, 0x8b, 0x5a,
    0x08, 0x5a, 0xaa, 0x82, 0x89, 0x82, 0x0b, 0x8b, 0xad, 0x9b, 0x4f, 0xb4,
    0xd1, 0xbc, 0x53, 0xcd, 0xb4, 0xd5, 0x53, 0xcd, 0xb5, 0xcd, 0x16, 0xde,
    0xb5, 0xd5, 0x94, 0xd5, 0xf6, 0xdd, 0x94, 0xd5, 0xb4, 0xd5, 0xd5, 0xdd,
    0xb4, 0xdd, 0xb5, 0xdd, 0x52, 0xd5, 0x53, 0xdd, 0x95, 0xe5, 0xb5, 0xe5,
    0xf5, 0xe5, 0x74, 0xe5, 0xb5, 0xe5, 0x36, 0xee, 0xd5, 0xed, 0x37, 0xee,
    0x78, 0xf6, 0xd5, 0xed, 0x58, 0xf6, 0x37, 0xf6, 0x78, 0xfe, 0x79, 0xfe,
    0xfa, 0xfe, 0xfa, 0xfe, 0x5c, 0xff, 0xba, 0xfe, 0xfb, 0xfe, 0x7c, 0xff,
    0x3b, 0xff, 0x3c, 0xff, 0x5c, 0xff, 0x9d, 0xff, 0x7c, 0xff, 0x9d, 0xff,
    0x9c, 0xff, 0x5c, 0xff, 0x3c, 0xff, 0x5b, 0xff, 0x5b, 0xff, 0x5c, 0xff,
    0x5c, 0xff, 0x5b, 0xff, 0x3a, 0xf7, 0xfa, 0xf6, 0xfa, 0xf6, 0xda, 0xf6,
    0x3a, 0xf7, 0x3b, 0xf7, 0x5b, 0xff, 0x7c, 0xff, 0x9c, 0xff, 0x7d, 0xff,
    0x9c, 0xff, 0x9d, 0xff, 0x9d, 0xff, 0x9d, 0xff, 0xbd, 0xff, 0xbd, 0xff,
    0xbd, 0xff, 0xbd, 0xff, 0xde, 0xff, 0xdd, 0xff, 0xdd, 0xff, 0xbe, 0xff,
    0xbd, 0xff, 0xbd, 0xff, 0x9c, 0xff, 0x9c, 0xff, 0x7c, 0xff, 0x7c, 0xff,
    0x5c, 0xff, 0x5b, 0xff, 0x7c, 0xff, 0x5c, 0xff, 0x5b, 0xff, 0x5b, 0xff,
    0x3b, 0xff, 0x3b, 0xff, 0x5b, 0xff, 0x5c, 0xff, 0x7c, 0xff, 0x7c, 0xff,
    0x7c, 0xff, 0x9d, 0xff, 0x9d, 0xff, 0xbd, 0xff, 0xbd, 0xff, 0x9d, 0xff,
    0xbd, 0xff, 0xbd, 0xff, 0x9d, 0xff, 0xbd, 0xff, 0x9e, 0xff, 0xbe, 0xff,
    0xbe, 0xff, 0xbe, 0xff, 0xbe, 0xff, 0xbe, 0xff, 0xbe, 0xff, 0x9d, 0xff,
    0x5d, 0xf7, 0x5c, 0xf7, 0x1b, 0xf7, 0xfb, 0xee, 0xda, 0xe6, 0xb9, 0xe6,
    0x78, 0xde, 0xda, 0xee, 0x58, 0xd6, 0xb9, 0xee, 0xb9, 0xe6, 0x99, 0xe6,
    0x78, 0xe6, 0x98, 0xee, 0x98, 0xe6, 0x79, 0xe6, 0x38, 0xde, 0x37, 0xde,
    0xf7, 0xd5, 0xda, 0xe6, 0x17, 0xd6, 0xd2, 0xac, 0xf7, 0xc5, 0x30, 0x8c,
    0x8d, 0x83, 0xad, 0x8b, 0x8d, 0x83, 0x8d, 0x83, 0xad, 0x8b, 0xce, 0x8b,
    0xef, 0x9b, 0x4f, 0xa4, 0xb1, 0xb4, 0xf1, 0xbc, 0x12, 0xc5, 0x53, 0xcd,
    0xb3, 0xd5, 0xd4, 0xd5, 0xf5, 0xdd, 0x16, 0xde, 0x36, 0xe6, 0x56, 0xe6,
    0x57, 0xee, 0x77, 0xee, 0x98, 0xee, 0x98, 0xee, 0xb8, 0xee, 0xb8, 0xf6,
    0xb8, 0xf6, 0xd9, 0xf6, 0xd9, 0xf6, 0xd9, 0xf6, 0xd9, 0xf6, 0xf9, 0xf6,
    0xd9, 0xf6, 0xf9, 0xee, 0xf9, 0xf6, 0xf9, 0xf6, 0xf9, 0xf6, 0xd9, 0xf6,
    0xd9, 0xf6, 0xd9, 0xee, 0xd9, 0xee, 0xb9, 0xee, 0xb8, 0xee, 0xb9, 0xee,
    0xb9, 0xee, 0xb9, 0xe6, 0x98, 0xee, 0x99, 0xe6, 0x99, 0xee, 0x98, 0xe6,
    0x99, 0xe6, 0x98, 0xde, 0x99, 0xe6, 0x34, 0xb5, 0x34, 0xbd, 0x34, 0xbd,
    0x54, 0xb5, 0x54, 0xbd, 0x54, 0xbd, 0x74, 0xbd, 0x75, 0xc5, 0x75, 0xbd,
    0x95, 0xc5, 0x75, 0xc5, 0x95, 0xc5, 0x95, 0xbd, 0x95, 0xc5, 0xb6, 0xc5,
    0xb6, 0xcd, 0xd6, 0xcd, 0xd6, 0xcd, 0xf7, 0xcd, 0x17, 0xce, 0x37, 0xd6,
    0x37, 0xde, 0x58, 0xd6, 0x78, 0xde, 0x78, 0xe6, 0x99, 0xe6, 0xb9, 0xe6,
    0xba, 0xee, 0xba, 0xee, 0xf9, 0xee, 0xda, 0xee, 0xda, 0xf6, 0xd9, 0xf6,
    0xb8, 0xe6, 0x36, 0xde, 0x53, 0xc5, 0xf2, 0xbc, 0xf1, 0xbc, 0x32, 0xbd,
    0x32, 0xbd, 0x12, 0xbd, 0xd0, 0xb4, 0xb0, 0xac, 0x8f, 0xac, 0x6e, 0xac,
    0x2e, 0xa4, 0x0d, 0xa4, 0xac, 0x93, 0x6c, 0x93, 0x4b, 0x83, 0x2b, 0x83,
    0xea, 0x7a, 0xc9, 0x72, 0x68, 0x62, 0x48, 0x5a, 0x48, 0x5a, 0x68, 0x62,
    0x88, 0x6a, 0xe9, 0x72, 0x0a, 0x83, 0x4a, 0x8b, 0x0a, 0x83, 0x2a, 0x83,
    0x4a, 0x93, 0x8b, 0x93, 0x4a, 0x8b, 0x6b, 0x93, 0x2a, 0x8b, 0x0a, 0x83,
    0xe9, 0x7a, 0xe9, 0x72, 0xe9, 0x7a, 0xa8, 0x72, 0xa8, 0x72, 0xc9, 0x72,
    0x68, 0x6a, 0xc9, 0x72, 0xe9, 0x7a, 0xc9, 0x72, 0xc9, 0x72, 0xa9, 0x72,
    0xa8, 0x72, 0xa9, 0x72, 0xc9, 0x72, 0xa9, 0x6a, 0x0a, 0x83, 0x6b, 0x8b,
    0xac, 0x9b, 0x0a, 0x7b, 0x47, 0x5a, 0x2a, 0x8b, 0xa9, 0x6a, 0xea, 0x7a,
    0x88, 0x6a, 0xc6, 0x51, 0xa6, 0x41, 0xa5, 0x41, 0xe6, 0x49, 0x65, 0x31,
    0x65, 0x31, 0x65, 0x31, 0xe7, 0x51, 0x48, 0x62, 0xc9, 0x72, 0xa9, 0x72,
    0x09, 0x7b, 0xa9, 0x6a, 0xa9, 0x6a, 0xa9, 0x6a, 0x88, 0x62, 0x68, 0x62,
    0x88, 0x62, 0x88, 0x6a, 0xc7, 0x41, 0x67, 0x29, 0xc8, 0x39, 0xa9, 0x6a,
    0xe9, 0x7a, 0xa9, 0x6a, 0x4b, 0x83, 0xd1, 0xb4, 0xf3, 0xb4, 0xc9, 0x72,
    0xc9, 0x7a, 0x07, 0x52, 0xe7, 0x41, 0xc7, 0x41, 0x45, 0x31, 0xc8, 0x39,
    0x09, 0x4a, 0x69, 0x7a, 0xea, 0x8a, 0xee, 0xab, 0x90, 0xb4, 0x90, 0xb4,
    0x90, 0xb4, 0x74, 0xd5, 0xb5, 0xcd, 0x53, 0xc5, 0xf6, 0xdd, 0x95, 0xd5,
    0xf6, 0xdd, 0xf5, 0xdd, 0xb4, 0xd5, 0xb5, 0xd5, 0xf5, 0xdd, 0xf5, 0xdd,
    0xf5, 0xe5, 0x32, 0xd5, 0xd5, 0xdd, 0xb5, 0xdd, 0x74, 0xe5, 0x74, 0xe5,
    0x54, 0xdd, 0xb4, 0xe5, 0x94, 0xe5, 0x94, 0xed, 0x95, 0xe5, 0xd5, 0xed,
    0xb5, 0xed, 0x77, 0xf6, 0x57, 0xf6, 0xd5, 0xf5, 0xf6, 0xf5, 0x16, 0xf6,
    0x57, 0xfe, 0x99, 0xfe, 0xda, 0xfe, 0x3c, 0xff, 0xfa, 0xfe, 0x99, 0xfe,
    0x1b, 0xff, 0x3b, 0xff, 0xfa, 0xfe, 0x1b, 0xff, 0x7c, 0xff, 0x9d, 0xff,
    0x7c, 0xff, 0x5c, 0xff, 0x3b, 0xff, 0x5b, 0xff, 0x3b, 0xff, 0x3b, 0xf7,
    0x5c, 0xff, 0x5c, 0xff, 0x1a, 0xf7, 0x1a, 0xf7, 0x1a, 0xff, 0x3b, 0xf7,
    0x3b, 0xff, 0x5b, 0xff, 0x5b, 0xff, 0x5c, 0xff, 0x7c, 0xff, 0x7c, 0xff,
    0x7c, 0xff, 0x7c, 0xff, 0x7c, 0xff, 0x9c, 0xff, 0x9d, 0xff, 0x9d, 0xff,
    0xbd, 0xff, 0xde, 0xff, 0xdd, 0xff, 0xbe, 0xff, 0xde, 0xff, 0xdd, 0xff,
    0xbd, 0xff, 0x9c, 0xff, 0x7c, 0xff, 0x7c, 0xff, 0x7c, 0xff, 0x7c, 0xff,
    0x7c, 0xff, 0x7c, 0xff, 0x5b, 0xff, 0x5b, 0xff, 0x3b, 0xf7, 0x3b, 0xff,
    0x5b, 0xff, 0x3b, 0xff, 0x5b, 0xff, 0x7b, 0xff, 0x7b, 0xff, 0x7c, 0xff,
    0x9d, 0xff, 0x9c, 0xff, 0x9d, 0xff, 0xbe, 0xff, 0xbd, 0xff, 0xbe, 0xff,
    0x9d, 0xff, 0x9d, 0xff, 0xbd, 0xff, 0x9e, 0xff, 0x9d, 0xff, 0xbd, 0xff,
    0x9d, 0xff, 0xbe, 0xff, 0xbd, 0xff, 0xbe, 0xff, 0x9e, 0xff, 0xbe, 0xff,
    0xbe, 0xff, 0x7d, 0xf7, 0x5c, 0xf7, 0xfb, 0xee, 0xda, 0xe6, 0x9a, 0xe6,
    0x58, 0xde, 0x38, 0xd6, 0x78, 0xde, 0x59, 0xde, 0x17, 0xd6, 0xd9, 0xee,
    0xfa, 0xf6, 0xb9, 0xe6, 0x98, 0xee, 0x98, 0xe6, 0x78, 0xe6, 0x57, 0xe6,
    0x16, 0xde, 0xd5, 0xcd, 0x95, 0xc5, 0xb5, 0xc5, 0x99, 0xde, 0xb9, 0xe6,
    0xf3, 0xa4, 0x8d, 0x83, 0xee, 0x93, 0xce, 0x8b, 0xad, 0x8b, 0xcd, 0x8b,
    0xce, 0x8b, 0x0e, 0x94, 0x4f, 0x9c, 0x90, 0xac, 0xb1, 0xbc, 0x12, 0xbd,
    0x52, 0xc5, 0x73, 0xd5, 0xb4, 0xdd, 0xf5, 0xdd, 0xf5, 0xe5, 0x36, 0xe6,
    0x56, 0xe6, 0x77, 0xee, 0x77, 0xee, 0x77, 0xee, 0xb8, 0xee, 0xb8, 0xf6,
    0xb8, 0xf6, 0xd9, 0xee, 0xd9, 0xee, 0xd9, 0xf6, 0xd9, 0xf6, 0xfa, 0xf6,
    0xf9, 0xee, 0x1a, 0xf7, 0xda, 0xf6, 0xfa, 0xf6, 0xfa, 0xf6, 0xda, 0xf6,
    0xf9, 0xee, 0xf9, 0xee, 0xd9, 0xee, 0xd9, 0xf6, 0xd9, 0xee, 0xd9, 0xee,
    0xb9, 0xee, 0xb9, 0xee, 0xb9, 0xee, 0xb9, 0xee, 0xb9, 0xee, 0xb9, 0xe6,
    0x98, 0xe6, 0x99, 0xe6, 0x99, 0xe6, 0x99, 0xe6, 0x34, 0xb5, 0x33, 0xb5,
    0x34, 0xb5, 0x54, 0xb5, 0x54, 0xbd, 0x54, 0xbd, 0x55, 0xbd, 0x75, 0xbd,
    0x75, 0xc5, 0x95, 0xbd, 0x95, 0xbd, 0x95, 0xc5, 0xb5, 0xc5, 0xb6, 0xc5,
    0xd6, 0xcd, 0xf6, 0xcd, 0xf7, 0xcd, 0x37, 0xd6, 0x37, 0xd6, 0x57, 0xde,
    0x78, 0xde, 0x78, 0xde, 0x99, 0xe6, 0xb9, 0xe6, 0xba, 0xee, 0xda, 0xee,
    0xfa, 0xee, 0xfa, 0xee, 0x1a, 0xef, 0x1b, 0xef, 0x3a, 0xf7, 0x1a, 0xf7,
    0xfa, 0xf6, 0xda, 0xee, 0x57, 0xde, 0xd5, 0xcd, 0x33, 0xc5, 0x12, 0xb5,
    0xf2, 0xbc, 0x12, 0xbd, 0x11, 0xc5, 0xd1, 0xbc, 0x90, 0xac, 0x6f, 0xac,
    0x4e, 0xa4, 0x2e, 0xa4, 0xed, 0x9b, 0xcc, 0x93, 0x8c, 0x93, 0x4b, 0x83,
    0x0a, 0x7b, 0xc9, 0x72, 0x88, 0x6a, 0x48, 0x62, 0x68, 0x62, 0x88, 0x6a,
    0xc8, 0x72, 0xe9, 0x72, 0xe9, 0x82, 0x09, 0x83, 0x0a, 0x83, 0x09, 0x83,
    0x2a, 0x83, 0x0a, 0x83, 0x09, 0x83, 0x2a, 0x8b, 0x4a, 0x8b, 0x4a, 0x8b,
    0x4a, 0x8b, 0x09, 0x83, 0x0a, 0x83, 0xe9, 0x82, 0xe9, 0x7a, 0xc9, 0x72,
    0xc9, 0x72, 0xe9, 0x7a, 0xc9, 0x7a, 0xa8, 0x72, 0xe9, 0x7a, 0xa9, 0x6a,
    0x68, 0x62, 0x68, 0x62, 0xa8, 0x6a, 0x88, 0x6a, 0x89, 0x6a, 0x48, 0x62,
    0xa9, 0x72, 0x07, 0x52, 0x27, 0x52, 0xc9, 0x72, 0x07, 0x52, 0x28, 0x5a,
    0x07, 0x52, 0xc6, 0x41, 0xe6, 0x49, 0x88, 0x6a, 0x07, 0x52, 0x48, 0x62,
    0xa7, 0x41, 0x25, 0x31, 0x86, 0x41, 0xe6, 0x51, 0x68, 0x62, 0x68, 0x62,
    0xc9, 0x6a, 0xa9, 0x72, 0xc9, 0x72, 0xa9, 0x6a, 0xa9, 0x72, 0x88, 0x62,
    0x68, 0x62, 0x88, 0x6a, 0x68, 0x5a, 0x89, 0x62, 0xe8, 0x41, 0x07, 0x4a,
    0x09, 0x83, 0xa9, 0x72, 0x8b, 0x93, 0x70, 0xa4, 0x13, 0xbd, 0x0a, 0x83,
    0xe9, 0x7a, 0x68, 0x62, 0x07, 0x52, 0xc6, 0x41, 0x86, 0x39, 0x45, 0x31,
    0xa8, 0x39, 0x48, 0x72, 0x4c, 0x9b, 0xad, 0xa3, 0xb1, 0xb4, 0x70, 0xb4,
    0xf2, 0xc4, 0x74, 0xcd, 0x74, 0xcd, 0xb4, 0xd5, 0xd5, 0xd5, 0x94, 0xcd,
    0x16, 0xde, 0xd6, 0xd5, 0xd5, 0xd5, 0x36, 0xde, 0x94, 0xcd, 0xb5, 0xd5,
    0xb5, 0xd5, 0x16, 0xde, 0x74, 0xd5, 0x33, 0xd5, 0xf5, 0xe5, 0x74, 0xdd,
    0x95, 0xdd, 0xb4, 0xe5, 0x53, 0xe5, 0x54, 0xe5, 0xb5, 0xe5, 0x54, 0xed,
    0x94, 0xed, 0x74, 0xed, 0xb5, 0xed, 0x36, 0xf6, 0xf6, 0xed, 0x16, 0xf6,
    0xd6, 0xf5, 0x37, 0xfe, 0x78, 0xf6, 0x99, 0xfe, 0xfa, 0xfe, 0x7c, 0xff,
    0xfb, 0xfe, 0xda, 0xfe, 0xda, 0xfe, 0xfa, 0xfe, 0x3b, 0xff, 0x5c, 0xff,
    0x3b, 0xff, 0x5c, 0xff, 0x5b, 0xff, 0x1b, 0xf7, 0x3c, 0xff, 0x5c, 0xff,
    0x7c, 0xff, 0x5b, 0xff, 0xf9, 0xf6, 0xda, 0xf6, 0xd9, 0xf6, 0xfa, 0xf6,
    0x3b, 0xf7, 0x5b, 0xff, 0x5c, 0xff, 0x5c, 0xff, 0x7b, 0xff, 0x5c, 0xff,
    0x7c, 0xff, 0x5b, 0xff, 0x3b, 0xf7, 0x5c, 0xff, 0x7c, 0xff, 0x9d, 0xff,
    0xbd, 0xff, 0xbe, 0xff, 0xbd, 0xff, 0xde, 0xff, 0xde, 0xff, 0xde, 0xff,
    0xde, 0xff, 0xde, 0xff, 0x9d, 0xff, 0xbd, 0xff, 0x9d, 0xff, 0x9d, 0xff,
    0x7c, 0xff, 0x9c, 0xff, 0x7c, 0xff, 0x5c, 0xff, 0x7c, 0xff, 0x5c, 0xff,
    0x7b, 0xff, 0x7c, 0xff, 0x5c, 0xff, 0x7b, 0xff, 0x7c, 0xff, 0x7c, 0xff,
    0x7d, 0xff, 0x9c, 0xff, 0x9d, 0xff, 0x9d, 0xff, 0x9d, 0xff, 0x9d, 0xff,
    0x9c, 0xff, 0x9d, 0xff, 0x9d, 0xff, 0x9d, 0xff, 0x9d, 0xff, 0x9d, 0xff,
    0x9d, 0xff, 0x9d, 0xff, 0x9d, 0xff, 0x9d, 0xff, 0x7d, 0xff, 0x7c, 0xff,
    0x7d, 0xf7, 0x7d, 0xff, 0xbd, 0xff, 0x7d, 0xff, 0x1c, 0xf7, 0xfa, 0xee,
    0xb9, 0xe6, 0x78, 0xe6, 0x78, 0xde, 0x38, 0xde, 0xd9, 0xe6, 0x58, 0xde,
    0x17, 0xd6, 0x98, 0xe6, 0x3c, 0xf7, 0xba, 0xee, 0x98, 0xe6, 0x78, 0xe6,
    0x78, 0xe6, 0x57, 0xde, 0x16, 0xde, 0xb5, 0xcd, 0x53, 0xc5, 0x13, 0xb5,
    0x59, 0xd6, 0xdb, 0xe6, 0x14, 0xb5, 0xad, 0x83, 0xce, 0x93, 0xce, 0x93,
    0xee, 0x93, 0xee, 0x93, 0xef, 0x9b, 0x2f, 0x9c, 0x70, 0xa4, 0xb0, 0xb4,
    0xf1, 0xbc, 0x32, 0xc5, 0x73, 0xcd, 0x94, 0xd5, 0xd4, 0xd5, 0xf5, 0xdd,
    0x35, 0xe6, 0x56, 0xe6, 0x77, 0xee, 0x77, 0xee, 0x97, 0xee, 0xb8, 0xee,
    0xb8, 0xee, 0xb9, 0xee, 0xd9, 0xf6, 0xd9, 0xf6, 0xf9, 0xf6, 0xf9, 0xee,
    0xfa, 0xf6, 0xf9, 0xf6, 0xfa, 0xf6, 0xfa, 0xf6, 0xfa, 0xf6, 0xfa, 0xf6,
    0xfa, 0xf6, 0xfa, 0xf6, 0xfa, 0xf6, 0xfa, 0xee, 0xfa, 0xee, 0xd9, 0xee,
    0xd9, 0xee, 0xd9, 0xee, 0xb9, 0xee, 0xd9, 0xee, 0xb9, 0xe6, 0xb9, 0xe6,
    0xb9, 0xe6, 0xb9, 0xe6, 0xb9, 0xe6, 0xb9, 0xe6, 0x99, 0xe6, 0x34, 0xbd,
    0x34, 0xb5, 0x34, 0xbd, 0x34, 0xbd, 0x34, 0xbd, 0x54, 0xbd, 0x75, 0xbd,
    0x75, 0xbd, 0x95, 0xbd, 0x95, 0xc5, 0x95, 0xcd, 0xb6, 0xcd, 0xd6, 0xcd,
    0xf7, 0xd5, 0x17, 0xd6, 0x37, 0xd6, 0x37, 0xd6, 0x58, 0xde, 0x78, 0xde,
    0x79, 0xe6, 0xb9, 0xe6, 0x99, 0xe6, 0xba, 0xee, 0xfa, 0xee, 0xfa, 0xee,
    0x1a, 0xf7, 0x1b, 0xf7, 0x3b, 0xf7, 0x3b, 0xf7, 0x3b, 0xf7, 0x5b, 0xff,
    0x3b, 0xf7, 0x3b, 0xf7, 0x1a, 0xef, 0xb9, 0xe6, 0x57, 0xde, 0xd5, 0xd5,
    0x53, 0xc5, 0x12, 0xbd, 0xf1, 0xbc, 0x12, 0xbd, 0xf1, 0xb4, 0xd0, 0xb4,
    0x6f, 0xac, 0x4f, 0xa4, 0x2e, 0xa4, 0xed, 0x9b, 0xac, 0x8b, 0x4b, 0x8b,
    0x2b, 0x83, 0xc9, 0x7a, 0x89, 0x6a, 0x68, 0x5a, 0x47, 0x5a, 0x88, 0x62,
    0xe9, 0x7a, 0xe9, 0x7a, 0xe9, 0x7a, 0xe9, 0x72, 0xc9, 0x72, 0xe9, 0x7a,
    0x0a, 0x83, 0x09, 0x7b, 0xe9, 0x7a, 0xa9, 0x72, 0xa9, 0x72, 0x88, 0x6a,
    0xa8, 0x6a, 0xa9, 0x6a, 0xc9, 0x7a, 0xa8, 0x72, 0xa9, 0x6a, 0x88, 0x6a,
    0x88, 0x6a, 0x68, 0x62, 0x68, 0x62, 0x68, 0x62, 0x68, 0x6a, 0x47, 0x5a,
    0x68, 0x62, 0x88, 0x6a, 0x88, 0x6a, 0x27, 0x5a, 0x27, 0x5a, 0x27, 0x5a,
    0x27, 0x5a, 0xc6, 0x41, 0xc6, 0x49, 0xe6, 0x51, 0x86, 0x41, 0x85, 0x39,
    0x85, 0x39, 0x85, 0x39, 0x28, 0x5a, 0xc9, 0x7a, 0x0a, 0x83, 0xca, 0x72,
    0x48, 0x6a, 0x27, 0x5a, 0x45, 0x29, 0x45, 0x31, 0xc6, 0x41, 0x27, 0x62,
    0x68, 0x62, 0xa8, 0x6a, 0x09, 0x7b, 0xea, 0x7a, 0xc9, 0x72, 0x09, 0x7b,
    0x68, 0x62, 0x68, 0x62, 0xc9, 0x6a, 0x68, 0x5a, 0x68, 0x62, 0xc9, 0x72,
    0xc9, 0x72, 0xc9, 0x72, 0x0a, 0x83, 0x8b, 0x8b, 0x70, 0xa4, 0xea, 0x7a,
    0x4a, 0x83, 0xc8, 0x72, 0x47, 0x62, 0x07, 0x52, 0xc6, 0x49, 0x66, 0x31,
    0x05, 0x21, 0xe7, 0x59, 0x32, 0xcd, 0x6f, 0xb4, 0x33, 0xcd, 0x53, 0xcd,
    0x12, 0xc5, 0xf2, 0xbc, 0x53, 0xcd, 0x73, 0xcd, 0xb5, 0xd5, 0xb5, 0xd5,
    0xb5, 0xd5, 0x94, 0xcd, 0xb5, 0xd5, 0x16, 0xde, 0xb5, 0xd5, 0xd5, 0xdd,
    0xd5, 0xdd, 0x33, 0xcd, 0xd5, 0xdd, 0xb5, 0xdd, 0xf5, 0xe5, 0xb5, 0xe5,
    0xd5, 0xe5, 0x94, 0xe5, 0x94, 0xe5, 0x74, 0xe5, 0x13, 0xdd, 0x94, 0xe5,
    0x53, 0xe5, 0x94, 0xe5, 0x94, 0xe5, 0x74, 0xed, 0xd5, 0xed, 0x94, 0xed,
    0x16, 0xf6, 0xd5, 0xf5, 0xd6, 0xf5, 0x57, 0xfe, 0x37, 0xfe, 0xb9, 0xfe,
    0x1b, 0xff, 0x5c, 0xff, 0x1b, 0xff, 0xba, 0xfe, 0x99, 0xfe, 0xfa, 0xfe,
    0x1b, 0xff, 0xb9, 0xfe, 0xfa, 0xf6, 0x3b, 0xff, 0x5b, 0xff, 0x5c, 0xff,
    0x5b, 0xff, 0x3b, 0xff, 0xd9, 0xf6, 0xb9, 0xf6, 0xb9, 0xf6, 0xda, 0xf6,
    0x1b, 0xff, 0x5b, 0xff, 0x7c, 0xff, 0x3b, 0xff, 0x3b, 0xff, 0x3b, 0xf7,
    0x3b, 0xf7, 0x3b, 0xff, 0x3c, 0xff, 0x7c, 0xff, 0x7c, 0xff, 0x9c, 0xff,
    0xbd, 0xff, 0xbd, 0xff, 0xbd, 0xff, 0xbe, 0xff, 0xde, 0xff, 0xde, 0xff,
    0xde, 0xff, 0xde, 0xff, 0xbd, 0xff, 0xbd, 0xff, 0x9d, 0xff, 0xbc, 0xff,
    0x9c, 0xff, 0x7c, 0xff, 0x7c, 0xff, 0x7c, 0xff, 0x7c, 0xff, 0x7b, 0xff,
    0x7c, 0xff, 0x7b, 0xff, 0x5c, 0xff, 0x5c, 0xff, 0x7c, 0xff, 0x7c, 0xff,
    0x7c, 0xff, 0x9d, 0xff, 0x9c, 0xff, 0x9d, 0xff, 0x9d, 0xff, 0x9c, 0xff,
    0x7d, 0xff, 0x7d, 0xff, 0x9c, 0xff, 0x7d, 0xff, 0x7c, 0xff, 0x7c, 0xff,
    0x7c, 0xff, 0x7d, 0xff, 0x7d, 0xff, 0x7d, 0xff, 0x7c, 0xff, 0x7c, 0xff,
    0x7c, 0xff, 0x5d, 0xff, 0x3c, 0xf7, 0x5c, 0xf7, 0x5d, 0xf7, 0x5c, 0xff,
    0x3b, 0xef, 0xba, 0xe6, 0x38, 0xd6, 0x17, 0xd6, 0x37, 0xde, 0x99, 0xe6,
    0x78, 0xe6, 0xb9, 0xee, 0x99, 0xe6, 0x78, 0xde, 0x3b, 0xff, 0xba, 0xee,
    0x78, 0xe6, 0x78, 0xe6, 0x57, 0xe6, 0x57, 0xde, 0xf6, 0xd5, 0xb5, 0xd5,
    0x73, 0xbd, 0x94, 0xc5, 0xd6, 0xc5, 0x17, 0xce, 0xb7, 0xc5, 0xae, 0x83,
    0x8d, 0x83, 0xee, 0x93, 0x0f, 0x94, 0x0e, 0x9c, 0x4f, 0xa4, 0x70, 0xa4,
    0xb0, 0xac, 0xd1, 0xbc, 0x12, 0xc5, 0x73, 0xcd, 0x73, 0xd5, 0xb4, 0xdd,
    0x15, 0xde, 0x16, 0xe6, 0x36, 0xe6, 0x57, 0xee, 0x77, 0xee, 0x98, 0xf6,
    0xb8, 0xf6, 0xb9, 0xf6, 0xd8, 0xf6, 0xd9, 0xf6, 0xd9, 0xf6, 0xf9, 0xf6,
    0xfa, 0xf6, 0xfa, 0xf6, 0xfa, 0xf6, 0x1a, 0xf7, 0x1a, 0xf7, 0x1a, 0xf7,
    0x1a, 0xf7, 0x1a, 0xf7, 0xfa, 0xf6, 0xfa, 0xf6, 0xfa, 0xf6, 0xfa, 0xf6,
    0xfa, 0xf6, 0xf9, 0xee, 0xf9, 0xee, 0xd9, 0xee, 0xd9, 0xee, 0xb9, 0xee,
    0xb9, 0xee, 0xb9, 0xe6, 0xb9, 0xee, 0xb9, 0xee, 0xba, 0xe6, 0xb9, 0xe6,
    0x14, 0xb5, 0x34, 0xbd, 0x34, 0xbd, 0x54, 0xbd, 0x54, 0xbd, 0x54, 0xbd,
    0x75, 0xbd, 0x75, 0xc5, 0x95, 0xc5, 0xb5, 0xc5, 0xd6, 0xcd, 0xf7, 0xcd,
    0xf7, 0xcd, 0x37, 0xd6, 0x58, 0xde, 0x58, 0xde, 0x79, 0xe6, 0x99, 0xe6,
    0xba, 0xe6, 0xb9, 0xee, 0xda, 0xee, 0xfb, 0xee, 0xfa, 0xee, 0x1b, 0xf7,
    0x1b, 0xf7, 0x5b, 0xf7, 0x3c, 0xf7, 0x5c, 0xff, 0x5c, 0xff, 0x7c, 0xff,
    0x5c, 0xff, 0x7c, 0xff, 0x5c, 0xff, 0x3c, 0xff, 0x3b, 0xf7, 0xb9, 0xee,
    0x36, 0xde, 0x94, 0xcd, 0x52, 0xc5, 0x12, 0xbd, 0xf1, 0xb4, 0xd1, 0xb4,
    0xb1, 0xb4, 0xb0, 0xb4, 0x6f, 0xac, 0x2e, 0xa4, 0xee, 0x9b, 0xcc, 0x93,
    0x4c, 0x8b, 0x2a, 0x7b, 0xc9, 0x72, 0x89, 0x62, 0x48, 0x5a, 0x68, 0x62,
    0xa9, 0x72, 0xe9, 0x72, 0xc9, 0x72, 0xc9, 0x72, 0xc9, 0x7a, 0x2a, 0x83,
    0x09, 0x7b, 0x0a, 0x7b, 0x0a, 0x83, 0xe9, 0x82, 0x2a, 0x83, 0x2a, 0x83,
    0x4a, 0x8b, 0xe9, 0x7a, 0xa9, 0x6a, 0xc9, 0x7a, 0xa9, 0x6a, 0x48, 0x62,
    0xa9, 0x72, 0xc9, 0x72, 0x67, 0x6a, 0x68, 0x62, 0x88, 0x6a, 0x88, 0x6a,
    0x27, 0x5a, 0x27, 0x5a, 0x27, 0x5a, 0x48, 0x62, 0x47, 0x62, 0x27, 0x5a,
    0xa6, 0x41, 0xe6, 0x51, 0x06, 0x52, 0xe6, 0x49, 0xa6, 0x41, 0xa5, 0x41,
    0x85, 0x39, 0x45, 0x31, 0xa6, 0x41, 0xc9, 0x7a, 0xa9, 0x6a, 0x68, 0x62,
    0xac, 0x9b, 0xc9, 0x72, 0x68, 0x6a, 0x07, 0x52, 0x25, 0x29, 0x65, 0x39,
    0xe6, 0x51, 0x68, 0x62, 0xa9, 0x72, 0x09, 0x7b, 0xa9, 0x72, 0xc9, 0x7a,
    0x89, 0x62, 0x89, 0x6a, 0xc9, 0x72, 0xa9, 0x72, 0x89, 0x62, 0x48, 0x62,
    0xe9, 0x7a, 0xa9, 0x6a, 0x09, 0x83, 0x09, 0x83, 0x4b, 0x83, 0x09, 0x83,
    0x09, 0x83, 0xc9, 0x7a, 0xa9, 0x72, 0x07, 0x5a, 0xe6, 0x49, 0x86, 0x39,
    0x05, 0x21, 0xc7, 0x51, 0x50, 0xbc, 0x12, 0xc5, 0x33, 0xc5, 0x73, 0xc5,
    0x53, 0xcd, 0x74, 0xcd, 0x73, 0xcd, 0x94, 0xcd, 0xd6, 0xd5, 0x16, 0xde,
    0x57, 0xde, 0xf6, 0xd5, 0xd5, 0xd5, 0xd6, 0xd5, 0xb5, 0xd5, 0x37, 0xde,
    0xb5, 0xd5, 0xf6, 0xdd, 0x94, 0xd5, 0xf5, 0xdd, 0xd6, 0xdd, 0xb5, 0xdd,
    0xb4, 0xdd, 0x94, 0xdd, 0xb4, 0xdd, 0x33, 0xdd, 0x94, 0xdd, 0x53, 0xe5,
    0x74, 0xe5, 0x53, 0xe5, 0x33, 0xe5, 0x33, 0xe5, 0x54, 0xed, 0xd5, 0xed,
    0x74, 0xf5, 0x94, 0xed, 0xb5, 0xf5, 0x94, 0xf5, 0xb5, 0xf5, 0xf6, 0xfd,
    0x17, 0xfe, 0x78, 0xfe, 0xda, 0xfe, 0x1b, 0xff, 0xfb, 0xfe, 0xba, 0xfe,
    0xfa, 0xfe, 0x99, 0xfe, 0xb5, 0xed, 0x98, 0xf6, 0x3b, 0xff, 0x3b, 0xff,
    0x1b, 0xf7, 0x3b, 0xff, 0x3b, 0xff, 0x1b, 0xff, 0x1a, 0xf7, 0x1a, 0xff,
    0x3b, 0xff, 0x5b, 0xff, 0x5b, 0xff, 0x3b, 0xff, 0x3b, 0xf7, 0x3b, 0xff,
    0x3b, 0xff, 0x3b, 0xff, 0x3b, 0xff, 0x3b, 0xff, 0x5c, 0xff, 0x7c, 0xff,
    0x7c, 0xff, 0x9d, 0xff, 0xbd, 0xff, 0xbd, 0xff, 0xde, 0xff, 0xbe, 0xff,
    0xdd, 0xff, 0xbd, 0xff, 0xbd, 0xff, 0x9d, 0xff, 0x9d, 0xff, 0x7c, 0xff,
    0x7c, 0xff, 0x7c, 0xff, 0x7b, 0xff, 0x5b, 0xff, 0x5b, 0xf7, 0x3b, 0xff,
    0x5b, 0xff, 0x5b, 0xff, 0x5b, 0xff, 0x7c, 0xff, 0x7c, 0xff, 0x9c, 0xff,
    0x7c, 0xff, 0x9d, 0xff, 0x9d, 0xff, 0x9c, 0xff, 0x9d, 0xff, 0x9c, 0xff,
    0x7c, 0xff, 0x7c, 0xff, 0x9c, 0xff, 0x9c, 0xff, 0x7d, 0xff, 0x7c, 0xff,
    0x5c, 0xff, 0x7c, 0xff, 0x7c, 0xff, 0x5c, 0xff, 0x7c, 0xff, 0x5c, 0xf7,
    0x5c, 0xff, 0x5c, 0xf7, 0x5c, 0xff, 0x5c, 0xf7, 0x3c, 0xf7, 0xfb, 0xee,
    0xda, 0xe6, 0xba, 0xe6, 0xb9, 0xe6, 0xb9, 0xe6, 0x17, 0xd6, 0x95, 0xc5,
    0xb6, 0xcd, 0x16, 0xd6, 0x16, 0xde, 0x98, 0xe6, 0xf9, 0xf6, 0xba, 0xee,
    0x5b, 0xf7, 0xda, 0xee, 0x78, 0xe6, 0x57, 0xde, 0x36, 0xde, 0x16, 0xd6,
    0xb5, 0xd5, 0x94, 0xcd, 0x34, 0xbd, 0xf7, 0xd5, 0x50, 0x9c, 0x13, 0xad,
    0x38, 0xd6, 0xd0, 0x93, 0x6d, 0x7b, 0xee, 0x93, 0xef, 0x9b, 0x2f, 0x9c,
    0x4f, 0xac, 0x90, 0xb4, 0xf1, 0xb4, 0x12, 0xbd, 0x52, 0xc5, 0x73, 0xd5,
    0xb4, 0xd5, 0xf4, 0xdd, 0x16, 0xe6, 0x36, 0xe6, 0x57, 0xe6, 0x77, 0xee,
    0x97, 0xee, 0x98, 0xee, 0xb8, 0xf6, 0xd8, 0xf6, 0xd9, 0xee, 0xf9, 0xf6,
    0xfa, 0xf6, 0xfa, 0xf6, 0x1a, 0xf7, 0x1a, 0xf7, 0x1a, 0xf7, 0x1a, 0xf7,
    0x1a, 0xf7, 0x1a, 0xf7, 0x1a, 0xf7, 0x1a, 0xf7, 0xfa, 0xf6, 0xfa, 0xf6,
    0xfa, 0xf6, 0xfa, 0xf6, 0xda, 0xf6, 0xda, 0xee, 0xfa, 0xee, 0xda, 0xee,
    0xda, 0xee, 0xba, 0xee, 0xda, 0xee, 0xba, 0xe6, 0xba, 0xe6, 0xb9, 0xe6,
    0xba, 0xe6, 0x33, 0xb5, 0x34, 0xb5, 0x34, 0xbd, 0x54, 0xbd, 0x55, 0xbd,
    0x75, 0xbd, 0x95, 0xc5, 0x95, 0xc5, 0xb6, 0xc5, 0xf6, 0xcd, 0xf6, 0xcd,
    0x37, 0xd6, 0x38, 0xde, 0x78, 0xde, 0x79, 0xde, 0x99, 0xe6, 0xd9, 0xe6,
    0xd9, 0xee, 0xfa, 0xee, 0xfa, 0xee, 0x1a, 0xf7, 0x1b, 0xf7, 0x3b, 0xf7,
    0x5b, 0xf7, 0x5c, 0xf7, 0x5c, 0xff, 0x7c, 0xff, 0x7c, 0xff, 0x7c, 0xff,
    0x9d, 0xff, 0x9d, 0xff, 0x9d, 0xff, 0x9c, 0xff, 0x7c, 0xff, 0x5c, 0xff,
    0xfa, 0xf6, 0x16, 0xde, 0x74, 0xc5, 0x12, 0xbd, 0xf2, 0xbc, 0xf1, 0xbc,
    0xd1, 0xb4, 0xb0, 0xac, 0x90, 0xac, 0x70, 0xac, 0x2e, 0xa4, 0x0e, 0xa4,
    0xed, 0x9b, 0xac, 0x93, 0x2b, 0x83, 0xca, 0x72, 0x89, 0x6a, 0x88, 0x62,
    0x68, 0x6a, 0xa9, 0x6a, 0xa9, 0x6a, 0xe9, 0x7a, 0x0a, 0x83, 0x2a, 0x83,
    0x0a, 0x83, 0x2a, 0x8b, 0x4a, 0x8b, 0x4a, 0x8b, 0x4a, 0x8b, 0x2a, 0x83,
    0xa9, 0x72, 0x68, 0x62, 0x48, 0x5a, 0x68, 0x62, 0x68, 0x62, 0x68, 0x62,
    0x27, 0x62, 0x47, 0x5a, 0x07, 0x52, 0x07, 0x52, 0x27, 0x5a, 0xe6, 0x51,
    0x07, 0x52, 0xc6, 0x49, 0xc6, 0x49, 0xe6, 0x49, 0xa6, 0x49, 0xa6, 0x41,
    0xa6, 0x41, 0x06, 0x5a, 0xe6, 0x49, 0xa6, 0x41, 0x85, 0x39, 0xa6, 0x41,
    0xc6, 0x49, 0xc6, 0x49, 0x48, 0x5a, 0x2a, 0x8b, 0x2a, 0x83, 0xac, 0x93,
    0x4e, 0xb4, 0x6b, 0x8b, 0x0a, 0x83, 0xca, 0x7a, 0x89, 0x72, 0xe7, 0x51,
    0x04, 0x21, 0x86, 0x41, 0x07, 0x5a, 0x48, 0x62, 0xe9, 0x7a, 0xc9, 0x72,
    0xc9, 0x7a, 0x2a, 0x83, 0xc9, 0x72, 0xe9, 0x7a, 0xc8, 0x72, 0xc9, 0x7a,
    0x0a, 0x83, 0xc9, 0x7a, 0x4a, 0x8b, 0x6a, 0x93, 0xc9, 0x7a, 0x2a, 0x8b,
    0x6a, 0x8b, 0x09, 0x83, 0x88, 0x72, 0x07, 0x52, 0xe6, 0x49, 0xa6, 0x41,
    0x25, 0x29, 0x05, 0x31, 0x0d, 0xb4, 0xb4, 0xd5, 0x33, 0xc5, 0x94, 0xcd,
    0x94, 0xd5, 0x74, 0xc5, 0xb5, 0xd5, 0xd5, 0xd5, 0xf6, 0xdd, 0xf6, 0xdd,
    0xb5, 0xd5, 0xd5, 0xd5, 0xf6, 0xdd, 0x95, 0xd5, 0xd6, 0xdd, 0xf5, 0xdd,
    0xb4, 0xd5, 0xf6, 0xdd, 0xf5, 0xdd, 0xf6, 0xdd, 0xb4, 0xdd, 0x53, 0xd5,
    0xd5, 0xdd, 0xb5, 0xdd, 0x33, 0xd5, 0x32, 0xdd, 0x54, 0xdd, 0x33, 0xdd,
    0x94, 0xe5, 0xb4, 0xe5, 0x94, 0xe5, 0x74, 0xe5, 0x33, 0xe5, 0x33, 0xe5,
    0x94, 0xed, 0x94, 0xed, 0x53, 0xed, 0x74, 0xf5, 0x94, 0xf5, 0xb5, 0xf5,
    0xb5, 0xfd, 0xd6, 0xfd, 0x16, 0xfe, 0x58, 0xfe, 0xb9, 0xfe, 0xda, 0xfe,
    0xfa, 0xfe, 0x1b, 0xff, 0x75, 0xf5, 0x12, 0xe5, 0xb8, 0xf6, 0x1a, 0xff,
    0x3b, 0xff, 0x5b, 0xff, 0x3a, 0xff, 0x5b, 0xff, 0x3b, 0xff, 0x5b, 0xff,
    0x5b, 0xff, 0x3c, 0xff, 0x5b, 0xff, 0x3b, 0xf7, 0x1b, 0xff, 0x1b, 0xf7,
    0x1a, 0xf7, 0xfa, 0xf6, 0x1b, 0xf7, 0x3b, 0xf7, 0x7c, 0xff, 0x7c, 0xff,
    0x9d, 0xff, 0x9d, 0xff, 0x9c, 0xff, 0x9c, 0xff, 0x9d, 0xff, 0x9d, 0xff,
    0xbd, 0xff, 0x9d, 0xff, 0xbe, 0xff, 0xbe, 0xff, 0xbd, 0xff, 0x9d, 0xff,
    0x9d, 0xff, 0x9c, 0xff, 0x7d, 0xff, 0x7c, 0xff, 0x7c, 0xff, 0x9c, 0xff,
    0x7c, 0xff, 0x7c, 0xff, 0x7c, 0xff, 0x7c, 0xff, 0x5c, 0xff, 0x7c, 0xff,
    0x7c, 0xff, 0x5c, 0xff, 0x7b, 0xff, 0x5c, 0xff, 0x3c, 0xff, 0x5b, 0xff,
    0x7c, 0xff, 0x5c, 0xff, 0x5c, 0xff, 0x7c, 0xff, 0x7d, 0xff, 0x7c, 0xff,
    0x5c, 0xf7, 0x7c, 0xff, 0x5c, 0xf7, 0x5c, 0xf7, 0x5b, 0xf7, 0x5c, 0xf7,
    0x5c, 0xff, 0x3c, 0xf7, 0x5c, 0xf7, 0x5c, 0xf7, 0x5b, 0xf7, 0x3b, 0xf7,
    0x1b, 0xf7, 0xda, 0xee, 0x78, 0xe6, 0x17, 0xd6, 0xf7, 0xcd, 0x17, 0xd6,
    0x78, 0xe6, 0x78, 0xe6, 0xd6, 0xcd, 0xb6, 0xcd, 0x37, 0xde, 0x57, 0xe6,
    0x99, 0xe6, 0xf9, 0xf6, 0x7d, 0xff, 0x3b, 0xf7, 0x77, 0xe6, 0x37, 0xde,
    0xf6, 0xd5, 0xd5, 0xd5, 0x94, 0xcd, 0x33, 0xbd, 0xf6, 0xcd, 0x13, 0xb5,
    0xee, 0x8b, 0x91, 0xa4, 0x7a, 0xde, 0x72, 0x9c, 0x6c, 0x83, 0xee, 0x93,
    0x2f, 0x9c, 0x4f, 0xa4, 0x90, 0xac, 0xb1, 0xb4, 0xf1, 0xbc, 0x32, 0xc5,
    0x73, 0xd5, 0x94, 0xd5, 0xd4, 0xdd, 0x15, 0xe6, 0x16, 0xe6, 0x56, 0xee,
    0x77, 0xee, 0x78, 0xee, 0x98, 0xee, 0xd8, 0xf6, 0xd9, 0xee, 0xd9, 0xf6,
    0xd9, 0xf6, 0x1a, 0xf7, 0xfa, 0xf6, 0x19, 0xff, 0x1a, 0xff, 0x1a, 0xf7,
    0x1a, 0xff, 0x1a, 0xf7, 0x1b, 0xf7, 0x3a, 0xff, 0x1a, 0xf7, 0x1b, 0xf7,
    0x1a, 0xf7, 0x1a, 0xf7, 0x1a, 0xf7, 0xfa, 0xee, 0xfa, 0xf6, 0xfa, 0xf6,
    0xda, 0xee, 0xf9, 0xee, 0xda, 0xee, 0xda, 0xee, 0xda, 0xee, 0xda, 0xe6,
    0xda, 0xee, 0xba, 0xe6, 0x34, 0xbd, 0x34, 0xbd, 0x34, 0xb5, 0x54, 0xb5,
    0x54, 0xbd, 0x75, 0xc5, 0x95, 0xc5, 0xd6, 0xc5, 0xd6, 0xcd, 0x17, 0xd6,
    0x38, 0xde, 0x38, 0xde, 0x78, 0xe6, 0x99, 0xe6, 0xb9, 0xe6, 0xda, 0xe6,
    0xda, 0xee, 0xfa, 0xee, 0xfb, 0xf6, 0x3b, 0xf7, 0x3b, 0xf7, 0x5b, 0xf7,
    0x5c, 0xff, 0x5c, 0xff, 0x7c, 0xff, 0x9c, 0xff, 0x9c, 0xff, 0x9d, 0xff,
    0x9d, 0xff, 0x9d, 0xff, 0xbd, 0xff, 0xbd, 0xff, 0xbd, 0xff, 0xbd, 0xff,
    0x5c, 0xff, 0xf9, 0xee, 0x16, 0xde, 0x53, 0xbd, 0xd1, 0xac, 0xb1, 0xac,
    0xd1, 0xb4, 0xd1, 0xb4, 0xb0, 0xb4, 0xb0, 0xac, 0x6f, 0xac, 0x4f, 0xa4,
    0x2e, 0xa4, 0xee, 0x9b, 0xac, 0x93, 0x4b, 0x83, 0xea, 0x72, 0xca, 0x72,
    0xc9, 0x72, 0xa9, 0x72, 0xa8, 0x72, 0xe9, 0x7a, 0x09, 0x7b, 0x09, 0x7b,
    0xe9, 0x7a, 0xe9, 0x7a, 0x0a, 0x83, 0xe9, 0x7a, 0xa9, 0x72, 0x89, 0x6a,
    0x88, 0x6a, 0xc9, 0x72, 0x88, 0x6a, 0x47, 0x5a, 0x07, 0x5a, 0xe7, 0x51,
    0xc6, 0x49, 0xe6, 0x49, 0x07, 0x52, 0x06, 0x52, 0xc6, 0x49, 0xa6, 0x41,
    0xa6, 0x41, 0xc6, 0x41, 0xa6, 0x41, 0xa6, 0x41, 0xc6, 0x49, 0x85, 0x39,
    0x06, 0x52, 0x06, 0x52, 0xa6, 0x41, 0x86, 0x41, 0xa6, 0x41, 0xc5, 0x49,
    0x85, 0x41, 0x45, 0x29, 0x68, 0x6a, 0x2a, 0x8b, 0x0d, 0xa4, 0xed, 0x9b,
    0x2e, 0xac, 0x31, 0xd5, 0x31, 0xc5, 0x4e, 0xac, 0x4b, 0x83, 0xa9, 0x72,
    0xa9, 0x7a, 0x28, 0x52, 0x24, 0x21, 0xa5, 0x41, 0x07, 0x5a, 0x68, 0x6a,
    0xa8, 0x72, 0xc9, 0x72, 0xe9, 0x7a, 0x4a, 0x8b, 0x09, 0x83, 0xc9, 0x72,
    0xc9, 0x72, 0x29, 0x8b, 0x29, 0x8b, 0x29, 0x8b, 0x09, 0x83, 0x0a, 0x83,
    0x6b, 0x93, 0x88, 0x6a, 0xa8, 0x72, 0x27, 0x62, 0x27, 0x52, 0xa6, 0x41,
    0x45, 0x39, 0x04, 0x29, 0xad, 0xa3, 0x73, 0xd5, 0xb4, 0xd5, 0x73, 0xcd,
    0x94, 0xd5, 0x94, 0xd5, 0x94, 0xd5, 0xd5, 0xd5, 0xf6, 0xd5, 0xd5, 0xd5,
    0x37, 0xde, 0x57, 0xe6, 0x16, 0xe6, 0xd5, 0xd5, 0xb5, 0xcd, 0x94, 0xd5,
    0xd5, 0xd5, 0xf5, 0xdd, 0xb5, 0xdd, 0xf6, 0xdd, 0xd6, 0xd5, 0xd5, 0xd5,
    0x53, 0xd5, 0xf5, 0xdd, 0x94, 0xd5, 0xb5, 0xdd, 0x53, 0xdd, 0x74, 0xdd,
    0x53, 0xdd, 0xf2, 0xd4, 0x32, 0xdd, 0x74, 0xe5, 0x53, 0xe5, 0x33, 0xe5,
    0x13, 0xed, 0x33, 0xed, 0x74, 0xed, 0x54, 0xf5, 0x33, 0xed, 0x74, 0xf5,
    0x94, 0xfd, 0xb4, 0xf5, 0xb5, 0xfd, 0xb5, 0xfd, 0xf6, 0xfd, 0x37, 0xfe,
    0x79, 0xfe, 0xda, 0xfe, 0xda, 0xfe, 0x30, 0xdc, 0x12, 0xe5, 0x17, 0xee,
    0xb9, 0xfe, 0x1a, 0xff, 0x1a, 0xff, 0x1a, 0xff, 0x3a, 0xff, 0x3a, 0xff,
    0x3b, 0xf7, 0x5b, 0xff, 0x5b, 0xff, 0x3b, 0xf7, 0x1b, 0xf7, 0x1b, 0xf7,
    0xf9, 0xf6, 0xda, 0xf6, 0x1a, 0xf7, 0x3b, 0xff, 0x5b, 0xff, 0x5c, 0xff,
    0x7c, 0xff, 0x7c, 0xff, 0x9c, 0xff, 0x7c, 0xff, 0x9c, 0xff, 0xbd, 0xff,
    0xbe, 0xff, 0xdd, 0xff, 0xde, 0xff, 0xdd, 0xff, 0xde, 0xff, 0xbd, 0xff,
    0x9d, 0xff, 0xbc, 0xff, 0x9d, 0xff, 0x7c, 0xff, 0x7c, 0xff, 0x5c, 0xff,
    0x3b, 0xff, 0x5c, 0xff, 0x3b, 0xf7, 0x5b, 0xff, 0x5c, 0xff, 0x5c, 0xf7,
    0x5b, 0xf7, 0x5c, 0xff, 0x5c, 0xff, 0x7c, 0xf7, 0x7b, 0xff, 0x5c, 0xf7,
    0x7c, 0xff, 0x5c, 0xff, 0x5c, 0xff, 0x5c, 0xf7, 0x9d, 0xff, 0x7d, 0xff,
    0x5b, 0xff, 0x5b, 0xff, 0x7c, 0xff, 0x5c, 0xff, 0x5c, 0xff, 0x5c, 0xf7,
    0x5b, 0xff, 0x3b, 0xf7, 0x5b, 0xff, 0x5b, 0xff, 0x1c, 0xf7, 0x1b, 0xef,
    0xfa, 0xee, 0xda, 0xee, 0xb9, 0xe6, 0x58, 0xde, 0xf6, 0xd5, 0xb5, 0xc5,
    0x34, 0xbd, 0x33, 0xb5, 0xb5, 0xc5, 0xb9, 0xe6, 0x38, 0xd6, 0xd5, 0xcd,
    0x16, 0xde, 0x57, 0xe6, 0x77, 0xe6, 0x99, 0xe6, 0x3b, 0xf7, 0x3b, 0xf7,
    0xd9, 0xee, 0x37, 0xde, 0xf5, 0xd5, 0xb4, 0xd5, 0x53, 0xc5, 0x95, 0xcd,
    0xb5, 0xcd, 0x90, 0xa4, 0x0f, 0x94, 0x4f, 0x9c, 0x79, 0xde, 0xb3, 0xa4,
    0xad, 0x8b, 0x0e, 0x9c, 0x2f, 0x9c, 0x70, 0xac, 0xd0, 0xb4, 0xf1, 0xbc,
    0x32, 0xc5, 0x73, 0xcd, 0x94, 0xd5, 0xb4, 0xd5, 0x15, 0xde, 0x36, 0xe6,
    0x56, 0xe6, 0x77, 0xee, 0x98, 0xee, 0x98, 0xee, 0xb8, 0xf6, 0xd9, 0xf6,
    0xf9, 0xf6, 0xfa, 0xf6, 0xfa, 0xf6, 0x1a, 0xf7, 0x1a, 0xf7, 0x1b, 0xf7,
    0x3a, 0xff, 0x3b, 0xf7, 0x1a, 0xf7, 0x3b, 0xf7, 0x3b, 0xf7, 0x1b, 0xf7,
    0x1a, 0xf7, 0x1a, 0xf7, 0x1b, 0xf7, 0x1b, 0xf7, 0x1a, 0xf7, 0x1a, 0xef,
    0xfa, 0xee, 0xfa, 0xee, 0xfa, 0xee, 0xfa, 0xee, 0xda, 0xee, 0xda, 0xee,
    0xf9, 0xee, 0xda, 0xee, 0xfa, 0xee, 0x34, 0xb5, 0x34, 0xb5, 0x54, 0xb5,
    0x54, 0xbd, 0x75, 0xc5, 0x95, 0xc5, 0xb6, 0xc5, 0xf6, 0xd5, 0x17, 0xd6,
    0x38, 0xde, 0x78, 0xde, 0x98, 0xde, 0xb9, 0xe6, 0xd9, 0xee, 0xda, 0xee,
    0x1a, 0xef, 0x1a, 0xef, 0x1b, 0xf7, 0x3b, 0xf7, 0x3c, 0xff, 0x7b, 0xff,
    0x5c, 0xff, 0x7c, 0xff, 0x7c, 0xff, 0x7d, 0xff, 0x9d, 0xff, 0x9d, 0xff,
    0xbd, 0xff, 0xbe, 0xff, 0xbd, 0xff, 0xbe, 0xff, 0xde, 0xff, 0xbd, 0xff,
    0xbd, 0xff, 0x5c, 0xff, 0xfa, 0xf6, 0x57, 0xde, 0x74, 0xc5, 0xf1, 0xb4,
    0xb0, 0xac, 0xb0, 0xac, 0xb0, 0xac, 0x90, 0xb4, 0x90, 0xac, 0x6f, 0xac,
    0x2e, 0xa4, 0x0e, 0x9c, 0xcd, 0x8b, 0x6c, 0x8b, 0x2a, 0x7b, 0x0a, 0x7b,
    0xea, 0x7a, 0xc9, 0x72, 0xc9, 0x72, 0x09, 0x7b, 0x0a, 0x83, 0xea, 0x7a,
    0xc9, 0x7a, 0x0a, 0x83, 0x2a, 0x8b, 0x2a, 0x83, 0x09, 0x7b, 0xc9, 0x7a,
    0xc9, 0x7a, 0xa8, 0x6a, 0x88, 0x6a, 0xa8, 0x72, 0x48, 0x62, 0x27, 0x5a,
    0x27, 0x5a, 0x27, 0x52, 0x06, 0x52, 0xe6, 0x51, 0x07, 0x52, 0x07, 0x5a,
    0xe6, 0x51, 0xa6, 0x41, 0xa6, 0x41, 0x85, 0x39, 0xc6, 0x49, 0xc6, 0x49,
    0xc6, 0x49, 0xc6, 0x49, 0xa6, 0x41, 0xa5, 0x41, 0x85, 0x41, 0xa6, 0x41,
    0x85, 0x39, 0x45, 0x31, 0x27, 0x5a, 0xc9, 0x72, 0x4b, 0x83, 0x4e, 0xb4,
    0xf1, 0xc4, 0x4e, 0xb4, 0x8c, 0x8b, 0x6f, 0xb4, 0x6f, 0xb4, 0xf0, 0xc4,
    0x8c, 0x8b, 0x88, 0x6a, 0xca, 0x7a, 0x68, 0x6a, 0x25, 0x29, 0x65, 0x39,
    0xe6, 0x51, 0x48, 0x6a, 0x88, 0x6a, 0xa8, 0x72, 0xc9, 0x7a, 0x2a, 0x83,
    0x29, 0x8b, 0xe9, 0x7a, 0xc9, 0x7a, 0x09, 0x83, 0xc9, 0x7a, 0xc9, 0x7a,
    0xa8, 0x72, 0xc9, 0x7a, 0x27, 0x5a, 0xe7, 0x51, 0xc6, 0x49, 0x86, 0x41,
    0x45, 0x31, 0xc4, 0x20, 0xcd, 0xab, 0xb3, 0xd5, 0x15, 0xde, 0x53, 0xcd,
    0xd5, 0xd5, 0xb4, 0xd5, 0xb5, 0xd5, 0xd5, 0xd5, 0xd5, 0xdd, 0xf5, 0xdd,
    0x16, 0xde, 0x16, 0xde, 0x36, 0xde, 0x16, 0xde, 0x36, 0xde, 0x16, 0xde,
    0xf6, 0xd5, 0xd5, 0xd5, 0xd5, 0xd5, 0xf6, 0xd5, 0xb5, 0xd5, 0xf5, 0xd5,
    0xd6, 0xd5, 0xb5, 0xdd, 0x74, 0xd5, 0x73, 0xd5, 0x13, 0xd5, 0x73, 0xdd,
    0xf2, 0xd4, 0x73, 0xdd, 0x12, 0xdd, 0x12, 0xdd, 0x33, 0xdd, 0xf2, 0xe4,
    0x12, 0xe5, 0x33, 0xed, 0x12, 0xed, 0x13, 0xed, 0x33, 0xed, 0x53, 0xf5,
    0x53, 0xf5, 0x74, 0xf5, 0x74, 0xfd, 0x74, 0xfd, 0x74, 0xfd, 0x95, 0xfd,
    0xd6, 0xfd, 0x57, 0xfe, 0x99, 0xfe, 0xd2, 0xe4, 0x0f, 0xd4, 0x74, 0xe5,
    0x16, 0xee, 0xb8, 0xfe, 0x39, 0xff, 0x3b, 0xff, 0x1b, 0xff, 0x1b, 0xff,
    0x5c, 0xff, 0x5c, 0xff, 0x7b, 0xff, 0x3a, 0xf7, 0xfa, 0xf6, 0xfa, 0xf6,
    0xd9, 0xf6, 0xfa, 0xf6, 0x1a, 0xff, 0x1b, 0xf7, 0x3b, 0xf7, 0x3b, 0xff,
    0x5c, 0xff, 0x7c, 0xff, 0x7c, 0xff, 0x9c, 0xff, 0x9c, 0xff, 0x7d, 0xff,
    0x9d, 0xff, 0xbd, 0xff, 0xde, 0xff, 0xde, 0xff, 0xde, 0xff, 0xde, 0xff,
    0xbd, 0xff, 0x9c, 0xff, 0x7c, 0xff, 0x7c, 0xff, 0x5c, 0xff, 0x7b, 0xff,
    0x5b, 0xff, 0x5b, 0xff, 0x5b, 0xff, 0x5b, 0xff, 0x5b, 0xff, 0x5b, 0xff,
    0x7c, 0xff, 0x5c, 0xff, 0x5b, 0xf7, 0x7c, 0xff, 0x5b, 0xff, 0x5b, 0xff,
    0x5b, 0xff, 0x5b, 0xff, 0x5b, 0xf7, 0x3c, 0xff, 0x9d, 0xff, 0x9d, 0xff,
    0x7c, 0xff, 0x5c, 0xf7, 0x5c, 0xff, 0x7c, 0xff, 0x9d, 0xff, 0x7c, 0xff,
    0x3c, 0xf7, 0x3c, 0xf7, 0x3b, 0xf7, 0x5c, 0xf7, 0x3b, 0xf7, 0x3b, 0xf7,
    0x1b, 0xf7, 0xfa, 0xee, 0xda, 0xe6, 0xb9, 0xde, 0x58, 0xde, 0x17, 0xce,
    0xd5, 0xcd, 0x95, 0xbd, 0x54, 0xbd, 0x33, 0xb5, 0x54, 0xbd, 0x58, 0xe6,
    0x1a, 0xef, 0x37, 0xde, 0x16, 0xde, 0x78, 0xe6, 0x98, 0xee, 0x78, 0xe6,
    0xba, 0xee, 0x1b, 0xf7, 0x1b, 0xf7, 0x79, 0xe6, 0xf5, 0xd5, 0x74, 0xcd,
    0x74, 0xc5, 0x17, 0xd6, 0xd2, 0xb4, 0x90, 0xac, 0x2f, 0x9c, 0x0f, 0x94,
    0x39, 0xde, 0xf3, 0xa4, 0xee, 0x93, 0x4f, 0xa4, 0x70, 0xac, 0xb0, 0xb4,
    0xf1, 0xb4, 0x11, 0xc5, 0x52, 0xc5, 0x73, 0xd5, 0xb4, 0xd5, 0xf4, 0xdd,
    0x15, 0xe6, 0x36, 0xe6, 0x57, 0xee, 0x97, 0xee, 0xb8, 0xee, 0xd8, 0xee,
    0xb9, 0xf6, 0xda, 0xf6, 0xf9, 0xf6, 0x1a, 0xf7, 0x1a, 0xf7, 0x1a, 0xf7,
    0x1b, 0xff, 0x1a, 0xf7, 0x3b, 0xf7, 0x3b, 0xff, 0x1b, 0xff, 0x3b, 0xf7,
    0x3b, 0xff, 0x1b, 0xf7, 0x3b, 0xf7, 0x1b, 0xf7, 0x1b, 0xf7, 0x1b, 0xf7,
    0x1a, 0xf7, 0xfb, 0xf6, 0x1a, 0xf7, 0xfa, 0xee, 0xfa, 0xf6, 0x1b, 0xef,
    0xfa, 0xee, 0xfa, 0xee, 0xfa, 0xee, 0xfa, 0xee, 0x34, 0xb5, 0x54, 0xbd,
    0x54, 0xbd, 0x95, 0xbd, 0x95, 0xc5, 0xd6, 0xc5, 0xf7, 0xcd, 0x17, 0xd6,
    0x58, 0xd6, 0x98, 0xde, 0x98, 0xe6, 0xb9, 0xe6, 0xda, 0xee, 0xfa, 0xee,
    0x1b, 0xf7, 0x3b, 0xf7, 0x3b, 0xf7, 0x5b, 0xf7, 0x7c, 0xff, 0x5c, 0xff,
    0x7c, 0xff, 0x9d, 0xff, 0x9c, 0xff, 0xbd, 0xff, 0xbd, 0xff, 0xbd, 0xff,
    0xbd, 0xff, 0xbe, 0xff, 0xde, 0xff, 0xdd, 0xff, 0xde, 0xff, 0xbe, 0xff,
    0xde, 0xff, 0xbd, 0xff, 0x9c, 0xff, 0x5c, 0xff, 0xd9, 0xee, 0x36, 0xde,
    0x54, 0xc5, 0xd1, 0xb4, 0x4f, 0xa4, 0x0e, 0x94, 0xee, 0x93, 0x0e, 0x94,
    0xee, 0x93, 0xce, 0x93, 0xad, 0x93, 0x8c, 0x8b, 0x4b, 0x83, 0x0a, 0x7b,
    0xa9, 0x6a, 0xa9, 0x6a, 0xa9, 0x6a, 0xa9, 0x6a, 0xa9, 0x72, 0xea, 0x72,
    0x2a, 0x83, 0x4a, 0x8b, 0x6b, 0x8b, 0x4a, 0x8b, 0x2a, 0x8b, 0xe9, 0x7a,
    0xc9, 0x6a, 0xa8, 0x6a, 0x88, 0x6a, 0x88, 0x6a, 0x48, 0x5a, 0x48, 0x62,
    0x27, 0x5a, 0xc6, 0x41, 0xe6, 0x49, 0xe6, 0x49, 0xe6, 0x49, 0xe7, 0x51,
    0xe6, 0x49, 0xc6, 0x49, 0xe6, 0x51, 0xc6, 0x41, 0xe6, 0x51, 0x85, 0x39,
    0x85, 0x39, 0x85, 0x39, 0x85, 0x39, 0x65, 0x31, 0x85, 0x39, 0xc6, 0x49,
    0xe6, 0x51, 0x68, 0x62, 0x0a, 0x7b, 0x4d, 0xb4, 0xb0, 0xbc, 0xd0, 0xc4,
    0xaf, 0xbc, 0x0d, 0xa4, 0x90, 0xac, 0xf0, 0xc4, 0x73, 0xdd, 0x11, 0xcd,
    0xf0, 0xbc, 0x73, 0xd5, 0x2e, 0xac, 0x4b, 0x93, 0x2b, 0x8b, 0x0b, 0x8b,
    0xc6, 0x49, 0x04, 0x29, 0x65, 0x41, 0x06, 0x5a, 0x68, 0x72, 0x88, 0x72,
    0x68, 0x6a, 0x88, 0x72, 0xc9, 0x82, 0xa9, 0x72, 0xe9, 0x7a, 0xe9, 0x82,
    0x09, 0x8b, 0x88, 0x6a, 0xe7, 0x51, 0xe6, 0x51, 0xa6, 0x49, 0x45, 0x31,
    0xe4, 0x20, 0x04, 0x31, 0x2e, 0xbc, 0xb4, 0xdd, 0xb4, 0xd5, 0xd4, 0xd5,
    0x94, 0xd5, 0xb5, 0xd5, 0xd5, 0xd5, 0xd5, 0xd5, 0x95, 0xcd, 0xf6, 0xdd,
    0xf5, 0xd5, 0x36, 0xde, 0xb5, 0xd5, 0xb5, 0xcd, 0xf6, 0xdd, 0xf6, 0xdd,
    0xb5, 0xd5, 0x94, 0xcd, 0xb4, 0xd5, 0xb5, 0xd5, 0xf5, 0xd5, 0xd6, 0xdd,
    0xd5, 0xd5, 0xb4, 0xd5, 0x74, 0xd5, 0x12, 0xcd, 0x53, 0xd5, 0x53, 0xdd,
    0xf2, 0xd4, 0xf2, 0xd4, 0x12, 0xdd, 0x33, 0xdd, 0x12, 0xdd, 0x12, 0xe5,
    0xf2, 0xe4, 0x12, 0xe5, 0xf2, 0xe4, 0x12, 0xed, 0x33, 0xed, 0x53, 0xed,
    0x33, 0xf5, 0x33, 0xf5, 0x33, 0xf5, 0x54, 0xfd, 0x54, 0xfd, 0x95, 0xfd,
    0xf6, 0xfd, 0x37, 0xfe, 0x78, 0xfe, 0xd7, 0xfd, 0x8d, 0xcb, 0x70, 0xdc,
    0x73, 0xe5, 0x36, 0xf6, 0xf9, 0xfe, 0xfa, 0xfe, 0x1a, 0xff, 0x3a, 0xff,
    0x5a, 0xff, 0x7b, 0xff, 0x3b, 0xff, 0x1a, 0xff, 0xfa, 0xf6, 0xd9, 0xf6,
    0xd9, 0xf6, 0xda, 0xf6, 0x1a, 0xf7, 0x3b, 0xff, 0x3b, 0xff, 0x5b, 0xff,
    0x7c, 0xff, 0x7c, 0xff, 0x7b, 0xff, 0x5b, 0xff, 0x5c, 0xff, 0x7d, 0xff,
    0x9c, 0xff, 0x9d, 0xff, 0xbd, 0xff, 0xdd, 0xff, 0xbe, 0xff, 0xbe, 0xff,
    0xdd, 0xff, 0x9d, 0xff, 0x9d, 0xff, 0x9c, 0xff, 0x7c, 0xff, 0x7c, 0xff,
    0x5b, 0xf7, 0x3b, 0xf7, 0x3b, 0xf7, 0x3b, 0xf7, 0x3b, 0xff, 0x3b, 0xf7,
    0x5b, 0xf7, 0x3b, 0xff, 0x9c, 0xff, 0x5b, 0xff, 0x5b, 0xff, 0x7c, 0xff,
    0x5b, 0xf7, 0x3c, 0xf7, 0x3c, 0xff, 0x7c, 0xf7, 0xbd, 0xff, 0x9d, 0xff,
    0x9c, 0xff, 0x7c, 0xff, 0x7c, 0xff, 0x9c, 0xff, 0x7d, 0xff, 0x7c, 0xff,
    0x5c, 0xff, 0x5b, 0xff, 0x3b, 0xf7, 0x3b, 0xf7, 0x3b, 0xf7, 0x1a, 0xf7,
    0x1b, 0xef, 0xfa, 0xee, 0xfa, 0xee, 0xda, 0xee, 0xda, 0xee, 0x99, 0xe6,
    0x99, 0xde, 0x38, 0xd6, 0x16, 0xd6, 0xd6, 0xcd, 0xd5, 0xcd, 0xb5, 0xcd,
    0xd5, 0xcd, 0x16, 0xd6, 0x3b, 0xf7, 0xd9, 0xee, 0x17, 0xd6, 0x98, 0xe6,
    0xd9, 0xee, 0x98, 0xe6, 0x98, 0xe6, 0xd9, 0xee, 0x1b, 0xf7, 0x1b, 0xef,
    0x37, 0xde, 0x54, 0xc5, 0x17, 0xd6, 0x12, 0xbd, 0xf2, 0xb4, 0xb1, 0xb4,
    0x4f, 0x9c, 0x0e, 0x94, 0x58, 0xde, 0xd3, 0xa4, 0xee, 0x93, 0x4f, 0xa4,
    0x90, 0xac, 0xb1, 0xb4, 0xf2, 0xbc, 0x32, 0xc5, 0x53, 0xcd, 0x94, 0xd5,
    0xd4, 0xdd, 0x15, 0xde, 0x36, 0xe6, 0x57, 0xe6, 0x77, 0xee, 0x98, 0xee,
    0xb8, 0xee, 0xd9, 0xf6, 0xd9, 0xf6, 0xf9, 0xf6, 0xfa, 0xf6, 0x1a, 0xff,
    0x1a, 0xf7, 0x3a, 0xff, 0x1b, 0xf7, 0x3a, 0xff, 0x3b, 0xf7, 0x3a, 0xff,
    0x3b, 0xff, 0x3b, 0xf7, 0x1b, 0xff, 0x3a, 0xf7, 0x3b, 0xf7, 0x1a, 0xf7,
    0x1b, 0xf7, 0x1b, 0xf7, 0x1b, 0xf7, 0x1b, 0xf7, 0x1b, 0xf7, 0xfb, 0xf6,
    0xfa, 0xf6, 0xfb, 0xee, 0xfa, 0xee, 0xfb, 0xee, 0xfb, 0xee, 0x34, 0xbd,
    0x54, 0xbd, 0x95, 0xc5, 0x95, 0xc5, 0xd6, 0xcd, 0xf7, 0xd5, 0x37, 0xd6,
    0x58, 0xde, 0x78, 0xe6, 0xb9, 0xe6, 0xba, 0xee, 0xda, 0xee, 0x1a, 0xf7,
    0x1b, 0xf7, 0x3b, 0xf7, 0x3b, 0xff, 0x5c, 0xff, 0x7c, 0xff, 0x7c, 0xff,
    0x7c, 0xff, 0x9d, 0xff, 0x9c, 0xff, 0x9d, 0xff, 0xbd, 0xff, 0xbd, 0xff,
    0xbe, 0xff, 0xbe, 0xff, 0xdd, 0xff, 0xde, 0xff, 0xbe, 0xff, 0xde, 0xff,
    0xde, 0xff, 0xde, 0xff, 0xde, 0xff, 0xbd, 0xff, 0x9c, 0xff, 0x3b, 0xff,
    0x98, 0xee, 0xd5, 0xd5, 0xf2, 0xb4, 0x0e, 0x94, 0x4c, 0x83, 0x4c, 0x7b,
    0x4c, 0x83, 0xac, 0x93, 0xad, 0x8b, 0xac, 0x8b, 0x8c, 0x83, 0x4b, 0x83,
    0x0a, 0x7b, 0xc9, 0x6a, 0x69, 0x62, 0x88, 0x6a, 0xa9, 0x72, 0xe9, 0x72,
    0x09, 0x83, 0x4a, 0x8b, 0x6a, 0x8b, 0x4a, 0x8b, 0x4a, 0x8b, 0x4a, 0x8b,
    0x2a, 0x83, 0xe9, 0x82, 0xa9, 0x72, 0x88, 0x6a, 0x48, 0x5a, 0x47, 0x5a,
    0x27, 0x62, 0x07, 0x52, 0xc6, 0x49, 0xa6, 0x41, 0xc6, 0x49, 0xa6, 0x41,
    0xa6, 0x41, 0xa6, 0x41, 0x85, 0x39, 0x85, 0x39, 0xc6, 0x49, 0xa6, 0x39,
    0x06, 0x5a, 0x68, 0x6a, 0x47, 0x5a, 0x27, 0x5a, 0x27, 0x62, 0x88, 0x6a,
    0x2a, 0x93, 0xac, 0x9b, 0x6b, 0x93, 0x0d, 0x9c, 0x4e, 0xb4, 0xd0, 0xbc,
    0x11, 0xcd, 0xf1, 0xc4, 0x31, 0xcd, 0x52, 0xcd, 0x72, 0xd5, 0x73, 0xd5,
    0x93, 0xd5, 0x51, 0xd5, 0x51, 0xcd, 0x52, 0xcd, 0x2d, 0xac, 0xed, 0x9b,
    0x4b, 0x93, 0x6b, 0x93, 0x0a, 0x83, 0xc6, 0x49, 0x25, 0x31, 0x44, 0x31,
    0xa6, 0x49, 0xc6, 0x51, 0x07, 0x5a, 0x07, 0x5a, 0x27, 0x5a, 0x27, 0x5a,
    0x07, 0x5a, 0x27, 0x5a, 0x07, 0x52, 0x86, 0x41, 0x24, 0x29, 0xe4, 0x20,
    0x25, 0x39, 0x0a, 0x8b, 0xaf, 0xc4, 0x76, 0xee, 0x32, 0xc5, 0xb4, 0xd5,
    0xb4, 0xdd, 0xd5, 0xdd, 0xb5, 0xd5, 0xf5, 0xdd, 0xb5, 0xcd, 0x37, 0xe6,
    0x15, 0xde, 0x37, 0xde, 0xf6, 0xdd, 0xf6, 0xdd, 0x57, 0xe6, 0x57, 0xde,
    0x16, 0xde, 0xd6, 0xd5, 0x74, 0xcd, 0x13, 0xc5, 0x74, 0xcd, 0x16, 0xde,
    0xf6, 0xdd, 0xd5, 0xd5, 0xb4, 0xd5, 0x94, 0xd5, 0x74, 0xd5, 0x90, 0xc4,
    0xf2, 0xcc, 0xd1, 0xd4, 0x32, 0xd5, 0xd2, 0xd4, 0xd2, 0xdc, 0x12, 0xdd,
    0xf2, 0xdc, 0x12, 0xe5, 0xf2, 0xe4, 0xf2, 0xec, 0xf2, 0xec, 0x13, 0xed,
    0x53, 0xed, 0x13, 0xf5, 0x13, 0xf5, 0x33, 0xfd, 0x53, 0xfd, 0x94, 0xfd,
    0xd5, 0xfd, 0xf6, 0xfd, 0x37, 0xfe, 0x77, 0xfe, 0xb2, 0xe4, 0xce, 0xd3,
    0x90, 0xdc, 0x73, 0xed, 0x56, 0xf6, 0x19, 0xff, 0x1a, 0xff, 0x1a, 0xff,
    0x5a, 0xff, 0x5b, 0xff, 0x3a, 0xff, 0x3a, 0xff, 0x3a, 0xff, 0x1a, 0xf7,
    0xda, 0xf6, 0xd9, 0xf6, 0x1a, 0xff, 0x3b, 0xff, 0x5b, 0xff, 0x5b, 0xf7,
    0x5b, 0xff, 0x3b, 0xff, 0x3b, 0xf7, 0x5c, 0xf7, 0x5c, 0xff, 0x7c, 0xff,
    0x7d, 0xff, 0x9d, 0xff, 0xbd, 0xff, 0xbe, 0xff, 0xde, 0xff, 0xde, 0xff,
    0xbd, 0xff, 0x9d, 0xff, 0x7c, 0xff, 0x7d, 0xff, 0x5b, 0xff, 0x5c, 0xff,
    0x3b, 0xf7, 0x3b, 0xff, 0x1a, 0xf7, 0x3a, 0xf7, 0x1b, 0xf7, 0x3a, 0xff,
    0x3b, 0xf7, 0x3b, 0xff, 0x5c, 0xff, 0xbd, 0xff, 0x9d, 0xff, 0x7d, 0xff,
    0xbd, 0xff, 0x9d, 0xff, 0x7c, 0xff, 0x9d, 0xff, 0xbe, 0xff, 0x9d, 0xff,
    0x7c, 0xff, 0x7c, 0xff, 0x7d, 0xff, 0x9d, 0xff, 0x7c, 0xff, 0x7c, 0xff,
    0x7c, 0xf7, 0x5c, 0xf7, 0x5c, 0xf7, 0x3b, 0xf7, 0x3b, 0xf7, 0x1c, 0xf7,
    0x1b, 0xf7, 0x1b, 0xef, 0xfa, 0xee, 0xfa, 0xf6, 0x1b, 0xef, 0xd9, 0xe6,
    0x99, 0xe6, 0x99, 0xe6, 0x78, 0xde, 0x79, 0xde, 0x58, 0xde, 0x17, 0xd6,
    0x16, 0xd6, 0xf6, 0xd5, 0xf6, 0xd5, 0xf6, 0xd5, 0xdb, 0xee, 0x3b, 0xff,
    0x37, 0xde, 0x78, 0xe6, 0xda, 0xf6, 0xb8, 0xf6, 0x77, 0xe6, 0x98, 0xe6,
    0xb9, 0xee, 0x3c, 0xf7, 0x1a, 0xef, 0x38, 0xde, 0x33, 0xbd, 0xf1, 0xb4,
    0xd1, 0xb4, 0xd1, 0xb4, 0x50, 0xa4, 0x0f, 0x94, 0x59, 0xde, 0x72, 0xa4,
    0x0e, 0x9c, 0x70, 0xac, 0xb0, 0xb4, 0xf1, 0xbc, 0x12, 0xc5, 0x53, 0xc5,
    0x73, 0xd5, 0xb4, 0xdd, 0xf5, 0xdd, 0x36, 0xe6, 0x56, 0xe6, 0x77, 0xee,
    0x78, 0xee, 0x98, 0xee, 0xd8, 0xf6, 0xd9, 0xf6, 0xf9, 0xf6, 0xfa, 0xf6,
    0x1a, 0xf7, 0x3a, 0xf7, 0x1b, 0xf7, 0x3b, 0xff, 0x3b, 0xff, 0x3b, 0xf7,
    0x3b, 0xff, 0x3b, 0xff, 0x3a, 0xf7, 0x3b, 0xf7, 0x3b, 0xff, 0x3b, 0xf7,
    0x3a, 0xf7, 0x1b, 0xf7, 0x1b, 0xf7, 0x3a, 0xf7, 0x1b, 0xf7, 0x1a, 0xef,
    0x1b, 0xef, 0x1b, 0xef, 0x1b, 0xef, 0x1b, 0xf7, 0x1b, 0xf7, 0x1b, 0xef,
    0x75, 0xbd, 0x95, 0xc5, 0xb6, 0xcd, 0xf7, 0xcd, 0x17, 0xd6, 0x38, 0xde,
    0x78, 0xde, 0x99, 0xe6, 0xda, 0xe6, 0xba, 0xee, 0xfa, 0xee, 0x3b, 0xf7,
    0x3b, 0xf7, 0x3b, 0xf7, 0x5c, 0xff, 0x7c, 0xff, 0x7c, 0xff, 0x7c, 0xff,
    0x7d, 0xff, 0x9c, 0xff, 0x9c, 0xff, 0x9d, 0xff, 0xbd, 0xff, 0xbd, 0xff,
    0xbd, 0xff, 0xbe, 0xff, 0xbd, 0xff, 0xde, 0xff, 0xde, 0xff, 0xbe, 0xff,
    0xde, 0xff, 0xfe, 0xff, 0xde, 0xff, 0xde, 0xff, 0xbe, 0xff, 0xbd, 0xff,
    0x5b, 0xff, 0xfa, 0xf6, 0x57, 0xde, 0x53, 0xc5, 0x2f, 0x9c, 0x4c, 0x7b,
    0xea, 0x72, 0x2b, 0x73, 0x2b, 0x7b, 0x4b, 0x83, 0x4b, 0x7b, 0x4b, 0x83,
    0x2b, 0x83, 0x0a, 0x7b, 0xca, 0x72, 0xa9, 0x6a, 0xa9, 0x6a, 0xe9, 0x72,
    0x09, 0x7b, 0x09, 0x7b, 0xea, 0x7a, 0x0a, 0x83, 0x4a, 0x8b, 0x4b, 0x93,
    0x4b, 0x8b, 0x2a, 0x8b, 0xe9, 0x7a, 0xa9, 0x72, 0x68, 0x6a, 0x68, 0x6a,
    0x27, 0x5a, 0x07, 0x52, 0xc6, 0x41, 0xe6, 0x51, 0xe6, 0x51, 0xa6, 0x41,
    0xa6, 0x41, 0x86, 0x41, 0xa6, 0x39, 0xa6, 0x41, 0xc6, 0x49, 0xc6, 0x49,
    0xc6, 0x49, 0xc6, 0x49, 0x07, 0x5a, 0x88, 0x72, 0x0a, 0x7b, 0xe9, 0x7a,
    0x68, 0x62, 0xea, 0x72, 0x0d, 0xa4, 0x4e, 0xac, 0xb1, 0xbc, 0xf0, 0xbc,
    0xcf, 0xbc, 0xed, 0x9b, 0xb0, 0xb4, 0x72, 0xd5, 0x93, 0xd5, 0x52, 0xcd,
    0x32, 0xcd, 0x73, 0xcd, 0xf5, 0xdd, 0x73, 0xd5, 0x52, 0xcd, 0xd4, 0xdd,
    0x31, 0xd5, 0xf0, 0xcc, 0x2e, 0xac, 0xcd, 0x9b, 0xac, 0x9b, 0x8c, 0x9b,
    0xea, 0x82, 0x07, 0x5a, 0x86, 0x41, 0x65, 0x39, 0x65, 0x31, 0x45, 0x31,
    0x45, 0x31, 0x45, 0x39, 0x66, 0x39, 0x65, 0x39, 0xa6, 0x51, 0x67, 0x72,
    0xec, 0xb3, 0x6f, 0xcc, 0xd4, 0xdd, 0x35, 0xe6, 0xb3, 0xd5, 0x53, 0xd5,
    0x93, 0xd5, 0x36, 0xe6, 0x94, 0xcd, 0x16, 0xde, 0xf5, 0xdd, 0x16, 0xde,
    0x16, 0xde, 0x37, 0xde, 0x16, 0xde, 0x16, 0xde, 0x78, 0xe6, 0x16, 0xde,
    0xd5, 0xd5, 0xf6, 0xd5, 0xf6, 0xd5, 0xf6, 0xd5, 0xd5, 0xd5, 0xb4, 0xd5,
    0x74, 0xcd, 0x95, 0xcd, 0xb5, 0xd5, 0xf5, 0xd5, 0x54, 0xd5, 0xf2, 0xcc,
    0x53, 0xcd, 0x32, 0xd5, 0xb1, 0xcc, 0xd1, 0xd4, 0xd2, 0xd4, 0xf1, 0xdc,
    0xf2, 0xdc, 0xd2, 0xdc, 0xd2, 0xe4, 0xf2, 0xe4, 0x12, 0xe5, 0x13, 0xed,
    0xd2, 0xec, 0x12, 0xed, 0xf2, 0xec, 0xf2, 0xf4, 0x12, 0xfd, 0x53, 0xfd,
    0x74, 0xfd, 0xb5, 0xfd, 0xf6, 0xfd, 0xf7, 0xfd, 0xb2, 0xec, 0xce, 0xd3,
    0x50, 0xd4, 0xf1, 0xe4, 0xf5, 0xed, 0x76, 0xf6, 0x97, 0xfe, 0xd9, 0xf6,
    0xf9, 0xf6, 0x39, 0xff, 0x3a, 0xff, 0x1a, 0xff, 0xf9, 0xf6, 0xd9, 0xf6,
    0xd9, 0xf6, 0xf9, 0xf6, 0xfa, 0xf6, 0x1b, 0xf7, 0x3b, 0xff, 0x3b, 0xff,
    0x5c, 0xff, 0x7b, 0xff, 0x5c, 0xff, 0x5c, 0xff, 0x5b, 0xff, 0x3b, 0xf7,
    0x5c, 0xff, 0x7c, 0xff, 0x9c, 0xff, 0xbe, 0xff, 0xbd, 0xff, 0xbe, 0xff,
    0xde, 0xff, 0x9d, 0xff, 0x9d, 0xff, 0x9c, 0xff, 0x5b, 0xff, 0x5b, 0xf7,
    0x1b, 0xf7, 0x1a, 0xf7, 0x1a, 0xf7, 0x1b, 0xff, 0x1a, 0xf7, 0x1b, 0xf7,
    0x5b, 0xff, 0x7c, 0xff, 0x5c, 0xff, 0x5c, 0xff, 0x7d, 0xff, 0x9d, 0xff,
    0x9d, 0xff, 0xbe, 0xff, 0xde, 0xff, 0x9d, 0xff, 0x9d, 0xff, 0x9d, 0xff,
    0x9d, 0xff, 0x9d, 0xff, 0x9d, 0xff, 0x9d, 0xff, 0xbd, 0xff, 0x9d, 0xff,
    0x9c, 0xff, 0x7d, 0xff, 0x7d, 0xff, 0x7c, 0xff, 0x7c, 0xff, 0x5d, 0xf7,
    0x5c, 0xff, 0x5c, 0xff, 0x5c, 0xff, 0x7c, 0xf7, 0x5c, 0xf7, 0x3b, 0xf7,
    0x1b, 0xf7, 0xfa, 0xee, 0xda, 0xe6, 0xba, 0xe6, 0xba, 0xe6, 0x99, 0xe6,
    0x99, 0xde, 0x98, 0xde, 0x57, 0xde, 0x38, 0xde, 0x37, 0xde, 0x16, 0xde,
    0xb9, 0xe6, 0x7d, 0xff, 0x78, 0xe6, 0x57, 0xde, 0xd9, 0xee, 0x1b, 0xf7,
    0xb8, 0xee, 0x36, 0xe6, 0x36, 0xde, 0x98, 0xee, 0x3c, 0xf7, 0xd9, 0xe6,
    0x53, 0xbd, 0xb2, 0xb4, 0xd1, 0xac, 0xb1, 0xac, 0x4f, 0xa4, 0x2f, 0x94,
    0x79, 0xde, 0x50, 0x9c, 0x2f, 0xa4, 0x90, 0xac, 0xd1, 0xb4, 0xf1, 0xbc,
    0x32, 0xc5, 0x93, 0xcd, 0xb4, 0xd5, 0xd5, 0xdd, 0x16, 0xe6, 0x36, 0xe6,
    0x77, 0xe6, 0x77, 0xee, 0xb8, 0xee, 0xb9, 0xee, 0xd9, 0xf6, 0xf9, 0xf6,
    0xfa, 0xf6, 0x1a, 0xf7, 0x1a, 0xf7, 0x1a, 0xff, 0x1b, 0xf7, 0x1b, 0xf7,
    0x3b, 0xff, 0x3b, 0xf7, 0x3b, 0xf7, 0x3b, 0xff, 0x1b, 0xff, 0x3b, 0xf7,
    0x3b, 0xf7, 0x3b, 0xff, 0x1b, 0xf7, 0x3b, 0xf7, 0x1b, 0xf7, 0x3b, 0xf7,
    0x3b, 0xf7, 0x1b, 0xf7, 0x1b, 0xf7, 0x1b, 0xf7, 0x1b, 0xf7, 0x1b, 0xf7,
    0x1b, 0xf7, 0x95, 0xc5, 0xd6, 0xc5, 0xf7, 0xcd, 0x17, 0xd6, 0x57, 0xde,
    0x78, 0xde, 0x99, 0xe6, 0xd9, 0xee, 0xda, 0xee, 0xfa, 0xee, 0x3b, 0xf7,
    0x3b, 0xf7, 0x5c, 0xff, 0x5c, 0xff, 0x7c, 0xff, 0x7c, 0xff, 0x9d, 0xff,
    0x9c, 0xff, 0x9d, 0xff, 0xbd, 0xff, 0x9d, 0xff, 0x9d, 0xff, 0xbd, 0xff,
    0xbd, 0xff, 0xbd, 0xff, 0xbe, 0xff, 0xde, 0xff, 0xdd, 0xff, 0xde, 0xff,
    0xde, 0xff, 0xde, 0xff, 0xde, 0xff, 0xde, 0xff, 0xde, 0xff, 0xde, 0xff,
    0xbd, 0xff, 0x9d, 0xff, 0x5b, 0xff, 0xf9, 0xf6, 0x16, 0xde, 0xd1, 0xb4,
    0xce, 0x8b, 0x8d, 0x83, 0x4c, 0x7b, 0x2b, 0x73, 0x0b, 0x73, 0x0b, 0x7b,
    0x2b, 0x83, 0x2b, 0x7b, 0xca, 0x6a, 0x89, 0x6a, 0xa9, 0x6a, 0xc9, 0x6a,
    0xc9, 0x72, 0xea, 0x72, 0x0a, 0x7b, 0x2a, 0x83, 0x6b, 0x93, 0x8b, 0x93,
    0x4b, 0x8b, 0x0a, 0x83, 0xe9, 0x7a, 0xc8, 0x72, 0x68, 0x6a, 0x47, 0x5a,
    0x07, 0x52, 0xe7, 0x51, 0x07, 0x52, 0x27, 0x52, 0xe6, 0x51, 0xc6, 0x41,
    0xa6, 0x41, 0xa6, 0x41, 0x85, 0x41, 0xe6, 0x51, 0xc6, 0x49, 0x85, 0x39,
    0xa6, 0x41, 0xa6, 0x41, 0x85, 0x39, 0x85, 0x39, 0xe6, 0x51, 0xa8, 0x72,
    0x2b, 0x8b, 0xac, 0x9b, 0x0d, 0xa4, 0xed, 0x9b, 0x8f, 0xbc, 0xf0, 0xc4,
    0xf1, 0xc4, 0xb0, 0xbc, 0x73, 0xcd, 0xd1, 0xb4, 0xd0, 0xbc, 0x0d, 0xa4,
    0xd0, 0xbc, 0x11, 0xc5, 0x10, 0xcd, 0x32, 0xcd, 0xb3, 0xdd, 0xd3, 0xe5,
    0xd4, 0xdd, 0x35, 0xe6, 0xb4, 0xdd, 0xb3, 0xdd, 0xb0, 0xc4, 0xb0, 0xc4,
    0x2e, 0xac, 0xcc, 0xa3, 0xcc, 0xa3, 0xac, 0xa3, 0x8c, 0x9b, 0x6b, 0x9b,
    0xac, 0xa3, 0xab, 0xa3, 0x6b, 0x9b, 0x4a, 0x9b, 0xec, 0xb3, 0x11, 0xd5,
    0x72, 0xdd, 0xb4, 0xdd, 0x73, 0xd5, 0xd4, 0xdd, 0x55, 0xe6, 0xb4, 0xdd,
    0xb4, 0xdd, 0xb5, 0xdd, 0x94, 0xd5, 0x35, 0xde, 0x36, 0xde, 0x16, 0xde,
    0x77, 0xe6, 0x57, 0xe6, 0x36, 0xde, 0x57, 0xe6, 0x77, 0xe6, 0x16, 0xde,
    0x37, 0xde, 0x56, 0xe6, 0x16, 0xde, 0xd5, 0xd5, 0xd5, 0xd5, 0x95, 0xcd,
    0xb5, 0xd5, 0xb5, 0xd5, 0xd4, 0xd5, 0x94, 0xd5, 0x95, 0xd5, 0x53, 0xd5,
    0xf2, 0xcc, 0xd2, 0xcc, 0xf1, 0xcc, 0xb1, 0xcc, 0xb1, 0xd4, 0xb1, 0xd4,
    0xb1, 0xd4, 0xd1, 0xdc, 0xd1, 0xdc, 0xf2, 0xe4, 0xf2, 0xe4, 0xf2, 0xe4,
    0x12, 0xed, 0xd1, 0xec, 0x91, 0xec, 0xd1, 0xec, 0xf2, 0xf4, 0x12, 0xfd,
    0x53, 0xfd, 0x74, 0xfd, 0xb5, 0xfd, 0x74, 0xf5, 0xee, 0xd3, 0x2c, 0xc3,
    0xef, 0xd3, 0x90, 0xdc, 0x53, 0xed, 0xd4, 0xed, 0x15, 0xee, 0x77, 0xf6,
    0xd8, 0xfe, 0x19, 0xff, 0x3a, 0xff, 0xfa, 0xf6, 0xb9, 0xf6, 0x98, 0xf6,
    0xb9, 0xee, 0xfa, 0xf6, 0x3a, 0xff, 0x3b, 0xff, 0x3b, 0xff, 0x3b, 0xf7,
    0x3a, 0xf7, 0x1a, 0xf7, 0x1b, 0xff, 0x3b, 0xff, 0x3b, 0xff, 0x5b, 0xff,
    0x5b, 0xff, 0x5c, 0xff, 0x7c, 0xff, 0x7c, 0xff, 0x9d, 0xff, 0xbd, 0xff,
    0xbe, 0xff, 0xde, 0xff, 0xbd, 0xff, 0x9d, 0xff, 0x7c, 0xff, 0x5b, 0xff,
    0x3b, 0xff, 0x5b, 0xff, 0x3a, 0xf7, 0xda, 0xf6, 0xf9, 0xf6, 0xf9, 0xee,
    0xfa, 0xf6, 0xfa, 0xf6, 0x3b, 0xf7, 0x3a, 0xf7, 0x3b, 0xff, 0x5b, 0xff,
    0x5c, 0xff, 0x9c, 0xff, 0x9d, 0xff, 0xbe, 0xff, 0xde, 0xff, 0xbd, 0xff,
    0xde, 0xff, 0xde, 0xff, 0xde, 0xff, 0xde, 0xff, 0xbe, 0xff, 0xbe, 0xff,
    0xbe, 0xff, 0xbe, 0xff, 0xbe, 0xff, 0xbe, 0xff, 0xbd, 0xff, 0x9e, 0xff,
    0x9d, 0xff, 0x9d, 0xff, 0x9d, 0xff, 0x9d, 0xff, 0x9d, 0xff, 0x7d, 0xf7,
    0x7d, 0xff, 0x5c, 0xf7, 0x5c, 0xf7, 0x3b, 0xf7, 0x1b, 0xf7, 0xfb, 0xee,
    0xfa, 0xee, 0xda, 0xe6, 0xba, 0xe6, 0x99, 0xe6, 0x99, 0xe6, 0x99, 0xde,
    0xb9, 0xe6, 0x78, 0xe6, 0xb9, 0xe6, 0x9e, 0xf7, 0xb8, 0xee, 0x57, 0xe6,
    0xd9, 0xee, 0x1c, 0xf7, 0x1b, 0xf7, 0x77, 0xe6, 0xf6, 0xd5, 0x16, 0xde,
    0xb9, 0xee, 0xfb, 0xee, 0xf7, 0xd5, 0xd1, 0xb4, 0xb1, 0xac, 0xb1, 0xac,
    0x4f, 0xa4, 0x70, 0xa4, 0x19, 0xd6, 0x0f, 0x94, 0x6f, 0xac, 0x90, 0xb4,
    0xd1, 0xb4, 0x31, 0xc5, 0x53, 0xcd, 0x93, 0xcd, 0xd4, 0xd5, 0xf5, 0xdd,
    0x16, 0xe6, 0x37, 0xe6, 0x77, 0xee, 0x98, 0xee, 0xb8, 0xee, 0xb9, 0xee,
    0xf9, 0xf6, 0xf9, 0xf6, 0xfa, 0xf6, 0x1a, 0xf7, 0x1a, 0xf7, 0x3a, 0xf7,
    0x3b, 0xff, 0x3b, 0xff, 0x3b, 0xf7, 0x3b, 0xf7, 0x3b, 0xf7, 0x3b, 0xf7,
    0x3b, 0xf7, 0x3b, 0xff, 0x1b, 0xf7, 0x3b, 0xf7, 0x3b, 0xf7, 0x3b, 0xf7,
    0x3b, 0xf7, 0x1b, 0xf7, 0x1b, 0xf7, 0x3b, 0xf7, 0x3b, 0xf7, 0x3b, 0xef,
    0x3b, 0xef, 0x1b, 0xf7, 0xd6, 0xcd, 0xf7, 0xd5, 0x37, 0xd6, 0x58, 0xde,
    0x98, 0xe6, 0xd9, 0xe6, 0xda, 0xee, 0xfa, 0xee, 0x1b, 0xef, 0x3b, 0xf7,
    0x3c, 0xff, 0x5c, 0xff, 0x7c, 0xff, 0x9c, 0xff, 0x9d, 0xff, 0x9d, 0xff,
    0x9d, 0xff, 0xbd, 0xff, 0x9d, 0xff, 0xbd, 0xff, 0xbd, 0xff, 0xbd, 0xff,
    0xbd, 0xff, 0xbd, 0xff, 0xbd, 0xff, 0xdd, 0xff, 0xde, 0xff, 0xde, 0xff,
    0xde, 0xff, 0xdd, 0xff, 0xde, 0xff, 0xde, 0xff, 0xde, 0xff, 0xde, 0xff,
    0xde, 0xff, 0xbe, 0xff, 0xdd, 0xff, 0x9c, 0xff, 0x1b, 0xff, 0x78, 0xee,
    0xb5, 0xcd, 0x74, 0xc5, 0x53, 0xbd, 0xf1, 0xb4, 0x2f, 0xa4, 0xad, 0x8b,
    0x4c, 0x83, 0x2b, 0x73, 0xea, 0x72, 0xc9, 0x6a, 0xa9, 0x62, 0xa9, 0x62,
    0xa9, 0x6a, 0xea, 0x7a, 0x0a, 0x7b, 0x2a, 0x7b, 0x2a, 0x83, 0x2a, 0x83,
    0x4a, 0x83, 0x09, 0x7b, 0xe9, 0x7a, 0xa8, 0x72, 0x68, 0x62, 0x07, 0x5a,
    0x07, 0x52, 0xe6, 0x49, 0xe6, 0x49, 0xe7, 0x51, 0xc6, 0x49, 0xc6, 0x41,
    0xa6, 0x41, 0x86, 0x39, 0x86, 0x41, 0xa5, 0x41, 0x65, 0x31, 0xa6, 0x41,
    0xa6, 0x41, 0x86, 0x41, 0xc6, 0x49, 0xe6, 0x49, 0x07, 0x52, 0x27, 0x5a,
    0x47, 0x5a, 0x27, 0x5a, 0x68, 0x62, 0x2a, 0x7b, 0xc8, 0x72, 0xa8, 0x72,
    0x2a, 0x83, 0x2d, 0xa4, 0x8e, 0xbc, 0xf0, 0xc4, 0x11, 0xcd, 0x93, 0xd5,
    0xb2, 0xdd, 0x6e, 0xb4, 0x4e, 0xac, 0xb0, 0xb4, 0x12, 0xc5, 0xb3, 0xd5,
    0xd4, 0xdd, 0xf1, 0xbc, 0x72, 0xcd, 0x15, 0xe6, 0x92, 0xd5, 0x36, 0xee,
    0xd4, 0xdd, 0x93, 0xd5, 0xb3, 0xdd, 0x73, 0xdd, 0x31, 0xcd, 0x11, 0xcd,
    0xd0, 0xc4, 0x6e, 0xbc, 0xd0, 0xcc, 0xb0, 0xc4, 0xd4, 0xe5, 0xf4, 0xe5,
    0x93, 0xdd, 0xb3, 0xdd, 0xd4, 0xdd, 0x73, 0xd5, 0x35, 0xee, 0x32, 0xcd,
    0xb4, 0xdd, 0x93, 0xd5, 0x94, 0xcd, 0x57, 0xe6, 0x37, 0xde, 0x77, 0xee,
    0xb8, 0xee, 0x98, 0xe6, 0x98, 0xee, 0xb8, 0xee, 0x57, 0xe6, 0x37, 0xde,
    0x77, 0xee, 0x57, 0xe6, 0x16, 0xde, 0x16, 0xde, 0x16, 0xde, 0x16, 0xde,
    0x15, 0xde, 0xb4, 0xd5, 0xb5, 0xcd, 0xb5, 0xcd, 0xd5, 0xdd, 0x95, 0xd5,
    0x94, 0xcd, 0x12, 0xcd, 0xb1, 0xcc, 0xb1, 0xcc, 0xb1, 0xcc, 0x91, 0xd4,
    0x91, 0xd4, 0x91, 0xd4, 0xb1, 0xdc, 0xd1, 0xdc, 0xb2, 0xdc, 0xb1, 0xe4,
    0xb1, 0xe4, 0xb1, 0xe4, 0xb2, 0xec, 0xd1, 0xec, 0xd1, 0xec, 0xd2, 0xf4,
    0xf2, 0xfc, 0x53, 0xfd, 0x95, 0xfd, 0xd6, 0xfd, 0x6d, 0xcb, 0x49, 0xb2,
    0x8d, 0xd3, 0x2f, 0xd4, 0xb1, 0xdc, 0x32, 0xe5, 0x93, 0xe5, 0x56, 0xf6,
    0xb8, 0xf6, 0x98, 0xf6, 0x3a, 0xff, 0xf9, 0xf6, 0xb9, 0xf6, 0xb8, 0xf6,
    0xb8, 0xf6, 0xf9, 0xf6, 0x1a, 0xff, 0x1a, 0xff, 0x1a, 0xf7, 0x1a, 0xff,
    0x1a, 0xff, 0x1a, 0xf7, 0x1a, 0xf7, 0x1a, 0xf7, 0xfa, 0xf6, 0x3b, 0xf7,
    0x5c, 0xf7, 0x5c, 0xff, 0x7d, 0xff, 0x7c, 0xff, 0x9d, 0xff, 0xbd, 0xff,
    0xbd, 0xff, 0xbd, 0xff, 0x9d, 0xff, 0x7c, 0xff, 0x5c, 0xff, 0x5c, 0xff,
    0x5b, 0xf7, 0xfa, 0xf6, 0xf9, 0xf6, 0xf9, 0xf6, 0xb9, 0xee, 0xb8, 0xee,
    0xb9, 0xf6, 0xf9, 0xf6, 0x1a, 0xf7, 0x1a, 0xff, 0x5b, 0xff, 0x7c, 0xff,
    0x7c, 0xff, 0x9c, 0xff, 0x9d, 0xff, 0xbe, 0xff, 0xde, 0xff, 0xdf, 0xff,
    0xde, 0xff, 0xdf, 0xff, 0xdf, 0xff, 0xff, 0xff, 0xff, 0xff, 0xdf, 0xff,
    0xdf, 0xff, 0xdf, 0xff, 0xff, 0xff, 0xde, 0xff, 0xdf, 0xff, 0xde, 0xff,
    0xbe, 0xff, 0xbe, 0xff, 0xde, 0xff, 0xbe, 0xff, 0xbd, 0xff, 0xbd, 0xff,
    0x9e, 0xff, 0x9d, 0xff, 0x9e, 0xff, 0x7d, 0xff, 0x7d, 0xf7, 0x5c, 0xf7,
    0x3c, 0xf7, 0x1b, 0xef, 0xfb, 0xee, 0xda, 0xe6, 0xba, 0xe6, 0xb9, 0xe6,
    0xda, 0xe6, 0xb9, 0xe6, 0xda, 0xee, 0xb9, 0xe6, 0xb9, 0xe6, 0x9e, 0xff,
    0xb9, 0xee, 0x78, 0xe6, 0x98, 0xee, 0xfa, 0xee, 0x3c, 0xf7, 0x1a, 0xf7,
    0x77, 0xe6, 0xd6, 0xd5, 0x15, 0xd6, 0x98, 0xe6, 0x99, 0xe6, 0x54, 0xbd,
    0x91, 0xac, 0x90, 0xac, 0x2f, 0x9c, 0x12, 0xad, 0x97, 0xc5, 0x0e, 0x9c,
    0x90, 0xac, 0xd0, 0xb4, 0xf1, 0xbc, 0x32, 0xc5, 0x54, 0xcd, 0xb4, 0xd5,
    0xd4, 0xdd, 0x16, 0xde, 0x36, 0xde, 0x57, 0xee, 0x77, 0xee, 0xb8, 0xee,
    0xd9, 0xf6, 0xb9, 0xf6, 0xf9, 0xf6, 0xfa, 0xf6, 0x1a, 0xf7, 0x3a, 0xf7,
    0x1b, 0xf7, 0x1a, 0xff, 0x3b, 0xff, 0x3b, 0xf7, 0x3b, 0xff, 0x3b, 0xff,
    0x3b, 0xff, 0x3b, 0xf7, 0x3b, 0xf7, 0x3b, 0xf7, 0x3b, 0xf7, 0x3b, 0xf7,
    0x3b, 0xf7, 0x1b, 0xf7, 0x3b, 0xf7, 0x1b, 0xf7, 0x3b, 0xf7, 0x3c, 0xf7,
    0x1b, 0xf7, 0x3c, 0xf7, 0x3b, 0xf7, 0xf7, 0xd5, 0x37, 0xd6, 0x78, 0xe6,
    0x99, 0xe6, 0xd9, 0xee, 0xfa, 0xee, 0xfb, 0xf6, 0x1a, 0xf7, 0x5b, 0xf7,
    0x5c, 0xff, 0x5c, 0xff, 0x7c, 0xff, 0x9d, 0xff, 0x9d, 0xff, 0x9d, 0xff,
    0x9d, 0xff, 0xbd, 0xff, 0xbd, 0xff, 0xbd, 0xff, 0x9d, 0xff, 0xdd, 0xff,
    0xbd, 0xff, 0xbd, 0xff, 0xbd, 0xff, 0xbd, 0xff, 0xbd, 0xff, 0xbd, 0xff,
    0xbd, 0xff, 0xdd, 0xff, 0xde, 0xff, 0xde, 0xff, 0xde, 0xff, 0xde, 0xff,
    0xde, 0xff, 0xde, 0xff, 0xde, 0xff, 0xbd, 0xff, 0x7c, 0xff, 0x1a, 0xff,
    0xd9, 0xee, 0xb8, 0xee, 0xb8, 0xee, 0x77, 0xe6, 0xd5, 0xd5, 0xb1, 0xac,
    0xad, 0x8b, 0x0b, 0x6b, 0xa9, 0x62, 0x89, 0x62, 0xa9, 0x6a, 0xa9, 0x72,
    0xe9, 0x72, 0xea, 0x7a, 0x4a, 0x83, 0x4a, 0x8b, 0x0a, 0x83, 0x0a, 0x7b,
    0xea, 0x7a, 0x09, 0x7b, 0xc9, 0x7a, 0x88, 0x6a, 0x88, 0x6a, 0x68, 0x62,
    0x48, 0x62, 0x07, 0x52, 0xe7, 0x49, 0xe6, 0x49, 0xc6, 0x49, 0xe6, 0x49,
    0xa6, 0x39, 0xa6, 0x41, 0xe6, 0x49, 0x85, 0x39, 0xe6, 0x49, 0xc6, 0x41,
    0x86, 0x39, 0x85, 0x39, 0xc6, 0x41, 0xe6, 0x51, 0x47, 0x5a, 0x47, 0x5a,
    0x47, 0x5a, 0x88, 0x6a, 0x29, 0x83, 0x8b, 0x93, 0x6a, 0x93, 0x8b, 0x9b,
    0x2c, 0xac, 0x8e, 0xbc, 0x4e, 0xb4, 0x4e, 0xb4, 0x2c, 0xac, 0x0d, 0xb4,
    0x0c, 0xa4, 0x8f, 0xb4, 0x93, 0xd5, 0x15, 0xe6, 0xf4, 0xe5, 0x93, 0xd5,
    0x31, 0xcd, 0x93, 0xd5, 0x76, 0xee, 0xf4, 0xe5, 0xb4, 0xd5, 0x35, 0xe6,
    0x35, 0xee, 0xd4, 0xdd, 0x56, 0xee, 0x93, 0xd5, 0xb3, 0xd5, 0xf4, 0xe5,
    0xb3, 0xe5, 0xd4, 0xdd, 0xf5, 0xdd, 0xb3, 0xdd, 0x93, 0xdd, 0xd4, 0xdd,
    0xb4, 0xdd, 0xf5, 0xdd, 0x35, 0xe6, 0xf1, 0xc4, 0x14, 0xe6, 0x32, 0xcd,
    0x53, 0xd5, 0x94, 0xdd, 0xf5, 0xd5, 0x98, 0xee, 0x77, 0xee, 0x98, 0xee,
    0xb8, 0xee, 0x98, 0xe6, 0x98, 0xee, 0x78, 0xe6, 0x77, 0xe6, 0x77, 0xee,
    0xb8, 0xee, 0x57, 0xe6, 0x77, 0xe6, 0x78, 0xe6, 0x37, 0xde, 0xf6, 0xdd,
    0xf5, 0xd5, 0xf5, 0xd5, 0xd5, 0xd5, 0xd6, 0xd5, 0xd5, 0xdd, 0xb4, 0xcd,
    0x74, 0xcd, 0xb5, 0xd5, 0x12, 0xc5, 0xd1, 0xc4, 0x90, 0xc4, 0x90, 0xcc,
    0x90, 0xd4, 0x70, 0xd4, 0x70, 0xd4, 0x90, 0xdc, 0x70, 0xdc, 0x70, 0xdc,
    0x91, 0xe4, 0x91, 0xe4, 0xb1, 0xe4, 0xd2, 0xec, 0xb1, 0xec, 0xb2, 0xec,
    0xd2, 0xf4, 0x12, 0xfd, 0x33, 0xf5, 0x94, 0xfd, 0xd6, 0xfd, 0x0c, 0xcb,
    0x69, 0xb2, 0xce, 0xcb, 0x90, 0xdc, 0xd1, 0xe4, 0xb1, 0xdc, 0x73, 0xe5,
    0x97, 0xf6, 0x97, 0xf6, 0xd9, 0xf6, 0xf9, 0xfe, 0xd9, 0xfe, 0xd9, 0xf6,
    0xf9, 0xf6, 0xf9, 0xf6, 0x1a, 0xff, 0xfa, 0xf6, 0xfa, 0xf6, 0x3a, 0xff,
    0x1b, 0xf7, 0xfa, 0xf6, 0xfa, 0xf6, 0xfa, 0xf6, 0xfb, 0xf6, 0x3b, 0xf7,
    0x5b, 0xff, 0x5b, 0xff, 0x5c, 0xff, 0x7c, 0xff, 0x9c, 0xff, 0x9d, 0xff,
    0xbd, 0xff, 0xbe, 0xff, 0xbd, 0xff, 0x9c, 0xff, 0x7c, 0xff, 0x3b, 0xf7,
    0x1b, 0xf7, 0x1a, 0xf7, 0xd9, 0xee, 0xb8, 0xee, 0xb8, 0xf6, 0xb8, 0xee,
    0xb8, 0xf6, 0xd8, 0xf6, 0xfa, 0xf6, 0xfa, 0xf6, 0x3b, 0xf7, 0x3b, 0xff,
    0x7c, 0xff, 0x5c, 0xff, 0x9d, 0xff, 0x9e, 0xff, 0xbe, 0xff, 0xde, 0xff,
    0xdf, 0xff, 0xff, 0xff, 0xff, 0xff, 0xdf, 0xff, 0xdf, 0xff, 0xff, 0xff,
    0xff, 0xff, 0xde, 0xff, 0xff, 0xff, 0xff, 0xff, 0xdf, 0xff, 0xdf, 0xff,
    0xdf, 0xff, 0xde, 0xff, 0xde, 0xff, 0xde, 0xff, 0xde, 0xff, 0xde, 0xff,
    0xde, 0xff, 0xbe, 0xff, 0xbe, 0xff, 0xbe, 0xff, 0xbd, 0xff, 0x9e, 0xff,
    0x9d, 0xff, 0x7d, 0xff, 0x5c, 0xf7, 0x3c, 0xf7, 0x3c, 0xf7, 0x1b, 0xef,
    0xfb, 0xee, 0xfa, 0xe6, 0xdb, 0xe6, 0xda, 0xee, 0xfa, 0xee, 0xd9, 0xee,
    0xfa, 0xee, 0x9e, 0xff, 0xd9, 0xee, 0xb9, 0xee, 0x98, 0xee, 0x98, 0xee,
    0x1b, 0xef, 0x1b, 0xf7, 0xfa, 0xee, 0x38, 0xde, 0xb5, 0xc5, 0xb4, 0xcd,
    0x37, 0xde, 0xf6, 0xd5, 0xd1, 0xac, 0x90, 0xac, 0x2f, 0x9c, 0x95, 0xc5,
    0xf3, 0xac, 0x4f, 0xa4, 0xb0, 0xb4, 0xd1, 0xbc, 0x32, 0xc5, 0x53, 0xcd,
    0x73, 0xd5, 0xd5, 0xd5, 0xf5, 0xdd, 0x15, 0xe6, 0x57, 0xe6, 0x77, 0xe6,
    0x97, 0xee, 0x98, 0xee, 0xd9, 0xee, 0xf9, 0xee, 0xfa, 0xf6, 0xfa, 0xf6,
    0x1b, 0xf7, 0x1a, 0xff, 0x3b, 0xf7, 0x3b, 0xf7, 0x3b, 0xf7, 0x3b, 0xff,
    0x3b, 0xff, 0x3b, 0xf7, 0x3b, 0xf7, 0x3b, 0xf7, 0x3b, 0xf7, 0x3b, 0xf7,
    0x1b, 0xf7, 0x3b, 0xf7, 0x3b, 0xf7, 0x3b, 0xf7, 0x3c, 0xf7, 0x3b, 0xf7,
    0x3b, 0xf7, 0x3c, 0xf7, 0x3c, 0xf7, 0x3b, 0xf7, 0x57, 0xd6, 0x98, 0xde,
    0x99, 0xe6, 0xd9, 0xe6, 0xfa, 0xee, 0xfb, 0xf6, 0x3b, 0xf7, 0x5c, 0xf7,
    0x5c, 0xff, 0x5c, 0xff, 0x9c, 0xff, 0x9d, 0xff, 0x9d, 0xff, 0xbd, 0xff,
    0x9d, 0xff, 0xbd, 0xff, 0xbd, 0xff, 0xbd, 0xff, 0xbd, 0xff, 0xbd, 0xff,
    0x9d, 0xff, 0xbd, 0xff, 0xbd, 0xff, 0xbd, 0xff, 0xbd, 0xff, 0xbd, 0xff,
    0xbd, 0xff, 0xbd, 0xff, 0xdd, 0xff, 0xbe, 0xff, 0xdd, 0xff, 0xde, 0xff,
    0xdd, 0xff, 0xde, 0xff, 0xdd, 0xff, 0xbd, 0xff, 0x9d, 0xff, 0x7c, 0xff,
    0x5b, 0xff, 0x3a, 0xff, 0x1a, 0xf7, 0xfa, 0xf6, 0x98, 0xee, 0xd5, 0xd5,
    0x33, 0xb5, 0x50, 0xa4, 0xad, 0x83, 0x0b, 0x73, 0xa9, 0x6a, 0xa9, 0x6a,
    0xca, 0x72, 0xca, 0x6a, 0xc9, 0x72, 0xea, 0x72, 0x0a, 0x7b, 0x2a, 0x83,
    0x2a, 0x83, 0x0a, 0x83, 0x0a, 0x83, 0xe9, 0x7a, 0xc9, 0x7a, 0x68, 0x62,
    0x48, 0x5a, 0x27, 0x5a, 0x27, 0x52, 0x28, 0x5a, 0x48, 0x5a, 0x47, 0x5a,
    0x07, 0x52, 0xe7, 0x51, 0x86, 0x41, 0xa6, 0x41, 0xe6, 0x49, 0xa6, 0x41,
    0xe7, 0x49, 0xe7, 0x51, 0xe6, 0x51, 0xe6, 0x51, 0x48, 0x62, 0x88, 0x6a,
    0xc9, 0x7a, 0xe9, 0x82, 0x2a, 0x83, 0x09, 0x83, 0x0a, 0x83, 0x8b, 0x9b,
    0x0c, 0xac, 0x8b, 0x9b, 0xac, 0x9b, 0x8b, 0x93, 0xab, 0x9b, 0x0c, 0xac,
    0x31, 0xcd, 0xd3, 0xdd, 0xb4, 0xdd, 0x31, 0xcd, 0x10, 0xcd, 0xcf, 0xbc,
    0x92, 0xd5, 0xf4, 0xe5, 0x52, 0xcd, 0x72, 0xd5, 0xf5, 0xdd, 0xf4, 0xe5,
    0x8f, 0xb4, 0x72, 0xd5, 0x15, 0xe6, 0x72, 0xd5, 0xf4, 0xdd, 0xd4, 0xdd,
    0x92, 0xdd, 0xf4, 0xdd, 0x36, 0xe6, 0xd4, 0xdd, 0xd4, 0xdd, 0x56, 0xe6,
    0xf4, 0xe5, 0xf4, 0xdd, 0xd4, 0xdd, 0xd0, 0xbc, 0xf4, 0xe5, 0x93, 0xdd,
    0x15, 0xe6, 0xd5, 0xdd, 0x57, 0xe6, 0xb8, 0xf6, 0xb8, 0xee, 0xb9, 0xee,
    0xb9, 0xee, 0xb9, 0xee, 0xf9, 0xee, 0xd9, 0xf6, 0xd8, 0xf6, 0x98, 0xee,
    0x57, 0xe6, 0x57, 0xe6, 0x97, 0xe6, 0x36, 0xde, 0xf6, 0xdd, 0x16, 0xde,
    0x57, 0xe6, 0x37, 0xde, 0xf6, 0xd5, 0x16, 0xde, 0xf5, 0xd5, 0xb5, 0xd5,
    0x94, 0xd5, 0x94, 0xd5, 0x74, 0xd5, 0x12, 0xcd, 0x12, 0xcd, 0x91, 0xcc,
    0x50, 0xcc, 0x90, 0xcc, 0x90, 0xcc, 0x50, 0xd4, 0x50, 0xd4, 0x70, 0xd4,
    0x71, 0xdc, 0x91, 0xdc, 0xb1, 0xe4, 0xb1, 0xec, 0xb1, 0xec, 0xd2, 0xec,
    0xb1, 0xf4, 0xd2, 0xf4, 0xf2, 0xf4, 0x33, 0xfd, 0x74, 0xfd, 0xd6, 0xfd,
    0x34, 0xf5, 0xef, 0xd3, 0x8d, 0xcb, 0xb1, 0xdc, 0xf2, 0xe4, 0x12, 0xe5,
    0xd5, 0xed, 0x56, 0xf6, 0x77, 0xf6, 0xb8, 0xfe, 0xd8, 0xfe, 0xd8, 0xfe,
    0xd8, 0xf6, 0xfa, 0xf6, 0x1a, 0xff, 0xfa, 0xf6, 0x1a, 0xff, 0xfa, 0xf6,
    0xfa, 0xf6, 0xfa, 0xf6, 0xfa, 0xf6, 0xfa, 0xf6, 0x1a, 0xff, 0x1a, 0xf7,
    0x1b, 0xf7, 0x1b, 0xf7, 0x3b, 0xff, 0x7c, 0xff, 0x7c, 0xff, 0x9c, 0xff,
    0x9d, 0xff, 0xbd, 0xff, 0xbd, 0xff, 0x9d, 0xff, 0x5c, 0xf7, 0x5b, 0xf7,
    0x1b, 0xf7, 0xf9, 0xf6, 0xd9, 0xf6, 0xb8, 0xee, 0x78, 0xee, 0x78, 0xee,
    0x98, 0xee, 0xd8, 0xee, 0xf9, 0xf6, 0xf9, 0xf6, 0x19, 0xf7, 0x3a, 0xf7,
    0x3b, 0xf7, 0x5c, 0xff, 0x7c, 0xff, 0x9c, 0xff, 0x9d, 0xff, 0xbd, 0xff,
    0xde, 0xff, 0xdf, 0xff, 0xde, 0xff, 0xff, 0xff, 0xdf, 0xff, 0xdf, 0xff,
    0xff, 0xff, 0xdf, 0xff, 0xff, 0xff, 0xff, 0xff, 0xfe, 0xff, 0xdf, 0xff,
    0xfe, 0xff, 0xde, 0xff, 0xdf, 0xff, 0xdf, 0xff, 0xdf, 0xff, 0xde, 0xff,
    0xdf, 0xff, 0xdf, 0xff, 0xdf, 0xff, 0xdf, 0xff, 0xde, 0xff, 0xde, 0xff,
    0xbe, 0xff, 0xbe, 0xff, 0xbe, 0xff, 0x9d, 0xff, 0x9d, 0xff, 0x9d, 0xff,
    0x5d, 0xf7, 0x3c, 0xf7, 0x3c, 0xf7, 0x3b, 0xf7, 0x1b, 0xef, 0x1c, 0xef,
    0x1b, 0xf7, 0xfa, 0xee, 0x1c, 0xf7, 0x9e, 0xff, 0xd9, 0xee, 0xd9, 0xee,
    0xd9, 0xee, 0xb8, 0xee, 0x98, 0xee, 0xd9, 0xee, 0xfa, 0xee, 0xd9, 0xee,
    0x37, 0xd6, 0x54, 0xc5, 0x73, 0xc5, 0xd6, 0xcd, 0x13, 0xb5, 0x70, 0xa4,
    0x4f, 0x9c, 0x17, 0xd6, 0x50, 0xa4, 0x90, 0xac, 0xb1, 0xb4, 0x11, 0xbd,
    0x32, 0xc5, 0x73, 0xcd, 0xb4, 0xd5, 0xd5, 0xdd, 0xf6, 0xdd, 0x16, 0xe6,
    0x77, 0xee, 0x97, 0xee, 0x98, 0xee, 0xb9, 0xee, 0xd9, 0xf6, 0xfa, 0xf6,
    0xfa, 0xf6, 0x1a, 0xf7, 0x1b, 0xf7, 0x1b, 0xf7, 0x3b, 0xff, 0x3b, 0xf7,
    0x3b, 0xf7, 0x3b, 0xf7, 0x3c, 0xf7, 0x3b, 0xff, 0x3b, 0xf7, 0x3b, 0xff,
    0x3c, 0xff, 0x3b, 0xf7, 0x3b, 0xf7, 0x3c, 0xf7, 0x1b, 0xf7, 0x3b, 0xf7,
    0x3c, 0xf7, 0x3b, 0xf7, 0x1c, 0xf7, 0x3b, 0xf7, 0x3c, 0xf7, 0x78, 0xde,
    0x99, 0xe6, 0xda, 0xee, 0xfa, 0xee, 0x1b, 0xf7, 0x3b, 0xf7, 0x5b, 0xf7,
    0x7c, 0xff, 0x7d, 0xff, 0x9c, 0xff, 0x9d, 0xff, 0x9d, 0xff, 0xbd, 0xff,
    0xbd, 0xff, 0xbd, 0xff, 0xbd, 0xff, 0xbd, 0xff, 0xbe, 0xff, 0xbd, 0xff,
    0xbd, 0xff, 0xbe, 0xff, 0xbd, 0xff, 0x9d, 0xff, 0x9d, 0xff, 0x9d, 0xff,
    0xbd, 0xff, 0xbd, 0xff, 0xbd, 0xff, 0x9d, 0xff, 0xbd, 0xff, 0xbd, 0xff,
    0xbd, 0xff, 0xbd, 0xff, 0xdd, 0xff, 0xbd, 0xff, 0x9d, 0xff, 0x9d, 0xff,
    0x9c, 0xff, 0x9c, 0xff, 0x7c, 0xff, 0x9c, 0xff, 0x3b, 0xff, 0xb9, 0xee,
    0x57, 0xde, 0x16, 0xde, 0xf6, 0xd5, 0x53, 0xc5, 0x50, 0xa4, 0x6c, 0x83,
    0xea, 0x72, 0xea, 0x72, 0xc9, 0x6a, 0xc9, 0x72, 0xea, 0x7a, 0x2a, 0x83,
    0x2a, 0x83, 0x2a, 0x83, 0x0a, 0x7b, 0x0a, 0x83, 0x09, 0x83, 0xe9, 0x82,
    0xa8, 0x62, 0x07, 0x52, 0xe7, 0x51, 0xa6, 0x49, 0xc6, 0x49, 0xa6, 0x41,
    0xa6, 0x41, 0x85, 0x39, 0x85, 0x39, 0xc6, 0x49, 0xc6, 0x49, 0xc6, 0x49,
    0x86, 0x39, 0xa6, 0x41, 0xc6, 0x49, 0x27, 0x52, 0x48, 0x5a, 0x68, 0x62,
    0x68, 0x62, 0xa9, 0x72, 0xe9, 0x7a, 0x09, 0x83, 0x4b, 0x8b, 0x2a, 0x83,
    0x2a, 0x8b, 0xcb, 0xa3, 0xac, 0x93, 0xcd, 0xa3, 0x4c, 0xb4, 0x6e, 0xb4,
    0x0d, 0xa4, 0x8b, 0x93, 0xcc, 0xa3, 0x4e, 0xb4, 0x8e, 0xc4, 0xd0, 0xc4,
    0x31, 0xd5, 0x10, 0xc5, 0x8f, 0xbc, 0x31, 0xcd, 0x10, 0xcd, 0x2d, 0xac,
    0xb0, 0xbc, 0x35, 0xe6, 0xf4, 0xe5, 0x11, 0xcd, 0x97, 0xee, 0x15, 0xe6,
    0x72, 0xd5, 0x36, 0xe6, 0xf4, 0xdd, 0xd4, 0xdd, 0x15, 0xe6, 0xf4, 0xdd,
    0xb3, 0xdd, 0x93, 0xd5, 0x52, 0xd5, 0x32, 0xcd, 0xd4, 0xe5, 0xf4, 0xdd,
    0x16, 0xe6, 0x36, 0xe6, 0xb7, 0xee, 0xd8, 0xf6, 0xd8, 0xee, 0xb9, 0xee,
    0xf9, 0xf6, 0xf9, 0xf6, 0xb8, 0xee, 0x77, 0xee, 0x57, 0xe6, 0x77, 0xe6,
    0x78, 0xe6, 0x77, 0xe6, 0x78, 0xe6, 0x78, 0xe6, 0x78, 0xe6, 0x77, 0xe6,
    0x97, 0xe6, 0x57, 0xe6, 0x16, 0xde, 0xf6, 0xdd, 0xd6, 0xdd, 0x16, 0xde,
    0x36, 0xde, 0xf6, 0xdd, 0xb4, 0xd5, 0x74, 0xcd, 0x53, 0xc5, 0x33, 0xcd,
    0xb1, 0xcc, 0x70, 0xc4, 0x4f, 0xcc, 0x70, 0xcc, 0x50, 0xd4, 0x70, 0xd4,
    0x91, 0xdc, 0x90, 0xe4, 0xb1, 0xe4, 0xb1, 0xe4, 0xd2, 0xec, 0xd1, 0xec,
    0xd1, 0xec, 0xd2, 0xf4, 0xb2, 0xf4, 0xd1, 0xf4, 0xf2, 0xfc, 0x54, 0xfd,
    0xb5, 0xfd, 0xf6, 0xfd, 0x74, 0xed, 0x30, 0xdc, 0x90, 0xdc, 0x12, 0xe5,
    0xb4, 0xed, 0x15, 0xee, 0x57, 0xf6, 0x98, 0xf6, 0xd8, 0xf6, 0xd8, 0xf6,
    0x98, 0xf6, 0xd9, 0xf6, 0xfa, 0xf6, 0xf9, 0xf6, 0xfa, 0xfe, 0xd9, 0xf6,
    0xd9, 0xf6, 0xda, 0xf6, 0xfa, 0xf6, 0xfa, 0xf6, 0xfa, 0xf6, 0x1a, 0xf7,
    0x1a, 0xf7, 0x3b, 0xf7, 0x5b, 0xff, 0x5b, 0xff, 0x5c, 0xff, 0x5c, 0xff,
    0x7c, 0xff, 0x9d, 0xff, 0xbd, 0xff, 0xbd, 0xff, 0x7d, 0xff, 0x3b, 0xf7,
    0x3b, 0xff, 0xf9, 0xf6, 0x98, 0xee, 0x77, 0xee, 0x98, 0xee, 0xb8, 0xee,
    0xb7, 0xee, 0xb8, 0xee, 0xb8, 0xee, 0xb9, 0xee, 0xfa, 0xf6, 0x1a, 0xf7,
    0x1b, 0xf7, 0x5b, 0xf7, 0x3c, 0xff, 0x5c, 0xff, 0x9d, 0xff, 0x9e, 0xff,
    0xbd, 0xff, 0xbe, 0xff, 0xdf, 0xff, 0xde, 0xff, 0xdf, 0xff, 0xdf, 0xff,
    0xfe, 0xff, 0xdf, 0xff, 0xff, 0xff, 0xff, 0xff, 0xff, 0xff, 0xdf, 0xff,
    0xff, 0xff, 0xff, 0xff, 0xde, 0xff, 0xde, 0xff, 0xdf, 0xff, 0xdf, 0xff,
    0xfe, 0xff, 0xdf, 0xff, 0xdf, 0xff, 0xde, 0xff, 0xdf, 0xff, 0xdf, 0xff,
    0xff, 0xff, 0xdf, 0xff, 0xdf, 0xff, 0xde, 0xff, 0xde, 0xff, 0xbe, 0xff,
    0xbe, 0xff, 0xbd, 0xff, 0x9d, 0xff, 0x7d, 0xff, 0x5c, 0xf7, 0x5c, 0xf7,
    0x5c, 0xf7, 0x3c, 0xf7, 0x3c, 0xf7, 0x1b, 0xf7, 0x7d, 0xf7, 0x7c, 0xf7,
    0xfa, 0xf6, 0xfa, 0xf6, 0xfa, 0xee, 0xd9, 0xee, 0x98, 0xe6, 0x57, 0xe6,
    0x78, 0xe6, 0x99, 0xee, 0x99, 0xe6, 0x16, 0xd6, 0x33, 0xbd, 0x54, 0xc5,
    0x33, 0xbd, 0x70, 0xa4, 0xd2, 0xac, 0x96, 0xc5, 0x4f, 0xa4, 0xb1, 0xb4,
    0xf1, 0xbc, 0x32, 0xc5, 0x53, 0xc5, 0x73, 0xd5, 0xd4, 0xd5, 0x15, 0xde,
    0x36, 0xe6, 0x57, 0xe6, 0x77, 0xe6, 0x98, 0xee, 0xb9, 0xee, 0xd9, 0xee,
    0xd9, 0xf6, 0x1a, 0xf7, 0x1a, 0xf7, 0x1a, 0xf7, 0x3b, 0xf7, 0x1b, 0xff,
    0x3b, 0xf7, 0x3b, 0xff, 0x3b, 0xf7, 0x3b, 0xff, 0x3b, 0xf7, 0x3c, 0xf7,
    0x3b, 0xf7, 0x3b, 0xf7, 0x3b, 0xf7, 0x1c, 0xf7, 0x3b, 0xf7, 0x3c, 0xf7,
    0x3b, 0xf7, 0x3b, 0xf7, 0x1c, 0xf7, 0x3b, 0xf7, 0x3c, 0xef, 0x3b, 0xf7,
    0x99, 0xe6, 0xb9, 0xf6, 0xfa, 0xf6, 0x1b, 0xf7, 0x3b, 0xf7, 0x5c, 0xff,
    0x7c, 0xff, 0x5c, 0xff, 0x9d, 0xff, 0x9d, 0xff, 0xbd, 0xff, 0xbd, 0xff,
    0xbe, 0xff, 0xbe, 0xff, 0xde, 0xff, 0xde, 0xff, 0xde, 0xff, 0xde, 0xff,
    0xbd, 0xff, 0xbe, 0xff, 0xbd, 0xff, 0x9d, 0xff, 0xbd, 0xff, 0x9d, 0xff,
    0x9c, 0xff, 0x9c, 0xff, 0x9d, 0xff, 0x9d, 0xff, 0x9c, 0xff, 0x9d, 0xff,
    0xbd, 0xff, 0xbd, 0xff, 0xbd, 0xff, 0xbd, 0xff, 0xbd, 0xff, 0xdd, 0xff,
    0xdd, 0xff, 0xbe, 0xff, 0xbd, 0xff, 0xdd, 0xff, 0xbc, 0xff, 0x7b, 0xff,
    0x1a, 0xf7, 0xf9, 0xf6, 0xf9, 0xf6, 0xb9, 0xee, 0x57, 0xe6, 0x74, 0xc5,
    0x2f, 0x94, 0x0b, 0x73, 0x0a, 0x7b, 0x0a, 0x7b, 0x0a, 0x7b, 0x0a, 0x83,
    0x0a, 0x83, 0x0a, 0x7b, 0x2a, 0x83, 0x4a, 0x8b, 0x4a, 0x8b, 0x0a, 0x83,
    0xc9, 0x7a, 0x88, 0x6a, 0x68, 0x62, 0x27, 0x5a, 0x06, 0x52, 0xc6, 0x49,
    0xc6, 0x49, 0xa6, 0x41, 0xa6, 0x41, 0x85, 0x39, 0xa6, 0x41, 0xa6, 0x41,
    0xc6, 0x41, 0xe7, 0x49, 0x27, 0x52, 0x06, 0x52, 0xe7, 0x49, 0x07, 0x52,
    0x47, 0x5a, 0xc9, 0x72, 0x2a, 0x83, 0xcb, 0xa3, 0xac, 0xa3, 0x8b, 0x9b,
    0xec, 0xab, 0x0c, 0xac, 0xec, 0xa3, 0xec, 0xab, 0x0c, 0xac, 0x2c, 0xac,
    0xec, 0xa3, 0x0d, 0xac, 0x0c, 0xb4, 0x6d, 0xbc, 0x8e, 0xb4, 0x2d, 0xb4,
    0x0c, 0xb4, 0xaf, 0xbc, 0x8f, 0xbc, 0xaf, 0xbc, 0xcf, 0xc4, 0x32, 0xcd,
    0xf5, 0xe5, 0x55, 0xee, 0xcf, 0xc4, 0xaf, 0xbc, 0x77, 0xee, 0x92, 0xd5,
    0x93, 0xd5, 0x77, 0xee, 0xb3, 0xdd, 0x32, 0xcd, 0xd4, 0xdd, 0x92, 0xd5,
    0x93, 0xd5, 0x72, 0xd5, 0x72, 0xcd, 0xd5, 0xdd, 0xd4, 0xe5, 0xf4, 0xdd,
    0x15, 0xe6, 0x57, 0xee, 0xd9, 0xee, 0xd8, 0xee, 0xb9, 0xee, 0xd9, 0xee,
    0xd8, 0xee, 0x98, 0xee, 0x57, 0xe6, 0x98, 0xee, 0xb9, 0xee, 0xd9, 0xee,
    0xd8, 0xee, 0x57, 0xe6, 0x98, 0xe6, 0xb8, 0xee, 0x98, 0xe6, 0x57, 0xe6,
    0x57, 0xe6, 0x57, 0xde, 0x36, 0xde, 0xf6, 0xdd, 0xf6, 0xd5, 0x16, 0xde,
    0xf6, 0xdd, 0xf6, 0xd5, 0xb4, 0xd5, 0x73, 0xcd, 0x53, 0xcd, 0x74, 0xcd,
    0xf2, 0xcc, 0xf1, 0xcc, 0xd1, 0xcc, 0xb1, 0xcc, 0x2f, 0xcc, 0x70, 0xcc,
    0x70, 0xdc, 0xb1, 0xdc, 0xd1, 0xe4, 0xd1, 0xec, 0xd1, 0xec, 0xd2, 0xec,
    0xb1, 0xec, 0xb1, 0xec, 0xb1, 0xf4, 0xd2, 0xf4, 0x91, 0xf4, 0xb2, 0xf4,
    0x12, 0xf5, 0x54, 0xfd, 0x95, 0xf5, 0x95, 0xf5, 0xd2, 0xe4, 0x91, 0xdc,
    0x12, 0xe5, 0x74, 0xe5, 0xb4, 0xe5, 0x36, 0xee, 0x97, 0xf6, 0x98, 0xf6,
    0xb9, 0xf6, 0xb8, 0xf6, 0xd9, 0xf6, 0xf9, 0xfe, 0xfa, 0xf6, 0xd9, 0xf6,
    0xb9, 0xf6, 0xb8, 0xf6, 0xb8, 0xf6, 0xd9, 0xf6, 0xfa, 0xf6, 0xda, 0xf6,
    0x1a, 0xf7, 0x1b, 0xff, 0x3b, 0xf7, 0x3b, 0xff, 0x3b, 0xff, 0x5c, 0xff,
    0x7c, 0xff, 0x7d, 0xff, 0xbd, 0xff, 0x9d, 0xff, 0x3c, 0xf7, 0x5c, 0xff,
    0x1a, 0xf7, 0x78, 0xee, 0x97, 0xee, 0x97, 0xee, 0x57, 0xe6, 0x77, 0xe6,
    0x97, 0xee, 0x78, 0xee, 0x98, 0xee, 0xd9, 0xee, 0xd9, 0xf6, 0xf9, 0xf6,
    0xfa, 0xf6, 0x3b, 0xff, 0x5b, 0xff, 0x5c, 0xf7, 0x9c, 0xff, 0x7d, 0xff,
    0x9d, 0xff, 0xbd, 0xff, 0xde, 0xff, 0xdf, 0xff, 0xde, 0xff, 0xde, 0xff,
    0xde, 0xff, 0xde, 0xff, 0xdf, 0xff, 0xff, 0xff, 0xff, 0xff, 0xdf, 0xff,
    0xff, 0xff, 0xde, 0xff, 0xdf, 0xff, 0xdf, 0xff, 0xdf, 0xff, 0xff, 0xff,
    0xde, 0xff, 0xdf, 0xff, 0xdf, 0xff, 0xdf, 0xff, 0xdf, 0xff, 0xff, 0xff,
    0xfe, 0xff, 0xdf, 0xff, 0xdf, 0xff, 0xdf, 0xff, 0xdf, 0xff, 0xdf, 0xff,
    0xdf, 0xff, 0xde, 0xff, 0xbe, 0xff, 0xbe, 0xff, 0xbe, 0xff, 0x9d, 0xff,
    0x7d, 0xff, 0x7d, 0xff, 0x7c, 0xf7, 0x7c, 0xf7, 0x5c, 0xf7, 0x3c, 0xf7,
    0xbe, 0xff, 0x3c, 0xf7, 0xfa, 0xf6, 0xfa, 0xf6, 0xfa, 0xf6, 0xd9, 0xee,
    0xb9, 0xee, 0x78, 0xe6, 0x36, 0xde, 0x16, 0xde, 0x17, 0xde, 0x57, 0xde,
    0xf6, 0xd5, 0xb5, 0xcd, 0x74, 0xc5, 0x2f, 0x9c, 0x95, 0xc5, 0xd1, 0xac,
    0xb0, 0xb4, 0xf2, 0xbc, 0x33, 0xc5, 0x53, 0xc5, 0x94, 0xcd, 0xb4, 0xd5,
    0xf5, 0xdd, 0x16, 0xde, 0x37, 0xe6, 0x77, 0xe6, 0x98, 0xee, 0x99, 0xee,
    0xd9, 0xf6, 0xf9, 0xee, 0xfa, 0xf6, 0xfa, 0xf6, 0x1a, 0xf7, 0x1a, 0xff,
    0x1b, 0xf7, 0x3b, 0xf7, 0x5b, 0xf7, 0x3b, 0xff, 0x3c, 0xf7, 0x3b, 0xf7,
    0x3b, 0xf7, 0x3b, 0xf7, 0x3c, 0xf7, 0x3b, 0xf7, 0x1b, 0xf7, 0x1c, 0xf7,
    0x3b, 0xf7, 0x3b, 0xf7, 0x3c, 0xf7, 0x3c, 0xf7, 0x3b, 0xf7, 0x3b, 0xf7,
    0x3b, 0xf7, 0xb9, 0xee, 0xfa, 0xee, 0x1b, 0xf7, 0x3b, 0xf7, 0x5c, 0xff,
    0x7c, 0xff, 0x7c, 0xff, 0x9d, 0xff, 0xbd, 0xff, 0x9d, 0xff, 0xbd, 0xff,
    0xde, 0xff, 0xbe, 0xff, 0xde, 0xff, 0xdd, 0xff, 0xdd, 0xff, 0xbe, 0xff,
    0xbd, 0xff, 0xbd, 0xff, 0xbd, 0xff, 0xbd, 0xff, 0xbd, 0xff, 0x9d, 0xff,
    0x9d, 0xff, 0x9c, 0xff, 0x9c, 0xff, 0x9d, 0xff, 0x9c, 0xff, 0x9c, 0xff,
    0x9c, 0xff, 0xbc, 0xff, 0xbd, 0xff, 0xbd, 0xff, 0xbd, 0xff, 0xbd, 0xff,
    0xbe, 0xff, 0xdd, 0xff, 0xdd, 0xff, 0xbe, 0xff, 0xbd, 0xff, 0x9d, 0xff,
    0x7c, 0xff, 0x5c, 0xff, 0x5b, 0xff, 0x5b, 0xff, 0x3a, 0xf7, 0x98, 0xe6,
    0x74, 0xc5, 0xef, 0x93, 0x0a, 0x73, 0xea, 0x72, 0xc9, 0x6a, 0xc9, 0x6a,
    0xe9, 0x72, 0x2a, 0x7b, 0x2a, 0x83, 0x4a, 0x83, 0x2a, 0x83, 0x0a, 0x83,
    0x0a, 0x7b, 0xe9, 0x7a, 0xa9, 0x72, 0x68, 0x6a, 0x68, 0x62, 0x06, 0x52,
    0xc6, 0x49, 0xa6, 0x41, 0xa6, 0x41, 0xa6, 0x41, 0xa6, 0x41, 0xa6, 0x41,
    0xc6, 0x41, 0xc6, 0x49, 0x48, 0x62, 0x68, 0x62, 0xc9, 0x6a, 0xa8, 0x6a,
    0xa8, 0x6a, 0xc9, 0x7a, 0x2a, 0x83, 0x6a, 0x93, 0x4a, 0x8b, 0xe9, 0x7a,
    0x4a, 0x93, 0x6a, 0x93, 0x2a, 0x83, 0x2a, 0x8b, 0x8a, 0x9b, 0x0d, 0xac,
    0x2d, 0xb4, 0x8f, 0xbc, 0x6d, 0xbc, 0xcf, 0xcc, 0x0c, 0xac, 0x8f, 0xbc,
    0xf0, 0xc4, 0x30, 0xcd, 0x72, 0xd5, 0x73, 0xd5, 0xd3, 0xdd, 0xb3, 0xd5,
    0xf4, 0xe5, 0x72, 0xd5, 0xd0, 0xc4, 0x92, 0xd5, 0x92, 0xd5, 0x10, 0xc5,
    0x14, 0xe6, 0x15, 0xe6, 0x6f, 0xbc, 0xf0, 0xc4, 0x31, 0xcd, 0x11, 0xcd,
    0xd3, 0xdd, 0x32, 0xcd, 0x53, 0xcd, 0x15, 0xe6, 0x93, 0xdd, 0x93, 0xd5,
    0x36, 0xe6, 0x97, 0xee, 0xd8, 0xee, 0xd9, 0xf6, 0x98, 0xee, 0xd9, 0xf6,
    0xd9, 0xf6, 0x97, 0xee, 0xb8, 0xee, 0xd9, 0xee, 0xf9, 0xf6, 0xd9, 0xee,
    0x57, 0xe6, 0x99, 0xee, 0xd9, 0xf6, 0xb9, 0xee, 0x78, 0xe6, 0x37, 0xe6,
    0x77, 0xe6, 0x57, 0xe6, 0x17, 0xde, 0x16, 0xde, 0x36, 0xde, 0x57, 0xe6,
    0x36, 0xde, 0xf6, 0xd5, 0xf6, 0xdd, 0x94, 0xcd, 0x74, 0xcd, 0x94, 0xcd,
    0x53, 0xcd, 0x70, 0xc4, 0x70, 0xc4, 0xd0, 0xcc, 0xb0, 0xcc, 0x4f, 0xcc,
    0xb1, 0xd4, 0xb1, 0xdc, 0xb0, 0xdc, 0x2f, 0xd4, 0x0f, 0xcc, 0x91, 0xdc,
    0xb1, 0xec, 0xb2, 0xec, 0xb1, 0xec, 0xd2, 0xf4, 0xd1, 0xec, 0xb1, 0xec,
    0x71, 0xec, 0xd2, 0xf4, 0x12, 0xf5, 0x34, 0xf5, 0x75, 0xf5, 0x13, 0xe5,
    0xf2, 0xe4, 0x52, 0xe5, 0xd5, 0xed, 0x56, 0xf6, 0xb8, 0xf6, 0x98, 0xf6,
    0xd9, 0xf6, 0xf9, 0xfe, 0xf9, 0xf6, 0xf9, 0xfe, 0xd9, 0xf6, 0xb9, 0xf6,
    0xd9, 0xf6, 0xd9, 0xf6, 0x98, 0xee, 0x99, 0xee, 0xda, 0xf6, 0x1a, 0xf7,
    0x1a, 0xf7, 0x1b, 0xf7, 0x1b, 0xf7, 0x3b, 0xff, 0x1b, 0xf7, 0x5c, 0xff,
    0x5b, 0xff, 0x5c, 0xff, 0x9c, 0xff, 0x9d, 0xff, 0x9d, 0xff, 0x7c, 0xff,
    0xfa, 0xee, 0xb9, 0xee, 0xb8, 0xee, 0x56, 0xe6, 0x16, 0xde, 0x36, 0xe6,
    0x77, 0xee, 0x98, 0xee, 0xd8, 0xee, 0xd9, 0xee, 0xf9, 0xf6, 0xfa, 0xf6,
    0xfa, 0xf6, 0x3a, 0xf7, 0x5c, 0xff, 0x5b, 0xf7, 0x5c, 0xff, 0x7c, 0xff,
    0x7d, 0xff, 0x9d, 0xff, 0xbe, 0xff, 0xbe, 0xff, 0xbe, 0xff, 0xbe, 0xff,
    0xbe, 0xff, 0xde, 0xff, 0xdf, 0xff, 0xfe, 0xff, 0xde, 0xff, 0xdf, 0xff,
    0xdf, 0xff, 0xde, 0xff, 0xde, 0xff, 0xdf, 0xff, 0xdf, 0xff, 0xff, 0xff,
    0xdf, 0xff, 0xdf, 0xff, 0xdf, 0xff, 0xfe, 0xff, 0xdf, 0xff, 0xdf, 0xff,
    0xde, 0xff, 0xff, 0xff, 0xdf, 0xff, 0xff, 0xff, 0xdf, 0xff, 0xdf, 0xff,
    0xdf, 0xff, 0xdf, 0xff, 0xdf, 0xff, 0xdf, 0xff, 0xbf, 0xff, 0xbe, 0xff,
    0xbe, 0xff, 0xbe, 0xff, 0x9d, 0xff, 0x7d, 0xff, 0x7d, 0xff, 0x7d, 0xff,
    0x7c, 0xf7, 0x5d, 0xf7, 0xbe, 0xff, 0x1b, 0xf7, 0x1b, 0xf7, 0xfb, 0xf6,
    0xfa, 0xee, 0xb9, 0xee, 0x98, 0xee, 0x78, 0xe6, 0x36, 0xde, 0xd6, 0xd5,
    0x94, 0xcd, 0x94, 0xcd, 0xd5, 0xcd, 0xf7, 0xd5, 0xd5, 0xcd, 0x12, 0xb5,
    0xb6, 0xc5, 0xd1, 0xb4, 0x32, 0xbd, 0x53, 0xc5, 0x93, 0xc5, 0xb4, 0xcd,
    0xd5, 0xd5, 0xd5, 0xdd, 0x16, 0xde, 0x57, 0xe6, 0x57, 0xe6, 0x97, 0xee,
    0x98, 0xee, 0xd9, 0xee, 0xf9, 0xee, 0xfa, 0xee, 0xfa, 0xf6, 0xfa, 0xf6,
    0x3b, 0xf7, 0x1b, 0xf7, 0x3a, 0xf7, 0x1b, 0xf7, 0x3b, 0xff, 0x1b, 0xf7,
    0x3b, 0xff, 0x3b, 0xff, 0x1b, 0xf7, 0x3b, 0xf7, 0x3b, 0xf7, 0x1b, 0xf7,
    0x3b, 0xf7, 0x3b, 0xf7, 0x1b, 0xef, 0x1c, 0xf7, 0x3b, 0xef, 0x1c, 0xf7,
    0x3b, 0xf7, 0x3c, 0xf7, 0xda, 0xee, 0x1a, 0xf7, 0x3b, 0xf7, 0x5b, 0xf7,
    0x7c, 0xff, 0x7c, 0xff, 0x9d, 0xff, 0x9d, 0xff, 0xbd, 0xff, 0xbd, 0xff,
    0xdd, 0xff, 0xde, 0xff, 0xde, 0xff, 0xde, 0xff, 0xde, 0xff, 0xde, 0xff,
    0xde, 0xff, 0xdd, 0xff, 0xbd, 0xff, 0xbe, 0xff, 0x9d, 0xff, 0xbd, 0xff,
    0x9d, 0xff, 0x9c, 0xff, 0x7c, 0xff, 0x9c, 0xff, 0x7c, 0xff, 0x7c, 0xff,
    0x9c, 0xff, 0x9d, 0xff, 0x9d, 0xff, 0xbc, 0xff, 0x9d, 0xff, 0x9d, 0xff,
    0xbd, 0xff, 0xbd, 0xff, 0xbe, 0xff, 0xbd, 0xff, 0xbd, 0xff, 0xbd, 0xff,
    0x9c, 0xff, 0x9d, 0xff, 0xbc, 0xff, 0x7d, 0xff, 0x7c, 0xff, 0xfa, 0xf6,
    0x37, 0xde, 0x53, 0xbd, 0x0f, 0x94, 0x2b, 0x7b, 0xea, 0x72, 0x0a, 0x7b,
    0xea, 0x72, 0xea, 0x72, 0x0a, 0x7b, 0x2a, 0x83, 0x4a, 0x8b, 0x4b, 0x93,
    0x6b, 0x8b, 0x2a, 0x83, 0xe9, 0x7a, 0xa8, 0x72, 0x88, 0x62, 0x88, 0x6a,
    0x27, 0x52, 0xa6, 0x49, 0xc6, 0x49, 0xc6, 0x41, 0xa6, 0x41, 0xc6, 0x49,
    0xa6, 0x41, 0xa6, 0x41, 0x85, 0x39, 0x86, 0x39, 0xa6, 0x41, 0x68, 0x6a,
    0xc9, 0x72, 0xa9, 0x6a, 0xca, 0x72, 0x0a, 0x7b, 0x8c, 0x93, 0xec, 0xa3,
    0x2d, 0xb4, 0x2d, 0xac, 0x6e, 0xbc, 0xaf, 0xbc, 0x50, 0xd5, 0x10, 0xcd,
    0x6f, 0xb4, 0x8e, 0xbc, 0xae, 0xc4, 0xcf, 0xc4, 0x11, 0xc5, 0xd3, 0xdd,
    0xd3, 0xdd, 0x10, 0xcd, 0x8f, 0xbc, 0xef, 0xc4, 0x10, 0xcd, 0xaf, 0xbc,
    0xaf, 0xc4, 0x8e, 0xbc, 0xcf, 0xc4, 0x31, 0xcd, 0xd3, 0xdd, 0x92, 0xdd,
    0x52, 0xcd, 0x11, 0xcd, 0xf0, 0xbc, 0x72, 0xd5, 0x14, 0xe6, 0xd4, 0xe5,
    0x14, 0xe6, 0x31, 0xcd, 0xf5, 0xdd, 0xb3, 0xdd, 0xb3, 0xdd, 0x57, 0xe6,
    0xb8, 0xee, 0xf9, 0xf6, 0xb9, 0xee, 0x98, 0xee, 0xd8, 0xee, 0xd9, 0xf6,
    0xb8, 0xee, 0x98, 0xee, 0xb9, 0xee, 0xf9, 0xf6, 0xd9, 0xee, 0x97, 0xe6,
    0x98, 0xee, 0xd9, 0xf6, 0xf9, 0xee, 0xb8, 0xe6, 0x77, 0xe6, 0x97, 0xee,
    0x98, 0xe6, 0x97, 0xe6, 0x77, 0xe6, 0x98, 0xe6, 0x77, 0xe6, 0x37, 0xe6,
    0x16, 0xe6, 0xd5, 0xd5, 0x37, 0xde, 0xd5, 0xd5, 0x53, 0xcd, 0x74, 0xd5,
    0xb5, 0xd5, 0x32, 0xc5, 0x4e, 0xb4, 0x4b, 0xab, 0x2b, 0xa3, 0x0a, 0xa3,
    0xa9, 0x9a, 0x4b, 0xab, 0xcd, 0xc3, 0x0b, 0xab, 0x07, 0x8a, 0x24, 0x61,
    0x24, 0x59, 0xaa, 0xaa, 0x70, 0xe4, 0xd2, 0xec, 0xb2, 0xec, 0xb2, 0xf4,
    0xb1, 0xec, 0x70, 0xec, 0x71, 0xec, 0xb1, 0xf4, 0xd2, 0xf4, 0xf3, 0xec,
    0x91, 0xe4, 0xd2, 0xe4, 0x32, 0xe5, 0xb4, 0xed, 0x77, 0xf6, 0xb7, 0xf6,
    0xb8, 0xf6, 0xb8, 0xf6, 0x98, 0xf6, 0x98, 0xf6, 0x98, 0xee, 0x78, 0xee,
    0x98, 0xf6, 0xb9, 0xf6, 0xd9, 0xf6, 0xb9, 0xf6, 0xd9, 0xee, 0xd9, 0xf6,
    0xda, 0xf6, 0xda, 0xf6, 0xfa, 0xf6, 0x1a, 0xf7, 0xfa, 0xf6, 0x1b, 0xf7,
    0x3b, 0xf7, 0x5c, 0xff, 0x7c, 0xff, 0x9d, 0xff, 0x9c, 0xff, 0x3b, 0xf7,
    0xfa, 0xf6, 0xd8, 0xee, 0xb8, 0xee, 0x57, 0xe6, 0x97, 0xe6, 0x97, 0xee,
    0x57, 0xe6, 0x98, 0xee, 0x97, 0xee, 0x98, 0xe6, 0x98, 0xee, 0xd9, 0xee,
    0xf9, 0xf6, 0x1a, 0xf7, 0x3b, 0xf7, 0x5b, 0xf7, 0x3b, 0xff, 0x3b, 0xf7,
    0x7c, 0xff, 0x7d, 0xff, 0xbd, 0xff, 0x9d, 0xff, 0x9d, 0xff, 0xbd, 0xff,
    0xbe, 0xff, 0xbe, 0xff, 0xde, 0xff, 0xde, 0xff, 0xbf, 0xff, 0xde, 0xff,
    0xdf, 0xff, 0xdf, 0xff, 0xde, 0xff, 0xdf, 0xff, 0xdf, 0xff, 0xdf, 0xff,
    0xfe, 0xff, 0xde, 0xff, 0xde, 0xff, 0xdf, 0xff, 0xde, 0xff, 0xdf, 0xff,
    0xdf, 0xff, 0xdf, 0xff, 0xdf, 0xff, 0xde, 0xff, 0xdf, 0xff, 0xff, 0xff,
    0xde, 0xff, 0xdf, 0xff, 0xff, 0xff, 0xde, 0xff, 0xdf, 0xff, 0xdf, 0xff,
    0xde, 0xff, 0xbf, 0xff, 0xde, 0xff, 0xbe, 0xff, 0xbe, 0xff, 0x9d, 0xff,
    0x9d, 0xff, 0x7d, 0xff, 0x7d, 0xff, 0x9e, 0xff, 0x7d, 0xff, 0x3b, 0xf7,
    0x1b, 0xf7, 0x1a, 0xf7, 0xfa, 0xee, 0xd9, 0xee, 0x98, 0xee, 0x58, 0xe6,
    0x36, 0xde, 0xf6, 0xd5, 0x94, 0xcd, 0x33, 0xc5, 0x13, 0xbd, 0x33, 0xc5,
    0x54, 0xc5, 0x9a, 0xde, 0x34, 0xb5, 0xf2, 0xbc, 0x53, 0xc5, 0x73, 0xcd,
    0x74, 0xcd, 0xb5, 0xd5, 0xd5, 0xdd, 0x16, 0xde, 0x57, 0xe6, 0x57, 0xe6,
    0x77, 0xee, 0xb9, 0xee, 0xb9, 0xee, 0xd9, 0xf6, 0xda, 0xf6, 0x1a, 0xef,
    0x1a, 0xf7, 0x1a, 0xf7, 0x3b, 0xf7, 0x3a, 0xf7, 0x3b, 0xf7, 0x1b, 0xf7,
    0x3b, 0xf7, 0x3c, 0xf7, 0x1b, 0xf7, 0x3b, 0xf7, 0x3b, 0xef, 0x3b, 0xf7,
    0x3b, 0xf7, 0x1b, 0xf7, 0x1b, 0xf7, 0x3b, 0xf7, 0x3b, 0xf7, 0x1b, 0xf7,
    0x3b, 0xef, 0x3b, 0xf7, 0x1c, 0xf7, 0xfa, 0xee, 0x1a, 0xf7, 0x5b, 0xf7,
    0x3c, 0xff, 0x7c, 0xff, 0x9d, 0xff, 0x9c, 0xff, 0xbd, 0xff, 0xbe, 0xff,
    0xbe, 0xff, 0xde, 0xff, 0xbe, 0xff, 0xbe, 0xff, 0xdd, 0xff, 0xde, 0xff,
    0xbe, 0xff, 0xde, 0xff, 0xde, 0xff, 0xde, 0xff, 0xde, 0xff, 0xdd, 0xff,
    0x9d, 0xff, 0xbd, 0xff, 0x9d, 0xff, 0x9d, 0xff, 0x9c, 0xff, 0x7d, 0xff,
    0x7c, 0xff, 0x7c, 0xff, 0x7d, 0xff, 0x9d, 0xff, 0x9d, 0xff, 0xbd, 0xff,
    0xbd, 0xff, 0xbd, 0xff, 0xbe, 0xff, 0xbd, 0xff, 0xbe, 0xff, 0xdd, 0xff,
    0xbe, 0xff, 0xde, 0xff, 0xbd, 0xff, 0x9d, 0xff, 0x9c, 0xff, 0x3b, 0xff,
    0xd9, 0xee, 0x58, 0xde, 0xd6, 0xcd, 0x53, 0xbd, 0x4f, 0xa4, 0x6c, 0x83,
    0xea, 0x72, 0xea, 0x7a, 0x2a, 0x7b, 0x2a, 0x83, 0x2a, 0x8b, 0x6b, 0x8b,
    0x4a, 0x8b, 0x0a, 0x83, 0x0a, 0x83, 0xe9, 0x82, 0xe9, 0x7a, 0x88, 0x6a,
    0x28, 0x52, 0x48, 0x62, 0xe6, 0x49, 0xa6, 0x41, 0xa6, 0x49, 0xa5, 0x41,
    0xa6, 0x41, 0x86, 0x39, 0x85, 0x39, 0xa6, 0x41, 0xa6, 0x49, 0xa6, 0x41,
    0xc6, 0x41, 0x88, 0x62, 0xa9, 0x72, 0xea, 0x7a, 0x4a, 0x83, 0x6b, 0x8b,
    0x4a, 0x8b, 0x6a, 0x8b, 0x2d, 0xac, 0x0d, 0xac, 0xcc, 0xa3, 0x6a, 0x93,
    0x4a, 0x93, 0x6b, 0x93, 0x8a, 0x93, 0x8b, 0xa3, 0xcb, 0xa3, 0x2d, 0xb4,
    0x8e, 0xbc, 0x0c, 0xac, 0x8e, 0xbc, 0x72, 0xd5, 0x73, 0xd5, 0x73, 0xd5,
    0xb2, 0xdd, 0x51, 0xcd, 0x72, 0xd5, 0x30, 0xd5, 0x93, 0xdd, 0x72, 0xd5,
    0x52, 0xd5, 0xd4, 0xdd, 0x35, 0xee, 0xf4, 0xe5, 0xb3, 0xdd, 0xb3, 0xdd,
    0xf4, 0xe5, 0x36, 0xe6, 0x56, 0xee, 0x35, 0xe6, 0x56, 0xe6, 0xb8, 0xf6,
    0xf9, 0xf6, 0x76, 0xee, 0x16, 0xde, 0xb8, 0xee, 0xf9, 0xf6, 0xb8, 0xee,
    0x98, 0xee, 0xd9, 0xee, 0xf9, 0xf6, 0xf9, 0xf6, 0xb8, 0xee, 0xb8, 0xee,
    0xf9, 0xee, 0xd9, 0xee, 0x78, 0xe6, 0x56, 0xe6, 0x77, 0xe6, 0x78, 0xee,
    0x77, 0xe6, 0x97, 0xe6, 0xb8, 0xee, 0x78, 0xe6, 0x57, 0xe6, 0x78, 0xe6,
    0x57, 0xde, 0x16, 0xde, 0x36, 0xde, 0x16, 0xde, 0xd5, 0xd5, 0xf6, 0xdd,
    0x16, 0xde, 0xb5, 0xcd, 0x53, 0xcd, 0x33, 0xcd, 0x4f, 0xbc, 0x0a, 0xa3,
    0xca, 0x9a, 0xca, 0x92, 0xc9, 0x9a, 0xea, 0xa2, 0xea, 0x9a, 0xaa, 0xa2,
    0x07, 0x82, 0x45, 0x71, 0x07, 0x92, 0xcd, 0xd3, 0xb1, 0xec, 0xb1, 0xec,
    0xb1, 0xec, 0xd2, 0xf4, 0x91, 0xec, 0x10, 0xe4, 0x71, 0xec, 0x91, 0xec,
    0x91, 0xe4, 0x71, 0xe4, 0x70, 0xdc, 0xf2, 0xe4, 0x16, 0xee, 0xb7, 0xf6,
    0x77, 0xf6, 0x58, 0xf6, 0x97, 0xf6, 0x98, 0xee, 0x98, 0xf6, 0x37, 0xee,
    0x37, 0xee, 0x78, 0xee, 0xb8, 0xee, 0xb9, 0xf6, 0xb9, 0xf6, 0xd9, 0xf6,
    0xd9, 0xf6, 0xd9, 0xf6, 0xfa, 0xee, 0xfa, 0xf6, 0xfa, 0xf6, 0x1b, 0xff,
    0x3b, 0xf7, 0x3b, 0xff, 0x5c, 0xff, 0x7c, 0xff, 0x7c, 0xff, 0x5c, 0xf7,
    0x1a, 0xf7, 0x98, 0xee, 0x57, 0xe6, 0x37, 0xe6, 0x57, 0xee, 0x36, 0xe6,
    0x77, 0xe6, 0xb8, 0xee, 0x77, 0xee, 0x99, 0xee, 0xb8, 0xee, 0xd9, 0xf6,
    0xd9, 0xf6, 0xd9, 0xee, 0x1a, 0xf7, 0x1a, 0xf7, 0x3b, 0xf7, 0x5b, 0xff,
    0x7c, 0xff, 0x9d, 0xff, 0x9d, 0xff, 0x9d, 0xff, 0x9d, 0xff, 0x9d, 0xff,
    0x9e, 0xff, 0x9e, 0xff, 0xbe, 0xff, 0xbe, 0xff, 0xdf, 0xff, 0xde, 0xff,
    0xbe, 0xff, 0xde, 0xff, 0xde, 0xff, 0xde, 0xff, 0xdf, 0xff, 0xde, 0xff,
    0xde, 0xff, 0xbe, 0xff, 0xdf, 0xff, 0xde, 0xff, 0xde, 0xff, 0xdf, 0xff,
    0xde, 0xff, 0xdf, 0xff, 0xdf, 0xff, 0xde, 0xff, 0xdf, 0xff, 0xdf, 0xff,
    0xdf, 0xff, 0xdf, 0xff, 0xdf, 0xff, 0xdf, 0xff, 0xfe, 0xff, 0xdf, 0xff,
    0xdf, 0xff, 0xdf, 0xff, 0xdf, 0xff, 0xde, 0xff, 0xbf, 0xff, 0xbf, 0xff,
    0xbe, 0xff, 0x9e, 0xff, 0x9e, 0xff, 0x9d, 0xff, 0x7c, 0xf7, 0xde, 0xff,
    0x5c, 0xf7, 0x3b, 0xff, 0x1b, 0xf7, 0x1b, 0xf7, 0xf9, 0xee, 0xb9, 0xee,
    0x98, 0xe6, 0x58, 0xde, 0x36, 0xde, 0xb5, 0xd5, 0x94, 0xcd, 0x53, 0xc5,
    0xf2, 0xbc, 0xb0, 0xac, 0xf3, 0xbc, 0x58, 0xd6, 0xb1, 0xac, 0x12, 0xc5,
    0x53, 0xc5, 0x94, 0xcd, 0xb4, 0xd5, 0xd5, 0xdd, 0x16, 0xde, 0x36, 0xe6,
    0x57, 0xe6, 0x98, 0xe6, 0xb8, 0xee, 0x99, 0xee, 0xd9, 0xee, 0xf9, 0xee,
    0xfa, 0xee, 0x1a, 0xf7, 0x1a, 0xf7, 0x1b, 0xf7, 0x1b, 0xf7, 0x1a, 0xf7,
    0x1b, 0xf7, 0x1b, 0xf7, 0x3b, 0xf7, 0x1b, 0xf7, 0x1b, 0xf7, 0x1b, 0xf7,
    0x1b, 0xf7, 0x1c, 0xf7, 0x3b, 0xef, 0x3b, 0xef, 0x3b, 0xef, 0x3b, 0xf7,
    0x1c, 0xef, 0x3b, 0xef, 0x3b, 0xf7, 0x1b, 0xf7, 0xfa, 0xf6, 0x3b, 0xf7,
    0x3b, 0xff, 0x5c, 0xff, 0x9c, 0xff, 0x7d, 0xff, 0x9d, 0xff, 0xbd, 0xff,
    0xbd, 0xff, 0xbd, 0xff, 0xdd, 0xff, 0xbe, 0xff, 0xbe, 0xff, 0xde, 0xff,
    0xde, 0xff, 0xde, 0xff, 0xde, 0xff, 0xde, 0xff, 0xbe, 0xff, 0xbe, 0xff,
    0xde, 0xff, 0xbd, 0xff, 0xbd, 0xff, 0xbc, 0xff, 0x9d, 0xff, 0x9d, 0xff,
    0x9c, 0xff, 0x9c, 0xff, 0x9c, 0xff, 0x9c, 0xff, 0x7d, 0xff, 0x9c, 0xff,
    0x9d, 0xff, 0xbd, 0xff, 0xbd, 0xff, 0xbd, 0xff, 0xbd, 0xff, 0xde, 0xff,
    0xde, 0xff, 0xde, 0xff, 0xde, 0xff, 0xbe, 0xff, 0xbd, 0xff, 0x7c, 0xff,
    0x5c, 0xff, 0x3b, 0xf7, 0xf9, 0xf6, 0xb9, 0xee, 0x36, 0xde, 0x33, 0xbd,
    0xee, 0x93, 0x0b, 0x7b, 0xc9, 0x72, 0xe9, 0x72, 0x2a, 0x83, 0x4b, 0x83,
    0x4b, 0x8b, 0x4b, 0x8b, 0x6a, 0x8b, 0x4a, 0x8b, 0x0a, 0x83, 0x88, 0x6a,
    0x68, 0x5a, 0x07, 0x52, 0xa6, 0x41, 0x48, 0x5a, 0xe6, 0x49, 0x86, 0x41,
    0x86, 0x41, 0x86, 0x39, 0xa5, 0x41, 0xa6, 0x49, 0xa6, 0x41, 0xa6, 0x41,
    0xc6, 0x41, 0x68, 0x5a, 0xa9, 0x6a, 0x88, 0x62, 0x68, 0x62, 0xe9, 0x72,
    0xea, 0x72, 0x0a, 0x7b, 0xcc, 0x9b, 0x2a, 0x83, 0x4b, 0x8b, 0x8b, 0x93,
    0xec, 0xa3, 0x0c, 0xac, 0x2d, 0xac, 0x4e, 0xb4, 0xf1, 0xc4, 0x10, 0xcd,
    0xaf, 0xc4, 0xae, 0xc4, 0xcf, 0xcc, 0xef, 0xcc, 0x6d, 0xbc, 0x4d, 0xbc,
    0x8e, 0xc4, 0x6e, 0xbc, 0x51, 0xcd, 0x31, 0xcd, 0x92, 0xdd, 0xb3, 0xdd,
    0x51, 0xcd, 0x51, 0xd5, 0x10, 0xcd, 0xaf, 0xbc, 0xf0, 0xcc, 0x51, 0xcd,
    0xb3, 0xdd, 0x35, 0xe6, 0xf4, 0xdd, 0x52, 0xcd, 0xd4, 0xdd, 0x56, 0xe6,
    0x16, 0xe6, 0xf5, 0xdd, 0x37, 0xe6, 0xf9, 0xf6, 0xf8, 0xee, 0x77, 0xe6,
    0x98, 0xee, 0xd9, 0xf6, 0x98, 0xee, 0x98, 0xe6, 0x98, 0xe6, 0xb8, 0xee,
    0xb8, 0xee, 0x57, 0xe6, 0x56, 0xe6, 0x57, 0xe6, 0x78, 0xee, 0x77, 0xe6,
    0x98, 0xe6, 0xb8, 0xee, 0x98, 0xe6, 0x57, 0xe6, 0x77, 0xe6, 0x77, 0xe6,
    0x36, 0xe6, 0x37, 0xde, 0x57, 0xde, 0x36, 0xde, 0x16, 0xde, 0x16, 0xde,
    0x16, 0xde, 0x16, 0xde, 0xf5, 0xdd, 0xb5, 0xd5, 0xd4, 0xdd, 0x12, 0xcd,
    0xb0, 0xc4, 0x4f, 0xc4, 0xad, 0xb3, 0x4c, 0xa3, 0x2b, 0xa3, 0x6b, 0xab,
    0x8d, 0xb3, 0x8d, 0xb3, 0x0b, 0xb3, 0x8a, 0xaa, 0x6c, 0xc3, 0x50, 0xdc,
    0xb2, 0xec, 0xb1, 0xec, 0x91, 0xec, 0xb2, 0xec, 0x10, 0xe4, 0xef, 0xdb,
    0x71, 0xe4, 0x71, 0xe4, 0x50, 0xdc, 0xf2, 0xe4, 0x74, 0xe5, 0x16, 0xee,
    0x57, 0xee, 0x36, 0xee, 0xf6, 0xed, 0x16, 0xe6, 0x37, 0xee, 0x57, 0xee,
    0x37, 0xee, 0x37, 0xee, 0x77, 0xee, 0x98, 0xee, 0x99, 0xee, 0x99, 0xee,
    0xb8, 0xee, 0xd9, 0xf6, 0xda, 0xf6, 0xd9, 0xf6, 0xda, 0xf6, 0x1a, 0xf7,
    0x1b, 0xf7, 0x3b, 0xff, 0x3c, 0xf7, 0x7c, 0xff, 0x1b, 0xf7, 0x1b, 0xf7,
    0x5b, 0xff, 0xda, 0xee, 0x77, 0xee, 0x36, 0xe6, 0x37, 0xe6, 0x57, 0xe6,
    0x77, 0xee, 0x78, 0xee, 0x98, 0xe6, 0xd9, 0xee, 0x19, 0xf7, 0xd9, 0xee,
    0xf9, 0xf6, 0xf9, 0xf6, 0xf9, 0xf6, 0x1b, 0xf7, 0x3b, 0xff, 0x5c, 0xff,
    0x7c, 0xff, 0x9d, 0xff, 0x9d, 0xff, 0x9d, 0xff, 0x9d, 0xff, 0xbe, 0xff,
    0xbd, 0xff, 0xbe, 0xff, 0xbe, 0xff, 0xbe, 0xff, 0xde, 0xff, 0xbf, 0xff,
    0xde, 0xff, 0xde, 0xff, 0xdf, 0xff, 0xdf, 0xff, 0xde, 0xff, 0xde, 0xff,
    0xbf, 0xff, 0xbe, 0xff, 0xde, 0xff, 0xbe, 0xff, 0xbe, 0xff, 0xde, 0xff,
    0xdf, 0xff, 0xde, 0xff, 0xde, 0xff, 0xdf, 0xff, 0xde, 0xff, 0xde, 0xff,
    0xde, 0xff, 0xde, 0xff, 0xde, 0xff, 0xde, 0xff, 0xdf, 0xff, 0xdf, 0xff,
    0xdf, 0xff, 0xdf, 0xff, 0xdf, 0xff, 0xde, 0xff, 0xdf, 0xff, 0xde, 0xff,
    0xbe, 0xff, 0xbf, 0xff, 0xbe, 0xff, 0xbd, 0xff, 0x9d, 0xff, 0x9d, 0xff,
    0x9e, 0xff, 0xbe, 0xff, 0x3c, 0xf7, 0x3b, 0xf7, 0x1b, 0xff, 0x1a, 0xf7,
    0xfa, 0xee, 0xb9, 0xee, 0x78, 0xee, 0x37, 0xe6, 0xf6, 0xd5, 0xb5, 0xcd,
    0x94, 0xc5, 0x53, 0xc5, 0x12, 0xbd, 0x91, 0xac, 0xf6, 0xd5, 0x74, 0xbd,
    0xd1, 0xb4, 0x53, 0xc5, 0x93, 0xcd, 0xb4, 0xd5, 0xf5, 0xd5, 0x16, 0xde,
    0x36, 0xde, 0x77, 0xe6, 0x98, 0xe6, 0x98, 0xee, 0xb9, 0xee, 0xb9, 0xee,
    0xfa, 0xee, 0xfa, 0xee, 0xfa, 0xf6, 0x1a, 0xef, 0x1b, 0xf7, 0x1b, 0xf7,
    0x1b, 0xf7, 0x1b, 0xf7, 0x1b, 0xf7, 0x1b, 0xf7, 0x1b, 0xf7, 0x1b, 0xf7,
    0x1b, 0xf7, 0x1b, 0xf7, 0x1b, 0xf7, 0x1b, 0xef, 0x1b, 0xf7, 0x1b, 0xf7,
    0x1c, 0xef, 0x1c, 0xf7, 0x1b, 0xf7, 0x1b, 0xef, 0x1b, 0xef, 0x1b, 0xf7,
    0x3b, 0xff, 0x3b, 0xff, 0x7c, 0xff, 0x7c, 0xff, 0x9d, 0xff, 0x9d, 0xff,
    0xbd, 0xff, 0xbd, 0xff, 0xbe, 0xff, 0xde, 0xff, 0xde, 0xff, 0xde, 0xff,
    0xde, 0xff, 0xbe, 0xff, 0xde, 0xff, 0xde, 0xff, 0xde, 0xff, 0xde, 0xff,
    0xbe, 0xff, 0xde, 0xff, 0xde, 0xff, 0xbd, 0xff, 0xbd, 0xff, 0xbd, 0xff,
    0x9d, 0xff, 0x9c, 0xff, 0x9d, 0xff, 0x7d, 0xff, 0x7c, 0xff, 0x9c, 0xff,
    0x9c, 0xff, 0x9d, 0xff, 0x9d, 0xff, 0xbd, 0xff, 0xbd, 0xff, 0xde, 0xff,
    0xde, 0xff, 0xde, 0xff, 0xbe, 0xff, 0xde, 0xff, 0xbe, 0xff, 0xbd, 0xff,
    0xbd, 0xff, 0x9c, 0xff, 0x7c, 0xff, 0x5b, 0xff, 0xd9, 0xee, 0x37, 0xe6,
    0x53, 0xc5, 0x0f, 0x94, 0x4b, 0x7b, 0xca, 0x6a, 0xc9, 0x72, 0x0a, 0x7b,
    0x4a, 0x83, 0x6b, 0x8b, 0x6b, 0x93, 0x4b, 0x8b, 0x2a, 0x83, 0xe9, 0x7a,
    0xea, 0x7a, 0xe9, 0x72, 0xa9, 0x72, 0x48, 0x5a, 0xc6, 0x41, 0x47, 0x5a,
    0xe7, 0x49, 0x85, 0x39, 0x85, 0x39, 0xa6, 0x41, 0xa6, 0x41, 0xc6, 0x41,
    0xa6, 0x41, 0x27, 0x52, 0x27, 0x5a, 0x48, 0x5a, 0xa9, 0x62, 0xa9, 0x72,
    0xa9, 0x6a, 0xa9, 0x6a, 0xe9, 0x72, 0x4b, 0x8b, 0xac, 0x9b, 0x8b, 0x93,
    0xec, 0xa3, 0x2e, 0xac, 0x8e, 0xbc, 0x8e, 0xc4, 0x8f, 0xbc, 0x6d, 0xb4,
    0x2d, 0xb4, 0xae, 0xbc, 0xef, 0xc4, 0x4d, 0xbc, 0x8e, 0xbc, 0xcf, 0xbc,
    0x71, 0xd5, 0x72, 0xd5, 0x92, 0xdd, 0x8e, 0xbc, 0x8e, 0xbc, 0x8e, 0xbc,
    0xef, 0xc4, 0x31, 0xcd, 0x51, 0xd5, 0x10, 0xcd, 0xef, 0xc4, 0x10, 0xcd,
    0x72, 0xd5, 0x16, 0xe6, 0x31, 0xcd, 0x52, 0xcd, 0xf5, 0xe5, 0x36, 0xe6,
    0x36, 0xe6, 0x77, 0xee, 0xd9, 0xf6, 0xd8, 0xf6, 0x77, 0xee, 0x97, 0xee,
    0x57, 0xe6, 0x77, 0xee, 0xb8, 0xee, 0xb8, 0xee, 0xd9, 0xee, 0xd8, 0xf6,
    0x98, 0xee, 0x78, 0xe6, 0x97, 0xee, 0x97, 0xee, 0xb9, 0xee, 0xb8, 0xee,
    0xd9, 0xee, 0x97, 0xee, 0x57, 0xe6, 0x56, 0xe6, 0x78, 0xe6, 0x57, 0xe6,
    0x16, 0xde, 0x57, 0xe6, 0x57, 0xe6, 0x16, 0xde, 0x56, 0xe6, 0x36, 0xde,
    0x37, 0xde, 0x36, 0xde, 0xf6, 0xdd, 0x15, 0xde, 0x56, 0xe6, 0xd5, 0xdd,
    0xb4, 0xd5, 0x73, 0xd5, 0xf1, 0xcc, 0xb0, 0xc4, 0x4f, 0xbc, 0xee, 0xb3,
    0x0d, 0xbc, 0xed, 0xb3, 0x0e, 0xbc, 0xee, 0xbb, 0x6c, 0xbb, 0x4c, 0xbb,
    0xef, 0xd3, 0x70, 0xe4, 0x91, 0xe4, 0x91, 0xe4, 0x91, 0xe4, 0x71, 0xe4,
    0xaf, 0xd3, 0x50, 0xdc, 0x50, 0xdc, 0x91, 0xdc, 0x74, 0xe5, 0xd5, 0xe5,
    0xb5, 0xed, 0xb5, 0xe5, 0x95, 0xdd, 0xd5, 0xe5, 0xf6, 0xe5, 0x17, 0xee,
    0x57, 0xee, 0x57, 0xee, 0x37, 0xee, 0x78, 0xee, 0x98, 0xf6, 0xb9, 0xee,
    0x99, 0xee, 0x99, 0xee, 0xb9, 0xee, 0xda, 0xee, 0xda, 0xf6, 0x1a, 0xf7,
    0xfa, 0xf6, 0x1a, 0xf7, 0x3a, 0xff, 0x3b, 0xf7, 0x1b, 0xff, 0x5c, 0xff,
    0xda, 0xee, 0x37, 0xe6, 0x77, 0xee, 0xda, 0xee, 0x77, 0xe6, 0x57, 0xe6,
    0x77, 0xe6, 0x97, 0xee, 0x98, 0xee, 0xd9, 0xee, 0x97, 0xee, 0x57, 0xe6,
    0xb9, 0xee, 0xd9, 0xf6, 0xf9, 0xee, 0x1a, 0xf7, 0x1a, 0xf7, 0x3b, 0xf7,
    0x5c, 0xff, 0x5c, 0xff, 0x7d, 0xff, 0x9d, 0xff, 0x7d, 0xff, 0xbd, 0xff,
    0xbe, 0xff, 0xde, 0xff, 0xbe, 0xff, 0xbd, 0xff, 0xbe, 0xff, 0xbe, 0xff,
    0xbe, 0xff, 0xbe, 0xff, 0xdf, 0xff, 0xde, 0xff, 0xde, 0xff, 0xbf, 0xff,
    0xdf, 0xff, 0xde, 0xff, 0xdf, 0xff, 0xde, 0xff, 0xdf, 0xff, 0xdf, 0xff,
    0xbe, 0xff, 0xde, 0xff, 0xdf, 0xff, 0xde, 0xff, 0xdf, 0xff, 0xdf, 0xff,
    0xde, 0xff, 0xdf, 0xff, 0xdf, 0xff, 0xde, 0xff, 0xdf, 0xff, 0xbe, 0xff,
    0xdf, 0xff, 0xde, 0xff, 0xde, 0xff, 0xdf, 0xff, 0xbf, 0xff, 0xde, 0xff,
    0xde, 0xff, 0xdf, 0xff, 0xde, 0xff, 0xbe, 0xff, 0xbe, 0xff, 0x9e, 0xff,
    0xbd, 0xff, 0x7d, 0xff, 0xbe, 0xff, 0x7c, 0xf7, 0x5c, 0xff, 0x5c, 0xf7,
    0x1b, 0xf7, 0xfa, 0xf6, 0xfa, 0xee, 0xb9, 0xe6, 0x78, 0xe6, 0x57, 0xde,
    0xd5, 0xd5, 0x94, 0xcd, 0x54, 0xc5, 0x33, 0xbd, 0x11, 0xb5, 0xf2, 0xb4,
    0x58, 0xde, 0xf2, 0xb4, 0x33, 0xc5, 0x73, 0xcd, 0xb4, 0xd5, 0xd5, 0xd5,
    0x15, 0xde, 0x37, 0xde, 0x57, 0xe6, 0x77, 0xee, 0x99, 0xe6, 0xb9, 0xee,
    0xd9, 0xee, 0xda, 0xee, 0xfa, 0xee, 0xfa, 0xee, 0xfa, 0xee, 0x1a, 0xef,
    0x1b, 0xf7, 0x1b, 0xef, 0x1a, 0xef, 0x1b, 0xf7, 0x1b, 0xef, 0x1b, 0xf7,
    0x1b, 0xf7, 0x1b, 0xef, 0x1b, 0xef, 0x1b, 0xef, 0x1b, 0xf7, 0x1b, 0xef,
    0x1b, 0xef, 0x1b, 0xf7, 0x1b, 0xef, 0x1b, 0xef, 0x1b, 0xf7, 0x1b, 0xf7,
    0xfa, 0xf6, 0x3b, 0xf7, 0x3b, 0xf7, 0x5b, 0xff, 0x7c, 0xff, 0x7c, 0xff,
    0x9c, 0xff, 0x9c, 0xff, 0x9d, 0xff, 0xbd, 0xff, 0xbd, 0xff, 0xbd, 0xff,
    0xbe, 0xff, 0xde, 0xff, 0xbe, 0xff, 0xdd, 0xff, 0xbe, 0xff, 0xde, 0xff,
    0xdd, 0xff, 0xdd, 0xff, 0xde, 0xff, 0xbe, 0xff, 0xbd, 0xff, 0xbd, 0xff,
    0xbd, 0xff, 0x9d, 0xff, 0x9d, 0xff, 0x9d, 0xff, 0x7c, 0xff, 0x9c, 0xff,
    0x9c, 0xff, 0x9c, 0xff, 0x9d, 0xff, 0x9d, 0xff, 0x9d, 0xff, 0xbd, 0xff,
    0xbd, 0xff, 0xbd, 0xff, 0xdd, 0xff, 0xde, 0xff, 0xdd, 0xff, 0xbd, 0xff,
    0xbd, 0xff, 0xbe, 0xff, 0xbd, 0xff, 0x5c, 0xff, 0x1a, 0xff, 0xb9, 0xee,
    0xf7, 0xd5, 0x33, 0xbd, 0x50, 0x9c, 0x6d, 0x8b, 0x0a, 0x7b, 0xea, 0x72,
    0x2b, 0x83, 0x2a, 0x8b, 0x2a, 0x8b, 0x2a, 0x83, 0x0a, 0x83, 0x09, 0x7b,
    0x09, 0x83, 0xc9, 0x72, 0x68, 0x62, 0x48, 0x5a, 0xa9, 0x6a, 0x68, 0x62,
    0xa6, 0x41, 0x47, 0x5a, 0x27, 0x52, 0xa6, 0x41, 0x85, 0x39, 0xc6, 0x41,
    0xa6, 0x41, 0xe6, 0x49, 0xa6, 0x41, 0xe7, 0x49, 0x07, 0x52, 0x48, 0x5a,
    0x88, 0x62, 0xea, 0x72, 0x6b, 0x8b, 0x6b, 0x8b, 0x6b, 0x8b, 0xed, 0x9b,
    0x4e, 0xac, 0xaf, 0xb4, 0x4e, 0xac, 0x0d, 0xac, 0xcb, 0xa3, 0xec, 0xa3,
    0xcf, 0xc4, 0xcf, 0xc4, 0x0c, 0xb4, 0x0c, 0xb4, 0x8e, 0xbc, 0xce, 0xc4,
    0x4d, 0xbc, 0x4d, 0xbc, 0xec, 0xab, 0x2d, 0xb4, 0xaf, 0xc4, 0x71, 0xd5,
    0x93, 0xd5, 0xd0, 0xc4, 0xaf, 0xc4, 0xaf, 0xc4, 0x52, 0xcd, 0x92, 0xdd,
    0x71, 0xdd, 0x14, 0xe6, 0x52, 0xd5, 0xf4, 0xe5, 0x76, 0xee, 0x57, 0xee,
    0x77, 0xee, 0x56, 0xee, 0x97, 0xee, 0xb8, 0xee, 0x77, 0xe6, 0x57, 0xe6,
    0x77, 0xee, 0xd8, 0xf6, 0xf9, 0xee, 0xb8, 0xee, 0xd8, 0xee, 0x78, 0xee,
    0x77, 0xe6, 0x97, 0xe6, 0xb8, 0xee, 0xb8, 0xee, 0xb8, 0xee, 0xb8, 0xee,
    0xb8, 0xee, 0x57, 0xe6, 0x57, 0xde, 0x78, 0xe6, 0x97, 0xe6, 0x78, 0xe6,
    0x57, 0xe6, 0x77, 0xe6, 0x57, 0xe6, 0x37, 0xde, 0x57, 0xe6, 0x77, 0xe6,
    0x57, 0xe6, 0x37, 0xe6, 0x57, 0xe6, 0x56, 0xe6, 0x36, 0xe6, 0xf5, 0xd5,
    0xd5, 0xdd, 0x94, 0xdd, 0xb4, 0xd5, 0x15, 0xe6, 0x93, 0xdd, 0x53, 0xd5,
    0x11, 0xd5, 0xb1, 0xcc, 0x4f, 0xc4, 0x6f, 0xc4, 0x6f, 0xc4, 0x4f, 0xc4,
    0x0e, 0xc4, 0xce, 0xcb, 0x0f, 0xd4, 0x71, 0xdc, 0x71, 0xe4, 0x91, 0xe4,
    0x91, 0xdc, 0xcf, 0xcb, 0xaf, 0xd3, 0x50, 0xdc, 0xb1, 0xdc, 0x74, 0xe5,
    0x74, 0xe5, 0x95, 0xe5, 0xb5, 0xe5, 0xf5, 0xe5, 0x16, 0xe6, 0xf6, 0xed,
    0x37, 0xee, 0x57, 0xee, 0x78, 0xee, 0x77, 0xee, 0x78, 0xee, 0x78, 0xee,
    0x98, 0xf6, 0x98, 0xf6, 0xb9, 0xee, 0xd9, 0xf6, 0xd9, 0xf6, 0xfa, 0xf6,
    0xfa, 0xf6, 0xfa, 0xf6, 0xfa, 0xf6, 0x1a, 0xf7, 0x3b, 0xff, 0x1a, 0xf7,
    0xfa, 0xf6, 0x5b, 0xff, 0xb9, 0xee, 0x57, 0xe6, 0x36, 0xe6, 0x57, 0xe6,
    0x98, 0xee, 0x77, 0xe6, 0x36, 0xe6, 0x57, 0xe6, 0xb8, 0xee, 0xd9, 0xf6,
    0xd9, 0xee, 0xd9, 0xf6, 0xd9, 0xee, 0xda, 0xee, 0xfb, 0xf6, 0x3b, 0xf7,
    0x5c, 0xff, 0x7c, 0xff, 0x7c, 0xff, 0x7d, 0xff, 0x7d, 0xff, 0xbd, 0xff,
    0xbe, 0xff, 0x9e, 0xff, 0xbe, 0xff, 0xbe, 0xff, 0xbe, 0xff, 0xbd, 0xff,
    0xbe, 0xff, 0xbe, 0xff, 0xbe, 0xff, 0xbe, 0xff, 0xbe, 0xff, 0xbe, 0xff,
    0xde, 0xff, 0xbe, 0xff, 0xbe, 0xff, 0xbe, 0xff, 0xbe, 0xff, 0xbe, 0xff,
    0xbe, 0xff, 0x9e, 0xff, 0xbe, 0xff, 0xde, 0xff, 0xbe, 0xff, 0xde, 0xff,
    0xde, 0xff, 0xdf, 0xff, 0xde, 0xff, 0xbf, 0xff, 0xdf, 0xff, 0xdf, 0xff,
    0xde, 0xff, 0xde, 0xff, 0xbf, 0xff, 0xdf, 0xff, 0xde, 0xff, 0xde, 0xff,
    0xdf, 0xff, 0xde, 0xff, 0xbf, 0xff, 0xbf, 0xff, 0xde, 0xff, 0xbe, 0xff,
    0xbe, 0xff, 0xbe, 0xff, 0x9d, 0xff, 0x9e, 0xff, 0x9d, 0xff, 0x5c, 0xff,
    0x5c, 0xf7, 0x3c, 0xf7, 0x1b, 0xf7, 0xfa, 0xee, 0xd9, 0xee, 0x99, 0xee,
    0x57, 0xe6, 0x17, 0xd6, 0xd5, 0xcd, 0x74, 0xcd, 0x53, 0xc5, 0x32, 0xbd,
    0xb2, 0xb4, 0xd5, 0xcd, 0xb6, 0xcd, 0x12, 0xb5, 0x74, 0xcd, 0xb5, 0xd5,
    0xd6, 0xd5, 0xf6, 0xdd, 0x36, 0xe6, 0x57, 0xe6, 0x78, 0xe6, 0x98, 0xe6,
    0xb8, 0xee, 0xd9, 0xee, 0xb9, 0xee, 0xf9, 0xf6, 0xfa, 0xf6, 0xfa, 0xf6,
    0xfa, 0xf6, 0x1a, 0xf7, 0xfa, 0xee, 0x1a, 0xf7, 0x1b, 0xef, 0x1a, 0xf7,
    0x1b, 0xef, 0x1a, 0xef, 0x1a, 0xf7, 0x1b, 0xef, 0x1a, 0xef, 0x1b, 0xef,
    0xfb, 0xee, 0x1b, 0xef, 0x1b, 0xef, 0x1b, 0xef, 0x1b, 0xef, 0x1b, 0xef,
    0x1b, 0xef, 0x1a, 0xf7, 0x1b, 0xf7, 0x3b, 0xff, 0x5b, 0xff, 0x5c, 0xff,
    0x7c, 0xff, 0x7c, 0xff, 0x9d, 0xff, 0x9c, 0xff, 0x9d, 0xff, 0x9d, 0xff,
    0x9d, 0xff, 0xbd, 0xff, 0xdd, 0xff, 0xbe, 0xff, 0xde, 0xff, 0xde, 0xff,
    0xbe, 0xff, 0xbe, 0xff, 0xde, 0xff, 0xbe, 0xff, 0xde, 0xff, 0xbe, 0xff,
    0xdd, 0xff, 0x9d, 0xff, 0x9d, 0xff, 0x9d, 0xff, 0x9c, 0xff, 0x7c, 0xff,
    0x9d, 0xff, 0x9d, 0xff, 0x7d, 0xff, 0x9d, 0xff, 0x7c, 0xff, 0x7c, 0xff,
    0x9d, 0xff, 0x9d, 0xff, 0x9e, 0xff, 0xbd, 0xff, 0x9d, 0xff, 0x9e, 0xff,
    0xbd, 0xff, 0xbe, 0xff, 0xbd, 0xff, 0x7c, 0xff, 0x3a, 0xff, 0xda, 0xf6,
    0x78, 0xe6, 0x16, 0xd6, 0x94, 0xcd, 0xd1, 0xac, 0x0e, 0x94, 0x8c, 0x8b,
    0x4b, 0x83, 0x0a, 0x7b, 0x0a, 0x7b, 0x0a, 0x7b, 0x2a, 0x83, 0x2a, 0x83,
    0xea, 0x7a, 0xe9, 0x72, 0xa9, 0x72, 0xa9, 0x6a, 0x68, 0x62, 0x48, 0x5a,
    0x68, 0x62, 0x68, 0x62, 0x08, 0x52, 0x48, 0x5a, 0xa9, 0x6a, 0x68, 0x5a,
    0xe7, 0x49, 0x07, 0x52, 0x68, 0x5a, 0x48, 0x5a, 0x48, 0x5a, 0x88, 0x62,
    0x27, 0x5a, 0x89, 0x62, 0xc9, 0x72, 0xea, 0x72, 0x6c, 0x8b, 0xcd, 0x93,
    0x0d, 0xa4, 0x0d, 0xa4, 0xcc, 0x9b, 0x0d, 0xa4, 0x0d, 0xac, 0x6e, 0xbc,
    0x8e, 0xbc, 0x4d, 0xbc, 0x8e, 0xbc, 0xd0, 0xc4, 0x30, 0xd5, 0xef, 0xc4,
    0xcf, 0xcc, 0xaf, 0xc4, 0x6e, 0xb4, 0xf0, 0xc4, 0xb3, 0xdd, 0x92, 0xdd,
    0xef, 0xcc, 0x8e, 0xbc, 0xcf, 0xc4, 0x10, 0xd5, 0x92, 0xdd, 0x30, 0xcd,
    0x52, 0xd5, 0xf5, 0xe5, 0x93, 0xd5, 0x14, 0xe6, 0x35, 0xee, 0xb3, 0xdd,
    0xd4, 0xd5, 0x76, 0xe6, 0x56, 0xe6, 0x15, 0xde, 0x36, 0xe6, 0x97, 0xe6,
    0x97, 0xee, 0xb8, 0xee, 0xb8, 0xee, 0xb8, 0xee, 0x78, 0xee, 0x57, 0xe6,
    0xb8, 0xee, 0xb8, 0xee, 0x57, 0xe6, 0x77, 0xe6, 0xb8, 0xee, 0x98, 0xee,
    0x57, 0xe6, 0x16, 0xde, 0x57, 0xe6, 0x57, 0xe6, 0x57, 0xe6, 0x56, 0xe6,
    0x36, 0xde, 0x16, 0xde, 0x36, 0xde, 0x36, 0xde, 0x57, 0xe6, 0x97, 0xee,
    0x78, 0xe6, 0x37, 0xde, 0x57, 0xe6, 0x16, 0xde, 0x37, 0xde, 0xf5, 0xdd,
    0x36, 0xe6, 0x16, 0xde, 0x94, 0xd5, 0x16, 0xe6, 0xd4, 0xdd, 0x32, 0xcd,
    0xb4, 0xdd, 0x11, 0xd5, 0x51, 0xd5, 0x11, 0xd5, 0xb0, 0xc4, 0xb0, 0xd4,
    0xd1, 0xd4, 0xd1, 0xd4, 0x91, 0xd4, 0x50, 0xd4, 0x70, 0xd4, 0x71, 0xdc,
    0xb2, 0xe4, 0xd2, 0xe4, 0x71, 0xdc, 0x2d, 0xc3, 0x50, 0xdc, 0xf2, 0xdc,
    0x54, 0xdd, 0x74, 0xdd, 0xd5, 0xe5, 0xb5, 0xe5, 0xb5, 0xe5, 0x16, 0xee,
    0xf6, 0xe5, 0xf6, 0xe5, 0x16, 0xee, 0x37, 0xe6, 0x58, 0xee, 0x78, 0xf6,
    0x78, 0xee, 0x78, 0xee, 0x98, 0xee, 0x98, 0xee, 0xb9, 0xee, 0xda, 0xf6,
    0xd9, 0xf6, 0xb9, 0xee, 0xfa, 0xf6, 0xfa, 0xf6, 0xfa, 0xf6, 0x1b, 0xf7,
    0xfa, 0xf6, 0xf9, 0xf6, 0xd8, 0xee, 0xb8, 0xee, 0x78, 0xe6, 0x77, 0xe6,
    0x98, 0xee, 0xb8, 0xee, 0xd9, 0xee, 0xb8, 0xee, 0xd9, 0xee, 0xf9, 0xf6,
    0xda, 0xee, 0xfa, 0xf6, 0x1a, 0xf7, 0x5c, 0xff, 0x5c, 0xff, 0x7c, 0xf7,
    0x5c, 0xff, 0x5c, 0xf7, 0x7c, 0xff, 0x9d, 0xff, 0x7d, 0xff, 0x9c, 0xff,
    0xbe, 0xff, 0x9d, 0xff, 0x9d, 0xff, 0x9d, 0xff, 0xbd, 0xff, 0x9d, 0xff,
    0xbe, 0xff, 0xbe, 0xff, 0xbd, 0xff, 0xbe, 0xff, 0xbe, 0xff, 0xbe, 0xff,
    0xbf, 0xff, 0xbe, 0xff, 0xbe, 0xff, 0xbe, 0xff, 0xbe, 0xff, 0x9e, 0xff,
    0xbe, 0xff, 0xbd, 0xff, 0x9e, 0xff, 0xbe, 0xff, 0xbe, 0xff, 0xbe, 0xff,
    0xbe, 0xff, 0xbe, 0xff, 0xde, 0xff, 0xbe, 0xff, 0xbf, 0xff, 0xde, 0xff,
    0xde, 0xff, 0xbe, 0xff, 0xbe, 0xff, 0xde, 0xff, 0xbe, 0xff, 0xdf, 0xff,
    0xbf, 0xff, 0xde, 0xff, 0xde, 0xff, 0xbf, 0xff, 0xde, 0xff, 0xbe, 0xff,
    0xbe, 0xff, 0xbe, 0xff, 0x9e, 0xff, 0xbe, 0xff, 0x9e, 0xff, 0xbe, 0xff,
    0x7d, 0xff, 0x5c, 0xff, 0x5b, 0xf7, 0x3b, 0xf7, 0x1a, 0xf7, 0xda, 0xee,
    0xb9, 0xe6, 0x78, 0xe6, 0x37, 0xde, 0xf6, 0xd5, 0xb5, 0xc5, 0x73, 0xc5,
    0x32, 0xbd, 0xf2, 0xbc, 0xf2, 0xb4, 0x78, 0xde, 0x13, 0xb5, 0x73, 0xc5,
    0xb4, 0xcd, 0xd5, 0xd5, 0xf6, 0xdd, 0x36, 0xde, 0x57, 0xe6, 0x78, 0xe6,
    0x78, 0xee, 0x99, 0xee, 0xb9, 0xee, 0xda, 0xee, 0xda, 0xee, 0xfa, 0xf6,
    0xfa, 0xee, 0xfa, 0xee, 0xfa, 0xee, 0xfb, 0xf6, 0xfb, 0xee, 0xfa, 0xf6,
    0xfb, 0xee, 0xfa, 0xee, 0x1a, 0xef, 0xfa, 0xf6, 0xfa, 0xee, 0xfb, 0xee,
    0xfa, 0xee, 0x1a, 0xef, 0xfa, 0xf6, 0xfb, 0xee, 0x1a, 0xf7, 0xfa, 0xee,
    0xfb, 0xee, 0x1b, 0xef, 0xda, 0xf6, 0x1a, 0xf7, 0x1a, 0xf7, 0x3b, 0xf7,
    0x3b, 0xf7, 0x5b, 0xf7, 0x5c, 0xff, 0x5c, 0xff, 0x7c, 0xff, 0x9c, 0xff,
    0x9c, 0xff, 0x9d, 0xff, 0xbd, 0xff, 0x9d, 0xff, 0xbd, 0xff, 0xbd, 0xff,
    0xdd, 0xff, 0xde, 0xff, 0xde, 0xff, 0xde, 0xff, 0xdd, 0xff, 0xbe, 0xff,
    0xde, 0xff, 0xbd, 0xff, 0xbd, 0xff, 0xbd, 0xff, 0x9d, 0xff, 0x9d, 0xff,
    0x9c, 0xff, 0x7c, 0xff, 0x5c, 0xff, 0x7c, 0xff, 0x5c, 0xff, 0x5d, 0xf7,
    0x9c, 0xff, 0x7c, 0xff, 0x7c, 0xff, 0x9d, 0xff, 0x9d, 0xff, 0x9d, 0xff,
    0x9d, 0xff, 0xbd, 0xff, 0x9d, 0xff, 0x7c, 0xff, 0x3b, 0xff, 0xfa, 0xee,
    0xb9, 0xe6, 0x78, 0xe6, 0x36, 0xde, 0x94, 0xc5, 0xb1, 0xac, 0xee, 0x93,
    0x4c, 0x7b, 0xea, 0x72, 0xea, 0x72, 0xe9, 0x7a, 0x2a, 0x83, 0x4a, 0x83,
    0x4a, 0x8b, 0x2a, 0x8b, 0x2a, 0x83, 0x09, 0x83, 0xc9, 0x72, 0xc9, 0x72,
    0xa9, 0x6a, 0x68, 0x62, 0x68, 0x5a, 0xea, 0x72, 0xa9, 0x6a, 0x28, 0x52,
    0xa9, 0x62, 0xea, 0x72, 0xea, 0x72, 0xea, 0x72, 0xea, 0x72, 0x69, 0x62,
    0x68, 0x62, 0xc9, 0x72, 0x68, 0x5a, 0xa9, 0x6a, 0xea, 0x72, 0x0a, 0x7b,
    0x6b, 0x83, 0x8c, 0x8b, 0xed, 0x9b, 0xec, 0xa3, 0x8b, 0x93, 0x6e, 0xac,
    0x31, 0xcd, 0x31, 0xcd, 0xd0, 0xc4, 0x8e, 0xbc, 0x2d, 0xac, 0xed, 0xab,
    0x8f, 0xbc, 0xaf, 0xbc, 0x11, 0xcd, 0x0f, 0xcd, 0x6d, 0xbc, 0x4d, 0xbc,
    0x4e, 0xbc, 0x6d, 0xb4, 0xef, 0xcc, 0xcf, 0xcc, 0x31, 0xcd, 0x71, 0xd5,
    0xf4, 0xe5, 0x96, 0xee, 0x15, 0xe6, 0xf3, 0xdd, 0xb4, 0xdd, 0xd5, 0xdd,
    0x35, 0xe6, 0x93, 0xd5, 0x52, 0xcd, 0xf4, 0xdd, 0x97, 0xee, 0x36, 0xde,
    0x16, 0xe6, 0xb8, 0xee, 0xb8, 0xee, 0xb9, 0xee, 0xb8, 0xee, 0xb8, 0xee,
    0x97, 0xe6, 0x56, 0xde, 0x98, 0xe6, 0xb8, 0xee, 0xb8, 0xee, 0x56, 0xe6,
    0x36, 0xde, 0x57, 0xe6, 0x56, 0xe6, 0x36, 0xde, 0x37, 0xde, 0x16, 0xde,
    0x16, 0xd6, 0x16, 0xde, 0x57, 0xde, 0x57, 0xde, 0x36, 0xe6, 0x57, 0xe6,
    0x77, 0xe6, 0x36, 0xe6, 0xf6, 0xdd, 0x36, 0xde, 0x36, 0xe6, 0xd5, 0xd5,
    0x36, 0xe6, 0x36, 0xde, 0x16, 0xde, 0x15, 0xde, 0x36, 0xe6, 0xf5, 0xdd,
    0xf4, 0xdd, 0x94, 0xdd, 0xf1, 0xcc, 0xb3, 0xdd, 0xb4, 0xdd, 0xd5, 0xe5,
    0x32, 0xd5, 0x32, 0xd5, 0x94, 0xdd, 0xf2, 0xdc, 0xf2, 0xd4, 0xd2, 0xdc,
    0x12, 0xdd, 0x13, 0xdd, 0x53, 0xe5, 0x13, 0xe5, 0xef, 0xcb, 0xef, 0xcb,
    0xf2, 0xdc, 0x53, 0xdd, 0x74, 0xe5, 0x74, 0xdd, 0x95, 0xe5, 0xb5, 0xe5,
    0xd6, 0xe5, 0x37, 0xee, 0x16, 0xe6, 0x17, 0xee, 0x37, 0xee, 0x37, 0xe6,
    0x77, 0xee, 0x78, 0xee, 0x78, 0xe6, 0x78, 0xee, 0xb9, 0xee, 0x99, 0xee,
    0xb8, 0xee, 0xb9, 0xee, 0x98, 0xee, 0x98, 0xee, 0xb9, 0xf6, 0xb9, 0xee,
    0xb8, 0xf6, 0xd9, 0xf6, 0xb9, 0xee, 0xb9, 0xee, 0xb8, 0xee, 0x77, 0xe6,
    0x57, 0xe6, 0x57, 0xe6, 0x97, 0xee, 0x78, 0xe6, 0x98, 0xee, 0x98, 0xee,
    0xd9, 0xee, 0xfa, 0xf6, 0xf9, 0xf6, 0x1b, 0xef, 0x3b, 0xf7, 0x3b, 0xff,
    0x3b, 0xf7, 0x3b, 0xf7, 0x5c, 0xff, 0x7d, 0xf7, 0x9d, 0xff, 0xbd, 0xff,
    0x9e, 0xff, 0x9d, 0xff, 0x7c, 0xff, 0x5d, 0xff, 0x7d, 0xff, 0x7c, 0xff,
    0x7d, 0xff, 0xbe, 0xff, 0x9d, 0xff, 0x9d, 0xff, 0x9d, 0xff, 0x9e, 0xff,
    0xbe, 0xff, 0xbd, 0xff, 0x9e, 0xff, 0x9e, 0xff, 0x9e, 0xff, 0xbe, 0xff,
    0xbe, 0xff, 0x9e, 0xff, 0xbd, 0xff, 0xbe, 0xff, 0x9e, 0xff, 0xbe, 0xff,
    0xbe, 0xff, 0xbe, 0xff, 0xbe, 0xff, 0xbe, 0xff, 0xde, 0xff, 0xbe, 0xff,
    0xbe, 0xff, 0xde, 0xff, 0xbf, 0xff, 0xde, 0xff, 0xbf, 0xff, 0xde, 0xff,
    0xbe, 0xff, 0xbe, 0xff, 0xdf, 0xff, 0xde, 0xff, 0xde, 0xff, 0xbe, 0xff,
    0xde, 0xff, 0xbe, 0xff, 0xbe, 0xff, 0xbe, 0xff, 0x9d, 0xff, 0x9d, 0xff,
    0xbe, 0xff, 0x9d, 0xf7, 0x5d, 0xff, 0x5c, 0xff, 0x3b, 0xf7, 0x1b, 0xf7,
    0xda, 0xee, 0xd9, 0xee, 0x99, 0xe6, 0x57, 0xde, 0x16, 0xd6, 0xb5, 0xcd,
    0x94, 0xc5, 0x53, 0xbd, 0x12, 0xbd, 0xd1, 0xb4, 0xb5, 0xcd, 0xd6, 0xcd,
    0x13, 0xbd, 0xb4, 0xd5, 0xd5, 0xd5, 0xf6, 0xdd, 0x16, 0xde, 0x57, 0xde,
    0x57, 0xe6, 0x98, 0xe6, 0xb8, 0xe6, 0xb9, 0xee, 0xd9, 0xee, 0xf9, 0xee,
    0xda, 0xf6, 0xfa, 0xee, 0xfa, 0xee, 0xfa, 0xf6, 0x1a, 0xef, 0xfa, 0xee,
    0xfa, 0xee, 0x1b, 0xef, 0xfa, 0xee, 0xfa, 0xee, 0xfb, 0xee, 0xfa, 0xee,
    0xfa, 0xee, 0xfa, 0xee, 0xfa, 0xee, 0xfb, 0xee, 0xfa, 0xee, 0xfa, 0xee,
    0xfa, 0xee, 0xfa, 0xee, 0xfa, 0xee, 0xb9, 0xee, 0xd9, 0xf6, 0xfa, 0xee,
    0x1a, 0xf7, 0x1a, 0xf7, 0x3b, 0xf7, 0x5a, 0xff, 0x3b, 0xf7, 0x5b, 0xff,
    0x7c, 0xff, 0x7c, 0xff, 0x7c, 0xff, 0x7d, 0xff, 0x9c, 0xff, 0xbd, 0xff,
    0xbd, 0xff, 0x9d, 0xff, 0xbd, 0xff, 0xbd, 0xff, 0xbd, 0xff, 0xbd, 0xff,
    0xbd, 0xff, 0xbd, 0xff, 0xbe, 0xff, 0x9d, 0xff, 0x9d, 0xff, 0x9d, 0xff,
    0x7c, 0xff, 0x7c, 0xff, 0x7c, 0xff, 0x5c, 0xff, 0x5c, 0xf7, 0x5c, 0xf7,
    0x3b, 0xf7, 0x5b, 0xf7, 0x5c, 0xf7, 0x5c, 0xf7, 0x5c, 0xff, 0x7c, 0xf7,
    0x7d, 0xff, 0x7c, 0xff, 0x7c, 0xff, 0x7c, 0xf7, 0x3c, 0xff, 0xfa, 0xf6,
    0xb9, 0xe6, 0x98, 0xe6, 0x37, 0xde, 0xf6, 0xd5, 0x53, 0xbd, 0x71, 0xa4,
    0xce, 0x8b, 0x4c, 0x83, 0x0a, 0x73, 0xea, 0x72, 0xea, 0x7a, 0xca, 0x72,
    0xea, 0x7a, 0x0a, 0x7b, 0x0a, 0x7b, 0x0a, 0x7b, 0xea, 0x72, 0x89, 0x6a,
    0x28, 0x5a, 0x47, 0x52, 0x68, 0x5a, 0x68, 0x62, 0x48, 0x5a, 0x27, 0x52,
    0x88, 0x62, 0x68, 0x5a, 0x28, 0x5a, 0x68, 0x5a, 0x89, 0x62, 0xeb, 0x72,
    0xcd, 0x93, 0x4b, 0x7b, 0x88, 0x62, 0xa9, 0x62, 0x89, 0x62, 0x89, 0x62,
    0x0a, 0x73, 0xac, 0x93, 0xcc, 0x9b, 0x8c, 0x93, 0xed, 0xa3, 0x32, 0xcd,
    0xf1, 0xbc, 0x4e, 0xac, 0x6e, 0xb4, 0x4f, 0xb4, 0xae, 0xbc, 0xd0, 0xbc,
    0xaf, 0xc4, 0x4d, 0xb4, 0x4d, 0xb4, 0x2d, 0xb4, 0xaf, 0xc4, 0x10, 0xc5,
    0x8e, 0xc4, 0xef, 0xcc, 0xf0, 0xcc, 0xef, 0xc4, 0x11, 0xcd, 0xae, 0xc4,
    0x92, 0xdd, 0x51, 0xd5, 0x0c, 0xb4, 0x8a, 0xa3, 0x4d, 0xb4, 0xef, 0xc4,
    0xcf, 0xcc, 0xd0, 0xc4, 0xd4, 0xdd, 0xd8, 0xf6, 0x56, 0xe6, 0x56, 0xe6,
    0xd9, 0xf6, 0xb8, 0xee, 0xb8, 0xee, 0xb8, 0xee, 0x77, 0xe6, 0x56, 0xe6,
    0x77, 0xe6, 0xb9, 0xee, 0xd8, 0xee, 0x98, 0xee, 0x57, 0xe6, 0x57, 0xe6,
    0x77, 0xe6, 0x57, 0xe6, 0x16, 0xde, 0x37, 0xde, 0x77, 0xe6, 0x57, 0xe6,
    0x56, 0xe6, 0x77, 0xe6, 0x37, 0xe6, 0x16, 0xde, 0x36, 0xde, 0x37, 0xe6,
    0x57, 0xe6, 0x16, 0xde, 0xd5, 0xd5, 0x37, 0xde, 0xf5, 0xdd, 0x32, 0xc5,
    0x94, 0xd5, 0x16, 0xde, 0x36, 0xe6, 0x57, 0xe6, 0x36, 0xe6, 0x16, 0xde,
    0x56, 0xe6, 0x56, 0xe6, 0xd4, 0xdd, 0x35, 0xee, 0x56, 0xee, 0xf5, 0xdd,
    0x35, 0xe6, 0x33, 0xd5, 0xd4, 0xe5, 0xb4, 0xe5, 0xd1, 0xcc, 0x16, 0xee,
    0x74, 0xdd, 0x94, 0xe5, 0x94, 0xe5, 0x95, 0xe5, 0x95, 0xe5, 0x13, 0xdd,
    0xcf, 0xc3, 0xb1, 0xd4, 0x33, 0xd5, 0x74, 0xdd, 0x74, 0xe5, 0xb5, 0xe5,
    0xb5, 0xe5, 0xd5, 0xe5, 0xf6, 0xe5, 0x36, 0xee, 0x36, 0xe6, 0x37, 0xee,
    0x37, 0xee, 0x37, 0xe6, 0x77, 0xee, 0x57, 0xee, 0x17, 0xe6, 0x57, 0xee,
    0x98, 0xee, 0x57, 0xe6, 0x58, 0xee, 0x79, 0xee, 0x99, 0xf6, 0xd9, 0xee,
    0xb9, 0xee, 0x98, 0xee, 0xb8, 0xee, 0x77, 0xe6, 0x16, 0xde, 0x16, 0xde,
    0x16, 0xde, 0xf5, 0xdd, 0x16, 0xd6, 0x77, 0xe6, 0x78, 0xe6, 0xd9, 0xee,
    0xb9, 0xee, 0x77, 0xe6, 0xd9, 0xee, 0xda, 0xee, 0x1a, 0xf7, 0x3a, 0xf7,
    0x1b, 0xf7, 0x5c, 0xf7, 0x7c, 0xff, 0x7c, 0xff, 0x7d, 0xff, 0x9d, 0xff,
    0x9d, 0xff, 0x9d, 0xff, 0xbe, 0xff, 0xbd, 0xff, 0x9d, 0xff, 0x9d, 0xff,
    0x9d, 0xff, 0x9e, 0xff, 0x5c, 0xf7, 0x7d, 0xff, 0x7d, 0xff, 0x9e, 0xff,
    0x9d, 0xff, 0x7d, 0xff, 0x9d, 0xff, 0xbe, 0xff, 0xbe, 0xff, 0xbd, 0xff,
    0x9d, 0xff, 0xbd, 0xff, 0xbe, 0xff, 0x9e, 0xff, 0x9e, 0xff, 0xbd, 0xff,
    0x9e, 0xff, 0xbe, 0xff, 0xbe, 0xff, 0x9e, 0xff, 0xbe, 0xff, 0xbe, 0xff,
    0xbf, 0xff, 0xbe, 0xff, 0xdf, 0xff, 0xbe, 0xff, 0xbf, 0xff, 0xbe, 0xff,
    0xbf, 0xff, 0xbf, 0xff, 0xbe, 0xff, 0xbe, 0xff, 0xde, 0xff, 0xbe, 0xff,
    0xbe, 0xff, 0xbe, 0xff, 0xbe, 0xff, 0xbe, 0xff, 0xbe, 0xff, 0x9e, 0xff,
    0x9e, 0xff, 0x9e, 0xff, 0x9e, 0xff, 0x5c, 0xff, 0x7c, 0xf7, 0x3c, 0xf7,
    0x3b, 0xf7, 0x1b, 0xf7, 0xda, 0xee, 0xb9, 0xe6, 0x78, 0xde, 0x37, 0xd6,
    0xd6, 0xd5, 0x95, 0xc5, 0x74, 0xc5, 0x14, 0xbd, 0x12, 0xb5, 0x13, 0xbd,
    0x58, 0xde, 0x53, 0xbd, 0x74, 0xcd, 0xd5, 0xcd, 0xf5, 0xd5, 0x16, 0xde,
    0x37, 0xde, 0x77, 0xe6, 0x98, 0xe6, 0x98, 0xe6, 0xb8, 0xee, 0x99, 0xee,
    0xd9, 0xee, 0xda, 0xe6, 0xda, 0xee, 0xfa, 0xee, 0xfa, 0xee, 0xfa, 0xee,
    0xfa, 0xee, 0xfa, 0xee, 0xfa, 0xee, 0xfa, 0xee, 0xfa, 0xee, 0xfa, 0xee,
    0xda, 0xee, 0xfa, 0xee, 0xfa, 0xf6, 0xda, 0xee, 0xfb, 0xe6, 0xfb, 0xee,
    0xfa, 0xee, 0xfa, 0xee, 0xfb, 0xee, 0xda, 0xee, 0x98, 0xee, 0xb9, 0xe6,
    0xd9, 0xf6, 0xd9, 0xf6, 0xf9, 0xf6, 0xfa, 0xf6, 0xfa, 0xf6, 0x3a, 0xf7,
    0x3a, 0xf7, 0x3b, 0xff, 0x3b, 0xff, 0x5b, 0xff, 0x7b, 0xff, 0x7c, 0xff,
    0x7c, 0xff, 0x9c, 0xff, 0x9d, 0xff, 0x9d, 0xff, 0xbd, 0xff, 0xbe, 0xff,
    0x9d, 0xff, 0xbd, 0xff, 0x9d, 0xff, 0x9c, 0xff, 0x9c, 0xff, 0x7c, 0xff,
    0x7c, 0xff, 0x7c, 0xff, 0x5c, 0xff, 0x5b, 0xf7, 0x3c, 0xf7, 0x3b, 0xf7,
    0x3b, 0xf7, 0x1b, 0xf7, 0x1b, 0xf7, 0x1b, 0xf7, 0x1b, 0xf7, 0x3b, 0xf7,
    0x3b, 0xf7, 0x3b, 0xf7, 0x5c, 0xf7, 0x3c, 0xff, 0x1a, 0xf7, 0xfa, 0xee,
    0xb9, 0xee, 0x98, 0xe6, 0x78, 0xe6, 0x37, 0xde, 0x16, 0xd6, 0x94, 0xc5,
    0xf2, 0xbc, 0x70, 0xac, 0x0e, 0x94, 0xac, 0x8b, 0x2a, 0x83, 0x0a, 0x7b,
    0x2a, 0x7b, 0x4b, 0x83, 0x8c, 0x8b, 0xad, 0x93, 0x6b, 0x83, 0x2b, 0x83,
    0xea, 0x72, 0xa9, 0x6a, 0x89, 0x62, 0x48, 0x5a, 0x48, 0x5a, 0xea, 0x72,
    0xca, 0x72, 0x48, 0x5a, 0x28, 0x5a, 0xa9, 0x62, 0xa9, 0x62, 0xe9, 0x72,
    0x4b, 0x83, 0x4b, 0x7b, 0xad, 0x8b, 0x0e, 0x9c, 0xcd, 0x93, 0x6c, 0x8b,
    0x6b, 0x83, 0x2a, 0x7b, 0x2b, 0x83, 0x2b, 0x83, 0x4e, 0xa4, 0x8f, 0xac,
    0x2d, 0xa4, 0x6f, 0xac, 0x0d, 0xa4, 0x2d, 0xac, 0xed, 0xa3, 0xac, 0x9b,
    0xec, 0xa3, 0x2e, 0xac, 0xd0, 0xc4, 0x51, 0xd5, 0xcf, 0xc4, 0x0c, 0xb4,
    0xcc, 0xa3, 0xac, 0xa3, 0x4e, 0xb4, 0xaf, 0xc4, 0x6d, 0xbc, 0x8e, 0xbc,
    0x51, 0xd5, 0xaf, 0xc4, 0x6e, 0xb4, 0xf0, 0xcc, 0x92, 0xdd, 0x92, 0xd5,
    0x93, 0xd5, 0x56, 0xee, 0xb7, 0xf6, 0x15, 0xe6, 0xd4, 0xdd, 0x77, 0xee,
    0x77, 0xe6, 0x16, 0xde, 0xb7, 0xee, 0x77, 0xee, 0x57, 0xe6, 0x77, 0xee,
    0xf9, 0xee, 0x98, 0xee, 0x57, 0xe6, 0x56, 0xe6, 0x77, 0xee, 0x57, 0xe6,
    0x56, 0xe6, 0x36, 0xde, 0x57, 0xe6, 0x77, 0xe6, 0x36, 0xde, 0xf5, 0xdd,
    0xf5, 0xd5, 0x16, 0xde, 0x16, 0xd6, 0x16, 0xde, 0x36, 0xde, 0x36, 0xde,
    0xf6, 0xdd, 0xb5, 0xcd, 0x94, 0xd5, 0x36, 0xde, 0xf5, 0xd5, 0xf5, 0xd5,
    0xb5, 0xcd, 0xf5, 0xdd, 0x57, 0xe6, 0x77, 0xe6, 0x77, 0xee, 0x17, 0xde,
    0x97, 0xee, 0x77, 0xe6, 0x36, 0xe6, 0x77, 0xee, 0x56, 0xe6, 0x16, 0xde,
    0xf5, 0xdd, 0x94, 0xdd, 0xf5, 0xe5, 0xd5, 0xdd, 0x16, 0xe6, 0x56, 0xee,
    0x56, 0xee, 0x57, 0xee, 0xf5, 0xe5, 0xd5, 0xe5, 0x74, 0xdd, 0x95, 0xe5,
    0x74, 0xdd, 0x70, 0xcc, 0xae, 0xbb, 0xd2, 0xd4, 0x13, 0xdd, 0x33, 0xdd,
    0x94, 0xdd, 0xb5, 0xe5, 0xd5, 0xe5, 0x95, 0xe5, 0xb5, 0xdd, 0xf5, 0xe5,
    0xd6, 0xdd, 0x95, 0xdd, 0xd6, 0xe5, 0xf6, 0xe5, 0xf6, 0xdd, 0xf6, 0xe5,
    0x17, 0xe6, 0x57, 0xe6, 0x98, 0xee, 0x77, 0xee, 0x98, 0xe6, 0xb9, 0xee,
    0xb8, 0xee, 0xb8, 0xf6, 0xb8, 0xee, 0x98, 0xee, 0x78, 0xe6, 0x36, 0xde,
    0x56, 0xe6, 0xf5, 0xdd, 0xf6, 0xdd, 0x76, 0xe6, 0xd9, 0xee, 0x98, 0xe6,
    0x98, 0xee, 0xda, 0xee, 0xd9, 0xee, 0xfa, 0xf6, 0x3b, 0xf7, 0x5b, 0xf7,
    0x3c, 0xf7, 0x7c, 0xff, 0x9d, 0xff, 0x9e, 0xff, 0x9d, 0xff, 0x9d, 0xff,
    0x7d, 0xff, 0x7d, 0xff, 0x9d, 0xff, 0x9d, 0xff, 0xbe, 0xff, 0x9d, 0xff,
    0x9e, 0xff, 0xbd, 0xff, 0x7c, 0xff, 0x5d, 0xff, 0x7c, 0xff, 0x7d, 0xff,
    0x9d, 0xff, 0x9d, 0xff, 0x9d, 0xff, 0x7d, 0xff, 0x9d, 0xff, 0x7d, 0xff,
    0x9d, 0xff, 0x9d, 0xff, 0x7d, 0xff, 0x9d, 0xff, 0xbe, 0xff, 0x9d, 0xff,
    0x9d, 0xff, 0x9d, 0xff, 0xbe, 0xff, 0xbd, 0xff, 0x9e, 0xff, 0xbe, 0xff,
    0xbe, 0xff, 0xbe, 0xff, 0xbe, 0xff, 0xbe, 0xff, 0xbe, 0xff, 0xbe, 0xff,
    0xbe, 0xff, 0xde, 0xff, 0xbe, 0xff, 0xde, 0xff, 0xbe, 0xff, 0xbf, 0xff,
    0xbf, 0xff, 0xbe, 0xff, 0xbe, 0xff, 0xbe, 0xff, 0xbe, 0xff, 0xbe, 0xff,
    0xbe, 0xff, 0x9d, 0xff, 0x9d, 0xff, 0xbe, 0xff, 0x7d, 0xff, 0x7d, 0xf7,
    0x5c, 0xf7, 0x3c, 0xf7, 0x1b, 0xf7, 0xfa, 0xee, 0xb9, 0xee, 0x78, 0xe6,
    0x37, 0xde, 0xf6, 0xcd, 0xb5, 0xd5, 0x74, 0xc5, 0x53, 0xc5, 0x53, 0xbd,
    0xf2, 0xb4, 0xf6, 0xd5, 0xb6, 0xcd, 0x53, 0xc5, 0xb5, 0xd5, 0xd5, 0xd5,
    0x16, 0xde, 0x17, 0xde, 0x57, 0xe6, 0x77, 0xe6, 0x78, 0xee, 0x99, 0xee,
    0xb9, 0xee, 0xb9, 0xe6, 0xd9, 0xee, 0xd9, 0xee, 0xda, 0xee, 0xfa, 0xee,
    0xfa, 0xee, 0xda, 0xee, 0xda, 0xee, 0xfa, 0xf6, 0xda, 0xee, 0xfa, 0xee,
    0xda, 0xee, 0xda, 0xee, 0xda, 0xee, 0xfa, 0xee, 0xfa, 0xe6, 0xfa, 0xee,
    0xda, 0xee, 0xda, 0xee, 0xda, 0xee, 0xda, 0xee, 0xfa, 0xee, 0x77, 0xe6,
    0x97, 0xe6, 0x77, 0xee, 0x98, 0xee, 0xb8, 0xee, 0xb8, 0xee, 0xd9, 0xf6,
    0xf9, 0xee, 0xfa, 0xf6, 0xfa, 0xf6, 0x1b, 0xf7, 0x3a, 0xf7, 0x3b, 0xff,
    0x3c, 0xff, 0x5b, 0xff, 0x7c, 0xff, 0x7c, 0xff, 0x7c, 0xff, 0x9c, 0xff,
    0x9c, 0xff, 0x7d, 0xff, 0x9c, 0xff, 0x7c, 0xff, 0x7c, 0xff, 0x7c, 0xff,
    0x5c, 0xff, 0x5b, 0xff, 0x5c, 0xf7, 0x3b, 0xf7, 0x1a, 0xf7, 0x1a, 0xef,
    0x1a, 0xf7, 0xfa, 0xee, 0xfa, 0xee, 0xfa, 0xee, 0xd9, 0xee, 0xd9, 0xee,
    0xda, 0xee, 0xfa, 0xee, 0xfa, 0xee, 0xfa, 0xee, 0xf9, 0xee, 0xd9, 0xee,
    0xd9, 0xee, 0xba, 0xe6, 0xb8, 0xe6, 0x98, 0xe6, 0x78, 0xe6, 0x58, 0xde,
    0xd5, 0xd5, 0x33, 0xc5, 0x91, 0xa4, 0xae, 0x8b, 0x0a, 0x73, 0xca, 0x72,
    0xea, 0x72, 0x0a, 0x7b, 0xc9, 0x72, 0xca, 0x72, 0xea, 0x72, 0x4b, 0x83,
    0x8c, 0x8b, 0xac, 0x8b, 0x2b, 0x7b, 0x2b, 0x7b, 0x0b, 0x7b, 0xa9, 0x62,
    0x48, 0x52, 0x0a, 0x7b, 0xcd, 0x93, 0xcd, 0x9b, 0x8c, 0x8b, 0x0b, 0x73,
    0x4b, 0x7b, 0x8c, 0x8b, 0xed, 0x93, 0x0e, 0x9c, 0xad, 0x93, 0x90, 0xac,
    0x11, 0xbd, 0xee, 0x9b, 0x2e, 0xa4, 0xcd, 0x9b, 0xcc, 0x8b, 0x4b, 0x83,
    0x4b, 0x83, 0x0d, 0xa4, 0x6a, 0x8b, 0xcd, 0x9b, 0xb0, 0xbc, 0x11, 0xc5,
    0xcf, 0xbc, 0xd0, 0xbc, 0x4e, 0xb4, 0x4d, 0xb4, 0xab, 0xa3, 0xab, 0x9b,
    0x4e, 0xb4, 0xaf, 0xc4, 0xf0, 0xcc, 0xae, 0xc4, 0xae, 0xc4, 0xef, 0xcc,
    0x6e, 0xc4, 0x4e, 0xbc, 0xaf, 0xc4, 0xef, 0xcc, 0xef, 0xcc, 0x8f, 0xc4,
    0x52, 0xcd, 0xf4, 0xe5, 0x51, 0xd5, 0xf0, 0xc4, 0x93, 0xd5, 0xb3, 0xd5,
    0x93, 0xd5, 0x36, 0xe6, 0x97, 0xee, 0x15, 0xe6, 0x77, 0xe6, 0xb8, 0xee,
    0x77, 0xee, 0x16, 0xde, 0x36, 0xe6, 0x77, 0xe6, 0x57, 0xe6, 0x36, 0xe6,
    0x37, 0xde, 0x57, 0xe6, 0x57, 0xe6, 0x36, 0xe6, 0xf5, 0xd5, 0xb4, 0xcd,
    0xf5, 0xd5, 0x36, 0xde, 0x36, 0xde, 0x36, 0xde, 0xf5, 0xdd, 0xf5, 0xdd,
    0x15, 0xde, 0xb5, 0xd5, 0x73, 0xcd, 0xb4, 0xcd, 0xb5, 0xd5, 0x56, 0xe6,
    0x16, 0xde, 0xf6, 0xdd, 0x98, 0xe6, 0xb8, 0xee, 0x98, 0xe6, 0x36, 0xe6,
    0x97, 0xee, 0x36, 0xde, 0xf5, 0xdd, 0x56, 0xe6, 0xb4, 0xd5, 0xf5, 0xdd,
    0xd5, 0xd5, 0x35, 0xe6, 0x56, 0xee, 0xf5, 0xdd, 0x16, 0xe6, 0x56, 0xee,
    0x56, 0xee, 0x98, 0xee, 0xf5, 0xe5, 0x74, 0xdd, 0xd6, 0xe5, 0x94, 0xe5,
    0x74, 0xe5, 0xb4, 0xe5, 0x13, 0xd5, 0x8e, 0xb3, 0xef, 0xbb, 0x91, 0xcc,
    0x90, 0xcc, 0x13, 0xd5, 0xf2, 0xcc, 0x13, 0xd5, 0x54, 0xd5, 0xf2, 0xcc,
    0x74, 0xd5, 0xb5, 0xdd, 0x54, 0xd5, 0xd5, 0xe5, 0xd7, 0xe5, 0x17, 0xe6,
    0x36, 0xe6, 0x37, 0xe6, 0x78, 0xee, 0x98, 0xee, 0xd9, 0xf6, 0xb9, 0xf6,
    0xd8, 0xee, 0xd9, 0xee, 0x99, 0xee, 0x98, 0xee, 0x16, 0xde, 0xd5, 0xd5,
    0x15, 0xde, 0xd5, 0xd5, 0x57, 0xe6, 0x57, 0xe6, 0x16, 0xde, 0x99, 0xee,
    0xb9, 0xf6, 0xb8, 0xee, 0xfa, 0xee, 0x5c, 0xf7, 0x5c, 0xf7, 0x5c, 0xff,
    0x3b, 0xf7, 0x5c, 0xff, 0x9d, 0xff, 0x9d, 0xff, 0x5c, 0xff, 0x5c, 0xf7,
    0x5c, 0xf7, 0x5b, 0xf7, 0x7d, 0xff, 0x9e, 0xff, 0x7d, 0xff, 0x9d, 0xff,
    0xde, 0xff, 0xdf, 0xff, 0xbe, 0xff, 0xde, 0xff, 0xbe, 0xff, 0xbe, 0xff,
    0x9d, 0xff, 0x7c, 0xff, 0x7d, 0xff, 0x9d, 0xff, 0x7d, 0xf7, 0x7d, 0xff,
    0x9d, 0xff, 0x9d, 0xff, 0x7e, 0xff, 0x7d, 0xf7, 0x7d, 0xff, 0x7c, 0xff,
    0x9d, 0xf7, 0x9d, 0xff, 0x9e, 0xff, 0x7e, 0xff, 0x9d, 0xff, 0x9d, 0xff,
    0x9e, 0xf7, 0x9d, 0xff, 0x9e, 0xff, 0xbd, 0xff, 0xbe, 0xff, 0xbe, 0xff,
    0xbe, 0xff, 0xbe, 0xff, 0xbe, 0xff, 0xbe, 0xff, 0xbe, 0xff, 0xbe, 0xff,
    0xbe, 0xff, 0xbe, 0xff, 0xbe, 0xff, 0xbe, 0xff, 0xbe, 0xff, 0xbe, 0xff,
    0x9e, 0xff, 0xbd, 0xff, 0x9d, 0xff, 0x9e, 0xff, 0xbe, 0xff, 0x7e, 0xff,
    0x7d, 0xff, 0x5c, 0xff, 0x3c, 0xf7, 0x3c, 0xf7, 0xfa, 0xee, 0xfa, 0xe6,
    0x99, 0xe6, 0x58, 0xde, 0x17, 0xd6, 0xb6, 0xcd, 0x95, 0xc5, 0x74, 0xbd,
    0x33, 0xc5, 0x13, 0xbd, 0x54, 0xbd, 0x38, 0xde, 0x54, 0xbd, 0x94, 0xcd,
    0xd5, 0xd5, 0xf6, 0xd5, 0x36, 0xde, 0x37, 0xde, 0x57, 0xe6, 0x98, 0xe6,
    0x98, 0xe6, 0xb9, 0xee, 0xd9, 0xe6, 0xd9, 0xee, 0xb9, 0xee, 0xda, 0xee,
    0xda, 0xee, 0xd9, 0xee, 0xda, 0xee, 0xda, 0xee, 0xda, 0xee, 0xda, 0xee,
    0xda, 0xee, 0xda, 0xee, 0xda, 0xee, 0xda, 0xe6, 0xda, 0xee, 0xda, 0xee,
    0xda, 0xee, 0xda, 0xe6, 0xda, 0xe6, 0xda, 0xe6, 0xda, 0xe6, 0xda, 0xe6,
    0x37, 0xde, 0x36, 0xde, 0x57, 0xde, 0x77, 0xe6, 0x77, 0xe6, 0x98, 0xe6,
    0xb8, 0xee, 0xb8, 0xee, 0xd9, 0xee, 0xd9, 0xf6, 0xf9, 0xf6, 0xfa, 0xf6,
    0x1a, 0xf7, 0x3a, 0xf7, 0x3b, 0xff, 0x3b, 0xff, 0x5b, 0xff, 0x5c, 0xff,
    0x5b, 0xff, 0x5b, 0xff, 0x5b, 0xff, 0x5b, 0xff, 0x5b, 0xf7, 0x3b, 0xff,
    0x3b, 0xff, 0x3b, 0xf7, 0x1a, 0xf7, 0x1a, 0xf7, 0xfa, 0xf6, 0xfa, 0xee,
    0xd9, 0xee, 0xb9, 0xee, 0xb9, 0xee, 0xb8, 0xe6, 0x98, 0xe6, 0x78, 0xe6,
    0x98, 0xde, 0x98, 0xe6, 0x78, 0xe6, 0x99, 0xe6, 0xb8, 0xe6, 0x98, 0xe6,
    0xb9, 0xe6, 0xb9, 0xe6, 0xb9, 0xee, 0xb9, 0xe6, 0x98, 0xe6, 0x78, 0xe6,
    0x16, 0xde, 0xb4, 0xcd, 0x12, 0xb5, 0x4f, 0x9c, 0x6c, 0x83, 0x0b, 0x73,
    0x4b, 0x7b, 0x4b, 0x83, 0x4b, 0x83, 0x4b, 0x83, 0x6b, 0x8b, 0x4b, 0x83,
    0x4b, 0x83, 0xea, 0x72, 0x2b, 0x83, 0xcd, 0x93, 0x8d, 0x8b, 0xcd, 0x8b,
    0x0e, 0x9c, 0xad, 0x8b, 0x6c, 0x83, 0xcd, 0x8b, 0x70, 0xac, 0x11, 0xbd,
    0x32, 0xc5, 0xf1, 0xb4, 0xb1, 0xb4, 0xb0, 0xb4, 0xb0, 0xac, 0xf1, 0xb4,
    0xd1, 0xb4, 0xb0, 0xb4, 0x93, 0xcd, 0x32, 0xbd, 0x11, 0xc5, 0x52, 0xc5,
    0x31, 0xcd, 0xf1, 0xbc, 0xb0, 0xb4, 0xd0, 0xbc, 0x6e, 0xb4, 0x6b, 0x93,
    0x2a, 0x83, 0x09, 0x7b, 0xa9, 0x72, 0x2a, 0x8b, 0xec, 0xa3, 0x2d, 0xb4,
    0x0d, 0xa4, 0x2d, 0xb4, 0x8e, 0xbc, 0x6e, 0xbc, 0xaf, 0xc4, 0xaf, 0xbc,
    0x6d, 0xbc, 0x8e, 0xc4, 0x8e, 0xc4, 0x8e, 0xbc, 0xaf, 0xc4, 0x51, 0xd5,
    0x11, 0xcd, 0x31, 0xd5, 0xb4, 0xdd, 0xb3, 0xd5, 0x73, 0xd5, 0x52, 0xcd,
    0x15, 0xe6, 0x98, 0xee, 0x77, 0xee, 0x56, 0xe6, 0x36, 0xe6, 0xf5, 0xdd,
    0x16, 0xde, 0x56, 0xde, 0x56, 0xe6, 0x56, 0xe6, 0x56, 0xe6, 0x77, 0xe6,
    0x97, 0xee, 0x97, 0xee, 0x36, 0xde, 0xd5, 0xd5, 0x94, 0xcd, 0xb4, 0xd5,
    0x15, 0xde, 0xf5, 0xdd, 0xb5, 0xd5, 0x74, 0xcd, 0x73, 0xcd, 0xb5, 0xcd,
    0xb5, 0xd5, 0xd4, 0xd5, 0x16, 0xde, 0xf5, 0xd5, 0xb5, 0xcd, 0x57, 0xe6,
    0x98, 0xee, 0x37, 0xe6, 0xb8, 0xe6, 0xb8, 0xee, 0x36, 0xe6, 0x36, 0xde,
    0x36, 0xde, 0xf5, 0xdd, 0xb5, 0xd5, 0x36, 0xe6, 0x94, 0xcd, 0xd5, 0xdd,
    0xd5, 0xdd, 0xd4, 0xd5, 0x56, 0xe6, 0xf5, 0xdd, 0x16, 0xe6, 0x36, 0xe6,
    0x57, 0xee, 0x56, 0xee, 0xf5, 0xdd, 0x53, 0xd5, 0x74, 0xdd, 0xb4, 0xdd,
    0xd5, 0xe5, 0x74, 0xdd, 0xb5, 0xe5, 0x33, 0xd5, 0x30, 0xc4, 0x50, 0xc4,
    0xb1, 0xc4, 0x70, 0xc4, 0x91, 0xc4, 0xf2, 0xcc, 0xd2, 0xcc, 0x54, 0xd5,
    0x74, 0xdd, 0x13, 0xd5, 0xb4, 0xdd, 0xd5, 0xdd, 0xf5, 0xdd, 0xf5, 0xe5,
    0x37, 0xe6, 0x77, 0xee, 0x57, 0xee, 0x98, 0xee, 0xb8, 0xee, 0xb9, 0xf6,
    0x99, 0xee, 0x98, 0xf6, 0x98, 0xee, 0x77, 0xee, 0x56, 0xde, 0xf5, 0xdd,
    0xd5, 0xd5, 0x93, 0xcd, 0x36, 0xe6, 0x15, 0xde, 0xf5, 0xd5, 0x77, 0xee,
    0xf9, 0xee, 0xda, 0xee, 0xd9, 0xf6, 0x1b, 0xf7, 0x3b, 0xf7, 0x1b, 0xf7,
    0x3b, 0xf7, 0x3b, 0xf7, 0x3b, 0xff, 0x3c, 0xf7, 0x1b, 0xf7, 0x5c, 0xf7,
    0xbd, 0xff, 0x7d, 0xff, 0x7c, 0xff, 0x7d, 0xff, 0xbe, 0xff, 0xbe, 0xff,
    0x9e, 0xff, 0xbe, 0xff, 0x9d, 0xff, 0x9d, 0xff, 0x9d, 0xff, 0xbe, 0xff,
    0x9d, 0xff, 0x9e, 0xff, 0x9e, 0xff, 0x9d, 0xff, 0x9e, 0xff, 0x9d, 0xff,
    0xbd, 0xff, 0x9e, 0xff, 0x9d, 0xff, 0x9d, 0xff, 0x9d, 0xff, 0x7d, 0xff,
    0x7d, 0xf7, 0x7d, 0xff, 0x9d, 0xff, 0x7d, 0xff, 0x7d, 0xf7, 0x7d, 0xff,
    0x9d, 0xf7, 0x9d, 0xff, 0x9d, 0xff, 0x9d, 0xff, 0x9e, 0xff, 0x9d, 0xff,
    0xbe, 0xff, 0xbe, 0xff, 0xbe, 0xff, 0xbe, 0xff, 0xbe, 0xff, 0xbe, 0xff,
    0xbe, 0xff, 0xbe, 0xff, 0xbe, 0xff, 0xbe, 0xff, 0xbe, 0xff, 0xde, 0xff,
    0xbe, 0xff, 0xbe, 0xff, 0xbe, 0xff, 0xbe, 0xff, 0x9d, 0xff, 0x9e, 0xff,
    0x9d, 0xff, 0x9d, 0xf7, 0x7d, 0xf7, 0x7c, 0xf7, 0x3c, 0xf7, 0xfb, 0xee,
    0xfa, 0xee, 0xb9, 0xe6, 0x78, 0xde, 0x37, 0xde, 0xd6, 0xd5, 0x94, 0xcd,
    0x74, 0xbd, 0x34, 0xbd, 0x33, 0xbd, 0x13, 0xbd, 0x16, 0xd6, 0xb5, 0xc5,
    0x74, 0xc5, 0xb5, 0xd5, 0xd5, 0xdd, 0x16, 0xde, 0x37, 0xde, 0x57, 0xde,
    0x78, 0xe6, 0x98, 0xe6, 0x99, 0xe6, 0x99, 0xee, 0xb9, 0xee, 0xb9, 0xee,
    0xd9, 0xee, 0xba, 0xee, 0xd9, 0xee, 0xda, 0xee, 0xda, 0xee, 0xda, 0xe6,
    0xda, 0xee, 0xda, 0xee, 0xd9, 0xe6, 0xda, 0xe6, 0xb9, 0xee, 0xba, 0xe6,
    0xda, 0xe6, 0xd9, 0xee, 0xba, 0xee, 0xda, 0xee, 0xda, 0xee, 0xda, 0xee,
    0xba, 0xee, 0xf6, 0xdd, 0xf5, 0xdd, 0x16, 0xde, 0x37, 0xe6, 0x36, 0xe6,
    0x57, 0xe6, 0x77, 0xe6, 0x78, 0xee, 0x77, 0xee, 0x98, 0xee, 0xb8, 0xee,
    0xd8, 0xee, 0xd9, 0xf6, 0xf9, 0xee, 0x19, 0xf7, 0x1a, 0xf7, 0x1b, 0xf7,
    0x3b, 0xf7, 0x1b, 0xff, 0x3a, 0xf7, 0x1a, 0xf7, 0xfb, 0xf6, 0x1a, 0xf7,
    0xfa, 0xf6, 0xd9, 0xee, 0xf9, 0xee, 0xd9, 0xee, 0xb9, 0xee, 0xb9, 0xee,
    0xb9, 0xe6, 0x98, 0xe6, 0x77, 0xe6, 0x57, 0xde, 0x57, 0xde, 0x37, 0xde,
    0x36, 0xde, 0x16, 0xd6, 0x36, 0xd6, 0x17, 0xd6, 0x16, 0xde, 0x57, 0xd6,
    0x57, 0xde, 0x57, 0xe6, 0x78, 0xe6, 0x37, 0xde, 0x37, 0xde, 0xf6, 0xd5,
    0xb5, 0xd5, 0x74, 0xc5, 0x33, 0xbd, 0xd1, 0xb4, 0x2f, 0x9c, 0xcd, 0x93,
    0xcd, 0x93, 0xcd, 0x93, 0xee, 0x93, 0xee, 0x9b, 0x0e, 0x9c, 0x2e, 0x9c,
    0x4f, 0x9c, 0x2e, 0x9c, 0x0e, 0x9c, 0xac, 0x8b, 0xad, 0x8b, 0x0e, 0x9c,
    0x4f, 0xa4, 0x6f, 0xa4, 0xf1, 0xbc, 0x32, 0xc5, 0x32, 0xbd, 0xf2, 0xb4,
    0xf1, 0xb4, 0x32, 0xbd, 0x94, 0xd5, 0x94, 0xd5, 0x73, 0xcd, 0x94, 0xcd,
    0x32, 0xc5, 0x32, 0xc5, 0x12, 0xbd, 0x53, 0xc5, 0x93, 0xcd, 0x53, 0xc5,
    0x52, 0xc5, 0x31, 0xc5, 0xd1, 0xbc, 0x6f, 0xac, 0x8f, 0xb4, 0x8f, 0xb4,
    0x8f, 0xb4, 0x0d, 0xa4, 0xed, 0xa3, 0xac, 0x9b, 0xcc, 0xa3, 0xcc, 0x9b,
    0x6b, 0x93, 0x2d, 0xac, 0xcf, 0xbc, 0x6f, 0xb4, 0x2e, 0xac, 0xed, 0xa3,
    0x4d, 0xb4, 0xcf, 0xc4, 0xaf, 0xc4, 0x10, 0xcd, 0x11, 0xd5, 0x10, 0xcd,
    0xaf, 0xbc, 0x51, 0xd5, 0x92, 0xd5, 0x11, 0xc5, 0x52, 0xd5, 0x72, 0xd5,
    0x77, 0xee, 0x56, 0xe6, 0xf5, 0xdd, 0xd4, 0xd5, 0xf5, 0xdd, 0x56, 0xe6,
    0x97, 0xee, 0x76, 0xe6, 0x56, 0xe6, 0x77, 0xe6, 0x98, 0xee, 0xb8, 0xee,
    0x77, 0xe6, 0xf5, 0xd5, 0xb4, 0xcd, 0xd4, 0xd5, 0x16, 0xde, 0x16, 0xde,
    0xf5, 0xdd, 0xb4, 0xcd, 0xb4, 0xcd, 0x94, 0xcd, 0x94, 0xcd, 0xb4, 0xd5,
    0xb4, 0xcd, 0xf6, 0xdd, 0x77, 0xe6, 0x36, 0xde, 0xf5, 0xd5, 0x76, 0xee,
    0x98, 0xe6, 0x77, 0xe6, 0x77, 0xe6, 0x56, 0xe6, 0xf6, 0xd5, 0xb5, 0xd5,
    0xb4, 0xd5, 0x53, 0xc5, 0x73, 0xc5, 0xd5, 0xdd, 0xd5, 0xd5, 0x93, 0xd5,
    0x36, 0xde, 0x16, 0xde, 0x36, 0xe6, 0xb5, 0xdd, 0x36, 0xe6, 0x77, 0xee,
    0x77, 0xee, 0x37, 0xe6, 0x94, 0xd5, 0x73, 0xd5, 0x74, 0xd5, 0x74, 0xdd,
    0x94, 0xe5, 0x95, 0xdd, 0xd5, 0xe5, 0x94, 0xdd, 0xd1, 0xc4, 0x70, 0xc4,
    0x91, 0xc4, 0x91, 0xc4, 0xb2, 0xcc, 0xb2, 0xcc, 0xf2, 0xcc, 0x73, 0xd5,
    0x13, 0xcd, 0x74, 0xdd, 0xb5, 0xdd, 0xd5, 0xe5, 0xf6, 0xdd, 0x37, 0xe6,
    0x16, 0xe6, 0x37, 0xe6, 0x58, 0xe6, 0xb8, 0xee, 0x98, 0xee, 0x98, 0xee,
    0xb9, 0xee, 0xf9, 0xf6, 0x57, 0xe6, 0x98, 0xee, 0x16, 0xde, 0x93, 0xcd,
    0x53, 0xc5, 0x73, 0xcd, 0x36, 0xe6, 0x16, 0xde, 0x57, 0xe6, 0xd8, 0xf6,
    0xd9, 0xee, 0xd9, 0xee, 0xd9, 0xf6, 0xf9, 0xf6, 0x1a, 0xf7, 0xda, 0xee,
    0x1a, 0xf7, 0x3b, 0xf7, 0x3b, 0xf7, 0xfa, 0xf6, 0x5b, 0xf7, 0x7c, 0xff,
    0x7c, 0xff, 0x9d, 0xff, 0x5c, 0xff, 0x9e, 0xff, 0xbd, 0xff, 0xbd, 0xff,
    0x9d, 0xff, 0x9d, 0xff, 0x7d, 0xff, 0xbe, 0xff, 0x7d, 0xff, 0x5d, 0xf7,
    0x9d, 0xff, 0x9d, 0xff, 0xbe, 0xff, 0xbe, 0xff, 0xbe, 0xff, 0xbe, 0xff,
    0x9d, 0xff, 0x7d, 0xff, 0x7d, 0xff, 0x9e, 0xff, 0x9d, 0xff, 0x9e, 0xff,
    0x9d, 0xff, 0x9d, 0xff, 0x9d, 0xff, 0x7d, 0xff, 0x7d, 0xf7, 0x7d, 0xff,
    0x7d, 0xf7, 0x9d, 0xff, 0x7d, 0xff, 0x7d, 0xff, 0x9d, 0xff, 0x7d, 0xf7,
    0x7d, 0xf7, 0x9d, 0xff, 0x9e, 0xff, 0x9e, 0xff, 0x9e, 0xff, 0xbe, 0xff,
    0xbe, 0xff, 0xbe, 0xff, 0xbe, 0xff, 0xbe, 0xff, 0xde, 0xff, 0x9e, 0xff,
    0xbe, 0xff, 0xbe, 0xff, 0xbe, 0xff, 0x9e, 0xff, 0xbe, 0xff, 0x9d, 0xff,
    0x7e, 0xff, 0x9e, 0xff, 0x7d, 0xff, 0x7c, 0xff, 0x5c, 0xf7, 0x3b, 0xf7,
    0x1c, 0xf7, 0x1b, 0xef, 0xd9, 0xee, 0x99, 0xe6, 0x58, 0xd6, 0x17, 0xce,
    0xd6, 0xcd, 0x94, 0xc5, 0x54, 0xbd, 0x33, 0xbd, 0x32, 0xbd, 0x94, 0xc5,
    0x17, 0xde, 0x74, 0xc5, 0xb5, 0xcd, 0xf6, 0xcd, 0xf6, 0xdd, 0x16, 0xde,
    0x37, 0xe6, 0x58, 0xe6, 0x78, 0xe6, 0x98, 0xe6, 0xb9, 0xe6, 0x99, 0xe6,
    0xb9, 0xe6, 0xd9, 0xe6, 0xd9, 0xe6, 0xba, 0xee, 0xd9, 0xee, 0xb9, 0xee,
    0xd9, 0xe6, 0xd9, 0xee, 0xb9, 0xee, 0xb9, 0xe6, 0xd9, 0xe6, 0xd9, 0xe6,
    0xb9, 0xee, 0xb9, 0xe6, 0xd9, 0xe6, 0xba, 0xe6, 0xd9, 0xe6, 0xb9, 0xee,
    0xba, 0xe6, 0xd9, 0xe6, 0xd5, 0xd5, 0xf5, 0xd5, 0xf5, 0xd5, 0xf5, 0xd5,
    0x15, 0xde, 0x36, 0xde, 0x16, 0xe6, 0x36, 0xde, 0x57, 0xde, 0x77, 0xe6,
    0x77, 0xe6, 0x98, 0xe6, 0xb8, 0xee, 0xb9, 0xee, 0xd9, 0xee, 0xd9, 0xf6,
    0xfa, 0xf6, 0xf9, 0xf6, 0xf9, 0xf6, 0xf9, 0xf6, 0xd9, 0xee, 0xd9, 0xee,
    0xb8, 0xee, 0x98, 0xee, 0x97, 0xe6, 0x77, 0xe6, 0x57, 0xe6, 0x77, 0xde,
    0x57, 0xde, 0x36, 0xde, 0x36, 0xde, 0x16, 0xd6, 0xf6, 0xd5, 0xf5, 0xd5,
    0xd5, 0xcd, 0xd5, 0xcd, 0xd5, 0xcd, 0xb5, 0xcd, 0xb5, 0xcd, 0xd5, 0xcd,
    0xb4, 0xcd, 0xd5, 0xcd, 0xd5, 0xcd, 0xd5, 0xcd, 0xb5, 0xcd, 0x94, 0xc5,
    0x74, 0xbd, 0x53, 0xbd, 0x33, 0xbd, 0x32, 0xbd, 0xd2, 0xb4, 0x70, 0xa4,
    0x6f, 0xa4, 0x90, 0xac, 0x90, 0xac, 0xb0, 0xac, 0xb0, 0xb4, 0xb0, 0xb4,
    0xb0, 0xac, 0xb0, 0xac, 0x90, 0xac, 0x90, 0xac, 0xb0, 0xac, 0xd0, 0xb4,
    0xb0, 0xac, 0x91, 0xac, 0xd1, 0xac, 0x90, 0xac, 0xb1, 0xac, 0x11, 0xb5,
    0x32, 0xc5, 0x33, 0xc5, 0x12, 0xbd, 0x32, 0xbd, 0x73, 0xc5, 0x32, 0xc5,
    0x52, 0xc5, 0x53, 0xc5, 0xb4, 0xd5, 0x73, 0xcd, 0x52, 0xc5, 0x32, 0xc5,
    0x73, 0xc5, 0x11, 0xbd, 0x52, 0xc5, 0x53, 0xc5, 0xf1, 0xc4, 0xd0, 0xbc,
    0x4e, 0xa4, 0x6f, 0xac, 0xb0, 0xbc, 0xaf, 0xbc, 0x4e, 0xac, 0xcc, 0x9b,
    0xac, 0x9b, 0x4e, 0xac, 0xec, 0xab, 0x2a, 0x83, 0x0a, 0x83, 0xcc, 0x9b,
    0x6e, 0xbc, 0x4e, 0xbc, 0x6e, 0xbc, 0x8e, 0xbc, 0x6d, 0xbc, 0x4e, 0xb4,
    0xd0, 0xc4, 0x31, 0xcd, 0xaf, 0xbc, 0xf0, 0xc4, 0xb3, 0xdd, 0xb3, 0xdd,
    0x35, 0xe6, 0xd4, 0xdd, 0x93, 0xd5, 0xf5, 0xdd, 0x57, 0xe6, 0x36, 0xe6,
    0x15, 0xde, 0x36, 0xde, 0x77, 0xee, 0x77, 0xe6, 0x98, 0xee, 0x77, 0xe6,
    0xd5, 0xd5, 0xb4, 0xd5, 0x16, 0xde, 0xf5, 0xdd, 0x15, 0xde, 0xf5, 0xd5,
    0xd5, 0xd5, 0xf5, 0xd5, 0xd5, 0xd5, 0x94, 0xcd, 0x73, 0xcd, 0xd4, 0xd5,
    0xf6, 0xd5, 0x37, 0xe6, 0x97, 0xe6, 0x36, 0xe6, 0xf5, 0xd5, 0x37, 0xde,
    0x77, 0xe6, 0x57, 0xe6, 0x36, 0xde, 0xd5, 0xd5, 0xd5, 0xd5, 0xd5, 0xd5,
    0xb4, 0xd5, 0x12, 0xbd, 0x73, 0xc5, 0xb4, 0xd5, 0xf6, 0xdd, 0xd5, 0xd5,
    0x36, 0xde, 0x36, 0xde, 0xb8, 0xee, 0x16, 0xde, 0xf5, 0xe5, 0x97, 0xee,
    0x57, 0xe6, 0x16, 0xe6, 0x73, 0xcd, 0x74, 0xd5, 0xd5, 0xdd, 0x94, 0xd5,
    0xb5, 0xdd, 0x74, 0xdd, 0x95, 0xdd, 0xd5, 0xdd, 0x53, 0xd5, 0x50, 0xbc,
    0x71, 0xc4, 0x91, 0xc4, 0x70, 0xc4, 0xf2, 0xcc, 0x33, 0xcd, 0x33, 0xd5,
    0x53, 0xd5, 0x94, 0xdd, 0x73, 0xd5, 0x74, 0xd5, 0xb6, 0xdd, 0xf5, 0xe5,
    0xd5, 0xdd, 0x37, 0xe6, 0x98, 0xee, 0x57, 0xee, 0x57, 0xee, 0xb8, 0xee,
    0x78, 0xee, 0x57, 0xee, 0x98, 0xee, 0x77, 0xee, 0x94, 0xcd, 0x93, 0xd5,
    0x94, 0xd5, 0xb4, 0xd5, 0xf5, 0xdd, 0xf5, 0xdd, 0x77, 0xe6, 0xb8, 0xee,
    0x37, 0xe6, 0x98, 0xe6, 0x98, 0xee, 0xd9, 0xee, 0xd9, 0xee, 0x3b, 0xf7,
    0x3b, 0xf7, 0xb9, 0xee, 0x3b, 0xf7, 0x5c, 0xff, 0x1b, 0xef, 0xfb, 0xf6,
    0x3b, 0xf7, 0x5c, 0xf7, 0x5d, 0xff, 0x9d, 0xff, 0x9d, 0xff, 0x7d, 0xff,
    0x7d, 0xf7, 0x7c, 0xf7, 0x5c, 0xf7, 0x7d, 0xff, 0x7d, 0xff, 0x9e, 0xff,
    0x9d, 0xff, 0x5d, 0xf7, 0x7c, 0xff, 0x7d, 0xff, 0x9e, 0xff, 0x9d, 0xff,
    0xbd, 0xff, 0xbe, 0xff, 0x9d, 0xff, 0x9d, 0xff, 0x9e, 0xff, 0xbe, 0xff,
    0x9d, 0xff, 0x9e, 0xff, 0x9d, 0xff, 0x9d, 0xff, 0x9d, 0xff, 0x9d, 0xff,
    0x9d, 0xff, 0x9d, 0xff, 0x7d, 0xff, 0x7d, 0xf7, 0x9d, 0xff, 0x7d, 0xff,
    0x7d, 0xff, 0x7d, 0xff, 0x7d, 0xf7, 0x9d, 0xff, 0x9d, 0xff, 0x9d, 0xff,
    0x9e, 0xff, 0x9e, 0xff, 0x9e, 0xff, 0xbe, 0xff, 0xbe, 0xff, 0xbe, 0xff,
    0xbe, 0xff, 0xbe, 0xff, 0x9e, 0xff, 0xbe, 0xff, 0xbe, 0xff, 0x9d, 0xff,
    0xbe, 0xff, 0x9e, 0xf7, 0x9d, 0xff, 0x7d, 0xf7, 0x7d, 0xff, 0x5d, 0xff,
    0x5c, 0xf7, 0x3b, 0xf7, 0x1b, 0xef, 0xda, 0xe6, 0x99, 0xe6, 0x78, 0xde,
    0x17, 0xde, 0xd6, 0xcd, 0xb6, 0xcd, 0x74, 0xc5, 0x54, 0xc5, 0x33, 0xbd,
    0x33, 0xbd, 0x37, 0xde, 0x75, 0xc5, 0xb4, 0xcd, 0xd5, 0xcd, 0xf6, 0xd5,
    0x16, 0xde, 0x37, 0xde, 0x57, 0xe6, 0x78, 0xe6, 0x78, 0xe6, 0xb9, 0xe6,
    0x98, 0xee, 0xb9, 0xe6, 0xb9, 0xee, 0xb9, 0xee, 0xb9, 0xee, 0xb9, 0xe6,
    0xb9, 0xe6, 0xb9, 0xee, 0xba, 0xe6, 0xb9, 0xe6, 0xb9, 0xe6, 0xd9, 0xee,
    0xba, 0xe6, 0xba, 0xee, 0xb9, 0xe6, 0xba, 0xee, 0xb9, 0xe6, 0xd9, 0xe6,
    0xba, 0xe6, 0xb9, 0xe6, 0xb9, 0xe6, 0xb4, 0xcd, 0x94, 0xd5, 0xb4, 0xd5,
    0xb4, 0xd5, 0xd4, 0xd5, 0xf5, 0xd5, 0xf5, 0xd5, 0x15, 0xde, 0x35, 0xde,
    0x36, 0xde, 0x37, 0xe6, 0x57, 0xe6, 0x77, 0xe6, 0x98, 0xe6, 0xb8, 0xe6,
    0xb8, 0xee, 0x98, 0xee, 0xb8, 0xee, 0x99, 0xee, 0x97, 0xee, 0x97, 0xe6,
    0x77, 0xe6, 0x37, 0xde, 0x36, 0xde, 0x15, 0xde, 0x15, 0xd6, 0xd6, 0xd5,
    0xd5, 0xdd, 0xf5, 0xd5, 0xd5, 0xd5, 0xd4, 0xcd, 0xb5, 0xcd, 0x94, 0xd5,
    0x94, 0xcd, 0x74, 0xcd, 0x73, 0xcd, 0x73, 0xc5, 0x53, 0xc5, 0x52, 0xc5,
    0x52, 0xbd, 0x33, 0xbd, 0x52, 0xbd, 0x33, 0xbd, 0x33, 0xbd, 0x33, 0xbd,
    0xf2, 0xbc, 0x12, 0xbd, 0x32, 0xc5, 0x53, 0xbd, 0xf1, 0xb4, 0xb1, 0xac,
    0xb1, 0xac, 0xd1, 0xb4, 0xb1, 0xac, 0xb1, 0xac, 0xb0, 0xac, 0x90, 0xac,
    0xb1, 0xac, 0xd1, 0xb4, 0xd1, 0xb4, 0xb1, 0xb4, 0x12, 0xbd, 0x53, 0xc5,
    0xb4, 0xcd, 0xd4, 0xd5, 0x15, 0xde, 0x15, 0xde, 0x57, 0xe6, 0x57, 0xe6,
    0xf5, 0xd5, 0x94, 0xcd, 0xf5, 0xd5, 0xf5, 0xd5, 0xd5, 0xd5, 0xb5, 0xd5,
    0xd5, 0xd5, 0x16, 0xde, 0x15, 0xd6, 0x94, 0xd5, 0xd5, 0xd5, 0xd4, 0xd5,
    0xb3, 0xd5, 0xd4, 0xd5, 0x36, 0xe6, 0xf5, 0xdd, 0xd4, 0xdd, 0x15, 0xde,
    0xb4, 0xd5, 0x11, 0xbd, 0xf1, 0xc4, 0x32, 0xc5, 0xd0, 0xbc, 0xd0, 0xbc,
    0x4e, 0xb4, 0x8f, 0xb4, 0x4e, 0xb4, 0x0d, 0xa4, 0xab, 0xa3, 0x2d, 0xac,
    0xaf, 0xc4, 0x6e, 0xb4, 0x8b, 0x9b, 0xcd, 0x9b, 0x4d, 0xac, 0x6e, 0xbc,
    0x0d, 0xb4, 0x0d, 0xac, 0xaf, 0xbc, 0xb3, 0xdd, 0xb3, 0xdd, 0x93, 0xd5,
    0xd4, 0xdd, 0x32, 0xc5, 0x73, 0xcd, 0xf4, 0xdd, 0xf5, 0xdd, 0xb3, 0xd5,
    0xf5, 0xd5, 0x77, 0xe6, 0x57, 0xe6, 0x16, 0xde, 0x36, 0xde, 0x15, 0xde,
    0xb4, 0xd5, 0x36, 0xde, 0x36, 0xde, 0xd5, 0xdd, 0xf5, 0xdd, 0xf5, 0xd5,
    0xf5, 0xd5, 0xd4, 0xd5, 0x74, 0xcd, 0x94, 0xcd, 0x93, 0xcd, 0xd4, 0xd5,
    0x36, 0xde, 0x56, 0xde, 0x77, 0xe6, 0x36, 0xde, 0xd5, 0xd5, 0x36, 0xde,
    0x37, 0xe6, 0x16, 0xde, 0x15, 0xde, 0x12, 0xbd, 0x33, 0xc5, 0x94, 0xd5,
    0x93, 0xcd, 0xf6, 0xd5, 0x94, 0xd5, 0x15, 0xde, 0xd5, 0xd5, 0x16, 0xde,
    0x36, 0xe6, 0xd5, 0xd5, 0x77, 0xe6, 0x57, 0xe6, 0xd5, 0xdd, 0x77, 0xe6,
    0x16, 0xde, 0xb5, 0xd5, 0x94, 0xcd, 0x94, 0xd5, 0x94, 0xd5, 0xb4, 0xdd,
    0xd5, 0xdd, 0xf6, 0xe5, 0xb4, 0xdd, 0xf5, 0xe5, 0x33, 0xcd, 0xd2, 0xc4,
    0x30, 0xbc, 0x50, 0xbc, 0xd1, 0xcc, 0xf2, 0xc4, 0xf1, 0xc4, 0x32, 0xd5,
    0x32, 0xcd, 0x53, 0xd5, 0x94, 0xd5, 0x94, 0xdd, 0xd5, 0xdd, 0xd5, 0xdd,
    0x36, 0xe6, 0x37, 0xe6, 0x37, 0xe6, 0x77, 0xe6, 0x58, 0xee, 0x77, 0xee,
    0x37, 0xe6, 0x77, 0xee, 0x77, 0xee, 0x16, 0xde, 0xf5, 0xd5, 0xf5, 0xdd,
    0xb4, 0xd5, 0xf5, 0xdd, 0x16, 0xde, 0x15, 0xde, 0x16, 0xe6, 0x36, 0xde,
    0x78, 0xe6, 0x98, 0xee, 0xd9, 0xee, 0xd9, 0xee, 0xda, 0xf6, 0xfa, 0xf6,
    0xda, 0xee, 0xfa, 0xf6, 0x1b, 0xf7, 0x5c, 0xf7, 0x7d, 0xff, 0x9d, 0xff,
    0xbe, 0xff, 0xbd, 0xff, 0xbd, 0xff, 0x7d, 0xff, 0xbd, 0xff, 0x9d, 0xff,
    0x9d, 0xff, 0xbe, 0xff, 0x9e, 0xff, 0xbd, 0xff, 0xbe, 0xff, 0x9e, 0xff,
    0xbd, 0xff, 0xbd, 0xff, 0x7d, 0xf7, 0x7c, 0xff, 0x5d, 0xf7, 0x5c, 0xff,
    0x7c, 0xff, 0x7d, 0xff, 0x9d, 0xff, 0xbe, 0xff, 0x9e, 0xff, 0x9d, 0xff,
    0x9d, 0xff, 0x9d, 0xff, 0x7d, 0xf7, 0x7d, 0xff, 0x7d, 0xf7, 0x7d, 0xff,
    0x9d, 0xf7, 0x9d, 0xff, 0x7d, 0xff, 0x7d, 0xff, 0x7d, 0xff, 0x7d, 0xf7,
    0x7d, 0xf7, 0x9d, 0xff, 0x7d, 0xf7, 0x7c, 0xf7, 0x7d, 0xf7, 0x7d, 0xf7,
    0x9d, 0xff, 0x7d, 0xff, 0x9d, 0xf7, 0x9d, 0xff, 0x9d, 0xff, 0x9e, 0xff,
    0x9e, 0xff, 0x9e, 0xff, 0xbe, 0xff, 0xbe, 0xff, 0xbe, 0xff, 0x9e, 0xf7,
    0x9d, 0xff, 0x9d, 0xff, 0x9d, 0xff, 0x9e, 0xff, 0x7d, 0xff, 0x7d, 0xf7,
    0x7c, 0xf7, 0x5c, 0xf7, 0x5c, 0xf7, 0x1c, 0xef, 0xda, 0xee, 0xda, 0xe6,
    0x79, 0xde, 0x38, 0xde, 0xf7, 0xcd, 0xd5, 0xcd, 0x94, 0xc5, 0x74, 0xc5,
    0x74, 0xbd, 0x33, 0xbd, 0xf6, 0xcd, 0xf6, 0xcd, 0x94, 0xc5, 0xb5, 0xd5,
    0xf6, 0xd5, 0x16, 0xd6, 0x36, 0xde, 0x57, 0xde, 0x57, 0xde, 0x78, 0xe6,
    0x98, 0xe6, 0x99, 0xe6, 0x98, 0xe6, 0xb9, 0xe6, 0xb9, 0xe6, 0xb9, 0xe6,
    0xba, 0xe6, 0xb9, 0xee, 0xb9, 0xe6, 0xb9, 0xe6, 0xd9, 0xee, 0xba, 0xe6,
    0x9a, 0xe6, 0xb9, 0xee, 0xb9, 0xee, 0xba, 0xe6, 0xb9, 0xe6, 0xb9, 0xee,
    0xba, 0xe6, 0xb9, 0xe6, 0xb9, 0xe6, 0x99, 0xe6, 0x94, 0xcd, 0x93, 0xcd,
    0x94, 0xcd, 0xb4, 0xcd, 0xb4, 0xcd, 0xd4, 0xd5, 0xb5, 0xd5, 0xf5, 0xd5,
    0xf5, 0xdd, 0x15, 0xde, 0x16, 0xde, 0x16, 0xe6, 0x56, 0xde, 0x57, 0xe6,
    0x57, 0xee, 0x77, 0xe6, 0x97, 0xe6, 0x77, 0xe6, 0x77, 0xde, 0x57, 0xe6,
    0x36, 0xde, 0xf6, 0xdd, 0xf5, 0xd5, 0xb4, 0xcd, 0x94, 0xcd, 0x73, 0xcd,
    0x74, 0xc5, 0x73, 0xc5, 0x73, 0xc5, 0x73, 0xc5, 0x73, 0xcd, 0x53, 0xc5,
    0x53, 0xc5, 0x52, 0xc5, 0x32, 0xc5, 0x12, 0xbd, 0x11, 0xbd, 0xf1, 0xb4,
    0xd1, 0xb4, 0xd1, 0xb4, 0xb1, 0xb4, 0xb1, 0xb4, 0xd0, 0xb4, 0xb0, 0xac,
    0xb0, 0xb4, 0xb0, 0xac, 0xd1, 0xb4, 0xd1, 0xb4, 0xd1, 0xb4, 0xd1, 0xac,
    0xb1, 0xac, 0xd1, 0xac, 0xb1, 0xac, 0xd1, 0xac, 0xd1, 0xb4, 0xd1, 0xac,
    0x12, 0xbd, 0x33, 0xc5, 0x53, 0xc5, 0x94, 0xcd, 0xb4, 0xcd, 0xd5, 0xd5,
    0xf5, 0xd5, 0x94, 0xcd, 0x94, 0xcd, 0x94, 0xcd, 0x94, 0xcd, 0xb4, 0xcd,
    0x15, 0xde, 0x36, 0xde, 0x57, 0xe6, 0x57, 0xde, 0x36, 0xde, 0x36, 0xde,
    0x36, 0xde, 0x36, 0xde, 0x16, 0xde, 0x36, 0xde, 0x77, 0xe6, 0x36, 0xde,
    0xf5, 0xdd, 0xf5, 0xdd, 0xf5, 0xdd, 0xb5, 0xd5, 0x56, 0xe6, 0xf5, 0xdd,
    0x36, 0xe6, 0x56, 0xe6, 0xf5, 0xdd, 0xb3, 0xd5, 0x93, 0xd5, 0x93, 0xcd,
    0xd4, 0xdd, 0x52, 0xcd, 0x52, 0xcd, 0x72, 0xcd, 0x11, 0xc5, 0x31, 0xcd,
    0xd0, 0xc4, 0x4e, 0xb4, 0x2d, 0xac, 0xcc, 0xa3, 0x0c, 0xac, 0xac, 0xa3,
    0xec, 0x9b, 0xae, 0xbc, 0x72, 0xd5, 0x51, 0xd5, 0xae, 0xbc, 0x31, 0xc5,
    0x72, 0xd5, 0x11, 0xc5, 0x93, 0xd5, 0x15, 0xe6, 0xd4, 0xd5, 0xf5, 0xdd,
    0x56, 0xe6, 0x77, 0xe6, 0x16, 0xde, 0x36, 0xde, 0x36, 0xe6, 0x15, 0xde,
    0xf5, 0xdd, 0x15, 0xde, 0xd4, 0xd5, 0xb4, 0xcd, 0x16, 0xde, 0x15, 0xde,
    0xf5, 0xd5, 0x94, 0xcd, 0xd4, 0xd5, 0xd4, 0xd5, 0x53, 0xc5, 0xd5, 0xd5,
    0x56, 0xe6, 0x57, 0xe6, 0x16, 0xde, 0x16, 0xde, 0xd5, 0xd5, 0xb4, 0xd5,
    0x16, 0xde, 0xf5, 0xdd, 0x36, 0xde, 0x33, 0xc5, 0x12, 0xbd, 0x53, 0xc5,
    0x94, 0xcd, 0x36, 0xde, 0xb4, 0xd5, 0xf5, 0xd5, 0xb5, 0xd5, 0x37, 0xe6,
    0x57, 0xe6, 0x94, 0xcd, 0x56, 0xe6, 0x57, 0xe6, 0xb4, 0xd5, 0xb5, 0xdd,
    0x36, 0xde, 0x94, 0xd5, 0xb4, 0xd5, 0xb4, 0xdd, 0x73, 0xcd, 0x94, 0xd5,
    0xb5, 0xdd, 0xf5, 0xe5, 0xf5, 0xdd, 0xd5, 0xdd, 0x73, 0xcd, 0xb1, 0xc4,
    0x70, 0xbc, 0x50, 0xb4, 0xd1, 0xcc, 0x50, 0xbc, 0x32, 0xcd, 0x91, 0xbc,
    0xd1, 0xcc, 0x74, 0xdd, 0xf2, 0xc4, 0xb4, 0xdd, 0x94, 0xdd, 0xd5, 0xdd,
    0x36, 0xe6, 0xf5, 0xdd, 0x16, 0xe6, 0x36, 0xee, 0x37, 0xe6, 0x77, 0xee,
    0x57, 0xe6, 0x57, 0xe6, 0x16, 0xde, 0xd5, 0xd5, 0x15, 0xde, 0xd5, 0xdd,
    0xb4, 0xd5, 0x93, 0xcd, 0xf5, 0xdd, 0x36, 0xe6, 0x97, 0xee, 0x1b, 0xf7,
    0x1a, 0xf7, 0x5b, 0xf7, 0x5b, 0xff, 0x5c, 0xf7, 0x7c, 0xff, 0x9d, 0xff,
    0x9d, 0xff, 0xbd, 0xff, 0x7d, 0xff, 0x5c, 0xff, 0x1b, 0xf7, 0x3b, 0xf7,
    0xfb, 0xf6, 0x7d, 0xf7, 0x3c, 0xf7, 0x5c, 0xff, 0x5c, 0xf7, 0x5c, 0xf7,
    0x7d, 0xff, 0x9d, 0xff, 0x7c, 0xff, 0x5c, 0xf7, 0x7c, 0xff, 0x9d, 0xff,
    0x7d, 0xff, 0x9d, 0xff, 0x9e, 0xff, 0xde, 0xff, 0xbe, 0xff, 0x9e, 0xff,
    0x7d, 0xff, 0x7d, 0xf7, 0x5d, 0xf7, 0x5d, 0xff, 0x9e, 0xff, 0xbe, 0xff,
    0x9d, 0xff, 0x7d, 0xf7, 0x7d, 0xff, 0x7d, 0xff, 0x9d, 0xff, 0x7d, 0xff,
    0x7d, 0xff, 0x7d, 0xff, 0x7d, 0xf7, 0x7d, 0xf7, 0x7d, 0xf7, 0x7d, 0xf7,
    0x7c, 0xff, 0x7d, 0xff, 0x7d, 0xf7, 0x5d, 0xff, 0x5c, 0xf7, 0x7d, 0xf7,
    0x5d, 0xff, 0x5d, 0xf7, 0x7d, 0xf7, 0x9d, 0xf7, 0x7d, 0xff, 0x7d, 0xff,
    0x9d, 0xf7, 0x9d, 0xff, 0x9e, 0xff, 0x9d, 0xff, 0x9d, 0xff, 0xbe, 0xff,
    0x9e, 0xff, 0x9e, 0xff, 0x9e, 0xff, 0x9d, 0xff, 0x9e, 0xff, 0x9d, 0xff,
    0x7d, 0xff, 0x7d, 0xf7, 0x7d, 0xf7, 0x5c, 0xff, 0x3b, 0xf7, 0x1b, 0xef,
    0xda, 0xee, 0x99, 0xe6, 0x58, 0xd6, 0x17, 0xd6, 0xd6, 0xcd, 0x95, 0xc5,
    0x74, 0xc5, 0x74, 0xc5, 0x54, 0xbd, 0x74, 0xc5, 0x38, 0xde, 0x75, 0xc5,
    0xb5, 0xcd, 0xd6, 0xd5, 0xf6, 0xd5, 0x37, 0xd6, 0x37, 0xde, 0x57, 0xde,
    0x58, 0xe6, 0x78, 0xe6, 0x78, 0xe6, 0x99, 0xe6, 0x99, 0xe6, 0x99, 0xe6,
    0xb9, 0xe6, 0x99, 0xee, 0xb9, 0xe6, 0xb9, 0xe6, 0xb9, 0xee, 0xb9, 0xe6,
    0xb9, 0xe6, 0xb9, 0xee, 0xb9, 0xe6, 0x99, 0xe6, 0xb9, 0xe6, 0xb9, 0xe6,
    0xb9, 0xe6, 0xb9, 0xe6, 0x99, 0xe6, 0xb9, 0xe6, 0xb9, 0xe6, 0x73, 0xcd,
    0x73, 0xcd, 0x73, 0xc5, 0x73, 0xcd, 0x93, 0xd5, 0x94, 0xd5, 0xb4, 0xcd,
    0xd4, 0xd5, 0xb4, 0xd5, 0xd5, 0xd5, 0xf5, 0xdd, 0x15, 0xde, 0x15, 0xde,
    0x36, 0xde, 0x36, 0xde, 0x36, 0xe6, 0x36, 0xe6, 0x37, 0xde, 0x16, 0xde,
    0x15, 0xde, 0xd5, 0xd5, 0xb4, 0xd5, 0x73, 0xcd, 0x52, 0xc5, 0x32, 0xbd,
    0x12, 0xbd, 0x11, 0xbd, 0x12, 0xbd, 0x12, 0xbd, 0x12, 0xbd, 0x12, 0xc5,
    0x11, 0xbd, 0x11, 0xbd, 0x11, 0xbd, 0xd1, 0xb4, 0xf0, 0xac, 0xb0, 0xac,
    0xb0, 0xac, 0x8f, 0xac, 0x8f, 0xac, 0x6f, 0xac, 0x6f, 0xac, 0x4e, 0xa4,
    0x4f, 0xa4, 0x6f, 0xac, 0x90, 0xac, 0xb0, 0xb4, 0xd1, 0xac, 0xd1, 0xb4,
    0xd1, 0xb4, 0xd1, 0xb4, 0xf1, 0xb4, 0x12, 0xbd, 0x32, 0xbd, 0x32, 0xbd,
    0x73, 0xc5, 0x94, 0xc5, 0x94, 0xc5, 0xb4, 0xcd, 0xd5, 0xcd, 0xd5, 0xd5,
    0xf5, 0xd5, 0xb5, 0xcd, 0xd5, 0xd5, 0x16, 0xde, 0xd5, 0xd5, 0xf6, 0xd5,
    0x16, 0xd6, 0xf5, 0xd5, 0x16, 0xd6, 0x37, 0xde, 0x57, 0xe6, 0x57, 0xde,
    0x76, 0xe6, 0x36, 0xde, 0x77, 0xe6, 0x76, 0xe6, 0xf5, 0xdd, 0xf5, 0xd5,
    0x15, 0xde, 0x77, 0xe6, 0x16, 0xde, 0x56, 0xe6, 0xf5, 0xdd, 0xf5, 0xdd,
    0x15, 0xde, 0xd5, 0xdd, 0x77, 0xe6, 0x56, 0xe6, 0xf5, 0xdd, 0x16, 0xe6,
    0x15, 0xde, 0x93, 0xd5, 0x15, 0xde, 0xd4, 0xdd, 0x93, 0xd5, 0x53, 0xd5,
    0xf0, 0xcc, 0xd0, 0xbc, 0x6f, 0xb4, 0xaf, 0xbc, 0x72, 0xd5, 0xb0, 0xbc,
    0x51, 0xcd, 0x8e, 0xbc, 0x8f, 0xb4, 0x8f, 0xbc, 0x11, 0xc5, 0xb4, 0xdd,
    0x52, 0xcd, 0xf1, 0xc4, 0x93, 0xcd, 0x93, 0xd5, 0x93, 0xd5, 0xb4, 0xd5,
    0x15, 0xde, 0x56, 0xe6, 0xf5, 0xdd, 0x15, 0xde, 0xf5, 0xdd, 0xd4, 0xd5,
    0xd5, 0xdd, 0xd4, 0xd5, 0xb4, 0xd5, 0x36, 0xde, 0x56, 0xe6, 0xf5, 0xdd,
    0x73, 0xcd, 0x94, 0xd5, 0xf5, 0xdd, 0x52, 0xc5, 0x12, 0xbd, 0xb4, 0xd5,
    0x36, 0xde, 0x16, 0xde, 0xb4, 0xcd, 0xf5, 0xd5, 0xd4, 0xd5, 0x73, 0xcd,
    0xf5, 0xd5, 0x93, 0xcd, 0x53, 0xc5, 0x53, 0xc5, 0x73, 0xc5, 0xf5, 0xdd,
    0x73, 0xcd, 0x94, 0xcd, 0xd5, 0xd5, 0xb4, 0xd5, 0x15, 0xd6, 0x77, 0xee,
    0x57, 0xe6, 0xb4, 0xcd, 0x16, 0xde, 0x78, 0xe6, 0x94, 0xcd, 0x74, 0xcd,
    0x73, 0xcd, 0x94, 0xcd, 0xd5, 0xdd, 0xd5, 0xdd, 0xd5, 0xd5, 0x94, 0xd5,
    0x94, 0xd5, 0xb5, 0xdd, 0xd5, 0xdd, 0x74, 0xcd, 0x94, 0xd5, 0xd1, 0xbc,
    0x0f, 0xb4, 0xb1, 0xc4, 0xb0, 0xbc, 0x70, 0xc4, 0x90, 0xbc, 0xb1, 0xc4,
    0x12, 0xcd, 0x90, 0xc4, 0x74, 0xdd, 0xb4, 0xdd, 0x33, 0xd5, 0xd5, 0xdd,
    0xd5, 0xdd, 0x95, 0xd5, 0x36, 0xe6, 0xd5, 0xdd, 0xb4, 0xd5, 0xd5, 0xdd,
    0xf6, 0xe5, 0x57, 0xe6, 0xf5, 0xe5, 0xb4, 0xdd, 0xb4, 0xdd, 0x53, 0xcd,
    0x94, 0xcd, 0xd9, 0xf6, 0x77, 0xe6, 0xd8, 0xee, 0x98, 0xe6, 0x99, 0xee,
    0xb8, 0xf6, 0x98, 0xee, 0xb9, 0xee, 0xd9, 0xf6, 0x3b, 0xf7, 0x7c, 0xff,
    0x5c, 0xf7, 0x7c, 0xff, 0x9c, 0xff, 0x9d, 0xff, 0x9d, 0xff, 0x5c, 0xf7,
    0x7d, 0xff, 0x5b, 0xf7, 0x3b, 0xf7, 0x5d, 0xf7, 0x5c, 0xf7, 0x9d, 0xff,
    0x9d, 0xff, 0x9d, 0xff, 0x9d, 0xff, 0x9e, 0xff, 0x9e, 0xff, 0x5c, 0xef,
    0x3c, 0xf7, 0x9d, 0xff, 0x9d, 0xf7, 0x9d, 0xf7, 0x7d, 0xff, 0x9d, 0xff,
    0x9d, 0xff, 0xbd, 0xff, 0x9d, 0xff, 0xbd, 0xff, 0x9d, 0xff, 0x7d, 0xff,
    0x9d, 0xff, 0x9d, 0xff, 0x9e, 0xff, 0x7d, 0xf7, 0x7c, 0xf7, 0x7c, 0xff,
    0x7d, 0xff, 0x7d, 0xff, 0x9d, 0xff, 0x7d, 0xff, 0x7d, 0xff, 0x7d, 0xff,
    0x7d, 0xf7, 0x7d, 0xff, 0x7d, 0xf7, 0x7d, 0xff, 0x7d, 0xff, 0x7d, 0xff,
    0x7c, 0xf7, 0x5c, 0xf7, 0x5c, 0xf7, 0x7c, 0xf7, 0x5d, 0xf7, 0x5d, 0xf7,
    0x7d, 0xf7, 0x7d, 0xff, 0x7d, 0xf7, 0x7d, 0xff, 0x7d, 0xf7, 0x9d, 0xff,
    0x9e, 0xff, 0x9d, 0xff, 0x9d, 0xff, 0xbe, 0xff, 0x9d, 0xff, 0x9d, 0xf7,
    0x9d, 0xff, 0x7d, 0xff, 0x7d, 0xff, 0x7c, 0xf7, 0x5c, 0xf7, 0x3c, 0xef,
    0x1c, 0xf7, 0xfb, 0xee, 0xba, 0xe6, 0x98, 0xde, 0x38, 0xd6, 0xf6, 0xcd,
    0xb5, 0xc5, 0x74, 0xbd, 0x74, 0xbd, 0x54, 0xc5, 0x33, 0xbd, 0x37, 0xde,
    0xb5, 0xc5, 0xb5, 0xcd, 0xd5, 0xd5, 0xd5, 0xd5, 0xf6, 0xdd, 0x17, 0xde,
    0x37, 0xde, 0x57, 0xde, 0x58, 0xe6, 0x78, 0xe6, 0x98, 0xde, 0x98, 0xe6,
    0x99, 0xe6, 0xb9, 0xe6, 0xb9, 0xee, 0x99, 0xe6, 0xb9, 0xe6, 0x99, 0xe6,
    0x99, 0xe6, 0x99, 0xe6, 0xb9, 0xe6, 0xb9, 0xe6, 0x99, 0xe6, 0x9a, 0xe6,
    0x99, 0xe6, 0x99, 0xe6, 0xb9, 0xe6, 0x99, 0xe6, 0x99, 0xe6, 0x99, 0xe6,
    0x73, 0xcd, 0x53, 0xc5, 0x73, 0xcd, 0x73, 0xcd, 0x73, 0xcd, 0x73, 0xcd,
    0x93, 0xcd, 0x93, 0xd5, 0x94, 0xd5, 0xb4, 0xd5, 0xd4, 0xd5, 0xd5, 0xd5,
    0xd5, 0xdd, 0xf5, 0xdd, 0x35, 0xde, 0x16, 0xde, 0x16, 0xde, 0xf5, 0xdd,
    0xf5, 0xd5, 0xd4, 0xd5, 0x93, 0xcd, 0x73, 0xc5, 0x32, 0xbd, 0x11, 0xbd,
    0xf0, 0xbc, 0xd0, 0xb4, 0xd0, 0xb4, 0xd0, 0xb4, 0xf1, 0xbc, 0xd0, 0xbc,
    0xf1, 0xb4, 0xf1, 0xbc, 0xd0, 0xb4, 0xb0, 0xb4, 0xb0, 0xb4, 0x8f, 0xb4,
    0x6f, 0xac, 0x6f, 0xac, 0x6f, 0xac, 0x4e, 0xac, 0x4e, 0xa4, 0x4e, 0x9c,
    0x2e, 0xa4, 0x2e, 0xa4, 0x2e, 0xa4, 0x6f, 0xa4, 0x90, 0xac, 0xd0, 0xb4,
    0xb1, 0xac, 0xd1, 0xb4, 0xf2, 0xb4, 0x53, 0xbd, 0x73, 0xc5, 0x74, 0xc5,
    0xb4, 0xcd, 0xd5, 0xd5, 0xf5, 0xd5, 0xf5, 0xd5, 0xf5, 0xd5, 0xf5, 0xd5,
    0xd5, 0xd5, 0xd5, 0xd5, 0x16, 0xd6, 0x36, 0xde, 0x56, 0xde, 0x57, 0xde,
    0x77, 0xe6, 0x57, 0xde, 0x56, 0xe6, 0x57, 0xe6, 0x36, 0xe6, 0x36, 0xde,
    0x15, 0xde, 0xf5, 0xd5, 0xd5, 0xdd, 0xd5, 0xd5, 0x36, 0xe6, 0x36, 0xe6,
    0x57, 0xe6, 0x57, 0xe6, 0x36, 0xe6, 0x77, 0xee, 0x16, 0xde, 0x77, 0xe6,
    0x97, 0xee, 0x77, 0xe6, 0x36, 0xe6, 0x16, 0xe6, 0x98, 0xee, 0x57, 0xe6,
    0x16, 0xde, 0x57, 0xe6, 0x56, 0xe6, 0xd4, 0xdd, 0xf5, 0xdd, 0xd4, 0xdd,
    0xd4, 0xdd, 0xb4, 0xd5, 0xf4, 0xdd, 0x15, 0xde, 0x93, 0xd5, 0x12, 0xcd,
    0x6f, 0xbc, 0x4e, 0xac, 0x0d, 0xa4, 0x6e, 0xb4, 0xd0, 0xbc, 0xb0, 0xbc,
    0x2e, 0xa4, 0x10, 0xbd, 0x72, 0xd5, 0x52, 0xcd, 0x72, 0xcd, 0xd5, 0xd5,
    0x14, 0xde, 0x93, 0xcd, 0x93, 0xcd, 0xb4, 0xd5, 0x73, 0xcd, 0x94, 0xcd,
    0xd4, 0xd5, 0x94, 0xd5, 0xd4, 0xd5, 0x56, 0xe6, 0xf5, 0xdd, 0x73, 0xc5,
    0x93, 0xcd, 0x15, 0xde, 0x93, 0xcd, 0x11, 0xbd, 0x73, 0xc5, 0xf5, 0xdd,
    0xf5, 0xdd, 0xd4, 0xd5, 0x94, 0xcd, 0xf5, 0xd5, 0x73, 0xcd, 0x12, 0xbd,
    0x94, 0xcd, 0xd5, 0xd5, 0x73, 0xc5, 0xb4, 0xcd, 0x53, 0xcd, 0x36, 0xde,
    0xb4, 0xcd, 0xd5, 0xd5, 0x16, 0xde, 0xf6, 0xdd, 0x36, 0xde, 0x77, 0xe6,
    0x16, 0xde, 0xb4, 0xcd, 0xd5, 0xd5, 0x36, 0xde, 0xf5, 0xdd, 0x32, 0xc5,
    0xd5, 0xd5, 0x13, 0xbd, 0x94, 0xcd, 0xb5, 0xd5, 0x16, 0xde, 0x74, 0xcd,
    0xb5, 0xd5, 0x94, 0xd5, 0xd5, 0xd5, 0x73, 0xd5, 0x33, 0xcd, 0xb1, 0xbc,
    0x90, 0xbc, 0x50, 0xb4, 0x70, 0xbc, 0x90, 0xbc, 0x70, 0xbc, 0xf2, 0xc4,
    0x50, 0xb4, 0x32, 0xd5, 0xd2, 0xc4, 0x53, 0xd5, 0x73, 0xcd, 0x54, 0xd5,
    0x73, 0xd5, 0xb4, 0xd5, 0xb4, 0xdd, 0x94, 0xdd, 0x16, 0xe6, 0xf5, 0xdd,
    0x53, 0xcd, 0x93, 0xd5, 0x53, 0xcd, 0x52, 0xcd, 0x73, 0xcd, 0x53, 0xcd,
    0xf5, 0xdd, 0xf5, 0xdd, 0x16, 0xe6, 0xb8, 0xf6, 0x77, 0xe6, 0x36, 0xde,
    0x37, 0xe6, 0xb9, 0xf6, 0xf9, 0xee, 0xfa, 0xee, 0xfa, 0xf6, 0x5c, 0xff,
    0x7c, 0xf7, 0x5b, 0xff, 0x3c, 0xf7, 0x7c, 0xf7, 0x5c, 0xff, 0x9d, 0xff,
    0xde, 0xff, 0xde, 0xff, 0x9d, 0xff, 0x7c, 0xff, 0x3c, 0xf7, 0x3b, 0xf7,
    0x5c, 0xf7, 0xbe, 0xff, 0x9e, 0xff, 0xbd, 0xff, 0x9d, 0xff, 0xbe, 0xff,
    0xdf, 0xff, 0x9d, 0xff, 0x5c, 0xf7, 0x3c, 0xf7, 0x3c, 0xf7, 0x7c, 0xf7,
    0x5c, 0xf7, 0x7d, 0xff, 0x9e, 0xff, 0x9e, 0xff, 0x9d, 0xff, 0x7d, 0xf7,
    0x9d, 0xff, 0x7d, 0xf7, 0x7d, 0xff, 0x9d, 0xff, 0x9d, 0xff, 0x7d, 0xff,
    0x5d, 0xf7, 0x5c, 0xf7, 0x7d, 0xf7, 0x7d, 0xf7, 0x7d, 0xf7, 0x7c, 0xff,
    0x7d, 0xf7, 0x7c, 0xff, 0x7d, 0xff, 0x7c, 0xff, 0x7d, 0xf7, 0x7d, 0xf7,
    0x7d, 0xf7, 0x7c, 0xff, 0x5c, 0xf7, 0x5d, 0xf7, 0x7c, 0xf7, 0x5c, 0xf7,
    0x5c, 0xf7, 0x5d, 0xf7, 0x5c, 0xf7, 0x7d, 0xf7, 0x7d, 0xf7, 0x7d, 0xff,
    0x9d, 0xf7, 0x7d, 0xf7, 0x9d, 0xff, 0x9e, 0xff, 0x9d, 0xff, 0x9d, 0xff,
    0x7e, 0xff, 0x9d, 0xff, 0x7d, 0xff, 0x7d, 0xf7, 0x5d, 0xf7, 0x5c, 0xf7,
    0x3c, 0xf7, 0x3b, 0xf7, 0x1b, 0xef, 0xda, 0xe6, 0x99, 0xe6, 0x58, 0xde,
    0x17, 0xd6, 0xb5, 0xcd, 0x75, 0xc5, 0x74, 0xbd, 0x54, 0xbd, 0x33, 0xbd,
    0xd6, 0xd5, 0x16, 0xce, 0x74, 0xcd, 0xd5, 0xcd, 0xd6, 0xd5, 0xf6, 0xdd,
    0x16, 0xde, 0x37, 0xde, 0x37, 0xde, 0x77, 0xde, 0x78, 0xe6, 0x78, 0xe6,
    0x98, 0xe6, 0x78, 0xe6, 0x79, 0xe6, 0x99, 0xe6, 0xb9, 0xe6, 0xb9, 0xe6,
    0xb9, 0xe6, 0xb9, 0xe6, 0xb9, 0xe6, 0x99, 0xe6, 0xb9, 0xe6, 0xb9, 0xe6,
    0xb9, 0xe6, 0xb9, 0xe6, 0x99, 0xe6, 0x99, 0xe6, 0xb9, 0xe6, 0x99, 0xe6,
    0x99, 0xe6, 0x53, 0xc5, 0x52, 0xc5, 0x73, 0xc5, 0x53, 0xc5, 0x73, 0xcd,
    0x73, 0xcd, 0x73, 0xcd, 0x73, 0xcd, 0x93, 0xcd, 0xb4, 0xcd, 0xb4, 0xd5,
    0xb4, 0xd5, 0xd5, 0xd5, 0xf5, 0xd5, 0xd5, 0xd5, 0xf5, 0xd5, 0xd5, 0xd5,
    0xd4, 0xd5, 0xb4, 0xd5, 0x94, 0xcd, 0x53, 0xc5, 0x32, 0xbd, 0xf1, 0xbc,
    0xd0, 0xbc, 0x90, 0xb4, 0xb0, 0xb4, 0xb0, 0xac, 0xb0, 0xb4, 0xb0, 0xb4,
    0xd0, 0xb4, 0xd0, 0xb4, 0xb0, 0xb4, 0xb0, 0xb4, 0xb0, 0xac, 0x8f, 0xac,
    0x6f, 0xac, 0x6f, 0xac, 0x4e, 0xac, 0x4e, 0xa4, 0x2e, 0xa4, 0x2d, 0xa4,
    0x2d, 0xa4, 0x0e, 0x9c, 0x0e, 0xa4, 0x4e, 0xa4, 0x6f, 0xac, 0x4f, 0xa4,
    0x6f, 0xa4, 0x70, 0xac, 0xd1, 0xb4, 0x32, 0xbd, 0x73, 0xc5, 0x74, 0xc5,
    0xb5, 0xcd, 0xd5, 0xcd, 0xf6, 0xd5, 0xf5, 0xd5, 0xf6, 0xd5, 0xf6, 0xdd,
    0x36, 0xd6, 0x57, 0xde, 0x57, 0xe6, 0x56, 0xde, 0x36, 0xde, 0x37, 0xde,
    0x16, 0xde, 0x16, 0xde, 0x56, 0xde, 0x36, 0xde, 0xf5, 0xd5, 0x15, 0xd6,
    0x36, 0xde, 0x36, 0xe6, 0x57, 0xe6, 0x77, 0xe6, 0x36, 0xe6, 0xf6, 0xdd,
    0x36, 0xe6, 0x56, 0xe6, 0x77, 0xe6, 0x36, 0xe6, 0x36, 0xe6, 0x36, 0xe6,
    0x36, 0xe6, 0x36, 0xe6, 0x36, 0xe6, 0x57, 0xe6, 0x36, 0xe6, 0x35, 0xe6,
    0x15, 0xde, 0x36, 0xe6, 0x15, 0xe6, 0xd5, 0xdd, 0xf5, 0xdd, 0xb3, 0xd5,
    0xd4, 0xdd, 0xd4, 0xdd, 0xd3, 0xdd, 0x32, 0xcd, 0x31, 0xc5, 0xf1, 0xc4,
    0x73, 0xcd, 0x12, 0xc5, 0x32, 0xcd, 0x11, 0xc5, 0x4f, 0xac, 0x09, 0x7b,
    0x6b, 0x8b, 0x4e, 0xac, 0x8f, 0xbc, 0xf0, 0xc4, 0x52, 0xcd, 0xb4, 0xd5,
    0x11, 0xc5, 0x8f, 0xac, 0xb4, 0xd5, 0x52, 0xcd, 0x53, 0xc5, 0xb3, 0xd5,
    0x73, 0xcd, 0x93, 0xcd, 0xf5, 0xdd, 0x56, 0xe6, 0x73, 0xcd, 0x32, 0xbd,
    0xf5, 0xdd, 0xd4, 0xd5, 0xf1, 0xbc, 0x32, 0xc5, 0xd4, 0xd5, 0xd4, 0xd5,
    0x52, 0xc5, 0x73, 0xc5, 0x94, 0xcd, 0x94, 0xd5, 0x32, 0xbd, 0x53, 0xc5,
    0x73, 0xc5, 0xd5, 0xd5, 0x94, 0xcd, 0xf5, 0xd5, 0x53, 0xc5, 0xb4, 0xd5,
    0xb4, 0xcd, 0xd5, 0xd5, 0xd5, 0xd5, 0x36, 0xde, 0xf5, 0xd5, 0x36, 0xde,
    0xb4, 0xd5, 0x94, 0xcd, 0xb4, 0xcd, 0x53, 0xcd, 0x16, 0xde, 0x73, 0xc5,
    0xd5, 0xdd, 0x53, 0xcd, 0x94, 0xcd, 0xd5, 0xdd, 0xb5, 0xd5, 0x94, 0xd5,
    0x94, 0xcd, 0x93, 0xd5, 0x94, 0xcd, 0x94, 0xd5, 0x12, 0xc5, 0x90, 0xbc,
    0x0f, 0xa4, 0x90, 0xbc, 0xb1, 0xbc, 0x0f, 0xb4, 0xd1, 0xc4, 0x70, 0xb4,
    0xf2, 0xcc, 0xd1, 0xc4, 0x70, 0xbc, 0x12, 0xc5, 0x73, 0xd5, 0x93, 0xd5,
    0x12, 0xcd, 0x93, 0xd5, 0x74, 0xd5, 0xb4, 0xdd, 0xb4, 0xdd, 0x53, 0xcd,
    0xd5, 0xdd, 0x15, 0xe6, 0x32, 0xcd, 0x94, 0xd5, 0x74, 0xd5, 0xb4, 0xdd,
    0xd5, 0xdd, 0x36, 0xe6, 0x36, 0xe6, 0x77, 0xee, 0x36, 0xe6, 0x37, 0xe6,
    0x56, 0xe6, 0x98, 0xee, 0x77, 0xe6, 0x97, 0xe6, 0xb8, 0xee, 0x78, 0xe6,
    0xd9, 0xee, 0xfa, 0xf6, 0x5c, 0xf7, 0xbe, 0xff, 0xdf, 0xff, 0xde, 0xff,
    0xbe, 0xff, 0x9d, 0xff, 0xbe, 0xff, 0x7c, 0xf7, 0x9d, 0xff, 0x9d, 0xff,
    0xbe, 0xff, 0x9d, 0xff, 0x3b, 0xef, 0x5c, 0xf7, 0x7c, 0xf7, 0x9d, 0xff,
    0x7d, 0xf7, 0xde, 0xff, 0xbe, 0xff, 0x9e, 0xff, 0xbe, 0xff, 0xbe, 0xff,
    0x9d, 0xff, 0x9d, 0xff, 0x7d, 0xf7, 0x5c, 0xf7, 0x5c, 0xf7, 0x7d, 0xf7,
    0x7d, 0xf7, 0x9d, 0xff, 0x9e, 0xff, 0x7d, 0xff, 0x7d, 0xf7, 0x7d, 0xff,
    0x7d, 0xff, 0x9d, 0xff, 0x7d, 0xf7, 0x5c, 0xf7, 0x5c, 0xf7, 0x5c, 0xf7,
    0x5c, 0xff, 0x5c, 0xf7, 0x7d, 0xf7, 0x7d, 0xf7, 0x7d, 0xf7, 0x5c, 0xff,
    0x5c, 0xf7, 0x5c, 0xf7, 0x7d, 0xf7, 0x7d, 0xf7, 0x5c, 0xff, 0x5c, 0xf7,
    0x5c, 0xf7, 0x5c, 0xf7, 0x5d, 0xf7, 0x5c, 0xf7, 0x5c, 0xf7, 0x5d, 0xf7,
    0x7d, 0xf7, 0x7d, 0xff, 0x7d, 0xff, 0x9d, 0xf7, 0x7d, 0xf7, 0x7d, 0xf7,
    0x9d, 0xff, 0x7d, 0xff, 0x7d, 0xf7, 0x7d, 0xf7, 0x7d, 0xf7, 0x7d, 0xf7,
    0x5d, 0xf7, 0x5c, 0xf7, 0x1c, 0xef, 0x1b, 0xef, 0xda, 0xe6, 0x99, 0xe6,
    0x78, 0xde, 0x37, 0xd6, 0xd6, 0xcd, 0x95, 0xc5, 0x74, 0xbd, 0x34, 0xbd,
    0x33, 0xbd, 0x55, 0xc5, 0x57, 0xde, 0x54, 0xc5, 0x95, 0xcd, 0xd5, 0xcd,
    0xf6, 0xd5, 0x16, 0xd6, 0x37, 0xd6, 0x37, 0xde, 0x57, 0xde, 0x58, 0xde,
    0x58, 0xe6, 0x78, 0xe6, 0x98, 0xe6, 0x98, 0xde, 0x98, 0xe6, 0x99, 0xe6,
    0x99, 0xe6, 0x99, 0xe6, 0x99, 0xe6, 0xb9, 0xe6, 0x99, 0xe6, 0x99, 0xe6,
    0x99, 0xe6, 0x98, 0xe6, 0x99, 0xe6, 0x99, 0xe6, 0x99, 0xde, 0x99, 0xe6,
    0x99, 0xe6, 0x79, 0xe6, 0x53, 0xc5, 0x52, 0xc5, 0x32, 0xc5, 0x32, 0xc5,
    0x52, 0xc5, 0x53, 0xcd, 0x72, 0xcd, 0x73, 0xc5, 0x73, 0xcd, 0x93, 0xcd,
    0x94, 0xcd, 0x94, 0xd5, 0xb4, 0xd5, 0xb4, 0xd5, 0xb4, 0xd5, 0xb4, 0xd5,
    0xb4, 0xd5, 0xb4, 0xd5, 0x93, 0xcd, 0x52, 0xcd, 0x32, 0xc5, 0x11, 0xbd,
    0xd0, 0xb4, 0x8f, 0xb4, 0x8f, 0xac, 0x6f, 0xac, 0x8f, 0xac, 0xb0, 0xb4,
    0xb0, 0xb4, 0xb0, 0xb4, 0xd0, 0xb4, 0xb0, 0xb4, 0x8f, 0xb4, 0x8f, 0xac,
    0x8f, 0xac, 0x6f, 0xac, 0x4e, 0xac, 0x4e, 0xa4, 0x2e, 0xa4, 0x2e, 0xa4,
    0x2e, 0xa4, 0x0e, 0xa4, 0x0e, 0xa4, 0x0d, 0x9c, 0x0e, 0x9c, 0xed, 0x9b,
    0x0e, 0x9c, 0x4f, 0x9c, 0x6f, 0xac, 0xd1, 0xac, 0xf2, 0xb4, 0x53, 0xbd,
    0x94, 0xcd, 0xf5, 0xd5, 0xf5, 0xd5, 0x16, 0xd6, 0x16, 0xde, 0x37, 0xde,
    0x57, 0xe6, 0x57, 0xe6, 0x57, 0xde, 0x57, 0xde, 0x57, 0xe6, 0x37, 0xe6,
    0x77, 0xe6, 0x56, 0xde, 0x36, 0xe6, 0x36, 0xde, 0x57, 0xe6, 0x57, 0xe6,
    0x36, 0xde, 0x16, 0xde, 0x57, 0xe6, 0x57, 0xe6, 0x77, 0xe6, 0x77, 0xe6,
    0x97, 0xee, 0x98, 0xe6, 0x77, 0xee, 0x56, 0xe6, 0x77, 0xe6, 0x36, 0xe6,
    0x77, 0xe6, 0x37, 0xe6, 0x37, 0xe6, 0x76, 0xee, 0x77, 0xee, 0x36, 0xe6,
    0x77, 0xe6, 0x56, 0xee, 0x15, 0xe6, 0x36, 0xe6, 0x56, 0xee, 0x36, 0xe6,
    0x15, 0xde, 0x36, 0xe6, 0xd4, 0xdd, 0xd5, 0xdd, 0x35, 0xe6, 0x15, 0xe6,
    0xd5, 0xdd, 0xd4, 0xdd, 0x15, 0xe6, 0xf5, 0xdd, 0xf5, 0xdd, 0xb4, 0xdd,
    0x72, 0xd5, 0xf0, 0xc4, 0xaf, 0xbc, 0xf1, 0xbc, 0xf1, 0xbc, 0x6f, 0xb4,
    0x0d, 0xa4, 0xf1, 0xbc, 0x72, 0xcd, 0x32, 0xc5, 0x52, 0xcd, 0x73, 0xcd,
    0x53, 0xc5, 0xb4, 0xd5, 0x56, 0xe6, 0xf4, 0xdd, 0x12, 0xbd, 0x73, 0xcd,
    0xf4, 0xdd, 0x32, 0xc5, 0x32, 0xc5, 0xd4, 0xd5, 0x93, 0xcd, 0x32, 0xc5,
    0x32, 0xc5, 0x73, 0xcd, 0xd4, 0xd5, 0x73, 0xc5, 0xf1, 0xbc, 0x12, 0xbd,
    0x52, 0xc5, 0x16, 0xde, 0xb4, 0xcd, 0xf5, 0xdd, 0x73, 0xcd, 0x94, 0xcd,
    0xf5, 0xd5, 0xb5, 0xd5, 0xd5, 0xd5, 0x36, 0xde, 0xd5, 0xd5, 0xd5, 0xd5,
    0x53, 0xc5, 0x74, 0xcd, 0x73, 0xcd, 0xd2, 0xb4, 0x94, 0xd5, 0x33, 0xc5,
    0x94, 0xcd, 0x94, 0xcd, 0x73, 0xcd, 0xd4, 0xd5, 0x94, 0xcd, 0x94, 0xcd,
    0x74, 0xcd, 0x74, 0xcd, 0x53, 0xcd, 0x53, 0xc5, 0x53, 0xcd, 0x90, 0xac,
    0x4f, 0xac, 0x2f, 0xac, 0x50, 0xb4, 0x4f, 0xbc, 0x70, 0xb4, 0xf1, 0xc4,
    0x70, 0xbc, 0x4f, 0xb4, 0x32, 0xcd, 0x12, 0xc5, 0x12, 0xcd, 0x12, 0xcd,
    0x12, 0xc5, 0x74, 0xd5, 0x53, 0xd5, 0xb4, 0xdd, 0x32, 0xcd, 0x73, 0xcd,
    0x74, 0xd5, 0x52, 0xd5, 0x73, 0xd5, 0x16, 0xe6, 0xf5, 0xdd, 0xd5, 0xd5,
    0x16, 0xe6, 0x77, 0xee, 0x77, 0xee, 0x57, 0xe6, 0x56, 0xe6, 0xf5, 0xdd,
    0xb8, 0xee, 0xfa, 0xf6, 0xfa, 0xf6, 0xfa, 0xf6, 0x3b, 0xff, 0x3c, 0xf7,
    0x5c, 0xf7, 0x7c, 0xff, 0xbe, 0xff, 0x9d, 0xff, 0x9d, 0xff, 0x9d, 0xff,
    0xbe, 0xff, 0xdf, 0xff, 0xde, 0xff, 0xbe, 0xff, 0xdf, 0xff, 0xbe, 0xff,
    0xbe, 0xff, 0xbe, 0xff, 0xbe, 0xff, 0x9d, 0xff, 0x3c, 0xf7, 0x5c, 0xf7,
    0x7d, 0xff, 0x7d, 0xff, 0x5c, 0xf7, 0x9d, 0xff, 0xbe, 0xff, 0xbe, 0xff,
    0xbd, 0xff, 0x7d, 0xff, 0x9e, 0xff, 0x7c, 0xff, 0x9d, 0xff, 0x9e, 0xff,
    0xbd, 0xff, 0x7d, 0xff, 0x7d, 0xf7, 0x7c, 0xff, 0x9d, 0xff, 0x7d, 0xff,
    0x7d, 0xf7, 0x7c, 0xf7, 0x7d, 0xff, 0x7d, 0xff, 0x7d, 0xff, 0x5c, 0xff,
    0x5d, 0xf7, 0x5c, 0xf7, 0x5d, 0xf7, 0x5c, 0xf7, 0x7c, 0xff, 0x7d, 0xff,
    0x7d, 0xf7, 0x7d, 0xff, 0x5d, 0xf7, 0x5d, 0xf7, 0x5c, 0xf7, 0x5d, 0xf7,
    0x7d, 0xff, 0x5d, 0xf7, 0x5c, 0xf7, 0x5c, 0xf7, 0x5c, 0xf7, 0x5c, 0xf7,
    0x5c, 0xf7, 0x5d, 0xf7, 0x5c, 0xf7, 0x7d, 0xf7, 0x7d, 0xff, 0x7d, 0xf7,
    0x7d, 0xff, 0x7d, 0xf7, 0x7d, 0xff, 0x7d, 0xf7, 0x9d, 0xff, 0x7d, 0xff,
    0x5c, 0xff, 0x5c, 0xff, 0x5c, 0xf7, 0x3c, 0xef, 0x1b, 0xf7, 0xda, 0xee,
    0x99, 0xde, 0x58, 0xde, 0x17, 0xd6, 0xf6, 0xcd, 0xb5, 0xc5, 0x74, 0xc5,
    0x54, 0xbd, 0x53, 0xbd, 0x54, 0xbd, 0x37, 0xde, 0x75, 0xc5, 0xb5, 0xc5,
    0xb5, 0xcd, 0xd5, 0xd5, 0x16, 0xd6, 0xf6, 0xdd, 0x17, 0xde, 0x37, 0xde,
    0x57, 0xde, 0x58, 0xde, 0x78, 0xe6, 0x78, 0xe6, 0x78, 0xe6, 0x99, 0xe6,
    0x79, 0xe6, 0x98, 0xe6, 0x99, 0xe6, 0x99, 0xe6, 0x98, 0xe6, 0x99, 0xe6,
    0xb9, 0xe6, 0x99, 0xe6, 0x99, 0xe6, 0x99, 0xe6, 0x98, 0xe6, 0x99, 0xe6,
    0x79, 0xe6, 0x99, 0xe6, 0x78, 0xde, 0x53, 0xc5, 0x52, 0xc5, 0x52, 0xc5,
    0x33, 0xc5, 0x52, 0xc5, 0x53, 0xc5, 0x52, 0xc5, 0x52, 0xc5, 0x73, 0xcd,
    0x53, 0xc5, 0x93, 0xcd, 0x93, 0xcd, 0x94, 0xcd, 0x94, 0xcd, 0x94, 0xcd,
    0xb4, 0xcd, 0x93, 0xcd, 0x93, 0xcd, 0x53, 0xc5, 0x32, 0xc5, 0x12, 0xbd,
    0xd0, 0xbc, 0x8f, 0xb4, 0x8f, 0xac, 0x6e, 0xac, 0x6f, 0xac, 0x6f, 0xac,
    0xaf, 0xb4, 0xb0, 0xb4, 0x8f, 0xb4, 0xb0, 0xb4, 0xaf, 0xb4, 0x8f, 0xac,
    0x8f, 0xac, 0x6f, 0xb4, 0x6f, 0xac, 0x6e, 0xac, 0x2e, 0xa4, 0x2d, 0xa4,
    0x2d, 0xa4, 0x0e, 0xa4, 0x0d, 0x9c, 0xed, 0x9b, 0xcc, 0x93, 0xad, 0x93,
    0xcd, 0x93, 0x0e, 0x9c, 0x2f, 0xa4, 0x90, 0xac, 0xd1, 0xb4, 0x74, 0xc5,
    0xf5, 0xd5, 0x16, 0xde, 0x16, 0xde, 0x37, 0xde, 0x57, 0xde, 0x57, 0xde,
    0x57, 0xde, 0x37, 0xde, 0x37, 0xde, 0x77, 0xe6, 0x36, 0xde, 0x36, 0xde,
    0x36, 0xde, 0x36, 0xde, 0x37, 0xe6, 0x77, 0xe6, 0x77, 0xe6, 0x57, 0xe6,
    0x57, 0xe6, 0x77, 0xe6, 0xb8, 0xee, 0x77, 0xe6, 0x57, 0xde, 0x36, 0xde,
    0x57, 0xe6, 0x57, 0xe6, 0x36, 0xe6, 0x57, 0xe6, 0x77, 0xe6, 0x57, 0xe6,
    0xb7, 0xee, 0x77, 0xe6, 0x77, 0xee, 0x97, 0xee, 0x97, 0xe6, 0x97, 0xee,
    0x77, 0xee, 0x77, 0xe6, 0x77, 0xe6, 0x57, 0xe6, 0x36, 0xee, 0x36, 0xe6,
    0x77, 0xee, 0x16, 0xee, 0x56, 0xe6, 0x16, 0xe6, 0x15, 0xe6, 0x36, 0xe6,
    0x77, 0xe6, 0x77, 0xee, 0x97, 0xee, 0x36, 0xee, 0x15, 0xde, 0xf4, 0xdd,
    0xd4, 0xdd, 0x15, 0xe6, 0xb3, 0xd5, 0x73, 0xd5, 0xb0, 0xbc, 0x8c, 0x93,
    0xed, 0xa3, 0x4e, 0xac, 0x0e, 0x9c, 0x8f, 0xb4, 0xf0, 0xbc, 0x4e, 0xa4,
    0xb0, 0xb4, 0xb3, 0xd5, 0xf5, 0xdd, 0x32, 0xc5, 0x32, 0xc5, 0x52, 0xcd,
    0x52, 0xc5, 0x32, 0xc5, 0xb4, 0xd5, 0x73, 0xcd, 0x11, 0xbd, 0x32, 0xc5,
    0x32, 0xc5, 0x53, 0xc5, 0xb4, 0xcd, 0x52, 0xcd, 0x11, 0xbd, 0x32, 0xc5,
    0x52, 0xc5, 0xf6, 0xdd, 0xb4, 0xd5, 0xd4, 0xd5, 0x73, 0xcd, 0x73, 0xc5,
    0xf5, 0xd5, 0xb4, 0xcd, 0xd5, 0xd5, 0xd5, 0xd5, 0xf5, 0xdd, 0xd5, 0xd5,
    0x12, 0xbd, 0x74, 0xcd, 0xb4, 0xd5, 0xf2, 0xbc, 0x93, 0xcd, 0x32, 0xc5,
    0x74, 0xcd, 0xf5, 0xd5, 0x73, 0xcd, 0x16, 0xde, 0x12, 0xbd, 0x12, 0xbd,
    0x94, 0xd5, 0x73, 0xcd, 0x33, 0xc5, 0x53, 0xcd, 0x70, 0xac, 0x2f, 0xac,
    0x70, 0xb4, 0x70, 0xb4, 0x90, 0xb4, 0x70, 0xb4, 0x70, 0xbc, 0x90, 0xbc,
    0xd1, 0xc4, 0x90, 0xb4, 0x4f, 0xb4, 0x4f, 0xb4, 0x12, 0xcd, 0xb0, 0xbc,
    0x12, 0xcd, 0xd0, 0xbc, 0xf1, 0xc4, 0xb4, 0xdd, 0xd5, 0xdd, 0x98, 0xee,
    0xf6, 0xdd, 0xd5, 0xdd, 0xf5, 0xdd, 0x36, 0xe6, 0xd5, 0xdd, 0x77, 0xee,
    0x57, 0xee, 0x36, 0xe6, 0x37, 0xe6, 0x97, 0xee, 0xb9, 0xee, 0xfb, 0xf6,
    0x3a, 0xff, 0x7b, 0xf7, 0x5c, 0xf7, 0x3b, 0xf7, 0x5b, 0xff, 0x5b, 0xf7,
    0x7c, 0xff, 0x5c, 0xff, 0x5b, 0xff, 0x5c, 0xf7, 0x7c, 0xff, 0x9d, 0xff,
    0xbe, 0xff, 0x9e, 0xff, 0x9d, 0xff, 0x9d, 0xff, 0xbe, 0xff, 0xde, 0xff,
    0xbe, 0xff, 0x7d, 0xf7, 0x9d, 0xff, 0xbd, 0xff, 0x9e, 0xff, 0xbe, 0xff,
    0xbd, 0xff, 0x5c, 0xf7, 0x7d, 0xff, 0x9d, 0xff, 0x7d, 0xff, 0x7c, 0xff,
    0x7c, 0xf7, 0x9e, 0xff, 0x7d, 0xf7, 0x5c, 0xf7, 0x9d, 0xff, 0x7d, 0xf7,
    0x7c, 0xf7, 0x9d, 0xff, 0x9d, 0xff, 0x7d, 0xff, 0x5d, 0xf7, 0x5c, 0xf7,
    0x7d, 0xf7, 0x9d, 0xff, 0x7d, 0xff, 0x3c, 0xf7, 0x5c, 0xf7, 0x7d, 0xf7,
    0x7d, 0xff, 0x7d, 0xff, 0x7c, 0xf7, 0x5c, 0xf7, 0x5c, 0xf7, 0x5c, 0xf7,
    0x7c, 0xf7, 0x7d, 0xf7, 0x7d, 0xff, 0x7d, 0xff, 0x7c, 0xff, 0x3c, 0xf7,
    0x5c, 0xf7, 0x5c, 0xf7, 0x5d, 0xf7, 0x5d, 0xf7, 0x5c, 0xff, 0x5d, 0xff,
    0x5c, 0xff, 0x5d, 0xf7, 0x7c, 0xf7, 0x5c, 0xf7, 0x5d, 0xf7, 0x5d, 0xff,
    0x7d, 0xf7, 0x7d, 0xf7, 0x7d, 0xf7, 0x7d, 0xff, 0x7d, 0xf7, 0x7c, 0xff,
    0x7d, 0xf7, 0x5d, 0xf7, 0x5c, 0xf7, 0x5c, 0xf7, 0x3c, 0xf7, 0x1b, 0xef,
    0xdb, 0xe6, 0xba, 0xe6, 0x79, 0xde, 0x38, 0xce, 0xd6, 0xcd, 0xb6, 0xcd,
    0x75, 0xc5, 0x74, 0xbd, 0x53, 0xbd, 0x13, 0xbd, 0x17, 0xde, 0xd5, 0xcd,
    0x94, 0xc5, 0xb5, 0xcd, 0xb5, 0xd5, 0xd6, 0xd5, 0x16, 0xd6, 0x36, 0xd6,
    0x37, 0xde, 0x37, 0xde, 0x57, 0xde, 0x78, 0xde, 0x58, 0xde, 0x78, 0xe6,
    0x99, 0xde, 0x98, 0xe6, 0x98, 0xe6, 0x99, 0xde, 0x99, 0xe6, 0x99, 0xe6,
    0x99, 0xe6, 0x98, 0xe6, 0x99, 0xe6, 0x99, 0xe6, 0xb9, 0xe6, 0x99, 0xe6,
    0x98, 0xe6, 0x79, 0xde, 0x99, 0xde, 0x98, 0xe6, 0x53, 0xc5, 0x33, 0xc5,
    0x32, 0xc5, 0x52, 0xc5, 0x32, 0xc5, 0x32, 0xc5, 0x32, 0xc5, 0x52, 0xcd,
    0x52, 0xc5, 0x53, 0xcd, 0x53, 0xc5, 0x72, 0xcd, 0x73, 0xcd, 0x73, 0xcd,
    0x93, 0xcd, 0x93, 0xcd, 0x73, 0xcd, 0x53, 0xcd, 0x52, 0xc5, 0x12, 0xbd,
    0xd1, 0xbc, 0xd0, 0xb4, 0x8f, 0xac, 0x6f, 0xac, 0x4f, 0xac, 0x4f, 0xac,
    0x6f, 0xac, 0x8f, 0xb4, 0x8f, 0xb4, 0xb0, 0xb4, 0xaf, 0xb4, 0x8f, 0xb4,
    0x8f, 0xac, 0x6f, 0xac, 0x6f, 0xac, 0x6e, 0xac, 0x4e, 0xa4, 0x4e, 0xa4,
    0x2e, 0xa4, 0x2d, 0xa4, 0x0d, 0xa4, 0xcc, 0x9b, 0xcc, 0x93, 0xac, 0x93,
    0xac, 0x93, 0xcd, 0x93, 0x0d, 0x9c, 0x4f, 0xa4, 0xf2, 0xb4, 0xb5, 0xcd,
    0xf5, 0xd5, 0xf6, 0xd5, 0x36, 0xd6, 0x37, 0xde, 0x57, 0xe6, 0x77, 0xe6,
    0x58, 0xe6, 0x57, 0xe6, 0x97, 0xe6, 0x77, 0xe6, 0x57, 0xe6, 0x57, 0xe6,
    0x77, 0xe6, 0x77, 0xe6, 0x98, 0xee, 0x98, 0xe6, 0x77, 0xe6, 0x77, 0xe6,
    0x57, 0xe6, 0x98, 0xee, 0x97, 0xe6, 0x57, 0xe6, 0x56, 0xe6, 0x77, 0xe6,
    0x56, 0xee, 0x36, 0xe6, 0x36, 0xe6, 0x97, 0xe6, 0x77, 0xe6, 0x77, 0xee,
    0x57, 0xe6, 0x57, 0xe6, 0x36, 0xde, 0x97, 0xee, 0x57, 0xe6, 0x98, 0xee,
    0x57, 0xe6, 0x77, 0xee, 0x77, 0xee, 0x77, 0xee, 0x56, 0xe6, 0x15, 0xe6,
    0x57, 0xe6, 0x77, 0xee, 0x77, 0xee, 0x56, 0xe6, 0x77, 0xee, 0x77, 0xee,
    0x57, 0xe6, 0x77, 0xee, 0x36, 0xe6, 0x36, 0xe6, 0x56, 0xe6, 0x77, 0xe6,
    0x56, 0xee, 0x35, 0xe6, 0xd5, 0xdd, 0x15, 0xe6, 0xd5, 0xdd, 0x11, 0xc5,
    0x51, 0xcd, 0xcf, 0xb4, 0xac, 0x93, 0xed, 0x9b, 0x8f, 0xb4, 0x0e, 0xa4,
    0x52, 0xcd, 0xb3, 0xd5, 0x52, 0xcd, 0x8f, 0xac, 0xf1, 0xbc, 0xf1, 0xbc,
    0x32, 0xc5, 0xd5, 0xd5, 0x73, 0xcd, 0xf1, 0xbc, 0x11, 0xbd, 0x12, 0xc5,
    0xd0, 0xbc, 0xf1, 0xbc, 0x53, 0xc5, 0x32, 0xc5, 0x12, 0xbd, 0x12, 0xc5,
    0x32, 0xc5, 0xf6, 0xd5, 0xb4, 0xcd, 0xb4, 0xd5, 0x94, 0xcd, 0x74, 0xc5,
    0x15, 0xde, 0x53, 0xc5, 0xb4, 0xd5, 0xb4, 0xcd, 0xd5, 0xd5, 0x32, 0xc5,
    0x12, 0xbd, 0x53, 0xc5, 0x53, 0xc5, 0xb4, 0xcd, 0x53, 0xc5, 0x73, 0xc5,
    0x54, 0xc5, 0xb4, 0xd5, 0x95, 0xcd, 0x74, 0xc5, 0x74, 0xcd, 0x32, 0xbd,
    0x33, 0xcd, 0x12, 0xbd, 0x53, 0xc5, 0xd1, 0xb4, 0x12, 0xbd, 0x90, 0xac,
    0xee, 0x9b, 0x6f, 0xac, 0x11, 0xc5, 0x32, 0xcd, 0x32, 0xcd, 0x12, 0xc5,
    0x12, 0xc5, 0x12, 0xcd, 0xb4, 0xdd, 0x94, 0xd5, 0x73, 0xd5, 0x94, 0xd5,
    0xd4, 0xdd, 0xf5, 0xe5, 0xf5, 0xdd, 0x15, 0xe6, 0xd5, 0xdd, 0xf5, 0xdd,
    0x15, 0xe6, 0x77, 0xee, 0x36, 0xe6, 0x57, 0xee, 0x57, 0xe6, 0x56, 0xee,
    0x56, 0xe6, 0x77, 0xee, 0x36, 0xe6, 0x57, 0xe6, 0x98, 0xee, 0xd8, 0xee,
    0xf9, 0xf6, 0xfa, 0xf6, 0x78, 0xe6, 0x1a, 0xf7, 0xfa, 0xf6, 0xda, 0xf6,
    0xd9, 0xee, 0xda, 0xee, 0x3c, 0xf7, 0x5c, 0xff, 0x5c, 0xf7, 0x5c, 0xf7,
    0x5c, 0xff, 0xbd, 0xff, 0xde, 0xff, 0xde, 0xff, 0x9d, 0xff, 0xbe, 0xff,
    0xbe, 0xff, 0xbe, 0xff, 0x9d, 0xff, 0xde, 0xff, 0x9d, 0xf7, 0xbe, 0xff,
    0x9d, 0xff, 0xbe, 0xff, 0xbe, 0xff, 0x5c, 0xf7, 0x5c, 0xf7, 0x5c, 0xf7,
    0x7d, 0xff, 0x7d, 0xf7, 0x7d, 0xff, 0x9d, 0xff, 0x7d, 0xf7, 0x5c, 0xf7,
    0x9d, 0xf7, 0x7c, 0xf7, 0x3c, 0xf7, 0x7d, 0xff, 0x7d, 0xf7, 0x7c, 0xff,
    0x5d, 0xf7, 0x5d, 0xff, 0x9d, 0xff, 0x9d, 0xff, 0x7d, 0xff, 0x3c, 0xf7,
    0x3c, 0xf7, 0x3c, 0xf7, 0x5c, 0xf7, 0x7c, 0xf7, 0x5d, 0xff, 0x5c, 0xff,
    0x5c, 0xf7, 0x3d, 0xf7, 0x5c, 0xf7, 0x5c, 0xf7, 0x7d, 0xff, 0x7d, 0xff,
    0x5c, 0xf7, 0x3c, 0xf7, 0x3c, 0xf7, 0x3c, 0xf7, 0x5c, 0xf7, 0x5c, 0xf7,
    0x7c, 0xf7, 0x5d, 0xf7, 0x5c, 0xff, 0x5d, 0xff, 0x7c, 0xf7, 0x7c, 0xf7,
    0x5d, 0xf7, 0x5c, 0xf7, 0x5d, 0xf7, 0x7c, 0xf7, 0x7d, 0xf7, 0x5c, 0xf7,
    0x7d, 0xf7, 0x5d, 0xf7, 0x7c, 0xf7, 0x5c, 0xf7, 0x3c, 0xf7, 0x3c, 0xf7,
    0x1b, 0xef, 0xfb, 0xe6, 0x9a, 0xe6, 0x79, 0xde, 0x38, 0xd6, 0xf6, 0xcd,
    0xb6, 0xc5, 0x75, 0xc5, 0x74, 0xc5, 0x53, 0xc5, 0x13, 0xb5, 0xb5, 0xcd,
    0xf6, 0xd5, 0x74, 0xc5, 0x95, 0xcd, 0xb5, 0xcd, 0xd5, 0xd5, 0xf6, 0xd5,
    0x16, 0xd6, 0x37, 0xde, 0x37, 0xde, 0x37, 0xde, 0x57, 0xde, 0x58, 0xe6,
    0x78, 0xde, 0x78, 0xde, 0x78, 0xe6, 0x78, 0xe6, 0x98, 0xe6, 0x99, 0xe6,
    0x79, 0xe6, 0x99, 0xe6, 0x99, 0xe6, 0x99, 0xe6, 0x99, 0xe6, 0x98, 0xe6,
    0x79, 0xde, 0x98, 0xe6, 0x79, 0xe6, 0x78, 0xde, 0x79, 0xe6, 0x33, 0xc5,
    0x32, 0xc5, 0x32, 0xc5, 0x32, 0xc5, 0x32, 0xc5, 0x32, 0xc5, 0x32, 0xc5,
    0x12, 0xc5, 0x32, 0xc5, 0x32, 0xc5, 0x52, 0xc5, 0x52, 0xc5, 0x53, 0xc5,
    0x72, 0xcd, 0x53, 0xcd, 0x52, 0xcd, 0x73, 0xc5, 0x52, 0xcd, 0x12, 0xc5,
    0x11, 0xc5, 0xd0, 0xb4, 0xaf, 0xb4, 0x6e, 0xac, 0x4e, 0xa4, 0x4f, 0xa4,
    0x4e, 0xac, 0x6f, 0xac, 0x8f, 0xb4, 0x90, 0xb4, 0xaf, 0xb4, 0x8f, 0xb4,
    0x8f, 0xb4, 0x8f, 0xac, 0x6f, 0xac, 0x6e, 0xac, 0x4f, 0xac, 0x4e, 0xac,
    0x4e, 0xac, 0x2e, 0xa4, 0x0d, 0xa4, 0x0d, 0x9c, 0xcd, 0x93, 0xac, 0x9b,
    0xcc, 0x93, 0xcd, 0x93, 0x2e, 0x9c, 0xb1, 0xb4, 0x94, 0xcd, 0xf6, 0xd5,
    0xf5, 0xd5, 0x16, 0xd6, 0x57, 0xde, 0x57, 0xe6, 0x78, 0xe6, 0x77, 0xe6,
    0x57, 0xde, 0x77, 0xe6, 0x77, 0xe6, 0x78, 0xe6, 0x77, 0xe6, 0x77, 0xe6,
    0x98, 0xe6, 0x78, 0xe6, 0x97, 0xee, 0x98, 0xe6, 0x98, 0xe6, 0x97, 0xee,
    0x98, 0xe6, 0xb8, 0xe6, 0x57, 0xe6, 0x56, 0xe6, 0x98, 0xee, 0x97, 0xee,
    0x78, 0xe6, 0x77, 0xe6, 0x77, 0xee, 0x98, 0xe6, 0x98, 0xee, 0x77, 0xee,
    0x57, 0xe6, 0xb8, 0xee, 0x36, 0xe6, 0x77, 0xee, 0xb8, 0xee, 0x36, 0xe6,
    0xb8, 0xee, 0x77, 0xe6, 0x57, 0xe6, 0x98, 0xee, 0x16, 0xde, 0x97, 0xee,
    0x56, 0xe6, 0x98, 0xee, 0x98, 0xee, 0x76, 0xee, 0xf5, 0xe5, 0x16, 0xe6,
    0xd5, 0xdd, 0x56, 0xe6, 0x97, 0xee, 0x98, 0xee, 0x77, 0xee, 0x97, 0xee,
    0x36, 0xe6, 0x36, 0xe6, 0x77, 0xee, 0x76, 0xee, 0xd5, 0xdd, 0xf5, 0xdd,
    0xf4, 0xdd, 0x11, 0xc5, 0xf0, 0xc4, 0x52, 0xd5, 0x72, 0xd5, 0xb0, 0xb4,
    0x31, 0xc5, 0xd0, 0xc4, 0x6f, 0xac, 0x4e, 0xac, 0xf0, 0xbc, 0xb0, 0xb4,
    0xf4, 0xdd, 0x32, 0xc5, 0x6f, 0xac, 0xaf, 0xb4, 0xd0, 0xb4, 0xd0, 0xb4,
    0x6f, 0xac, 0xf1, 0xbc, 0x12, 0xbd, 0xd0, 0xbc, 0xd1, 0xbc, 0xf1, 0xbc,
    0x12, 0xbd, 0xd4, 0xd5, 0x93, 0xcd, 0x73, 0xc5, 0x32, 0xbd, 0x12, 0xbd,
    0xd5, 0xd5, 0x73, 0xc5, 0xb5, 0xcd, 0x74, 0xcd, 0xd5, 0xd5, 0x33, 0xbd,
    0xb0, 0xb4, 0x73, 0xcd, 0x13, 0xbd, 0x53, 0xc5, 0x94, 0xcd, 0x12, 0xc5,
    0xf5, 0xd5, 0x53, 0xc5, 0x93, 0xcd, 0x94, 0xcd, 0x32, 0xc5, 0x32, 0xc5,
    0x32, 0xc5, 0xf1, 0xbc, 0x90, 0xb4, 0xf1, 0xbc, 0x0f, 0xa4, 0x0e, 0x9c,
    0x90, 0xb4, 0x90, 0xb4, 0x90, 0xb4, 0x6f, 0xb4, 0xf2, 0xbc, 0x32, 0xc5,
    0xb4, 0xcd, 0x36, 0xe6, 0x36, 0xe6, 0xf5, 0xd5, 0x57, 0xe6, 0x77, 0xee,
    0x97, 0xee, 0x36, 0xe6, 0x36, 0xe6, 0x17, 0xde, 0x36, 0xe6, 0x56, 0xe6,
    0x56, 0xe6, 0xf5, 0xe5, 0x36, 0xe6, 0xf5, 0xdd, 0xf5, 0xdd, 0xf6, 0xdd,
    0x36, 0xe6, 0x36, 0xe6, 0xd9, 0xee, 0xb8, 0xf6, 0x56, 0xe6, 0xb8, 0xee,
    0x78, 0xe6, 0xb9, 0xee, 0xb9, 0xee, 0xd9, 0xf6, 0x3b, 0xf7, 0x5b, 0xff,
    0x3b, 0xf7, 0x5b, 0xf7, 0x5b, 0xff, 0x9c, 0xff, 0x9d, 0xff, 0x7d, 0xff,
    0xbd, 0xff, 0x9d, 0xff, 0x9d, 0xff, 0x7d, 0xff, 0xbe, 0xff, 0xbe, 0xff,
    0xde, 0xff, 0xbe, 0xff, 0xdf, 0xff, 0xde, 0xff, 0x9d, 0xff, 0xde, 0xff,
    0x9d, 0xff, 0x9e, 0xff, 0x9d, 0xff, 0x9e, 0xff, 0xde, 0xff, 0xbe, 0xff,
    0x9d, 0xff, 0x7d, 0xf7, 0x9e, 0xff, 0x7d, 0xf7, 0x7d, 0xff, 0x9d, 0xff,
    0x9d, 0xff, 0x3c, 0xf7, 0x5c, 0xf7, 0x5c, 0xf7, 0x3c, 0xf7, 0x5c, 0xf7,
    0x7c, 0xf7, 0x7c, 0xff, 0x7d, 0xf7, 0x5c, 0xf7, 0x7d, 0xff, 0x7c, 0xff,
    0x5d, 0xf7, 0x5c, 0xf7, 0x3c, 0xef, 0x3b, 0xf7, 0x3c, 0xf7, 0x3c, 0xf7,
    0x5c, 0xf7, 0x7d, 0xf7, 0x5d, 0xff, 0x5c, 0xf7, 0x3c, 0xf7, 0x3c, 0xf7,
    0x5c, 0xf7, 0x7d, 0xf7, 0x5c, 0xf7, 0x5c, 0xf7, 0x3c, 0xf7, 0x3c, 0xef,
    0x5c, 0xf7, 0x3c, 0xf7, 0x5c, 0xf7, 0x5c, 0xf7, 0x5d, 0xf7, 0x5d, 0xf7,
    0x7d, 0xff, 0x7d, 0xff, 0x5c, 0xf7, 0x7c, 0xff, 0x5d, 0xff, 0x5d, 0xf7,
    0x5c, 0xf7, 0x7c, 0xf7, 0x5d, 0xff, 0x5c, 0xf7, 0x5d, 0xf7, 0x3c, 0xf7,
    0x3c, 0xf7, 0x1b, 0xef, 0xfb, 0xee, 0xda, 0xe6, 0x79, 0xde, 0x58, 0xde,
    0xf7, 0xcd, 0xb5, 0xc5, 0x94, 0xbd, 0x54, 0xbd, 0x54, 0xbd, 0x34, 0xbd,
    0x74, 0xc5, 0x37, 0xde, 0x54, 0xc5, 0x95, 0xc5, 0xb5, 0xcd, 0xd5, 0xd5,
    0xf6, 0xd5, 0x16, 0xd6, 0xf6, 0xdd, 0x37, 0xde, 0x37, 0xd6, 0x58, 0xde,
    0x58, 0xde, 0x78, 0xe6, 0x78, 0xde, 0x78, 0xde, 0x79, 0xe6, 0x99, 0xe6,
    0x99, 0xe6, 0x78, 0xe6, 0x98, 0xe6, 0x99, 0xde, 0x99, 0xe6, 0x79, 0xe6,
    0x99, 0xe6, 0x79, 0xde, 0x98, 0xde, 0x79, 0xe6, 0x98, 0xde, 0x79, 0xde,
    0x53, 0xc5, 0x32, 0xbd, 0x32, 0xc5, 0x12, 0xc5, 0x32, 0xbd, 0x32, 0xbd,
    0x32, 0xc5, 0x12, 0xbd, 0x11, 0xc5, 0x32, 0xc5, 0x32, 0xbd, 0x32, 0xc5,
    0x32, 0xcd, 0x32, 0xc5, 0x52, 0xc5, 0x53, 0xc5, 0x32, 0xcd, 0x32, 0xc5,
    0x32, 0xc5, 0xf1, 0xbc, 0xb0, 0xb4, 0x8f, 0xb4, 0x4f, 0xac, 0x4e, 0xa4,
    0x4e, 0xa4, 0x4f, 0xac, 0x6f, 0xac, 0x8f, 0xb4, 0x90, 0xb4, 0x90, 0xb4,
    0x8f, 0xb4, 0x6f, 0xac, 0x6f, 0xb4, 0x6f, 0xac, 0x6e, 0xac, 0x6f, 0xac,
    0x4e, 0xac, 0x4e, 0xac, 0x2e, 0xa4, 0x0d, 0xa4, 0xcd, 0x9b, 0xcc, 0x9b,
    0xac, 0x93, 0xed, 0x9b, 0x6f, 0xa4, 0xf1, 0xb4, 0x32, 0xbd, 0x32, 0xbd,
    0x53, 0xc5, 0x94, 0xc5, 0x16, 0xd6, 0x37, 0xde, 0x57, 0xe6, 0x77, 0xe6,
    0x97, 0xe6, 0x98, 0xe6, 0x98, 0xee, 0x98, 0xe6, 0x97, 0xee, 0x77, 0xe6,
    0x78, 0xe6, 0x77, 0xe6, 0x97, 0xe6, 0x98, 0xe6, 0x77, 0xe6, 0x77, 0xe6,
    0x77, 0xe6, 0x77, 0xe6, 0x36, 0xde, 0x57, 0xe6, 0x98, 0xee, 0x77, 0xe6,
    0x77, 0xe6, 0x97, 0xe6, 0x98, 0xee, 0xb8, 0xee, 0x77, 0xee, 0x77, 0xe6,
    0x77, 0xe6, 0x77, 0xee, 0x57, 0xe6, 0xb8, 0xf6, 0x77, 0xee, 0xb8, 0xee,
    0x98, 0xee, 0xb8, 0xf6, 0xd9, 0xf6, 0x97, 0xee, 0x98, 0xee, 0x96, 0xee,
    0x36, 0xee, 0x77, 0xee, 0x36, 0xe6, 0xb8, 0xee, 0x32, 0xc5, 0xd5, 0xdd,
    0x56, 0xe6, 0xd5, 0xdd, 0x36, 0xe6, 0xf5, 0xdd, 0x57, 0xe6, 0x77, 0xee,
    0x57, 0xee, 0x98, 0xee, 0x77, 0xee, 0x56, 0xe6, 0x36, 0xe6, 0x77, 0xee,
    0x36, 0xe6, 0x36, 0xe6, 0x35, 0xe6, 0x73, 0xcd, 0xb0, 0xbc, 0xaf, 0xbc,
    0xb0, 0xbc, 0x0d, 0x9c, 0x6b, 0x8b, 0xac, 0x93, 0x6f, 0xac, 0x90, 0xb4,
    0xb3, 0xcd, 0x0e, 0x9c, 0xcc, 0x93, 0xed, 0x9b, 0x4e, 0xac, 0x4f, 0xac,
    0x6f, 0xac, 0x0e, 0xa4, 0xf0, 0xbc, 0x6f, 0xac, 0x6f, 0xa4, 0xb0, 0xb4,
    0xb0, 0xb4, 0xb4, 0xcd, 0x73, 0xcd, 0x32, 0xc5, 0x73, 0xcd, 0xd1, 0xb4,
    0x94, 0xcd, 0x93, 0xcd, 0x73, 0xcd, 0x74, 0xcd, 0x73, 0xcd, 0x52, 0xc5,
    0x12, 0xbd, 0x33, 0xc5, 0x73, 0xc5, 0x33, 0xc5, 0xb4, 0xcd, 0xf2, 0xbc,
    0xf5, 0xd5, 0x94, 0xcd, 0xb1, 0xb4, 0x73, 0xcd, 0x12, 0xbd, 0xd1, 0xb4,
    0xb1, 0xb4, 0xf2, 0xbc, 0xb1, 0xb4, 0x0e, 0x9c, 0xcd, 0x93, 0x2f, 0xa4,
    0x0e, 0xa4, 0x70, 0xb4, 0x53, 0xcd, 0x52, 0xcd, 0x93, 0xd5, 0x53, 0xcd,
    0xb4, 0xdd, 0xf5, 0xdd, 0x94, 0xd5, 0xf6, 0xdd, 0x77, 0xee, 0x36, 0xe6,
    0xf6, 0xdd, 0x57, 0xee, 0x77, 0xe6, 0x36, 0xe6, 0x98, 0xee, 0x77, 0xee,
    0x16, 0xde, 0x16, 0xe6, 0x16, 0xe6, 0x16, 0xe6, 0x57, 0xee, 0x16, 0xe6,
    0x57, 0xee, 0x56, 0xe6, 0xf6, 0xdd, 0x36, 0xe6, 0x77, 0xe6, 0x78, 0xee,
    0xb8, 0xee, 0xb9, 0xf6, 0x98, 0xee, 0x1a, 0xff, 0xd9, 0xee, 0xfa, 0xf6,
    0x5c, 0xff, 0x9d, 0xff, 0x7c, 0xff, 0xbd, 0xff, 0x9e, 0xff, 0xbe, 0xff,
    0xbe, 0xff, 0xbe, 0xff, 0x9d, 0xff, 0xbe, 0xff, 0x9e, 0xff, 0xbd, 0xff,
    0xbd, 0xff, 0xdf, 0xff, 0xde, 0xff, 0xbd, 0xff, 0xdf, 0xff, 0xbe, 0xff,
    0x7d, 0xff, 0xbe, 0xff, 0x5c, 0xf7, 0x9d, 0xff, 0x7d, 0xf7, 0x7c, 0xf7,
    0x9d, 0xff, 0x7d, 0xff, 0x9e, 0xff, 0xbd, 0xff, 0x9d, 0xff, 0x7d, 0xf7,
    0x7d, 0xff, 0x5c, 0xf7, 0x9d, 0xf7, 0x3c, 0xf7, 0x5c, 0xf7, 0x3c, 0xf7,
    0x7d, 0xf7, 0x5c, 0xf7, 0x3c, 0xf7, 0x7c, 0xf7, 0x5c, 0xf7, 0x3c, 0xf7,
    0x7d, 0xf7, 0x9c, 0xff, 0x5d, 0xf7, 0x5c, 0xf7, 0x3c, 0xf7, 0x3c, 0xf7,
    0x3c, 0xef, 0x1c, 0xf7, 0x5c, 0xf7, 0x3c, 0xf7, 0x5c, 0xf7, 0x5c, 0xf7,
    0x5c, 0xf7, 0x5c, 0xf7, 0x5c, 0xf7, 0x5c, 0xf7, 0x3d, 0xf7, 0x5c, 0xf7,
    0x3b, 0xf7, 0x3c, 0xf7, 0x3c, 0xef, 0x3c, 0xf7, 0x5c, 0xf7, 0x5c, 0xf7,
    0x5c, 0xf7, 0x5d, 0xf7, 0x7d, 0xff, 0x7c, 0xf7, 0x5d, 0xff, 0x5d, 0xf7,
    0x7c, 0xf7, 0x7d, 0xf7, 0x5d, 0xf7, 0x5c, 0xff, 0x3c, 0xf7, 0x5c, 0xf7,
    0x5c, 0xf7, 0x3c, 0xef, 0x1b, 0xef, 0xda, 0xee, 0xba, 0xe6, 0x79, 0xde,
    0x58, 0xd6, 0xf7, 0xd5, 0xd5, 0xcd, 0x74, 0xc5, 0x53, 0xbd, 0x33, 0xbd,
    0x33, 0xbd, 0x54, 0xbd, 0x37, 0xde, 0x74, 0xc5, 0x94, 0xcd, 0xb5, 0xc5,
    0xb5, 0xcd, 0xd6, 0xd5, 0xf6, 0xd5, 0x17, 0xd6, 0x16, 0xde, 0x37, 0xde,
    0x57, 0xde, 0x57, 0xde, 0x58, 0xde, 0x78, 0xde, 0x78, 0xe6, 0x78, 0xe6,
    0x78, 0xde, 0x98, 0xde, 0x99, 0xde, 0x98, 0xe6, 0x99, 0xe6, 0x99, 0xe6,
    0x79, 0xde, 0x99, 0xe6, 0x99, 0xde, 0x79, 0xde, 0x99, 0xde, 0x78, 0xde,
    0x78, 0xe6, 0x53, 0xc5, 0x32, 0xbd, 0x12, 0xbd, 0x12, 0xc5, 0x11, 0xbd,
    0x12, 0xc5, 0x11, 0xc5, 0x11, 0xbd, 0x12, 0xbd, 0x11, 0xbd, 0x11, 0xc5,
    0x12, 0xbd, 0x32, 0xc5, 0x32, 0xc5, 0x32, 0xc5, 0x32, 0xc5, 0x32, 0xc5,
    0x32, 0xc5, 0x11, 0xbd, 0xd1, 0xbc, 0xb0, 0xb4, 0x8f, 0xac, 0x6f, 0xac,
    0x4e, 0xac, 0x4e, 0xa4, 0x6f, 0xac, 0x6f, 0xac, 0x8f, 0xac, 0x8f, 0xb4,
    0x90, 0xb4, 0x8f, 0xac, 0x6f, 0xac, 0x4f, 0xac, 0x6f, 0xac, 0x4e, 0xac,
    0x4e, 0xac, 0x4e, 0xac, 0x4e, 0xa4, 0x0d, 0xa4, 0xed, 0x9b, 0xcd, 0x93,
    0xac, 0x93, 0xcc, 0x93, 0xed, 0x9b, 0x4f, 0xa4, 0x70, 0xa4, 0xb1, 0xac,
    0x12, 0xb5, 0x94, 0xcd, 0x16, 0xde, 0x57, 0xe6, 0x77, 0xe6, 0x77, 0xe6,
    0x98, 0xe6, 0x98, 0xe6, 0x98, 0xee, 0x97, 0xe6, 0x57, 0xe6, 0x77, 0xe6,
    0x78, 0xe6, 0x98, 0xee, 0x98, 0xe6, 0x77, 0xe6, 0x77, 0xe6, 0x77, 0xee,
    0x57, 0xe6, 0x57, 0xe6, 0x57, 0xe6, 0x36, 0xe6, 0x97, 0xee, 0x98, 0xe6,
    0x77, 0xe6, 0x77, 0xe6, 0x97, 0xee, 0x57, 0xe6, 0x77, 0xe6, 0x97, 0xee,
    0x57, 0xe6, 0x77, 0xe6, 0x77, 0xee, 0x98, 0xee, 0xb8, 0xf6, 0x57, 0xe6,
    0x98, 0xf6, 0xb8, 0xee, 0xd8, 0xee, 0xd8, 0xf6, 0xb8, 0xf6, 0xd9, 0xf6,
    0x98, 0xee, 0x57, 0xe6, 0xd5, 0xdd, 0x56, 0xee, 0x57, 0xe6, 0xb3, 0xdd,
    0x56, 0xe6, 0x36, 0xe6, 0x57, 0xe6, 0x98, 0xee, 0x16, 0xe6, 0x57, 0xee,
    0x76, 0xee, 0x77, 0xee, 0x77, 0xee, 0x77, 0xee, 0x57, 0xe6, 0x77, 0xee,
    0x76, 0xee, 0x36, 0xde, 0x16, 0xde, 0x36, 0xe6, 0xf5, 0xdd, 0x93, 0xd5,
    0x11, 0xc5, 0x8f, 0xbc, 0x6f, 0xac, 0x0e, 0x9c, 0xb0, 0xbc, 0x12, 0xc5,
    0xf1, 0xc4, 0x4b, 0x8b, 0x8c, 0x93, 0x8c, 0x93, 0xed, 0x9b, 0xad, 0x93,
    0xcd, 0x93, 0xed, 0x9b, 0x2e, 0xa4, 0xed, 0x9b, 0x0e, 0xa4, 0x6f, 0xac,
    0x0e, 0xa4, 0xb4, 0xcd, 0x52, 0xcd, 0xd1, 0xb4, 0x93, 0xcd, 0xd1, 0xb4,
    0x73, 0xcd, 0x53, 0xc5, 0x74, 0xcd, 0x52, 0xc5, 0x32, 0xc5, 0x12, 0xb5,
    0xf1, 0xbc, 0x12, 0xc5, 0x73, 0xcd, 0x53, 0xc5, 0x94, 0xcd, 0xf1, 0xb4,
    0x73, 0xcd, 0x73, 0xcd, 0xd1, 0xb4, 0xb1, 0xb4, 0x53, 0xc5, 0xb0, 0xb4,
    0xb1, 0xb4, 0x4f, 0xac, 0x90, 0xac, 0x70, 0xac, 0x0e, 0xa4, 0x4f, 0xac,
    0x90, 0xb4, 0x11, 0xc5, 0x32, 0xc5, 0x93, 0xd5, 0xf5, 0xdd, 0xf5, 0xdd,
    0x57, 0xe6, 0x15, 0xe6, 0x15, 0xde, 0x36, 0xe6, 0xf5, 0xdd, 0xd4, 0xdd,
    0x15, 0xde, 0x15, 0xe6, 0x16, 0xe6, 0x36, 0xe6, 0xf5, 0xdd, 0xf5, 0xe5,
    0x15, 0xde, 0xf5, 0xdd, 0x36, 0xe6, 0x77, 0xe6, 0xb8, 0xee, 0x97, 0xee,
    0x56, 0xe6, 0x36, 0xe6, 0x57, 0xee, 0xb8, 0xee, 0x16, 0xe6, 0x16, 0xde,
    0x57, 0xe6, 0x98, 0xee, 0x97, 0xe6, 0x77, 0xe6, 0xb9, 0xee, 0x5b, 0xff,
    0x5b, 0xf7, 0x3b, 0xf7, 0x3b, 0xf7, 0x3b, 0xf7, 0x1a, 0xf7, 0x5b, 0xff,
    0x3b, 0xf7, 0x5c, 0xf7, 0x9c, 0xff, 0xbd, 0xff, 0xbd, 0xff, 0x9d, 0xff,
    0xde, 0xff, 0x9e, 0xff, 0x9d, 0xf7, 0xdf, 0xff, 0xbe, 0xff, 0x9d, 0xff,
    0xdf, 0xff, 0x9e, 0xff, 0x9e, 0xff, 0xbe, 0xff, 0x9d, 0xff, 0xbe, 0xff,
    0x9d, 0xff, 0x9e, 0xf7, 0x9e, 0xff, 0x9d, 0xff, 0xbe, 0xff, 0x9e, 0xff,
    0x5c, 0xf7, 0x9d, 0xff, 0x7d, 0xf7, 0x5d, 0xf7, 0x7d, 0xff, 0x3c, 0xf7,
    0x3b, 0xf7, 0x3c, 0xf7, 0x5d, 0xf7, 0x5c, 0xf7, 0x3c, 0xf7, 0x5c, 0xf7,
    0x5c, 0xf7, 0x3c, 0xf7, 0x5c, 0xf7, 0x7c, 0xf7, 0x5c, 0xf7, 0x3c, 0xf7,
    0x3c, 0xf7, 0x3b, 0xf7, 0x3c, 0xf7, 0x3c, 0xf7, 0x3c, 0xf7, 0x3c, 0xf7,
    0x3c, 0xf7, 0x5c, 0xf7, 0x3c, 0xf7, 0x3c, 0xf7, 0x5c, 0xf7, 0x5c, 0xf7,
    0x5c, 0xf7, 0x5c, 0xf7, 0x3c, 0xf7, 0x3c, 0xf7, 0x3c, 0xef, 0x3c, 0xef,
    0x3c, 0xf7, 0x3c, 0xf7, 0x7c, 0xf7, 0x5d, 0xf7, 0x7d, 0xf7, 0x5c, 0xf7,
    0x7c, 0xf7, 0x5d, 0xf7, 0x5c, 0xf7, 0x5c, 0xf7, 0x5d, 0xf7, 0x5c, 0xf7,
    0x3c, 0xf7, 0x3c, 0xf7, 0x3b, 0xef, 0x1b, 0xef, 0xdb, 0xe6, 0xda, 0xe6,
    0x99, 0xe6, 0x38, 0xd6, 0x17, 0xce, 0xb6, 0xc5, 0x75, 0xc5, 0x54, 0xbd,
    0x33, 0xb5, 0x33, 0xb5, 0x13, 0xb5, 0x37, 0xd6, 0x95, 0xbd, 0x74, 0xc5,
    0xb5, 0xcd, 0xd5, 0xcd, 0xd5, 0xcd, 0xf6, 0xd5, 0x17, 0xd6, 0x17, 0xd6,
    0x37, 0xd6, 0x37, 0xd6, 0x37, 0xde, 0x58, 0xde, 0x58, 0xde, 0x58, 0xde,
    0x78, 0xde, 0x78, 0xde, 0x78, 0xde, 0x99, 0xde, 0x99, 0xe6, 0x99, 0xe6,
    0x99, 0xe6, 0x98, 0xe6, 0x99, 0xde, 0x99, 0xe6, 0xb9, 0xe6, 0x78, 0xde,
    0x79, 0xe6, 0x79, 0xe6, 0x33, 0xc5, 0x33, 0xbd, 0x12, 0xbd, 0x11, 0xc5,
    0x11, 0xbd, 0xf1, 0xbc, 0x11, 0xc5, 0xf1, 0xbc, 0x11, 0xbd, 0xf1, 0xbc,
    0x11, 0xbd, 0x11, 0xbd, 0x12, 0xbd, 0x32, 0xbd, 0x32, 0xbd, 0x32, 0xc5,
    0x12, 0xc5, 0x11, 0xc5, 0xf1, 0xbc, 0xd0, 0xb4, 0xb0, 0xb4, 0x6f, 0xac,
    0x4e, 0xac, 0x2e, 0xac, 0x4e, 0xac, 0x4e, 0xac, 0x6f, 0xac, 0x8f, 0xac,
    0x8f, 0xb4, 0x8f, 0xb4, 0x6f, 0xac, 0x4e, 0xac, 0x4e, 0xa4, 0x6e, 0xa4,
    0x4e, 0xac, 0x4f, 0xac, 0x2e, 0xa4, 0x2e, 0xa4, 0x0d, 0xa4, 0xed, 0x9b,
    0xcc, 0x9b, 0xcc, 0x93, 0xcd, 0x93, 0x2f, 0x9c, 0xb0, 0xb4, 0x32, 0xbd,
    0xb5, 0xcd, 0x16, 0xde, 0x57, 0xde, 0x77, 0xe6, 0x78, 0xe6, 0x98, 0xe6,
    0x98, 0xe6, 0x78, 0xe6, 0x78, 0xe6, 0x77, 0xe6, 0x78, 0xe6, 0x98, 0xe6,
    0x98, 0xee, 0xb8, 0xee, 0x77, 0xe6, 0x97, 0xee, 0x77, 0xe6, 0x77, 0xe6,
    0x97, 0xe6, 0x57, 0xe6, 0x77, 0xe6, 0x56, 0xe6, 0x77, 0xe6, 0x97, 0xee,
    0x57, 0xe6, 0x98, 0xe6, 0x97, 0xee, 0x77, 0xe6, 0x57, 0xe6, 0x77, 0xe6,
    0x36, 0xe6, 0x98, 0xee, 0x36, 0xe6, 0x98, 0xee, 0xb9, 0xee, 0x97, 0xee,
    0x98, 0xee, 0xb8, 0xee, 0xd8, 0xee, 0xd9, 0xee, 0x57, 0xee, 0xd9, 0xf6,
    0xd8, 0xee, 0x98, 0xee, 0x36, 0xe6, 0x15, 0xe6, 0x36, 0xe6, 0x94, 0xd5,
    0xf5, 0xe5, 0x77, 0xee, 0x57, 0xee, 0x36, 0xe6, 0x97, 0xee, 0x97, 0xee,
    0x36, 0xe6, 0x56, 0xee, 0x77, 0xee, 0x77, 0xee, 0x77, 0xee, 0xb8, 0xee,
    0x56, 0xe6, 0x57, 0xee, 0x56, 0xe6, 0x15, 0xde, 0x15, 0xe6, 0x36, 0xe6,
    0xb4, 0xd5, 0x93, 0xd5, 0x11, 0xc5, 0xd0, 0xc4, 0xd0, 0xc4, 0xb4, 0xd5,
    0x8f, 0xac, 0x6b, 0x8b, 0x6b, 0x8b, 0xac, 0x9b, 0xed, 0x9b, 0x6b, 0x8b,
    0x0b, 0x7b, 0x4b, 0x8b, 0xac, 0x93, 0x8c, 0x93, 0x0d, 0xa4, 0xaf, 0xb4,
    0xed, 0x9b, 0xb4, 0xd5, 0x11, 0xbd, 0x0d, 0x9c, 0x53, 0xcd, 0x8f, 0xac,
    0xf1, 0xbc, 0x32, 0xc5, 0x11, 0xbd, 0x32, 0xc5, 0x12, 0xbd, 0x12, 0xbd,
    0x32, 0xc5, 0x52, 0xc5, 0x32, 0xc5, 0x32, 0xc5, 0x32, 0xc5, 0x12, 0xc5,
    0xb1, 0xb4, 0x94, 0xc5, 0xd1, 0xb4, 0x6f, 0xac, 0xf2, 0xbc, 0xb0, 0xb4,
    0xf1, 0xb4, 0x90, 0xb4, 0xd0, 0xbc, 0x70, 0xb4, 0xb0, 0xb4, 0x4f, 0xac,
    0x6f, 0xb4, 0xd1, 0xbc, 0x32, 0xc5, 0x32, 0xc5, 0x33, 0xcd, 0x73, 0xcd,
    0xf5, 0xd5, 0xd5, 0xdd, 0x15, 0xde, 0x15, 0xde, 0x36, 0xe6, 0x56, 0xee,
    0x56, 0xe6, 0x16, 0xe6, 0x36, 0xe6, 0x15, 0xde, 0xf5, 0xdd, 0xf5, 0xdd,
    0x16, 0xe6, 0x77, 0xee, 0x57, 0xe6, 0x36, 0xde, 0x36, 0xe6, 0x36, 0xee,
    0x37, 0xe6, 0x98, 0xee, 0x56, 0xe6, 0x15, 0xde, 0x16, 0xe6, 0x97, 0xee,
    0x57, 0xee, 0xd8, 0xf6, 0x78, 0xee, 0xd9, 0xf6, 0x1a, 0xf7, 0xd9, 0xee,
    0x1a, 0xf7, 0x1b, 0xf7, 0x3b, 0xff, 0x9d, 0xff, 0x9d, 0xff, 0x7d, 0xf7,
    0x9d, 0xff, 0x9d, 0xff, 0x9d, 0xff, 0xbd, 0xff, 0x9e, 0xff, 0xbe, 0xff,
    0x9d, 0xff, 0xbe, 0xff, 0xdf, 0xff, 0xbe, 0xff, 0x9e, 0xff, 0xdf, 0xff,
    0xbe, 0xff, 0x9d, 0xff, 0xde, 0xff, 0x7d, 0xf7, 0x9d, 0xff, 0x5c, 0xf7,
    0x7c, 0xf7, 0x9e, 0xff, 0x7c, 0xf7, 0x5c, 0xf7, 0x5c, 0xf7, 0x7d, 0xf7,
    0x9d, 0xff, 0xbe, 0xff, 0x7d, 0xff, 0x7d, 0xf7, 0x9d, 0xff, 0x5c, 0xf7,
    0x7d, 0xf7, 0x3b, 0xef, 0xfb, 0xee, 0x3b, 0xf7, 0x5c, 0xf7, 0x3c, 0xf7,
    0x3c, 0xf7, 0x3c, 0xf7, 0x1c, 0xf7, 0x3c, 0xf7, 0x5c, 0xf7, 0x5d, 0xf7,
    0x7c, 0xff, 0x5c, 0xf7, 0x1c, 0xf7, 0x5c, 0xf7, 0x7d, 0xf7, 0x5c, 0xf7,
    0x3c, 0xf7, 0x3c, 0xf7, 0x3c, 0xf7, 0x5c, 0xf7, 0x5c, 0xf7, 0x3c, 0xf7,
    0x3c, 0xef, 0x3c, 0xf7, 0x5c, 0xf7, 0x1c, 0xf7, 0x3b, 0xf7, 0x5c, 0xf7,
    0x3c, 0xf7, 0x3c, 0xef, 0x3c, 0xf7, 0x5c, 0xf7, 0x5c, 0xf7, 0x5c, 0xf7,
    0x5d, 0xf7, 0x5c, 0xf7, 0x5d, 0xff, 0x5d, 0xff, 0x5c, 0xf7, 0x5c, 0xf7,
    0x5c, 0xf7, 0x3c, 0xf7, 0x3c, 0xef, 0x3c, 0xef, 0x1c, 0xef, 0xfa, 0xee,
    0xba, 0xe6, 0xba, 0xe6, 0x58, 0xd6, 0x17, 0xd6, 0xb6, 0xcd, 0x95, 0xc5,
    0x54, 0xbd, 0x33, 0xb5, 0x33, 0xbd, 0x12, 0xb5, 0xf6, 0xd5, 0xb5, 0xcd,
    0x74, 0xc5, 0x94, 0xcd, 0xb5, 0xcd, 0xd5, 0xcd, 0xf5, 0xd5, 0xf6, 0xd5,
    0x16, 0xd6, 0x37, 0xd6, 0x17, 0xde, 0x37, 0xd6, 0x37, 0xde, 0x58, 0xde,
    0x57, 0xde, 0x78, 0xde, 0x79, 0xde, 0x79, 0xe6, 0x99, 0xe6, 0x99, 0xe6,
    0x98, 0xe6, 0x99, 0xde, 0x99, 0xe6, 0x99, 0xde, 0x79, 0xde, 0x99, 0xe6,
    0x99, 0xe6, 0x79, 0xde, 0x79, 0xde, 0x54, 0xc5, 0x32, 0xbd, 0x12, 0xbd,
    0x11, 0xbd, 0x11, 0xbd, 0xf1, 0xbc, 0xf1, 0xbc, 0xf1, 0xbc, 0xf1, 0xbc,
    0xf1, 0xbc, 0xf1, 0xbc, 0xf1, 0xbc, 0xf1, 0xbc, 0x11, 0xc5, 0xf2, 0xc4,
    0x11, 0xc5, 0x11, 0xbd, 0xf1, 0xbc, 0xf1, 0xbc, 0xd0, 0xbc, 0x90, 0xb4,
    0x6f, 0xac, 0x6e, 0xac, 0x4e, 0xa4, 0x4e, 0xa4, 0x4f, 0xac, 0x6f, 0xb4,
    0x6f, 0xb4, 0x8f, 0xb4, 0x6f, 0xb4, 0x6f, 0xac, 0x4e, 0xac, 0x4e, 0xa4,
    0x2e, 0xac, 0x4e, 0xa4, 0x4e, 0xac, 0x4e, 0xa4, 0x2d, 0xa4, 0x0d, 0xa4,
    0xed, 0x9b, 0xcd, 0x93, 0xed, 0x9b, 0x4e, 0xac, 0xd1, 0xb4, 0x32, 0xbd,
    0x93, 0xcd, 0xd5, 0xd5, 0xf5, 0xcd, 0x16, 0xd6, 0x57, 0xe6, 0x77, 0xde,
    0x78, 0xe6, 0x98, 0xee, 0x98, 0xe6, 0x98, 0xe6, 0x97, 0xee, 0xb8, 0xee,
    0x98, 0xe6, 0xb8, 0xee, 0x78, 0xe6, 0x97, 0xe6, 0x78, 0xe6, 0x78, 0xee,
    0x98, 0xee, 0x57, 0xe6, 0x97, 0xee, 0x77, 0xe6, 0x57, 0xde, 0x78, 0xe6,
    0x77, 0xe6, 0x98, 0xe6, 0x98, 0xee, 0x98, 0xee, 0x57, 0xe6, 0x97, 0xee,
    0x57, 0xe6, 0x77, 0xe6, 0x97, 0xee, 0x57, 0xe6, 0x57, 0xee, 0xb8, 0xee,
    0x98, 0xee, 0xb8, 0xee, 0xd9, 0xee, 0xb8, 0xf6, 0xb8, 0xf6, 0xd9, 0xf6,
    0xf9, 0xf6, 0xb8, 0xee, 0xd8, 0xf6, 0x93, 0xd5, 0x15, 0xe6, 0xf5, 0xdd,
    0xb5, 0xdd, 0x57, 0xee, 0x36, 0xe6, 0x98, 0xee, 0x56, 0xe6, 0x36, 0xe6,
    0xb8, 0xee, 0x98, 0xee, 0x16, 0xe6, 0x78, 0xee, 0x97, 0xee, 0x77, 0xee,
    0x98, 0xee, 0x77, 0xee, 0x57, 0xe6, 0x57, 0xee, 0x36, 0xe6, 0xf5, 0xdd,
    0xf4, 0xe5, 0x36, 0xde, 0x93, 0xd5, 0x72, 0xcd, 0x11, 0xc5, 0xd4, 0xdd,
    0xf1, 0xbc, 0x2e, 0xac, 0x6e, 0xac, 0x4e, 0xac, 0x2d, 0xac, 0x8c, 0x8b,
    0x8c, 0x8b, 0x8b, 0x93, 0xcc, 0x9b, 0xac, 0x93, 0x8c, 0x93, 0x6f, 0xac,
    0x2e, 0xa4, 0xb3, 0xd5, 0xd0, 0xb4, 0x6b, 0x8b, 0xd1, 0xb4, 0x6f, 0xac,
    0x90, 0xb4, 0x6f, 0xac, 0x90, 0xac, 0x11, 0xbd, 0x4f, 0xa4, 0xd1, 0xbc,
    0x52, 0xc5, 0xf1, 0xb4, 0x32, 0xc5, 0x12, 0xb5, 0x12, 0xbd, 0xf2, 0xbc,
    0x90, 0xac, 0x12, 0xbd, 0xd1, 0xbc, 0xb0, 0xac, 0xd0, 0xb4, 0xf1, 0xbc,
    0x90, 0xb4, 0xd1, 0xbc, 0x4f, 0xa4, 0x2f, 0xa4, 0xcd, 0x9b, 0x4f, 0xa4,
    0xf1, 0xbc, 0x93, 0xcd, 0x94, 0xd5, 0x94, 0xcd, 0xd4, 0xd5, 0x15, 0xe6,
    0xf5, 0xd5, 0xd5, 0xdd, 0xf6, 0xdd, 0x36, 0xde, 0x36, 0xe6, 0x15, 0xde,
    0x16, 0xde, 0x57, 0xe6, 0x57, 0xe6, 0x57, 0xe6, 0x77, 0xee, 0x77, 0xe6,
    0x77, 0xe6, 0x57, 0xe6, 0x57, 0xee, 0x97, 0xee, 0x97, 0xee, 0x36, 0xe6,
    0x16, 0xe6, 0x36, 0xe6, 0xd8, 0xee, 0xd9, 0xf6, 0x56, 0xe6, 0x57, 0xee,
    0xd9, 0xee, 0xd9, 0xf6, 0x98, 0xee, 0xd9, 0xee, 0xb9, 0xee, 0xfa, 0xf6,
    0xfa, 0xf6, 0x5c, 0xf7, 0x9d, 0xff, 0x1b, 0xf7, 0x3b, 0xff, 0x9d, 0xff,
    0xbe, 0xff, 0xde, 0xff, 0xbe, 0xff, 0xbe, 0xff, 0xbe, 0xff, 0xbe, 0xff,
    0xbe, 0xff, 0x7d, 0xff, 0x9d, 0xff, 0xde, 0xff, 0xde, 0xff, 0xbe, 0xff,
    0xbe, 0xff, 0xdf, 0xff, 0xbe, 0xff, 0xbe, 0xff, 0xff, 0xff, 0xbe, 0xff,
    0xdf, 0xff, 0x7d, 0xf7, 0x5c, 0xf7, 0x9e, 0xff, 0x9e, 0xff, 0x7d, 0xf7,
    0xbe, 0xff, 0x9d, 0xf7, 0x3c, 0xf7, 0x7d, 0xff, 0x5c, 0xf7, 0x5c, 0xef,
    0x9d, 0xff, 0x3c, 0xf7, 0x5c, 0xf7, 0x3c, 0xf7, 0xfb, 0xee, 0x1b, 0xf7,
    0x5c, 0xf7, 0x3b, 0xf7, 0x3c, 0xf7, 0x5b, 0xf7, 0xfb, 0xee, 0x1b, 0xf7,
    0x3b, 0xf7, 0x5c, 0xf7, 0x5d, 0xf7, 0x5c, 0xf7, 0x1c, 0xf7, 0x3c, 0xf7,
    0x5d, 0xf7, 0x5c, 0xf7, 0x1c, 0xf7, 0x1c, 0xef, 0x3c, 0xf7, 0x3c, 0xf7,
    0x5c, 0xf7, 0x3c, 0xf7, 0x1c, 0xef, 0x1c, 0xf7, 0x3b, 0xf7, 0x3b, 0xef,
    0x3c, 0xf7, 0x1c, 0xf7, 0x3c, 0xf7, 0x3c, 0xef, 0x3c, 0xf7, 0x5c, 0xf7,
    0x3c, 0xf7, 0x5d, 0xf7, 0x5c, 0xf7, 0x5c, 0xf7, 0x5d, 0xf7, 0x5c, 0xf7,
    0x5c, 0xf7, 0x3d, 0xf7, 0x5c, 0xf7, 0x5c, 0xf7, 0x1c, 0xf7, 0x1b, 0xef,
    0xfb, 0xee, 0xda, 0xe6, 0xba, 0xe6, 0x79, 0xde, 0x17, 0xce, 0xd6, 0xcd,
    0xb5, 0xc5, 0x74, 0xbd, 0x54, 0xbd, 0x33, 0xbd, 0x13, 0xb5, 0x95, 0xc5,
    0xd6, 0xcd, 0x53, 0xbd, 0x94, 0xc5, 0x96, 0xcd, 0xb5, 0xcd, 0xd6, 0xcd,
    0xd6, 0xd5, 0x16, 0xd6, 0xf6, 0xd5, 0x37, 0xd6, 0x38, 0xde, 0x37, 0xde,
    0x58, 0xde, 0x78, 0xde, 0x78, 0xde, 0x78, 0xe6, 0x99, 0xe6, 0x98, 0xe6,
    0x78, 0xe6, 0x78, 0xde, 0xda, 0xe6, 0x1b, 0xf7, 0x1b, 0xef, 0xfa, 0xee,
    0xba, 0xe6, 0x99, 0xe6, 0x78, 0xde, 0x78, 0xde, 0x54, 0xc5, 0x33, 0xbd,
    0x12, 0xbd, 0x11, 0xbd, 0xf1, 0xbc, 0xf1, 0xbc, 0xf1, 0xbc, 0xd1, 0xbc,
    0xd0, 0xb4, 0xd1, 0xbc, 0xd1, 0xbc, 0xd0, 0xb4, 0xf1, 0xbc, 0xf1, 0xbc,
    0xf1, 0xbc, 0xf1, 0xb4, 0xf1, 0xbc, 0xd1, 0xbc, 0xf1, 0xbc, 0xb0, 0xb4,
    0xaf, 0xb4, 0x8f, 0xb4, 0x6e, 0xa4, 0x4f, 0xac, 0x4e, 0xac, 0x4f, 0xac,
    0x6f, 0xac, 0x6f, 0xb4, 0x8f, 0xb4, 0x8f, 0xac, 0x4e, 0xac, 0x4e, 0xa4,
    0x4e, 0xa4, 0x2e, 0xa4, 0x2e, 0xa4, 0x2e, 0xac, 0x2e, 0xa4, 0x2d, 0xa4,
    0x0d, 0xa4, 0xed, 0x9b, 0xed, 0x9b, 0xed, 0x9b, 0x0e, 0x9c, 0x2f, 0xa4,
    0x90, 0xac, 0xb1, 0xac, 0xf1, 0xb4, 0xd5, 0xcd, 0x57, 0xe6, 0x78, 0xe6,
    0x98, 0xe6, 0xb8, 0xee, 0x98, 0xe6, 0x98, 0xe6, 0xb7, 0xee, 0x98, 0xe6,
    0x98, 0xe6, 0xb8, 0xee, 0x78, 0xe6, 0x77, 0xe6, 0x57, 0xe6, 0x77, 0xe6,
    0xb8, 0xee, 0x57, 0xe6, 0x77, 0xe6, 0x77, 0xe6, 0x98, 0xe6, 0x57, 0xe6,
    0x57, 0xe6, 0x57, 0xe6, 0x98, 0xee, 0xb8, 0xee, 0x36, 0xde, 0x77, 0xee,
    0x98, 0xee, 0x57, 0xe6, 0x98, 0xee, 0x77, 0xe6, 0xb8, 0xee, 0x77, 0xee,
    0xb8, 0xee, 0xb8, 0xee, 0x98, 0xee, 0xd9, 0xf6, 0xd8, 0xf6, 0xb8, 0xf6,
    0xd9, 0xee, 0xfa, 0xf6, 0x77, 0xee, 0xf9, 0xf6, 0x94, 0xd5, 0x37, 0xee,
    0x94, 0xd5, 0xf6, 0xe5, 0x36, 0xe6, 0x97, 0xee, 0x36, 0xe6, 0x97, 0xee,
    0x16, 0xee, 0xb8, 0xee, 0xb8, 0xee, 0x98, 0xee, 0x77, 0xee, 0x97, 0xee,
    0x77, 0xee, 0x57, 0xee, 0xb8, 0xee, 0x77, 0xee, 0x77, 0xe6, 0x97, 0xf6,
    0x35, 0xe6, 0x15, 0xde, 0xd4, 0xdd, 0x36, 0xe6, 0x73, 0xcd, 0xb5, 0xd5,
    0xb4, 0xd5, 0x6f, 0xac, 0x6e, 0xb4, 0x2e, 0xac, 0x2e, 0xac, 0x0d, 0xa4,
    0xed, 0xa3, 0xac, 0x9b, 0xac, 0x93, 0x8b, 0x8b, 0xcd, 0x9b, 0x0e, 0xa4,
    0xed, 0x9b, 0x72, 0xcd, 0xb0, 0xb4, 0xea, 0x7a, 0x2e, 0xa4, 0x90, 0xac,
    0x4e, 0xa4, 0x2e, 0xa4, 0x2e, 0x9c, 0xb0, 0xb4, 0x2e, 0x9c, 0x4e, 0xa4,
    0x31, 0xbd, 0x2f, 0xa4, 0x90, 0xb4, 0xb0, 0xb4, 0xd1, 0xb4, 0xb0, 0xb4,
    0x70, 0xac, 0x6f, 0xa4, 0xd1, 0xb4, 0x4f, 0xac, 0x90, 0xac, 0xb0, 0xb4,
    0x70, 0xac, 0x2f, 0x9c, 0xee, 0x9b, 0xcd, 0x93, 0x2f, 0xa4, 0xd1, 0xbc,
    0x73, 0xcd, 0x73, 0xcd, 0x93, 0xd5, 0xb4, 0xd5, 0xb4, 0xd5, 0xb4, 0xd5,
    0xd5, 0xdd, 0x15, 0xde, 0xd5, 0xdd, 0xf5, 0xdd, 0xf5, 0xdd, 0x16, 0xde,
    0x35, 0xe6, 0x16, 0xe6, 0x57, 0xe6, 0x97, 0xe6, 0x56, 0xe6, 0x37, 0xe6,
    0x77, 0xe6, 0x77, 0xee, 0x77, 0xee, 0x16, 0xe6, 0x16, 0xe6, 0x16, 0xe6,
    0x57, 0xe6, 0x57, 0xe6, 0x36, 0xe6, 0x77, 0xe6, 0x78, 0xee, 0xf9, 0xf6,
    0xf9, 0xf6, 0xfa, 0xf6, 0xd9, 0xee, 0x98, 0xee, 0xfa, 0xee, 0xb9, 0xee,
    0x3b, 0xff, 0x5c, 0xff, 0x3b, 0xff, 0x5b, 0xf7, 0x7c, 0xff, 0x1b, 0xff,
    0x5c, 0xff, 0x7c, 0xff, 0x5c, 0xff, 0xbd, 0xff, 0xde, 0xff, 0xde, 0xff,
    0x9d, 0xff, 0xbe, 0xff, 0xff, 0xff, 0xbd, 0xff, 0x9d, 0xff, 0xbd, 0xff,
    0xbf, 0xff, 0xde, 0xff, 0xde, 0xff, 0xdf, 0xff, 0xbe, 0xff, 0x9d, 0xff,
    0xde, 0xff, 0x7d, 0xff, 0x9d, 0xff, 0x9d, 0xff, 0x5d, 0xf7, 0x5c, 0xf7,
    0x3b, 0xef, 0x5c, 0xf7, 0x7d, 0xff, 0x9d, 0xff, 0x3b, 0xef, 0x5c, 0xf7,
    0xfb, 0xee, 0xfb, 0xf6, 0x1c, 0xf7, 0x5c, 0xf7, 0x5d, 0xf7, 0x1b, 0xef,
    0xda, 0xee, 0x1c, 0xf7, 0x3b, 0xf7, 0x1c, 0xf7, 0x7c, 0xf7, 0x3c, 0xf7,
    0xfb, 0xee, 0xdb, 0xee, 0x1b, 0xef, 0x5c, 0xf7, 0x5d, 0xf7, 0x5c, 0xf7,
    0x3c, 0xf7, 0x3c, 0xef, 0x5c, 0xf7, 0x3c, 0xf7, 0x1b, 0xef, 0x1b, 0xef,
    0x1c, 0xf7, 0x3c, 0xf7, 0x5c, 0xf7, 0x5c, 0xf7, 0x3b, 0xf7, 0x1c, 0xef,
    0x1b, 0xef, 0x3b, 0xef, 0x1c, 0xf7, 0x3b, 0xef, 0x3b, 0xef, 0x3c, 0xf7,
    0x3c, 0xf7, 0x5c, 0xf7, 0x5c, 0xf7, 0x5c, 0xf7, 0x5c, 0xf7, 0x5c, 0xf7,
    0x5c, 0xf7, 0x5d, 0xf7, 0x5c, 0xf7, 0x5c, 0xf7, 0x3c, 0xf7, 0x1b, 0xef,
    0x1b, 0xef, 0xfa, 0xee, 0xdb, 0xe6, 0x9a, 0xde, 0xba, 0xe6, 0x58, 0xd6,
    0xf6, 0xcd, 0xb5, 0xc5, 0x95, 0xbd, 0x54, 0xbd, 0x54, 0xbd, 0x13, 0xb5,
    0x54, 0xbd, 0xf7, 0xd5, 0x34, 0xbd, 0x74, 0xc5, 0xf6, 0xd5, 0xb6, 0xcd,
    0xb5, 0xcd, 0xd5, 0xcd, 0xf6, 0xd5, 0x17, 0xd6, 0x37, 0xd6, 0x37, 0xde,
    0x78, 0xde, 0x58, 0xde, 0x78, 0xde, 0x98, 0xe6, 0x78, 0xe6, 0x78, 0xde,
    0x79, 0xde, 0x79, 0xde, 0xda, 0xe6, 0x3c, 0xf7, 0xda, 0xe6, 0x99, 0xde,
    0xb9, 0xe6, 0x1b, 0xf7, 0x99, 0xe6, 0x78, 0xde, 0x58, 0xde, 0x74, 0xc5,
    0x33, 0xc5, 0x12, 0xbd, 0x12, 0xbd, 0xf1, 0xbc, 0xd1, 0xbc, 0xf1, 0xbc,
    0xd1, 0xbc, 0xd0, 0xb4, 0xd1, 0xbc, 0xd0, 0xbc, 0xd0, 0xb4, 0xd1, 0xb4,
    0xd1, 0xb4, 0xd0, 0xbc, 0xd0, 0xbc, 0xd0, 0xbc, 0xd0, 0xb4, 0xd0, 0xbc,
    0xb0, 0xb4, 0x8f, 0xb4, 0x6f, 0xb4, 0x6f, 0xac, 0x4e, 0xac, 0x4f, 0xa4,
    0x4f, 0xac, 0x6f, 0xac, 0x8f, 0xac, 0x6f, 0xac, 0x8f, 0xac, 0x6f, 0xac,
    0x4e, 0xac, 0x2e, 0xa4, 0x2e, 0xa4, 0x2e, 0xa4, 0x2e, 0xa4, 0x0e, 0xa4,
    0x0e, 0xa4, 0xee, 0xa3, 0xed, 0x9b, 0xec, 0x9b, 0xcc, 0x93, 0xcc, 0x93,
    0xed, 0x93, 0x4f, 0xa4, 0x33, 0xbd, 0x16, 0xde, 0x98, 0xe6, 0x98, 0xe6,
    0x98, 0xee, 0x98, 0xee, 0x78, 0xe6, 0x97, 0xe6, 0x98, 0xe6, 0x98, 0xee,
    0x98, 0xe6, 0x98, 0xe6, 0x78, 0xe6, 0x77, 0xe6, 0x97, 0xee, 0x98, 0xe6,
    0x98, 0xe6, 0x77, 0xe6, 0x56, 0xe6, 0x77, 0xe6, 0x57, 0xe6, 0x77, 0xe6,
    0x78, 0xe6, 0x56, 0xe6, 0x77, 0xe6, 0x77, 0xee, 0x77, 0xee, 0x78, 0xe6,
    0x77, 0xe6, 0x77, 0xe6, 0x97, 0xee, 0x77, 0xee, 0x57, 0xe6, 0xb8, 0xee,
    0x98, 0xee, 0xb8, 0xee, 0xd8, 0xee, 0x77, 0xee, 0xd9, 0xf6, 0xd8, 0xf6,
    0xb8, 0xee, 0xf9, 0xf6, 0x1a, 0xf7, 0xb8, 0xf6, 0xd9, 0xf6, 0xf5, 0xe5,
    0x37, 0xe6, 0x94, 0xdd, 0x56, 0xe6, 0x36, 0xe6, 0x97, 0xee, 0x16, 0xe6,
    0xd9, 0xf6, 0x77, 0xee, 0x37, 0xee, 0xd8, 0xf6, 0x98, 0xee, 0x77, 0xee,
    0x97, 0xee, 0xb8, 0xee, 0x57, 0xee, 0x97, 0xee, 0xb8, 0xee, 0x56, 0xe6,
    0x78, 0xee, 0x77, 0xee, 0x36, 0xe6, 0x15, 0xde, 0xb3, 0xd5, 0x15, 0xde,
    0x56, 0xe6, 0xd0, 0xbc, 0x31, 0xc5, 0x6f, 0xac, 0x4e, 0xac, 0x2e, 0xac,
    0x4e, 0xac, 0x6f, 0xac, 0x2e, 0xa4, 0x4f, 0xac, 0x8f, 0xac, 0x0e, 0x9c,
    0x2d, 0xa4, 0x72, 0xcd, 0x8f, 0xac, 0xea, 0x7a, 0xed, 0x9b, 0xb0, 0xb4,
    0x2e, 0xa4, 0x4e, 0xac, 0xac, 0x93, 0x6f, 0xac, 0x0e, 0xa4, 0xed, 0x9b,
    0xf1, 0xb4, 0xed, 0x9b, 0xce, 0x9b, 0x0e, 0x9c, 0x4f, 0xa4, 0x50, 0xac,
    0x2e, 0xa4, 0x0e, 0x9c, 0x4f, 0xac, 0xee, 0x9b, 0x0e, 0xa4, 0x0f, 0xa4,
    0x2e, 0x9c, 0xed, 0x93, 0xad, 0x93, 0x4e, 0xa4, 0xd1, 0xb4, 0x73, 0xcd,
    0xb4, 0xd5, 0xd4, 0xd5, 0xd5, 0xd5, 0xf5, 0xd5, 0x36, 0xde, 0x56, 0xde,
    0x36, 0xde, 0xf5, 0xdd, 0xf5, 0xdd, 0xd5, 0xdd, 0xd5, 0xd5, 0x15, 0xde,
    0x77, 0xe6, 0x77, 0xe6, 0x57, 0xe6, 0x36, 0xe6, 0x36, 0xde, 0x36, 0xe6,
    0xd5, 0xdd, 0xf5, 0xdd, 0xf5, 0xe5, 0x15, 0xe6, 0x16, 0xe6, 0x57, 0xe6,
    0x78, 0xee, 0x98, 0xee, 0x98, 0xee, 0x98, 0xf6, 0x58, 0xe6, 0x16, 0xde,
    0x57, 0xe6, 0xd9, 0xf6, 0xd9, 0xf6, 0x1a, 0xf7, 0x1a, 0xf7, 0xd9, 0xee,
    0xb8, 0xee, 0xb8, 0xee, 0xf9, 0xf6, 0xfa, 0xf6, 0xd9, 0xf6, 0x7c, 0xff,
    0x5c, 0xf7, 0x7c, 0xff, 0x9d, 0xff, 0x9d, 0xff, 0x7d, 0xff, 0x9d, 0xff,
    0x9e, 0xff, 0xde, 0xff, 0xbe, 0xff, 0xbe, 0xff, 0xbe, 0xff, 0xbe, 0xff,
    0x9d, 0xff, 0x9d, 0xff, 0xde, 0xff, 0xbd, 0xff, 0xde, 0xff, 0xdf, 0xff,
    0xbe, 0xff, 0xbe, 0xff, 0xbe, 0xff, 0x3c, 0xf7, 0x9d, 0xff, 0x7d, 0xff,
    0x9e, 0xff, 0x5c, 0xf7, 0x3b, 0xf7, 0x3c, 0xf7, 0x5d, 0xf7, 0x9e, 0xff,
    0x5c, 0xf7, 0x7d, 0xf7, 0x5c, 0xf7, 0xfb, 0xee, 0x1b, 0xf7, 0x3b, 0xf7,
    0x5c, 0xf7, 0x1b, 0xf7, 0xda, 0xe6, 0x3b, 0xf7, 0x1b, 0xf7, 0x1b, 0xef,
    0x7c, 0xff, 0x3c, 0xf7, 0xfb, 0xee, 0xfa, 0xee, 0x1b, 0xf7, 0x3c, 0xf7,
    0x5c, 0xf7, 0x5c, 0xf7, 0x3c, 0xf7, 0x5c, 0xf7, 0x5c, 0xff, 0x3c, 0xf7,
    0x1b, 0xef, 0xfb, 0xee, 0x1b, 0xf7, 0x3c, 0xf7, 0x5c, 0xf7, 0x5c, 0xf7,
    0x3c, 0xf7, 0x1b, 0xef, 0x1c, 0xef, 0x1b, 0xef, 0x3b, 0xf7, 0x3c, 0xef,
    0x3c, 0xef, 0x3c, 0xf7, 0x3c, 0xf7, 0x3c, 0xf7, 0x3c, 0xf7, 0x5c, 0xf7,
    0x3c, 0xf7, 0x3c, 0xf7, 0x5c, 0xf7, 0x3c, 0xf7, 0x3c, 0xf7, 0x3c, 0xef,
    0x3c, 0xef, 0x1b, 0xef, 0xfb, 0xee, 0xda, 0xee, 0xba, 0xde, 0x79, 0xde,
    0xda, 0xee, 0x38, 0xd6, 0x96, 0xc5, 0x75, 0xbd, 0xb5, 0xcd, 0xb5, 0xc5,
    0x13, 0xb5, 0x53, 0xbd, 0x58, 0xde, 0x95, 0xc5, 0xb5, 0xcd, 0x37, 0xd6,
    0x37, 0xd6, 0xf6, 0xcd, 0xf7, 0xcd, 0x37, 0xd6, 0x37, 0xde, 0x57, 0xde,
    0x58, 0xde, 0x78, 0xde, 0x78, 0xe6, 0x78, 0xde, 0x79, 0xde, 0x79, 0xde,
    0xb9, 0xe6, 0xb9, 0xe6, 0xda, 0xee, 0x3c, 0xf7, 0x5b, 0xf7, 0xfb, 0xee,
    0xda, 0xe6, 0xb9, 0xe6, 0x99, 0xde, 0xda, 0xe6, 0x79, 0xde, 0x57, 0xd6,
    0x94, 0xc5, 0x53, 0xc5, 0x12, 0xbd, 0x31, 0xbd, 0xf1, 0xbc, 0xf1, 0xbc,
    0xf1, 0xbc, 0xd0, 0xbc, 0xd0, 0xb4, 0xd0, 0xb4, 0xd0, 0xb4, 0xb0, 0xb4,
    0xb0, 0xb4, 0xb0, 0xb4, 0xb0, 0xb4, 0xb0, 0xb4, 0xb0, 0xb4, 0xd1, 0xb4,
    0xb0, 0xb4, 0xb0, 0xb4, 0x8f, 0xac, 0x8f, 0xac, 0x6f, 0xac, 0x2e, 0xac,
    0x4e, 0xac, 0x6e, 0xac, 0x4f, 0xac, 0x6f, 0xac, 0x8f, 0xb4, 0x6f, 0xb4,
    0x4f, 0xac, 0x4e, 0xac, 0x2e, 0xa4, 0x2e, 0xa4, 0x2d, 0xa4, 0x2d, 0xa4,
    0x0e, 0xa4, 0x0d, 0xa4, 0x0d, 0x9c, 0xed, 0x9b, 0xcd, 0x93, 0xad, 0x93,
    0x4f, 0xa4, 0x32, 0xbd, 0xb4, 0xcd, 0x36, 0xde, 0x58, 0xde, 0x77, 0xe6,
    0x98, 0xe6, 0x78, 0xe6, 0x78, 0xe6, 0x98, 0xe6, 0x98, 0xe6, 0x98, 0xee,
    0x98, 0xe6, 0x98, 0xe6, 0x98, 0xee, 0x98, 0xe6, 0x77, 0xe6, 0x78, 0xe6,
    0x97, 0xee, 0x57, 0xe6, 0x78, 0xe6, 0x77, 0xe6, 0x77, 0xe6, 0xb9, 0xee,
    0x77, 0xee, 0x57, 0xe6, 0x36, 0xde, 0x97, 0xe6, 0x98, 0xe6, 0x77, 0xe6,
    0x97, 0xee, 0x98, 0xee, 0x57, 0xe6, 0xb9, 0xee, 0x57, 0xe6, 0x77, 0xe6,
    0xb8, 0xf6, 0x98, 0xee, 0x98, 0xee, 0xb8, 0xee, 0x97, 0xee, 0xd8, 0xf6,
    0xd9, 0xf6, 0x78, 0xee, 0xd8, 0xf6, 0x1a, 0xf7, 0xf9, 0xf6, 0xd9, 0xf6,
    0x36, 0xe6, 0x15, 0xe6, 0x36, 0xe6, 0x36, 0xee, 0x36, 0xe6, 0xb8, 0xee,
    0x57, 0xee, 0x56, 0xe6, 0xb8, 0xf6, 0x77, 0xe6, 0x56, 0xee, 0x98, 0xf6,
    0x98, 0xee, 0x97, 0xee, 0x77, 0xee, 0xb8, 0xee, 0x56, 0xe6, 0xb8, 0xf6,
    0x77, 0xee, 0x56, 0xe6, 0x78, 0xe6, 0x56, 0xe6, 0x35, 0xe6, 0xf5, 0xdd,
    0x57, 0xe6, 0x73, 0xcd, 0x73, 0xd5, 0x11, 0xc5, 0x32, 0xc5, 0x12, 0xbd,
    0xf0, 0xbc, 0x8f, 0xb4, 0x8f, 0xac, 0x4e, 0xa4, 0x0d, 0xa4, 0x8c, 0x93,
    0x2d, 0xa4, 0x12, 0xc5, 0xb0, 0xb4, 0xca, 0x72, 0xcc, 0x9b, 0xd0, 0xb4,
    0x6b, 0x8b, 0x8f, 0xb4, 0xac, 0x93, 0xee, 0x9b, 0x2f, 0xa4, 0xad, 0x93,
    0x6f, 0xac, 0x0e, 0x9c, 0x8c, 0x8b, 0xac, 0x9b, 0xac, 0x93, 0xee, 0x93,
    0xcd, 0x93, 0xcd, 0x93, 0x6c, 0x8b, 0x4f, 0xa4, 0x8c, 0x83, 0x2e, 0x9c,
    0xee, 0x9b, 0x6c, 0x8b, 0x6f, 0xac, 0xb0, 0xbc, 0x52, 0xc5, 0x93, 0xcd,
    0x93, 0xcd, 0x94, 0xcd, 0x94, 0xd5, 0xb4, 0xd5, 0xd5, 0xdd, 0xd5, 0xd5,
    0xd5, 0xdd, 0x16, 0xde, 0x16, 0xde, 0x56, 0xe6, 0x57, 0xe6, 0x56, 0xe6,
    0x56, 0xe6, 0x37, 0xe6, 0x36, 0xe6, 0x36, 0xe6, 0x16, 0xe6, 0x15, 0xe6,
    0xd5, 0xdd, 0x16, 0xe6, 0x77, 0xe6, 0x97, 0xee, 0x57, 0xe6, 0x57, 0xee,
    0xd9, 0xee, 0xd9, 0xee, 0xb9, 0xf6, 0xd9, 0xee, 0xfa, 0xf6, 0xd9, 0xf6,
    0xb9, 0xee, 0x77, 0xee, 0xd9, 0xee, 0x1b, 0xf7, 0x1a, 0xf7, 0xd9, 0xee,
    0xfa, 0xf6, 0x1a, 0xf7, 0xd9, 0xee, 0xb9, 0xee, 0x1a, 0xff, 0x1a, 0xf7,
    0x3c, 0xf7, 0xbd, 0xff, 0x7c, 0xff, 0x5b, 0xf7, 0x3b, 0xff, 0x7c, 0xff,
    0x5c, 0xff, 0x9c, 0xff, 0xbe, 0xff, 0xde, 0xff, 0xde, 0xff, 0xdf, 0xff,
    0xdf, 0xff, 0xbe, 0xff, 0x9d, 0xff, 0x9e, 0xff, 0xbe, 0xff, 0x9d, 0xff,
    0xbe, 0xff, 0xbe, 0xff, 0xbe, 0xff, 0xbe, 0xff, 0x9e, 0xf7, 0x5c, 0xf7,
    0x5c, 0xf7, 0x7d, 0xf7, 0xbe, 0xff, 0x5d, 0xff, 0x5c, 0xf7, 0x1b, 0xef,
    0x3b, 0xf7, 0x9d, 0xff, 0x1b, 0xef, 0x3c, 0xf7, 0x5c, 0xf7, 0x1b, 0xef,
    0xba, 0xe6, 0xda, 0xe6, 0x3c, 0xf7, 0x1b, 0xef, 0xba, 0xee, 0xfb, 0xee,
    0xda, 0xee, 0xfb, 0xee, 0x9d, 0xf7, 0x5c, 0xff, 0x1c, 0xf7, 0x1b, 0xef,
    0xfa, 0xee, 0x1b, 0xef, 0x3c, 0xf7, 0x5c, 0xf7, 0x3c, 0xf7, 0x5d, 0xf7,
    0x5d, 0xf7, 0x1c, 0xef, 0xfb, 0xee, 0x1b, 0xef, 0x1b, 0xef, 0x3c, 0xf7,
    0x3b, 0xf7, 0x3c, 0xf7, 0x1c, 0xef, 0x3c, 0xef, 0x1b, 0xef, 0x1c, 0xef,
    0x1b, 0xef, 0x1c, 0xf7, 0x1b, 0xef, 0x3c, 0xef, 0x3c, 0xf7, 0x3c, 0xf7,
    0x3c, 0xf7, 0x3c, 0xf7, 0x5c, 0xf7, 0x3c, 0xef, 0x3c, 0xef, 0x3c, 0xf7,
    0x3b, 0xef, 0x3b, 0xef, 0x1b, 0xef, 0xfb, 0xee, 0xfb, 0xe6, 0xb9, 0xe6,
    0x99, 0xde, 0x59, 0xd6, 0x79, 0xde, 0x59, 0xde, 0xb6, 0xc5, 0xf6, 0xd5,
    0x75, 0xbd, 0x53, 0xbd, 0x95, 0xc5, 0xba, 0xee, 0x95, 0xc5, 0x95, 0xc5,
    0xd6, 0xcd, 0x17, 0xd6, 0x99, 0xe6, 0xfa, 0xf6, 0xba, 0xee, 0xda, 0xee,
    0xd9, 0xe6, 0x58, 0xde, 0x38, 0xd6, 0x58, 0xde, 0x99, 0xde, 0xb9, 0xe6,
    0xfb, 0xf6, 0x9d, 0xff, 0x9d, 0xff, 0x5c, 0xf7, 0x3c, 0xf7, 0x3b, 0xf7,
    0x7c, 0xff, 0x7c, 0xf7, 0xda, 0xee, 0xba, 0xee, 0xda, 0xee, 0x3b, 0xf7,
    0xba, 0xe6, 0x95, 0xcd, 0x73, 0xc5, 0x33, 0xc5, 0x12, 0xbd, 0xf1, 0xbc,
    0xf1, 0xb4, 0xf1, 0xbc, 0xd1, 0xbc, 0xd1, 0xbc, 0xd0, 0xb4, 0xb0, 0xbc,
    0xb0, 0xbc, 0xb0, 0xb4, 0xb0, 0xb4, 0xb0, 0xb4, 0xb0, 0xb4, 0xb0, 0xb4,
    0xb0, 0xb4, 0x90, 0xb4, 0x8f, 0xb4, 0x8f, 0xb4, 0x6f, 0xac, 0x4e, 0xac,
    0x4e, 0xa4, 0x4e, 0xa4, 0x4e, 0xac, 0x4f, 0xac, 0x6e, 0xac, 0x6f, 0xac,
    0x6f, 0xac, 0x4e, 0xac, 0x4e, 0xac, 0x4e, 0xa4, 0x2d, 0xa4, 0x2d, 0xa4,
    0x2d, 0xa4, 0x2d, 0x9c, 0x0d, 0x9c, 0xed, 0xa3, 0xed, 0x9b, 0xed, 0x93,
    0x6f, 0xac, 0xf1, 0xbc, 0xb0, 0xac, 0x74, 0xc5, 0x77, 0xde, 0x78, 0xee,
    0x98, 0xe6, 0x78, 0xe6, 0xb8, 0xe6, 0x98, 0xe6, 0x97, 0xee, 0x98, 0xe6,
    0x78, 0xe6, 0x98, 0xee, 0xb8, 0xee, 0x98, 0xee, 0x98, 0xe6, 0x78, 0xe6,
    0x97, 0xee, 0x57, 0xe6, 0x78, 0xe6, 0x77, 0xe6, 0x78, 0xe6, 0x78, 0xe6,
    0x97, 0xee, 0x77, 0xe6, 0x16, 0xde, 0x78, 0xe6, 0x97, 0xee, 0x37, 0xe6,
    0xb8, 0xee, 0x77, 0xe6, 0x98, 0xee, 0x77, 0xe6, 0x77, 0xee, 0x77, 0xee,
    0x77, 0xe6, 0xb8, 0xee, 0x98, 0xee, 0xb9, 0xf6, 0x97, 0xee, 0xd9, 0xee,
    0xf9, 0xee, 0xb9, 0xee, 0x78, 0xee, 0xfa, 0xf6, 0xf9, 0xf6, 0xf9, 0xf6,
    0xf9, 0xf6, 0x36, 0xe6, 0xf5, 0xe5, 0x57, 0xe6, 0x36, 0xe6, 0x98, 0xee,
    0x78, 0xee, 0xf9, 0xf6, 0xf6, 0xe5, 0x77, 0xee, 0xd8, 0xf6, 0x57, 0xee,
    0xd8, 0xf6, 0x98, 0xee, 0xb8, 0xf6, 0x78, 0xee, 0x98, 0xee, 0x76, 0xee,
    0x98, 0xee, 0x97, 0xf6, 0x77, 0xe6, 0x57, 0xee, 0x56, 0xee, 0xf5, 0xdd,
    0x57, 0xe6, 0x36, 0xde, 0xb3, 0xd5, 0x32, 0xc5, 0x72, 0xcd, 0xf1, 0xbc,
    0x90, 0xb4, 0xb0, 0xb4, 0x6f, 0xb4, 0x4e, 0xac, 0x2e, 0xac, 0xcd, 0x9b,
    0x2e, 0xac, 0xf1, 0xb4, 0xf1, 0xbc, 0x0a, 0x7b, 0xac, 0x93, 0xf1, 0xbc,
    0x2b, 0x83, 0x2e, 0xa4, 0x4f, 0xa4, 0x6c, 0x8b, 0x2e, 0xa4, 0xcd, 0x93,
    0x0d, 0x9c, 0x4f, 0xac, 0x6b, 0x8b, 0xac, 0x93, 0x4c, 0x8b, 0xac, 0x93,
    0x4b, 0x83, 0x8c, 0x8b, 0x8c, 0x8b, 0x0b, 0x7b, 0x6c, 0x83, 0x4b, 0x83,
    0x6b, 0x8b, 0xcd, 0x9b, 0x6f, 0xac, 0x32, 0xc5, 0x52, 0xc5, 0x53, 0xc5,
    0x94, 0xcd, 0xd5, 0xd5, 0x15, 0xde, 0x36, 0xde, 0x36, 0xde, 0x56, 0xe6,
    0x56, 0xe6, 0x56, 0xe6, 0x56, 0xe6, 0x56, 0xe6, 0x36, 0xde, 0x37, 0xe6,
    0x57, 0xe6, 0x77, 0xee, 0x77, 0xe6, 0x77, 0xe6, 0x36, 0xe6, 0x36, 0xe6,
    0x36, 0xe6, 0x56, 0xe6, 0x57, 0xee, 0x98, 0xee, 0xb8, 0xee, 0x98, 0xee,
    0x98, 0xee, 0xb8, 0xf6, 0xb8, 0xee, 0xb8, 0xee, 0xd9, 0xf6, 0x1a, 0xf7,
    0xd9, 0xf6, 0xda, 0xf6, 0xfa, 0xf6, 0x98, 0xee, 0xf9, 0xf6, 0x5c, 0xff,
    0x5c, 0xff, 0xfa, 0xf6, 0x1b, 0xf7, 0x5c, 0xff, 0x5c, 0xff, 0x5c, 0xf7,
    0x7d, 0xff, 0x5b, 0xf7, 0x3b, 0xf7, 0x9e, 0xff, 0xde, 0xff, 0xbe, 0xff,
    0xbd, 0xff, 0x7c, 0xf7, 0x5c, 0xff, 0x7c, 0xff, 0x7c, 0xff, 0x9d, 0xff,
    0xdf, 0xff, 0xbe, 0xff, 0xdf, 0xff, 0xde, 0xff, 0x9d, 0xff, 0xbf, 0xff,
    0xbe, 0xff, 0x7d, 0xf7, 0xbe, 0xff, 0xbe, 0xff, 0x9d, 0xf7, 0xde, 0xff,
    0x7d, 0xf7, 0x3b, 0xf7, 0x7c, 0xf7, 0x5c, 0xf7, 0x3c, 0xef, 0x7d, 0xf7,
    0x5d, 0xf7, 0x3b, 0xf7, 0x1b, 0xef, 0x7d, 0xf7, 0x1b, 0xef, 0xba, 0xe6,
    0x3c, 0xf7, 0x3b, 0xef, 0x99, 0xe6, 0xba, 0xe6, 0x1b, 0xf7, 0xfb, 0xee,
    0xfb, 0xee, 0xda, 0xee, 0xda, 0xe6, 0xfb, 0xee, 0x7d, 0xf7, 0x7d, 0xf7,
    0x1c, 0xf7, 0x1b, 0xef, 0xdb, 0xee, 0x1b, 0xef, 0x3c, 0xf7, 0x5c, 0xf7,
    0x1c, 0xef, 0x5c, 0xf7, 0x3c, 0xf7, 0x3b, 0xf7, 0x1b, 0xef, 0x1b, 0xef,
    0x3b, 0xef, 0x3b, 0xef, 0x3b, 0xf7, 0x3c, 0xf7, 0x3b, 0xf7, 0x1c, 0xf7,
    0x1c, 0xf7, 0x1b, 0xf7, 0x3c, 0xf7, 0x3b, 0xef, 0x3c, 0xef, 0x3c, 0xf7,
    0x3c, 0xf7, 0x3c, 0xef, 0x3c, 0xef, 0x3b, 0xef, 0x1b, 0xef, 0x1b, 0xef,
    0x3c, 0xef, 0x3c, 0xf7, 0x1b, 0xef, 0xfb, 0xf6, 0xdb, 0xee, 0xda, 0xe6,
    0xb9, 0xe6, 0x79, 0xde, 0x58, 0xd6, 0xf7, 0xcd, 0x78, 0xde, 0xba, 0xe6,
    0x58, 0xd6, 0x75, 0xbd, 0x75, 0xbd, 0x95, 0xc5, 0x78, 0xe6, 0xb6, 0xc5,
    0x54, 0xbd, 0x17, 0xd6, 0xfa, 0xee, 0x5c, 0xf7, 0x5c, 0xff, 0x7c, 0xff,
    0x7c, 0xf7, 0x9d, 0xff, 0x1c, 0xef, 0xda, 0xee, 0x1b, 0xf7, 0x3b, 0xf7,
    0x5c, 0xf7, 0xde, 0xff, 0x9d, 0xff, 0xbe, 0xff, 0xde, 0xff, 0x9e, 0xff,
    0x7b, 0xff, 0x5b, 0xf7, 0xbe, 0xff, 0x5d, 0xf7, 0xba, 0xe6, 0x1b, 0xef,
    0x7c, 0xf7, 0x9d, 0xff, 0xb5, 0xcd, 0x73, 0xc5, 0x33, 0xc5, 0x12, 0xc5,
    0x12, 0xbd, 0x11, 0xbd, 0xf1, 0xbc, 0xf1, 0xbc, 0xd1, 0xbc, 0xd0, 0xb4,
    0xd0, 0xb4, 0xb0, 0xbc, 0xb0, 0xb4, 0xb0, 0xb4, 0x90, 0xb4, 0xb0, 0xb4,
    0x90, 0xb4, 0x8f, 0xb4, 0x8f, 0xac, 0x6f, 0xb4, 0x6f, 0xac, 0x4f, 0xac,
    0x4e, 0xac, 0x4f, 0xa4, 0x2e, 0xac, 0x2e, 0xa4, 0x2e, 0xa4, 0x2e, 0xac,
    0x4e, 0xa4, 0x4e, 0xac, 0x4e, 0xa4, 0x4e, 0xac, 0x2e, 0xa4, 0x0e, 0xa4,
    0x0e, 0xa4, 0xee, 0xa3, 0x0d, 0x9c, 0xed, 0xa3, 0xed, 0x9b, 0xed, 0x9b,
    0x2e, 0xa4, 0x6f, 0xa4, 0x4f, 0xa4, 0x74, 0xc5, 0x78, 0xe6, 0x98, 0xee,
    0x78, 0xe6, 0x97, 0xe6, 0x78, 0xe6, 0x78, 0xe6, 0x77, 0xe6, 0x98, 0xe6,
    0x98, 0xe6, 0xb8, 0xee, 0xb8, 0xee, 0x78, 0xe6, 0x97, 0xee, 0x77, 0xe6,
    0x97, 0xee, 0x57, 0xde, 0x78, 0xe6, 0x78, 0xe6, 0x77, 0xe6, 0x57, 0xe6,
    0x98, 0xe6, 0x98, 0xe6, 0x56, 0xde, 0x16, 0xde, 0x98, 0xee, 0x56, 0xde,
    0x57, 0xe6, 0xb7, 0xee, 0x57, 0xe6, 0x97, 0xee, 0x57, 0xe6, 0x77, 0xee,
    0xb8, 0xee, 0x77, 0xee, 0x97, 0xee, 0xb8, 0xee, 0xd8, 0xee, 0xb8, 0xf6,
    0xb8, 0xee, 0xf9, 0xf6, 0xd8, 0xf6, 0x77, 0xee, 0xd8, 0xf6, 0xf9, 0xf6,
    0xf9, 0xfe, 0xd9, 0xf6, 0x15, 0xe6, 0x57, 0xe6, 0x36, 0xe6, 0xb8, 0xee,
    0x77, 0xee, 0x77, 0xee, 0xd9, 0xf6, 0xb8, 0xf6, 0x37, 0xe6, 0x98, 0xee,
    0xb9, 0xee, 0x77, 0xee, 0x98, 0xee, 0xb8, 0xee, 0xd8, 0xee, 0x77, 0xee,
    0x98, 0xee, 0x57, 0xee, 0xb8, 0xee, 0x77, 0xee, 0x56, 0xee, 0x77, 0xee,
    0x36, 0xe6, 0x56, 0xe6, 0xd5, 0xdd, 0xd4, 0xd5, 0x93, 0xd5, 0x11, 0xc5,
    0x52, 0xcd, 0xd0, 0xbc, 0x6f, 0xb4, 0x6f, 0xac, 0x6e, 0xb4, 0x4e, 0xac,
    0x4e, 0xa4, 0x90, 0xac, 0x32, 0xc5, 0x4b, 0x8b, 0x8c, 0x8b, 0xf1, 0xbc,
    0x0a, 0x7b, 0x4b, 0x8b, 0xb0, 0xb4, 0xad, 0x93, 0xcd, 0x93, 0xcc, 0x93,
    0x0d, 0x9c, 0x6f, 0xac, 0x8b, 0x8b, 0x6c, 0x8b, 0x4b, 0x8b, 0x4b, 0x8b,
    0x8c, 0x8b, 0xea, 0x72, 0xcd, 0x93, 0x4b, 0x83, 0xac, 0x93, 0x0a, 0x7b,
    0x8c, 0x8b, 0x6e, 0xac, 0xd1, 0xb4, 0x32, 0xc5, 0x32, 0xc5, 0x53, 0xc5,
    0xb4, 0xd5, 0xf6, 0xdd, 0x16, 0xde, 0x36, 0xe6, 0x36, 0xde, 0x56, 0xe6,
    0x57, 0xe6, 0x36, 0xde, 0x16, 0xde, 0x16, 0xe6, 0x16, 0xde, 0x36, 0xe6,
    0x57, 0xe6, 0x98, 0xe6, 0x97, 0xe6, 0x77, 0xee, 0x36, 0xde, 0x36, 0xe6,
    0x57, 0xe6, 0x77, 0xe6, 0x77, 0xee, 0x78, 0xe6, 0x97, 0xee, 0x98, 0xee,
    0x98, 0xee, 0xd9, 0xee, 0xb9, 0xee, 0x98, 0xee, 0xb8, 0xf6, 0xd9, 0xf6,
    0xf9, 0xf6, 0xd9, 0xf6, 0xda, 0xf6, 0xfa, 0xf6, 0xf9, 0xf6, 0xd9, 0xf6,
    0xfa, 0xf6, 0x5c, 0xff, 0x7c, 0xff, 0x3c, 0xff, 0x5c, 0xff, 0x9c, 0xff,
    0x5b, 0xff, 0x5d, 0xff, 0xbe, 0xff, 0x9d, 0xff, 0x5c, 0xff, 0xbe, 0xff,
    0xdf, 0xff, 0xde, 0xff, 0x9e, 0xff, 0x9e, 0xff, 0xdf, 0xff, 0xbe, 0xff,
    0x9d, 0xff, 0xbd, 0xff, 0x7d, 0xff, 0xbe, 0xff, 0xdf, 0xff, 0xbe, 0xff,
    0xbd, 0xff, 0xdf, 0xff, 0xdf, 0xff, 0x9d, 0xff, 0xde, 0xff, 0x7d, 0xff,
    0x9e, 0xff, 0xbf, 0xff, 0x5d, 0xf7, 0x5c, 0xf7, 0x9d, 0xf7, 0x3b, 0xf7,
    0x5c, 0xf7, 0x5c, 0xf7, 0x7d, 0xf7, 0x3c, 0xf7, 0x1b, 0xf7, 0x7d, 0xff,
    0x3b, 0xef, 0xb9, 0xe6, 0x3c, 0xf7, 0xfa, 0xee, 0x99, 0xe6, 0xda, 0xee,
    0x1b, 0xef, 0xb9, 0xe6, 0xfa, 0xee, 0xfb, 0xee, 0xba, 0xe6, 0xfa, 0xee,
    0x5c, 0xf7, 0x5c, 0xf7, 0x1b, 0xf7, 0x3b, 0xf7, 0xda, 0xe6, 0xfa, 0xee,
    0x3b, 0xf7, 0x3c, 0xf7, 0x1b, 0xef, 0x5c, 0xf7, 0x3b, 0xf7, 0x1b, 0xef,
    0xfb, 0xee, 0x1b, 0xf7, 0x7d, 0xff, 0x7d, 0xf7, 0x1b, 0xef, 0x1b, 0xf7,
    0x3c, 0xf7, 0x1b, 0xef, 0x3b, 0xef, 0x3b, 0xef, 0x1c, 0xf7, 0x3c, 0xf7,
    0x3c, 0xf7, 0x3b, 0xef, 0x3b, 0xf7, 0x3c, 0xef, 0x3c, 0xf7, 0x1c, 0xef,
    0x3b, 0xef, 0x1b, 0xef, 0x1b, 0xef, 0x1b, 0xef, 0x1b, 0xef, 0xfb, 0xee,
    0xd9, 0xe6, 0x9a, 0xde, 0x99, 0xde, 0x78, 0xde, 0x38, 0xd6, 0x5c, 0xf7,
    0x17, 0xce, 0xfb, 0xee, 0xfb, 0xee, 0xd6, 0xcd, 0x37, 0xde, 0x99, 0xe6,
    0x77, 0xde, 0x57, 0xde, 0xfb, 0xee, 0x7c, 0xf7, 0x3a, 0xf7, 0xb9, 0xee,
    0xb9, 0xee, 0x1a, 0xf7, 0x3b, 0xf7, 0x9d, 0xff, 0x9d, 0xff, 0x7c, 0xf7,
    0x1b, 0xf7, 0x3b, 0xff, 0x9c, 0xff, 0x1b, 0xf7, 0xfa, 0xee, 0x1b, 0xf7,
    0x5b, 0xf7, 0xd9, 0xee, 0xfa, 0xf6, 0xbd, 0xff, 0xbe, 0xff, 0x9d, 0xff,
    0x9c, 0xff, 0x7d, 0xf7, 0x9d, 0xff, 0xb6, 0xcd, 0x94, 0xcd, 0x53, 0xc5,
    0x52, 0xc5, 0x32, 0xbd, 0xf1, 0xbc, 0x11, 0xbd, 0xf1, 0xbc, 0xf1, 0xbc,
    0xf0, 0xbc, 0xd1, 0xb4, 0xd0, 0xb4, 0xd0, 0xb4, 0xb0, 0xb4, 0x90, 0xb4,
    0x8f, 0xac, 0x8f, 0xb4, 0x8f, 0xac, 0x8f, 0xac, 0x6f, 0xb4, 0x6f, 0xac,
    0x6e, 0xac, 0x4e, 0xac, 0x4e, 0xa4, 0x2e, 0xa4, 0x0e, 0xa4, 0x2e, 0xa4,
    0x0e, 0xa4, 0x0e, 0xa4, 0x2e, 0xa4, 0x0e, 0xa4, 0x2e, 0xa4, 0x0e, 0xa4,
    0x0e, 0xa4, 0xed, 0x9b, 0xed, 0x9b, 0xed, 0x9b, 0xed, 0x9b, 0xed, 0x9b,
    0xcd, 0x93, 0x0e, 0xa4, 0x6f, 0xa4, 0x33, 0xbd, 0x57, 0xe6, 0x98, 0xe6,
    0x77, 0xe6, 0x78, 0xe6, 0x78, 0xe6, 0x77, 0xe6, 0x97, 0xe6, 0x98, 0xe6,
    0x78, 0xe6, 0xb8, 0xee, 0x98, 0xe6, 0x98, 0xe6, 0x98, 0xe6, 0x98, 0xe6,
    0x78, 0xe6, 0x57, 0xe6, 0x57, 0xe6, 0x98, 0xee, 0x77, 0xe6, 0x57, 0xe6,
    0x57, 0xe6, 0x97, 0xee, 0x77, 0xe6, 0x36, 0xde, 0x77, 0xe6, 0x57, 0xe6,
    0x16, 0xde, 0xb8, 0xee, 0x77, 0xee, 0x98, 0xe6, 0x77, 0xee, 0x77, 0xe6,
    0x97, 0xe6, 0xb8, 0xe6, 0x57, 0xe6, 0x98, 0xee, 0x97, 0xee, 0xb9, 0xee,
    0xb8, 0xee, 0xd9, 0xf6, 0xd9, 0xf6, 0xb8, 0xee, 0x98, 0xee, 0xd9, 0xf6,
    0x1a, 0xf7, 0xfa, 0xf6, 0xd8, 0xee, 0xf5, 0xdd, 0x77, 0xee, 0x56, 0xe6,
    0x36, 0xee, 0x77, 0xee, 0x15, 0xde, 0xb8, 0xee, 0xd8, 0xf6, 0xd8, 0xf6,
    0xb8, 0xee, 0x78, 0xee, 0xb8, 0xee, 0x77, 0xee, 0xd9, 0xf6, 0x77, 0xee,
    0xd9, 0xee, 0x77, 0xee, 0x77, 0xee, 0xb8, 0xf6, 0x77, 0xe6, 0x77, 0xee,
    0x36, 0xe6, 0x98, 0xee, 0x15, 0xde, 0xb4, 0xd5, 0xf5, 0xd5, 0xb4, 0xcd,
    0x93, 0xd5, 0xf0, 0xbc, 0x11, 0xc5, 0xb0, 0xb4, 0x8f, 0xb4, 0x4e, 0xac,
    0x4f, 0xac, 0xd1, 0xbc, 0x52, 0xc5, 0xed, 0x9b, 0xad, 0x93, 0xf1, 0xc4,
    0x4b, 0x83, 0x6b, 0x8b, 0xcc, 0x9b, 0x6f, 0xa4, 0x4b, 0x8b, 0xed, 0x9b,
    0x0e, 0x9c, 0xb0, 0xb4, 0x2a, 0x83, 0x6b, 0x8b, 0x2a, 0x83, 0x0a, 0x7b,
    0xea, 0x7a, 0x0a, 0x7b, 0xc9, 0x72, 0x6c, 0x8b, 0xc9, 0x72, 0x2e, 0xa4,
    0x8c, 0x8b, 0xcd, 0x93, 0xb0, 0xb4, 0x52, 0xc5, 0x53, 0xc5, 0xb5, 0xd5,
    0xf5, 0xd5, 0xf5, 0xd5, 0x15, 0xde, 0x36, 0xde, 0x56, 0xde, 0x36, 0xe6,
    0xf5, 0xdd, 0xf5, 0xd5, 0x16, 0xde, 0x16, 0xde, 0x36, 0xe6, 0x36, 0xe6,
    0x36, 0xe6, 0x77, 0xe6, 0x77, 0xee, 0x36, 0xe6, 0xf5, 0xdd, 0x16, 0xde,
    0x77, 0xe6, 0x97, 0xee, 0x77, 0xe6, 0x77, 0xee, 0x77, 0xee, 0x98, 0xee,
    0x78, 0xee, 0x98, 0xee, 0xd8, 0xf6, 0xb8, 0xee, 0x98, 0xee, 0xda, 0xf6,
    0xb9, 0xee, 0xd9, 0xf6, 0x1a, 0xf7, 0x3a, 0xf7, 0xf9, 0xf6, 0xfa, 0xf6,
    0x1a, 0xf7, 0x1b, 0xf7, 0xfa, 0xf6, 0x3b, 0xf7, 0x5c, 0xff, 0x5c, 0xff,
    0x5d, 0xff, 0xbd, 0xff, 0x7d, 0xff, 0xbd, 0xff, 0x9d, 0xff, 0x7d, 0xff,
    0x9d, 0xff, 0xbd, 0xff, 0xbe, 0xff, 0xbe, 0xff, 0xbd, 0xff, 0xbd, 0xff,
    0xbe, 0xff, 0xde, 0xff, 0xbe, 0xff, 0x9d, 0xff, 0xbd, 0xff, 0xbd, 0xff,
    0xbe, 0xff, 0xbe, 0xff, 0xde, 0xff, 0xde, 0xff, 0xde, 0xff, 0x7d, 0xff,
    0x9e, 0xff, 0x7d, 0xf7, 0x9e, 0xff, 0x9e, 0xff, 0x5c, 0xf7, 0x5c, 0xf7,
    0x5c, 0xf7, 0x1c, 0xf7, 0x5c, 0xf7, 0x5c, 0xf7, 0x3c, 0xf7, 0x3b, 0xf7,
    0xba, 0xe6, 0x3c, 0xf7, 0x3c, 0xef, 0xb9, 0xe6, 0xdb, 0xee, 0xfa, 0xee,
    0xb9, 0xe6, 0xda, 0xee, 0x1b, 0xef, 0xb9, 0xe6, 0xba, 0xe6, 0xfa, 0xee,
    0xba, 0xe6, 0xfa, 0xee, 0x5c, 0xf7, 0x1c, 0xf7, 0xfb, 0xee, 0x3b, 0xef,
    0xda, 0xee, 0xdb, 0xee, 0x3c, 0xef, 0xfb, 0xee, 0x1b, 0xef, 0x3c, 0xf7,
    0x3c, 0xf7, 0x1c, 0xf7, 0x1a, 0xf7, 0x19, 0xff, 0xdd, 0xff, 0x7d, 0xf7,
    0x1b, 0xf7, 0x3b, 0xef, 0x3c, 0xf7, 0x1c, 0xef, 0x3c, 0xf7, 0x3b, 0xf7,
    0x3c, 0xf7, 0x3c, 0xf7, 0x3b, 0xef, 0x3c, 0xef, 0x3c, 0xf7, 0x5c, 0xf7,
    0x5c, 0xf7, 0x3c, 0xf7, 0x1b, 0xf7, 0x1c, 0xef, 0x1b, 0xef, 0xfb, 0xee,
    0xda, 0xe6, 0xda, 0xe6, 0xba, 0xe6, 0xb9, 0xe6, 0xfb, 0xf6, 0xda, 0xee,
    0xfb, 0xee, 0x3c, 0xf7, 0xfa, 0xee, 0xbd, 0xff, 0x3c, 0xf7, 0xb9, 0xee,
    0x3b, 0xf7, 0x1b, 0xef, 0x5b, 0xf7, 0x5c, 0xff, 0x3a, 0xff, 0xd9, 0xee,
    0x98, 0xe6, 0x98, 0xe6, 0x99, 0xee, 0xd9, 0xee, 0x3b, 0xf7, 0x7c, 0xff,
    0x7d, 0xff, 0xb9, 0xe6, 0x98, 0xe6, 0x99, 0xe6, 0xb9, 0xe6, 0xb9, 0xe6,
    0xb9, 0xee, 0xb8, 0xe6, 0x99, 0xe6, 0xfa, 0xee, 0x9d, 0xff, 0x7d, 0xff,
    0xbe, 0xff, 0xde, 0xff, 0xde, 0xff, 0xde, 0xff, 0xf6, 0xcd, 0xb4, 0xcd,
    0x74, 0xc5, 0x53, 0xc5, 0x32, 0xc5, 0x12, 0xbd, 0x11, 0xc5, 0xf1, 0xc4,
    0x11, 0xbd, 0xf1, 0xbc, 0xd0, 0xbc, 0xd1, 0xb4, 0xd0, 0xb4, 0xb0, 0xb4,
    0x90, 0xb4, 0xb0, 0xac, 0x6f, 0xac, 0x8f, 0xac, 0x6f, 0xac, 0x6f, 0xac,
    0x6f, 0xac, 0x4e, 0xa4, 0x4e, 0xa4, 0x2e, 0xa4, 0x0d, 0xa4, 0x0d, 0x9c,
    0x0d, 0xa4, 0xed, 0x9b, 0x0d, 0x9c, 0x0d, 0xa4, 0xee, 0xa3, 0xed, 0x9b,
    0x0d, 0x9c, 0xed, 0x9b, 0xcc, 0x93, 0xcc, 0x93, 0xac, 0x93, 0xcc, 0x93,
    0xcd, 0x93, 0xed, 0x9b, 0x6f, 0xa4, 0x32, 0xbd, 0x36, 0xde, 0x77, 0xe6,
    0x78, 0xe6, 0x98, 0xe6, 0x78, 0xe6, 0x98, 0xe6, 0x98, 0xe6, 0x78, 0xe6,
    0x78, 0xe6, 0xb8, 0xee, 0x98, 0xee, 0x98, 0xee, 0x97, 0xee, 0x98, 0xee,
    0x98, 0xe6, 0x57, 0xe6, 0x57, 0xe6, 0xb8, 0xee, 0x77, 0xe6, 0x56, 0xde,
    0x57, 0xe6, 0x97, 0xe6, 0x78, 0xe6, 0x57, 0xe6, 0x57, 0xe6, 0x97, 0xee,
    0x15, 0xde, 0x57, 0xe6, 0x78, 0xee, 0x98, 0xee, 0x98, 0xee, 0x77, 0xee,
    0x57, 0xe6, 0x98, 0xee, 0x77, 0xee, 0x57, 0xe6, 0xd8, 0xee, 0x77, 0xee,
    0xb8, 0xf6, 0x98, 0xee, 0xd9, 0xf6, 0xb8, 0xee, 0xd9, 0xee, 0x98, 0xee,
    0x98, 0xee, 0x3a, 0xff, 0xf9, 0xf6, 0xd8, 0xf6, 0x16, 0xe6, 0x57, 0xee,
    0x57, 0xee, 0x77, 0xee, 0xf9, 0xf6, 0x77, 0xee, 0x57, 0xee, 0x98, 0xee,
    0x78, 0xee, 0xf9, 0xf6, 0xd9, 0xf6, 0x77, 0xee, 0x97, 0xee, 0x77, 0xee,
    0xd8, 0xee, 0x77, 0xee, 0xb8, 0xf6, 0x78, 0xee, 0x98, 0xee, 0x77, 0xee,
    0x97, 0xe6, 0x57, 0xe6, 0x77, 0xe6, 0x57, 0xe6, 0xb4, 0xd5, 0x94, 0xd5,
    0x93, 0xd5, 0x53, 0xcd, 0x53, 0xcd, 0xd0, 0xbc, 0x11, 0xc5, 0xaf, 0xb4,
    0x6f, 0xac, 0x90, 0xb4, 0x73, 0xc5, 0x6f, 0xac, 0xed, 0x9b, 0x31, 0xbd,
    0x4b, 0x83, 0x8c, 0x8b, 0x4b, 0x83, 0xf1, 0xbc, 0x6b, 0x83, 0x6b, 0x8b,
    0x0e, 0xa4, 0x2e, 0xa4, 0x0d, 0x9c, 0x2b, 0x83, 0xea, 0x7a, 0x0a, 0x83,
    0xe9, 0x7a, 0xe9, 0x7a, 0x89, 0x6a, 0xea, 0x72, 0x2a, 0x83, 0x2b, 0x83,
    0x0e, 0x9c, 0x2e, 0xa4, 0x2f, 0xa4, 0x32, 0xc5, 0x94, 0xcd, 0xd5, 0xd5,
    0xb4, 0xd5, 0xf5, 0xd5, 0xf5, 0xd5, 0x15, 0xde, 0x16, 0xde, 0xf6, 0xdd,
    0xf5, 0xd5, 0x16, 0xde, 0x36, 0xde, 0x56, 0xe6, 0x77, 0xe6, 0x57, 0xe6,
    0x56, 0xe6, 0x37, 0xe6, 0x57, 0xe6, 0x16, 0xde, 0xf5, 0xdd, 0xf5, 0xdd,
    0x56, 0xee, 0x97, 0xee, 0x57, 0xe6, 0x57, 0xe6, 0x77, 0xe6, 0x78, 0xee,
    0x98, 0xee, 0x78, 0xee, 0xb8, 0xee, 0xb9, 0xee, 0xb9, 0xee, 0xd8, 0xf6,
    0xfa, 0xf6, 0xf9, 0xf6, 0xfa, 0xf6, 0x3b, 0xf7, 0x3b, 0xff, 0x1a, 0xf7,
    0xda, 0xf6, 0x3b, 0xf7, 0x7c, 0xff, 0x1a, 0xf7, 0xd9, 0xee, 0x1a, 0xff,
    0x5c, 0xff, 0x5c, 0xff, 0x5c, 0xf7, 0xbd, 0xff, 0x9d, 0xff, 0x9d, 0xff,
    0x7c, 0xff, 0x9d, 0xff, 0x9d, 0xff, 0xde, 0xff, 0xdf, 0xff, 0xbe, 0xff,
    0xbe, 0xff, 0xbd, 0xff, 0x9d, 0xff, 0xbf, 0xff, 0xde, 0xff, 0xdf, 0xff,
    0xbe, 0xff, 0xbe, 0xff, 0xbe, 0xff, 0xde, 0xff, 0xbe, 0xff, 0xbe, 0xff,
    0xbe, 0xff, 0x7d, 0xf7, 0x9d, 0xf7, 0x5c, 0xf7, 0x9d, 0xff, 0x7d, 0xff,
    0x5c, 0xf7, 0x3c, 0xf7, 0x1b, 0xef, 0x1b, 0xef, 0xfa, 0xee, 0x5c, 0xf7,
    0xda, 0xe6, 0xfa, 0xee, 0xda, 0xee, 0xda, 0xe6, 0x5c, 0xf7, 0x98, 0xe6,
    0x58, 0xde, 0xb9, 0xe6, 0xba, 0xe6, 0xfa, 0xee, 0xfb, 0xee, 0xfa, 0xee,
    0x99, 0xe6, 0xda, 0xee, 0xda, 0xee, 0xba, 0xe6, 0x1b, 0xf7, 0x1b, 0xef,
    0xdb, 0xee, 0x1b, 0xf7, 0xfa, 0xee, 0xda, 0xee, 0x3b, 0xf7, 0xfb, 0xee,
    0x5c, 0xf7, 0x1b, 0xf7, 0xb8, 0xee, 0x76, 0xee, 0xf4, 0xed, 0x96, 0xf6,
    0x9c, 0xff, 0x1c, 0xef, 0x1b, 0xf7, 0x5c, 0xff, 0x3b, 0xf7, 0x3b, 0xef,
    0x3b, 0xf7, 0x3c, 0xf7, 0x3c, 0xf7, 0x3c, 0xf7, 0x3b, 0xf7, 0x1b, 0xf7,
    0x5d, 0xff, 0x3b, 0xf7, 0x1b, 0xf7, 0xbe, 0xff, 0x7d, 0xff, 0x1b, 0xef,
    0xfb, 0xee, 0xba, 0xe6, 0xba, 0xe6, 0x99, 0xde, 0x99, 0xe6, 0x9d, 0xff,
    0x5c, 0xf7, 0x9d, 0xff, 0xde, 0xff, 0xff, 0xff, 0xdf, 0xff, 0xbe, 0xff,
    0x9d, 0xff, 0x7c, 0xff, 0xff, 0xff, 0x9d, 0xff, 0x1b, 0xf7, 0x1c, 0xf7,
    0x3b, 0xf7, 0xfa, 0xf6, 0x7d, 0xf7, 0xbd, 0xff, 0x9d, 0xff, 0xbe, 0xff,
    0xff, 0xff, 0xbe, 0xff, 0x1b, 0xef, 0x37, 0xd6, 0x57, 0xde, 0x57, 0xe6,
    0xb9, 0xee, 0x57, 0xde, 0x57, 0xe6, 0xb8, 0xee, 0x1a, 0xf7, 0x3b, 0xf7,
    0x1b, 0xf7, 0x3b, 0xf7, 0x7c, 0xff, 0x9d, 0xff, 0xbe, 0xff, 0xd7, 0xd5,
    0xb5, 0xcd, 0x94, 0xcd, 0x53, 0xc5, 0x52, 0xc5, 0x32, 0xbd, 0x12, 0xc5,
    0x12, 0xc5, 0x11, 0xc5, 0xf1, 0xbc, 0xf1, 0xbc, 0xd1, 0xbc, 0xd0, 0xbc,
    0xd0, 0xb4, 0xd0, 0xb4, 0xb0, 0xb4, 0xb0, 0xb4, 0x8f, 0xb4, 0x6f, 0xac,
    0x6f, 0xac, 0x4f, 0xac, 0x4f, 0xac, 0x2e, 0xa4, 0x2e, 0xa4, 0x0e, 0xa4,
    0x0d, 0xa4, 0xed, 0x9b, 0xcd, 0x9b, 0xed, 0x9b, 0xed, 0x9b, 0xed, 0x9b,
    0xed, 0x9b, 0xcc, 0x93, 0xac, 0x9b, 0xac, 0x93, 0xac, 0x93, 0x8c, 0x93,
    0x8c, 0x8b, 0xad, 0x93, 0x90, 0xac, 0x33, 0xc5, 0x94, 0xcd, 0xb5, 0xcd,
    0x78, 0xde, 0x98, 0xe6, 0x98, 0xe6, 0x78, 0xe6, 0x78, 0xe6, 0x78, 0xe6,
    0x98, 0xe6, 0x97, 0xee, 0xb8, 0xee, 0x98, 0xe6, 0x98, 0xee, 0x98, 0xe6,
    0x77, 0xe6, 0x77, 0xe6, 0x57, 0xe6, 0x97, 0xe6, 0x98, 0xe6, 0x57, 0xe6,
    0x16, 0xde, 0x98, 0xe6, 0x77, 0xe6, 0x77, 0xe6, 0x57, 0xe6, 0x78, 0xee,
    0x57, 0xe6, 0xf5, 0xd5, 0x77, 0xe6, 0xb8, 0xee, 0x97, 0xee, 0x98, 0xe6,
    0x57, 0xe6, 0x98, 0xe6, 0xb8, 0xee, 0x77, 0xee, 0x77, 0xe6, 0xb8, 0xee,
    0x98, 0xee, 0x98, 0xee, 0xb8, 0xf6, 0xf9, 0xee, 0xd8, 0xf6, 0xf9, 0xf6,
    0x98, 0xee, 0xd8, 0xf6, 0xf9, 0xf6, 0xf9, 0xf6, 0xb8, 0xf6, 0x36, 0xe6,
    0x77, 0xee, 0x37, 0xe6, 0xb8, 0xf6, 0xb8, 0xee, 0x98, 0xee, 0x78, 0xee,
    0x77, 0xee, 0x56, 0xe6, 0x36, 0xe6, 0xd9, 0xf6, 0xd9, 0xf6, 0xb8, 0xee,
    0x77, 0xee, 0xb8, 0xf6, 0xb8, 0xee, 0x77, 0xee, 0xb8, 0xee, 0x77, 0xe6,
    0x98, 0xee, 0x57, 0xe6, 0xb8, 0xee, 0x36, 0xde, 0x36, 0xe6, 0x36, 0xe6,
    0xd4, 0xd5, 0xb3, 0xd5, 0x93, 0xcd, 0x12, 0xc5, 0x31, 0xc5, 0xd0, 0xb4,
    0xd0, 0xbc, 0x6f, 0xac, 0x53, 0xcd, 0xaf, 0xac, 0x0d, 0x9c, 0xd1, 0xbc,
    0x8c, 0x8b, 0xcc, 0x93, 0xac, 0x93, 0x2e, 0xa4, 0x2e, 0xa4, 0xea, 0x7a,
    0xed, 0x9b, 0xac, 0x93, 0xed, 0x9b, 0x4b, 0x83, 0x4b, 0x8b, 0x2a, 0x83,
    0x4b, 0x8b, 0xe9, 0x7a, 0x6b, 0x8b, 0x0a, 0x7b, 0x4b, 0x83, 0x8c, 0x8b,
    0x0e, 0x9c, 0xac, 0x93, 0x2e, 0xa4, 0x90, 0xac, 0x12, 0xbd, 0x93, 0xcd,
    0x53, 0xc5, 0xd4, 0xd5, 0x16, 0xde, 0x16, 0xde, 0x16, 0xde, 0xf5, 0xdd,
    0x16, 0xde, 0x36, 0xde, 0x36, 0xde, 0x56, 0xe6, 0x57, 0xe6, 0x36, 0xe6,
    0x36, 0xde, 0x36, 0xde, 0x56, 0xe6, 0x77, 0xe6, 0x15, 0xde, 0xf5, 0xdd,
    0x36, 0xe6, 0x77, 0xe6, 0x36, 0xe6, 0x16, 0xde, 0x36, 0xe6, 0x77, 0xee,
    0x98, 0xee, 0x97, 0xee, 0x97, 0xee, 0xb8, 0xee, 0xd9, 0xf6, 0xb9, 0xee,
    0xb9, 0xf6, 0x1a, 0xf7, 0x1a, 0xf7, 0xfa, 0xf6, 0x1b, 0xf7, 0x5b, 0xff,
    0x1a, 0xff, 0xd9, 0xf6, 0xda, 0xf6, 0x5c, 0xf7, 0x5b, 0xff, 0xfa, 0xf6,
    0xfa, 0xf6, 0x1b, 0xf7, 0x3b, 0xff, 0x3a, 0xff, 0x5c, 0xff, 0xbe, 0xff,
    0x9e, 0xff, 0x7d, 0xff, 0x9d, 0xff, 0xbd, 0xff, 0xbe, 0xff, 0xde, 0xff,
    0xde, 0xff, 0xbd, 0xff, 0x9e, 0xff, 0xde, 0xff, 0xde, 0xff, 0xde, 0xff,
    0x9e, 0xff, 0xde, 0xff, 0xdf, 0xff, 0xbe, 0xff, 0xdf, 0xff, 0xde, 0xff,
    0xbe, 0xff, 0xde, 0xff, 0xbe, 0xff, 0x3c, 0xf7, 0x9d, 0xff, 0x5c, 0xf7,
    0x5d, 0xf7, 0x5c, 0xf7, 0x7d, 0xff, 0x1c, 0xf7, 0xdb, 0xee, 0xb9, 0xe6,
    0xd9, 0xe6, 0x3b, 0xf7, 0x78, 0xe6, 0xda, 0xe6, 0xfa, 0xee, 0x99, 0xe6,
    0x1a, 0xef, 0x58, 0xde, 0x37, 0xd6, 0x79, 0xe6, 0xda, 0xee, 0x99, 0xe6,
    0xd9, 0xe6, 0x3c, 0xf7, 0x98, 0xe6, 0x99, 0xe6, 0xda, 0xee, 0xd9, 0xe6,
    0xfa, 0xee, 0xda, 0xee, 0xfa, 0xee, 0xfa, 0xee, 0xda, 0xee, 0xfa, 0xee,
    0x1b, 0xf7, 0xfa, 0xee, 0xb9, 0xee, 0x36, 0xe6, 0x51, 0xcd, 0x93, 0xdd,
    0xb3, 0xe5, 0x39, 0xff, 0x1c, 0xf7, 0x3c, 0xf7, 0x3b, 0xef, 0x1c, 0xf7,
    0x3c, 0xf7, 0x1c, 0xef, 0x3c, 0xef, 0x1b, 0xef, 0xfa, 0xee, 0xfa, 0xee,
    0x3c, 0xf7, 0xbe, 0xff, 0x7d, 0xf7, 0x5c, 0xf7, 0x7c, 0xff, 0xde, 0xff,
    0xde, 0xff, 0xff, 0xff, 0x5c, 0xff, 0x9a, 0xe6, 0xba, 0xe6, 0x3b, 0xf7,
    0xfa, 0xee, 0x1b, 0xef, 0xf9, 0xf6, 0x77, 0xe6, 0xf9, 0xf6, 0x9d, 0xff,
    0xde, 0xff, 0xff, 0xff, 0xff, 0xff, 0xdf, 0xff, 0xda, 0xee, 0xb8, 0xee,
    0x1a, 0xf7, 0x78, 0xe6, 0x16, 0xd6, 0xd9, 0xee, 0xfa, 0xee, 0xb9, 0xe6,
    0xd9, 0xee, 0x3b, 0xf7, 0x7c, 0xff, 0xbd, 0xff, 0x7c, 0xff, 0x1b, 0xef,
    0x57, 0xe6, 0xd9, 0xe6, 0xb5, 0xc5, 0x94, 0xcd, 0x36, 0xde, 0x57, 0xde,
    0xd9, 0xee, 0x5b, 0xf7, 0xd9, 0xee, 0xf9, 0xee, 0x1b, 0xf7, 0x5b, 0xf7,
    0xf7, 0xd5, 0xb5, 0xcd, 0x94, 0xc5, 0x73, 0xcd, 0x53, 0xc5, 0x32, 0xc5,
    0x32, 0xc5, 0x12, 0xbd, 0x12, 0xc5, 0x11, 0xc5, 0x11, 0xbd, 0xf1, 0xbc,
    0xd1, 0xbc, 0xf1, 0xbc, 0xd0, 0xbc, 0xd0, 0xbc, 0xb0, 0xb4, 0x90, 0xb4,
    0x8f, 0xb4, 0x6f, 0xac, 0x4f, 0xac, 0x4f, 0xac, 0x4e, 0xac, 0x2e, 0xa4,
    0x0e, 0xa4, 0xed, 0x9b, 0xed, 0x9b, 0xcd, 0x9b, 0xcc, 0x93, 0xcd, 0x93,
    0xcd, 0x9b, 0xac, 0x93, 0xac, 0x93, 0xac, 0x93, 0x8c, 0x93, 0x8b, 0x8b,
    0x6b, 0x8b, 0x6c, 0x8b, 0xed, 0x9b, 0xb0, 0xac, 0xb1, 0xb4, 0x53, 0xc5,
    0x57, 0xde, 0x98, 0xee, 0x98, 0xee, 0x78, 0xe6, 0x98, 0xe6, 0x77, 0xe6,
    0x98, 0xee, 0x77, 0xe6, 0x78, 0xe6, 0x98, 0xe6, 0x98, 0xe6, 0x98, 0xe6,
    0x98, 0xe6, 0x78, 0xe6, 0x77, 0xe6, 0x77, 0xe6, 0x98, 0xe6, 0x57, 0xe6,
    0x56, 0xe6, 0x36, 0xde, 0x98, 0xee, 0x57, 0xe6, 0x97, 0xee, 0x97, 0xe6,
    0x57, 0xe6, 0x16, 0xde, 0x15, 0xde, 0x98, 0xee, 0xb8, 0xee, 0x77, 0xe6,
    0x77, 0xee, 0x36, 0xde, 0xd9, 0xee, 0x77, 0xee, 0x78, 0xee, 0x77, 0xee,
    0x78, 0xee, 0xb8, 0xee, 0xd8, 0xf6, 0x77, 0xee, 0xd9, 0xf6, 0xf9, 0xf6,
    0xd9, 0xf6, 0xb9, 0xee, 0xd9, 0xf6, 0xb8, 0xee, 0xfa, 0xfe, 0x97, 0xee,
    0x56, 0xe6, 0x98, 0xee, 0x56, 0xe6, 0x98, 0xee, 0x97, 0xee, 0xb9, 0xf6,
    0xb8, 0xee, 0xd9, 0xf6, 0x77, 0xee, 0x97, 0xee, 0x57, 0xe6, 0xf9, 0xf6,
    0x98, 0xee, 0xb8, 0xf6, 0x98, 0xee, 0xb8, 0xf6, 0xb8, 0xee, 0x98, 0xee,
    0x97, 0xee, 0x98, 0xee, 0x77, 0xe6, 0x77, 0xee, 0x77, 0xe6, 0xf5, 0xdd,
    0x36, 0xe6, 0x16, 0xde, 0x73, 0xcd, 0xb3, 0xd5, 0x52, 0xc5, 0xf1, 0xbc,
    0xf1, 0xbc, 0xb0, 0xb4, 0x32, 0xc5, 0x12, 0xbd, 0x2f, 0xa4, 0xd0, 0xbc,
    0xed, 0x9b, 0x0d, 0x9c, 0xed, 0x9b, 0x6b, 0x8b, 0xf1, 0xbc, 0xea, 0x72,
    0x8c, 0x8b, 0x4e, 0xa4, 0xea, 0x7a, 0x0e, 0x9c, 0x67, 0x6a, 0x47, 0x62,
    0x88, 0x6a, 0xc9, 0x7a, 0x47, 0x5a, 0xa9, 0x72, 0x47, 0x62, 0xc9, 0x6a,
    0x8c, 0x8b, 0x6b, 0x83, 0x4f, 0xa4, 0x0e, 0x9c, 0x8f, 0xac, 0x94, 0xcd,
    0x74, 0xcd, 0xd4, 0xd5, 0x16, 0xde, 0x16, 0xde, 0xf5, 0xd5, 0xf5, 0xd5,
    0x36, 0xde, 0x36, 0xe6, 0x36, 0xe6, 0x36, 0xe6, 0x57, 0xde, 0x36, 0xe6,
    0x16, 0xde, 0x16, 0xde, 0x37, 0xe6, 0x57, 0xe6, 0x36, 0xe6, 0xf5, 0xdd,
    0xd5, 0xd5, 0x16, 0xe6, 0x37, 0xe6, 0x16, 0xde, 0x37, 0xe6, 0x57, 0xe6,
    0x57, 0xe6, 0x77, 0xe6, 0x78, 0xee, 0x77, 0xee, 0xb8, 0xee, 0xb9, 0xf6,
    0xb9, 0xf6, 0xfa, 0xf6, 0xfa, 0xf6, 0xda, 0xf6, 0xf9, 0xf6, 0x1a, 0xff,
    0x3b, 0xf7, 0x1b, 0xf7, 0x1a, 0xf7, 0xb8, 0xee, 0xd9, 0xee, 0x3c, 0xff,
    0x1a, 0xf7, 0xd9, 0xf6, 0xf9, 0xf6, 0x1b, 0xf7, 0x5c, 0xf7, 0x1b, 0xff,
    0x5c, 0xff, 0xbe, 0xff, 0x9d, 0xff, 0x7d, 0xff, 0x9d, 0xff, 0xbe, 0xff,
    0xde, 0xff, 0xde, 0xff, 0xde, 0xff, 0xbe, 0xff, 0x9d, 0xff, 0xbe, 0xff,
    0xbe, 0xff, 0xbe, 0xff, 0x9d, 0xff, 0xdf, 0xff, 0xbe, 0xff, 0xbe, 0xff,
    0xdf, 0xff, 0xbf, 0xff, 0xbe, 0xff, 0xbe, 0xff, 0x9e, 0xff, 0x5c, 0xf7,
    0x9d, 0xff, 0x1b, 0xf7, 0x9d, 0xf7, 0x5c, 0xf7, 0x3c, 0xf7, 0xfa, 0xee,
    0xba, 0xe6, 0x78, 0xe6, 0x1c, 0xef, 0xda, 0xee, 0x58, 0xde, 0xba, 0xee,
    0xfa, 0xf6, 0x99, 0xe6, 0xda, 0xee, 0xd9, 0xee, 0x58, 0xde, 0xd9, 0xee,
    0x1b, 0xef, 0x78, 0xe6, 0x99, 0xe6, 0x5c, 0xf7, 0xd9, 0xe6, 0x78, 0xde,
    0xd9, 0xee, 0xb9, 0xe6, 0xfa, 0xee, 0xda, 0xee, 0xba, 0xe6, 0xda, 0xee,
    0xfb, 0xee, 0xb9, 0xe6, 0x78, 0xe6, 0xd9, 0xee, 0x3b, 0xf7, 0x37, 0xd6,
    0x7c, 0xff, 0x9c, 0xf7, 0x9c, 0xff, 0x9e, 0xff, 0xfb, 0xee, 0x3b, 0xef,
    0x3b, 0xef, 0x3c, 0xf7, 0x3c, 0xf7, 0xd9, 0xee, 0xd9, 0xee, 0x1a, 0xf7,
    0x3b, 0xf7, 0x1a, 0xf7, 0x3b, 0xf7, 0x7c, 0xff, 0xbe, 0xff, 0xdf, 0xff,
    0xde, 0xff, 0xbe, 0xff, 0xbe, 0xff, 0xff, 0xff, 0x5c, 0xf7, 0x1a, 0xf7,
    0x1a, 0xf7, 0x57, 0xde, 0x57, 0xe6, 0x36, 0xde, 0xb4, 0xcd, 0xb4, 0xd5,
    0xb4, 0xd5, 0xb8, 0xee, 0x5c, 0xff, 0xdf, 0xff, 0xdf, 0xff, 0xba, 0xe6,
    0x56, 0xe6, 0x53, 0xc5, 0x53, 0xc5, 0x15, 0xe6, 0x57, 0xde, 0x37, 0xde,
    0x36, 0xe6, 0x78, 0xe6, 0xd9, 0xee, 0xfa, 0xee, 0x1b, 0xf7, 0x7c, 0xff,
    0xbe, 0xff, 0x9d, 0xf7, 0x57, 0xde, 0x94, 0xc5, 0x33, 0xc5, 0x98, 0xe6,
    0xd9, 0xee, 0x98, 0xe6, 0x98, 0xee, 0xb9, 0xee, 0x1a, 0xef, 0x1a, 0xef,
    0xfa, 0xf6, 0xf7, 0xd5, 0xb5, 0xcd, 0x94, 0xcd, 0x73, 0xc5, 0x52, 0xc5,
    0x33, 0xc5, 0x33, 0xc5, 0x32, 0xc5, 0x12, 0xc5, 0x12, 0xbd, 0x11, 0xc5,
    0xf1, 0xc4, 0xf1, 0xbc, 0xf1, 0xbc, 0xd1, 0xbc, 0xd1, 0xbc, 0xd0, 0xb4,
    0xb0, 0xbc, 0x90, 0xb4, 0xaf, 0xb4, 0x8f, 0xac, 0x6f, 0xac, 0x4e, 0xac,
    0x2e, 0xa4, 0x2e, 0xa4, 0x0d, 0xa4, 0xed, 0x9b, 0xcc, 0x9b, 0xcc, 0x93,
    0xcc, 0x9b, 0xac, 0x9b, 0xac, 0x93, 0xac, 0x93, 0xac, 0x8b, 0x8c, 0x93,
    0x6c, 0x8b, 0x6b, 0x8b, 0x8c, 0x8b, 0xed, 0x93, 0x4f, 0xa4, 0xd1, 0xb4,
    0x95, 0xc5, 0x78, 0xe6, 0xb8, 0xe6, 0x98, 0xe6, 0x98, 0xe6, 0x98, 0xe6,
    0x98, 0xe6, 0x77, 0xe6, 0x78, 0xe6, 0x98, 0xe6, 0x98, 0xe6, 0x98, 0xee,
    0x98, 0xe6, 0x97, 0xee, 0x78, 0xe6, 0x57, 0xe6, 0x57, 0xe6, 0x98, 0xee,
    0x36, 0xde, 0x37, 0xde, 0x97, 0xe6, 0x77, 0xe6, 0x98, 0xee, 0x78, 0xe6,
    0x98, 0xe6, 0x57, 0xe6, 0xd5, 0xd5, 0x77, 0xe6, 0xb8, 0xee, 0x78, 0xe6,
    0x57, 0xe6, 0x77, 0xe6, 0x77, 0xe6, 0x98, 0xee, 0x98, 0xee, 0x77, 0xe6,
    0x77, 0xe6, 0xb8, 0xee, 0x57, 0xe6, 0xf9, 0xf6, 0x98, 0xee, 0x98, 0xee,
    0xf9, 0xf6, 0xd9, 0xee, 0xd8, 0xf6, 0x98, 0xee, 0xd9, 0xee, 0x1b, 0xf7,
    0x98, 0xee, 0xf5, 0xdd, 0x98, 0xee, 0xb8, 0xf6, 0x98, 0xee, 0x98, 0xee,
    0xd8, 0xf6, 0x97, 0xee, 0xb9, 0xee, 0x98, 0xee, 0xb8, 0xf6, 0xb8, 0xf6,
    0xb8, 0xf6, 0xd8, 0xf6, 0xb8, 0xee, 0x98, 0xee, 0x98, 0xee, 0xd8, 0xf6,
    0x77, 0xee, 0x77, 0xee, 0x77, 0xee, 0x57, 0xe6, 0x77, 0xee, 0x56, 0xe6,
    0x36, 0xe6, 0xf5, 0xd5, 0x16, 0xde, 0xd4, 0xd5, 0x73, 0xcd, 0x93, 0xcd,
    0x12, 0xc5, 0xf1, 0xbc, 0xd0, 0xbc, 0xb4, 0xd5, 0xd1, 0xb4, 0x90, 0xac,
    0x2e, 0xa4, 0x0e, 0x9c, 0x2e, 0xa4, 0xcc, 0x9b, 0x2f, 0xa4, 0x0e, 0x9c,
    0x6c, 0x8b, 0x8c, 0x8b, 0xac, 0x8b, 0x8c, 0x93, 0x4b, 0x83, 0xa8, 0x72,
    0x68, 0x6a, 0x68, 0x6a, 0xc9, 0x72, 0x68, 0x62, 0xa9, 0x72, 0x88, 0x6a,
    0x6c, 0x8b, 0x4b, 0x83, 0x8c, 0x93, 0x0a, 0x7b, 0xed, 0x93, 0xd5, 0xdd,
    0x94, 0xcd, 0xb4, 0xd5, 0x16, 0xde, 0xf5, 0xd5, 0xf5, 0xd5, 0xf5, 0xdd,
    0x16, 0xde, 0x16, 0xde, 0x36, 0xde, 0x36, 0xde, 0x57, 0xe6, 0x36, 0xe6,
    0xd5, 0xdd, 0x15, 0xde, 0x37, 0xe6, 0x76, 0xe6, 0x57, 0xe6, 0x15, 0xde,
    0xd4, 0xd5, 0x15, 0xde, 0x36, 0xe6, 0x56, 0xe6, 0x36, 0xde, 0x56, 0xe6,
    0x56, 0xee, 0x57, 0xe6, 0x77, 0xee, 0x77, 0xe6, 0x78, 0xe6, 0x98, 0xee,
    0xb8, 0xf6, 0xd9, 0xf6, 0xf9, 0xf6, 0xf9, 0xf6, 0xb9, 0xf6, 0xd9, 0xee,
    0x1a, 0xf7, 0x3b, 0xff, 0x3b, 0xff, 0x1a, 0xf7, 0x98, 0xee, 0x37, 0xe6,
    0xfa, 0xf6, 0x1a, 0xf7, 0xda, 0xf6, 0xb9, 0xf6, 0xd9, 0xf6, 0x3b, 0xf7,
    0x1a, 0xf7, 0x3b, 0xf7, 0x7d, 0xff, 0xbd, 0xff, 0x7d, 0xff, 0x9d, 0xff,
    0x9d, 0xff, 0xbe, 0xff, 0xbe, 0xff, 0xde, 0xff, 0xdf, 0xff, 0xbd, 0xff,
    0xde, 0xff, 0xbe, 0xff, 0xde, 0xff, 0xbe, 0xff, 0xbe, 0xff, 0xdf, 0xff,
    0x9e, 0xff, 0xbe, 0xff, 0xdf, 0xff, 0xbe, 0xff, 0xde, 0xff, 0xbe, 0xff,
    0x5d, 0xf7, 0x3c, 0xf7, 0x7d, 0xf7, 0x5c, 0xf7, 0x1b, 0xf7, 0x3c, 0xf7,
    0xda, 0xee, 0x78, 0xe6, 0xba, 0xe6, 0x78, 0xe6, 0x3c, 0xf7, 0xb9, 0xe6,
    0x98, 0xe6, 0xfa, 0xee, 0x9c, 0xff, 0xbe, 0xff, 0x7d, 0xff, 0x98, 0xe6,
    0x57, 0xe6, 0xfa, 0xee, 0x5c, 0xff, 0x9d, 0xff, 0xbe, 0xff, 0xbe, 0xff,
    0x3b, 0xf7, 0xb9, 0xe6, 0x99, 0xe6, 0x99, 0xe6, 0xb9, 0xee, 0xda, 0xe6,
    0xb9, 0xe6, 0xda, 0xee, 0xd9, 0xee, 0x15, 0xde, 0x93, 0xd5, 0x56, 0xe6,
    0xff, 0xff, 0xff, 0xff, 0xff, 0xff, 0xff, 0xff, 0xdf, 0xff, 0x7c, 0xf7,
    0x5c, 0xf7, 0x7e, 0xff, 0x1b, 0xef, 0xb9, 0xee, 0x56, 0xe6, 0x36, 0xde,
    0xd9, 0xee, 0x1a, 0xf7, 0x3b, 0xf7, 0xb9, 0xee, 0xfa, 0xf6, 0xb8, 0xee,
    0xb8, 0xee, 0x9d, 0xff, 0xdf, 0xff, 0x7d, 0xf7, 0x9d, 0xff, 0xde, 0xff,
    0x78, 0xde, 0xd5, 0xd5, 0x78, 0xe6, 0xd5, 0xcd, 0x37, 0xde, 0x98, 0xe6,
    0xda, 0xee, 0x1a, 0xf7, 0x37, 0xde, 0xb8, 0xee, 0x3a, 0xf7, 0xbe, 0xff,
    0x1b, 0xef, 0x16, 0xd6, 0x78, 0xe6, 0xb4, 0xcd, 0x36, 0xde, 0x16, 0xde,
    0x72, 0xcd, 0x12, 0xbd, 0xb3, 0xd5, 0xf9, 0xee, 0x5c, 0xf7, 0x7d, 0xff,
    0xdf, 0xff, 0xdf, 0xff, 0xff, 0xff, 0xbe, 0xff, 0x37, 0xde, 0x98, 0xee,
    0x7c, 0xff, 0x7c, 0xf7, 0x77, 0xde, 0x57, 0xde, 0x3b, 0xf7, 0x1a, 0xf7,
    0x5b, 0xf7, 0x1b, 0xf7, 0x17, 0xd6, 0xd6, 0xcd, 0xb4, 0xcd, 0x94, 0xcd,
    0x53, 0xc5, 0x32, 0xc5, 0x32, 0xc5, 0x12, 0xc5, 0x32, 0xbd, 0x32, 0xc5,
    0x12, 0xc5, 0x12, 0xbd, 0x11, 0xbd, 0x11, 0xbd, 0xf1, 0xbc, 0xf0, 0xbc,
    0xd0, 0xbc, 0xd0, 0xb4, 0xb0, 0xb4, 0xb0, 0xb4, 0x8f, 0xb4, 0x6f, 0xac,
    0x6f, 0xac, 0x6f, 0xac, 0x4e, 0xa4, 0x2e, 0xa4, 0x0e, 0xa4, 0xed, 0xa3,
    0xed, 0x9b, 0xcd, 0x93, 0xcc, 0x93, 0xcc, 0x93, 0xac, 0x93, 0xac, 0x93,
    0x8c, 0x93, 0x6b, 0x8b, 0x6c, 0x83, 0x8c, 0x8b, 0xcd, 0x93, 0x6f, 0xac,
    0x33, 0xbd, 0x36, 0xde, 0x98, 0xe6, 0x98, 0xe6, 0x98, 0xe6, 0x98, 0xee,
    0x78, 0xe6, 0x78, 0xe6, 0x78, 0xe6, 0x78, 0xe6, 0x98, 0xe6, 0x97, 0xee,
    0x77, 0xe6, 0x98, 0xe6, 0x78, 0xe6, 0x77, 0xe6, 0x77, 0xe6, 0x97, 0xe6,
    0x78, 0xe6, 0x37, 0xe6, 0x97, 0xe6, 0x78, 0xe6, 0x98, 0xee, 0x98, 0xee,
    0x77, 0xee, 0x98, 0xee, 0x16, 0xde, 0x37, 0xe6, 0x77, 0xe6, 0x98, 0xe6,
    0x57, 0xe6, 0x98, 0xee, 0x98, 0xee, 0xb8, 0xee, 0x56, 0xe6, 0x98, 0xee,
    0x78, 0xe6, 0x98, 0xee, 0xb8, 0xee, 0x98, 0xee, 0x98, 0xee, 0xf9, 0xee,
    0x97, 0xee, 0xf9, 0xf6, 0xf9, 0xf6, 0xd9, 0xf6, 0x57, 0xe6, 0xf9, 0xf6,
    0x1a, 0xff, 0x56, 0xe6, 0x94, 0xd5, 0xb8, 0xf6, 0xb8, 0xf6, 0x98, 0xee,
    0xb8, 0xf6, 0x97, 0xee, 0x77, 0xee, 0xb9, 0xf6, 0xd8, 0xf6, 0x98, 0xee,
    0xb8, 0xf6, 0x98, 0xee, 0xd9, 0xf6, 0xd8, 0xf6, 0x78, 0xee, 0x97, 0xee,
    0xb8, 0xee, 0xb8, 0xf6, 0x77, 0xe6, 0xb8, 0xee, 0x97, 0xee, 0x57, 0xe6,
    0x57, 0xe6, 0x36, 0xde, 0x36, 0xe6, 0xd5, 0xdd, 0x36, 0xde, 0x74, 0xcd,
    0x73, 0xcd, 0x32, 0xc5, 0xd0, 0xb4, 0x52, 0xc5, 0x33, 0xbd, 0x6f, 0xac,
    0x0e, 0x9c, 0x0d, 0x9c, 0xed, 0x9b, 0xcd, 0x9b, 0x8c, 0x8b, 0x12, 0xbd,
    0x2a, 0x83, 0x6b, 0x8b, 0xac, 0x93, 0xa9, 0x72, 0x0e, 0xa4, 0x88, 0x6a,
    0xc9, 0x7a, 0xc9, 0x7a, 0xc8, 0x7a, 0x88, 0x72, 0x88, 0x6a, 0xa9, 0x72,
    0xa9, 0x62, 0x8c, 0x93, 0x68, 0x62, 0x2a, 0x7b, 0x90, 0xac, 0xf5, 0xd5,
    0xb4, 0xd5, 0xb4, 0xcd, 0xf6, 0xdd, 0x16, 0xde, 0x16, 0xd6, 0xf6, 0xdd,
    0x36, 0xde, 0x36, 0xde, 0x36, 0xe6, 0x36, 0xe6, 0x56, 0xde, 0x16, 0xde,
    0xf5, 0xdd, 0x36, 0xde, 0x37, 0xe6, 0x76, 0xe6, 0x77, 0xe6, 0x57, 0xe6,
    0xd5, 0xd5, 0xd5, 0xdd, 0x36, 0xe6, 0x77, 0xe6, 0x37, 0xe6, 0x36, 0xe6,
    0x57, 0xe6, 0x36, 0xe6, 0x57, 0xe6, 0x98, 0xee, 0x97, 0xee, 0x97, 0xee,
    0x98, 0xee, 0xb9, 0xee, 0xd9, 0xf6, 0xfa, 0xf6, 0xd9, 0xee, 0x98, 0xee,
    0xb9, 0xf6, 0x1a, 0xf7, 0x3b, 0xff, 0x3b, 0xff, 0x1b, 0xf7, 0x57, 0xe6,
    0xb5, 0xdd, 0x58, 0xee, 0xb8, 0xf6, 0x1a, 0xf7, 0xfa, 0xf6, 0xda, 0xee,
    0xd9, 0xf6, 0x1a, 0xf7, 0x1a, 0xf7, 0x5c, 0xff, 0x9c, 0xff, 0xbd, 0xff,
    0x9e, 0xff, 0xbd, 0xff, 0x9d, 0xff, 0xbe, 0xff, 0xde, 0xff, 0xde, 0xff,
    0xbe, 0xff, 0xbe, 0xff, 0xff, 0xff, 0xbe, 0xff, 0x9d, 0xff, 0x9d, 0xff,
    0xde, 0xff, 0xde, 0xff, 0xbe, 0xff, 0xde, 0xff, 0xdf, 0xff, 0xbe, 0xff,
    0x9e, 0xff, 0x9e, 0xff, 0x3b, 0xf7, 0x7d, 0xf7, 0x5c, 0xf7, 0x7d, 0xf7,
    0xda, 0xe6, 0x78, 0xe6, 0xb9, 0xe6, 0x16, 0xd6, 0xb9, 0xee, 0x57, 0xe6,
    0x78, 0xe6, 0x36, 0xe6, 0x57, 0xe6, 0xd9, 0xee, 0x7c, 0xff, 0xde, 0xff,
    0xf5, 0xdd, 0xd4, 0xd5, 0xb8, 0xf6, 0x5c, 0xf7, 0x1a, 0xf7, 0xfa, 0xf6,
    0x1b, 0xf7, 0x7d, 0xff, 0xff, 0xff, 0x3c, 0xf7, 0x78, 0xe6, 0x57, 0xde,
    0x99, 0xe6, 0x98, 0xe6, 0xd5, 0xdd, 0xf4, 0xdd, 0x77, 0xe6, 0xfa, 0xf6,
    0xb9, 0xee, 0xd8, 0xf6, 0xf9, 0xf6, 0xbe, 0xff, 0xff, 0xff, 0xbe, 0xff,
    0xde, 0xff, 0xbe, 0xff, 0x3b, 0xef, 0x3b, 0xf7, 0x93, 0xcd, 0x15, 0xde,
    0x98, 0xe6, 0xb8, 0xe6, 0x93, 0xcd, 0xf5, 0xdd, 0x77, 0xe6, 0x15, 0xde,
    0x77, 0xe6, 0xb9, 0xee, 0x97, 0xe6, 0x7c, 0xff, 0xff, 0xff, 0x7d, 0xff,
    0xdf, 0xff, 0x1b, 0xef, 0x73, 0xc5, 0x93, 0xcd, 0xd4, 0xd5, 0x36, 0xe6,
    0xd8, 0xee, 0x56, 0xe6, 0xfa, 0xf6, 0xde, 0xff, 0xdf, 0xff, 0xdf, 0xff,
    0x7c, 0xf7, 0x57, 0xe6, 0x12, 0xc5, 0xb0, 0xb4, 0xf5, 0xd5, 0xf5, 0xd5,
    0x73, 0xcd, 0x93, 0xc5, 0xd4, 0xdd, 0x77, 0xe6, 0xf6, 0xd5, 0xd4, 0xd5,
    0x36, 0xe6, 0x78, 0xe6, 0x3a, 0xf7, 0x3b, 0xf7, 0xde, 0xff, 0xdf, 0xff,
    0x98, 0xe6, 0xb9, 0xe6, 0x36, 0xde, 0x1a, 0xf7, 0xfa, 0xee, 0xd5, 0xd5,
    0x77, 0xe6, 0xd9, 0xee, 0xfa, 0xf6, 0xf7, 0xd5, 0xd6, 0xcd, 0xb4, 0xcd,
    0x93, 0xcd, 0x53, 0xcd, 0x32, 0xc5, 0x52, 0xc5, 0x52, 0xc5, 0x32, 0xc5,
    0x32, 0xc5, 0x11, 0xc5, 0x11, 0xc5, 0x11, 0xc5, 0x11, 0xbd, 0x11, 0xbd,
    0x11, 0xbd, 0xd1, 0xbc, 0xd0, 0xbc, 0xd0, 0xb4, 0xb0, 0xbc, 0x90, 0xb4,
    0x8f, 0xb4, 0x8f, 0xac, 0x6f, 0xac, 0x6e, 0xac, 0x4e, 0xac, 0x4e, 0xac,
    0x2e, 0xa4, 0x0d, 0xa4, 0x0d, 0x9c, 0xed, 0x9b, 0xed, 0x9b, 0xac, 0x9b,
    0xac, 0x93, 0xac, 0x93, 0x8b, 0x8b, 0x8c, 0x93, 0xac, 0x93, 0x0e, 0xa4,
    0x90, 0xac, 0xb4, 0xcd, 0xf6, 0xd5, 0x77, 0xe6, 0x98, 0xe6, 0x98, 0xe6,
    0x98, 0xe6, 0x97, 0xee, 0x98, 0xe6, 0x77, 0xe6, 0x57, 0xe6, 0x78, 0xe6,
    0x98, 0xe6, 0x98, 0xee, 0x98, 0xee, 0x77, 0xe6, 0x78, 0xee, 0x78, 0xe6,
    0x98, 0xee, 0x77, 0xe6, 0x77, 0xe6, 0x57, 0xe6, 0x98, 0xee, 0x97, 0xee,
    0x78, 0xe6, 0x78, 0xe6, 0x36, 0xde, 0x37, 0xde, 0x77, 0xe6, 0x57, 0xe6,
    0x97, 0xee, 0xb8, 0xee, 0x77, 0xe6, 0xb9, 0xf6, 0x56, 0xe6, 0x97, 0xee,
    0x97, 0xe6, 0x78, 0xee, 0x97, 0xee, 0xb8, 0xee, 0x98, 0xf6, 0x98, 0xee,
    0xb8, 0xee, 0xd9, 0xf6, 0xd8, 0xee, 0xfa, 0xf6, 0xd9, 0xf6, 0x57, 0xee,
    0xd9, 0xf6, 0x19, 0xf7, 0xf5, 0xdd, 0x56, 0xee, 0xb8, 0xf6, 0xb8, 0xee,
    0xb9, 0xee, 0xd8, 0xf6, 0x98, 0xee, 0x97, 0xee, 0xd8, 0xf6, 0xf9, 0xf6,
    0x98, 0xee, 0x97, 0xee, 0xd8, 0xf6, 0x98, 0xee, 0xd8, 0xee, 0xd9, 0xf6,
    0x98, 0xee, 0x98, 0xee, 0xd8, 0xf6, 0x98, 0xee, 0x77, 0xe6, 0x98, 0xf6,
    0x77, 0xe6, 0x77, 0xee, 0x56, 0xe6, 0x36, 0xe6, 0xf5, 0xdd, 0xd4, 0xd5,
    0xd4, 0xdd, 0x52, 0xcd, 0x52, 0xcd, 0xd1, 0xbc, 0xf6, 0xd5, 0xd1, 0xb4,
    0x4e, 0xa4, 0x4e, 0xac, 0x0e, 0x9c, 0xcd, 0x9b, 0xac, 0x93, 0x90, 0xac,
    0xee, 0x93, 0x4b, 0x8b, 0x0a, 0x7b, 0x6b, 0x8b, 0x88, 0x72, 0x0e, 0x9c,
    0xc8, 0x72, 0xc9, 0x7a, 0x68, 0x6a, 0xc8, 0x7a, 0xe9, 0x7a, 0x88, 0x6a,
    0xea, 0x7a, 0x2a, 0x83, 0xea, 0x6a, 0x4b, 0x7b, 0xd1, 0xb4, 0xd4, 0xd5,
    0x94, 0xd5, 0xb4, 0xcd, 0x15, 0xde, 0x35, 0xde, 0x16, 0xde, 0xf5, 0xdd,
    0x36, 0xde, 0x36, 0xde, 0x36, 0xde, 0x16, 0xe6, 0x15, 0xde, 0x16, 0xde,
    0x15, 0xde, 0x16, 0xde, 0x56, 0xe6, 0x56, 0xe6, 0x57, 0xe6, 0x77, 0xe6,
    0x15, 0xde, 0xb4, 0xd5, 0xd5, 0xdd, 0x57, 0xe6, 0x77, 0xe6, 0x57, 0xe6,
    0x36, 0xe6, 0x36, 0xe6, 0x16, 0xe6, 0x77, 0xe6, 0x77, 0xee, 0x77, 0xee,
    0x57, 0xee, 0x97, 0xee, 0xb8, 0xee, 0xd9, 0xf6, 0xd9, 0xf6, 0xd9, 0xee,
    0x98, 0xee, 0xd9, 0xf6, 0x3a, 0xff, 0x3c, 0xf7, 0x3a, 0xff, 0xd9, 0xee,
    0x16, 0xe6, 0xf5, 0xdd, 0x57, 0xee, 0x98, 0xee, 0xd9, 0xee, 0x3b, 0xf7,
    0x1a, 0xf7, 0x1b, 0xf7, 0xf9, 0xf6, 0xfa, 0xf6, 0x1a, 0xf7, 0x5b, 0xff,
    0x7d, 0xff, 0x9d, 0xff, 0x9d, 0xff, 0xbd, 0xff, 0xbe, 0xff, 0xde, 0xff,
    0xbe, 0xff, 0x9e, 0xff, 0x9e, 0xff, 0xde, 0xff, 0xde, 0xff, 0xdf, 0xff,
    0x5c, 0xf7, 0x9d, 0xff, 0xdf, 0xff, 0xde, 0xff, 0xbe, 0xff, 0xdf, 0xff,
    0xbe, 0xff, 0x9d, 0xff, 0x7d, 0xf7, 0x5c, 0xf7, 0x3c, 0xf7, 0xbe, 0xff,
    0x5c, 0xf7, 0xda, 0xee, 0x78, 0xde, 0xf6, 0xcd, 0x95, 0xcd, 0xf6, 0xdd,
    0xf5, 0xd5, 0x32, 0xcd, 0x16, 0xde, 0xd5, 0xd5, 0xb4, 0xdd, 0x76, 0xe6,
    0xbd, 0xff, 0xfa, 0xee, 0x77, 0xe6, 0xf6, 0xd5, 0x15, 0xe6, 0x11, 0xbd,
    0x52, 0xcd, 0x56, 0xe6, 0xb8, 0xee, 0xd9, 0xee, 0xff, 0xff, 0xbe, 0xff,
    0x77, 0xe6, 0x78, 0xe6, 0x16, 0xde, 0x6f, 0xac, 0x31, 0xcd, 0x56, 0xe6,
    0xd4, 0xdd, 0x93, 0xd5, 0xb4, 0xd5, 0xd4, 0xd5, 0x35, 0xe6, 0x7d, 0xff,
    0xff, 0xff, 0x7d, 0xf7, 0x5c, 0xf7, 0x7d, 0xf7, 0x77, 0xe6, 0x78, 0xe6,
    0x98, 0xe6, 0xb3, 0xd5, 0x73, 0xcd, 0xd4, 0xd5, 0xd4, 0xdd, 0x36, 0xde,
    0xd4, 0xd5, 0x36, 0xde, 0x56, 0xe6, 0x5b, 0xf7, 0x5c, 0xf7, 0xbe, 0xff,
    0xff, 0xff, 0xff, 0xff, 0xdf, 0xff, 0x16, 0xde, 0xb8, 0xee, 0x73, 0xc5,
    0x53, 0xcd, 0xb4, 0xd5, 0x16, 0xe6, 0x35, 0xde, 0x76, 0xe6, 0xf9, 0xf6,
    0xbd, 0xff, 0xff, 0xff, 0xda, 0xe6, 0x32, 0xc5, 0x36, 0xe6, 0x73, 0xc5,
    0xd4, 0xdd, 0x32, 0xc5, 0x73, 0xcd, 0xb5, 0xd5, 0x11, 0xc5, 0x32, 0xc5,
    0x93, 0xcd, 0x32, 0xc5, 0x93, 0xd5, 0xb4, 0xd5, 0x97, 0xee, 0xf9, 0xf6,
    0xde, 0xff, 0xdf, 0xff, 0x98, 0xe6, 0xb8, 0xee, 0x36, 0xde, 0x57, 0xe6,
    0x98, 0xe6, 0x73, 0xc5, 0xf5, 0xdd, 0x16, 0xde, 0x17, 0xd6, 0xd6, 0xd5,
    0xb4, 0xcd, 0x74, 0xcd, 0x53, 0xc5, 0x53, 0xc5, 0x32, 0xc5, 0x32, 0xc5,
    0x32, 0xc5, 0x12, 0xc5, 0x12, 0xbd, 0x32, 0xc5, 0x12, 0xbd, 0xf1, 0xc4,
    0xf2, 0xc4, 0xf1, 0xbc, 0xf1, 0xbc, 0xd1, 0xbc, 0xd0, 0xbc, 0xd0, 0xb4,
    0xb0, 0xb4, 0xb0, 0xb4, 0x8f, 0xb4, 0x8f, 0xac, 0x6f, 0xac, 0x6f, 0xac,
    0x4e, 0xac, 0x4e, 0xa4, 0x2e, 0xa4, 0x0e, 0xac, 0x0e, 0xa4, 0x0d, 0xa4,
    0xed, 0x9b, 0xcd, 0x9b, 0xcc, 0x9b, 0xac, 0x93, 0xcc, 0x93, 0xed, 0x9b,
    0x2e, 0xa4, 0xb1, 0xac, 0x53, 0xbd, 0xd5, 0xcd, 0x78, 0xe6, 0x98, 0xee,
    0x98, 0xe6, 0x78, 0xee, 0x78, 0xe6, 0x78, 0xe6, 0x57, 0xe6, 0x77, 0xe6,
    0x98, 0xe6, 0xb8, 0xee, 0x98, 0xee, 0x78, 0xe6, 0x98, 0xe6, 0x78, 0xe6,
    0x98, 0xe6, 0x97, 0xee, 0x77, 0xe6, 0x57, 0xde, 0x78, 0xee, 0x98, 0xee,
    0x57, 0xe6, 0x77, 0xee, 0x77, 0xe6, 0x36, 0xde, 0x97, 0xee, 0x16, 0xde,
    0x97, 0xee, 0x98, 0xe6, 0x98, 0xee, 0x98, 0xe6, 0x97, 0xee, 0x57, 0xe6,
    0x98, 0xee, 0x97, 0xee, 0xb9, 0xee, 0x98, 0xee, 0x98, 0xee, 0x77, 0xee,
    0xd9, 0xee, 0x98, 0xee, 0xf9, 0xf6, 0xd9, 0xee, 0xd9, 0xee, 0xd9, 0xf6,
    0x97, 0xf6, 0xf9, 0xf6, 0xd8, 0xf6, 0x93, 0xd5, 0x56, 0xee, 0xd9, 0xee,
    0x77, 0xee, 0xd8, 0xf6, 0xb9, 0xee, 0xb8, 0xf6, 0x78, 0xee, 0xb8, 0xf6,
    0xd8, 0xf6, 0xb9, 0xf6, 0xb8, 0xee, 0x98, 0xee, 0xb8, 0xf6, 0x98, 0xee,
    0xd8, 0xf6, 0xd9, 0xf6, 0x77, 0xee, 0xb8, 0xf6, 0x98, 0xee, 0x97, 0xee,
    0x77, 0xee, 0x98, 0xee, 0x56, 0xde, 0x77, 0xee, 0x57, 0xe6, 0x15, 0xde,
    0x94, 0xcd, 0xb4, 0xd5, 0x73, 0xc5, 0x12, 0xbd, 0x11, 0xc5, 0xf6, 0xd5,
    0x4e, 0xa4, 0x2e, 0xac, 0x2e, 0xac, 0x2e, 0xa4, 0xed, 0x9b, 0xcd, 0x93,
    0xb1, 0xac, 0xea, 0x7a, 0x4a, 0x83, 0xea, 0x7a, 0x2b, 0x83, 0x2a, 0x83,
    0x8c, 0x8b, 0x09, 0x83, 0xe9, 0x7a, 0xc9, 0x7a, 0x48, 0x62, 0xa8, 0x72,
    0x48, 0x62, 0x6c, 0x8b, 0x2a, 0x7b, 0xc9, 0x72, 0xd1, 0xb4, 0xb4, 0xd5,
    0x73, 0xc5, 0xb4, 0xcd, 0xf5, 0xdd, 0x15, 0xd6, 0xf5, 0xd5, 0xf5, 0xdd,
    0x15, 0xde, 0x16, 0xde, 0x36, 0xde, 0x36, 0xe6, 0x16, 0xde, 0x16, 0xde,
    0x16, 0xde, 0xf5, 0xdd, 0x16, 0xe6, 0x57, 0xe6, 0x16, 0xde, 0x56, 0xe6,
    0x57, 0xe6, 0xd5, 0xd5, 0xb4, 0xd5, 0x36, 0xde, 0x77, 0xe6, 0x77, 0xe6,
    0x36, 0xe6, 0x15, 0xde, 0x16, 0xe6, 0x57, 0xe6, 0x77, 0xee, 0x77, 0xee,
    0x77, 0xe6, 0x57, 0xe6, 0x78, 0xee, 0xd9, 0xf6, 0xd9, 0xee, 0xd9, 0xee,
    0xd9, 0xee, 0xb8, 0xee, 0xf9, 0xf6, 0x3b, 0xf7, 0x5b, 0xff, 0xda, 0xee,
    0x57, 0xe6, 0xd5, 0xdd, 0x16, 0xe6, 0xb8, 0xee, 0xb9, 0xee, 0x98, 0xee,
    0xf9, 0xf6, 0x3b, 0xf7, 0x3b, 0xff, 0x1a, 0xff, 0xfa, 0xf6, 0x1a, 0xf7,
    0x3c, 0xf7, 0x5c, 0xff, 0x9c, 0xff, 0x9d, 0xff, 0x9d, 0xff, 0xbe, 0xff,
    0xbe, 0xff, 0xde, 0xff, 0xbe, 0xff, 0xde, 0xff, 0xbe, 0xff, 0xbe, 0xff,
    0xde, 0xff, 0xdf, 0xff, 0x9d, 0xff, 0xbe, 0xff, 0xdf, 0xff, 0xbe, 0xff,
    0xde, 0xff, 0xdf, 0xff, 0x9d, 0xff, 0x9e, 0xf7, 0x1b, 0xef, 0x1b, 0xef,
    0x7d, 0xf7, 0xfa, 0xee, 0x1b, 0xf7, 0xda, 0xee, 0xb4, 0xd5, 0x57, 0xde,
    0x12, 0xbd, 0x75, 0xcd, 0xb4, 0xcd, 0x73, 0xd5, 0x72, 0xcd, 0xf5, 0xdd,
    0xf5, 0xdd, 0x98, 0xee, 0xbe, 0xff, 0xd5, 0xd5, 0x12, 0xc5, 0x6f, 0xb4,
    0xb4, 0xd5, 0xb8, 0xee, 0xb8, 0xee, 0xda, 0xee, 0x7c, 0xff, 0x5c, 0xf7,
    0xbe, 0xff, 0xde, 0xff, 0x9d, 0xff, 0x12, 0xc5, 0xab, 0x8b, 0x11, 0xc5,
    0x93, 0xcd, 0x11, 0xbd, 0x31, 0xcd, 0x92, 0xd5, 0xf4, 0xdd, 0x56, 0xe6,
    0x55, 0xe6, 0x7c, 0xff, 0x9e, 0xff, 0xfa, 0xf6, 0xd9, 0xee, 0x7d, 0xff,
    0xf9, 0xee, 0x3b, 0xf7, 0x52, 0xcd, 0xd4, 0xdd, 0xb4, 0xd5, 0xd4, 0xdd,
    0xb3, 0xcd, 0xb4, 0xd5, 0x93, 0xd5, 0xf5, 0xdd, 0x56, 0xe6, 0xb8, 0xee,
    0x1a, 0xf7, 0x9d, 0xff, 0xde, 0xff, 0xff, 0xff, 0xd6, 0xc5, 0xd0, 0xb4,
    0xf1, 0xbc, 0xb0, 0xbc, 0x52, 0xc5, 0xd4, 0xcd, 0xd4, 0xdd, 0xf4, 0xdd,
    0x15, 0xde, 0x97, 0xee, 0x7c, 0xff, 0xff, 0xff, 0x17, 0xd6, 0x52, 0xc5,
    0xd5, 0xd5, 0x93, 0xcd, 0x74, 0xcd, 0x2e, 0xa4, 0x90, 0xac, 0x8f, 0xac,
    0xd0, 0xbc, 0xf1, 0xbc, 0x73, 0xcd, 0xd4, 0xd5, 0xb4, 0xd5, 0xb4, 0xd5,
    0xf9, 0xf6, 0x3b, 0xf7, 0xde, 0xff, 0xbe, 0xff, 0xf6, 0xd5, 0x11, 0xb5,
    0xf1, 0xbc, 0xd5, 0xd5, 0xf5, 0xd5, 0x53, 0xc5, 0x16, 0xd6, 0xf7, 0xd5,
    0xd6, 0xd5, 0xb4, 0xcd, 0x74, 0xcd, 0x73, 0xc5, 0x53, 0xc5, 0x31, 0xc5,
    0x32, 0xc5, 0x32, 0xc5, 0x32, 0xc5, 0x31, 0xc5, 0x12, 0xc5, 0x11, 0xbd,
    0x12, 0xc5, 0xf1, 0xbc, 0x11, 0xbd, 0x11, 0xbd, 0xf1, 0xc4, 0xd1, 0xbc,
    0xd1, 0xbc, 0xd0, 0xbc, 0xd0, 0xb4, 0xb0, 0xb4, 0x8f, 0xb4, 0x8f, 0xb4,
    0x8f, 0xac, 0x6f, 0xac, 0x4f, 0xac, 0x4e, 0xac, 0x4e, 0xac, 0x2e, 0xac,
    0x2e, 0xa4, 0x2e, 0xa4, 0xed, 0xa3, 0x0d, 0x9c, 0xed, 0x9b, 0xcd, 0x9b,
    0xed, 0x9b, 0x4f, 0xa4, 0x32, 0xbd, 0xd1, 0xb4, 0xb5, 0xcd, 0x98, 0xe6,
    0x98, 0xee, 0x98, 0xee, 0x98, 0xe6, 0x77, 0xe6, 0x77, 0xe6, 0x77, 0xe6,
    0x77, 0xe6, 0xb8, 0xee, 0x98, 0xe6, 0x57, 0xe6, 0x98, 0xe6, 0x97, 0xee,
    0x98, 0xe6, 0x97, 0xe6, 0x57, 0xe6, 0x77, 0xe6, 0x78, 0xe6, 0xb8, 0xee,
    0x57, 0xde, 0x78, 0xe6, 0x98, 0xe6, 0x57, 0xde, 0xb8, 0xee, 0x37, 0xe6,
    0x56, 0xe6, 0xb8, 0xee, 0x98, 0xe6, 0x98, 0xe6, 0x98, 0xee, 0x57, 0xe6,
    0xb8, 0xee, 0x78, 0xee, 0x98, 0xee, 0x98, 0xee, 0x98, 0xee, 0xd8, 0xee,
    0x97, 0xe6, 0xb8, 0xee, 0xb8, 0xf6, 0x98, 0xee, 0xf9, 0xf6, 0xd9, 0xf6,
    0xf9, 0xf6, 0x98, 0xee, 0xd9, 0xee, 0xb9, 0xf6, 0x94, 0xd5, 0x98, 0xee,
    0xd9, 0xf6, 0x57, 0xee, 0xd8, 0xee, 0xd8, 0xf6, 0xd9, 0xf6, 0x77, 0xee,
    0xd8, 0xf6, 0xd9, 0xf6, 0xd9, 0xf6, 0xb8, 0xee, 0x98, 0xee, 0xd8, 0xf6,
    0xd8, 0xf6, 0xd9, 0xf6, 0xb8, 0xf6, 0xb8, 0xf6, 0x98, 0xee, 0xb8, 0xee,
    0x98, 0xee, 0x98, 0xee, 0x77, 0xe6, 0x77, 0xee, 0x36, 0xde, 0x36, 0xe6,
    0x36, 0xde, 0x16, 0xde, 0x74, 0xcd, 0x73, 0xcd, 0xf1, 0xc4, 0x94, 0xc5,
    0x53, 0xbd, 0x4e, 0xa4, 0x2e, 0xa4, 0x2e, 0xa4, 0x2e, 0xa4, 0xac, 0x93,
    0xd1, 0xb4, 0x4b, 0x83, 0x0a, 0x7b, 0x09, 0x7b, 0x2b, 0x83, 0x0a, 0x7b,
    0x8c, 0x93, 0x0a, 0x83, 0x09, 0x83, 0xa8, 0x72, 0xa8, 0x72, 0x88, 0x6a,
    0x47, 0x5a, 0xa9, 0x6a, 0x0a, 0x7b, 0xca, 0x72, 0xd0, 0xb4, 0xb4, 0xcd,
    0x74, 0xcd, 0xb4, 0xd5, 0xf5, 0xd5, 0xf5, 0xdd, 0xf5, 0xd5, 0xf6, 0xdd,
    0x15, 0xde, 0x15, 0xde, 0x16, 0xde, 0x36, 0xde, 0x15, 0xde, 0x15, 0xde,
    0x36, 0xde, 0xf5, 0xdd, 0x16, 0xde, 0x56, 0xe6, 0x36, 0xde, 0x36, 0xe6,
    0x56, 0xe6, 0x16, 0xde, 0xb4, 0xd5, 0xf5, 0xdd, 0x57, 0xe6, 0x57, 0xe6,
    0x56, 0xee, 0xf6, 0xdd, 0xf6, 0xdd, 0x36, 0xe6, 0x77, 0xee, 0x77, 0xe6,
    0x77, 0xee, 0x77, 0xe6, 0x57, 0xe6, 0x98, 0xe6, 0xf9, 0xf6, 0xd9, 0xf6,
    0xb9, 0xee, 0xd8, 0xf6, 0xd8, 0xf6, 0xda, 0xf6, 0x3b, 0xff, 0x3b, 0xf7,
    0xb9, 0xee, 0xf5, 0xdd, 0xd5, 0xe5, 0x37, 0xe6, 0xb8, 0xee, 0xb8, 0xf6,
    0x78, 0xee, 0xb9, 0xf6, 0x1a, 0xf7, 0x1b, 0xf7, 0x3b, 0xf7, 0x1a, 0xf7,
    0x1b, 0xf7, 0x3b, 0xff, 0x7c, 0xff, 0x7c, 0xff, 0x9d, 0xff, 0x9d, 0xff,
    0xbe, 0xff, 0xde, 0xff, 0xde, 0xff, 0xbe, 0xff, 0xbe, 0xff, 0xde, 0xff,
    0xbe, 0xff, 0xde, 0xff, 0xbe, 0xff, 0xdf, 0xff, 0x9d, 0xff, 0xbe, 0xff,
    0xbe, 0xff, 0xde, 0xff, 0xdf, 0xff, 0xdf, 0xff, 0x3c, 0xf7, 0x1c, 0xef,
    0xfa, 0xee, 0xf6, 0xd5, 0xbe, 0xff, 0x57, 0xde, 0x99, 0xe6, 0x78, 0xe6,
    0xfb, 0xee, 0xd5, 0xd5, 0xf5, 0xdd, 0x7c, 0xf7, 0x5c, 0xff, 0x1b, 0xf7,
    0x5c, 0xf7, 0x5c, 0xff, 0x7d, 0xff, 0x1a, 0xf7, 0x53, 0xc5, 0xaf, 0xbc,
    0x93, 0xd5, 0x97, 0xe6, 0x3b, 0xf7, 0x94, 0xcd, 0x72, 0xd5, 0x56, 0xe6,
    0x1a, 0xf7, 0xbf, 0xff, 0x1b, 0xf7, 0x7d, 0xff, 0xd5, 0xd5, 0x8e, 0xb4,
    0x72, 0xd5, 0xf0, 0xc4, 0xb3, 0xd5, 0x11, 0xc5, 0xf4, 0xdd, 0x76, 0xee,
    0x3b, 0xf7, 0x5b, 0xff, 0xd9, 0xee, 0xbe, 0xff, 0x9d, 0xf7, 0xb8, 0xee,
    0xb4, 0xd5, 0x77, 0xe6, 0x32, 0xbd, 0x36, 0xde, 0x52, 0xcd, 0x31, 0xcd,
    0x6f, 0xac, 0x2e, 0xa4, 0x4e, 0xac, 0x4e, 0xac, 0x8f, 0xb4, 0xf0, 0xbc,
    0xf4, 0xdd, 0xf5, 0xdd, 0xf5, 0xdd, 0x3a, 0xf7, 0xff, 0xff, 0xff, 0xff,
    0x2f, 0xa4, 0x4e, 0xa4, 0x52, 0xcd, 0x6f, 0xa4, 0x6f, 0xac, 0x6f, 0xb4,
    0x93, 0xcd, 0xf1, 0xc4, 0x93, 0xd5, 0x77, 0xee, 0x3b, 0xf7, 0xba, 0xde,
    0x16, 0xde, 0xd1, 0xb4, 0xf1, 0xbc, 0x93, 0xcd, 0x8f, 0xa4, 0x4f, 0xac,
    0x6f, 0xb4, 0xf1, 0xbc, 0x93, 0xd5, 0x73, 0xcd, 0x36, 0xde, 0xb8, 0xee,
    0xf9, 0xee, 0x98, 0xe6, 0xf9, 0xf6, 0x5b, 0xff, 0x9d, 0xff, 0xb5, 0xcd,
    0x93, 0xd5, 0x93, 0xcd, 0x32, 0xc5, 0x94, 0xcd, 0x94, 0xcd, 0xd5, 0xd5,
    0x17, 0xd6, 0xd6, 0xd5, 0xb4, 0xcd, 0x94, 0xc5, 0x53, 0xc5, 0x32, 0xc5,
    0x52, 0xc5, 0x32, 0xc5, 0x32, 0xc5, 0x32, 0xc5, 0x32, 0xbd, 0x12, 0xc5,
    0x12, 0xbd, 0xf1, 0xc4, 0x11, 0xbd, 0x11, 0xbd, 0xf2, 0xbc, 0xf1, 0xc4,
    0xf0, 0xbc, 0xf1, 0xb4, 0xd1, 0xbc, 0xb0, 0xbc, 0xb0, 0xb4, 0xb0, 0xb4,
    0x90, 0xb4, 0x8f, 0xb4, 0x6f, 0xb4, 0x6f, 0xac, 0x6f, 0xac, 0x4e, 0xac,
    0x4e, 0xa4, 0x2e, 0xa4, 0x2e, 0xa4, 0x0e, 0xa4, 0x2d, 0x9c, 0x0e, 0xa4,
    0xed, 0x9b, 0x4f, 0xa4, 0xf1, 0xb4, 0x6f, 0xac, 0x90, 0xac, 0xd5, 0xcd,
    0x98, 0xe6, 0x98, 0xee, 0x98, 0xe6, 0x78, 0xe6, 0x97, 0xe6, 0x57, 0xe6,
    0x78, 0xe6, 0x98, 0xe6, 0x78, 0xe6, 0x78, 0xe6, 0x98, 0xee, 0x97, 0xee,
    0x78, 0xe6, 0x77, 0xe6, 0x57, 0xe6, 0x78, 0xe6, 0x78, 0xe6, 0x98, 0xe6,
    0x98, 0xe6, 0x77, 0xe6, 0x77, 0xe6, 0x78, 0xe6, 0x98, 0xee, 0x98, 0xe6,
    0x15, 0xde, 0x97, 0xee, 0x98, 0xe6, 0x98, 0xee, 0x77, 0xe6, 0x98, 0xee,
    0x36, 0xe6, 0xd8, 0xee, 0x98, 0xe6, 0x98, 0xee, 0x97, 0xee, 0x98, 0xee,
    0xb8, 0xee, 0xb8, 0xee, 0x98, 0xee, 0xd9, 0xf6, 0xb8, 0xee, 0xf9, 0xf6,
    0xb8, 0xee, 0xf9, 0xf6, 0x97, 0xee, 0xd9, 0xf6, 0x98, 0xee, 0x93, 0xd5,
    0xd9, 0xf6, 0xb8, 0xee, 0x77, 0xee, 0x97, 0xf6, 0xd9, 0xf6, 0xb9, 0xee,
    0x77, 0xee, 0xb9, 0xee, 0xd8, 0xee, 0xd9, 0xf6, 0xb8, 0xee, 0xb8, 0xee,
    0x98, 0xee, 0xd9, 0xf6, 0xd8, 0xf6, 0xb9, 0xf6, 0xd8, 0xee, 0xb8, 0xee,
    0x98, 0xee, 0x98, 0xee, 0xb8, 0xee, 0x77, 0xe6, 0x77, 0xee, 0x37, 0xe6,
    0x56, 0xe6, 0x16, 0xde, 0x36, 0xde, 0xf5, 0xdd, 0x73, 0xc5, 0x31, 0xc5,
    0xf6, 0xd5, 0xb1, 0xb4, 0x8f, 0xb4, 0x4e, 0xa4, 0x0f, 0x9c, 0xed, 0xa3,
    0xed, 0x9b, 0x50, 0xa4, 0x2a, 0x83, 0xc9, 0x72, 0x0a, 0x7b, 0x2b, 0x83,
    0xe9, 0x7a, 0x8b, 0x93, 0x0a, 0x7b, 0x0a, 0x83, 0xc9, 0x7a, 0xa9, 0x72,
    0xc9, 0x72, 0x68, 0x6a, 0x4b, 0x83, 0x8c, 0x83, 0xb0, 0xb4, 0x32, 0xc5,
    0x94, 0xcd, 0xb4, 0xd5, 0xd4, 0xd5, 0xf5, 0xdd, 0xd5, 0xd5, 0xf5, 0xdd,
    0x16, 0xde, 0x16, 0xde, 0x16, 0xde, 0x36, 0xde, 0x15, 0xde, 0xf6, 0xdd,
    0x36, 0xde, 0xf5, 0xdd, 0x16, 0xde, 0x56, 0xe6, 0x16, 0xde, 0x16, 0xde,
    0x56, 0xe6, 0x37, 0xe6, 0xd5, 0xd5, 0xd4, 0xd5, 0x16, 0xe6, 0x36, 0xe6,
    0x57, 0xe6, 0x36, 0xe6, 0xf6, 0xdd, 0x36, 0xe6, 0x57, 0xe6, 0x77, 0xee,
    0x77, 0xe6, 0x77, 0xee, 0x77, 0xee, 0x57, 0xe6, 0x98, 0xee, 0xf9, 0xf6,
    0xd9, 0xf6, 0xb9, 0xee, 0xd9, 0xf6, 0xb8, 0xee, 0xd9, 0xf6, 0x3b, 0xf7,
    0x3a, 0xff, 0x77, 0xe6, 0xf5, 0xe5, 0x16, 0xe6, 0x56, 0xe6, 0x98, 0xee,
    0xb9, 0xee, 0xb8, 0xee, 0x98, 0xee, 0xd9, 0xf6, 0xfa, 0xf6, 0x19, 0xf7,
    0x3a, 0xf7, 0x3b, 0xff, 0x5b, 0xff, 0x7c, 0xff, 0x9d, 0xff, 0x9d, 0xff,
    0x9d, 0xff, 0x9d, 0xff, 0xbe, 0xff, 0xdf, 0xff, 0xde, 0xff, 0xbe, 0xff,
    0xde, 0xff, 0xbe, 0xff, 0xde, 0xff, 0xde, 0xff, 0xbe, 0xff, 0xbe, 0xff,
    0x9d, 0xff, 0xbe, 0xff, 0xbe, 0xff, 0xde, 0xff, 0xdf, 0xff, 0x5d, 0xf7,
    0x3b, 0xf7, 0xda, 0xee, 0xb6, 0xd5, 0x3c, 0xef, 0x3c, 0xef, 0xda, 0xee,
    0xb9, 0xe6, 0xd9, 0xee, 0x1b, 0xf7, 0x5b, 0xf7, 0x36, 0xde, 0x98, 0xee,
    0xd9, 0xf6, 0x1a, 0xf7, 0xfa, 0xee, 0x3b, 0xf7, 0xd0, 0xbc, 0x52, 0xc5,
    0x2d, 0xa4, 0x32, 0xc5, 0xb4, 0xd5, 0xf4, 0xdd, 0xb9, 0xee, 0xd5, 0xcd,
    0xd3, 0xd5, 0x76, 0xee, 0x3b, 0xf7, 0x9d, 0xff, 0xf5, 0xd5, 0x73, 0xcd,
    0xaf, 0xbc, 0xb0, 0xbc, 0x72, 0xd5, 0x51, 0xcd, 0xb4, 0xdd, 0x32, 0xc5,
    0xd4, 0xd5, 0x77, 0xe6, 0x56, 0xe6, 0xb9, 0xee, 0xf9, 0xf6, 0x1a, 0xf7,
    0x73, 0xcd, 0x73, 0xc5, 0xd0, 0xbc, 0x73, 0xcd, 0x0e, 0xa4, 0xf0, 0xbc,
    0xaf, 0xbc, 0x2d, 0xa4, 0xcf, 0xc4, 0x92, 0xd5, 0x90, 0xbc, 0xb4, 0xdd,
    0x32, 0xc5, 0x72, 0xd5, 0xb3, 0xd5, 0x93, 0xd5, 0x15, 0xde, 0x5b, 0xf7,
    0xff, 0xff, 0xfb, 0xee, 0x2e, 0xa4, 0xd0, 0xb4, 0xd0, 0xbc, 0xd0, 0xbc,
    0x11, 0xc5, 0x93, 0xcd, 0x16, 0xde, 0x73, 0xcd, 0x72, 0xcd, 0x35, 0xe6,
    0x9c, 0xff, 0xf8, 0xcd, 0xb1, 0xb4, 0x73, 0xcd, 0x6f, 0xac, 0xcd, 0x93,
    0x0e, 0xa4, 0x10, 0xbd, 0xd0, 0xb4, 0xd0, 0xb4, 0x73, 0xcd, 0xf4, 0xd5,
    0x93, 0xcd, 0x93, 0xcd, 0x78, 0xe6, 0x1b, 0xf7, 0x77, 0xe6, 0x94, 0xcd,
    0xd4, 0xd5, 0xd4, 0xd5, 0xf5, 0xd5, 0x53, 0xc5, 0x52, 0xc5, 0x11, 0xbd,
    0xf5, 0xd5, 0x17, 0xd6, 0xd6, 0xcd, 0xb5, 0xcd, 0x73, 0xcd, 0x53, 0xcd,
    0x53, 0xc5, 0x52, 0xc5, 0x32, 0xc5, 0x32, 0xc5, 0x12, 0xbd, 0x32, 0xc5,
    0x12, 0xbd, 0x11, 0xc5, 0x12, 0xc5, 0x11, 0xc5, 0xf1, 0xc4, 0xf1, 0xbc,
    0xf1, 0xbc, 0xd1, 0xbc, 0xd0, 0xbc, 0xd0, 0xb4, 0xd0, 0xbc, 0xb0, 0xb4,
    0xb0, 0xb4, 0x8f, 0xb4, 0x8f, 0xac, 0x8f, 0xac, 0x6f, 0xb4, 0x6f, 0xac,
    0x4e, 0xac, 0x4e, 0xa4, 0x4e, 0xac, 0x2e, 0xac, 0x2e, 0xa4, 0x0e, 0xa4,
    0x0e, 0x9c, 0x0e, 0xa4, 0x8f, 0xac, 0x2e, 0xa4, 0xee, 0x9b, 0x6f, 0xac,
    0x94, 0xc5, 0x98, 0xe6, 0x98, 0xe6, 0x78, 0xe6, 0x98, 0xe6, 0x78, 0xe6,
    0x78, 0xde, 0x98, 0xe6, 0x78, 0xe6, 0x98, 0xe6, 0x98, 0xee, 0x98, 0xe6,
    0x78, 0xe6, 0x98, 0xe6, 0x77, 0xe6, 0x78, 0xe6, 0x98, 0xee, 0x78, 0xe6,
    0x98, 0xee, 0x77, 0xe6, 0x98, 0xee, 0x98, 0xe6, 0xb8, 0xee, 0x77, 0xe6,
    0x57, 0xe6, 0x37, 0xe6, 0xb8, 0xee, 0x77, 0xe6, 0x77, 0xee, 0x98, 0xee,
    0x77, 0xe6, 0x77, 0xe6, 0x98, 0xee, 0x98, 0xee, 0x78, 0xe6, 0xb8, 0xe6,
    0x97, 0xee, 0x98, 0xee, 0xd9, 0xee, 0x77, 0xe6, 0xf9, 0xf6, 0x98, 0xee,
    0xf9, 0xf6, 0xd9, 0xf6, 0xf9, 0xf6, 0x97, 0xee, 0xf9, 0xf6, 0x57, 0xe6,
    0xb4, 0xdd, 0xb8, 0xf6, 0xd9, 0xee, 0xb8, 0xf6, 0x98, 0xee, 0xd8, 0xf6,
    0xb9, 0xee, 0xb8, 0xee, 0x97, 0xee, 0xb8, 0xf6, 0xd8, 0xf6, 0xb9, 0xf6,
    0xf9, 0xf6, 0x98, 0xee, 0xd8, 0xf6, 0xb9, 0xee, 0xd9, 0xf6, 0xb8, 0xee,
    0xb8, 0xf6, 0x98, 0xee, 0x98, 0xf6, 0x98, 0xee, 0x97, 0xee, 0x57, 0xe6,
    0x77, 0xee, 0x37, 0xde, 0x56, 0xe6, 0xd5, 0xd5, 0xf5, 0xd5, 0x93, 0xd5,
    0xf1, 0xb4, 0x37, 0xde, 0xb0, 0xac, 0x8f, 0xb4, 0x4f, 0xa4, 0x2e, 0xa4,
    0xac, 0x93, 0xf2, 0xb4, 0x6b, 0x83, 0x4b, 0x8b, 0xc9, 0x72, 0x0a, 0x83,
    0x2a, 0x83, 0xe9, 0x7a, 0xac, 0x93, 0x0a, 0x7b, 0xe9, 0x82, 0xa9, 0x72,
    0xa9, 0x72, 0xc9, 0x72, 0x0a, 0x7b, 0x0a, 0x7b, 0x6f, 0xac, 0xb0, 0xb4,
    0x73, 0xcd, 0xb4, 0xd5, 0xb5, 0xd5, 0xf5, 0xd5, 0xf5, 0xdd, 0xf5, 0xd5,
    0x15, 0xd6, 0xf6, 0xdd, 0x36, 0xde, 0x36, 0xde, 0x16, 0xde, 0xf5, 0xd5,
    0x16, 0xde, 0x36, 0xde, 0x16, 0xde, 0x56, 0xe6, 0x37, 0xde, 0x15, 0xde,
    0x36, 0xe6, 0x57, 0xe6, 0x36, 0xde, 0xf4, 0xdd, 0xd5, 0xdd, 0x56, 0xe6,
    0x56, 0xde, 0x77, 0xe6, 0x36, 0xe6, 0x15, 0xe6, 0x36, 0xe6, 0x57, 0xe6,
    0x77, 0xee, 0x36, 0xe6, 0x77, 0xe6, 0x77, 0xee, 0x77, 0xe6, 0x98, 0xee,
    0xd9, 0xee, 0xf9, 0xf6, 0xd9, 0xf6, 0xd9, 0xee, 0xb8, 0xee, 0xd9, 0xf6,
    0x3b, 0xf7, 0xfa, 0xf6, 0xf6, 0xe5, 0x16, 0xe6, 0x56, 0xe6, 0x37, 0xe6,
    0x78, 0xee, 0xb8, 0xee, 0xb9, 0xf6, 0xb8, 0xee, 0xb9, 0xee, 0xf9, 0xf6,
    0xfa, 0xf6, 0xfa, 0xf6, 0x1b, 0xf7, 0x1b, 0xf7, 0x7c, 0xff, 0x9d, 0xff,
    0x9d, 0xff, 0x9d, 0xff, 0xbe, 0xff, 0xbd, 0xff, 0xde, 0xff, 0xdf, 0xff,
    0xde, 0xff, 0xde, 0xff, 0xde, 0xff, 0xbe, 0xff, 0xdf, 0xff, 0xbe, 0xff,
    0xdf, 0xff, 0xbe, 0xff, 0xbe, 0xff, 0xde, 0xff, 0xdf, 0xff, 0xde, 0xff,
    0xde, 0xff, 0xda, 0xe6, 0xba, 0xee, 0x16, 0xce, 0x37, 0xd6, 0x3c, 0xf7,
    0x94, 0xcd, 0x99, 0xe6, 0x1a, 0xf7, 0x53, 0xc5, 0x78, 0xe6, 0x36, 0xde,
    0x16, 0xde, 0x32, 0xc5, 0x76, 0xee, 0x15, 0xde, 0x98, 0xee, 0xb9, 0xee,
    0x4e, 0xa4, 0xf0, 0xbc, 0xf1, 0xbc, 0x52, 0xcd, 0x52, 0xcd, 0xb4, 0xd5,
    0x96, 0xee, 0x36, 0xde, 0x1b, 0xf7, 0x5b, 0xff, 0x36, 0xde, 0x73, 0xcd,
    0xd0, 0xbc, 0xed, 0xa3, 0x2d, 0xa4, 0x72, 0xd5, 0x8f, 0xbc, 0xb3, 0xd5,
    0xb4, 0xd5, 0xb4, 0xdd, 0x52, 0xd5, 0x76, 0xee, 0xd9, 0xee, 0x7c, 0xff,
    0x16, 0xde, 0xb3, 0xd5, 0xd0, 0xbc, 0x31, 0xc5, 0x6f, 0xb4, 0xb0, 0xb4,
    0x4b, 0x8b, 0x6e, 0xb4, 0xd0, 0xbc, 0xf0, 0xc4, 0x6e, 0xac, 0xaf, 0xbc,
    0xb0, 0xbc, 0x30, 0xcd, 0xf0, 0xc4, 0xd3, 0xdd, 0x56, 0xe6, 0xf5, 0xdd,
    0xf4, 0xdd, 0xd8, 0xee, 0xde, 0xff, 0xf1, 0xb4, 0x70, 0xb4, 0xb0, 0xbc,
    0x72, 0xcd, 0x32, 0xc5, 0xf0, 0xbc, 0x72, 0xd5, 0x36, 0xe6, 0x77, 0xe6,
    0x77, 0xe6, 0x35, 0xe6, 0xb9, 0xe6, 0xd1, 0xb4, 0xd0, 0xb4, 0x2e, 0xa4,
    0xac, 0x8b, 0x8b, 0x8b, 0x31, 0xc5, 0x52, 0xcd, 0x32, 0xc5, 0xcf, 0xbc,
    0x12, 0xc5, 0x35, 0xe6, 0x73, 0xcd, 0xd4, 0xd5, 0xd9, 0xee, 0x7d, 0xf7,
    0x15, 0xd6, 0x6f, 0xac, 0x73, 0xcd, 0xd5, 0xd5, 0x53, 0xc5, 0x12, 0xbd,
    0xd1, 0xb4, 0xd1, 0xb4, 0xf7, 0xd5, 0xd5, 0xcd, 0x94, 0xcd, 0x73, 0xcd,
    0x53, 0xc5, 0x53, 0xc5, 0x32, 0xc5, 0x32, 0xc5, 0x32, 0xc5, 0x32, 0xc5,
    0x12, 0xc5, 0x11, 0xbd, 0x12, 0xc5, 0x11, 0xbd, 0xf1, 0xbc, 0xf1, 0xbc,
    0xf1, 0xbc, 0x11, 0xbd, 0xf0, 0xbc, 0xf1, 0xb4, 0xd0, 0xbc, 0xd0, 0xb4,
    0xb0, 0xb4, 0x90, 0xb4, 0x90, 0xb4, 0x8f, 0xb4, 0x8f, 0xac, 0x6f, 0xac,
    0x6f, 0xac, 0x6f, 0xac, 0x4e, 0xac, 0x4f, 0xac, 0x2e, 0xa4, 0x2e, 0xa4,
    0x2e, 0xa4, 0x2e, 0xa4, 0x4f, 0xac, 0x0e, 0xa4, 0x0d, 0x9c, 0x2e, 0x9c,
    0x70, 0xa4, 0x74, 0xcd, 0x98, 0xe6, 0x98, 0xe6, 0x98, 0xe6, 0x77, 0xe6,
    0x78, 0xe6, 0x98, 0xe6, 0x78, 0xe6, 0x78, 0xe6, 0x78, 0xe6, 0x98, 0xe6,
    0x77, 0xe6, 0x78, 0xe6, 0x77, 0xe6, 0x77, 0xe6, 0x98, 0xe6, 0x98, 0xe6,
    0x98, 0xe6, 0x98, 0xe6, 0x98, 0xee, 0x78, 0xe6, 0xb8, 0xee, 0x57, 0xe6,
    0x77, 0xee, 0x36, 0xe6, 0xb8, 0xe6, 0x57, 0xe6, 0x98, 0xe6, 0x57, 0xe6,
    0x98, 0xe6, 0x15, 0xde, 0x98, 0xee, 0x98, 0xee, 0x77, 0xe6, 0x77, 0xee,
    0x98, 0xe6, 0x98, 0xee, 0xb8, 0xee, 0xb8, 0xf6, 0xb8, 0xee, 0xfa, 0xf6,
    0x98, 0xee, 0xd8, 0xf6, 0xfa, 0xf6, 0xfa, 0xf6, 0xb8, 0xee, 0xd9, 0xf6,
    0x16, 0xde, 0xf5, 0xdd, 0xb8, 0xee, 0xd9, 0xf6, 0xb9, 0xee, 0x97, 0xee,
    0xb9, 0xf6, 0xb8, 0xf6, 0x98, 0xf6, 0x98, 0xee, 0xb8, 0xf6, 0xd8, 0xf6,
    0xb8, 0xf6, 0xd9, 0xf6, 0x98, 0xee, 0xb8, 0xf6, 0x99, 0xf6, 0xd9, 0xee,
    0xb8, 0xee, 0xd8, 0xee, 0xd8, 0xf6, 0x98, 0xee, 0x78, 0xe6, 0x98, 0xee,
    0x57, 0xe6, 0x77, 0xe6, 0x57, 0xe6, 0x36, 0xe6, 0x16, 0xde, 0xf5, 0xd5,
    0xb4, 0xd5, 0x33, 0xbd, 0xd5, 0xd5, 0xf1, 0xb4, 0x90, 0xb4, 0x4f, 0xa4,
    0x0d, 0xa4, 0xcd, 0x9b, 0xf2, 0xb4, 0x0a, 0x7b, 0x6b, 0x8b, 0xe9, 0x7a,
    0x0a, 0x7b, 0x2a, 0x83, 0x0a, 0x83, 0x6b, 0x83, 0x4b, 0x8b, 0x09, 0x83,
    0x2a, 0x7b, 0x0a, 0x7b, 0xe9, 0x7a, 0x89, 0x6a, 0x2e, 0xa4, 0x2e, 0xa4,
    0xd1, 0xb4, 0xd5, 0xd5, 0xd4, 0xd5, 0xf5, 0xd5, 0xd4, 0xd5, 0xf5, 0xd5,
    0xf5, 0xd5, 0xf6, 0xdd, 0x16, 0xde, 0x36, 0xde, 0x15, 0xde, 0xf5, 0xdd,
    0x16, 0xde, 0x15, 0xde, 0x15, 0xde, 0x36, 0xde, 0x36, 0xe6, 0x16, 0xde,
    0x16, 0xde, 0x57, 0xe6, 0x57, 0xe6, 0xf5, 0xdd, 0xd4, 0xd5, 0xf6, 0xdd,
    0x36, 0xe6, 0x36, 0xe6, 0x56, 0xe6, 0x16, 0xde, 0xd5, 0xdd, 0x36, 0xe6,
    0x36, 0xe6, 0x57, 0xe6, 0x37, 0xe6, 0x57, 0xe6, 0x77, 0xee, 0x77, 0xe6,
    0x77, 0xe6, 0xb8, 0xee, 0xf9, 0xf6, 0xd9, 0xf6, 0xd9, 0xf6, 0xb8, 0xee,
    0xd9, 0xf6, 0x1a, 0xf7, 0x98, 0xee, 0xd5, 0xdd, 0x36, 0xe6, 0x57, 0xe6,
    0x36, 0xe6, 0x37, 0xe6, 0x77, 0xee, 0xb9, 0xf6, 0xd9, 0xf6, 0xb9, 0xee,
    0xd9, 0xf6, 0x1a, 0xf7, 0x3a, 0xf7, 0xfa, 0xf6, 0x1a, 0xf7, 0x3b, 0xf7,
    0x7c, 0xff, 0x9d, 0xff, 0x9d, 0xff, 0xbd, 0xff, 0x9e, 0xff, 0xbd, 0xff,
    0xdf, 0xff, 0xde, 0xff, 0xde, 0xff, 0xdf, 0xff, 0x9d, 0xff, 0xdf, 0xff,
    0xbe, 0xff, 0xde, 0xff, 0xdf, 0xff, 0xde, 0xff, 0xbe, 0xff, 0x9d, 0xff,
    0xde, 0xff, 0xdf, 0xff, 0x5d, 0xf7, 0xd6, 0xcd, 0x99, 0xe6, 0x94, 0xc5,
    0xda, 0xee, 0xb4, 0xd5, 0x73, 0xcd, 0x77, 0xe6, 0xd9, 0xee, 0x5b, 0xf7,
    0x52, 0xc5, 0xd4, 0xd5, 0x37, 0xde, 0x53, 0xc5, 0x16, 0xde, 0x16, 0xde,
    0x56, 0xe6, 0xcd, 0x9b, 0xb0, 0xbc, 0xf1, 0xc4, 0xf0, 0xc4, 0x52, 0xc5,
    0x73, 0xcd, 0xb4, 0xdd, 0xb4, 0xd5, 0x16, 0xde, 0x1a, 0xf7, 0x36, 0xde,
    0x6e, 0xb4, 0xec, 0xa3, 0x2e, 0xa4, 0xed, 0x9b, 0xf0, 0xc4, 0xcf, 0xbc,
    0xaf, 0xbc, 0x11, 0xc5, 0x76, 0xe6, 0x3a, 0xf7, 0xf5, 0xd5, 0x5b, 0xf7,
    0x3b, 0xf7, 0xbd, 0xff, 0x57, 0xde, 0xf1, 0xb4, 0x31, 0xc5, 0x0d, 0xa4,
    0x4e, 0xac, 0xab, 0x93, 0xf0, 0xbc, 0x6e, 0xb4, 0xf0, 0xbc, 0x72, 0xcd,
    0xf0, 0xc4, 0x92, 0xcd, 0xd0, 0xbc, 0xd0, 0xbc, 0x31, 0xcd, 0x14, 0xde,
    0x36, 0xe6, 0xd9, 0xf6, 0xd9, 0xee, 0x35, 0xe6, 0xb4, 0xcd, 0x72, 0xcd,
    0x32, 0xc5, 0xd0, 0xbc, 0x32, 0xcd, 0x32, 0xc5, 0x73, 0xcd, 0xb3, 0xd5,
    0xd4, 0xdd, 0x77, 0xe6, 0xd8, 0xee, 0x16, 0xde, 0x53, 0xcd, 0xee, 0x9b,
    0xb0, 0xb4, 0x11, 0xbd, 0x8c, 0x8b, 0xb0, 0xb4, 0x72, 0xcd, 0xd4, 0xdd,
    0x94, 0xd5, 0x93, 0xd5, 0xd4, 0xd5, 0x58, 0xe6, 0xf4, 0xdd, 0x77, 0xe6,
    0x5b, 0xff, 0xbe, 0xff, 0x53, 0xbd, 0x6f, 0xac, 0x32, 0xc5, 0x53, 0xcd,
    0x32, 0xbd, 0x32, 0xc5, 0x6f, 0xb4, 0xf7, 0xd5, 0xb5, 0xcd, 0x94, 0xcd,
    0x73, 0xc5, 0x53, 0xc5, 0x52, 0xc5, 0x52, 0xc5, 0x32, 0xc5, 0x32, 0xc5,
    0x32, 0xc5, 0x11, 0xc5, 0x32, 0xc5, 0x11, 0xc5, 0x12, 0xbd, 0x12, 0xbd,
    0xf1, 0xbc, 0xf1, 0xbc, 0xf1, 0xbc, 0xd1, 0xbc, 0xf1, 0xbc, 0xb0, 0xbc,
    0xd0, 0xbc, 0xb0, 0xb4, 0xd0, 0xb4, 0x90, 0xb4, 0x90, 0xb4, 0x8f, 0xb4,
    0x6f, 0xb4, 0x6f, 0xac, 0x6f, 0xac, 0x6f, 0xa4, 0x4e, 0xac, 0x4e, 0xa4,
    0x2e, 0xa4, 0x4e, 0xac, 0x4e, 0xac, 0x2e, 0xa4, 0x2e, 0xa4, 0x0d, 0xa4,
    0x2e, 0xa4, 0xb0, 0xb4, 0xd5, 0xd5, 0x78, 0xe6, 0xb8, 0xee, 0x78, 0xe6,
    0x98, 0xe6, 0x97, 0xe6, 0x78, 0xe6, 0x77, 0xe6, 0x98, 0xe6, 0x97, 0xe6,
    0x77, 0xe6, 0x78, 0xe6, 0x78, 0xe6, 0x57, 0xe6, 0x77, 0xe6, 0x98, 0xe6,
    0x98, 0xee, 0x77, 0xee, 0x98, 0xe6, 0x77, 0xde, 0x98, 0xee, 0x77, 0xe6,
    0x98, 0xe6, 0x77, 0xe6, 0x98, 0xe6, 0x77, 0xe6, 0x57, 0xe6, 0x78, 0xe6,
    0x98, 0xe6, 0x57, 0xe6, 0x57, 0xe6, 0xd8, 0xee, 0x98, 0xee, 0x77, 0xe6,
    0x98, 0xee, 0x78, 0xee, 0x98, 0xee, 0xb9, 0xee, 0xd9, 0xee, 0x77, 0xe6,
    0xfa, 0xf6, 0xd9, 0xee, 0xb8, 0xee, 0xfa, 0xf6, 0xf9, 0xf6, 0xb9, 0xf6,
    0xf9, 0xf6, 0xb4, 0xd5, 0xf5, 0xe5, 0x77, 0xee, 0xd8, 0xf6, 0xd8, 0xee,
    0xb8, 0xf6, 0x78, 0xee, 0xb8, 0xee, 0x98, 0xf6, 0x77, 0xe6, 0xb8, 0xee,
    0xb9, 0xee, 0x98, 0xee, 0xd9, 0xf6, 0xd9, 0xf6, 0xb8, 0xee, 0x97, 0xee,
    0xb8, 0xf6, 0xd9, 0xf6, 0xb8, 0xee, 0xb8, 0xf6, 0x98, 0xee, 0xb8, 0xee,
    0x97, 0xe6, 0x98, 0xee, 0x36, 0xde, 0x57, 0xe6, 0x16, 0xde, 0x35, 0xde,
    0xd5, 0xdd, 0xb4, 0xd5, 0x93, 0xcd, 0x33, 0xc5, 0x12, 0xbd, 0x6e, 0xac,
    0x4e, 0xac, 0xed, 0x9b, 0xd2, 0xac, 0xac, 0x93, 0x6b, 0x83, 0x2a, 0x7b,
    0x2a, 0x83, 0xea, 0x7a, 0x2a, 0x83, 0x4b, 0x8b, 0x8c, 0x93, 0x2b, 0x8b,
    0x4a, 0x83, 0xc9, 0x72, 0xea, 0x7a, 0xa9, 0x6a, 0x4b, 0x83, 0xcd, 0x93,
    0xed, 0x9b, 0xd5, 0xd5, 0xf5, 0xd5, 0xd5, 0xd5, 0xf5, 0xd5, 0xd5, 0xd5,
    0xd5, 0xd5, 0x16, 0xde, 0x15, 0xde, 0x15, 0xde, 0x15, 0xde, 0x16, 0xde,
    0xf5, 0xdd, 0x15, 0xde, 0x16, 0xde, 0x16, 0xde, 0x36, 0xe6, 0x36, 0xe6,
    0x36, 0xde, 0x77, 0xe6, 0x56, 0xe6, 0x16, 0xde, 0xd5, 0xd5, 0xd4, 0xdd,
    0x36, 0xde, 0x56, 0xe6, 0xf6, 0xdd, 0x16, 0xde, 0x15, 0xde, 0xf5, 0xdd,
    0x36, 0xe6, 0x36, 0xe6, 0x57, 0xe6, 0x56, 0xe6, 0x56, 0xe6, 0x78, 0xe6,
    0x97, 0xee, 0x77, 0xee, 0x98, 0xee, 0xf9, 0xee, 0xd9, 0xf6, 0xd9, 0xf6,
    0xb8, 0xee, 0xd9, 0xf6, 0xfa, 0xf6, 0x36, 0xe6, 0xd5, 0xdd, 0x57, 0xe6,
    0x57, 0xee, 0x57, 0xee, 0x36, 0xe6, 0x77, 0xe6, 0xb8, 0xee, 0xd9, 0xf6,
    0xd9, 0xf6, 0xb9, 0xee, 0x1a, 0xf7, 0x3b, 0xf7, 0x3a, 0xf7, 0xfa, 0xf6,
    0x3b, 0xf7, 0x7c, 0xff, 0x5c, 0xff, 0xbd, 0xff, 0xbe, 0xff, 0xbd, 0xff,
    0xbe, 0xff, 0xde, 0xff, 0xde, 0xff, 0xde, 0xff, 0xdf, 0xff, 0x9d, 0xff,
    0x9e, 0xff, 0xde, 0xff, 0xbe, 0xff, 0xde, 0xff, 0xdf, 0xff, 0xde, 0xff,
    0x7d, 0xff, 0x7d, 0xf7, 0xbe, 0xff, 0xfb, 0xee, 0x17, 0xd6, 0x9a, 0xe6,
    0x33, 0xbd, 0xf2, 0xbc, 0xb5, 0xd5, 0x12, 0xc5, 0x53, 0xc5, 0x53, 0xc5,
    0x16, 0xd6, 0xd9, 0xee, 0xf1, 0xbc, 0x11, 0xc5, 0x97, 0xee, 0x11, 0xc5,
    0x16, 0xe6, 0x32, 0xcd, 0x0e, 0x9c, 0xcd, 0x9b, 0xf0, 0xc4, 0x52, 0xcd,
    0xb0, 0xbc, 0xb3, 0xdd, 0xb4, 0xdd, 0x92, 0xd5, 0xf4, 0xdd, 0xf5, 0xe5,
    0x56, 0xe6, 0x11, 0xc5, 0x6b, 0x8b, 0x8f, 0xb4, 0xaf, 0xbc, 0x0a, 0x7b,
    0xcc, 0x9b, 0xcf, 0xbc, 0xcc, 0x9b, 0x6e, 0xb4, 0x31, 0xcd, 0x77, 0xe6,
    0x52, 0xd5, 0xb8, 0xee, 0xd9, 0xee, 0x36, 0xe6, 0x32, 0xcd, 0xf0, 0xc4,
    0x72, 0xcd, 0x71, 0xcd, 0x2e, 0xa4, 0x8f, 0xbc, 0xb0, 0xbc, 0x4e, 0xac,
    0x32, 0xcd, 0x93, 0xd5, 0x31, 0xcd, 0xf3, 0xdd, 0xd0, 0xbc, 0xd0, 0xc4,
    0x52, 0xcd, 0x55, 0xee, 0xd4, 0xdd, 0x5b, 0xf7, 0x3a, 0xf7, 0x52, 0xc5,
    0x4f, 0xa4, 0x6f, 0xac, 0xed, 0x9b, 0x4e, 0xb4, 0x4e, 0xa4, 0x6e, 0xac,
    0xb0, 0xb4, 0x32, 0xc5, 0xd4, 0xdd, 0x15, 0xe6, 0x56, 0xe6, 0xf4, 0xdd,
    0x11, 0xc5, 0xf1, 0xc4, 0x51, 0xcd, 0x8f, 0xac, 0xee, 0xa3, 0xf0, 0xbc,
    0xf1, 0xbc, 0x94, 0xd5, 0xb3, 0xd5, 0xd3, 0xd5, 0x16, 0xde, 0x97, 0xee,
    0x16, 0xde, 0x15, 0xde, 0xd9, 0xee, 0xbd, 0xff, 0x36, 0xd6, 0xf1, 0xb4,
    0xf1, 0xbc, 0x52, 0xcd, 0x4e, 0xac, 0xd1, 0xb4, 0xf6, 0xcd, 0xb5, 0xcd,
    0x74, 0xcd, 0x73, 0xc5, 0x53, 0xc5, 0x32, 0xc5, 0x32, 0xc5, 0x32, 0xc5,
    0x32, 0xbd, 0x12, 0xbd, 0x32, 0xc5, 0x12, 0xbd, 0x11, 0xc5, 0x11, 0xc5,
    0x11, 0xc5, 0x11, 0xbd, 0xf1, 0xbc, 0xf1, 0xbc, 0xf1, 0xbc, 0xd1, 0xb4,
    0xd0, 0xb4, 0xb0, 0xb4, 0xb0, 0xbc, 0xb0, 0xb4, 0xaf, 0xb4, 0x8f, 0xac,
    0x90, 0xac, 0x6f, 0xac, 0x8f, 0xac, 0x6f, 0xac, 0x6e, 0xac, 0x4f, 0xac,
    0x4e, 0xac, 0x4e, 0xa4, 0x2f, 0xa4, 0x2e, 0xa4, 0x2e, 0xa4, 0x2e, 0xa4,
    0x2e, 0xa4, 0x4e, 0xa4, 0xf1, 0xbc, 0x53, 0xc5, 0x58, 0xde, 0x98, 0xe6,
    0x78, 0xe6, 0x78, 0xe6, 0x78, 0xe6, 0x77, 0xe6, 0x77, 0xe6, 0x78, 0xe6,
    0x98, 0xe6, 0x78, 0xe6, 0x77, 0xe6, 0x78, 0xe6, 0x77, 0xe6, 0x78, 0xe6,
    0xb8, 0xee, 0x57, 0xe6, 0x98, 0xee, 0x77, 0xe6, 0x77, 0xee, 0x78, 0xe6,
    0x78, 0xe6, 0x97, 0xee, 0x78, 0xe6, 0xb8, 0xe6, 0x57, 0xe6, 0x98, 0xe6,
    0x57, 0xe6, 0x98, 0xe6, 0x98, 0xee, 0x78, 0xee, 0xb8, 0xee, 0x98, 0xee,
    0x57, 0xe6, 0x98, 0xee, 0x97, 0xee, 0x77, 0xe6, 0xd9, 0xf6, 0xb8, 0xee,
    0x78, 0xee, 0xf9, 0xf6, 0xd9, 0xf6, 0xb8, 0xee, 0xf9, 0xf6, 0xd8, 0xee,
    0xda, 0xf6, 0xd8, 0xee, 0xb3, 0xd5, 0xf5, 0xe5, 0x57, 0xe6, 0xb8, 0xf6,
    0xd9, 0xf6, 0xb9, 0xee, 0x97, 0xee, 0xb8, 0xee, 0x77, 0xee, 0x98, 0xee,
    0xb8, 0xee, 0x98, 0xee, 0x98, 0xee, 0xd8, 0xf6, 0xd9, 0xf6, 0xb9, 0xee,
    0x97, 0xee, 0xb8, 0xee, 0xb8, 0xf6, 0xd9, 0xee, 0x98, 0xee, 0xb8, 0xf6,
    0x98, 0xee, 0x97, 0xe6, 0x77, 0xee, 0x77, 0xee, 0x57, 0xe6, 0x57, 0xe6,
    0x16, 0xde, 0xf5, 0xdd, 0xb4, 0xd5, 0xb4, 0xcd, 0xb0, 0xb4, 0x32, 0xc5,
    0x2e, 0x9c, 0x2e, 0xa4, 0xcd, 0x93, 0xf2, 0xb4, 0x2a, 0x83, 0x6b, 0x8b,
    0xea, 0x72, 0x2b, 0x8b, 0xe9, 0x7a, 0x0a, 0x83, 0x4b, 0x8b, 0xed, 0x9b,
    0xe9, 0x7a, 0xea, 0x72, 0xe9, 0x7a, 0xe9, 0x7a, 0x27, 0x52, 0x4a, 0x7b,
    0x90, 0xac, 0xd4, 0xd5, 0x15, 0xd6, 0xb4, 0xd5, 0xf5, 0xd5, 0xd5, 0xd5,
    0xf5, 0xd5, 0xf5, 0xd5, 0x16, 0xde, 0x15, 0xde, 0x16, 0xd6, 0x16, 0xde,
    0x15, 0xde, 0x15, 0xde, 0x16, 0xd6, 0x17, 0xe6, 0x56, 0xe6, 0x36, 0xde,
    0x57, 0xe6, 0x77, 0xe6, 0x77, 0xe6, 0x36, 0xe6, 0xf5, 0xd5, 0xb4, 0xdd,
    0xf6, 0xdd, 0x36, 0xe6, 0x16, 0xe6, 0xf5, 0xdd, 0x16, 0xe6, 0x16, 0xe6,
    0x16, 0xde, 0x56, 0xe6, 0x36, 0xe6, 0x37, 0xe6, 0x56, 0xee, 0x57, 0xe6,
    0x77, 0xee, 0x98, 0xee, 0x78, 0xee, 0x98, 0xee, 0xd8, 0xf6, 0xd9, 0xf6,
    0xd9, 0xf6, 0xb9, 0xee, 0xf9, 0xf6, 0x98, 0xee, 0xd5, 0xdd, 0xd5, 0xdd,
    0x77, 0xee, 0x77, 0xe6, 0x36, 0xe6, 0x37, 0xee, 0x37, 0xe6, 0xb8, 0xee,
    0xd9, 0xf6, 0xfa, 0xf6, 0xd9, 0xee, 0xd9, 0xf6, 0x1a, 0xf7, 0x3b, 0xff,
    0x1a, 0xf7, 0x1a, 0xf7, 0x3c, 0xff, 0x5c, 0xf7, 0x7c, 0xff, 0x9d, 0xff,
    0x9d, 0xff, 0xde, 0xff, 0xde, 0xff, 0xdf, 0xff, 0xdf, 0xff, 0xdf, 0xff,
    0xbd, 0xff, 0xde, 0xff, 0xbe, 0xff, 0xbe, 0xff, 0xbe, 0xff, 0xde, 0xff,
    0xdf, 0xff, 0xdf, 0xff, 0x5d, 0xf7, 0xde, 0xff, 0x57, 0xde, 0x57, 0xde,
    0xd5, 0xcd, 0x4f, 0xac, 0xb4, 0xcd, 0x32, 0xc5, 0x93, 0xcd, 0xaf, 0xb4,
    0x53, 0xcd, 0xb3, 0xdd, 0x17, 0xde, 0xd9, 0xee, 0xf1, 0xbc, 0x31, 0xc5,
    0xb0, 0xbc, 0x32, 0xc5, 0xf1, 0xbc, 0x0d, 0x9c, 0xb0, 0xbc, 0x4e, 0xac,
    0xaf, 0xb4, 0xf1, 0xc4, 0xf1, 0xc4, 0xaf, 0xb4, 0xd0, 0xb4, 0xd4, 0xdd,
    0x93, 0xd5, 0x32, 0xcd, 0xd0, 0xbc, 0x2e, 0xa4, 0x2a, 0x83, 0xac, 0x93,
    0x6e, 0xb4, 0x2e, 0xac, 0xf0, 0xc4, 0x8f, 0xb4, 0x6f, 0xb4, 0xcc, 0x9b,
    0x31, 0xcd, 0x72, 0xd5, 0xf0, 0xc4, 0x77, 0xe6, 0x36, 0xde, 0x8f, 0xbc,
    0x52, 0xcd, 0xb4, 0xd5, 0x6e, 0xac, 0x73, 0xd5, 0xf0, 0xc4, 0xf0, 0xbc,
    0x4b, 0x83, 0x0d, 0xa4, 0xaf, 0xb4, 0xf1, 0xc4, 0x31, 0xc5, 0xb3, 0xe5,
    0x31, 0xc5, 0x31, 0xcd, 0x72, 0xcd, 0x52, 0xcd, 0x31, 0xcd, 0x1a, 0xf7,
    0xbe, 0xff, 0xd0, 0xbc, 0x6b, 0x8b, 0x0d, 0x9c, 0x6e, 0xac, 0x12, 0xc5,
    0xf0, 0xbc, 0xd0, 0xbc, 0xed, 0xa3, 0xf0, 0xb4, 0xb4, 0xd5, 0x72, 0xcd,
    0x52, 0xcd, 0xb0, 0xb4, 0x11, 0xbd, 0xd0, 0xbc, 0x32, 0xc5, 0x0e, 0xa4,
    0xd0, 0xb4, 0x4e, 0xa4, 0x8f, 0xac, 0xb0, 0xb4, 0xb3, 0xd5, 0xb3, 0xd5,
    0xf5, 0xdd, 0x97, 0xee, 0x56, 0xe6, 0xf5, 0xdd, 0x56, 0xe6, 0x77, 0xe6,
    0x12, 0xbd, 0xb0, 0xb4, 0x11, 0xbd, 0x6f, 0xa4, 0x4f, 0xac, 0xd6, 0xcd,
    0xb5, 0xcd, 0x94, 0xc5, 0x73, 0xcd, 0x33, 0xc5, 0x32, 0xc5, 0x32, 0xc5,
    0x32, 0xc5, 0x12, 0xc5, 0x31, 0xbd, 0x32, 0xbd, 0x12, 0xc5, 0x11, 0xbd,
    0xf2, 0xbc, 0xf1, 0xbc, 0xf1, 0xbc, 0xf1, 0xbc, 0xf1, 0xbc, 0xd0, 0xbc,
    0xd0, 0xbc, 0xd0, 0xb4, 0xd0, 0xbc, 0xb0, 0xbc, 0xb0, 0xb4, 0xaf, 0xb4,
    0x8f, 0xb4, 0x8f, 0xb4, 0x8f, 0xb4, 0x6f, 0xac, 0x6f, 0xac, 0x4e, 0xac,
    0x6f, 0xac, 0x4f, 0xac, 0x4e, 0xac, 0x4e, 0xa4, 0x2e, 0xa4, 0x4e, 0xa4,
    0x2e, 0xa4, 0x2e, 0xa4, 0x2e, 0x9c, 0xb1, 0xb4, 0x95, 0xc5, 0x77, 0xe6,
    0x97, 0xe6, 0x78, 0xe6, 0x98, 0xe6, 0x77, 0xe6, 0x78, 0xe6, 0x98, 0xe6,
    0x77, 0xe6, 0x78, 0xe6, 0x98, 0xee, 0x77, 0xe6, 0x77, 0xe6, 0x78, 0xe6,
    0x98, 0xee, 0x78, 0xe6, 0x57, 0xde, 0x98, 0xe6, 0x98, 0xe6, 0x77, 0xe6,
    0x78, 0xe6, 0xb8, 0xee, 0x77, 0xe6, 0x98, 0xee, 0x57, 0xe6, 0x57, 0xe6,
    0x57, 0xe6, 0x77, 0xe6, 0x78, 0xe6, 0x77, 0xe6, 0x57, 0xe6, 0x98, 0xee,
    0x57, 0xe6, 0x77, 0xe6, 0x98, 0xee, 0x77, 0xe6, 0x98, 0xee, 0xb9, 0xee,
    0xb8, 0xf6, 0x97, 0xee, 0xb8, 0xee, 0xb8, 0xee, 0xd9, 0xee, 0xd9, 0xf6,
    0xd8, 0xf6, 0xd9, 0xf6, 0xfa, 0xf6, 0x53, 0xcd, 0x93, 0xd5, 0x37, 0xe6,
    0xb8, 0xee, 0xd8, 0xf6, 0xb8, 0xf6, 0x98, 0xf6, 0x97, 0xee, 0x94, 0xd5,
    0xf5, 0xe5, 0x77, 0xee, 0x77, 0xee, 0x77, 0xee, 0x98, 0xee, 0xb8, 0xee,
    0xd8, 0xf6, 0xb9, 0xee, 0xb8, 0xee, 0xb8, 0xee, 0xd8, 0xf6, 0xb9, 0xee,
    0xb8, 0xee, 0x78, 0xee, 0x98, 0xee, 0x78, 0xe6, 0x98, 0xee, 0x57, 0xe6,
    0x56, 0xe6, 0x17, 0xde, 0x15, 0xde, 0x94, 0xcd, 0xd5, 0xcd, 0x90, 0xac,
    0x11, 0xbd, 0x0e, 0x9c, 0xcd, 0x9b, 0xb1, 0xac, 0xad, 0x93, 0x8c, 0x93,
    0x2a, 0x83, 0x2a, 0x83, 0x6b, 0x8b, 0x2a, 0x83, 0x2a, 0x83, 0x6b, 0x8b,
    0x2b, 0x8b, 0x8b, 0x8b, 0xc9, 0x72, 0x6b, 0x8b, 0x6c, 0x8b, 0x4b, 0x8b,
    0x0d, 0xa4, 0xb1, 0xb4, 0xf5, 0xd5, 0xd5, 0xd5, 0xf5, 0xd5, 0xf5, 0xd5,
    0xd5, 0xd5, 0xf4, 0xdd, 0xf5, 0xd5, 0x15, 0xde, 0xf5, 0xd5, 0x15, 0xde,
    0x16, 0xde, 0x15, 0xde, 0x16, 0xde, 0x56, 0xe6, 0x56, 0xe6, 0x36, 0xe6,
    0x57, 0xde, 0x77, 0xe6, 0x77, 0xe6, 0x57, 0xe6, 0xf5, 0xd5, 0x94, 0xd5,
    0xf5, 0xdd, 0x36, 0xe6, 0x56, 0xde, 0x15, 0xde, 0x15, 0xde, 0x56, 0xe6,
    0x16, 0xde, 0x16, 0xe6, 0x77, 0xe6, 0x56, 0xe6, 0x36, 0xe6, 0x77, 0xe6,
    0x77, 0xe6, 0x57, 0xee, 0x77, 0xee, 0x98, 0xee, 0x97, 0xee, 0xd9, 0xee,
    0xd8, 0xf6, 0xd9, 0xee, 0xd9, 0xf6, 0xd9, 0xee, 0x37, 0xde, 0xb4, 0xdd,
    0x15, 0xe6, 0x78, 0xe6, 0x56, 0xee, 0x17, 0xe6, 0x77, 0xee, 0x57, 0xee,
    0x98, 0xee, 0xd9, 0xf6, 0x1a, 0xf7, 0x19, 0xf7, 0xda, 0xf6, 0xf9, 0xf6,
    0x1a, 0xf7, 0x1b, 0xf7, 0x1b, 0xf7, 0x5b, 0xff, 0x5b, 0xff, 0x5c, 0xff,
    0x7c, 0xff, 0x9d, 0xff, 0xbe, 0xff, 0xde, 0xff, 0xdf, 0xff, 0xdf, 0xff,
    0xff, 0xff, 0xbe, 0xff, 0x9d, 0xff, 0xde, 0xff, 0x9e, 0xff, 0xbe, 0xff,
    0xbe, 0xff, 0xde, 0xff, 0xdf, 0xff, 0xde, 0xff, 0x9d, 0xf7, 0xfb, 0xee,
    0x53, 0xc5, 0x33, 0xb5, 0xf1, 0xc4, 0x32, 0xbd, 0xb5, 0xd5, 0xb0, 0xb4,
    0x93, 0xd5, 0xb0, 0xb4, 0x12, 0xc5, 0xb4, 0xd5, 0xd4, 0xd5, 0xf5, 0xd5,
    0xd0, 0xbc, 0x32, 0xc5, 0x53, 0xcd, 0x2e, 0xa4, 0x4e, 0xb4, 0x0d, 0x9c,
    0xac, 0x93, 0xed, 0xa3, 0x8b, 0x93, 0x6b, 0x8b, 0x31, 0xcd, 0x8f, 0xb4,
    0x8f, 0xbc, 0x92, 0xd5, 0x31, 0xcd, 0xf0, 0xc4, 0x8b, 0x93, 0x4e, 0xb4,
    0x6b, 0x93, 0x8b, 0x8b, 0x72, 0xd5, 0x6e, 0xb4, 0xaf, 0xbc, 0xcf, 0xbc,
    0xf0, 0xc4, 0x31, 0xcd, 0x72, 0xcd, 0xb4, 0xdd, 0x34, 0xe6, 0xb4, 0xcd,
    0xf5, 0xdd, 0xb0, 0xbc, 0x8f, 0xac, 0x2e, 0xac, 0xcc, 0x9b, 0xaf, 0xbc,
    0xcf, 0xbc, 0xac, 0x93, 0x8c, 0x8b, 0xec, 0x9b, 0x2d, 0xa4, 0xed, 0x9b,
    0x8f, 0xb4, 0x51, 0xcd, 0x51, 0xcd, 0x10, 0xc5, 0xb3, 0xd5, 0x72, 0xd5,
    0x31, 0xcd, 0x55, 0xe6, 0x1a, 0xf7, 0xac, 0x8b, 0xed, 0x9b, 0x11, 0xc5,
    0x8f, 0xac, 0x31, 0xcd, 0x93, 0xd5, 0x52, 0xcd, 0x31, 0xcd, 0x73, 0xcd,
    0x93, 0xdd, 0x4e, 0xa4, 0x2d, 0xa4, 0x6f, 0xb4, 0x6f, 0xac, 0xcd, 0x93,
    0x4f, 0xac, 0xd0, 0xbc, 0xd0, 0xbc, 0x32, 0xcd, 0xd0, 0xbc, 0x8f, 0xac,
    0xb0, 0xb4, 0x8f, 0xac, 0x31, 0xcd, 0xb4, 0xcd, 0x36, 0xe6, 0xf4, 0xd5,
    0x12, 0xbd, 0xd0, 0xbc, 0x52, 0xcd, 0x73, 0xcd, 0x11, 0xbd, 0xb0, 0xb4,
    0xb6, 0xcd, 0x94, 0xcd, 0x73, 0xcd, 0x53, 0xc5, 0x53, 0xc5, 0x52, 0xc5,
    0x32, 0xc5, 0x32, 0xbd, 0x32, 0xc5, 0x32, 0xc5, 0x11, 0xc5, 0x11, 0xc5,
    0x12, 0xbd, 0x11, 0xbd, 0x11, 0xbd, 0xf1, 0xbc, 0xf1, 0xbc, 0xf1, 0xbc,
    0xf1, 0xbc, 0xd1, 0xbc, 0xd1, 0xb4, 0xd0, 0xbc, 0xb0, 0xb4, 0xb0, 0xb4,
    0xb0, 0xb4, 0x90, 0xb4, 0x70, 0xb4, 0x6f, 0xb4, 0x6f, 0xac, 0x6f, 0xac,
    0x6f, 0xac, 0x6f, 0xac, 0x4e, 0xac, 0x4f, 0xa4, 0x4e, 0xa4, 0x2e, 0xac,
    0x4e, 0xa4, 0x4e, 0xac, 0x2e, 0xa4, 0x2f, 0xa4, 0xf2, 0xbc, 0x94, 0xcd,
    0x37, 0xde, 0x98, 0xee, 0x98, 0xe6, 0x98, 0xe6, 0x57, 0xe6, 0x78, 0xe6,
    0x78, 0xe6, 0x78, 0xe6, 0x98, 0xe6, 0x57, 0xe6, 0x57, 0xe6, 0x77, 0xe6,
    0x78, 0xe6, 0xb8, 0xee, 0x36, 0xde, 0x78, 0xee, 0x98, 0xe6, 0x98, 0xe6,
    0x57, 0xde, 0xb8, 0xee, 0x77, 0xe6, 0x99, 0xe6, 0x77, 0xe6, 0x78, 0xe6,
    0x56, 0xe6, 0x57, 0xde, 0x77, 0xee, 0xb8, 0xee, 0x57, 0xe6, 0x98, 0xe6,
    0x98, 0xee, 0x76, 0xe6, 0x98, 0xe6, 0x78, 0xee, 0x98, 0xee, 0x98, 0xee,
    0xb8, 0xee, 0xd8, 0xee, 0xb8, 0xee, 0xd8, 0xf6, 0xb9, 0xee, 0xb8, 0xee,
    0xfa, 0xf6, 0xd8, 0xf6, 0xd9, 0xf6, 0x1a, 0xf7, 0x73, 0xcd, 0x12, 0xcd,
    0xf6, 0xe5, 0xb8, 0xf6, 0x98, 0xee, 0xb9, 0xee, 0xb8, 0xee, 0x77, 0xee,
    0xb1, 0xbc, 0x12, 0xcd, 0xf6, 0xe5, 0x56, 0xe6, 0xb4, 0xd5, 0xb8, 0xf6,
    0xb8, 0xee, 0xd8, 0xf6, 0x98, 0xee, 0xb9, 0xee, 0xb8, 0xee, 0xb8, 0xee,
    0xd8, 0xf6, 0x78, 0xee, 0xb8, 0xee, 0x98, 0xee, 0x78, 0xe6, 0x97, 0xe6,
    0x56, 0xe6, 0x37, 0xde, 0x36, 0xe6, 0xf5, 0xd5, 0x94, 0xcd, 0x93, 0xc5,
    0x70, 0xac, 0xb0, 0xac, 0x70, 0xa4, 0xac, 0x93, 0xee, 0x9b, 0x6b, 0x83,
    0x8c, 0x93, 0x2b, 0x83, 0x4a, 0x83, 0x8b, 0x93, 0x4a, 0x8b, 0x4a, 0x83,
    0x8b, 0x93, 0x2a, 0x83, 0x6b, 0x8b, 0x2a, 0x83, 0x47, 0x5a, 0x69, 0x62,
    0x0a, 0x7b, 0x2e, 0x9c, 0x94, 0xcd, 0xf5, 0xd5, 0xf5, 0xd5, 0xf5, 0xd5,
    0xf5, 0xd5, 0xf4, 0xd5, 0xd5, 0xd5, 0x15, 0xde, 0x16, 0xde, 0x36, 0xde,
    0xf5, 0xdd, 0x16, 0xde, 0x36, 0xde, 0x57, 0xe6, 0x36, 0xe6, 0x37, 0xde,
    0x57, 0xe6, 0x77, 0xe6, 0x57, 0xe6, 0x56, 0xe6, 0xf5, 0xdd, 0x93, 0xd5,
    0xd5, 0xd5, 0x36, 0xde, 0x76, 0xe6, 0x36, 0xe6, 0xf6, 0xdd, 0x16, 0xe6,
    0x36, 0xde, 0x15, 0xde, 0x16, 0xe6, 0x57, 0xee, 0x56, 0xee, 0x57, 0xe6,
    0x77, 0xee, 0x77, 0xee, 0x57, 0xe6, 0x77, 0xe6, 0x97, 0xee, 0x98, 0xee,
    0xb8, 0xf6, 0xd9, 0xee, 0xd9, 0xf6, 0xd8, 0xf6, 0xb8, 0xee, 0x16, 0xde,
    0xb4, 0xdd, 0x36, 0xe6, 0x57, 0xee, 0x36, 0xe6, 0x36, 0xe6, 0x77, 0xee,
    0x98, 0xee, 0x78, 0xee, 0xb8, 0xee, 0xf9, 0xf6, 0x1a, 0xf7, 0xfa, 0xf6,
    0xfa, 0xf6, 0x1a, 0xf7, 0x1a, 0xf7, 0x1a, 0xf7, 0x3b, 0xf7, 0x5c, 0xff,
    0x5c, 0xf7, 0x5c, 0xff, 0x9d, 0xff, 0x9d, 0xff, 0xbe, 0xff, 0xfe, 0xff,
    0xde, 0xff, 0xde, 0xff, 0xde, 0xff, 0x9d, 0xff, 0xde, 0xff, 0xbe, 0xff,
    0x9e, 0xff, 0xde, 0xff, 0xde, 0xff, 0xdf, 0xff, 0xdf, 0xff, 0xbe, 0xff,
    0xba, 0xe6, 0x33, 0xc5, 0xb5, 0xcd, 0x2b, 0x83, 0x90, 0xb4, 0x93, 0xcd,
    0x6f, 0xac, 0x12, 0xc5, 0x52, 0xc5, 0x93, 0xcd, 0xd4, 0xd5, 0x57, 0xe6,
    0x77, 0xee, 0xb4, 0xcd, 0x4e, 0xac, 0x12, 0xbd, 0xf1, 0xbc, 0x8f, 0xb4,
    0xe9, 0x7a, 0x8c, 0x93, 0x6e, 0xac, 0xd0, 0xc4, 0x6f, 0xb4, 0x6e, 0xbc,
    0x8f, 0xbc, 0x31, 0xcd, 0x52, 0xcd, 0xf0, 0xc4, 0xcf, 0xbc, 0x0d, 0xa4,
    0x2d, 0xac, 0xec, 0x9b, 0xc9, 0x72, 0x72, 0xd5, 0xf0, 0xbc, 0xcf, 0xbc,
    0x52, 0xcd, 0x10, 0xc5, 0x51, 0xcd, 0x93, 0xd5, 0x93, 0xd5, 0xb3, 0xd5,
    0x2e, 0xac, 0xf1, 0xbc, 0x8f, 0xb4, 0xed, 0x9b, 0x6e, 0xb4, 0xed, 0xa3,
    0xca, 0x72, 0x6b, 0x93, 0xef, 0xbc, 0x0d, 0xa4, 0x4d, 0xac, 0xf1, 0xc4,
    0xaf, 0xbc, 0x11, 0xc5, 0x32, 0xcd, 0xb3, 0xd5, 0x31, 0xc5, 0xd0, 0xc4,
    0x51, 0xcd, 0x32, 0xc5, 0x92, 0xd5, 0x35, 0xe6, 0x94, 0xc5, 0x68, 0x62,
    0xf0, 0xbc, 0xf1, 0xc4, 0x12, 0xc5, 0x93, 0xd5, 0x93, 0xd5, 0x36, 0xe6,
    0x15, 0xe6, 0x56, 0xe6, 0xb7, 0xee, 0xd0, 0xac, 0x2f, 0xac, 0xac, 0x93,
    0x2e, 0xa4, 0x4e, 0xac, 0x52, 0xcd, 0x31, 0xc5, 0xb4, 0xd5, 0xf5, 0xdd,
    0xf4, 0xdd, 0x73, 0xcd, 0xf4, 0xdd, 0x32, 0xc5, 0x94, 0xcd, 0xf1, 0xbc,
    0x6f, 0xac, 0x8f, 0xac, 0xb0, 0xb4, 0x6f, 0xac, 0xf1, 0xbc, 0x52, 0xc5,
    0xf5, 0xdd, 0xb5, 0xcd, 0x94, 0xcd, 0x74, 0xcd, 0x53, 0xc5, 0x52, 0xc5,
    0x32, 0xc5, 0x32, 0xc5, 0x32, 0xc5, 0x12, 0xc5, 0x12, 0xc5, 0x12, 0xbd,
    0x11, 0xc5, 0x12, 0xbd, 0xf1, 0xc4, 0xf1, 0xc4, 0x11, 0xbd, 0xf1, 0xbc,
    0xf1, 0xbc, 0xf1, 0xbc, 0xf0, 0xbc, 0xd0, 0xb4, 0xd0, 0xb4, 0xb0, 0xbc,
    0xb0, 0xb4, 0xaf, 0xb4, 0x8f, 0xac, 0x8f, 0xac, 0x8f, 0xac, 0x6f, 0xac,
    0x6f, 0xac, 0x6f, 0xac, 0x4e, 0xac, 0x4f, 0xac, 0x4e, 0xac, 0x4e, 0xac,
    0x4f, 0xac, 0x2f, 0xa4, 0x2e, 0xa4, 0x2e, 0xa4, 0x6f, 0xac, 0xf1, 0xb4,
    0x53, 0xc5, 0xf6, 0xd5, 0x98, 0xe6, 0x98, 0xe6, 0x78, 0xe6, 0x77, 0xe6,
    0x78, 0xe6, 0x57, 0xe6, 0x77, 0xe6, 0x77, 0xe6, 0x78, 0xe6, 0x77, 0xe6,
    0x57, 0xde, 0x98, 0xe6, 0x57, 0xde, 0x57, 0xde, 0x98, 0xe6, 0x98, 0xe6,
    0x57, 0xe6, 0x78, 0xe6, 0x98, 0xe6, 0x57, 0xe6, 0x98, 0xee, 0x57, 0xde,
    0x77, 0xe6, 0x57, 0xde, 0x77, 0xe6, 0x78, 0xe6, 0x98, 0xee, 0x36, 0xe6,
    0xb8, 0xee, 0x98, 0xe6, 0x77, 0xee, 0x57, 0xe6, 0x77, 0xee, 0x97, 0xe6,
    0x98, 0xee, 0x77, 0xe6, 0xb8, 0xee, 0x98, 0xee, 0x99, 0xee, 0xd9, 0xf6,
    0xb8, 0xee, 0x1a, 0xf7, 0xd9, 0xee, 0xb8, 0xf6, 0x1a, 0xf7, 0xf5, 0xdd,
    0xf1, 0xcc, 0xf5, 0xdd, 0x97, 0xee, 0x77, 0xee, 0xd9, 0xf6, 0x98, 0xee,
    0x77, 0xee, 0x33, 0xd5, 0x50, 0xb4, 0x94, 0xdd, 0x16, 0xe6, 0x73, 0xd5,
    0x16, 0xe6, 0xb8, 0xee, 0xb8, 0xee, 0x98, 0xee, 0x98, 0xee, 0xb8, 0xf6,
    0x98, 0xee, 0xb8, 0xee, 0x98, 0xee, 0xb8, 0xee, 0x78, 0xe6, 0x77, 0xee,
    0x77, 0xe6, 0x77, 0xe6, 0x36, 0xe6, 0x35, 0xde, 0xd5, 0xd5, 0x94, 0xcd,
    0x53, 0xc5, 0xf2, 0xb4, 0x0e, 0x9c, 0xb0, 0xac, 0x6b, 0x83, 0x6c, 0x8b,
    0xab, 0x93, 0x8b, 0x93, 0x6b, 0x83, 0x4b, 0x8b, 0xac, 0x9b, 0x6b, 0x93,
    0x6b, 0x8b, 0x4a, 0x8b, 0x8b, 0x93, 0x0a, 0x83, 0x4b, 0x8b, 0x68, 0x62,
    0x27, 0x5a, 0x0a, 0x73, 0xb0, 0xb4, 0xd5, 0xd5, 0xf5, 0xdd, 0xf5, 0xdd,
    0xf5, 0xdd, 0xd5, 0xdd, 0xd5, 0xd5, 0xd5, 0xd5, 0x16, 0xde, 0x16, 0xde,
    0x15, 0xd6, 0xf6, 0xdd, 0x36, 0xe6, 0x56, 0xe6, 0x37, 0xde, 0x37, 0xe6,
    0x57, 0xe6, 0x77, 0xe6, 0x57, 0xe6, 0x36, 0xe6, 0x15, 0xde, 0xb4, 0xd5,
    0xb5, 0xd5, 0x36, 0xe6, 0x77, 0xe6, 0x57, 0xe6, 0x16, 0xde, 0x36, 0xe6,
    0x36, 0xe6, 0x36, 0xe6, 0x15, 0xde, 0x36, 0xe6, 0x57, 0xee, 0x57, 0xe6,
    0x57, 0xe6, 0x77, 0xee, 0x97, 0xee, 0x78, 0xee, 0x77, 0xee, 0x78, 0xee,
    0x98, 0xee, 0xb9, 0xee, 0xd9, 0xf6, 0xd9, 0xf6, 0xd9, 0xee, 0x77, 0xe6,
    0xd5, 0xdd, 0xf5, 0xdd, 0x36, 0xe6, 0x56, 0xe6, 0x36, 0xee, 0x16, 0xe6,
    0x57, 0xee, 0xb8, 0xee, 0xb8, 0xf6, 0xb8, 0xee, 0xd9, 0xf6, 0x1a, 0xf7,
    0x1a, 0xf7, 0x1a, 0xf7, 0x1a, 0xf7, 0x3a, 0xf7, 0x1a, 0xf7, 0xfb, 0xf6,
    0x5b, 0xf7, 0x7c, 0xff, 0x5c, 0xff, 0x7c, 0xff, 0xbe, 0xff, 0xbe, 0xff,
    0xde, 0xff, 0xff, 0xff, 0xde, 0xff, 0xde, 0xff, 0x9e, 0xff, 0xbe, 0xff,
    0xde, 0xff, 0x9e, 0xff, 0xbd, 0xff, 0xbe, 0xff, 0xdf, 0xff, 0xde, 0xff,
    0xde, 0xff, 0xda, 0xee, 0x6f, 0xac, 0x17, 0xde, 0xe6, 0x49, 0xcd, 0x93,
    0x11, 0xc5, 0xaf, 0xb4, 0x93, 0xd5, 0xaf, 0xb4, 0x32, 0xcd, 0x12, 0xc5,
    0x52, 0xcd, 0x93, 0xd5, 0x94, 0xd5, 0x2e, 0xa4, 0xaf, 0xb4, 0x93, 0xd5,
    0x90, 0xb4, 0x6b, 0x8b, 0x0e, 0xa4, 0xcc, 0x9b, 0x31, 0xcd, 0x51, 0xcd,
    0x51, 0xcd, 0xf0, 0xbc, 0x10, 0xcd, 0x11, 0xcd, 0x72, 0xd5, 0xb0, 0xbc,
    0x2d, 0xa4, 0xac, 0x9b, 0x8b, 0x8b, 0xc9, 0x7a, 0x6e, 0xb4, 0x93, 0xdd,
    0xd0, 0xc4, 0xf0, 0xc4, 0xd3, 0xdd, 0xb4, 0xd5, 0xb4, 0xd5, 0xb2, 0xdd,
    0xf5, 0xe5, 0x14, 0xe6, 0x71, 0xcd, 0x2d, 0xa4, 0x8f, 0xb4, 0x2d, 0xac,
    0x6e, 0xac, 0x0d, 0xa4, 0x4b, 0x8b, 0x0e, 0xa4, 0x2e, 0xac, 0x8c, 0x8b,
    0x32, 0xcd, 0x31, 0xcd, 0x11, 0xc5, 0x32, 0xcd, 0x51, 0xcd, 0xd5, 0xdd,
    0xd3, 0xdd, 0x11, 0xc5, 0xd4, 0xdd, 0xd4, 0xdd, 0xd4, 0xdd, 0x96, 0xee,
    0xee, 0x93, 0xee, 0xab, 0x51, 0xcd, 0x11, 0xc5, 0x72, 0xd5, 0x93, 0xcd,
    0xd3, 0xdd, 0x35, 0xe6, 0x36, 0xe6, 0x56, 0xe6, 0xd8, 0xee, 0xb0, 0xbc,
    0x6f, 0xb4, 0x31, 0xc5, 0xb0, 0xb4, 0x2e, 0xa4, 0x52, 0xc5, 0x52, 0xcd,
    0xd4, 0xd5, 0x16, 0xde, 0x15, 0xde, 0x77, 0xe6, 0xb8, 0xee, 0x77, 0xe6,
    0x77, 0xe6, 0xf1, 0xb4, 0x2e, 0xa4, 0xf1, 0xc4, 0x2e, 0x9c, 0xcd, 0x93,
    0xed, 0x9b, 0xd1, 0xbc, 0xb5, 0xcd, 0x74, 0xc5, 0x74, 0xc5, 0x73, 0xc5,
    0x32, 0xc5, 0x32, 0xc5, 0x32, 0xc5, 0x32, 0xbd, 0x32, 0xc5, 0x12, 0xbd,
    0x11, 0xc5, 0x12, 0xbd, 0x11, 0xbd, 0x11, 0xbd, 0xf2, 0xbc, 0x11, 0xbd,
    0xf1, 0xbc, 0xf1, 0xb4, 0xd1, 0xbc, 0xd1, 0xb4, 0xb1, 0xbc, 0xd0, 0xbc,
    0xb0, 0xb4, 0xb0, 0xb4, 0xb0, 0xb4, 0xaf, 0xb4, 0x8f, 0xb4, 0x8f, 0xb4,
    0x8f, 0xac, 0x6f, 0xac, 0x6f, 0xac, 0x4f, 0xac, 0x6e, 0xa4, 0x4f, 0xac,
    0x2e, 0xa4, 0x4e, 0xac, 0x2e, 0xa4, 0x2e, 0xa4, 0x4e, 0xac, 0x6f, 0xac,
    0x90, 0xac, 0xf1, 0xb4, 0xb6, 0xcd, 0x98, 0xe6, 0x98, 0xe6, 0x78, 0xe6,
    0x77, 0xe6, 0x77, 0xe6, 0x78, 0xe6, 0x77, 0xe6, 0x78, 0xe6, 0x77, 0xe6,
    0x58, 0xe6, 0x78, 0xe6, 0x77, 0xe6, 0x17, 0xde, 0x77, 0xe6, 0x77, 0xe6,
    0x77, 0xe6, 0x57, 0xe6, 0x98, 0xee, 0x98, 0xe6, 0x98, 0xe6, 0x77, 0xe6,
    0x77, 0xe6, 0x36, 0xe6, 0x37, 0xe6, 0x57, 0xe6, 0x98, 0xe6, 0x77, 0xee,
    0x57, 0xe6, 0x77, 0xe6, 0x98, 0xe6, 0x77, 0xe6, 0x57, 0xe6, 0x77, 0xee,
    0x77, 0xe6, 0x77, 0xe6, 0x98, 0xee, 0x98, 0xee, 0xb8, 0xee, 0x98, 0xee,
    0xd9, 0xf6, 0xb8, 0xee, 0xd9, 0xf6, 0xf9, 0xf6, 0xb9, 0xee, 0xf9, 0xf6,
    0x98, 0xf6, 0x73, 0xcd, 0x52, 0xcd, 0x36, 0xe6, 0x97, 0xee, 0xf9, 0xf6,
    0x98, 0xf6, 0x97, 0xee, 0xd5, 0xdd, 0xb0, 0xc4, 0x53, 0xd5, 0xb5, 0xdd,
    0x94, 0xdd, 0x74, 0xd5, 0xb8, 0xee, 0x98, 0xee, 0xb8, 0xf6, 0x98, 0xee,
    0xb8, 0xee, 0x98, 0xee, 0x98, 0xee, 0xb8, 0xee, 0x97, 0xee, 0x98, 0xee,
    0x77, 0xe6, 0x77, 0xee, 0x77, 0xe6, 0x57, 0xe6, 0x16, 0xde, 0xf5, 0xd5,
    0x73, 0xc5, 0xb1, 0xb4, 0xd0, 0xb4, 0x0e, 0x9c, 0xb0, 0xb4, 0xed, 0x9b,
    0x2e, 0xa4, 0xcd, 0x9b, 0x8b, 0x8b, 0x8b, 0x8b, 0x4b, 0x8b, 0xcc, 0x9b,
    0xcc, 0x9b, 0x8b, 0x93, 0x6b, 0x8b, 0xac, 0x93, 0x2b, 0x83, 0x2a, 0x8b,
    0x2a, 0x83, 0x0a, 0x7b, 0x0e, 0xa4, 0x53, 0xc5, 0x16, 0xd6, 0xf5, 0xd5,
    0x15, 0xd6, 0xf5, 0xd5, 0xd5, 0xd5, 0xd5, 0xd5, 0x16, 0xde, 0x15, 0xde,
    0x15, 0xde, 0x16, 0xde, 0x36, 0xe6, 0x57, 0xde, 0x57, 0xde, 0x56, 0xde,
    0x57, 0xe6, 0x56, 0xde, 0x36, 0xe6, 0x36, 0xe6, 0x36, 0xde, 0xf5, 0xdd,
    0xf6, 0xdd, 0x35, 0xde, 0x57, 0xe6, 0x56, 0xe6, 0x36, 0xde, 0x36, 0xe6,
    0x35, 0xe6, 0x36, 0xe6, 0x16, 0xde, 0x15, 0xe6, 0x36, 0xe6, 0x77, 0xe6,
    0x77, 0xe6, 0x77, 0xee, 0x77, 0xee, 0x98, 0xee, 0xb8, 0xee, 0x97, 0xee,
    0x98, 0xee, 0x98, 0xee, 0xb8, 0xee, 0xd9, 0xee, 0xd9, 0xf6, 0x98, 0xee,
    0x36, 0xe6, 0xd5, 0xdd, 0x16, 0xe6, 0x36, 0xe6, 0x57, 0xee, 0x37, 0xee,
    0x16, 0xe6, 0x36, 0xe6, 0x98, 0xee, 0xb9, 0xee, 0xd9, 0xf6, 0xd9, 0xf6,
    0xfa, 0xf6, 0x1a, 0xf7, 0x1b, 0xff, 0x1a, 0xff, 0x1b, 0xf7, 0x1a, 0xf7,
    0x1a, 0xf7, 0x3a, 0xff, 0x7c, 0xff, 0x7c, 0xff, 0x5c, 0xf7, 0x7d, 0xff,
    0xbe, 0xff, 0xde, 0xff, 0xdf, 0xff, 0xff, 0xff, 0xde, 0xff, 0xbe, 0xff,
    0x9d, 0xff, 0xde, 0xff, 0xbe, 0xff, 0xbe, 0xff, 0x7d, 0xf7, 0x9e, 0xff,
    0xde, 0xff, 0x9d, 0xff, 0xda, 0xe6, 0x16, 0xde, 0xd1, 0xb4, 0xcd, 0x93,
    0x6f, 0xac, 0x6f, 0xac, 0x32, 0xc5, 0xd1, 0xbc, 0xf0, 0xc4, 0xd0, 0xbc,
    0x11, 0xc5, 0x31, 0xcd, 0x92, 0xd5, 0x32, 0xcd, 0x15, 0xe6, 0xf1, 0xc4,
    0x32, 0xcd, 0x2e, 0xa4, 0xac, 0x9b, 0x0d, 0xac, 0x6b, 0x8b, 0xd0, 0xbc,
    0xcf, 0xc4, 0x11, 0xc5, 0x31, 0xc5, 0x31, 0xc5, 0x93, 0xd5, 0x52, 0xd5,
    0x52, 0xcd, 0xb3, 0xd5, 0x4b, 0x8b, 0x0a, 0x7b, 0xed, 0xa3, 0xcc, 0x9b,
    0x6e, 0xb4, 0x32, 0xcd, 0xcf, 0xbc, 0xcf, 0xbc, 0x10, 0xc5, 0x31, 0xcd,
    0x36, 0xe6, 0x93, 0xd5, 0xf4, 0xd5, 0x76, 0xee, 0x32, 0xc5, 0xed, 0x9b,
    0x6f, 0xb4, 0xaf, 0xbc, 0x6b, 0x83, 0xea, 0x72, 0x4a, 0x8b, 0xec, 0x9b,
    0x8b, 0x8b, 0xed, 0xa3, 0x73, 0xcd, 0x72, 0xd5, 0x31, 0xc5, 0x52, 0xcd,
    0xb3, 0xdd, 0xf5, 0xdd, 0x35, 0xe6, 0x35, 0xee, 0xf4, 0xdd, 0x15, 0xe6,
    0xf4, 0xdd, 0x31, 0xc5, 0x90, 0xb4, 0x8f, 0xb4, 0xf1, 0xbc, 0x73, 0xcd,
    0xd4, 0xd5, 0x92, 0xcd, 0x11, 0xc5, 0xd4, 0xdd, 0xd4, 0xdd, 0xd4, 0xdd,
    0x11, 0xbd, 0x2e, 0xa4, 0x6f, 0xac, 0xac, 0x93, 0x73, 0xcd, 0x2e, 0xa4,
    0xd0, 0xb4, 0x31, 0xc5, 0x72, 0xcd, 0x93, 0xd5, 0x93, 0xd5, 0x56, 0xe6,
    0x36, 0xde, 0x36, 0xe6, 0xd8, 0xf6, 0xf2, 0xbc, 0x72, 0xcd, 0xd1, 0xb4,
    0xed, 0x9b, 0xd0, 0xbc, 0xd0, 0xb4, 0x95, 0xcd, 0x74, 0xc5, 0x53, 0xc5,
    0x52, 0xc5, 0x52, 0xc5, 0x33, 0xc5, 0x32, 0xc5, 0x12, 0xc5, 0x32, 0xbd,
    0x11, 0xc5, 0x11, 0xbd, 0x11, 0xbd, 0x12, 0xbd, 0x11, 0xc5, 0xf1, 0xbc,
    0xf1, 0xbc, 0xf1, 0xbc, 0xf1, 0xbc, 0xd0, 0xb4, 0xd1, 0xbc, 0xd1, 0xb4,
    0xd0, 0xb4, 0xd0, 0xb4, 0xb0, 0xb4, 0xb0, 0xb4, 0xb0, 0xb4, 0xb0, 0xb4,
    0x8f, 0xb4, 0x6f, 0xb4, 0x8f, 0xb4, 0x6f, 0xac, 0x6f, 0xac, 0x6e, 0xac,
    0x4f, 0xac, 0x2e, 0xa4, 0x4e, 0xa4, 0x2e, 0xa4, 0x2e, 0xa4, 0x4e, 0xac,
    0x4f, 0xac, 0x4f, 0xa4, 0xb1, 0xb4, 0xd5, 0xcd, 0x78, 0xe6, 0x97, 0xe6,
    0x98, 0xe6, 0x78, 0xe6, 0x78, 0xe6, 0x57, 0xde, 0x78, 0xe6, 0x77, 0xe6,
    0x57, 0xde, 0x77, 0xe6, 0x77, 0xe6, 0x57, 0xde, 0x57, 0xde, 0x78, 0xe6,
    0x78, 0xe6, 0x98, 0xe6, 0x77, 0xde, 0x98, 0xee, 0x77, 0xe6, 0x98, 0xe6,
    0x37, 0xde, 0x77, 0xe6, 0x16, 0xde, 0x77, 0xe6, 0x97, 0xe6, 0x57, 0xde,
    0x98, 0xe6, 0x36, 0xde, 0x57, 0xe6, 0x77, 0xee, 0x57, 0xe6, 0x57, 0xe6,
    0x57, 0xe6, 0x57, 0xe6, 0x57, 0xee, 0xb8, 0xee, 0x57, 0xe6, 0x98, 0xee,
    0xb8, 0xee, 0xb8, 0xee, 0xb9, 0xf6, 0xb8, 0xee, 0xf9, 0xf6, 0xb8, 0xee,
    0xd9, 0xf6, 0xb8, 0xee, 0x57, 0xee, 0x52, 0xcd, 0x53, 0xcd, 0x77, 0xee,
    0x98, 0xee, 0xd8, 0xee, 0x77, 0xee, 0x77, 0xee, 0xf2, 0xcc, 0x32, 0xd5,
    0x94, 0xd5, 0x16, 0xe6, 0x33, 0xcd, 0x16, 0xe6, 0x98, 0xee, 0x98, 0xee,
    0x98, 0xee, 0x98, 0xee, 0xd8, 0xee, 0x98, 0xee, 0x98, 0xee, 0x98, 0xee,
    0xb8, 0xee, 0x78, 0xe6, 0x57, 0xe6, 0x57, 0xe6, 0x57, 0xe6, 0x36, 0xde,
    0xd4, 0xd5, 0x70, 0xa4, 0x0d, 0x9c, 0xed, 0x9b, 0x6f, 0xac, 0x2e, 0xa4,
    0x90, 0xac, 0x0d, 0xa4, 0xed, 0x9b, 0x0d, 0x9c, 0xcd, 0x9b, 0x6b, 0x8b,
    0x8b, 0x93, 0x0c, 0xa4, 0xcc, 0xa3, 0xac, 0x93, 0x6b, 0x93, 0x8b, 0x93,
    0x0a, 0x7b, 0x4b, 0x83, 0x8b, 0x8b, 0xcd, 0x93, 0xd5, 0xd5, 0x15, 0xde,
    0xf5, 0xdd, 0xf5, 0xdd, 0xd4, 0xd5, 0xb5, 0xd5, 0xf5, 0xd5, 0x15, 0xde,
    0x16, 0xde, 0x16, 0xde, 0x57, 0xe6, 0x57, 0xe6, 0x57, 0xde, 0x36, 0xde,
    0x36, 0xe6, 0x16, 0xde, 0x36, 0xde, 0x56, 0xe6, 0x57, 0xde, 0x36, 0xe6,
    0x36, 0xde, 0x56, 0xde, 0x57, 0xe6, 0x16, 0xde, 0xf5, 0xdd, 0x15, 0xde,
    0x36, 0xe6, 0x36, 0xe6, 0x36, 0xe6, 0x16, 0xde, 0x16, 0xe6, 0x56, 0xe6,
    0x77, 0xee, 0x77, 0xee, 0x77, 0xee, 0x98, 0xee, 0x97, 0xee, 0x98, 0xee,
    0x98, 0xee, 0x98, 0xee, 0x97, 0xe6, 0xb8, 0xee, 0xd8, 0xee, 0xd8, 0xee,
    0x77, 0xe6, 0xf5, 0xdd, 0xf5, 0xe5, 0xf5, 0xdd, 0x36, 0xe6, 0x37, 0xee,
    0x56, 0xee, 0x36, 0xe6, 0x36, 0xee, 0x57, 0xee, 0x98, 0xee, 0xd9, 0xf6,
    0xf9, 0xf6, 0xf9, 0xf6, 0x1a, 0xf7, 0x1a, 0xf7, 0x3b, 0xf7, 0x3a, 0xff,
    0x1b, 0xff, 0x1a, 0xf7, 0x1b, 0xf7, 0x5b, 0xff, 0x7c, 0xff, 0x5c, 0xff,
    0x5c, 0xff, 0x9d, 0xff, 0xde, 0xff, 0xdf, 0xff, 0xff, 0xff, 0xdf, 0xff,
    0xbe, 0xff, 0xbe, 0xff, 0xde, 0xff, 0xde, 0xff, 0xbe, 0xff, 0xbe, 0xff,
    0x1b, 0xef, 0xde, 0xff, 0x3c, 0xf7, 0x16, 0xd6, 0x37, 0xde, 0xad, 0x8b,
    0x6f, 0xb4, 0xcc, 0x9b, 0x2f, 0xa4, 0x6f, 0xb4, 0xcc, 0x9b, 0x8f, 0xb4,
    0x90, 0xb4, 0x32, 0xcd, 0x92, 0xd5, 0x32, 0xc5, 0xd4, 0xdd, 0xf4, 0xdd,
    0x16, 0xe6, 0xf0, 0xbc, 0x0d, 0xa4, 0x4b, 0x8b, 0x6b, 0x8b, 0xcd, 0x9b,
    0x6e, 0xb4, 0x71, 0xd5, 0xd0, 0xbc, 0x31, 0xcd, 0xf0, 0xcc, 0x11, 0xc5,
    0x8e, 0xb4, 0x31, 0xcd, 0x93, 0xd5, 0x10, 0xcd, 0x6b, 0x8b, 0x0a, 0x7b,
    0x6b, 0x8b, 0x8b, 0x8b, 0x0d, 0xa4, 0x6e, 0xb4, 0xf1, 0xc4, 0xf0, 0xc4,
    0x56, 0xe6, 0x15, 0xde, 0xd4, 0xd5, 0xb3, 0xdd, 0xd4, 0xdd, 0x55, 0xee,
    0xf0, 0xc4, 0x72, 0xcd, 0x6f, 0xac, 0x2e, 0xa4, 0x4e, 0xac, 0x8e, 0xbc,
    0x2a, 0x83, 0x6b, 0x8b, 0x2e, 0xa4, 0xec, 0x9b, 0x11, 0xc5, 0x93, 0xd5,
    0x31, 0xc5, 0x93, 0xd5, 0x15, 0xe6, 0x15, 0xde, 0x15, 0xde, 0x15, 0xe6,
    0xb3, 0xdd, 0x72, 0xd5, 0x11, 0xc5, 0xcd, 0x93, 0xaf, 0xb4, 0x2d, 0xa4,
    0xaf, 0xb4, 0x52, 0xcd, 0xf5, 0xe5, 0x93, 0xd5, 0x11, 0xc5, 0x14, 0xde,
    0xf1, 0xc4, 0x6f, 0xac, 0x4e, 0xb4, 0x8f, 0xb4, 0xac, 0x93, 0x6e, 0xac,
    0x72, 0xd5, 0x8f, 0xb4, 0x12, 0xc5, 0x52, 0xc5, 0x72, 0xcd, 0xd4, 0xdd,
    0xd4, 0xdd, 0x35, 0xe6, 0xf4, 0xdd, 0x15, 0xde, 0x16, 0xde, 0xf1, 0xbc,
    0x52, 0xcd, 0x6f, 0xac, 0x6f, 0xac, 0x6f, 0xb4, 0x94, 0xc5, 0x73, 0xc5,
    0x73, 0xc5, 0x53, 0xc5, 0x32, 0xc5, 0x32, 0xc5, 0x32, 0xc5, 0x32, 0xbd,
    0x32, 0xc5, 0x12, 0xbd, 0xf2, 0xc4, 0x11, 0xbd, 0x12, 0xc5, 0xf1, 0xc4,
    0xf1, 0xbc, 0xf1, 0xbc, 0xf1, 0xbc, 0xf1, 0xbc, 0xd1, 0xbc, 0xd0, 0xbc,
    0xd1, 0xbc, 0xd0, 0xb4, 0xd0, 0xbc, 0xb0, 0xb4, 0xb0, 0xb4, 0x90, 0xbc,
    0x90, 0xb4, 0xb0, 0xb4, 0x8f, 0xac, 0x6f, 0xac, 0x4f, 0xac, 0x4f, 0xac,
    0x6f, 0xac, 0x4e, 0xa4, 0x2e, 0xa4, 0x2e, 0xa4, 0x2e, 0xa4, 0x2e, 0xa4,
    0x2e, 0xa4, 0x4e, 0xa4, 0x4e, 0xac, 0xb0, 0xb4, 0x94, 0xc5, 0x57, 0xe6,
    0x78, 0xe6, 0x78, 0xe6, 0x77, 0xe6, 0x58, 0xde, 0x77, 0xe6, 0x78, 0xe6,
    0x78, 0xde, 0x57, 0xde, 0x57, 0xe6, 0x57, 0xe6, 0x37, 0xe6, 0x57, 0xe6,
    0x77, 0xe6, 0x98, 0xee, 0x37, 0xde, 0x77, 0xe6, 0x77, 0xe6, 0x98, 0xe6,
    0x36, 0xde, 0x57, 0xe6, 0x36, 0xde, 0x16, 0xde, 0x57, 0xe6, 0x98, 0xe6,
    0x57, 0xe6, 0x57, 0xe6, 0x36, 0xe6, 0x37, 0xde, 0x77, 0xe6, 0x16, 0xde,
    0x57, 0xde, 0xf6, 0xdd, 0x77, 0xe6, 0x98, 0xe6, 0x98, 0xee, 0x77, 0xee,
    0x98, 0xee, 0x98, 0xee, 0xd8, 0xee, 0xd9, 0xee, 0xd9, 0xf6, 0xd9, 0xf6,
    0xd9, 0xf6, 0xb9, 0xee, 0xb8, 0xee, 0x57, 0xe6, 0x36, 0xee, 0x33, 0xc5,
    0xd4, 0xdd, 0x77, 0xee, 0xb8, 0xee, 0x97, 0xee, 0x97, 0xee, 0x94, 0xd5,
    0x33, 0xcd, 0x94, 0xd5, 0xb5, 0xd5, 0x53, 0xd5, 0x53, 0xcd, 0xf5, 0xdd,
    0x98, 0xee, 0x98, 0xee, 0x98, 0xee, 0xb8, 0xf6, 0x98, 0xee, 0x78, 0xee,
    0x98, 0xe6, 0x97, 0xee, 0x97, 0xe6, 0x78, 0xe6, 0x57, 0xe6, 0x56, 0xe6,
    0x16, 0xd6, 0x32, 0xc5, 0xee, 0x9b, 0xac, 0x93, 0x2b, 0x83, 0x4b, 0x83,
    0x2a, 0x83, 0xed, 0x9b, 0xed, 0x9b, 0xcc, 0x93, 0xac, 0x8b, 0x0a, 0x7b,
    0x2a, 0x7b, 0x4b, 0x83, 0x2d, 0xa4, 0x2e, 0xac, 0xed, 0xa3, 0x8b, 0x93,
    0xac, 0x93, 0x6b, 0x8b, 0xea, 0x7a, 0x0a, 0x7b, 0x90, 0xac, 0x36, 0xde,
    0xf5, 0xd5, 0xf6, 0xd5, 0xd5, 0xd5, 0xd5, 0xd5, 0xd4, 0xd5, 0xf5, 0xd5,
    0x15, 0xd6, 0x36, 0xde, 0x57, 0xe6, 0x37, 0xde, 0x36, 0xde, 0x16, 0xde,
    0x36, 0xe6, 0x36, 0xde, 0x36, 0xde, 0x57, 0xe6, 0x57, 0xe6, 0x57, 0xe6,
    0x37, 0xde, 0x36, 0xe6, 0x36, 0xe6, 0x35, 0xde, 0xd5, 0xdd, 0xf5, 0xdd,
    0x16, 0xde, 0x36, 0xe6, 0x36, 0xe6, 0x57, 0xe6, 0x16, 0xe6, 0x36, 0xe6,
    0x57, 0xe6, 0x77, 0xee, 0x77, 0xee, 0x77, 0xe6, 0x97, 0xee, 0x98, 0xe6,
    0xb8, 0xee, 0xb8, 0xee, 0xb8, 0xee, 0x98, 0xee, 0xb8, 0xee, 0xb9, 0xf6,
    0x98, 0xee, 0x36, 0xe6, 0x16, 0xe6, 0xf5, 0xe5, 0xf5, 0xdd, 0x36, 0xe6,
    0x56, 0xee, 0x57, 0xee, 0x77, 0xee, 0x57, 0xee, 0x77, 0xee, 0x98, 0xee,
    0xb9, 0xee, 0xd9, 0xf6, 0xd9, 0xee, 0xfa, 0xf6, 0x1a, 0xf7, 0x1a, 0xf7,
    0x1a, 0xf7, 0x3a, 0xf7, 0x1a, 0xf7, 0x3a, 0xf7, 0x3b, 0xf7, 0x5c, 0xff,
    0x7c, 0xff, 0x7c, 0xff, 0x9d, 0xff, 0xbe, 0xff, 0xde, 0xff, 0xff, 0xff,
    0xdf, 0xff, 0xde, 0xff, 0xbe, 0xff, 0x9d, 0xff, 0xdf, 0xff, 0xbe, 0xff,
    0xde, 0xff, 0xfa, 0xee, 0x3c, 0xf7, 0x79, 0xde, 0x37, 0xde, 0xd5, 0xd5,
    0x90, 0xac, 0x32, 0xc5, 0xd0, 0xbc, 0xec, 0xa3, 0x6f, 0xac, 0xf1, 0xc4,
    0x52, 0xcd, 0xf0, 0xbc, 0x11, 0xc5, 0x32, 0xc5, 0xd4, 0xd5, 0x52, 0xcd,
    0x35, 0xe6, 0x35, 0xe6, 0x93, 0xd5, 0x6b, 0x83, 0x07, 0x5a, 0xaf, 0xbc,
    0x0d, 0xa4, 0x2a, 0x83, 0xaf, 0xb4, 0x32, 0xcd, 0xd0, 0xc4, 0x31, 0xcd,
    0x52, 0xcd, 0x11, 0xcd, 0xf0, 0xc4, 0x11, 0xcd, 0x4e, 0xac, 0xed, 0xa3,
    0xcc, 0x9b, 0xcc, 0xa3, 0x8c, 0x93, 0xf0, 0xc4, 0x8f, 0xb4, 0xaf, 0xb4,
    0x8f, 0xb4, 0xd4, 0xdd, 0x72, 0xcd, 0xb3, 0xdd, 0xb3, 0xd5, 0x32, 0xcd,
    0x31, 0xcd, 0xcd, 0x93, 0x6f, 0xac, 0xaf, 0xbc, 0x6f, 0xb4, 0x0d, 0xa4,
    0xaf, 0xb4, 0xaf, 0xc4, 0xec, 0x9b, 0x8f, 0xbc, 0x10, 0xc5, 0xaf, 0xb4,
    0xd0, 0xbc, 0x93, 0xd5, 0x52, 0xcd, 0x52, 0xcd, 0x35, 0xe6, 0xb4, 0xd5,
    0x51, 0xcd, 0x52, 0xcd, 0x2e, 0xa4, 0xb0, 0xb4, 0x0d, 0xa4, 0x4e, 0xb4,
    0x4e, 0xac, 0xf0, 0xbc, 0x2e, 0xa4, 0xd0, 0xb4, 0xb3, 0xcd, 0x93, 0xd5,
    0xd4, 0xd5, 0xf0, 0xbc, 0x90, 0xb4, 0x31, 0xcd, 0x72, 0xcd, 0x4e, 0xa4,
    0x2e, 0xa4, 0x32, 0xc5, 0x52, 0xcd, 0x32, 0xcd, 0xb4, 0xcd, 0x12, 0xc5,
    0x52, 0xc5, 0x93, 0xcd, 0x93, 0xcd, 0xb4, 0xd5, 0x93, 0xd5, 0x11, 0xbd,
    0x8f, 0xb4, 0x11, 0xc5, 0xf0, 0xbc, 0x8f, 0xb4, 0xd0, 0xbc, 0x94, 0xcd,
    0x53, 0xcd, 0x53, 0xc5, 0x53, 0xc5, 0x32, 0xc5, 0x32, 0xc5, 0x32, 0xc5,
    0x12, 0xc5, 0x12, 0xc5, 0x11, 0xbd, 0x11, 0xbd, 0x11, 0xbd, 0x11, 0xbd,
    0xf1, 0xbc, 0x11, 0xbd, 0xf1, 0xbc, 0xf1, 0xbc, 0xf1, 0xbc, 0xf0, 0xbc,
    0xf1, 0xb4, 0xd0, 0xbc, 0xd0, 0xb4, 0xb0, 0xbc, 0xb0, 0xb4, 0xb0, 0xbc,
    0xaf, 0xb4, 0x90, 0xb4, 0xaf, 0xb4, 0x8f, 0xb4, 0x8f, 0xac, 0x6f, 0xac,
    0x6f, 0xac, 0x4f, 0xac, 0x2e, 0xa4, 0x4e, 0xa4, 0x2e, 0xa4, 0x2e, 0xa4,
    0x4e, 0xa4, 0x2e, 0xa4, 0x2e, 0xac, 0x4e, 0xac, 0x70, 0xa4, 0x32, 0xc5,
    0xf6, 0xd5, 0x98, 0xe6, 0x98, 0xe6, 0x57, 0xde, 0x57, 0xe6, 0x78, 0xe6,
    0x57, 0xe6, 0x57, 0xe6, 0x37, 0xde, 0x57, 0xde, 0x57, 0xe6, 0x57, 0xde,
    0x78, 0xe6, 0x78, 0xe6, 0x57, 0xe6, 0x37, 0xde, 0x77, 0xe6, 0x78, 0xe6,
    0x57, 0xde, 0x16, 0xde, 0x57, 0xde, 0x16, 0xde, 0x36, 0xde, 0x57, 0xde,
    0x77, 0xe6, 0x16, 0xde, 0x37, 0xe6, 0x36, 0xde, 0x16, 0xde, 0x36, 0xde,
    0xd5, 0xd5, 0xd5, 0xdd, 0x74, 0xd5, 0x56, 0xe6, 0x78, 0xe6, 0x97, 0xe6,
    0x37, 0xe6, 0xb8, 0xee, 0x77, 0xe6, 0xb9, 0xee, 0x98, 0xee, 0xd9, 0xf6,
    0xd8, 0xee, 0xd9, 0xee, 0xd9, 0xee, 0xb8, 0xf6, 0x98, 0xee, 0x76, 0xee,
    0x16, 0xe6, 0xb4, 0xdd, 0x36, 0xe6, 0x36, 0xe6, 0x98, 0xee, 0x78, 0xee,
    0x56, 0xe6, 0x32, 0xd5, 0x74, 0xdd, 0xb5, 0xdd, 0x93, 0xd5, 0xd1, 0xcc,
    0x53, 0xd5, 0x16, 0xde, 0x77, 0xee, 0x97, 0xee, 0x98, 0xee, 0x98, 0xe6,
    0x98, 0xee, 0x98, 0xe6, 0x77, 0xee, 0x98, 0xee, 0x57, 0xe6, 0x56, 0xe6,
    0x36, 0xde, 0x94, 0xc5, 0x4f, 0xa4, 0xac, 0x93, 0x6b, 0x8b, 0x4b, 0x8b,
    0x4b, 0x83, 0x6b, 0x8b, 0x2b, 0x83, 0x8c, 0x93, 0x8c, 0x93, 0x0a, 0x7b,
    0xa9, 0x6a, 0xa9, 0x72, 0x4a, 0x83, 0x4b, 0x8b, 0xcc, 0x9b, 0xcc, 0x9b,
    0xcc, 0x9b, 0x4b, 0x8b, 0x2a, 0x83, 0x0a, 0x83, 0x8c, 0x8b, 0x94, 0xc5,
    0xf6, 0xd5, 0xf5, 0xd5, 0x15, 0xd6, 0xd5, 0xd5, 0xf4, 0xd5, 0xd5, 0xd5,
    0x16, 0xde, 0x16, 0xde, 0x56, 0xde, 0x36, 0xde, 0x16, 0xde, 0x36, 0xde,
    0x56, 0xe6, 0x36, 0xe6, 0x36, 0xde, 0x57, 0xe6, 0x57, 0xe6, 0x77, 0xe6,
    0x57, 0xe6, 0x56, 0xe6, 0x36, 0xe6, 0xf6, 0xdd, 0xf5, 0xd5, 0xf4, 0xdd,
    0xf5, 0xdd, 0x36, 0xe6, 0x36, 0xde, 0x36, 0xe6, 0x56, 0xe6, 0x36, 0xe6,
    0x36, 0xe6, 0x77, 0xe6, 0x98, 0xe6, 0x97, 0xee, 0x97, 0xe6, 0x77, 0xee,
    0xb8, 0xee, 0xb8, 0xee, 0xb8, 0xee, 0x98, 0xee, 0x98, 0xee, 0xb8, 0xee,
    0xb9, 0xee, 0x57, 0xe6, 0x36, 0xe6, 0x36, 0xe6, 0x16, 0xde, 0x16, 0xe6,
    0x36, 0xe6, 0x57, 0xee, 0x77, 0xee, 0x78, 0xee, 0x98, 0xee, 0x98, 0xee,
    0xb8, 0xee, 0xd9, 0xf6, 0xfa, 0xf6, 0xf9, 0xf6, 0xda, 0xf6, 0x1a, 0xf7,
    0x1a, 0xf7, 0x1a, 0xf7, 0x1a, 0xf7, 0x1a, 0xf7, 0x1b, 0xf7, 0x3b, 0xff,
    0x5c, 0xff, 0x7c, 0xff, 0x7c, 0xff, 0x9d, 0xff, 0xbe, 0xff, 0xde, 0xff,
    0xff, 0xff, 0xdf, 0xff, 0xfe, 0xff, 0xde, 0xff, 0x7d, 0xff, 0xbe, 0xff,
    0xde, 0xff, 0x5c, 0xf7, 0xfa, 0xee, 0x79, 0xde, 0xf6, 0xd5, 0x36, 0xe6,
    0x53, 0xc5, 0x90, 0xb4, 0x8c, 0x8b, 0x6f, 0xac, 0x0b, 0x7b, 0x4e, 0xac,
    0x6f, 0xb4, 0x31, 0xcd, 0xd5, 0xdd, 0xd0, 0xbc, 0x52, 0xcd, 0x52, 0xcd,
    0x93, 0xd5, 0x52, 0xcd, 0xb3, 0xdd, 0x35, 0xe6, 0x11, 0xcd, 0x0d, 0x9c,
    0xab, 0x9b, 0x6f, 0xac, 0x0a, 0x7b, 0x8c, 0x93, 0x2d, 0xac, 0xf0, 0xc4,
    0xd0, 0xbc, 0x92, 0xd5, 0xb3, 0xdd, 0xf4, 0xdd, 0x72, 0xd5, 0x8f, 0xbc,
    0x4e, 0xac, 0x4e, 0xac, 0xac, 0x93, 0x0d, 0xa4, 0x93, 0xdd, 0x31, 0xcd,
    0xf0, 0xc4, 0xcf, 0xc4, 0xd0, 0xbc, 0xf0, 0xc4, 0xd0, 0xbc, 0x51, 0xd5,
    0x72, 0xcd, 0x6e, 0xac, 0x2e, 0xac, 0x4f, 0xb4, 0x8f, 0xbc, 0x6e, 0xb4,
    0x4e, 0xac, 0x90, 0xb4, 0x90, 0xb4, 0x4b, 0x83, 0xd0, 0xbc, 0xf0, 0xc4,
    0x93, 0xd5, 0x11, 0xc5, 0x11, 0xcd, 0x10, 0xc5, 0x11, 0xc5, 0x31, 0xcd,
    0x72, 0xd5, 0x31, 0xcd, 0x11, 0xcd, 0x4b, 0x7b, 0xec, 0x9b, 0xed, 0x9b,
    0xf1, 0xc4, 0x11, 0xcd, 0x31, 0xc5, 0xb3, 0xdd, 0xf0, 0xbc, 0x8f, 0xb4,
    0x31, 0xcd, 0xd0, 0xbc, 0xac, 0x93, 0x0e, 0x9c, 0x52, 0xc5, 0x0d, 0x9c,
    0x32, 0xc5, 0xaf, 0xbc, 0x2e, 0xa4, 0x73, 0xcd, 0xb3, 0xd5, 0x52, 0xcd,
    0x15, 0xde, 0x52, 0xc5, 0x72, 0xd5, 0x73, 0xcd, 0xf5, 0xdd, 0x56, 0xe6,
    0x0d, 0x9c, 0xcd, 0x93, 0xf1, 0xbc, 0xf1, 0xc4, 0x72, 0xcd, 0x52, 0xcd,
    0x74, 0xc5, 0x74, 0xc5, 0x53, 0xc5, 0x32, 0xc5, 0x33, 0xc5, 0x32, 0xc5,
    0x32, 0xc5, 0x12, 0xbd, 0x32, 0xbd, 0x12, 0xc5, 0xf1, 0xc4, 0x12, 0xbd,
    0x11, 0xbd, 0xf2, 0xbc, 0xf1, 0xc4, 0xf1, 0xbc, 0xf1, 0xbc, 0xf1, 0xbc,
    0xf1, 0xbc, 0xd0, 0xbc, 0xd0, 0xbc, 0xd0, 0xb4, 0xd0, 0xb4, 0xb0, 0xb4,
    0xb0, 0xb4, 0xd0, 0xb4, 0xb0, 0xb4, 0x90, 0xb4, 0x90, 0xb4, 0x8f, 0xb4,
    0x8f, 0xac, 0x8f, 0xac, 0x6e, 0xac, 0x4f, 0xac, 0x4e, 0xa4, 0x4e, 0xac,
    0x2e, 0xa4, 0x2e, 0xa4, 0x4e, 0xa4, 0x4e, 0xac, 0x2e, 0xa4, 0x4f, 0xac,
    0xb0, 0xac, 0xb5, 0xc5, 0x78, 0xe6, 0x78, 0xe6, 0x58, 0xe6, 0x77, 0xe6,
    0x78, 0xe6, 0x57, 0xde, 0x57, 0xde, 0x57, 0xde, 0x57, 0xe6, 0x57, 0xde,
    0x58, 0xde, 0x77, 0xe6, 0x57, 0xde, 0x57, 0xde, 0x57, 0xde, 0x77, 0xe6,
    0x37, 0xde, 0x57, 0xe6, 0x16, 0xde, 0x15, 0xde, 0xd5, 0xd5, 0x36, 0xde,
    0x77, 0xe6, 0x57, 0xe6, 0x16, 0xde, 0x36, 0xe6, 0x16, 0xde, 0xf6, 0xdd,
    0x94, 0xcd, 0x94, 0xd5, 0x94, 0xd5, 0x73, 0xcd, 0x77, 0xe6, 0x57, 0xee,
    0x97, 0xe6, 0x57, 0xe6, 0xb8, 0xee, 0x98, 0xee, 0x98, 0xee, 0x98, 0xee,
    0xd9, 0xee, 0xb8, 0xee, 0xd8, 0xf6, 0xd9, 0xf6, 0xd9, 0xf6, 0xb8, 0xee,
    0x98, 0xee, 0x57, 0xee, 0x56, 0xe6, 0x36, 0xe6, 0x16, 0xe6, 0x77, 0xe6,
    0x97, 0xee, 0x97, 0xee, 0xb5, 0xd5, 0xb4, 0xd5, 0xd5, 0xdd, 0x53, 0xd5,
    0x12, 0xcd, 0x12, 0xcd, 0x73, 0xd5, 0xf6, 0xdd, 0x77, 0xe6, 0x98, 0xee,
    0x77, 0xee, 0x98, 0xe6, 0x77, 0xe6, 0x78, 0xe6, 0x77, 0xe6, 0x57, 0xe6,
    0x36, 0xde, 0xd5, 0xcd, 0xce, 0x93, 0x2b, 0x7b, 0x4b, 0x83, 0x8c, 0x8b,
    0xed, 0x9b, 0xed, 0x9b, 0x8b, 0x93, 0x6b, 0x8b, 0xed, 0x9b, 0x8b, 0x8b,
    0x4b, 0x8b, 0x4b, 0x8b, 0x8b, 0x93, 0x8b, 0x93, 0x4b, 0x8b, 0x8b, 0x93,
    0x6b, 0x93, 0xab, 0x93, 0x6b, 0x8b, 0x2a, 0x8b, 0xe9, 0x72, 0xed, 0x9b,
    0x73, 0xbd, 0x16, 0xde, 0x16, 0xde, 0xf5, 0xd5, 0xf6, 0xd5, 0xd5, 0xd5,
    0xf5, 0xd5, 0x16, 0xde, 0x36, 0xe6, 0x36, 0xde, 0x37, 0xde, 0x56, 0xe6,
    0x56, 0xe6, 0x37, 0xde, 0x16, 0xde, 0x37, 0xe6, 0x56, 0xe6, 0x57, 0xe6,
    0x57, 0xe6, 0x76, 0xe6, 0x36, 0xe6, 0xf5, 0xdd, 0xb4, 0xd5, 0xd4, 0xdd,
    0xf5, 0xdd, 0x36, 0xe6, 0x36, 0xe6, 0x56, 0xe6, 0x77, 0xe6, 0x77, 0xe6,
    0x36, 0xe6, 0x36, 0xe6, 0x97, 0xee, 0x98, 0xee, 0x78, 0xee, 0x77, 0xe6,
    0x98, 0xee, 0xb8, 0xee, 0xb8, 0xf6, 0x98, 0xee, 0xb8, 0xee, 0xb8, 0xee,
    0xb8, 0xee, 0xb8, 0xee, 0x57, 0xe6, 0x36, 0xe6, 0x57, 0xe6, 0x16, 0xe6,
    0x16, 0xe6, 0x56, 0xe6, 0x77, 0xee, 0x77, 0xee, 0xb8, 0xee, 0xb8, 0xf6,
    0xb8, 0xee, 0xd8, 0xee, 0xd9, 0xee, 0xf9, 0xf6, 0x19, 0xf7, 0xfa, 0xf6,
    0x1a, 0xf7, 0x1a, 0xf7, 0x1a, 0xf7, 0x1a, 0xff, 0x1b, 0xf7, 0x1a, 0xf7,
    0x3b, 0xff, 0x5b, 0xff, 0x5c, 0xff, 0x5c, 0xff, 0x9c, 0xff, 0x9d, 0xff,
    0x9d, 0xff, 0xff, 0xff, 0xff, 0xff, 0xdf, 0xff, 0xdf, 0xff, 0xbe, 0xff,
    0x9d, 0xff, 0xff, 0xff, 0xba, 0xe6, 0xd6, 0xd5, 0xf6, 0xd5, 0xf5, 0xd5,
    0xd1, 0xb4, 0x15, 0xde, 0xcd, 0x93, 0x8b, 0x93, 0x11, 0xc5, 0x88, 0x62,
    0xed, 0x9b, 0xac, 0x93, 0x90, 0xb4, 0x11, 0xc5, 0xb3, 0xd5, 0x11, 0xc5,
    0x51, 0xd5, 0x72, 0xd5, 0x73, 0xcd, 0x11, 0xc5, 0x93, 0xd5, 0xd4, 0xe5,
    0x4e, 0xa4, 0x0a, 0x7b, 0x0d, 0xa4, 0xcc, 0x9b, 0x4b, 0x8b, 0xd0, 0xbc,
    0xd0, 0xbc, 0xaf, 0xbc, 0xec, 0x9b, 0xaf, 0xbc, 0xf1, 0xbc, 0x10, 0xc5,
    0x10, 0xc5, 0x6b, 0x8b, 0x2a, 0x7b, 0x2a, 0x7b, 0x6e, 0xb4, 0x10, 0xcd,
    0xf0, 0xc4, 0xf0, 0xbc, 0xcf, 0xc4, 0x51, 0xd5, 0x31, 0xcd, 0xb3, 0xd5,
    0xd4, 0xdd, 0xd4, 0xdd, 0x52, 0xc5, 0xcc, 0x9b, 0xed, 0x9b, 0x8f, 0xb4,
    0x6e, 0xac, 0x0d, 0xa4, 0xaf, 0xbc, 0x11, 0xc5, 0xf0, 0xbc, 0x2e, 0xac,
    0x6f, 0xb4, 0x93, 0xd5, 0x72, 0xd5, 0x72, 0xd5, 0xb3, 0xd5, 0x32, 0xcd,
    0xf0, 0xbc, 0x32, 0xcd, 0x14, 0xde, 0x76, 0xee, 0x4e, 0xa4, 0x4e, 0xac,
    0x4b, 0x7b, 0xac, 0x93, 0x10, 0xc5, 0xb4, 0xd5, 0x32, 0xc5, 0xd3, 0xdd,
    0xd4, 0xdd, 0x93, 0xd5, 0xb3, 0xd5, 0x11, 0xbd, 0xed, 0xa3, 0xd0, 0xbc,
    0xd0, 0xb4, 0x8c, 0x8b, 0x32, 0xcd, 0x2e, 0xa4, 0xf0, 0xbc, 0x53, 0xcd,
    0xd4, 0xdd, 0xb3, 0xd5, 0xd4, 0xd5, 0x74, 0xcd, 0xb3, 0xd5, 0xb4, 0xd5,
    0x36, 0xde, 0x2e, 0xa4, 0xed, 0x9b, 0x72, 0xd5, 0x32, 0xc5, 0x52, 0xcd,
    0x73, 0xcd, 0x74, 0xc5, 0x53, 0xc5, 0x53, 0xc5, 0x53, 0xc5, 0x52, 0xc5,
    0x32, 0xc5, 0x32, 0xc5, 0x12, 0xbd, 0x11, 0xc5, 0x31, 0xbd, 0x12, 0xbd,
    0x11, 0xbd, 0xf1, 0xc4, 0x12, 0xbd, 0xf1, 0xbc, 0xf1, 0xbc, 0xf1, 0xbc,
    0xf1, 0xbc, 0xd1, 0xbc, 0xd1, 0xbc, 0xd0, 0xbc, 0xd0, 0xb4, 0xb0, 0xb4,
    0xd0, 0xb4, 0xb0, 0xb4, 0x90, 0xb4, 0xb0, 0xb4, 0x8f, 0xb4, 0xb0, 0xb4,
    0x90, 0xac, 0x6f, 0xb4, 0x6f, 0xac, 0x6f, 0xac, 0x4f, 0xac, 0x4e, 0xac,
    0x4f, 0xa4, 0x2e, 0xa4, 0x2e, 0xa4, 0x2e, 0xac, 0x4e, 0xa4, 0x4e, 0xa4,
    0x4e, 0xa4, 0x70, 0xac, 0x73, 0xc5, 0x57, 0xde, 0x78, 0xe6, 0x77, 0xe6,
    0x78, 0xde, 0x57, 0xde, 0x78, 0xe6, 0x57, 0xe6, 0x37, 0xde, 0x57, 0xde,
    0x58, 0xe6, 0x57, 0xe6, 0x58, 0xde, 0x57, 0xe6, 0x57, 0xde, 0x37, 0xe6,
    0x36, 0xde, 0x57, 0xde, 0x36, 0xde, 0xf6, 0xdd, 0x74, 0xcd, 0x37, 0xde,
    0x16, 0xde, 0x57, 0xde, 0x37, 0xe6, 0x16, 0xde, 0x36, 0xde, 0x16, 0xde,
    0xb4, 0xdd, 0x53, 0xcd, 0x53, 0xcd, 0xb4, 0xd5, 0xb4, 0xd5, 0x16, 0xde,
    0x37, 0xe6, 0x57, 0xe6, 0x77, 0xe6, 0x77, 0xee, 0x97, 0xee, 0x78, 0xe6,
    0xb8, 0xee, 0xb8, 0xee, 0xd9, 0xf6, 0xd9, 0xf6, 0xd8, 0xee, 0xd9, 0xee,
    0xb8, 0xee, 0xb8, 0xee, 0x98, 0xee, 0x77, 0xee, 0x56, 0xe6, 0x56, 0xe6,
    0x16, 0xde, 0x77, 0xee, 0x97, 0xf6, 0x37, 0xe6, 0x94, 0xd5, 0xd5, 0xdd,
    0xd5, 0xd5, 0x33, 0xd5, 0x12, 0xd5, 0x33, 0xd5, 0x53, 0xd5, 0xd5, 0xd5,
    0x57, 0xe6, 0x77, 0xee, 0x77, 0xe6, 0x57, 0xe6, 0x57, 0xe6, 0x77, 0xe6,
    0x16, 0xde, 0xd5, 0xd5, 0xf1, 0xb4, 0xea, 0x72, 0x2b, 0x83, 0xac, 0x93,
    0x6b, 0x8b, 0x8c, 0x8b, 0x8b, 0x8b, 0xab, 0x93, 0x6b, 0x93, 0xac, 0x93,
    0x4b, 0x8b, 0x8b, 0x93, 0x6b, 0x8b, 0x6b, 0x8b, 0x8b, 0x93, 0x6b, 0x93,
    0x8b, 0x8b, 0xac, 0x93, 0x6b, 0x93, 0x6b, 0x8b, 0x2a, 0x83, 0x4b, 0x8b,
    0x2f, 0xa4, 0xb5, 0xcd, 0x36, 0xde, 0xf5, 0xd5, 0xf5, 0xd5, 0xd5, 0xdd,
    0xf5, 0xd5, 0xf5, 0xdd, 0x36, 0xde, 0x36, 0xde, 0x36, 0xde, 0x36, 0xe6,
    0x37, 0xde, 0x36, 0xde, 0x15, 0xde, 0x16, 0xde, 0x77, 0xe6, 0x57, 0xe6,
    0x37, 0xe6, 0x77, 0xe6, 0x57, 0xe6, 0x16, 0xde, 0xb4, 0xd5, 0xb4, 0xd5,
    0xf6, 0xdd, 0x36, 0xe6, 0x36, 0xe6, 0x57, 0xe6, 0x77, 0xee, 0x57, 0xe6,
    0x56, 0xe6, 0x36, 0xe6, 0x57, 0xe6, 0x77, 0xee, 0x98, 0xee, 0x98, 0xee,
    0x77, 0xee, 0x98, 0xee, 0xb8, 0xee, 0xb8, 0xee, 0xb8, 0xee, 0xd8, 0xee,
    0xb8, 0xee, 0x98, 0xf6, 0xb8, 0xee, 0x57, 0xe6, 0x56, 0xee, 0x36, 0xee,
    0x57, 0xe6, 0x36, 0xe6, 0x57, 0xe6, 0x77, 0xee, 0x77, 0xee, 0x98, 0xee,
    0xb8, 0xf6, 0xb9, 0xf6, 0xd9, 0xf6, 0xd9, 0xf6, 0xfa, 0xf6, 0x1a, 0xf7,
    0xfa, 0xf6, 0xfa, 0xf6, 0x3a, 0xf7, 0x3b, 0xf7, 0x1b, 0xff, 0x1a, 0xf7,
    0x1b, 0xf7, 0x3a, 0xf7, 0x5b, 0xff, 0x7c, 0xff, 0x5c, 0xff, 0x7c, 0xff,
    0xbd, 0xff, 0x9d, 0xff, 0xbe, 0xff, 0xff, 0xff, 0xdf, 0xff, 0xde, 0xff,
    0xde, 0xff, 0x9d, 0xff, 0xde, 0xff, 0x99, 0xe6, 0x33, 0xbd, 0x16, 0xde,
    0x32, 0xc5, 0x12, 0xc5, 0xf4, 0xdd, 0xd0, 0xb4, 0x4c, 0x8b, 0xb0, 0xbc,
    0xab, 0x93, 0xed, 0xa3, 0xea, 0x72, 0x4b, 0x83, 0x6e, 0xb4, 0x11, 0xc5,
    0x11, 0xc5, 0x6f, 0xb4, 0x31, 0xc5, 0xaf, 0xbc, 0x11, 0xc5, 0x8f, 0xb4,
    0xcf, 0xbc, 0x8f, 0xb4, 0x8c, 0x93, 0xac, 0x9b, 0x8f, 0xbc, 0xec, 0x9b,
    0x4e, 0xac, 0x31, 0xcd, 0x72, 0xd5, 0x72, 0xd5, 0x8f, 0xb4, 0x31, 0xcd,
    0x52, 0xcd, 0x92, 0xd5, 0x52, 0xd5, 0x2d, 0xac, 0x4a, 0x83, 0xe9, 0x72,
    0x93, 0xdd, 0x52, 0xd5, 0x31, 0xc5, 0x31, 0xc5, 0x72, 0xd5, 0xb3, 0xdd,
    0x32, 0xcd, 0x52, 0xcd, 0xf4, 0xdd, 0xb7, 0xf6, 0x93, 0xd5, 0x6a, 0x83,
    0xd0, 0xc4, 0x4e, 0xac, 0x8c, 0x8b, 0x8f, 0xbc, 0xd0, 0xc4, 0x11, 0xc5,
    0x8f, 0xb4, 0x0d, 0xa4, 0x2d, 0xa4, 0xb3, 0xd5, 0xb3, 0xd5, 0x56, 0xe6,
    0x56, 0xe6, 0x75, 0xee, 0x73, 0xd5, 0xb3, 0xdd, 0x14, 0xde, 0x6f, 0xac,
    0x6f, 0xb4, 0xac, 0x93, 0xed, 0x9b, 0x6e, 0xbc, 0x52, 0xcd, 0x93, 0xcd,
    0xf1, 0xcc, 0xb4, 0xdd, 0xb3, 0xd5, 0xd4, 0xd5, 0x31, 0xcd, 0xb0, 0xbc,
    0xac, 0x93, 0xd0, 0xbc, 0x31, 0xc5, 0x0e, 0xa4, 0xf1, 0xc4, 0x52, 0xc5,
    0x73, 0xd5, 0x31, 0xc5, 0xb4, 0xd5, 0xf4, 0xdd, 0x32, 0xcd, 0x94, 0xcd,
    0x52, 0xcd, 0x8f, 0xac, 0xd1, 0xbc, 0x6e, 0xac, 0xd4, 0xdd, 0x72, 0xcd,
    0x11, 0xbd, 0xd4, 0xd5, 0x74, 0xc5, 0x53, 0xcd, 0x53, 0xc5, 0x53, 0xc5,
    0x32, 0xc5, 0x32, 0xc5, 0x32, 0xc5, 0x12, 0xc5, 0x12, 0xc5, 0x11, 0xbd,
    0x11, 0xbd, 0x11, 0xbd, 0xf1, 0xc4, 0xf1, 0xbc, 0xf1, 0xbc, 0xf1, 0xbc,
    0xd1, 0xbc, 0xd0, 0xbc, 0xd0, 0xbc, 0xd0, 0xb4, 0xd0, 0xb4, 0xb0, 0xbc,
    0xb0, 0xb4, 0xb0, 0xb4, 0xb0, 0xb4, 0xb0, 0xb4, 0xb0, 0xb4, 0xb0, 0xb4,
    0x8f, 0xb4, 0x8f, 0xb4, 0x90, 0xb4, 0x6f, 0xac, 0x6f, 0xac, 0x6f, 0xac,
    0x6f, 0xac, 0x4e, 0xa4, 0x4f, 0xa4, 0x2e, 0xa4, 0x2e, 0xa4, 0x2f, 0xa4,
    0x4e, 0xa4, 0x4f, 0xac, 0x4f, 0xac, 0xd1, 0xb4, 0xf6, 0xcd, 0x98, 0xe6,
    0x78, 0xe6, 0x57, 0xde, 0x78, 0xe6, 0x57, 0xe6, 0x57, 0xde, 0x37, 0xde,
    0x37, 0xde, 0x57, 0xde, 0x57, 0xe6, 0x57, 0xe6, 0x77, 0xe6, 0x37, 0xde,
    0x36, 0xde, 0x36, 0xde, 0x57, 0xe6, 0x16, 0xd6, 0xb5, 0xd5, 0xd5, 0xd5,
    0x36, 0xde, 0xf6, 0xdd, 0x57, 0xe6, 0x36, 0xde, 0x57, 0xe6, 0x57, 0xde,
    0xf5, 0xdd, 0x94, 0xd5, 0x52, 0xc5, 0x32, 0xc5, 0xd5, 0xdd, 0xb5, 0xd5,
    0xf5, 0xdd, 0x57, 0xe6, 0x36, 0xe6, 0x57, 0xe6, 0xb8, 0xee, 0x98, 0xee,
    0x77, 0xe6, 0xd8, 0xf6, 0xb9, 0xee, 0xb8, 0xee, 0x98, 0xee, 0xd9, 0xf6,
    0xd9, 0xee, 0xf9, 0xf6, 0xb9, 0xee, 0xd8, 0xf6, 0x98, 0xe6, 0x78, 0xee,
    0x77, 0xee, 0x36, 0xe6, 0x57, 0xe6, 0x98, 0xee, 0x77, 0xe6, 0xd5, 0xdd,
    0xf5, 0xdd, 0x36, 0xe6, 0x73, 0xcd, 0x12, 0xcd, 0x32, 0xd5, 0x33, 0xd5,
    0x12, 0xcd, 0xb4, 0xd5, 0x57, 0xe6, 0x16, 0xde, 0x77, 0xe6, 0x57, 0xe6,
    0x16, 0xde, 0x12, 0xb5, 0x6d, 0x83, 0x0a, 0x73, 0x8c, 0x93, 0x2a, 0x7b,
    0x0a, 0x7b, 0x8c, 0x93, 0xac, 0x9b, 0xcc, 0x9b, 0xed, 0x9b, 0xcd, 0x9b,
    0xac, 0x93, 0x6b, 0x8b, 0x2a, 0x83, 0x4b, 0x83, 0x6b, 0x8b, 0x4b, 0x8b,
    0x8c, 0x93, 0x0d, 0x9c, 0x6b, 0x8b, 0x6b, 0x93, 0x4a, 0x8b, 0xea, 0x7a,
    0xed, 0x9b, 0x90, 0xac, 0x36, 0xd6, 0xf5, 0xd5, 0xd5, 0xd5, 0xd4, 0xdd,
    0xd4, 0xd5, 0xf5, 0xd5, 0x16, 0xde, 0x36, 0xde, 0x36, 0xde, 0x37, 0xde,
    0x36, 0xde, 0x16, 0xde, 0x16, 0xde, 0x36, 0xde, 0x57, 0xe6, 0x56, 0xe6,
    0x36, 0xde, 0x77, 0xe6, 0x77, 0xe6, 0x56, 0xe6, 0xd5, 0xd5, 0x93, 0xd5,
    0xf5, 0xdd, 0x56, 0xe6, 0x36, 0xde, 0x36, 0xe6, 0x77, 0xe6, 0x77, 0xee,
    0x37, 0xe6, 0x56, 0xe6, 0x57, 0xe6, 0x57, 0xe6, 0x97, 0xe6, 0x98, 0xee,
    0xb7, 0xee, 0x78, 0xe6, 0xb8, 0xee, 0xb8, 0xee, 0xb8, 0xee, 0xd8, 0xf6,
    0xb9, 0xee, 0xb8, 0xee, 0xb8, 0xee, 0x98, 0xee, 0x77, 0xe6, 0x57, 0xe6,
    0x57, 0xe6, 0x56, 0xee, 0x56, 0xee, 0x57, 0xe6, 0x77, 0xee, 0x98, 0xee,
    0xb8, 0xee, 0xb8, 0xee, 0xd9, 0xf6, 0xd9, 0xf6, 0xd9, 0xee, 0xf9, 0xf6,
    0x1a, 0xf7, 0x1a, 0xf7, 0x1a, 0xf7, 0x3a, 0xff, 0x1b, 0xff, 0x3a, 0xf7,
    0x3a, 0xf7, 0x3b, 0xff, 0x3b, 0xf7, 0x3b, 0xff, 0x5c, 0xff, 0x7c, 0xff,
    0x7d, 0xff, 0x9d, 0xff, 0x9d, 0xff, 0xbe, 0xff, 0xde, 0xff, 0xff, 0xff,
    0xde, 0xff, 0xbe, 0xff, 0x9d, 0xff, 0x1c, 0xf7, 0x78, 0xe6, 0xb4, 0xd5,
    0xf4, 0xdd, 0x73, 0xcd, 0x15, 0xde, 0xb4, 0xd5, 0xb8, 0xee, 0x4e, 0xac,
    0x8c, 0x93, 0xcc, 0x9b, 0x6e, 0xb4, 0x8b, 0x8b, 0x4a, 0x8b, 0x11, 0xcd,
    0x4e, 0xb4, 0x6e, 0xac, 0x2e, 0xac, 0xae, 0xbc, 0x52, 0xcd, 0x72, 0xd5,
    0x14, 0xde, 0xf4, 0xdd, 0xb3, 0xd5, 0xb3, 0xdd, 0xac, 0x9b, 0x4b, 0x8b,
    0x8f, 0xb4, 0x4e, 0xac, 0xf1, 0xc4, 0x52, 0xcd, 0x52, 0xcd, 0xd3, 0xdd,
    0x72, 0xd5, 0xd3, 0xdd, 0xb3, 0xdd, 0xd4, 0xdd, 0xd3, 0xdd, 0xd0, 0xbc,
    0xea, 0x7a, 0xe9, 0x7a, 0xb3, 0xdd, 0x72, 0xd5, 0xf4, 0xdd, 0x93, 0xd5,
    0xb4, 0xdd, 0x15, 0xe6, 0xd3, 0xdd, 0x93, 0xd5, 0x93, 0xd5, 0x97, 0xee,
    0xf3, 0xd5, 0x8f, 0xbc, 0x11, 0xc5, 0xac, 0x93, 0x51, 0xcd, 0xf4, 0xdd,
    0x11, 0xc5, 0xaf, 0xb4, 0xb0, 0xbc, 0x11, 0xc5, 0x6e, 0xb4, 0x72, 0xcd,
    0xd4, 0xd5, 0x56, 0xe6, 0xd4, 0xdd, 0x55, 0xe6, 0xf4, 0xdd, 0x52, 0xcd,
    0x11, 0xbd, 0xf1, 0xbc, 0x8f, 0xbc, 0xd0, 0xbc, 0x8f, 0xb4, 0x11, 0xcd,
    0xd4, 0xd5, 0x52, 0xd5, 0x31, 0xcd, 0x93, 0xd5, 0xb4, 0xd5, 0x90, 0xb4,
    0xed, 0x9b, 0x2e, 0xa4, 0x8c, 0x8b, 0xb0, 0xbc, 0x31, 0xc5, 0xf0, 0xbc,
    0x52, 0xcd, 0xb3, 0xd5, 0xb4, 0xd5, 0x32, 0xc5, 0x52, 0xcd, 0x73, 0xcd,
    0x52, 0xcd, 0xb0, 0xb4, 0x6f, 0xa4, 0x4f, 0xa4, 0x0b, 0x7b, 0x4f, 0xa4,
    0xd4, 0xd5, 0x93, 0xd5, 0x73, 0xcd, 0x74, 0xc5, 0x74, 0xc5, 0x53, 0xc5,
    0x33, 0xc5, 0x32, 0xc5, 0x32, 0xc5, 0x32, 0xc5, 0x12, 0xbd, 0x12, 0xc5,
    0x12, 0xc5, 0x12, 0xbd, 0xf1, 0xc4, 0x11, 0xbd, 0x11, 0xbd, 0xf1, 0xbc,
    0xf1, 0xbc, 0xf1, 0xb4, 0xd1, 0xbc, 0xd1, 0xb4, 0xb0, 0xb4, 0xb0, 0xb4,
    0xb0, 0xb4, 0xb0, 0xb4, 0xb0, 0xb4, 0xaf, 0xb4, 0xb0, 0xb4, 0xaf, 0xb4,
    0xb0, 0xb4, 0x90, 0xac, 0xb0, 0xb4, 0x90, 0xac, 0x8f, 0xac, 0x6f, 0xac,
    0x6f, 0xac, 0x6e, 0xac, 0x4f, 0xac, 0x4f, 0xac, 0x4e, 0xa4, 0x4e, 0xa4,
    0x4e, 0xa4, 0x2e, 0xa4, 0x4e, 0xac, 0x4f, 0xa4, 0x6f, 0xac, 0x53, 0xbd,
    0x57, 0xe6, 0x78, 0xe6, 0x57, 0xde, 0x57, 0xe6, 0x57, 0xde, 0x57, 0xde,
    0x37, 0xde, 0x36, 0xde, 0x37, 0xde, 0x57, 0xde, 0x57, 0xde, 0x57, 0xde,
    0x36, 0xde, 0x36, 0xde, 0x37, 0xde, 0x36, 0xde, 0xf5, 0xd5, 0xb5, 0xd5,
    0xb4, 0xcd, 0x36, 0xde, 0x36, 0xde, 0x57, 0xde, 0x37, 0xde, 0x77, 0xe6,
    0x16, 0xde, 0x36, 0xde, 0xb5, 0xd5, 0x53, 0xcd, 0x12, 0xcd, 0xf5, 0xdd,
    0x94, 0xcd, 0xd4, 0xd5, 0x37, 0xe6, 0x57, 0xe6, 0x37, 0xde, 0x97, 0xe6,
    0x77, 0xee, 0x98, 0xee, 0xb8, 0xee, 0xb9, 0xee, 0xb8, 0xee, 0x98, 0xee,
    0xd9, 0xee, 0xd9, 0xf6, 0xd9, 0xf6, 0xb8, 0xee, 0xb9, 0xee, 0xd9, 0xee,
    0xb8, 0xee, 0xb8, 0xee, 0x97, 0xee, 0x16, 0xde, 0x77, 0xee, 0x77, 0xee,
    0x36, 0xe6, 0xf5, 0xdd, 0x16, 0xe6, 0x16, 0xde, 0x33, 0xd5, 0x32, 0xcd,
    0x53, 0xd5, 0x32, 0xcd, 0x32, 0xcd, 0x33, 0xc5, 0xf2, 0xbc, 0x90, 0xac,
    0x4f, 0xa4, 0xad, 0x8b, 0xcd, 0x93, 0x4a, 0x83, 0xa9, 0x6a, 0x0a, 0x7b,
    0x8c, 0x93, 0x8b, 0x8b, 0xcc, 0x93, 0xec, 0x9b, 0xcc, 0x9b, 0xad, 0x9b,
    0xec, 0x9b, 0xac, 0x93, 0x6b, 0x93, 0x4b, 0x83, 0x0a, 0x7b, 0xea, 0x7a,
    0xea, 0x72, 0x4b, 0x83, 0xac, 0x9b, 0xcc, 0x9b, 0xac, 0x93, 0x6b, 0x8b,
    0x0a, 0x7b, 0xed, 0x9b, 0x12, 0xbd, 0xf5, 0xd5, 0xf5, 0xd5, 0xd5, 0xd5,
    0xd5, 0xd5, 0xb5, 0xd5, 0xf5, 0xd5, 0x16, 0xde, 0x37, 0xde, 0x16, 0xde,
    0x16, 0xde, 0x36, 0xde, 0x16, 0xde, 0x16, 0xde, 0x57, 0xe6, 0x56, 0xe6,
    0x37, 0xde, 0x57, 0xe6, 0x77, 0xe6, 0x57, 0xe6, 0x16, 0xde, 0xb4, 0xd5,
    0xb4, 0xd5, 0x36, 0xe6, 0x57, 0xe6, 0x36, 0xde, 0x36, 0xe6, 0x77, 0xe6,
    0x77, 0xe6, 0x56, 0xe6, 0x57, 0xe6, 0x57, 0xee, 0x77, 0xee, 0x97, 0xee,
    0x98, 0xee, 0x98, 0xee, 0x97, 0xee, 0x98, 0xee, 0xb8, 0xf6, 0xd8, 0xf6,
    0xd9, 0xee, 0xb9, 0xf6, 0xb8, 0xee, 0xb8, 0xee, 0x98, 0xee, 0x57, 0xe6,
    0x36, 0xe6, 0x56, 0xe6, 0x37, 0xe6, 0x56, 0xe6, 0x36, 0xe6, 0x57, 0xe6,
    0x77, 0xee, 0x98, 0xee, 0xb9, 0xee, 0xd8, 0xf6, 0xd9, 0xf6, 0xd9, 0xee,
    0xf9, 0xf6, 0xf9, 0xf6, 0x19, 0xf7, 0x1a, 0xf7, 0x3a, 0xf7, 0x1a, 0xf7,
    0x3b, 0xff, 0x3a, 0xff, 0x3b, 0xf7, 0x3b, 0xff, 0x3b, 0xf7, 0x5b, 0xff,
    0x7c, 0xff, 0x9c, 0xff, 0x9d, 0xff, 0x9d, 0xff, 0xbd, 0xff, 0xde, 0xff,
    0xff, 0xff, 0xde, 0xff, 0xbd, 0xff, 0x3c, 0xf7, 0xb9, 0xde, 0x16, 0xde,
    0xb4, 0xd5, 0xf5, 0xdd, 0xf5, 0xdd, 0x36, 0xde, 0xf5, 0xd5, 0x15, 0xde,
    0xd0, 0xbc, 0x2a, 0x7b, 0x2e, 0xa4, 0x4e, 0xb4, 0xcd, 0x9b, 0xa8, 0x6a,
    0x8e, 0xb4, 0x11, 0xc5, 0xaf, 0xb4, 0xf0, 0xc4, 0x51, 0xd5, 0x72, 0xcd,
    0x90, 0xbc, 0x31, 0xcd, 0x72, 0xd5, 0xf0, 0xbc, 0xaf, 0xbc, 0x6e, 0xa4,
    0xc9, 0x72, 0xed, 0xa3, 0x31, 0xcd, 0x8f, 0xbc, 0x11, 0xcd, 0x11, 0xc5,
    0x31, 0xc5, 0x52, 0xd5, 0xb3, 0xdd, 0x72, 0xcd, 0x11, 0xc5, 0x52, 0xcd,
    0xaf, 0xbc, 0x4e, 0xac, 0x6b, 0x8b, 0xea, 0x7a, 0x11, 0xc5, 0xf0, 0xc4,
    0x15, 0xe6, 0x72, 0xcd, 0xf4, 0xdd, 0x35, 0xe6, 0x56, 0xe6, 0xb3, 0xd5,
    0xf0, 0xc4, 0x77, 0xee, 0x0d, 0x9c, 0xed, 0x9b, 0xed, 0x9b, 0x0e, 0xa4,
    0xf1, 0xbc, 0xd4, 0xdd, 0x11, 0xcd, 0x52, 0xcd, 0x11, 0xc5, 0x32, 0xcd,
    0x11, 0xc5, 0x31, 0xcd, 0x52, 0xcd, 0x52, 0xcd, 0x51, 0xcd, 0x52, 0xcd,
    0x2e, 0xa4, 0xd0, 0xbc, 0x6e, 0xb4, 0xd1, 0xb4, 0x6f, 0xac, 0xea, 0x72,
    0xac, 0x93, 0x70, 0xac, 0xb0, 0xb4, 0xf1, 0xbc, 0x0e, 0x9c, 0x2e, 0xa4,
    0x6c, 0x8b, 0xc9, 0x6a, 0x8c, 0x8b, 0x6c, 0x8b, 0xcd, 0x9b, 0xd0, 0xb4,
    0x31, 0xc5, 0x6f, 0xac, 0xb3, 0xd5, 0x35, 0xde, 0xb4, 0xd5, 0x93, 0xd5,
    0x93, 0xcd, 0xb4, 0xd5, 0x2e, 0xa4, 0x2a, 0x7b, 0xac, 0x8b, 0xed, 0x93,
    0x4b, 0x83, 0x6c, 0x8b, 0xf1, 0xb4, 0x93, 0xd5, 0x74, 0xcd, 0x53, 0xc5,
    0x53, 0xc5, 0x53, 0xc5, 0x52, 0xc5, 0x33, 0xcd, 0x32, 0xbd, 0x12, 0xbd,
    0x12, 0xc5, 0x11, 0xc5, 0xf2, 0xbc, 0xf1, 0xbc, 0x12, 0xbd, 0xf1, 0xc4,
    0xf1, 0xbc, 0xf1, 0xbc, 0xf0, 0xbc, 0xd0, 0xb4, 0xd0, 0xb4, 0xd0, 0xb4,
    0xb0, 0xb4, 0xb0, 0xb4, 0x90, 0xb4, 0xb0, 0xb4, 0x8f, 0xb4, 0xb0, 0xb4,
    0x90, 0xb4, 0x8f, 0xb4, 0xb0, 0xb4, 0x8f, 0xb4, 0x8f, 0xb4, 0x8f, 0xb4,
    0x8f, 0xac, 0x6f, 0xac, 0x4f, 0xac, 0x6e, 0xac, 0x6f, 0xac, 0x4e, 0xac,
    0x4f, 0xac, 0x4e, 0xac, 0x2f, 0xa4, 0x4e, 0xa4, 0x4e, 0xa4, 0x4e, 0xa4,
    0xd1, 0xb4, 0x57, 0xde, 0x58, 0xe6, 0x77, 0xe6, 0x57, 0xde, 0x58, 0xde,
    0x77, 0xe6, 0x57, 0xde, 0x37, 0xde, 0x37, 0xde, 0x57, 0xde, 0x57, 0xde,
    0x57, 0xde, 0x36, 0xde, 0x16, 0xde, 0x36, 0xde, 0xf6, 0xd5, 0xd5, 0xdd,
    0xb4, 0xd5, 0xb4, 0xcd, 0x37, 0xe6, 0x37, 0xde, 0x36, 0xe6, 0x57, 0xde,
    0x57, 0xe6, 0x16, 0xde, 0x56, 0xde, 0xd5, 0xd5, 0x73, 0xcd, 0x12, 0xc5,
    0xd4, 0xd5, 0x53, 0xcd, 0x93, 0xcd, 0x36, 0xde, 0x57, 0xe6, 0x57, 0xe6,
    0x77, 0xe6, 0x98, 0xe6, 0x98, 0xee, 0x98, 0xe6, 0x98, 0xee, 0xb8, 0xee,
    0xb9, 0xee, 0xb8, 0xee, 0xd9, 0xf6, 0xd8, 0xf6, 0xd9, 0xee, 0xd8, 0xee,
    0xd8, 0xf6, 0xb8, 0xee, 0xb8, 0xee, 0xb8, 0xee, 0x57, 0xe6, 0x57, 0xe6,
    0x97, 0xee, 0x77, 0xe6, 0xf5, 0xdd, 0x16, 0xde, 0x36, 0xe6, 0xf5, 0xdd,
    0x33, 0xcd, 0x53, 0xd5, 0x32, 0xc5, 0xb0, 0xb4, 0x90, 0xac, 0x2e, 0xa4,
    0x8c, 0x83, 0x0a, 0x7b, 0x4b, 0x83, 0x6b, 0x8b, 0x4b, 0x83, 0x6b, 0x8b,
    0x6b, 0x8b, 0xac, 0x93, 0xcc, 0x93, 0xed, 0xa3, 0x0d, 0xa4, 0x0d, 0xa4,
    0x0d, 0xa4, 0x2d, 0xa4, 0xcd, 0x9b, 0xac, 0x93, 0xcc, 0x9b, 0xcc, 0x9b,
    0xcc, 0x9b, 0x6b, 0x8b, 0x0a, 0x7b, 0x6b, 0x8b, 0xcc, 0x9b, 0xcc, 0x9b,
    0xac, 0x9b, 0x8c, 0x93, 0x2d, 0xa4, 0xb1, 0xb4, 0xf6, 0xd5, 0xf5, 0xdd,
    0xd5, 0xd5, 0xb5, 0xcd, 0xf5, 0xd5, 0x15, 0xd6, 0x16, 0xde, 0x36, 0xde,
    0x16, 0xde, 0x36, 0xde, 0x16, 0xde, 0x16, 0xde, 0x56, 0xe6, 0x37, 0xe6,
    0x57, 0xde, 0x56, 0xe6, 0x57, 0xde, 0x77, 0xe6, 0x57, 0xe6, 0xf5, 0xdd,
    0x94, 0xd5, 0xf5, 0xdd, 0x57, 0xe6, 0x57, 0xde, 0x16, 0xde, 0x36, 0xe6,
    0x57, 0xe6, 0x77, 0xe6, 0x36, 0xe6, 0x77, 0xe6, 0x56, 0xee, 0x77, 0xe6,
    0x98, 0xee, 0x98, 0xee, 0x98, 0xee, 0xb8, 0xee, 0xb8, 0xee, 0xb8, 0xee,
    0xd9, 0xee, 0xb9, 0xee, 0xd9, 0xee, 0xb8, 0xee, 0x98, 0xee, 0x77, 0xee,
    0x77, 0xe6, 0x36, 0xe6, 0x56, 0xe6, 0x16, 0xe6, 0xf5, 0xdd, 0x15, 0xde,
    0x56, 0xe6, 0x98, 0xee, 0xb8, 0xf6, 0xd9, 0xee, 0xd9, 0xee, 0xd9, 0xf6,
    0xf9, 0xf6, 0xf9, 0xf6, 0xfa, 0xf6, 0x1a, 0xf7, 0x1a, 0xf7, 0x1a, 0xff,
    0x3b, 0xf7, 0x3b, 0xff, 0x3a, 0xf7, 0x3b, 0xf7, 0x3b, 0xf7, 0x3a, 0xf7,
    0x3b, 0xff, 0x5c, 0xff, 0x7c, 0xff, 0xbd, 0xff, 0x9d, 0xff, 0x9e, 0xff,
    0xde, 0xff, 0xdf, 0xff, 0xbf, 0xff, 0x5c, 0xff, 0x99, 0xde, 0xb9, 0xe6,
    0x94, 0xcd, 0xf5, 0xdd, 0xb4, 0xd5, 0x36, 0xde, 0xf4, 0xe5, 0xf1, 0xc4,
    0x8f, 0xb4, 0xd0, 0xbc, 0x2a, 0x7b, 0xed, 0x9b, 0xcd, 0xa3, 0x6f, 0xb4,
    0x0e, 0x9c, 0xb0, 0xbc, 0x8f, 0xb4, 0x93, 0xd5, 0xf0, 0xc4, 0x73, 0xcd,
    0xf5, 0xdd, 0x35, 0xe6, 0xf5, 0xdd, 0x15, 0xe6, 0xd4, 0xdd, 0x93, 0xd5,
    0x4e, 0xac, 0x8b, 0x93, 0x2a, 0x83, 0x2a, 0x7b, 0xec, 0xa3, 0x11, 0xc5,
    0x93, 0xd5, 0xb3, 0xd5, 0x72, 0xcd, 0x31, 0xc5, 0xf4, 0xe5, 0x52, 0xcd,
    0x31, 0xcd, 0x31, 0xd5, 0x8f, 0xb4, 0x4a, 0x83, 0xa9, 0x6a, 0xec, 0x9b,
    0xaf, 0xb4, 0xd0, 0xc4, 0x92, 0xd5, 0x11, 0xc5, 0x93, 0xd5, 0xb3, 0xd5,
    0x72, 0xd5, 0x2e, 0xa4, 0x31, 0xcd, 0xd0, 0xbc, 0xaf, 0xbc, 0x8f, 0xb4,
    0x2e, 0xac, 0x4e, 0xb4, 0x8f, 0xb4, 0x4e, 0xa4, 0x8f, 0xb4, 0x15, 0xe6,
    0x52, 0xcd, 0x31, 0xcd, 0x52, 0xd5, 0x11, 0xc5, 0xf1, 0xc4, 0x52, 0xcd,
    0x11, 0xc5, 0x2e, 0xac, 0x8f, 0xb4, 0xad, 0x9b, 0x6b, 0x83, 0x2a, 0x7b,
    0xca, 0x6a, 0xa9, 0x72, 0x0a, 0x7b, 0x0a, 0x7b, 0x2b, 0x83, 0x2a, 0x7b,
    0x2a, 0x83, 0x4b, 0x83, 0x4b, 0x8b, 0x4b, 0x83, 0x4b, 0x83, 0x6b, 0x8b,
    0x0a, 0x7b, 0x0e, 0xa4, 0xed, 0x9b, 0x8c, 0x93, 0x8f, 0xac, 0xf1, 0xbc,
    0xb0, 0xb4, 0x6f, 0xac, 0x6f, 0xa4, 0x8c, 0x8b, 0xea, 0x72, 0x2b, 0x83,
    0xac, 0x8b, 0xed, 0x9b, 0xcc, 0x93, 0x4b, 0x83, 0x0d, 0x9c, 0x74, 0xcd,
    0x53, 0xc5, 0x53, 0xc5, 0x53, 0xcd, 0x33, 0xc5, 0x32, 0xc5, 0x32, 0xc5,
    0x32, 0xc5, 0x12, 0xbd, 0x11, 0xc5, 0x12, 0xbd, 0x11, 0xbd, 0xf1, 0xbc,
    0xf1, 0xbc, 0xf1, 0xbc, 0xf1, 0xbc, 0xd1, 0xbc, 0xd0, 0xbc, 0xd0, 0xb4,
    0xb0, 0xb4, 0x90, 0xb4, 0xaf, 0xb4, 0xb0, 0xb4, 0x8f, 0xac, 0x8f, 0xb4,
    0x8f, 0xb4, 0x90, 0xb4, 0x90, 0xb4, 0x8f, 0xb4, 0x8f, 0xb4, 0x90, 0xb4,
    0x90, 0xac, 0x8f, 0xb4, 0x8f, 0xb4, 0x6f, 0xac, 0x6f, 0xac, 0x6f, 0xac,
    0x4f, 0xac, 0x4e, 0xa4, 0x4f, 0xa4, 0x4f, 0xa4, 0x4e, 0xac, 0x4e, 0xa4,
    0x2f, 0xa4, 0x90, 0xac, 0xd5, 0xcd, 0x77, 0xe6, 0x58, 0xe6, 0x57, 0xde,
    0x57, 0xe6, 0x57, 0xde, 0x36, 0xde, 0x37, 0xde, 0x57, 0xde, 0x37, 0xe6,
    0x57, 0xde, 0x57, 0xe6, 0x36, 0xde, 0x16, 0xde, 0x37, 0xde, 0xf5, 0xd5,
    0xf5, 0xd5, 0xb5, 0xd5, 0xb4, 0xcd, 0x16, 0xde, 0x37, 0xde, 0x37, 0xde,
    0x77, 0xe6, 0x77, 0xe6, 0x36, 0xde, 0x57, 0xe6, 0xf5, 0xd5, 0x94, 0xd5,
    0x53, 0xcd, 0x94, 0xd5, 0x73, 0xcd, 0x32, 0xc5, 0xf6, 0xdd, 0x57, 0xe6,
    0x77, 0xe6, 0x57, 0xe6, 0x77, 0xe6, 0x98, 0xee, 0x97, 0xee, 0x98, 0xee,
    0xb8, 0xee, 0x98, 0xe6, 0xb8, 0xf6, 0xd8, 0xee, 0xd9, 0xee, 0xd8, 0xf6,
    0xb9, 0xee, 0xd9, 0xee, 0xb8, 0xee, 0xb8, 0xee, 0xb9, 0xee, 0x97, 0xee,
    0x57, 0xe6, 0x57, 0xde, 0x77, 0xe6, 0x36, 0xe6, 0xf5, 0xd5, 0x16, 0xde,
    0x36, 0xde, 0xd5, 0xdd, 0x11, 0xc5, 0x6f, 0xac, 0xed, 0x9b, 0x6f, 0xac,
    0xed, 0x9b, 0xcd, 0x9b, 0xcd, 0x9b, 0xac, 0x93, 0x8c, 0x93, 0x8c, 0x93,
    0x6b, 0x8b, 0x8c, 0x93, 0xed, 0xa3, 0x0d, 0xa4, 0x2e, 0xac, 0x2e, 0xac,
    0x4e, 0xac, 0x2e, 0xa4, 0x0d, 0x9c, 0x0d, 0xa4, 0xed, 0xa3, 0x0d, 0xa4,
    0x0d, 0xa4, 0x0c, 0xa4, 0xcc, 0x9b, 0x6b, 0x8b, 0x6b, 0x8b, 0xac, 0x93,
    0xcd, 0x9b, 0xcc, 0x9b, 0xec, 0xa3, 0x2d, 0xa4, 0x90, 0xac, 0xf6, 0xd5,
    0xf5, 0xdd, 0xd5, 0xcd, 0xb5, 0xd5, 0xf5, 0xd5, 0xf5, 0xd5, 0x16, 0xd6,
    0x16, 0xde, 0x15, 0xde, 0x16, 0xde, 0x16, 0xde, 0x36, 0xde, 0x36, 0xde,
    0x36, 0xde, 0x37, 0xe6, 0x56, 0xe6, 0x56, 0xde, 0x57, 0xe6, 0x36, 0xde,
    0xd4, 0xd5, 0xb4, 0xd5, 0x36, 0xde, 0x56, 0xe6, 0x16, 0xde, 0x16, 0xde,
    0x36, 0xde, 0x56, 0xe6, 0x57, 0xe6, 0x37, 0xe6, 0x56, 0xe6, 0x77, 0xe6,
    0x77, 0xee, 0x98, 0xe6, 0xb8, 0xee, 0xb8, 0xee, 0x98, 0xee, 0xb8, 0xee,
    0xb8, 0xee, 0xb8, 0xee, 0xd9, 0xf6, 0xd9, 0xee, 0xb8, 0xee, 0x98, 0xee,
    0x57, 0xe6, 0x36, 0xe6, 0x16, 0xde, 0x36, 0xe6, 0xf5, 0xdd, 0xb4, 0xdd,
    0xb4, 0xdd, 0x16, 0xe6, 0x77, 0xee, 0xb8, 0xee, 0xb8, 0xf6, 0xb9, 0xf6,
    0xd9, 0xee, 0xf9, 0xee, 0xd9, 0xf6, 0xfa, 0xf6, 0xfa, 0xf6, 0x1a, 0xf7,
    0x1b, 0xf7, 0x3a, 0xf7, 0x3b, 0xff, 0x3b, 0xff, 0x3b, 0xff, 0x3b, 0xff,
    0x3b, 0xf7, 0x3b, 0xff, 0x3c, 0xff, 0x7c, 0xff, 0x9d, 0xff, 0xbe, 0xff,
    0x9d, 0xff, 0xde, 0xff, 0xde, 0xff, 0x9d, 0xff, 0x58, 0xde, 0xb4, 0xd5,
    0xd5, 0xd5, 0x90, 0xac, 0x6f, 0xac, 0x11, 0xc5, 0x6f, 0xac, 0xf0, 0xbc,
    0x11, 0xc5, 0x6f, 0xb4, 0x51, 0xcd, 0x8f, 0xb4, 0x0d, 0xa4, 0x2d, 0xac,
    0xaf, 0xbc, 0x2d, 0xac, 0x90, 0xb4, 0x8f, 0xb4, 0x72, 0xcd, 0xb3, 0xd5,
    0xd0, 0xbc, 0x11, 0xc5, 0xd3, 0xdd, 0xf4, 0xe5, 0xb4, 0xd5, 0xd0, 0xb4,
    0x6f, 0xac, 0xf0, 0xbc, 0xd0, 0xc4, 0x2e, 0xac, 0xed, 0xa3, 0xf0, 0xbc,
    0x6a, 0x83, 0xf0, 0xbc, 0x93, 0xd5, 0xb3, 0xd5, 0x31, 0xcd, 0xd0, 0xc4,
    0x72, 0xcd, 0x31, 0xcd, 0xf0, 0xbc, 0xf0, 0xc4, 0xd0, 0xc4, 0x0d, 0xa4,
    0xed, 0xab, 0xcf, 0xc4, 0xb0, 0xbc, 0x52, 0xcd, 0x31, 0xc5, 0x8f, 0xb4,
    0x11, 0xc5, 0x32, 0xcd, 0x51, 0xd5, 0xb0, 0xbc, 0x8f, 0xb4, 0xf0, 0xc4,
    0x4e, 0xb4, 0xf1, 0xc4, 0x11, 0xc5, 0x0e, 0xa4, 0x0a, 0x73, 0x8c, 0x8b,
    0x0d, 0xa4, 0xb3, 0xd5, 0x93, 0xd5, 0xd3, 0xd5, 0x72, 0xcd, 0x72, 0xd5,
    0xd4, 0xdd, 0x8f, 0xac, 0xed, 0x9b, 0xcd, 0x93, 0xe9, 0x72, 0x0a, 0x7b,
    0xea, 0x72, 0xa9, 0x72, 0x2a, 0x83, 0x6c, 0x8b, 0x4b, 0x8b, 0x8b, 0x93,
    0x6b, 0x8b, 0x2a, 0x83, 0x0b, 0x7b, 0x0a, 0x7b, 0x6b, 0x8b, 0x0b, 0x7b,
    0x4b, 0x7b, 0x6b, 0x8b, 0xea, 0x72, 0x2b, 0x7b, 0x6c, 0x8b, 0xea, 0x72,
    0x6b, 0x83, 0x8c, 0x8b, 0xca, 0x72, 0x2a, 0x7b, 0x6c, 0x83, 0x2b, 0x83,
    0x6b, 0x8b, 0x6c, 0x83, 0x4b, 0x83, 0xee, 0x9b, 0xed, 0x93, 0xad, 0x93,
    0x74, 0xcd, 0x73, 0xc5, 0x73, 0xc5, 0x53, 0xc5, 0x52, 0xc5, 0x33, 0xc5,
    0x32, 0xc5, 0x32, 0xc5, 0x12, 0xbd, 0x12, 0xbd, 0x11, 0xc5, 0x12, 0xbd,
    0xf1, 0xbc, 0xf1, 0xbc, 0x11, 0xbd, 0xd1, 0xbc, 0xd1, 0xbc, 0xd0, 0xbc,
    0xb0, 0xb4, 0xb0, 0xb4, 0x90, 0xb4, 0x8f, 0xac, 0x8f, 0xb4, 0x8f, 0xb4,
    0x8f, 0xac, 0x90, 0xac, 0x8f, 0xb4, 0x8f, 0xb4, 0x8f, 0xac, 0x90, 0xac,
    0x8f, 0xb4, 0x8f, 0xac, 0x8f, 0xb4, 0x8f, 0xb4, 0x8f, 0xac, 0x6f, 0xac,
    0x4f, 0xac, 0x4f, 0xac, 0x4e, 0xac, 0x4e, 0xac, 0x4f, 0xac, 0x4f, 0xac,
    0x4f, 0xa4, 0x4e, 0xac, 0x4f, 0xa4, 0x33, 0xbd, 0x57, 0xde, 0x78, 0xe6,
    0x57, 0xe6, 0x57, 0xe6, 0x57, 0xde, 0x37, 0xde, 0x37, 0xde, 0x37, 0xde,
    0x57, 0xde, 0x57, 0xe6, 0x37, 0xe6, 0x16, 0xde, 0x16, 0xd6, 0x36, 0xde,
    0xf5, 0xd5, 0x15, 0xd6, 0xb5, 0xcd, 0xb5, 0xd5, 0x16, 0xde, 0x36, 0xde,
    0x36, 0xde, 0x57, 0xe6, 0x57, 0xde, 0x37, 0xe6, 0x77, 0xde, 0x16, 0xde,
    0xb5, 0xd5, 0x73, 0xcd, 0x95, 0xd5, 0xb4, 0xd5, 0xd1, 0xbc, 0xd5, 0xdd,
    0x16, 0xde, 0x56, 0xe6, 0x77, 0xe6, 0x57, 0xe6, 0x98, 0xee, 0x98, 0xe6,
    0x98, 0xee, 0x98, 0xee, 0xb8, 0xee, 0xb8, 0xee, 0xb8, 0xee, 0xf9, 0xee,
    0xb9, 0xee, 0xb9, 0xf6, 0xb9, 0xee, 0xb8, 0xee, 0xb8, 0xee, 0xd9, 0xee,
    0x98, 0xee, 0x77, 0xe6, 0x37, 0xe6, 0x57, 0xe6, 0x57, 0xe6, 0x36, 0xde,
    0xf6, 0xe5, 0x36, 0xde, 0x16, 0xde, 0xb5, 0xd5, 0xd1, 0xb4, 0x6f, 0xac,
    0x4f, 0xac, 0x4f, 0xac, 0x2e, 0xac, 0x4e, 0xac, 0x2e, 0xac, 0x0d, 0xa4,
    0xcc, 0x9b, 0x8c, 0x93, 0xcc, 0x9b, 0x0d, 0xa4, 0x2d, 0xa4, 0xcd, 0x93,
    0xed, 0x9b, 0x2e, 0xac, 0x4e, 0xac, 0xed, 0x9b, 0xcd, 0x9b, 0xec, 0xa3,
    0xec, 0x9b, 0xac, 0x93, 0x6b, 0x8b, 0x8c, 0x93, 0xac, 0x9b, 0x8c, 0x8b,
    0x8c, 0x93, 0xcc, 0xa3, 0x2d, 0xa4, 0x2e, 0xa4, 0x2e, 0xac, 0xd2, 0xb4,
    0x15, 0xd6, 0xf4, 0xd5, 0xd4, 0xd5, 0xd4, 0xcd, 0xf5, 0xd5, 0xd5, 0xd5,
    0xf5, 0xd5, 0xf5, 0xd5, 0x16, 0xde, 0x16, 0xde, 0x16, 0xde, 0x36, 0xde,
    0x36, 0xde, 0x37, 0xde, 0x36, 0xde, 0x56, 0xde, 0x57, 0xe6, 0x57, 0xe6,
    0x15, 0xde, 0xb4, 0xd5, 0xd5, 0xdd, 0x36, 0xde, 0x36, 0xe6, 0x16, 0xe6,
    0x15, 0xde, 0x16, 0xde, 0x36, 0xe6, 0x56, 0xe6, 0x57, 0xe6, 0x57, 0xe6,
    0x57, 0xe6, 0x77, 0xee, 0x98, 0xee, 0x98, 0xee, 0xb8, 0xee, 0xb8, 0xee,
    0xb8, 0xee, 0xb8, 0xee, 0xd9, 0xf6, 0xd9, 0xee, 0xd8, 0xf6, 0xb8, 0xf6,
    0xb8, 0xee, 0x56, 0xe6, 0xf5, 0xdd, 0xf5, 0xdd, 0x36, 0xde, 0xb4, 0xdd,
    0x52, 0xcd, 0x33, 0xcd, 0xd5, 0xdd, 0x57, 0xe6, 0x98, 0xee, 0xd8, 0xee,
    0xb8, 0xf6, 0xd9, 0xf6, 0xd9, 0xee, 0xf9, 0xf6, 0xf9, 0xf6, 0x1a, 0xf7,
    0x1a, 0xff, 0x3a, 0xf7, 0x3a, 0xff, 0x3a, 0xf7, 0x3b, 0xff, 0x3b, 0xff,
    0x3b, 0xff, 0x5b, 0xff, 0x5b, 0xff, 0x7b, 0xff, 0x5c, 0xf7, 0x9d, 0xff,
    0xbd, 0xff, 0xbd, 0xff, 0xde, 0xff, 0xbe, 0xff, 0x1b, 0xef, 0x34, 0xbd,
    0x93, 0xc5, 0xf5, 0xd5, 0xf1, 0xbc, 0x8f, 0xb4, 0xd0, 0xc4, 0x10, 0xc5,
    0xd0, 0xbc, 0x73, 0xd5, 0xb3, 0xd5, 0xf4, 0xdd, 0x15, 0xde, 0xd4, 0xdd,
    0xd0, 0xbc, 0x6e, 0xb4, 0x4e, 0xac, 0xac, 0x93, 0xcd, 0x9b, 0xac, 0x9b,
    0x6e, 0xb4, 0x73, 0xd5, 0x11, 0xc5, 0x10, 0xc5, 0x11, 0xbd, 0x6f, 0xac,
    0xaf, 0xbc, 0x52, 0xcd, 0x92, 0xd5, 0xf4, 0xdd, 0x35, 0xe6, 0x52, 0xcd,
    0x6f, 0xb4, 0xac, 0x9b, 0x68, 0x62, 0xb0, 0xbc, 0x93, 0xd5, 0x31, 0xcd,
    0x51, 0xcd, 0x11, 0xc5, 0xb0, 0xbc, 0x31, 0xcd, 0xd0, 0xbc, 0xaf, 0xbc,
    0xcf, 0xbc, 0xaf, 0xbc, 0xd0, 0xbc, 0x15, 0xde, 0x31, 0xcd, 0x92, 0xd5,
    0x93, 0xd5, 0xaf, 0xbc, 0x52, 0xd5, 0x72, 0xd5, 0xd4, 0xdd, 0x11, 0xc5,
    0x31, 0xcd, 0x8f, 0xb4, 0xd0, 0xbc, 0x4e, 0xa4, 0x89, 0x62, 0xc9, 0x72,
    0x68, 0x62, 0x68, 0x62, 0x2a, 0x7b, 0x0e, 0xa4, 0xf1, 0xbc, 0x6f, 0xac,
    0xb0, 0xb4, 0xf0, 0xb4, 0x8a, 0x62, 0x48, 0x62, 0xc9, 0x6a, 0xa9, 0x6a,
    0x0a, 0x83, 0x2a, 0x83, 0xca, 0x6a, 0x2a, 0x7b, 0x6c, 0x8b, 0x2b, 0x7b,
    0x8c, 0x8b, 0xac, 0x93, 0x8c, 0x93, 0x8c, 0x8b, 0x8c, 0x93, 0x0d, 0xa4,
    0xad, 0x93, 0x8c, 0x8b, 0x8c, 0x8b, 0xcc, 0x9b, 0xac, 0x93, 0xed, 0x9b,
    0x6b, 0x8b, 0x4b, 0x83, 0x2f, 0xac, 0x8c, 0x8b, 0x4b, 0x83, 0x8c, 0x93,
    0xac, 0x8b, 0xcc, 0x9b, 0xed, 0x9b, 0x0e, 0x9c, 0xcd, 0x93, 0xed, 0x9b,
    0xed, 0x9b, 0x94, 0xcd, 0x73, 0xc5, 0x53, 0xcd, 0x53, 0xc5, 0x52, 0xc5,
    0x32, 0xc5, 0x32, 0xc5, 0x12, 0xc5, 0x11, 0xc5, 0x11, 0xbd, 0x12, 0xbd,
    0xf1, 0xc4, 0xf1, 0xc4, 0xf1, 0xbc, 0xf1, 0xc4, 0xf1, 0xbc, 0xf1, 0xbc,
    0xd1, 0xb4, 0xb0, 0xb4, 0x90, 0xb4, 0x8f, 0xb4, 0x8f, 0xb4, 0x6f, 0xac,
    0x70, 0xac, 0x6f, 0xac, 0x8f, 0xb4, 0x6f, 0xac, 0x8f, 0xac, 0x8f, 0xac,
    0x6f, 0xb4, 0x8f, 0xac, 0x6f, 0xac, 0x8f, 0xb4, 0x6f, 0xac, 0x6f, 0xac,
    0x6f, 0xac, 0x6f, 0xac, 0x6f, 0xac, 0x6f, 0xac, 0x4f, 0xa4, 0x4e, 0xa4,
    0x4e, 0xa4, 0x4e, 0xac, 0x2f, 0xa4, 0x4e, 0xa4, 0x90, 0xac, 0x16, 0xd6,
    0x57, 0xde, 0x58, 0xde, 0x57, 0xde, 0x57, 0xde, 0x36, 0xde, 0x37, 0xde,
    0x36, 0xde, 0x57, 0xde, 0x36, 0xde, 0x37, 0xde, 0x37, 0xde, 0x16, 0xd6,
    0x16, 0xde, 0xf6, 0xd5, 0xf6, 0xd5, 0xd5, 0xdd, 0xd5, 0xd5, 0x16, 0xde,
    0x36, 0xde, 0x37, 0xde, 0x57, 0xde, 0x57, 0xde, 0x57, 0xe6, 0x77, 0xe6,
    0x36, 0xde, 0xf5, 0xdd, 0xb3, 0xd5, 0x94, 0xd5, 0xb5, 0xcd, 0x32, 0xc5,
    0x53, 0xcd, 0x36, 0xde, 0x37, 0xde, 0x77, 0xe6, 0x57, 0xe6, 0x78, 0xe6,
    0x77, 0xe6, 0x98, 0xee, 0x78, 0xee, 0xd9, 0xee, 0x98, 0xee, 0x98, 0xee,
    0xd9, 0xee, 0xb8, 0xee, 0xd8, 0xee, 0xb8, 0xf6, 0xb9, 0xee, 0xb8, 0xee,
    0xb8, 0xee, 0x98, 0xee, 0xb8, 0xee, 0x77, 0xe6, 0x36, 0xde, 0x57, 0xe6,
    0x36, 0xde, 0x16, 0xde, 0x15, 0xde, 0x16, 0xde, 0xf5, 0xd5, 0x93, 0xcd,
    0x6f, 0xac, 0x4f, 0x9c, 0x6f, 0xac, 0x0d, 0xa4, 0x0e, 0x9c, 0x0d, 0xa4,
    0x0d, 0xa4, 0xcd, 0x9b, 0xcc, 0x9b, 0xcc, 0x9b, 0xed, 0x9b, 0xed, 0x9b,
    0x8b, 0x8b, 0x6b, 0x8b, 0x8c, 0x8b, 0x0d, 0x9c, 0x2e, 0xac, 0x2e, 0xac,
    0x0d, 0xa4, 0xed, 0x9b, 0xcd, 0x9b, 0xec, 0x9b, 0xec, 0x9b, 0xed, 0xa3,
    0xcc, 0x9b, 0xac, 0x9b, 0xcc, 0x93, 0x4b, 0x83, 0xcc, 0x9b, 0x8c, 0x8b,
    0xf2, 0xbc, 0xd5, 0xcd, 0xd5, 0xd5, 0xd5, 0xd5, 0xd5, 0xd5, 0xd5, 0xd5,
    0xd5, 0xcd, 0xd5, 0xd5, 0x16, 0xde, 0x36, 0xde, 0x16, 0xd6, 0x15, 0xde,
    0x16, 0xde, 0x36, 0xde, 0x16, 0xde, 0x37, 0xde, 0x56, 0xe6, 0x57, 0xe6,
    0x56, 0xde, 0xf6, 0xdd, 0xd4, 0xdd, 0xf5, 0xdd, 0x36, 0xde, 0x36, 0xde,
    0xf5, 0xdd, 0xf5, 0xdd, 0x15, 0xde, 0x36, 0xe6, 0x36, 0xe6, 0x56, 0xe6,
    0x56, 0xe6, 0x77, 0xe6, 0x97, 0xe6, 0x98, 0xe6, 0x98, 0xee, 0x98, 0xee,
    0xb8, 0xee, 0xb8, 0xee, 0xb9, 0xee, 0xd8, 0xee, 0xd9, 0xee, 0xf9, 0xf6,
    0xd9, 0xf6, 0x97, 0xee, 0x57, 0xe6, 0xd5, 0xdd, 0xd4, 0xdd, 0xf5, 0xdd,
    0x93, 0xd5, 0x12, 0xc5, 0xd1, 0xc4, 0x73, 0xd5, 0x37, 0xde, 0x98, 0xee,
    0xb8, 0xee, 0xd8, 0xee, 0xd9, 0xee, 0xd9, 0xf6, 0xf9, 0xf6, 0xfa, 0xf6,
    0xfa, 0xf6, 0xfa, 0xf6, 0x1a, 0xff, 0x1a, 0xf7, 0x3b, 0xff, 0x5b, 0xf7,
    0x5b, 0xff, 0x5b, 0xf7, 0x5b, 0xff, 0x5c, 0xff, 0x5c, 0xff, 0x7c, 0xff,
    0x7c, 0xff, 0xbd, 0xff, 0x9d, 0xff, 0xbe, 0xff, 0x5c, 0xf7, 0xba, 0xde,
    0x4f, 0x9c, 0x52, 0xc5, 0x93, 0xcd, 0x52, 0xcd, 0xf0, 0xbc, 0x72, 0xcd,
    0x31, 0xc5, 0x51, 0xcd, 0x52, 0xcd, 0x93, 0xd5, 0x31, 0xcd, 0x52, 0xcd,
    0xb3, 0xd5, 0xd4, 0xd5, 0x10, 0xc5, 0x8c, 0x93, 0xed, 0xa3, 0x2e, 0xa4,
    0xed, 0xa3, 0x4b, 0x83, 0x0d, 0xa4, 0xb3, 0xd5, 0x51, 0xd5, 0xb3, 0xd5,
    0xf4, 0xdd, 0x15, 0xe6, 0x15, 0xe6, 0xf4, 0xdd, 0x32, 0xc5, 0x31, 0xcd,
    0xf0, 0xb4, 0x0a, 0x7b, 0x8c, 0x93, 0xcd, 0x9b, 0x2e, 0xac, 0x51, 0xcd,
    0xd4, 0xdd, 0xd3, 0xdd, 0xf4, 0xdd, 0xd4, 0xdd, 0xb3, 0xd5, 0xb3, 0xd5,
    0x52, 0xcd, 0xf1, 0xc4, 0xd0, 0xbc, 0x6b, 0x83, 0x31, 0xcd, 0x35, 0xe6,
    0x72, 0xcd, 0xb3, 0xd5, 0x15, 0xe6, 0xb3, 0xd5, 0x72, 0xcd, 0x92, 0xd5,
    0x93, 0xd5, 0x52, 0xcd, 0xf0, 0xbc, 0x2b, 0x83, 0x07, 0x4a, 0xc9, 0x72,
    0xa9, 0x72, 0x2a, 0x83, 0xa9, 0x6a, 0xa9, 0x6a, 0x6b, 0x8b, 0x0a, 0x7b,
    0x89, 0x62, 0x68, 0x62, 0xa9, 0x62, 0xea, 0x72, 0x0a, 0x7b, 0x8b, 0x93,
    0xac, 0x93, 0xac, 0x93, 0xac, 0x9b, 0x8c, 0x8b, 0xac, 0x9b, 0xcc, 0x9b,
    0xcc, 0x9b, 0xcc, 0x9b, 0xed, 0xa3, 0xed, 0xa3, 0xcd, 0x93, 0xac, 0x93,
    0x8c, 0x8b, 0xed, 0x9b, 0xac, 0x93, 0x6b, 0x83, 0x6c, 0x8b, 0x6b, 0x83,
    0x4b, 0x83, 0x6c, 0x8b, 0xed, 0x9b, 0xed, 0x9b, 0x4e, 0xac, 0xac, 0x93,
    0x2e, 0xa4, 0xed, 0x9b, 0xcd, 0x93, 0xed, 0x9b, 0xcd, 0x9b, 0x0e, 0xa4,
    0x0d, 0xa4, 0xcc, 0x93, 0x94, 0xcd, 0x74, 0xc5, 0x74, 0xc5, 0x53, 0xc5,
    0x53, 0xc5, 0x32, 0xc5, 0x32, 0xc5, 0x32, 0xbd, 0x32, 0xc5, 0x11, 0xc5,
    0x12, 0xbd, 0x11, 0xbd, 0x11, 0xbd, 0x11, 0xc5, 0xf1, 0xbc, 0xf1, 0xbc,
    0xd1, 0xb4, 0xd0, 0xb4, 0xb0, 0xb4, 0xb0, 0xb4, 0x90, 0xb4, 0x8f, 0xac,
    0x8f, 0xac, 0x6f, 0xac, 0x6f, 0xac, 0x6f, 0xb4, 0x6f, 0xac, 0x70, 0xb4,
    0x6f, 0xb4, 0x8f, 0xac, 0x70, 0xac, 0x8f, 0xb4, 0x6f, 0xac, 0x8f, 0xac,
    0x6f, 0xac, 0x6f, 0xac, 0x6e, 0xac, 0x6f, 0xac, 0x4e, 0xac, 0x6f, 0xac,
    0x4f, 0xac, 0x4e, 0xac, 0x4e, 0xa4, 0x4e, 0xac, 0x4e, 0xac, 0x4f, 0xa4,
    0x94, 0xcd, 0xf7, 0xd5, 0x57, 0xe6, 0x57, 0xde, 0x57, 0xe6, 0x37, 0xde,
    0x37, 0xde, 0x37, 0xde, 0x57, 0xe6, 0x57, 0xde, 0x57, 0xde, 0x36, 0xde,
    0x36, 0xde, 0x16, 0xe6, 0x16, 0xd6, 0xf6, 0xdd, 0xf5, 0xd5, 0x94, 0xcd,
    0x16, 0xde, 0x16, 0xde, 0x56, 0xe6, 0x57, 0xde, 0x77, 0xe6, 0x57, 0xe6,
    0x77, 0xde, 0x77, 0xe6, 0x36, 0xde, 0xd4, 0xd5, 0xb4, 0xd5, 0xd5, 0xd5,
    0x52, 0xcd, 0x32, 0xc5, 0x16, 0xde, 0xf5, 0xdd, 0x57, 0xe6, 0x57, 0xe6,
    0x77, 0xe6, 0x77, 0xe6, 0x98, 0xe6, 0x98, 0xe6, 0x98, 0xee, 0xb8, 0xee,
    0xb9, 0xee, 0xb8, 0xee, 0xb8, 0xee, 0xb8, 0xee, 0xd9, 0xee, 0xb9, 0xee,
    0xb8, 0xee, 0x98, 0xee, 0xb8, 0xee, 0x98, 0xe6, 0x77, 0xe6, 0x37, 0xde,
    0x36, 0xde, 0x56, 0xe6, 0x56, 0xe6, 0xf6, 0xd5, 0xf5, 0xdd, 0xf5, 0xd5,
    0xb4, 0xcd, 0xb1, 0xb4, 0x4b, 0x7b, 0x2b, 0x7b, 0xcd, 0x93, 0xac, 0x8b,
    0x4b, 0x83, 0x2a, 0x83, 0x2a, 0x73, 0xea, 0x7a, 0x0a, 0x7b, 0x6b, 0x8b,
    0xcc, 0x9b, 0xcc, 0x93, 0x8c, 0x93, 0x8b, 0x8b, 0x8c, 0x8b, 0xed, 0x9b,
    0x2e, 0xa4, 0x4e, 0xac, 0x4e, 0xac, 0x4e, 0xac, 0x4e, 0xac, 0x2e, 0xa4,
    0xed, 0x9b, 0x8c, 0x93, 0xab, 0x93, 0x4b, 0x8b, 0xa9, 0x6a, 0xc9, 0x72,
    0xea, 0x72, 0x6f, 0xa4, 0xb5, 0xc5, 0x15, 0xde, 0xd4, 0xcd, 0xb5, 0xcd,
    0x94, 0xcd, 0xb5, 0xd5, 0xf5, 0xd5, 0x16, 0xde, 0x16, 0xde, 0xf6, 0xd5,
    0xf5, 0xd5, 0xf5, 0xd5, 0x15, 0xde, 0x16, 0xde, 0x36, 0xde, 0x36, 0xde,
    0x36, 0xe6, 0x37, 0xe6, 0x36, 0xde, 0xd5, 0xd5, 0xf5, 0xdd, 0x16, 0xde,
    0x16, 0xde, 0xf5, 0xdd, 0xd5, 0xd5, 0xd5, 0xdd, 0x15, 0xde, 0x36, 0xde,
    0x36, 0xe6, 0x57, 0xe6, 0x57, 0xe6, 0x77, 0xe6, 0x97, 0xee, 0xb8, 0xee,
    0xb8, 0xee, 0x98, 0xee, 0xb8, 0xee, 0xd9, 0xee, 0xd9, 0xf6, 0xd9, 0xf6,
    0xf9, 0xf6, 0xd9, 0xee, 0xb8, 0xee, 0x57, 0xe6, 0xd5, 0xdd, 0xb5, 0xd5,
    0xd4, 0xdd, 0x94, 0xd5, 0xf2, 0xcc, 0xb0, 0xc4, 0x11, 0xcd, 0xd5, 0xdd,
    0x77, 0xe6, 0x98, 0xee, 0xb8, 0xee, 0xb9, 0xee, 0xd9, 0xf6, 0xf9, 0xf6,
    0xf9, 0xf6, 0x1a, 0xf7, 0x1a, 0xf7, 0x3a, 0xf7, 0x3b, 0xf7, 0x3b, 0xff,
    0x3b, 0xff, 0x3b, 0xff, 0x5b, 0xff, 0x5b, 0xff, 0x5c, 0xff, 0x7c, 0xff,
    0x7c, 0xff, 0x9c, 0xff, 0x9d, 0xff, 0xbe, 0xff, 0x9d, 0xff, 0xd6, 0xcd,
    0x95, 0xc5, 0x6c, 0x83, 0xac, 0x93, 0xf5, 0xdd, 0x32, 0xcd, 0x32, 0xcd,
    0xf0, 0xc4, 0x51, 0xcd, 0x31, 0xc5, 0x72, 0xd5, 0x72, 0xd5, 0x35, 0xe6,
    0xd4, 0xd5, 0x52, 0xd5, 0x11, 0xcd, 0x92, 0xcd, 0x31, 0xcd, 0x10, 0xc5,
    0x4e, 0xac, 0x2a, 0x83, 0x8c, 0x93, 0x0a, 0x7b, 0x0e, 0xa4, 0x73, 0xd5,
    0x15, 0xe6, 0xd4, 0xdd, 0x93, 0xd5, 0xf4, 0xe5, 0x15, 0xde, 0xf4, 0xdd,
    0x11, 0xc5, 0x2a, 0x83, 0x86, 0x39, 0x27, 0x52, 0xe9, 0x72, 0x0a, 0x7b,
    0x68, 0x62, 0x0a, 0x7b, 0x6f, 0xac, 0xf1, 0xc4, 0x92, 0xcd, 0x72, 0xcd,
    0x31, 0xc5, 0xd0, 0xb4, 0x2e, 0xa4, 0x6c, 0x8b, 0x68, 0x62, 0x2a, 0x7b,
    0x0a, 0x7b, 0x8f, 0xb4, 0x52, 0xcd, 0x93, 0xd5, 0xd4, 0xdd, 0x72, 0xc5,
    0x8f, 0xb4, 0x6c, 0x8b, 0xc9, 0x72, 0x68, 0x62, 0x2e, 0xac, 0x6b, 0x8b,
    0xac, 0x93, 0xac, 0x93, 0x6b, 0x8b, 0xec, 0x9b, 0x8b, 0x9b, 0xed, 0xa3,
    0x2d, 0xa4, 0x2d, 0xac, 0xac, 0x9b, 0x8b, 0x93, 0x8c, 0x93, 0xcc, 0x9b,
    0x0d, 0xac, 0xcd, 0x9b, 0xed, 0xa3, 0x4e, 0xb4, 0x0e, 0xa4, 0x0d, 0xa4,
    0x2e, 0xac, 0x2d, 0xac, 0xed, 0xa3, 0xed, 0x9b, 0x0d, 0xa4, 0x6e, 0xb4,
    0xd0, 0xbc, 0xf0, 0xbc, 0x8f, 0xb4, 0x4f, 0xb4, 0x8f, 0xb4, 0xac, 0x93,
    0xcd, 0x9b, 0x4e, 0xac, 0x4e, 0xac, 0x4e, 0xa4, 0x6f, 0xac, 0x90, 0xb4,
    0xd1, 0xbc, 0x6f, 0xac, 0x6f, 0xac, 0x2e, 0xa4, 0x6f, 0xac, 0x2e, 0xac,
    0x4f, 0xa4, 0x4f, 0xac, 0xb0, 0xb4, 0x95, 0xcd, 0x74, 0xc5, 0x73, 0xc5,
    0x73, 0xc5, 0x53, 0xc5, 0x33, 0xcd, 0x32, 0xc5, 0x32, 0xc5, 0x12, 0xc5,
    0x12, 0xc5, 0x11, 0xc5, 0x12, 0xbd, 0x12, 0xbd, 0xf2, 0xbc, 0xf1, 0xbc,
    0x11, 0xbd, 0xf1, 0xbc, 0xd1, 0xbc, 0xb0, 0xbc, 0x90, 0xb4, 0xaf, 0xac,
    0x6f, 0xb4, 0x6f, 0xac, 0x6f, 0xac, 0x6f, 0xac, 0x6f, 0xac, 0x6f, 0xac,
    0x6f, 0xac, 0x6f, 0xac, 0x90, 0xac, 0x8f, 0xb4, 0x8f, 0xac, 0x6f, 0xac,
    0x6f, 0xac, 0x6f, 0xac, 0x4f, 0xac, 0x6f, 0xac, 0x4f, 0xac, 0x4e, 0xac,
    0x6f, 0xac, 0x6f, 0xac, 0x4e, 0xac, 0x4f, 0xac, 0x4f, 0xac, 0x4e, 0xa4,
    0x4f, 0xa4, 0xf1, 0xbc, 0x74, 0xc5, 0x37, 0xde, 0x78, 0xe6, 0x57, 0xe6,
    0x57, 0xde, 0x37, 0xde, 0x37, 0xde, 0x56, 0xde, 0x37, 0xde, 0x37, 0xde,
    0x37, 0xde, 0x36, 0xde, 0x16, 0xde, 0xf6, 0xd5, 0x16, 0xd6, 0xf5, 0xd5,
    0xb4, 0xd5, 0xf6, 0xd5, 0x36, 0xde, 0x37, 0xde, 0x57, 0xe6, 0x57, 0xe6,
    0x37, 0xde, 0x77, 0xe6, 0x58, 0xde, 0x57, 0xe6, 0x16, 0xd6, 0xd5, 0xd5,
    0xb5, 0xd5, 0xb4, 0xd5, 0x32, 0xc5, 0xb4, 0xd5, 0xd5, 0xdd, 0x57, 0xde,
    0x57, 0xe6, 0x57, 0xe6, 0x77, 0xee, 0x98, 0xe6, 0x98, 0xee, 0x98, 0xee,
    0xb8, 0xe6, 0x98, 0xee, 0x98, 0xee, 0xb9, 0xee, 0xb9, 0xee, 0xd9, 0xee,
    0x98, 0xee, 0xb8, 0xee, 0x98, 0xe6, 0xb8, 0xee, 0x77, 0xee, 0x77, 0xe6,
    0x77, 0xe6, 0x54, 0xc5, 0x53, 0xc5, 0xf5, 0xd5, 0x37, 0xe6, 0x15, 0xd6,
    0xf5, 0xdd, 0xd5, 0xd5, 0x90, 0xa4, 0x0a, 0x73, 0xaa, 0x6a, 0xea, 0x72,
    0x4b, 0x83, 0xea, 0x7a, 0xa9, 0x6a, 0x88, 0x62, 0x48, 0x5a, 0x48, 0x5a,
    0x88, 0x62, 0x4a, 0x83, 0xcc, 0x9b, 0xcc, 0x9b, 0xcc, 0x9b, 0xcc, 0x9b,
    0xcc, 0x9b, 0xed, 0x9b, 0x2e, 0xa4, 0x2e, 0xa4, 0x0d, 0xa4, 0xcd, 0x9b,
    0x8b, 0x8b, 0xea, 0x7a, 0xe9, 0x7a, 0x0a, 0x7b, 0xc9, 0x72, 0xa9, 0x72,
    0xca, 0x72, 0x0a, 0x7b, 0x0b, 0x73, 0x94, 0xcd, 0xf5, 0xd5, 0xb5, 0xcd,
    0xd4, 0xcd, 0x94, 0xcd, 0x94, 0xcd, 0xf5, 0xd5, 0x15, 0xde, 0x16, 0xd6,
    0xf5, 0xd5, 0xf5, 0xd5, 0xd5, 0xd5, 0xf5, 0xd5, 0xd5, 0xd5, 0xf6, 0xdd,
    0x36, 0xde, 0x56, 0xde, 0x56, 0xe6, 0x36, 0xde, 0xf5, 0xdd, 0xf5, 0xd5,
    0x15, 0xde, 0x16, 0xde, 0xb4, 0xd5, 0x93, 0xd5, 0x94, 0xd5, 0xd5, 0xd5,
    0x16, 0xde, 0x36, 0xe6, 0x57, 0xe6, 0x57, 0xe6, 0x77, 0xee, 0x98, 0xee,
    0xb8, 0xee, 0xb8, 0xee, 0xb8, 0xee, 0xd8, 0xee, 0xb8, 0xee, 0xd8, 0xee,
    0xd9, 0xf6, 0xf9, 0xf6, 0xd9, 0xee, 0xb8, 0xf6, 0x77, 0xee, 0x15, 0xde,
    0xd5, 0xdd, 0xb5, 0xdd, 0x93, 0xdd, 0x52, 0xd5, 0xb1, 0xc4, 0xd0, 0xc4,
    0x74, 0xd5, 0x36, 0xe6, 0x98, 0xee, 0x98, 0xf6, 0xb9, 0xee, 0xf9, 0xee,
    0xf9, 0xf6, 0xf9, 0xf6, 0x1a, 0xf7, 0x1a, 0xf7, 0x1a, 0xf7, 0x3b, 0xff,
    0x3b, 0xf7, 0x3b, 0xff, 0x5b, 0xff, 0x5b, 0xf7, 0x7b, 0xff, 0x5c, 0xff,
    0x7c, 0xff, 0x7c, 0xff, 0x9c, 0xff, 0x9d, 0xff, 0xbd, 0xff, 0x5c, 0xf7,
    0xf3, 0xb4, 0xee, 0x93, 0x90, 0xac, 0x8d, 0x83, 0xac, 0x93, 0x6f, 0xac,
    0xd5, 0xd5, 0xd3, 0xdd, 0x32, 0xcd, 0x93, 0xd5, 0xb4, 0xd5, 0x14, 0xde,
    0xf4, 0xdd, 0xd4, 0xdd, 0xf4, 0xdd, 0x51, 0xcd, 0x52, 0xcd, 0x93, 0xd5,
    0xd0, 0xb4, 0x2a, 0x83, 0xa9, 0x6a, 0x48, 0x62, 0xe9, 0x72, 0x8b, 0x8b,
    0xa9, 0x72, 0x4b, 0x83, 0x90, 0xac, 0x52, 0xcd, 0x90, 0xb4, 0x2e, 0xa4,
    0xac, 0x93, 0x2a, 0x83, 0xa9, 0x72, 0xe9, 0x7a, 0x0a, 0x83, 0x88, 0x6a,
    0x4b, 0x8b, 0x4b, 0x8b, 0x2a, 0x83, 0xc9, 0x72, 0xc9, 0x72, 0xea, 0x72,
    0xc9, 0x72, 0x0a, 0x7b, 0x6b, 0x93, 0x8b, 0x8b, 0x2a, 0x83, 0x6b, 0x8b,
    0x0a, 0x83, 0x4b, 0x83, 0x68, 0x62, 0xc9, 0x72, 0x6b, 0x8b, 0x6b, 0x8b,
    0x6b, 0x93, 0xac, 0x93, 0x2d, 0xac, 0xac, 0x93, 0x0d, 0xa4, 0x0d, 0xa4,
    0xd0, 0xc4, 0x8f, 0xb4, 0xaf, 0xc4, 0x8f, 0xb4, 0x8b, 0x8b, 0xed, 0x9b,
    0x2d, 0xa4, 0x2e, 0xac, 0x6e, 0xb4, 0xd0, 0xbc, 0x10, 0xc5, 0xd0, 0xbc,
    0xed, 0x9b, 0x4e, 0xac, 0xd0, 0xbc, 0x31, 0xcd, 0xf0, 0xc4, 0x52, 0xcd,
    0x32, 0xc5, 0x11, 0xcd, 0x52, 0xcd, 0x11, 0xc5, 0xd0, 0xbc, 0x8f, 0xb4,
    0xd0, 0xbc, 0xd0, 0xbc, 0x8f, 0xb4, 0x10, 0xc5, 0x11, 0xc5, 0xf1, 0xbc,
    0x52, 0xcd, 0xb0, 0xb4, 0x0e, 0xa4, 0xb0, 0xbc, 0x11, 0xc5, 0xf1, 0xbc,
    0x52, 0xcd, 0x73, 0xd5, 0xf4, 0xdd, 0xb4, 0xd5, 0xd0, 0xbc, 0xb0, 0xb4,
    0x32, 0xc5, 0x31, 0xc5, 0x11, 0xc5, 0xf1, 0xbc, 0x94, 0xcd, 0x94, 0xcd,
    0x74, 0xcd, 0x53, 0xcd, 0x53, 0xc5, 0x53, 0xc5, 0x52, 0xc5, 0x32, 0xc5,
    0x32, 0xc5, 0x12, 0xc5, 0x12, 0xc5, 0xf1, 0xc4, 0xf1, 0xc4, 0x11, 0xbd,
    0xf1, 0xbc, 0xf1, 0xbc, 0xf1, 0xbc, 0xf0, 0xbc, 0xd0, 0xb4, 0xb0, 0xb4,
    0x8f, 0xb4, 0x8f, 0xac, 0x6f, 0xac, 0x6f, 0xac, 0x6f, 0xac, 0x6f, 0xac,
    0x6f, 0xac, 0x6f, 0xac, 0x8f, 0xac, 0x6f, 0xb4, 0x6f, 0xac, 0x6f, 0xac,
    0x6f, 0xac, 0x6f, 0xac, 0x4f, 0xac, 0x6f, 0xac, 0x4f, 0xa4, 0x4e, 0xa4,
    0x4e, 0xa4, 0x4f, 0xac, 0x4f, 0xa4, 0x4e, 0xa4, 0x4f, 0xa4, 0x6f, 0xac,
    0x4e, 0xac, 0x6f, 0xa4, 0xb0, 0xb4, 0xf1, 0xbc, 0xb5, 0xc5, 0x57, 0xde,
    0x58, 0xe6, 0x57, 0xde, 0x37, 0xde, 0x36, 0xde, 0x37, 0xde, 0x57, 0xde,
    0x37, 0xde, 0x37, 0xde, 0x36, 0xde, 0x37, 0xde, 0x16, 0xde, 0x16, 0xde,
    0xf5, 0xdd, 0xb5, 0xd5, 0xd5, 0xd5, 0x57, 0xde, 0x37, 0xde, 0x57, 0xde,
    0x77, 0xe6, 0x57, 0xe6, 0x77, 0xe6, 0x57, 0xe6, 0x77, 0xe6, 0x36, 0xe6,
    0x16, 0xde, 0xb4, 0xd5, 0xd5, 0xd5, 0x94, 0xcd, 0x73, 0xcd, 0xd5, 0xd5,
    0x16, 0xde, 0x57, 0xde, 0x77, 0xe6, 0x78, 0xe6, 0x77, 0xe6, 0x98, 0xe6,
    0x98, 0xe6, 0x98, 0xe6, 0xb8, 0xee, 0xb9, 0xe6, 0xb8, 0xee, 0xb8, 0xee,
    0x98, 0xee, 0xb8, 0xee, 0x98, 0xe6, 0xb8, 0xee, 0x98, 0xe6, 0x78, 0xe6,
    0x57, 0xe6, 0xd5, 0xcd, 0x0e, 0x94, 0x6c, 0x83, 0x0e, 0x9c, 0x53, 0xbd,
    0xb5, 0xcd, 0x12, 0xbd, 0xf1, 0xb4, 0x12, 0xbd, 0x6c, 0x83, 0xa9, 0x6a,
    0x0a, 0x7b, 0x0a, 0x73, 0x2a, 0x83, 0x0a, 0x7b, 0xe9, 0x7a, 0xa9, 0x6a,
    0x68, 0x62, 0x28, 0x5a, 0x88, 0x62, 0xe9, 0x7a, 0x4b, 0x8b, 0x8b, 0x93,
    0xac, 0x93, 0x8b, 0x93, 0x8c, 0x93, 0x8c, 0x93, 0x6b, 0x8b, 0x2b, 0x83,
    0x09, 0x7b, 0xe9, 0x72, 0xc9, 0x72, 0xa9, 0x72, 0xc9, 0x72, 0xe9, 0x7a,
    0xa9, 0x6a, 0x2a, 0x7b, 0x68, 0x5a, 0xca, 0x72, 0x53, 0xc5, 0xd5, 0xcd,
    0xd5, 0xd5, 0x94, 0xd5, 0x74, 0xc5, 0x94, 0xcd, 0xf5, 0xd5, 0xf5, 0xd5,
    0x15, 0xde, 0xf5, 0xd5, 0xd5, 0xd5, 0xb5, 0xd5, 0x94, 0xd5, 0x93, 0xcd,
    0xd5, 0xd5, 0x36, 0xde, 0x57, 0xde, 0x57, 0xde, 0x36, 0xde, 0xd5, 0xd5,
    0xf5, 0xd5, 0x15, 0xde, 0xf5, 0xdd, 0x73, 0xcd, 0x32, 0xcd, 0x52, 0xcd,
    0x94, 0xd5, 0xf5, 0xdd, 0x36, 0xe6, 0x56, 0xe6, 0x77, 0xee, 0x77, 0xe6,
    0x98, 0xee, 0x98, 0xee, 0xb8, 0xee, 0xb8, 0xee, 0xd9, 0xee, 0xb9, 0xf6,
    0xb9, 0xee, 0xd9, 0xf6, 0xf9, 0xf6, 0xd9, 0xee, 0xd9, 0xf6, 0x98, 0xee,
    0x36, 0xe6, 0xd5, 0xdd, 0xd4, 0xdd, 0xb4, 0xdd, 0x73, 0xcd, 0xf1, 0xcc,
    0xb1, 0xc4, 0x12, 0xd5, 0xd5, 0xdd, 0x77, 0xee, 0x98, 0xee, 0xb9, 0xee,
    0xf9, 0xee, 0xf9, 0xf6, 0x1a, 0xf7, 0xfa, 0xf6, 0x1a, 0xf7, 0x3a, 0xf7,
    0x1b, 0xff, 0x3b, 0xff, 0x5b, 0xf7, 0x5b, 0xff, 0x3b, 0xff, 0x5c, 0xff,
    0x7c, 0xff, 0x7c, 0xff, 0x9c, 0xff, 0x9d, 0xff, 0xbd, 0xff, 0x7c, 0xff,
    0x99, 0xde, 0x30, 0x9c, 0xcd, 0x9b, 0xcc, 0x93, 0x6b, 0x83, 0x4b, 0x83,
    0x2a, 0x7b, 0x88, 0x62, 0x6f, 0xac, 0x93, 0xd5, 0x93, 0xd5, 0x52, 0xcd,
    0xb3, 0xdd, 0xd3, 0xd5, 0xd4, 0xdd, 0xb3, 0xd5, 0xd0, 0xbc, 0x2d, 0xa4,
    0xed, 0x9b, 0x2a, 0x83, 0x0a, 0x7b, 0xe9, 0x7a, 0x6b, 0x8b, 0x6b, 0x93,
    0x8b, 0x93, 0xcc, 0x9b, 0x2a, 0x83, 0x09, 0x7b, 0x2a, 0x83, 0xcc, 0x93,
    0x2a, 0x83, 0xac, 0x9b, 0xcc, 0x9b, 0x6e, 0xac, 0x2e, 0xb4, 0x4e, 0xac,
    0xcc, 0x9b, 0x2a, 0x83, 0xed, 0xa3, 0xed, 0xab, 0x2d, 0xac, 0x2d, 0xac,
    0xed, 0x9b, 0x0d, 0xac, 0x8c, 0x93, 0x8c, 0x93, 0xed, 0xa3, 0x4e, 0xb4,
    0x6e, 0xbc, 0x0d, 0xa4, 0x0d, 0xa4, 0x0d, 0xa4, 0xcc, 0x9b, 0x4e, 0xb4,
    0x6e, 0xb4, 0x6e, 0xb4, 0xf0, 0xc4, 0xaf, 0xbc, 0x8f, 0xbc, 0x2e, 0xa4,
    0xac, 0x93, 0x2d, 0xa4, 0x8e, 0xb4, 0x6f, 0xb4, 0xb0, 0xb4, 0xd0, 0xbc,
    0x6e, 0xb4, 0xd0, 0xbc, 0x31, 0xc5, 0x11, 0xcd, 0x10, 0xc5, 0x31, 0xc5,
    0x52, 0xcd, 0x52, 0xd5, 0x31, 0xc5, 0x4e, 0xa4, 0x4e, 0xac, 0x11, 0xbd,
    0x11, 0xc5, 0x11, 0xc5, 0x11, 0xcd, 0x52, 0xcd, 0x52, 0xd5, 0x93, 0xd5,
    0x31, 0xc5, 0x90, 0xb4, 0x6f, 0xb4, 0x31, 0xc5, 0x52, 0xcd, 0x52, 0xcd,
    0xb4, 0xd5, 0xb3, 0xd5, 0xf5, 0xdd, 0xb3, 0xd5, 0x4f, 0xac, 0x11, 0xc5,
    0x93, 0xd5, 0x31, 0xc5, 0x31, 0xc5, 0x72, 0xcd, 0x73, 0xcd, 0x93, 0xcd,
    0x52, 0xc5, 0xb0, 0xb4, 0xf1, 0xbc, 0x73, 0xcd, 0xb4, 0xd5, 0xb5, 0xcd,
    0x94, 0xcd, 0x74, 0xcd, 0x53, 0xc5, 0x52, 0xc5, 0x52, 0xc5, 0x52, 0xc5,
    0x32, 0xc5, 0x32, 0xc5, 0x32, 0xbd, 0x12, 0xbd, 0x11, 0xc5, 0x11, 0xbd,
    0x11, 0xbd, 0x12, 0xbd, 0xf1, 0xc4, 0xf1, 0xbc, 0xd0, 0xbc, 0xd0, 0xbc,
    0xd1, 0xb4, 0xb0, 0xb4, 0x90, 0xb4, 0x8f, 0xac, 0x8f, 0xb4, 0x6f, 0xac,
    0x6f, 0xb4, 0x6f, 0xac, 0x8f, 0xac, 0x90, 0xac, 0x8f, 0xb4, 0x90, 0xac,
    0x6f, 0xb4, 0x6f, 0xb4, 0x6f, 0xac, 0x6f, 0xac, 0x6e, 0xac, 0x4e, 0xac,
    0x4f, 0xac, 0x4f, 0xa4, 0x4f, 0xac, 0x2e, 0xac, 0x4e, 0xa4, 0x4f, 0xa4,
    0x2e, 0xac, 0x4f, 0xa4, 0x4f, 0xac, 0x90, 0xb4, 0x90, 0xac, 0x12, 0xb5,
    0xf6, 0xdd, 0x57, 0xde, 0x77, 0xe6, 0x37, 0xde, 0x37, 0xde, 0x36, 0xde,
    0x57, 0xde, 0x57, 0xde, 0x37, 0xde, 0x36, 0xde, 0x37, 0xd6, 0x16, 0xde,
    0x16, 0xd6, 0xf6, 0xd5, 0xd5, 0xd5, 0xd5, 0xcd, 0x16, 0xd6, 0x36, 0xde,
    0x57, 0xde, 0x77, 0xe6, 0x57, 0xde, 0x77, 0xe6, 0x78, 0xe6, 0x98, 0xe6,
    0x57, 0xde, 0x36, 0xde, 0xd5, 0xd5, 0xd5, 0xd5, 0xd5, 0xd5, 0x94, 0xcd,
    0x94, 0xd5, 0xd5, 0xd5, 0x16, 0xde, 0x77, 0xe6, 0x57, 0xe6, 0x77, 0xe6,
    0x78, 0xe6, 0x98, 0xe6, 0x98, 0xee, 0x99, 0xee, 0xb8, 0xee, 0x98, 0xe6,
    0xb8, 0xee, 0xb9, 0xe6, 0xb8, 0xee, 0x98, 0xe6, 0x98, 0xee, 0x98, 0xee,
    0x77, 0xe6, 0xf6, 0xd5, 0xb1, 0xac, 0x4c, 0x83, 0xc9, 0x6a, 0xca, 0x6a,
    0x6d, 0x8b, 0x6c, 0x83, 0xb1, 0xb4, 0x0b, 0x73, 0x6b, 0x83, 0xac, 0x8b,
    0xea, 0x72, 0x2b, 0x7b, 0xea, 0x72, 0x2a, 0x7b, 0x0a, 0x83, 0x09, 0x83,
    0xe9, 0x7a, 0xa9, 0x72, 0xa8, 0x6a, 0x88, 0x6a, 0x88, 0x6a, 0xc9, 0x6a,
    0xea, 0x7a, 0xea, 0x7a, 0x0a, 0x7b, 0x2a, 0x83, 0x4a, 0x8b, 0x4a, 0x83,
    0x0a, 0x7b, 0xe9, 0x7a, 0xc9, 0x7a, 0xe9, 0x7a, 0xc9, 0x72, 0xa8, 0x72,
    0xc9, 0x6a, 0xc9, 0x7a, 0xc9, 0x72, 0xa8, 0x6a, 0x6c, 0x8b, 0x90, 0xac,
    0xb4, 0xcd, 0xf5, 0xd5, 0xb4, 0xcd, 0x74, 0xc5, 0x73, 0xcd, 0xf5, 0xd5,
    0x16, 0xde, 0xf5, 0xd5, 0xd5, 0xd5, 0xb5, 0xd5, 0x93, 0xcd, 0x33, 0xc5,
    0x52, 0xcd, 0xd4, 0xd5, 0x16, 0xde, 0x36, 0xe6, 0x37, 0xe6, 0x36, 0xde,
    0xd5, 0xd5, 0xd5, 0xd5, 0xd4, 0xdd, 0xb4, 0xd5, 0x52, 0xcd, 0xf2, 0xc4,
    0x11, 0xc5, 0x73, 0xcd, 0x16, 0xde, 0x36, 0xe6, 0x56, 0xe6, 0x57, 0xe6,
    0x77, 0xe6, 0x98, 0xee, 0x98, 0xe6, 0xb8, 0xee, 0xb8, 0xee, 0xb8, 0xee,
    0xb8, 0xee, 0xd9, 0xee, 0xd9, 0xee, 0xf9, 0xf6, 0xf9, 0xf6, 0xd9, 0xee,
    0xb8, 0xee, 0x77, 0xe6, 0x36, 0xde, 0xf4, 0xdd, 0xb4, 0xdd, 0x94, 0xdd,
    0x53, 0xcd, 0x11, 0xcd, 0x12, 0xcd, 0x73, 0xd5, 0x16, 0xde, 0x98, 0xee,
    0xd8, 0xee, 0xd9, 0xf6, 0xd9, 0xf6, 0xf9, 0xf6, 0xfa, 0xf6, 0x1a, 0xf7,
    0x1a, 0xf7, 0x3b, 0xf7, 0x3b, 0xff, 0x5b, 0xf7, 0x5b, 0xff, 0x5c, 0xff,
    0x7c, 0xff, 0x7c, 0xff, 0x7c, 0xff, 0x7c, 0xff, 0x9c, 0xff, 0x9c, 0xff,
    0xba, 0xe6, 0x53, 0xbd, 0xad, 0x93, 0x0d, 0xa4, 0x2e, 0xac, 0x0d, 0xa4,
    0x0e, 0xa4, 0xed, 0xa3, 0xac, 0x93, 0xc8, 0x72, 0xca, 0x72, 0xed, 0x9b,
    0x2e, 0xac, 0x0e, 0xa4, 0xed, 0x9b, 0x2e, 0xac, 0xcc, 0x9b, 0x8c, 0x93,
    0x2e, 0xa4, 0x2e, 0xac, 0x4e, 0xb4, 0x4e, 0xac, 0x4b, 0x8b, 0xc9, 0x72,
    0x6b, 0x8b, 0x2e, 0xac, 0x6e, 0xb4, 0x0d, 0xa4, 0x4e, 0xb4, 0xec, 0xa3,
    0x4e, 0xb4, 0xed, 0x9b, 0xcc, 0x9b, 0x6f, 0xb4, 0x2d, 0xac, 0x6f, 0xb4,
    0x4e, 0xac, 0x8f, 0xbc, 0xed, 0xa3, 0x4a, 0x8b, 0xed, 0xa3, 0x4e, 0xac,
    0xaf, 0xbc, 0xaf, 0xbc, 0x2e, 0xac, 0x6f, 0xb4, 0xec, 0x9b, 0x8f, 0xb4,
    0x6f, 0xb4, 0xf0, 0xbc, 0x31, 0xcd, 0xf0, 0xc4, 0xf1, 0xc4, 0x4e, 0xac,
    0xcc, 0x9b, 0x8f, 0xb4, 0xb0, 0xbc, 0xaf, 0xbc, 0xf0, 0xc4, 0xd0, 0xbc,
    0xf0, 0xc4, 0xb0, 0xbc, 0x2e, 0xa4, 0xf0, 0xc4, 0x11, 0xc5, 0x52, 0xcd,
    0x93, 0xdd, 0xb3, 0xdd, 0xf0, 0xbc, 0x6f, 0xac, 0xb0, 0xbc, 0x31, 0xc5,
    0x11, 0xc5, 0x52, 0xd5, 0x72, 0xd5, 0x93, 0xd5, 0xb4, 0xdd, 0x4e, 0xa4,
    0xcd, 0x9b, 0x11, 0xcd, 0x10, 0xc5, 0x51, 0xcd, 0x51, 0xcd, 0x52, 0xcd,
    0x72, 0xcd, 0xb3, 0xd5, 0x72, 0xd5, 0xf0, 0xbc, 0x2e, 0xa4, 0xb0, 0xbc,
    0x73, 0xcd, 0x52, 0xcd, 0x93, 0xd5, 0xd4, 0xd5, 0xf5, 0xdd, 0xf5, 0xdd,
    0x6f, 0xac, 0x8f, 0xb4, 0x11, 0xc5, 0xd0, 0xbc, 0x72, 0xcd, 0xb3, 0xd5,
    0x53, 0xcd, 0xd4, 0xdd, 0xf5, 0xdd, 0x11, 0xc5, 0xd0, 0xbc, 0x32, 0xc5,
    0xb5, 0xcd, 0x94, 0xcd, 0x74, 0xc5, 0x73, 0xcd, 0x53, 0xc5, 0x52, 0xc5,
    0x53, 0xc5, 0x32, 0xc5, 0x32, 0xc5, 0x32, 0xc5, 0x11, 0xc5, 0x32, 0xbd,
    0x12, 0xc5, 0x11, 0xbd, 0xf1, 0xbc, 0xf1, 0xc4, 0xf1, 0xbc, 0xf1, 0xbc,
    0xd1, 0xbc, 0xd1, 0xbc, 0xb0, 0xb4, 0xb0, 0xb4, 0x90, 0xb4, 0x90, 0xac,
    0x8f, 0xac, 0x8f, 0xb4, 0x8f, 0xb4, 0x8f, 0xb4, 0x8f, 0xac, 0x70, 0xb4,
    0x8f, 0xac, 0x8f, 0xac, 0x90, 0xac, 0x8f, 0xb4, 0x6f, 0xac, 0x4f, 0xac,
    0x4f, 0xac, 0x4e, 0xac, 0x6e, 0xa4, 0x4e, 0xac, 0x2e, 0xac, 0x4e, 0xa4,
    0x2e, 0xa4, 0x2e, 0xa4, 0x4e, 0xa4, 0x4f, 0xac, 0x6e, 0xac, 0x4f, 0xa4,
    0x90, 0xb4, 0x33, 0xc5, 0xf5, 0xd5, 0x57, 0xde, 0x58, 0xe6, 0x57, 0xde,
    0x37, 0xde, 0x37, 0xde, 0x57, 0xe6, 0x37, 0xde, 0x37, 0xde, 0x36, 0xde,
    0x16, 0xde, 0x17, 0xd6, 0x16, 0xd6, 0xf5, 0xd5, 0xd5, 0xd5, 0x36, 0xde,
    0x36, 0xde, 0x37, 0xde, 0x77, 0xe6, 0x37, 0xde, 0x78, 0xe6, 0x77, 0xe6,
    0x77, 0xe6, 0x78, 0xe6, 0x77, 0xe6, 0x16, 0xde, 0xf5, 0xd5, 0xf5, 0xdd,
    0xd5, 0xd5, 0xb4, 0xcd, 0xb4, 0xcd, 0xb4, 0xd5, 0x36, 0xde, 0x57, 0xe6,
    0x78, 0xe6, 0x78, 0xe6, 0x77, 0xe6, 0x98, 0xe6, 0x98, 0xe6, 0x98, 0xee,
    0x98, 0xe6, 0x98, 0xee, 0x98, 0xee, 0x98, 0xe6, 0x98, 0xee, 0x78, 0xde,
    0x77, 0xe6, 0xf6, 0xd5, 0x2f, 0x94, 0x8c, 0x8b, 0x4b, 0x83, 0x2b, 0x7b,
    0x0a, 0x7b, 0x2a, 0x83, 0xea, 0x72, 0x4b, 0x83, 0x4e, 0xa4, 0xac, 0x93,
    0xc9, 0x72, 0x6c, 0x8b, 0x0a, 0x7b, 0xea, 0x72, 0xe9, 0x7a, 0xe9, 0x7a,
    0xe9, 0x7a, 0xe9, 0x72, 0xc9, 0x72, 0xe9, 0x7a, 0xe9, 0x7a, 0xea, 0x7a,
    0xea, 0x7a, 0xe9, 0x7a, 0xc9, 0x72, 0xc8, 0x6a, 0xe9, 0x72, 0x0a, 0x7b,
    0x4a, 0x83, 0x2a, 0x8b, 0x0a, 0x7b, 0xe9, 0x7a, 0xa9, 0x72, 0xa8, 0x6a,
    0xa9, 0x72, 0xc9, 0x72, 0xa8, 0x6a, 0xa9, 0x72, 0xa9, 0x72, 0xea, 0x7a,
    0x2e, 0xa4, 0xf2, 0xb4, 0xd5, 0xcd, 0xb4, 0xcd, 0x73, 0xcd, 0x74, 0xcd,
    0xd5, 0xd5, 0x16, 0xd6, 0xf5, 0xd5, 0xf5, 0xd5, 0xd4, 0xd5, 0x94, 0xcd,
    0x32, 0xc5, 0x52, 0xc5, 0xd5, 0xd5, 0x16, 0xde, 0x56, 0xe6, 0x57, 0xe6,
    0x36, 0xde, 0x15, 0xde, 0xd5, 0xdd, 0xd5, 0xd5, 0x73, 0xd5, 0x32, 0xcd,
    0xf1, 0xc4, 0xf1, 0xc4, 0x74, 0xcd, 0x16, 0xde, 0x56, 0xe6, 0x57, 0xe6,
    0x57, 0xe6, 0x77, 0xe6, 0x98, 0xee, 0x78, 0xee, 0x97, 0xee, 0xb8, 0xee,
    0xd9, 0xee, 0xd9, 0xee, 0xd8, 0xf6, 0xd9, 0xee, 0xf9, 0xf6, 0xf9, 0xee,
    0xd9, 0xf6, 0xd8, 0xee, 0x98, 0xe6, 0x56, 0xe6, 0x16, 0xe6, 0xd5, 0xdd,
    0xd4, 0xdd, 0x73, 0xd5, 0x53, 0xd5, 0x32, 0xcd, 0x12, 0xcd, 0xb5, 0xdd,
    0x57, 0xe6, 0x98, 0xee, 0xd9, 0xee, 0xf9, 0xf6, 0xda, 0xf6, 0x1a, 0xf7,
    0x1a, 0xf7, 0x1a, 0xf7, 0x3a, 0xff, 0x5b, 0xff, 0x5b, 0xff, 0x5b, 0xff,
    0x5c, 0xff, 0x7b, 0xff, 0x5c, 0xff, 0x7c, 0xff, 0x9c, 0xff, 0x7c, 0xff,
    0x99, 0xde, 0xb5, 0xc5, 0x6f, 0xa4, 0x0d, 0xa4, 0x0a, 0x7b, 0x8c, 0x8b,
    0x0d, 0xa4, 0xcc, 0x9b, 0x2d, 0xac, 0x6e, 0xb4, 0xec, 0xa3, 0x6b, 0x8b,
    0xe9, 0x7a, 0xcc, 0x93, 0xac, 0x9b, 0x0d, 0xa4, 0x6b, 0x8b, 0xcc, 0x9b,
    0x0d, 0xa4, 0xac, 0x93, 0x0d, 0xa4, 0x2e, 0xac, 0x4e, 0xac, 0x6e, 0xac,
    0x2d, 0xac, 0x8c, 0x93, 0xcc, 0x9b, 0xd0, 0xbc, 0xaf, 0xbc, 0xf1, 0xc4,
    0x31, 0xcd, 0xf0, 0xc4, 0x52, 0xcd, 0x2d, 0xa4, 0x8b, 0x93, 0xd0, 0xbc,
    0xf0, 0xc4, 0x32, 0xc5, 0x31, 0xc5, 0x51, 0xcd, 0xd0, 0xb4, 0xcc, 0x93,
    0x4e, 0xb4, 0x6e, 0xb4, 0xaf, 0xbc, 0xd0, 0xc4, 0xd0, 0xbc, 0xf0, 0xc4,
    0x0d, 0xa4, 0x8f, 0xb4, 0xaf, 0xb4, 0x8f, 0xb4, 0xb0, 0xbc, 0x11, 0xc5,
    0x93, 0xd5, 0xaf, 0xb4, 0xed, 0x9b, 0xb0, 0xc4, 0xf0, 0xc4, 0x52, 0xcd,
    0xb3, 0xd5, 0x93, 0xd5, 0x52, 0xcd, 0xd0, 0xbc, 0x0d, 0xa4, 0x11, 0xc5,
    0xf0, 0xc4, 0xf0, 0xc4, 0x31, 0xc5, 0xb4, 0xd5, 0x52, 0xcd, 0xed, 0x9b,
    0x6f, 0xac, 0x11, 0xc5, 0x93, 0xd5, 0x72, 0xd5, 0x92, 0xd5, 0xb3, 0xd5,
    0x15, 0xe6, 0xb4, 0xd5, 0xaf, 0xb4, 0x11, 0xc5, 0x11, 0xc5, 0x12, 0xc5,
    0xd4, 0xd5, 0x93, 0xcd, 0xd4, 0xd5, 0xb4, 0xd5, 0xf4, 0xdd, 0x92, 0xd5,
    0x6f, 0xac, 0x8f, 0xac, 0x11, 0xc5, 0x31, 0xc5, 0x32, 0xcd, 0x52, 0xcd,
    0xd4, 0xd5, 0xf5, 0xdd, 0xf0, 0xbc, 0x8f, 0xac, 0xf1, 0xc4, 0x32, 0xc5,
    0xd4, 0xd5, 0x15, 0xde, 0xd4, 0xdd, 0xf4, 0xdd, 0x15, 0xde, 0xb3, 0xd5,
    0x31, 0xc5, 0xb5, 0xcd, 0xb5, 0xcd, 0x94, 0xc5, 0x73, 0xcd, 0x73, 0xc5,
    0x53, 0xc5, 0x52, 0xc5, 0x52, 0xc5, 0x32, 0xc5, 0x32, 0xc5, 0x32, 0xc5,
    0x11, 0xc5, 0x12, 0xc5, 0x11, 0xbd, 0x12, 0xbd, 0x11, 0xbd, 0x11, 0xbd,
    0xf1, 0xbc, 0xf1, 0xbc, 0xd0, 0xb4, 0xd0, 0xb4, 0xb0, 0xb4, 0x90, 0xb4,
    0x8f, 0xb4, 0x90, 0xac, 0x8f, 0xb4, 0x70, 0xb4, 0x6f, 0xac, 0x90, 0xb4,
    0x90, 0xb4, 0x90, 0xac, 0x90, 0xb4, 0x8f, 0xb4, 0x6f, 0xac, 0x4f, 0xac,
    0x6f, 0xac, 0x6f, 0xac, 0x4e, 0xac, 0x4f, 0xac, 0x4e, 0xa4, 0x2e, 0xa4,
    0x4f, 0xa4, 0x2e, 0xa4, 0x2e, 0xa4, 0x2e, 0xa4, 0x2e, 0xa4, 0x4e, 0xa4,
    0x4e, 0xa4, 0x6f, 0xac, 0x90, 0xac, 0x32, 0xbd, 0xd5, 0xd5, 0x57, 0xde,
    0x57, 0xe6, 0x37, 0xde, 0x57, 0xde, 0x37, 0xde, 0x37, 0xde, 0x56, 0xde,
    0x36, 0xde, 0x37, 0xde, 0x16, 0xde, 0x36, 0xde, 0xf6, 0xd5, 0xd5, 0xd5,
    0x16, 0xde, 0x36, 0xd6, 0x36, 0xde, 0x77, 0xe6, 0x37, 0xde, 0x77, 0xe6,
    0x77, 0xde, 0x78, 0xe6, 0x58, 0xe6, 0x77, 0xe6, 0x57, 0xde, 0x16, 0xde,
    0x16, 0xde, 0xd5, 0xdd, 0xd5, 0xcd, 0xd5, 0xd5, 0xb5, 0xd5, 0x94, 0xcd,
    0x16, 0xde, 0x57, 0xde, 0x77, 0xe6, 0x77, 0xe6, 0x97, 0xe6, 0x98, 0xe6,
    0x98, 0xe6, 0x98, 0xe6, 0x98, 0xe6, 0x98, 0xe6, 0x98, 0xe6, 0x78, 0xe6,
    0x36, 0xde, 0xd2, 0xb4, 0x4c, 0x83, 0x2b, 0x7b, 0x0a, 0x7b, 0x4b, 0x8b,
    0x2b, 0x83, 0x6b, 0x8b, 0x4b, 0x8b, 0x6b, 0x8b, 0x4b, 0x83, 0x2b, 0x83,
    0xcc, 0x93, 0xac, 0x8b, 0x2a, 0x83, 0xcc, 0x9b, 0x4b, 0x83, 0xea, 0x72,
    0xe9, 0x72, 0x0a, 0x7b, 0x0a, 0x83, 0x0a, 0x7b, 0xe9, 0x7a, 0x0a, 0x7b,
    0x2a, 0x8b, 0x2a, 0x83, 0x2a, 0x83, 0x09, 0x83, 0xe9, 0x7a, 0xc9, 0x72,
    0xc8, 0x72, 0xc9, 0x7a, 0x09, 0x7b, 0x0a, 0x7b, 0xc9, 0x7a, 0xa8, 0x6a,
    0xc9, 0x72, 0xc9, 0x7a, 0xa9, 0x72, 0xa8, 0x6a, 0xc9, 0x72, 0xe9, 0x7a,
    0xc9, 0x72, 0xed, 0x93, 0xad, 0x8b, 0x73, 0xc5, 0x94, 0xd5, 0x94, 0xc5,
    0x74, 0xc5, 0xf5, 0xd5, 0x16, 0xde, 0xf6, 0xd5, 0xf5, 0xd5, 0xd5, 0xd5,
    0x73, 0xcd, 0x32, 0xc5, 0x53, 0xc5, 0xb4, 0xd5, 0x16, 0xde, 0x57, 0xde,
    0x57, 0xde, 0x36, 0xe6, 0x16, 0xe6, 0xf5, 0xdd, 0xd4, 0xd5, 0x94, 0xcd,
    0x32, 0xcd, 0xf1, 0xc4, 0xf1, 0xc4, 0x94, 0xcd, 0x15, 0xde, 0x57, 0xe6,
    0x57, 0xe6, 0x57, 0xe6, 0x97, 0xee, 0x98, 0xee, 0x98, 0xee, 0x98, 0xee,
    0xb8, 0xee, 0xb8, 0xee, 0xd8, 0xf6, 0xd9, 0xee, 0xd9, 0xf6, 0xf9, 0xf6,
    0xd9, 0xf6, 0xfa, 0xee, 0xd9, 0xee, 0xb8, 0xf6, 0x78, 0xee, 0x56, 0xe6,
    0x16, 0xe6, 0xd5, 0xdd, 0xb4, 0xdd, 0x73, 0xd5, 0x73, 0xd5, 0x32, 0xd5,
    0x52, 0xd5, 0xf5, 0xdd, 0x58, 0xee, 0xb8, 0xee, 0xd9, 0xee, 0x19, 0xf7,
    0x1a, 0xf7, 0x1a, 0xf7, 0x3a, 0xf7, 0x3b, 0xff, 0x3b, 0xf7, 0x3b, 0xf7,
    0x5b, 0xff, 0x5c, 0xff, 0x7b, 0xff, 0x5c, 0xff, 0x7b, 0xff, 0x7c, 0xff,
    0xd9, 0xe6, 0x13, 0xb5, 0x2f, 0x9c, 0xb0, 0xb4, 0x0d, 0xac, 0x2e, 0xac,
    0x8c, 0x8b, 0xac, 0x8b, 0x6f, 0xb4, 0x0d, 0xa4, 0x2e, 0xa4, 0x8f, 0xb4,
    0x0d, 0xa4, 0x8c, 0x93, 0x6b, 0x8b, 0xab, 0x93, 0x8c, 0x93, 0x4e, 0xac,
    0x8b, 0x8b, 0x0d, 0xa4, 0x8f, 0xbc, 0x6f, 0xb4, 0x8f, 0xb4, 0x6f, 0xb4,
    0x8f, 0xbc, 0xd0, 0xbc, 0xd0, 0xbc, 0x0d, 0xa4, 0x09, 0x7b, 0x8f, 0xb4,
    0x4e, 0xac, 0xaf, 0xbc, 0x11, 0xc5, 0xb0, 0xbc, 0xf0, 0xc4, 0x2d, 0xa4,
    0xac, 0x93, 0xf0, 0xc4, 0xf1, 0xc4, 0x11, 0xc5, 0x72, 0xcd, 0xb4, 0xdd,
    0x32, 0xcd, 0x8f, 0xb4, 0xd0, 0xbc, 0xd0, 0xbc, 0xaf, 0xbc, 0x31, 0xcd,
    0x10, 0xc5, 0x11, 0xcd, 0x2d, 0xac, 0xaf, 0xb4, 0x11, 0xc5, 0xd0, 0xbc,
    0xf0, 0xc4, 0xf0, 0xc4, 0x93, 0xd5, 0x72, 0xcd, 0xb0, 0xb4, 0xd0, 0xbc,
    0x10, 0xc5, 0x11, 0xc5, 0x52, 0xcd, 0xb3, 0xd5, 0x93, 0xd5, 0x32, 0xcd,
    0x0d, 0x9c, 0x8f, 0xac, 0x52, 0xcd, 0x72, 0xcd, 0xd0, 0xc4, 0xb3, 0xd5,
    0xd4, 0xdd, 0xaf, 0xbc, 0x11, 0xc5, 0xf0, 0xbc, 0x11, 0xc5, 0x31, 0xc5,
    0x72, 0xcd, 0x31, 0xc5, 0x92, 0xd5, 0x52, 0xcd, 0x31, 0xc5, 0x72, 0xcd,
    0x32, 0xc5, 0x52, 0xcd, 0x93, 0xd5, 0xb3, 0xdd, 0x93, 0xd5, 0xd4, 0xd5,
    0xd4, 0xdd, 0x94, 0xd5, 0x11, 0xc5, 0x11, 0xbd, 0xf1, 0xbc, 0x93, 0xd5,
    0xd4, 0xd5, 0xb3, 0xd5, 0x93, 0xd5, 0x15, 0xde, 0xf5, 0xdd, 0x73, 0xc5,
    0x11, 0xc5, 0xf0, 0xc4, 0x72, 0xcd, 0xb4, 0xd5, 0xd4, 0xdd, 0xd4, 0xdd,
    0xf5, 0xdd, 0xd4, 0xdd, 0xb6, 0xcd, 0xb5, 0xcd, 0x94, 0xcd, 0x74, 0xcd,
    0x73, 0xc5, 0x53, 0xc5, 0x32, 0xcd, 0x33, 0xc5, 0x32, 0xc5, 0x32, 0xc5,
    0x12, 0xc5, 0x32, 0xc5, 0x12, 0xc5, 0x11, 0xbd, 0x11, 0xbd, 0x12, 0xc5,
    0xf1, 0xbc, 0xf1, 0xbc, 0xd1, 0xbc, 0xf1, 0xbc, 0xd0, 0xb4, 0xd0, 0xb4,
    0xb0, 0xb4, 0x8f, 0xb4, 0x8f, 0xb4, 0x8f, 0xac, 0x90, 0xac, 0x90, 0xac,
    0x8f, 0xb4, 0xaf, 0xb4, 0x90, 0xac, 0x90, 0xb4, 0x8f, 0xb4, 0x90, 0xb4,
    0x6f, 0xac, 0x8f, 0xac, 0x6f, 0xac, 0x4f, 0xac, 0x4f, 0xac, 0x4e, 0xa4,
    0x2e, 0xa4, 0x2e, 0xa4, 0x2e, 0xa4, 0x2e, 0xa4, 0x4e, 0xa4, 0x2e, 0xa4,
    0x2e, 0xa4, 0x4f, 0xa4, 0x4f, 0xac, 0x6f, 0xa4, 0x6f, 0xac, 0xd1, 0xb4,
    0xb5, 0xcd, 0x37, 0xde, 0x57, 0xde, 0x57, 0xde, 0x57, 0xde, 0x37, 0xde,
    0x57, 0xde, 0x37, 0xde, 0x37, 0xd6, 0x36, 0xde, 0x16, 0xde, 0x16, 0xd6,
    0x16, 0xd6, 0xf6, 0xd5, 0x16, 0xd6, 0x36, 0xde, 0x58, 0xde, 0x57, 0xde,
    0x77, 0xe6, 0x58, 0xde, 0x98, 0xe6, 0x98, 0xe6, 0x77, 0xe6, 0x57, 0xe6,
    0x57, 0xde, 0x36, 0xde, 0x15, 0xde, 0xd5, 0xd5, 0xf6, 0xd5, 0xf5, 0xd5,
    0xb4, 0xcd, 0x95, 0xcd, 0xd5, 0xd5, 0x57, 0xde, 0x16, 0xd6, 0x57, 0xe6,
    0x57, 0xe6, 0x78, 0xde, 0x78, 0xe6, 0x78, 0xe6, 0x77, 0xde, 0x36, 0xde,
    0x74, 0xc5, 0x4f, 0x9c, 0xac, 0x93, 0x0a, 0x7b, 0x4b, 0x83, 0x0a, 0x7b,
    0x2a, 0x83, 0x6b, 0x8b, 0x4b, 0x83, 0x6b, 0x8b, 0x6b, 0x93, 0x8c, 0x8b,
    0x6b, 0x83, 0x4b, 0x83, 0xcd, 0x9b, 0x6c, 0x83, 0x8b, 0x93, 0xed, 0x9b,
    0x4b, 0x8b, 0x0a, 0x7b, 0x2a, 0x7b, 0x4b, 0x8b, 0x6b, 0x93, 0x2a, 0x83,
    0x0a, 0x7b, 0x0a, 0x83, 0x4a, 0x83, 0x2a, 0x83, 0x2a, 0x83, 0x0a, 0x83,
    0x09, 0x7b, 0xc9, 0x72, 0xa8, 0x6a, 0xc9, 0x72, 0xe9, 0x7a, 0xe9, 0x7a,
    0xe9, 0x72, 0xe9, 0x82, 0xea, 0x7a, 0xe9, 0x7a, 0xe9, 0x7a, 0xe9, 0x7a,
    0x2a, 0x83, 0xea, 0x7a, 0x6b, 0x8b, 0x8d, 0x8b, 0x12, 0xb5, 0x74, 0xc5,
    0x93, 0xcd, 0x94, 0xcd, 0xf5, 0xd5, 0x16, 0xd6, 0x15, 0xde, 0xf5, 0xd5,
    0xd5, 0xd5, 0xb3, 0xd5, 0x53, 0xc5, 0x32, 0xcd, 0xb4, 0xd5, 0x36, 0xde,
    0x57, 0xe6, 0x56, 0xe6, 0x36, 0xe6, 0x36, 0xde, 0x36, 0xde, 0xf5, 0xdd,
    0xb4, 0xd5, 0x53, 0xcd, 0x11, 0xcd, 0x12, 0xc5, 0x73, 0xd5, 0xf5, 0xdd,
    0x36, 0xe6, 0x57, 0xde, 0x77, 0xe6, 0x77, 0xee, 0x77, 0xe6, 0x98, 0xe6,
    0xb8, 0xe6, 0xb7, 0xee, 0xb8, 0xee, 0xd8, 0xee, 0xd9, 0xee, 0xf9, 0xee,
    0xf9, 0xf6, 0xda, 0xf6, 0xd9, 0xf6, 0xd9, 0xf6, 0xd9, 0xee, 0x98, 0xee,
    0x77, 0xee, 0x56, 0xe6, 0x15, 0xe6, 0xf5, 0xdd, 0xb4, 0xd5, 0x94, 0xdd,
    0x73, 0xd5, 0x12, 0xd5, 0x73, 0xd5, 0x16, 0xe6, 0x77, 0xee, 0xd9, 0xee,
    0xf9, 0xf6, 0xfa, 0xf6, 0x1a, 0xf7, 0x1a, 0xf7, 0x1a, 0xff, 0x5b, 0xff,
    0x3b, 0xff, 0x5b, 0xff, 0x5c, 0xff, 0x7c, 0xf7, 0x7c, 0xff, 0x5b, 0xff,
    0xda, 0xe6, 0xb5, 0xc5, 0xf1, 0xb4, 0x0e, 0x9c, 0x6f, 0xac, 0xf0, 0xc4,
    0x8f, 0xbc, 0x2e, 0xac, 0xac, 0x9b, 0xed, 0xa3, 0x4e, 0xb4, 0x2e, 0xac,
    0x4f, 0xac, 0x8f, 0xbc, 0x2e, 0xac, 0x6b, 0x8b, 0x0d, 0xa4, 0xab, 0x9b,
    0x8c, 0x93, 0x6e, 0xb4, 0xed, 0xa3, 0xed, 0xa3, 0xd0, 0xc4, 0xcf, 0xbc,
    0x8f, 0xb4, 0xb0, 0xbc, 0xaf, 0xbc, 0xaf, 0xbc, 0xd0, 0xbc, 0xcc, 0x93,
    0xca, 0x7a, 0xb0, 0xc4, 0x4e, 0xac, 0xed, 0x9b, 0x6e, 0xb4, 0x4f, 0xb4,
    0xb0, 0xbc, 0xf0, 0xc4, 0x4f, 0xac, 0x4e, 0xac, 0xcf, 0xbc, 0x11, 0xcd,
    0x72, 0xcd, 0x93, 0xd5, 0x31, 0xc5, 0x4e, 0xac, 0x8f, 0xb4, 0x52, 0xcd,
    0x52, 0xcd, 0x52, 0xcd, 0x52, 0xcd, 0x52, 0xcd, 0x8f, 0xb4, 0xed, 0xa3,
    0x10, 0xcd, 0x32, 0xcd, 0x72, 0xd5, 0x72, 0xcd, 0x73, 0xd5, 0xd3, 0xd5,
    0x11, 0xc5, 0x6f, 0xb4, 0x52, 0xcd, 0x11, 0xc5, 0x11, 0xc5, 0x10, 0xcd,
    0x72, 0xcd, 0xb3, 0xd5, 0xd0, 0xb4, 0x4e, 0xa4, 0xf1, 0xc4, 0xb3, 0xd5,
    0xb3, 0xd5, 0xd3, 0xdd, 0xb3, 0xd5, 0x31, 0xcd, 0x52, 0xcd, 0x52, 0xcd,
    0x31, 0xcd, 0xf1, 0xc4, 0x52, 0xcd, 0x72, 0xd5, 0xd1, 0xbc, 0x6f, 0xac,
    0x8f, 0xb4, 0x6e, 0xac, 0x8f, 0xac, 0x11, 0xbd, 0x11, 0xc5, 0xf4, 0xdd,
    0x52, 0xcd, 0x52, 0xcd, 0x93, 0xd5, 0x32, 0xcd, 0x72, 0xcd, 0xd0, 0xb4,
    0xcd, 0x93, 0x6f, 0xac, 0x52, 0xc5, 0xb4, 0xdd, 0xf4, 0xdd, 0xb3, 0xd5,
    0x93, 0xd5, 0x73, 0xcd, 0x52, 0xcd, 0xf0, 0xb4, 0x2e, 0x9c, 0x6f, 0xac,
    0x11, 0xbd, 0x12, 0xbd, 0xf1, 0xbc, 0xf6, 0xcd, 0xb5, 0xcd, 0x94, 0xcd,
    0x74, 0xcd, 0x73, 0xcd, 0x53, 0xc5, 0x53, 0xc5, 0x52, 0xc5, 0x53, 0xc5,
    0x32, 0xc5, 0x32, 0xc5, 0x32, 0xc5, 0x12, 0xc5, 0x12, 0xc5, 0x12, 0xc5,
    0x12, 0xc5, 0x11, 0xbd, 0x11, 0xbd, 0xf1, 0xbc, 0xd1, 0xbc, 0xd0, 0xbc,
    0xb0, 0xb4, 0xd0, 0xb4, 0xb0, 0xb4, 0x8f, 0xb4, 0x90, 0xb4, 0x90, 0xac,
    0x8f, 0xb4, 0xaf, 0xb4, 0x90, 0xb4, 0xb0, 0xb4, 0x8f, 0xb4, 0xb0, 0xb4,
    0xb0, 0xac, 0x90, 0xac, 0x8f, 0xb4, 0x6f, 0xac, 0x6f, 0xac, 0x6f, 0xac,
    0x4e, 0xac, 0x4e, 0xa4, 0x2e, 0xa4, 0x2e, 0xa4, 0x2e, 0xa4, 0x2e, 0xa4,
    0x2e, 0xa4, 0x2f, 0xa4, 0x6e, 0xac, 0x6f, 0xac, 0x4f, 0xac, 0x4e, 0xa4,
    0x4f, 0xa4, 0x90, 0xac, 0x73, 0xc5, 0x16, 0xde, 0x57, 0xde, 0x57, 0xde,
    0x37, 0xde, 0x57, 0xde, 0x37, 0xd6, 0x36, 0xde, 0x36, 0xde, 0x17, 0xde,
    0x36, 0xde, 0x16, 0xde, 0xf6, 0xd5, 0xf6, 0xd5, 0x16, 0xde, 0x57, 0xde,
    0x77, 0xe6, 0x58, 0xe6, 0x77, 0xe6, 0x78, 0xe6, 0x77, 0xe6, 0x58, 0xde,
    0x78, 0xe6, 0x57, 0xde, 0x37, 0xde, 0x16, 0xde, 0x16, 0xd6, 0xf5, 0xdd,
    0xf5, 0xd5, 0xd5, 0xd5, 0xb4, 0xd5, 0x94, 0xcd, 0xb5, 0xcd, 0x74, 0xcd,
    0x94, 0xcd, 0xd5, 0xcd, 0xd5, 0xcd, 0x53, 0xc5, 0x32, 0xc5, 0x4f, 0xa4,
    0x4f, 0xa4, 0x2e, 0xa4, 0xac, 0x8b, 0xac, 0x93, 0x6b, 0x8b, 0x6b, 0x8b,
    0x4b, 0x83, 0x2a, 0x7b, 0x4b, 0x83, 0x6b, 0x8b, 0x6b, 0x83, 0x8c, 0x93,
    0x8c, 0x93, 0x8b, 0x8b, 0x8c, 0x8b, 0xac, 0x9b, 0xac, 0x93, 0xac, 0x93,
    0x8c, 0x93, 0xac, 0x93, 0x6b, 0x8b, 0x4a, 0x83, 0x6b, 0x8b, 0x8b, 0x93,
    0x8b, 0x93, 0x4b, 0x8b, 0x4a, 0x83, 0x6b, 0x8b, 0x8b, 0x93, 0x8b, 0x93,
    0x6b, 0x8b, 0x4b, 0x8b, 0x0a, 0x83, 0xc9, 0x72, 0xe9, 0x72, 0xea, 0x7a,
    0x0a, 0x83, 0x09, 0x7b, 0x0a, 0x7b, 0x4a, 0x8b, 0x4a, 0x8b, 0x2a, 0x83,
    0x2a, 0x83, 0x4b, 0x8b, 0x4a, 0x8b, 0x2a, 0x7b, 0xac, 0x8b, 0x8f, 0xac,
    0x12, 0xb5, 0x94, 0xcd, 0x94, 0xcd, 0xf5, 0xd5, 0x16, 0xde, 0x16, 0xd6,
    0xf5, 0xd5, 0xd4, 0xd5, 0xb4, 0xd5, 0x53, 0xcd, 0x32, 0xc5, 0xb4, 0xcd,
    0x16, 0xde, 0x57, 0xe6, 0x77, 0xde, 0x57, 0xde, 0x57, 0xde, 0x57, 0xe6,
    0x36, 0xde, 0xd5, 0xdd, 0x73, 0xcd, 0x32, 0xc5, 0x11, 0xc5, 0x73, 0xcd,
    0xf5, 0xdd, 0x36, 0xde, 0x56, 0xe6, 0x77, 0xe6, 0x77, 0xe6, 0x78, 0xe6,
    0x97, 0xee, 0x98, 0xee, 0xb9, 0xee, 0xd8, 0xee, 0xd9, 0xee, 0xd8, 0xee,
    0xd9, 0xee, 0xf9, 0xf6, 0xf9, 0xf6, 0xf9, 0xee, 0xd9, 0xf6, 0xd9, 0xf6,
    0xd9, 0xee, 0xb8, 0xee, 0x77, 0xe6, 0x37, 0xe6, 0x16, 0xe6, 0xd5, 0xdd,
    0xd5, 0xdd, 0xd4, 0xdd, 0x74, 0xd5, 0x33, 0xd5, 0x74, 0xdd, 0x16, 0xe6,
    0x78, 0xe6, 0xd9, 0xee, 0xfa, 0xf6, 0x1a, 0xf7, 0x1a, 0xf7, 0x1b, 0xf7,
    0x5b, 0xf7, 0x5b, 0xff, 0x5b, 0xff, 0x5b, 0xff, 0x5b, 0xff, 0x1a, 0xf7,
    0x78, 0xde, 0x95, 0xc5, 0xd1, 0xb4, 0xd1, 0xb4, 0x52, 0xc5, 0x90, 0xb4,
    0xed, 0x9b, 0xb0, 0xb4, 0x11, 0xc5, 0xaf, 0xbc, 0xed, 0xa3, 0xcd, 0x9b,
    0x8f, 0xac, 0x6e, 0xac, 0x8f, 0xb4, 0xb0, 0xbc, 0x6e, 0xb4, 0xac, 0x93,
    0xac, 0x9b, 0x2e, 0xa4, 0x2e, 0xac, 0x4e, 0xac, 0xec, 0xa3, 0x6b, 0x8b,
    0x90, 0xb4, 0xf0, 0xc4, 0x0d, 0xa4, 0x4e, 0xac, 0xaf, 0xbc, 0x8f, 0xb4,
    0xaf, 0xbc, 0xcf, 0xbc, 0xec, 0x93, 0xf0, 0xbc, 0x11, 0xc5, 0xd0, 0xc4,
    0x73, 0xcd, 0x32, 0xcd, 0x31, 0xc5, 0x51, 0xcd, 0x8f, 0xb4, 0x4e, 0xac,
    0x90, 0xb4, 0x52, 0xcd, 0xf1, 0xc4, 0x52, 0xcd, 0xb3, 0xd5, 0x32, 0xcd,
    0x2e, 0xa4, 0xf1, 0xc4, 0x72, 0xd5, 0x92, 0xd5, 0x93, 0xd5, 0xb3, 0xd5,
    0x31, 0xcd, 0x8f, 0xb4, 0xb0, 0xb4, 0x32, 0xcd, 0x52, 0xcd, 0x93, 0xd5,
    0x6f, 0xac, 0xcd, 0x93, 0x2b, 0x7b, 0x8c, 0x93, 0x31, 0xc5, 0x93, 0xcd,
    0x93, 0xd5, 0x94, 0xd5, 0xb4, 0xd5, 0xb3, 0xd5, 0xf1, 0xc4, 0x8f, 0xb4,
    0x2e, 0xa4, 0x6f, 0xac, 0xd0, 0xbc, 0x8f, 0xb4, 0x0e, 0x9c, 0x6b, 0x83,
    0xac, 0x93, 0xed, 0xa3, 0x8f, 0xac, 0x4e, 0xac, 0x4e, 0xac, 0x2e, 0xa4,
    0x2b, 0x83, 0x4b, 0x83, 0x4b, 0x83, 0x4b, 0x83, 0x0e, 0xa4, 0x4b, 0x83,
    0x8c, 0x8b, 0xf1, 0xbc, 0x8f, 0xac, 0x90, 0xac, 0xf1, 0xbc, 0x4f, 0xac,
    0x6c, 0x83, 0x0b, 0x73, 0x6b, 0x83, 0x8b, 0x8b, 0x8d, 0x8b, 0xed, 0x9b,
    0x6f, 0xac, 0xcd, 0x93, 0x0e, 0x9c, 0x2f, 0xa4, 0x6f, 0xac, 0xed, 0x9b,
    0x8c, 0x8b, 0xac, 0x8b, 0x2e, 0xa4, 0xee, 0x9b, 0xd6, 0xd5, 0xd5, 0xcd,
    0xb5, 0xcd, 0x94, 0xcd, 0x73, 0xc5, 0x73, 0xc5, 0x52, 0xcd, 0x52, 0xc5,
    0x53, 0xc5, 0x52, 0xc5, 0x52, 0xc5, 0x32, 0xc5, 0x32, 0xc5, 0x12, 0xc5,
    0x32, 0xc5, 0x11, 0xc5, 0x12, 0xbd, 0x11, 0xc5, 0x11, 0xbd, 0xf1, 0xbc,
    0xd1, 0xbc, 0xd1, 0xbc, 0xb0, 0xb4, 0xb0, 0xb4, 0xb0, 0xb4, 0x90, 0xb4,
    0x90, 0xb4, 0x90, 0xb4, 0xb0, 0xac, 0xb0, 0xb4, 0xb0, 0xb4, 0xd0, 0xb4,
    0xb0, 0xb4, 0xaf, 0xb4, 0x90, 0xb4, 0x8f, 0xb4, 0x6f, 0xb4, 0x6f, 0xac,
    0x6f, 0xac, 0x4f, 0xac, 0x4e, 0xa4, 0x2e, 0xa4, 0x2e, 0xa4, 0x2e, 0xa4,
    0x2e, 0xa4, 0x2e, 0xa4, 0x4e, 0xa4, 0x4f, 0xa4, 0x2e, 0xa4, 0x4e, 0xac,
    0x4e, 0xa4, 0x2e, 0xa4, 0x2e, 0xa4, 0x4f, 0xa4, 0xf2, 0xbc, 0xb4, 0xcd,
    0x16, 0xd6, 0x37, 0xde, 0x37, 0xde, 0x57, 0xde, 0x37, 0xde, 0x37, 0xde,
    0x37, 0xd6, 0x37, 0xd6, 0x16, 0xd6, 0xf6, 0xdd, 0x16, 0xd6, 0x16, 0xde,
    0x37, 0xde, 0x57, 0xde, 0x78, 0xde, 0x77, 0xe6, 0x78, 0xde, 0x77, 0xe6,
    0x78, 0xe6, 0x78, 0xe6, 0x77, 0xe6, 0x37, 0xde, 0x57, 0xe6, 0x16, 0xde,
    0xf6, 0xd5, 0xf6, 0xd5, 0x16, 0xde, 0xd4, 0xd5, 0x94, 0xcd, 0x94, 0xcd,
    0x73, 0xcd, 0x33, 0xbd, 0xf1, 0xb4, 0xd1, 0xb4, 0x70, 0xac, 0xac, 0x8b,
    0xed, 0x9b, 0xcd, 0x9b, 0xee, 0x9b, 0x2e, 0xa4, 0x0d, 0x9c, 0xcd, 0x9b,
    0x8c, 0x93, 0x8c, 0x8b, 0x6b, 0x8b, 0x6b, 0x8b, 0x8c, 0x8b, 0x8c, 0x8b,
    0xab, 0x93, 0xac, 0x93, 0xac, 0x9b, 0x8c, 0x93, 0xac, 0x93, 0xcc, 0x9b,
    0xcc, 0x9b, 0xcc, 0x9b, 0xac, 0x93, 0xac, 0x93, 0x8b, 0x8b, 0x6b, 0x8b,
    0x8b, 0x93, 0xac, 0x93, 0xab, 0x93, 0x6b, 0x8b, 0x6b, 0x8b, 0xac, 0x93,
    0xcc, 0x9b, 0xab, 0x9b, 0xab, 0x93, 0x6b, 0x8b, 0x2a, 0x83, 0x0a, 0x83,
    0x2a, 0x83, 0x4a, 0x8b, 0x4a, 0x8b, 0x2b, 0x83, 0x2a, 0x83, 0x6b, 0x8b,
    0x8b, 0x93, 0x8b, 0x93, 0x6b, 0x8b, 0x6b, 0x93, 0x2b, 0x83, 0xac, 0x93,
    0x2e, 0xa4, 0x70, 0xa4, 0x74, 0xc5, 0x94, 0xcd, 0xf5, 0xcd, 0x16, 0xd6,
    0x16, 0xde, 0x15, 0xde, 0xf5, 0xd5, 0xb4, 0xd5, 0x73, 0xcd, 0x53, 0xc5,
    0xb4, 0xd5, 0x16, 0xde, 0x57, 0xde, 0x57, 0xe6, 0x56, 0xe6, 0x57, 0xe6,
    0x77, 0xe6, 0x57, 0xde, 0x15, 0xde, 0xb3, 0xd5, 0x32, 0xcd, 0x11, 0xc5,
    0x73, 0xcd, 0xf5, 0xd5, 0x36, 0xde, 0x57, 0xe6, 0x57, 0xe6, 0x78, 0xe6,
    0x97, 0xe6, 0x98, 0xe6, 0x98, 0xee, 0xb8, 0xee, 0xb8, 0xee, 0xd9, 0xee,
    0xd9, 0xf6, 0xd9, 0xee, 0xf9, 0xf6, 0xf9, 0xf6, 0xf9, 0xf6, 0xf9, 0xee,
    0xf9, 0xee, 0xf9, 0xf6, 0xd8, 0xee, 0x98, 0xee, 0x97, 0xe6, 0x56, 0xe6,
    0x16, 0xe6, 0xf6, 0xe5, 0x16, 0xde, 0xd4, 0xdd, 0x94, 0xdd, 0x53, 0xd5,
    0x74, 0xdd, 0xf6, 0xe5, 0x97, 0xee, 0xd9, 0xf6, 0xd9, 0xf6, 0x1a, 0xf7,
    0x1a, 0xf7, 0x3b, 0xf7, 0x5b, 0xff, 0x3b, 0xf7, 0x3a, 0xf7, 0x99, 0xde,
    0x95, 0xc5, 0x53, 0xbd, 0x0f, 0x9c, 0xad, 0x8b, 0x6c, 0x8b, 0x0a, 0x7b,
    0xea, 0x72, 0xc9, 0x6a, 0xa9, 0x6a, 0x8c, 0x8b, 0x0e, 0xa4, 0x6f, 0xb4,
    0x4d, 0xac, 0xac, 0x93, 0xed, 0xa3, 0xed, 0x9b, 0x0d, 0xa4, 0x0d, 0xa4,
    0x0d, 0xa4, 0x6c, 0x8b, 0xac, 0x93, 0x8c, 0x93, 0x0d, 0xac, 0x2e, 0xac,
    0xac, 0x93, 0x8b, 0x8b, 0x4e, 0xac, 0x11, 0xc5, 0xf0, 0xc4, 0x11, 0xc5,
    0x11, 0xcd, 0x52, 0xcd, 0xd0, 0xbc, 0x8b, 0x8b, 0x88, 0x6a, 0xac, 0x93,
    0x4e, 0xac, 0xaf, 0xbc, 0xaf, 0xb4, 0x8f, 0xb4, 0x2e, 0xac, 0x0d, 0xa4,
    0x2b, 0x83, 0x6b, 0x83, 0x6b, 0x8b, 0x4b, 0x83, 0x2b, 0x83, 0x6c, 0x8b,
    0xcc, 0x93, 0x0a, 0x7b, 0xe9, 0x72, 0xc9, 0x72, 0xac, 0x93, 0xed, 0x9b,
    0x6e, 0xac, 0x4e, 0xa4, 0xed, 0x9b, 0x2a, 0x7b, 0xe9, 0x72, 0xe9, 0x7a,
    0x8c, 0x8b, 0x4b, 0x83, 0x2b, 0x8b, 0x2a, 0x7b, 0xa9, 0x6a, 0x4b, 0x8b,
    0x6a, 0x8b, 0x6b, 0x8b, 0xac, 0x93, 0xac, 0x93, 0x6c, 0x8b, 0x2a, 0x7b,
    0x6b, 0x8b, 0xcd, 0x93, 0x4b, 0x83, 0xea, 0x72, 0x4b, 0x83, 0xac, 0x93,
    0xac, 0x93, 0xed, 0x9b, 0x6e, 0xac, 0x2e, 0xac, 0x2e, 0xa4, 0x0d, 0xa4,
    0xcd, 0x9b, 0x6b, 0x8b, 0xcc, 0x9b, 0x2e, 0xac, 0x2e, 0xa4, 0x6f, 0xb4,
    0xb0, 0xb4, 0xed, 0x9b, 0x8c, 0x93, 0xed, 0x9b, 0x0d, 0x9c, 0x4e, 0xa4,
    0x4e, 0xa4, 0xed, 0x9b, 0xac, 0x93, 0xcd, 0x93, 0x2e, 0xac, 0x4e, 0xac,
    0x2e, 0xa4, 0x8f, 0xb4, 0xd0, 0xbc, 0x8f, 0xb4, 0x8f, 0xb4, 0x2e, 0xac,
    0x0e, 0xa4, 0x6f, 0xb4, 0x2e, 0xa4, 0x4e, 0xac, 0xb0, 0xbc, 0xf6, 0xd5,
    0xb5, 0xcd, 0xb5, 0xcd, 0x94, 0xcd, 0x74, 0xcd, 0x73, 0xc5, 0x53, 0xc5,
    0x53, 0xc5, 0x32, 0xc5, 0x32, 0xc5, 0x32, 0xc5, 0x32, 0xc5, 0x32, 0xbd,
    0x31, 0xc5, 0x32, 0xbd, 0x12, 0xbd, 0x11, 0xc5, 0xf2, 0xbc, 0xf2, 0xbc,
    0xf1, 0xbc, 0xf1, 0xbc, 0xd1, 0xb4, 0xd0, 0xbc, 0xb0, 0xb4, 0xb0, 0xb4,
    0xb0, 0xb4, 0xb0, 0xb4, 0xaf, 0xac, 0xb0, 0xb4, 0x90, 0xb4, 0x90, 0xb4,
    0xb0, 0xb4, 0xb0, 0xbc, 0xb0, 0xb4, 0xb0, 0xac, 0x90, 0xac, 0x8f, 0xb4,
    0x8f, 0xac, 0x6f, 0xac, 0x6f, 0xac, 0x4f, 0xa4, 0x4e, 0xa4, 0x2e, 0xac,
    0x2e, 0xa4, 0x2e, 0xa4, 0x2e, 0xa4, 0x2e, 0xa4, 0x2e, 0xa4, 0x2e, 0xac,
    0x2e, 0xa4, 0x2e, 0xa4, 0x2e, 0xa4, 0x2e, 0xa4, 0x0e, 0x9c, 0x0e, 0x9c,
    0x8f, 0xac, 0xd1, 0xb4, 0x94, 0xc5, 0xd5, 0xcd, 0x36, 0xde, 0x57, 0xde,
    0x37, 0xde, 0x37, 0xde, 0x16, 0xd6, 0x36, 0xde, 0x16, 0xde, 0xf6, 0xd5,
    0xf6, 0xd5, 0xf6, 0xd5, 0x16, 0xd6, 0x77, 0xe6, 0x57, 0xde, 0x57, 0xde,
    0x77, 0xe6, 0x77, 0xde, 0x77, 0xe6, 0x78, 0xde, 0x77, 0xe6, 0x37, 0xde,
    0x56, 0xde, 0xf5, 0xd5, 0xd5, 0xcd, 0xd6, 0xd5, 0xf5, 0xd5, 0xb5, 0xcd,
    0x94, 0xc5, 0x94, 0xc5, 0x53, 0xbd, 0xd1, 0xbc, 0xcd, 0x93, 0xee, 0x9b,
    0xed, 0x93, 0xee, 0x9b, 0x0e, 0xa4, 0xed, 0x9b, 0xcd, 0x9b, 0x0d, 0x9c,
    0x0d, 0xa4, 0xcd, 0x9b, 0xcc, 0x9b, 0x8c, 0x93, 0xac, 0x9b, 0xcd, 0x9b,
    0xac, 0x9b, 0x8c, 0x93, 0xac, 0x93, 0xac, 0x93, 0x8c, 0x93, 0x8c, 0x8b,
    0xac, 0x93, 0xcd, 0x9b, 0x0d, 0xa4, 0xed, 0xa3, 0xcc, 0x9b, 0xcc, 0x9b,
    0x8c, 0x93, 0x8c, 0x93, 0xac, 0x93, 0xcd, 0x9b, 0xac, 0x9b, 0x8b, 0x93,
    0x8c, 0x93, 0xac, 0x93, 0xcc, 0x9b, 0xcd, 0x93, 0xac, 0x93, 0x6b, 0x8b,
    0x4b, 0x8b, 0x4b, 0x83, 0x6b, 0x8b, 0x8b, 0x93, 0x8b, 0x93, 0x8b, 0x8b,
    0x4b, 0x8b, 0xab, 0x93, 0xcc, 0x9b, 0xac, 0x93, 0x8b, 0x93, 0xac, 0x9b,
    0xec, 0x9b, 0xee, 0x9b, 0x0e, 0x9c, 0x32, 0xbd, 0x74, 0xcd, 0xd5, 0xcd,
    0x15, 0xde, 0x16, 0xde, 0xf6, 0xd5, 0xf5, 0xdd, 0xb4, 0xcd, 0x93, 0xcd,
    0x73, 0xcd, 0x94, 0xd5, 0x16, 0xde, 0x77, 0xde, 0x57, 0xe6, 0x57, 0xde,
    0x77, 0xe6, 0x97, 0xe6, 0x57, 0xe6, 0x16, 0xde, 0xd5, 0xdd, 0x73, 0xd5,
    0x12, 0xcd, 0x52, 0xcd, 0xd5, 0xd5, 0x16, 0xe6, 0x57, 0xde, 0x77, 0xe6,
    0x77, 0xe6, 0x77, 0xe6, 0x97, 0xee, 0x98, 0xee, 0x98, 0xee, 0xb8, 0xee,
    0xb9, 0xee, 0xd9, 0xee, 0xf9, 0xf6, 0xd9, 0xf6, 0xda, 0xee, 0xfa, 0xf6,
    0xf9, 0xf6, 0xfa, 0xf6, 0xd9, 0xf6, 0xd9, 0xee, 0xb9, 0xee, 0xb8, 0xee,
    0x77, 0xe6, 0x36, 0xe6, 0x16, 0xde, 0x36, 0xe6, 0xf6, 0xe5, 0xd5, 0xdd,
    0xb5, 0xdd, 0x94, 0xdd, 0x95, 0xdd, 0xf5, 0xe5, 0x58, 0xe6, 0x98, 0xee,
    0xd8, 0xee, 0xfa, 0xf6, 0x1a, 0xf7, 0x1a, 0xf7, 0xb9, 0xe6, 0xf6, 0xd5,
    0xf2, 0xb4, 0xee, 0x93, 0x4e, 0xa4, 0x4e, 0xac, 0x6b, 0x8b, 0x6b, 0x8b,
    0x4a, 0x8b, 0xac, 0x9b, 0xcc, 0x9b, 0xec, 0xa3, 0xab, 0x9b, 0x6b, 0x8b,
    0x6b, 0x8b, 0x6a, 0x83, 0xe9, 0x7a, 0x2a, 0x83, 0x4b, 0x83, 0xea, 0x7a,
    0xea, 0x7a, 0x88, 0x62, 0x67, 0x62, 0x8b, 0x93, 0x2a, 0x83, 0x89, 0x6a,
    0x4b, 0x83, 0xac, 0x93, 0x8b, 0x93, 0xe9, 0x7a, 0xea, 0x7a, 0x4b, 0x8b,
    0x4b, 0x8b, 0x6b, 0x8b, 0xac, 0x93, 0xee, 0xa3, 0xcc, 0x9b, 0xcc, 0x9b,
    0x4a, 0x83, 0xc9, 0x6a, 0x2a, 0x7b, 0x4a, 0x83, 0x0a, 0x7b, 0x0a, 0x7b,
    0x0a, 0x7b, 0x88, 0x62, 0x88, 0x6a, 0x4a, 0x8b, 0xcc, 0x9b, 0x0c, 0xa4,
    0xcc, 0x9b, 0x4a, 0x83, 0x4a, 0x8b, 0x6b, 0x8b, 0xec, 0x9b, 0x8c, 0x93,
    0xac, 0x93, 0xac, 0x93, 0xcc, 0x9b, 0x2a, 0x8b, 0x2a, 0x83, 0xcc, 0x9b,
    0x4e, 0xac, 0x6f, 0xb4, 0xaf, 0xb4, 0xf0, 0xc4, 0xf0, 0xc4, 0x8f, 0xb4,
    0xed, 0x9b, 0x8c, 0x8b, 0x8b, 0x8b, 0x4e, 0xac, 0xaf, 0xbc, 0x8f, 0xb4,
    0xaf, 0xb4, 0xd0, 0xc4, 0xcf, 0xbc, 0xf0, 0xc4, 0x8f, 0xbc, 0xcd, 0x9b,
    0x2e, 0xa4, 0x11, 0xcd, 0xf1, 0xc4, 0xf0, 0xc4, 0x52, 0xcd, 0x11, 0xc5,
    0x72, 0xd5, 0x72, 0xcd, 0x52, 0xc5, 0x31, 0xcd, 0x6e, 0xac, 0x6f, 0xac,
    0x31, 0xcd, 0x11, 0xc5, 0x11, 0xbd, 0x31, 0xcd, 0xd0, 0xbc, 0x4e, 0xac,
    0xd0, 0xc4, 0x11, 0xc5, 0x52, 0xcd, 0x73, 0xd5, 0xf1, 0xc4, 0x6f, 0xac,
    0x8f, 0xac, 0x11, 0xc5, 0xb0, 0xbc, 0x11, 0xc5, 0x11, 0xbd, 0x11, 0xc5,
    0x73, 0xcd, 0x11, 0xc5, 0x6f, 0xac, 0xb0, 0xbc, 0x2e, 0xa4, 0xb0, 0xbc,
    0x17, 0xd6, 0xd6, 0xcd, 0xb5, 0xcd, 0x95, 0xcd, 0x73, 0xcd, 0x73, 0xc5,
    0x53, 0xc5, 0x52, 0xcd, 0x53, 0xcd, 0x52, 0xc5, 0x32, 0xc5, 0x32, 0xc5,
    0x32, 0xc5, 0x32, 0xbd, 0x12, 0xc5, 0x12, 0xc5, 0x11, 0xbd, 0x12, 0xbd,
    0x11, 0xc5, 0x11, 0xbd, 0xf1, 0xbc, 0xf1, 0xbc, 0xd1, 0xb4, 0xd0, 0xb4,
    0xb0, 0xb4, 0xb0, 0xb4, 0xaf, 0xb4, 0x90, 0xb4, 0x90, 0xb4, 0x90, 0xb4,
    0xaf, 0xb4, 0xb0, 0xb4, 0xb0, 0xb4, 0xb0, 0xb4, 0x8f, 0xb4, 0xb0, 0xb4,
    0x90, 0xb4, 0x8f, 0xb4, 0x6f, 0xac, 0x6f, 0xac, 0x6f, 0xb4, 0x6f, 0xac,
    0x4f, 0xac, 0x4f, 0xac, 0x4e, 0xac, 0x4f, 0xa4, 0x4e, 0xa4, 0x4e, 0xac,
    0x2f, 0xa4, 0x4e, 0xa4, 0x4e, 0xa4, 0x2e, 0xa4, 0x2e, 0xa4, 0x0e, 0x9c,
    0x0e, 0x9c, 0x2e, 0xa4, 0x0e, 0x9c, 0x90, 0xac, 0xd1, 0xb4, 0xb1, 0xac,
    0x94, 0xc5, 0xd5, 0xd5, 0x36, 0xd6, 0xf6, 0xd5, 0xf6, 0xd5, 0xf6, 0xd5,
    0xf5, 0xcd, 0xb5, 0xcd, 0xf2, 0xb4, 0x53, 0xc5, 0xf6, 0xd5, 0x37, 0xde,
    0x57, 0xde, 0x57, 0xe6, 0x77, 0xe6, 0x58, 0xde, 0x57, 0xde, 0x37, 0xde,
    0x37, 0xde, 0xd5, 0xcd, 0x94, 0xc5, 0x74, 0xc5, 0x54, 0xc5, 0xd5, 0xcd,
    0xd5, 0xcd, 0x94, 0xcd, 0x33, 0xc5, 0x32, 0xc5, 0xd1, 0xac, 0x0e, 0x9c,
    0xcd, 0x93, 0x0e, 0x9c, 0xac, 0x8b, 0x8c, 0x93, 0xcc, 0x93, 0xad, 0x9b,
    0xac, 0x9b, 0xac, 0x93, 0xcc, 0x93, 0xcc, 0x9b, 0xac, 0x93, 0x8c, 0x93,
    0xac, 0x93, 0xcc, 0x93, 0xac, 0x93, 0xab, 0x93, 0x8b, 0x93, 0x8b, 0x93,
    0x8b, 0x93, 0x8c, 0x8b, 0xac, 0x93, 0xed, 0x9b, 0x0d, 0xa4, 0x0d, 0xa4,
    0x0d, 0x9c, 0xed, 0xa3, 0xed, 0x9b, 0xed, 0xa3, 0x0d, 0xa4, 0x2e, 0xa4,
    0x0d, 0xa4, 0xec, 0x9b, 0xcd, 0x9b, 0xed, 0x9b, 0xed, 0x9b, 0xed, 0xa3,
    0xec, 0x9b, 0xac, 0x93, 0x6b, 0x8b, 0x6c, 0x8b, 0xcc, 0x93, 0xec, 0xa3,
    0xcc, 0xa3, 0xac, 0x93, 0xac, 0x93, 0xcd, 0xa3, 0xed, 0xa3, 0xed, 0x9b,
    0xed, 0x9b, 0xed, 0x9b, 0xed, 0x9b, 0x0d, 0x9c, 0x90, 0xac, 0x34, 0xc5,
    0xd5, 0xcd, 0x16, 0xd6, 0x16, 0xde, 0x16, 0xd6, 0xf5, 0xd5, 0xd4, 0xd5,
    0x94, 0xcd, 0x73, 0xcd, 0x94, 0xcd, 0x36, 0xde, 0x56, 0xe6, 0x77, 0xe6,
    0x57, 0xe6, 0x97, 0xe6, 0xb7, 0xee, 0x78, 0xe6, 0x56, 0xe6, 0x16, 0xde,
    0xb4, 0xd5, 0x32, 0xcd, 0x32, 0xcd, 0xb4, 0xd5, 0x36, 0xde, 0x56, 0xe6,
    0x77, 0xe6, 0x77, 0xe6, 0x98, 0xee, 0x98, 0xee, 0x98, 0xee, 0xb8, 0xee,
    0xb8, 0xee, 0xd9, 0xee, 0xd9, 0xee, 0xd9, 0xf6, 0xf9, 0xee, 0xf9, 0xee,
    0xf9, 0xf6, 0xfa, 0xf6, 0xf9, 0xf6, 0x1a, 0xf7, 0xf9, 0xf6, 0xd9, 0xf6,
    0xb9, 0xee, 0x98, 0xee, 0x77, 0xe6, 0x57, 0xe6, 0x57, 0xe6, 0x36, 0xee,
    0x36, 0xe6, 0x15, 0xe6, 0xf6, 0xdd, 0xf5, 0xdd, 0xd5, 0xdd, 0x16, 0xe6,
    0x36, 0xde, 0x37, 0xe6, 0x37, 0xde, 0x37, 0xde, 0xb5, 0xcd, 0x12, 0xb5,
    0x2f, 0x9c, 0x6f, 0xac, 0x4e, 0xac, 0xed, 0xa3, 0xaf, 0xbc, 0x8f, 0xb4,
    0x6f, 0xb4, 0xcc, 0x93, 0x6c, 0x93, 0xed, 0xa3, 0x8b, 0x93, 0x8c, 0x93,
    0xed, 0xa3, 0xac, 0x9b, 0x0d, 0xac, 0x8c, 0x93, 0x6b, 0x8b, 0x0d, 0xa4,
    0x0d, 0xac, 0xed, 0xa3, 0x0d, 0xa4, 0x4a, 0x83, 0x2a, 0x83, 0xcd, 0x9b,
    0xed, 0x9b, 0xcc, 0x9b, 0xec, 0xa3, 0x4e, 0xac, 0x0d, 0xa4, 0x6b, 0x8b,
    0xac, 0x93, 0x0d, 0xa4, 0x2d, 0xa4, 0x8f, 0xb4, 0x4e, 0xac, 0x4e, 0xb4,
    0x8f, 0xb4, 0xb0, 0xc4, 0x8f, 0xb4, 0x8b, 0x93, 0xcd, 0x9b, 0x0d, 0xac,
    0x2e, 0xac, 0x6e, 0xb4, 0x6e, 0xb4, 0x8b, 0x8b, 0x6b, 0x8b, 0x0d, 0xac,
    0x4e, 0xb4, 0xd0, 0xbc, 0x2e, 0xa4, 0x8f, 0xb4, 0x4e, 0xac, 0xcc, 0x9b,
    0x8f, 0xb4, 0xaf, 0xbc, 0xd0, 0xc4, 0xf0, 0xbc, 0x11, 0xc5, 0xd0, 0xbc,
    0x4e, 0xa4, 0x8f, 0xb4, 0x31, 0xcd, 0xf0, 0xc4, 0xf1, 0xc4, 0x31, 0xcd,
    0x52, 0xcd, 0x72, 0xd5, 0x32, 0xcd, 0xaf, 0xb4, 0xed, 0x9b, 0x8f, 0xac,
    0xf1, 0xc4, 0xaf, 0xbc, 0xd0, 0xbc, 0x52, 0xcd, 0xd0, 0xbc, 0x11, 0xc5,
    0x72, 0xcd, 0x72, 0xcd, 0xaf, 0xac, 0x31, 0xcd, 0x31, 0xcd, 0x52, 0xcd,
    0x72, 0xcd, 0x93, 0xd5, 0xf5, 0xdd, 0x93, 0xcd, 0xf1, 0xbc, 0x93, 0xd5,
    0x8f, 0xb4, 0xb0, 0xbc, 0x93, 0xd5, 0x73, 0xcd, 0x11, 0xc5, 0x93, 0xd5,
    0xf1, 0xb4, 0xd0, 0xbc, 0x73, 0xcd, 0x73, 0xcd, 0x32, 0xc5, 0xb3, 0xd5,
    0xd4, 0xd5, 0x31, 0xc5, 0xb0, 0xb4, 0x52, 0xcd, 0x73, 0xcd, 0x73, 0xcd,
    0x73, 0xcd, 0x73, 0xcd, 0xb4, 0xd5, 0xb4, 0xd5, 0x32, 0xc5, 0x11, 0xc5,
    0xb0, 0xbc, 0x17, 0xd6, 0xd6, 0xd5, 0xd5, 0xcd, 0xb5, 0xcd, 0x94, 0xcd,
    0x73, 0xc5, 0x53, 0xc5, 0x53, 0xcd, 0x53, 0xc5, 0x52, 0xc5, 0x52, 0xc5,
    0x52, 0xc5, 0x32, 0xc5, 0x32, 0xc5, 0x32, 0xc5, 0x12, 0xc5, 0x12, 0xbd,
    0x12, 0xc5, 0x11, 0xbd, 0x12, 0xbd, 0xf1, 0xc4, 0xf1, 0xbc, 0xf0, 0xbc,
    0xd0, 0xb4, 0xb1, 0xb4, 0xb0, 0xb4, 0xb0, 0xb4, 0x90, 0xb4, 0x90, 0xb4,
    0xb0, 0xb4, 0xb0, 0xb4, 0xb0, 0xb4, 0x8f, 0xb4, 0xb0, 0xb4, 0x90, 0xb4,
    0x8f, 0xb4, 0x8f, 0xac, 0x8f, 0xb4, 0x8f, 0xac, 0x6f, 0xac, 0x6f, 0xac,
    0x6f, 0xac, 0x6f, 0xac, 0x6f, 0xac, 0x4f, 0xac, 0x4f, 0xac, 0x6f, 0xac,
    0x4f, 0xac, 0x4f, 0xac, 0x4e, 0xa4, 0x4e, 0xa4, 0x0e, 0xa4, 0x0e, 0xa4,
    0x0e, 0xa4, 0x0d, 0x9c, 0x0d, 0xa4, 0xee, 0x9b, 0x0e, 0x9c, 0x6f, 0xac,
    0x2f, 0xa4, 0x90, 0xac, 0xd1, 0xb4, 0x12, 0xb5, 0xf2, 0xbc, 0xd1, 0xb4,
    0xf1, 0xb4, 0xd1, 0xb4, 0xd1, 0xb4, 0x0e, 0x9c, 0x90, 0xb4, 0x91, 0xac,
    0x94, 0xc5, 0xb5, 0xcd, 0xf6, 0xd5, 0x16, 0xd6, 0xf6, 0xcd, 0xf6, 0xd5,
    0x94, 0xc5, 0x33, 0xbd, 0x2f, 0x9c, 0x0e, 0x9c, 0xf1, 0xbc, 0x12, 0xbd,
    0xb0, 0xac, 0xb1, 0xac, 0xf2, 0xb4, 0x4f, 0xa4, 0x2e, 0xa4, 0x6f, 0xa4,
    0x0e, 0x9c, 0x8c, 0x93, 0xcc, 0x93, 0xac, 0x93, 0x8c, 0x8b, 0xac, 0x8b,
    0x8c, 0x8b, 0x8c, 0x8b, 0x8b, 0x93, 0xac, 0x8b, 0xac, 0x8b, 0x6b, 0x8b,
    0x6b, 0x83, 0x6b, 0x8b, 0x8b, 0x8b, 0xac, 0x93, 0xac, 0x93, 0x8c, 0x8b,
    0x8c, 0x93, 0x8b, 0x93, 0x8c, 0x93, 0xac, 0x93, 0xcc, 0x9b, 0xed, 0x9b,
    0x0d, 0x9c, 0x0d, 0x9c, 0x0d, 0x9c, 0x0d, 0x9c, 0xed, 0x9b, 0xed, 0x93,
    0x0d, 0x9c, 0x0d, 0xa4, 0x2e, 0xa4, 0x0d, 0xa4, 0xed, 0xa3, 0xec, 0x9b,
    0xcc, 0x9b, 0xac, 0x93, 0xac, 0x93, 0xac, 0x93, 0xac, 0x9b, 0xcc, 0x9b,
    0xed, 0xa3, 0x0d, 0xa4, 0x0d, 0xa4, 0xed, 0xa3, 0x0d, 0xa4, 0x4d, 0xa4,
    0x2e, 0xa4, 0x2d, 0xac, 0x2d, 0xac, 0x2e, 0xa4, 0x2e, 0xa4, 0x6f, 0xa4,
    0xf2, 0xb4, 0xb5, 0xcd, 0xf5, 0xd5, 0x16, 0xd6, 0x16, 0xd6, 0x16, 0xde,
    0xd5, 0xd5, 0xb4, 0xcd, 0x73, 0xcd, 0xb4, 0xcd, 0x16, 0xde, 0x37, 0xde,
    0x57, 0xe6, 0x78, 0xe6, 0x98, 0xe6, 0x98, 0xee, 0x98, 0xe6, 0x57, 0xe6,
    0x16, 0xde, 0xf5, 0xd5, 0x73, 0xcd, 0x32, 0xcd, 0xb4, 0xd5, 0x36, 0xde,
    0x57, 0xe6, 0x57, 0xe6, 0x77, 0xe6, 0x97, 0xe6, 0x98, 0xe6, 0x98, 0xe6,
    0xb8, 0xee, 0xb9, 0xee, 0xd9, 0xee, 0xd9, 0xee, 0xd9, 0xee, 0xda, 0xf6,
    0xf9, 0xf6, 0xfa, 0xee, 0x1a, 0xef, 0xfa, 0xf6, 0xf9, 0xee, 0x1a, 0xf7,
    0xf9, 0xf6, 0xd9, 0xee, 0xd8, 0xee, 0x98, 0xee, 0x77, 0xe6, 0x77, 0xee,
    0x77, 0xee, 0x57, 0xe6, 0x37, 0xe6, 0x56, 0xe6, 0x36, 0xe6, 0xf6, 0xe5,
    0x36, 0xe6, 0x36, 0xe6, 0xb5, 0xcd, 0x12, 0xbd, 0x90, 0xac, 0x2e, 0xa4,
    0x2e, 0xa4, 0x4e, 0xac, 0xcd, 0x93, 0x6e, 0xac, 0x4f, 0xac, 0x6f, 0xb4,
    0x0e, 0xac, 0x2e, 0xa4, 0x6f, 0xb4, 0x8b, 0x8b, 0xed, 0x9b, 0x6f, 0xac,
    0x2e, 0xac, 0x6e, 0xb4, 0x2d, 0xac, 0x4e, 0xac, 0x8f, 0xbc, 0x0d, 0xa4,
    0xac, 0x93, 0x0d, 0xa4, 0x2e, 0xac, 0x2e, 0xac, 0x8f, 0xb4, 0xcc, 0x93,
    0xcc, 0x9b, 0x6e, 0xb4, 0x2d, 0xb4, 0x8f, 0xbc, 0x6f, 0xb4, 0x4e, 0xac,
    0x8f, 0xbc, 0x4e, 0xac, 0x0d, 0xa4, 0xed, 0x9b, 0x8f, 0xb4, 0xf0, 0xc4,
    0xd1, 0xbc, 0x10, 0xc5, 0xd0, 0xc4, 0x72, 0xcd, 0x72, 0xd5, 0x6e, 0xac,
    0x8e, 0xb4, 0xaf, 0xbc, 0x8f, 0xbc, 0x11, 0xc5, 0x32, 0xcd, 0x4e, 0xb4,
    0x4e, 0xac, 0xd0, 0xbc, 0xaf, 0xbc, 0x31, 0xcd, 0xd0, 0xb4, 0x51, 0xcd,
    0x11, 0xc5, 0x6f, 0xb4, 0xaf, 0xb4, 0x52, 0xcd, 0x31, 0xcd, 0x11, 0xc5,
    0x52, 0xcd, 0x52, 0xcd, 0x0d, 0x9c, 0xed, 0xa3, 0x11, 0xc5, 0xb0, 0xb4,
    0xaf, 0xb4, 0xd1, 0xbc, 0x31, 0xc5, 0x31, 0xcd, 0x93, 0xd5, 0x72, 0xd5,
    0xb0, 0xb4, 0x2e, 0xa4, 0x11, 0xc5, 0x11, 0xc5, 0xf1, 0xc4, 0x93, 0xd5,
    0xf4, 0xdd, 0xd4, 0xdd, 0xf4, 0xe5, 0x92, 0xd5, 0x2e, 0xa4, 0x8f, 0xb4,
    0x11, 0xc5, 0x32, 0xc5, 0x52, 0xcd, 0x11, 0xc5, 0x73, 0xcd, 0x93, 0xd5,
    0x93, 0xd5, 0xd4, 0xdd, 0xd0, 0xbc, 0xf1, 0xbc, 0x93, 0xcd, 0xb3, 0xd5,
    0xb4, 0xd5, 0xf5, 0xdd, 0x72, 0xcd, 0xd0, 0xbc, 0x52, 0xcd, 0xb4, 0xd5,
    0x52, 0xcd, 0x52, 0xcd, 0xd4, 0xdd, 0xf1, 0xbc, 0x4f, 0xa4, 0x11, 0xc5,
    0xb4, 0xd5, 0x73, 0xcd, 0x93, 0xd5, 0x93, 0xcd, 0xb4, 0xd5, 0xd4, 0xd5,
    0x73, 0xcd, 0xf1, 0xbc, 0x17, 0xd6, 0xf6, 0xd5, 0xd5, 0xd5, 0xb5, 0xd5,
    0x94, 0xcd, 0x73, 0xc5, 0x73, 0xcd, 0x53, 0xc5, 0x53, 0xc5, 0x52, 0xc5,
    0x33, 0xc5, 0x33, 0xc5, 0x32, 0xc5, 0x32, 0xc5, 0x32, 0xc5, 0x12, 0xc5,
    0x31, 0xbd, 0x32, 0xc5, 0x12, 0xbd, 0x11, 0xbd, 0xf1, 0xbc, 0xf1, 0xbc,
    0xf1, 0xbc, 0xd1, 0xbc, 0xd0, 0xbc, 0xb0, 0xbc, 0xb0, 0xb4, 0xb0, 0xb4,
    0xb0, 0xb4, 0xb0, 0xb4, 0xb0, 0xb4, 0xb0, 0xb4, 0xb0, 0xb4, 0xb0, 0xb4,
    0x90, 0xb4, 0xaf, 0xb4, 0x8f, 0xb4, 0x8f, 0xb4, 0x6f, 0xac, 0x6f, 0xb4,
    0x6f, 0xac, 0x8f, 0xac, 0x6f, 0xac, 0x6f, 0xac, 0x6f, 0xac, 0x6f, 0xac,
    0x6f, 0xb4, 0x6f, 0xac, 0x6f, 0xac, 0x4f, 0xac, 0x4f, 0xac, 0x4e, 0xa4,
    0x2e, 0xa4, 0x2e, 0xa4, 0x0e, 0xa4, 0x0e, 0x9c, 0x0e, 0x9c, 0xed, 0x9b,
    0x0e, 0x9c, 0x0e, 0x9c, 0x0e, 0x9c, 0x2f, 0xa4, 0x2e, 0x9c, 0x4f, 0xa4,
    0x4f, 0xac, 0x4f, 0xa4, 0x2f, 0xa4, 0x4f, 0xac, 0x2e, 0xa4, 0x2e, 0xa4,
    0x2f, 0xa4, 0x4f, 0xa4, 0xb1, 0xb4, 0xb0, 0xac, 0x70, 0xac, 0x70, 0xac,
    0xd1, 0xb4, 0x2e, 0x9c, 0x0e, 0x9c, 0xcd, 0x93, 0xad, 0x93, 0xcd, 0x93,
    0xed, 0x9b, 0x4f, 0xac, 0x2e, 0x9c, 0xee, 0x9b, 0xcd, 0x9b, 0xcd, 0x93,
    0xac, 0x93, 0xac, 0x93, 0xed, 0x9b, 0xac, 0x8b, 0xac, 0x9b, 0xac, 0x93,
    0xac, 0x93, 0x8c, 0x93, 0x8c, 0x8b, 0x8c, 0x8b, 0xac, 0x93, 0xac, 0x93,
    0x8c, 0x8b, 0x6b, 0x8b, 0x6b, 0x83, 0x8b, 0x8b, 0xac, 0x93, 0xac, 0x93,
    0xac, 0x93, 0x8b, 0x93, 0xac, 0x93, 0x8c, 0x93, 0x8c, 0x93, 0x8c, 0x93,
    0xac, 0x9b, 0xcc, 0x9b, 0xed, 0x9b, 0xed, 0x9b, 0xed, 0x9b, 0xed, 0x9b,
    0xcd, 0x93, 0xcd, 0x9b, 0xed, 0x9b, 0xed, 0x9b, 0xed, 0x9b, 0xcd, 0x93,
    0xac, 0x93, 0x6b, 0x8b, 0x6b, 0x83, 0x4b, 0x83, 0x6b, 0x8b, 0x8b, 0x93,
    0x8b, 0x8b, 0x6c, 0x8b, 0xac, 0x93, 0x0d, 0x9c, 0x4d, 0xa4, 0x0d, 0xac,
    0x0d, 0xa4, 0x2e, 0xa4, 0x4e, 0xac, 0x4e, 0xac, 0x2e, 0xa4, 0xed, 0x9b,
    0x6f, 0xac, 0x6f, 0xac, 0x53, 0xbd, 0xf5, 0xd5, 0x16, 0xde, 0x16, 0xde,
    0xf5, 0xdd, 0xf5, 0xd5, 0xd4, 0xd5, 0x93, 0xcd, 0xb4, 0xd5, 0xf6, 0xd5,
    0x57, 0xde, 0x77, 0xe6, 0x77, 0xe6, 0x98, 0xe6, 0x98, 0xee, 0x98, 0xe6,
    0x77, 0xe6, 0x56, 0xe6, 0x16, 0xde, 0x93, 0xd5, 0x53, 0xcd, 0x93, 0xd5,
    0xf5, 0xd5, 0x36, 0xe6, 0x57, 0xe6, 0x77, 0xe6, 0x78, 0xe6, 0x98, 0xee,
    0x98, 0xee, 0xb8, 0xee, 0xd8, 0xee, 0xd9, 0xee, 0xb9, 0xee, 0xd9, 0xee,
    0xf9, 0xf6, 0xfa, 0xf6, 0xf9, 0xf6, 0xfa, 0xf6, 0x19, 0xf7, 0x19, 0xf7,
    0xfa, 0xee, 0xfa, 0xf6, 0xf9, 0xf6, 0xd9, 0xee, 0xb8, 0xee, 0x98, 0xee,
    0x78, 0xe6, 0x98, 0xee, 0x78, 0xe6, 0x57, 0xe6, 0x37, 0xe6, 0x57, 0xe6,
    0x57, 0xe6, 0x16, 0xde, 0x36, 0xde, 0xb5, 0xcd, 0xb0, 0xac, 0x6f, 0xac,
    0x4f, 0xa4, 0x4f, 0xb4, 0x8f, 0xbc, 0x4e, 0xa4, 0xed, 0x9b, 0x4e, 0xb4,
    0x2e, 0xac, 0x6f, 0xac, 0x4e, 0xac, 0x8f, 0xb4, 0xf0, 0xc4, 0x4e, 0xac,
    0x6f, 0xac, 0x6e, 0xb4, 0x6f, 0xb4, 0x8f, 0xb4, 0x8f, 0xb4, 0x4e, 0xac,
    0xd0, 0xbc, 0x0d, 0xa4, 0xcd, 0x9b, 0x6f, 0xb4, 0x11, 0xc5, 0x8f, 0xb4,
    0xf0, 0xbc, 0x6f, 0xac, 0x6f, 0xac, 0xf1, 0xc4, 0xaf, 0xbc, 0xf1, 0xbc,
    0x52, 0xcd, 0x32, 0xcd, 0xf0, 0xc4, 0x11, 0xcd, 0xb0, 0xb4, 0x4e, 0xa4,
    0xd0, 0xbc, 0x31, 0xcd, 0x52, 0xcd, 0x52, 0xcd, 0x92, 0xd5, 0x52, 0xcd,
    0xd3, 0xdd, 0x31, 0xc5, 0xaf, 0xbc, 0x11, 0xc5, 0xaf, 0xbc, 0x11, 0xc5,
    0x92, 0xd5, 0xaf, 0xb4, 0x6f, 0xb4, 0x11, 0xc5, 0xaf, 0xbc, 0x11, 0xc5,
    0xd0, 0xc4, 0x73, 0xcd, 0x31, 0xc5, 0x6f, 0xac, 0x2e, 0xa4, 0xf1, 0xc4,
    0x52, 0xcd, 0x31, 0xcd, 0x11, 0xc5, 0x52, 0xcd, 0x2e, 0xa4, 0xed, 0x9b,
    0x11, 0xcd, 0x52, 0xcd, 0x32, 0xc5, 0x32, 0xc5, 0x93, 0xd5, 0x52, 0xcd,
    0x52, 0xcd, 0xd4, 0xdd, 0x93, 0xcd, 0x8f, 0xb4, 0x8f, 0xb4, 0x73, 0xd5,
    0x72, 0xcd, 0x51, 0xcd, 0x32, 0xc5, 0x31, 0xc5, 0x32, 0xcd, 0x72, 0xcd,
    0xb0, 0xb4, 0x4e, 0xa4, 0xf0, 0xc4, 0x93, 0xd5, 0x93, 0xd5, 0x52, 0xcd,
    0xb4, 0xd5, 0x15, 0xde, 0xd4, 0xdd, 0xf5, 0xdd, 0x11, 0xbd, 0xd1, 0xbc,
    0x93, 0xd5, 0xb3, 0xdd, 0x93, 0xd5, 0xb4, 0xd5, 0x11, 0xbd, 0x8f, 0xac,
    0xd0, 0xbc, 0x32, 0xc5, 0x73, 0xd5, 0x73, 0xcd, 0x93, 0xd5, 0x72, 0xcd,
    0xd0, 0xb4, 0xd1, 0xbc, 0x73, 0xd5, 0x93, 0xd5, 0x72, 0xcd, 0x53, 0xcd,
    0x53, 0xc5, 0x73, 0xcd, 0x12, 0xc5, 0x17, 0xd6, 0xf6, 0xd5, 0xd5, 0xcd,
    0xb5, 0xcd, 0x94, 0xcd, 0x74, 0xcd, 0x53, 0xc5, 0x53, 0xc5, 0x53, 0xc5,
    0x52, 0xcd, 0x32, 0xcd, 0x32, 0xc5, 0x52, 0xc5, 0x32, 0xc5, 0x12, 0xc5,
    0x32, 0xc5, 0x32, 0xbd, 0x12, 0xc5, 0x12, 0xc5, 0x11, 0xc5, 0x11, 0xbd,
    0x11, 0xbd, 0xf1, 0xb4, 0xd1, 0xbc, 0xd1, 0xb4, 0xd0, 0xb4, 0xd0, 0xb4,
    0xd0, 0xb4, 0xd0, 0xb4, 0xb0, 0xbc, 0xb0, 0xb4, 0xb0, 0xb4, 0xb0, 0xb4,
    0xb0, 0xb4, 0x90, 0xb4, 0xb0, 0xac, 0x8f, 0xb4, 0x90, 0xac, 0x90, 0xac,
    0x6f, 0xac, 0x6f, 0xac, 0x6f, 0xac, 0x6f, 0xac, 0x6e, 0xac, 0x6f, 0xac,
    0x6f, 0xac, 0x6f, 0xac, 0x6f, 0xac, 0x6f, 0xb4, 0x6f, 0xac, 0x4f, 0xa4,
    0x4e, 0xac, 0x4e, 0xa4, 0x2e, 0xa4, 0x2e, 0xa4, 0x2e, 0xa4, 0x0d, 0xa4,
    0x0e, 0x9c, 0xed, 0x9b, 0x0d, 0x9c, 0xed, 0x9b, 0xee, 0x9b, 0x2e, 0xa4,
    0x2e, 0x9c, 0x0e, 0xa4, 0x4f, 0xac, 0x6f, 0xa4, 0x4f, 0xa4, 0x4e, 0xa4,
    0x0f, 0x9c, 0x2e, 0xa4, 0x0e, 0x9c, 0xed, 0x9b, 0x2e, 0x9c, 0x4f, 0xa4,
    0x0e, 0x9c, 0x0e, 0x9c, 0xed, 0x9b, 0xcd, 0x93, 0xed, 0x9b, 0xed, 0x9b,
    0xac, 0x93, 0x8c, 0x8b, 0x8c, 0x93, 0x2e, 0x9c, 0xcd, 0x9b, 0xac, 0x93,
    0xed, 0x9b, 0xcd, 0x93, 0xad, 0x93, 0xac, 0x93, 0xac, 0x93, 0x8c, 0x8b,
    0xac, 0x93, 0xac, 0x8b, 0xcc, 0x93, 0xac, 0x9b, 0xcc, 0x93, 0xac, 0x93,
    0xcc, 0x9b, 0xac, 0x93, 0xac, 0x93, 0x8c, 0x93, 0xac, 0x93, 0xac, 0x93,
    0xac, 0x9b, 0xac, 0x93, 0xac, 0x8b, 0x6b, 0x8b, 0x6b, 0x8b, 0x6b, 0x83,
    0x6b, 0x83, 0x8c, 0x93, 0x8c, 0x93, 0xac, 0x93, 0xac, 0x93, 0xcc, 0x93,
    0xed, 0x9b, 0xed, 0x9b, 0xcc, 0x9b, 0xcc, 0x93, 0xcd, 0x9b, 0xed, 0x9b,
    0xed, 0x9b, 0xac, 0x93, 0x8c, 0x93, 0x6b, 0x8b, 0x4b, 0x8b, 0x6b, 0x8b,
    0x4b, 0x8b, 0x4b, 0x83, 0x2b, 0x7b, 0x4a, 0x83, 0x6b, 0x8b, 0x6b, 0x8b,
    0x6c, 0x83, 0x8c, 0x8b, 0xcc, 0x9b, 0xac, 0x93, 0x8c, 0x8b, 0x6c, 0x8b,
    0x6b, 0x83, 0xcd, 0x93, 0xed, 0x93, 0x12, 0xb5, 0xd6, 0xcd, 0x16, 0xde,
    0x16, 0xde, 0xf6, 0xdd, 0xf5, 0xd5, 0xd5, 0xd5, 0xb4, 0xcd, 0x94, 0xcd,
    0x15, 0xd6, 0x57, 0xde, 0x77, 0xe6, 0x77, 0xe6, 0x98, 0xe6, 0x98, 0xe6,
    0xb8, 0xee, 0x98, 0xe6, 0x77, 0xe6, 0x36, 0xde, 0xd5, 0xd5, 0x93, 0xd5,
    0x73, 0xcd, 0xd5, 0xd5, 0x56, 0xde, 0x57, 0xe6, 0x77, 0xe6, 0x98, 0xe6,
    0x98, 0xee, 0xb8, 0xe6, 0xb8, 0xe6, 0xb8, 0xee, 0xb8, 0xee, 0xd9, 0xee,
    0xf9, 0xee, 0xf9, 0xee, 0xf9, 0xee, 0x1a, 0xef, 0x1a, 0xf7, 0xfa, 0xf6,
    0x1a, 0xef, 0x1a, 0xf7, 0xfa, 0xf6, 0xfa, 0xf6, 0xf9, 0xee, 0xd9, 0xee,
    0xb8, 0xee, 0x98, 0xe6, 0x98, 0xee, 0x98, 0xee, 0x77, 0xee, 0x57, 0xe6,
    0x57, 0xe6, 0x57, 0xe6, 0x57, 0xe6, 0xf6, 0xdd, 0xd5, 0xd5, 0x73, 0xc5,
    0xb0, 0xb4, 0xb0, 0xbc, 0xb0, 0xb4, 0xb0, 0xb4, 0xf0, 0xbc, 0x8f, 0xb4,
    0x0d, 0xa4, 0x2e, 0xa4, 0x8e, 0xb4, 0xd0, 0xbc, 0xd0, 0xbc, 0xaf, 0xb4,
    0x11, 0xc5, 0x6f, 0xb4, 0xcd, 0x9b, 0x6e, 0xac, 0x8f, 0xb4, 0x6e, 0xac,
    0x8f, 0xb4, 0xd0, 0xbc, 0x31, 0xc5, 0x10, 0xc5, 0x2e, 0xa4, 0x4f, 0xac,
    0xf1, 0xbc, 0xaf, 0xbc, 0x31, 0xcd, 0xd0, 0xb4, 0xcd, 0x9b, 0xb0, 0xb4,
    0xf0, 0xc4, 0x31, 0xc5, 0x93, 0xcd, 0xb3, 0xd5, 0xb3, 0xd5, 0x73, 0xd5,
    0x92, 0xd5, 0x6e, 0xac, 0xcd, 0x9b, 0x6f, 0xac, 0x8f, 0xb4, 0x11, 0xc5,
    0x32, 0xc5, 0xb0, 0xb4, 0x32, 0xcd, 0x8f, 0xac, 0x0d, 0xa4, 0x32, 0xcd,
    0xf0, 0xbc, 0xaf, 0xb4, 0x31, 0xc5, 0xcc, 0x93, 0x6f, 0xac, 0xf0, 0xbc,
    0xd0, 0xbc, 0xf1, 0xc4, 0x11, 0xc5, 0xf1, 0xbc, 0xaf, 0xb4, 0x0d, 0xa4,
    0x0e, 0x9c, 0x8f, 0xb4, 0x31, 0xcd, 0x32, 0xc5, 0x32, 0xcd, 0xd3, 0xd5,
    0x52, 0xd5, 0x6f, 0xac, 0x6f, 0xac, 0x11, 0xc5, 0x52, 0xcd, 0x72, 0xcd,
    0x93, 0xd5, 0x93, 0xcd, 0x52, 0xc5, 0xb3, 0xdd, 0x72, 0xd5, 0x11, 0xc5,
    0x2e, 0xa4, 0x6f, 0xac, 0xd0, 0xbc, 0xf1, 0xbc, 0x52, 0xcd, 0xb3, 0xdd,
    0xd4, 0xdd, 0x15, 0xde, 0x73, 0xcd, 0x8f, 0xac, 0x90, 0xb4, 0x72, 0xcd,
    0xb3, 0xd5, 0x73, 0xcd, 0x73, 0xcd, 0xd4, 0xd5, 0xf5, 0xdd, 0x15, 0xde,
    0x11, 0xbd, 0x4e, 0xa4, 0xd1, 0xbc, 0xb3, 0xd5, 0xb4, 0xd5, 0xd4, 0xd5,
    0xd4, 0xdd, 0x11, 0xc5, 0xd0, 0xb4, 0x72, 0xcd, 0xf5, 0xdd, 0xd4, 0xd5,
    0xf4, 0xd5, 0xf5, 0xdd, 0xb3, 0xd5, 0x11, 0xbd, 0xf1, 0xbc, 0xb3, 0xd5,
    0x16, 0xe6, 0xf4, 0xdd, 0xf5, 0xd5, 0x53, 0xcd, 0x17, 0xde, 0xf7, 0xd5,
    0xd6, 0xcd, 0xb5, 0xd5, 0x94, 0xcd, 0x74, 0xc5, 0x73, 0xcd, 0x73, 0xc5,
    0x53, 0xc5, 0x53, 0xc5, 0x32, 0xc5, 0x32, 0xc5, 0x32, 0xc5, 0x32, 0xc5,
    0x32, 0xc5, 0x12, 0xc5, 0x12, 0xc5, 0x12, 0xc5, 0x12, 0xbd, 0x12, 0xbd,
    0x11, 0xbd, 0x12, 0xc5, 0xf1, 0xbc, 0xf1, 0xbc, 0xd1, 0xbc, 0xd0, 0xbc,
    0xd1, 0xbc, 0xb0, 0xbc, 0xb0, 0xb4, 0xb0, 0xb4, 0xb0, 0xbc, 0xb0, 0xb4,
    0xb0, 0xb4, 0xb0, 0xb4, 0xb0, 0xb4, 0x90, 0xb4, 0x90, 0xb4, 0x90, 0xb4,
    0x6f, 0xac, 0x8f, 0xac, 0x6f, 0xac, 0x6f, 0xac, 0x4f, 0xac, 0x6f, 0xac,
    0x6f, 0xac, 0x6f, 0xb4, 0x6f, 0xac, 0x6f, 0xac, 0x6f, 0xac, 0x6f, 0xac,
    0x6f, 0xac, 0x4f, 0xac, 0x4f, 0xac, 0x4e, 0xa4, 0x4e, 0xac, 0x2e, 0xa4,
    0x2e, 0xa4, 0x0e, 0x9c, 0x0d, 0x9c, 0x0d, 0xa4, 0x0d, 0x9c, 0x0d, 0x9c,
    0x0e, 0x9c, 0x0e, 0xa4, 0x0d, 0x9c, 0x0d, 0x9c, 0x0d, 0x9c, 0x0e, 0x9c,
    0x4f, 0xa4, 0x0e, 0x9c, 0x2e, 0xa4, 0x0d, 0x9c, 0x0e, 0x9c, 0xee, 0xa3,
    0x0e, 0x9c, 0x4f, 0xa4, 0x2e, 0xa4, 0xed, 0x9b, 0xed, 0x9b, 0xed, 0x9b,
    0xcd, 0x9b, 0xed, 0x9b, 0xcd, 0x93, 0xcd, 0x93, 0xcc, 0x93, 0xed, 0x9b,
    0xec, 0x9b, 0x8c, 0x8b, 0xac, 0x93, 0xac, 0x8b, 0x8c, 0x8b, 0x8b, 0x8b,
    0x8c, 0x8b, 0x8c, 0x93, 0x8c, 0x8b, 0xac, 0x8b, 0x8c, 0x8b, 0xac, 0x93,
    0x8c, 0x93, 0xac, 0x93, 0xad, 0x93, 0xac, 0x93, 0xcc, 0x9b, 0xac, 0x9b,
    0xac, 0x9b, 0xac, 0x9b, 0xac, 0x93, 0xac, 0x93, 0xac, 0x9b, 0x8b, 0x93,
    0x6b, 0x8b, 0x4b, 0x8b, 0x6b, 0x8b, 0x8c, 0x8b, 0x8b, 0x8b, 0x6b, 0x8b,
    0x8c, 0x8b, 0xcc, 0x93, 0xcc, 0x9b, 0xcc, 0x93, 0xcc, 0x93, 0xac, 0x93,
    0xcc, 0x9b, 0xcc, 0x9b, 0xcc, 0x9b, 0xac, 0x93, 0xab, 0x93, 0xac, 0x93,
    0x8b, 0x93, 0x8b, 0x93, 0x8b, 0x8b, 0x6b, 0x93, 0x6b, 0x8b, 0x2a, 0x83,
    0x0a, 0x7b, 0x0a, 0x7b, 0x4b, 0x83, 0x8b, 0x93, 0x8b, 0x8b, 0x2b, 0x83,
    0x2b, 0x7b, 0x8b, 0x8b, 0x6b, 0x8b, 0xcd, 0x93, 0xb0, 0xac, 0x54, 0xc5,
    0x16, 0xd6, 0x16, 0xd6, 0x16, 0xd6, 0x15, 0xd6, 0xf5, 0xd5, 0xd5, 0xd5,
    0x94, 0xd5, 0xf5, 0xd5, 0x37, 0xde, 0x78, 0xe6, 0x98, 0xe6, 0x98, 0xe6,
    0xb8, 0xee, 0xb8, 0xee, 0x98, 0xee, 0x98, 0xee, 0x57, 0xe6, 0x16, 0xde,
    0xd4, 0xd5, 0x74, 0xd5, 0xb4, 0xd5, 0x16, 0xde, 0x57, 0xe6, 0x77, 0xe6,
    0x97, 0xee, 0x98, 0xee, 0x98, 0xee, 0x98, 0xee, 0xd9, 0xee, 0xb9, 0xee,
    0xd9, 0xee, 0xf9, 0xee, 0xf9, 0xf6, 0xda, 0xf6, 0xfa, 0xf6, 0x19, 0xf7,
    0xfa, 0xf6, 0xfa, 0xf6, 0x1a, 0xf7, 0x1a, 0xf7, 0x1a, 0xf7, 0xf9, 0xf6,
    0xda, 0xee, 0xd9, 0xee, 0x98, 0xe6, 0x98, 0xee, 0x98, 0xe6, 0x98, 0xe6,
    0x57, 0xe6, 0x95, 0xcd, 0x74, 0xc5, 0xb5, 0xcd, 0x94, 0xcd, 0xb0, 0xac,
    0xd1, 0xb4, 0x6f, 0xac, 0x8f, 0xb4, 0x6f, 0xb4, 0x6e, 0xb4, 0xaf, 0xbc,
    0xb0, 0xbc, 0xaf, 0xbc, 0xcd, 0x93, 0x2e, 0xa4, 0x0e, 0xa4, 0x2e, 0xac,
    0x8f, 0xac, 0x6f, 0xb4, 0x8f, 0xb4, 0xaf, 0xb4, 0x4e, 0xac, 0x6f, 0xb4,
    0x11, 0xc5, 0xd0, 0xbc, 0x8f, 0xbc, 0xcf, 0xc4, 0xd0, 0xbc, 0x2e, 0xac,
    0xcc, 0x9b, 0x6f, 0xac, 0xb0, 0xbc, 0xd0, 0xbc, 0x11, 0xc5, 0xf0, 0xc4,
    0x8f, 0xac, 0x8f, 0xb4, 0x32, 0xc5, 0x11, 0xc5, 0x51, 0xcd, 0x52, 0xc5,
    0x52, 0xcd, 0x32, 0xcd, 0x52, 0xcd, 0x2e, 0xa4, 0x2e, 0xa4, 0xf0, 0xc4,
    0x11, 0xcd, 0xd0, 0xbc, 0x11, 0xc5, 0xf1, 0xc4, 0x93, 0xd5, 0xf0, 0xbc,
    0x90, 0xac, 0x31, 0xcd, 0x31, 0xcd, 0x32, 0xcd, 0x52, 0xcd, 0xd0, 0xbc,
    0x8f, 0xb4, 0x31, 0xcd, 0x92, 0xd5, 0x52, 0xcd, 0x52, 0xcd, 0x92, 0xd5,
    0x52, 0xd5, 0x72, 0xcd, 0xaf, 0xb4, 0x4e, 0xa4, 0xb0, 0xbc, 0x31, 0xcd,
    0x52, 0xcd, 0x72, 0xcd, 0x93, 0xd5, 0x8f, 0xb4, 0xed, 0x9b, 0x2e, 0xa4,
    0x2e, 0xa4, 0x90, 0xb4, 0x11, 0xc5, 0x11, 0xc5, 0x6f, 0xac, 0xaf, 0xbc,
    0x4f, 0xac, 0x0e, 0x9c, 0xac, 0x93, 0xed, 0x93, 0x6f, 0xb4, 0xf1, 0xbc,
    0xd1, 0xbc, 0x11, 0xc5, 0x6f, 0xac, 0xcd, 0x93, 0xcc, 0x93, 0x8c, 0x8b,
    0xed, 0x9b, 0x0d, 0x9c, 0xcd, 0x93, 0x0e, 0xa4, 0x2e, 0xa4, 0x2e, 0xa4,
    0xd0, 0xbc, 0x52, 0xcd, 0xd0, 0xb4, 0xed, 0x9b, 0x2e, 0xa4, 0x8f, 0xac,
    0xd1, 0xb4, 0x32, 0xc5, 0x73, 0xcd, 0x73, 0xcd, 0x90, 0xac, 0x0e, 0x9c,
    0x32, 0xc5, 0x12, 0xc5, 0xb0, 0xac, 0x52, 0xc5, 0x53, 0xcd, 0xd1, 0xbc,
    0x0e, 0x9c, 0x4f, 0xac, 0x32, 0xc5, 0x93, 0xcd, 0x12, 0xbd, 0x37, 0xd6,
    0x17, 0xd6, 0xf6, 0xd5, 0xd5, 0xcd, 0xb4, 0xcd, 0x94, 0xc5, 0x74, 0xc5,
    0x53, 0xc5, 0x53, 0xc5, 0x53, 0xc5, 0x52, 0xc5, 0x53, 0xc5, 0x33, 0xc5,
    0x32, 0xc5, 0x32, 0xc5, 0x32, 0xc5, 0x32, 0xc5, 0x31, 0xc5, 0x12, 0xbd,
    0x12, 0xbd, 0x11, 0xc5, 0xf2, 0xbc, 0x11, 0xbd, 0xf1, 0xbc, 0xf1, 0xbc,
    0xf0, 0xbc, 0xd1, 0xb4, 0xd0, 0xb4, 0xd0, 0xb4, 0xd0, 0xb4, 0xb0, 0xb4,
    0xb0, 0xb4, 0xb0, 0xb4, 0xb0, 0xb4, 0xb0, 0xb4, 0xb0, 0xb4, 0xb0, 0xb4,
    0x90, 0xac, 0x8f, 0xac, 0x6f, 0xb4, 0x6f, 0xac, 0x6f, 0xac, 0x4f, 0xac,
    0x6f, 0xac, 0x6f, 0xac, 0x6f, 0xac, 0x6f, 0xac, 0x6f, 0xac, 0x6e, 0xac,
    0x6f, 0xac, 0x6f, 0xac, 0x4f, 0xa4, 0x6f, 0xac, 0x4f, 0xac, 0x4e, 0xac,
    0x4e, 0xac, 0x4e, 0xa4, 0x2e, 0xa4, 0x0e, 0xa4, 0x0e, 0xa4, 0x0e, 0xa4,
    0x0e, 0x9c, 0xed, 0x9b, 0xee, 0x9b, 0xed, 0x93, 0xed, 0x9b, 0xed, 0x9b,
    0xed, 0x9b, 0xed, 0x9b, 0x0d, 0xa4, 0xed, 0x9b, 0xed, 0x9b, 0xcd, 0x9b,
    0xcd, 0x9b, 0xcd, 0x93, 0xed, 0x9b, 0xed, 0x9b, 0xcd, 0x9b, 0xed, 0xa3,
    0x0d, 0x9c, 0xed, 0x9b, 0xed, 0x9b, 0xed, 0x9b, 0xec, 0x9b, 0xcd, 0x93,
    0xcd, 0x9b, 0xcd, 0x9b, 0xcd, 0x93, 0xac, 0x93, 0xac, 0x93, 0x8b, 0x8b,
    0x8c, 0x8b, 0x8b, 0x8b, 0x6b, 0x8b, 0x8c, 0x8b, 0x6b, 0x8b, 0x6b, 0x83,
    0x6b, 0x8b, 0x6b, 0x93, 0xac, 0x93, 0xac, 0x8b, 0xac, 0x93, 0xac, 0x93,
    0xcc, 0x93, 0xcc, 0x93, 0xac, 0x93, 0xac, 0x93, 0xac, 0x93, 0xcd, 0x9b,
    0xac, 0x9b, 0x8c, 0x93, 0x8c, 0x93, 0x6c, 0x8b, 0x8c, 0x93, 0xac, 0x93,
    0x8b, 0x93, 0x6c, 0x8b, 0xac, 0x93, 0xac, 0x93, 0x8c, 0x93, 0x8c, 0x8b,
    0x6b, 0x8b, 0x6b, 0x8b, 0x6b, 0x83, 0x6b, 0x8b, 0x6b, 0x93, 0x8b, 0x8b,
    0x8c, 0x8b, 0xac, 0x93, 0xac, 0x93, 0xac, 0x9b, 0xac, 0x9b, 0xac, 0x93,
    0x6b, 0x8b, 0x2a, 0x83, 0x2a, 0x7b, 0x2a, 0x83, 0x6b, 0x8b, 0xac, 0x93,
    0x8c, 0x93, 0x8b, 0x8b, 0xac, 0x9b, 0x6c, 0x8b, 0xad, 0x93, 0x4f, 0xa4,
    0xd1, 0xb4, 0xb5, 0xcd, 0x16, 0xde, 0x16, 0xde, 0x15, 0xde, 0xf5, 0xdd,
    0xd5, 0xd5, 0xb4, 0xcd, 0xd5, 0xd5, 0x36, 0xde, 0x57, 0xe6, 0x98, 0xe6,
    0x98, 0xe6, 0x98, 0xe6, 0xb8, 0xe6, 0xb8, 0xee, 0xb9, 0xe6, 0x97, 0xe6,
    0x57, 0xe6, 0x15, 0xde, 0xb4, 0xd5, 0x94, 0xcd, 0xf5, 0xd5, 0x36, 0xde,
    0x57, 0xde, 0x98, 0xe6, 0x98, 0xe6, 0xb8, 0xe6, 0xb8, 0xee, 0xd8, 0xee,
    0xd9, 0xee, 0xd9, 0xee, 0xd9, 0xee, 0xd9, 0xee, 0xfa, 0xee, 0xf9, 0xee,
    0xfa, 0xf6, 0x1a, 0xf7, 0xfa, 0xf6, 0x1a, 0xf7, 0x1a, 0xef, 0xfa, 0xf6,
    0x1a, 0xf7, 0xfa, 0xf6, 0xf9, 0xf6, 0xb8, 0xee, 0x57, 0xe6, 0x16, 0xd6,
    0x36, 0xde, 0x37, 0xde, 0x33, 0xbd, 0x0e, 0x94, 0x2e, 0x9c, 0xcd, 0x8b,
    0x0e, 0xa4, 0xee, 0x9b, 0x6b, 0x8b, 0x2a, 0x83, 0x6b, 0x8b, 0xac, 0x93,
    0x4b, 0x83, 0xea, 0x7a, 0xa9, 0x6a, 0xe9, 0x72, 0xac, 0x9b, 0x0a, 0x7b,
    0x2a, 0x7b, 0x6b, 0x8b, 0xac, 0x93, 0xea, 0x7a, 0x6b, 0x83, 0xac, 0x93,
    0x4b, 0x83, 0x6c, 0x8b, 0x6f, 0xac, 0xf0, 0xbc, 0xd0, 0xbc, 0x31, 0xcd,
    0x52, 0xcd, 0x31, 0xcd, 0xd0, 0xbc, 0x0d, 0x9c, 0xf1, 0xbc, 0x11, 0xcd,
    0x11, 0xc5, 0xd0, 0xbc, 0x6e, 0xac, 0x8c, 0x93, 0x6f, 0xac, 0x12, 0xcd,
    0x52, 0xc5, 0x12, 0xc5, 0x52, 0xcd, 0x93, 0xcd, 0xf5, 0xdd, 0x93, 0xd5,
    0xd0, 0xbc, 0x31, 0xcd, 0xb3, 0xd5, 0xb4, 0xd5, 0xb3, 0xd5, 0x52, 0xcd,
    0xb4, 0xdd, 0x72, 0xd5, 0x6f, 0xac, 0xd0, 0xbc, 0x52, 0xcd, 0x52, 0xcd,
    0x11, 0xc5, 0xf1, 0xc4, 0x8f, 0xb4, 0xf0, 0xc4, 0x11, 0xc5, 0x11, 0xcd,
    0x11, 0xcd, 0x31, 0xcd, 0x52, 0xcd, 0xd0, 0xbc, 0xac, 0x93, 0x4b, 0x83,
    0x6c, 0x8b, 0x4b, 0x83, 0x8b, 0x8b, 0x4b, 0x8b, 0x8c, 0x8b, 0xec, 0xa3,
    0x8b, 0x93, 0x8c, 0x8b, 0x8c, 0x93, 0xac, 0x93, 0xed, 0x9b, 0x2e, 0xa4,
    0x2e, 0xa4, 0xed, 0x9b, 0x8f, 0xb4, 0xb0, 0xb4, 0xaf, 0xb4, 0x2e, 0xa4,
    0xed, 0x9b, 0x8b, 0x83, 0x6b, 0x83, 0xac, 0x93, 0xed, 0xa3, 0x4e, 0xac,
    0x4e, 0xac, 0x2e, 0xac, 0x2e, 0xa4, 0xed, 0x9b, 0x8b, 0x8b, 0xed, 0x9b,
    0x4e, 0xac, 0xcd, 0x9b, 0x0d, 0x9c, 0xad, 0x93, 0xac, 0x93, 0xcc, 0x93,
    0xcd, 0x9b, 0xcd, 0x9b, 0xed, 0x9b, 0x8c, 0x8b, 0xac, 0x8b, 0xed, 0x9b,
    0xcc, 0x93, 0x8c, 0x8b, 0x2e, 0xa4, 0x4e, 0xa4, 0x0e, 0xa4, 0x2e, 0x9c,
    0x0e, 0x9c, 0xed, 0x93, 0x4b, 0x83, 0xac, 0x93, 0xed, 0x9b, 0xed, 0x9b,
    0x37, 0xde, 0x17, 0xd6, 0xf6, 0xd5, 0xb5, 0xd5, 0xb4, 0xcd, 0x94, 0xcd,
    0x73, 0xcd, 0x53, 0xcd, 0x53, 0xcd, 0x32, 0xcd, 0x52, 0xc5, 0x32, 0xcd,
    0x32, 0xc5, 0x52, 0xc5, 0x32, 0xbd, 0x32, 0xc5, 0x12, 0xc5, 0x12, 0xc5,
    0x32, 0xbd, 0x11, 0xc5, 0x12, 0xbd, 0x11, 0xc5, 0xf1, 0xc4, 0x11, 0xbd,
    0xf1, 0xbc, 0xf1, 0xbc, 0xd1, 0xbc, 0xd1, 0xbc, 0xf1, 0xbc, 0xd1, 0xbc,
    0xd0, 0xbc, 0xd0, 0xb4, 0xd0, 0xb4, 0xd0, 0xb4, 0xb0, 0xb4, 0x8f, 0xb4,
    0xb0, 0xb4, 0xaf, 0xb4, 0x90, 0xac, 0x6f, 0xac, 0x6f, 0xac, 0x6f, 0xac,
    0x6f, 0xac, 0x6f, 0xac, 0x6f, 0xac, 0x6e, 0xac, 0x6e, 0xac, 0x6f, 0xac,
    0x6f, 0xac, 0x4f, 0xac, 0x4e, 0xac, 0x4e, 0xac, 0x6e, 0xac, 0x4f, 0xa4,
    0x4f, 0xa4, 0x4f, 0xa4, 0x4f, 0xac, 0x4e, 0xac, 0x2e, 0xa4, 0x2e, 0xa4,
    0x2e, 0xa4, 0x2e, 0xa4, 0x0e, 0xa4, 0x0e, 0x9c, 0x0d, 0x9c, 0xed, 0x9b,
    0xed, 0x9b, 0xed, 0xa3, 0xed, 0x9b, 0xed, 0x9b, 0xcd, 0x9b, 0xed, 0x9b,
    0xcd, 0x93, 0xac, 0x93, 0xcd, 0x93, 0xcc, 0x9b, 0xcd, 0x9b, 0xed, 0x9b,
    0xed, 0x9b, 0xed, 0x9b, 0xed, 0x9b, 0xed, 0x9b, 0xed, 0x9b, 0xed, 0x9b,
    0xed, 0x9b, 0xcc, 0x9b, 0xed, 0x9b, 0xed, 0x9b, 0xcc, 0x9b, 0xac, 0x93,
    0xac, 0x93, 0x8c, 0x93, 0x8c, 0x93, 0xac, 0x93, 0xac, 0x8b, 0x6b, 0x8b,
    0x6b, 0x8b, 0x4b, 0x83, 0x4b, 0x8b, 0x6b, 0x8b, 0x8b, 0x93, 0x8c, 0x8b,
    0xac, 0x93, 0x8c, 0x8b, 0x8c, 0x93, 0xab, 0x8b, 0x6b, 0x8b, 0x8c, 0x8b,
    0xac, 0x93, 0xcc, 0x9b, 0xac, 0x9b, 0xac, 0x93, 0x8b, 0x93, 0xac, 0x93,
    0xcc, 0x9b, 0xac, 0x93, 0xac, 0x93, 0xac, 0x9b, 0xcc, 0x9b, 0xcc, 0x9b,
    0xac, 0x93, 0x6c, 0x93, 0x4b, 0x8b, 0x4a, 0x83, 0x2a, 0x83, 0x6b, 0x83,
    0x6b, 0x8b, 0x6b, 0x8b, 0x6b, 0x8b, 0x6b, 0x8b, 0x6b, 0x8b, 0x8b, 0x8b,
    0x6b, 0x8b, 0x4b, 0x8b, 0x2a, 0x83, 0xea, 0x72, 0xea, 0x72, 0x2a, 0x7b,
    0x8c, 0x8b, 0xec, 0xa3, 0xcc, 0x9b, 0x8c, 0x93, 0x6c, 0x8b, 0x8c, 0x8b,
    0xcd, 0x93, 0x6f, 0xac, 0x33, 0xbd, 0x16, 0xd6, 0x36, 0xde, 0x16, 0xd6,
    0x15, 0xd6, 0xf5, 0xd5, 0xd4, 0xd5, 0xd5, 0xd5, 0x16, 0xde, 0x77, 0xe6,
    0x78, 0xe6, 0x98, 0xe6, 0x98, 0xe6, 0xb9, 0xe6, 0xb8, 0xf6, 0xb8, 0xee,
    0xb8, 0xee, 0x78, 0xe6, 0x57, 0xe6, 0x15, 0xde, 0xb4, 0xd5, 0xd4, 0xd5,
    0x16, 0xde, 0x36, 0xe6, 0x77, 0xe6, 0x97, 0xe6, 0xb8, 0xee, 0xb8, 0xee,
    0xb8, 0xee, 0xb9, 0xee, 0xb9, 0xee, 0xd9, 0xee, 0xf9, 0xf6, 0xf9, 0xf6,
    0x1a, 0xf7, 0x1a, 0xef, 0x1a, 0xf7, 0xfa, 0xf6, 0x1a, 0xf7, 0x1a, 0xf7,
    0xfa, 0xf6, 0x1a, 0xf7, 0xfa, 0xee, 0xd9, 0xee, 0x98, 0xe6, 0x95, 0xcd,
    0xb1, 0xac, 0xb1, 0xac, 0x73, 0xc5, 0xf2, 0xb4, 0x2e, 0xa4, 0x4e, 0xac,
    0xed, 0x93, 0x6b, 0x83, 0x4f, 0xac, 0x2e, 0xac, 0x6b, 0x83, 0x2b, 0x7b,
    0x6b, 0x8b, 0x6b, 0x8b, 0x0a, 0x7b, 0x09, 0x7b, 0x47, 0x5a, 0x4a, 0x8b,
    0xcc, 0x9b, 0x6b, 0x93, 0xcc, 0x9b, 0x2e, 0xa4, 0x8b, 0x8b, 0x2a, 0x83,
    0x2a, 0x7b, 0x88, 0x6a, 0xa9, 0x72, 0xa8, 0x72, 0x6b, 0x8b, 0x0a, 0x7b,
    0xc9, 0x72, 0x4b, 0x7b, 0x8c, 0x8b, 0x0a, 0x7b, 0xe9, 0x72, 0x88, 0x6a,
    0x6b, 0x8b, 0x4e, 0xac, 0x6f, 0xac, 0x90, 0xb4, 0x8f, 0xb4, 0x2e, 0xac,
    0xcd, 0x9b, 0xb0, 0xb4, 0xd1, 0xbc, 0x11, 0xbd, 0x11, 0xbd, 0xf1, 0xbc,
    0x6f, 0xac, 0xcd, 0x93, 0xc9, 0x72, 0x8c, 0x8b, 0x6f, 0xa4, 0xaf, 0xb4,
    0x8f, 0xac, 0x6f, 0xac, 0x8f, 0xb4, 0xcc, 0x93, 0xea, 0x72, 0x8b, 0x8b,
    0x2e, 0xac, 0x6f, 0xac, 0x2e, 0xa4, 0x8b, 0x8b, 0xa9, 0x6a, 0x8c, 0x8b,
    0x0d, 0xa4, 0xed, 0x9b, 0x2e, 0xa4, 0xac, 0x93, 0x8c, 0x93, 0xec, 0xa3,
    0x8f, 0xbc, 0xf0, 0xbc, 0x6e, 0xac, 0xed, 0x9b, 0x8c, 0x8b, 0x2e, 0xac,
    0xd1, 0xbc, 0xf1, 0xc4, 0x31, 0xcd, 0xf0, 0xc4, 0x10, 0xc5, 0xf1, 0xc4,
    0xf1, 0xc4, 0x0e, 0x9c, 0xac, 0x93, 0x2e, 0xac, 0xb0, 0xbc, 0xb0, 0xbc,
    0xf0, 0xc4, 0xf1, 0xc4, 0x11, 0xc5, 0x6e, 0xa4, 0xcd, 0x93, 0x8f, 0xbc,
    0xb0, 0xbc, 0xf1, 0xbc, 0xb0, 0xb4, 0xb0, 0xb4, 0xf1, 0xc4, 0x11, 0xc5,
    0xd0, 0xbc, 0x8f, 0xac, 0x6e, 0xac, 0x2e, 0xac, 0xb0, 0xbc, 0xf0, 0xbc,
    0x11, 0xc5, 0x52, 0xcd, 0x73, 0xcd, 0x32, 0xcd, 0x11, 0xc5, 0xd0, 0xbc,
    0x4e, 0xac, 0xd0, 0xbc, 0xf1, 0xc4, 0xf0, 0xbc, 0xf1, 0xbc, 0xd0, 0xbc,
    0xd0, 0xbc, 0x11, 0xc5, 0x31, 0xc5, 0x4f, 0xac, 0x4e, 0xac, 0x11, 0xc5,
    0xf1, 0xc4, 0x37, 0xde, 0x17, 0xd6, 0xd6, 0xcd, 0xd5, 0xd5, 0x95, 0xcd,
    0x74, 0xcd, 0x73, 0xc5, 0x73, 0xc5, 0x73, 0xcd, 0x53, 0xc5, 0x53, 0xc5,
    0x32, 0xc5, 0x32, 0xc5, 0x52, 0xc5, 0x32, 0xc5, 0x32, 0xbd, 0x12, 0xc5,
    0x32, 0xbd, 0x12, 0xc5, 0x12, 0xbd, 0x12, 0xbd, 0x12, 0xbd, 0xf2, 0xbc,
    0x11, 0xc5, 0xf1, 0xbc, 0xf1, 0xbc, 0xf1, 0xbc, 0xf1, 0xbc, 0xd1, 0xb4,
    0xd0, 0xb4, 0xd1, 0xb4, 0xd0, 0xbc, 0xb0, 0xbc, 0xd0, 0xbc, 0xb0, 0xb4,
    0xb0, 0xb4, 0xb0, 0xb4, 0x90, 0xb4, 0x8f, 0xb4, 0x90, 0xb4, 0x8f, 0xac,
    0x6f, 0xac, 0x6f, 0xac, 0x6f, 0xac, 0x6f, 0xac, 0x4f, 0xac, 0x6f, 0xac,
    0x4f, 0xac, 0x6f, 0xac, 0x6e, 0xac, 0x6f, 0xac, 0x4f, 0xa4, 0x6e, 0xac,
    0x4e, 0xac, 0x4e, 0xa4, 0x4e, 0xac, 0x4e, 0xa4, 0x4f, 0xa4, 0x2e, 0xa4,
    0x2e, 0xa4, 0x2e, 0xa4, 0x0e, 0xa4, 0x2e, 0xa4, 0x2e, 0xa4, 0x0d, 0xa4,
    0x0e, 0x9c, 0x0e, 0x9c, 0x0d, 0xa4, 0xed, 0x9b, 0xed, 0x9b, 0xed, 0x9b,
    0xed, 0x9b, 0xcc, 0x9b, 0xcc, 0x93, 0xcc, 0x93, 0xac, 0x93, 0xcd, 0x93,
    0xcc, 0x93, 0xed, 0x93, 0xcc, 0x9b, 0xcd, 0x9b, 0xec, 0x9b, 0xec, 0x9b,
    0xed, 0x9b, 0xed, 0x9b, 0xed, 0x9b, 0xed, 0x9b, 0xed, 0x9b, 0xcd, 0x9b,
    0xcd, 0x9b, 0xcd, 0x9b, 0xcc, 0x93, 0xcd, 0x9b, 0xcc, 0x9b, 0xcc, 0x9b,
    0xac, 0x9b, 0x8c, 0x93, 0x6b, 0x8b, 0x4b, 0x83, 0x6b, 0x8b, 0x8c, 0x8b,
    0x6b, 0x8b, 0x8b, 0x8b, 0x8b, 0x8b, 0x6b, 0x8b, 0x6b, 0x8b, 0x4b, 0x83,
    0x4b, 0x83, 0x6b, 0x83, 0x6b, 0x8b, 0x8b, 0x8b, 0x8b, 0x8b, 0x6b, 0x8b,
    0x8b, 0x8b, 0xac, 0x93, 0xcc, 0x9b, 0xcd, 0x9b, 0xcc, 0x93, 0xcc, 0x9b,
    0xed, 0xa3, 0xed, 0xa3, 0xcc, 0x9b, 0x8b, 0x8b, 0x4b, 0x8b, 0x4b, 0x8b,
    0x4b, 0x8b, 0x6b, 0x8b, 0x6b, 0x8b, 0x6b, 0x8b, 0x4b, 0x83, 0x4b, 0x83,
    0x2a, 0x83, 0x2a, 0x7b, 0x0a, 0x7b, 0xea, 0x7a, 0xea, 0x7a, 0xe9, 0x72,
    0xc9, 0x72, 0x2a, 0x7b, 0x8c, 0x93, 0xed, 0x9b, 0xed, 0x9b, 0xed, 0x9b,
    0xed, 0x9b, 0xad, 0x93, 0xed, 0x9b, 0xb0, 0xac, 0xb5, 0xc5, 0x16, 0xde,
    0x36, 0xde, 0x36, 0xde, 0x16, 0xd6, 0xd5, 0xd5, 0xb5, 0xd5, 0xf5, 0xd5,
    0x57, 0xde, 0x98, 0xe6, 0x98, 0xe6, 0x98, 0xe6, 0xb8, 0xee, 0xb9, 0xee,
    0xd9, 0xee, 0xb8, 0xee, 0x98, 0xee, 0x77, 0xe6, 0x36, 0xde, 0xf6, 0xdd,
    0xd5, 0xd5, 0xf5, 0xd5, 0x36, 0xde, 0x57, 0xe6, 0x78, 0xe6, 0x98, 0xee,
    0x99, 0xe6, 0xb9, 0xee, 0xd9, 0xee, 0xd8, 0xee, 0xd9, 0xee, 0xd9, 0xee,
    0xda, 0xee, 0xf9, 0xf6, 0xda, 0xf6, 0x1a, 0xef, 0x1a, 0xf7, 0xf9, 0xf6,
    0x1a, 0xef, 0x1a, 0xf7, 0x1a, 0xf7, 0xd9, 0xee, 0x77, 0xde, 0x94, 0xcd,
    0xf1, 0xb4, 0xee, 0x93, 0xed, 0x9b, 0x0e, 0x9c, 0xb0, 0xb4, 0x0e, 0x9c,
    0xed, 0x9b, 0x2e, 0xa4, 0x2d, 0xa4, 0x8c, 0x93, 0x2d, 0xa4, 0x8f, 0xb4,
    0xcc, 0x9b, 0xcc, 0x9b, 0x4d, 0xb4, 0x4e, 0xac, 0x0d, 0xa4, 0x8c, 0x93,
    0x0a, 0x7b, 0xed, 0xa3, 0xac, 0x9b, 0xcd, 0x9b, 0xac, 0x9b, 0xcc, 0xa3,
    0x0d, 0xa4, 0x0d, 0xa4, 0xed, 0x9b, 0x8b, 0x8b, 0x4b, 0x8b, 0x6b, 0x8b,
    0xac, 0x93, 0xcc, 0x9b, 0x2a, 0x83, 0x2a, 0x8b, 0x4b, 0x8b, 0xac, 0x9b,
    0xcc, 0x93, 0x6b, 0x93, 0xcc, 0x9b, 0x6b, 0x8b, 0x6c, 0x8b, 0x0a, 0x83,
    0x8b, 0x93, 0xe9, 0x72, 0xe9, 0x72, 0xe9, 0x7a, 0xe9, 0x7a, 0x88, 0x6a,
    0x27, 0x5a, 0x2a, 0x83, 0xc8, 0x6a, 0xea, 0x72, 0x0a, 0x7b, 0x2a, 0x83,
    0x2b, 0x83, 0x0a, 0x7b, 0x2a, 0x83, 0x8c, 0x8b, 0xac, 0x93, 0xed, 0x9b,
    0x6b, 0x93, 0xcc, 0x93, 0x8c, 0x93, 0x6b, 0x8b, 0xac, 0x8b, 0x8b, 0x93,
    0x8b, 0x9b, 0x8b, 0x93, 0x2a, 0x83, 0xac, 0x93, 0x2e, 0xac, 0xf0, 0xbc,
    0xf0, 0xbc, 0xd0, 0xbc, 0xcf, 0xbc, 0x52, 0xcd, 0x93, 0xd5, 0x92, 0xd5,
    0x6f, 0xac, 0x2e, 0xa4, 0x8f, 0xb4, 0xd1, 0xbc, 0x32, 0xc5, 0x31, 0xc5,
    0x92, 0xd5, 0x31, 0xcd, 0x93, 0xd5, 0x72, 0xd5, 0x6f, 0xac, 0x4f, 0xac,
    0x31, 0xcd, 0x11, 0xc5, 0x52, 0xcd, 0x52, 0xcd, 0xd4, 0xdd, 0x73, 0xd5,
    0xb0, 0xb4, 0x11, 0xc5, 0x52, 0xcd, 0x93, 0xd5, 0x72, 0xcd, 0x52, 0xcd,
    0x52, 0xcd, 0x93, 0xd5, 0x93, 0xd5, 0x52, 0xcd, 0xf1, 0xbc, 0xb0, 0xb4,
    0x52, 0xcd, 0x52, 0xc5, 0x72, 0xcd, 0x93, 0xcd, 0x93, 0xd5, 0x52, 0xcd,
    0xb4, 0xd5, 0x72, 0xcd, 0x0e, 0x9c, 0x11, 0xc5, 0x52, 0xcd, 0x32, 0xc5,
    0x52, 0xcd, 0x52, 0xcd, 0x32, 0xc5, 0x73, 0xcd, 0x93, 0xd5, 0x6f, 0xac,
    0xd0, 0xbc, 0x52, 0xcd, 0x38, 0xde, 0x17, 0xd6, 0xf6, 0xd5, 0xd5, 0xcd,
    0xb5, 0xcd, 0x94, 0xcd, 0x73, 0xcd, 0x73, 0xc5, 0x53, 0xcd, 0x52, 0xc5,
    0x53, 0xc5, 0x32, 0xc5, 0x32, 0xc5, 0x52, 0xc5, 0x12, 0xc5, 0x32, 0xc5,
    0x12, 0xc5, 0x12, 0xc5, 0x11, 0xbd, 0x12, 0xc5, 0x11, 0xbd, 0x11, 0xc5,
    0xf2, 0xc4, 0xf1, 0xbc, 0xf1, 0xbc, 0xf1, 0xbc, 0xf1, 0xbc, 0xd0, 0xbc,
    0xd0, 0xbc, 0xd1, 0xb4, 0xd1, 0xbc, 0xd1, 0xb4, 0xd0, 0xb4, 0xd1, 0xb4,
    0xb0, 0xb4, 0xd0, 0xb4, 0xb0, 0xb4, 0xb0, 0xb4, 0xb0, 0xb4, 0x8f, 0xb4,
    0x8f, 0xac, 0x90, 0xac, 0x6f, 0xac, 0x6f, 0xac, 0x6f, 0xac, 0x6f, 0xac,
    0x6e, 0xac, 0x6f, 0xa4, 0x4f, 0xac, 0x4e, 0xa4, 0x4f, 0xac, 0x4f, 0xac,
    0x4e, 0xa4, 0x4e, 0xa4, 0x4e, 0xac, 0x2e, 0xa4, 0x2e, 0xac, 0x2e, 0xac,
    0x2e, 0xa4, 0x2e, 0xa4, 0x2e, 0xac, 0x2e, 0xa4, 0x2e, 0xa4, 0x2e, 0xa4,
    0x0d, 0xa4, 0x2e, 0xa4, 0x0e, 0xa4, 0x0e, 0xa4, 0x0e, 0xa4, 0x0d, 0x9c,
    0x0d, 0xa4, 0x0d, 0x9c, 0xcd, 0x9b, 0xed, 0x9b, 0xcd, 0x93, 0xac, 0x93,
    0xac, 0x93, 0xcc, 0x93, 0xac, 0x93, 0xac, 0x93, 0xac, 0x93, 0xcd, 0x93,
    0xcc, 0x9b, 0xcd, 0x9b, 0xcd, 0x9b, 0xcc, 0x9b, 0xcc, 0x9b, 0xcd, 0x9b,
    0xcc, 0x9b, 0xed, 0x9b, 0xcc, 0x9b, 0xed, 0x9b, 0xcc, 0x9b, 0xed, 0x9b,
    0xcd, 0x9b, 0xed, 0x9b, 0xec, 0x9b, 0xcc, 0x93, 0x8c, 0x93, 0x8c, 0x8b,
    0x8c, 0x93, 0xac, 0x93, 0x8b, 0x93, 0x8c, 0x8b, 0x8c, 0x93, 0x8b, 0x8b,
    0x6b, 0x8b, 0x4b, 0x8b, 0x4a, 0x83, 0x4b, 0x83, 0x6b, 0x8b, 0x6b, 0x8b,
    0x6b, 0x8b, 0x6b, 0x83, 0x6b, 0x8b, 0x6b, 0x93, 0x8c, 0x93, 0xac, 0x93,
    0xac, 0x93, 0xad, 0x93, 0xcd, 0x9b, 0xed, 0x9b, 0xcc, 0x9b, 0xac, 0x93,
    0x8c, 0x8b, 0x6b, 0x8b, 0xac, 0x93, 0xac, 0x9b, 0x8c, 0x93, 0x6b, 0x93,
    0x4b, 0x93, 0x8b, 0x93, 0x6b, 0x93, 0x2a, 0x83, 0x2a, 0x83, 0x4a, 0x8b,
    0x4a, 0x8b, 0x2a, 0x83, 0xe9, 0x7a, 0x0a, 0x7b, 0x6b, 0x8b, 0xcc, 0x93,
    0xcc, 0x9b, 0xed, 0x9b, 0xac, 0x93, 0x8c, 0x8b, 0x4f, 0xa4, 0xf2, 0xb4,
    0xd5, 0xcd, 0x37, 0xde, 0x16, 0xde, 0x16, 0xd6, 0x15, 0xd6, 0xd5, 0xd5,
    0xf6, 0xd5, 0x37, 0xde, 0x78, 0xe6, 0x78, 0xe6, 0x98, 0xe6, 0x99, 0xe6,
    0xd9, 0xee, 0xd9, 0xee, 0xb9, 0xee, 0xb8, 0xee, 0xb8, 0xee, 0x57, 0xe6,
    0x37, 0xde, 0xf5, 0xdd, 0xf5, 0xdd, 0xf6, 0xdd, 0x36, 0xde, 0x77, 0xe6,
    0x77, 0xe6, 0xb8, 0xe6, 0xb8, 0xee, 0xd9, 0xee, 0xd9, 0xee, 0xd9, 0xee,
    0xd9, 0xee, 0xd9, 0xee, 0xfa, 0xee, 0xfa, 0xf6, 0xfa, 0xee, 0xfa, 0xf6,
    0xf9, 0xf6, 0xfa, 0xee, 0x19, 0xf7, 0xd9, 0xee, 0x57, 0xde, 0x94, 0xc5,
    0xb1, 0xac, 0xb0, 0xb4, 0x90, 0xb4, 0x4e, 0xac, 0x4e, 0xac, 0xed, 0xa3,
    0x8f, 0xac, 0x6f, 0xb4, 0x0d, 0xa4, 0xed, 0xa3, 0xcc, 0x9b, 0x2a, 0x7b,
    0x6b, 0x83, 0x4e, 0xac, 0x2e, 0xa4, 0x2d, 0xac, 0x8f, 0xb4, 0xed, 0xa3,
    0x4e, 0xb4, 0xed, 0x93, 0xab, 0x93, 0x2d, 0xac, 0xed, 0xa3, 0xcc, 0xa3,
    0x0d, 0xa4, 0x0d, 0xa4, 0x0d, 0xac, 0xac, 0x9b, 0xcc, 0x9b, 0x4e, 0xb4,
    0x4e, 0xac, 0x2e, 0xac, 0x4e, 0xb4, 0x8e, 0xbc, 0xec, 0x9b, 0x2d, 0xa4,
    0x4e, 0xb4, 0x0d, 0xac, 0x0d, 0xa4, 0x0d, 0xa4, 0x2d, 0xac, 0x6e, 0xb4,
    0x8f, 0xac, 0x4e, 0xb4, 0x4e, 0xa4, 0x0a, 0x7b, 0xac, 0x9b, 0x0d, 0xac,
    0x2e, 0xa4, 0x0d, 0xa4, 0x2d, 0xa4, 0x8f, 0xb4, 0x6b, 0x8b, 0xed, 0xa3,
    0xaf, 0xbc, 0xb0, 0xc4, 0xf0, 0xbc, 0x11, 0xc5, 0xd0, 0xbc, 0x8f, 0xb4,
    0x4e, 0xac, 0x6e, 0xac, 0xac, 0x93, 0x4e, 0xb4, 0x0d, 0xa4, 0x0d, 0x9c,
    0x4e, 0xac, 0xaf, 0xb4, 0xd0, 0xc4, 0xaf, 0xb4, 0x0d, 0xa4, 0x8f, 0xb4,
    0xd0, 0xc4, 0xd0, 0xc4, 0xb0, 0xbc, 0xd0, 0xbc, 0xb0, 0xbc, 0x8f, 0xbc,
    0xf0, 0xc4, 0x73, 0xcd, 0xb0, 0xbc, 0x2d, 0xa4, 0x6f, 0xac, 0x8f, 0xb4,
    0xf0, 0xbc, 0xd0, 0xbc, 0x31, 0xc5, 0x73, 0xd5, 0x93, 0xd5, 0xb3, 0xd5,
    0xb0, 0xb4, 0x2e, 0xa4, 0x10, 0xbd, 0x11, 0xc5, 0x31, 0xc5, 0x52, 0xcd,
    0x52, 0xcd, 0x73, 0xcd, 0x4e, 0xa4, 0x11, 0xc5, 0x11, 0xc5, 0xf1, 0xbc,
    0x11, 0xc5, 0x31, 0xc5, 0x52, 0xcd, 0x73, 0xcd, 0x93, 0xd5, 0xf5, 0xdd,
    0x32, 0xbd, 0x4f, 0xa4, 0x31, 0xc5, 0x32, 0xcd, 0x11, 0xc5, 0x52, 0xc5,
    0x73, 0xcd, 0x73, 0xcd, 0xd4, 0xdd, 0xd3, 0xd5, 0x6f, 0xac, 0xd1, 0xbc,
    0x73, 0xd5, 0x93, 0xcd, 0x73, 0xcd, 0x93, 0xcd, 0x73, 0xd5, 0xb4, 0xd5,
    0xb4, 0xd5, 0x90, 0xb4, 0x52, 0xcd, 0x37, 0xde, 0x17, 0xd6, 0xf6, 0xd5,
    0xd6, 0xd5, 0x95, 0xcd, 0x94, 0xcd, 0x74, 0xcd, 0x53, 0xcd, 0x73, 0xc5,
    0x53, 0xc5, 0x53, 0xcd, 0x53, 0xc5, 0x52, 0xc5, 0x32, 0xc5, 0x32, 0xc5,
    0x32, 0xc5, 0x32, 0xbd, 0x11, 0xc5, 0x12, 0xbd, 0x12, 0xc5, 0x12, 0xc5,
    0x11, 0xbd, 0x11, 0xbd, 0x11, 0xbd, 0x11, 0xbd, 0xf1, 0xbc, 0xf1, 0xb4,
    0xf1, 0xbc, 0xd1, 0xbc, 0xf1, 0xbc, 0xd0, 0xbc, 0xd0, 0xbc, 0xf1, 0xbc,
    0xd0, 0xb4, 0xd1, 0xbc, 0xd0, 0xb4, 0xd0, 0xb4, 0xb0, 0xb4, 0xb0, 0xb4,
    0xb0, 0xac, 0x90, 0xac, 0x90, 0xb4, 0x8f, 0xb4, 0x8f, 0xac, 0x6f, 0xac,
    0x6f, 0xac, 0x6f, 0xac, 0x6f, 0xac, 0x6f, 0xac, 0x4f, 0xa4, 0x4e, 0xac,
    0x4f, 0xac, 0x4e, 0xac, 0x2e, 0xa4, 0x2f, 0xa4, 0x2e, 0xa4, 0x2e, 0xa4,
    0x2e, 0xa4, 0x2e, 0xa4, 0x0e, 0x9c, 0x0e, 0xa4, 0x0e, 0xa4, 0x2d, 0xa4,
    0x0d, 0xa4, 0x0e, 0xa4, 0x2d, 0xa4, 0x0d, 0xa4, 0x2e, 0xa4, 0x0e, 0xa4,
    0x2e, 0xa4, 0x2e, 0xa4, 0x0d, 0xa4, 0x0e, 0xa4, 0x0d, 0xa4, 0xed, 0x9b,
    0xcd, 0x9b, 0xcd, 0x9b, 0xac, 0x93, 0xac, 0x93, 0xad, 0x93, 0xcc, 0x93,
    0xac, 0x93, 0xad, 0x93, 0xcc, 0x9b, 0xcc, 0x9b, 0xcc, 0x9b, 0xac, 0x93,
    0xac, 0x93, 0x8c, 0x8b, 0x8b, 0x93, 0xac, 0x93, 0xcc, 0x93, 0xcc, 0x9b,
    0xac, 0x93, 0xcc, 0x93, 0xcc, 0x93, 0xcd, 0x9b, 0xed, 0x9b, 0xcc, 0x9b,
    0xac, 0x93, 0xcc, 0x93, 0xcc, 0x9b, 0xad, 0x93, 0xac, 0x9b, 0xac, 0x93,
    0xac, 0x9b, 0xcc, 0x93, 0xac, 0x93, 0x8b, 0x93, 0x6b, 0x8b, 0x6b, 0x83,
    0x6b, 0x8b, 0x6c, 0x8b, 0x6b, 0x8b, 0x4b, 0x83, 0x4b, 0x83, 0x4b, 0x83,
    0x4b, 0x83, 0x6b, 0x8b, 0x6b, 0x8b, 0x8c, 0x8b, 0xac, 0x93, 0xed, 0x9b,
    0xed, 0x9b, 0xcc, 0x9b, 0xac, 0x93, 0xcc, 0x9b, 0xcc, 0x9b, 0xcc, 0x9b,
    0x6b, 0x8b, 0x6b, 0x8b, 0x8b, 0x93, 0xcc, 0x9b, 0xac, 0x93, 0x8b, 0x8b,
    0x6b, 0x8b, 0x8b, 0x93, 0x6c, 0x8b, 0x2a, 0x83, 0x0a, 0x7b, 0x0a, 0x83,
    0x2b, 0x83, 0x4a, 0x83, 0x4b, 0x83, 0x2a, 0x83, 0x2b, 0x83, 0x0d, 0x9c,
    0x4f, 0xa4, 0xd2, 0xb4, 0xd5, 0xcd, 0x36, 0xde, 0x16, 0xde, 0x16, 0xde,
    0xf5, 0xd5, 0xf6, 0xd5, 0x36, 0xde, 0x77, 0xe6, 0x98, 0xe6, 0x98, 0xe6,
    0x98, 0xe6, 0xb8, 0xee, 0xd9, 0xee, 0xd9, 0xee, 0xd9, 0xee, 0xb9, 0xee,
    0x98, 0xee, 0x77, 0xe6, 0x36, 0xde, 0x16, 0xde, 0x16, 0xde, 0x36, 0xde,
    0x36, 0xde, 0x57, 0xe6, 0x78, 0xe6, 0x98, 0xee, 0xb8, 0xee, 0xd9, 0xee,
    0xd9, 0xee, 0xd9, 0xee, 0xd9, 0xee, 0xd9, 0xf6, 0xf9, 0xf6, 0xf9, 0xf6,
    0xd9, 0xee, 0xd9, 0xee, 0xb9, 0xee, 0x98, 0xe6, 0x37, 0xd6, 0x53, 0xc5,
    0xd1, 0xbc, 0x70, 0xa4, 0x90, 0xb4, 0xaf, 0xb4, 0x4f, 0xac, 0x4f, 0xac,
    0x4e, 0xac, 0x2e, 0xac, 0x0d, 0xa4, 0xb0, 0xbc, 0x2e, 0xac, 0x2e, 0xac,
    0xd0, 0xbc, 0x8c, 0x93, 0xac, 0x9b, 0x4e, 0xac, 0xac, 0x93, 0x0d, 0xac,
    0x4e, 0xac, 0x4e, 0xac, 0xf0, 0xc4, 0xcc, 0x93, 0xac, 0x93, 0x6e, 0xb4,
    0x6e, 0xb4, 0x4e, 0xac, 0xd0, 0xbc, 0xf0, 0xc4, 0x6f, 0xb4, 0xab, 0x93,
    0x8c, 0x93, 0x4e, 0xb4, 0x6e, 0xb4, 0x4e, 0xac, 0x8f, 0xb4, 0x8f, 0xbc,
    0xcc, 0x93, 0x4e, 0xac, 0xaf, 0xbc, 0x8e, 0xb4, 0x6f, 0xb4, 0x2d, 0xb4,
    0x8f, 0xb4, 0xb0, 0xbc, 0xaf, 0xbc, 0xf0, 0xc4, 0xf0, 0xc4, 0x2e, 0xa4,
    0x6e, 0xb4, 0xb0, 0xbc, 0xd0, 0xbc, 0xd0, 0xbc, 0xb0, 0xbc, 0xb0, 0xbc,
    0xcc, 0x93, 0x2e, 0xac, 0xaf, 0xb4, 0xb0, 0xbc, 0xcf, 0xbc, 0x11, 0xcd,
    0x32, 0xcd, 0xd0, 0xbc, 0xd0, 0xc4, 0xb0, 0xb4, 0x0d, 0xa4, 0x11, 0xcd,
    0x11, 0xcd, 0xf1, 0xc4, 0xf1, 0xc4, 0x31, 0xc5, 0x31, 0xcd, 0x52, 0xcd,
    0xee, 0x9b, 0xed, 0x9b, 0x4e, 0xa4, 0xaf, 0xb4, 0xcf, 0xbc, 0xf1, 0xc4,
    0xf1, 0xc4, 0xf0, 0xbc, 0x31, 0xcd, 0xb3, 0xd5, 0xf4, 0xdd, 0xd1, 0xbc,
    0xf0, 0xbc, 0x11, 0xcd, 0x32, 0xcd, 0x32, 0xcd, 0x92, 0xcd, 0xd4, 0xd5,
    0xf4, 0xdd, 0x15, 0xe6, 0x11, 0xc5, 0xad, 0x93, 0xd0, 0xbc, 0x52, 0xd5,
    0x31, 0xc5, 0xf1, 0xc4, 0x72, 0xcd, 0x73, 0xcd, 0x4e, 0xa4, 0x11, 0xc5,
    0x93, 0xd5, 0xd4, 0xd5, 0x93, 0xd5, 0x93, 0xd5, 0x93, 0xd5, 0x93, 0xd5,
    0x73, 0xd5, 0x15, 0xde, 0x52, 0xcd, 0x0e, 0x9c, 0xd1, 0xbc, 0x72, 0xcd,
    0x53, 0xcd, 0x73, 0xcd, 0x93, 0xcd, 0xd5, 0xd5, 0xf5, 0xdd, 0x15, 0xe6,
    0x33, 0xc5, 0xb0, 0xb4, 0x72, 0xcd, 0x73, 0xd5, 0x93, 0xd5, 0x93, 0xd5,
    0xb3, 0xd5, 0xd4, 0xd5, 0xb4, 0xd5, 0x11, 0xc5, 0x38, 0xde, 0x17, 0xd6,
    0xf6, 0xd5, 0xd5, 0xd5, 0x95, 0xcd, 0x94, 0xcd, 0x94, 0xc5, 0x73, 0xcd,
    0x53, 0xc5, 0x53, 0xcd, 0x53, 0xcd, 0x53, 0xc5, 0x52, 0xcd, 0x33, 0xc5,
    0x33, 0xc5, 0x32, 0xc5, 0x32, 0xc5, 0x12, 0xbd, 0x12, 0xbd, 0x12, 0xc5,
    0x12, 0xbd, 0x11, 0xbd, 0xf2, 0xbc, 0xf1, 0xc4, 0xf1, 0xbc, 0xf1, 0xbc,
    0xf1, 0xbc, 0xf1, 0xbc, 0xd1, 0xbc, 0xd1, 0xbc, 0xf0, 0xb4, 0xd1, 0xb4,
    0xd0, 0xbc, 0xd1, 0xb4, 0xd1, 0xbc, 0xd1, 0xbc, 0xb0, 0xb4, 0xd0, 0xbc,
    0xb0, 0xb4, 0xb0, 0xb4, 0xb0, 0xb4, 0x90, 0xb4, 0x90, 0xb4, 0x90, 0xac,
    0x8f, 0xac, 0x8f, 0xb4, 0x6f, 0xac, 0x6f, 0xac, 0x6f, 0xac, 0x6f, 0xac,
    0x6f, 0xac, 0x6f, 0xac, 0x4f, 0xa4, 0x4e, 0xac, 0x2e, 0xa4, 0x2e, 0xa4,
    0x0e, 0xa4, 0x2e, 0xa4, 0x0d, 0xa4, 0x0d, 0xa4, 0x0e, 0xa4, 0x0e, 0x9c,
    0x0d, 0xa4, 0xee, 0x9b, 0xed, 0x9b, 0xed, 0x9b, 0x0d, 0x9c, 0x0e, 0x9c,
    0x0d, 0xa4, 0x0e, 0x9c, 0x0e, 0xa4, 0x0e, 0xa4, 0x2e, 0xa4, 0x0e, 0xa4,
    0x2d, 0xa4, 0x0e, 0x9c, 0xed, 0x9b, 0xed, 0x9b, 0xcd, 0x9b, 0xcd, 0x9b,
    0xcc, 0x93, 0xad, 0x93, 0xcd, 0x9b, 0xcc, 0x93, 0xcc, 0x93, 0xcc, 0x93,
    0xac, 0x93, 0x8c, 0x8b, 0x6c, 0x8b, 0x6b, 0x8b, 0x6c, 0x8b, 0x8c, 0x8b,
    0x8c, 0x93, 0x8c, 0x8b, 0x8c, 0x8b, 0x8c, 0x8b, 0xac, 0x93, 0xcd, 0x9b,
    0xcd, 0x9b, 0xcc, 0x9b, 0xcd, 0x9b, 0xed, 0x9b, 0xed, 0x9b, 0xec, 0x9b,
    0xcd, 0x9b, 0xcc, 0x9b, 0xed, 0x9b, 0xed, 0x9b, 0xed, 0x9b, 0xac, 0x9b,
    0x8c, 0x93, 0x8c, 0x8b, 0xac, 0x93, 0xac, 0x9b, 0x8c, 0x8b, 0x6b, 0x8b,
    0x4b, 0x83, 0x4b, 0x83, 0x6b, 0x8b, 0x4b, 0x83, 0x4b, 0x83, 0x4b, 0x83,
    0x8c, 0x8b, 0xcc, 0x9b, 0xcd, 0x9b, 0xcd, 0x9b, 0xed, 0x9b, 0xed, 0x9b,
    0xed, 0x9b, 0xcc, 0x9b, 0x8b, 0x93, 0x8c, 0x93, 0xcd, 0x9b, 0x0d, 0xa4,
    0xcc, 0x9b, 0x8c, 0x93, 0xac, 0x93, 0xac, 0x93, 0x6b, 0x8b, 0x4b, 0x8b,
    0x6b, 0x8b, 0x8b, 0x93, 0x4a, 0x8b, 0x2a, 0x7b, 0xea, 0x72, 0x0a, 0x7b,
    0xac, 0x9b, 0xcc, 0x93, 0xee, 0x93, 0xd2, 0xac, 0xb5, 0xcd, 0x16, 0xd6,
    0x16, 0xde, 0x16, 0xd6, 0xf6, 0xd5, 0xf6, 0xd5, 0x57, 0xde, 0x98, 0xe6,
    0x78, 0xe6, 0x99, 0xe6, 0x99, 0xe6, 0xb9, 0xee, 0xd9, 0xee, 0xd9, 0xee,
    0xda, 0xee, 0xd9, 0xee, 0x98, 0xe6, 0x78, 0xe6, 0x57, 0xe6, 0x37, 0xde,
    0x37, 0xde, 0x16, 0xde, 0x36, 0xde, 0x37, 0xde, 0x57, 0xe6, 0x78, 0xde,
    0x78, 0xe6, 0x98, 0xe6, 0x98, 0xe6, 0x98, 0xe6, 0x98, 0xe6, 0xb9, 0xee,
    0x98, 0xe6, 0x78, 0xde, 0xf6, 0xcd, 0x33, 0xbd, 0x33, 0xbd, 0xf2, 0xb4,
    0x90, 0xac, 0x6f, 0xac, 0x2e, 0xa4, 0xb0, 0xb4, 0xf0, 0xbc, 0xb0, 0xb4,
    0x4e, 0xac, 0xed, 0x9b, 0xed, 0x9b, 0x2e, 0xa4, 0x8f, 0xb4, 0x8f, 0xb4,
    0x4e, 0xa4, 0xaf, 0xbc, 0xf0, 0xc4, 0x4e, 0xac, 0x4e, 0xac, 0xaf, 0xb4,
    0xaf, 0xbc, 0xcf, 0xb4, 0x2d, 0xac, 0x6e, 0xb4, 0x31, 0xc5, 0x4e, 0xac,
    0x0d, 0xa4, 0x6f, 0xb4, 0x8e, 0xb4, 0x6e, 0xb4, 0x8e, 0xb4, 0xf0, 0xc4,
    0xd0, 0xbc, 0x2d, 0xac, 0x2d, 0xac, 0xd0, 0xbc, 0x4e, 0xac, 0x4e, 0xac,
    0xaf, 0xbc, 0xcf, 0xbc, 0x8f, 0xb4, 0x6f, 0xac, 0x10, 0xc5, 0x11, 0xc5,
    0x11, 0xc5, 0x51, 0xcd, 0x52, 0xcd, 0x72, 0xcd, 0x52, 0xcd, 0x11, 0xcd,
    0x72, 0xcd, 0x6f, 0xac, 0xf1, 0xc4, 0xf0, 0xc4, 0xd0, 0xbc, 0xf1, 0xbc,
    0x11, 0xc5, 0xd0, 0xbc, 0xac, 0x93, 0x8f, 0xb4, 0xb0, 0xbc, 0xf0, 0xbc,
    0x11, 0xc5, 0x31, 0xc5, 0x72, 0xcd, 0x72, 0xcd, 0x93, 0xd5, 0x11, 0xc5,
    0xaf, 0xb4, 0xf1, 0xbc, 0x11, 0xc5, 0x11, 0xc5, 0x31, 0xc5, 0xb0, 0xb4,
    0xb0, 0xbc, 0x51, 0xcd, 0x6f, 0xb4, 0x2d, 0xa4, 0x0d, 0xa4, 0xd0, 0xbc,
    0x31, 0xc5, 0x52, 0xcd, 0x92, 0xd5, 0xb3, 0xd5, 0x72, 0xcd, 0x73, 0xd5,
    0xd4, 0xdd, 0x8f, 0xb4, 0x8f, 0xac, 0x6f, 0xac, 0x52, 0xc5, 0x93, 0xd5,
    0xf0, 0xbc, 0x11, 0xc5, 0x52, 0xcd, 0xb3, 0xd5, 0x73, 0xcd, 0xd0, 0xbc,
    0xd0, 0xbc, 0x94, 0xd5, 0xd4, 0xdd, 0xb3, 0xd5, 0xd4, 0xdd, 0xb4, 0xd5,
    0x6f, 0xac, 0xb0, 0xb4, 0x52, 0xcd, 0x93, 0xcd, 0x52, 0xcd, 0xb4, 0xd5,
    0xf5, 0xd5, 0xb4, 0xd5, 0x93, 0xd5, 0xd4, 0xdd, 0xf4, 0xdd, 0x12, 0xbd,
    0xd1, 0xbc, 0x72, 0xcd, 0x73, 0xcd, 0x73, 0xcd, 0xb3, 0xd5, 0x73, 0xcd,
    0x52, 0xc5, 0xf5, 0xdd, 0x32, 0xbd, 0x4e, 0xa4, 0xf1, 0xbc, 0x72, 0xcd,
    0x93, 0xd5, 0x93, 0xd5, 0x93, 0xd5, 0xb4, 0xd5, 0x73, 0xcd, 0x37, 0xde,
    0x17, 0xd6, 0xf6, 0xd5, 0xd6, 0xd5, 0xb5, 0xcd, 0xb4, 0xcd, 0x74, 0xcd,
    0x73, 0xcd, 0x73, 0xcd, 0x73, 0xc5, 0x53, 0xc5, 0x52, 0xc5, 0x33, 0xc5,
    0x52, 0xc5, 0x52, 0xc5, 0x32, 0xc5, 0x32, 0xc5, 0x32, 0xc5, 0x32, 0xc5,
    0x11, 0xc5, 0x11, 0xc5, 0x12, 0xc5, 0x11, 0xbd, 0xf1, 0xbc, 0xf1, 0xbc,
    0x11, 0xbd, 0xf1, 0xbc, 0xd1, 0xbc, 0xf1, 0xbc, 0xd1, 0xbc, 0xd1, 0xb4,
    0xd0, 0xbc, 0xd1, 0xbc, 0xb0, 0xb4, 0xd0, 0xb4, 0xb0, 0xbc, 0xb1, 0xb4,
    0xd1, 0xb4, 0xb0, 0xb4, 0xb0, 0xbc, 0xb0, 0xb4, 0xb0, 0xb4, 0xb0, 0xb4,
    0x90, 0xb4, 0xb0, 0xb4, 0x90, 0xb4, 0x90, 0xac, 0x8f, 0xb4, 0x6f, 0xb4,
    0x8f, 0xac, 0x6f, 0xac, 0x4f, 0xac, 0x6f, 0xac, 0x4f, 0xac, 0x2e, 0xac,
    0x2e, 0xa4, 0x2e, 0xa4, 0x0e, 0xa4, 0x0e, 0xa4, 0x2e, 0xa4, 0x0d, 0xa4,
    0x0d, 0x9c, 0xed, 0x9b, 0xed, 0x9b, 0xed, 0x9b, 0xcd, 0x93, 0xed, 0x9b,
    0xed, 0x9b, 0xed, 0x9b, 0xed, 0x9b, 0x0d, 0x9c, 0x0e, 0x9c, 0x0e, 0xa4,
    0x0e, 0x9c, 0x0e, 0x9c, 0x0d, 0xa4, 0x0e, 0xa4, 0xed, 0x9b, 0xed, 0x9b,
    0xed, 0x9b, 0xed, 0x9b, 0xcd, 0x9b, 0xcd, 0x9b, 0xcd, 0x9b, 0xed, 0x9b,
    0xcc, 0x9b, 0xcc, 0x9b, 0xac, 0x93, 0x8c, 0x8b, 0x6b, 0x8b, 0x6b, 0x8b,
    0x8b, 0x8b, 0x6b, 0x8b, 0x6b, 0x8b, 0x4b, 0x83, 0x4b, 0x8b, 0x6b, 0x83,
    0x8c, 0x8b, 0xac, 0x93, 0xac, 0x93, 0xad, 0x93, 0xad, 0x93, 0xcc, 0x9b,
    0xed, 0x9b, 0xed, 0x9b, 0xed, 0x9b, 0xcc, 0x93, 0xcd, 0x9b, 0xed, 0x9b,
    0xcd, 0x9b, 0xac, 0x93, 0xac, 0x93, 0xcc, 0x93, 0xcc, 0x9b, 0xcc, 0x9b,
    0xac, 0x9b, 0x8b, 0x93, 0x8b, 0x8b, 0x8b, 0x93, 0x8b, 0x93, 0x6b, 0x8b,
    0x4b, 0x83, 0x6b, 0x8b, 0x6b, 0x8b, 0x8c, 0x8b, 0x8b, 0x8b, 0xac, 0x93,
    0xad, 0x93, 0xed, 0x9b, 0xed, 0x9b, 0xcc, 0x9b, 0xac, 0x93, 0xcc, 0x9b,
    0xed, 0x9b, 0x0d, 0xa4, 0xed, 0x9b, 0xcc, 0x9b, 0xcc, 0x9b, 0xcc, 0x9b,
    0x8b, 0x93, 0x8b, 0x8b, 0x8b, 0x93, 0xac, 0x93, 0x8c, 0x93, 0x2a, 0x83,
    0x2a, 0x7b, 0x8c, 0x93, 0x6b, 0x93, 0x8c, 0x8b, 0xee, 0x9b, 0x70, 0xac,
    0x12, 0xbd, 0x94, 0xc5, 0xf6, 0xd5, 0xd5, 0xcd, 0xd5, 0xcd, 0xf6, 0xd5,
    0x77, 0xe6, 0x78, 0xe6, 0x98, 0xe6, 0x98, 0xe6, 0xb9, 0xee, 0xd9, 0xee,
    0xd9, 0xee, 0xd9, 0xee, 0xd9, 0xee, 0xb9, 0xee, 0xb8, 0xe6, 0x98, 0xe6,
    0x77, 0xe6, 0x77, 0xe6, 0x57, 0xde, 0x37, 0xde, 0x36, 0xde, 0x37, 0xde,
    0x36, 0xde, 0xf5, 0xd5, 0xd5, 0xcd, 0x95, 0xcd, 0x74, 0xc5, 0x53, 0xbd,
    0x12, 0xb5, 0xd2, 0xb4, 0x70, 0xa4, 0x0e, 0x9c, 0xed, 0x93, 0xad, 0x93,
    0xac, 0x93, 0xad, 0x93, 0xcc, 0x93, 0x4b, 0x8b, 0x2b, 0x83, 0x4b, 0x8b,
    0x8c, 0x8b, 0x6b, 0x8b, 0x6b, 0x8b, 0x4b, 0x83, 0x0a, 0x83, 0x6b, 0x8b,
    0x4e, 0xac, 0xb0, 0xbc, 0x6f, 0xac, 0x8f, 0xac, 0x8f, 0xb4, 0x6f, 0xb4,
    0x6f, 0xac, 0x4e, 0xac, 0xd0, 0xbc, 0xb0, 0xbc, 0xd0, 0xbc, 0x8f, 0xb4,
    0x11, 0xc5, 0x8f, 0xb4, 0xec, 0x9b, 0x6e, 0xb4, 0xaf, 0xbc, 0xcf, 0xbc,
    0x8f, 0xb4, 0xd0, 0xbc, 0x31, 0xcd, 0xd0, 0xbc, 0x4e, 0xac, 0xaf, 0xbc,
    0xd0, 0xbc, 0xf0, 0xc4, 0x12, 0xc5, 0x11, 0xc5, 0x52, 0xcd, 0x8f, 0xac,
    0x6f, 0xac, 0x6f, 0xb4, 0xd0, 0xc4, 0x10, 0xc5, 0xf0, 0xc4, 0x52, 0xcd,
    0x52, 0xcd, 0x11, 0xc5, 0x31, 0xcd, 0x0d, 0x9c, 0x8f, 0xb4, 0xd0, 0xbc,
    0xaf, 0xbc, 0x11, 0xc5, 0x72, 0xcd, 0x52, 0xcd, 0x4e, 0xac, 0xd0, 0xbc,
    0xf1, 0xc4, 0xf1, 0xc4, 0x31, 0xc5, 0x32, 0xcd, 0x31, 0xcd, 0x31, 0xcd,
    0x72, 0xcd, 0x32, 0xc5, 0x4e, 0xac, 0xec, 0x9b, 0x6e, 0xb4, 0xd0, 0xbc,
    0x11, 0xc5, 0x31, 0xcd, 0x11, 0xc5, 0x93, 0xd5, 0x73, 0xd5, 0x32, 0xcd,
    0x8f, 0xb4, 0xb0, 0xbc, 0xf0, 0xbc, 0xb0, 0xbc, 0xd1, 0xbc, 0x11, 0xbd,
    0x11, 0xbd, 0x31, 0xc5, 0x32, 0xc5, 0x11, 0xc5, 0xb0, 0xb4, 0x6b, 0x8b,
    0x90, 0xb4, 0x94, 0xd5, 0xb3, 0xd5, 0xb4, 0xd5, 0xb4, 0xd5, 0xd4, 0xdd,
    0xf5, 0xdd, 0x11, 0xbd, 0x2e, 0xa4, 0xf1, 0xbc, 0x73, 0xd5, 0x52, 0xcd,
    0x73, 0xd5, 0x93, 0xd5, 0x4f, 0xa4, 0xcd, 0x93, 0x8f, 0xac, 0xf1, 0xbc,
    0x11, 0xc5, 0x32, 0xc5, 0x73, 0xcd, 0x93, 0xd5, 0x73, 0xcd, 0x73, 0xcd,
    0x52, 0xc5, 0xb0, 0xb4, 0x6f, 0xac, 0xb0, 0xb4, 0xd0, 0xbc, 0x11, 0xc5,
    0x73, 0xcd, 0x73, 0xcd, 0x52, 0xc5, 0x32, 0xc5, 0xf1, 0xbc, 0x90, 0xb4,
    0x8f, 0xb4, 0x73, 0xcd, 0xb3, 0xd5, 0xb4, 0xd5, 0xb4, 0xd5, 0xb3, 0xd5
};
