// 4.21.2 0xeb401a72 D2 R0 FRGB565 U565 N0 SExtFlashSection
// Generated by imageconverter. Please, do not edit!

#include <touchgfx/hal/Config.hpp>

LOCATION_PRAGMA("ExtFlashSection")
KEEP extern const unsigned char image_bg_1[] LOCATION_ATTRIBUTE("ExtFlashSection") = { // 320x239 RGB565 pixels.
    0xf6, 0xbd, 0x37, 0xc6, 0xb5, 0xbd, 0xf6, 0xbd, 0xf6, 0xbd, 0xd6, 0xbd,
    0xd6, 0xbd, 0xf6, 0xbd, 0xf6, 0xbd, 0xf6, 0xbd, 0xf6, 0xbd, 0xd6, 0xbd,
    0xd6, 0xbd, 0xb5, 0xbd, 0xd6, 0xbd, 0xb5, 0xbd, 0xd6, 0xbd, 0xd6, 0xbd,
    0xd6, 0xbd, 0xd6, 0xbd, 0xb5, 0xbd, 0xd6, 0xbd, 0xd6, 0xbd, 0xd6, 0xbd,
    0xd6, 0xbd, 0xd6, 0xbd, 0xd6, 0xbd, 0xd6, 0xbd, 0xd6, 0xbd, 0xd5, 0xc5,
    0xd6, 0xbd, 0xd6, 0xbd, 0xf6, 0xbd, 0xf6, 0xc5, 0xf6, 0xbd, 0xf6, 0xbd,
    0xf6, 0xc5, 0xf6, 0xbd, 0xf6, 0xc5, 0xf6, 0xbd, 0xf6, 0xbd, 0xf6, 0xc5,
    0xf6, 0xc5, 0x16, 0xc6, 0xf6, 0xc5, 0xf6, 0xc5, 0xf6, 0xc5, 0xf6, 0xc5,
    0xf6, 0xbd, 0xf6, 0xbd, 0xf6, 0xc5, 0xf6, 0xc5, 0xf6, 0xbd, 0xf6, 0xc5,
    0xf6, 0xc5, 0xb6, 0xbd, 0xd6, 0xbd, 0xd6, 0xbd, 0xd6, 0xc5, 0xd6, 0xbd,
    0xf6, 0xc5, 0xf6, 0xc5, 0xf6, 0xc5, 0xf6, 0xc5, 0xf6, 0xc5, 0xf6, 0xc5,
    0xf6, 0xc5, 0x16, 0xc6, 0xf6, 0xc5, 0xd5, 0xbd, 0xd5, 0xbd, 0x95, 0xb5,
    0xb5, 0xbd, 0xb5, 0xbd, 0xd5, 0xbd, 0xf6, 0xc5, 0xd6, 0xbd, 0xf6, 0xc5,
    0x95, 0xb5, 0xf2, 0xa4, 0xd5, 0xbd, 0xd6, 0xbd, 0x17, 0xc6, 0xb9, 0xde,
    0x99, 0xd6, 0x78, 0xd6, 0x98, 0xd6, 0x99, 0xd6, 0x98, 0xd6, 0xb9, 0xde,
    0xb9, 0xde, 0xb9, 0xde, 0xb9, 0xde, 0xb9, 0xde, 0xb9, 0xde, 0xb9, 0xde,
    0x78, 0xd6, 0x58, 0xce, 0x37, 0xc6, 0x91, 0x9c, 0xd2, 0x9c, 0x33, 0xad,
    0x54, 0xad, 0x74, 0xb5, 0x13, 0xa5, 0x74, 0xb5, 0x94, 0xb5, 0xb5, 0xbd,
    0xb5, 0xbd, 0xd5, 0xbd, 0xd6, 0xbd, 0x95, 0xbd, 0xb5, 0xbd, 0xd6, 0xbd,
    0xd5, 0xbd, 0xd5, 0xbd, 0xb5, 0xbd, 0xd5, 0xbd, 0xd6, 0xbd, 0xd6, 0xc5,
    0xf6, 0xc5, 0xf6, 0xbd, 0xf6, 0xc5, 0x37, 0xce, 0x37, 0xce, 0x57, 0xce,
    0x16, 0xc6, 0x17, 0xc6, 0xf6, 0xc5, 0xd5, 0xbd, 0xd5, 0xbd, 0xd6, 0xc5,
    0xf6, 0xc5, 0xf6, 0xc5, 0x17, 0xce, 0x17, 0xce, 0x17, 0xce, 0xf6, 0xc5,
    0xe6, 0x41, 0xa5, 0x39, 0xa5, 0x39, 0xc9, 0x5a, 0x0a, 0x6b, 0xce, 0x8b,
    0xcd, 0x83, 0xcd, 0x8b, 0x0e, 0x8c, 0xed, 0x83, 0x0e, 0x8c, 0xad, 0x7b,
    0xad, 0x7b, 0x8c, 0x73, 0x4b, 0x6b, 0x6c, 0x73, 0x6c, 0x7b, 0x8c, 0x7b,
    0x8c, 0x7b, 0x8c, 0x7b, 0xac, 0x7b, 0xad, 0x7b, 0xad, 0x7b, 0xcd, 0x83,
    0xed, 0x7b, 0xee, 0x7b, 0x6f, 0x8c, 0x10, 0x84, 0x30, 0x8c, 0xae, 0x73,
    0xae, 0x7b, 0xca, 0x62, 0xe6, 0x51, 0xe7, 0x51, 0xa5, 0x41, 0xa5, 0x41,
    0xc6, 0x41, 0xb9, 0xde, 0xf6, 0xc5, 0x37, 0xce, 0x37, 0xce, 0xd9, 0xde,
    0x78, 0xce, 0x37, 0xc6, 0xd9, 0xde, 0xd5, 0xbd, 0x94, 0xb5, 0xb4, 0xb5,
    0x57, 0xce, 0xb9, 0xd6, 0x98, 0xd6, 0xb9, 0xd6, 0xb9, 0xd6, 0x57, 0xce,
    0xb9, 0xde, 0xb9, 0xd6, 0x78, 0xce, 0x98, 0xd6, 0xb9, 0xd6, 0xd9, 0xde,
    0x99, 0xd6, 0xd9, 0xde, 0xda, 0xe6, 0x14, 0xd6, 0x35, 0xce, 0x79, 0xd6,
    0x78, 0xd6, 0x79, 0xd6, 0x78, 0xd6, 0x58, 0xd6, 0x58, 0xd6, 0x78, 0xd6,
    0x58, 0xce, 0x37, 0xce, 0x17, 0xce, 0x38, 0xce, 0x58, 0xd6, 0x58, 0xce,
    0x37, 0xce, 0x58, 0xce, 0x38, 0xce, 0x58, 0xce, 0x37, 0xce, 0x37, 0xce,
    0x17, 0xce, 0x17, 0xce, 0x17, 0xce, 0x17, 0xce, 0x17, 0xce, 0x16, 0xce,
    0x37, 0xce, 0x37, 0xce, 0x17, 0xce, 0x37, 0xce, 0x78, 0xd6, 0x78, 0xd6,
    0x58, 0xd6, 0x78, 0xd6, 0x78, 0xd6, 0x78, 0xde, 0x78, 0xd6, 0x79, 0xde,
    0x99, 0xde, 0x99, 0xde, 0x78, 0xd6, 0x78, 0xd6, 0xba, 0xde, 0x03, 0x49,
    0x44, 0x59, 0x03, 0x59, 0x80, 0x38, 0x74, 0xc5, 0xd9, 0xde, 0x79, 0xd6,
    0x37, 0xce, 0x37, 0xc6, 0x17, 0xc6, 0x17, 0xce, 0x17, 0xce, 0xf5, 0xc5,
    0x57, 0xde, 0x99, 0xde, 0x98, 0xde, 0xf9, 0xde, 0xd0, 0xb4, 0xae, 0xb4,
    0xad, 0xb4, 0xad, 0xb4, 0x28, 0x8b, 0xa7, 0x6a, 0x4e, 0x9c, 0x16, 0xd6,
    0x77, 0xd6, 0x77, 0xd6, 0x37, 0xce, 0xf6, 0xcd, 0xf6, 0xc5, 0xf6, 0xc5,
    0xf7, 0xcd, 0xf6, 0xc5, 0xf6, 0xc5, 0xd6, 0xbd, 0xf6, 0xc5, 0xf6, 0xc5,
    0x17, 0xce, 0x9a, 0xd6, 0x17, 0xc6, 0xf6, 0xc5, 0x16, 0xc6, 0x17, 0xc6,
    0x16, 0xc6, 0x16, 0xc6, 0x17, 0xc6, 0xf6, 0xc5, 0x16, 0xc6, 0x17, 0xc6,
    0x17, 0xc6, 0x17, 0xc6, 0x17, 0xc6, 0x17, 0xc6, 0x17, 0xc6, 0x17, 0xc6,
    0x17, 0xc6, 0x17, 0xc6, 0x17, 0xc6, 0x17, 0xc6, 0x17, 0xc6, 0x17, 0xc6,
    0x17, 0xce, 0x17, 0xc6, 0xf7, 0xc5, 0xf6, 0xc5, 0x17, 0xc6, 0xf6, 0xc5,
    0xf7, 0xc5, 0x17, 0xc6, 0x17, 0xce, 0x17, 0xce, 0x17, 0xc6, 0x17, 0xc6,
    0x12, 0xbd, 0x84, 0x99, 0xd6, 0xbd, 0x17, 0xc6, 0xb5, 0xbd, 0xd6, 0xbd,
    0xb5, 0xbd, 0xd6, 0xbd, 0xd6, 0xbd, 0xd6, 0xbd, 0xd6, 0xbd, 0xd6, 0xbd,
    0xd6, 0xbd, 0xd6, 0xbd, 0xd5, 0xbd, 0xb5, 0xbd, 0xb5, 0xb5, 0xb5, 0xbd,
    0xb5, 0xb5, 0xb5, 0xb5, 0xb5, 0xbd, 0xb5, 0xb5, 0xd6, 0xbd, 0xd5, 0xbd,
    0xd5, 0xbd, 0xd6, 0xbd, 0xd6, 0xbd, 0xd5, 0xbd, 0xd5, 0xbd, 0xd5, 0xbd,
    0xd6, 0xbd, 0xd6, 0xbd, 0xd5, 0xbd, 0xd6, 0xbd, 0xd6, 0xbd, 0xd6, 0xbd,
    0xd6, 0xbd, 0xd6, 0xbd, 0xd6, 0xbd, 0xd6, 0xbd, 0xd6, 0xbd, 0xd6, 0xbd,
    0xd6, 0xbd, 0xd6, 0xbd, 0xf6, 0xc5, 0xf6, 0xbd, 0xf6, 0xc5, 0xf6, 0xbd,
    0xf6, 0xc5, 0xf6, 0xc5, 0xd6, 0xbd, 0xd5, 0xbd, 0xb5, 0xbd, 0xb5, 0xbd,
    0xd6, 0xbd, 0xd5, 0xb5, 0xb5, 0xbd, 0xd6, 0xbd, 0xb5, 0xbd, 0xd5, 0xbd,
    0xd6, 0xbd, 0xd5, 0xbd, 0xd6, 0xbd, 0xf6, 0xc5, 0xf6, 0xc5, 0x17, 0xc6,
    0xf6, 0xbd, 0x17, 0xc6, 0xd6, 0xbd, 0xd6, 0xbd, 0xd6, 0xc5, 0xd5, 0xbd,
    0xd5, 0xbd, 0xb5, 0xbd, 0x95, 0xb5, 0xd6, 0xbd, 0xb5, 0xbd, 0xd5, 0xbd,
    0xd6, 0xbd, 0x94, 0xb5, 0x0e, 0x84, 0x91, 0x94, 0x98, 0xd6, 0xb9, 0xde,
    0x98, 0xd6, 0x98, 0xd6, 0x99, 0xde, 0x98, 0xd6, 0x98, 0xd6, 0x99, 0xd6,
    0x98, 0xd6, 0x58, 0xce, 0x78, 0xd6, 0x78, 0xd6, 0x98, 0xd6, 0x78, 0xd6,
    0x78, 0xd6, 0x98, 0xd6, 0x98, 0xd6, 0x78, 0xd6, 0x37, 0xce, 0xb9, 0xd6,
    0xb5, 0xbd, 0xd1, 0x9c, 0xd2, 0x9c, 0x33, 0xad, 0x53, 0xad, 0x95, 0xb5,
    0xb5, 0xbd, 0x95, 0xb5, 0xb5, 0xbd, 0xd5, 0xbd, 0xf6, 0xbd, 0xd5, 0xbd,
    0xd5, 0xbd, 0xb5, 0xbd, 0xd5, 0xbd, 0xd6, 0xbd, 0xd5, 0xbd, 0xd5, 0xbd,
    0xd5, 0xbd, 0xd5, 0xbd, 0xd5, 0xbd, 0xd5, 0xbd, 0xd6, 0xbd, 0xf6, 0xc5,
    0xd5, 0xbd, 0xd5, 0xbd, 0xb5, 0xbd, 0xb5, 0xbd, 0xd5, 0xbd, 0xd5, 0xbd,
    0xd5, 0xbd, 0xd5, 0xbd, 0xd6, 0xc5, 0xd5, 0xbd, 0xf6, 0xc5, 0xd5, 0xbd,
    0x98, 0xd6, 0xca, 0x62, 0x64, 0x31, 0xe6, 0x41, 0xe6, 0x41, 0x2a, 0x6b,
    0x8c, 0x7b, 0xad, 0x83, 0xad, 0x83, 0xac, 0x83, 0x2d, 0x94, 0xcd, 0x83,
    0x6b, 0x73, 0xad, 0x83, 0xcd, 0x83, 0x8c, 0x7b, 0x4b, 0x73, 0x6c, 0x73,
    0x8c, 0x7b, 0x8c, 0x7b, 0x8c, 0x73, 0x8c, 0x7b, 0x6c, 0x73, 0x8c, 0x7b,
    0x8c, 0x7b, 0x8d, 0x7b, 0x8d, 0x73, 0x8c, 0x7b, 0x2f, 0x8c, 0x30, 0x84,
    0x10, 0x84, 0x50, 0x8c, 0x4c, 0x6b, 0xae, 0x7b, 0xca, 0x62, 0xe7, 0x49,
    0xa6, 0x41, 0x85, 0x41, 0x85, 0x41, 0x28, 0x52, 0x57, 0xce, 0x74, 0xb5,
    0x58, 0xd6, 0x57, 0xce, 0x57, 0xce, 0x37, 0xce, 0xd6, 0xc5, 0x57, 0xce,
    0xf6, 0xbd, 0x95, 0xb5, 0x94, 0xb5, 0x78, 0xce, 0x37, 0xce, 0x16, 0xc6,
    0x16, 0xc6, 0xf6, 0xc5, 0x57, 0xce, 0x98, 0xd6, 0xda, 0xe6, 0x78, 0xd6,
    0x57, 0xce, 0x57, 0xce, 0x57, 0xce, 0x17, 0xc6, 0x36, 0xd6, 0xb1, 0xc5,
    0xd3, 0xc5, 0x36, 0xce, 0x38, 0xce, 0x37, 0xce, 0x37, 0xce, 0x58, 0xce,
    0x58, 0xce, 0x58, 0xce, 0x58, 0xd6, 0x17, 0xc6, 0x37, 0xce, 0x37, 0xce,
    0x37, 0xce, 0x17, 0xce, 0x38, 0xce, 0x37, 0xce, 0x37, 0xce, 0x58, 0xce,
    0x38, 0xce, 0x37, 0xce, 0x17, 0xce, 0x17, 0xce, 0x17, 0xce, 0x37, 0xce,
    0x17, 0xce, 0x17, 0xce, 0x17, 0xce, 0x17, 0xce, 0x17, 0xce, 0x17, 0xce,
    0x58, 0xd6, 0x58, 0xd6, 0x58, 0xd6, 0x58, 0xd6, 0x58, 0xd6, 0x58, 0xd6,
    0x78, 0xd6, 0x78, 0xd6, 0x57, 0xd6, 0x58, 0xd6, 0x57, 0xd6, 0x37, 0xce,
    0x99, 0xde, 0x13, 0xb5, 0xa5, 0x59, 0x48, 0x6a, 0x18, 0xde, 0xb9, 0xd6,
    0x98, 0xce, 0x58, 0xd6, 0x98, 0xde, 0x99, 0xde, 0x78, 0xce, 0x99, 0xde,
    0xce, 0x83, 0xf5, 0xc5, 0x57, 0xde, 0xb8, 0xe6, 0x98, 0xde, 0x56, 0xd6,
    0xef, 0xb4, 0xaf, 0xb4, 0xae, 0xbc, 0xae, 0xb4, 0xce, 0xbc, 0xcd, 0xc4,
    0x4b, 0xb4, 0xe7, 0x8a, 0x07, 0x8b, 0x0b, 0xa4, 0x6f, 0xb4, 0xb4, 0xc5,
    0xf5, 0xcd, 0x36, 0xc6, 0xd6, 0xc5, 0xd6, 0xc5, 0xf6, 0xc5, 0xd6, 0xc5,
    0xf6, 0xc5, 0xf6, 0xc5, 0xf7, 0xc5, 0xf7, 0xc5, 0x99, 0xd6, 0xf7, 0xc5,
    0xf7, 0xc5, 0x16, 0xc6, 0xf6, 0xc5, 0x17, 0xc6, 0xf6, 0xc5, 0xf6, 0xc5,
    0xf6, 0xc5, 0xf6, 0xc5, 0xd6, 0xbd, 0xd6, 0xbd, 0xd6, 0xbd, 0xd6, 0xbd,
    0xd6, 0xbd, 0xd6, 0xbd, 0xd6, 0xbd, 0xd6, 0xbd, 0xd6, 0xbd, 0xf6, 0xbd,
    0xf6, 0xbd, 0xf7, 0xbd, 0xd6, 0xc5, 0xd6, 0xc5, 0xd6, 0xc5, 0xf6, 0xc5,
    0xd6, 0xc5, 0xf6, 0xc5, 0xf7, 0xc5, 0xf7, 0xc5, 0x17, 0xc6, 0x17, 0xc6,
    0xf7, 0xc5, 0x17, 0xc6, 0x58, 0xce, 0x2b, 0xab, 0xd6, 0xbd, 0xb5, 0xbd,
    0xd6, 0xbd, 0xd6, 0xbd, 0xd6, 0xbd, 0xd6, 0xbd, 0xd6, 0xbd, 0xd6, 0xbd,
    0xd5, 0xbd, 0xb5, 0xbd, 0xb5, 0xbd, 0xb5, 0xbd, 0xb5, 0xb5, 0xb5, 0xb5,
    0xb5, 0xb5, 0xb6, 0xbd, 0xb5, 0xb5, 0xb5, 0xbd, 0xd6, 0xbd, 0xb5, 0xbd,
    0xb6, 0xbd, 0xb5, 0xb5, 0xb5, 0xb5, 0xb5, 0xbd, 0xd6, 0xbd, 0xd6, 0xbd,
    0xd6, 0xbd, 0xd5, 0xbd, 0xd5, 0xbd, 0xd5, 0xbd, 0xd6, 0xbd, 0xd6, 0xbd,
    0xd5, 0xbd, 0xd6, 0xbd, 0xd6, 0xbd, 0xd6, 0xbd, 0xd6, 0xbd, 0xd6, 0xbd,
    0xd6, 0xbd, 0xd6, 0xbd, 0xd6, 0xbd, 0xd6, 0xbd, 0xd5, 0xbd, 0xd6, 0xc5,
    0xd6, 0xbd, 0xd5, 0xbd, 0xd6, 0xbd, 0xd6, 0xbd, 0xd5, 0xbd, 0xf6, 0xbd,
    0xf6, 0xbd, 0xd6, 0xbd, 0xd5, 0xbd, 0xf6, 0xbd, 0xd5, 0xbd, 0xd5, 0xbd,
    0xd5, 0xbd, 0xd5, 0xbd, 0xb5, 0xbd, 0xd5, 0xbd, 0xb5, 0xbd, 0xd6, 0xbd,
    0xf6, 0xc5, 0xf6, 0xc5, 0xf6, 0xc5, 0xf6, 0xc5, 0xd5, 0xbd, 0xf6, 0xc5,
    0xd6, 0xbd, 0xd5, 0xbd, 0xd6, 0xbd, 0xd6, 0xc5, 0xd5, 0xbd, 0xd5, 0xbd,
    0xd6, 0xbd, 0xd5, 0xbd, 0xb5, 0xbd, 0x50, 0x8c, 0xee, 0x83, 0x78, 0xd6,
    0xf6, 0xc5, 0x99, 0xd6, 0xb9, 0xde, 0x99, 0xd6, 0xb9, 0xde, 0x98, 0xd6,
    0x78, 0xd6, 0x78, 0xd6, 0x78, 0xd6, 0x98, 0xd6, 0x78, 0xce, 0x58, 0xce,
    0x57, 0xce, 0x58, 0xce, 0x78, 0xd6, 0x78, 0xd6, 0x78, 0xd6, 0x78, 0xd6,
    0x99, 0xd6, 0x16, 0xc6, 0x57, 0xd6, 0x37, 0xce, 0xb5, 0xbd, 0x53, 0xad,
    0x95, 0xbd, 0x74, 0xb5, 0x94, 0xb5, 0x95, 0xb5, 0xb5, 0xbd, 0xd5, 0xbd,
    0xd5, 0xbd, 0xd6, 0xbd, 0xd6, 0xbd, 0xd5, 0xbd, 0xb5, 0xbd, 0xd5, 0xbd,
    0xd6, 0xc5, 0xd5, 0xbd, 0xd5, 0xbd, 0xd6, 0xbd, 0xd5, 0xc5, 0xd5, 0xbd,
    0xd5, 0xbd, 0xd5, 0xbd, 0xd5, 0xbd, 0xb5, 0xbd, 0xb5, 0xbd, 0xd5, 0xbd,
    0xb5, 0xbd, 0xd5, 0xbd, 0xd5, 0xbd, 0xb5, 0xbd, 0x95, 0xbd, 0xd5, 0xbd,
    0xd5, 0xbd, 0x78, 0xd6, 0x2b, 0x6b, 0x03, 0x29, 0xc5, 0x39, 0xc5, 0x39,
    0xc9, 0x5a, 0x8c, 0x7b, 0xac, 0x83, 0xcd, 0x83, 0x0d, 0x8c, 0xac, 0x83,
    0x4b, 0x7b, 0x6b, 0x7b, 0x8c, 0x7b, 0x8c, 0x7b, 0x6c, 0x7b, 0x6c, 0x7b,
    0x6c, 0x7b, 0x4b, 0x73, 0x6c, 0x73, 0x8c, 0x73, 0x8c, 0x7b, 0x8c, 0x7b,
    0x8c, 0x7b, 0x8c, 0x73, 0x8c, 0x7b, 0xad, 0x7b, 0xcd, 0x7b, 0xce, 0x83,
    0xcd, 0x83, 0x91, 0x94, 0x0f, 0x84, 0x71, 0x94, 0xce, 0x7b, 0x4c, 0x6b,
    0x4d, 0x73, 0xca, 0x6a, 0xa6, 0x41, 0x86, 0x49, 0x85, 0x41, 0x44, 0x31,
    0x95, 0xbd, 0x99, 0xde, 0x94, 0xb5, 0x57, 0xce, 0x57, 0xce, 0x37, 0xce,
    0x37, 0xce, 0x16, 0xc6, 0xf6, 0xbd, 0xb6, 0xbd, 0x95, 0xb5, 0x54, 0xad,
    0x58, 0xce, 0x57, 0xce, 0xf5, 0xbd, 0xd5, 0xbd, 0xb5, 0xb5, 0x33, 0xad,
    0x57, 0xd6, 0xb9, 0xde, 0x37, 0xce, 0x16, 0xc6, 0x16, 0xc6, 0x38, 0xce,
    0x15, 0xce, 0xd2, 0xcd, 0xd4, 0xc5, 0xf5, 0xc5, 0x37, 0xce, 0x37, 0xce,
    0x38, 0xce, 0x38, 0xce, 0x58, 0xce, 0x58, 0xd6, 0x58, 0xce, 0x38, 0xce,
    0x37, 0xce, 0x58, 0xce, 0x17, 0xce, 0x17, 0xce, 0x58, 0xce, 0x37, 0xce,
    0x37, 0xce, 0x58, 0xce, 0x37, 0xce, 0x37, 0xce, 0x17, 0xce, 0x17, 0xce,
    0x17, 0xce, 0x17, 0xce, 0x16, 0xce, 0x17, 0xce, 0x17, 0xce, 0x17, 0xce,
    0x57, 0xd6, 0x58, 0xd6, 0x37, 0xd6, 0x58, 0xd6, 0x58, 0xd6, 0x98, 0xde,
    0x58, 0xd6, 0x78, 0xd6, 0x58, 0xd6, 0x58, 0xd6, 0x78, 0xd6, 0x58, 0xd6,
    0x58, 0xd6, 0x57, 0xce, 0x37, 0xce, 0x58, 0xd6, 0x98, 0xd6, 0xd9, 0xde,
    0x98, 0xd6, 0x58, 0xce, 0xba, 0xe6, 0x74, 0xbd, 0xd2, 0xb4, 0x53, 0xc5,
    0x77, 0xd6, 0x99, 0xd6, 0xf6, 0xc5, 0x77, 0xd6, 0x78, 0xde, 0x77, 0xde,
    0xf4, 0xcd, 0xae, 0xac, 0xcf, 0xbc, 0xcf, 0xb4, 0xce, 0xb4, 0xae, 0xb4,
    0xae, 0xb4, 0xad, 0xb4, 0x8d, 0xb4, 0x8c, 0xbc, 0x6a, 0xbc, 0x05, 0xb4,
    0x62, 0xa3, 0x01, 0x9b, 0xe1, 0x92, 0x26, 0x8b, 0x16, 0xc6, 0xf6, 0xc5,
    0xf6, 0xc5, 0xd6, 0xbd, 0xf6, 0xc5, 0xf6, 0xc5, 0x17, 0xc6, 0xf7, 0xc5,
    0x17, 0xc6, 0x7a, 0xd6, 0xf7, 0xc5, 0x16, 0xc6, 0x16, 0xc6, 0xf6, 0xc5,
    0xf6, 0xc5, 0x16, 0xc6, 0x16, 0xc6, 0xf6, 0xc5, 0xf7, 0xbd, 0xf6, 0xc5,
    0xf7, 0xbd, 0xf6, 0xc5, 0xf7, 0xc5, 0xf6, 0xbd, 0xf7, 0xc5, 0xf7, 0xc5,
    0xf6, 0xbd, 0xf7, 0xc5, 0xf6, 0xc5, 0xf7, 0xbd, 0xf6, 0xc5, 0xf6, 0xc5,
    0xf6, 0xc5, 0xf6, 0xc5, 0xf6, 0xc5, 0xf6, 0xc5, 0xf7, 0xc5, 0xf7, 0xc5,
    0xf7, 0xc5, 0xf6, 0xc5, 0x17, 0xc6, 0x17, 0xc6, 0x37, 0xce, 0x53, 0xb5,
    0xd6, 0xbd, 0xd6, 0xbd, 0xd6, 0xbd, 0xf6, 0xbd, 0xd6, 0xbd, 0xf6, 0xbd,
    0xd6, 0xbd, 0xd6, 0xbd, 0xd6, 0xbd, 0xd6, 0xbd, 0xd6, 0xbd, 0xd6, 0xbd,
    0xb6, 0xbd, 0xb6, 0xbd, 0xd6, 0xbd, 0xd6, 0xbd, 0xb6, 0xbd, 0xd6, 0xbd,
    0xb6, 0xbd, 0xb6, 0xb5, 0xb6, 0xbd, 0xb6, 0xbd, 0xb6, 0xb5, 0xb5, 0xb5,
    0xd6, 0xbd, 0xd6, 0xbd, 0xd6, 0xbd, 0xb6, 0xbd, 0xb6, 0xbd, 0xd6, 0xc5,
    0xb6, 0xbd, 0xb6, 0xbd, 0xd6, 0xbd, 0xb6, 0xbd, 0xd5, 0xbd, 0xd5, 0xbd,
    0xd6, 0xbd, 0xd6, 0xbd, 0xd6, 0xbd, 0xd6, 0xbd, 0xd6, 0xbd, 0xd5, 0xbd,
    0xf6, 0xc5, 0xd6, 0xbd, 0xd6, 0xbd, 0xf6, 0xc5, 0xf6, 0xc5, 0xd5, 0xbd,
    0xd5, 0xbd, 0xd6, 0xbd, 0xd6, 0xbd, 0xd5, 0xbd, 0xd5, 0xbd, 0xb5, 0xbd,
    0xd6, 0xbd, 0xb5, 0xbd, 0xd5, 0xbd, 0xd6, 0xc5, 0xd5, 0xbd, 0xb5, 0xbd,
    0xd6, 0xbd, 0xd5, 0xbd, 0xd5, 0xbd, 0xf6, 0xbd, 0xf6, 0xc5, 0xf6, 0xc5,
    0xf6, 0xc5, 0xd5, 0xbd, 0xd6, 0xc5, 0xd5, 0xbd, 0xd5, 0xbd, 0xb5, 0xbd,
    0xd6, 0xbd, 0xd5, 0xbd, 0xd6, 0xbd, 0xb5, 0xbd, 0x12, 0xa5, 0xea, 0x62,
    0x98, 0xd6, 0xf6, 0xc5, 0x78, 0xd6, 0xb9, 0xde, 0xb9, 0xde, 0x98, 0xd6,
    0x99, 0xd6, 0xb9, 0xde, 0xb9, 0xde, 0xb9, 0xde, 0x98, 0xd6, 0x78, 0xd6,
    0x78, 0xd6, 0x78, 0xd6, 0x78, 0xd6, 0x78, 0xce, 0x58, 0xce, 0x78, 0xd6,
    0x58, 0xce, 0x78, 0xd6, 0x99, 0xde, 0x78, 0xd6, 0x37, 0xce, 0x57, 0xce,
    0xfa, 0xe6, 0xb1, 0x9c, 0x53, 0xad, 0xb5, 0xbd, 0x94, 0xb5, 0x95, 0xb5,
    0xb5, 0xbd, 0xb5, 0xbd, 0xd6, 0xbd, 0xd6, 0xc5, 0xd5, 0xbd, 0xb5, 0xbd,
    0xd5, 0xbd, 0xb5, 0xbd, 0xb5, 0xbd, 0xb5, 0xbd, 0xb5, 0xbd, 0xb5, 0xbd,
    0xd5, 0xbd, 0xd6, 0xbd, 0xd5, 0xbd, 0xd5, 0xbd, 0x95, 0xbd, 0xb5, 0xbd,
    0xb5, 0xbd, 0xb5, 0xbd, 0xb5, 0xbd, 0xb5, 0xbd, 0xd6, 0xbd, 0xd5, 0xbd,
    0xb5, 0xbd, 0xb5, 0xbd, 0x57, 0xce, 0x0e, 0x84, 0x02, 0x21, 0x84, 0x31,
    0xe7, 0x39, 0x08, 0x4a, 0xcd, 0x83, 0xab, 0x83, 0xed, 0x8b, 0x0d, 0x94,
    0x0c, 0x8c, 0x2b, 0x73, 0x4c, 0x73, 0x4c, 0x73, 0x6c, 0x7b, 0x8d, 0x7b,
    0x8c, 0x7b, 0x6c, 0x73, 0x6b, 0x73, 0x4c, 0x73, 0x4c, 0x73, 0x6c, 0x73,
    0x6c, 0x73, 0x8c, 0x7b, 0x8c, 0x7b, 0xac, 0x7b, 0x8c, 0x7b, 0xcd, 0x83,
    0x0e, 0x8c, 0xee, 0x83, 0xce, 0x83, 0x4f, 0x8c, 0x2f, 0x8c, 0x0e, 0x84,
    0x70, 0x94, 0x4b, 0x6b, 0x4b, 0x6b, 0x2c, 0x73, 0x89, 0x5a, 0xa6, 0x49,
    0x65, 0x41, 0x65, 0x41, 0x65, 0x41, 0xd6, 0xc5, 0xb9, 0xd6, 0x37, 0xce,
    0x17, 0xce, 0x37, 0xce, 0x17, 0xc6, 0x17, 0xc6, 0xf6, 0xc5, 0xb5, 0xbd,
    0x95, 0xb5, 0x75, 0xb5, 0x75, 0xb5, 0x96, 0xb5, 0xf6, 0xc5, 0xd6, 0xbd,
    0xb6, 0xbd, 0x95, 0xb5, 0x37, 0xce, 0xb9, 0xde, 0xb9, 0xde, 0xd5, 0xbd,
    0xf6, 0xc5, 0x17, 0xce, 0xd4, 0xc5, 0x56, 0xce, 0x98, 0xde, 0x99, 0xd6,
    0x78, 0xd6, 0x78, 0xd6, 0x58, 0xce, 0x58, 0xce, 0x57, 0xd6, 0x58, 0xce,
    0x58, 0xd6, 0x58, 0xce, 0x58, 0xce, 0x58, 0xce, 0x37, 0xce, 0x37, 0xce,
    0x58, 0xce, 0x37, 0xce, 0x58, 0xce, 0x37, 0xce, 0x17, 0xce, 0x37, 0xce,
    0x37, 0xce, 0x17, 0xce, 0x17, 0xce, 0x37, 0xce, 0x16, 0xce, 0x17, 0xce,
    0x17, 0xce, 0x37, 0xce, 0x58, 0xd6, 0x57, 0xce, 0x57, 0xce, 0x57, 0xce,
    0x37, 0xd6, 0x58, 0xd6, 0x78, 0xd6, 0x78, 0xd6, 0x99, 0xde, 0x58, 0xd6,
    0x37, 0xce, 0x37, 0xce, 0x58, 0xce, 0x78, 0xd6, 0x78, 0xce, 0x57, 0xce,
    0x37, 0xd6, 0x58, 0xd6, 0x79, 0xde, 0x78, 0xd6, 0xf6, 0xcd, 0x36, 0xce,
    0x37, 0xd6, 0xf6, 0xd5, 0x57, 0xd6, 0x37, 0xce, 0x37, 0xd6, 0x36, 0xd6,
    0x56, 0xd6, 0x93, 0xc5, 0x11, 0xc5, 0x10, 0xc5, 0x31, 0xcd, 0x2f, 0xc5,
    0xef, 0xc4, 0x0e, 0xc5, 0xcd, 0xc4, 0xcb, 0xc4, 0x89, 0xbc, 0x46, 0xbc,
    0x04, 0xbc, 0x01, 0xb4, 0xe1, 0xbb, 0xe1, 0xbb, 0xc1, 0xbb, 0xe0, 0x9a,
    0xb4, 0xcd, 0xf6, 0xbd, 0xf6, 0xc5, 0xf6, 0xc5, 0xf6, 0xc5, 0xf6, 0xc5,
    0xf6, 0xbd, 0xf6, 0xbd, 0xf6, 0xbd, 0xd6, 0xc5, 0x99, 0xd6, 0xf7, 0xc5,
    0xf6, 0xc5, 0x16, 0xc6, 0xf6, 0xc5, 0xf7, 0xc5, 0xf7, 0xc5, 0xf6, 0xc5,
    0xf7, 0xc5, 0xf7, 0xbd, 0xf6, 0xc5, 0xf7, 0xbd, 0xf6, 0xbd, 0xf7, 0xc5,
    0xf6, 0xbd, 0xf6, 0xbd, 0xf6, 0xc5, 0xf6, 0xbd, 0xf6, 0xc5, 0xf6, 0xbd,
    0xf6, 0xc5, 0xf6, 0xc5, 0xf7, 0xc5, 0xf7, 0xc5, 0xf7, 0xc5, 0xf6, 0xc5,
    0xf6, 0xc5, 0xf6, 0xc5, 0xf6, 0xc5, 0x17, 0xc6, 0x17, 0xce, 0x17, 0xc6,
    0x16, 0xc6, 0x17, 0xce, 0xd5, 0xbd, 0xd6, 0xbd, 0xd6, 0xbd, 0xd6, 0xbd,
    0xd6, 0xbd, 0xf6, 0xc5, 0xd6, 0xbd, 0xd6, 0xbd, 0xd5, 0xbd, 0xd6, 0xbd,
    0xd6, 0xbd, 0xd6, 0xbd, 0xd6, 0xbd, 0xb6, 0xbd, 0xb6, 0xb5, 0xd6, 0xbd,
    0xb6, 0xbd, 0xb6, 0xb5, 0xd6, 0xbd, 0xd6, 0xbd, 0xd5, 0xbd, 0xd6, 0xbd,
    0xb6, 0xbd, 0xb5, 0xbd, 0xd6, 0xbd, 0xd5, 0xbd, 0xd6, 0xbd, 0xd6, 0xbd,
    0xd6, 0xbd, 0xd5, 0xbd, 0xd6, 0xbd, 0xd6, 0xbd, 0xd6, 0xbd, 0xd7, 0xbd,
    0xd6, 0xbd, 0xd6, 0xbd, 0xd6, 0xbd, 0xd6, 0xbd, 0xf6, 0xbd, 0xd6, 0xbd,
    0xd6, 0xbd, 0xd6, 0xbd, 0xd5, 0xc5, 0xf6, 0xbd, 0xd5, 0xbd, 0xd5, 0xbd,
    0xd5, 0xbd, 0xd6, 0xc5, 0xd6, 0xbd, 0xd5, 0xbd, 0xd5, 0xbd, 0xd6, 0xbd,
    0xd6, 0xbd, 0xf6, 0xc5, 0xd6, 0xc5, 0xd6, 0xbd, 0xd6, 0xbd, 0xd5, 0xbd,
    0xf6, 0xc5, 0xd6, 0xc5, 0xd6, 0xbd, 0xd5, 0xc5, 0xf6, 0xc5, 0xd6, 0xbd,
    0xd6, 0xbd, 0xd5, 0xbd, 0xd5, 0xbd, 0xd6, 0xbd, 0xb5, 0xbd, 0xd6, 0xbd,
    0xd6, 0xbd, 0xd5, 0xbd, 0xb5, 0xbd, 0xb5, 0xbd, 0xd6, 0xc5, 0x95, 0xbd,
    0x6c, 0x73, 0x13, 0xa5, 0x37, 0xce, 0x16, 0xc6, 0xb9, 0xde, 0x98, 0xd6,
    0x78, 0xd6, 0x98, 0xd6, 0x99, 0xd6, 0x99, 0xd6, 0x99, 0xde, 0x98, 0xd6,
    0xb9, 0xde, 0x99, 0xde, 0x99, 0xd6, 0x78, 0xd6, 0x98, 0xd6, 0xb9, 0xde,
    0x99, 0xd6, 0x78, 0xd6, 0x78, 0xd6, 0x57, 0xce, 0x58, 0xd6, 0x78, 0xd6,
    0x78, 0xd6, 0x37, 0xce, 0x58, 0xce, 0x37, 0xce, 0x2b, 0x63, 0x54, 0xad,
    0xb5, 0xbd, 0xb5, 0xbd, 0xb5, 0xbd, 0xd5, 0xbd, 0xd5, 0xbd, 0xd6, 0xbd,
    0xd6, 0xc5, 0xd6, 0xbd, 0xd5, 0xbd, 0xd5, 0xbd, 0xb5, 0xbd, 0xd6, 0xbd,
    0xd5, 0xbd, 0xd5, 0xbd, 0xb5, 0xbd, 0xb5, 0xbd, 0xd6, 0xc5, 0xb5, 0xbd,
    0x95, 0xb5, 0xd5, 0xbd, 0xf6, 0xbd, 0xd6, 0xbd, 0xd5, 0xbd, 0xd5, 0xbd,
    0xb5, 0xbd, 0xd5, 0xbd, 0xf6, 0xc5, 0x37, 0xce, 0xf2, 0xa4, 0xe2, 0x28,
    0x64, 0x31, 0xe6, 0x41, 0x45, 0x31, 0xce, 0x83, 0xac, 0x83, 0xed, 0x8b,
    0xed, 0x93, 0x0d, 0x94, 0x6b, 0x73, 0x0b, 0x6b, 0x4c, 0x73, 0x6c, 0x73,
    0x6c, 0x73, 0x6c, 0x7b, 0x8c, 0x7b, 0xac, 0x7b, 0x6c, 0x73, 0x4b, 0x6b,
    0x4b, 0x73, 0x6c, 0x73, 0x6c, 0x73, 0x6c, 0x73, 0x8c, 0x7b, 0xad, 0x7b,
    0xad, 0x7b, 0xcd, 0x83, 0x2e, 0x8c, 0x0e, 0x8c, 0xee, 0x83, 0xee, 0x83,
    0x50, 0x8c, 0xee, 0x83, 0xee, 0x83, 0x4f, 0x8c, 0x6c, 0x73, 0x6c, 0x73,
    0x2b, 0x73, 0x69, 0x5a, 0x85, 0x41, 0x64, 0x41, 0x23, 0x39, 0xc2, 0x28,
    0x74, 0xbd, 0x99, 0xde, 0x37, 0xce, 0x17, 0xce, 0x16, 0xce, 0x16, 0xc6,
    0x16, 0xc6, 0xf6, 0xc5, 0xb6, 0xbd, 0x95, 0xb5, 0x95, 0xb5, 0x96, 0xbd,
    0x76, 0xb5, 0x96, 0xb5, 0x95, 0xb5, 0x95, 0xb5, 0x95, 0xbd, 0x78, 0xd6,
    0x54, 0xb5, 0x17, 0xc6, 0x17, 0xc6, 0x37, 0xce, 0x16, 0xce, 0x98, 0xde,
    0x58, 0xd6, 0x78, 0xd6, 0x78, 0xd6, 0x58, 0xce, 0x98, 0xd6, 0x58, 0xd6,
    0x58, 0xd6, 0x58, 0xd6, 0x58, 0xce, 0x58, 0xd6, 0x58, 0xce, 0x37, 0xce,
    0x37, 0xce, 0x38, 0xce, 0x58, 0xce, 0x38, 0xce, 0x38, 0xce, 0x38, 0xce,
    0x58, 0xce, 0x37, 0xce, 0x37, 0xce, 0x17, 0xce, 0x17, 0xce, 0x17, 0xce,
    0x17, 0xce, 0x17, 0xce, 0x17, 0xce, 0x17, 0xce, 0x58, 0xd6, 0x58, 0xce,
    0x57, 0xce, 0x37, 0xce, 0x58, 0xd6, 0x38, 0xce, 0x37, 0xd6, 0x58, 0xd6,
    0x78, 0xd6, 0x58, 0xd6, 0x78, 0xd6, 0x78, 0xd6, 0x58, 0xd6, 0x58, 0xd6,
    0x78, 0xd6, 0x78, 0xce, 0x58, 0xd6, 0x58, 0xd6, 0xf6, 0xc5, 0xf6, 0xc5,
    0x58, 0xd6, 0x77, 0xd6, 0x57, 0xce, 0x58, 0xd6, 0x16, 0xd6, 0x35, 0xd6,
    0xd3, 0xc5, 0x91, 0xc5, 0x30, 0xbd, 0x2f, 0xcd, 0x70, 0xd5, 0x70, 0xcd,
    0x71, 0xcd, 0xad, 0xb4, 0x26, 0xbc, 0xe3, 0xb3, 0xe2, 0xb3, 0xe1, 0xb3,
    0xe0, 0xbb, 0xe0, 0xbb, 0x01, 0xbc, 0xe1, 0xbb, 0xc1, 0xb3, 0xc1, 0xbb,
    0xc1, 0xb3, 0xc1, 0xab, 0x8f, 0xac, 0x17, 0xc6, 0xd6, 0xc5, 0xf6, 0xc5,
    0xf6, 0xc5, 0xf6, 0xc5, 0xf6, 0xbd, 0xf6, 0xc5, 0xf6, 0xc5, 0xf7, 0xc5,
    0xd7, 0xc5, 0x79, 0xd6, 0xf7, 0xc5, 0xf6, 0xc5, 0xf6, 0xc5, 0xf7, 0xc5,
    0xf6, 0xc5, 0xf6, 0xc5, 0xf7, 0xbd, 0xf6, 0xc5, 0xf6, 0xc5, 0xf7, 0xbd,
    0xf7, 0xc5, 0xf7, 0xc5, 0xf6, 0xbd, 0xf6, 0xc5, 0xf6, 0xbd, 0xf6, 0xbd,
    0xf6, 0xc5, 0xf6, 0xbd, 0xf7, 0xc5, 0xf6, 0xc5, 0xf6, 0xc5, 0xf6, 0xc5,
    0xf6, 0xc5, 0xf6, 0xbd, 0xf7, 0xc5, 0xf6, 0xc5, 0x17, 0xc6, 0x17, 0xc6,
    0x17, 0xc6, 0x17, 0xce, 0x16, 0xc6, 0x16, 0xce, 0xd6, 0xbd, 0xd6, 0xbd,
    0xd6, 0xbd, 0xd6, 0xbd, 0xd6, 0xbd, 0xf6, 0xc5, 0xd6, 0xbd, 0xd5, 0xbd,
    0xd6, 0xbd, 0xd6, 0xbd, 0xd5, 0xbd, 0xd6, 0xbd, 0xd6, 0xbd, 0xd6, 0xbd,
    0xd6, 0xbd, 0xd6, 0xbd, 0xd6, 0xbd, 0xd5, 0xbd, 0xb5, 0xb5, 0xb6, 0xb5,
    0xb5, 0xb5, 0xb6, 0xbd, 0xb6, 0xb5, 0xb6, 0xbd, 0xd6, 0xbd, 0xd5, 0xbd,
    0xd5, 0xbd, 0xd6, 0xc5, 0xd6, 0xbd, 0xd6, 0xc5, 0xd7, 0xbd, 0xd7, 0xbd,
    0xd6, 0xbd, 0xd7, 0xbd, 0xd6, 0xbd, 0xd6, 0xbd, 0xf6, 0xbd, 0xf6, 0xc5,
    0xd6, 0xbd, 0xd6, 0xbd, 0xd6, 0xbd, 0xd6, 0xbd, 0xf6, 0xc5, 0xd5, 0xbd,
    0xd6, 0xc5, 0xf6, 0xc5, 0xf6, 0xc5, 0xd6, 0xbd, 0xd6, 0xbd, 0xd5, 0xbd,
    0xd6, 0xbd, 0xd6, 0xbd, 0xd6, 0xbd, 0xd6, 0xbd, 0xd6, 0xbd, 0xd6, 0xc5,
    0xd6, 0xc5, 0xd6, 0xbd, 0xd6, 0xbd, 0xd6, 0xbd, 0xd5, 0xbd, 0xd6, 0xbd,
    0xd6, 0xc5, 0xd5, 0xbd, 0xd6, 0xbd, 0xf6, 0xc5, 0xd5, 0xbd, 0xd5, 0xbd,
    0xd6, 0xbd, 0xd5, 0xbd, 0xd6, 0xbd, 0xb5, 0xbd, 0xd5, 0xbd, 0xd5, 0xbd,
    0xd5, 0xbd, 0xf2, 0xa4, 0x2b, 0x6b, 0xd5, 0xbd, 0x58, 0xce, 0x78, 0xd6,
    0x98, 0xd6, 0x99, 0xd6, 0x78, 0xd6, 0x98, 0xd6, 0x98, 0xd6, 0xb9, 0xde,
    0x98, 0xd6, 0x98, 0xd6, 0x99, 0xd6, 0x99, 0xd6, 0xb9, 0xde, 0x99, 0xd6,
    0x78, 0xd6, 0x58, 0xce, 0x78, 0xd6, 0x78, 0xd6, 0x57, 0xce, 0x78, 0xd6,
    0x58, 0xd6, 0x78, 0xd6, 0x78, 0xd6, 0x38, 0xce, 0x37, 0xce, 0x57, 0xce,
    0x57, 0xce, 0x89, 0x5a, 0xb5, 0xb5, 0x95, 0xb5, 0xb5, 0xbd, 0xb5, 0xbd,
    0xd6, 0xbd, 0xb5, 0xbd, 0xb5, 0xbd, 0xd6, 0xbd, 0xd5, 0xbd, 0xd6, 0xc5,
    0xd5, 0xbd, 0xd5, 0xbd, 0xd5, 0xbd, 0xd5, 0xbd, 0xb5, 0xbd, 0xd5, 0xbd,
    0xb5, 0xbd, 0x95, 0xb5, 0xd5, 0xbd, 0xd5, 0xbd, 0xb5, 0xbd, 0xb5, 0xbd,
    0xd5, 0xbd, 0xb5, 0xbd, 0xb5, 0xbd, 0xd6, 0xbd, 0x17, 0xce, 0xf6, 0xc5,
    0x23, 0x29, 0x65, 0x39, 0xa5, 0x41, 0x23, 0x31, 0xcd, 0x7b, 0x8b, 0x7b,
    0xed, 0x8b, 0xed, 0x93, 0xec, 0x8b, 0x8b, 0x83, 0xe9, 0x62, 0x0b, 0x73,
    0x6b, 0x7b, 0x6c, 0x73, 0x8c, 0x7b, 0xad, 0x7b, 0x8c, 0x7b, 0xee, 0x83,
    0xac, 0x7b, 0x6a, 0x73, 0x2a, 0x6b, 0x48, 0x52, 0x8c, 0x7b, 0x8c, 0x7b,
    0x8c, 0x7b, 0x8c, 0x7b, 0xac, 0x7b, 0xcd, 0x83, 0xed, 0x83, 0x2f, 0x8c,
    0x0e, 0x8c, 0xee, 0x83, 0x4f, 0x8c, 0xce, 0x83, 0x0e, 0x84, 0x2f, 0x8c,
    0xed, 0x7b, 0x4c, 0x73, 0x6c, 0x73, 0x89, 0x62, 0x48, 0x5a, 0x64, 0x41,
    0x03, 0x41, 0xe3, 0x38, 0xa2, 0x20, 0x74, 0xb5, 0x58, 0xd6, 0x37, 0xce,
    0x17, 0xce, 0x16, 0xc6, 0xf6, 0xc5, 0xf6, 0xc5, 0xd7, 0xbd, 0x96, 0xbd,
    0x95, 0xb5, 0x96, 0xbd, 0x95, 0xb5, 0x95, 0xb5, 0x96, 0xbd, 0xb6, 0xbd,
    0xb6, 0xbd, 0x74, 0xb5, 0xf6, 0xc5, 0xf7, 0xc5, 0x17, 0xc6, 0x58, 0xd6,
    0x38, 0xd6, 0x79, 0xde, 0x58, 0xd6, 0x98, 0xd6, 0x58, 0xce, 0x78, 0xd6,
    0x78, 0xce, 0x58, 0xd6, 0x78, 0xd6, 0x58, 0xce, 0x58, 0xd6, 0x58, 0xd6,
    0x37, 0xce, 0x37, 0xce, 0x58, 0xce, 0x37, 0xce, 0x38, 0xce, 0x37, 0xce,
    0x57, 0xce, 0x37, 0xce, 0x58, 0xce, 0x38, 0xce, 0x17, 0xce, 0x17, 0xce,
    0x37, 0xce, 0x17, 0xce, 0x17, 0xce, 0x17, 0xce, 0x37, 0xce, 0x37, 0xce,
    0x57, 0xd6, 0x37, 0xce, 0x58, 0xce, 0x58, 0xce, 0x37, 0xce, 0x37, 0xce,
    0x37, 0xce, 0x78, 0xd6, 0x58, 0xd6, 0x58, 0xd6, 0x78, 0xd6, 0x58, 0xd6,
    0x57, 0xce, 0x58, 0xce, 0x37, 0xce, 0x37, 0xce, 0x17, 0xce, 0x17, 0xce,
    0x57, 0xd6, 0x58, 0xd6, 0x58, 0xd6, 0x38, 0xce, 0x59, 0xd6, 0x37, 0xd6,
    0x91, 0xcd, 0x2d, 0xbd, 0x4c, 0xc5, 0x6a, 0xcc, 0x02, 0xa3, 0xe0, 0xb2,
    0x01, 0xab, 0x42, 0xab, 0x27, 0xbc, 0x26, 0xbc, 0xc2, 0xb3, 0xe1, 0xbb,
    0xc1, 0xb3, 0xa1, 0xbb, 0xc1, 0xbb, 0xc1, 0xbb, 0xc1, 0xbb, 0xe1, 0xbb,
    0xc1, 0xbb, 0xa1, 0xbb, 0xe3, 0xbb, 0xa0, 0x92, 0x51, 0xcd, 0x17, 0xbe,
    0xf6, 0xc5, 0xf6, 0xc5, 0xf6, 0xc5, 0xf6, 0xc5, 0xf6, 0xbd, 0xf6, 0xbd,
    0xf6, 0xbd, 0xd7, 0xc5, 0xf7, 0xc5, 0xd6, 0xbd, 0x59, 0xd6, 0xf7, 0xc5,
    0x16, 0xc6, 0xf6, 0xc5, 0xf6, 0xc5, 0xf6, 0xc5, 0xf7, 0xbd, 0xf7, 0xc5,
    0xf6, 0xbd, 0xf6, 0xbd, 0xf6, 0xc5, 0xf6, 0xc5, 0xf6, 0xbd, 0xf6, 0xc5,
    0xf6, 0xc5, 0xf7, 0xbd, 0xf6, 0xc5, 0xf6, 0xbd, 0xd6, 0xc5, 0xd6, 0xc5,
    0xf6, 0xc5, 0xf7, 0xc5, 0xf7, 0xc5, 0xf7, 0xc5, 0xf7, 0xc5, 0xf6, 0xc5,
    0xf6, 0xc5, 0x17, 0xc6, 0xf6, 0xc5, 0x17, 0xce, 0x16, 0xce, 0x16, 0xc6,
    0xd6, 0xbd, 0xd6, 0xbd, 0xd6, 0xbd, 0xd6, 0xbd, 0xd5, 0xbd, 0xd5, 0xbd,
    0xd6, 0xbd, 0xd6, 0xbd, 0xd6, 0xbd, 0xd5, 0xbd, 0xd6, 0xbd, 0xd6, 0xbd,
    0xd6, 0xbd, 0xd5, 0xbd, 0xd6, 0xbd, 0xd5, 0xbd, 0xd6, 0xbd, 0xd6, 0xbd,
    0xd5, 0xbd, 0xd5, 0xbd, 0xd5, 0xbd, 0xd5, 0xbd, 0xd5, 0xbd, 0xd5, 0xbd,
    0xb5, 0xb5, 0xd6, 0xbd, 0xd6, 0xbd, 0xd6, 0xbd, 0xd6, 0xbd, 0xd6, 0xbd,
    0xd6, 0xbd, 0xd6, 0xbd, 0xd6, 0xbd, 0xd6, 0xbd, 0xd6, 0xbd, 0xd6, 0xbd,
    0xd5, 0xbd, 0xd6, 0xbd, 0xf5, 0xbd, 0xd5, 0xbd, 0xf5, 0xbd, 0xd5, 0xbd,
    0xd6, 0xbd, 0xd6, 0xbd, 0xd5, 0xbd, 0xd5, 0xbd, 0xd5, 0xbd, 0xd5, 0xbd,
    0xd5, 0xbd, 0xd6, 0xbd, 0xd5, 0xbd, 0xf6, 0xbd, 0xf6, 0xbd, 0xd5, 0xbd,
    0xf6, 0xbd, 0xf6, 0xbd, 0xd5, 0xbd, 0xd5, 0xbd, 0xd5, 0xbd, 0xf6, 0xbd,
    0xd6, 0xbd, 0xd5, 0xbd, 0xd5, 0xbd, 0xf6, 0xbd, 0xd6, 0xbd, 0xd6, 0xbd,
    0xd5, 0xbd, 0xd6, 0xbd, 0xd6, 0xbd, 0xd5, 0xbd, 0xd5, 0xbd, 0xd6, 0xbd,
    0xd6, 0xc5, 0xb5, 0xbd, 0xd6, 0xbd, 0x0a, 0x63, 0x33, 0xad, 0x74, 0xb5,
    0x78, 0xd6, 0x99, 0xd6, 0x78, 0xd6, 0x78, 0xd6, 0x99, 0xd6, 0xb9, 0xde,
    0x99, 0xde, 0x99, 0xde, 0xb9, 0xde, 0x99, 0xd6, 0x78, 0xd6, 0x98, 0xd6,
    0x98, 0xd6, 0x98, 0xd6, 0x98, 0xd6, 0x98, 0xd6, 0x78, 0xd6, 0x78, 0xd6,
    0x78, 0xd6, 0x58, 0xce, 0x57, 0xd6, 0x57, 0xce, 0x57, 0xce, 0x57, 0xce,
    0x37, 0xce, 0x37, 0xce, 0x78, 0xd6, 0xd2, 0x9c, 0xad, 0x7b, 0xd5, 0xbd,
    0x94, 0xb5, 0xb5, 0xbd, 0xb5, 0xbd, 0xd5, 0xbd, 0xd5, 0xbd, 0xd5, 0xbd,
    0xb5, 0xbd, 0xd6, 0xbd, 0xd6, 0xbd, 0xb5, 0xbd, 0xd6, 0xc5, 0xd6, 0xbd,
    0xb5, 0xbd, 0xb5, 0xbd, 0x95, 0xb5, 0xb5, 0xbd, 0xb5, 0xbd, 0xb5, 0xbd,
    0xd5, 0xbd, 0xd5, 0xbd, 0xb5, 0xbd, 0xd6, 0xbd, 0xd5, 0xbd, 0xd6, 0xc5,
    0x57, 0xce, 0xe6, 0x39, 0x44, 0x31, 0xa5, 0x41, 0x65, 0x39, 0x0b, 0x6b,
    0xac, 0x83, 0xcd, 0x83, 0x0d, 0x8c, 0xed, 0x8b, 0xed, 0x8b, 0x0a, 0x6b,
    0xc9, 0x62, 0x2a, 0x6b, 0xad, 0x7b, 0xed, 0x83, 0x2e, 0x8c, 0x0e, 0x8c,
    0xed, 0x83, 0xe9, 0x62, 0xc8, 0x62, 0x88, 0x5a, 0x88, 0x5a, 0xa8, 0x5a,
    0x0a, 0x6b, 0xad, 0x7b, 0xad, 0x7b, 0xac, 0x7b, 0xad, 0x7b, 0xcd, 0x83,
    0xcd, 0x83, 0x0e, 0x84, 0x0f, 0x84, 0x0f, 0x8c, 0x0e, 0x84, 0xee, 0x83,
    0xee, 0x83, 0xed, 0x83, 0x90, 0x94, 0xac, 0x7b, 0x4b, 0x73, 0x2b, 0x6b,
    0x89, 0x62, 0x27, 0x5a, 0x44, 0x41, 0xe2, 0x38, 0x81, 0x28, 0x2c, 0x73,
    0x37, 0xce, 0x37, 0xc6, 0x17, 0xc6, 0x17, 0xc6, 0xf6, 0xc5, 0xd6, 0xbd,
    0xd6, 0xbd, 0xb6, 0xbd, 0x96, 0xbd, 0x76, 0xb5, 0x75, 0xb5, 0x96, 0xbd,
    0x96, 0xbd, 0x96, 0xbd, 0x96, 0xbd, 0x75, 0xb5, 0x99, 0xd6, 0xf6, 0xc5,
    0x16, 0xc6, 0x78, 0xd6, 0xb9, 0xd6, 0x78, 0xd6, 0x98, 0xd6, 0x78, 0xd6,
    0x99, 0xd6, 0x78, 0xd6, 0x78, 0xd6, 0x78, 0xd6, 0x78, 0xd6, 0x78, 0xce,
    0x58, 0xce, 0x58, 0xce, 0x38, 0xce, 0x58, 0xce, 0x38, 0xce, 0x58, 0xce,
    0x58, 0xce, 0x58, 0xce, 0x38, 0xce, 0x58, 0xce, 0x38, 0xce, 0x38, 0xce,
    0x37, 0xce, 0x37, 0xce, 0x37, 0xce, 0x36, 0xce, 0x36, 0xc6, 0x16, 0xc6,
    0x37, 0xce, 0x57, 0xce, 0x58, 0xd6, 0x57, 0xce, 0x37, 0xce, 0x57, 0xce,
    0x58, 0xd6, 0x37, 0xce, 0x37, 0xd6, 0x38, 0xd6, 0x37, 0xd6, 0x37, 0xce,
    0x37, 0xce, 0x17, 0xce, 0x17, 0xce, 0x78, 0xce, 0x57, 0xce, 0x57, 0xce,
    0x58, 0xd6, 0x58, 0xd6, 0x37, 0xce, 0x37, 0xce, 0x37, 0xd6, 0x58, 0xd6,
    0x58, 0xd6, 0x98, 0xd6, 0x71, 0xc5, 0xee, 0xc4, 0x4e, 0xd5, 0xe0, 0xaa,
    0x01, 0xbb, 0x00, 0xb3, 0x00, 0xb3, 0x20, 0xb3, 0x20, 0xb3, 0xa1, 0xb3,
    0xc2, 0xbb, 0xc1, 0xbb, 0xc1, 0xbb, 0xa2, 0xbb, 0xa1, 0xb3, 0xc0, 0xbb,
    0xa2, 0xb3, 0x23, 0xa3, 0xa4, 0xb3, 0x85, 0xab, 0xc1, 0x71, 0xc8, 0xa3,
    0x57, 0xd6, 0xf6, 0xc5, 0xf7, 0xc5, 0x16, 0xc6, 0x16, 0xc6, 0xf6, 0xc5,
    0xf7, 0xc5, 0xf7, 0xbd, 0xf7, 0xc5, 0xf7, 0xc5, 0xf6, 0xbd, 0xf6, 0xbd,
    0xf7, 0xc5, 0x58, 0xce, 0xf6, 0xc5, 0xf7, 0xc5, 0x17, 0xc6, 0x17, 0xc6,
    0xf7, 0xc5, 0xf7, 0xc5, 0xf7, 0xc5, 0xf7, 0xc5, 0xf7, 0xbd, 0xf7, 0xc5,
    0xf7, 0xbd, 0xf6, 0xbd, 0xf7, 0xc5, 0xf6, 0xbd, 0xf6, 0xc5, 0xf6, 0xbd,
    0xf7, 0xbd, 0xf7, 0xbd, 0xf7, 0xbd, 0xf6, 0xbd, 0xf7, 0xbd, 0x17, 0xc6,
    0x17, 0xc6, 0x17, 0xc6, 0xf7, 0xc5, 0xf7, 0xc5, 0x17, 0xc6, 0x17, 0xc6,
    0xf7, 0xc5, 0x37, 0xc6, 0xb6, 0xbd, 0xb5, 0xbd, 0xd6, 0xbd, 0xd6, 0xbd,
    0xd6, 0xbd, 0xd6, 0xbd, 0xd6, 0xbd, 0xd6, 0xbd, 0xd6, 0xbd, 0xd6, 0xbd,
    0xd6, 0xbd, 0xd6, 0xbd, 0xd6, 0xbd, 0xd6, 0xbd, 0xd6, 0xbd, 0xd5, 0xbd,
    0xd6, 0xbd, 0xd6, 0xbd, 0xd5, 0xbd, 0xd6, 0xbd, 0xd6, 0xbd, 0xd6, 0xbd,
    0xd5, 0xbd, 0xd5, 0xbd, 0xd6, 0xbd, 0xd6, 0xbd, 0xd6, 0xbd, 0xd6, 0xbd,
    0xf6, 0xbd, 0xf6, 0xbd, 0xd5, 0xbd, 0xd6, 0xbd, 0xd6, 0xbd, 0xd6, 0xbd,
    0xd6, 0xbd, 0xd6, 0xbd, 0xd5, 0xbd, 0xd5, 0xbd, 0xd6, 0xbd, 0xd6, 0xbd,
    0xd5, 0xbd, 0xd5, 0xbd, 0xd5, 0xbd, 0xd5, 0xbd, 0xd6, 0xbd, 0xd6, 0xbd,
    0xd6, 0xbd, 0xd6, 0xbd, 0xd5, 0xbd, 0xd6, 0xbd, 0xd6, 0xbd, 0xf5, 0xbd,
    0xf6, 0xc5, 0xd5, 0xbd, 0xf6, 0xc5, 0xf6, 0xbd, 0xd6, 0xbd, 0xd5, 0xbd,
    0xd6, 0xbd, 0xd6, 0xc5, 0xd6, 0xbd, 0xf6, 0xc5, 0xf6, 0xbd, 0xd5, 0xbd,
    0xd5, 0xbd, 0xf6, 0xc5, 0xd6, 0xbd, 0xf6, 0xc5, 0xd5, 0xbd, 0xd6, 0xbd,
    0xd5, 0xbd, 0xd6, 0xbd, 0xd5, 0xbd, 0xd6, 0xc5, 0xf2, 0xa4, 0xce, 0x83,
    0x33, 0xad, 0x95, 0xb5, 0xb9, 0xde, 0x78, 0xd6, 0x78, 0xd6, 0x98, 0xd6,
    0x99, 0xd6, 0x78, 0xd6, 0x99, 0xde, 0x98, 0xd6, 0x78, 0xd6, 0x98, 0xd6,
    0x99, 0xd6, 0x99, 0xd6, 0x78, 0xd6, 0x78, 0xd6, 0x98, 0xd6, 0x78, 0xd6,
    0x78, 0xd6, 0x78, 0xd6, 0x58, 0xd6, 0x78, 0xd6, 0x57, 0xce, 0x57, 0xd6,
    0x57, 0xce, 0x37, 0xce, 0x57, 0xce, 0x57, 0xce, 0x37, 0xce, 0x99, 0xd6,
    0x4c, 0x6b, 0xd1, 0x9c, 0x95, 0xbd, 0x95, 0xb5, 0xb5, 0xbd, 0xb5, 0xbd,
    0xb5, 0xbd, 0xb5, 0xbd, 0xd5, 0xbd, 0xd5, 0xbd, 0xd6, 0xc5, 0xb5, 0xbd,
    0xb5, 0xbd, 0xb5, 0xbd, 0x95, 0xb5, 0x94, 0xb5, 0x33, 0xad, 0x94, 0xb5,
    0x94, 0xbd, 0xb5, 0xbd, 0xd5, 0xbd, 0xd5, 0xbd, 0xb5, 0xbd, 0xd6, 0xc5,
    0xd5, 0xbd, 0x57, 0xce, 0x0a, 0x63, 0x43, 0x31, 0xa5, 0x41, 0x64, 0x39,
    0xc6, 0x49, 0xee, 0x8b, 0xcd, 0x83, 0xed, 0x8b, 0xed, 0x8b, 0xec, 0x8b,
    0x6b, 0x7b, 0xc9, 0x62, 0xc9, 0x62, 0x8c, 0x83, 0xee, 0x8b, 0xee, 0x8b,
    0x0e, 0x8c, 0x0e, 0x8c, 0x0e, 0x8c, 0x0e, 0x8c, 0xed, 0x8b, 0xed, 0x83,
    0xcd, 0x7b, 0x2b, 0x6b, 0xc9, 0x62, 0x6c, 0x73, 0x8c, 0x7b, 0x8c, 0x7b,
    0xad, 0x7b, 0xcd, 0x83, 0xad, 0x83, 0xcd, 0x83, 0x2f, 0x84, 0x2f, 0x8c,
    0xef, 0x83, 0x0f, 0x84, 0xee, 0x83, 0xee, 0x83, 0x2f, 0x8c, 0x8f, 0x94,
    0xac, 0x7b, 0xed, 0x8b, 0x09, 0x73, 0x46, 0x5a, 0x4a, 0x7b, 0x64, 0x49,
    0xc2, 0x30, 0x81, 0x20, 0xce, 0x8b, 0x37, 0xce, 0x16, 0xc6, 0xf6, 0xc5,
    0xd6, 0xbd, 0xb6, 0xbd, 0xd6, 0xbd, 0xd6, 0xbd, 0x96, 0xbd, 0x76, 0xb5,
    0x75, 0xb5, 0x76, 0xbd, 0x95, 0xb5, 0x95, 0xb5, 0x95, 0xb5, 0x76, 0xbd,
    0x18, 0xce, 0x16, 0xc6, 0x37, 0xce, 0x99, 0xd6, 0xb9, 0xde, 0x98, 0xd6,
    0x98, 0xd6, 0x98, 0xd6, 0x78, 0xd6, 0x79, 0xd6, 0x79, 0xd6, 0x78, 0xd6,
    0x58, 0xce, 0x58, 0xce, 0x38, 0xce, 0x58, 0xce, 0x38, 0xce, 0x58, 0xce,
    0x38, 0xce, 0x38, 0xce, 0x58, 0xce, 0x58, 0xce, 0x58, 0xce, 0x38, 0xce,
    0x38, 0xce, 0x37, 0xce, 0x37, 0xce, 0x37, 0xce, 0x37, 0xce, 0x37, 0xce,
    0x17, 0xce, 0x17, 0xce, 0x37, 0xce, 0x57, 0xce, 0x37, 0xce, 0x37, 0xce,
    0x58, 0xd6, 0x37, 0xce, 0x37, 0xce, 0x38, 0xd6, 0x58, 0xd6, 0x37, 0xce,
    0x58, 0xd6, 0x58, 0xd6, 0x57, 0xd6, 0x58, 0xd6, 0x58, 0xd6, 0x57, 0xce,
    0x58, 0xce, 0x78, 0xd6, 0x58, 0xd6, 0x37, 0xd6, 0x58, 0xd6, 0x58, 0xd6,
    0x58, 0xd6, 0x78, 0xd6, 0x78, 0xd6, 0x38, 0xce, 0xf5, 0xcd, 0xf0, 0xac,
    0x4b, 0xac, 0x00, 0xb3, 0xe0, 0xb2, 0xe0, 0xb2, 0xe0, 0xb2, 0xe0, 0xaa,
    0xe1, 0xaa, 0x02, 0xa3, 0x22, 0xa3, 0x21, 0xa3, 0x21, 0xa3, 0x22, 0xab,
    0x41, 0xab, 0x82, 0xb3, 0x41, 0xab, 0x23, 0xa3, 0xc2, 0x92, 0xe2, 0x69,
    0xc9, 0xab, 0x16, 0xd6, 0xf6, 0xc5, 0xf6, 0xc5, 0x17, 0xc6, 0xf6, 0xc5,
    0xf6, 0xc5, 0x16, 0xc6, 0xf7, 0xc5, 0xf7, 0xc5, 0xf6, 0xbd, 0xf7, 0xc5,
    0xf6, 0xbd, 0xf7, 0xc5, 0xf7, 0xc5, 0xf7, 0xc5, 0x79, 0xd6, 0xf6, 0xc5,
    0xf7, 0xc5, 0xf6, 0xc5, 0xf7, 0xc5, 0xf7, 0xc5, 0x17, 0xc6, 0xf7, 0xbd,
    0xf7, 0xc5, 0xf7, 0xc5, 0xf7, 0xbd, 0xf7, 0xc5, 0xf7, 0xbd, 0xd6, 0xbd,
    0xb6, 0xbd, 0xf6, 0xc5, 0xf7, 0xc5, 0xf7, 0xc5, 0xf7, 0xc5, 0xf6, 0xbd,
    0xf6, 0xc5, 0xf7, 0xc5, 0x17, 0xbe, 0xf7, 0xc5, 0x17, 0xc6, 0xf6, 0xbd,
    0x17, 0xc6, 0x17, 0xc6, 0x17, 0xc6, 0xf7, 0xcd, 0xb6, 0xb5, 0xd6, 0xbd,
    0xb5, 0xbd, 0xd6, 0xbd, 0xd5, 0xbd, 0xd6, 0xbd, 0xd6, 0xbd, 0xd5, 0xbd,
    0xd5, 0xbd, 0xd6, 0xbd, 0xd6, 0xbd, 0xd6, 0xbd, 0xd5, 0xbd, 0xd6, 0xbd,
    0xd6, 0xbd, 0xd6, 0xbd, 0xd6, 0xbd, 0xd6, 0xbd, 0xd5, 0xbd, 0xd5, 0xbd,
    0xd6, 0xbd, 0xd6, 0xbd, 0xd5, 0xbd, 0xd6, 0xbd, 0xd6, 0xbd, 0xd6, 0xbd,
    0xd6, 0xbd, 0xf6, 0xbd, 0xd6, 0xbd, 0xd6, 0xbd, 0xd6, 0xbd, 0xd6, 0xbd,
    0xd6, 0xbd, 0xd6, 0xbd, 0xd5, 0xbd, 0xd6, 0xbd, 0xd6, 0xbd, 0xd6, 0xbd,
    0xf6, 0xc5, 0xd6, 0xbd, 0xf6, 0xbd, 0xd6, 0xbd, 0xf6, 0xbd, 0xf6, 0xbd,
    0xd6, 0xbd, 0xd5, 0xbd, 0xd6, 0xbd, 0xd6, 0xbd, 0xd6, 0xbd, 0xd5, 0xbd,
    0xd6, 0xbd, 0xd6, 0xbd, 0xf6, 0xbd, 0xd6, 0xbd, 0xf6, 0xc5, 0xf6, 0xc5,
    0xd6, 0xbd, 0xf6, 0xbd, 0xd5, 0xbd, 0xf6, 0xbd, 0xf6, 0xbd, 0xd5, 0xbd,
    0xd5, 0xbd, 0xd6, 0xbd, 0xf6, 0xc5, 0xf6, 0xbd, 0xf6, 0xbd, 0xd6, 0xbd,
    0xd5, 0xbd, 0xd6, 0xbd, 0xf6, 0xbd, 0xd6, 0xbd, 0xd6, 0xc5, 0xf6, 0xc5,
    0xee, 0x83, 0xd2, 0xac, 0xd6, 0xc5, 0x36, 0xc6, 0xb9, 0xde, 0x99, 0xd6,
    0x78, 0xd6, 0x98, 0xd6, 0x98, 0xd6, 0x37, 0xce, 0xb5, 0xbd, 0x33, 0xad,
    0xda, 0xde, 0x78, 0xd6, 0x78, 0xd6, 0x78, 0xd6, 0x78, 0xd6, 0x58, 0xce,
    0x58, 0xd6, 0x58, 0xce, 0x58, 0xce, 0x77, 0xce, 0x58, 0xd6, 0x78, 0xd6,
    0x78, 0xd6, 0x57, 0xce, 0x57, 0xce, 0x57, 0xce, 0x37, 0xce, 0x57, 0xce,
    0x57, 0xce, 0x37, 0xce, 0x78, 0xd6, 0x8d, 0x73, 0xb5, 0xbd, 0x95, 0xb5,
    0x95, 0xb5, 0xb5, 0xbd, 0xb5, 0xbd, 0xb5, 0xbd, 0xb5, 0xbd, 0xb5, 0xbd,
    0xb5, 0xbd, 0x95, 0xb5, 0x94, 0xb5, 0x94, 0xb5, 0x12, 0xa5, 0x0f, 0x8c,
    0x74, 0xad, 0x73, 0xb5, 0x94, 0xb5, 0xb5, 0xbd, 0xd6, 0xbd, 0xd5, 0xbd,
    0xd5, 0xbd, 0xd5, 0xbd, 0x57, 0xce, 0xee, 0x83, 0x23, 0x29, 0xa5, 0x41,
    0x85, 0x41, 0x44, 0x39, 0xee, 0x8b, 0xcc, 0x83, 0xcc, 0x83, 0xed, 0x8b,
    0xcc, 0x93, 0xac, 0x83, 0xa8, 0x62, 0xc9, 0x62, 0xac, 0x7b, 0x2f, 0x94,
    0x0d, 0x94, 0xed, 0x8b, 0x0d, 0x8c, 0x0d, 0x94, 0x0e, 0x8c, 0x0e, 0x8c,
    0xed, 0x8b, 0xcd, 0x83, 0xcd, 0x83, 0xcd, 0x83, 0xad, 0x7b, 0x8c, 0x7b,
    0x8d, 0x7b, 0xac, 0x7b, 0xac, 0x7b, 0xac, 0x7b, 0xcd, 0x83, 0xcd, 0x7b,
    0xee, 0x83, 0x50, 0x8c, 0x30, 0x8c, 0xef, 0x7b, 0xee, 0x83, 0xee, 0x7b,
    0xee, 0x83, 0x8f, 0x8c, 0xed, 0x83, 0xec, 0x8b, 0x2d, 0x94, 0x86, 0x62,
    0x87, 0x72, 0x4a, 0x8b, 0x22, 0x49, 0x22, 0x39, 0xa2, 0x28, 0x0b, 0x6b,
    0x58, 0xd6, 0xb5, 0xbd, 0x95, 0xbd, 0x95, 0xb5, 0x95, 0xbd, 0xb6, 0xbd,
    0x96, 0xbd, 0x75, 0xb5, 0x55, 0xb5, 0x76, 0xb5, 0x75, 0xb5, 0x75, 0xb5,
    0x76, 0xb5, 0x55, 0xb5, 0x18, 0xce, 0x58, 0xce, 0x58, 0xce, 0x78, 0xd6,
    0xb9, 0xd6, 0x99, 0xd6, 0x99, 0xd6, 0x99, 0xd6, 0x79, 0xd6, 0x78, 0xd6,
    0x58, 0xd6, 0x78, 0xd6, 0x78, 0xd6, 0x58, 0xd6, 0x58, 0xce, 0x57, 0xce,
    0x57, 0xd6, 0x37, 0xce, 0x58, 0xce, 0x37, 0xce, 0x37, 0xce, 0x58, 0xd6,
    0x57, 0xce, 0x57, 0xce, 0x37, 0xce, 0x57, 0xce, 0x37, 0xce, 0x17, 0xce,
    0x37, 0xd6, 0x37, 0xce, 0x17, 0xc6, 0x37, 0xce, 0x37, 0xce, 0x37, 0xce,
    0x37, 0xce, 0x37, 0xce, 0x17, 0xce, 0x57, 0xd6, 0x37, 0xce, 0x37, 0xce,
    0x78, 0xd6, 0x58, 0xd6, 0x57, 0xd6, 0x37, 0xce, 0x38, 0xce, 0x58, 0xd6,
    0x58, 0xd6, 0x58, 0xd6, 0x78, 0xd6, 0x78, 0xce, 0x58, 0xd6, 0x58, 0xd6,
    0x78, 0xd6, 0x99, 0xde, 0x99, 0xde, 0x17, 0xce, 0x53, 0xb5, 0x94, 0xbd,
    0xd5, 0xc5, 0x37, 0xce, 0x4f, 0x9c, 0x26, 0x93, 0xe4, 0x92, 0xa6, 0xab,
    0xad, 0xac, 0x2c, 0x9c, 0x8a, 0x8b, 0xcc, 0x8b, 0x4e, 0x94, 0x4e, 0x9c,
    0xcc, 0x93, 0x89, 0x8b, 0x28, 0x7b, 0x08, 0x7b, 0x47, 0x6a, 0x01, 0x39,
    0x42, 0x39, 0xf4, 0xd5, 0x57, 0xce, 0x17, 0xc6, 0xf7, 0xc5, 0xf6, 0xc5,
    0x16, 0xc6, 0xf6, 0xc5, 0xf6, 0xc5, 0xf6, 0xc5, 0x17, 0xc6, 0x17, 0xc6,
    0xf6, 0xbd, 0xf7, 0xc5, 0xf6, 0xc5, 0xf6, 0xbd, 0xf7, 0xc5, 0xf7, 0xc5,
    0xf7, 0xc5, 0x78, 0xce, 0xf6, 0xc5, 0x16, 0xc6, 0x17, 0xc6, 0xf7, 0xc5,
    0x17, 0xc6, 0xf7, 0xbd, 0xf7, 0xc5, 0x17, 0xc6, 0xf6, 0xbd, 0xf7, 0xc5,
    0xf6, 0xbd, 0xf6, 0xc5, 0x54, 0xad, 0xf6, 0xbd, 0xf6, 0xbd, 0xf7, 0xc5,
    0xf6, 0xc5, 0xf6, 0xbd, 0xf7, 0xbd, 0x16, 0xc6, 0xf6, 0xbd, 0xf6, 0xbd,
    0x17, 0xc6, 0x17, 0xbe, 0xf6, 0xc5, 0x17, 0xc6, 0x38, 0xc6, 0xcb, 0x9a,
    0xd6, 0xbd, 0xb5, 0xb5, 0xb6, 0xb5, 0xd5, 0xbd, 0xd6, 0xbd, 0xd5, 0xbd,
    0xd6, 0xbd, 0xd6, 0xbd, 0xd5, 0xbd, 0xd6, 0xbd, 0xd6, 0xbd, 0xd6, 0xbd,
    0xd6, 0xbd, 0xd6, 0xbd, 0xd6, 0xbd, 0xd5, 0xbd, 0xd6, 0xbd, 0xd6, 0xbd,
    0xd5, 0xbd, 0xd5, 0xbd, 0xd6, 0xbd, 0xd5, 0xbd, 0xd5, 0xbd, 0xd6, 0xbd,
    0xd5, 0xbd, 0xd5, 0xbd, 0xd5, 0xbd, 0xd6, 0xbd, 0xf6, 0xc5, 0xf5, 0xc5,
    0xd5, 0xbd, 0xf6, 0xbd, 0xd5, 0xc5, 0xd5, 0xbd, 0xd5, 0xbd, 0xd5, 0xbd,
    0xd5, 0xbd, 0xd5, 0xbd, 0xb5, 0xbd, 0xb5, 0xbd, 0xd5, 0xbd, 0xb5, 0xbd,
    0xd5, 0xbd, 0xb5, 0xbd, 0xb5, 0xbd, 0xd5, 0xbd, 0xd5, 0xbd, 0xd5, 0xbd,
    0xd6, 0xbd, 0xd5, 0xbd, 0xf6, 0xc5, 0xf6, 0xbd, 0xd5, 0xbd, 0xf6, 0xc5,
    0xf6, 0xbd, 0xf6, 0xbd, 0xd6, 0xbd, 0xd5, 0xbd, 0xd6, 0xbd, 0xd5, 0xbd,
    0xd5, 0xbd, 0xd6, 0xbd, 0xd6, 0xbd, 0xd6, 0xbd, 0xd5, 0xbd, 0xd5, 0xbd,
    0xf6, 0xbd, 0xd5, 0xbd, 0xf5, 0xbd, 0xf6, 0xc5, 0xf6, 0xc5, 0xf6, 0xbd,
    0xf6, 0xc5, 0x32, 0xad, 0x05, 0x62, 0x49, 0x8b, 0xd5, 0xcd, 0x37, 0xce,
    0x99, 0xd6, 0x98, 0xd6, 0x78, 0xd6, 0x78, 0xd6, 0x37, 0xce, 0x78, 0xd6,
    0xa6, 0x39, 0xc2, 0x28, 0x65, 0x41, 0x37, 0xce, 0x37, 0xce, 0x57, 0xce,
    0x58, 0xce, 0x58, 0xce, 0x78, 0xd6, 0x78, 0xd6, 0x78, 0xd6, 0x78, 0xd6,
    0x78, 0xce, 0x78, 0xd6, 0x58, 0xce, 0x58, 0xce, 0x57, 0xd6, 0x37, 0xce,
    0x37, 0xce, 0x37, 0xce, 0x37, 0xce, 0x57, 0xce, 0x78, 0xd6, 0x70, 0x94,
    0x4f, 0x8c, 0xb5, 0xbd, 0x94, 0xb5, 0x95, 0xb5, 0xb5, 0xb5, 0x95, 0xb5,
    0xb5, 0xbd, 0xb5, 0xbd, 0x95, 0xb5, 0x94, 0xb5, 0x94, 0xb5, 0x75, 0xb5,
    0xb1, 0x9c, 0x54, 0xad, 0x94, 0xb5, 0x95, 0xbd, 0x95, 0xbd, 0x95, 0xbd,
    0xb5, 0xbd, 0xb5, 0xbd, 0xb5, 0xbd, 0x37, 0xce, 0xad, 0x7b, 0x85, 0x39,
    0xa6, 0x41, 0x86, 0x39, 0x03, 0x29, 0xcd, 0x8b, 0xcc, 0x8b, 0xab, 0x8b,
    0xcc, 0x8b, 0xcc, 0x8b, 0xcc, 0x8b, 0xe9, 0x6a, 0xea, 0x62, 0xad, 0x83,
    0x0e, 0x94, 0x2e, 0x94, 0x0c, 0x8c, 0x0e, 0x94, 0x0e, 0x94, 0x0e, 0x94,
    0xee, 0x8b, 0x0e, 0x8c, 0xee, 0x8b, 0xcd, 0x83, 0xad, 0x7b, 0xce, 0x83,
    0xcd, 0x83, 0xcd, 0x7b, 0x8c, 0x7b, 0xac, 0x7b, 0xad, 0x7b, 0xad, 0x83,
    0xcd, 0x7b, 0xcd, 0x83, 0xcd, 0x83, 0xce, 0x7b, 0xeb, 0x5a, 0x70, 0x8c,
    0x50, 0x84, 0x70, 0x8c, 0x4f, 0x84, 0x0f, 0x8c, 0x90, 0x94, 0xcc, 0x83,
    0x0c, 0x8c, 0xeb, 0x93, 0x23, 0x72, 0x45, 0x82, 0x22, 0x51, 0x22, 0x41,
    0x23, 0x39, 0x65, 0x41, 0x89, 0x5a, 0x16, 0xc6, 0x74, 0xb5, 0x54, 0xb5,
    0x54, 0xb5, 0x54, 0xb5, 0x95, 0xbd, 0x55, 0xb5, 0x76, 0xb5, 0x55, 0xb5,
    0x75, 0xb5, 0x75, 0xb5, 0x75, 0xb5, 0x75, 0xb5, 0x33, 0xad, 0x99, 0xde,
    0x78, 0xd6, 0x78, 0xd6, 0x99, 0xde, 0x78, 0xd6, 0x98, 0xd6, 0x98, 0xd6,
    0x99, 0xde, 0x78, 0xd6, 0x99, 0xd6, 0x79, 0xd6, 0x78, 0xd6, 0x58, 0xd6,
    0x38, 0xce, 0x58, 0xce, 0x37, 0xce, 0x38, 0xce, 0x37, 0xce, 0x58, 0xce,
    0x37, 0xce, 0x38, 0xce, 0x38, 0xce, 0x38, 0xce, 0x38, 0xce, 0x37, 0xce,
    0x37, 0xce, 0x17, 0xce, 0x37, 0xce, 0x37, 0xce, 0x16, 0xce, 0x37, 0xce,
    0x37, 0xce, 0x57, 0xce, 0x37, 0xce, 0x57, 0xce, 0x57, 0xce, 0x37, 0xce,
    0x78, 0xde, 0x58, 0xd6, 0x37, 0xce, 0x37, 0xce, 0x58, 0xd6, 0xda, 0xe6,
    0x78, 0xd6, 0x58, 0xd6, 0x78, 0xd6, 0x78, 0xd6, 0x99, 0xde, 0xb9, 0xe6,
    0x99, 0xd6, 0x58, 0xd6, 0x57, 0xce, 0x73, 0xc5, 0x13, 0xb5, 0x34, 0xb5,
    0x53, 0xb5, 0x53, 0xb5, 0x74, 0xbd, 0x16, 0xce, 0x16, 0xce, 0xd0, 0x9c,
    0x11, 0xa5, 0xf1, 0xa4, 0xcd, 0x7b, 0x94, 0xb5, 0xd5, 0xc5, 0x94, 0xbd,
    0xd5, 0xc5, 0xd5, 0xc5, 0xf6, 0xc5, 0xf6, 0xc5, 0xf7, 0xc5, 0x17, 0xc6,
    0x57, 0xce, 0x74, 0xb5, 0xd6, 0xbd, 0xf6, 0xc5, 0xf6, 0xc5, 0xf6, 0xc5,
    0x16, 0xc6, 0x16, 0xc6, 0x16, 0xc6, 0xf7, 0xc5, 0x16, 0xc6, 0x16, 0xc6,
    0xf7, 0xbd, 0x17, 0xc6, 0xf6, 0xbd, 0xf6, 0xbd, 0xf7, 0xc5, 0xf7, 0xbd,
    0x16, 0xc6, 0xf6, 0xc5, 0xf7, 0xc5, 0xf7, 0xc5, 0x58, 0xce, 0xf7, 0xc5,
    0xf7, 0xc5, 0xf7, 0xbd, 0x17, 0xc6, 0x17, 0xc6, 0xf7, 0xbd, 0xf7, 0xc5,
    0xf6, 0xc5, 0xf6, 0xbd, 0xf6, 0xc5, 0xf7, 0xbd, 0xf7, 0xc5, 0xf6, 0xbd,
    0xf7, 0xc5, 0xf6, 0xc5, 0xf7, 0xc5, 0xf6, 0xc5, 0xf7, 0xc5, 0xf7, 0xc5,
    0xf7, 0xc5, 0x17, 0xc6, 0xf6, 0xc5, 0xf7, 0xc5, 0xf7, 0xbd, 0xf7, 0xc5,
    0x57, 0xc6, 0x69, 0xaa, 0xb5, 0xbd, 0xb6, 0xbd, 0xb6, 0xbd, 0xd5, 0xbd,
    0xd6, 0xbd, 0xd6, 0xbd, 0xd6, 0xbd, 0xd6, 0xbd, 0xb5, 0xbd, 0xd6, 0xbd,
    0xd6, 0xbd, 0xd6, 0xbd, 0xb5, 0xbd, 0xd6, 0xbd, 0xd6, 0xbd, 0xd5, 0xbd,
    0xd6, 0xbd, 0xd6, 0xbd, 0xd5, 0xbd, 0xd6, 0xbd, 0xd5, 0xbd, 0xd6, 0xbd,
    0xd5, 0xbd, 0xd6, 0xbd, 0xd5, 0xbd, 0xd6, 0xbd, 0xd6, 0xbd, 0xd6, 0xbd,
    0xf6, 0xc5, 0xf6, 0xbd, 0xd6, 0xbd, 0xd6, 0xbd, 0xf6, 0xbd, 0xd5, 0xbd,
    0xd6, 0xbd, 0xd6, 0xbd, 0xd6, 0xbd, 0xd5, 0xbd, 0xd6, 0xbd, 0xd5, 0xbd,
    0xd6, 0xbd, 0xd6, 0xbd, 0xf6, 0xbd, 0xd6, 0xbd, 0xd6, 0xbd, 0xd6, 0xbd,
    0xd5, 0xbd, 0xf6, 0xbd, 0xf6, 0xbd, 0xf6, 0xbd, 0xf6, 0xc5, 0xd6, 0xbd,
    0xf6, 0xc5, 0xf6, 0xc5, 0xf6, 0xc5, 0xd6, 0xbd, 0xd5, 0xbd, 0xd6, 0xbd,
    0xf6, 0xc5, 0xd6, 0xbd, 0xd5, 0xbd, 0xd5, 0xbd, 0xf6, 0xbd, 0xf6, 0xc5,
    0xd5, 0xbd, 0xf6, 0xc5, 0xd6, 0xbd, 0xf6, 0xbd, 0xf6, 0xc5, 0xf5, 0xbd,
    0xf5, 0xbd, 0xf6, 0xbd, 0x16, 0xbe, 0x69, 0x83, 0xc4, 0x8a, 0x26, 0xbc,
    0x47, 0xb4, 0x52, 0xbd, 0x79, 0xde, 0x9a, 0xd6, 0x98, 0xd6, 0x58, 0xd6,
    0x58, 0xce, 0xf2, 0xa4, 0xc2, 0x30, 0xa2, 0x40, 0x61, 0x30, 0x91, 0xa4,
    0x78, 0xce, 0x58, 0xce, 0x57, 0xd6, 0x57, 0xce, 0x58, 0xce, 0x78, 0xce,
    0x78, 0xd6, 0x78, 0xd6, 0x78, 0xce, 0x78, 0xd6, 0x58, 0xd6, 0x58, 0xd6,
    0x58, 0xd6, 0x57, 0xce, 0x57, 0xce, 0x37, 0xce, 0x37, 0xce, 0x37, 0xce,
    0x57, 0xce, 0xf6, 0xc5, 0x0a, 0x63, 0xb1, 0x9c, 0xf2, 0xa4, 0xb5, 0xbd,
    0x95, 0xb5, 0x53, 0xad, 0x53, 0xad, 0x54, 0xad, 0x53, 0xad, 0x33, 0xad,
    0x33, 0xad, 0x70, 0x94, 0x73, 0xb5, 0x95, 0xb5, 0x74, 0xb5, 0x95, 0xb5,
    0x95, 0xb5, 0x95, 0xbd, 0xb5, 0xbd, 0xb5, 0xbd, 0xf7, 0xc5, 0x0f, 0x8c,
    0x07, 0x4a, 0xc7, 0x41, 0x65, 0x39, 0x23, 0x31, 0xac, 0x83, 0xcc, 0x8b,
    0xcc, 0x8b, 0xcc, 0x8b, 0xed, 0x93, 0x6b, 0x7b, 0x46, 0x5a, 0x71, 0xcd,
    0xef, 0xb4, 0xaf, 0xa4, 0x2e, 0x94, 0x0d, 0x94, 0x2e, 0x94, 0x0e, 0x94,
    0x0e, 0x8c, 0x0e, 0x8c, 0x0e, 0x94, 0x0e, 0x94, 0x2e, 0x94, 0x0d, 0x8c,
    0xac, 0x7b, 0xac, 0x7b, 0xad, 0x7b, 0xcd, 0x83, 0xad, 0x7b, 0xac, 0x7b,
    0xad, 0x83, 0xac, 0x7b, 0xad, 0x83, 0xcd, 0x83, 0xcd, 0x83, 0xce, 0x7b,
    0x48, 0x4a, 0x30, 0x84, 0xf3, 0x9c, 0xf3, 0x9c, 0xd2, 0x9c, 0xb1, 0x94,
    0x90, 0x94, 0x4e, 0x94, 0x2c, 0x94, 0x0b, 0xa4, 0x06, 0x8b, 0x43, 0x7a,
    0x24, 0x7a, 0x01, 0x49, 0x02, 0x41, 0xe3, 0x38, 0x65, 0x39, 0x48, 0x52,
    0xd6, 0xc5, 0x34, 0xad, 0x33, 0xad, 0x13, 0xad, 0x34, 0xb5, 0x75, 0xb5,
    0x55, 0xb5, 0x55, 0xb5, 0x54, 0xad, 0x75, 0xb5, 0x75, 0xb5, 0x95, 0xb5,
    0x75, 0xb5, 0x74, 0xb5, 0xb9, 0xde, 0x78, 0xd6, 0x98, 0xd6, 0x98, 0xde,
    0x98, 0xd6, 0xb9, 0xde, 0x99, 0xde, 0x99, 0xd6, 0x78, 0xd6, 0x79, 0xd6,
    0x78, 0xd6, 0x58, 0xd6, 0x38, 0xce, 0x58, 0xce, 0x58, 0xce, 0x38, 0xce,
    0x58, 0xce, 0x58, 0xce, 0x38, 0xce, 0x57, 0xce, 0x37, 0xce, 0x58, 0xce,
    0x38, 0xce, 0x37, 0xce, 0x37, 0xce, 0x37, 0xce, 0x37, 0xce, 0x37, 0xce,
    0x37, 0xce, 0x37, 0xce, 0x37, 0xce, 0x37, 0xc6, 0x57, 0xce, 0x37, 0xce,
    0x58, 0xce, 0x57, 0xce, 0x37, 0xd6, 0x79, 0xde, 0x78, 0xd6, 0x58, 0xd6,
    0x17, 0xce, 0xb5, 0xbd, 0xd6, 0xc5, 0xd6, 0xc5, 0xd6, 0xc5, 0xf6, 0xc5,
    0x94, 0xbd, 0x95, 0xbd, 0xb5, 0xbd, 0x74, 0xbd, 0x74, 0xc5, 0x53, 0xd5,
    0x12, 0xc5, 0xf3, 0xbc, 0x33, 0xb5, 0x95, 0xbd, 0x33, 0xad, 0xe9, 0x62,
    0x70, 0x9c, 0x90, 0xa4, 0xd1, 0xa4, 0x2f, 0x94, 0xf6, 0xc5, 0xd5, 0xc5,
    0xb4, 0xc5, 0xb4, 0xc5, 0xb5, 0xbd, 0xb4, 0xbd, 0xb4, 0xbd, 0xd5, 0xbd,
    0xd5, 0xbd, 0xd5, 0xbd, 0xd5, 0xbd, 0xd6, 0xc5, 0xf6, 0xc5, 0xf6, 0xc5,
    0xf6, 0xc5, 0xf6, 0xc5, 0xf6, 0xc5, 0xf7, 0xc5, 0xf7, 0xc5, 0x16, 0xc6,
    0xf6, 0xc5, 0xf6, 0xc5, 0xf7, 0xc5, 0xf7, 0xbd, 0xf6, 0xbd, 0xf7, 0xc5,
    0xf7, 0xc5, 0x17, 0xc6, 0xf7, 0xc5, 0xf7, 0xc5, 0x16, 0xc6, 0xf7, 0xc5,
    0x17, 0xc6, 0x17, 0xce, 0xf7, 0xc5, 0x17, 0xc6, 0xf7, 0xc5, 0xf7, 0xc5,
    0xf7, 0xbd, 0xf7, 0xbd, 0xf7, 0xc5, 0xf7, 0xc5, 0xf7, 0xc5, 0xf6, 0xbd,
    0xf6, 0xc5, 0xf7, 0xbd, 0xf7, 0xc5, 0xf7, 0xc5, 0xf7, 0xc5, 0xf7, 0xc5,
    0x17, 0xc6, 0xf7, 0xc5, 0x17, 0xc6, 0x17, 0xc6, 0xf7, 0xc5, 0xf7, 0xbd,
    0xf7, 0xc5, 0xf7, 0xc5, 0x37, 0xc6, 0xeb, 0xaa, 0xb6, 0xbd, 0xd6, 0xbd,
    0xd6, 0xbd, 0xd6, 0xbd, 0xb5, 0xbd, 0xd6, 0xbd, 0xd6, 0xbd, 0xd6, 0xbd,
    0xd5, 0xbd, 0xb6, 0xbd, 0xd6, 0xbd, 0xb5, 0xb5, 0xb6, 0xbd, 0xb6, 0xb5,
    0xd6, 0xbd, 0xd5, 0xbd, 0xd6, 0xbd, 0xd6, 0xbd, 0xd5, 0xbd, 0xd5, 0xbd,
    0xd5, 0xbd, 0xd5, 0xbd, 0xd6, 0xbd, 0xd5, 0xbd, 0xd5, 0xbd, 0xd5, 0xbd,
    0xf6, 0xbd, 0xf6, 0xbd, 0xf6, 0xbd, 0xf6, 0xc5, 0xd5, 0xbd, 0xf6, 0xbd,
    0xd6, 0xbd, 0xd5, 0xbd, 0xd6, 0xbd, 0xd6, 0xbd, 0xd6, 0xbd, 0xd5, 0xbd,
    0xd6, 0xbd, 0xd5, 0xbd, 0xd5, 0xbd, 0xd6, 0xbd, 0xd6, 0xbd, 0xd5, 0xbd,
    0xd5, 0xbd, 0xd6, 0xbd, 0xd6, 0xbd, 0xd5, 0xbd, 0xf6, 0xc5, 0xf6, 0xbd,
    0xf6, 0xbd, 0xd5, 0xbd, 0xf6, 0xbd, 0xf6, 0xbd, 0xf6, 0xbd, 0xf6, 0xc5,
    0xd5, 0xbd, 0xf6, 0xbd, 0xd5, 0xbd, 0xd6, 0xbd, 0xf6, 0xc5, 0xf6, 0xc5,
    0xd6, 0xbd, 0xd6, 0xbd, 0x16, 0xc6, 0xf6, 0xbd, 0xf6, 0xbd, 0xf6, 0xbd,
    0xf6, 0xc5, 0xf6, 0xbd, 0xf6, 0xbd, 0x57, 0xc6, 0xcb, 0x93, 0x61, 0x7a,
    0x05, 0xb4, 0xa3, 0xa3, 0xc3, 0xb3, 0xe4, 0xab, 0x31, 0xc5, 0xdb, 0xe6,
    0x78, 0xde, 0x78, 0xd6, 0x37, 0xce, 0xd6, 0xbd, 0x03, 0x39, 0xa1, 0x38,
    0xa2, 0x38, 0xf3, 0xb4, 0x58, 0xce, 0x58, 0xce, 0x57, 0xce, 0x78, 0xd6,
    0x78, 0xd6, 0x78, 0xd6, 0x98, 0xd6, 0x98, 0xd6, 0x79, 0xd6, 0x78, 0xd6,
    0x78, 0xd6, 0x78, 0xd6, 0x58, 0xd6, 0x57, 0xce, 0x37, 0xce, 0x36, 0xce,
    0x36, 0xce, 0x57, 0xce, 0x37, 0xce, 0x98, 0xd6, 0x54, 0xbd, 0x4c, 0x73,
    0xd2, 0xa4, 0xb1, 0x9c, 0x95, 0xbd, 0x74, 0xb5, 0x53, 0xad, 0x53, 0xad,
    0x33, 0xad, 0x13, 0xa5, 0xd1, 0xa4, 0x73, 0xbd, 0xf1, 0xa4, 0xf2, 0xac,
    0x96, 0xbd, 0x74, 0xb5, 0x74, 0xb5, 0x94, 0xb5, 0xb1, 0xa4, 0xd1, 0xac,
    0xcd, 0x8b, 0x68, 0x52, 0x48, 0x52, 0x86, 0x41, 0xc6, 0x41, 0x8d, 0x7b,
    0x4e, 0x94, 0xab, 0x8b, 0xcc, 0x8b, 0x8b, 0x83, 0xcc, 0x8b, 0x6a, 0x7b,
    0x6a, 0x83, 0xc9, 0x8b, 0x6b, 0xa4, 0x2d, 0xbd, 0x31, 0xb5, 0xd0, 0xa4,
    0x6f, 0x9c, 0x6f, 0x9c, 0x4f, 0x9c, 0x4f, 0x9c, 0x2e, 0x94, 0x2e, 0x94,
    0x2e, 0x94, 0x2d, 0x94, 0xed, 0x8b, 0xac, 0x83, 0xcd, 0x7b, 0xcd, 0x83,
    0xed, 0x83, 0xcd, 0x83, 0xcd, 0x83, 0xad, 0x83, 0xac, 0x7b, 0xad, 0x7b,
    0xcd, 0x83, 0xed, 0x7b, 0x4d, 0x6b, 0x8d, 0x73, 0x10, 0x84, 0x91, 0x94,
    0xf2, 0x9c, 0xd1, 0x94, 0x90, 0x94, 0x11, 0xad, 0x6d, 0xa4, 0x2b, 0xa4,
    0x67, 0x9b, 0xc9, 0xab, 0xc6, 0x8a, 0xc7, 0x8a, 0xc4, 0x59, 0x23, 0x41,
    0xc1, 0x30, 0xc6, 0x49, 0xca, 0x62, 0xb5, 0xbd, 0x54, 0xb5, 0xf3, 0xa4,
    0x30, 0x94, 0xb2, 0x9c, 0x55, 0xb5, 0x54, 0xad, 0x54, 0xad, 0x75, 0xb5,
    0x95, 0xb5, 0x75, 0xbd, 0x75, 0xb5, 0x53, 0xad, 0x95, 0xbd, 0xd9, 0xde,
    0x78, 0xd6, 0x99, 0xde, 0x99, 0xd6, 0x78, 0xd6, 0x79, 0xd6, 0x99, 0xd6,
    0x78, 0xd6, 0x78, 0xd6, 0x78, 0xd6, 0x58, 0xd6, 0x38, 0xce, 0x58, 0xce,
    0x58, 0xd6, 0x58, 0xd6, 0x58, 0xce, 0x37, 0xce, 0x58, 0xd6, 0x58, 0xce,
    0x58, 0xd6, 0x37, 0xce, 0x58, 0xce, 0x38, 0xce, 0x37, 0xce, 0x16, 0xc6,
    0x37, 0xce, 0x37, 0xce, 0x16, 0xc6, 0x16, 0xc6, 0x37, 0xce, 0x37, 0xce,
    0x37, 0xce, 0x37, 0xce, 0x37, 0xce, 0x58, 0xd6, 0x58, 0xd6, 0x38, 0xce,
    0x58, 0xd6, 0x58, 0xd6, 0x58, 0xd6, 0x57, 0xd6, 0x37, 0xce, 0x17, 0xce,
    0xf6, 0xcd, 0xd6, 0xc5, 0xb5, 0xc5, 0xd6, 0xc5, 0xb5, 0xc5, 0xb5, 0xcd,
    0x94, 0xc5, 0x73, 0xc5, 0x73, 0xcd, 0x52, 0xcd, 0x33, 0xbd, 0x74, 0xc5,
    0x33, 0xad, 0x32, 0xb5, 0x6f, 0xa4, 0x52, 0xbd, 0x6f, 0x9c, 0xf5, 0xc5,
    0xb4, 0xbd, 0xb4, 0xbd, 0xb4, 0xc5, 0x94, 0xbd, 0xd5, 0xc5, 0xd5, 0xc5,
    0xb5, 0xbd, 0xd5, 0xbd, 0xd6, 0xc5, 0xd6, 0xc5, 0xd6, 0xc5, 0xd6, 0xc5,
    0xd6, 0xc5, 0xf6, 0xc5, 0xf6, 0xc5, 0xf6, 0xc5, 0xf7, 0xc5, 0xf7, 0xc5,
    0xf7, 0xc5, 0x31, 0xad, 0x17, 0xc6, 0x16, 0xc6, 0xf6, 0xc5, 0xf7, 0xbd,
    0xf7, 0xc5, 0xf6, 0xbd, 0xf7, 0xc5, 0x17, 0xc6, 0x17, 0xc6, 0xf6, 0xc5,
    0xf6, 0xc5, 0xf7, 0xc5, 0x17, 0xc6, 0x37, 0xce, 0x17, 0xc6, 0xf7, 0xc5,
    0xf7, 0xc5, 0x17, 0xc6, 0xf7, 0xc5, 0xf7, 0xc5, 0x17, 0xc6, 0x17, 0xc6,
    0x17, 0xc6, 0x17, 0xc6, 0x17, 0xc6, 0x17, 0xc6, 0x17, 0xc6, 0x17, 0xc6,
    0xf7, 0xc5, 0x17, 0xc6, 0x17, 0xc6, 0x17, 0xc6, 0x17, 0xc6, 0x17, 0xc6,
    0x17, 0xc6, 0xf7, 0xbd, 0xf7, 0xc5, 0xf7, 0xc5, 0x38, 0xc6, 0x6d, 0xab,
    0xb6, 0xb5, 0xb5, 0xb5, 0xb6, 0xb5, 0xb5, 0xb5, 0xb6, 0xbd, 0xd6, 0xbd,
    0xd6, 0xbd, 0xb5, 0xb5, 0xd6, 0xbd, 0xb5, 0xb5, 0xb6, 0xb5, 0xd6, 0xbd,
    0xd5, 0xbd, 0xd6, 0xbd, 0xd6, 0xbd, 0xd6, 0xbd, 0xb5, 0xbd, 0xb6, 0xb5,
    0xd6, 0xbd, 0xb6, 0xbd, 0xd6, 0xbd, 0xd6, 0xbd, 0xd6, 0xbd, 0xd6, 0xbd,
    0xd6, 0xbd, 0xd6, 0xbd, 0xd5, 0xbd, 0xd5, 0xbd, 0xd5, 0xbd, 0xd6, 0xbd,
    0xd5, 0xbd, 0xd5, 0xbd, 0xd6, 0xbd, 0xd5, 0xbd, 0xd5, 0xbd, 0xd5, 0xbd,
    0xf6, 0xbd, 0xd6, 0xbd, 0xd6, 0xbd, 0xd6, 0xbd, 0xd6, 0xbd, 0xf6, 0xbd,
    0xd5, 0xbd, 0xd6, 0xbd, 0xd5, 0xbd, 0xd5, 0xbd, 0xd6, 0xbd, 0xd5, 0xbd,
    0xd6, 0xbd, 0xd5, 0xbd, 0xd5, 0xbd, 0xd6, 0xbd, 0xf6, 0xc5, 0xf6, 0xc5,
    0xf6, 0xbd, 0xf6, 0xc5, 0xd5, 0xbd, 0xf6, 0xc5, 0xf6, 0xc5, 0xf6, 0xc5,
    0xf6, 0xc5, 0xd5, 0xbd, 0xf6, 0xbd, 0xd6, 0xbd, 0xf6, 0xc5, 0xd5, 0xc5,
    0xf6, 0xc5, 0xf6, 0xc5, 0x36, 0xc6, 0x16, 0xc6, 0xb4, 0xc5, 0xe6, 0x7a,
    0xc4, 0x8a, 0xc5, 0xb3, 0xa3, 0xab, 0xc4, 0xab, 0xa3, 0xab, 0xe3, 0xb3,
    0x0e, 0xbd, 0x79, 0xde, 0x98, 0xde, 0x78, 0xd6, 0x57, 0xce, 0x37, 0xce,
    0xf6, 0xc5, 0xea, 0x6a, 0x4c, 0x83, 0x98, 0xd6, 0x58, 0xd6, 0x78, 0xd6,
    0x78, 0xd6, 0x78, 0xd6, 0x78, 0xd6, 0x78, 0xd6, 0x78, 0xd6, 0x79, 0xd6,
    0x79, 0xd6, 0x78, 0xd6, 0x78, 0xd6, 0x58, 0xce, 0x78, 0xd6, 0x57, 0xce,
    0x16, 0xce, 0x17, 0xce, 0x37, 0xce, 0x37, 0xce, 0x57, 0xce, 0x58, 0xd6,
    0x74, 0xb5, 0xd2, 0xa4, 0x6c, 0x7b, 0xb5, 0xbd, 0x98, 0xde, 0x98, 0xd6,
    0x99, 0xd6, 0x98, 0xd6, 0x78, 0xd6, 0x37, 0xce, 0x17, 0xce, 0x16, 0xc6,
    0xb5, 0xbd, 0x54, 0xb5, 0x33, 0xad, 0x94, 0xb5, 0xd5, 0xbd, 0xf6, 0xc5,
    0x53, 0xbd, 0xf2, 0xac, 0x4b, 0x7b, 0xaa, 0x62, 0x07, 0x4a, 0x49, 0x5a,
    0xb0, 0x9c, 0x6f, 0x9c, 0x0d, 0x94, 0xcc, 0x8b, 0xcc, 0x8b, 0xab, 0x8b,
    0xeb, 0x8b, 0xcc, 0x8b, 0xcb, 0x8b, 0xca, 0x93, 0x0b, 0x94, 0x4b, 0x9c,
    0x10, 0xb5, 0x53, 0xbd, 0x53, 0xbd, 0x53, 0xbd, 0x74, 0xbd, 0xd1, 0xac,
    0x2f, 0x94, 0x2e, 0x94, 0x2e, 0x94, 0x2e, 0x94, 0x0e, 0x94, 0xed, 0x8b,
    0xac, 0x83, 0xed, 0x8b, 0x0e, 0x94, 0xec, 0x8b, 0xcc, 0x83, 0xac, 0x83,
    0xcc, 0x83, 0xcc, 0x83, 0xcc, 0x83, 0xed, 0x83, 0xcd, 0x7b, 0xce, 0x7b,
    0xce, 0x7b, 0x0f, 0x7c, 0x2f, 0x84, 0xb2, 0x9c, 0x91, 0x94, 0xd0, 0x9c,
    0xcf, 0xac, 0x0e, 0xbd, 0x8c, 0xb4, 0x4b, 0xac, 0xad, 0xbc, 0x27, 0x93,
    0xca, 0xa3, 0x2d, 0xac, 0x46, 0x62, 0xc2, 0x28, 0xa5, 0x41, 0x91, 0x9c,
    0x54, 0xb5, 0x75, 0xb5, 0x33, 0xad, 0x71, 0x94, 0xf3, 0xa4, 0x54, 0xad,
    0x75, 0xb5, 0x75, 0xb5, 0x95, 0xb5, 0x75, 0xb5, 0x75, 0xb5, 0x74, 0xb5,
    0x33, 0xb5, 0xda, 0xe6, 0x99, 0xde, 0x79, 0xde, 0x78, 0xd6, 0x99, 0xde,
    0x99, 0xde, 0xda, 0xe6, 0x99, 0xde, 0x79, 0xd6, 0x58, 0xd6, 0x38, 0xce,
    0x57, 0xce, 0x77, 0xd6, 0x57, 0xce, 0x37, 0xce, 0x37, 0xce, 0x37, 0xce,
    0x37, 0xce, 0x37, 0xce, 0x37, 0xce, 0x37, 0xce, 0x37, 0xce, 0x57, 0xce,
    0x37, 0xce, 0x37, 0xce, 0x37, 0xce, 0x17, 0xce, 0x17, 0xce, 0x37, 0xce,
    0x37, 0xce, 0x37, 0xce, 0x57, 0xce, 0x57, 0xce, 0x58, 0xd6, 0x37, 0xce,
    0x57, 0xce, 0x57, 0xd6, 0x37, 0xce, 0x78, 0xd6, 0x57, 0xce, 0x37, 0xce,
    0x17, 0xc6, 0x16, 0xc6, 0x16, 0xc6, 0xf6, 0xc5, 0xd6, 0xbd, 0xb5, 0xbd,
    0xd5, 0xbd, 0xf6, 0xc5, 0xd5, 0xc5, 0xd5, 0xc5, 0xd4, 0xcd, 0xd2, 0xcd,
    0x92, 0xc5, 0xb4, 0xc5, 0x12, 0xad, 0xf1, 0xac, 0xcf, 0xac, 0x0d, 0x94,
    0xd5, 0xc5, 0xd5, 0xc5, 0xb4, 0xbd, 0xb5, 0xbd, 0xd5, 0xc5, 0xd5, 0xc5,
    0xd6, 0xbd, 0xd5, 0xbd, 0xd6, 0xc5, 0xf6, 0xbd, 0xd6, 0xbd, 0xd6, 0xbd,
    0xf6, 0xbd, 0xf6, 0xbd, 0xf6, 0xc5, 0xf6, 0xbd, 0xf6, 0xbd, 0xf6, 0xc5,
    0xf6, 0xc5, 0xf6, 0xc5, 0x17, 0xc6, 0xf0, 0xac, 0x54, 0xb5, 0x17, 0xbe,
    0x16, 0xc6, 0xf7, 0xc5, 0xf6, 0xc5, 0xf6, 0xc5, 0xf6, 0xc5, 0xf6, 0xc5,
    0x58, 0xce, 0x17, 0xc6, 0xf6, 0xc5, 0x17, 0xc6, 0xf7, 0xc5, 0x17, 0xc6,
    0x17, 0xc6, 0x18, 0xc6, 0xf7, 0xc5, 0x17, 0xc6, 0xf7, 0xc5, 0x17, 0xc6,
    0xf7, 0xc5, 0xf7, 0xc5, 0xf7, 0xbd, 0x17, 0xc6, 0x17, 0xc6, 0xf7, 0xc5,
    0x16, 0xc6, 0x16, 0xc6, 0x17, 0xc6, 0x16, 0xc6, 0x17, 0xc6, 0x17, 0xc6,
    0x16, 0xc6, 0xf7, 0xc5, 0x16, 0xc6, 0x17, 0xc6, 0x17, 0xc6, 0x17, 0xc6,
    0x17, 0xc6, 0xad, 0xa3, 0xd6, 0xbd, 0xb6, 0xbd, 0xd6, 0xbd, 0xb5, 0xbd,
    0xd6, 0xbd, 0xd6, 0xbd, 0xd6, 0xbd, 0xd6, 0xbd, 0xd6, 0xbd, 0xb6, 0xbd,
    0xb6, 0xbd, 0xd6, 0xbd, 0xd5, 0xbd, 0xd6, 0xbd, 0xd6, 0xbd, 0xd6, 0xbd,
    0xb6, 0xbd, 0xb5, 0xb5, 0xd6, 0xbd, 0xd6, 0xbd, 0xd6, 0xbd, 0xd6, 0xbd,
    0xd6, 0xbd, 0xd6, 0xbd, 0xd5, 0xbd, 0xd6, 0xbd, 0xd6, 0xbd, 0xf6, 0xc5,
    0xd6, 0xbd, 0xd6, 0xbd, 0xd5, 0xbd, 0xd6, 0xbd, 0xd6, 0xbd, 0xd6, 0xbd,
    0xd6, 0xbd, 0xd5, 0xbd, 0xd6, 0xbd, 0xd6, 0xbd, 0xd6, 0xbd, 0xd6, 0xbd,
    0xd6, 0xbd, 0xd6, 0xbd, 0xd5, 0xbd, 0xd6, 0xbd, 0xd5, 0xbd, 0xd6, 0xbd,
    0xd5, 0xbd, 0xd6, 0xbd, 0xd6, 0xbd, 0xf6, 0xc5, 0xd6, 0xbd, 0xd6, 0xbd,
    0xf6, 0xbd, 0xf6, 0xc5, 0xf6, 0xbd, 0xf6, 0xbd, 0xd6, 0xbd, 0xf6, 0xbd,
    0xf6, 0xbd, 0xf6, 0xc5, 0xf6, 0xbd, 0xf6, 0xbd, 0xf6, 0xbd, 0xf6, 0xc5,
    0x17, 0xc6, 0x17, 0xbe, 0x37, 0xc6, 0x77, 0xd6, 0x32, 0xad, 0x07, 0x83,
    0x84, 0x7a, 0xa5, 0xab, 0xc5, 0xab, 0xe4, 0xab, 0x05, 0x93, 0x03, 0x72,
    0xc5, 0xb3, 0x83, 0xab, 0x76, 0xe6, 0xd6, 0xc5, 0x56, 0xd6, 0x16, 0xce,
    0x58, 0xd6, 0x78, 0xd6, 0x78, 0xd6, 0x58, 0xce, 0xb9, 0xd6, 0x57, 0xce,
    0x58, 0xd6, 0x58, 0xd6, 0x78, 0xd6, 0x78, 0xd6, 0x79, 0xd6, 0x78, 0xd6,
    0x78, 0xd6, 0x78, 0xd6, 0x79, 0xd6, 0x78, 0xd6, 0x79, 0xd6, 0x58, 0xce,
    0x58, 0xce, 0x57, 0xce, 0x37, 0xce, 0x37, 0xce, 0x37, 0xce, 0x37, 0xce,
    0x37, 0xd6, 0x57, 0xd6, 0x99, 0xd6, 0xf2, 0xa4, 0xd9, 0xde, 0x99, 0xde,
    0x98, 0xd6, 0x78, 0xd6, 0x78, 0xd6, 0x78, 0xd6, 0x78, 0xd6, 0x78, 0xd6,
    0x78, 0xd6, 0x98, 0xd6, 0x99, 0xd6, 0xb9, 0xde, 0xb9, 0xde, 0xb9, 0xde,
    0x98, 0xd6, 0x37, 0xce, 0xd6, 0xc5, 0x74, 0xb5, 0x33, 0xb5, 0xce, 0x83,
    0xb2, 0xa4, 0xae, 0x83, 0x0b, 0x6b, 0xcd, 0x83, 0xed, 0x8b, 0xed, 0x93,
    0xed, 0x8b, 0xed, 0x8b, 0xec, 0x8b, 0xcc, 0x8b, 0x0d, 0x94, 0x6e, 0xa4,
    0x8e, 0xa4, 0x2d, 0x9c, 0x0b, 0x94, 0x6e, 0x9c, 0x53, 0xbd, 0x74, 0xbd,
    0x53, 0xb5, 0x94, 0xbd, 0xb0, 0xa4, 0x2f, 0x94, 0x2f, 0x9c, 0x4e, 0x94,
    0x2e, 0x94, 0x0e, 0x8c, 0xcc, 0x83, 0xcc, 0x8b, 0x0d, 0x94, 0xed, 0x8b,
    0xec, 0x8b, 0xcc, 0x8b, 0xcc, 0x83, 0xac, 0x83, 0xcd, 0x83, 0xed, 0x83,
    0xcd, 0x7b, 0xcd, 0x7b, 0xee, 0x7b, 0x0e, 0x84, 0xee, 0x7b, 0x0f, 0x84,
    0x0f, 0x7c, 0x6f, 0x94, 0xf0, 0xa4, 0x0f, 0xb5, 0xce, 0xac, 0x8c, 0xb4,
    0x8c, 0xb4, 0xad, 0xb4, 0x6c, 0xb4, 0xee, 0xbc, 0x4d, 0x9c, 0xad, 0x83,
    0x0b, 0x73, 0x91, 0x9c, 0xd2, 0xa4, 0xb5, 0xbd, 0xb6, 0xbd, 0xb6, 0xbd,
    0x75, 0xb5, 0x96, 0xbd, 0x96, 0xb5, 0x96, 0xb5, 0x75, 0xb5, 0x75, 0xb5,
    0x95, 0xb5, 0x94, 0xb5, 0x54, 0xb5, 0x95, 0xbd, 0x99, 0xde, 0x78, 0xd6,
    0xfa, 0xe6, 0xb9, 0xde, 0xb5, 0xbd, 0xd6, 0xc5, 0x58, 0xd6, 0x78, 0xd6,
    0x78, 0xd6, 0x58, 0xd6, 0x78, 0xce, 0x58, 0xce, 0x57, 0xce, 0x58, 0xce,
    0x57, 0xce, 0x57, 0xce, 0x17, 0xce, 0x37, 0xce, 0x37, 0xce, 0x37, 0xce,
    0x37, 0xce, 0x37, 0xce, 0x37, 0xce, 0x37, 0xce, 0x37, 0xce, 0x37, 0xce,
    0x37, 0xce, 0x17, 0xc6, 0x17, 0xce, 0x37, 0xce, 0x37, 0xce, 0x57, 0xce,
    0x37, 0xce, 0x58, 0xd6, 0x57, 0xce, 0x37, 0xce, 0x57, 0xce, 0x78, 0xd6,
    0x57, 0xce, 0x57, 0xce, 0x17, 0xce, 0x17, 0xc6, 0x16, 0xc6, 0xf6, 0xc5,
    0xf6, 0xc5, 0x17, 0xce, 0x17, 0xc6, 0x37, 0xce, 0x37, 0xce, 0x17, 0xce,
    0xf5, 0xcd, 0xd3, 0xcd, 0xd3, 0xc5, 0xd5, 0xc5, 0x94, 0xbd, 0xb5, 0xc5,
    0x2c, 0x9c, 0x52, 0xb5, 0x94, 0xb5, 0xb5, 0xbd, 0xb5, 0xbd, 0xd5, 0xc5,
    0xd5, 0xc5, 0xd5, 0xc5, 0xd6, 0xc5, 0xd6, 0xc5, 0xf6, 0xc5, 0xd6, 0xbd,
    0xf6, 0xc5, 0xf6, 0xbd, 0xf6, 0xc5, 0xf6, 0xc5, 0xf6, 0xbd, 0xf6, 0xbd,
    0xf6, 0xbd, 0xf6, 0xbd, 0xf7, 0xc5, 0xf7, 0xc5, 0xf6, 0xc5, 0x37, 0xce,
    0x8b, 0x8b, 0x37, 0xc6, 0xf6, 0xc5, 0xf6, 0xc5, 0xf7, 0xc5, 0xf7, 0xc5,
    0xf6, 0xc5, 0xf6, 0xc5, 0xf6, 0xc5, 0x58, 0xce, 0x17, 0xce, 0xf6, 0xc5,
    0xf6, 0xc5, 0xf7, 0xc5, 0xf7, 0xc5, 0x38, 0xce, 0x37, 0xc6, 0xf7, 0xc5,
    0xf7, 0xbd, 0x17, 0xc6, 0x17, 0xc6, 0xf7, 0xc5, 0xf7, 0xc5, 0xf7, 0xc5,
    0x17, 0xc6, 0xf7, 0xc5, 0x17, 0xc6, 0x17, 0xc6, 0x17, 0xc6, 0x16, 0xc6,
    0x17, 0xc6, 0x17, 0xc6, 0x16, 0xc6, 0x17, 0xc6, 0x17, 0xc6, 0xf7, 0xc5,
    0xf7, 0xc5, 0xf7, 0xc5, 0x37, 0xc6, 0xcd, 0xab, 0xb5, 0xbd, 0xd6, 0xbd,
    0xb6, 0xb5, 0xd6, 0xbd, 0xd6, 0xbd, 0xd6, 0xbd, 0xd6, 0xbd, 0xb6, 0xbd,
    0xd6, 0xbd, 0xb5, 0xb5, 0xb6, 0xbd, 0xb5, 0xbd, 0xd6, 0xbd, 0xd6, 0xbd,
    0xd5, 0xbd, 0xd6, 0xbd, 0xb6, 0xb5, 0xd6, 0xbd, 0xb6, 0xbd, 0xb5, 0xb5,
    0xb6, 0xb5, 0xb5, 0xbd, 0xd5, 0xbd, 0xd6, 0xbd, 0xd5, 0xbd, 0xd5, 0xbd,
    0xd5, 0xbd, 0xf6, 0xbd, 0xd5, 0xbd, 0xf6, 0xc5, 0xd5, 0xbd, 0xd5, 0xbd,
    0xd6, 0xbd, 0xd5, 0xbd, 0xd6, 0xbd, 0xd6, 0xbd, 0xd6, 0xbd, 0xf6, 0xc5,
    0xd6, 0xbd, 0xd5, 0xbd, 0xd6, 0xbd, 0xd6, 0xbd, 0xd5, 0xbd, 0xd6, 0xbd,
    0xd5, 0xbd, 0xd5, 0xbd, 0xd5, 0xbd, 0xd6, 0xbd, 0xf6, 0xbd, 0xf6, 0xbd,
    0xd6, 0xc5, 0xd5, 0xbd, 0xf6, 0xbd, 0xd5, 0xbd, 0xd6, 0xbd, 0xd6, 0xbd,
    0xf6, 0xc5, 0xd5, 0xbd, 0xf6, 0xbd, 0xf6, 0xbd, 0xf6, 0xc5, 0xf6, 0xc5,
    0x17, 0xc6, 0x37, 0xce, 0x56, 0xce, 0xf0, 0xac, 0xa8, 0x93, 0xa3, 0x82,
    0xe2, 0x9a, 0xc5, 0xb3, 0x84, 0xab, 0xa5, 0xab, 0xc5, 0xab, 0xe4, 0xab,
    0x25, 0x8b, 0x04, 0x93, 0xc2, 0xb3, 0xa2, 0xab, 0xf3, 0xdd, 0x78, 0xd6,
    0x36, 0xce, 0x16, 0xce, 0x57, 0xce, 0x57, 0xd6, 0x57, 0xd6, 0x57, 0xce,
    0x57, 0xd6, 0x58, 0xd6, 0x58, 0xce, 0x58, 0xd6, 0x78, 0xd6, 0x78, 0xd6,
    0x79, 0xd6, 0x79, 0xd6, 0x78, 0xd6, 0x78, 0xd6, 0x78, 0xd6, 0x58, 0xd6,
    0x58, 0xd6, 0x58, 0xd6, 0x58, 0xce, 0x57, 0xce, 0x37, 0xce, 0x37, 0xd6,
    0x37, 0xce, 0x37, 0xce, 0x37, 0xce, 0x37, 0xce, 0x57, 0xd6, 0x78, 0xd6,
    0x57, 0xce, 0xb9, 0xde, 0x99, 0xde, 0x99, 0xde, 0xb8, 0xd6, 0x99, 0xd6,
    0x99, 0xd6, 0x78, 0xd6, 0x78, 0xd6, 0x58, 0xd6, 0x58, 0xd6, 0x58, 0xd6,
    0x57, 0xce, 0x57, 0xce, 0x57, 0xd6, 0x78, 0xd6, 0x98, 0xd6, 0xb9, 0xde,
    0xb9, 0xde, 0x57, 0xce, 0x57, 0xd6, 0x74, 0xb5, 0x70, 0x9c, 0xad, 0x83,
    0xcd, 0x8b, 0xed, 0x8b, 0xed, 0x8b, 0x90, 0x9c, 0xb4, 0xc5, 0x72, 0xbd,
    0x72, 0xc5, 0x73, 0xc5, 0x53, 0xbd, 0x74, 0xc5, 0x12, 0xb5, 0x4e, 0x9c,
    0x0e, 0x94, 0xd1, 0xac, 0x94, 0xc5, 0x53, 0xbd, 0x73, 0xbd, 0x90, 0xa4,
    0x4f, 0x94, 0x4e, 0x94, 0x2e, 0x94, 0x2e, 0x94, 0x0d, 0x8c, 0xed, 0x8b,
    0x0d, 0x8c, 0x2d, 0x94, 0xed, 0x8b, 0xec, 0x8b, 0xcc, 0x8b, 0xcc, 0x83,
    0xcd, 0x83, 0xcd, 0x83, 0xac, 0x7b, 0xcd, 0x7b, 0xee, 0x7b, 0x0e, 0x84,
    0x0e, 0x84, 0xee, 0x83, 0xee, 0x7b, 0x70, 0x94, 0xd0, 0xa4, 0x0f, 0xb5,
    0x0f, 0xbd, 0xcd, 0xb4, 0xad, 0xac, 0x0e, 0xbd, 0xcd, 0xbc, 0xcc, 0xb4,
    0xaf, 0xac, 0xd1, 0xa4, 0x2f, 0x94, 0x4f, 0x9c, 0x90, 0x9c, 0xd2, 0xa4,
    0xb6, 0xc5, 0x96, 0xbd, 0xb6, 0xbd, 0x96, 0xbd, 0xb6, 0xbd, 0xb6, 0xb5,
    0xb6, 0xbd, 0x95, 0xbd, 0xb5, 0xbd, 0x95, 0xbd, 0x95, 0xbd, 0x37, 0xce,
    0x95, 0xbd, 0xf2, 0xa4, 0xb1, 0x9c, 0x54, 0xb5, 0x38, 0xd6, 0x38, 0xce,
    0x58, 0xd6, 0x58, 0xce, 0x38, 0xce, 0x58, 0xce, 0x58, 0xd6, 0x58, 0xce,
    0x78, 0xd6, 0x57, 0xce, 0x58, 0xce, 0x57, 0xce, 0x37, 0xce, 0x37, 0xce,
    0x37, 0xce, 0x37, 0xce, 0x37, 0xce, 0x37, 0xce, 0x57, 0xce, 0x37, 0xce,
    0x37, 0xce, 0x37, 0xce, 0x37, 0xce, 0x37, 0xce, 0x37, 0xce, 0x16, 0xce,
    0x17, 0xce, 0x57, 0xce, 0x37, 0xce, 0x37, 0xce, 0x58, 0xd6, 0x78, 0xd6,
    0x58, 0xce, 0x57, 0xce, 0x57, 0xce, 0x37, 0xce, 0x37, 0xce, 0x37, 0xce,
    0x37, 0xce, 0x37, 0xce, 0x17, 0xce, 0x37, 0xce, 0x58, 0xce, 0x37, 0xc6,
    0x36, 0xce, 0x38, 0xce, 0x37, 0xce, 0xf4, 0xc5, 0xf3, 0xc5, 0xd4, 0xbd,
    0x94, 0xbd, 0x33, 0xb5, 0xef, 0xac, 0x73, 0xb5, 0xb5, 0xc5, 0xd5, 0xc5,
    0xb5, 0xbd, 0xd5, 0xc5, 0xd5, 0xc5, 0xf6, 0xc5, 0xd6, 0xbd, 0xd5, 0xc5,
    0xf6, 0xc5, 0xf6, 0xbd, 0xf6, 0xbd, 0xf6, 0xc5, 0xf6, 0xbd, 0xd6, 0xbd,
    0xf6, 0xc5, 0xf6, 0xc5, 0xf6, 0xc5, 0xf6, 0xbd, 0xf7, 0xc5, 0xf7, 0xc5,
    0xf6, 0xc5, 0xf6, 0xbd, 0x73, 0xbd, 0x8a, 0x93, 0x37, 0xce, 0xf6, 0xc5,
    0xd6, 0xc5, 0xf7, 0xc5, 0xf7, 0xc5, 0xf7, 0xc5, 0xf6, 0xc5, 0xf6, 0xbd,
    0x58, 0xce, 0x38, 0xce, 0xf6, 0xc5, 0x16, 0xc6, 0x17, 0xc6, 0xf6, 0xc5,
    0x37, 0xce, 0x17, 0xc6, 0xf7, 0xc5, 0xf7, 0xc5, 0xf7, 0xbd, 0x17, 0xc6,
    0x17, 0xc6, 0xf7, 0xbd, 0x17, 0xc6, 0xf7, 0xc5, 0x17, 0xc6, 0x17, 0xc6,
    0x17, 0xc6, 0x17, 0xc6, 0x16, 0xc6, 0x17, 0xc6, 0xf7, 0xc5, 0x17, 0xce,
    0x16, 0xc6, 0x17, 0xc6, 0xf7, 0xc5, 0xf7, 0xc5, 0x57, 0xc6, 0xee, 0xab,
    0xb5, 0xb5, 0xb6, 0xbd, 0xd6, 0xbd, 0xd5, 0xbd, 0xd6, 0xbd, 0xd6, 0xbd,
    0xd6, 0xbd, 0xd5, 0xbd, 0xb5, 0xbd, 0xb6, 0xb5, 0xb6, 0xb5, 0xd6, 0xbd,
    0xd5, 0xbd, 0xd6, 0xbd, 0xd5, 0xbd, 0xd6, 0xbd, 0xb5, 0xbd, 0xd6, 0xbd,
    0xb6, 0xbd, 0xb5, 0xb5, 0xb6, 0xbd, 0xb5, 0xbd, 0xb5, 0xbd, 0xd6, 0xbd,
    0xd5, 0xbd, 0xd6, 0xbd, 0xd6, 0xbd, 0xd5, 0xbd, 0xd5, 0xbd, 0xd6, 0xbd,
    0xd6, 0xbd, 0xf6, 0xc5, 0xf6, 0xbd, 0xf6, 0xc5, 0xf5, 0xc5, 0xf6, 0xbd,
    0xd6, 0xbd, 0xd6, 0xbd, 0xd6, 0xbd, 0xd6, 0xbd, 0xd6, 0xbd, 0xd6, 0xbd,
    0xd5, 0xbd, 0xd6, 0xbd, 0xd6, 0xbd, 0xd6, 0xbd, 0xd5, 0xbd, 0xd6, 0xbd,
    0xd5, 0xbd, 0xd5, 0xbd, 0xf6, 0xbd, 0xd5, 0xbd, 0xf6, 0xc5, 0xf6, 0xc5,
    0xd5, 0xbd, 0xf6, 0xbd, 0xf6, 0xc5, 0xd5, 0xbd, 0xd6, 0xbd, 0xf6, 0xc5,
    0xf5, 0xbd, 0x15, 0xbe, 0x51, 0xb5, 0xeb, 0x93, 0xe3, 0x8a, 0x42, 0xab,
    0xc2, 0xb3, 0xc2, 0xb3, 0xc2, 0xb3, 0xc3, 0xb3, 0xc5, 0xab, 0xc5, 0xab,
    0xe6, 0xb3, 0x07, 0xbc, 0x06, 0xbc, 0xe4, 0xbb, 0xc2, 0xb3, 0xe3, 0xb3,
    0xc5, 0xb3, 0xd2, 0xcd, 0xd8, 0xde, 0x57, 0xd6, 0x77, 0xd6, 0x57, 0xce,
    0x78, 0xd6, 0x78, 0xd6, 0x78, 0xd6, 0x78, 0xd6, 0x78, 0xd6, 0x78, 0xce,
    0x79, 0xd6, 0x78, 0xd6, 0x78, 0xd6, 0x79, 0xd6, 0x78, 0xd6, 0x58, 0xd6,
    0x79, 0xd6, 0x58, 0xce, 0x78, 0xd6, 0x99, 0xd6, 0x58, 0xd6, 0x57, 0xce,
    0x37, 0xce, 0x37, 0xd6, 0x36, 0xce, 0x37, 0xce, 0x37, 0xce, 0x37, 0xd6,
    0x58, 0xce, 0x58, 0xd6, 0x78, 0xd6, 0x58, 0xd6, 0x37, 0xd6, 0x57, 0xce,
    0x58, 0xd6, 0x37, 0xd6, 0x58, 0xd6, 0x78, 0xd6, 0x98, 0xd6, 0x78, 0xd6,
    0x58, 0xd6, 0x78, 0xd6, 0x99, 0xd6, 0x78, 0xd6, 0x79, 0xd6, 0x79, 0xd6,
    0x78, 0xd6, 0x58, 0xd6, 0x58, 0xce, 0x58, 0xd6, 0x58, 0xce, 0x57, 0xd6,
    0xb9, 0xde, 0xf7, 0xcd, 0x70, 0x94, 0xcd, 0x83, 0x0e, 0x8c, 0x2f, 0x94,
    0x90, 0x9c, 0x53, 0xb5, 0x12, 0xad, 0x32, 0xb5, 0x32, 0xb5, 0x52, 0xb5,
    0x51, 0xbd, 0xf0, 0xac, 0xed, 0x8b, 0x0e, 0x94, 0xb0, 0xac, 0x74, 0xc5,
    0x53, 0xb5, 0x73, 0xbd, 0xf2, 0xac, 0x4f, 0x9c, 0x2e, 0x94, 0x2e, 0x94,
    0x4d, 0x9c, 0x2d, 0x94, 0x0c, 0x94, 0x0d, 0x94, 0x2d, 0x94, 0xec, 0x93,
    0x0c, 0x8c, 0xec, 0x8b, 0xcc, 0x83, 0xcd, 0x83, 0xcd, 0x7b, 0xcd, 0x7b,
    0xcd, 0x7b, 0x0e, 0x84, 0x0e, 0x84, 0xee, 0x83, 0xee, 0x83, 0x6f, 0x8c,
    0x8f, 0x9c, 0x10, 0xbd, 0x0e, 0xb5, 0xce, 0xb4, 0xce, 0xb4, 0x0e, 0xbd,
    0xcd, 0xbc, 0x8b, 0xb4, 0x4c, 0x9c, 0xb1, 0xac, 0xd1, 0xa4, 0x70, 0x9c,
    0x30, 0x9c, 0x13, 0xad, 0x33, 0xad, 0xd6, 0xbd, 0x96, 0xbd, 0xb6, 0xbd,
    0xb6, 0xbd, 0xb6, 0xb5, 0xd6, 0xbd, 0xd6, 0xbd, 0xd6, 0xc5, 0xb5, 0xc5,
    0xf6, 0xcd, 0xb5, 0xbd, 0xd6, 0xc5, 0x78, 0xde, 0x37, 0xce, 0x17, 0xce,
    0x16, 0xce, 0xf6, 0xcd, 0x17, 0xce, 0x37, 0xce, 0x37, 0xce, 0x58, 0xce,
    0x57, 0xce, 0x78, 0xd6, 0x57, 0xd6, 0x57, 0xce, 0x37, 0xce, 0x37, 0xce,
    0x37, 0xce, 0x57, 0xce, 0x57, 0xce, 0x58, 0xd6, 0x57, 0xce, 0x37, 0xce,
    0x37, 0xce, 0x57, 0xce, 0x57, 0xce, 0x37, 0xce, 0x37, 0xce, 0x37, 0xce,
    0x37, 0xce, 0x37, 0xce, 0x17, 0xc6, 0x17, 0xce, 0x58, 0xd6, 0x37, 0xce,
    0x57, 0xce, 0x58, 0xd6, 0x78, 0xd6, 0x58, 0xd6, 0x57, 0xce, 0x37, 0xce,
    0x78, 0xd6, 0x37, 0xce, 0x37, 0xce, 0x57, 0xd6, 0x98, 0xde, 0x78, 0xd6,
    0x78, 0xd6, 0x37, 0xce, 0x17, 0xce, 0x17, 0xc6, 0x37, 0xce, 0xd5, 0xc5,
    0xd5, 0xc5, 0xd5, 0xc5, 0xb5, 0xc5, 0x52, 0xbd, 0xee, 0xa4, 0xb5, 0xbd,
    0xb5, 0xbd, 0xd5, 0xc5, 0xd5, 0xc5, 0xb5, 0xbd, 0xd6, 0xbd, 0xd6, 0xbd,
    0xf6, 0xbd, 0xf6, 0xc5, 0xf6, 0xc5, 0xf6, 0xc5, 0xf6, 0xbd, 0xf6, 0xc5,
    0xf6, 0xbd, 0xd6, 0xbd, 0xf6, 0xc5, 0xf7, 0xbd, 0xf6, 0xc5, 0xf6, 0xc5,
    0xf6, 0xbd, 0xf6, 0xbd, 0xf6, 0xbd, 0xf6, 0xbd, 0x57, 0xce, 0x68, 0x93,
    0x32, 0xbd, 0x17, 0xbe, 0xf7, 0xc5, 0xf6, 0xc5, 0x16, 0xc6, 0xf7, 0xc5,
    0xf6, 0xc5, 0xf6, 0xc5, 0xb6, 0xbd, 0x38, 0xce, 0x37, 0xce, 0xf6, 0xc5,
    0xf7, 0xc5, 0xf6, 0xc5, 0xf6, 0xc5, 0x38, 0xce, 0x17, 0xc6, 0xf8, 0xc5,
    0x17, 0xc6, 0xf7, 0xc5, 0x17, 0xc6, 0x17, 0xc6, 0xf7, 0xc5, 0x17, 0xc6,
    0x17, 0xc6, 0x17, 0xc6, 0x17, 0xc6, 0x17, 0xc6, 0x17, 0xc6, 0x16, 0xc6,
    0xf7, 0xc5, 0xf6, 0xc5, 0x17, 0xce, 0x16, 0xc6, 0x17, 0xc6, 0x16, 0xc6,
    0x38, 0xce, 0xce, 0xa3, 0xd6, 0xbd, 0xd6, 0xbd, 0xd6, 0xbd, 0xd5, 0xbd,
    0xd6, 0xbd, 0xd6, 0xbd, 0xd6, 0xbd, 0xd5, 0xbd, 0xd6, 0xbd, 0xb6, 0xbd,
    0xb5, 0xbd, 0xd6, 0xbd, 0xd6, 0xbd, 0xd6, 0xbd, 0xd6, 0xbd, 0xd6, 0xbd,
    0xb6, 0xb5, 0xb5, 0xbd, 0xd6, 0xbd, 0xd6, 0xbd, 0xd6, 0xbd, 0xd6, 0xbd,
    0xd6, 0xbd, 0xd6, 0xbd, 0xd5, 0xbd, 0xd6, 0xbd, 0xd6, 0xbd, 0xd6, 0xbd,
    0xd5, 0xbd, 0xd6, 0xbd, 0xd6, 0xbd, 0xf6, 0xbd, 0xd6, 0xbd, 0xd6, 0xbd,
    0xf6, 0xbd, 0xd5, 0xbd, 0xf6, 0xbd, 0xf6, 0xbd, 0xf6, 0xbd, 0xf6, 0xc5,
    0xd6, 0xbd, 0xf6, 0xbd, 0xd6, 0xbd, 0xd5, 0xbd, 0xd6, 0xbd, 0xd5, 0xbd,
    0xd5, 0xbd, 0xd6, 0xbd, 0xd6, 0xbd, 0xf6, 0xc5, 0xd5, 0xbd, 0xd6, 0xbd,
    0xf6, 0xc5, 0xf6, 0xbd, 0xf6, 0xbd, 0xf6, 0xc5, 0xd6, 0xbd, 0xf6, 0xbd,
    0xf6, 0xc5, 0xf6, 0xc5, 0xf5, 0xbd, 0xcf, 0xac, 0x22, 0x7a, 0xa3, 0xb3,
    0xe2, 0xbb, 0xa1, 0xbb, 0xa2, 0xb3, 0xa2, 0xb3, 0xa1, 0xb3, 0xa4, 0xb3,
    0xa5, 0xb3, 0xe6, 0xb3, 0x07, 0xbc, 0x05, 0xbc, 0x04, 0xbc, 0xe2, 0xbb,
    0xc1, 0xbb, 0xc2, 0xb3, 0xa3, 0xb3, 0x02, 0xa3, 0xa7, 0xa3, 0xd4, 0xd5,
    0x78, 0xd6, 0x78, 0xd6, 0x58, 0xd6, 0x58, 0xd6, 0x78, 0xce, 0x78, 0xd6,
    0x78, 0xd6, 0x78, 0xce, 0x79, 0xd6, 0x78, 0xd6, 0x78, 0xd6, 0x58, 0xd6,
    0x58, 0xce, 0x58, 0xd6, 0x78, 0xd6, 0x99, 0xd6, 0x78, 0xd6, 0x78, 0xd6,
    0x57, 0xce, 0x57, 0xce, 0x37, 0xce, 0x37, 0xce, 0x36, 0xce, 0x37, 0xd6,
    0x37, 0xd6, 0x37, 0xd6, 0x58, 0xce, 0x58, 0xd6, 0x58, 0xce, 0x57, 0xd6,
    0x78, 0xd6, 0x99, 0xde, 0x79, 0xde, 0x98, 0xde, 0x78, 0xde, 0x98, 0xd6,
    0x78, 0xd6, 0x98, 0xd6, 0x99, 0xd6, 0x78, 0xd6, 0x58, 0xd6, 0x58, 0xd6,
    0x78, 0xd6, 0x99, 0xd6, 0x79, 0xd6, 0x78, 0xd6, 0x99, 0xde, 0x99, 0xd6,
    0x58, 0xd6, 0x58, 0xd6, 0x58, 0xce, 0x58, 0xce, 0xb9, 0xde, 0x95, 0xbd,
    0x0f, 0x8c, 0x90, 0x9c, 0x12, 0xb5, 0x12, 0xb5, 0xb4, 0xc5, 0x33, 0xb5,
    0x53, 0xbd, 0x53, 0xb5, 0x51, 0xb5, 0x52, 0xbd, 0xcf, 0xa4, 0xed, 0x8b,
    0x6f, 0x9c, 0xd1, 0xac, 0x73, 0xbd, 0x53, 0xbd, 0x73, 0xbd, 0x32, 0xb5,
    0x2e, 0x94, 0x4e, 0x9c, 0x4e, 0x9c, 0x4e, 0x9c, 0x4d, 0x9c, 0x0d, 0x94,
    0x2d, 0x9c, 0x2d, 0x94, 0x0c, 0x94, 0xec, 0x8b, 0xec, 0x8b, 0xcc, 0x83,
    0xcd, 0x7b, 0xcd, 0x7b, 0xcd, 0x83, 0x0e, 0x84, 0x2e, 0x84, 0x0e, 0x84,
    0x4f, 0x8c, 0xaf, 0x94, 0xf0, 0xac, 0x30, 0xbd, 0x0f, 0xbd, 0xee, 0xb4,
    0x0e, 0xbd, 0xee, 0xbc, 0xed, 0xb4, 0x8c, 0xb4, 0xcd, 0xac, 0xed, 0x8b,
    0xf2, 0xa4, 0xd2, 0xa4, 0xb1, 0xa4, 0xee, 0x83, 0x74, 0xb5, 0x54, 0xad,
    0xb6, 0xbd, 0xb6, 0xbd, 0xb7, 0xbd, 0xb6, 0xbd, 0xb6, 0xbd, 0xd6, 0xbd,
    0xf6, 0xc5, 0xf6, 0xc5, 0x17, 0xce, 0x17, 0xce, 0x17, 0xce, 0xf6, 0xcd,
    0x37, 0xce, 0x99, 0xde, 0x78, 0xd6, 0x78, 0xd6, 0x37, 0xce, 0x38, 0xd6,
    0x37, 0xce, 0x58, 0xce, 0x57, 0xce, 0x57, 0xce, 0x37, 0xce, 0x37, 0xce,
    0x58, 0xce, 0x58, 0xd6, 0x58, 0xd6, 0x58, 0xd6, 0x37, 0xce, 0x37, 0xce,
    0x57, 0xd6, 0x57, 0xd6, 0x37, 0xce, 0x37, 0xd6, 0x58, 0xd6, 0x57, 0xce,
    0x37, 0xce, 0x37, 0xce, 0x37, 0xce, 0x37, 0xce, 0x37, 0xce, 0x16, 0xce,
    0x37, 0xce, 0x37, 0xce, 0x57, 0xce, 0x78, 0xd6, 0x57, 0xd6, 0x37, 0xce,
    0x58, 0xd6, 0x37, 0xce, 0x78, 0xce, 0x58, 0xce, 0x98, 0xd6, 0x78, 0xd6,
    0x58, 0xd6, 0x98, 0xde, 0x57, 0xce, 0x37, 0xce, 0x37, 0xce, 0x17, 0xce,
    0xf6, 0xc5, 0xd5, 0xc5, 0xd5, 0xc5, 0xd5, 0xc5, 0xb5, 0xbd, 0x72, 0xbd,
    0x51, 0xb5, 0xd5, 0xbd, 0xd5, 0xc5, 0xd5, 0xc5, 0xd5, 0xbd, 0xd5, 0xbd,
    0xd6, 0xc5, 0xd5, 0xc5, 0xf6, 0xc5, 0xf6, 0xc5, 0xd5, 0xbd, 0xd5, 0xbd,
    0xf6, 0xc5, 0xd6, 0xbd, 0xd6, 0xbd, 0xf6, 0xbd, 0xf6, 0xbd, 0xf6, 0xbd,
    0xf7, 0xbd, 0xf6, 0xbd, 0xf6, 0xc5, 0xf6, 0xc5, 0xf6, 0xbd, 0xf7, 0xc5,
    0xd6, 0xbd, 0x07, 0x7b, 0x06, 0x93, 0x17, 0xd6, 0x16, 0xbe, 0xb5, 0xbd,
    0x95, 0xb5, 0xf6, 0xc5, 0xf7, 0xc5, 0xf6, 0xc5, 0xd6, 0xc5, 0xb5, 0xbd,
    0x38, 0xce, 0x37, 0xce, 0xd6, 0xbd, 0x17, 0xc6, 0xf6, 0xc5, 0x17, 0xc6,
    0x17, 0xc6, 0xf7, 0xc5, 0xf7, 0xc5, 0x17, 0xc6, 0xf7, 0xc5, 0xf7, 0xbd,
    0xf7, 0xc5, 0x17, 0xc6, 0x17, 0xc6, 0x17, 0xc6, 0x16, 0xc6, 0x16, 0xc6,
    0x17, 0xc6, 0x17, 0xc6, 0x17, 0xc6, 0x17, 0xc6, 0xf7, 0xc5, 0x17, 0xce,
    0x16, 0xc6, 0x17, 0xc6, 0x18, 0xce, 0x4c, 0xa3, 0xd6, 0xbd, 0xd6, 0xbd,
    0xd6, 0xbd, 0xd6, 0xbd, 0xd5, 0xbd, 0xd6, 0xbd, 0xd6, 0xbd, 0xd6, 0xbd,
    0xd6, 0xbd, 0xb6, 0xb5, 0xd5, 0xbd, 0xd6, 0xbd, 0xd6, 0xbd, 0xd6, 0xbd,
    0xd5, 0xbd, 0xd6, 0xbd, 0xb6, 0xb5, 0xb5, 0xbd, 0xd6, 0xbd, 0xb6, 0xb5,
    0xb6, 0xbd, 0xd6, 0xbd, 0xd6, 0xbd, 0xd6, 0xbd, 0xd5, 0xbd, 0xd5, 0xbd,
    0xd6, 0xbd, 0xd5, 0xbd, 0xd6, 0xbd, 0xd5, 0xbd, 0xf6, 0xbd, 0xd5, 0xbd,
    0xd5, 0xbd, 0xd5, 0xbd, 0xd6, 0xbd, 0xd5, 0xbd, 0xd6, 0xc5, 0xd6, 0xbd,
    0xf6, 0xbd, 0xd6, 0xbd, 0xd6, 0xbd, 0xd6, 0xbd, 0xf5, 0xc5, 0xd6, 0xbd,
    0xd5, 0xbd, 0xd5, 0xbd, 0xd5, 0xbd, 0xd6, 0xbd, 0xd6, 0xbd, 0xd5, 0xbd,
    0xd6, 0xbd, 0xd6, 0xbd, 0xf6, 0xbd, 0xd5, 0xbd, 0xf6, 0xc5, 0xf6, 0xc5,
    0xd6, 0xbd, 0xf6, 0xbd, 0xf6, 0xbd, 0x16, 0xc6, 0xd5, 0xc5, 0x69, 0x83,
    0x42, 0xa3, 0xa1, 0xbb, 0xa1, 0xb3, 0xa2, 0xb3, 0xa1, 0xbb, 0xa1, 0xbb,
    0xa1, 0xbb, 0x81, 0xab, 0x82, 0xab, 0x82, 0xa3, 0x82, 0xab, 0x61, 0xa3,
    0x62, 0xab, 0xc2, 0xb3, 0x83, 0xb3, 0x42, 0xab, 0xc1, 0x9a, 0x81, 0x9a,
    0x80, 0x9a, 0x0a, 0xac, 0x99, 0xde, 0x57, 0xd6, 0x58, 0xd6, 0x78, 0xd6,
    0x98, 0xd6, 0x78, 0xd6, 0x78, 0xd6, 0x98, 0xd6, 0x78, 0xd6, 0x79, 0xd6,
    0x78, 0xd6, 0x78, 0xd6, 0x58, 0xce, 0x58, 0xce, 0x99, 0xd6, 0xf6, 0xc5,
    0x17, 0xce, 0x16, 0xc6, 0x78, 0xd6, 0x37, 0xce, 0x37, 0xce, 0x37, 0xce,
    0x37, 0xce, 0x37, 0xce, 0x57, 0xd6, 0x37, 0xce, 0x58, 0xce, 0x57, 0xce,
    0x57, 0xce, 0x58, 0xd6, 0x58, 0xd6, 0x58, 0xd6, 0x58, 0xd6, 0x58, 0xce,
    0x58, 0xd6, 0x78, 0xd6, 0x78, 0xd6, 0x78, 0xd6, 0x79, 0xd6, 0x58, 0xd6,
    0x78, 0xd6, 0x78, 0xd6, 0x78, 0xd6, 0x79, 0xd6, 0x58, 0xd6, 0xb9, 0xde,
    0x58, 0xd6, 0x78, 0xd6, 0x79, 0xd6, 0x99, 0xde, 0x58, 0xce, 0x78, 0xce,
    0x78, 0xd6, 0x78, 0xd6, 0x37, 0xd6, 0x70, 0x94, 0xf2, 0xac, 0x90, 0xa4,
    0x53, 0xb5, 0x74, 0xbd, 0x54, 0xbd, 0x53, 0xbd, 0x53, 0xb5, 0x53, 0xbd,
    0x73, 0xbd, 0x31, 0xb5, 0xd0, 0xac, 0x32, 0xb5, 0x32, 0xb5, 0x53, 0xb5,
    0x33, 0xb5, 0x33, 0xb5, 0xf2, 0xb4, 0x2e, 0x94, 0x4e, 0x9c, 0x4e, 0x9c,
    0x4d, 0x9c, 0x4d, 0x9c, 0x2d, 0x94, 0x2d, 0x94, 0x2c, 0x9c, 0x0c, 0x94,
    0xec, 0x8b, 0xcc, 0x83, 0xcd, 0x83, 0xcd, 0x7b, 0xee, 0x83, 0xee, 0x83,
    0x0f, 0x8c, 0x0e, 0x8c, 0x4e, 0x8c, 0x6f, 0x94, 0x11, 0xad, 0x10, 0xbd,
    0x0f, 0xbd, 0x0e, 0xbd, 0xee, 0xbc, 0xee, 0xb4, 0xee, 0xb4, 0xad, 0xbc,
    0xac, 0xb4, 0x2b, 0x73, 0x34, 0xad, 0xf1, 0xa4, 0x12, 0xad, 0xd2, 0xa4,
    0x33, 0xa5, 0x75, 0xb5, 0x75, 0xb5, 0x95, 0xb5, 0xb6, 0xb5, 0xb6, 0xbd,
    0xd6, 0xbd, 0xd6, 0xbd, 0xf6, 0xc5, 0xf6, 0xc5, 0xf7, 0xcd, 0x17, 0xce,
    0xd6, 0xc5, 0x95, 0xbd, 0x95, 0xbd, 0xf2, 0xa4, 0x95, 0xbd, 0x17, 0xce,
    0x58, 0xd6, 0x58, 0xd6, 0x58, 0xd6, 0x78, 0xd6, 0x58, 0xd6, 0x58, 0xce,
    0x58, 0xce, 0x78, 0xd6, 0x58, 0xce, 0x37, 0xce, 0x57, 0xce, 0x57, 0xce,
    0x57, 0xce, 0x58, 0xd6, 0x58, 0xce, 0x57, 0xce, 0x58, 0xd6, 0x37, 0xce,
    0x37, 0xce, 0x37, 0xce, 0x37, 0xce, 0x37, 0xce, 0x57, 0xce, 0x57, 0xce,
    0x57, 0xce, 0x57, 0xce, 0x37, 0xce, 0x37, 0xce, 0x58, 0xd6, 0x57, 0xce,
    0x58, 0xd6, 0x57, 0xce, 0x58, 0xd6, 0x37, 0xce, 0x58, 0xce, 0x78, 0xd6,
    0x98, 0xd6, 0x78, 0xd6, 0x99, 0xde, 0x99, 0xde, 0x37, 0xce, 0x37, 0xce,
    0x37, 0xce, 0xf6, 0xc5, 0xd5, 0xc5, 0xf5, 0xc5, 0xd5, 0xc5, 0xb5, 0xc5,
    0xb5, 0xc5, 0x93, 0xbd, 0x95, 0xbd, 0xb6, 0xbd, 0xd5, 0xbd, 0xd5, 0xc5,
    0xd5, 0xc5, 0xd6, 0xbd, 0xd5, 0xc5, 0xd5, 0xc5, 0xd6, 0xbd, 0xf6, 0xc5,
    0xf6, 0xc5, 0xf6, 0xbd, 0xf6, 0xbd, 0xf6, 0xbd, 0xd6, 0xbd, 0xf6, 0xc5,
    0xd6, 0xbd, 0xd6, 0xbd, 0xf6, 0xc5, 0xf6, 0xc5, 0xd6, 0xbd, 0xd6, 0xbd,
    0xf6, 0xbd, 0xd5, 0xc5, 0x17, 0xc6, 0x0e, 0x9c, 0xe7, 0x92, 0x6d, 0xac,
    0x37, 0xc6, 0xd2, 0xa4, 0x17, 0xc6, 0xf6, 0xc5, 0xf6, 0xc5, 0xd6, 0xc5,
    0xd6, 0xbd, 0xd6, 0xbd, 0xb6, 0xbd, 0x58, 0xce, 0xf6, 0xc5, 0xd6, 0xc5,
    0x17, 0xc6, 0x16, 0xc6, 0xf7, 0xc5, 0x17, 0xc6, 0xf7, 0xc5, 0x17, 0xc6,
    0xf7, 0xbd, 0xf7, 0xbd, 0xf7, 0xc5, 0x17, 0xc6, 0x17, 0xc6, 0x17, 0xc6,
    0x16, 0xc6, 0x17, 0xc6, 0x16, 0xc6, 0x17, 0xc6, 0x17, 0xc6, 0x16, 0xce,
    0xf7, 0xc5, 0xf7, 0xc5, 0xf6, 0xc5, 0xf7, 0xc5, 0x58, 0xce, 0x6b, 0x93,
    0xb5, 0xbd, 0xd6, 0xbd, 0xd6, 0xbd, 0xd6, 0xbd, 0xd5, 0xbd, 0xd5, 0xbd,
    0xd6, 0xbd, 0xd6, 0xbd, 0xd5, 0xbd, 0xd6, 0xbd, 0xd6, 0xbd, 0xd5, 0xbd,
    0xd5, 0xbd, 0xd5, 0xbd, 0xd5, 0xbd, 0xd5, 0xbd, 0xd5, 0xbd, 0xd5, 0xbd,
    0xd6, 0xbd, 0xd6, 0xbd, 0xd5, 0xbd, 0xd5, 0xbd, 0xd6, 0xbd, 0xd6, 0xbd,
    0xd6, 0xbd, 0xd6, 0xbd, 0xd6, 0xbd, 0xd6, 0xbd, 0xd6, 0xbd, 0xd6, 0xbd,
    0xd5, 0xbd, 0xd5, 0xbd, 0xd6, 0xbd, 0xd5, 0xbd, 0xd6, 0xbd, 0xf6, 0xc5,
    0xf6, 0xc5, 0xf6, 0xbd, 0xd5, 0xbd, 0xf6, 0xc5, 0xf6, 0xc5, 0xd5, 0xbd,
    0xf6, 0xbd, 0xd6, 0xbd, 0xd5, 0xbd, 0xd6, 0xbd, 0xd6, 0xbd, 0xf6, 0xbd,
    0xf6, 0xc5, 0xf6, 0xbd, 0xf6, 0xc5, 0xd5, 0xbd, 0xf6, 0xc5, 0xd6, 0xbd,
    0xf6, 0xc5, 0xf6, 0xbd, 0xf5, 0xbd, 0xf6, 0xc5, 0xf6, 0xc5, 0xf6, 0xbd,
    0x17, 0xce, 0xca, 0x93, 0x01, 0x82, 0xc3, 0xbb, 0x80, 0xb3, 0x61, 0xb3,
    0x61, 0xb3, 0x40, 0xab, 0x40, 0xab, 0x40, 0xb3, 0x40, 0xab, 0x40, 0xb3,
    0x60, 0xb3, 0x62, 0xb3, 0x62, 0xbb, 0xe0, 0xa2, 0xe1, 0xa2, 0xe1, 0xaa,
    0x21, 0xab, 0x65, 0xb3, 0xc8, 0xa3, 0x10, 0xad, 0xf6, 0xc5, 0xb5, 0xbd,
    0xf7, 0xc5, 0x99, 0xd6, 0x58, 0xd6, 0x58, 0xce, 0x58, 0xce, 0x57, 0xd6,
    0x58, 0xd6, 0x78, 0xd6, 0x58, 0xce, 0x99, 0xd6, 0x58, 0xd6, 0x78, 0xd6,
    0xd6, 0xc5, 0xf6, 0xc5, 0xd6, 0xc5, 0xd6, 0xc5, 0x17, 0xce, 0x17, 0xce,
    0x36, 0xce, 0x37, 0xce, 0x16, 0xc6, 0x36, 0xce, 0x37, 0xce, 0x57, 0xce,
    0x57, 0xd6, 0x57, 0xd6, 0x37, 0xd6, 0x58, 0xd6, 0x58, 0xd6, 0x57, 0xd6,
    0x58, 0xd6, 0x58, 0xd6, 0x37, 0xce, 0x58, 0xd6, 0x58, 0xd6, 0x58, 0xd6,
    0x78, 0xce, 0x78, 0xd6, 0x98, 0xd6, 0x78, 0xd6, 0x78, 0xd6, 0x78, 0xd6,
    0x78, 0xd6, 0x78, 0xd6, 0x98, 0xd6, 0x78, 0xd6, 0x78, 0xce, 0x78, 0xd6,
    0x78, 0xde, 0x58, 0xd6, 0x58, 0xd6, 0x58, 0xd6, 0x37, 0xd6, 0x78, 0xd6,
    0xf2, 0xa4, 0xb2, 0xa4, 0xae, 0x83, 0x13, 0xb5, 0x74, 0xbd, 0x53, 0xbd,
    0x74, 0xbd, 0x73, 0xb5, 0x94, 0xbd, 0x94, 0xbd, 0xb4, 0xbd, 0x90, 0x9c,
    0x93, 0xbd, 0x32, 0xb5, 0xf1, 0xac, 0x53, 0xbd, 0x53, 0xb5, 0xd1, 0xa4,
    0x4e, 0x9c, 0x4e, 0x9c, 0x6e, 0x9c, 0x4e, 0x9c, 0x2d, 0x9c, 0x2d, 0x9c,
    0x2d, 0x9c, 0x2c, 0x94, 0xec, 0x93, 0xed, 0x8b, 0xcd, 0x83, 0x0f, 0x84,
    0xee, 0x83, 0x0e, 0x8c, 0x0e, 0x8c, 0x2e, 0x84, 0x4e, 0x94, 0x6e, 0x94,
    0xcf, 0xa4, 0xce, 0xac, 0xef, 0xb4, 0xef, 0xb4, 0xef, 0xb4, 0xcd, 0xb4,
    0xcd, 0xb4, 0xac, 0xb4, 0x6c, 0xb4, 0x86, 0x6a, 0x54, 0xb5, 0x33, 0xad,
    0xf2, 0xac, 0xd2, 0xa4, 0x91, 0x9c, 0xf2, 0x9c, 0xb5, 0xb5, 0x95, 0xb5,
    0x95, 0xb5, 0xb6, 0xbd, 0xb7, 0xbd, 0xb6, 0xbd, 0xd6, 0xc5, 0xf6, 0xc5,
    0xd6, 0xc5, 0x95, 0xbd, 0xb5, 0xbd, 0xf6, 0xc5, 0x37, 0xce, 0x38, 0xd6,
    0x37, 0xd6, 0x17, 0xce, 0x37, 0xce, 0x57, 0xd6, 0x37, 0xce, 0x58, 0xd6,
    0x37, 0xce, 0x17, 0xce, 0x17, 0xce, 0x37, 0xce, 0x37, 0xd6, 0x58, 0xd6,
    0x58, 0xd6, 0x37, 0xce, 0x37, 0xd6, 0x37, 0xce, 0x58, 0xd6, 0x58, 0xce,
    0x58, 0xd6, 0x57, 0xce, 0x57, 0xce, 0x57, 0xce, 0x37, 0xce, 0x37, 0xce,
    0x17, 0xce, 0x17, 0xce, 0x17, 0xce, 0x37, 0xce, 0x57, 0xce, 0x58, 0xce,
    0x57, 0xd6, 0x58, 0xd6, 0x58, 0xce, 0x37, 0xce, 0x37, 0xce, 0x78, 0xd6,
    0x98, 0xd6, 0x98, 0xd6, 0x58, 0xd6, 0xb9, 0xde, 0x58, 0xce, 0x37, 0xce,
    0x78, 0xd6, 0x37, 0xce, 0x37, 0xce, 0xd5, 0xbd, 0xf6, 0xc5, 0xf6, 0xc5,
    0xf6, 0xbd, 0xd6, 0xbd, 0x95, 0xc5, 0x93, 0xbd, 0xb5, 0xbd, 0xb6, 0xbd,
    0xd6, 0xbd, 0xd5, 0xbd, 0xd6, 0xbd, 0xd6, 0xbd, 0xd6, 0xbd, 0xf6, 0xc5,
    0xf6, 0xbd, 0xd6, 0xbd, 0xf6, 0xbd, 0xd5, 0xbd, 0xf6, 0xbd, 0xf6, 0xc5,
    0xd5, 0xc5, 0xd6, 0xc5, 0xd6, 0xc5, 0xf6, 0xc5, 0xd6, 0xc5, 0xf6, 0xc5,
    0xf6, 0xbd, 0xd6, 0xc5, 0xd5, 0xbd, 0xb5, 0xbd, 0xb5, 0xbd, 0xb5, 0xb5,
    0x4e, 0xa4, 0xea, 0xab, 0x8f, 0x9c, 0x17, 0xc6, 0xf6, 0xc5, 0xf6, 0xc5,
    0xf6, 0xc5, 0xd6, 0xc5, 0xd6, 0xc5, 0xf6, 0xc5, 0xf6, 0xc5, 0xd6, 0xbd,
    0x58, 0xce, 0xf7, 0xc5, 0xf6, 0xc5, 0xf6, 0xc5, 0xf7, 0xc5, 0xf7, 0xc5,
    0xf7, 0xc5, 0xf7, 0xc5, 0xf7, 0xc5, 0xf7, 0xc5, 0x17, 0xc6, 0xf7, 0xbd,
    0x17, 0xc6, 0x17, 0xc6, 0xf7, 0xc5, 0xf7, 0xc5, 0xf7, 0xc5, 0xf7, 0xc5,
    0x17, 0xc6, 0x17, 0xc6, 0x17, 0xc6, 0x17, 0xc6, 0x17, 0xc6, 0x17, 0xc6,
    0x17, 0xc6, 0x37, 0xce, 0xb5, 0xbd, 0xd6, 0xbd, 0xd6, 0xbd, 0xd6, 0xbd,
    0xd6, 0xbd, 0xd6, 0xbd, 0xd6, 0xbd, 0xd6, 0xbd, 0xd5, 0xbd, 0xd6, 0xbd,
    0xd6, 0xbd, 0xd6, 0xbd, 0xd5, 0xbd, 0xd6, 0xbd, 0xd6, 0xbd, 0xd6, 0xbd,
    0xd5, 0xbd, 0xd5, 0xbd, 0xd6, 0xbd, 0xd6, 0xbd, 0xd6, 0xbd, 0xd5, 0xb5,
    0xd6, 0xbd, 0xd6, 0xbd, 0xd5, 0xbd, 0xd6, 0xbd, 0xd6, 0xbd, 0xd5, 0xbd,
    0xd6, 0xbd, 0xd6, 0xbd, 0xd5, 0xbd, 0xd6, 0xbd, 0xd6, 0xbd, 0xd5, 0xbd,
    0xd6, 0xbd, 0xd6, 0xbd, 0xf6, 0xbd, 0xd6, 0xbd, 0xd5, 0xbd, 0xf6, 0xc5,
    0xf6, 0xbd, 0xd6, 0xbd, 0xf6, 0xbd, 0xd5, 0xbd, 0xd5, 0xbd, 0xd5, 0xbd,
    0xd6, 0xbd, 0xd6, 0xbd, 0xf6, 0xc5, 0xf6, 0xbd, 0xf6, 0xc5, 0xd5, 0xbd,
    0xf6, 0xbd, 0xd6, 0xbd, 0xf6, 0xc5, 0xf6, 0xbd, 0xd6, 0xbd, 0xf6, 0xc5,
    0xf6, 0xc5, 0xf6, 0xbd, 0x16, 0xbe, 0x30, 0xbd, 0x43, 0x7a, 0xe1, 0x79,
    0x22, 0xa3, 0xa1, 0xc3, 0x80, 0xbb, 0x80, 0xbb, 0x60, 0xb3, 0x81, 0xb3,
    0x41, 0xb3, 0x01, 0xab, 0x80, 0x8a, 0xa2, 0x8a, 0x62, 0x82, 0x06, 0x93,
    0x07, 0x8b, 0x48, 0x93, 0x68, 0x93, 0xf0, 0xb4, 0x74, 0xb5, 0x53, 0xad,
    0x13, 0xa5, 0x13, 0xad, 0xf2, 0xa4, 0xf3, 0xa4, 0x74, 0xb5, 0x74, 0xb5,
    0x95, 0xbd, 0xd6, 0xbd, 0x98, 0xd6, 0x58, 0xd6, 0x37, 0xce, 0xb5, 0xbd,
    0xf6, 0xc5, 0xf6, 0xc5, 0xf6, 0xc5, 0xd6, 0xc5, 0xf6, 0xcd, 0xf6, 0xc5,
    0xf6, 0xc5, 0x37, 0xce, 0x36, 0xce, 0x36, 0xce, 0x36, 0xce, 0x37, 0xce,
    0x57, 0xd6, 0x57, 0xd6, 0x78, 0xd6, 0x58, 0xd6, 0x58, 0xd6, 0x58, 0xd6,
    0x58, 0xd6, 0x37, 0xce, 0x57, 0xd6, 0x58, 0xd6, 0x58, 0xd6, 0x58, 0xd6,
    0x37, 0xd6, 0x38, 0xd6, 0x78, 0xce, 0x78, 0xd6, 0x78, 0xd6, 0x99, 0xd6,
    0x99, 0xd6, 0x78, 0xd6, 0x98, 0xd6, 0x78, 0xce, 0x78, 0xd6, 0x78, 0xd6,
    0x99, 0xd6, 0x99, 0xd6, 0x78, 0xd6, 0x58, 0xd6, 0x58, 0xd6, 0x58, 0xd6,
    0x58, 0xd6, 0x58, 0xce, 0x78, 0xd6, 0xf6, 0xc5, 0xb1, 0xa4, 0x70, 0x94,
    0x91, 0xa4, 0x54, 0xbd, 0x74, 0xb5, 0x73, 0xb5, 0x94, 0xbd, 0x94, 0xbd,
    0x94, 0xbd, 0xb4, 0xbd, 0xf1, 0xac, 0x93, 0xbd, 0x32, 0xb5, 0xf1, 0xac,
    0x6f, 0x9c, 0x12, 0xb5, 0x6f, 0x9c, 0x4e, 0x9c, 0x6e, 0x9c, 0x8f, 0xa4,
    0x4d, 0x9c, 0x4d, 0x9c, 0x4c, 0x9c, 0x4c, 0x9c, 0x0d, 0x94, 0x0d, 0x8c,
    0x0d, 0x8c, 0x0e, 0x84, 0x0e, 0x8c, 0x0e, 0x8c, 0x0f, 0x8c, 0x0e, 0x84,
    0x4e, 0x8c, 0x4e, 0x94, 0xaf, 0xa4, 0x8c, 0xac, 0xae, 0xa4, 0x0f, 0xad,
    0x0f, 0xb5, 0x0f, 0xb5, 0xac, 0xb4, 0xa7, 0xa3, 0x47, 0x93, 0xe3, 0x59,
    0x2e, 0x9c, 0x54, 0xb5, 0x33, 0xad, 0xf2, 0xa4, 0xb1, 0xa4, 0x2f, 0x8c,
    0xd2, 0x9c, 0x96, 0xbd, 0x96, 0xb5, 0x75, 0xb5, 0x96, 0xbd, 0xb6, 0xbd,
    0xd6, 0xc5, 0xf6, 0xc5, 0xd6, 0xc5, 0xd6, 0xc5, 0xd6, 0xc5, 0xf6, 0xc5,
    0xd6, 0xc5, 0x17, 0xce, 0x17, 0xce, 0xf6, 0xc5, 0xf6, 0xc5, 0xb5, 0xbd,
    0xf6, 0xc5, 0xf7, 0xcd, 0x37, 0xce, 0x58, 0xd6, 0x78, 0xd6, 0x58, 0xd6,
    0x37, 0xce, 0x17, 0xce, 0x17, 0xce, 0x37, 0xce, 0x58, 0xd6, 0x37, 0xce,
    0x37, 0xce, 0x37, 0xce, 0x37, 0xce, 0x58, 0xd6, 0x58, 0xd6, 0x57, 0xce,
    0x37, 0xce, 0x58, 0xd6, 0x78, 0xd6, 0x58, 0xd6, 0x57, 0xce, 0x37, 0xce,
    0x37, 0xce, 0x17, 0xce, 0x16, 0xc6, 0x37, 0xce, 0x37, 0xce, 0x57, 0xce,
    0x78, 0xd6, 0x58, 0xd6, 0x57, 0xd6, 0x78, 0xd6, 0x98, 0xd6, 0xf6, 0xc5,
    0x58, 0xd6, 0x78, 0xd6, 0x57, 0xce, 0x37, 0xce, 0xf6, 0xc5, 0xf6, 0xbd,
    0xf6, 0xbd, 0xf6, 0xbd, 0xd6, 0xbd, 0xb5, 0xbd, 0xb5, 0xc5, 0x92, 0xbd,
    0xd5, 0xbd, 0xd6, 0xbd, 0xd5, 0xbd, 0xd5, 0xbd, 0xd5, 0xbd, 0xd5, 0xbd,
    0xd6, 0xbd, 0xd6, 0xc5, 0xf6, 0xbd, 0xf6, 0xbd, 0xf6, 0xbd, 0xf6, 0xc5,
    0xd6, 0xbd, 0xf6, 0xbd, 0xf6, 0xc5, 0xd5, 0xc5, 0xd5, 0xbd, 0xd5, 0xbd,
    0xd6, 0xc5, 0xd5, 0xbd, 0xf6, 0xc5, 0xd5, 0xbd, 0xd6, 0xbd, 0xd5, 0xbd,
    0xb5, 0xbd, 0xd6, 0xc5, 0x33, 0xad, 0x6e, 0x9c, 0xf5, 0xcd, 0xf6, 0xbd,
    0xf6, 0xc5, 0xf6, 0xc5, 0xf6, 0xc5, 0xf6, 0xc5, 0xf6, 0xc5, 0xf6, 0xc5,
    0xf6, 0xc5, 0xf6, 0xc5, 0xd6, 0xc5, 0x38, 0xce, 0xf6, 0xc5, 0xf6, 0xc5,
    0xf7, 0xc5, 0x16, 0xc6, 0x17, 0xc6, 0xf7, 0xc5, 0xf6, 0xc5, 0x17, 0xc6,
    0xf7, 0xc5, 0xf7, 0xc5, 0x17, 0xc6, 0x17, 0xc6, 0x17, 0xc6, 0x17, 0xc6,
    0x17, 0xc6, 0xf7, 0xc5, 0x17, 0xc6, 0x17, 0xc6, 0x17, 0xc6, 0xf7, 0xc5,
    0x18, 0xc6, 0x17, 0xc6, 0x17, 0xce, 0x17, 0xc6, 0xd6, 0xbd, 0xd5, 0xbd,
    0xd5, 0xbd, 0xd6, 0xbd, 0xb5, 0xbd, 0xd6, 0xbd, 0xd6, 0xbd, 0xd6, 0xbd,
    0xd5, 0xbd, 0xd6, 0xbd, 0xd6, 0xbd, 0xd6, 0xbd, 0xd5, 0xbd, 0xd5, 0xbd,
    0xd6, 0xbd, 0xd6, 0xbd, 0xd6, 0xbd, 0xd5, 0xbd, 0xd5, 0xbd, 0xd6, 0xbd,
    0xd6, 0xbd, 0xb5, 0xbd, 0xd6, 0xbd, 0xd6, 0xbd, 0xd5, 0xbd, 0xd6, 0xbd,
    0xd5, 0xbd, 0xd6, 0xbd, 0xd5, 0xbd, 0xd6, 0xbd, 0xd6, 0xbd, 0xd6, 0xbd,
    0xf5, 0xc5, 0xd5, 0xbd, 0xf6, 0xbd, 0xd5, 0xbd, 0xf6, 0xc5, 0xf6, 0xc5,
    0xd5, 0xbd, 0xf6, 0xbd, 0xf6, 0xc5, 0xf6, 0xbd, 0xf6, 0xc5, 0xd5, 0xbd,
    0xd5, 0xbd, 0xb5, 0xbd, 0xd5, 0xbd, 0xf6, 0xbd, 0xf6, 0xc5, 0xf6, 0xbd,
    0xf6, 0xc5, 0xd6, 0xbd, 0xf6, 0xbd, 0xd5, 0xbd, 0xf6, 0xc5, 0xf6, 0xc5,
    0xf6, 0xbd, 0xf6, 0xc5, 0xf6, 0xc5, 0xf6, 0xbd, 0xf6, 0xbd, 0x16, 0xc6,
    0xae, 0xa4, 0x05, 0x8b, 0x22, 0x72, 0x63, 0x7a, 0x63, 0x7a, 0x22, 0x72,
    0x43, 0x7a, 0x23, 0x7a, 0x65, 0x72, 0x6a, 0x8b, 0x4e, 0x9c, 0x4f, 0x94,
    0xed, 0x83, 0x0e, 0x8c, 0x50, 0x94, 0x50, 0x94, 0x4e, 0x94, 0xcc, 0x83,
    0xee, 0x8b, 0xb2, 0xa4, 0x54, 0xb5, 0x34, 0xad, 0x13, 0xad, 0xf3, 0xac,
    0xf3, 0xa4, 0xf2, 0xa4, 0xf2, 0xa4, 0xd2, 0x9c, 0xd1, 0x9c, 0x13, 0xa5,
    0x33, 0xad, 0x33, 0xad, 0x74, 0xb5, 0xb5, 0xbd, 0xf6, 0xcd, 0xd6, 0xc5,
    0xb6, 0xc5, 0x16, 0xce, 0x37, 0xce, 0x57, 0xd6, 0x56, 0xd6, 0x36, 0xce,
    0x36, 0xd6, 0x37, 0xce, 0x57, 0xd6, 0x16, 0xce, 0x37, 0xce, 0x57, 0xce,
    0x58, 0xd6, 0x37, 0xce, 0x58, 0xd6, 0x78, 0xd6, 0x58, 0xd6, 0x58, 0xd6,
    0x58, 0xd6, 0x58, 0xd6, 0x58, 0xd6, 0x58, 0xd6, 0x78, 0xd6, 0x78, 0xd6,
    0x78, 0xce, 0x78, 0xd6, 0x78, 0xd6, 0x78, 0xd6, 0x78, 0xd6, 0x98, 0xd6,
    0x99, 0xd6, 0x99, 0xd6, 0x78, 0xd6, 0x78, 0xd6, 0x98, 0xde, 0x78, 0xd6,
    0x58, 0xd6, 0x58, 0xd6, 0x58, 0xd6, 0x37, 0xd6, 0x58, 0xce, 0x58, 0xce,
    0x37, 0xce, 0xb2, 0xa4, 0x13, 0xad, 0xb1, 0xa4, 0x94, 0xbd, 0x74, 0xbd,
    0x94, 0xbd, 0x94, 0xb5, 0x94, 0xbd, 0xb4, 0xbd, 0x53, 0xb5, 0xb4, 0xc5,
    0x93, 0xbd, 0x53, 0xbd, 0x53, 0xbd, 0xac, 0x83, 0x12, 0xb5, 0x6f, 0x9c,
    0x6e, 0x9c, 0x8e, 0x9c, 0x8e, 0xa4, 0x4d, 0x9c, 0x4d, 0x9c, 0x4c, 0x9c,
    0x4d, 0x9c, 0x2d, 0x94, 0x2d, 0x94, 0x2e, 0x8c, 0x0f, 0x8c, 0x0e, 0x8c,
    0x2f, 0x8c, 0x0f, 0x8c, 0x2f, 0x8c, 0x4f, 0x8c, 0x6d, 0x9c, 0x07, 0xac,
    0xc8, 0xa3, 0xae, 0xa4, 0x10, 0xb5, 0x0f, 0xbd, 0xcd, 0xbc, 0x03, 0x9b,
    0xa3, 0x8a, 0x82, 0x72, 0xa6, 0x7a, 0x13, 0xad, 0x54, 0xad, 0x13, 0xad,
    0xb2, 0xa4, 0xf2, 0xa4, 0x2f, 0x8c, 0x55, 0xb5, 0x96, 0xbd, 0x96, 0xbd,
    0x95, 0xb5, 0xb6, 0xbd, 0xb6, 0xbd, 0xd6, 0xbd, 0xd7, 0xc5, 0xf7, 0xc5,
    0xd7, 0xc5, 0xd6, 0xc5, 0xd6, 0xc5, 0xd6, 0xc5, 0xf6, 0xc5, 0x17, 0xce,
    0xf6, 0xc5, 0xd6, 0xc5, 0xf6, 0xcd, 0xf6, 0xc5, 0xf6, 0xc5, 0xf6, 0xcd,
    0xf6, 0xcd, 0x17, 0xce, 0x17, 0xce, 0x17, 0xce, 0x37, 0xce, 0x37, 0xce,
    0x17, 0xce, 0x37, 0xce, 0x57, 0xce, 0x37, 0xce, 0x37, 0xce, 0x37, 0xce,
    0x17, 0xce, 0x17, 0xce, 0x37, 0xce, 0x37, 0xce, 0x37, 0xce, 0x57, 0xce,
    0x58, 0xd6, 0x58, 0xd6, 0x37, 0xce, 0x37, 0xce, 0x37, 0xce, 0x57, 0xce,
    0x58, 0xd6, 0x58, 0xd6, 0x58, 0xd6, 0x58, 0xce, 0x98, 0xd6, 0x58, 0xd6,
    0x37, 0xce, 0x98, 0xd6, 0x78, 0xd6, 0x58, 0xd6, 0x57, 0xce, 0x16, 0xc6,
    0x17, 0xc6, 0xf6, 0xbd, 0xf6, 0xbd, 0xf6, 0xbd, 0xd6, 0xbd, 0xb5, 0xbd,
    0xb5, 0xc5, 0xb3, 0xbd, 0xf5, 0xc5, 0xd6, 0xbd, 0xf6, 0xc5, 0xd6, 0xc5,
    0xd6, 0xbd, 0xd6, 0xc5, 0xd5, 0xbd, 0xd5, 0xbd, 0xd6, 0xbd, 0xd5, 0xbd,
    0xd6, 0xbd, 0xd5, 0xbd, 0xf6, 0xc5, 0xd6, 0xbd, 0xf6, 0xc5, 0xf6, 0xc5,
    0xd6, 0xc5, 0xf6, 0xc5, 0xd6, 0xc5, 0xd6, 0xc5, 0xd5, 0xbd, 0xd6, 0xbd,
    0xd5, 0xbd, 0xb5, 0xbd, 0xd5, 0xbd, 0xd6, 0xc5, 0x16, 0xc6, 0x6f, 0x8c,
    0xb5, 0xb5, 0xf6, 0xc5, 0xf6, 0xc5, 0xf6, 0xbd, 0xd6, 0xc5, 0xf6, 0xbd,
    0xd6, 0xc5, 0xd6, 0xc5, 0xd6, 0xc5, 0xd6, 0xc5, 0xf6, 0xc5, 0xd6, 0xc5,
    0x78, 0xd6, 0xd6, 0xc5, 0xf7, 0xc5, 0xf6, 0xc5, 0x17, 0xc6, 0xf7, 0xc5,
    0xf6, 0xc5, 0x17, 0xbe, 0xf7, 0xc5, 0xf6, 0xbd, 0x17, 0xc6, 0x18, 0xc6,
    0x17, 0xc6, 0x18, 0xc6, 0x17, 0xc6, 0x17, 0xc6, 0x18, 0xc6, 0xf7, 0xc5,
    0x17, 0xc6, 0xf7, 0xc5, 0x18, 0xc6, 0x17, 0xc6, 0x17, 0xc6, 0x17, 0xc6,
    0xd6, 0xbd, 0xd6, 0xbd, 0xd6, 0xbd, 0xd5, 0xbd, 0xd6, 0xbd, 0xd6, 0xbd,
    0xd6, 0xbd, 0xd6, 0xbd, 0xd6, 0xbd, 0xd6, 0xbd, 0xd6, 0xbd, 0xd6, 0xbd,
    0xd5, 0xbd, 0xd5, 0xbd, 0xd5, 0xbd, 0xd5, 0xbd, 0xd6, 0xbd, 0xd5, 0xbd,
    0xb6, 0xbd, 0xd6, 0xbd, 0xd6, 0xbd, 0xd5, 0xbd, 0xd6, 0xbd, 0xd6, 0xbd,
    0xd6, 0xbd, 0xb5, 0xbd, 0xd6, 0xbd, 0xb6, 0xbd, 0xd6, 0xbd, 0xd6, 0xbd,
    0xd5, 0xbd, 0xd6, 0xbd, 0xd6, 0xbd, 0xd5, 0xbd, 0xf6, 0xbd, 0xd5, 0xbd,
    0xd6, 0xbd, 0xd6, 0xbd, 0xf6, 0xbd, 0xf6, 0xc5, 0xd6, 0xbd, 0xf6, 0xbd,
    0xd5, 0xbd, 0xd6, 0xbd, 0xd6, 0xbd, 0xd6, 0xbd, 0xd5, 0xbd, 0xf6, 0xbd,
    0xd6, 0xbd, 0xf6, 0xc5, 0xd5, 0xbd, 0xf6, 0xbd, 0xf6, 0xc5, 0xd5, 0xbd,
    0xf6, 0xc5, 0xf6, 0xbd, 0xf6, 0xbd, 0xf6, 0xc5, 0xf6, 0xc5, 0xf6, 0xbd,
    0xd6, 0xbd, 0xd6, 0xbd, 0xd6, 0xbd, 0xb4, 0xbd, 0xae, 0xac, 0x4a, 0x7b,
    0x2e, 0x9c, 0x94, 0xc5, 0xd5, 0xc5, 0x16, 0xd6, 0x16, 0xce, 0xf6, 0xc5,
    0xd6, 0xbd, 0xd6, 0xbd, 0xd6, 0xbd, 0xd5, 0xbd, 0xf6, 0xc5, 0xf6, 0xc5,
    0x32, 0xad, 0xad, 0x83, 0x0d, 0x94, 0x2e, 0x94, 0xcc, 0x83, 0xb2, 0xa4,
    0xf2, 0xa4, 0xf2, 0xac, 0xf2, 0xac, 0xf1, 0xa4, 0x12, 0xad, 0xf2, 0xa4,
    0xf2, 0xa4, 0x12, 0xa5, 0x13, 0xa5, 0x95, 0xbd, 0x95, 0xbd, 0x17, 0xce,
    0xf6, 0xc5, 0xf6, 0xc5, 0x17, 0xce, 0x17, 0xce, 0x58, 0xd6, 0x37, 0xce,
    0x37, 0xce, 0x16, 0xce, 0x37, 0xd6, 0x57, 0xd6, 0x36, 0xce, 0x16, 0xce,
    0x57, 0xce, 0x57, 0xd6, 0x57, 0xce, 0x58, 0xd6, 0x37, 0xd6, 0x58, 0xce,
    0x37, 0xce, 0x37, 0xd6, 0x37, 0xce, 0x37, 0xce, 0x58, 0xd6, 0x78, 0xd6,
    0x98, 0xd6, 0x98, 0xd6, 0x98, 0xd6, 0x78, 0xd6, 0x78, 0xce, 0x78, 0xd6,
    0x99, 0xd6, 0x99, 0xd6, 0x98, 0xd6, 0x98, 0xd6, 0x78, 0xd6, 0x98, 0xd6,
    0x78, 0xd6, 0x58, 0xd6, 0x58, 0xd6, 0x78, 0xd6, 0x58, 0xd6, 0x78, 0xd6,
    0x58, 0xd6, 0x58, 0xd6, 0x57, 0xd6, 0x58, 0xd6, 0x95, 0xbd, 0xb2, 0xa4,
    0x33, 0xad, 0x74, 0xb5, 0x73, 0xb5, 0x73, 0xb5, 0x94, 0xbd, 0x94, 0xbd,
    0x94, 0xbd, 0x94, 0xbd, 0x73, 0xbd, 0x72, 0xbd, 0xb4, 0xc5, 0x6f, 0x9c,
    0x4f, 0x94, 0x2e, 0x94, 0x6e, 0x9c, 0x6d, 0x9c, 0x8e, 0xa4, 0x6e, 0x9c,
    0x6d, 0x9c, 0x4d, 0x9c, 0x8d, 0x9c, 0x4d, 0x9c, 0x2d, 0x94, 0x4e, 0x94,
    0x2f, 0x8c, 0x2e, 0x8c, 0x2f, 0x8c, 0x0e, 0x8c, 0x2f, 0x8c, 0x4f, 0x94,
    0x2d, 0x94, 0xe7, 0xab, 0x43, 0x9b, 0xca, 0x9b, 0xaf, 0x9c, 0xcf, 0xac,
    0x4f, 0xbd, 0x2b, 0xb4, 0xc9, 0xa3, 0x68, 0x93, 0x68, 0x93, 0x4a, 0x7b,
    0x91, 0xa4, 0x33, 0xb5, 0x13, 0xad, 0xf3, 0xa4, 0xd2, 0xa4, 0xd2, 0xa4,
    0x96, 0xbd, 0x76, 0xb5, 0x96, 0xbd, 0x76, 0xb5, 0xb6, 0xbd, 0xb6, 0xbd,
    0xd7, 0xc5, 0xf7, 0xc5, 0xd7, 0xc5, 0xd7, 0xc5, 0xf7, 0xc5, 0xf7, 0xcd,
    0x17, 0xce, 0x37, 0xce, 0x17, 0xce, 0x17, 0xce, 0xf7, 0xcd, 0x17, 0xce,
    0x37, 0xce, 0x37, 0xce, 0x37, 0xd6, 0x37, 0xce, 0x58, 0xd6, 0x78, 0xd6,
    0x58, 0xd6, 0x58, 0xd6, 0x58, 0xd6, 0x58, 0xd6, 0x78, 0xd6, 0x78, 0xd6,
    0x58, 0xce, 0x57, 0xce, 0x57, 0xce, 0x57, 0xce, 0x58, 0xd6, 0x58, 0xd6,
    0x57, 0xce, 0x17, 0xce, 0x17, 0xce, 0x37, 0xce, 0x57, 0xce, 0x78, 0xd6,
    0x58, 0xd6, 0x58, 0xd6, 0x78, 0xd6, 0x98, 0xde, 0x78, 0xd6, 0x78, 0xd6,
    0x98, 0xd6, 0x99, 0xde, 0x58, 0xd6, 0x98, 0xd6, 0x57, 0xce, 0x37, 0xce,
    0x38, 0xd6, 0x37, 0xce, 0xf6, 0xbd, 0xf7, 0xbd, 0xf6, 0xb5, 0xf6, 0xb5,
    0xb5, 0xb5, 0xb5, 0xbd, 0xb4, 0xc5, 0x11, 0xad, 0xd7, 0xc5, 0xf6, 0xc5,
    0xd6, 0xbd, 0xd6, 0xbd, 0xd6, 0xc5, 0xd5, 0xbd, 0xd6, 0xc5, 0xf6, 0xc5,
    0xf6, 0xc5, 0xf6, 0xbd, 0xf6, 0xc5, 0xd6, 0xbd, 0xd5, 0xbd, 0xf6, 0xbd,
    0xf6, 0xc5, 0xd5, 0xbd, 0xd6, 0xbd, 0xd5, 0xbd, 0xd5, 0xbd, 0xf6, 0xc5,
    0xd5, 0xbd, 0xd6, 0xc5, 0xd6, 0xc5, 0xd6, 0xc5, 0xd6, 0xc5, 0xd6, 0xbd,
    0xd6, 0xc5, 0x17, 0xce, 0x8d, 0x73, 0x37, 0xce, 0xf6, 0xc5, 0x17, 0xc6,
    0xf7, 0xc5, 0xf6, 0xbd, 0xf7, 0xbd, 0xf7, 0xc5, 0xf6, 0xc5, 0xf6, 0xc5,
    0xd6, 0xbd, 0xf6, 0xc5, 0xd6, 0xbd, 0x79, 0xd6, 0xd6, 0xc5, 0xf6, 0xc5,
    0x16, 0xc6, 0xf7, 0xc5, 0xf6, 0xc5, 0x17, 0xc6, 0xf7, 0xc5, 0xf6, 0xc5,
    0x17, 0xc6, 0x17, 0xc6, 0xf7, 0xc5, 0x17, 0xc6, 0x18, 0xc6, 0xf7, 0xc5,
    0x17, 0xc6, 0x18, 0xc6, 0x17, 0xc6, 0xf7, 0xc5, 0x18, 0xc6, 0x17, 0xc6,
    0x17, 0xc6, 0x18, 0xc6, 0xd6, 0xbd, 0xd6, 0xbd, 0xd6, 0xbd, 0xd6, 0xbd,
    0xd6, 0xbd, 0xd6, 0xbd, 0xd6, 0xbd, 0xf6, 0xbd, 0xd5, 0xbd, 0xd6, 0xbd,
    0xd5, 0xbd, 0xd6, 0xbd, 0xd5, 0xbd, 0xd6, 0xbd, 0xd6, 0xbd, 0xd5, 0xbd,
    0xd5, 0xbd, 0xd5, 0xbd, 0xd6, 0xbd, 0xd6, 0xbd, 0xd6, 0xbd, 0xb5, 0xb5,
    0xd6, 0xbd, 0xd6, 0xbd, 0xd5, 0xbd, 0xb5, 0xb5, 0xb6, 0xbd, 0xd6, 0xbd,
    0xb6, 0xbd, 0xd6, 0xbd, 0xd5, 0xbd, 0xd6, 0xbd, 0xd5, 0xbd, 0xd6, 0xbd,
    0xd6, 0xbd, 0xd5, 0xbd, 0xf6, 0xbd, 0xd5, 0xbd, 0xd6, 0xbd, 0xf6, 0xc5,
    0xf6, 0xbd, 0xf6, 0xc5, 0xd6, 0xbd, 0xd5, 0xbd, 0xd5, 0xbd, 0xd6, 0xbd,
    0xd5, 0xbd, 0xf6, 0xbd, 0xd6, 0xbd, 0xf6, 0xc5, 0xd5, 0xbd, 0xf6, 0xbd,
    0xf6, 0xbd, 0xf6, 0xbd, 0xf6, 0xc5, 0xf6, 0xc5, 0x16, 0xc6, 0xf6, 0xbd,
    0xf6, 0xc5, 0xf6, 0xc5, 0xf6, 0xbd, 0xf6, 0xbd, 0xd6, 0xbd, 0xd5, 0xbd,
    0xd5, 0xbd, 0xd6, 0xbd, 0xd5, 0xbd, 0x94, 0xb5, 0xb5, 0xb5, 0xb5, 0xbd,
    0xb5, 0xb5, 0xb5, 0xb5, 0xd5, 0xbd, 0xb5, 0xbd, 0xd5, 0xbd, 0xd5, 0xbd,
    0xb5, 0xb5, 0xd6, 0xbd, 0xf7, 0xc5, 0x98, 0xde, 0xed, 0x8b, 0x89, 0x8b,
    0x4c, 0xa4, 0xcf, 0xa4, 0xd0, 0xac, 0xf1, 0xac, 0x12, 0xad, 0xf2, 0xa4,
    0xf2, 0xac, 0x13, 0xad, 0x33, 0xb5, 0x34, 0xb5, 0xb5, 0xbd, 0x57, 0xd6,
    0x37, 0xce, 0x37, 0xce, 0x17, 0xce, 0x37, 0xce, 0x78, 0xd6, 0x78, 0xd6,
    0x58, 0xd6, 0x37, 0xce, 0x36, 0xce, 0x37, 0xce, 0x57, 0xd6, 0x57, 0xce,
    0x57, 0xd6, 0x57, 0xd6, 0x58, 0xce, 0x37, 0xce, 0x57, 0xce, 0x58, 0xd6,
    0x58, 0xd6, 0x58, 0xd6, 0x78, 0xd6, 0x99, 0xde, 0x78, 0xd6, 0x78, 0xd6,
    0x78, 0xd6, 0x58, 0xd6, 0x57, 0xce, 0x37, 0xce, 0x58, 0xce, 0x98, 0xd6,
    0x78, 0xd6, 0x78, 0xd6, 0x99, 0xd6, 0x98, 0xd6, 0x98, 0xd6, 0x78, 0xd6,
    0x99, 0xd6, 0x99, 0xd6, 0x58, 0xd6, 0x58, 0xd6, 0x37, 0xce, 0x58, 0xd6,
    0x78, 0xd6, 0x78, 0xde, 0x58, 0xd6, 0x58, 0xd6, 0x38, 0xd6, 0x38, 0xd6,
    0x98, 0xde, 0xb2, 0xa4, 0x33, 0xad, 0x53, 0xb5, 0x53, 0xb5, 0x74, 0xb5,
    0x74, 0xb5, 0x94, 0xbd, 0x94, 0xbd, 0x93, 0xbd, 0x94, 0xbd, 0x93, 0xbd,
    0x94, 0xc5, 0x53, 0xb5, 0xc9, 0x6a, 0x0d, 0x94, 0x0c, 0x94, 0x4d, 0x9c,
    0x6e, 0xa4, 0x8e, 0xa4, 0x6e, 0xa4, 0x6e, 0x9c, 0x6d, 0x9c, 0x6e, 0xa4,
    0x4e, 0x9c, 0x4e, 0x94, 0x4f, 0x8c, 0x2f, 0x8c, 0x0e, 0x8c, 0xee, 0x83,
    0x2f, 0x8c, 0x2f, 0x8c, 0x4e, 0x94, 0x0b, 0x94, 0xa7, 0xa3, 0xc9, 0x9b,
    0xeb, 0x8b, 0x6e, 0x9c, 0xae, 0x9c, 0x73, 0xbd, 0x53, 0xad, 0x54, 0xb5,
    0x12, 0xad, 0xb0, 0x9c, 0x2c, 0x94, 0x4e, 0x9c, 0x13, 0xad, 0x12, 0xad,
    0xd2, 0xa4, 0x54, 0xb5, 0xb2, 0x9c, 0xb6, 0xbd, 0x76, 0xbd, 0x96, 0xbd,
    0x96, 0xbd, 0xb6, 0xbd, 0xb7, 0xc5, 0xd7, 0xc5, 0xd7, 0xc5, 0xd7, 0xc5,
    0xd6, 0xc5, 0xf6, 0xc5, 0xd6, 0xc5, 0xf6, 0xcd, 0x17, 0xce, 0xf6, 0xc5,
    0xf6, 0xc5, 0xf6, 0xc5, 0xf6, 0xc5, 0x17, 0xce, 0x17, 0xce, 0x17, 0xce,
    0x17, 0xce, 0x16, 0xce, 0x37, 0xce, 0x58, 0xd6, 0x58, 0xd6, 0x57, 0xce,
    0x98, 0xd6, 0x99, 0xd6, 0x78, 0xd6, 0x78, 0xd6, 0x78, 0xd6, 0x98, 0xd6,
    0x78, 0xd6, 0x58, 0xd6, 0x57, 0xce, 0x78, 0xd6, 0x78, 0xd6, 0x78, 0xd6,
    0x98, 0xd6, 0x78, 0xd6, 0x78, 0xd6, 0x98, 0xd6, 0x78, 0xd6, 0x78, 0xd6,
    0xb9, 0xde, 0x98, 0xd6, 0x78, 0xd6, 0x78, 0xd6, 0x1b, 0xef, 0x17, 0xce,
    0x37, 0xce, 0xb9, 0xde, 0x17, 0xce, 0x37, 0xc6, 0xb5, 0xb5, 0x75, 0xa5,
    0xf7, 0xb5, 0xd6, 0xb5, 0x54, 0xa5, 0xb5, 0xb5, 0xd5, 0xc5, 0xcd, 0x83,
    0x38, 0xce, 0x17, 0xc6, 0xd5, 0xbd, 0xd6, 0xbd, 0xd5, 0xbd, 0xd5, 0xbd,
    0xf6, 0xbd, 0xf6, 0xc5, 0xd5, 0xbd, 0xd6, 0xbd, 0xf6, 0xbd, 0xf6, 0xc5,
    0xd6, 0xbd, 0xd5, 0xbd, 0xd5, 0xbd, 0xd5, 0xbd, 0xd5, 0xbd, 0xf6, 0xc5,
    0xd5, 0xbd, 0xd5, 0xbd, 0xd5, 0xbd, 0xd6, 0xc5, 0xf6, 0xc5, 0xd5, 0xc5,
    0xf6, 0xc5, 0xd6, 0xc5, 0xf6, 0xc5, 0xf6, 0xc5, 0xf6, 0xc5, 0xad, 0x73,
    0x58, 0xce, 0x16, 0xc6, 0xf7, 0xc5, 0xf6, 0xc5, 0xf7, 0xc5, 0xf7, 0xc5,
    0xf7, 0xc5, 0xf7, 0xc5, 0xd6, 0xc5, 0xf6, 0xc5, 0xd6, 0xc5, 0xd6, 0xbd,
    0x78, 0xd6, 0xf6, 0xc5, 0xf7, 0xc5, 0x17, 0xc6, 0xf6, 0xc5, 0x17, 0xc6,
    0xf7, 0xc5, 0xf7, 0xc5, 0x17, 0xc6, 0x17, 0xc6, 0xf7, 0xc5, 0x17, 0xc6,
    0xf7, 0xc5, 0x17, 0xc6, 0xf7, 0xc5, 0xf7, 0xc5, 0x17, 0xc6, 0xf7, 0xc5,
    0x18, 0xc6, 0x17, 0xc6, 0x17, 0xc6, 0x18, 0xce, 0xd5, 0xbd, 0xb5, 0xbd,
    0xd6, 0xbd, 0xd6, 0xbd, 0xd6, 0xbd, 0xd5, 0xbd, 0xd6, 0xbd, 0xd6, 0xbd,
    0xd5, 0xbd, 0xd5, 0xbd, 0xd6, 0xbd, 0xd6, 0xbd, 0xd5, 0xbd, 0xd5, 0xbd,
    0xd6, 0xbd, 0xd6, 0xbd, 0xd5, 0xbd, 0xd5, 0xbd, 0xd6, 0xbd, 0xd5, 0xbd,
    0xd6, 0xbd, 0xb5, 0xbd, 0xd6, 0xbd, 0xd6, 0xbd, 0xd5, 0xbd, 0xb6, 0xbd,
    0xb5, 0xb5, 0xd6, 0xbd, 0xd6, 0xbd, 0xd6, 0xbd, 0xd5, 0xbd, 0xd6, 0xbd,
    0xf6, 0xbd, 0xd5, 0xbd, 0xd6, 0xbd, 0xd5, 0xbd, 0xf6, 0xc5, 0xd5, 0xbd,
    0xd5, 0xbd, 0xf6, 0xbd, 0xf6, 0xc5, 0xf5, 0xbd, 0xf6, 0xc5, 0xd6, 0xbd,
    0xd5, 0xbd, 0xb5, 0xbd, 0xd6, 0xbd, 0xf6, 0xc5, 0xd6, 0xbd, 0xf6, 0xc5,
    0xd6, 0xbd, 0xf6, 0xc5, 0xd6, 0xbd, 0xf6, 0xbd, 0x16, 0xc6, 0xf6, 0xc5,
    0x16, 0xc6, 0xf6, 0xbd, 0xf6, 0xc5, 0xf6, 0xbd, 0xf6, 0xbd, 0xd5, 0xbd,
    0xd5, 0xbd, 0xf6, 0xbd, 0xf6, 0xbd, 0xd5, 0xbd, 0xd5, 0xbd, 0xd5, 0xbd,
    0xd5, 0xbd, 0xf6, 0xbd, 0xd5, 0xbd, 0xd6, 0xbd, 0xb5, 0xbd, 0xb5, 0xbd,
    0xb5, 0xbd, 0xd6, 0xbd, 0xb5, 0xb5, 0xb5, 0xbd, 0xb5, 0xb5, 0xd5, 0xbd,
    0xf5, 0xc5, 0xd0, 0xb4, 0x69, 0x93, 0xea, 0x9b, 0xaf, 0xa4, 0xcf, 0xa4,
    0xf1, 0xa4, 0xf2, 0xa4, 0xd2, 0xa4, 0x54, 0xad, 0xd6, 0xc5, 0x17, 0xce,
    0x37, 0xd6, 0x58, 0xd6, 0x58, 0xd6, 0x37, 0xd6, 0x38, 0xd6, 0x58, 0xd6,
    0x37, 0xd6, 0x57, 0xd6, 0x57, 0xd6, 0x37, 0xce, 0x58, 0xd6, 0x57, 0xce,
    0x57, 0xce, 0x78, 0xd6, 0x58, 0xce, 0x78, 0xd6, 0x58, 0xd6, 0x58, 0xd6,
    0x37, 0xce, 0x58, 0xd6, 0x58, 0xd6, 0x57, 0xd6, 0x37, 0xce, 0x37, 0xce,
    0x17, 0xce, 0x37, 0xce, 0x37, 0xd6, 0x78, 0xd6, 0x99, 0xd6, 0x99, 0xd6,
    0x58, 0xd6, 0x57, 0xce, 0x58, 0xce, 0x99, 0xd6, 0x98, 0xd6, 0x99, 0xd6,
    0x99, 0xd6, 0x98, 0xd6, 0x99, 0xd6, 0x78, 0xd6, 0x78, 0xd6, 0x58, 0xd6,
    0x58, 0xd6, 0x58, 0xd6, 0x78, 0xd6, 0x58, 0xd6, 0x58, 0xd6, 0x58, 0xd6,
    0x57, 0xd6, 0x58, 0xd6, 0x38, 0xd6, 0xb9, 0xde, 0x75, 0xbd, 0x33, 0xad,
    0x54, 0xb5, 0x53, 0xb5, 0x54, 0xb5, 0x94, 0xb5, 0x74, 0xbd, 0x94, 0xbd,
    0xd5, 0xc5, 0x94, 0xbd, 0xb4, 0xc5, 0x94, 0xc5, 0x74, 0xbd, 0xc8, 0x6a,
    0x8a, 0x83, 0x4e, 0xa4, 0x6e, 0xa4, 0x8e, 0xac, 0x8f, 0xa4, 0x8e, 0xa4,
    0x6e, 0x9c, 0x4e, 0xa4, 0x6f, 0x9c, 0x6e, 0x9c, 0x4f, 0x94, 0x4f, 0x94,
    0x2f, 0x8c, 0x0f, 0x8c, 0x2f, 0x8c, 0x0e, 0x8c, 0x4e, 0x8c, 0x4f, 0x8c,
    0xeb, 0x93, 0xa9, 0x93, 0xea, 0x8b, 0xeb, 0x93, 0x4d, 0x9c, 0x8f, 0x9c,
    0x94, 0xb5, 0x53, 0xb5, 0x53, 0xad, 0x74, 0xb5, 0x53, 0xb5, 0x12, 0xa5,
    0xb1, 0x94, 0xb1, 0x9c, 0xd2, 0xa4, 0xf3, 0xa4, 0x33, 0xad, 0x30, 0x8c,
    0xd7, 0xbd, 0x76, 0xb5, 0x96, 0xbd, 0xb6, 0xbd, 0xb6, 0xc5, 0xb7, 0xc5,
    0xb6, 0xc5, 0xd7, 0xc5, 0xd7, 0xc5, 0xd7, 0xc5, 0xf6, 0xc5, 0xf6, 0xcd,
    0x16, 0xce, 0x17, 0xce, 0x17, 0xce, 0x37, 0xce, 0x17, 0xce, 0x17, 0xce,
    0x17, 0xce, 0xf6, 0xc5, 0xf6, 0xc5, 0x17, 0xce, 0x57, 0xd6, 0x37, 0xce,
    0x37, 0xd6, 0x58, 0xce, 0x78, 0xce, 0x57, 0xce, 0x58, 0xd6, 0x58, 0xd6,
    0x58, 0xd6, 0x57, 0xce, 0x57, 0xce, 0x57, 0xce, 0x58, 0xd6, 0x57, 0xce,
    0x57, 0xce, 0x58, 0xd6, 0x37, 0xce, 0x57, 0xce, 0x78, 0xd6, 0x58, 0xd6,
    0x78, 0xd6, 0x98, 0xd6, 0x78, 0xd6, 0x98, 0xd6, 0xb9, 0xde, 0xb9, 0xde,
    0x36, 0xce, 0x78, 0xd6, 0x99, 0xd6, 0xd5, 0xbd, 0x99, 0xde, 0x34, 0xa5,
    0x75, 0xa5, 0xd6, 0xad, 0xf7, 0xb5, 0xb6, 0xad, 0x95, 0xad, 0xd5, 0xbd,
    0x16, 0xce, 0x8d, 0x7b, 0x58, 0xce, 0xba, 0xde, 0xd5, 0xbd, 0xd6, 0xc5,
    0xd5, 0xbd, 0xd6, 0xbd, 0xf6, 0xc5, 0xf6, 0xc5, 0xd5, 0xbd, 0xd5, 0xbd,
    0xf6, 0xbd, 0xd5, 0xbd, 0xf6, 0xbd, 0xd6, 0xbd, 0xd5, 0xbd, 0xd6, 0xc5,
    0xf6, 0xc5, 0xd5, 0xbd, 0xb5, 0xbd, 0xd5, 0xbd, 0xb5, 0xbd, 0xf6, 0xc5,
    0xf6, 0xc5, 0xf6, 0xc5, 0xf6, 0xc5, 0xd5, 0xc5, 0xd6, 0xc5, 0xf6, 0xc5,
    0xf6, 0xc5, 0x12, 0xa5, 0x50, 0x8c, 0x57, 0xce, 0xf6, 0xc5, 0xf7, 0xc5,
    0xf6, 0xc5, 0xf6, 0xc5, 0xf6, 0xc5, 0xf7, 0xc5, 0xf6, 0xc5, 0xf6, 0xc5,
    0xd6, 0xc5, 0xd6, 0xc5, 0xf6, 0xc5, 0x17, 0xc6, 0xf7, 0xc5, 0xf6, 0xc5,
    0xf6, 0xc5, 0xf7, 0xc5, 0xf7, 0xc5, 0xf7, 0xc5, 0xf7, 0xc5, 0xf7, 0xc5,
    0x18, 0xc6, 0xf7, 0xc5, 0xf7, 0xc5, 0x18, 0xc6, 0xf7, 0xc5, 0x17, 0xc6,
    0xf7, 0xc5, 0x17, 0xc6, 0x17, 0xc6, 0x59, 0xce, 0x58, 0xce, 0x58, 0xd6,
    0xb5, 0xb5, 0xd6, 0xbd, 0xd6, 0xbd, 0xd6, 0xbd, 0xd5, 0xbd, 0xd6, 0xbd,
    0xd5, 0xbd, 0xd6, 0xbd, 0xd6, 0xbd, 0xd6, 0xbd, 0xd6, 0xbd, 0xd6, 0xbd,
    0xd6, 0xbd, 0xd6, 0xbd, 0xb5, 0xb5, 0xb5, 0xb5, 0xd6, 0xbd, 0xd6, 0xbd,
    0xd6, 0xbd, 0xd6, 0xbd, 0xd5, 0xbd, 0xd6, 0xbd, 0xd6, 0xbd, 0xd6, 0xbd,
    0xd6, 0xbd, 0xd6, 0xbd, 0xb6, 0xb5, 0xb5, 0xb5, 0xd6, 0xbd, 0xb5, 0xb5,
    0xd6, 0xbd, 0xd6, 0xbd, 0xd5, 0xbd, 0xd5, 0xbd, 0xf6, 0xc5, 0xf6, 0xc5,
    0xd6, 0xbd, 0xd6, 0xbd, 0xd6, 0xbd, 0xf6, 0xc5, 0xf6, 0xc5, 0xd6, 0xbd,
    0xd5, 0xbd, 0xd6, 0xbd, 0xd6, 0xbd, 0xd5, 0xbd, 0xd6, 0xbd, 0xf6, 0xbd,
    0xf5, 0xbd, 0xf6, 0xc5, 0xf6, 0xbd, 0xd5, 0xbd, 0xf6, 0xc5, 0xf6, 0xc5,
    0xf6, 0xbd, 0xf7, 0xbd, 0xf7, 0xbd, 0xf6, 0xbd, 0xf6, 0xbd, 0xf6, 0xc5,
    0xf6, 0xbd, 0xd6, 0xbd, 0xd6, 0xbd, 0xd6, 0xbd, 0xd6, 0xbd, 0xb5, 0xbd,
    0xd5, 0xbd, 0xd5, 0xbd, 0xb5, 0xbd, 0xb5, 0xbd, 0xb5, 0xb5, 0xd5, 0xbd,
    0xd6, 0xbd, 0xd6, 0xbd, 0xd6, 0xbd, 0xd6, 0xbd, 0xd6, 0xbd, 0xb6, 0xbd,
    0xd6, 0xc5, 0xf6, 0xc5, 0x17, 0xc6, 0x94, 0xbd, 0xf0, 0xb4, 0xea, 0xa3,
    0x6d, 0xa4, 0xf0, 0xac, 0xf1, 0xa4, 0xf3, 0xa4, 0x13, 0xa5, 0x54, 0xad,
    0x57, 0xd6, 0x37, 0xce, 0x37, 0xce, 0x58, 0xd6, 0x58, 0xd6, 0x58, 0xd6,
    0x78, 0xce, 0x78, 0xd6, 0x78, 0xd6, 0x78, 0xd6, 0x58, 0xd6, 0x58, 0xd6,
    0x57, 0xce, 0x58, 0xd6, 0x58, 0xd6, 0x78, 0xd6, 0x98, 0xd6, 0x37, 0xce,
    0x37, 0xce, 0x57, 0xce, 0x58, 0xd6, 0x57, 0xce, 0x37, 0xce, 0x58, 0xd6,
    0x78, 0xd6, 0x78, 0xd6, 0x58, 0xd6, 0x78, 0xde, 0x78, 0xd6, 0x38, 0xd6,
    0x37, 0xce, 0x37, 0xce, 0x58, 0xce, 0x58, 0xd6, 0x78, 0xd6, 0x98, 0xd6,
    0x78, 0xd6, 0x58, 0xd6, 0x58, 0xd6, 0x78, 0xd6, 0x78, 0xd6, 0x78, 0xd6,
    0x98, 0xd6, 0x78, 0xd6, 0x58, 0xd6, 0x78, 0xd6, 0x98, 0xd6, 0x98, 0xd6,
    0x78, 0xd6, 0x98, 0xd6, 0x78, 0xd6, 0x58, 0xd6, 0x98, 0xd6, 0x98, 0xd6,
    0xd6, 0xc5, 0x33, 0xb5, 0x74, 0xb5, 0x54, 0xb5, 0x74, 0xb5, 0x74, 0xb5,
    0x94, 0xbd, 0x94, 0xbd, 0xb5, 0xc5, 0x94, 0xbd, 0xb4, 0xc5, 0x94, 0xbd,
    0x73, 0xbd, 0xb4, 0xbd, 0x46, 0x52, 0xcb, 0x8b, 0x6d, 0xa4, 0x6d, 0xac,
    0xad, 0xac, 0x8e, 0xa4, 0x6e, 0x9c, 0x6e, 0x9c, 0x6e, 0x9c, 0x6e, 0xa4,
    0x6f, 0x94, 0x50, 0x94, 0x50, 0x8c, 0x2f, 0x8c, 0x2e, 0x8c, 0x0f, 0x84,
    0x2e, 0x8c, 0x6f, 0x94, 0x0d, 0x8c, 0xcb, 0x8b, 0xa9, 0x8b, 0x2c, 0x94,
    0xeb, 0x8b, 0xeb, 0x8b, 0xf1, 0xa4, 0x74, 0xb5, 0x73, 0xad, 0x74, 0xad,
    0x54, 0xad, 0x34, 0xad, 0x33, 0xad, 0x12, 0xad, 0xf2, 0xa4, 0x13, 0xad,
    0x33, 0xb5, 0x71, 0x94, 0x8e, 0x73, 0xd7, 0xc5, 0x96, 0xb5, 0x96, 0xbd,
    0xb6, 0xbd, 0xd6, 0xbd, 0xb7, 0xbd, 0xf7, 0xc5, 0xf7, 0xc5, 0xf7, 0xc5,
    0x17, 0xc6, 0x17, 0xc6, 0xf6, 0xc5, 0xf7, 0xc5, 0x17, 0xc6, 0xf7, 0xc5,
    0xf6, 0xc5, 0xd6, 0xc5, 0xf6, 0xc5, 0xf6, 0xc5, 0x17, 0xce, 0x17, 0xce,
    0x17, 0xce, 0x99, 0xde, 0x78, 0xd6, 0x58, 0xd6, 0x58, 0xd6, 0x78, 0xd6,
    0x58, 0xce, 0x57, 0xce, 0x58, 0xce, 0x58, 0xd6, 0x58, 0xd6, 0x58, 0xce,
    0x37, 0xce, 0x57, 0xce, 0x78, 0xd6, 0x78, 0xd6, 0x58, 0xd6, 0x58, 0xd6,
    0x98, 0xd6, 0x99, 0xde, 0x78, 0xd6, 0x58, 0xd6, 0xb9, 0xde, 0xda, 0xe6,
    0x57, 0xce, 0x78, 0xce, 0xb9, 0xd6, 0x38, 0xce, 0x38, 0xce, 0x78, 0xd6,
    0x51, 0x8c, 0xf7, 0xbd, 0xb6, 0xb5, 0xd7, 0xad, 0xd7, 0xb5, 0xb6, 0xb5,
    0x94, 0xb5, 0xb5, 0xbd, 0x32, 0xad, 0x51, 0x94, 0xb9, 0xde, 0x99, 0xd6,
    0xd6, 0xbd, 0xf6, 0xc5, 0xf5, 0xc5, 0xd6, 0xc5, 0xd5, 0xbd, 0xd5, 0xbd,
    0xf6, 0xc5, 0xf6, 0xc5, 0xd6, 0xc5, 0xf6, 0xc5, 0xd5, 0xc5, 0xd6, 0xbd,
    0xd5, 0xbd, 0xd5, 0xbd, 0xd6, 0xbd, 0xd6, 0xbd, 0xd6, 0xbd, 0xd6, 0xbd,
    0xf6, 0xc5, 0xf6, 0xc5, 0xf6, 0xbd, 0xf6, 0xbd, 0xf6, 0xc5, 0xf6, 0xbd,
    0xf6, 0xc5, 0xf6, 0xc5, 0xf6, 0xc5, 0x57, 0xce, 0xee, 0x83, 0x13, 0xad,
    0x37, 0xce, 0x16, 0xc6, 0x16, 0xc6, 0xf6, 0xc5, 0xf7, 0xc5, 0xf6, 0xc5,
    0xf7, 0xbd, 0xf7, 0xbd, 0xf7, 0xbd, 0xf7, 0xbd, 0xf7, 0xc5, 0xf7, 0xc5,
    0x17, 0xc6, 0x17, 0xc6, 0x17, 0xc6, 0x17, 0xc6, 0x17, 0xc6, 0x17, 0xc6,
    0x17, 0xc6, 0x17, 0xc6, 0x17, 0xc6, 0x17, 0xc6, 0x17, 0xc6, 0x17, 0xc6,
    0x17, 0xc6, 0x17, 0xc6, 0x17, 0xc6, 0x17, 0xc6, 0x58, 0xce, 0x8d, 0x73,
    0x41, 0x08, 0x82, 0x10, 0xb6, 0xbd, 0xd6, 0xbd, 0xd6, 0xbd, 0xd6, 0xbd,
    0xd6, 0xbd, 0xd6, 0xbd, 0xd6, 0xbd, 0xd6, 0xbd, 0xd6, 0xbd, 0xd6, 0xbd,
    0xd6, 0xbd, 0xd6, 0xbd, 0xd6, 0xbd, 0xd6, 0xbd, 0xd6, 0xbd, 0xd6, 0xbd,
    0xd6, 0xbd, 0xd6, 0xbd, 0xd6, 0xbd, 0xd6, 0xbd, 0xd6, 0xbd, 0xd6, 0xbd,
    0xb6, 0xb5, 0xd6, 0xbd, 0xd6, 0xbd, 0xd6, 0xbd, 0xb6, 0xbd, 0xb6, 0xbd,
    0xd6, 0xbd, 0xb5, 0xb5, 0xd6, 0xbd, 0xd6, 0xbd, 0xd6, 0xbd, 0xd5, 0xbd,
    0xf6, 0xbd, 0xf6, 0xbd, 0xd6, 0xbd, 0xd6, 0xbd, 0xd6, 0xbd, 0xf6, 0xbd,
    0xf6, 0xbd, 0xd6, 0xbd, 0xd6, 0xbd, 0xd6, 0xbd, 0xd5, 0xbd, 0xd6, 0xbd,
    0xd6, 0xbd, 0xf6, 0xbd, 0xf6, 0xc5, 0xf6, 0xc5, 0xf6, 0xbd, 0xd6, 0xbd,
    0xf6, 0xc5, 0xf6, 0xbd, 0xf6, 0xbd, 0xf6, 0xbd, 0xf6, 0xc5, 0xf6, 0xc5,
    0xf6, 0xbd, 0xf6, 0xc5, 0xd6, 0xbd, 0xf6, 0xc5, 0xd6, 0xbd, 0xd6, 0xbd,
    0xd6, 0xbd, 0xd6, 0xbd, 0xb5, 0xb5, 0xb5, 0xb5, 0xb5, 0xb5, 0xd5, 0xbd,
    0xd6, 0xbd, 0xd6, 0xbd, 0xb5, 0xb5, 0xd6, 0xbd, 0xf6, 0xbd, 0xd6, 0xbd,
    0xd6, 0xbd, 0xd6, 0xbd, 0xd5, 0xbd, 0xf6, 0xc5, 0xd5, 0xbd, 0xb5, 0xb5,
    0x73, 0xb5, 0xce, 0xb4, 0x4b, 0xa4, 0xd0, 0xac, 0x12, 0xad, 0xf3, 0xac,
    0x14, 0xa5, 0xf3, 0xa4, 0x17, 0xce, 0x58, 0xd6, 0x78, 0xd6, 0x78, 0xd6,
    0x58, 0xd6, 0x58, 0xd6, 0x78, 0xd6, 0x78, 0xd6, 0x78, 0xd6, 0x78, 0xd6,
    0x78, 0xd6, 0x58, 0xd6, 0x58, 0xd6, 0x57, 0xce, 0x78, 0xd6, 0x98, 0xd6,
    0x37, 0xce, 0x57, 0xce, 0x58, 0xd6, 0x78, 0xd6, 0x78, 0xd6, 0x57, 0xce,
    0x57, 0xce, 0x57, 0xce, 0x58, 0xd6, 0x78, 0xd6, 0x79, 0xde, 0x79, 0xde,
    0x58, 0xd6, 0x58, 0xd6, 0x57, 0xce, 0x98, 0xd6, 0x78, 0xd6, 0x58, 0xce,
    0x57, 0xce, 0x58, 0xd6, 0x58, 0xce, 0x78, 0xd6, 0x98, 0xd6, 0x98, 0xd6,
    0x78, 0xd6, 0x78, 0xd6, 0x78, 0xd6, 0x58, 0xce, 0x78, 0xd6, 0x98, 0xd6,
    0x78, 0xd6, 0x98, 0xd6, 0x58, 0xd6, 0x78, 0xd6, 0x58, 0xce, 0x57, 0xce,
    0x78, 0xd6, 0x58, 0xd6, 0xb9, 0xde, 0x95, 0xbd, 0xd2, 0xa4, 0xb5, 0xbd,
    0x94, 0xbd, 0x95, 0xbd, 0x74, 0xbd, 0x53, 0xb5, 0x94, 0xbd, 0xb4, 0xc5,
    0xb5, 0xc5, 0x94, 0xbd, 0x74, 0xbd, 0x74, 0xb5, 0x90, 0x9c, 0x86, 0x6a,
    0x6d, 0xac, 0x6c, 0xa4, 0x8d, 0xa4, 0x8e, 0xa4, 0x6e, 0xa4, 0x6e, 0x9c,
    0x6e, 0x9c, 0x6e, 0x9c, 0x6e, 0x9c, 0x4f, 0x94, 0x4f, 0x8c, 0x4f, 0x8c,
    0x2e, 0x8c, 0x2f, 0x8c, 0x2e, 0x84, 0xb0, 0x94, 0x4e, 0x8c, 0x0c, 0x8c,
    0x0b, 0x94, 0xe9, 0x8b, 0xeb, 0x8b, 0xa9, 0x8b, 0x69, 0x83, 0x95, 0xbd,
    0x74, 0xad, 0x73, 0xad, 0x54, 0xb5, 0x54, 0xad, 0x54, 0xad, 0x33, 0xad,
    0x13, 0xad, 0x33, 0xad, 0x13, 0xad, 0x54, 0xb5, 0x4c, 0x73, 0x92, 0x94,
    0xd6, 0xbd, 0x96, 0xb5, 0xb6, 0xb5, 0xb6, 0xb5, 0xb6, 0xbd, 0xb6, 0xbd,
    0xf7, 0xc5, 0x17, 0xc6, 0x17, 0xc6, 0x17, 0xc6, 0x17, 0xc6, 0xf6, 0xc5,
    0xf6, 0xc5, 0x17, 0xc6, 0x16, 0xce, 0xf6, 0xcd, 0xf6, 0xc5, 0xf7, 0xcd,
    0xf6, 0xc5, 0x17, 0xce, 0x37, 0xce, 0x17, 0xce, 0x78, 0xd6, 0x99, 0xde,
    0x99, 0xde, 0x99, 0xde, 0x98, 0xd6, 0x98, 0xd6, 0x99, 0xd6, 0x98, 0xd6,
    0x98, 0xd6, 0x98, 0xd6, 0x78, 0xd6, 0x78, 0xd6, 0x78, 0xd6, 0xb9, 0xde,
    0xd9, 0xde, 0x98, 0xd6, 0x37, 0xce, 0x57, 0xce, 0xda, 0xe6, 0x1a, 0xe7,
    0x58, 0xd6, 0x58, 0xce, 0xb9, 0xde, 0x77, 0xd6, 0x36, 0xce, 0xfa, 0xe6,
    0x95, 0xbd, 0xb1, 0x9c, 0xf6, 0xc5, 0xd2, 0x9c, 0xf6, 0xbd, 0xf5, 0xbd,
    0xd5, 0xbd, 0xd5, 0xbd, 0xb5, 0xbd, 0xd5, 0xc5, 0x2b, 0x6b, 0xba, 0xde,
    0xba, 0xde, 0x37, 0xce, 0xd5, 0xbd, 0xf6, 0xc5, 0xf6, 0xbd, 0xd5, 0xc5,
    0xd6, 0xc5, 0xf6, 0xc5, 0xd6, 0xbd, 0xf6, 0xc5, 0xd6, 0xbd, 0xf6, 0xc5,
    0xd5, 0xbd, 0xd6, 0xbd, 0xd5, 0xbd, 0xd5, 0xbd, 0xd5, 0xbd, 0xd5, 0xc5,
    0xd6, 0xbd, 0xf6, 0xc5, 0xf6, 0xbd, 0xf6, 0xbd, 0xf6, 0xbd, 0xf6, 0xc5,
    0xf6, 0xbd, 0xf6, 0xbd, 0xf6, 0xc5, 0xf6, 0xc5, 0xf6, 0xc5, 0xf6, 0xc5,
    0x78, 0xce, 0x0b, 0x63, 0xf6, 0xc5, 0x17, 0xc6, 0x16, 0xc6, 0xf7, 0xc5,
    0xf7, 0xc5, 0x16, 0xc6, 0xf7, 0xbd, 0xd7, 0xbd, 0xf7, 0xc5, 0xf7, 0xbd,
    0xf7, 0xc5, 0xf7, 0xc5, 0x17, 0xc6, 0x17, 0xc6, 0x17, 0xc6, 0x17, 0xc6,
    0x17, 0xc6, 0xf7, 0xc5, 0x17, 0xc6, 0x17, 0xc6, 0x17, 0xc6, 0x17, 0xc6,
    0x17, 0xc6, 0x37, 0xc6, 0x17, 0xc6, 0x17, 0xc6, 0x37, 0xc6, 0x17, 0xc6,
    0x18, 0xc6, 0xd2, 0x9c, 0x81, 0x10, 0x03, 0x21, 0xd5, 0xbd, 0xd6, 0xbd,
    0xf6, 0xbd, 0xf6, 0xbd, 0xf6, 0xbd, 0xd6, 0xbd, 0xd6, 0xbd, 0xd6, 0xbd,
    0xd6, 0xbd, 0xd5, 0xbd, 0xd6, 0xbd, 0xd5, 0xbd, 0xd6, 0xbd, 0xd6, 0xbd,
    0xd5, 0xbd, 0xd6, 0xbd, 0xd6, 0xbd, 0xd5, 0xbd, 0xd5, 0xbd, 0xd6, 0xbd,
    0xd6, 0xbd, 0xd6, 0xbd, 0xb6, 0xbd, 0xd6, 0xbd, 0xd6, 0xbd, 0xd6, 0xbd,
    0xd6, 0xbd, 0xd6, 0xbd, 0xd6, 0xbd, 0xb5, 0xbd, 0xd5, 0xbd, 0xd5, 0xbd,
    0xd6, 0xbd, 0xd5, 0xbd, 0xd6, 0xbd, 0xf6, 0xc5, 0xd6, 0xbd, 0xd6, 0xbd,
    0xd6, 0xbd, 0xd6, 0xbd, 0xf6, 0xc5, 0xd6, 0xbd, 0xd5, 0xbd, 0xd5, 0xbd,
    0xd6, 0xbd, 0xd5, 0xbd, 0xf6, 0xbd, 0xd6, 0xbd, 0xd5, 0xbd, 0xf6, 0xbd,
    0xf6, 0xbd, 0xd5, 0xbd, 0xf6, 0xc5, 0xd6, 0xbd, 0xf7, 0xc5, 0xd6, 0xbd,
    0xd7, 0xbd, 0xf6, 0xc5, 0xf6, 0xc5, 0xf7, 0xbd, 0xf6, 0xbd, 0xd6, 0xbd,
    0xd6, 0xbd, 0xd6, 0xbd, 0xd6, 0xbd, 0xd5, 0xbd, 0xd5, 0xbd, 0xd6, 0xbd,
    0xb5, 0xbd, 0xb5, 0xbd, 0xd5, 0xbd, 0xb5, 0xb5, 0xd6, 0xbd, 0xd6, 0xbd,
    0xd6, 0xbd, 0xd6, 0xbd, 0xd6, 0xbd, 0xd6, 0xbd, 0xb5, 0xb5, 0xf6, 0xc5,
    0xd6, 0xbd, 0xb6, 0xbd, 0xd5, 0xbd, 0x6c, 0xa4, 0x6e, 0xa4, 0x13, 0xad,
    0x33, 0xa5, 0x13, 0xad, 0xf4, 0xa4, 0x95, 0xb5, 0x98, 0xde, 0x58, 0xd6,
    0x78, 0xde, 0x78, 0xd6, 0x78, 0xde, 0x78, 0xd6, 0x78, 0xd6, 0x78, 0xd6,
    0x78, 0xd6, 0x78, 0xd6, 0x58, 0xd6, 0x57, 0xd6, 0x57, 0xce, 0x98, 0xd6,
    0x98, 0xd6, 0x37, 0xce, 0x58, 0xce, 0x57, 0xd6, 0x57, 0xce, 0x37, 0xce,
    0x37, 0xce, 0x58, 0xd6, 0x58, 0xd6, 0x58, 0xd6, 0x58, 0xd6, 0x58, 0xd6,
    0x58, 0xd6, 0x78, 0xd6, 0x78, 0xd6, 0x78, 0xde, 0x98, 0xd6, 0x58, 0xce,
    0x57, 0xce, 0x78, 0xd6, 0x98, 0xd6, 0x78, 0xd6, 0x78, 0xce, 0x98, 0xd6,
    0x99, 0xd6, 0xb9, 0xde, 0x98, 0xd6, 0x98, 0xd6, 0xb9, 0xd6, 0xb9, 0xde,
    0x98, 0xd6, 0x58, 0xce, 0x78, 0xd6, 0x98, 0xd6, 0x78, 0xd6, 0x98, 0xd6,
    0x78, 0xd6, 0x58, 0xd6, 0x58, 0xd6, 0x78, 0xd6, 0x58, 0xd6, 0x57, 0xce,
    0xf2, 0xa4, 0x54, 0xb5, 0xd5, 0xc5, 0x95, 0xbd, 0x74, 0xbd, 0x53, 0xb5,
    0x94, 0xbd, 0x94, 0xbd, 0xb4, 0xbd, 0x94, 0xbd, 0x94, 0xbd, 0x74, 0xb5,
    0x74, 0xbd, 0x66, 0x62, 0xaa, 0x93, 0x8d, 0xac, 0x8c, 0xac, 0xae, 0xac,
    0x6e, 0x9c, 0x6e, 0x9c, 0x6f, 0x9c, 0x8e, 0xa4, 0x6e, 0x9c, 0x4f, 0x94,
    0x4f, 0x94, 0x6f, 0x8c, 0x4e, 0x8c, 0x2e, 0x8c, 0x4f, 0x84, 0x2e, 0x84,
    0xd0, 0x9c, 0x2d, 0x8c, 0x6e, 0x9c, 0x0c, 0x94, 0xea, 0x8b, 0x89, 0x8b,
    0x68, 0x8b, 0xab, 0x8b, 0xb5, 0xbd, 0x94, 0xad, 0x95, 0xb5, 0x95, 0xb5,
    0xd6, 0xbd, 0x54, 0xb5, 0x13, 0xad, 0x13, 0xad, 0x13, 0xad, 0x34, 0xad,
    0x74, 0xb5, 0x04, 0x21, 0xd3, 0x9c, 0xb6, 0xbd, 0x96, 0xb5, 0xb6, 0xb5,
    0xb6, 0xb5, 0xb6, 0xbd, 0xb6, 0xbd, 0xd6, 0xbd, 0xf7, 0xc5, 0x17, 0xc6,
    0x17, 0xc6, 0xf7, 0xcd, 0x17, 0xce, 0xf7, 0xc5, 0x17, 0xce, 0x17, 0xce,
    0x17, 0xce, 0xf6, 0xc5, 0xf6, 0xc5, 0xf6, 0xc5, 0x17, 0xce, 0x37, 0xd6,
    0x37, 0xce, 0x57, 0xce, 0x78, 0xd6, 0xb9, 0xde, 0xd9, 0xde, 0xb9, 0xde,
    0xb9, 0xde, 0xb9, 0xde, 0x99, 0xd6, 0xb9, 0xde, 0x98, 0xde, 0x78, 0xd6,
    0x78, 0xd6, 0x37, 0xce, 0x57, 0xce, 0xda, 0xe6, 0x3b, 0xef, 0xd9, 0xde,
    0x37, 0xce, 0x17, 0xce, 0xb9, 0xde, 0x78, 0xd6, 0x16, 0xce, 0x16, 0xce,
    0xfa, 0xee, 0x54, 0xb5, 0x54, 0xb5, 0xb5, 0xbd, 0x2f, 0x8c, 0xf6, 0xc5,
    0xd5, 0xc5, 0xd4, 0xc5, 0xd4, 0xc5, 0xd4, 0xbd, 0xb5, 0xb5, 0x33, 0xb5,
    0x71, 0x94, 0x9a, 0xde, 0xfb, 0xe6, 0xf6, 0xc5, 0xd6, 0xc5, 0xd5, 0xbd,
    0xf6, 0xbd, 0xd5, 0xbd, 0xd6, 0xc5, 0xf6, 0xc5, 0xf6, 0xc5, 0x16, 0xc6,
    0xf6, 0xc5, 0xf6, 0xc5, 0xd6, 0xbd, 0xd5, 0xbd, 0xd5, 0xc5, 0xd6, 0xc5,
    0xd6, 0xbd, 0xd5, 0xbd, 0xd6, 0xc5, 0xf6, 0xc5, 0xf6, 0xbd, 0xf6, 0xc5,
    0xf6, 0xc5, 0xf7, 0xbd, 0xf6, 0xc5, 0xf6, 0xbd, 0xf6, 0xc5, 0x16, 0xc6,
    0xf6, 0xc5, 0xf6, 0xc5, 0xf6, 0xc5, 0x57, 0xce, 0xea, 0x62, 0x57, 0xce,
    0x16, 0xc6, 0xf7, 0xc5, 0xf6, 0xc5, 0xf6, 0xc5, 0xf7, 0xc5, 0xf7, 0xc5,
    0xf7, 0xc5, 0xf7, 0xc5, 0xf7, 0xc5, 0xf7, 0xc5, 0x17, 0xc6, 0xf7, 0xc5,
    0xf8, 0xc5, 0x17, 0xc6, 0x17, 0xc6, 0xf7, 0xc5, 0x37, 0xc6, 0x17, 0xc6,
    0x16, 0xc6, 0x17, 0xc6, 0x17, 0xc6, 0x37, 0xc6, 0x17, 0xc6, 0x17, 0xc6,
    0x17, 0xc6, 0x16, 0xc6, 0x17, 0xc6, 0x18, 0xc6, 0xc2, 0x18, 0x81, 0x10,
    0xd6, 0xbd, 0xd6, 0xbd, 0xf6, 0xbd, 0xf6, 0xbd, 0xd5, 0xbd, 0xd6, 0xbd,
    0xd5, 0xbd, 0xd6, 0xbd, 0xd5, 0xbd, 0xf6, 0xbd, 0xd6, 0xbd, 0xf6, 0xbd,
    0xd6, 0xbd, 0xd6, 0xbd, 0xd6, 0xbd, 0xd6, 0xbd, 0xd6, 0xbd, 0xd6, 0xbd,
    0xd6, 0xbd, 0xd6, 0xbd, 0xd6, 0xbd, 0xd5, 0xbd, 0xd6, 0xbd, 0xd6, 0xbd,
    0xd6, 0xbd, 0xd6, 0xbd, 0xd5, 0xbd, 0xd6, 0xbd, 0xd6, 0xbd, 0xb6, 0xbd,
    0xd5, 0xbd, 0xd5, 0xbd, 0xd6, 0xbd, 0xf6, 0xbd, 0xd5, 0xbd, 0xd6, 0xbd,
    0xd6, 0xbd, 0xd5, 0xbd, 0xd6, 0xbd, 0xd6, 0xbd, 0xd6, 0xbd, 0xf6, 0xbd,
    0xd5, 0xbd, 0xd6, 0xbd, 0xd5, 0xbd, 0xd5, 0xbd, 0xf6, 0xbd, 0xd6, 0xc5,
    0xd5, 0xbd, 0xf6, 0xbd, 0xf6, 0xc5, 0xd6, 0xbd, 0xf6, 0xbd, 0xf6, 0xbd,
    0xd6, 0xbd, 0xf6, 0xc5, 0xf6, 0xbd, 0xd6, 0xbd, 0xf6, 0xc5, 0xf6, 0xc5,
    0xf6, 0xbd, 0xf6, 0xbd, 0xd6, 0xbd, 0xf6, 0xc5, 0xf6, 0xbd, 0xd6, 0xbd,
    0xd6, 0xbd, 0xd6, 0xbd, 0xd5, 0xbd, 0xb5, 0xbd, 0xd5, 0xbd, 0xd6, 0xbd,
    0xb5, 0xbd, 0xb5, 0xbd, 0xd5, 0xbd, 0xd6, 0xbd, 0xb6, 0xbd, 0xb6, 0xbd,
    0xd6, 0xbd, 0xd6, 0xbd, 0xd6, 0xbd, 0xb5, 0xbd, 0x95, 0xbd, 0xeb, 0x9b,
    0x12, 0xb5, 0x34, 0xa5, 0x13, 0xa5, 0x34, 0xad, 0x13, 0xa5, 0x37, 0xce,
    0x99, 0xd6, 0x98, 0xd6, 0x78, 0xd6, 0x78, 0xd6, 0x78, 0xd6, 0x78, 0xd6,
    0x78, 0xd6, 0x78, 0xd6, 0x78, 0xd6, 0x78, 0xd6, 0x78, 0xd6, 0x58, 0xd6,
    0x98, 0xd6, 0x78, 0xd6, 0x37, 0xce, 0x58, 0xd6, 0x37, 0xce, 0x57, 0xce,
    0x37, 0xce, 0x37, 0xce, 0x57, 0xce, 0x57, 0xce, 0x57, 0xce, 0x57, 0xce,
    0x37, 0xd6, 0x37, 0xce, 0x37, 0xd6, 0x57, 0xd6, 0x37, 0xce, 0x17, 0xce,
    0x78, 0xd6, 0x78, 0xd6, 0x99, 0xd6, 0x78, 0xd6, 0x78, 0xd6, 0x57, 0xce,
    0x78, 0xd6, 0x98, 0xd6, 0x78, 0xd6, 0x58, 0xce, 0x78, 0xd6, 0x99, 0xd6,
    0x99, 0xd6, 0x98, 0xd6, 0x98, 0xd6, 0x78, 0xd6, 0x99, 0xd6, 0xb9, 0xd6,
    0x99, 0xde, 0x98, 0xd6, 0x98, 0xd6, 0x78, 0xd6, 0x78, 0xd6, 0x57, 0xce,
    0x57, 0xd6, 0x58, 0xd6, 0x79, 0xd6, 0xd5, 0xbd, 0xd5, 0xbd, 0xb4, 0xbd,
    0x94, 0xbd, 0x73, 0xb5, 0x94, 0xbd, 0xb5, 0xc5, 0x94, 0xbd, 0x94, 0xbd,
    0x94, 0xbd, 0x74, 0xbd, 0x90, 0xa4, 0x49, 0x7b, 0x29, 0x7b, 0x29, 0x83,
    0x07, 0x73, 0xca, 0x8b, 0x4d, 0xa4, 0x4d, 0xa4, 0x4d, 0x9c, 0x4d, 0xa4,
    0x6e, 0x9c, 0x6f, 0x94, 0x4e, 0x8c, 0x6f, 0x8c, 0x4f, 0x8c, 0x2e, 0x84,
    0x2e, 0x84, 0x2e, 0x84, 0x4f, 0x8c, 0xb0, 0x8c, 0x91, 0x84, 0x6f, 0x8c,
    0xca, 0x8b, 0xa9, 0x8b, 0xa8, 0x93, 0x26, 0x83, 0x2d, 0xa4, 0x11, 0xb5,
    0xaf, 0xac, 0x8b, 0x9b, 0x24, 0x72, 0xaf, 0xac, 0x54, 0xad, 0x33, 0xad,
    0x33, 0xad, 0x33, 0xb5, 0x34, 0xb5, 0x34, 0xad, 0x81, 0x10, 0xae, 0x73,
    0xd7, 0xbd, 0x96, 0xbd, 0xb6, 0xb5, 0xb6, 0xbd, 0xb6, 0xbd, 0xb7, 0xbd,
    0xb6, 0xbd, 0xd6, 0xc5, 0xf7, 0xc5, 0xf7, 0xcd, 0xf7, 0xc5, 0xf7, 0xc5,
    0xf6, 0xc5, 0xf6, 0xcd, 0xf6, 0xc5, 0xf6, 0xc5, 0xf6, 0xcd, 0x17, 0xce,
    0x17, 0xce, 0xf6, 0xc5, 0x37, 0xce, 0x37, 0xce, 0x37, 0xd6, 0x37, 0xce,
    0x37, 0xce, 0x37, 0xce, 0x37, 0xce, 0x37, 0xce, 0x57, 0xce, 0x58, 0xce,
    0x58, 0xd6, 0x78, 0xd6, 0x99, 0xde, 0xd9, 0xde, 0x78, 0xd6, 0x16, 0xc6,
    0xb5, 0xbd, 0x17, 0xc6, 0x58, 0xce, 0x57, 0xce, 0x36, 0xce, 0x16, 0xce,
    0x57, 0xde, 0xd9, 0xe6, 0x57, 0xd6, 0x17, 0xce, 0x33, 0xad, 0x91, 0x94,
    0x94, 0xbd, 0xd5, 0xc5, 0xd4, 0xc5, 0xd4, 0xc5, 0xd5, 0xc5, 0xd5, 0xc5,
    0xd6, 0xc5, 0xea, 0x62, 0x58, 0xce, 0x78, 0xd6, 0xb9, 0xde, 0xd6, 0xbd,
    0xd6, 0xc5, 0xd6, 0xc5, 0xd6, 0xc5, 0xd6, 0xc5, 0xf6, 0xc5, 0xf6, 0xc5,
    0x95, 0xb5, 0xb5, 0xbd, 0xf6, 0xc5, 0xd5, 0xbd, 0xd6, 0xbd, 0xf6, 0xc5,
    0xd5, 0xbd, 0xd6, 0xbd, 0xf6, 0xc5, 0xf6, 0xc5, 0xf6, 0xc5, 0xf6, 0xc5,
    0xf6, 0xbd, 0xf7, 0xbd, 0xf7, 0xbd, 0xf7, 0xc5, 0xf7, 0xbd, 0xf7, 0xbd,
    0xf6, 0xc5, 0xf6, 0xc5, 0xf6, 0xbd, 0x16, 0xc6, 0xf6, 0xc5, 0xf6, 0xc5,
    0x16, 0xc6, 0xea, 0x62, 0x98, 0xd6, 0x16, 0xc6, 0x16, 0xc6, 0x16, 0xc6,
    0xf7, 0xbd, 0xf7, 0xbd, 0xf6, 0xbd, 0xf7, 0xc5, 0xf7, 0xc5, 0xf7, 0xbd,
    0x17, 0xc6, 0x17, 0xc6, 0x18, 0xc6, 0x17, 0xc6, 0x18, 0xc6, 0xf7, 0xc5,
    0x37, 0xc6, 0x37, 0xc6, 0x17, 0xc6, 0x17, 0xc6, 0x17, 0xc6, 0x17, 0xc6,
    0x16, 0xc6, 0x37, 0xc6, 0x17, 0xc6, 0x17, 0xc6, 0x17, 0xc6, 0x17, 0xc6,
    0x9a, 0xde, 0x99, 0xd6, 0xd6, 0xbd, 0xd6, 0xbd, 0xd6, 0xbd, 0xd6, 0xbd,
    0xd6, 0xbd, 0xd6, 0xbd, 0xd6, 0xbd, 0xd6, 0xbd, 0xd6, 0xbd, 0xf6, 0xbd,
    0xd6, 0xbd, 0xd6, 0xbd, 0xd5, 0xbd, 0xd6, 0xbd, 0xd6, 0xbd, 0xd6, 0xbd,
    0xd6, 0xbd, 0xd6, 0xbd, 0xf6, 0xbd, 0xd6, 0xbd, 0xd6, 0xbd, 0xd6, 0xbd,
    0xd6, 0xbd, 0xf6, 0xbd, 0xd5, 0xbd, 0xd6, 0xbd, 0xd6, 0xbd, 0xd6, 0xbd,
    0xd6, 0xbd, 0xb6, 0xb5, 0xd5, 0xbd, 0xd5, 0xbd, 0xd6, 0xbd, 0xf6, 0xc5,
    0xf6, 0xbd, 0xd6, 0xbd, 0xf6, 0xbd, 0xd6, 0xbd, 0xd6, 0xbd, 0xd6, 0xbd,
    0xd6, 0xbd, 0xd6, 0xbd, 0xd6, 0xbd, 0xd6, 0xbd, 0xd6, 0xbd, 0xd5, 0xbd,
    0xd6, 0xbd, 0xd6, 0xbd, 0xd5, 0xbd, 0xd6, 0xbd, 0xf6, 0xc5, 0xf6, 0xbd,
    0xf6, 0xc5, 0xf6, 0xbd, 0xf6, 0xbd, 0xf6, 0xc5, 0xf6, 0xbd, 0xd6, 0xbd,
    0xf6, 0xbd, 0xf6, 0xbd, 0xf6, 0xc5, 0xf6, 0xc5, 0xf6, 0xbd, 0xd6, 0xbd,
    0xd6, 0xbd, 0xd6, 0xbd, 0xd6, 0xbd, 0xd5, 0xbd, 0xd6, 0xbd, 0xd6, 0xbd,
    0xd6, 0xbd, 0xd6, 0xbd, 0xd6, 0xbd, 0xd6, 0xbd, 0xb5, 0xb5, 0xd6, 0xbd,
    0xd6, 0xbd, 0xb5, 0xbd, 0xd6, 0xbd, 0xd6, 0xbd, 0xb5, 0xbd, 0xb5, 0xbd,
    0x93, 0xbd, 0xec, 0x9b, 0x12, 0xa5, 0x34, 0xa5, 0x14, 0xa5, 0x34, 0xad,
    0x13, 0xa5, 0x79, 0xde, 0x98, 0xd6, 0x99, 0xd6, 0x99, 0xd6, 0x78, 0xd6,
    0x78, 0xd6, 0x79, 0xde, 0x78, 0xd6, 0x78, 0xce, 0x78, 0xd6, 0x78, 0xd6,
    0x78, 0xd6, 0x78, 0xd6, 0x58, 0xd6, 0x37, 0xce, 0x37, 0xce, 0x37, 0xce,
    0x57, 0xd6, 0x58, 0xce, 0x37, 0xce, 0x37, 0xce, 0x58, 0xd6, 0x58, 0xd6,
    0x57, 0xce, 0x37, 0xce, 0x38, 0xd6, 0x58, 0xd6, 0x37, 0xce, 0x17, 0xce,
    0x38, 0xd6, 0x37, 0xce, 0x37, 0xc6, 0x17, 0xc6, 0x37, 0xce, 0x37, 0xce,
    0x37, 0xce, 0x37, 0xce, 0x37, 0xce, 0x37, 0xce, 0x57, 0xce, 0x78, 0xd6,
    0x58, 0xd6, 0x58, 0xce, 0x57, 0xce, 0x78, 0xd6, 0x98, 0xd6, 0x98, 0xd6,
    0x99, 0xd6, 0x98, 0xd6, 0x99, 0xde, 0x98, 0xd6, 0x98, 0xd6, 0x78, 0xd6,
    0x58, 0xd6, 0x78, 0xd6, 0x78, 0xd6, 0x78, 0xd6, 0x57, 0xd6, 0x36, 0xce,
    0xb4, 0xbd, 0xf5, 0xc5, 0x95, 0xbd, 0x74, 0xbd, 0x74, 0xbd, 0x94, 0xbd,
    0x94, 0xbd, 0x94, 0xbd, 0x74, 0xbd, 0x94, 0xbd, 0x0e, 0x94, 0x08, 0x7b,
    0xc7, 0x72, 0xcb, 0x93, 0x04, 0x5a, 0x49, 0x83, 0x2c, 0x9c, 0x6d, 0xa4,
    0x6c, 0x9c, 0x6c, 0x9c, 0x6c, 0xa4, 0x6e, 0x9c, 0x4d, 0x94, 0x4e, 0x8c,
    0x4e, 0x8c, 0x2d, 0x84, 0x4f, 0x84, 0x2f, 0x84, 0x2e, 0x84, 0x70, 0x84,
    0x71, 0x84, 0x2d, 0x8c, 0x2c, 0x8c, 0xca, 0x93, 0xc8, 0x93, 0x66, 0x9b,
    0x22, 0x8a, 0x80, 0x81, 0xc1, 0x89, 0xc0, 0x91, 0x42, 0x92, 0x66, 0x9b,
    0xaf, 0xb4, 0x34, 0xad, 0x33, 0xad, 0x33, 0xad, 0x33, 0xad, 0x54, 0xb5,
    0x54, 0xad, 0x24, 0x21, 0x0c, 0x63, 0x14, 0xa5, 0xd7, 0xbd, 0xd7, 0xbd,
    0xb6, 0xbd, 0xb6, 0xbd, 0x96, 0xbd, 0x96, 0xbd, 0x95, 0xbd, 0xb6, 0xbd,
    0xb6, 0xc5, 0xf7, 0xcd, 0x17, 0xce, 0xf7, 0xcd, 0xf6, 0xcd, 0xf6, 0xc5,
    0xf7, 0xcd, 0xf6, 0xc5, 0xf6, 0xcd, 0x17, 0xce, 0x17, 0xce, 0x17, 0xce,
    0x17, 0xce, 0x58, 0xd6, 0x78, 0xd6, 0x78, 0xce, 0x58, 0xce, 0x78, 0xd6,
    0x58, 0xce, 0x57, 0xce, 0x58, 0xd6, 0x57, 0xce, 0x37, 0xce, 0x37, 0xce,
    0x37, 0xce, 0x78, 0xd6, 0x78, 0xd6, 0x57, 0xd6, 0x36, 0xce, 0x36, 0xce,
    0x36, 0xce, 0xb9, 0xe6, 0x94, 0xc5, 0xb1, 0xa4, 0xf2, 0xac, 0x4f, 0x94,
    0x33, 0xad, 0xf7, 0xc5, 0xf5, 0xc5, 0xf4, 0xc5, 0xf3, 0xc5, 0x14, 0xce,
    0x93, 0xbd, 0x73, 0xb5, 0x8d, 0x7b, 0x13, 0xad, 0x79, 0xde, 0x99, 0xde,
    0x78, 0xd6, 0xf6, 0xc5, 0xf6, 0xc5, 0xf6, 0xc5, 0xd5, 0xbd, 0xf6, 0xc5,
    0xf6, 0xc5, 0xf6, 0xc5, 0xf6, 0xbd, 0xf6, 0xc5, 0xb5, 0xbd, 0xf6, 0xc5,
    0xd6, 0xbd, 0xf6, 0xc5, 0xd5, 0xbd, 0xd5, 0xbd, 0xf6, 0xc5, 0xf6, 0xc5,
    0xf6, 0xc5, 0xf6, 0xc5, 0xf6, 0xbd, 0xf7, 0xbd, 0xf6, 0xc5, 0xf6, 0xbd,
    0xf6, 0xbd, 0xf6, 0xc5, 0xf6, 0xc5, 0xf6, 0xc5, 0xf7, 0xc5, 0x95, 0xb5,
    0xd5, 0xbd, 0x16, 0xc6, 0x17, 0xc6, 0x95, 0xb5, 0x6c, 0x73, 0x78, 0xd6,
    0x17, 0xc6, 0x16, 0xc6, 0xf7, 0xc5, 0xf7, 0xc5, 0xf7, 0xc5, 0x17, 0xc6,
    0x17, 0xc6, 0xf7, 0xc5, 0x17, 0xc6, 0x17, 0xc6, 0x17, 0xc6, 0xf7, 0xc5,
    0xf7, 0xc5, 0x17, 0xc6, 0x17, 0xc6, 0x17, 0xc6, 0x17, 0xc6, 0x17, 0xc6,
    0x37, 0xc6, 0x17, 0xc6, 0x17, 0xc6, 0x37, 0xc6, 0x17, 0xc6, 0x17, 0xc6,
    0x17, 0xc6, 0x17, 0xc6, 0x17, 0xc6, 0x37, 0xc6, 0xd5, 0xbd, 0xf6, 0xbd,
    0xf6, 0xc5, 0xd6, 0xbd, 0xf6, 0xbd, 0xd6, 0xbd, 0xd6, 0xbd, 0xd5, 0xbd,
    0xd6, 0xbd, 0xf6, 0xbd, 0xd6, 0xbd, 0xd6, 0xbd, 0xd6, 0xbd, 0xd5, 0xbd,
    0xd6, 0xbd, 0xf6, 0xbd, 0xd5, 0xbd, 0xd6, 0xbd, 0xf6, 0xbd, 0xf6, 0xbd,
    0xf6, 0xbd, 0xd5, 0xbd, 0xd6, 0xbd, 0xd6, 0xbd, 0xd5, 0xbd, 0xd6, 0xbd,
    0xd6, 0xbd, 0xd6, 0xbd, 0xd6, 0xbd, 0xb6, 0xb5, 0xd5, 0xbd, 0xd5, 0xbd,
    0xd6, 0xbd, 0xd6, 0xbd, 0xf6, 0xc5, 0xf5, 0xc5, 0xd6, 0xbd, 0xf6, 0xbd,
    0xd5, 0xbd, 0xd6, 0xbd, 0xd6, 0xbd, 0xf6, 0xc5, 0xd5, 0xbd, 0xd5, 0xbd,
    0xf6, 0xbd, 0xd5, 0xbd, 0xd6, 0xbd, 0xd5, 0xbd, 0xd5, 0xbd, 0xf6, 0xbd,
    0xf6, 0xbd, 0xf6, 0xc5, 0xf6, 0xc5, 0xd6, 0xbd, 0xf6, 0xc5, 0xf6, 0xbd,
    0xd6, 0xbd, 0xd6, 0xbd, 0xf6, 0xc5, 0xd6, 0xbd, 0xd6, 0xbd, 0xd6, 0xbd,
    0xf6, 0xbd, 0xf6, 0xc5, 0xf6, 0xbd, 0xf6, 0xbd, 0xf6, 0xc5, 0xf6, 0xbd,
    0xd6, 0xbd, 0xd5, 0xbd, 0xd5, 0xbd, 0xd6, 0xbd, 0xb5, 0xb5, 0xd5, 0xbd,
    0xd6, 0xbd, 0xd6, 0xbd, 0xd6, 0xbd, 0xd6, 0xbd, 0xd6, 0xbd, 0xd6, 0xc5,
    0xd5, 0xbd, 0xb5, 0xbd, 0x11, 0xb5, 0x4e, 0xa4, 0x14, 0xa5, 0x34, 0xa5,
    0x14, 0xad, 0xf4, 0xa4, 0x13, 0xad, 0x98, 0xde, 0x99, 0xd6, 0x98, 0xd6,
    0x99, 0xde, 0x78, 0xde, 0x78, 0xd6, 0x58, 0xd6, 0x78, 0xd6, 0x78, 0xce,
    0x78, 0xd6, 0x78, 0xce, 0x78, 0xd6, 0x58, 0xd6, 0x57, 0xce, 0x37, 0xce,
    0x58, 0xce, 0x58, 0xd6, 0x37, 0xce, 0x37, 0xce, 0x37, 0xce, 0x37, 0xce,
    0x37, 0xce, 0x37, 0xce, 0x37, 0xce, 0x37, 0xce, 0x38, 0xd6, 0x37, 0xce,
    0x58, 0xd6, 0x58, 0xd6, 0x58, 0xd6, 0x58, 0xd6, 0x78, 0xd6, 0x98, 0xd6,
    0x98, 0xd6, 0x98, 0xd6, 0x58, 0xce, 0x37, 0xce, 0x78, 0xce, 0x78, 0xd6,
    0x58, 0xce, 0x57, 0xce, 0x57, 0xce, 0x57, 0xce, 0x58, 0xce, 0x58, 0xd6,
    0x58, 0xd6, 0x58, 0xd6, 0x58, 0xce, 0x78, 0xd6, 0xb9, 0xde, 0xb9, 0xde,
    0x78, 0xd6, 0x58, 0xd6, 0x78, 0xd6, 0x57, 0xce, 0x58, 0xd6, 0x36, 0xce,
    0x15, 0xce, 0x35, 0xce, 0x15, 0xc6, 0xf5, 0xc5, 0xd5, 0xc5, 0xb4, 0xc5,
    0x94, 0xbd, 0x74, 0xbd, 0x94, 0xbd, 0x94, 0xbd, 0x94, 0xbd, 0x33, 0xb5,
    0x2f, 0x94, 0x08, 0x73, 0x08, 0x7b, 0xec, 0x9b, 0xa7, 0x6a, 0xcb, 0x93,
    0x4b, 0x9c, 0x6c, 0x9c, 0x6c, 0xa4, 0x6c, 0x9c, 0x4b, 0xa4, 0x4d, 0x9c,
    0x6e, 0x94, 0x2d, 0x94, 0x4c, 0x94, 0x2d, 0x8c, 0x2f, 0x84, 0x2e, 0x84,
    0x2e, 0x84, 0x2f, 0x7c, 0x50, 0x7c, 0x2e, 0x84, 0x0d, 0x84, 0xeb, 0x93,
    0xe9, 0x93, 0x67, 0x93, 0x05, 0xa3, 0x06, 0x93, 0x87, 0xab, 0x22, 0x8a,
    0x07, 0x93, 0x2c, 0xac, 0x48, 0x93, 0xd1, 0xac, 0x33, 0xad, 0x33, 0xad,
    0x33, 0xad, 0x54, 0xb5, 0x54, 0xb5, 0xd6, 0xbd, 0xaa, 0x5a, 0x2c, 0x6b,
    0xcb, 0x5a, 0xd3, 0x9c, 0x18, 0xce, 0xd7, 0xbd, 0xb7, 0xbd, 0x96, 0xbd,
    0x96, 0xbd, 0x96, 0xbd, 0x75, 0xb5, 0x75, 0xb5, 0xb5, 0xbd, 0xf6, 0xc5,
    0x37, 0xce, 0x17, 0xce, 0x17, 0xce, 0xf6, 0xcd, 0xf6, 0xc5, 0xf6, 0xc5,
    0xf6, 0xc5, 0xf6, 0xc5, 0xd6, 0xc5, 0x17, 0xce, 0x37, 0xce, 0x57, 0xce,
    0x58, 0xce, 0x58, 0xd6, 0x78, 0xd6, 0x98, 0xd6, 0x78, 0xd6, 0x78, 0xd6,
    0x78, 0xd6, 0x58, 0xd6, 0x78, 0xd6, 0x58, 0xd6, 0x57, 0xd6, 0x16, 0xd6,
    0xb9, 0xe6, 0xfa, 0xee, 0x98, 0xde, 0x74, 0xbd, 0x90, 0xa4, 0x90, 0x9c,
    0x50, 0x9c, 0xf6, 0xcd, 0x16, 0xc6, 0xd6, 0xc5, 0xf6, 0xcd, 0x16, 0xce,
    0x36, 0xd6, 0x53, 0xb5, 0x8c, 0x7b, 0x2e, 0x8c, 0xad, 0x83, 0xb9, 0xe6,
    0x58, 0xde, 0xda, 0xe6, 0x37, 0xce, 0xf6, 0xbd, 0xf6, 0xc5, 0xf6, 0xc5,
    0xd5, 0xbd, 0xf6, 0xc5, 0xd6, 0xc5, 0xd5, 0xc5, 0xf6, 0xbd, 0xd6, 0xbd,
    0xd5, 0xbd, 0xb5, 0xb5, 0xf6, 0xc5, 0xf6, 0xc5, 0xf6, 0xc5, 0xd6, 0xbd,
    0xd5, 0xbd, 0xf6, 0xc5, 0xf6, 0xc5, 0xf6, 0xc5, 0xf7, 0xc5, 0xf7, 0xc5,
    0xf6, 0xc5, 0xf6, 0xc5, 0xf7, 0xc5, 0xf7, 0xbd, 0xf7, 0xc5, 0xf6, 0xc5,
    0xf7, 0xc5, 0x17, 0xc6, 0x95, 0xb5, 0x13, 0xa5, 0xd6, 0xbd, 0x58, 0xd6,
    0xd2, 0xa4, 0x0e, 0x84, 0x58, 0xce, 0x16, 0xc6, 0xf7, 0xc5, 0xf7, 0xc5,
    0xf7, 0xc5, 0xf7, 0xc5, 0xf7, 0xbd, 0xf7, 0xc5, 0xf7, 0xc5, 0xf7, 0xc5,
    0xf8, 0xc5, 0x17, 0xc6, 0xf7, 0xc5, 0x17, 0xc6, 0x37, 0xc6, 0x17, 0xc6,
    0x17, 0xc6, 0x16, 0xc6, 0x17, 0xc6, 0x17, 0xc6, 0x16, 0xc6, 0x17, 0xc6,
    0x17, 0xc6, 0x16, 0xc6, 0x17, 0xc6, 0x17, 0xc6, 0x16, 0xc6, 0x17, 0xc6,
    0xd6, 0xbd, 0xd6, 0xbd, 0xd6, 0xbd, 0xf6, 0xc5, 0xd6, 0xbd, 0xf6, 0xbd,
    0xd5, 0xbd, 0xd6, 0xbd, 0xd6, 0xbd, 0xf6, 0xbd, 0xd5, 0xbd, 0xf6, 0xc5,
    0xf6, 0xbd, 0xf6, 0xbd, 0xd6, 0xbd, 0xd6, 0xbd, 0xd5, 0xbd, 0xf6, 0xbd,
    0xd6, 0xbd, 0xd6, 0xbd, 0xf6, 0xbd, 0xf6, 0xbd, 0xd6, 0xbd, 0xf6, 0xbd,
    0xf5, 0xbd, 0xd5, 0xbd, 0xd5, 0xbd, 0xf6, 0xbd, 0xd5, 0xbd, 0xd5, 0xbd,
    0xd6, 0xbd, 0xd6, 0xbd, 0xf6, 0xbd, 0xd5, 0xbd, 0xd6, 0xbd, 0xd5, 0xbd,
    0xd6, 0xbd, 0xd6, 0xbd, 0xd6, 0xbd, 0xd6, 0xbd, 0xd6, 0xbd, 0xf6, 0xbd,
    0xd5, 0xbd, 0xd5, 0xbd, 0xd6, 0xbd, 0xf6, 0xc5, 0xf6, 0xbd, 0xd6, 0xbd,
    0xd5, 0xbd, 0xd6, 0xc5, 0xd5, 0xbd, 0xd5, 0xbd, 0xf6, 0xbd, 0xd5, 0xbd,
    0xf6, 0xbd, 0xf6, 0xc5, 0xf6, 0xbd, 0xd6, 0xbd, 0xd6, 0xbd, 0xf6, 0xc5,
    0xd6, 0xbd, 0xf6, 0xc5, 0xf6, 0xc5, 0xd6, 0xbd, 0xf6, 0xc5, 0xf6, 0xc5,
    0xd5, 0xbd, 0xd6, 0xbd, 0xd6, 0xbd, 0xd5, 0xbd, 0xd6, 0xbd, 0xf6, 0xbd,
    0xd6, 0xbd, 0xd6, 0xbd, 0xb5, 0xbd, 0xd6, 0xbd, 0xd5, 0xbd, 0xd6, 0xbd,
    0xd5, 0xbd, 0xd6, 0xbd, 0xd5, 0xbd, 0xd6, 0xb5, 0xd0, 0xa4, 0xd1, 0xac,
    0x14, 0xa5, 0x14, 0xad, 0x15, 0xad, 0x34, 0xa5, 0xd3, 0xa4, 0x78, 0xd6,
    0x99, 0xde, 0x99, 0xd6, 0x99, 0xde, 0x79, 0xd6, 0x99, 0xd6, 0x99, 0xd6,
    0x79, 0xd6, 0x78, 0xd6, 0x78, 0xd6, 0x78, 0xd6, 0x78, 0xd6, 0x79, 0xd6,
    0x78, 0xd6, 0x78, 0xd6, 0x58, 0xce, 0x57, 0xd6, 0x78, 0xd6, 0x58, 0xce,
    0x37, 0xce, 0x37, 0xce, 0x58, 0xd6, 0x58, 0xd6, 0x37, 0xce, 0x37, 0xce,
    0x37, 0xce, 0x57, 0xce, 0x78, 0xd6, 0x57, 0xce, 0x57, 0xce, 0x57, 0xce,
    0x37, 0xd6, 0x17, 0xce, 0x37, 0xce, 0x37, 0xce, 0x37, 0xce, 0x37, 0xce,
    0x37, 0xce, 0x38, 0xd6, 0x58, 0xd6, 0x78, 0xd6, 0x58, 0xd6, 0x38, 0xd6,
    0x78, 0xce, 0x78, 0xce, 0x57, 0xce, 0x78, 0xd6, 0x78, 0xd6, 0xb9, 0xd6,
    0x78, 0xd6, 0x37, 0xce, 0xd6, 0xc5, 0xf6, 0xc5, 0x16, 0xce, 0xf5, 0xc5,
    0xf7, 0xc5, 0x16, 0xce, 0x16, 0xce, 0x56, 0xce, 0x36, 0xd6, 0xd5, 0xc5,
    0xb5, 0xc5, 0xb5, 0xbd, 0x74, 0xbd, 0x94, 0xbd, 0x74, 0xbd, 0x94, 0xbd,
    0x94, 0xbd, 0x12, 0xb5, 0x4f, 0x9c, 0x8b, 0x8b, 0x66, 0x6a, 0x49, 0x83,
    0x6f, 0x9c, 0x0c, 0x94, 0x4b, 0x9c, 0x4b, 0x9c, 0x2d, 0xa4, 0x2b, 0xac,
    0x2a, 0xb4, 0x4c, 0xa4, 0x6d, 0x9c, 0x4d, 0x94, 0x2c, 0x9c, 0x2c, 0x8c,
    0x2f, 0x84, 0x2e, 0x7c, 0x4f, 0x7c, 0x2f, 0x7c, 0x50, 0x74, 0x4f, 0x7c,
    0x2e, 0x84, 0x0c, 0x8c, 0x0a, 0x94, 0xc9, 0x9b, 0xa8, 0x9b, 0x09, 0xa4,
    0x2b, 0xac, 0xca, 0xa3, 0x2d, 0xa4, 0xf1, 0xac, 0xd0, 0xac, 0xa6, 0x7a,
    0x31, 0xb5, 0x33, 0xa5, 0x33, 0xad, 0x53, 0xad, 0x54, 0xb5, 0x74, 0xad,
    0x75, 0xbd, 0x50, 0x8c, 0x51, 0x8c, 0x4d, 0x63, 0x69, 0x4a, 0xd3, 0xa4,
    0xd7, 0xbd, 0xb6, 0xbd, 0x96, 0xbd, 0x96, 0xb5, 0x75, 0xb5, 0x74, 0xb5,
    0x74, 0xb5, 0x54, 0xb5, 0x34, 0xad, 0xb5, 0xbd, 0x37, 0xce, 0x17, 0xce,
    0x17, 0xce, 0xf6, 0xc5, 0xf6, 0xc5, 0xb6, 0xc5, 0xd6, 0xc5, 0xf6, 0xcd,
    0x17, 0xce, 0x37, 0xce, 0x57, 0xd6, 0x37, 0xd6, 0x57, 0xd6, 0x57, 0xd6,
    0x57, 0xd6, 0x57, 0xd6, 0x57, 0xd6, 0x37, 0xd6, 0x37, 0xd6, 0x78, 0xde,
    0x57, 0xd6, 0xf6, 0xcd, 0x53, 0xb5, 0x90, 0x9c, 0x6f, 0x9c, 0x90, 0x9c,
    0xb1, 0xa4, 0xf2, 0xac, 0xd6, 0xc5, 0xb5, 0xbd, 0xd6, 0xbd, 0xf6, 0xc5,
    0x37, 0xce, 0x78, 0xd6, 0xb2, 0x9c, 0x84, 0x39, 0xac, 0x83, 0x2a, 0x6b,
    0x74, 0xbd, 0x75, 0xbd, 0xd6, 0xc5, 0x78, 0xd6, 0xd6, 0xc5, 0xf6, 0xc5,
    0xf6, 0xc5, 0xd6, 0xc5, 0xf6, 0xc5, 0xd5, 0xbd, 0xd6, 0xc5, 0xd5, 0xc5,
    0xd6, 0xbd, 0xd5, 0xbd, 0xd5, 0xbd, 0xb5, 0xbd, 0xd6, 0xbd, 0xd5, 0xbd,
    0xd5, 0xbd, 0xd6, 0xc5, 0xf6, 0xc5, 0xf6, 0xc5, 0x17, 0xc6, 0x16, 0xc6,
    0x16, 0xc6, 0x16, 0xc6, 0x17, 0xc6, 0xf6, 0xc5, 0xf6, 0xbd, 0xf6, 0xc5,
    0xf6, 0xbd, 0xf6, 0xbd, 0xf6, 0xbd, 0xf6, 0xc5, 0x17, 0xce, 0x37, 0xce,
    0x74, 0xb5, 0xf2, 0xa4, 0xb5, 0xbd, 0xad, 0x7b, 0x33, 0xad, 0x37, 0xce,
    0xf7, 0xc5, 0x17, 0xc6, 0xf6, 0xc5, 0x17, 0xc6, 0x18, 0xc6, 0xf7, 0xc5,
    0x17, 0xc6, 0x17, 0xc6, 0xf7, 0xbd, 0x17, 0xc6, 0x17, 0xc6, 0x17, 0xc6,
    0x17, 0xc6, 0x17, 0xce, 0x17, 0xce, 0x17, 0xce, 0x17, 0xc6, 0x17, 0xce,
    0x37, 0xce, 0x37, 0xce, 0x37, 0xce, 0x37, 0xce, 0x37, 0xce, 0x37, 0xce,
    0x38, 0xce, 0x37, 0xc6, 0xd6, 0xbd, 0xd6, 0xbd, 0xf6, 0xbd, 0xd6, 0xbd,
    0xd6, 0xc5, 0xf6, 0xbd, 0xd6, 0xbd, 0xd6, 0xbd, 0xd6, 0xbd, 0xd6, 0xc5,
    0xf6, 0xbd, 0xd6, 0xbd, 0xd6, 0xbd, 0xf6, 0xbd, 0xd6, 0xbd, 0xd5, 0xbd,
    0xd6, 0xbd, 0xf6, 0xc5, 0xd6, 0xbd, 0xd6, 0xbd, 0xd6, 0xbd, 0xd6, 0xc5,
    0xd6, 0xbd, 0xd6, 0xbd, 0xd6, 0xbd, 0xd6, 0xbd, 0xd6, 0xbd, 0xf6, 0xbd,
    0xd6, 0xbd, 0xd5, 0xbd, 0xd6, 0xbd, 0xd6, 0xbd, 0xf6, 0xbd, 0xd5, 0xbd,
    0xd6, 0xbd, 0xf6, 0xbd, 0xd6, 0xbd, 0xd6, 0xbd, 0xd6, 0xbd, 0xd6, 0xbd,
    0xd5, 0xbd, 0xf6, 0xbd, 0xd5, 0xbd, 0xd6, 0xbd, 0xd5, 0xbd, 0xd6, 0xbd,
    0xd6, 0xbd, 0xf6, 0xbd, 0xd5, 0xbd, 0xf6, 0xc5, 0xd6, 0xbd, 0xd5, 0xbd,
    0xd6, 0xbd, 0xd6, 0xbd, 0xf6, 0xc5, 0xf6, 0xbd, 0xd6, 0xbd, 0xf6, 0xbd,
    0xf6, 0xbd, 0xf6, 0xc5, 0xf6, 0xbd, 0xf6, 0xbd, 0xf6, 0xbd, 0xd6, 0xbd,
    0xf6, 0xbd, 0xd6, 0xbd, 0xd6, 0xbd, 0xd6, 0xbd, 0xf5, 0xbd, 0xf6, 0xbd,
    0xd6, 0xbd, 0xf6, 0xbd, 0xd6, 0xbd, 0xd6, 0xbd, 0xd6, 0xbd, 0xd6, 0xbd,
    0xd6, 0xbd, 0xd6, 0xbd, 0xd5, 0xbd, 0xd6, 0xbd, 0xb5, 0xbd, 0xd6, 0xbd,
    0x8e, 0xa4, 0x12, 0xad, 0x34, 0xa5, 0x34, 0xad, 0x35, 0xad, 0x14, 0xa5,
    0xf3, 0xa4, 0x58, 0xd6, 0x99, 0xd6, 0x99, 0xd6, 0x78, 0xd6, 0x99, 0xd6,
    0x79, 0xd6, 0x78, 0xd6, 0x79, 0xd6, 0x78, 0xd6, 0x78, 0xce, 0x79, 0xd6,
    0x78, 0xd6, 0x78, 0xd6, 0x58, 0xce, 0x37, 0xce, 0x57, 0xce, 0x57, 0xd6,
    0x37, 0xce, 0x58, 0xd6, 0x78, 0xd6, 0x78, 0xd6, 0x16, 0xce, 0x17, 0xc6,
    0x37, 0xce, 0x57, 0xce, 0x57, 0xce, 0x16, 0xc6, 0x17, 0xce, 0x17, 0xce,
    0x37, 0xce, 0x57, 0xce, 0x37, 0xce, 0x17, 0xce, 0xf6, 0xc5, 0xf6, 0xc5,
    0x16, 0xc6, 0xf6, 0xc5, 0xf7, 0xcd, 0x37, 0xce, 0x38, 0xd6, 0x58, 0xd6,
    0x38, 0xd6, 0x58, 0xd6, 0x37, 0xce, 0x37, 0xce, 0x37, 0xce, 0x57, 0xce,
    0x98, 0xde, 0x0f, 0x94, 0xee, 0x8b, 0x37, 0xce, 0xb5, 0xbd, 0xd5, 0xc5,
    0x16, 0xce, 0x37, 0xce, 0x37, 0xce, 0x37, 0xce, 0x57, 0xd6, 0x57, 0xce,
    0x56, 0xd6, 0xd5, 0xc5, 0x15, 0xce, 0x53, 0xb5, 0x12, 0xad, 0x73, 0xb5,
    0x74, 0xbd, 0x94, 0xbd, 0x94, 0xbd, 0x13, 0xb5, 0x0d, 0x94, 0x6f, 0xa4,
    0xc7, 0x72, 0xc7, 0x72, 0x0d, 0x94, 0x4e, 0x9c, 0x2b, 0xa4, 0x29, 0xac,
    0x29, 0xac, 0x4a, 0xac, 0x49, 0xb4, 0x48, 0xbc, 0x69, 0xb4, 0x4a, 0xac,
    0x2a, 0xa4, 0x2d, 0x94, 0x2f, 0x7c, 0x4f, 0x74, 0x50, 0x74, 0x50, 0x74,
    0x4f, 0x7c, 0x4f, 0x7c, 0x4f, 0x84, 0x2e, 0x84, 0x2c, 0x8c, 0xe9, 0x9b,
    0xa8, 0x9b, 0xe9, 0x9b, 0x4d, 0xa4, 0xb0, 0xa4, 0x33, 0xad, 0x13, 0xad,
    0xcb, 0x93, 0x2b, 0xb4, 0x6a, 0x8b, 0x53, 0xb5, 0x33, 0xa5, 0x53, 0xad,
    0x54, 0xad, 0x74, 0xb5, 0x74, 0xad, 0x75, 0xb5, 0xf3, 0xa4, 0xb1, 0x94,
    0x34, 0xad, 0x10, 0x84, 0x91, 0x94, 0xf3, 0xa4, 0xb6, 0xbd, 0xb6, 0xc5,
    0x75, 0xbd, 0x55, 0xb5, 0x75, 0xb5, 0x54, 0xb5, 0x54, 0xb5, 0xf2, 0xac,
    0xd2, 0xa4, 0x54, 0xb5, 0x17, 0xce, 0x17, 0xce, 0x17, 0xce, 0xf6, 0xcd,
    0xf6, 0xcd, 0xd6, 0xc5, 0xb5, 0xc5, 0xb5, 0xbd, 0x94, 0xbd, 0xb5, 0xc5,
    0xb5, 0xbd, 0xb5, 0xbd, 0x95, 0xbd, 0xb5, 0xc5, 0xb5, 0xbd, 0xd6, 0xc5,
    0x94, 0xbd, 0x4f, 0x94, 0x50, 0x94, 0x91, 0x9c, 0x91, 0x9c, 0xb1, 0xa4,
    0xb1, 0xa4, 0xd2, 0xa4, 0xd3, 0xa4, 0x75, 0xbd, 0xb6, 0xbd, 0xf7, 0xc5,
    0x38, 0xce, 0xda, 0xe6, 0xd5, 0xbd, 0x89, 0x52, 0xe2, 0x20, 0x23, 0x31,
    0x63, 0x39, 0x02, 0x29, 0xe2, 0x28, 0x74, 0xb5, 0x17, 0xce, 0xf6, 0xc5,
    0xf6, 0xc5, 0xf7, 0xcd, 0xf6, 0xc5, 0xf6, 0xc5, 0xf6, 0xc5, 0xd5, 0xbd,
    0xd6, 0xc5, 0xd5, 0xbd, 0xd6, 0xbd, 0xd5, 0xbd, 0xd6, 0xc5, 0xf6, 0xc5,
    0xf6, 0xc5, 0xd6, 0xbd, 0xd6, 0xbd, 0xf6, 0xc5, 0x16, 0xc6, 0x17, 0xc6,
    0x16, 0xc6, 0x17, 0xc6, 0xf6, 0xc5, 0x37, 0xc6, 0xf6, 0xc5, 0xf6, 0xbd,
    0xf6, 0xbd, 0xf6, 0xc5, 0xf6, 0xbd, 0xf6, 0xbd, 0xf6, 0xbd, 0xf6, 0xc5,
    0xf6, 0xc5, 0xf6, 0xc5, 0xf7, 0xc5, 0x17, 0xce, 0xd5, 0xbd, 0x33, 0xad,
    0x88, 0x52, 0x37, 0xce, 0x17, 0xc6, 0xf6, 0xc5, 0xf6, 0xc5, 0x17, 0xc6,
    0x17, 0xc6, 0x17, 0xc6, 0x17, 0xc6, 0x17, 0xc6, 0x17, 0xc6, 0x17, 0xc6,
    0x16, 0xc6, 0x17, 0xc6, 0x17, 0xc6, 0x17, 0xc6, 0x16, 0xc6, 0x17, 0xce,
    0x37, 0xc6, 0x17, 0xc6, 0x37, 0xce, 0x38, 0xc6, 0x38, 0xc6, 0x38, 0xc6,
    0x38, 0xc6, 0x37, 0xce, 0x38, 0xc6, 0x37, 0xc6, 0xd6, 0xbd, 0xd6, 0xbd,
    0xf6, 0xc5, 0xd6, 0xbd, 0xd6, 0xbd, 0xd6, 0xbd, 0xd5, 0xbd, 0xd6, 0xbd,
    0xd6, 0xbd, 0xf6, 0xbd, 0xf6, 0xc5, 0xd6, 0xbd, 0xd6, 0xbd, 0xd6, 0xbd,
    0xd6, 0xbd, 0xd5, 0xbd, 0xd6, 0xbd, 0xd6, 0xbd, 0xd6, 0xbd, 0xd5, 0xbd,
    0xd6, 0xbd, 0xf6, 0xbd, 0xd5, 0xbd, 0xd6, 0xbd, 0xf6, 0xc5, 0xf6, 0xbd,
    0xd5, 0xbd, 0xd6, 0xbd, 0xf6, 0xbd, 0xd5, 0xbd, 0xd5, 0xbd, 0xd5, 0xbd,
    0xf6, 0xc5, 0xd6, 0xbd, 0xd5, 0xbd, 0xf6, 0xc5, 0xd5, 0xbd, 0xd6, 0xbd,
    0xd6, 0xbd, 0xd6, 0xc5, 0xd6, 0xbd, 0xd6, 0xbd, 0xd5, 0xbd, 0xb5, 0xbd,
    0xd5, 0xbd, 0xd6, 0xbd, 0xd6, 0xc5, 0xf6, 0xc5, 0xd5, 0xbd, 0xf6, 0xbd,
    0xd6, 0xbd, 0xd5, 0xbd, 0xd6, 0xbd, 0xd5, 0xbd, 0xf6, 0xc5, 0xf6, 0xbd,
    0xd6, 0xbd, 0xd6, 0xc5, 0xf6, 0xc5, 0xd6, 0xbd, 0xf6, 0xbd, 0xf6, 0xc5,
    0xd6, 0xbd, 0xf6, 0xc5, 0xd6, 0xbd, 0xf6, 0xbd, 0xd6, 0xbd, 0xd6, 0xbd,
    0xd5, 0xbd, 0xd6, 0xbd, 0xd5, 0xbd, 0xf5, 0xc5, 0xd6, 0xbd, 0xd6, 0xbd,
    0xd6, 0xbd, 0xd6, 0xbd, 0xd6, 0xbd, 0xd6, 0xbd, 0xf6, 0xbd, 0xd5, 0xbd,
    0xb5, 0xb5, 0xb5, 0xbd, 0x8e, 0xa4, 0x33, 0xad, 0x14, 0xa5, 0x34, 0xad,
    0x35, 0xb5, 0x14, 0xa5, 0xf3, 0xa4, 0xb6, 0xbd, 0xb9, 0xde, 0x99, 0xde,
    0x99, 0xd6, 0x98, 0xd6, 0x99, 0xd6, 0x99, 0xd6, 0x79, 0xd6, 0x78, 0xd6,
    0x78, 0xce, 0x79, 0xd6, 0x79, 0xd6, 0x58, 0xce, 0x58, 0xd6, 0x78, 0xd6,
    0x58, 0xce, 0x57, 0xce, 0x58, 0xd6, 0x57, 0xce, 0x37, 0xce, 0x37, 0xce,
    0x57, 0xce, 0x16, 0xce, 0xf6, 0xc5, 0xf6, 0xc5, 0xd6, 0xc5, 0x17, 0xce,
    0x17, 0xce, 0x17, 0xc6, 0x16, 0xc6, 0xf6, 0xc5, 0x16, 0xce, 0xf6, 0xc5,
    0xf6, 0xc5, 0xf6, 0xc5, 0xf6, 0xc5, 0xf6, 0xc5, 0xf7, 0xcd, 0x17, 0xce,
    0x58, 0xd6, 0x58, 0xd6, 0x58, 0xd6, 0x37, 0xce, 0x37, 0xce, 0x37, 0xce,
    0x17, 0xce, 0x17, 0xce, 0x28, 0x62, 0xc2, 0x40, 0x03, 0x41, 0xca, 0x6a,
    0xf1, 0xa4, 0xb5, 0xbd, 0xf6, 0xc5, 0x78, 0xd6, 0x78, 0xde, 0x78, 0xd6,
    0x58, 0xd6, 0x77, 0xd6, 0x57, 0xd6, 0xd5, 0xc5, 0xf0, 0xa4, 0x73, 0xbd,
    0x33, 0xb5, 0xf2, 0xac, 0x74, 0xbd, 0x74, 0xbd, 0x94, 0xbd, 0xf2, 0xac,
    0xab, 0x83, 0x6f, 0x9c, 0xab, 0x8b, 0x66, 0x6a, 0xcc, 0x8b, 0x2e, 0x94,
    0x2a, 0xa4, 0x27, 0xb4, 0x26, 0xb4, 0x29, 0xac, 0x29, 0xac, 0x26, 0xbc,
    0x27, 0xbc, 0x27, 0xb4, 0x28, 0xb4, 0x2b, 0x9c, 0x4f, 0x84, 0x50, 0x6c,
    0x71, 0x6c, 0x72, 0x74, 0x4f, 0x7c, 0x4f, 0x7c, 0x2e, 0x84, 0x4e, 0x84,
    0x0c, 0x8c, 0xe8, 0x93, 0xa7, 0x9b, 0xe9, 0x9b, 0x6f, 0xa4, 0x13, 0xad,
    0x13, 0xad, 0x53, 0xb5, 0xa6, 0x82, 0x42, 0x92, 0xe6, 0x92, 0xaf, 0xa4,
    0x53, 0xad, 0x53, 0xad, 0x54, 0xad, 0x74, 0xb5, 0x74, 0xad, 0x74, 0xb5,
    0x53, 0xb5, 0x33, 0xb5, 0x13, 0xad, 0x34, 0xa5, 0x12, 0xa5, 0x4c, 0x73,
    0x27, 0x4a, 0xc9, 0x62, 0x70, 0x9c, 0xb5, 0xc5, 0x96, 0xbd, 0x55, 0xbd,
    0x55, 0xb5, 0x33, 0xad, 0x33, 0xad, 0x13, 0xad, 0x2f, 0x94, 0x50, 0x94,
    0x54, 0xb5, 0xd6, 0xc5, 0xb6, 0xc5, 0xb6, 0xc5, 0xb5, 0xc5, 0x94, 0xbd,
    0x95, 0xbd, 0x74, 0xbd, 0x74, 0xbd, 0x74, 0xbd, 0x94, 0xbd, 0x74, 0xbd,
    0x54, 0xb5, 0x33, 0xb5, 0x13, 0xad, 0xf2, 0xac, 0xf2, 0xac, 0xd2, 0xa4,
    0xb1, 0xa4, 0xb1, 0xa4, 0xf3, 0xac, 0x54, 0xb5, 0xd6, 0xc5, 0xd6, 0xc5,
    0x17, 0xc6, 0xb9, 0xde, 0x99, 0xd6, 0x2c, 0x6b, 0x64, 0x31, 0xe2, 0x28,
    0xc2, 0x28, 0xca, 0x62, 0x23, 0x31, 0xc5, 0x41, 0x6c, 0x7b, 0xce, 0x83,
    0xf3, 0xa4, 0x37, 0xce, 0x17, 0xce, 0xf6, 0xcd, 0xf6, 0xc5, 0xf6, 0xc5,
    0xf6, 0xc5, 0xf6, 0xc5, 0xf6, 0xc5, 0xf6, 0xc5, 0xf6, 0xc5, 0xd6, 0xbd,
    0xf6, 0xc5, 0xf6, 0xc5, 0xd5, 0xbd, 0x16, 0xc6, 0xf6, 0xc5, 0xf6, 0xc5,
    0x17, 0xc6, 0x37, 0xce, 0x37, 0xce, 0x16, 0xc6, 0x57, 0xce, 0x17, 0xc6,
    0xf6, 0xc5, 0xd6, 0xbd, 0xf6, 0xc5, 0xf6, 0xc5, 0xf6, 0xbd, 0xd6, 0xbd,
    0xd6, 0xc5, 0xd6, 0xc5, 0xd6, 0xc5, 0xf6, 0xc5, 0xf7, 0xc5, 0xb6, 0xbd,
    0xf7, 0xc5, 0x17, 0xc6, 0xd6, 0xbd, 0xc9, 0x5a, 0xf6, 0xc5, 0x17, 0xc6,
    0x17, 0xc6, 0x17, 0xc6, 0xf6, 0xc5, 0xf7, 0xc5, 0x37, 0xc6, 0x17, 0xc6,
    0x17, 0xc6, 0x17, 0xc6, 0x17, 0xc6, 0x16, 0xc6, 0x17, 0xce, 0x17, 0xc6,
    0x17, 0xc6, 0x17, 0xce, 0x17, 0xc6, 0x17, 0xce, 0x37, 0xc6, 0x37, 0xce,
    0x38, 0xce, 0x37, 0xc6, 0x37, 0xc6, 0x38, 0xce, 0x37, 0xc6, 0x38, 0xce,
    0xd6, 0xbd, 0xf6, 0xbd, 0xd6, 0xbd, 0xf6, 0xc5, 0xf6, 0xbd, 0xf6, 0xc5,
    0xf6, 0xbd, 0xd5, 0xbd, 0xd6, 0xbd, 0xd6, 0xbd, 0xf6, 0xc5, 0xd6, 0xbd,
    0xf6, 0xbd, 0xd6, 0xc5, 0xd5, 0xbd, 0xd6, 0xbd, 0xd6, 0xbd, 0xf6, 0xbd,
    0xd5, 0xbd, 0xd6, 0xbd, 0xd6, 0xbd, 0xd6, 0xbd, 0xd6, 0xbd, 0xf6, 0xbd,
    0xd5, 0xbd, 0xd5, 0xbd, 0xd5, 0xbd, 0xd5, 0xbd, 0xd6, 0xbd, 0xd6, 0xbd,
    0xd6, 0xbd, 0xd5, 0xbd, 0xf6, 0xbd, 0xd6, 0xbd, 0xd5, 0xbd, 0xd6, 0xbd,
    0xd6, 0xbd, 0xd6, 0xbd, 0xd5, 0xbd, 0xf6, 0xbd, 0xd6, 0xbd, 0xf6, 0xc5,
    0xd5, 0xbd, 0xd6, 0xbd, 0xd5, 0xbd, 0xd6, 0xbd, 0xf6, 0xbd, 0xd5, 0xbd,
    0xd5, 0xbd, 0xd6, 0xbd, 0xd5, 0xbd, 0xd6, 0xbd, 0xf6, 0xbd, 0xd6, 0xbd,
    0xf6, 0xbd, 0xf6, 0xc5, 0xd6, 0xbd, 0xf6, 0xbd, 0xd6, 0xbd, 0xf6, 0xbd,
    0xf6, 0xc5, 0xf7, 0xbd, 0xd6, 0xbd, 0xd6, 0xbd, 0xd6, 0xbd, 0xf6, 0xc5,
    0xf6, 0xbd, 0xf6, 0xc5, 0xf6, 0xc5, 0xd6, 0xbd, 0xf6, 0xbd, 0xd5, 0xbd,
    0xd6, 0xbd, 0xd6, 0xbd, 0xd5, 0xbd, 0xd5, 0xbd, 0xd6, 0xbd, 0xf6, 0xbd,
    0xf6, 0xbd, 0xd6, 0xbd, 0xb5, 0xbd, 0xb5, 0xbd, 0xf0, 0xac, 0x33, 0xad,
    0x13, 0xad, 0x34, 0xad, 0x35, 0xad, 0x34, 0xa5, 0x34, 0xad, 0x14, 0xa5,
    0xda, 0xde, 0x78, 0xd6, 0x99, 0xde, 0x99, 0xde, 0x79, 0xd6, 0x78, 0xd6,
    0x79, 0xd6, 0x79, 0xd6, 0x78, 0xd6, 0x79, 0xd6, 0x78, 0xd6, 0x78, 0xd6,
    0x78, 0xd6, 0x78, 0xd6, 0x78, 0xd6, 0x38, 0xce, 0x37, 0xce, 0x37, 0xce,
    0x57, 0xce, 0x58, 0xd6, 0x58, 0xd6, 0x37, 0xce, 0x17, 0xce, 0x17, 0xc6,
    0x17, 0xce, 0xf6, 0xc5, 0xd5, 0xbd, 0xd5, 0xc5, 0xf6, 0xc5, 0xd6, 0xc5,
    0xd6, 0xc5, 0xf6, 0xc5, 0xf6, 0xc5, 0xf6, 0xc5, 0xd6, 0xc5, 0x16, 0xc6,
    0x17, 0xce, 0x37, 0xce, 0x57, 0xd6, 0x78, 0xd6, 0x58, 0xd6, 0x58, 0xd6,
    0x58, 0xd6, 0x37, 0xce, 0x17, 0xce, 0x57, 0xd6, 0x62, 0x38, 0xc2, 0x40,
    0xe3, 0x48, 0xc2, 0x38, 0x16, 0xc6, 0xf5, 0xc5, 0x77, 0xd6, 0x57, 0xd6,
    0x77, 0xd6, 0x77, 0xd6, 0x77, 0xd6, 0x78, 0xd6, 0xb9, 0xde, 0xee, 0x8b,
    0x26, 0x52, 0xc1, 0x28, 0xd1, 0xa4, 0x32, 0xad, 0x53, 0xb5, 0x74, 0xb5,
    0x94, 0xbd, 0xf2, 0xac, 0x6b, 0x83, 0x6f, 0x9c, 0xed, 0x8b, 0x24, 0x62,
    0xed, 0x93, 0x2e, 0x94, 0x2a, 0xa4, 0x28, 0xb4, 0x25, 0xbc, 0x27, 0xb4,
    0x28, 0xb4, 0x07, 0xbc, 0x05, 0xb4, 0x26, 0xb4, 0x26, 0xbc, 0x48, 0xac,
    0x2d, 0x94, 0x71, 0x6c, 0x71, 0x6c, 0x71, 0x74, 0x50, 0x74, 0x6f, 0x84,
    0x2e, 0x84, 0x2d, 0x84, 0x2b, 0x94, 0xe8, 0x9b, 0xa6, 0xa3, 0x08, 0xa4,
    0xb1, 0xac, 0x12, 0xa5, 0x33, 0xad, 0xb0, 0xb4, 0xa0, 0x81, 0xe6, 0x9a,
    0x0f, 0xb5, 0xb0, 0xa4, 0x32, 0xa5, 0x53, 0xad, 0x53, 0xad, 0x74, 0xad,
    0x54, 0xad, 0x74, 0xad, 0x74, 0xad, 0x53, 0xad, 0x53, 0xad, 0x33, 0xad,
    0x53, 0xad, 0x90, 0x94, 0xa5, 0x39, 0x03, 0x29, 0x47, 0x5a, 0x87, 0x6a,
    0xed, 0x93, 0xf2, 0xb4, 0x75, 0xbd, 0xb5, 0xc5, 0x74, 0xb5, 0x74, 0xb5,
    0x53, 0xb5, 0xb0, 0xa4, 0xed, 0x8b, 0x0e, 0x9c, 0x33, 0xb5, 0xd5, 0xc5,
    0xd6, 0xc5, 0xd6, 0xc5, 0xb5, 0xc5, 0x95, 0xbd, 0x74, 0xbd, 0x94, 0xbd,
    0x95, 0xc5, 0x95, 0xc5, 0x95, 0xc5, 0x95, 0xbd, 0x95, 0xbd, 0x74, 0xbd,
    0x33, 0xb5, 0x33, 0xb5, 0x33, 0xb5, 0x95, 0xbd, 0xd6, 0xc5, 0xb5, 0xc5,
    0x17, 0xce, 0xda, 0xe6, 0x53, 0xad, 0x2f, 0x8c, 0xe6, 0x49, 0x65, 0x39,
    0x03, 0x31, 0xc5, 0x49, 0xea, 0x72, 0x2a, 0x83, 0x2a, 0x7b, 0x0a, 0x7b,
    0x06, 0x52, 0xd2, 0x9c, 0x91, 0x94, 0xf3, 0xa4, 0xd6, 0xc5, 0x16, 0xc6,
    0x16, 0xc6, 0x17, 0xc6, 0x16, 0xc6, 0xf6, 0xc5, 0xd6, 0xc5, 0xf6, 0xc5,
    0xf6, 0xc5, 0x16, 0xc6, 0x16, 0xc6, 0xf6, 0xc5, 0x16, 0xce, 0x37, 0xce,
    0x37, 0xce, 0x37, 0xce, 0x37, 0xce, 0x17, 0xce, 0x17, 0xce, 0x16, 0xce,
    0x17, 0xce, 0x37, 0xce, 0x37, 0xce, 0x16, 0xc6, 0xf6, 0xc5, 0xf6, 0xc5,
    0xf6, 0xc5, 0xd6, 0xbd, 0xb5, 0xb5, 0xb5, 0xbd, 0xd6, 0xbd, 0xd6, 0xc5,
    0xd6, 0xbd, 0xb5, 0xbd, 0xb5, 0xbd, 0xf6, 0xc5, 0xf6, 0xc5, 0x95, 0xbd,
    0x2b, 0x6b, 0xb5, 0xbd, 0x74, 0xb5, 0xf6, 0xc5, 0x16, 0xc6, 0x16, 0xc6,
    0x17, 0xc6, 0x17, 0xc6, 0x37, 0xc6, 0x16, 0xc6, 0x17, 0xc6, 0x17, 0xc6,
    0x17, 0xc6, 0x17, 0xce, 0x17, 0xce, 0x17, 0xc6, 0x17, 0xce, 0x17, 0xc6,
    0x37, 0xce, 0x38, 0xc6, 0x37, 0xce, 0x37, 0xce, 0x38, 0xce, 0x38, 0xc6,
    0x37, 0xce, 0x37, 0xc6, 0xb5, 0xbd, 0xd6, 0xbd, 0xd6, 0xbd, 0xf6, 0xbd,
    0xf6, 0xc5, 0xf6, 0xbd, 0xd6, 0xbd, 0xd6, 0xbd, 0xd6, 0xbd, 0xd6, 0xbd,
    0xf6, 0xc5, 0xd6, 0xbd, 0xf6, 0xbd, 0xd6, 0xbd, 0xd6, 0xbd, 0xd6, 0xbd,
    0xd6, 0xbd, 0xd6, 0xc5, 0xd6, 0xbd, 0xd6, 0xbd, 0xd6, 0xbd, 0xd6, 0xc5,
    0xd5, 0xbd, 0xd6, 0xbd, 0xd6, 0xbd, 0xd6, 0xbd, 0xd5, 0xbd, 0xd6, 0xbd,
    0xd5, 0xbd, 0xd6, 0xbd, 0xd5, 0xbd, 0xd6, 0xbd, 0xf6, 0xc5, 0xf6, 0xbd,
    0xd5, 0xbd, 0xd5, 0xbd, 0xd6, 0xbd, 0xd6, 0xbd, 0xd5, 0xbd, 0xd6, 0xbd,
    0xd6, 0xbd, 0xd6, 0xbd, 0xd6, 0xbd, 0xd5, 0xbd, 0xd5, 0xbd, 0xd6, 0xbd,
    0xd6, 0xbd, 0xd5, 0xbd, 0xd6, 0xbd, 0xd6, 0xbd, 0xd6, 0xbd, 0xd5, 0xbd,
    0xf6, 0xc5, 0xd6, 0xbd, 0xf6, 0xbd, 0xf6, 0xc5, 0xd6, 0xbd, 0xf6, 0xbd,
    0xd6, 0xbd, 0xd6, 0xbd, 0xf6, 0xc5, 0xd6, 0xbd, 0xf6, 0xbd, 0xd6, 0xbd,
    0xf6, 0xbd, 0xd6, 0xbd, 0xd5, 0xbd, 0xd5, 0xbd, 0xf6, 0xc5, 0xf6, 0xbd,
    0xd6, 0xbd, 0xf6, 0xc5, 0xd6, 0xbd, 0xd6, 0xbd, 0xd6, 0xbd, 0xd6, 0xbd,
    0xd6, 0xbd, 0xd6, 0xbd, 0xf5, 0xbd, 0xd5, 0xbd, 0xd6, 0xbd, 0xb4, 0xbd,
    0xef, 0xac, 0x13, 0xad, 0x34, 0xad, 0x34, 0xad, 0x35, 0xad, 0x35, 0xad,
    0x35, 0xad, 0xf4, 0xa4, 0x38, 0xce, 0x79, 0xd6, 0x99, 0xd6, 0x99, 0xde,
    0x99, 0xd6, 0x78, 0xd6, 0x79, 0xd6, 0x79, 0xd6, 0x78, 0xd6, 0x78, 0xd6,
    0x78, 0xd6, 0x78, 0xd6, 0x78, 0xce, 0x78, 0xd6, 0x98, 0xd6, 0x78, 0xd6,
    0x58, 0xd6, 0x37, 0xce, 0x37, 0xce, 0x37, 0xce, 0x57, 0xce, 0x37, 0xce,
    0x58, 0xce, 0x57, 0xd6, 0x37, 0xce, 0x17, 0xc6, 0xf6, 0xc5, 0xf6, 0xc5,
    0xf6, 0xc5, 0x16, 0xc6, 0xf6, 0xc5, 0xf6, 0xc5, 0xd5, 0xbd, 0xb5, 0xbd,
    0x95, 0xbd, 0xd6, 0xbd, 0xf6, 0xc5, 0xf6, 0xcd, 0x17, 0xce, 0x58, 0xd6,
    0x58, 0xd6, 0x58, 0xd6, 0x37, 0xd6, 0x17, 0xce, 0x17, 0xce, 0x37, 0xd6,
    0x04, 0x49, 0x41, 0x38, 0x81, 0x38, 0x4c, 0x83, 0x37, 0xce, 0x57, 0xd6,
    0x37, 0xd6, 0x57, 0xd6, 0x77, 0xd6, 0x57, 0xd6, 0x77, 0xd6, 0x98, 0xd6,
    0xd5, 0xc5, 0x49, 0x7b, 0x46, 0x5a, 0x05, 0x52, 0xe2, 0x30, 0x90, 0xa4,
    0x33, 0xb5, 0x73, 0xb5, 0x94, 0xbd, 0x12, 0xad, 0x6b, 0x7b, 0xb0, 0xa4,
    0xed, 0x8b, 0x66, 0x62, 0xed, 0x93, 0x2e, 0x9c, 0x2c, 0x9c, 0x4a, 0xac,
    0x06, 0xb4, 0x26, 0xb4, 0x47, 0xb4, 0x27, 0xb4, 0x26, 0xb4, 0x26, 0xb4,
    0x46, 0xbc, 0x47, 0xb4, 0x49, 0xa4, 0x4f, 0x84, 0x71, 0x6c, 0x90, 0x6c,
    0x71, 0x74, 0x4f, 0x7c, 0x4e, 0x8c, 0x0c, 0x84, 0x0b, 0x94, 0xc8, 0x9b,
    0xa6, 0x9b, 0xc6, 0xa3, 0x2a, 0xac, 0xcf, 0xac, 0xcb, 0xb3, 0xe1, 0x81,
    0xc4, 0x9a, 0xcb, 0xa3, 0x6f, 0x9c, 0x91, 0x9c, 0x12, 0xa5, 0x33, 0xa5,
    0x33, 0xa5, 0x53, 0xad, 0x74, 0xad, 0x74, 0xb5, 0x74, 0xad, 0x54, 0xad,
    0x53, 0xad, 0x53, 0xad, 0x33, 0xad, 0x13, 0xa5, 0x54, 0xad, 0x0f, 0x84,
    0x33, 0xb5, 0xc9, 0x62, 0x47, 0x6a, 0x46, 0x6a, 0x25, 0x62, 0x67, 0x62,
    0x0a, 0x73, 0x2b, 0x7b, 0x6d, 0x7b, 0x6c, 0x83, 0x0b, 0x7b, 0xc9, 0x72,
    0x88, 0x6a, 0x0a, 0x7b, 0xcd, 0x8b, 0x53, 0xbd, 0x95, 0xcd, 0xf6, 0xd5,
    0x17, 0xd6, 0xd6, 0xcd, 0xd6, 0xc5, 0xb5, 0xc5, 0xb5, 0xc5, 0xb5, 0xc5,
    0xd5, 0xc5, 0x16, 0xce, 0x94, 0xbd, 0x12, 0xad, 0x53, 0xb5, 0xd5, 0xc5,
    0x37, 0xd6, 0x94, 0xbd, 0xee, 0x8b, 0x07, 0x4a, 0xc6, 0x49, 0xc2, 0x20,
    0xe2, 0x28, 0x06, 0x5a, 0xa8, 0x72, 0xc8, 0x72, 0xa7, 0x72, 0x66, 0x72,
    0xa7, 0x72, 0xc8, 0x7a, 0x2a, 0x83, 0xc8, 0x6a, 0xd2, 0xa4, 0xb6, 0xbd,
    0xce, 0x7b, 0xd6, 0xbd, 0x16, 0xc6, 0x16, 0xc6, 0x16, 0xc6, 0x17, 0xce,
    0xf6, 0xc5, 0xf6, 0xc5, 0x37, 0xc6, 0x37, 0xce, 0x37, 0xce, 0x78, 0xd6,
    0x99, 0xd6, 0x78, 0xd6, 0x58, 0xd6, 0x78, 0xd6, 0x57, 0xce, 0x57, 0xce,
    0x57, 0xce, 0x58, 0xd6, 0x57, 0xce, 0x58, 0xce, 0x37, 0xce, 0x37, 0xce,
    0x37, 0xc6, 0x17, 0xc6, 0xf6, 0xc5, 0xf6, 0xc5, 0xf6, 0xbd, 0x95, 0xbd,
    0x34, 0xad, 0xd6, 0xbd, 0xf6, 0xc5, 0xd6, 0xbd, 0xd6, 0xbd, 0x54, 0xad,
    0xd6, 0xbd, 0xf7, 0xc5, 0xd1, 0x9c, 0x0e, 0x84, 0x57, 0xce, 0x94, 0xb5,
    0xd6, 0xbd, 0x16, 0xce, 0xf6, 0xc5, 0x17, 0xc6, 0x17, 0xc6, 0x17, 0xc6,
    0x17, 0xc6, 0x17, 0xc6, 0x17, 0xc6, 0x17, 0xce, 0x17, 0xc6, 0x17, 0xc6,
    0x17, 0xce, 0x17, 0xce, 0x37, 0xc6, 0x38, 0xc6, 0x38, 0xc6, 0x37, 0xc6,
    0x37, 0xc6, 0x37, 0xc6, 0x38, 0xc6, 0x37, 0xce, 0x95, 0xb5, 0xf6, 0xc5,
    0xd6, 0xbd, 0xf6, 0xbd, 0xd6, 0xbd, 0xf6, 0xc5, 0xd6, 0xbd, 0xd6, 0xbd,
    0xf6, 0xbd, 0xf6, 0xbd, 0xf6, 0xbd, 0xd6, 0xbd, 0xd6, 0xbd, 0xf6, 0xbd,
    0xd6, 0xbd, 0xd5, 0xbd, 0xf6, 0xbd, 0xd6, 0xbd, 0xf6, 0xbd, 0xd6, 0xbd,
    0xd5, 0xbd, 0xd6, 0xbd, 0xd6, 0xbd, 0xd6, 0xbd, 0xd6, 0xbd, 0xf6, 0xc5,
    0xd5, 0xbd, 0xd6, 0xbd, 0xd5, 0xbd, 0xd5, 0xbd, 0xd6, 0xbd, 0xf6, 0xc5,
    0xd5, 0xbd, 0xd6, 0xbd, 0xd6, 0xbd, 0xd5, 0xbd, 0xd6, 0xbd, 0xf6, 0xc5,
    0xd6, 0xbd, 0xd6, 0xbd, 0xd6, 0xbd, 0xf6, 0xbd, 0xd5, 0xbd, 0xb5, 0xbd,
    0xd6, 0xbd, 0xd5, 0xbd, 0xf6, 0xbd, 0xd5, 0xbd, 0xf6, 0xbd, 0xf6, 0xbd,
    0xd6, 0xbd, 0xd5, 0xbd, 0xf6, 0xc5, 0xd5, 0xbd, 0xf6, 0xbd, 0xd6, 0xc5,
    0xf6, 0xbd, 0xf6, 0xc5, 0xd6, 0xbd, 0xd6, 0xbd, 0xf6, 0xc5, 0xf6, 0xbd,
    0xf6, 0xbd, 0xf6, 0xc5, 0xf6, 0xc5, 0xf6, 0xbd, 0xf6, 0xc5, 0xf6, 0xbd,
    0xf6, 0xbd, 0xf6, 0xc5, 0xf6, 0xc5, 0xf6, 0xbd, 0xf6, 0xc5, 0xf6, 0xbd,
    0xf6, 0xbd, 0xf6, 0xc5, 0xf6, 0xbd, 0xd6, 0xbd, 0xd6, 0xc5, 0xd5, 0xbd,
    0xd6, 0xbd, 0x94, 0xb5, 0xef, 0xac, 0xf2, 0xac, 0x33, 0xad, 0x34, 0xa5,
    0x35, 0xad, 0x35, 0xad, 0x35, 0xad, 0x34, 0xa5, 0x14, 0xad, 0xda, 0xde,
    0x78, 0xd6, 0x98, 0xd6, 0x99, 0xd6, 0x78, 0xd6, 0x99, 0xd6, 0x79, 0xd6,
    0x78, 0xd6, 0x78, 0xd6, 0x79, 0xd6, 0x58, 0xce, 0x58, 0xce, 0x78, 0xd6,
    0x78, 0xd6, 0x58, 0xce, 0x58, 0xd6, 0x37, 0xce, 0x37, 0xce, 0x37, 0xce,
    0x37, 0xce, 0x57, 0xce, 0x37, 0xce, 0x37, 0xce, 0x57, 0xce, 0x37, 0xce,
    0x37, 0xce, 0x57, 0xce, 0x37, 0xce, 0x17, 0xce, 0x17, 0xce, 0x37, 0xce,
    0x57, 0xce, 0x17, 0xce, 0x16, 0xce, 0x16, 0xc6, 0xf6, 0xc5, 0xf6, 0xc5,
    0x37, 0xce, 0x37, 0xce, 0x58, 0xd6, 0x58, 0xd6, 0x37, 0xce, 0x37, 0xce,
    0x37, 0xce, 0x37, 0xce, 0x16, 0xce, 0xad, 0x83, 0x2f, 0x9c, 0xd9, 0xde,
    0x36, 0xce, 0x37, 0xce, 0x57, 0xd6, 0x57, 0xd6, 0x57, 0xd6, 0x97, 0xde,
    0x77, 0xde, 0x3b, 0xef, 0xc7, 0x72, 0x6c, 0xbc, 0x4b, 0xb4, 0x6b, 0xac,
    0xe4, 0x51, 0xc2, 0x30, 0x12, 0xb5, 0x52, 0xb5, 0xb4, 0xbd, 0xd1, 0xa4,
    0x8c, 0x83, 0x6f, 0xa4, 0xed, 0x8b, 0x29, 0x73, 0xed, 0x93, 0x2e, 0x9c,
    0x4d, 0x9c, 0x4c, 0xa4, 0x08, 0xb4, 0x06, 0xb4, 0x26, 0xbc, 0x07, 0xb4,
    0xe6, 0xb3, 0x05, 0xb4, 0x27, 0xb4, 0x28, 0xb4, 0x48, 0xac, 0x4a, 0x94,
    0x50, 0x74, 0x92, 0x6c, 0x72, 0x74, 0x4f, 0x7c, 0x4f, 0x84, 0x2e, 0x84,
    0x0d, 0x8c, 0xea, 0x9b, 0xc8, 0x9b, 0xc5, 0x9b, 0x85, 0xa3, 0x64, 0xa3,
    0xc1, 0xa2, 0x04, 0xa3, 0x2a, 0xa4, 0x8e, 0x94, 0x8f, 0x9c, 0xb1, 0x9c,
    0xd1, 0xa4, 0x12, 0xa5, 0x12, 0xa5, 0x33, 0xa5, 0x74, 0xb5, 0x54, 0xad,
    0x73, 0xad, 0x54, 0xad, 0x54, 0xad, 0x53, 0xad, 0x54, 0xad, 0x53, 0xad,
    0x33, 0xad, 0x33, 0xad, 0x12, 0xa5, 0xb5, 0xbd, 0x8c, 0x7b, 0x47, 0x5a,
    0xa8, 0x72, 0xe7, 0x82, 0xc6, 0x7a, 0xc7, 0x82, 0x66, 0x7a, 0x05, 0x6a,
    0xc4, 0x59, 0xa5, 0x51, 0xa5, 0x51, 0x64, 0x49, 0xe6, 0x59, 0x0e, 0x9c,
    0xac, 0x8b, 0x4a, 0x83, 0xcd, 0x8b, 0xd1, 0xac, 0x12, 0xad, 0xf1, 0xa4,
    0x32, 0xad, 0x73, 0xbd, 0x33, 0xad, 0xf2, 0xac, 0xf1, 0xac, 0x70, 0x9c,
    0x6f, 0x9c, 0x6b, 0x7b, 0xa5, 0x49, 0x64, 0x49, 0xea, 0x7a, 0x47, 0x62,
    0x06, 0x5a, 0x47, 0x62, 0x87, 0x6a, 0x67, 0x6a, 0xa7, 0x6a, 0xa7, 0x6a,
    0xa7, 0x6a, 0x86, 0x72, 0x87, 0x72, 0x87, 0x72, 0xa7, 0x72, 0xc7, 0x7a,
    0x50, 0x9c, 0x79, 0xd6, 0x4d, 0x6b, 0x38, 0xce, 0xf6, 0xc5, 0x16, 0xc6,
    0x17, 0xc6, 0xf6, 0xc5, 0x16, 0xce, 0x57, 0xce, 0x37, 0xce, 0x37, 0xce,
    0x37, 0xce, 0x37, 0xce, 0x17, 0xce, 0x37, 0xce, 0x57, 0xce, 0x98, 0xd6,
    0x98, 0xd6, 0x58, 0xd6, 0x78, 0xd6, 0x57, 0xce, 0x57, 0xce, 0x78, 0xd6,
    0x58, 0xd6, 0x57, 0xce, 0x37, 0xce, 0x37, 0xce, 0x37, 0xc6, 0x16, 0xc6,
    0xf6, 0xc5, 0xf6, 0xc5, 0xf6, 0xc5, 0x74, 0xb5, 0xb6, 0xbd, 0xf6, 0xc5,
    0xd6, 0xc5, 0xf6, 0xc5, 0x33, 0xad, 0x34, 0xad, 0x78, 0xce, 0xce, 0x7b,
    0x12, 0xa5, 0x17, 0xce, 0xf6, 0xc5, 0xf6, 0xc5, 0x16, 0xc6, 0x17, 0xc6,
    0x17, 0xc6, 0x16, 0xc6, 0x17, 0xc6, 0x16, 0xc6, 0x17, 0xce, 0x17, 0xc6,
    0x17, 0xce, 0x17, 0xc6, 0x17, 0xc6, 0x17, 0xc6, 0x37, 0xc6, 0x37, 0xce,
    0x37, 0xc6, 0x38, 0xc6, 0x38, 0xce, 0x37, 0xce, 0x38, 0xc6, 0x38, 0xce,
    0x94, 0xbd, 0xb5, 0xc5, 0xf6, 0xbd, 0xf6, 0xbd, 0xf6, 0xc5, 0xd6, 0xbd,
    0xd6, 0xc5, 0xd6, 0xc5, 0xd6, 0xbd, 0xd7, 0xc5, 0xd6, 0xbd, 0xd6, 0xc5,
    0xd6, 0xbd, 0xf6, 0xbd, 0xd6, 0xc5, 0xd6, 0xbd, 0xd6, 0xbd, 0xf6, 0xbd,
    0xd6, 0xc5, 0xd6, 0xbd, 0xd6, 0xbd, 0xd6, 0xbd, 0xf6, 0xbd, 0xd6, 0xbd,
    0xd5, 0xbd, 0xf6, 0xbd, 0xd5, 0xbd, 0xd6, 0xc5, 0xd6, 0xbd, 0xd5, 0xbd,
    0xd6, 0xbd, 0xd6, 0xbd, 0xd6, 0xbd, 0xf6, 0xbd, 0xd6, 0xbd, 0xf6, 0xc5,
    0xd6, 0xbd, 0xd5, 0xbd, 0xd5, 0xbd, 0xd6, 0xbd, 0xd6, 0xbd, 0xd6, 0xbd,
    0xd6, 0xbd, 0xd6, 0xbd, 0xd6, 0xbd, 0xd6, 0xbd, 0xd5, 0xbd, 0xd5, 0xbd,
    0xd5, 0xbd, 0xf5, 0xbd, 0xd5, 0xbd, 0xf6, 0xbd, 0xf6, 0xbd, 0xf6, 0xbd,
    0xd5, 0xbd, 0xd5, 0xbd, 0xf6, 0xbd, 0xd6, 0xbd, 0xd5, 0xbd, 0xf6, 0xbd,
    0xf6, 0xbd, 0xf6, 0xc5, 0xf6, 0xbd, 0xf6, 0xbd, 0xf5, 0xbd, 0xf6, 0xbd,
    0xf6, 0xc5, 0xf6, 0xc5, 0xf6, 0xc5, 0xf6, 0xc5, 0xf6, 0xc5, 0xf6, 0xc5,
    0xf6, 0xbd, 0xf6, 0xc5, 0xf6, 0xc5, 0xf6, 0xbd, 0xf6, 0xc5, 0xf6, 0xbd,
    0xf6, 0xc5, 0xf6, 0xbd, 0xd6, 0xbd, 0xb4, 0xbd, 0xcd, 0xac, 0xcf, 0xac,
    0x13, 0xad, 0x34, 0xa5, 0x34, 0xad, 0x35, 0xad, 0x35, 0xad, 0x34, 0xa5,
    0x34, 0xa5, 0xf7, 0xc5, 0xb9, 0xde, 0x79, 0xd6, 0x78, 0xd6, 0x78, 0xd6,
    0x58, 0xd6, 0x79, 0xde, 0x79, 0xd6, 0x78, 0xd6, 0x58, 0xd6, 0x58, 0xd6,
    0x78, 0xd6, 0x58, 0xd6, 0x78, 0xd6, 0x58, 0xd6, 0x57, 0xce, 0x57, 0xce,
    0x37, 0xce, 0x58, 0xd6, 0x58, 0xd6, 0x37, 0xce, 0x37, 0xce, 0x37, 0xce,
    0x37, 0xce, 0x37, 0xce, 0x17, 0xce, 0x17, 0xce, 0x37, 0xce, 0x37, 0xce,
    0x37, 0xce, 0x37, 0xce, 0x17, 0xce, 0x37, 0xce, 0x37, 0xce, 0x17, 0xce,
    0x17, 0xce, 0x37, 0xce, 0x38, 0xd6, 0x58, 0xd6, 0x58, 0xd6, 0x37, 0xce,
    0x37, 0xce, 0x37, 0xce, 0x37, 0xce, 0x57, 0xd6, 0x57, 0xce, 0x78, 0xd6,
    0x57, 0xd6, 0x16, 0xce, 0x36, 0xce, 0x36, 0xce, 0x15, 0xce, 0x56, 0xd6,
    0x56, 0xce, 0x98, 0xd6, 0x3b, 0xef, 0xcc, 0x93, 0x43, 0xab, 0x28, 0xb4,
    0x2a, 0xac, 0x4b, 0xb4, 0x10, 0xc5, 0x4b, 0x7b, 0x68, 0x5a, 0x33, 0xb5,
    0x74, 0xbd, 0x2e, 0x9c, 0xab, 0x8b, 0x4f, 0x9c, 0xcd, 0x8b, 0x4a, 0x7b,
    0x0d, 0x94, 0x2e, 0x9c, 0x6d, 0xa4, 0x4c, 0xa4, 0x0b, 0xac, 0x06, 0xb4,
    0x26, 0xbc, 0x26, 0xb4, 0x07, 0xb4, 0x06, 0xb4, 0x27, 0xb4, 0x28, 0xb4,
    0x28, 0xac, 0x29, 0xac, 0x4c, 0x94, 0x71, 0x74, 0x72, 0x6c, 0x70, 0x7c,
    0x4e, 0x84, 0x2e, 0x84, 0x2c, 0x8c, 0x0b, 0x94, 0x0b, 0x8c, 0xe9, 0x9b,
    0xc7, 0xa3, 0xa6, 0xa3, 0x84, 0xab, 0x07, 0xac, 0x4c, 0x9c, 0x6e, 0x9c,
    0x6f, 0x9c, 0x90, 0x9c, 0x8e, 0x94, 0x8f, 0xa4, 0xd0, 0xac, 0xf2, 0xa4,
    0x54, 0xad, 0x74, 0xb5, 0x53, 0xad, 0x74, 0xb5, 0x74, 0xb5, 0x54, 0xad,
    0x74, 0xb5, 0x74, 0xb5, 0x33, 0xad, 0x33, 0xa5, 0x12, 0xa5, 0x33, 0xa5,
    0xb5, 0xbd, 0x74, 0xbd, 0x8c, 0x7b, 0x06, 0x5a, 0x85, 0x72, 0x67, 0x9b,
    0xe8, 0xab, 0xc8, 0xa3, 0x88, 0x9b, 0x27, 0x8b, 0x89, 0x9b, 0x29, 0x83,
    0xe5, 0x59, 0x26, 0x62, 0x46, 0x62, 0x46, 0x62, 0x83, 0x41, 0x63, 0x39,
    0x43, 0x39, 0x84, 0x41, 0xa5, 0x41, 0xc6, 0x49, 0x06, 0x52, 0x07, 0x52,
    0x44, 0x39, 0x23, 0x39, 0x44, 0x41, 0x22, 0x41, 0x43, 0x41, 0x23, 0x49,
    0x83, 0x51, 0x46, 0x62, 0x67, 0x6a, 0x87, 0x72, 0x87, 0x6a, 0x87, 0x72,
    0x87, 0x6a, 0x87, 0x6a, 0x86, 0x6a, 0x87, 0x6a, 0x87, 0x6a, 0x87, 0x6a,
    0xa7, 0x72, 0xa7, 0x72, 0x4e, 0x9c, 0x99, 0xde, 0x30, 0x8c, 0x6d, 0x6b,
    0x96, 0xbd, 0x38, 0xce, 0x17, 0xce, 0x17, 0xc6, 0x17, 0xc6, 0x16, 0xc6,
    0x37, 0xce, 0x57, 0xce, 0x57, 0xce, 0x58, 0xd6, 0x78, 0xd6, 0x57, 0xce,
    0x77, 0xd6, 0x16, 0xce, 0x16, 0xce, 0x58, 0xd6, 0x57, 0xd6, 0x57, 0xce,
    0x57, 0xce, 0x78, 0xd6, 0x57, 0xce, 0x77, 0xd6, 0x57, 0xce, 0x37, 0xce,
    0x37, 0xce, 0x17, 0xc6, 0xf6, 0xc5, 0x16, 0xc6, 0xf6, 0xc5, 0xf6, 0xc5,
    0xd5, 0xbd, 0xb5, 0xbd, 0xf6, 0xc5, 0xf7, 0xc5, 0x17, 0xc6, 0xd6, 0xbd,
    0x13, 0xad, 0xd6, 0xc5, 0x8d, 0x7b, 0x74, 0xb5, 0x17, 0xc6, 0xf6, 0xc5,
    0xf7, 0xc5, 0x17, 0xc6, 0x37, 0xc6, 0x17, 0xc6, 0x37, 0xc6, 0x17, 0xc6,
    0x37, 0xc6, 0x37, 0xc6, 0x37, 0xce, 0x37, 0xce, 0x37, 0xce, 0x37, 0xc6,
    0x38, 0xce, 0x38, 0xce, 0x17, 0xce, 0x38, 0xce, 0x38, 0xce, 0x38, 0xce,
    0x17, 0xce, 0x38, 0xc6, 0x94, 0xbd, 0x95, 0xbd, 0xf6, 0xbd, 0xf6, 0xc5,
    0xd6, 0xbd, 0xd6, 0xbd, 0xd7, 0xbd, 0xf7, 0xbd, 0xd6, 0xbd, 0xd7, 0xbd,
    0xd7, 0xbd, 0xf6, 0xc5, 0xd6, 0xbd, 0xd6, 0xbd, 0xd6, 0xbd, 0xd6, 0xbd,
    0xd5, 0xbd, 0xd6, 0xbd, 0xf6, 0xbd, 0xd5, 0xbd, 0xd6, 0xbd, 0xd6, 0xbd,
    0xd6, 0xbd, 0xd6, 0xbd, 0xd5, 0xbd, 0xd6, 0xbd, 0xd6, 0xbd, 0xd6, 0xbd,
    0xf6, 0xbd, 0xd6, 0xbd, 0xd6, 0xbd, 0xd6, 0xbd, 0xd6, 0xbd, 0xf6, 0xbd,
    0xd6, 0xbd, 0xd6, 0xbd, 0xb5, 0xbd, 0xd6, 0xbd, 0xd6, 0xbd, 0xd6, 0xbd,
    0xd6, 0xbd, 0xd6, 0xbd, 0xd5, 0xbd, 0xd5, 0xbd, 0xd6, 0xbd, 0xd6, 0xbd,
    0xd6, 0xbd, 0xd6, 0xbd, 0xf6, 0xbd, 0xd6, 0xbd, 0xd5, 0xbd, 0xf6, 0xbd,
    0xf6, 0xbd, 0xd5, 0xbd, 0xf6, 0xbd, 0xf6, 0xbd, 0xf6, 0xbd, 0xf6, 0xbd,
    0xf5, 0xbd, 0xf6, 0xbd, 0xf6, 0xbd, 0xf6, 0xbd, 0xf6, 0xc5, 0xf6, 0xbd,
    0xf6, 0xbd, 0xf6, 0xbd, 0xf6, 0xc5, 0xf6, 0xc5, 0xf6, 0xbd, 0xf6, 0xbd,
    0xf6, 0xc5, 0xf6, 0xbd, 0xf7, 0xbd, 0xf6, 0xbd, 0xf7, 0xbd, 0xf6, 0xc5,
    0xf6, 0xbd, 0xf6, 0xc5, 0xf6, 0xbd, 0xf6, 0xc5, 0xd6, 0xbd, 0xd5, 0xbd,
    0x50, 0xbd, 0xa9, 0x8b, 0x12, 0xad, 0x34, 0xa5, 0x34, 0xa5, 0x35, 0xad,
    0x34, 0xad, 0x35, 0xad, 0x35, 0xad, 0x14, 0xad, 0x38, 0xce, 0x99, 0xde,
    0x79, 0xd6, 0x78, 0xd6, 0x58, 0xd6, 0x58, 0xd6, 0x78, 0xd6, 0x79, 0xde,
    0x79, 0xd6, 0x99, 0xde, 0x78, 0xd6, 0x57, 0xce, 0x37, 0xce, 0x58, 0xd6,
    0x78, 0xd6, 0x58, 0xd6, 0x58, 0xce, 0x57, 0xce, 0x57, 0xce, 0x57, 0xce,
    0x37, 0xce, 0x37, 0xce, 0x37, 0xce, 0x37, 0xce, 0x37, 0xce, 0x37, 0xce,
    0x37, 0xce, 0x37, 0xce, 0x16, 0xc6, 0x37, 0xce, 0x37, 0xce, 0x57, 0xce,
    0x78, 0xd6, 0x57, 0xce, 0x37, 0xd6, 0x37, 0xce, 0x58, 0xd6, 0x37, 0xce,
    0x37, 0xce, 0x17, 0xce, 0x17, 0xce, 0x17, 0xce, 0x37, 0xd6, 0x37, 0xce,
    0x37, 0xce, 0x37, 0xce, 0x16, 0xce, 0x36, 0xce, 0x36, 0xce, 0xf4, 0xc5,
    0x56, 0xd6, 0xb8, 0xe6, 0x36, 0xd6, 0x59, 0xde, 0xa6, 0x72, 0xe1, 0xaa,
    0xa3, 0xc3, 0x28, 0xb4, 0x29, 0xac, 0x4a, 0xb4, 0x6c, 0xac, 0x8e, 0xac,
    0xab, 0x8b, 0xed, 0x93, 0xd1, 0xb4, 0xcd, 0x93, 0xab, 0x8b, 0xcc, 0x93,
    0x8b, 0x8b, 0x6b, 0x8b, 0x0e, 0x94, 0x2e, 0x9c, 0x4d, 0x9c, 0x4b, 0xa4,
    0x09, 0xac, 0x07, 0xb4, 0x26, 0xbc, 0x06, 0xb4, 0x27, 0xb4, 0x07, 0xb4,
    0x27, 0xb4, 0x48, 0xac, 0x4a, 0xac, 0x49, 0xac, 0x4a, 0xac, 0x6f, 0x84,
    0x92, 0x6c, 0x71, 0x74, 0x6e, 0x7c, 0x2d, 0x8c, 0x2b, 0x8c, 0x0b, 0x94,
    0x0c, 0x94, 0x0c, 0x94, 0xea, 0x93, 0xe9, 0x9b, 0xc7, 0x9b, 0xe7, 0xa3,
    0x2b, 0xa4, 0x2c, 0xa4, 0x4d, 0xa4, 0x6d, 0xa4, 0x6d, 0x9c, 0x6d, 0xa4,
    0x6d, 0xa4, 0x90, 0xa4, 0x12, 0xa5, 0x33, 0xad, 0x74, 0xb5, 0x53, 0xad,
    0x53, 0xad, 0x74, 0xb5, 0x74, 0xb5, 0x74, 0xad, 0x53, 0xad, 0x53, 0xad,
    0x33, 0xa5, 0xd1, 0x9c, 0x12, 0xa5, 0x74, 0xb5, 0xb5, 0xbd, 0xf6, 0xc5,
    0x4b, 0x7b, 0xc4, 0x51, 0x83, 0x72, 0x46, 0x93, 0x65, 0xa3, 0x65, 0xa3,
    0xa4, 0x8a, 0x23, 0x72, 0x04, 0x6a, 0xc3, 0x59, 0x83, 0x51, 0xa4, 0x49,
    0x47, 0x62, 0xa8, 0x6a, 0xa8, 0x62, 0x27, 0x52, 0x07, 0x4a, 0xa6, 0x49,
    0xa5, 0x41, 0x84, 0x41, 0x02, 0x39, 0x03, 0x39, 0x44, 0x41, 0x84, 0x51,
    0x84, 0x51, 0xc5, 0x61, 0x26, 0x62, 0x26, 0x62, 0x46, 0x62, 0x87, 0x6a,
    0x67, 0x6a, 0x87, 0x6a, 0x87, 0x6a, 0xa7, 0x72, 0x66, 0x6a, 0xa7, 0x72,
    0x86, 0x6a, 0x66, 0x6a, 0x67, 0x6a, 0x86, 0x72, 0x6f, 0xa4, 0x58, 0xd6,
    0x8f, 0x9c, 0x90, 0x9c, 0xea, 0x62, 0x2f, 0x84, 0x38, 0xc6, 0x37, 0xce,
    0x37, 0xce, 0x17, 0xce, 0x78, 0xd6, 0x58, 0xd6, 0x37, 0xce, 0x78, 0xd6,
    0x58, 0xd6, 0x78, 0xd6, 0x78, 0xd6, 0x78, 0xde, 0x57, 0xd6, 0xf6, 0xcd,
    0x16, 0xce, 0x57, 0xce, 0x57, 0xd6, 0x57, 0xce, 0x78, 0xd6, 0x77, 0xd6,
    0x57, 0xce, 0x57, 0xce, 0x57, 0xce, 0x37, 0xce, 0x37, 0xce, 0x16, 0xc6,
    0xf6, 0xc5, 0xf6, 0xc5, 0xf6, 0xc5, 0x95, 0xb5, 0xf6, 0xbd, 0xf6, 0xc5,
    0xf6, 0xc5, 0x17, 0xc6, 0x17, 0xce, 0xd6, 0xbd, 0x54, 0xad, 0x2b, 0x6b,
    0xd5, 0xbd, 0x16, 0xc6, 0xf7, 0xc5, 0x17, 0xc6, 0x17, 0xc6, 0x17, 0xc6,
    0x17, 0xc6, 0x17, 0xc6, 0x37, 0xce, 0x37, 0xc6, 0x37, 0xc6, 0x38, 0xce,
    0x37, 0xc6, 0x38, 0xc6, 0x37, 0xce, 0x38, 0xce, 0x37, 0xce, 0x17, 0xce,
    0x38, 0xce, 0x38, 0xce, 0x38, 0xce, 0x17, 0xce, 0x94, 0xbd, 0xb5, 0xc5,
    0xd6, 0xbd, 0xd6, 0xbd, 0xf6, 0xbd, 0xd6, 0xbd, 0xf7, 0xc5, 0xf7, 0xbd,
    0xf7, 0xc5, 0xd6, 0xbd, 0xf7, 0xbd, 0xf7, 0xc5, 0xd6, 0xbd, 0xf6, 0xbd,
    0xd6, 0xbd, 0xd5, 0xbd, 0xd6, 0xbd, 0xf6, 0xc5, 0xd6, 0xbd, 0xd6, 0xbd,
    0xd6, 0xbd, 0xd6, 0xbd, 0xd5, 0xbd, 0xd6, 0xbd, 0xd6, 0xbd, 0xf6, 0xc5,
    0xf5, 0xbd, 0xd5, 0xbd, 0xf6, 0xbd, 0xf5, 0xc5, 0xd6, 0xbd, 0xd6, 0xbd,
    0xd5, 0xbd, 0xd6, 0xbd, 0xd6, 0xbd, 0xf6, 0xbd, 0xb5, 0xbd, 0xd6, 0xbd,
    0xd6, 0xbd, 0xd6, 0xbd, 0xd6, 0xbd, 0xd5, 0xbd, 0xd5, 0xbd, 0xf6, 0xbd,
    0xf5, 0xbd, 0xd5, 0xbd, 0xd6, 0xbd, 0xd6, 0xbd, 0xf5, 0xbd, 0xd6, 0xbd,
    0xd5, 0xbd, 0xf6, 0xbd, 0xf6, 0xbd, 0xd5, 0xbd, 0xf6, 0xbd, 0xd6, 0xbd,
    0xf6, 0xbd, 0xf6, 0xbd, 0xd5, 0xbd, 0xf6, 0xbd, 0xf6, 0xbd, 0xf6, 0xc5,
    0xf6, 0xbd, 0xf6, 0xbd, 0xf6, 0xbd, 0xf6, 0xbd, 0xf6, 0xc5, 0xf6, 0xc5,
    0xf6, 0xbd, 0x16, 0xc6, 0xf6, 0xc5, 0xf6, 0xc5, 0xf7, 0xc5, 0xf7, 0xc5,
    0xf7, 0xc5, 0xf7, 0xc5, 0xf7, 0xc5, 0xf7, 0xbd, 0xf6, 0xc5, 0xf7, 0xc5,
    0xf6, 0xbd, 0xb6, 0xc5, 0xd3, 0xcd, 0x07, 0x7b, 0xb0, 0xac, 0x13, 0xad,
    0x34, 0xa5, 0x34, 0xa5, 0x35, 0xad, 0x35, 0xad, 0x35, 0xad, 0x35, 0xad,
    0x54, 0xad, 0x58, 0xce, 0xb9, 0xde, 0x78, 0xd6, 0x78, 0xd6, 0x58, 0xd6,
    0x58, 0xd6, 0x58, 0xd6, 0x38, 0xce, 0x58, 0xd6, 0x78, 0xd6, 0x78, 0xd6,
    0x78, 0xd6, 0x78, 0xd6, 0x78, 0xd6, 0x57, 0xce, 0x57, 0xd6, 0x57, 0xce,
    0x37, 0xce, 0x37, 0xce, 0x37, 0xce, 0x37, 0xce, 0x37, 0xce, 0x37, 0xce,
    0x57, 0xce, 0x37, 0xce, 0x37, 0xce, 0x57, 0xce, 0x58, 0xce, 0x37, 0xce,
    0x37, 0xce, 0x37, 0xce, 0x37, 0xce, 0x37, 0xce, 0x58, 0xd6, 0x58, 0xd6,
    0x58, 0xd6, 0x78, 0xd6, 0x58, 0xd6, 0x37, 0xd6, 0x37, 0xce, 0x37, 0xce,
    0x37, 0xce, 0x37, 0xd6, 0x37, 0xce, 0x37, 0xce, 0x56, 0xd6, 0x36, 0xce,
    0x36, 0xce, 0x76, 0xd6, 0xf8, 0xe6, 0x5a, 0xf7, 0x72, 0xc5, 0x06, 0x8b,
    0x63, 0xb3, 0x82, 0xb3, 0xc8, 0xb3, 0x09, 0xb4, 0x4a, 0xb4, 0x4b, 0xac,
    0x4c, 0xac, 0x6b, 0xac, 0x6c, 0xac, 0x4b, 0xac, 0xcb, 0x93, 0xab, 0x93,
    0xcc, 0x93, 0xac, 0x93, 0x8b, 0x93, 0x6b, 0x8b, 0x0e, 0x94, 0x2e, 0x9c,
    0x4c, 0x9c, 0x4a, 0xac, 0x28, 0xac, 0x07, 0xac, 0x06, 0xbc, 0x27, 0xb4,
    0x07, 0xb4, 0x27, 0xb4, 0x07, 0xb4, 0x48, 0xac, 0x4b, 0xac, 0x6a, 0xa4,
    0x49, 0xac, 0x4a, 0xa4, 0x91, 0x74, 0x92, 0x74, 0x50, 0x7c, 0x2d, 0x94,
    0x2d, 0x94, 0x2c, 0x94, 0x2b, 0x94, 0x0c, 0x94, 0x0b, 0x8c, 0x0b, 0x94,
    0xe9, 0x9b, 0x29, 0x9c, 0x2b, 0xa4, 0x4b, 0xac, 0x4b, 0xac, 0x4a, 0xac,
    0x4b, 0xa4, 0x6c, 0xa4, 0x4d, 0xa4, 0xb0, 0x9c, 0xd1, 0x9c, 0x12, 0xad,
    0x33, 0xad, 0x54, 0xad, 0x53, 0xad, 0x53, 0xad, 0x53, 0xad, 0x54, 0xb5,
    0x74, 0xb5, 0x53, 0xad, 0x33, 0xad, 0x12, 0xa5, 0x6f, 0x94, 0xb1, 0x94,
    0x74, 0xad, 0x94, 0xb5, 0xb4, 0xb5, 0xb4, 0xbd, 0xea, 0x62, 0x43, 0x41,
    0x85, 0x7a, 0x06, 0x8b, 0x84, 0x7a, 0x43, 0x7a, 0x43, 0x7a, 0x24, 0x6a,
    0x63, 0x49, 0xed, 0x8b, 0xcd, 0x83, 0x0a, 0x6b, 0xc9, 0x6a, 0x68, 0x5a,
    0x85, 0x41, 0xc6, 0x51, 0x89, 0x6a, 0xa8, 0x6a, 0x88, 0x72, 0x68, 0x72,
    0x06, 0x62, 0xc5, 0x59, 0x05, 0x62, 0x26, 0x62, 0x26, 0x62, 0x26, 0x62,
    0x25, 0x62, 0x26, 0x62, 0xe9, 0x7a, 0x87, 0x72, 0x46, 0x62, 0x6a, 0x8b,
    0xac, 0x93, 0x87, 0x6a, 0x8a, 0x8b, 0x8b, 0x8b, 0xe8, 0x7a, 0x25, 0x62,
    0xac, 0x8b, 0x58, 0xd6, 0x8f, 0x9c, 0x6e, 0x9c, 0x6e, 0x9c, 0x0e, 0x8c,
    0xad, 0x7b, 0x95, 0xbd, 0xf7, 0xc5, 0x17, 0xc6, 0xd5, 0xbd, 0x37, 0xce,
    0xb9, 0xde, 0x58, 0xd6, 0x57, 0xce, 0x58, 0xd6, 0x57, 0xd6, 0x16, 0xce,
    0x16, 0xce, 0x37, 0xce, 0x37, 0xce, 0x37, 0xce, 0x37, 0xce, 0x37, 0xce,
    0x78, 0xd6, 0x78, 0xd6, 0x57, 0xce, 0x78, 0xd6, 0x58, 0xd6, 0x37, 0xce,
    0x37, 0xce, 0x57, 0xce, 0x17, 0xce, 0xf6, 0xc5, 0xf6, 0xc5, 0xf6, 0xc5,
    0xd6, 0xbd, 0xf6, 0xc5, 0xf6, 0xc5, 0x17, 0xc6, 0xf6, 0xc5, 0x17, 0xc6,
    0x17, 0xc6, 0xb5, 0xbd, 0x0a, 0x63, 0xb5, 0xbd, 0x37, 0xc6, 0x17, 0xc6,
    0x17, 0xc6, 0x17, 0xc6, 0x17, 0xc6, 0x17, 0xc6, 0x37, 0xce, 0x17, 0xc6,
    0x37, 0xc6, 0x38, 0xc6, 0x37, 0xce, 0x38, 0xc6, 0x17, 0xce, 0x37, 0xce,
    0x38, 0xce, 0x17, 0xc6, 0x38, 0xce, 0x38, 0xce, 0x38, 0xce, 0x38, 0xce,
    0x94, 0xbd, 0xd5, 0xbd, 0xf5, 0xc5, 0xf6, 0xbd, 0xf6, 0xbd, 0xf6, 0xc5,
    0xd7, 0xc5, 0xd6, 0xbd, 0xf7, 0xc5, 0xd6, 0xbd, 0xf7, 0xc5, 0xd7, 0xbd,
    0xf6, 0xbd, 0xd6, 0xbd, 0xf6, 0xc5, 0xd5, 0xbd, 0xd6, 0xbd, 0xd6, 0xbd,
    0xf6, 0xbd, 0xd6, 0xbd, 0xd6, 0xbd, 0xf6, 0xbd, 0xd5, 0xc5, 0xd6, 0xbd,
    0xd6, 0xbd, 0xf6, 0xbd, 0xd6, 0xc5, 0xd6, 0xbd, 0xd5, 0xbd, 0xf5, 0xbd,
    0xd6, 0xbd, 0xd5, 0xbd, 0xd6, 0xc5, 0xf6, 0xbd, 0xd6, 0xbd, 0xd6, 0xbd,
    0xd6, 0xbd, 0xd6, 0xbd, 0xd6, 0xbd, 0xd5, 0xbd, 0xd5, 0xbd, 0xd6, 0xbd,
    0xd6, 0xbd, 0xd6, 0xbd, 0xd6, 0xc5, 0xf5, 0xbd, 0xd6, 0xbd, 0xd5, 0xbd,
    0xf6, 0xbd, 0xd6, 0xbd, 0xd5, 0xbd, 0xf6, 0xbd, 0xf6, 0xbd, 0xf6, 0xbd,
    0xd5, 0xbd, 0xf6, 0xbd, 0xf6, 0xc5, 0xd5, 0xbd, 0xd6, 0xbd, 0xf6, 0xbd,
    0xf6, 0xc5, 0xf6, 0xbd, 0xf6, 0xc5, 0xf5, 0xbd, 0xf6, 0xbd, 0xf6, 0xbd,
    0xf6, 0xc5, 0xf6, 0xbd, 0xf6, 0xbd, 0xf6, 0xc5, 0xf6, 0xbd, 0xf6, 0xbd,
    0xf6, 0xbd, 0xf6, 0xbd, 0xf7, 0xc5, 0xf6, 0xbd, 0xf7, 0xbd, 0xf7, 0xc5,
    0x17, 0xc6, 0xf7, 0xc5, 0xf6, 0xbd, 0xf6, 0xc5, 0xb5, 0xbd, 0xef, 0xb4,
    0x07, 0x73, 0x33, 0xb5, 0x33, 0xa5, 0x34, 0xad, 0x35, 0xad, 0x55, 0xad,
    0x35, 0xad, 0x34, 0xa5, 0x35, 0xad, 0x34, 0xad, 0xf6, 0xc5, 0xda, 0xde,
    0x99, 0xd6, 0x58, 0xce, 0x58, 0xd6, 0x58, 0xd6, 0x58, 0xd6, 0x38, 0xd6,
    0x57, 0xce, 0x37, 0xce, 0x58, 0xd6, 0x78, 0xd6, 0x57, 0xce, 0x78, 0xd6,
    0x58, 0xd6, 0x58, 0xd6, 0x37, 0xce, 0x37, 0xce, 0x17, 0xce, 0x37, 0xce,
    0x58, 0xd6, 0x57, 0xce, 0x58, 0xd6, 0x57, 0xd6, 0x58, 0xd6, 0x78, 0xd6,
    0x78, 0xd6, 0x57, 0xce, 0x57, 0xce, 0x78, 0xd6, 0x58, 0xd6, 0x78, 0xd6,
    0x58, 0xce, 0x58, 0xd6, 0x57, 0xce, 0x58, 0xd6, 0x57, 0xd6, 0x37, 0xce,
    0x37, 0xce, 0x36, 0xce, 0x37, 0xce, 0x16, 0xce, 0x36, 0xce, 0x37, 0xd6,
    0x57, 0xd6, 0x98, 0xde, 0xd8, 0xe6, 0x99, 0xde, 0x4b, 0x7b, 0x0d, 0x94,
    0xab, 0x8b, 0xca, 0x8b, 0xcd, 0xbc, 0x6b, 0xbc, 0x4a, 0xac, 0x4a, 0xb4,
    0x4b, 0xac, 0x4b, 0xac, 0x4b, 0xac, 0x4b, 0xac, 0x4b, 0xac, 0x4b, 0xac,
    0x4c, 0xac, 0x0c, 0xa4, 0x6a, 0x8b, 0x29, 0x83, 0x6b, 0x8b, 0xac, 0x8b,
    0x2e, 0x9c, 0x4e, 0x94, 0x6c, 0x9c, 0x4a, 0xac, 0x08, 0xb4, 0x07, 0xac,
    0x26, 0xb4, 0x07, 0xb4, 0x07, 0xb4, 0x28, 0xac, 0x08, 0xac, 0x28, 0xb4,
    0x6a, 0xac, 0x4b, 0xa4, 0x4a, 0xa4, 0x49, 0xac, 0x6c, 0x9c, 0x91, 0x74,
    0x71, 0x74, 0x4e, 0x8c, 0x0b, 0x94, 0x2c, 0x94, 0x2b, 0x94, 0x0c, 0x94,
    0x0c, 0x94, 0xeb, 0x93, 0x0b, 0x94, 0x4d, 0x94, 0x6e, 0x8c, 0x6c, 0x9c,
    0x2b, 0xa4, 0x49, 0xac, 0x4b, 0xac, 0x6c, 0xa4, 0x6c, 0xa4, 0x8d, 0xa4,
    0xb0, 0xa4, 0xb0, 0xa4, 0x12, 0xad, 0x32, 0xb5, 0x53, 0xb5, 0x53, 0xad,
    0x53, 0xad, 0x73, 0xad, 0x74, 0xad, 0x53, 0xad, 0x74, 0xad, 0x53, 0xad,
    0x33, 0xa5, 0x2f, 0x8c, 0x4f, 0x8c, 0x94, 0xb5, 0x74, 0xad, 0x74, 0xad,
    0xb5, 0xbd, 0x53, 0xb5, 0x0a, 0x6b, 0x42, 0x41, 0x25, 0x6a, 0xa5, 0x82,
    0x85, 0x82, 0xc3, 0x61, 0xe5, 0x49, 0xb5, 0xbd, 0x74, 0xb5, 0x91, 0x9c,
    0x64, 0x39, 0x43, 0x31, 0x03, 0x31, 0x23, 0x31, 0x47, 0x5a, 0x47, 0x62,
    0x46, 0x62, 0x46, 0x62, 0x46, 0x62, 0x66, 0x6a, 0x46, 0x6a, 0x46, 0x62,
    0x45, 0x6a, 0x45, 0x62, 0x25, 0x62, 0x46, 0x6a, 0x26, 0x62, 0xe9, 0x7a,
    0xe9, 0x7a, 0xc4, 0x59, 0x4a, 0x83, 0x6e, 0xac, 0x29, 0x83, 0x6a, 0x8b,
    0x4e, 0xa4, 0x2e, 0xa4, 0xab, 0x8b, 0xb3, 0xcd, 0xaf, 0xa4, 0x8f, 0xa4,
    0x6e, 0x9c, 0x6e, 0x9c, 0x4e, 0x94, 0x4c, 0x7b, 0x55, 0xb5, 0x38, 0xce,
    0x58, 0xd6, 0x17, 0xce, 0xb6, 0xc5, 0x57, 0xce, 0xb9, 0xd6, 0x78, 0xce,
    0x77, 0xce, 0x57, 0xce, 0x57, 0xd6, 0x57, 0xd6, 0x37, 0xce, 0x37, 0xce,
    0x57, 0xce, 0x57, 0xce, 0x57, 0xce, 0x57, 0xce, 0x37, 0xce, 0x37, 0xce,
    0x58, 0xd6, 0x58, 0xd6, 0x37, 0xce, 0x37, 0xce, 0x37, 0xce, 0x17, 0xce,
    0x16, 0xc6, 0xf6, 0xc5, 0xf6, 0xc5, 0xd6, 0xbd, 0xf6, 0xc5, 0xf7, 0xc5,
    0x17, 0xc6, 0xf6, 0xc5, 0x17, 0xc6, 0x17, 0xce, 0xd6, 0xc5, 0xeb, 0x62,
    0x54, 0xad, 0xf7, 0xc5, 0x17, 0xc6, 0x16, 0xc6, 0x17, 0xc6, 0x17, 0xc6,
    0x37, 0xc6, 0x18, 0xce, 0x18, 0xc6, 0x17, 0xc6, 0x37, 0xc6, 0x38, 0xce,
    0x18, 0xce, 0x37, 0xce, 0x37, 0xc6, 0x18, 0xc6, 0x38, 0xce, 0x38, 0xce,
    0x38, 0xc6, 0xd6, 0xc5, 0x94, 0xbd, 0xb5, 0xbd, 0xd5, 0xbd, 0xf6, 0xc5,
    0xd6, 0xbd, 0xf6, 0xbd, 0xf7, 0xc5, 0xf6, 0xbd, 0xf7, 0xc5, 0xf7, 0xc5,
    0xf7, 0xc5, 0xd6, 0xbd, 0xf6, 0xbd, 0xd6, 0xbd, 0xd6, 0xbd, 0xd6, 0xbd,
    0xd6, 0xbd, 0xd6, 0xbd, 0xf6, 0xbd, 0xd6, 0xbd, 0xd5, 0xbd, 0xd6, 0xbd,
    0xd6, 0xbd, 0xd6, 0xbd, 0xd5, 0xbd, 0xd5, 0xbd, 0xd5, 0xbd, 0xd6, 0xbd,
    0xf6, 0xbd, 0xd6, 0xbd, 0xd6, 0xbd, 0xd6, 0xbd, 0xd6, 0xbd, 0xd6, 0xbd,
    0xd6, 0xbd, 0xb6, 0xbd, 0xd5, 0xbd, 0xd6, 0xbd, 0xd6, 0xbd, 0xd5, 0xbd,
    0xf6, 0xbd, 0xd5, 0xbd, 0xd6, 0xbd, 0xd5, 0xbd, 0xd6, 0xbd, 0xd5, 0xbd,
    0xd6, 0xbd, 0xd5, 0xbd, 0xd5, 0xbd, 0xf6, 0xbd, 0xd5, 0xbd, 0xf6, 0xbd,
    0xf6, 0xbd, 0xf5, 0xbd, 0xd6, 0xbd, 0xf6, 0xbd, 0xf6, 0xbd, 0xf5, 0xbd,
    0xf6, 0xbd, 0xf6, 0xbd, 0xf6, 0xc5, 0xf6, 0xbd, 0xf6, 0xbd, 0xf6, 0xbd,
    0xf6, 0xbd, 0xf6, 0xbd, 0xd5, 0xbd, 0xf6, 0xbd, 0xf6, 0xbd, 0xf6, 0xbd,
    0xf6, 0xbd, 0xf6, 0xbd, 0xf6, 0xbd, 0xf6, 0xbd, 0xf7, 0xc5, 0xf7, 0xc5,
    0xf6, 0xbd, 0x17, 0xc6, 0xf7, 0xc5, 0xf7, 0xbd, 0xf6, 0xbd, 0xf7, 0xc5,
    0xf6, 0xc5, 0xf4, 0xcd, 0xa6, 0x6a, 0x2e, 0x94, 0x33, 0xad, 0x34, 0xad,
    0x54, 0xad, 0x55, 0xad, 0x55, 0xad, 0x34, 0xad, 0x35, 0xad, 0x34, 0xad,
    0x34, 0xad, 0x55, 0xad, 0x78, 0xd6, 0xb9, 0xde, 0x58, 0xd6, 0x38, 0xd6,
    0x58, 0xd6, 0x58, 0xd6, 0x57, 0xce, 0x57, 0xce, 0x37, 0xce, 0x37, 0xce,
    0x58, 0xd6, 0x58, 0xd6, 0x58, 0xd6, 0x58, 0xd6, 0x57, 0xce, 0x57, 0xd6,
    0x57, 0xce, 0x58, 0xd6, 0x57, 0xce, 0x57, 0xce, 0x57, 0xce, 0x57, 0xce,
    0x37, 0xce, 0x37, 0xce, 0x57, 0xce, 0x58, 0xd6, 0x78, 0xce, 0x58, 0xd6,
    0x58, 0xd6, 0x57, 0xce, 0x57, 0xce, 0x57, 0xce, 0x58, 0xd6, 0x58, 0xd6,
    0x57, 0xd6, 0x58, 0xd6, 0x36, 0xce, 0x57, 0xd6, 0x78, 0xde, 0x98, 0xde,
    0x98, 0xde, 0xb9, 0xe6, 0x57, 0xd6, 0x98, 0xde, 0x36, 0xce, 0xeb, 0x9b,
    0xa4, 0x9a, 0xe4, 0x92, 0x67, 0x93, 0x84, 0x51, 0x23, 0x29, 0x88, 0x5a,
    0x6c, 0xac, 0x4b, 0xb4, 0x4a, 0xb4, 0x4a, 0xac, 0x4a, 0xb4, 0x4b, 0xb4,
    0x4b, 0xb4, 0x4a, 0xb4, 0x4a, 0xb4, 0x6c, 0xb4, 0x8e, 0xb4, 0x2d, 0xa4,
    0x08, 0x7b, 0x09, 0x7b, 0x4e, 0xa4, 0x4f, 0x9c, 0x6d, 0x9c, 0x4b, 0xa4,
    0x28, 0xb4, 0x08, 0xb4, 0x27, 0xb4, 0x07, 0xbc, 0x07, 0xb4, 0x28, 0xac,
    0x29, 0xb4, 0x29, 0xac, 0x69, 0xac, 0x6b, 0xa4, 0x4b, 0xa4, 0x49, 0xac,
    0x49, 0xb4, 0x6d, 0x94, 0x92, 0x74, 0x70, 0x7c, 0x2d, 0x94, 0x2c, 0x94,
    0x2b, 0x94, 0x2b, 0x94, 0x4b, 0x94, 0x0b, 0x94, 0x2d, 0x94, 0x4e, 0x84,
    0x90, 0x84, 0x6f, 0x84, 0x6d, 0x9c, 0x4b, 0xa4, 0x4b, 0xa4, 0x6c, 0xac,
    0x6c, 0xa4, 0x8d, 0xa4, 0x6d, 0xa4, 0xaf, 0xa4, 0xaf, 0xa4, 0x11, 0xad,
    0x52, 0xad, 0x53, 0xad, 0x74, 0xad, 0x73, 0xad, 0x74, 0xad, 0x74, 0xad,
    0x53, 0xad, 0x74, 0xad, 0x53, 0xad, 0x53, 0xad, 0x50, 0x8c, 0xee, 0x83,
    0x33, 0xad, 0x74, 0xad, 0x55, 0xb5, 0x54, 0xad, 0x74, 0xad, 0x54, 0xad,
    0x4b, 0x7b, 0x22, 0x39, 0x43, 0x49, 0xe0, 0x38, 0x0e, 0x84, 0x95, 0xbd,
    0x53, 0xad, 0x95, 0xbd, 0xd2, 0x9c, 0x8d, 0x7b, 0xea, 0x62, 0xea, 0x6a,
    0x8c, 0x83, 0x6b, 0x83, 0x67, 0x62, 0x87, 0x62, 0x66, 0x62, 0x26, 0x62,
    0x46, 0x62, 0x26, 0x62, 0x45, 0x62, 0x46, 0x6a, 0x66, 0x6a, 0x66, 0x6a,
    0x46, 0x62, 0x25, 0x62, 0x46, 0x62, 0x09, 0x83, 0xc8, 0x72, 0xa8, 0x72,
    0x8f, 0xac, 0x6a, 0x83, 0x29, 0x7b, 0xec, 0x9b, 0x4e, 0xa4, 0x8f, 0xac,
    0xae, 0xac, 0xae, 0xac, 0x8e, 0xac, 0x4d, 0x9c, 0x4d, 0x94, 0x4e, 0x9c,
    0x0f, 0x94, 0x94, 0xbd, 0xd6, 0xc5, 0x38, 0xce, 0x58, 0xd6, 0x37, 0xce,
    0x17, 0xc6, 0xb9, 0xde, 0x98, 0xd6, 0x57, 0xd6, 0x37, 0xd6, 0x37, 0xce,
    0x57, 0xd6, 0x57, 0xd6, 0x57, 0xce, 0x37, 0xce, 0x57, 0xce, 0x57, 0xce,
    0x77, 0xd6, 0x57, 0xce, 0x57, 0xce, 0x37, 0xce, 0x58, 0xd6, 0x57, 0xce,
    0x37, 0xce, 0x37, 0xce, 0x17, 0xc6, 0x16, 0xc6, 0xf6, 0xc5, 0xf6, 0xc5,
    0xf7, 0xc5, 0xf7, 0xc5, 0x17, 0xc6, 0x17, 0xc6, 0xf6, 0xc5, 0xf7, 0xc5,
    0x17, 0xc6, 0xd6, 0xbd, 0x6c, 0x73, 0x74, 0xb5, 0x54, 0xb5, 0x16, 0xc6,
    0x17, 0xc6, 0x17, 0xc6, 0x17, 0xc6, 0x18, 0xc6, 0x18, 0xce, 0x37, 0xce,
    0x37, 0xc6, 0x37, 0xc6, 0x18, 0xce, 0x38, 0xce, 0x37, 0xce, 0x18, 0xce,
    0x38, 0xce, 0x38, 0xce, 0x9a, 0xce, 0x4c, 0x9b, 0xb5, 0xbd, 0xd5, 0xc5,
    0xd6, 0xbd, 0xf6, 0xc5, 0xd6, 0xbd, 0xd6, 0xbd, 0xf7, 0xc5, 0xf7, 0xbd,
    0xf7, 0xbd, 0xf7, 0xc5, 0xf7, 0xc5, 0xf7, 0xc5, 0xf6, 0xbd, 0xf6, 0xc5,
    0xd6, 0xbd, 0xd5, 0xbd, 0xd6, 0xbd, 0xd6, 0xbd, 0xd6, 0xbd, 0xf6, 0xc5,
    0xd6, 0xbd, 0xd6, 0xbd, 0xd6, 0xbd, 0xf6, 0xbd, 0xd6, 0xbd, 0xd5, 0xbd,
    0xd5, 0xbd, 0xf6, 0xc5, 0xf6, 0xc5, 0xd6, 0xbd, 0xd6, 0xbd, 0xf6, 0xc5,
    0xd6, 0xbd, 0xd6, 0xbd, 0xd6, 0xbd, 0xd6, 0xbd, 0xd6, 0xbd, 0xd6, 0xbd,
    0xd6, 0xbd, 0xd5, 0xbd, 0xd6, 0xbd, 0xd5, 0xbd, 0xf6, 0xc5, 0xd5, 0xbd,
    0xd5, 0xbd, 0xd6, 0xbd, 0xd6, 0xbd, 0xd5, 0xbd, 0xd5, 0xbd, 0xf6, 0xbd,
    0xd5, 0xbd, 0xd6, 0xbd, 0xd6, 0xbd, 0xf6, 0xbd, 0xf5, 0xbd, 0xf6, 0xc5,
    0xf6, 0xbd, 0xd6, 0xbd, 0xf6, 0xbd, 0xf5, 0xbd, 0xf6, 0xbd, 0xf6, 0xbd,
    0xf5, 0xbd, 0xf6, 0xc5, 0xf6, 0xbd, 0xf5, 0xbd, 0xd6, 0xc5, 0xd6, 0xbd,
    0xf6, 0xbd, 0xd5, 0xc5, 0xd6, 0xbd, 0xd6, 0xc5, 0xf6, 0xc5, 0xf6, 0xbd,
    0xf6, 0xc5, 0xf7, 0xc5, 0xf6, 0xbd, 0x16, 0xc6, 0x17, 0xc6, 0xf7, 0xc5,
    0xf7, 0xc5, 0xf6, 0xc5, 0xf7, 0xc5, 0x16, 0xce, 0x52, 0xad, 0xa5, 0x39,
    0xb1, 0xa4, 0x54, 0xad, 0x54, 0xad, 0x35, 0xad, 0x35, 0xad, 0x35, 0xad,
    0x35, 0xa5, 0x35, 0xad, 0x34, 0xad, 0x34, 0xad, 0x54, 0xad, 0x38, 0xce,
    0xda, 0xe6, 0x58, 0xd6, 0x58, 0xd6, 0x58, 0xd6, 0x57, 0xd6, 0x78, 0xd6,
    0x78, 0xd6, 0x58, 0xd6, 0xd5, 0xc5, 0x36, 0xce, 0x57, 0xce, 0x37, 0xce,
    0x58, 0xce, 0x78, 0xd6, 0x58, 0xd6, 0x58, 0xd6, 0x78, 0xd6, 0x78, 0xd6,
    0x58, 0xd6, 0x58, 0xd6, 0x58, 0xd6, 0x57, 0xce, 0x58, 0xce, 0x78, 0xd6,
    0x57, 0xce, 0x57, 0xce, 0x57, 0xd6, 0x58, 0xd6, 0x78, 0xd6, 0x57, 0xd6,
    0x57, 0xce, 0x78, 0xd6, 0x58, 0xd6, 0x37, 0xce, 0x56, 0xce, 0xf5, 0xc5,
    0xb4, 0xc5, 0xd5, 0xc5, 0xd5, 0xc5, 0xd4, 0xc5, 0xb4, 0xbd, 0xb4, 0xc5,
    0xd4, 0xc5, 0xb3, 0xcd, 0xa7, 0xa3, 0x20, 0x9a, 0x61, 0xa2, 0xe2, 0xa2,
    0x06, 0x93, 0x83, 0x49, 0x67, 0x72, 0x2b, 0xb4, 0x09, 0xac, 0x4a, 0xb4,
    0x4a, 0xb4, 0x6b, 0xb4, 0x8c, 0xbc, 0x6b, 0xbc, 0x2a, 0xbc, 0x49, 0xb4,
    0x6b, 0xb4, 0xaf, 0xb4, 0xcf, 0xbc, 0x6b, 0x8b, 0xcc, 0x93, 0x70, 0x9c,
    0x4e, 0x94, 0x4b, 0xac, 0x29, 0xb4, 0x28, 0xb4, 0x28, 0xb4, 0x27, 0xb4,
    0x28, 0xb4, 0x29, 0xb4, 0x49, 0xb4, 0x49, 0xb4, 0x2a, 0xb4, 0x6b, 0xa4,
    0x4a, 0xac, 0x4a, 0xb4, 0x2a, 0xac, 0x69, 0xac, 0x6e, 0x8c, 0x91, 0x74,
    0x70, 0x7c, 0x4e, 0x84, 0x2c, 0x9c, 0x2c, 0x94, 0x0c, 0x94, 0x2c, 0x9c,
    0x4d, 0x94, 0x4e, 0x8c, 0x70, 0x84, 0x91, 0x84, 0x6f, 0x94, 0x6d, 0xa4,
    0x6c, 0xa4, 0x6d, 0xa4, 0x6c, 0xa4, 0x8d, 0xa4, 0x8e, 0xa4, 0x8e, 0xa4,
    0xaf, 0xa4, 0xaf, 0x9c, 0x11, 0xa5, 0x53, 0xad, 0x74, 0xad, 0x54, 0xad,
    0x74, 0xb5, 0x54, 0xad, 0x73, 0xad, 0x74, 0xb5, 0x53, 0xad, 0x53, 0xa5,
    0x74, 0xad, 0xd1, 0x9c, 0xd1, 0x9c, 0x54, 0xad, 0x75, 0xad, 0x75, 0xad,
    0x55, 0xb5, 0x74, 0xb5, 0x95, 0xb5, 0x95, 0xbd, 0x8d, 0x7b, 0x8c, 0x83,
    0x74, 0xb5, 0x54, 0xb5, 0x74, 0xb5, 0xf2, 0xa4, 0x14, 0xa5, 0xf3, 0xa4,
    0x12, 0xa5, 0x53, 0xad, 0xf2, 0xa4, 0x90, 0x9c, 0xcd, 0x8b, 0x09, 0x73,
    0xe9, 0x7a, 0x87, 0x72, 0x66, 0x6a, 0x66, 0x6a, 0x45, 0x6a, 0x66, 0x6a,
    0x66, 0x6a, 0x66, 0x6a, 0x66, 0x6a, 0x45, 0x6a, 0x46, 0x6a, 0x46, 0x62,
    0x26, 0x62, 0x09, 0x83, 0xc8, 0x72, 0x4e, 0xa4, 0xcc, 0x8b, 0xa7, 0x6a,
    0xec, 0x9b, 0x52, 0xc5, 0xce, 0xb4, 0xad, 0xb4, 0xae, 0xb4, 0x8d, 0xac,
    0x6d, 0xa4, 0x4e, 0x9c, 0x4f, 0x9c, 0x2f, 0x8c, 0x91, 0x9c, 0x75, 0xb5,
    0x17, 0xce, 0x37, 0xce, 0x58, 0xd6, 0x17, 0xce, 0x37, 0xce, 0x78, 0xd6,
    0x58, 0xd6, 0x57, 0xce, 0x57, 0xd6, 0x57, 0xd6, 0x77, 0xd6, 0x57, 0xd6,
    0x57, 0xce, 0x37, 0xce, 0x57, 0xce, 0x57, 0xce, 0x57, 0xce, 0x57, 0xd6,
    0x57, 0xce, 0x58, 0xce, 0x37, 0xce, 0x37, 0xce, 0x17, 0xc6, 0xf6, 0xc5,
    0xf6, 0xc5, 0xf6, 0xc5, 0xf6, 0xc5, 0x16, 0xc6, 0x17, 0xc6, 0x17, 0xce,
    0xf6, 0xc5, 0xf6, 0xc5, 0xf7, 0xc5, 0x17, 0xc6, 0x74, 0xb5, 0xad, 0x7b,
    0xf7, 0xc5, 0xf2, 0xa4, 0xd6, 0xbd, 0x37, 0xce, 0x17, 0xc6, 0x17, 0xc6,
    0x38, 0xc6, 0x17, 0xc6, 0x17, 0xc6, 0x37, 0xc6, 0x37, 0xce, 0x38, 0xce,
    0x37, 0xce, 0x17, 0xc6, 0x38, 0xce, 0x38, 0xce, 0x79, 0xd6, 0x03, 0x81,
    0xb5, 0xbd, 0xf6, 0xc5, 0xd6, 0xbd, 0xf6, 0xbd, 0xf6, 0xc5, 0xf6, 0xbd,
    0xf7, 0xbd, 0xf7, 0xbd, 0xf6, 0xbd, 0xf6, 0xbd, 0xf7, 0xc5, 0xf7, 0xbd,
    0xd7, 0xbd, 0xd6, 0xc5, 0xf7, 0xbd, 0xd6, 0xbd, 0xd6, 0xbd, 0xd6, 0xc5,
    0xd6, 0xbd, 0xf7, 0xc5, 0xd6, 0xbd, 0xf6, 0xc5, 0xd6, 0xbd, 0xf7, 0xc5,
    0xd6, 0xbd, 0xf6, 0xbd, 0xd6, 0xbd, 0xf6, 0xbd, 0xd6, 0xbd, 0xd6, 0xbd,
    0xd6, 0xbd, 0xd6, 0xbd, 0xd6, 0xbd, 0xd6, 0xbd, 0xd6, 0xbd, 0xd5, 0xbd,
    0xd5, 0xbd, 0xd6, 0xbd, 0xd5, 0xbd, 0xd5, 0xbd, 0xf6, 0xc5, 0xd6, 0xbd,
    0xd6, 0xbd, 0xd6, 0xbd, 0xd6, 0xbd, 0xd6, 0xbd, 0xd6, 0xbd, 0xd6, 0xbd,
    0xd6, 0xbd, 0xd6, 0xbd, 0xd5, 0xbd, 0xd5, 0xbd, 0xd6, 0xbd, 0xf6, 0xc5,
    0xf6, 0xc5, 0xd6, 0xbd, 0xd6, 0xc5, 0xf6, 0xc5, 0xf6, 0xc5, 0xd6, 0xbd,
    0xf6, 0xc5, 0xd6, 0xc5, 0xd6, 0xbd, 0xd6, 0xc5, 0xf6, 0xbd, 0xd6, 0xbd,
    0xf6, 0xc5, 0xf6, 0xc5, 0xf6, 0xc5, 0xf6, 0xc5, 0xf6, 0xbd, 0xf6, 0xbd,
    0xd6, 0xc5, 0xd6, 0xc5, 0xf6, 0xc5, 0xf7, 0xc5, 0xf6, 0xc5, 0xf6, 0xc5,
    0xf7, 0xc5, 0xf7, 0xc5, 0xf7, 0xc5, 0xf7, 0xc5, 0x17, 0xc6, 0x18, 0xc6,
    0x58, 0xce, 0xa5, 0x39, 0x68, 0x5a, 0xd2, 0xa4, 0x34, 0xad, 0x54, 0xa5,
    0x54, 0xad, 0x55, 0xad, 0x35, 0xad, 0x54, 0xad, 0x34, 0xad, 0x34, 0xad,
    0x54, 0xad, 0x75, 0xb5, 0xb5, 0xbd, 0x38, 0xce, 0x79, 0xd6, 0x37, 0xce,
    0x38, 0xce, 0x37, 0xce, 0x37, 0xce, 0x58, 0xd6, 0x56, 0xd6, 0x16, 0xd6,
    0x78, 0xd6, 0x58, 0xce, 0x58, 0xd6, 0x78, 0xd6, 0x78, 0xd6, 0x78, 0xd6,
    0x78, 0xd6, 0x78, 0xd6, 0x78, 0xd6, 0x78, 0xd6, 0x58, 0xd6, 0x57, 0xce,
    0x57, 0xd6, 0x58, 0xd6, 0x78, 0xd6, 0x57, 0xce, 0x57, 0xce, 0x58, 0xce,
    0x37, 0xce, 0x58, 0xd6, 0x58, 0xd6, 0x57, 0xce, 0x57, 0xce, 0x58, 0xd6,
    0x57, 0xd6, 0x36, 0xd6, 0x56, 0xd6, 0x36, 0xce, 0x57, 0xd6, 0x16, 0xce,
    0xf5, 0xc5, 0xf5, 0xcd, 0xd5, 0xcd, 0xd4, 0xcd, 0x51, 0xbd, 0x6a, 0xb4,
    0x83, 0x9a, 0x60, 0x9a, 0xa1, 0xa2, 0x03, 0xa3, 0xc8, 0xab, 0x28, 0xb4,
    0x07, 0xc4, 0xe6, 0xbb, 0x06, 0xbc, 0x49, 0xbc, 0x8c, 0xb4, 0x8c, 0xbc,
    0x49, 0xb4, 0x49, 0xb4, 0x6b, 0xb4, 0x8d, 0xb4, 0x6d, 0xac, 0x6e, 0xac,
    0x8e, 0xac, 0x6e, 0x9c, 0x6f, 0x94, 0x8e, 0x9c, 0x6b, 0xb4, 0x69, 0xac,
    0x49, 0xb4, 0x48, 0xb4, 0x27, 0xb4, 0x29, 0xb4, 0x49, 0xac, 0x4a, 0xac,
    0x4a, 0xac, 0x6a, 0xac, 0x4a, 0xac, 0x4a, 0xb4, 0x4a, 0xb4, 0x49, 0xac,
    0x4b, 0xa4, 0x8f, 0x84, 0x91, 0x84, 0x4e, 0x8c, 0x4c, 0x94, 0x0b, 0x94,
    0x2b, 0x94, 0x4c, 0x9c, 0x2d, 0x9c, 0x6e, 0x94, 0x6f, 0x8c, 0x90, 0x8c,
    0x8f, 0x94, 0x6d, 0x9c, 0x4c, 0xa4, 0x6c, 0xa4, 0x8d, 0x9c, 0x8e, 0x9c,
    0x8e, 0x9c, 0xae, 0x9c, 0xaf, 0xa4, 0xcf, 0x9c, 0xd0, 0xa4, 0xf1, 0xa4,
    0x12, 0xa5, 0x73, 0xad, 0x53, 0xad, 0x74, 0xad, 0x54, 0xad, 0x54, 0xad,
    0x74, 0xad, 0x53, 0xad, 0x53, 0xa5, 0x74, 0xa5, 0x34, 0xa5, 0x34, 0xa5,
    0x34, 0xa5, 0x34, 0xa5, 0x54, 0xad, 0x54, 0xad, 0x54, 0xad, 0x54, 0xad,
    0x75, 0xb5, 0x75, 0xb5, 0x53, 0xb5, 0x54, 0xad, 0x54, 0xb5, 0x54, 0xb5,
    0x34, 0xa5, 0x14, 0xa5, 0x14, 0xa5, 0x54, 0xad, 0x33, 0xad, 0x53, 0xb5,
    0x33, 0xad, 0x2e, 0x94, 0xc8, 0x72, 0xa7, 0x6a, 0xa7, 0x72, 0xa8, 0x72,
    0xe8, 0x7a, 0x87, 0x72, 0x46, 0x6a, 0x46, 0x6a, 0x46, 0x6a, 0x66, 0x6a,
    0x46, 0x6a, 0x66, 0x6a, 0xec, 0x9b, 0x87, 0x72, 0xe9, 0x7a, 0xa7, 0x6a,
    0xab, 0x8b, 0x6e, 0xa4, 0xe5, 0x51, 0x29, 0x7b, 0x10, 0xbd, 0xce, 0xbc,
    0xad, 0xb4, 0xad, 0xb4, 0xae, 0xb4, 0x8e, 0xa4, 0x6e, 0x9c, 0x6f, 0x9c,
    0x70, 0x94, 0x2f, 0x8c, 0xb5, 0xbd, 0x37, 0xce, 0x17, 0xce, 0x78, 0xd6,
    0x37, 0xd6, 0x37, 0xce, 0x17, 0xce, 0x78, 0xd6, 0x78, 0xd6, 0x57, 0xce,
    0x37, 0xd6, 0x78, 0xd6, 0x78, 0xd6, 0x77, 0xce, 0x57, 0xce, 0x57, 0xce,
    0x78, 0xd6, 0x57, 0xd6, 0x57, 0xd6, 0x57, 0xd6, 0x57, 0xd6, 0x57, 0xd6,
    0x37, 0xce, 0x17, 0xc6, 0xd6, 0xc5, 0xf6, 0xbd, 0xf6, 0xc5, 0x16, 0xc6,
    0x17, 0xce, 0x17, 0xc6, 0x17, 0xc6, 0x17, 0xc6, 0x17, 0xc6, 0xf6, 0xc5,
    0x37, 0xce, 0xd2, 0x9c, 0x91, 0x9c, 0x58, 0xce, 0x33, 0xad, 0x74, 0xb5,
    0x17, 0xc6, 0x17, 0xc6, 0x17, 0xc6, 0x17, 0xc6, 0x18, 0xc6, 0x38, 0xc6,
    0x37, 0xce, 0x38, 0xce, 0x37, 0xc6, 0x17, 0xce, 0x38, 0xc6, 0x99, 0xd6,
    0xae, 0x9b, 0x24, 0x91, 0xd5, 0xbd, 0xf6, 0xc5, 0xd6, 0xbd, 0xf6, 0xc5,
    0x17, 0xc6, 0xf7, 0xc5, 0xf7, 0xbd, 0xf7, 0xc5, 0xf7, 0xc5, 0xf7, 0xbd,
    0xf7, 0xbd, 0xf6, 0xbd, 0xd6, 0xbd, 0xd7, 0xbd, 0xd6, 0xbd, 0xd6, 0xbd,
    0xd7, 0xbd, 0xf7, 0xc5, 0xd6, 0xbd, 0xd6, 0xbd, 0xf7, 0xc5, 0xd6, 0xbd,
    0xd7, 0xbd, 0xf7, 0xc5, 0xd6, 0xbd, 0xd6, 0xbd, 0xd6, 0xbd, 0xd6, 0xbd,
    0xf6, 0xbd, 0xf6, 0xc5, 0xd6, 0xbd, 0xd5, 0xbd, 0xd6, 0xbd, 0xd5, 0xbd,
    0xd6, 0xbd, 0xb5, 0xbd, 0xd5, 0xbd, 0xd6, 0xbd, 0xd5, 0xbd, 0xd6, 0xbd,
    0xd6, 0xbd, 0xd5, 0xbd, 0xd6, 0xbd, 0xd5, 0xbd, 0xd6, 0xbd, 0xd5, 0xbd,
    0xd6, 0xbd, 0xd6, 0xbd, 0xd5, 0xbd, 0xd6, 0xbd, 0xd5, 0xbd, 0xd6, 0xbd,
    0xf6, 0xbd, 0xf6, 0xc5, 0xf6, 0xbd, 0xf6, 0xbd, 0xf6, 0xbd, 0xd5, 0xbd,
    0xf6, 0xbd, 0xd6, 0xbd, 0xf6, 0xc5, 0xf6, 0xbd, 0xf6, 0xbd, 0xf5, 0xbd,
    0xf6, 0xc5, 0xd6, 0xbd, 0xf6, 0xbd, 0xf6, 0xbd, 0xf6, 0xc5, 0xf6, 0xbd,
    0xf6, 0xbd, 0xf6, 0xc5, 0xf6, 0xc5, 0xf6, 0xc5, 0xd6, 0xc5, 0xf7, 0xc5,
    0xf6, 0xc5, 0x17, 0xc6, 0x17, 0xc6, 0x17, 0xc6, 0x17, 0xbe, 0x17, 0xc6,
    0x17, 0xc6, 0x17, 0xc6, 0x37, 0xce, 0x74, 0xb5, 0x23, 0x29, 0x68, 0x52,
    0x50, 0x94, 0x54, 0xb5, 0x54, 0xad, 0x54, 0xad, 0x35, 0xb5, 0x54, 0xad,
    0x54, 0xad, 0x54, 0xad, 0x35, 0xad, 0x54, 0xb5, 0x75, 0xb5, 0x95, 0xb5,
    0x95, 0xbd, 0x17, 0xce, 0x58, 0xd6, 0x58, 0xd6, 0x78, 0xd6, 0x36, 0xc6,
    0x18, 0xce, 0x57, 0xce, 0x37, 0xce, 0x57, 0xce, 0x78, 0xd6, 0x78, 0xd6,
    0x78, 0xd6, 0x78, 0xd6, 0x57, 0xce, 0x58, 0xd6, 0x57, 0xce, 0x58, 0xd6,
    0x78, 0xd6, 0x57, 0xce, 0x78, 0xd6, 0x58, 0xd6, 0x58, 0xd6, 0x58, 0xd6,
    0x78, 0xd6, 0x78, 0xd6, 0x78, 0xd6, 0x57, 0xce, 0x57, 0xce, 0x37, 0xce,
    0x37, 0xce, 0x37, 0xce, 0x57, 0xd6, 0x37, 0xd6, 0x78, 0xde, 0x16, 0xce,
    0xb5, 0xc5, 0xf6, 0xc5, 0xf5, 0xc5, 0x16, 0xce, 0xd5, 0xc5, 0x31, 0xbd,
    0x90, 0xa4, 0x2a, 0x83, 0xe8, 0x82, 0x63, 0x82, 0xc1, 0xa2, 0xa1, 0xaa,
    0x81, 0xa2, 0xe3, 0xa2, 0x24, 0xab, 0xc6, 0xbb, 0x06, 0xc4, 0xc4, 0xbb,
    0xa5, 0xb3, 0x28, 0xbc, 0x6a, 0xc4, 0x69, 0xc4, 0x6b, 0xb4, 0x6c, 0xb4,
    0x8d, 0xb4, 0x8d, 0xb4, 0xcb, 0x9b, 0x6e, 0x9c, 0x90, 0x8c, 0x90, 0x8c,
    0x0f, 0xb5, 0x4a, 0xac, 0x4a, 0xac, 0x49, 0xb4, 0x48, 0xb4, 0x28, 0xb4,
    0x49, 0xb4, 0x4a, 0xac, 0x4a, 0xac, 0x4a, 0xb4, 0x2a, 0xb4, 0x4b, 0xac,
    0x49, 0xb4, 0x48, 0xac, 0x49, 0xb4, 0x4b, 0xa4, 0x6d, 0x94, 0x6d, 0x94,
    0x4c, 0x9c, 0x0b, 0x94, 0x2c, 0x94, 0x2c, 0x94, 0x2c, 0x9c, 0x4d, 0x94,
    0x6e, 0x94, 0x8f, 0x94, 0x8f, 0x94, 0x8d, 0x9c, 0x6c, 0xa4, 0x6c, 0xa4,
    0x8d, 0xa4, 0x8e, 0x9c, 0x8e, 0x9c, 0xae, 0x9c, 0x8e, 0x9c, 0xce, 0x9c,
    0xae, 0x9c, 0xaf, 0x9c, 0xcf, 0x9c, 0xf1, 0xa4, 0x33, 0xad, 0x12, 0xa5,
    0x12, 0xa5, 0x11, 0xa5, 0x12, 0xa5, 0x13, 0xa5, 0x13, 0xa5, 0x33, 0xa5,
    0x14, 0xa5, 0x34, 0xa5, 0x54, 0x9d, 0x74, 0xa5, 0x54, 0x9d, 0x55, 0xa5,
    0x55, 0xa5, 0x35, 0xad, 0x76, 0xad, 0x54, 0xad, 0x54, 0xad, 0x54, 0xad,
    0x54, 0xad, 0x54, 0xad, 0x75, 0xad, 0x34, 0xa5, 0x33, 0xa5, 0x34, 0xa5,
    0x34, 0xa5, 0x54, 0xad, 0x74, 0xb5, 0x74, 0xb5, 0x32, 0xb5, 0x6f, 0xa4,
    0xcc, 0x8b, 0x09, 0x7b, 0xe9, 0x7a, 0xc8, 0x72, 0x87, 0x6a, 0x66, 0x62,
    0x46, 0x62, 0x66, 0x62, 0x46, 0x62, 0x46, 0x62, 0x25, 0x62, 0x4e, 0xac,
    0x4e, 0xa4, 0x6e, 0xa4, 0xac, 0x8b, 0x29, 0x73, 0x6e, 0x9c, 0x05, 0x52,
    0x25, 0x5a, 0x2b, 0xa4, 0xae, 0xb4, 0xad, 0xb4, 0xcd, 0xb4, 0xce, 0xb4,
    0xad, 0xac, 0x8e, 0xa4, 0x6f, 0x9c, 0x8f, 0x9c, 0x4f, 0x94, 0x34, 0xb5,
    0xf7, 0xcd, 0xd6, 0xc5, 0x78, 0xd6, 0x38, 0xce, 0x38, 0xd6, 0x37, 0xce,
    0x58, 0xd6, 0x99, 0xde, 0x78, 0xde, 0x37, 0xd6, 0x37, 0xd6, 0x98, 0xd6,
    0xb9, 0xde, 0x78, 0xd6, 0x57, 0xd6, 0x78, 0xd6, 0x78, 0xd6, 0x58, 0xd6,
    0x57, 0xd6, 0x57, 0xd6, 0x58, 0xd6, 0x16, 0xc6, 0xf6, 0xc5, 0xd5, 0xbd,
    0xf6, 0xc5, 0x16, 0xc6, 0xf7, 0xc5, 0xf7, 0xc5, 0x17, 0xc6, 0xf6, 0xc5,
    0x17, 0xce, 0x17, 0xc6, 0xf6, 0xc5, 0x58, 0xce, 0x70, 0x94, 0x33, 0xad,
    0x58, 0xce, 0xb5, 0xbd, 0x54, 0xad, 0xd6, 0xbd, 0xf7, 0xc5, 0x17, 0xc6,
    0x18, 0xc6, 0x38, 0xc6, 0x17, 0xce, 0x38, 0xce, 0x38, 0xc6, 0x17, 0xce,
    0x38, 0xce, 0xd7, 0xd5, 0x24, 0x79, 0x45, 0x99, 0xd6, 0xc5, 0x17, 0xc6,
    0xf7, 0xbd, 0xf6, 0xbd, 0xf7, 0xc5, 0xf7, 0xc5, 0xf6, 0xbd, 0xf7, 0xc5,
    0xf7, 0xbd, 0xd6, 0xbd, 0xf7, 0xbd, 0xf7, 0xc5, 0xd6, 0xbd, 0xd6, 0xbd,
    0xd7, 0xc5, 0xd6, 0xbd, 0xd7, 0xbd, 0xf7, 0xc5, 0xf7, 0xbd, 0xd7, 0xbd,
    0xf7, 0xc5, 0xd6, 0xbd, 0xd7, 0xbd, 0xd6, 0xbd, 0xf6, 0xbd, 0xf6, 0xbd,
    0xd6, 0xbd, 0xd6, 0xc5, 0xf6, 0xbd, 0xd6, 0xbd, 0xd6, 0xbd, 0xd6, 0xbd,
    0xd5, 0xbd, 0xd5, 0xbd, 0xd6, 0xbd, 0xd6, 0xbd, 0xd5, 0xbd, 0xd5, 0xbd,
    0xd6, 0xbd, 0xd5, 0xbd, 0xd5, 0xbd, 0xd6, 0xbd, 0xd6, 0xbd, 0xd5, 0xbd,
    0xd6, 0xbd, 0xd6, 0xbd, 0xd5, 0xbd, 0xd6, 0xbd, 0xd5, 0xbd, 0xd5, 0xbd,
    0xd6, 0xbd, 0xf6, 0xbd, 0xd5, 0xbd, 0xd6, 0xbd, 0xd5, 0xbd, 0xf6, 0xc5,
    0xf6, 0xbd, 0xf6, 0xc5, 0xd5, 0xbd, 0xf6, 0xbd, 0xf5, 0xbd, 0xd6, 0xbd,
    0xd6, 0xbd, 0xf6, 0xc5, 0xd5, 0xbd, 0xf6, 0xbd, 0xf6, 0xc5, 0xf6, 0xbd,
    0xf6, 0xc5, 0xf6, 0xbd, 0xf6, 0xc5, 0xf6, 0xbd, 0xd6, 0xc5, 0xf7, 0xc5,
    0xf6, 0xc5, 0xf6, 0xc5, 0xf7, 0xc5, 0x17, 0xc6, 0xf6, 0xbd, 0x17, 0xc6,
    0xf7, 0xc5, 0x17, 0xc6, 0x17, 0xc6, 0x17, 0xc6, 0x17, 0xc6, 0x58, 0xce,
    0xd6, 0xbd, 0x85, 0x31, 0x27, 0x52, 0x0f, 0x94, 0x74, 0xb5, 0x34, 0xb5,
    0x54, 0xb5, 0x34, 0xad, 0x54, 0xad, 0x34, 0xad, 0x55, 0xb5, 0x55, 0xad,
    0x55, 0xb5, 0x75, 0xb5, 0x95, 0xb5, 0x95, 0xb5, 0x75, 0xb5, 0x95, 0xbd,
    0xb6, 0xbd, 0x17, 0xce, 0x37, 0xce, 0x38, 0xce, 0x17, 0xc6, 0x37, 0xce,
    0x57, 0xce, 0x57, 0xce, 0x37, 0xce, 0x37, 0xce, 0x78, 0xd6, 0x78, 0xd6,
    0x78, 0xd6, 0x78, 0xd6, 0x78, 0xd6, 0x58, 0xd6, 0x78, 0xd6, 0x78, 0xd6,
    0x57, 0xce, 0x57, 0xce, 0x57, 0xd6, 0x58, 0xd6, 0x58, 0xd6, 0x78, 0xd6,
    0x78, 0xd6, 0x78, 0xd6, 0x37, 0xce, 0x37, 0xce, 0x78, 0xd6, 0x58, 0xd6,
    0xf6, 0xc5, 0x36, 0xce, 0x36, 0xce, 0x16, 0xce, 0x16, 0xce, 0x16, 0xce,
    0x53, 0xb5, 0xb1, 0xa4, 0xe5, 0x51, 0x86, 0x6a, 0xa7, 0x72, 0xa6, 0x72,
    0x64, 0x7a, 0x62, 0x8a, 0xc2, 0xa2, 0xc1, 0xaa, 0xc0, 0xaa, 0xe1, 0xa2,
    0x22, 0xa3, 0x65, 0xb3, 0x83, 0xbb, 0x62, 0xbb, 0x22, 0xb3, 0x22, 0xab,
    0x29, 0xbc, 0xac, 0xbc, 0xac, 0xbc, 0xad, 0xbc, 0xeb, 0xa3, 0xed, 0x8b,
    0xb1, 0x84, 0x70, 0x84, 0x52, 0xad, 0x8c, 0xa4, 0x6a, 0xac, 0x4a, 0xac,
    0x49, 0xac, 0x49, 0xb4, 0x4a, 0xb4, 0x69, 0xac, 0x4a, 0xb4, 0x4a, 0xac,
    0x6b, 0xa4, 0x6c, 0xa4, 0x49, 0xac, 0x6a, 0xac, 0x4a, 0xac, 0x4a, 0xac,
    0x4b, 0xa4, 0x4c, 0x9c, 0x4b, 0x9c, 0x4c, 0x9c, 0x2c, 0x94, 0x4c, 0x9c,
    0x4c, 0x9c, 0x6d, 0x9c, 0x6d, 0x94, 0x6e, 0x9c, 0x6d, 0x9c, 0x6c, 0x9c,
    0x6c, 0x9c, 0x8d, 0xa4, 0x8e, 0x9c, 0x8e, 0x9c, 0x8f, 0x9c, 0xae, 0x9c,
    0xae, 0x9c, 0xae, 0x9c, 0xae, 0x9c, 0xaf, 0x9c, 0xcf, 0x9c, 0xcf, 0x9c,
    0xd0, 0x9c, 0xf0, 0xa4, 0xf0, 0xa4, 0xf0, 0xa4, 0xd1, 0x9c, 0xf0, 0x9c,
    0xf1, 0x9c, 0x11, 0x9d, 0xf1, 0x9c, 0x12, 0x9d, 0x33, 0xa5, 0x54, 0x9d,
    0x35, 0x9d, 0x33, 0x9d, 0x12, 0xa5, 0xf1, 0xa4, 0xf1, 0xa4, 0x33, 0xad,
    0x54, 0xb5, 0x54, 0xad, 0x33, 0xad, 0x53, 0xad, 0x33, 0xad, 0x34, 0xad,
    0x34, 0xa5, 0x13, 0x9d, 0x55, 0xa5, 0x76, 0xa5, 0x54, 0xa5, 0x54, 0xad,
    0x54, 0xad, 0x33, 0xb5, 0x32, 0xb5, 0xf1, 0xb4, 0x6e, 0xa4, 0xec, 0x93,
    0x6a, 0x83, 0xe8, 0x7a, 0xc7, 0x72, 0xc7, 0x72, 0xe9, 0x7a, 0xc8, 0x7a,
    0xa8, 0x72, 0x86, 0x6a, 0xab, 0x93, 0xb0, 0xac, 0xb0, 0xac, 0x8f, 0xac,
    0x2a, 0x83, 0x6e, 0x9c, 0x66, 0x62, 0x05, 0x52, 0x0b, 0x94, 0x6c, 0xac,
    0x8c, 0xb4, 0x8c, 0xb4, 0x8d, 0xb4, 0xad, 0xb4, 0x8d, 0xac, 0x6e, 0xa4,
    0x4e, 0x9c, 0x4e, 0x94, 0xb0, 0x9c, 0x95, 0xbd, 0x96, 0xbd, 0x17, 0xce,
    0x17, 0xce, 0x38, 0xce, 0x37, 0xce, 0x58, 0xd6, 0xb8, 0xd6, 0x78, 0xd6,
    0x58, 0xd6, 0x57, 0xd6, 0x57, 0xd6, 0x78, 0xd6, 0x98, 0xde, 0x78, 0xd6,
    0x98, 0xde, 0x98, 0xde, 0x98, 0xd6, 0x78, 0xd6, 0x78, 0xd6, 0x57, 0xce,
    0x16, 0xc6, 0xf6, 0xc5, 0x16, 0xc6, 0xf6, 0xc5, 0x17, 0xc6, 0xf6, 0xc5,
    0x17, 0xce, 0xf6, 0xc5, 0x17, 0xc6, 0x17, 0xce, 0x17, 0xc6, 0x17, 0xc6,
    0x38, 0xce, 0x30, 0x8c, 0x54, 0xb5, 0x37, 0xce, 0xf6, 0xc5, 0xb5, 0xbd,
    0xf6, 0xbd, 0x17, 0xc6, 0x18, 0xce, 0x38, 0xc6, 0x37, 0xce, 0x17, 0xce,
    0x18, 0xce, 0x37, 0xc6, 0x59, 0xce, 0x8e, 0xa3, 0xa6, 0x91, 0x0b, 0xa3,
    0xf6, 0xbd, 0x17, 0xc6, 0xf7, 0xc5, 0xf7, 0xbd, 0xf7, 0xbd, 0xf7, 0xc5,
    0xd6, 0xbd, 0xf7, 0xc5, 0xf7, 0xbd, 0xd6, 0xbd, 0xf7, 0xc5, 0xf7, 0xbd,
    0xd6, 0xbd, 0xd6, 0xbd, 0xd7, 0xbd, 0xd6, 0xbd, 0xf7, 0xc5, 0xf7, 0xc5,
    0xd6, 0xbd, 0xf7, 0xc5, 0xf7, 0xc5, 0xd6, 0xbd, 0xd7, 0xbd, 0xf7, 0xc5,
    0xd6, 0xbd, 0xd6, 0xbd, 0xd5, 0xbd, 0xd5, 0xbd, 0xd6, 0xbd, 0xd6, 0xbd,
    0xd6, 0xbd, 0xd5, 0xbd, 0xd6, 0xbd, 0xd6, 0xbd, 0xd6, 0xbd, 0xd6, 0xbd,
    0xd5, 0xbd, 0xd6, 0xbd, 0xd5, 0xbd, 0xd6, 0xbd, 0xd5, 0xbd, 0xf6, 0xbd,
    0xd6, 0xbd, 0xd5, 0xbd, 0xd6, 0xbd, 0xd6, 0xbd, 0xd6, 0xbd, 0xd6, 0xbd,
    0xd5, 0xbd, 0xd5, 0xbd, 0xd6, 0xbd, 0xd5, 0xbd, 0xd6, 0xbd, 0xf6, 0xc5,
    0xf6, 0xc5, 0xd5, 0xbd, 0xf6, 0xbd, 0xf6, 0xc5, 0xd6, 0xbd, 0xd5, 0xbd,
    0xf6, 0xc5, 0xf6, 0xbd, 0xf6, 0xc5, 0xd6, 0xbd, 0xf6, 0xbd, 0xd5, 0xbd,
    0xf6, 0xc5, 0xf6, 0xc5, 0xf6, 0xbd, 0xf6, 0xc5, 0xf6, 0xc5, 0xf6, 0xbd,
    0xf6, 0xc5, 0xf6, 0xc5, 0x16, 0xc6, 0x17, 0xc6, 0xf7, 0xc5, 0xf6, 0xc5,
    0xf6, 0xbd, 0xf6, 0xc5, 0x17, 0xc6, 0xf7, 0xc5, 0x17, 0xc6, 0x17, 0xc6,
    0x17, 0xc6, 0x17, 0xc6, 0x58, 0xce, 0x17, 0xc6, 0xc6, 0x41, 0xe7, 0x49,
    0x0e, 0x94, 0x74, 0xb5, 0x53, 0xad, 0x54, 0xb5, 0x34, 0xb5, 0x34, 0xad,
    0x55, 0xad, 0x35, 0xad, 0x55, 0xad, 0x75, 0xb5, 0x75, 0xb5, 0x75, 0xb5,
    0x95, 0xb5, 0x75, 0xb5, 0x95, 0xb5, 0x75, 0xb5, 0x95, 0xb5, 0xd6, 0xbd,
    0xf7, 0xcd, 0x38, 0xd6, 0x37, 0xce, 0x17, 0xce, 0x38, 0xd6, 0x58, 0xd6,
    0x78, 0xd6, 0x78, 0xce, 0x78, 0xd6, 0x78, 0xd6, 0x78, 0xce, 0x78, 0xd6,
    0x98, 0xd6, 0x78, 0xd6, 0x78, 0xd6, 0x58, 0xce, 0x78, 0xd6, 0x98, 0xd6,
    0x98, 0xd6, 0x58, 0xd6, 0x78, 0xd6, 0x58, 0xd6, 0x58, 0xd6, 0x78, 0xd6,
    0x17, 0xce, 0x57, 0xce, 0x17, 0xce, 0x16, 0xce, 0x16, 0xce, 0x16, 0xce,
    0x36, 0xce, 0x53, 0xb5, 0xb1, 0xa4, 0x06, 0x52, 0x09, 0x73, 0x86, 0x72,
    0x87, 0x72, 0x87, 0x72, 0x66, 0x72, 0x87, 0x6a, 0x45, 0x72, 0x43, 0x7a,
    0xa2, 0x8a, 0xa0, 0x9a, 0xa0, 0x9a, 0xc1, 0xa2, 0xe1, 0xaa, 0x21, 0xab,
    0x41, 0xb3, 0x21, 0xb3, 0x01, 0xab, 0x08, 0xbc, 0x8c, 0xbc, 0x6c, 0xac,
    0xc6, 0x7a, 0xb0, 0x9c, 0xb3, 0x84, 0x70, 0x7c, 0xb0, 0x8c, 0x6e, 0x94,
    0x6c, 0xa4, 0x4a, 0xb4, 0x69, 0xac, 0x6a, 0xac, 0x4a, 0xb4, 0x6a, 0xb4,
    0x4a, 0xac, 0x69, 0xac, 0x4b, 0xa4, 0x6f, 0x8c, 0x8d, 0x94, 0x69, 0xac,
    0x29, 0xac, 0x4a, 0xac, 0x4a, 0xac, 0x4a, 0xac, 0x6c, 0x94, 0x6f, 0x7c,
    0x70, 0x7c, 0x4d, 0x94, 0x4c, 0x9c, 0x4d, 0x9c, 0x6d, 0x9c, 0x8e, 0x9c,
    0xf0, 0xac, 0x8e, 0x94, 0x8b, 0x73, 0xcd, 0x7b, 0x4e, 0x94, 0x6f, 0x9c,
    0x8f, 0x8c, 0xaf, 0x94, 0xaf, 0x94, 0xb0, 0x94, 0xd0, 0x94, 0xaf, 0x9c,
    0xaf, 0xa4, 0xaf, 0x9c, 0x8f, 0x9c, 0x8f, 0x9c, 0xb0, 0x9c, 0xb0, 0x94,
    0xd0, 0x9c, 0xaf, 0x94, 0xaf, 0x9c, 0xcf, 0x9c, 0xef, 0x9c, 0xd0, 0x9c,
    0xf1, 0x9c, 0xf2, 0x9c, 0xf2, 0x9c, 0xd2, 0x9c, 0xd0, 0xa4, 0xaf, 0xa4,
    0x6f, 0xa4, 0x4e, 0x9c, 0x4e, 0x9c, 0x8f, 0xa4, 0x8f, 0xa4, 0xd0, 0xa4,
    0x12, 0xad, 0x12, 0xad, 0x13, 0xa5, 0x54, 0xa5, 0x13, 0x9d, 0x54, 0x9d,
    0x75, 0xa5, 0x54, 0xa5, 0x54, 0xad, 0x53, 0xad, 0x32, 0xad, 0xf1, 0xac,
    0xaf, 0xac, 0x8f, 0xac, 0x6e, 0xac, 0x8e, 0xac, 0x4d, 0xa4, 0x0c, 0x9c,
    0x6a, 0x8b, 0xe8, 0x7a, 0xe8, 0x72, 0x08, 0x7b, 0x09, 0x7b, 0x8b, 0x8b,
    0xcc, 0x8b, 0x2e, 0x9c, 0x4e, 0xa4, 0x6a, 0x7b, 0xcc, 0x8b, 0x2a, 0x7b,
    0xc3, 0x49, 0x2c, 0xac, 0x2b, 0xac, 0x4b, 0xac, 0x6b, 0xac, 0x6b, 0xb4,
    0xac, 0xb4, 0xad, 0xb4, 0xae, 0xac, 0x6e, 0x9c, 0x2e, 0x94, 0x2e, 0x8c,
    0x54, 0xad, 0xf7, 0xc5, 0xb6, 0xc5, 0xf7, 0xcd, 0x17, 0xce, 0x17, 0xce,
    0x37, 0xce, 0x99, 0xde, 0xb9, 0xde, 0x57, 0xd6, 0x78, 0xd6, 0x78, 0xd6,
    0x57, 0xd6, 0x57, 0xd6, 0x37, 0xce, 0x57, 0xd6, 0x37, 0xce, 0x57, 0xd6,
    0x78, 0xd6, 0x78, 0xd6, 0x37, 0xce, 0xf6, 0xc5, 0xf6, 0xc5, 0xf6, 0xc5,
    0x17, 0xc6, 0x17, 0xc6, 0x17, 0xce, 0x17, 0xc6, 0x17, 0xc6, 0x17, 0xce,
    0x17, 0xc6, 0x16, 0xc6, 0x16, 0xc6, 0x17, 0xc6, 0x0f, 0x84, 0xd6, 0xbd,
    0x17, 0xc6, 0xf7, 0xc5, 0xf6, 0xc5, 0xf7, 0xc5, 0x17, 0xc6, 0x38, 0xce,
    0x37, 0xce, 0x37, 0xce, 0x37, 0xce, 0x18, 0xce, 0x37, 0xc6, 0xb6, 0xcd,
    0x95, 0xcd, 0x57, 0xce, 0xf7, 0xc5, 0xf7, 0xc5, 0xd7, 0xbd, 0xf7, 0xc5,
    0xd6, 0xbd, 0xf7, 0xc5, 0xf7, 0xbd, 0xf7, 0xbd, 0xd6, 0xbd, 0xf7, 0xbd,
    0xf7, 0xc5, 0xf6, 0xbd, 0xd6, 0xbd, 0xd6, 0xbd, 0xd6, 0xbd, 0xd6, 0xbd,
    0xd7, 0xbd, 0xf7, 0xc5, 0xf7, 0xc5, 0xf7, 0xbd, 0xf7, 0xc5, 0xd6, 0xbd,
    0xf7, 0xbd, 0xf6, 0xc5, 0xd6, 0xbd, 0xd6, 0xbd, 0xd6, 0xbd, 0xd6, 0xbd,
    0xf6, 0xbd, 0xd6, 0xbd, 0xd6, 0xbd, 0xd6, 0xbd, 0xb5, 0xbd, 0xd6, 0xbd,
    0xd6, 0xbd, 0xf6, 0xbd, 0xd5, 0xbd, 0xd5, 0xbd, 0xd6, 0xbd, 0xd6, 0xbd,
    0xd5, 0xbd, 0xd5, 0xbd, 0xd6, 0xbd, 0xd6, 0xbd, 0xd6, 0xbd, 0xd5, 0xbd,
    0xd6, 0xbd, 0xd6, 0xbd, 0xd5, 0xbd, 0xd5, 0xbd, 0xd5, 0xbd, 0xd6, 0xbd,
    0xf6, 0xc5, 0xf6, 0xbd, 0xf6, 0xbd, 0xd6, 0xbd, 0xd6, 0xbd, 0xf6, 0xbd,
    0xd6, 0xbd, 0xf6, 0xc5, 0xf6, 0xc5, 0xd6, 0xbd, 0xf5, 0xbd, 0xf6, 0xbd,
    0xf6, 0xc5, 0xf6, 0xbd, 0xf6, 0xc5, 0xf6, 0xbd, 0xf6, 0xbd, 0xf6, 0xbd,
    0xf6, 0xbd, 0xf6, 0xbd, 0xf6, 0xc5, 0xf6, 0xc5, 0xf6, 0xc5, 0xf7, 0xc5,
    0x17, 0xc6, 0xf7, 0xc5, 0x16, 0xc6, 0x17, 0xc6, 0x16, 0xc6, 0x16, 0xc6,
    0x16, 0xc6, 0x17, 0xc6, 0x37, 0xc6, 0x17, 0xc6, 0x17, 0xc6, 0x17, 0xc6,
    0x37, 0xce, 0x89, 0x5a, 0x07, 0x4a, 0x4f, 0x94, 0x95, 0xbd, 0x54, 0xad,
    0x33, 0xad, 0x34, 0xb5, 0x54, 0xad, 0x54, 0xb5, 0x54, 0xb5, 0x54, 0xad,
    0x75, 0xb5, 0x75, 0xb5, 0x75, 0xb5, 0x75, 0xb5, 0x95, 0xb5, 0x75, 0xb5,
    0x75, 0xb5, 0x55, 0xb5, 0xb6, 0xbd, 0xb5, 0xbd, 0x58, 0xd6, 0x58, 0xd6,
    0x37, 0xd6, 0x37, 0xce, 0x37, 0xce, 0x58, 0xce, 0x57, 0xce, 0x78, 0xd6,
    0x78, 0xd6, 0x57, 0xce, 0x37, 0xce, 0x57, 0xce, 0x78, 0xd6, 0x98, 0xd6,
    0x78, 0xd6, 0x37, 0xce, 0x37, 0xce, 0x37, 0xce, 0x37, 0xce, 0x57, 0xce,
    0x37, 0xce, 0x37, 0xce, 0x37, 0xce, 0x57, 0xd6, 0x17, 0xce, 0xb5, 0xbd,
    0x57, 0xd6, 0x16, 0xce, 0x33, 0xad, 0x53, 0xb5, 0x68, 0x5a, 0x42, 0x39,
    0x46, 0x62, 0x87, 0x72, 0x86, 0x72, 0x87, 0x72, 0x87, 0x72, 0x66, 0x6a,
    0x66, 0x6a, 0xa7, 0x72, 0xc7, 0x72, 0x85, 0x7a, 0x63, 0x82, 0x61, 0x8a,
    0x60, 0x92, 0x80, 0x9a, 0x63, 0xb3, 0x63, 0xab, 0x64, 0xb3, 0x8b, 0xcc,
    0x89, 0x93, 0x44, 0x62, 0x68, 0x93, 0x12, 0xa5, 0xd3, 0x84, 0x70, 0x7c,
    0x70, 0x84, 0x6f, 0x84, 0x4e, 0x8c, 0x6c, 0x9c, 0x6a, 0xac, 0x4a, 0xb4,
    0x4a, 0xac, 0x4a, 0xb4, 0x6a, 0xac, 0x4a, 0xac, 0x4a, 0xac, 0x8f, 0x84,
    0x92, 0x7c, 0x6a, 0x9c, 0x4a, 0xac, 0x49, 0xac, 0x6a, 0xa4, 0x4b, 0xa4,
    0x90, 0x7c, 0xb4, 0x64, 0xb3, 0x6c, 0x8f, 0x8c, 0xae, 0xa4, 0x6e, 0x94,
    0x6a, 0x73, 0x47, 0x4a, 0x47, 0x42, 0x6c, 0x6b, 0xd1, 0x9c, 0xb1, 0x8c,
    0x90, 0x8c, 0x90, 0x8c, 0x90, 0x8c, 0x90, 0x94, 0xd1, 0x8c, 0xb2, 0x8c,
    0xb1, 0x94, 0xb0, 0x9c, 0x8f, 0x9c, 0x8e, 0x9c, 0x8e, 0x9c, 0x6f, 0x9c,
    0x6b, 0x6b, 0x30, 0x7c, 0xef, 0x6b, 0xd1, 0x8c, 0xcf, 0x94, 0xb0, 0x94,
    0xd0, 0x94, 0xd0, 0x9c, 0xd0, 0x9c, 0xcf, 0x9c, 0xaf, 0xa4, 0xaf, 0xa4,
    0xae, 0xac, 0xae, 0xac, 0x8e, 0xac, 0x8e, 0xac, 0x8e, 0xa4, 0x8e, 0xa4,
    0x8e, 0xa4, 0xaf, 0xa4, 0xb0, 0xa4, 0x11, 0xad, 0x12, 0xad, 0x12, 0xad,
    0x33, 0xa5, 0xf2, 0x9c, 0x13, 0x9d, 0x54, 0xa5, 0x55, 0xa5, 0x74, 0xad,
    0x53, 0xad, 0x12, 0xad, 0x10, 0xad, 0xaf, 0xac, 0x8f, 0xac, 0x8e, 0xac,
    0x8e, 0xac, 0x8e, 0xac, 0x8f, 0xac, 0xcf, 0xb4, 0xcf, 0xb4, 0x8e, 0xac,
    0x6e, 0xa4, 0xcc, 0x93, 0xcb, 0x93, 0x8b, 0x8b, 0x6a, 0x83, 0x09, 0x7b,
    0x09, 0x7b, 0x2a, 0x7b, 0x8c, 0x8b, 0xa4, 0x49, 0x4b, 0xa4, 0x4a, 0xb4,
    0x4a, 0xb4, 0x4a, 0xb4, 0x6b, 0xb4, 0x8c, 0xbc, 0x8c, 0xb4, 0x8d, 0xac,
    0x6e, 0xa4, 0x4d, 0x94, 0x0d, 0x8c, 0x70, 0x94, 0x17, 0xce, 0xd6, 0xc5,
    0xf6, 0xc5, 0x38, 0xce, 0x17, 0xce, 0x16, 0xce, 0x17, 0xce, 0x98, 0xde,
    0x99, 0xde, 0x58, 0xd6, 0x78, 0xd6, 0x78, 0xd6, 0x78, 0xd6, 0x58, 0xd6,
    0x77, 0xd6, 0x57, 0xd6, 0x58, 0xce, 0x58, 0xd6, 0x57, 0xd6, 0x17, 0xc6,
    0x16, 0xc6, 0x16, 0xc6, 0x17, 0xc6, 0xf7, 0xc5, 0x17, 0xce, 0x17, 0xc6,
    0x17, 0xc6, 0x17, 0xc6, 0x17, 0xc6, 0x17, 0xc6, 0x17, 0xc6, 0x17, 0xce,
    0xf6, 0xc5, 0xce, 0x7b, 0x17, 0xc6, 0xf7, 0xc5, 0xf7, 0xc5, 0x17, 0xc6,
    0x17, 0xce, 0x17, 0xce, 0x38, 0xc6, 0x37, 0xce, 0x38, 0xce, 0x18, 0xce,
    0x37, 0xc6, 0x37, 0xc6, 0x38, 0xce, 0xf7, 0xc5, 0x17, 0xc6, 0xf7, 0xc5,
    0xf7, 0xbd, 0xf7, 0xc5, 0xd6, 0xbd, 0xf7, 0xc5, 0xd6, 0xbd, 0xf7, 0xbd,
    0xf6, 0xbd, 0xf7, 0xc5, 0x17, 0xc6, 0xd6, 0xbd, 0xd7, 0xbd, 0xd7, 0xbd,
    0xd6, 0xbd, 0xd7, 0xbd, 0xd6, 0xbd, 0xd6, 0xbd, 0xf7, 0xc5, 0xf7, 0xbd,
    0xf7, 0xbd, 0xd6, 0xbd, 0xf7, 0xc5, 0xf7, 0xbd, 0xd6, 0xbd, 0xd6, 0xbd,
    0xf6, 0xc5, 0xd6, 0xbd, 0xf6, 0xbd, 0xd5, 0xbd, 0xd6, 0xbd, 0xd6, 0xbd,
    0xb5, 0xbd, 0xd6, 0xbd, 0xf6, 0xbd, 0xd6, 0xbd, 0xd5, 0xbd, 0xd6, 0xbd,
    0xd6, 0xbd, 0xd6, 0xbd, 0xd6, 0xbd, 0xd5, 0xbd, 0xd6, 0xbd, 0xd6, 0xbd,
    0xd5, 0xbd, 0xd6, 0xbd, 0xd5, 0xbd, 0xb6, 0xbd, 0xd5, 0xbd, 0xb5, 0xbd,
    0xd6, 0xbd, 0xd5, 0xbd, 0xf6, 0xc5, 0xd6, 0xbd, 0xf6, 0xbd, 0xf5, 0xc5,
    0xd6, 0xc5, 0xf5, 0xbd, 0xf6, 0xbd, 0xf6, 0xc5, 0xf6, 0xbd, 0xd5, 0xbd,
    0xd6, 0xc5, 0xf6, 0xc5, 0xf6, 0xbd, 0xf6, 0xbd, 0xf6, 0xc5, 0xf6, 0xbd,
    0xf6, 0xc5, 0xf6, 0xbd, 0xd6, 0xbd, 0xf6, 0xc5, 0xf6, 0xc5, 0xf6, 0xc5,
    0x16, 0xc6, 0xf6, 0xc5, 0xf6, 0xc5, 0x17, 0xc6, 0xf6, 0xc5, 0xf6, 0xc5,
    0x17, 0xc6, 0x17, 0xc6, 0x16, 0xc6, 0x37, 0xc6, 0x37, 0xc6, 0x17, 0xc6,
    0x17, 0xc6, 0x37, 0xc6, 0x78, 0xd6, 0x54, 0xad, 0xaa, 0x62, 0xe6, 0x49,
    0x0a, 0x73, 0x13, 0xad, 0x95, 0xbd, 0x54, 0xad, 0x54, 0xb5, 0x54, 0xad,
    0x74, 0xb5, 0x75, 0xb5, 0x75, 0xb5, 0x95, 0xb5, 0x95, 0xb5, 0x75, 0xb5,
    0x75, 0xb5, 0x55, 0xb5, 0x75, 0xb5, 0x75, 0xb5, 0x74, 0xb5, 0xd6, 0xc5,
    0xf7, 0xc5, 0x58, 0xd6, 0x78, 0xd6, 0x78, 0xde, 0x98, 0xd6, 0x78, 0xd6,
    0x78, 0xd6, 0x37, 0xce, 0x37, 0xce, 0x58, 0xce, 0x17, 0xce, 0x17, 0xce,
    0x17, 0xce, 0x16, 0xce, 0xf6, 0xc5, 0x17, 0xc6, 0x37, 0xce, 0xf6, 0xc5,
    0x16, 0xc6, 0x16, 0xc6, 0x57, 0xd6, 0x57, 0xce, 0xf6, 0xcd, 0xb5, 0xbd,
    0xf6, 0xc5, 0x78, 0xd6, 0x54, 0xb5, 0x12, 0xad, 0xf1, 0xa4, 0xc5, 0x41,
    0xe6, 0x49, 0xcd, 0x8b, 0x0e, 0x9c, 0xac, 0x93, 0x2a, 0x83, 0xa7, 0x72,
    0x46, 0x6a, 0x67, 0x6a, 0x87, 0x72, 0x66, 0x6a, 0x86, 0x72, 0xe8, 0x7a,
    0xc7, 0x7a, 0xc7, 0x72, 0x85, 0x72, 0x83, 0x7a, 0x83, 0x7a, 0xa8, 0x9b,
    0xea, 0xab, 0xa5, 0x72, 0x68, 0x83, 0x89, 0x8b, 0x2b, 0xac, 0x73, 0xad,
    0x92, 0x7c, 0x90, 0x74, 0x70, 0x7c, 0x70, 0x84, 0x70, 0x84, 0x6f, 0x84,
    0x6c, 0x9c, 0x4a, 0xb4, 0x6a, 0xac, 0x4a, 0xac, 0x6b, 0xac, 0x4b, 0xac,
    0x4a, 0xac, 0x6d, 0x94, 0xb2, 0x74, 0x6f, 0x8c, 0x6d, 0xa4, 0x4b, 0xa4,
    0x6c, 0x9c, 0x92, 0x7c, 0xd4, 0x6c, 0x15, 0x75, 0x71, 0x74, 0xc9, 0x5a,
    0xe5, 0x39, 0x47, 0x42, 0xcd, 0x73, 0xf1, 0x94, 0xf1, 0x94, 0xb0, 0x94,
    0x8f, 0x94, 0x8f, 0x9c, 0xaf, 0x9c, 0x8f, 0x94, 0x90, 0x94, 0x90, 0x94,
    0xb1, 0x8c, 0xd1, 0x84, 0xd1, 0x8c, 0x8e, 0x9c, 0x8d, 0x9c, 0x8d, 0x9c,
    0x8d, 0x9c, 0x6e, 0x9c, 0xc3, 0x41, 0xc1, 0x20, 0x2c, 0x6b, 0xd2, 0x8c,
    0xb2, 0x84, 0xb2, 0x8c, 0xd2, 0x8c, 0xd1, 0x8c, 0xd1, 0x94, 0xd0, 0x9c,
    0xaf, 0xa4, 0xae, 0xa4, 0x8d, 0xa4, 0x8c, 0xac, 0x6c, 0xa4, 0x4c, 0x9c,
    0x4b, 0x9c, 0x4c, 0xa4, 0x4d, 0xa4, 0x6d, 0xa4, 0x6e, 0xa4, 0x8f, 0xa4,
    0xd1, 0xac, 0xf2, 0xac, 0xf1, 0xa4, 0xb0, 0x94, 0x90, 0x94, 0xb1, 0x94,
    0xf3, 0x94, 0x33, 0xa5, 0x53, 0xad, 0x53, 0xb5, 0x52, 0xb5, 0x11, 0xad,
    0x8f, 0xa4, 0x6e, 0xa4, 0x8e, 0xac, 0x6e, 0xa4, 0x8e, 0xac, 0x8f, 0xac,
    0xaf, 0xac, 0xaf, 0xac, 0x8e, 0xac, 0xae, 0xac, 0x4d, 0xa4, 0x4c, 0xa4,
    0x8e, 0xac, 0x6e, 0xac, 0x8e, 0xac, 0x6d, 0xa4, 0xcb, 0x93, 0x2d, 0xa4,
    0x68, 0x93, 0x2a, 0xb4, 0x2a, 0xb4, 0x2a, 0xb4, 0x2a, 0xb4, 0x4b, 0xb4,
    0x6c, 0xb4, 0x8c, 0xb4, 0x8d, 0xac, 0x8d, 0xa4, 0x4d, 0x9c, 0x2d, 0x8c,
    0x0d, 0x84, 0x33, 0xad, 0x37, 0xce, 0x50, 0x94, 0x79, 0xd6, 0x37, 0xce,
    0x17, 0xce, 0xf7, 0xc5, 0x17, 0xce, 0x58, 0xd6, 0x77, 0xd6, 0x78, 0xd6,
    0xb9, 0xde, 0x98, 0xd6, 0x98, 0xd6, 0x78, 0xd6, 0x57, 0xd6, 0x57, 0xce,
    0x58, 0xce, 0x37, 0xce, 0x17, 0xce, 0x17, 0xc6, 0xf7, 0xc5, 0x17, 0xc6,
    0x17, 0xce, 0x16, 0xc6, 0x17, 0xc6, 0x17, 0xce, 0x17, 0xc6, 0x37, 0xc6,
    0x17, 0xc6, 0x17, 0xc6, 0x17, 0xce, 0xf7, 0xc5, 0xce, 0x7b, 0x57, 0xce,
    0x16, 0xc6, 0x17, 0xc6, 0x17, 0xc6, 0x17, 0xc6, 0x37, 0xce, 0x18, 0xc6,
    0x17, 0xc6, 0x37, 0xce, 0x17, 0xce, 0x17, 0xc6, 0x17, 0xc6, 0xf6, 0xcd,
    0xf7, 0xbd, 0xf7, 0xbd, 0xf7, 0xbd, 0xd6, 0xbd, 0xf7, 0xbd, 0xf7, 0xbd,
    0xd6, 0xbd, 0xd7, 0xc5, 0xf7, 0xbd, 0xf7, 0xc5, 0xf7, 0xc5, 0xf7, 0xc5,
    0xf7, 0xc5, 0xd7, 0xbd, 0xf7, 0xc5, 0xd7, 0xbd, 0xf7, 0xc5, 0xd6, 0xbd,
    0xf7, 0xc5, 0xf7, 0xc5, 0xd6, 0xbd, 0xf7, 0xc5, 0xf7, 0xc5, 0xf6, 0xbd,
    0xd6, 0xbd, 0xf6, 0xbd, 0xd6, 0xbd, 0xd6, 0xbd, 0xd6, 0xc5, 0xf6, 0xbd,
    0xd6, 0xbd, 0xd6, 0xbd, 0xd6, 0xbd, 0xd6, 0xbd, 0xd6, 0xbd, 0xd6, 0xbd,
    0xd6, 0xbd, 0xd6, 0xbd, 0xd6, 0xbd, 0xd5, 0xbd, 0xf6, 0xbd, 0xf6, 0xbd,
    0xd5, 0xbd, 0xd6, 0xbd, 0xd5, 0xbd, 0xd5, 0xbd, 0xd5, 0xbd, 0xd6, 0xbd,
    0xb5, 0xbd, 0xd5, 0xbd, 0xd6, 0xbd, 0xd5, 0xbd, 0xf5, 0xbd, 0xd5, 0xbd,
    0xf6, 0xc5, 0xf6, 0xc5, 0xd5, 0xbd, 0xd5, 0xc5, 0xb5, 0xc5, 0xd5, 0xbd,
    0xf6, 0xc5, 0xd6, 0xc5, 0xf6, 0xc5, 0xf6, 0xc5, 0xd6, 0xbd, 0xf6, 0xbd,
    0xf6, 0xc5, 0xf6, 0xc5, 0xf6, 0xc5, 0xf6, 0xbd, 0xf6, 0xc5, 0xf6, 0xc5,
    0x16, 0xc6, 0x16, 0xc6, 0xf6, 0xbd, 0x16, 0xc6, 0xf6, 0xbd, 0xf6, 0xbd,
    0xf7, 0xc5, 0x17, 0xbe, 0x17, 0xc6, 0x17, 0xc6, 0x17, 0xc6, 0x17, 0xc6,
    0x17, 0xc6, 0x17, 0xc6, 0x58, 0xce, 0x75, 0xb5, 0x54, 0xb5, 0x2c, 0x73,
    0x85, 0x39, 0x85, 0x41, 0x84, 0x41, 0xc6, 0x49, 0x0b, 0x6b, 0xf2, 0xa4,
    0xb5, 0xbd, 0x74, 0xb5, 0x54, 0xad, 0x74, 0xb5, 0x75, 0xad, 0x75, 0xb5,
    0x75, 0xb5, 0x75, 0xb5, 0x75, 0xb5, 0x75, 0xad, 0x75, 0xb5, 0x54, 0xb5,
    0x55, 0xad, 0x54, 0xb5, 0x75, 0xb5, 0xb6, 0xbd, 0x38, 0xce, 0x58, 0xd6,
    0x78, 0xd6, 0x99, 0xd6, 0x98, 0xd6, 0x98, 0xd6, 0x37, 0xce, 0x17, 0xc6,
    0x16, 0xc6, 0x16, 0xc6, 0x16, 0xc6, 0x37, 0xce, 0x17, 0xc6, 0x17, 0xce,
    0x16, 0xc6, 0xf6, 0xc5, 0x58, 0xd6, 0x17, 0xce, 0xb5, 0xbd, 0xb5, 0xbd,
    0xb5, 0xbd, 0x37, 0xce, 0xf6, 0xc5, 0x12, 0xa5, 0xf2, 0xa4, 0x70, 0x94,
    0xc6, 0x39, 0x6c, 0x7b, 0x4f, 0x9c, 0xd1, 0xac, 0xcd, 0x8b, 0xb1, 0xac,
    0x53, 0xbd, 0x32, 0xb5, 0xb0, 0xa4, 0x70, 0xa4, 0x6f, 0xa4, 0xab, 0x8b,
    0x09, 0x7b, 0xa7, 0x72, 0x29, 0x83, 0x29, 0x83, 0x29, 0x83, 0x6a, 0x8b,
    0xca, 0x93, 0x89, 0x8b, 0xca, 0x93, 0x0c, 0x9c, 0xef, 0xac, 0x8d, 0xb4,
    0x6c, 0xb4, 0xf1, 0x9c, 0x92, 0x7c, 0x70, 0x74, 0x90, 0x7c, 0x70, 0x7c,
    0x70, 0x7c, 0x70, 0x7c, 0x4f, 0x8c, 0x6c, 0x9c, 0x4a, 0xac, 0x6a, 0xac,
    0x4b, 0xac, 0x4a, 0xac, 0x49, 0xac, 0x2a, 0xa4, 0x70, 0x7c, 0x91, 0x84,
    0x8f, 0x8c, 0xb0, 0x84, 0xb2, 0x74, 0xd3, 0x6c, 0x92, 0x64, 0x2d, 0x4b,
    0xce, 0x6b, 0xd2, 0x8c, 0xd1, 0x9c, 0xcf, 0x9c, 0xaf, 0x94, 0x8f, 0x94,
    0xaf, 0x94, 0xae, 0x94, 0x8e, 0xa4, 0x8c, 0xa4, 0x8c, 0xa4, 0x6d, 0xa4,
    0x6e, 0x94, 0x8e, 0x94, 0xb0, 0x84, 0xb1, 0x7c, 0xd1, 0x84, 0x8d, 0x9c,
    0x6c, 0xa4, 0x4c, 0xa4, 0x4d, 0xa4, 0x6e, 0x9c, 0x4e, 0x9c, 0xc4, 0x49,
    0x01, 0x29, 0x84, 0x31, 0xd3, 0x94, 0x14, 0x8d, 0xf3, 0x84, 0xf2, 0x8c,
    0xb1, 0x8c, 0xb0, 0x94, 0x8f, 0x9c, 0x8e, 0x9c, 0x8d, 0xa4, 0x8c, 0xa4,
    0x6c, 0xa4, 0x4c, 0xa4, 0x2b, 0x9c, 0x2b, 0xa4, 0x2b, 0xa4, 0x4c, 0xa4,
    0x6c, 0xa4, 0x6c, 0xa4, 0x4d, 0xa4, 0x8f, 0x9c, 0xb0, 0xa4, 0xd0, 0xa4,
    0xaf, 0xa4, 0x6e, 0x9c, 0x8e, 0x9c, 0xd0, 0x9c, 0x11, 0xad, 0x32, 0xb5,
    0x11, 0xad, 0x31, 0xb5, 0x10, 0xb5, 0xaf, 0xac, 0x6e, 0xa4, 0x8f, 0xac,
    0xaf, 0xac, 0x8e, 0xac, 0xae, 0xac, 0x8e, 0xac, 0x8e, 0xac, 0x8e, 0xac,
    0x6d, 0xac, 0x4c, 0xa4, 0x2b, 0xa4, 0x4c, 0xac, 0x4c, 0xa4, 0x0b, 0x9c,
    0xeb, 0xa3, 0x4a, 0xac, 0x28, 0xac, 0x08, 0xac, 0x29, 0xb4, 0x4a, 0xb4,
    0x29, 0xb4, 0x2a, 0xb4, 0x2a, 0xac, 0x2b, 0xac, 0x6c, 0xac, 0x8c, 0xac,
    0x6d, 0xa4, 0x4e, 0x9c, 0x4e, 0x9c, 0x4f, 0x94, 0xce, 0x83, 0x50, 0x94,
    0x37, 0xce, 0x79, 0xd6, 0x17, 0xce, 0x54, 0xb5, 0x58, 0xd6, 0x17, 0xce,
    0x37, 0xce, 0xf6, 0xcd, 0x11, 0xc5, 0xd0, 0xc4, 0x53, 0xc5, 0x78, 0xde,
    0x98, 0xd6, 0x58, 0xc6, 0x16, 0xce, 0x17, 0xce, 0x17, 0xc6, 0x17, 0xce,
    0x17, 0xc6, 0x16, 0xc6, 0xf6, 0xc5, 0x17, 0xc6, 0xf6, 0xc5, 0xf6, 0xc5,
    0x37, 0xc6, 0x37, 0xce, 0x37, 0xc6, 0x17, 0xc6, 0x17, 0xc6, 0x38, 0xce,
    0xb6, 0xbd, 0x0e, 0x84, 0x57, 0xd6, 0x17, 0xc6, 0x17, 0xce, 0x17, 0xc6,
    0x38, 0xce, 0x38, 0xce, 0x38, 0xce, 0x38, 0xce, 0x38, 0xce, 0x18, 0xc6,
    0x17, 0xce, 0x38, 0xce, 0xf7, 0xc5, 0xf7, 0xbd, 0x17, 0xc6, 0xf7, 0xbd,
    0xd7, 0xbd, 0xf7, 0xbd, 0xf7, 0xc5, 0xf7, 0xc5, 0xf7, 0xc5, 0xf6, 0xbd,
    0xf7, 0xbd, 0xf7, 0xbd, 0xf7, 0xc5, 0xd6, 0xbd, 0xd6, 0xbd, 0xf7, 0xc5,
    0xf7, 0xbd, 0xf7, 0xbd, 0xf7, 0xc5, 0xf7, 0xc5, 0xf7, 0xc5, 0xf7, 0xbd,
    0xf7, 0xc5, 0xd6, 0xbd, 0xd6, 0xbd, 0xd6, 0xbd, 0xf6, 0xbd, 0xd5, 0xbd,
    0xd6, 0xbd, 0xd6, 0xbd, 0xd6, 0xbd, 0xd5, 0xbd, 0xf6, 0xbd, 0xd6, 0xbd,
    0xd6, 0xbd, 0xd6, 0xbd, 0xd6, 0xbd, 0xb5, 0xbd, 0xd5, 0xbd, 0xd6, 0xbd,
    0xd6, 0xbd, 0xd6, 0xbd, 0xd6, 0xbd, 0xd6, 0xbd, 0xd6, 0xbd, 0xd6, 0xbd,
    0xd6, 0xbd, 0xd5, 0xbd, 0xb5, 0xbd, 0xd6, 0xbd, 0xd5, 0xbd, 0xf5, 0xbd,
    0xf6, 0xbd, 0xf6, 0xbd, 0xf6, 0xc5, 0xd6, 0xbd, 0xd6, 0xc5, 0xb5, 0xbd,
    0xd6, 0xc5, 0xf6, 0xc5, 0xf6, 0xc5, 0xf6, 0xc5, 0xf5, 0xc5, 0xd6, 0xc5,
    0xf6, 0xc5, 0xf6, 0xbd, 0xf6, 0xbd, 0xf6, 0xbd, 0xf6, 0xc5, 0xf6, 0xc5,
    0x16, 0xc6, 0xf6, 0xbd, 0x16, 0xc6, 0x17, 0xc6, 0x17, 0xc6, 0xf6, 0xc5,
    0x16, 0xc6, 0xf6, 0xc5, 0xf7, 0xbd, 0x17, 0xc6, 0x17, 0xc6, 0x17, 0xc6,
    0x17, 0xc6, 0x17, 0xc6, 0x17, 0xc6, 0x37, 0xce, 0x95, 0xb5, 0x50, 0x94,
    0x85, 0x39, 0xa6, 0x39, 0x45, 0x31, 0xca, 0x6a, 0xa9, 0x62, 0xc6, 0x49,
    0x23, 0x31, 0x23, 0x31, 0x06, 0x52, 0x50, 0x94, 0xb5, 0xc5, 0x95, 0xb5,
    0x75, 0xb5, 0x95, 0xbd, 0x75, 0xb5, 0x75, 0xb5, 0x55, 0xb5, 0x74, 0xad,
    0x75, 0xb5, 0x75, 0xb5, 0x75, 0xb5, 0x74, 0xb5, 0x74, 0xb5, 0x75, 0xbd,
    0x75, 0xbd, 0x95, 0xbd, 0xb5, 0xbd, 0xd6, 0xbd, 0xf6, 0xc5, 0xf6, 0xc5,
    0x17, 0xc6, 0x16, 0xc6, 0x16, 0xc6, 0x16, 0xc6, 0x17, 0xc6, 0x16, 0xc6,
    0x57, 0xce, 0x37, 0xce, 0x37, 0xce, 0x37, 0xce, 0xf6, 0xc5, 0xb5, 0xbd,
    0xf6, 0xc5, 0x37, 0xce, 0xd6, 0xbd, 0xf2, 0xa4, 0x2f, 0x8c, 0x0b, 0x73,
    0x2f, 0x94, 0x0a, 0x6b, 0x34, 0xb5, 0x71, 0x9c, 0x91, 0x9c, 0x74, 0xbd,
    0x94, 0xc5, 0x94, 0xbd, 0x74, 0xbd, 0x74, 0xbd, 0x74, 0xbd, 0x54, 0xb5,
    0x74, 0xbd, 0x94, 0xbd, 0xf2, 0xb4, 0xed, 0x93, 0xab, 0x8b, 0x8c, 0x8b,
    0x93, 0xc5, 0x93, 0xc5, 0x6e, 0xa4, 0x52, 0xbd, 0x72, 0xc5, 0x93, 0xc5,
    0x73, 0xbd, 0x2c, 0xa4, 0x06, 0x83, 0x53, 0xa5, 0xb2, 0x7c, 0x71, 0x7c,
    0x91, 0x7c, 0x70, 0x7c, 0x70, 0x7c, 0x70, 0x74, 0x91, 0x74, 0x8f, 0x7c,
    0x6c, 0x9c, 0x2a, 0xb4, 0x4a, 0xb4, 0x49, 0xb4, 0xe7, 0xab, 0xe7, 0xab,
    0x2b, 0x94, 0xb2, 0x74, 0xb2, 0x74, 0xd2, 0x74, 0xb4, 0x74, 0xd4, 0x5c,
    0xf3, 0x6c, 0xd2, 0x7c, 0x8f, 0x8c, 0x6e, 0x9c, 0x6c, 0xac, 0x8d, 0xac,
    0x6d, 0xa4, 0x6e, 0xa4, 0xaf, 0x94, 0xae, 0x94, 0x6d, 0xa4, 0x6b, 0xac,
    0x6b, 0xac, 0x6b, 0xa4, 0x2a, 0x9c, 0x2a, 0x94, 0x6f, 0x84, 0x91, 0x84,
    0xb2, 0x84, 0x8f, 0x94, 0x8d, 0xac, 0x4b, 0xa4, 0x4b, 0xac, 0x4c, 0xa4,
    0xad, 0xac, 0xcf, 0xac, 0xc6, 0x62, 0x42, 0x39, 0x22, 0x31, 0x6e, 0x73,
    0x0b, 0x5b, 0xce, 0x7b, 0xd0, 0x9c, 0xd0, 0x9c, 0xaf, 0x94, 0x8f, 0x94,
    0x8e, 0x94, 0x6e, 0x9c, 0x6d, 0x9c, 0x6d, 0xa4, 0x4c, 0xa4, 0x2b, 0x9c,
    0x2b, 0x9c, 0xeb, 0x9b, 0xea, 0x93, 0x2b, 0xa4, 0x6c, 0xac, 0x8c, 0xa4,
    0x6d, 0xa4, 0x6e, 0xa4, 0x6e, 0xa4, 0x4d, 0xa4, 0x4e, 0xa4, 0x4d, 0x9c,
    0x4d, 0x9c, 0x8e, 0xa4, 0xaf, 0xa4, 0xcf, 0xac, 0xcf, 0xac, 0xcf, 0xac,
    0x8f, 0xac, 0x4a, 0x83, 0x09, 0x7b, 0x0c, 0x9c, 0x8d, 0xac, 0xae, 0xb4,
    0x8d, 0xb4, 0x8d, 0xac, 0x6c, 0xb4, 0x4c, 0xac, 0x6b, 0xac, 0x4b, 0xac,
    0x4b, 0xb4, 0x4b, 0xb4, 0x6a, 0xb4, 0x29, 0xb4, 0x49, 0xb4, 0x08, 0xb4,
    0x28, 0xb4, 0x29, 0xb4, 0x29, 0xb4, 0x29, 0xb4, 0x2a, 0xb4, 0x2a, 0xb4,
    0x2b, 0xb4, 0x4c, 0xb4, 0x6c, 0xac, 0x6d, 0xac, 0x6e, 0xa4, 0x4f, 0x9c,
    0x70, 0x9c, 0x2f, 0x94, 0xad, 0x7b, 0x95, 0xbd, 0xb9, 0xde, 0x37, 0xce,
    0xd6, 0xc5, 0x37, 0xce, 0x17, 0xce, 0x12, 0xbd, 0x49, 0xab, 0x50, 0xcd,
    0xef, 0xc4, 0xac, 0xa3, 0xaf, 0xb4, 0x15, 0xd6, 0x78, 0xce, 0x37, 0xce,
    0xf7, 0xc5, 0x16, 0xc6, 0x17, 0xce, 0x17, 0xce, 0x17, 0xc6, 0x17, 0xce,
    0x17, 0xce, 0x17, 0xc6, 0x37, 0xce, 0x17, 0xc6, 0x37, 0xc6, 0x18, 0xc6,
    0x17, 0xc6, 0x17, 0xc6, 0x38, 0xce, 0x75, 0xb5, 0xee, 0x83, 0x78, 0xd6,
    0x17, 0xc6, 0x17, 0xce, 0x38, 0xce, 0x38, 0xce, 0x38, 0xce, 0x38, 0xce,
    0x18, 0xc6, 0x38, 0xce, 0x17, 0xce, 0xad, 0xa3, 0xf7, 0xbd, 0xf7, 0xbd,
    0x17, 0xc6, 0x17, 0xc6, 0xf7, 0xc5, 0xf7, 0xbd, 0xf7, 0xc5, 0xf6, 0xbd,
    0xf7, 0xc5, 0xf7, 0xc5, 0xf7, 0xbd, 0xf7, 0xc5, 0xf7, 0xc5, 0xd6, 0xbd,
    0xf7, 0xc5, 0xd6, 0xbd, 0xf7, 0xc5, 0xd6, 0xbd, 0xf7, 0xbd, 0xf7, 0xbd,
    0xf7, 0xc5, 0xf7, 0xc5, 0xf7, 0xbd, 0xd6, 0xbd, 0xd6, 0xbd, 0xf6, 0xc5,
    0xd6, 0xbd, 0xd6, 0xbd, 0xd6, 0xbd, 0xd6, 0xbd, 0xd6, 0xbd, 0xd6, 0xbd,
    0xd6, 0xbd, 0xd5, 0xbd, 0xd6, 0xbd, 0xd6, 0xbd, 0xd6, 0xbd, 0xd5, 0xbd,
    0xb5, 0xbd, 0xd6, 0xbd, 0xf6, 0xc5, 0xd6, 0xbd, 0xf6, 0xc5, 0xd5, 0xbd,
    0xd5, 0xbd, 0xd6, 0xbd, 0xd6, 0xbd, 0xd6, 0xbd, 0xd5, 0xbd, 0xd5, 0xbd,
    0xd5, 0xc5, 0xd6, 0xbd, 0xd5, 0xbd, 0xd5, 0xbd, 0xf6, 0xc5, 0xd5, 0xbd,
    0xd5, 0xbd, 0xd5, 0xbd, 0xd6, 0xbd, 0xd6, 0xc5, 0xd6, 0xc5, 0xf6, 0xc5,
    0xf6, 0xc5, 0xd6, 0xc5, 0xd6, 0xc5, 0xf6, 0xc5, 0xf6, 0xbd, 0xf6, 0xbd,
    0xf6, 0xc5, 0x16, 0xc6, 0xf6, 0xbd, 0xf6, 0xc5, 0x17, 0xc6, 0x17, 0xc6,
    0xf6, 0xc5, 0x17, 0xc6, 0x16, 0xc6, 0x16, 0xc6, 0xf7, 0xc5, 0x17, 0xc6,
    0x17, 0xc6, 0x17, 0xc6, 0x17, 0xc6, 0x17, 0xc6, 0x37, 0xc6, 0x33, 0xad,
    0x8d, 0x73, 0xeb, 0x62, 0x64, 0x31, 0x49, 0x5a, 0xc9, 0x62, 0x88, 0x62,
    0xa8, 0x62, 0x88, 0x6a, 0x27, 0x5a, 0xe6, 0x51, 0xa5, 0x49, 0x85, 0x41,
    0x84, 0x39, 0x2b, 0x6b, 0x50, 0x94, 0x54, 0xb5, 0x95, 0xb5, 0x54, 0xb5,
    0x75, 0xb5, 0x94, 0xb5, 0x74, 0xb5, 0x74, 0xbd, 0x95, 0xbd, 0x95, 0xbd,
    0x74, 0xbd, 0x75, 0xb5, 0x75, 0xb5, 0x75, 0xb5, 0x94, 0xb5, 0xb5, 0xbd,
    0xb5, 0xbd, 0xd6, 0xbd, 0xf6, 0xc5, 0x16, 0xc6, 0xf7, 0xc5, 0x17, 0xc6,
    0x17, 0xc6, 0xd6, 0xbd, 0x33, 0xad, 0xd5, 0xbd, 0xb5, 0xbd, 0x95, 0xb5,
    0x74, 0xb5, 0x54, 0xb5, 0x12, 0xad, 0x2f, 0x94, 0x6c, 0x73, 0xad, 0x83,
    0x6d, 0x83, 0x4f, 0x9c, 0xcd, 0x8b, 0xb5, 0xbd, 0xb5, 0xc5, 0xb4, 0xbd,
    0xd5, 0xc5, 0x74, 0xbd, 0x74, 0xbd, 0x53, 0xbd, 0x74, 0xbd, 0x73, 0xbd,
    0x53, 0xbd, 0x74, 0xbd, 0x74, 0xbd, 0x54, 0xb5, 0x94, 0xbd, 0x74, 0xbd,
    0xb5, 0xc5, 0x73, 0xb5, 0x94, 0xbd, 0x94, 0xc5, 0xb5, 0xc5, 0xb4, 0xc5,
    0x95, 0xc5, 0xb4, 0xc5, 0xd6, 0xc5, 0x2c, 0xa4, 0x83, 0x72, 0xb4, 0xb5,
    0xb2, 0x7c, 0x91, 0x7c, 0x91, 0x84, 0x71, 0x7c, 0x70, 0x84, 0x70, 0x7c,
    0x91, 0x74, 0x70, 0x7c, 0x4e, 0x8c, 0x2b, 0xa4, 0xe8, 0xb3, 0xc6, 0xab,
    0xe6, 0xa3, 0xc6, 0xab, 0x08, 0x9c, 0xb1, 0x7c, 0x93, 0x74, 0x92, 0x6c,
    0x51, 0x64, 0x70, 0x74, 0x4e, 0x8c, 0x4d, 0xa4, 0x4c, 0xa4, 0x4b, 0xa4,
    0x4a, 0xa4, 0x4b, 0xa4, 0x6d, 0xa4, 0x8f, 0x9c, 0x8e, 0x94, 0x8d, 0x94,
    0x6d, 0xa4, 0xac, 0xac, 0x6b, 0xa4, 0x47, 0x83, 0xa8, 0x8b, 0x2a, 0xa4,
    0x4e, 0x94, 0x70, 0x84, 0x92, 0x7c, 0x8f, 0x94, 0x8d, 0xa4, 0x6c, 0xac,
    0x2a, 0xac, 0xe8, 0xa3, 0x6b, 0xac, 0x8b, 0xa4, 0xce, 0xb4, 0x08, 0x7b,
    0x42, 0x39, 0x47, 0x62, 0xce, 0xac, 0xce, 0xb4, 0x0e, 0xb5, 0xad, 0xac,
    0x8d, 0xac, 0x8d, 0xac, 0x6d, 0xa4, 0x6e, 0x9c, 0x0c, 0x94, 0x68, 0x83,
    0x27, 0x7b, 0xe6, 0x7a, 0xe6, 0x72, 0x06, 0x7b, 0x05, 0x73, 0xe5, 0x72,
    0xe6, 0x7a, 0xa9, 0x8b, 0x0b, 0x9c, 0x8d, 0xac, 0x8f, 0xac, 0x6e, 0xac,
    0x2d, 0xa4, 0x2d, 0xa4, 0x2d, 0x9c, 0x2d, 0x9c, 0x4d, 0x9c, 0x6d, 0xa4,
    0xaf, 0xb4, 0xcf, 0xb4, 0xef, 0xb4, 0xcf, 0xb4, 0x8e, 0xac, 0x8b, 0x8b,
    0x0d, 0xa4, 0x4c, 0xac, 0x6c, 0xac, 0x0b, 0xa4, 0xea, 0xa3, 0x2a, 0xac,
    0x4b, 0xb4, 0x2a, 0xb4, 0x2a, 0xb4, 0x2a, 0xb4, 0x4a, 0xb4, 0x4a, 0xb4,
    0x29, 0xb4, 0x08, 0xb4, 0x28, 0xbc, 0x28, 0xbc, 0x28, 0xbc, 0x29, 0xbc,
    0x29, 0xbc, 0x4a, 0xb4, 0x4a, 0xb4, 0x4b, 0xb4, 0x4b, 0xac, 0x6c, 0xb4,
    0x8d, 0xac, 0x8d, 0xa4, 0x4e, 0x9c, 0x6f, 0x9c, 0x6f, 0x9c, 0xed, 0x83,
    0xb1, 0x9c, 0x58, 0xd6, 0x79, 0xd6, 0x17, 0xce, 0x58, 0xd6, 0x32, 0xb5,
    0x52, 0xc5, 0x16, 0xc6, 0xd4, 0xcd, 0x93, 0xc5, 0xaf, 0xbc, 0x4d, 0xac,
    0x10, 0xbd, 0x16, 0xce, 0x57, 0xce, 0x36, 0xce, 0x37, 0xce, 0x17, 0xc6,
    0x17, 0xce, 0x17, 0xce, 0x17, 0xc6, 0x17, 0xc6, 0x17, 0xc6, 0x38, 0xce,
    0x17, 0xc6, 0x38, 0xce, 0x18, 0xc6, 0x17, 0xc6, 0xf7, 0xc5, 0x38, 0xce,
    0x54, 0xb5, 0x30, 0x8c, 0x78, 0xd6, 0x17, 0xc6, 0x38, 0xce, 0x38, 0xce,
    0x38, 0xce, 0x37, 0xce, 0x38, 0xce, 0x38, 0xc6, 0x17, 0xd6, 0x24, 0x89,
    0xf7, 0xbd, 0xf7, 0xc5, 0x17, 0xc6, 0x17, 0xc6, 0xf7, 0xc5, 0xf7, 0xbd,
    0xf7, 0xc5, 0xf7, 0xc5, 0xf7, 0xc5, 0xf7, 0xc5, 0xf7, 0xc5, 0xf7, 0xc5,
    0xf7, 0xc5, 0xf7, 0xbd, 0xf7, 0xc5, 0xd6, 0xbd, 0xf7, 0xc5, 0xd6, 0xc5,
    0xf7, 0xc5, 0xf7, 0xc5, 0xf7, 0xc5, 0xf7, 0xbd, 0xf7, 0xc5, 0xd6, 0xbd,
    0xf6, 0xbd, 0xf6, 0xc5, 0xd6, 0xbd, 0xd6, 0xbd, 0xd5, 0xbd, 0xd6, 0xbd,
    0xd6, 0xbd, 0xd6, 0xbd, 0xf6, 0xc5, 0xd6, 0xbd, 0xd5, 0xbd, 0xd6, 0xbd,
    0xf6, 0xbd, 0xd6, 0xbd, 0xd6, 0xbd, 0xd6, 0xbd, 0xf6, 0xbd, 0xd6, 0xbd,
    0xf6, 0xbd, 0xf6, 0xbd, 0xd6, 0xbd, 0xd5, 0xbd, 0xd5, 0xbd, 0xd5, 0xbd,
    0xd5, 0xbd, 0xd5, 0xbd, 0xd5, 0xbd, 0xd5, 0xc5, 0xd5, 0xc5, 0xf5, 0xbd,
    0xd6, 0xc5, 0xd6, 0xc5, 0xd5, 0xc5, 0xd5, 0xbd, 0xd6, 0xc5, 0xf5, 0xc5,
    0xd5, 0xbd, 0xf6, 0xc5, 0xf6, 0xc5, 0xf6, 0xc5, 0xd5, 0xc5, 0xd5, 0xc5,
    0xf6, 0xc5, 0xf6, 0xbd, 0xf6, 0xc5, 0xf6, 0xbd, 0xf6, 0xc5, 0xf6, 0xc5,
    0x16, 0xbe, 0x16, 0xc6, 0xf6, 0xbd, 0xf7, 0xbd, 0x17, 0xc6, 0xf6, 0xbd,
    0xf6, 0xbd, 0x17, 0xc6, 0x17, 0xc6, 0x17, 0xc6, 0xf6, 0xc5, 0x57, 0xce,
    0xb5, 0xb5, 0x6c, 0x73, 0x0f, 0x84, 0x04, 0x29, 0x28, 0x52, 0xa9, 0x62,
    0x88, 0x62, 0x68, 0x62, 0x67, 0x62, 0x47, 0x62, 0x47, 0x62, 0x27, 0x5a,
    0xe6, 0x51, 0x84, 0x49, 0x85, 0x49, 0xa5, 0x49, 0x84, 0x41, 0x43, 0x39,
    0xa9, 0x6a, 0x2f, 0x94, 0xce, 0x83, 0x30, 0x94, 0x34, 0xb5, 0xb1, 0xa4,
    0x91, 0xa4, 0x13, 0xad, 0xf2, 0xa4, 0x74, 0xbd, 0xf6, 0xcd, 0xf7, 0xcd,
    0xd5, 0xc5, 0xd6, 0xc5, 0xd6, 0xc5, 0x57, 0xd6, 0x37, 0xce, 0xf6, 0xc5,
    0x94, 0xc5, 0xf1, 0xac, 0x32, 0xb5, 0x11, 0xb5, 0xd1, 0xac, 0x90, 0x9c,
    0xf2, 0xac, 0x4f, 0x8c, 0xca, 0x6a, 0x27, 0x52, 0x07, 0x52, 0xca, 0x6a,
    0x70, 0x9c, 0x4b, 0x7b, 0xe6, 0x51, 0x2a, 0x73, 0x73, 0xbd, 0xf5, 0xc5,
    0xb4, 0xbd, 0x73, 0xbd, 0x73, 0xb5, 0x94, 0xbd, 0x94, 0xbd, 0xb5, 0xc5,
    0xb5, 0xc5, 0x94, 0xbd, 0x94, 0xbd, 0x94, 0xbd, 0x94, 0xbd, 0x94, 0xbd,
    0x74, 0xbd, 0x94, 0xbd, 0x74, 0xbd, 0x74, 0xbd, 0x74, 0xbd, 0x74, 0xbd,
    0x94, 0xbd, 0xb5, 0xbd, 0xd5, 0xc5, 0xf5, 0xcd, 0xb5, 0xc5, 0xf5, 0xd5,
    0xca, 0x9b, 0xb5, 0xad, 0xf3, 0x84, 0xf2, 0x84, 0x91, 0x7c, 0x91, 0x7c,
    0x90, 0x7c, 0x6f, 0x84, 0x4e, 0x84, 0x2d, 0x8c, 0x2e, 0x8c, 0x0b, 0x9c,
    0xe8, 0xab, 0xc6, 0xab, 0xe6, 0xab, 0xa6, 0xab, 0xa7, 0xa3, 0x2d, 0x8c,
    0x0e, 0x74, 0xed, 0x7b, 0x4c, 0x94, 0x6c, 0xa4, 0x8c, 0xac, 0x6b, 0xac,
    0x6b, 0xac, 0x8b, 0xb4, 0xac, 0xb4, 0xcd, 0xb4, 0x6d, 0xa4, 0x8d, 0xa4,
    0x8d, 0xac, 0x6c, 0xac, 0xab, 0xac, 0xc7, 0x7a, 0x85, 0x6a, 0x0b, 0x9c,
    0x4a, 0xa4, 0x2a, 0xa4, 0x2c, 0x9c, 0x8f, 0x84, 0x90, 0x84, 0x8f, 0x8c,
    0x8e, 0x9c, 0x6d, 0xac, 0x4b, 0xac, 0x29, 0xa4, 0xc8, 0xa3, 0xc9, 0x9b,
    0xa8, 0x9b, 0xac, 0xbc, 0xea, 0x9b, 0x07, 0x83, 0xee, 0xbc, 0xcc, 0xb4,
    0xed, 0xbc, 0x0e, 0xbd, 0xad, 0xb4, 0x6c, 0xac, 0x6c, 0xac, 0x6b, 0xac,
    0x4b, 0xa4, 0x2b, 0xa4, 0x2c, 0xa4, 0x0a, 0x9c, 0x0a, 0x9c, 0xc9, 0x93,
    0xa8, 0x8b, 0x47, 0x83, 0x06, 0x7b, 0xa8, 0x93, 0x2b, 0x9c, 0x2c, 0xa4,
    0x4d, 0xa4, 0x6d, 0xa4, 0x6d, 0xa4, 0x4c, 0xa4, 0x4c, 0xa4, 0x4c, 0xa4,
    0x2d, 0xa4, 0x2d, 0xa4, 0x4d, 0xa4, 0x6d, 0xa4, 0xae, 0xac, 0xef, 0xb4,
    0xaf, 0xb4, 0x4d, 0xac, 0x4c, 0xac, 0x4d, 0xac, 0x6c, 0xac, 0x6c, 0xac,
    0x6b, 0xb4, 0x6b, 0xb4, 0x4a, 0xac, 0x29, 0xac, 0x29, 0xac, 0x29, 0xb4,
    0x2a, 0xac, 0x2a, 0xb4, 0x4a, 0xbc, 0x2a, 0xb4, 0x09, 0xb4, 0x49, 0xbc,
    0x49, 0xbc, 0x49, 0xbc, 0x29, 0xbc, 0x29, 0xbc, 0x49, 0xb4, 0x4a, 0xb4,
    0x4b, 0xac, 0x6c, 0xb4, 0x6c, 0xb4, 0x6d, 0xb4, 0x6d, 0xac, 0x4d, 0xa4,
    0x4e, 0x9c, 0x6f, 0x9c, 0x2f, 0x94, 0x2f, 0x8c, 0x95, 0xbd, 0x79, 0xd6,
    0x37, 0xce, 0x74, 0xbd, 0x53, 0xbd, 0x36, 0xce, 0xf6, 0xc5, 0xd6, 0xc5,
    0xb5, 0xc5, 0x72, 0xc5, 0xcf, 0xbc, 0xae, 0xb4, 0x31, 0xbd, 0xb4, 0xc5,
    0x16, 0xce, 0x37, 0xc6, 0x37, 0xc6, 0x17, 0xc6, 0x17, 0xce, 0x16, 0xc6,
    0x17, 0xc6, 0x37, 0xc6, 0x37, 0xce, 0x38, 0xce, 0x38, 0xce, 0x18, 0xc6,
    0x17, 0xc6, 0x17, 0xc6, 0x58, 0xce, 0x34, 0xad, 0xd2, 0x9c, 0x58, 0xce,
    0x37, 0xce, 0x38, 0xce, 0x38, 0xce, 0x38, 0xc6, 0x38, 0xce, 0x37, 0xce,
    0x99, 0xd6, 0x86, 0x99, 0xf7, 0xbd, 0x17, 0xc6, 0x17, 0xc6, 0xf7, 0xbd,
    0x17, 0xc6, 0xf7, 0xbd, 0x17, 0xc6, 0x17, 0xc6, 0x17, 0xc6, 0x17, 0xc6,
    0xf7, 0xc5, 0xf7, 0xbd, 0x17, 0xc6, 0xf7, 0xbd, 0xf7, 0xc5, 0xf7, 0xc5,
    0xf7, 0xc5, 0xf7, 0xbd, 0xf7, 0xc5, 0x17, 0xc6, 0xf7, 0xc5, 0xf6, 0xbd,
    0xf7, 0xc5, 0xd7, 0xc5, 0xd6, 0xbd, 0xf6, 0xbd, 0xd5, 0xbd, 0xd6, 0xbd,
    0xd6, 0xbd, 0xd5, 0xbd, 0xd6, 0xbd, 0xd6, 0xbd, 0xf6, 0xc5, 0xd6, 0xbd,
    0xd6, 0xbd, 0xd6, 0xbd, 0xd6, 0xbd, 0xd5, 0xbd, 0xd6, 0xbd, 0xd6, 0xbd,
    0xf6, 0xbd, 0xd6, 0xbd, 0xd5, 0xbd, 0xd6, 0xbd, 0xf6, 0xc5, 0xd5, 0xbd,
    0xd6, 0xbd, 0xd6, 0xbd, 0xd5, 0xc5, 0xd5, 0xbd, 0xd5, 0xbd, 0xd5, 0xbd,
    0xf6, 0xc5, 0xf5, 0xbd, 0xd5, 0xbd, 0xd6, 0xc5, 0xd6, 0xbd, 0xf6, 0xc5,
    0xd6, 0xc5, 0xd5, 0xbd, 0xd6, 0xc5, 0xd6, 0xc5, 0xf6, 0xc5, 0xd5, 0xbd,
    0xf6, 0xc5, 0xf6, 0xc5, 0xf6, 0xbd, 0x16, 0xc6, 0xf6, 0xbd, 0xf6, 0xc5,
    0xf6, 0xc5, 0x16, 0xc6, 0xf6, 0xc5, 0xf6, 0xc5, 0x16, 0xc6, 0x17, 0xc6,
    0x17, 0xc6, 0xf6, 0xc5, 0xf7, 0xbd, 0x17, 0xc6, 0x17, 0xc6, 0x17, 0xc6,
    0x58, 0xce, 0x70, 0x8c, 0x6d, 0x6b, 0xb5, 0xbd, 0xea, 0x6a, 0xca, 0x62,
    0xa9, 0x62, 0xa8, 0x62, 0x67, 0x62, 0x47, 0x5a, 0x47, 0x62, 0x47, 0x62,
    0x47, 0x62, 0x47, 0x62, 0x68, 0x62, 0x47, 0x62, 0xe6, 0x51, 0x85, 0x49,
    0xa5, 0x49, 0x64, 0x49, 0x64, 0x49, 0x64, 0x41, 0x64, 0x41, 0x84, 0x41,
    0xa5, 0x49, 0xca, 0x72, 0x0a, 0x73, 0x2a, 0x7b, 0x0a, 0x73, 0xe5, 0x49,
    0xc5, 0x49, 0xe6, 0x49, 0x47, 0x52, 0x47, 0x5a, 0x27, 0x5a, 0xc4, 0x49,
    0xac, 0x8b, 0xf5, 0xd5, 0x51, 0xbd, 0x10, 0xb5, 0x52, 0xc5, 0x6e, 0xac,
    0x48, 0x93, 0x66, 0x6a, 0x60, 0x18, 0x06, 0x4a, 0xca, 0x6a, 0x88, 0x62,
    0x06, 0x5a, 0x27, 0x5a, 0x08, 0x73, 0xcc, 0x8b, 0xf0, 0xb4, 0x94, 0xbd,
    0x73, 0xb5, 0xb4, 0xbd, 0x94, 0xbd, 0xb4, 0xbd, 0xd5, 0xc5, 0xb5, 0xc5,
    0xb5, 0xc5, 0x94, 0xc5, 0x94, 0xbd, 0x94, 0xc5, 0x95, 0xc5, 0x94, 0xbd,
    0x94, 0xbd, 0x94, 0xbd, 0xb4, 0xbd, 0x94, 0xbd, 0x94, 0xbd, 0x94, 0xbd,
    0x94, 0xbd, 0x94, 0xbd, 0xb4, 0xbd, 0xb5, 0xc5, 0xd5, 0xc5, 0xd5, 0xcd,
    0xf5, 0xc5, 0xf5, 0xcd, 0x0e, 0x94, 0x34, 0x9d, 0x13, 0x8d, 0x33, 0x95,
    0x92, 0x84, 0x90, 0x84, 0x70, 0x7c, 0x4f, 0x8c, 0x0c, 0x94, 0x0c, 0x94,
    0x0c, 0x94, 0x2c, 0x94, 0x0a, 0x9c, 0xe8, 0xa3, 0xc7, 0xab, 0xa7, 0xab,
    0xa5, 0xab, 0xc8, 0x9b, 0xe9, 0x9b, 0x2a, 0x9c, 0x6b, 0xb4, 0xcc, 0xb4,
    0xcc, 0xbc, 0xab, 0xbc, 0xcc, 0xc4, 0xcc, 0xbc, 0x69, 0x83, 0xa4, 0x41,
    0x80, 0x20, 0x26, 0x5a, 0x88, 0x83, 0xab, 0xb4, 0x8a, 0xbc, 0x8b, 0xb4,
    0x4a, 0xac, 0x6a, 0xa4, 0x4b, 0xa4, 0x2b, 0xa4, 0x2c, 0x94, 0x2d, 0x94,
    0x6e, 0x94, 0xb0, 0x9c, 0x0d, 0x8c, 0x49, 0x7b, 0x68, 0x83, 0x29, 0xa4,
    0x48, 0xb4, 0x27, 0xbc, 0x48, 0xbc, 0x49, 0xbc, 0x69, 0xbc, 0x6b, 0xbc,
    0x4b, 0xb4, 0xcc, 0xbc, 0x8c, 0xbc, 0xad, 0xb4, 0x0f, 0xbd, 0x0e, 0xbd,
    0x6c, 0xac, 0x4b, 0xac, 0x4b, 0xa4, 0x4b, 0xa4, 0x2b, 0xa4, 0x2a, 0x9c,
    0x4b, 0xa4, 0x2b, 0xa4, 0x2b, 0xa4, 0x4b, 0xa4, 0x2b, 0x9c, 0x88, 0x8b,
    0x89, 0x8b, 0x2c, 0xa4, 0x4c, 0xa4, 0x4c, 0xa4, 0x6d, 0xa4, 0x6d, 0xa4,
    0x6d, 0xa4, 0x4c, 0xa4, 0x4d, 0xa4, 0x6d, 0xa4, 0x4d, 0xa4, 0x6d, 0xa4,
    0x6d, 0xac, 0x8e, 0xac, 0xcf, 0xb4, 0xae, 0xb4, 0x4c, 0xa4, 0x6d, 0xac,
    0x6d, 0xac, 0x6c, 0xac, 0x6c, 0xac, 0x4b, 0xac, 0x4c, 0xb4, 0x6b, 0xb4,
    0x4a, 0xb4, 0x2a, 0xb4, 0x29, 0xb4, 0x29, 0xb4, 0x4a, 0xb4, 0x4c, 0xbc,
    0x4b, 0xbc, 0x4a, 0xb4, 0x4b, 0xbc, 0x2a, 0xbc, 0x29, 0xbc, 0x49, 0xbc,
    0x49, 0xbc, 0x2a, 0xb4, 0x6a, 0xb4, 0x6b, 0xb4, 0x6b, 0xb4, 0x6c, 0xb4,
    0x8d, 0xb4, 0x6d, 0xac, 0x6d, 0xa4, 0x6e, 0xa4, 0x4e, 0x9c, 0x6f, 0x94,
    0x2e, 0x8c, 0x70, 0x94, 0x75, 0xbd, 0x17, 0xce, 0x74, 0xc5, 0x58, 0xd6,
    0x17, 0xce, 0xb4, 0xcd, 0x31, 0xc5, 0x0e, 0xbd, 0xed, 0xbc, 0xcd, 0xc4,
    0xad, 0xbc, 0xcd, 0xbc, 0x10, 0xbd, 0x93, 0xc5, 0x16, 0xc6, 0x17, 0xc6,
    0x17, 0xc6, 0x37, 0xce, 0x37, 0xc6, 0x38, 0xc6, 0x37, 0xc6, 0x38, 0xce,
    0x38, 0xc6, 0x38, 0xce, 0x17, 0xc6, 0x18, 0xc6, 0x18, 0xc6, 0x58, 0xce,
    0xd2, 0xa4, 0x54, 0xad, 0x78, 0xd6, 0x38, 0xce, 0x38, 0xce, 0x38, 0xce,
    0x18, 0xce, 0x18, 0xc6, 0x99, 0xd6, 0xe7, 0xa1, 0xf7, 0xbd, 0x18, 0xc6,
    0xf7, 0xbd, 0xf7, 0xbd, 0xf7, 0xc5, 0xf7, 0xc5, 0x17, 0xc6, 0x17, 0xc6,
    0x18, 0xc6, 0x17, 0xc6, 0x17, 0xc6, 0x17, 0xc6, 0x17, 0xc6, 0xf7, 0xc5,
    0xf7, 0xc5, 0xf7, 0xc5, 0x17, 0xc6, 0xf7, 0xbd, 0xf7, 0xbd, 0x17, 0xc6,
    0xf7, 0xbd, 0xf6, 0xbd, 0xf7, 0xc5, 0xf7, 0xbd, 0xd6, 0xbd, 0xd6, 0xbd,
    0xd6, 0xbd, 0xd5, 0xbd, 0xd6, 0xbd, 0xd6, 0xbd, 0xd6, 0xbd, 0xd6, 0xbd,
    0xf6, 0xbd, 0xd6, 0xbd, 0xd6, 0xbd, 0xd6, 0xbd, 0xd6, 0xbd, 0xd5, 0xbd,
    0xd6, 0xbd, 0xd6, 0xbd, 0xd6, 0xbd, 0xf6, 0xc5, 0xd6, 0xbd, 0xf6, 0xbd,
    0xf6, 0xbd, 0xd5, 0xbd, 0xd5, 0xbd, 0xd6, 0xbd, 0xd5, 0xc5, 0xf5, 0xbd,
    0xf6, 0xc5, 0xd5, 0xbd, 0xd6, 0xc5, 0xf6, 0xc5, 0xd5, 0xbd, 0xd6, 0xc5,
    0xd5, 0xbd, 0xf6, 0xc5, 0xf6, 0xc5, 0xd6, 0xbd, 0xd5, 0xc5, 0xf6, 0xc5,
    0xf6, 0xc5, 0xf6, 0xc5, 0xd6, 0xbd, 0xf6, 0xc5, 0xf6, 0xc5, 0xf6, 0xbd,
    0xf6, 0xc5, 0xf6, 0xbd, 0x17, 0xc6, 0x16, 0xc6, 0xf7, 0xbd, 0x17, 0xc6,
    0x16, 0xc6, 0x17, 0xc6, 0xf6, 0xbd, 0x17, 0xc6, 0xf7, 0xc5, 0x17, 0xc6,
    0x37, 0xc6, 0xf6, 0xc5, 0x13, 0xa5, 0x91, 0x94, 0x58, 0xce, 0xee, 0x83,
    0x48, 0x5a, 0xc9, 0x6a, 0xa9, 0x6a, 0x67, 0x5a, 0x46, 0x5a, 0x46, 0x5a,
    0x47, 0x5a, 0x46, 0x5a, 0x46, 0x5a, 0x47, 0x5a, 0x27, 0x5a, 0x27, 0x5a,
    0x26, 0x5a, 0x26, 0x5a, 0x06, 0x5a, 0xa5, 0x51, 0xc5, 0x51, 0xa5, 0x51,
    0x64, 0x49, 0xa4, 0x59, 0xe4, 0x59, 0xe4, 0x59, 0xe3, 0x59, 0xc3, 0x59,
    0xc3, 0x59, 0x84, 0x41, 0x63, 0x41, 0x63, 0x41, 0xa4, 0x41, 0xe5, 0x51,
    0xe5, 0x51, 0xc4, 0x59, 0xc4, 0x59, 0xa4, 0x51, 0xe9, 0x82, 0xaa, 0xa3,
    0xc4, 0x9a, 0x82, 0x8a, 0xc3, 0x9a, 0x66, 0x72, 0xa6, 0x51, 0x43, 0x41,
    0x23, 0x39, 0xa4, 0x51, 0xcc, 0x93, 0xd0, 0xbc, 0x11, 0xb5, 0x52, 0xb5,
    0xd5, 0xc5, 0xd4, 0xc5, 0x94, 0xbd, 0xb4, 0xbd, 0xb4, 0xc5, 0xd5, 0xc5,
    0xd4, 0xbd, 0xd5, 0xc5, 0xb5, 0xc5, 0xb5, 0xc5, 0xb5, 0xc5, 0xb5, 0xc5,
    0x94, 0xc5, 0x94, 0xbd, 0x94, 0xbd, 0xb5, 0xc5, 0xb4, 0xc5, 0xb5, 0xc5,
    0xb5, 0xbd, 0x94, 0xbd, 0x94, 0xbd, 0x94, 0xbd, 0xb5, 0xc5, 0xd5, 0xc5,
    0xd5, 0xc5, 0xd5, 0xc5, 0xd5, 0xc5, 0xd5, 0xc5, 0xf1, 0xa4, 0xb1, 0x94,
    0x13, 0x95, 0x54, 0x95, 0xb2, 0x84, 0xb0, 0x84, 0x8f, 0x94, 0x4e, 0x94,
    0x0d, 0x94, 0x0c, 0x94, 0x2c, 0x94, 0x2e, 0x8c, 0x2c, 0x94, 0x09, 0xa4,
    0xc7, 0xab, 0x86, 0xab, 0xa4, 0xa3, 0x65, 0xab, 0x85, 0xa3, 0xc7, 0xa3,
    0xe8, 0xa3, 0x4a, 0xac, 0x09, 0xac, 0xab, 0xc4, 0x0c, 0xc5, 0xa9, 0x8b,
    0x80, 0x20, 0x42, 0x41, 0xaa, 0x93, 0xa6, 0x6a, 0x01, 0x31, 0xc3, 0x51,
    0xe9, 0x9b, 0x2c, 0xc5, 0xea, 0x9b, 0x25, 0x62, 0xeb, 0x9b, 0x0c, 0x9c,
    0xcb, 0x8b, 0x8a, 0x83, 0x08, 0x7b, 0x45, 0x6a, 0x44, 0x6a, 0xc5, 0x7a,
    0x4b, 0xa4, 0x4c, 0xac, 0x8a, 0xbc, 0x87, 0xbc, 0x67, 0xbc, 0x89, 0xbc,
    0x88, 0xbc, 0x69, 0xbc, 0x8a, 0xbc, 0x0d, 0xc5, 0x0f, 0xc5, 0xce, 0xbc,
    0xae, 0xbc, 0xee, 0xc4, 0x0f, 0xc5, 0xad, 0xb4, 0x6b, 0xa4, 0x4b, 0xac,
    0x6b, 0xac, 0x4b, 0xa4, 0x6c, 0xa4, 0x6b, 0xac, 0x4b, 0xa4, 0x6c, 0xa4,
    0x6b, 0xa4, 0x6c, 0xac, 0x2b, 0xa4, 0x0b, 0x9c, 0x4c, 0xa4, 0x4d, 0xac,
    0x4d, 0xac, 0x6c, 0xa4, 0x4d, 0xa4, 0x4c, 0xa4, 0x4d, 0xa4, 0x6d, 0xa4,
    0x6e, 0xa4, 0x6e, 0xac, 0x8e, 0xac, 0x6e, 0xa4, 0x8e, 0xac, 0xae, 0xb4,
    0xce, 0xb4, 0x6d, 0xb4, 0x6d, 0xac, 0x8c, 0xac, 0x6c, 0xac, 0x4c, 0xac,
    0x4b, 0xac, 0x4b, 0xb4, 0x4a, 0xb4, 0x4a, 0xb4, 0x2b, 0xb4, 0x2a, 0xb4,
    0x6a, 0xb4, 0x6b, 0xb4, 0x6a, 0xb4, 0x6b, 0xb4, 0x4b, 0xb4, 0x6b, 0xb4,
    0x6b, 0xb4, 0x0a, 0xac, 0x4b, 0xbc, 0x2a, 0xb4, 0x49, 0xb4, 0x4a, 0xb4,
    0x4b, 0xb4, 0x6b, 0xbc, 0x6c, 0xb4, 0x6c, 0xb4, 0x8d, 0xb4, 0x6d, 0xac,
    0x6d, 0xa4, 0x6e, 0xa4, 0x4e, 0x9c, 0x2e, 0x94, 0x0e, 0x8c, 0x6f, 0x8c,
    0x74, 0xbd, 0x57, 0xd6, 0xf5, 0xcd, 0x10, 0xbd, 0xee, 0xc4, 0xed, 0xc4,
    0xcd, 0xbc, 0xee, 0xc4, 0xee, 0xbc, 0xee, 0xbc, 0xad, 0xbc, 0xce, 0xbc,
    0x10, 0xbd, 0xb3, 0xcd, 0x15, 0xce, 0x17, 0xc6, 0x38, 0xc6, 0x37, 0xc6,
    0x37, 0xc6, 0x18, 0xce, 0x38, 0xce, 0x38, 0xc6, 0x17, 0xc6, 0x38, 0xc6,
    0x18, 0xc6, 0x37, 0xce, 0x58, 0xce, 0x71, 0x94, 0xb5, 0xbd, 0x58, 0xce,
    0x38, 0xce, 0x38, 0xce, 0x38, 0xce, 0x37, 0xce, 0x98, 0xd6, 0x69, 0xaa,
    0x17, 0xc6, 0x38, 0xce, 0xf7, 0xc5, 0x17, 0xc6, 0x38, 0xc6, 0x17, 0xc6,
    0x18, 0xc6, 0x17, 0xc6, 0x38, 0xc6, 0x38, 0xc6, 0x38, 0xc6, 0x38, 0xc6,
    0x18, 0xc6, 0x17, 0xc6, 0x17, 0xc6, 0x17, 0xc6, 0xf7, 0xc5, 0x17, 0xc6,
    0x17, 0xc6, 0xf7, 0xc5, 0xf7, 0xc5, 0xf7, 0xc5, 0xf7, 0xbd, 0xf6, 0xbd,
    0xd6, 0xc5, 0xd6, 0xbd, 0xd7, 0xbd, 0xd6, 0xbd, 0xd5, 0xbd, 0xd6, 0xbd,
    0xd6, 0xbd, 0xd6, 0xbd, 0xd6, 0xbd, 0xd6, 0xbd, 0xd5, 0xbd, 0xd6, 0xbd,
    0xd6, 0xbd, 0xd5, 0xbd, 0xd6, 0xbd, 0xd6, 0xbd, 0xd6, 0xbd, 0xd6, 0xbd,
    0xf6, 0xc5, 0xd6, 0xbd, 0xf6, 0xbd, 0xd5, 0xc5, 0xf5, 0xc5, 0xf5, 0xc5,
    0xf6, 0xc5, 0xd5, 0xbd, 0xd5, 0xbd, 0xd5, 0xc5, 0xd5, 0xbd, 0xd5, 0xbd,
    0xf6, 0xbd, 0xf6, 0xbd, 0xf6, 0xc5, 0xf6, 0xbd, 0xf6, 0xbd, 0xf6, 0xbd,
    0x16, 0xc6, 0xf6, 0xbd, 0x16, 0xbe, 0xd6, 0xbd, 0xf6, 0xbd, 0xf6, 0xbd,
    0xf7, 0xc5, 0xf7, 0xc5, 0xf6, 0xbd, 0x17, 0xc6, 0x17, 0xc6, 0xd6, 0xbd,
    0xf7, 0xbd, 0xf7, 0xc5, 0xf7, 0xc5, 0xd6, 0xbd, 0x17, 0xc6, 0x16, 0xc6,
    0x17, 0xc6, 0x16, 0xc6, 0xd6, 0xbd, 0xb5, 0xbd, 0x74, 0xad, 0xd9, 0xde,
    0x2f, 0x8c, 0x48, 0x52, 0xa9, 0x62, 0x88, 0x62, 0x67, 0x62, 0x26, 0x5a,
    0x46, 0x5a, 0x26, 0x5a, 0x26, 0x5a, 0x26, 0x5a, 0x26, 0x5a, 0x26, 0x5a,
    0x26, 0x5a, 0x06, 0x5a, 0x05, 0x5a, 0x05, 0x5a, 0x06, 0x5a, 0x06, 0x5a,
    0x06, 0x5a, 0xe5, 0x51, 0x43, 0x41, 0x62, 0x49, 0xa2, 0x59, 0xa1, 0x61,
    0xa1, 0x69, 0x23, 0x72, 0xa3, 0x59, 0xc4, 0x51, 0x42, 0x41, 0x02, 0x31,
    0xc1, 0x28, 0xc1, 0x30, 0xe2, 0x30, 0xa4, 0x51, 0x83, 0x51, 0x82, 0x61,
    0x04, 0x9b, 0x02, 0xa3, 0x01, 0xab, 0x21, 0xab, 0x03, 0x6a, 0x64, 0x41,
    0xc5, 0x51, 0xa4, 0x49, 0xab, 0x93, 0x32, 0xbd, 0x11, 0xad, 0x12, 0xad,
    0x94, 0xbd, 0x94, 0xbd, 0x73, 0xb5, 0xb4, 0xbd, 0xd5, 0xc5, 0xd5, 0xc5,
    0xb4, 0xbd, 0xb4, 0xbd, 0xf5, 0xc5, 0xd5, 0xc5, 0xd5, 0xc5, 0xb4, 0xc5,
    0x94, 0xc5, 0xb4, 0xc5, 0xd5, 0xcd, 0xb5, 0xc5, 0xd5, 0xc5, 0xb5, 0xbd,
    0xb5, 0xbd, 0xb5, 0xbd, 0xb5, 0xbd, 0x94, 0xbd, 0xb5, 0xbd, 0x95, 0xbd,
    0xb5, 0xc5, 0xb5, 0xc5, 0xf6, 0xc5, 0xf6, 0xc5, 0xd6, 0xc5, 0xb5, 0xc5,
    0xf6, 0xcd, 0x13, 0xa5, 0x34, 0xa5, 0x54, 0x95, 0xf2, 0x84, 0x8f, 0x94,
    0x8e, 0x9c, 0xae, 0x9c, 0x6d, 0x94, 0x4e, 0x8c, 0x2e, 0x8c, 0x2f, 0x8c,
    0x4d, 0x94, 0xea, 0xa3, 0xa7, 0xab, 0x48, 0xbc, 0x47, 0xc4, 0x06, 0xbc,
    0x27, 0xbc, 0x07, 0xbc, 0xe7, 0xb3, 0xc8, 0xa3, 0x26, 0x93, 0xa8, 0xa3,
    0x28, 0x83, 0x60, 0x20, 0x44, 0x62, 0xc9, 0x9b, 0xa8, 0x9b, 0x6a, 0xb4,
    0x4b, 0xac, 0x25, 0x62, 0x22, 0x31, 0x22, 0x31, 0xc1, 0x30, 0x86, 0x62,
    0x27, 0x8b, 0xc5, 0x7a, 0xe4, 0x82, 0xe5, 0x9a, 0x26, 0xa3, 0x25, 0x9b,
    0x23, 0x9b, 0x43, 0xa3, 0xe8, 0xab, 0xee, 0xc4, 0xb0, 0xd5, 0xec, 0xbc,
    0xa7, 0xbc, 0x88, 0xbc, 0x89, 0xc4, 0x89, 0xbc, 0x8a, 0xbc, 0x8b, 0xb4,
    0xed, 0xc4, 0x2e, 0xcd, 0xed, 0xbc, 0xcd, 0xbc, 0xee, 0xbc, 0x0f, 0xc5,
    0xee, 0xbc, 0x8b, 0xac, 0x6b, 0xac, 0x6c, 0xac, 0x6b, 0xac, 0x6c, 0xa4,
    0x6c, 0xac, 0x6c, 0xac, 0x4c, 0xac, 0x6c, 0xac, 0x6c, 0xac, 0x8d, 0xac,
    0x6c, 0xac, 0x6c, 0xa4, 0x6c, 0xa4, 0x6c, 0xa4, 0x4c, 0xa4, 0x4c, 0xa4,
    0x4c, 0x9c, 0x6d, 0xa4, 0x6d, 0xa4, 0x8d, 0xac, 0x8e, 0xac, 0x6e, 0xa4,
    0x6e, 0xac, 0x8e, 0xac, 0xaf, 0xb4, 0xce, 0xb4, 0xce, 0xb4, 0x8d, 0xb4,
    0xad, 0xb4, 0x8c, 0xb4, 0x4b, 0xac, 0x2b, 0xac, 0x4b, 0xb4, 0x4a, 0xb4,
    0x4b, 0xb4, 0x4b, 0xb4, 0x4a, 0xbc, 0x2a, 0xb4, 0x4a, 0xb4, 0x8b, 0xbc,
    0x8b, 0xbc, 0x6b, 0xb4, 0x6c, 0xbc, 0xea, 0xab, 0x07, 0x93, 0x4b, 0xb4,
    0x4a, 0xbc, 0x2a, 0xb4, 0x4a, 0xbc, 0x6b, 0xbc, 0x4b, 0xb4, 0x6b, 0xbc,
    0x6c, 0xbc, 0x8d, 0xb4, 0xad, 0xb4, 0x8d, 0xa4, 0x4e, 0x9c, 0x4f, 0x9c,
    0x6e, 0x94, 0x2e, 0x8c, 0x4e, 0x94, 0xf2, 0xac, 0x31, 0xbd, 0xce, 0xbc,
    0xce, 0xbc, 0xee, 0xbc, 0xce, 0xbc, 0xad, 0xbc, 0xcd, 0xc4, 0xcd, 0xc4,
    0xae, 0xc4, 0xad, 0xc4, 0xad, 0xbc, 0xad, 0xbc, 0x10, 0xbd, 0xd5, 0xcd,
    0x17, 0xce, 0x17, 0xce, 0x38, 0xce, 0x37, 0xce, 0x17, 0xc6, 0x17, 0xc6,
    0x37, 0xce, 0x37, 0xce, 0x17, 0xce, 0x37, 0xce, 0x38, 0xce, 0x38, 0xce,
    0x30, 0x8c, 0xf6, 0xc5, 0x58, 0xce, 0x38, 0xce, 0x38, 0xce, 0x38, 0xce,
    0x78, 0xce, 0xaa, 0xaa, 0x17, 0xc6, 0x38, 0xc6, 0x17, 0xc6, 0x17, 0xc6,
    0x38, 0xc6, 0x38, 0xc6, 0x38, 0xc6, 0x17, 0xc6, 0x38, 0xc6, 0x38, 0xce,
    0x17, 0xc6, 0x38, 0xc6, 0x17, 0xc6, 0x18, 0xc6, 0xf7, 0xc5, 0x18, 0xc6,
    0xf7, 0xc5, 0x17, 0xc6, 0x17, 0xc6, 0x17, 0xc6, 0xf7, 0xc5, 0x17, 0xc6,
    0x17, 0xc6, 0xf7, 0xbd, 0xf7, 0xbd, 0xd6, 0xbd, 0xd7, 0xc5, 0xd6, 0xbd,
    0xd5, 0xbd, 0xd6, 0xbd, 0xd6, 0xbd, 0xd6, 0xbd, 0xd6, 0xbd, 0xd5, 0xbd,
    0xd6, 0xbd, 0xf6, 0xbd, 0xd6, 0xbd, 0xd6, 0xbd, 0xd6, 0xbd, 0xd6, 0xbd,
    0xd6, 0xbd, 0xd6, 0xbd, 0xf6, 0xbd, 0xd6, 0xc5, 0xf6, 0xbd, 0xd5, 0xc5,
    0xd5, 0xc5, 0xf6, 0xc5, 0xd6, 0xbd, 0xf5, 0xc5, 0xd5, 0xbd, 0xd6, 0xbd,
    0xd5, 0xbd, 0xf5, 0xc5, 0xd5, 0xbd, 0xf6, 0xbd, 0xf6, 0xbd, 0xf5, 0xbd,
    0xf5, 0xbd, 0xf6, 0xc5, 0xf6, 0xc5, 0x16, 0xc6, 0xd5, 0xbd, 0xf6, 0xc5,
    0xf6, 0xbd, 0xf6, 0xc5, 0x17, 0xc6, 0xf6, 0xbd, 0xf7, 0xc5, 0xf7, 0xc5,
    0xf6, 0xbd, 0xf7, 0xc5, 0x17, 0xc6, 0x17, 0xc6, 0xf6, 0xbd, 0x17, 0xc6,
    0x37, 0xc6, 0x17, 0xc6, 0xd6, 0xbd, 0xd6, 0xbd, 0xd6, 0xbd, 0x37, 0xc6,
    0x78, 0xce, 0x4b, 0x73, 0x48, 0x52, 0xa9, 0x62, 0x88, 0x62, 0x47, 0x5a,
    0x46, 0x5a, 0x26, 0x5a, 0x26, 0x5a, 0x46, 0x5a, 0x26, 0x5a, 0x26, 0x5a,
    0x26, 0x5a, 0x26, 0x5a, 0x25, 0x5a, 0x25, 0x5a, 0x25, 0x5a, 0xe5, 0x51,
    0x06, 0x5a, 0x26, 0x5a, 0xc4, 0x49, 0x82, 0x41, 0x41, 0x41, 0x61, 0x51,
    0xe2, 0x71, 0x00, 0x82, 0x00, 0x82, 0x61, 0x59, 0xc4, 0x51, 0x26, 0x5a,
    0x26, 0x5a, 0x26, 0x5a, 0x47, 0x5a, 0x06, 0x5a, 0xe5, 0x59, 0x63, 0x49,
    0x64, 0x7a, 0x62, 0xab, 0xe1, 0xa2, 0x22, 0xab, 0x63, 0xab, 0x43, 0x72,
    0xe2, 0x28, 0x02, 0x31, 0xad, 0x8b, 0x73, 0xbd, 0x32, 0xb5, 0x74, 0xb5,
    0x95, 0xbd, 0x95, 0xbd, 0x94, 0xbd, 0xb4, 0xbd, 0xd5, 0xbd, 0xb4, 0xbd,
    0xb4, 0xbd, 0xd4, 0xc5, 0xd5, 0xc5, 0xf5, 0xc5, 0xb4, 0xbd, 0xb4, 0xbd,
    0x94, 0xbd, 0xf6, 0xcd, 0x16, 0xce, 0xd5, 0xc5, 0xb4, 0xbd, 0xd5, 0xc5,
    0xd5, 0xc5, 0xb5, 0xc5, 0xd5, 0xc5, 0xb5, 0xc5, 0xb5, 0xc5, 0x94, 0xbd,
    0xb5, 0xbd, 0xb5, 0xbd, 0xb5, 0xc5, 0xd5, 0xc5, 0xf6, 0xcd, 0xf6, 0xc5,
    0xd5, 0xc5, 0xd5, 0xc5, 0x17, 0xce, 0x74, 0xb5, 0x74, 0xb5, 0x73, 0xa5,
    0x53, 0xa5, 0xaf, 0x9c, 0x8f, 0x9c, 0x90, 0x8c, 0x70, 0x84, 0x70, 0x84,
    0x0e, 0x84, 0xd0, 0x9c, 0x31, 0xb5, 0xcf, 0xb4, 0xac, 0xb4, 0xe7, 0xb3,
    0x05, 0xc4, 0x47, 0xcc, 0x66, 0xd4, 0x46, 0xcc, 0x06, 0xbc, 0x66, 0xa3,
    0xc6, 0xa3, 0x65, 0x72, 0x80, 0x28, 0x67, 0x62, 0xe7, 0x7a, 0x07, 0x83,
    0x88, 0x93, 0xe9, 0x9b, 0xe9, 0xa3, 0x0b, 0xa4, 0x25, 0x5a, 0x23, 0x39,
    0x69, 0x83, 0x8a, 0xb4, 0x65, 0xa3, 0x44, 0x9b, 0x84, 0xa3, 0x82, 0xb3,
    0xa2, 0xb3, 0xe2, 0xb3, 0xe3, 0xb3, 0x04, 0xbc, 0xaa, 0xc4, 0x0e, 0xc5,
    0x0f, 0xbd, 0x50, 0xc5, 0xcb, 0xbc, 0xaa, 0xbc, 0x68, 0xbc, 0x88, 0xc4,
    0x89, 0xbc, 0x8a, 0xbc, 0x8a, 0xbc, 0xab, 0xbc, 0x0e, 0xcd, 0x0e, 0xc5,
    0xcd, 0xbc, 0xcd, 0xc4, 0x0f, 0xc5, 0x0e, 0xc5, 0xac, 0xb4, 0x6b, 0xac,
    0x6c, 0xac, 0x6b, 0xac, 0x6c, 0xac, 0x6c, 0xac, 0x6c, 0xac, 0x6c, 0xac,
    0x6c, 0xac, 0x6d, 0xac, 0x8d, 0xac, 0x6d, 0xac, 0x6d, 0xac, 0x6d, 0xac,
    0x6c, 0xa4, 0x4c, 0xa4, 0x4d, 0xa4, 0x2c, 0x9c, 0x4c, 0xa4, 0x6d, 0xa4,
    0x6d, 0xa4, 0x8e, 0xac, 0x6d, 0xac, 0x6e, 0xac, 0x6e, 0xac, 0x8f, 0xac,
    0xaf, 0xb4, 0xcf, 0xb4, 0x8d, 0xac, 0xae, 0xb4, 0x8d, 0xb4, 0x8c, 0xb4,
    0x4b, 0xac, 0x4b, 0xac, 0x4b, 0xac, 0x4a, 0xb4, 0x6b, 0xb4, 0x6b, 0xbc,
    0x6b, 0xb4, 0x2a, 0xb4, 0x4a, 0xb4, 0xac, 0xc4, 0x6c, 0xbc, 0x8c, 0xb4,
    0x4c, 0xb4, 0xe6, 0x82, 0x0b, 0xac, 0x8c, 0xbc, 0x4a, 0xbc, 0x4b, 0xb4,
    0x6b, 0xbc, 0x4b, 0xb4, 0x6b, 0xbc, 0x6b, 0xbc, 0x8b, 0xbc, 0xcd, 0xbc,
    0xae, 0xb4, 0x6e, 0xac, 0x6f, 0xa4, 0x8f, 0x9c, 0x4e, 0x8c, 0x2d, 0x94,
    0x8e, 0xb4, 0x30, 0xcd, 0x50, 0xcd, 0x0f, 0xc5, 0x0e, 0xc5, 0xee, 0xc4,
    0xcd, 0xc4, 0xad, 0xbc, 0xad, 0xbc, 0xcd, 0xbc, 0xcd, 0xbc, 0xce, 0xbc,
    0xad, 0xbc, 0x8d, 0xbc, 0xee, 0xbc, 0x30, 0xc5, 0x72, 0xc5, 0xd5, 0xcd,
    0x57, 0xd6, 0x37, 0xce, 0x18, 0xc6, 0x38, 0xc6, 0x38, 0xc6, 0xf6, 0xc5,
    0x17, 0xce, 0x17, 0xc6, 0x38, 0xce, 0x71, 0x94, 0x38, 0xce, 0x58, 0xce,
    0x38, 0xce, 0x38, 0xce, 0x78, 0xce, 0xeb, 0xb2, 0x38, 0xc6, 0x17, 0xc6,
    0x17, 0xc6, 0x18, 0xc6, 0x18, 0xc6, 0x18, 0xc6, 0x37, 0xc6, 0x17, 0xc6,
    0x17, 0xc6, 0x17, 0xc6, 0x38, 0xc6, 0x38, 0xce, 0x38, 0xce, 0x17, 0xc6,
    0xf7, 0xc5, 0x18, 0xc6, 0x17, 0xc6, 0x18, 0xc6, 0x18, 0xc6, 0x17, 0xc6,
    0x18, 0xc6, 0x17, 0xc6, 0x17, 0xc6, 0xf7, 0xbd, 0xd7, 0xbd, 0xd6, 0xbd,
    0xf7, 0xc5, 0xd6, 0xbd, 0xb5, 0xbd, 0xf6, 0xbd, 0xd6, 0xbd, 0xf6, 0xc5,
    0xd6, 0xbd, 0xd6, 0xbd, 0xd6, 0xbd, 0xf6, 0xc5, 0xd6, 0xbd, 0xd6, 0xbd,
    0xd6, 0xbd, 0xf6, 0xbd, 0xd5, 0xbd, 0xf6, 0xbd, 0xf6, 0xc5, 0xf6, 0xbd,
    0xf6, 0xbd, 0xd5, 0xc5, 0xf6, 0xc5, 0xf6, 0xbd, 0xd5, 0xbd, 0xd5, 0xbd,
    0xd5, 0xbd, 0xd5, 0xc5, 0xf6, 0xc5, 0xd5, 0xc5, 0xd5, 0xbd, 0xf6, 0xbd,
    0xf5, 0xbd, 0xd5, 0xbd, 0xf6, 0xc5, 0x16, 0xc6, 0x16, 0xc6, 0xd6, 0xbd,
    0x16, 0xc6, 0xd6, 0xbd, 0xf6, 0xc5, 0x16, 0xc6, 0xf6, 0xbd, 0xf7, 0xbd,
    0xf7, 0xc5, 0xf6, 0xbd, 0xf7, 0xc5, 0xf7, 0xbd, 0x17, 0xc6, 0xf6, 0xbd,
    0x37, 0xc6, 0x37, 0xc6, 0x37, 0xc6, 0xf6, 0xc5, 0xd6, 0xbd, 0xf6, 0xbd,
    0x17, 0xc6, 0xd6, 0xbd, 0xea, 0x62, 0x88, 0x5a, 0x68, 0x62, 0xa8, 0x6a,
    0x67, 0x5a, 0x46, 0x5a, 0x25, 0x5a, 0x25, 0x5a, 0x26, 0x5a, 0x26, 0x5a,
    0x46, 0x5a, 0x46, 0x5a, 0x26, 0x5a, 0x05, 0x52, 0x05, 0x5a, 0x25, 0x5a,
    0x25, 0x5a, 0x06, 0x5a, 0x05, 0x52, 0x82, 0x41, 0x22, 0x39, 0x62, 0x49,
    0x23, 0x72, 0xa3, 0x92, 0x01, 0x82, 0x21, 0x82, 0x03, 0x6a, 0x22, 0x41,
    0x46, 0x5a, 0x06, 0x5a, 0x27, 0x5a, 0x26, 0x5a, 0x26, 0x52, 0xc5, 0x51,
    0x43, 0x49, 0x45, 0xa3, 0x61, 0xab, 0x20, 0xab, 0xc3, 0xb3, 0xc4, 0x8a,
    0x84, 0x51, 0x40, 0x18, 0x4b, 0x83, 0xf6, 0xd5, 0x74, 0xc5, 0x74, 0xbd,
    0xb5, 0xbd, 0x74, 0xb5, 0x94, 0xbd, 0x94, 0xbd, 0xb4, 0xbd, 0xb4, 0xbd,
    0xd5, 0xc5, 0xf5, 0xc5, 0xb4, 0xbd, 0x94, 0xbd, 0xb4, 0xbd, 0xd4, 0xbd,
    0xf5, 0xc5, 0xf5, 0xcd, 0xd5, 0xc5, 0xb5, 0xc5, 0x94, 0xbd, 0xf5, 0xc5,
    0xd5, 0xc5, 0xd5, 0xc5, 0xd5, 0xc5, 0xd5, 0xc5, 0xd5, 0xc5, 0xb5, 0xc5,
    0xb5, 0xc5, 0xb5, 0xc5, 0xb5, 0xbd, 0xb5, 0xc5, 0xd5, 0xc5, 0xd5, 0xc5,
    0xf6, 0xc5, 0xd6, 0xc5, 0xd5, 0xc5, 0xd5, 0xc5, 0x17, 0xce, 0x94, 0xbd,
    0x93, 0xbd, 0x73, 0xbd, 0x53, 0xb5, 0xf0, 0x9c, 0xb0, 0x94, 0x32, 0xa5,
    0x93, 0xb5, 0x73, 0xb5, 0x52, 0xb5, 0xf0, 0xa4, 0xaf, 0xa4, 0x10, 0xb5,
    0x6d, 0xac, 0x4c, 0xd5, 0x66, 0xcc, 0x25, 0xc4, 0x46, 0xc4, 0xc4, 0xb3,
    0x63, 0xa3, 0x85, 0xab, 0x47, 0x8b, 0xa1, 0x28, 0x02, 0x31, 0xe1, 0x30,
    0x03, 0x39, 0xe2, 0x30, 0xc1, 0x30, 0x42, 0x41, 0x63, 0x41, 0xc0, 0x30,
    0xa3, 0x49, 0x66, 0x62, 0x89, 0x93, 0x6c, 0xb4, 0x2e, 0xcd, 0x4f, 0xcd,
    0x4f, 0xcd, 0xac, 0xc4, 0x8b, 0xc4, 0xab, 0xc4, 0xed, 0xc4, 0xb1, 0xcd,
    0xb3, 0xcd, 0xb2, 0xcd, 0xd3, 0xcd, 0x70, 0xc5, 0x2f, 0xbd, 0xec, 0xc4,
    0x88, 0xc4, 0x67, 0xc4, 0x89, 0xc4, 0x8a, 0xbc, 0x8a, 0xbc, 0x6a, 0xbc,
    0xac, 0xbc, 0xee, 0xc4, 0xee, 0xcc, 0xac, 0xbc, 0xac, 0xbc, 0xef, 0xc4,
    0x50, 0xc5, 0xed, 0xbc, 0x8c, 0xac, 0x8b, 0xb4, 0x8c, 0xac, 0x8d, 0xac,
    0x8c, 0xac, 0x8c, 0xac, 0x8d, 0xac, 0x6d, 0xac, 0x8d, 0xac, 0x6d, 0xac,
    0x6c, 0xac, 0x8d, 0xac, 0x8d, 0xac, 0x8d, 0xac, 0x6d, 0xa4, 0x4c, 0xa4,
    0x4d, 0x9c, 0x4d, 0xa4, 0x6e, 0xa4, 0x6e, 0xa4, 0x8d, 0xac, 0x6e, 0xa4,
    0x6e, 0xac, 0x6e, 0xa4, 0x8f, 0xac, 0xaf, 0xac, 0xae, 0xb4, 0xae, 0xb4,
    0xae, 0xb4, 0xad, 0xb4, 0xad, 0xb4, 0x8c, 0xb4, 0x6b, 0xb4, 0x6b, 0xb4,
    0x6b, 0xb4, 0x6b, 0xb4, 0x6a, 0xb4, 0x6b, 0xbc, 0x6a, 0xb4, 0x2a, 0xac,
    0xad, 0xbc, 0x6c, 0xb4, 0x6b, 0xac, 0xea, 0x9b, 0x04, 0x62, 0x69, 0x93,
    0xac, 0xbc, 0x8b, 0xbc, 0x4b, 0xbc, 0x6b, 0xb4, 0x4b, 0xb4, 0x6c, 0xbc,
    0x6b, 0xb4, 0x8b, 0xbc, 0xac, 0xbc, 0x8d, 0xb4, 0x8c, 0xac, 0x6d, 0xa4,
    0x8f, 0xa4, 0x4e, 0x94, 0x0c, 0x8c, 0x8e, 0xac, 0xce, 0xbc, 0xce, 0xc4,
    0xee, 0xc4, 0xee, 0xc4, 0xcd, 0xc4, 0xcd, 0xbc, 0xcd, 0xc4, 0xad, 0xbc,
    0xcd, 0xbc, 0xcd, 0xbc, 0xad, 0xc4, 0xad, 0xbc, 0xad, 0xbc, 0xad, 0xbc,
    0xad, 0xbc, 0x6c, 0xb4, 0xad, 0xb4, 0x0f, 0xbd, 0x71, 0xcd, 0xf4, 0xd5,
    0x36, 0xd6, 0xd6, 0xc5, 0xb5, 0xbd, 0x37, 0xce, 0x17, 0xc6, 0x38, 0xce,
    0xd2, 0x9c, 0x58, 0xce, 0x38, 0xce, 0x38, 0xce, 0x78, 0xce, 0x2c, 0xb3,
    0x17, 0xc6, 0x38, 0xc6, 0x17, 0xc6, 0x17, 0xc6, 0x17, 0xc6, 0x38, 0xc6,
    0x38, 0xce, 0x38, 0xc6, 0x18, 0xc6, 0x38, 0xc6, 0x38, 0xc6, 0x37, 0xc6,
    0x38, 0xc6, 0x17, 0xc6, 0xf7, 0xbd, 0x18, 0xc6, 0xf7, 0xc5, 0x18, 0xc6,
    0x18, 0xc6, 0x17, 0xc6, 0x18, 0xc6, 0x18, 0xc6, 0xf7, 0xbd, 0xf7, 0xc5,
    0xd6, 0xbd, 0xd6, 0xbd, 0xf7, 0xc5, 0xd6, 0xbd, 0xd6, 0xbd, 0xd6, 0xbd,
    0xf5, 0xbd, 0xd5, 0xbd, 0xf6, 0xbd, 0xd6, 0xbd, 0xd6, 0xbd, 0xf6, 0xbd,
    0xf6, 0xbd, 0xd6, 0xc5, 0xd6, 0xbd, 0xd6, 0xbd, 0xd6, 0xbd, 0xf6, 0xc5,
    0xf6, 0xc5, 0xd6, 0xbd, 0xd6, 0xbd, 0xf6, 0xc5, 0xf5, 0xc5, 0xf6, 0xc5,
    0xd5, 0xc5, 0xd5, 0xbd, 0xd5, 0xbd, 0xd6, 0xc5, 0xd6, 0xc5, 0xd6, 0xbd,
    0xf6, 0xbd, 0xf6, 0xc5, 0xd5, 0xbd, 0xf6, 0xbd, 0xf6, 0xc5, 0x16, 0xc6,
    0xf6, 0xbd, 0xf6, 0xbd, 0xd6, 0xbd, 0xf6, 0xc5, 0xf6, 0xbd, 0x16, 0xc6,
    0xf7, 0xbd, 0xf7, 0xc5, 0xf6, 0xc5, 0xf6, 0xbd, 0xf6, 0xbd, 0x16, 0xc6,
    0xf6, 0xc5, 0x17, 0xc6, 0x17, 0xc6, 0x17, 0xc6, 0x17, 0xc6, 0xd6, 0xbd,
    0x17, 0xce, 0xf6, 0xc5, 0x74, 0xb5, 0x8d, 0x73, 0x48, 0x52, 0x89, 0x62,
    0x88, 0x62, 0x67, 0x62, 0x47, 0x62, 0x46, 0x5a, 0x26, 0x5a, 0x26, 0x5a,
    0x26, 0x5a, 0x26, 0x5a, 0x26, 0x5a, 0x26, 0x5a, 0x26, 0x5a, 0x26, 0x5a,
    0x25, 0x5a, 0x25, 0x52, 0x25, 0x52, 0xa4, 0x49, 0x22, 0x41, 0x82, 0x51,
    0x43, 0x72, 0x62, 0x8a, 0xa2, 0x9a, 0x20, 0x7a, 0xc0, 0x79, 0x23, 0x72,
    0xe2, 0x38, 0x46, 0x5a, 0x46, 0x5a, 0x46, 0x62, 0x06, 0x5a, 0xe6, 0x51,
    0x43, 0x49, 0x23, 0x72, 0xa4, 0xbb, 0x21, 0xb3, 0x60, 0xb3, 0x04, 0xbc,
    0x84, 0x7a, 0xe1, 0x38, 0xa5, 0x41, 0x94, 0xc5, 0xd5, 0xc5, 0x74, 0xb5,
    0x93, 0xb5, 0x94, 0xbd, 0xb4, 0xbd, 0xb4, 0xbd, 0x94, 0xbd, 0xb5, 0xbd,
    0xd4, 0xbd, 0xb4, 0xbd, 0xb4, 0xbd, 0xb4, 0xbd, 0xd4, 0xbd, 0x15, 0xce,
    0xf5, 0xc5, 0xb5, 0xbd, 0xd5, 0xc5, 0xd5, 0xc5, 0xd5, 0xc5, 0xb5, 0xc5,
    0xd5, 0xc5, 0xd5, 0xc5, 0xd6, 0xc5, 0xf6, 0xc5, 0xd5, 0xc5, 0xd5, 0xc5,
    0xd5, 0xc5, 0xd5, 0xbd, 0xd5, 0xc5, 0xb5, 0xbd, 0xb5, 0xc5, 0xd5, 0xc5,
    0xb5, 0xbd, 0xd5, 0xc5, 0xf6, 0xc5, 0xf6, 0xcd, 0xf6, 0xc5, 0xd5, 0xc5,
    0xf6, 0xc5, 0x93, 0xbd, 0xb3, 0xc5, 0x92, 0xbd, 0xb4, 0xc5, 0x16, 0xce,
    0x74, 0xbd, 0xf1, 0xa4, 0xaf, 0x9c, 0xf0, 0xa4, 0x52, 0xb5, 0x52, 0xb5,
    0x30, 0xb5, 0x8d, 0xa4, 0x6c, 0xa4, 0x6c, 0xa4, 0xce, 0xdd, 0x67, 0xbc,
    0x44, 0x93, 0x04, 0x8b, 0x24, 0x93, 0x2a, 0xb4, 0xc1, 0x30, 0xe3, 0x30,
    0xe2, 0x30, 0xe2, 0x30, 0x23, 0x39, 0x02, 0x39, 0x22, 0x39, 0x02, 0x31,
    0x01, 0x31, 0x02, 0x39, 0xca, 0x93, 0xad, 0xb4, 0xad, 0xbc, 0xcd, 0xbc,
    0x2e, 0xc5, 0x2e, 0xc5, 0x4f, 0xcd, 0x0f, 0xc5, 0x0f, 0xc5, 0x2f, 0xbd,
    0x70, 0xc5, 0xb3, 0xcd, 0xd3, 0xc5, 0xb2, 0xc5, 0xb2, 0xc5, 0x35, 0xd6,
    0x14, 0xde, 0xcc, 0xbc, 0x89, 0xcc, 0x87, 0xc4, 0x67, 0xbc, 0x8a, 0xbc,
    0x6a, 0xc4, 0x6b, 0xbc, 0x6a, 0xbc, 0x8b, 0xbc, 0xed, 0xc4, 0xed, 0xc4,
    0xcd, 0xc4, 0xac, 0xbc, 0xcd, 0xbc, 0x0f, 0xc5, 0x2f, 0xc5, 0xad, 0xb4,
    0x8c, 0xac, 0x8c, 0xac, 0xad, 0xb4, 0xad, 0xb4, 0x6c, 0xac, 0x8d, 0xac,
    0x8d, 0xb4, 0x8d, 0xac, 0x6d, 0xac, 0x6c, 0xa4, 0x6c, 0xac, 0x6d, 0xac,
    0x8d, 0xa4, 0x6d, 0xa4, 0x6d, 0xa4, 0x4d, 0xa4, 0x4d, 0xa4, 0x4d, 0xa4,
    0x6e, 0xa4, 0x8e, 0xac, 0x8e, 0xac, 0x8f, 0xac, 0x4e, 0xa4, 0x8f, 0xac,
    0x8e, 0xac, 0xae, 0xac, 0xcf, 0xb4, 0xce, 0xb4, 0xae, 0xb4, 0xae, 0xb4,
    0x8d, 0xb4, 0x6c, 0xac, 0x6c, 0xb4, 0x6b, 0xb4, 0x6b, 0xb4, 0x6b, 0xb4,
    0x6b, 0xb4, 0x6b, 0xb4, 0x4a, 0xb4, 0x4b, 0xac, 0xad, 0xbc, 0x8d, 0xb4,
    0x2b, 0xa4, 0xe4, 0x61, 0xa6, 0x72, 0x2b, 0xac, 0xac, 0xc4, 0x6b, 0xbc,
    0x6b, 0xb4, 0x6b, 0xb4, 0x6a, 0xbc, 0x6b, 0xbc, 0x6b, 0xbc, 0x6b, 0xbc,
    0xad, 0xbc, 0x8d, 0xb4, 0x6d, 0xa4, 0x8e, 0xac, 0x6e, 0xa4, 0xcc, 0x8b,
    0x0d, 0x9c, 0xef, 0xc4, 0x0e, 0xc5, 0xee, 0xc4, 0xce, 0xc4, 0xee, 0xc4,
    0xce, 0xbc, 0xce, 0xc4, 0xae, 0xc4, 0xcd, 0xc4, 0xad, 0xbc, 0xad, 0xbc,
    0xad, 0xbc, 0xad, 0xbc, 0xac, 0xbc, 0xac, 0xbc, 0xac, 0xbc, 0xac, 0xbc,
    0x8c, 0xbc, 0xad, 0xb4, 0xad, 0xb4, 0x92, 0xc5, 0xb6, 0xc5, 0xd6, 0xc5,
    0x17, 0xce, 0x17, 0xce, 0xf6, 0xc5, 0x13, 0xa5, 0x58, 0xce, 0x38, 0xce,
    0x79, 0xce, 0xcd, 0xb3, 0x17, 0xc6, 0x18, 0xc6, 0x18, 0xc6, 0x38, 0xc6,
    0x17, 0xc6, 0x58, 0xce, 0x38, 0xc6, 0x38, 0xc6, 0x38, 0xce, 0x17, 0xc6,
    0x58, 0xce, 0x38, 0xc6, 0x18, 0xc6, 0x18, 0xc6, 0x17, 0xc6, 0x18, 0xc6,
    0x17, 0xc6, 0x17, 0xc6, 0x17, 0xc6, 0x18, 0xc6, 0x17, 0xc6, 0x17, 0xc6,
    0xf7, 0xc5, 0xf7, 0xbd, 0xf7, 0xbd, 0xd6, 0xbd, 0xf7, 0xc5, 0xf6, 0xbd,
    0xd6, 0xbd, 0xd6, 0xbd, 0xf6, 0xbd, 0xd6, 0xc5, 0xd5, 0xbd, 0xd6, 0xbd,
    0xf6, 0xc5, 0xf6, 0xbd, 0xf6, 0xc5, 0xd6, 0xbd, 0xf6, 0xbd, 0xf6, 0xc5,
    0xf6, 0xbd, 0xf6, 0xbd, 0xd6, 0xbd, 0xf6, 0xbd, 0xf6, 0xbd, 0xf5, 0xc5,
    0xf5, 0xc5, 0xd5, 0xc5, 0xf6, 0xc5, 0xf5, 0xbd, 0xd5, 0xbd, 0xf6, 0xc5,
    0xd5, 0xbd, 0xd6, 0xc5, 0xf6, 0xbd, 0xf5, 0xbd, 0xf6, 0xc5, 0xf6, 0xbd,
    0xf6, 0xc5, 0xf6, 0xbd, 0xd6, 0xbd, 0xd6, 0xbd, 0xf6, 0xbd, 0xf6, 0xc5,
    0xf6, 0xbd, 0xf6, 0xbd, 0xf7, 0xc5, 0x17, 0xc6, 0x17, 0xc6, 0xf6, 0xbd,
    0x16, 0xc6, 0x17, 0xc6, 0x17, 0xc6, 0x16, 0xc6, 0x17, 0xc6, 0x17, 0xc6,
    0xb5, 0xbd, 0xf7, 0xc5, 0x17, 0xc6, 0xb9, 0xde, 0x6c, 0x73, 0x47, 0x52,
    0xa8, 0x62, 0x88, 0x62, 0x67, 0x62, 0x47, 0x62, 0x47, 0x5a, 0x26, 0x5a,
    0x46, 0x5a, 0x26, 0x5a, 0x26, 0x5a, 0x25, 0x52, 0x25, 0x52, 0x26, 0x5a,
    0x26, 0x5a, 0x26, 0x5a, 0x46, 0x5a, 0x46, 0x5a, 0xc5, 0x49, 0x62, 0x49,
    0x42, 0x82, 0x40, 0x92, 0x40, 0x92, 0x81, 0x9a, 0x82, 0x8a, 0xc0, 0x69,
    0x23, 0x6a, 0x22, 0x41, 0x84, 0x49, 0x66, 0x5a, 0x27, 0x5a, 0xe7, 0x59,
    0xe2, 0x61, 0xa3, 0x82, 0xa4, 0xb3, 0xc1, 0xbb, 0x81, 0xc3, 0x80, 0xbb,
    0x04, 0xc4, 0x42, 0x41, 0xe3, 0x30, 0x2f, 0x94, 0xf6, 0xcd, 0x74, 0xb5,
    0x74, 0xbd, 0x94, 0xbd, 0xb4, 0xbd, 0x94, 0xbd, 0x73, 0xb5, 0x94, 0xb5,
    0xb5, 0xc5, 0xb4, 0xbd, 0xd5, 0xc5, 0xd5, 0xc5, 0xf5, 0xc5, 0xf5, 0xc5,
    0x93, 0xbd, 0x93, 0xb5, 0xf6, 0xc5, 0x16, 0xce, 0xf6, 0xcd, 0xd5, 0xc5,
    0xb5, 0xbd, 0xd5, 0xc5, 0xd5, 0xc5, 0xd5, 0xc5, 0xd5, 0xc5, 0xd6, 0xc5,
    0xd5, 0xc5, 0xd6, 0xc5, 0xd6, 0xc5, 0xd5, 0xc5, 0xd5, 0xc5, 0xb5, 0xc5,
    0xb5, 0xbd, 0xd5, 0xc5, 0xd5, 0xbd, 0xf6, 0xc5, 0xf5, 0xc5, 0xf6, 0xcd,
    0xf6, 0xc5, 0xd5, 0xc5, 0xf6, 0xc5, 0xb4, 0xc5, 0x93, 0xbd, 0xf5, 0xcd,
    0x94, 0xbd, 0x12, 0xa5, 0x12, 0x9d, 0x11, 0xa5, 0xf1, 0x9c, 0xf0, 0xa4,
    0xaf, 0xa4, 0xcf, 0xa4, 0xef, 0xac, 0x6d, 0x9c, 0xae, 0xa4, 0xaa, 0x8b,
    0x4f, 0xad, 0xaa, 0x8b, 0xa6, 0x72, 0x85, 0x6a, 0x24, 0x62, 0x01, 0x39,
    0x03, 0x39, 0xe2, 0x38, 0xe2, 0x30, 0xc1, 0x30, 0xe2, 0x30, 0x23, 0x39,
    0x02, 0x39, 0x22, 0x39, 0xc1, 0x30, 0xc6, 0x72, 0x8b, 0xb4, 0x6b, 0xbc,
    0x6b, 0xbc, 0x6c, 0xbc, 0xcd, 0xbc, 0x70, 0xcd, 0xee, 0xc4, 0xcd, 0xbc,
    0x0e, 0xbd, 0x2f, 0xbd, 0x71, 0xc5, 0x93, 0xcd, 0x35, 0xde, 0x55, 0xde,
    0x72, 0xc5, 0xcf, 0xb4, 0xae, 0xb4, 0xcd, 0xb4, 0xa9, 0xbc, 0x88, 0xbc,
    0x66, 0xbc, 0x67, 0xbc, 0x68, 0xc4, 0x89, 0xc4, 0x89, 0xbc, 0x8a, 0xbc,
    0x8b, 0xbc, 0xcc, 0xc4, 0xcc, 0xc4, 0xcc, 0xbc, 0xcd, 0xbc, 0xcd, 0xbc,
    0xef, 0xc4, 0x2f, 0xc5, 0xce, 0xbc, 0xad, 0xb4, 0x8c, 0xb4, 0xad, 0xb4,
    0xad, 0xb4, 0x8d, 0xb4, 0x6d, 0xac, 0x6d, 0xac, 0x8d, 0xac, 0x8d, 0xac,
    0x8d, 0xac, 0x8d, 0xac, 0x8d, 0xac, 0x8d, 0xac, 0x6d, 0xa4, 0x4d, 0xa4,
    0x6d, 0xa4, 0x4d, 0xa4, 0x6d, 0xa4, 0x6d, 0xa4, 0x8e, 0xa4, 0x8f, 0xac,
    0x8e, 0xac, 0x6e, 0xa4, 0x6e, 0xa4, 0x8e, 0xac, 0xcf, 0xb4, 0xce, 0xb4,
    0xae, 0xb4, 0xef, 0xbc, 0xce, 0xbc, 0xad, 0xb4, 0xad, 0xb4, 0x8d, 0xb4,
    0x4c, 0xac, 0x6c, 0xb4, 0x6c, 0xb4, 0x8c, 0xb4, 0x6c, 0xb4, 0x6c, 0xac,
    0x0b, 0xa4, 0x6d, 0xb4, 0x8c, 0xb4, 0x2b, 0xa4, 0x05, 0x62, 0x25, 0x62,
    0x08, 0x83, 0x0b, 0xac, 0x8c, 0xbc, 0x6b, 0xbc, 0x4a, 0xb4, 0x4b, 0xb4,
    0x6b, 0xb4, 0x6b, 0xbc, 0x6b, 0xbc, 0x8c, 0xbc, 0x8d, 0xbc, 0x6d, 0xac,
    0x6d, 0xac, 0x8f, 0xa4, 0xac, 0x8b, 0x29, 0x7b, 0x0b, 0x9c, 0xad, 0xbc,
    0x0f, 0xcd, 0xee, 0xc4, 0xed, 0xbc, 0xed, 0xbc, 0xcd, 0xc4, 0xad, 0xbc,
    0xad, 0xbc, 0xad, 0xc4, 0xac, 0xbc, 0xad, 0xbc, 0xad, 0xc4, 0xac, 0xbc,
    0xac, 0xbc, 0xac, 0xbc, 0xac, 0xc4, 0xac, 0xc4, 0xac, 0xbc, 0xed, 0xb4,
    0xf5, 0xcd, 0xf8, 0xc5, 0xf7, 0xc5, 0x17, 0xce, 0x17, 0xc6, 0xf7, 0xc5,
    0x34, 0xad, 0x58, 0xce, 0x78, 0xce, 0xef, 0xbb, 0x18, 0xc6, 0x17, 0xc6,
    0x18, 0xc6, 0x38, 0xc6, 0x38, 0xc6, 0x18, 0xc6, 0x38, 0xce, 0x58, 0xce,
    0x38, 0xc6, 0x38, 0xce, 0x38, 0xce, 0x37, 0xc6, 0x38, 0xc6, 0x38, 0xc6,
    0x17, 0xc6, 0x38, 0xce, 0x18, 0xc6, 0x17, 0xc6, 0x17, 0xc6, 0x18, 0xc6,
    0x17, 0xc6, 0x17, 0xc6, 0x17, 0xc6, 0xf7, 0xbd, 0xf7, 0xc5, 0xf7, 0xc5,
    0xf7, 0xc5, 0xd6, 0xbd, 0xd6, 0xbd, 0xf6, 0xc5, 0xd5, 0xbd, 0xd6, 0xbd,
    0xd5, 0xbd, 0xf6, 0xbd, 0xf6, 0xc5, 0xd6, 0xbd, 0xf6, 0xbd, 0xd6, 0xbd,
    0xf6, 0xc5, 0xd6, 0xbd, 0xf6, 0xc5, 0xf6, 0xbd, 0xd6, 0xbd, 0xf6, 0xc5,
    0xf6, 0xbd, 0xf6, 0xc5, 0xf6, 0xc5, 0xf5, 0xbd, 0xf6, 0xc5, 0xf6, 0xc5,
    0xf6, 0xc5, 0xd5, 0xbd, 0xd6, 0xc5, 0xd5, 0xc5, 0xf5, 0xbd, 0xf6, 0xbd,
    0xf6, 0xbd, 0xf6, 0xc5, 0xf5, 0xbd, 0xd5, 0xbd, 0xb5, 0xbd, 0xf6, 0xbd,
    0xf6, 0xc5, 0xf6, 0xbd, 0xf6, 0xbd, 0xf6, 0xc5, 0xf7, 0xc5, 0xf6, 0xc5,
    0xf7, 0xbd, 0x16, 0xc6, 0x17, 0xc6, 0xf6, 0xc5, 0x17, 0xc6, 0x37, 0xc6,
    0xb5, 0xb5, 0x34, 0xad, 0x17, 0xc6, 0x37, 0xc6, 0x78, 0xd6, 0xb1, 0x9c,
    0x47, 0x52, 0xa8, 0x62, 0x68, 0x62, 0x68, 0x62, 0x47, 0x5a, 0x47, 0x5a,
    0x47, 0x62, 0x67, 0x5a, 0x46, 0x5a, 0x46, 0x5a, 0x05, 0x52, 0x26, 0x5a,
    0x26, 0x5a, 0x25, 0x52, 0x46, 0x5a, 0x46, 0x5a, 0x26, 0x5a, 0x06, 0x52,
    0x63, 0x41, 0x44, 0x41, 0x02, 0x72, 0x82, 0x8a, 0xc1, 0x92, 0xa2, 0x8a,
    0xa1, 0x59, 0x63, 0x51, 0x21, 0x41, 0x22, 0x39, 0xe5, 0x51, 0x48, 0x62,
    0x85, 0x72, 0x24, 0x9b, 0xc3, 0xb3, 0xa3, 0xbb, 0x81, 0xbb, 0x82, 0xbb,
    0xa0, 0xb3, 0xe5, 0xbb, 0x80, 0x30, 0x06, 0x52, 0xb5, 0xc5, 0x94, 0xbd,
    0x74, 0xb5, 0xb5, 0xc5, 0xb4, 0xc5, 0x74, 0xbd, 0x73, 0xb5, 0x94, 0xbd,
    0xb4, 0xbd, 0x94, 0xbd, 0x94, 0xbd, 0xb4, 0xbd, 0xd5, 0xbd, 0xb4, 0xbd,
    0xd5, 0xc5, 0xd5, 0xc5, 0x57, 0xd6, 0xf6, 0xcd, 0xd5, 0xc5, 0xd5, 0xc5,
    0xd5, 0xc5, 0xd5, 0xc5, 0xd6, 0xc5, 0xd6, 0xc5, 0xd5, 0xbd, 0xd5, 0xc5,
    0xd6, 0xc5, 0xf6, 0xc5, 0xd5, 0xc5, 0xd5, 0xc5, 0xd6, 0xc5, 0xd5, 0xc5,
    0xd5, 0xc5, 0xb5, 0xbd, 0xb5, 0xc5, 0xb5, 0xc5, 0xd5, 0xc5, 0xf5, 0xc5,
    0xf6, 0xc5, 0xf6, 0xcd, 0xd6, 0xc5, 0xf6, 0xc5, 0xd6, 0xc5, 0xf5, 0xc5,
    0x15, 0xce, 0x36, 0xd6, 0xb4, 0xbd, 0x13, 0x9d, 0x12, 0xa5, 0xf2, 0xa4,
    0xd1, 0x9c, 0xf0, 0xa4, 0xaf, 0xa4, 0x8d, 0xa4, 0xef, 0xac, 0xae, 0x9c,
    0x6e, 0x94, 0xae, 0x9c, 0xe7, 0x6a, 0xf4, 0xcd, 0xe4, 0x51, 0xe4, 0x59,
    0x02, 0x39, 0x02, 0x39, 0xe2, 0x38, 0x02, 0x31, 0x02, 0x39, 0xe2, 0x30,
    0xe2, 0x38, 0xe2, 0x30, 0x43, 0x41, 0xe1, 0x30, 0x62, 0x49, 0x4a, 0xac,
    0x6b, 0xb4, 0x6c, 0xb4, 0x8c, 0xbc, 0x8d, 0xbc, 0xad, 0xbc, 0x8d, 0xb4,
    0x8c, 0xbc, 0xed, 0xbc, 0xcd, 0xb4, 0x71, 0xc5, 0xb2, 0xcd, 0x92, 0xc5,
    0x30, 0xbd, 0x0f, 0xb5, 0xee, 0xb4, 0xcd, 0xbc, 0xee, 0xbc, 0x0f, 0xbd,
    0xee, 0xbc, 0x8b, 0xbc, 0x48, 0xbc, 0x47, 0xc4, 0x67, 0xbc, 0x68, 0xbc,
    0x8a, 0xbc, 0x6a, 0xbc, 0x6a, 0xbc, 0x8b, 0xbc, 0xcb, 0xc4, 0xcc, 0xc4,
    0xed, 0xbc, 0xcc, 0xbc, 0xac, 0xb4, 0xed, 0xbc, 0x4f, 0xc5, 0x0f, 0xc5,
    0xcd, 0xb4, 0x8c, 0xac, 0xad, 0xb4, 0xce, 0xb4, 0xce, 0xb4, 0xad, 0xb4,
    0x8d, 0xb4, 0x6d, 0xac, 0x6c, 0xac, 0x6d, 0xac, 0x6c, 0xa4, 0x6d, 0xa4,
    0x6d, 0xac, 0x8e, 0xac, 0x8e, 0xac, 0x4d, 0xa4, 0x6d, 0xa4, 0x6d, 0xa4,
    0x6e, 0xa4, 0x8e, 0xa4, 0xae, 0xa4, 0x8e, 0xa4, 0x8e, 0xa4, 0x6e, 0xa4,
    0x8e, 0xac, 0xaf, 0xb4, 0xce, 0xb4, 0xef, 0xbc, 0x30, 0xc5, 0xce, 0xb4,
    0xad, 0xb4, 0x8d, 0xac, 0x8d, 0xac, 0x8c, 0xb4, 0x8d, 0xb4, 0x6d, 0xac,
    0x6d, 0xb4, 0x6d, 0xac, 0x8d, 0xb4, 0x0b, 0x9c, 0x0b, 0xa4, 0x6d, 0xb4,
    0x4d, 0xac, 0x05, 0x62, 0xa8, 0x6a, 0x87, 0x6a, 0x6d, 0xb4, 0x8c, 0xb4,
    0x6b, 0xb4, 0x6b, 0xb4, 0x6b, 0xbc, 0x6a, 0xbc, 0x6a, 0xbc, 0x6b, 0xb4,
    0x8c, 0xbc, 0xae, 0xb4, 0x6d, 0xac, 0x6d, 0xac, 0x4d, 0xa4, 0x0d, 0x94,
    0x8b, 0x7b, 0x8b, 0x8b, 0xeb, 0x93, 0x6b, 0xac, 0xed, 0xbc, 0xed, 0xc4,
    0xcc, 0xbc, 0xac, 0xbc, 0xac, 0xbc, 0x8c, 0xbc, 0xac, 0xc4, 0xac, 0xbc,
    0xac, 0xbc, 0x8c, 0xbc, 0xac, 0xc4, 0xac, 0xc4, 0xcc, 0xc4, 0xac, 0xbc,
    0xab, 0xc4, 0xab, 0xbc, 0x71, 0xc5, 0x16, 0xce, 0x18, 0xce, 0x38, 0xce,
    0x37, 0xc6, 0x18, 0xc6, 0xf7, 0xc5, 0x34, 0xad, 0x99, 0xd6, 0x31, 0xbc,
    0x38, 0xc6, 0x38, 0xc6, 0x38, 0xc6, 0x38, 0xc6, 0x38, 0xce, 0x38, 0xc6,
    0x58, 0xce, 0x58, 0xce, 0x58, 0xce, 0x38, 0xc6, 0x38, 0xc6, 0x58, 0xce,
    0x38, 0xce, 0x38, 0xc6, 0x17, 0xc6, 0x38, 0xc6, 0x38, 0xc6, 0x38, 0xc6,
    0x17, 0xc6, 0x38, 0xc6, 0x18, 0xc6, 0x18, 0xc6, 0x17, 0xc6, 0x17, 0xc6,
    0xf7, 0xbd, 0xf7, 0xc5, 0xf6, 0xc5, 0xf7, 0xbd, 0xf6, 0xbd, 0xd6, 0xbd,
    0xd5, 0xbd, 0xd6, 0xbd, 0xd6, 0xbd, 0xf6, 0xc5, 0xd6, 0xbd, 0xd5, 0xbd,
    0xf6, 0xbd, 0xf5, 0xc5, 0xd5, 0xbd, 0xd5, 0xbd, 0xd6, 0xbd, 0xd6, 0xbd,
    0xd6, 0xbd, 0xd6, 0xbd, 0xf6, 0xc5, 0xd6, 0xbd, 0xd6, 0xbd, 0xd6, 0xbd,
    0xf6, 0xc5, 0xf6, 0xc5, 0xf6, 0xc5, 0xf6, 0xbd, 0xd6, 0xbd, 0xf6, 0xc5,
    0xd6, 0xc5, 0xf6, 0xc5, 0xf6, 0xc5, 0xd5, 0xbd, 0xf6, 0xbd, 0xd5, 0xbd,
    0xf6, 0xbd, 0xf6, 0xbd, 0xf6, 0xc5, 0xf6, 0xbd, 0xf6, 0xc5, 0x16, 0xc6,
    0xf7, 0xc5, 0x17, 0xc6, 0xf6, 0xbd, 0x17, 0xc6, 0x17, 0xc6, 0x17, 0xc6,
    0x38, 0xc6, 0x74, 0xad, 0x54, 0xad, 0x17, 0xce, 0x17, 0xc6, 0xb9, 0xd6,
    0x0f, 0x8c, 0x67, 0x5a, 0xc8, 0x72, 0xe8, 0x6a, 0xa8, 0x6a, 0x67, 0x5a,
    0x67, 0x5a, 0x67, 0x62, 0x67, 0x62, 0x25, 0x5a, 0x26, 0x5a, 0x26, 0x5a,
    0x05, 0x52, 0x05, 0x52, 0xe5, 0x51, 0x05, 0x52, 0x05, 0x52, 0xe5, 0x51,
    0x05, 0x52, 0x05, 0x52, 0x05, 0x52, 0x01, 0x31, 0x05, 0x52, 0xc5, 0x7a,
    0x64, 0x7a, 0xc2, 0x61, 0x86, 0x72, 0x04, 0x5a, 0x46, 0x62, 0x46, 0x62,
    0xc8, 0x6a, 0x0a, 0x73, 0xa6, 0x82, 0xc5, 0xab, 0x61, 0xb3, 0x61, 0xb3,
    0x81, 0xbb, 0x80, 0xbb, 0x68, 0xcc, 0xc1, 0x40, 0xce, 0x8b, 0xf6, 0xc5,
    0xb4, 0xbd, 0x73, 0xbd, 0x73, 0xbd, 0x73, 0xbd, 0x94, 0xbd, 0xb4, 0xbd,
    0x93, 0xbd, 0x53, 0xb5, 0x94, 0xbd, 0x94, 0xbd, 0xd4, 0xbd, 0xb4, 0xbd,
    0xb4, 0xbd, 0xf6, 0xcd, 0xd5, 0xc5, 0xd5, 0xc5, 0xb5, 0xbd, 0xd5, 0xc5,
    0xd5, 0xc5, 0xd6, 0xc5, 0xd5, 0xc5, 0xd5, 0xc5, 0xd5, 0xc5, 0xd5, 0xc5,
    0xd6, 0xc5, 0xd5, 0xc5, 0xf6, 0xc5, 0xd6, 0xc5, 0xd5, 0xc5, 0xd5, 0xc5,
    0xd6, 0xc5, 0xd6, 0xc5, 0xd5, 0xbd, 0xd5, 0xbd, 0xd5, 0xbd, 0xd5, 0xc5,
    0xd5, 0xc5, 0xd5, 0xc5, 0xf6, 0xc5, 0xf5, 0xc5, 0xd5, 0xc5, 0xf6, 0xcd,
    0x16, 0xce, 0xf5, 0xcd, 0x77, 0xd6, 0xd5, 0xbd, 0xd1, 0x9c, 0x33, 0xa5,
    0x13, 0xa5, 0xf2, 0x9c, 0xd0, 0x9c, 0xd0, 0x9c, 0xaf, 0x9c, 0x8e, 0x9c,
    0xae, 0xa4, 0xae, 0x9c, 0x8e, 0x94, 0x8e, 0x94, 0x6e, 0x94, 0x49, 0x73,
    0x52, 0xbd, 0xa4, 0x51, 0xc4, 0x51, 0x87, 0x6a, 0x25, 0x62, 0xa0, 0x30,
    0xe2, 0x38, 0xe2, 0x38, 0xe2, 0x38, 0x22, 0x31, 0x63, 0x41, 0x42, 0x49,
    0x42, 0x41, 0x2a, 0xac, 0x8c, 0xbc, 0x8b, 0xb4, 0x8b, 0xbc, 0x8b, 0xb4,
    0x8b, 0xb4, 0x8b, 0xbc, 0x8c, 0xb4, 0xac, 0xb4, 0xad, 0xb4, 0xcf, 0xb4,
    0x0f, 0xb5, 0x2f, 0xbd, 0x50, 0xbd, 0x91, 0xc5, 0x91, 0xcd, 0x2f, 0xbd,
    0x0f, 0xbd, 0xef, 0xbc, 0x30, 0xbd, 0x90, 0xcd, 0xcd, 0xc4, 0x29, 0xbc,
    0x47, 0xc4, 0x66, 0xc4, 0x48, 0xbc, 0x6a, 0xbc, 0x6a, 0xbc, 0x8a, 0xbc,
    0x8b, 0xbc, 0xac, 0xc4, 0xcd, 0xc4, 0xcd, 0xc4, 0xcd, 0xbc, 0xad, 0xbc,
    0xed, 0xb4, 0x2f, 0xbd, 0x30, 0xc5, 0xee, 0xbc, 0x8d, 0xb4, 0x8c, 0xb4,
    0xce, 0xbc, 0xce, 0xbc, 0x8e, 0xb4, 0x8d, 0xb4, 0x6d, 0xac, 0x4c, 0xac,
    0x8c, 0xac, 0x6d, 0xac, 0x6d, 0xac, 0x8e, 0xac, 0x8e, 0xac, 0x8e, 0xac,
    0x4d, 0x9c, 0x4e, 0x9c, 0x6e, 0xa4, 0x8e, 0xa4, 0x8f, 0xa4, 0x8e, 0xa4,
    0xaf, 0xac, 0x8f, 0xac, 0x8e, 0xac, 0x8e, 0xac, 0xaf, 0xb4, 0xcf, 0xb4,
    0x30, 0xbd, 0x0f, 0xbd, 0x8d, 0xb4, 0xad, 0xb4, 0x8d, 0xac, 0x8d, 0xb4,
    0x8d, 0xac, 0xad, 0xb4, 0x8e, 0xac, 0x8d, 0xac, 0x8d, 0xac, 0x6d, 0xac,
    0x4d, 0xa4, 0xaa, 0x93, 0x6d, 0xa4, 0x8e, 0xac, 0x29, 0x83, 0x6a, 0x8b,
    0x49, 0x8b, 0x4c, 0xac, 0x6c, 0xb4, 0x6c, 0xbc, 0x6b, 0xbc, 0x6a, 0xbc,
    0x4a, 0xb4, 0x6a, 0xbc, 0x8b, 0xbc, 0x8c, 0xbc, 0xcf, 0xb4, 0xae, 0xac,
    0x6e, 0xac, 0x2d, 0x9c, 0x0d, 0x94, 0xac, 0x8b, 0x4a, 0x7b, 0xcc, 0x93,
    0xeb, 0x93, 0x0b, 0xa4, 0x6b, 0xb4, 0x8b, 0xb4, 0x8b, 0xbc, 0xab, 0xbc,
    0x8c, 0xc4, 0xac, 0xc4, 0xac, 0xc4, 0xac, 0xc4, 0xac, 0xc4, 0xac, 0xbc,
    0x8c, 0xbc, 0x8c, 0xc4, 0x8b, 0xbc, 0x4a, 0xc4, 0xc6, 0xb3, 0x92, 0xc5,
    0x38, 0xce, 0x38, 0xce, 0x38, 0xce, 0x17, 0xc6, 0x38, 0xce, 0x17, 0xc6,
    0x75, 0xb5, 0x92, 0xc4, 0x17, 0xc6, 0x58, 0xce, 0x17, 0xc6, 0x38, 0xce,
    0x38, 0xc6, 0x17, 0xc6, 0x38, 0xc6, 0x38, 0xce, 0x58, 0xce, 0x38, 0xc6,
    0x38, 0xce, 0x38, 0xc6, 0x38, 0xc6, 0x38, 0xc6, 0x38, 0xc6, 0x17, 0xc6,
    0x38, 0xce, 0x38, 0xc6, 0x18, 0xc6, 0x17, 0xc6, 0xf7, 0xc5, 0x17, 0xc6,
    0x38, 0xc6, 0xf7, 0xc5, 0xf7, 0xbd, 0xf7, 0xc5, 0xf7, 0xc5, 0xd6, 0xbd,
    0xf6, 0xbd, 0xd6, 0xbd, 0xd6, 0xbd, 0xf5, 0xbd, 0xf6, 0xbd, 0xf6, 0xc5,
    0xf6, 0xbd, 0xf6, 0xc5, 0xf6, 0xc5, 0xf6, 0xbd, 0xd6, 0xbd, 0xd6, 0xbd,
    0xf6, 0xc5, 0xd5, 0xbd, 0xd5, 0xbd, 0xd6, 0xbd, 0xf6, 0xbd, 0xf6, 0xbd,
    0xf6, 0xc5, 0xf6, 0xbd, 0xf6, 0xbd, 0xf6, 0xc5, 0xf6, 0xc5, 0xf6, 0xc5,
    0xf6, 0xbd, 0xf6, 0xc5, 0xf6, 0xc5, 0x16, 0xc6, 0xd6, 0xbd, 0xf5, 0xbd,
    0xd5, 0xbd, 0xf6, 0xbd, 0xd6, 0xbd, 0xd6, 0xbd, 0xf6, 0xc5, 0xf6, 0xbd,
    0xf6, 0xbd, 0xf6, 0xbd, 0xf7, 0xc5, 0x17, 0xc6, 0x17, 0xc6, 0xf7, 0xc5,
    0x17, 0xc6, 0xf7, 0xc5, 0x54, 0xad, 0x54, 0xad, 0x58, 0xce, 0x17, 0xc6,
    0x98, 0xde, 0x2b, 0x6b, 0x88, 0x62, 0xc8, 0x6a, 0x29, 0x7b, 0x69, 0x83,
    0xc6, 0x6a, 0x86, 0x62, 0x65, 0x6a, 0xc7, 0x72, 0x49, 0x8b, 0xa7, 0x72,
    0xe8, 0x72, 0xc7, 0x72, 0xe8, 0x7a, 0xe8, 0x72, 0xe9, 0x7a, 0xe8, 0x72,
    0xc8, 0x72, 0xc8, 0x72, 0xe9, 0x7a, 0xe9, 0x7a, 0x4a, 0x83, 0xc7, 0x72,
    0x8a, 0x83, 0x4c, 0x9c, 0x0d, 0x9c, 0x4d, 0xa4, 0x8f, 0xac, 0xec, 0x9b,
    0xe8, 0x72, 0xd0, 0xac, 0x52, 0xbd, 0xcd, 0x8b, 0x64, 0x41, 0x63, 0x49,
    0xc5, 0x8a, 0x84, 0xb3, 0xc5, 0xbb, 0x06, 0x9b, 0xe8, 0x7a, 0x72, 0xc5,
    0xf5, 0xc5, 0x93, 0xbd, 0x73, 0xbd, 0x94, 0xbd, 0xb4, 0xc5, 0xb5, 0xc5,
    0x73, 0xb5, 0x74, 0xbd, 0x93, 0xbd, 0x73, 0xbd, 0x74, 0xbd, 0xb5, 0xbd,
    0xb4, 0xbd, 0xd4, 0xbd, 0x94, 0xbd, 0xd5, 0xc5, 0xf5, 0xc5, 0xd5, 0xc5,
    0xd5, 0xbd, 0xd5, 0xbd, 0xd5, 0xc5, 0xd6, 0xc5, 0xd5, 0xbd, 0xd5, 0xc5,
    0xd5, 0xc5, 0xd6, 0xc5, 0xd5, 0xc5, 0xd5, 0xc5, 0xf5, 0xc5, 0xd5, 0xc5,
    0xd6, 0xc5, 0xd5, 0xc5, 0xf6, 0xc5, 0xd5, 0xc5, 0xb5, 0xbd, 0xb5, 0xc5,
    0xd5, 0xbd, 0xd5, 0xc5, 0xd5, 0xc5, 0xf5, 0xc5, 0xf5, 0xc5, 0xf6, 0xc5,
    0xd6, 0xc5, 0xd6, 0xc5, 0x37, 0xd6, 0xcf, 0xac, 0xd5, 0xbd, 0xd1, 0x9c,
    0xb1, 0x94, 0xd2, 0x94, 0x13, 0xa5, 0xf1, 0x9c, 0xd0, 0x9c, 0xaf, 0x9c,
    0xaf, 0x9c, 0xae, 0xa4, 0xae, 0x9c, 0xae, 0x9c, 0xae, 0x9c, 0x8e, 0x94,
    0x6f, 0x94, 0xec, 0x93, 0x30, 0xbd, 0x4d, 0x9c, 0xe9, 0x93, 0x8c, 0xb4,
    0xcd, 0xbc, 0xaa, 0x93, 0xc1, 0x30, 0x44, 0x41, 0x42, 0x39, 0x63, 0x41,
    0x02, 0x39, 0xc4, 0x51, 0x83, 0x49, 0xe6, 0x82, 0xac, 0xc4, 0x8b, 0xbc,
    0x8b, 0xbc, 0x8b, 0xb4, 0x8a, 0xbc, 0xab, 0xbc, 0x8b, 0xb4, 0x6b, 0xb4,
    0x6c, 0xac, 0xad, 0xb4, 0x2f, 0xbd, 0x0f, 0xbd, 0x0f, 0xbd, 0xee, 0xb4,
    0xef, 0xb4, 0xb1, 0xcd, 0xb2, 0xcd, 0x91, 0xc5, 0xb2, 0xcd, 0xd3, 0xcd,
    0xd3, 0xd5, 0x0f, 0xc5, 0x4a, 0xc4, 0x27, 0xc4, 0x44, 0xc4, 0x66, 0xc4,
    0x6a, 0xc4, 0x6a, 0xbc, 0x8a, 0xbc, 0x8b, 0xbc, 0xab, 0xbc, 0xcc, 0xc4,
    0xcd, 0xc4, 0xcd, 0xbc, 0xcc, 0xbc, 0xac, 0xb4, 0xee, 0xc4, 0x2f, 0xc5,
    0x0f, 0xc5, 0xce, 0xbc, 0xae, 0xb4, 0xae, 0xb4, 0xee, 0xbc, 0xce, 0xb4,
    0xae, 0xb4, 0x6d, 0xb4, 0x6c, 0xa4, 0x6d, 0xac, 0x4d, 0xa4, 0x6d, 0xac,
    0x6d, 0xac, 0x6e, 0xac, 0x8e, 0xa4, 0x6e, 0xa4, 0x4e, 0xa4, 0x8e, 0xa4,
    0x8e, 0xa4, 0x8f, 0xa4, 0x8e, 0xa4, 0x8f, 0xac, 0x8f, 0xac, 0x8e, 0xac,
    0x8e, 0xac, 0xae, 0xac, 0xaf, 0xb4, 0x10, 0xc5, 0x30, 0xc5, 0x8d, 0xb4,
    0x8d, 0xb4, 0x8d, 0xac, 0xad, 0xac, 0xad, 0xac, 0x8e, 0xac, 0x8e, 0xac,
    0x8d, 0xac, 0x6d, 0xac, 0x6e, 0xac, 0x8e, 0xac, 0x0c, 0x94, 0x4d, 0x9c,
    0xae, 0xac, 0xec, 0x93, 0x29, 0x7b, 0xab, 0x93, 0x8a, 0x93, 0x6d, 0xb4,
    0x6c, 0xb4, 0x8c, 0xb4, 0x6b, 0xbc, 0x6b, 0xbc, 0x8c, 0xbc, 0x8b, 0xc4,
    0xad, 0xbc, 0xce, 0xb4, 0x6e, 0xb4, 0x2d, 0xa4, 0xec, 0x9b, 0xec, 0x93,
    0x0d, 0x94, 0x4a, 0x7b, 0x6b, 0x8b, 0x8b, 0x8b, 0x8b, 0x93, 0xca, 0x9b,
    0x2a, 0xa4, 0x8b, 0xb4, 0x4b, 0xac, 0x2b, 0xac, 0x2b, 0xac, 0x6b, 0xb4,
    0x8c, 0xbc, 0x8c, 0xbc, 0x08, 0xb4, 0xc7, 0xab, 0xc6, 0xa3, 0xc4, 0xb3,
    0x03, 0xbc, 0x93, 0xcd, 0x38, 0xce, 0x38, 0xce, 0x18, 0xce, 0x18, 0xc6,
    0x38, 0xce, 0x38, 0xce, 0x17, 0xc6, 0x71, 0xbc, 0x18, 0xc6, 0x58, 0xce,
    0x58, 0xce, 0x38, 0xc6, 0x38, 0xc6, 0x38, 0xc6, 0x38, 0xce, 0x58, 0xce,
    0x58, 0xce, 0x38, 0xc6, 0x38, 0xc6, 0x58, 0xce, 0x38, 0xc6, 0x38, 0xce,
    0x38, 0xce, 0x38, 0xc6, 0x17, 0xc6, 0x17, 0xc6, 0x18, 0xc6, 0x17, 0xc6,
    0x17, 0xc6, 0x18, 0xc6, 0x17, 0xc6, 0x17, 0xc6, 0xd7, 0xbd, 0xf7, 0xc5,
    0xf7, 0xc5, 0xd6, 0xbd, 0xd6, 0xbd, 0xf6, 0xc5, 0xf5, 0xbd, 0xd6, 0xbd,
    0xf6, 0xc5, 0xf6, 0xc5, 0xf6, 0xbd, 0xf6, 0xbd, 0xf6, 0xbd, 0xf6, 0xc5,
    0xf6, 0xbd, 0xf6, 0xbd, 0xf6, 0xc5, 0xd5, 0xbd, 0xf6, 0xc5, 0xf6, 0xbd,
    0xf6, 0xc5, 0xf6, 0xbd, 0xf6, 0xc5, 0xd6, 0xbd, 0xf6, 0xc5, 0xf6, 0xc5,
    0xf6, 0xbd, 0xf6, 0xc5, 0xf6, 0xc5, 0xf6, 0xc5, 0x16, 0xc6, 0x95, 0xb5,
    0xd6, 0xbd, 0xd5, 0xbd, 0xf6, 0xbd, 0xf5, 0xbd, 0xf6, 0xc5, 0xd5, 0xbd,
    0xf6, 0xbd, 0xf6, 0xc5, 0xf6, 0xc5, 0xf6, 0xbd, 0xf7, 0xc5, 0xf7, 0xbd,
    0xf6, 0xbd, 0xf6, 0xbd, 0x17, 0xc6, 0x34, 0xad, 0xf3, 0xa4, 0x58, 0xce,
    0xf7, 0xc5, 0xb9, 0xd6, 0xa9, 0x62, 0x88, 0x62, 0xe9, 0x6a, 0x6a, 0x83,
    0xab, 0x93, 0xca, 0x93, 0x89, 0x93, 0x06, 0x8b, 0x47, 0x93, 0x88, 0x9b,
    0x88, 0x9b, 0xca, 0x93, 0xea, 0x93, 0x6c, 0xa4, 0x4c, 0xa4, 0x8d, 0xac,
    0xae, 0xb4, 0x8d, 0xac, 0x2c, 0xa4, 0xeb, 0x9b, 0xca, 0x93, 0xaa, 0x93,
    0x69, 0x8b, 0x2d, 0x9c, 0x6d, 0xa4, 0x8e, 0xac, 0xae, 0xac, 0xcf, 0xac,
    0xcf, 0xac, 0x09, 0x7b, 0xcf, 0xa4, 0x52, 0xbd, 0x11, 0xb5, 0x32, 0xb5,
    0xac, 0x8b, 0xa4, 0x51, 0x08, 0x73, 0x69, 0x7b, 0x0e, 0x94, 0x72, 0xbd,
    0x93, 0xbd, 0x93, 0xbd, 0xb4, 0xbd, 0x94, 0xc5, 0x94, 0xbd, 0x94, 0xbd,
    0x73, 0xb5, 0x53, 0xb5, 0x94, 0xbd, 0x73, 0xbd, 0x73, 0xb5, 0x94, 0xbd,
    0x94, 0xbd, 0x95, 0xbd, 0xb5, 0xc5, 0xb4, 0xbd, 0xd5, 0xbd, 0xd5, 0xc5,
    0xd5, 0xc5, 0xd5, 0xbd, 0xf5, 0xc5, 0xd5, 0xc5, 0xd5, 0xc5, 0xd5, 0xc5,
    0xd5, 0xc5, 0xd6, 0xc5, 0xb5, 0xc5, 0xd5, 0xc5, 0xf6, 0xc5, 0xf6, 0xc5,
    0xd5, 0xc5, 0xd6, 0xc5, 0xd5, 0xc5, 0xd6, 0xc5, 0x16, 0xc6, 0xd5, 0xc5,
    0xb5, 0xc5, 0xd5, 0xc5, 0xd5, 0xc5, 0xd5, 0xc5, 0xf5, 0xc5, 0xf6, 0xc5,
    0xf5, 0xc5, 0xf6, 0xcd, 0xd5, 0xc5, 0xf6, 0xcd, 0x72, 0xbd, 0xc4, 0x6a,
    0x31, 0xad, 0xf2, 0x94, 0xb1, 0x8c, 0x91, 0x8c, 0xce, 0x7b, 0x4f, 0x84,
    0xaf, 0x94, 0xaf, 0x9c, 0xaf, 0x9c, 0xaf, 0x9c, 0xaf, 0x9c, 0xaf, 0x9c,
    0xae, 0x9c, 0x8e, 0x9c, 0x6f, 0x94, 0x6e, 0x9c, 0x4c, 0xa4, 0x14, 0xd6,
    0xad, 0xb4, 0xcd, 0xb4, 0xcc, 0xb4, 0x0e, 0xbd, 0xc9, 0x9b, 0x43, 0x49,
    0x63, 0x49, 0x63, 0x49, 0x84, 0x49, 0x03, 0x39, 0x03, 0x62, 0xe4, 0x82,
    0x6a, 0xb4, 0x8a, 0xbc, 0x8a, 0xbc, 0x8b, 0xb4, 0x6a, 0xbc, 0x6b, 0xbc,
    0x6b, 0xbc, 0x8a, 0xb4, 0x6a, 0xb4, 0x8c, 0xb4, 0xee, 0xb4, 0x2f, 0xbd,
    0x2f, 0xc5, 0x70, 0xcd, 0xb1, 0xcd, 0xb1, 0xcd, 0x92, 0xcd, 0xd2, 0xd5,
    0xb2, 0xcd, 0x70, 0xc5, 0x30, 0xbd, 0x0e, 0xbd, 0x0f, 0xc5, 0xab, 0xc4,
    0x27, 0xbc, 0x25, 0xc4, 0x66, 0xc4, 0x69, 0xbc, 0x6a, 0xbc, 0xaa, 0xc4,
    0xab, 0xbc, 0xac, 0xbc, 0xcc, 0xc4, 0xcc, 0xbc, 0xcc, 0xbc, 0xcc, 0xbc,
    0xab, 0xb4, 0xcd, 0xbc, 0x0f, 0xbd, 0x0f, 0xc5, 0x0f, 0xbd, 0xcd, 0xbc,
    0xed, 0xbc, 0xee, 0xbc, 0xee, 0xbc, 0xce, 0xbc, 0xad, 0xac, 0x6d, 0xac,
    0x8d, 0xac, 0x8d, 0xac, 0x6d, 0xa4, 0x4d, 0xa4, 0x6e, 0xa4, 0x8e, 0xac,
    0x8e, 0xa4, 0x4e, 0x9c, 0x6e, 0xa4, 0x8e, 0xa4, 0xaf, 0xac, 0x8f, 0xac,
    0x8f, 0xac, 0xae, 0xac, 0xaf, 0xb4, 0xae, 0xac, 0xaf, 0xb4, 0xaf, 0xb4,
    0xef, 0xbc, 0x10, 0xc5, 0xae, 0xb4, 0xae, 0xb4, 0xad, 0xac, 0xad, 0xac,
    0x8d, 0xb4, 0x8e, 0xac, 0x8d, 0xac, 0x8d, 0xa4, 0x8e, 0xac, 0x8e, 0xa4,
    0xae, 0xa4, 0x8f, 0xa4, 0x6f, 0xa4, 0x8f, 0xa4, 0x6f, 0x9c, 0xac, 0x8b,
    0xec, 0x93, 0x6a, 0x83, 0xaf, 0xac, 0x8e, 0xac, 0xae, 0xbc, 0xad, 0xc4,
    0x8c, 0xbc, 0x8b, 0xbc, 0x8b, 0xc4, 0x8c, 0xbc, 0x8b, 0xb4, 0x4c, 0xac,
    0x0c, 0xa4, 0xcc, 0x93, 0xcc, 0x93, 0xec, 0x9b, 0xaa, 0x8b, 0x8a, 0x8b,
    0xab, 0x93, 0x8b, 0x8b, 0x8b, 0x93, 0xac, 0x93, 0xeb, 0x9b, 0xaa, 0x9b,
    0x48, 0x93, 0x27, 0x8b, 0x07, 0x8b, 0x47, 0x93, 0x86, 0xa3, 0xa6, 0xab,
    0xe6, 0xab, 0x09, 0xac, 0x0f, 0xc5, 0x17, 0xce, 0x18, 0xc6, 0x38, 0xce,
    0x17, 0xc6, 0xf7, 0xc5, 0x17, 0xce, 0x38, 0xce, 0x38, 0xce, 0x51, 0xbc,
    0x38, 0xc6, 0x58, 0xce, 0x38, 0xce, 0x58, 0xce, 0x38, 0xce, 0x38, 0xc6,
    0x38, 0xc6, 0x58, 0xce, 0x59, 0xce, 0x38, 0xc6, 0x38, 0xce, 0x58, 0xce,
    0x38, 0xc6, 0x38, 0xce, 0x17, 0xc6, 0x38, 0xce, 0x38, 0xc6, 0x38, 0xc6,
    0x17, 0xc6, 0x38, 0xc6, 0x38, 0xc6, 0x18, 0xc6, 0x17, 0xc6, 0x17, 0xc6,
    0xf7, 0xbd, 0xd7, 0xbd, 0xf6, 0xbd, 0xf7, 0xbd, 0xd6, 0xbd, 0xd6, 0xbd,
    0xf6, 0xc5, 0xf6, 0xbd, 0xf6, 0xc5, 0xf6, 0xc5, 0xf6, 0xbd, 0xf6, 0xc5,
    0xf6, 0xc5, 0xf6, 0xc5, 0xd5, 0xbd, 0xf6, 0xc5, 0xf6, 0xbd, 0xf6, 0xbd,
    0xf6, 0xc5, 0xf6, 0xc5, 0xd6, 0xbd, 0xf6, 0xc5, 0xf6, 0xbd, 0xf6, 0xbd,
    0xf6, 0xc5, 0xf6, 0xc5, 0xd5, 0xbd, 0xf6, 0xc5, 0xf6, 0xbd, 0xf6, 0xc5,
    0xd5, 0xbd, 0xd5, 0xbd, 0xd6, 0xc5, 0xf6, 0xc5, 0xd6, 0xc5, 0xf6, 0xc5,
    0xf6, 0xbd, 0xd6, 0xbd, 0xf6, 0xc5, 0xf7, 0xc5, 0xf7, 0xc5, 0xf7, 0xc5,
    0xf6, 0xbd, 0xf6, 0xc5, 0xf7, 0xc5, 0x37, 0xc6, 0x13, 0xa5, 0xb1, 0x94,
    0x98, 0xce, 0x37, 0xc6, 0xb9, 0xd6, 0xaa, 0x5a, 0x0d, 0x94, 0xab, 0x93,
    0x49, 0x83, 0xaa, 0x8b, 0xaa, 0x93, 0xa9, 0x93, 0x88, 0x93, 0x67, 0x9b,
    0x88, 0x9b, 0x88, 0x9b, 0xea, 0xa3, 0x4b, 0xac, 0x0a, 0x9c, 0x8c, 0xa4,
    0x6d, 0xac, 0x8d, 0xac, 0x6c, 0xa4, 0x6c, 0xac, 0x4c, 0xa4, 0x6c, 0xa4,
    0x8c, 0xac, 0x6d, 0xac, 0x8e, 0xac, 0x8e, 0xac, 0xcf, 0xac, 0xcf, 0xac,
    0x0f, 0xb5, 0xae, 0xac, 0xcb, 0x8b, 0x4d, 0x9c, 0x51, 0xbd, 0x30, 0xb5,
    0x31, 0xb5, 0x11, 0xb5, 0x31, 0xb5, 0x11, 0xb5, 0x72, 0xbd, 0x51, 0xb5,
    0x52, 0xbd, 0x94, 0xbd, 0x94, 0xbd, 0x94, 0xbd, 0x93, 0xbd, 0x93, 0xbd,
    0x53, 0xbd, 0x32, 0xb5, 0x53, 0xb5, 0x52, 0xb5, 0x32, 0xb5, 0x52, 0xb5,
    0x93, 0xbd, 0x94, 0xbd, 0x94, 0xbd, 0xb5, 0xbd, 0xb5, 0xbd, 0xb5, 0xc5,
    0xd5, 0xc5, 0xd5, 0xc5, 0xd5, 0xc5, 0xd6, 0xc5, 0xd5, 0xc5, 0xd5, 0xbd,
    0xd6, 0xc5, 0xd5, 0xc5, 0xd6, 0xc5, 0xd5, 0xc5, 0xd5, 0xc5, 0xd6, 0xc5,
    0xd6, 0xc5, 0xf6, 0xc5, 0xd5, 0xc5, 0xf6, 0xc5, 0xf6, 0xc5, 0xd5, 0xc5,
    0xf6, 0xc5, 0xd6, 0xc5, 0xd6, 0xc5, 0xd5, 0xbd, 0xf5, 0xc5, 0xf5, 0xc5,
    0xf6, 0xc5, 0xf6, 0xc5, 0xf6, 0xcd, 0xd6, 0xc5, 0xf6, 0xcd, 0x37, 0xce,
    0xd0, 0xac, 0x05, 0x7b, 0x11, 0xb5, 0xb1, 0x9c, 0x70, 0x8c, 0x70, 0x8c,
    0x0e, 0x7c, 0x0e, 0x7c, 0xb0, 0x94, 0xaf, 0x9c, 0xaf, 0x9c, 0xaf, 0x94,
    0xaf, 0x94, 0xaf, 0x9c, 0x8e, 0x9c, 0x8e, 0x94, 0x8f, 0x94, 0x8e, 0x9c,
    0x8c, 0xac, 0xcd, 0xb4, 0x54, 0xe6, 0x8c, 0xac, 0xcd, 0xbc, 0xcd, 0xbc,
    0xcc, 0xbc, 0xe9, 0xa3, 0x85, 0x7a, 0x06, 0x8b, 0xa4, 0x7a, 0x43, 0x72,
    0x07, 0xac, 0x44, 0x9b, 0xa7, 0x9b, 0x69, 0xb4, 0x8a, 0xbc, 0x8b, 0xbc,
    0x6a, 0xbc, 0x8a, 0xbc, 0x8a, 0xc4, 0x69, 0xbc, 0x6b, 0xb4, 0x8c, 0xac,
    0x0f, 0xbd, 0x71, 0xcd, 0xb2, 0xd5, 0xb1, 0xd5, 0xb2, 0xd5, 0x91, 0xcd,
    0x91, 0xcd, 0x51, 0xc5, 0x91, 0xcd, 0x91, 0xcd, 0x70, 0xcd, 0x71, 0xcd,
    0x0e, 0xc5, 0xed, 0xc4, 0xac, 0xc4, 0x48, 0xc4, 0x45, 0xbc, 0x47, 0xc4,
    0x49, 0xbc, 0x8a, 0xc4, 0x8a, 0xc4, 0x8a, 0xbc, 0xab, 0xbc, 0xac, 0xc4,
    0xad, 0xbc, 0xcc, 0xbc, 0xac, 0xbc, 0xac, 0xbc, 0xcd, 0xb4, 0xee, 0xbc,
    0x2f, 0xc5, 0x0f, 0xbd, 0xee, 0xbc, 0xcd, 0xb4, 0xee, 0xbc, 0xee, 0xbc,
    0xee, 0xbc, 0xae, 0xb4, 0xae, 0xb4, 0x8d, 0xac, 0x6d, 0xa4, 0x4d, 0xa4,
    0x2d, 0x9c, 0x6d, 0xa4, 0x6e, 0xac, 0x8e, 0xac, 0x8e, 0xa4, 0x6e, 0xa4,
    0x6e, 0xa4, 0x6e, 0xa4, 0x8e, 0xa4, 0xaf, 0xac, 0x8f, 0xac, 0x8e, 0xac,
    0x8e, 0xac, 0xae, 0xb4, 0xae, 0xb4, 0xaf, 0xb4, 0xef, 0xbc, 0xce, 0xb4,
    0xae, 0xb4, 0xae, 0xb4, 0xad, 0xb4, 0xce, 0xac, 0xae, 0xac, 0xad, 0xac,
    0xae, 0xac, 0x8e, 0xac, 0xaf, 0xa4, 0xd0, 0xa4, 0xb0, 0xa4, 0xb0, 0x9c,
    0x90, 0x9c, 0x2e, 0x94, 0xed, 0x8b, 0xed, 0x93, 0x09, 0x73, 0xf1, 0xb4,
    0xd0, 0xac, 0x10, 0xb5, 0xce, 0xbc, 0xab, 0xbc, 0x8a, 0xbc, 0x6b, 0xbc,
    0x6b, 0xbc, 0x4b, 0xbc, 0x2c, 0xac, 0xec, 0xa3, 0xcc, 0x9b, 0xcd, 0x93,
    0xcc, 0x9b, 0xec, 0x9b, 0xab, 0x93, 0xcb, 0x9b, 0xcb, 0x9b, 0xab, 0x93,
    0x8a, 0x8b, 0xab, 0x93, 0xcb, 0x93, 0xaa, 0x93, 0xca, 0x9b, 0xa9, 0x9b,
    0x8a, 0x93, 0xf5, 0xd5, 0x93, 0xc5, 0x17, 0xd6, 0x17, 0xce, 0x17, 0xce,
    0x38, 0xce, 0x58, 0xce, 0x38, 0xce, 0x17, 0xc6, 0x17, 0xc6, 0x38, 0xce,
    0x58, 0xc6, 0xb2, 0xbc, 0x38, 0xc6, 0x58, 0xce, 0x59, 0xce, 0x58, 0xce,
    0x58, 0xce, 0x58, 0xce, 0x38, 0xc6, 0x58, 0xce, 0x58, 0xce, 0x38, 0xce,
    0x38, 0xc6, 0x38, 0xce, 0x38, 0xc6, 0x17, 0xc6, 0x38, 0xc6, 0x18, 0xc6,
    0x17, 0xc6, 0x38, 0xc6, 0xf7, 0xc5, 0x18, 0xc6, 0x38, 0xc6, 0x17, 0xc6,
    0xf7, 0xc5, 0xf7, 0xbd, 0xf7, 0xc5, 0xf7, 0xc5, 0xf6, 0xbd, 0xd7, 0xbd,
    0xd6, 0xbd, 0xd6, 0xbd, 0xd5, 0xbd, 0xd6, 0xbd, 0xf6, 0xbd, 0xf6, 0xbd,
    0xf6, 0xbd, 0xd5, 0xbd, 0xf6, 0xc5, 0xf6, 0xc5, 0xf6, 0xbd, 0xf6, 0xbd,
    0xf6, 0xc5, 0xf6, 0xbd, 0xf6, 0xbd, 0xf6, 0xc5, 0xf6, 0xbd, 0xf6, 0xbd,
    0xf6, 0xc5, 0xf6, 0xc5, 0xf6, 0xc5, 0xf6, 0xbd, 0xf6, 0xc5, 0xd6, 0xc5,
    0xf6, 0xc5, 0xb5, 0xbd, 0xb5, 0xbd, 0xf6, 0xc5, 0xd6, 0xbd, 0xd5, 0xbd,
    0xd6, 0xc5, 0xd6, 0xc5, 0xf6, 0xbd, 0xf6, 0xbd, 0xf6, 0xbd, 0xf7, 0xc5,
    0xf7, 0xbd, 0xf7, 0xc5, 0xf7, 0xc5, 0xf6, 0xbd, 0x37, 0xc6, 0x34, 0xad,
    0x0f, 0x84, 0xba, 0xde, 0x17, 0xc6, 0x98, 0xd6, 0x68, 0x52, 0xed, 0x8b,
    0xeb, 0x93, 0x69, 0x8b, 0xa9, 0x8b, 0xa9, 0x93, 0xc9, 0x93, 0xa8, 0x9b,
    0x88, 0x9b, 0x88, 0x9b, 0x88, 0x9b, 0x0a, 0xa4, 0x8d, 0xb4, 0x2b, 0xa4,
    0x4b, 0xa4, 0x8c, 0xac, 0x8d, 0xac, 0x6d, 0xac, 0x6c, 0xac, 0x6c, 0xac,
    0x8d, 0xac, 0x6d, 0xac, 0xad, 0xb4, 0x8d, 0xac, 0x8e, 0xb4, 0xce, 0xb4,
    0x30, 0xbd, 0x0f, 0xb5, 0x8e, 0xac, 0xae, 0xac, 0x08, 0x73, 0x92, 0xc5,
    0x11, 0xb5, 0x31, 0xb5, 0x10, 0xad, 0x11, 0xb5, 0x31, 0xb5, 0x73, 0xbd,
    0x53, 0xbd, 0x54, 0xb5, 0x73, 0xb5, 0x73, 0xbd, 0x94, 0xbd, 0x72, 0xbd,
    0x52, 0xb5, 0x31, 0xb5, 0x31, 0xb5, 0x31, 0xb5, 0x31, 0xb5, 0x32, 0xb5,
    0x73, 0xbd, 0x73, 0xbd, 0x94, 0xbd, 0x94, 0xbd, 0x94, 0xbd, 0xd5, 0xbd,
    0xb5, 0xbd, 0xd5, 0xc5, 0xd5, 0xc5, 0xd6, 0xc5, 0xd5, 0xc5, 0xd5, 0xc5,
    0xd6, 0xc5, 0xd5, 0xc5, 0xd6, 0xc5, 0xd6, 0xc5, 0xd5, 0xc5, 0xd5, 0xc5,
    0xd6, 0xc5, 0xd5, 0xc5, 0xd5, 0xc5, 0xd6, 0xc5, 0xd5, 0xc5, 0xf6, 0xc5,
    0xd6, 0xc5, 0xf5, 0xc5, 0xd6, 0xc5, 0xf6, 0xc5, 0xd6, 0xc5, 0xd5, 0xc5,
    0xf6, 0xc5, 0xf5, 0xc5, 0xf6, 0xc5, 0xf6, 0xcd, 0xf5, 0xc5, 0xd6, 0xc5,
    0xf5, 0xc5, 0x36, 0xce, 0xef, 0xac, 0x4b, 0x9c, 0xce, 0xac, 0x4d, 0x9c,
    0x4e, 0x8c, 0x4f, 0x84, 0x6f, 0x84, 0x6f, 0x84, 0x90, 0x8c, 0xb0, 0x94,
    0xb0, 0x94, 0xb0, 0x94, 0xaf, 0x94, 0x8f, 0x94, 0x8f, 0x9c, 0x8e, 0x94,
    0x8f, 0x94, 0x8e, 0x9c, 0x6c, 0xa4, 0x8c, 0xac, 0x2f, 0xc5, 0xd2, 0xd5,
    0xcd, 0xb4, 0xcd, 0xbc, 0xcc, 0xbc, 0xaa, 0xbc, 0x28, 0xb4, 0x06, 0xb4,
    0x68, 0xc4, 0xe7, 0xb3, 0xe4, 0x8a, 0x26, 0x93, 0xc6, 0xa3, 0x8a, 0xbc,
    0x6a, 0xbc, 0x8a, 0xbc, 0x8a, 0xbc, 0x8a, 0xbc, 0x69, 0xbc, 0x8b, 0xbc,
    0x8c, 0xbc, 0xae, 0xbc, 0xae, 0xb4, 0xef, 0xbc, 0x30, 0xc5, 0x50, 0xc5,
    0x30, 0xc5, 0xb1, 0xcd, 0xb1, 0xcd, 0x91, 0xcd, 0x71, 0xcd, 0xb1, 0xd5,
    0x71, 0xcd, 0x50, 0xc5, 0x0e, 0xc5, 0xcd, 0xbc, 0xad, 0xc4, 0xad, 0xc4,
    0x6a, 0xbc, 0x68, 0xbc, 0x69, 0xbc, 0x69, 0xbc, 0x8a, 0xc4, 0x8a, 0xc4,
    0x8a, 0xbc, 0x8b, 0xbc, 0xac, 0xbc, 0xcc, 0xbc, 0xed, 0xbc, 0xcc, 0xbc,
    0xcc, 0xbc, 0xed, 0xbc, 0xee, 0xbc, 0x0e, 0xc5, 0xee, 0xc4, 0xee, 0xc4,
    0xce, 0xbc, 0xed, 0xbc, 0xed, 0xbc, 0x0e, 0xbd, 0xee, 0xbc, 0xce, 0xb4,
    0x8d, 0xac, 0x4c, 0xa4, 0x4c, 0xa4, 0x0c, 0x9c, 0x0c, 0x9c, 0x6e, 0xa4,
    0x8e, 0xac, 0xaf, 0xac, 0xcf, 0xac, 0xaf, 0xa4, 0x8f, 0xa4, 0xae, 0xa4,
    0x8e, 0xac, 0x8f, 0xac, 0x8e, 0xac, 0x6e, 0xac, 0x8e, 0xac, 0xae, 0xb4,
    0xae, 0xb4, 0xae, 0xb4, 0xae, 0xb4, 0x8e, 0xb4, 0x8d, 0xb4, 0xad, 0xac,
    0xad, 0xb4, 0xae, 0xb4, 0xae, 0xac, 0xcf, 0xac, 0x52, 0xbd, 0x11, 0xb5,
    0xd0, 0xa4, 0xb0, 0x9c, 0x90, 0x94, 0x6f, 0x94, 0x0e, 0x94, 0x6f, 0xa4,
    0x09, 0x73, 0xa9, 0x6a, 0x53, 0xb5, 0x11, 0xad, 0x10, 0xb5, 0xee, 0xbc,
    0x8c, 0xbc, 0x8a, 0xc4, 0x8a, 0xbc, 0x6a, 0xbc, 0x6c, 0xbc, 0x2c, 0xac,
    0x0c, 0xa4, 0xec, 0x9b, 0xeb, 0x9b, 0xcb, 0x9b, 0x0c, 0xa4, 0xeb, 0x9b,
    0xcb, 0x9b, 0xcb, 0x93, 0xcb, 0x9b, 0x6a, 0x8b, 0x4a, 0x83, 0xed, 0x93,
    0x4a, 0x83, 0x6a, 0x83, 0x16, 0xce, 0xf7, 0xbd, 0x17, 0xc6, 0x16, 0xc6,
    0x17, 0xc6, 0x37, 0xce, 0x38, 0xce, 0x38, 0xce, 0x17, 0xc6, 0x38, 0xce,
    0x18, 0xc6, 0x38, 0xce, 0x58, 0xce, 0xb3, 0xbc, 0x38, 0xce, 0x58, 0xce,
    0x38, 0xc6, 0x79, 0xce, 0x59, 0xce, 0x58, 0xce, 0x38, 0xce, 0x59, 0xce,
    0x58, 0xce, 0x38, 0xc6, 0x38, 0xc6, 0x38, 0xc6, 0x17, 0xc6, 0x17, 0xc6,
    0x38, 0xc6, 0x17, 0xc6, 0x18, 0xc6, 0x17, 0xc6, 0x17, 0xc6, 0xf7, 0xc5,
    0x17, 0xc6, 0xf7, 0xbd, 0xf7, 0xbd, 0xf7, 0xbd, 0x18, 0xc6, 0xf7, 0xc5,
    0xf7, 0xc5, 0xf6, 0xc5, 0xf7, 0xc5, 0xf6, 0xbd, 0xd6, 0xbd, 0xd6, 0xbd,
    0xf6, 0xbd, 0xf6, 0xc5, 0xf6, 0xbd, 0xd6, 0xbd, 0xf6, 0xc5, 0xf6, 0xbd,
    0xf6, 0xbd, 0xf6, 0xc5, 0xf6, 0xc5, 0xf6, 0xbd, 0xf6, 0xc5, 0xf6, 0xc5,
    0xf6, 0xbd, 0xf6, 0xc5, 0xf6, 0xbd, 0xf6, 0xc5, 0xd6, 0xbd, 0xd6, 0xbd,
    0xf6, 0xc5, 0xf6, 0xbd, 0xf6, 0xc5, 0xd6, 0xbd, 0xf6, 0xc5, 0xf6, 0xc5,
    0xd6, 0xbd, 0xf6, 0xc5, 0xd6, 0xbd, 0xf6, 0xbd, 0xf6, 0xc5, 0xf6, 0xbd,
    0xf6, 0xbd, 0xf6, 0xc5, 0xf6, 0xbd, 0xf7, 0xc5, 0xf6, 0xbd, 0x38, 0xc6,
    0x34, 0xad, 0x8d, 0x73, 0xba, 0xd6, 0x38, 0xce, 0x58, 0xce, 0x26, 0x52,
    0x8e, 0xac, 0xeb, 0x93, 0xa9, 0x93, 0x89, 0x93, 0x88, 0x93, 0xa9, 0x93,
    0x88, 0x93, 0x87, 0x9b, 0xa8, 0x9b, 0x88, 0x9b, 0x0a, 0xa4, 0xae, 0xb4,
    0x4c, 0xa4, 0x2b, 0xa4, 0x8d, 0xac, 0xad, 0xac, 0xad, 0xb4, 0x6c, 0xac,
    0x6d, 0xac, 0x6d, 0xac, 0x8d, 0xac, 0xce, 0xb4, 0xad, 0xac, 0x8d, 0xac,
    0x8e, 0xac, 0x0f, 0xbd, 0x30, 0xbd, 0xce, 0xac, 0xef, 0xb4, 0x66, 0x62,
    0x52, 0xbd, 0x11, 0xb5, 0x31, 0xb5, 0x31, 0xb5, 0x11, 0xb5, 0x52, 0xbd,
    0x72, 0xbd, 0x53, 0xbd, 0x53, 0xbd, 0x53, 0xbd, 0x53, 0xbd, 0x73, 0xbd,
    0x11, 0xb5, 0x31, 0xb5, 0x51, 0xb5, 0x31, 0xb5, 0x30, 0xb5, 0x30, 0xb5,
    0x51, 0xbd, 0x73, 0xbd, 0x94, 0xbd, 0x93, 0xbd, 0xb4, 0xbd, 0x94, 0xbd,
    0xb5, 0xc5, 0xb5, 0xbd, 0xd5, 0xc5, 0xd5, 0xc5, 0xb5, 0xbd, 0xd5, 0xbd,
    0xd6, 0xc5, 0xd5, 0xbd, 0xd5, 0xc5, 0xd5, 0xbd, 0xd5, 0xc5, 0xf6, 0xc5,
    0xd5, 0xc5, 0xd6, 0xc5, 0xd6, 0xc5, 0xd5, 0xc5, 0xf6, 0xc5, 0xd5, 0xc5,
    0xd5, 0xc5, 0xd5, 0xc5, 0xf6, 0xcd, 0xd5, 0xc5, 0xf6, 0xc5, 0xf6, 0xc5,
    0xf6, 0xc5, 0xb5, 0xc5, 0xf6, 0xc5, 0x16, 0xce, 0x16, 0xce, 0xf5, 0xc5,
    0x16, 0xce, 0xf6, 0xc5, 0xf5, 0xc5, 0xd4, 0xc5, 0xcd, 0xb4, 0x51, 0xbd,
    0x8c, 0xa4, 0x4b, 0xa4, 0x4d, 0x94, 0x6e, 0x94, 0x4e, 0x94, 0x90, 0x8c,
    0x91, 0x8c, 0xb0, 0x94, 0xd0, 0x94, 0xb0, 0x94, 0xb0, 0x94, 0x90, 0x94,
    0xb0, 0x94, 0x8e, 0x9c, 0xaf, 0x94, 0x8e, 0xa4, 0x8c, 0xac, 0x8c, 0xac,
    0x8c, 0xb4, 0xb2, 0xd5, 0x2f, 0xc5, 0xcd, 0xbc, 0xcd, 0xbc, 0xab, 0xb4,
    0xaa, 0xbc, 0xc7, 0xb3, 0x84, 0xa3, 0x84, 0xab, 0x46, 0xcc, 0x66, 0xcc,
    0x69, 0xc4, 0x8a, 0xbc, 0x6a, 0xbc, 0x6a, 0xbc, 0x6a, 0xbc, 0x6a, 0xbc,
    0x4a, 0xbc, 0x8a, 0xbc, 0x8b, 0xb4, 0x8d, 0xac, 0xae, 0xb4, 0xee, 0xbc,
    0xee, 0xb4, 0x30, 0xbd, 0x91, 0xcd, 0x91, 0xcd, 0x91, 0xd5, 0x91, 0xcd,
    0x91, 0xcd, 0x91, 0xcd, 0xd2, 0xd5, 0x91, 0xcd, 0x2e, 0xbd, 0xee, 0xbc,
    0x0e, 0xc5, 0x2f, 0xcd, 0xce, 0xc4, 0xab, 0xc4, 0xca, 0xcc, 0x69, 0xbc,
    0x69, 0xbc, 0x89, 0xbc, 0x6a, 0xbc, 0x8a, 0xbc, 0x8b, 0xbc, 0xcc, 0xbc,
    0xcc, 0xbc, 0xed, 0xc4, 0xcd, 0xc4, 0xcd, 0xc4, 0xcd, 0xbc, 0xcd, 0xbc,
    0xee, 0xc4, 0xee, 0xc4, 0xee, 0xbc, 0xee, 0xbc, 0xed, 0xc4, 0x0e, 0xc5,
    0x0d, 0xc5, 0xee, 0xbc, 0xcd, 0xbc, 0x6c, 0xac, 0x4c, 0xa4, 0x2c, 0x9c,
    0x0c, 0x9c, 0xec, 0x9b, 0x2d, 0x9c, 0x6e, 0xa4, 0xaf, 0xac, 0xaf, 0xac,
    0xcf, 0xac, 0x8f, 0xa4, 0x8e, 0xa4, 0x6e, 0xac, 0x6e, 0xa4, 0x6e, 0xac,
    0x4e, 0xac, 0x4d, 0xac, 0x8e, 0xac, 0xae, 0xb4, 0xae, 0xbc, 0xad, 0xb4,
    0x8e, 0xb4, 0x8d, 0xb4, 0x8d, 0xb4, 0xae, 0xb4, 0x8d, 0xac, 0x51, 0xbd,
    0x15, 0xce, 0xd4, 0xc5, 0x32, 0xb5, 0xf1, 0xa4, 0xb1, 0x9c, 0x90, 0x9c,
    0x6f, 0x9c, 0x4e, 0x94, 0xf2, 0xac, 0x68, 0x5a, 0x27, 0x52, 0x53, 0xb5,
    0x12, 0xad, 0x11, 0xb5, 0xce, 0xbc, 0x8c, 0xbc, 0x6b, 0xbc, 0x6a, 0xc4,
    0x6b, 0xbc, 0x6c, 0xb4, 0x6c, 0xb4, 0x0c, 0xa4, 0xcb, 0x9b, 0xeb, 0x9b,
    0xcb, 0x93, 0x0b, 0xa4, 0x4c, 0xac, 0xeb, 0x9b, 0xea, 0x9b, 0xab, 0x93,
    0x8c, 0x8b, 0x34, 0xb5, 0x58, 0xd6, 0xd6, 0xc5, 0x37, 0xc6, 0x17, 0xc6,
    0x36, 0xc6, 0xf7, 0xc5, 0x38, 0xce, 0x38, 0xce, 0x38, 0xce, 0x38, 0xce,
    0x58, 0xce, 0x18, 0xce, 0x17, 0xce, 0x38, 0xce, 0x58, 0xce, 0xf7, 0xcd,
    0x18, 0xc6, 0x58, 0xce, 0x38, 0xc6, 0x59, 0xce, 0x58, 0xce, 0x58, 0xce,
    0x38, 0xc6, 0x58, 0xce, 0x38, 0xc6, 0x18, 0xc6, 0x38, 0xc6, 0x58, 0xce,
    0x58, 0xce, 0x18, 0xc6, 0x38, 0xc6, 0x17, 0xc6, 0x17, 0xc6, 0x17, 0xc6,
    0x17, 0xbe, 0xf7, 0xc5, 0x17, 0xc6, 0xf7, 0xbd, 0x17, 0xc6, 0xf7, 0xbd,
    0x17, 0xc6, 0xf7, 0xbd, 0xf7, 0xbd, 0xf7, 0xc5, 0xf7, 0xc5, 0xd6, 0xbd,
    0xd6, 0xbd, 0xf7, 0xc5, 0xd6, 0xc5, 0xf7, 0xc5, 0xf7, 0xc5, 0xf7, 0xc5,
    0xf7, 0xbd, 0xf7, 0xc5, 0xf7, 0xc5, 0xf6, 0xbd, 0xf6, 0xbd, 0xf6, 0xc5,
    0xf6, 0xbd, 0xf6, 0xbd, 0xf6, 0xbd, 0xf6, 0xc5, 0xf6, 0xbd, 0xf6, 0xbd,
    0xf6, 0xbd, 0xf6, 0xc5, 0xd6, 0xbd, 0xd6, 0xbd, 0xd6, 0xbd, 0xf6, 0xbd,
    0xf6, 0xbd, 0xd6, 0xbd, 0xf6, 0xbd, 0xf6, 0xbd, 0xf6, 0xc5, 0xf6, 0xbd,
    0xd6, 0xbd, 0xd6, 0xbd, 0xf7, 0xc5, 0xf6, 0xc5, 0xf6, 0xbd, 0x17, 0xc6,
    0x17, 0xc6, 0x74, 0xad, 0x6d, 0x73, 0xd9, 0xde, 0x37, 0xce, 0x17, 0xc6,
    0xc6, 0x49, 0x10, 0xb5, 0xca, 0x93, 0x89, 0x93, 0xa9, 0x93, 0x88, 0x93,
    0xa8, 0x9b, 0xa8, 0x9b, 0x88, 0x93, 0x87, 0x9b, 0x88, 0x93, 0xe9, 0x9b,
    0xad, 0xac, 0x6c, 0xa4, 0x4c, 0xa4, 0x6c, 0xac, 0xad, 0xb4, 0x8d, 0xac,
    0x6d, 0xac, 0x8d, 0xac, 0x8d, 0xac, 0x4b, 0xa4, 0xad, 0xac, 0xce, 0xb4,
    0x8d, 0xac, 0x8d, 0xac, 0xad, 0xb4, 0x30, 0xbd, 0xce, 0xac, 0xae, 0xac,
    0x8a, 0x8b, 0x6e, 0xa4, 0x0f, 0xb5, 0x10, 0xb5, 0x11, 0xb5, 0x31, 0xb5,
    0x32, 0xb5, 0x52, 0xbd, 0x73, 0xbd, 0x73, 0xbd, 0x73, 0xbd, 0x53, 0xbd,
    0x32, 0xb5, 0x31, 0xb5, 0x52, 0xbd, 0x51, 0xbd, 0x51, 0xbd, 0x31, 0xbd,
    0x51, 0xbd, 0x30, 0xbd, 0x31, 0xbd, 0x73, 0xbd, 0x94, 0xbd, 0x94, 0xbd,
    0x94, 0xbd, 0xb4, 0xbd, 0xd5, 0xc5, 0xd6, 0xc5, 0xd5, 0xc5, 0xb5, 0xbd,
    0xd5, 0xc5, 0xd5, 0xc5, 0xd6, 0xc5, 0xd5, 0xc5, 0xd5, 0xc5, 0xd5, 0xc5,
    0xf6, 0xc5, 0xf6, 0xc5, 0xd5, 0xc5, 0xd6, 0xc5, 0xf6, 0xc5, 0xd5, 0xc5,
    0xf5, 0xc5, 0xd5, 0xc5, 0xf6, 0xc5, 0xd6, 0xc5, 0xd5, 0xc5, 0xd6, 0xc5,
    0xd6, 0xc5, 0xf5, 0xcd, 0xd5, 0xc5, 0xd5, 0xc5, 0xf5, 0xc5, 0x36, 0xce,
    0x15, 0xce, 0x16, 0xce, 0x16, 0xce, 0xb5, 0xbd, 0x36, 0xd6, 0x10, 0xb5,
    0xee, 0xbc, 0x51, 0xbd, 0xee, 0xb4, 0xcc, 0xb4, 0x6b, 0xac, 0x6b, 0xbc,
    0x8c, 0xac, 0xcf, 0x9c, 0xb1, 0x94, 0xb0, 0x94, 0xcf, 0x94, 0xb0, 0x9c,
    0xb0, 0x94, 0xaf, 0x94, 0xaf, 0x9c, 0xae, 0x9c, 0xad, 0x9c, 0x6c, 0xac,
    0x8b, 0xb4, 0x8b, 0xac, 0x8c, 0xb4, 0xcc, 0xb4, 0xf3, 0xdd, 0xcd, 0xb4,
    0xcd, 0xb4, 0xac, 0xb4, 0x8b, 0xb4, 0x49, 0xbc, 0x66, 0xc4, 0x24, 0xcc,
    0x43, 0xcc, 0x43, 0xcc, 0x68, 0xc4, 0x69, 0xbc, 0x69, 0xbc, 0x8a, 0xbc,
    0x6a, 0xbc, 0x69, 0xbc, 0x48, 0xbc, 0x69, 0xbc, 0x6a, 0xb4, 0x8b, 0xac,
    0xac, 0xb4, 0xcd, 0xb4, 0x0f, 0xbd, 0x30, 0xc5, 0x30, 0xc5, 0x30, 0xbd,
    0x70, 0xc5, 0xb2, 0xd5, 0xb2, 0xd5, 0xb2, 0xcd, 0x91, 0xcd, 0xb2, 0xd5,
    0xd2, 0xd5, 0x70, 0xcd, 0x0f, 0xc5, 0x2e, 0xcd, 0xed, 0xc4, 0xcc, 0xc4,
    0xab, 0xc4, 0xcb, 0xc4, 0xaa, 0xbc, 0x8a, 0xbc, 0x8a, 0xc4, 0x8a, 0xc4,
    0x8b, 0xbc, 0xab, 0xbc, 0xcc, 0xc4, 0xed, 0xc4, 0xed, 0xc4, 0xed, 0xc4,
    0xcd, 0xbc, 0x0e, 0xc5, 0x0e, 0xc5, 0x0e, 0xc5, 0x0e, 0xc5, 0x0e, 0xc5,
    0x0e, 0xc5, 0xac, 0xbc, 0x2d, 0xc5, 0x2d, 0xc5, 0x2e, 0xc5, 0xcd, 0xb4,
    0x6c, 0xa4, 0x4c, 0xa4, 0x0c, 0x9c, 0xec, 0x9b, 0x0c, 0x94, 0x4d, 0x9c,
    0x6e, 0xa4, 0x8f, 0xac, 0x6e, 0xa4, 0x8f, 0xa4, 0x8f, 0xac, 0x8f, 0xac,
    0x6e, 0xa4, 0x6d, 0xa4, 0x2d, 0xa4, 0x2c, 0xa4, 0x4c, 0xa4, 0x4d, 0xa4,
    0x6c, 0xac, 0x8d, 0xb4, 0x8d, 0xb4, 0xae, 0xb4, 0xae, 0xb4, 0x8e, 0xb4,
    0xae, 0xb4, 0x8e, 0xac, 0x56, 0xde, 0x15, 0xce, 0x15, 0xce, 0x73, 0xb5,
    0xb0, 0xa4, 0xf1, 0xa4, 0xb0, 0x9c, 0x70, 0x9c, 0xb0, 0xa4, 0x32, 0xad,
    0x67, 0x5a, 0x06, 0x4a, 0x33, 0xad, 0x12, 0xad, 0xf0, 0xac, 0xce, 0xbc,
    0x8c, 0xbc, 0x8b, 0xbc, 0x8b, 0xbc, 0x6b, 0xbc, 0x6b, 0xb4, 0xad, 0xb4,
    0x4d, 0xac, 0xcb, 0x9b, 0xaa, 0x93, 0xca, 0x93, 0xeb, 0x9b, 0x6d, 0xac,
    0x8d, 0xb4, 0x2c, 0xac, 0x29, 0x83, 0x67, 0x6a, 0xce, 0x83, 0xf7, 0xcd,
    0x58, 0xce, 0x37, 0xc6, 0x37, 0xce, 0x17, 0xc6, 0x38, 0xce, 0x58, 0xce,
    0x58, 0xce, 0x79, 0xd6, 0x58, 0xce, 0x38, 0xce, 0x38, 0xce, 0xf7, 0xc5,
    0x58, 0xce, 0x79, 0xd6, 0x38, 0xc6, 0x58, 0xce, 0x79, 0xce, 0x79, 0xce,
    0x58, 0xce, 0x58, 0xce, 0x58, 0xc6, 0x59, 0xce, 0x58, 0xce, 0x18, 0xc6,
    0x38, 0xce, 0x58, 0xce, 0x79, 0xce, 0x38, 0xce, 0x17, 0xc6, 0x18, 0xc6,
    0x18, 0xc6, 0x17, 0xc6, 0xf7, 0xbd, 0xf7, 0xc5, 0xf7, 0xbd, 0xf7, 0xbd,
    0xf7, 0xc5, 0xf7, 0xc5, 0x17, 0xc6, 0xd7, 0xbd, 0xf7, 0xc5, 0xf7, 0xc5,
    0xf6, 0xbd, 0xf7, 0xbd, 0xf7, 0xc5, 0xf7, 0xc5, 0xd6, 0xbd, 0xf7, 0xbd,
    0xf7, 0xbd, 0xf7, 0xc5, 0xf6, 0xc5, 0xf6, 0xc5, 0xf7, 0xbd, 0xf6, 0xc5,
    0xf6, 0xc5, 0xf6, 0xbd, 0xf7, 0xc5, 0xf7, 0xc5, 0xf6, 0xbd, 0xf7, 0xc5,
    0xf6, 0xbd, 0xf7, 0xc5, 0xf7, 0xc5, 0xf6, 0xbd, 0xd6, 0xbd, 0xd6, 0xbd,
    0xd6, 0xbd, 0xf7, 0xc5, 0xf6, 0xbd, 0xd6, 0xbd, 0xf6, 0xc5, 0xd6, 0xbd,
    0xf7, 0xc5, 0xf6, 0xbd, 0xd6, 0xbd, 0xf7, 0xc5, 0xf7, 0xc5, 0x17, 0xc6,
    0xf7, 0xbd, 0x37, 0xc6, 0x75, 0xb5, 0x6c, 0x6b, 0xb9, 0xd6, 0x58, 0xce,
    0x74, 0xb5, 0xc4, 0x41, 0xf0, 0xb4, 0xa9, 0x93, 0xa9, 0x93, 0xa9, 0x9b,
    0x88, 0x9b, 0x88, 0x9b, 0x88, 0x9b, 0x88, 0x9b, 0x88, 0x9b, 0x88, 0x93,
    0xe9, 0x9b, 0xad, 0xb4, 0x6d, 0xac, 0x4c, 0xa4, 0x8d, 0xac, 0x6d, 0xac,
    0xad, 0xb4, 0x4c, 0xa4, 0x8d, 0xac, 0x6c, 0xac, 0x8d, 0xac, 0xeb, 0x9b,
    0xee, 0xbc, 0x8d, 0xac, 0xad, 0xb4, 0x8d, 0xac, 0xad, 0xb4, 0xae, 0xb4,
    0x6c, 0xa4, 0xce, 0xb4, 0x08, 0x73, 0x0f, 0xb5, 0x71, 0xc5, 0x10, 0xb5,
    0xf0, 0xb4, 0x32, 0xb5, 0x52, 0xb5, 0x73, 0xbd, 0x52, 0xbd, 0x32, 0xb5,
    0x32, 0xb5, 0x73, 0xc5, 0x31, 0xb5, 0x31, 0xb5, 0x31, 0xbd, 0x71, 0xbd,
    0x71, 0xbd, 0x50, 0xc5, 0x50, 0xbd, 0x50, 0xbd, 0x11, 0xbd, 0x93, 0xc5,
    0x74, 0xbd, 0xb4, 0xbd, 0xb4, 0xbd, 0xb5, 0xbd, 0xd5, 0xc5, 0xd5, 0xc5,
    0xd5, 0xbd, 0xd5, 0xc5, 0xd6, 0xc5, 0xf6, 0xc5, 0xd5, 0xc5, 0xd5, 0xc5,
    0xd6, 0xc5, 0xf6, 0xc5, 0xd5, 0xc5, 0xf6, 0xc5, 0xd6, 0xc5, 0xf6, 0xcd,
    0xf5, 0xc5, 0xf6, 0xc5, 0xd6, 0xc5, 0xd5, 0xc5, 0xd5, 0xc5, 0xf6, 0xc5,
    0xf6, 0xc5, 0xf5, 0xcd, 0xf6, 0xcd, 0xf6, 0xcd, 0xd5, 0xc5, 0xf6, 0xc5,
    0x16, 0xce, 0x16, 0xce, 0x15, 0xc6, 0x16, 0xce, 0xb5, 0xbd, 0xd5, 0xc5,
    0xf4, 0xcd, 0xef, 0xbc, 0x30, 0xbd, 0x72, 0xbd, 0x10, 0xb5, 0x0f, 0xbd,
    0xcc, 0xbc, 0x8a, 0xbc, 0xab, 0xbc, 0xac, 0xb4, 0xaf, 0x9c, 0xd0, 0xa4,
    0xcf, 0xac, 0xf0, 0xa4, 0xb0, 0x9c, 0xaf, 0x9c, 0xae, 0x9c, 0xce, 0x9c,
    0xad, 0xa4, 0x6c, 0xac, 0x6b, 0xac, 0x6b, 0xb4, 0x8b, 0xb4, 0xac, 0xb4,
    0x2f, 0xc5, 0x2f, 0xc5, 0xcd, 0xb4, 0x8c, 0xb4, 0xac, 0xb4, 0x6a, 0xb4,
    0x48, 0xbc, 0x26, 0xc4, 0x03, 0xcc, 0x23, 0xd4, 0x47, 0xc4, 0x69, 0xbc,
    0x89, 0xbc, 0x6a, 0xc4, 0x8a, 0xbc, 0x6a, 0xbc, 0x69, 0xbc, 0x6a, 0xb4,
    0x6a, 0xb4, 0x6b, 0xb4, 0x8c, 0xb4, 0xad, 0xbc, 0xcd, 0xbc, 0xee, 0xbc,
    0x2f, 0xcd, 0x4f, 0xcd, 0x90, 0xcd, 0xd2, 0xd5, 0x14, 0xde, 0x13, 0xde,
    0xb2, 0xdd, 0x0f, 0xc5, 0xcd, 0xc4, 0xad, 0xbc, 0xac, 0xc4, 0xac, 0xc4,
    0xab, 0xbc, 0x8b, 0xbc, 0x8c, 0xc4, 0xcc, 0xc4, 0xcd, 0xc4, 0xab, 0xc4,
    0x6a, 0xbc, 0x8a, 0xbc, 0x8a, 0xc4, 0x8b, 0xc4, 0xac, 0xc4, 0xcd, 0xc4,
    0xed, 0xc4, 0x0e, 0xc5, 0x0e, 0xc5, 0x0d, 0xc5, 0x0e, 0xc5, 0x0e, 0xbd,
    0x0e, 0xc5, 0x0e, 0xbd, 0x2e, 0xc5, 0x0e, 0xc5, 0x4b, 0xac, 0x8b, 0xb4,
    0x8c, 0xb4, 0x8c, 0xac, 0x0c, 0x9c, 0x2d, 0x9c, 0x4d, 0xa4, 0x2d, 0xa4,
    0x2d, 0x9c, 0x6d, 0xa4, 0x8f, 0xa4, 0x6e, 0xa4, 0x6e, 0xa4, 0x6e, 0xa4,
    0x6e, 0xa4, 0x4e, 0xa4, 0x4d, 0xa4, 0x4d, 0xa4, 0x2d, 0xa4, 0x4d, 0xa4,
    0x2c, 0xa4, 0x4c, 0xa4, 0x6d, 0xac, 0x6d, 0xac, 0x8e, 0xac, 0xcf, 0xb4,
    0xcf, 0xbc, 0xef, 0xbc, 0xef, 0xb4, 0xcf, 0xbc, 0x51, 0xbd, 0x77, 0xde,
    0x57, 0xd6, 0x36, 0xd6, 0xf1, 0xa4, 0xd1, 0xa4, 0xf1, 0xa4, 0xf1, 0xac,
    0x12, 0xad, 0x53, 0xb5, 0xb4, 0xbd, 0xea, 0x62, 0xc5, 0x41, 0xf2, 0xa4,
    0x33, 0xad, 0xf0, 0xac, 0xf0, 0xbc, 0xcf, 0xbc, 0xcd, 0xbc, 0x8c, 0xbc,
    0x0b, 0xa4, 0x2c, 0xac, 0xce, 0xb4, 0x8d, 0xac, 0x2c, 0x9c, 0xeb, 0x9b,
    0xeb, 0x9b, 0xeb, 0x9b, 0x0c, 0xa4, 0xae, 0xbc, 0xad, 0xbc, 0xaa, 0x9b,
    0x87, 0x72, 0x89, 0x62, 0x8d, 0x83, 0x8c, 0x7b, 0xd1, 0x9c, 0x17, 0xc6,
    0x59, 0xce, 0x18, 0xce, 0xb6, 0xbd, 0xf7, 0xc5, 0x58, 0xce, 0x58, 0xce,
    0x58, 0xce, 0x59, 0xce, 0x38, 0xce, 0x99, 0xd6, 0x38, 0xc6, 0x58, 0xce,
    0x58, 0xce, 0x79, 0xd6, 0x79, 0xce, 0x58, 0xce, 0x58, 0xce, 0x59, 0xce,
    0x58, 0xce, 0x38, 0xc6, 0x58, 0xce, 0x58, 0xce, 0x59, 0xce, 0x38, 0xc6,
    0x38, 0xc6, 0x38, 0xc6, 0x17, 0xc6, 0xf7, 0xbd, 0x18, 0xc6, 0xf7, 0xbd,
    0xf7, 0xbd, 0xf7, 0xbd, 0xf7, 0xc5, 0xf7, 0xbd, 0xf7, 0xc5, 0xd6, 0xbd,
    0xf7, 0xc5, 0xf7, 0xc5, 0xf7, 0xbd, 0xf7, 0xc5, 0xf7, 0xc5, 0xf7, 0xc5,
    0xf7, 0xc5, 0xf7, 0xc5, 0xf7, 0xc5, 0xf7, 0xbd, 0x17, 0xc6, 0xf6, 0xbd,
    0xf7, 0xbd, 0xf6, 0xc5, 0xf6, 0xbd, 0xf6, 0xbd, 0xd7, 0xbd, 0xf6, 0xbd,
    0xf7, 0xc5, 0xf7, 0xbd, 0xf7, 0xc5, 0xf6, 0xc5, 0xf6, 0xbd, 0xd6, 0xbd,
    0xd6, 0xbd, 0xf7, 0xc5, 0xf6, 0xbd, 0xf6, 0xbd, 0xf6, 0xc5, 0xf6, 0xc5,
    0xd6, 0xbd, 0x17, 0xc6, 0xf7, 0xbd, 0xf6, 0xbd, 0xf7, 0xc5, 0xf7, 0xc5,
    0xf7, 0xbd, 0xf6, 0xc5, 0x58, 0xce, 0x13, 0xa5, 0x6d, 0x73, 0x79, 0xd6,
    0x38, 0xce, 0xd2, 0x9c, 0x48, 0x52, 0xaf, 0xa4, 0x89, 0x93, 0xa9, 0x9b,
    0xa9, 0x9b, 0xa8, 0x9b, 0x88, 0x9b, 0x87, 0x9b, 0x88, 0x93, 0x88, 0x9b,
    0x88, 0x9b, 0xc9, 0x9b, 0x8c, 0xac, 0x8d, 0xac, 0x4c, 0xa4, 0x6c, 0xac,
    0x8d, 0xac, 0x6d, 0xac, 0x6c, 0xac, 0x8d, 0xac, 0x8d, 0xac, 0x8d, 0xac,
    0xea, 0x93, 0x0f, 0xbd, 0xad, 0xac, 0x8d, 0xac, 0xad, 0xac, 0x8d, 0xac,
    0xad, 0xb4, 0xcc, 0xb4, 0x2f, 0xbd, 0x47, 0x62, 0xce, 0xac, 0xce, 0xac,
    0x31, 0xc5, 0x51, 0xc5, 0x31, 0xbd, 0x32, 0xb5, 0x52, 0xbd, 0x52, 0xbd,
    0x73, 0xbd, 0x73, 0xbd, 0xb3, 0xcd, 0x50, 0xbd, 0x10, 0xb5, 0x50, 0xbd,
    0x70, 0xbd, 0x71, 0xc5, 0x70, 0xc5, 0x4f, 0xc5, 0x50, 0xbd, 0x70, 0xbd,
    0x51, 0xbd, 0x94, 0xc5, 0x95, 0xbd, 0xb4, 0xbd, 0xb4, 0xbd, 0xd5, 0xc5,
    0xd5, 0xbd, 0xd6, 0xc5, 0xd5, 0xc5, 0xd5, 0xc5, 0xd6, 0xc5, 0xd5, 0xc5,
    0xd6, 0xc5, 0xd5, 0xc5, 0xd5, 0xc5, 0xf6, 0xc5, 0xd5, 0xc5, 0xd5, 0xc5,
    0xf6, 0xcd, 0xd6, 0xc5, 0xf6, 0xcd, 0xf6, 0xcd, 0xd5, 0xc5, 0xd6, 0xc5,
    0xf5, 0xc5, 0xf6, 0xcd, 0xf6, 0xc5, 0xf6, 0xc5, 0xf6, 0xcd, 0xf6, 0xc5,
    0xd5, 0xc5, 0xf5, 0xc5, 0x37, 0xce, 0x36, 0xce, 0xf5, 0xc5, 0xd6, 0xc5,
    0x95, 0xbd, 0x16, 0xce, 0x30, 0xb5, 0xef, 0xbc, 0x51, 0xbd, 0x73, 0xb5,
    0x31, 0xb5, 0x11, 0xb5, 0x50, 0xbd, 0xcc, 0xb4, 0x8b, 0xbc, 0xcb, 0xb4,
    0xee, 0xac, 0xef, 0xac, 0xef, 0xb4, 0x51, 0xb5, 0xd0, 0x9c, 0xcf, 0x9c,
    0xaf, 0x9c, 0xae, 0xa4, 0xad, 0xa4, 0x6c, 0xac, 0x6c, 0xb4, 0x8c, 0xac,
    0x6b, 0xb4, 0xac, 0xb4, 0xcd, 0xb4, 0x70, 0xc5, 0xee, 0xb4, 0xcd, 0xb4,
    0x8c, 0xb4, 0x6b, 0xb4, 0x4a, 0xbc, 0x27, 0xbc, 0x05, 0xcc, 0xe4, 0xd3,
    0x27, 0xcc, 0x69, 0xbc, 0x69, 0xc4, 0x6a, 0xbc, 0x8b, 0xbc, 0xaa, 0xbc,
    0x8a, 0xbc, 0x6a, 0xbc, 0x6a, 0xb4, 0x6a, 0xb4, 0x6b, 0xb4, 0x8b, 0xbc,
    0xac, 0xbc, 0xcd, 0xbc, 0xed, 0xbc, 0xee, 0xc4, 0xed, 0xc4, 0xcc, 0xc4,
    0x8b, 0xb4, 0x6b, 0xbc, 0xac, 0xc4, 0xcc, 0xc4, 0xab, 0xc4, 0xab, 0xc4,
    0xcb, 0xc4, 0xab, 0xc4, 0xcb, 0xc4, 0xec, 0xc4, 0xcc, 0xcc, 0xcc, 0xcc,
    0xed, 0xcc, 0xcd, 0xcc, 0xcc, 0xcc, 0x8b, 0xbc, 0x4a, 0xc4, 0x2a, 0xcc,
    0x8b, 0xc4, 0xcd, 0xc4, 0xcd, 0xc4, 0xed, 0xc4, 0xee, 0xc4, 0xed, 0xbc,
    0xed, 0xc4, 0x0e, 0xc5, 0x0e, 0xc5, 0x0f, 0xc5, 0x0e, 0xbd, 0x2f, 0xc5,
    0x0f, 0xbd, 0xee, 0xbc, 0x8e, 0xac, 0x2c, 0xa4, 0x4d, 0xa4, 0x4d, 0xa4,
    0x4d, 0x9c, 0x2d, 0x9c, 0x6e, 0xa4, 0x8e, 0xac, 0x8f, 0xac, 0xaf, 0xac,
    0x8f, 0xac, 0x8f, 0xa4, 0x8e, 0xa4, 0x4e, 0xa4, 0x4d, 0xa4, 0x4d, 0xa4,
    0x4d, 0xa4, 0x4d, 0xa4, 0x6e, 0xac, 0x6e, 0xac, 0x6e, 0xac, 0x8e, 0xac,
    0xae, 0xac, 0x8e, 0xac, 0x8e, 0xac, 0xae, 0xac, 0xcf, 0xb4, 0xae, 0xb4,
    0xae, 0xac, 0xaf, 0xa4, 0xb4, 0xc5, 0x16, 0xd6, 0x16, 0xce, 0xe9, 0x6a,
    0xf5, 0xc5, 0x53, 0xb5, 0x53, 0xb5, 0x73, 0xbd, 0x94, 0xbd, 0xb4, 0xbd,
    0xa9, 0x5a, 0xc6, 0x41, 0xf2, 0xa4, 0x74, 0xbd, 0x32, 0xad, 0x11, 0xad,
    0x11, 0xb5, 0xf0, 0xb4, 0xd0, 0xac, 0x8f, 0xa4, 0xaf, 0xac, 0xf0, 0xb4,
    0xf0, 0xb4, 0xcf, 0xb4, 0x8e, 0xac, 0x4d, 0xac, 0x2c, 0xa4, 0x2d, 0xac,
    0x8e, 0xbc, 0xcf, 0xbc, 0xcb, 0x9b, 0x29, 0x7b, 0x09, 0x73, 0xea, 0x72,
    0x28, 0x4a, 0x2c, 0x6b, 0x6d, 0x73, 0xd6, 0xbd, 0x99, 0xd6, 0x58, 0xce,
    0x38, 0xce, 0x58, 0xce, 0x38, 0xce, 0x58, 0xce, 0x79, 0xce, 0x54, 0xc5,
    0x38, 0xce, 0x79, 0xce, 0x58, 0xce, 0x79, 0xd6, 0x79, 0xce, 0x58, 0xce,
    0x38, 0xc6, 0x79, 0xce, 0x58, 0xce, 0x58, 0xce, 0x79, 0xce, 0x59, 0xce,
    0x58, 0xce, 0x38, 0xc6, 0x38, 0xc6, 0x38, 0xce, 0x17, 0xc6, 0x17, 0xc6,
    0x18, 0xc6, 0xf7, 0xc5, 0x17, 0xc6, 0xd6, 0xbd, 0x17, 0xc6, 0xf7, 0xbd,
    0xf7, 0xc5, 0xf7, 0xc5, 0xf7, 0xc5, 0xf7, 0xbd, 0xf7, 0xc5, 0xf7, 0xc5,
    0xf7, 0xbd, 0xf7, 0xbd, 0x17, 0xc6, 0x17, 0xc6, 0xf7, 0xc5, 0xf7, 0xbd,
    0x17, 0xc6, 0xf6, 0xc5, 0xf7, 0xbd, 0xf7, 0xbd, 0xf6, 0xc5, 0xf7, 0xbd,
    0xf6, 0xc5, 0xf7, 0xc5, 0xf7, 0xc5, 0xf6, 0xbd, 0xf6, 0xbd, 0xf7, 0xc5,
    0xf6, 0xbd, 0xd6, 0xbd, 0xf6, 0xc5, 0xd6, 0xbd, 0xf7, 0xc5, 0xf6, 0xbd,
    0xf7, 0xc5, 0xd6, 0xbd, 0xf7, 0xbd, 0xf7, 0xc5, 0xf7, 0xc5, 0xf7, 0xc5,
    0x17, 0xc6, 0xf6, 0xbd, 0xf6, 0xbd, 0x98, 0xd6, 0x70, 0x94, 0xea, 0x5a,
    0x99, 0xd6, 0xd6, 0xc5, 0xb6, 0xc5, 0x2b, 0x73, 0x4d, 0x9c, 0x89, 0x93,
    0x88, 0x9b, 0xa8, 0x9b, 0xa9, 0x9b, 0x88, 0x9b, 0x88, 0x9b, 0x87, 0x93,
    0x87, 0x9b, 0x87, 0x9b, 0xa8, 0x9b, 0xeb, 0x93, 0x6e, 0x94, 0x2c, 0x94,
    0x4b, 0xa4, 0xad, 0xb4, 0x6c, 0xa4, 0x6c, 0xac, 0xad, 0xac, 0x8d, 0xac,
    0xad, 0xb4, 0xca, 0x93, 0xce, 0xb4, 0xcd, 0xb4, 0xcd, 0xb4, 0xad, 0xb4,
    0x8d, 0xac, 0xad, 0xac, 0x70, 0xcd, 0x0f, 0xbd, 0x67, 0x6a, 0x6e, 0xa4,
    0x6c, 0xac, 0x6c, 0xa4, 0xee, 0xb4, 0x0f, 0xbd, 0xef, 0xb4, 0x10, 0xb5,
    0x31, 0xb5, 0x52, 0xbd, 0x93, 0xc5, 0x52, 0xb5, 0xae, 0xa4, 0x0e, 0xb5,
    0x0e, 0xb5, 0x50, 0xbd, 0x70, 0xc5, 0x70, 0xc5, 0x70, 0xc5, 0x70, 0xc5,
    0x70, 0xc5, 0x4f, 0xbd, 0x91, 0xc5, 0x94, 0xbd, 0xb5, 0xc5, 0x94, 0xbd,
    0xb5, 0xbd, 0xd5, 0xc5, 0xd5, 0xc5, 0xd5, 0xc5, 0xd5, 0xbd, 0xf6, 0xc5,
    0xd5, 0xc5, 0xd5, 0xc5, 0xf6, 0xc5, 0xd5, 0xc5, 0xd5, 0xc5, 0xf6, 0xc5,
    0xb5, 0xc5, 0xd5, 0xc5, 0xd5, 0xc5, 0xf6, 0xc5, 0xd5, 0xc5, 0xb5, 0xc5,
    0xd5, 0xc5, 0xf6, 0xc5, 0xd6, 0xc5, 0xd5, 0xc5, 0xd6, 0xc5, 0xf6, 0xcd,
    0xf6, 0xc5, 0xd6, 0xc5, 0xd5, 0xc5, 0xd6, 0xc5, 0x37, 0xd6, 0xd6, 0xc5,
    0xf6, 0xcd, 0xb6, 0xc5, 0xb5, 0xbd, 0xf4, 0xcd, 0xae, 0xac, 0x71, 0xc5,
    0x52, 0xb5, 0x53, 0xbd, 0x11, 0xb5, 0x31, 0xb5, 0x51, 0xbd, 0x2f, 0xc5,
    0xee, 0xbc, 0xad, 0xb4, 0xee, 0xbc, 0xee, 0xbc, 0x10, 0xbd, 0x51, 0xb5,
    0xf0, 0xa4, 0xcf, 0xa4, 0xce, 0xa4, 0xad, 0xa4, 0x8d, 0xa4, 0x8c, 0xac,
    0x6c, 0xac, 0x6c, 0xac, 0x6c, 0xb4, 0x8c, 0xb4, 0xad, 0xb4, 0xee, 0xbc,
    0x70, 0xc5, 0xcd, 0xb4, 0x8c, 0xb4, 0x8c, 0xb4, 0x4b, 0xb4, 0x49, 0xbc,
    0x65, 0xbb, 0xc1, 0xb1, 0x04, 0xb3, 0x68, 0xc4, 0x69, 0xc4, 0x69, 0xbc,
    0x8a, 0xc4, 0xcb, 0xc4, 0xcb, 0xc4, 0x8b, 0xbc, 0x8a, 0xbc, 0x8a, 0xbc,
    0x6a, 0xbc, 0x6a, 0xbc, 0x8a, 0xbc, 0xab, 0xbc, 0xab, 0xc4, 0xab, 0xbc,
    0xcc, 0xc4, 0xcc, 0xcc, 0xcc, 0xc4, 0xcb, 0xc4, 0xcb, 0xc4, 0xab, 0xc4,
    0xab, 0xc4, 0xcb, 0xc4, 0xcb, 0xcc, 0xcb, 0xc4, 0xcc, 0xcc, 0xec, 0xcc,
    0xeb, 0xcc, 0xcc, 0xc4, 0xed, 0xcc, 0xee, 0xcc, 0xcd, 0xcc, 0xee, 0xc4,
    0x4b, 0xc4, 0xa5, 0xc2, 0x84, 0xc2, 0xac, 0xcc, 0xcd, 0xc4, 0xec, 0xc4,
    0xed, 0xc4, 0xed, 0xc4, 0xee, 0xc4, 0x0e, 0xbd, 0x0f, 0xbd, 0x10, 0xbd,
    0x2f, 0xbd, 0x30, 0xbd, 0x52, 0xc5, 0x30, 0xbd, 0x8e, 0xa4, 0x0d, 0x94,
    0x0d, 0x94, 0x6e, 0x9c, 0xd0, 0xac, 0x11, 0xb5, 0x32, 0xbd, 0x11, 0xbd,
    0x11, 0xb5, 0xf1, 0xb4, 0x11, 0xb5, 0xf0, 0xb4, 0xd0, 0xb4, 0x8f, 0xb4,
    0x6e, 0xac, 0x6e, 0xac, 0xaf, 0xac, 0xaf, 0xac, 0xaf, 0xac, 0xcf, 0xac,
    0xb0, 0xac, 0xb0, 0xac, 0xaf, 0xac, 0xcf, 0xac, 0xaf, 0xac, 0xaf, 0xac,
    0x8f, 0xa4, 0x8f, 0xa4, 0xaf, 0xac, 0xf0, 0xb4, 0x52, 0xbd, 0x93, 0xc5,
    0x73, 0xb5, 0x88, 0x5a, 0xb1, 0x9c, 0x53, 0xb5, 0xb4, 0xbd, 0xd5, 0xc5,
    0xb5, 0xc5, 0x16, 0xce, 0x2f, 0x94, 0xa9, 0x62, 0xc6, 0x41, 0x91, 0x9c,
    0xd5, 0xc5, 0x74, 0xb5, 0x73, 0xb5, 0x32, 0xad, 0xb0, 0x9c, 0x12, 0xa5,
    0x53, 0xbd, 0x12, 0xb5, 0x11, 0xb5, 0x11, 0xb5, 0x10, 0xbd, 0x10, 0xbd,
    0xef, 0xb4, 0xae, 0xac, 0xae, 0xac, 0xae, 0xb4, 0xae, 0xb4, 0xab, 0x93,
    0xc9, 0x72, 0xa8, 0x72, 0xcb, 0x62, 0x69, 0x52, 0x48, 0x52, 0xc7, 0x41,
    0xca, 0x5a, 0x71, 0x94, 0xba, 0xde, 0x79, 0xd6, 0x38, 0xce, 0x38, 0xce,
    0x79, 0xce, 0x92, 0xc4, 0x59, 0xce, 0x79, 0xce, 0x79, 0xce, 0x59, 0xce,
    0x79, 0xce, 0x79, 0xce, 0x59, 0xce, 0x79, 0xce, 0x59, 0xce, 0x38, 0xc6,
    0x79, 0xce, 0x79, 0xce, 0x58, 0xce, 0x38, 0xc6, 0x38, 0xc6, 0x38, 0xc6,
    0x17, 0xc6, 0x17, 0xc6, 0x38, 0xc6, 0x17, 0xc6, 0xf7, 0xc5, 0xd7, 0xbd,
    0x17, 0xc6, 0x17, 0xbe, 0x17, 0xc6, 0xf7, 0xc5, 0xf7, 0xc5, 0x17, 0xc6,
    0xd6, 0xbd, 0xf7, 0xc5, 0x17, 0xc6, 0xf7, 0xc5, 0x17, 0xc6, 0x17, 0xc6,
    0xf7, 0xc5, 0xf7, 0xc5, 0x17, 0xc6, 0xf6, 0xbd, 0xf6, 0xc5, 0xf6, 0xc5,
    0xf7, 0xbd, 0xf7, 0xc5, 0xf7, 0xc5, 0xf6, 0xbd, 0xf7, 0xc5, 0xf7, 0xc5,
    0xf7, 0xc5, 0xb6, 0xbd, 0xf6, 0xc5, 0xf6, 0xbd, 0xd6, 0xbd, 0xf6, 0xbd,
    0xd6, 0xbd, 0xf7, 0xc5, 0xf6, 0xbd, 0xf7, 0xc5, 0xf6, 0xbd, 0xf6, 0xc5,
    0x17, 0xc6, 0xf6, 0xc5, 0xf6, 0xbd, 0xf7, 0xc5, 0x78, 0xce, 0x71, 0x94,
    0xea, 0x62, 0x99, 0xd6, 0xd5, 0xbd, 0xd6, 0xbd, 0x12, 0xad, 0xeb, 0x93,
    0xa9, 0x9b, 0x88, 0x9b, 0x88, 0x9b, 0x88, 0x93, 0x88, 0x9b, 0x88, 0x9b,
    0x88, 0x9b, 0x67, 0x93, 0x88, 0x9b, 0xa9, 0x9b, 0x0c, 0x8c, 0xce, 0x73,
    0xce, 0x73, 0x0b, 0x9c, 0xad, 0xac, 0x4c, 0xa4, 0x6c, 0xa4, 0x6c, 0xac,
    0x8d, 0xac, 0xce, 0xb4, 0xaa, 0x93, 0xad, 0xb4, 0xce, 0xb4, 0xad, 0xb4,
    0xad, 0xac, 0xac, 0xac, 0xad, 0xb4, 0x0f, 0xbd, 0x11, 0xbd, 0xa4, 0x49,
    0xab, 0x8b, 0xad, 0xb4, 0x4b, 0xac, 0x8c, 0xb4, 0x8c, 0xb4, 0xae, 0xb4,
    0xef, 0xb4, 0x30, 0xbd, 0x52, 0xbd, 0x31, 0xb5, 0xf1, 0xac, 0xf0, 0xac,
    0x30, 0xbd, 0x2f, 0xbd, 0x70, 0xc5, 0x4f, 0xbd, 0x70, 0xc5, 0x6f, 0xc5,
    0x6f, 0xc5, 0x70, 0xc5, 0x6f, 0xc5, 0x4f, 0xc5, 0x92, 0xc5, 0x94, 0xbd,
    0xb5, 0xbd, 0xb4, 0xbd, 0xb5, 0xbd, 0xd5, 0xc5, 0xd5, 0xbd, 0xd5, 0xc5,
    0xd5, 0xc5, 0xf6, 0xc5, 0xd5, 0xc5, 0xd6, 0xc5, 0xd6, 0xc5, 0xd5, 0xc5,
    0xd5, 0xc5, 0xd6, 0xc5, 0xf6, 0xc5, 0xd6, 0xc5, 0xf6, 0xc5, 0xf6, 0xc5,
    0xf6, 0xc5, 0xd5, 0xc5, 0xf6, 0xc5, 0xf6, 0xc5, 0xf6, 0xcd, 0xf6, 0xc5,
    0xf5, 0xc5, 0xf6, 0xcd, 0xf6, 0xcd, 0xf6, 0xc5, 0xd5, 0xc5, 0x17, 0xce,
    0x37, 0xd6, 0xd5, 0xc5, 0xf6, 0xc5, 0xb5, 0xc5, 0x15, 0xd6, 0xf0, 0xb4,
    0xae, 0xb4, 0xb4, 0xc5, 0x72, 0xb5, 0x93, 0xbd, 0x52, 0xb5, 0x52, 0xbd,
    0x51, 0xbd, 0x71, 0xc5, 0x51, 0xbd, 0x50, 0xbd, 0x0e, 0xc5, 0x0e, 0xbd,
    0x4f, 0xbd, 0x51, 0xb5, 0xf0, 0xa4, 0xcf, 0xa4, 0xaf, 0xa4, 0xad, 0xa4,
    0x8c, 0xa4, 0x6c, 0xa4, 0x8c, 0xac, 0x8b, 0xac, 0x6b, 0xb4, 0x8b, 0xac,
    0xac, 0xb4, 0xcd, 0xb4, 0x0f, 0xbd, 0x2f, 0xc5, 0x8c, 0xb4, 0x8b, 0xb4,
    0x6b, 0xb4, 0x6a, 0xbc, 0x66, 0xb3, 0x61, 0xb9, 0x02, 0xb2, 0x29, 0xc4,
    0x69, 0xbc, 0x69, 0xc4, 0x69, 0xbc, 0xaa, 0xc4, 0xec, 0xcc, 0xec, 0xc4,
    0xcc, 0xcc, 0xab, 0xc4, 0x89, 0xc4, 0x69, 0xbc, 0x89, 0xc4, 0x8a, 0xc4,
    0x8a, 0xc4, 0x8a, 0xc4, 0xaa, 0xc4, 0x8a, 0xc4, 0x8a, 0xc4, 0x8a, 0xc4,
    0x8a, 0xc4, 0x8a, 0xcc, 0xab, 0xc4, 0xcb, 0xc4, 0xcb, 0xc4, 0xcb, 0xcc,
    0xab, 0xc4, 0x8a, 0xbc, 0xcb, 0xc4, 0xcc, 0xc4, 0xcd, 0xc4, 0xce, 0xcc,
    0xcd, 0xc4, 0xcd, 0xc4, 0xce, 0xcc, 0x0d, 0xcd, 0xe9, 0xd3, 0xa8, 0xc3,
    0xad, 0xcc, 0xad, 0xcc, 0xcd, 0xc4, 0xee, 0xb4, 0xef, 0xbc, 0x71, 0xc5,
    0x93, 0xcd, 0x72, 0xc5, 0x32, 0xbd, 0xd0, 0xac, 0x4e, 0x9c, 0xed, 0x93,
    0x0d, 0x94, 0x6f, 0x9c, 0x6f, 0x9c, 0xb0, 0xa4, 0xb0, 0xa4, 0x90, 0xa4,
    0xb0, 0xac, 0xb0, 0xac, 0xaf, 0xac, 0x8f, 0xac, 0x6e, 0xa4, 0x4e, 0xa4,
    0x4d, 0x9c, 0x4e, 0xa4, 0x2d, 0xa4, 0xaf, 0xac, 0xaf, 0xb4, 0x8f, 0xac,
    0xaf, 0xac, 0xaf, 0xac, 0xd0, 0xac, 0xd0, 0xac, 0xaf, 0xac, 0xb0, 0xac,
    0xb0, 0xac, 0xb0, 0xac, 0x8f, 0xa4, 0x6f, 0xa4, 0x8f, 0xa4, 0x52, 0xb5,
    0x93, 0xc5, 0x74, 0xc5, 0x4a, 0x73, 0xac, 0x83, 0x4b, 0x73, 0x2b, 0x73,
    0x2b, 0x73, 0x2b, 0x73, 0x8d, 0x83, 0x0f, 0x8c, 0x68, 0x5a, 0xaa, 0x62,
    0x4c, 0x73, 0xe7, 0x49, 0x8c, 0x73, 0x57, 0xc6, 0xf6, 0xbd, 0x95, 0xb5,
    0x91, 0x94, 0x4b, 0x6b, 0x70, 0x94, 0x53, 0xb5, 0x32, 0xb5, 0x52, 0xb5,
    0x52, 0xb5, 0x52, 0xbd, 0x51, 0xbd, 0x51, 0xbd, 0x10, 0xbd, 0x10, 0xbd,
    0xf0, 0xbc, 0xec, 0x9b, 0x6a, 0x8b, 0xc8, 0x72, 0xa9, 0x6a, 0x0c, 0x6b,
    0x91, 0x94, 0x71, 0x94, 0x50, 0x8c, 0x69, 0x52, 0x45, 0x31, 0xb2, 0x9c,
    0xda, 0xde, 0x58, 0xce, 0x79, 0xce, 0x10, 0xbc, 0x59, 0xce, 0x58, 0xce,
    0x58, 0xce, 0x79, 0xce, 0x79, 0xce, 0x58, 0xce, 0x79, 0xd6, 0x79, 0xce,
    0x38, 0xce, 0x58, 0xce, 0x79, 0xce, 0x79, 0xd6, 0x58, 0xce, 0x38, 0xc6,
    0x17, 0xc6, 0x38, 0xce, 0x17, 0xc6, 0x18, 0xc6, 0x38, 0xc6, 0xf7, 0xbd,
    0x17, 0xbe, 0xf7, 0xbd, 0xf7, 0xc5, 0x17, 0xc6, 0x17, 0xc6, 0xf7, 0xc5,
    0x17, 0xc6, 0x17, 0xc6, 0xf7, 0xbd, 0x17, 0xc6, 0x17, 0xc6, 0xf7, 0xc5,
    0x17, 0xc6, 0x18, 0xc6, 0xf7, 0xc5, 0xf7, 0xc5, 0x17, 0xc6, 0xf7, 0xbd,
    0xf6, 0xbd, 0xf7, 0xc5, 0xf6, 0xbd, 0xf7, 0xc5, 0xf6, 0xbd, 0xf6, 0xbd,
    0x17, 0xc6, 0x17, 0xc6, 0xd6, 0xbd, 0xf6, 0xbd, 0xf7, 0xc5, 0xf6, 0xc5,
    0xf6, 0xbd, 0xd6, 0xbd, 0xf7, 0xbd, 0xf7, 0xc5, 0xf7, 0xc5, 0xf6, 0xbd,
    0xf7, 0xc5, 0xf7, 0xbd, 0xf7, 0xbd, 0xf6, 0xbd, 0xf6, 0xbd, 0x58, 0xce,
    0x91, 0x94, 0xea, 0x5a, 0x79, 0xd6, 0xf6, 0xbd, 0xf5, 0xc5, 0xf1, 0xac,
    0xca, 0x93, 0xaa, 0x93, 0x88, 0x93, 0x89, 0x93, 0x88, 0x93, 0x88, 0x93,
    0x88, 0x9b, 0x88, 0x93, 0x88, 0x93, 0x87, 0x9b, 0x88, 0x9b, 0xec, 0x8b,
    0xef, 0x6b, 0xee, 0x6b, 0xeb, 0x8b, 0x8d, 0xb4, 0x6c, 0xac, 0x4c, 0xa4,
    0x6c, 0xac, 0xad, 0xac, 0xce, 0xb4, 0xca, 0x93, 0x6c, 0xa4, 0xce, 0xb4,
    0xce, 0xb4, 0xad, 0xac, 0x8c, 0xac, 0x8c, 0xac, 0xcd, 0xb4, 0x91, 0xcd,
    0x88, 0x62, 0x87, 0x62, 0xee, 0xb4, 0x6b, 0xac, 0xef, 0xbc, 0xad, 0xb4,
    0xee, 0xbc, 0x31, 0xc5, 0xef, 0xb4, 0xf0, 0xb4, 0x11, 0xb5, 0x31, 0xb5,
    0x52, 0xbd, 0x30, 0xbd, 0x50, 0xc5, 0x4f, 0xc5, 0x70, 0xc5, 0x70, 0xc5,
    0x6f, 0xc5, 0x6f, 0xc5, 0x6f, 0xc5, 0x6f, 0xc5, 0x6f, 0xcd, 0x6f, 0xc5,
    0x72, 0xbd, 0x94, 0xbd, 0xb4, 0xbd, 0x94, 0xbd, 0xd5, 0xc5, 0xb4, 0xc5,
    0xd5, 0xc5, 0xd5, 0xc5, 0xd5, 0xc5, 0xf5, 0xc5, 0xd6, 0xc5, 0xf6, 0xc5,
    0xf6, 0xc5, 0xd5, 0xc5, 0xd6, 0xc5, 0xd6, 0xc5, 0xd5, 0xc5, 0xd5, 0xc5,
    0xf6, 0xcd, 0xf6, 0xcd, 0xd5, 0xc5, 0xd5, 0xc5, 0xf6, 0xcd, 0xf6, 0xcd,
    0xf6, 0xcd, 0xd5, 0xc5, 0xf6, 0xc5, 0xf6, 0xcd, 0xf6, 0xcd, 0xf6, 0xc5,
    0xb5, 0xbd, 0x77, 0xd6, 0x94, 0xbd, 0x57, 0xd6, 0x95, 0xbd, 0xb5, 0xc5,
    0xb4, 0xcd, 0xd0, 0xb4, 0x4d, 0xa4, 0xd4, 0xc5, 0x73, 0xb5, 0x94, 0xbd,
    0x93, 0xb5, 0x72, 0xbd, 0x51, 0xbd, 0x51, 0xbd, 0x71, 0xbd, 0x71, 0xc5,
    0x30, 0xbd, 0x2f, 0xbd, 0x2e, 0xbd, 0x50, 0xbd, 0x10, 0xad, 0xcf, 0xa4,
    0xae, 0xa4, 0x8d, 0xa4, 0x8d, 0xa4, 0x6c, 0xac, 0x8c, 0xa4, 0x8b, 0xac,
    0x6a, 0xb4, 0x6b, 0xb4, 0x8c, 0xac, 0xad, 0xb4, 0xee, 0xb4, 0x4f, 0xc5,
    0xad, 0xb4, 0x8b, 0xb4, 0x8c, 0xbc, 0x6b, 0xb4, 0x29, 0xc4, 0xa1, 0xb1,
    0x40, 0xb1, 0xe5, 0xaa, 0x69, 0xbc, 0x69, 0xc4, 0x48, 0xbc, 0x8a, 0xc4,
    0xed, 0xd4, 0x2e, 0xcd, 0xed, 0xc4, 0xed, 0xcc, 0xcb, 0xcc, 0x8a, 0xc4,
    0x89, 0xc4, 0x89, 0xcc, 0x89, 0xcc, 0xaa, 0xcc, 0xaa, 0xc4, 0xaa, 0xcc,
    0xaa, 0xcc, 0xcb, 0xcc, 0xab, 0xc4, 0x8a, 0xc4, 0x8a, 0xbc, 0x6a, 0xbc,
    0x6a, 0xbc, 0x8b, 0xc4, 0xab, 0xc4, 0xab, 0xc4, 0xeb, 0xcc, 0xcc, 0xc4,
    0xed, 0xcc, 0xee, 0xcc, 0xee, 0xcc, 0xee, 0xcc, 0xee, 0xcc, 0xee, 0xcc,
    0x0e, 0xcd, 0x0e, 0xcd, 0x50, 0xcd, 0x30, 0xc5, 0xaf, 0xb4, 0xd0, 0xa4,
    0x90, 0xa4, 0x6e, 0x9c, 0x4f, 0x9c, 0x90, 0xa4, 0x8f, 0x9c, 0x90, 0xa4,
    0xb0, 0xa4, 0x0e, 0x94, 0x6b, 0x83, 0xc8, 0x6a, 0xcd, 0x8b, 0xf1, 0xb4,
    0xf1, 0xb4, 0x11, 0xb5, 0xf0, 0xb4, 0xd0, 0xb4, 0xaf, 0xac, 0x8e, 0xa4,
    0x8f, 0xac, 0x6e, 0xa4, 0x6e, 0xa4, 0x4e, 0xa4, 0x2d, 0x9c, 0xf0, 0xbc,
    0x31, 0xbd, 0xf0, 0xb4, 0xd0, 0xb4, 0xaf, 0xac, 0xaf, 0xac, 0xd0, 0xac,
    0xd0, 0xac, 0xb0, 0xac, 0xb0, 0xa4, 0x90, 0xa4, 0x91, 0xa4, 0x90, 0xa4,
    0x90, 0xa4, 0xaf, 0x9c, 0x53, 0xbd, 0xad, 0x83, 0xe9, 0x6a, 0xc9, 0x6a,
    0xea, 0x6a, 0x0a, 0x6b, 0x2b, 0x73, 0x2c, 0x73, 0xeb, 0x6a, 0x6c, 0x7b,
    0x6c, 0x7b, 0x0b, 0x6b, 0xea, 0x62, 0xc9, 0x62, 0x27, 0x4a, 0x07, 0x4a,
    0x70, 0x94, 0x50, 0x94, 0x88, 0x5a, 0x68, 0x52, 0x28, 0x52, 0x6c, 0x73,
    0x93, 0xbd, 0x53, 0xb5, 0x73, 0xbd, 0x11, 0xbd, 0x4d, 0xa4, 0x0b, 0x9c,
    0x4c, 0xac, 0xcf, 0xb4, 0x52, 0xcd, 0x8e, 0xb4, 0x4b, 0xa4, 0x0c, 0x9c,
    0x88, 0x6a, 0x07, 0x4a, 0xaa, 0x5a, 0x4d, 0x73, 0xef, 0x83, 0x69, 0x52,
    0xa7, 0x39, 0x45, 0x31, 0x4d, 0x6b, 0xda, 0xde, 0x99, 0xce, 0x50, 0xbc,
    0x79, 0xce, 0x38, 0xce, 0x59, 0xce, 0x59, 0xce, 0x59, 0xce, 0x59, 0xce,
    0x99, 0xd6, 0x58, 0xce, 0x59, 0xce, 0x58, 0xce, 0x99, 0xd6, 0x79, 0xce,
    0x38, 0xc6, 0x38, 0xce, 0x38, 0xc6, 0x38, 0xc6, 0x38, 0xc6, 0x38, 0xc6,
    0x17, 0xc6, 0x17, 0xc6, 0xf7, 0xc5, 0xf7, 0xbd, 0x17, 0xc6, 0x18, 0xc6,
    0x17, 0xc6, 0x17, 0xc6, 0x17, 0xbe, 0xf7, 0xbd, 0x17, 0xc6, 0x17, 0xc6,
    0xf7, 0xc5, 0x17, 0xc6, 0x17, 0xc6, 0x18, 0xc6, 0x17, 0xc6, 0x17, 0xc6,
    0xf7, 0xc5, 0xf7, 0xc5, 0xf7, 0xc5, 0xf6, 0xc5, 0xd6, 0xbd, 0xf7, 0xc5,
    0xf6, 0xbd, 0x37, 0xc6, 0xd6, 0xbd, 0xd5, 0xbd, 0xd6, 0xbd, 0xd6, 0xbd,
    0xf7, 0xbd, 0xf7, 0xc5, 0xf7, 0xc5, 0xd6, 0xbd, 0xd7, 0xbd, 0x17, 0xc6,
    0xf7, 0xc5, 0xf7, 0xbd, 0xf7, 0xbd, 0xf7, 0xc5, 0xd6, 0xbd, 0xd7, 0xc5,
    0x78, 0xce, 0x34, 0xad, 0x89, 0x52, 0x99, 0xd6, 0xb6, 0xbd, 0xb5, 0xb5,
    0xb0, 0xac, 0xca, 0x93, 0xca, 0x93, 0x89, 0x93, 0x89, 0x93, 0x88, 0x9b,
    0xa8, 0x93, 0xa8, 0x9b, 0x88, 0x93, 0x68, 0x93, 0x88, 0x9b, 0xa9, 0x9b,
    0x0c, 0x94, 0xee, 0x6b, 0xee, 0x6b, 0xec, 0x83, 0x4c, 0xa4, 0x6b, 0xac,
    0x4b, 0xac, 0x4b, 0xac, 0x8d, 0xb4, 0xac, 0xac, 0x8b, 0xac, 0x2a, 0x9c,
    0xae, 0xb4, 0xce, 0xb4, 0x8d, 0xac, 0x8c, 0xb4, 0xcd, 0xbc, 0xad, 0xb4,
    0x70, 0xc5, 0x4d, 0xa4, 0x22, 0x39, 0xae, 0xb4, 0x6b, 0xb4, 0x0e, 0xc5,
    0x4b, 0xb4, 0x4b, 0xac, 0x30, 0xbd, 0x10, 0xb5, 0x31, 0xb5, 0x33, 0xbd,
    0x32, 0xb5, 0x72, 0xbd, 0x72, 0xbd, 0x50, 0xc5, 0x4f, 0xbd, 0x6f, 0xc5,
    0x90, 0xc5, 0x70, 0xc5, 0x90, 0xc5, 0x6f, 0xc5, 0x70, 0xc5, 0x6f, 0xc5,
    0x4f, 0xc5, 0xb0, 0xc5, 0x93, 0xbd, 0xd5, 0xc5, 0x94, 0xbd, 0xb5, 0xbd,
    0xb5, 0xc5, 0x71, 0xc5, 0xb4, 0xbd, 0xd5, 0xc5, 0xf5, 0xc5, 0xf5, 0xc5,
    0xd6, 0xc5, 0xd5, 0xc5, 0xd5, 0xc5, 0xf6, 0xcd, 0xd5, 0xc5, 0xf6, 0xc5,
    0xf6, 0xcd, 0xf6, 0xcd, 0xf5, 0xc5, 0xd5, 0xc5, 0xf6, 0xcd, 0xf6, 0xcd,
    0xf6, 0xc5, 0x16, 0xce, 0xf6, 0xcd, 0xf6, 0xc5, 0xf6, 0xcd, 0xf6, 0xc5,
    0xf5, 0xc5, 0xb5, 0xc5, 0x16, 0xce, 0x16, 0xce, 0x78, 0xd6, 0x95, 0xc5,
    0x95, 0xc5, 0xd6, 0xcd, 0xf0, 0xb4, 0x10, 0xb5, 0x2d, 0x9c, 0x32, 0xb5,
    0x74, 0xbd, 0x73, 0xbd, 0x74, 0xbd, 0x73, 0xbd, 0x52, 0xbd, 0x72, 0xc5,
    0x51, 0xbd, 0x70, 0xc5, 0x50, 0xc5, 0x4f, 0xc5, 0x2f, 0xbd, 0x0e, 0xbd,
    0xef, 0xb4, 0xce, 0xac, 0xae, 0xac, 0x8d, 0xa4, 0x8d, 0xac, 0x8d, 0xac,
    0x6c, 0xac, 0x6b, 0xb4, 0x6b, 0xb4, 0x8b, 0xb4, 0xac, 0xb4, 0xad, 0xb4,
    0xee, 0xb4, 0xee, 0xb4, 0x91, 0xc5, 0xcd, 0xb4, 0xab, 0xb4, 0x8c, 0xbc,
    0xe9, 0xb3, 0xe5, 0xc2, 0x40, 0xb1, 0x43, 0xb2, 0x69, 0xc4, 0x69, 0xc4,
    0x69, 0xc4, 0x49, 0xc4, 0x89, 0xc4, 0x2e, 0xd5, 0x70, 0xd5, 0x2f, 0xcd,
    0xed, 0xd4, 0xab, 0xcc, 0x89, 0xcc, 0xa9, 0xcc, 0xaa, 0xcc, 0x8a, 0xcc,
    0xaa, 0xc4, 0xaa, 0xc4, 0xab, 0xc4, 0x8b, 0xbc, 0x8b, 0xc4, 0xac, 0xc4,
    0xac, 0xc4, 0xac, 0xc4, 0xcc, 0xcc, 0xab, 0xc4, 0xab, 0xbc, 0x6a, 0xbc,
    0x4a, 0xbc, 0x8c, 0xbc, 0xad, 0xc4, 0xcd, 0xc4, 0xed, 0xc4, 0x0e, 0xc5,
    0x0f, 0xc5, 0x0f, 0xc5, 0x30, 0xbd, 0x30, 0xbd, 0x10, 0xb5, 0x12, 0xb5,
    0xf1, 0xac, 0x90, 0xa4, 0x6f, 0x9c, 0x8f, 0xa4, 0xf1, 0xac, 0x11, 0xad,
    0x32, 0xb5, 0xd0, 0xac, 0x2e, 0x9c, 0xab, 0x8b, 0xcc, 0x8b, 0x6e, 0x9c,
    0xd0, 0xb4, 0xd0, 0xac, 0x8f, 0xa4, 0x8f, 0xac, 0xaf, 0xac, 0xaf, 0xac,
    0xaf, 0xac, 0xaf, 0xac, 0x8f, 0xac, 0x8f, 0xac, 0x8f, 0xac, 0x6e, 0xac,
    0x8e, 0xac, 0xab, 0x8b, 0x8a, 0x8b, 0xab, 0x8b, 0xcc, 0x93, 0x0d, 0x9c,
    0x4e, 0x9c, 0x8f, 0xa4, 0xaf, 0xac, 0xb1, 0xac, 0xb0, 0xac, 0xb0, 0xac,
    0xb0, 0xa4, 0x90, 0xa4, 0x70, 0xa4, 0x8f, 0x9c, 0x2e, 0x94, 0x6f, 0x9c,
    0x72, 0xbd, 0xd0, 0xa4, 0x8f, 0xa4, 0xac, 0x83, 0xe9, 0x6a, 0x4a, 0x73,
    0x4f, 0x94, 0x2e, 0x94, 0x6f, 0x9c, 0xee, 0x8b, 0x8d, 0x83, 0x4c, 0x7b,
    0x0a, 0x6b, 0xc9, 0x62, 0xea, 0x6a, 0x0e, 0x94, 0x90, 0x9c, 0xad, 0x7b,
    0xeb, 0x6a, 0x47, 0x52, 0x0e, 0x8c, 0xf2, 0xac, 0xb0, 0xac, 0x2b, 0x9c,
    0x89, 0x93, 0x69, 0x93, 0x68, 0x8b, 0x68, 0x8b, 0x89, 0x93, 0xcb, 0xa3,
    0x2b, 0xac, 0x6d, 0xac, 0x6e, 0xac, 0xc9, 0x72, 0x27, 0x42, 0xaa, 0x52,
    0x0b, 0x6b, 0x45, 0x31, 0x86, 0x31, 0x86, 0x39, 0x04, 0x29, 0x69, 0x52,
    0xda, 0xd6, 0x91, 0xc4, 0x79, 0xd6, 0x38, 0xc6, 0x79, 0xd6, 0x38, 0xce,
    0x38, 0xce, 0x59, 0xce, 0x79, 0xd6, 0x58, 0xce, 0x79, 0xce, 0x59, 0xce,
    0x79, 0xd6, 0x58, 0xce, 0x38, 0xc6, 0x38, 0xce, 0x38, 0xce, 0x38, 0xc6,
    0x38, 0xce, 0x17, 0xc6, 0xf7, 0xc5, 0x38, 0xc6, 0xf7, 0xc5, 0xf7, 0xc5,
    0x17, 0xc6, 0x18, 0xc6, 0x18, 0xc6, 0x17, 0xc6, 0xf7, 0xc5, 0x17, 0xc6,
    0x17, 0xc6, 0x17, 0xc6, 0xf7, 0xc5, 0x17, 0xc6, 0x17, 0xc6, 0x17, 0xc6,
    0x17, 0xc6, 0xf7, 0xc5, 0x17, 0xc6, 0xf7, 0xc5, 0xf7, 0xbd, 0xf6, 0xbd,
    0xf7, 0xc5, 0xf6, 0xbd, 0xf6, 0xc5, 0xd6, 0xbd, 0xf6, 0xc5, 0xf6, 0xbd,
    0xf6, 0xbd, 0xf6, 0xbd, 0xf7, 0xc5, 0xf7, 0xbd, 0xd7, 0xbd, 0xd6, 0xbd,
    0xf7, 0xc5, 0xf7, 0xc5, 0xf7, 0xc5, 0xf7, 0xbd, 0xf7, 0xc5, 0xf6, 0xc5,
    0xd7, 0xbd, 0x58, 0xce, 0x55, 0xad, 0x68, 0x4a, 0xd9, 0xde, 0x37, 0xce,
    0x13, 0xad, 0x90, 0x9c, 0xeb, 0x93, 0xca, 0x9b, 0x89, 0x93, 0x88, 0x93,
    0xa9, 0x9b, 0x88, 0x9b, 0x87, 0x93, 0x67, 0x93, 0x88, 0x9b, 0x67, 0x9b,
    0x88, 0x9b, 0xec, 0x8b, 0xce, 0x6b, 0x0f, 0x6c, 0xec, 0x8b, 0xca, 0x8b,
    0x6c, 0xb4, 0x4b, 0xac, 0x4c, 0xa4, 0x6c, 0xac, 0x8c, 0xac, 0x8c, 0xac,
    0x6b, 0xac, 0x8c, 0xac, 0xae, 0xb4, 0xce, 0xbc, 0xee, 0xbc, 0x0e, 0xbd,
    0x8d, 0xac, 0xee, 0xbc, 0x71, 0xc5, 0x2c, 0xa4, 0x8d, 0xac, 0x6a, 0xac,
    0x6b, 0xb4, 0x4b, 0xac, 0x4b, 0xac, 0x6c, 0xb4, 0x71, 0xc5, 0x52, 0xb5,
    0x53, 0xb5, 0x94, 0xbd, 0xb4, 0xbd, 0x52, 0xbd, 0x10, 0xb5, 0x70, 0xc5,
    0x70, 0xc5, 0x70, 0xc5, 0x90, 0xc5, 0x6f, 0xc5, 0x70, 0xc5, 0x6f, 0xc5,
    0x6f, 0xc5, 0x70, 0xc5, 0x6f, 0xc5, 0x51, 0xbd, 0xb5, 0xc5, 0xb5, 0xbd,
    0x94, 0xbd, 0xb5, 0xbd, 0x92, 0xc5, 0x91, 0xbd, 0xd5, 0xc5, 0xd5, 0xc5,
    0xf5, 0xc5, 0xd5, 0xc5, 0xd6, 0xcd, 0xf6, 0xc5, 0xf6, 0xc5, 0xd5, 0xc5,
    0xd5, 0xc5, 0xd5, 0xc5, 0xf6, 0xcd, 0xf6, 0xcd, 0xf6, 0xc5, 0xf6, 0xcd,
    0x16, 0xce, 0x17, 0xce, 0xf6, 0xc5, 0xf6, 0xcd, 0x16, 0xce, 0xf6, 0xc5,
    0x16, 0xce, 0xd6, 0xc5, 0x16, 0xce, 0xf6, 0xc5, 0x17, 0xce, 0x17, 0xce,
    0x78, 0xde, 0x33, 0xb5, 0x36, 0xd6, 0x11, 0xb5, 0x10, 0xb5, 0x11, 0xb5,
    0x10, 0xb5, 0x0d, 0x8c, 0x94, 0xbd, 0x94, 0xbd, 0x74, 0xbd, 0x72, 0xbd,
    0x72, 0xbd, 0x72, 0xc5, 0x71, 0xc5, 0x71, 0xc5, 0x51, 0xc5, 0x70, 0xc5,
    0x2f, 0xbd, 0x0e, 0xbd, 0xef, 0xb4, 0xae, 0xac, 0xae, 0xac, 0x8d, 0xac,
    0x8d, 0xac, 0xad, 0xac, 0x8c, 0xac, 0x8c, 0xac, 0x8b, 0xac, 0xac, 0xac,
    0xad, 0xac, 0xce, 0xb4, 0xce, 0xac, 0x0f, 0xb5, 0x0f, 0xb5, 0x71, 0xc5,
    0xcd, 0xb4, 0x8b, 0xb4, 0x09, 0xb4, 0xc8, 0xbb, 0xc2, 0xb1, 0x60, 0xa1,
    0x29, 0xbc, 0x69, 0xbc, 0x69, 0xc4, 0x48, 0xbc, 0x47, 0xc4, 0x68, 0xc4,
    0xeb, 0xd4, 0x6f, 0xdd, 0x2e, 0xd5, 0xec, 0xcc, 0xca, 0xcc, 0xca, 0xcc,
    0xcb, 0xcc, 0xab, 0xcc, 0xcb, 0xc4, 0xec, 0xcc, 0xed, 0xcc, 0xed, 0xcc,
    0xed, 0xcc, 0xcc, 0xc4, 0xac, 0xc4, 0xcc, 0xc4, 0xcc, 0xcc, 0xed, 0xcc,
    0xed, 0xcc, 0xed, 0xcc, 0xcc, 0xcc, 0xed, 0xcc, 0x2e, 0xcd, 0x4f, 0xcd,
    0x71, 0xd5, 0xb2, 0xdd, 0x71, 0xcd, 0xcf, 0xac, 0x6d, 0x9c, 0x2d, 0x94,
    0xab, 0x83, 0xcc, 0x8b, 0x6e, 0xa4, 0xd0, 0xac, 0x11, 0xb5, 0x11, 0xb5,
    0xf1, 0xb4, 0x11, 0xb5, 0x11, 0xbd, 0x52, 0xc5, 0x52, 0xbd, 0x52, 0xbd,
    0x11, 0xb5, 0x11, 0xb5, 0xf0, 0xac, 0x8e, 0xa4, 0x8e, 0xac, 0xae, 0xac,
    0xcf, 0xb4, 0xaf, 0xb4, 0xaf, 0xac, 0xaf, 0xac, 0xd0, 0xac, 0xef, 0xb4,
    0x31, 0xbd, 0x52, 0xbd, 0x72, 0xc5, 0x73, 0xc5, 0x73, 0xc5, 0x52, 0xbd,
    0x73, 0xbd, 0x73, 0xbd, 0x32, 0xb5, 0xf1, 0xac, 0x11, 0xad, 0x32, 0xb5,
    0xd1, 0xac, 0x90, 0xa4, 0x4f, 0x9c, 0x0e, 0x94, 0xcd, 0x8b, 0xed, 0x8b,
    0x2f, 0x94, 0x0e, 0x94, 0x2b, 0x73, 0x2f, 0x94, 0x2a, 0x73, 0x06, 0x4a,
    0x27, 0x52, 0x26, 0x52, 0xe6, 0x49, 0x68, 0x5a, 0xea, 0x6a, 0xea, 0x6a,
    0x88, 0x5a, 0x27, 0x52, 0xac, 0x7b, 0xa8, 0x62, 0x27, 0x52, 0x72, 0xbd,
    0x15, 0xce, 0xac, 0x83, 0x2a, 0x73, 0xea, 0x6a, 0x89, 0x5a, 0x0a, 0x6b,
    0x0a, 0x73, 0x48, 0x7b, 0xac, 0xb4, 0x8b, 0xb4, 0xe9, 0xa3, 0xc9, 0x9b,
    0x88, 0x9b, 0x48, 0x93, 0x28, 0x93, 0xa9, 0x9b, 0x07, 0x83, 0xa7, 0x7a,
    0x67, 0x62, 0x07, 0x4a, 0xe6, 0x41, 0x91, 0x9c, 0xf3, 0xa4, 0xae, 0x7b,
    0xae, 0x7b, 0x79, 0xd6, 0x79, 0xce, 0x92, 0xc4, 0x38, 0xc6, 0x59, 0xce,
    0x79, 0xce, 0x38, 0xc6, 0x38, 0xce, 0x79, 0xce, 0x59, 0xce, 0x59, 0xce,
    0x79, 0xce, 0x79, 0xce, 0x79, 0xce, 0x38, 0xce, 0x38, 0xc6, 0x38, 0xce,
    0x58, 0xce, 0x17, 0xc6, 0x58, 0xce, 0x17, 0xc6, 0x17, 0xc6, 0x17, 0xc6,
    0x18, 0xc6, 0x17, 0xbe, 0x17, 0xc6, 0x17, 0xc6, 0x17, 0xbe, 0x18, 0xc6,
    0x17, 0xc6, 0x18, 0xc6, 0x17, 0xc6, 0x18, 0xc6, 0xf7, 0xc5, 0xf7, 0xc5,
    0x18, 0xc6, 0xf7, 0xc5, 0x18, 0xc6, 0x17, 0xc6, 0xf7, 0xc5, 0x17, 0xc6,
    0xf7, 0xbd, 0xf7, 0xc5, 0xf7, 0xc5, 0x17, 0xc6, 0xf6, 0xbd, 0xd6, 0xbd,
    0xf6, 0xc5, 0xf6, 0xc5, 0xf7, 0xc5, 0xf6, 0xbd, 0xf7, 0xbd, 0xd6, 0xbd,
    0xd6, 0xbd, 0xf7, 0xc5, 0xf7, 0xc5, 0xf7, 0xbd, 0xf7, 0xc5, 0xf7, 0xc5,
    0xf7, 0xbd, 0xf6, 0xbd, 0x58, 0xce, 0x55, 0xad, 0x0c, 0x6b, 0x99, 0xd6,
    0x78, 0xce, 0xb0, 0xa4, 0xcc, 0x93, 0xcb, 0x93, 0xca, 0x93, 0x89, 0x93,
    0x88, 0x93, 0x88, 0x93, 0x88, 0x9b, 0x88, 0x9b, 0x67, 0x93, 0x47, 0x93,
    0x88, 0x93, 0x88, 0x9b, 0xea, 0x9b, 0x2f, 0x7c, 0x2e, 0x74, 0xeb, 0x93,
    0x88, 0x83, 0x6c, 0xac, 0x4b, 0xac, 0x4b, 0xa4, 0x4b, 0xac, 0x4b, 0xac,
    0x2b, 0xa4, 0x2b, 0xa4, 0xad, 0xb4, 0xce, 0xbc, 0xce, 0xbc, 0xee, 0xbc,
    0xce, 0xbc, 0x0f, 0xbd, 0xee, 0xb4, 0xce, 0xb4, 0x4c, 0xac, 0x06, 0x83,
    0x29, 0xb4, 0x48, 0xac, 0x2a, 0xac, 0x4a, 0xac, 0x4a, 0xac, 0xad, 0xb4,
    0x11, 0xb5, 0x72, 0xbd, 0x32, 0xb5, 0x52, 0xbd, 0x51, 0xbd, 0xee, 0xb4,
    0x4f, 0xc5, 0x4e, 0xbd, 0x4f, 0xc5, 0x70, 0xc5, 0x70, 0xc5, 0x6f, 0xc5,
    0x70, 0xc5, 0x6f, 0xc5, 0x6f, 0xc5, 0x6f, 0xc5, 0x70, 0xc5, 0x53, 0xbd,
    0xd5, 0xc5, 0x94, 0xbd, 0x94, 0xbd, 0xd5, 0xc5, 0x50, 0xbd, 0x70, 0xbd,
    0xd6, 0xc5, 0xd5, 0xc5, 0xf6, 0xc5, 0xd5, 0xc5, 0xd5, 0xc5, 0xd5, 0xc5,
    0xf6, 0xcd, 0xf6, 0xcd, 0xd6, 0xc5, 0xd6, 0xc5, 0xf6, 0xcd, 0x16, 0xce,
    0xf6, 0xcd, 0x17, 0xce, 0x16, 0xce, 0xf6, 0xc5, 0x16, 0xce, 0x16, 0xce,
    0xf6, 0xcd, 0x16, 0xce, 0xf6, 0xcd, 0x16, 0xce, 0x16, 0xce, 0x37, 0xd6,
    0xd6, 0xc5, 0xfa, 0xee, 0x94, 0xbd, 0xb5, 0xc5, 0x52, 0xb5, 0x10, 0xb5,
    0x11, 0xb5, 0x11, 0xb5, 0x51, 0xbd, 0xac, 0x7b, 0xb4, 0xbd, 0x94, 0xbd,
    0x74, 0xbd, 0x72, 0xbd, 0x72, 0xbd, 0x72, 0xc5, 0x72, 0xc5, 0x71, 0xc5,
    0x71, 0xc5, 0x71, 0xc5, 0x70, 0xc5, 0x50, 0xc5, 0x6d, 0xac, 0xad, 0xac,
    0x8d, 0xac, 0x8d, 0xac, 0xad, 0xac, 0x8d, 0xa4, 0xad, 0xac, 0xac, 0xa4,
    0xcd, 0xac, 0xcd, 0xac, 0xce, 0xb4, 0xce, 0xb4, 0xef, 0xb4, 0xef, 0xb4,
    0xef, 0xb4, 0x4f, 0xbd, 0x50, 0xc5, 0x8c, 0xb4, 0x6b, 0xb4, 0xa8, 0xb3,
    0xe5, 0xb2, 0x63, 0xb2, 0x08, 0xbc, 0x69, 0xbc, 0x69, 0xc4, 0x48, 0xc4,
    0x25, 0xbc, 0x65, 0xcc, 0x46, 0xc4, 0x88, 0xcc, 0x4f, 0xd5, 0x0d, 0xcd,
    0x0c, 0xd5, 0x0c, 0xd5, 0x0c, 0xcd, 0xec, 0xcc, 0xcc, 0xc4, 0xcc, 0xc4,
    0xcd, 0xc4, 0xcd, 0xc4, 0xee, 0xcc, 0x0e, 0xd5, 0x2e, 0xd5, 0x2e, 0xd5,
    0x2d, 0xd5, 0x0d, 0xcd, 0x0e, 0xd5, 0x6f, 0xd5, 0x70, 0xd5, 0xae, 0xbc,
    0xec, 0xa3, 0x4a, 0x8b, 0xa8, 0x72, 0x46, 0x62, 0x25, 0x6a, 0x86, 0x72,
    0xa6, 0x7a, 0x29, 0x8b, 0x2c, 0xa4, 0xcf, 0xb4, 0x8f, 0xac, 0x8e, 0xac,
    0xaf, 0xac, 0xaf, 0xb4, 0xd0, 0xb4, 0xaf, 0xac, 0xf0, 0xb4, 0x31, 0xbd,
    0x31, 0xb5, 0xf1, 0xb4, 0xd0, 0xb4, 0xd0, 0xb4, 0xf0, 0xb4, 0xcf, 0xb4,
    0xce, 0xb4, 0xef, 0xbc, 0x10, 0xbd, 0x31, 0xc5, 0x52, 0xc5, 0x72, 0xc5,
    0x51, 0xbd, 0x31, 0xbd, 0x31, 0xb5, 0x72, 0xbd, 0x93, 0xc5, 0xb4, 0xc5,
    0xd5, 0xc5, 0x16, 0xd6, 0x37, 0xd6, 0x37, 0xd6, 0x97, 0xde, 0x77, 0xd6,
    0x77, 0xd6, 0x77, 0xde, 0xcd, 0x83, 0xac, 0x7b, 0x8c, 0x83, 0x8c, 0x83,
    0x6b, 0x7b, 0xca, 0x6a, 0x48, 0x5a, 0xc6, 0x49, 0xa6, 0x49, 0x85, 0x41,
    0x07, 0x52, 0x85, 0x41, 0x85, 0x41, 0x85, 0x41, 0x85, 0x41, 0x85, 0x41,
    0x64, 0x39, 0x64, 0x39, 0x64, 0x39, 0x84, 0x39, 0x65, 0x39, 0xa6, 0x41,
    0xa6, 0x41, 0x09, 0x6b, 0xd0, 0xa4, 0x2e, 0x9c, 0xc9, 0x62, 0x89, 0x5a,
    0x48, 0x5a, 0x68, 0x5a, 0x48, 0x62, 0x88, 0x62, 0x87, 0x62, 0xa6, 0x72,
    0xa9, 0x9b, 0xac, 0xbc, 0x8b, 0xb4, 0x4a, 0xac, 0xea, 0xab, 0xa9, 0xa3,
    0x48, 0x8b, 0x28, 0x8b, 0xc8, 0x72, 0x47, 0x5a, 0xa5, 0x39, 0x24, 0x29,
    0xc6, 0x41, 0xef, 0x83, 0x1b, 0xef, 0x38, 0xce, 0x58, 0xce, 0x51, 0xc4,
    0x38, 0xc6, 0x39, 0xce, 0x9a, 0xd6, 0x38, 0xc6, 0x59, 0xce, 0x59, 0xce,
    0x58, 0xce, 0x58, 0xce, 0x79, 0xce, 0x58, 0xce, 0x58, 0xce, 0x58, 0xce,
    0x58, 0xce, 0x38, 0xc6, 0x38, 0xc6, 0x38, 0xc6, 0x38, 0xc6, 0x17, 0xc6,
    0x18, 0xc6, 0xf7, 0xbd, 0x18, 0xc6, 0x38, 0xc6, 0x18, 0xc6, 0xf7, 0xbd,
    0x17, 0xc6, 0x38, 0xc6, 0x17, 0xc6, 0x17, 0xc6, 0x18, 0xc6, 0x17, 0xc6,
    0xf7, 0xbd, 0x17, 0xc6, 0xf7, 0xc5, 0x17, 0xc6, 0x18, 0xc6, 0xf7, 0xbd,
    0xf7, 0xc5, 0x17, 0xc6, 0xf7, 0xc5, 0x18, 0xc6, 0xf7, 0xbd, 0xf7, 0xbd,
    0xf7, 0xc5, 0xf7, 0xbd, 0xd6, 0xbd, 0x17, 0xc6, 0xd6, 0xbd, 0xd6, 0xbd,
    0xd6, 0xbd, 0xf7, 0xc5, 0xd7, 0xbd, 0xf7, 0xc5, 0xf7, 0xc5, 0xf7, 0xbd,
    0xf7, 0xc5, 0xd6, 0xbd, 0xf7, 0xbd, 0x37, 0xc6, 0xb6, 0xbd, 0xaa, 0x5a,
    0x78, 0xd6, 0x57, 0xce, 0x4f, 0x94, 0xac, 0x8b, 0xcb, 0x9b, 0xca, 0x9b,
    0x8a, 0x93, 0x68, 0x93, 0xa8, 0x9b, 0x88, 0x9b, 0x68, 0x93, 0x67, 0x93,
    0x87, 0x93, 0x88, 0x9b, 0x88, 0x9b, 0xaa, 0x9b, 0x2f, 0x84, 0x0e, 0x74,
    0x0c, 0x84, 0x69, 0x8b, 0x2b, 0xa4, 0x6b, 0xac, 0x4b, 0xac, 0x4b, 0xac,
    0x4a, 0xac, 0x4a, 0xac, 0x2a, 0xac, 0x4b, 0xac, 0x4b, 0xac, 0x4b, 0xac,
    0x6b, 0xac, 0x6b, 0xac, 0x8c, 0xb4, 0xee, 0xbc, 0xee, 0xbc, 0x0f, 0xbd,
    0xe6, 0x7a, 0x49, 0xac, 0x2a, 0xb4, 0x49, 0xac, 0x2a, 0xac, 0x4a, 0xac,
    0x6b, 0xb4, 0xad, 0xac, 0xcf, 0xac, 0x0f, 0xb5, 0x10, 0xb5, 0x30, 0xbd,
    0x2f, 0xb5, 0x0e, 0xb5, 0x4f, 0xbd, 0x4f, 0xc5, 0x70, 0xc5, 0x70, 0xc5,
    0x90, 0xc5, 0x6f, 0xc5, 0x6f, 0xc5, 0x90, 0xc5, 0x6f, 0xcd, 0x4e, 0xc5,
    0xee, 0xb4, 0xd5, 0xc5, 0xb5, 0xbd, 0x95, 0xbd, 0x95, 0xbd, 0x93, 0xc5,
    0x4f, 0xbd, 0x92, 0xc5, 0xd6, 0xc5, 0xf5, 0xc5, 0xf5, 0xc5, 0xf5, 0xc5,
    0xf6, 0xc5, 0xd5, 0xc5, 0xb5, 0xc5, 0xd6, 0xc5, 0xf6, 0xcd, 0xf6, 0xcd,
    0xd5, 0xc5, 0xf6, 0xc5, 0xf6, 0xc5, 0xf6, 0xcd, 0x16, 0xce, 0x16, 0xce,
    0xf6, 0xcd, 0xf6, 0xc5, 0x16, 0xce, 0xf6, 0xcd, 0x16, 0xce, 0xf6, 0xc5,
    0x57, 0xd6, 0xd5, 0xc5, 0xb9, 0xe6, 0x57, 0xd6, 0x32, 0xb5, 0x94, 0xc5,
    0xf0, 0xb4, 0x11, 0xb5, 0x31, 0xb5, 0x31, 0xb5, 0x31, 0xbd, 0xad, 0x83,
    0xd5, 0xc5, 0x73, 0xbd, 0x94, 0xbd, 0x73, 0xbd, 0x73, 0xbd, 0x52, 0xbd,
    0x92, 0xc5, 0x72, 0xc5, 0x92, 0xc5, 0x71, 0xc5, 0x71, 0xc5, 0xb1, 0xcd,
    0x0b, 0xa4, 0x84, 0x6a, 0xae, 0xb4, 0x8e, 0xac, 0xae, 0xac, 0xee, 0xac,
    0x30, 0xbd, 0x30, 0xbd, 0x0f, 0xb5, 0x0f, 0xb5, 0xef, 0xb4, 0xef, 0xb4,
    0xef, 0xac, 0xee, 0xac, 0xef, 0xb4, 0xee, 0xb4, 0xd2, 0xd5, 0xce, 0xb4,
    0x6b, 0xb4, 0x4a, 0xac, 0x09, 0xb4, 0x2a, 0xbc, 0x6a, 0xbc, 0x4a, 0xb4,
    0x48, 0xbc, 0x67, 0xc4, 0x25, 0xbc, 0x24, 0xbc, 0xa8, 0xcc, 0x88, 0xc4,
    0xec, 0xcc, 0x0d, 0xcd, 0xcd, 0xc4, 0xec, 0xc4, 0xcc, 0xc4, 0xcc, 0xc4,
    0x0d, 0xc5, 0x0d, 0xcd, 0x0d, 0xcd, 0x2e, 0xcd, 0x4e, 0xd5, 0x8f, 0xdd,
    0x6f, 0xd5, 0xcd, 0xbc, 0x0b, 0xa4, 0xca, 0x9b, 0x48, 0x8b, 0xe6, 0x7a,
    0x85, 0x72, 0xc6, 0x82, 0x27, 0x8b, 0x68, 0x93, 0xa8, 0x9b, 0xe9, 0xa3,
    0x0a, 0xac, 0x0a, 0xac, 0x2b, 0xac, 0x4b, 0xac, 0x4c, 0xac, 0x8d, 0xac,
    0xef, 0xb4, 0x2f, 0xbd, 0xce, 0xb4, 0x8d, 0xac, 0x4b, 0xa4, 0x2b, 0xa4,
    0x0a, 0xa4, 0x2b, 0xa4, 0x8d, 0xac, 0xcf, 0xb4, 0x10, 0xbd, 0xaf, 0xac,
    0x4d, 0xa4, 0x0d, 0x9c, 0xcc, 0x93, 0x6a, 0x83, 0x29, 0x7b, 0x6b, 0x83,
    0x29, 0x7b, 0x0d, 0x94, 0x31, 0xb5, 0xb9, 0xe6, 0x3b, 0xf7, 0x5b, 0xf7,
    0x5b, 0xff, 0x3b, 0xf7, 0xd9, 0xe6, 0x57, 0xd6, 0xd5, 0xcd, 0x94, 0xc5,
    0x33, 0xb5, 0xf2, 0xac, 0xb0, 0xa4, 0x91, 0xa4, 0x0e, 0x8c, 0xa5, 0x41,
    0xa5, 0x41, 0x84, 0x39, 0x65, 0x39, 0x64, 0x39, 0x64, 0x39, 0x85, 0x39,
    0x65, 0x39, 0x64, 0x39, 0x65, 0x39, 0x65, 0x39, 0x65, 0x39, 0x85, 0x39,
    0x65, 0x39, 0x65, 0x39, 0x85, 0x41, 0x85, 0x39, 0x85, 0x39, 0x85, 0x39,
    0x86, 0x39, 0x86, 0x39, 0x86, 0x39, 0x64, 0x39, 0x4c, 0x7b, 0x88, 0x62,
    0x65, 0x39, 0x85, 0x39, 0xa5, 0x39, 0x85, 0x41, 0xe6, 0x51, 0xe6, 0x49,
    0x27, 0x52, 0x05, 0x5a, 0x66, 0x6a, 0x44, 0x6a, 0x47, 0x8b, 0x09, 0xac,
    0xa9, 0xa3, 0x4b, 0xb4, 0x0a, 0xac, 0x68, 0x93, 0x28, 0x83, 0x2a, 0x7b,
    0xad, 0x83, 0x47, 0x52, 0x64, 0x39, 0x24, 0x29, 0xa6, 0x39, 0x99, 0xce,
    0x79, 0xd6, 0x2d, 0xab, 0x59, 0xce, 0x59, 0xce, 0x59, 0xce, 0x59, 0xce,
    0x9a, 0xd6, 0x38, 0xc6, 0x58, 0xce, 0x79, 0xce, 0x79, 0xce, 0x58, 0xce,
    0x58, 0xce, 0x38, 0xc6, 0x38, 0xce, 0x38, 0xc6, 0x38, 0xce, 0x58, 0xce,
    0x18, 0xc6, 0x17, 0xc6, 0x17, 0xc6, 0x17, 0xc6, 0x17, 0xc6, 0x18, 0xc6,
    0x17, 0xbe, 0xf7, 0xc5, 0x17, 0xc6, 0x17, 0xc6, 0x17, 0xc6, 0x17, 0xbe,
    0x17, 0xc6, 0x17, 0xbe, 0x17, 0xc6, 0x17, 0xc6, 0xf7, 0xbd, 0x17, 0xc6,
    0x17, 0xc6, 0xf7, 0xc5, 0x17, 0xc6, 0xf7, 0xbd, 0xf7, 0xc5, 0x38, 0xce,
    0xf7, 0xc5, 0xf7, 0xc5, 0xf6, 0xbd, 0xf6, 0xbd, 0x17, 0xc6, 0xd6, 0xbd,
    0xd6, 0xbd, 0xf6, 0xc5, 0xf7, 0xc5, 0xd6, 0xbd, 0xf7, 0xc5, 0xf7, 0xbd,
    0xf7, 0xc5, 0xf6, 0xbd, 0xf7, 0xbd, 0x17, 0xc6, 0xf7, 0xc5, 0xf7, 0xc5,
    0xca, 0x5a, 0x98, 0xd6, 0xf6, 0xbd, 0x6f, 0x9c, 0xab, 0x8b, 0xeb, 0x93,
    0xaa, 0x93, 0xa9, 0x93, 0x88, 0x93, 0x88, 0x93, 0x88, 0x9b, 0x67, 0x93,
    0x67, 0x93, 0x67, 0x9b, 0xa8, 0x93, 0xa8, 0x9b, 0xaa, 0x9b, 0xed, 0x83,
    0x0f, 0x74, 0xec, 0x8b, 0x89, 0x93, 0x0a, 0xa4, 0x4b, 0xac, 0x2a, 0xa4,
    0x2a, 0xa4, 0x2a, 0xa4, 0x2b, 0xac, 0x4b, 0xac, 0x4b, 0xac, 0x6b, 0xac,
    0x6b, 0xac, 0x6b, 0xac, 0x8b, 0xac, 0x6b, 0xac, 0x8b, 0xb4, 0xcd, 0xb4,
    0x6c, 0xb4, 0x68, 0x8b, 0x09, 0xa4, 0x09, 0xac, 0x29, 0xac, 0x2a, 0xac,
    0x2a, 0xac, 0x4b, 0xac, 0x8d, 0xb4, 0xae, 0xb4, 0x0f, 0xb5, 0x0f, 0xb5,
    0x30, 0xbd, 0x0f, 0xb5, 0x2e, 0xb5, 0x4f, 0xbd, 0x4f, 0xc5, 0x70, 0xc5,
    0x70, 0xc5, 0x70, 0xc5, 0x6f, 0xc5, 0x6f, 0xc5, 0x70, 0xc5, 0x70, 0xbd,
    0x4f, 0xc5, 0x70, 0xcd, 0x52, 0xb5, 0x95, 0xbd, 0xb5, 0xbd, 0x94, 0xbd,
    0xb5, 0xc5, 0xb3, 0xc5, 0x50, 0xbd, 0x93, 0xc5, 0xb5, 0xc5, 0xf5, 0xc5,
    0xd5, 0xc5, 0xf5, 0xc5, 0xd5, 0xc5, 0xd5, 0xc5, 0xf6, 0xc5, 0xf6, 0xc5,
    0xf6, 0xc5, 0x16, 0xce, 0xf6, 0xc5, 0xd5, 0xc5, 0xf6, 0xc5, 0xf6, 0xc5,
    0xf6, 0xcd, 0xf6, 0xcd, 0x16, 0xce, 0x17, 0xce, 0x37, 0xce, 0xf6, 0xcd,
    0xf6, 0xc5, 0x37, 0xce, 0xf6, 0xcd, 0x78, 0xd6, 0xd9, 0xe6, 0x11, 0xad,
    0xd4, 0xc5, 0xaf, 0xac, 0x52, 0xbd, 0x11, 0xb5, 0x11, 0xb5, 0x11, 0xb5,
    0x31, 0xbd, 0x6b, 0x7b, 0xf5, 0xc5, 0x73, 0xb5, 0x94, 0xbd, 0x73, 0xbd,
    0x93, 0xbd, 0x72, 0xc5, 0x92, 0xc5, 0x93, 0xc5, 0x92, 0xc5, 0x92, 0xc5,
    0x71, 0xc5, 0xb2, 0xcd, 0xcf, 0xb4, 0xe3, 0x51, 0x50, 0xc5, 0x30, 0xbd,
    0x10, 0xb5, 0x0f, 0xb5, 0x10, 0xb5, 0x30, 0xbd, 0x30, 0xb5, 0xef, 0xb4,
    0xef, 0xac, 0xef, 0xac, 0xef, 0xac, 0xef, 0xac, 0xcf, 0xac, 0xce, 0xac,
    0x50, 0xbd, 0xf2, 0xd5, 0x4b, 0xac, 0x4a, 0xac, 0x4a, 0xac, 0x6a, 0xac,
    0x8b, 0xb4, 0x6a, 0xbc, 0x29, 0xbc, 0x48, 0xbc, 0x67, 0xc4, 0x26, 0xc4,
    0x87, 0xc4, 0xcc, 0xd4, 0xed, 0xcc, 0x2e, 0xcd, 0xee, 0xc4, 0x2f, 0xc5,
    0xad, 0xb4, 0xee, 0xbc, 0xef, 0xbc, 0x0f, 0xc5, 0x8c, 0xb4, 0x0b, 0xa4,
    0xeb, 0x9b, 0x49, 0x83, 0x08, 0x8b, 0x88, 0x93, 0x09, 0xac, 0x6b, 0xbc,
    0x8c, 0xbc, 0x6b, 0xb4, 0x4b, 0xb4, 0xe9, 0xa3, 0x4b, 0xb4, 0x4b, 0xac,
    0xca, 0x9b, 0x89, 0x93, 0x69, 0x93, 0x48, 0x8b, 0x69, 0x93, 0x48, 0x8b,
    0x68, 0x8b, 0x2b, 0xa4, 0xad, 0xb4, 0x4c, 0xac, 0x09, 0x9c, 0x8a, 0xa4,
    0x4a, 0xac, 0x4a, 0xac, 0x4b, 0xac, 0xca, 0x9b, 0xa5, 0x6a, 0x66, 0x62,
    0x87, 0x62, 0xc9, 0x6a, 0x46, 0x5a, 0xc5, 0x49, 0xa4, 0x49, 0x84, 0x41,
    0x84, 0x41, 0x84, 0x41, 0x84, 0x41, 0xc5, 0x49, 0xa5, 0x49, 0xa9, 0x62,
    0xca, 0x62, 0xe6, 0x49, 0x85, 0x41, 0x64, 0x39, 0x64, 0x39, 0xa4, 0x39,
    0xa5, 0x41, 0xa5, 0x49, 0xa5, 0x49, 0xa6, 0x49, 0xa6, 0x49, 0xc6, 0x51,
    0xe7, 0x51, 0xe7, 0x51, 0xa5, 0x41, 0x84, 0x39, 0x85, 0x39, 0x85, 0x39,
    0x85, 0x39, 0x85, 0x39, 0x85, 0x39, 0x85, 0x39, 0x85, 0x39, 0x85, 0x39,
    0x84, 0x39, 0x85, 0x39, 0x84, 0x39, 0x85, 0x39, 0x85, 0x39, 0x85, 0x39,
    0x85, 0x39, 0x85, 0x39, 0x86, 0x39, 0x85, 0x39, 0x86, 0x39, 0x86, 0x41,
    0x85, 0x39, 0x86, 0x41, 0xc6, 0x41, 0xa6, 0x41, 0xc6, 0x41, 0xc6, 0x41,
    0xa6, 0x41, 0xa5, 0x41, 0xc6, 0x41, 0x47, 0x5a, 0x26, 0x5a, 0x46, 0x62,
    0x65, 0x6a, 0x64, 0x6a, 0xa5, 0x7a, 0x28, 0x8b, 0x4b, 0xb4, 0x4c, 0xac,
    0x08, 0x83, 0xa7, 0x72, 0x6a, 0x83, 0x11, 0xb5, 0x91, 0xa4, 0xad, 0x83,
    0xc9, 0x5a, 0xc6, 0x41, 0xf7, 0xbd, 0xb2, 0xcc, 0x59, 0xce, 0x79, 0xd6,
    0x79, 0xce, 0x59, 0xce, 0x59, 0xce, 0x59, 0xce, 0x58, 0xce, 0x58, 0xce,
    0x79, 0xce, 0x38, 0xc6, 0x38, 0xce, 0x38, 0xce, 0x58, 0xc6, 0x38, 0xc6,
    0x58, 0xce, 0x58, 0xce, 0x18, 0xc6, 0x17, 0xc6, 0x17, 0xc6, 0x17, 0xc6,
    0xf7, 0xbd, 0x17, 0xc6, 0xf7, 0xc5, 0xf7, 0xbd, 0x17, 0xc6, 0x17, 0xc6,
    0x17, 0xc6, 0x17, 0xc6, 0x17, 0xc6, 0x17, 0xc6, 0xf7, 0xc5, 0x17, 0xc6,
    0xf7, 0xbd, 0x18, 0xc6, 0x17, 0xc6, 0xf7, 0xbd, 0xf7, 0xc5, 0x17, 0xc6,
    0x17, 0xc6, 0x17, 0xc6, 0xd6, 0xbd, 0xf7, 0xc5, 0xf6, 0xbd, 0xf7, 0xc5,
    0xd6, 0xbd, 0xd6, 0xbd, 0xf6, 0xbd, 0xf6, 0xc5, 0xf7, 0xc5, 0xf7, 0xbd,
    0xd6, 0xbd, 0xf7, 0xc5, 0xf7, 0xbd, 0xf7, 0xc5, 0xf7, 0xc5, 0x17, 0xc6,
    0xf7, 0xbd, 0xeb, 0x62, 0xfa, 0xe6, 0xd1, 0x9c, 0x90, 0x9c, 0xcc, 0x8b,
    0xeb, 0x93, 0xca, 0x93, 0xaa, 0x93, 0x89, 0x93, 0x88, 0x93, 0x88, 0x9b,
    0x87, 0x93, 0x47, 0x93, 0x88, 0x9b, 0xa9, 0x9b, 0xa9, 0x93, 0xc9, 0x8b,
    0xec, 0x83, 0xcd, 0x7b, 0xca, 0x8b, 0x8a, 0x93, 0x0a, 0x9c, 0x4b, 0xac,
    0x2a, 0xac, 0x2b, 0xac, 0x2a, 0xa4, 0x4b, 0xac, 0x4b, 0xac, 0x4a, 0xa4,
    0x4a, 0xac, 0x6b, 0xac, 0x6b, 0xac, 0x6b, 0xac, 0x6b, 0xac, 0x6b, 0xb4,
    0xcc, 0xbc, 0xab, 0xb4, 0x4b, 0xac, 0x67, 0x93, 0x28, 0xac, 0x2a, 0xb4,
    0x29, 0xac, 0x4a, 0xb4, 0x4b, 0xac, 0x4b, 0xac, 0x8d, 0xb4, 0xee, 0xb4,
    0x0f, 0xb5, 0x2f, 0xb5, 0x10, 0xb5, 0x50, 0xbd, 0x6f, 0xbd, 0x6f, 0xbd,
    0x70, 0xc5, 0x50, 0xc5, 0x70, 0xc5, 0x70, 0xc5, 0x70, 0xc5, 0x4f, 0xbd,
    0x70, 0xc5, 0x90, 0xc5, 0x2e, 0xc5, 0x30, 0xbd, 0xd5, 0xc5, 0xb4, 0xbd,
    0x94, 0xbd, 0x94, 0xbd, 0xb4, 0xc5, 0x92, 0xbd, 0x71, 0xbd, 0x93, 0xc5,
    0xb5, 0xc5, 0xf5, 0xc5, 0xd5, 0xc5, 0xb4, 0xbd, 0xd5, 0xc5, 0xf6, 0xcd,
    0xd6, 0xc5, 0x16, 0xce, 0xd5, 0xc5, 0xd5, 0xc5, 0xf6, 0xcd, 0x16, 0xce,
    0xf6, 0xcd, 0x17, 0xce, 0x37, 0xce, 0x37, 0xce, 0x37, 0xce, 0x37, 0xce,
    0xf6, 0xc5, 0xf6, 0xcd, 0x37, 0xce, 0x17, 0xce, 0x37, 0xd6, 0xfa, 0xee,
    0x12, 0xad, 0x52, 0xb5, 0x72, 0xbd, 0xcf, 0xac, 0x10, 0xad, 0x31, 0xb5,
    0x31, 0xb5, 0x11, 0xb5, 0x31, 0xb5, 0xad, 0x83, 0x53, 0xb5, 0x94, 0xbd,
    0x94, 0xbd, 0x73, 0xbd, 0x93, 0xbd, 0x72, 0xc5, 0x92, 0xc5, 0x92, 0xc5,
    0x72, 0xc5, 0xb3, 0xc5, 0xf4, 0xcd, 0xb2, 0xcd, 0x92, 0xc5, 0x8e, 0xa4,
    0x2b, 0xa4, 0x30, 0xb5, 0x71, 0xbd, 0x71, 0xbd, 0x51, 0xbd, 0x30, 0xb5,
    0x30, 0xb5, 0xf0, 0xb4, 0x0f, 0xb5, 0xef, 0xac, 0xcf, 0xac, 0xcf, 0xac,
    0xef, 0xac, 0xae, 0xac, 0xcd, 0xac, 0x71, 0xc5, 0x70, 0xc5, 0x4b, 0xb4,
    0x4a, 0xb4, 0x4b, 0xac, 0x8b, 0xb4, 0x8b, 0xbc, 0x6a, 0xbc, 0x48, 0xbc,
    0x68, 0xc4, 0x68, 0xc4, 0x27, 0xbc, 0xcc, 0xcc, 0x2f, 0xd5, 0x70, 0xd5,
    0x30, 0xc5, 0x8b, 0x93, 0x47, 0x6a, 0xe5, 0x59, 0xe5, 0x59, 0x04, 0x62,
    0x2b, 0xa4, 0xcc, 0xbc, 0xec, 0xc4, 0xab, 0xc4, 0x8a, 0xbc, 0x29, 0xb4,
    0xe9, 0xab, 0xa9, 0x9b, 0xa6, 0x7a, 0xa7, 0x7a, 0xa6, 0x7a, 0xe7, 0x7a,
    0xe8, 0x82, 0xe7, 0x82, 0x07, 0x83, 0x07, 0x83, 0x07, 0x83, 0x48, 0x8b,
    0x49, 0x8b, 0xeb, 0x9b, 0x68, 0x8b, 0xc6, 0x72, 0xc7, 0x72, 0x86, 0x6a,
    0xc5, 0x72, 0x0b, 0xa4, 0x69, 0x83, 0x05, 0x5a, 0x83, 0x49, 0x84, 0x41,
    0xa4, 0x49, 0xa4, 0x41, 0xe6, 0x49, 0xc6, 0x49, 0xe7, 0x51, 0xe6, 0x49,
    0xc4, 0x49, 0xc5, 0x49, 0xc5, 0x49, 0xc5, 0x51, 0xe6, 0x49, 0xe6, 0x49,
    0xe6, 0x49, 0xc6, 0x49, 0xc6, 0x49, 0xe6, 0x49, 0xe6, 0x49, 0x07, 0x52,
    0x27, 0x52, 0x06, 0x52, 0x06, 0x52, 0x06, 0x52, 0x06, 0x52, 0x06, 0x52,
    0xe6, 0x51, 0x06, 0x52, 0x06, 0x52, 0xe5, 0x51, 0xa5, 0x49, 0x64, 0x39,
    0x85, 0x39, 0x85, 0x39, 0x85, 0x31, 0x85, 0x31, 0x84, 0x39, 0x84, 0x39,
    0x84, 0x39, 0x85, 0x39, 0x85, 0x39, 0x85, 0x39, 0xa5, 0x39, 0x85, 0x39,
    0x85, 0x31, 0x85, 0x39, 0x85, 0x39, 0x85, 0x39, 0x86, 0x39, 0x86, 0x39,
    0xa6, 0x41, 0xa6, 0x41, 0xa6, 0x41, 0x86, 0x41, 0xa6, 0x39, 0xa6, 0x39,
    0xa6, 0x39, 0xc7, 0x41, 0xc6, 0x39, 0xa6, 0x41, 0xe7, 0x41, 0xc6, 0x49,
    0x27, 0x5a, 0x26, 0x52, 0x25, 0x5a, 0x07, 0x7b, 0x49, 0x8b, 0xaa, 0x9b,
    0xea, 0xa3, 0x0b, 0xa4, 0xc7, 0x7a, 0x45, 0x6a, 0xe5, 0x51, 0x06, 0x52,
    0x50, 0x94, 0x53, 0xb5, 0x99, 0xde, 0x78, 0xde, 0x78, 0xce, 0x92, 0xc4,
    0x59, 0xce, 0x59, 0xce, 0x59, 0xce, 0x79, 0xd6, 0x59, 0xce, 0x38, 0xce,
    0x79, 0xce, 0x58, 0xce, 0x58, 0xce, 0x38, 0xce, 0x18, 0xc6, 0x17, 0xc6,
    0x18, 0xc6, 0x17, 0xc6, 0x17, 0xc6, 0x17, 0xc6, 0xd7, 0xbd, 0x18, 0xc6,
    0xf7, 0xc5, 0xd7, 0xbd, 0xf7, 0xbd, 0x17, 0xc6, 0xf7, 0xc5, 0xf7, 0xc5,
    0xf7, 0xc5, 0xf7, 0xbd, 0x18, 0xc6, 0x17, 0xc6, 0x18, 0xc6, 0xf7, 0xbd,
    0xf7, 0xc5, 0xf7, 0xc5, 0x17, 0xc6, 0x37, 0xc6, 0x17, 0xc6, 0xd6, 0xbd,
    0xf7, 0xc5, 0x17, 0xc6, 0xf7, 0xc5, 0x17, 0xc6, 0xf7, 0xbd, 0xf7, 0xc5,
    0xf7, 0xc5, 0xb6, 0xbd, 0xd6, 0xbd, 0xf7, 0xc5, 0xf7, 0xbd, 0xf7, 0xbd,
    0xd7, 0xbd, 0xf7, 0xc5, 0xf7, 0xc5, 0xf7, 0xbd, 0xf7, 0xc5, 0xf7, 0xc5,
    0x17, 0xc6, 0xf7, 0xc5, 0xca, 0x5a, 0xba, 0xde, 0x4b, 0x73, 0x6c, 0x7b,
    0x0d, 0x94, 0xab, 0x8b, 0xcb, 0x93, 0xaa, 0x8b, 0x89, 0x93, 0x87, 0x93,
    0x67, 0x93, 0x87, 0x9b, 0x87, 0x9b, 0xa8, 0x9b, 0xea, 0x9b, 0xca, 0x9b,
    0x8a, 0x8b, 0xcb, 0x8b, 0xcb, 0x8b, 0xea, 0x93, 0xc9, 0x9b, 0xea, 0x9b,
    0x2a, 0xa4, 0x4b, 0xac, 0x2a, 0xac, 0x2a, 0xa4, 0x2a, 0xa4, 0x4b, 0xac,
    0x6a, 0xac, 0x4b, 0xa4, 0x4b, 0xac, 0x6b, 0xac, 0x6b, 0xac, 0x6b, 0xac,
    0x6b, 0xb4, 0x6b, 0xac, 0xcc, 0xbc, 0xec, 0xbc, 0x06, 0x83, 0x4a, 0xb4,
    0x2a, 0xac, 0x4a, 0xac, 0x4a, 0xac, 0x4b, 0xac, 0x4b, 0xac, 0x8c, 0xb4,
    0xce, 0xb4, 0xce, 0xb4, 0x2f, 0xb5, 0x2f, 0xb5, 0x50, 0xbd, 0x70, 0xbd,
    0x50, 0xbd, 0x70, 0xc5, 0x70, 0xc5, 0x70, 0xc5, 0x90, 0xc5, 0x70, 0xbd,
    0x50, 0xc5, 0x70, 0xc5, 0x70, 0xc5, 0x70, 0xc5, 0x6f, 0xcd, 0x30, 0xb5,
    0xb4, 0xbd, 0xb4, 0xc5, 0xb4, 0xbd, 0xb4, 0xbd, 0xb4, 0xc5, 0xb3, 0xc5,
    0x92, 0xc5, 0xd5, 0xcd, 0xf5, 0xc5, 0xf5, 0xc5, 0xd5, 0xc5, 0xf6, 0xc5,
    0xf6, 0xc5, 0xd6, 0xc5, 0xd5, 0xc5, 0xd5, 0xc5, 0x16, 0xce, 0x16, 0xce,
    0x16, 0xce, 0x37, 0xce, 0x37, 0xce, 0x37, 0xd6, 0x16, 0xce, 0x57, 0xd6,
    0x16, 0xce, 0x16, 0xce, 0x57, 0xce, 0x37, 0xce, 0x17, 0xd6, 0x57, 0xd6,
    0xfa, 0xe6, 0xf1, 0xa4, 0xb1, 0xa4, 0xb4, 0xc5, 0xae, 0xa4, 0x10, 0xb5,
    0x11, 0xad, 0x31, 0xad, 0x32, 0xb5, 0x31, 0xb5, 0x31, 0xad, 0x53, 0xb5,
    0x90, 0x9c, 0x94, 0xbd, 0x94, 0xbd, 0x93, 0xc5, 0x93, 0xc5, 0xf4, 0xc5,
    0x15, 0xd6, 0xf4, 0xcd, 0x15, 0xce, 0x93, 0xc5, 0x52, 0xb5, 0xb3, 0xc5,
    0xd4, 0xc5, 0x92, 0xbd, 0x2f, 0xb5, 0x51, 0xbd, 0x71, 0xbd, 0x51, 0xbd,
    0x30, 0xb5, 0x71, 0xbd, 0xef, 0xac, 0x30, 0xb5, 0xcf, 0xac, 0xef, 0xb4,
    0xce, 0xb4, 0xce, 0xac, 0xae, 0xac, 0x8c, 0xac, 0x4c, 0xa4, 0x6c, 0xac,
    0xd1, 0xcd, 0x8d, 0xb4, 0x6a, 0xb4, 0x8b, 0xb4, 0x8b, 0xb4, 0xcc, 0xbc,
    0x6a, 0xbc, 0x8a, 0xbc, 0x68, 0xc4, 0xa9, 0xc4, 0x68, 0xc4, 0x08, 0xb4,
    0xcd, 0xbc, 0x0f, 0xc5, 0xae, 0xb4, 0x87, 0x72, 0x25, 0x6a, 0x45, 0x6a,
    0x86, 0x72, 0xa7, 0x72, 0x65, 0x6a, 0x46, 0x6a, 0x87, 0x72, 0x87, 0x72,
    0x65, 0x6a, 0x86, 0x6a, 0xe8, 0x82, 0xc7, 0x82, 0x07, 0x83, 0x08, 0x83,
    0xe7, 0x82, 0x07, 0x83, 0x07, 0x83, 0x08, 0x83, 0x08, 0x83, 0x08, 0x83,
    0xc7, 0x7a, 0xc8, 0x7a, 0x4a, 0x83, 0x8a, 0x8b, 0x6a, 0x83, 0x6a, 0x83,
    0xc8, 0x6a, 0x05, 0x5a, 0xa3, 0x59, 0x84, 0x49, 0xa5, 0x51, 0xc5, 0x51,
    0xe6, 0x51, 0xe6, 0x51, 0xc5, 0x51, 0xc5, 0x49, 0xe5, 0x49, 0xe6, 0x51,
    0xe6, 0x51, 0xc5, 0x49, 0xc4, 0x51, 0xc5, 0x51, 0xa5, 0x49, 0xc5, 0x49,
    0xc5, 0x49, 0xc5, 0x49, 0xe5, 0x49, 0xe6, 0x51, 0xe6, 0x49, 0xe6, 0x51,
    0xe6, 0x51, 0x06, 0x52, 0x06, 0x52, 0x06, 0x52, 0x06, 0x52, 0x06, 0x52,
    0xe7, 0x51, 0x06, 0x52, 0x07, 0x52, 0xe6, 0x51, 0xe6, 0x51, 0xe6, 0x51,
    0x06, 0x52, 0xc5, 0x41, 0x84, 0x39, 0x85, 0x39, 0x85, 0x39, 0x85, 0x31,
    0x65, 0x39, 0x65, 0x39, 0x85, 0x39, 0x85, 0x39, 0x85, 0x39, 0x85, 0x39,
    0x85, 0x39, 0x65, 0x31, 0x65, 0x39, 0x86, 0x39, 0xa6, 0x39, 0x86, 0x39,
    0xa6, 0x41, 0xa6, 0x39, 0xa6, 0x39, 0xa6, 0x41, 0xa6, 0x41, 0x86, 0x41,
    0xa6, 0x41, 0xa6, 0x41, 0xc7, 0x41, 0xa7, 0x41, 0xc6, 0x41, 0xa7, 0x41,
    0xc6, 0x41, 0xa6, 0x41, 0xe6, 0x51, 0x67, 0x62, 0x26, 0x62, 0x28, 0x8b,
    0x89, 0x93, 0x69, 0x93, 0x08, 0x83, 0xa7, 0x72, 0x09, 0x7b, 0x4f, 0x9c,
    0x6b, 0x83, 0x47, 0x62, 0x27, 0x52, 0xa5, 0x41, 0x24, 0x31, 0x8d, 0x7b,
    0x95, 0xb5, 0x72, 0xcc, 0x59, 0xce, 0x58, 0xce, 0x59, 0xce, 0x59, 0xce,
    0x58, 0xce, 0x38, 0xc6, 0x59, 0xce, 0x58, 0xce, 0x18, 0xc6, 0x38, 0xc6,
    0x38, 0xc6, 0x17, 0xc6, 0x17, 0xc6, 0xd7, 0xbd, 0xd7, 0xc5, 0xf7, 0xc5,
    0xf7, 0xbd, 0xd6, 0xbd, 0xd6, 0xbd, 0xf7, 0xbd, 0xd7, 0xbd, 0x17, 0xc6,
    0xd7, 0xbd, 0xf7, 0xc5, 0x17, 0xc6, 0xf7, 0xc5, 0x17, 0xc6, 0x17, 0xc6,
    0x17, 0xc6, 0xd7, 0xbd, 0xf7, 0xc5, 0x17, 0xc6, 0x17, 0xc6, 0x17, 0xc6,
    0xf7, 0xc5, 0xf7, 0xc5, 0x17, 0xc6, 0x17, 0xc6, 0x18, 0xc6, 0xf7, 0xbd,
    0xd7, 0xbd, 0xd7, 0xbd, 0xd6, 0xbd, 0xd6, 0xbd, 0xf7, 0xc5, 0xf7, 0xc5,
    0xf7, 0xc5, 0xd6, 0xbd, 0xf7, 0xc5, 0xd6, 0xbd, 0xf7, 0xc5, 0xf7, 0xc5,
    0x17, 0xc6, 0x17, 0xc6, 0xf7, 0xc5, 0xeb, 0x62, 0xfb, 0xe6, 0xee, 0x83,
    0xea, 0x6a, 0x0d, 0x94, 0xab, 0x8b, 0x8b, 0x8b, 0x8a, 0x93, 0x89, 0x93,
    0x68, 0x8b, 0x67, 0x93, 0x66, 0x93, 0x67, 0x93, 0x88, 0x9b, 0x88, 0x93,
    0xa9, 0x93, 0x89, 0x8b, 0xca, 0x8b, 0xca, 0x93, 0xe9, 0x9b, 0xa9, 0x9b,
    0x0a, 0xa4, 0xc9, 0x93, 0x0a, 0xa4, 0x4b, 0xac, 0x4a, 0xac, 0x4a, 0xac,
    0x4b, 0xac, 0x6b, 0xac, 0x4a, 0xa4, 0x6b, 0xac, 0x6c, 0xac, 0x8c, 0xac,
    0x8b, 0xac, 0x8b, 0xac, 0x6b, 0xac, 0xab, 0xb4, 0xac, 0xb4, 0x47, 0x8b,
    0x4a, 0xac, 0x09, 0xac, 0x4a, 0xac, 0x4a, 0xac, 0x4a, 0xac, 0x4b, 0xac,
    0x4b, 0xac, 0x8d, 0xb4, 0xee, 0xbc, 0x0f, 0xbd, 0x50, 0xbd, 0x0f, 0xb5,
    0x70, 0xbd, 0x70, 0xbd, 0x6f, 0xc5, 0x70, 0xc5, 0x90, 0xc5, 0x70, 0xc5,
    0x70, 0xc5, 0x6f, 0xc5, 0x4f, 0xc5, 0x70, 0xc5, 0x90, 0xcd, 0x2e, 0xbd,
    0x70, 0xc5, 0x93, 0xbd, 0xb4, 0xbd, 0xd5, 0xc5, 0xb5, 0xbd, 0xd5, 0xc5,
    0xd5, 0xc5, 0xb3, 0xcd, 0xf4, 0xcd, 0xf5, 0xcd, 0xf6, 0xc5, 0xd5, 0xc5,
    0xd5, 0xc5, 0xf5, 0xc5, 0xd5, 0xc5, 0xf6, 0xcd, 0x16, 0xce, 0x16, 0xce,
    0x37, 0xce, 0x17, 0xce, 0x37, 0xd6, 0xf6, 0xcd, 0x16, 0xce, 0x16, 0xce,
    0x16, 0xce, 0x16, 0xce, 0x37, 0xce, 0x37, 0xce, 0x37, 0xd6, 0x37, 0xce,
    0xd9, 0xe6, 0xb4, 0xbd, 0x16, 0xce, 0xac, 0x83, 0x8f, 0xa4, 0x32, 0xb5,
    0x52, 0xbd, 0xf0, 0xac, 0x31, 0xad, 0x32, 0xb5, 0x53, 0xb5, 0x73, 0xb5,
    0x73, 0xb5, 0x94, 0xbd, 0x73, 0xbd, 0xd5, 0xc5, 0xd5, 0xc5, 0x73, 0xbd,
    0x73, 0xbd, 0x51, 0xb5, 0x31, 0xad, 0x72, 0xb5, 0x93, 0xbd, 0xb3, 0xc5,
    0xd3, 0xc5, 0x92, 0xbd, 0x73, 0xb5, 0x51, 0xb5, 0x91, 0xbd, 0x10, 0xb5,
    0x51, 0xbd, 0xf0, 0xb4, 0xef, 0xb4, 0x4c, 0xa4, 0xad, 0xac, 0xad, 0xac,
    0xad, 0xac, 0xae, 0xac, 0xcd, 0xac, 0xce, 0xb4, 0xce, 0xb4, 0xed, 0xb4,
    0x0e, 0xbd, 0x8c, 0xac, 0x4c, 0xa4, 0xf3, 0xd5, 0x09, 0xa4, 0x49, 0xac,
    0x08, 0xa4, 0xc8, 0x9b, 0x32, 0xde, 0x6f, 0xcd, 0x08, 0xb4, 0xe6, 0xb3,
    0x07, 0xc4, 0x08, 0xbc, 0xed, 0xc4, 0x30, 0xc5, 0x24, 0x62, 0x45, 0x6a,
    0x45, 0x6a, 0x45, 0x6a, 0x86, 0x72, 0xc8, 0x7a, 0x26, 0x6a, 0x25, 0x62,
    0x45, 0x6a, 0x65, 0x6a, 0xa6, 0x72, 0x27, 0x8b, 0xe6, 0x82, 0xe6, 0x8a,
    0xe6, 0x82, 0x06, 0x83, 0x27, 0x8b, 0x07, 0x83, 0xc7, 0x82, 0xa7, 0x6a,
    0x87, 0x62, 0x66, 0x62, 0x67, 0x62, 0xa9, 0x6a, 0xa9, 0x6a, 0x88, 0x5a,
    0x67, 0x62, 0x46, 0x5a, 0x67, 0x62, 0x25, 0x5a, 0xa4, 0x51, 0xa4, 0x51,
    0xc5, 0x51, 0xc5, 0x51, 0xe5, 0x49, 0xc5, 0x49, 0xc5, 0x51, 0xc5, 0x51,
    0xc5, 0x49, 0xe5, 0x49, 0xc5, 0x51, 0xa4, 0x51, 0xa4, 0x59, 0xc4, 0x51,
    0xa4, 0x49, 0xc4, 0x49, 0xc5, 0x49, 0xe5, 0x51, 0xe6, 0x51, 0xe6, 0x51,
    0xe6, 0x49, 0xe5, 0x49, 0x06, 0x52, 0x06, 0x52, 0x06, 0x52, 0x06, 0x52,
    0x06, 0x52, 0x06, 0x52, 0x06, 0x52, 0xe6, 0x51, 0xe6, 0x51, 0x06, 0x52,
    0x06, 0x52, 0x06, 0x52, 0x06, 0x52, 0x06, 0x52, 0xc5, 0x49, 0x85, 0x39,
    0x85, 0x39, 0x85, 0x39, 0x85, 0x39, 0x85, 0x31, 0x85, 0x31, 0x85, 0x39,
    0x85, 0x31, 0x85, 0x39, 0x86, 0x39, 0xa6, 0x39, 0x86, 0x39, 0x85, 0x39,
    0x86, 0x39, 0x86, 0x39, 0xa6, 0x39, 0xa6, 0x41, 0xa6, 0x41, 0xa6, 0x41,
    0x86, 0x39, 0xc6, 0x41, 0xc7, 0x41, 0xc7, 0x41, 0xc7, 0x41, 0xc6, 0x41,
    0xc7, 0x41, 0xa7, 0x41, 0xc6, 0x41, 0xc6, 0x41, 0xc8, 0x72, 0x08, 0x83,
    0x46, 0x6a, 0x29, 0x8b, 0xc8, 0x82, 0xa8, 0x72, 0xc8, 0x6a, 0x88, 0x6a,
    0x2f, 0x9c, 0xf7, 0xcd, 0x57, 0xd6, 0xf6, 0xcd, 0x58, 0xd6, 0x78, 0xd6,
    0x54, 0xb5, 0xad, 0x83, 0x48, 0x4a, 0xcb, 0x8a, 0x59, 0xce, 0x58, 0xce,
    0x59, 0xce, 0x59, 0xce, 0x38, 0xce, 0x38, 0xc6, 0x38, 0xce, 0x17, 0xc6,
    0x17, 0xc6, 0x17, 0xc6, 0xf7, 0xbd, 0x17, 0xc6, 0xf7, 0xc5, 0xf7, 0xbd,
    0xb6, 0xbd, 0xd6, 0xbd, 0xd6, 0xbd, 0xd6, 0xbd, 0xb6, 0xbd, 0xd7, 0xbd,
    0xf7, 0xc5, 0xf7, 0xc5, 0xf7, 0xc5, 0x17, 0xc6, 0xf7, 0xc5, 0x17, 0xc6,
    0xf7, 0xc5, 0xf7, 0xc5, 0xf7, 0xc5, 0xf7, 0xbd, 0xf7, 0xc5, 0xf7, 0xc5,
    0x37, 0xc6, 0x38, 0xce, 0x17, 0xc6, 0x17, 0xc6, 0x16, 0xc6, 0x17, 0xc6,
    0xf7, 0xc5, 0xf7, 0xc5, 0x17, 0xc6, 0xf7, 0xbd, 0xd6, 0xbd, 0xd7, 0xbd,
    0xf7, 0xc5, 0xf7, 0xbd, 0xf7, 0xc5, 0xf7, 0xc5, 0xf7, 0xbd, 0xf7, 0xc5,
    0xf7, 0xbd, 0x17, 0xc6, 0x17, 0xc6, 0xf7, 0xc5, 0x2c, 0x63, 0xfb, 0xde,
    0x4c, 0x6b, 0x4c, 0x73, 0xee, 0x8b, 0xab, 0x8b, 0xab, 0x8b, 0xab, 0x8b,
    0xaa, 0x93, 0x89, 0x93, 0x88, 0x93, 0x67, 0x93, 0x67, 0x9b, 0x87, 0x9b,
    0x87, 0x93, 0x89, 0x8b, 0x89, 0x8b, 0xaa, 0x93, 0xa8, 0x93, 0xe9, 0x9b,
    0x88, 0x93, 0x0a, 0x94, 0x28, 0x73, 0xcb, 0x93, 0x0a, 0xa4, 0x4b, 0xac,
    0x2a, 0xa4, 0x4b, 0xac, 0x4a, 0xac, 0x4a, 0xac, 0x6a, 0xac, 0x6b, 0xac,
    0x8c, 0xac, 0x8c, 0xb4, 0x6b, 0xac, 0x8b, 0xb4, 0x8b, 0xb4, 0x8b, 0xb4,
    0x09, 0xa4, 0xe9, 0xa3, 0x29, 0xac, 0x29, 0xac, 0x2a, 0xac, 0x4a, 0xb4,
    0x4a, 0xb4, 0x4b, 0xac, 0x6c, 0xac, 0xce, 0xbc, 0xee, 0xb4, 0x0f, 0xbd,
    0x71, 0xc5, 0x50, 0xbd, 0x50, 0xbd, 0x70, 0xc5, 0x70, 0xc5, 0x70, 0xc5,
    0x70, 0xbd, 0x90, 0xc5, 0x70, 0xc5, 0x70, 0xc5, 0x70, 0xc5, 0x90, 0xc5,
    0x70, 0xc5, 0x8f, 0xcd, 0xae, 0xac, 0xd5, 0xcd, 0x94, 0xbd, 0xb4, 0xc5,
    0xb4, 0xbd, 0xb4, 0xbd, 0x94, 0xbd, 0xb3, 0xc5, 0xb4, 0xc5, 0xd6, 0xc5,
    0xf5, 0xc5, 0xd5, 0xc5, 0xf6, 0xc5, 0xf5, 0xc5, 0xd6, 0xc5, 0x37, 0xce,
    0x16, 0xce, 0x16, 0xce, 0xd6, 0xc5, 0x17, 0xce, 0xf6, 0xc5, 0xf6, 0xcd,
    0x37, 0xce, 0x17, 0xce, 0x16, 0xce, 0x37, 0xd6, 0x57, 0xd6, 0x16, 0xce,
    0x98, 0xde, 0xd9, 0xe6, 0x68, 0x62, 0xf4, 0xc5, 0x6c, 0x83, 0xed, 0x93,
    0xcc, 0x93, 0x8f, 0xa4, 0x52, 0xbd, 0x31, 0xb5, 0x53, 0xb5, 0x73, 0xb5,
    0x73, 0xb5, 0x94, 0xbd, 0xb4, 0xbd, 0x94, 0xbd, 0x4f, 0x9c, 0x11, 0xad,
    0x12, 0xad, 0x53, 0xb5, 0x32, 0xad, 0x31, 0xb5, 0x72, 0xb5, 0x92, 0xbd,
    0x92, 0xbd, 0xb3, 0xbd, 0x72, 0xb5, 0x92, 0xbd, 0x52, 0xbd, 0x52, 0xbd,
    0x51, 0xb5, 0x71, 0xc5, 0xae, 0xac, 0x30, 0xb5, 0xef, 0xbc, 0xae, 0xb4,
    0xcd, 0xb4, 0xce, 0xac, 0xcd, 0xac, 0xad, 0xac, 0xce, 0xb4, 0xce, 0xb4,
    0xce, 0xb4, 0x2f, 0xbd, 0xee, 0xb4, 0x4b, 0xa4, 0x2a, 0x9c, 0x6d, 0xa4,
    0xce, 0xb4, 0x04, 0x83, 0x25, 0x8b, 0xe5, 0x82, 0x2b, 0xa4, 0xf3, 0xd5,
    0x8b, 0xb4, 0x03, 0x9b, 0x03, 0xa3, 0x66, 0xab, 0x2b, 0xac, 0x49, 0x83,
    0x45, 0x6a, 0x45, 0x6a, 0x45, 0x6a, 0x87, 0x72, 0x8b, 0x93, 0xe7, 0x82,
    0x47, 0x8b, 0x88, 0x93, 0x87, 0x9b, 0xa7, 0xa3, 0x87, 0xa3, 0x45, 0x9b,
    0xa6, 0x9b, 0xc7, 0xa3, 0xa8, 0x9b, 0x26, 0x8b, 0xc7, 0x72, 0x46, 0x62,
    0x26, 0x62, 0x47, 0x5a, 0x47, 0x5a, 0x68, 0x5a, 0x88, 0x62, 0x68, 0x62,
    0x68, 0x5a, 0x88, 0x62, 0x67, 0x62, 0x46, 0x62, 0x47, 0x5a, 0x06, 0x52,
    0xa4, 0x51, 0x43, 0x49, 0xc5, 0x51, 0xc5, 0x49, 0xe5, 0x51, 0xc5, 0x49,
    0xc5, 0x49, 0xc4, 0x49, 0xc4, 0x49, 0xc5, 0x51, 0xc4, 0x51, 0xa4, 0x51,
    0x83, 0x51, 0xa3, 0x51, 0xc4, 0x59, 0xc5, 0x51, 0xe5, 0x51, 0xc5, 0x51,
    0xe5, 0x51, 0xe6, 0x51, 0xe6, 0x51, 0xe6, 0x51, 0x06, 0x52, 0x06, 0x52,
    0x06, 0x52, 0x27, 0x52, 0x06, 0x52, 0x27, 0x52, 0x06, 0x52, 0x06, 0x52,
    0x06, 0x52, 0x26, 0x5a, 0x06, 0x5a, 0x06, 0x5a, 0x06, 0x52, 0x06, 0x52,
    0xe6, 0x51, 0xe5, 0x49, 0x65, 0x39, 0x85, 0x39, 0xa6, 0x39, 0xa5, 0x39,
    0xa5, 0x39, 0x85, 0x39, 0xa6, 0x41, 0xa5, 0x39, 0xa6, 0x41, 0xa6, 0x39,
    0xa6, 0x39, 0xa6, 0x41, 0xa6, 0x39, 0xa6, 0x41, 0xc6, 0x41, 0xc7, 0x41,
    0xa7, 0x41, 0xa6, 0x39, 0x86, 0x49, 0xa6, 0x51, 0xc7, 0x41, 0xc6, 0x41,
    0xa7, 0x41, 0xc6, 0x41, 0xc7, 0x41, 0xc7, 0x41, 0xc6, 0x41, 0xe6, 0x41,
    0xcb, 0x93, 0xe5, 0x61, 0x27, 0x62, 0x47, 0x62, 0x07, 0x5a, 0xea, 0x72,
    0x47, 0x62, 0xcd, 0x8b, 0x53, 0xbd, 0x74, 0xb5, 0x17, 0xc6, 0x17, 0xce,
    0x17, 0xce, 0x37, 0xce, 0x57, 0xce, 0x78, 0xd6, 0xda, 0xde, 0x54, 0xcd,
    0x59, 0xce, 0x38, 0xc6, 0x59, 0xce, 0x59, 0xce, 0x38, 0xce, 0x39, 0xce,
    0x38, 0xc6, 0xf7, 0xbd, 0x18, 0xc6, 0xf7, 0xc5, 0xf7, 0xbd, 0xf7, 0xbd,
    0xf7, 0xc5, 0xf7, 0xc5, 0xd6, 0xbd, 0xd6, 0xbd, 0xd6, 0xbd, 0xd7, 0xbd,
    0xd7, 0xbd, 0xf7, 0xc5, 0xf7, 0xc5, 0xf7, 0xc5, 0xf6, 0xbd, 0xf7, 0xc5,
    0x17, 0xc6, 0xf7, 0xbd, 0xf7, 0xbd, 0xf7, 0xc5, 0x17, 0xc6, 0xf7, 0xbd,
    0x17, 0xc6, 0x17, 0xc6, 0x37, 0xc6, 0x17, 0xc6, 0x17, 0xc6, 0xf6, 0xbd,
    0x17, 0xc6, 0xf6, 0xbd, 0x17, 0xc6, 0xd6, 0xbd, 0xf7, 0xc5, 0xd6, 0xbd,
    0xd7, 0xbd, 0xf7, 0xc5, 0xf6, 0xbd, 0xf7, 0xbd, 0xf7, 0xbd, 0xf7, 0xc5,
    0xd6, 0xbd, 0xf7, 0xc5, 0xf7, 0xc5, 0xf7, 0xc5, 0xd7, 0xbd, 0x0f, 0x84,
    0xfb, 0xde, 0xcd, 0x7b, 0xed, 0x83, 0xcd, 0x93, 0x8b, 0x8b, 0xab, 0x8b,
    0xab, 0x8b, 0x8a, 0x8b, 0x89, 0x93, 0x88, 0x93, 0x67, 0x93, 0x87, 0x9b,
    0x88, 0x9b, 0x88, 0x93, 0x88, 0x93, 0x28, 0x83, 0x27, 0x83, 0x68, 0x8b,
    0xc9, 0x9b, 0x88, 0x93, 0xc9, 0x93, 0xc7, 0x6a, 0xcb, 0x93, 0xca, 0x9b,
    0x6b, 0xac, 0x4a, 0xac, 0x4a, 0xa4, 0x4b, 0xac, 0x4a, 0xa4, 0x4b, 0xac,
    0x6b, 0xac, 0x6b, 0xac, 0x8b, 0xac, 0x6c, 0xac, 0x6b, 0xac, 0x8b, 0xb4,
    0x6b, 0xac, 0x6b, 0xac, 0x88, 0x93, 0x4a, 0xac, 0x4a, 0xac, 0x4a, 0xac,
    0x2a, 0xac, 0x4b, 0xac, 0x4b, 0xac, 0x4c, 0xac, 0x8d, 0xb4, 0xce, 0xb4,
    0xee, 0xb4, 0x2f, 0xbd, 0x2f, 0xbd, 0x70, 0xc5, 0x70, 0xc5, 0x71, 0xc5,
    0x90, 0xc5, 0x90, 0xc5, 0x70, 0xc5, 0x90, 0xc5, 0x90, 0xc5, 0x90, 0xc5,
    0x70, 0xc5, 0x90, 0xcd, 0x2e, 0xbd, 0xb0, 0xcd, 0x11, 0xb5, 0xd5, 0xc5,
    0x94, 0xbd, 0xb4, 0xc5, 0xb4, 0xc5, 0xb4, 0xbd, 0xb4, 0xbd, 0xb5, 0xc5,
    0xd5, 0xc5, 0xd5, 0xc5, 0xf5, 0xc5, 0x16, 0xce, 0x36, 0xce, 0xf6, 0xc5,
    0x17, 0xd6, 0xf6, 0xcd, 0x17, 0xce, 0xf6, 0xcd, 0xf6, 0xcd, 0x37, 0xce,
    0x37, 0xce, 0x37, 0xce, 0x16, 0xce, 0x16, 0xce, 0x37, 0xce, 0x37, 0xce,
    0x78, 0xd6, 0x5c, 0xef, 0x4f, 0x94, 0x01, 0x39, 0x52, 0xbd, 0x6a, 0x7b,
    0xab, 0x8b, 0x6b, 0x83, 0x8a, 0x83, 0xec, 0x93, 0x52, 0xbd, 0x93, 0xbd,
    0xb4, 0xbd, 0xb4, 0xbd, 0xd5, 0xbd, 0x94, 0xb5, 0x72, 0xb5, 0xf0, 0xa4,
    0x04, 0x52, 0x51, 0xbd, 0x52, 0xb5, 0x51, 0xb5, 0x72, 0xb5, 0x72, 0xb5,
    0x72, 0xbd, 0x52, 0xb5, 0x72, 0xb5, 0x73, 0xbd, 0xb3, 0xbd, 0xd3, 0xc5,
    0x10, 0xb5, 0xcf, 0xac, 0xcf, 0xac, 0xb3, 0xcd, 0x30, 0xb5, 0x11, 0xbd,
    0xef, 0xb4, 0xae, 0xac, 0x88, 0x8b, 0x07, 0x7b, 0x68, 0x83, 0x4b, 0xa4,
    0xce, 0xb4, 0x0b, 0x9c, 0x69, 0x83, 0xe7, 0x7a, 0x28, 0x83, 0xe6, 0x7a,
    0x26, 0x83, 0x27, 0x83, 0x0f, 0xbd, 0x87, 0x8b, 0x66, 0x8b, 0x66, 0x8b,
    0xe5, 0x82, 0xca, 0x93, 0x2b, 0xac, 0xc3, 0x8a, 0x04, 0x93, 0x25, 0x9b,
    0x2b, 0xa4, 0x89, 0x83, 0x08, 0x83, 0x08, 0x83, 0x28, 0x83, 0x07, 0x83,
    0x27, 0x8b, 0xa7, 0x9b, 0x08, 0xac, 0xe7, 0xab, 0xc7, 0xa3, 0x66, 0x9b,
    0x26, 0x93, 0xe6, 0x82, 0x85, 0x7a, 0x46, 0x6a, 0x66, 0x6a, 0x88, 0x6a,
    0xa8, 0x62, 0x87, 0x62, 0x67, 0x62, 0x68, 0x5a, 0x68, 0x62, 0x67, 0x5a,
    0x47, 0x62, 0x47, 0x5a, 0x68, 0x62, 0x67, 0x62, 0x66, 0x62, 0x46, 0x62,
    0x46, 0x5a, 0x26, 0x5a, 0xc5, 0x49, 0x03, 0x39, 0xe6, 0x51, 0xc5, 0x49,
    0xc4, 0x49, 0xc4, 0x49, 0xc4, 0x49, 0xc4, 0x49, 0xc4, 0x49, 0xc4, 0x51,
    0xa3, 0x51, 0xa3, 0x51, 0xa3, 0x59, 0xe4, 0x59, 0xe5, 0x59, 0xc5, 0x51,
    0xe6, 0x51, 0xe6, 0x51, 0xe6, 0x49, 0xe5, 0x51, 0xe6, 0x51, 0xe6, 0x51,
    0x06, 0x52, 0x06, 0x52, 0x06, 0x52, 0x27, 0x5a, 0x26, 0x52, 0x06, 0x52,
    0x06, 0x5a, 0x07, 0x5a, 0x27, 0x52, 0x26, 0x5a, 0x27, 0x5a, 0x27, 0x5a,
    0x47, 0x5a, 0x06, 0x52, 0x06, 0x52, 0xe6, 0x51, 0xc6, 0x49, 0xa5, 0x41,
    0xc6, 0x41, 0xc6, 0x41, 0xa5, 0x41, 0xa5, 0x41, 0xa5, 0x39, 0xa5, 0x41,
    0xa6, 0x39, 0xc6, 0x41, 0xc6, 0x41, 0xa6, 0x41, 0xc7, 0x41, 0xc6, 0x41,
    0xc7, 0x39, 0xc6, 0x39, 0x65, 0x39, 0xc6, 0x51, 0xc5, 0x69, 0xa6, 0x61,
    0xe7, 0x49, 0xc7, 0x41, 0xc6, 0x41, 0xa6, 0x41, 0xa7, 0x41, 0xc7, 0x41,
    0xa6, 0x41, 0x6b, 0x7b, 0xe5, 0x59, 0x27, 0x62, 0x27, 0x5a, 0x88, 0x62,
    0xeb, 0x72, 0xc6, 0x51, 0xce, 0x93, 0x91, 0x9c, 0x74, 0xb5, 0x95, 0xbd,
    0xb6, 0xbd, 0x16, 0xc6, 0x17, 0xce, 0x37, 0xce, 0x37, 0xce, 0x58, 0xce,
    0x78, 0xd6, 0x13, 0xbd, 0x79, 0xd6, 0x38, 0xce, 0x39, 0xce, 0x59, 0xce,
    0x38, 0xc6, 0x59, 0xce, 0x58, 0xce, 0x17, 0xc6, 0xf7, 0xbd, 0xf7, 0xbd,
    0xf7, 0xbd, 0x17, 0xc6, 0xf7, 0xc5, 0xd6, 0xbd, 0xd7, 0xbd, 0xf7, 0xbd,
    0xd7, 0xbd, 0xd6, 0xbd, 0xd6, 0xbd, 0xd6, 0xbd, 0xf7, 0xbd, 0xf7, 0xc5,
    0xf7, 0xbd, 0xf7, 0xc5, 0xf7, 0xbd, 0x17, 0xc6, 0xd6, 0xbd, 0x18, 0xc6,
    0xd7, 0xbd, 0xf7, 0xc5, 0xf6, 0xbd, 0x17, 0xc6, 0x17, 0xc6, 0x37, 0xc6,
    0x16, 0xc6, 0xf6, 0xc5, 0xf7, 0xbd, 0xf7, 0xc5, 0xf6, 0xbd, 0xf7, 0xc5,
    0xb6, 0xbd, 0xb6, 0xbd, 0xf7, 0xbd, 0xf7, 0xc5, 0xd6, 0xbd, 0xf7, 0xc5,
    0xf7, 0xc5, 0xf6, 0xbd, 0xf7, 0xbd, 0xf7, 0xc5, 0x17, 0xc6, 0xf7, 0xbd,
    0x50, 0x8c, 0x9a, 0xd6, 0xb1, 0x9c, 0x6f, 0x94, 0xec, 0x8b, 0x8b, 0x8b,
    0xab, 0x8b, 0xca, 0x93, 0x89, 0x8b, 0x88, 0x8b, 0x89, 0x93, 0x89, 0x93,
    0xa9, 0x9b, 0xa8, 0x93, 0xa8, 0x93, 0xa9, 0x93, 0x06, 0x83, 0xe7, 0x7a,
    0xe6, 0x7a, 0xea, 0x9b, 0xa9, 0x9b, 0xa9, 0x93, 0xc7, 0x6a, 0x6a, 0x83,
    0xea, 0x9b, 0x4b, 0xa4, 0x6b, 0xac, 0x4a, 0xac, 0x4a, 0xac, 0x4a, 0xa4,
    0x2a, 0xa4, 0x6b, 0xac, 0x8b, 0xac, 0x8b, 0xac, 0x8b, 0xb4, 0x8c, 0xb4,
    0x8c, 0xac, 0x8b, 0xac, 0xac, 0xb4, 0x47, 0x8b, 0x6a, 0xb4, 0x4a, 0xac,
    0x4a, 0xac, 0x4a, 0xb4, 0x2a, 0xac, 0x4a, 0xac, 0x4b, 0xac, 0x4b, 0xac,
    0xad, 0xb4, 0xee, 0xb4, 0x0f, 0xbd, 0x50, 0xc5, 0x0f, 0xb5, 0x70, 0xc5,
    0x71, 0xc5, 0x91, 0xc5, 0x90, 0xc5, 0x90, 0xc5, 0x90, 0xc5, 0x90, 0xc5,
    0x90, 0xc5, 0x90, 0xc5, 0x90, 0xc5, 0x90, 0xc5, 0x6f, 0xc5, 0xee, 0xb4,
    0xb4, 0xc5, 0xb4, 0xc5, 0xb4, 0xbd, 0xd5, 0xc5, 0xd5, 0xc5, 0xb5, 0xc5,
    0xb4, 0xc5, 0xf5, 0xc5, 0xb5, 0xc5, 0xf5, 0xc5, 0x15, 0xce, 0x16, 0xce,
    0xf5, 0xc5, 0x36, 0xce, 0x16, 0xce, 0xf6, 0xcd, 0x37, 0xce, 0x57, 0xd6,
    0x57, 0xd6, 0x37, 0xce, 0x16, 0xce, 0x16, 0xce, 0x37, 0xd6, 0x57, 0xd6,
    0xfa, 0xe6, 0x3b, 0xf7, 0x90, 0x9c, 0xc3, 0x51, 0x25, 0x6a, 0x6e, 0xac,
    0xa7, 0x6a, 0xab, 0x83, 0x2d, 0x94, 0x6e, 0xa4, 0xf0, 0xac, 0xf0, 0xac,
    0x31, 0xb5, 0x52, 0xb5, 0x73, 0xb5, 0x73, 0xb5, 0x73, 0xb5, 0x73, 0xb5,
    0x73, 0xbd, 0x72, 0xbd, 0xaa, 0x83, 0x31, 0xb5, 0x51, 0xb5, 0xb3, 0xc5,
    0xb3, 0xc5, 0xd3, 0xc5, 0x15, 0xce, 0x97, 0xde, 0xf5, 0xcd, 0x73, 0xbd,
    0x11, 0xb5, 0x6e, 0xa4, 0xce, 0xac, 0xee, 0xb4, 0x2b, 0xa4, 0x72, 0xc5,
    0x93, 0xc5, 0x31, 0xbd, 0xea, 0x93, 0xa5, 0x6a, 0xc5, 0x72, 0xe6, 0x7a,
    0xe6, 0x7a, 0xc5, 0x7a, 0x85, 0x6a, 0xe6, 0x72, 0xca, 0x93, 0x6c, 0xac,
    0x89, 0x8b, 0x07, 0x83, 0x27, 0x83, 0x06, 0x83, 0xe6, 0x82, 0x2f, 0xc5,
    0x46, 0x83, 0x66, 0x8b, 0x67, 0x93, 0x48, 0x8b, 0x28, 0x8b, 0x89, 0x8b,
    0x68, 0x83, 0xeb, 0x9b, 0x4d, 0xa4, 0x6d, 0xa4, 0x8e, 0xac, 0x8e, 0xac,
    0xab, 0x93, 0x49, 0x8b, 0x07, 0x83, 0xe7, 0x7a, 0xc6, 0x7a, 0x04, 0x62,
    0x05, 0x62, 0x05, 0x5a, 0x45, 0x62, 0x86, 0x6a, 0x87, 0x6a, 0x67, 0x62,
    0x67, 0x62, 0x87, 0x62, 0x67, 0x62, 0x47, 0x62, 0x47, 0x5a, 0x68, 0x62,
    0x68, 0x5a, 0x67, 0x5a, 0x48, 0x62, 0x47, 0x5a, 0x68, 0x5a, 0x66, 0x62,
    0x66, 0x62, 0x46, 0x62, 0x26, 0x5a, 0x26, 0x5a, 0xc5, 0x49, 0x85, 0x41,
    0x64, 0x41, 0xc5, 0x49, 0xa4, 0x49, 0xc4, 0x51, 0xa4, 0x49, 0xa4, 0x51,
    0xa4, 0x51, 0xa3, 0x51, 0xc4, 0x51, 0xc4, 0x59, 0xc3, 0x59, 0xe4, 0x59,
    0xe5, 0x59, 0xe5, 0x51, 0xe6, 0x51, 0xe6, 0x51, 0xe5, 0x51, 0xe6, 0x51,
    0xe5, 0x51, 0xe6, 0x51, 0x06, 0x52, 0x06, 0x52, 0x06, 0x52, 0x27, 0x5a,
    0x27, 0x52, 0x26, 0x52, 0x07, 0x5a, 0x06, 0x52, 0x06, 0x52, 0x27, 0x5a,
    0x27, 0x5a, 0x27, 0x5a, 0x47, 0x5a, 0x26, 0x52, 0x06, 0x52, 0x06, 0x52,
    0xe6, 0x51, 0xc6, 0x49, 0xa5, 0x41, 0xa5, 0x41, 0xa5, 0x41, 0xa5, 0x41,
    0xc5, 0x41, 0xa5, 0x41, 0xc6, 0x41, 0xc6, 0x41, 0xc7, 0x41, 0xc6, 0x41,
    0xa6, 0x41, 0xc6, 0x41, 0x86, 0x39, 0xc6, 0x51, 0xe5, 0x61, 0xe6, 0x71,
    0xe4, 0x71, 0xc6, 0x61, 0xc7, 0x41, 0xc7, 0x49, 0xc6, 0x41, 0xc7, 0x41,
    0xa6, 0x41, 0xc7, 0x41, 0x07, 0x4a, 0x06, 0x52, 0xe6, 0x51, 0xc6, 0x49,
    0x0b, 0x73, 0x0e, 0x8c, 0xe6, 0x51, 0x91, 0xa4, 0x13, 0xad, 0x17, 0xc6,
    0xb5, 0xbd, 0xf7, 0xc5, 0x17, 0xc6, 0x16, 0xc6, 0x37, 0xce, 0x38, 0xce,
    0x37, 0xce, 0x57, 0xce, 0x58, 0xd6, 0x34, 0xc5, 0x38, 0xce, 0x79, 0xce,
    0x38, 0xc6, 0x38, 0xc6, 0x18, 0xc6, 0xf7, 0xc5, 0x38, 0xc6, 0xf7, 0xbd,
    0x17, 0xc6, 0x18, 0xc6, 0xf7, 0xc5, 0xf7, 0xbd, 0x17, 0xc6, 0xd6, 0xbd,
    0xf7, 0xc5, 0xf7, 0xc5, 0xf7, 0xc5, 0xd6, 0xbd, 0xd6, 0xbd, 0xf7, 0xc5,
    0xf7, 0xc5, 0xd6, 0xbd, 0xf7, 0xc5, 0xf7, 0xc5, 0x17, 0xc6, 0xf7, 0xc5,
    0xf7, 0xc5, 0xf7, 0xbd, 0xf7, 0xc5, 0xd6, 0xbd, 0x17, 0xc6, 0xf7, 0xc5,
    0x38, 0xce, 0x17, 0xc6, 0xf6, 0xbd, 0xf6, 0xbd, 0x17, 0xc6, 0x17, 0xc6,
    0x17, 0xc6, 0x95, 0xb5, 0xb6, 0xbd, 0xf7, 0xbd, 0xf7, 0xc5, 0xd6, 0xbd,
    0xf7, 0xc5, 0xf7, 0xc5, 0xf7, 0xc5, 0xd7, 0xbd, 0xf7, 0xc5, 0x38, 0xc6,
    0xd6, 0xbd, 0xb2, 0x9c, 0x99, 0xd6, 0x54, 0xad, 0x4f, 0x94, 0xcd, 0x8b,
    0x8b, 0x83, 0x8a, 0x8b, 0xaa, 0x8b, 0x88, 0x8b, 0x69, 0x8b, 0x8a, 0x93,
    0xaa, 0x8b, 0x6a, 0x83, 0xab, 0x8b, 0xaa, 0x8b, 0xa8, 0x8b, 0x06, 0x7b,
    0x07, 0x7b, 0x07, 0x83, 0xea, 0x9b, 0xe9, 0x9b, 0xc9, 0x9b, 0x28, 0x7b,
    0x28, 0x73, 0x6b, 0xa4, 0x4a, 0xac, 0x4a, 0xac, 0x4b, 0xac, 0x4a, 0xac,
    0x4b, 0xac, 0x4b, 0xac, 0x6b, 0xac, 0x4b, 0xac, 0x6b, 0xac, 0x6b, 0xac,
    0x8b, 0xac, 0x8c, 0xac, 0x8b, 0xac, 0x8b, 0xb4, 0xc9, 0x9b, 0x0a, 0xac,
    0x49, 0xac, 0x4a, 0xac, 0x2a, 0xac, 0x29, 0xac, 0x4a, 0xac, 0x4a, 0xac,
    0x4b, 0xac, 0x6c, 0xb4, 0xee, 0xbc, 0xee, 0xb4, 0x0e, 0xbd, 0x2f, 0xbd,
    0x71, 0xc5, 0x70, 0xc5, 0x91, 0xc5, 0x91, 0xc5, 0xb1, 0xcd, 0x90, 0xc5,
    0xb1, 0xc5, 0x70, 0xc5, 0x90, 0xcd, 0x70, 0xc5, 0xb1, 0xcd, 0x6f, 0xc5,
    0x90, 0xcd, 0x2f, 0xb5, 0xb4, 0xc5, 0x94, 0xc5, 0xb4, 0xc5, 0xb5, 0xc5,
    0xd5, 0xc5, 0xb4, 0xbd, 0xf5, 0xc5, 0xf5, 0xcd, 0xd5, 0xc5, 0x16, 0xce,
    0x36, 0xce, 0x17, 0xce, 0x17, 0xce, 0x16, 0xce, 0x57, 0xd6, 0x37, 0xce,
    0x57, 0xd6, 0x16, 0xce, 0x37, 0xce, 0x57, 0xd6, 0x98, 0xde, 0x3c, 0xf7,
    0x1b, 0xef, 0x74, 0xb5, 0x4b, 0x83, 0x63, 0x51, 0x44, 0x6a, 0xc5, 0x82,
    0x07, 0x83, 0xe9, 0x7a, 0x09, 0x7b, 0x11, 0xb5, 0xcf, 0xac, 0xce, 0xa4,
    0xaf, 0xa4, 0xf0, 0xb4, 0x52, 0xbd, 0x52, 0xb5, 0x31, 0xb5, 0x11, 0xad,
    0x11, 0xb5, 0x72, 0xb5, 0x93, 0xbd, 0x92, 0xbd, 0xd3, 0xc5, 0x14, 0xce,
    0x14, 0xce, 0x56, 0xd6, 0x35, 0xd6, 0xd3, 0xcd, 0x92, 0xbd, 0xae, 0xa4,
    0xef, 0xac, 0x50, 0xbd, 0x51, 0xbd, 0xce, 0xac, 0xef, 0xb4, 0x70, 0xc5,
    0xca, 0x93, 0xcb, 0x8b, 0x36, 0xde, 0x49, 0x83, 0xc5, 0x72, 0xa5, 0x72,
    0x84, 0x72, 0x84, 0x72, 0xa4, 0x72, 0xa5, 0x72, 0xe6, 0x7a, 0x47, 0x83,
    0x27, 0x83, 0x27, 0x7b, 0x27, 0x83, 0x27, 0x83, 0x47, 0x83, 0x47, 0x8b,
    0x47, 0x8b, 0x89, 0x93, 0xaa, 0x93, 0xaa, 0x93, 0xaa, 0x93, 0xca, 0x93,
    0xcb, 0x93, 0xcb, 0x93, 0x8a, 0x8b, 0xcc, 0x93, 0xcb, 0x8b, 0x49, 0x7b,
    0xc7, 0x72, 0x25, 0x5a, 0xe5, 0x51, 0xe5, 0x51, 0xe5, 0x51, 0x06, 0x52,
    0x26, 0x52, 0x26, 0x52, 0x26, 0x5a, 0x25, 0x5a, 0x25, 0x5a, 0x46, 0x5a,
    0x46, 0x5a, 0x66, 0x62, 0x46, 0x62, 0x26, 0x5a, 0x47, 0x5a, 0x47, 0x5a,
    0x47, 0x5a, 0x67, 0x5a, 0x68, 0x62, 0x67, 0x62, 0x68, 0x62, 0x48, 0x5a,
    0x67, 0x62, 0x67, 0x62, 0x66, 0x62, 0x46, 0x62, 0x05, 0x5a, 0x26, 0x5a,
    0xc6, 0x49, 0x06, 0x52, 0x03, 0x39, 0xc5, 0x49, 0xc4, 0x49, 0xa4, 0x49,
    0xa4, 0x49, 0xa3, 0x49, 0xa3, 0x51, 0x84, 0x51, 0x83, 0x51, 0xa3, 0x59,
    0xa3, 0x51, 0xc4, 0x51, 0xc5, 0x51, 0xc5, 0x51, 0xe5, 0x51, 0xe5, 0x51,
    0xe5, 0x51, 0xe6, 0x51, 0xe5, 0x51, 0xe5, 0x51, 0x06, 0x52, 0x06, 0x52,
    0x06, 0x5a, 0x06, 0x52, 0x06, 0x52, 0x27, 0x52, 0x06, 0x5a, 0x06, 0x52,
    0xee, 0x93, 0x0e, 0x9c, 0x47, 0x5a, 0x27, 0x5a, 0x47, 0x5a, 0x27, 0x52,
    0x26, 0x52, 0x06, 0x52, 0xe6, 0x51, 0xe6, 0x49, 0xc6, 0x41, 0xc5, 0x41,
    0xc5, 0x41, 0xc6, 0x41, 0xc6, 0x41, 0xc6, 0x41, 0xc6, 0x41, 0xc6, 0x41,
    0xc6, 0x39, 0xe6, 0x49, 0xa5, 0x41, 0xa5, 0x41, 0xc6, 0x61, 0xc6, 0x71,
    0xe6, 0x81, 0x07, 0x7a, 0x06, 0x6a, 0x07, 0x52, 0xa6, 0x41, 0xa6, 0x41,
    0xa7, 0x41, 0xa6, 0x41, 0xc7, 0x41, 0xc7, 0x49, 0xe6, 0x49, 0xc6, 0x49,
    0xa6, 0x41, 0xea, 0x6a, 0xce, 0x8b, 0x27, 0x5a, 0x0b, 0x73, 0xf2, 0xa4,
    0x94, 0xb5, 0xd5, 0xbd, 0xd5, 0xbd, 0x17, 0xc6, 0xf6, 0xc5, 0x58, 0xce,
    0x58, 0xce, 0x58, 0xce, 0x58, 0xce, 0x57, 0xce, 0x58, 0xd6, 0x95, 0xcd,
    0x38, 0xc6, 0x58, 0xce, 0x38, 0xce, 0x38, 0xce, 0x38, 0xc6, 0x38, 0xc6,
    0x38, 0xce, 0x58, 0xce, 0x38, 0xc6, 0x17, 0xc6, 0x38, 0xc6, 0x38, 0xc6,
    0xd6, 0xbd, 0xf7, 0xbd, 0xd6, 0xbd, 0xb6, 0xbd, 0xd6, 0xbd, 0xf7, 0xc5,
    0xd7, 0xbd, 0xd6, 0xbd, 0xf7, 0xbd, 0xf7, 0xc5, 0xf7, 0xbd, 0x17, 0xc6,
    0x17, 0xc6, 0xf7, 0xbd, 0xf7, 0xc5, 0xf7, 0xc5, 0xf7, 0xc5, 0x17, 0xc6,
    0xf7, 0xc5, 0x17, 0xc6, 0xf7, 0xc5, 0xd7, 0xbd, 0xf7, 0xc5, 0xf7, 0xc5,
    0x18, 0xc6, 0x18, 0xce, 0x54, 0xad, 0xd7, 0xbd, 0xd6, 0xbd, 0xd6, 0xbd,
    0xf7, 0xc5, 0xf7, 0xbd, 0xd6, 0xbd, 0xf7, 0xbd, 0xf7, 0xc5, 0xd6, 0xbd,
    0x17, 0xc6, 0xf7, 0xc5, 0xd2, 0x9c, 0x99, 0xd6, 0x74, 0xb5, 0x4f, 0x94,
    0xcc, 0x8b, 0xab, 0x8b, 0xaa, 0x8b, 0x8a, 0x8b, 0x89, 0x8b, 0x48, 0x8b,
    0x49, 0x8b, 0x4a, 0x7b, 0xe9, 0x6a, 0x6a, 0x73, 0xab, 0x7b, 0x89, 0x8b,
    0x48, 0x8b, 0x68, 0x8b, 0x68, 0x8b, 0xa9, 0x9b, 0x09, 0x9c, 0x0a, 0x9c,
    0x48, 0x83, 0x86, 0x5a, 0x8d, 0xac, 0x2a, 0xa4, 0x4b, 0xac, 0x4b, 0xac,
    0x6a, 0xac, 0x4b, 0xac, 0x4a, 0xac, 0x6b, 0xac, 0x6b, 0xac, 0x6b, 0xac,
    0x8b, 0xb4, 0x8b, 0xb4, 0x8b, 0xb4, 0x8b, 0xac, 0x8a, 0xac, 0x6c, 0xb4,
    0x08, 0x8b, 0x69, 0xb4, 0x29, 0xac, 0x4a, 0xac, 0x4a, 0xac, 0x4a, 0xac,
    0x2a, 0xac, 0x4b, 0xac, 0x4b, 0xac, 0x6c, 0xb4, 0x2f, 0xbd, 0x0f, 0xb5,
    0x2f, 0xbd, 0x50, 0xbd, 0x91, 0xc5, 0xb1, 0xcd, 0xb1, 0xcd, 0x91, 0xcd,
    0xb0, 0xc5, 0xb1, 0xcd, 0xb1, 0xcd, 0x70, 0xc5, 0x90, 0xcd, 0x6f, 0xc5,
    0xb0, 0xcd, 0x2f, 0xc5, 0x2f, 0xc5, 0x51, 0xbd, 0xd4, 0xc5, 0x94, 0xc5,
    0xb4, 0xbd, 0x36, 0xce, 0xd5, 0xc5, 0xd5, 0xc5, 0xd5, 0xc5, 0x16, 0xce,
    0x36, 0xce, 0x36, 0xce, 0x16, 0xce, 0x16, 0xce, 0x16, 0xce, 0xf6, 0xc5,
    0x36, 0xce, 0x57, 0xd6, 0x99, 0xde, 0x1b, 0xef, 0x5c, 0xf7, 0x37, 0xd6,
    0x6f, 0xa4, 0x08, 0x7b, 0xe2, 0x59, 0x24, 0x6a, 0x85, 0x7a, 0xa4, 0x7a,
    0x07, 0x83, 0xe7, 0x82, 0xe8, 0x7a, 0x08, 0x7b, 0x4a, 0x83, 0x4e, 0x9c,
    0xaf, 0xac, 0x0f, 0xb5, 0x30, 0xb5, 0x30, 0xbd, 0x11, 0xb5, 0x31, 0xb5,
    0x31, 0xb5, 0x72, 0xbd, 0x93, 0xbd, 0x93, 0xbd, 0xd3, 0xc5, 0x15, 0xce,
    0xd4, 0xc5, 0x10, 0xad, 0x50, 0xb5, 0x91, 0xbd, 0xf3, 0xcd, 0xd2, 0xcd,
    0x91, 0xbd, 0x91, 0xc5, 0x91, 0xc5, 0x71, 0xc5, 0xce, 0xb4, 0x50, 0xc5,
    0x0f, 0xb5, 0x04, 0x62, 0x85, 0x6a, 0x6a, 0x8b, 0xeb, 0x93, 0xa6, 0x72,
    0xc5, 0x72, 0xc5, 0x72, 0xa5, 0x72, 0xa4, 0x72, 0xa4, 0x72, 0x84, 0x72,
    0xc5, 0x72, 0x06, 0x83, 0xc6, 0x7a, 0x07, 0x83, 0x27, 0x83, 0x27, 0x83,
    0x27, 0x83, 0x47, 0x83, 0x47, 0x83, 0x69, 0x8b, 0xab, 0x93, 0x6a, 0x8b,
    0x29, 0x83, 0xe8, 0x7a, 0x49, 0x83, 0xa9, 0x93, 0x4c, 0xa4, 0x08, 0x7b,
    0x65, 0x62, 0x66, 0x62, 0x66, 0x62, 0x66, 0x62, 0x67, 0x62, 0x47, 0x5a,
    0x67, 0x62, 0x66, 0x62, 0x66, 0x5a, 0x47, 0x62, 0x67, 0x5a, 0x67, 0x62,
    0x46, 0x5a, 0x46, 0x5a, 0x46, 0x5a, 0x47, 0x5a, 0x47, 0x62, 0x47, 0x62,
    0x67, 0x5a, 0x47, 0x5a, 0x47, 0x5a, 0x47, 0x5a, 0x47, 0x5a, 0x68, 0x62,
    0x88, 0x62, 0x67, 0x62, 0x68, 0x62, 0x67, 0x62, 0x67, 0x62, 0x26, 0x5a,
    0x26, 0x5a, 0x06, 0x52, 0x27, 0x5a, 0xe6, 0x51, 0x44, 0x41, 0x84, 0x61,
    0x63, 0x69, 0x22, 0x61, 0x42, 0x61, 0x42, 0x61, 0x42, 0x61, 0x63, 0x59,
    0x63, 0x59, 0x83, 0x59, 0xa4, 0x59, 0xc4, 0x51, 0xc5, 0x51, 0xe5, 0x51,
    0xe5, 0x51, 0xe5, 0x51, 0xe5, 0x49, 0xe5, 0x49, 0x06, 0x52, 0x06, 0x52,
    0x06, 0x52, 0x06, 0x5a, 0x06, 0x5a, 0x27, 0x5a, 0x47, 0x5a, 0x06, 0x52,
    0x07, 0x5a, 0x07, 0x5a, 0xc6, 0x51, 0x06, 0x5a, 0xa8, 0x6a, 0x27, 0x5a,
    0x27, 0x52, 0x27, 0x5a, 0x06, 0x52, 0xe6, 0x59, 0xe6, 0x51, 0xe6, 0x49,
    0xc5, 0x49, 0xc6, 0x49, 0xc5, 0x49, 0xc6, 0x49, 0xc6, 0x49, 0xc5, 0x41,
    0xa6, 0x41, 0xc6, 0x41, 0xc5, 0x49, 0x84, 0x49, 0xe6, 0x61, 0xe6, 0x69,
    0x07, 0x72, 0x46, 0x7a, 0x06, 0x72, 0x64, 0x51, 0xc6, 0x59, 0xa9, 0x6a,
    0x07, 0x52, 0xc6, 0x49, 0xa6, 0x49, 0xe7, 0x49, 0xc7, 0x41, 0xc7, 0x49,
    0xa6, 0x41, 0xc6, 0x49, 0x48, 0x5a, 0x0b, 0x73, 0xca, 0x6a, 0xa9, 0x62,
    0x0b, 0x73, 0x58, 0xd6, 0x78, 0xd6, 0x58, 0xce, 0x58, 0xce, 0x78, 0xce,
    0x79, 0xd6, 0x58, 0xce, 0x58, 0xce, 0x58, 0xce, 0x58, 0xce, 0x59, 0xce,
    0x38, 0xd6, 0x75, 0xc5, 0x38, 0xc6, 0x58, 0xce, 0x38, 0xc6, 0x58, 0xce,
    0x38, 0xc6, 0x38, 0xc6, 0x17, 0xc6, 0x17, 0xc6, 0x17, 0xc6, 0xf7, 0xbd,
    0xd7, 0xbd, 0xf7, 0xbd, 0xf7, 0xc5, 0xd7, 0xc5, 0xf7, 0xbd, 0xf7, 0xc5,
    0xd6, 0xbd, 0xd6, 0xbd, 0xd7, 0xbd, 0xd6, 0xbd, 0xf7, 0xbd, 0xd6, 0xbd,
    0xd6, 0xbd, 0x17, 0xc6, 0xf7, 0xc5, 0x17, 0xc6, 0x17, 0xc6, 0xf7, 0xc5,
    0xf7, 0xbd, 0xf7, 0xc5, 0xd6, 0xbd, 0xf7, 0xbd, 0xd6, 0xbd, 0xf7, 0xc5,
    0xf7, 0xbd, 0xf7, 0xc5, 0x38, 0xce, 0x34, 0xa5, 0xf7, 0xc5, 0xf7, 0xc5,
    0xf7, 0xc5, 0xf7, 0xc5, 0xf7, 0xbd, 0xf7, 0xc5, 0xf7, 0xc5, 0xf7, 0xc5,
    0xf7, 0xc5, 0x38, 0xce, 0x38, 0xc6, 0xb2, 0x9c, 0xdb, 0xde, 0x54, 0xb5,
    0x50, 0x94, 0xac, 0x8b, 0xab, 0x8b, 0x8a, 0x8b, 0x8a, 0x93, 0xaa, 0x93,
    0x69, 0x8b, 0x68, 0x8b, 0xaa, 0x8b, 0xe9, 0x62, 0xa9, 0x5a, 0x6b, 0x7b,
    0x8b, 0x83, 0x8a, 0x93, 0x89, 0x93, 0x89, 0x93, 0x89, 0x93, 0xe9, 0x9b,
    0xc9, 0x9b, 0x89, 0x93, 0x25, 0x52, 0x8d, 0xa4, 0x2b, 0xac, 0x6b, 0xac,
    0x4b, 0xac, 0x6b, 0xac, 0x6b, 0xac, 0x6b, 0xac, 0x6a, 0xac, 0x6b, 0xb4,
    0x6b, 0xac, 0x6b, 0xb4, 0x8b, 0xb4, 0x6b, 0xb4, 0x8b, 0xac, 0x6b, 0xb4,
    0xcb, 0xb4, 0xa7, 0x72, 0x6a, 0xb4, 0x69, 0xac, 0x4a, 0xb4, 0x2a, 0xac,
    0x4a, 0xac, 0x4a, 0xac, 0x4a, 0xac, 0x4a, 0xac, 0x4b, 0xac, 0xcd, 0xb4,
    0x2f, 0xbd, 0x0f, 0xbd, 0x50, 0xbd, 0x70, 0xc5, 0xb1, 0xcd, 0xb1, 0xc5,
    0x91, 0xc5, 0x91, 0xcd, 0xb1, 0xcd, 0xb1, 0xcd, 0xb0, 0xcd, 0x91, 0xcd,
    0x70, 0xc5, 0x90, 0xc5, 0x6f, 0xc5, 0x8f, 0xcd, 0x30, 0xbd, 0x52, 0xbd,
    0xb4, 0xc5, 0x94, 0xc5, 0xb4, 0xbd, 0xd5, 0xc5, 0xd5, 0xc5, 0xd5, 0xc5,
    0xd5, 0xc5, 0x15, 0xce, 0x16, 0xce, 0x16, 0xce, 0x16, 0xce, 0x16, 0xce,
    0x56, 0xce, 0x57, 0xd6, 0x77, 0xd6, 0xcf, 0xb4, 0xeb, 0x9b, 0xe5, 0x82,
    0x01, 0x6a, 0x41, 0x72, 0xa1, 0x82, 0xc2, 0x82, 0xc4, 0x8a, 0x83, 0x82,
    0xc4, 0x82, 0xe6, 0x82, 0xc6, 0x7a, 0x29, 0x83, 0xab, 0x83, 0x6b, 0x83,
    0x8b, 0x83, 0x6a, 0x83, 0xec, 0x8b, 0x6d, 0xa4, 0x6d, 0xa4, 0xcf, 0xac,
    0xd0, 0xac, 0x10, 0xad, 0x11, 0xad, 0x93, 0xbd, 0xd3, 0xc5, 0xf4, 0xcd,
    0xd4, 0xcd, 0xec, 0x93, 0x48, 0x83, 0x34, 0xde, 0x30, 0xbd, 0x2d, 0x9c,
    0x69, 0x83, 0x69, 0x8b, 0x89, 0x8b, 0x0b, 0x9c, 0xef, 0xbc, 0x8d, 0xac,
    0x4c, 0xa4, 0xcb, 0x93, 0xe3, 0x51, 0x66, 0x6a, 0x45, 0x6a, 0xf0, 0xbc,
    0x28, 0x83, 0x67, 0x8b, 0xa5, 0x72, 0xa4, 0x72, 0x84, 0x72, 0x64, 0x72,
    0x85, 0x72, 0xc6, 0x7a, 0xc6, 0x7a, 0xe6, 0x7a, 0x06, 0x83, 0x07, 0x83,
    0x07, 0x83, 0x26, 0x83, 0x07, 0x83, 0x07, 0x83, 0xe7, 0x7a, 0xe6, 0x7a,
    0x27, 0x83, 0xca, 0x93, 0x8b, 0xac, 0x0e, 0xbd, 0xad, 0xb4, 0x89, 0x83,
    0x66, 0x62, 0x67, 0x62, 0xa7, 0x6a, 0x87, 0x62, 0x67, 0x62, 0x87, 0x62,
    0x67, 0x62, 0x87, 0x62, 0x88, 0x62, 0x88, 0x62, 0x88, 0x62, 0x88, 0x62,
    0x88, 0x62, 0x88, 0x62, 0x68, 0x62, 0x68, 0x62, 0x68, 0x62, 0x88, 0x62,
    0x88, 0x62, 0x88, 0x62, 0x67, 0x62, 0x47, 0x62, 0x47, 0x5a, 0x47, 0x5a,
    0x47, 0x5a, 0x88, 0x62, 0x88, 0x62, 0x68, 0x62, 0x88, 0x62, 0x87, 0x62,
    0x46, 0x5a, 0x26, 0x5a, 0xe5, 0x51, 0xe6, 0x51, 0x27, 0x5a, 0xe5, 0x51,
    0x44, 0x41, 0x23, 0x81, 0xc1, 0x80, 0xe1, 0x70, 0xe1, 0x70, 0x22, 0x69,
    0x42, 0x61, 0x62, 0x59, 0x62, 0x59, 0x83, 0x59, 0xa3, 0x59, 0xc4, 0x59,
    0xc4, 0x59, 0xe5, 0x51, 0xe5, 0x51, 0xc5, 0x51, 0xe5, 0x51, 0x06, 0x52,
    0xe6, 0x51, 0x06, 0x52, 0xe6, 0x59, 0x06, 0x5a, 0x06, 0x5a, 0x47, 0x5a,
    0x68, 0x62, 0x68, 0x6a, 0x06, 0x5a, 0x07, 0x5a, 0x07, 0x5a, 0x06, 0x5a,
    0x27, 0x5a, 0x47, 0x5a, 0x27, 0x5a, 0x27, 0x5a, 0x06, 0x52, 0x06, 0x5a,
    0xe6, 0x51, 0xe6, 0x49, 0xc6, 0x49, 0xe6, 0x49, 0xc6, 0x49, 0xc6, 0x49,
    0xc5, 0x49, 0xc6, 0x51, 0xe6, 0x51, 0xa5, 0x51, 0xc6, 0x59, 0xe7, 0x69,
    0xe6, 0x69, 0x07, 0x7a, 0xc6, 0x61, 0x84, 0x51, 0x83, 0x49, 0x2a, 0x7b,
    0x4f, 0xa4, 0xea, 0x7a, 0xc6, 0x51, 0xc6, 0x49, 0xc7, 0x49, 0xe7, 0x49,
    0xe7, 0x49, 0xc6, 0x49, 0xe7, 0x49, 0xe7, 0x49, 0xe7, 0x49, 0x2b, 0x73,
    0xce, 0x83, 0x33, 0xb5, 0x58, 0xd6, 0x37, 0xd6, 0x37, 0xce, 0x58, 0xce,
    0x58, 0xce, 0x78, 0xd6, 0x58, 0xce, 0x58, 0xce, 0x59, 0xce, 0x58, 0xce,
    0x58, 0xce, 0x38, 0xce, 0x58, 0xce, 0x54, 0xbd, 0x18, 0xc6, 0x58, 0xce,
    0x38, 0xc6, 0x58, 0xce, 0x17, 0xc6, 0x17, 0xc6, 0x38, 0xc6, 0x18, 0xc6,
    0x17, 0xc6, 0x58, 0xce, 0x38, 0xc6, 0x17, 0xc6, 0xd6, 0xbd, 0xd6, 0xbd,
    0xb6, 0xbd, 0xd6, 0xbd, 0xd7, 0xbd, 0xf7, 0xc5, 0xf7, 0xc5, 0xd6, 0xbd,
    0xd6, 0xbd, 0xd7, 0xc5, 0xd7, 0xbd, 0xf7, 0xc5, 0x17, 0xc6, 0xf7, 0xc5,
    0xd7, 0xbd, 0xf7, 0xc5, 0x17, 0xc6, 0xf7, 0xbd, 0x17, 0xc6, 0xf7, 0xc5,
    0xf7, 0xc5, 0xf7, 0xbd, 0x17, 0xc6, 0x38, 0xce, 0xf3, 0xa4, 0xf7, 0xbd,
    0xf7, 0xc5, 0xf7, 0xc5, 0xf7, 0xbd, 0xf7, 0xbd, 0xd6, 0xbd, 0xd6, 0xbd,
    0xf7, 0xc5, 0xf7, 0xc5, 0x58, 0xce, 0x58, 0xce, 0x13, 0xa5, 0x3c, 0xef,
    0x34, 0xa5, 0x70, 0x94, 0xab, 0x83, 0xaa, 0x8b, 0x8a, 0x8b, 0x8a, 0x93,
    0xaa, 0x93, 0x8a, 0x8b, 0x69, 0x8b, 0xca, 0x8b, 0xc9, 0x5a, 0xca, 0x62,
    0x0a, 0x73, 0x8a, 0x83, 0x8a, 0x8b, 0x89, 0x93, 0xa9, 0x93, 0x89, 0x93,
    0xeb, 0xa3, 0xc9, 0x9b, 0x0b, 0xa4, 0x87, 0x5a, 0xcb, 0x8b, 0x4b, 0xb4,
    0x4a, 0xb4, 0x4b, 0xac, 0x6b, 0xac, 0x6b, 0xac, 0x6a, 0xac, 0x6b, 0xac,
    0x6b, 0xac, 0x6b, 0xac, 0x8b, 0xb4, 0x8c, 0xb4, 0x8b, 0xb4, 0x8c, 0xb4,
    0x8b, 0xb4, 0xab, 0xac, 0xaa, 0x8b, 0xea, 0x93, 0x69, 0xac, 0x49, 0xac,
    0x2a, 0xac, 0x2a, 0xa4, 0x4a, 0xac, 0x4b, 0xac, 0x4a, 0xa4, 0x4a, 0xac,
    0x4b, 0xac, 0x2f, 0xbd, 0x4f, 0xbd, 0x0f, 0xbd, 0x70, 0xc5, 0x91, 0xc5,
    0xb1, 0xcd, 0x91, 0xcd, 0xb1, 0xcd, 0x91, 0xc5, 0xb1, 0xcd, 0x90, 0xc5,
    0xb0, 0xc5, 0x91, 0xc5, 0x70, 0xc5, 0xb0, 0xcd, 0x2e, 0xbd, 0x4e, 0xc5,
    0x10, 0xad, 0x73, 0xc5, 0x95, 0xc5, 0x94, 0xbd, 0xb5, 0xc5, 0xd5, 0xc5,
    0xd4, 0xc5, 0xf5, 0xc5, 0xf6, 0xcd, 0xf5, 0xc5, 0xf5, 0xc5, 0x57, 0xd6,
    0x57, 0xd6, 0xf1, 0xac, 0x0d, 0x8c, 0xac, 0x83, 0x2a, 0x7b, 0x64, 0x7a,
    0x23, 0x7a, 0xa4, 0x82, 0x87, 0x9b, 0xc8, 0x9b, 0xc8, 0xa3, 0xc9, 0xa3,
    0xc9, 0xa3, 0xc9, 0xa3, 0xea, 0xa3, 0xc7, 0x7a, 0x6a, 0x83, 0x8b, 0x83,
    0x8b, 0x7b, 0x6b, 0x7b, 0x8b, 0x83, 0x8b, 0x83, 0xab, 0x8b, 0x8e, 0xa4,
    0x4e, 0xa4, 0xcf, 0xb4, 0x32, 0xbd, 0xf0, 0xac, 0x8f, 0xac, 0x31, 0xbd,
    0x8e, 0xac, 0x67, 0x6a, 0x85, 0x6a, 0x06, 0x83, 0x88, 0x9b, 0xa5, 0x7a,
    0x86, 0x6a, 0xe6, 0x82, 0xa5, 0x82, 0xc4, 0x82, 0x64, 0x72, 0x23, 0x62,
    0x44, 0x6a, 0x27, 0x7b, 0xc6, 0x72, 0xc7, 0x72, 0x86, 0x6a, 0x45, 0x6a,
    0x2d, 0x9c, 0x27, 0x83, 0x06, 0x83, 0xe6, 0x7a, 0xe5, 0x7a, 0x07, 0x83,
    0xe6, 0x7a, 0x87, 0x6a, 0xc4, 0x51, 0x83, 0x41, 0xa5, 0x72, 0x47, 0x8b,
    0x07, 0x83, 0x47, 0x8b, 0x47, 0x8b, 0x27, 0x8b, 0x26, 0x8b, 0x67, 0x8b,
    0xe9, 0x9b, 0x8b, 0xb4, 0x8b, 0xac, 0xea, 0x9b, 0x08, 0x73, 0x46, 0x5a,
    0x46, 0x5a, 0x87, 0x62, 0x87, 0x62, 0x87, 0x62, 0x87, 0x62, 0x87, 0x62,
    0x87, 0x62, 0x67, 0x62, 0x67, 0x62, 0x87, 0x62, 0x88, 0x62, 0x88, 0x62,
    0x88, 0x62, 0x89, 0x62, 0x89, 0x62, 0x89, 0x62, 0x88, 0x62, 0x89, 0x62,
    0x88, 0x6a, 0x88, 0x62, 0x88, 0x62, 0x68, 0x62, 0x88, 0x62, 0x68, 0x62,
    0x67, 0x5a, 0x27, 0x5a, 0x67, 0x62, 0x88, 0x62, 0x88, 0x62, 0x88, 0x62,
    0x67, 0x62, 0x88, 0x62, 0x67, 0x5a, 0x26, 0x5a, 0xe5, 0x51, 0xe6, 0x51,
    0x06, 0x52, 0x06, 0x5a, 0x85, 0x49, 0xc1, 0x70, 0xc1, 0x88, 0xc1, 0x78,
    0xe1, 0x78, 0x02, 0x69, 0x22, 0x69, 0x43, 0x61, 0x42, 0x61, 0x62, 0x59,
    0x83, 0x59, 0xa4, 0x59, 0xc4, 0x59, 0xe5, 0x51, 0xc5, 0x59, 0xc5, 0x51,
    0xe6, 0x51, 0x06, 0x5a, 0x06, 0x5a, 0x06, 0x5a, 0x05, 0x5a, 0x06, 0x52,
    0x05, 0x5a, 0x26, 0x5a, 0x26, 0x62, 0x27, 0x5a, 0x06, 0x5a, 0x07, 0x5a,
    0x06, 0x5a, 0x07, 0x5a, 0x07, 0x5a, 0x68, 0x62, 0x26, 0x52, 0x27, 0x5a,
    0x26, 0x52, 0x06, 0x52, 0xe6, 0x51, 0xe6, 0x51, 0xe6, 0x49, 0xe6, 0x51,
    0xc5, 0x49, 0xe6, 0x51, 0xc5, 0x51, 0xe6, 0x59, 0xc5, 0x51, 0xe6, 0x61,
    0xe6, 0x61, 0x27, 0x72, 0x07, 0x6a, 0xc5, 0x59, 0x85, 0x59, 0xc6, 0x59,
    0x26, 0x62, 0x0a, 0x7b, 0xad, 0x93, 0xe6, 0x51, 0x06, 0x52, 0xe6, 0x49,
    0xe7, 0x51, 0xc6, 0x49, 0xe7, 0x49, 0x27, 0x52, 0xa6, 0x49, 0x85, 0x41,
    0xef, 0x8b, 0x30, 0x94, 0x13, 0xad, 0x17, 0xce, 0x17, 0xce, 0x38, 0xce,
    0x58, 0xce, 0x77, 0xce, 0x58, 0xce, 0x57, 0xce, 0x58, 0xce, 0x58, 0xce,
    0x59, 0xd6, 0x59, 0xce, 0x58, 0xce, 0x58, 0xce, 0x58, 0xce, 0xf7, 0xc5,
    0xf7, 0xc5, 0x38, 0xc6, 0x38, 0xc6, 0xf7, 0xbd, 0x18, 0xc6, 0xf7, 0xc5,
    0x38, 0xc6, 0xf7, 0xbd, 0xd7, 0xbd, 0xf7, 0xbd, 0xf7, 0xbd, 0xd7, 0xbd,
    0xf7, 0xc5, 0xd7, 0xbd, 0x17, 0xc6, 0x17, 0xc6, 0x17, 0xc6, 0xf7, 0xc5,
    0xf7, 0xc5, 0xf7, 0xc5, 0xf7, 0xc5, 0xf7, 0xc5, 0x17, 0xc6, 0xf7, 0xc5,
    0x17, 0xc6, 0xf7, 0xc5, 0xf7, 0xbd, 0xf7, 0xc5, 0xf7, 0xc5, 0xf7, 0xbd,
    0x17, 0xc6, 0xf7, 0xc5, 0xf7, 0xbd, 0xf7, 0xc5, 0x38, 0xce, 0x71, 0x94,
    0xd6, 0xbd, 0xf7, 0xc5, 0xf7, 0xc5, 0x17, 0xc6, 0xf7, 0xc5, 0xd6, 0xbd,
    0xd7, 0xbd, 0x17, 0xc6, 0x17, 0xc6, 0x38, 0xc6, 0x38, 0xce, 0xb6, 0xb5,
    0x1a, 0xe7, 0x91, 0x94, 0x2f, 0x8c, 0x8c, 0x8b, 0x8a, 0x8b, 0x89, 0x8b,
    0x89, 0x93, 0xaa, 0x93, 0xca, 0x93, 0x69, 0x8b, 0xaa, 0x93, 0xa8, 0x5a,
    0x2b, 0x6b, 0xea, 0x6a, 0x8a, 0x83, 0x47, 0x8b, 0x07, 0x8b, 0x27, 0x83,
    0x48, 0x8b, 0xca, 0x93, 0x0a, 0x9c, 0xa9, 0x93, 0xe8, 0x6a, 0x6a, 0x7b,
    0x6c, 0xac, 0x4b, 0xac, 0x6a, 0xac, 0x6b, 0xac, 0x6b, 0xac, 0x6b, 0xac,
    0x6a, 0xac, 0x4a, 0xac, 0x6b, 0xb4, 0x6b, 0xac, 0x8c, 0xb4, 0x8c, 0xb4,
    0xab, 0xb4, 0xab, 0xb4, 0x6b, 0xac, 0xcd, 0xb4, 0xc7, 0x6a, 0x8b, 0xbc,
    0x6a, 0xac, 0x4a, 0xac, 0x4a, 0xac, 0x4b, 0xac, 0x2b, 0xac, 0x2a, 0xac,
    0x4a, 0xac, 0x4b, 0xac, 0xad, 0xb4, 0x2f, 0xbd, 0x2f, 0xbd, 0x2f, 0xbd,
    0x91, 0xc5, 0xb1, 0xcd, 0xb1, 0xcd, 0xb1, 0xc5, 0xb1, 0xcd, 0xb1, 0xcd,
    0xb1, 0xcd, 0xb1, 0xc5, 0xb1, 0xcd, 0xb1, 0xcd, 0x90, 0xc5, 0xb1, 0xcd,
    0x50, 0xbd, 0x4f, 0xbd, 0xf0, 0xb4, 0xb5, 0xc5, 0xd5, 0xcd, 0xd5, 0xc5,
    0xd5, 0xc5, 0xb5, 0xc5, 0xb5, 0xc5, 0xd5, 0xcd, 0x37, 0xd6, 0x37, 0xd6,
    0x94, 0xc5, 0x90, 0xa4, 0x4f, 0x9c, 0xcc, 0x8b, 0xcc, 0x93, 0x31, 0xbd,
    0x52, 0xbd, 0x32, 0xbd, 0xcf, 0xb4, 0xef, 0xb4, 0xae, 0xac, 0xcf, 0xac,
    0x4b, 0xa4, 0xea, 0x93, 0x6d, 0xa4, 0x69, 0x83, 0x8a, 0x83, 0x6a, 0x7b,
    0x6b, 0x83, 0x6b, 0x7b, 0x8c, 0x7b, 0x8b, 0x83, 0x8b, 0x83, 0x8b, 0x83,
    0x8b, 0x83, 0x4e, 0x9c, 0x0d, 0x9c, 0xec, 0x93, 0xec, 0x93, 0x2d, 0x9c,
    0xac, 0x8b, 0xe8, 0x7a, 0xc4, 0x82, 0x64, 0x72, 0x88, 0x93, 0x27, 0x8b,
    0x26, 0x8b, 0x66, 0x8b, 0xe4, 0x51, 0x47, 0x8b, 0x27, 0x93, 0xc5, 0x7a,
    0x65, 0x6a, 0x25, 0x62, 0x46, 0x62, 0xc7, 0x72, 0xe8, 0x7a, 0x49, 0x83,
    0x65, 0x62, 0x8b, 0x8b, 0x69, 0x8b, 0x26, 0x83, 0x47, 0x8b, 0x48, 0x8b,
    0x26, 0x6a, 0x22, 0x39, 0xc1, 0x28, 0x23, 0x39, 0xc5, 0x49, 0x67, 0x5a,
    0x48, 0x83, 0x26, 0x8b, 0x87, 0x93, 0xe8, 0x9b, 0x09, 0xa4, 0x88, 0x93,
    0x68, 0x8b, 0x27, 0x7b, 0xc7, 0x72, 0x66, 0x62, 0x46, 0x5a, 0x88, 0x62,
    0x88, 0x62, 0x68, 0x62, 0x67, 0x62, 0x88, 0x62, 0x88, 0x62, 0xc9, 0x6a,
    0xc9, 0x6a, 0xc9, 0x6a, 0xa8, 0x6a, 0x67, 0x5a, 0x26, 0x52, 0x67, 0x62,
    0x88, 0x62, 0x88, 0x62, 0x88, 0x62, 0x88, 0x62, 0x88, 0x62, 0xa8, 0x62,
    0x88, 0x6a, 0xa8, 0x62, 0xa9, 0x6a, 0xa8, 0x6a, 0xa8, 0x62, 0xa9, 0x6a,
    0xa9, 0x62, 0x68, 0x62, 0x88, 0x62, 0x47, 0x5a, 0x67, 0x62, 0x68, 0x62,
    0xa8, 0x6a, 0x88, 0x62, 0x68, 0x62, 0x87, 0x62, 0x67, 0x62, 0x05, 0x52,
    0xe5, 0x49, 0xe6, 0x51, 0x06, 0x52, 0x07, 0x5a, 0xe6, 0x59, 0xa2, 0x60,
    0xc2, 0x80, 0xc2, 0x80, 0x02, 0x71, 0x01, 0x69, 0x21, 0x61, 0x21, 0x61,
    0x42, 0x61, 0x62, 0x61, 0x63, 0x59, 0xa4, 0x59, 0xc4, 0x51, 0xc4, 0x59,
    0xc5, 0x59, 0xe5, 0x51, 0x05, 0x52, 0x06, 0x5a, 0x26, 0x52, 0x26, 0x5a,
    0x26, 0x5a, 0x06, 0x5a, 0x26, 0x5a, 0x46, 0x5a, 0x47, 0x62, 0x26, 0x5a,
    0x06, 0x5a, 0x26, 0x5a, 0x26, 0x5a, 0x26, 0x5a, 0x27, 0x5a, 0x48, 0x62,
    0x47, 0x5a, 0x27, 0x52, 0x06, 0x52, 0xe6, 0x51, 0x07, 0x52, 0x26, 0x5a,
    0xe6, 0x51, 0xa6, 0x49, 0xa5, 0x51, 0xc5, 0x59, 0xe6, 0x59, 0xe6, 0x59,
    0x26, 0x62, 0x05, 0x62, 0x26, 0x6a, 0xe6, 0x61, 0xc6, 0x61, 0xc6, 0x59,
    0xe6, 0x59, 0x07, 0x62, 0xa9, 0x6a, 0x88, 0x62, 0xe6, 0x51, 0x27, 0x5a,
    0x07, 0x52, 0x07, 0x5a, 0x27, 0x5a, 0x48, 0x6a, 0x28, 0x62, 0xa5, 0x49,
    0x2c, 0x73, 0xb5, 0xbd, 0xd2, 0xa4, 0x74, 0xb5, 0x37, 0xce, 0x37, 0xce,
    0x37, 0xc6, 0x57, 0xce, 0x37, 0xce, 0x58, 0xce, 0x57, 0xce, 0x58, 0xce,
    0x38, 0xce, 0x79, 0xce, 0x58, 0xce, 0x59, 0xce, 0x38, 0xce, 0x58, 0xce,
    0x59, 0xce, 0x59, 0xce, 0xf7, 0xbd, 0x17, 0xc6, 0x58, 0xce, 0x18, 0xc6,
    0x38, 0xc6, 0x17, 0xc6, 0xf7, 0xc5, 0xf7, 0xbd, 0xf7, 0xc5, 0xf7, 0xc5,
    0xd6, 0xbd, 0xd6, 0xbd, 0xf7, 0xbd, 0xd6, 0xbd, 0xd6, 0xbd, 0xd7, 0xbd,
    0xd6, 0xbd, 0xf7, 0xc5, 0xf7, 0xbd, 0xf7, 0xbd, 0x17, 0xc6, 0x17, 0xc6,
    0xf7, 0xbd, 0x17, 0xc6, 0xf7, 0xc5, 0xf7, 0xbd, 0x17, 0xc6, 0xf7, 0xc5,
    0xf7, 0xc5, 0xf7, 0xc5, 0xf7, 0xc5, 0xf7, 0xbd, 0xf7, 0xc5, 0x58, 0xce,
    0x50, 0x8c, 0xd6, 0xbd, 0x17, 0xc6, 0x17, 0xc6, 0xf7, 0xbd, 0xf7, 0xc5,
    0xf7, 0xc5, 0xf7, 0xc5, 0x38, 0xc6, 0xf7, 0xc5, 0x17, 0xc6, 0x38, 0xc6,
    0x57, 0xce, 0x3b, 0xe7, 0x91, 0x9c, 0xac, 0x83, 0xab, 0x83, 0x8a, 0x8b,
    0x89, 0x8b, 0x89, 0x8b, 0xaa, 0x93, 0xeb, 0x9b, 0xaa, 0x93, 0xcb, 0x93,
    0x47, 0x52, 0x2c, 0x63, 0xea, 0x6a, 0x8a, 0x83, 0x48, 0x83, 0x06, 0x93,
    0xe6, 0x8a, 0x48, 0x93, 0xa9, 0x93, 0x2b, 0xa4, 0x68, 0x83, 0x49, 0x7b,
    0x2a, 0x6b, 0x8d, 0xac, 0x4a, 0xac, 0x2a, 0xac, 0x4b, 0xac, 0x6b, 0xac,
    0x6b, 0xac, 0x6b, 0xb4, 0x6b, 0xb4, 0x6b, 0xac, 0x8b, 0xb4, 0x8b, 0xb4,
    0xac, 0xb4, 0xac, 0xb4, 0x8c, 0xb4, 0x8b, 0xac, 0xcc, 0xb4, 0xa8, 0x62,
    0x8c, 0xac, 0x6b, 0xac, 0x6c, 0xa4, 0x4c, 0xa4, 0x4c, 0xa4, 0x4a, 0xac,
    0x2a, 0xac, 0x4b, 0xac, 0x4a, 0xac, 0x4b, 0xac, 0x2f, 0xc5, 0x0f, 0xbd,
    0x2f, 0xbd, 0x70, 0xbd, 0xb1, 0xcd, 0xb1, 0xcd, 0xb1, 0xc5, 0xb1, 0xc5,
    0xb1, 0xcd, 0xb1, 0xcd, 0xb1, 0xc5, 0xb1, 0xcd, 0x91, 0xc5, 0x91, 0xc5,
    0x91, 0xc5, 0x91, 0xc5, 0x70, 0xbd, 0x10, 0xb5, 0x31, 0xb5, 0x32, 0xb5,
    0x4f, 0x9c, 0xf5, 0xcd, 0x16, 0xce, 0xf5, 0xcd, 0xd5, 0xc5, 0xb4, 0xc5,
    0x32, 0xb5, 0x11, 0xb5, 0x31, 0xb5, 0x10, 0xad, 0xef, 0xac, 0x29, 0x7b,
    0xf1, 0xb4, 0xd0, 0xac, 0x8f, 0xa4, 0xf0, 0xac, 0xf1, 0xac, 0xd0, 0xac,
    0xf0, 0xac, 0xaf, 0xac, 0x8e, 0x9c, 0xcf, 0xa4, 0x11, 0xad, 0x2d, 0x94,
    0x4a, 0x73, 0x6b, 0x7b, 0x4b, 0x7b, 0x4b, 0x7b, 0x6b, 0x7b, 0x8b, 0x83,
    0x8b, 0x83, 0xab, 0x83, 0x8b, 0x83, 0xac, 0x8b, 0xcc, 0x8b, 0xec, 0x8b,
    0xec, 0x93, 0xcd, 0x8b, 0xed, 0x9b, 0x8a, 0x8b, 0x22, 0x72, 0xc7, 0x9b,
    0x67, 0x93, 0x47, 0x93, 0xe6, 0x82, 0x66, 0x93, 0xe6, 0x59, 0xc6, 0x6a,
    0x25, 0x62, 0x47, 0x6a, 0xa7, 0x72, 0xe9, 0x7a, 0x09, 0x7b, 0xe8, 0x72,
    0x87, 0x6a, 0xc7, 0x72, 0x8b, 0x83, 0x8a, 0x93, 0xc6, 0x7a, 0x86, 0x6a,
    0xa3, 0x51, 0x22, 0x41, 0xe5, 0x49, 0x05, 0x52, 0x25, 0x4a, 0xc5, 0x49,
    0x46, 0x5a, 0x67, 0x5a, 0x86, 0x6a, 0x06, 0x7b, 0xc5, 0x72, 0xa7, 0x72,
    0x46, 0x62, 0x67, 0x6a, 0x87, 0x62, 0xa8, 0x6a, 0xa9, 0x62, 0x88, 0x62,
    0x88, 0x62, 0x88, 0x62, 0x88, 0x62, 0x88, 0x62, 0x88, 0x62, 0x88, 0x62,
    0x68, 0x62, 0xc9, 0x6a, 0xc9, 0x6a, 0xc9, 0x6a, 0xc9, 0x6a, 0x88, 0x62,
    0x06, 0x52, 0x68, 0x62, 0x88, 0x62, 0x88, 0x62, 0xa8, 0x62, 0x88, 0x62,
    0xa9, 0x62, 0xa8, 0x62, 0xa8, 0x6a, 0x88, 0x62, 0xa8, 0x62, 0xa8, 0x6a,
    0xa9, 0x6a, 0xa8, 0x6a, 0xa9, 0x6a, 0x88, 0x62, 0x88, 0x62, 0x47, 0x5a,
    0x47, 0x5a, 0x88, 0x62, 0xa8, 0x6a, 0xa8, 0x6a, 0x88, 0x62, 0xa8, 0x6a,
    0x87, 0x62, 0x06, 0x52, 0xe5, 0x51, 0xe6, 0x51, 0x06, 0x52, 0x27, 0x5a,
    0x07, 0x5a, 0xc1, 0x48, 0xe2, 0x80, 0xc1, 0x78, 0x02, 0x71, 0x01, 0x69,
    0x42, 0x61, 0x41, 0x61, 0x41, 0x61, 0x42, 0x61, 0x63, 0x59, 0x84, 0x59,
    0xa4, 0x59, 0xc4, 0x59, 0xc5, 0x59, 0xc5, 0x59, 0xe5, 0x59, 0x06, 0x5a,
    0x26, 0x5a, 0x27, 0x5a, 0x27, 0x5a, 0x27, 0x5a, 0x88, 0x6a, 0x4b, 0x83,
    0x27, 0x5a, 0x27, 0x5a, 0x26, 0x5a, 0x27, 0x5a, 0x26, 0x5a, 0x26, 0x5a,
    0x06, 0x5a, 0x27, 0x5a, 0x47, 0x5a, 0x06, 0x52, 0x07, 0x5a, 0x88, 0x6a,
    0x07, 0x5a, 0x07, 0x5a, 0xa5, 0x49, 0xc5, 0x51, 0xc6, 0x51, 0x06, 0x62,
    0xe6, 0x61, 0xe6, 0x59, 0xe5, 0x61, 0x06, 0x62, 0xe6, 0x61, 0x26, 0x62,
    0xe6, 0x59, 0x06, 0x62, 0x68, 0x6a, 0xa9, 0x6a, 0x28, 0x5a, 0x26, 0x5a,
    0x27, 0x5a, 0x06, 0x52, 0x48, 0x62, 0x48, 0x72, 0x27, 0x72, 0x06, 0x6a,
    0x47, 0x5a, 0x0f, 0x94, 0x13, 0xad, 0x54, 0xad, 0xb5, 0xbd, 0x78, 0xce,
    0x37, 0xce, 0x37, 0xce, 0x57, 0xce, 0x37, 0xce, 0x37, 0xce, 0x58, 0xce,
    0x78, 0xce, 0x58, 0xce, 0x58, 0xce, 0x58, 0xce, 0x79, 0xce, 0x58, 0xce,
    0x38, 0xce, 0x58, 0xce, 0x58, 0xce, 0x58, 0xce, 0x38, 0xc6, 0x17, 0xc6,
    0x38, 0xc6, 0x38, 0xce, 0x17, 0xc6, 0xf7, 0xc5, 0x17, 0xc6, 0x17, 0xc6,
    0x17, 0xc6, 0xf7, 0xbd, 0xf7, 0xbd, 0xd6, 0xbd, 0xd6, 0xbd, 0xd6, 0xbd,
    0xd7, 0xc5, 0xd7, 0xbd, 0xf7, 0xc5, 0xf7, 0xbd, 0xf7, 0xbd, 0x17, 0xc6,
    0xd6, 0xbd, 0x18, 0xc6, 0xf7, 0xc5, 0xf7, 0xc5, 0xf7, 0xc5, 0xf7, 0xc5,
    0xf7, 0xc5, 0xf7, 0xbd, 0xf7, 0xc5, 0xf7, 0xc5, 0xf7, 0xbd, 0xf7, 0xc5,
    0x79, 0xd6, 0x71, 0x94, 0xd6, 0xbd, 0x17, 0xc6, 0x17, 0xc6, 0xf7, 0xbd,
    0xd7, 0xbd, 0x17, 0xc6, 0xf7, 0xc5, 0xf7, 0xbd, 0x17, 0xc6, 0x58, 0xce,
    0x38, 0xce, 0x99, 0xd6, 0xf6, 0xbd, 0xed, 0x83, 0xee, 0x8b, 0xab, 0x83,
    0x8a, 0x8b, 0xaa, 0x8b, 0xaa, 0x93, 0xaa, 0x8b, 0xcb, 0x93, 0xca, 0x9b,
    0xca, 0x9b, 0x88, 0x5a, 0x0b, 0x5b, 0x0a, 0x6b, 0x8a, 0x83, 0x89, 0x8b,
    0x48, 0x93, 0x06, 0x8b, 0x48, 0x93, 0xaa, 0x93, 0x2b, 0xa4, 0x68, 0x83,
    0x48, 0x7b, 0x2a, 0x73, 0x0b, 0x94, 0x4b, 0xa4, 0x4a, 0xac, 0x4b, 0xb4,
    0x6b, 0xac, 0x6b, 0xac, 0x6b, 0xac, 0x6b, 0xac, 0x6b, 0xb4, 0x8b, 0xb4,
    0x6b, 0xac, 0x8c, 0xb4, 0xac, 0xb4, 0xac, 0xb4, 0xac, 0xb4, 0x8a, 0xac,
    0xeb, 0x93, 0x8a, 0x8b, 0x8b, 0xac, 0x6f, 0x8c, 0x70, 0x8c, 0x4e, 0x8c,
    0x4d, 0x94, 0x4b, 0xac, 0x4b, 0xac, 0x4b, 0xac, 0x6a, 0xac, 0xad, 0xbc,
    0x30, 0xbd, 0x50, 0xc5, 0x50, 0xbd, 0x50, 0xbd, 0xb1, 0xc5, 0xb1, 0xcd,
    0xb1, 0xcd, 0xb1, 0xc5, 0xb1, 0xcd, 0xb1, 0xc5, 0xb1, 0xc5, 0x91, 0xc5,
    0xb1, 0xc5, 0xb2, 0xc5, 0xd3, 0xcd, 0xb2, 0xc5, 0x51, 0xbd, 0x31, 0xb5,
    0x52, 0xb5, 0x52, 0xbd, 0x8f, 0x9c, 0x6f, 0x9c, 0xd0, 0xa4, 0x12, 0xb5,
    0x52, 0xb5, 0x53, 0xbd, 0x32, 0xb5, 0x31, 0xbd, 0x52, 0xb5, 0x11, 0xad,
    0xf0, 0xac, 0xaa, 0x83, 0xcf, 0xac, 0xaf, 0xa4, 0xaf, 0xac, 0xf0, 0xb4,
    0xd0, 0xb4, 0xd0, 0xb4, 0x8f, 0xac, 0xaf, 0xa4, 0x6f, 0xa4, 0xd4, 0xcd,
    0xf1, 0xb4, 0x11, 0xad, 0x6a, 0x73, 0x6a, 0x7b, 0x6b, 0x7b, 0x6a, 0x7b,
    0x6a, 0x7b, 0x8b, 0x83, 0x8b, 0x83, 0xac, 0x83, 0xcc, 0x83, 0xac, 0x83,
    0xec, 0x8b, 0xed, 0x8b, 0xed, 0x93, 0xee, 0x93, 0xed, 0x93, 0x8b, 0x83,
    0xc0, 0x48, 0x06, 0x93, 0x27, 0x93, 0x07, 0x8b, 0xc4, 0x7a, 0xa7, 0xa3,
    0xa4, 0x49, 0xc8, 0x6a, 0x4b, 0x83, 0xe9, 0x72, 0xe8, 0x72, 0xa8, 0x6a,
    0xe8, 0x72, 0xe8, 0x72, 0xc8, 0x72, 0x87, 0x62, 0xed, 0x8b, 0xa5, 0x7a,
    0x03, 0x62, 0x45, 0x62, 0x86, 0x62, 0x05, 0x52, 0x23, 0x31, 0xe2, 0x30,
    0x65, 0x39, 0x48, 0x62, 0x47, 0x5a, 0x47, 0x5a, 0x67, 0x62, 0x87, 0x62,
    0x88, 0x62, 0x88, 0x6a, 0xa8, 0x6a, 0x88, 0x62, 0x87, 0x62, 0x88, 0x62,
    0x88, 0x6a, 0xa8, 0x62, 0x88, 0x6a, 0x89, 0x6a, 0xa9, 0x6a, 0x88, 0x6a,
    0x89, 0x62, 0x88, 0x62, 0x88, 0x62, 0xa9, 0x6a, 0xc9, 0x6a, 0xc9, 0x6a,
    0x89, 0x6a, 0x88, 0x62, 0x27, 0x5a, 0x48, 0x62, 0x89, 0x62, 0x89, 0x62,
    0x89, 0x62, 0x89, 0x62, 0x89, 0x6a, 0x89, 0x62, 0xa9, 0x6a, 0xa9, 0x6a,
    0xa9, 0x6a, 0xa9, 0x6a, 0xca, 0x6a, 0xca, 0x6a, 0xc8, 0x6a, 0xa8, 0x62,
    0x88, 0x62, 0x67, 0x62, 0x67, 0x5a, 0xa8, 0x62, 0xa8, 0x6a, 0xa8, 0x6a,
    0x88, 0x62, 0xa8, 0x6a, 0xa8, 0x6a, 0x26, 0x5a, 0xe5, 0x51, 0x06, 0x52,
    0xe6, 0x51, 0x26, 0x5a, 0x07, 0x5a, 0xe2, 0x48, 0x02, 0x79, 0xe2, 0x78,
    0x22, 0x71, 0x22, 0x69, 0x63, 0x69, 0x63, 0x61, 0x42, 0x61, 0x63, 0x61,
    0x63, 0x59, 0x83, 0x59, 0xa4, 0x59, 0xa4, 0x59, 0xc5, 0x59, 0xc5, 0x59,
    0xe5, 0x59, 0x06, 0x5a, 0x26, 0x5a, 0x07, 0x5a, 0x27, 0x62, 0x27, 0x5a,
    0x07, 0x5a, 0xac, 0x8b, 0x88, 0x6a, 0x67, 0x62, 0x47, 0x5a, 0x26, 0x5a,
    0x26, 0x5a, 0x27, 0x5a, 0x27, 0x5a, 0x07, 0x5a, 0x48, 0x62, 0x6c, 0x83,
    0x88, 0x6a, 0x68, 0x62, 0x27, 0x5a, 0xc5, 0x51, 0xe6, 0x51, 0x06, 0x5a,
    0x47, 0x62, 0xc5, 0x59, 0xe6, 0x61, 0x27, 0x6a, 0x06, 0x62, 0x06, 0x62,
    0xe6, 0x61, 0x27, 0x62, 0x68, 0x6a, 0xa9, 0x6a, 0x68, 0x62, 0x47, 0x5a,
    0x48, 0x5a, 0x27, 0x5a, 0x48, 0x62, 0xa9, 0x6a, 0xa8, 0x82, 0xc5, 0x79,
    0xe5, 0x81, 0xe6, 0x69, 0x8c, 0x83, 0x30, 0x8c, 0x33, 0xad, 0x38, 0xd6,
    0x17, 0xce, 0x17, 0xc6, 0x58, 0xce, 0x37, 0xc6, 0x17, 0xc6, 0x57, 0xce,
    0x37, 0xce, 0x38, 0xc6, 0x58, 0xce, 0x58, 0xce, 0x58, 0xce, 0x59, 0xce,
    0x59, 0xce, 0x38, 0xce, 0x58, 0xce, 0x58, 0xce, 0x59, 0xce, 0x59, 0xce,
    0x38, 0xc6, 0x38, 0xc6, 0x17, 0xc6, 0xf7, 0xbd, 0x17, 0xc6, 0xf7, 0xbd,
    0x17, 0xc6, 0x17, 0xbe, 0xf7, 0xbd, 0xf7, 0xbd, 0xf7, 0xbd, 0xf7, 0xc5,
    0xf7, 0xc5, 0xf7, 0xbd, 0xd6, 0xbd, 0xd6, 0xbd, 0xb6, 0xbd, 0xd6, 0xbd,
    0xf7, 0xc5, 0xd7, 0xc5, 0xf7, 0xbd, 0xf7, 0xc5, 0xf7, 0xbd, 0xf7, 0xc5,
    0xf7, 0xbd, 0xf7, 0xc5, 0xf7, 0xc5, 0xf7, 0xbd, 0xf7, 0xc5, 0xf7, 0xbd,
    0x17, 0xc6, 0x58, 0xce, 0xb2, 0x94, 0xf7, 0xc5, 0xf7, 0xc5, 0xf7, 0xbd,
    0xf7, 0xc5, 0x18, 0xc6, 0xf7, 0xc5, 0x17, 0xc6, 0x17, 0xc6, 0x17, 0xc6,
    0x79, 0xd6, 0x17, 0xc6, 0x9a, 0xd6, 0xda, 0xde, 0xa9, 0x5a, 0xed, 0x8b,
    0xab, 0x83, 0xaa, 0x8b, 0x8a, 0x8b, 0x89, 0x93, 0xa9, 0x93, 0xca, 0x93,
    0xca, 0x9b, 0xeb, 0x9b, 0x4b, 0x73, 0x4c, 0x6b, 0x0a, 0x6b, 0xab, 0x83,
    0xaa, 0x93, 0x89, 0x93, 0x68, 0x8b, 0x89, 0x93, 0x69, 0x8b, 0xaa, 0x8b,
    0x68, 0x8b, 0x28, 0x7b, 0x2b, 0x6b, 0xec, 0x8b, 0x6b, 0xac, 0x4b, 0xac,
    0x4b, 0xb4, 0x4b, 0xac, 0x4b, 0xb4, 0x6b, 0xac, 0x6b, 0xb4, 0x6b, 0xb4,
    0x6b, 0xac, 0x8c, 0xb4, 0x8b, 0xb4, 0x8c, 0xb4, 0xac, 0xb4, 0x8c, 0xb4,
    0x6b, 0xac, 0x0e, 0xbd, 0x66, 0x5a, 0xed, 0xb4, 0x6e, 0x9c, 0x52, 0x7c,
    0x92, 0x74, 0x6e, 0x84, 0x8d, 0x9c, 0x6b, 0xac, 0x6b, 0xac, 0x6a, 0xb4,
    0x6b, 0xac, 0xce, 0xb4, 0x0e, 0xbd, 0xad, 0xac, 0xad, 0xac, 0xb1, 0xcd,
    0xb1, 0xcd, 0xb1, 0xcd, 0xb1, 0xcd, 0xb2, 0xc5, 0xb1, 0xcd, 0xb1, 0xc5,
    0xb2, 0xc5, 0xb1, 0xc5, 0xb2, 0xc5, 0x91, 0xcd, 0x92, 0xc5, 0x71, 0xc5,
    0x30, 0xbd, 0xf0, 0xb4, 0x11, 0xb5, 0x32, 0xb5, 0x53, 0xb5, 0x73, 0xbd,
    0x52, 0xb5, 0x53, 0xb5, 0x53, 0xbd, 0x51, 0xbd, 0x10, 0xbd, 0xcf, 0xac,
    0x10, 0xb5, 0x30, 0xbd, 0xf0, 0xb4, 0x4a, 0x7b, 0x0c, 0x94, 0x69, 0x83,
    0xcb, 0x8b, 0xf0, 0xb4, 0xd0, 0xac, 0xd0, 0xac, 0xaf, 0xa4, 0xaf, 0xa4,
    0x8f, 0x9c, 0x4a, 0x7b, 0x66, 0x5a, 0xeb, 0x8b, 0x6a, 0x7b, 0x4a, 0x7b,
    0x4a, 0x7b, 0x4a, 0x7b, 0x6a, 0x7b, 0x6a, 0x7b, 0x8b, 0x83, 0xac, 0x83,
    0xad, 0x83, 0xcd, 0x8b, 0xac, 0x83, 0x8c, 0x83, 0xad, 0x83, 0xed, 0x8b,
    0xed, 0x8b, 0xed, 0x93, 0x00, 0x49, 0x22, 0x72, 0x46, 0x93, 0x06, 0x8b,
    0x84, 0x82, 0xe8, 0xb3, 0xc4, 0x51, 0x09, 0x6b, 0x4a, 0x83, 0xc9, 0x72,
    0xc8, 0x72, 0xa8, 0x6a, 0x66, 0x62, 0x05, 0x52, 0xa4, 0x49, 0x8c, 0x83,
    0xc5, 0x49, 0x23, 0x62, 0xc5, 0x6a, 0x23, 0x39, 0xe2, 0x30, 0x24, 0x31,
    0x64, 0x39, 0x64, 0x39, 0xa6, 0x41, 0x47, 0x5a, 0x68, 0x5a, 0xa8, 0x62,
    0x68, 0x62, 0x88, 0x62, 0x88, 0x62, 0x88, 0x62, 0x89, 0x62, 0xa9, 0x6a,
    0x88, 0x62, 0x88, 0x6a, 0x89, 0x62, 0x88, 0x62, 0xa9, 0x6a, 0xa9, 0x6a,
    0xc9, 0x6a, 0xa9, 0x6a, 0xa9, 0x62, 0x88, 0x62, 0x88, 0x62, 0xa9, 0x62,
    0xa9, 0x6a, 0xca, 0x6a, 0x89, 0x6a, 0x88, 0x62, 0x48, 0x5a, 0x68, 0x62,
    0xa8, 0x62, 0x88, 0x62, 0x89, 0x62, 0xa9, 0x6a, 0xa9, 0x6a, 0xa9, 0x6a,
    0xa9, 0x6a, 0xc9, 0x6a, 0xc9, 0x6a, 0xa9, 0x6a, 0xc9, 0x6a, 0xc9, 0x6a,
    0xc9, 0x6a, 0xa8, 0x62, 0xa8, 0x62, 0x88, 0x62, 0x67, 0x5a, 0xa8, 0x62,
    0xa9, 0x6a, 0xa9, 0x6a, 0xa9, 0x62, 0xa9, 0x6a, 0xa9, 0x6a, 0x67, 0x62,
    0xe6, 0x51, 0x06, 0x52, 0x06, 0x52, 0x07, 0x52, 0x07, 0x62, 0x85, 0x51,
    0xe2, 0x60, 0xe2, 0x70, 0x42, 0x69, 0x63, 0x61, 0x83, 0x61, 0x83, 0x59,
    0x64, 0x59, 0x84, 0x59, 0x84, 0x59, 0x84, 0x59, 0x84, 0x59, 0xa4, 0x59,
    0xc5, 0x59, 0xc5, 0x59, 0xc5, 0x51, 0x06, 0x62, 0x27, 0x62, 0x27, 0x5a,
    0x47, 0x62, 0x47, 0x62, 0x47, 0x5a, 0x06, 0x5a, 0xee, 0x9b, 0x47, 0x62,
    0x67, 0x62, 0x26, 0x5a, 0x26, 0x5a, 0x27, 0x5a, 0x26, 0x62, 0x26, 0x5a,
    0x27, 0x5a, 0x89, 0x6a, 0xea, 0x7a, 0x26, 0x5a, 0xe6, 0x51, 0xe6, 0x61,
    0x27, 0x62, 0x47, 0x62, 0xe6, 0x59, 0x07, 0x62, 0x27, 0x6a, 0xe6, 0x59,
    0xc6, 0x59, 0xe6, 0x59, 0x07, 0x5a, 0x27, 0x5a, 0x0a, 0x73, 0x68, 0x62,
    0x47, 0x5a, 0x47, 0x5a, 0x27, 0x5a, 0xca, 0x72, 0x48, 0x6a, 0x68, 0x7a,
    0x67, 0x82, 0x47, 0x7a, 0xad, 0x9b, 0x6c, 0x83, 0x6c, 0x73, 0xf7, 0xcd,
    0x37, 0xce, 0x78, 0xd6, 0x57, 0xce, 0x37, 0xce, 0x16, 0xc6, 0x37, 0xc6,
    0x38, 0xce, 0x38, 0xce, 0x17, 0xc6, 0x38, 0xce, 0x58, 0xce, 0x58, 0xce,
    0x38, 0xce, 0x58, 0xce, 0x58, 0xce, 0x58, 0xce, 0x59, 0xce, 0x58, 0xce,
    0x58, 0xce, 0x79, 0xce, 0xf7, 0xc5, 0x17, 0xc6, 0xf7, 0xbd, 0xf7, 0xc5,
    0xf7, 0xbd, 0xf7, 0xbd, 0xf7, 0xbd, 0xd7, 0xbd, 0xd6, 0xbd, 0xd7, 0xbd,
    0xd6, 0xbd, 0xd6, 0xbd, 0xd6, 0xbd, 0xb6, 0xbd, 0xd6, 0xbd, 0xf7, 0xc5,
    0xd7, 0xbd, 0x17, 0xc6, 0xf7, 0xc5, 0xf7, 0xbd, 0xf7, 0xc5, 0xf7, 0xbd,
    0xf7, 0xc5, 0xf7, 0xbd, 0xf7, 0xc5, 0xf7, 0xbd, 0xf7, 0xbd, 0xd6, 0xbd,
    0xf7, 0xc5, 0xf7, 0xbd, 0x17, 0xc6, 0x34, 0xad, 0xd6, 0xbd, 0xf7, 0xbd,
    0xd7, 0xbd, 0xf7, 0xc5, 0x17, 0xc6, 0x17, 0xc6, 0xf7, 0xc5, 0x38, 0xce,
    0x38, 0xc6, 0x58, 0xce, 0xd7, 0xc5, 0xba, 0xde, 0xdb, 0xde, 0xc9, 0x5a,
    0xcc, 0x83, 0xab, 0x83, 0x8a, 0x8b, 0x89, 0x8b, 0x89, 0x8b, 0x89, 0x93,
    0xaa, 0x93, 0x89, 0x93, 0xeb, 0x9b, 0x4a, 0x73, 0x4c, 0x63, 0xea, 0x62,
    0x8a, 0x8b, 0xea, 0x9b, 0xc9, 0x9b, 0xaa, 0x93, 0xaa, 0x8b, 0x6a, 0x7b,
    0xaa, 0x8b, 0x69, 0x8b, 0x28, 0x7b, 0x4b, 0x73, 0xab, 0x7b, 0x8b, 0xac,
    0x4a, 0xac, 0x6b, 0xac, 0x6b, 0xac, 0x6b, 0xb4, 0x6b, 0xb4, 0x6b, 0xac,
    0x6b, 0xb4, 0x4b, 0xac, 0x8c, 0xb4, 0x8b, 0xac, 0xac, 0xb4, 0xac, 0xb4,
    0xac, 0xb4, 0x8b, 0xb4, 0xed, 0xbc, 0x46, 0x62, 0x8d, 0xac, 0x8d, 0xa4,
    0x92, 0x84, 0xb4, 0x74, 0xb3, 0x74, 0x8f, 0x8c, 0x8c, 0xac, 0x4a, 0xb4,
    0x4b, 0xb4, 0x6b, 0xb4, 0x8b, 0xac, 0xad, 0xb4, 0x8d, 0xac, 0xae, 0xac,
    0x50, 0xbd, 0xb1, 0xcd, 0xb1, 0xcd, 0x91, 0xcd, 0xb1, 0xcd, 0xd2, 0xc5,
    0xb1, 0xcd, 0xb1, 0xcd, 0xd2, 0xcd, 0xd2, 0xcd, 0x92, 0xc5, 0x70, 0xc5,
    0x6f, 0xc5, 0x2f, 0xbd, 0x51, 0xbd, 0x31, 0xb5, 0x12, 0xb5, 0x32, 0xb5,
    0x32, 0xbd, 0x32, 0xbd, 0x31, 0xb5, 0x11, 0xb5, 0xf0, 0xb4, 0xee, 0xbc,
    0xee, 0xb4, 0xee, 0xb4, 0xce, 0xb4, 0xce, 0xb4, 0xe7, 0x72, 0x09, 0x73,
    0x09, 0x73, 0x48, 0x83, 0x0c, 0x9c, 0xd1, 0xac, 0xd0, 0xac, 0xaf, 0xa4,
    0xf0, 0xac, 0xf0, 0xac, 0xc8, 0x6a, 0xe8, 0x6a, 0xc8, 0x6a, 0xab, 0x8b,
    0x6d, 0x9c, 0x09, 0x73, 0x49, 0x7b, 0x4a, 0x7b, 0x4a, 0x7b, 0x4a, 0x7b,
    0x6a, 0x7b, 0xac, 0x8b, 0xcd, 0x8b, 0x8c, 0x83, 0xac, 0x83, 0xed, 0x8b,
    0xcd, 0x8b, 0xcd, 0x8b, 0xac, 0x83, 0xcd, 0x8b, 0xe4, 0x61, 0x61, 0x61,
    0x25, 0x93, 0x05, 0x8b, 0x83, 0x82, 0xa6, 0xa3, 0x25, 0x62, 0x69, 0x62,
    0x06, 0x5a, 0xe5, 0x59, 0xa4, 0x49, 0xc4, 0x49, 0x05, 0x52, 0xe5, 0x51,
    0x8c, 0x83, 0xa5, 0x41, 0x06, 0x52, 0xe5, 0x51, 0x25, 0x5a, 0x42, 0x41,
    0x84, 0x41, 0xa5, 0x41, 0xe6, 0x49, 0x27, 0x52, 0x27, 0x52, 0x67, 0x5a,
    0x67, 0x5a, 0x68, 0x5a, 0x88, 0x62, 0x68, 0x5a, 0x88, 0x62, 0x88, 0x62,
    0x88, 0x62, 0x88, 0x62, 0x88, 0x6a, 0xa9, 0x6a, 0xa9, 0x6a, 0xa9, 0x6a,
    0xa8, 0x6a, 0xa9, 0x6a, 0xea, 0x6a, 0xc9, 0x6a, 0xa9, 0x6a, 0xa9, 0x62,
    0x88, 0x62, 0xa9, 0x6a, 0xa9, 0x6a, 0xa9, 0x6a, 0xa9, 0x62, 0x88, 0x62,
    0x68, 0x62, 0x88, 0x62, 0xa9, 0x62, 0xa9, 0x62, 0xa9, 0x6a, 0xa9, 0x6a,
    0xc9, 0x6a, 0xc9, 0x6a, 0xc9, 0x6a, 0xc9, 0x6a, 0xc9, 0x6a, 0xa9, 0x6a,
    0xc9, 0x72, 0xc9, 0x72, 0xc9, 0x6a, 0xa9, 0x6a, 0xa8, 0x62, 0xa8, 0x6a,
    0x68, 0x62, 0x88, 0x62, 0xa9, 0x6a, 0xc9, 0x6a, 0xc9, 0x6a, 0xa8, 0x6a,
    0xc9, 0x6a, 0xa8, 0x6a, 0xe6, 0x51, 0xe5, 0x51, 0xe6, 0x51, 0xc6, 0x51,
    0x07, 0x62, 0xc6, 0x61, 0xc2, 0x50, 0x02, 0x69, 0x63, 0x59, 0x84, 0x59,
    0xa4, 0x59, 0xc4, 0x51, 0x84, 0x59, 0x63, 0x59, 0x64, 0x59, 0x84, 0x59,
    0x84, 0x59, 0xc4, 0x59, 0xa4, 0x51, 0xc5, 0x59, 0xe5, 0x59, 0x06, 0x5a,
    0x47, 0x62, 0x47, 0x5a, 0x47, 0x5a, 0x47, 0x62, 0x47, 0x62, 0x48, 0x62,
    0x27, 0x62, 0xad, 0x8b, 0x47, 0x62, 0x47, 0x62, 0x46, 0x5a, 0x27, 0x5a,
    0x06, 0x5a, 0x27, 0x5a, 0x27, 0x62, 0x47, 0x62, 0x06, 0x5a, 0x06, 0x5a,
    0x27, 0x62, 0x27, 0x62, 0xe6, 0x59, 0x27, 0x62, 0x07, 0x62, 0xa5, 0x51,
    0xa5, 0x49, 0x2b, 0x7b, 0x13, 0xb5, 0x74, 0xbd, 0xb1, 0xa4, 0x2b, 0x73,
    0x47, 0x52, 0x48, 0x5a, 0x07, 0x5a, 0xa9, 0x6a, 0x0f, 0x94, 0x27, 0x6a,
    0x0b, 0x93, 0x4c, 0x93, 0x2e, 0xa4, 0x54, 0xbd, 0xae, 0x7b, 0x54, 0xad,
    0x38, 0xc6, 0x59, 0xce, 0x78, 0xd6, 0x37, 0xce, 0x37, 0xc6, 0x17, 0xc6,
    0x57, 0xce, 0x57, 0xce, 0x17, 0xc6, 0x18, 0xc6, 0x58, 0xce, 0x38, 0xce,
    0x38, 0xce, 0x38, 0xce, 0x38, 0xce, 0x59, 0xce, 0x38, 0xce, 0x59, 0xce,
    0x38, 0xce, 0x59, 0xce, 0x79, 0xce, 0x58, 0xd6, 0xd6, 0xbd, 0xd6, 0xbd,
    0xd7, 0xbd, 0xd6, 0xbd, 0xf7, 0xbd, 0xd7, 0xbd, 0xd6, 0xbd, 0xd6, 0xbd,
    0xd6, 0xbd, 0xb6, 0xbd, 0xb6, 0xbd, 0xb6, 0xb5, 0xb6, 0xbd, 0xd7, 0xbd,
    0xd7, 0xbd, 0xd6, 0xbd, 0xf7, 0xc5, 0xf7, 0xc5, 0xd6, 0xbd, 0xd6, 0xbd,
    0xd7, 0xbd, 0xd7, 0xbd, 0xd6, 0xbd, 0xd7, 0xbd, 0xf7, 0xc5, 0xd7, 0xbd,
    0xf7, 0xbd, 0xf7, 0xc5, 0xf7, 0xc5, 0xf7, 0xc5, 0xd6, 0xbd, 0x95, 0xb5,
    0xd6, 0xbd, 0xd7, 0xbd, 0xf7, 0xc5, 0x17, 0xc6, 0x18, 0xc6, 0x17, 0xc6,
    0x17, 0xc6, 0x38, 0xc6, 0x58, 0xce, 0xf7, 0xc5, 0xfb, 0xde, 0xda, 0xde,
    0x0b, 0x63, 0xac, 0x83, 0x8a, 0x83, 0xaa, 0x8b, 0x69, 0x8b, 0x69, 0x8b,
    0x89, 0x93, 0x8a, 0x93, 0x89, 0x93, 0x0b, 0x9c, 0x29, 0x6b, 0x0b, 0x63,
    0xea, 0x62, 0x8b, 0x83, 0xcb, 0x9b, 0xea, 0x9b, 0xca, 0x9b, 0xaa, 0x93,
    0x8a, 0x7b, 0xac, 0x73, 0x6a, 0x7b, 0xa9, 0x93, 0x2a, 0x6b, 0xac, 0x7b,
    0x6b, 0xb4, 0x4a, 0xac, 0x8b, 0xb4, 0x8b, 0xac, 0x8b, 0xb4, 0x8b, 0xb4,
    0x6b, 0xac, 0x8b, 0xb4, 0x6b, 0xac, 0x8b, 0xb4, 0x8b, 0xb4, 0x8c, 0xb4,
    0xac, 0xb4, 0xac, 0xb4, 0x8c, 0xb4, 0x8b, 0xb4, 0xcb, 0x93, 0xe8, 0x72,
    0xad, 0xb4, 0x90, 0x94, 0xd2, 0x6c, 0xd4, 0x74, 0x91, 0x84, 0x8e, 0x9c,
    0x4b, 0xac, 0x6b, 0xac, 0x4c, 0xa4, 0x6c, 0xac, 0x8c, 0xa4, 0x6d, 0xac,
    0x8e, 0xac, 0xaf, 0xac, 0x71, 0xc5, 0xb1, 0xcd, 0xb1, 0xcd, 0xb1, 0xcd,
    0xb1, 0xcd, 0xd1, 0xcd, 0xd2, 0xcd, 0xd1, 0xcd, 0xd2, 0xcd, 0xf3, 0xcd,
    0xb2, 0xcd, 0x90, 0xcd, 0x4f, 0xc5, 0x2f, 0xc5, 0x30, 0xb5, 0x10, 0xb5,
    0x11, 0xb5, 0x10, 0xbd, 0xcf, 0xb4, 0xad, 0xb4, 0x8d, 0xb4, 0x8c, 0xb4,
    0x8c, 0xb4, 0x8c, 0xb4, 0x6c, 0xac, 0x6d, 0xac, 0x6d, 0xac, 0x4d, 0xa4,
    0x09, 0x73, 0x2a, 0x7b, 0x09, 0x73, 0xa8, 0x93, 0x8a, 0x83, 0xd1, 0xac,
    0xcf, 0xa4, 0x31, 0xad, 0x51, 0xb5, 0x6b, 0x7b, 0xc8, 0x6a, 0xe8, 0x6a,
    0xc8, 0x6a, 0xc8, 0x72, 0x13, 0xd6, 0xe8, 0x6a, 0x4a, 0x73, 0x4a, 0x7b,
    0x4a, 0x7b, 0x6a, 0x7b, 0x4a, 0x7b, 0x8c, 0x83, 0xad, 0x83, 0xed, 0x8b,
    0x0e, 0x94, 0xcd, 0x83, 0xcd, 0x83, 0x8c, 0x7b, 0x09, 0x73, 0xa8, 0x6a,
    0x87, 0x82, 0x21, 0x61, 0x43, 0x7a, 0x47, 0x9b, 0xc6, 0x82, 0x83, 0x59,
    0xc2, 0x30, 0x07, 0x52, 0xea, 0x72, 0x27, 0x62, 0x47, 0x5a, 0x26, 0x5a,
    0xe6, 0x51, 0x68, 0x62, 0xc5, 0x49, 0xe5, 0x49, 0x06, 0x4a, 0x07, 0x52,
    0xe5, 0x51, 0x25, 0x5a, 0x27, 0x52, 0x46, 0x52, 0x47, 0x52, 0x27, 0x52,
    0x47, 0x52, 0x67, 0x5a, 0x67, 0x5a, 0x68, 0x5a, 0x68, 0x62, 0x68, 0x62,
    0x68, 0x62, 0xa8, 0x6a, 0xc9, 0x6a, 0xa9, 0x6a, 0xa9, 0x6a, 0xa9, 0x62,
    0x88, 0x62, 0x88, 0x62, 0xa9, 0x6a, 0xc9, 0x6a, 0xea, 0x6a, 0xc9, 0x6a,
    0xa9, 0x6a, 0x89, 0x62, 0x88, 0x62, 0xa9, 0x62, 0x88, 0x62, 0xa9, 0x6a,
    0x88, 0x62, 0x89, 0x62, 0x89, 0x62, 0x88, 0x62, 0x89, 0x62, 0xa9, 0x6a,
    0xa9, 0x62, 0xc9, 0x6a, 0xc9, 0x6a, 0xea, 0x6a, 0xea, 0x72, 0xc9, 0x6a,
    0xc9, 0x72, 0xc9, 0x6a, 0xca, 0x72, 0xc9, 0x6a, 0xe9, 0x6a, 0xa9, 0x6a,
    0xa9, 0x62, 0xa8, 0x62, 0x88, 0x62, 0x88, 0x62, 0xa9, 0x6a, 0xc9, 0x6a,
    0xc9, 0x6a, 0xa8, 0x6a, 0xc9, 0x6a, 0xa9, 0x6a, 0x27, 0x5a, 0xa5, 0x49,
    0xc5, 0x49, 0xc5, 0x51, 0xe6, 0x59, 0xa5, 0x59, 0xe2, 0x48, 0x43, 0x69,
    0x63, 0x59, 0xa4, 0x51, 0xa4, 0x51, 0xc4, 0x51, 0xa4, 0x51, 0x83, 0x51,
    0x84, 0x59, 0xa4, 0x59, 0x84, 0x59, 0xa4, 0x59, 0xa5, 0x59, 0xc5, 0x59,
    0x06, 0x5a, 0x46, 0x5a, 0x4b, 0x7b, 0x4c, 0x7b, 0x68, 0x62, 0x48, 0x62,
    0x48, 0x62, 0x47, 0x62, 0x47, 0x62, 0xa9, 0x6a, 0xe9, 0x72, 0x47, 0x62,
    0x26, 0x5a, 0x07, 0x62, 0x07, 0x5a, 0x06, 0x5a, 0x06, 0x5a, 0x06, 0x5a,
    0x07, 0x62, 0x27, 0x62, 0x27, 0x62, 0x27, 0x62, 0xe6, 0x59, 0xc6, 0x51,
    0xe6, 0x59, 0x2b, 0x7b, 0x2e, 0x8c, 0x53, 0xb5, 0x53, 0xad, 0x37, 0xce,
    0xad, 0x83, 0x06, 0x4a, 0x27, 0x5a, 0x69, 0x6a, 0x4c, 0x8b, 0x2c, 0x8b,
    0xaa, 0x7a, 0x0e, 0xa4, 0x0a, 0x8b, 0x4b, 0x83, 0x30, 0x94, 0xd3, 0x9c,
    0x99, 0xde, 0x37, 0xce, 0x99, 0xd6, 0x78, 0xce, 0xf6, 0xbd, 0x17, 0xc6,
    0x37, 0xc6, 0x78, 0xce, 0x37, 0xce, 0x17, 0xc6, 0x18, 0xc6, 0x17, 0xc6,
    0x38, 0xce, 0x58, 0xce, 0x38, 0xc6, 0x38, 0xce, 0x58, 0xce, 0x58, 0xce,
    0x59, 0xce, 0x58, 0xce, 0x58, 0xce, 0x38, 0xce, 0x79, 0xd6, 0x96, 0xcd,
    0xd7, 0xbd, 0xf7, 0xbd, 0xf7, 0xc5, 0xf7, 0xbd, 0xb6, 0xbd, 0xf7, 0xbd,
    0xd6, 0xbd, 0xd6, 0xbd, 0xd6, 0xbd, 0xd6, 0xbd, 0xd7, 0xbd, 0xf7, 0xbd,
    0xd6, 0xbd, 0xd6, 0xbd, 0xf7, 0xc5, 0xf7, 0xbd, 0xd6, 0xbd, 0xf7, 0xc5,
    0xf7, 0xbd, 0xf7, 0xc5, 0xf7, 0xc5, 0xd7, 0xbd, 0xf7, 0xc5, 0xf7, 0xc5,
    0xd7, 0xbd, 0xf7, 0xbd, 0xf7, 0xc5, 0xd6, 0xbd, 0x17, 0xc6, 0xf7, 0xc5,
    0xb6, 0xbd, 0xb6, 0xbd, 0xf7, 0xc5, 0x17, 0xc6, 0x17, 0xc6, 0x18, 0xc6,
    0x17, 0xc6, 0x18, 0xc6, 0x38, 0xce, 0x79, 0xd6, 0x38, 0xc6, 0xfb, 0xe6,
    0xba, 0xde, 0x0b, 0x63, 0xab, 0x83, 0x8a, 0x83, 0xaa, 0x8b, 0x8a, 0x8b,
    0x89, 0x8b, 0xaa, 0x8b, 0xaa, 0x8b, 0x89, 0x93, 0x0b, 0x9c, 0x09, 0x63,
    0xea, 0x5a, 0xca, 0x62, 0xab, 0x83, 0xea, 0x9b, 0xea, 0x9b, 0xea, 0x9b,
    0xc9, 0x9b, 0x8a, 0x8b, 0x8c, 0x6b, 0xcd, 0x6b, 0xab, 0x8b, 0x8b, 0x7b,
    0xac, 0x73, 0x4b, 0xa4, 0x4b, 0xb4, 0xac, 0xb4, 0xab, 0xb4, 0x8b, 0xac,
    0x6b, 0xb4, 0x8b, 0xb4, 0x8b, 0xac, 0x8b, 0xb4, 0x8b, 0xb4, 0x8b, 0xb4,
    0x6b, 0xac, 0x8c, 0xb4, 0x8b, 0xb4, 0xac, 0xb4, 0x6a, 0xb4, 0xce, 0xbc,
    0x83, 0x41, 0x0e, 0xb5, 0x8e, 0xa4, 0xd1, 0x84, 0xd4, 0x74, 0xd3, 0x74,
    0xb1, 0x84, 0x8f, 0x94, 0x8e, 0x9c, 0x6e, 0x9c, 0x6f, 0x94, 0x6e, 0x9c,
    0x4d, 0x9c, 0x6e, 0x9c, 0x8e, 0xa4, 0xef, 0xac, 0x90, 0xc5, 0xf2, 0xcd,
    0x33, 0xd6, 0xf2, 0xcd, 0xd2, 0xd5, 0xf2, 0xd5, 0x13, 0xd6, 0x13, 0xd6,
    0xf2, 0xcd, 0xb2, 0xcd, 0x51, 0xc5, 0x91, 0xc5, 0x71, 0xc5, 0x30, 0xbd,
    0x0f, 0xbd, 0xef, 0xb4, 0xcd, 0xb4, 0xab, 0xb4, 0x6b, 0xac, 0x6b, 0xb4,
    0x8c, 0xb4, 0xad, 0xb4, 0xad, 0xb4, 0x4c, 0xa4, 0x0c, 0x9c, 0x4d, 0xa4,
    0x6d, 0xac, 0xac, 0x93, 0x09, 0x73, 0x29, 0x7b, 0x0a, 0x7b, 0xea, 0x9b,
    0xc6, 0x72, 0xb1, 0xac, 0x31, 0xad, 0x72, 0xbd, 0x52, 0xbd, 0xa9, 0x6a,
    0xe9, 0x6a, 0xe9, 0x6a, 0xc9, 0x72, 0x87, 0x6a, 0xf2, 0xd5, 0xcb, 0x8b,
    0x4b, 0x7b, 0x4b, 0x7b, 0xea, 0x72, 0x6b, 0x83, 0x6b, 0x83, 0x8c, 0x83,
    0xcc, 0x8b, 0xcd, 0x8b, 0xcd, 0x8b, 0xec, 0x8b, 0xe9, 0x82, 0x68, 0x82,
    0x26, 0x82, 0xe6, 0x89, 0xa6, 0x89, 0x42, 0x69, 0xc4, 0x71, 0x84, 0x49,
    0x23, 0x39, 0xc6, 0x49, 0x07, 0x52, 0x68, 0x5a, 0xe6, 0x49, 0xea, 0x7a,
    0x06, 0x52, 0x06, 0x52, 0x27, 0x52, 0x06, 0x52, 0x06, 0x52, 0x06, 0x52,
    0x06, 0x4a, 0xe6, 0x49, 0xe5, 0x49, 0xe6, 0x49, 0x06, 0x4a, 0xe6, 0x49,
    0xe6, 0x49, 0x06, 0x52, 0x26, 0x52, 0x47, 0x5a, 0x68, 0x5a, 0x88, 0x5a,
    0x88, 0x62, 0xa9, 0x6a, 0xa9, 0x6a, 0xa9, 0x6a, 0xea, 0x72, 0xc9, 0x6a,
    0xa9, 0x62, 0xa9, 0x6a, 0x89, 0x62, 0xa9, 0x6a, 0xa9, 0x6a, 0xa9, 0x6a,
    0xc9, 0x6a, 0xc9, 0x6a, 0xa9, 0x62, 0xa9, 0x62, 0x88, 0x62, 0x89, 0x62,
    0x89, 0x62, 0xa8, 0x62, 0x88, 0x62, 0x89, 0x62, 0xa8, 0x62, 0xa9, 0x6a,
    0x88, 0x62, 0xa9, 0x6a, 0xa9, 0x62, 0xc9, 0x6a, 0xca, 0x6a, 0xea, 0x6a,
    0xea, 0x72, 0xc9, 0x72, 0xca, 0x6a, 0xc9, 0x6a, 0xea, 0x72, 0xea, 0x72,
    0xe9, 0x6a, 0xa9, 0x6a, 0x88, 0x62, 0xa8, 0x62, 0x89, 0x62, 0x88, 0x62,
    0x88, 0x62, 0xc9, 0x6a, 0xc9, 0x6a, 0xc9, 0x6a, 0xa9, 0x6a, 0xc8, 0x6a,
    0x67, 0x62, 0xc5, 0x49, 0xa5, 0x49, 0xa5, 0x49, 0xa5, 0x51, 0xa5, 0x59,
    0xe2, 0x48, 0x43, 0x61, 0x83, 0x59, 0x83, 0x51, 0x84, 0x51, 0xc4, 0x51,
    0xa4, 0x51, 0x84, 0x51, 0xa4, 0x59, 0xa4, 0x59, 0xa4, 0x59, 0xa4, 0x59,
    0xc4, 0x51, 0xc5, 0x51, 0xe5, 0x59, 0x06, 0x52, 0xc9, 0x6a, 0x0f, 0x8c,
    0xee, 0x93, 0x27, 0x5a, 0x27, 0x62, 0xaa, 0x6a, 0x88, 0x62, 0x88, 0x62,
    0xe8, 0x72, 0x46, 0x5a, 0x26, 0x5a, 0x06, 0x62, 0x07, 0x62, 0x07, 0x62,
    0x27, 0x62, 0x47, 0x62, 0x48, 0x6a, 0x27, 0x62, 0x27, 0x62, 0x26, 0x5a,
    0xc9, 0x72, 0x6c, 0x7b, 0xcd, 0x8b, 0x4b, 0x7b, 0x4f, 0x94, 0x54, 0xb5,
    0x6c, 0x7b, 0xa5, 0x49, 0xc6, 0x51, 0x68, 0x62, 0x89, 0x6a, 0x6c, 0x8b,
    0xce, 0xa3, 0x4c, 0x93, 0x2c, 0x93, 0xa9, 0x7a, 0x2f, 0x9c, 0x13, 0xad,
    0xba, 0xde, 0x37, 0xce, 0x17, 0xc6, 0x78, 0xce, 0x37, 0xce, 0x16, 0xc6,
    0x16, 0xc6, 0x78, 0xd6, 0x78, 0xce, 0x17, 0xc6, 0x17, 0xc6, 0x18, 0xc6,
    0x38, 0xce, 0x38, 0xce, 0x18, 0xc6, 0x38, 0xce, 0x58, 0xce, 0x38, 0xce,
    0x38, 0xce, 0x58, 0xce, 0x59, 0xce, 0x59, 0xce, 0x38, 0xce, 0x59, 0xce,
    0x99, 0xd6, 0x34, 0xc5, 0xd6, 0xbd, 0xd6, 0xbd, 0xd7, 0xbd, 0xf7, 0xbd,
    0x17, 0xc6, 0xf7, 0xc5, 0xf7, 0xbd, 0xf7, 0xc5, 0xf7, 0xbd, 0xd7, 0xbd,
    0xf7, 0xbd, 0xd6, 0xbd, 0xd6, 0xbd, 0xd7, 0xbd, 0xf7, 0xc5, 0xf7, 0xc5,
    0xd7, 0xbd, 0xd7, 0xbd, 0xf7, 0xc5, 0xf7, 0xc5, 0xd7, 0xbd, 0xf7, 0xc5,
    0xf7, 0xc5, 0xf7, 0xbd, 0xd6, 0xbd, 0xf7, 0xc5, 0xf7, 0xc5, 0xd7, 0xbd,
    0x17, 0xc6, 0xb6, 0xbd, 0xd6, 0xbd, 0xf7, 0xc5, 0xf7, 0xc5, 0x17, 0xc6,
    0x18, 0xc6, 0x17, 0xc6, 0x58, 0xce, 0x58, 0xce, 0x79, 0xd6, 0x18, 0xc6,
    0x5c, 0xef, 0xf7, 0xbd, 0x48, 0x52, 0x8b, 0x7b, 0xaa, 0x83, 0x8a, 0x8b,
    0x8a, 0x8b, 0x8a, 0x8b, 0x89, 0x8b, 0xaa, 0x93, 0xaa, 0x93, 0x0b, 0x9c,
    0xc8, 0x62, 0xea, 0x5a, 0xea, 0x62, 0xcb, 0x8b, 0x0a, 0x9c, 0xca, 0x9b,
    0xca, 0x9b, 0xc9, 0x9b, 0xe9, 0x93, 0xad, 0x73, 0xae, 0x6b, 0x0f, 0x7c,
    0xac, 0x8b, 0x8c, 0x6b, 0x2d, 0x9c, 0x4a, 0xac, 0x6b, 0xb4, 0x6b, 0xb4,
    0x4b, 0xac, 0x6b, 0xac, 0x8c, 0xb4, 0x8c, 0xac, 0x8c, 0xb4, 0x8b, 0xb4,
    0x8b, 0xb4, 0x8b, 0xb4, 0x6b, 0xac, 0x8b, 0xac, 0x8c, 0xb4, 0xab, 0xb4,
    0xcc, 0xb4, 0xe5, 0x51, 0x4d, 0x9c, 0xcd, 0xa4, 0xb2, 0x94, 0xd3, 0x74,
    0xf4, 0x74, 0xf2, 0x7c, 0x92, 0x8c, 0x91, 0x8c, 0xb1, 0x8c, 0x90, 0x8c,
    0x90, 0x8c, 0x6e, 0x94, 0x6f, 0x9c, 0x6e, 0x9c, 0x8e, 0xa4, 0x51, 0xbd,
    0x90, 0xc5, 0x91, 0xc5, 0x6f, 0xbd, 0xf1, 0xcd, 0xf2, 0xd5, 0xb1, 0xc5,
    0x2f, 0xb5, 0x30, 0xb5, 0xf3, 0xcd, 0x51, 0xbd, 0x72, 0xbd, 0x51, 0xbd,
    0x10, 0xb5, 0xf0, 0xb4, 0xce, 0xb4, 0xac, 0xb4, 0x8b, 0xb4, 0x8a, 0xb4,
    0x8b, 0xb4, 0x8d, 0xb4, 0x0c, 0x9c, 0x28, 0x7b, 0xe8, 0x7a, 0xe4, 0x51,
    0xa7, 0x6a, 0x8b, 0x8b, 0xae, 0xac, 0x8b, 0x83, 0x2a, 0x7b, 0x2a, 0x7b,
    0x29, 0x7b, 0x0a, 0xa4, 0xa5, 0x6a, 0xf2, 0xac, 0x93, 0xbd, 0x73, 0xbd,
    0xb0, 0xa4, 0xa9, 0x6a, 0xe8, 0x6a, 0xc9, 0x6a, 0xc9, 0x6a, 0xa7, 0x6a,
    0x8d, 0xac, 0xce, 0xac, 0xa4, 0x49, 0x09, 0x73, 0x0d, 0x94, 0xac, 0x8b,
    0x8c, 0x83, 0xed, 0x8b, 0xcc, 0x8b, 0x8c, 0x83, 0x2a, 0x73, 0x87, 0x72,
    0x06, 0x8a, 0xe6, 0x91, 0xe6, 0x81, 0xa5, 0x71, 0x23, 0x59, 0x27, 0x82,
    0xa5, 0x81, 0x29, 0x7a, 0x07, 0x52, 0x27, 0x52, 0x47, 0x52, 0x48, 0x5a,
    0xe6, 0x51, 0x89, 0x62, 0x06, 0x52, 0x27, 0x52, 0x26, 0x52, 0x06, 0x52,
    0x06, 0x52, 0x07, 0x52, 0x06, 0x52, 0x26, 0x52, 0x27, 0x52, 0x06, 0x52,
    0x06, 0x4a, 0xe5, 0x49, 0xe5, 0x49, 0xe6, 0x49, 0x06, 0x52, 0x67, 0x5a,
    0xc9, 0x62, 0xa9, 0x62, 0xa8, 0x6a, 0xa9, 0x6a, 0x88, 0x62, 0x88, 0x62,
    0xa9, 0x6a, 0xc9, 0x72, 0xa9, 0x6a, 0xa9, 0x6a, 0xa9, 0x6a, 0xa9, 0x62,
    0x89, 0x62, 0xa9, 0x6a, 0xa9, 0x62, 0xa9, 0x6a, 0xa9, 0x6a, 0xa9, 0x62,
    0x88, 0x62, 0xa9, 0x6a, 0x89, 0x62, 0x89, 0x62, 0x88, 0x62, 0x88, 0x62,
    0x89, 0x62, 0xa9, 0x6a, 0xa9, 0x62, 0xa9, 0x62, 0xa9, 0x6a, 0xc9, 0x6a,
    0xea, 0x6a, 0xc9, 0x6a, 0xc9, 0x6a, 0xc9, 0x6a, 0xc9, 0x72, 0xc9, 0x6a,
    0xca, 0x72, 0xc9, 0x6a, 0x0a, 0x73, 0xc9, 0x6a, 0xa9, 0x6a, 0x88, 0x62,
    0xa9, 0x6a, 0x88, 0x62, 0x89, 0x62, 0xa9, 0x6a, 0xc8, 0x6a, 0xc9, 0x72,
    0xc9, 0x6a, 0xe9, 0x72, 0x88, 0x62, 0xe5, 0x51, 0xa5, 0x49, 0xa5, 0x49,
    0x84, 0x49, 0xa5, 0x59, 0x44, 0x59, 0xc2, 0x58, 0x08, 0x8b, 0x04, 0x6a,
    0x84, 0x51, 0xa5, 0x51, 0xa4, 0x51, 0xa4, 0x51, 0xc4, 0x59, 0xa4, 0x59,
    0xa4, 0x59, 0xa4, 0x51, 0xc4, 0x59, 0xc4, 0x59, 0xe5, 0x59, 0x06, 0x5a,
    0xe5, 0x51, 0xc5, 0x51, 0xa5, 0x49, 0x27, 0x5a, 0xee, 0x8b, 0xd2, 0xa4,
    0x54, 0xbd, 0x8c, 0x83, 0x67, 0x5a, 0xe9, 0x72, 0x06, 0x5a, 0x06, 0x5a,
    0x27, 0x62, 0x47, 0x62, 0x47, 0x6a, 0x47, 0x62, 0x88, 0x6a, 0xea, 0x72,
    0x4c, 0x83, 0x0f, 0x9c, 0xcd, 0x83, 0x0b, 0x73, 0xad, 0x7b, 0xa9, 0x62,
    0xe6, 0x49, 0x07, 0x4a, 0x07, 0x52, 0x07, 0x5a, 0xaa, 0x72, 0x27, 0x62,
    0xca, 0x7a, 0x2f, 0xa4, 0x0a, 0x83, 0xca, 0x7a, 0x50, 0xa4, 0xb5, 0xc5,
    0x58, 0xd6, 0x37, 0xc6, 0x95, 0xbd, 0x17, 0xc6, 0x58, 0xce, 0x16, 0xc6,
    0x16, 0xc6, 0x57, 0xce, 0x78, 0xd6, 0x37, 0xc6, 0x37, 0xce, 0x17, 0xc6,
    0x38, 0xce, 0x38, 0xce, 0x17, 0xc6, 0x38, 0xce, 0x38, 0xc6, 0x38, 0xce,
    0x38, 0xce, 0x58, 0xc6, 0x59, 0xce, 0x58, 0xce, 0x58, 0xce, 0x59, 0xce,
    0x38, 0xce, 0x59, 0xce, 0x79, 0xce, 0xb2, 0xc4, 0xd6, 0xbd, 0xd6, 0xbd,
    0xf7, 0xbd, 0xf7, 0xc5, 0xf7, 0xbd, 0xf7, 0xbd, 0xf7, 0xc5, 0xd7, 0xbd,
    0xf7, 0xbd, 0xf7, 0xbd, 0xd6, 0xbd, 0xf7, 0xc5, 0xf7, 0xc5, 0xd6, 0xbd,
    0xd6, 0xbd, 0xd6, 0xbd, 0xf7, 0xc5, 0xf7, 0xc5, 0x17, 0xc6, 0xd7, 0xbd,
    0xf7, 0xbd, 0xf7, 0xc5, 0xd6, 0xbd, 0xf7, 0xc5, 0xf7, 0xbd, 0xf7, 0xc5,
    0xd6, 0xbd, 0xf7, 0xc5, 0xb6, 0xb5, 0xf7, 0xbd, 0xd6, 0xbd, 0xf7, 0xbd,
    0xf7, 0xbd, 0x17, 0xc6, 0x18, 0xce, 0x58, 0xce, 0x58, 0xce, 0x79, 0xd6,
    0x38, 0xce, 0x5c, 0xef, 0x13, 0xa5, 0x07, 0x4a, 0x8c, 0x83, 0xab, 0x8b,
    0xab, 0x8b, 0x8a, 0x8b, 0x8a, 0x8b, 0xaa, 0x8b, 0x89, 0x8b, 0x8a, 0x93,
    0xea, 0x9b, 0xe8, 0x5a, 0xca, 0x52, 0xa9, 0x5a, 0xec, 0x93, 0xea, 0x93,
    0xca, 0x9b, 0xc9, 0x9b, 0xc9, 0x9b, 0xc9, 0x9b, 0xcc, 0x83, 0xf0, 0x6b,
    0x0f, 0x74, 0x0d, 0x7c, 0xad, 0x7b, 0x0c, 0x94, 0x0a, 0x9c, 0x6c, 0xb4,
    0x6b, 0xb4, 0x4b, 0xac, 0xcd, 0xbc, 0xad, 0xb4, 0xad, 0xac, 0x8c, 0xac,
    0x8c, 0xac, 0x8c, 0xb4, 0x8b, 0xac, 0x8b, 0xac, 0x8c, 0xb4, 0x8c, 0xb4,
    0x8b, 0xb4, 0x8b, 0xac, 0xcc, 0x93, 0xa6, 0x62, 0xee, 0xac, 0xb0, 0x9c,
    0xd3, 0x84, 0xf4, 0x7c, 0xd4, 0x7c, 0xf3, 0x7c, 0xb2, 0x8c, 0xb1, 0x94,
    0x90, 0x8c, 0xb1, 0x94, 0x90, 0x94, 0xaf, 0x9c, 0x8e, 0x9c, 0x6e, 0x9c,
    0x6e, 0xa4, 0x91, 0xc5, 0x71, 0xbd, 0xb2, 0xc5, 0x93, 0xc5, 0x93, 0xc5,
    0xf0, 0xb4, 0x31, 0xbd, 0x72, 0xbd, 0x92, 0xbd, 0x93, 0xbd, 0xb3, 0xc5,
    0x51, 0xbd, 0xf0, 0xb4, 0xcf, 0xb4, 0xce, 0xb4, 0xac, 0xb4, 0x8b, 0xb4,
    0x8c, 0xb4, 0xad, 0xb4, 0x8e, 0xac, 0xaf, 0xb4, 0x09, 0x73, 0xe8, 0x6a,
    0x6a, 0x7b, 0xe5, 0x51, 0xa7, 0x6a, 0x2d, 0x9c, 0x4d, 0xa4, 0x8b, 0x8b,
    0x2a, 0x7b, 0x09, 0x73, 0xcb, 0x93, 0xea, 0xa3, 0x67, 0x8b, 0x53, 0xbd,
    0x94, 0xbd, 0x53, 0xb5, 0x2e, 0x94, 0xc8, 0x6a, 0xc8, 0x6a, 0xc8, 0x6a,
    0xc8, 0x6a, 0x87, 0x62, 0x08, 0x73, 0x33, 0xde, 0x11, 0xb5, 0x93, 0xc5,
    0x56, 0xd6, 0x4e, 0x9c, 0x4a, 0x7b, 0x2a, 0x7b, 0xc8, 0x6a, 0x09, 0x73,
    0xe9, 0x72, 0xa8, 0x72, 0xe5, 0x69, 0x84, 0x51, 0x06, 0x62, 0x67, 0x6a,
    0x88, 0x6a, 0xc8, 0x6a, 0x0a, 0x93, 0x07, 0x62, 0x26, 0x52, 0x27, 0x5a,
    0x07, 0x52, 0x47, 0x5a, 0x06, 0x52, 0x28, 0x5a, 0x47, 0x5a, 0x26, 0x52,
    0x27, 0x5a, 0x06, 0x52, 0x26, 0x52, 0x27, 0x52, 0x26, 0x52, 0x26, 0x52,
    0x06, 0x4a, 0x06, 0x52, 0x06, 0x52, 0x27, 0x52, 0x67, 0x5a, 0x68, 0x5a,
    0x47, 0x5a, 0xa8, 0x62, 0xa8, 0x62, 0xa9, 0x6a, 0xa9, 0x6a, 0xa9, 0x6a,
    0xa8, 0x6a, 0x88, 0x6a, 0x89, 0x6a, 0xa9, 0x6a, 0xa9, 0x6a, 0xa9, 0x6a,
    0xa9, 0x6a, 0x89, 0x62, 0x89, 0x6a, 0x88, 0x62, 0xa9, 0x62, 0xa9, 0x6a,
    0xa9, 0x6a, 0xa9, 0x62, 0x88, 0x62, 0x88, 0x62, 0xa8, 0x62, 0xa9, 0x62,
    0xa9, 0x62, 0x88, 0x62, 0x88, 0x62, 0xa9, 0x6a, 0xa9, 0x6a, 0xa9, 0x6a,
    0xc9, 0x6a, 0xc9, 0x6a, 0xc9, 0x6a, 0xca, 0x6a, 0xc9, 0x72, 0xc9, 0x6a,
    0xca, 0x72, 0xc9, 0x72, 0xc9, 0x6a, 0xc9, 0x6a, 0x0a, 0x73, 0xea, 0x72,
    0xa9, 0x62, 0x89, 0x62, 0xa9, 0x6a, 0xa9, 0x62, 0xa9, 0x6a, 0xa8, 0x6a,
    0xa8, 0x62, 0xc9, 0x6a, 0xc9, 0x72, 0xc8, 0x6a, 0xc9, 0x6a, 0xe6, 0x51,
    0xa5, 0x49, 0x84, 0x41, 0x64, 0x49, 0x84, 0x51, 0xa6, 0x61, 0xa1, 0x50,
    0x62, 0x61, 0xa1, 0x61, 0xa2, 0x59, 0xa4, 0x51, 0xa4, 0x51, 0xc4, 0x51,
    0xc4, 0x59, 0xa4, 0x61, 0xa3, 0x61, 0xa3, 0x59, 0xa3, 0x51, 0xc5, 0x51,
    0xc4, 0x51, 0xe4, 0x51, 0xc4, 0x51, 0xe6, 0x51, 0x48, 0x5a, 0x91, 0xa4,
    0x37, 0xce, 0x13, 0xad, 0x4c, 0x7b, 0x0e, 0x8c, 0xe9, 0x6a, 0xe6, 0x51,
    0x26, 0x62, 0x27, 0x62, 0x27, 0x62, 0x47, 0x62, 0x27, 0x62, 0x27, 0x62,
    0x68, 0x62, 0x6c, 0x7b, 0x70, 0x9c, 0xca, 0x6a, 0x07, 0x52, 0xca, 0x6a,
    0x07, 0x52, 0x88, 0x62, 0x07, 0x52, 0x07, 0x5a, 0x27, 0x5a, 0x48, 0x5a,
    0xc6, 0x51, 0x6c, 0x8b, 0x6c, 0x8b, 0xca, 0x72, 0x90, 0x9c, 0xd5, 0xbd,
    0x78, 0xd6, 0x37, 0xc6, 0xd5, 0xbd, 0xf6, 0xc5, 0x37, 0xce, 0x37, 0xce,
    0x17, 0xc6, 0x17, 0xc6, 0x98, 0xd6, 0x58, 0xce, 0x17, 0xc6, 0x16, 0xc6,
    0x57, 0xce, 0x38, 0xce, 0x38, 0xc6, 0x38, 0xce, 0x38, 0xc6, 0x58, 0xce,
    0x38, 0xce, 0x38, 0xce, 0x58, 0xce, 0x38, 0xce, 0x59, 0xce, 0x38, 0xce,
    0x59, 0xce, 0x58, 0xce, 0x58, 0xce, 0x58, 0xce, 0x59, 0xce, 0x71, 0xc4,
    0xd6, 0xbd, 0xf7, 0xbd, 0xf7, 0xbd, 0xd6, 0xbd, 0xd6, 0xbd, 0xd7, 0xbd,
    0xd6, 0xbd, 0xf7, 0xbd, 0xf7, 0xbd, 0xd6, 0xbd, 0xf7, 0xbd, 0xd7, 0xbd,
    0xd7, 0xbd, 0xf7, 0xbd, 0x17, 0xc6, 0x17, 0xc6, 0x17, 0xc6, 0xf7, 0xbd,
    0x17, 0xc6, 0xf7, 0xc5, 0x17, 0xc6, 0xf7, 0xc5, 0xf7, 0xc5, 0xd7, 0xbd,
    0xf7, 0xc5, 0xd6, 0xbd, 0x17, 0xc6, 0xd5, 0xbd, 0x16, 0xc6, 0xf6, 0xbd,
    0xf6, 0xbd, 0xf6, 0xc5, 0x16, 0xc6, 0x17, 0xbe, 0x17, 0xc6, 0xf6, 0xbd,
    0x38, 0xc6, 0x58, 0xce, 0x1b, 0xe7, 0xd1, 0x9c, 0x67, 0x52, 0x8a, 0x83,
    0xab, 0x8b, 0xaa, 0x8b, 0x8a, 0x8b, 0x8a, 0x8b, 0xaa, 0x8b, 0x89, 0x8b,
    0xaa, 0x8b, 0xeb, 0x9b, 0x09, 0x6b, 0x89, 0x4a, 0x89, 0x52, 0xec, 0x93,
    0xcb, 0x93, 0xc9, 0x9b, 0xca, 0x9b, 0xa9, 0x9b, 0xc8, 0x9b, 0xeb, 0x8b,
    0x0f, 0x6c, 0x11, 0x5c, 0x2f, 0x7c, 0x0d, 0x84, 0x2d, 0x94, 0xca, 0x8b,
    0x2a, 0xa4, 0xcd, 0xb4, 0x4c, 0xac, 0x0f, 0xb5, 0xcf, 0xac, 0xcf, 0xa4,
    0xcf, 0xa4, 0xce, 0xac, 0xaf, 0xac, 0xac, 0xac, 0x8b, 0xac, 0x8c, 0xac,
    0x8c, 0xac, 0x8c, 0xb4, 0x8b, 0xb4, 0x0f, 0xbd, 0x83, 0x41, 0x2f, 0xb5,
    0xae, 0xac, 0xd0, 0x94, 0x12, 0x8d, 0xf4, 0x84, 0xd4, 0x84, 0xd3, 0x84,
    0xb1, 0x8c, 0xb1, 0x8c, 0xf2, 0x94, 0xb1, 0x94, 0x8f, 0x94, 0x2d, 0x94,
    0x6e, 0x9c, 0x8f, 0xa4, 0x30, 0xbd, 0xb2, 0xcd, 0xf3, 0xd5, 0xb2, 0xcd,
    0x93, 0xc5, 0xb3, 0xc5, 0xb3, 0xc5, 0xf4, 0xc5, 0xf4, 0xcd, 0x76, 0xde,
    0x15, 0xce, 0xaf, 0xac, 0x30, 0xbd, 0xce, 0xb4, 0xce, 0xb4, 0xce, 0xb4,
    0x2c, 0xa4, 0x69, 0x8b, 0x2b, 0xa4, 0xae, 0xb4, 0x8e, 0xac, 0xaf, 0xac,
    0xe9, 0x72, 0x09, 0x73, 0x46, 0x5a, 0x47, 0x5a, 0x67, 0x62, 0x0d, 0x94,
    0x4e, 0xa4, 0x6a, 0x83, 0x0a, 0x73, 0x2a, 0x7b, 0xaa, 0x93, 0x0a, 0xa4,
    0xe6, 0x7a, 0x33, 0xbd, 0x73, 0xb5, 0xd1, 0xa4, 0x0a, 0x73, 0xc8, 0x6a,
    0xc8, 0x6a, 0xa7, 0x62, 0xab, 0x83, 0x8f, 0xac, 0x31, 0xbd, 0x13, 0xd6,
    0x35, 0xde, 0x15, 0xd6, 0xed, 0x8b, 0x88, 0x62, 0xc8, 0x6a, 0x88, 0x6a,
    0x46, 0x62, 0x67, 0x62, 0xa8, 0x6a, 0xe9, 0x72, 0xc8, 0x6a, 0x87, 0x62,
    0x27, 0x5a, 0x26, 0x5a, 0x26, 0x5a, 0x46, 0x5a, 0xc9, 0x6a, 0x27, 0x5a,
    0x06, 0x52, 0x27, 0x5a, 0x27, 0x52, 0xe6, 0x51, 0x06, 0x52, 0x27, 0x52,
    0x88, 0x62, 0x26, 0x5a, 0x27, 0x5a, 0x27, 0x52, 0x06, 0x52, 0x26, 0x52,
    0x07, 0x52, 0x07, 0x52, 0x27, 0x52, 0x06, 0x52, 0x27, 0x52, 0x27, 0x52,
    0x47, 0x52, 0x67, 0x5a, 0x68, 0x5a, 0xa9, 0x6a, 0xa9, 0x62, 0xa9, 0x6a,
    0xc9, 0x62, 0xa8, 0x6a, 0xe8, 0x72, 0xa9, 0x6a, 0xa9, 0x6a, 0xa9, 0x6a,
    0xa9, 0x6a, 0xa9, 0x6a, 0xa9, 0x6a, 0x88, 0x62, 0xa9, 0x6a, 0x88, 0x62,
    0xa8, 0x62, 0xc9, 0x6a, 0xc9, 0x6a, 0xa9, 0x6a, 0x88, 0x62, 0x88, 0x62,
    0xa9, 0x62, 0xa8, 0x6a, 0xa8, 0x62, 0x88, 0x62, 0xa8, 0x62, 0xa9, 0x62,
    0xa9, 0x6a, 0xc9, 0x6a, 0xa9, 0x6a, 0xc9, 0x72, 0xc9, 0x72, 0xc9, 0x72,
    0xca, 0x6a, 0xc9, 0x6a, 0xca, 0x72, 0xc9, 0x6a, 0xca, 0x72, 0xc9, 0x6a,
    0x0a, 0x73, 0x0b, 0x7b, 0x88, 0x62, 0xa9, 0x6a, 0xa9, 0x62, 0xa9, 0x6a,
    0xa9, 0x62, 0x88, 0x62, 0xa8, 0x6a, 0xa9, 0x6a, 0xc9, 0x6a, 0xc9, 0x72,
    0xc9, 0x72, 0x47, 0x5a, 0xe5, 0x51, 0x84, 0x41, 0x84, 0x49, 0x44, 0x49,
    0xc5, 0x59, 0xe2, 0x50, 0x22, 0x69, 0x82, 0x69, 0xa2, 0x61, 0x84, 0x59,
    0xa4, 0x59, 0xc5, 0x59, 0xa4, 0x61, 0x82, 0x79, 0x81, 0x79, 0xa2, 0x71,
    0xe4, 0x69, 0xc4, 0x51, 0xc4, 0x51, 0xe9, 0x6a, 0x2e, 0x8c, 0x30, 0x94,
    0xb5, 0xc5, 0xf6, 0xcd, 0x2b, 0x73, 0x2f, 0x94, 0xf2, 0xb4, 0x06, 0x52,
    0xe6, 0x59, 0x07, 0x62, 0x26, 0x62, 0x26, 0x62, 0x26, 0x62, 0x26, 0x62,
    0x47, 0x62, 0x27, 0x62, 0x07, 0x62, 0xe6, 0x51, 0xe6, 0x51, 0x26, 0x52,
    0x47, 0x5a, 0xe6, 0x51, 0x06, 0x52, 0x07, 0x52, 0x06, 0x52, 0xe6, 0x59,
    0x68, 0x6a, 0x27, 0x62, 0xa9, 0x72, 0x6c, 0x83, 0x74, 0xbd, 0x94, 0xb5,
    0x17, 0xce, 0x58, 0xce, 0xb5, 0xbd, 0xb5, 0xbd, 0x16, 0xc6, 0x78, 0xce,
    0x37, 0xce, 0x37, 0xc6, 0x37, 0xce, 0x99, 0xd6, 0x16, 0xc6, 0x17, 0xc6,
    0x37, 0xce, 0x57, 0xce, 0x17, 0xc6, 0x38, 0xce, 0x58, 0xce, 0x37, 0xc6,
    0x38, 0xce, 0x58, 0xce, 0x58, 0xce, 0x59, 0xce, 0x38, 0xc6, 0x38, 0xce,
    0x58, 0xce, 0x38, 0xce, 0x59, 0xce, 0x59, 0xce, 0x18, 0xc6, 0x58, 0xce,
    0x59, 0xce, 0x0f, 0xb4, 0xf7, 0xbd, 0xd7, 0xbd, 0xf7, 0xbd, 0xf7, 0xc5,
    0xf7, 0xbd, 0xf7, 0xbd, 0xf7, 0xbd, 0xd6, 0xbd, 0xd6, 0xbd, 0xf7, 0xbd,
    0xf7, 0xbd, 0xd6, 0xbd, 0xf7, 0xbd, 0xf7, 0xbd, 0xf7, 0xbd, 0xf7, 0xbd,
    0xf7, 0xc5, 0x17, 0xbe, 0x17, 0xc6, 0xf7, 0xc5, 0xf7, 0xbd, 0x17, 0xc6,
    0x17, 0xc6, 0xf7, 0xc5, 0xf6, 0xbd, 0x17, 0xc6, 0xd6, 0xbd, 0x16, 0xc6,
    0xd6, 0xbd, 0xf6, 0xc5, 0xf6, 0xc5, 0x16, 0xc6, 0x17, 0xc6, 0x18, 0xc6,
    0x18, 0xce, 0x17, 0xce, 0x57, 0xce, 0x17, 0xc6, 0x8c, 0x73, 0x88, 0x5a,
    0x2a, 0x73, 0xcb, 0x93, 0x8a, 0x8b, 0x8a, 0x83, 0x8a, 0x8b, 0x89, 0x8b,
    0xaa, 0x8b, 0xca, 0x93, 0xca, 0x93, 0x69, 0x73, 0xe7, 0x41, 0xca, 0x62,
    0xec, 0x93, 0xca, 0x9b, 0xc9, 0x9b, 0xca, 0x9b, 0xa9, 0x93, 0xa9, 0x93,
    0xc9, 0x9b, 0xef, 0x6b, 0x51, 0x5c, 0x30, 0x6c, 0x0e, 0x84, 0x0d, 0x84,
    0xcb, 0x8b, 0xea, 0x9b, 0xcc, 0xbc, 0x2b, 0xa4, 0xce, 0xb4, 0xf0, 0xa4,
    0xd0, 0x9c, 0xd0, 0x9c, 0xf0, 0x9c, 0xd0, 0xa4, 0xcf, 0xa4, 0xac, 0xb4,
    0x8c, 0xb4, 0xac, 0xac, 0x8c, 0xb4, 0x8c, 0xac, 0xef, 0xbc, 0xc8, 0x6a,
    0xec, 0x93, 0xef, 0xac, 0xae, 0x9c, 0xb0, 0x94, 0xd1, 0x8c, 0xd1, 0x8c,
    0xd2, 0x94, 0xb0, 0x8c, 0x90, 0x8c, 0x90, 0x94, 0x70, 0x8c, 0xf1, 0xa4,
    0x6e, 0x9c, 0x8d, 0xac, 0xcf, 0xac, 0x91, 0xc5, 0x70, 0xc5, 0x8d, 0xa4,
    0x0c, 0x9c, 0x71, 0xc5, 0x14, 0xce, 0xf4, 0xcd, 0x76, 0xde, 0xd4, 0xc5,
    0x51, 0xbd, 0x2c, 0xa4, 0x29, 0x7b, 0x69, 0x8b, 0x6d, 0xac, 0x0b, 0x9c,
    0x8a, 0x8b, 0xa7, 0x6a, 0xa5, 0x51, 0x2a, 0x83, 0x0c, 0x9c, 0xae, 0xac,
    0xae, 0xac, 0xaf, 0xac, 0xc8, 0x72, 0x09, 0x73, 0x26, 0x52, 0x67, 0x62,
    0x67, 0x62, 0xec, 0x8b, 0x6e, 0xa4, 0x4a, 0x7b, 0x0a, 0x73, 0xcd, 0x8b,
    0xcb, 0x93, 0x2b, 0xa4, 0x8a, 0x8b, 0x6f, 0xa4, 0x6f, 0x9c, 0xe8, 0x6a,
    0x86, 0x62, 0xe8, 0x72, 0xcc, 0x8b, 0xaf, 0xac, 0xae, 0xa4, 0x8e, 0xa4,
    0xf0, 0xb4, 0xd3, 0xd5, 0x11, 0xb5, 0xc8, 0x6a, 0xc8, 0x62, 0xe5, 0x51,
    0x05, 0x52, 0xa8, 0x62, 0x4a, 0x7b, 0x09, 0x73, 0x67, 0x62, 0x46, 0x52,
    0x46, 0x5a, 0x27, 0x5a, 0x26, 0x52, 0x26, 0x52, 0x26, 0x4a, 0x46, 0x52,
    0x26, 0x4a, 0xe9, 0x6a, 0x26, 0x52, 0x27, 0x5a, 0x26, 0x52, 0x27, 0x52,
    0x47, 0x5a, 0x48, 0x5a, 0x88, 0x62, 0x47, 0x5a, 0x47, 0x5a, 0x47, 0x52,
    0x27, 0x52, 0x47, 0x52, 0x06, 0x52, 0x47, 0x5a, 0x27, 0x52, 0x06, 0x52,
    0x07, 0x52, 0x27, 0x52, 0x47, 0x5a, 0x67, 0x5a, 0x88, 0x62, 0xa8, 0x62,
    0xa9, 0x6a, 0xa8, 0x62, 0xea, 0x72, 0xa8, 0x6a, 0x6b, 0x83, 0xca, 0x72,
    0x68, 0x6a, 0xa9, 0x6a, 0xa9, 0x6a, 0x89, 0x6a, 0x89, 0x6a, 0xa9, 0x62,
    0x89, 0x62, 0x89, 0x6a, 0x88, 0x62, 0xa9, 0x62, 0xa8, 0x62, 0xa8, 0x62,
    0xa9, 0x62, 0x88, 0x6a, 0xa9, 0x62, 0xa9, 0x62, 0xa9, 0x62, 0xa8, 0x62,
    0xa8, 0x62, 0xc9, 0x62, 0xa9, 0x6a, 0xa9, 0x6a, 0xc9, 0x6a, 0xc9, 0x6a,
    0xc9, 0x6a, 0xc9, 0x6a, 0xc9, 0x6a, 0xc9, 0x72, 0xc9, 0x6a, 0xea, 0x6a,
    0xc9, 0x72, 0xc9, 0x6a, 0x0b, 0x73, 0x2b, 0x7b, 0x88, 0x62, 0xa9, 0x6a,
    0xa9, 0x6a, 0xa9, 0x6a, 0xa9, 0x62, 0xa8, 0x62, 0xa8, 0x6a, 0xa9, 0x6a,
    0xc9, 0x6a, 0xc9, 0x6a, 0xe9, 0x72, 0x88, 0x6a, 0x07, 0x5a, 0x84, 0x41,
    0x64, 0x49, 0x64, 0x49, 0xa5, 0x51, 0x85, 0x59, 0xe2, 0x60, 0x83, 0x71,
    0xc3, 0x71, 0xa4, 0x61, 0xa5, 0x61, 0xa5, 0x61, 0x84, 0x69, 0x62, 0x79,
    0x61, 0x89, 0x81, 0x81, 0xa2, 0x79, 0x83, 0x61, 0x67, 0x6a, 0x74, 0xbd,
    0x33, 0xad, 0x75, 0xbd, 0x0e, 0x8c, 0xea, 0x6a, 0x17, 0xce, 0x2b, 0x73,
    0xc5, 0x49, 0x06, 0x5a, 0x07, 0x62, 0x06, 0x62, 0x06, 0x5a, 0x06, 0x5a,
    0x06, 0x62, 0x06, 0x5a, 0x27, 0x62, 0x27, 0x62, 0x07, 0x62, 0x47, 0x62,
    0x07, 0x5a, 0x06, 0x52, 0xe6, 0x51, 0x07, 0x52, 0x06, 0x52, 0x06, 0x52,
    0x27, 0x5a, 0x07, 0x52, 0x84, 0x41, 0x68, 0x62, 0xf2, 0xac, 0x99, 0xd6,
    0x57, 0xce, 0x57, 0xce, 0x37, 0xce, 0xd5, 0xbd, 0xf6, 0xc5, 0x78, 0xd6,
    0x58, 0xce, 0x37, 0xce, 0x37, 0xc6, 0x37, 0xce, 0x37, 0xc6, 0xf6, 0xbd,
    0x16, 0xc6, 0x58, 0xce, 0x37, 0xc6, 0x37, 0xc6, 0x57, 0xce, 0x38, 0xce,
    0xf7, 0xc5, 0x37, 0xc6, 0x58, 0xce, 0x38, 0xce, 0x38, 0xce, 0x58, 0xce,
    0x38, 0xc6, 0x38, 0xc6, 0x38, 0xce, 0x79, 0xce, 0x38, 0xce, 0x58, 0xce,
    0x38, 0xce, 0x38, 0xce, 0x7a, 0xce, 0x8c, 0xab, 0xd6, 0xbd, 0xf7, 0xbd,
    0xf7, 0xbd, 0x17, 0xc6, 0xf7, 0xbd, 0xd6, 0xbd, 0xd6, 0xbd, 0xd6, 0xbd,
    0xd6, 0xbd, 0xd6, 0xbd, 0xd6, 0xbd, 0xd6, 0xbd, 0xd6, 0xbd, 0xd7, 0xbd,
    0xf7, 0xbd, 0xf7, 0xc5, 0xf7, 0xbd, 0xf7, 0xbd, 0xf7, 0xc5, 0x17, 0xc6,
    0x18, 0xc6, 0xf7, 0xbd, 0xf7, 0xc5, 0xf7, 0xbd, 0x17, 0xc6, 0xf6, 0xbd,
    0xf7, 0xc5, 0xf6, 0xbd, 0xf6, 0xc5, 0x17, 0xc6, 0x16, 0xc6, 0x17, 0xc6,
    0x37, 0xce, 0x92, 0xc5, 0x10, 0xbd, 0xcf, 0xb4, 0x11, 0xb5, 0x6b, 0x7b,
    0xe8, 0x6a, 0x09, 0x73, 0xab, 0x8b, 0xab, 0x8b, 0xaa, 0x8b, 0x8a, 0x83,
    0x8a, 0x83, 0xaa, 0x8b, 0xaa, 0x8b, 0xca, 0x93, 0x8b, 0x8b, 0x08, 0x42,
    0xea, 0x6a, 0x0c, 0x94, 0xc9, 0x93, 0xc9, 0x9b, 0xc9, 0x9b, 0xc9, 0x9b,
    0xa9, 0x93, 0xc9, 0x9b, 0xcc, 0x6b, 0x51, 0x5c, 0x30, 0x64, 0x2f, 0x7c,
    0x0d, 0x84, 0xec, 0x8b, 0xab, 0x8b, 0xac, 0xbc, 0x09, 0xac, 0xad, 0xb4,
    0xf0, 0xac, 0xd1, 0x9c, 0xd1, 0xa4, 0xd2, 0x9c, 0xf1, 0x9c, 0xf0, 0xa4,
    0xce, 0xac, 0xac, 0xb4, 0xad, 0xb4, 0xac, 0xb4, 0x6c, 0xac, 0x8c, 0xac,
    0x10, 0xbd, 0x05, 0x52, 0x30, 0xb5, 0xd0, 0xa4, 0xf0, 0x94, 0xd0, 0x94,
    0xb1, 0x94, 0x90, 0x8c, 0xb0, 0x94, 0xd0, 0x9c, 0xf1, 0xa4, 0xf0, 0xa4,
    0xaf, 0xa4, 0xd0, 0xac, 0xef, 0xb4, 0xcd, 0xb4, 0x6b, 0xb4, 0xab, 0xb4,
    0xce, 0xbc, 0x2c, 0x9c, 0x69, 0x83, 0x29, 0x7b, 0x26, 0x5a, 0x46, 0x62,
    0x46, 0x62, 0x85, 0x6a, 0x48, 0x8b, 0xa7, 0x72, 0x49, 0x8b, 0xc6, 0x72,
    0x89, 0x8b, 0x0c, 0xa4, 0x08, 0x73, 0x45, 0x5a, 0x05, 0x5a, 0xeb, 0x93,
    0x2c, 0x9c, 0x6e, 0xac, 0x8e, 0xac, 0x8e, 0xa4, 0xc8, 0x72, 0xe8, 0x72,
    0x87, 0x5a, 0x68, 0x62, 0x66, 0x62, 0x6a, 0x83, 0x8e, 0xac, 0x29, 0x7b,
    0xe9, 0x72, 0xcd, 0x8b, 0x2d, 0x9c, 0xab, 0x93, 0xe8, 0x72, 0x29, 0x7b,
    0x8b, 0x83, 0x28, 0x7b, 0xeb, 0x93, 0xeb, 0x93, 0xcb, 0x8b, 0x4d, 0x9c,
    0x4c, 0x9c, 0x8a, 0x83, 0x8a, 0x83, 0x6d, 0xa4, 0xec, 0x8b, 0xa3, 0x41,
    0xe8, 0x6a, 0x49, 0x7b, 0xc8, 0x6a, 0x86, 0x5a, 0x05, 0x52, 0x26, 0x52,
    0x26, 0x5a, 0x25, 0x5a, 0x26, 0x52, 0x06, 0x52, 0x06, 0x52, 0x06, 0x4a,
    0xe6, 0x49, 0x27, 0x52, 0x47, 0x52, 0x06, 0x52, 0x68, 0x62, 0x06, 0x52,
    0x47, 0x5a, 0xa9, 0x62, 0xa9, 0x62, 0xa9, 0x6a, 0x88, 0x62, 0x68, 0x5a,
    0x47, 0x5a, 0x47, 0x5a, 0x47, 0x5a, 0x27, 0x52, 0x27, 0x52, 0x27, 0x52,
    0x07, 0x52, 0x06, 0x52, 0x27, 0x52, 0x27, 0x52, 0x47, 0x5a, 0x68, 0x5a,
    0x88, 0x62, 0xa9, 0x62, 0xa9, 0x6a, 0xc9, 0x6a, 0xe9, 0x6a, 0xa8, 0x6a,
    0xcc, 0x93, 0xea, 0x72, 0x68, 0x62, 0xa8, 0x6a, 0xa9, 0x6a, 0xa9, 0x6a,
    0x89, 0x6a, 0xa8, 0x62, 0x88, 0x62, 0x89, 0x62, 0x88, 0x62, 0x88, 0x62,
    0x89, 0x6a, 0x88, 0x62, 0x88, 0x62, 0xa9, 0x6a, 0xc9, 0x6a, 0xc9, 0x62,
    0xa9, 0x62, 0xa9, 0x62, 0xa9, 0x62, 0xc9, 0x6a, 0xc9, 0x6a, 0xc9, 0x6a,
    0xc9, 0x6a, 0xca, 0x6a, 0xc9, 0x6a, 0xc9, 0x6a, 0xc9, 0x6a, 0xca, 0x72,
    0xea, 0x72, 0xe9, 0x72, 0xc9, 0x6a, 0xca, 0x72, 0x2b, 0x7b, 0x0a, 0x7b,
    0xa9, 0x6a, 0xc9, 0x6a, 0xc9, 0x6a, 0xa9, 0x6a, 0xa9, 0x6a, 0xa9, 0x6a,
    0xa8, 0x62, 0xc9, 0x6a, 0xc9, 0x6a, 0xc9, 0x6a, 0x0a, 0x73, 0xe9, 0x72,
    0x47, 0x62, 0xc5, 0x49, 0x64, 0x41, 0x64, 0x49, 0x64, 0x51, 0x85, 0x51,
    0x24, 0x59, 0x63, 0x71, 0xc4, 0x79, 0xa4, 0x61, 0xa5, 0x69, 0xa6, 0x61,
    0x84, 0x69, 0x63, 0x79, 0x60, 0x89, 0x60, 0x81, 0x81, 0x81, 0xc1, 0x79,
    0xa2, 0x61, 0x8d, 0x7b, 0xad, 0x83, 0xaa, 0x62, 0x74, 0xbd, 0x33, 0xb5,
    0xe6, 0x49, 0x27, 0x62, 0xe6, 0x59, 0xc6, 0x59, 0xe6, 0x59, 0xe6, 0x59,
    0x06, 0x5a, 0x06, 0x5a, 0xe6, 0x59, 0x06, 0x62, 0x27, 0x62, 0x48, 0x62,
    0x47, 0x62, 0x06, 0x5a, 0x07, 0x5a, 0x06, 0x5a, 0x07, 0x5a, 0xe7, 0x51,
    0xe6, 0x59, 0xe6, 0x51, 0xa5, 0x49, 0x89, 0x62, 0xf2, 0xac, 0xda, 0xe6,
    0x78, 0xce, 0x17, 0xce, 0x17, 0xc6, 0x16, 0xc6, 0x17, 0xc6, 0x99, 0xde,
    0x58, 0xd6, 0x16, 0xc6, 0x37, 0xce, 0x37, 0xce, 0x58, 0xce, 0x16, 0xc6,
    0x16, 0xc6, 0x37, 0xce, 0x57, 0xce, 0x37, 0xce, 0x58, 0xce, 0x57, 0xce,
    0x16, 0xc6, 0x17, 0xc6, 0x58, 0xce, 0x37, 0xc6, 0x58, 0xce, 0x38, 0xce,
    0x38, 0xce, 0x38, 0xc6, 0x38, 0xce, 0x38, 0xc6, 0x38, 0xce, 0x79, 0xd6,
    0x38, 0xce, 0x58, 0xce, 0x38, 0xce, 0x38, 0xce, 0x9a, 0xd6, 0x4a, 0xab,
    0xd6, 0xbd, 0xd6, 0xbd, 0xd6, 0xbd, 0xf7, 0xbd, 0xf7, 0xc5, 0xf7, 0xbd,
    0xd6, 0xbd, 0xf7, 0xbd, 0xf7, 0xbd, 0xd7, 0xbd, 0xd7, 0xbd, 0xd7, 0xbd,
    0xf7, 0xbd, 0xf7, 0xc5, 0xf7, 0xbd, 0xf7, 0xc5, 0xf7, 0xbd, 0xf7, 0xc5,
    0x17, 0xc6, 0xf7, 0xbd, 0xd7, 0xbd, 0xf7, 0xc5, 0xf7, 0xc5, 0xd7, 0xbd,
    0xf6, 0xc5, 0xf6, 0xc5, 0xf6, 0xc5, 0x15, 0xc6, 0x16, 0xc6, 0x18, 0xc6,
    0x37, 0xc6, 0x36, 0xc6, 0x0f, 0xbd, 0x4a, 0xac, 0x4a, 0xb4, 0x6b, 0xb4,
    0x49, 0x7b, 0x08, 0x73, 0x08, 0x73, 0x8a, 0x8b, 0xaa, 0x8b, 0xaa, 0x8b,
    0xaa, 0x8b, 0x8a, 0x83, 0xaa, 0x83, 0xab, 0x8b, 0xcb, 0x93, 0xca, 0x8b,
    0x48, 0x52, 0x0b, 0x63, 0x0c, 0x94, 0xeb, 0x93, 0xe9, 0x9b, 0xc9, 0x9b,
    0xc9, 0x93, 0xa8, 0x9b, 0xc9, 0xa3, 0xaa, 0x73, 0x32, 0x5c, 0x0f, 0x5c,
    0x2e, 0x7c, 0x0e, 0x8c, 0xec, 0x8b, 0xcb, 0x93, 0x2b, 0xa4, 0x2a, 0xac,
    0x8c, 0xb4, 0xef, 0xb4, 0xf1, 0xa4, 0x12, 0x9d, 0xf1, 0xa4, 0xf0, 0xa4,
    0xcf, 0xac, 0xce, 0xb4, 0xcd, 0xb4, 0xac, 0xb4, 0x8c, 0xb4, 0xac, 0xb4,
    0x8c, 0xac, 0x90, 0xc5, 0x45, 0x5a, 0x8e, 0xa4, 0xcf, 0xa4, 0xd0, 0xa4,
    0xb0, 0x9c, 0xb0, 0x9c, 0xf1, 0xa4, 0xf1, 0xa4, 0xd0, 0xa4, 0xb0, 0xa4,
    0xd0, 0xa4, 0xcf, 0xac, 0xef, 0xb4, 0x6d, 0xb4, 0x6b, 0xb4, 0x6a, 0xbc,
    0xab, 0xbc, 0x4a, 0xac, 0x68, 0x83, 0x69, 0x8b, 0x49, 0x83, 0x08, 0x7b,
    0x04, 0x52, 0x45, 0x62, 0x69, 0x93, 0xa8, 0x9b, 0x0a, 0xa4, 0x22, 0x49,
    0xa6, 0x7a, 0x48, 0x83, 0x89, 0x83, 0x2c, 0xa4, 0xe8, 0x72, 0xc4, 0x51,
    0x66, 0x62, 0xab, 0x8b, 0x2d, 0x9c, 0x4e, 0xac, 0x4e, 0xa4, 0xaf, 0xac,
    0xc8, 0x72, 0xe9, 0x72, 0xa7, 0x62, 0x88, 0x62, 0x67, 0x5a, 0x09, 0x73,
    0x8f, 0xa4, 0xc8, 0x6a, 0x67, 0x62, 0xe5, 0x51, 0x05, 0x52, 0xc8, 0x6a,
    0x0a, 0x7b, 0xab, 0x8b, 0x4c, 0x9c, 0xab, 0x93, 0x0c, 0x9c, 0xec, 0x93,
    0x0d, 0x94, 0x8b, 0x83, 0x29, 0x7b, 0x6a, 0x7b, 0x8c, 0x83, 0x67, 0x5a,
    0x0a, 0x73, 0x09, 0x73, 0x66, 0x5a, 0x06, 0x52, 0x26, 0x5a, 0x26, 0x52,
    0x26, 0x5a, 0x27, 0x5a, 0x26, 0x52, 0x26, 0x52, 0x26, 0x52, 0x06, 0x52,
    0x06, 0x52, 0x06, 0x52, 0x06, 0x52, 0xe6, 0x51, 0xe6, 0x51, 0xe5, 0x49,
    0x47, 0x5a, 0x88, 0x62, 0xc9, 0x6a, 0xa9, 0x6a, 0xc9, 0x6a, 0x88, 0x62,
    0x88, 0x62, 0x47, 0x5a, 0x47, 0x5a, 0x47, 0x5a, 0x27, 0x52, 0x07, 0x52,
    0x06, 0x52, 0x27, 0x52, 0x07, 0x52, 0x26, 0x52, 0x27, 0x5a, 0x47, 0x5a,
    0x68, 0x5a, 0x88, 0x62, 0x89, 0x62, 0xa9, 0x6a, 0xa9, 0x6a, 0xc9, 0x6a,
    0xa8, 0x6a, 0x4b, 0x8b, 0xcc, 0x93, 0xe9, 0x7a, 0x87, 0x6a, 0xa9, 0x6a,
    0xa9, 0x62, 0xa9, 0x62, 0xa9, 0x62, 0x88, 0x62, 0x88, 0x62, 0xa9, 0x62,
    0xa8, 0x6a, 0x88, 0x62, 0x88, 0x62, 0x88, 0x62, 0x88, 0x62, 0xa9, 0x6a,
    0xc9, 0x62, 0xa8, 0x6a, 0xa8, 0x62, 0xa8, 0x62, 0xa9, 0x62, 0xc9, 0x6a,
    0xc9, 0x6a, 0xc9, 0x6a, 0xc9, 0x6a, 0xc9, 0x6a, 0xc9, 0x6a, 0xc9, 0x72,
    0xa9, 0x6a, 0xca, 0x6a, 0xe9, 0x72, 0xca, 0x72, 0xc9, 0x6a, 0xc9, 0x6a,
    0x0a, 0x7b, 0x0a, 0x7b, 0xe9, 0x7a, 0x88, 0x62, 0xc9, 0x6a, 0xa9, 0x62,
    0xa9, 0x62, 0xa9, 0x6a, 0xa9, 0x6a, 0xa9, 0x6a, 0xc9, 0x6a, 0xc9, 0x6a,
    0x0a, 0x7b, 0xe9, 0x72, 0xa8, 0x6a, 0x27, 0x5a, 0x84, 0x49, 0x85, 0x51,
    0x85, 0x51, 0xa5, 0x51, 0x85, 0x61, 0x24, 0x69, 0x84, 0x71, 0xa5, 0x61,
    0xc6, 0x61, 0xc5, 0x61, 0x84, 0x69, 0x61, 0x79, 0x40, 0x81, 0x41, 0x79,
    0x62, 0x79, 0xc1, 0x79, 0xc3, 0x69, 0x36, 0xce, 0x95, 0xbd, 0x74, 0xb5,
    0xca, 0x62, 0x07, 0x52, 0xc6, 0x59, 0xa5, 0x59, 0xc5, 0x59, 0xc5, 0x59,
    0xc5, 0x59, 0xc5, 0x59, 0xe6, 0x59, 0xe6, 0x59, 0x06, 0x5a, 0x06, 0x62,
    0x27, 0x62, 0x07, 0x62, 0x27, 0x62, 0x27, 0x5a, 0x06, 0x5a, 0x07, 0x5a,
    0x27, 0x5a, 0xe6, 0x59, 0xc5, 0x49, 0x67, 0x5a, 0x53, 0xb5, 0xba, 0xe6,
    0x58, 0xce, 0xf6, 0xc5, 0x16, 0xc6, 0x17, 0xc6, 0x37, 0xce, 0x78, 0xd6,
    0x57, 0xce, 0xf6, 0xc5, 0x37, 0xce, 0x37, 0xce, 0x58, 0xce, 0x37, 0xce,
    0x16, 0xc6, 0x37, 0xce, 0x37, 0xce, 0x17, 0xc6, 0x37, 0xce, 0x17, 0xc6,
    0xf6, 0xc5, 0x17, 0xc6, 0x17, 0xc6, 0x37, 0xc6, 0x17, 0xc6, 0x58, 0xce,
    0x38, 0xce, 0x38, 0xce, 0x38, 0xce, 0x38, 0xc6, 0x38, 0xce, 0x38, 0xce,
    0x38, 0xce, 0x59, 0xce, 0x59, 0xce, 0x38, 0xce, 0x58, 0xce, 0x38, 0xc6,
    0xba, 0xd6, 0x2a, 0xb3, 0xd7, 0xbd, 0xf7, 0xbd, 0xd6, 0xbd, 0x17, 0xc6,
    0xd7, 0xbd, 0xf7, 0xc5, 0xf7, 0xc5, 0xf7, 0xbd, 0xf7, 0xbd, 0xf7, 0xc5,
    0xf7, 0xc5, 0xf7, 0xbd, 0xd6, 0xbd, 0xf7, 0xbd, 0x17, 0xc6, 0x17, 0xc6,
    0x17, 0xc6, 0x18, 0xc6, 0xf7, 0xbd, 0xf7, 0xc5, 0x17, 0xc6, 0x17, 0xc6,
    0xf7, 0xbd, 0xf7, 0xc5, 0xf6, 0xbd, 0xf6, 0xbd, 0x16, 0xc6, 0x17, 0xc6,
    0x17, 0xc6, 0x16, 0xc6, 0x15, 0xc6, 0xad, 0xb4, 0x08, 0xac, 0x48, 0xb4,
    0x29, 0xbc, 0x4a, 0xb4, 0x68, 0x8b, 0x08, 0x7b, 0x8b, 0x8b, 0xca, 0x8b,
    0xab, 0x8b, 0xcb, 0x8b, 0x8a, 0x83, 0xaa, 0x8b, 0x8a, 0x83, 0xcc, 0x8b,
    0xaa, 0x8b, 0x6a, 0x7b, 0xea, 0x62, 0xec, 0x93, 0xca, 0x93, 0xea, 0x9b,
    0xe9, 0x9b, 0xc9, 0x9b, 0xc9, 0x93, 0xc9, 0xa3, 0xaa, 0x8b, 0x30, 0x5c,
    0xf0, 0x5b, 0x2d, 0x94, 0xeb, 0x8b, 0xeb, 0x93, 0xca, 0x93, 0xc9, 0x9b,
    0x6a, 0xb4, 0x8c, 0xb4, 0xce, 0xac, 0xae, 0xac, 0xce, 0xac, 0xee, 0xac,
    0xcd, 0xb4, 0xad, 0xbc, 0xec, 0xb4, 0xac, 0xac, 0xac, 0xa4, 0xee, 0xb4,
    0xce, 0xb4, 0xce, 0xb4, 0xad, 0xac, 0x0b, 0x9c, 0x29, 0x83, 0xad, 0xac,
    0xad, 0xa4, 0xcf, 0xac, 0x11, 0xad, 0xf1, 0xac, 0x11, 0xad, 0xf0, 0xb4,
    0xf0, 0xac, 0x11, 0xb5, 0xef, 0xb4, 0x0f, 0xbd, 0x0f, 0xc5, 0xcd, 0xb4,
    0xac, 0xac, 0x0a, 0xa4, 0x47, 0x83, 0xc5, 0x72, 0x84, 0x6a, 0xc5, 0x7a,
    0x85, 0x6a, 0xa5, 0x6a, 0xe4, 0x51, 0x45, 0x62, 0xca, 0x9b, 0xc9, 0x9b,
    0x2a, 0xa4, 0x42, 0x49, 0xc6, 0x7a, 0xaa, 0x93, 0x8a, 0x8b, 0x8a, 0x93,
    0xc8, 0x72, 0x87, 0x6a, 0x09, 0x7b, 0xab, 0x8b, 0x4e, 0xa4, 0x2e, 0xa4,
    0x8f, 0xa4, 0xaf, 0xa4, 0x0a, 0x73, 0x6b, 0x7b, 0x09, 0x73, 0xe6, 0x49,
    0x88, 0x62, 0x67, 0x62, 0x88, 0x62, 0xe5, 0x51, 0xa8, 0x6a, 0x09, 0x73,
    0x4a, 0x7b, 0x4a, 0x7b, 0xe9, 0x72, 0x47, 0x62, 0x6b, 0x83, 0xe9, 0x72,
    0x47, 0x5a, 0xe5, 0x49, 0xa8, 0x62, 0x47, 0x5a, 0x27, 0x52, 0x27, 0x52,
    0x27, 0x52, 0x48, 0x5a, 0x27, 0x5a, 0x26, 0x52, 0x27, 0x5a, 0x47, 0x5a,
    0x27, 0x52, 0x27, 0x52, 0x26, 0x52, 0x27, 0x5a, 0x27, 0x52, 0x27, 0x52,
    0x27, 0x5a, 0x06, 0x52, 0x27, 0x5a, 0x06, 0x52, 0x06, 0x52, 0x26, 0x52,
    0x27, 0x5a, 0x68, 0x62, 0xc9, 0x6a, 0xa9, 0x6a, 0xca, 0x72, 0xc9, 0x6a,
    0xa9, 0x6a, 0xa9, 0x6a, 0x68, 0x62, 0x27, 0x5a, 0x47, 0x5a, 0x27, 0x52,
    0x27, 0x52, 0x27, 0x52, 0x26, 0x52, 0x06, 0x52, 0x27, 0x52, 0x27, 0x52,
    0x47, 0x5a, 0x48, 0x5a, 0x68, 0x5a, 0x88, 0x62, 0xa9, 0x62, 0xa9, 0x62,
    0xa9, 0x6a, 0xc9, 0x6a, 0xa9, 0x6a, 0xcd, 0x9b, 0xcc, 0x9b, 0x09, 0x7b,
    0x88, 0x6a, 0xa9, 0x6a, 0xa9, 0x62, 0xa9, 0x6a, 0x89, 0x62, 0x88, 0x62,
    0x89, 0x62, 0x89, 0x62, 0x88, 0x62, 0x88, 0x62, 0x88, 0x62, 0x88, 0x62,
    0x88, 0x62, 0xa9, 0x62, 0xc9, 0x62, 0xa9, 0x62, 0xa8, 0x6a, 0xa9, 0x62,
    0xa8, 0x62, 0xc9, 0x6a, 0xc9, 0x6a, 0xa8, 0x6a, 0xa8, 0x6a, 0xa9, 0x6a,
    0xc9, 0x6a, 0xc9, 0x6a, 0xc9, 0x6a, 0xc9, 0x6a, 0xca, 0x72, 0xe9, 0x72,
    0xa9, 0x6a, 0xc9, 0x6a, 0x0a, 0x7b, 0x6b, 0x8b, 0x4b, 0x8b, 0x88, 0x62,
    0xa9, 0x6a, 0xc9, 0x6a, 0xc8, 0x62, 0xa8, 0x62, 0xa9, 0x6a, 0xa9, 0x6a,
    0xe9, 0x6a, 0xc9, 0x6a, 0x0a, 0x7b, 0x0a, 0x7b, 0xe9, 0x72, 0x68, 0x62,
    0x84, 0x49, 0x27, 0x62, 0x85, 0x51, 0xa5, 0x51, 0xa5, 0x59, 0x44, 0x61,
    0x64, 0x71, 0x85, 0x69, 0xa5, 0x69, 0x64, 0x61, 0x22, 0x61, 0xa3, 0x69,
    0xc4, 0x79, 0x42, 0x69, 0x46, 0x8a, 0xa3, 0x79, 0xe5, 0x71, 0xcd, 0x8b,
    0xca, 0x62, 0x27, 0x5a, 0xe6, 0x59, 0xa5, 0x51, 0xa4, 0x59, 0xa5, 0x59,
    0xa5, 0x51, 0xc5, 0x59, 0xa5, 0x59, 0x84, 0x49, 0xc5, 0x59, 0x68, 0x72,
    0xea, 0x7a, 0xe6, 0x59, 0x27, 0x62, 0x27, 0x62, 0x06, 0x62, 0x27, 0x5a,
    0x68, 0x62, 0x06, 0x52, 0xa4, 0x49, 0x88, 0x5a, 0xf2, 0xa4, 0x78, 0xd6,
    0x16, 0xc6, 0x16, 0xc6, 0x37, 0xc6, 0x37, 0xce, 0x58, 0xce, 0x78, 0xce,
    0x37, 0xce, 0xd5, 0xbd, 0x17, 0xc6, 0x37, 0xce, 0x37, 0xc6, 0x16, 0xc6,
    0xf6, 0xc5, 0x37, 0xce, 0x37, 0xc6, 0xf6, 0xbd, 0x17, 0xc6, 0x17, 0xc6,
    0xf6, 0xbd, 0xf6, 0xbd, 0x16, 0xc6, 0x17, 0xc6, 0x57, 0xce, 0x58, 0xce,
    0x58, 0xce, 0x37, 0xc6, 0x38, 0xc6, 0x38, 0xce, 0x38, 0xc6, 0x38, 0xce,
    0x38, 0xc6, 0x38, 0xce, 0x38, 0xce, 0x79, 0xce, 0x79, 0xce, 0x58, 0xce,
    0x79, 0xce, 0x58, 0xce, 0xba, 0xd6, 0xe9, 0xaa, 0xf7, 0xbd, 0x17, 0xc6,
    0xf7, 0xbd, 0xd6, 0xbd, 0xd7, 0xbd, 0xf7, 0xbd, 0xf7, 0xbd, 0xf7, 0xbd,
    0xf7, 0xc5, 0x17, 0xc6, 0xf7, 0xbd, 0xf7, 0xbd, 0x17, 0xc6, 0xf7, 0xc5,
    0xf7, 0xbd, 0x17, 0xc6, 0x17, 0xc6, 0xd7, 0xbd, 0xd7, 0xbd, 0x17, 0xc6,
    0x38, 0xc6, 0xf7, 0xc5, 0xf7, 0xbd, 0xd7, 0xbd, 0xf6, 0xc5, 0x16, 0xc6,
    0x17, 0xc6, 0x18, 0xc6, 0x16, 0xc6, 0xf5, 0xc5, 0x4b, 0xa4, 0x29, 0xb4,
    0x4a, 0xbc, 0x29, 0xbc, 0x4a, 0xb4, 0xc9, 0x9b, 0x48, 0x83, 0x8a, 0x83,
    0xab, 0x8b, 0xca, 0x8b, 0xaa, 0x8b, 0x8a, 0x83, 0xab, 0x8b, 0xab, 0x83,
    0xab, 0x83, 0x6a, 0x83, 0xab, 0x8b, 0xe8, 0x6a, 0xcb, 0x8b, 0xe9, 0x9b,
    0xea, 0x9b, 0xea, 0x9b, 0xe9, 0x9b, 0xc9, 0x9b, 0xa9, 0x9b, 0xca, 0x9b,
    0xef, 0x63, 0xf1, 0x53, 0x2d, 0x94, 0xeb, 0x93, 0xec, 0x93, 0x0b, 0x94,
    0xc9, 0xa3, 0xc7, 0xa3, 0x08, 0xac, 0x8b, 0xac, 0x0f, 0xbd, 0xee, 0xbc,
    0xac, 0xb4, 0x8c, 0xac, 0x8d, 0xa4, 0x6e, 0x9c, 0x70, 0x8c, 0x6f, 0x94,
    0x6f, 0x8c, 0x6e, 0x94, 0x4d, 0x9c, 0x4d, 0xa4, 0x30, 0xbd, 0x47, 0x8b,
    0xcd, 0xb4, 0x8c, 0xa4, 0x6c, 0xac, 0x6d, 0xa4, 0x71, 0xbd, 0xb2, 0xc5,
    0xef, 0xac, 0xef, 0xb4, 0xcf, 0xac, 0xae, 0x9c, 0xcf, 0xb4, 0xab, 0x93,
    0x87, 0x6a, 0x86, 0x6a, 0xe7, 0x7a, 0xc6, 0x72, 0x89, 0x8b, 0x68, 0x8b,
    0xa5, 0x7a, 0xa5, 0x72, 0xa5, 0x72, 0xc6, 0x7a, 0xc4, 0x49, 0x66, 0x62,
    0x48, 0x8b, 0x67, 0x8b, 0xad, 0xb4, 0x01, 0x49, 0xa5, 0x7a, 0xaa, 0x8b,
    0x6b, 0x8b, 0x49, 0x8b, 0x29, 0x73, 0xe8, 0x72, 0x87, 0x62, 0xc8, 0x6a,
    0xa8, 0x6a, 0xe5, 0x51, 0xc5, 0x49, 0x83, 0x41, 0x84, 0x41, 0x83, 0x41,
    0x09, 0x73, 0x67, 0x5a, 0x06, 0x52, 0x67, 0x62, 0xe9, 0x6a, 0x2a, 0x73,
    0x09, 0x73, 0xc8, 0x6a, 0x47, 0x5a, 0xe5, 0x51, 0x06, 0x52, 0x27, 0x52,
    0x26, 0x52, 0x27, 0x52, 0x27, 0x52, 0x68, 0x5a, 0x47, 0x52, 0x47, 0x52,
    0x27, 0x52, 0x27, 0x52, 0x27, 0x52, 0x27, 0x52, 0x27, 0x5a, 0x47, 0x5a,
    0x46, 0x5a, 0x67, 0x62, 0x47, 0x5a, 0x26, 0x52, 0x27, 0x52, 0x26, 0x5a,
    0x06, 0x52, 0x07, 0x52, 0x06, 0x52, 0x07, 0x52, 0x26, 0x52, 0x27, 0x5a,
    0x47, 0x5a, 0x67, 0x5a, 0xa9, 0x6a, 0xa9, 0x6a, 0xc9, 0x6a, 0xea, 0x72,
    0xea, 0x72, 0xc9, 0x72, 0x88, 0x6a, 0x88, 0x62, 0x47, 0x5a, 0x27, 0x5a,
    0x27, 0x52, 0x27, 0x5a, 0x27, 0x52, 0x27, 0x52, 0x06, 0x52, 0x07, 0x52,
    0x47, 0x5a, 0x47, 0x5a, 0x48, 0x5a, 0x47, 0x52, 0x68, 0x5a, 0x88, 0x62,
    0xc9, 0x6a, 0xa9, 0x62, 0xc9, 0x6a, 0xc9, 0x6a, 0x6b, 0x8b, 0x8c, 0x93,
    0x8b, 0x9b, 0x2a, 0x83, 0x88, 0x6a, 0xa9, 0x62, 0xa9, 0x62, 0xa9, 0x6a,
    0x88, 0x62, 0x88, 0x62, 0x88, 0x62, 0x88, 0x62, 0x88, 0x62, 0x88, 0x62,
    0x68, 0x62, 0x88, 0x62, 0x88, 0x62, 0xa8, 0x62, 0xc9, 0x6a, 0xc9, 0x6a,
    0xa9, 0x62, 0xa9, 0x6a, 0xa9, 0x62, 0xc9, 0x6a, 0xa8, 0x6a, 0xa8, 0x62,
    0xa8, 0x6a, 0xa8, 0x6a, 0xa8, 0x6a, 0xa8, 0x6a, 0xc9, 0x6a, 0xc9, 0x72,
    0xea, 0x72, 0xc9, 0x6a, 0xa9, 0x6a, 0xea, 0x72, 0x0a, 0x7b, 0xec, 0xa3,
    0x8b, 0x93, 0x88, 0x6a, 0xa9, 0x6a, 0xc9, 0x6a, 0xc9, 0x6a, 0xa8, 0x62,
    0xc9, 0x6a, 0xa9, 0x6a, 0xc9, 0x6a, 0xc9, 0x6a, 0x0a, 0x73, 0x0a, 0x7b,
    0x0a, 0x7b, 0xc9, 0x6a, 0xa4, 0x49, 0x85, 0x51, 0x06, 0x5a, 0xa5, 0x59,
    0x85, 0x59, 0x64, 0x59, 0x23, 0x69, 0x44, 0x71, 0x06, 0x72, 0x0e, 0xa4,
    0x73, 0xc5, 0x38, 0xd6, 0xca, 0x82, 0xe5, 0x81, 0x62, 0x71, 0x42, 0x71,
    0x42, 0x71, 0xa4, 0x69, 0xe5, 0x59, 0xa4, 0x51, 0xa5, 0x59, 0xa5, 0x59,
    0xa5, 0x51, 0xa5, 0x59, 0xa5, 0x51, 0xa5, 0x51, 0x85, 0x51, 0x70, 0xa4,
    0xea, 0x72, 0x06, 0x5a, 0x47, 0x62, 0x68, 0x6a, 0x07, 0x62, 0xe6, 0x59,
    0x88, 0x6a, 0x68, 0x62, 0x84, 0x41, 0xca, 0x6a, 0x53, 0xbd, 0x99, 0xde,
    0x17, 0xc6, 0x37, 0xc6, 0x17, 0xc6, 0x37, 0xce, 0x78, 0xd6, 0x98, 0xd6,
    0x57, 0xce, 0x17, 0xc6, 0x37, 0xce, 0x57, 0xce, 0x37, 0xce, 0x17, 0xc6,
    0xd5, 0xbd, 0x37, 0xce, 0x37, 0xce, 0xf6, 0xc5, 0xf6, 0xc5, 0x17, 0xc6,
    0x16, 0xc6, 0x16, 0xc6, 0xf6, 0xbd, 0x37, 0xc6, 0x16, 0xc6, 0x17, 0xc6,
    0x37, 0xce, 0x17, 0xc6, 0xf7, 0xc5, 0x17, 0xc6, 0x18, 0xc6, 0x38, 0xce,
    0x38, 0xc6, 0x38, 0xc6, 0x38, 0xce, 0x58, 0xce, 0x38, 0xce, 0x79, 0xce,
    0x79, 0xd6, 0x38, 0xce, 0x79, 0xd6, 0x59, 0xce, 0x79, 0xce, 0xe9, 0xb2,
    0x17, 0xc6, 0x18, 0xc6, 0xf7, 0xc5, 0xd7, 0xbd, 0xf7, 0xc5, 0xf7, 0xbd,
    0xf7, 0xbd, 0xd6, 0xbd, 0xb6, 0xbd, 0xd6, 0xbd, 0xf7, 0xbd, 0xf7, 0xbd,
    0xf6, 0xbd, 0xf7, 0xbd, 0x17, 0xc6, 0xd7, 0xbd, 0xd7, 0xbd, 0xf7, 0xbd,
    0xf6, 0xbd, 0x38, 0xc6, 0xf7, 0xbd, 0xd6, 0xbd, 0xf7, 0xc5, 0xf6, 0xbd,
    0xf6, 0xc5, 0x37, 0xce, 0x16, 0xc6, 0xf6, 0xc5, 0x72, 0xbd, 0xe9, 0x9b,
    0x49, 0xb4, 0x68, 0xb4, 0x48, 0xb4, 0x69, 0xbc, 0x08, 0xa4, 0xc6, 0x72,
    0xab, 0x8b, 0xab, 0x8b, 0xcb, 0x8b, 0xcb, 0x8b, 0x8a, 0x8b, 0x8b, 0x83,
    0x8b, 0x8b, 0xec, 0x8b, 0x29, 0x73, 0xec, 0x93, 0xc8, 0x6a, 0xec, 0x93,
    0xea, 0x9b, 0xea, 0x9b, 0xea, 0x9b, 0xea, 0x9b, 0xc9, 0x9b, 0xc9, 0x9b,
    0xc8, 0x9b, 0xee, 0x73, 0x51, 0x5c, 0xee, 0x73, 0x2b, 0x9c, 0x0b, 0x9c,
    0x0b, 0x94, 0xeb, 0x9b, 0xa7, 0x9b, 0xe8, 0xa3, 0x28, 0xb4, 0x29, 0xac,
    0x09, 0xa4, 0x0a, 0xa4, 0x6b, 0xa4, 0x6e, 0xa4, 0x90, 0x9c, 0xb1, 0x94,
    0xb0, 0x94, 0xd0, 0x9c, 0xd0, 0x9c, 0xaf, 0xa4, 0xae, 0xa4, 0x0f, 0xb5,
    0x09, 0xa4, 0x85, 0x9b, 0xa9, 0x93, 0xab, 0x8b, 0x8b, 0x8b, 0x4b, 0x83,
    0x09, 0x7b, 0xa7, 0x6a, 0xab, 0x8b, 0xd0, 0xb4, 0x6e, 0xa4, 0x6e, 0x9c,
    0xa7, 0x6a, 0xa7, 0x72, 0xa7, 0x72, 0xe8, 0x7a, 0xaa, 0x8b, 0xe6, 0x7a,
    0xa9, 0x8b, 0xca, 0x93, 0xc6, 0x7a, 0xc5, 0x7a, 0xe6, 0x7a, 0xe6, 0x82,
    0xa7, 0x6a, 0x66, 0x6a, 0x47, 0x83, 0x67, 0x8b, 0xa9, 0x9b, 0xc4, 0x59,
    0x44, 0x6a, 0xa6, 0x72, 0x09, 0x83, 0x29, 0x83, 0x09, 0x73, 0x87, 0x62,
    0xc5, 0x49, 0x64, 0x41, 0x84, 0x41, 0x84, 0x41, 0x84, 0x41, 0x84, 0x41,
    0xc5, 0x49, 0x87, 0x62, 0xa7, 0x6a, 0xe7, 0x72, 0xc7, 0x6a, 0xe8, 0x72,
    0x87, 0x62, 0x26, 0x52, 0x26, 0x52, 0x06, 0x52, 0x06, 0x52, 0x27, 0x5a,
    0x26, 0x52, 0x27, 0x52, 0x26, 0x52, 0x06, 0x52, 0x06, 0x52, 0x26, 0x52,
    0x27, 0x5a, 0x27, 0x52, 0x27, 0x52, 0x27, 0x52, 0x27, 0x52, 0x47, 0x5a,
    0x27, 0x5a, 0x47, 0x5a, 0x47, 0x5a, 0xa9, 0x6a, 0xea, 0x7a, 0x2a, 0x73,
    0xe6, 0x51, 0x06, 0x52, 0x06, 0x52, 0x06, 0x52, 0x06, 0x52, 0x27, 0x52,
    0x47, 0x5a, 0x88, 0x62, 0x88, 0x62, 0xa8, 0x62, 0xa9, 0x6a, 0xc9, 0x6a,
    0xc9, 0x6a, 0xca, 0x7a, 0xe9, 0x72, 0xc9, 0x6a, 0x88, 0x62, 0x68, 0x5a,
    0x48, 0x5a, 0x47, 0x5a, 0x27, 0x52, 0x47, 0x52, 0x27, 0x5a, 0x07, 0x52,
    0x27, 0x52, 0x68, 0x5a, 0x48, 0x5a, 0x47, 0x5a, 0x68, 0x5a, 0x48, 0x5a,
    0x88, 0x62, 0xa8, 0x62, 0xa9, 0x62, 0xc9, 0x6a, 0x88, 0x62, 0xea, 0x72,
    0xcc, 0x9b, 0xac, 0x9b, 0xac, 0x9b, 0x4b, 0x8b, 0x87, 0x6a, 0xa8, 0x6a,
    0xa9, 0x62, 0xa9, 0x62, 0x88, 0x62, 0x88, 0x62, 0x88, 0x62, 0x89, 0x62,
    0x88, 0x62, 0x88, 0x5a, 0x88, 0x5a, 0x88, 0x62, 0xa8, 0x62, 0xa9, 0x62,
    0xa9, 0x6a, 0xa9, 0x6a, 0xc9, 0x6a, 0xc9, 0x6a, 0xa9, 0x6a, 0xc9, 0x6a,
    0xc8, 0x6a, 0xa8, 0x62, 0xc8, 0x62, 0x88, 0x62, 0xa8, 0x62, 0xa8, 0x62,
    0xc9, 0x6a, 0xe9, 0x6a, 0xc9, 0x6a, 0xa9, 0x6a, 0xa9, 0x6a, 0xe9, 0x72,
    0x2a, 0x83, 0xec, 0xa3, 0xac, 0x9b, 0x87, 0x6a, 0xc9, 0x6a, 0xa9, 0x62,
    0xa9, 0x6a, 0xa8, 0x62, 0xa9, 0x62, 0xc9, 0x6a, 0xc9, 0x6a, 0xc9, 0x6a,
    0xe9, 0x72, 0x0a, 0x7b, 0x0a, 0x7b, 0xe9, 0x72, 0xe5, 0x51, 0xa5, 0x49,
    0xa5, 0x51, 0x85, 0x51, 0x65, 0x59, 0x64, 0x59, 0x24, 0x61, 0x24, 0x71,
    0x64, 0x79, 0xc5, 0x71, 0x48, 0x7a, 0x44, 0x61, 0x03, 0x71, 0x02, 0x79,
    0x21, 0x79, 0x21, 0x79, 0x01, 0x79, 0x42, 0x71, 0xa4, 0x59, 0xa5, 0x51,
    0xa5, 0x59, 0xa5, 0x51, 0xa5, 0x59, 0xa5, 0x59, 0xa5, 0x51, 0x84, 0x51,
    0xa5, 0x49, 0x73, 0xb5, 0xf2, 0xac, 0x2b, 0x83, 0x48, 0x6a, 0xe6, 0x59,
    0xe6, 0x61, 0x07, 0x62, 0xe6, 0x59, 0x6c, 0x7b, 0xd6, 0xc5, 0x58, 0xd6,
    0x17, 0xce, 0xd6, 0xc5, 0xf6, 0xcd, 0x17, 0xc6, 0x37, 0xce, 0x58, 0xce,
    0x78, 0xd6, 0x17, 0xc6, 0x37, 0xce, 0x57, 0xce, 0x17, 0xce, 0xf6, 0xc5,
    0xd6, 0xbd, 0x37, 0xce, 0x37, 0xce, 0xf6, 0xc5, 0x17, 0xc6, 0x17, 0xc6,
    0x37, 0xce, 0x16, 0xc6, 0x16, 0xc6, 0x17, 0xc6, 0x58, 0xd6, 0x17, 0xce,
    0x17, 0xce, 0xf7, 0xc5, 0x17, 0xc6, 0x17, 0xc6, 0x17, 0xc6, 0x17, 0xc6,
    0x38, 0xce, 0x18, 0xc6, 0x38, 0xce, 0x38, 0xc6, 0x38, 0xc6, 0x38, 0xce,
    0x38, 0xce, 0x59, 0xce, 0x99, 0xd6, 0x38, 0xce, 0x79, 0xce, 0x59, 0xce,
    0xba, 0xd6, 0x68, 0xa2, 0xd7, 0xbd, 0xd7, 0xbd, 0xf7, 0xc5, 0xd6, 0xbd,
    0xf7, 0xc5, 0xd7, 0xc5, 0xf7, 0xc5, 0x17, 0xc6, 0x17, 0xc6, 0xf7, 0xbd,
    0xf7, 0xbd, 0xf7, 0xc5, 0x17, 0xc6, 0xf7, 0xc5, 0xf7, 0xbd, 0x17, 0xc6,
    0xf7, 0xc5, 0x17, 0xc6, 0x37, 0xc6, 0xd6, 0xbd, 0xf7, 0xbd, 0xf6, 0xc5,
    0xf6, 0xc5, 0x17, 0xc6, 0x18, 0xc6, 0xf7, 0xc5, 0x16, 0xce, 0xef, 0xbc,
    0x0a, 0xac, 0x29, 0xbc, 0x28, 0xb4, 0x48, 0xb4, 0x69, 0xbc, 0x29, 0xa4,
    0x23, 0x6a, 0xab, 0x93, 0xcb, 0x93, 0xeb, 0x93, 0xcb, 0x93, 0x8a, 0x83,
    0xab, 0x83, 0xab, 0x8b, 0xcc, 0x8b, 0x6a, 0x83, 0xab, 0x83, 0xa8, 0x62,
    0x0c, 0x94, 0xca, 0x9b, 0xea, 0x9b, 0xea, 0x9b, 0xea, 0xa3, 0xe9, 0x9b,
    0xa9, 0x9b, 0xc9, 0x9b, 0x0c, 0x84, 0x32, 0x5c, 0x6c, 0x63, 0x8d, 0xa4,
    0x2c, 0x9c, 0xeb, 0x93, 0x0b, 0x9c, 0xa8, 0x93, 0xc8, 0xa3, 0x6a, 0xb4,
    0x07, 0xb4, 0x8b, 0xb4, 0x8c, 0xb4, 0x8c, 0xac, 0xad, 0xac, 0xaf, 0xa4,
    0xb0, 0x9c, 0xb0, 0x9c, 0xae, 0x9c, 0xae, 0xa4, 0x8e, 0xac, 0x4d, 0xac,
    0x4d, 0x9c, 0xce, 0xb4, 0x23, 0x8b, 0x26, 0x8b, 0x27, 0x83, 0xe6, 0x72,
    0xc6, 0x72, 0xc7, 0x72, 0xc8, 0x72, 0x09, 0x7b, 0xcb, 0x8b, 0xb0, 0xac,
    0xaf, 0xa4, 0x52, 0xbd, 0x2a, 0x7b, 0xa7, 0x6a, 0xc8, 0x72, 0xc7, 0x72,
    0x29, 0x83, 0x07, 0x7b, 0xa6, 0x6a, 0x6d, 0xac, 0xc6, 0x7a, 0xa5, 0x7a,
    0xc6, 0x7a, 0x85, 0x72, 0x65, 0x6a, 0xc7, 0x72, 0x48, 0x83, 0x67, 0x8b,
    0x48, 0x83, 0xc7, 0x72, 0x66, 0x6a, 0x05, 0x5a, 0xc8, 0x6a, 0x4a, 0x7b,
    0xc8, 0x72, 0xa7, 0x6a, 0xa4, 0x49, 0x64, 0x41, 0xa5, 0x49, 0x27, 0x5a,
    0x68, 0x62, 0x88, 0x62, 0xa8, 0x62, 0x2a, 0x73, 0x46, 0x62, 0x06, 0x52,
    0x07, 0x52, 0x07, 0x52, 0x06, 0x52, 0x26, 0x5a, 0x27, 0x52, 0x27, 0x52,
    0x27, 0x52, 0x26, 0x52, 0x26, 0x52, 0x06, 0x52, 0x27, 0x52, 0x47, 0x5a,
    0x27, 0x52, 0x27, 0x52, 0x27, 0x52, 0x27, 0x5a, 0x27, 0x5a, 0x27, 0x52,
    0x27, 0x52, 0x27, 0x52, 0x27, 0x5a, 0x27, 0x5a, 0x27, 0x52, 0xea, 0x72,
    0xea, 0x7a, 0xc9, 0x6a, 0x26, 0x52, 0x06, 0x52, 0x06, 0x52, 0x07, 0x52,
    0x27, 0x5a, 0x07, 0x52, 0x68, 0x62, 0xa9, 0x6a, 0xa8, 0x62, 0x88, 0x62,
    0xc9, 0x6a, 0xe9, 0x72, 0xe9, 0x72, 0xca, 0x7a, 0xca, 0x72, 0xc9, 0x72,
    0xa8, 0x62, 0x47, 0x5a, 0x48, 0x5a, 0x27, 0x52, 0x27, 0x52, 0x27, 0x52,
    0x27, 0x52, 0x27, 0x5a, 0x48, 0x5a, 0x47, 0x5a, 0x47, 0x5a, 0x48, 0x5a,
    0x47, 0x5a, 0x68, 0x5a, 0x88, 0x62, 0xc9, 0x6a, 0x88, 0x62, 0xe9, 0x72,
    0x68, 0x62, 0x6b, 0x8b, 0xac, 0x9b, 0x8c, 0x9b, 0xac, 0x9b, 0x8b, 0x8b,
    0x67, 0x62, 0xa9, 0x6a, 0xa9, 0x62, 0xa9, 0x62, 0x88, 0x62, 0x68, 0x5a,
    0x89, 0x62, 0x89, 0x62, 0x68, 0x5a, 0x88, 0x62, 0x68, 0x5a, 0x88, 0x5a,
    0xa9, 0x62, 0xc9, 0x6a, 0xc9, 0x6a, 0xa9, 0x6a, 0xc9, 0x6a, 0xc9, 0x6a,
    0xc9, 0x6a, 0xc9, 0x6a, 0xc8, 0x6a, 0xa8, 0x62, 0xa8, 0x62, 0x87, 0x62,
    0x87, 0x62, 0xa8, 0x62, 0xa9, 0x6a, 0xa9, 0x6a, 0xa8, 0x6a, 0x68, 0x62,
    0xea, 0x72, 0xc9, 0x72, 0x6b, 0x93, 0xcc, 0xab, 0xed, 0xa3, 0xa8, 0x6a,
    0xc9, 0x6a, 0xc9, 0x6a, 0xa9, 0x6a, 0xa9, 0x62, 0xa8, 0x62, 0xa9, 0x6a,
    0xc9, 0x6a, 0xc9, 0x6a, 0xea, 0x6a, 0x0a, 0x73, 0xc9, 0x72, 0x2b, 0x7b,
    0x27, 0x5a, 0xc5, 0x51, 0x84, 0x49, 0x65, 0x51, 0x65, 0x59, 0x44, 0x59,
    0x64, 0x59, 0x44, 0x69, 0x44, 0x71, 0x23, 0x71, 0x43, 0x71, 0x42, 0x71,
    0x23, 0x71, 0x02, 0x79, 0x02, 0x79, 0x02, 0x79, 0x02, 0x81, 0x42, 0x71,
    0x84, 0x59, 0xa5, 0x51, 0xa5, 0x59, 0xa5, 0x51, 0xa5, 0x59, 0xc5, 0x59,
    0x84, 0x51, 0xc9, 0x6a, 0x33, 0xbd, 0x16, 0xd6, 0x6b, 0x83, 0xa5, 0x51,
    0xc6, 0x59, 0xc6, 0x61, 0x27, 0x6a, 0x48, 0x62, 0xb1, 0xac, 0x50, 0x94,
    0x99, 0xde, 0xf6, 0xcd, 0xf6, 0xc5, 0x17, 0xce, 0x17, 0xce, 0x57, 0xce,
    0x78, 0xd6, 0x37, 0xce, 0x37, 0xce, 0x57, 0xce, 0x17, 0xce, 0xd6, 0xbd,
    0x37, 0xce, 0x37, 0xce, 0x37, 0xce, 0xf6, 0xc5, 0x37, 0xce, 0x17, 0xc6,
    0x37, 0xce, 0x16, 0xc6, 0x17, 0xc6, 0x16, 0xc6, 0x37, 0xce, 0xf6, 0xc5,
    0xd5, 0xbd, 0x16, 0xc6, 0xf7, 0xc5, 0x17, 0xc6, 0x18, 0xce, 0x17, 0xc6,
    0x18, 0xc6, 0x38, 0xc6, 0x18, 0xc6, 0x18, 0xc6, 0x18, 0xc6, 0x38, 0xce,
    0x18, 0xc6, 0x38, 0xce, 0x58, 0xce, 0x59, 0xce, 0x79, 0xd6, 0x59, 0xce,
    0x38, 0xce, 0x79, 0xce, 0x99, 0xd6, 0x88, 0xaa, 0xf7, 0xc5, 0xf7, 0xc5,
    0xd6, 0xbd, 0xf7, 0xc5, 0x18, 0xc6, 0x17, 0xc6, 0x17, 0xc6, 0x17, 0xc6,
    0x38, 0xc6, 0x17, 0xc6, 0x17, 0xc6, 0xf7, 0xc5, 0xf7, 0xbd, 0x17, 0xc6,
    0x18, 0xc6, 0xf7, 0xbd, 0xf7, 0xbd, 0x17, 0xc6, 0xd6, 0xbd, 0xf7, 0xbd,
    0xd6, 0xc5, 0xf6, 0xc5, 0x37, 0xc6, 0x16, 0xc6, 0x37, 0xce, 0xb2, 0xcd,
    0x4a, 0xac, 0x29, 0xb4, 0x29, 0xb4, 0x08, 0xb4, 0x28, 0xb4, 0x28, 0xb4,
    0x4a, 0xac, 0x03, 0x62, 0xcb, 0x93, 0xeb, 0x9b, 0xcb, 0x93, 0xcb, 0x8b,
    0xaa, 0x8b, 0xcb, 0x8b, 0xab, 0x83, 0xab, 0x83, 0xcb, 0x83, 0xab, 0x83,
    0x27, 0x52, 0xeb, 0x8b, 0xca, 0x9b, 0xea, 0xa3, 0xea, 0x9b, 0xe9, 0x9b,
    0xc9, 0x9b, 0xc8, 0x9b, 0xc9, 0x9b, 0xea, 0x9b, 0x30, 0x6c, 0xab, 0x42,
    0xae, 0xac, 0x2c, 0x9c, 0x2d, 0x94, 0x0c, 0x94, 0xca, 0x93, 0xe8, 0xa3,
    0x2a, 0xb4, 0x6a, 0xb4, 0x49, 0xbc, 0x8a, 0xb4, 0xcd, 0xac, 0xcf, 0xac,
    0xaf, 0xac, 0xaf, 0xac, 0x8f, 0xac, 0x8e, 0xac, 0x8d, 0xac, 0x6c, 0xa4,
    0x2b, 0x9c, 0x6c, 0xa4, 0x51, 0xbd, 0xa9, 0x93, 0xc5, 0x82, 0xc7, 0x72,
    0xe7, 0x72, 0x09, 0x7b, 0xc8, 0x72, 0x66, 0x62, 0x46, 0x5a, 0x46, 0x5a,
    0xa3, 0x49, 0x8f, 0xa4, 0xf1, 0xb4, 0xf1, 0xac, 0xd1, 0xac, 0xc8, 0x72,
    0xa7, 0x72, 0xc8, 0x72, 0x08, 0x7b, 0x28, 0x7b, 0x25, 0x62, 0xca, 0x93,
    0xe6, 0x7a, 0xe6, 0x7a, 0x06, 0x83, 0xe7, 0x82, 0x28, 0x8b, 0xe8, 0x7a,
    0x6a, 0x8b, 0x87, 0x72, 0xa7, 0x72, 0x46, 0x62, 0xe4, 0x51, 0xa4, 0x49,
    0x63, 0x39, 0x06, 0x52, 0x2a, 0x83, 0x87, 0x62, 0xa8, 0x6a, 0xc9, 0x72,
    0x67, 0x62, 0x47, 0x5a, 0x27, 0x5a, 0x47, 0x5a, 0x27, 0x5a, 0x26, 0x52,
    0x27, 0x52, 0x26, 0x52, 0x26, 0x52, 0x27, 0x52, 0x27, 0x5a, 0x06, 0x52,
    0x06, 0x4a, 0x27, 0x52, 0xe6, 0x49, 0x27, 0x52, 0x47, 0x5a, 0x67, 0x5a,
    0x47, 0x5a, 0x06, 0x52, 0xe5, 0x49, 0x27, 0x52, 0x27, 0x52, 0x27, 0x52,
    0x27, 0x52, 0x27, 0x52, 0x27, 0x5a, 0x27, 0x52, 0x47, 0x5a, 0x47, 0x5a,
    0x27, 0x52, 0x2a, 0x7b, 0x0a, 0x83, 0x47, 0x5a, 0x68, 0x62, 0x06, 0x52,
    0x06, 0x52, 0x06, 0x52, 0x27, 0x52, 0x06, 0x52, 0x68, 0x62, 0xc9, 0x6a,
    0xa9, 0x6a, 0xa8, 0x6a, 0xe9, 0x72, 0xc9, 0x72, 0xe9, 0x72, 0xc9, 0x7a,
    0xc9, 0x72, 0xc9, 0x6a, 0x88, 0x62, 0x27, 0x5a, 0x48, 0x52, 0x48, 0x5a,
    0x27, 0x5a, 0x27, 0x52, 0x68, 0x5a, 0x48, 0x5a, 0x68, 0x5a, 0x47, 0x5a,
    0x47, 0x52, 0x48, 0x5a, 0x47, 0x5a, 0x68, 0x5a, 0x0a, 0x73, 0xa9, 0x6a,
    0xc9, 0x6a, 0x68, 0x62, 0xe9, 0x72, 0xac, 0x93, 0xac, 0x9b, 0xac, 0x9b,
    0xac, 0x9b, 0x6b, 0x8b, 0xa8, 0x6a, 0xa9, 0x62, 0xa9, 0x62, 0x88, 0x62,
    0x88, 0x62, 0x88, 0x5a, 0x89, 0x62, 0x88, 0x5a, 0x88, 0x62, 0x88, 0x62,
    0x88, 0x62, 0xa8, 0x62, 0xa8, 0x62, 0xc9, 0x62, 0xc9, 0x6a, 0xe9, 0x6a,
    0xc9, 0x6a, 0xa8, 0x62, 0xa9, 0x6a, 0xa9, 0x62, 0xc8, 0x6a, 0xc8, 0x6a,
    0x88, 0x62, 0x87, 0x62, 0x87, 0x62, 0xa8, 0x62, 0xa8, 0x6a, 0xa8, 0x62,
    0x88, 0x62, 0x68, 0x62, 0xea, 0x72, 0xea, 0x7a, 0xac, 0x9b, 0xcb, 0xab,
    0xcc, 0xa3, 0xe9, 0x7a, 0xc9, 0x6a, 0xc9, 0x6a, 0xa9, 0x62, 0xa8, 0x62,
    0xa9, 0x6a, 0xa9, 0x62, 0xc9, 0x6a, 0xea, 0x6a, 0xc9, 0x6a, 0xea, 0x72,
    0xc9, 0x72, 0xe9, 0x7a, 0x2a, 0x7b, 0xc5, 0x51, 0x64, 0x49, 0x64, 0x49,
    0x64, 0x61, 0x43, 0x61, 0x64, 0x59, 0x64, 0x59, 0x44, 0x69, 0x24, 0x71,
    0x44, 0x71, 0x44, 0x71, 0x23, 0x71, 0x02, 0x79, 0xe2, 0x78, 0xe2, 0x78,
    0xe2, 0x78, 0x22, 0x71, 0x84, 0x59, 0xa5, 0x59, 0xa5, 0x59, 0xc5, 0x59,
    0xc5, 0x59, 0xa5, 0x59, 0x44, 0x49, 0xac, 0x8b, 0xc9, 0x72, 0x64, 0x49,
    0xe6, 0x61, 0x8c, 0x8b, 0xad, 0x8b, 0x0a, 0x7b, 0xa5, 0x59, 0x88, 0x6a,
    0xf1, 0xa4, 0xb1, 0xa4, 0xf2, 0xac, 0x17, 0xce, 0x37, 0xce, 0x37, 0xce,
    0x57, 0xc6, 0x17, 0xc6, 0x17, 0xce, 0x57, 0xce, 0x37, 0xc6, 0xd5, 0xbd,
    0x37, 0xce, 0x78, 0xce, 0xd6, 0xbd, 0xf6, 0xc5, 0x57, 0xce, 0x57, 0xce,
    0x16, 0xc6, 0x17, 0xc6, 0xf6, 0xc5, 0xf6, 0xc5, 0x16, 0xc6, 0x37, 0xce,
    0x17, 0xc6, 0xb5, 0xbd, 0xb5, 0xbd, 0x16, 0xc6, 0x17, 0xc6, 0x17, 0xce,
    0xf7, 0xc5, 0x18, 0xc6, 0x38, 0xce, 0x17, 0xc6, 0x18, 0xce, 0x38, 0xc6,
    0x17, 0xc6, 0x38, 0xce, 0x38, 0xce, 0x38, 0xce, 0x59, 0xce, 0x58, 0xce,
    0x59, 0xce, 0x79, 0xce, 0x38, 0xce, 0x59, 0xce, 0x59, 0xd6, 0x88, 0xaa,
    0xb6, 0xbd, 0xb6, 0xbd, 0xd6, 0xbd, 0xd6, 0xbd, 0xd7, 0xbd, 0xd6, 0xbd,
    0xd6, 0xbd, 0xf7, 0xbd, 0xf7, 0xbd, 0xf7, 0xbd, 0xf7, 0xbd, 0x18, 0xc6,
    0x17, 0xc6, 0xf7, 0xbd, 0xf7, 0xc5, 0x38, 0xc6, 0x17, 0xc6, 0xf7, 0xbd,
    0xf7, 0xbd, 0xb5, 0xbd, 0x2f, 0xc5, 0x30, 0xbd, 0x52, 0xc5, 0x72, 0xc5,
    0x49, 0xa4, 0xe6, 0xa3, 0x27, 0xac, 0x08, 0xac, 0x08, 0xac, 0x08, 0xac,
    0xe8, 0xab, 0x2a, 0xac, 0xe6, 0x7a, 0x0b, 0x9c, 0xeb, 0x9b, 0xca, 0x93,
    0xea, 0x9b, 0xeb, 0x93, 0xcc, 0x8b, 0xab, 0x83, 0xab, 0x83, 0x8b, 0x83,
    0xac, 0x83, 0x07, 0x4a, 0x29, 0x73, 0xea, 0x9b, 0xc9, 0x9b, 0xea, 0x9b,
    0xe9, 0xa3, 0xc9, 0xa3, 0xa8, 0xa3, 0xe9, 0xa3, 0xe9, 0xa3, 0x2f, 0x74,
    0x29, 0x2a, 0xae, 0x9c, 0x4c, 0xa4, 0x4d, 0x9c, 0x2c, 0x9c, 0x2c, 0x9c,
    0x0b, 0x9c, 0x4a, 0xac, 0x09, 0xac, 0x49, 0xb4, 0x6a, 0xb4, 0x6b, 0xb4,
    0xee, 0xac, 0x52, 0xbd, 0xf0, 0xac, 0xf0, 0xb4, 0xae, 0xac, 0x6d, 0xa4,
    0xeb, 0x9b, 0xca, 0x93, 0x0b, 0x9c, 0xeb, 0x93, 0x51, 0xbd, 0xa9, 0x93,
    0xc6, 0x7a, 0x86, 0x6a, 0x45, 0x5a, 0xc4, 0x51, 0xc4, 0x51, 0xe4, 0x51,
    0xe4, 0x51, 0x05, 0x52, 0x87, 0x62, 0x46, 0x5a, 0x6f, 0xa4, 0xb1, 0xac,
    0xd1, 0xac, 0x4e, 0xa4, 0x87, 0x6a, 0xc8, 0x72, 0xe8, 0x7a, 0x09, 0x7b,
    0x09, 0x7b, 0xa6, 0x6a, 0x48, 0x8b, 0xa5, 0x82, 0x85, 0x82, 0x45, 0x7a,
    0xc5, 0x61, 0x84, 0x59, 0x05, 0x5a, 0xc5, 0x51, 0xa4, 0x51, 0xc5, 0x51,
    0xa3, 0x41, 0x42, 0x39, 0x84, 0x49, 0x64, 0x51, 0x44, 0x51, 0x44, 0x51,
    0x03, 0x51, 0xe2, 0x58, 0x23, 0x59, 0x06, 0x5a, 0x06, 0x52, 0x26, 0x52,
    0x27, 0x52, 0x06, 0x52, 0x26, 0x52, 0x27, 0x52, 0x06, 0x4a, 0x06, 0x4a,
    0xe5, 0x49, 0x06, 0x4a, 0x06, 0x52, 0x27, 0x52, 0x47, 0x52, 0x06, 0x52,
    0x06, 0x52, 0x27, 0x52, 0x47, 0x52, 0xc5, 0x49, 0xe5, 0x49, 0x26, 0x52,
    0x27, 0x52, 0x26, 0x52, 0x27, 0x52, 0x27, 0x5a, 0x27, 0x52, 0x27, 0x52,
    0x47, 0x5a, 0x47, 0x5a, 0x27, 0x52, 0x0a, 0x73, 0xc9, 0x7a, 0x26, 0x52,
    0x68, 0x62, 0x07, 0x52, 0x26, 0x52, 0x06, 0x52, 0x06, 0x52, 0x07, 0x52,
    0xa8, 0x62, 0xa9, 0x6a, 0xc9, 0x6a, 0xc9, 0x6a, 0xe9, 0x72, 0xe9, 0x72,
    0xc9, 0x72, 0xca, 0x7a, 0xe9, 0x72, 0xa9, 0x6a, 0x47, 0x5a, 0x47, 0x5a,
    0x48, 0x5a, 0x48, 0x5a, 0x48, 0x5a, 0x68, 0x5a, 0x48, 0x5a, 0x48, 0x5a,
    0x47, 0x5a, 0x48, 0x5a, 0x48, 0x5a, 0x67, 0x5a, 0x27, 0x52, 0xc9, 0x6a,
    0x0a, 0x6b, 0xa9, 0x6a, 0x2b, 0x7b, 0x47, 0x5a, 0x8b, 0x8b, 0xcc, 0x9b,
    0xac, 0x9b, 0xac, 0x9b, 0xab, 0x9b, 0x4b, 0x83, 0xa8, 0x6a, 0x88, 0x62,
    0xa9, 0x62, 0x89, 0x62, 0x88, 0x62, 0x88, 0x5a, 0x89, 0x62, 0x88, 0x62,
    0xa8, 0x62, 0x88, 0x62, 0xa8, 0x62, 0x88, 0x62, 0xa9, 0x62, 0xc9, 0x6a,
    0xc9, 0x6a, 0xe9, 0x6a, 0xc9, 0x6a, 0xc8, 0x6a, 0xc8, 0x62, 0xa8, 0x6a,
    0xc9, 0x6a, 0x88, 0x62, 0x67, 0x5a, 0x87, 0x62, 0x87, 0x62, 0x88, 0x62,
    0xa8, 0x6a, 0x88, 0x62, 0x67, 0x5a, 0x88, 0x62, 0x0a, 0x73, 0x2a, 0x83,
    0xcc, 0xa3, 0xcc, 0xa3, 0xcc, 0xab, 0x29, 0x7b, 0xc9, 0x6a, 0xc9, 0x62,
    0xa8, 0x62, 0x67, 0x62, 0x88, 0x62, 0xc9, 0x6a, 0xea, 0x6a, 0xea, 0x6a,
    0xc9, 0x72, 0xea, 0x72, 0xc9, 0x6a, 0xc9, 0x72, 0x6c, 0x83, 0x67, 0x62,
    0x84, 0x51, 0x43, 0x49, 0x23, 0x71, 0x02, 0x89, 0x23, 0x81, 0x43, 0x69,
    0x43, 0x61, 0x43, 0x69, 0x43, 0x71, 0x44, 0x71, 0x23, 0x71, 0x02, 0x79,
    0x01, 0x81, 0x01, 0x81, 0x01, 0x79, 0x22, 0x71, 0x83, 0x61, 0xa5, 0x59,
    0xa5, 0x51, 0xa5, 0x51, 0x84, 0x51, 0xe6, 0x59, 0x0b, 0x83, 0xe7, 0x61,
    0xc5, 0x59, 0xe6, 0x61, 0xe6, 0x61, 0xe5, 0x59, 0x06, 0x5a, 0x06, 0x5a,
    0xe7, 0x59, 0x68, 0x62, 0x0e, 0x94, 0xad, 0x83, 0x73, 0xb5, 0xf6, 0xc5,
    0xf7, 0xc5, 0x17, 0xc6, 0x17, 0xce, 0x37, 0xce, 0x16, 0xce, 0xd5, 0xbd,
    0x17, 0xce, 0x58, 0xce, 0xf6, 0xc5, 0xd5, 0xbd, 0x57, 0xce, 0x37, 0xce,
    0xf6, 0xc5, 0xf6, 0xc5, 0xf6, 0xc5, 0xd6, 0xbd, 0x16, 0xc6, 0x17, 0xc6,
    0x37, 0xce, 0x17, 0xc6, 0x16, 0xc6, 0x16, 0xc6, 0xb5, 0xc5, 0xb4, 0xbd,
    0xf6, 0xc5, 0x37, 0xce, 0x17, 0xc6, 0x38, 0xc6, 0x17, 0xc6, 0x58, 0xce,
    0x38, 0xc6, 0x38, 0xce, 0x38, 0xce, 0x38, 0xc6, 0x38, 0xce, 0x58, 0xce,
    0x38, 0xc6, 0x58, 0xce, 0x38, 0xce, 0x79, 0xd6, 0x38, 0xc6, 0x58, 0xce,
    0x79, 0xd6, 0x47, 0xa2, 0xb6, 0xb5, 0xb6, 0xb5, 0xb6, 0xbd, 0xd7, 0xbd,
    0xf7, 0xbd, 0xd7, 0xbd, 0xf7, 0xbd, 0xf7, 0xc5, 0xf7, 0xc5, 0xf7, 0xc5,
    0xf7, 0xc5, 0xf7, 0xbd, 0x17, 0xc6, 0x38, 0xc6, 0x17, 0xc6, 0x17, 0xc6,
    0x17, 0xc6, 0x18, 0xc6, 0x18, 0xc6, 0x50, 0xc5, 0x06, 0xb4, 0xe5, 0xa3,
    0x07, 0xac, 0x06, 0xac, 0x06, 0xb4, 0x06, 0xb4, 0x07, 0xac, 0x27, 0xac,
    0x28, 0xac, 0xe8, 0xab, 0xea, 0xab, 0xc9, 0x9b, 0xeb, 0xa3, 0xca, 0x9b,
    0xca, 0x93, 0x0b, 0xa4, 0x0c, 0x9c, 0xcb, 0x8b, 0xac, 0x83, 0xab, 0x8b,
    0xab, 0x8b, 0xcc, 0x8b, 0x27, 0x52, 0x47, 0x62, 0x2a, 0xa4, 0xc9, 0x9b,
    0xe9, 0x9b, 0xe9, 0x9b, 0xe9, 0xa3, 0xc8, 0x9b, 0xa8, 0x9b, 0xc8, 0x9b,
    0xec, 0x7b, 0x6a, 0x2a, 0x4e, 0x8c, 0x4b, 0x9c, 0x4d, 0xac, 0x4c, 0xa4,
    0x4b, 0xa4, 0x2a, 0xa4, 0x6a, 0xac, 0x8a, 0xb4, 0xaa, 0xbc, 0x4a, 0xac,
    0xca, 0x93, 0x08, 0x73, 0x06, 0x52, 0x67, 0x5a, 0x73, 0xc5, 0x2d, 0x94,
    0x6a, 0x7b, 0x8b, 0x8b, 0xcc, 0x93, 0xaa, 0x93, 0xe8, 0x7a, 0xaf, 0xac,
    0x09, 0x73, 0xc6, 0x72, 0x25, 0x62, 0x04, 0x5a, 0xe4, 0x51, 0xe4, 0x51,
    0xc4, 0x51, 0xa3, 0x51, 0xe4, 0x51, 0xe5, 0x51, 0xe5, 0x51, 0x25, 0x5a,
    0xe9, 0x72, 0xd1, 0xb4, 0x90, 0xa4, 0x6b, 0x83, 0x2a, 0x83, 0x09, 0x7b,
    0x2a, 0x83, 0x09, 0x7b, 0xe8, 0x7a, 0xa7, 0x6a, 0x66, 0x72, 0xc4, 0x69,
    0x63, 0x59, 0x22, 0x59, 0x23, 0x49, 0x23, 0x49, 0x84, 0x49, 0x06, 0x52,
    0x06, 0x4a, 0x26, 0x52, 0xc5, 0x41, 0x84, 0x41, 0xe3, 0x50, 0xa1, 0x58,
    0xa2, 0x60, 0xa2, 0x60, 0xa1, 0x60, 0x82, 0x60, 0x82, 0x58, 0xc5, 0x51,
    0x06, 0x4a, 0x06, 0x4a, 0x06, 0x4a, 0x07, 0x52, 0x06, 0x52, 0x06, 0x4a,
    0x07, 0x52, 0x06, 0x52, 0x27, 0x52, 0x06, 0x4a, 0x06, 0x4a, 0x06, 0x52,
    0x06, 0x52, 0x07, 0x4a, 0x06, 0x52, 0x06, 0x4a, 0x27, 0x52, 0xe5, 0x49,
    0xe5, 0x49, 0x26, 0x52, 0x07, 0x52, 0x07, 0x52, 0x27, 0x52, 0x27, 0x52,
    0x27, 0x5a, 0x27, 0x52, 0x47, 0x5a, 0x47, 0x5a, 0x27, 0x52, 0x88, 0x62,
    0xca, 0x7a, 0x06, 0x52, 0x88, 0x62, 0x26, 0x52, 0x07, 0x52, 0x06, 0x52,
    0x07, 0x52, 0x47, 0x5a, 0xa9, 0x6a, 0xa9, 0x62, 0xc9, 0x6a, 0xe9, 0x6a,
    0xe9, 0x72, 0xea, 0x72, 0xc9, 0x72, 0xea, 0x7a, 0xc9, 0x72, 0xe9, 0x6a,
    0x47, 0x5a, 0x68, 0x5a, 0x68, 0x5a, 0x68, 0x5a, 0x47, 0x5a, 0x47, 0x52,
    0x48, 0x5a, 0x68, 0x5a, 0x47, 0x52, 0x68, 0x5a, 0x47, 0x52, 0x06, 0x52,
    0x68, 0x5a, 0xea, 0x6a, 0xea, 0x6a, 0x0a, 0x73, 0x47, 0x5a, 0x2b, 0x7b,
    0xcc, 0x9b, 0xcc, 0x9b, 0xcc, 0x9b, 0xac, 0x9b, 0xab, 0x9b, 0x4b, 0x83,
    0xc9, 0x6a, 0x68, 0x62, 0xa9, 0x62, 0x89, 0x62, 0x68, 0x5a, 0x68, 0x62,
    0x89, 0x62, 0x88, 0x62, 0x88, 0x62, 0xa9, 0x62, 0xa8, 0x62, 0x88, 0x62,
    0xa9, 0x62, 0xc9, 0x6a, 0xc9, 0x6a, 0xea, 0x6a, 0xc9, 0x6a, 0xc9, 0x6a,
    0xa8, 0x6a, 0xc8, 0x62, 0xa8, 0x62, 0x87, 0x62, 0x67, 0x62, 0x87, 0x62,
    0x87, 0x62, 0x87, 0x62, 0x68, 0x62, 0xa8, 0x62, 0x47, 0x5a, 0x88, 0x62,
    0x2b, 0x7b, 0x8b, 0x93, 0xed, 0xa3, 0xac, 0x9b, 0x09, 0x83, 0x87, 0x6a,
    0xc9, 0x6a, 0xc9, 0x6a, 0xa9, 0x6a, 0x27, 0x5a, 0x67, 0x5a, 0xa9, 0x6a,
    0xea, 0x6a, 0x0a, 0x73, 0xca, 0x6a, 0xea, 0x6a, 0xca, 0x6a, 0xc9, 0x72,
    0xa9, 0x72, 0xad, 0x8b, 0xa5, 0x51, 0x23, 0x49, 0x03, 0x69, 0x02, 0x79,
    0x02, 0x69, 0x42, 0x59, 0x44, 0x59, 0x44, 0x61, 0x23, 0x69, 0x44, 0x71,
    0x64, 0x71, 0x22, 0x79, 0x01, 0x79, 0x01, 0x79, 0x21, 0x79, 0x22, 0x79,
    0x63, 0x69, 0xa4, 0x59, 0x84, 0x51, 0x47, 0x62, 0x70, 0xa4, 0x6c, 0x7b,
    0xe6, 0x51, 0x68, 0x72, 0x27, 0x6a, 0x06, 0x62, 0x26, 0x62, 0x06, 0x62,
    0x06, 0x62, 0x27, 0x5a, 0x06, 0x5a, 0xe6, 0x51, 0x64, 0x49, 0xc9, 0x62,
    0xb5, 0xbd, 0xf6, 0xc5, 0x17, 0xce, 0x37, 0xce, 0x17, 0xc6, 0x16, 0xc6,
    0x17, 0xce, 0x57, 0xce, 0x16, 0xc6, 0xf6, 0xc5, 0x58, 0xce, 0x78, 0xd6,
    0xf6, 0xc5, 0x16, 0xc6, 0x37, 0xce, 0xf6, 0xc5, 0x16, 0xc6, 0x17, 0xc6,
    0xf6, 0xc5, 0x37, 0xce, 0x16, 0xc6, 0x16, 0xc6, 0xf6, 0xc5, 0x17, 0xc6,
    0x16, 0xc6, 0xb5, 0xc5, 0x95, 0xbd, 0x17, 0xc6, 0x37, 0xc6, 0x18, 0xc6,
    0x38, 0xc6, 0x37, 0xc6, 0x58, 0xce, 0x18, 0xc6, 0x38, 0xce, 0x38, 0xce,
    0x38, 0xc6, 0x38, 0xce, 0x38, 0xce, 0x58, 0xce, 0x58, 0xce, 0x59, 0xce,
    0x38, 0xce, 0x58, 0xce, 0x59, 0xd6, 0xe6, 0x99, 0xb5, 0xb5, 0xd6, 0xbd,
    0xb6, 0xbd, 0xd6, 0xbd, 0xd6, 0xbd, 0xd7, 0xbd, 0xd6, 0xbd, 0xd6, 0xbd,
    0xd6, 0xbd, 0xf7, 0xbd, 0xf7, 0xbd, 0xd6, 0xbd, 0xf7, 0xc5, 0x17, 0xc6,
    0x18, 0xc6, 0x17, 0xc6, 0xf7, 0xbd, 0x17, 0xc6, 0x37, 0xc6, 0xab, 0xb4,
    0xe6, 0xb3, 0xe6, 0xab, 0xe7, 0xb3, 0x06, 0xb4, 0x07, 0xb4, 0xe7, 0xb3,
    0x07, 0xb4, 0x47, 0xb4, 0xc7, 0xa3, 0xc8, 0xa3, 0x88, 0x9b, 0xe9, 0xa3,
    0xca, 0x9b, 0xca, 0x93, 0x4c, 0xa4, 0x0b, 0xa4, 0xcb, 0x93, 0xec, 0x93,
    0xcc, 0x8b, 0xcb, 0x8b, 0xcc, 0x8b, 0x6b, 0x7b, 0xc5, 0x49, 0x4b, 0x9c,
    0xa9, 0x9b, 0xc9, 0x9b, 0xe9, 0x9b, 0xc9, 0xa3, 0xe9, 0x9b, 0xa8, 0x9b,
    0xc8, 0xa3, 0xab, 0x83, 0xac, 0x32, 0xcd, 0x7b, 0x4c, 0x9c, 0x0c, 0x9c,
    0x6c, 0xac, 0x4a, 0xac, 0x6b, 0xac, 0x2a, 0xa4, 0xc9, 0x93, 0xa9, 0x93,
    0xcb, 0x9b, 0xaa, 0x8b, 0x09, 0x73, 0x67, 0x5a, 0x68, 0x5a, 0xc7, 0x62,
    0x46, 0x5a, 0x46, 0x5a, 0x87, 0x62, 0x87, 0x62, 0x25, 0x52, 0x66, 0x62,
    0x4a, 0x83, 0xa7, 0x6a, 0x66, 0x62, 0x45, 0x62, 0x25, 0x5a, 0x05, 0x5a,
    0x05, 0x5a, 0x05, 0x5a, 0x05, 0x5a, 0x05, 0x5a, 0x05, 0x52, 0x05, 0x5a,
    0x05, 0x5a, 0x06, 0x52, 0x26, 0x5a, 0x6b, 0x83, 0x4b, 0x83, 0x4b, 0x83,
    0x2a, 0x7b, 0x67, 0x62, 0xc4, 0x51, 0xa4, 0x49, 0x84, 0x49, 0xc4, 0x51,
    0xa4, 0x51, 0x22, 0x49, 0x64, 0x51, 0xe6, 0x59, 0x07, 0x52, 0x27, 0x52,
    0x88, 0x5a, 0x27, 0x4a, 0x27, 0x4a, 0x27, 0x4a, 0x07, 0x52, 0x27, 0x52,
    0xe3, 0x48, 0xa2, 0x60, 0x81, 0x60, 0x81, 0x60, 0xa1, 0x60, 0xa2, 0x60,
    0x81, 0x60, 0xc5, 0x59, 0x06, 0x4a, 0x26, 0x52, 0x07, 0x4a, 0x06, 0x4a,
    0xe6, 0x49, 0x06, 0x4a, 0xe6, 0x49, 0x06, 0x4a, 0x06, 0x4a, 0x06, 0x52,
    0x07, 0x52, 0x07, 0x52, 0x06, 0x4a, 0x07, 0x52, 0x26, 0x52, 0x26, 0x52,
    0x06, 0x52, 0xc5, 0x49, 0x06, 0x4a, 0x06, 0x52, 0x07, 0x52, 0x26, 0x52,
    0x27, 0x52, 0x27, 0x52, 0x27, 0x52, 0x27, 0x52, 0x47, 0x5a, 0x48, 0x5a,
    0x47, 0x52, 0x48, 0x5a, 0x89, 0x6a, 0xe6, 0x51, 0xa9, 0x62, 0x47, 0x5a,
    0x27, 0x5a, 0x27, 0x52, 0x27, 0x5a, 0x88, 0x62, 0xa9, 0x62, 0xc9, 0x6a,
    0xc9, 0x6a, 0xc9, 0x6a, 0xe9, 0x72, 0xea, 0x72, 0xc9, 0x72, 0xea, 0x7a,
    0xa9, 0x6a, 0x0a, 0x73, 0x26, 0x5a, 0x68, 0x5a, 0x68, 0x5a, 0x48, 0x5a,
    0x48, 0x5a, 0x48, 0x5a, 0x47, 0x5a, 0x47, 0x52, 0x48, 0x5a, 0x47, 0x5a,
    0x47, 0x5a, 0x27, 0x52, 0xa9, 0x6a, 0xea, 0x6a, 0xe9, 0x6a, 0xea, 0x72,
    0x88, 0x62, 0xac, 0x93, 0xcc, 0x9b, 0xac, 0x9b, 0xcc, 0x9b, 0xac, 0x9b,
    0xac, 0x9b, 0x0a, 0x7b, 0xc9, 0x6a, 0x88, 0x62, 0x89, 0x62, 0x88, 0x62,
    0x88, 0x5a, 0x88, 0x62, 0x89, 0x62, 0x89, 0x5a, 0x88, 0x5a, 0x88, 0x62,
    0xa8, 0x62, 0xa9, 0x62, 0xa8, 0x62, 0xe9, 0x6a, 0xea, 0x72, 0xe9, 0x6a,
    0xa9, 0x6a, 0xa8, 0x62, 0xc9, 0x6a, 0xa8, 0x62, 0x88, 0x62, 0x67, 0x62,
    0x87, 0x5a, 0x67, 0x5a, 0x67, 0x5a, 0x67, 0x5a, 0x67, 0x62, 0x88, 0x62,
    0x88, 0x62, 0x0a, 0x73, 0x4b, 0x7b, 0x8b, 0x8b, 0xa8, 0x6a, 0x46, 0x5a,
    0x67, 0x62, 0xa7, 0x6a, 0xc9, 0x6a, 0xe9, 0x6a, 0xa9, 0x6a, 0xc5, 0x49,
    0x06, 0x52, 0x0a, 0x6b, 0xea, 0x6a, 0x0a, 0x73, 0xea, 0x6a, 0xea, 0x6a,
    0xca, 0x6a, 0xca, 0x6a, 0xc9, 0x6a, 0x2a, 0x7b, 0x8d, 0x8b, 0x23, 0x49,
    0x23, 0x59, 0xe3, 0x60, 0xe3, 0x60, 0x24, 0x61, 0x44, 0x59, 0x64, 0x61,
    0x23, 0x69, 0x24, 0x69, 0x84, 0x71, 0x63, 0x71, 0x41, 0x79, 0x21, 0x81,
    0x01, 0x81, 0x21, 0x79, 0x42, 0x69, 0x83, 0x59, 0xca, 0x7a, 0xad, 0x8b,
    0xea, 0x6a, 0x33, 0xad, 0xb9, 0xe6, 0x2f, 0x94, 0x2e, 0x9c, 0x46, 0x62,
    0x46, 0x62, 0x27, 0x6a, 0x27, 0x5a, 0xa5, 0x49, 0xe5, 0x51, 0x4b, 0x7b,
    0x74, 0xb5, 0xb9, 0xde, 0x16, 0xc6, 0x57, 0xd6, 0xf6, 0xc5, 0xf7, 0xc5,
    0x17, 0xce, 0x37, 0xce, 0x37, 0xce, 0xf6, 0xc5, 0x17, 0xc6, 0x57, 0xce,
    0x16, 0xc6, 0xf6, 0xc5, 0x37, 0xce, 0x17, 0xc6, 0x16, 0xc6, 0x37, 0xce,
    0x16, 0xc6, 0x37, 0xce, 0x16, 0xc6, 0x16, 0xc6, 0x17, 0xc6, 0xf6, 0xc5,
    0xf6, 0xc5, 0xf7, 0xc5, 0x17, 0xc6, 0x17, 0xce, 0xb5, 0xc5, 0xf6, 0xc5,
    0x37, 0xc6, 0x38, 0xce, 0x38, 0xc6, 0x38, 0xce, 0x38, 0xce, 0x38, 0xce,
    0x38, 0xc6, 0x38, 0xce, 0x18, 0xc6, 0x38, 0xce, 0x38, 0xc6, 0x59, 0xce,
    0x38, 0xce, 0x58, 0xce, 0x38, 0xce, 0x59, 0xce, 0x58, 0xd6, 0xa4, 0x99,
    0xd7, 0xbd, 0xf7, 0xc5, 0xf7, 0xbd, 0xf7, 0xc5, 0xd7, 0xbd, 0xd7, 0xbd,
    0xd6, 0xbd, 0xf7, 0xbd, 0xd7, 0xbd, 0xd6, 0xbd, 0xd7, 0xbd, 0x17, 0xc6,
    0x17, 0xc6, 0x17, 0xc6, 0x17, 0xc6, 0x18, 0xc6, 0x17, 0xc6, 0x18, 0xc6,
    0x38, 0xc6, 0x2f, 0xbd, 0xe6, 0xab, 0xe5, 0xb3, 0x07, 0xbc, 0x07, 0xb4,
    0x07, 0xb4, 0x27, 0xb4, 0x68, 0xbc, 0xe8, 0xa3, 0x0a, 0xa4, 0xaa, 0x9b,
    0x0b, 0xa4, 0xca, 0x9b, 0xeb, 0x93, 0x2c, 0x9c, 0xea, 0x93, 0x28, 0x83,
    0xeb, 0x93, 0xcb, 0x8b, 0xcb, 0x8b, 0xec, 0x8b, 0xcd, 0x8b, 0x05, 0x52,
    0x0b, 0x94, 0xca, 0x9b, 0xc9, 0x9b, 0x0a, 0x9c, 0xe9, 0x9b, 0xa8, 0x93,
    0x88, 0x8b, 0xa8, 0x9b, 0xaa, 0x8b, 0x69, 0x4a, 0xce, 0x73, 0x4c, 0x94,
    0x2c, 0x9c, 0x8d, 0xac, 0x8c, 0xb4, 0x0a, 0x9c, 0x07, 0x73, 0xa7, 0x6a,
    0x09, 0x73, 0x49, 0x7b, 0xc9, 0x72, 0x67, 0x5a, 0x68, 0x5a, 0x68, 0x5a,
    0x68, 0x5a, 0x8e, 0xa4, 0x66, 0x5a, 0x67, 0x5a, 0x46, 0x5a, 0x25, 0x52,
    0x26, 0x5a, 0xa8, 0x72, 0x8a, 0x8b, 0xa7, 0x62, 0x87, 0x6a, 0x46, 0x62,
    0x46, 0x5a, 0x25, 0x5a, 0x25, 0x5a, 0x25, 0x5a, 0x46, 0x5a, 0x66, 0x5a,
    0x66, 0x62, 0x67, 0x62, 0x47, 0x5a, 0x26, 0x52, 0xe5, 0x51, 0xa5, 0x49,
    0x27, 0x52, 0x27, 0x52, 0x84, 0x41, 0x84, 0x41, 0xe5, 0x49, 0x47, 0x5a,
    0x47, 0x5a, 0x26, 0x52, 0x85, 0x51, 0x43, 0x51, 0xa5, 0x59, 0x27, 0x52,
    0x28, 0x52, 0x27, 0x4a, 0x47, 0x4a, 0x27, 0x4a, 0x27, 0x4a, 0x27, 0x52,
    0x27, 0x4a, 0x47, 0x4a, 0xe3, 0x38, 0xe3, 0x58, 0x81, 0x60, 0x81, 0x60,
    0x81, 0x68, 0x81, 0x60, 0x81, 0x60, 0x23, 0x59, 0x26, 0x4a, 0x07, 0x52,
    0x07, 0x4a, 0x07, 0x4a, 0x07, 0x4a, 0x06, 0x42, 0xe7, 0x49, 0xe7, 0x49,
    0xe6, 0x49, 0xe6, 0x49, 0x06, 0x4a, 0x27, 0x52, 0x26, 0x52, 0x27, 0x52,
    0x06, 0x4a, 0x06, 0x4a, 0x07, 0x52, 0xe6, 0x49, 0x07, 0x52, 0x27, 0x52,
    0x27, 0x52, 0x27, 0x52, 0x27, 0x52, 0x47, 0x52, 0x47, 0x5a, 0x47, 0x52,
    0x47, 0x5a, 0x47, 0x5a, 0x48, 0x5a, 0x47, 0x5a, 0xa9, 0x6a, 0xe6, 0x51,
    0x88, 0x62, 0x48, 0x5a, 0x27, 0x5a, 0x27, 0x52, 0x47, 0x5a, 0xa9, 0x62,
    0xa8, 0x62, 0xc9, 0x6a, 0xe9, 0x72, 0xca, 0x72, 0xea, 0x72, 0xe9, 0x72,
    0xea, 0x7a, 0xe9, 0x7a, 0xa8, 0x6a, 0x0a, 0x7b, 0x06, 0x52, 0x68, 0x5a,
    0x68, 0x5a, 0x48, 0x5a, 0x48, 0x5a, 0x47, 0x5a, 0x47, 0x5a, 0x67, 0x5a,
    0x68, 0x5a, 0x88, 0x62, 0xa9, 0x62, 0x88, 0x62, 0x0a, 0x73, 0x0a, 0x73,
    0x2a, 0x73, 0x47, 0x5a, 0x4b, 0x83, 0xec, 0x9b, 0xcc, 0x9b, 0xcc, 0x9b,
    0xac, 0x9b, 0xac, 0x9b, 0x8b, 0x93, 0xe9, 0x7a, 0xc9, 0x6a, 0x89, 0x62,
    0xa9, 0x62, 0x88, 0x62, 0x88, 0x5a, 0x88, 0x62, 0x88, 0x62, 0x88, 0x5a,
    0x88, 0x62, 0x88, 0x62, 0x88, 0x62, 0x88, 0x5a, 0x2b, 0x73, 0x8c, 0x7b,
    0x0a, 0x73, 0xc9, 0x6a, 0x88, 0x62, 0xa9, 0x62, 0xa9, 0x6a, 0xa9, 0x6a,
    0x67, 0x5a, 0x68, 0x5a, 0x68, 0x62, 0x47, 0x5a, 0x47, 0x5a, 0x46, 0x5a,
    0x67, 0x62, 0xc8, 0x6a, 0x06, 0x52, 0x0a, 0x7b, 0xea, 0x72, 0x66, 0x62,
    0x67, 0x62, 0x88, 0x62, 0x87, 0x62, 0xa8, 0x6a, 0xc9, 0x6a, 0xe9, 0x6a,
    0xc9, 0x6a, 0xc5, 0x49, 0x64, 0x41, 0x0a, 0x73, 0xea, 0x6a, 0x0b, 0x73,
    0xeb, 0x6a, 0xea, 0x6a, 0xea, 0x72, 0xc9, 0x6a, 0xc9, 0x6a, 0xc9, 0x6a,
    0x90, 0xa4, 0xa9, 0x72, 0x03, 0x51, 0xe3, 0x58, 0xe2, 0x58, 0xe3, 0x58,
    0x23, 0x59, 0x64, 0x59, 0x44, 0x69, 0x24, 0x69, 0x44, 0x71, 0x82, 0x79,
    0xe1, 0x81, 0xa0, 0x81, 0x80, 0x89, 0xa1, 0x91, 0x82, 0x81, 0x26, 0x72,
    0x6c, 0x83, 0x74, 0xc5, 0x77, 0xd6, 0xd5, 0xbd, 0x12, 0xad, 0x57, 0xd6,
    0xf1, 0xb4, 0x6c, 0x83, 0x47, 0x62, 0x26, 0x5a, 0x0e, 0x94, 0xb5, 0xc5,
    0xb9, 0xde, 0x78, 0xd6, 0x58, 0xce, 0x37, 0xce, 0x37, 0xce, 0x37, 0xce,
    0x37, 0xc6, 0xf6, 0xc5, 0x57, 0xce, 0x58, 0xce, 0x37, 0xce, 0x17, 0xc6,
    0x17, 0xc6, 0x16, 0xce, 0xf6, 0xc5, 0x17, 0xc6, 0x16, 0xc6, 0x17, 0xc6,
    0xf6, 0xc5, 0x17, 0xc6, 0x17, 0xc6, 0x17, 0xc6, 0xf6, 0xc5, 0xf6, 0xc5,
    0xf6, 0xbd, 0xf7, 0xc5, 0x17, 0xc6, 0x17, 0xc6, 0x17, 0xc6, 0x17, 0xc6,
    0xf6, 0xc5, 0xd5, 0xbd, 0x17, 0xc6, 0x38, 0xc6, 0x38, 0xce, 0x58, 0xce,
    0x38, 0xce, 0x38, 0xce, 0x58, 0xce, 0x38, 0xc6, 0x38, 0xce, 0x38, 0xc6,
    0x38, 0xc6, 0x38, 0xce, 0x38, 0xce, 0x18, 0xc6, 0x38, 0xc6, 0x58, 0xce,
    0x59, 0xd6, 0x64, 0x91, 0xd7, 0xbd, 0xf6, 0xbd, 0xf7, 0xc5, 0xd7, 0xbd,
    0xd6, 0xbd, 0xd7, 0xc5, 0xf7, 0xbd, 0xf7, 0xbd, 0xd6, 0xbd, 0xd7, 0xbd,
    0xf7, 0xbd, 0xf7, 0xbd, 0x38, 0xc6, 0x18, 0xc6, 0x18, 0xc6, 0x38, 0xc6,
    0x38, 0xc6, 0x17, 0xc6, 0xf7, 0xbd, 0x18, 0xc6, 0xee, 0xb4, 0x08, 0xac,
    0x68, 0xbc, 0x27, 0xb4, 0x26, 0xb4, 0x29, 0xb4, 0x8b, 0x93, 0x29, 0x7b,
    0x29, 0x83, 0xec, 0x9b, 0xcb, 0x93, 0x0b, 0x9c, 0x0b, 0x9c, 0x89, 0x8b,
    0xa6, 0x6a, 0xc7, 0x72, 0xec, 0x9b, 0xcb, 0x8b, 0xcc, 0x8b, 0xcc, 0x8b,
    0x6a, 0x83, 0x69, 0x83, 0xea, 0x9b, 0xea, 0xa3, 0xea, 0xa3, 0xeb, 0x9b,
    0x89, 0x8b, 0x68, 0x83, 0x88, 0x93, 0x89, 0x8b, 0xab, 0x7b, 0xef, 0x7b,
    0x0d, 0x9c, 0x6d, 0xa4, 0x4d, 0x9c, 0x29, 0x7b, 0xa7, 0x6a, 0x88, 0x62,
    0xa8, 0x62, 0xe9, 0x6a, 0x69, 0x83, 0x69, 0x83, 0xe7, 0x72, 0x47, 0x5a,
    0x47, 0x5a, 0x28, 0x52, 0xe9, 0x6a, 0x6d, 0xa4, 0x47, 0x62, 0x46, 0x5a,
    0x46, 0x5a, 0x46, 0x5a, 0x25, 0x5a, 0x46, 0x62, 0x55, 0xde, 0x66, 0x5a,
    0x87, 0x6a, 0x46, 0x62, 0x46, 0x62, 0xa7, 0x6a, 0x46, 0x62, 0x47, 0x5a,
    0x46, 0x5a, 0x26, 0x5a, 0xc5, 0x51, 0xc5, 0x49, 0xa5, 0x41, 0x63, 0x39,
    0xc2, 0x28, 0x81, 0x20, 0x44, 0x39, 0x27, 0x5a, 0x88, 0x6a, 0x68, 0x62,
    0x06, 0x52, 0x64, 0x41, 0xc5, 0x49, 0x64, 0x41, 0x64, 0x51, 0x85, 0x59,
    0xe6, 0x51, 0x48, 0x5a, 0x48, 0x52, 0x47, 0x52, 0x27, 0x52, 0x27, 0x4a,
    0x27, 0x4a, 0x47, 0x52, 0x27, 0x4a, 0x68, 0x4a, 0x06, 0x52, 0x82, 0x38,
    0xa2, 0x60, 0x81, 0x60, 0x81, 0x68, 0x81, 0x60, 0x81, 0x60, 0xa2, 0x58,
    0xe6, 0x59, 0x06, 0x4a, 0x07, 0x4a, 0x07, 0x4a, 0x27, 0x4a, 0x06, 0x4a,
    0xe6, 0x49, 0xe6, 0x49, 0xe6, 0x49, 0x06, 0x4a, 0x06, 0x4a, 0x06, 0x4a,
    0x06, 0x52, 0x07, 0x52, 0x06, 0x4a, 0x06, 0x52, 0x27, 0x52, 0x06, 0x4a,
    0x06, 0x52, 0x26, 0x52, 0x27, 0x52, 0x27, 0x52, 0x47, 0x5a, 0x47, 0x5a,
    0x67, 0x5a, 0x47, 0x52, 0x48, 0x5a, 0x47, 0x5a, 0x47, 0x52, 0x47, 0x52,
    0x67, 0x62, 0x06, 0x5a, 0x48, 0x5a, 0x68, 0x62, 0x27, 0x5a, 0x47, 0x52,
    0x68, 0x5a, 0xa9, 0x62, 0xa9, 0x6a, 0xe9, 0x6a, 0xc9, 0x6a, 0xc9, 0x72,
    0xea, 0x72, 0xe9, 0x72, 0xea, 0x7a, 0x0a, 0x7b, 0xa8, 0x6a, 0xea, 0x72,
    0x26, 0x5a, 0x68, 0x5a, 0x48, 0x5a, 0x47, 0x5a, 0x47, 0x5a, 0x47, 0x52,
    0x88, 0x5a, 0x88, 0x5a, 0x88, 0x62, 0x0a, 0x73, 0x89, 0x62, 0x68, 0x62,
    0x6c, 0x7b, 0x2b, 0x73, 0x68, 0x62, 0xca, 0x72, 0xac, 0x9b, 0xcc, 0x9b,
    0xcc, 0x9b, 0xcc, 0x9b, 0xac, 0x9b, 0x8b, 0x9b, 0x8b, 0x93, 0xc9, 0x72,
    0xe9, 0x6a, 0x89, 0x62, 0xa9, 0x62, 0x88, 0x62, 0x88, 0x62, 0x88, 0x5a,
    0x89, 0x62, 0x88, 0x62, 0x88, 0x62, 0xa8, 0x62, 0xe9, 0x6a, 0x0a, 0x6b,
    0x8c, 0x83, 0x4b, 0x7b, 0x2b, 0x73, 0xc9, 0x6a, 0x68, 0x62, 0xa9, 0x6a,
    0xc8, 0x6a, 0x67, 0x5a, 0x68, 0x62, 0x67, 0x5a, 0x67, 0x5a, 0x46, 0x5a,
    0x46, 0x5a, 0x67, 0x5a, 0x67, 0x62, 0x67, 0x62, 0x27, 0x5a, 0x68, 0x62,
    0x68, 0x62, 0x88, 0x62, 0x68, 0x6a, 0x67, 0x62, 0x67, 0x6a, 0xc8, 0x72,
    0xe9, 0x72, 0xea, 0x72, 0x0a, 0x73, 0x47, 0x5a, 0x43, 0x39, 0xea, 0x6a,
    0x0a, 0x73, 0x0a, 0x73, 0xeb, 0x6a, 0xca, 0x6a, 0xea, 0x72, 0xa9, 0x72,
    0xc9, 0x72, 0xc9, 0x72, 0xa9, 0x6a, 0x16, 0xd6, 0x03, 0x49, 0xc2, 0x58,
    0xc2, 0x58, 0xe2, 0x58, 0x03, 0x59, 0x64, 0x59, 0x84, 0x61, 0x44, 0x69,
    0x64, 0x71, 0x25, 0x7a, 0x29, 0x83, 0xcc, 0x93, 0xe7, 0x9a, 0xa0, 0x99,
    0xa1, 0x99, 0x65, 0x7a, 0x53, 0xb5, 0x15, 0xce, 0x94, 0xbd, 0xd5, 0xcd,
    0x53, 0xbd, 0x0a, 0x73, 0x06, 0x5a, 0x6c, 0x83, 0x33, 0xb5, 0xd9, 0xde,
    0x38, 0xce, 0x37, 0xce, 0x18, 0xc6, 0x17, 0xc6, 0x38, 0xce, 0x37, 0xce,
    0x37, 0xc6, 0x37, 0xce, 0x37, 0xce, 0x57, 0xce, 0x16, 0xc6, 0xf6, 0xc5,
    0x16, 0xc6, 0x37, 0xce, 0x16, 0xc6, 0x17, 0xc6, 0x37, 0xce, 0x17, 0xc6,
    0xf6, 0xc5, 0x16, 0xc6, 0xf6, 0xc5, 0xf6, 0xc5, 0xf6, 0xc5, 0xd6, 0xbd,
    0xd6, 0xc5, 0xf6, 0xc5, 0xf7, 0xc5, 0x17, 0xc6, 0x17, 0xc6, 0xf6, 0xc5,
    0xf6, 0xbd, 0x37, 0xc6, 0xf6, 0xc5, 0xd6, 0xbd, 0x18, 0xc6, 0x38, 0xc6,
    0x38, 0xce, 0x38, 0xce, 0x18, 0xc6, 0x38, 0xc6, 0x18, 0xc6, 0x58, 0xce,
    0x17, 0xc6, 0x18, 0xc6, 0x38, 0xce, 0x38, 0xce, 0x38, 0xce, 0x18, 0xc6,
    0x58, 0xce, 0x38, 0xc6, 0xf6, 0xd5, 0x64, 0x91, 0xf7, 0xc5, 0xb6, 0xbd,
    0xd6, 0xbd, 0xd6, 0xbd, 0xd6, 0xbd, 0xd7, 0xbd, 0xf7, 0xbd, 0xd6, 0xbd,
    0xf7, 0xbd, 0xf7, 0xc5, 0x17, 0xc6, 0xf7, 0xbd, 0x17, 0xc6, 0x17, 0xc6,
    0x17, 0xc6, 0xf7, 0xbd, 0xf7, 0xbd, 0x17, 0xc6, 0xf7, 0xc5, 0x17, 0xbe,
    0xf7, 0xc5, 0x95, 0xc5, 0xaf, 0xac, 0x8d, 0xac, 0x10, 0xbd, 0x73, 0xc5,
    0xc9, 0x62, 0xc8, 0x62, 0xab, 0x83, 0x0c, 0x9c, 0xec, 0x93, 0xeb, 0x93,
    0xeb, 0x93, 0x86, 0x6a, 0x66, 0x6a, 0xab, 0x93, 0xec, 0x8b, 0xcc, 0x8b,
    0xac, 0x8b, 0xcb, 0x8b, 0xab, 0x8b, 0x0b, 0x9c, 0x0b, 0x9c, 0x4c, 0xa4,
    0x69, 0x8b, 0xe9, 0x72, 0x09, 0x7b, 0xaa, 0x8b, 0xaa, 0x93, 0x8a, 0x8b,
    0xab, 0x83, 0x4a, 0x73, 0xe9, 0x6a, 0x0a, 0x73, 0x06, 0x52, 0x47, 0x5a,
    0x48, 0x5a, 0x48, 0x5a, 0xc5, 0x49, 0x09, 0x73, 0x69, 0x83, 0x8a, 0x83,
    0x27, 0x5a, 0x27, 0x52, 0x27, 0x52, 0x48, 0x5a, 0x27, 0x5a, 0xce, 0xb4,
    0xe5, 0x51, 0x46, 0x5a, 0x46, 0x5a, 0x26, 0x5a, 0x46, 0x5a, 0x46, 0x62,
    0x2d, 0x9c, 0xf0, 0xb4, 0x67, 0x62, 0x67, 0x62, 0x66, 0x62, 0x25, 0x5a,
    0xc4, 0x51, 0xe5, 0x51, 0xe5, 0x51, 0xa4, 0x49, 0x64, 0x41, 0xe1, 0x28,
    0xc1, 0x28, 0x23, 0x39, 0x47, 0x5a, 0xa8, 0x6a, 0x05, 0x62, 0x01, 0x49,
    0xe1, 0x48, 0x03, 0x49, 0x85, 0x51, 0x64, 0x51, 0x23, 0x51, 0x64, 0x51,
    0x65, 0x59, 0x24, 0x51, 0xc6, 0x51, 0x47, 0x52, 0x48, 0x52, 0x27, 0x52,
    0x27, 0x4a, 0x48, 0x52, 0x27, 0x4a, 0x47, 0x4a, 0x27, 0x52, 0x47, 0x52,
    0x47, 0x52, 0x24, 0x39, 0x81, 0x50, 0x81, 0x60, 0x61, 0x60, 0x61, 0x60,
    0x61, 0x60, 0x61, 0x60, 0x65, 0x59, 0x06, 0x4a, 0x27, 0x52, 0x07, 0x4a,
    0x27, 0x4a, 0x07, 0x4a, 0xe6, 0x49, 0x07, 0x4a, 0x06, 0x4a, 0x06, 0x4a,
    0x06, 0x52, 0x06, 0x52, 0x07, 0x4a, 0x07, 0x52, 0x26, 0x52, 0x27, 0x52,
    0x06, 0x4a, 0x27, 0x52, 0x06, 0x52, 0x27, 0x52, 0x26, 0x52, 0x47, 0x52,
    0x47, 0x52, 0x47, 0x5a, 0x47, 0x5a, 0x47, 0x52, 0x47, 0x52, 0x48, 0x5a,
    0x47, 0x5a, 0x27, 0x52, 0x47, 0x5a, 0x27, 0x5a, 0x27, 0x52, 0x88, 0x62,
    0x47, 0x5a, 0x47, 0x5a, 0x88, 0x62, 0xa9, 0x62, 0xa9, 0x6a, 0xe9, 0x72,
    0xea, 0x72, 0xc9, 0x72, 0xea, 0x72, 0xea, 0x7a, 0xea, 0x7a, 0xea, 0x7a,
    0xa8, 0x6a, 0xa8, 0x6a, 0x67, 0x5a, 0x68, 0x5a, 0x48, 0x5a, 0x48, 0x5a,
    0x68, 0x5a, 0xa9, 0x62, 0xc9, 0x6a, 0x88, 0x62, 0x2b, 0x73, 0xa9, 0x62,
    0x68, 0x5a, 0xc9, 0x6a, 0x4b, 0x7b, 0xc9, 0x6a, 0x67, 0x62, 0x8c, 0x8b,
    0xcc, 0x9b, 0xcc, 0x9b, 0xcc, 0x9b, 0xcc, 0x9b, 0xac, 0x9b, 0xac, 0x9b,
    0x8c, 0x93, 0x88, 0x6a, 0xc9, 0x6a, 0xa9, 0x62, 0x89, 0x62, 0x88, 0x62,
    0x88, 0x62, 0x89, 0x62, 0x89, 0x62, 0x89, 0x62, 0xc9, 0x62, 0xea, 0x6a,
    0x88, 0x62, 0xc9, 0x6a, 0x8c, 0x7b, 0x6c, 0x7b, 0x4b, 0x7b, 0x88, 0x62,
    0xa9, 0x6a, 0xc9, 0x6a, 0x88, 0x62, 0x68, 0x5a, 0x67, 0x5a, 0x47, 0x5a,
    0x27, 0x5a, 0x26, 0x5a, 0x87, 0x62, 0x87, 0x62, 0x47, 0x5a, 0x26, 0x52,
    0x67, 0x62, 0x68, 0x62, 0x68, 0x62, 0x67, 0x5a, 0xa9, 0x72, 0x2a, 0x83,
    0xab, 0x93, 0x0a, 0x83, 0xe9, 0x7a, 0xe9, 0x72, 0x0a, 0x73, 0xc9, 0x6a,
    0x43, 0x39, 0xa9, 0x62, 0x0b, 0x73, 0x0a, 0x73, 0xea, 0x6a, 0xea, 0x6a,
    0xc9, 0x6a, 0xa9, 0x6a, 0xca, 0x72, 0xa8, 0x6a, 0xc9, 0x72, 0x0e, 0x94,
    0x0f, 0xa4, 0xa1, 0x50, 0xc2, 0x58, 0x03, 0x59, 0x03, 0x59, 0x64, 0x59,
    0xc5, 0x59, 0xa5, 0x69, 0x84, 0x69, 0x88, 0x62, 0xcc, 0x7b, 0xb1, 0x8c,
    0x2d, 0xa4, 0xe1, 0xa1, 0xa0, 0xa9, 0xe6, 0x9a, 0x73, 0xbd, 0xd5, 0xcd,
    0xd1, 0xa4, 0xe9, 0x7a, 0x06, 0x5a, 0xac, 0x8b, 0x37, 0xd6, 0x98, 0xd6,
    0x57, 0xc6, 0x17, 0xc6, 0x38, 0xc6, 0x38, 0xce, 0x38, 0xce, 0x17, 0xc6,
    0x16, 0xc6, 0x37, 0xce, 0x37, 0xce, 0x37, 0xce, 0x37, 0xce, 0x17, 0xc6,
    0x17, 0xce, 0x16, 0xc6, 0x16, 0xc6, 0x17, 0xce, 0x17, 0xc6, 0x37, 0xce,
    0x17, 0xc6, 0xf6, 0xc5, 0x16, 0xc6, 0xf6, 0xc5, 0xf6, 0xc5, 0xf6, 0xc5,
    0x16, 0xc6, 0x16, 0xc6, 0x16, 0xc6, 0xf6, 0xc5, 0x17, 0xc6, 0xf7, 0xbd,
    0x17, 0xc6, 0xf6, 0xbd, 0xf6, 0xbd, 0x37, 0xc6, 0x17, 0xc6, 0xf7, 0xc5,
    0xf7, 0xc5, 0x58, 0xce, 0x18, 0xc6, 0x38, 0xce, 0x38, 0xc6, 0x38, 0xce,
    0x38, 0xce, 0x38, 0xce, 0x17, 0xc6, 0x38, 0xce, 0x38, 0xce, 0x17, 0xc6,
    0x38, 0xc6, 0x38, 0xce, 0x38, 0xc6, 0x18, 0xc6, 0x58, 0xc6, 0x71, 0xb4,
    0xf7, 0xbd, 0xf7, 0xc5, 0x17, 0xc6, 0xf7, 0xc5, 0xf7, 0xc5, 0xf7, 0xc5,
    0xd6, 0xbd, 0xf7, 0xbd, 0xf7, 0xbd, 0xf7, 0xbd, 0xd6, 0xbd, 0x17, 0xc6,
    0x38, 0xc6, 0x38, 0xc6, 0x17, 0xc6, 0x18, 0xc6, 0x17, 0xc6, 0x17, 0xc6,
    0x18, 0xc6, 0x17, 0xc6, 0x18, 0xc6, 0x17, 0xc6, 0x38, 0xce, 0x98, 0xd6,
    0x74, 0xad, 0x07, 0x42, 0x88, 0x5a, 0xab, 0x8b, 0x2c, 0x94, 0xcb, 0x93,
    0xcb, 0x8b, 0xcb, 0x8b, 0x29, 0x7b, 0x86, 0x6a, 0xe8, 0x7a, 0xcc, 0x93,
    0xab, 0x8b, 0xcb, 0x8b, 0xcb, 0x8b, 0x0b, 0x94, 0x0a, 0x9c, 0x0b, 0xa4,
    0x0c, 0x94, 0x87, 0x62, 0xe9, 0x72, 0xe9, 0x6a, 0xe9, 0x72, 0x09, 0x73,
    0xa7, 0x6a, 0xa8, 0x6a, 0x48, 0x5a, 0x68, 0x5a, 0x68, 0x62, 0x46, 0x5a,
    0x26, 0x52, 0x06, 0x52, 0xa5, 0x49, 0x64, 0x41, 0xc4, 0x49, 0xe8, 0x6a,
    0x8a, 0x8b, 0x48, 0x83, 0x06, 0x52, 0x68, 0x5a, 0x68, 0x52, 0x68, 0x5a,
    0x27, 0x52, 0x69, 0x83, 0x67, 0x62, 0x26, 0x5a, 0x46, 0x5a, 0x47, 0x5a,
    0x46, 0x62, 0x26, 0x5a, 0xe9, 0x72, 0xd2, 0xcd, 0x25, 0x5a, 0x47, 0x5a,
    0xe3, 0x51, 0x81, 0x49, 0xc3, 0x59, 0xc3, 0x51, 0x42, 0x41, 0x63, 0x41,
    0xa4, 0x51, 0xc5, 0x59, 0x84, 0x51, 0x22, 0x41, 0x01, 0x49, 0xc1, 0x40,
    0xc1, 0x48, 0xc1, 0x48, 0xe2, 0x50, 0x02, 0x49, 0xa4, 0x51, 0x43, 0x51,
    0xe2, 0x50, 0xa5, 0x51, 0x44, 0x51, 0x44, 0x59, 0xc6, 0x51, 0x47, 0x52,
    0x48, 0x52, 0x47, 0x4a, 0x27, 0x4a, 0x27, 0x4a, 0x27, 0x52, 0x27, 0x4a,
    0x47, 0x4a, 0x48, 0x52, 0x27, 0x4a, 0xa5, 0x41, 0x41, 0x38, 0x81, 0x58,
    0x61, 0x60, 0x81, 0x58, 0x61, 0x60, 0x60, 0x60, 0x61, 0x50, 0xe7, 0x59,
    0x27, 0x4a, 0x07, 0x4a, 0x27, 0x4a, 0x06, 0x4a, 0xe6, 0x49, 0x07, 0x4a,
    0x06, 0x4a, 0xe6, 0x49, 0x07, 0x52, 0x06, 0x52, 0x26, 0x52, 0x07, 0x52,
    0x06, 0x4a, 0x07, 0x52, 0x06, 0x4a, 0x27, 0x52, 0x27, 0x52, 0x27, 0x52,
    0x27, 0x52, 0x27, 0x52, 0x47, 0x52, 0x48, 0x5a, 0x48, 0x5a, 0x47, 0x52,
    0x47, 0x52, 0x47, 0x5a, 0x48, 0x5a, 0x27, 0x52, 0x8c, 0x7b, 0x27, 0x5a,
    0x27, 0x52, 0x89, 0x62, 0x48, 0x5a, 0x47, 0x52, 0x88, 0x62, 0x89, 0x62,
    0xc9, 0x6a, 0xca, 0x72, 0xca, 0x72, 0xe9, 0x72, 0xea, 0x72, 0xea, 0x7a,
    0xea, 0x7a, 0xa8, 0x6a, 0xc9, 0x6a, 0xa8, 0x62, 0x68, 0x62, 0x68, 0x5a,
    0x68, 0x5a, 0x88, 0x62, 0xc9, 0x6a, 0xa9, 0x6a, 0xa9, 0x6a, 0xea, 0x72,
    0xc9, 0x6a, 0xa8, 0x62, 0x84, 0x41, 0x8c, 0x83, 0x2b, 0x7b, 0x06, 0x52,
    0x8c, 0x8b, 0xcc, 0x9b, 0xac, 0x9b, 0xac, 0x9b, 0xac, 0x9b, 0xac, 0x9b,
    0xac, 0x9b, 0xab, 0x9b, 0x6b, 0x8b, 0xc9, 0x6a, 0xc9, 0x6a, 0xa9, 0x62,
    0x88, 0x62, 0x88, 0x62, 0x88, 0x5a, 0x89, 0x62, 0xc9, 0x6a, 0xea, 0x6a,
    0x0a, 0x6b, 0x88, 0x62, 0xe6, 0x49, 0xe9, 0x6a, 0x6c, 0x7b, 0x4b, 0x7b,
    0x6c, 0x83, 0xa8, 0x62, 0xe9, 0x6a, 0x88, 0x62, 0x88, 0x62, 0x88, 0x62,
    0x67, 0x62, 0x47, 0x5a, 0x06, 0x52, 0x46, 0x5a, 0x88, 0x62, 0x67, 0x5a,
    0x88, 0x62, 0x26, 0x52, 0x26, 0x52, 0x47, 0x5a, 0x09, 0x73, 0xcc, 0x93,
    0xcc, 0x9b, 0x8b, 0xa3, 0xcb, 0x9b, 0x2a, 0x83, 0xe9, 0x7a, 0x0a, 0x7b,
    0x0a, 0x7b, 0xe9, 0x72, 0x64, 0x41, 0x0a, 0x73, 0x0b, 0x73, 0x0a, 0x73,
    0x0a, 0x6b, 0xe9, 0x6a, 0xc9, 0x6a, 0xc9, 0x6a, 0xc9, 0x72, 0xa9, 0x72,
    0xa9, 0x72, 0xa8, 0x6a, 0x12, 0xb5, 0x44, 0x59, 0xc3, 0x58, 0xe3, 0x60,
    0x03, 0x59, 0x64, 0x59, 0xe5, 0x59, 0xe6, 0x61, 0x23, 0x61, 0x09, 0x7b,
    0xcc, 0x7b, 0x13, 0xad, 0xf0, 0xa4, 0x43, 0xaa, 0x05, 0xb3, 0x89, 0x9b,
    0xcb, 0x9b, 0x87, 0x82, 0x06, 0x6a, 0xcd, 0x8b, 0x36, 0xce, 0x58, 0xce,
    0x16, 0xc6, 0x16, 0xc6, 0x16, 0xc6, 0x58, 0xce, 0x37, 0xce, 0x37, 0xce,
    0x17, 0xc6, 0x37, 0xce, 0x17, 0xc6, 0x16, 0xc6, 0x37, 0xce, 0x17, 0xce,
    0x17, 0xc6, 0x17, 0xc6, 0x17, 0xc6, 0x37, 0xce, 0x17, 0xc6, 0x16, 0xc6,
    0xf6, 0xc5, 0x37, 0xce, 0x37, 0xce, 0xf6, 0xc5, 0xf6, 0xc5, 0xf6, 0xc5,
    0xf6, 0xc5, 0x17, 0xc6, 0xf6, 0xc5, 0x17, 0xc6, 0x17, 0xc6, 0xf7, 0xbd,
    0x17, 0xc6, 0x17, 0xc6, 0xf7, 0xbd, 0xf7, 0xc5, 0x17, 0xc6, 0x38, 0xce,
    0xf7, 0xc5, 0xf7, 0xc5, 0x17, 0xc6, 0x38, 0xc6, 0x38, 0xc6, 0x38, 0xce,
    0x38, 0xc6, 0x38, 0xce, 0x38, 0xc6, 0x38, 0xce, 0x18, 0xc6, 0x59, 0xce,
    0x38, 0xc6, 0x18, 0xc6, 0x38, 0xce, 0x38, 0xce, 0x18, 0xc6, 0x38, 0xce,
    0xf7, 0xc5, 0x18, 0xc6, 0x17, 0xc6, 0xf7, 0xc5, 0xd7, 0xbd, 0xd6, 0xbd,
    0xd7, 0xbd, 0xd6, 0xbd, 0xd6, 0xbd, 0xd7, 0xbd, 0xd7, 0xbd, 0xf7, 0xc5,
    0x17, 0xc6, 0xf7, 0xc5, 0x18, 0xc6, 0xf7, 0xbd, 0x17, 0xc6, 0xf7, 0xbd,
    0x17, 0xc6, 0x18, 0xc6, 0x17, 0xc6, 0x38, 0xce, 0x38, 0xce, 0x38, 0xc6,
    0xb6, 0xb5, 0xad, 0x73, 0x0b, 0x63, 0x8d, 0x7b, 0xed, 0x8b, 0x0c, 0x9c,
    0xcc, 0x93, 0xec, 0x93, 0xab, 0x8b, 0x69, 0x83, 0xe7, 0x72, 0x08, 0x7b,
    0xab, 0x93, 0x8a, 0x8b, 0xab, 0x8b, 0x8a, 0x83, 0xaa, 0x8b, 0x4c, 0x9c,
    0x89, 0x8b, 0xc8, 0x6a, 0x46, 0x52, 0xa8, 0x62, 0xe9, 0x6a, 0xc9, 0x6a,
    0x47, 0x5a, 0x27, 0x5a, 0x26, 0x52, 0x67, 0x62, 0x27, 0x5a, 0xe6, 0x51,
    0xa4, 0x49, 0xa3, 0x41, 0x84, 0x41, 0xc5, 0x49, 0xe6, 0x49, 0xc5, 0x49,
    0x05, 0x52, 0x0c, 0x94, 0xaa, 0x8b, 0x49, 0x83, 0x26, 0x52, 0x48, 0x52,
    0x47, 0x52, 0x47, 0x52, 0x47, 0x52, 0x26, 0x5a, 0x67, 0x62, 0x47, 0x62,
    0x67, 0x62, 0x06, 0x5a, 0xa4, 0x49, 0xc4, 0x49, 0x25, 0x5a, 0xf4, 0xd5,
    0x25, 0x5a, 0x63, 0x41, 0xc4, 0x59, 0x45, 0x6a, 0xc2, 0x59, 0xc3, 0x59,
    0xa3, 0x59, 0x83, 0x51, 0x01, 0x49, 0xe1, 0x48, 0xc1, 0x48, 0xc1, 0x50,
    0xc1, 0x48, 0xa1, 0x48, 0xc1, 0x48, 0xc1, 0x48, 0xc1, 0x48, 0x64, 0x51,
    0xc4, 0x51, 0xe2, 0x50, 0x03, 0x51, 0xa5, 0x59, 0x23, 0x51, 0x23, 0x51,
    0x06, 0x52, 0x47, 0x52, 0x48, 0x52, 0x47, 0x52, 0x47, 0x52, 0x27, 0x4a,
    0x48, 0x52, 0x27, 0x52, 0x27, 0x4a, 0x47, 0x52, 0x27, 0x4a, 0x47, 0x52,
    0x81, 0x30, 0xa2, 0x58, 0x60, 0x60, 0x81, 0x60, 0x61, 0x58, 0x61, 0x60,
    0x40, 0x60, 0x03, 0x59, 0x27, 0x52, 0x07, 0x4a, 0x27, 0x4a, 0x27, 0x4a,
    0xe6, 0x41, 0x07, 0x4a, 0xe6, 0x49, 0xe6, 0x49, 0x06, 0x52, 0x06, 0x4a,
    0x06, 0x4a, 0x27, 0x52, 0x26, 0x52, 0x06, 0x4a, 0x06, 0x52, 0x27, 0x52,
    0x47, 0x52, 0x27, 0x52, 0x27, 0x52, 0x27, 0x52, 0x47, 0x52, 0x47, 0x5a,
    0x48, 0x5a, 0x47, 0x5a, 0x47, 0x52, 0x47, 0x52, 0x47, 0x5a, 0x27, 0x52,
    0x0e, 0x8c, 0x47, 0x5a, 0x47, 0x52, 0x89, 0x62, 0x89, 0x62, 0x27, 0x52,
    0x68, 0x5a, 0x89, 0x62, 0xc9, 0x6a, 0xc9, 0x6a, 0xca, 0x72, 0xea, 0x72,
    0xea, 0x72, 0xea, 0x7a, 0x0a, 0x7b, 0xa8, 0x6a, 0x88, 0x62, 0x88, 0x62,
    0x67, 0x5a, 0x68, 0x5a, 0x88, 0x62, 0xc9, 0x6a, 0xc9, 0x6a, 0xa9, 0x6a,
    0x0a, 0x73, 0xa9, 0x6a, 0x88, 0x62, 0x64, 0x41, 0x2b, 0x7b, 0x4b, 0x7b,
    0x26, 0x52, 0x6b, 0x83, 0xcc, 0x9b, 0xab, 0x9b, 0xcc, 0xa3, 0xcc, 0x9b,
    0xac, 0x9b, 0x8b, 0x9b, 0x8b, 0x93, 0xab, 0x9b, 0x4b, 0x83, 0xc9, 0x6a,
    0xa9, 0x6a, 0xa9, 0x62, 0x89, 0x62, 0xa9, 0x62, 0xa9, 0x62, 0xea, 0x6a,
    0xea, 0x6a, 0xea, 0x6a, 0x88, 0x62, 0x06, 0x52, 0x06, 0x4a, 0x2a, 0x73,
    0x6c, 0x7b, 0xed, 0x8b, 0xa9, 0x6a, 0x2a, 0x73, 0xa8, 0x62, 0xa8, 0x6a,
    0x88, 0x62, 0x88, 0x62, 0x68, 0x62, 0x47, 0x5a, 0x26, 0x52, 0x46, 0x5a,
    0x67, 0x5a, 0xa8, 0x62, 0x06, 0x52, 0xa4, 0x49, 0x2a, 0x7b, 0x0c, 0x94,
    0xec, 0x9b, 0xcc, 0x9b, 0xcc, 0xa3, 0xab, 0x9b, 0xcb, 0x9b, 0x09, 0x83,
    0xe9, 0x7a, 0x0a, 0x7b, 0x0a, 0x7b, 0x0a, 0x7b, 0xe6, 0x51, 0x4b, 0x7b,
    0x0a, 0x73, 0x0a, 0x6b, 0xea, 0x6a, 0xe9, 0x6a, 0xc9, 0x6a, 0xc9, 0x6a,
    0xa9, 0x72, 0xa8, 0x72, 0xa9, 0x72, 0x88, 0x6a, 0x0a, 0x73, 0x33, 0xbd,
    0xc2, 0x50, 0x03, 0x61, 0x03, 0x59, 0x64, 0x61, 0xc5, 0x59, 0x06, 0x62,
    0x64, 0x69, 0x67, 0x7a, 0x8a, 0x73, 0x4f, 0x8c, 0x8f, 0x94, 0xe7, 0xaa,
    0x81, 0x89, 0x64, 0x89, 0xa4, 0x81, 0x4b, 0x93, 0x94, 0xbd, 0x58, 0xd6,
    0xf6, 0xc5, 0x17, 0xbe, 0x37, 0xc6, 0x57, 0xce, 0x57, 0xce, 0x58, 0xce,
    0x58, 0xce, 0x37, 0xc6, 0x17, 0xc6, 0x58, 0xce, 0x37, 0xc6, 0x37, 0xce,
    0xf6, 0xc5, 0x37, 0xce, 0x57, 0xce, 0x37, 0xce, 0x16, 0xc6, 0xf6, 0xc5,
    0x16, 0xc6, 0x17, 0xc6, 0x37, 0xce, 0x16, 0xc6, 0xf6, 0xc5, 0xf6, 0xc5,
    0xf6, 0xc5, 0xf6, 0xc5, 0xf6, 0xc5, 0x17, 0xc6, 0x17, 0xc6, 0x17, 0xc6,
    0x17, 0xc6, 0xf7, 0xc5, 0x17, 0xc6, 0x17, 0xc6, 0x17, 0xc6, 0xf7, 0xbd,
    0xf7, 0xbd, 0x38, 0xc6, 0x18, 0xc6, 0x17, 0xc6, 0x18, 0xc6, 0x18, 0xce,
    0x17, 0xc6, 0x38, 0xce, 0x17, 0xc6, 0x58, 0xce, 0x38, 0xce, 0x18, 0xc6,
    0x38, 0xce, 0x38, 0xce, 0x38, 0xc6, 0x18, 0xc6, 0x38, 0xce, 0x38, 0xc6,
    0x38, 0xce, 0x38, 0xce, 0x17, 0xc6, 0x17, 0xce, 0xf7, 0xbd, 0xd6, 0xbd,
    0xf7, 0xc5, 0xf7, 0xbd, 0xf7, 0xc5, 0xf7, 0xc5, 0xf7, 0xbd, 0xf7, 0xc5,
    0xf7, 0xc5, 0xf7, 0xbd, 0xf7, 0xbd, 0xf7, 0xbd, 0x17, 0xc6, 0x18, 0xc6,
    0xf7, 0xbd, 0x17, 0xc6, 0x17, 0xc6, 0x18, 0xc6, 0x17, 0xc6, 0xf7, 0xbd,
    0xf7, 0xc5, 0x37, 0xce, 0xd1, 0x9c, 0xa5, 0x39, 0xa5, 0x39, 0x4b, 0x7b,
    0xeb, 0x93, 0xec, 0x93, 0xec, 0x93, 0xcc, 0x93, 0xab, 0x8b, 0x49, 0x83,
    0x28, 0x7b, 0x29, 0x83, 0x8a, 0x8b, 0xec, 0x93, 0x6a, 0x83, 0xc8, 0x72,
    0x87, 0x62, 0x05, 0x52, 0x05, 0x52, 0x87, 0x5a, 0x67, 0x5a, 0x67, 0x5a,
    0x46, 0x5a, 0x67, 0x5a, 0x46, 0x5a, 0x26, 0x52, 0xe4, 0x49, 0xc3, 0x49,
    0xa3, 0x49, 0x83, 0x41, 0xa4, 0x49, 0xc5, 0x49, 0xe5, 0x51, 0x47, 0x5a,
    0xa4, 0x49, 0x05, 0x52, 0x25, 0x5a, 0xeb, 0x8b, 0xaa, 0x8b, 0x69, 0x8b,
    0x67, 0x62, 0x47, 0x5a, 0x47, 0x5a, 0x27, 0x52, 0x26, 0x52, 0x05, 0x52,
    0x26, 0x5a, 0x66, 0x62, 0xe4, 0x51, 0xa3, 0x51, 0xc4, 0x51, 0xe5, 0x59,
    0xa4, 0x51, 0xe8, 0x7a, 0x09, 0x83, 0x22, 0x41, 0x22, 0x51, 0x42, 0x51,
    0x22, 0x51, 0xe1, 0x48, 0xe1, 0x48, 0xc1, 0x50, 0xe2, 0x50, 0xe2, 0x50,
    0xe2, 0x50, 0xa1, 0x50, 0xa1, 0x50, 0xa1, 0x48, 0xc1, 0x48, 0xe1, 0x50,
    0xc1, 0x48, 0xc5, 0x51, 0xa4, 0x51, 0xe2, 0x58, 0x03, 0x51, 0xc5, 0x51,
    0x64, 0x51, 0x24, 0x51, 0x27, 0x52, 0x47, 0x52, 0x48, 0x52, 0x48, 0x52,
    0x47, 0x4a, 0x27, 0x52, 0x47, 0x4a, 0x48, 0x52, 0x27, 0x4a, 0x27, 0x4a,
    0x27, 0x4a, 0x27, 0x52, 0xc6, 0x51, 0x61, 0x40, 0x81, 0x60, 0x61, 0x60,
    0x61, 0x60, 0x61, 0x60, 0x80, 0x58, 0x81, 0x60, 0x27, 0x52, 0x27, 0x4a,
    0x27, 0x52, 0x07, 0x4a, 0xe6, 0x49, 0x07, 0x4a, 0xe6, 0x49, 0x06, 0x4a,
    0x06, 0x52, 0x06, 0x4a, 0x06, 0x4a, 0x07, 0x52, 0x06, 0x4a, 0x26, 0x52,
    0x27, 0x52, 0x47, 0x5a, 0x47, 0x52, 0x27, 0x52, 0x47, 0x52, 0x47, 0x5a,
    0x47, 0x5a, 0x67, 0x52, 0x47, 0x52, 0x68, 0x5a, 0x48, 0x5a, 0x68, 0x5a,
    0x68, 0x5a, 0x47, 0x52, 0x0a, 0x73, 0x2b, 0x73, 0x48, 0x5a, 0x48, 0x5a,
    0xa9, 0x62, 0x27, 0x52, 0x68, 0x5a, 0xa9, 0x62, 0xc9, 0x6a, 0xa9, 0x6a,
    0xe9, 0x72, 0xe9, 0x72, 0xc9, 0x72, 0xa9, 0x72, 0xa8, 0x6a, 0x67, 0x62,
    0xc8, 0x6a, 0x88, 0x62, 0x88, 0x62, 0x88, 0x62, 0xc9, 0x6a, 0xea, 0x6a,
    0xe9, 0x6a, 0x88, 0x62, 0x68, 0x62, 0x47, 0x5a, 0xc5, 0x51, 0xc9, 0x6a,
    0x2b, 0x7b, 0x68, 0x62, 0xc8, 0x6a, 0x4b, 0x83, 0x4a, 0x8b, 0x6a, 0x8b,
    0x6b, 0x8b, 0x2a, 0x8b, 0x2a, 0x8b, 0x4a, 0x8b, 0x8b, 0x93, 0xac, 0x93,
    0x0a, 0x7b, 0xc9, 0x6a, 0xa9, 0x6a, 0xc9, 0x6a, 0xa9, 0x62, 0xa9, 0x6a,
    0xc9, 0x6a, 0xea, 0x6a, 0x88, 0x62, 0x68, 0x5a, 0x06, 0x52, 0xe6, 0x49,
    0x88, 0x5a, 0xcd, 0x8b, 0x2b, 0x73, 0xee, 0x8b, 0x2a, 0x73, 0xc9, 0x6a,
    0xc9, 0x6a, 0xa8, 0x62, 0xa8, 0x62, 0xa9, 0x6a, 0x67, 0x5a, 0x47, 0x5a,
    0x27, 0x5a, 0x47, 0x5a, 0x67, 0x62, 0x2a, 0x73, 0xa4, 0x49, 0xcc, 0x9b,
    0xcc, 0xa3, 0xec, 0xa3, 0x6a, 0x93, 0x29, 0x8b, 0x6a, 0x93, 0xab, 0x9b,
    0xcc, 0x9b, 0x09, 0x83, 0xe9, 0x7a, 0x0a, 0x7b, 0xea, 0x7a, 0xea, 0x7a,
    0xc9, 0x72, 0x6c, 0x7b, 0x0b, 0x73, 0xea, 0x72, 0xea, 0x6a, 0xea, 0x6a,
    0xc9, 0x6a, 0xa9, 0x6a, 0xa9, 0x72, 0xa8, 0x72, 0xa8, 0x72, 0x89, 0x7a,
    0x48, 0x72, 0xd6, 0xc5, 0x68, 0x72, 0x44, 0x59, 0x43, 0x61, 0x64, 0x61,
    0xc5, 0x61, 0x06, 0x5a, 0xa4, 0x69, 0xa4, 0x69, 0x8c, 0x83, 0x8c, 0x6b,
    0xac, 0x8b, 0xe4, 0x81, 0x46, 0x9a, 0xcb, 0xab, 0xb6, 0xc5, 0x17, 0xce,
    0x17, 0xc6, 0xf6, 0xcd, 0x16, 0xc6, 0x57, 0xce, 0x37, 0xce, 0x58, 0xce,
    0x57, 0xce, 0x37, 0xce, 0x17, 0xc6, 0x37, 0xc6, 0x37, 0xce, 0x16, 0xc6,
    0x17, 0xc6, 0x16, 0xce, 0x37, 0xce, 0x16, 0xc6, 0x16, 0xc6, 0x16, 0xc6,
    0x17, 0xce, 0x16, 0xc6, 0x37, 0xce, 0xf6, 0xc5, 0xf6, 0xc5, 0xf6, 0xbd,
    0xf6, 0xbd, 0xf6, 0xc5, 0xf6, 0xc5, 0xf6, 0xbd, 0x17, 0xc6, 0x17, 0xc6,
    0x17, 0xc6, 0xf7, 0xc5, 0x17, 0xc6, 0x17, 0xc6, 0x17, 0xc6, 0x17, 0xc6,
    0x17, 0xc6, 0xf7, 0xc5, 0xf7, 0xbd, 0x38, 0xc6, 0x17, 0xc6, 0x17, 0xc6,
    0x38, 0xce, 0x18, 0xc6, 0x37, 0xc6, 0x38, 0xce, 0xf7, 0xc5, 0x38, 0xce,
    0x38, 0xce, 0x38, 0xc6, 0x38, 0xc6, 0x17, 0xce, 0x58, 0xce, 0x18, 0xc6,
    0x38, 0xce, 0x38, 0xc6, 0x17, 0xc6, 0x38, 0xce, 0xf7, 0xc5, 0xf7, 0xc5,
    0xf7, 0xc5, 0xf7, 0xc5, 0xd7, 0xbd, 0xd7, 0xbd, 0xd6, 0xbd, 0xd7, 0xbd,
    0xd7, 0xbd, 0xd6, 0xbd, 0xd6, 0xbd, 0xf7, 0xbd, 0xf7, 0xbd, 0xf7, 0xc5,
    0xf7, 0xbd, 0xf7, 0xbd, 0xf7, 0xc5, 0x17, 0xc6, 0xf7, 0xbd, 0xd7, 0xbd,
    0x38, 0xc6, 0x38, 0xc6, 0x58, 0xce, 0x33, 0xa5, 0xe7, 0x41, 0x08, 0x52,
    0x29, 0x73, 0x8a, 0x8b, 0xcb, 0x93, 0x0d, 0x94, 0x0c, 0x94, 0x4e, 0x9c,
    0xab, 0x8b, 0x28, 0x7b, 0xc7, 0x72, 0xc7, 0x72, 0xa7, 0x72, 0x06, 0x5a,
    0xe5, 0x51, 0xe5, 0x51, 0x25, 0x52, 0x25, 0x5a, 0x25, 0x5a, 0x25, 0x5a,
    0x46, 0x62, 0x25, 0x5a, 0x25, 0x5a, 0x05, 0x5a, 0x25, 0x5a, 0x04, 0x5a,
    0xc4, 0x49, 0xc4, 0x49, 0xa3, 0x49, 0xc4, 0x49, 0xe4, 0x49, 0x05, 0x52,
    0x05, 0x5a, 0x46, 0x5a, 0x8c, 0x83, 0xc9, 0x6a, 0xe5, 0x51, 0x8a, 0x7b,
    0x08, 0x73, 0x28, 0x7b, 0x09, 0x6b, 0x05, 0x52, 0xe4, 0x51, 0x05, 0x5a,
    0x26, 0x62, 0xe5, 0x59, 0x63, 0x51, 0x83, 0x51, 0x84, 0x59, 0x63, 0x59,
    0x42, 0x49, 0x02, 0x49, 0x01, 0x49, 0x02, 0x49, 0x02, 0x49, 0x22, 0x51,
    0xe1, 0x50, 0xe1, 0x48, 0x02, 0x51, 0xe1, 0x50, 0xc1, 0x50, 0xc1, 0x50,
    0xa1, 0x50, 0xa1, 0x50, 0xa1, 0x50, 0xc1, 0x50, 0xc1, 0x50, 0xc1, 0x50,
    0xc1, 0x50, 0xc2, 0x50, 0xc1, 0x40, 0x05, 0x5a, 0x43, 0x51, 0x03, 0x59,
    0x64, 0x51, 0xc5, 0x51, 0x44, 0x49, 0x44, 0x49, 0x47, 0x52, 0x47, 0x52,
    0x48, 0x52, 0x48, 0x4a, 0x47, 0x4a, 0x27, 0x52, 0x27, 0x4a, 0x47, 0x52,
    0x48, 0x52, 0x27, 0x52, 0x47, 0x52, 0x27, 0x4a, 0x48, 0x52, 0xa2, 0x38,
    0x61, 0x50, 0x81, 0x60, 0x61, 0x60, 0x61, 0x60, 0x61, 0x60, 0x60, 0x60,
    0x84, 0x59, 0x27, 0x4a, 0x07, 0x52, 0x27, 0x4a, 0xe6, 0x49, 0x07, 0x4a,
    0xe6, 0x49, 0x06, 0x52, 0x06, 0x52, 0x06, 0x4a, 0x27, 0x52, 0x07, 0x52,
    0x67, 0x5a, 0xc9, 0x6a, 0x47, 0x5a, 0x47, 0x52, 0x47, 0x5a, 0x47, 0x52,
    0x47, 0x5a, 0x47, 0x5a, 0x48, 0x5a, 0x47, 0x52, 0x47, 0x52, 0x68, 0x5a,
    0x47, 0x5a, 0x47, 0x52, 0x68, 0x5a, 0x47, 0x5a, 0x68, 0x5a, 0xa9, 0x62,
    0x89, 0x62, 0x27, 0x52, 0xa8, 0x62, 0x27, 0x5a, 0x47, 0x5a, 0x88, 0x62,
    0x89, 0x6a, 0x88, 0x62, 0x68, 0x62, 0x27, 0x5a, 0x67, 0x62, 0x67, 0x62,
    0x47, 0x5a, 0x88, 0x62, 0xa8, 0x6a, 0x68, 0x62, 0x68, 0x62, 0x88, 0x62,
    0x88, 0x62, 0x67, 0x5a, 0x27, 0x52, 0x47, 0x5a, 0x27, 0x5a, 0x27, 0x5a,
    0x47, 0x5a, 0xa9, 0x6a, 0x47, 0x5a, 0x27, 0x5a, 0x67, 0x62, 0x67, 0x5a,
    0x26, 0x62, 0x26, 0x62, 0x46, 0x62, 0x47, 0x6a, 0x88, 0x72, 0xa8, 0x72,
    0xc8, 0x7a, 0x0a, 0x7b, 0xc9, 0x6a, 0xc9, 0x6a, 0xc9, 0x6a, 0xa8, 0x62,
    0x89, 0x62, 0x88, 0x62, 0x88, 0x62, 0x88, 0x62, 0xa9, 0x62, 0xa5, 0x41,
    0x06, 0x52, 0x67, 0x5a, 0xcd, 0x8b, 0xac, 0x83, 0x2a, 0x73, 0xea, 0x6a,
    0xe9, 0x72, 0xe9, 0x6a, 0xa9, 0x6a, 0xe9, 0x6a, 0xe9, 0x72, 0xc9, 0x6a,
    0x67, 0x5a, 0x68, 0x62, 0xc5, 0x49, 0x06, 0x52, 0x6f, 0xa4, 0x46, 0x62,
    0x0a, 0x7b, 0xe9, 0x7a, 0x67, 0x72, 0xe9, 0x82, 0xac, 0x9b, 0x2e, 0xac,
    0x4d, 0xac, 0x0c, 0xa4, 0x8b, 0x93, 0x0a, 0x83, 0x0a, 0x7b, 0x0a, 0x83,
    0xa9, 0x7a, 0xc8, 0x72, 0xab, 0x93, 0xad, 0x83, 0xca, 0x6a, 0x0b, 0x73,
    0x0a, 0x6b, 0xea, 0x6a, 0xc9, 0x6a, 0xe9, 0x6a, 0xc9, 0x72, 0xc8, 0x7a,
    0x88, 0x72, 0xa8, 0x7a, 0x88, 0x7a, 0x89, 0x7a, 0x95, 0xcd, 0x44, 0x51,
    0x64, 0x61, 0x64, 0x69, 0xa4, 0x61, 0xe6, 0x59, 0xc5, 0x61, 0x63, 0x69,
    0x0a, 0x83, 0x4c, 0x73, 0x0a, 0x73, 0x93, 0xbd, 0x37, 0xce, 0x37, 0xc6,
    0xf6, 0xc5, 0x16, 0xc6, 0x36, 0xce, 0x17, 0xce, 0x57, 0xce, 0x37, 0xce,
    0x37, 0xce, 0x16, 0xc6, 0x16, 0xc6, 0x16, 0xce, 0x17, 0xce, 0x17, 0xce,
    0x37, 0xce, 0x16, 0xc6, 0xd6, 0xc5, 0x17, 0xc6, 0xf6, 0xc5, 0x17, 0xce,
    0x57, 0xce, 0x17, 0xc6, 0xd6, 0xbd, 0x17, 0xc6, 0xf6, 0xc5, 0xf6, 0xc5,
    0xf6, 0xbd, 0xf6, 0xbd, 0xf7, 0xc5, 0xf6, 0xbd, 0xf7, 0xbd, 0xf6, 0xbd,
    0xf7, 0xc5, 0x17, 0xc6, 0x17, 0xc6, 0x17, 0xc6, 0xf7, 0xc5, 0x17, 0xc6,
    0x17, 0xc6, 0xf7, 0xbd, 0x17, 0xc6, 0xf7, 0xc5, 0x17, 0xc6, 0x38, 0xce,
    0x18, 0xc6, 0x17, 0xc6, 0x38, 0xc6, 0x38, 0xc6, 0x18, 0xc6, 0x38, 0xc6,
    0x17, 0xc6, 0x38, 0xce, 0x18, 0xc6, 0x17, 0xc6, 0x38, 0xce, 0x38, 0xc6,
    0x38, 0xce, 0x17, 0xc6, 0x38, 0xce, 0x17, 0xc6, 0x38, 0xc6, 0x38, 0xce,
    0x18, 0xce, 0x38, 0xce, 0xd6, 0xbd, 0xd6, 0xbd, 0xd7, 0xbd, 0xf7, 0xc5,
    0xd7, 0xbd, 0xd6, 0xbd, 0xd6, 0xbd, 0xb6, 0xbd, 0xd7, 0xbd, 0xf7, 0xbd,
    0xf7, 0xbd, 0xd6, 0xbd, 0xf6, 0xbd, 0xd7, 0xbd, 0xd6, 0xbd, 0xf7, 0xc5,
    0xf7, 0xbd, 0x17, 0xc6, 0xf7, 0xc5, 0x58, 0xce, 0x6d, 0x6b, 0xc7, 0x39,
    0xe7, 0x49, 0xea, 0x72, 0xc6, 0x7a, 0x07, 0x8b, 0x8a, 0x93, 0x2d, 0x94,
    0x4d, 0x9c, 0xec, 0x93, 0x29, 0x83, 0xa7, 0x72, 0xa7, 0x6a, 0x87, 0x72,
    0x05, 0x5a, 0x26, 0x62, 0xa7, 0x6a, 0x66, 0x6a, 0x86, 0x6a, 0xa7, 0x6a,
    0x04, 0x5a, 0x05, 0x5a, 0xc4, 0x51, 0xe4, 0x59, 0xe4, 0x59, 0xe4, 0x59,
    0x05, 0x5a, 0xe4, 0x59, 0xe4, 0x51, 0xe4, 0x49, 0xc4, 0x49, 0xc5, 0x49,
    0x05, 0x52, 0x25, 0x52, 0x47, 0x5a, 0x47, 0x5a, 0x27, 0x5a, 0x46, 0x5a,
    0x66, 0x5a, 0x67, 0x62, 0x6a, 0x7b, 0xe8, 0x7a, 0x46, 0x62, 0xa4, 0x51,
    0x63, 0x49, 0x02, 0x41, 0xc0, 0x38, 0xc1, 0x40, 0xc1, 0x48, 0xc2, 0x48,
    0xc1, 0x48, 0xa1, 0x48, 0xc1, 0x48, 0xc1, 0x48, 0xc1, 0x48, 0xc2, 0x50,
    0xe1, 0x50, 0xc1, 0x48, 0xe1, 0x50, 0xe2, 0x50, 0xe1, 0x50, 0xe1, 0x50,
    0xc1, 0x50, 0xc1, 0x50, 0xa1, 0x50, 0xc1, 0x50, 0xc1, 0x50, 0xc1, 0x50,
    0xc1, 0x50, 0xc1, 0x50, 0xe1, 0x50, 0xa1, 0x48, 0x42, 0x49, 0xe5, 0x59,
    0xe2, 0x50, 0xe3, 0x50, 0x85, 0x59, 0x85, 0x49, 0x23, 0x49, 0xa5, 0x51,
    0x47, 0x52, 0x47, 0x52, 0x48, 0x52, 0x47, 0x4a, 0x27, 0x52, 0x48, 0x52,
    0x48, 0x52, 0x27, 0x4a, 0x48, 0x52, 0x47, 0x4a, 0x48, 0x4a, 0x27, 0x52,
    0x47, 0x52, 0xa5, 0x49, 0x82, 0x40, 0x81, 0x58, 0x60, 0x60, 0x61, 0x60,
    0x61, 0x60, 0x61, 0x60, 0xa1, 0x60, 0xe6, 0x59, 0x27, 0x4a, 0x27, 0x4a,
    0x06, 0x4a, 0x06, 0x4a, 0xe6, 0x49, 0xe6, 0x49, 0x06, 0x52, 0x06, 0x4a,
    0x06, 0x52, 0x47, 0x52, 0x88, 0x62, 0x88, 0x62, 0x88, 0x5a, 0x47, 0x5a,
    0x47, 0x5a, 0x47, 0x52, 0x47, 0x5a, 0x47, 0x52, 0x47, 0x52, 0x48, 0x5a,
    0x47, 0x5a, 0x47, 0x5a, 0x68, 0x5a, 0x47, 0x52, 0x67, 0x5a, 0x68, 0x5a,
    0x68, 0x5a, 0x88, 0x5a, 0x88, 0x62, 0x47, 0x5a, 0x88, 0x62, 0x48, 0x5a,
    0x07, 0x52, 0x68, 0x5a, 0x27, 0x5a, 0x06, 0x52, 0x06, 0x52, 0x07, 0x52,
    0x27, 0x5a, 0x68, 0x62, 0x06, 0x52, 0xa9, 0x6a, 0x68, 0x62, 0x88, 0x62,
    0x68, 0x62, 0x67, 0x5a, 0x47, 0x5a, 0x27, 0x52, 0x27, 0x5a, 0x26, 0x52,
    0x06, 0x52, 0xe6, 0x49, 0x88, 0x62, 0x68, 0x62, 0x67, 0x62, 0x68, 0x62,
    0x67, 0x62, 0x88, 0x62, 0x67, 0x6a, 0x67, 0x6a, 0x87, 0x6a, 0xa8, 0x6a,
    0xa8, 0x72, 0x87, 0x6a, 0xa8, 0x72, 0xa8, 0x6a, 0xa9, 0x6a, 0xa9, 0x6a,
    0xc9, 0x6a, 0x68, 0x62, 0x88, 0x5a, 0x68, 0x5a, 0x48, 0x5a, 0x68, 0x5a,
    0xe6, 0x49, 0xa9, 0x62, 0xa9, 0x62, 0xad, 0x83, 0xed, 0x8b, 0x68, 0x5a,
    0xe9, 0x6a, 0xea, 0x6a, 0xea, 0x72, 0xc9, 0x6a, 0xea, 0x72, 0x0a, 0x73,
    0x0a, 0x73, 0xc9, 0x6a, 0xc9, 0x6a, 0x88, 0x62, 0x47, 0x5a, 0x11, 0xb5,
    0xa8, 0x6a, 0x26, 0x62, 0xc4, 0x59, 0x4a, 0x8b, 0x8f, 0xb4, 0x6f, 0xb4,
    0x4e, 0xb4, 0x4f, 0xb4, 0x4e, 0xbc, 0x8c, 0xab, 0xea, 0x92, 0x85, 0x49,
    0x0a, 0x7b, 0x88, 0x7a, 0xe6, 0x71, 0xad, 0x9b, 0x0e, 0x94, 0x27, 0x52,
    0x47, 0x5a, 0x0a, 0x6b, 0xea, 0x6a, 0xca, 0x6a, 0xc9, 0x6a, 0xc9, 0x6a,
    0xa8, 0x72, 0xa8, 0x7a, 0x88, 0x7a, 0x88, 0x7a, 0x68, 0x7a, 0xe7, 0x79,
    0x0f, 0xa4, 0x0a, 0x83, 0xa4, 0x61, 0x84, 0x69, 0xa4, 0x69, 0xc5, 0x61,
    0x06, 0x62, 0x84, 0x69, 0xe6, 0x69, 0xac, 0x7b, 0x88, 0x5a, 0xf6, 0xc5,
    0x36, 0xc6, 0x16, 0xce, 0x16, 0xc6, 0x36, 0xc6, 0x37, 0xce, 0x17, 0xc6,
    0x37, 0xce, 0x17, 0xce, 0x16, 0xc6, 0x37, 0xce, 0x17, 0xc6, 0x17, 0xce,
    0x57, 0xce, 0xf6, 0xc5, 0xb5, 0xbd, 0x16, 0xce, 0x37, 0xce, 0x37, 0xce,
    0x37, 0xce, 0x17, 0xce, 0xd6, 0xbd, 0x37, 0xce, 0x57, 0xce, 0xf6, 0xc5,
    0xf6, 0xc5, 0xd6, 0xbd, 0xd6, 0xbd, 0xf6, 0xc5, 0xf7, 0xc5, 0xf7, 0xc5,
    0xf7, 0xc5, 0x17, 0xc6, 0xf7, 0xc5, 0x17, 0xc6, 0xf7, 0xc5, 0xf7, 0xc5,
    0x38, 0xc6, 0xf7, 0xbd, 0xf7, 0xc5, 0xf7, 0xc5, 0x18, 0xc6, 0x17, 0xc6,
    0xf7, 0xc5, 0x38, 0xce, 0x17, 0xc6, 0x17, 0xc6, 0x17, 0xc6, 0x38, 0xc6,
    0x38, 0xc6, 0x38, 0xce, 0x17, 0xc6, 0x38, 0xc6, 0x18, 0xc6, 0x18, 0xc6,
    0x38, 0xce, 0x38, 0xc6, 0x17, 0xc6, 0x18, 0xc6, 0x38, 0xce, 0x18, 0xc6,
    0x38, 0xce, 0x38, 0xc6, 0x38, 0xce, 0x38, 0xce, 0xf7, 0xc5, 0xd7, 0xbd,
    0xf7, 0xc5, 0xd6, 0xbd, 0xd6, 0xbd, 0xf7, 0xc5, 0xd7, 0xbd, 0xf7, 0xc5,
    0xf7, 0xc5, 0xf7, 0xbd, 0xf7, 0xbd, 0xf7, 0xc5, 0xf7, 0xbd, 0xf7, 0xc5,
    0x17, 0xc6, 0xf7, 0xbd, 0x17, 0xc6, 0x18, 0xc6, 0xda, 0xde, 0xf3, 0x9c,
    0x24, 0x29, 0x44, 0x31, 0x2b, 0x7b, 0x8b, 0x8b, 0x08, 0x83, 0x07, 0x83,
    0x08, 0x83, 0x25, 0x5a, 0x66, 0x62, 0x46, 0x62, 0xc7, 0x72, 0xe8, 0x72,
    0xe8, 0x72, 0xc8, 0x72, 0xec, 0x9b, 0xa6, 0x6a, 0xa5, 0x72, 0x48, 0x83,
    0xc6, 0x72, 0x04, 0x5a, 0x04, 0x52, 0xe4, 0x51, 0xe4, 0x51, 0xe5, 0x51,
    0x05, 0x5a, 0xe5, 0x51, 0x05, 0x5a, 0xe5, 0x51, 0x25, 0x52, 0x25, 0x52,
    0x05, 0x52, 0x26, 0x52, 0x46, 0x5a, 0x26, 0x5a, 0x87, 0x62, 0x88, 0x6a,
    0x63, 0x39, 0x63, 0x41, 0x42, 0x41, 0x22, 0x41, 0x02, 0x41, 0xe1, 0x40,
    0xe1, 0x40, 0xc2, 0x48, 0xc2, 0x48, 0xa1, 0x40, 0xc1, 0x48, 0xa1, 0x48,
    0xa1, 0x48, 0xa1, 0x48, 0xa1, 0x48, 0xa1, 0x48, 0xc1, 0x48, 0xc1, 0x48,
    0xa1, 0x48, 0xc1, 0x48, 0xc1, 0x48, 0xa1, 0x50, 0xc1, 0x50, 0xc1, 0x50,
    0xc1, 0x50, 0xc1, 0x50, 0xc2, 0x50, 0xc1, 0x50, 0xe2, 0x58, 0xc1, 0x58,
    0xa1, 0x58, 0xa1, 0x50, 0xa1, 0x50, 0xa1, 0x50, 0xa1, 0x48, 0xa1, 0x40,
    0xc5, 0x59, 0x63, 0x51, 0xe3, 0x58, 0xe2, 0x50, 0xe6, 0x59, 0x84, 0x49,
    0x24, 0x49, 0xe6, 0x51, 0x47, 0x52, 0x47, 0x52, 0x48, 0x52, 0x27, 0x4a,
    0x47, 0x4a, 0x48, 0x52, 0x47, 0x52, 0x48, 0x52, 0x47, 0x4a, 0x27, 0x52,
    0x48, 0x52, 0x27, 0x52, 0x07, 0x4a, 0x27, 0x52, 0xe3, 0x38, 0x82, 0x58,
    0x81, 0x68, 0x61, 0x60, 0x61, 0x60, 0x61, 0x60, 0x80, 0x68, 0x23, 0x59,
    0x27, 0x52, 0x27, 0x4a, 0xe6, 0x49, 0xe7, 0x49, 0xe6, 0x49, 0xe6, 0x49,
    0x06, 0x4a, 0x47, 0x5a, 0x68, 0x5a, 0x89, 0x62, 0x88, 0x62, 0x88, 0x5a,
    0x68, 0x5a, 0x47, 0x5a, 0x47, 0x5a, 0x27, 0x52, 0x47, 0x5a, 0x48, 0x5a,
    0x68, 0x5a, 0x47, 0x5a, 0x48, 0x52, 0x47, 0x5a, 0x48, 0x52, 0x68, 0x5a,
    0x68, 0x5a, 0x68, 0x5a, 0x68, 0x5a, 0x88, 0x5a, 0x88, 0x62, 0x88, 0x62,
    0x68, 0x5a, 0x88, 0x62, 0x06, 0x4a, 0x27, 0x52, 0x26, 0x52, 0x27, 0x5a,
    0x47, 0x5a, 0x26, 0x5a, 0x47, 0x62, 0xea, 0x72, 0x07, 0x52, 0x88, 0x62,
    0x67, 0x62, 0x88, 0x5a, 0x27, 0x52, 0x07, 0x52, 0x06, 0x52, 0x47, 0x5a,
    0x47, 0x5a, 0x27, 0x5a, 0x84, 0x41, 0x0a, 0x7b, 0xa9, 0x6a, 0x68, 0x62,
    0x68, 0x62, 0x67, 0x62, 0x47, 0x5a, 0x66, 0x62, 0x67, 0x6a, 0x87, 0x6a,
    0x87, 0x6a, 0xe8, 0x72, 0xe8, 0x72, 0xe9, 0x72, 0xa8, 0x72, 0xa8, 0x6a,
    0xa8, 0x62, 0xa9, 0x62, 0x88, 0x62, 0x68, 0x62, 0x88, 0x5a, 0x68, 0x5a,
    0x68, 0x5a, 0x68, 0x5a, 0x68, 0x5a, 0x4b, 0x7b, 0xcd, 0x8b, 0xee, 0x8b,
    0x67, 0x5a, 0xea, 0x72, 0xea, 0x6a, 0xea, 0x6a, 0xea, 0x72, 0x0a, 0x73,
    0x2b, 0x73, 0x4b, 0x7b, 0x2a, 0x73, 0xea, 0x6a, 0xe9, 0x6a, 0xc9, 0x6a,
    0x6f, 0x9c, 0x8b, 0x83, 0xc4, 0x51, 0xa8, 0x7a, 0xb0, 0xb4, 0xb0, 0xbc,
    0x6f, 0xb4, 0x8c, 0xa3, 0xa8, 0x8a, 0x64, 0x69, 0x60, 0x40, 0x40, 0x30,
    0x44, 0x39, 0x02, 0x31, 0xca, 0x72, 0xa5, 0x59, 0xc6, 0x71, 0xe6, 0x61,
    0xa1, 0x20, 0x84, 0x39, 0x0a, 0x73, 0xc9, 0x6a, 0xea, 0x6a, 0xea, 0x6a,
    0xea, 0x6a, 0xc9, 0x6a, 0xc9, 0x72, 0xa8, 0x72, 0x88, 0x7a, 0x88, 0x7a,
    0x68, 0x82, 0x48, 0x7a, 0x65, 0x69, 0x12, 0xbd, 0xe5, 0x61, 0xa5, 0x69,
    0xa5, 0x71, 0xa5, 0x69, 0x05, 0x62, 0xa5, 0x69, 0xa4, 0x69, 0x87, 0x62,
    0xed, 0x83, 0x37, 0xce, 0x37, 0xc6, 0xf6, 0xc5, 0x17, 0xc6, 0x17, 0xc6,
    0x17, 0xc6, 0x37, 0xce, 0x16, 0xce, 0x17, 0xce, 0x16, 0xc6, 0x17, 0xc6,
    0x37, 0xce, 0xf6, 0xc5, 0xf6, 0xc5, 0x37, 0xc6, 0x17, 0xc6, 0x37, 0xce,
    0x37, 0xce, 0xd6, 0xc5, 0xf6, 0xc5, 0x37, 0xce, 0x37, 0xce, 0xf6, 0xc5,
    0xf6, 0xc5, 0xf6, 0xc5, 0x16, 0xc6, 0xf6, 0xc5, 0xf7, 0xbd, 0xf7, 0xc5,
    0xf6, 0xbd, 0x17, 0xc6, 0x17, 0xc6, 0x17, 0xc6, 0xf7, 0xc5, 0xf7, 0xbd,
    0xf7, 0xc5, 0x17, 0xc6, 0x18, 0xc6, 0xf7, 0xbd, 0x17, 0xc6, 0xf7, 0xc5,
    0xf7, 0xc5, 0x17, 0xc6, 0xf7, 0xc5, 0x17, 0xc6, 0x17, 0xc6, 0x18, 0xc6,
    0x17, 0xc6, 0x17, 0xc6, 0x17, 0xc6, 0x38, 0xc6, 0x17, 0xc6, 0x18, 0xc6,
    0x38, 0xce, 0x38, 0xce, 0x38, 0xce, 0x38, 0xce, 0xf7, 0xc5, 0x17, 0xc6,
    0x38, 0xce, 0x18, 0xc6, 0x38, 0xce, 0x37, 0xc6, 0x38, 0xce, 0x38, 0xce,
    0xf7, 0xc5, 0xf7, 0xc5, 0xd7, 0xbd, 0xf7, 0xbd, 0xf7, 0xbd, 0xd6, 0xbd,
    0xd6, 0xbd, 0xd7, 0xbd, 0xf7, 0xbd, 0xd6, 0xbd, 0xd6, 0xbd, 0xf7, 0xc5,
    0xf7, 0xbd, 0xf7, 0xbd, 0xf7, 0xbd, 0x17, 0xc6, 0x59, 0xce, 0x79, 0xd6,
    0x28, 0x42, 0x82, 0x18, 0x44, 0x29, 0xaa, 0x62, 0x6c, 0x7b, 0xe9, 0x7a,
    0x29, 0x7b, 0xab, 0x93, 0xcb, 0x93, 0x6a, 0x83, 0x87, 0x6a, 0x25, 0x5a,
    0x67, 0x62, 0xab, 0x8b, 0xc8, 0x72, 0x28, 0x7b, 0xe8, 0x7a, 0x08, 0x7b,
    0xa7, 0x72, 0x03, 0x5a, 0x66, 0x6a, 0x05, 0x5a, 0xc4, 0x51, 0xe4, 0x59,
    0xe4, 0x59, 0x25, 0x62, 0x25, 0x62, 0x25, 0x5a, 0x46, 0x5a, 0xc6, 0x51,
    0xa5, 0x49, 0xe6, 0x51, 0x0a, 0x73, 0x88, 0x62, 0x84, 0x41, 0xe1, 0x38,
    0xe1, 0x38, 0xc1, 0x30, 0xe2, 0x38, 0xa1, 0x40, 0xc1, 0x40, 0xc1, 0x48,
    0xc1, 0x48, 0xc1, 0x48, 0xc1, 0x48, 0xc1, 0x50, 0xa0, 0x48, 0xa0, 0x48,
    0xa1, 0x48, 0xa1, 0x48, 0xa0, 0x40, 0xa1, 0x48, 0xa1, 0x48, 0xa1, 0x48,
    0xc1, 0x48, 0x64, 0x59, 0x02, 0x51, 0x02, 0x51, 0xc1, 0x48, 0x81, 0x48,
    0x60, 0x48, 0x81, 0x48, 0xa1, 0x50, 0xa1, 0x50, 0xc2, 0x50, 0xe2, 0x50,
    0xc2, 0x50, 0xa1, 0x58, 0xc1, 0x50, 0xa1, 0x50, 0xc1, 0x58, 0xc1, 0x50,
    0xa1, 0x50, 0xc2, 0x40, 0x67, 0x62, 0x03, 0x51, 0xe3, 0x50, 0xe2, 0x50,
    0x47, 0x62, 0x44, 0x49, 0x64, 0x51, 0x47, 0x52, 0x47, 0x52, 0x48, 0x52,
    0x48, 0x52, 0x27, 0x4a, 0x47, 0x52, 0x47, 0x4a, 0x48, 0x52, 0x68, 0x52,
    0x47, 0x52, 0x48, 0x52, 0x27, 0x4a, 0x27, 0x52, 0x07, 0x4a, 0x07, 0x4a,
    0xe6, 0x49, 0x82, 0x48, 0x61, 0x60, 0x61, 0x68, 0x61, 0x68, 0x61, 0x68,
    0x60, 0x68, 0xa1, 0x60, 0xe6, 0x59, 0x27, 0x52, 0x07, 0x52, 0xe6, 0x49,
    0xe6, 0x49, 0xe6, 0x49, 0x06, 0x4a, 0x88, 0x62, 0x88, 0x5a, 0x88, 0x5a,
    0x68, 0x5a, 0x89, 0x5a, 0x68, 0x5a, 0x27, 0x52, 0x48, 0x5a, 0x47, 0x52,
    0x68, 0x5a, 0x67, 0x5a, 0x47, 0x52, 0x68, 0x5a, 0x68, 0x5a, 0x68, 0x5a,
    0x67, 0x5a, 0x67, 0x5a, 0x68, 0x5a, 0x68, 0x5a, 0x88, 0x5a, 0x88, 0x62,
    0xa9, 0x62, 0x89, 0x62, 0x88, 0x62, 0xc9, 0x6a, 0x88, 0x62, 0x47, 0x5a,
    0x27, 0x5a, 0x47, 0x62, 0x09, 0x7b, 0x6b, 0x8b, 0xcc, 0x9b, 0xc8, 0x6a,
    0x27, 0x52, 0x88, 0x5a, 0x26, 0x52, 0x67, 0x5a, 0xe9, 0x72, 0x2b, 0x7b,
    0x6b, 0x83, 0x8c, 0x8b, 0x27, 0x5a, 0x84, 0x41, 0xb0, 0xac, 0x29, 0x7b,
    0x46, 0x62, 0xa8, 0x6a, 0x2a, 0x83, 0x8b, 0x93, 0xab, 0x93, 0x8b, 0x8b,
    0x8b, 0x93, 0x8b, 0x93, 0xcc, 0x9b, 0xcd, 0xa3, 0xac, 0x9b, 0xac, 0x9b,
    0xcc, 0x9b, 0x88, 0x62, 0xc9, 0x6a, 0xa9, 0x62, 0x88, 0x62, 0x88, 0x5a,
    0x68, 0x5a, 0x47, 0x5a, 0xa9, 0x62, 0xc9, 0x6a, 0x2b, 0x73, 0xce, 0x8b,
    0x0e, 0x94, 0xa8, 0x62, 0x2a, 0x73, 0xea, 0x6a, 0xc9, 0x6a, 0x0a, 0x73,
    0x2a, 0x73, 0x4b, 0x7b, 0x4b, 0x73, 0x4b, 0x73, 0x0a, 0x6b, 0x0a, 0x73,
    0xc9, 0x6a, 0xed, 0x8b, 0xb0, 0xa4, 0xe9, 0x7a, 0x4a, 0x8b, 0x12, 0xc5,
    0xcd, 0xa3, 0x85, 0x71, 0xa1, 0x58, 0xc3, 0x58, 0xa2, 0x48, 0x81, 0x38,
    0x40, 0x20, 0xa2, 0x28, 0xc2, 0x20, 0x44, 0x39, 0x03, 0x31, 0xe2, 0x28,
    0xc2, 0x28, 0x61, 0x18, 0xe2, 0x20, 0x0b, 0x73, 0xa9, 0x62, 0xe9, 0x6a,
    0x0a, 0x73, 0xca, 0x6a, 0xea, 0x6a, 0xc9, 0x6a, 0xa8, 0x72, 0xc8, 0x7a,
    0x88, 0x82, 0x68, 0x82, 0x47, 0x82, 0x4b, 0x93, 0xc9, 0x82, 0xad, 0x93,
    0x8c, 0x8b, 0xc5, 0x71, 0x85, 0x71, 0xa5, 0x69, 0xc5, 0x69, 0xc5, 0x69,
    0xc4, 0x69, 0xea, 0x72, 0xf5, 0xc5, 0xf6, 0xc5, 0xf7, 0xcd, 0xf6, 0xcd,
    0x37, 0xc6, 0x37, 0xc6, 0x37, 0xce, 0x37, 0xce, 0xf6, 0xc5, 0xf6, 0xc5,
    0x16, 0xc6, 0x17, 0xce, 0x16, 0xc6, 0x16, 0xc6, 0x57, 0xce, 0x37, 0xce,
    0x16, 0xc6, 0xf6, 0xc5, 0x37, 0xc6, 0x37, 0xce, 0x17, 0xc6, 0x17, 0xc6,
    0xf6, 0xc5, 0x17, 0xc6, 0xf7, 0xc5, 0xf6, 0xc5, 0xf7, 0xc5, 0xd6, 0xc5,
    0xf6, 0xc5, 0x16, 0xbe, 0xf7, 0xc5, 0x16, 0xc6, 0xf6, 0xbd, 0xf6, 0xbd,
    0xf7, 0xc5, 0xf7, 0xbd, 0x17, 0xc6, 0xf7, 0xc5, 0x17, 0xc6, 0xf7, 0xc5,
    0x38, 0xc6, 0xf7, 0xc5, 0xf7, 0xc5, 0x17, 0xc6, 0xf7, 0xbd, 0xf7, 0xc5,
    0xf7, 0xbd, 0x18, 0xc6, 0x18, 0xc6, 0x17, 0xc6, 0x18, 0xc6, 0x38, 0xc6,
    0xf7, 0xc5, 0x38, 0xce, 0x38, 0xce, 0x18, 0xc6, 0x58, 0xce, 0x18, 0xc6,
    0x18, 0xc6, 0x18, 0xc6, 0x38, 0xce, 0x38, 0xce, 0x38, 0xc6, 0x18, 0xc6,
    0x38, 0xce, 0x18, 0xc6, 0xd6, 0xbd, 0xf7, 0xbd, 0xf7, 0xc5, 0xf7, 0xc5,
    0xf7, 0xc5, 0xf7, 0xc5, 0x18, 0xc6, 0xf7, 0xc5, 0xf7, 0xc5, 0xd7, 0xbd,
    0xf7, 0xc5, 0xf7, 0xc5, 0xf7, 0xbd, 0xf7, 0xbd, 0xf7, 0xbd, 0x17, 0xc6,
    0x50, 0x8c, 0x00, 0x00, 0x85, 0x31, 0xcd, 0x83, 0xd6, 0xc5, 0x38, 0xd6,
    0x4f, 0x94, 0xc9, 0x6a, 0x0a, 0x73, 0x09, 0x73, 0xc8, 0x6a, 0xc8, 0x72,
    0xc8, 0x72, 0xc8, 0x72, 0xe8, 0x72, 0xc7, 0x72, 0xc7, 0x72, 0xa6, 0x6a,
    0xc7, 0x72, 0x66, 0x6a, 0xe8, 0x72, 0x29, 0x7b, 0x86, 0x6a, 0xc4, 0x51,
    0xe4, 0x51, 0xc4, 0x51, 0xe4, 0x51, 0x05, 0x5a, 0x25, 0x5a, 0x25, 0x5a,
    0x64, 0x41, 0xc7, 0x51, 0xc7, 0x51, 0xc2, 0x30, 0xa2, 0x30, 0xc1, 0x30,
    0xa1, 0x38, 0xc2, 0x40, 0xc1, 0x40, 0xc1, 0x48, 0xc2, 0x50, 0x02, 0x59,
    0xe1, 0x58, 0xc1, 0x50, 0xc1, 0x50, 0xc1, 0x50, 0xc0, 0x50, 0xc0, 0x50,
    0xa1, 0x50, 0xa0, 0x48, 0xa1, 0x48, 0xa0, 0x48, 0xa0, 0x48, 0xa1, 0x48,
    0xa1, 0x48, 0xa1, 0x48, 0xa1, 0x48, 0xc1, 0x48, 0x44, 0x59, 0x67, 0x72,
    0x90, 0xb4, 0x12, 0xbd, 0x70, 0xa4, 0xea, 0x7a, 0x68, 0x6a, 0x26, 0x6a,
    0x23, 0x51, 0xa1, 0x40, 0xc2, 0x48, 0xc1, 0x50, 0xc2, 0x50, 0xa1, 0x50,
    0xa1, 0x50, 0xa1, 0x50, 0xa2, 0x50, 0x44, 0x49, 0x26, 0x5a, 0xe3, 0x50,
    0x03, 0x59, 0xe2, 0x48, 0x26, 0x5a, 0x43, 0x49, 0xc5, 0x51, 0x47, 0x52,
    0x47, 0x52, 0x47, 0x4a, 0x27, 0x4a, 0x47, 0x52, 0x48, 0x52, 0x47, 0x52,
    0x48, 0x52, 0x68, 0x52, 0x47, 0x52, 0x68, 0x52, 0x47, 0x4a, 0x27, 0x52,
    0x07, 0x4a, 0x07, 0x4a, 0x26, 0x4a, 0x23, 0x41, 0x82, 0x58, 0x60, 0x68,
    0x61, 0x68, 0x61, 0x68, 0x40, 0x60, 0x61, 0x70, 0x64, 0x61, 0x27, 0x52,
    0x06, 0x4a, 0xe6, 0x49, 0x06, 0x4a, 0x06, 0x4a, 0xc6, 0x49, 0x68, 0x5a,
    0x88, 0x62, 0x88, 0x5a, 0x68, 0x5a, 0x68, 0x5a, 0x68, 0x5a, 0x27, 0x5a,
    0x48, 0x5a, 0x47, 0x5a, 0x47, 0x52, 0x47, 0x5a, 0x68, 0x5a, 0x68, 0x5a,
    0x67, 0x5a, 0x47, 0x52, 0x68, 0x5a, 0x68, 0x5a, 0x68, 0x5a, 0x88, 0x5a,
    0x88, 0x62, 0xa9, 0x62, 0xa9, 0x62, 0xea, 0x6a, 0xa9, 0x62, 0xc9, 0x6a,
    0xc9, 0x72, 0xa9, 0x6a, 0x4a, 0x83, 0xcc, 0x93, 0xcc, 0x9b, 0xac, 0x93,
    0xcc, 0x93, 0xc5, 0x49, 0x88, 0x62, 0xc9, 0x6a, 0x6b, 0x83, 0x6b, 0x8b,
    0x8b, 0x8b, 0x6b, 0x8b, 0xad, 0x93, 0x06, 0x5a, 0xe6, 0x51, 0xb0, 0xac,
    0xc8, 0x72, 0x88, 0x6a, 0x6b, 0x8b, 0x2e, 0xac, 0x0e, 0xa4, 0x0d, 0xac,
    0x0d, 0xac, 0x0d, 0xa4, 0x0d, 0xac, 0x2e, 0xac, 0x0d, 0xac, 0xcc, 0xa3,
    0xec, 0xa3, 0xed, 0xa3, 0x4a, 0x8b, 0x88, 0x6a, 0xc9, 0x6a, 0xa8, 0x62,
    0x88, 0x62, 0x89, 0x62, 0x68, 0x5a, 0x89, 0x62, 0x0b, 0x73, 0xe9, 0x6a,
    0x6c, 0x7b, 0x0e, 0x94, 0xe9, 0x6a, 0x4b, 0x7b, 0x0a, 0x6b, 0xa9, 0x62,
    0x2b, 0x73, 0x6c, 0x7b, 0x8c, 0x7b, 0x6b, 0x7b, 0x2a, 0x73, 0x2a, 0x73,
    0x0a, 0x73, 0x0a, 0x73, 0x6c, 0x83, 0x4e, 0x94, 0x11, 0xc5, 0x87, 0x72,
    0x8c, 0xab, 0x64, 0x79, 0xc2, 0x70, 0x23, 0x69, 0x03, 0x41, 0x61, 0x28,
    0x41, 0x18, 0x61, 0x10, 0x61, 0x18, 0x82, 0x18, 0x81, 0x20, 0x82, 0x18,
    0x82, 0x18, 0xc2, 0x20, 0xa2, 0x20, 0xc2, 0x28, 0xa9, 0x72, 0x0b, 0x73,
    0xa9, 0x62, 0xea, 0x6a, 0x0a, 0x73, 0xea, 0x6a, 0xea, 0x6a, 0xc9, 0x6a,
    0xa8, 0x6a, 0xc8, 0x7a, 0x88, 0x82, 0x68, 0x82, 0x47, 0x8a, 0xc9, 0x82,
    0x16, 0xce, 0xea, 0x6a, 0x53, 0xbd, 0x27, 0x6a, 0x85, 0x69, 0xc5, 0x71,
    0xc5, 0x69, 0xc5, 0x69, 0x4b, 0x8b, 0xcd, 0x83, 0x70, 0x9c, 0xd5, 0xc5,
    0x17, 0xce, 0x17, 0xce, 0x16, 0xc6, 0x17, 0xc6, 0x37, 0xc6, 0xf6, 0xc5,
    0x16, 0xc6, 0xf6, 0xc5, 0x16, 0xc6, 0x17, 0xce, 0x16, 0xce, 0x37, 0xce,
    0xf6, 0xc5, 0x16, 0xc6, 0x37, 0xce, 0x37, 0xce, 0xf6, 0xc5, 0x17, 0xc6,
    0xf6, 0xc5, 0x17, 0xc6, 0xf6, 0xc5, 0xd6, 0xc5, 0xd6, 0xbd, 0xd6, 0xbd,
    0xf6, 0xc5, 0xf6, 0xc5, 0xf6, 0xc5, 0xf6, 0xbd, 0x17, 0xc6, 0xf6, 0xbd,
    0xf7, 0xc5, 0xf6, 0xbd, 0xf7, 0xc5, 0xf7, 0xc5, 0x17, 0xc6, 0x17, 0xc6,
    0x17, 0xc6, 0xf7, 0xc5, 0x38, 0xc6, 0xf7, 0xbd, 0x17, 0xc6, 0xf7, 0xbd,
    0xf7, 0xc5, 0xf7, 0xc5, 0xf7, 0xbd, 0x18, 0xc6, 0x17, 0xc6, 0x17, 0xc6,
    0x38, 0xc6, 0x18, 0xc6, 0x17, 0xc6, 0x58, 0xce, 0x38, 0xc6, 0x38, 0xc6,
    0x38, 0xce, 0x17, 0xc6, 0x38, 0xce, 0x38, 0xc6, 0x38, 0xce, 0x38, 0xc6,
    0x38, 0xce, 0x38, 0xce, 0x38, 0xc6, 0x18, 0xc6, 0xf7, 0xc5, 0xf7, 0xbd,
    0xd7, 0xbd, 0xf7, 0xbd, 0xf7, 0xc5, 0xf7, 0xbd, 0xf7, 0xc5, 0xf7, 0xc5,
    0xf7, 0xbd, 0xf7, 0xc5, 0xf7, 0xc5, 0xd7, 0xbd, 0xf6, 0xbd, 0xd6, 0xbd,
    0xd6, 0xbd, 0xf7, 0xc5, 0xb6, 0xbd, 0x53, 0xad, 0xb9, 0xde, 0xd6, 0xc5,
    0xa9, 0x62, 0x81, 0x18, 0xe2, 0x28, 0xe6, 0x49, 0x88, 0x62, 0x87, 0x62,
    0x46, 0x5a, 0x05, 0x62, 0xe4, 0x59, 0xe4, 0x59, 0x66, 0x6a, 0x66, 0x6a,
    0x45, 0x62, 0x25, 0x62, 0xc3, 0x59, 0xa7, 0x72, 0x8a, 0x83, 0xec, 0x93,
    0x04, 0x52, 0x25, 0x5a, 0xe4, 0x59, 0xe4, 0x51, 0xc5, 0x51, 0xa5, 0x51,
    0x23, 0x41, 0x02, 0x39, 0x64, 0x41, 0x23, 0x41, 0xc2, 0x38, 0xc2, 0x40,
    0xc2, 0x48, 0xe2, 0x48, 0xe2, 0x48, 0xe3, 0x50, 0x02, 0x59, 0xe2, 0x50,
    0xe2, 0x50, 0xe1, 0x50, 0xe1, 0x50, 0xe1, 0x48, 0xc1, 0x50, 0xc1, 0x50,
    0xc1, 0x48, 0xa1, 0x48, 0xc1, 0x50, 0xa1, 0x48, 0xa1, 0x50, 0xa1, 0x48,
    0xa1, 0x48, 0xa1, 0x48, 0xa1, 0x48, 0xa1, 0x48, 0xa1, 0x48, 0x81, 0x48,
    0x60, 0x48, 0x60, 0x48, 0x60, 0x40, 0x40, 0x38, 0x64, 0x49, 0xcd, 0x93,
    0x4f, 0x9c, 0x53, 0xbd, 0x37, 0xde, 0x16, 0xd6, 0xcd, 0x9b, 0xc1, 0x48,
    0xc1, 0x50, 0xa1, 0x50, 0xa1, 0x48, 0xa1, 0x50, 0xe2, 0x48, 0x06, 0x52,
    0x85, 0x51, 0xe2, 0x50, 0xe3, 0x58, 0x43, 0x49, 0x06, 0x5a, 0x03, 0x49,
    0x27, 0x52, 0x47, 0x52, 0x48, 0x52, 0x48, 0x52, 0x27, 0x4a, 0x27, 0x52,
    0x48, 0x52, 0x48, 0x52, 0x48, 0x52, 0x48, 0x52, 0x68, 0x52, 0x48, 0x52,
    0x48, 0x52, 0x07, 0x4a, 0x07, 0x4a, 0x27, 0x52, 0x06, 0x52, 0xe6, 0x49,
    0x81, 0x48, 0x81, 0x68, 0x61, 0x68, 0x60, 0x60, 0x81, 0x70, 0x41, 0x70,
    0xe2, 0x60, 0x06, 0x4a, 0x07, 0x4a, 0xe6, 0x49, 0x06, 0x52, 0x06, 0x52,
    0x64, 0x39, 0x68, 0x5a, 0x68, 0x5a, 0x68, 0x5a, 0x68, 0x5a, 0x68, 0x5a,
    0x68, 0x5a, 0x47, 0x5a, 0x47, 0x5a, 0x48, 0x5a, 0x68, 0x5a, 0x48, 0x5a,
    0x47, 0x5a, 0x68, 0x5a, 0x47, 0x52, 0x68, 0x5a, 0x68, 0x5a, 0x68, 0x5a,
    0x68, 0x5a, 0x88, 0x62, 0xa9, 0x62, 0xa9, 0x62, 0xca, 0x6a, 0xc9, 0x6a,
    0xea, 0x6a, 0xea, 0x72, 0x48, 0x62, 0xc9, 0x72, 0xcc, 0x9b, 0xab, 0x93,
    0xcb, 0x9b, 0xcc, 0x9b, 0x09, 0x73, 0x06, 0x52, 0x6c, 0x83, 0x8c, 0x8b,
    0x8c, 0x8b, 0xac, 0x8b, 0xcd, 0x93, 0xcc, 0x93, 0xe5, 0x51, 0x0a, 0x73,
    0xb1, 0xac, 0xe9, 0x7a, 0x0a, 0x83, 0x0e, 0xa4, 0x4e, 0xac, 0x2e, 0xac,
    0x4e, 0xac, 0x4e, 0xac, 0x2d, 0xac, 0x2d, 0xac, 0x2d, 0xac, 0x0d, 0xac,
    0x2e, 0xac, 0x0d, 0xa4, 0x0d, 0xac, 0xed, 0xa3, 0xe9, 0x7a, 0xca, 0x72,
    0xc9, 0x6a, 0xc9, 0x62, 0xea, 0x6a, 0x89, 0x62, 0x68, 0x62, 0x2b, 0x73,
    0x4c, 0x7b, 0x6b, 0x7b, 0x6c, 0x7b, 0x4b, 0x7b, 0x6b, 0x7b, 0x4b, 0x7b,
    0x0a, 0x73, 0xc9, 0x6a, 0x6c, 0x7b, 0x8d, 0x83, 0xad, 0x83, 0x6c, 0x7b,
    0x6c, 0x7b, 0x0a, 0x73, 0x6c, 0x7b, 0x0a, 0x6b, 0xd0, 0xac, 0x11, 0xb5,
    0x27, 0x7a, 0xc7, 0x99, 0xc2, 0x78, 0xe2, 0x68, 0xc2, 0x40, 0x61, 0x28,
    0x61, 0x20, 0xc2, 0x28, 0x81, 0x20, 0x41, 0x18, 0x82, 0x20, 0x25, 0x31,
    0xc2, 0x20, 0xa2, 0x20, 0xa2, 0x20, 0xa2, 0x18, 0xc1, 0x20, 0x2b, 0x73,
    0x48, 0x5a, 0x0a, 0x73, 0xc9, 0x6a, 0x0a, 0x6b, 0x2b, 0x73, 0xea, 0x6a,
    0xea, 0x6a, 0xc9, 0x6a, 0xa8, 0x6a, 0xc9, 0x7a, 0x68, 0x8a, 0x48, 0x8a,
    0x27, 0x8a, 0x88, 0x8a, 0x74, 0xb5, 0x95, 0xbd, 0xef, 0x93, 0xb1, 0xb4,
    0xe5, 0x69, 0xa5, 0x71, 0xa5, 0x71, 0xc5, 0x61, 0x6c, 0x83, 0x53, 0xad,
    0x2b, 0x73, 0x95, 0xbd, 0xf7, 0xcd, 0x17, 0xce, 0x16, 0xc6, 0x16, 0xc6,
    0x17, 0xc6, 0xf6, 0xc5, 0x37, 0xce, 0x37, 0xce, 0x16, 0xc6, 0xd6, 0xc5,
    0x17, 0xc6, 0xf6, 0xc5, 0x16, 0xc6, 0x16, 0xc6, 0xd5, 0xbd, 0xf6, 0xc5,
    0x16, 0xc6, 0xf6, 0xc5, 0xf7, 0xc5, 0xd6, 0xc5, 0xf6, 0xc5, 0xd6, 0xbd,
    0xd6, 0xbd, 0xf6, 0xc5, 0xf6, 0xc5, 0xf7, 0xc5, 0x17, 0xc6, 0xf6, 0xbd,
    0x17, 0xc6, 0xf6, 0xbd, 0x17, 0xc6, 0xf6, 0xc5, 0xd6, 0xbd, 0x17, 0xc6,
    0x17, 0xc6, 0xf7, 0xc5, 0xf7, 0xc5, 0xf7, 0xc5, 0x17, 0xc6, 0xf7, 0xc5,
    0x17, 0xc6, 0xf7, 0xbd, 0xf7, 0xc5, 0xf7, 0xc5, 0xf7, 0xbd, 0x17, 0xc6,
    0x18, 0xc6, 0x38, 0xc6, 0x18, 0xc6, 0x17, 0xc6, 0x17, 0xc6, 0x38, 0xce,
    0x18, 0xc6, 0x38, 0xce, 0x38, 0xc6, 0x17, 0xc6, 0x38, 0xce, 0x38, 0xc6,
    0x18, 0xc6, 0x38, 0xce, 0x17, 0xc6, 0x58, 0xce, 0x17, 0xc6, 0x38, 0xc6,
    0xd6, 0xbd, 0xd6, 0xbd, 0xd6, 0xbd, 0xd6, 0xbd, 0xd7, 0xbd, 0xf7, 0xbd,
    0xf7, 0xc5, 0xf7, 0xbd, 0xf7, 0xc5, 0xf7, 0xc5, 0xf7, 0xbd, 0xf7, 0xc5,
    0xb6, 0xbd, 0xd7, 0xc5, 0xd7, 0xbd, 0xd6, 0xc5, 0x38, 0xce, 0xb1, 0x9c,
    0x48, 0x52, 0x60, 0x18, 0xa1, 0x20, 0x44, 0x39, 0xc6, 0x49, 0xe6, 0x51,
    0xc4, 0x59, 0xa3, 0x59, 0x82, 0x59, 0x61, 0x61, 0x41, 0x59, 0x21, 0x51,
    0x62, 0x51, 0xc4, 0x59, 0xa3, 0x49, 0xc3, 0x51, 0xc3, 0x51, 0xc3, 0x51,
    0xe4, 0x51, 0x45, 0x62, 0x25, 0x5a, 0xe4, 0x51, 0x23, 0x41, 0x24, 0x39,
    0x23, 0x39, 0x44, 0x41, 0x64, 0x41, 0x64, 0x49, 0x64, 0x49, 0x63, 0x51,
    0x64, 0x51, 0x44, 0x51, 0x43, 0x51, 0x03, 0x51, 0x02, 0x51, 0xe2, 0x48,
    0xe2, 0x50, 0xe2, 0x50, 0xe2, 0x48, 0xe1, 0x50, 0xe1, 0x50, 0xe1, 0x50,
    0xc1, 0x48, 0xc1, 0x50, 0xc1, 0x50, 0xa1, 0x50, 0xa1, 0x50, 0xc1, 0x50,
    0xa1, 0x50, 0x81, 0x50, 0x80, 0x48, 0x80, 0x48, 0x80, 0x48, 0x81, 0x50,
    0x80, 0x48, 0x80, 0x50, 0x81, 0x48, 0x81, 0x48, 0x81, 0x50, 0x80, 0x48,
    0x81, 0x50, 0x40, 0x48, 0x40, 0x40, 0x40, 0x40, 0x60, 0x40, 0xa1, 0x40,
    0xa1, 0x40, 0xa1, 0x48, 0xa1, 0x50, 0xa1, 0x50, 0x81, 0x48, 0xc1, 0x50,
    0x23, 0x49, 0x67, 0x5a, 0x23, 0x49, 0xc2, 0x50, 0xc2, 0x50, 0x84, 0x49,
    0xa5, 0x51, 0x04, 0x49, 0x48, 0x5a, 0x27, 0x4a, 0x68, 0x52, 0x27, 0x52,
    0x27, 0x52, 0x48, 0x52, 0x47, 0x52, 0x48, 0x52, 0x48, 0x52, 0x47, 0x4a,
    0x48, 0x52, 0x68, 0x52, 0x27, 0x4a, 0x07, 0x4a, 0x27, 0x52, 0x07, 0x52,
    0x06, 0x4a, 0x27, 0x4a, 0x85, 0x49, 0xa2, 0x58, 0x81, 0x60, 0x60, 0x68,
    0x61, 0x68, 0x41, 0x70, 0x61, 0x70, 0x64, 0x61, 0x27, 0x4a, 0x07, 0x52,
    0x06, 0x4a, 0x07, 0x52, 0x02, 0x29, 0x88, 0x5a, 0x68, 0x5a, 0x68, 0x5a,
    0x69, 0x5a, 0x69, 0x5a, 0x68, 0x5a, 0x68, 0x5a, 0x47, 0x52, 0x47, 0x52,
    0x68, 0x5a, 0x68, 0x5a, 0x47, 0x52, 0x68, 0x5a, 0x67, 0x5a, 0x68, 0x5a,
    0x88, 0x62, 0x88, 0x5a, 0x88, 0x5a, 0xa9, 0x62, 0xc9, 0x62, 0xc9, 0x6a,
    0xea, 0x6a, 0xea, 0x6a, 0xea, 0x72, 0xea, 0x72, 0x26, 0x5a, 0x4a, 0x83,
    0xab, 0x9b, 0xcc, 0x9b, 0xcc, 0x9b, 0x0d, 0xa4, 0x26, 0x5a, 0xac, 0x8b,
    0xac, 0x93, 0xac, 0x93, 0xcd, 0x9b, 0xac, 0x93, 0xc9, 0x72, 0xe5, 0x51,
    0x68, 0x62, 0xa8, 0x62, 0x26, 0x52, 0x67, 0x6a, 0x87, 0x6a, 0x67, 0x6a,
    0x25, 0x62, 0xc4, 0x51, 0x05, 0x5a, 0xa8, 0x72, 0xec, 0x9b, 0x4e, 0xac,
    0x2e, 0xac, 0x0e, 0xac, 0x2e, 0xac, 0x0d, 0xac, 0x0d, 0xac, 0x0d, 0xac,
    0xa8, 0x6a, 0xca, 0x6a, 0xe9, 0x6a, 0xa8, 0x5a, 0xa9, 0x62, 0xa9, 0x62,
    0x0a, 0x73, 0x4c, 0x7b, 0x4b, 0x7b, 0x6c, 0x7b, 0x6c, 0x7b, 0x6c, 0x7b,
    0x6c, 0x83, 0x0a, 0x6b, 0x8d, 0x83, 0x6c, 0x7b, 0xcd, 0x83, 0xcd, 0x83,
    0x8c, 0x83, 0x8c, 0x83, 0x8d, 0x83, 0x4b, 0x7b, 0xea, 0x6a, 0xd1, 0xac,
    0xac, 0x8b, 0x0e, 0xa4, 0x24, 0x81, 0xc2, 0x70, 0xa1, 0x50, 0x60, 0x28,
    0x81, 0x30, 0x61, 0x28, 0x41, 0x20, 0x61, 0x20, 0x61, 0x18, 0x04, 0x29,
    0x82, 0x18, 0x61, 0x18, 0xa2, 0x20, 0x82, 0x20, 0x82, 0x18, 0x41, 0x10,
    0xaa, 0x6a, 0xa9, 0x72, 0x89, 0x6a, 0x0b, 0x73, 0x0a, 0x73, 0x2a, 0x6b,
    0x4b, 0x73, 0xca, 0x6a, 0xc9, 0x6a, 0xc9, 0x6a, 0x89, 0x6a, 0xac, 0x83,
    0x68, 0x82, 0x48, 0x92, 0x47, 0x92, 0xc9, 0x8a, 0x53, 0xb5, 0x74, 0xbd,
    0x70, 0x9c, 0x53, 0xbd, 0xa9, 0x8a, 0x64, 0x71, 0xa5, 0x71, 0x84, 0x61,
    0xea, 0x72, 0x17, 0xc6, 0xce, 0x8b, 0xf2, 0xa4, 0xb5, 0xbd, 0x17, 0xc6,
    0x36, 0xce, 0x17, 0xc6, 0x37, 0xce, 0xf6, 0xc5, 0x16, 0xce, 0x37, 0xce,
    0x17, 0xce, 0x16, 0xc6, 0xf6, 0xc5, 0xf6, 0xc5, 0xd6, 0xc5, 0xf6, 0xc5,
    0x37, 0xce, 0x17, 0xc6, 0xf6, 0xc5, 0xd6, 0xbd, 0xd6, 0xc5, 0xf6, 0xc5,
    0xf6, 0xc5, 0xf6, 0xc5, 0xf7, 0xc5, 0xf6, 0xc5, 0xf7, 0xc5, 0xf6, 0xc5,
    0xf7, 0xbd, 0xf7, 0xc5, 0x17, 0xc6, 0xf6, 0xc5, 0xf7, 0xc5, 0xf7, 0xbd,
    0xd6, 0xbd, 0xf7, 0xc5, 0xf7, 0xbd, 0xf7, 0xc5, 0xd7, 0xbd, 0xf7, 0xc5,
    0x17, 0xc6, 0x18, 0xc6, 0xf7, 0xc5, 0xd7, 0xbd, 0xf7, 0xc5, 0x17, 0xc6,
    0xf7, 0xc5, 0x17, 0xc6, 0x38, 0xc6, 0x18, 0xc6, 0xf7, 0xc5, 0x17, 0xc6,
    0xf7, 0xc5, 0x79, 0xd6, 0xf7, 0xc5, 0x38, 0xce, 0x38, 0xce, 0x18, 0xc6,
    0x38, 0xce, 0x38, 0xc6, 0x38, 0xce, 0x38, 0xce, 0x38, 0xce, 0x58, 0xce,
    0x17, 0xc6, 0x18, 0xce, 0xf7, 0xbd, 0xd7, 0xbd, 0xf7, 0xbd, 0xd6, 0xbd,
    0xd6, 0xbd, 0xd6, 0xbd, 0xd6, 0xbd, 0xd6, 0xbd, 0xd7, 0xbd, 0xf7, 0xbd,
    0xd6, 0xbd, 0xd6, 0xbd, 0xd7, 0xbd, 0xb6, 0xbd, 0x96, 0xb5, 0x4d, 0x73,
    0xa2, 0x20, 0xa2, 0x28, 0x65, 0x39, 0x0b, 0x6b, 0xd3, 0x9c, 0x34, 0xb5,
    0x89, 0x62, 0x6d, 0x7b, 0xa4, 0x61, 0x42, 0x61, 0x21, 0x61, 0x01, 0x59,
    0x01, 0x51, 0xe1, 0x48, 0x22, 0x49, 0xc5, 0x51, 0xc8, 0x6a, 0x45, 0x5a,
    0x66, 0x62, 0x25, 0x5a, 0xe5, 0x51, 0x64, 0x41, 0x23, 0x41, 0x24, 0x39,
    0x44, 0x41, 0x45, 0x41, 0x44, 0x39, 0x44, 0x41, 0x44, 0x39, 0x23, 0x39,
    0x03, 0x41, 0x02, 0x41, 0x02, 0x41, 0x23, 0x49, 0x02, 0x41, 0x03, 0x49,
    0x23, 0x51, 0x43, 0x59, 0x02, 0x51, 0xe2, 0x50, 0xe1, 0x48, 0xc1, 0x48,
    0xc1, 0x48, 0xe1, 0x50, 0xe2, 0x48, 0xc2, 0x48, 0xc1, 0x50, 0xe2, 0x50,
    0xe2, 0x50, 0xc2, 0x50, 0x81, 0x48, 0xa1, 0x50, 0x80, 0x48, 0x81, 0x50,
    0x81, 0x48, 0x80, 0x48, 0x81, 0x48, 0x80, 0x48, 0x81, 0x48, 0x81, 0x48,
    0x80, 0x48, 0x81, 0x48, 0xa1, 0x48, 0xa0, 0x48, 0xa1, 0x48, 0xa1, 0x50,
    0xa1, 0x50, 0xa1, 0x50, 0x81, 0x48, 0x81, 0x48, 0xa1, 0x50, 0xa1, 0x48,
    0x81, 0x50, 0xe2, 0x50, 0xa5, 0x51, 0x06, 0x52, 0x02, 0x51, 0xc2, 0x50,
    0xe2, 0x50, 0x06, 0x5a, 0x23, 0x41, 0xa5, 0x51, 0x47, 0x52, 0x47, 0x52,
    0x68, 0x52, 0x27, 0x4a, 0x27, 0x52, 0x28, 0x52, 0x47, 0x4a, 0x48, 0x52,
    0x68, 0x52, 0x68, 0x4a, 0x47, 0x52, 0x68, 0x52, 0x27, 0x4a, 0x07, 0x4a,
    0x27, 0x52, 0x07, 0x4a, 0x06, 0x52, 0x06, 0x4a, 0x67, 0x52, 0x03, 0x49,
    0x81, 0x60, 0x61, 0x68, 0x61, 0x70, 0x41, 0x70, 0x41, 0x70, 0xc2, 0x70,
    0xe6, 0x51, 0x07, 0x4a, 0xe6, 0x49, 0xe6, 0x49, 0x44, 0x39, 0x48, 0x5a,
    0x68, 0x5a, 0x68, 0x5a, 0x69, 0x5a, 0x68, 0x5a, 0x68, 0x5a, 0x68, 0x5a,
    0x47, 0x52, 0x47, 0x52, 0x68, 0x5a, 0x47, 0x5a, 0x68, 0x5a, 0x68, 0x5a,
    0x68, 0x5a, 0x88, 0x5a, 0x88, 0x62, 0x68, 0x5a, 0x88, 0x62, 0xa9, 0x62,
    0xe9, 0x6a, 0x0a, 0x6b, 0x0a, 0x6b, 0x0a, 0x6b, 0xca, 0x6a, 0xc9, 0x72,
    0x67, 0x6a, 0x8b, 0x93, 0xcc, 0x9b, 0xcc, 0xa3, 0xcc, 0x9b, 0x8b, 0x93,
    0x4b, 0x8b, 0x8c, 0x93, 0xea, 0x82, 0xc9, 0x7a, 0xc9, 0x7a, 0x2a, 0x8b,
    0xcd, 0x9b, 0xac, 0x93, 0xed, 0x9b, 0x4f, 0xac, 0x90, 0xac, 0xb0, 0xb4,
    0x8f, 0xb4, 0xb0, 0xbc, 0xb0, 0xb4, 0xaf, 0xb4, 0x4e, 0xac, 0x6b, 0x8b,
    0xa8, 0x72, 0xa8, 0x72, 0x8b, 0x93, 0x2e, 0xac, 0x2e, 0xac, 0x2e, 0xac,
    0x2e, 0xac, 0x8b, 0x8b, 0xe9, 0x72, 0xea, 0x6a, 0x88, 0x62, 0xad, 0x8b,
    0xa9, 0x62, 0x2b, 0x73, 0x6c, 0x7b, 0x6c, 0x7b, 0x8c, 0x83, 0x4b, 0x7b,
    0x6c, 0x7b, 0x8d, 0x83, 0x0a, 0x73, 0x06, 0x4a, 0x12, 0xad, 0xad, 0x83,
    0xee, 0x8b, 0xee, 0x8b, 0xad, 0x83, 0x0e, 0x94, 0x4b, 0x7b, 0x4b, 0x7b,
    0xb0, 0xa4, 0x8c, 0x83, 0x52, 0xbd, 0x81, 0x50, 0x61, 0x60, 0x81, 0x50,
    0x61, 0x28, 0xa3, 0x30, 0xa2, 0x30, 0x40, 0x18, 0x41, 0x18, 0x00, 0x10,
    0xa2, 0x28, 0xe7, 0x49, 0xca, 0x6a, 0x4d, 0x7b, 0x82, 0x20, 0x62, 0x18,
    0x20, 0x10, 0xa9, 0x6a, 0x2b, 0x83, 0xc9, 0x7a, 0xa9, 0x72, 0x0a, 0x73,
    0x2b, 0x73, 0x4b, 0x73, 0x6c, 0x7b, 0x0a, 0x73, 0xc9, 0x6a, 0xca, 0x6a,
    0xa9, 0x6a, 0xac, 0x83, 0xa9, 0x8a, 0x68, 0x92, 0x47, 0x8a, 0x2b, 0x93,
    0x12, 0xad, 0x70, 0x9c, 0xb5, 0xbd, 0xd1, 0xa4, 0xef, 0xab, 0x85, 0x71,
    0xc5, 0x71, 0xa5, 0x69, 0xe6, 0x61, 0xd5, 0xbd, 0x95, 0xbd, 0xee, 0x83,
    0x95, 0xbd, 0xf7, 0xc5, 0x16, 0xc6, 0x16, 0xc6, 0xf6, 0xc5, 0x17, 0xce,
    0xf6, 0xc5, 0xf6, 0xc5, 0xf6, 0xc5, 0xf6, 0xc5, 0xf6, 0xc5, 0xf6, 0xc5,
    0xf6, 0xc5, 0x16, 0xc6, 0xf6, 0xc5, 0xd6, 0xc5, 0x16, 0xc6, 0x17, 0xc6,
    0x17, 0xc6, 0xf6, 0xc5, 0xf6, 0xc5, 0xd6, 0xbd, 0xf6, 0xc5, 0xf6, 0xc5,
    0xf7, 0xc5, 0xf6, 0xc5, 0xf6, 0xbd, 0xf7, 0xbd, 0x17, 0xc6, 0xf6, 0xbd,
    0xf7, 0xc5, 0xf6, 0xbd, 0xd6, 0xbd, 0xf7, 0xc5, 0xf7, 0xc5, 0x17, 0xc6,
    0xf7, 0xbd, 0xf7, 0xc5, 0x18, 0xc6, 0x18, 0xc6, 0xd7, 0xbd, 0xf7, 0xbd,
    0xf7, 0xc5, 0x17, 0xc6, 0x17, 0xc6, 0xf7, 0xbd, 0x18, 0xc6, 0x17, 0xc6,
    0xf7, 0xc5, 0x17, 0xc6, 0xf7, 0xc5, 0x79, 0xce, 0xf7, 0xc5, 0x58, 0xce,
    0x58, 0xce, 0x18, 0xc6, 0x38, 0xce, 0x58, 0xce, 0x18, 0xc6, 0x38, 0xce,
    0x38, 0xce, 0x38, 0xce, 0x38, 0xc6, 0x59, 0xce, 0xd7, 0xbd, 0xd6, 0xbd,
    0xd7, 0xbd, 0xd6, 0xbd, 0xd7, 0xbd, 0xf7, 0xbd, 0xd7, 0xbd, 0xd7, 0xbd,
    0xd6, 0xbd, 0xd6, 0xbd, 0xd6, 0xbd, 0xd6, 0xbd, 0xb6, 0xbd, 0x95, 0xb5,
    0xf7, 0xbd, 0x35, 0xad, 0xd2, 0x9c, 0xb6, 0xbd, 0x17, 0xc6, 0x18, 0xc6,
    0xf7, 0xc5, 0xd6, 0xbd, 0xb5, 0xbd, 0x96, 0xbd, 0x48, 0x5a, 0x84, 0x59,
    0x02, 0x49, 0x22, 0x51, 0x02, 0x41, 0xa5, 0x51, 0x67, 0x62, 0xea, 0x6a,
    0xe7, 0x51, 0xc6, 0x51, 0x65, 0x41, 0x44, 0x39, 0x44, 0x39, 0x24, 0x39,
    0x45, 0x39, 0x24, 0x39, 0x44, 0x39, 0x43, 0x39, 0x44, 0x41, 0x44, 0x39,
    0x24, 0x39, 0x44, 0x41, 0x23, 0x41, 0x03, 0x39, 0x02, 0x41, 0x02, 0x41,
    0x02, 0x49, 0xe3, 0x48, 0x02, 0x49, 0x02, 0x49, 0x02, 0x49, 0x02, 0x49,
    0xe2, 0x48, 0xe1, 0x48, 0xe2, 0x48, 0xe1, 0x50, 0x02, 0x51, 0x02, 0x51,
    0xe2, 0x48, 0xc1, 0x50, 0xc1, 0x50, 0xc1, 0x48, 0xa1, 0x50, 0xa1, 0x50,
    0xa1, 0x50, 0xa1, 0x50, 0xa1, 0x50, 0x81, 0x50, 0x81, 0x48, 0x80, 0x48,
    0x81, 0x50, 0x80, 0x48, 0x80, 0x48, 0x81, 0x48, 0x80, 0x50, 0x80, 0x50,
    0x80, 0x48, 0xa1, 0x48, 0x81, 0x50, 0x81, 0x50, 0xa1, 0x48, 0xa1, 0x50,
    0xa1, 0x50, 0x81, 0x50, 0x81, 0x50, 0x22, 0x49, 0x26, 0x52, 0xc5, 0x51,
    0xc2, 0x50, 0xc2, 0x58, 0x03, 0x49, 0x26, 0x5a, 0x24, 0x49, 0x07, 0x5a,
    0x47, 0x52, 0x27, 0x4a, 0x48, 0x52, 0x27, 0x4a, 0x27, 0x52, 0x48, 0x52,
    0x68, 0x52, 0x48, 0x52, 0x68, 0x52, 0x68, 0x52, 0x68, 0x52, 0x68, 0x52,
    0x27, 0x4a, 0x07, 0x52, 0x27, 0x52, 0x27, 0x4a, 0x06, 0x4a, 0x06, 0x52,
    0x27, 0x52, 0xe6, 0x59, 0x81, 0x58, 0x82, 0x60, 0x61, 0x68, 0x61, 0x68,
    0x41, 0x68, 0x61, 0x70, 0x85, 0x69, 0x06, 0x42, 0xe6, 0x49, 0x27, 0x52,
    0x47, 0x5a, 0x27, 0x52, 0x68, 0x5a, 0x68, 0x5a, 0x68, 0x5a, 0x68, 0x5a,
    0x68, 0x5a, 0x48, 0x5a, 0x47, 0x5a, 0x47, 0x5a, 0x68, 0x5a, 0x67, 0x5a,
    0x68, 0x5a, 0x68, 0x5a, 0x68, 0x5a, 0x68, 0x5a, 0xa9, 0x62, 0x88, 0x62,
    0x88, 0x62, 0xc9, 0x6a, 0xea, 0x6a, 0x2b, 0x73, 0x2b, 0x73, 0x0a, 0x73,
    0xc9, 0x6a, 0xa8, 0x6a, 0x6b, 0x93, 0x8b, 0x93, 0xec, 0x9b, 0xec, 0xa3,
    0xcb, 0x9b, 0x09, 0x83, 0xea, 0x82, 0xc9, 0x82, 0x4b, 0x8b, 0x0b, 0x8b,
    0x89, 0x7a, 0x64, 0x59, 0xe2, 0x40, 0xe2, 0x40, 0xa2, 0x48, 0xc2, 0x48,
    0x03, 0x51, 0x64, 0x61, 0xe7, 0x71, 0x28, 0x7a, 0x09, 0x8b, 0xcd, 0xa3,
    0x6f, 0xb4, 0xf1, 0xc4, 0xf0, 0xbc, 0xf1, 0xc4, 0x6f, 0xb4, 0x0d, 0xa4,
    0x0d, 0xac, 0x2e, 0xac, 0x4e, 0xb4, 0xa8, 0x6a, 0x2a, 0x73, 0xa9, 0x62,
    0x8c, 0x83, 0xee, 0x93, 0x4c, 0x7b, 0xad, 0x8b, 0x8d, 0x83, 0xad, 0x83,
    0x4c, 0x7b, 0x4b, 0x7b, 0xad, 0x83, 0x2b, 0x73, 0x27, 0x52, 0xb4, 0xbd,
    0x2e, 0x8c, 0xce, 0x8b, 0xee, 0x8b, 0xee, 0x8b, 0xee, 0x8b, 0x0e, 0x94,
    0x6c, 0x7b, 0x91, 0xa4, 0x0e, 0x94, 0x2e, 0x9c, 0x09, 0x7b, 0x21, 0x48,
    0x40, 0x28, 0x40, 0x18, 0x61, 0x20, 0x61, 0x18, 0x20, 0x18, 0x20, 0x18,
    0x20, 0x18, 0xaa, 0x62, 0x50, 0x9c, 0xce, 0x8b, 0xce, 0x8b, 0x0f, 0x94,
    0x41, 0x18, 0x61, 0x10, 0x85, 0x39, 0x2c, 0x83, 0x8d, 0x93, 0xe8, 0x82,
    0xc9, 0x82, 0x2b, 0x7b, 0x2b, 0x73, 0x6c, 0x7b, 0x8c, 0x7b, 0x0b, 0x73,
    0x0b, 0x73, 0xea, 0x6a, 0xc9, 0x6a, 0xcc, 0x7b, 0xea, 0x8a, 0x48, 0x92,
    0x27, 0x8a, 0xad, 0x9b, 0xce, 0x93, 0x71, 0xa4, 0xae, 0x8b, 0x95, 0xbd,
    0x33, 0xbd, 0xa5, 0x71, 0xc5, 0x71, 0xa5, 0x71, 0x64, 0x59, 0xd1, 0xa4,
    0xb6, 0xbd, 0xee, 0x83, 0x74, 0xbd, 0xf6, 0xc5, 0x17, 0xc6, 0xf6, 0xc5,
    0xf6, 0xc5, 0xf6, 0xc5, 0xf6, 0xc5, 0x16, 0xc6, 0x16, 0xc6, 0x16, 0xc6,
    0xf6, 0xc5, 0x16, 0xc6, 0xf6, 0xc5, 0xf6, 0xc5, 0x16, 0xc6, 0x37, 0xce,
    0xf6, 0xc5, 0xd6, 0xbd, 0xf6, 0xc5, 0xf7, 0xc5, 0x17, 0xc6, 0xd6, 0xbd,
    0x17, 0xc6, 0xf7, 0xc5, 0xf7, 0xc5, 0xd6, 0xc5, 0xf6, 0xbd, 0xf6, 0xbd,
    0x17, 0xc6, 0xd6, 0xbd, 0xf7, 0xc5, 0xd6, 0xbd, 0xd7, 0xbd, 0xf7, 0xc5,
    0xf7, 0xbd, 0xf7, 0xc5, 0xf7, 0xc5, 0xd6, 0xbd, 0x17, 0xc6, 0x17, 0xc6,
    0xf7, 0xc5, 0xd6, 0xbd, 0xf7, 0xc5, 0x18, 0xc6, 0xf7, 0xc5, 0xf7, 0xc5,
    0x18, 0xc6, 0x17, 0xc6, 0xf7, 0xc5, 0xf7, 0xc5, 0x18, 0xc6, 0x59, 0xce,
    0xf7, 0xc5, 0x38, 0xc6, 0x59, 0xce, 0x38, 0xce, 0x38, 0xce, 0x38, 0xce,
    0x17, 0xc6, 0x38, 0xc6, 0x18, 0xc6, 0x58, 0xce, 0x79, 0xc6, 0x51, 0xa4,
    0xf7, 0xbd, 0xf7, 0xc5, 0xd6, 0xbd, 0xf7, 0xbd, 0xf7, 0xbd, 0xf7, 0xbd,
    0xb6, 0xbd, 0xd6, 0xbd, 0xd7, 0xc5, 0xd7, 0xbd, 0xd7, 0xbd, 0xb6, 0xbd,
    0xd7, 0xbd, 0x38, 0xce, 0xd7, 0xbd, 0xf7, 0xbd, 0xf7, 0xc5, 0xf7, 0xc5,
    0xd7, 0xbd, 0xb6, 0xbd, 0x96, 0xb5, 0xb6, 0xbd, 0xd6, 0xb5, 0x18, 0xc6,
    0xf3, 0xac, 0xa8, 0x7a, 0x83, 0x51, 0xe5, 0x59, 0xea, 0x72, 0xe9, 0x6a,
    0x0a, 0x73, 0x0a, 0x73, 0xe6, 0x49, 0x65, 0x41, 0x65, 0x39, 0x65, 0x39,
    0x65, 0x39, 0x45, 0x39, 0x65, 0x39, 0x64, 0x39, 0x65, 0x41, 0x65, 0x41,
    0x65, 0x41, 0x44, 0x39, 0x44, 0x39, 0x24, 0x39, 0x03, 0x39, 0x02, 0x41,
    0xe2, 0x40, 0xa1, 0x40, 0xc1, 0x40, 0xe2, 0x40, 0x22, 0x49, 0x22, 0x41,
    0x02, 0x49, 0x02, 0x49, 0x02, 0x49, 0x02, 0x49, 0x02, 0x51, 0x02, 0x51,
    0xe1, 0x48, 0xe2, 0x48, 0x02, 0x51, 0xe2, 0x50, 0xc1, 0x50, 0xc1, 0x50,
    0xc1, 0x50, 0xa1, 0x50, 0xc2, 0x50, 0xa1, 0x50, 0xa1, 0x50, 0xa1, 0x50,
    0xa1, 0x50, 0xa1, 0x50, 0xa1, 0x50, 0xa1, 0x50, 0xa1, 0x50, 0xa1, 0x50,
    0xa1, 0x50, 0xa1, 0x50, 0xa1, 0x50, 0x81, 0x50, 0x81, 0x50, 0xa1, 0x50,
    0x80, 0x50, 0x81, 0x48, 0xa1, 0x50, 0x81, 0x50, 0xa1, 0x50, 0xa5, 0x51,
    0x88, 0x5a, 0x03, 0x51, 0xc2, 0x58, 0xc2, 0x50, 0x64, 0x41, 0x06, 0x52,
    0x44, 0x51, 0x47, 0x52, 0x27, 0x4a, 0x27, 0x52, 0x27, 0x52, 0x27, 0x52,
    0x48, 0x52, 0x48, 0x52, 0x68, 0x5a, 0x68, 0x52, 0x68, 0x52, 0x48, 0x52,
    0x68, 0x52, 0x47, 0x52, 0x27, 0x4a, 0x27, 0x52, 0x27, 0x52, 0x07, 0x4a,
    0x07, 0x52, 0x27, 0x52, 0x07, 0x52, 0x26, 0x52, 0x64, 0x59, 0x62, 0x58,
    0x60, 0x68, 0x61, 0x70, 0x60, 0x68, 0x61, 0x70, 0xa2, 0x68, 0x06, 0x52,
    0xe6, 0x49, 0x68, 0x5a, 0x27, 0x52, 0x47, 0x5a, 0x68, 0x5a, 0x68, 0x62,
    0x69, 0x5a, 0x68, 0x5a, 0x68, 0x5a, 0x48, 0x5a, 0x47, 0x5a, 0x47, 0x52,
    0x68, 0x5a, 0x47, 0x5a, 0x68, 0x5a, 0x68, 0x5a, 0x68, 0x5a, 0x88, 0x5a,
    0xa9, 0x62, 0xea, 0x6a, 0xa9, 0x62, 0x2b, 0x73, 0x0b, 0x73, 0x4b, 0x73,
    0x4b, 0x7b, 0x0a, 0x73, 0xca, 0x6a, 0x67, 0x6a, 0x0a, 0x93, 0x26, 0x6a,
    0x67, 0x72, 0xe9, 0x82, 0x88, 0x82, 0xc5, 0x69, 0xa2, 0x40, 0x61, 0x30,
    0x81, 0x30, 0xa1, 0x38, 0xc2, 0x38, 0xe3, 0x40, 0xe2, 0x40, 0x03, 0x49,
    0x02, 0x51, 0x43, 0x59, 0x43, 0x59, 0x03, 0x59, 0xe2, 0x50, 0x81, 0x50,
    0x41, 0x40, 0x61, 0x48, 0x24, 0x69, 0x27, 0x7a, 0xed, 0xab, 0xd0, 0xc4,
    0xd0, 0xbc, 0xd0, 0xbc, 0x4e, 0xac, 0x2d, 0xac, 0xcd, 0x9b, 0xc8, 0x72,
    0xea, 0x72, 0x2a, 0x73, 0xb0, 0xa4, 0xcd, 0x8b, 0xad, 0x83, 0x8d, 0x83,
    0x8d, 0x83, 0x4c, 0x7b, 0x0b, 0x6b, 0xad, 0x8b, 0x4b, 0x7b, 0x88, 0x62,
    0xf2, 0xb4, 0x53, 0xad, 0xee, 0x83, 0x0e, 0x8c, 0xee, 0x8b, 0xee, 0x8b,
    0x6f, 0x9c, 0x8d, 0x83, 0x70, 0x9c, 0x4f, 0x94, 0xce, 0x93, 0xd5, 0xd5,
    0x40, 0x38, 0x20, 0x28, 0x40, 0x18, 0x20, 0x18, 0x20, 0x18, 0x20, 0x18,
    0x82, 0x20, 0x03, 0x39, 0xe2, 0x38, 0xc6, 0x51, 0x30, 0x94, 0xcf, 0x8b,
    0xce, 0x8b, 0xef, 0x8b, 0x41, 0x18, 0x20, 0x10, 0xeb, 0x72, 0xaa, 0x72,
    0xea, 0x7a, 0x29, 0x9b, 0xa8, 0x82, 0x6c, 0x7b, 0x4b, 0x7b, 0x6b, 0x7b,
    0x6c, 0x7b, 0x6b, 0x7b, 0x4b, 0x7b, 0xea, 0x6a, 0xc9, 0x62, 0xcd, 0x83,
    0xea, 0x92, 0x06, 0x82, 0x27, 0x92, 0x32, 0xb5, 0x2c, 0x83, 0xae, 0x9b,
    0x8d, 0x8b, 0x0f, 0x94, 0xd5, 0xc5, 0xca, 0x8a, 0xc5, 0x71, 0xa5, 0x69,
    0x23, 0x51, 0x74, 0xb5, 0x53, 0xb5, 0x4f, 0x94, 0x13, 0xad, 0xb5, 0xbd,
    0x16, 0xc6, 0xf6, 0xc5, 0xf6, 0xc5, 0xf6, 0xc5, 0xf6, 0xc5, 0xf6, 0xc5,
    0xf6, 0xc5, 0xf6, 0xc5, 0xd6, 0xc5, 0xf6, 0xc5, 0x16, 0xc6, 0xf6, 0xc5,
    0xd6, 0xbd, 0xf6, 0xc5, 0xf6, 0xbd, 0x17, 0xc6, 0xd6, 0xc5, 0xf6, 0xc5,
    0xd6, 0xbd, 0xf6, 0xc5, 0xd6, 0xc5, 0xf6, 0xc5, 0x17, 0xc6, 0xd6, 0xbd,
    0xd6, 0xbd, 0xf6, 0xc5, 0x17, 0xc6, 0xb5, 0xbd, 0x16, 0xc6, 0xf6, 0xbd,
    0xd6, 0xbd, 0xf7, 0xc5, 0xf7, 0xbd, 0xf7, 0xc5, 0xf7, 0xc5, 0xf7, 0xbd,
    0x17, 0xc6, 0xf7, 0xc5, 0xf7, 0xc5, 0xd7, 0xbd, 0xf7, 0xc5, 0x18, 0xc6,
    0xd7, 0xbd, 0x17, 0xc6, 0x18, 0xc6, 0x18, 0xc6, 0xf7, 0xc5, 0xf7, 0xbd,
    0x17, 0xc6, 0x38, 0xce, 0x38, 0xc6, 0x38, 0xc6, 0x58, 0xce, 0x38, 0xc6,
    0x38, 0xce, 0x38, 0xc6, 0x18, 0xc6, 0x38, 0xce, 0x17, 0xc6, 0x58, 0xc6,
    0x5a, 0xd6, 0x44, 0x91, 0xf7, 0xbd, 0xf7, 0xbd, 0xf7, 0xbd, 0xf7, 0xc5,
    0xf7, 0xbd, 0xf7, 0xc5, 0xf7, 0xc5, 0xf7, 0xc5, 0xf7, 0xc5, 0xf7, 0xc5,
    0xd7, 0xbd, 0xf7, 0xc5, 0xd7, 0xbd, 0xd6, 0xbd, 0xf7, 0xc5, 0xd6, 0xbd,
    0xd7, 0xbd, 0xf7, 0xc5, 0x17, 0xc6, 0xb6, 0xbd, 0xb6, 0xb5, 0xf7, 0xbd,
    0x39, 0xce, 0x2b, 0x73, 0xa4, 0x51, 0x63, 0x49, 0xb1, 0xa4, 0x4f, 0x94,
    0x2f, 0x94, 0xf2, 0xac, 0x37, 0xce, 0x57, 0xd6, 0x13, 0xad, 0x24, 0x39,
    0x24, 0x39, 0x04, 0x31, 0x24, 0x39, 0x45, 0x39, 0x65, 0x41, 0x64, 0x41,
    0x65, 0x39, 0x64, 0x39, 0x64, 0x41, 0x64, 0x41, 0x64, 0x41, 0x64, 0x49,
    0x44, 0x49, 0x43, 0x49, 0x2c, 0x8b, 0xac, 0x8b, 0x2a, 0x7b, 0x64, 0x51,
    0xc2, 0x40, 0x23, 0x51, 0x22, 0x49, 0x02, 0x49, 0x02, 0x49, 0x02, 0x49,
    0x02, 0x49, 0x02, 0x51, 0xe2, 0x50, 0xe1, 0x48, 0xe1, 0x48, 0xe2, 0x48,
    0xe2, 0x50, 0xe2, 0x50, 0xa1, 0x50, 0xa1, 0x50, 0xc1, 0x50, 0xc1, 0x50,
    0xa1, 0x50, 0xa1, 0x50, 0xc1, 0x50, 0xa1, 0x50, 0xc2, 0x50, 0xc1, 0x50,
    0xc2, 0x50, 0xc2, 0x50, 0xc1, 0x50, 0xc1, 0x50, 0xa1, 0x50, 0xa1, 0x50,
    0xa1, 0x50, 0xa1, 0x50, 0x81, 0x50, 0xa1, 0x50, 0xa1, 0x50, 0xa1, 0x50,
    0x03, 0x51, 0xe6, 0x51, 0x06, 0x5a, 0xe3, 0x50, 0xe2, 0x58, 0xc2, 0x50,
    0xa5, 0x51, 0xc5, 0x51, 0xe7, 0x59, 0x47, 0x52, 0x28, 0x52, 0x27, 0x52,
    0x28, 0x52, 0x27, 0x52, 0x48, 0x52, 0x68, 0x52, 0x68, 0x5a, 0x69, 0x5a,
    0x68, 0x52, 0x68, 0x52, 0x48, 0x52, 0x47, 0x52, 0x27, 0x4a, 0x27, 0x52,
    0x27, 0x52, 0x07, 0x4a, 0x06, 0x4a, 0x27, 0x52, 0x07, 0x52, 0x06, 0x4a,
    0x27, 0x52, 0xe3, 0x58, 0x60, 0x60, 0x61, 0x70, 0x61, 0x70, 0x61, 0x70,
    0x61, 0x78, 0xa5, 0x69, 0xc5, 0x41, 0x27, 0x5a, 0x27, 0x52, 0x47, 0x52,
    0x68, 0x62, 0x68, 0x62, 0x89, 0x5a, 0x68, 0x5a, 0x69, 0x5a, 0x68, 0x5a,
    0x47, 0x5a, 0x68, 0x5a, 0x68, 0x5a, 0x47, 0x52, 0x67, 0x5a, 0x68, 0x5a,
    0x88, 0x5a, 0x88, 0x62, 0xa9, 0x62, 0x0a, 0x6b, 0x0a, 0x6b, 0x4b, 0x73,
    0x4b, 0x73, 0x4c, 0x7b, 0x6b, 0x7b, 0x2b, 0x73, 0xea, 0x6a, 0x06, 0x62,
    0x87, 0x8a, 0xea, 0x9a, 0x23, 0x51, 0x81, 0x30, 0x81, 0x38, 0xa2, 0x30,
    0x60, 0x18, 0x81, 0x18, 0x81, 0x20, 0x81, 0x20, 0x61, 0x20, 0x60, 0x18,
    0xa1, 0x18, 0x60, 0x18, 0x61, 0x18, 0xa2, 0x28, 0xa2, 0x20, 0xa2, 0x28,
    0xc2, 0x30, 0xa2, 0x30, 0x81, 0x40, 0x81, 0x48, 0x81, 0x50, 0x81, 0x50,
    0x85, 0x69, 0x88, 0x82, 0xcd, 0xa3, 0x11, 0xcd, 0x32, 0xc5, 0xd0, 0xc4,
    0xc8, 0x72, 0x4b, 0x7b, 0x09, 0x73, 0xb0, 0xac, 0x11, 0xb5, 0x4b, 0x7b,
    0xad, 0x8b, 0x8d, 0x83, 0x6c, 0x7b, 0xca, 0x6a, 0x8d, 0x83, 0x4b, 0x7b,
    0x4c, 0x7b, 0x2f, 0x94, 0xcd, 0x8b, 0xee, 0x8b, 0x0e, 0x94, 0x0e, 0x94,
    0x0e, 0x94, 0xd1, 0xac, 0xad, 0x83, 0x2f, 0x94, 0x4f, 0x9c, 0x70, 0x9c,
    0x58, 0xde, 0x85, 0x49, 0x81, 0x28, 0x40, 0x10, 0x40, 0x18, 0x41, 0x20,
    0x61, 0x20, 0x82, 0x28, 0xe3, 0x30, 0xc2, 0x40, 0xc2, 0x40, 0xe2, 0x30,
    0x2f, 0x9c, 0xce, 0x93, 0xce, 0x8b, 0x8e, 0x83, 0x61, 0x18, 0x24, 0x31,
    0x8a, 0x72, 0x0a, 0x83, 0x47, 0x6a, 0xe9, 0x9a, 0x0a, 0x83, 0x6c, 0x83,
    0x6b, 0x7b, 0x6b, 0x7b, 0x6c, 0x7b, 0x6b, 0x7b, 0x8c, 0x7b, 0x0a, 0x6b,
    0xea, 0x6a, 0xad, 0x83, 0x0b, 0x9b, 0x07, 0x8a, 0x07, 0x82, 0x56, 0xce,
    0x13, 0xb5, 0x2c, 0x8b, 0x0e, 0x9c, 0xea, 0x7a, 0x33, 0xb5, 0x70, 0xa4,
    0x84, 0x69, 0xa5, 0x71, 0x22, 0x51, 0xb4, 0xbd, 0xb5, 0xc5, 0x33, 0xb5,
    0xf6, 0xc5, 0x74, 0xb5, 0xd6, 0xc5, 0xf6, 0xc5, 0xf6, 0xc5, 0xf6, 0xc5,
    0xd6, 0xc5, 0xf6, 0xc5, 0xf6, 0xc5, 0xd6, 0xc5, 0xf6, 0xc5, 0xf6, 0xc5,
    0xd6, 0xbd, 0xf6, 0xc5, 0xf6, 0xc5, 0xf6, 0xc5, 0x16, 0xc6, 0xd6, 0xbd,
    0x17, 0xc6, 0x17, 0xc6, 0xf6, 0xc5, 0xf7, 0xc5, 0xf6, 0xc5, 0xf6, 0xc5,
    0xf6, 0xc5, 0xd6, 0xc5, 0xd6, 0xbd, 0xf6, 0xbd, 0xf6, 0xc5, 0xb5, 0xb5,
    0x17, 0xc6, 0xd6, 0xbd, 0xd6, 0xbd, 0xf7, 0xc5, 0xf7, 0xc5, 0xf7, 0xbd,
    0xf7, 0xc5, 0xf7, 0xbd, 0x18, 0xc6, 0x17, 0xc6, 0xd7, 0xbd, 0xf7, 0xc5,
    0xf7, 0xc5, 0xf7, 0xc5, 0xf7, 0xc5, 0x17, 0xc6, 0x17, 0xc6, 0x18, 0xc6,
    0x17, 0xc6, 0xf7, 0xc5, 0x38, 0xc6, 0x17, 0xc6, 0x18, 0xc6, 0x18, 0xc6,
    0x58, 0xce, 0x38, 0xce, 0x38, 0xc6, 0x38, 0xce, 0x17, 0xc6, 0x17, 0xc6,
    0x79, 0xce, 0xba, 0xde, 0x2d, 0x9b, 0x02, 0xa1, 0xf7, 0xbd, 0xf6, 0xbd,
    0xf7, 0xbd, 0xd6, 0xbd, 0xd6, 0xbd, 0xd6, 0xbd, 0x17, 0xc6, 0xf7, 0xbd,
    0xf7, 0xc5, 0xf7, 0xc5, 0xf7, 0xc5, 0xf7, 0xbd, 0xd6, 0xbd, 0xb6, 0xbd,
    0xb6, 0xbd, 0xf7, 0xbd, 0xf7, 0xc5, 0xd6, 0xbd, 0xb6, 0xb5, 0xf7, 0xbd,
    0xba, 0xd6, 0xd1, 0x9c, 0xe2, 0x28, 0xc0, 0x30, 0xa9, 0x6a, 0xf5, 0xc5,
    0xd6, 0xb5, 0xd6, 0xbd, 0xf6, 0xc5, 0xb5, 0xbd, 0xce, 0x83, 0xad, 0x7b,
    0xb0, 0x9c, 0xf2, 0xac, 0x08, 0x52, 0x24, 0x39, 0x04, 0x31, 0xe3, 0x28,
    0xc3, 0x28, 0x03, 0x31, 0x44, 0x39, 0x85, 0x41, 0x64, 0x41, 0x44, 0x41,
    0x44, 0x41, 0x64, 0x49, 0x64, 0x51, 0x63, 0x51, 0x26, 0x62, 0x91, 0x9c,
    0x34, 0xad, 0x99, 0xd6, 0x2b, 0x7b, 0xe2, 0x40, 0xe2, 0x40, 0x03, 0x49,
    0x23, 0x51, 0x02, 0x49, 0x02, 0x49, 0xc1, 0x48, 0xa0, 0x48, 0xa0, 0x40,
    0xa1, 0x48, 0xa0, 0x48, 0x80, 0x40, 0x80, 0x40, 0x81, 0x48, 0x81, 0x48,
    0x81, 0x48, 0xa1, 0x48, 0xa1, 0x50, 0xa1, 0x50, 0xa1, 0x50, 0xc1, 0x50,
    0xc1, 0x50, 0xa1, 0x58, 0xc2, 0x50, 0xc1, 0x50, 0xc2, 0x50, 0xc2, 0x50,
    0xc1, 0x50, 0xa1, 0x50, 0xa1, 0x50, 0xc1, 0x50, 0xc1, 0x50, 0xc2, 0x50,
    0xa1, 0x50, 0xc1, 0x50, 0x85, 0x59, 0x07, 0x52, 0xc5, 0x59, 0xa1, 0x58,
    0xe2, 0x60, 0xe2, 0x50, 0xe6, 0x59, 0x84, 0x49, 0x27, 0x5a, 0x48, 0x52,
    0x27, 0x52, 0x27, 0x52, 0x27, 0x52, 0x27, 0x4a, 0x48, 0x52, 0x68, 0x52,
    0x68, 0x5a, 0x69, 0x52, 0x68, 0x52, 0x48, 0x52, 0x48, 0x52, 0x48, 0x52,
    0x07, 0x4a, 0x27, 0x52, 0x07, 0x4a, 0x07, 0x4a, 0x06, 0x4a, 0x27, 0x52,
    0x07, 0x4a, 0x06, 0x52, 0xe5, 0x41, 0x89, 0x7a, 0x81, 0x60, 0x40, 0x70,
    0x81, 0x70, 0x61, 0x70, 0x61, 0x78, 0xa1, 0x70, 0x26, 0x52, 0xe6, 0x49,
    0x47, 0x5a, 0x47, 0x5a, 0x88, 0x62, 0x88, 0x5a, 0x69, 0x5a, 0x68, 0x5a,
    0x69, 0x5a, 0x68, 0x5a, 0x68, 0x5a, 0x47, 0x52, 0x88, 0x5a, 0x48, 0x5a,
    0x88, 0x5a, 0xc9, 0x62, 0xea, 0x6a, 0x0a, 0x6b, 0xa9, 0x62, 0xea, 0x6a,
    0x2b, 0x73, 0x6b, 0x7b, 0x4c, 0x7b, 0x6c, 0x7b, 0x2b, 0x73, 0x4b, 0x73,
    0xea, 0x6a, 0xe6, 0x59, 0xe5, 0x69, 0x84, 0x61, 0x85, 0x59, 0x61, 0x20,
    0x81, 0x18, 0x82, 0x20, 0xa2, 0x20, 0x61, 0x18, 0x61, 0x10, 0x61, 0x18,
    0x41, 0x10, 0x40, 0x10, 0x41, 0x18, 0x41, 0x18, 0x21, 0x18, 0x41, 0x18,
    0x41, 0x18, 0x41, 0x18, 0x21, 0x18, 0x61, 0x18, 0x62, 0x18, 0x61, 0x20,
    0x61, 0x30, 0x61, 0x48, 0xa1, 0x58, 0xa8, 0x82, 0x4b, 0x93, 0x27, 0x7a,
    0xb0, 0xc4, 0xb0, 0xbc, 0xe9, 0x72, 0x4a, 0x7b, 0xf1, 0xb4, 0xf4, 0xd5,
    0x4a, 0x83, 0x6d, 0x83, 0xad, 0x8b, 0x8d, 0x83, 0xaa, 0x6a, 0x4c, 0x7b,
    0xad, 0x83, 0xee, 0x8b, 0x0e, 0x94, 0x33, 0xbd, 0xcd, 0x8b, 0xcd, 0x8b,
    0x0e, 0x94, 0x0e, 0x94, 0x0e, 0x94, 0x70, 0xa4, 0xcd, 0x8b, 0xf2, 0xac,
    0xd1, 0xac, 0x94, 0xbd, 0xce, 0x8b, 0x00, 0x10, 0x82, 0x18, 0x83, 0x28,
    0xc2, 0x28, 0xc2, 0x30, 0xc3, 0x30, 0x43, 0x49, 0xa2, 0x8a, 0x61, 0x82,
    0x04, 0x6a, 0x6d, 0x8b, 0x37, 0xde, 0xf7, 0xd5, 0x30, 0x9c, 0xcb, 0x6a,
    0x41, 0x18, 0x28, 0x52, 0x48, 0x72, 0x68, 0x72, 0x0a, 0x8b, 0xc9, 0x92,
    0x4b, 0x83, 0x6c, 0x7b, 0x6c, 0x7b, 0x6c, 0x7b, 0x4b, 0x73, 0x2b, 0x73,
    0x8c, 0x7b, 0xca, 0x6a, 0xea, 0x6a, 0xad, 0x83, 0x0a, 0x93, 0x07, 0x8a,
    0x47, 0x8a, 0xf5, 0xc5, 0x37, 0xce, 0xce, 0x93, 0xed, 0x9b, 0x4b, 0x8b,
    0xad, 0x8b, 0x95, 0xc5, 0x07, 0x7a, 0xa5, 0x71, 0x22, 0x59, 0x53, 0xb5,
    0x16, 0xce, 0x94, 0xbd, 0xd6, 0xc5, 0x94, 0xb5, 0xd6, 0xc5, 0xf6, 0xc5,
    0xf6, 0xc5, 0xf6, 0xc5, 0xf6, 0xc5, 0xf6, 0xc5, 0xf6, 0xc5, 0xf6, 0xc5,
    0x16, 0xc6, 0xf6, 0xc5, 0xf6, 0xc5, 0xf6, 0xc5, 0xf6, 0xc5, 0x16, 0xc6,
    0xd6, 0xbd, 0xd6, 0xc5, 0xf6, 0xc5, 0xf6, 0xc5, 0xd6, 0xbd, 0xf6, 0xc5,
    0xd6, 0xbd, 0xf7, 0xc5, 0xf6, 0xc5, 0xd6, 0xc5, 0xf6, 0xbd, 0xd6, 0xbd,
    0xf7, 0xc5, 0xd6, 0xbd, 0xf7, 0xc5, 0xd6, 0xbd, 0xd7, 0xbd, 0xf7, 0xc5,
    0x17, 0xc6, 0xd6, 0xbd, 0xf7, 0xc5, 0xd6, 0xbd, 0x18, 0xc6, 0x17, 0xc6,
    0xf7, 0xbd, 0xf7, 0xc5, 0xf7, 0xbd, 0xf7, 0xc5, 0x17, 0xc6, 0x18, 0xc6,
    0x17, 0xc6, 0x17, 0xc6, 0x18, 0xc6, 0xd7, 0xbd, 0x18, 0xc6, 0xf7, 0xc5,
    0x18, 0xce, 0x18, 0xc6, 0x38, 0xce, 0x18, 0xc6, 0x18, 0xc6, 0x18, 0xc6,
    0x18, 0xc6, 0x18, 0xc6, 0x99, 0xd6, 0xf0, 0xab, 0xc5, 0x81, 0x2c, 0xa3,
    0xd6, 0xbd, 0xd7, 0xbd, 0xd6, 0xbd, 0xf7, 0xc5, 0xd6, 0xbd, 0xd6, 0xbd,
    0xd7, 0xbd, 0xd6, 0xbd, 0xf7, 0xbd, 0x17, 0xc6, 0x17, 0xc6, 0xf7, 0xbd,
    0xf7, 0xbd, 0x17, 0xc6, 0x17, 0xc6, 0xf7, 0xbd, 0xd7, 0xbd, 0xd6, 0xbd,
    0xf7, 0xbd, 0x38, 0xce, 0x71, 0x94, 0xc2, 0x30, 0xeb, 0x72, 0x34, 0xbd,
    0x18, 0xce, 0xd7, 0xbd, 0xd6, 0xbd, 0xd6, 0xbd, 0xd6, 0xbd, 0xd5, 0xbd,
    0xf6, 0xc5, 0xf6, 0xc5, 0x50, 0x8c, 0x6c, 0x73, 0xce, 0x83, 0xeb, 0x62,
    0x89, 0x5a, 0x24, 0x29, 0x03, 0x29, 0x24, 0x31, 0x24, 0x31, 0x24, 0x31,
    0x07, 0x52, 0x65, 0x41, 0x85, 0x49, 0x64, 0x51, 0xa4, 0x51, 0x43, 0x49,
    0x84, 0x59, 0x02, 0x49, 0xc2, 0x40, 0xe3, 0x48, 0x0b, 0x7b, 0x2f, 0x94,
    0x50, 0x94, 0x2b, 0x73, 0x64, 0x49, 0x23, 0x49, 0x23, 0x49, 0x07, 0x6a,
    0xa9, 0x72, 0xee, 0x93, 0x4f, 0x9c, 0xee, 0x93, 0x0f, 0x94, 0x2f, 0x9c,
    0xee, 0x93, 0x8d, 0x8b, 0x2c, 0x83, 0x89, 0x72, 0x84, 0x51, 0xe2, 0x40,
    0xe1, 0x50, 0xe1, 0x50, 0xc0, 0x50, 0xe2, 0x58, 0xe1, 0x58, 0xc1, 0x58,
    0xa0, 0x50, 0x80, 0x50, 0xa1, 0x50, 0xc1, 0x50, 0xc1, 0x50, 0xc1, 0x50,
    0xa1, 0x58, 0xa0, 0x50, 0xc1, 0x58, 0x43, 0x59, 0xe6, 0x51, 0x67, 0x5a,
    0x23, 0x51, 0xc1, 0x58, 0xc2, 0x60, 0x64, 0x59, 0xc5, 0x59, 0x85, 0x51,
    0x48, 0x52, 0x27, 0x52, 0x28, 0x52, 0x27, 0x52, 0x47, 0x52, 0x27, 0x52,
    0x68, 0x5a, 0x68, 0x52, 0x68, 0x52, 0x68, 0x52, 0x68, 0x52, 0x68, 0x52,
    0x48, 0x52, 0x27, 0x4a, 0x27, 0x4a, 0x27, 0x4a, 0x07, 0x4a, 0x07, 0x4a,
    0x06, 0x4a, 0x07, 0x52, 0x07, 0x52, 0x06, 0x52, 0x26, 0x52, 0x8c, 0x93,
    0x68, 0x8a, 0x40, 0x68, 0x81, 0x70, 0x81, 0x70, 0x81, 0x70, 0x61, 0x70,
    0xa5, 0x69, 0xe6, 0x41, 0x47, 0x5a, 0x06, 0x52, 0x89, 0x62, 0x69, 0x5a,
    0x89, 0x62, 0x89, 0x62, 0x89, 0x5a, 0xa9, 0x62, 0x47, 0x52, 0x68, 0x5a,
    0xc9, 0x62, 0xa9, 0x62, 0xc9, 0x6a, 0x0a, 0x73, 0x0a, 0x73, 0x2b, 0x73,
    0xc9, 0x62, 0xe9, 0x6a, 0x4b, 0x7b, 0x8c, 0x7b, 0x6c, 0x7b, 0x6c, 0x7b,
    0x68, 0x5a, 0x0a, 0x6b, 0xea, 0x6a, 0xe2, 0x28, 0xe2, 0x28, 0xa2, 0x20,
    0x82, 0x20, 0xe3, 0x20, 0xa1, 0x10, 0x40, 0x08, 0x20, 0x10, 0xa2, 0x20,
    0x82, 0x20, 0x61, 0x18, 0x61, 0x18, 0x81, 0x10, 0x60, 0x10, 0x40, 0x18,
    0x41, 0x10, 0x41, 0x10, 0x41, 0x10, 0x20, 0x10, 0x41, 0x10, 0x41, 0x10,
    0x41, 0x18, 0x40, 0x10, 0x40, 0x20, 0x40, 0x28, 0x40, 0x40, 0x60, 0x50,
    0x46, 0x7a, 0xb0, 0xbc, 0xea, 0x8a, 0xe9, 0x7a, 0x6b, 0x83, 0xd0, 0xac,
    0xd5, 0xd5, 0x2e, 0x9c, 0x6b, 0x7b, 0xee, 0x8b, 0xee, 0x8b, 0xea, 0x6a,
    0x0a, 0x73, 0x6f, 0x9c, 0xee, 0x8b, 0xee, 0x8b, 0x94, 0xc5, 0x8f, 0xac,
    0xed, 0x93, 0xad, 0x83, 0xee, 0x93, 0x8c, 0x7b, 0x4f, 0x9c, 0xad, 0x83,
    0xf2, 0xac, 0x12, 0xad, 0xd2, 0xac, 0x74, 0xc5, 0x00, 0x08, 0xc3, 0x28,
    0x46, 0x51, 0xa2, 0x38, 0x82, 0x20, 0x82, 0x20, 0xc2, 0x28, 0x22, 0x59,
    0xa3, 0x9a, 0x34, 0xee, 0xbd, 0xf7, 0x5b, 0xef, 0x1a, 0xe7, 0xb8, 0xde,
    0x2f, 0x94, 0xe7, 0x51, 0xa3, 0x20, 0xaa, 0x6a, 0xa9, 0x7a, 0x84, 0x59,
    0x8c, 0x93, 0x2b, 0x83, 0x4b, 0x7b, 0x6c, 0x7b, 0x6c, 0x7b, 0x6c, 0x7b,
    0x2b, 0x73, 0x0a, 0x6b, 0x6c, 0x7b, 0xca, 0x6a, 0x0a, 0x6b, 0xad, 0x7b,
    0x48, 0x82, 0xe7, 0x99, 0xc9, 0x92, 0xb5, 0xbd, 0xf5, 0xbd, 0xd5, 0xcd,
    0x8c, 0x93, 0x8c, 0x9b, 0xe9, 0x82, 0x73, 0xbd, 0x2f, 0xac, 0x64, 0x61,
    0x63, 0x61, 0x13, 0xb5, 0xf6, 0xc5, 0xf6, 0xc5, 0xd6, 0xbd, 0x95, 0xb5,
    0xb5, 0xbd, 0xf6, 0xc5, 0xf6, 0xc5, 0xf6, 0xc5, 0xf6, 0xc5, 0xd6, 0xc5,
    0xf6, 0xc5, 0x16, 0xc6, 0xf6, 0xc5, 0xf6, 0xc5, 0xf6, 0xc5, 0xf6, 0xc5,
    0xf6, 0xc5, 0xf6, 0xbd, 0xf7, 0xc5, 0xf7, 0xbd, 0xf6, 0xbd, 0xf7, 0xbd,
    0xd6, 0xc5, 0xf6, 0xc5, 0xd6, 0xbd, 0xf6, 0xc5, 0xf6, 0xc5, 0xd6, 0xbd,
    0xf7, 0xbd, 0xd7, 0xbd, 0xf7, 0xc5, 0xd6, 0xbd, 0xf7, 0xc5, 0xd6, 0xbd,
    0xf7, 0xbd, 0xf7, 0xc5, 0x17, 0xc6, 0xd6, 0xbd, 0xf7, 0xbd, 0xd7, 0xc5,
    0x17, 0xc6, 0xf7, 0xc5, 0xf7, 0xbd, 0xf7, 0xc5, 0xf7, 0xc5, 0xf7, 0xbd,
    0xf7, 0xc5, 0x17, 0xc6, 0x18, 0xc6, 0xf7, 0xc5, 0x17, 0xc6, 0xf7, 0xc5,
    0x18, 0xc6, 0xf7, 0xc5, 0x38, 0xc6, 0x38, 0xce, 0x18, 0xc6, 0x18, 0xc6,
    0xf7, 0xc5, 0x17, 0xc6, 0x18, 0xc6, 0x79, 0xce, 0x30, 0xac, 0x64, 0x79,
    0x32, 0xb5, 0x95, 0xad, 0xb6, 0xbd, 0xb6, 0xbd, 0xd6, 0xbd, 0xb6, 0xb5,
    0xd6, 0xbd, 0xd7, 0xbd, 0xd7, 0xbd, 0xd6, 0xbd, 0xd6, 0xbd, 0xd7, 0xbd,
    0xd6, 0xbd, 0xf7, 0xbd, 0xf7, 0xbd, 0xd7, 0xbd, 0xf7, 0xbd, 0xd6, 0xbd,
    0xf7, 0xbd, 0xf7, 0xbd, 0xd7, 0xbd, 0x17, 0xc6, 0x95, 0xb5, 0x38, 0xc6,
    0xf7, 0xbd, 0xf7, 0xbd, 0xf7, 0xbd, 0xf7, 0xbd, 0xf7, 0xbd, 0xd7, 0xbd,
    0xd6, 0xbd, 0xf6, 0xbd, 0xd6, 0xbd, 0xd6, 0xbd, 0xf6, 0xc5, 0x17, 0xc6,
    0xf6, 0xc5, 0x74, 0xb5, 0xf3, 0xa4, 0x91, 0x9c, 0xef, 0x83, 0xa9, 0x5a,
    0xe7, 0x41, 0x44, 0x31, 0x44, 0x39, 0x85, 0x49, 0x84, 0x49, 0x84, 0x49,
    0xc4, 0x51, 0xa4, 0x51, 0x63, 0x51, 0x43, 0x59, 0x23, 0x59, 0x43, 0x51,
    0x03, 0x49, 0xe2, 0x48, 0xe3, 0x48, 0x68, 0x72, 0x4c, 0x7b, 0x88, 0x6a,
    0xa8, 0x6a, 0x67, 0x5a, 0x30, 0x9c, 0xd2, 0xa4, 0xd3, 0xa4, 0x96, 0xbd,
    0xb6, 0xbd, 0x95, 0xbd, 0xb5, 0xb5, 0x95, 0xb5, 0x95, 0xbd, 0xb5, 0xbd,
    0xb5, 0xbd, 0xd5, 0xbd, 0x75, 0xbd, 0x91, 0xa4, 0x0f, 0x94, 0x07, 0x72,
    0xa1, 0x68, 0xa4, 0x79, 0x6b, 0x93, 0x0a, 0x8b, 0x06, 0x6a, 0x43, 0x59,
    0xa1, 0x50, 0xa1, 0x50, 0xe1, 0x50, 0xc1, 0x48, 0x03, 0x59, 0xc6, 0x61,
    0x27, 0x52, 0x68, 0x62, 0xa1, 0x50, 0xc1, 0x60, 0xc2, 0x58, 0x26, 0x6a,
    0xc5, 0x51, 0x06, 0x5a, 0x48, 0x52, 0x47, 0x52, 0x28, 0x52, 0x47, 0x52,
    0x27, 0x52, 0x27, 0x52, 0x68, 0x52, 0x68, 0x52, 0x68, 0x52, 0x68, 0x52,
    0x68, 0x5a, 0x48, 0x52, 0x48, 0x52, 0x07, 0x4a, 0x27, 0x4a, 0x28, 0x52,
    0x07, 0x4a, 0x07, 0x4a, 0x06, 0x52, 0x07, 0x52, 0x07, 0x4a, 0x06, 0x4a,
    0xe9, 0x7a, 0x2a, 0x93, 0x6b, 0x9b, 0x85, 0x79, 0x41, 0x70, 0x81, 0x70,
    0x81, 0x70, 0x81, 0x70, 0x81, 0x70, 0x27, 0x62, 0xa5, 0x49, 0x27, 0x62,
    0x48, 0x5a, 0x69, 0x5a, 0x88, 0x5a, 0x89, 0x62, 0x89, 0x62, 0x89, 0x62,
    0x47, 0x5a, 0x88, 0x5a, 0xca, 0x6a, 0x0a, 0x6b, 0x0a, 0x73, 0x2b, 0x73,
    0x2b, 0x73, 0x2b, 0x73, 0xc9, 0x6a, 0xc9, 0x62, 0x8c, 0x7b, 0x8c, 0x83,
    0x6c, 0x7b, 0x6c, 0x7b, 0x6c, 0x7b, 0x4b, 0x7b, 0x0a, 0x6b, 0x24, 0x31,
    0x41, 0x18, 0x61, 0x18, 0x41, 0x18, 0x41, 0x10, 0x61, 0x18, 0x82, 0x10,
    0x61, 0x10, 0x41, 0x10, 0x61, 0x10, 0x61, 0x10, 0x82, 0x18, 0x61, 0x18,
    0x81, 0x18, 0xa1, 0x18, 0xa2, 0x20, 0xa2, 0x20, 0xa2, 0x20, 0xa2, 0x20,
    0xc3, 0x20, 0xa3, 0x20, 0x82, 0x20, 0x45, 0x39, 0xc3, 0x28, 0x40, 0x18,
    0x41, 0x28, 0x40, 0x38, 0xa2, 0x60, 0x27, 0x7a, 0xea, 0x8a, 0xed, 0xa3,
    0x4e, 0xa4, 0x94, 0xcd, 0xd0, 0xac, 0x4b, 0x7b, 0xad, 0x8b, 0x0e, 0x94,
    0x2b, 0x73, 0xe9, 0x6a, 0x90, 0xa4, 0xed, 0x8b, 0xcd, 0x8b, 0x52, 0xbd,
    0xd1, 0xac, 0xb0, 0xac, 0xed, 0x93, 0xad, 0x83, 0x91, 0xa4, 0x2e, 0x94,
    0xcd, 0x8b, 0x4f, 0x9c, 0x94, 0xbd, 0xd1, 0xa4, 0xf5, 0xcd, 0x03, 0x39,
    0x21, 0x10, 0x8a, 0x51, 0x05, 0x59, 0xe2, 0x58, 0xa3, 0x30, 0x82, 0x20,
    0xe1, 0x38, 0x81, 0x79, 0x80, 0x89, 0xe4, 0x58, 0x48, 0x6a, 0x33, 0xb5,
    0x13, 0xb5, 0xee, 0x8b, 0x13, 0xb5, 0xe2, 0x28, 0xa6, 0x49, 0x89, 0x72,
    0x88, 0x82, 0x27, 0x6a, 0x0a, 0x7b, 0x6b, 0x7b, 0x4c, 0x7b, 0x8c, 0x83,
    0x6c, 0x7b, 0x6b, 0x7b, 0x0a, 0x73, 0x0a, 0x73, 0x4b, 0x7b, 0xca, 0x6a,
    0x2b, 0x73, 0x8c, 0x7b, 0x48, 0x82, 0xa5, 0x89, 0xee, 0xa3, 0x94, 0xb5,
    0xd5, 0xbd, 0xf5, 0xbd, 0x12, 0xb5, 0x6c, 0x9b, 0x88, 0x7a, 0xd1, 0xb4,
    0x74, 0xb5, 0xc9, 0x7a, 0x64, 0x61, 0x4f, 0x9c, 0x17, 0xce, 0xf6, 0xc5,
    0xd5, 0xbd, 0xb5, 0xbd, 0x53, 0xb5, 0xf6, 0xc5, 0xd6, 0xc5, 0xd5, 0xc5,
    0xf6, 0xc5, 0xf6, 0xc5, 0xf6, 0xc5, 0xf6, 0xc5, 0xf6, 0xc5, 0xf6, 0xc5,
    0xf6, 0xc5, 0xf6, 0xc5, 0xf6, 0xc5, 0xf7, 0xc5, 0xf6, 0xbd, 0xf6, 0xc5,
    0xd6, 0xbd, 0xf6, 0xbd, 0xd6, 0xbd, 0xf6, 0xc5, 0xd6, 0xbd, 0xd6, 0xc5,
    0xd6, 0xbd, 0xd6, 0xbd, 0xd7, 0xc5, 0xd6, 0xbd, 0xf7, 0xc5, 0xd6, 0xbd,
    0xd6, 0xbd, 0xd7, 0xbd, 0xd6, 0xbd, 0xf7, 0xbd, 0xf7, 0xc5, 0xd7, 0xbd,
    0xf7, 0xc5, 0xf7, 0xbd, 0xf7, 0xc5, 0xf7, 0xbd, 0xd7, 0xbd, 0xf7, 0xc5,
    0x17, 0xc6, 0xf7, 0xc5, 0xf7, 0xc5, 0x18, 0xc6, 0x18, 0xc6, 0x17, 0xc6,
    0x18, 0xc6, 0xf7, 0xc5, 0x17, 0xc6, 0xf7, 0xc5, 0x18, 0xc6, 0x18, 0xc6,
    0x17, 0xc6, 0x18, 0xc6, 0xf7, 0xc5, 0x18, 0xc6, 0x38, 0xce, 0x55, 0xbd,
    0x4a, 0x8a, 0xb5, 0xbd, 0xf7, 0xc5, 0x18, 0xc6, 0xb6, 0xb5, 0xb6, 0xb5,
    0xb6, 0xb5, 0x96, 0xb5, 0xb6, 0xb5, 0xb6, 0xb5, 0xb6, 0xb5, 0xd6, 0xb5,
    0xd6, 0xbd, 0xd6, 0xbd, 0xd7, 0xbd, 0xf7, 0xbd, 0xd6, 0xbd, 0xf7, 0xc5,
    0xd6, 0xbd, 0xf7, 0xbd, 0xd6, 0xbd, 0xd6, 0xbd, 0xd7, 0xbd, 0xd6, 0xbd,
    0xd7, 0xbd, 0xf7, 0xbd, 0xf7, 0xbd, 0xd6, 0xc5, 0xd7, 0xbd, 0xd6, 0xbd,
    0xd6, 0xbd, 0xf7, 0xbd, 0xf7, 0xbd, 0xd6, 0xbd, 0xf7, 0xc5, 0x17, 0xc6,
    0xf7, 0xc5, 0xf6, 0xbd, 0xf6, 0xbd, 0x17, 0xc6, 0xf6, 0xc5, 0xb6, 0xbd,
    0x33, 0xa5, 0x54, 0xad, 0x34, 0xad, 0xd2, 0xa4, 0xd2, 0xac, 0xe9, 0x72,
    0x05, 0x5a, 0xa4, 0x51, 0x47, 0x62, 0xa8, 0x72, 0x89, 0x6a, 0xc9, 0x72,
    0x47, 0x62, 0x23, 0x49, 0x23, 0x51, 0x02, 0x51, 0xe1, 0x48, 0x42, 0x59,
    0xc1, 0x50, 0xe1, 0x50, 0xa1, 0x48, 0xea, 0x7a, 0xb5, 0xbd, 0x74, 0xad,
    0x74, 0xad, 0x12, 0xa5, 0xf2, 0xa4, 0x13, 0xa5, 0x74, 0xb5, 0xb5, 0xbd,
    0xb5, 0xbd, 0xd6, 0xc5, 0xd6, 0xc5, 0xb5, 0xbd, 0xb5, 0xbd, 0xd6, 0xbd,
    0x37, 0xd6, 0x81, 0x60, 0xc1, 0x88, 0xe2, 0x68, 0xd6, 0xc5, 0xd6, 0xc5,
    0xf6, 0xc5, 0xf6, 0xcd, 0xb5, 0xc5, 0x12, 0xb5, 0x6f, 0x9c, 0x2b, 0x83,
    0xa6, 0x61, 0xc6, 0x59, 0xa8, 0x5a, 0x47, 0x5a, 0xe2, 0x50, 0x80, 0x48,
    0xc2, 0x50, 0xa8, 0x72, 0x84, 0x49, 0x68, 0x5a, 0x48, 0x52, 0x48, 0x52,
    0x47, 0x52, 0x27, 0x52, 0x48, 0x52, 0x48, 0x52, 0x48, 0x52, 0x48, 0x52,
    0x68, 0x52, 0x68, 0x5a, 0x48, 0x52, 0x68, 0x52, 0x48, 0x52, 0x48, 0x52,
    0x27, 0x52, 0x07, 0x4a, 0x07, 0x4a, 0xe7, 0x49, 0xe6, 0x49, 0x27, 0x52,
    0x07, 0x52, 0x06, 0x4a, 0x2a, 0x83, 0x2a, 0x9b, 0x4a, 0x9b, 0x2a, 0x9b,
    0xa1, 0x70, 0x61, 0x70, 0x81, 0x70, 0x81, 0x70, 0x81, 0x78, 0x84, 0x71,
    0xc5, 0x51, 0xe6, 0x59, 0x27, 0x5a, 0x89, 0x62, 0x89, 0x62, 0x89, 0x62,
    0x89, 0x5a, 0xa9, 0x62, 0xa9, 0x62, 0x68, 0x5a, 0x2b, 0x73, 0x4b, 0x73,
    0x4b, 0x73, 0x2b, 0x73, 0x2b, 0x73, 0x2b, 0x73, 0xc9, 0x6a, 0xc9, 0x6a,
    0x4c, 0x7b, 0x8c, 0x7b, 0x6c, 0x7b, 0x6c, 0x7b, 0x8c, 0x83, 0x8c, 0x7b,
    0x8c, 0x83, 0x85, 0x41, 0x61, 0x10, 0x61, 0x10, 0x61, 0x10, 0x40, 0x10,
    0x20, 0x08, 0x61, 0x10, 0x82, 0x18, 0x82, 0x18, 0x83, 0x28, 0xa4, 0x38,
    0xc3, 0x40, 0xa2, 0x38, 0xa2, 0x28, 0x81, 0x28, 0xa2, 0x20, 0xa2, 0x28,
    0x86, 0x49, 0xc4, 0x30, 0xa3, 0x28, 0xa3, 0x30, 0x61, 0x28, 0x65, 0x41,
    0x4d, 0x83, 0x28, 0x5a, 0xc3, 0x30, 0xa2, 0x30, 0x61, 0x40, 0xe2, 0x68,
    0x87, 0x7a, 0xb0, 0xbc, 0x32, 0xbd, 0xd0, 0xb4, 0x4b, 0x7b, 0x8c, 0x83,
    0x2f, 0x9c, 0x6b, 0x7b, 0xa8, 0x62, 0xd1, 0xa4, 0xcc, 0x8b, 0xac, 0x93,
    0x32, 0xc5, 0x32, 0xbd, 0xd0, 0xac, 0x90, 0xac, 0xcd, 0x8b, 0x2f, 0x9c,
    0xd5, 0xcd, 0x4a, 0x7b, 0xec, 0x8b, 0xb3, 0xc5, 0x53, 0xb5, 0xf2, 0xac,
    0x8c, 0x7b, 0x00, 0x10, 0xe6, 0x28, 0xae, 0x61, 0x45, 0x69, 0x02, 0x61,
    0xa3, 0x38, 0x82, 0x30, 0xe2, 0x48, 0xa1, 0xba, 0x01, 0x9a, 0x23, 0x61,
    0xe3, 0x40, 0xd6, 0xcd, 0xf6, 0xcd, 0xd6, 0xcd, 0x54, 0xbd, 0x40, 0x10,
    0x69, 0x72, 0xa9, 0x82, 0x85, 0x69, 0xea, 0x7a, 0x0a, 0x73, 0x6b, 0x7b,
    0x6c, 0x83, 0x6c, 0x83, 0x6c, 0x7b, 0x4b, 0x7b, 0x0b, 0x6b, 0x0a, 0x6b,
    0x0a, 0x6b, 0x0b, 0x6b, 0x4c, 0x73, 0x6c, 0x7b, 0xad, 0x93, 0x87, 0x82,
    0xf1, 0xb4, 0x73, 0xb5, 0xd4, 0xbd, 0xd5, 0xb5, 0xf6, 0xbd, 0x0e, 0xa4,
    0xa8, 0x82, 0xcd, 0xa3, 0xb5, 0xbd, 0x33, 0xb5, 0x46, 0x6a, 0xee, 0x8b,
    0x17, 0xce, 0xf6, 0xc5, 0xd6, 0xc5, 0xb5, 0xbd, 0x94, 0xb5, 0xd5, 0xbd,
    0xf6, 0xc5, 0xf6, 0xc5, 0xf6, 0xc5, 0xf6, 0xc5, 0xf6, 0xc5, 0xf6, 0xc5,
    0xf6, 0xc5, 0x16, 0xc6, 0xf6, 0xc5, 0xf6, 0xc5, 0xf6, 0xbd, 0xf6, 0xbd,
    0xf6, 0xc5, 0x17, 0xc6, 0xd6, 0xbd, 0xd6, 0xbd, 0xd6, 0xbd, 0xd6, 0xc5,
    0xb5, 0xbd, 0xf6, 0xc5, 0xd6, 0xbd, 0xb6, 0xbd, 0xd6, 0xbd, 0xd6, 0xbd,
    0x17, 0xc6, 0xd7, 0xbd, 0xd6, 0xbd, 0xf7, 0xc5, 0xd6, 0xbd, 0xd7, 0xbd,
    0xf7, 0xc5, 0xd6, 0xbd, 0xf7, 0xc5, 0xf7, 0xc5, 0xd7, 0xbd, 0xd6, 0xbd,
    0xd7, 0xbd, 0x17, 0xc6, 0x17, 0xc6, 0xf7, 0xbd, 0xf7, 0xc5, 0xf7, 0xc5,
    0x18, 0xc6, 0xf7, 0xc5, 0x17, 0xc6, 0xf7, 0xbd, 0x18, 0xc6, 0x18, 0xc6,
    0x18, 0xc6, 0x18, 0xc6, 0x18, 0xc6, 0x18, 0xc6, 0x18, 0xc6, 0x38, 0xce,
    0x59, 0xce, 0x58, 0xce, 0x38, 0xc6, 0xf8, 0xcd, 0xf8, 0xc5, 0xf8, 0xc5,
    0xd6, 0xbd, 0xd6, 0xbd, 0xd6, 0xbd, 0xb6, 0xbd, 0xd6, 0xbd, 0xb6, 0xbd,
    0xd6, 0xbd, 0xd6, 0xbd, 0xd6, 0xbd, 0xd6, 0xb5, 0xd6, 0xbd, 0xd7, 0xbd,
    0xd6, 0xbd, 0xf7, 0xbd, 0xf7, 0xbd, 0xd6, 0xbd, 0xd6, 0xbd, 0xd6, 0xbd,
    0xf7, 0xbd, 0xf7, 0xbd, 0xf7, 0xc5, 0xf7, 0xc5, 0xf7, 0xbd, 0xf7, 0xbd,
    0xf7, 0xbd, 0xf7, 0xbd, 0xf7, 0xc5, 0xf7, 0xbd, 0xd6, 0xbd, 0xf7, 0xc5,
    0xd7, 0xbd, 0xd6, 0xbd, 0xd7, 0xbd, 0xf7, 0xbd, 0xd6, 0xbd, 0xd6, 0xbd,
    0xd6, 0xbd, 0xf6, 0xbd, 0xd6, 0xbd, 0x94, 0xb5, 0x54, 0xb5, 0x73, 0xb5,
    0x66, 0x5a, 0x46, 0x6a, 0x26, 0x62, 0xe5, 0x59, 0xea, 0x7a, 0x74, 0xc5,
    0x74, 0xb5, 0x95, 0xbd, 0xb6, 0xbd, 0x54, 0xbd, 0x70, 0xa4, 0x4c, 0x8b,
    0xa5, 0x59, 0x81, 0x40, 0x81, 0x48, 0xc1, 0x50, 0xe2, 0x50, 0xee, 0x93,
    0x4c, 0x7b, 0x6c, 0x7b, 0x70, 0x9c, 0x54, 0xb5, 0x74, 0xbd, 0xb5, 0xbd,
    0x95, 0xbd, 0xb5, 0xbd, 0xb5, 0xbd, 0xb5, 0xbd, 0xb5, 0xc5, 0xd6, 0xc5,
    0xd6, 0xc5, 0x58, 0xc6, 0x0c, 0x93, 0x60, 0x70, 0x02, 0x89, 0x68, 0x82,
    0x17, 0xce, 0x95, 0xbd, 0x94, 0xbd, 0x94, 0xbd, 0x95, 0xbd, 0x95, 0xbd,
    0x74, 0xb5, 0x94, 0xbd, 0xd2, 0xac, 0xc9, 0x6a, 0x2a, 0x73, 0x12, 0xad,
    0x57, 0xce, 0xd5, 0xc5, 0xa5, 0x51, 0x88, 0x6a, 0xe6, 0x51, 0x68, 0x5a,
    0x68, 0x52, 0x48, 0x52, 0x48, 0x52, 0x28, 0x52, 0x48, 0x52, 0x68, 0x52,
    0x47, 0x52, 0x48, 0x52, 0x48, 0x52, 0x48, 0x52, 0x89, 0x5a, 0xa9, 0x5a,
    0x89, 0x5a, 0x48, 0x52, 0x68, 0x52, 0x48, 0x52, 0x07, 0x4a, 0x07, 0x4a,
    0xe6, 0x49, 0xe6, 0x49, 0x27, 0x52, 0x06, 0x4a, 0x6b, 0x8b, 0x2a, 0x93,
    0x4b, 0x9b, 0x49, 0x93, 0x26, 0x8a, 0x61, 0x70, 0x81, 0x70, 0x81, 0x70,
    0x81, 0x70, 0xa1, 0x70, 0xe6, 0x61, 0x26, 0x62, 0x27, 0x5a, 0x89, 0x62,
    0x89, 0x62, 0x89, 0x62, 0xa9, 0x62, 0xaa, 0x62, 0xca, 0x62, 0xaa, 0x62,
    0x4b, 0x7b, 0x4c, 0x7b, 0x4c, 0x73, 0x2b, 0x73, 0x2b, 0x73, 0x2b, 0x73,
    0xea, 0x6a, 0xa9, 0x62, 0x2b, 0x73, 0xad, 0x83, 0x6b, 0x7b, 0x8c, 0x7b,
    0x8c, 0x83, 0x6c, 0x7b, 0x6c, 0x83, 0x0b, 0x7b, 0xc2, 0x28, 0x61, 0x08,
    0x81, 0x10, 0xa6, 0x39, 0x0b, 0x63, 0xaa, 0x62, 0x42, 0x18, 0xe5, 0x28,
    0xe6, 0x40, 0xe3, 0x50, 0xe2, 0x50, 0xa0, 0x38, 0x81, 0x20, 0x61, 0x20,
    0x81, 0x20, 0xc2, 0x30, 0xa2, 0x40, 0x07, 0x93, 0x80, 0x71, 0x01, 0x51,
    0x07, 0x62, 0xaa, 0x72, 0x2d, 0x83, 0x4d, 0x7b, 0x6d, 0x8b, 0x08, 0x5a,
    0xc2, 0x38, 0x81, 0x48, 0xe6, 0x69, 0x11, 0xc5, 0xf1, 0xb4, 0x8b, 0x8b,
    0x4b, 0x7b, 0xf1, 0xac, 0x6c, 0x83, 0x67, 0x5a, 0x11, 0xad, 0xcd, 0x8b,
    0x4e, 0xa4, 0x73, 0xcd, 0x12, 0xc5, 0x52, 0xbd, 0x11, 0xb5, 0xb0, 0xac,
    0xac, 0x8b, 0x33, 0xbd, 0xec, 0x93, 0xab, 0x93, 0x93, 0xc5, 0xb4, 0xc5,
    0x90, 0xa4, 0xf2, 0xac, 0x60, 0x18, 0xe7, 0x59, 0xc7, 0x30, 0x0f, 0x6a,
    0xc3, 0x91, 0xe1, 0xa1, 0x01, 0x69, 0x42, 0x71, 0xc1, 0xaa, 0xa1, 0xdb,
    0x61, 0x81, 0xc3, 0x50, 0x6d, 0x8b, 0x37, 0xd6, 0xf6, 0xcd, 0x37, 0xde,
    0x0f, 0x8c, 0xa5, 0x41, 0x89, 0x72, 0xea, 0x92, 0x43, 0x59, 0x2a, 0x83,
    0x6b, 0x7b, 0x6c, 0x7b, 0x6c, 0x7b, 0x6c, 0x7b, 0x6c, 0x7b, 0x2b, 0x7b,
    0x4b, 0x73, 0x2b, 0x6b, 0x0a, 0x6b, 0x2b, 0x73, 0x6c, 0x73, 0xad, 0x83,
    0x75, 0xbd, 0x12, 0xb5, 0xb0, 0xa4, 0x12, 0xad, 0x94, 0xbd, 0xf5, 0xbd,
    0xf5, 0xbd, 0xf3, 0xb4, 0xad, 0x9b, 0xa9, 0x72, 0xd5, 0xc5, 0x33, 0xb5,
    0xf0, 0xa4, 0xac, 0x7b, 0x17, 0xce, 0xf6, 0xc5, 0xd6, 0xc5, 0xb5, 0xbd,
    0xb5, 0xbd, 0xb5, 0xbd, 0x17, 0xc6, 0x16, 0xc6, 0xf6, 0xc5, 0x16, 0xc6,
    0xf6, 0xc5, 0xf6, 0xc5, 0xf6, 0xc5, 0xf6, 0xc5, 0xf6, 0xc5, 0xd6, 0xc5,
    0xf6, 0xbd, 0xf6, 0xbd, 0xf6, 0xbd, 0xf6, 0xbd, 0xd6, 0xbd, 0xf6, 0xc5,
    0xd6, 0xbd, 0xd6, 0xbd, 0xb6, 0xbd, 0xf6, 0xc5, 0xb6, 0xbd, 0xd6, 0xc5,
    0xd6, 0xbd, 0xd6, 0xbd, 0x17, 0xc6, 0xd6, 0xbd, 0xd7, 0xbd, 0xf7, 0xbd,
    0xd6, 0xbd, 0xd6, 0xbd, 0xf7, 0xc5, 0xd6, 0xbd, 0xf6, 0xbd, 0xf7, 0xc5,
    0xd6, 0xbd, 0xd6, 0xbd, 0xd7, 0xbd, 0xf7, 0xc5, 0x17, 0xc6, 0xf7, 0xbd,
    0x17, 0xc6, 0x17, 0xc6, 0x17, 0xc6, 0xf7, 0xbd, 0xf7, 0xc5, 0xf7, 0xc5,
    0xf7, 0xc5, 0xf7, 0xc5, 0x18, 0xc6, 0x17, 0xc6, 0x18, 0xc6, 0x17, 0xc6,
    0x18, 0xc6, 0x18, 0xc6, 0x38, 0xc6, 0x38, 0xce, 0xf7, 0xbd, 0xf7, 0xc5,
    0x18, 0xc6, 0xf7, 0xbd, 0xd6, 0xbd, 0xd6, 0xbd, 0xd6, 0xbd, 0xd6, 0xbd,
    0xd7, 0xbd, 0xd7, 0xbd, 0xd7, 0xbd, 0xd7, 0xbd, 0xd7, 0xbd, 0xd7, 0xbd,
    0xd7, 0xbd, 0xd6, 0xbd, 0xd6, 0xbd, 0xf7, 0xbd, 0xd7, 0xbd, 0xd6, 0xbd,
    0xf7, 0xbd, 0xf7, 0xbd, 0xf7, 0xbd, 0xf7, 0xbd, 0xf7, 0xbd, 0xf7, 0xbd,
    0xf7, 0xc5, 0xd7, 0xbd, 0xd6, 0xbd, 0xd6, 0xbd, 0xd7, 0xbd, 0xd7, 0xbd,
    0xf7, 0xbd, 0xf6, 0xbd, 0xf7, 0xc5, 0xf7, 0xc5, 0xf7, 0xbd, 0xd6, 0xbd,
    0xd6, 0xbd, 0xd7, 0xbd, 0xd6, 0xbd, 0xb6, 0xbd, 0xb6, 0xbd, 0xb6, 0xbd,
    0xf6, 0xbd, 0x4e, 0x94, 0x66, 0x6a, 0xc7, 0x7a, 0xa7, 0x7a, 0x66, 0x72,
    0xc9, 0x72, 0x2f, 0x9c, 0x32, 0xb5, 0xf2, 0xac, 0x34, 0xad, 0x54, 0xad,
    0xd6, 0xbd, 0xd6, 0xc5, 0xf6, 0xbd, 0x95, 0xb5, 0xd2, 0xa4, 0xef, 0x9b,
    0xee, 0x9b, 0x8c, 0x7b, 0x28, 0x5a, 0x2b, 0x7b, 0xce, 0x93, 0x0f, 0x94,
    0xd2, 0xac, 0x13, 0xad, 0x95, 0xbd, 0x16, 0xce, 0x17, 0xc6, 0xf6, 0xc5,
    0xd5, 0xbd, 0xb5, 0xbd, 0xd6, 0xbd, 0x37, 0xce, 0xc6, 0x79, 0xa1, 0x78,
    0xc1, 0x70, 0x33, 0xbd, 0x95, 0xbd, 0xb5, 0xbd, 0xd5, 0xbd, 0xb5, 0xbd,
    0xb5, 0xbd, 0x94, 0xb5, 0x54, 0xb5, 0xb5, 0xbd, 0xad, 0x7b, 0xa9, 0x5a,
    0xd1, 0xa4, 0x74, 0xbd, 0xf6, 0xbd, 0x4f, 0x94, 0x89, 0x72, 0x88, 0x62,
    0x47, 0x52, 0x67, 0x5a, 0x68, 0x52, 0x68, 0x52, 0x47, 0x52, 0x48, 0x52,
    0x47, 0x52, 0x68, 0x52, 0x67, 0x4a, 0x47, 0x52, 0x68, 0x52, 0xaa, 0x62,
    0x89, 0x5a, 0x89, 0x5a, 0x68, 0x5a, 0x68, 0x52, 0x48, 0x52, 0x27, 0x52,
    0x27, 0x4a, 0x07, 0x4a, 0x06, 0x4a, 0xe6, 0x49, 0xe6, 0x49, 0x06, 0x52,
    0x4b, 0x83, 0xe9, 0x82, 0x6b, 0x9b, 0x2a, 0x93, 0x8b, 0xa3, 0x23, 0x71,
    0x61, 0x70, 0x81, 0x70, 0x81, 0x70, 0x81, 0x78, 0x23, 0x69, 0x06, 0x62,
    0x43, 0x41, 0xa9, 0x62, 0xa9, 0x62, 0x89, 0x62, 0xa9, 0x62, 0xca, 0x6a,
    0xca, 0x6a, 0xca, 0x6a, 0x4b, 0x73, 0x4c, 0x7b, 0x4c, 0x7b, 0x4c, 0x7b,
    0x4b, 0x73, 0x4b, 0x73, 0x0a, 0x6b, 0xa9, 0x62, 0xea, 0x6a, 0xcd, 0x83,
    0x4b, 0x7b, 0x6c, 0x7b, 0xad, 0x83, 0x8c, 0x83, 0x6c, 0x7b, 0x0a, 0x73,
    0x48, 0x72, 0xc1, 0x20, 0x40, 0x08, 0x0f, 0x8c, 0x8e, 0x83, 0x28, 0x52,
    0x63, 0x18, 0x27, 0x41, 0x26, 0x61, 0xc1, 0x89, 0xc1, 0x89, 0x81, 0x40,
    0x81, 0x28, 0x81, 0x20, 0x61, 0x28, 0xe2, 0x40, 0x61, 0x81, 0x21, 0x79,
    0xee, 0xd4, 0xdd, 0xff, 0x9d, 0xf7, 0x3c, 0xef, 0x3b, 0xef, 0x95, 0xc5,
    0x4c, 0x7b, 0xce, 0x8b, 0x0b, 0x83, 0xc3, 0x40, 0xc1, 0x40, 0xcd, 0x9b,
    0xcc, 0x93, 0x8b, 0x8b, 0xf1, 0xb4, 0x8c, 0x8b, 0x26, 0x52, 0x32, 0xbd,
    0x0d, 0x9c, 0x52, 0xc5, 0xb3, 0xcd, 0x93, 0xcd, 0x32, 0xc5, 0x53, 0xc5,
    0xf1, 0xb4, 0x12, 0xbd, 0x6b, 0x83, 0x52, 0xbd, 0x08, 0x7b, 0x31, 0xc5,
    0xd4, 0xc5, 0x93, 0xbd, 0x90, 0x9c, 0x27, 0x5a, 0x4c, 0x83, 0xcb, 0x72,
    0xc5, 0x38, 0x35, 0xb4, 0x01, 0xaa, 0x40, 0xe3, 0xa2, 0xe3, 0xc1, 0xe3,
    0xa0, 0xe3, 0x22, 0x9a, 0x06, 0x82, 0x24, 0x51, 0x36, 0xd6, 0x16, 0xd6,
    0x16, 0xce, 0x78, 0xde, 0xc6, 0x49, 0x48, 0x6a, 0x88, 0x7a, 0x67, 0x82,
    0xa5, 0x61, 0x2b, 0x7b, 0x4b, 0x83, 0x4b, 0x7b, 0x8c, 0x7b, 0x6c, 0x7b,
    0x4b, 0x7b, 0x2b, 0x7b, 0x6c, 0x7b, 0x4c, 0x73, 0xea, 0x6a, 0x8d, 0x7b,
    0x6c, 0x7b, 0xee, 0x8b, 0x74, 0xb5, 0x74, 0xbd, 0xf2, 0xa4, 0xd1, 0xac,
    0x50, 0x9c, 0xb5, 0xbd, 0xd5, 0xbd, 0xf6, 0xbd, 0x70, 0xac, 0x47, 0x6a,
    0x74, 0xc5, 0x54, 0xb5, 0xf5, 0xbd, 0xee, 0x8b, 0x17, 0xce, 0xf6, 0xc5,
    0xd6, 0xc5, 0xb5, 0xbd, 0x33, 0xa5, 0xd2, 0x9c, 0x37, 0xce, 0x16, 0xc6,
    0x16, 0xc6, 0xf6, 0xc5, 0xd6, 0xc5, 0xd6, 0xbd, 0xf6, 0xc5, 0xd6, 0xc5,
    0xf6, 0xc5, 0xd6, 0xc5, 0xf6, 0xc5, 0xf6, 0xc5, 0xf6, 0xc5, 0xf6, 0xc5,
    0xd6, 0xbd, 0xd6, 0xbd, 0xd6, 0xc5, 0xd6, 0xbd, 0x74, 0xb5, 0xd6, 0xbd,
    0xd6, 0xbd, 0xd6, 0xbd, 0xd7, 0xbd, 0xd6, 0xbd, 0xf7, 0xc5, 0xb6, 0xbd,
    0xf7, 0xc5, 0xd6, 0xbd, 0xd7, 0xbd, 0xd6, 0xbd, 0xd7, 0xbd, 0xd6, 0xbd,
    0xd7, 0xbd, 0xf7, 0xc5, 0xd6, 0xbd, 0xd7, 0xbd, 0xd7, 0xbd, 0xf7, 0xc5,
    0xf7, 0xc5, 0xf7, 0xbd, 0x18, 0xc6, 0xf7, 0xc5, 0xf7, 0xc5, 0xd7, 0xbd,
    0x17, 0xc6, 0xf7, 0xbd, 0xf7, 0xc5, 0xf8, 0xc5, 0x18, 0xc6, 0x18, 0xc6,
    0x18, 0xce, 0x17, 0xc6, 0x18, 0xc6, 0x38, 0xce, 0x18, 0xc6, 0x18, 0xc6,
    0xd7, 0xbd, 0xf7, 0xc5, 0x18, 0xc6, 0xf7, 0xc5, 0xd7, 0xbd, 0xb6, 0xbd,
    0xd7, 0xbd, 0xd7, 0xbd, 0xf7, 0xbd, 0xb6, 0xb5, 0xd6, 0xb5, 0xb6, 0xbd,
    0xb6, 0xb5, 0xb6, 0xbd, 0xd6, 0xbd, 0xd6, 0xbd, 0xb6, 0xbd, 0xd6, 0xbd,
    0xd6, 0xbd, 0xb6, 0xbd, 0xd7, 0xbd, 0xf7, 0xc5, 0xd6, 0xbd, 0xf7, 0xc5,
    0xf7, 0xbd, 0xf7, 0xbd, 0xd7, 0xbd, 0xf7, 0xbd, 0xf7, 0xc5, 0xf7, 0xbd,
    0xd7, 0xbd, 0xd6, 0xbd, 0xf7, 0xc5, 0xf7, 0xc5, 0xf7, 0xbd, 0xf7, 0xc5,
    0xf7, 0xc5, 0xd7, 0xbd, 0xd7, 0xc5, 0xd7, 0xbd, 0xd7, 0xbd, 0xd6, 0xbd,
    0xd7, 0xbd, 0xd6, 0xbd, 0xb6, 0xb5, 0xb6, 0xbd, 0xee, 0x93, 0x47, 0x6a,
    0xa4, 0x61, 0x25, 0x6a, 0xa7, 0x7a, 0x2a, 0x83, 0xa8, 0x82, 0xad, 0x93,
    0x75, 0xbd, 0xb6, 0xbd, 0xb5, 0xbd, 0xd6, 0xbd, 0xd6, 0xbd, 0x17, 0xc6,
    0x17, 0xbe, 0xf7, 0xbd, 0xd6, 0xbd, 0xf6, 0xbd, 0xd6, 0xbd, 0x13, 0xad,
    0xef, 0x8b, 0x2c, 0x73, 0xa9, 0x62, 0xe7, 0x49, 0xa9, 0x62, 0x70, 0x94,
    0x33, 0xad, 0x54, 0xad, 0x74, 0xb5, 0xf6, 0xbd, 0x95, 0xc5, 0xa6, 0x71,
    0xa0, 0x70, 0xa1, 0x70, 0xc1, 0x68, 0x85, 0x69, 0x8d, 0x8b, 0x95, 0xbd,
    0x37, 0xc6, 0xf6, 0xc5, 0xd6, 0xbd, 0xb5, 0xbd, 0xd5, 0xc5, 0x33, 0xad,
    0xea, 0x62, 0x89, 0x5a, 0xd5, 0xbd, 0xd6, 0xc5, 0xf6, 0xc5, 0x43, 0x41,
    0x0a, 0x7b, 0x48, 0x52, 0x89, 0x62, 0x68, 0x5a, 0x68, 0x5a, 0x48, 0x52,
    0x48, 0x52, 0x47, 0x52, 0x48, 0x52, 0x47, 0x4a, 0x47, 0x4a, 0x68, 0x52,
    0x68, 0x52, 0x48, 0x52, 0x48, 0x52, 0x68, 0x52, 0x68, 0x52, 0x48, 0x52,
    0x48, 0x52, 0x27, 0x52, 0x07, 0x4a, 0x07, 0x4a, 0x06, 0x4a, 0x06, 0x52,
    0xe6, 0x49, 0xe6, 0x49, 0xea, 0x7a, 0x0a, 0x8b, 0x6b, 0x93, 0x2a, 0x9b,
    0x6b, 0x9b, 0x67, 0x82, 0x81, 0x70, 0x61, 0x70, 0x81, 0x78, 0x81, 0x70,
    0x82, 0x70, 0xc5, 0x71, 0xe2, 0x38, 0x06, 0x5a, 0xa9, 0x62, 0xa9, 0x62,
    0xa9, 0x62, 0xa9, 0x62, 0xeb, 0x6a, 0xca, 0x6a, 0x2b, 0x73, 0x4c, 0x7b,
    0x4b, 0x7b, 0x6c, 0x7b, 0x4b, 0x73, 0x4c, 0x73, 0x0a, 0x73, 0xa9, 0x62,
    0x27, 0x52, 0xcd, 0x83, 0x4b, 0x7b, 0x6c, 0x7b, 0x8c, 0x83, 0xad, 0x83,
    0x6c, 0x7b, 0x09, 0x73, 0x89, 0x82, 0x02, 0x39, 0x61, 0x18, 0xeb, 0x6a,
    0xae, 0x93, 0x0c, 0x7b, 0x63, 0x18, 0x49, 0x51, 0x86, 0x79, 0x01, 0xa2,
    0x02, 0xc3, 0x81, 0x50, 0x82, 0x30, 0x82, 0x30, 0x82, 0x28, 0x01, 0x49,
    0x81, 0xba, 0xa0, 0x91, 0x43, 0x61, 0x65, 0x59, 0xaa, 0x72, 0x34, 0xb5,
    0xd6, 0xc5, 0xf6, 0xc5, 0xd5, 0xc5, 0xce, 0x93, 0x50, 0xac, 0x4d, 0x93,
    0x48, 0x72, 0xa5, 0x59, 0x2e, 0xa4, 0xf0, 0xb4, 0xac, 0x8b, 0x46, 0x5a,
    0x12, 0xb5, 0xb1, 0xac, 0xd5, 0xd5, 0xb4, 0xcd, 0xd4, 0xcd, 0xd4, 0xc5,
    0xd4, 0xcd, 0xd4, 0xcd, 0x53, 0xbd, 0xf1, 0xb4, 0x6b, 0x8b, 0x09, 0x83,
    0xec, 0x9b, 0xf4, 0xd5, 0xd4, 0xc5, 0x8f, 0x9c, 0x2f, 0x94, 0xb1, 0xac,
    0xd2, 0xb4, 0x95, 0xcd, 0x46, 0x51, 0x94, 0xc4, 0x8e, 0xc3, 0x61, 0xd3,
    0x80, 0xe3, 0x80, 0xe3, 0x42, 0xc3, 0xcd, 0xbb, 0x65, 0x69, 0x71, 0xb4,
    0x37, 0xd6, 0xf7, 0xd5, 0x38, 0xd6, 0x91, 0xa4, 0x23, 0x49, 0x85, 0x71,
    0xa4, 0x71, 0x43, 0x69, 0x26, 0x6a, 0x6c, 0x83, 0x6c, 0x83, 0x6c, 0x83,
    0x6b, 0x7b, 0x4b, 0x7b, 0x2b, 0x73, 0x2b, 0x73, 0x2f, 0x94, 0xad, 0x83,
    0xca, 0x62, 0x6c, 0x73, 0x6c, 0x73, 0x30, 0x94, 0x74, 0xbd, 0x54, 0xb5,
    0x33, 0xb5, 0x6f, 0x9c, 0xa9, 0x72, 0x2f, 0xa4, 0xd5, 0xbd, 0xf5, 0xb5,
    0x74, 0xbd, 0x4b, 0x8b, 0xb1, 0xac, 0xb5, 0xbd, 0xd5, 0xc5, 0x0f, 0x94,
    0x16, 0xc6, 0xd6, 0xbd, 0xd6, 0xc5, 0xd5, 0xbd, 0x90, 0x94, 0x2f, 0x8c,
    0x37, 0xce, 0xf6, 0xc5, 0xd6, 0xbd, 0xf6, 0xbd, 0xf6, 0xc5, 0xf6, 0xc5,
    0xf6, 0xc5, 0xf6, 0xc5, 0xf6, 0xc5, 0xf6, 0xc5, 0xf6, 0xbd, 0xf6, 0xbd,
    0xd6, 0xbd, 0xd6, 0xbd, 0xd6, 0xbd, 0xf7, 0xc5, 0xd6, 0xbd, 0xb5, 0xbd,
    0x34, 0xad, 0xd6, 0xbd, 0xd6, 0xbd, 0xd6, 0xc5, 0xd6, 0xbd, 0xd7, 0xbd,
    0xf7, 0xc5, 0xd6, 0xbd, 0xf7, 0xc5, 0xd7, 0xbd, 0xd6, 0xbd, 0xd6, 0xbd,
    0xf7, 0xc5, 0xb6, 0xbd, 0xd6, 0xbd, 0xd6, 0xbd, 0xd7, 0xbd, 0xf7, 0xc5,
    0xd7, 0xbd, 0xf7, 0xc5, 0xf7, 0xc5, 0xd7, 0xbd, 0xd7, 0xbd, 0xf7, 0xc5,
    0x17, 0xc6, 0xf7, 0xc5, 0x18, 0xc6, 0xf7, 0xc5, 0x17, 0xc6, 0x18, 0xc6,
    0xf7, 0xc5, 0x17, 0xc6, 0x38, 0xc6, 0xf7, 0xc5, 0x18, 0xc6, 0x18, 0xc6,
    0xf7, 0xc5, 0x17, 0xc6, 0xf7, 0xc5, 0xf7, 0xc5, 0xf7, 0xbd, 0xf7, 0xbd,
    0xb6, 0xbd, 0xd7, 0xbd, 0xd6, 0xbd, 0xd6, 0xbd, 0xb6, 0xbd, 0xd6, 0xbd,
    0xd6, 0xbd, 0xd6, 0xbd, 0xd6, 0xbd, 0xd7, 0xbd, 0xd6, 0xbd, 0xd6, 0xbd,
    0xd7, 0xbd, 0xd7, 0xbd, 0xd7, 0xbd, 0xd7, 0xbd, 0xd6, 0xbd, 0xb6, 0xbd,
    0xd7, 0xbd, 0xd6, 0xbd, 0xd6, 0xbd, 0xd6, 0xc5, 0xd6, 0xbd, 0xb6, 0xbd,
    0xb6, 0xbd, 0xd6, 0xbd, 0xd6, 0xbd, 0xd7, 0xbd, 0xd6, 0xbd, 0xd6, 0xbd,
    0xd6, 0xbd, 0xd6, 0xbd, 0xd7, 0xbd, 0xf7, 0xc5, 0xd6, 0xbd, 0xd6, 0xbd,
    0xd7, 0xbd, 0xf7, 0xbd, 0xf7, 0xbd, 0xd7, 0xbd, 0xd7, 0xc5, 0xf7, 0xbd,
    0xf6, 0xc5, 0x16, 0xc6, 0x54, 0xb5, 0xee, 0x8b, 0x8d, 0x7b, 0xf2, 0xac,
    0xee, 0x93, 0xd1, 0xac, 0x53, 0xb5, 0xb5, 0xb5, 0x95, 0xb5, 0xb6, 0xbd,
    0xd6, 0xbd, 0xf7, 0xbd, 0xf7, 0xc5, 0xf7, 0xc5, 0x17, 0xc6, 0xf7, 0xbd,
    0xf7, 0xc5, 0xf6, 0xc5, 0xf6, 0xc5, 0x37, 0xce, 0x79, 0xd6, 0x58, 0xce,
    0x95, 0xbd, 0x70, 0x94, 0x13, 0xad, 0xd2, 0xa4, 0xee, 0x93, 0x4c, 0x7b,
    0x89, 0x82, 0x24, 0x71, 0xe2, 0x78, 0xe1, 0x68, 0x80, 0x60, 0x80, 0x58,
    0x60, 0x50, 0x60, 0x48, 0xe2, 0x50, 0x65, 0x59, 0x65, 0x59, 0x45, 0x61,
    0x23, 0x59, 0x67, 0x72, 0x68, 0x62, 0x48, 0x6a, 0x4c, 0x8b, 0x53, 0xb5,
    0x4c, 0x8b, 0x03, 0x49, 0x0a, 0x73, 0x69, 0x5a, 0x89, 0x62, 0x68, 0x5a,
    0x48, 0x52, 0x47, 0x52, 0x48, 0x52, 0x68, 0x52, 0x48, 0x52, 0x47, 0x52,
    0x48, 0x52, 0x48, 0x52, 0x47, 0x52, 0x48, 0x52, 0x68, 0x52, 0x68, 0x52,
    0x69, 0x5a, 0x48, 0x52, 0x48, 0x52, 0xe6, 0x41, 0xc6, 0x41, 0xc6, 0x41,
    0xe6, 0x49, 0xe6, 0x49, 0x07, 0x52, 0x06, 0x4a, 0xe6, 0x51, 0x4c, 0x8b,
    0x0a, 0x8b, 0x4a, 0x93, 0x6a, 0x93, 0xab, 0x93, 0x84, 0x79, 0x60, 0x70,
    0x81, 0x78, 0x61, 0x70, 0x61, 0x78, 0x03, 0x71, 0x64, 0x59, 0x02, 0x31,
    0xca, 0x6a, 0xa9, 0x62, 0xca, 0x6a, 0xca, 0x62, 0xca, 0x62, 0x0b, 0x6b,
    0x2b, 0x73, 0x6c, 0x7b, 0x6c, 0x7b, 0x6c, 0x7b, 0x4b, 0x73, 0x4c, 0x7b,
    0x2b, 0x73, 0xc9, 0x6a, 0x27, 0x52, 0x4b, 0x7b, 0x4b, 0x7b, 0x6c, 0x73,
    0x8c, 0x7b, 0xcd, 0x8b, 0x8c, 0x7b, 0x0a, 0x7b, 0x88, 0x72, 0xc6, 0x61,
    0x61, 0x20, 0xc6, 0x41, 0x10, 0x9c, 0x91, 0xa4, 0xc4, 0x28, 0x07, 0x41,
    0xc8, 0x81, 0x02, 0xa2, 0x00, 0xc3, 0x83, 0xa2, 0x81, 0x38, 0x82, 0x30,
    0x40, 0x30, 0x83, 0xa2, 0x01, 0xcb, 0x81, 0xb2, 0xe5, 0x79, 0xc2, 0x50,
    0x61, 0x38, 0x54, 0xbd, 0xb5, 0xc5, 0xb6, 0xc5, 0xb6, 0xc5, 0x17, 0xce,
    0x71, 0xa4, 0x33, 0xc5, 0x90, 0xb4, 0x6b, 0x93, 0x8c, 0x8b, 0x2e, 0x9c,
    0xa9, 0x6a, 0x94, 0xcd, 0xd5, 0xcd, 0xd5, 0xcd, 0xf5, 0xcd, 0x15, 0xd6,
    0x16, 0xd6, 0xf5, 0xcd, 0xf5, 0xcd, 0xd5, 0xcd, 0x73, 0xbd, 0xd1, 0xb4,
    0x6b, 0x93, 0xc8, 0x82, 0x52, 0xc5, 0x93, 0xc5, 0x32, 0xbd, 0x4f, 0x9c,
    0xf1, 0xac, 0x16, 0xd6, 0x17, 0xd6, 0x37, 0xd6, 0xcb, 0x7a, 0x4f, 0xab,
    0x10, 0xbc, 0x0f, 0xcc, 0xe7, 0xcb, 0xe8, 0xc3, 0x4f, 0xcc, 0x4a, 0x92,
    0xae, 0xa3, 0x58, 0xe6, 0xd6, 0xd5, 0xf6, 0xd5, 0x99, 0xe6, 0xa5, 0x59,
    0x63, 0x69, 0xa4, 0x81, 0x25, 0x82, 0x22, 0x61, 0x67, 0x72, 0x6c, 0x83,
    0x6c, 0x7b, 0x6c, 0x7b, 0x4c, 0x7b, 0x4b, 0x7b, 0x4b, 0x73, 0x6c, 0x73,
    0xf2, 0xa4, 0xce, 0x83, 0x0b, 0x6b, 0x6d, 0x73, 0x6c, 0x73, 0x91, 0x9c,
    0x95, 0xbd, 0xf2, 0xac, 0x12, 0xad, 0xd4, 0xc5, 0x4b, 0x83, 0xa9, 0x7a,
    0x12, 0xb5, 0xd5, 0xbd, 0xb5, 0xb5, 0xb1, 0xa4, 0x0f, 0x9c, 0xb5, 0xbd,
    0xd5, 0xc5, 0xee, 0x8b, 0xf6, 0xc5, 0xd5, 0xbd, 0xd5, 0xc5, 0xd5, 0xbd,
    0xf2, 0xa4, 0xad, 0x7b, 0x37, 0xce, 0xf6, 0xc5, 0xf6, 0xc5, 0xf6, 0xc5,
    0xf6, 0xbd, 0xf6, 0xbd, 0xf6, 0xbd, 0xf6, 0xbd, 0xf6, 0xbd, 0xf6, 0xc5,
    0xf6, 0xbd, 0xf7, 0xbd, 0xd6, 0xbd, 0xf6, 0xbd, 0xd6, 0xbd, 0xf7, 0xc5,
    0xf7, 0xc5, 0xd6, 0xbd, 0x13, 0xad, 0xd6, 0xc5, 0xd6, 0xc5, 0xd6, 0xc5,
    0xd6, 0xbd, 0xf7, 0xbd, 0xf7, 0xc5, 0xd6, 0xbd, 0xf7, 0xc5, 0xd7, 0xbd,
    0xd6, 0xbd, 0xd6, 0xbd, 0xd7, 0xbd, 0xb6, 0xbd, 0xd6, 0xbd, 0xf7, 0xbd,
    0xd6, 0xbd, 0xf7, 0xc5, 0xd6, 0xbd, 0xf7, 0xbd, 0x17, 0xc6, 0xd7, 0xbd,
    0xf7, 0xbd, 0xf7, 0xc5, 0x17, 0xc6, 0x18, 0xc6, 0xf7, 0xc5, 0x17, 0xc6,
    0xf7, 0xc5, 0x38, 0xc6, 0xf7, 0xc5, 0x18, 0xc6, 0x38, 0xc6, 0x17, 0xc6,
    0x18, 0xc6, 0x17, 0xc6, 0xf7, 0xc5, 0x18, 0xc6, 0x17, 0xc6, 0xf7, 0xc5,
    0xf7, 0xc5, 0x18, 0xc6, 0xd6, 0xbd, 0xb6, 0xbd, 0xd6, 0xbd, 0xb6, 0xbd,
    0xb6, 0xb5, 0xb6, 0xbd, 0xd6, 0xbd, 0xd7, 0xbd, 0xd6, 0xbd, 0xd6, 0xbd,
    0xb6, 0xbd, 0xd7, 0xbd, 0xd6, 0xbd, 0xd6, 0xbd, 0xb6, 0xbd, 0xd6, 0xbd,
    0xd6, 0xbd, 0xd7, 0xbd, 0xb6, 0xbd, 0xd6, 0xbd, 0xb6, 0xbd, 0xb6, 0xbd,
    0xd6, 0xbd, 0xb6, 0xbd, 0xd7, 0xbd, 0xd6, 0xbd, 0xd7, 0xbd, 0xd7, 0xc5,
    0xd6, 0xbd, 0xd7, 0xbd, 0xd6, 0xbd, 0xd6, 0xbd, 0xd6, 0xbd, 0xd6, 0xbd,
    0xd6, 0xbd, 0xd6, 0xbd, 0xd6, 0xbd, 0xb6, 0xbd, 0xd6, 0xbd, 0xd6, 0xbd,
    0xd6, 0xbd, 0xd6, 0xbd, 0xf6, 0xc5, 0xd6, 0xbd, 0xf7, 0xbd, 0xf6, 0xc5,
    0x16, 0xc6, 0xd6, 0xc5, 0xb5, 0xbd, 0x95, 0xbd, 0x95, 0xbd, 0xd6, 0xbd,
    0xd6, 0xbd, 0xd6, 0xbd, 0xd6, 0xbd, 0xd6, 0xbd, 0xd6, 0xbd, 0xd7, 0xbd,
    0xf7, 0xc5, 0xd6, 0xbd, 0xd6, 0xbd, 0xd7, 0xbd, 0xf7, 0xbd, 0xd6, 0xbd,
    0xd6, 0xbd, 0xf6, 0xbd, 0xf6, 0xbd, 0xf6, 0xc5, 0xd6, 0xbd, 0xf5, 0xbd,
    0xf6, 0xc5, 0xd5, 0xbd, 0x74, 0xbd, 0x90, 0xa4, 0xed, 0x9b, 0x0b, 0x8b,
    0x89, 0x7a, 0x07, 0x72, 0x83, 0x59, 0xa1, 0x48, 0x60, 0x40, 0x80, 0x48,
    0xa0, 0x50, 0x80, 0x58, 0x02, 0x69, 0x06, 0x62, 0x47, 0x52, 0xe6, 0x61,
    0x81, 0x68, 0x61, 0x58, 0xa1, 0x58, 0xe6, 0x59, 0xc8, 0x62, 0x89, 0x62,
    0x69, 0x5a, 0x68, 0x5a, 0x48, 0x52, 0x47, 0x52, 0x68, 0x52, 0x48, 0x52,
    0x47, 0x52, 0x47, 0x4a, 0x48, 0x52, 0x68, 0x52, 0x47, 0x52, 0x07, 0x4a,
    0x64, 0x31, 0x03, 0x29, 0x81, 0x18, 0x47, 0x4a, 0xa9, 0x5a, 0x68, 0x5a,
    0x89, 0x5a, 0x28, 0x52, 0xe6, 0x41, 0x85, 0x39, 0x85, 0x41, 0xa5, 0x41,
    0x27, 0x52, 0xca, 0x6a, 0xc9, 0x7a, 0x2a, 0x8b, 0x6a, 0x8b, 0x6b, 0x93,
    0xa8, 0x82, 0xe2, 0x70, 0x81, 0x78, 0x81, 0x78, 0xa1, 0x78, 0x81, 0x70,
    0xe2, 0x68, 0xc1, 0x38, 0x88, 0x62, 0xc9, 0x62, 0xca, 0x62, 0xaa, 0x6a,
    0xa9, 0x62, 0x2b, 0x73, 0x2b, 0x73, 0x6c, 0x7b, 0x6c, 0x7b, 0x6c, 0x7b,
    0x4c, 0x7b, 0x2b, 0x73, 0x2b, 0x73, 0x4b, 0x73, 0x47, 0x52, 0xea, 0x6a,
    0x2b, 0x73, 0x6c, 0x7b, 0xad, 0x83, 0x0e, 0x94, 0xcd, 0x83, 0x4b, 0x7b,
    0x2a, 0x83, 0x27, 0x82, 0xa1, 0x30, 0xa2, 0x20, 0xce, 0x8b, 0x13, 0xbd,
    0x6d, 0x83, 0x06, 0x41, 0x67, 0x69, 0x45, 0x92, 0x80, 0xba, 0x20, 0xdb,
    0x44, 0xcb, 0x82, 0xa2, 0x24, 0xbb, 0x40, 0xdb, 0x41, 0xd3, 0x02, 0x9a,
    0x48, 0x82, 0xe4, 0x58, 0x49, 0x72, 0x78, 0xde, 0xf7, 0xcd, 0x17, 0xd6,
    0xf6, 0xcd, 0xf6, 0xc5, 0xf7, 0xcd, 0x33, 0xb5, 0x53, 0xbd, 0x93, 0xcd,
    0xd0, 0xb4, 0xc8, 0x72, 0x94, 0xc5, 0xb4, 0xcd, 0xb4, 0xcd, 0xd5, 0xcd,
    0x16, 0xd6, 0x15, 0xce, 0x16, 0xce, 0xf6, 0xcd, 0x16, 0xce, 0xb5, 0xcd,
    0x94, 0xbd, 0xb0, 0xb4, 0x29, 0x8b, 0x8b, 0x93, 0x93, 0xc5, 0x31, 0xbd,
    0x8f, 0xa4, 0x6f, 0x9c, 0xf5, 0xcd, 0x94, 0xc5, 0xf6, 0xd5, 0xf6, 0xd5,
    0x54, 0xbd, 0x8a, 0x8a, 0xaf, 0xb3, 0xad, 0xbb, 0xaf, 0xc3, 0x6f, 0xc3,
    0xcb, 0x9a, 0x2e, 0xac, 0x58, 0xe6, 0xd5, 0xd5, 0xd5, 0xd5, 0x37, 0xde,
    0xcd, 0x93, 0x43, 0x59, 0x22, 0x71, 0xa7, 0xaa, 0x62, 0x69, 0xe5, 0x71,
    0xa8, 0x72, 0x6c, 0x83, 0x6c, 0x7b, 0x6b, 0x7b, 0x2b, 0x7b, 0x2b, 0x73,
    0x2b, 0x73, 0x2f, 0x94, 0xd2, 0xac, 0xcd, 0x83, 0x4b, 0x6b, 0x8d, 0x7b,
    0x4c, 0x73, 0xb2, 0x9c, 0x95, 0xbd, 0x13, 0xad, 0x13, 0xad, 0xf2, 0xac,
    0xb4, 0xc5, 0x2f, 0x9c, 0x6c, 0x93, 0x54, 0xbd, 0xb6, 0xb5, 0x74, 0xb5,
    0x70, 0x9c, 0xb5, 0xbd, 0x94, 0xbd, 0xcd, 0x83, 0xf6, 0xc5, 0xb5, 0xbd,
    0xd6, 0xc5, 0xb5, 0xbd, 0x54, 0xad, 0x2b, 0x6b, 0x58, 0xce, 0xd6, 0xbd,
    0xf6, 0xc5, 0xf6, 0xc5, 0xf6, 0xbd, 0xf6, 0xc5, 0xf6, 0xc5, 0x16, 0xc6,
    0xf6, 0xbd, 0xf6, 0xc5, 0xf6, 0xbd, 0xf6, 0xc5, 0xd6, 0xbd, 0xf6, 0xc5,
    0xd6, 0xbd, 0xd7, 0xbd, 0xf7, 0xc5, 0xb6, 0xbd, 0x13, 0xa5, 0xd6, 0xbd,
    0xd6, 0xbd, 0xd6, 0xbd, 0xd6, 0xbd, 0xd6, 0xbd, 0xf7, 0xc5, 0xd6, 0xbd,
    0xf7, 0xc5, 0xd7, 0xbd, 0xf7, 0xc5, 0xd6, 0xbd, 0xd7, 0xbd, 0xd6, 0xbd,
    0xd6, 0xbd, 0xd7, 0xbd, 0xd7, 0xc5, 0xd6, 0xbd, 0xb6, 0xbd, 0xf7, 0xbd,
    0xd7, 0xbd, 0xd6, 0xbd, 0xd7, 0xbd, 0xf7, 0xc5, 0xf7, 0xc5, 0x17, 0xc6,
    0xf7, 0xc5, 0x18, 0xc6, 0xf7, 0xc5, 0x18, 0xc6, 0x17, 0xc6, 0x17, 0xc6,
    0x17, 0xc6, 0x18, 0xc6, 0x18, 0xc6, 0x17, 0xc6, 0x17, 0xc6, 0xf7, 0xc5,
    0x18, 0xc6, 0xf7, 0xc5, 0xf7, 0xc5, 0x18, 0xc6, 0xd6, 0xbd, 0xd7, 0xbd,
    0xd7, 0xbd, 0xd7, 0xbd, 0xd7, 0xbd, 0xf7, 0xbd, 0xd7, 0xbd, 0xd7, 0xbd,
    0xd6, 0xbd, 0xd7, 0xbd, 0xd7, 0xbd, 0xd6, 0xbd, 0xd6, 0xbd, 0xd7, 0xbd,
    0xd7, 0xbd, 0xd7, 0xbd, 0xd6, 0xbd, 0xd7, 0xbd, 0xd7, 0xbd, 0xf7, 0xc5,
    0xd7, 0xbd, 0xf7, 0xbd, 0xd7, 0xbd, 0xd7, 0xbd, 0xd7, 0xbd, 0xd7, 0xbd,
    0xd6, 0xbd, 0xd7, 0xbd, 0xd6, 0xbd, 0xf7, 0xc5, 0xf7, 0xc5, 0xd7, 0xbd,
    0xd7, 0xbd, 0xd6, 0xbd, 0xd7, 0xbd, 0xf7, 0xc5, 0xd6, 0xbd, 0xd7, 0xbd,
    0xd6, 0xc5, 0xd6, 0xbd, 0xd7, 0xbd, 0xd6, 0xbd, 0xf6, 0xbd, 0xf6, 0xbd,
    0xd6, 0xbd, 0xf7, 0xbd, 0xd6, 0xbd, 0xf6, 0xbd, 0xd6, 0xc5, 0xf6, 0xc5,
    0xd6, 0xbd, 0xd6, 0xbd, 0xf6, 0xbd, 0xd6, 0xbd, 0xf7, 0xc5, 0xf7, 0xc5,
    0xf7, 0xc5, 0xf7, 0xc5, 0xf7, 0xc5, 0xf7, 0xbd, 0xf7, 0xc5, 0xf7, 0xbd,
    0xf7, 0xbd, 0xf7, 0xbd, 0xf7, 0xc5, 0xf7, 0xbd, 0xf6, 0xbd, 0xf6, 0xc5,
    0xf6, 0xbd, 0xf6, 0xc5, 0xd6, 0xc5, 0xf6, 0xc5, 0xf6, 0xbd, 0x37, 0xc6,
    0x37, 0xc6, 0x38, 0xce, 0x38, 0xce, 0xf7, 0xcd, 0x38, 0xce, 0xf7, 0xcd,
    0xb5, 0xc5, 0x12, 0xad, 0x8d, 0x8b, 0xaa, 0x7a, 0xe6, 0x71, 0x47, 0x62,
    0xa8, 0x62, 0xe2, 0x58, 0xc1, 0x60, 0x02, 0x69, 0xe1, 0x68, 0xa8, 0x62,
    0xa8, 0x5a, 0xa9, 0x62, 0x89, 0x5a, 0x48, 0x52, 0x27, 0x52, 0x27, 0x52,
    0x68, 0x52, 0x68, 0x52, 0x48, 0x52, 0x47, 0x52, 0x48, 0x52, 0x06, 0x4a,
    0x03, 0x29, 0x27, 0x4a, 0xc5, 0x39, 0xc6, 0x41, 0xa9, 0x5a, 0xf6, 0xc5,
    0x99, 0xde, 0xb5, 0xbd, 0x54, 0xb5, 0x13, 0xad, 0x74, 0xb5, 0x8d, 0x7b,
    0xa9, 0x5a, 0xeb, 0x6a, 0x89, 0x5a, 0x85, 0x39, 0x89, 0x62, 0x0a, 0x7b,
    0x4a, 0x8b, 0x4b, 0x8b, 0x8c, 0x8b, 0xe6, 0x81, 0x81, 0x78, 0x81, 0x70,
    0xa1, 0x78, 0x81, 0x78, 0x81, 0x70, 0x22, 0x59, 0xa5, 0x49, 0xaa, 0x62,
    0xca, 0x6a, 0xc9, 0x62, 0xca, 0x6a, 0x0b, 0x6b, 0x0a, 0x73, 0x6c, 0x7b,
    0x8d, 0x83, 0xad, 0x83, 0x6c, 0x7b, 0x6c, 0x7b, 0x6c, 0x7b, 0x8d, 0x83,
    0x68, 0x5a, 0xa9, 0x62, 0x4b, 0x7b, 0xad, 0x83, 0xad, 0x83, 0x2f, 0x94,
    0xee, 0x8b, 0xac, 0x83, 0x8b, 0x83, 0xa8, 0x8a, 0x64, 0x69, 0x81, 0x28,
    0xe7, 0x59, 0x94, 0xcd, 0xf5, 0xd5, 0x87, 0x51, 0xb3, 0xc4, 0xb0, 0xdc,
    0xc5, 0xb2, 0xc2, 0xca, 0x20, 0xd3, 0x21, 0xd3, 0x40, 0xd3, 0x41, 0xd3,
    0x41, 0xb2, 0xec, 0xc3, 0xcf, 0xb3, 0x82, 0x50, 0xd6, 0xd5, 0x37, 0xce,
    0x17, 0xce, 0x17, 0xce, 0xf7, 0xcd, 0xf6, 0xcd, 0xf7, 0xcd, 0x94, 0xc5,
    0x93, 0xbd, 0x94, 0xc5, 0x4e, 0xa4, 0x12, 0xbd, 0x73, 0xc5, 0x94, 0xcd,
    0xb4, 0xcd, 0xf5, 0xcd, 0xf5, 0xcd, 0xf5, 0xcd, 0x16, 0xce, 0x36, 0xd6,
    0xf5, 0xcd, 0x94, 0xc5, 0x16, 0xce, 0xcc, 0x9b, 0xc8, 0x82, 0x31, 0xc5,
    0x72, 0xc5, 0xb4, 0xcd, 0x4e, 0x9c, 0xf2, 0xb4, 0xd5, 0xcd, 0xd5, 0xc5,
    0xf6, 0xd5, 0x16, 0xd6, 0x17, 0xd6, 0x95, 0xcd, 0xce, 0x9b, 0xae, 0x9b,
    0x4c, 0x9b, 0x0e, 0xac, 0x33, 0xc5, 0x57, 0xde, 0xf6, 0xd5, 0xd5, 0xd5,
    0xf5, 0xd5, 0x52, 0xbd, 0xe6, 0x69, 0xa1, 0x58, 0x22, 0x71, 0x05, 0x9a,
    0xe1, 0x58, 0x0a, 0x8b, 0x0a, 0x7b, 0x6c, 0x83, 0x6c, 0x7b, 0x4b, 0x7b,
    0x2b, 0x73, 0x4b, 0x7b, 0x4b, 0x73, 0xd2, 0xa4, 0xf2, 0xa4, 0x2b, 0x6b,
    0x8c, 0x73, 0xae, 0x83, 0x2c, 0x73, 0x13, 0xad, 0x74, 0xbd, 0x74, 0xb5,
    0x33, 0xad, 0xb1, 0xa4, 0xf6, 0xc5, 0x37, 0xc6, 0x0e, 0x9c, 0xee, 0x93,
    0xb6, 0xbd, 0x74, 0xb5, 0x33, 0xb5, 0x94, 0xbd, 0x73, 0xb5, 0xed, 0x8b,
    0xd5, 0xc5, 0x95, 0xbd, 0xd5, 0xbd, 0xb5, 0xbd, 0x74, 0xb5, 0x2b, 0x6b,
    0xd6, 0xc5, 0xf6, 0xc5, 0xf6, 0xc5, 0xf6, 0xc5, 0xf6, 0xc5, 0xf6, 0xc5,
    0xf6, 0xc5, 0xf6, 0xc5, 0xf6, 0xc5, 0xf6, 0xc5, 0xf6, 0xbd, 0xf7, 0xc5,
    0xf6, 0xbd, 0xf6, 0xc5, 0xd7, 0xbd, 0xd6, 0xbd, 0xf6, 0xbd, 0xb6, 0xbd,
    0xd1, 0x9c, 0xd5, 0xbd, 0xd6, 0xbd, 0xd5, 0xbd, 0xd6, 0xbd, 0xd6, 0xbd,
    0xf7, 0xbd, 0xd6, 0xbd, 0xf7, 0xc5, 0xd6, 0xbd, 0xf7, 0xbd, 0xd6, 0xbd,
    0xd7, 0xc5, 0xd6, 0xbd, 0xd6, 0xbd, 0xd7, 0xbd, 0xd6, 0xbd, 0xf7, 0xc5,
    0xd6, 0xbd, 0xd6, 0xbd, 0xf7, 0xc5, 0xd6, 0xbd, 0xd6, 0xbd, 0xf7, 0xc5,
    0xf7, 0xc5, 0xf7, 0xbd, 0x17, 0xc6, 0xf7, 0xc5, 0xf7, 0xc5, 0x17, 0xc6,
    0x18, 0xc6, 0xf7, 0xc5, 0xf7, 0xc5, 0x18, 0xc6, 0xf7, 0xc5, 0xf7, 0xc5,
    0x17, 0xc6, 0xf7, 0xc5, 0x18, 0xc6, 0x17, 0xc6, 0x18, 0xc6, 0x18, 0xc6,
    0xb6, 0xb5, 0xb6, 0xb5, 0xb6, 0xbd, 0xb6, 0xbd, 0xb6, 0xb5, 0xb6, 0xbd,
    0xd6, 0xbd, 0xb6, 0xbd, 0xb6, 0xbd, 0xd7, 0xbd, 0xd6, 0xbd, 0xb6, 0xbd,
    0xb7, 0xbd, 0xd6, 0xbd, 0xd6, 0xbd, 0xd7, 0xbd, 0xd7, 0xbd, 0xd6, 0xbd,
    0xd7, 0xbd, 0xd6, 0xbd, 0xd6, 0xbd, 0xd7, 0xbd, 0xf7, 0xc5, 0xf7, 0xc5,
    0xf7, 0xc5, 0xf6, 0xbd, 0xd7, 0xbd, 0xd7, 0xbd, 0xd6, 0xbd, 0xd6, 0xbd,
    0xd7, 0xbd, 0xd6, 0xbd, 0xd6, 0xbd, 0xd7, 0xbd, 0xd7, 0xc5, 0xd6, 0xbd,
    0xd6, 0xbd, 0xd6, 0xbd, 0xd7, 0xbd, 0xd6, 0xbd, 0xd6, 0xbd, 0xd7, 0xbd,
    0xd7, 0xc5, 0xd6, 0xbd, 0xf6, 0xbd, 0xd6, 0xc5, 0xf6, 0xbd, 0xf7, 0xc5,
    0xf6, 0xbd, 0xd6, 0xbd, 0xd6, 0xbd, 0xf6, 0xbd, 0xd6, 0xbd, 0xf6, 0xc5,
    0xf7, 0xc5, 0xd6, 0xbd, 0xd6, 0xbd, 0xf7, 0xbd, 0xf7, 0xc5, 0xf7, 0xbd,
    0xd6, 0xbd, 0xf7, 0xc5, 0xf7, 0xc5, 0xf7, 0xc5, 0xf7, 0xc5, 0xf7, 0xbd,
    0xd6, 0xbd, 0xd7, 0xc5, 0xd7, 0xbd, 0xd6, 0xbd, 0x16, 0xc6, 0xf6, 0xcd,
    0x17, 0xc6, 0x16, 0xc6, 0xf6, 0xc5, 0xf6, 0xbd, 0xf6, 0xc5, 0xf6, 0xc5,
    0xf6, 0xc5, 0xf6, 0xc5, 0xf6, 0xbd, 0xf6, 0xc5, 0xf6, 0xc5, 0xf6, 0xc5,
    0xd2, 0xac, 0x88, 0x5a, 0x70, 0x9c, 0xb1, 0xa4, 0x6f, 0xa4, 0x43, 0x69,
    0xe2, 0x58, 0xe9, 0x6a, 0x88, 0x5a, 0xc9, 0x5a, 0x68, 0x52, 0x68, 0x52,
    0x88, 0x5a, 0x47, 0x52, 0x48, 0x52, 0x68, 0x52, 0x48, 0x52, 0x47, 0x52,
    0x27, 0x4a, 0xea, 0x62, 0xd6, 0xc5, 0xf6, 0xc5, 0x94, 0xbd, 0xb8, 0xde,
    0x1a, 0xef, 0x98, 0xde, 0x78, 0xde, 0x98, 0xde, 0xb9, 0xde, 0xb9, 0xde,
    0xd9, 0xe6, 0xfa, 0xe6, 0x16, 0xce, 0xf3, 0xac, 0xce, 0x83, 0xce, 0x83,
    0xeb, 0x6a, 0x07, 0x52, 0xea, 0x7a, 0x6b, 0x8b, 0x4b, 0x7b, 0x4b, 0x93,
    0x64, 0x71, 0x81, 0x80, 0x81, 0x78, 0x81, 0x78, 0x81, 0x70, 0x01, 0x69,
    0xe2, 0x40, 0x2b, 0x73, 0xea, 0x6a, 0xca, 0x62, 0x0b, 0x6b, 0xea, 0x6a,
    0x2b, 0x73, 0x6c, 0x7b, 0xee, 0x8b, 0x0e, 0x8c, 0xcd, 0x83, 0x8d, 0x83,
    0x8d, 0x83, 0x8c, 0x83, 0xa9, 0x62, 0xe9, 0x6a, 0x6c, 0x7b, 0xcd, 0x83,
    0xad, 0x83, 0x2f, 0x94, 0x0e, 0x8c, 0x8c, 0x83, 0x8f, 0x9c, 0x8c, 0x9b,
    0x26, 0x9a, 0xc1, 0x48, 0xa2, 0x30, 0x0d, 0x94, 0x16, 0xde, 0x92, 0xb4,
    0x24, 0x51, 0x2f, 0xcc, 0x90, 0xe4, 0xcb, 0xc3, 0x05, 0xcb, 0xa2, 0xca,
    0xe1, 0xc2, 0xc4, 0xba, 0xad, 0xd3, 0xee, 0xd3, 0x24, 0x59, 0x90, 0xb4,
    0x38, 0xd6, 0xf7, 0xcd, 0xf6, 0xc5, 0xd6, 0xcd, 0xd6, 0xcd, 0xd6, 0xcd,
    0x17, 0xce, 0xf6, 0xcd, 0xb4, 0xcd, 0xb4, 0xcd, 0xd5, 0xcd, 0x94, 0xcd,
    0x94, 0xc5, 0xb4, 0xcd, 0xb5, 0xcd, 0xf4, 0xcd, 0xd4, 0xcd, 0x15, 0xce,
    0xf5, 0xcd, 0xf5, 0xcd, 0xb5, 0xc5, 0xd5, 0xcd, 0x11, 0xb5, 0x8b, 0x93,
    0x4a, 0x8b, 0x93, 0xcd, 0x72, 0xc5, 0x32, 0xb5, 0x6f, 0x9c, 0xd4, 0xcd,
    0xd5, 0xcd, 0xf5, 0xcd, 0x16, 0xce, 0x16, 0xd6, 0x16, 0xd6, 0x37, 0xd6,
    0x57, 0xde, 0x57, 0xde, 0x58, 0xde, 0x58, 0xde, 0x37, 0xd6, 0xf6, 0xcd,
    0xf6, 0xd5, 0x16, 0xd6, 0xb4, 0xc5, 0x05, 0x62, 0x44, 0x71, 0xe1, 0x68,
    0x42, 0x79, 0x83, 0x79, 0xe6, 0x69, 0xea, 0x8a, 0x6c, 0x83, 0x8c, 0x7b,
    0x8c, 0x83, 0x2b, 0x73, 0x2b, 0x73, 0x2b, 0x73, 0x91, 0x9c, 0xd2, 0xa4,
    0xd1, 0x9c, 0x4b, 0x6b, 0x8d, 0x7b, 0xce, 0x83, 0x2c, 0x6b, 0x34, 0xad,
    0x74, 0xbd, 0x54, 0xb5, 0xf2, 0xa4, 0x53, 0xb5, 0xb5, 0xbd, 0xf6, 0xc5,
    0x36, 0xce, 0xad, 0x8b, 0x33, 0xad, 0x94, 0xbd, 0x4c, 0x7b, 0xd5, 0xc5,
    0x74, 0xbd, 0x2f, 0x94, 0xd5, 0xbd, 0xb5, 0xb5, 0xb5, 0xbd, 0xb5, 0xbd,
    0x74, 0xb5, 0x2c, 0x73, 0x54, 0xb5, 0xf6, 0xc5, 0xf6, 0xc5, 0xf6, 0xbd,
    0xf6, 0xbd, 0xf6, 0xbd, 0xf6, 0xbd, 0xf6, 0xbd, 0xf6, 0xbd, 0xf6, 0xc5,
    0xf6, 0xbd, 0x16, 0xc6, 0xd6, 0xbd, 0xf6, 0xbd, 0xf7, 0xbd, 0xd6, 0xbd,
    0xf7, 0xc5, 0xf6, 0xc5, 0xb1, 0x9c, 0xb5, 0xbd, 0xd6, 0xbd, 0xd6, 0xbd,
    0xd6, 0xc5, 0xd6, 0xbd, 0xd7, 0xbd, 0xd7, 0xbd, 0xf7, 0xc5, 0xd6, 0xbd,
    0xd6, 0xbd, 0xb6, 0xbd, 0xf7, 0xbd, 0xd6, 0xbd, 0xd6, 0xbd, 0xd7, 0xbd,
    0xd6, 0xbd, 0xf7, 0xc5, 0xd7, 0xbd, 0xd6, 0xbd, 0xf7, 0xc5, 0xd7, 0xbd,
    0xd7, 0xbd, 0xf7, 0xbd, 0xf7, 0xbd, 0xf7, 0xbd, 0xf7, 0xc5, 0xf7, 0xc5,
    0xf7, 0xbd, 0xf7, 0xc5, 0x17, 0xc6, 0xf7, 0xc5, 0x18, 0xc6, 0x17, 0xc6,
    0x17, 0xc6, 0xf7, 0xc5, 0xf7, 0xbd, 0x18, 0xc6, 0xf7, 0xbd, 0x17, 0xc6,
    0xf7, 0xc5, 0x17, 0xc6, 0xb6, 0xbd, 0xb6, 0xbd, 0xd6, 0xbd, 0xd7, 0xbd,
    0xd7, 0xbd, 0xd6, 0xbd, 0xd7, 0xc5, 0xd7, 0xbd, 0xd6, 0xbd, 0xd6, 0xbd,
    0xb6, 0xbd, 0xb6, 0xbd, 0xb6, 0xbd, 0xb6, 0xb5, 0xb6, 0xbd, 0xd6, 0xbd,
    0xd6, 0xbd, 0xf7, 0xc5, 0xd6, 0xbd, 0xd7, 0xbd, 0xd7, 0xc5, 0xd6, 0xbd,
    0xd6, 0xbd, 0xd6, 0xbd, 0xd6, 0xbd, 0xd6, 0xbd, 0xd6, 0xbd, 0xd6, 0xbd,
    0xb6, 0xbd, 0xd7, 0xbd, 0xd6, 0xbd, 0xd6, 0xbd, 0xd7, 0xc5, 0xd6, 0xbd,
    0xd6, 0xbd, 0xd6, 0xbd, 0xd6, 0xbd, 0xd6, 0xbd, 0xd6, 0xbd, 0xd6, 0xbd,
    0xd6, 0xbd, 0xd6, 0xbd, 0xd7, 0xbd, 0xd6, 0xbd, 0xd6, 0xbd, 0xd6, 0xbd,
    0xf7, 0xc5, 0xf7, 0xbd, 0xf6, 0xbd, 0xf6, 0xbd, 0xd6, 0xbd, 0xd6, 0xbd,
    0xd6, 0xbd, 0xd5, 0xbd, 0xb6, 0xbd, 0xd7, 0xbd, 0xf7, 0xbd, 0xf7, 0xc5,
    0xf7, 0xc5, 0xd6, 0xbd, 0xf7, 0xc5, 0xf7, 0xc5, 0x17, 0xc6, 0xf7, 0xc5,
    0xf7, 0xc5, 0xd6, 0xbd, 0xd7, 0xbd, 0xf7, 0xc5, 0xf7, 0xc5, 0xf7, 0xc5,
    0xf6, 0xc5, 0xd6, 0xc5, 0xd5, 0xbd, 0xd6, 0xbd, 0xf6, 0xc5, 0xf6, 0xc5,
    0x16, 0xc6, 0xf6, 0xc5, 0x16, 0xc6, 0xf6, 0xbd, 0xd6, 0xbd, 0xd5, 0xbd,
    0xd6, 0xbd, 0x37, 0xc6, 0xee, 0x7b, 0x89, 0x5a, 0x58, 0xd6, 0x79, 0xd6,
    0x91, 0xac, 0x03, 0x69, 0x84, 0x51, 0xca, 0x62, 0x89, 0x62, 0xa9, 0x5a,
    0x68, 0x52, 0x68, 0x5a, 0x88, 0x52, 0x48, 0x52, 0x48, 0x52, 0x68, 0x52,
    0x47, 0x52, 0x27, 0x4a, 0xa9, 0x5a, 0x13, 0xad, 0x16, 0xc6, 0x16, 0xce,
    0x78, 0xd6, 0x97, 0xde, 0x77, 0xd6, 0x78, 0xd6, 0x78, 0xd6, 0xb8, 0xde,
    0x97, 0xde, 0x97, 0xde, 0x77, 0xd6, 0x77, 0xd6, 0x77, 0xd6, 0x98, 0xde,
    0xd9, 0xe6, 0x53, 0xb5, 0x0e, 0x8c, 0x2b, 0x73, 0x07, 0x52, 0xe9, 0x72,
    0x6b, 0x83, 0x4c, 0x83, 0x0a, 0x83, 0x44, 0x79, 0x41, 0x78, 0xa1, 0x70,
    0x81, 0x78, 0xc2, 0x78, 0x81, 0x48, 0x48, 0x5a, 0xeb, 0x6a, 0xca, 0x62,
    0x0b, 0x6b, 0x0b, 0x6b, 0x4c, 0x7b, 0x6c, 0x7b, 0xee, 0x8b, 0x0e, 0x8c,
    0xce, 0x8b, 0xcd, 0x83, 0xad, 0x83, 0x8c, 0x7b, 0x0a, 0x6b, 0x4b, 0x73,
    0x6c, 0x7b, 0xad, 0x83, 0xcd, 0x83, 0xee, 0x8b, 0x0e, 0x94, 0x8c, 0x83,
    0x6f, 0x9c, 0x73, 0xc5, 0x09, 0xab, 0xa4, 0x91, 0x82, 0x30, 0x03, 0x41,
    0x52, 0xc5, 0x16, 0xde, 0x0f, 0x9c, 0x44, 0x59, 0x2b, 0xab, 0x0f, 0xdc,
    0x70, 0xe4, 0x71, 0xdc, 0x30, 0xdc, 0x2f, 0xdc, 0x8c, 0xc3, 0xc7, 0x81,
    0xce, 0x9b, 0x58, 0xd6, 0xd6, 0xc5, 0xf6, 0xc5, 0xd6, 0xcd, 0xf6, 0xcd,
    0x58, 0xd6, 0x17, 0xd6, 0xf6, 0xcd, 0xf6, 0xcd, 0xb5, 0xcd, 0xd5, 0xcd,
    0xd5, 0xcd, 0xb5, 0xcd, 0xb4, 0xcd, 0xb5, 0xcd, 0xb5, 0xcd, 0xd4, 0xcd,
    0xb4, 0xcd, 0xd5, 0xd5, 0xd4, 0xcd, 0xd4, 0xcd, 0xb4, 0xcd, 0x93, 0xcd,
    0x52, 0xc5, 0x08, 0x93, 0x0d, 0xa4, 0x73, 0xcd, 0x93, 0xcd, 0x8f, 0xac,
    0x52, 0xbd, 0xf4, 0xd5, 0xd4, 0xcd, 0xf6, 0xd5, 0x16, 0xce, 0x16, 0xd6,
    0x16, 0xd6, 0xf6, 0xd5, 0x16, 0xce, 0x16, 0xce, 0x16, 0xce, 0x16, 0xce,
    0x16, 0xd6, 0x17, 0xd6, 0x36, 0xde, 0x32, 0xbd, 0x6c, 0x9b, 0xe1, 0x68,
    0xc1, 0x78, 0x02, 0x79, 0x83, 0x79, 0x63, 0x79, 0x27, 0x7a, 0x88, 0x82,
    0x6c, 0x7b, 0xac, 0x7b, 0x8c, 0x83, 0xea, 0x6a, 0x4b, 0x7b, 0xce, 0x8b,
    0xf2, 0xac, 0xd2, 0xa4, 0x0e, 0x84, 0x0b, 0x6b, 0x8e, 0x73, 0xce, 0x83,
    0x2c, 0x6b, 0x34, 0xb5, 0x33, 0xb5, 0xd2, 0xa4, 0x90, 0x9c, 0xb5, 0xbd,
    0xb5, 0xbd, 0xd5, 0xc5, 0xf6, 0xc5, 0xb5, 0xc5, 0x0f, 0x94, 0x33, 0xad,
    0x2b, 0x7b, 0xd5, 0xc5, 0x94, 0xbd, 0xb1, 0xa4, 0xd5, 0xbd, 0x74, 0xb5,
    0xd5, 0xbd, 0xb5, 0xbd, 0x75, 0xbd, 0x4c, 0x73, 0xf2, 0xa4, 0xf6, 0xc5,
    0xf6, 0xbd, 0xd6, 0xc5, 0xf6, 0xbd, 0xf6, 0xbd, 0xf6, 0xc5, 0xf6, 0xbd,
    0xf6, 0xbd, 0xf6, 0xc5, 0xf6, 0xbd, 0xf6, 0xc5, 0xd6, 0xbd, 0xd6, 0xbd,
    0xd6, 0xbd, 0xd7, 0xbd, 0xf7, 0xc5, 0xd6, 0xc5, 0x95, 0xbd, 0xd6, 0xbd,
    0xb5, 0xbd, 0xd6, 0xbd, 0xd7, 0xbd, 0xd6, 0xbd, 0xf7, 0xc5, 0xd6, 0xbd,
    0xf7, 0xc5, 0xd6, 0xbd, 0xd6, 0xbd, 0xb6, 0xbd, 0xd7, 0xbd, 0xb6, 0xbd,
    0xb6, 0xbd, 0xd6, 0xbd, 0xd6, 0xbd, 0xf7, 0xbd, 0xd6, 0xbd, 0xd6, 0xbd,
    0xd6, 0xbd, 0xd7, 0xbd, 0xd7, 0xbd, 0xd7, 0xc5, 0xd7, 0xbd, 0xd7, 0xbd,
    0xf7, 0xc5, 0xf7, 0xc5, 0xf7, 0xbd, 0xf7, 0xbd, 0x17, 0xc6, 0xf7, 0xc5,
    0x18, 0xc6, 0xf7, 0xc5, 0x17, 0xc6, 0xf7, 0xc5, 0xf7, 0xc5, 0xf7, 0xc5,
    0xf7, 0xbd, 0x17, 0xc6, 0xf7, 0xc5, 0x18, 0xc6, 0xb6, 0xbd, 0xd6, 0xbd,
    0xb6, 0xbd, 0xb6, 0xbd, 0xd6, 0xbd, 0xd6, 0xbd, 0xb6, 0xbd, 0xd6, 0xbd,
    0xd6, 0xbd, 0xb6, 0xbd, 0xb6, 0xbd, 0xd6, 0xbd, 0xb6, 0xb5, 0xb6, 0xbd,
    0xd7, 0xbd, 0xd7, 0xbd, 0xd7, 0xbd, 0xd7, 0xbd, 0xf6, 0xc5, 0xd6, 0xbd,
    0xb6, 0xbd, 0xb6, 0xbd, 0xb6, 0xbd, 0xb6, 0xbd, 0xd7, 0xbd, 0xd7, 0xbd,
    0xd7, 0xc5, 0xd7, 0xc5, 0xd6, 0xbd, 0xd6, 0xbd, 0xd7, 0xbd, 0xd6, 0xbd,
    0xd6, 0xbd, 0xd6, 0xbd, 0xd6, 0xbd, 0xd6, 0xbd, 0xd6, 0xbd, 0xd6, 0xbd,
    0xd6, 0xbd, 0xb6, 0xbd, 0xb6, 0xbd, 0xd6, 0xbd, 0xb6, 0xbd, 0xd6, 0xbd,
    0xd6, 0xbd, 0xf6, 0xc5, 0xf6, 0xbd, 0xd6, 0xbd, 0xd6, 0xbd, 0xf6, 0xc5,
    0xf6, 0xc5, 0xd6, 0xbd, 0xd6, 0xbd, 0xd6, 0xbd, 0xf6, 0xbd, 0xd6, 0xbd,
    0xd6, 0xbd, 0xd6, 0xbd, 0xd6, 0xbd, 0xd6, 0xbd, 0xd6, 0xbd, 0xd6, 0xbd,
    0xf6, 0xbd, 0xd6, 0xbd, 0xd6, 0xbd, 0xd6, 0xbd, 0xd6, 0xbd, 0xd6, 0xbd,
    0xd6, 0xbd, 0xd6, 0xbd, 0xf6, 0xbd, 0xd6, 0xc5, 0xf6, 0xc5, 0xf6, 0xc5,
    0xf6, 0xbd, 0xd6, 0xbd, 0xd6, 0xbd, 0xd5, 0xbd, 0xd6, 0xbd, 0xf6, 0xbd,
    0xf6, 0xbd, 0xd6, 0xc5, 0xd6, 0xbd, 0xb5, 0xbd, 0xea, 0x62, 0x2f, 0x94,
    0x16, 0xc6, 0x57, 0xce, 0x0b, 0x83, 0x43, 0x51, 0x68, 0x62, 0xc9, 0x62,
    0x89, 0x62, 0x89, 0x5a, 0x89, 0x5a, 0x68, 0x52, 0x48, 0x52, 0x48, 0x52,
    0x68, 0x52, 0x68, 0x52, 0x27, 0x4a, 0xe6, 0x41, 0x74, 0xb5, 0xb9, 0xde,
    0x37, 0xce, 0x16, 0xce, 0x37, 0xd6, 0x57, 0xd6, 0x77, 0xd6, 0x77, 0xd6,
    0x98, 0xde, 0x97, 0xde, 0x98, 0xde, 0x98, 0xde, 0x98, 0xde, 0x98, 0xde,
    0x98, 0xde, 0x98, 0xd6, 0x98, 0xd6, 0x98, 0xde, 0xf8, 0xe6, 0x1a, 0xef,
    0x70, 0x94, 0xe6, 0x49, 0x88, 0x6a, 0x4c, 0x83, 0x4c, 0x83, 0xea, 0x8a,
    0xa2, 0x78, 0xa0, 0x70, 0x81, 0x70, 0x81, 0x78, 0x03, 0x71, 0xa1, 0x28,
    0x0b, 0x73, 0xea, 0x6a, 0x0b, 0x6b, 0x4b, 0x73, 0x0a, 0x73, 0xad, 0x83,
    0x4f, 0x94, 0x0f, 0x8c, 0xee, 0x8b, 0xcd, 0x8b, 0xad, 0x83, 0x8c, 0x7b,
    0x2b, 0x73, 0x6c, 0x7b, 0x6c, 0x7b, 0xcd, 0x83, 0xcd, 0x8b, 0xee, 0x8b,
    0x0e, 0x94, 0x6c, 0x7b, 0x2e, 0x94, 0x15, 0xd6, 0xec, 0xb3, 0xc5, 0xa1,
    0x23, 0x69, 0xc2, 0x38, 0xa4, 0x51, 0xf4, 0xd5, 0x77, 0xde, 0x12, 0xbd,
    0x28, 0x7a, 0x28, 0x82, 0x4d, 0xb3, 0x8d, 0xbb, 0x8d, 0xbb, 0x2c, 0xb3,
    0x2c, 0xa3, 0x71, 0xb4, 0x58, 0xd6, 0x17, 0xc6, 0x16, 0xce, 0x16, 0xce,
    0x37, 0xd6, 0x17, 0xd6, 0xb6, 0xc5, 0xd6, 0xcd, 0xf6, 0xcd, 0xf6, 0xcd,
    0xf6, 0xcd, 0xf5, 0xcd, 0xd5, 0xcd, 0xd5, 0xcd, 0xd4, 0xcd, 0xd5, 0xcd,
    0xd4, 0xcd, 0x94, 0xcd, 0xb4, 0xcd, 0xd4, 0xd5, 0xb4, 0xcd, 0xb4, 0xd5,
    0xb4, 0xcd, 0x93, 0xcd, 0x31, 0xc5, 0xa7, 0x82, 0x8e, 0xb4, 0x72, 0xcd,
    0x92, 0xc5, 0xb0, 0xac, 0xf4, 0xd5, 0xd5, 0xd5, 0xf5, 0xcd, 0xf5, 0xd5,
    0xf5, 0xd5, 0x16, 0xd6, 0x15, 0xd6, 0x15, 0xd6, 0x16, 0xce, 0xf6, 0xd5,
    0xd5, 0xd5, 0xb4, 0xcd, 0x73, 0xcd, 0xf1, 0xc4, 0x4b, 0x93, 0x27, 0x7a,
    0x81, 0x60, 0xc1, 0x78, 0xc2, 0x88, 0x43, 0x89, 0x25, 0x92, 0x22, 0x71,
    0xc5, 0x79, 0x68, 0x7a, 0x8d, 0x7b, 0x8c, 0x7b, 0x4b, 0x7b, 0x0a, 0x73,
    0xad, 0x83, 0xb1, 0xa4, 0x91, 0x9c, 0xd2, 0xa4, 0x2b, 0x63, 0xb1, 0x9c,
    0x6d, 0x73, 0xce, 0x83, 0x4c, 0x73, 0x54, 0xb5, 0xd2, 0xa4, 0x70, 0x9c,
    0xb1, 0xa4, 0xb4, 0xbd, 0xd5, 0xc5, 0xd5, 0xc5, 0xd6, 0xc5, 0xf6, 0xc5,
    0x95, 0xbd, 0x94, 0xbd, 0xb1, 0xa4, 0x95, 0xbd, 0x95, 0xbd, 0x54, 0xb5,
    0xb5, 0xbd, 0x33, 0xad, 0xd5, 0xbd, 0xd5, 0xbd, 0x75, 0xbd, 0x4c, 0x73,
    0xd1, 0xa4, 0xf6, 0xc5, 0xd6, 0xbd, 0xd5, 0xbd, 0xd6, 0xbd, 0xd6, 0xbd,
    0xf6, 0xc5, 0xf6, 0xbd, 0xd6, 0xbd, 0xf6, 0xbd, 0xf6, 0xc5, 0xf6, 0xbd,
    0xd6, 0xbd, 0xd6, 0xbd, 0xd6, 0xbd, 0xd7, 0xbd, 0xd6, 0xbd, 0xd6, 0xbd,
    0xd6, 0xbd, 0xd6, 0xbd, 0xb6, 0xbd, 0xd6, 0xbd, 0xd6, 0xbd, 0xd6, 0xbd,
    0xd6, 0xbd, 0xf6, 0xbd, 0xf7, 0xc5, 0xd7, 0xbd, 0xd6, 0xbd, 0xd6, 0xbd,
    0xd6, 0xbd, 0xb6, 0xbd, 0xd6, 0xbd, 0xd6, 0xbd, 0xd7, 0xbd, 0xd6, 0xbd,
    0xd6, 0xbd, 0xd6, 0xbd, 0xd6, 0xbd, 0xd7, 0xbd, 0xd6, 0xbd, 0xf6, 0xc5,
    0xd7, 0xbd, 0xf7, 0xc5, 0xf7, 0xbd, 0xf7, 0xc5, 0xd7, 0xc5, 0xf7, 0xc5,
    0x18, 0xc6, 0xf7, 0xc5, 0x17, 0xc6, 0xf7, 0xc5, 0x18, 0xc6, 0xf7, 0xc5,
    0xd7, 0xbd, 0xf7, 0xc5, 0xf7, 0xc5, 0xf7, 0xc5, 0xf7, 0xc5, 0xf7, 0xc5,
    0xb6, 0xbd, 0xb6, 0xbd, 0xd6, 0xbd, 0xb6, 0xb5, 0xb6, 0xbd, 0xd6, 0xbd,
    0xd7, 0xbd, 0xd7, 0xbd, 0xd6, 0xbd, 0xd6, 0xbd, 0xd7, 0xbd, 0xd7, 0xbd,
    0xd6, 0xbd, 0xb6, 0xbd, 0xb6, 0xbd, 0xb6, 0xbd, 0xd6, 0xbd, 0xb6, 0xbd,
    0xd7, 0xbd, 0xd7, 0xbd, 0xd7, 0xbd, 0xf7, 0xbd, 0xf7, 0xbd, 0xf7, 0xbd,
    0xd6, 0xbd, 0xf7, 0xc5, 0xd6, 0xbd, 0xd6, 0xbd, 0xd6, 0xbd, 0xd6, 0xbd,
    0xb6, 0xbd, 0xb6, 0xbd, 0xb6, 0xbd, 0xb6, 0xbd, 0xb6, 0xbd, 0xb7, 0xbd,
    0xb6, 0xbd, 0xb6, 0xbd, 0xb6, 0xbd, 0xb6, 0xbd, 0xd6, 0xbd, 0xb6, 0xbd,
    0xd5, 0xbd, 0xd6, 0xbd, 0xb6, 0xbd, 0xd6, 0xbd, 0xd6, 0xbd, 0xd6, 0xbd,
    0xd6, 0xbd, 0xd6, 0xbd, 0xb5, 0xbd, 0xb5, 0xbd, 0xb5, 0xbd, 0xb5, 0xbd,
    0xd6, 0xbd, 0xd6, 0xbd, 0xf6, 0xbd, 0xf6, 0xc5, 0xf7, 0xbd, 0xf6, 0xbd,
    0xd6, 0xbd, 0xf6, 0xc5, 0xf6, 0xc5, 0xf7, 0xbd, 0xd6, 0xbd, 0xf6, 0xbd,
    0xd6, 0xbd, 0xd6, 0xbd, 0xf6, 0xbd, 0xf6, 0xbd, 0xf7, 0xbd, 0xf7, 0xbd,
    0xf7, 0xc5, 0xf7, 0xc5, 0x17, 0xc6, 0x17, 0xc6, 0x17, 0xc6, 0xf6, 0xbd,
    0xd6, 0xbd, 0xf6, 0xbd, 0xd6, 0xbd, 0xf6, 0xbd, 0xf6, 0xc5, 0xb1, 0x94,
    0xa9, 0x5a, 0xd6, 0xbd, 0xf6, 0xc5, 0x78, 0xd6, 0x26, 0x62, 0x27, 0x62,
    0x0a, 0x6b, 0xa9, 0x62, 0xa9, 0x62, 0x89, 0x5a, 0x89, 0x5a, 0x48, 0x52,
    0x47, 0x52, 0x47, 0x52, 0x48, 0x52, 0xc6, 0x41, 0x2b, 0x6b, 0xda, 0xe6,
    0x58, 0xd6, 0xf6, 0xc5, 0x37, 0xd6, 0x77, 0xd6, 0x77, 0xd6, 0x77, 0xd6,
    0x78, 0xd6, 0x78, 0xde, 0x78, 0xd6, 0x78, 0xd6, 0x98, 0xd6, 0x78, 0xd6,
    0x78, 0xd6, 0x98, 0xd6, 0xb8, 0xde, 0x98, 0xd6, 0x78, 0xd6, 0x98, 0xd6,
    0x98, 0xd6, 0x77, 0xd6, 0x1a, 0xef, 0x91, 0x9c, 0xa5, 0x41, 0xa9, 0x62,
    0x4b, 0x7b, 0x4c, 0x7b, 0x47, 0x82, 0x81, 0x78, 0x81, 0x78, 0x81, 0x78,
    0xc1, 0x80, 0xc2, 0x48, 0x69, 0x5a, 0x2b, 0x73, 0x0a, 0x63, 0x2b, 0x73,
    0x0a, 0x73, 0x8c, 0x7b, 0x2f, 0x94, 0x0f, 0x8c, 0xee, 0x8b, 0xee, 0x8b,
    0xad, 0x7b, 0xce, 0x83, 0x2b, 0x73, 0xcd, 0x7b, 0x8c, 0x73, 0xee, 0x83,
    0xee, 0x8b, 0xee, 0x8b, 0x2f, 0x94, 0x8c, 0x83, 0xed, 0x8b, 0xd4, 0xcd,
    0xd3, 0xcd, 0x09, 0xab, 0xc5, 0x99, 0xc2, 0x60, 0xa1, 0x40, 0x07, 0x6a,
    0xd5, 0xdd, 0x37, 0xde, 0x58, 0xe6, 0x13, 0xc5, 0x71, 0xbc, 0x91, 0xbc,
    0x13, 0xc5, 0xb5, 0xcd, 0x57, 0xd6, 0x58, 0xd6, 0xf7, 0xcd, 0xf6, 0xcd,
    0xf7, 0xcd, 0x17, 0xce, 0x17, 0xce, 0xf6, 0xc5, 0xf6, 0xcd, 0xf7, 0xcd,
    0xf5, 0xcd, 0xd5, 0xcd, 0xd5, 0xcd, 0xd5, 0xcd, 0xd5, 0xcd, 0xd5, 0xcd,
    0xd4, 0xcd, 0xb4, 0xcd, 0xb3, 0xcd, 0xb4, 0xcd, 0xb4, 0xcd, 0xb4, 0xd5,
    0x94, 0xd5, 0xb4, 0xd5, 0x73, 0xcd, 0x73, 0xcd, 0xef, 0xbc, 0xc7, 0x82,
    0x31, 0xc5, 0x51, 0xcd, 0x31, 0xc5, 0x72, 0xc5, 0xd4, 0xd5, 0xd4, 0xd5,
    0xf5, 0xcd, 0xf5, 0xd5, 0xf5, 0xd5, 0xf5, 0xd5, 0xf5, 0xd5, 0xf5, 0xd5,
    0xf6, 0xcd, 0xb4, 0xd5, 0x52, 0xcd, 0x4f, 0xb4, 0x2a, 0x93, 0x84, 0x69,
    0xe2, 0x68, 0x03, 0x79, 0xe3, 0x78, 0xe2, 0x80, 0x81, 0x80, 0xc4, 0x81,
    0x29, 0xa3, 0xe1, 0x60, 0xe6, 0x81, 0x68, 0x82, 0xad, 0x83, 0x8c, 0x83,
    0x2b, 0x73, 0x0a, 0x73, 0xee, 0x8b, 0xb1, 0xa4, 0xd2, 0xa4, 0x0f, 0x8c,
    0x90, 0x94, 0xd2, 0x9c, 0x6d, 0x73, 0xad, 0x7b, 0x6c, 0x73, 0x34, 0xad,
    0xf3, 0xa4, 0x53, 0xb5, 0x0e, 0x94, 0xb5, 0xbd, 0xd5, 0xc5, 0xd5, 0xc5,
    0xd6, 0xc5, 0xd6, 0xbd, 0xd5, 0xbd, 0xd6, 0xc5, 0xf2, 0xa4, 0xb5, 0xbd,
    0xb5, 0xbd, 0xb5, 0xbd, 0x95, 0xbd, 0x94, 0xb5, 0xd5, 0xbd, 0xd5, 0xbd,
    0x95, 0xbd, 0x2b, 0x73, 0xb1, 0x9c, 0xf6, 0xc5, 0xd6, 0xbd, 0xd5, 0xbd,
    0xf6, 0xc5, 0xd5, 0xbd, 0xf6, 0xbd, 0xd6, 0xbd, 0xf6, 0xc5, 0xf6, 0xbd,
    0xf6, 0xc5, 0xd6, 0xbd, 0xd6, 0xbd, 0xd6, 0xbd, 0xd6, 0xbd, 0xd6, 0xbd,
    0xd6, 0xbd, 0xf7, 0xc5, 0xd7, 0xbd, 0xd6, 0xbd, 0xd6, 0xbd, 0xb6, 0xbd,
    0xd6, 0xbd, 0xd6, 0xbd, 0xd6, 0xbd, 0xd6, 0xbd, 0xd7, 0xbd, 0xd6, 0xbd,
    0xd7, 0xbd, 0xb6, 0xbd, 0xd6, 0xbd, 0xb6, 0xbd, 0xb6, 0xbd, 0xd6, 0xbd,
    0xd7, 0xbd, 0xd6, 0xbd, 0xd7, 0xc5, 0xd7, 0xbd, 0xb6, 0xbd, 0xd6, 0xbd,
    0xd6, 0xbd, 0xd6, 0xbd, 0xd7, 0xbd, 0xf7, 0xbd, 0xd6, 0xbd, 0xf7, 0xc5,
    0xf7, 0xc5, 0xf7, 0xc5, 0xf7, 0xc5, 0xf7, 0xc5, 0x18, 0xc6, 0xf7, 0xc5,
    0x18, 0xce, 0x18, 0xc6, 0xf7, 0xc5, 0xf7, 0xc5, 0xf7, 0xc5, 0x18, 0xc6,
    0xf7, 0xc5, 0xd7, 0xc5, 0xb6, 0xb5, 0xb6, 0xb5, 0xb6, 0xb5, 0xb6, 0xbd,
    0xb6, 0xbd, 0xd6, 0xbd, 0xb6, 0xb5, 0x96, 0xb5, 0xb6, 0xbd, 0xb6, 0xbd,
    0xb6, 0xbd, 0xb6, 0xbd, 0xd6, 0xbd, 0xb6, 0xbd, 0xb6, 0xbd, 0xb6, 0xbd,
    0xb6, 0xbd, 0xd6, 0xbd, 0xb6, 0xbd, 0xb6, 0xbd, 0xd6, 0xbd, 0xd6, 0xbd,
    0xd6, 0xbd, 0xd6, 0xbd, 0xd6, 0xbd, 0xd7, 0xbd, 0xd7, 0xbd, 0xd6, 0xbd,
    0xd7, 0xbd, 0xd6, 0xbd, 0xd6, 0xbd, 0xd7, 0xbd, 0xd6, 0xbd, 0xd6, 0xbd,
    0xd7, 0xbd, 0xd6, 0xbd, 0xb6, 0xb5, 0xb6, 0xbd, 0xb5, 0xb5, 0xd6, 0xbd,
    0xb6, 0xbd, 0xb6, 0xb5, 0xd6, 0xbd, 0xd6, 0xbd, 0xd5, 0xbd, 0xd6, 0xbd,
    0xd6, 0xbd, 0xd6, 0xbd, 0xd6, 0xbd, 0xd6, 0xbd, 0xd6, 0xbd, 0xd6, 0xbd,
    0xd6, 0xbd, 0xd6, 0xbd, 0xd6, 0xbd, 0xd6, 0xbd, 0xb5, 0xbd, 0xb6, 0xbd,
    0xd6, 0xbd, 0xd6, 0xbd, 0xd6, 0xbd, 0xd6, 0xbd, 0xf6, 0xbd, 0xf7, 0xc5,
    0xf6, 0xbd, 0xd6, 0xbd, 0xd6, 0xbd, 0xd6, 0xbd, 0xd6, 0xbd, 0xd6, 0xbd,
    0xd6, 0xbd, 0xd6, 0xbd, 0xf6, 0xbd, 0xf6, 0xbd, 0xf6, 0xbd, 0xf6, 0xc5,
    0xf6, 0xbd, 0xf6, 0xbd, 0xd6, 0xbd, 0xd6, 0xbd, 0xf7, 0xc5, 0xd6, 0xbd,
    0x17, 0xc6, 0x4b, 0x6b, 0x0f, 0x8c, 0xf6, 0xc5, 0xf6, 0xc5, 0x95, 0xc5,
    0x27, 0x62, 0x47, 0x5a, 0xca, 0x6a, 0xca, 0x6a, 0xa9, 0x5a, 0x89, 0x5a,
    0x48, 0x52, 0x48, 0x52, 0x28, 0x52, 0x68, 0x52, 0xe6, 0x41, 0x70, 0x9c,
    0xb9, 0xde, 0xd5, 0xc5, 0xb4, 0xbd, 0x77, 0xd6, 0x57, 0xd6, 0x77, 0xd6,
    0x97, 0xd6, 0x98, 0xde, 0x98, 0xde, 0x77, 0xd6, 0x77, 0xd6, 0x98, 0xde,
    0x98, 0xde, 0x98, 0xde, 0xb8, 0xde, 0x98, 0xd6, 0x98, 0xd6, 0x98, 0xde,
    0x98, 0xde, 0x98, 0xd6, 0x98, 0xd6, 0x78, 0xd6, 0x77, 0xd6, 0x1a, 0xef,
    0x2f, 0x94, 0x48, 0x5a, 0xca, 0x62, 0x2b, 0x73, 0x4b, 0x73, 0x64, 0x79,
    0x80, 0x78, 0x81, 0x78, 0x81, 0x78, 0x81, 0x70, 0x44, 0x51, 0x4c, 0x7b,
    0x0b, 0x6b, 0x4c, 0x73, 0x0a, 0x73, 0x8c, 0x7b, 0x0e, 0x8c, 0x2f, 0x94,
    0x0e, 0x8c, 0xee, 0x8b, 0xce, 0x83, 0xee, 0x8b, 0x2b, 0x73, 0xee, 0x83,
    0xad, 0x7b, 0x0f, 0x8c, 0xee, 0x8b, 0xee, 0x8b, 0x2f, 0x94, 0xad, 0x83,
    0xac, 0x8b, 0x93, 0xc5, 0x15, 0xd6, 0xf1, 0xc4, 0x84, 0x89, 0x43, 0x91,
    0xe1, 0x60, 0xa0, 0x40, 0x64, 0x59, 0xb0, 0xb4, 0x36, 0xde, 0x36, 0xd6,
    0x16, 0xce, 0x16, 0xce, 0x16, 0xce, 0x16, 0xc6, 0xf6, 0xc5, 0xf6, 0xc5,
    0x16, 0xce, 0x37, 0xd6, 0x37, 0xd6, 0x17, 0xce, 0xd6, 0xcd, 0xf6, 0xcd,
    0xd5, 0xcd, 0xb4, 0xcd, 0xb4, 0xcd, 0xd4, 0xcd, 0xb4, 0xcd, 0xd5, 0xcd,
    0xd5, 0xcd, 0xb4, 0xcd, 0xd4, 0xcd, 0xb3, 0xcd, 0xb3, 0xcd, 0x93, 0xcd,
    0x93, 0xcd, 0x93, 0xd5, 0xb3, 0xd5, 0x93, 0xcd, 0x72, 0xcd, 0x52, 0xc5,
    0xae, 0xbc, 0x4e, 0xbc, 0x51, 0xcd, 0x31, 0xcd, 0x10, 0xc5, 0x52, 0xcd,
    0xf4, 0xdd, 0xd4, 0xd5, 0xd4, 0xd5, 0xd4, 0xd5, 0xf5, 0xd5, 0xf5, 0xcd,
    0xf5, 0xd5, 0xf5, 0xd5, 0xf5, 0xd5, 0xd4, 0xd5, 0xd3, 0xd5, 0x72, 0xd5,
    0x31, 0xd5, 0x31, 0xdd, 0xb0, 0xc4, 0x90, 0xcc, 0x26, 0x82, 0xcf, 0xb4,
    0xc5, 0x81, 0x2d, 0xbc, 0x08, 0x93, 0xc1, 0x68, 0xc6, 0x89, 0xa8, 0x82,
    0xac, 0x7b, 0x8c, 0x83, 0x0a, 0x73, 0x0a, 0x6b, 0xee, 0x8b, 0xd1, 0x9c,
    0x12, 0xad, 0xea, 0x5a, 0xd9, 0xde, 0xf2, 0xa4, 0x8e, 0x73, 0x6d, 0x7b,
    0x8d, 0x7b, 0x13, 0xad, 0x13, 0xad, 0xf1, 0xac, 0xa8, 0x8a, 0xf5, 0xc5,
    0xd5, 0xbd, 0xd6, 0xc5, 0xd6, 0xbd, 0xd6, 0xc5, 0xd5, 0xc5, 0xd6, 0xbd,
    0xf2, 0xa4, 0x94, 0xb5, 0x95, 0xbd, 0xb5, 0xbd, 0x95, 0xbd, 0xd5, 0xbd,
    0xb5, 0xbd, 0xb5, 0xbd, 0x94, 0xbd, 0x2b, 0x73, 0xd2, 0xa4, 0xd6, 0xbd,
    0xd5, 0xbd, 0xf6, 0xc5, 0xf6, 0xbd, 0xd5, 0xbd, 0xf6, 0xc5, 0xd5, 0xbd,
    0xf6, 0xc5, 0xf6, 0xc5, 0xf6, 0xbd, 0xd6, 0xbd, 0xd6, 0xbd, 0xd5, 0xbd,
    0xd6, 0xbd, 0xd6, 0xbd, 0xd7, 0xbd, 0xd7, 0xbd, 0xd6, 0xbd, 0xb6, 0xbd,
    0xd6, 0xbd, 0xd6, 0xbd, 0xd6, 0xbd, 0xb5, 0xbd, 0xb6, 0xbd, 0xd6, 0xbd,
    0xd7, 0xbd, 0xd6, 0xbd, 0xd7, 0xbd, 0xb6, 0xbd, 0xd6, 0xbd, 0xd6, 0xbd,
    0xd6, 0xbd, 0xb6, 0xbd, 0xd7, 0xbd, 0xd6, 0xbd, 0xd6, 0xbd, 0xd7, 0xbd,
    0xd6, 0xbd, 0xd7, 0xbd, 0xb6, 0xbd, 0xd7, 0xbd, 0xf7, 0xc5, 0xd7, 0xbd,
    0xd6, 0xbd, 0xf7, 0xc5, 0xd7, 0xbd, 0xf7, 0xc5, 0xf7, 0xc5, 0xd7, 0xc5,
    0x18, 0xc6, 0xf7, 0xc5, 0xf7, 0xc5, 0x17, 0xc6, 0xf7, 0xc5, 0xd7, 0xc5,
    0xf7, 0xc5, 0x18, 0xc6, 0xd7, 0xc5, 0xf7, 0xc5, 0x96, 0xb5, 0x96, 0xb5,
    0x96, 0xb5, 0xb6, 0xbd, 0xb6, 0xbd, 0xb6, 0xb5, 0xb6, 0xbd, 0xb6, 0xbd,
    0xb6, 0xbd, 0xb6, 0xbd, 0xb6, 0xb5, 0xb6, 0xbd, 0xb6, 0xb5, 0xb6, 0xbd,
    0xb6, 0xb5, 0xd6, 0xbd, 0xd6, 0xbd, 0xb6, 0xbd, 0xb6, 0xb5, 0xd6, 0xbd,
    0xb6, 0xbd, 0xd6, 0xbd, 0xd6, 0xbd, 0xb6, 0xbd, 0xb6, 0xbd, 0xd6, 0xbd,
    0xd7, 0xbd, 0xd6, 0xbd, 0xd6, 0xbd, 0xb6, 0xbd, 0xd6, 0xbd, 0xb6, 0xbd,
    0xd6, 0xbd, 0xd6, 0xbd, 0xb6, 0xbd, 0xd6, 0xbd, 0xd6, 0xbd, 0xb6, 0xbd,
    0xd6, 0xbd, 0xd5, 0xbd, 0xb5, 0xb5, 0xb5, 0xb5, 0xb5, 0xbd, 0xb5, 0xbd,
    0xb5, 0xbd, 0xd6, 0xbd, 0xd5, 0xbd, 0xb5, 0xbd, 0xd6, 0xbd, 0xd6, 0xbd,
    0xd6, 0xbd, 0xd6, 0xbd, 0xd6, 0xbd, 0xd6, 0xbd, 0xd6, 0xbd, 0xd6, 0xbd,
    0xd6, 0xbd, 0xd6, 0xbd, 0xd6, 0xbd, 0xd6, 0xbd, 0xd6, 0xbd, 0xd6, 0xbd,
    0xd5, 0xbd, 0xd6, 0xbd, 0xd6, 0xbd, 0xd6, 0xbd, 0xf6, 0xbd, 0xd6, 0xbd,
    0xd6, 0xbd, 0xd6, 0xc5, 0xf6, 0xc5, 0xf6, 0xc5, 0xf7, 0xbd, 0xd6, 0xbd,
    0xf6, 0xbd, 0xd6, 0xbd, 0xd6, 0xbd, 0xd6, 0xbd, 0xd6, 0xbd, 0xd6, 0xbd,
    0xd6, 0xbd, 0xf6, 0xbd, 0x95, 0xb5, 0xca, 0x5a, 0x54, 0xb5, 0xf6, 0xc5,
    0x17, 0xc6, 0x2f, 0x94, 0x47, 0x6a, 0x88, 0x5a, 0xca, 0x6a, 0xca, 0x62,
    0x89, 0x62, 0x69, 0x5a, 0x48, 0x52, 0x48, 0x52, 0x89, 0x52, 0xe6, 0x41,
    0x2c, 0x73, 0x78, 0xd6, 0xb5, 0xbd, 0xd5, 0xc5, 0x36, 0xce, 0x57, 0xd6,
    0x97, 0xde, 0x97, 0xd6, 0x97, 0xde, 0x77, 0xd6, 0x98, 0xd6, 0x98, 0xde,
    0x98, 0xde, 0x98, 0xde, 0x98, 0xde, 0x98, 0xde, 0x98, 0xd6, 0x98, 0xd6,
    0x78, 0xd6, 0x98, 0xde, 0x98, 0xd6, 0xb9, 0xde, 0x98, 0xd6, 0x98, 0xd6,
    0x77, 0xd6, 0x98, 0xde, 0x1a, 0xef, 0x07, 0x52, 0x48, 0x5a, 0xea, 0x72,
    0x0a, 0x73, 0xc9, 0x72, 0xe2, 0x70, 0x81, 0x78, 0xa1, 0x78, 0x81, 0x80,
    0x40, 0x58, 0x89, 0x6a, 0x0b, 0x6b, 0x2b, 0x6b, 0x0b, 0x73, 0x6c, 0x7b,
    0xcd, 0x8b, 0x4f, 0x94, 0x0f, 0x8c, 0x0e, 0x8c, 0x2f, 0x8c, 0xee, 0x83,
    0x6c, 0x7b, 0xed, 0x8b, 0xad, 0x83, 0x50, 0x94, 0xee, 0x8b, 0xed, 0x8b,
    0x0e, 0x94, 0xad, 0x83, 0x8c, 0x83, 0x73, 0xc5, 0xd4, 0xd5, 0x92, 0xbd,
    0x51, 0xcd, 0x63, 0x99, 0x03, 0x99, 0x01, 0x69, 0xa1, 0x50, 0xa0, 0x38,
    0xe9, 0x82, 0xf1, 0xb4, 0xb4, 0xc5, 0x36, 0xd6, 0x15, 0xd6, 0x15, 0xce,
    0x16, 0xce, 0xf6, 0xcd, 0xd5, 0xcd, 0xf6, 0xd5, 0xd1, 0xb4, 0x73, 0xc5,
    0xb4, 0xcd, 0x93, 0xcd, 0xb3, 0xcd, 0xb3, 0xcd, 0xb4, 0xcd, 0xb4, 0xcd,
    0xb4, 0xcd, 0xd4, 0xd5, 0xb4, 0xcd, 0xb4, 0xcd, 0xb4, 0xcd, 0xb4, 0xcd,
    0x73, 0xcd, 0x73, 0xcd, 0x72, 0xcd, 0x72, 0xcd, 0x72, 0xcd, 0x72, 0xcd,
    0x52, 0xcd, 0x51, 0xc5, 0x0c, 0xac, 0xf0, 0xcc, 0x11, 0xcd, 0xf0, 0xc4,
    0x11, 0xcd, 0x8e, 0xbc, 0x93, 0xd5, 0xd4, 0xd5, 0xd4, 0xd5, 0xf4, 0xd5,
    0xf4, 0xd5, 0xf5, 0xd5, 0xd4, 0xd5, 0xd4, 0xcd, 0xd4, 0xd5, 0xd4, 0xd5,
    0x93, 0xd5, 0x72, 0xcd, 0x51, 0xcd, 0x10, 0xc5, 0xf0, 0xbc, 0xaf, 0xbc,
    0x51, 0xd5, 0x92, 0xdd, 0x92, 0xdd, 0x92, 0xdd, 0xa7, 0x92, 0xe2, 0x78,
    0xc5, 0x89, 0xc9, 0x82, 0x8c, 0x7b, 0x4b, 0x7b, 0x0a, 0x73, 0x0b, 0x73,
    0xee, 0x8b, 0xd1, 0x9c, 0x0f, 0x84, 0xb5, 0xb5, 0x78, 0xce, 0x13, 0xa5,
    0x6d, 0x73, 0x8d, 0x7b, 0x8d, 0x7b, 0x54, 0xb5, 0x6f, 0x94, 0xb4, 0xc5,
    0x44, 0x79, 0xf6, 0xcd, 0xd5, 0xbd, 0xd5, 0xc5, 0xd6, 0xbd, 0xd5, 0xbd,
    0xd6, 0xbd, 0xd5, 0xc5, 0x33, 0xad, 0x53, 0xad, 0xb5, 0xbd, 0xd5, 0xbd,
    0xb5, 0xbd, 0xb5, 0xbd, 0xb5, 0xb5, 0xf6, 0xbd, 0xcd, 0x83, 0x8d, 0x7b,
    0x33, 0xad, 0xd6, 0xbd, 0xd5, 0xbd, 0xf6, 0xc5, 0xf6, 0xbd, 0xd6, 0xbd,
    0xf6, 0xc5, 0xd6, 0xbd, 0xf6, 0xbd, 0xd6, 0xbd, 0xf6, 0xbd, 0xd6, 0xbd,
    0xd6, 0xbd, 0xd6, 0xbd, 0xd6, 0xbd, 0xd6, 0xbd, 0xd6, 0xbd, 0xd6, 0xbd,
    0xb6, 0xbd, 0xb6, 0xbd, 0xd6, 0xbd, 0xb6, 0xb5, 0xd5, 0xbd, 0xb5, 0xb5,
    0xb6, 0xbd, 0xd6, 0xbd, 0xd6, 0xbd, 0xd6, 0xbd, 0xd7, 0xbd, 0xd6, 0xbd,
    0xb6, 0xbd, 0xd7, 0xbd, 0xb6, 0xbd, 0xb6, 0xbd, 0xd7, 0xbd, 0xd6, 0xbd,
    0xd6, 0xbd, 0xd6, 0xbd, 0xd6, 0xbd, 0xd7, 0xc5, 0xd6, 0xbd, 0xd6, 0xbd,
    0xd6, 0xbd, 0xd7, 0xbd, 0xd6, 0xbd, 0xf7, 0xc5, 0xd7, 0xbd, 0xd7, 0xbd,
    0xf7, 0xc5, 0xd7, 0xc5, 0xf7, 0xc5, 0xf7, 0xc5, 0xf7, 0xc5, 0xf7, 0xc5,
    0xd7, 0xbd, 0xd7, 0xc5, 0xf7, 0xc5, 0xf7, 0xc5, 0xf7, 0xc5, 0xb6, 0xbd,
    0x96, 0xb5, 0xb6, 0xbd, 0xb6, 0xbd, 0xb6, 0xbd, 0xb6, 0xb5, 0xb6, 0xbd,
    0xb6, 0xb5, 0xb6, 0xbd, 0xb6, 0xb5, 0xb6, 0xb5, 0xb6, 0xbd, 0xd6, 0xbd,
    0xb6, 0xbd, 0xd6, 0xbd, 0xb6, 0xbd, 0xb6, 0xb5, 0xb6, 0xbd, 0xb6, 0xbd,
    0xd6, 0xbd, 0xd6, 0xbd, 0xb6, 0xbd, 0xb6, 0xbd, 0xd6, 0xbd, 0xd7, 0xbd,
    0xd6, 0xbd, 0xd7, 0xbd, 0xf7, 0xc5, 0xd6, 0xbd, 0xd7, 0xbd, 0xd7, 0xbd,
    0xb6, 0xbd, 0xd6, 0xbd, 0xb6, 0xbd, 0xb6, 0xbd, 0xb6, 0xbd, 0xd6, 0xbd,
    0xd6, 0xbd, 0xb6, 0xb5, 0xb6, 0xb5, 0xb5, 0xbd, 0xd6, 0xbd, 0xb5, 0xb5,
    0x95, 0xb5, 0xb5, 0xb5, 0xb5, 0xb5, 0xb5, 0xb5, 0xb6, 0xbd, 0xb5, 0xbd,
    0xd6, 0xbd, 0xd5, 0xbd, 0xd6, 0xbd, 0xd6, 0xbd, 0xd5, 0xbd, 0xd5, 0xbd,
    0xd6, 0xbd, 0xd6, 0xbd, 0xd6, 0xbd, 0xf6, 0xbd, 0xd6, 0xbd, 0xd6, 0xbd,
    0xd5, 0xbd, 0xd6, 0xbd, 0xd6, 0xbd, 0xd6, 0xbd, 0xd6, 0xbd, 0xd6, 0xbd,
    0xd6, 0xbd, 0xd5, 0xbd, 0xd6, 0xbd, 0xd6, 0xbd, 0xd6, 0xbd, 0xd6, 0xbd,
    0xd6, 0xbd, 0xf7, 0xc5, 0xf7, 0xc5, 0xf7, 0xc5, 0xf6, 0xbd, 0xd6, 0xbd,
    0xf6, 0xbd, 0xf7, 0xc5, 0xd6, 0xbd, 0x17, 0xc6, 0x50, 0x8c, 0x2b, 0x6b,
    0x16, 0xc6, 0xf6, 0xc5, 0xd5, 0xbd, 0xee, 0x8b, 0xc9, 0x6a, 0xa9, 0x62,
    0xc9, 0x62, 0xa9, 0x62, 0x89, 0x5a, 0x69, 0x5a, 0x69, 0x52, 0x89, 0x52,
    0xa5, 0x39, 0xa9, 0x5a, 0xf2, 0xa4, 0x16, 0xce, 0xf5, 0xc5, 0x15, 0xc6,
    0x57, 0xd6, 0x97, 0xd6, 0x97, 0xde, 0x98, 0xde, 0x98, 0xde, 0x97, 0xde,
    0x98, 0xde, 0x98, 0xde, 0x78, 0xd6, 0x78, 0xd6, 0x98, 0xd6, 0x98, 0xde,
    0x78, 0xd6, 0x78, 0xd6, 0x78, 0xd6, 0x98, 0xd6, 0x98, 0xd6, 0x98, 0xd6,
    0x98, 0xde, 0x98, 0xd6, 0x98, 0xd6, 0x77, 0xd6, 0xd9, 0xe6, 0x90, 0x9c,
    0xc6, 0x49, 0xca, 0x6a, 0xea, 0x72, 0xea, 0x62, 0x47, 0x72, 0xa1, 0x80,
    0x81, 0x78, 0xa0, 0x78, 0x82, 0x80, 0xa2, 0x50, 0x6c, 0x7b, 0x2c, 0x73,
    0x0b, 0x73, 0x4b, 0x7b, 0xcd, 0x83, 0x70, 0x94, 0x4f, 0x94, 0x2f, 0x94,
    0x2e, 0x8c, 0xee, 0x83, 0xac, 0x83, 0x8c, 0x83, 0xcd, 0x83, 0x90, 0x9c,
    0x0e, 0x8c, 0x0e, 0x8c, 0x0e, 0x94, 0xce, 0x83, 0x6c, 0x7b, 0x73, 0xc5,
    0xb4, 0xcd, 0x93, 0xcd, 0x92, 0xcd, 0xcc, 0xb3, 0xe2, 0x90, 0x02, 0x91,
    0xc1, 0x68, 0xc1, 0x50, 0x60, 0x40, 0xc2, 0x48, 0x43, 0x59, 0x68, 0x82,
    0xca, 0x8a, 0xea, 0x92, 0x8d, 0xa3, 0x4b, 0x93, 0xed, 0xa3, 0x0e, 0xa4,
    0x32, 0xcd, 0x93, 0xd5, 0x72, 0xcd, 0x93, 0xcd, 0x93, 0xcd, 0xb4, 0xd5,
    0xb4, 0xcd, 0xb4, 0xcd, 0xb4, 0xcd, 0xb4, 0xcd, 0xb4, 0xcd, 0xb4, 0xcd,
    0x93, 0xd5, 0x93, 0xcd, 0x73, 0xcd, 0x52, 0xcd, 0x52, 0xcd, 0x52, 0xcd,
    0x51, 0xcd, 0x51, 0xcd, 0x31, 0xcd, 0xcf, 0xbc, 0x2d, 0xb4, 0xd0, 0xcc,
    0xf0, 0xcc, 0xd0, 0xc4, 0xf0, 0xc4, 0xaf, 0xcc, 0xec, 0xab, 0x15, 0xe6,
    0xf4, 0xd5, 0xf4, 0xd5, 0xd4, 0xd5, 0xf4, 0xd5, 0xf4, 0xd5, 0xf4, 0xcd,
    0xd4, 0xd5, 0xd4, 0xd5, 0xb3, 0xd5, 0x92, 0xd5, 0x92, 0xd5, 0x92, 0xd5,
    0xb2, 0xd5, 0xcf, 0xbc, 0x41, 0x49, 0x14, 0xe6, 0xd3, 0xdd, 0x92, 0xd5,
    0x67, 0x8a, 0x23, 0x79, 0x85, 0x89, 0xea, 0x82, 0xad, 0x83, 0x0a, 0x73,
    0x0a, 0x73, 0x0a, 0x73, 0x0f, 0x8c, 0xf2, 0xa4, 0xad, 0x73, 0xba, 0xd6,
    0x78, 0xce, 0xf2, 0xa4, 0x4c, 0x73, 0x4c, 0x73, 0xce, 0x83, 0x95, 0xbd,
    0x2f, 0x8c, 0x15, 0xc6, 0x65, 0x89, 0xd1, 0xbc, 0xf6, 0xc5, 0xd6, 0xc5,
    0xf6, 0xc5, 0xd5, 0xbd, 0xd5, 0xbd, 0xd6, 0xbd, 0x94, 0xb5, 0xf1, 0xa4,
    0xd6, 0xbd, 0xd5, 0xbd, 0xb5, 0xbd, 0xb5, 0xbd, 0xb5, 0xb5, 0x74, 0xb5,
    0x8c, 0x83, 0x4c, 0x73, 0xd6, 0xc5, 0xd5, 0xbd, 0xd6, 0xbd, 0xf6, 0xc5,
    0xf6, 0xbd, 0xd5, 0xbd, 0xf6, 0xbd, 0xd6, 0xbd, 0xf6, 0xc5, 0xd5, 0xbd,
    0xd6, 0xbd, 0xd5, 0xbd, 0xd6, 0xbd, 0xd6, 0xbd, 0xd6, 0xbd, 0xb6, 0xbd,
    0xd6, 0xbd, 0xd6, 0xbd, 0xd5, 0xbd, 0xb5, 0xb5, 0xd6, 0xbd, 0xb6, 0xbd,
    0xd5, 0xbd, 0xb5, 0xb5, 0xb5, 0xbd, 0xd6, 0xbd, 0xd6, 0xbd, 0xb6, 0xbd,
    0xd6, 0xbd, 0xd7, 0xbd, 0xb6, 0xbd, 0xd6, 0xbd, 0xd6, 0xbd, 0xb6, 0xb5,
    0xd7, 0xbd, 0xd6, 0xbd, 0xd6, 0xbd, 0xd6, 0xbd, 0xd7, 0xbd, 0xf7, 0xc5,
    0xb6, 0xbd, 0xd7, 0xbd, 0xb6, 0xbd, 0xd7, 0xbd, 0xb6, 0xbd, 0xf7, 0xc5,
    0xb6, 0xbd, 0xd6, 0xbd, 0xd7, 0xc5, 0xd7, 0xbd, 0xf7, 0xc5, 0xd7, 0xc5,
    0xd7, 0xc5, 0xf7, 0xc5, 0xb6, 0xbd, 0xd7, 0xc5, 0xf7, 0xc5, 0xd7, 0xc5,
    0xf7, 0xc5, 0xd6, 0xbd, 0xb6, 0xb5, 0x95, 0xb5, 0xb6, 0xbd, 0xb6, 0xb5,
    0xb6, 0xb5, 0xb6, 0xbd, 0xb6, 0xb5, 0xb6, 0xb5, 0x95, 0xb5, 0xb6, 0xbd,
    0xb6, 0xb5, 0xb6, 0xb5, 0xd6, 0xbd, 0xb6, 0xbd, 0xb6, 0xbd, 0xb6, 0xbd,
    0xd6, 0xbd, 0xb6, 0xb5, 0xb6, 0xbd, 0xb6, 0xbd, 0xd6, 0xbd, 0xb6, 0xbd,
    0xd6, 0xbd, 0xd6, 0xbd, 0xd6, 0xbd, 0xd6, 0xbd, 0xd6, 0xbd, 0xd6, 0xbd,
    0xd6, 0xbd, 0xd6, 0xbd, 0xd6, 0xbd, 0xd7, 0xbd, 0xd7, 0xbd, 0xd6, 0xbd,
    0xd7, 0xbd, 0xd6, 0xbd, 0xd6, 0xbd, 0xd6, 0xbd, 0xd6, 0xbd, 0xb5, 0xbd,
    0xb5, 0xb5, 0xb5, 0xbd, 0x95, 0xb5, 0xb5, 0xb5, 0xb5, 0xbd, 0xb5, 0xbd,
    0xd5, 0xbd, 0xd6, 0xbd, 0xd6, 0xbd, 0xd5, 0xbd, 0xb5, 0xbd, 0xd5, 0xbd,
    0xd6, 0xbd, 0xd6, 0xbd, 0xd6, 0xbd, 0xd6, 0xbd, 0xd6, 0xbd, 0xd6, 0xbd,
    0xb6, 0xbd, 0xd6, 0xbd, 0xd6, 0xbd, 0xd6, 0xbd, 0xb5, 0xbd, 0xd6, 0xbd,
    0xd6, 0xbd, 0xd6, 0xbd, 0xb5, 0xbd, 0xd6, 0xbd, 0xd6, 0xbd, 0xf6, 0xbd,
    0xf6, 0xc5, 0xf6, 0xc5, 0xf6, 0xbd, 0xd6, 0xbd, 0xd6, 0xbd, 0xf6, 0xbd,
    0xf6, 0xbd, 0xf7, 0xc5, 0xd6, 0xbd, 0xd6, 0xbd, 0xd6, 0xbd, 0xd6, 0xbd,
    0x2b, 0x6b, 0xcd, 0x7b, 0x17, 0xc6, 0xb5, 0xbd, 0x53, 0xad, 0x0e, 0x8c,
    0x88, 0x62, 0xaa, 0x62, 0xca, 0x6a, 0xca, 0x62, 0x89, 0x5a, 0x69, 0x52,
    0x69, 0x52, 0x69, 0x52, 0xa1, 0x18, 0x70, 0x94, 0x37, 0xce, 0xf5, 0xc5,
    0xf5, 0xc5, 0x56, 0xd6, 0x77, 0xd6, 0x97, 0xd6, 0x98, 0xde, 0x57, 0xd6,
    0x77, 0xd6, 0x77, 0xd6, 0x77, 0xd6, 0x77, 0xd6, 0x98, 0xde, 0x98, 0xde,
    0x98, 0xde, 0x98, 0xde, 0xd9, 0xde, 0xb8, 0xde, 0xb9, 0xde, 0x98, 0xd6,
    0x78, 0xd6, 0x78, 0xd6, 0x98, 0xde, 0x98, 0xd6, 0x98, 0xd6, 0x98, 0xd6,
    0x78, 0xd6, 0x1a, 0xef, 0xea, 0x6a, 0x68, 0x5a, 0x0b, 0x6b, 0xca, 0x6a,
    0xe9, 0x62, 0xa5, 0x79, 0x81, 0x80, 0xc1, 0x80, 0x81, 0x88, 0x60, 0x70,
    0xa9, 0x72, 0x4c, 0x73, 0x2b, 0x73, 0x2b, 0x73, 0xad, 0x83, 0x4f, 0x94,
    0x2f, 0x94, 0x0f, 0x8c, 0x2e, 0x8c, 0x0e, 0x8c, 0x4c, 0x7b, 0x4b, 0x7b,
    0xee, 0x8b, 0xd2, 0x9c, 0x0e, 0x94, 0x0e, 0x94, 0x0e, 0x8c, 0xee, 0x8b,
    0x6b, 0x7b, 0x73, 0xc5, 0xd4, 0xcd, 0xb3, 0xcd, 0x72, 0xc5, 0x0d, 0xac,
    0xc8, 0xa2, 0xaa, 0xb3, 0x86, 0xa2, 0xe1, 0x68, 0x63, 0x71, 0x23, 0x71,
    0xe2, 0x70, 0xe2, 0x68, 0x43, 0x71, 0x68, 0x92, 0x6b, 0xab, 0xd0, 0xcc,
    0x52, 0xd5, 0x72, 0xd5, 0x92, 0xd5, 0x72, 0xcd, 0x72, 0xcd, 0x93, 0xcd,
    0xb3, 0xcd, 0xb3, 0xd5, 0xd4, 0xcd, 0xd4, 0xcd, 0xb4, 0xcd, 0x94, 0xcd,
    0xb4, 0xcd, 0x94, 0xcd, 0x93, 0xcd, 0x93, 0xcd, 0x72, 0xcd, 0x73, 0xcd,
    0x52, 0xcd, 0x52, 0xcd, 0x31, 0xcd, 0x31, 0xcd, 0x11, 0xcd, 0xaf, 0xbc,
    0x8f, 0xc4, 0xce, 0xc4, 0xcf, 0xc4, 0xcf, 0xc4, 0xaf, 0xc4, 0xae, 0xc4,
    0x4d, 0xc4, 0xec, 0xb3, 0xb3, 0xd5, 0x14, 0xd6, 0xd4, 0xd5, 0xf5, 0xd5,
    0xf4, 0xd5, 0xd4, 0xd5, 0xd4, 0xd5, 0xd4, 0xd5, 0xb3, 0xcd, 0x92, 0xd5,
    0x92, 0xd5, 0x92, 0xd5, 0x92, 0xd5, 0x92, 0xd5, 0x10, 0xbd, 0x92, 0xdd,
    0x92, 0xdd, 0x92, 0xdd, 0x26, 0x82, 0x84, 0x89, 0x64, 0x89, 0x0a, 0x83,
    0x8d, 0x83, 0x0a, 0x73, 0x0a, 0x73, 0xea, 0x72, 0x0f, 0x94, 0x0e, 0x8c,
    0x54, 0xad, 0xd6, 0xbd, 0xb9, 0xd6, 0x70, 0x8c, 0x4c, 0x73, 0x6c, 0x73,
    0x50, 0x94, 0xb6, 0xbd, 0x2f, 0x8c, 0x15, 0xc6, 0x0b, 0x9b, 0xeb, 0xa2,
    0xf5, 0xc5, 0xd5, 0xc5, 0xd6, 0xbd, 0xd5, 0xbd, 0xb5, 0xbd, 0xd6, 0xbd,
    0xd5, 0xbd, 0xb1, 0x9c, 0xd6, 0xbd, 0xd6, 0xbd, 0xb5, 0xbd, 0xb5, 0xbd,
    0xf6, 0xc5, 0x2b, 0x7b, 0x54, 0xbd, 0x4b, 0x73, 0xf6, 0xc5, 0xf6, 0xc5,
    0xd5, 0xbd, 0xf6, 0xc5, 0xf6, 0xbd, 0xf6, 0xc5, 0xd6, 0xbd, 0xd5, 0xbd,
    0xf6, 0xc5, 0xd5, 0xbd, 0xf6, 0xc5, 0xd6, 0xbd, 0xd6, 0xbd, 0xd6, 0xbd,
    0xd6, 0xbd, 0xd6, 0xbd, 0xd6, 0xbd, 0xb5, 0xbd, 0xd6, 0xbd, 0xd5, 0xbd,
    0xd5, 0xbd, 0xb5, 0xb5, 0xb5, 0xb5, 0xb5, 0xbd, 0xb5, 0xb5, 0xd5, 0xbd,
    0xb6, 0xbd, 0xb6, 0xbd, 0xb6, 0xbd, 0xb6, 0xbd, 0xb6, 0xbd, 0xd6, 0xbd,
    0xb6, 0xbd, 0xb6, 0xbd, 0xd6, 0xbd, 0xd6, 0xbd, 0xb6, 0xbd, 0xd7, 0xc5,
    0xd6, 0xbd, 0xd6, 0xbd, 0xd6, 0xbd, 0xb6, 0xbd, 0xd7, 0xbd, 0xd6, 0xbd,
    0xd6, 0xbd, 0xd7, 0xbd, 0xd6, 0xbd, 0xb6, 0xbd, 0xd7, 0xbd, 0xb6, 0xbd,
    0xd7, 0xc5, 0xd7, 0xbd, 0xd7, 0xc5, 0xf7, 0xc5, 0xd7, 0xc5, 0xd7, 0xbd,
    0xd6, 0xbd, 0xd7, 0xbd, 0xb6, 0xbd, 0xb6, 0xbd, 0x75, 0xb5, 0x95, 0xb5,
    0x96, 0xb5, 0xb6, 0xbd, 0xb6, 0xbd, 0xb6, 0xbd, 0xb6, 0xbd, 0xb6, 0xbd,
    0xb6, 0xbd, 0xb6, 0xbd, 0xb6, 0xbd, 0xb6, 0xbd, 0xb6, 0xb5, 0xb6, 0xb5,
    0xd6, 0xbd, 0xd6, 0xbd, 0xb6, 0xbd, 0xb6, 0xbd, 0xd6, 0xbd, 0xd6, 0xbd,
    0xd7, 0xbd, 0xd7, 0xbd, 0xd6, 0xbd, 0xb6, 0xbd, 0xd7, 0xbd, 0xd7, 0xbd,
    0xd7, 0xbd, 0xd7, 0xc5, 0xd6, 0xbd, 0xb6, 0xbd, 0xd6, 0xbd, 0xb6, 0xbd,
    0xd6, 0xbd, 0xb6, 0xbd, 0xb6, 0xbd, 0xb6, 0xb5, 0xb5, 0xb5, 0xb5, 0xbd,
    0xb5, 0xb5, 0xb5, 0xb5, 0xb5, 0xbd, 0xb5, 0xb5, 0xb6, 0xbd, 0xb6, 0xbd,
    0xb6, 0xbd, 0xb6, 0xbd, 0xb6, 0xb5, 0xb6, 0xb5, 0xb5, 0xb5, 0xd6, 0xbd,
    0xd6, 0xbd, 0xd6, 0xbd, 0xd6, 0xbd, 0xd6, 0xbd, 0xd6, 0xbd, 0xd5, 0xbd,
    0xd6, 0xbd, 0xb6, 0xbd, 0xd6, 0xbd, 0xd6, 0xbd, 0xb5, 0xbd, 0xd6, 0xbd,
    0xd6, 0xbd, 0xd5, 0xbd, 0xb5, 0xbd, 0xd6, 0xbd, 0xd6, 0xbd, 0xd6, 0xbd,
    0xd6, 0xbd, 0xd6, 0xbd, 0xd6, 0xbd, 0xf6, 0xbd, 0xd6, 0xbd, 0xf6, 0xbd,
    0xf6, 0xbd, 0xd6, 0xbd, 0xd6, 0xbd, 0xd6, 0xbd, 0xd6, 0xbd, 0xd6, 0xbd,
    0x17, 0xc6, 0xb1, 0x94, 0xcd, 0x7b, 0x0f, 0x84, 0xd6, 0xbd, 0x54, 0xb5,
    0x95, 0xb5, 0x4b, 0x73, 0xc9, 0x62, 0xa9, 0x5a, 0x2b, 0x6b, 0x68, 0x5a,
    0xaa, 0x5a, 0x68, 0x5a, 0x69, 0x52, 0xe7, 0x41, 0xad, 0x7b, 0xf6, 0xc5,
    0xf5, 0xc5, 0xd5, 0xc5, 0x56, 0xd6, 0x97, 0xd6, 0x56, 0xd6, 0x56, 0xd6,
    0x56, 0xd6, 0x57, 0xce, 0x77, 0xd6, 0x77, 0xd6, 0x78, 0xd6, 0x77, 0xd6,
    0x57, 0xd6, 0x78, 0xd6, 0x78, 0xd6, 0x78, 0xd6, 0x57, 0xd6, 0x78, 0xd6,
    0x98, 0xd6, 0x98, 0xd6, 0x98, 0xd6, 0x98, 0xd6, 0xb8, 0xde, 0x98, 0xde,
    0x98, 0xde, 0x98, 0xde, 0x98, 0xde, 0x98, 0xd6, 0x2e, 0x8c, 0x68, 0x5a,
    0xeb, 0x72, 0xca, 0x6a, 0xca, 0x6a, 0xa8, 0x6a, 0x43, 0x79, 0xc1, 0x88,
    0x02, 0x81, 0x43, 0x81, 0x65, 0x61, 0x6c, 0x73, 0x4b, 0x73, 0xea, 0x6a,
    0x6c, 0x7b, 0x4f, 0x94, 0x2f, 0x94, 0x2f, 0x94, 0x2f, 0x94, 0x0e, 0x8c,
    0x4c, 0x83, 0x09, 0x73, 0xcd, 0x83, 0xd2, 0xa4, 0x2f, 0x94, 0x0e, 0x8c,
    0x0e, 0x94, 0xee, 0x8b, 0x8c, 0x83, 0x32, 0xb5, 0xb4, 0xcd, 0xd4, 0xcd,
    0x52, 0xc5, 0xb3, 0xcd, 0x72, 0xdd, 0x31, 0xcd, 0xe4, 0x81, 0x66, 0x92,
    0x2d, 0xc4, 0x4a, 0xab, 0x87, 0xa2, 0x8b, 0xb3, 0x4d, 0xbc, 0xcf, 0xcc,
    0x51, 0xd5, 0x51, 0xd5, 0x51, 0xcd, 0x51, 0xcd, 0x51, 0xcd, 0x72, 0xd5,
    0x92, 0xd5, 0xb2, 0xcd, 0xb3, 0xcd, 0xb3, 0xd5, 0xb4, 0xcd, 0xb4, 0xcd,
    0xb3, 0xcd, 0xb3, 0xcd, 0x94, 0xd5, 0xb4, 0xd5, 0x93, 0xcd, 0x93, 0xcd,
    0x72, 0xcd, 0x52, 0xcd, 0x52, 0xcd, 0x52, 0xcd, 0x51, 0xcd, 0x31, 0xcd,
    0x10, 0xc5, 0x8e, 0xc4, 0xae, 0xc4, 0xae, 0xc4, 0xaf, 0xc4, 0x8e, 0xc4,
    0x8e, 0xc4, 0x8e, 0xcc, 0x6e, 0xc4, 0x2d, 0xc4, 0xac, 0xab, 0x11, 0xbd,
    0x55, 0xde, 0xf5, 0xd5, 0xd4, 0xd5, 0xf4, 0xcd, 0xd4, 0xcd, 0xd4, 0xcd,
    0xb3, 0xd5, 0x92, 0xd5, 0x72, 0xcd, 0x92, 0xd5, 0x72, 0xd5, 0x52, 0xcd,
    0x72, 0xd5, 0x51, 0xd5, 0xcf, 0xbc, 0xd3, 0xdd, 0xc4, 0x81, 0x64, 0x89,
    0x44, 0x89, 0x2a, 0x93, 0x8c, 0x73, 0x2b, 0x73, 0x0a, 0x73, 0xea, 0x72,
    0x0f, 0x94, 0xad, 0x7b, 0xd2, 0x9c, 0xd6, 0xbd, 0x78, 0xd6, 0x6c, 0x73,
    0x4c, 0x6b, 0x6d, 0x7b, 0xb1, 0x9c, 0x13, 0xad, 0xb0, 0x9c, 0x15, 0xce,
    0x73, 0xc5, 0x03, 0x71, 0x35, 0xce, 0xb6, 0xc5, 0xd6, 0xbd, 0xd5, 0xbd,
    0xb5, 0xbd, 0xd6, 0xbd, 0xb5, 0xbd, 0xd1, 0xa4, 0xd5, 0xbd, 0xd6, 0xbd,
    0xd5, 0xbd, 0xb5, 0xbd, 0xb5, 0xc5, 0xa9, 0x7a, 0x94, 0xbd, 0x8d, 0x7b,
    0x17, 0xc6, 0xd5, 0xbd, 0xd6, 0xbd, 0xd6, 0xc5, 0xd5, 0xbd, 0xd6, 0xbd,
    0xd5, 0xbd, 0xd5, 0xbd, 0xf6, 0xbd, 0xd6, 0xbd, 0xf6, 0xbd, 0xd5, 0xbd,
    0xd6, 0xbd, 0xd5, 0xbd, 0xd6, 0xbd, 0xb6, 0xbd, 0xd6, 0xbd, 0xb6, 0xbd,
    0xb6, 0xb5, 0xb5, 0xbd, 0xb5, 0xbd, 0xb5, 0xb5, 0xd5, 0xbd, 0xd5, 0xbd,
    0xb5, 0xb5, 0xb6, 0xbd, 0xb6, 0xbd, 0xd6, 0xbd, 0xb6, 0xbd, 0xd6, 0xbd,
    0xb6, 0xbd, 0xd7, 0xbd, 0x95, 0xb5, 0xb6, 0xbd, 0xd6, 0xbd, 0xb6, 0xbd,
    0xd7, 0xbd, 0xd6, 0xbd, 0xd7, 0xbd, 0xd7, 0xbd, 0xd6, 0xbd, 0xb6, 0xbd,
    0xd6, 0xbd, 0xb6, 0xbd, 0xb6, 0xbd, 0xd6, 0xbd, 0xb7, 0xbd, 0xb6, 0xbd,
    0xb6, 0xbd, 0xd6, 0xbd, 0xd6, 0xbd, 0xd6, 0xbd, 0xd7, 0xbd, 0xf7, 0xc5,
    0xf7, 0xc5, 0xd6, 0xc5, 0xd6, 0xbd, 0xd7, 0xc5, 0xd6, 0xbd, 0xd6, 0xbd,
    0x75, 0xb5, 0x95, 0xb5, 0xb6, 0xbd, 0xb6, 0xbd, 0xb6, 0xb5, 0xb6, 0xbd,
    0xb6, 0xbd, 0xb6, 0xbd, 0xb6, 0xb5, 0xb6, 0xbd, 0xb5, 0xb5, 0x95, 0xb5,
    0xb6, 0xbd, 0xb6, 0xbd, 0x96, 0xb5, 0xb6, 0xbd, 0xb6, 0xb5, 0xb6, 0xbd,
    0xb6, 0xb5, 0xb6, 0xbd, 0xb6, 0xbd, 0xb6, 0xbd, 0xb6, 0xbd, 0xb6, 0xbd,
    0xd6, 0xbd, 0xb6, 0xbd, 0xd6, 0xbd, 0xd6, 0xbd, 0xd6, 0xbd, 0xb6, 0xbd,
    0xb6, 0xbd, 0xb6, 0xbd, 0xb6, 0xbd, 0xb6, 0xb5, 0xb6, 0xbd, 0xb6, 0xbd,
    0xb5, 0xb5, 0xb5, 0xb5, 0x95, 0xb5, 0x95, 0xb5, 0x95, 0xb5, 0xb5, 0xb5,
    0x96, 0xb5, 0xb6, 0xb5, 0xb6, 0xbd, 0xb6, 0xb5, 0xb6, 0xbd, 0xb6, 0xbd,
    0xd5, 0xbd, 0xb5, 0xb5, 0xb5, 0xb5, 0xb6, 0xb5, 0xb6, 0xbd, 0xb6, 0xbd,
    0xd6, 0xbd, 0xd5, 0xbd, 0xb5, 0xb5, 0xd5, 0xbd, 0xb5, 0xb5, 0xb5, 0xbd,
    0xd6, 0xbd, 0xd5, 0xbd, 0xd6, 0xbd, 0xb5, 0xb5, 0xd6, 0xbd, 0xd6, 0xbd,
    0xf6, 0xbd, 0xd6, 0xbd, 0xd5, 0xbd, 0xf6, 0xc5, 0xf6, 0xbd, 0xd6, 0xbd,
    0xf6, 0xc5, 0xf6, 0xc5, 0xf7, 0xc5, 0xf7, 0xc5, 0xf7, 0xc5, 0xd6, 0xbd,
    0xd6, 0xbd, 0xd6, 0xbd, 0x74, 0xb5, 0x70, 0x94, 0x0f, 0x84, 0xad, 0x7b,
    0x74, 0xad, 0xb5, 0xbd, 0x91, 0x9c, 0xa9, 0x62, 0xca, 0x62, 0xa9, 0x62,
    0xa9, 0x5a, 0x89, 0x5a, 0xa9, 0x5a, 0x68, 0x5a, 0xe8, 0x49, 0x69, 0x52,
    0xf5, 0xc5, 0xf5, 0xc5, 0xd5, 0xc5, 0x15, 0xce, 0x36, 0xce, 0x37, 0xce,
    0x56, 0xd6, 0x57, 0xd6, 0x77, 0xd6, 0x57, 0xd6, 0x57, 0xd6, 0x57, 0xd6,
    0x77, 0xd6, 0x78, 0xd6, 0x98, 0xde, 0x98, 0xd6, 0x78, 0xd6, 0x78, 0xd6,
    0x78, 0xde, 0x78, 0xd6, 0x78, 0xd6, 0x78, 0xd6, 0x98, 0xd6, 0x99, 0xde,
    0x78, 0xde, 0x98, 0xd6, 0xb9, 0xde, 0x98, 0xde, 0x57, 0xd6, 0xb8, 0xde,
    0x0e, 0x8c, 0xa4, 0x41, 0x8c, 0x7b, 0xca, 0x6a, 0xea, 0x62, 0xc9, 0x62,
    0x67, 0x72, 0x03, 0x89, 0x22, 0x91, 0x84, 0x91, 0xca, 0x8a, 0x88, 0x6a,
    0x8c, 0x7b, 0x0a, 0x73, 0x0e, 0x94, 0x2f, 0x94, 0x2f, 0x94, 0x2f, 0x94,
    0x0e, 0x8c, 0x0e, 0x94, 0x0a, 0x8b, 0xa9, 0x72, 0x8b, 0x7b, 0xb1, 0x9c,
    0x4f, 0x94, 0x0e, 0x8c, 0x0e, 0x8c, 0xee, 0x8b, 0xac, 0x83, 0xb1, 0xac,
    0xb4, 0xcd, 0xb4, 0xcd, 0x93, 0xcd, 0x92, 0xcd, 0x92, 0xd5, 0x72, 0xd5,
    0x92, 0xd5, 0xb3, 0xdd, 0x10, 0xc5, 0x10, 0xcd, 0xcb, 0xab, 0xef, 0xc4,
    0x10, 0xcd, 0x10, 0xcd, 0xf0, 0xcc, 0x30, 0xcd, 0x71, 0xd5, 0x72, 0xd5,
    0x91, 0xd5, 0x71, 0xd5, 0x72, 0xd5, 0xb2, 0xcd, 0xb3, 0xd5, 0xb3, 0xcd,
    0xb3, 0xcd, 0xb3, 0xcd, 0xb3, 0xcd, 0xb3, 0xcd, 0xb3, 0xcd, 0xb3, 0xd5,
    0x93, 0xd5, 0x73, 0xcd, 0x73, 0xcd, 0x73, 0xcd, 0x72, 0xcd, 0x52, 0xcd,
    0x31, 0xcd, 0x30, 0xc5, 0xcf, 0xc4, 0x6e, 0xc4, 0x8e, 0xc4, 0x8e, 0xc4,
    0x8e, 0xcc, 0x8e, 0xcc, 0x8e, 0xc4, 0x8e, 0xc4, 0x6e, 0xc4, 0x6d, 0xc4,
    0x6e, 0xc4, 0x2d, 0xb4, 0xec, 0xa3, 0xb3, 0xcd, 0x15, 0xd6, 0xd4, 0xd5,
    0xd4, 0xcd, 0xb4, 0xcd, 0xb3, 0xd5, 0x92, 0xd5, 0x92, 0xd5, 0x72, 0xd5,
    0x51, 0xd5, 0x51, 0xd5, 0x51, 0xd5, 0x51, 0xd5, 0x71, 0xcd, 0x92, 0xdd,
    0x63, 0x79, 0x65, 0x91, 0x44, 0x91, 0x27, 0x92, 0x8c, 0x7b, 0x2b, 0x73,
    0x0a, 0x73, 0x0a, 0x73, 0x6c, 0x7b, 0xce, 0x83, 0x4c, 0x73, 0x30, 0x94,
    0x0e, 0x84, 0x2b, 0x6b, 0x8d, 0x73, 0xae, 0x83, 0xb1, 0x9c, 0x0f, 0x8c,
    0x53, 0xb5, 0xd5, 0xc5, 0x16, 0xd6, 0x64, 0x79, 0x52, 0xc5, 0xb6, 0xc5,
    0xd5, 0xbd, 0xb5, 0xbd, 0xd6, 0xbd, 0xd5, 0xbd, 0xb5, 0xbd, 0xb0, 0x9c,
    0xd6, 0xbd, 0xd6, 0xbd, 0xd5, 0xbd, 0xf6, 0xc5, 0x4b, 0x83, 0x54, 0xc5,
    0xd1, 0xa4, 0x4f, 0x94, 0xd5, 0xc5, 0xd6, 0xbd, 0xd6, 0xbd, 0xd5, 0xbd,
    0xd5, 0xbd, 0xf6, 0xbd, 0xd6, 0xbd, 0xd6, 0xbd, 0xd5, 0xbd, 0xd5, 0xbd,
    0xd6, 0xbd, 0xb5, 0xbd, 0xd6, 0xbd, 0xd5, 0xbd, 0xb5, 0xbd, 0xb5, 0xb5,
    0xd6, 0xbd, 0xd6, 0xbd, 0xd5, 0xbd, 0xb5, 0xb5, 0xb6, 0xbd, 0xd6, 0xbd,
    0xb6, 0xbd, 0xb6, 0xbd, 0xb5, 0xb5, 0xd6, 0xbd, 0xb6, 0xbd, 0xd6, 0xbd,
    0xb6, 0xb5, 0xb6, 0xbd, 0xb6, 0xbd, 0xb6, 0xb5, 0x75, 0xad, 0xd6, 0xbd,
    0xb6, 0xbd, 0xb6, 0xbd, 0xd7, 0xbd, 0xb6, 0xbd, 0xb6, 0xbd, 0xd6, 0xbd,
    0xd6, 0xbd, 0xd6, 0xbd, 0xb6, 0xbd, 0xb6, 0xb5, 0xd6, 0xbd, 0xb6, 0xbd,
    0xd6, 0xbd, 0xb6, 0xbd, 0xb6, 0xbd, 0xd6, 0xbd, 0xd6, 0xbd, 0xd6, 0xbd,
    0xd6, 0xc5, 0xd7, 0xbd, 0xf7, 0xbd, 0xd6, 0xc5, 0xf7, 0xc5, 0xd6, 0xbd,
    0xd6, 0xbd, 0xb5, 0xbd, 0x95, 0xb5, 0x96, 0xb5, 0xb5, 0xb5, 0xb6, 0xbd,
    0xb6, 0xb5, 0xb5, 0xb5, 0xb6, 0xbd, 0xb6, 0xb5, 0xb5, 0xb5, 0xb6, 0xbd,
    0xb6, 0xbd, 0xb6, 0xbd, 0xb6, 0xb5, 0xb6, 0xb5, 0xb6, 0xbd, 0xb6, 0xbd,
    0xd6, 0xbd, 0xd6, 0xbd, 0xb6, 0xbd, 0xd6, 0xbd, 0xb6, 0xbd, 0xd6, 0xbd,
    0xb6, 0xb5, 0xb6, 0xbd, 0xb6, 0xbd, 0xd6, 0xbd, 0xb6, 0xbd, 0xb6, 0xbd,
    0xd6, 0xbd, 0xd6, 0xbd, 0xb6, 0xbd, 0xd6, 0xbd, 0xb6, 0xbd, 0xb6, 0xbd,
    0xb6, 0xb5, 0xb6, 0xbd, 0xb5, 0xbd, 0xb6, 0xbd, 0xb5, 0xb5, 0xb5, 0xb5,
    0xb5, 0xbd, 0xb5, 0xb5, 0xb6, 0xbd, 0xb6, 0xbd, 0xb5, 0xb5, 0xb6, 0xbd,
    0xb6, 0xb5, 0x95, 0xb5, 0xb5, 0xbd, 0xb5, 0xbd, 0xb5, 0xb5, 0xb5, 0xb5,
    0xb6, 0xbd, 0xd6, 0xbd, 0xd5, 0xb5, 0xd6, 0xbd, 0xd6, 0xbd, 0xb6, 0xbd,
    0xd5, 0xbd, 0xd6, 0xbd, 0xd6, 0xbd, 0xd6, 0xbd, 0xd5, 0xbd, 0xb6, 0xbd,
    0xd6, 0xbd, 0xd6, 0xbd, 0xb5, 0xbd, 0xd5, 0xbd, 0xf6, 0xbd, 0xf6, 0xc5,
    0x17, 0xc6, 0xf7, 0xc5, 0x95, 0xb5, 0x33, 0xa5, 0x33, 0xa5, 0x33, 0xad,
    0x34, 0xad, 0x55, 0xb5, 0x33, 0xad, 0xf2, 0xa4, 0x2f, 0x8c, 0x4f, 0x8c,
    0x90, 0x94, 0xb1, 0x9c, 0x90, 0x9c, 0x70, 0x94, 0x0a, 0x6b, 0xea, 0x6a,
    0xc9, 0x62, 0xa9, 0x62, 0x88, 0x5a, 0x68, 0x52, 0x69, 0x52, 0x68, 0x52,
    0x03, 0x29, 0xf2, 0xa4, 0xb3, 0xbd, 0xd5, 0xc5, 0xd4, 0xbd, 0x36, 0xce,
    0x36, 0xce, 0x77, 0xd6, 0x77, 0xd6, 0x77, 0xd6, 0x57, 0xd6, 0x57, 0xd6,
    0x57, 0xd6, 0x57, 0xd6, 0x57, 0xd6, 0x77, 0xd6, 0x37, 0xd6, 0x78, 0xd6,
    0x98, 0xde, 0x78, 0xd6, 0xda, 0xe6, 0xfa, 0xe6, 0x98, 0xde, 0x78, 0xd6,
    0x78, 0xd6, 0x78, 0xd6, 0x78, 0xde, 0x78, 0xd6, 0x98, 0xd6, 0x77, 0xd6,
    0x77, 0xd6, 0x98, 0xde, 0x79, 0xde, 0xd1, 0xa4, 0xa9, 0x72, 0x0b, 0x73,
    0xea, 0x6a, 0xea, 0x62, 0xc9, 0x62, 0xe6, 0x79, 0x02, 0x91, 0x22, 0x89,
    0xc9, 0x8a, 0xac, 0x8b, 0x6c, 0x7b, 0x6c, 0x7b, 0xd1, 0xa4, 0x0e, 0x8c,
    0x0f, 0x8c, 0x0f, 0x8c, 0xee, 0x8b, 0xcd, 0x93, 0xa8, 0x82, 0x88, 0x72,
    0x4b, 0x73, 0x0f, 0x94, 0x70, 0x94, 0x0e, 0x8c, 0x0e, 0x8c, 0xcd, 0x83,
    0xad, 0x83, 0x6f, 0xa4, 0xd4, 0xcd, 0xd4, 0xcd, 0xb3, 0xcd, 0x72, 0xcd,
    0x92, 0xd5, 0x72, 0xd5, 0x72, 0xd5, 0x52, 0xd5, 0x31, 0xd5, 0x51, 0xd5,
    0x51, 0xd5, 0x31, 0xd5, 0x51, 0xcd, 0x71, 0xd5, 0x71, 0xd5, 0x72, 0xd5,
    0x51, 0xd5, 0x51, 0xcd, 0x71, 0xd5, 0x71, 0xd5, 0x52, 0xd5, 0x72, 0xcd,
    0x92, 0xcd, 0x93, 0xcd, 0xb3, 0xcd, 0xb3, 0xd5, 0xb3, 0xd5, 0xb4, 0xcd,
    0xb4, 0xcd, 0x93, 0xd5, 0x93, 0xcd, 0x73, 0xcd, 0x72, 0xcd, 0x73, 0xcd,
    0x72, 0xcd, 0x51, 0xcd, 0x52, 0xcd, 0x31, 0xc5, 0x6e, 0xbc, 0xae, 0xcc,
    0x8e, 0xc4, 0x8e, 0xc4, 0x8e, 0xc4, 0xae, 0xcc, 0x8e, 0xc4, 0x6e, 0xc4,
    0x8e, 0xc4, 0x8e, 0xc4, 0x8e, 0xc4, 0x8e, 0xc4, 0x8f, 0xc4, 0x09, 0x83,
    0x53, 0xbd, 0xd4, 0xd5, 0xd4, 0xd5, 0xd3, 0xcd, 0xb3, 0xcd, 0x93, 0xd5,
    0x92, 0xd5, 0x72, 0xd5, 0x51, 0xd5, 0x51, 0xd5, 0x51, 0xd5, 0x51, 0xd5,
    0x51, 0xd5, 0x51, 0xd5, 0x84, 0x81, 0x84, 0x89, 0x45, 0x91, 0xa5, 0x89,
    0x2b, 0x7b, 0x0b, 0x73, 0x0a, 0x73, 0x2b, 0x73, 0x4b, 0x73, 0xad, 0x83,
    0x2b, 0x73, 0x8d, 0x7b, 0x0b, 0x6b, 0x4c, 0x73, 0xce, 0x83, 0xce, 0x83,
    0xb1, 0x9c, 0xae, 0x7b, 0xb5, 0xbd, 0xd5, 0xc5, 0xf6, 0xc5, 0xee, 0xab,
    0xab, 0xa3, 0xd6, 0xc5, 0xb6, 0xc5, 0xd6, 0xbd, 0xb6, 0xbd, 0xb5, 0xbd,
    0xb5, 0xbd, 0x70, 0x94, 0xb5, 0xbd, 0xd5, 0xbd, 0xd5, 0xbd, 0xb5, 0xbd,
    0x0f, 0x9c, 0x17, 0xc6, 0x4f, 0x94, 0x90, 0x9c, 0xd5, 0xb5, 0xb5, 0xbd,
    0xd5, 0xbd, 0xd5, 0xbd, 0xd6, 0xbd, 0xd6, 0xbd, 0xd6, 0xbd, 0xd5, 0xbd,
    0xd6, 0xbd, 0xd5, 0xbd, 0xd6, 0xbd, 0xd5, 0xbd, 0xd6, 0xbd, 0xd5, 0xbd,
    0xd6, 0xbd, 0xb5, 0xb5, 0xd6, 0xbd, 0xb5, 0xbd, 0xd5, 0xbd, 0xb5, 0xb5,
    0xd6, 0xbd, 0xb5, 0xbd, 0xd6, 0xb5, 0xb6, 0xbd, 0xb6, 0xb5, 0xb5, 0xb5,
    0xb6, 0xb5, 0xd6, 0xbd, 0xd6, 0xbd, 0xb6, 0xb5, 0xb6, 0xb5, 0xd6, 0xbd,
    0xb6, 0xbd, 0xd6, 0xbd, 0xb6, 0xb5, 0xd6, 0xbd, 0xd6, 0xbd, 0xd6, 0xbd,
    0xb6, 0xbd, 0xd6, 0xbd, 0xb6, 0xbd, 0xd6, 0xbd, 0xb6, 0xbd, 0xd6, 0xbd,
    0xb6, 0xbd, 0xb6, 0xbd, 0xd6, 0xbd, 0xb6, 0xbd, 0xb6, 0xb5, 0xb6, 0xbd,
    0xd7, 0xbd, 0xb6, 0xbd, 0xd6, 0xbd, 0xd6, 0xbd, 0xd6, 0xbd, 0xd6, 0xbd,
    0xd7, 0xc5, 0xd6, 0xbd, 0xb6, 0xbd, 0xb6, 0xbd, 0x95, 0xb5, 0x95, 0xb5,
    0xb6, 0xbd, 0xb6, 0xb5, 0xb6, 0xbd, 0xb6, 0xbd, 0xb6, 0xbd, 0xb6, 0xbd,
    0xb6, 0xbd, 0xb6, 0xbd, 0xb6, 0xb5, 0xd6, 0xbd, 0xb6, 0xbd, 0xb6, 0xbd,
    0xb6, 0xb5, 0xb6, 0xbd, 0xb6, 0xb5, 0x96, 0xb5, 0xb6, 0xb5, 0x96, 0xb5,
    0xb6, 0xb5, 0xb6, 0xbd, 0xb6, 0xb5, 0xb6, 0xb5, 0xb6, 0xbd, 0xb6, 0xbd,
    0xb6, 0xb5, 0xb6, 0xb5, 0xb6, 0xbd, 0xd6, 0xbd, 0xb6, 0xbd, 0xd6, 0xbd,
    0xb6, 0xb5, 0xb6, 0xb5, 0xb6, 0xbd, 0xb6, 0xb5, 0x95, 0xb5, 0x95, 0xb5,
    0xb5, 0xb5, 0x95, 0xb5, 0x95, 0xb5, 0x95, 0xb5, 0xb6, 0xbd, 0xb6, 0xbd,
    0xb6, 0xb5, 0x96, 0xb5, 0xb6, 0xbd, 0xb6, 0xbd, 0xb5, 0xb5, 0xb6, 0xbd,
    0xb5, 0xbd, 0xb5, 0xbd, 0xb6, 0xb5, 0xb5, 0xb5, 0xb5, 0xb5, 0xb5, 0xb5,
    0xb5, 0xb5, 0xb5, 0xb5, 0xb5, 0xb5, 0xb5, 0xb5, 0xb6, 0xb5, 0xb5, 0xbd,
    0xd6, 0xbd, 0xf6, 0xbd, 0xd6, 0xbd, 0xf6, 0xbd, 0xd6, 0xc5, 0x95, 0xbd,
    0x34, 0xad, 0xf3, 0xa4, 0xb1, 0x9c, 0x4f, 0x8c, 0xd2, 0xa4, 0x33, 0xad,
    0x13, 0xa5, 0xd2, 0xa4, 0x30, 0x94, 0xce, 0x8b, 0x2b, 0x7b, 0xea, 0x72,
    0x8a, 0x72, 0x48, 0x7a, 0x28, 0x72, 0xe6, 0x69, 0x44, 0x51, 0x43, 0x49,
    0x27, 0x62, 0x88, 0x6a, 0xc9, 0x6a, 0xe9, 0x6a, 0xa9, 0x62, 0x89, 0x5a,
    0x48, 0x52, 0x69, 0x52, 0xa6, 0x39, 0xd1, 0x9c, 0xf4, 0xc5, 0xd4, 0xc5,
    0xd4, 0xbd, 0x36, 0xce, 0x56, 0xd6, 0x77, 0xd6, 0x77, 0xd6, 0x77, 0xd6,
    0x78, 0xd6, 0x78, 0xd6, 0x57, 0xd6, 0x57, 0xd6, 0x57, 0xd6, 0x37, 0xce,
    0x37, 0xce, 0x57, 0xd6, 0x78, 0xd6, 0xfa, 0xe6, 0x90, 0x9c, 0x23, 0x31,
    0x6b, 0x73, 0x17, 0xce, 0x78, 0xd6, 0x98, 0xd6, 0x78, 0xd6, 0x78, 0xde,
    0x78, 0xd6, 0xb8, 0xde, 0x99, 0xd6, 0x98, 0xde, 0xd4, 0xcd, 0x69, 0xa4,
    0x65, 0x93, 0x28, 0x6a, 0x4b, 0x73, 0xca, 0x6a, 0xea, 0x6a, 0xa9, 0x62,
    0x85, 0x89, 0x02, 0x91, 0xc8, 0x8a, 0x6b, 0x83, 0xad, 0x83, 0x6c, 0x7b,
    0x12, 0xb5, 0x0f, 0x8c, 0x0f, 0x8c, 0x0e, 0x8c, 0xee, 0x8b, 0xac, 0x93,
    0x46, 0x7a, 0xad, 0x9b, 0xa8, 0x62, 0x6c, 0x83, 0x70, 0x9c, 0xee, 0x8b,
    0x0e, 0x94, 0xce, 0x8b, 0xac, 0x83, 0x0e, 0x94, 0xd4, 0xcd, 0xd4, 0xc5,
    0xd4, 0xd5, 0xb3, 0xd5, 0x92, 0xd5, 0x72, 0xd5, 0x52, 0xd5, 0x72, 0xd5,
    0x72, 0xcd, 0x51, 0xcd, 0x51, 0xd5, 0x51, 0xd5, 0x51, 0xd5, 0x51, 0xd5,
    0x51, 0xd5, 0x51, 0xd5, 0x72, 0xd5, 0x72, 0xd5, 0x71, 0xcd, 0x71, 0xd5,
    0x52, 0xd5, 0x72, 0xcd, 0x92, 0xd5, 0x93, 0xd5, 0xb3, 0xd5, 0xb3, 0xcd,
    0xb3, 0xd5, 0xb4, 0xd5, 0xb4, 0xcd, 0x93, 0xd5, 0x93, 0xcd, 0x93, 0xcd,
    0x93, 0xcd, 0x93, 0xcd, 0x72, 0xcd, 0x72, 0xcd, 0x51, 0xc5, 0xf0, 0xc4,
    0xaf, 0xc4, 0xcf, 0xcc, 0x8e, 0xc4, 0xaf, 0xcc, 0xaf, 0xc4, 0x8e, 0xc4,
    0xae, 0xc4, 0xcf, 0xcc, 0xef, 0xcc, 0x51, 0xd5, 0x72, 0xd5, 0x72, 0xd5,
    0x72, 0xd5, 0x4e, 0xac, 0x0e, 0x94, 0xf4, 0xd5, 0xd4, 0xd5, 0xd4, 0xcd,
    0xb3, 0xd5, 0x93, 0xd5, 0x92, 0xcd, 0x92, 0xd5, 0x72, 0xd5, 0x51, 0xd5,
    0x51, 0xcd, 0x31, 0xd5, 0x71, 0xd5, 0xcf, 0xc4, 0x84, 0x81, 0xe5, 0x91,
    0x23, 0x89, 0x85, 0x89, 0x2b, 0x7b, 0x2b, 0x73, 0x0a, 0x73, 0x4b, 0x7b,
    0xad, 0x83, 0x8c, 0x7b, 0xad, 0x83, 0x4c, 0x73, 0x2b, 0x73, 0xad, 0x7b,
    0xee, 0x8b, 0xae, 0x7b, 0xd2, 0xa4, 0xce, 0x83, 0xb5, 0xbd, 0xd6, 0xc5,
    0x94, 0xbd, 0xd5, 0xcd, 0x67, 0x8a, 0xd5, 0xc5, 0xd6, 0xbd, 0xb6, 0xbd,
    0xb6, 0xbd, 0xd5, 0xbd, 0xb5, 0xbd, 0xb1, 0x9c, 0x74, 0xb5, 0x95, 0xb5,
    0xb5, 0xbd, 0x54, 0xb5, 0xb5, 0xbd, 0xd6, 0xbd, 0x0e, 0x8c, 0xf2, 0xa4,
    0xd5, 0xb5, 0xb5, 0xb5, 0xd5, 0xbd, 0xd6, 0xbd, 0xd5, 0xbd, 0xd5, 0xbd,
    0xd5, 0xbd, 0xd5, 0xbd, 0xd6, 0xbd, 0xd5, 0xbd, 0xd6, 0xbd, 0xd5, 0xbd,
    0xd6, 0xbd, 0xb5, 0xbd, 0xb5, 0xbd, 0xb5, 0xb5, 0xb6, 0xbd, 0xb5, 0xb5,
    0xb5, 0xb5, 0xb6, 0xb5, 0xb6, 0xbd, 0xb5, 0xb5, 0xb6, 0xbd, 0xd6, 0xbd,
    0xb6, 0xbd, 0xb6, 0xbd, 0xb6, 0xb5, 0xb6, 0xbd, 0xb7, 0xbd, 0xb6, 0xbd,
    0xb6, 0xb5, 0xb6, 0xbd, 0xd6, 0xbd, 0xd7, 0xbd, 0xb6, 0xbd, 0xb6, 0xbd,
    0xb6, 0xbd, 0xd6, 0xbd, 0xb6, 0xb5, 0xb6, 0xbd, 0xd6, 0xbd, 0xb6, 0xbd,
    0xb6, 0xbd, 0xd6, 0xbd, 0xb6, 0xb5, 0xd6, 0xbd, 0xb6, 0xbd, 0xb6, 0xb5,
    0xb6, 0xbd, 0xb6, 0xbd, 0xd6, 0xbd, 0xd7, 0xbd, 0xd6, 0xbd, 0xd7, 0xc5,
    0xd6, 0xc5, 0xd6, 0xbd, 0xd7, 0xbd, 0xb6, 0xbd, 0xb6, 0xbd, 0x95, 0xbd,
    0x95, 0xb5, 0x96, 0xb5, 0xb6, 0xbd, 0xb6, 0xbd, 0xb6, 0xb5, 0xb6, 0xbd,
    0xb6, 0xbd, 0xb6, 0xb5, 0xb6, 0xbd, 0x95, 0xb5, 0xb6, 0xbd, 0xb6, 0xb5,
    0xb6, 0xbd, 0xb5, 0xb5, 0xb5, 0xb5, 0x96, 0xb5, 0xb5, 0xb5, 0x96, 0xb5,
    0xb6, 0xb5, 0xb6, 0xbd, 0xb6, 0xb5, 0xb6, 0xbd, 0xb6, 0xbd, 0x96, 0xb5,
    0xb6, 0xbd, 0xb6, 0xbd, 0xb6, 0xbd, 0xb6, 0xbd, 0xb6, 0xbd, 0xb6, 0xbd,
    0xb6, 0xb5, 0xb6, 0xb5, 0xb6, 0xbd, 0xb6, 0xbd, 0xb6, 0xbd, 0xb6, 0xb5,
    0xb5, 0xbd, 0xb5, 0xb5, 0x95, 0xb5, 0x95, 0xb5, 0x95, 0xb5, 0x95, 0xb5,
    0x96, 0xb5, 0xb6, 0xbd, 0xb6, 0xbd, 0xb6, 0xb5, 0xb6, 0xbd, 0xb6, 0xb5,
    0xb5, 0xb5, 0xb5, 0xb5, 0xb5, 0xb5, 0xb5, 0xbd, 0xb5, 0xbd, 0xb5, 0xbd,
    0xb6, 0xbd, 0xb6, 0xbd, 0xb5, 0xbd, 0xd6, 0xbd, 0xb6, 0xbd, 0xb5, 0xbd,
    0xd6, 0xbd, 0xb6, 0xb5, 0xb6, 0xbd, 0xd6, 0xbd, 0xd6, 0xbd, 0xd6, 0xbd,
    0xd6, 0xc5, 0xd6, 0xc5, 0xb5, 0xbd, 0x95, 0xbd, 0x54, 0xb5, 0x71, 0x94,
    0x8d, 0x7b, 0x0c, 0x6b, 0xcb, 0x62, 0x68, 0x62, 0x07, 0x6a, 0x07, 0x6a,
    0x07, 0x72, 0x07, 0x72, 0x47, 0x7a, 0xa9, 0x7a, 0xea, 0x82, 0x0a, 0x83,
    0x2b, 0x8b, 0xef, 0xab, 0xce, 0xab, 0xae, 0x9b, 0x6c, 0x93, 0x89, 0x7a,
    0x88, 0x6a, 0xad, 0x83, 0x6c, 0x7b, 0xca, 0x62, 0x2c, 0x73, 0x11, 0xa5,
    0xd5, 0xc5, 0xb4, 0xbd, 0xb4, 0xbd, 0x16, 0xce, 0x56, 0xd6, 0x77, 0xd6,
    0x77, 0xd6, 0x77, 0xd6, 0x78, 0xd6, 0x78, 0xd6, 0x78, 0xd6, 0x78, 0xd6,
    0x78, 0xd6, 0x58, 0xd6, 0x78, 0xd6, 0x58, 0xd6, 0x57, 0xd6, 0x17, 0xce,
    0x40, 0x20, 0x61, 0x38, 0x60, 0x20, 0xad, 0x7b, 0xb9, 0xde, 0x78, 0xd6,
    0x98, 0xd6, 0x78, 0xd6, 0x98, 0xde, 0x34, 0xad, 0x56, 0xd6, 0xc8, 0x93,
    0xc5, 0xb3, 0xe4, 0xb3, 0x03, 0xbc, 0x82, 0xa3, 0xc5, 0x61, 0xcb, 0x6a,
    0x0b, 0x6b, 0x0b, 0x6b, 0x27, 0x7a, 0x63, 0x89, 0xc5, 0x89, 0x09, 0x7b,
    0xac, 0x83, 0x6c, 0x73, 0x12, 0xb5, 0x4f, 0x94, 0xee, 0x8b, 0xee, 0x8b,
    0xcd, 0x83, 0x8c, 0x8b, 0x88, 0x7a, 0x2a, 0x83, 0xea, 0x6a, 0x6c, 0x83,
    0x0e, 0x94, 0xee, 0x8b, 0x0e, 0x8c, 0xce, 0x8b, 0xcd, 0x8b, 0x4e, 0x9c,
    0xd4, 0xcd, 0xd5, 0xcd, 0xf4, 0xd5, 0xb3, 0xd5, 0x72, 0xcd, 0x72, 0xd5,
    0x71, 0xd5, 0x72, 0xd5, 0x72, 0xd5, 0x31, 0xd5, 0x51, 0xd5, 0x31, 0xcd,
    0x52, 0xd5, 0x52, 0xcd, 0x51, 0xd5, 0x51, 0xd5, 0x51, 0xd5, 0x51, 0xd5,
    0x51, 0xcd, 0x51, 0xcd, 0x51, 0xcd, 0x52, 0xcd, 0x72, 0xcd, 0x92, 0xcd,
    0x93, 0xd5, 0x93, 0xcd, 0xb4, 0xcd, 0xb3, 0xcd, 0xb3, 0xcd, 0xb4, 0xcd,
    0xb3, 0xcd, 0xb3, 0xd5, 0xb4, 0xcd, 0x93, 0xd5, 0x93, 0xcd, 0x73, 0xcd,
    0x72, 0xcd, 0xd0, 0xbc, 0xf0, 0xcc, 0xf0, 0xcc, 0xf0, 0xcc, 0xcf, 0xcc,
    0x11, 0xcd, 0x31, 0xcd, 0x31, 0xcd, 0x72, 0xcd, 0x93, 0xcd, 0x93, 0xcd,
    0x92, 0xcd, 0xb3, 0xcd, 0xd3, 0xd5, 0x6b, 0x83, 0xf5, 0xdd, 0xd3, 0xd5,
    0xd4, 0xd5, 0xb4, 0xcd, 0xb3, 0xd5, 0x93, 0xcd, 0x92, 0xd5, 0x72, 0xcd,
    0x72, 0xd5, 0x71, 0xd5, 0x52, 0xcd, 0x51, 0xd5, 0x92, 0xd5, 0xcc, 0xa3,
    0x84, 0x79, 0x26, 0x92, 0x23, 0x89, 0x85, 0x81, 0x2a, 0x7b, 0x2b, 0x73,
    0x2b, 0x73, 0x4b, 0x73, 0x33, 0xad, 0xcd, 0x83, 0xad, 0x83, 0x6c, 0x7b,
    0x0b, 0x6b, 0x2f, 0x94, 0xee, 0x83, 0x30, 0x8c, 0xae, 0x83, 0x71, 0x94,
    0xb5, 0xbd, 0xd5, 0xbd, 0x94, 0xb5, 0xd5, 0xc5, 0xcd, 0xa3, 0xd5, 0xc5,
    0xf6, 0xbd, 0xb6, 0xbd, 0xd6, 0xbd, 0xd5, 0xbd, 0xb5, 0xb5, 0x33, 0xad,
    0x33, 0xad, 0x94, 0xb5, 0x74, 0xb5, 0xb5, 0xbd, 0x95, 0xbd, 0xb5, 0xc5,
    0xed, 0x83, 0x53, 0xb5, 0xb5, 0xb5, 0xd5, 0xbd, 0xd6, 0xbd, 0xb5, 0xbd,
    0xd6, 0xbd, 0xd5, 0xbd, 0xd6, 0xbd, 0xb5, 0xbd, 0xd5, 0xbd, 0xb5, 0xbd,
    0xd6, 0xbd, 0xd5, 0xbd, 0xd6, 0xbd, 0xb5, 0xbd, 0xd5, 0xbd, 0xb5, 0xb5,
    0xb5, 0xbd, 0xb5, 0xb5, 0xb6, 0xbd, 0xb5, 0xb5, 0xd6, 0xbd, 0xb5, 0xb5,
    0xb6, 0xbd, 0xd6, 0xbd, 0xb5, 0xb5, 0xb6, 0xbd, 0xb6, 0xbd, 0xb6, 0xb5,
    0xd6, 0xbd, 0xb6, 0xbd, 0xb6, 0xbd, 0xb6, 0xbd, 0xb6, 0xbd, 0xd6, 0xbd,
    0xb6, 0xbd, 0xd6, 0xbd, 0xb6, 0xb5, 0xb6, 0xbd, 0xb6, 0xb5, 0xb6, 0xbd,
    0xb6, 0xbd, 0xb6, 0xb5, 0xd6, 0xbd, 0xb6, 0xbd, 0xb6, 0xbd, 0xd6, 0xbd,
    0xd7, 0xbd, 0xb6, 0xb5, 0xd6, 0xbd, 0xb6, 0xbd, 0xd7, 0xbd, 0xd7, 0xbd,
    0xb6, 0xbd, 0xb6, 0xbd, 0xd7, 0xbd, 0xd6, 0xbd, 0xd6, 0xc5, 0xd6, 0xbd,
    0xb5, 0xbd, 0xb5, 0xbd, 0x75, 0xb5, 0x95, 0xb5, 0xb6, 0xbd, 0xb6, 0xbd,
    0xb6, 0xbd, 0xb6, 0xb5, 0xb6, 0xb5, 0xb6, 0xbd, 0xb6, 0xb5, 0xb6, 0xbd,
    0xb5, 0xb5, 0xb6, 0xb5, 0xb6, 0xbd, 0xb6, 0xbd, 0xb6, 0xbd, 0xb6, 0xbd,
    0xb6, 0xbd, 0xb6, 0xbd, 0x96, 0xb5, 0xb6, 0xb5, 0x96, 0xbd, 0xb6, 0xb5,
    0x96, 0xb5, 0x96, 0xb5, 0xd6, 0xbd, 0xb6, 0xb5, 0x96, 0xb5, 0xb6, 0xb5,
    0xb6, 0xb5, 0xb6, 0xbd, 0xd6, 0xbd, 0xb6, 0xbd, 0xb6, 0xbd, 0xb6, 0xb5,
    0xb6, 0xbd, 0xb6, 0xb5, 0xb5, 0xb5, 0x95, 0xbd, 0xb5, 0xb5, 0xb5, 0xbd,
    0xb5, 0xbd, 0xb5, 0xbd, 0xb6, 0xbd, 0xb6, 0xbd, 0xb6, 0xb5, 0xb6, 0xbd,
    0xb6, 0xbd, 0xb6, 0xbd, 0xb5, 0xbd, 0xb5, 0xb5, 0x95, 0xb5, 0xb5, 0xb5,
    0xb5, 0xb5, 0xb5, 0xb5, 0xb5, 0xbd, 0xb5, 0xbd, 0xb5, 0xb5, 0xb5, 0xbd,
    0xd6, 0xbd, 0xd6, 0xbd, 0xd6, 0xbd, 0xd6, 0xbd, 0xd6, 0xbd, 0xb5, 0xbd,
    0xb5, 0xb5, 0x95, 0xb5, 0x54, 0xb5, 0x13, 0xad, 0xf2, 0xa4, 0xb1, 0x9c,
    0x71, 0x9c, 0xae, 0x7b, 0x30, 0x8c, 0xb2, 0x9c, 0xf3, 0xac, 0xf1, 0xa4,
    0x53, 0xb5, 0x54, 0xbd, 0x73, 0xbd, 0xb4, 0xc5, 0xb4, 0xc5, 0x95, 0xbd,
    0x94, 0xbd, 0x94, 0xbd, 0x94, 0xb5, 0x74, 0xb5, 0x74, 0xb5, 0x94, 0xb5,
    0x94, 0xbd, 0xb5, 0xc5, 0x53, 0xbd, 0x12, 0xb5, 0x4f, 0x8c, 0x0b, 0x6b,
    0x70, 0x94, 0x53, 0xb5, 0x94, 0xbd, 0xb4, 0xbd, 0xb4, 0xbd, 0xf5, 0xc5,
    0x16, 0xce, 0x77, 0xd6, 0x78, 0xd6, 0x78, 0xd6, 0x78, 0xd6, 0x77, 0xd6,
    0x78, 0xd6, 0x57, 0xd6, 0x57, 0xd6, 0x57, 0xd6, 0x57, 0xd6, 0x58, 0xd6,
    0x98, 0xce, 0x54, 0xb5, 0x40, 0x28, 0xa2, 0x48, 0x40, 0x28, 0x89, 0x5a,
    0x98, 0xd6, 0x58, 0xd6, 0x98, 0xd6, 0x78, 0xd6, 0xd6, 0xc5, 0x17, 0xc6,
    0xee, 0xb4, 0xe5, 0xab, 0x04, 0xb4, 0xe5, 0xb3, 0xe4, 0xb3, 0xa4, 0xb3,
    0xe3, 0xb3, 0x83, 0x7a, 0xc5, 0x59, 0xa9, 0x72, 0x89, 0x7a, 0x84, 0x79,
    0x03, 0x81, 0x87, 0x82, 0x2a, 0x83, 0x6c, 0x7b, 0xd1, 0xa4, 0x91, 0xa4,
    0xce, 0x83, 0xee, 0x8b, 0xcd, 0x83, 0x2b, 0x7b, 0x0e, 0x9c, 0xac, 0x8b,
    0x27, 0x5a, 0xee, 0x8b, 0xad, 0x83, 0x2f, 0x94, 0xed, 0x8b, 0xce, 0x83,
    0x0e, 0x94, 0xcc, 0x93, 0xd4, 0xcd, 0xd5, 0xcd, 0xd4, 0xcd, 0xd4, 0xd5,
    0x93, 0xcd, 0x72, 0xcd, 0x72, 0xd5, 0x51, 0xcd, 0x51, 0xcd, 0x51, 0xd5,
    0x31, 0xd5, 0x51, 0xcd, 0x52, 0xd5, 0x52, 0xd5, 0x51, 0xcd, 0x51, 0xd5,
    0x51, 0xd5, 0x51, 0xd5, 0x51, 0xcd, 0x51, 0xd5, 0x51, 0xcd, 0x52, 0xd5,
    0x92, 0xd5, 0x92, 0xcd, 0x93, 0xcd, 0xb3, 0xcd, 0xb4, 0xcd, 0xb3, 0xcd,
    0xb3, 0xcd, 0xb4, 0xcd, 0xb4, 0xcd, 0xb3, 0xcd, 0xb3, 0xcd, 0xb3, 0xcd,
    0xb3, 0xcd, 0xb3, 0xcd, 0x72, 0xcd, 0x31, 0xc5, 0x31, 0xcd, 0x51, 0xcd,
    0x51, 0xcd, 0x72, 0xcd, 0x72, 0xcd, 0x93, 0xcd, 0xb3, 0xd5, 0xb3, 0xcd,
    0x93, 0xc5, 0xb3, 0xcd, 0xb3, 0xc5, 0xd4, 0xcd, 0xd1, 0xac, 0xd5, 0xcd,
    0xb4, 0xcd, 0xd4, 0xd5, 0xd4, 0xcd, 0xb4, 0xcd, 0xb4, 0xd5, 0x93, 0xd5,
    0x73, 0xcd, 0x72, 0xd5, 0x72, 0xd5, 0x72, 0xd5, 0x71, 0xd5, 0x51, 0xd5,
    0xb2, 0xdd, 0xe8, 0x8a, 0x26, 0x7a, 0x06, 0x8a, 0x03, 0x89, 0x64, 0x89,
    0xc9, 0x7a, 0x4b, 0x73, 0x2b, 0x6b, 0x6b, 0x73, 0x12, 0xa5, 0xd1, 0xa4,
    0x6c, 0x7b, 0x4c, 0x73, 0xce, 0x83, 0x0f, 0x8c, 0xce, 0x83, 0x71, 0x94,
    0xeb, 0x6a, 0x13, 0xad, 0x95, 0xbd, 0xb5, 0xbd, 0x53, 0xad, 0xb5, 0xbd,
    0x73, 0xbd, 0x54, 0xb5, 0xd6, 0xbd, 0xb6, 0xbd, 0xb6, 0xb5, 0xb5, 0xbd,
    0xb5, 0xbd, 0x94, 0xb5, 0xd2, 0x9c, 0x95, 0xb5, 0xb5, 0xbd, 0x95, 0xbd,
    0x95, 0xbd, 0xb5, 0xbd, 0xcd, 0x83, 0x94, 0xbd, 0xb5, 0xb5, 0xb5, 0xbd,
    0xd5, 0xbd, 0xb5, 0xb5, 0xb5, 0xbd, 0xd6, 0xbd, 0xd5, 0xbd, 0xd6, 0xbd,
    0xd6, 0xbd, 0xd5, 0xbd, 0xd5, 0xbd, 0xd6, 0xbd, 0xd5, 0xbd, 0xd5, 0xbd,
    0xb5, 0xb5, 0xb5, 0xbd, 0xb5, 0xb5, 0xb5, 0xb5, 0xb5, 0xbd, 0xb6, 0xbd,
    0xb6, 0xbd, 0xb6, 0xbd, 0xb6, 0xb5, 0xb6, 0xbd, 0x96, 0xb5, 0xb5, 0xbd,
    0xb6, 0xb5, 0xb6, 0xbd, 0xd6, 0xbd, 0x96, 0xb5, 0xb6, 0xb5, 0xd6, 0xbd,
    0xb6, 0xbd, 0xb6, 0xbd, 0xd6, 0xbd, 0xb6, 0xbd, 0xb6, 0xbd, 0xb6, 0xb5,
    0xb6, 0xbd, 0xb6, 0xb5, 0xd6, 0xbd, 0xb6, 0xbd, 0xb6, 0xbd, 0xb6, 0xb5,
    0xb6, 0xb5, 0xb6, 0xbd, 0xb6, 0xbd, 0xb6, 0xbd, 0xb6, 0xb5, 0xb6, 0xbd,
    0xb6, 0xbd, 0xd6, 0xbd, 0xd6, 0xbd, 0xb6, 0xbd, 0xd7, 0xbd, 0xb6, 0xbd,
    0xf7, 0xc5, 0xb6, 0xbd, 0xb5, 0xbd, 0xb5, 0xbd, 0x95, 0xb5, 0x96, 0xb5,
    0xb6, 0xb5, 0xb6, 0xbd, 0xb6, 0xbd, 0xb6, 0xbd, 0xb6, 0xbd, 0xb6, 0xbd,
    0xb6, 0xbd, 0xb6, 0xbd, 0xb6, 0xbd, 0xb6, 0xb5, 0xb6, 0xbd, 0x95, 0xb5,
    0x96, 0xb5, 0x95, 0xb5, 0x95, 0xb5, 0xb6, 0xbd, 0x95, 0xb5, 0xb6, 0xb5,
    0x95, 0xb5, 0x95, 0xb5, 0x96, 0xb5, 0x95, 0xb5, 0x95, 0xb5, 0xb6, 0xb5,
    0xb6, 0xb5, 0xb6, 0xbd, 0xb6, 0xbd, 0xb6, 0xbd, 0xb6, 0xb5, 0xb6, 0xbd,
    0xb6, 0xbd, 0xb6, 0xb5, 0xb6, 0xb5, 0x95, 0xb5, 0xb5, 0xb5, 0x95, 0xbd,
    0xb5, 0xb5, 0x95, 0xb5, 0x95, 0xb5, 0x95, 0xb5, 0x95, 0xb5, 0x95, 0xb5,
    0x95, 0xb5, 0xb5, 0xbd, 0xb5, 0xb5, 0xb6, 0xbd, 0xd6, 0xbd, 0xd6, 0xbd,
    0xb5, 0xbd, 0xb5, 0xb5, 0x95, 0xb5, 0x95, 0xb5, 0xb5, 0xb5, 0xd6, 0xbd,
    0xd6, 0xbd, 0xd6, 0xbd, 0xb5, 0xbd, 0xb5, 0xb5, 0xb6, 0xbd, 0xd6, 0xbd,
    0x34, 0xad, 0x54, 0xad, 0xb1, 0x94, 0x70, 0x8c, 0xd2, 0xa4, 0x54, 0xb5,
    0x54, 0xb5, 0x94, 0xbd, 0x94, 0xbd, 0x94, 0xbd, 0x73, 0xb5, 0x93, 0xb5,
    0x73, 0xb5, 0x74, 0xb5, 0x74, 0xb5, 0x94, 0xb5, 0x74, 0xb5, 0x74, 0xb5,
    0x54, 0xb5, 0x54, 0xad, 0x74, 0xad, 0x74, 0xb5, 0x74, 0xb5, 0x74, 0xb5,
    0x74, 0xb5, 0x94, 0xb5, 0x95, 0xb5, 0x94, 0xb5, 0x95, 0xbd, 0xb5, 0xbd,
    0x74, 0xb5, 0x6d, 0x7b, 0x33, 0xad, 0x72, 0xb5, 0x73, 0xb5, 0x93, 0xbd,
    0xd4, 0xbd, 0x16, 0xce, 0x15, 0xce, 0x77, 0xd6, 0x97, 0xd6, 0x78, 0xde,
    0x78, 0xde, 0x78, 0xd6, 0x58, 0xd6, 0x57, 0xce, 0x58, 0xce, 0x58, 0xce,
    0x57, 0xce, 0x37, 0xce, 0x57, 0xce, 0xd9, 0xde, 0x2b, 0x83, 0x41, 0x30,
    0xe6, 0x51, 0xb9, 0xe6, 0x58, 0xd6, 0x78, 0xd6, 0x17, 0xc6, 0x74, 0xb5,
    0x17, 0xc6, 0x99, 0xde, 0x4b, 0xa4, 0x06, 0xac, 0xe4, 0xb3, 0x04, 0xbc,
    0x03, 0xa3, 0xe6, 0xb3, 0xe3, 0xab, 0xc2, 0xb3, 0xc5, 0xb3, 0xc4, 0x82,
    0x04, 0x6a, 0xc4, 0x71, 0x44, 0x79, 0x27, 0x8a, 0xc8, 0x7a, 0x4b, 0x7b,
    0x70, 0x9c, 0x12, 0xad, 0xad, 0x83, 0x0e, 0x8c, 0x8d, 0x83, 0xad, 0x83,
    0x6c, 0x7b, 0x97, 0xe6, 0x4b, 0x7b, 0x6c, 0x83, 0x8d, 0x83, 0x2f, 0x94,
    0xcd, 0x8b, 0xcd, 0x83, 0x2f, 0x94, 0x09, 0x7b, 0xb4, 0xcd, 0xd4, 0xcd,
    0xd4, 0xcd, 0xd4, 0xd5, 0xd4, 0xd5, 0x52, 0xcd, 0x51, 0xd5, 0x51, 0xd5,
    0x51, 0xd5, 0x52, 0xd5, 0x51, 0xcd, 0x52, 0xd5, 0x51, 0xd5, 0x51, 0xd5,
    0x71, 0xcd, 0x31, 0xd5, 0x31, 0xd5, 0x31, 0xcd, 0x51, 0xd5, 0x51, 0xd5,
    0x51, 0xd5, 0x72, 0xcd, 0x72, 0xcd, 0x93, 0xd5, 0xb3, 0xcd, 0xb3, 0xcd,
    0xb4, 0xcd, 0xb4, 0xcd, 0xb4, 0xcd, 0xb4, 0xcd, 0xb3, 0xcd, 0xb4, 0xcd,
    0xb4, 0xcd, 0xb3, 0xcd, 0xb3, 0xcd, 0xb3, 0xcd, 0xb3, 0xcd, 0x93, 0xcd,
    0x93, 0xcd, 0xb3, 0xd5, 0xb3, 0xd5, 0xb3, 0xd5, 0xd4, 0xcd, 0xd4, 0xd5,
    0xb3, 0xcd, 0xb3, 0xcd, 0xb3, 0xcd, 0xb3, 0xcd, 0xb3, 0xcd, 0xb3, 0xcd,
    0xb4, 0xcd, 0xd4, 0xcd, 0xd4, 0xcd, 0xd4, 0xcd, 0xd4, 0xcd, 0xd4, 0xcd,
    0xb3, 0xcd, 0x93, 0xd5, 0x93, 0xcd, 0x73, 0xd5, 0x72, 0xd5, 0x72, 0xcd,
    0x52, 0xcd, 0x72, 0xd5, 0x92, 0xd5, 0xa4, 0x69, 0xa8, 0x82, 0x26, 0x7a,
    0x24, 0x89, 0x23, 0x89, 0x07, 0x7a, 0x4b, 0x73, 0x4b, 0x73, 0x6c, 0x7b,
    0xd1, 0xa4, 0x94, 0xbd, 0x4b, 0x73, 0x4c, 0x73, 0x91, 0x9c, 0x0f, 0x8c,
    0x50, 0x94, 0x6d, 0x7b, 0x4c, 0x73, 0xb6, 0xc5, 0x75, 0xb5, 0x95, 0xbd,
    0x12, 0xa5, 0xb5, 0xbd, 0xb5, 0xbd, 0x94, 0xbd, 0xd6, 0xbd, 0xd5, 0xbd,
    0xb5, 0xbd, 0xb5, 0xbd, 0xb5, 0xbd, 0xf2, 0xa4, 0xb1, 0x9c, 0xd5, 0xbd,
    0xd5, 0xbd, 0x95, 0xb5, 0xb5, 0xbd, 0xb5, 0xbd, 0xad, 0x7b, 0xf6, 0xbd,
    0xb5, 0xb5, 0xd5, 0xbd, 0xb5, 0xbd, 0xb5, 0xbd, 0xd6, 0xbd, 0xd6, 0xbd,
    0xd5, 0xbd, 0xd5, 0xbd, 0xd5, 0xbd, 0xd5, 0xbd, 0xd6, 0xbd, 0xd6, 0xbd,
    0xd5, 0xbd, 0xd6, 0xbd, 0xd6, 0xbd, 0xb5, 0xbd, 0xb5, 0xb5, 0xb5, 0xb5,
    0xb5, 0xbd, 0xb5, 0xb5, 0xb6, 0xbd, 0xd5, 0xbd, 0xb6, 0xb5, 0xd6, 0xbd,
    0xb6, 0xb5, 0xb6, 0xb5, 0xb6, 0xbd, 0xb6, 0xb5, 0xd6, 0xbd, 0xb6, 0xbd,
    0xb6, 0xbd, 0xb6, 0xbd, 0xb6, 0xb5, 0xd6, 0xbd, 0xb6, 0xb5, 0xb6, 0xbd,
    0xb6, 0xbd, 0xb6, 0xb5, 0xb6, 0xbd, 0xb6, 0xb5, 0xb6, 0xbd, 0xb6, 0xbd,
    0xb6, 0xbd, 0xb6, 0xb5, 0xb6, 0xbd, 0xd6, 0xbd, 0xb6, 0xb5, 0xb6, 0xbd,
    0xb6, 0xbd, 0xb6, 0xbd, 0xd6, 0xbd, 0xd6, 0xbd, 0xb6, 0xbd, 0xb6, 0xbd,
    0xd6, 0xbd, 0xd6, 0xbd, 0xd6, 0xbd, 0xb6, 0xbd, 0xb5, 0xbd, 0x95, 0xbd,
    0x95, 0xb5, 0xb6, 0xbd, 0x96, 0xb5, 0xb6, 0xb5, 0xb6, 0xb5, 0xb6, 0xb5,
    0xb6, 0xbd, 0xb6, 0xbd, 0xb6, 0xb5, 0xb6, 0xb5, 0xb6, 0xbd, 0xb6, 0xbd,
    0xb6, 0xb5, 0xb6, 0xbd, 0xb6, 0xbd, 0xb6, 0xb5, 0xb6, 0xbd, 0x96, 0xbd,
    0xb6, 0xb5, 0xb5, 0xb5, 0xb6, 0xb5, 0xb6, 0xbd, 0xb5, 0xb5, 0xb5, 0xb5,
    0xb6, 0xbd, 0xb6, 0xbd, 0xb6, 0xbd, 0xb6, 0xbd, 0xb6, 0xbd, 0xb6, 0xbd,
    0xb6, 0xbd, 0xb6, 0xb5, 0xb6, 0xb5, 0xb6, 0xbd, 0xb6, 0xbd, 0xb6, 0xbd,
    0x96, 0xb5, 0xb6, 0xb5, 0xb6, 0xbd, 0xb6, 0xbd, 0xb6, 0xb5, 0xb6, 0xb5,
    0xd5, 0xbd, 0xb5, 0xb5, 0xb5, 0xb5, 0xb5, 0xbd, 0xb5, 0xb5, 0xb5, 0xb5,
    0x95, 0xb5, 0xb5, 0xb5, 0x95, 0xb5, 0x95, 0xb5, 0xb5, 0xb5, 0xb5, 0xbd,
    0xd6, 0xbd, 0xb5, 0xb5, 0xb5, 0xb5, 0xf7, 0xbd, 0x17, 0xc6, 0x75, 0xb5,
    0x34, 0xad, 0xee, 0x7b, 0x30, 0x84, 0xf0, 0x83, 0xef, 0x83, 0x0f, 0x84,
    0x73, 0xbd, 0x73, 0xb5, 0x73, 0xb5, 0x73, 0xb5, 0x73, 0xb5, 0x53, 0xb5,
    0x73, 0xb5, 0x73, 0xb5, 0x73, 0xb5, 0x74, 0xb5, 0x74, 0xad, 0x54, 0xad,
    0x54, 0xad, 0x74, 0xb5, 0x74, 0xb5, 0x74, 0xb5, 0x74, 0xb5, 0x74, 0xb5,
    0x74, 0xb5, 0x94, 0xb5, 0x94, 0xb5, 0x94, 0xbd, 0x74, 0xb5, 0xb5, 0xbd,
    0xb5, 0xbd, 0xb5, 0xbd, 0x0f, 0x8c, 0x26, 0x4a, 0x73, 0xb5, 0x73, 0xb5,
    0x72, 0xb5, 0x93, 0xbd, 0xd5, 0xbd, 0x15, 0xc6, 0x15, 0xc6, 0x77, 0xd6,
    0x97, 0xd6, 0x77, 0xd6, 0x77, 0xd6, 0x78, 0xd6, 0x78, 0xd6, 0x78, 0xd6,
    0x58, 0xce, 0x58, 0xce, 0x58, 0xce, 0x58, 0xd6, 0x58, 0xd6, 0x78, 0xce,
    0xb9, 0xd6, 0x57, 0xd6, 0xb9, 0xd6, 0x58, 0xd6, 0x58, 0xd6, 0x54, 0xb5,
    0x17, 0xce, 0x94, 0xbd, 0x58, 0xd6, 0x98, 0xd6, 0x30, 0xbd, 0xe5, 0xb3,
    0xe4, 0xbb, 0xe3, 0xb3, 0x84, 0xab, 0xa2, 0x71, 0x24, 0x9b, 0x04, 0xb4,
    0xe3, 0xb3, 0xe3, 0xb3, 0x25, 0xbc, 0x64, 0xa3, 0x43, 0x82, 0xe3, 0x71,
    0xa7, 0x7a, 0x2a, 0x7b, 0x2e, 0x94, 0x53, 0xb5, 0x8c, 0x7b, 0x0e, 0x8c,
    0x4c, 0x7b, 0x2f, 0x9c, 0xed, 0x8b, 0x56, 0xde, 0xb4, 0xcd, 0x2a, 0x7b,
    0xce, 0x8b, 0xee, 0x8b, 0xcd, 0x8b, 0xcd, 0x8b, 0x4f, 0x94, 0x8b, 0x8b,
    0x6f, 0xa4, 0xf5, 0xd5, 0xd4, 0xcd, 0xd4, 0xd5, 0xd4, 0xdd, 0x73, 0xcd,
    0x51, 0xcd, 0x71, 0xd5, 0x52, 0xd5, 0x52, 0xcd, 0x52, 0xd5, 0x51, 0xcd,
    0x71, 0xd5, 0x51, 0xcd, 0x51, 0xcd, 0x51, 0xd5, 0x51, 0xd5, 0x51, 0xd5,
    0x51, 0xd5, 0x51, 0xcd, 0x51, 0xd5, 0x72, 0xcd, 0x92, 0xcd, 0x93, 0xcd,
    0xb3, 0xcd, 0xb4, 0xcd, 0xb3, 0xcd, 0xb4, 0xcd, 0xb4, 0xcd, 0xb4, 0xcd,
    0xd3, 0xcd, 0xb4, 0xcd, 0xd4, 0xcd, 0xb4, 0xcd, 0xb4, 0xcd, 0xb4, 0xcd,
    0xb4, 0xcd, 0xb3, 0xcd, 0xb4, 0xcd, 0xb4, 0xcd, 0xb4, 0xcd, 0xd4, 0xcd,
    0xb4, 0xcd, 0xb4, 0xcd, 0xd4, 0xcd, 0xb4, 0xcd, 0xb4, 0xcd, 0xb4, 0xcd,
    0xb4, 0xcd, 0xb4, 0xcd, 0xb4, 0xcd, 0xd4, 0xcd, 0xd4, 0xcd, 0xd4, 0xcd,
    0xd4, 0xcd, 0xd4, 0xcd, 0xd4, 0xcd, 0xb3, 0xd5, 0x93, 0xcd, 0x93, 0xcd,
    0x92, 0xd5, 0x72, 0xcd, 0x72, 0xd5, 0x72, 0xcd, 0x6f, 0xb4, 0xa5, 0x79,
    0xc9, 0x7a, 0x67, 0x7a, 0x03, 0x81, 0x03, 0x91, 0x24, 0x81, 0x4b, 0x7b,
    0x6c, 0x7b, 0x6c, 0x7b, 0x70, 0x94, 0x74, 0xb5, 0xee, 0x8b, 0xce, 0x83,
    0x50, 0x94, 0x2f, 0x8c, 0x71, 0x9c, 0xeb, 0x6a, 0x71, 0x94, 0x95, 0xbd,
    0x75, 0xb5, 0x95, 0xb5, 0xd1, 0x9c, 0xb5, 0xbd, 0xb5, 0xbd, 0xb5, 0xbd,
    0xd6, 0xbd, 0xd6, 0xbd, 0xd6, 0xb5, 0xb6, 0xbd, 0x95, 0xb5, 0x90, 0x94,
    0x94, 0xb5, 0xb5, 0xbd, 0xd5, 0xbd, 0xb5, 0xbd, 0xb5, 0xbd, 0xd5, 0xbd,
    0xee, 0x83, 0xd6, 0xbd, 0xb5, 0xbd, 0xd5, 0xbd, 0xb5, 0xbd, 0xb5, 0xbd,
    0xd6, 0xbd, 0xd5, 0xbd, 0xd6, 0xbd, 0xd6, 0xbd, 0xd5, 0xb5, 0xd5, 0xb5,
    0xd6, 0xbd, 0xd6, 0xbd, 0xd5, 0xbd, 0xd5, 0xbd, 0xd6, 0xbd, 0xb5, 0xbd,
    0xb5, 0xbd, 0xb5, 0xb5, 0xb5, 0xbd, 0xb5, 0xbd, 0xd5, 0xbd, 0xb5, 0xbd,
    0xb6, 0xb5, 0xd6, 0xbd, 0xb5, 0xb5, 0xb6, 0xb5, 0xd6, 0xbd, 0xb6, 0xb5,
    0xb6, 0xbd, 0xb6, 0xb5, 0xb6, 0xbd, 0xb6, 0xbd, 0xb6, 0xb5, 0xb6, 0xbd,
    0xd6, 0xbd, 0xd6, 0xbd, 0xb6, 0xb5, 0xb6, 0xbd, 0xb6, 0xbd, 0x96, 0xb5,
    0xb6, 0xbd, 0xb6, 0xb5, 0xb6, 0xb5, 0xb6, 0xb5, 0xb6, 0xbd, 0xb6, 0xbd,
    0xb6, 0xb5, 0xb6, 0xb5, 0xb6, 0xbd, 0xd7, 0xbd, 0xb6, 0xb5, 0xd7, 0xbd,
    0xd6, 0xbd, 0xb6, 0xbd, 0xb6, 0xbd, 0xd7, 0xc5, 0xd6, 0xbd, 0xb7, 0xbd,
    0xb5, 0xbd, 0x95, 0xb5, 0x95, 0xb5, 0xb6, 0xbd, 0xb6, 0xbd, 0xb6, 0xbd,
    0xb6, 0xb5, 0xb6, 0xb5, 0xb6, 0xb5, 0xb6, 0xbd, 0xb6, 0xbd, 0xb6, 0xb5,
    0xb6, 0xbd, 0xb6, 0xb5, 0xb6, 0xbd, 0xb6, 0xbd, 0xb6, 0xbd, 0xb6, 0xbd,
    0xb6, 0xb5, 0xb6, 0xbd, 0xb5, 0xb5, 0x95, 0xb5, 0xb6, 0xb5, 0xb6, 0xb5,
    0xb6, 0xb5, 0xb6, 0xb5, 0x95, 0xb5, 0xb6, 0xbd, 0xb6, 0xb5, 0xb6, 0xb5,
    0xb6, 0xb5, 0xb6, 0xbd, 0xb6, 0xb5, 0xb6, 0xbd, 0xb6, 0xbd, 0xb5, 0xb5,
    0x95, 0xb5, 0xb6, 0xbd, 0xb6, 0xbd, 0xb6, 0xb5, 0xb6, 0xbd, 0xb6, 0xbd,
    0xb6, 0xb5, 0x96, 0xbd, 0x95, 0xb5, 0x95, 0xb5, 0x95, 0xb5, 0xb5, 0xb5,
    0xb5, 0xbd, 0xb6, 0xbd, 0xd5, 0xbd, 0xb5, 0xbd, 0xb6, 0xbd, 0xd6, 0xbd,
    0xb5, 0xbd, 0x95, 0xb5, 0x95, 0xb5, 0x17, 0xc6, 0xf6, 0xc5, 0x30, 0x8c,
    0x91, 0x94, 0xf2, 0x9c, 0x71, 0x8c, 0x13, 0xa5, 0x6d, 0x73, 0x89, 0x52,
    0x53, 0xad, 0xf5, 0xc5, 0x94, 0xbd, 0x94, 0xbd, 0x73, 0xb5, 0x93, 0xb5,
    0x73, 0xb5, 0x73, 0xb5, 0x53, 0xad, 0x53, 0xb5, 0x73, 0xb5, 0x53, 0xad,
    0x54, 0xad, 0x74, 0xb5, 0x74, 0xb5, 0x54, 0xad, 0x53, 0xad, 0x53, 0xad,
    0x54, 0xad, 0x33, 0xad, 0x53, 0xad, 0x74, 0xb5, 0x94, 0xb5, 0x74, 0xb5,
    0x74, 0xb5, 0xb5, 0xbd, 0xf6, 0xc5, 0xb1, 0xa4, 0xac, 0x83, 0x32, 0xb5,
    0x52, 0xb5, 0x53, 0xb5, 0x73, 0xb5, 0x93, 0xb5, 0xf5, 0xc5, 0xf5, 0xcd,
    0x15, 0xce, 0x57, 0xd6, 0x77, 0xd6, 0x78, 0xd6, 0x58, 0xd6, 0x78, 0xce,
    0x78, 0xd6, 0x78, 0xce, 0x78, 0xd6, 0x57, 0xce, 0x57, 0xce, 0x58, 0xce,
    0x57, 0xce, 0x37, 0xce, 0x37, 0xce, 0x37, 0xce, 0x37, 0xce, 0x37, 0xce,
    0xf6, 0xcd, 0x17, 0xce, 0x37, 0xce, 0x58, 0xd6, 0x98, 0xde, 0x57, 0xd6,
    0x0f, 0xbd, 0x06, 0xbc, 0xc3, 0xb3, 0xe3, 0xbb, 0xe3, 0xbb, 0xe3, 0xbb,
    0xe3, 0xb3, 0xe4, 0xb3, 0xc4, 0xb3, 0xe3, 0xbb, 0xe2, 0xbb, 0x02, 0xb4,
    0x24, 0xbc, 0x06, 0xbc, 0x82, 0x8a, 0xc2, 0x61, 0x0a, 0x7b, 0x74, 0xb5,
    0x6b, 0x73, 0x0e, 0x8c, 0x6c, 0x7b, 0xc9, 0x6a, 0x8f, 0xa4, 0x56, 0xde,
    0x93, 0xc5, 0x94, 0xc5, 0x6b, 0x83, 0x0e, 0x8c, 0xce, 0x8b, 0xcd, 0x83,
    0x2f, 0x94, 0x2e, 0x9c, 0x09, 0x83, 0xf5, 0xdd, 0xb4, 0xcd, 0xd4, 0xd5,
    0xb4, 0xd5, 0xd4, 0xdd, 0x72, 0xd5, 0x72, 0xd5, 0x52, 0xd5, 0x52, 0xd5,
    0x52, 0xd5, 0x52, 0xcd, 0x51, 0xd5, 0x71, 0xd5, 0x51, 0xcd, 0x51, 0xd5,
    0x51, 0xd5, 0x51, 0xd5, 0x51, 0xcd, 0x52, 0xcd, 0x72, 0xcd, 0x72, 0xcd,
    0x92, 0xcd, 0x93, 0xd5, 0xb3, 0xcd, 0xb4, 0xcd, 0xb3, 0xcd, 0xb4, 0xcd,
    0xb4, 0xcd, 0xb4, 0xcd, 0xb4, 0xc5, 0xd3, 0xcd, 0xb3, 0xcd, 0xb4, 0xcd,
    0xb4, 0xcd, 0xb3, 0xcd, 0xd4, 0xcd, 0xb4, 0xcd, 0xd3, 0xcd, 0xd4, 0xcd,
    0xd4, 0xcd, 0xd3, 0xcd, 0xd4, 0xcd, 0xd4, 0xcd, 0xd4, 0xcd, 0xd4, 0xcd,
    0xd4, 0xcd, 0xd4, 0xcd, 0xd4, 0xcd, 0xb4, 0xcd, 0xd5, 0xcd, 0xd4, 0xcd,
    0xd4, 0xcd, 0xd5, 0xcd, 0xd4, 0xcd, 0xd4, 0xd5, 0xd4, 0xd5, 0xb4, 0xcd,
    0xb3, 0xcd, 0x93, 0xd5, 0x93, 0xcd, 0x92, 0xcd, 0x72, 0xd5, 0xd3, 0xdd,
    0x2a, 0x93, 0x06, 0x7a, 0xe9, 0x72, 0x68, 0x7a, 0xe1, 0x80, 0xc1, 0x90,
    0xc1, 0x88, 0xc9, 0x8a, 0x4c, 0x7b, 0xad, 0x83, 0x8d, 0x7b, 0x50, 0x94,
    0x6c, 0x7b, 0x70, 0x9c, 0x50, 0x94, 0x50, 0x94, 0x2f, 0x8c, 0x4c, 0x73,
    0x34, 0xad, 0x95, 0xb5, 0x74, 0xb5, 0x33, 0xad, 0xb1, 0x9c, 0xd5, 0xbd,
    0xb5, 0xbd, 0xd5, 0xbd, 0xd6, 0xbd, 0xd6, 0xbd, 0xd5, 0xbd, 0x94, 0xbd,
    0x74, 0xb5, 0xd1, 0x9c, 0xb5, 0xbd, 0xb5, 0xbd, 0xb5, 0xbd, 0xb5, 0xbd,
    0xd5, 0xbd, 0xb5, 0xbd, 0xd6, 0xc5, 0xb5, 0xbd, 0xd5, 0xbd, 0xb5, 0xbd,
    0xd6, 0xbd, 0xb5, 0xb5, 0xd5, 0xb5, 0xd5, 0xbd, 0xd6, 0xbd, 0xd6, 0xbd,
    0xd5, 0xb5, 0xd5, 0xbd, 0xb5, 0xbd, 0xd5, 0xbd, 0xb5, 0xbd, 0xd5, 0xbd,
    0xd5, 0xbd, 0xb5, 0xb5, 0xb5, 0xb5, 0xb5, 0xb5, 0xb5, 0xbd, 0x95, 0xb5,
    0xd6, 0xbd, 0xd6, 0xbd, 0xd6, 0xbd, 0xb6, 0xb5, 0xb6, 0xbd, 0xb6, 0xb5,
    0xb6, 0xbd, 0xb6, 0xb5, 0xb6, 0xbd, 0xb5, 0xb5, 0xb6, 0xbd, 0xb6, 0xb5,
    0xb6, 0xbd, 0xb6, 0xbd, 0xb6, 0xbd, 0xb6, 0xbd, 0xb6, 0xb5, 0xb6, 0xbd,
    0xb6, 0xb5, 0xb6, 0xbd, 0xb6, 0xb5, 0xb6, 0xbd, 0x96, 0xb5, 0xb6, 0xbd,
    0xb6, 0xb5, 0xb6, 0xb5, 0xb6, 0xbd, 0xb6, 0xbd, 0xb6, 0xbd, 0xb6, 0xb5,
    0xb6, 0xbd, 0xb6, 0xbd, 0xb6, 0xbd, 0xd6, 0xbd, 0xb6, 0xbd, 0xd6, 0xc5,
    0xd6, 0xbd, 0xb6, 0xbd, 0xb6, 0xbd, 0xb5, 0xbd, 0x75, 0xb5, 0x96, 0xb5,
    0xb6, 0xbd, 0xd6, 0xbd, 0xb6, 0xbd, 0xb6, 0xbd, 0xb5, 0xb5, 0xb6, 0xb5,
    0xb6, 0xbd, 0xb6, 0xb5, 0xb6, 0xbd, 0xb6, 0xbd, 0xb6, 0xbd, 0xb6, 0xb5,
    0xb6, 0xbd, 0xb6, 0xb5, 0xb5, 0xb5, 0xb6, 0xbd, 0xb6, 0xb5, 0xb5, 0xb5,
    0xb6, 0xbd, 0x95, 0xb5, 0x95, 0xb5, 0x96, 0xb5, 0xb6, 0xbd, 0xb6, 0xbd,
    0xb6, 0xbd, 0x95, 0xb5, 0xb5, 0xb5, 0xb6, 0xb5, 0xb6, 0xb5, 0x96, 0xb5,
    0x95, 0xb5, 0xb6, 0xbd, 0xb6, 0xbd, 0xb6, 0xbd, 0xb6, 0xbd, 0xb6, 0xbd,
    0xb6, 0xb5, 0x96, 0xb5, 0x95, 0xb5, 0x96, 0xb5, 0xb5, 0xb5, 0x95, 0xb5,
    0x95, 0xb5, 0xb5, 0xb5, 0xb5, 0xbd, 0xb5, 0xb5, 0xb5, 0xb5, 0x95, 0xb5,
    0xb5, 0xb5, 0xb5, 0xb5, 0xb5, 0xb5, 0xb6, 0xbd, 0xf6, 0xbd, 0x0f, 0x84,
    0xea, 0x5a, 0x13, 0xa5, 0x13, 0xa5, 0xb1, 0x94, 0x6d, 0x6b, 0xca, 0x5a,
    0x13, 0xa5, 0x56, 0xce, 0xd3, 0xbd, 0x92, 0xbd, 0xb3, 0xbd, 0x93, 0xbd,
    0x93, 0xbd, 0x93, 0xbd, 0x94, 0xbd, 0x73, 0xb5, 0x53, 0xb5, 0x74, 0xb5,
    0x53, 0xad, 0x33, 0xad, 0x53, 0xad, 0x74, 0xb5, 0xd6, 0xbd, 0x78, 0xce,
    0x98, 0xd6, 0x78, 0xd6, 0x99, 0xd6, 0xb9, 0xd6, 0x98, 0xd6, 0x58, 0xd6,
    0xf6, 0xc5, 0xf6, 0xc5, 0x17, 0xce, 0x16, 0xc6, 0xd6, 0xbd, 0x53, 0xb5,
    0x11, 0xad, 0x31, 0xb5, 0x52, 0xb5, 0x72, 0xb5, 0x73, 0xb5, 0x73, 0xb5,
    0x15, 0xce, 0xf5, 0xc5, 0x15, 0xce, 0x36, 0xce, 0x77, 0xd6, 0x57, 0xce,
    0x57, 0xce, 0x57, 0xce, 0x58, 0xce, 0x58, 0xce, 0x57, 0xd6, 0x58, 0xd6,
    0x78, 0xd6, 0x78, 0xd6, 0x78, 0xd6, 0x78, 0xd6, 0x57, 0xce, 0x57, 0xce,
    0x37, 0xce, 0x58, 0xd6, 0x78, 0xd6, 0x78, 0xd6, 0x99, 0xde, 0x98, 0xde,
    0x56, 0xd6, 0xf0, 0xc4, 0x88, 0xbc, 0xe4, 0xb3, 0xc2, 0xb3, 0xc3, 0xb3,
    0xc3, 0xb3, 0xa3, 0xb3, 0xe3, 0xbb, 0xc2, 0xb3, 0xe2, 0xbb, 0xe2, 0xbb,
    0x02, 0xbc, 0xe3, 0xbb, 0x02, 0xbc, 0x01, 0xbc, 0x42, 0xc4, 0x05, 0xc4,
    0xa1, 0x61, 0xed, 0x8b, 0x6c, 0x7b, 0xee, 0x8b, 0x6c, 0x7b, 0x0a, 0x73,
    0x70, 0xa4, 0xd0, 0xac, 0xf4, 0xcd, 0xb4, 0xc5, 0x11, 0xb5, 0x2e, 0x94,
    0xad, 0x83, 0xcd, 0x83, 0xee, 0x8b, 0x4f, 0x9c, 0x6a, 0x93, 0x11, 0xc5,
    0xd5, 0xd5, 0xd4, 0xd5, 0xd4, 0xd5, 0xd3, 0xd5, 0x92, 0xd5, 0x52, 0xcd,
    0x52, 0xd5, 0x51, 0xcd, 0x51, 0xd5, 0x52, 0xd5, 0x51, 0xd5, 0x51, 0xd5,
    0x51, 0xcd, 0x51, 0xcd, 0x51, 0xcd, 0x51, 0xd5, 0x72, 0xcd, 0x72, 0xd5,
    0x72, 0xcd, 0x92, 0xd5, 0x93, 0xcd, 0xb3, 0xd5, 0xb3, 0xcd, 0xb3, 0xcd,
    0xb3, 0xcd, 0xb4, 0xcd, 0xb4, 0xcd, 0xb4, 0xcd, 0xb4, 0xc5, 0xd4, 0xcd,
    0xd3, 0xc5, 0xb4, 0xcd, 0xb3, 0xcd, 0xb3, 0xc5, 0xd3, 0xcd, 0xb4, 0xcd,
    0xd3, 0xcd, 0xd4, 0xcd, 0xd4, 0xcd, 0xd4, 0xcd, 0xd4, 0xcd, 0xd5, 0xcd,
    0xd5, 0xcd, 0xd4, 0xcd, 0xd4, 0xcd, 0xd4, 0xc5, 0xb4, 0xcd, 0xd4, 0xcd,
    0xd4, 0xcd, 0xd4, 0xcd, 0xd4, 0xcd, 0xd4, 0xcd, 0xd4, 0xcd, 0xd4, 0xcd,
    0xd4, 0xd5, 0xb4, 0xcd, 0xb3, 0xd5, 0x93, 0xd5, 0x93, 0xcd, 0x93, 0xd5,
    0x72, 0xcd, 0xf4, 0xd5, 0xe2, 0x50, 0xa8, 0x7a, 0xc8, 0x6a, 0x27, 0x7a,
    0xa1, 0x80, 0xc1, 0x90, 0x81, 0x90, 0xe6, 0x81, 0x4b, 0x7b, 0xae, 0x83,
    0x4d, 0x7b, 0x6c, 0x7b, 0x0f, 0x8c, 0x71, 0x9c, 0x70, 0x94, 0x50, 0x94,
    0x50, 0x94, 0xce, 0x83, 0xb6, 0xbd, 0x74, 0xad, 0x53, 0xad, 0x33, 0xad,
    0xf2, 0xa4, 0xd5, 0xbd, 0xb5, 0xbd, 0xd6, 0xc5, 0xd6, 0xbd, 0x95, 0xcd,
    0x2a, 0x93, 0xb5, 0xc5, 0x95, 0xbd, 0xf2, 0xa4, 0x95, 0xb5, 0xb5, 0xbd,
    0xb5, 0xbd, 0xb5, 0xbd, 0xb5, 0xbd, 0xd6, 0xbd, 0xb5, 0xb5, 0xb5, 0xbd,
    0xb6, 0xb5, 0xb5, 0xbd, 0xd5, 0xbd, 0xb5, 0xbd, 0xd5, 0xbd, 0xd5, 0xbd,
    0xd5, 0xb5, 0xd6, 0xbd, 0xd5, 0xbd, 0xd5, 0xbd, 0xd5, 0xbd, 0xd6, 0xbd,
    0xb5, 0xb5, 0xb5, 0xbd, 0xb5, 0xb5, 0xb5, 0xb5, 0xb5, 0xb5, 0x95, 0xb5,
    0xb5, 0xb5, 0xb5, 0xb5, 0xd6, 0xbd, 0xb6, 0xbd, 0xd6, 0xbd, 0xb6, 0xbd,
    0xb6, 0xb5, 0xb6, 0xbd, 0xb5, 0xb5, 0xb6, 0xb5, 0xb6, 0xbd, 0x95, 0xb5,
    0xb6, 0xbd, 0xb6, 0xb5, 0xb6, 0xb5, 0xb6, 0xbd, 0xb6, 0xb5, 0xb6, 0xb5,
    0xb6, 0xbd, 0xb6, 0xbd, 0xb6, 0xbd, 0xb6, 0xb5, 0xb6, 0xbd, 0xb6, 0xbd,
    0x95, 0xb5, 0x96, 0xb5, 0x96, 0xb5, 0x96, 0xb5, 0x96, 0xb5, 0xb6, 0xb5,
    0xb6, 0xbd, 0xb6, 0xb5, 0xb6, 0xbd, 0xb6, 0xbd, 0xb6, 0xbd, 0xb6, 0xbd,
    0xb6, 0xbd, 0xd6, 0xbd, 0xd6, 0xbd, 0xb6, 0xbd, 0xb5, 0xbd, 0x95, 0xbd,
    0x95, 0xb5, 0xb6, 0xb5, 0xb6, 0xb5, 0xb6, 0xbd, 0x96, 0xb5, 0xb6, 0xbd,
    0x96, 0xbd, 0xb6, 0xb5, 0xb6, 0xbd, 0xb6, 0xb5, 0xb6, 0xb5, 0xb6, 0xbd,
    0xb6, 0xbd, 0xb5, 0xb5, 0xb5, 0xb5, 0x96, 0xb5, 0x95, 0xb5, 0x95, 0xbd,
    0xb6, 0xb5, 0xb6, 0xb5, 0x95, 0xb5, 0x95, 0xb5, 0xb5, 0xb5, 0x95, 0xb5,
    0x96, 0xbd, 0x95, 0xb5, 0xb5, 0xb5, 0xb6, 0xbd, 0xb6, 0xbd, 0xb6, 0xbd,
    0xb6, 0xbd, 0xb6, 0xbd, 0xb6, 0xb5, 0x95, 0xb5, 0xb6, 0xb5, 0x96, 0xb5,
    0x95, 0xb5, 0x95, 0xb5, 0x96, 0xbd, 0x95, 0xb5, 0x95, 0xb5, 0x95, 0xb5,
    0xb5, 0xbd, 0xb5, 0xb5, 0x95, 0xb5, 0x95, 0xb5, 0x95, 0xb5, 0x95, 0xb5,
    0x95, 0xb5, 0x95, 0xb5, 0xd6, 0xbd, 0xd6, 0xbd, 0xf6, 0xc5, 0xb6, 0xbd,
    0xd2, 0x9c, 0xb2, 0x9c, 0xf3, 0xa4, 0x30, 0x8c, 0xce, 0x7b, 0x4f, 0x8c,
    0xd5, 0xbd, 0x36, 0xce, 0xd4, 0xc5, 0xd3, 0xbd, 0xb3, 0xbd, 0xb3, 0xbd,
    0xb3, 0xbd, 0xb3, 0xbd, 0xb3, 0xbd, 0x93, 0xbd, 0x53, 0xb5, 0x73, 0xbd,
    0x94, 0xbd, 0xb5, 0xbd, 0xb5, 0xbd, 0xf6, 0xc5, 0x37, 0xce, 0x37, 0xce,
    0x58, 0xd6, 0x78, 0xd6, 0x78, 0xd6, 0x58, 0xce, 0x78, 0xd6, 0x78, 0xd6,
    0x78, 0xd6, 0x78, 0xd6, 0x58, 0xce, 0x78, 0xd6, 0x58, 0xd6, 0x37, 0xce,
    0x16, 0xc6, 0x52, 0xb5, 0x51, 0xb5, 0x31, 0xad, 0x51, 0xb5, 0x51, 0xb5,
    0x72, 0xb5, 0x93, 0xb5, 0xf5, 0xc5, 0x15, 0xce, 0xf5, 0xc5, 0x36, 0xce,
    0x58, 0xce, 0x57, 0xce, 0x57, 0xd6, 0x58, 0xce, 0x37, 0xce, 0x37, 0xce,
    0x58, 0xce, 0x78, 0xd6, 0x78, 0xd6, 0x78, 0xd6, 0x78, 0xce, 0x58, 0xce,
    0x78, 0xd6, 0x78, 0xd6, 0x58, 0xce, 0x58, 0xd6, 0x58, 0xd6, 0x78, 0xd6,
    0x98, 0xde, 0xcf, 0xa4, 0x44, 0x8a, 0xe0, 0x91, 0xc1, 0xaa, 0xc4, 0xc3,
    0xe3, 0xbb, 0xc2, 0xbb, 0xe1, 0xb3, 0xc2, 0xbb, 0xc3, 0xbb, 0xc3, 0xbb,
    0xc2, 0xbb, 0xc2, 0xbb, 0xe2, 0xbb, 0xe1, 0xbb, 0x02, 0xc4, 0x02, 0xc4,
    0x02, 0xc4, 0x01, 0xc4, 0xa3, 0xb3, 0xe5, 0x51, 0xad, 0x7b, 0xee, 0x8b,
    0x4b, 0x7b, 0xea, 0x6a, 0x94, 0xbd, 0x0e, 0x94, 0xf1, 0xac, 0xf5, 0xd5,
    0x93, 0xc5, 0x90, 0xa4, 0xcd, 0x8b, 0xcd, 0x8b, 0xcd, 0x83, 0x4f, 0xa4,
    0x0c, 0xa4, 0xcb, 0x9b, 0x15, 0xde, 0xb4, 0xd5, 0xd4, 0xd5, 0xd4, 0xd5,
    0xb3, 0xd5, 0x92, 0xd5, 0x52, 0xd5, 0x51, 0xd5, 0x72, 0xd5, 0x72, 0xcd,
    0x71, 0xcd, 0x52, 0xcd, 0x72, 0xd5, 0x52, 0xcd, 0x72, 0xd5, 0x72, 0xcd,
    0x72, 0xcd, 0x72, 0xcd, 0x92, 0xcd, 0x93, 0xd5, 0x93, 0xd5, 0xb4, 0xcd,
    0xb4, 0xcd, 0xb4, 0xcd, 0xd3, 0xc5, 0xb4, 0xcd, 0xb4, 0xcd, 0xb4, 0xcd,
    0xd4, 0xcd, 0xb4, 0xcd, 0xb4, 0xcd, 0xd4, 0xc5, 0xd4, 0xc5, 0xb4, 0xcd,
    0xb4, 0xcd, 0xb3, 0xcd, 0xb4, 0xcd, 0xd4, 0xcd, 0xd4, 0xcd, 0xd4, 0xcd,
    0xd4, 0xcd, 0xd4, 0xcd, 0xd4, 0xcd, 0xb5, 0xc5, 0xb5, 0xcd, 0xb4, 0xc5,
    0xd4, 0xcd, 0xd4, 0xcd, 0xb5, 0xcd, 0xd4, 0xcd, 0xd4, 0xcd, 0xd4, 0xcd,
    0xd4, 0xcd, 0xd4, 0xcd, 0xd4, 0xcd, 0xb4, 0xcd, 0xb3, 0xcd, 0xb4, 0xd5,
    0xb3, 0xcd, 0x93, 0xd5, 0xd4, 0xd5, 0xac, 0x93, 0x64, 0x61, 0xe9, 0x72,
    0xa9, 0x62, 0x64, 0x71, 0x80, 0x80, 0xc1, 0x90, 0xa1, 0x98, 0x43, 0x79,
    0x2b, 0x7b, 0x8c, 0x7b, 0x6d, 0x83, 0xee, 0x8b, 0x91, 0x9c, 0x70, 0x9c,
    0x70, 0x94, 0x50, 0x94, 0x50, 0x94, 0x71, 0x9c, 0x74, 0xb5, 0x95, 0xb5,
    0x13, 0xad, 0x33, 0xad, 0x33, 0xad, 0xb5, 0xbd, 0xd5, 0xbd, 0xd6, 0xc5,
    0xd6, 0xc5, 0x0f, 0xa4, 0xcd, 0xa3, 0x94, 0xbd, 0x74, 0xb5, 0x33, 0xad,
    0x95, 0xb5, 0x95, 0xb5, 0xb5, 0xb5, 0xd5, 0xbd, 0xb5, 0xbd, 0xb5, 0xbd,
    0xb5, 0xb5, 0xb5, 0xb5, 0xd5, 0xbd, 0xb5, 0xb5, 0xb5, 0xbd, 0xb5, 0xbd,
    0xd5, 0xb5, 0xd6, 0xb5, 0xd5, 0xbd, 0xd5, 0xbd, 0xd5, 0xb5, 0xb5, 0xb5,
    0xb5, 0xbd, 0xd5, 0xbd, 0xb5, 0xb5, 0xb5, 0xbd, 0xb5, 0xbd, 0x95, 0xb5,
    0xb5, 0xbd, 0xb5, 0xbd, 0x95, 0xb5, 0xb5, 0xbd, 0xb6, 0xbd, 0xb6, 0xbd,
    0xd6, 0xbd, 0xd6, 0xb5, 0xd6, 0xbd, 0xb6, 0xb5, 0xb5, 0xb5, 0xb6, 0xb5,
    0xb6, 0xbd, 0x95, 0xb5, 0xb6, 0xbd, 0xb6, 0xbd, 0x95, 0xb5, 0xb6, 0xbd,
    0xb6, 0xb5, 0x95, 0xb5, 0xb6, 0xbd, 0xb6, 0xb5, 0xb6, 0xbd, 0xb6, 0xbd,
    0xb6, 0xbd, 0xb6, 0xb5, 0x96, 0xb5, 0x95, 0xb5, 0x95, 0xbd, 0xb6, 0xbd,
    0x96, 0xb5, 0x96, 0xb5, 0xb6, 0xbd, 0xb6, 0xb5, 0xd6, 0xbd, 0xb6, 0xbd,
    0xd6, 0xbd, 0xd6, 0xbd, 0xb6, 0xbd, 0xd7, 0xbd, 0xb6, 0xbd, 0xb6, 0xbd,
    0xb6, 0xbd, 0x95, 0xb5, 0x95, 0xb5, 0xb6, 0xb5, 0xb6, 0xbd, 0xb6, 0xbd,
    0xb6, 0xb5, 0x95, 0xb5, 0xb6, 0xbd, 0xb6, 0xbd, 0x95, 0xb5, 0xb6, 0xbd,
    0x95, 0xb5, 0x96, 0xb5, 0xb6, 0xbd, 0xb5, 0xb5, 0xb6, 0xbd, 0xb6, 0xbd,
    0xb5, 0xb5, 0x95, 0xbd, 0x96, 0xb5, 0x95, 0xb5, 0xb6, 0xb5, 0xb6, 0xbd,
    0xb6, 0xb5, 0xb5, 0xb5, 0xb6, 0xbd, 0x96, 0xb5, 0x95, 0xb5, 0x95, 0xb5,
    0x96, 0xb5, 0xb6, 0xb5, 0x95, 0xb5, 0xd6, 0xbd, 0xd6, 0xbd, 0xb6, 0xbd,
    0xb6, 0xbd, 0xb6, 0xbd, 0xb6, 0xb5, 0xb6, 0xb5, 0x95, 0xb5, 0x95, 0xb5,
    0x95, 0xb5, 0x96, 0xb5, 0x95, 0xbd, 0x95, 0xb5, 0x95, 0xb5, 0x95, 0xb5,
    0xb5, 0xbd, 0xb5, 0xbd, 0xb5, 0xb5, 0xb5, 0xb5, 0xd6, 0xbd, 0xd6, 0xbd,
    0x95, 0xb5, 0x13, 0xa5, 0xf2, 0x9c, 0x50, 0x8c, 0xce, 0x7b, 0x12, 0xad,
    0x36, 0xce, 0x15, 0xce, 0xd4, 0xbd, 0xf4, 0xc5, 0xb4, 0xc5, 0xb3, 0xbd,
    0xd3, 0xc5, 0xd3, 0xbd, 0x93, 0xbd, 0x92, 0xbd, 0x92, 0xbd, 0x93, 0xbd,
    0x36, 0xce, 0x56, 0xd6, 0xf6, 0xc5, 0x57, 0xce, 0x99, 0xd6, 0x78, 0xd6,
    0x58, 0xd6, 0x57, 0xd6, 0x58, 0xce, 0x78, 0xce, 0x78, 0xd6, 0x78, 0xd6,
    0x78, 0xd6, 0x98, 0xd6, 0x78, 0xd6, 0x78, 0xd6, 0x78, 0xd6, 0x58, 0xd6,
    0x58, 0xd6, 0xf6, 0xc5, 0xf5, 0xc5, 0x32, 0xad, 0x32, 0xad, 0x31, 0xb5,
    0x51, 0xb5, 0x52, 0xb5, 0x72, 0xb5, 0x93, 0xbd, 0xd4, 0xc5, 0x16, 0xce,
    0x16, 0xce, 0x36, 0xce, 0x17, 0xce, 0x37, 0xce, 0x57, 0xce, 0x58, 0xce,
    0x57, 0xce, 0x57, 0xce, 0x57, 0xce, 0x57, 0xce, 0x57, 0xce, 0x58, 0xce,
    0x78, 0xd6, 0x58, 0xce, 0x57, 0xce, 0x58, 0xd6, 0x98, 0xd6, 0x99, 0xde,
    0x99, 0xde, 0x58, 0xd6, 0x16, 0xce, 0x55, 0xd6, 0x4b, 0xc4, 0x41, 0x9a,
    0x61, 0xa2, 0x20, 0x92, 0x41, 0x9a, 0xe2, 0xa2, 0x83, 0xb3, 0xc2, 0xbb,
    0xc1, 0xbb, 0xa1, 0xbb, 0xc1, 0xbb, 0xe1, 0xbb, 0xe1, 0xbb, 0xe1, 0xc3,
    0xe1, 0xc3, 0x01, 0xc4, 0xe1, 0xc3, 0xe0, 0xc3, 0xc3, 0xb3, 0xa4, 0x49,
    0xce, 0x83, 0xce, 0x83, 0x0b, 0x73, 0xc9, 0x72, 0xb0, 0xac, 0x74, 0xc5,
    0x0f, 0x9c, 0x32, 0xbd, 0xf5, 0xd5, 0xf1, 0xac, 0xee, 0x8b, 0xad, 0x83,
    0xce, 0x8b, 0x0e, 0x94, 0x4d, 0xa4, 0x8a, 0x93, 0x52, 0xc5, 0xd4, 0xcd,
    0xd4, 0xd5, 0xd3, 0xd5, 0xb3, 0xcd, 0xb3, 0xd5, 0x73, 0xcd, 0x72, 0xd5,
    0x72, 0xcd, 0x72, 0xd5, 0x72, 0xcd, 0x72, 0xcd, 0x72, 0xcd, 0x72, 0xcd,
    0x72, 0xd5, 0x72, 0xcd, 0x92, 0xd5, 0x92, 0xcd, 0xb3, 0xcd, 0xb3, 0xd5,
    0xb3, 0xcd, 0xb3, 0xcd, 0xb4, 0xcd, 0xd4, 0xcd, 0xd3, 0xcd, 0xb4, 0xcd,
    0xd4, 0xcd, 0xb5, 0xcd, 0xd3, 0xc5, 0xb3, 0xcd, 0xb4, 0xcd, 0xd3, 0xcd,
    0xd4, 0xcd, 0xb4, 0xcd, 0xd3, 0xc5, 0xd3, 0xcd, 0xb4, 0xc5, 0xd4, 0xcd,
    0xd4, 0xcd, 0xd4, 0xcd, 0xb4, 0xcd, 0xd5, 0xc5, 0xb5, 0xcd, 0xd4, 0xcd,
    0xb5, 0xc5, 0xd5, 0xcd, 0xb4, 0xcd, 0xb4, 0xc5, 0xd4, 0xc5, 0xd4, 0xcd,
    0xd5, 0xcd, 0xf4, 0xcd, 0xf4, 0xcd, 0xd4, 0xcd, 0xd4, 0xcd, 0xd4, 0xcd,
    0xb4, 0xd5, 0xd4, 0xd5, 0xb3, 0xd5, 0x93, 0xd5, 0x36, 0xe6, 0xe1, 0x48,
    0x88, 0x7a, 0xa9, 0x62, 0x88, 0x6a, 0x81, 0x70, 0xa1, 0x88, 0xa1, 0x90,
    0xa1, 0x90, 0xc1, 0x88, 0xea, 0x82, 0x0a, 0x6b, 0x6d, 0x83, 0xf2, 0xac,
    0x91, 0x9c, 0x91, 0x9c, 0x70, 0x94, 0x50, 0x94, 0x50, 0x94, 0x30, 0x8c,
    0x75, 0xb5, 0x54, 0xad, 0x34, 0xad, 0x54, 0xad, 0xf2, 0xa4, 0xd5, 0xbd,
    0xd6, 0xbd, 0xd5, 0xbd, 0xb6, 0xbd, 0x54, 0xb5, 0x74, 0xb5, 0xb5, 0xb5,
    0x33, 0xad, 0x75, 0xb5, 0xb5, 0xb5, 0xb5, 0xbd, 0xb5, 0xbd, 0xb5, 0xbd,
    0xb5, 0xb5, 0xb5, 0xbd, 0xb5, 0xbd, 0xb5, 0xbd, 0xb5, 0xb5, 0xb5, 0xb5,
    0xb5, 0xbd, 0xb6, 0xbd, 0xb5, 0xb5, 0xd5, 0xb5, 0xd5, 0xbd, 0xd5, 0xb5,
    0xd6, 0xbd, 0xb5, 0xb5, 0xb5, 0xb5, 0xb6, 0xbd, 0x95, 0xb5, 0xb5, 0xb5,
    0xb5, 0xbd, 0x95, 0xb5, 0xb5, 0xbd, 0xb5, 0xb5, 0xb6, 0xb5, 0xb5, 0xbd,
    0xd6, 0xbd, 0xb6, 0xb5, 0xd6, 0xb5, 0xd6, 0xbd, 0xb6, 0xb5, 0xb5, 0xb5,
    0xb6, 0xb5, 0x95, 0xb5, 0xb6, 0xbd, 0x95, 0xb5, 0xb6, 0xb5, 0xb6, 0xbd,
    0xb6, 0xbd, 0xb6, 0xbd, 0xb6, 0xb5, 0x95, 0xb5, 0xb5, 0xb5, 0xb6, 0xbd,
    0xb6, 0xbd, 0xd6, 0xbd, 0xb6, 0xb5, 0xb6, 0xbd, 0xb6, 0xb5, 0xb6, 0xbd,
    0x96, 0xb5, 0xb6, 0xbd, 0xb6, 0xbd, 0x95, 0xb5, 0xb6, 0xbd, 0xb6, 0xbd,
    0xb6, 0xb5, 0xb7, 0xbd, 0xb6, 0xbd, 0xd6, 0xbd, 0xb6, 0xbd, 0xb6, 0xbd,
    0xb6, 0xbd, 0xb6, 0xbd, 0xd6, 0xbd, 0xb6, 0xbd, 0x95, 0xb5, 0x96, 0xbd,
    0x96, 0xb5, 0xb6, 0xb5, 0xb6, 0xbd, 0xb6, 0xb5, 0xb6, 0xb5, 0xb6, 0xbd,
    0xb6, 0xb5, 0xb6, 0xbd, 0x96, 0xb5, 0x96, 0xb5, 0xb6, 0xbd, 0xb6, 0xbd,
    0xb6, 0xbd, 0x96, 0xb5, 0x96, 0xb5, 0x96, 0xb5, 0xb5, 0xb5, 0xb6, 0xb5,
    0xb6, 0xbd, 0xb6, 0xb5, 0x95, 0xb5, 0xb6, 0xb5, 0x95, 0xb5, 0x95, 0xb5,
    0x96, 0xb5, 0x95, 0xb5, 0x54, 0xb5, 0x12, 0xad, 0x12, 0xad, 0xf2, 0xa4,
    0x94, 0xbd, 0xf6, 0xc5, 0xd6, 0xbd, 0x95, 0xbd, 0xb5, 0xbd, 0x95, 0xbd,
    0x95, 0xbd, 0x95, 0xb5, 0x75, 0xb5, 0x95, 0xb5, 0x95, 0xb5, 0xb5, 0xbd,
    0xd6, 0xbd, 0xd5, 0xbd, 0x75, 0xb5, 0x74, 0xb5, 0x95, 0xb5, 0x74, 0xb5,
    0xf2, 0xa4, 0x30, 0x8c, 0x91, 0x94, 0x71, 0x94, 0x50, 0x8c, 0x73, 0xb5,
    0x36, 0xc6, 0xd4, 0xc5, 0xb3, 0xbd, 0xf4, 0xc5, 0xd4, 0xc5, 0xd4, 0xc5,
    0xb4, 0xc5, 0xd3, 0xbd, 0xb3, 0xbd, 0xb3, 0xbd, 0xb3, 0xbd, 0x93, 0xbd,
    0x15, 0xce, 0x77, 0xd6, 0x15, 0xce, 0x77, 0xd6, 0x57, 0xd6, 0x57, 0xd6,
    0x37, 0xce, 0x37, 0xce, 0x57, 0xce, 0x78, 0xd6, 0x57, 0xce, 0x57, 0xd6,
    0x58, 0xd6, 0x57, 0xce, 0x58, 0xce, 0x58, 0xd6, 0x78, 0xd6, 0x78, 0xd6,
    0x78, 0xd6, 0x57, 0xce, 0x37, 0xce, 0xb5, 0xbd, 0x32, 0xad, 0x32, 0xad,
    0x31, 0xad, 0x51, 0xb5, 0x52, 0xb5, 0x52, 0xb5, 0x52, 0xb5, 0x93, 0xb5,
    0xd4, 0xc5, 0x15, 0xc6, 0x36, 0xce, 0x16, 0xce, 0x37, 0xce, 0x37, 0xce,
    0x37, 0xce, 0x37, 0xce, 0x37, 0xce, 0x78, 0xd6, 0x58, 0xce, 0x37, 0xce,
    0x57, 0xce, 0x78, 0xd6, 0x78, 0xd6, 0x98, 0xd6, 0xb9, 0xde, 0x99, 0xd6,
    0x78, 0xd6, 0x37, 0xce, 0x37, 0xce, 0x78, 0xd6, 0x37, 0xd6, 0xb4, 0xc5,
    0xd3, 0xc5, 0x10, 0xc5, 0xa7, 0x82, 0xa5, 0x8a, 0x02, 0x82, 0x63, 0x8a,
    0x63, 0x8a, 0x82, 0x9a, 0x03, 0xab, 0x83, 0xb3, 0xe2, 0xbb, 0xe1, 0xc3,
    0xe1, 0xcb, 0xe0, 0xcb, 0x00, 0xc4, 0x01, 0xc4, 0x20, 0xc4, 0xa6, 0xc4,
    0xe3, 0x61, 0x47, 0x62, 0xcd, 0x7b, 0xce, 0x83, 0x4c, 0x7b, 0x48, 0x72,
    0x47, 0x7a, 0x52, 0xc5, 0x73, 0xbd, 0x0e, 0x94, 0x73, 0xc5, 0x94, 0xc5,
    0xee, 0x93, 0xac, 0x83, 0xcd, 0x8b, 0xce, 0x8b, 0x6f, 0xa4, 0xcf, 0xbc,
    0x0d, 0x9c, 0xb4, 0xcd, 0xd4, 0xd5, 0xd4, 0xd5, 0xb4, 0xd5, 0xb3, 0xd5,
    0xb3, 0xd5, 0x93, 0xcd, 0x92, 0xcd, 0x72, 0xcd, 0x72, 0xcd, 0x72, 0xcd,
    0x72, 0xcd, 0x92, 0xcd, 0x92, 0xcd, 0x92, 0xcd, 0xb3, 0xcd, 0xb3, 0xcd,
    0xb3, 0xcd, 0xb3, 0xcd, 0xb3, 0xcd, 0xd3, 0xcd, 0xb4, 0xcd, 0xd4, 0xcd,
    0xb4, 0xcd, 0xb4, 0xcd, 0xd4, 0xcd, 0xb4, 0xcd, 0xb4, 0xc5, 0xd3, 0xcd,
    0xd3, 0xcd, 0xb3, 0xc5, 0xb3, 0xcd, 0xb3, 0xc5, 0xb4, 0xcd, 0xb4, 0xcd,
    0xb4, 0xc5, 0xd3, 0xcd, 0xd3, 0xcd, 0xb4, 0xcd, 0xd4, 0xc5, 0xb4, 0xcd,
    0xb5, 0xcd, 0xb4, 0xcd, 0xb5, 0xc5, 0xd5, 0xcd, 0xd4, 0xcd, 0xd4, 0xcd,
    0xd4, 0xcd, 0xd4, 0xcd, 0xd4, 0xcd, 0xd4, 0xcd, 0xd4, 0xcd, 0xd4, 0xcd,
    0xd4, 0xcd, 0xd4, 0xcd, 0xd4, 0xcd, 0xd4, 0xcd, 0xb4, 0xd5, 0xf5, 0xd5,
    0x8c, 0x93, 0x23, 0x59, 0xea, 0x7a, 0x89, 0x62, 0xe7, 0x69, 0x60, 0x78,
    0xa1, 0x88, 0xa1, 0x90, 0xa1, 0x90, 0xa0, 0x90, 0x88, 0x82, 0x0a, 0x6b,
    0x4b, 0x73, 0x75, 0xbd, 0x91, 0x9c, 0x91, 0x9c, 0x70, 0x94, 0x50, 0x94,
    0x50, 0x94, 0x2f, 0x8c, 0xd2, 0x9c, 0x74, 0xad, 0x54, 0xad, 0xd2, 0x9c,
    0x13, 0xad, 0xb5, 0xbd, 0xd5, 0xbd, 0xd5, 0xbd, 0xb5, 0xbd, 0xd5, 0xbd,
    0xd5, 0xbd, 0xb5, 0xbd, 0x33, 0xad, 0x95, 0xb5, 0x95, 0xb5, 0x95, 0xb5,
    0xb5, 0xbd, 0xb5, 0xb5, 0xb6, 0xbd, 0xb5, 0xbd, 0xb5, 0xb5, 0xb5, 0xbd,
    0xb5, 0xbd, 0xb5, 0xb5, 0xd5, 0xbd, 0xd5, 0xbd, 0xb5, 0xbd, 0xb5, 0xbd,
    0xb5, 0xbd, 0xb5, 0xb5, 0xd6, 0xbd, 0xb5, 0xb5, 0xb5, 0xbd, 0xb5, 0xbd,
    0xb5, 0xb5, 0xb5, 0xb5, 0xb5, 0xb5, 0x95, 0xb5, 0xb5, 0xbd, 0xb5, 0xbd,
    0xb6, 0xb5, 0xb5, 0xb5, 0xb6, 0xbd, 0xb6, 0xbd, 0xb6, 0xbd, 0xb6, 0xbd,
    0xb6, 0xbd, 0xb6, 0xbd, 0xb6, 0xbd, 0x96, 0xb5, 0xb6, 0xbd, 0x95, 0xb5,
    0xb6, 0xb5, 0x95, 0xb5, 0x95, 0xb5, 0xb6, 0xb5, 0x96, 0xbd, 0xb6, 0xbd,
    0x95, 0xb5, 0xb6, 0xbd, 0xb6, 0xb5, 0xb6, 0xbd, 0xb6, 0xb5, 0xb6, 0xbd,
    0xb6, 0xbd, 0xb6, 0xb5, 0x96, 0xb5, 0xb6, 0xbd, 0xb5, 0xb5, 0xb6, 0xb5,
    0xb6, 0xbd, 0xb6, 0xbd, 0xb6, 0xb5, 0xb6, 0xbd, 0xb6, 0xbd, 0xb6, 0xbd,
    0xb6, 0xbd, 0xd6, 0xbd, 0xb6, 0xbd, 0xb6, 0xbd, 0xd6, 0xbd, 0xb6, 0xbd,
    0x95, 0xb5, 0x95, 0xb5, 0x95, 0xb5, 0xb6, 0xbd, 0xb6, 0xbd, 0x95, 0xb5,
    0x96, 0xb5, 0x96, 0xb5, 0xb6, 0xbd, 0xb6, 0xbd, 0x95, 0xb5, 0x95, 0xb5,
    0xb6, 0xb5, 0x96, 0xb5, 0x96, 0xb5, 0x95, 0xb5, 0xb6, 0xbd, 0x96, 0xbd,
    0xb5, 0xb5, 0xb6, 0xb5, 0xb5, 0xb5, 0x95, 0xb5, 0xb6, 0xb5, 0xb6, 0xb5,
    0x95, 0xb5, 0x95, 0xb5, 0x75, 0xb5, 0x34, 0xad, 0x91, 0x94, 0xce, 0x7b,
    0x70, 0x94, 0xd2, 0xa4, 0x4f, 0x94, 0x4e, 0x94, 0xb0, 0x9c, 0x13, 0xad,
    0x53, 0xad, 0x74, 0xb5, 0x74, 0xb5, 0x95, 0xbd, 0x95, 0xbd, 0x54, 0xb5,
    0x95, 0xb5, 0x74, 0xb5, 0x13, 0xa5, 0x8d, 0x73, 0xd2, 0x9c, 0x53, 0xad,
    0xf3, 0xa4, 0xcf, 0x7b, 0x0b, 0x63, 0xce, 0x7b, 0x0e, 0x84, 0x53, 0xad,
    0xf5, 0xc5, 0xd4, 0xc5, 0xf4, 0xc5, 0xd4, 0xc5, 0xb4, 0xbd, 0xd4, 0xc5,
    0xd4, 0xbd, 0xd4, 0xc5, 0xd4, 0xc5, 0xd3, 0xbd, 0x92, 0xb5, 0x92, 0xbd,
    0xb3, 0xbd, 0xf4, 0xc5, 0x35, 0xce, 0x36, 0xce, 0x57, 0xce, 0x57, 0xce,
    0x58, 0xd6, 0x58, 0xd6, 0x57, 0xce, 0x58, 0xd6, 0x57, 0xce, 0x57, 0xce,
    0x57, 0xce, 0x37, 0xce, 0x37, 0xce, 0x57, 0xce, 0x57, 0xce, 0x57, 0xce,
    0x57, 0xce, 0x37, 0xce, 0x37, 0xce, 0x57, 0xce, 0x58, 0xd6, 0xd5, 0xbd,
    0x53, 0xb5, 0x52, 0xb5, 0x52, 0xb5, 0x52, 0xb5, 0x52, 0xb5, 0x52, 0xb5,
    0x52, 0xb5, 0xb3, 0xc5, 0xd3, 0xc5, 0xb4, 0xbd, 0xf5, 0xc5, 0x16, 0xc6,
    0x37, 0xce, 0x37, 0xce, 0x16, 0xce, 0x16, 0xc6, 0x37, 0xce, 0x17, 0xc6,
    0x16, 0xc6, 0x37, 0xce, 0x57, 0xce, 0x78, 0xd6, 0x99, 0xd6, 0x98, 0xd6,
    0x58, 0xce, 0x78, 0xd6, 0x99, 0xd6, 0x98, 0xd6, 0xf6, 0xc5, 0x93, 0xb5,
    0xb4, 0xc5, 0xb4, 0xc5, 0x53, 0xbd, 0xb0, 0x9c, 0x2c, 0x73, 0xe5, 0x49,
    0xc9, 0x72, 0x87, 0x72, 0x46, 0x6a, 0xc4, 0x61, 0x82, 0x59, 0xc3, 0x61,
    0x04, 0x72, 0xa3, 0x8a, 0x43, 0xa3, 0xe2, 0xb3, 0x64, 0xbc, 0xe3, 0xab,
    0x44, 0x72, 0xe0, 0x38, 0x05, 0x5a, 0x6b, 0x83, 0xcd, 0x7b, 0xce, 0x8b,
    0x8d, 0x83, 0x85, 0x69, 0x26, 0x8a, 0xc9, 0x92, 0x55, 0xce, 0xb4, 0xc5,
    0xad, 0x8b, 0x94, 0xc5, 0x0e, 0x94, 0xac, 0x83, 0xad, 0x83, 0x2e, 0x94,
    0xed, 0x93, 0x31, 0xc5, 0x6e, 0xa4, 0x72, 0xc5, 0xb3, 0xcd, 0xd4, 0xd5,
    0xb4, 0xd5, 0xb4, 0xd5, 0xb3, 0xcd, 0xb3, 0xcd, 0x93, 0xd5, 0x93, 0xcd,
    0x92, 0xcd, 0x92, 0xcd, 0x93, 0xd5, 0x93, 0xd5, 0x93, 0xcd, 0xb3, 0xcd,
    0xb3, 0xcd, 0xd3, 0xcd, 0xb3, 0xcd, 0xb3, 0xcd, 0xb3, 0xcd, 0xb3, 0xcd,
    0xb4, 0xcd, 0xb4, 0xcd, 0xb3, 0xcd, 0xd4, 0xcd, 0xd4, 0xcd, 0xb4, 0xcd,
    0xb4, 0xc5, 0xd4, 0xcd, 0xb4, 0xcd, 0xb3, 0xc5, 0xb4, 0xc5, 0xb3, 0xc5,
    0xb4, 0xcd, 0xb5, 0xcd, 0xb4, 0xcd, 0xb4, 0xcd, 0xb3, 0xcd, 0xb4, 0xcd,
    0xb3, 0xcd, 0xb4, 0xc5, 0xd5, 0xcd, 0xd5, 0xcd, 0xb4, 0xcd, 0xb5, 0xc5,
    0xd4, 0xcd, 0xb4, 0xcd, 0xd5, 0xcd, 0xd5, 0xcd, 0xd4, 0xcd, 0xd5, 0xcd,
    0xd4, 0xcd, 0xd4, 0xcd, 0xd4, 0xcd, 0xd4, 0xcd, 0xd4, 0xcd, 0xd5, 0xcd,
    0xd5, 0xd5, 0xd5, 0xd5, 0x80, 0x40, 0x47, 0x72, 0xa9, 0x62, 0xa9, 0x62,
    0xa6, 0x61, 0x61, 0x78, 0x81, 0x90, 0xa1, 0x90, 0xa1, 0x90, 0xa1, 0x98,
    0x26, 0x82, 0xea, 0x6a, 0x0a, 0x73, 0xd2, 0xac, 0x70, 0x9c, 0x91, 0x94,
    0x70, 0x9c, 0x50, 0x94, 0x2f, 0x8c, 0x0f, 0x8c, 0xee, 0x83, 0x13, 0xad,
    0x74, 0xb5, 0x6c, 0x73, 0x95, 0xbd, 0xb5, 0xbd, 0xb5, 0xbd, 0xd6, 0xc5,
    0xd5, 0xc5, 0xb5, 0xbd, 0x95, 0xbd, 0xb5, 0xbd, 0x74, 0xb5, 0x94, 0xb5,
    0xb5, 0xb5, 0x95, 0xb5, 0xb5, 0xb5, 0xb5, 0xb5, 0xb6, 0xbd, 0xb6, 0xb5,
    0xb5, 0xb5, 0xb5, 0xb5, 0xb5, 0xbd, 0xb5, 0xb5, 0xd6, 0xbd, 0xd6, 0xbd,
    0xb5, 0xbd, 0xb5, 0xb5, 0xb5, 0xb5, 0xb5, 0xbd, 0xd5, 0xbd, 0xb5, 0xbd,
    0xb5, 0xb5, 0xb5, 0xbd, 0xb5, 0xb5, 0xb5, 0xbd, 0xb5, 0xbd, 0xb5, 0xb5,
    0xb5, 0xb5, 0xb5, 0xbd, 0xb5, 0xb5, 0xb5, 0xb5, 0xb6, 0xbd, 0xb6, 0xbd,
    0xb6, 0xbd, 0xb6, 0xbd, 0xb6, 0xb5, 0x95, 0xb5, 0xb6, 0xbd, 0xb6, 0xb5,
    0xb6, 0xbd, 0x95, 0xb5, 0xb6, 0xbd, 0x95, 0xb5, 0x95, 0xb5, 0xb6, 0xb5,
    0x95, 0xb5, 0xb6, 0xbd, 0xb6, 0xb5, 0xb6, 0xbd, 0x95, 0xb5, 0xd6, 0xbd,
    0x96, 0xb5, 0xb6, 0xbd, 0xb6, 0xbd, 0xb6, 0xbd, 0x95, 0xb5, 0xb6, 0xbd,
    0x96, 0xb5, 0xb6, 0xbd, 0xb6, 0xbd, 0xb6, 0xbd, 0xb6, 0xbd, 0xb6, 0xb5,
    0xb6, 0xbd, 0xd6, 0xbd, 0xb6, 0xbd, 0xb6, 0xbd, 0xd6, 0xbd, 0xb6, 0xbd,
    0xd6, 0xbd, 0xd6, 0xbd, 0x75, 0xb5, 0x96, 0xb5, 0xb6, 0xb5, 0x95, 0xb5,
    0xb6, 0xbd, 0xb6, 0xbd, 0x96, 0xb5, 0xb6, 0xbd, 0xb6, 0xb5, 0x95, 0xb5,
    0x96, 0xbd, 0xb6, 0xb5, 0xb6, 0xbd, 0x95, 0xb5, 0xb6, 0xb5, 0xb6, 0xbd,
    0xb6, 0xb5, 0x96, 0xb5, 0x95, 0xb5, 0x95, 0xb5, 0x96, 0xb5, 0xb5, 0xb5,
    0x96, 0xbd, 0x95, 0xb5, 0x95, 0xb5, 0x95, 0xb5, 0x75, 0xb5, 0x55, 0xad,
    0x4d, 0x6b, 0xef, 0x83, 0x6d, 0x73, 0xca, 0x5a, 0x6c, 0x73, 0x6f, 0x94,
    0x70, 0x94, 0x4f, 0x94, 0xb1, 0x9c, 0x70, 0x94, 0x2f, 0x8c, 0x0e, 0x84,
    0x0f, 0x8c, 0x0f, 0x84, 0xee, 0x83, 0xee, 0x83, 0x70, 0x94, 0x90, 0x9c,
    0xd2, 0xa4, 0x10, 0x8c, 0xae, 0x7b, 0xce, 0x83, 0x50, 0x94, 0x33, 0xad,
    0x15, 0xc6, 0x56, 0xce, 0x76, 0xd6, 0xf4, 0xc5, 0xb4, 0xbd, 0xb4, 0xc5,
    0xd4, 0xbd, 0xb4, 0xbd, 0xd4, 0xc5, 0xb3, 0xbd, 0x72, 0xbd, 0x93, 0xbd,
    0x14, 0xc6, 0xf4, 0xc5, 0x14, 0xc6, 0x15, 0xc6, 0x36, 0xce, 0x57, 0xd6,
    0x57, 0xd6, 0x57, 0xce, 0x57, 0xce, 0x58, 0xce, 0x57, 0xd6, 0x58, 0xd6,
    0x58, 0xd6, 0x78, 0xd6, 0x58, 0xd6, 0x78, 0xd6, 0x78, 0xd6, 0x78, 0xd6,
    0x98, 0xd6, 0x78, 0xd6, 0x78, 0xd6, 0x58, 0xd6, 0x58, 0xd6, 0x57, 0xce,
    0x37, 0xce, 0x37, 0xce, 0x74, 0xb5, 0x72, 0xb5, 0x52, 0xb5, 0x31, 0xad,
    0x31, 0xad, 0x31, 0xad, 0x72, 0xb5, 0xd4, 0xc5, 0xb3, 0xbd, 0xd4, 0xc5,
    0xd4, 0xc5, 0x36, 0xce, 0xf6, 0xc5, 0x17, 0xce, 0x17, 0xce, 0x17, 0xce,
    0x16, 0xc6, 0x16, 0xc6, 0x17, 0xc6, 0xf6, 0xc5, 0x17, 0xc6, 0x16, 0xc6,
    0xb5, 0xbd, 0xd6, 0xc5, 0xf6, 0xc5, 0xd5, 0xbd, 0x74, 0xb5, 0x53, 0xb5,
    0x73, 0xb5, 0x16, 0xce, 0xf2, 0xa4, 0xad, 0x83, 0x50, 0x9c, 0xad, 0x83,
    0x28, 0x52, 0xea, 0x6a, 0xeb, 0x6a, 0xca, 0x62, 0x4c, 0x7b, 0x8c, 0x7b,
    0x8c, 0x83, 0x6b, 0x83, 0x29, 0x7b, 0xc9, 0x72, 0x69, 0x6a, 0x47, 0x62,
    0xa5, 0x51, 0xc6, 0x59, 0xe9, 0x7a, 0x0d, 0x9c, 0xcd, 0x8b, 0xcd, 0x83,
    0xae, 0x83, 0xee, 0x8b, 0x6c, 0x83, 0xe6, 0x79, 0x47, 0x9a, 0x43, 0x79,
    0x0d, 0xac, 0x36, 0xd6, 0xf6, 0xcd, 0xcd, 0x8b, 0xd1, 0xac, 0x8c, 0x7b,
    0x8c, 0x83, 0x4f, 0x9c, 0xac, 0x83, 0xaf, 0xac, 0x72, 0xc5, 0x11, 0xbd,
    0x93, 0xc5, 0xb4, 0xcd, 0xd4, 0xd5, 0xd4, 0xcd, 0xb4, 0xcd, 0xb3, 0xcd,
    0xb3, 0xd5, 0xb3, 0xcd, 0xb3, 0xd5, 0xb3, 0xd5, 0x93, 0xd5, 0xb3, 0xcd,
    0xb3, 0xcd, 0xb3, 0xcd, 0xb4, 0xcd, 0xb4, 0xcd, 0xb3, 0xcd, 0xd4, 0xcd,
    0xd4, 0xcd, 0xb4, 0xcd, 0xd4, 0xcd, 0xd3, 0xcd, 0xd3, 0xcd, 0xb3, 0xcd,
    0xb4, 0xcd, 0xb4, 0xcd, 0xb4, 0xc5, 0xb4, 0xcd, 0xd4, 0xcd, 0xb3, 0xc5,
    0xb4, 0xcd, 0xb3, 0xcd, 0xb4, 0xc5, 0xb4, 0xc5, 0xb5, 0xcd, 0xb4, 0xcd,
    0xd4, 0xcd, 0xd4, 0xcd, 0xf4, 0xd5, 0xf5, 0xd5, 0xd1, 0xac, 0x53, 0xbd,
    0xb5, 0xcd, 0xb5, 0xcd, 0xd4, 0xc5, 0xb4, 0xc5, 0xd4, 0xcd, 0xb4, 0xc5,
    0xb4, 0xcd, 0xd5, 0xcd, 0xd4, 0xcd, 0xd4, 0xcd, 0xd4, 0xcd, 0xd5, 0xcd,
    0xd5, 0xcd, 0xd4, 0xcd, 0x77, 0xe6, 0xa5, 0x59, 0xc5, 0x61, 0xa9, 0x6a,
    0xa9, 0x62, 0xa9, 0x62, 0xa5, 0x69, 0x60, 0x78, 0xa1, 0x88, 0xa1, 0x90,
    0xc1, 0x90, 0xc1, 0x98, 0xa4, 0x89, 0xea, 0x6a, 0x2b, 0x73, 0xad, 0x83,
    0x91, 0x9c, 0x91, 0x94, 0x70, 0x94, 0x2f, 0x94, 0x0f, 0x8c, 0xef, 0x83,
    0xce, 0x83, 0xad, 0x83, 0x8c, 0x73, 0xad, 0x7b, 0xd5, 0xbd, 0xb5, 0xbd,
    0xd5, 0xbd, 0xd6, 0xbd, 0xd5, 0xbd, 0xd5, 0xbd, 0xb5, 0xbd, 0xb5, 0xbd,
    0xb5, 0xb5, 0x74, 0xb5, 0xb5, 0xbd, 0xb5, 0xb5, 0xb5, 0xbd, 0xb6, 0xbd,
    0xb5, 0xb5, 0xb6, 0xbd, 0x95, 0xb5, 0xb5, 0xb5, 0x95, 0xb5, 0xb5, 0xbd,
    0xd5, 0xbd, 0xd6, 0xbd, 0xd5, 0xbd, 0xb5, 0xb5, 0xd6, 0xbd, 0xb5, 0xbd,
    0xb5, 0xbd, 0xb5, 0xb5, 0xb5, 0xb5, 0xb5, 0xb5, 0x95, 0xb5, 0x95, 0xb5,
    0xb5, 0xb5, 0xb5, 0xbd, 0xb5, 0xb5, 0xb5, 0xb5, 0x95, 0xb5, 0xb5, 0xbd,
    0xb6, 0xb5, 0xb6, 0xb5, 0xb6, 0xb5, 0xb6, 0xbd, 0xb6, 0xb5, 0x95, 0xb5,
    0xb6, 0xbd, 0x95, 0xb5, 0xb6, 0xbd, 0x96, 0xb5, 0x96, 0xb5, 0xb6, 0xbd,
    0x95, 0xb5, 0x96, 0xbd, 0x95, 0xb5, 0xb6, 0xbd, 0xb6, 0xb5, 0xb6, 0xbd,
    0x95, 0xb5, 0xb6, 0xbd, 0xb6, 0xbd, 0xb6, 0xb5, 0xb6, 0xbd, 0xb6, 0xbd,
    0xb6, 0xb5, 0x96, 0xb5, 0xb6, 0xb5, 0xb6, 0xbd, 0xb6, 0xb5, 0xb6, 0xbd,
    0xb6, 0xbd, 0xb6, 0xbd, 0xd6, 0xbd, 0xb6, 0xbd, 0xb6, 0xbd, 0xb6, 0xbd,
    0xb6, 0xbd, 0xd6, 0xbd, 0xd6, 0xbd, 0xb6, 0xbd, 0x75, 0xb5, 0x95, 0xb5,
    0x95, 0xb5, 0x95, 0xb5, 0x96, 0xb5, 0xb6, 0xbd, 0xb6, 0xb5, 0x95, 0xbd,
    0x96, 0xb5, 0x95, 0xb5, 0xb6, 0xb5, 0x96, 0xbd, 0x95, 0xb5, 0x96, 0xb5,
    0x95, 0xb5, 0x95, 0xb5, 0xb6, 0xbd, 0x96, 0xb5, 0x95, 0xb5, 0x95, 0xb5,
    0x96, 0xb5, 0xb6, 0xb5, 0x95, 0xb5, 0x95, 0xb5, 0x75, 0xb5, 0x75, 0xb5,
    0x94, 0xad, 0x95, 0xb5, 0x0f, 0x8c, 0x58, 0xce, 0xd9, 0xe6, 0x1a, 0xe7,
    0xd5, 0xc5, 0x91, 0x9c, 0x12, 0xad, 0xf2, 0xa4, 0xb1, 0x9c, 0x4f, 0x8c,
    0x0f, 0x84, 0x2f, 0x8c, 0x6f, 0x94, 0x12, 0xa5, 0x52, 0xad, 0xd1, 0x9c,
    0x0e, 0x84, 0xd1, 0xa4, 0xad, 0x7b, 0x34, 0xad, 0xf5, 0xc5, 0xd4, 0xc5,
    0x55, 0xd6, 0x14, 0xce, 0xf4, 0xc5, 0xd4, 0xbd, 0xd4, 0xbd, 0xd4, 0xbd,
    0xb4, 0xbd, 0xb4, 0xbd, 0xf4, 0xc5, 0xf4, 0xc5, 0xb3, 0xbd, 0x15, 0xc6,
    0x35, 0xce, 0x56, 0xd6, 0x36, 0xce, 0x56, 0xd6, 0x77, 0xd6, 0x57, 0xce,
    0x58, 0xd6, 0x57, 0xce, 0x57, 0xd6, 0x37, 0xce, 0x37, 0xce, 0x37, 0xce,
    0x37, 0xce, 0x37, 0xce, 0x37, 0xce, 0x37, 0xce, 0x37, 0xce, 0x37, 0xce,
    0x37, 0xce, 0x37, 0xce, 0x38, 0xd6, 0x37, 0xce, 0x37, 0xce, 0x57, 0xce,
    0x37, 0xce, 0x37, 0xce, 0x37, 0xce, 0x37, 0xce, 0xd5, 0xc5, 0x93, 0xbd,
    0x72, 0xb5, 0x31, 0xad, 0x32, 0xb5, 0x52, 0xb5, 0xb3, 0xbd, 0xd4, 0xc5,
    0xb4, 0xc5, 0xd4, 0xc5, 0xd4, 0xc5, 0xb4, 0xbd, 0x37, 0xce, 0x16, 0xce,
    0xf6, 0xcd, 0x37, 0xce, 0x37, 0xce, 0x37, 0xce, 0x17, 0xc6, 0x37, 0xce,
    0xf6, 0xbd, 0x53, 0xad, 0x54, 0xb5, 0x33, 0xad, 0x33, 0xad, 0x53, 0xb5,
    0x74, 0xbd, 0xb4, 0xbd, 0xb5, 0xc5, 0xef, 0x8b, 0x70, 0x9c, 0xf2, 0xac,
    0xea, 0x6a, 0x89, 0x5a, 0xa9, 0x62, 0xa9, 0x5a, 0x89, 0x5a, 0xa9, 0x5a,
    0x23, 0x31, 0x2b, 0x6b, 0x2b, 0x73, 0x4b, 0x73, 0x2b, 0x73, 0xce, 0x83,
    0x2e, 0x94, 0x2f, 0x94, 0xee, 0x8b, 0x4f, 0x94, 0x4f, 0x94, 0x0e, 0x94,
    0xec, 0x83, 0xee, 0x83, 0xce, 0x83, 0xee, 0x83, 0x4c, 0x7b, 0xc5, 0x89,
    0x63, 0x81, 0xe6, 0x99, 0xe1, 0x78, 0xb4, 0xcd, 0x16, 0xce, 0x94, 0xc5,
    0x2f, 0x94, 0xad, 0x83, 0x8c, 0x7b, 0x2f, 0x9c, 0xcd, 0x8b, 0x8f, 0xa4,
    0xd4, 0xcd, 0xd0, 0xb4, 0xb4, 0xcd, 0xd4, 0xcd, 0xd3, 0xd5, 0xb4, 0xcd,
    0xd4, 0xcd, 0xd4, 0xd5, 0xb4, 0xcd, 0xb4, 0xcd, 0xb4, 0xd5, 0xd4, 0xcd,
    0xb4, 0xcd, 0xd4, 0xcd, 0xd4, 0xcd, 0xd4, 0xcd, 0xb4, 0xcd, 0xb4, 0xcd,
    0xb4, 0xcd, 0xd4, 0xcd, 0xd4, 0xcd, 0xb4, 0xcd, 0xd4, 0xcd, 0xd4, 0xc5,
    0xb4, 0xcd, 0xb4, 0xcd, 0xb4, 0xcd, 0xb4, 0xcd, 0xb4, 0xc5, 0xb4, 0xcd,
    0xb4, 0xcd, 0xb4, 0xc5, 0xb4, 0xcd, 0xb4, 0xcd, 0xb4, 0xc5, 0xb4, 0xc5,
    0xd4, 0xcd, 0xb4, 0xcd, 0x72, 0xc5, 0x8c, 0x8b, 0x0a, 0x7b, 0x2a, 0x7b,
    0xcd, 0x8b, 0xb4, 0xcd, 0xd4, 0xcd, 0xb4, 0xcd, 0xb4, 0xc5, 0xb4, 0xcd,
    0xd4, 0xcd, 0xd4, 0xcd, 0xd4, 0xc5, 0xb4, 0xcd, 0xd4, 0xcd, 0xd4, 0xcd,
    0xd4, 0xcd, 0xb4, 0xcd, 0xd4, 0xcd, 0x56, 0xde, 0x8c, 0x8b, 0x03, 0x41,
    0x89, 0x6a, 0xa9, 0x6a, 0xa9, 0x6a, 0xa9, 0x62, 0xe6, 0x69, 0x80, 0x70,
    0xa1, 0x88, 0xa1, 0x98, 0xa1, 0x98, 0xc1, 0x98, 0x83, 0x81, 0xea, 0x6a,
    0x2b, 0x73, 0x4c, 0x73, 0x70, 0x94, 0x91, 0x94, 0x70, 0x9c, 0x2f, 0x8c,
    0xee, 0x83, 0xce, 0x83, 0xee, 0x8b, 0x8d, 0x7b, 0x6c, 0x73, 0x2f, 0x8c,
    0xb5, 0xbd, 0xb5, 0xbd, 0xb5, 0xbd, 0xd5, 0xc5, 0xd5, 0xbd, 0xb5, 0xbd,
    0xb5, 0xbd, 0xb5, 0xbd, 0x95, 0xb5, 0xb5, 0xbd, 0x95, 0xb5, 0x95, 0xb5,
    0xb5, 0xbd, 0xb5, 0xb5, 0xb5, 0xb5, 0xb5, 0xbd, 0x95, 0xb5, 0xb5, 0xb5,
    0x95, 0xb5, 0xb5, 0xb5, 0xb5, 0xbd, 0xd6, 0xbd, 0xd5, 0xbd, 0xb5, 0xbd,
    0xd5, 0xbd, 0xb5, 0xb5, 0xd6, 0xbd, 0xb5, 0xb5, 0xb5, 0xbd, 0xb5, 0xb5,
    0xb5, 0xbd, 0x94, 0xb5, 0xb5, 0xb5, 0xb5, 0xbd, 0xb5, 0xb5, 0x95, 0xb5,
    0xb5, 0xb5, 0xb5, 0xbd, 0x96, 0xb5, 0xb6, 0xb5, 0xb6, 0xbd, 0xb6, 0xbd,
    0xb6, 0xbd, 0x95, 0xb5, 0xb6, 0xbd, 0x95, 0xb5, 0xb6, 0xbd, 0x95, 0xb5,
    0xb6, 0xb5, 0x95, 0xb5, 0x95, 0xb5, 0xb6, 0xb5, 0x95, 0xb5, 0xb6, 0xbd,
    0xb6, 0xbd, 0xb6, 0xb5, 0x95, 0xb5, 0xb6, 0xbd, 0xb6, 0xb5, 0xb6, 0xbd,
    0xb6, 0xb5, 0xb6, 0xbd, 0xb6, 0xb5, 0xb6, 0xbd, 0xb6, 0xbd, 0xb6, 0xb5,
    0xb6, 0xbd, 0xb6, 0xbd, 0xd6, 0xbd, 0xb6, 0xbd, 0xb6, 0xbd, 0xb6, 0xbd,
    0xb6, 0xbd, 0xd6, 0xbd, 0xb6, 0xbd, 0xb7, 0xbd, 0xb6, 0xbd, 0xd6, 0xc5,
    0x75, 0xb5, 0x95, 0xb5, 0xb6, 0xbd, 0x96, 0xb5, 0xb5, 0xb5, 0xb6, 0xbd,
    0xb6, 0xbd, 0x95, 0xb5, 0x96, 0xb5, 0xb6, 0xbd, 0xb6, 0xb5, 0x96, 0xb5,
    0x95, 0xb5, 0x95, 0xb5, 0x96, 0xb5, 0x95, 0xb5, 0xb6, 0xbd, 0xb6, 0xbd,
    0xb5, 0xb5, 0xb6, 0xb5, 0xb5, 0xb5, 0x95, 0xb5, 0x95, 0xb5, 0x96, 0xb5,
    0x95, 0xb5, 0x74, 0xb5, 0x54, 0xad, 0x71, 0x9c, 0xca, 0x62, 0x13, 0xad,
    0x97, 0xd6, 0x57, 0xd6, 0x77, 0xd6, 0x98, 0xde, 0xb8, 0xde, 0xb9, 0xde,
    0x78, 0xd6, 0x98, 0xde, 0xb9, 0xde, 0x37, 0xce, 0xb4, 0xbd, 0x36, 0xce,
    0x56, 0xce, 0x77, 0xd6, 0x15, 0xc6, 0xf5, 0xc5, 0x56, 0xd6, 0x97, 0xd6,
    0xf4, 0xc5, 0x34, 0xce, 0x34, 0xce, 0xb3, 0xbd, 0xd4, 0xc5, 0x94, 0xbd,
    0xb4, 0xbd, 0x93, 0xbd, 0xb4, 0xbd, 0xd5, 0xc5, 0xd4, 0xc5, 0x35, 0xce,
    0x56, 0xd6, 0x36, 0xce, 0x36, 0xce, 0x57, 0xd6, 0x57, 0xd6, 0x77, 0xd6,
    0x79, 0xd6, 0x58, 0xd6, 0x37, 0xce, 0x17, 0xce, 0x37, 0xce, 0x37, 0xce,
    0x37, 0xce, 0x16, 0xc6, 0x37, 0xc6, 0x17, 0xce, 0x37, 0xce, 0x37, 0xce,
    0x37, 0xce, 0x57, 0xce, 0x57, 0xce, 0x57, 0xce, 0x57, 0xd6, 0x57, 0xce,
    0x37, 0xce, 0x58, 0xd6, 0x58, 0xd6, 0x57, 0xce, 0x57, 0xce, 0x58, 0xd6,
    0x37, 0xce, 0xd4, 0xc5, 0x93, 0xbd, 0x73, 0xb5, 0x52, 0xb5, 0x73, 0xb5,
    0xd4, 0xc5, 0xb4, 0xbd, 0xd4, 0xc5, 0xf5, 0xc5, 0xd5, 0xc5, 0xd4, 0xbd,
    0xd5, 0xc5, 0xd5, 0xc5, 0xd5, 0xc5, 0xd5, 0xbd, 0xf6, 0xc5, 0xf6, 0xc5,
    0xd6, 0xc5, 0xd5, 0xbd, 0x53, 0xad, 0x34, 0xb5, 0x54, 0xb5, 0x54, 0xb5,
    0x74, 0xb5, 0x73, 0xb5, 0x94, 0xbd, 0x91, 0x9c, 0xd1, 0xa4, 0x74, 0xbd,
    0x8d, 0x7b, 0x48, 0x52, 0x68, 0x5a, 0x89, 0x5a, 0x89, 0x62, 0x68, 0x5a,
    0x68, 0x5a, 0x89, 0x5a, 0x20, 0x00, 0x4b, 0x73, 0x2b, 0x6b, 0x4c, 0x73,
    0x2b, 0x6b, 0x8c, 0x7b, 0xed, 0x8b, 0x0e, 0x8c, 0x2e, 0x8c, 0x2f, 0x94,
    0x4f, 0x94, 0x0e, 0x8c, 0xed, 0x8b, 0xee, 0x83, 0xce, 0x83, 0xce, 0x83,
    0x2b, 0x7b, 0xc1, 0x78, 0x63, 0x89, 0x84, 0x91, 0xe2, 0x90, 0xc5, 0x81,
    0xb4, 0xcd, 0xb4, 0xbd, 0x70, 0x9c, 0x8c, 0x83, 0x8c, 0x83, 0xcd, 0x83,
    0x0e, 0x94, 0x8f, 0xa4, 0xb3, 0xcd, 0x52, 0xbd, 0xd0, 0xac, 0xd4, 0xd5,
    0xb3, 0xcd, 0xb3, 0xcd, 0xd4, 0xcd, 0xb4, 0xcd, 0xd4, 0xcd, 0xd4, 0xcd,
    0xd4, 0xcd, 0xd4, 0xcd, 0xd4, 0xcd, 0xd4, 0xcd, 0xd4, 0xcd, 0xd3, 0xcd,
    0xb4, 0xcd, 0xb4, 0xcd, 0xb4, 0xcd, 0xd4, 0xcd, 0xb4, 0xcd, 0xb4, 0xcd,
    0xb4, 0xc5, 0xb4, 0xcd, 0xb4, 0xcd, 0xb4, 0xc5, 0xb4, 0xc5, 0xb4, 0xcd,
    0xb4, 0xc5, 0xb4, 0xc5, 0xb4, 0xcd, 0xb4, 0xcd, 0x94, 0xc5, 0xb4, 0xcd,
    0xd4, 0xd5, 0x53, 0xc5, 0x0d, 0x9c, 0xb4, 0xd5, 0xd1, 0xb4, 0x73, 0xc5,
    0xf5, 0xdd, 0xd4, 0xd5, 0x15, 0xd6, 0xd4, 0xcd, 0xb4, 0xcd, 0xb4, 0xcd,
    0xd4, 0xcd, 0xd4, 0xc5, 0xd5, 0xcd, 0xb4, 0xcd, 0xd4, 0xc5, 0xd5, 0xcd,
    0xb4, 0xc5, 0xd4, 0xcd, 0xd5, 0xcd, 0xb4, 0xc5, 0x15, 0xd6, 0x90, 0xa4,
    0xa1, 0x38, 0x68, 0x6a, 0xa9, 0x62, 0xa9, 0x62, 0xa9, 0x62, 0xaa, 0x6a,
    0x8a, 0x6a, 0xc2, 0x70, 0x61, 0x90, 0xc1, 0x88, 0xa1, 0x90, 0xa1, 0x98,
    0x84, 0x81, 0x0b, 0x7b, 0x2b, 0x73, 0x8c, 0x7b, 0xee, 0x8b, 0xb1, 0x9c,
    0x91, 0x9c, 0x50, 0x94, 0x0f, 0x8c, 0xee, 0x83, 0xee, 0x83, 0x8c, 0x7b,
    0x8c, 0x7b, 0x53, 0xad, 0xb5, 0xbd, 0xb5, 0xbd, 0xb5, 0xbd, 0xd6, 0xc5,
    0xd5, 0xbd, 0xb5, 0xbd, 0xd5, 0xbd, 0x95, 0xb5, 0x94, 0xb5, 0xb5, 0xbd,
    0x95, 0xb5, 0x95, 0xb5, 0xb5, 0xbd, 0xb5, 0xb5, 0xb6, 0xbd, 0xb5, 0xb5,
    0xb5, 0xb5, 0xb5, 0xbd, 0xb5, 0xbd, 0x95, 0xb5, 0xb6, 0xb5, 0xd6, 0xbd,
    0xd5, 0xbd, 0xb5, 0xb5, 0xb5, 0xbd, 0xb5, 0xb5, 0xd5, 0xbd, 0xb5, 0xbd,
    0xb5, 0xb5, 0x95, 0xb5, 0xb5, 0xbd, 0x94, 0xb5, 0xb5, 0xbd, 0x95, 0xb5,
    0xb5, 0xbd, 0x95, 0xb5, 0x95, 0xb5, 0x95, 0xb5, 0x95, 0xb5, 0x95, 0xbd,
    0xb6, 0xbd, 0xb6, 0xb5, 0xb6, 0xbd, 0x95, 0xb5, 0xb6, 0xbd, 0x96, 0xb5,
    0xb6, 0xb5, 0x95, 0xb5, 0xb6, 0xbd, 0x95, 0xb5, 0x95, 0xb5, 0xb6, 0xbd,
    0x95, 0xb5, 0xb6, 0xb5, 0xb6, 0xbd, 0x95, 0xb5, 0xb6, 0xb5, 0xb6, 0xbd,
    0xb6, 0xb5, 0xb6, 0xbd, 0xb6, 0xbd, 0xb6, 0xb5, 0xb6, 0xbd, 0xb5, 0xb5,
    0xb6, 0xbd, 0xb6, 0xbd, 0xb6, 0xb5, 0xd6, 0xbd, 0xb6, 0xb5, 0xd7, 0xbd,
    0xb6, 0xbd, 0xb6, 0xb5, 0xb6, 0xbd, 0xd7, 0xbd, 0xb6, 0xbd, 0xb7, 0xc5,
    0xb6, 0xbd, 0xd6, 0xbd, 0x75, 0xb5, 0x96, 0xb5, 0xb6, 0xb5, 0xb6, 0xbd,
    0xb6, 0xbd, 0x95, 0xb5, 0x96, 0xb5, 0x96, 0xb5, 0xb6, 0xbd, 0xb5, 0xb5,
    0x96, 0xbd, 0xb6, 0xbd, 0x95, 0xb5, 0x95, 0xb5, 0x96, 0xbd, 0xb6, 0xb5,
    0x96, 0xb5, 0x96, 0xb5, 0x95, 0xb5, 0xb6, 0xb5, 0x96, 0xb5, 0xb5, 0xb5,
    0xb6, 0xb5, 0x96, 0xb5, 0x95, 0xb5, 0x74, 0xad, 0xb1, 0xac, 0x6d, 0x8b,
    0xf2, 0xac, 0xee, 0x8b, 0xb8, 0xde, 0x77, 0xd6, 0x77, 0xd6, 0x77, 0xd6,
    0x77, 0xd6, 0x57, 0xd6, 0x57, 0xd6, 0x57, 0xd6, 0x77, 0xde, 0x78, 0xd6,
    0x78, 0xd6, 0x77, 0xd6, 0x77, 0xd6, 0x57, 0xd6, 0x77, 0xd6, 0x77, 0xd6,
    0x36, 0xce, 0xd3, 0xc5, 0x55, 0xd6, 0xf4, 0xcd, 0x52, 0xb5, 0x94, 0xbd,
    0x94, 0xc5, 0xb4, 0xc5, 0xb4, 0xbd, 0xb4, 0xc5, 0xf5, 0xc5, 0xd5, 0xc5,
    0x77, 0xd6, 0xf4, 0xc5, 0xf5, 0xc5, 0x16, 0xce, 0xf6, 0xc5, 0x37, 0xce,
    0x57, 0xd6, 0x37, 0xce, 0x37, 0xce, 0x58, 0xd6, 0x58, 0xd6, 0x57, 0xce,
    0x37, 0xce, 0x37, 0xce, 0x57, 0xce, 0x57, 0xce, 0x37, 0xce, 0x57, 0xce,
    0x58, 0xd6, 0x58, 0xd6, 0x57, 0xce, 0x58, 0xce, 0x37, 0xce, 0x37, 0xce,
    0x17, 0xce, 0x37, 0xce, 0x37, 0xce, 0x37, 0xce, 0x17, 0xce, 0x37, 0xce,
    0x57, 0xce, 0x37, 0xce, 0x37, 0xce, 0x37, 0xce, 0x94, 0xb5, 0x73, 0xbd,
    0xb3, 0xbd, 0xd4, 0xc5, 0xb4, 0xbd, 0xd4, 0xbd, 0xf5, 0xc5, 0xf5, 0xc5,
    0xf5, 0xc5, 0xd5, 0xc5, 0xf6, 0xc5, 0xd5, 0xc5, 0xf6, 0xc5, 0xd6, 0xc5,
    0xd5, 0xc5, 0xd6, 0xc5, 0xb5, 0xbd, 0x74, 0xb5, 0x54, 0xb5, 0x54, 0xbd,
    0x54, 0xb5, 0x34, 0xb5, 0x33, 0xb5, 0x54, 0xb5, 0x95, 0xbd, 0x34, 0xb5,
    0x75, 0xbd, 0xea, 0x6a, 0x68, 0x5a, 0x48, 0x5a, 0x69, 0x5a, 0x48, 0x5a,
    0x68, 0x5a, 0x69, 0x5a, 0x68, 0x5a, 0x89, 0x5a, 0x00, 0x08, 0xca, 0x62,
    0x2b, 0x6b, 0x2b, 0x6b, 0x2b, 0x6b, 0x8d, 0x7b, 0x0f, 0x8c, 0x0e, 0x8c,
    0x0f, 0x94, 0x2f, 0x94, 0x2f, 0x94, 0x0e, 0x8c, 0xee, 0x8b, 0xee, 0x8b,
    0xcd, 0x83, 0xce, 0x83, 0x2a, 0x7b, 0xe1, 0x80, 0xe2, 0x80, 0x84, 0x91,
    0xc2, 0x88, 0xa1, 0x88, 0x8f, 0xc4, 0x2a, 0x63, 0xcd, 0x8b, 0x8c, 0x7b,
    0xad, 0x83, 0x6c, 0x7b, 0x70, 0x9c, 0x2e, 0x9c, 0x73, 0xc5, 0xf4, 0xcd,
    0x4e, 0x9c, 0x31, 0xbd, 0xd4, 0xcd, 0xd4, 0xcd, 0xd4, 0xcd, 0xb4, 0xcd,
    0xd4, 0xcd, 0xd4, 0xcd, 0xb4, 0xcd, 0xd4, 0xcd, 0xd4, 0xcd, 0xd4, 0xcd,
    0xd4, 0xcd, 0xd4, 0xcd, 0xb4, 0xcd, 0xb4, 0xcd, 0xb4, 0xcd, 0xd4, 0xcd,
    0xb4, 0xcd, 0xd4, 0xcd, 0xb4, 0xcd, 0xb4, 0xcd, 0xb4, 0xcd, 0xb4, 0xcd,
    0xb4, 0xcd, 0xb4, 0xcd, 0xb4, 0xc5, 0xb4, 0xc5, 0xb4, 0xcd, 0xb4, 0xcd,
    0xb4, 0xcd, 0xf1, 0xb4, 0x8b, 0x8b, 0x2e, 0x9c, 0xd5, 0xd5, 0xd4, 0xd5,
    0xf4, 0xcd, 0xf4, 0xcd, 0xd4, 0xcd, 0xd4, 0xcd, 0xd4, 0xcd, 0xb4, 0xcd,
    0xb5, 0xc5, 0xb4, 0xcd, 0xd4, 0xcd, 0xd4, 0xc5, 0xd4, 0xc5, 0xd5, 0xcd,
    0xd4, 0xcd, 0xd4, 0xcd, 0xb4, 0xc5, 0xb4, 0xcd, 0xd4, 0xcd, 0x16, 0xd6,
    0xd0, 0xac, 0x80, 0x28, 0x68, 0x62, 0x89, 0x62, 0x89, 0x62, 0xa9, 0x62,
    0x89, 0x62, 0x89, 0x6a, 0xea, 0x6a, 0xe6, 0x79, 0x43, 0x89, 0x63, 0x99,
    0x43, 0x99, 0xe2, 0x90, 0x67, 0x82, 0x0b, 0x73, 0x0b, 0x6b, 0xce, 0x8b,
    0x8c, 0x7b, 0xb1, 0x94, 0x91, 0x9c, 0x70, 0x94, 0x2f, 0x8c, 0x0f, 0x8c,
    0xee, 0x83, 0x4f, 0x94, 0xac, 0x7b, 0xd5, 0xc5, 0xb5, 0xbd, 0xb5, 0xbd,
    0xb5, 0xbd, 0xb5, 0xbd, 0xd6, 0xbd, 0xd5, 0xbd, 0xb5, 0xbd, 0x95, 0xb5,
    0xb5, 0xbd, 0x95, 0xbd, 0x95, 0xb5, 0xb5, 0xb5, 0xb5, 0xbd, 0xb5, 0xbd,
    0xb5, 0xb5, 0xb6, 0xbd, 0x95, 0xb5, 0x95, 0xb5, 0xb5, 0xb5, 0x95, 0xb5,
    0xb5, 0xb5, 0xb6, 0xbd, 0xb5, 0xb5, 0xb5, 0xbd, 0xb5, 0xb5, 0xb5, 0xb5,
    0xb5, 0xbd, 0xb5, 0xbd, 0xb5, 0xb5, 0xb5, 0xb5, 0xb5, 0xb5, 0x95, 0xb5,
    0xb5, 0xb5, 0x94, 0xb5, 0x94, 0xb5, 0xb5, 0xb5, 0x95, 0xb5, 0x95, 0xb5,
    0xb5, 0xb5, 0x96, 0xb5, 0xb5, 0xb5, 0xb6, 0xb5, 0xb6, 0xb5, 0x95, 0xb5,
    0xb6, 0xbd, 0x95, 0xb5, 0xb6, 0xb5, 0x95, 0xb5, 0x95, 0xb5, 0x96, 0xb5,
    0x96, 0xbd, 0x95, 0xb5, 0x96, 0xb5, 0xb6, 0xbd, 0x95, 0xb5, 0x96, 0xb5,
    0xb6, 0xbd, 0x95, 0xb5, 0xb6, 0xbd, 0xb6, 0xb5, 0xb6, 0xb5, 0xb6, 0xbd,
    0xb6, 0xbd, 0xb6, 0xbd, 0x96, 0xb5, 0xb6, 0xb5, 0xb6, 0xbd, 0xb6, 0xb5,
    0xd7, 0xbd, 0xd7, 0xbd, 0xd7, 0xbd, 0xd6, 0xbd, 0xd7, 0xbd, 0xd7, 0xbd,
    0xb6, 0xbd, 0xb6, 0xbd, 0xd6, 0xbd, 0xb6, 0xbd, 0x75, 0xb5, 0x95, 0xb5,
    0x95, 0xb5, 0x96, 0xb5, 0xb6, 0xbd, 0x95, 0xb5, 0xb5, 0xb5, 0xb6, 0xbd,
    0x95, 0xb5, 0x95, 0xb5, 0x95, 0xb5, 0x96, 0xb5, 0x95, 0xb5, 0x95, 0xb5,
    0x95, 0xb5, 0x95, 0xb5, 0xb5, 0xb5, 0x95, 0xb5, 0x95, 0xb5, 0x95, 0xb5,
    0x95, 0xbd, 0x95, 0xb5, 0x95, 0xb5, 0x95, 0xb5, 0x75, 0xb5, 0x74, 0xad,
    0x95, 0xbd, 0x2c, 0x8b, 0x53, 0xbd, 0xb4, 0xc5, 0x36, 0xce, 0x77, 0xd6,
    0x77, 0xd6, 0x77, 0xd6, 0x56, 0xd6, 0x77, 0xd6, 0x57, 0xd6, 0x77, 0xd6,
    0x56, 0xd6, 0x56, 0xd6, 0x37, 0xce, 0x57, 0xd6, 0x57, 0xd6, 0x57, 0xd6,
    0x36, 0xce, 0x57, 0xd6, 0x98, 0xde, 0xf5, 0xc5, 0x73, 0xbd, 0xb4, 0xbd,
    0xb5, 0xc5, 0xd5, 0xc5, 0xf6, 0xc5, 0x16, 0xce, 0xf5, 0xc5, 0x36, 0xce,
    0x36, 0xce, 0x36, 0xce, 0xf5, 0xc5, 0x15, 0xc6, 0xf6, 0xc5, 0xd5, 0xc5,
    0xd5, 0xc5, 0x16, 0xce, 0x16, 0xce, 0x37, 0xce, 0x57, 0xce, 0x57, 0xce,
    0x37, 0xce, 0x57, 0xce, 0x57, 0xce, 0x37, 0xce, 0x37, 0xce, 0x57, 0xce,
    0x37, 0xce, 0x37, 0xce, 0x37, 0xce, 0x37, 0xce, 0x37, 0xce, 0x37, 0xce,
    0x37, 0xce, 0x37, 0xce, 0x37, 0xce, 0x57, 0xce, 0x37, 0xce, 0x37, 0xce,
    0x57, 0xce, 0x57, 0xce, 0x37, 0xce, 0x78, 0xd6, 0x37, 0xce, 0x16, 0xc6,
    0x16, 0xc6, 0x93, 0xb5, 0x73, 0xb5, 0xd5, 0xc5, 0xd5, 0xbd, 0x16, 0xc6,
    0x16, 0xc6, 0x57, 0xce, 0x77, 0xd6, 0x16, 0xc6, 0xf6, 0xc5, 0x37, 0xce,
    0x37, 0xce, 0x37, 0xce, 0x37, 0xce, 0x37, 0xce, 0x37, 0xce, 0x16, 0xc6,
    0xd5, 0xbd, 0x95, 0xbd, 0x94, 0xbd, 0x74, 0xb5, 0x54, 0xb5, 0x54, 0xb5,
    0x75, 0xb5, 0x54, 0xb5, 0x50, 0x94, 0x23, 0x31, 0x27, 0x5a, 0x48, 0x5a,
    0x68, 0x5a, 0x27, 0x52, 0x48, 0x5a, 0x68, 0x5a, 0x68, 0x5a, 0x69, 0x5a,
    0x21, 0x08, 0x48, 0x52, 0x0b, 0x6b, 0x2b, 0x6b, 0x2b, 0x6b, 0x4c, 0x73,
    0x0e, 0x8c, 0x0f, 0x8c, 0x2f, 0x8c, 0x2f, 0x8c, 0x2f, 0x8c, 0x0f, 0x8c,
    0xee, 0x8b, 0xee, 0x8b, 0xad, 0x7b, 0xce, 0x83, 0x0a, 0x7b, 0xe1, 0x80,
    0xe1, 0x80, 0x43, 0x89, 0xa1, 0x80, 0xc1, 0x88, 0x85, 0x89, 0xf5, 0xc5,
    0x84, 0x41, 0x0b, 0x6b, 0xad, 0x83, 0x6c, 0x7b, 0x70, 0x9c, 0xcd, 0x8b,
    0x32, 0xbd, 0xd4, 0xcd, 0x72, 0xc5, 0xec, 0x93, 0xd4, 0xcd, 0xb4, 0xc5,
    0xd4, 0xcd, 0xb4, 0xcd, 0xd4, 0xcd, 0xb4, 0xcd, 0xb4, 0xcd, 0xb4, 0xcd,
    0xd4, 0xcd, 0xd4, 0xcd, 0xb4, 0xc5, 0xd4, 0xcd, 0xb4, 0xc5, 0xb4, 0xc5,
    0xb4, 0xcd, 0xb4, 0xc5, 0xb4, 0xc5, 0xb4, 0xcd, 0xb4, 0xc5, 0xb4, 0xc5,
    0xb4, 0xc5, 0xb4, 0xc5, 0xd4, 0xc5, 0xb4, 0xcd, 0xb4, 0xcd, 0xb4, 0xcd,
    0xb4, 0xc5, 0xb4, 0xcd, 0xb4, 0xcd, 0x52, 0xbd, 0xf5, 0xcd, 0xd5, 0xcd,
    0xb4, 0xc5, 0xd4, 0xcd, 0xd4, 0xcd, 0xd4, 0xcd, 0x14, 0xc6, 0xf5, 0xcd,
    0xf4, 0xcd, 0xf5, 0xcd, 0xf5, 0xcd, 0xd4, 0xcd, 0xb5, 0xcd, 0xb4, 0xcd,
    0xb5, 0xcd, 0xd4, 0xcd, 0xb4, 0xcd, 0xb5, 0xcd, 0xd5, 0xcd, 0xd4, 0xc5,
    0x57, 0xde, 0x0d, 0x94, 0x81, 0x30, 0x88, 0x62, 0x89, 0x62, 0x89, 0x5a,
    0x89, 0x62, 0xaa, 0x62, 0x89, 0x62, 0x89, 0x62, 0xc9, 0x62, 0x07, 0x72,
    0x63, 0x71, 0x42, 0x71, 0x43, 0x79, 0xa4, 0x79, 0xea, 0x72, 0x0b, 0x73,
    0x0a, 0x6b, 0x0e, 0x8c, 0x6c, 0x7b, 0x50, 0x94, 0x70, 0x9c, 0x70, 0x94,
    0x50, 0x8c, 0x50, 0x94, 0xee, 0x83, 0x0e, 0x8c, 0x91, 0x9c, 0x33, 0xad,
    0xd5, 0xbd, 0x95, 0xbd, 0xb5, 0xbd, 0xb5, 0xbd, 0xb5, 0xbd, 0xb5, 0xbd,
    0xb5, 0xbd, 0xb5, 0xbd, 0x54, 0xad, 0xb5, 0xbd, 0xb5, 0xb5, 0xb5, 0xb5,
    0xb5, 0xb5, 0xb5, 0xb5, 0xb5, 0xbd, 0xb5, 0xb5, 0x95, 0xb5, 0xb5, 0xb5,
    0xb5, 0xbd, 0xb5, 0xb5, 0xb5, 0xbd, 0xb5, 0xbd, 0xb5, 0xb5, 0xb5, 0xb5,
    0xb5, 0xb5, 0xb5, 0xbd, 0xb5, 0xbd, 0xb5, 0xb5, 0xb5, 0xb5, 0x95, 0xbd,
    0x95, 0xb5, 0xb5, 0xb5, 0xb5, 0xbd, 0x95, 0xb5, 0x95, 0xb5, 0x95, 0xb5,
    0x95, 0xb5, 0x95, 0xb5, 0x95, 0xb5, 0xb5, 0xbd, 0x95, 0xb5, 0xb6, 0xbd,
    0x96, 0xb5, 0xb5, 0xb5, 0xb6, 0xbd, 0x95, 0xb5, 0xb6, 0xbd, 0x96, 0xb5,
    0x95, 0xb5, 0x96, 0xb5, 0x95, 0xb5, 0x95, 0xb5, 0x96, 0xb5, 0xb6, 0xbd,
    0x95, 0xb5, 0xb6, 0xb5, 0x95, 0xbd, 0xb6, 0xb5, 0xb6, 0xbd, 0xb6, 0xbd,
    0xb6, 0xbd, 0xb6, 0xb5, 0xb6, 0xbd, 0xb6, 0xbd, 0xb6, 0xb5, 0xb6, 0xbd,
    0xb6, 0xbd, 0xd6, 0xbd, 0xb6, 0xbd, 0xd6, 0xbd, 0xd6, 0xbd, 0xb6, 0xbd,
    0xd6, 0xbd, 0xd6, 0xbd, 0xd6, 0xbd, 0xd6, 0xbd, 0xd6, 0xbd, 0xb6, 0xbd,
    0x75, 0xb5, 0x95, 0xb5, 0xb6, 0xb5, 0x95, 0xb5, 0xb6, 0xbd, 0x96, 0xb5,
    0x95, 0xb5, 0xb6, 0xbd, 0x95, 0xb5, 0x96, 0xb5, 0x95, 0xb5, 0x95, 0xb5,
    0x95, 0xb5, 0x95, 0xb5, 0x95, 0xb5, 0x95, 0xb5, 0xb5, 0xbd, 0x95, 0xbd,
    0x96, 0xb5, 0x95, 0xb5, 0x95, 0xb5, 0x96, 0xb5, 0x95, 0xb5, 0x96, 0xb5,
    0x75, 0xb5, 0x75, 0xb5, 0x94, 0xb5, 0x91, 0xa4, 0x57, 0xde, 0x58, 0xde,
    0x36, 0xce, 0x77, 0xd6, 0x77, 0xd6, 0x77, 0xd6, 0x56, 0xd6, 0x56, 0xd6,
    0x97, 0xd6, 0x77, 0xd6, 0x77, 0xd6, 0x77, 0xd6, 0x57, 0xd6, 0x56, 0xce,
    0x16, 0xce, 0x57, 0xd6, 0x77, 0xd6, 0x98, 0xde, 0x73, 0xb5, 0x32, 0xad,
    0x53, 0xb5, 0x93, 0xbd, 0x57, 0xd6, 0x16, 0xce, 0xb4, 0xbd, 0xf5, 0xc5,
    0x15, 0xce, 0xd4, 0xc5, 0xd4, 0xc5, 0xd5, 0xc5, 0xd5, 0xc5, 0xd4, 0xc5,
    0xd5, 0xc5, 0xb4, 0xbd, 0xd5, 0xbd, 0xf6, 0xc5, 0x57, 0xce, 0x37, 0xce,
    0x17, 0xce, 0x37, 0xce, 0x37, 0xce, 0x37, 0xce, 0x37, 0xce, 0x37, 0xce,
    0x37, 0xce, 0x37, 0xce, 0x37, 0xce, 0x37, 0xce, 0x37, 0xce, 0x37, 0xce,
    0x36, 0xce, 0x36, 0xce, 0x37, 0xce, 0x37, 0xce, 0x57, 0xce, 0x37, 0xce,
    0x57, 0xce, 0x37, 0xce, 0x36, 0xce, 0x37, 0xce, 0x37, 0xce, 0x37, 0xce,
    0x57, 0xce, 0x37, 0xce, 0x57, 0xce, 0xf6, 0xc5, 0xf5, 0xc5, 0xf6, 0xc5,
    0xf6, 0xc5, 0x16, 0xce, 0x37, 0xce, 0x37, 0xce, 0x37, 0xce, 0x57, 0xd6,
    0x78, 0xd6, 0x58, 0xd6, 0x37, 0xce, 0x16, 0xc6, 0x17, 0xce, 0x37, 0xce,
    0x37, 0xce, 0x58, 0xce, 0x78, 0xd6, 0x58, 0xd6, 0xb5, 0xbd, 0x74, 0xb5,
    0x54, 0xb5, 0x94, 0xbd, 0x94, 0xbd, 0x95, 0xbd, 0x2b, 0x73, 0x44, 0x39,
    0x07, 0x52, 0x68, 0x62, 0xc9, 0x6a, 0x68, 0x5a, 0x48, 0x5a, 0x69, 0x5a,
    0x68, 0x5a, 0x69, 0x5a, 0x41, 0x08, 0x27, 0x4a, 0x2b, 0x6b, 0x0c, 0x6b,
    0x0b, 0x6b, 0x2c, 0x73, 0x2f, 0x8c, 0x0e, 0x8c, 0x0f, 0x8c, 0x2f, 0x8c,
    0x0f, 0x8c, 0x2f, 0x8c, 0xee, 0x83, 0xef, 0x8b, 0xad, 0x7b, 0xce, 0x83,
    0x2b, 0x7b, 0xe1, 0x80, 0xe1, 0x80, 0x23, 0x89, 0xa0, 0x80, 0xc1, 0x88,
    0x80, 0x78, 0x8c, 0xab, 0x6c, 0x83, 0x06, 0x4a, 0xac, 0x83, 0x6c, 0x7b,
    0x0e, 0x94, 0xcd, 0x8b, 0x90, 0xa4, 0xf4, 0xd5, 0x15, 0xd6, 0xed, 0x93,
    0x73, 0xc5, 0xd4, 0xcd, 0xb4, 0xc5, 0xb4, 0xcd, 0xb4, 0xcd, 0xb4, 0xcd,
    0xd4, 0xcd, 0xb4, 0xcd, 0xb4, 0xcd, 0xb4, 0xcd, 0xb4, 0xcd, 0xb4, 0xcd,
    0xd4, 0xc5, 0xd4, 0xcd, 0xd4, 0xc5, 0xd4, 0xc5, 0xd4, 0xcd, 0xd4, 0xcd,
    0xd4, 0xcd, 0xd4, 0xcd, 0xd4, 0xcd, 0xb4, 0xc5, 0xb4, 0xc5, 0xb4, 0xc5,
    0xb4, 0xcd, 0xb4, 0xcd, 0xb4, 0xcd, 0xb4, 0xc5, 0x94, 0xc5, 0xd4, 0xcd,
    0x94, 0xc5, 0xb4, 0xcd, 0xd4, 0xcd, 0xd4, 0xcd, 0xf5, 0xd5, 0x93, 0xc5,
    0x70, 0xac, 0x0e, 0xac, 0x70, 0xbc, 0xac, 0x9b, 0x6f, 0xb4, 0x73, 0xcd,
    0xf5, 0xd5, 0x15, 0xd6, 0x15, 0xd6, 0xd5, 0xd5, 0xd4, 0xcd, 0xd5, 0xcd,
    0xf4, 0xcd, 0x56, 0xde, 0x88, 0x72, 0x23, 0x49, 0xa9, 0x6a, 0x89, 0x62,
    0x48, 0x5a, 0x68, 0x5a, 0xa9, 0x5a, 0xaa, 0x62, 0x89, 0x62, 0xa9, 0x62,
    0xa9, 0x6a, 0x07, 0x72, 0x44, 0x79, 0x42, 0x79, 0x22, 0x71, 0xe5, 0x71,
    0x0b, 0x73, 0x0b, 0x73, 0xea, 0x6a, 0xad, 0x83, 0xce, 0x83, 0x8d, 0x83,
    0x91, 0x9c, 0x70, 0x94, 0x50, 0x94, 0xb2, 0xa4, 0x91, 0x9c, 0xee, 0x83,
    0x2f, 0x8c, 0x70, 0x94, 0xb5, 0xbd, 0x95, 0xbd, 0xb5, 0xbd, 0xb5, 0xbd,
    0xb5, 0xbd, 0xb5, 0xbd, 0xb5, 0xbd, 0x53, 0xad, 0xb1, 0x9c, 0xb5, 0xbd,
    0xb5, 0xb5, 0xb5, 0xbd, 0x95, 0xb5, 0x95, 0xb5, 0xb5, 0xbd, 0x95, 0xb5,
    0xb5, 0xbd, 0x95, 0xb5, 0x95, 0xb5, 0xb5, 0xbd, 0xb5, 0xb5, 0xb5, 0xbd,
    0xb5, 0xb5, 0x95, 0xb5, 0x95, 0xb5, 0x95, 0xb5, 0xb5, 0xbd, 0xb5, 0xbd,
    0xb5, 0xb5, 0xb5, 0xbd, 0x94, 0xb5, 0x94, 0xb5, 0xb5, 0xb5, 0xb5, 0xb5,
    0xb5, 0xbd, 0x95, 0xb5, 0x94, 0xb5, 0x95, 0xb5, 0x95, 0xb5, 0xb5, 0xb5,
    0x95, 0xb5, 0xb5, 0xbd, 0x75, 0xb5, 0x95, 0xb5, 0x96, 0xb5, 0x95, 0xb5,
    0xb6, 0xbd, 0x96, 0xbd, 0x95, 0xb5, 0xb6, 0xbd, 0x95, 0xb5, 0x95, 0xb5,
    0xb6, 0xbd, 0x95, 0xb5, 0x95, 0xb5, 0xb6, 0xbd, 0x96, 0xb5, 0x95, 0xb5,
    0xb6, 0xbd, 0xb6, 0xbd, 0xb6, 0xb5, 0xb6, 0xb5, 0xb6, 0xb5, 0xb6, 0xbd,
    0xb6, 0xbd, 0xb6, 0xbd, 0xb6, 0xb5, 0xb6, 0xbd, 0xb6, 0xbd, 0xb6, 0xbd,
    0xd6, 0xbd, 0xb6, 0xbd, 0xd7, 0xbd, 0xd6, 0xbd, 0xd6, 0xbd, 0xd7, 0xbd,
    0xb6, 0xbd, 0x95, 0xbd, 0x75, 0xb5, 0x95, 0xb5, 0xb6, 0xbd, 0x95, 0xb5,
    0x95, 0xb5, 0x96, 0xb5, 0xb6, 0xbd, 0x96, 0xb5, 0x95, 0xb5, 0x96, 0xb5,
    0x95, 0xb5, 0x95, 0xb5, 0x95, 0xb5, 0x95, 0xb5, 0x95, 0xb5, 0x95, 0xb5,
    0xb5, 0xb5, 0x96, 0xb5, 0x96, 0xb5, 0x95, 0xb5, 0x95, 0xb5, 0x75, 0xb5,
    0x95, 0xb5, 0x96, 0xb5, 0x75, 0xb5, 0x94, 0xb5, 0x74, 0xad, 0x33, 0xad,
    0xf2, 0xb4, 0xfa, 0xee, 0xb8, 0xde, 0x57, 0xd6, 0x57, 0xd6, 0x77, 0xd6,
    0x97, 0xd6, 0x77, 0xd6, 0x77, 0xd6, 0x77, 0xd6, 0x77, 0xd6, 0x77, 0xd6,
    0x77, 0xd6, 0x77, 0xd6, 0x77, 0xd6, 0x77, 0xd6, 0x56, 0xce, 0x53, 0xb5,
    0x53, 0xb5, 0xb4, 0xbd, 0xd5, 0xc5, 0xd5, 0xc5, 0xd4, 0xc5, 0xf5, 0xc5,
    0x16, 0xc6, 0xf5, 0xc5, 0xf5, 0xc5, 0xf5, 0xc5, 0x36, 0xce, 0x16, 0xce,
    0x16, 0xce, 0xf5, 0xc5, 0xd5, 0xc5, 0xf6, 0xc5, 0xd5, 0xc5, 0xf6, 0xc5,
    0xf6, 0xc5, 0x16, 0xc6, 0x37, 0xce, 0x37, 0xce, 0x37, 0xce, 0x37, 0xce,
    0x37, 0xce, 0x37, 0xce, 0x37, 0xce, 0x17, 0xce, 0x17, 0xce, 0x37, 0xce,
    0x37, 0xce, 0x37, 0xce, 0x37, 0xce, 0x37, 0xce, 0x57, 0xce, 0x37, 0xce,
    0x57, 0xce, 0x37, 0xce, 0x37, 0xce, 0x57, 0xce, 0x37, 0xce, 0x37, 0xce,
    0x37, 0xce, 0x57, 0xce, 0x37, 0xce, 0x36, 0xce, 0x16, 0xc6, 0x37, 0xce,
    0x37, 0xce, 0x16, 0xce, 0x37, 0xce, 0x17, 0xce, 0x17, 0xce, 0x57, 0xce,
    0x58, 0xce, 0x57, 0xd6, 0x37, 0xce, 0x57, 0xce, 0x57, 0xce, 0x78, 0xd6,
    0x57, 0xce, 0x58, 0xd6, 0x57, 0xce, 0x58, 0xd6, 0x78, 0xd6, 0x78, 0xd6,
    0x78, 0xd6, 0xd6, 0xbd, 0x54, 0xb5, 0x95, 0xbd, 0x74, 0xb5, 0xb5, 0xc5,
    0x8d, 0x83, 0x43, 0x39, 0xe7, 0x51, 0x69, 0x62, 0xc9, 0x6a, 0xaa, 0x62,
    0x68, 0x5a, 0x69, 0x5a, 0x68, 0x5a, 0x89, 0x5a, 0x41, 0x08, 0x07, 0x4a,
    0x0b, 0x6b, 0x0b, 0x6b, 0x2b, 0x6b, 0x0b, 0x6b, 0x2f, 0x8c, 0x0e, 0x8c,
    0x2f, 0x8c, 0x0f, 0x8c, 0x2f, 0x8c, 0x2f, 0x94, 0xee, 0x8b, 0x0e, 0x8c,
    0xad, 0x7b, 0xce, 0x83, 0x2a, 0x7b, 0xc1, 0x78, 0x02, 0x81, 0x43, 0x89,
    0x80, 0x80, 0xc1, 0x88, 0xc0, 0x88, 0xa1, 0x80, 0x43, 0x71, 0x89, 0x7a,
    0x6b, 0x73, 0x8d, 0x83, 0xed, 0x8b, 0x0e, 0x94, 0x0e, 0x94, 0xd0, 0xb4,
    0x56, 0xde, 0x93, 0xc5, 0x0d, 0x9c, 0xf4, 0xcd, 0xb4, 0xc5, 0xd4, 0xcd,
    0xd4, 0xcd, 0xd4, 0xcd, 0xb4, 0xcd, 0xd4, 0xc5, 0xd4, 0xcd, 0xb4, 0xcd,
    0xb4, 0xcd, 0xb4, 0xcd, 0xb4, 0xc5, 0xb4, 0xcd, 0xb4, 0xcd, 0xb4, 0xc5,
    0xb4, 0xcd, 0xb4, 0xc5, 0xb4, 0xc5, 0xb4, 0xcd, 0xb4, 0xcd, 0xb3, 0xc5,
    0xb4, 0xcd, 0xb3, 0xc5, 0xb4, 0xcd, 0xb4, 0xcd, 0xb4, 0xcd, 0xb4, 0xcd,
    0xb4, 0xc5, 0xb4, 0xcd, 0xd5, 0xd5, 0xb4, 0xd5, 0xf0, 0xbc, 0x0d, 0xa4,
    0x6b, 0x9b, 0x6b, 0x9b, 0xab, 0x9b, 0xab, 0x93, 0x2d, 0xa4, 0x6f, 0xac,
    0x4a, 0x8b, 0x88, 0x72, 0x47, 0x6a, 0x47, 0x72, 0x2b, 0x8b, 0x70, 0xac,
    0xb4, 0xd5, 0x16, 0xde, 0xb4, 0xcd, 0x63, 0x59, 0xc1, 0x60, 0x06, 0x7a,
    0xa8, 0x72, 0xe9, 0x72, 0xcd, 0x8b, 0x0f, 0x94, 0x8a, 0x62, 0x89, 0x62,
    0x89, 0x62, 0x89, 0x62, 0xaa, 0x6a, 0x89, 0x6a, 0x64, 0x71, 0x23, 0x69,
    0x26, 0x7a, 0x68, 0x6a, 0x0b, 0x73, 0x0a, 0x73, 0x0a, 0x6b, 0x2c, 0x73,
    0x50, 0x94, 0x8d, 0x7b, 0x50, 0x94, 0x91, 0x9c, 0x90, 0x94, 0xd2, 0xa4,
    0xb6, 0xc5, 0x71, 0x9c, 0xee, 0x83, 0x4f, 0x94, 0x12, 0xad, 0xb5, 0xbd,
    0x95, 0xbd, 0xb5, 0xbd, 0xd5, 0xbd, 0xb5, 0xbd, 0x95, 0xbd, 0x95, 0xb5,
    0xb5, 0xbd, 0xb5, 0xbd, 0xb5, 0xb5, 0x95, 0xb5, 0xb5, 0xbd, 0xb6, 0xbd,
    0x95, 0xb5, 0x95, 0xb5, 0xb5, 0xb5, 0x95, 0xb5, 0xb5, 0xbd, 0x95, 0xb5,
    0x95, 0xb5, 0xb5, 0xbd, 0xb5, 0xb5, 0x94, 0xb5, 0x95, 0xb5, 0xb5, 0xb5,
    0xb5, 0xbd, 0xb5, 0xb5, 0xb5, 0xb5, 0x95, 0xb5, 0x94, 0xb5, 0x94, 0xb5,
    0x94, 0xb5, 0x94, 0xb5, 0x95, 0xb5, 0x95, 0xb5, 0x94, 0xb5, 0xb5, 0xbd,
    0x95, 0xb5, 0xb5, 0xb5, 0x94, 0xb5, 0x95, 0xb5, 0x95, 0xb5, 0x95, 0xb5,
    0x95, 0xb5, 0x96, 0xb5, 0x75, 0xb5, 0x95, 0xb5, 0x95, 0xb5, 0x95, 0xb5,
    0x96, 0xb5, 0x96, 0xb5, 0x95, 0xb5, 0x96, 0xb5, 0x96, 0xb5, 0xb6, 0xbd,
    0xb6, 0xbd, 0xb6, 0xb5, 0xb5, 0xbd, 0xb6, 0xbd, 0xb6, 0xb5, 0x96, 0xbd,
    0xb6, 0xbd, 0xb6, 0xb5, 0xb6, 0xbd, 0xb6, 0xb5, 0xd6, 0xbd, 0xb6, 0xbd,
    0xb6, 0xbd, 0xd6, 0xbd, 0xb6, 0xbd, 0xd6, 0xbd, 0xd6, 0xbd, 0xb6, 0xbd,
    0xb6, 0xbd, 0xb6, 0xbd, 0xb6, 0xbd, 0x95, 0xbd, 0x95, 0xb5, 0x96, 0xb5,
    0x96, 0xb5, 0x95, 0xb5, 0xb6, 0xbd, 0x95, 0xb5, 0x96, 0xb5, 0xb5, 0xbd,
    0x95, 0xb5, 0x96, 0xb5, 0x95, 0xb5, 0x96, 0xb5, 0x95, 0xb5, 0xb5, 0xb5,
    0x95, 0xb5, 0xb5, 0xb5, 0x95, 0xb5, 0xb5, 0xb5, 0x95, 0xb5, 0x96, 0xb5,
    0x96, 0xb5, 0x95, 0xb5, 0x95, 0xb5, 0x95, 0xb5, 0x95, 0xb5, 0x75, 0xb5,
    0x75, 0xad, 0x95, 0xbd, 0xcd, 0x8b, 0xb1, 0xa4, 0x3a, 0xef, 0xb8, 0xde,
    0x77, 0xd6, 0x97, 0xd6, 0x97, 0xde, 0x97, 0xde, 0x98, 0xde, 0x98, 0xd6,
    0x77, 0xd6, 0x77, 0xd6, 0x77, 0xd6, 0x77, 0xd6, 0x77, 0xd6, 0x57, 0xd6,
    0x94, 0xbd, 0xd6, 0xc5, 0xb5, 0xbd, 0xb5, 0xbd, 0xd4, 0xc5, 0xf5, 0xc5,
    0xf5, 0xc5, 0xf5, 0xc5, 0x15, 0xc6, 0x16, 0xce, 0xf5, 0xc5, 0x16, 0xce,
    0x15, 0xc6, 0xf1, 0xa4, 0xd5, 0xc5, 0x15, 0xc6, 0xd5, 0xc5, 0xd5, 0xc5,
    0xd5, 0xc5, 0xf6, 0xc5, 0x57, 0xce, 0x57, 0xce, 0x58, 0xd6, 0x37, 0xce,
    0x57, 0xce, 0x37, 0xce, 0x17, 0xce, 0x17, 0xce, 0x37, 0xce, 0x37, 0xce,
    0x37, 0xce, 0x37, 0xce, 0x37, 0xce, 0x37, 0xce, 0x57, 0xce, 0x57, 0xce,
    0x37, 0xce, 0x57, 0xce, 0x37, 0xce, 0x77, 0xce, 0x57, 0xce, 0x57, 0xce,
    0x57, 0xce, 0x57, 0xce, 0x57, 0xce, 0x57, 0xce, 0x57, 0xce, 0x57, 0xce,
    0x37, 0xce, 0x37, 0xce, 0x37, 0xce, 0x57, 0xce, 0x17, 0xce, 0x58, 0xce,
    0x37, 0xce, 0x37, 0xce, 0x58, 0xce, 0x58, 0xce, 0x58, 0xd6, 0x37, 0xce,
    0x37, 0xce, 0x37, 0xce, 0x58, 0xd6, 0x58, 0xce, 0x78, 0xd6, 0x78, 0xd6,
    0x58, 0xce, 0x78, 0xd6, 0x78, 0xd6, 0x78, 0xd6, 0x95, 0xbd, 0x74, 0xb5,
    0x95, 0xbd, 0xb6, 0xbd, 0x13, 0xad, 0x23, 0x39, 0x07, 0x4a, 0x68, 0x5a,
    0xea, 0x6a, 0xca, 0x62, 0xa9, 0x62, 0x68, 0x5a, 0x68, 0x5a, 0x69, 0x5a,
    0x00, 0x08, 0xe7, 0x41, 0xeb, 0x6a, 0xea, 0x6a, 0x2c, 0x6b, 0x0b, 0x6b,
    0x0f, 0x8c, 0x2f, 0x8c, 0x2f, 0x8c, 0x2f, 0x8c, 0x0f, 0x8c, 0x0e, 0x8c,
    0x0f, 0x8c, 0x2f, 0x8c, 0x8d, 0x7b, 0xce, 0x83, 0x2a, 0x7b, 0xa1, 0x78,
    0xe2, 0x80, 0x43, 0x89, 0xa0, 0x80, 0xa1, 0x88, 0xa1, 0x80, 0xe1, 0x88,
    0x80, 0x80, 0x23, 0x71, 0xea, 0x72, 0xcd, 0x8b, 0xcd, 0x8b, 0xcd, 0x8b,
    0x2f, 0x94, 0xcc, 0x83, 0x4e, 0x9c, 0xb7, 0xee, 0x0d, 0x94, 0xb3, 0xc5,
    0xd4, 0xcd, 0xb4, 0xcd, 0xd4, 0xcd, 0xb4, 0xcd, 0xb4, 0xcd, 0xd4, 0xcd,
    0xd4, 0xcd, 0xb4, 0xc5, 0xb4, 0xc5, 0xb4, 0xcd, 0xb4, 0xc5, 0xb4, 0xc5,
    0xb4, 0xc5, 0xb4, 0xc5, 0xb4, 0xc5, 0xb4, 0xc5, 0xb4, 0xc5, 0xb4, 0xc5,
    0xb4, 0xc5, 0xb4, 0xcd, 0xb4, 0xc5, 0xb4, 0xc5, 0xb4, 0xc5, 0xb4, 0xc5,
    0xb4, 0xcd, 0xd4, 0xcd, 0xd4, 0xd5, 0xd1, 0xb4, 0x4b, 0x93, 0x4b, 0x93,
    0x8f, 0xb4, 0x93, 0xcd, 0x73, 0xc5, 0x92, 0xbd, 0x73, 0xc5, 0x32, 0xb5,
    0x73, 0xc5, 0xb3, 0xc5, 0xb4, 0xc5, 0xb5, 0xc5, 0x12, 0xb5, 0xd1, 0xa4,
    0x4f, 0x9c, 0x4b, 0x83, 0xc5, 0x59, 0xa5, 0x59, 0x02, 0x51, 0x81, 0x58,
    0x60, 0x68, 0x80, 0x60, 0xc1, 0x60, 0xe3, 0x60, 0x84, 0x59, 0x07, 0x62,
    0xa9, 0x62, 0xc9, 0x62, 0x89, 0x5a, 0x89, 0x62, 0xc9, 0x62, 0xca, 0x62,
    0xc5, 0x69, 0x64, 0x71, 0xa8, 0x82, 0xe9, 0x6a, 0x0b, 0x73, 0x0b, 0x73,
    0x0a, 0x73, 0x0b, 0x6b, 0x4f, 0x94, 0x0f, 0x8c, 0xad, 0x83, 0x91, 0x9c,
    0xb1, 0x9c, 0xf2, 0xa4, 0x95, 0xbd, 0xb5, 0xbd, 0x2f, 0x8c, 0xee, 0x8b,
    0x0e, 0x8c, 0x74, 0xb5, 0xb5, 0xbd, 0xb5, 0xbd, 0xb5, 0xbd, 0xb5, 0xbd,
    0x95, 0xbd, 0xb5, 0xbd, 0x94, 0xb5, 0xb5, 0xbd, 0x95, 0xb5, 0x95, 0xb5,
    0xb5, 0xb5, 0xb5, 0xbd, 0xb5, 0xb5, 0x95, 0xb5, 0xb5, 0xbd, 0x94, 0xb5,
    0xb5, 0xb5, 0xb5, 0xb5, 0xb5, 0xb5, 0xb5, 0xbd, 0x95, 0xb5, 0x94, 0xb5,
    0x95, 0xb5, 0x94, 0xb5, 0xb5, 0xbd, 0xb5, 0xbd, 0xb5, 0xb5, 0x95, 0xb5,
    0x95, 0xb5, 0x95, 0xb5, 0x95, 0xb5, 0x94, 0xb5, 0x95, 0xb5, 0x95, 0xb5,
    0x95, 0xb5, 0x95, 0xb5, 0x95, 0xb5, 0xb5, 0xbd, 0x95, 0xb5, 0x95, 0xb5,
    0x95, 0xb5, 0x95, 0xb5, 0x96, 0xb5, 0x96, 0xb5, 0x95, 0xb5, 0x95, 0xb5,
    0x75, 0xb5, 0x95, 0xb5, 0x95, 0xb5, 0x95, 0xb5, 0x95, 0xb5, 0x95, 0xbd,
    0xb5, 0xb5, 0xb5, 0xb5, 0xb6, 0xbd, 0xb6, 0xbd, 0xb5, 0xbd, 0xb6, 0xb5,
    0xb6, 0xbd, 0xb6, 0xbd, 0xb6, 0xb5, 0xb6, 0xb5, 0xb6, 0xbd, 0xb6, 0xbd,
    0xb6, 0xbd, 0xd6, 0xbd, 0xd6, 0xbd, 0xb6, 0xb5, 0xd6, 0xbd, 0xd6, 0xbd,
    0xb6, 0xbd, 0xb6, 0xbd, 0xb6, 0xbd, 0xb6, 0xbd, 0xd6, 0xbd, 0x74, 0xb5,
    0x75, 0xb5, 0xb6, 0xb5, 0xb6, 0xb5, 0x96, 0xbd, 0xb6, 0xbd, 0xb5, 0xb5,
    0x95, 0xb5, 0xb6, 0xbd, 0x96, 0xb5, 0x95, 0xb5, 0x96, 0xbd, 0x96, 0xb5,
    0x95, 0xb5, 0x95, 0xb5, 0x95, 0xbd, 0x95, 0xb5, 0x95, 0xb5, 0xb5, 0xbd,
    0x95, 0xbd, 0x96, 0xb5, 0x96, 0xbd, 0x96, 0xb5, 0x96, 0xbd, 0x96, 0xb5,
    0x95, 0xb5, 0x95, 0xb5, 0x75, 0xb5, 0x94, 0xb5, 0x12, 0xb5, 0xa9, 0x72,
    0xee, 0x8b, 0x1a, 0xef, 0x98, 0xde, 0x98, 0xde, 0x98, 0xd6, 0x98, 0xde,
    0x77, 0xd6, 0x77, 0xd6, 0x98, 0xde, 0x98, 0xde, 0x98, 0xde, 0x77, 0xd6,
    0x77, 0xd6, 0x57, 0xd6, 0xf6, 0xc5, 0x71, 0x94, 0x74, 0xb5, 0x74, 0xb5,
    0x74, 0xb5, 0x94, 0xbd, 0xb4, 0xbd, 0x94, 0xbd, 0x94, 0xbd, 0xf5, 0xc5,
    0xd5, 0xc5, 0x53, 0xb5, 0x53, 0xb5, 0x77, 0xd6, 0x36, 0xce, 0x16, 0xc6,
    0xf5, 0xc5, 0xf5, 0xc5, 0x16, 0xce, 0x17, 0xc6, 0x37, 0xce, 0x37, 0xce,
    0x57, 0xce, 0x58, 0xce, 0x37, 0xce, 0x37, 0xce, 0x57, 0xce, 0x58, 0xce,
    0x99, 0xde, 0x99, 0xd6, 0x37, 0xce, 0x37, 0xce, 0x37, 0xce, 0x37, 0xce,
    0x57, 0xce, 0x37, 0xce, 0x57, 0xce, 0x37, 0xce, 0x57, 0xce, 0x57, 0xce,
    0x57, 0xce, 0x57, 0xd6, 0x57, 0xce, 0x57, 0xce, 0x57, 0xce, 0x57, 0xce,
    0x36, 0xce, 0x57, 0xce, 0x56, 0xce, 0x57, 0xce, 0x57, 0xce, 0x57, 0xce,
    0x38, 0xce, 0x37, 0xce, 0x58, 0xce, 0x38, 0xce, 0x58, 0xd6, 0x58, 0xce,
    0x58, 0xce, 0x58, 0xd6, 0x58, 0xce, 0x58, 0xce, 0x58, 0xd6, 0x78, 0xd6,
    0x58, 0xd6, 0x78, 0xd6, 0x58, 0xd6, 0x78, 0xd6, 0x78, 0xd6, 0x79, 0xd6,
    0x58, 0xce, 0xb5, 0xbd, 0xb5, 0xbd, 0xb6, 0xc5, 0x95, 0xbd, 0xa5, 0x41,
    0xe7, 0x49, 0x28, 0x52, 0xca, 0x62, 0xea, 0x62, 0xca, 0x62, 0x89, 0x62,
    0x69, 0x5a, 0xa2, 0x18, 0x20, 0x00, 0xe7, 0x49, 0xeb, 0x6a, 0xea, 0x6a,
    0x2b, 0x6b, 0x0b, 0x6b, 0xee, 0x83, 0x2f, 0x8c, 0x2f, 0x8c, 0x2f, 0x8c,
    0x2f, 0x8c, 0x2f, 0x8c, 0x0f, 0x8c, 0x2f, 0x94, 0xce, 0x83, 0xee, 0x83,
    0xea, 0x72, 0xa1, 0x80, 0xe2, 0x80, 0x43, 0x81, 0xa1, 0x80, 0xa1, 0x80,
    0xc1, 0x80, 0xc1, 0x80, 0xc1, 0x80, 0xc1, 0x80, 0x03, 0x69, 0x50, 0x9c,
    0x8d, 0x8b, 0xad, 0x8b, 0xee, 0x93, 0x0f, 0x94, 0x8c, 0x83, 0x2a, 0x7b,
    0xf5, 0xd5, 0x2e, 0x9c, 0xf5, 0xd5, 0xb4, 0xcd, 0xd4, 0xcd, 0xb4, 0xcd,
    0xd4, 0xcd, 0xb4, 0xcd, 0xb4, 0xcd, 0xb4, 0xc5, 0xb4, 0xcd, 0xd4, 0xcd,
    0xb4, 0xc5, 0xb4, 0xcd, 0xb4, 0xcd, 0xb4, 0xcd, 0xb4, 0xcd, 0xb4, 0xcd,
    0xb4, 0xcd, 0xb4, 0xc5, 0xb4, 0xcd, 0xb4, 0xcd, 0xd4, 0xc5, 0xb3, 0xcd,
    0xd4, 0xc5, 0xd4, 0xcd, 0xd4, 0xd5, 0xcd, 0xa3, 0xea, 0x8a, 0x2e, 0xac,
    0x93, 0xcd, 0x93, 0xcd, 0x72, 0xc5, 0x73, 0xbd, 0x73, 0xbd, 0x52, 0xbd,
    0x73, 0xbd, 0x94, 0xc5, 0x93, 0xc5, 0x93, 0xbd, 0x53, 0xbd, 0x54, 0xb5,
    0x53, 0xb5, 0x33, 0xb5, 0x12, 0xad, 0x53, 0xb5, 0x95, 0xc5, 0x4f, 0x9c,
    0xa9, 0x72, 0x89, 0x72, 0x69, 0x82, 0x61, 0x60, 0x20, 0x50, 0x61, 0x50,
    0x81, 0x58, 0xe2, 0x58, 0x44, 0x59, 0x48, 0x62, 0x89, 0x62, 0x89, 0x62,
    0xa9, 0x62, 0xca, 0x62, 0x27, 0x6a, 0x0a, 0x8b, 0x2a, 0x83, 0x0a, 0x73,
    0x0b, 0x73, 0x0b, 0x73, 0x0b, 0x73, 0x2b, 0x73, 0xcd, 0x83, 0xd2, 0xa4,
    0x8d, 0x7b, 0x4f, 0x94, 0xd2, 0x9c, 0xd2, 0xa4, 0x74, 0xb5, 0x95, 0xbd,
    0xb5, 0xbd, 0x0f, 0x8c, 0xee, 0x8b, 0x0f, 0x8c, 0x74, 0xb5, 0xb5, 0xbd,
    0x95, 0xb5, 0xb5, 0xb5, 0x94, 0xb5, 0xb5, 0xbd, 0x95, 0xb5, 0xb5, 0xbd,
    0xb5, 0xb5, 0xb5, 0xb5, 0xb5, 0xb5, 0xb5, 0xbd, 0xb5, 0xb5, 0x95, 0xb5,
    0xb5, 0xbd, 0x95, 0xb5, 0xb5, 0xb5, 0x94, 0xb5, 0xb5, 0xbd, 0xb5, 0xb5,
    0x94, 0xb5, 0x95, 0xb5, 0xb5, 0xbd, 0x94, 0xb5, 0xb5, 0xb5, 0xb5, 0xbd,
    0x95, 0xb5, 0xb5, 0xb5, 0x94, 0xb5, 0x94, 0xb5, 0x95, 0xb5, 0x95, 0xb5,
    0x95, 0xb5, 0x95, 0xb5, 0x74, 0xb5, 0xb5, 0xb5, 0xb5, 0xb5, 0xb5, 0xbd,
    0x95, 0xb5, 0xb5, 0xb5, 0x95, 0xb5, 0x95, 0xb5, 0x95, 0xb5, 0x96, 0xb5,
    0x95, 0xb5, 0x95, 0xb5, 0x95, 0xb5, 0x95, 0xb5, 0x95, 0xb5, 0xb5, 0xb5,
    0x95, 0xb5, 0x95, 0xb5, 0xb5, 0xbd, 0xb5, 0xbd, 0xb6, 0xb5, 0xb5, 0xbd,
    0xb6, 0xb5, 0xb6, 0xb5, 0x95, 0xb5, 0xb5, 0xb5, 0xb6, 0xbd, 0x96, 0xb5,
    0xb6, 0xbd, 0xb6, 0xbd, 0xb6, 0xbd, 0xd6, 0xbd, 0xb6, 0xbd, 0xb6, 0xb5,
    0xd6, 0xbd, 0xb6, 0xbd, 0xd7, 0xbd, 0xd6, 0xbd, 0xb6, 0xb5, 0xb6, 0xbd,
    0xb6, 0xbd, 0x33, 0xad, 0x75, 0xb5, 0x95, 0xb5, 0x95, 0xb5, 0x95, 0xb5,
    0x96, 0xb5, 0x95, 0xb5, 0xb6, 0xbd, 0x96, 0xb5, 0xb6, 0xb5, 0xb5, 0xbd,
    0x96, 0xb5, 0x95, 0xbd, 0xb5, 0xbd, 0xb5, 0xbd, 0xb5, 0xb5, 0xb5, 0xbd,
    0x95, 0xb5, 0x95, 0xb5, 0x95, 0xb5, 0x95, 0xb5, 0x95, 0xb5, 0x95, 0xb5,
    0x96, 0xb5, 0x96, 0xbd, 0x95, 0xb5, 0x95, 0xb5, 0x95, 0xb5, 0x75, 0xb5,
    0x94, 0xbd, 0x0f, 0x9c, 0xa8, 0x6a, 0x0b, 0x6b, 0x9a, 0xde, 0xd8, 0xe6,
    0x77, 0xd6, 0x98, 0xde, 0x98, 0xde, 0x77, 0xd6, 0x77, 0xd6, 0x98, 0xde,
    0xb8, 0xde, 0x97, 0xd6, 0x98, 0xde, 0x78, 0xd6, 0x78, 0xd6, 0xf2, 0xa4,
    0x71, 0x9c, 0x34, 0xb5, 0x74, 0xb5, 0x74, 0xbd, 0x74, 0xb5, 0xd4, 0xbd,
    0xf5, 0xc5, 0x36, 0xce, 0x36, 0xce, 0x36, 0xce, 0x36, 0xce, 0xf6, 0xc5,
    0x16, 0xce, 0xf6, 0xc5, 0xf5, 0xc5, 0xf5, 0xc5, 0xd5, 0xc5, 0xf6, 0xc5,
    0x17, 0xce, 0x57, 0xce, 0x58, 0xce, 0x57, 0xce, 0x78, 0xd6, 0x98, 0xd6,
    0x99, 0xd6, 0x98, 0xd6, 0xb5, 0xbd, 0xb5, 0xbd, 0x17, 0xc6, 0x37, 0xce,
    0x37, 0xce, 0x37, 0xce, 0x57, 0xce, 0x37, 0xce, 0x37, 0xce, 0x57, 0xce,
    0x77, 0xd6, 0x57, 0xd6, 0x57, 0xce, 0x57, 0xce, 0x37, 0xce, 0x37, 0xce,
    0x37, 0xce, 0x36, 0xce, 0x36, 0xce, 0x36, 0xce, 0x57, 0xce, 0x37, 0xce,
    0x37, 0xce, 0x78, 0xd6, 0x58, 0xce, 0x58, 0xd6, 0x58, 0xce, 0x58, 0xd6,
    0x58, 0xd6, 0x58, 0xce, 0x58, 0xce, 0x38, 0xce, 0x58, 0xd6, 0x58, 0xd6,
    0x58, 0xce, 0x78, 0xd6, 0x58, 0xce, 0x78, 0xd6, 0x58, 0xce, 0x78, 0xd6,
    0x78, 0xd6, 0x78, 0xd6, 0x58, 0xd6, 0xf7, 0xc5, 0xb6, 0xbd, 0xd6, 0xc5,
    0xf7, 0xcd, 0x6c, 0x7b, 0xe7, 0x49, 0x28, 0x52, 0x89, 0x5a, 0xeb, 0x62,
    0xcb, 0x6a, 0x49, 0x5a, 0x44, 0x31, 0x03, 0x21, 0x81, 0x10, 0xe6, 0x39,
    0x0b, 0x63, 0xea, 0x6a, 0x0b, 0x6b, 0x0b, 0x6b, 0xad, 0x83, 0x2f, 0x8c,
    0x2f, 0x8c, 0x2f, 0x94, 0x2f, 0x8c, 0x2f, 0x8c, 0x2f, 0x8c, 0x0e, 0x8c,
    0x2f, 0x94, 0xee, 0x83, 0xa9, 0x7a, 0x81, 0x80, 0xe2, 0x80, 0x63, 0x89,
    0xa1, 0x78, 0xa1, 0x80, 0xc1, 0x80, 0xc1, 0x80, 0xc1, 0x80, 0xc1, 0x88,
    0xa0, 0x80, 0x89, 0x8a, 0x6d, 0x8b, 0xad, 0x93, 0xad, 0x8b, 0xcd, 0x8b,
    0x8d, 0x8b, 0x2b, 0x83, 0xa8, 0x72, 0x6f, 0xac, 0x73, 0xcd, 0xd4, 0xcd,
    0xd4, 0xcd, 0xd4, 0xcd, 0xb4, 0xcd, 0xd4, 0xcd, 0xb4, 0xcd, 0xb4, 0xcd,
    0xb4, 0xcd, 0xb4, 0xcd, 0xd4, 0xc5, 0xb4, 0xc5, 0xd4, 0xc5, 0xb4, 0xc5,
    0xb4, 0xc5, 0xd4, 0xc5, 0xb4, 0xc5, 0xb4, 0xcd, 0xb4, 0xc5, 0xb3, 0xc5,
    0xb3, 0xc5, 0xb4, 0xcd, 0x94, 0xd5, 0xed, 0x9b, 0x8b, 0x93, 0x72, 0xc5,
    0xd4, 0xcd, 0x93, 0xc5, 0x93, 0xc5, 0x73, 0xbd, 0x72, 0xbd, 0x72, 0xbd,
    0x72, 0xbd, 0x73, 0xbd, 0x73, 0xbd, 0x53, 0xb5, 0x73, 0xbd, 0x73, 0xb5,
    0x53, 0xb5, 0x33, 0xb5, 0x12, 0xad, 0x32, 0xad, 0x12, 0xa5, 0xf2, 0x9c,
    0x53, 0xad, 0x53, 0xb5, 0xd6, 0xc5, 0x17, 0xce, 0x57, 0xd6, 0xb8, 0xd6,
    0x94, 0xc5, 0xad, 0x9b, 0x06, 0x6a, 0x60, 0x40, 0xa1, 0x48, 0x23, 0x49,
    0xc6, 0x59, 0x88, 0x62, 0xa9, 0x62, 0xc9, 0x62, 0x88, 0x62, 0xb1, 0xa4,
    0xcd, 0x8b, 0xea, 0x72, 0x0a, 0x6b, 0x0a, 0x73, 0x0b, 0x73, 0x2b, 0x6b,
    0x6c, 0x7b, 0xf2, 0xa4, 0x2f, 0x94, 0x4c, 0x73, 0xf2, 0xa4, 0xb2, 0xa4,
    0x54, 0xb5, 0xb5, 0xbd, 0xb5, 0xbd, 0xb5, 0xbd, 0x30, 0x94, 0xce, 0x83,
    0x70, 0x94, 0xf2, 0xa4, 0xb5, 0xbd, 0x95, 0xbd, 0x94, 0xb5, 0xb5, 0xbd,
    0xb5, 0xbd, 0x95, 0xbd, 0x95, 0xb5, 0x95, 0xb5, 0xb5, 0xbd, 0x95, 0xb5,
    0xb5, 0xb5, 0x95, 0xb5, 0x95, 0xb5, 0x94, 0xb5, 0xb5, 0xbd, 0xb5, 0xbd,
    0x94, 0xb5, 0xb5, 0xbd, 0xb5, 0xb5, 0xb5, 0xbd, 0x94, 0xb5, 0x94, 0xb5,
    0x95, 0xb5, 0xb5, 0xb5, 0x94, 0xb5, 0xb5, 0xbd, 0x94, 0xb5, 0xb5, 0xb5,
    0x94, 0xb5, 0xb5, 0xbd, 0x94, 0xb5, 0x95, 0xb5, 0x74, 0xad, 0x95, 0xb5,
    0x95, 0xb5, 0xb5, 0xb5, 0x95, 0xb5, 0x95, 0xb5, 0x95, 0xb5, 0x94, 0xb5,
    0x95, 0xb5, 0x95, 0xb5, 0x95, 0xb5, 0x95, 0xb5, 0x95, 0xb5, 0x95, 0xb5,
    0x95, 0xb5, 0x94, 0xb5, 0x95, 0xb5, 0xb5, 0xb5, 0x95, 0xb5, 0xb5, 0xb5,
    0xb5, 0xb5, 0xb5, 0xb5, 0xb6, 0xbd, 0xb6, 0xbd, 0xb6, 0xbd, 0xb5, 0xb5,
    0xb5, 0xbd, 0xb6, 0xb5, 0xb6, 0xbd, 0xb6, 0xbd, 0xb6, 0xb5, 0xb6, 0xb5,
    0xb6, 0xbd, 0xd6, 0xbd, 0xb6, 0xbd, 0xb6, 0xbd, 0xb6, 0xbd, 0xb6, 0xb5,
    0xb6, 0xbd, 0xb6, 0xb5, 0xb6, 0xbd, 0x95, 0xbd, 0x75, 0xb5, 0x95, 0xb5,
    0x95, 0xb5, 0x96, 0xb5, 0x95, 0xb5, 0xb6, 0xbd, 0x95, 0xb5, 0x96, 0xb5,
    0xb6, 0xbd, 0x95, 0xb5, 0xb6, 0xb5, 0xb6, 0xbd, 0xb5, 0xb5, 0xb5, 0xb5,
    0x95, 0xb5, 0xb5, 0xb5, 0x95, 0xb5, 0x95, 0xb5, 0x96, 0xb5, 0x95, 0xb5,
    0x95, 0xb5, 0x95, 0xb5, 0x95, 0xb5, 0x95, 0xb5, 0x96, 0xb5, 0x96, 0xb5,
    0x96, 0xb5, 0x95, 0xb5, 0x94, 0xb5, 0xf2, 0xac, 0x8d, 0x83, 0x4c, 0x7b,
    0x0c, 0x6b, 0x17, 0xce, 0x1a, 0xef, 0xb8, 0xde, 0x98, 0xde, 0xb8, 0xde,
    0x98, 0xde, 0x77, 0xd6, 0x77, 0xd6, 0x77, 0xd6, 0x57, 0xd6, 0x77, 0xd6,
    0x97, 0xde, 0x17, 0xce, 0x91, 0x9c, 0x51, 0x94, 0x72, 0x9c, 0xf3, 0xa4,
    0xb5, 0xc5, 0x73, 0xb5, 0x16, 0xce, 0x16, 0xce, 0x17, 0xce, 0x17, 0xce,
    0x37, 0xce, 0x36, 0xce, 0x37, 0xce, 0x36, 0xce, 0x17, 0xce, 0x16, 0xce,
    0x17, 0xce, 0xf6, 0xc5, 0xf6, 0xc5, 0xd6, 0xc5, 0xf6, 0xc5, 0x17, 0xce,
    0x17, 0xce, 0x17, 0xc6, 0x17, 0xce, 0x17, 0xce, 0x78, 0xd6, 0x78, 0xd6,
    0x98, 0xd6, 0x57, 0xce, 0x58, 0xd6, 0x57, 0xce, 0x57, 0xce, 0x37, 0xce,
    0x57, 0xce, 0x57, 0xce, 0x37, 0xce, 0x16, 0xc6, 0x37, 0xce, 0x57, 0xce,
    0x57, 0xce, 0x37, 0xce, 0x37, 0xce, 0x37, 0xce, 0x57, 0xce, 0x56, 0xce,
    0x37, 0xce, 0x57, 0xce, 0x58, 0xce, 0x58, 0xce, 0x58, 0xd6, 0x58, 0xce,
    0x58, 0xce, 0x57, 0xce, 0x58, 0xce, 0x58, 0xd6, 0x57, 0xd6, 0x58, 0xd6,
    0x58, 0xd6, 0x78, 0xd6, 0x57, 0xce, 0x78, 0xd6, 0x78, 0xd6, 0x58, 0xd6,
    0x58, 0xce, 0x78, 0xd6, 0x78, 0xd6, 0x58, 0xd6, 0x58, 0xce, 0x58, 0xce,
    0xf6, 0xc5, 0xf6, 0xcd, 0x17, 0xce, 0x12, 0xa5, 0xa5, 0x41, 0x48, 0x52,
    0xe7, 0x49, 0x0b, 0x6b, 0xeb, 0x62, 0x8a, 0x62, 0x81, 0x18, 0x40, 0x10,
    0x41, 0x08, 0xa6, 0x31, 0x0b, 0x6b, 0xea, 0x6a, 0x0c, 0x6b, 0x2b, 0x6b,
    0x8d, 0x7b, 0x2f, 0x8c, 0x2f, 0x94, 0x4f, 0x94, 0x2f, 0x8c, 0x2f, 0x8c,
    0x2f, 0x8c, 0x0f, 0x8c, 0x70, 0x9c, 0xce, 0x83, 0xa9, 0x72, 0x81, 0x78,
    0xe1, 0x80, 0x63, 0x89, 0xa1, 0x78, 0xa1, 0x80, 0xc1, 0x80, 0xa1, 0x80,
    0xa1, 0x80, 0xe2, 0x80, 0xc0, 0x88, 0xa5, 0x91, 0x4b, 0x8b, 0x6c, 0x93,
    0x6c, 0x8b, 0xac, 0x8b, 0x2a, 0x83, 0xea, 0x7a, 0x68, 0x72, 0xa9, 0x7a,
    0x6b, 0x8b, 0x14, 0xd6, 0xf4, 0xd5, 0xb4, 0xcd, 0xb4, 0xcd, 0xd5, 0xcd,
    0xb4, 0xcd, 0xb4, 0xc5, 0xb5, 0xcd, 0xb4, 0xcd, 0xb4, 0xcd, 0xb4, 0xcd,
    0xb4, 0xcd, 0xb4, 0xcd, 0xb4, 0xcd, 0xb4, 0xc5, 0xb4, 0xcd, 0xb4, 0xc5,
    0xd4, 0xcd, 0xb4, 0xcd, 0x93, 0xcd, 0x4e, 0xac, 0x0d, 0xa4, 0xd4, 0xd5,
    0xf4, 0xcd, 0x93, 0xc5, 0x72, 0xc5, 0x73, 0xc5, 0x92, 0xc5, 0x72, 0xbd,
    0x72, 0xbd, 0x52, 0xbd, 0x52, 0xb5, 0x72, 0xbd, 0x94, 0xbd, 0x94, 0xbd,
    0x93, 0xbd, 0x52, 0xad, 0x32, 0xad, 0xd4, 0xc5, 0xd5, 0xc5, 0xd5, 0xc5,
    0x52, 0xb5, 0x93, 0xbd, 0xd4, 0xc5, 0xd4, 0xc5, 0xb5, 0xc5, 0xd4, 0xc5,
    0xd5, 0xc5, 0xf5, 0xcd, 0x36, 0xce, 0x15, 0xc6, 0xb8, 0xde, 0xb8, 0xe6,
    0x90, 0xac, 0x85, 0x59, 0xe2, 0x38, 0xe6, 0x51, 0x48, 0x62, 0xc9, 0x62,
    0xc9, 0x62, 0xcd, 0x7b, 0x4f, 0x94, 0xea, 0x6a, 0x2b, 0x73, 0x0b, 0x73,
    0x0b, 0x73, 0x2b, 0x6b, 0x6c, 0x7b, 0x70, 0x94, 0xf2, 0xa4, 0xad, 0x7b,
    0x0f, 0x8c, 0xd2, 0xa4, 0x13, 0xad, 0xd5, 0xbd, 0xb5, 0xbd, 0xb5, 0xbd,
    0xd6, 0xbd, 0x50, 0x94, 0xef, 0x83, 0xb1, 0x94, 0x54, 0xad, 0xb5, 0xb5,
    0x94, 0xbd, 0xb5, 0xb5, 0xb5, 0xbd, 0xb5, 0xb5, 0x95, 0xb5, 0x95, 0xbd,
    0xb5, 0xbd, 0x95, 0xb5, 0xb5, 0xb5, 0x95, 0xb5, 0xb5, 0xb5, 0xb5, 0xb5,
    0xb5, 0xb5, 0x95, 0xb5, 0xb5, 0xb5, 0x95, 0xb5, 0x95, 0xb5, 0xb5, 0xb5,
    0x95, 0xb5, 0x95, 0xb5, 0x95, 0xb5, 0x95, 0xb5, 0x95, 0xb5, 0x95, 0xb5,
    0xb5, 0xbd, 0x95, 0xb5, 0x95, 0xb5, 0x95, 0xb5, 0x94, 0xb5, 0x95, 0xb5,
    0x54, 0xad, 0x95, 0xb5, 0xb5, 0xbd, 0x95, 0xb5, 0x95, 0xb5, 0x95, 0xb5,
    0x95, 0xb5, 0x94, 0xb5, 0x95, 0xb5, 0x95, 0xb5, 0x95, 0xb5, 0x94, 0xb5,
    0x95, 0xb5, 0x94, 0xb5, 0x95, 0xb5, 0x94, 0xb5, 0x95, 0xb5, 0x95, 0xb5,
    0x95, 0xb5, 0x95, 0xb5, 0xb5, 0xbd, 0xb5, 0xb5, 0x96, 0xb5, 0x96, 0xb5,
    0xb6, 0xbd, 0xb6, 0xbd, 0xb6, 0xbd, 0xb6, 0xb5, 0xb6, 0xbd, 0xb6, 0xbd,
    0xb6, 0xb5, 0xb6, 0xbd, 0xb6, 0xbd, 0xb6, 0xbd, 0xd6, 0xbd, 0xd6, 0xbd,
    0xb6, 0xbd, 0xb6, 0xb5, 0xb6, 0xb5, 0xb6, 0xb5, 0x95, 0xbd, 0x74, 0xb5,
    0x75, 0xb5, 0x95, 0xb5, 0x96, 0xb5, 0x95, 0xb5, 0x95, 0xb5, 0x96, 0xb5,
    0xb6, 0xbd, 0xb5, 0xb5, 0x96, 0xbd, 0x95, 0xb5, 0xb6, 0xb5, 0xb6, 0xbd,
    0x95, 0xb5, 0x96, 0xb5, 0x96, 0xbd, 0x96, 0xbd, 0x96, 0xb5, 0xb6, 0xbd,
    0x96, 0xbd, 0x96, 0xb5, 0xb6, 0xbd, 0x96, 0xbd, 0x96, 0xb5, 0xb5, 0xb5,
    0xb6, 0xbd, 0xb6, 0xbd, 0xb5, 0xb5, 0x95, 0xb5, 0x94, 0xb5, 0x74, 0xb5,
    0x30, 0x94, 0xad, 0x83, 0xae, 0x83, 0x4d, 0x73, 0xd3, 0xa4, 0x3b, 0xef,
    0xb8, 0xde, 0x97, 0xde, 0x97, 0xd6, 0x98, 0xde, 0x97, 0xde, 0x77, 0xd6,
    0x98, 0xde, 0x98, 0xde, 0x97, 0xd6, 0xb8, 0xde, 0x75, 0xbd, 0xb2, 0x9c,
    0xb2, 0x9c, 0x91, 0x9c, 0xf2, 0xa4, 0x12, 0xad, 0xf6, 0xc5, 0x16, 0xce,
    0x16, 0xce, 0x37, 0xce, 0x37, 0xce, 0x37, 0xce, 0x37, 0xce, 0x36, 0xce,
    0xf7, 0xcd, 0xf7, 0xcd, 0xd6, 0xc5, 0x17, 0xce, 0xf6, 0xc5, 0x37, 0xd6,
    0x37, 0xce, 0x37, 0xce, 0x58, 0xd6, 0x38, 0xd6, 0x57, 0xd6, 0x37, 0xce,
    0x78, 0xce, 0x16, 0xc6, 0x17, 0xce, 0x17, 0xc6, 0x16, 0xc6, 0x16, 0xc6,
    0x37, 0xce, 0x57, 0xce, 0x17, 0xce, 0x57, 0xce, 0x57, 0xce, 0x57, 0xce,
    0x37, 0xce, 0x16, 0xc6, 0x16, 0xc6, 0x36, 0xce, 0x36, 0xce, 0x37, 0xce,
    0x57, 0xce, 0x36, 0xce, 0x56, 0xce, 0x37, 0xce, 0x58, 0xce, 0x58, 0xce,
    0x58, 0xce, 0x58, 0xce, 0x58, 0xce, 0x58, 0xce, 0x57, 0xce, 0x58, 0xce,
    0x58, 0xce, 0x58, 0xd6, 0x58, 0xce, 0x58, 0xce, 0x78, 0xd6, 0x78, 0xd6,
    0x78, 0xd6, 0x58, 0xd6, 0x58, 0xd6, 0x58, 0xce, 0x58, 0xd6, 0x58, 0xd6,
    0x78, 0xce, 0x58, 0xce, 0xf6, 0xc5, 0xf6, 0xcd, 0xf6, 0xc5, 0x78, 0xd6,
    0x07, 0x52, 0x85, 0x39, 0x27, 0x4a, 0xeb, 0x5a, 0xca, 0x62, 0xca, 0x62,
    0x27, 0x4a, 0x40, 0x08, 0x41, 0x08, 0xa6, 0x39, 0x2b, 0x6b, 0xea, 0x62,
    0x0b, 0x6b, 0x2c, 0x6b, 0x4c, 0x73, 0x2f, 0x8c, 0x2f, 0x94, 0x50, 0x94,
    0x4f, 0x94, 0x2f, 0x94, 0x2f, 0x8c, 0x0f, 0x8c, 0x91, 0x9c, 0xcd, 0x83,
    0xca, 0x72, 0xa1, 0x78, 0xc1, 0x80, 0x84, 0x89, 0x81, 0x80, 0xc1, 0x78,
    0xc1, 0x80, 0xc1, 0x80, 0xa1, 0x80, 0xe1, 0x80, 0xc0, 0x88, 0x23, 0x91,
    0xca, 0x92, 0x8b, 0x8b, 0x8b, 0x8b, 0x2a, 0x93, 0xc6, 0x71, 0x67, 0x72,
    0x88, 0x72, 0x43, 0x49, 0x0d, 0xa4, 0x02, 0x59, 0xcc, 0xb3, 0xf4, 0xdd,
    0xd5, 0xd5, 0xd4, 0xcd, 0xb4, 0xcd, 0xb4, 0xcd, 0xd4, 0xcd, 0xb4, 0xcd,
    0xb4, 0xcd, 0xb3, 0xcd, 0xb4, 0xcd, 0xb4, 0xcd, 0xb4, 0xcd, 0xb4, 0xcd,
    0xd5, 0xcd, 0xd5, 0xcd, 0x93, 0xc5, 0x4d, 0xa4, 0x6e, 0xa4, 0xf4, 0xd5,
    0x15, 0xce, 0xf4, 0xcd, 0xd4, 0xc5, 0xb4, 0xc5, 0x93, 0xc5, 0x72, 0xbd,
    0x72, 0xbd, 0x52, 0xbd, 0x51, 0xbd, 0x52, 0xbd, 0x52, 0xbd, 0x93, 0xbd,
    0xb4, 0xbd, 0x94, 0xbd, 0x73, 0xbd, 0x15, 0xce, 0x77, 0xd6, 0x16, 0xce,
    0x93, 0xbd, 0x31, 0xb5, 0xb3, 0xc5, 0x93, 0xbd, 0x52, 0xb5, 0x71, 0xb5,
    0x52, 0xb5, 0x8f, 0x9c, 0x4e, 0x94, 0xed, 0x83, 0x2e, 0x8c, 0xf1, 0xa4,
    0x97, 0xde, 0x36, 0xd6, 0x36, 0xd6, 0x3a, 0xef, 0x53, 0xbd, 0x68, 0x62,
    0x68, 0x62, 0x68, 0x5a, 0xc9, 0x6a, 0xca, 0x62, 0x50, 0x94, 0xea, 0x6a,
    0x2b, 0x73, 0x2b, 0x73, 0x0a, 0x6b, 0x2b, 0x73, 0x6c, 0x7b, 0x0e, 0x8c,
    0xd2, 0xa4, 0x70, 0x94, 0x8c, 0x7b, 0xd2, 0xa4, 0xf2, 0xa4, 0xb5, 0xb5,
    0xb5, 0xbd, 0xb5, 0xbd, 0xb5, 0xbd, 0xd6, 0xbd, 0x91, 0x9c, 0x0f, 0x8c,
    0xb1, 0x9c, 0x74, 0xb5, 0xb5, 0xbd, 0xb5, 0xbd, 0xb5, 0xb5, 0xb4, 0xbd,
    0x95, 0xbd, 0xb5, 0xbd, 0x95, 0xb5, 0x95, 0xb5, 0xb5, 0xbd, 0x95, 0xb5,
    0x95, 0xb5, 0xb5, 0xbd, 0xb5, 0xbd, 0x94, 0xb5, 0x94, 0xb5, 0x95, 0xb5,
    0x95, 0xb5, 0x95, 0xb5, 0xb5, 0xb5, 0x95, 0xb5, 0x95, 0xb5, 0x94, 0xb5,
    0xb5, 0xb5, 0x95, 0xb5, 0xb5, 0xbd, 0x95, 0xb5, 0xb5, 0xb5, 0x95, 0xb5,
    0x94, 0xb5, 0x95, 0xb5, 0x74, 0xb5, 0x94, 0xb5, 0xb5, 0xb5, 0x94, 0xb5,
    0x95, 0xb5, 0x95, 0xb5, 0x95, 0xb5, 0x95, 0xb5, 0x95, 0xb5, 0x95, 0xb5,
    0x94, 0xb5, 0x94, 0xb5, 0x94, 0xb5, 0x94, 0xb5, 0x94, 0xb5, 0x95, 0xb5,
    0x95, 0xb5, 0x95, 0xb5, 0xb5, 0xb5, 0x95, 0xb5, 0xb5, 0xbd, 0x95, 0xb5,
    0x95, 0xb5, 0x95, 0xb5, 0x95, 0xb5, 0x96, 0xb5, 0xb6, 0xb5, 0x95, 0xb5,
    0xb6, 0xbd, 0xb6, 0xb5, 0xb5, 0xb5, 0xb6, 0xbd, 0xb6, 0xbd, 0xd6, 0xbd,
    0xd6, 0xbd, 0xd7, 0xbd, 0xb6, 0xb5, 0xb6, 0xbd, 0xb6, 0xbd, 0xb6, 0xb5,
    0x95, 0xbd, 0x74, 0xb5, 0x75, 0xb5, 0x75, 0xb5, 0x96, 0xb5, 0x96, 0xbd,
    0x95, 0xb5, 0x95, 0xb5, 0xb6, 0xbd, 0x96, 0xb5, 0x95, 0xb5, 0xb6, 0xbd,
    0x95, 0xb5, 0x95, 0xb5, 0x96, 0xb5, 0xb6, 0xbd, 0xb6, 0xb5, 0xb6, 0xb5,
    0x95, 0xb5, 0x95, 0xb5, 0xb6, 0xb5, 0xb6, 0xb5, 0xb5, 0xbd, 0xb6, 0xb5,
    0x96, 0xbd, 0xb6, 0xb5, 0x95, 0xbd, 0xb6, 0xb5, 0x96, 0xb5, 0x95, 0xb5,
    0x95, 0xb5, 0x74, 0xb5, 0x12, 0xad, 0xce, 0x83, 0xce, 0x8b, 0xae, 0x83,
    0x8e, 0x73, 0xae, 0x7b, 0x38, 0xce, 0x3b, 0xef, 0xb9, 0xde, 0x98, 0xde,
    0x97, 0xd6, 0x98, 0xde, 0x77, 0xd6, 0x77, 0xd6, 0x98, 0xd6, 0x98, 0xde,
    0xb9, 0xde, 0xf6, 0xc5, 0xb2, 0xa4, 0xd2, 0xa4, 0x92, 0x9c, 0xf3, 0xa4,
    0x91, 0x9c, 0x57, 0xce, 0x16, 0xce, 0x37, 0xce, 0x37, 0xce, 0x57, 0xce,
    0x57, 0xce, 0x57, 0xce, 0x58, 0xd6, 0x37, 0xce, 0x78, 0xd6, 0x58, 0xd6,
    0x37, 0xce, 0x17, 0xce, 0x37, 0xce, 0x37, 0xce, 0x17, 0xce, 0xf6, 0xcd,
    0x17, 0xce, 0x17, 0xce, 0x57, 0xce, 0x98, 0xd6, 0x58, 0xce, 0x37, 0xce,
    0x37, 0xce, 0x78, 0xd6, 0x78, 0xd6, 0x37, 0xce, 0x17, 0xce, 0x37, 0xce,
    0x36, 0xce, 0x16, 0xce, 0x57, 0xce, 0x57, 0xce, 0x37, 0xce, 0x36, 0xc6,
    0x36, 0xce, 0x37, 0xce, 0x56, 0xce, 0x37, 0xce, 0x56, 0xce, 0x57, 0xc6,
    0x58, 0xce, 0x58, 0xce, 0x78, 0xce, 0x78, 0xce, 0x58, 0xce, 0x58, 0xce,
    0x58, 0xce, 0x58, 0xce, 0x58, 0xce, 0x58, 0xd6, 0x58, 0xce, 0x58, 0xce,
    0x58, 0xce, 0x78, 0xd6, 0x38, 0xce, 0x78, 0xd6, 0x58, 0xce, 0x78, 0xd6,
    0x78, 0xce, 0x58, 0xd6, 0x58, 0xce, 0x78, 0xd6, 0xf6, 0xc5, 0xf6, 0xc5,
    0x17, 0xce, 0xb5, 0xbd, 0x8d, 0x83, 0xa5, 0x39, 0x28, 0x52, 0xea, 0x5a,
    0xca, 0x5a, 0xaa, 0x62, 0xea, 0x62, 0x65, 0x31, 0x20, 0x08, 0xa6, 0x31,
    0x0a, 0x63, 0xca, 0x62, 0x0b, 0x6b, 0x2c, 0x6b, 0x2c, 0x73, 0x2f, 0x8c,
    0x2f, 0x8c, 0x50, 0x94, 0x50, 0x94, 0x4f, 0x94, 0x4f, 0x8c, 0x0f, 0x94,
    0x70, 0x9c, 0x0f, 0x8c, 0xca, 0x72, 0xa1, 0x78, 0xc1, 0x80, 0xa4, 0x89,
    0x80, 0x78, 0xa1, 0x80, 0xc1, 0x80, 0xc1, 0x80, 0xc1, 0x80, 0xc0, 0x80,
    0xc1, 0x88, 0xa0, 0x88, 0x48, 0x9a, 0x2a, 0x93, 0x6b, 0x8b, 0xac, 0x9b,
    0xa5, 0x81, 0x63, 0x79, 0xc9, 0x82, 0x64, 0x49, 0x0d, 0x94, 0xca, 0x8a,
    0x80, 0x68, 0x63, 0x79, 0xcc, 0xab, 0xf4, 0xdd, 0x15, 0xd6, 0xd5, 0xcd,
    0xb4, 0xc5, 0xd4, 0xc5, 0xb4, 0xcd, 0xd4, 0xc5, 0xb3, 0xcd, 0xb4, 0xcd,
    0xd4, 0xcd, 0xf5, 0xcd, 0x32, 0xbd, 0xed, 0x9b, 0x2d, 0x9c, 0xf4, 0xd5,
    0xf4, 0xcd, 0x15, 0xce, 0x15, 0xc6, 0xf5, 0xc5, 0xb4, 0xc5, 0x93, 0xc5,
    0x73, 0xbd, 0xb4, 0xc5, 0x92, 0xc5, 0x51, 0xbd, 0x31, 0xb5, 0x72, 0xbd,
    0xd3, 0xc5, 0xd4, 0xc5, 0x94, 0xbd, 0xf5, 0xc5, 0x36, 0xce, 0xd5, 0xc5,
    0xd4, 0xc5, 0x31, 0xb5, 0x71, 0xb5, 0xb2, 0xc5, 0x91, 0xbd, 0x71, 0xbd,
    0x52, 0xb5, 0x72, 0xb5, 0xd5, 0xc5, 0x16, 0xce, 0xf5, 0xc5, 0xd5, 0xbd,
    0xd5, 0xbd, 0xb4, 0xbd, 0x32, 0xad, 0xf5, 0xc5, 0x98, 0xde, 0x77, 0xd6,
    0x77, 0xd6, 0x1a, 0xef, 0x70, 0x9c, 0x68, 0x5a, 0xa9, 0x62, 0x2b, 0x73,
    0x4b, 0x73, 0x2b, 0x6b, 0x2b, 0x73, 0x2b, 0x73, 0x0b, 0x73, 0x0b, 0x6b,
    0xad, 0x7b, 0xcd, 0x83, 0xd1, 0xa4, 0xf2, 0xa4, 0xee, 0x83, 0x0f, 0x8c,
    0x12, 0xad, 0x74, 0xb5, 0xb5, 0xbd, 0xb5, 0xbd, 0xb5, 0xb5, 0xb5, 0xbd,
    0xb5, 0xb5, 0xd2, 0xa4, 0x30, 0x8c, 0x91, 0x94, 0x74, 0xad, 0x95, 0xb5,
    0xb5, 0xbd, 0xb5, 0xbd, 0x95, 0xb5, 0x95, 0xb5, 0x95, 0xbd, 0xb5, 0xb5,
    0xb5, 0xbd, 0xb5, 0xb5, 0xb5, 0xbd, 0xb5, 0xb5, 0xb5, 0xb5, 0x94, 0xb5,
    0xb5, 0xbd, 0x95, 0xb5, 0xb5, 0xbd, 0x95, 0xb5, 0xb5, 0xb5, 0x94, 0xb5,
    0x95, 0xb5, 0x95, 0xb5, 0xb5, 0xb5, 0x95, 0xb5, 0xb5, 0xb5, 0x95, 0xb5,
    0xb5, 0xbd, 0x95, 0xb5, 0x94, 0xb5, 0x95, 0xb5, 0x74, 0xad, 0x94, 0xb5,
    0x94, 0xb5, 0x94, 0xb5, 0x95, 0xb5, 0x95, 0xb5, 0x95, 0xb5, 0x95, 0xb5,
    0x94, 0xb5, 0x95, 0xb5, 0x94, 0xb5, 0x95, 0xb5, 0x95, 0xb5, 0x94, 0xb5,
    0x95, 0xb5, 0x94, 0xb5, 0x95, 0xb5, 0x95, 0xb5, 0x95, 0xb5, 0x95, 0xb5,
    0x95, 0xb5, 0xb5, 0xb5, 0x95, 0xb5, 0x95, 0xb5, 0x95, 0xb5, 0x95, 0xb5,
    0x95, 0xb5, 0x95, 0xb5, 0xb6, 0xbd, 0xb6, 0xbd, 0xb6, 0xb5, 0xb6, 0xbd,
    0xb6, 0xb5, 0xb6, 0xb5, 0xb6, 0xbd, 0xb6, 0xbd, 0xb6, 0xbd, 0xb6, 0xb5,
    0x95, 0xb5, 0x96, 0xb5, 0x95, 0xbd, 0x74, 0xb5, 0x75, 0xb5, 0x95, 0xb5,
    0x95, 0xb5, 0x96, 0xb5, 0xb6, 0xb5, 0x95, 0xb5, 0x95, 0xb5, 0x96, 0xb5,
    0x95, 0xb5, 0x96, 0xb5, 0xb6, 0xbd, 0x96, 0xb5, 0xb6, 0xb5, 0x95, 0xbd,
    0x95, 0xb5, 0x95, 0xb5, 0x95, 0xb5, 0x95, 0xb5, 0x95, 0xb5, 0x95, 0xb5,
    0x95, 0xb5, 0x95, 0xb5, 0x95, 0xb5, 0x95, 0xb5, 0x95, 0xb5, 0x96, 0xb5,
    0x95, 0xb5, 0x95, 0xb5, 0x95, 0xb5, 0x75, 0xb5, 0xb5, 0xbd, 0x30, 0x8c,
    0xee, 0x8b, 0xee, 0x83, 0xce, 0x83, 0xae, 0x7b, 0x4d, 0x6b, 0x91, 0x94,
    0xfb, 0xe6, 0xd9, 0xde, 0x77, 0xd6, 0xb8, 0xde, 0xb8, 0xde, 0x98, 0xde,
    0x78, 0xde, 0x98, 0xde, 0x98, 0xde, 0xb8, 0xe6, 0xd6, 0xc5, 0xd2, 0xa4,
    0xd3, 0xa4, 0xb2, 0x9c, 0x70, 0x9c, 0xb0, 0x9c, 0x57, 0xd6, 0x37, 0xce,
    0x17, 0xce, 0x16, 0xce, 0x16, 0xce, 0xf6, 0xc5, 0x17, 0xce, 0x17, 0xce,
    0x17, 0xce, 0x37, 0xce, 0x17, 0xce, 0x37, 0xce, 0x37, 0xd6, 0x37, 0xce,
    0x38, 0xd6, 0x58, 0xd6, 0x58, 0xd6, 0x58, 0xd6, 0x57, 0xce, 0xf6, 0xc5,
    0xf6, 0xcd, 0x57, 0xce, 0x17, 0xce, 0x37, 0xce, 0xf6, 0xc5, 0x16, 0xce,
    0x37, 0xce, 0x57, 0xce, 0x37, 0xce, 0x37, 0xce, 0x36, 0xce, 0x16, 0xce,
    0x17, 0xce, 0x37, 0xce, 0x57, 0xce, 0x37, 0xce, 0x16, 0xc6, 0x57, 0xce,
    0x57, 0xce, 0x58, 0xce, 0x58, 0xce, 0x58, 0xce, 0x58, 0xce, 0x58, 0xce,
    0x58, 0xce, 0x57, 0xce, 0x58, 0xce, 0x58, 0xce, 0x78, 0xd6, 0x57, 0xce,
    0x78, 0xd6, 0x37, 0xce, 0x78, 0xd6, 0x37, 0xce, 0x58, 0xce, 0x78, 0xd6,
    0x58, 0xce, 0x58, 0xd6, 0x78, 0xd6, 0x58, 0xd6, 0x58, 0xce, 0x57, 0xce,
    0x16, 0xc6, 0x17, 0xce, 0x17, 0xce, 0xd6, 0xbd, 0x0e, 0x8c, 0x44, 0x39,
    0x44, 0x31, 0xeb, 0x62, 0xa9, 0x52, 0xea, 0x62, 0xa9, 0x5a, 0x48, 0x4a,
    0x20, 0x00, 0x65, 0x31, 0xea, 0x62, 0xca, 0x62, 0x2c, 0x6b, 0x2c, 0x73,
    0x4b, 0x6b, 0x0e, 0x8c, 0x4f, 0x8c, 0x50, 0x94, 0x70, 0x94, 0x4f, 0x94,
    0x2f, 0x8c, 0x2f, 0x94, 0x2f, 0x8c, 0x70, 0x94, 0x0b, 0x73, 0xc1, 0x68,
    0xa1, 0x80, 0xc5, 0x91, 0x80, 0x70, 0xc1, 0x80, 0xc1, 0x78, 0xa1, 0x78,
    0xa1, 0x80, 0xc1, 0x80, 0xc1, 0x88, 0xa1, 0x90, 0xc5, 0x99, 0xe6, 0xa1,
    0x2b, 0x93, 0x4b, 0x8b, 0x48, 0x9a, 0x02, 0x81, 0x84, 0x79, 0x68, 0x72,
    0x2a, 0x73, 0x32, 0xb5, 0x03, 0x71, 0x60, 0x80, 0x81, 0x70, 0xc2, 0x68,
    0x0a, 0x9b, 0x93, 0xcd, 0x15, 0xd6, 0xb4, 0xcd, 0xb3, 0xcd, 0xb3, 0xcd,
    0xd4, 0xcd, 0x15, 0xd6, 0xf0, 0xb4, 0x8a, 0x8b, 0xcb, 0xa3, 0x92, 0xd5,
    0x55, 0xde, 0x15, 0xce, 0x36, 0xce, 0x16, 0xce, 0x16, 0xce, 0x36, 0xce,
    0x16, 0xce, 0xf5, 0xcd, 0xf5, 0xcd, 0x72, 0xbd, 0x92, 0xbd, 0x72, 0xbd,
    0xb3, 0xc5, 0xd4, 0xc5, 0x93, 0xbd, 0xf5, 0xcd, 0x36, 0xce, 0xd4, 0xc5,
    0xf5, 0xcd, 0xf5, 0xc5, 0x30, 0xad, 0x70, 0xbd, 0x6f, 0xbd, 0x71, 0xbd,
    0x71, 0xbd, 0xb2, 0xbd, 0xf4, 0xc5, 0x78, 0xd6, 0x37, 0xce, 0x78, 0xd6,
    0x58, 0xd6, 0x57, 0xce, 0x58, 0xce, 0x78, 0xce, 0x78, 0xd6, 0x37, 0xc6,
    0x95, 0xb5, 0x98, 0xd6, 0x78, 0xd6, 0x57, 0xd6, 0x78, 0xde, 0x33, 0xb5,
    0x0a, 0x73, 0xee, 0x8b, 0x4c, 0x7b, 0x0a, 0x6b, 0x0b, 0x73, 0x2b, 0x73,
    0x0a, 0x73, 0x0b, 0x6b, 0xad, 0x83, 0x8c, 0x7b, 0xd1, 0xa4, 0xf2, 0xa4,
    0xd1, 0x9c, 0x6c, 0x73, 0xb1, 0x9c, 0x33, 0xb5, 0x95, 0xb5, 0xb5, 0xb5,
    0xb5, 0xbd, 0xb5, 0xbd, 0x95, 0xb5, 0x74, 0xb5, 0x13, 0xad, 0x50, 0x94,
    0xb1, 0x9c, 0x74, 0xb5, 0x94, 0xb5, 0x95, 0xb5, 0x95, 0xb5, 0x95, 0xb5,
    0x95, 0xb5, 0xb5, 0xb5, 0x95, 0xb5, 0xb5, 0xbd, 0x95, 0xb5, 0x95, 0xb5,
    0xb5, 0xb5, 0x95, 0xb5, 0x94, 0xb5, 0x95, 0xb5, 0xb5, 0xbd, 0x95, 0xb5,
    0xb5, 0xb5, 0x95, 0xb5, 0x95, 0xb5, 0x95, 0xb5, 0x95, 0xb5, 0x95, 0xb5,
    0x95, 0xb5, 0x95, 0xb5, 0xb5, 0xb5, 0x95, 0xb5, 0x94, 0xb5, 0x95, 0xb5,
    0x74, 0xb5, 0x94, 0xb5, 0x95, 0xb5, 0x94, 0xb5, 0x95, 0xb5, 0x95, 0xb5,
    0x95, 0xb5, 0x95, 0xb5, 0x74, 0xb5, 0x95, 0xb5, 0x95, 0xb5, 0x94, 0xb5,
    0x95, 0xb5, 0x95, 0xb5, 0x94, 0xb5, 0x94, 0xb5, 0x75, 0xb5, 0x74, 0xb5,
    0x95, 0xb5, 0x95, 0xb5, 0x95, 0xb5, 0x95, 0xb5, 0x96, 0xbd, 0x96, 0xb5,
    0x96, 0xbd, 0xb6, 0xbd, 0xb6, 0xbd, 0x95, 0xb5, 0xb6, 0xb5, 0xb6, 0xbd,
    0xb6, 0xbd, 0xb6, 0xbd, 0xb6, 0xb5, 0xb6, 0xb5, 0xb6, 0xbd, 0xb6, 0xb5,
    0xb6, 0xbd, 0x95, 0xb5, 0x95, 0xb5, 0xb6, 0xb5, 0x95, 0xbd, 0x95, 0xb5,
    0x75, 0xb5, 0x95, 0xb5, 0x95, 0xb5, 0x95, 0xb5, 0x95, 0xb5, 0x95, 0xb5,
    0x95, 0xb5, 0x95, 0xb5, 0x95, 0xb5, 0x95, 0xb5, 0x95, 0xb5, 0x95, 0xb5,
    0x95, 0xb5, 0x96, 0xb5, 0x95, 0xb5, 0x96, 0xb5, 0x96, 0xbd, 0x96, 0xbd,
    0x95, 0xb5, 0x96, 0xb5, 0x96, 0xb5, 0x95, 0xb5, 0x96, 0xb5, 0x95, 0xb5,
    0x95, 0xb5, 0x96, 0xb5, 0x95, 0xb5, 0x96, 0xbd, 0x95, 0xb5, 0x95, 0xb5,
    0x95, 0xb5, 0x95, 0xbd, 0xef, 0x8b, 0xef, 0x8b, 0xef, 0x83, 0xee, 0x83,
    0xcf, 0x7b, 0xaf, 0x73, 0x4e, 0x6b, 0x75, 0xb5, 0x3c, 0xef, 0xb9, 0xde,
    0xb8, 0xde, 0x98, 0xde, 0x98, 0xde, 0xb8, 0xde, 0x98, 0xde, 0x98, 0xde,
    0xd9, 0xe6, 0x13, 0xad, 0xd2, 0xa4, 0xb2, 0xa4, 0xd2, 0xa4, 0xb1, 0x9c,
    0x33, 0xad, 0x58, 0xd6, 0x17, 0xce, 0x37, 0xce, 0x37, 0xce, 0x17, 0xce,
    0x37, 0xce, 0x17, 0xce, 0x16, 0xce, 0x37, 0xce, 0x37, 0xce, 0x37, 0xd6,
    0x37, 0xce, 0x38, 0xd6, 0x99, 0xde, 0xda, 0xe6, 0xf6, 0xc5, 0x95, 0xbd,
    0xf6, 0xcd, 0xd6, 0xc5, 0x17, 0xce, 0x17, 0xce, 0x58, 0xce, 0x37, 0xce,
    0x17, 0xce, 0x37, 0xce, 0x17, 0xce, 0x37, 0xce, 0x36, 0xce, 0xf6, 0xc5,
    0x37, 0xce, 0x37, 0xce, 0x57, 0xd6, 0x57, 0xce, 0x37, 0xce, 0x16, 0xce,
    0x37, 0xce, 0x57, 0xce, 0x57, 0xce, 0x38, 0xce, 0x57, 0xce, 0x58, 0xce,
    0x57, 0xce, 0x58, 0xce, 0x58, 0xce, 0x57, 0xce, 0x57, 0xce, 0x58, 0xce,
    0x57, 0xce, 0x57, 0xce, 0x57, 0xce, 0x78, 0xd6, 0x57, 0xce, 0x58, 0xce,
    0x78, 0xd6, 0x78, 0xd6, 0x78, 0xd6, 0x38, 0xd6, 0x58, 0xd6, 0x58, 0xd6,
    0x78, 0xd6, 0x57, 0xce, 0xf7, 0xcd, 0xf6, 0xcd, 0x37, 0xce, 0x16, 0xc6,
    0x2f, 0x8c, 0x24, 0x31, 0x82, 0x20, 0xe6, 0x41, 0x89, 0x52, 0xeb, 0x62,
    0xca, 0x62, 0x0b, 0x63, 0x81, 0x10, 0x44, 0x29, 0x89, 0x52, 0xea, 0x62,
    0x0b, 0x73, 0x4c, 0x73, 0x4c, 0x6b, 0xce, 0x83, 0x2f, 0x8c, 0x50, 0x94,
    0x70, 0x94, 0x50, 0x94, 0x2f, 0x8c, 0x2f, 0x94, 0x0f, 0x8c, 0x91, 0x9c,
    0xad, 0x83, 0xc5, 0x69, 0xc0, 0x70, 0xe6, 0x91, 0x60, 0x68, 0xa1, 0x78,
    0xa1, 0x80, 0xa1, 0x80, 0xa0, 0x80, 0xc0, 0x88, 0xc1, 0x90, 0xc1, 0x90,
    0xa5, 0xa1, 0x23, 0x99, 0xa8, 0x9a, 0x2b, 0x8b, 0xe9, 0x92, 0x03, 0x99,
    0xe2, 0x90, 0xc6, 0x89, 0xa8, 0x7a, 0x31, 0xad, 0x8c, 0x9b, 0x40, 0x70,
    0x81, 0x80, 0x81, 0x80, 0x81, 0x78, 0xc2, 0x70, 0xe9, 0x92, 0x10, 0xb5,
    0xf4, 0xdd, 0x15, 0xd6, 0x73, 0xc5, 0x87, 0x6a, 0xab, 0x93, 0xf0, 0xbc,
    0x56, 0xe6, 0x35, 0xce, 0x16, 0xce, 0x16, 0xce, 0x15, 0xc6, 0x16, 0xc6,
    0xf6, 0xc5, 0x16, 0xce, 0xf5, 0xc5, 0xf5, 0xcd, 0xd5, 0xc5, 0xd4, 0xcd,
    0x72, 0xbd, 0x93, 0xbd, 0xd4, 0xcd, 0xf5, 0xcd, 0xd4, 0xc5, 0xf5, 0xc5,
    0x16, 0xce, 0x76, 0xd6, 0x70, 0xb5, 0x4f, 0xb5, 0x70, 0xbd, 0x50, 0xb5,
    0x91, 0xb5, 0x93, 0xbd, 0xb4, 0xbd, 0xf5, 0xcd, 0x16, 0xce, 0x17, 0xc6,
    0x37, 0xce, 0x37, 0xce, 0x57, 0xce, 0x78, 0xce, 0x78, 0xd6, 0x58, 0xce,
    0x58, 0xce, 0x57, 0xce, 0x58, 0xce, 0x57, 0xce, 0x37, 0xce, 0x57, 0xce,
    0x37, 0xd6, 0x98, 0xde, 0xcd, 0x83, 0x03, 0x29, 0x68, 0x5a, 0x2b, 0x73,
    0x2b, 0x73, 0x2b, 0x73, 0x2b, 0x73, 0x2b, 0x73, 0xad, 0x83, 0x6c, 0x73,
    0xd2, 0xa4, 0xb1, 0x9c, 0xf2, 0xa4, 0x2f, 0x8c, 0xad, 0x83, 0x54, 0xb5,
    0x94, 0xb5, 0xb5, 0xbd, 0xb5, 0xbd, 0xb5, 0xbd, 0x95, 0xbd, 0x74, 0xb5,
    0x95, 0xbd, 0x33, 0xad, 0x91, 0x9c, 0xb1, 0x9c, 0x74, 0xb5, 0x94, 0xbd,
    0x94, 0xb5, 0x94, 0xbd, 0x95, 0xbd, 0x95, 0xb5, 0x95, 0xb5, 0x95, 0xb5,
    0xb4, 0xb5, 0x94, 0xb5, 0xb5, 0xbd, 0xb5, 0xb5, 0x94, 0xb5, 0x94, 0xb5,
    0xb5, 0xb5, 0x95, 0xb5, 0x95, 0xbd, 0x95, 0xb5, 0x95, 0xb5, 0x95, 0xb5,
    0x95, 0xbd, 0x94, 0xb5, 0xb5, 0xb5, 0x95, 0xbd, 0x95, 0xb5, 0xb5, 0xb5,
    0x94, 0xb5, 0x95, 0xb5, 0x74, 0xb5, 0x94, 0xb5, 0x95, 0xb5, 0x95, 0xb5,
    0x95, 0xb5, 0x75, 0xb5, 0x95, 0xb5, 0x95, 0xb5, 0x95, 0xb5, 0x95, 0xb5,
    0x94, 0xb5, 0x95, 0xb5, 0x94, 0xb5, 0x95, 0xb5, 0x94, 0xb5, 0x95, 0xb5,
    0x75, 0xb5, 0x74, 0xb5, 0x95, 0xb5, 0x95, 0xb5, 0x95, 0xb5, 0x95, 0xb5,
    0xb5, 0xb5, 0xb6, 0xbd, 0xb6, 0xb5, 0x95, 0xb5, 0xb6, 0xb5, 0x96, 0xbd,
    0xb6, 0xb5, 0xb6, 0xbd, 0xb6, 0xbd, 0xb6, 0xbd, 0xb6, 0xbd, 0xb5, 0xb5,
    0xb6, 0xbd, 0xb6, 0xb5, 0x95, 0xb5, 0x96, 0xb5, 0xb6, 0xbd, 0x95, 0xb5,
    0xb6, 0xbd, 0x75, 0xb5, 0x75, 0xb5, 0x95, 0xb5, 0x96, 0xb5, 0x95, 0xb5,
    0x95, 0xb5, 0x96, 0xb5, 0x96, 0xbd, 0x96, 0xb5, 0x95, 0xb5, 0x95, 0xb5,
    0x95, 0xb5, 0x96, 0xbd, 0x96, 0xb5, 0x95, 0xb5, 0x96, 0xbd, 0x95, 0xb5,
    0x96, 0xb5, 0x95, 0xb5, 0x95, 0xb5, 0x95, 0xb5, 0x95, 0xb5, 0x95, 0xb5,
    0x96, 0xb5, 0x95, 0xb5, 0x96, 0xbd, 0x96, 0xbd, 0xb5, 0xb5, 0x96, 0xb5,
    0x96, 0xb5, 0x95, 0xb5, 0x95, 0xb5, 0x95, 0xb5, 0x33, 0xad, 0x0f, 0x8c,
    0x0f, 0x8c, 0x0e, 0x8c, 0xef, 0x83, 0xef, 0x83, 0xf0, 0x83, 0x6e, 0x73,
    0xae, 0x7b, 0xf7, 0xc5, 0x7c, 0xef, 0xf9, 0xe6, 0xb8, 0xde, 0xb8, 0xde,
    0xb9, 0xde, 0xb8, 0xde, 0x98, 0xde, 0x98, 0xd6, 0x74, 0xb5, 0xf2, 0xa4,
    0xd1, 0x9c, 0xd2, 0x9c, 0xb1, 0x9c, 0x33, 0xad, 0x37, 0xce, 0x37, 0xce,
    0x17, 0xce, 0x57, 0xd6, 0x57, 0xd6, 0x37, 0xce, 0x58, 0xd6, 0x78, 0xd6,
    0xb9, 0xe6, 0xda, 0xe6, 0x99, 0xde, 0x95, 0xbd, 0x13, 0xad, 0x70, 0x94,
    0x54, 0xb5, 0xd5, 0xc5, 0xd6, 0xc5, 0xf6, 0xc5, 0x37, 0xce, 0x37, 0xce,
    0xd5, 0xbd, 0x37, 0xce, 0x17, 0xce, 0x37, 0xce, 0x37, 0xce, 0x16, 0xce,
    0x37, 0xce, 0x77, 0xd6, 0x58, 0xd6, 0x57, 0xd6, 0x57, 0xd6, 0x78, 0xd6,
    0x78, 0xd6, 0x58, 0xce, 0x37, 0xce, 0x17, 0xc6, 0x37, 0xce, 0x58, 0xce,
    0x38, 0xce, 0x58, 0xce, 0x78, 0xce, 0x58, 0xce, 0x58, 0xce, 0x58, 0xce,
    0x58, 0xce, 0x58, 0xce, 0x57, 0xce, 0x37, 0xce, 0x58, 0xce, 0x58, 0xd6,
    0x57, 0xce, 0x58, 0xce, 0x98, 0xd6, 0x57, 0xce, 0x57, 0xce, 0x58, 0xd6,
    0x58, 0xd6, 0x58, 0xd6, 0x78, 0xce, 0x57, 0xce, 0xf6, 0xc5, 0x17, 0xce,
    0x16, 0xc6, 0xf6, 0xc5, 0x91, 0x9c, 0xc2, 0x28, 0xa2, 0x20, 0x64, 0x31,
    0x0b, 0x63, 0x28, 0x4a, 0xea, 0x62, 0x0b, 0x63, 0xa6, 0x39, 0x81, 0x10,
    0x48, 0x4a, 0xea, 0x6a, 0x0b, 0x6b, 0x2c, 0x6b, 0x2c, 0x6b, 0xad, 0x7b,
    0x2f, 0x8c, 0x4f, 0x94, 0x70, 0x94, 0x50, 0x94, 0x50, 0x94, 0x2f, 0x94,
    0x2f, 0x8c, 0x70, 0x9c, 0x0e, 0x8c, 0xc9, 0x6a, 0x23, 0x61, 0xc6, 0x89,
    0x80, 0x68, 0xa0, 0x78, 0xa1, 0x80, 0xc0, 0x80, 0xc0, 0x88, 0xa1, 0x90,
    0xa1, 0x90, 0xc1, 0x98, 0xc5, 0xa1, 0x22, 0x99, 0x84, 0x99, 0xea, 0x92,
    0x2b, 0x93, 0xe5, 0x91, 0xc2, 0x98, 0xe3, 0xa0, 0x84, 0x89, 0x70, 0xac,
    0xf1, 0xac, 0x44, 0x79, 0x81, 0x80, 0x81, 0x80, 0x81, 0x88, 0x81, 0x80,
    0x81, 0x80, 0x81, 0x80, 0x26, 0x82, 0x09, 0x83, 0x01, 0x41, 0x8e, 0xb4,
    0x50, 0xc5, 0x76, 0xde, 0xd5, 0xc5, 0x15, 0xc6, 0xf6, 0xcd, 0xf5, 0xc5,
    0x16, 0xce, 0xf6, 0xc5, 0xf5, 0xc5, 0xf5, 0xc5, 0x16, 0xce, 0xf6, 0xc5,
    0xb4, 0xc5, 0x73, 0xbd, 0x93, 0xbd, 0x15, 0xce, 0x94, 0xbd, 0x15, 0xce,
    0x15, 0xce, 0x36, 0xce, 0xd4, 0xc5, 0xef, 0xa4, 0xd1, 0xc5, 0x50, 0xbd,
    0x72, 0xbd, 0x93, 0xbd, 0xd4, 0xbd, 0xb5, 0xbd, 0xf6, 0xc5, 0x78, 0xce,
    0x78, 0xd6, 0x58, 0xd6, 0x57, 0xce, 0x78, 0xce, 0x78, 0xd6, 0x57, 0xce,
    0x58, 0xd6, 0x58, 0xd6, 0x57, 0xce, 0x58, 0xce, 0x58, 0xce, 0x78, 0xce,
    0x58, 0xce, 0x58, 0xce, 0x37, 0xce, 0x58, 0xd6, 0xd1, 0x9c, 0x8c, 0x7b,
    0x8d, 0x7b, 0x88, 0x5a, 0x2b, 0x73, 0x2b, 0x73, 0x2b, 0x73, 0x2b, 0x73,
    0xcd, 0x83, 0x6c, 0x73, 0x90, 0x9c, 0xb1, 0xa4, 0xb1, 0x9c, 0xf2, 0xa4,
    0xad, 0x7b, 0xb1, 0x9c, 0xb5, 0xbd, 0xb5, 0xbd, 0xb5, 0xbd, 0x95, 0xbd,
    0xb5, 0xbd, 0x94, 0xb5, 0x33, 0xb5, 0x95, 0xbd, 0x54, 0xb5, 0xb1, 0x9c,
    0xd2, 0xa4, 0x95, 0xb5, 0x95, 0xb5, 0x95, 0xbd, 0x94, 0xb5, 0x95, 0xb5,
    0x95, 0xb5, 0x95, 0xb5, 0xb5, 0xb5, 0x95, 0xb5, 0xb5, 0xbd, 0x95, 0xb5,
    0x94, 0xb5, 0x95, 0xb5, 0x95, 0xb5, 0x95, 0xb5, 0xb5, 0xb5, 0xb5, 0xbd,
    0x94, 0xb5, 0x95, 0xb5, 0x94, 0xb5, 0x94, 0xb5, 0x95, 0xb5, 0xb5, 0xb5,
    0x95, 0xbd, 0xb5, 0xb5, 0x94, 0xb5, 0x94, 0xb5, 0x74, 0xb5, 0x95, 0xb5,
    0x94, 0xb5, 0x94, 0xb5, 0x95, 0xb5, 0x95, 0xb5, 0x95, 0xb5, 0x95, 0xb5,
    0x94, 0xb5, 0x94, 0xb5, 0x95, 0xb5, 0x94, 0xb5, 0x95, 0xb5, 0x94, 0xb5,
    0x95, 0xb5, 0x94, 0xb5, 0x95, 0xb5, 0x95, 0xb5, 0x95, 0xb5, 0x95, 0xb5,
    0x95, 0xb5, 0x95, 0xb5, 0x95, 0xb5, 0x95, 0xb5, 0x95, 0xb5, 0x95, 0xb5,
    0x95, 0xb5, 0xb6, 0xbd, 0x95, 0xb5, 0x95, 0xb5, 0xb5, 0xb5, 0xb6, 0xb5,
    0xb6, 0xbd, 0xb6, 0xbd, 0x95, 0xb5, 0x95, 0xb5, 0xb6, 0xbd, 0x95, 0xb5,
    0x95, 0xb5, 0x96, 0xb5, 0x96, 0xbd, 0x95, 0xb5, 0x75, 0xb5, 0x95, 0xb5,
    0x96, 0xb5, 0x95, 0xb5, 0x95, 0xb5, 0x95, 0xb5, 0x96, 0xb5, 0x95, 0xb5,
    0x95, 0xb5, 0x96, 0xb5, 0x95, 0xb5, 0x95, 0xb5, 0x95, 0xb5, 0x95, 0xb5,
    0x95, 0xbd, 0xb5, 0xb5, 0x95, 0xb5, 0x95, 0xb5, 0x96, 0xb5, 0x95, 0xb5,
    0x95, 0xb5, 0x96, 0xbd, 0x95, 0xb5, 0x95, 0xb5, 0x96, 0xb5, 0x95, 0xb5,
    0x95, 0xb5, 0x96, 0xb5, 0x95, 0xb5, 0x95, 0xb5, 0x96, 0xb5, 0x95, 0xb5,
    0x95, 0xb5, 0x75, 0xb5, 0x70, 0x94, 0xee, 0x8b, 0x0e, 0x8c, 0xef, 0x8b,
    0xef, 0x83, 0x0f, 0x84, 0xef, 0x7b, 0x6e, 0x6b, 0x8d, 0x73, 0x54, 0xad,
    0xd9, 0xde, 0x5b, 0xef, 0xb9, 0xde, 0x98, 0xd6, 0xb8, 0xde, 0x37, 0xce,
    0xb5, 0xbd, 0x73, 0xb5, 0x32, 0xad, 0xd2, 0xa4, 0xf2, 0xa4, 0xd1, 0xa4,
    0x4f, 0x94, 0x54, 0xb5, 0xd5, 0xc5, 0xd5, 0xc5, 0xb5, 0xbd, 0x37, 0xce,
    0x78, 0xd6, 0x33, 0xad, 0xd2, 0xa4, 0x90, 0x94, 0x90, 0x94, 0x95, 0xbd,
    0xb5, 0xbd, 0xd5, 0xbd, 0xf6, 0xc5, 0xf6, 0xc5, 0x37, 0xce, 0x58, 0xd6,
    0x16, 0xc6, 0xf6, 0xc5, 0x37, 0xce, 0x37, 0xce, 0x37, 0xce, 0x58, 0xce,
    0x58, 0xce, 0x57, 0xd6, 0x78, 0xd6, 0x58, 0xd6, 0x57, 0xd6, 0x78, 0xd6,
    0x99, 0xd6, 0x57, 0xce, 0x17, 0xc6, 0x37, 0xc6, 0x37, 0xce, 0x38, 0xce,
    0x37, 0xce, 0x37, 0xc6, 0x58, 0xce, 0x57, 0xce, 0x58, 0xce, 0x58, 0xce,
    0x58, 0xce, 0x57, 0xce, 0x58, 0xce, 0x58, 0xce, 0x37, 0xce, 0x57, 0xce,
    0x58, 0xd6, 0x57, 0xce, 0x58, 0xce, 0x57, 0xce, 0x78, 0xd6, 0x37, 0xce,
    0x78, 0xce, 0x58, 0xd6, 0x37, 0xd6, 0x57, 0xce, 0x98, 0xd6, 0xd6, 0xbd,
    0xf7, 0xcd, 0xf6, 0xcd, 0x37, 0xce, 0x37, 0xce, 0xad, 0x7b, 0xa1, 0x18,
    0xc2, 0x20, 0xe3, 0x20, 0x2b, 0x63, 0x44, 0x29, 0x2b, 0x6b, 0xea, 0x62,
    0xca, 0x62, 0xe3, 0x20, 0x24, 0x29, 0xea, 0x6a, 0x0b, 0x6b, 0x4c, 0x6b,
    0x2b, 0x6b, 0x8c, 0x7b, 0x0f, 0x8c, 0x50, 0x94, 0x70, 0x94, 0x4f, 0x94,
    0x4f, 0x8c, 0x4f, 0x8c, 0x2f, 0x8c, 0xef, 0x8b, 0xf2, 0xa4, 0x68, 0x52,
    0x44, 0x41, 0xe6, 0x71, 0x81, 0x70, 0xa1, 0x78, 0xa0, 0x78, 0xa1, 0x88,
    0xa1, 0x90, 0xa1, 0x90, 0xc1, 0x98, 0xc1, 0x98, 0x64, 0xa1, 0x84, 0xa1,
    0x02, 0x91, 0xa8, 0x9a, 0x0a, 0x93, 0x2a, 0x9b, 0x64, 0x89, 0xc1, 0xa0,
    0x02, 0xa1, 0x44, 0x89, 0x8e, 0xa4, 0xed, 0xa3, 0x81, 0x68, 0x82, 0x80,
    0xa1, 0x80, 0x81, 0x80, 0x81, 0x78, 0xc1, 0x70, 0xe2, 0x60, 0x22, 0x51,
    0xf0, 0xbc, 0x30, 0xc5, 0x54, 0xde, 0xf5, 0xcd, 0xf5, 0xcd, 0xf5, 0xc5,
    0x16, 0xce, 0x16, 0xce, 0x16, 0xc6, 0x16, 0xce, 0x16, 0xce, 0x16, 0xce,
    0x16, 0xce, 0x16, 0xce, 0x36, 0xce, 0x36, 0xd6, 0x56, 0xd6, 0x57, 0xd6,
    0x57, 0xd6, 0xf5, 0xc5, 0x56, 0xd6, 0x72, 0xbd, 0x0f, 0xad, 0xb2, 0xbd,
    0x51, 0xb5, 0x73, 0xbd, 0x95, 0xbd, 0x95, 0xbd, 0xd6, 0xbd, 0x16, 0xc6,
    0x78, 0xce, 0x57, 0xce, 0x58, 0xce, 0x57, 0xce, 0x58, 0xce, 0x57, 0xce,
    0x37, 0xce, 0x57, 0xce, 0x57, 0xce, 0x57, 0xce, 0x57, 0xce, 0x57, 0xce,
    0x57, 0xce, 0x57, 0xce, 0x58, 0xce, 0x58, 0xce, 0x37, 0xce, 0x37, 0xce,
    0x58, 0xce, 0xf6, 0xc5, 0xf6, 0xc5, 0xd2, 0xa4, 0xca, 0x6a, 0x2b, 0x73,
    0x2b, 0x73, 0x4c, 0x7b, 0xcd, 0x83, 0x6c, 0x73, 0x2f, 0x8c, 0xb1, 0x9c,
    0xb1, 0xa4, 0xf2, 0xa4, 0x4f, 0x94, 0x8d, 0x7b, 0xb5, 0xb5, 0xb5, 0xb5,
    0xb5, 0xb5, 0xb5, 0xbd, 0xb5, 0xbd, 0xb5, 0xbd, 0x33, 0xad, 0x95, 0xbd,
    0x95, 0xbd, 0x54, 0xb5, 0xf2, 0xa4, 0xb1, 0x9c, 0x94, 0xb5, 0x95, 0xb5,
    0x94, 0xb5, 0x95, 0xb5, 0x95, 0xb5, 0x74, 0xb5, 0x95, 0xb5, 0x95, 0xb5,
    0xb5, 0xbd, 0x95, 0xb5, 0x94, 0xb5, 0x95, 0xb5, 0xb5, 0xbd, 0xb5, 0xb5,
    0x95, 0xb5, 0x95, 0xb5, 0x95, 0xb5, 0x95, 0xb5, 0x95, 0xb5, 0x95, 0xb5,
    0x95, 0xb5, 0x95, 0xb5, 0xb5, 0xb5, 0x95, 0xb5, 0x95, 0xb5, 0x95, 0xb5,
    0x74, 0xb5, 0x95, 0xb5, 0x94, 0xb5, 0x94, 0xb5, 0x95, 0xb5, 0x95, 0xb5,
    0x95, 0xb5, 0x95, 0xb5, 0x95, 0xb5, 0x95, 0xb5, 0x95, 0xb5, 0x95, 0xb5,
    0x95, 0xb5, 0x95, 0xb5, 0x95, 0xb5, 0x95, 0xb5, 0x95, 0xb5, 0x95, 0xb5,
    0x95, 0xb5, 0x95, 0xb5, 0x95, 0xb5, 0x95, 0xb5, 0x95, 0xb5, 0x75, 0xb5,
    0x95, 0xb5, 0x95, 0xb5, 0x95, 0xb5, 0x95, 0xb5, 0x96, 0xb5, 0x96, 0xb5,
    0x95, 0xb5, 0x95, 0xb5, 0x95, 0xb5, 0x96, 0xb5, 0x96, 0xb5, 0x96, 0xb5,
    0xb6, 0xbd, 0xb6, 0xb5, 0x95, 0xb5, 0x96, 0xb5, 0x95, 0xbd, 0x95, 0xb5,
    0x95, 0xb5, 0x75, 0xb5, 0x95, 0xb5, 0x96, 0xb5, 0x95, 0xb5, 0x95, 0xb5,
    0x95, 0xb5, 0x95, 0xb5, 0x96, 0xb5, 0x96, 0xb5, 0x95, 0xb5, 0x95, 0xb5,
    0xb5, 0xb5, 0xb5, 0xb5, 0xb5, 0xb5, 0xb5, 0xb5, 0x95, 0xbd, 0xb5, 0xb5,
    0x95, 0xb5, 0x96, 0xb5, 0x96, 0xb5, 0x95, 0xb5, 0x95, 0xb5, 0x95, 0xb5,
    0x96, 0xb5, 0x95, 0xb5, 0xb6, 0xbd, 0x95, 0xb5, 0x95, 0xb5, 0x95, 0xb5,
    0x95, 0xb5, 0x96, 0xb5, 0x95, 0xb5, 0xb6, 0xb5, 0x95, 0xbd, 0x33, 0xad,
    0x4f, 0x94, 0x0f, 0x8c, 0xef, 0x83, 0x0f, 0x84, 0x10, 0x84, 0x30, 0x84,
    0x51, 0x94, 0xee, 0x83, 0x6c, 0x73, 0x70, 0x94, 0x58, 0xd6, 0x17, 0xc6,
    0x16, 0xc6, 0xb5, 0xbd, 0x94, 0xb5, 0x73, 0xb5, 0x12, 0xad, 0xd2, 0xa4,
    0xb1, 0x9c, 0xd1, 0xa4, 0xf1, 0xa4, 0xb1, 0x9c, 0xf2, 0xa4, 0x94, 0xbd,
    0xb5, 0xbd, 0xb5, 0xbd, 0x74, 0xbd, 0xb4, 0xbd, 0xd5, 0xc5, 0xf5, 0xc5,
    0xd6, 0xc5, 0xd6, 0xc5, 0xd6, 0xc5, 0x16, 0xc6, 0x37, 0xce, 0x37, 0xce,
    0x17, 0xce, 0xf6, 0xc5, 0x37, 0xce, 0x37, 0xce, 0x98, 0xd6, 0x78, 0xd6,
    0x78, 0xd6, 0x57, 0xce, 0x78, 0xce, 0x78, 0xd6, 0x99, 0xd6, 0x78, 0xd6,
    0x78, 0xce, 0x57, 0xce, 0x37, 0xce, 0x57, 0xce, 0x78, 0xd6, 0x37, 0xce,
    0x37, 0xce, 0x37, 0xce, 0x58, 0xce, 0x57, 0xce, 0x57, 0xce, 0x37, 0xce,
    0x58, 0xce, 0x57, 0xce, 0x58, 0xce, 0x58, 0xce, 0x37, 0xce, 0x38, 0xce,
    0x38, 0xce, 0x58, 0xd6, 0x58, 0xd6, 0x78, 0xce, 0x57, 0xce, 0x58, 0xd6,
    0x58, 0xce, 0x37, 0xce, 0x98, 0xd6, 0x37, 0xd6, 0x38, 0xce, 0x57, 0xd6,
    0x37, 0xce, 0xf6, 0xc5, 0xf6, 0xcd, 0x16, 0xc6, 0x37, 0xce, 0x58, 0xd6,
    0x68, 0x52, 0xa1, 0x18, 0x61, 0x10, 0x61, 0x10, 0xad, 0x73, 0x03, 0x21,
    0x48, 0x52, 0x0b, 0x63, 0xca, 0x62, 0x28, 0x4a, 0x03, 0x21, 0xa9, 0x5a,
    0x0b, 0x6b, 0x2c, 0x6b, 0x4b, 0x6b, 0x4c, 0x73, 0x0f, 0x8c, 0x2f, 0x94,
    0x70, 0x94, 0x70, 0x94, 0x4f, 0x8c, 0x2f, 0x8c, 0x2f, 0x8c, 0x0e, 0x8c,
    0xb1, 0x9c, 0x0b, 0x6b, 0x61, 0x20, 0xe6, 0x51, 0xc2, 0x68, 0x80, 0x78,
    0xa1, 0x80, 0xa1, 0x80, 0xa2, 0x90, 0xc1, 0x88, 0xc1, 0x90, 0xc1, 0x98,
    0xc1, 0x98, 0xe6, 0xa9, 0x02, 0x91, 0x83, 0x91, 0x8b, 0x93, 0x6c, 0x93,
    0xea, 0x9a, 0x22, 0x91, 0xc1, 0xa8, 0x01, 0xa1, 0xc1, 0x88, 0x6b, 0x9b,
    0x2a, 0x83, 0xa1, 0x60, 0x81, 0x78, 0xc2, 0x78, 0xa2, 0x60, 0x81, 0x48,
    0x84, 0x59, 0x30, 0xcd, 0xef, 0xbc, 0x92, 0xc5, 0xf5, 0xcd, 0xf5, 0xd5,
    0x15, 0xce, 0x16, 0xce, 0x16, 0xc6, 0x36, 0xce, 0x37, 0xce, 0x16, 0xce,
    0x16, 0xce, 0x17, 0xce, 0x16, 0xce, 0x17, 0xce, 0x37, 0xce, 0x37, 0xce,
    0x37, 0xce, 0x36, 0xce, 0xf6, 0xcd, 0x57, 0xd6, 0x93, 0xbd, 0x51, 0xb5,
    0xb2, 0xbd, 0x72, 0xbd, 0xb3, 0xbd, 0xb4, 0xbd, 0xb4, 0xbd, 0xb5, 0xc5,
    0x16, 0xc6, 0x58, 0xce, 0x37, 0xce, 0x37, 0xce, 0x57, 0xd6, 0x57, 0xce,
    0x57, 0xce, 0x37, 0xce, 0x37, 0xce, 0x37, 0xc6, 0x37, 0xce, 0x58, 0xce,
    0x58, 0xce, 0x57, 0xce, 0x78, 0xd6, 0x57, 0xd6, 0x37, 0xce, 0x37, 0xce,
    0x57, 0xce, 0x57, 0xce, 0x37, 0xce, 0x37, 0xce, 0x16, 0xce, 0x17, 0xce,
    0xce, 0x8b, 0x2a, 0x6b, 0x4b, 0x73, 0x4c, 0x7b, 0xcd, 0x83, 0x6c, 0x7b,
    0xcd, 0x83, 0xb1, 0x9c, 0xb1, 0xa4, 0xb1, 0x9c, 0x13, 0xad, 0xad, 0x83,
    0xb1, 0x9c, 0xb5, 0xbd, 0xb5, 0xbd, 0xb5, 0xb5, 0x95, 0xb5, 0xb5, 0xbd,
    0xf2, 0xa4, 0x95, 0xbd, 0x94, 0xbd, 0x94, 0xbd, 0x34, 0xb5, 0xb1, 0xa4,
    0x50, 0x8c, 0x74, 0xb5, 0x94, 0xb5, 0x95, 0xb5, 0x75, 0xb5, 0x95, 0xb5,
    0x95, 0xb5, 0x94, 0xb5, 0x95, 0xb5, 0x95, 0xb5, 0x95, 0xb5, 0x95, 0xb5,
    0xb5, 0xbd, 0xb5, 0xb5, 0x95, 0xb5, 0xb5, 0xb5, 0x95, 0xb5, 0x94, 0xb5,
    0x94, 0xb5, 0x95, 0xb5, 0x95, 0xb5, 0x95, 0xb5, 0xb5, 0xbd, 0xb5, 0xb5,
    0x95, 0xb5, 0xb5, 0xbd, 0x74, 0xad, 0x95, 0xb5, 0x95, 0xb5, 0x94, 0xb5,
    0x95, 0xb5, 0x95, 0xb5, 0x95, 0xb5, 0x95, 0xb5, 0x95, 0xb5, 0x95, 0xb5,
    0x95, 0xb5, 0x95, 0xb5, 0x95, 0xb5, 0x95, 0xb5, 0x95, 0xb5, 0x95, 0xb5,
    0x95, 0xb5, 0x75, 0xb5, 0x75, 0xb5, 0x75, 0xb5, 0x75, 0xb5, 0x75, 0xb5,
    0x96, 0xb5, 0x95, 0xb5, 0x95, 0xb5, 0x96, 0xb5, 0x96, 0xb5, 0x96, 0xb5,
    0xb6, 0xbd, 0xb6, 0xbd, 0xb6, 0xb5, 0x95, 0xb5, 0x96, 0xb5, 0xb5, 0xbd,
    0xb6, 0xb5, 0x96, 0xbd, 0x96, 0xb5, 0x95, 0xb5, 0xb6, 0xbd, 0xb6, 0xb5,
    0x95, 0xb5, 0x95, 0xb5, 0x95, 0xb5, 0x75, 0xb5, 0x96, 0xb5, 0x95, 0xb5,
    0x96, 0xb5, 0x96, 0xb5, 0x95, 0xb5, 0x95, 0xbd, 0x96, 0xb5, 0x95, 0xb5,
    0x95, 0xbd, 0x96, 0xb5, 0x95, 0xbd, 0x95, 0xb5, 0x95, 0xb5, 0x95, 0xb5,
    0x95, 0xb5, 0xb5, 0xbd, 0x95, 0xb5, 0x95, 0xb5, 0x96, 0xb5, 0x95, 0xb5,
    0x96, 0xb5, 0x95, 0xb5, 0x96, 0xbd, 0x96, 0xb5, 0x95, 0xb5, 0x95, 0xb5,
    0x96, 0xb5, 0x95, 0xb5, 0x96, 0xb5, 0x95, 0xb5, 0x96, 0xbd, 0x95, 0xb5,
    0x95, 0xb5, 0x95, 0xb5, 0x94, 0xb5, 0x12, 0xa5, 0x50, 0x8c, 0xee, 0x83,
    0x0f, 0x8c, 0x30, 0x8c, 0x50, 0x8c, 0x91, 0x9c, 0xd2, 0x9c, 0xd2, 0xa4,
    0xd1, 0x9c, 0xd6, 0xc5, 0xf6, 0xc5, 0x54, 0xb5, 0x74, 0xb5, 0x54, 0xb5,
    0x12, 0xad, 0xd1, 0xa4, 0xd1, 0xa4, 0xd1, 0xa4, 0xd1, 0xa4, 0xd1, 0xa4,
    0xd1, 0xa4, 0xd1, 0xa4, 0x34, 0xb5, 0x74, 0xb5, 0x95, 0xbd, 0x95, 0xbd,
    0xb5, 0xbd, 0xb5, 0xc5, 0xf6, 0xc5, 0xf6, 0xc5, 0x16, 0xc6, 0x37, 0xce,
    0xf6, 0xc5, 0x16, 0xc6, 0x37, 0xce, 0x58, 0xd6, 0x37, 0xce, 0xf6, 0xc5,
    0x37, 0xc6, 0x57, 0xce, 0x78, 0xd6, 0x78, 0xce, 0x57, 0xce, 0x57, 0xce,
    0x37, 0xce, 0x57, 0xce, 0x58, 0xce, 0x57, 0xce, 0x57, 0xce, 0x37, 0xce,
    0x37, 0xc6, 0x37, 0xce, 0x37, 0xc6, 0x57, 0xce, 0x57, 0xce, 0x58, 0xce,
    0x37, 0xc6, 0x37, 0xce, 0x58, 0xce, 0x57, 0xce, 0x37, 0xce, 0x38, 0xce,
    0x37, 0xce, 0x37, 0xce, 0x78, 0xd6, 0x99, 0xd6, 0x58, 0xd6, 0x37, 0xce,
    0x58, 0xce, 0x78, 0xd6, 0x37, 0xce, 0x57, 0xce, 0x78, 0xce, 0x37, 0xce,
    0x37, 0xce, 0x79, 0xde, 0xf6, 0xc5, 0xf6, 0xc5, 0xf7, 0xcd, 0x16, 0xc6,
    0x17, 0xce, 0xd9, 0xde, 0xa5, 0x31, 0x60, 0x10, 0x61, 0x18, 0x40, 0x08,
    0x8d, 0x6b, 0x65, 0x31, 0x07, 0x4a, 0x89, 0x5a, 0xca, 0x5a, 0xaa, 0x5a,
    0x23, 0x21, 0x07, 0x4a, 0x0b, 0x6b, 0x2c, 0x6b, 0x4c, 0x6b, 0x2b, 0x6b,
    0x0f, 0x8c, 0x2f, 0x94, 0x70, 0x94, 0x90, 0x94, 0x2f, 0x94, 0x2f, 0x8c,
    0x2f, 0x8c, 0xee, 0x8b, 0x4f, 0x8c, 0x2b, 0x73, 0xe3, 0x30, 0xe6, 0x49,
    0x44, 0x51, 0x43, 0x81, 0x81, 0x80, 0xa1, 0x80, 0xa1, 0x80, 0xa1, 0x80,
    0xa1, 0x88, 0xc1, 0x98, 0xc2, 0x98, 0xc5, 0xa9, 0xc1, 0x90, 0x02, 0x99,
    0xa7, 0x92, 0x8d, 0x93, 0x6c, 0x93, 0xa8, 0x9a, 0x43, 0x91, 0xa1, 0xa0,
    0x02, 0x99, 0xa1, 0x90, 0x88, 0x9a, 0xc4, 0x71, 0xa1, 0x60, 0xc2, 0x50,
    0x81, 0x40, 0x23, 0x49, 0x30, 0xc5, 0x0e, 0xbd, 0x10, 0xbd, 0x36, 0xd6,
    0xf5, 0xc5, 0xf6, 0xcd, 0x36, 0xce, 0x16, 0xc6, 0x36, 0xc6, 0x16, 0xce,
    0x16, 0xce, 0x16, 0xce, 0x17, 0xce, 0x17, 0xce, 0x37, 0xce, 0x37, 0xce,
    0x37, 0xd6, 0x37, 0xd6, 0x36, 0xce, 0x16, 0xce, 0x78, 0xd6, 0x93, 0xb5,
    0x31, 0xb5, 0x91, 0xbd, 0x93, 0xbd, 0x93, 0xbd, 0x95, 0xbd, 0x95, 0xbd,
    0x95, 0xbd, 0x94, 0xbd, 0x58, 0xd6, 0x57, 0xce, 0x57, 0xce, 0x58, 0xd6,
    0x37, 0xce, 0x37, 0xce, 0x58, 0xce, 0x58, 0xce, 0x58, 0xce, 0x57, 0xce,
    0x58, 0xce, 0x58, 0xce, 0x78, 0xd6, 0x57, 0xce, 0x37, 0xce, 0x37, 0xce,
    0x57, 0xce, 0x58, 0xd6, 0x57, 0xce, 0x57, 0xce, 0x57, 0xce, 0x37, 0xce,
    0x37, 0xce, 0xf6, 0xc5, 0xd5, 0xc5, 0xea, 0x6a, 0x0b, 0x73, 0x6c, 0x7b,
    0xad, 0x83, 0x6c, 0x73, 0xad, 0x7b, 0xb1, 0x9c, 0xb1, 0x9c, 0xb1, 0x9c,
    0x53, 0xb5, 0x4f, 0x8c, 0xae, 0x7b, 0xb5, 0xbd, 0x95, 0xbd, 0x95, 0xb5,
    0xb5, 0xbd, 0xb5, 0xbd, 0x90, 0x9c, 0x95, 0xbd, 0x75, 0xbd, 0x95, 0xbd,
    0x74, 0xb5, 0x13, 0xad, 0x70, 0x94, 0x33, 0xad, 0x74, 0xad, 0x74, 0xb5,
    0x95, 0xb5, 0x95, 0xb5, 0x94, 0xb5, 0x95, 0xb5, 0x95, 0xb5, 0x95, 0xb5,
    0x95, 0xb5, 0x95, 0xb5, 0x95, 0xb5, 0xb5, 0xbd, 0x94, 0xb5, 0x95, 0xb5,
    0x95, 0xb5, 0x94, 0xb5, 0x95, 0xb5, 0x95, 0xb5, 0x94, 0xb5, 0x95, 0xb5,
    0x95, 0xb5, 0x95, 0xb5, 0xb5, 0xbd, 0xb5, 0xb5, 0x74, 0xb5, 0x94, 0xb5,
    0x94, 0xb5, 0x95, 0xb5, 0x95, 0xb5, 0x95, 0xb5, 0x95, 0xb5, 0x95, 0xb5,
    0x95, 0xb5, 0x95, 0xb5, 0x94, 0xb5, 0x95, 0xb5, 0x95, 0xb5, 0xb4, 0xb5,
    0x95, 0xb5, 0x95, 0xb5, 0x95, 0xb5, 0x95, 0xb5, 0x95, 0xb5, 0x95, 0xb5,
    0x95, 0xb5, 0x75, 0xb5, 0x95, 0xb5, 0x96, 0xb5, 0x96, 0xb5, 0x95, 0xb5,
    0x95, 0xb5, 0x95, 0xb5, 0x95, 0xb5, 0x95, 0xbd, 0x96, 0xb5, 0xb6, 0xbd,
    0xb6, 0xbd, 0x95, 0xb5, 0xb6, 0xb5, 0xb6, 0xbd, 0x95, 0xb5, 0x96, 0xb5,
    0xb6, 0xbd, 0xb6, 0xbd, 0x95, 0xbd, 0x75, 0xb5, 0x95, 0xb5, 0x75, 0xb5,
    0x95, 0xb5, 0x95, 0xb5, 0x96, 0xb5, 0x95, 0xb5, 0x96, 0xb5, 0x95, 0xb5,
    0x95, 0xb5, 0x96, 0xb5, 0x95, 0xb5, 0x95, 0xb5, 0x95, 0xb5, 0x95, 0xbd,
    0xb5, 0xb5, 0x95, 0xb5, 0xb5, 0xb5, 0x95, 0xb5, 0x95, 0xb5, 0x95, 0xb5,
    0x95, 0xbd, 0x96, 0xb5, 0x95, 0xb5, 0x95, 0xb5, 0x96, 0xbd, 0x95, 0xb5,
    0x95, 0xb5, 0x95, 0xb5, 0x96, 0xb5, 0x95, 0xb5, 0x96, 0xb5, 0x96, 0xb5,
    0x96, 0xbd, 0xb5, 0xb5, 0xb6, 0xb5, 0x96, 0xb5, 0x95, 0xb5, 0x95, 0xb5,
    0x95, 0xb5, 0x33, 0xad, 0x70, 0x8c, 0x2f, 0x8c, 0x50, 0x94, 0x71, 0x94,
    0xb1, 0x9c, 0xb2, 0x9c, 0xf3, 0xa4, 0xf3, 0xa4, 0xd2, 0xa4, 0x54, 0xad,
    0x54, 0xb5, 0x33, 0xad, 0xd2, 0xa4, 0xd2, 0x9c, 0xd2, 0x9c, 0xd2, 0x9c,
    0xd2, 0x9c, 0xb1, 0x9c, 0xd1, 0x9c, 0xd2, 0x9c, 0xb1, 0x9c, 0x37, 0xce,
    0xf5, 0xc5, 0xd5, 0xc5, 0xd5, 0xc5, 0xd5, 0xc5, 0xd6, 0xc5, 0xf6, 0xc5,
    0xf6, 0xc5, 0xd6, 0xc5, 0xd6, 0xc5, 0x57, 0xce, 0x78, 0xd6, 0x37, 0xce,
    0x78, 0xd6, 0x78, 0xd6, 0x58, 0xd6, 0x37, 0xce, 0x17, 0xc6, 0x37, 0xce,
    0x37, 0xce, 0x58, 0xce, 0x37, 0xce, 0x37, 0xce, 0x37, 0xce, 0x38, 0xce,
    0x58, 0xd6, 0x78, 0xd6, 0x58, 0xce, 0x37, 0xce, 0x37, 0xce, 0x58, 0xce,
    0x58, 0xce, 0x57, 0xce, 0x37, 0xc6, 0x57, 0xce, 0x57, 0xce, 0x78, 0xce,
    0x37, 0xce, 0x38, 0xce, 0x37, 0xce, 0x78, 0xd6, 0x58, 0xce, 0x58, 0xd6,
    0x17, 0xce, 0x37, 0xce, 0x58, 0xce, 0x58, 0xce, 0x37, 0xce, 0x58, 0xd6,
    0x58, 0xce, 0x58, 0xd6, 0x78, 0xd6, 0x78, 0xd6, 0xb5, 0xbd, 0xf6, 0xc5,
    0x17, 0xce, 0xf6, 0xc5, 0x16, 0xc6, 0x78, 0xd6, 0xa1, 0x18, 0x60, 0x10,
    0x61, 0x10, 0x20, 0x00, 0x89, 0x52, 0xe7, 0x41, 0xa1, 0x10, 0x48, 0x4a,
    0x48, 0x4a, 0x0b, 0x6b, 0x85, 0x39, 0xa6, 0x39, 0x0b, 0x6b, 0x4c, 0x6b,
    0x4c, 0x6b, 0x2b, 0x6b, 0xee, 0x83, 0x0f, 0x8c, 0x70, 0x94, 0x91, 0x94,
    0x50, 0x94, 0x2f, 0x8c, 0x2f, 0x8c, 0x0f, 0x8c, 0x0e, 0x84, 0x2b, 0x6b,
    0xa5, 0x41, 0x64, 0x31, 0x23, 0x29, 0x03, 0x49, 0xa1, 0x78, 0x81, 0x80,
    0x80, 0x78, 0xa0, 0x78, 0xa1, 0x88, 0xa1, 0x90, 0xc2, 0x98, 0x85, 0xa1,
    0xe1, 0x90, 0xc2, 0x90, 0x84, 0x99, 0x8c, 0x9b, 0x6c, 0x8b, 0x2b, 0x93,
    0x47, 0x92, 0xa4, 0x99, 0xc1, 0x98, 0xc1, 0x98, 0xc1, 0x98, 0x02, 0x71,
    0xe2, 0x48, 0x61, 0x38, 0xc1, 0x38, 0x50, 0xcd, 0xac, 0xb4, 0x8d, 0xb4,
    0xd4, 0xcd, 0x14, 0xce, 0x15, 0xce, 0x16, 0xce, 0x16, 0xce, 0x16, 0xce,
    0x16, 0xce, 0x16, 0xc6, 0x16, 0xce, 0x36, 0xce, 0x37, 0xce, 0x16, 0xce,
    0x16, 0xce, 0x16, 0xce, 0x57, 0xd6, 0x37, 0xce, 0x36, 0xce, 0x57, 0xd6,
    0xf6, 0xc5, 0x8f, 0x9c, 0x92, 0xbd, 0x93, 0xc5, 0x92, 0xbd, 0x94, 0xbd,
    0x95, 0xbd, 0xb4, 0xbd, 0x54, 0xb5, 0x16, 0xc6, 0x57, 0xce, 0x57, 0xce,
    0x37, 0xce, 0x37, 0xce, 0x37, 0xce, 0x58, 0xd6, 0x78, 0xce, 0x57, 0xce,
    0x58, 0xce, 0x78, 0xce, 0x57, 0xce, 0x17, 0xc6, 0x16, 0xce, 0x37, 0xce,
    0x57, 0xce, 0x58, 0xd6, 0x58, 0xd6, 0x37, 0xce, 0x37, 0xce, 0x58, 0xd6,
    0x37, 0xce, 0x78, 0xd6, 0xb5, 0xbd, 0xf6, 0xc5, 0xf6, 0xc5, 0x70, 0x9c,
    0xca, 0x6a, 0x4c, 0x7b, 0xad, 0x83, 0x4c, 0x73, 0x8c, 0x73, 0xb1, 0xa4,
    0xb1, 0x9c, 0xb1, 0x9c, 0xf2, 0xa4, 0x33, 0xad, 0xad, 0x7b, 0xd2, 0xa4,
    0x95, 0xbd, 0x95, 0xbd, 0x94, 0xb5, 0xb5, 0xbd, 0x91, 0x9c, 0x95, 0xb5,
    0x94, 0xb5, 0x95, 0xb5, 0xb5, 0xbd, 0x33, 0xad, 0xd2, 0xa4, 0x33, 0xad,
    0x74, 0xad, 0x74, 0xb5, 0x94, 0xb5, 0x95, 0xb5, 0x95, 0xb5, 0x95, 0xb5,
    0x95, 0xb5, 0x94, 0xb5, 0x95, 0xb5, 0xb5, 0xb5, 0x95, 0xb5, 0xb5, 0xb5,
    0x95, 0xb5, 0x95, 0xb5, 0x95, 0xb5, 0x95, 0xb5, 0x95, 0xb5, 0x95, 0xb5,
    0x95, 0xb5, 0x95, 0xb5, 0x95, 0xb5, 0x95, 0xb5, 0xb5, 0xb5, 0xb5, 0xb5,
    0x54, 0xad, 0x95, 0xb5, 0x94, 0xb5, 0x95, 0xb5, 0x75, 0xb5, 0x95, 0xb5,
    0x95, 0xb5, 0x75, 0xb5, 0x95, 0xb5, 0x95, 0xb5, 0x95, 0xb5, 0x95, 0xb5,
    0x95, 0xb5, 0x95, 0xb5, 0x95, 0xb5, 0x95, 0xb5, 0x75, 0xb5, 0x95, 0xb5,
    0x96, 0xb5, 0x95, 0xb5, 0x96, 0xb5, 0x95, 0xb5, 0x75, 0xb5, 0x75, 0xb5,
    0x95, 0xb5, 0x95, 0xb5, 0x95, 0xb5, 0x96, 0xb5, 0x95, 0xb5, 0x95, 0xb5,
    0xb6, 0xb5, 0xb6, 0xbd, 0xb5, 0xbd, 0x95, 0xb5, 0x96, 0xb5, 0x95, 0xb5,
    0xb6, 0xbd, 0x96, 0xb5, 0xb6, 0xb5, 0xb6, 0xbd, 0x95, 0xb5, 0x75, 0xb5,
    0x95, 0xb5, 0x95, 0xb5, 0x96, 0xb5, 0x95, 0xb5, 0x95, 0xb5, 0x95, 0xbd,
    0x96, 0xb5, 0x95, 0xb5, 0x95, 0xb5, 0x96, 0xb5, 0x96, 0xb5, 0x95, 0xb5,
    0x95, 0xb5, 0x95, 0xb5, 0x95, 0xb5, 0x95, 0xb5, 0x95, 0xb5, 0x95, 0xb5,
    0x95, 0xb5, 0x96, 0xb5, 0x95, 0xb5, 0x95, 0xb5, 0x96, 0xb5, 0x95, 0xb5,
    0x95, 0xb5, 0x95, 0xb5, 0x95, 0xb5, 0x96, 0xb5, 0x95, 0xb5, 0x95, 0xb5,
    0x96, 0xbd, 0x95, 0xb5, 0xb6, 0xb5, 0x96, 0xbd, 0x95, 0xb5, 0xb6, 0xbd,
    0x96, 0xb5, 0x95, 0xb5, 0x95, 0xb5, 0x95, 0xb5, 0x95, 0xb5, 0xb1, 0x9c,
    0x50, 0x8c, 0x70, 0x94, 0x71, 0x94, 0x92, 0x9c, 0xb2, 0x9c, 0xf3, 0xa4,
    0x13, 0xa5, 0x34, 0xad, 0x55, 0xad, 0x75, 0xb5, 0xf3, 0xa4, 0xd2, 0xa4,
    0xd2, 0x9c, 0xd2, 0x9c, 0xd2, 0xa4, 0xd2, 0x9c, 0xd2, 0x9c, 0xd1, 0x9c,
    0xd1, 0x9c, 0xd1, 0x9c, 0xd5, 0xc5, 0xd5, 0xc5, 0xf6, 0xcd, 0xf6, 0xcd,
    0x16, 0xc6, 0xf6, 0xc5, 0xf6, 0xc5, 0xf6, 0xc5, 0xd5, 0xc5, 0x33, 0xad,
    0x78, 0xd6, 0x98, 0xd6, 0x57, 0xce, 0x37, 0xce, 0x37, 0xd6, 0x38, 0xd6,
    0x38, 0xce, 0x58, 0xce, 0x38, 0xd6, 0x37, 0xce, 0x58, 0xce, 0x99, 0xde,
    0x78, 0xd6, 0x38, 0xce, 0x58, 0xce, 0x58, 0xd6, 0x78, 0xd6, 0x58, 0xd6,
    0x57, 0xce, 0x37, 0xc6, 0x37, 0xc6, 0x37, 0xce, 0x58, 0xce, 0x58, 0xce,
    0x57, 0xce, 0x37, 0xc6, 0x37, 0xc6, 0x37, 0xc6, 0x58, 0xce, 0x17, 0xce,
    0x79, 0xd6, 0x17, 0xc6, 0x17, 0xc6, 0x37, 0xce, 0x37, 0xce, 0x37, 0xce,
    0x58, 0xd6, 0x58, 0xd6, 0x58, 0xce, 0x58, 0xd6, 0x79, 0xd6, 0x37, 0xce,
    0xf6, 0xc5, 0xf6, 0xc5, 0x17, 0xce, 0x16, 0xc6, 0x17, 0xce, 0x50, 0x94,
    0x03, 0x21, 0x40, 0x10, 0x40, 0x10, 0x21, 0x00, 0x65, 0x29, 0x4b, 0x6b,
    0x00, 0x00, 0xe6, 0x41, 0xa5, 0x39, 0x0b, 0x63, 0x48, 0x52, 0x44, 0x31,
    0xea, 0x62, 0x4c, 0x6b, 0x4c, 0x73, 0x2c, 0x6b, 0xad, 0x7b, 0x0e, 0x8c,
    0x50, 0x94, 0x90, 0x94, 0x70, 0x94, 0x4f, 0x94, 0x2f, 0x8c, 0xee, 0x8b,
    0xee, 0x83, 0x8c, 0x73, 0x07, 0x4a, 0x03, 0x31, 0x64, 0x31, 0x23, 0x31,
    0x81, 0x38, 0xe0, 0x80, 0x80, 0x80, 0x81, 0x80, 0x81, 0x80, 0x81, 0x88,
    0xa1, 0x98, 0x03, 0x99, 0x43, 0x99, 0xe1, 0x90, 0x01, 0x89, 0xc9, 0x92,
    0x8d, 0x93, 0x0b, 0x8b, 0xc9, 0x92, 0x05, 0x8a, 0x47, 0xaa, 0x43, 0x99,
    0x80, 0x78, 0xa1, 0x58, 0x81, 0x30, 0x23, 0x41, 0x47, 0x6a, 0xcb, 0x9b,
    0x50, 0xcd, 0x0f, 0xbd, 0x15, 0xce, 0xf4, 0xc5, 0x15, 0xce, 0x16, 0xce,
    0x16, 0xce, 0x16, 0xce, 0x16, 0xce, 0x16, 0xc6, 0x16, 0xc6, 0x37, 0xce,
    0x16, 0xce, 0x16, 0xce, 0x16, 0xce, 0x57, 0xd6, 0x37, 0xd6, 0x37, 0xd6,
    0x37, 0xd6, 0xd6, 0xc5, 0xb5, 0xc5, 0x93, 0xbd, 0x92, 0xbd, 0x73, 0xbd,
    0x93, 0xbd, 0x94, 0xbd, 0xb4, 0xbd, 0xb4, 0xb5, 0xb5, 0xbd, 0x57, 0xce,
    0x57, 0xce, 0x58, 0xce, 0x57, 0xce, 0x57, 0xce, 0x37, 0xce, 0x37, 0xce,
    0x37, 0xce, 0x58, 0xce, 0x58, 0xce, 0x57, 0xce, 0x57, 0xce, 0x58, 0xce,
    0x57, 0xce, 0x57, 0xce, 0x37, 0xce, 0x37, 0xce, 0x37, 0xce, 0x37, 0xce,
    0x37, 0xce, 0x37, 0xce, 0x57, 0xce, 0x57, 0xce, 0x57, 0xce, 0xb5, 0xbd,
    0x95, 0xbd, 0x17, 0xce, 0xea, 0x6a, 0x2b, 0x7b, 0x8c, 0x7b, 0x6c, 0x73,
    0x2b, 0x6b, 0xf2, 0xa4, 0x91, 0x9c, 0xd1, 0x9c, 0xb1, 0x9c, 0x33, 0xad,
    0x4f, 0x94, 0xce, 0x83, 0x94, 0xbd, 0x94, 0xb5, 0x94, 0xb5, 0xb5, 0xb5,
    0x70, 0x94, 0xb5, 0xbd, 0xb4, 0xb5, 0x95, 0xb5, 0x94, 0xb5, 0x74, 0xb5,
    0xf2, 0xa4, 0x12, 0xa5, 0x54, 0xad, 0x95, 0xb5, 0x94, 0xb5, 0x94, 0xb5,
    0x95, 0xb5, 0x95, 0xb5, 0xb5, 0xb5, 0x95, 0xb5, 0x95, 0xb5, 0xb5, 0xb5,
    0x95, 0xb5, 0xb5, 0xbd, 0x95, 0xb5, 0x95, 0xb5, 0x95, 0xb5, 0x75, 0xb5,
    0x95, 0xb5, 0x95, 0xb5, 0x95, 0xb5, 0x94, 0xb5, 0xb5, 0xb5, 0x95, 0xb5,
    0x95, 0xb5, 0x95, 0xb5, 0x74, 0xb5, 0x95, 0xb5, 0x95, 0xb5, 0x95, 0xb5,
    0x75, 0xb5, 0x75, 0xb5, 0x95, 0xb5, 0x75, 0xb5, 0x75, 0xb5, 0x95, 0xb5,
    0x94, 0xb5, 0x95, 0xb5, 0x94, 0xb5, 0x95, 0xb5, 0x75, 0xb5, 0x95, 0xb5,
    0x95, 0xb5, 0x95, 0xb5, 0x75, 0xb5, 0x95, 0xb5, 0x95, 0xb5, 0x96, 0xb5,
    0x75, 0xb5, 0x75, 0xb5, 0x75, 0xb5, 0x96, 0xb5, 0x95, 0xb5, 0x96, 0xb5,
    0x96, 0xbd, 0x95, 0xb5, 0xb6, 0xbd, 0xb5, 0xbd, 0xb6, 0xb5, 0xb6, 0xbd,
    0x95, 0xb5, 0x96, 0xb5, 0xb6, 0xbd, 0xb6, 0xbd, 0xb6, 0xb5, 0xb6, 0xb5,
    0x96, 0xbd, 0x95, 0xb5, 0x75, 0xb5, 0x75, 0xb5, 0x96, 0xb5, 0x96, 0xb5,
    0x95, 0xb5, 0x96, 0xb5, 0x95, 0xb5, 0x96, 0xb5, 0x95, 0xbd, 0x95, 0xb5,
    0x95, 0xb5, 0x95, 0xb5, 0x95, 0xb5, 0x95, 0xb5, 0x95, 0xb5, 0xb5, 0xbd,
    0x95, 0xb5, 0x95, 0xb5, 0x95, 0xb5, 0x96, 0xb5, 0x95, 0xb5, 0x95, 0xb5,
    0x96, 0xb5, 0x95, 0xb5, 0x95, 0xb5, 0x96, 0xb5, 0x96, 0xb5, 0x95, 0xb5,
    0x95, 0xb5, 0x95, 0xb5, 0x95, 0xb5, 0x95, 0xb5, 0xb6, 0xbd, 0x96, 0xb5,
    0x95, 0xb5, 0x96, 0xbd, 0xb6, 0xbd, 0x95, 0xb5, 0x95, 0xb5, 0x95, 0xb5,
    0x95, 0xb5, 0xb6, 0xbd, 0x13, 0xa5, 0x50, 0x8c, 0x91, 0x94, 0x71, 0x94,
    0x92, 0x9c, 0xd2, 0xa4, 0xf3, 0xa4, 0x14, 0xad, 0x55, 0xb5, 0x76, 0xb5,
    0x95, 0xbd, 0xd3, 0xa4, 0xd2, 0x9c, 0xd3, 0xa4, 0xd3, 0xa4, 0xd3, 0x9c,
    0xd3, 0x9c, 0xd3, 0x9c, 0xd3, 0x9c, 0xd2, 0x9c, 0x12, 0xa5, 0x33, 0xad,
    0x4f, 0x8c, 0x33, 0xb5, 0xd5, 0xc5, 0x73, 0xb5, 0x12, 0xad, 0xf1, 0xa4,
    0x94, 0xbd, 0xf5, 0xc5, 0x74, 0xbd, 0xb5, 0xc5, 0xd6, 0xc5, 0x17, 0xce,
    0x58, 0xd6, 0x37, 0xce, 0x58, 0xd6, 0x58, 0xd6, 0x58, 0xce, 0x78, 0xd6,
    0x58, 0xd6, 0x37, 0xce, 0x17, 0xce, 0x58, 0xd6, 0x78, 0xd6, 0x58, 0xce,
    0x58, 0xce, 0x58, 0xce, 0x58, 0xce, 0x78, 0xce, 0x58, 0xce, 0x37, 0xce,
    0x37, 0xc6, 0x57, 0xce, 0x58, 0xce, 0x58, 0xce, 0x37, 0xce, 0x58, 0xce,
    0x37, 0xce, 0x99, 0xd6, 0x37, 0xce, 0x37, 0xce, 0x38, 0xce, 0x37, 0xce,
    0x38, 0xce, 0x58, 0xce, 0x78, 0xd6, 0x58, 0xce, 0x58, 0xd6, 0x79, 0xd6,
    0x99, 0xde, 0xd5, 0xbd, 0xf6, 0xc5, 0x16, 0xce, 0xf6, 0xcd, 0x16, 0xc6,
    0x57, 0xd6, 0x07, 0x4a, 0xe2, 0x20, 0x41, 0x10, 0x41, 0x08, 0x21, 0x08,
    0x20, 0x00, 0x2f, 0x84, 0x61, 0x08, 0x81, 0x18, 0x27, 0x4a, 0xe7, 0x41,
    0xcb, 0x62, 0x24, 0x29, 0xa9, 0x5a, 0x4c, 0x6b, 0x4c, 0x6b, 0x4c, 0x6b,
    0x6c, 0x73, 0xee, 0x83, 0x2f, 0x8c, 0x90, 0x94, 0x70, 0x94, 0x4f, 0x94,
    0x2f, 0x8c, 0x0f, 0x8c, 0xee, 0x83, 0xce, 0x83, 0x44, 0x31, 0xe2, 0x28,
    0xc6, 0x41, 0xe3, 0x20, 0x40, 0x18, 0xa1, 0x48, 0xa1, 0x80, 0x80, 0x80,
    0x81, 0x80, 0xa1, 0x80, 0xa1, 0x90, 0xc3, 0x98, 0x64, 0xa1, 0xe1, 0x88,
    0xc1, 0x88, 0x43, 0x79, 0x8c, 0x93, 0x0a, 0x83, 0x43, 0x61, 0xe5, 0x81,
    0xc5, 0x91, 0xa4, 0x99, 0xc5, 0x91, 0x03, 0x51, 0x0b, 0x7b, 0xb5, 0xcd,
    0xa8, 0x7a, 0x09, 0x83, 0xe8, 0x7a, 0x14, 0xde, 0xf5, 0xcd, 0xd4, 0xc5,
    0x35, 0xce, 0x16, 0xce, 0x16, 0xce, 0x16, 0xce, 0x16, 0xce, 0x37, 0xce,
    0x37, 0xce, 0x37, 0xce, 0x16, 0xce, 0x17, 0xce, 0x37, 0xce, 0x37, 0xce,
    0x37, 0xce, 0x37, 0xd6, 0x17, 0xce, 0xd5, 0xc5, 0xb5, 0xc5, 0x73, 0xbd,
    0x72, 0xbd, 0x72, 0xb5, 0x94, 0xbd, 0x95, 0xbd, 0xb4, 0xbd, 0x94, 0xb5,
    0xf6, 0xc5, 0x16, 0xce, 0x37, 0xce, 0x57, 0xce, 0x57, 0xc6, 0x17, 0xce,
    0x37, 0xce, 0x37, 0xce, 0x57, 0xce, 0x37, 0xce, 0x57, 0xce, 0x78, 0xce,
    0x78, 0xd6, 0x58, 0xce, 0x58, 0xd6, 0x37, 0xce, 0x37, 0xce, 0x37, 0xce,
    0x57, 0xce, 0x58, 0xd6, 0x58, 0xd6, 0x57, 0xce, 0x57, 0xd6, 0x57, 0xce,
    0x17, 0xc6, 0x37, 0xce, 0xf6, 0xcd, 0x78, 0xd6, 0x8d, 0x83, 0x0b, 0x73,
    0x6c, 0x7b, 0x4b, 0x73, 0x0a, 0x6b, 0x13, 0xa5, 0xd1, 0x9c, 0xb1, 0x9c,
    0xb1, 0x9c, 0x13, 0xa5, 0xd1, 0xa4, 0x8d, 0x7b, 0x12, 0xa5, 0x74, 0xb5,
    0x95, 0xb5, 0x74, 0xb5, 0xd2, 0xa4, 0x95, 0xb5, 0xb5, 0xb5, 0x94, 0xb5,
    0x74, 0xb5, 0x95, 0xb5, 0xf2, 0xa4, 0xd2, 0xa4, 0x54, 0xad, 0x95, 0xb5,
    0x94, 0xb5, 0x94, 0xb5, 0x75, 0xb5, 0x95, 0xb5, 0x95, 0xb5, 0x95, 0xb5,
    0x95, 0xb5, 0x95, 0xb5, 0xb5, 0xbd, 0x95, 0xb5, 0x94, 0xb5, 0x95, 0xb5,
    0x95, 0xb5, 0x95, 0xb5, 0x95, 0xb5, 0x95, 0xb5, 0x95, 0xb5, 0x94, 0xb5,
    0x95, 0xb5, 0x95, 0xb5, 0xb5, 0xbd, 0x95, 0xb5, 0x74, 0xb5, 0xb5, 0xb5,
    0x95, 0xb5, 0x95, 0xb5, 0x94, 0xb5, 0x95, 0xad, 0x95, 0xb5, 0x75, 0xb5,
    0x95, 0xb5, 0x95, 0xb5, 0x94, 0xb5, 0x94, 0xb5, 0xb4, 0xb5, 0x75, 0xb5,
    0x75, 0xb5, 0x95, 0xb5, 0x75, 0xb5, 0x75, 0xb5, 0x95, 0xb5, 0x95, 0xb5,
    0x95, 0xb5, 0x95, 0xb5, 0x75, 0xb5, 0x75, 0xb5, 0x95, 0xb5, 0x96, 0xb5,
    0x95, 0xb5, 0x95, 0xb5, 0xb6, 0xb5, 0x96, 0xb5, 0xb6, 0xbd, 0xb5, 0xbd,
    0xb6, 0xb5, 0xd5, 0xbd, 0xb6, 0xb5, 0xb6, 0xbd, 0x96, 0xb5, 0x96, 0xb5,
    0x96, 0xbd, 0xb6, 0xb5, 0x95, 0xb5, 0xb6, 0xbd, 0x95, 0xb5, 0x95, 0xb5,
    0x95, 0xb5, 0x95, 0xb5, 0x96, 0xb5, 0x95, 0xb5, 0x95, 0xb5, 0x96, 0xb5,
    0x95, 0xb5, 0x96, 0xb5, 0x95, 0xb5, 0x95, 0xb5, 0x95, 0xb5, 0x95, 0xb5,
    0x95, 0xb5, 0x94, 0xb5, 0x95, 0xb5, 0x95, 0xb5, 0x95, 0xb5, 0x95, 0xb5,
    0x95, 0xbd, 0x95, 0xb5, 0x95, 0xb5, 0x95, 0xb5, 0x95, 0xb5, 0x95, 0xb5,
    0x96, 0xb5, 0x95, 0xbd, 0x95, 0xb5, 0x96, 0xb5, 0x95, 0xb5, 0x95, 0xb5,
    0x95, 0xb5, 0x95, 0xb5, 0x95, 0xb5, 0x95, 0xb5, 0xb6, 0xb5, 0xb6, 0xb5,
    0x96, 0xbd, 0xb6, 0xb5, 0xb6, 0xb5, 0xb6, 0xb5, 0x95, 0xb5, 0x13, 0xad,
    0x90, 0x94, 0x71, 0x94, 0x92, 0x94, 0x92, 0x9c, 0xd3, 0x9c, 0x14, 0xa5,
    0x75, 0xb5, 0x95, 0xb5, 0xb6, 0xbd, 0x55, 0xb5, 0x13, 0xa5, 0xf3, 0xa4,
    0xb2, 0x9c, 0xd3, 0x9c, 0xd3, 0x9c, 0xd3, 0x9c, 0xd3, 0x9c, 0xf2, 0xa4,
    0x12, 0xa5, 0x12, 0xa5, 0x13, 0xa5, 0x2f, 0x8c, 0xee, 0x83, 0x50, 0x94,
    0x90, 0x9c, 0x91, 0x9c, 0x70, 0x94, 0x2f, 0x94, 0x13, 0xad, 0x17, 0xce,
    0x17, 0xce, 0x57, 0xce, 0x57, 0xce, 0x57, 0xce, 0x58, 0xce, 0x37, 0xce,
    0x58, 0xd6, 0x38, 0xce, 0x58, 0xce, 0x38, 0xce, 0x58, 0xce, 0x58, 0xd6,
    0x58, 0xce, 0x58, 0xd6, 0x78, 0xd6, 0x58, 0xd6, 0x37, 0xce, 0x37, 0xce,
    0x37, 0xce, 0x37, 0xce, 0x58, 0xce, 0x37, 0xce, 0x37, 0xce, 0x37, 0xc6,
    0x78, 0xce, 0x38, 0xce, 0x78, 0xd6, 0x37, 0xce, 0x58, 0xce, 0x58, 0xce,
    0x58, 0xce, 0x37, 0xce, 0x58, 0xd6, 0x78, 0xd6, 0x58, 0xce, 0x58, 0xd6,
    0x58, 0xd6, 0x98, 0xd6, 0x17, 0xc6, 0x17, 0xc6, 0xf6, 0xc5, 0xf6, 0xc5,
    0xf6, 0xc5, 0xf6, 0xc5, 0xf6, 0xc5, 0xa5, 0x39, 0x60, 0x10, 0x61, 0x10,
    0x61, 0x10, 0x20, 0x08, 0x00, 0x00, 0x4c, 0x6b, 0xe6, 0x41, 0x00, 0x00,
    0x48, 0x4a, 0x64, 0x31, 0xa9, 0x5a, 0x44, 0x29, 0x69, 0x52, 0x4c, 0x73,
    0x4c, 0x73, 0x4c, 0x73, 0x4c, 0x73, 0xce, 0x83, 0x0f, 0x8c, 0x70, 0x94,
    0x70, 0x94, 0x70, 0x94, 0x2f, 0x8c, 0x0f, 0x8c, 0xce, 0x7b, 0xce, 0x83,
    0x23, 0x31, 0x03, 0x29, 0x85, 0x41, 0x81, 0x18, 0x81, 0x20, 0x41, 0x18,
    0xa0, 0x48, 0x81, 0x80, 0x60, 0x78, 0x82, 0x80, 0xa1, 0x88, 0xc2, 0x90,
    0x85, 0xa1, 0xc1, 0x88, 0xe2, 0x88, 0x61, 0x78, 0x27, 0x7a, 0xac, 0x8b,
    0x43, 0x61, 0x20, 0x48, 0xa1, 0x60, 0x64, 0x81, 0x44, 0x79, 0x70, 0xac,
    0x99, 0xde, 0x74, 0xb5, 0x0a, 0x7b, 0x53, 0xc5, 0x4e, 0xa4, 0x66, 0x6a,
    0x11, 0xbd, 0x35, 0xd6, 0x36, 0xd6, 0x16, 0xce, 0x36, 0xce, 0x36, 0xce,
    0x16, 0xce, 0x37, 0xce, 0x36, 0xce, 0x16, 0xce, 0x16, 0xce, 0x17, 0xce,
    0x16, 0xce, 0x37, 0xd6, 0x37, 0xd6, 0x37, 0xd6, 0xd5, 0xc5, 0xd5, 0xc5,
    0x73, 0xb5, 0x93, 0xbd, 0x72, 0xbd, 0x72, 0xbd, 0x94, 0xbd, 0x95, 0xbd,
    0x94, 0xbd, 0xb5, 0xbd, 0x16, 0xc6, 0x37, 0xce, 0x58, 0xce, 0x37, 0xc6,
    0x37, 0xc6, 0x37, 0xce, 0x37, 0xce, 0x37, 0xce, 0x57, 0xce, 0x58, 0xce,
    0x37, 0xc6, 0x16, 0xc6, 0xf6, 0xc5, 0x17, 0xc6, 0x37, 0xce, 0x57, 0xce,
    0x58, 0xce, 0x37, 0xce, 0x58, 0xce, 0x57, 0xce, 0x58, 0xce, 0x58, 0xce,
    0x57, 0xce, 0x58, 0xd6, 0x58, 0xd6, 0x58, 0xce, 0xf6, 0xc5, 0x57, 0xce,
    0x75, 0xc5, 0xaa, 0x72, 0x4c, 0x7b, 0x4c, 0x73, 0xea, 0x62, 0xf2, 0xa4,
    0xf2, 0xa4, 0xb1, 0x9c, 0xb1, 0x9c, 0xf2, 0xa4, 0xd2, 0xa4, 0xee, 0x83,
    0x0f, 0x8c, 0x94, 0xbd, 0x95, 0xb5, 0x33, 0xad, 0x53, 0xad, 0x94, 0xb5,
    0x95, 0xb5, 0x95, 0xb5, 0x94, 0xb5, 0x95, 0xb5, 0x13, 0xad, 0x90, 0x9c,
    0x53, 0xad, 0x94, 0xb5, 0x95, 0xb5, 0x94, 0xb5, 0x95, 0xb5, 0x95, 0xb5,
    0x94, 0xb5, 0x95, 0xb5, 0x95, 0xb5, 0xb4, 0xb5, 0x95, 0xb5, 0x95, 0xb5,
    0x95, 0xb5, 0x95, 0xb5, 0x95, 0xb5, 0x95, 0xb5, 0x95, 0xb5, 0x95, 0xb5,
    0x95, 0xb5, 0x95, 0xb5, 0x95, 0xb5, 0x95, 0xb5, 0x95, 0xb5, 0x95, 0xb5,
    0x74, 0xb5, 0x95, 0xb5, 0x95, 0xb5, 0x95, 0xb5, 0x95, 0xb5, 0x95, 0xb5,
    0x75, 0xb5, 0x94, 0xad, 0x94, 0xb5, 0x95, 0xb5, 0xd1, 0x9c, 0x53, 0xad,
    0x95, 0xb5, 0x95, 0xb5, 0x95, 0xb5, 0x95, 0xb5, 0x95, 0xb5, 0x95, 0xb5,
    0x75, 0xb5, 0x75, 0xb5, 0x75, 0xb5, 0x75, 0xb5, 0x75, 0xb5, 0x75, 0xb5,
    0x95, 0xb5, 0x95, 0xb5, 0x95, 0xbd, 0x95, 0xbd, 0x95, 0xbd, 0x95, 0xb5,
    0x96, 0xbd, 0xb6, 0xb5, 0xb5, 0xbd, 0x96, 0xbd, 0xb6, 0xb5, 0xb5, 0xbd,
    0xb5, 0xbd, 0xb5, 0xb5, 0xb5, 0xbd, 0xb6, 0xbd, 0x95, 0xb5, 0x95, 0xb5,
    0x95, 0xb5, 0x96, 0xb5, 0x95, 0xb5, 0x95, 0xb5, 0x96, 0xb5, 0x95, 0xbd,
    0x95, 0xb5, 0x95, 0xb5, 0x96, 0xb5, 0x95, 0xb5, 0x96, 0xbd, 0x95, 0xb5,
    0x95, 0xb5, 0x95, 0xb5, 0xb5, 0xb5, 0x94, 0xb5, 0xb5, 0xbd, 0xb5, 0xb5,
    0x95, 0xbd, 0x95, 0xb5, 0xb5, 0xb5, 0x95, 0xbd, 0x95, 0xb5, 0x95, 0xbd,
    0x96, 0xb5, 0x95, 0xb5, 0x95, 0xb5, 0x75, 0xb5, 0x96, 0xb5, 0x96, 0xbd,
    0x95, 0xb5, 0x95, 0xb5, 0x95, 0xb5, 0xb5, 0xb5, 0x95, 0xb5, 0x95, 0xb5,
    0x95, 0xbd, 0x95, 0xb5, 0xb6, 0xb5, 0x96, 0xbd, 0x96, 0xb5, 0xb6, 0xbd,
    0xb6, 0xb5, 0x75, 0xbd, 0xee, 0x9b, 0x30, 0x94, 0x92, 0x94, 0x92, 0x94,
    0xb2, 0x9c, 0x55, 0xad, 0xb6, 0xb5, 0xd7, 0xbd, 0x96, 0xbd, 0x75, 0xb5,
    0x75, 0xb5, 0x54, 0xb5, 0x54, 0xb5, 0x34, 0xad, 0x14, 0xad, 0x13, 0xa5,
    0x13, 0xa5, 0x13, 0xa5, 0x13, 0xa5, 0x12, 0xa5, 0x13, 0xad, 0xf2, 0xac,
    0xb1, 0x9c, 0xb1, 0x9c, 0x90, 0x9c, 0x91, 0x9c, 0xb1, 0x9c, 0x12, 0xad,
    0x94, 0xb5, 0x74, 0xb5, 0x95, 0xbd, 0x78, 0xce, 0x58, 0xce, 0x78, 0xd6,
    0x78, 0xd6, 0x78, 0xd6, 0x58, 0xce, 0x58, 0xce, 0x37, 0xce, 0x37, 0xce,
    0x58, 0xce, 0x58, 0xce, 0x58, 0xd6, 0x37, 0xce, 0x37, 0xce, 0x17, 0xce,
    0x37, 0xce, 0x38, 0xce, 0x37, 0xce, 0x58, 0xce, 0x37, 0xce, 0x58, 0xce,
    0x78, 0xce, 0x57, 0xce, 0x37, 0xc6, 0x37, 0xce, 0x58, 0xce, 0x58, 0xd6,
    0x58, 0xce, 0x37, 0xce, 0x37, 0xce, 0x17, 0xce, 0x99, 0xd6, 0x58, 0xce,
    0x58, 0xd6, 0x78, 0xd6, 0x78, 0xd6, 0x58, 0xce, 0xb5, 0xbd, 0xd6, 0xc5,
    0xd6, 0xc5, 0xf6, 0xc5, 0xf6, 0xc5, 0x17, 0xce, 0x4c, 0x6b, 0xc6, 0x39,
    0x40, 0x08, 0x41, 0x08, 0x20, 0x08, 0x41, 0x08, 0x00, 0x00, 0xa7, 0x39,
    0x6c, 0x6b, 0x00, 0x00, 0xc3, 0x18, 0x48, 0x4a, 0x65, 0x31, 0x48, 0x4a,
    0xc6, 0x41, 0x2c, 0x73, 0x4c, 0x73, 0x4c, 0x73, 0x2c, 0x73, 0xcd, 0x83,
    0xee, 0x83, 0x90, 0x9c, 0x90, 0x9c, 0x50, 0x94, 0x2f, 0x8c, 0x0f, 0x8c,
    0xce, 0x7b, 0xee, 0x83, 0x64, 0x39, 0x23, 0x31, 0x44, 0x31, 0x40, 0x10,
    0x81, 0x20, 0x41, 0x18, 0x20, 0x20, 0x61, 0x58, 0x61, 0x78, 0x61, 0x68,
    0x80, 0x70, 0x81, 0x80, 0x43, 0x91, 0x02, 0x91, 0xa1, 0x80, 0x81, 0x78,
    0x80, 0x60, 0x2a, 0x83, 0x8d, 0x9b, 0x40, 0x40, 0x40, 0x40, 0x40, 0x48,
    0xa1, 0x38, 0xe6, 0x41, 0xc6, 0x41, 0xf6, 0xc5, 0x90, 0xa4, 0x94, 0xcd,
    0xf4, 0xcd, 0xb2, 0xcd, 0x4e, 0x9c, 0xed, 0x93, 0xf1, 0xac, 0x98, 0xde,
    0x37, 0xd6, 0x36, 0xce, 0x16, 0xd6, 0x37, 0xce, 0x16, 0xce, 0x16, 0xce,
    0x16, 0xce, 0x16, 0xce, 0x37, 0xce, 0x57, 0xd6, 0x58, 0xd6, 0xf6, 0xc5,
    0xb5, 0xc5, 0xd5, 0xc5, 0x93, 0xbd, 0x72, 0xb5, 0x72, 0xb5, 0x92, 0xbd,
    0x94, 0xbd, 0xb4, 0xbd, 0xb5, 0xbd, 0xb4, 0xbd, 0x16, 0xc6, 0x37, 0xce,
    0x57, 0xce, 0x37, 0xce, 0x37, 0xce, 0x37, 0xce, 0x58, 0xce, 0x57, 0xce,
    0x37, 0xce, 0x58, 0xce, 0x58, 0xce, 0x57, 0xce, 0x58, 0xce, 0x57, 0xce,
    0x57, 0xce, 0x37, 0xce, 0x37, 0xce, 0x58, 0xce, 0x58, 0xd6, 0x78, 0xd6,
    0x57, 0xce, 0x58, 0xce, 0x58, 0xce, 0x57, 0xce, 0x57, 0xce, 0x58, 0xd6,
    0x58, 0xd6, 0x37, 0xc6, 0x94, 0xc5, 0x07, 0x62, 0x2a, 0x73, 0x4c, 0x7b,
    0xc9, 0x62, 0xd1, 0x9c, 0x13, 0xad, 0xb1, 0x9c, 0xd1, 0x9c, 0xd2, 0xa4,
    0xd1, 0x9c, 0x70, 0x94, 0x8d, 0x7b, 0x33, 0xb5, 0x94, 0xb5, 0xd1, 0x9c,
    0x94, 0xb5, 0x95, 0xb5, 0x95, 0xb5, 0x94, 0xb5, 0x95, 0xb5, 0x95, 0xbd,
    0x13, 0xad, 0xb1, 0x9c, 0x33, 0xa5, 0x74, 0xb5, 0x74, 0xb5, 0x95, 0xb5,
    0x94, 0xb5, 0x94, 0xb5, 0x94, 0xb5, 0xb5, 0xb5, 0x94, 0xb5, 0xb5, 0xbd,
    0x95, 0xb5, 0x95, 0xb5, 0x95, 0xb5, 0x95, 0xb5, 0x95, 0xb5, 0x95, 0xb5,
    0x94, 0xb5, 0x94, 0xb5, 0x75, 0xb5, 0x95, 0xb5, 0x95, 0xb5, 0x95, 0xb5,
    0x95, 0xb5, 0xb5, 0xb5, 0xb5, 0xb5, 0x95, 0xb5, 0xb5, 0xb5, 0x95, 0xb5,
    0x95, 0xb5, 0x95, 0xb5, 0x75, 0xb5, 0x94, 0xb5, 0x94, 0xb5, 0x74, 0xb5,
    0x95, 0xb5, 0x95, 0xb5, 0x94, 0xb5, 0x95, 0xb5, 0x94, 0xb5, 0x95, 0xb5,
    0x95, 0xb5, 0x95, 0xb5, 0x95, 0xb5, 0x95, 0xb5, 0x95, 0xb5, 0x95, 0xb5,
    0x75, 0xb5, 0x75, 0xb5, 0x75, 0xb5, 0x75, 0xbd, 0x75, 0xbd, 0x95, 0xbd,
    0x95, 0xbd, 0x95, 0xbd, 0x95, 0xbd, 0xb6, 0xb5, 0x96, 0xbd, 0x95, 0xbd,
    0xb5, 0xb5, 0xb6, 0xbd, 0xb6, 0xbd, 0xb5, 0xb5, 0xb6, 0xbd, 0xb6, 0xbd,
    0x95, 0xb5, 0xb5, 0xbd, 0x95, 0xb5, 0x96, 0xb5, 0x95, 0xb5, 0x95, 0xb5,
    0x95, 0xb5, 0x96, 0xb5, 0x95, 0xb5, 0x96, 0xb5, 0x95, 0xb5, 0x95, 0xb5,
    0x95, 0xb5, 0x95, 0xb5, 0x95, 0xbd, 0x95, 0xb5, 0x95, 0xb5, 0x95, 0xb5,
    0x95, 0xb5, 0xb5, 0xb5, 0xb5, 0xb5, 0x95, 0xb5, 0xb5, 0xb5, 0xb5, 0xb5,
    0x95, 0xb5, 0xb5, 0xb5, 0x96, 0xbd, 0x95, 0xb5, 0x96, 0xb5, 0x96, 0xb5,
    0x95, 0xb5, 0x95, 0xb5, 0xb5, 0xbd, 0xb5, 0xbd, 0xb5, 0xbd, 0xb5, 0xbd,
    0xb5, 0xbd, 0xb5, 0xb5, 0x96, 0xbd, 0xb6, 0xb5, 0xb5, 0xb5, 0x95, 0xbd,
    0x95, 0xb5, 0xb5, 0xb5, 0x95, 0xb5, 0xb5, 0xbd, 0xef, 0xa3, 0x6d, 0x8b,
    0x71, 0x94, 0xb2, 0x94, 0xd3, 0x9c, 0x55, 0xad, 0xb6, 0xbd, 0xb6, 0xbd,
    0xb6, 0xbd, 0xb6, 0xc5, 0xb6, 0xbd, 0x96, 0xbd, 0xb6, 0xbd, 0xb5, 0xbd,
    0x95, 0xbd, 0x95, 0xbd, 0x95, 0xbd, 0x95, 0xbd, 0x75, 0xb5, 0x74, 0xb5,
    0x74, 0xbd, 0x75, 0xbd, 0x74, 0xb5, 0x12, 0xad, 0xf2, 0xa4, 0xf2, 0xa4,
    0xd2, 0xa4, 0x53, 0xb5, 0x95, 0xb5, 0xb6, 0xbd, 0xd6, 0xbd, 0x58, 0xce,
    0x78, 0xd6, 0x58, 0xce, 0x58, 0xce, 0x58, 0xce, 0x78, 0xd6, 0x58, 0xce,
    0x37, 0xce, 0x78, 0xd6, 0x37, 0xce, 0x58, 0xd6, 0x58, 0xd6, 0x38, 0xce,
    0x38, 0xce, 0x37, 0xce, 0x38, 0xce, 0x58, 0xce, 0x58, 0xce, 0x78, 0xd6,
    0x78, 0xd6, 0x38, 0xce, 0x37, 0xce, 0x78, 0xd6, 0x57, 0xce, 0x58, 0xce,
    0x37, 0xce, 0x37, 0xce, 0x38, 0xce, 0x37, 0xce, 0x38, 0xce, 0xb9, 0xde,
    0x37, 0xce, 0x37, 0xce, 0x78, 0xd6, 0x38, 0xce, 0xba, 0xde, 0x74, 0xb5,
    0xf6, 0xcd, 0xb5, 0xc5, 0xf6, 0xcd, 0xd6, 0xc5, 0xd5, 0xc5, 0xb9, 0xde,
    0x85, 0x39, 0xc2, 0x20, 0x40, 0x08, 0x20, 0x08, 0x20, 0x08, 0x20, 0x00,
    0x20, 0x08, 0x00, 0x00, 0x2f, 0x84, 0xa2, 0x18, 0x00, 0x00, 0x89, 0x5a,
    0x03, 0x21, 0x89, 0x52, 0xc6, 0x41, 0x0b, 0x6b, 0x4c, 0x73, 0x4c, 0x73,
    0x4c, 0x6b, 0xad, 0x7b, 0xcd, 0x83, 0x70, 0x94, 0x70, 0x9c, 0x70, 0x94,
    0x2f, 0x94, 0x2f, 0x8c, 0xce, 0x7b, 0xce, 0x83, 0xe6, 0x49, 0xc2, 0x20,
    0x07, 0x4a, 0x81, 0x18, 0x20, 0x10, 0x40, 0x18, 0x41, 0x10, 0x21, 0x18,
    0x81, 0x58, 0x60, 0x60, 0x60, 0x60, 0x61, 0x70, 0xc2, 0x80, 0x64, 0x99,
    0x80, 0x70, 0xa0, 0x68, 0x40, 0x60, 0x85, 0x61, 0x30, 0xa4, 0xc6, 0x61,
    0x61, 0x40, 0x60, 0x38, 0x02, 0x29, 0x44, 0x29, 0x33, 0xad, 0xb5, 0xbd,
    0x4f, 0x94, 0xf5, 0xcd, 0x72, 0xbd, 0x51, 0xbd, 0xb3, 0xcd, 0xf5, 0xcd,
    0xb4, 0xc5, 0x2e, 0x8c, 0x90, 0x9c, 0xf5, 0xcd, 0x57, 0xd6, 0x37, 0xce,
    0x17, 0xce, 0x37, 0xce, 0x16, 0xc6, 0xf6, 0xc5, 0x37, 0xce, 0x78, 0xd6,
    0xd5, 0xc5, 0xf6, 0xc5, 0xb5, 0xc5, 0xb5, 0xc5, 0xb3, 0xbd, 0x72, 0xb5,
    0x92, 0xbd, 0x93, 0xbd, 0xb4, 0xbd, 0xb4, 0xbd, 0xb5, 0xbd, 0xd5, 0xc5,
    0x16, 0xc6, 0x37, 0xce, 0x37, 0xc6, 0x58, 0xce, 0x57, 0xce, 0x78, 0xce,
    0x58, 0xce, 0x78, 0xce, 0x58, 0xce, 0x37, 0xce, 0x37, 0xc6, 0x57, 0xce,
    0x37, 0xce, 0x58, 0xce, 0x57, 0xce, 0x78, 0xd6, 0x78, 0xd6, 0x57, 0xce,
    0x57, 0xce, 0x57, 0xce, 0x58, 0xd6, 0x78, 0xd6, 0x58, 0xd6, 0x58, 0xce,
    0x78, 0xd6, 0x78, 0xd6, 0x57, 0xd6, 0x37, 0xce, 0x95, 0xc5, 0xa5, 0x69,
    0x09, 0x7b, 0x0b, 0x73, 0xea, 0x62, 0xee, 0x83, 0x33, 0xad, 0xd2, 0x9c,
    0xb1, 0x9c, 0xd1, 0x9c, 0x12, 0xa5, 0xb1, 0x9c, 0x8d, 0x7b, 0x70, 0x94,
    0x74, 0xb5, 0x70, 0x94, 0x74, 0xb5, 0x95, 0xb5, 0xb5, 0xb5, 0x94, 0xb5,
    0x94, 0xbd, 0x94, 0xb5, 0x54, 0xb5, 0x90, 0x94, 0x33, 0xad, 0x74, 0xad,
    0x94, 0xb5, 0x95, 0xb5, 0x95, 0xb5, 0x94, 0xb5, 0x94, 0xb5, 0x95, 0xb5,
    0x95, 0xb5, 0x94, 0xb5, 0x95, 0xb5, 0x95, 0xb5, 0x75, 0xb5, 0x95, 0xb5,
    0x95, 0xb5, 0x95, 0xb5, 0x95, 0xb5, 0x95, 0xb5, 0x95, 0xb5, 0x95, 0xb5,
    0x94, 0xb5, 0x95, 0xb5, 0x95, 0xb5, 0x95, 0xb5, 0xb5, 0xb5, 0xb5, 0xb5,
    0x95, 0xb5, 0xb5, 0xb5, 0x94, 0xb5, 0x95, 0xb5, 0x95, 0xb5, 0x94, 0xb5,
    0x94, 0xb5, 0x95, 0xb5, 0x95, 0xb5, 0x95, 0xb5, 0x95, 0xb5, 0x95, 0xb5,
    0x75, 0xb5, 0x75, 0xb5, 0x95, 0xb5, 0x95, 0xb5, 0x74, 0xb5, 0x95, 0xb5,
    0x95, 0xb5, 0x94, 0xb5, 0x75, 0xb5, 0x95, 0xb5, 0x75, 0xb5, 0x75, 0xbd,
    0x95, 0xbd, 0x95, 0xbd, 0x96, 0xb5, 0x95, 0xbd, 0x95, 0xbd, 0xb6, 0xb5,
    0x96, 0xbd, 0x96, 0xbd, 0xb5, 0xb5, 0xb6, 0xbd, 0xb6, 0xbd, 0xd6, 0xb5,
    0xb5, 0xbd, 0xb6, 0xb5, 0xb5, 0xb5, 0x94, 0xb5, 0x95, 0xb5, 0x95, 0xb5,
    0x96, 0xb5, 0x95, 0xb5, 0x96, 0xb5, 0x95, 0xb5, 0x95, 0xb5, 0x96, 0xbd,
    0x95, 0xb5, 0x96, 0xb5, 0x96, 0xb5, 0x95, 0xb5, 0x95, 0xb5, 0x95, 0xb5,
    0x95, 0xb5, 0x94, 0xb5, 0x95, 0xb5, 0x95, 0xbd, 0xb5, 0xb5, 0x95, 0xb5,
    0x95, 0xbd, 0xb5, 0xb5, 0x95, 0xb5, 0x95, 0xb5, 0x95, 0xb5, 0x95, 0xb5,
    0x96, 0xbd, 0x96, 0xb5, 0x95, 0xb5, 0x96, 0xbd, 0xb5, 0xb5, 0xb5, 0xb5,
    0xb5, 0xb5, 0xb5, 0xb5, 0xb5, 0xb5, 0xb5, 0xbd, 0x95, 0xb5, 0xb6, 0xb5,
    0x96, 0xbd, 0xb6, 0xb5, 0xb6, 0xbd, 0x96, 0xb5, 0x95, 0xb5, 0xb5, 0xbd,
    0xf3, 0xac, 0x0b, 0x83, 0xae, 0x8b, 0xb2, 0x94, 0xb2, 0x94, 0xf3, 0xa4,
    0x96, 0xb5, 0xb7, 0xbd, 0xd7, 0xc5, 0xd6, 0xc5, 0xb6, 0xbd, 0xb6, 0xbd,
    0xb6, 0xbd, 0x95, 0xbd, 0x95, 0xbd, 0x95, 0xbd, 0x96, 0xbd, 0x75, 0xbd,
    0x75, 0xb5, 0x75, 0xbd, 0x74, 0xb5, 0x75, 0xb5, 0x74, 0xb5, 0x74, 0xb5,
    0x54, 0xb5, 0x54, 0xb5, 0x33, 0xb5, 0x33, 0xad, 0xb6, 0xbd, 0xf6, 0xbd,
    0xd6, 0xbd, 0xb5, 0xbd, 0xd6, 0xbd, 0x38, 0xc6, 0x38, 0xc6, 0x38, 0xce,
    0xd6, 0xbd, 0x17, 0xce, 0x78, 0xd6, 0x78, 0xd6, 0x78, 0xd6, 0x58, 0xce,
    0x37, 0xce, 0x58, 0xce, 0x37, 0xce, 0x58, 0xce, 0x99, 0xd6, 0x37, 0xce,
    0x58, 0xce, 0x37, 0xce, 0x58, 0xce, 0x58, 0xd6, 0x58, 0xce, 0x37, 0xce,
    0x58, 0xce, 0x37, 0xce, 0x38, 0xce, 0x38, 0xce, 0x37, 0xce, 0x58, 0xce,
    0x99, 0xd6, 0xf7, 0xc5, 0x37, 0xce, 0x79, 0xd6, 0x37, 0xce, 0xda, 0xe6,
    0x54, 0xad, 0xd5, 0xc5, 0xd6, 0xc5, 0xd6, 0xc5, 0xf6, 0xcd, 0xd6, 0xc5,
    0x98, 0xd6, 0xc9, 0x5a, 0xa5, 0x39, 0x81, 0x10, 0x40, 0x08, 0x20, 0x08,
    0x21, 0x08, 0x00, 0x00, 0x00, 0x00, 0x00, 0x00, 0x48, 0x4a, 0xca, 0x5a,
    0x00, 0x00, 0x62, 0x10, 0x0b, 0x63, 0xc6, 0x39, 0xa9, 0x5a, 0xa9, 0x5a,
    0x4c, 0x73, 0x4c, 0x73, 0x4c, 0x73, 0x6d, 0x7b, 0xad, 0x7b, 0x4f, 0x94,
    0x70, 0x94, 0x70, 0x94, 0x50, 0x94, 0x30, 0x94, 0xce, 0x7b, 0xce, 0x83,
    0x48, 0x52, 0xc2, 0x20, 0x47, 0x52, 0xc2, 0x20, 0x89, 0x5a, 0x20, 0x10,
    0x41, 0x18, 0x41, 0x10, 0x20, 0x18, 0xa1, 0x58, 0x40, 0x60, 0x40, 0x58,
    0xc2, 0x70, 0xa5, 0x89, 0x40, 0x60, 0x61, 0x60, 0x60, 0x58, 0x20, 0x48,
    0xaa, 0x7a, 0x4f, 0xa4, 0x40, 0x38, 0x40, 0x30, 0x85, 0x31, 0x28, 0x42,
    0x17, 0xc6, 0x95, 0xb5, 0xb1, 0x9c, 0xf5, 0xc5, 0x32, 0xbd, 0x32, 0xc5,
    0x72, 0xc5, 0xb4, 0xc5, 0xd4, 0xc5, 0x16, 0xce, 0x37, 0xd6, 0xb5, 0xbd,
    0x53, 0xb5, 0x16, 0xce, 0x37, 0xce, 0x37, 0xce, 0x16, 0xce, 0xf6, 0xcd,
    0x57, 0xce, 0xb5, 0xc5, 0xf6, 0xcd, 0xd5, 0xc5, 0xd6, 0xc5, 0xb4, 0xc5,
    0xb3, 0xbd, 0x72, 0xb5, 0x93, 0xbd, 0x93, 0xbd, 0xb4, 0xbd, 0xd4, 0xc5,
    0xb4, 0xbd, 0xd4, 0xc5, 0x16, 0xc6, 0x17, 0xce, 0x57, 0xce, 0x57, 0xce,
    0x37, 0xc6, 0x37, 0xc6, 0x37, 0xce, 0x37, 0xce, 0x57, 0xce, 0x98, 0xd6,
    0x78, 0xce, 0x37, 0xce, 0x17, 0xc6, 0x74, 0xb5, 0xd6, 0xbd, 0x37, 0xce,
    0x37, 0xce, 0x78, 0xd6, 0x58, 0xce, 0x58, 0xd6, 0x57, 0xce, 0x57, 0xce,
    0x78, 0xd6, 0x78, 0xd6, 0x78, 0xd6, 0x57, 0xce, 0x58, 0xce, 0x37, 0xce,
    0x17, 0xce, 0x45, 0x69, 0x47, 0x72, 0x0a, 0x73, 0x2b, 0x6b, 0x4b, 0x6b,
    0xad, 0x7b, 0xee, 0x83, 0xee, 0x83, 0x70, 0x94, 0xd1, 0x9c, 0x90, 0x9c,
    0x0f, 0x8c, 0xee, 0x83, 0x50, 0x8c, 0x91, 0x9c, 0x53, 0xad, 0x74, 0xb5,
    0x94, 0xb5, 0x95, 0xb5, 0x95, 0xb5, 0x95, 0xb5, 0x94, 0xbd, 0x0f, 0x84,
    0x53, 0xad, 0x74, 0xad, 0x94, 0xb5, 0x95, 0xb5, 0x94, 0xb5, 0x94, 0xb5,
    0x95, 0xb5, 0x95, 0xb5, 0x94, 0xb5, 0x94, 0xb5, 0x75, 0xb5, 0x95, 0xb5,
    0x74, 0xb5, 0x74, 0xad, 0x75, 0xb5, 0x95, 0xb5, 0x95, 0xb5, 0x95, 0xb5,
    0x95, 0xb5, 0x95, 0xb5, 0x95, 0xb5, 0x95, 0xb5, 0x95, 0xb5, 0x95, 0xb5,
    0x95, 0xbd, 0x95, 0xb5, 0x95, 0xb5, 0x95, 0xb5, 0x95, 0xb5, 0x95, 0xb5,
    0x95, 0xb5, 0x95, 0xb5, 0x94, 0xb5, 0x95, 0xb5, 0x74, 0xb5, 0x95, 0xb5,
    0xb5, 0xb5, 0x75, 0xb5, 0x95, 0xb5, 0x95, 0xb5, 0x95, 0xb5, 0x95, 0xbd,
    0x74, 0xb5, 0x95, 0xb5, 0x95, 0xbd, 0x94, 0xb5, 0x75, 0xbd, 0x75, 0xb5,
    0x95, 0xbd, 0x95, 0xbd, 0x95, 0xbd, 0x95, 0xbd, 0x95, 0xb5, 0x95, 0xbd,
    0x95, 0xbd, 0xb6, 0xb5, 0xb5, 0xbd, 0x96, 0xb5, 0xd6, 0xbd, 0xb5, 0xb5,
    0xb6, 0xbd, 0xd5, 0xbd, 0xb6, 0xb5, 0xb5, 0xbd, 0x95, 0xb5, 0xb5, 0xbd,
    0x95, 0xb5, 0x95, 0xb5, 0x96, 0xb5, 0x96, 0xbd, 0x96, 0xb5, 0x95, 0xb5,
    0x95, 0xb5, 0x95, 0xb5, 0x96, 0xb5, 0x95, 0xbd, 0x95, 0xb5, 0x95, 0xb5,
    0x95, 0xb5, 0x95, 0xb5, 0xb5, 0xb5, 0x94, 0xb5, 0xb5, 0xbd, 0x95, 0xb5,
    0x95, 0xb5, 0x95, 0xb5, 0xb5, 0xbd, 0x95, 0xb5, 0x95, 0xb5, 0xb5, 0xbd,
    0x95, 0xb5, 0x95, 0xb5, 0x95, 0xb5, 0x95, 0xb5, 0x95, 0xb5, 0x96, 0xb5,
    0xb5, 0xbd, 0xb5, 0xb5, 0xb6, 0xb5, 0x95, 0xbd, 0xb5, 0xb5, 0xb5, 0xb5,
    0x96, 0xbd, 0x95, 0xb5, 0x96, 0xb5, 0xb6, 0xbd, 0x95, 0xb5, 0x96, 0xb5,
    0xb6, 0xbd, 0x95, 0xbd, 0x95, 0xbd, 0x13, 0xb5, 0x6c, 0x83, 0xef, 0x8b,
    0xb2, 0x9c, 0xb2, 0x94, 0x35, 0xad, 0x76, 0xbd, 0x96, 0xc5, 0xd6, 0xc5,
    0xb6, 0xbd, 0xb6, 0xc5, 0xb6, 0xc5, 0xb6, 0xbd, 0xb6, 0xc5, 0xb6, 0xbd,
    0x75, 0xbd, 0x96, 0xbd, 0x96, 0xbd, 0x95, 0xbd, 0x95, 0xbd, 0x95, 0xbd,
    0x75, 0xb5, 0x75, 0xbd, 0x75, 0xbd, 0x75, 0xb5, 0x75, 0xbd, 0xf7, 0xc5,
    0xf6, 0xc5, 0x17, 0xc6, 0x38, 0xce, 0x18, 0xc6, 0x17, 0xc6, 0x38, 0xc6,
    0x38, 0xce, 0x58, 0xce, 0x58, 0xce, 0x58, 0xd6, 0x58, 0xce, 0x58, 0xce,
    0x58, 0xce, 0x58, 0xce, 0x78, 0xd6, 0x78, 0xd6, 0x78, 0xce, 0x37, 0xce,
    0xf6, 0xc5, 0x58, 0xce, 0x37, 0xce, 0x37, 0xce, 0x38, 0xce, 0x58, 0xce,
    0x38, 0xce, 0x58, 0xce, 0x37, 0xce, 0x58, 0xd6, 0x58, 0xd6, 0x17, 0xce,
    0x99, 0xde, 0x78, 0xd6, 0x17, 0xc6, 0x58, 0xd6, 0x58, 0xd6, 0x17, 0xc6,
    0xfa, 0xe6, 0x54, 0xb5, 0x95, 0xbd, 0x95, 0xbd, 0x95, 0xbd, 0x17, 0xce,
    0xf6, 0xc5, 0x37, 0xce, 0x0b, 0x63, 0xe2, 0x20, 0xe3, 0x20, 0x61, 0x10,
    0x20, 0x08, 0x40, 0x08, 0x20, 0x00, 0x00, 0x00, 0x00, 0x00, 0x00, 0x00,
    0x21, 0x08, 0x30, 0x84, 0x82, 0x10, 0x00, 0x00, 0x49, 0x4a, 0x28, 0x4a,
    0xca, 0x5a, 0x68, 0x52, 0x4c, 0x73, 0x4c, 0x73, 0x4c, 0x73, 0x4c, 0x73,
    0x8c, 0x7b, 0x0e, 0x8c, 0x70, 0x94, 0x70, 0x94, 0x50, 0x94, 0x2f, 0x94,
    0x2f, 0x8c, 0xad, 0x83, 0xa9, 0x62, 0xa5, 0x39, 0x47, 0x52, 0xa1, 0x20,
    0x8d, 0x7b, 0x40, 0x10, 0x20, 0x10, 0x40, 0x18, 0x41, 0x10, 0x21, 0x20,
    0x82, 0x50, 0x41, 0x60, 0x40, 0x50, 0x64, 0x69, 0x03, 0x69, 0x41, 0x60,
    0x61, 0x60, 0x20, 0x50, 0xc2, 0x48, 0x0b, 0x7b, 0x48, 0x6a, 0xe2, 0x38,
    0x03, 0x29, 0xf3, 0x9c, 0xb5, 0xbd, 0x74, 0xb5, 0x94, 0xbd, 0x73, 0xbd,
    0x32, 0xb5, 0x31, 0xc5, 0x52, 0xc5, 0x93, 0xbd, 0xd5, 0xc5, 0xd5, 0xc5,
    0x37, 0xce, 0x37, 0xd6, 0x37, 0xd6, 0x36, 0xce, 0x16, 0xce, 0x16, 0xc6,
    0x16, 0xce, 0x16, 0xce, 0x16, 0xc6, 0xf6, 0xc5, 0xf6, 0xc5, 0xd5, 0xbd,
    0xd5, 0xc5, 0xb4, 0xbd, 0xb3, 0xbd, 0x92, 0xbd, 0x72, 0xb5, 0x93, 0xbd,
    0xb4, 0xbd, 0xb4, 0xbd, 0xb4, 0xbd, 0xf4, 0xc5, 0xd5, 0xc5, 0x16, 0xce,
    0x37, 0xc6, 0x37, 0xce, 0x37, 0xc6, 0x37, 0xce, 0x57, 0xce, 0x37, 0xc6,
    0x78, 0xce, 0x58, 0xce, 0x58, 0xce, 0x58, 0xce, 0x16, 0xc6, 0x94, 0xb5,
    0x74, 0xbd, 0xd5, 0xbd, 0x16, 0xce, 0x17, 0xce, 0x17, 0xc6, 0x57, 0xce,
    0x37, 0xce, 0x78, 0xce, 0x58, 0xce, 0x78, 0xd6, 0x78, 0xd6, 0x57, 0xce,
    0x58, 0xd6, 0x57, 0xce, 0x99, 0xde, 0x6d, 0x9b, 0xa5, 0x69, 0x0b, 0x73,
    0x0b, 0x6b, 0x90, 0x94, 0xf6, 0xc5, 0xf2, 0xa4, 0x70, 0x94, 0x0f, 0x8c,
    0xcd, 0x7b, 0xcd, 0x7b, 0xce, 0x83, 0x8d, 0x7b, 0x0f, 0x8c, 0x91, 0x94,
    0x13, 0xa5, 0x54, 0xad, 0x74, 0xb5, 0xb5, 0xbd, 0xb5, 0xbd, 0xb5, 0xbd,
    0x95, 0xbd, 0x0f, 0x8c, 0x74, 0xb5, 0x94, 0xb5, 0x95, 0xb5, 0x94, 0xb5,
    0x74, 0xb5, 0x74, 0xb5, 0x74, 0xb5, 0x95, 0xb5, 0x94, 0xb5, 0x94, 0xb5,
    0x95, 0xb5, 0x75, 0xb5, 0x95, 0xb5, 0x74, 0xad, 0x75, 0xb5, 0x95, 0xb5,
    0x94, 0xb5, 0x95, 0xb5, 0x94, 0xb5, 0x95, 0xb5, 0x95, 0xb5, 0x95, 0xb5,
    0x75, 0xb5, 0x95, 0xb5, 0x96, 0xbd, 0x95, 0xb5, 0x95, 0xb5, 0x75, 0xb5,
    0x75, 0xb5, 0x95, 0xb5, 0x74, 0xb5, 0x95, 0xb5, 0x95, 0xb5, 0x95, 0xb5,
    0x95, 0xb5, 0x95, 0xb5, 0x95, 0xb5, 0x95, 0xb5, 0x95, 0xb5, 0x96, 0xb5,
    0x95, 0xb5, 0x95, 0xbd, 0x95, 0xb5, 0x95, 0xb5, 0x95, 0xb5, 0x95, 0xb5,
    0x75, 0xbd, 0x75, 0xbd, 0x95, 0xbd, 0x95, 0xb5, 0x75, 0xb5, 0x95, 0xbd,
    0x95, 0xbd, 0x96, 0xbd, 0x95, 0xbd, 0xb6, 0xb5, 0x96, 0xbd, 0x95, 0xbd,
    0xb6, 0xb5, 0xd6, 0xbd, 0xb5, 0xb5, 0xb6, 0xbd, 0xb6, 0xbd, 0xd5, 0xbd,
    0x95, 0xb5, 0xb5, 0xbd, 0x75, 0xb5, 0x95, 0xb5, 0x96, 0xb5, 0x95, 0xb5,
    0x95, 0xb5, 0x96, 0xbd, 0x95, 0xb5, 0x95, 0xb5, 0x96, 0xb5, 0x95, 0xb5,
    0x95, 0xb5, 0x95, 0xb5, 0x95, 0xbd, 0x95, 0xb5, 0x95, 0xb5, 0x95, 0xb5,
    0xb5, 0xb5, 0xb5, 0xb5, 0x95, 0xb5, 0x95, 0xb5, 0xb5, 0xb5, 0x95, 0xb5,
    0xb5, 0xbd, 0xb5, 0xb5, 0x96, 0xb5, 0x96, 0xbd, 0x96, 0xb5, 0xb6, 0xb5,
    0x95, 0xbd, 0xb6, 0xb5, 0x95, 0xb5, 0x95, 0xb5, 0x95, 0xb5, 0x95, 0xb5,
    0x95, 0xb5, 0x95, 0xb5, 0x96, 0xb5, 0x95, 0xb5, 0x95, 0xb5, 0x95, 0xb5,
    0x95, 0xb5, 0x96, 0xb5, 0xb6, 0xbd, 0x95, 0xbd, 0xb5, 0xb5, 0xb5, 0xbd,
    0xf2, 0xac, 0x6d, 0x7b, 0x50, 0x8c, 0xb2, 0x94, 0xb2, 0x9c, 0x53, 0xb5,
    0x74, 0xbd, 0x95, 0xbd, 0xb6, 0xc5, 0xb6, 0xbd, 0xb6, 0xc5, 0xd6, 0xc5,
    0xd6, 0xc5, 0xb6, 0xbd, 0x96, 0xbd, 0x96, 0xbd, 0x96, 0xbd, 0x96, 0xbd,
    0x75, 0xbd, 0x75, 0xbd, 0x96, 0xbd, 0x96, 0xbd, 0x95, 0xbd, 0x75, 0xbd,
    0xb6, 0xbd, 0x17, 0xc6, 0x17, 0xc6, 0xf7, 0xc5, 0xd7, 0xc5, 0xf7, 0xc5,
    0xf7, 0xc5, 0x17, 0xc6, 0x17, 0xc6, 0x38, 0xce, 0x59, 0xce, 0x58, 0xce,
    0x37, 0xce, 0x58, 0xd6, 0x79, 0xd6, 0x38, 0xce, 0x38, 0xce, 0xd6, 0xc5,
    0x37, 0xce, 0x38, 0xce, 0x58, 0xce, 0x38, 0xce, 0x38, 0xce, 0x58, 0xce,
    0x58, 0xd6, 0x37, 0xce, 0x58, 0xce, 0x58, 0xd6, 0x58, 0xce, 0x17, 0xce,
    0x37, 0xce, 0x99, 0xd6, 0x17, 0xc6, 0x37, 0xce, 0x78, 0xd6, 0x58, 0xd6,
    0xf6, 0xc5, 0xfa, 0xe6, 0x13, 0xad, 0x95, 0xbd, 0x75, 0xbd, 0x94, 0xb5,
    0xb5, 0xbd, 0xf6, 0xc5, 0x17, 0xce, 0xd2, 0xa4, 0x00, 0x00, 0xa6, 0x39,
    0xe3, 0x20, 0x81, 0x10, 0x41, 0x08, 0x20, 0x08, 0x20, 0x00, 0x00, 0x00,
    0x20, 0x00, 0x00, 0x00, 0x00, 0x00, 0x68, 0x4a, 0xeb, 0x5a, 0x00, 0x00,
    0x61, 0x10, 0x0b, 0x63, 0x89, 0x52, 0x89, 0x52, 0x4c, 0x73, 0x4c, 0x73,
    0x4c, 0x73, 0x2c, 0x6b, 0x6c, 0x73, 0xce, 0x83, 0x70, 0x94, 0x70, 0x94,
    0x70, 0x94, 0x50, 0x94, 0x4f, 0x8c, 0x0f, 0x8c, 0x0b, 0x6b, 0xa9, 0x5a,
    0x85, 0x39, 0xa6, 0x41, 0xe6, 0x41, 0x07, 0x4a, 0x00, 0x10, 0x40, 0x10,
    0x20, 0x18, 0x21, 0x10, 0x21, 0x18, 0xa1, 0x58, 0x61, 0x50, 0x61, 0x40,
    0x07, 0x7a, 0x40, 0x50, 0x40, 0x58, 0x40, 0x50, 0x20, 0x40, 0x44, 0x59,
    0x8c, 0x8b, 0xe3, 0x30, 0xa6, 0x39, 0xf6, 0xbd, 0x74, 0xb5, 0x74, 0xb5,
    0x94, 0xbd, 0x33, 0xb5, 0x31, 0xb5, 0x31, 0xc5, 0x52, 0xc5, 0x94, 0xbd,
    0xb4, 0xc5, 0xf5, 0xc5, 0x37, 0xce, 0x17, 0xce, 0x37, 0xd6, 0x37, 0xce,
    0x16, 0xce, 0x16, 0xce, 0x16, 0xce, 0xf6, 0xc5, 0xd5, 0xc5, 0xf6, 0xc5,
    0xf6, 0xc5, 0xd5, 0xc5, 0xd5, 0xc5, 0xb4, 0xc5, 0x93, 0xbd, 0x92, 0xbd,
    0x72, 0xbd, 0x93, 0xbd, 0x94, 0xbd, 0xb4, 0xbd, 0xb4, 0xbd, 0xd4, 0xc5,
    0xb4, 0xbd, 0x16, 0xc6, 0x37, 0xce, 0x37, 0xc6, 0x37, 0xce, 0x57, 0xce,
    0x38, 0xce, 0x57, 0xce, 0x37, 0xc6, 0x37, 0xce, 0x57, 0xce, 0x58, 0xce,
    0x57, 0xce, 0xb4, 0xbd, 0x33, 0xad, 0x74, 0xb5, 0x37, 0xce, 0x37, 0xce,
    0x37, 0xc6, 0x37, 0xce, 0x57, 0xce, 0x78, 0xd6, 0x57, 0xce, 0x58, 0xce,
    0x78, 0xd6, 0x78, 0xce, 0x37, 0xce, 0x57, 0xce, 0x58, 0xd6, 0xb2, 0xac,
    0x44, 0x61, 0x88, 0x6a, 0x4c, 0x73, 0xb1, 0x94, 0x37, 0xc6, 0x74, 0xb5,
    0xd1, 0x9c, 0x91, 0x9c, 0x33, 0xad, 0x13, 0xa5, 0xd2, 0xa4, 0x0e, 0x84,
    0xce, 0x83, 0x70, 0x94, 0x2f, 0x8c, 0x2f, 0x8c, 0x4f, 0x8c, 0x90, 0x94,
    0xf2, 0xa4, 0x12, 0xa5, 0xd6, 0xc5, 0x70, 0x94, 0x94, 0xb5, 0x95, 0xb5,
    0x94, 0xb5, 0x95, 0xb5, 0x95, 0xb5, 0x94, 0xb5, 0x94, 0xb5, 0x95, 0xb5,
    0x95, 0xb5, 0x94, 0xb5, 0x95, 0xb5, 0x95, 0xb5, 0x95, 0xb5, 0x95, 0xb5,
    0x75, 0xb5, 0x95, 0xb5, 0x94, 0xb5, 0x74, 0xb5, 0x95, 0xb5, 0x95, 0xb5,
    0x95, 0xb5, 0x95, 0xb5, 0x75, 0xb5, 0x95, 0xb5, 0x95, 0xb5, 0x96, 0xb5,
    0x95, 0xb5, 0x95, 0xb5, 0x75, 0xb5, 0x95, 0xb5, 0x74, 0xb5, 0x95, 0xb5,
    0x95, 0xb5, 0x74, 0xad, 0x95, 0xb5, 0x95, 0xb5, 0x96, 0xb5, 0x96, 0xb5,
    0x75, 0xb5, 0x75, 0xb5, 0x95, 0xb5, 0x95, 0xb5, 0x94, 0xb5, 0x94, 0xbd,
    0x75, 0xb5, 0x94, 0xb5, 0x75, 0xbd, 0x75, 0xbd, 0x75, 0xb5, 0x74, 0xb5,
    0x95, 0xbd, 0x95, 0xbd, 0x95, 0xb5, 0x95, 0xbd, 0x95, 0xbd, 0xb6, 0xb5,
    0x96, 0xbd, 0x95, 0xb5, 0xb6, 0xbd, 0xb6, 0xb5, 0xd5, 0xb5, 0xb6, 0xb5,
    0xb6, 0xbd, 0xb5, 0xbd, 0x95, 0xb5, 0xb5, 0xbd, 0x75, 0xb5, 0x95, 0xb5,
    0x95, 0xb5, 0x96, 0xb5, 0x95, 0xbd, 0x96, 0xb5, 0x95, 0xb5, 0x96, 0xb5,
    0x75, 0xb5, 0x96, 0xb5, 0x96, 0xb5, 0x95, 0xb5, 0x95, 0xb5, 0x95, 0xb5,
    0x95, 0xb5, 0x95, 0xb5, 0x95, 0xb5, 0x95, 0xb5, 0x95, 0xb5, 0x95, 0xb5,
    0x95, 0xb5, 0x95, 0xb5, 0xb5, 0xbd, 0xb5, 0xb5, 0xb6, 0xbd, 0xb6, 0xbd,
    0xb6, 0xb5, 0x96, 0xbd, 0xb6, 0xbd, 0x96, 0xb5, 0xb5, 0xbd, 0xb5, 0xbd,
    0xb5, 0xb5, 0x95, 0xbd, 0xb5, 0xbd, 0xb5, 0xb5, 0xb6, 0xbd, 0xb6, 0xbd,
    0xb6, 0xbd, 0xb6, 0xbd, 0xb6, 0xbd, 0xb6, 0xb5, 0xb5, 0xbd, 0xb5, 0xb5,
    0xb5, 0xb5, 0x96, 0xb5, 0xb5, 0xbd, 0x50, 0x9c, 0x8d, 0x7b, 0x91, 0x8c,
    0x72, 0x94, 0x12, 0xad, 0x33, 0xbd, 0x54, 0xbd, 0x96, 0xbd, 0xb6, 0xbd,
    0xd6, 0xbd, 0xb6, 0xbd, 0xb6, 0xbd, 0xd6, 0xbd, 0x96, 0xc5, 0x75, 0xbd,
    0x76, 0xbd, 0x96, 0xbd, 0x96, 0xb5, 0x76, 0xb5, 0x55, 0xb5, 0x75, 0xb5,
    0x75, 0xb5, 0x76, 0xbd, 0x18, 0xc6, 0x17, 0xc6, 0xf7, 0xc5, 0x17, 0xc6,
    0x18, 0xc6, 0xf7, 0xc5, 0x17, 0xc6, 0xf7, 0xc5, 0x17, 0xc6, 0x17, 0xc6,
    0x17, 0xc6, 0x17, 0xc6, 0x17, 0xce, 0x17, 0xc6, 0xf7, 0xc5, 0x58, 0xce,
    0x58, 0xce, 0x37, 0xce, 0x17, 0xce, 0x17, 0xc6, 0x37, 0xce, 0x37, 0xce,
    0x17, 0xce, 0x38, 0xce, 0x58, 0xce, 0x78, 0xd6, 0x58, 0xce, 0x17, 0xc6,
    0x17, 0xc6, 0x78, 0xd6, 0x79, 0xd6, 0x17, 0xc6, 0x78, 0xd6, 0x58, 0xce,
    0x16, 0xc6, 0xf7, 0xc5, 0xda, 0xde, 0x13, 0xa5, 0x94, 0xb5, 0x75, 0xb5,
    0x95, 0xbd, 0xb5, 0xbd, 0xb5, 0xc5, 0xf6, 0xcd, 0xf6, 0xc5, 0x00, 0x00,
    0xe7, 0x41, 0xa2, 0x18, 0xa2, 0x18, 0x03, 0x21, 0x41, 0x08, 0x00, 0x00,
    0x20, 0x00, 0x00, 0x00, 0x20, 0x08, 0x20, 0x08, 0x21, 0x00, 0x61, 0x08,
    0xef, 0x83, 0x24, 0x29, 0x00, 0x00, 0x48, 0x4a, 0x89, 0x52, 0x89, 0x5a,
    0x4c, 0x73, 0x4c, 0x73, 0x4c, 0x6b, 0x4c, 0x73, 0x4c, 0x73, 0x8d, 0x7b,
    0x70, 0x94, 0x70, 0x94, 0x70, 0x94, 0x50, 0x94, 0x50, 0x94, 0x70, 0x94,
    0x30, 0x94, 0x0f, 0x8c, 0xe6, 0x49, 0xea, 0x62, 0x07, 0x42, 0xa5, 0x39,
    0x60, 0x18, 0x40, 0x08, 0x41, 0x18, 0x20, 0x10, 0x20, 0x08, 0x60, 0x28,
    0x61, 0x58, 0x20, 0x40, 0x07, 0x6a, 0x20, 0x50, 0x40, 0x50, 0x40, 0x50,
    0x20, 0x48, 0x81, 0x48, 0x44, 0x39, 0xc7, 0x49, 0x0b, 0x63, 0x94, 0xb5,
    0x74, 0xb5, 0x54, 0xad, 0x95, 0xbd, 0x32, 0xb5, 0x31, 0xbd, 0x32, 0xbd,
    0x73, 0xbd, 0x74, 0xbd, 0x94, 0xbd, 0xf5, 0xcd, 0x37, 0xce, 0x37, 0xce,
    0x37, 0xd6, 0x37, 0xce, 0x17, 0xce, 0x16, 0xc6, 0xf6, 0xc5, 0xf6, 0xc5,
    0xd5, 0xc5, 0xf5, 0xc5, 0xd5, 0xc5, 0xd6, 0xc5, 0xd5, 0xc5, 0xb4, 0xbd,
    0xb3, 0xbd, 0x93, 0xbd, 0x93, 0xb5, 0x94, 0xbd, 0xb4, 0xbd, 0x94, 0xbd,
    0xb4, 0xbd, 0xd5, 0xc5, 0xb5, 0xbd, 0xd5, 0xc5, 0x37, 0xce, 0x58, 0xce,
    0x37, 0xc6, 0x37, 0xce, 0x57, 0xce, 0x58, 0xce, 0x37, 0xce, 0x57, 0xce,
    0x57, 0xce, 0x57, 0xce, 0x58, 0xce, 0x57, 0xd6, 0xd6, 0xc5, 0xf2, 0xa4,
    0x70, 0x9c, 0x54, 0xad, 0x16, 0xc6, 0xf6, 0xc5, 0x17, 0xc6, 0x17, 0xc6,
    0x78, 0xd6, 0x57, 0xce, 0x78, 0xce, 0x57, 0xce, 0x58, 0xd6, 0xd6, 0xbd,
    0x58, 0xd6, 0x54, 0xbd, 0xc1, 0x50, 0x48, 0x72, 0x0a, 0x6b, 0x2f, 0x84,
    0x57, 0xd6, 0xd5, 0xc5, 0xd2, 0xa4, 0x90, 0x94, 0x13, 0xa5, 0x33, 0xad,
    0xf2, 0xa4, 0xf2, 0xa4, 0x6c, 0x73, 0x70, 0x94, 0xb1, 0x9c, 0x91, 0x94,
    0x90, 0x94, 0xb1, 0x9c, 0xd1, 0x9c, 0x0b, 0x63, 0x0b, 0x63, 0x74, 0xb5,
    0x94, 0xb5, 0x95, 0xb5, 0x95, 0xb5, 0x94, 0xb5, 0x95, 0xb5, 0x95, 0xb5,
    0x95, 0xb5, 0x95, 0xb5, 0x95, 0xb5, 0x95, 0xb5, 0x95, 0xb5, 0x95, 0xb5,
    0x95, 0xb5, 0x95, 0xb5, 0x95, 0xb5, 0x95, 0xb5, 0x95, 0xb5, 0x95, 0xb5,
    0x95, 0xb5, 0x95, 0xb5, 0x95, 0xb5, 0x95, 0xb5, 0x96, 0xb5, 0x95, 0xb5,
    0x95, 0xb5, 0x96, 0xb5, 0x96, 0xb5, 0x95, 0xb5, 0x95, 0xb5, 0x95, 0xb5,
    0x95, 0xb5, 0x95, 0xb5, 0x95, 0xb5, 0x95, 0xb5, 0x95, 0xb5, 0x95, 0xb5,
    0x95, 0xb5, 0x95, 0xb5, 0x95, 0xb5, 0x95, 0xb5, 0x75, 0xb5, 0x75, 0xb5,
    0x75, 0xb5, 0x75, 0xb5, 0x75, 0xb5, 0x75, 0xb5, 0x95, 0xbd, 0x75, 0xb5,
    0x95, 0xb5, 0x95, 0xbd, 0x95, 0xbd, 0x95, 0xbd, 0x95, 0xbd, 0x95, 0xb5,
    0x95, 0xb5, 0x96, 0xbd, 0x95, 0xb5, 0xb5, 0xbd, 0xb5, 0xbd, 0xb5, 0xbd,
    0xb5, 0xbd, 0xb5, 0xbd, 0xb5, 0xb5, 0xb5, 0xbd, 0x95, 0xb5, 0xb5, 0xbd,
    0x95, 0xb5, 0x95, 0xb5, 0x96, 0xb5, 0xb6, 0xbd, 0x96, 0xb5, 0xb6, 0xbd,
    0x95, 0xb5, 0x95, 0xb5, 0x95, 0xb5, 0x95, 0xb5, 0x95, 0xbd, 0x95, 0xb5,
    0x95, 0xb5, 0x95, 0xb5, 0x95, 0xb5, 0x95, 0xbd, 0x94, 0xb5, 0x95, 0xb5,
    0x95, 0xbd, 0x95, 0xb5, 0x95, 0xb5, 0x96, 0xb5, 0x96, 0xb5, 0x95, 0xb5,
    0xb6, 0xbd, 0xb6, 0xb5, 0x95, 0xb5, 0x95, 0xb5, 0xb6, 0xb5, 0x95, 0xb5,
    0xb5, 0xb5, 0xb5, 0xbd, 0xb5, 0xb5, 0xb5, 0xb5, 0xb5, 0xbd, 0x95, 0xb5,
    0xb6, 0xbd, 0xb6, 0xbd, 0xb6, 0xbd, 0xb6, 0xbd, 0xb6, 0xbd, 0xb6, 0xbd,
    0xb5, 0xb5, 0xb6, 0xbd, 0xb6, 0xbd, 0xb6, 0xb5, 0x95, 0xbd, 0x95, 0xc5,
    0x8d, 0x83, 0xce, 0x7b, 0x92, 0x94, 0x91, 0x94, 0x54, 0xb5, 0x33, 0xbd,
    0x33, 0xb5, 0x54, 0xbd, 0x75, 0xc5, 0xb5, 0xc5, 0xb6, 0xc5, 0xb5, 0xbd,
    0x95, 0xbd, 0x75, 0xbd, 0x95, 0xbd, 0x95, 0xbd, 0x96, 0xb5, 0x76, 0xb5,
    0x75, 0xb5, 0x55, 0xb5, 0x55, 0xb5, 0x55, 0xb5, 0xd7, 0xbd, 0x38, 0xce,
    0x38, 0xce, 0x38, 0xc6, 0x38, 0xce, 0x38, 0xc6, 0x18, 0xc6, 0x18, 0xc6,
    0x38, 0xce, 0x58, 0xce, 0x37, 0xc6, 0x38, 0xce, 0x38, 0xce, 0x58, 0xce,
    0x58, 0xce, 0x58, 0xce, 0x58, 0xce, 0x79, 0xd6, 0x78, 0xd6, 0x58, 0xce,
    0x58, 0xce, 0x58, 0xd6, 0x58, 0xce, 0x58, 0xce, 0x58, 0xce, 0xf7, 0xc5,
    0x38, 0xce, 0x79, 0xd6, 0x99, 0xde, 0x38, 0xce, 0x38, 0xc6, 0x58, 0xce,
    0xf6, 0xc5, 0x37, 0xce, 0x98, 0xd6, 0x17, 0xc6, 0xf3, 0xa4, 0xb5, 0xbd,
    0x74, 0xb5, 0xb5, 0xbd, 0x95, 0xbd, 0xb5, 0xbd, 0xd6, 0xc5, 0x17, 0xce,
    0xa2, 0x18, 0x49, 0x52, 0xa2, 0x18, 0x81, 0x10, 0x44, 0x29, 0x82, 0x18,
    0x65, 0x29, 0x65, 0x31, 0xe3, 0x18, 0x20, 0x00, 0x00, 0x00, 0x20, 0x08,
    0x20, 0x08, 0x00, 0x00, 0xe7, 0x39, 0xae, 0x7b, 0x41, 0x08, 0x81, 0x10,
    0x0c, 0x63, 0xca, 0x5a, 0x2b, 0x6b, 0x6c, 0x73, 0x4c, 0x73, 0x4c, 0x73,
    0x2b, 0x6b, 0x6c, 0x73, 0x0e, 0x8c, 0x70, 0x94, 0x50, 0x94, 0x50, 0x94,
    0x2f, 0x8c, 0x54, 0xb5, 0x50, 0x94, 0x2f, 0x94, 0x47, 0x52, 0x6c, 0x6b,
    0x48, 0x4a, 0xa6, 0x31, 0xe2, 0x20, 0x60, 0x10, 0x81, 0x10, 0x41, 0x10,
    0x40, 0x10, 0x20, 0x08, 0xa2, 0x38, 0x20, 0x38, 0x65, 0x59, 0x03, 0x51,
    0x41, 0x48, 0x41, 0x50, 0x20, 0x40, 0x41, 0x38, 0x00, 0x10, 0xa6, 0x41,
    0x90, 0x94, 0x74, 0xb5, 0x74, 0xad, 0x54, 0xb5, 0x34, 0xb5, 0x52, 0xb5,
    0x51, 0xbd, 0x32, 0xbd, 0x73, 0xbd, 0x73, 0xbd, 0x94, 0xbd, 0x16, 0xce,
    0x37, 0xce, 0x57, 0xd6, 0x37, 0xce, 0x17, 0xce, 0x37, 0xce, 0x16, 0xc6,
    0xf6, 0xc5, 0xf6, 0xcd, 0xf6, 0xc5, 0xd5, 0xc5, 0xd5, 0xc5, 0xf6, 0xc5,
    0xb5, 0xbd, 0xb4, 0xbd, 0xb4, 0xbd, 0x94, 0xbd, 0x93, 0xb5, 0xb4, 0xbd,
    0x94, 0xbd, 0xb4, 0xbd, 0xd5, 0xc5, 0x73, 0xb5, 0xf5, 0xc5, 0x94, 0xbd,
    0xf6, 0xc5, 0x57, 0xce, 0x58, 0xce, 0x37, 0xc6, 0x37, 0xc6, 0x37, 0xc6,
    0x37, 0xc6, 0x37, 0xc6, 0x58, 0xce, 0x78, 0xd6, 0x58, 0xce, 0x37, 0xce,
    0x57, 0xd6, 0x58, 0xd6, 0xf6, 0xc5, 0x74, 0xb5, 0x91, 0x9c, 0xee, 0x83,
    0x54, 0xb5, 0x78, 0xd6, 0x37, 0xce, 0x78, 0xd6, 0x57, 0xce, 0x58, 0xce,
    0x37, 0xce, 0xb9, 0xde, 0xd1, 0x9c, 0x2a, 0x6b, 0xe3, 0x48, 0xa5, 0x69,
    0xe9, 0x6a, 0x0e, 0x84, 0x78, 0xd6, 0xd9, 0xde, 0xb1, 0x9c, 0xd2, 0xa4,
    0xd2, 0x9c, 0x13, 0xad, 0x13, 0xa5, 0x13, 0xad, 0xee, 0x83, 0x2f, 0x8c,
    0xb1, 0x9c, 0xf2, 0xa4, 0x12, 0xa5, 0x13, 0xa5, 0xf2, 0xa4, 0x70, 0x94,
    0x6c, 0x73, 0x2b, 0x6b, 0xf6, 0xc5, 0x95, 0xb5, 0x95, 0xb5, 0x94, 0xb5,
    0x95, 0xb5, 0x95, 0xb5, 0x95, 0xb5, 0x95, 0xb5, 0x95, 0xb5, 0x75, 0xb5,
    0x95, 0xb5, 0x95, 0xb5, 0x95, 0xb5, 0x95, 0xb5, 0x95, 0xb5, 0x95, 0xb5,
    0x95, 0xb5, 0x95, 0xb5, 0x96, 0xb5, 0x95, 0xb5, 0x95, 0xb5, 0x95, 0xb5,
    0xb6, 0xb5, 0x95, 0xb5, 0x95, 0xb5, 0x95, 0xb5, 0x96, 0xb5, 0x95, 0xb5,
    0x95, 0xb5, 0x96, 0xb5, 0x95, 0xb5, 0x96, 0xb5, 0x95, 0xb5, 0x96, 0xb5,
    0x95, 0xb5, 0x95, 0xb5, 0x76, 0xb5, 0x95, 0xb5, 0x95, 0xb5, 0x95, 0xb5,
    0x75, 0xb5, 0x75, 0xb5, 0x75, 0xb5, 0x75, 0xb5, 0x75, 0xb5, 0x75, 0xb5,
    0x95, 0xbd, 0x75, 0xb5, 0x95, 0xb5, 0x95, 0xb5, 0x75, 0xb5, 0x95, 0xb5,
    0x95, 0xbd, 0x95, 0xb5, 0x95, 0xbd, 0x96, 0xbd, 0x95, 0xb5, 0x96, 0xbd,
    0x95, 0xb5, 0x95, 0xbd, 0xb5, 0xbd, 0xb5, 0xbd, 0xb5, 0xbd, 0x95, 0xb5,
    0x75, 0xb5, 0x95, 0xbd, 0x95, 0xb5, 0x75, 0xb5, 0x95, 0xb5, 0x96, 0xb5,
    0x95, 0xb5, 0x95, 0xb5, 0x96, 0xb5, 0x95, 0xb5, 0x95, 0xb5, 0x96, 0xb5,
    0x95, 0xb5, 0x95, 0xb5, 0x95, 0xb5, 0x95, 0xbd, 0xb5, 0xb5, 0x95, 0xb5,
    0x95, 0xb5, 0x95, 0xb5, 0x95, 0xb5, 0x96, 0xbd, 0x95, 0xb5, 0xb6, 0xbd,
    0x95, 0xb5, 0x96, 0xb5, 0xb6, 0xbd, 0xb6, 0xbd, 0x95, 0xb5, 0xb6, 0xb5,
    0x95, 0xbd, 0x96, 0xb5, 0xb5, 0xb5, 0xb5, 0xbd, 0x95, 0xb5, 0xb5, 0xb5,
    0xb5, 0xb5, 0x95, 0xb5, 0xb6, 0xb5, 0xb6, 0xb5, 0xb6, 0xb5, 0xb6, 0xb5,
    0xb6, 0xb5, 0x96, 0xb5, 0xb5, 0xbd, 0xb6, 0xbd, 0xb6, 0xbd, 0xb5, 0xbd,
    0xb5, 0xb5, 0x95, 0xbd, 0x95, 0xbd, 0xae, 0x83, 0xee, 0x83, 0x91, 0x94,
    0xd2, 0x9c, 0x53, 0xb5, 0x74, 0xbd, 0x33, 0xbd, 0x12, 0xbd, 0x33, 0xb5,
    0x33, 0xb5, 0x54, 0xbd, 0x75, 0xbd, 0x75, 0xb5, 0x55, 0xb5, 0x55, 0xb5,
    0x75, 0xb5, 0x76, 0xb5, 0x55, 0xad, 0x55, 0xad, 0x36, 0xad, 0x35, 0xad,
    0x75, 0xad, 0x17, 0xbe, 0xd7, 0xbd, 0xf7, 0xc5, 0x18, 0xc6, 0x38, 0xce,
    0x18, 0xc6, 0x18, 0xc6, 0x17, 0xc6, 0x38, 0xce, 0x59, 0xce, 0x58, 0xce,
    0x79, 0xce, 0x59, 0xd6, 0x99, 0xd6, 0x99, 0xd6, 0x59, 0xce, 0x38, 0xce,
    0x58, 0xce, 0x59, 0xce, 0x38, 0xce, 0x58, 0xce, 0x58, 0xd6, 0x58, 0xce,
    0x59, 0xd6, 0x99, 0xde, 0x79, 0xd6, 0x38, 0xce, 0x17, 0xc6, 0x18, 0xc6,
    0xf7, 0xc5, 0x38, 0xc6, 0x18, 0xc6, 0x55, 0xb5, 0xf3, 0xa4, 0x54, 0xb5,
    0x74, 0xb5, 0x75, 0xb5, 0xb5, 0xbd, 0x94, 0xbd, 0xb5, 0xbd, 0xb5, 0xbd,
    0x99, 0xde, 0x88, 0x52, 0x48, 0x52, 0x82, 0x18, 0xa2, 0x18, 0x81, 0x10,
    0xa2, 0x18, 0x08, 0x4a, 0xa9, 0x5a, 0x89, 0x52, 0x2c, 0x6b, 0x4d, 0x6b,
    0xcb, 0x62, 0xa6, 0x39, 0x82, 0x10, 0x00, 0x00, 0x00, 0x00, 0xcb, 0x5a,
    0x0b, 0x63, 0x00, 0x00, 0x85, 0x31, 0x0b, 0x6b, 0xea, 0x62, 0x4c, 0x73,
    0x6c, 0x73, 0x4c, 0x73, 0x4c, 0x73, 0x4c, 0x73, 0xad, 0x7b, 0x70, 0x94,
    0x4f, 0x8c, 0x50, 0x94, 0x2f, 0x8c, 0x33, 0xad, 0xb1, 0x9c, 0x50, 0x94,
    0x48, 0x52, 0x4c, 0x6b, 0x04, 0x29, 0x6d, 0x73, 0xe2, 0x20, 0xa1, 0x20,
    0x40, 0x10, 0x40, 0x08, 0x20, 0x08, 0x41, 0x08, 0x61, 0x08, 0xaa, 0x6a,
    0x40, 0x20, 0x07, 0x5a, 0x40, 0x38, 0x41, 0x48, 0x20, 0x40, 0x61, 0x38,
    0x00, 0x08, 0x89, 0x5a, 0x13, 0xa5, 0x74, 0xb5, 0x74, 0xb5, 0x74, 0xb5,
    0x33, 0xb5, 0x53, 0xbd, 0x52, 0xc5, 0x31, 0xbd, 0x73, 0xbd, 0xb4, 0xbd,
    0x53, 0xb5, 0x37, 0xce, 0x37, 0xce, 0x37, 0xce, 0x37, 0xce, 0x17, 0xce,
    0x37, 0xce, 0x16, 0xc6, 0xf6, 0xc5, 0xf6, 0xcd, 0xf6, 0xc5, 0xf6, 0xc5,
    0xd5, 0xc5, 0xd5, 0xc5, 0xd5, 0xc5, 0xb4, 0xbd, 0xb4, 0xbd, 0x93, 0xbd,
    0x93, 0xbd, 0x93, 0xbd, 0xb4, 0xbd, 0xb4, 0xbd, 0xd4, 0xc5, 0x94, 0xbd,
    0xd4, 0xc5, 0xd4, 0xbd, 0xb4, 0xbd, 0x37, 0xce, 0x57, 0xce, 0x58, 0xce,
    0x78, 0xce, 0x58, 0xce, 0x58, 0xce, 0x58, 0xce, 0x78, 0xd6, 0x99, 0xde,
    0x78, 0xd6, 0x98, 0xd6, 0x78, 0xd6, 0x58, 0xd6, 0x37, 0xd6, 0x37, 0xce,
    0x78, 0xd6, 0x78, 0xd6, 0x17, 0xce, 0x16, 0xc6, 0x17, 0xce, 0x17, 0xce,
    0x37, 0xce, 0x58, 0xd6, 0x37, 0xce, 0x54, 0xb5, 0xaf, 0xac, 0x2f, 0xbd,
    0x69, 0x93, 0x23, 0x51, 0xaa, 0x7a, 0x0f, 0x84, 0x74, 0xb5, 0xb9, 0xde,
    0xf6, 0xc5, 0xd1, 0x9c, 0x91, 0x9c, 0x33, 0xad, 0x33, 0xad, 0x13, 0xad,
    0x70, 0x9c, 0xad, 0x7b, 0xb1, 0x9c, 0x33, 0xad, 0x74, 0xb5, 0x74, 0xb5,
    0x74, 0xb5, 0x94, 0xb5, 0x74, 0xb5, 0xee, 0x83, 0xad, 0x7b, 0xf6, 0xbd,
    0x94, 0xb5, 0x95, 0xb5, 0x95, 0xb5, 0x95, 0xb5, 0x75, 0xad, 0x75, 0xb5,
    0x95, 0xb5, 0x95, 0xb5, 0x95, 0xb5, 0x95, 0xb5, 0x75, 0xb5, 0x95, 0xb5,
    0x95, 0xb5, 0x95, 0xb5, 0x95, 0xb5, 0x96, 0xb5, 0x95, 0xb5, 0x96, 0xb5,
    0x95, 0xb5, 0x95, 0xb5, 0x96, 0xb5, 0x96, 0xb5, 0x95, 0xb5, 0xb5, 0xb5,
    0x95, 0xb5, 0x95, 0xb5, 0x95, 0xb5, 0x95, 0xb5, 0x95, 0xb5, 0x96, 0xb5,
    0x96, 0xb5, 0x95, 0xb5, 0x95, 0xb5, 0x75, 0xb5, 0x75, 0xb5, 0x75, 0xb5,
    0x95, 0xb5, 0x75, 0xb5, 0x76, 0xbd, 0x75, 0xb5, 0x75, 0xbd, 0x75, 0xbd,
    0x75, 0xb5, 0x75, 0xb5, 0x75, 0xb5, 0x75, 0xb5, 0x95, 0xbd, 0x95, 0xbd,
    0x75, 0xb5, 0x95, 0xbd, 0x95, 0xb5, 0x95, 0xbd, 0x95, 0xbd, 0x96, 0xb5,
    0x96, 0xbd, 0x95, 0xb5, 0x95, 0xb5, 0x95, 0xb5, 0xb6, 0xbd, 0xb5, 0xbd,
    0x95, 0xb5, 0x95, 0xbd, 0x74, 0xb5, 0xb5, 0xbd, 0x95, 0xb5, 0x75, 0xb5,
    0x95, 0xb5, 0x96, 0xb5, 0x95, 0xb5, 0x96, 0xbd, 0x95, 0xb5, 0x95, 0xb5,
    0x96, 0xb5, 0x96, 0xb5, 0x95, 0xb5, 0x95, 0xb5, 0x95, 0xb5, 0x95, 0xb5,
    0xb5, 0xb5, 0x95, 0xb5, 0x95, 0xb5, 0xb5, 0xb5, 0x95, 0xb5, 0x96, 0xb5,
    0x95, 0xb5, 0xb6, 0xbd, 0x95, 0xb5, 0xb6, 0xbd, 0xb6, 0xbd, 0xb6, 0xb5,
    0x95, 0xb5, 0xb6, 0xbd, 0x96, 0xbd, 0x96, 0xb5, 0xb5, 0xbd, 0xb5, 0xb5,
    0x95, 0xbd, 0xb5, 0xbd, 0xb5, 0xb5, 0xb5, 0xbd, 0x95, 0xb5, 0x95, 0xb5,
    0x95, 0xb5, 0xb5, 0xb5, 0x95, 0xb5, 0x95, 0xb5, 0xb5, 0xbd, 0xd6, 0xb5,
    0xb5, 0xb5, 0xb5, 0xbd, 0xb6, 0xbd, 0xb6, 0xb5, 0x95, 0xb5, 0x75, 0xbd,
    0xad, 0x83, 0x2e, 0x8c, 0x70, 0x94, 0xb2, 0x9c, 0x53, 0xb5, 0x53, 0xbd,
    0x53, 0xbd, 0x53, 0xbd, 0x33, 0xbd, 0x13, 0xbd, 0x34, 0xb5, 0x34, 0xb5,
    0x34, 0xb5, 0x34, 0xb5, 0x14, 0xb5, 0x35, 0xad, 0x35, 0xad, 0x35, 0xad,
    0x35, 0xad, 0x56, 0xad, 0x55, 0xad, 0xb7, 0xb5, 0xb7, 0xbd, 0xb7, 0xbd,
    0xd7, 0xbd, 0xd7, 0xbd, 0xf7, 0xc5, 0xf8, 0xc5, 0xf7, 0xbd, 0xf7, 0xbd,
    0x38, 0xce, 0x38, 0xce, 0x38, 0xc6, 0x38, 0xc6, 0x38, 0xce, 0x38, 0xce,
    0x79, 0xce, 0x59, 0xd6, 0x59, 0xce, 0x59, 0xd6, 0x79, 0xd6, 0x79, 0xd6,
    0x58, 0xce, 0x38, 0xce, 0xf7, 0xc5, 0xb6, 0xbd, 0xd7, 0xbd, 0x17, 0xc6,
    0x38, 0xc6, 0x38, 0xce, 0x95, 0xbd, 0x95, 0xb5, 0x54, 0xb5, 0x33, 0xad,
    0x54, 0xb5, 0x74, 0xbd, 0xb5, 0xc5, 0x74, 0xb5, 0x74, 0xb5, 0x94, 0xbd,
    0x94, 0xbd, 0x99, 0xde, 0x8d, 0x7b, 0x24, 0x31, 0x00, 0x00, 0x41, 0x08,
    0x40, 0x08, 0x40, 0x08, 0xa2, 0x18, 0x40, 0x08, 0x40, 0x08, 0x81, 0x10,
    0x03, 0x21, 0xc6, 0x41, 0xca, 0x5a, 0x6d, 0x73, 0xef, 0x83, 0x6d, 0x73,
    0x69, 0x52, 0x86, 0x31, 0xca, 0x5a, 0x49, 0x4a, 0x21, 0x08, 0xaa, 0x5a,
    0xca, 0x62, 0x4c, 0x73, 0xae, 0x7b, 0x4c, 0x73, 0x4c, 0x73, 0x4c, 0x73,
    0x4c, 0x73, 0x2f, 0x8c, 0x50, 0x94, 0x4f, 0x8c, 0xee, 0x83, 0x91, 0x9c,
    0x13, 0xad, 0x91, 0x9c, 0xc6, 0x41, 0x0c, 0x63, 0xe7, 0x41, 0xc3, 0x18,
    0x0b, 0x6b, 0xa2, 0x20, 0xa2, 0x20, 0x20, 0x10, 0x40, 0x08, 0x40, 0x08,
    0x00, 0x08, 0x44, 0x29, 0x44, 0x31, 0xe6, 0x49, 0x00, 0x28, 0x41, 0x40,
    0x61, 0x48, 0x62, 0x38, 0x00, 0x08, 0xca, 0x62, 0x33, 0xad, 0x94, 0xb5,
    0x74, 0xb5, 0x54, 0xad, 0x54, 0xb5, 0x53, 0xb5, 0x31, 0xbd, 0x31, 0xb5,
    0x74, 0xbd, 0xb5, 0xc5, 0x94, 0xbd, 0xd6, 0xc5, 0x37, 0xce, 0x37, 0xce,
    0x37, 0xce, 0x37, 0xce, 0x16, 0xce, 0x16, 0xc6, 0xf6, 0xc5, 0xf6, 0xc5,
    0xf6, 0xcd, 0xf6, 0xc5, 0xf6, 0xc5, 0xd5, 0xc5, 0xd5, 0xc5, 0xb4, 0xbd,
    0xb3, 0xbd, 0x93, 0xbd, 0xb4, 0xbd, 0x93, 0xb5, 0x93, 0xb5, 0x93, 0xb5,
    0xb4, 0xbd, 0xb4, 0xbd, 0xd5, 0xc5, 0xb4, 0xbd, 0xb5, 0xbd, 0xf5, 0xc5,
    0xf6, 0xc5, 0x57, 0xce, 0x58, 0xce, 0x57, 0xd6, 0x58, 0xd6, 0x57, 0xce,
    0x37, 0xce, 0xf2, 0x9c, 0x98, 0xd6, 0x37, 0xce, 0x58, 0xce, 0x37, 0xce,
    0x57, 0xce, 0x78, 0xd6, 0x57, 0xce, 0x37, 0xce, 0x37, 0xce, 0xf6, 0xc5,
    0x17, 0xce, 0x37, 0xce, 0x37, 0xd6, 0x37, 0xd6, 0x79, 0xce, 0x6e, 0xac,
    0x85, 0x9b, 0xc3, 0xab, 0xc4, 0xab, 0x03, 0x72, 0x88, 0x7a, 0xce, 0x83,
    0x33, 0xb5, 0xb5, 0xbd, 0xfa, 0xe6, 0xd1, 0x9c, 0x13, 0xa5, 0xb1, 0x9c,
    0x33, 0xad, 0x33, 0xad, 0xd2, 0xa4, 0x4c, 0x73, 0x91, 0x94, 0x33, 0xad,
    0x74, 0xad, 0x74, 0xb5, 0x74, 0xb5, 0x94, 0xb5, 0x74, 0xb5, 0x95, 0xb5,
    0x0f, 0x84, 0xd1, 0x9c, 0xb5, 0xbd, 0x94, 0xb5, 0x95, 0xb5, 0x95, 0xb5,
    0x95, 0xb5, 0x95, 0xb5, 0x95, 0xb5, 0x95, 0xb5, 0x95, 0xb5, 0x95, 0xb5,
    0x95, 0xb5, 0x94, 0xb5, 0x95, 0xb5, 0x95, 0xb5, 0x95, 0xb5, 0x95, 0xb5,
    0x96, 0xb5, 0x95, 0xb5, 0x96, 0xb5, 0x95, 0xb5, 0x75, 0xb5, 0x76, 0xb5,
    0x75, 0xb5, 0xb5, 0xb5, 0x95, 0xb5, 0x95, 0xb5, 0x95, 0xb5, 0x96, 0xb5,
    0x95, 0xb5, 0x95, 0xb5, 0x95, 0xb5, 0x96, 0xb5, 0x96, 0xb5, 0x95, 0xb5,
    0x95, 0xb5, 0x95, 0xb5, 0x96, 0xb5, 0x95, 0xb5, 0x95, 0xb5, 0x95, 0xb5,
    0x95, 0xb5, 0x95, 0xb5, 0x95, 0xb5, 0x95, 0xbd, 0x75, 0xb5, 0x75, 0xb5,
    0x96, 0xbd, 0x75, 0xb5, 0x75, 0xb5, 0x96, 0xbd, 0x95, 0xbd, 0x95, 0xb5,
    0x95, 0xbd, 0x95, 0xbd, 0x95, 0xbd, 0x95, 0xbd, 0xb5, 0xbd, 0x95, 0xbd,
    0xb5, 0xb5, 0x95, 0xb5, 0x95, 0xbd, 0x95, 0xb5, 0x95, 0xb5, 0x95, 0xbd,
    0x95, 0xb5, 0x75, 0xb5, 0x95, 0xb5, 0x96, 0xb5, 0x95, 0xb5, 0x95, 0xb5,
    0x95, 0xb5, 0x96, 0xb5, 0x95, 0xb5, 0x95, 0xbd, 0x75, 0xb5, 0x75, 0xb5,
    0x95, 0xb5, 0x95, 0xb5, 0x94, 0xb5, 0x95, 0xb5, 0xb5, 0xb5, 0x94, 0xb5,
    0x95, 0xbd, 0xb6, 0xb5, 0x95, 0xb5, 0x96, 0xb5, 0x95, 0xb5, 0x95, 0xb5,
    0xb6, 0xbd, 0xb6, 0xbd, 0x95, 0xb5, 0x95, 0xb5, 0xb6, 0xb5, 0x95, 0xbd,
    0xb5, 0xb5, 0xb5, 0xb5, 0xb5, 0xb5, 0xb6, 0xb5, 0xb5, 0xbd, 0xb5, 0xb5,
    0x95, 0xb5, 0xb5, 0xbd, 0xb5, 0xbd, 0xb5, 0xbd, 0xb5, 0xb5, 0xb5, 0xbd,
    0xb5, 0xb5, 0xb6, 0xb5, 0xb6, 0xbd, 0xd6, 0xbd, 0xd6, 0xbd, 0xd6, 0xbd,
    0xb5, 0xbd, 0xb5, 0xbd, 0x13, 0xad, 0x2f, 0x8c, 0x0f, 0x8c, 0x70, 0x94,
    0x90, 0x94, 0x12, 0xad, 0x74, 0xbd, 0x33, 0xb5, 0x33, 0xb5, 0x13, 0xb5,
    0x13, 0xb5, 0x13, 0xb5, 0x13, 0xad, 0x13, 0xb5, 0x14, 0xad, 0x14, 0xad,
    0x34, 0xad, 0x14, 0xad, 0x34, 0xad, 0x35, 0xad, 0x35, 0xad, 0x56, 0xad,
    0x55, 0xad, 0x96, 0xb5, 0xb6, 0xb5, 0xd7, 0xbd, 0xf7, 0xbd, 0xf8, 0xc5,
    0xd6, 0xbd, 0x18, 0xc6, 0x18, 0xc6, 0x38, 0xc6, 0x58, 0xce, 0x59, 0xce,
    0x59, 0xce, 0x79, 0xce, 0x59, 0xce, 0x58, 0xce, 0x58, 0xce, 0x38, 0xc6,
    0x17, 0xc6, 0xd6, 0xbd, 0xb6, 0xbd, 0xd6, 0xbd, 0xf7, 0xbd, 0x17, 0xc6,
    0x18, 0xc6, 0x95, 0xb5, 0x75, 0xb5, 0x34, 0xad, 0x95, 0xbd, 0x74, 0xb5,
    0x74, 0xb5, 0x94, 0xbd, 0x94, 0xbd, 0x94, 0xbd, 0x53, 0xb5, 0x74, 0xb5,
    0x73, 0xb5, 0xd6, 0xbd, 0xd6, 0xbd, 0x86, 0x31, 0x85, 0x39, 0x00, 0x08,
    0x21, 0x08, 0xa2, 0x18, 0x04, 0x29, 0x82, 0x18, 0x41, 0x10, 0x40, 0x08,
    0x20, 0x08, 0x41, 0x10, 0x20, 0x08, 0x00, 0x00, 0x20, 0x08, 0x82, 0x10,
    0x65, 0x31, 0x49, 0x4a, 0x6d, 0x73, 0x51, 0x8c, 0xaa, 0x5a, 0x8e, 0x73,
    0x29, 0x4a, 0x65, 0x31, 0xca, 0x5a, 0x4c, 0x73, 0xee, 0x83, 0x4c, 0x73,
    0x4c, 0x73, 0x4b, 0x73, 0x2c, 0x73, 0xce, 0x83, 0x4f, 0x8c, 0x4f, 0x94,
    0xee, 0x8b, 0x2f, 0x8c, 0x95, 0xbd, 0xd2, 0xa4, 0x65, 0x39, 0x04, 0x29,
    0x68, 0x4a, 0x40, 0x08, 0xa6, 0x39, 0x28, 0x4a, 0xa2, 0x18, 0x20, 0x10,
    0x20, 0x08, 0x40, 0x08, 0x20, 0x10, 0x00, 0x08, 0x20, 0x08, 0x27, 0x4a,
    0x81, 0x20, 0x40, 0x38, 0xc3, 0x48, 0x00, 0x20, 0x00, 0x08, 0xad, 0x7b,
    0xf2, 0xa4, 0xb5, 0xbd, 0x74, 0xb5, 0x94, 0xb5, 0x34, 0xad, 0x52, 0xb5,
    0x51, 0xbd, 0x52, 0xbd, 0x94, 0xbd, 0xd5, 0xc5, 0xb5, 0xbd, 0xf6, 0xc5,
    0x37, 0xce, 0x37, 0xce, 0x17, 0xce, 0x16, 0xc6, 0x17, 0xce, 0x17, 0xc6,
    0xf6, 0xcd, 0xf6, 0xc5, 0xf6, 0xc5, 0xf5, 0xc5, 0xd6, 0xc5, 0xd5, 0xc5,
    0xd5, 0xc5, 0xb5, 0xbd, 0xb4, 0xbd, 0x93, 0xbd, 0xb4, 0xbd, 0x94, 0xbd,
    0x93, 0xbd, 0x94, 0xbd, 0xb4, 0xbd, 0xb4, 0xbd, 0xd5, 0xc5, 0x94, 0xb5,
    0xf5, 0xc5, 0xf6, 0xc5, 0xf6, 0xc5, 0x37, 0xce, 0x57, 0xce, 0x57, 0xce,
    0x57, 0xce, 0x98, 0xde, 0xed, 0x8b, 0x48, 0x52, 0x4f, 0x8c, 0xfa, 0xe6,
    0x78, 0xce, 0x57, 0xce, 0x37, 0xce, 0x16, 0xc6, 0x37, 0xce, 0x78, 0xd6,
    0x57, 0xce, 0x37, 0xce, 0x37, 0xce, 0x37, 0xce, 0x38, 0xce, 0x79, 0xd6,
    0x0e, 0xb5, 0x81, 0xa3, 0xc2, 0xb3, 0x82, 0xb3, 0xa2, 0xb3, 0x83, 0xab,
    0x04, 0x7a, 0xcd, 0x8b, 0x34, 0xb5, 0x70, 0x94, 0xb9, 0xde, 0x16, 0xce,
    0xf2, 0xa4, 0x71, 0x94, 0x34, 0xad, 0x33, 0xad, 0xf2, 0xa4, 0xce, 0x83,
    0xee, 0x8b, 0x13, 0xa5, 0x74, 0xb5, 0x74, 0xb5, 0x74, 0xb5, 0x95, 0xb5,
    0x94, 0xb5, 0x74, 0xb5, 0x94, 0xb5, 0x70, 0x94, 0x95, 0xb5, 0x74, 0xb5,
    0x95, 0xb5, 0x75, 0xb5, 0x95, 0xb5, 0x74, 0xad, 0x95, 0xb5, 0x95, 0xb5,
    0x95, 0xb5, 0x95, 0xb5, 0x95, 0xad, 0x95, 0xb5, 0x95, 0xb5, 0x95, 0xb5,
    0x95, 0xb5, 0x95, 0xb5, 0x95, 0xb5, 0x75, 0xb5, 0x75, 0xb5, 0x95, 0xb5,
    0x95, 0xb5, 0x75, 0xb5, 0x75, 0xb5, 0x95, 0xbd, 0x95, 0xb5, 0x95, 0xbd,
    0x95, 0xb5, 0x96, 0xb5, 0x96, 0xb5, 0x95, 0xb5, 0x95, 0xb5, 0x95, 0xb5,
    0x96, 0xb5, 0x96, 0xb5, 0x95, 0xb5, 0x75, 0xb5, 0x75, 0xb5, 0x75, 0xb5,
    0x95, 0xb5, 0x96, 0xb5, 0x95, 0xb5, 0x96, 0xb5, 0x95, 0xb5, 0x96, 0xb5,
    0x75, 0xb5, 0x75, 0xb5, 0x75, 0xb5, 0x75, 0xb5, 0x95, 0xb5, 0x76, 0xb5,
    0x95, 0xbd, 0x95, 0xbd, 0x96, 0xb5, 0x95, 0xb5, 0x95, 0xbd, 0x95, 0xb5,
    0x95, 0xb5, 0x95, 0xbd, 0xb5, 0xbd, 0xb5, 0xbd, 0x95, 0xb5, 0x95, 0xb5,
    0x95, 0xbd, 0xb5, 0xbd, 0x95, 0xb5, 0x95, 0xb5, 0x75, 0xb5, 0x95, 0xb5,
    0x95, 0xb5, 0x95, 0xb5, 0x96, 0xb5, 0x95, 0xb5, 0x95, 0xb5, 0x75, 0xb5,
    0x75, 0xb5, 0x95, 0xb5, 0x95, 0xb5, 0x95, 0xb5, 0xb5, 0xbd, 0x95, 0xb5,
    0x95, 0xb5, 0x95, 0xb5, 0x95, 0xb5, 0x96, 0xbd, 0x96, 0xb5, 0x95, 0xb5,
    0xb6, 0xbd, 0x96, 0xb5, 0xb6, 0xbd, 0xb6, 0xb5, 0x96, 0xb5, 0x96, 0xbd,
    0x95, 0xb5, 0x96, 0xb5, 0xb5, 0xbd, 0xb5, 0xb5, 0x95, 0xb5, 0xb5, 0xbd,
    0x95, 0xb5, 0x95, 0xb5, 0xb6, 0xb5, 0x96, 0xb5, 0xb6, 0xb5, 0xb6, 0xb5,
    0xb5, 0xbd, 0xb6, 0xb5, 0xb5, 0xb5, 0x95, 0xb5, 0xb6, 0xb5, 0xd6, 0xbd,
    0xb5, 0xbd, 0xb6, 0xb5, 0xb6, 0xbd, 0x95, 0xb5, 0xb5, 0xbd, 0x13, 0xa5,
    0x2f, 0x8c, 0x0f, 0x94, 0x70, 0x94, 0x50, 0x94, 0xb1, 0x9c, 0x33, 0xad,
    0x33, 0xb5, 0x33, 0xb5, 0x33, 0xb5, 0x33, 0xb5, 0x33, 0xad, 0x33, 0xad,
    0x13, 0xad, 0x33, 0xad, 0x13, 0xad, 0x33, 0xad, 0x14, 0xad, 0xf3, 0xac,
    0x14, 0xad, 0x13, 0xad, 0x14, 0xa5, 0x55, 0xad, 0x96, 0xb5, 0xb7, 0xb5,
    0xb7, 0xbd, 0xb7, 0xb5, 0xd7, 0xbd, 0xf7, 0xbd, 0xf7, 0xbd, 0xd7, 0xbd,
    0xd7, 0xbd, 0xf7, 0xc5, 0xd7, 0xbd, 0x96, 0xb5, 0x96, 0xbd, 0xb6, 0xbd,
    0x96, 0xb5, 0x96, 0xb5, 0x95, 0xb5, 0xb6, 0xb5, 0xb6, 0xbd, 0x18, 0xc6,
    0xb6, 0xb5, 0x54, 0xad, 0x75, 0xbd, 0xb6, 0xc5, 0x74, 0xb5, 0x54, 0xb5,
    0x95, 0xbd, 0x95, 0xbd, 0x73, 0xb5, 0x74, 0xb5, 0x74, 0xb5, 0x54, 0xb5,
    0x74, 0xb5, 0xd5, 0xc5, 0xd6, 0xc5, 0xce, 0x83, 0x41, 0x18, 0xa1, 0x20,
    0x80, 0x28, 0x02, 0x29, 0x24, 0x29, 0xa2, 0x18, 0x20, 0x08, 0x40, 0x08,
    0x20, 0x08, 0x00, 0x00, 0x40, 0x08, 0x40, 0x08, 0x20, 0x08, 0x40, 0x08,
    0x40, 0x08, 0x40, 0x08, 0x20, 0x08, 0x00, 0x00, 0x20, 0x08, 0xe3, 0x20,
    0xca, 0x5a, 0xcf, 0x7b, 0x10, 0x84, 0x6c, 0x6b, 0x89, 0x52, 0x4c, 0x73,
    0xce, 0x83, 0xce, 0x83, 0x4c, 0x73, 0x4c, 0x73, 0x4c, 0x73, 0x6c, 0x73,
    0x2f, 0x8c, 0x2f, 0x8c, 0x0f, 0x8c, 0xce, 0x83, 0x12, 0xad, 0x12, 0xad,
    0xa6, 0x41, 0x24, 0x29, 0x24, 0x29, 0xc6, 0x39, 0x00, 0x00, 0x49, 0x4a,
    0xe3, 0x20, 0x48, 0x52, 0x41, 0x10, 0x20, 0x08, 0x20, 0x08, 0x40, 0x08,
    0x20, 0x08, 0x20, 0x08, 0xe7, 0x41, 0x20, 0x18, 0x40, 0x18, 0x21, 0x10,
    0x20, 0x10, 0x0f, 0x8c, 0xd1, 0x9c, 0xd6, 0xbd, 0x94, 0xb5, 0x95, 0xb5,
    0xf3, 0xac, 0x52, 0xbd, 0x30, 0xbd, 0x72, 0xbd, 0x94, 0xc5, 0xd5, 0xc5,
    0xb5, 0xbd, 0xf6, 0xc5, 0x37, 0xce, 0x17, 0xce, 0x16, 0xc6, 0x16, 0xce,
    0x17, 0xc6, 0x16, 0xc6, 0xf6, 0xc5, 0xf5, 0xc5, 0xf5, 0xc5, 0xd5, 0xc5,
    0xd6, 0xc5, 0xd5, 0xc5, 0xd5, 0xc5, 0xd5, 0xbd, 0xd4, 0xbd, 0xb4, 0xbd,
    0xb4, 0xbd, 0x93, 0xbd, 0x94, 0xbd, 0x94, 0xbd, 0xb4, 0xbd, 0xb4, 0xbd,
    0xb4, 0xbd, 0x53, 0xb5, 0xb4, 0xbd, 0xf5, 0xc5, 0x16, 0xc6, 0x57, 0xce,
    0x58, 0xce, 0x58, 0xce, 0x98, 0xd6, 0x90, 0xac, 0xe2, 0x60, 0x64, 0x49,
    0x45, 0x29, 0xca, 0x62, 0x53, 0xad, 0xd5, 0xbd, 0x74, 0xbd, 0x93, 0xbd,
    0xf6, 0xc5, 0x17, 0xce, 0x58, 0xd6, 0x58, 0xd6, 0x37, 0xce, 0x57, 0xd6,
    0x58, 0xd6, 0x79, 0xd6, 0xad, 0xb4, 0xa1, 0xb3, 0xa2, 0xb3, 0xa2, 0xb3,
    0x81, 0xb3, 0x41, 0xab, 0x02, 0xa3, 0x66, 0x7a, 0xb1, 0xac, 0xb1, 0xa4,
    0xf2, 0xa4, 0x7c, 0xf7, 0xf2, 0xa4, 0xd2, 0x9c, 0xd2, 0x9c, 0x13, 0xa5,
    0xd2, 0xa4, 0x2f, 0x94, 0x6b, 0x7b, 0xf2, 0xa4, 0x74, 0xb5, 0x94, 0xb5,
    0x95, 0xb5, 0x95, 0xb5, 0x94, 0xb5, 0x94, 0xb5, 0x74, 0xb5, 0x13, 0xa5,
    0x74, 0xb5, 0x94, 0xb5, 0x75, 0xad, 0x74, 0xad, 0x95, 0xb5, 0x95, 0xb5,
    0x95, 0xb5, 0x95, 0xb5, 0x95, 0xb5, 0x95, 0xb5, 0x95, 0xb5, 0x95, 0xb5,
    0x95, 0xb5, 0x94, 0xb5, 0x95, 0xb5, 0x96, 0xb5, 0x75, 0xb5, 0x95, 0xb5,
    0x95, 0xb5, 0x96, 0xb5, 0x95, 0xb5, 0x95, 0xb5, 0x75, 0xb5, 0x95, 0xbd,
    0x95, 0xb5, 0x95, 0xbd, 0x95, 0xb5, 0x96, 0xb5, 0x96, 0xbd, 0x95, 0xb5,
    0x95, 0xb5, 0x95, 0xb5, 0x95, 0xb5, 0x95, 0xb5, 0x95, 0xb5, 0x96, 0xb5,
    0x75, 0xb5, 0x95, 0xb5, 0x76, 0xb5, 0x75, 0xb5, 0x95, 0xbd, 0x75, 0xb5,
    0x75, 0xb5, 0x95, 0xbd, 0x75, 0xbd, 0x75, 0xb5, 0x75, 0xb5, 0x75, 0xb5,
    0x75, 0xb5, 0x95, 0xbd, 0x95, 0xbd, 0x95, 0xbd, 0x95, 0xb5, 0x95, 0xbd,
    0x95, 0xbd, 0x96, 0xb5, 0x95, 0xb5, 0x95, 0xb5, 0x95, 0xb5, 0x95, 0xbd,
    0x95, 0xb5, 0x95, 0xb5, 0x95, 0xb5, 0x74, 0xb5, 0x75, 0xb5, 0x96, 0xb5,
    0x95, 0xb5, 0x96, 0xb5, 0x96, 0xb5, 0x95, 0xb5, 0x95, 0xb5, 0x95, 0xb5,
    0x95, 0xb5, 0x95, 0xb5, 0x95, 0xb5, 0x95, 0xb5, 0x95, 0xb5, 0x95, 0xb5,
    0x95, 0xb5, 0x95, 0xb5, 0x95, 0xb5, 0x95, 0xb5, 0x95, 0xb5, 0x95, 0xb5,
    0x95, 0xb5, 0x95, 0xb5, 0xb6, 0xbd, 0x95, 0xb5, 0xb5, 0xb5, 0xb5, 0xb5,
    0xb5, 0xb5, 0xb5, 0xbd, 0xb5, 0xb5, 0x95, 0xb5, 0x96, 0xbd, 0x96, 0xb5,
    0x96, 0xb5, 0x95, 0xb5, 0xb5, 0xbd, 0xb6, 0xbd, 0xb5, 0xbd, 0xb5, 0xbd,
    0x95, 0xb5, 0x95, 0xb5, 0xb5, 0xbd, 0xb5, 0xb5, 0x95, 0xb5, 0x95, 0xbd,
    0xb5, 0xb5, 0xb5, 0xbd, 0xb6, 0xbd, 0xb6, 0xbd, 0xd6, 0xbd, 0xb6, 0xb5,
    0xb6, 0xbd, 0xd6, 0xbd, 0x33, 0xb5, 0xad, 0x83, 0x4c, 0x83, 0x70, 0x9c,
    0x70, 0x94, 0x50, 0x94, 0xb1, 0x9c, 0xd1, 0x9c, 0xf1, 0xa4, 0x12, 0xa5,
    0x12, 0xad, 0x33, 0xad, 0x33, 0xad, 0x13, 0xad, 0x13, 0xad, 0x13, 0xad,
    0x34, 0xb5, 0x33, 0xad, 0x13, 0xad, 0x33, 0xad, 0x54, 0xad, 0x34, 0xad,
    0x34, 0xad, 0x55, 0xad, 0x56, 0xad, 0x76, 0xb5, 0x96, 0xb5, 0x96, 0xb5,
    0x76, 0xb5, 0xb6, 0xb5, 0x96, 0xb5, 0xb6, 0xb5, 0xb7, 0xb5, 0xb7, 0xb5,
    0x96, 0xb5, 0x76, 0xb5, 0x96, 0xb5, 0x96, 0xb5, 0xb6, 0xbd, 0xd6, 0xc5,
    0x33, 0xad, 0xd2, 0x9c, 0x33, 0xad, 0x33, 0xad, 0x33, 0xad, 0x54, 0xb5,
    0x74, 0xb5, 0x33, 0xb5, 0x13, 0xad, 0x53, 0xb5, 0x74, 0xb5, 0x74, 0xb5,
    0x94, 0xb5, 0x37, 0xce, 0x74, 0xbd, 0xa9, 0x62, 0x07, 0x5a, 0x85, 0x51,
    0x85, 0x59, 0xc5, 0x59, 0x68, 0x6a, 0xee, 0x83, 0x2f, 0x8c, 0x91, 0x94,
    0xb2, 0x9c, 0x6d, 0x73, 0x89, 0x52, 0x8a, 0x5a, 0x20, 0x08, 0x00, 0x00,
    0x40, 0x08, 0x40, 0x10, 0x41, 0x08, 0x20, 0x08, 0x20, 0x08, 0x40, 0x08,
    0x40, 0x08, 0x41, 0x08, 0x20, 0x08, 0x03, 0x29, 0x6d, 0x73, 0xce, 0x7b,
    0x6c, 0x73, 0x8d, 0x73, 0xad, 0x7b, 0xce, 0x83, 0x8d, 0x7b, 0x6c, 0x73,
    0x4c, 0x6b, 0x6c, 0x73, 0xee, 0x8b, 0x0f, 0x8c, 0xee, 0x83, 0xad, 0x83,
    0xad, 0x7b, 0x90, 0x94, 0x91, 0x9c, 0xe2, 0x20, 0x03, 0x29, 0xe7, 0x41,
    0xa2, 0x18, 0x21, 0x08, 0x07, 0x4a, 0xc2, 0x18, 0x69, 0x52, 0x00, 0x08,
    0x20, 0x10, 0x40, 0x08, 0x20, 0x08, 0x00, 0x00, 0xc6, 0x39, 0x00, 0x08,
    0x40, 0x10, 0x21, 0x10, 0x00, 0x00, 0xad, 0x7b, 0xb1, 0x9c, 0xd6, 0xbd,
    0x95, 0xb5, 0x74, 0xb5, 0x32, 0xb5, 0x71, 0xbd, 0x51, 0xbd, 0x93, 0xc5,
    0x95, 0xbd, 0xd5, 0xbd, 0xb5, 0xbd, 0xf6, 0xc5, 0x36, 0xce, 0x37, 0xce,
    0x16, 0xc6, 0x16, 0xc6, 0x16, 0xc6, 0x16, 0xce, 0xf6, 0xc5, 0xf6, 0xcd,
    0xf5, 0xc5, 0xd6, 0xc5, 0xf6, 0xc5, 0xd5, 0xc5, 0xd5, 0xc5, 0xd5, 0xbd,
    0xd4, 0xc5, 0xd4, 0xbd, 0xb4, 0xbd, 0x93, 0xbd, 0xb4, 0xbd, 0x94, 0xb5,
    0xd4, 0xbd, 0xb4, 0xbd, 0xd5, 0xc5, 0x53, 0xb5, 0x33, 0xb5, 0xf6, 0xc5,
    0x17, 0xce, 0x58, 0xd6, 0x37, 0xce, 0x57, 0xd6, 0x78, 0xd6, 0x34, 0xc5,
    0x41, 0x60, 0x23, 0x49, 0x45, 0x31, 0x00, 0x00, 0xf1, 0xa4, 0x94, 0xbd,
    0xd1, 0xa4, 0xf1, 0xa4, 0x12, 0xad, 0x15, 0xce, 0x16, 0xc6, 0x16, 0xc6,
    0x98, 0xd6, 0x58, 0xce, 0x58, 0xd6, 0x79, 0xd6, 0xad, 0xb4, 0xa0, 0xb3,
    0xc1, 0xb3, 0xc1, 0xb3, 0xa1, 0xb3, 0x21, 0xb3, 0x41, 0xab, 0x02, 0xa3,
    0x87, 0x7a, 0xf2, 0xac, 0x0f, 0x8c, 0xd5, 0xc5, 0x1a, 0xe7, 0xd2, 0x9c,
    0x50, 0x8c, 0xd2, 0xa4, 0xb1, 0x9c, 0x71, 0x9c, 0x2b, 0x73, 0x6f, 0x9c,
    0x54, 0xb5, 0x95, 0xb5, 0x95, 0xb5, 0x94, 0xb5, 0x94, 0xb5, 0x74, 0xb5,
    0x95, 0xb5, 0x33, 0xad, 0x33, 0xad, 0x94, 0xb5, 0x75, 0xad, 0x95, 0xb5,
    0x74, 0xb5, 0x95, 0xb5, 0x95, 0xb5, 0x95, 0xb5, 0x95, 0xb5, 0x95, 0xb5,
    0x95, 0xb5, 0x95, 0xb5, 0x95, 0xb5, 0x95, 0xb5, 0x95, 0xb5, 0x95, 0xb5,
    0x75, 0xb5, 0x96, 0xb5, 0x75, 0xb5, 0x75, 0xb5, 0x95, 0xb5, 0x75, 0xb5,
    0x74, 0xb5, 0x95, 0xb5, 0xb5, 0xb5, 0x95, 0xb5, 0x95, 0xb5, 0x95, 0xb5,
    0x95, 0xb5, 0x95, 0xb5, 0x95, 0xb5, 0x75, 0xb5, 0x95, 0xb5, 0x95, 0xb5,
    0x75, 0xb5, 0x96, 0xb5, 0x95, 0xb5, 0x95, 0xb5, 0x95, 0xb5, 0x95, 0xb5,
    0x95, 0xb5, 0x75, 0xb5, 0x96, 0xb5, 0x75, 0xb5, 0x95, 0xb5, 0x75, 0xb5,
    0x75, 0xb5, 0x95, 0xbd, 0x96, 0xb5, 0x96, 0xb5, 0x75, 0xb5, 0x96, 0xbd,
    0x96, 0xbd, 0x95, 0xb5, 0x96, 0xbd, 0x95, 0xbd, 0x95, 0xb5, 0x95, 0xbd,
    0x95, 0xb5, 0x95, 0xbd, 0x95, 0xb5, 0x95, 0xb5, 0x95, 0xbd, 0x74, 0xb5,
    0x75, 0xb5, 0x95, 0xb5, 0x95, 0xb5, 0x96, 0xb5, 0x96, 0xb5, 0x95, 0xbd,
    0x95, 0xb5, 0x95, 0xb5, 0x95, 0xb5, 0x95, 0xb5, 0x95, 0xb5, 0x95, 0xb5,
    0x95, 0xb5, 0x74, 0xb5, 0x95, 0xb5, 0x75, 0xb5, 0x75, 0xb5, 0x95, 0xb5,
    0x95, 0xb5, 0x95, 0xb5, 0x95, 0xb5, 0x96, 0xb5, 0xb6, 0xb5, 0x95, 0xbd,
    0xb5, 0xb5, 0xb5, 0xb5, 0x95, 0xbd, 0xb5, 0xb5, 0xb5, 0xbd, 0xb5, 0xb5,
    0x96, 0xb5, 0x95, 0xbd, 0xb6, 0xbd, 0xb6, 0xbd, 0xb6, 0xbd, 0xb6, 0xb5,
    0xb5, 0xbd, 0xb5, 0xbd, 0xb5, 0xb5, 0xb5, 0xb5, 0x95, 0xb5, 0x95, 0xb5,
    0xb5, 0xbd, 0xb5, 0xb5, 0xb5, 0xbd, 0xb5, 0xb5, 0xd6, 0xbd, 0xd6, 0xbd,
    0xb6, 0xb5, 0xd6, 0xbd, 0xb6, 0xbd, 0xb6, 0xbd, 0xb6, 0xbd, 0xb5, 0xc5,
    0x4d, 0x83, 0x07, 0x52, 0xad, 0x83, 0xb1, 0x9c, 0xb1, 0x9c, 0xb1, 0x9c,
    0xb1, 0x9c, 0x91, 0x9c, 0xb1, 0x9c, 0xb1, 0x9c, 0xd1, 0xa4, 0xf2, 0xa4,
    0x12, 0xad, 0x33, 0xad, 0x33, 0xad, 0x13, 0xad, 0x13, 0xad, 0x33, 0xad,
    0x33, 0xad, 0x13, 0xad, 0x34, 0xb5, 0x34, 0xad, 0x55, 0xad, 0x75, 0xad,
    0x76, 0xb5, 0x76, 0xad, 0x76, 0xad, 0x76, 0xb5, 0x76, 0xad, 0x56, 0xad,
    0x55, 0xad, 0x75, 0xad, 0x95, 0xbd, 0x76, 0xb5, 0x55, 0xb5, 0x34, 0xad,
    0x34, 0xad, 0xf2, 0xa4, 0x53, 0xad, 0x53, 0xb5, 0x54, 0xb5, 0x33, 0xb5,
    0x33, 0xad, 0x12, 0xad, 0x12, 0xad, 0x12, 0xa5, 0x33, 0xad, 0x54, 0xb5,
    0xb5, 0xbd, 0xf6, 0xcd, 0xef, 0x8b, 0x44, 0x49, 0xa1, 0x38, 0x43, 0x51,
    0x23, 0x49, 0x28, 0x62, 0x2b, 0x7b, 0x50, 0x94, 0xd2, 0x9c, 0xd2, 0x9c,
    0xb2, 0x9c, 0xb2, 0x9c, 0xd2, 0x9c, 0xf3, 0xa4, 0xf3, 0xa4, 0x13, 0xa5,
    0x92, 0x9c, 0x4c, 0x6b, 0xc7, 0x41, 0x81, 0x10, 0x00, 0x00, 0x00, 0x00,
    0x00, 0x08, 0x20, 0x08, 0x40, 0x08, 0x40, 0x08, 0x41, 0x10, 0x81, 0x10,
    0x00, 0x00, 0x69, 0x52, 0x8d, 0x73, 0xad, 0x7b, 0x8d, 0x7b, 0xad, 0x7b,
    0xee, 0x83, 0xad, 0x7b, 0x8d, 0x73, 0x4c, 0x73, 0xcd, 0x83, 0x0f, 0x8c,
    0x0f, 0x8c, 0xce, 0x83, 0x8d, 0x7b, 0xce, 0x83, 0x0f, 0x8c, 0x85, 0x39,
    0x81, 0x18, 0x82, 0x18, 0x69, 0x52, 0x00, 0x00, 0x61, 0x10, 0x44, 0x29,
    0xa6, 0x39, 0x61, 0x10, 0x20, 0x10, 0x40, 0x08, 0x40, 0x08, 0x20, 0x00,
    0x65, 0x31, 0x82, 0x18, 0x21, 0x10, 0x20, 0x10, 0x00, 0x00, 0x4c, 0x6b,
    0x12, 0xa5, 0xd5, 0xbd, 0x95, 0xbd, 0x74, 0xb5, 0x52, 0xb5, 0x51, 0xbd,
    0x92, 0xc5, 0x94, 0xbd, 0x95, 0xbd, 0xd5, 0xc5, 0x95, 0xbd, 0x16, 0xc6,
    0x16, 0xce, 0x16, 0xc6, 0x16, 0xc6, 0x16, 0xc6, 0x16, 0xc6, 0x16, 0xce,
    0xf6, 0xc5, 0xf6, 0xcd, 0xd5, 0xc5, 0xd5, 0xc5, 0xf6, 0xc5, 0xd5, 0xc5,
    0xd5, 0xc5, 0xd5, 0xc5, 0xd5, 0xc5, 0xd5, 0xc5, 0xb4, 0xbd, 0xb4, 0xbd,
    0x94, 0xbd, 0x94, 0xbd, 0xb4, 0xbd, 0xd4, 0xc5, 0xd5, 0xc5, 0x94, 0xbd,
    0x13, 0xad, 0xb5, 0xbd, 0xf6, 0xc5, 0x95, 0xbd, 0x58, 0xd6, 0x37, 0xd6,
    0x57, 0xce, 0xd9, 0xde, 0x44, 0x51, 0xe2, 0x30, 0xe3, 0x28, 0x81, 0x18,
    0x98, 0xd6, 0x33, 0xad, 0xb1, 0x9c, 0x73, 0xb5, 0xd4, 0xbd, 0x94, 0xbd,
    0xb0, 0x9c, 0x16, 0xc6, 0x16, 0xce, 0x37, 0xce, 0x78, 0xd6, 0xba, 0xde,
    0xed, 0xb4, 0x80, 0xab, 0xa2, 0xbb, 0xa1, 0xb3, 0xa1, 0xb3, 0x21, 0xb3,
    0x21, 0xab, 0x40, 0xb3, 0xc2, 0x9a, 0xc8, 0x7a, 0x8f, 0x94, 0xef, 0x9b,
    0xb9, 0xe6, 0x94, 0xb5, 0x30, 0x8c, 0x91, 0x9c, 0x91, 0x9c, 0xb1, 0x9c,
    0x6c, 0x73, 0xed, 0x8b, 0x33, 0xad, 0x95, 0xbd, 0x94, 0xb5, 0x95, 0xbd,
    0x94, 0xb5, 0x95, 0xb5, 0x74, 0xb5, 0x53, 0xad, 0x13, 0xa5, 0x74, 0xb5,
    0x75, 0xb5, 0x95, 0xb5, 0x75, 0xad, 0x75, 0xb5, 0x95, 0xb5, 0x95, 0xb5,
    0x95, 0xb5, 0x95, 0xb5, 0x95, 0xb5, 0x95, 0xb5, 0x95, 0xb5, 0x95, 0xb5,
    0x75, 0xb5, 0x75, 0xb5, 0x95, 0xb5, 0x95, 0xb5, 0x95, 0xb5, 0x75, 0xb5,
    0x95, 0xb5, 0x75, 0xb5, 0x74, 0xb5, 0x94, 0xbd, 0x94, 0xb5, 0x95, 0xbd,
    0xb5, 0xb5, 0x95, 0xb5, 0x95, 0xb5, 0x95, 0xb5, 0x95, 0xb5, 0x75, 0xb5,
    0x75, 0xb5, 0x96, 0xbd, 0x95, 0xb5, 0x75, 0xb5, 0x75, 0xb5, 0x75, 0xb5,
    0x95, 0xb5, 0x75, 0xb5, 0x95, 0xb5, 0x75, 0xb5, 0x95, 0xb5, 0x75, 0xb5,
    0x96, 0xb5, 0x96, 0xbd, 0x95, 0xb5, 0x95, 0xbd, 0x96, 0xbd, 0x95, 0xb5,
    0x75, 0xb5, 0x96, 0xbd, 0x95, 0xbd, 0x96, 0xb5, 0x96, 0xbd, 0x95, 0xbd,
    0x95, 0xb5, 0x95, 0xbd, 0x95, 0xbd, 0x95, 0xb5, 0x95, 0xb5, 0x95, 0xbd,
    0x74, 0xb5, 0x54, 0xb5, 0x75, 0xb5, 0x95, 0xb5, 0x75, 0xb5, 0x95, 0xb5,
    0x95, 0xb5, 0x95, 0xb5, 0x95, 0xb5, 0x95, 0xb5, 0x95, 0xbd, 0x95, 0xb5,
    0xb5, 0xb5, 0x95, 0xb5, 0x95, 0xb5, 0x95, 0xb5, 0x95, 0xb5, 0x75, 0xb5,
    0x95, 0xb5, 0x95, 0xb5, 0x96, 0xb5, 0x96, 0xb5, 0x95, 0xb5, 0x96, 0xb5,
    0x96, 0xbd, 0x95, 0xb5, 0xb5, 0xbd, 0xb5, 0xbd, 0x95, 0xb5, 0xb5, 0xb5,
    0xb5, 0xbd, 0x95, 0xb5, 0xb5, 0xbd, 0xb5, 0xbd, 0xb5, 0xb5, 0xb6, 0xbd,
    0xd5, 0xb5, 0xb6, 0xbd, 0xb5, 0xb5, 0xb6, 0xbd, 0xb5, 0xbd, 0xb5, 0xbd,
    0xb5, 0xb5, 0xb6, 0xbd, 0xb5, 0xbd, 0xb5, 0xb5, 0xb5, 0xb5, 0xb5, 0xbd,
    0xb5, 0xb5, 0xb6, 0xb5, 0xb6, 0xbd, 0xd5, 0xbd, 0xd6, 0xbd, 0xb5, 0xb5,
    0xb6, 0xbd, 0xb6, 0xbd, 0xf6, 0xc5, 0x54, 0xb5, 0xeb, 0x72, 0x27, 0x52,
    0x4c, 0x7b, 0x71, 0x9c, 0xb1, 0xa4, 0xb1, 0x9c, 0xb1, 0x9c, 0xb1, 0x9c,
    0xd1, 0xa4, 0xd1, 0x9c, 0xf1, 0xa4, 0xf2, 0xac, 0x13, 0xad, 0x13, 0xad,
    0x13, 0xad, 0x33, 0xad, 0x33, 0xb5, 0x34, 0xb5, 0x33, 0xb5, 0x33, 0xad,
    0x33, 0xad, 0x34, 0xad, 0x54, 0xad, 0x54, 0xad, 0x75, 0xad, 0x75, 0xb5,
    0x55, 0xad, 0x75, 0xb5, 0x95, 0xb5, 0x74, 0xb5, 0x33, 0xad, 0x33, 0xad,
    0x33, 0xb5, 0x53, 0xb5, 0x53, 0xb5, 0x74, 0xb5, 0x33, 0xb5, 0xf2, 0xa4,
    0xf2, 0xa4, 0xf2, 0xa4, 0x12, 0xad, 0x13, 0xad, 0x33, 0xad, 0x74, 0xb5,
    0x13, 0xad, 0xf2, 0xa4, 0x88, 0x52, 0xa2, 0x20, 0x03, 0x39, 0xc6, 0x59,
    0x89, 0x6a, 0xce, 0x8b, 0x92, 0xa4, 0x91, 0x9c, 0xd2, 0x9c, 0xb2, 0x94,
    0xb1, 0x94, 0x91, 0x94, 0xb2, 0x9c, 0xb2, 0x9c, 0xf3, 0xa4, 0x13, 0xa5,
    0xf3, 0xa4, 0x13, 0xa5, 0x13, 0xa5, 0xf3, 0xa4, 0xd3, 0xa4, 0xf3, 0xa4,
    0x30, 0x8c, 0x8a, 0x5a, 0x03, 0x21, 0x20, 0x08, 0x00, 0x00, 0x00, 0x00,
    0x20, 0x08, 0x41, 0x08, 0x40, 0x08, 0x40, 0x08, 0xcf, 0x7b, 0xad, 0x7b,
    0x8d, 0x73, 0xad, 0x73, 0xae, 0x7b, 0xce, 0x7b, 0xad, 0x7b, 0x6c, 0x73,
    0xad, 0x7b, 0xee, 0x8b, 0xee, 0x83, 0xce, 0x83, 0x8d, 0x7b, 0x8d, 0x7b,
    0x50, 0x94, 0x43, 0x31, 0x61, 0x10, 0x81, 0x10, 0xe3, 0x20, 0xc6, 0x41,
    0x00, 0x00, 0xc2, 0x20, 0xc2, 0x20, 0x03, 0x29, 0x00, 0x08, 0x20, 0x00,
    0x20, 0x08, 0x00, 0x08, 0x20, 0x08, 0xe7, 0x41, 0x21, 0x10, 0x41, 0x10,
    0x00, 0x08, 0x0b, 0x63, 0x54, 0xad, 0xb5, 0xbd, 0x74, 0xb5, 0x74, 0xb5,
    0x72, 0xb5, 0x51, 0xbd, 0x92, 0xbd, 0x93, 0xbd, 0xb5, 0xbd, 0x95, 0xbd,
    0x74, 0xb5, 0xf6, 0xc5, 0x16, 0xc6, 0x16, 0xc6, 0x16, 0xce, 0x16, 0xc6,
    0x16, 0xc6, 0x16, 0xc6, 0xf6, 0xcd, 0xf6, 0xc5, 0xf6, 0xc5, 0xd5, 0xc5,
    0xf6, 0xc5, 0xd5, 0xc5, 0xf6, 0xc5, 0xd5, 0xc5, 0xf4, 0xc5, 0xd5, 0xc5,
    0xd5, 0xc5, 0xb4, 0xbd, 0xb4, 0xbd, 0xb4, 0xbd, 0xb4, 0xbd, 0xd4, 0xbd,
    0xb5, 0xbd, 0xf5, 0xc5, 0x54, 0xb5, 0x33, 0xad, 0xb5, 0xbd, 0x75, 0xbd,
    0xf7, 0xc5, 0x58, 0xd6, 0x37, 0xd6, 0x57, 0xce, 0x58, 0xd6, 0x0b, 0x6b,
    0xc6, 0x41, 0x37, 0xd6, 0xf6, 0xc5, 0xf6, 0xc5, 0xb5, 0xc5, 0x95, 0xb5,
    0x33, 0xad, 0x17, 0xce, 0x94, 0xbd, 0xf5, 0xc5, 0xb4, 0xbd, 0xd5, 0xc5,
    0xb4, 0xc5, 0x8f, 0x9c, 0x71, 0xcd, 0xc3, 0xb3, 0x82, 0xa3, 0xa3, 0xb3,
    0xa2, 0xb3, 0x00, 0xab, 0x40, 0xab, 0x20, 0xab, 0x40, 0xb3, 0xe1, 0x9a,
    0x2b, 0x83, 0x70, 0x9c, 0x2f, 0x9c, 0xb9, 0xe6, 0x90, 0x94, 0x50, 0x94,
    0x91, 0x9c, 0x91, 0x9c, 0xad, 0x83, 0x8c, 0x83, 0xd1, 0xa4, 0x95, 0xb5,
    0x94, 0xb5, 0x95, 0xb5, 0x94, 0xb5, 0x74, 0xb5, 0x94, 0xb5, 0x53, 0xad,
    0xb1, 0x9c, 0x74, 0xb5, 0x74, 0xb5, 0x74, 0xad, 0x74, 0xad, 0x95, 0xb5,
    0x74, 0xad, 0x95, 0xb5, 0x95, 0xb5, 0x95, 0xb5, 0x95, 0xb5, 0x74, 0xb5,
    0x75, 0xb5, 0x95, 0xb5, 0x95, 0xb5, 0x95, 0xb5, 0x95, 0xb5, 0x95, 0xb5,
    0x95, 0xb5, 0x95, 0xb5, 0x95, 0xb5, 0x75, 0xb5, 0x74, 0xb5, 0x94, 0xb5,
    0x94, 0xb5, 0x95, 0xbd, 0x95, 0xb5, 0x95, 0xb5, 0x95, 0xb5, 0x95, 0xb5,
    0x95, 0xb5, 0x95, 0xb5, 0x95, 0xb5, 0x75, 0xb5, 0x75, 0xb5, 0x95, 0xb5,
    0x96, 0xb5, 0x75, 0xb5, 0x75, 0xb5, 0x95, 0xb5, 0x95, 0xb5, 0x75, 0xb5,
    0x95, 0xb5, 0x95, 0xb5, 0x96, 0xb5, 0x95, 0xb5, 0x96, 0xbd, 0x95, 0xb5,
    0x95, 0xb5, 0x95, 0xb5, 0x75, 0xb5, 0x96, 0xbd, 0x95, 0xb5, 0x95, 0xbd,
    0x96, 0xbd, 0x95, 0xb5, 0x95, 0xb5, 0x95, 0xbd, 0x95, 0xb5, 0x95, 0xbd,
    0x95, 0xb5, 0x95, 0xb5, 0x75, 0xb5, 0x94, 0xb5, 0x75, 0xb5, 0x95, 0xb5,
    0x95, 0xb5, 0x96, 0xb5, 0x96, 0xb5, 0x95, 0xbd, 0xb5, 0xb5, 0x95, 0xb5,
    0x95, 0xb5, 0xb5, 0xb5, 0x95, 0xb5, 0x95, 0xb5, 0x94, 0xb5, 0x95, 0xb5,
    0x95, 0xb5, 0x95, 0xb5, 0x95, 0xb5, 0x95, 0xb5, 0x96, 0xb5, 0x95, 0xb5,
    0x95, 0xb5, 0x95, 0xb5, 0xb6, 0xbd, 0x95, 0xb5, 0xb5, 0xb5, 0xb5, 0xb5,
    0xb5, 0xb5, 0xb5, 0xbd, 0xb5, 0xb5, 0x95, 0xb5, 0xb6, 0xbd, 0xb5, 0xb5,
    0xd6, 0xbd, 0xd6, 0xbd, 0xd6, 0xbd, 0xd6, 0xbd, 0xb5, 0xb5, 0xb5, 0xb5,
    0xb5, 0xbd, 0xb6, 0xbd, 0xb5, 0xb5, 0xb5, 0xbd, 0xb5, 0xbd, 0xb5, 0xb5,
    0xb6, 0xbd, 0xb5, 0xbd, 0xb5, 0xb5, 0xb5, 0xb5, 0xb5, 0xbd, 0xb5, 0xb5,
    0xb5, 0xb5, 0xb6, 0xbd, 0xd6, 0xbd, 0xd6, 0xbd, 0xd6, 0xbd, 0xb6, 0xbd,
    0xd6, 0xbd, 0x34, 0xb5, 0x6d, 0x7b, 0xa9, 0x62, 0x90, 0x9c, 0xb0, 0xa4,
    0x6f, 0x9c, 0x90, 0x9c, 0x91, 0x9c, 0xb1, 0x9c, 0xb1, 0x9c, 0xd2, 0xa4,
    0x12, 0xad, 0x53, 0xb5, 0x13, 0xad, 0x13, 0xad, 0x13, 0xad, 0x13, 0xad,
    0x13, 0xb5, 0x33, 0xad, 0x33, 0xad, 0x33, 0xad, 0x33, 0xad, 0x33, 0xad,
    0x33, 0xad, 0x33, 0xa5, 0x53, 0xad, 0x53, 0xad, 0x33, 0xad, 0x33, 0xb5,
    0x53, 0xb5, 0x73, 0xb5, 0x53, 0xbd, 0x32, 0xbd, 0x33, 0xad, 0xf2, 0xa4,
    0xf2, 0xac, 0xf2, 0xa4, 0xf2, 0xa4, 0xf2, 0xa4, 0x13, 0xad, 0x33, 0xad,
    0xea, 0x62, 0x64, 0x39, 0x64, 0x39, 0x85, 0x39, 0x4b, 0x7b, 0xad, 0x83,
    0x50, 0x9c, 0xb2, 0x9c, 0xb2, 0x9c, 0xb2, 0x94, 0xb1, 0x94, 0xb1, 0x9c,
    0x91, 0x94, 0x92, 0x9c, 0x91, 0x9c, 0xb1, 0x94, 0xb2, 0x9c, 0xb2, 0x9c,
    0xd3, 0x9c, 0x14, 0xad, 0x54, 0xad, 0x75, 0xb5, 0x95, 0xbd, 0x75, 0xb5,
    0x54, 0xad, 0x34, 0xad, 0x34, 0xad, 0x54, 0xad, 0xf3, 0xa4, 0x2c, 0x6b,
    0x69, 0x52, 0x28, 0x4a, 0x20, 0x08, 0x00, 0x00, 0x20, 0x08, 0x20, 0x08,
    0x04, 0x29, 0xae, 0x7b, 0x8d, 0x7b, 0x8d, 0x73, 0x8d, 0x7b, 0xad, 0x7b,
    0xae, 0x7b, 0xef, 0x8b, 0xce, 0x83, 0xce, 0x83, 0xee, 0x83, 0xce, 0x83,
    0xad, 0x7b, 0x6d, 0x73, 0xce, 0x83, 0x0b, 0x6b, 0x20, 0x08, 0x82, 0x18,
    0xa2, 0x18, 0x85, 0x39, 0xe3, 0x20, 0x00, 0x08, 0xc3, 0x20, 0xe3, 0x20,
    0x41, 0x10, 0x20, 0x08, 0x20, 0x08, 0x20, 0x00, 0x82, 0x10, 0x68, 0x52,
    0x44, 0x31, 0xc3, 0x20, 0x40, 0x10, 0x68, 0x52, 0x53, 0xad, 0x95, 0xbd,
    0x94, 0xb5, 0x94, 0xb5, 0x72, 0xb5, 0x51, 0xbd, 0x92, 0xbd, 0x72, 0xbd,
    0xb5, 0xbd, 0x94, 0xb5, 0x33, 0xad, 0xd6, 0xc5, 0x16, 0xc6, 0x16, 0xc6,
    0x17, 0xce, 0x17, 0xc6, 0x16, 0xc6, 0x16, 0xc6, 0x16, 0xce, 0xf6, 0xc5,
    0xf6, 0xc5, 0xd5, 0xc5, 0xf6, 0xc5, 0xf6, 0xc5, 0xf6, 0xc5, 0xf5, 0xc5,
    0xf5, 0xc5, 0xd5, 0xc5, 0xf5, 0xc5, 0xd4, 0xbd, 0xd4, 0xbd, 0xb4, 0xbd,
    0xb4, 0xbd, 0xb4, 0xbd, 0xd4, 0xbd, 0x16, 0xce, 0x95, 0xbd, 0x54, 0xb5,
    0x34, 0xad, 0x34, 0xad, 0x75, 0xb5, 0xd6, 0xc5, 0x37, 0xce, 0x17, 0xce,
    0xf7, 0xc5, 0x17, 0xce, 0x37, 0xd6, 0xb6, 0xc5, 0xd5, 0xbd, 0xd6, 0xc5,
    0xd5, 0xc5, 0x55, 0xbd, 0x75, 0xbd, 0xe7, 0x49, 0x20, 0x10, 0x6f, 0x9c,
    0x55, 0xde, 0x93, 0xc5, 0x2d, 0xc5, 0x00, 0x6a, 0x63, 0x8b, 0xe4, 0xb3,
    0x22, 0x72, 0x40, 0x49, 0x63, 0xa3, 0x20, 0xa3, 0xe0, 0xa2, 0x21, 0xab,
    0x41, 0xab, 0x41, 0xab, 0x42, 0xa3, 0x0d, 0x94, 0x91, 0xa4, 0x91, 0xa4,
    0x54, 0xb5, 0x2f, 0x8c, 0x71, 0x9c, 0x91, 0x9c, 0x0f, 0x8c, 0x8d, 0x83,
    0x70, 0x9c, 0x54, 0xb5, 0x95, 0xb5, 0x95, 0xb5, 0x95, 0xb5, 0x95, 0xb5,
    0x75, 0xb5, 0x74, 0xb5, 0xb1, 0x9c, 0xf2, 0xa4, 0x95, 0xb5, 0x75, 0xb5,
    0x74, 0xad, 0x74, 0xb5, 0x74, 0xad, 0x74, 0xb5, 0x95, 0xb5, 0x95, 0xb5,
    0x75, 0xad, 0x95, 0xb5, 0x75, 0xb5, 0x75, 0xad, 0x95, 0xb5, 0x95, 0xb5,
    0x96, 0xb5, 0x76, 0xb5, 0x95, 0xb5, 0x95, 0xb5, 0x75, 0xb5, 0x75, 0xb5,
    0x75, 0xb5, 0xb5, 0xb5, 0x94, 0xb5, 0x94, 0xb5, 0x95, 0xb5, 0x95, 0xb5,
    0x95, 0xb5, 0x95, 0xb5, 0x95, 0xb5, 0x95, 0xb5, 0x75, 0xb5, 0x75, 0xb5,
    0x75, 0xb5, 0x75, 0xb5, 0x75, 0xb5, 0x75, 0xb5, 0x95, 0xb5, 0x95, 0xb5,
    0x95, 0xb5, 0x75, 0xb5, 0x95, 0xb5, 0x75, 0xb5, 0x95, 0xb5, 0x95, 0xb5,
    0x96, 0xbd, 0x96, 0xb5, 0x95, 0xb5, 0x96, 0xbd, 0x95, 0xb5, 0x95, 0xb5,
    0x96, 0xb5, 0x95, 0xb5, 0x96, 0xb5, 0x96, 0xb5, 0x95, 0xbd, 0x95, 0xb5,
    0x95, 0xb5, 0xb5, 0xbd, 0x95, 0xb5, 0x95, 0xbd, 0x74, 0xb5, 0x74, 0xb5,
    0x75, 0xb5, 0x75, 0xb5, 0x96, 0xb5, 0x96, 0xb5, 0x95, 0xb5, 0x95, 0xb5,
    0x95, 0xb5, 0x95, 0xb5, 0xb5, 0xb5, 0x95, 0xb5, 0x95, 0xb5, 0x95, 0xb5,
    0x74, 0xb5, 0x95, 0xb5, 0x95, 0xb5, 0x95, 0xb5, 0x95, 0xb5, 0x96, 0xb5,
    0x95, 0xb5, 0x95, 0xb5, 0x96, 0xb5, 0x95, 0xb5, 0xb6, 0xbd, 0x96, 0xb5,
    0xb5, 0xb5, 0xb5, 0xbd, 0x95, 0xb5, 0xb5, 0xbd, 0xb5, 0xb5, 0x95, 0xb5,
    0xb6, 0xbd, 0xb6, 0xb5, 0xb5, 0xbd, 0xb6, 0xbd, 0xb6, 0xb5, 0xd6, 0xbd,
    0xb5, 0xb5, 0xb5, 0xbd, 0xb5, 0xb5, 0xb6, 0xb5, 0xb6, 0xbd, 0xb5, 0xb5,
    0xd6, 0xbd, 0xb6, 0xbd, 0xd6, 0xbd, 0xb5, 0xb5, 0xb5, 0xb5, 0xb5, 0xbd,
    0xb5, 0xb5, 0xb5, 0xbd, 0xb5, 0xb5, 0xb6, 0xb5, 0xb6, 0xbd, 0xb6, 0xbd,
    0xb6, 0xbd, 0xb6, 0xbd, 0xb6, 0xb5, 0x96, 0xb5, 0xb5, 0xbd, 0xb5, 0xc5,
    0x33, 0xad, 0x12, 0xad, 0xf2, 0xa4, 0x2e, 0x8c, 0x0e, 0x8c, 0x50, 0x9c,
    0xb1, 0xa4, 0xd1, 0xa4, 0xb1, 0x9c, 0x50, 0x94, 0xb1, 0xa4, 0xf2, 0xa4,
    0x34, 0xb5, 0x34, 0xad, 0x54, 0xad, 0x53, 0xad, 0x54, 0xad, 0x54, 0xad,
    0x74, 0xb5, 0x74, 0xb5, 0x74, 0xb5, 0x74, 0xb5, 0x74, 0xb5, 0x74, 0xb5,
    0x33, 0xb5, 0xf1, 0xac, 0xb1, 0x9c, 0x91, 0x9c, 0xd2, 0xa4, 0x34, 0xb5,
    0x54, 0xb5, 0x54, 0xb5, 0x33, 0xb5, 0x13, 0xad, 0x33, 0xb5, 0x2f, 0x8c,
    0x50, 0x94, 0x0a, 0x6b, 0xea, 0x62, 0x6d, 0x7b, 0xae, 0x83, 0x71, 0x9c,
    0x71, 0x94, 0x91, 0x94, 0x92, 0x94, 0x71, 0x8c, 0x71, 0x94, 0x71, 0x94,
    0x91, 0x94, 0x91, 0x9c, 0x91, 0x94, 0x71, 0x94, 0x91, 0x94, 0x92, 0x94,
    0x92, 0x94, 0x92, 0x94, 0x92, 0x94, 0xf3, 0xa4, 0x13, 0xa5, 0x33, 0xad,
    0xb5, 0xbd, 0xb5, 0xbd, 0xd6, 0xc5, 0xb6, 0xbd, 0xb6, 0xbd, 0x75, 0xb5,
    0x74, 0xb5, 0x95, 0xb5, 0x54, 0xad, 0xf3, 0xa4, 0x34, 0xad, 0xeb, 0x62,
    0xc2, 0x20, 0x61, 0x10, 0x81, 0x10, 0x8a, 0x5a, 0x4c, 0x6b, 0xad, 0x7b,
    0x8d, 0x7b, 0xad, 0x7b, 0xad, 0x7b, 0xae, 0x83, 0x50, 0x94, 0xad, 0x7b,
    0xce, 0x83, 0xce, 0x83, 0xad, 0x7b, 0x8d, 0x7b, 0xee, 0x83, 0x37, 0xce,
    0x00, 0x08, 0x41, 0x10, 0x41, 0x10, 0x82, 0x18, 0xe7, 0x41, 0x41, 0x08,
    0x41, 0x10, 0xa2, 0x18, 0x03, 0x29, 0x00, 0x00, 0x20, 0x08, 0x20, 0x00,
    0x20, 0x10, 0xe6, 0x41, 0x44, 0x31, 0x03, 0x29, 0x85, 0x39, 0x85, 0x39,
    0xd2, 0xa4, 0xb5, 0xbd, 0x74, 0xb5, 0x74, 0xb5, 0x72, 0xbd, 0x71, 0xbd,
    0x71, 0xbd, 0x73, 0xbd, 0xd5, 0xc5, 0x94, 0xb5, 0x33, 0xad, 0xf6, 0xc5,
    0xf6, 0xc5, 0xf6, 0xc5, 0x16, 0xc6, 0x17, 0xc6, 0x16, 0xc6, 0x17, 0xc6,
    0x16, 0xce, 0xf6, 0xc5, 0x16, 0xce, 0xf6, 0xc5, 0xf6, 0xc5, 0x16, 0xce,
    0xf5, 0xc5, 0xf6, 0xc5, 0xd5, 0xc5, 0xf5, 0xc5, 0xd5, 0xc5, 0xf5, 0xc5,
    0xb5, 0xbd, 0xd4, 0xc5, 0xd4, 0xc5, 0xd5, 0xc5, 0xd5, 0xc5, 0xf5, 0xc5,
    0x16, 0xce, 0x54, 0xb5, 0x55, 0xb5, 0x54, 0xb5, 0x54, 0xb5, 0x75, 0xb5,
    0x33, 0xad, 0x95, 0xbd, 0xd6, 0xc5, 0xb6, 0xc5, 0xb6, 0xc5, 0xb6, 0xc5,
    0xb5, 0xbd, 0x95, 0xbd, 0x54, 0xb5, 0x34, 0xad, 0x75, 0xb5, 0xef, 0x8b,
    0x61, 0x18, 0x80, 0x28, 0x01, 0x6a, 0x85, 0xa3, 0x24, 0xb4, 0x03, 0xb4,
    0xa1, 0xa3, 0x81, 0xab, 0x83, 0xab, 0x44, 0x93, 0x82, 0xab, 0x61, 0xab,
    0x00, 0xa3, 0xe0, 0x9a, 0x41, 0xab, 0x40, 0xab, 0x40, 0xb3, 0x61, 0x9b,
    0xca, 0x9b, 0xce, 0x9b, 0x54, 0xb5, 0x8d, 0x7b, 0xb1, 0x9c, 0x71, 0x94,
    0x70, 0x94, 0x8c, 0x83, 0x2f, 0x8c, 0x54, 0xb5, 0x94, 0xb5, 0x94, 0xb5,
    0xb5, 0xbd, 0x95, 0xb5, 0x95, 0xb5, 0x75, 0xb5, 0x13, 0xa5, 0xd2, 0x9c,
    0x95, 0xb5, 0x74, 0xb5, 0x74, 0xad, 0x74, 0xb5, 0x75, 0xb5, 0x74, 0xb5,
    0x95, 0xb5, 0x75, 0xad, 0x74, 0xb5, 0x74, 0xad, 0x95, 0xb5, 0x95, 0xb5,
    0x75, 0xb5, 0x75, 0xb5, 0x75, 0xb5, 0x75, 0xb5, 0x75, 0xb5, 0x75, 0xb5,
    0x95, 0xb5, 0x95, 0xb5, 0x74, 0xb5, 0x95, 0xb5, 0x94, 0xb5, 0x94, 0xb5,
    0x95, 0xb5, 0x75, 0xb5, 0x95, 0xb5, 0x95, 0xb5, 0x95, 0xb5, 0x95, 0xb5,
    0x95, 0xb5, 0x95, 0xb5, 0x95, 0xb5, 0x74, 0xb5, 0x74, 0xb5, 0x74, 0xb5,
    0x95, 0xb5, 0x75, 0xb5, 0x95, 0xb5, 0x75, 0xad, 0x95, 0xb5, 0x75, 0xb5,
    0x96, 0xb5, 0x95, 0xbd, 0x95, 0xb5, 0x95, 0xb5, 0x96, 0xbd, 0x95, 0xb5,
    0x75, 0xb5, 0x96, 0xb5, 0x96, 0xb5, 0x95, 0xb5, 0x95, 0xb5, 0x96, 0xb5,
    0x95, 0xbd, 0x95, 0xbd, 0x95, 0xb5, 0x95, 0xbd, 0x95, 0xb5, 0x95, 0xb5,
    0x94, 0xb5, 0x74, 0xb5, 0x95, 0xb5, 0x95, 0xb5, 0x96, 0xb5, 0xb6, 0xbd,
    0xb5, 0xb5, 0xb6, 0xbd, 0x95, 0xb5, 0x94, 0xb5, 0x95, 0xb5, 0x94, 0xb5,
    0x95, 0xb5, 0xb5, 0xb5, 0x95, 0xb5, 0x75, 0xb5, 0x95, 0xb5, 0x95, 0xb5,
    0x96, 0xb5, 0x95, 0xb5, 0x96, 0xbd, 0x96, 0xb5, 0x95, 0xb5, 0x96, 0xb5,
    0x96, 0xbd, 0x95, 0xb5, 0xb5, 0xbd, 0xb5, 0xb5, 0x95, 0xb5, 0xb5, 0xbd,
    0xb5, 0xb5, 0xb5, 0xb5, 0xb6, 0xbd, 0xb6, 0xbd, 0xb5, 0xb5, 0xd6, 0xbd,
    0xb6, 0xbd, 0xb5, 0xbd, 0xb5, 0xb5, 0xb6, 0xbd, 0xd6, 0xbd, 0xb5, 0xb5,
    0xb5, 0xbd, 0xb5, 0xb5, 0xd6, 0xbd, 0xb6, 0xbd, 0xb6, 0xb5, 0xb5, 0xbd,
    0xb5, 0xbd, 0xb5, 0xb5, 0xb5, 0xbd, 0xb5, 0xb5, 0xb5, 0xbd, 0xd6, 0xbd,
    0xd6, 0xbd, 0xf7, 0xbd, 0xd7, 0xbd, 0xd6, 0xbd, 0xb6, 0xbd, 0xb5, 0xbd,
    0xb6, 0xb5, 0xb6, 0xbd, 0xb6, 0xbd, 0xb6, 0xb5, 0xb6, 0xbd, 0x53, 0xb5,
    0x2f, 0x94, 0x4b, 0x73, 0xa9, 0x62, 0xad, 0x83, 0xb2, 0xa4, 0x91, 0xa4,
    0x50, 0x94, 0x2f, 0x94, 0x0f, 0x8c, 0x90, 0x9c, 0x13, 0xad, 0x74, 0xb5,
    0x53, 0xb5, 0x13, 0xad, 0x13, 0xa5, 0x13, 0xad, 0x13, 0xad, 0xd2, 0xac,
    0x88, 0x6a, 0xa8, 0x6a, 0x0a, 0x7b, 0x0a, 0x7b, 0xa9, 0x6a, 0x67, 0x5a,
    0x06, 0x5a, 0x44, 0x41, 0x22, 0x39, 0x02, 0x39, 0x22, 0x39, 0x84, 0x41,
    0x07, 0x52, 0xa9, 0x62, 0xaa, 0x62, 0x6c, 0x7b, 0x70, 0x9c, 0x51, 0x9c,
    0x71, 0x94, 0x70, 0x8c, 0x71, 0x94, 0x71, 0x94, 0x71, 0x94, 0x71, 0x94,
    0x71, 0x8c, 0x71, 0x8c, 0x71, 0x94, 0x71, 0x94, 0x71, 0x94, 0x91, 0x94,
    0x91, 0x94, 0x92, 0x9c, 0x92, 0x94, 0x92, 0x94, 0x30, 0x8c, 0x13, 0xa5,
    0x17, 0xc6, 0x37, 0xce, 0xd6, 0xc5, 0xb5, 0xbd, 0xb5, 0xbd, 0xd6, 0xbd,
    0xb5, 0xbd, 0x95, 0xb5, 0xb5, 0xbd, 0xb5, 0xbd, 0xb6, 0xbd, 0xb6, 0xbd,
    0x95, 0xb5, 0xd7, 0xc5, 0x38, 0xce, 0x71, 0x94, 0x8d, 0x73, 0xeb, 0x62,
    0x6c, 0x73, 0x4c, 0x6b, 0x8d, 0x73, 0xae, 0x7b, 0xad, 0x7b, 0xae, 0x7b,
    0xee, 0x83, 0xce, 0x83, 0xae, 0x7b, 0xce, 0x83, 0xae, 0x83, 0x0f, 0x8c,
    0x13, 0xad, 0xf3, 0xa4, 0x41, 0x10, 0x82, 0x18, 0x41, 0x10, 0x61, 0x10,
    0x40, 0x10, 0xe7, 0x41, 0x00, 0x08, 0xa2, 0x20, 0xa2, 0x18, 0xa2, 0x18,
    0x00, 0x08, 0x00, 0x08, 0xa5, 0x41, 0x23, 0x31, 0xa9, 0x62, 0x04, 0x29,
    0xe6, 0x49, 0x02, 0x31, 0xd2, 0x9c, 0x94, 0xbd, 0x74, 0xb5, 0x74, 0xb5,
    0x53, 0xb5, 0x72, 0xbd, 0x71, 0xbd, 0x73, 0xbd, 0xd5, 0xc5, 0x95, 0xbd,
    0x74, 0xb5, 0xd6, 0xc5, 0xf6, 0xc5, 0xf6, 0xc5, 0xf6, 0xc5, 0x16, 0xc6,
    0xf7, 0xc5, 0x17, 0xc6, 0x16, 0xce, 0xf6, 0xc5, 0x16, 0xce, 0xf6, 0xc5,
    0xf6, 0xc5, 0x16, 0xce, 0xf6, 0xc5, 0x16, 0xce, 0xf5, 0xc5, 0xf5, 0xc5,
    0xd5, 0xc5, 0xf5, 0xc5, 0xd5, 0xc5, 0xd5, 0xc5, 0xf5, 0xc5, 0xd5, 0xc5,
    0xd5, 0xbd, 0xf5, 0xc5, 0xf5, 0xc5, 0x36, 0xce, 0xb6, 0xbd, 0x54, 0xad,
    0x75, 0xb5, 0x75, 0xb5, 0x75, 0xb5, 0x54, 0xb5, 0x34, 0xb5, 0x74, 0xb5,
    0x95, 0xbd, 0x95, 0xbd, 0x95, 0xbd, 0xb5, 0xbd, 0x75, 0xbd, 0x75, 0xb5,
    0x95, 0xbd, 0xd6, 0xbd, 0xee, 0x83, 0x85, 0x41, 0xc5, 0x8a, 0x01, 0x82,
    0x83, 0x92, 0xc4, 0x9a, 0x44, 0x9b, 0xa4, 0xab, 0x61, 0xab, 0x60, 0xa3,
    0x41, 0xa3, 0x61, 0xa3, 0x41, 0xa3, 0x00, 0xa3, 0x40, 0xab, 0x61, 0xab,
    0x41, 0xb3, 0x40, 0xab, 0xa0, 0xa3, 0x67, 0x9b, 0x14, 0xbd, 0x68, 0x52,
    0x91, 0x9c, 0x71, 0x9c, 0x70, 0x9c, 0xad, 0x83, 0x2e, 0x8c, 0x54, 0xb5,
    0x94, 0xb5, 0x74, 0xb5, 0x75, 0xb5, 0x95, 0xb5, 0x95, 0xb5, 0x75, 0xb5,
    0x54, 0xb5, 0x53, 0xad, 0x74, 0xb5, 0x74, 0xad, 0x95, 0xb5, 0x74, 0xad,
    0x75, 0xad, 0x74, 0xad, 0x75, 0xb5, 0x75, 0xb5, 0x95, 0xb5, 0x74, 0xad,
    0x74, 0xad, 0x95, 0xb5, 0x74, 0xad, 0x95, 0xb5, 0x95, 0xb5, 0x95, 0xad,
    0x95, 0xb5, 0x95, 0xb5, 0x95, 0xb5, 0x95, 0xb5, 0x74, 0xb5, 0x94, 0xbd,
    0x95, 0xb5, 0x95, 0xb5, 0x95, 0xb5, 0x95, 0xb5, 0x75, 0xb5, 0x95, 0xb5,
    0x95, 0xb5, 0x95, 0xb5, 0x94, 0xb5, 0x95, 0xb5, 0x94, 0xb5, 0x95, 0xbd,
    0x95, 0xb5, 0x95, 0xbd, 0x75, 0xb5, 0x95, 0xb5, 0x95, 0xb5, 0x75, 0xb5,
    0x95, 0xb5, 0x95, 0xb5, 0x96, 0xb5, 0x96, 0xbd, 0x95, 0xb5, 0x95, 0xbd,
    0x96, 0xb5, 0x95, 0xb5, 0x95, 0xb5, 0x96, 0xb5, 0x95, 0xbd, 0x96, 0xb5,
    0x95, 0xb5, 0x95, 0xb5, 0xb5, 0xbd, 0x95, 0xb5, 0x95, 0xbd, 0x95, 0xb5,
    0x95, 0xb5, 0x95, 0xbd, 0x94, 0xb5, 0x74, 0xb5, 0x75, 0xb5, 0x95, 0xb5,
    0x95, 0xb5, 0x95, 0xb5, 0x96, 0xb5, 0x95, 0xb5, 0x95, 0xb5, 0x95, 0xb5,
    0x95, 0xb5, 0x95, 0xb5, 0x95, 0xbd, 0x95, 0xb5, 0x95, 0xb5, 0x75, 0xb5,
    0x96, 0xb5, 0x96, 0xb5, 0x95, 0xb5, 0x95, 0xb5, 0x95, 0xb5, 0x95, 0xb5,
    0x95, 0xb5, 0x95, 0xb5, 0x95, 0xb5, 0xb5, 0xb5, 0x95, 0xbd, 0x96, 0xb5,
    0xb6, 0xb5, 0x95, 0xbd, 0x96, 0xb5, 0xb5, 0xb5, 0xb5, 0xbd, 0xb5, 0xb5,
    0xb5, 0xb5, 0xb5, 0xbd, 0xb5, 0xb5, 0xb5, 0xbd, 0xb5, 0xb5, 0xb5, 0xbd,
    0xd5, 0xbd, 0xb5, 0xbd, 0xb5, 0xb5, 0xb5, 0xbd, 0xd6, 0xbd, 0xb6, 0xbd,
    0xb6, 0xbd, 0xb6, 0xbd, 0xb5, 0xbd, 0xb5, 0xb5, 0xb6, 0xb5, 0xb6, 0xbd,
    0xb6, 0xbd, 0xb6, 0xbd, 0xd6, 0xbd, 0xd6, 0xbd, 0xd6, 0xbd, 0xd6, 0xbd,
    0xd6, 0xbd, 0xd6, 0xbd, 0xd6, 0xbd, 0xd6, 0xbd, 0xb6, 0xbd, 0xb6, 0xbd,
    0xb6, 0xbd, 0xd6, 0xbd, 0x91, 0x9c, 0x4c, 0x7b, 0xea, 0x6a, 0x88, 0x62,
    0x68, 0x5a, 0x8d, 0x7b, 0x8c, 0x7b, 0x0a, 0x73, 0x4a, 0x7b, 0x26, 0x5a,
    0xe9, 0x72, 0x0a, 0x73, 0x2f, 0x9c, 0xd2, 0xac, 0x94, 0xbd, 0xf0, 0xbc,
    0xca, 0xa3, 0x44, 0x7a, 0xc1, 0x30, 0x02, 0x39, 0x03, 0x39, 0xc1, 0x38,
    0xe1, 0x48, 0x22, 0x49, 0x62, 0x51, 0x63, 0x51, 0x61, 0x51, 0x62, 0x49,
    0xe5, 0x59, 0xc9, 0x6a, 0x4b, 0x73, 0x2c, 0x73, 0x4c, 0x73, 0x4b, 0x73,
    0x30, 0x9c, 0x51, 0x9c, 0x71, 0x94, 0x91, 0x94, 0x71, 0x94, 0x71, 0x94,
    0x51, 0x8c, 0x51, 0x8c, 0x51, 0x8c, 0x71, 0x94, 0x71, 0x94, 0x51, 0x94,
    0x72, 0x94, 0x91, 0x94, 0x91, 0x94, 0x91, 0x94, 0x92, 0x9c, 0x31, 0x8c,
    0x13, 0xa5, 0x58, 0xce, 0x37, 0xce, 0x37, 0xce, 0x17, 0xce, 0x17, 0xce,
    0x37, 0xce, 0x38, 0xce, 0x17, 0xce, 0xd6, 0xc5, 0xb5, 0xbd, 0xb5, 0xb5,
    0xb5, 0xbd, 0xd5, 0xbd, 0xb5, 0xbd, 0xb5, 0xbd, 0xd6, 0xbd, 0x17, 0xc6,
    0x79, 0xd6, 0x38, 0xce, 0xf2, 0xa4, 0xee, 0x83, 0x4c, 0x6b, 0xad, 0x7b,
    0xad, 0x7b, 0xce, 0x83, 0xae, 0x7b, 0xae, 0x83, 0x8d, 0x7b, 0xce, 0x83,
    0xee, 0x83, 0xef, 0x83, 0x30, 0x8c, 0x89, 0x5a, 0x60, 0x18, 0x61, 0x18,
    0x82, 0x18, 0xa2, 0x18, 0x61, 0x10, 0x41, 0x08, 0x65, 0x31, 0x20, 0x08,
    0xa2, 0x18, 0xc3, 0x20, 0x00, 0x08, 0x20, 0x10, 0xa8, 0x82, 0x46, 0x6a,
    0xa9, 0x62, 0x86, 0x39, 0x07, 0x52, 0x43, 0x41, 0x70, 0x94, 0xb5, 0xb5,
    0x75, 0xb5, 0x94, 0xbd, 0xf1, 0xa4, 0x51, 0xbd, 0x71, 0xbd, 0x72, 0xbd,
    0xf4, 0xc5, 0xd5, 0xc5, 0xd5, 0xbd, 0xf6, 0xc5, 0xf6, 0xc5, 0xf6, 0xc5,
    0xf6, 0xc5, 0xf6, 0xc5, 0xf6, 0xc5, 0x16, 0xc6, 0xf6, 0xcd, 0xf6, 0xc5,
    0xf6, 0xc5, 0x16, 0xce, 0xf5, 0xc5, 0x16, 0xce, 0xf6, 0xc5, 0xf5, 0xc5,
    0xf5, 0xc5, 0xf5, 0xc5, 0xd4, 0xc5, 0xf5, 0xc5, 0xf5, 0xc5, 0xd5, 0xc5,
    0xd5, 0xc5, 0xf5, 0xc5, 0xd4, 0xc5, 0xf5, 0xc5, 0xf5, 0xc5, 0x16, 0xc6,
    0xf6, 0xc5, 0xb6, 0xc5, 0x54, 0xb5, 0x54, 0xb5, 0x55, 0xb5, 0x55, 0xb5,
    0x55, 0xb5, 0x54, 0xad, 0x55, 0xb5, 0x75, 0xb5, 0x75, 0xb5, 0x75, 0xb5,
    0x75, 0xb5, 0x75, 0xb5, 0x54, 0xad, 0x34, 0xad, 0x54, 0xad, 0xb5, 0xbd,
    0x2a, 0x73, 0xa8, 0xab, 0xe4, 0x92, 0x21, 0x7a, 0xc2, 0x69, 0xc1, 0x61,
    0xc6, 0xa3, 0xa4, 0xa3, 0x83, 0xab, 0x41, 0xab, 0x40, 0xa3, 0x41, 0xab,
    0x41, 0xab, 0x80, 0xab, 0x60, 0xab, 0x80, 0xab, 0x81, 0xab, 0x81, 0xab,
    0x27, 0x8b, 0xca, 0x6a, 0x49, 0x52, 0xb1, 0x9c, 0x91, 0x9c, 0xce, 0x8b,
    0x0e, 0x8c, 0x94, 0xb5, 0x95, 0xb5, 0x94, 0xb5, 0x95, 0xb5, 0x95, 0xb5,
    0x95, 0xbd, 0x95, 0xb5, 0x74, 0xb5, 0x74, 0xb5, 0x75, 0xb5, 0x74, 0xb5,
    0x94, 0xb5, 0x74, 0xb5, 0x94, 0xb5, 0x94, 0xb5, 0x75, 0xb5, 0x75, 0xad,
    0x95, 0xb5, 0x74, 0xb5, 0x75, 0xb5, 0x75, 0xb5, 0x75, 0xb5, 0x95, 0xb5,
    0x75, 0xb5, 0x75, 0xb5, 0x95, 0xb5, 0x95, 0xb5, 0x95, 0xb5, 0x95, 0xb5,
    0x75, 0xb5, 0x95, 0xb5, 0x95, 0xb5, 0x95, 0xb5, 0x94, 0xb5, 0x95, 0xb5,
    0xb5, 0xb5, 0x95, 0xb5, 0x95, 0xb5, 0x95, 0xb5, 0x75, 0xb5, 0x74, 0xb5,
    0x95, 0xbd, 0x74, 0xb5, 0x75, 0xb5, 0x74, 0xb5, 0x94, 0xb5, 0x74, 0xad,
    0x95, 0xb5, 0x75, 0xb5, 0x95, 0xb5, 0x95, 0xb5, 0x95, 0xb5, 0x95, 0xb5,
    0x96, 0xb5, 0x95, 0xb5, 0x95, 0xb5, 0x96, 0xb5, 0x95, 0xb5, 0x95, 0xb5,
    0x95, 0xb5, 0x96, 0xb5, 0x95, 0xb5, 0x96, 0xb5, 0x95, 0xb5, 0x95, 0xb5,
    0x95, 0xb5, 0x95, 0xb5, 0x95, 0xb5, 0x95, 0xb5, 0x95, 0xb5, 0x95, 0xbd,
    0x75, 0xb5, 0x95, 0xb5, 0xb6, 0xb5, 0x95, 0xb5, 0x95, 0xb5, 0x96, 0xb5,
    0x96, 0xbd, 0x95, 0xb5, 0x96, 0xb5, 0xb6, 0xbd, 0x95, 0xb5, 0x96, 0xb5,
    0x95, 0xb5, 0x95, 0xb5, 0x75, 0xb5, 0x95, 0xb5, 0x95, 0xb5, 0x96, 0xb5,
    0x95, 0xb5, 0x95, 0xb5, 0x95, 0xbd, 0xb5, 0xb5, 0x95, 0xb5, 0xb5, 0xb5,
    0x96, 0xbd, 0xb6, 0xb5, 0x96, 0xbd, 0xb6, 0xb5, 0x96, 0xb5, 0x96, 0xb5,
    0xb5, 0xbd, 0xb5, 0xb5, 0xb5, 0xb5, 0xb6, 0xbd, 0xb5, 0xb5, 0xb5, 0xb5,
    0xd5, 0xbd, 0xb5, 0xbd, 0xd5, 0xb5, 0xb5, 0xbd, 0xb6, 0xbd, 0xb6, 0xb5,
    0xd6, 0xbd, 0xd6, 0xbd, 0xb6, 0xbd, 0xb6, 0xb5, 0xd6, 0xbd, 0xb6, 0xbd,
    0x95, 0xb5, 0xb6, 0xbd, 0xb6, 0xbd, 0xd6, 0xbd, 0xd6, 0xbd, 0xd6, 0xbd,
    0xd7, 0xbd, 0xd7, 0xbd, 0xd6, 0xbd, 0xd7, 0xbd, 0xd7, 0xbd, 0xd6, 0xbd,
    0xd6, 0xbd, 0xd7, 0xbd, 0x17, 0xc6, 0xd6, 0xbd, 0xca, 0x62, 0xaa, 0x62,
    0xa9, 0x62, 0xca, 0x62, 0xa9, 0x62, 0xea, 0x6a, 0xea, 0x6a, 0x07, 0x52,
    0xa5, 0x49, 0x63, 0x49, 0x63, 0x51, 0xe7, 0x8a, 0x84, 0x8a, 0x24, 0xa3,
    0xe2, 0x9a, 0xe1, 0xaa, 0xe0, 0xb2, 0xe1, 0x9a, 0x43, 0x51, 0x01, 0x39,
    0xc5, 0x59, 0x82, 0x59, 0xa1, 0x61, 0xa1, 0x59, 0xa0, 0x59, 0xa0, 0x59,
    0x82, 0x59, 0x01, 0x49, 0xc2, 0x40, 0xa6, 0x49, 0x27, 0x52, 0xc9, 0x6a,
    0xca, 0x6a, 0xee, 0x83, 0x31, 0x94, 0x31, 0x94, 0x71, 0x94, 0x71, 0x94,
    0x71, 0x94, 0x71, 0x94, 0x50, 0x8c, 0x50, 0x8c, 0x50, 0x8c, 0x30, 0x8c,
    0x30, 0x8c, 0x71, 0x94, 0x71, 0x9c, 0x72, 0x94, 0x71, 0x94, 0x72, 0x94,
    0xb2, 0x9c, 0xd7, 0xc5, 0x38, 0xce, 0x37, 0xce, 0x17, 0xce, 0x37, 0xce,
    0x57, 0xd6, 0x38, 0xce, 0x37, 0xce, 0x37, 0xce, 0x37, 0xce, 0x38, 0xce,
    0x37, 0xce, 0x37, 0xce, 0xf6, 0xc5, 0xd6, 0xbd, 0xb5, 0xbd, 0x95, 0xb5,
    0x95, 0xb5, 0xb5, 0xbd, 0xb5, 0xbd, 0xf6, 0xbd, 0x58, 0xce, 0x58, 0xce,
    0x94, 0xb5, 0x8c, 0x73, 0xa9, 0x5a, 0x6c, 0x73, 0xce, 0x83, 0x8d, 0x7b,
    0x8d, 0x7b, 0xad, 0x7b, 0x0f, 0x8c, 0x0f, 0x8c, 0xef, 0x8b, 0x91, 0x9c,
    0x40, 0x10, 0xa1, 0x18, 0x61, 0x10, 0x41, 0x10, 0xc2, 0x18, 0x82, 0x18,
    0x82, 0x10, 0xe3, 0x20, 0x81, 0x18, 0x81, 0x18, 0x82, 0x18, 0x61, 0x10,
    0x64, 0x59, 0xe1, 0x48, 0xe2, 0x28, 0x27, 0x4a, 0x26, 0x52, 0x63, 0x39,
    0x92, 0x9c, 0x94, 0xb5, 0x74, 0xb5, 0x94, 0xbd, 0x52, 0xb5, 0x30, 0xb5,
    0x70, 0xbd, 0x72, 0xbd, 0xf4, 0xc5, 0x16, 0xce, 0xf6, 0xc5, 0xd6, 0xc5,
    0xf6, 0xc5, 0xf6, 0xc5, 0xf6, 0xc5, 0xf6, 0xc5, 0xf6, 0xc5, 0x16, 0xc6,
    0xf6, 0xcd, 0x16, 0xce, 0xf5, 0xc5, 0x16, 0xce, 0xf5, 0xc5, 0x16, 0xce,
    0xf6, 0xcd, 0xf5, 0xc5, 0xf6, 0xc5, 0xf5, 0xc5, 0xf5, 0xc5, 0xf5, 0xc5,
    0x16, 0xc6, 0xf5, 0xc5, 0xf5, 0xc5, 0xd5, 0xc5, 0xd5, 0xc5, 0xd5, 0xc5,
    0xf5, 0xc5, 0xf6, 0xcd, 0xf5, 0xc5, 0xf6, 0xc5, 0xd6, 0xc5, 0x95, 0xbd,
    0x75, 0xb5, 0x54, 0xb5, 0x54, 0xb5, 0x54, 0xad, 0x55, 0xad, 0x75, 0xb5,
    0x74, 0xad, 0x55, 0xb5, 0x54, 0xad, 0x54, 0xad, 0x75, 0xb5, 0x55, 0xb5,
    0x54, 0xb5, 0x54, 0xb5, 0x75, 0xbd, 0xd2, 0xa4, 0xaa, 0x9b, 0xe4, 0x92,
    0x85, 0x92, 0x85, 0x92, 0x62, 0x59, 0xa3, 0x51, 0x22, 0x72, 0xe3, 0x9a,
    0xa3, 0xb3, 0x80, 0xab, 0x41, 0xab, 0x80, 0xab, 0x80, 0xab, 0xa1, 0xab,
    0x81, 0xab, 0x80, 0xab, 0xc1, 0xab, 0xc3, 0x8a, 0x87, 0x6a, 0xeb, 0x6a,
    0xb2, 0x9c, 0xcd, 0x8b, 0x0e, 0x8c, 0x95, 0xb5, 0x94, 0xbd, 0x94, 0xb5,
    0x75, 0xb5, 0x74, 0xb5, 0x75, 0xb5, 0x95, 0xb5, 0x74, 0xb5, 0x74, 0xb5,
    0x95, 0xb5, 0x95, 0xb5, 0x94, 0xb5, 0x95, 0xb5, 0x94, 0xb5, 0x94, 0xb5,
    0x95, 0xb5, 0x94, 0xad, 0x94, 0xb5, 0x74, 0xb5, 0x94, 0xad, 0x74, 0xad,
    0x95, 0xb5, 0x95, 0xb5, 0x75, 0xb5, 0x95, 0xb5, 0x75, 0xb5, 0x75, 0xb5,
    0x95, 0xb5, 0x75, 0xb5, 0x75, 0xb5, 0x95, 0xb5, 0x75, 0xb5, 0x75, 0xb5,
    0x95, 0xb5, 0x95, 0xb5, 0x95, 0xb5, 0x95, 0xb5, 0x95, 0xb5, 0xb5, 0xb5,
    0x74, 0xb5, 0x75, 0xb5, 0x74, 0xb5, 0x74, 0xb5, 0x74, 0xb5, 0x75, 0xb5,
    0x94, 0xb5, 0x94, 0xb5, 0x95, 0xb5, 0x75, 0xad, 0x95, 0xb5, 0x95, 0xb5,
    0x95, 0xb5, 0x95, 0xb5, 0x96, 0xb5, 0x95, 0xb5, 0x95, 0xb5, 0x96, 0xb5,
    0x95, 0xb5, 0x95, 0xb5, 0x95, 0xb5, 0x95, 0xb5, 0x95, 0xb5, 0x96, 0xbd,
    0x95, 0xb5, 0xb5, 0xb5, 0xb5, 0xb5, 0xb5, 0xb5, 0xb5, 0xb5, 0x95, 0xb5,
    0x95, 0xb5, 0x74, 0xb5, 0x75, 0xb5, 0x95, 0xb5, 0x96, 0xb5, 0x96, 0xb5,
    0x95, 0xbd, 0x96, 0xb5, 0xb5, 0xb5, 0x96, 0xbd, 0x95, 0xb5, 0x95, 0xb5,
    0x96, 0xb5, 0x96, 0xb5, 0x96, 0xb5, 0x96, 0xb5, 0x95, 0xb5, 0x95, 0xb5,
    0x96, 0xb5, 0x95, 0xb5, 0xb5, 0xbd, 0xb5, 0xbd, 0xb5, 0xb5, 0x95, 0xb5,
    0xb5, 0xbd, 0xb5, 0xbd, 0x95, 0xb5, 0x95, 0xb5, 0x95, 0xb5, 0x95, 0xb5,
    0x95, 0xb5, 0x95, 0xb5, 0xb5, 0xbd, 0xb5, 0xbd, 0xb5, 0xb5, 0xb6, 0xbd,
    0xd6, 0xbd, 0xb5, 0xb5, 0xd6, 0xbd, 0xd6, 0xbd, 0xb6, 0xbd, 0xd6, 0xbd,
    0xd6, 0xbd, 0xb6, 0xbd, 0xb6, 0xbd, 0xb6, 0xb5, 0xb6, 0xb5, 0xd6, 0xbd,
    0xb6, 0xbd, 0xb6, 0xbd, 0xb5, 0xb5, 0xd6, 0xbd, 0xb6, 0xbd, 0xb6, 0xbd,
    0xb6, 0xbd, 0xd6, 0xbd, 0xd7, 0xbd, 0xf7, 0xbd, 0xd6, 0xbd, 0xf7, 0xc5,
    0xf7, 0xc5, 0xf7, 0xbd, 0xf7, 0xc5, 0x79, 0xd6, 0xf3, 0x9c, 0x28, 0x52,
    0x69, 0x5a, 0xaa, 0x5a, 0xca, 0x62, 0xea, 0x6a, 0xca, 0x62, 0xea, 0x62,
    0xea, 0x62, 0xeb, 0x62, 0x0b, 0x63, 0xa9, 0x62, 0xa4, 0x39, 0xa0, 0x30,
    0xe2, 0x69, 0xa2, 0x9a, 0x22, 0xab, 0xe0, 0xb2, 0xe0, 0xaa, 0x01, 0xb3,
    0xc2, 0x71, 0x81, 0x38, 0x22, 0x49, 0x82, 0x59, 0xa1, 0x61, 0xa0, 0x61,
    0xa0, 0x61, 0xa0, 0x61, 0xe1, 0x69, 0xe1, 0x71, 0xe1, 0x71, 0xc1, 0x71,
    0x60, 0x69, 0x20, 0x51, 0xe6, 0x59, 0xd2, 0x9c, 0x31, 0x94, 0x30, 0x94,
    0x30, 0x8c, 0x50, 0x94, 0x71, 0x94, 0xf3, 0xa4, 0x54, 0xb5, 0x54, 0xb5,
    0x13, 0xad, 0x14, 0xad, 0x74, 0xb5, 0x95, 0xb5, 0xf2, 0xa4, 0xb2, 0x9c,
    0xf3, 0x9c, 0x54, 0xad, 0x98, 0xd6, 0x78, 0xd6, 0x57, 0xce, 0x78, 0xd6,
    0x57, 0xd6, 0x57, 0xd6, 0x37, 0xce, 0x37, 0xce, 0x58, 0xd6, 0x78, 0xd6,
    0x58, 0xd6, 0x38, 0xce, 0x58, 0xce, 0x37, 0xce, 0x57, 0xce, 0x37, 0xce,
    0x37, 0xce, 0xf6, 0xc5, 0xd6, 0xbd, 0xb5, 0xbd, 0x95, 0xb5, 0xb5, 0xbd,
    0xd5, 0xbd, 0x16, 0xc6, 0x37, 0xce, 0x57, 0xce, 0xa9, 0x5a, 0x03, 0x29,
    0xca, 0x62, 0xce, 0x83, 0xad, 0x7b, 0xae, 0x7b, 0xce, 0x83, 0x0f, 0x8c,
    0x70, 0x94, 0x70, 0x94, 0x64, 0x31, 0xa2, 0x18, 0xa2, 0x20, 0x60, 0x10,
    0x40, 0x10, 0x86, 0x39, 0xe7, 0x41, 0xe3, 0x20, 0x82, 0x18, 0xc2, 0x18,
    0x61, 0x10, 0x45, 0x31, 0x40, 0x18, 0x03, 0x49, 0x81, 0x20, 0xc5, 0x39,
    0x26, 0x52, 0x22, 0x39, 0xf2, 0xac, 0xd0, 0xa4, 0xb4, 0xb5, 0x73, 0xbd,
    0x73, 0xbd, 0x31, 0xb5, 0x30, 0xbd, 0x92, 0xc5, 0x93, 0xbd, 0x16, 0xce,
    0xf6, 0xc5, 0xd6, 0xc5, 0xf6, 0xc5, 0xf6, 0xc5, 0xf6, 0xc5, 0xd6, 0xc5,
    0xf6, 0xc5, 0xf6, 0xc5, 0xf6, 0xc5, 0x16, 0xce, 0xf5, 0xc5, 0xf6, 0xc5,
    0xf6, 0xc5, 0xf6, 0xc5, 0xf5, 0xc5, 0x16, 0xce, 0xf6, 0xc5, 0xf5, 0xc5,
    0xf5, 0xc5, 0xf5, 0xc5, 0x16, 0xc6, 0xf6, 0xcd, 0xf5, 0xc5, 0xf5, 0xc5,
    0xd5, 0xc5, 0xd4, 0xbd, 0xf5, 0xc5, 0xf5, 0xc5, 0xf6, 0xcd, 0xf6, 0xc5,
    0xf6, 0xc5, 0xf6, 0xc5, 0xb5, 0xbd, 0xf7, 0xc5, 0x74, 0xb5, 0x54, 0xad,
    0x54, 0xad, 0x54, 0xad, 0x54, 0xad, 0x55, 0xb5, 0x75, 0xb5, 0x54, 0xad,
    0x54, 0xad, 0x34, 0xad, 0x34, 0xad, 0x35, 0xb5, 0x55, 0xbd, 0x34, 0xbd,
    0xd2, 0xa4, 0x71, 0x9c, 0x0c, 0xa4, 0x62, 0x92, 0x07, 0xa3, 0x28, 0xa3,
    0x25, 0x72, 0x42, 0x49, 0x62, 0x51, 0xe3, 0x8a, 0xa2, 0xab, 0x80, 0xab,
    0x80, 0xab, 0xa1, 0xab, 0xc0, 0xab, 0xc1, 0xb3, 0xe0, 0xb3, 0x04, 0xb4,
    0xa7, 0x7a, 0x88, 0x62, 0x8d, 0x83, 0x0e, 0x94, 0xee, 0x8b, 0x95, 0xbd,
    0x94, 0xb5, 0x74, 0xbd, 0x95, 0xbd, 0x95, 0xb5, 0x74, 0xb5, 0x54, 0xb5,
    0x74, 0xb5, 0x74, 0xb5, 0x94, 0xad, 0x94, 0xb5, 0x95, 0xb5, 0x74, 0xb5,
    0x95, 0xad, 0x74, 0xb5, 0x95, 0xb5, 0x94, 0xb5, 0x74, 0xad, 0x75, 0xb5,
    0x74, 0xb5, 0x94, 0xb5, 0x75, 0xad, 0x75, 0xad, 0x95, 0xb5, 0x75, 0xb5,
    0x75, 0xad, 0x75, 0xad, 0x74, 0xad, 0x74, 0xb5, 0x95, 0xb5, 0x74, 0xad,
    0x95, 0xb5, 0x95, 0xb5, 0x74, 0xb5, 0x95, 0xb5, 0x95, 0xb5, 0x94, 0xb5,
    0x95, 0xb5, 0x95, 0xb5, 0x95, 0xbd, 0x95, 0xb5, 0x75, 0xb5, 0x74, 0xb5,
    0x95, 0xb5, 0x75, 0xb5, 0x94, 0xb5, 0x74, 0xb5, 0x95, 0xb5, 0x75, 0xb5,
    0x95, 0xb5, 0x95, 0xb5, 0x96, 0xb5, 0x95, 0xb5, 0x96, 0xb5, 0x95, 0xb5,
    0x95, 0xb5, 0x96, 0xb5, 0x95, 0xb5, 0x96, 0xb5, 0x95, 0xb5, 0x96, 0xbd,
    0x96, 0xb5, 0x95, 0xb5, 0xb5, 0xb5, 0xb5, 0xbd, 0x95, 0xb5, 0x95, 0xb5,
    0x95, 0xbd, 0xb5, 0xb5, 0x95, 0xbd, 0x95, 0xb5, 0x75, 0xb5, 0x95, 0xb5,
    0x96, 0xb5, 0x95, 0xb5, 0x96, 0xbd, 0x95, 0xb5, 0xb6, 0xb5, 0x95, 0xb5,
    0x96, 0xb5, 0xb5, 0xbd, 0x95, 0xb5, 0xb5, 0xbd, 0x95, 0xbd, 0x96, 0xb5,
    0x95, 0xb5, 0x96, 0xbd, 0x95, 0xb5, 0x96, 0xb5, 0xb5, 0xbd, 0xb5, 0xb5,
    0xb5, 0xb5, 0x95, 0xb5, 0xb5, 0xbd, 0xb5, 0xb5, 0xb6, 0xbd, 0xb6, 0xbd,
    0xb6, 0xbd, 0xb6, 0xbd, 0xb6, 0xbd, 0xb6, 0xbd, 0xb5, 0xb5, 0xb5, 0xbd,
    0xb5, 0xb5, 0xb5, 0xbd, 0xb5, 0xbd, 0xb5, 0xb5, 0xd6, 0xbd, 0xb6, 0xbd,
    0xb6, 0xbd, 0xb6, 0xbd, 0xd6, 0xbd, 0xb6, 0xbd, 0xb6, 0xb5, 0xb6, 0xbd,
    0xb6, 0xbd, 0xb6, 0xbd, 0xd6, 0xbd, 0xd6, 0xbd, 0xb6, 0xb5, 0xb6, 0xbd,
    0xd6, 0xbd, 0xd6, 0xbd, 0xd6, 0xbd, 0xd7, 0xbd, 0xd6, 0xbd, 0xd6, 0xbd,
    0xf7, 0xc5, 0xf6, 0xbd, 0xf7, 0xc5, 0x58, 0xce, 0x17, 0xc6, 0x4c, 0x6b,
    0x49, 0x4a, 0x8a, 0x5a, 0x8a, 0x5a, 0xca, 0x62, 0xeb, 0x62, 0xcb, 0x62,
    0xcb, 0x62, 0xeb, 0x62, 0xca, 0x5a, 0xcb, 0x5a, 0xca, 0x62, 0xca, 0x62,
    0xaa, 0x62, 0x28, 0x4a, 0xc1, 0x28, 0x40, 0x61, 0xc1, 0x9a, 0xe0, 0xb2,
    0xe1, 0xb2, 0xe0, 0xb2, 0x42, 0xb3, 0xa4, 0x92, 0x64, 0x82, 0x20, 0x59,
    0x61, 0x59, 0xc1, 0x61, 0xc1, 0x69, 0xc1, 0x71, 0xc1, 0x69, 0xc0, 0x71,
    0xe0, 0x71, 0xe1, 0x79, 0x40, 0x61, 0x21, 0x49, 0x06, 0x5a, 0x4f, 0x8c,
    0x74, 0xb5, 0xd6, 0xc5, 0xf6, 0xc5, 0x58, 0xd6, 0x58, 0xd6, 0xf6, 0xc5,
    0xd6, 0xc5, 0x17, 0xce, 0x57, 0xce, 0x78, 0xd6, 0x78, 0xd6, 0x98, 0xd6,
    0x99, 0xd6, 0x58, 0xd6, 0x57, 0xce, 0x58, 0xce, 0x17, 0xce, 0x16, 0xc6,
    0x37, 0xce, 0x37, 0xce, 0x58, 0xd6, 0x78, 0xd6, 0x78, 0xd6, 0x37, 0xce,
    0x37, 0xce, 0x38, 0xd6, 0x37, 0xd6, 0x58, 0xd6, 0x57, 0xce, 0x37, 0xce,
    0x37, 0xce, 0x57, 0xce, 0x37, 0xce, 0x37, 0xce, 0x37, 0xce, 0x37, 0xc6,
    0xf6, 0xc5, 0xd6, 0xc5, 0xd5, 0xbd, 0xf6, 0xc5, 0x37, 0xce, 0x37, 0xce,
    0xb9, 0xde, 0x91, 0x94, 0xa5, 0x39, 0xa9, 0x5a, 0xad, 0x7b, 0xae, 0x83,
    0xae, 0x7b, 0xad, 0x83, 0x8d, 0x7b, 0xee, 0x83, 0xeb, 0x62, 0x81, 0x18,
    0xe2, 0x20, 0xa2, 0x18, 0x40, 0x10, 0x44, 0x31, 0x8a, 0x52, 0xa6, 0x39,
    0x04, 0x29, 0xe3, 0x20, 0xc2, 0x18, 0x00, 0x08, 0x60, 0x10, 0x60, 0x20,
    0xe2, 0x28, 0xe6, 0x41, 0xe5, 0x51, 0x01, 0x39, 0x87, 0x62, 0x6a, 0x7b,
    0x94, 0xb5, 0x73, 0xb5, 0x94, 0xbd, 0x51, 0xb5, 0x51, 0xbd, 0x92, 0xc5,
    0x92, 0xbd, 0x16, 0xce, 0xf6, 0xc5, 0xd6, 0xc5, 0xd6, 0xc5, 0xf6, 0xc5,
    0xf6, 0xc5, 0xd6, 0xc5, 0xf6, 0xc5, 0xf6, 0xc5, 0xf6, 0xc5, 0xf6, 0xc5,
    0xf5, 0xc5, 0x16, 0xce, 0xf6, 0xcd, 0x16, 0xc6, 0xf5, 0xc5, 0x16, 0xce,
    0xf6, 0xcd, 0xf6, 0xc5, 0xf5, 0xc5, 0xf6, 0xcd, 0x16, 0xce, 0x16, 0xce,
    0x16, 0xce, 0xf5, 0xc5, 0xf6, 0xc5, 0xd5, 0xc5, 0xd5, 0xc5, 0xd5, 0xc5,
    0xf6, 0xc5, 0x16, 0xce, 0xd5, 0xc5, 0x36, 0xce, 0x17, 0xce, 0xf6, 0xc5,
    0x16, 0xce, 0xd6, 0xc5, 0x55, 0xb5, 0x54, 0xad, 0x34, 0xad, 0x54, 0xad,
    0x54, 0xad, 0x54, 0xad, 0x34, 0xad, 0x34, 0xa5, 0x34, 0xad, 0x34, 0xad,
    0x35, 0xb5, 0x74, 0xb5, 0x13, 0xa5, 0xae, 0x83, 0xc6, 0x49, 0xa6, 0x82,
    0x44, 0x8a, 0x82, 0x71, 0xe4, 0x71, 0x66, 0x82, 0x66, 0x72, 0xa3, 0x61,
    0xe5, 0x92, 0xa2, 0xb3, 0x81, 0xab, 0xa1, 0xab, 0xc2, 0xb3, 0xa0, 0xab,
    0xe3, 0xb3, 0x26, 0x8b, 0x87, 0x72, 0xcd, 0x8b, 0xc8, 0x6a, 0x8c, 0x83,
    0x2f, 0x8c, 0x94, 0xbd, 0x95, 0xb5, 0x94, 0xb5, 0x95, 0xb5, 0x94, 0xb5,
    0x74, 0xb5, 0x33, 0xad, 0x34, 0xad, 0x74, 0xb5, 0x94, 0xb5, 0x74, 0xad,
    0x74, 0xb5, 0x94, 0xb5, 0x94, 0xb5, 0x95, 0xb5, 0x74, 0xb5, 0x94, 0xb5,
    0x74, 0xb5, 0x95, 0xb5, 0x95, 0xb5, 0x75, 0xb5, 0x75, 0xb5, 0x75, 0xb5,
    0x75, 0xb5, 0x75, 0xad, 0x75, 0xb5, 0x75, 0xb5, 0x75, 0xb5, 0x74, 0xad,
    0x74, 0xb5, 0x75, 0xad, 0x74, 0xb5, 0x74, 0xb5, 0x94, 0xb5, 0x94, 0xb5,
    0x95, 0xb5, 0x95, 0xb5, 0x95, 0xb5, 0x75, 0xb5, 0x94, 0xb5, 0x94, 0xb5,
    0x75, 0xb5, 0x75, 0xb5, 0x74, 0xb5, 0x75, 0xb5, 0x74, 0xad, 0x75, 0xad,
    0x95, 0xb5, 0x95, 0xb5, 0x95, 0xb5, 0x95, 0xb5, 0x95, 0xb5, 0x95, 0xb5,
    0x96, 0xb5, 0x95, 0xb5, 0x96, 0xb5, 0x95, 0xbd, 0x95, 0xb5, 0x95, 0xb5,
    0x96, 0xb5, 0x96, 0xb5, 0x95, 0xb5, 0x95, 0xb5, 0xb5, 0xb5, 0x95, 0xbd,
    0x95, 0xb5, 0xb5, 0xb5, 0xb5, 0xb5, 0xb5, 0xbd, 0x95, 0xbd, 0x95, 0xb5,
    0x75, 0xb5, 0x75, 0xb5, 0x95, 0xb5, 0x95, 0xb5, 0x95, 0xb5, 0x96, 0xb5,
    0x95, 0xb5, 0x96, 0xbd, 0xb6, 0xb5, 0x96, 0xb5, 0x96, 0xb5, 0x95, 0xb5,
    0x95, 0xb5, 0x95, 0xb5, 0x96, 0xb5, 0x95, 0xb5, 0x96, 0xb5, 0x95, 0xb5,
    0xb5, 0xbd, 0xb5, 0xb5, 0xb5, 0xbd, 0xb5, 0xb5, 0xb5, 0xb5, 0x95, 0xb5,
    0xb6, 0xbd, 0xb5, 0xb5, 0xb5, 0xbd, 0xb5, 0xbd, 0xb5, 0xb5, 0xb6, 0xbd,
    0xb5, 0xb5, 0xb5, 0xb5, 0xb5, 0xb5, 0xb6, 0xbd, 0xb5, 0xbd, 0xb5, 0xb5,
    0xb6, 0xbd, 0xd6, 0xbd, 0xb6, 0xb5, 0xb6, 0xbd, 0xd6, 0xbd, 0xd6, 0xbd,
    0xb6, 0xb5, 0xb6, 0xbd, 0xb6, 0xbd, 0xb6, 0xb5, 0xb6, 0xbd, 0xd6, 0xbd,
    0xb6, 0xbd, 0xd6, 0xbd, 0xd7, 0xbd, 0xd7, 0xbd, 0xd6, 0xbd, 0xd7, 0xbd,
    0xd6, 0xbd, 0xd7, 0xc5, 0xd7, 0xbd, 0x57, 0xce, 0x38, 0xce, 0x71, 0x94,
    0x08, 0x4a, 0x8a, 0x5a, 0xaa, 0x62, 0xaa, 0x5a, 0xaa, 0x62, 0xcb, 0x62,
    0xeb, 0x62, 0xcb, 0x62, 0xca, 0x62, 0xca, 0x5a, 0xcb, 0x5a, 0xeb, 0x62,
    0xca, 0x62, 0x69, 0x4a, 0x48, 0x52, 0xe5, 0x51, 0x42, 0x41, 0x82, 0x59,
    0x03, 0xa3, 0xa1, 0xaa, 0xa1, 0xb2, 0x00, 0xb3, 0x21, 0xbb, 0x21, 0xb3,
    0x80, 0xab, 0xc4, 0xbb, 0x04, 0x9b, 0x02, 0x7a, 0x80, 0x69, 0xc0, 0x69,
    0xe0, 0x69, 0xc0, 0x71, 0xc1, 0x71, 0xc1, 0x71, 0x20, 0x49, 0x8c, 0x83,
    0x77, 0xde, 0xf9, 0xe6, 0xb9, 0xe6, 0x78, 0xd6, 0x78, 0xd6, 0x37, 0xce,
    0x37, 0xce, 0x37, 0xce, 0x17, 0xce, 0x37, 0xce, 0x37, 0xce, 0x17, 0xce,
    0x37, 0xce, 0x37, 0xce, 0x37, 0xce, 0x37, 0xce, 0x37, 0xce, 0x57, 0xce,
    0x58, 0xd6, 0x57, 0xce, 0x37, 0xce, 0x37, 0xce, 0x16, 0xc6, 0xf6, 0xc5,
    0x37, 0xce, 0x37, 0xce, 0x58, 0xd6, 0x57, 0xd6, 0x37, 0xce, 0x37, 0xce,
    0x57, 0xce, 0x58, 0xce, 0x57, 0xce, 0x37, 0xce, 0x37, 0xce, 0x37, 0xce,
    0x37, 0xce, 0x37, 0xce, 0x37, 0xce, 0x37, 0xce, 0x37, 0xce, 0x17, 0xc6,
    0xf6, 0xc5, 0x17, 0xc6, 0x17, 0xc6, 0x99, 0xd6, 0xd5, 0xbd, 0x68, 0x52,
    0x89, 0x5a, 0xad, 0x7b, 0xce, 0x83, 0xce, 0x83, 0x8d, 0x7b, 0x4c, 0x73,
    0x6d, 0x7b, 0x28, 0x52, 0xc2, 0x18, 0x03, 0x29, 0xc3, 0x20, 0x61, 0x10,
    0x61, 0x10, 0x69, 0x52, 0xa6, 0x39, 0x44, 0x31, 0x89, 0x5a, 0x0f, 0x8c,
    0xc3, 0x20, 0x00, 0x00, 0x24, 0x31, 0xe6, 0x49, 0xa4, 0x49, 0x42, 0x41,
    0x61, 0x51, 0xc3, 0x51, 0xd5, 0xc5, 0x74, 0xb5, 0xb4, 0xc5, 0x31, 0xb5,
    0xf1, 0xac, 0x14, 0xce, 0x93, 0xc5, 0x15, 0xc6, 0xf6, 0xc5, 0xd6, 0xc5,
    0xd6, 0xc5, 0xf6, 0xbd, 0xd6, 0xbd, 0xf6, 0xc5, 0xf6, 0xc5, 0xf6, 0xc5,
    0x16, 0xce, 0xf5, 0xc5, 0x16, 0xce, 0xf6, 0xcd, 0xf5, 0xc5, 0x16, 0xce,
    0xf6, 0xc5, 0x16, 0xce, 0x16, 0xce, 0x16, 0xce, 0xf6, 0xc5, 0xf6, 0xcd,
    0x17, 0xce, 0x37, 0xce, 0x37, 0xce, 0x16, 0xce, 0x16, 0xce, 0xf6, 0xcd,
    0xd5, 0xc5, 0xf6, 0xc5, 0xf5, 0xc5, 0x16, 0xce, 0xf5, 0xc5, 0xf5, 0xc5,
    0x16, 0xce, 0x57, 0xd6, 0x16, 0xce, 0x16, 0xce, 0x38, 0xce, 0x75, 0xb5,
    0x96, 0xb5, 0x55, 0xad, 0x14, 0xad, 0x34, 0xa5, 0x34, 0xad, 0x54, 0xad,
    0xd2, 0x9c, 0x28, 0x4a, 0xc6, 0x41, 0x85, 0x31, 0xca, 0x5a, 0xd2, 0x9c,
    0xb0, 0xa4, 0xaf, 0xa4, 0xcc, 0x93, 0x10, 0xbd, 0x8e, 0xb4, 0x47, 0x72,
    0xa0, 0x38, 0xc1, 0x38, 0xc4, 0x59, 0xa4, 0x82, 0xa5, 0xab, 0xe3, 0xb3,
    0xc2, 0xb3, 0xe4, 0xab, 0x03, 0x5a, 0xac, 0x83, 0x33, 0xb5, 0x12, 0xad,
    0x4b, 0x7b, 0xe8, 0x72, 0xcd, 0x8b, 0x94, 0xbd, 0x94, 0xb5, 0x95, 0xb5,
    0x95, 0xb5, 0x95, 0xb5, 0x94, 0xb5, 0x74, 0xb5, 0x33, 0xad, 0x33, 0xad,
    0x95, 0xb5, 0x95, 0xb5, 0x94, 0xb5, 0x74, 0xb5, 0x95, 0xb5, 0x74, 0xad,
    0x94, 0xb5, 0x95, 0xb5, 0x95, 0xb5, 0x74, 0xad, 0x74, 0xad, 0x75, 0xb5,
    0x75, 0xb5, 0x75, 0xad, 0x75, 0xad, 0x75, 0xad, 0x75, 0xb5, 0x75, 0xad,
    0x74, 0xb5, 0x74, 0xb5, 0x74, 0xad, 0x95, 0xb5, 0x95, 0xb5, 0x95, 0xb5,
    0x75, 0xad, 0x74, 0xb5, 0x94, 0xb5, 0x75, 0xb5, 0x95, 0xb5, 0x95, 0xb5,
    0x74, 0xb5, 0x74, 0xb5, 0x75, 0xb5, 0x74, 0xb5, 0x74, 0xb5, 0x74, 0xb5,
    0x75, 0xb5, 0x75, 0xb5, 0x95, 0xb5, 0x74, 0xb5, 0x95, 0xb5, 0x95, 0xb5,
    0x95, 0xb5, 0x96, 0xb5, 0x95, 0xb5, 0x95, 0xb5, 0x96, 0xb5, 0x95, 0xb5,
    0x95, 0xb5, 0x75, 0xb5, 0x96, 0xbd, 0x95, 0xb5, 0x95, 0xbd, 0x96, 0xb5,
    0xb5, 0xb5, 0x95, 0xb5, 0x95, 0xb5, 0xb5, 0xbd, 0xb5, 0xb5, 0xb5, 0xb5,
    0x95, 0xb5, 0x95, 0xbd, 0x95, 0xb5, 0x95, 0xb5, 0x96, 0xb5, 0x95, 0xb5,
    0x95, 0xb5, 0x95, 0xb5, 0x96, 0xb5, 0x95, 0xb5, 0x95, 0xbd, 0x96, 0xb5,
    0xb6, 0xb5, 0x96, 0xb5, 0x95, 0xb5, 0x95, 0xb5, 0x96, 0xb5, 0x95, 0xb5,
    0xb6, 0xbd, 0x96, 0xb5, 0xb5, 0xb5, 0xb5, 0xbd, 0x95, 0xb5, 0xb5, 0xbd,
    0xb5, 0xb5, 0x95, 0xb5, 0xb6, 0xbd, 0xb5, 0xb5, 0xd6, 0xbd, 0xb6, 0xb5,
    0xb6, 0xbd, 0xb6, 0xbd, 0xb5, 0xb5, 0xb5, 0xb5, 0xb5, 0xbd, 0xb6, 0xbd,
    0xb5, 0xb5, 0xb5, 0xb5, 0xd7, 0xbd, 0xd6, 0xbd, 0xb6, 0xbd, 0xb6, 0xb5,
    0xb6, 0xb5, 0xb6, 0xbd, 0xb6, 0xb5, 0xb6, 0xb5, 0xb6, 0xbd, 0xb6, 0xb5,
    0xb6, 0xbd, 0xb6, 0xbd, 0xd6, 0xbd, 0xd6, 0xbd, 0xd7, 0xbd, 0xd7, 0xbd,
    0xd6, 0xbd, 0xf7, 0xbd, 0xf7, 0xc5, 0x18, 0xc6, 0xf7, 0xc5, 0x70, 0x94,
    0x8d, 0x7b, 0x69, 0x52, 0xaa, 0x5a, 0x8a, 0x5a, 0x0c, 0x73, 0xae, 0x83,
    0xca, 0x62, 0xcb, 0x62, 0xeb, 0x62, 0xca, 0x62, 0xca, 0x62, 0xeb, 0x5a,
    0xeb, 0x5a, 0xca, 0x5a, 0x69, 0x52, 0x48, 0x4a, 0x05, 0x6a, 0xe0, 0x48,
    0x41, 0x51, 0x01, 0x49, 0x81, 0x61, 0x22, 0x82, 0xc2, 0x9a, 0x03, 0xa3,
    0x21, 0xab, 0x40, 0xb3, 0x42, 0xb3, 0x41, 0xb3, 0x61, 0xb3, 0xa2, 0xbb,
    0xa4, 0xb3, 0xe4, 0x9a, 0xe1, 0x71, 0xc0, 0x69, 0xe0, 0x71, 0x61, 0x59,
    0x2e, 0x94, 0xb9, 0xde, 0x37, 0xce, 0x37, 0xce, 0x37, 0xce, 0x37, 0xce,
    0x37, 0xce, 0x37, 0xce, 0x37, 0xce, 0x57, 0xce, 0x57, 0xce, 0x37, 0xce,
    0x37, 0xce, 0x37, 0xce, 0x57, 0xce, 0x57, 0xce, 0x57, 0xce, 0x37, 0xce,
    0x57, 0xce, 0x57, 0xd6, 0x17, 0xce, 0x17, 0xce, 0x37, 0xce, 0x37, 0xce,
    0x37, 0xce, 0x37, 0xce, 0x57, 0xce, 0x58, 0xd6, 0x57, 0xce, 0x57, 0xd6,
    0x58, 0xd6, 0x57, 0xce, 0x37, 0xce, 0x37, 0xce, 0x37, 0xce, 0x37, 0xce,
    0x37, 0xce, 0x57, 0xce, 0x37, 0xce, 0x37, 0xce, 0x57, 0xce, 0x58, 0xce,
    0x57, 0xce, 0x57, 0xce, 0x37, 0xce, 0x17, 0xc6, 0x16, 0xc6, 0x16, 0xc6,
    0x58, 0xce, 0xd5, 0xbd, 0x28, 0x4a, 0x30, 0x94, 0xef, 0x83, 0x50, 0x8c,
    0x4c, 0x73, 0x6d, 0x83, 0x4c, 0x73, 0x70, 0x94, 0xb5, 0xbd, 0x07, 0x4a,
    0x24, 0x29, 0xc2, 0x20, 0x82, 0x18, 0x03, 0x29, 0x48, 0x4a, 0xc7, 0x39,
    0x6d, 0x73, 0xad, 0x7b, 0x74, 0xb5, 0xad, 0x7b, 0x61, 0x10, 0x07, 0x52,
    0x42, 0x41, 0x21, 0x41, 0x41, 0x51, 0xc3, 0x59, 0xf5, 0xc5, 0x94, 0xbd,
    0xb4, 0xc5, 0x53, 0xb5, 0x0e, 0x94, 0x16, 0xd6, 0xb4, 0xc5, 0x16, 0xc6,
    0xf5, 0xc5, 0xd6, 0xc5, 0xf6, 0xc5, 0xd6, 0xc5, 0xd6, 0xbd, 0xf6, 0xc5,
    0x16, 0xc6, 0xf6, 0xc5, 0x16, 0xce, 0xf5, 0xc5, 0xf6, 0xc5, 0x16, 0xce,
    0xf5, 0xc5, 0xf6, 0xc5, 0xf5, 0xc5, 0x16, 0xce, 0xf6, 0xc5, 0x16, 0xce,
    0x16, 0xce, 0x16, 0xce, 0x17, 0xce, 0x17, 0xce, 0x37, 0xce, 0x17, 0xce,
    0x17, 0xce, 0x16, 0xce, 0xf6, 0xc5, 0xd5, 0xc5, 0xf6, 0xc5, 0xf6, 0xc5,
    0x16, 0xce, 0xd5, 0xc5, 0xf6, 0xc5, 0xf6, 0xcd, 0x57, 0xd6, 0x36, 0xce,
    0x36, 0xce, 0x37, 0xce, 0x75, 0xb5, 0x95, 0xb5, 0x95, 0xb5, 0x75, 0xad,
    0x74, 0xad, 0x75, 0xad, 0x75, 0xad, 0xb6, 0xb5, 0xd6, 0xbd, 0x17, 0xc6,
    0xf7, 0xbd, 0xf6, 0xc5, 0x70, 0x94, 0xd2, 0xa4, 0xd1, 0xa4, 0x92, 0xbd,
    0x92, 0xbd, 0x14, 0xd6, 0xa9, 0x72, 0x81, 0x28, 0x81, 0x38, 0x82, 0x30,
    0xe2, 0x38, 0xc3, 0x59, 0x86, 0x72, 0x4a, 0x7b, 0xd2, 0xa4, 0x94, 0xbd,
    0x94, 0xbd, 0x94, 0xb5, 0xcd, 0x8b, 0x28, 0x7b, 0xa7, 0x6a, 0x74, 0xb5,
    0xb5, 0xb5, 0x95, 0xbd, 0xb5, 0xbd, 0x95, 0xbd, 0x94, 0xb5, 0x95, 0xb5,
    0x53, 0xad, 0x33, 0xa5, 0x95, 0xb5, 0x94, 0xb5, 0x74, 0xad, 0x95, 0xb5,
    0x95, 0xb5, 0x94, 0xb5, 0x74, 0xad, 0x74, 0xb5, 0x74, 0xad, 0x74, 0xad,
    0x94, 0xb5, 0x94, 0xb5, 0x75, 0xad, 0x75, 0xb5, 0x75, 0xb5, 0x75, 0xb5,
    0x75, 0xad, 0x75, 0xb5, 0x74, 0xad, 0x74, 0xad, 0x75, 0xb5, 0x75, 0xad,
    0x74, 0xad, 0x75, 0xad, 0x74, 0xb5, 0x74, 0xad, 0x74, 0xad, 0x74, 0xad,
    0x74, 0xad, 0x75, 0xb5, 0x95, 0xb5, 0x95, 0xb5, 0x74, 0xb5, 0x95, 0xb5,
    0x95, 0xb5, 0x95, 0xb5, 0x75, 0xb5, 0x74, 0xb5, 0x95, 0xad, 0x95, 0xb5,
    0x95, 0xb5, 0x95, 0xb5, 0x95, 0xb5, 0x96, 0xb5, 0x95, 0xb5, 0x95, 0xbd,
    0x96, 0xb5, 0x95, 0xb5, 0x96, 0xb5, 0x96, 0xb5, 0x95, 0xb5, 0xb6, 0xb5,
    0x96, 0xbd, 0x95, 0xb5, 0xb5, 0xb5, 0xb5, 0xbd, 0x95, 0xb5, 0xb5, 0xbd,
    0xb5, 0xb5, 0x95, 0xb5, 0x95, 0xbd, 0x74, 0xb5, 0x75, 0xb5, 0x75, 0xb5,
    0x95, 0xb5, 0x96, 0xb5, 0x95, 0xb5, 0x95, 0xbd, 0x96, 0xb5, 0x95, 0xb5,
    0x95, 0xb5, 0xb5, 0xbd, 0x95, 0xb5, 0x96, 0xbd, 0x95, 0xb5, 0x95, 0xb5,
    0x96, 0xb5, 0x95, 0xbd, 0x95, 0xb5, 0xb6, 0xbd, 0x95, 0xb5, 0x95, 0xb5,
    0x95, 0xbd, 0x96, 0xb5, 0xb5, 0xb5, 0xb5, 0xb5, 0xb6, 0xbd, 0xb6, 0xb5,
    0xb6, 0xb5, 0xb5, 0xb5, 0xb6, 0xb5, 0xb6, 0xb5, 0x95, 0xb5, 0xb6, 0xbd,
    0xb6, 0xbd, 0xb6, 0xbd, 0xb6, 0xbd, 0xb6, 0xbd, 0xd6, 0xbd, 0xb6, 0xbd,
    0xd6, 0xbd, 0xd6, 0xbd, 0xb6, 0xbd, 0xb6, 0xbd, 0xb6, 0xbd, 0xb6, 0xbd,
    0xb6, 0xbd, 0xd6, 0xbd, 0xd6, 0xbd, 0xd6, 0xbd, 0xd6, 0xbd, 0xd7, 0xbd,
    0xd6, 0xbd, 0xd6, 0xc5, 0xd6, 0xbd, 0x17, 0xc6, 0x17, 0xc6, 0x50, 0x8c,
    0xeb, 0x62, 0x4c, 0x73, 0xaa, 0x5a, 0x8a, 0x5a, 0x0b, 0x63, 0xb6, 0xbd,
    0xd2, 0x9c, 0xa9, 0x5a, 0x0b, 0x63, 0xeb, 0x62, 0xeb, 0x62, 0xeb, 0x62,
    0xeb, 0x62, 0xeb, 0x62, 0xca, 0x5a, 0xaa, 0x5a, 0x2b, 0x63, 0x89, 0x5a,
    0xe4, 0x69, 0x61, 0x71, 0x20, 0x61, 0x20, 0x59, 0xc0, 0x40, 0xe0, 0x40,
    0xa3, 0x51, 0xa1, 0x59, 0x42, 0x7a, 0xc2, 0x92, 0x84, 0xb3, 0x82, 0xb3,
    0x81, 0xab, 0x61, 0xb3, 0x61, 0xb3, 0x62, 0xb3, 0x83, 0xb3, 0xc4, 0x9a,
    0x22, 0x59, 0x11, 0xb5, 0x33, 0xad, 0xb5, 0xbd, 0x58, 0xd6, 0x58, 0xd6,
    0x78, 0xd6, 0x98, 0xd6, 0x78, 0xd6, 0x58, 0xd6, 0x78, 0xd6, 0x58, 0xce,
    0x37, 0xce, 0x37, 0xce, 0x37, 0xce, 0x37, 0xce, 0x37, 0xce, 0x37, 0xce,
    0x57, 0xce, 0x58, 0xd6, 0x58, 0xd6, 0x78, 0xd6, 0x78, 0xd6, 0x78, 0xd6,
    0x78, 0xd6, 0x78, 0xd6, 0x78, 0xd6, 0x57, 0xce, 0x17, 0xce, 0x16, 0xc6,
    0x17, 0xc6, 0x37, 0xce, 0x57, 0xce, 0x58, 0xd6, 0x58, 0xce, 0x58, 0xce,
    0x58, 0xce, 0x78, 0xce, 0x58, 0xce, 0x57, 0xce, 0x37, 0xc6, 0x37, 0xce,
    0x37, 0xce, 0x37, 0xc6, 0x37, 0xce, 0x38, 0xce, 0x58, 0xce, 0x37, 0xce,
    0x17, 0xce, 0xf6, 0xc5, 0xf6, 0xc5, 0x37, 0xce, 0xb1, 0x9c, 0xa9, 0x5a,
    0x0f, 0x8c, 0x0f, 0x8c, 0xb1, 0x9c, 0xb1, 0xa4, 0x50, 0x94, 0x0b, 0x6b,
    0x0f, 0x8c, 0x38, 0xce, 0x0b, 0x6b, 0xc2, 0x20, 0xa2, 0x18, 0xa2, 0x18,
    0x61, 0x10, 0x65, 0x39, 0x48, 0x52, 0xea, 0x62, 0x50, 0x8c, 0xca, 0x5a,
    0x81, 0x18, 0x47, 0x52, 0x42, 0x41, 0x21, 0x41, 0x41, 0x49, 0xa2, 0x51,
    0xf5, 0xc5, 0x94, 0xbd, 0xb5, 0xc5, 0x32, 0xb5, 0xcd, 0x8b, 0x37, 0xd6,
    0xd5, 0xc5, 0xf6, 0xc5, 0xf6, 0xc5, 0xf6, 0xc5, 0xf6, 0xc5, 0xd5, 0xc5,
    0xd5, 0xc5, 0xf6, 0xc5, 0xf6, 0xc5, 0xf6, 0xc5, 0xf6, 0xcd, 0xf5, 0xc5,
    0x16, 0xce, 0xf5, 0xc5, 0xf6, 0xc5, 0x16, 0xce, 0xf5, 0xcd, 0x16, 0xce,
    0x16, 0xce, 0x16, 0xc6, 0x17, 0xc6, 0x17, 0xce, 0x37, 0xce, 0x37, 0xce,
    0x37, 0xce, 0x37, 0xc6, 0x57, 0xce, 0x37, 0xce, 0x16, 0xc6, 0xf5, 0xc5,
    0xd4, 0xc5, 0xf5, 0xc5, 0x16, 0xce, 0x36, 0xce, 0xf6, 0xc5, 0x36, 0xce,
    0x36, 0xce, 0x78, 0xd6, 0x57, 0xd6, 0x57, 0xd6, 0xd6, 0xbd, 0x75, 0xb5,
    0x95, 0xb5, 0x95, 0xb5, 0x75, 0xb5, 0x75, 0xb5, 0x75, 0xb5, 0x75, 0xb5,
    0x75, 0xb5, 0xb6, 0xbd, 0xb6, 0xbd, 0xb6, 0xbd, 0x33, 0xad, 0xb6, 0xbd,
    0x90, 0x9c, 0x72, 0xbd, 0x72, 0xbd, 0x8e, 0x9c, 0xd9, 0xe6, 0x57, 0xce,
    0x6c, 0x7b, 0xc6, 0x61, 0x27, 0x7a, 0xc9, 0x82, 0xac, 0x93, 0x12, 0xa5,
    0x74, 0xbd, 0x53, 0xb5, 0x74, 0xb5, 0x95, 0xbd, 0x2f, 0x94, 0x49, 0x7b,
    0xc6, 0x7a, 0x0d, 0x9c, 0xb6, 0xbd, 0x94, 0xbd, 0x95, 0xb5, 0xb5, 0xbd,
    0x94, 0xb5, 0x95, 0xb5, 0x94, 0xb5, 0x33, 0xad, 0x75, 0xb5, 0x74, 0xb5,
    0x74, 0xb5, 0x74, 0xb5, 0x74, 0xb5, 0x74, 0xb5, 0x74, 0xad, 0x74, 0xad,
    0x74, 0xb5, 0x74, 0xad, 0x74, 0xb5, 0x74, 0xad, 0x75, 0xad, 0x75, 0xad,
    0x74, 0xb5, 0x54, 0xad, 0x75, 0xad, 0x75, 0xb5, 0x74, 0xb5, 0x74, 0xad,
    0x74, 0xad, 0x74, 0xb5, 0x75, 0xb5, 0x74, 0xb5, 0x95, 0xb5, 0x95, 0xb5,
    0x75, 0xb5, 0x75, 0xb5, 0x75, 0xb5, 0x75, 0xb5, 0x74, 0xb5, 0x74, 0xb5,
    0x74, 0xb5, 0x75, 0xb5, 0x74, 0xb5, 0x74, 0xb5, 0x95, 0xb5, 0x95, 0xb5,
    0x95, 0xb5, 0x75, 0xb5, 0x95, 0xb5, 0x95, 0xb5, 0x95, 0xb5, 0x95, 0xb5,
    0x96, 0xb5, 0x95, 0xb5, 0x95, 0xb5, 0x96, 0xb5, 0x95, 0xb5, 0x95, 0xb5,
    0x95, 0xb5, 0x95, 0xb5, 0x95, 0xb5, 0x95, 0xb5, 0x95, 0xb5, 0x95, 0xb5,
    0x95, 0xb5, 0x95, 0xb5, 0x95, 0xbd, 0xb5, 0xb5, 0x95, 0xbd, 0x75, 0xb5,
    0x75, 0xbd, 0x75, 0xb5, 0x95, 0xb5, 0x95, 0xbd, 0x95, 0xb5, 0x96, 0xb5,
    0x95, 0xb5, 0x95, 0xb5, 0x96, 0xb5, 0x96, 0xb5, 0x95, 0xb5, 0x96, 0xb5,
    0xb6, 0xbd, 0x95, 0xb5, 0x96, 0xb5, 0x95, 0xb5, 0x95, 0xb5, 0x96, 0xb5,
    0xb6, 0xbd, 0x96, 0xb5, 0x96, 0xb5, 0x96, 0xbd, 0x96, 0xb5, 0x95, 0xbd,
    0x96, 0xb5, 0x96, 0xb5, 0x95, 0xb5, 0x95, 0xbd, 0x96, 0xb5, 0x95, 0xb5,
    0x95, 0xb5, 0xb6, 0xbd, 0xb6, 0xbd, 0xb6, 0xb5, 0xb6, 0xbd, 0xb6, 0xbd,
    0xb6, 0xbd, 0xb6, 0xbd, 0xd6, 0xbd, 0xd6, 0xbd, 0xd6, 0xbd, 0xd6, 0xbd,
    0xd6, 0xbd, 0xd6, 0xbd, 0xb6, 0xbd, 0xb6, 0xbd, 0xd7, 0xbd, 0xd6, 0xbd,
    0xd7, 0xbd, 0xd6, 0xbd, 0xf7, 0xbd, 0xf7, 0xc5, 0x38, 0xce, 0x91, 0x94,
    0xcb, 0x62, 0xeb, 0x6a, 0xec, 0x6a, 0x8a, 0x5a, 0xae, 0x83, 0xb6, 0xc5,
    0x79, 0xd6, 0xb2, 0x9c, 0x8a, 0x52, 0x0b, 0x63, 0x0b, 0x63, 0xeb, 0x5a,
    0xeb, 0x62, 0xeb, 0x5a, 0xeb, 0x62, 0xeb, 0x62, 0xeb, 0x62, 0x4c, 0x6b,
    0x85, 0x31, 0x45, 0x29, 0x0b, 0x6b, 0x6b, 0x83, 0x09, 0x83, 0x87, 0x7a,
    0xe8, 0x7a, 0x70, 0xa4, 0x1b, 0xef, 0x33, 0xb5, 0xac, 0x8b, 0x46, 0x62,
    0x20, 0x51, 0x01, 0x7a, 0xe3, 0x9a, 0x83, 0xb3, 0x61, 0xb3, 0xa2, 0xbb,
    0xe2, 0xc3, 0x04, 0x9b, 0xc0, 0x38, 0xf2, 0xac, 0x57, 0xce, 0x58, 0xde,
    0x57, 0xd6, 0x57, 0xd6, 0x78, 0xd6, 0x57, 0xce, 0x58, 0xd6, 0x57, 0xce,
    0x57, 0xce, 0x37, 0xce, 0x37, 0xce, 0x37, 0xce, 0x58, 0xce, 0x57, 0xce,
    0x37, 0xce, 0x17, 0xce, 0x17, 0xce, 0x17, 0xc6, 0x17, 0xce, 0x16, 0xc6,
    0x16, 0xc6, 0xf6, 0xc5, 0xf6, 0xc5, 0x16, 0xc6, 0x37, 0xc6, 0x37, 0xce,
    0x37, 0xce, 0x57, 0xce, 0x58, 0xd6, 0x37, 0xce, 0x37, 0xce, 0x37, 0xce,
    0x37, 0xce, 0x57, 0xce, 0x37, 0xce, 0x37, 0xce, 0x37, 0xce, 0x58, 0xce,
    0x58, 0xce, 0x58, 0xce, 0x38, 0xce, 0x37, 0xce, 0x38, 0xce, 0x37, 0xce,
    0x37, 0xce, 0x78, 0xce, 0x58, 0xce, 0x16, 0xc6, 0x16, 0xc6, 0x17, 0xc6,
    0x54, 0xad, 0xce, 0x83, 0x0b, 0x6b, 0xef, 0x83, 0x33, 0xb5, 0x13, 0xad,
    0x99, 0xde, 0x50, 0x94, 0xf2, 0xac, 0xad, 0x7b, 0x74, 0xbd, 0xee, 0x83,
    0xaa, 0x5a, 0xe2, 0x20, 0x85, 0x39, 0x61, 0x10, 0x81, 0x18, 0xe7, 0x49,
    0x03, 0x21, 0x85, 0x39, 0x24, 0x31, 0x68, 0x5a, 0x21, 0x41, 0x21, 0x41,
    0x41, 0x51, 0x20, 0x41, 0xd5, 0xc5, 0x94, 0xbd, 0xb5, 0xc5, 0x94, 0xc5,
    0x2a, 0x73, 0x53, 0xbd, 0xf6, 0xc5, 0xd6, 0xc5, 0xf6, 0xc5, 0xf6, 0xc5,
    0xd6, 0xc5, 0xf6, 0xc5, 0xf6, 0xc5, 0xf6, 0xc5, 0x16, 0xc6, 0x16, 0xc6,
    0x17, 0xce, 0xd6, 0xc5, 0xf6, 0xc5, 0xf6, 0xc5, 0x16, 0xce, 0x16, 0xce,
    0xf6, 0xc5, 0x16, 0xce, 0x16, 0xce, 0x16, 0xc6, 0x17, 0xce, 0x37, 0xce,
    0x57, 0xce, 0x37, 0xc6, 0x17, 0xc6, 0x17, 0xc6, 0x57, 0xce, 0x37, 0xce,
    0xf6, 0xc5, 0xf5, 0xc5, 0xd5, 0xc5, 0xf5, 0xc5, 0x36, 0xce, 0x57, 0xd6,
    0x57, 0xd6, 0x37, 0xce, 0x36, 0xce, 0x16, 0xce, 0x78, 0xd6, 0x98, 0xde,
    0x37, 0xce, 0x55, 0xad, 0x95, 0xb5, 0x75, 0xb5, 0x75, 0xad, 0x75, 0xad,
    0x75, 0xb5, 0x75, 0xb5, 0x95, 0xb5, 0x96, 0xb5, 0xb6, 0xbd, 0xb6, 0xbd,
    0xd6, 0xbd, 0xeb, 0x6a, 0xd1, 0xa4, 0x73, 0xbd, 0x72, 0xbd, 0xae, 0xa4,
    0x97, 0xde, 0x57, 0xd6, 0xf9, 0xe6, 0xf2, 0xc4, 0x2a, 0xab, 0x06, 0x92,
    0x0a, 0x8b, 0x53, 0xad, 0x74, 0xb5, 0x11, 0xad, 0x12, 0xad, 0x74, 0xbd,
    0x70, 0x9c, 0x8a, 0x83, 0x06, 0x8b, 0xa4, 0x92, 0xf6, 0xc5, 0xb4, 0xb5,
    0xb5, 0xbd, 0x95, 0xb5, 0x94, 0xb5, 0x95, 0xb5, 0x95, 0xbd, 0x33, 0xad,
    0x74, 0xb5, 0x75, 0xb5, 0x75, 0xb5, 0x74, 0xb5, 0x74, 0xb5, 0x55, 0xb5,
    0x75, 0xb5, 0x74, 0xad, 0x75, 0xb5, 0x74, 0xb5, 0x75, 0xad, 0x74, 0xb5,
    0x75, 0xb5, 0x55, 0xad, 0x54, 0xad, 0x75, 0xb5, 0x75, 0xb5, 0x75, 0xad,
    0x74, 0xb5, 0x74, 0xb5, 0x74, 0xad, 0x74, 0xb5, 0x74, 0xad, 0x74, 0xad,
    0x75, 0xb5, 0x75, 0xb5, 0x75, 0xb5, 0x95, 0xb5, 0x75, 0xb5, 0x75, 0xb5,
    0x74, 0xad, 0x74, 0xad, 0x95, 0xb5, 0x74, 0xb5, 0x74, 0xb5, 0x74, 0xad,
    0x95, 0xb5, 0x95, 0xad, 0x95, 0xb5, 0x75, 0xb5, 0x95, 0xb5, 0x95, 0xb5,
    0x95, 0xb5, 0x96, 0xb5, 0x95, 0xb5, 0x96, 0xb5, 0x95, 0xb5, 0x95, 0xb5,
    0x95, 0xb5, 0x95, 0xb5, 0x95, 0xb5, 0x95, 0xb5, 0x94, 0xb5, 0x95, 0xb5,
    0x95, 0xbd, 0x96, 0xb5, 0x95, 0xb5, 0xb6, 0xbd, 0x96, 0xb5, 0xb6, 0xb5,
    0x95, 0xbd, 0x95, 0xb5, 0x75, 0xbd, 0x75, 0xb5, 0x95, 0xb5, 0x95, 0xb5,
    0x75, 0xb5, 0x96, 0xbd, 0x95, 0xb5, 0x95, 0xb5, 0x96, 0xb5, 0x95, 0xbd,
    0xb6, 0xb5, 0x95, 0xb5, 0x95, 0xb5, 0x96, 0xbd, 0xb6, 0xb5, 0x95, 0xb5,
    0x96, 0xb5, 0x95, 0xb5, 0xb6, 0xbd, 0xb5, 0xb5, 0xb6, 0xb5, 0xb5, 0xbd,
    0xb6, 0xb5, 0x96, 0xb5, 0x95, 0xbd, 0xb6, 0xb5, 0x96, 0xbd, 0x96, 0xbd,
    0xb6, 0xb5, 0xb6, 0xbd, 0x95, 0xb5, 0xb6, 0xbd, 0xd6, 0xbd, 0xb6, 0xb5,
    0xb6, 0xb5, 0xd6, 0xbd, 0xd6, 0xbd, 0xb6, 0xbd, 0xd7, 0xbd, 0xb6, 0xbd,
    0xb6, 0xbd, 0xd6, 0xbd, 0xd6, 0xbd, 0xb6, 0xbd, 0xd6, 0xbd, 0xd6, 0xbd,
    0xd6, 0xbd, 0xd6, 0xbd, 0xd7, 0xbd, 0xf7, 0xc5, 0xf7, 0xc5, 0x92, 0x94,
    0x0c, 0x6b, 0xeb, 0x6a, 0xeb, 0x6a, 0xcb, 0x6a, 0x0c, 0x6b, 0x34, 0xb5,
    0xf7, 0xcd, 0x75, 0xbd, 0x71, 0x9c, 0xaa, 0x5a, 0x0b, 0x63, 0xeb, 0x5a,
    0xeb, 0x5a, 0x0b, 0x5b, 0xeb, 0x62, 0xeb, 0x62, 0xeb, 0x5a, 0x0b, 0x63,
    0xaa, 0x52, 0x40, 0x08, 0x00, 0x00, 0x20, 0x08, 0x41, 0x08, 0xa3, 0x10,
    0xee, 0x83, 0x94, 0xbd, 0xb9, 0xde, 0x38, 0xce, 0x38, 0xce, 0x1a, 0xe7,
    0xf9, 0xe6, 0x77, 0xd6, 0xd1, 0xac, 0x68, 0x62, 0x22, 0x49, 0xe5, 0x82,
    0xe5, 0x92, 0x83, 0x82, 0xa4, 0x8a, 0xa1, 0x69, 0x24, 0x72, 0xe8, 0x7a,
    0x99, 0xd6, 0x78, 0xde, 0x78, 0xd6, 0x78, 0xd6, 0x37, 0xd6, 0xf6, 0xc5,
    0x16, 0xc6, 0x17, 0xc6, 0x17, 0xc6, 0x37, 0xce, 0x57, 0xce, 0x57, 0xce,
    0x58, 0xce, 0x58, 0xce, 0x57, 0xce, 0x57, 0xce, 0x37, 0xce, 0x37, 0xce,
    0x37, 0xce, 0x37, 0xce, 0x57, 0xce, 0x57, 0xce, 0x37, 0xce, 0x37, 0xce,
    0x37, 0xce, 0x37, 0xce, 0x17, 0xce, 0x16, 0xc6, 0x17, 0xce, 0x17, 0xce,
    0xf6, 0xc5, 0xf6, 0xc5, 0x17, 0xc6, 0x17, 0xce, 0x37, 0xce, 0x57, 0xce,
    0x78, 0xd6, 0x78, 0xd6, 0x58, 0xce, 0x37, 0xce, 0x38, 0xce, 0x38, 0xce,
    0x58, 0xce, 0x58, 0xd6, 0x57, 0xce, 0x78, 0xd6, 0x78, 0xd6, 0x57, 0xce,
    0x17, 0xc6, 0xf6, 0xc5, 0x95, 0xb5, 0x13, 0xa5, 0xea, 0x62, 0xae, 0x7b,
    0x54, 0xb5, 0xd2, 0xa4, 0x98, 0xde, 0x99, 0xde, 0x2f, 0x94, 0x54, 0xb5,
    0xd5, 0xc5, 0x78, 0xde, 0x58, 0xd6, 0xad, 0x7b, 0x91, 0x9c, 0xd3, 0xa4,
    0xaa, 0x5a, 0x00, 0x08, 0xc6, 0x39, 0x24, 0x29, 0x82, 0x18, 0xc9, 0x62,
    0x40, 0x41, 0x41, 0x49, 0x61, 0x51, 0xe0, 0x40, 0x53, 0xb5, 0xb5, 0xc5,
    0xb4, 0xc5, 0x53, 0xbd, 0x82, 0x49, 0x0e, 0x8c, 0x36, 0xc6, 0xf6, 0xc5,
    0xd6, 0xc5, 0xf6, 0xc5, 0xf6, 0xc5, 0xf6, 0xc5, 0x16, 0xce, 0x17, 0xc6,
    0x17, 0xce, 0x16, 0xce, 0x16, 0xce, 0xf6, 0xc5, 0xf5, 0xc5, 0xf5, 0xc5,
    0x16, 0xce, 0xf5, 0xc5, 0x16, 0xc6, 0x16, 0xce, 0x16, 0xce, 0x17, 0xce,
    0x37, 0xce, 0x37, 0xce, 0x37, 0xc6, 0x37, 0xce, 0x37, 0xce, 0x37, 0xce,
    0x37, 0xce, 0x37, 0xce, 0x16, 0xce, 0xf6, 0xc5, 0xf5, 0xc5, 0xf5, 0xc5,
    0x16, 0xce, 0x37, 0xce, 0x57, 0xd6, 0x57, 0xd6, 0x37, 0xce, 0x37, 0xce,
    0x36, 0xce, 0x77, 0xd6, 0x97, 0xd6, 0x75, 0xb5, 0x75, 0xb5, 0x75, 0xad,
    0x55, 0xad, 0x54, 0xad, 0x75, 0xb5, 0x75, 0xb5, 0x75, 0xb5, 0x95, 0xb5,
    0x95, 0xbd, 0xb6, 0xbd, 0x79, 0xd6, 0x81, 0x10, 0x95, 0xb5, 0x93, 0xbd,
    0x51, 0xbd, 0x6d, 0xa4, 0x36, 0xd6, 0x77, 0xd6, 0x57, 0xd6, 0x97, 0xd6,
    0xd1, 0xd4, 0x68, 0x9a, 0xa8, 0x82, 0xb5, 0xbd, 0x74, 0xb5, 0xae, 0xa4,
    0x10, 0xad, 0x74, 0xb5, 0xd1, 0x9c, 0xee, 0x8b, 0x69, 0x83, 0xc2, 0x9a,
    0xca, 0xab, 0xf6, 0xbd, 0xb5, 0xbd, 0xb5, 0xbd, 0x95, 0xb5, 0x94, 0xb5,
    0x94, 0xb5, 0x94, 0xb5, 0x74, 0xb5, 0x95, 0xb5, 0x95, 0xb5, 0x75, 0xb5,
    0x74, 0xb5, 0x54, 0xb5, 0x54, 0xad, 0x74, 0xad, 0x74, 0xad, 0x74, 0xad,
    0x54, 0xad, 0x74, 0xad, 0x75, 0xb5, 0x75, 0xb5, 0x75, 0xad, 0x54, 0xad,
    0x75, 0xad, 0x75, 0xb5, 0x74, 0xad, 0x74, 0xad, 0x75, 0xb5, 0x75, 0xb5,
    0x74, 0xad, 0x74, 0xad, 0x75, 0xb5, 0x75, 0xad, 0x75, 0xad, 0x75, 0xb5,
    0x75, 0xad, 0x75, 0xad, 0x95, 0xb5, 0x74, 0xad, 0x74, 0xad, 0x95, 0xb5,
    0x74, 0xad, 0x74, 0xad, 0x75, 0xb5, 0x75, 0xb5, 0x95, 0xb5, 0x94, 0xb5,
    0x95, 0xb5, 0x95, 0xb5, 0x95, 0xb5, 0x96, 0xb5, 0x95, 0xbd, 0x95, 0xb5,
    0x96, 0xb5, 0x95, 0xbd, 0x95, 0xb5, 0x95, 0xb5, 0x95, 0xbd, 0x95, 0xb5,
    0x94, 0xb5, 0x95, 0xb5, 0x95, 0xb5, 0x96, 0xb5, 0x95, 0xb5, 0xb6, 0xbd,
    0x96, 0xb5, 0x95, 0xb5, 0x96, 0xbd, 0x95, 0xb5, 0x75, 0xbd, 0x75, 0xb5,
    0x95, 0xb5, 0x95, 0xb5, 0x95, 0xb5, 0x96, 0xbd, 0x95, 0xb5, 0x95, 0xb5,
    0x96, 0xb5, 0x95, 0xb5, 0x96, 0xbd, 0x95, 0xb5, 0xb6, 0xb5, 0xb6, 0xbd,
    0xb5, 0xbd, 0xb6, 0xbd, 0xb6, 0xb5, 0x96, 0xbd, 0x95, 0xb5, 0xb6, 0xbd,
    0x95, 0xb5, 0x96, 0xbd, 0xb5, 0xb5, 0xb6, 0xb5, 0xb5, 0xbd, 0xb5, 0xb5,
    0x96, 0xb5, 0xb5, 0xb5, 0xb6, 0xbd, 0x95, 0xb5, 0xb6, 0xbd, 0xb6, 0xb5,
    0xb6, 0xbd, 0xb6, 0xbd, 0xb6, 0xbd, 0xb6, 0xbd, 0xd6, 0xbd, 0xd6, 0xbd,
    0xb6, 0xbd, 0xd6, 0xbd, 0xd7, 0xbd, 0xd7, 0xbd, 0xd6, 0xbd, 0xd6, 0xbd,
    0xd6, 0xbd, 0xd7, 0xbd, 0xd6, 0xbd, 0xf7, 0xc5, 0x18, 0xc6, 0x71, 0x94,
    0x2c, 0x6b, 0x4c, 0x6b, 0x0c, 0x6b, 0xaa, 0x62, 0x10, 0x8c, 0xd2, 0xa4,
    0x74, 0xb5, 0xf3, 0xb4, 0x34, 0xb5, 0xb2, 0x9c, 0xaa, 0x5a, 0x0b, 0x63,
    0xeb, 0x62, 0x0b, 0x63, 0xeb, 0x62, 0xeb, 0x5a, 0xeb, 0x62, 0xeb, 0x62,
    0xeb, 0x5a, 0x6d, 0x6b, 0x24, 0x29, 0x20, 0x08, 0x61, 0x08, 0x41, 0x08,
    0x40, 0x08, 0x20, 0x08, 0x71, 0x94, 0xb9, 0xd6, 0x77, 0xce, 0x78, 0xd6,
    0x57, 0xce, 0x78, 0xd6, 0x99, 0xde, 0x99, 0xd6, 0x98, 0xd6, 0xda, 0xde,
    0x78, 0xd6, 0xb4, 0xc5, 0xd0, 0xac, 0x32, 0xbd, 0x89, 0x93, 0xc6, 0x8a,
    0x84, 0x7a, 0xaf, 0xa4, 0x94, 0xb5, 0x16, 0xce, 0x17, 0xce, 0x17, 0xc6,
    0x17, 0xce, 0x37, 0xce, 0x17, 0xce, 0x17, 0xce, 0x17, 0xc6, 0x17, 0xc6,
    0x37, 0xc6, 0x17, 0xc6, 0x17, 0xc6, 0x37, 0xc6, 0x17, 0xce, 0x17, 0xce,
    0x37, 0xce, 0x16, 0xc6, 0x16, 0xc6, 0xf6, 0xc5, 0xf6, 0xc5, 0x17, 0xce,
    0x17, 0xce, 0x16, 0xc6, 0x16, 0xc6, 0x17, 0xce, 0x17, 0xce, 0x37, 0xce,
    0x17, 0xce, 0x16, 0xc6, 0x37, 0xce, 0x37, 0xce, 0x37, 0xce, 0x37, 0xce,
    0x37, 0xc6, 0x17, 0xc6, 0x16, 0xc6, 0x16, 0xc6, 0x16, 0xc6, 0x17, 0xce,
    0x37, 0xce, 0x37, 0xce, 0x57, 0xce, 0x57, 0xce, 0x37, 0xce, 0x37, 0xce,
    0x37, 0xce, 0x78, 0xd6, 0x37, 0xce, 0xf6, 0xc5, 0xd6, 0xbd, 0x94, 0xb5,
    0x2f, 0x8c, 0x4c, 0x73, 0x33, 0xb5, 0xf2, 0xac, 0x57, 0xd6, 0x37, 0xd6,
    0xd5, 0xc5, 0x95, 0xbd, 0x17, 0xce, 0x33, 0xb5, 0x78, 0xde, 0x78, 0xde,
    0x0b, 0x6b, 0x4c, 0x73, 0x0f, 0x8c, 0x91, 0x9c, 0x20, 0x10, 0xc2, 0x20,
    0xa2, 0x18, 0x2b, 0x7b, 0x60, 0x49, 0x61, 0x51, 0x61, 0x51, 0x20, 0x49,
    0xcd, 0x8b, 0xd5, 0xc5, 0xd5, 0xc5, 0x2e, 0x94, 0x41, 0x49, 0xe9, 0x72,
    0x16, 0xce, 0xf6, 0xc5, 0xf5, 0xc5, 0xf6, 0xcd, 0xf6, 0xc5, 0x16, 0xce,
    0x37, 0xce, 0x16, 0xce, 0x17, 0xce, 0x37, 0xce, 0x37, 0xce, 0xf6, 0xc5,
    0xd6, 0xc5, 0xf5, 0xc5, 0x16, 0xce, 0x16, 0xce, 0xf6, 0xcd, 0x16, 0xce,
    0x36, 0xce, 0x17, 0xc6, 0x37, 0xce, 0x37, 0xce, 0x57, 0xce, 0x37, 0xce,
    0x37, 0xce, 0x16, 0xc6, 0x57, 0xce, 0x57, 0xce, 0x16, 0xce, 0xf6, 0xc5,
    0x16, 0xc6, 0x36, 0xce, 0x36, 0xce, 0x37, 0xce, 0x37, 0xce, 0x37, 0xce,
    0x57, 0xd6, 0x37, 0xd6, 0x37, 0xce, 0x16, 0xce, 0x16, 0xce, 0x17, 0xce,
    0x75, 0xb5, 0x75, 0xb5, 0x54, 0xad, 0x54, 0xb5, 0x75, 0xb5, 0x75, 0xb5,
    0x75, 0xb5, 0x95, 0xb5, 0x95, 0xb5, 0x96, 0xbd, 0x37, 0xce, 0x00, 0x00,
    0x30, 0x84, 0x0d, 0x8c, 0x6e, 0xa4, 0xeb, 0xa3, 0x72, 0xb5, 0xb8, 0xd6,
    0x77, 0xd6, 0x97, 0xce, 0x32, 0xcd, 0xe6, 0x99, 0x87, 0x82, 0x17, 0xc6,
    0x94, 0xb5, 0x4c, 0xa4, 0x11, 0xb5, 0x54, 0xb5, 0x33, 0xad, 0x2f, 0x8c,
    0x8b, 0x83, 0x67, 0x9b, 0x61, 0x9a, 0x94, 0xc5, 0xd6, 0xb5, 0xb5, 0xbd,
    0x95, 0xbd, 0x95, 0xb5, 0x94, 0xb5, 0x95, 0xb5, 0x74, 0xb5, 0x74, 0xb5,
    0x74, 0xb5, 0x74, 0xb5, 0x74, 0xb5, 0x54, 0xad, 0x74, 0xad, 0x54, 0xad,
    0x54, 0xad, 0x54, 0xad, 0x54, 0xad, 0x54, 0xad, 0x54, 0xad, 0x54, 0xad,
    0x55, 0xb5, 0x75, 0xb5, 0x75, 0xad, 0x75, 0xb5, 0x74, 0xad, 0x74, 0xad,
    0x74, 0xad, 0x75, 0xb5, 0x74, 0xb5, 0x74, 0xb5, 0x75, 0xb5, 0x75, 0xad,
    0x75, 0xb5, 0x75, 0xad, 0x75, 0xb5, 0x75, 0xb5, 0x74, 0xb5, 0x75, 0xb5,
    0x74, 0xad, 0x74, 0xad, 0x75, 0xb5, 0x74, 0xb5, 0x94, 0xb5, 0x74, 0xad,
    0x95, 0xb5, 0x95, 0xb5, 0x95, 0xb5, 0x95, 0xb5, 0x95, 0xb5, 0x95, 0xb5,
    0x96, 0xb5, 0x95, 0xb5, 0x95, 0xb5, 0x95, 0xb5, 0x95, 0xb5, 0x95, 0xb5,
    0xb5, 0xb5, 0x95, 0xb5, 0x95, 0xb5, 0x95, 0xb5, 0x95, 0xb5, 0xb5, 0xbd,
    0x95, 0xb5, 0x96, 0xb5, 0xb5, 0xbd, 0x96, 0xb5, 0xb5, 0xbd, 0x95, 0xb5,
    0x75, 0xb5, 0x75, 0xb5, 0x95, 0xb5, 0x95, 0xbd, 0x95, 0xb5, 0x96, 0xb5,
    0x95, 0xb5, 0x95, 0xb5, 0x96, 0xb5, 0x95, 0xb5, 0xb5, 0xb5, 0x95, 0xb5,
    0x96, 0xbd, 0x96, 0xb5, 0x95, 0xb5, 0xb6, 0xb5, 0x96, 0xbd, 0xb5, 0xb5,
    0xb6, 0xb5, 0x96, 0xbd, 0x96, 0xb5, 0xb5, 0xb5, 0x96, 0xbd, 0x96, 0xb5,
    0x96, 0xbd, 0xb6, 0xb5, 0x95, 0xb5, 0x96, 0xbd, 0xb5, 0xb5, 0x95, 0xb5,
    0xb6, 0xbd, 0xb6, 0xb5, 0xb6, 0xbd, 0xb6, 0xbd, 0xb6, 0xb5, 0xd6, 0xbd,
    0xd6, 0xbd, 0xd6, 0xbd, 0xb6, 0xb5, 0xd7, 0xbd, 0xd6, 0xbd, 0xd6, 0xbd,
    0xd7, 0xbd, 0xd6, 0xbd, 0xd6, 0xbd, 0xf7, 0xbd, 0x18, 0xc6, 0xd3, 0x9c,
    0x6c, 0x6b, 0x6d, 0x73, 0x4c, 0x73, 0x0b, 0x6b, 0x4c, 0x73, 0xf7, 0xcd,
    0x91, 0x94, 0xd2, 0xa4, 0x50, 0x94, 0x55, 0xb5, 0x71, 0x94, 0xca, 0x5a,
    0x0c, 0x63, 0x0b, 0x63, 0x0b, 0x63, 0xec, 0x62, 0x0c, 0x63, 0xeb, 0x62,
    0xec, 0x62, 0xeb, 0x62, 0x6d, 0x6b, 0xce, 0x7b, 0x45, 0x29, 0xa2, 0x18,
    0x82, 0x10, 0x20, 0x08, 0x40, 0x08, 0x00, 0x00, 0xca, 0x5a, 0x79, 0xd6,
    0x78, 0xd6, 0x57, 0xce, 0x78, 0xd6, 0x57, 0xce, 0x58, 0xd6, 0x98, 0xd6,
    0x78, 0xd6, 0x78, 0xd6, 0x78, 0xd6, 0x78, 0xd6, 0x58, 0xd6, 0x57, 0xd6,
    0xd5, 0xc5, 0x53, 0xc5, 0xd5, 0xcd, 0x36, 0xd6, 0x95, 0xbd, 0xf6, 0xcd,
    0x37, 0xce, 0x37, 0xce, 0x37, 0xce, 0x37, 0xce, 0x37, 0xce, 0x16, 0xce,
    0x37, 0xc6, 0x37, 0xc6, 0x16, 0xc6, 0x37, 0xce, 0x37, 0xce, 0x37, 0xc6,
    0x16, 0xce, 0x17, 0xce, 0x16, 0xc6, 0x17, 0xce, 0x37, 0xce, 0x37, 0xce,
    0x17, 0xce, 0x37, 0xce, 0x17, 0xce, 0x37, 0xce, 0x37, 0xce, 0x37, 0xce,
    0x37, 0xce, 0x16, 0xc6, 0x17, 0xce, 0x37, 0xce, 0x37, 0xce, 0x37, 0xce,
    0x37, 0xce, 0x37, 0xce, 0x57, 0xce, 0x57, 0xce, 0x37, 0xce, 0x37, 0xce,
    0x37, 0xce, 0x37, 0xc6, 0x37, 0xce, 0x57, 0xce, 0x57, 0xce, 0x37, 0xce,
    0x57, 0xce, 0x58, 0xce, 0x58, 0xd6, 0x57, 0xce, 0x37, 0xce, 0x37, 0xce,
    0x16, 0xc6, 0xd2, 0xa4, 0xb5, 0xbd, 0x0b, 0x6b, 0xef, 0x8b, 0x54, 0xb5,
    0x57, 0xd6, 0x37, 0xd6, 0x37, 0xd6, 0x57, 0xd6, 0x37, 0xd6, 0x94, 0xbd,
    0x95, 0xbd, 0x37, 0xd6, 0x98, 0xde, 0x91, 0x9c, 0x70, 0x94, 0xc6, 0x41,
    0x85, 0x39, 0x40, 0x10, 0x81, 0x18, 0x2b, 0x7b, 0x60, 0x49, 0x61, 0x51,
    0xa2, 0x59, 0x61, 0x51, 0x63, 0x41, 0x36, 0xce, 0xf5, 0xc5, 0xd5, 0xc5,
    0xa3, 0x59, 0xc8, 0x6a, 0x17, 0xce, 0xd5, 0xc5, 0xd5, 0xc5, 0xf6, 0xcd,
    0xd5, 0xc5, 0x16, 0xce, 0x37, 0xd6, 0x37, 0xce, 0x17, 0xce, 0x37, 0xce,
    0x37, 0xce, 0x17, 0xce, 0xd6, 0xc5, 0xd5, 0xc5, 0xf6, 0xc5, 0xf6, 0xc5,
    0xf5, 0xc5, 0x16, 0xce, 0x36, 0xce, 0x37, 0xce, 0x37, 0xce, 0x37, 0xce,
    0x37, 0xce, 0x57, 0xce, 0x37, 0xce, 0x37, 0xc6, 0x37, 0xce, 0x37, 0xce,
    0xf6, 0xc5, 0x17, 0xce, 0x16, 0xce, 0x37, 0xce, 0x37, 0xd6, 0x37, 0xce,
    0x57, 0xd6, 0x37, 0xce, 0x37, 0xce, 0x37, 0xd6, 0x37, 0xd6, 0x37, 0xd6,
    0xd6, 0xc5, 0x58, 0xce, 0x94, 0xb5, 0x75, 0xb5, 0x75, 0xb5, 0x75, 0xb5,
    0x75, 0xb5, 0x74, 0xb5, 0x75, 0xb5, 0x75, 0xb5, 0x95, 0xb5, 0x96, 0xbd,
    0xd2, 0xa4, 0x00, 0x00, 0x30, 0x8c, 0xed, 0x83, 0xab, 0x8b, 0xaa, 0x93,
    0x90, 0x94, 0x16, 0xce, 0x77, 0xd6, 0x57, 0xce, 0x97, 0xe6, 0x47, 0x9a,
    0x67, 0x92, 0x91, 0xa4, 0xb4, 0xbd, 0x4d, 0xa4, 0x11, 0xb5, 0x55, 0xb5,
    0x54, 0xb5, 0x50, 0x8c, 0x8b, 0x83, 0x0e, 0x94, 0xa6, 0xa3, 0x26, 0xa3,
    0xf6, 0xc5, 0xb6, 0xbd, 0xb5, 0xbd, 0xb5, 0xbd, 0xb5, 0xbd, 0x95, 0xb5,
    0x75, 0xb5, 0x74, 0xb5, 0x75, 0xb5, 0x74, 0xb5, 0x74, 0xb5, 0x54, 0xb5,
    0x74, 0xb5, 0x74, 0xb5, 0x74, 0xad, 0x74, 0xb5, 0x74, 0xb5, 0x74, 0xad,
    0x55, 0xad, 0x55, 0xad, 0x74, 0xad, 0x54, 0xad, 0x55, 0xb5, 0x55, 0xad,
    0x74, 0xb5, 0x74, 0xb5, 0x74, 0xad, 0x74, 0xad, 0x74, 0xad, 0x74, 0xb5,
    0x75, 0xb5, 0x75, 0xb5, 0x75, 0xb5, 0x75, 0xb5, 0x75, 0xad, 0x75, 0xb5,
    0x74, 0xad, 0x74, 0xad, 0x74, 0xb5, 0x74, 0xb5, 0x74, 0xad, 0x75, 0xb5,
    0x74, 0xad, 0x74, 0xad, 0x94, 0xb5, 0x75, 0xb5, 0x95, 0xb5, 0x95, 0xb5,
    0x95, 0xb5, 0x96, 0xb5, 0x95, 0xb5, 0x96, 0xb5, 0x95, 0xb5, 0x95, 0xb5,
    0x95, 0xb5, 0x95, 0xb5, 0x95, 0xb5, 0x95, 0xb5, 0x94, 0xb5, 0x95, 0xb5,
    0x95, 0xbd, 0xb6, 0xb5, 0x95, 0xb5, 0x96, 0xb5, 0xb6, 0xbd, 0xb6, 0xb5,
    0x95, 0xb5, 0x75, 0xb5, 0x75, 0xbd, 0x75, 0xb5, 0x95, 0xb5, 0x95, 0xb5,
    0x75, 0xb5, 0x96, 0xb5, 0x95, 0xb5, 0x95, 0xb5, 0x96, 0xbd, 0x96, 0xb5,
    0x96, 0xb5, 0x95, 0xb5, 0xb6, 0xb5, 0xb6, 0xb5, 0x95, 0xb5, 0x95, 0xb5,
    0x96, 0xb5, 0xb5, 0xbd, 0x95, 0xb5, 0x96, 0xb5, 0x96, 0xbd, 0x95, 0xb5,
    0x96, 0xb5, 0x95, 0xbd, 0xb6, 0xb5, 0x96, 0xbd, 0xb5, 0xb5, 0x96, 0xbd,
    0x96, 0xb5, 0x95, 0xb5, 0xb6, 0xbd, 0xb6, 0xbd, 0xb6, 0xb5, 0xd6, 0xbd,
    0xb6, 0xb5, 0xb6, 0xbd, 0xd6, 0xbd, 0xb6, 0xbd, 0xd7, 0xbd, 0xd6, 0xbd,
    0xd6, 0xbd, 0xd7, 0xbd, 0xd6, 0xbd, 0xd7, 0xbd, 0x38, 0xce, 0x54, 0xad,
    0x8e, 0x73, 0x6d, 0x7b, 0x6d, 0x7b, 0x0b, 0x6b, 0x8d, 0x7b, 0xf2, 0xa4,
    0xb9, 0xe6, 0x2f, 0x8c, 0x6f, 0x94, 0x0f, 0x8c, 0x33, 0xb5, 0x10, 0x84,
    0xeb, 0x62, 0x4c, 0x6b, 0x0b, 0x63, 0xeb, 0x62, 0xeb, 0x62, 0xeb, 0x5a,
    0x0c, 0x63, 0x0c, 0x63, 0x0c, 0x63, 0x6e, 0x73, 0x6d, 0x73, 0xc2, 0x18,
    0x61, 0x10, 0x20, 0x08, 0x20, 0x08, 0x20, 0x08, 0x40, 0x08, 0x20, 0x08,
    0x62, 0x10, 0x95, 0xb5, 0x57, 0xce, 0x99, 0xd6, 0x78, 0xd6, 0x78, 0xd6,
    0x58, 0xce, 0x98, 0xd6, 0x99, 0xde, 0x78, 0xd6, 0x78, 0xd6, 0x98, 0xd6,
    0x57, 0xce, 0x37, 0xce, 0x57, 0xce, 0xf7, 0xc5, 0x16, 0xce, 0x16, 0xc6,
    0xb5, 0xc5, 0xb5, 0xc5, 0x37, 0xce, 0x16, 0xce, 0x37, 0xce, 0x16, 0xc6,
    0x37, 0xce, 0x57, 0xce, 0x57, 0xce, 0x57, 0xce, 0x57, 0xce, 0x57, 0xce,
    0x37, 0xce, 0x37, 0xc6, 0x37, 0xce, 0x37, 0xce, 0x16, 0xce, 0x17, 0xc6,
    0x16, 0xc6, 0xf6, 0xc5, 0x17, 0xce, 0x16, 0xc6, 0x17, 0xc6, 0x17, 0xce,
    0x16, 0xc6, 0x16, 0xc6, 0x17, 0xce, 0x37, 0xce, 0x37, 0xce, 0x37, 0xce,
    0x37, 0xce, 0x17, 0xce, 0x17, 0xc6, 0x16, 0xc6, 0x17, 0xc6, 0x37, 0xce,
    0x37, 0xce, 0x37, 0xce, 0x17, 0xc6, 0x37, 0xce, 0x57, 0xce, 0x57, 0xce,
    0x37, 0xce, 0x37, 0xce, 0x58, 0xce, 0x58, 0xd6, 0x37, 0xce, 0x37, 0xce,
    0x37, 0xce, 0x37, 0xce, 0x57, 0xce, 0x74, 0xb5, 0x57, 0xce, 0x4c, 0x6b,
    0x8d, 0x7b, 0xb2, 0xa4, 0x57, 0xd6, 0x58, 0xd6, 0x37, 0xce, 0x37, 0xd6,
    0x37, 0xd6, 0x37, 0xd6, 0xf6, 0xcd, 0xd6, 0xc5, 0x37, 0xd6, 0x78, 0xde,
    0xd5, 0xc5, 0x53, 0xb5, 0xa9, 0x5a, 0xe2, 0x20, 0x40, 0x08, 0xc9, 0x6a,
    0x80, 0x49, 0x20, 0x41, 0xa3, 0x59, 0xe1, 0x48, 0xa0, 0x30, 0x6b, 0x73,
    0x73, 0xb5, 0x70, 0x94, 0xcc, 0x93, 0xe9, 0x72, 0x57, 0xd6, 0xf6, 0xc5,
    0xd6, 0xc5, 0xf6, 0xcd, 0xf6, 0xcd, 0x16, 0xce, 0xd5, 0xc5, 0x37, 0xce,
    0x37, 0xce, 0x37, 0xce, 0x37, 0xce, 0x37, 0xce, 0xf6, 0xc5, 0xd5, 0xc5,
    0xd5, 0xc5, 0x16, 0xce, 0xf6, 0xcd, 0x16, 0xce, 0x36, 0xce, 0x37, 0xce,
    0x37, 0xce, 0x17, 0xce, 0x37, 0xce, 0x37, 0xce, 0x57, 0xce, 0x17, 0xc6,
    0x58, 0xce, 0x37, 0xce, 0x17, 0xce, 0xf6, 0xc5, 0xf6, 0xcd, 0x37, 0xce,
    0x58, 0xd6, 0x37, 0xd6, 0x57, 0xd6, 0x37, 0xce, 0x37, 0xce, 0x57, 0xd6,
    0x57, 0xd6, 0xf6, 0xc5, 0x16, 0xce, 0x58, 0xd6, 0xb5, 0xbd, 0x75, 0xb5,
    0x75, 0xb5, 0x75, 0xb5, 0x75, 0xb5, 0x75, 0xb5, 0x95, 0xb5, 0x75, 0xb5,
    0x75, 0xb5, 0xb6, 0xbd, 0xce, 0x7b, 0x00, 0x00, 0x51, 0x8c, 0xed, 0x83,
    0xac, 0x8b, 0x6a, 0x83, 0x34, 0xad, 0x13, 0xad, 0x37, 0xd6, 0x97, 0xd6,
    0x98, 0xd6, 0xac, 0xbb, 0x87, 0x9a, 0x89, 0x7a, 0xb0, 0xa4, 0x6d, 0xa4,
    0x31, 0xb5, 0x34, 0xb5, 0x74, 0xb5, 0x90, 0x94, 0xac, 0x83, 0xcc, 0x83,
    0x34, 0xbd, 0x25, 0x9b, 0xad, 0xc4, 0xf6, 0xbd, 0xd5, 0xbd, 0xb5, 0xbd,
    0xb5, 0xbd, 0xb5, 0xb5, 0x74, 0xb5, 0x75, 0xb5, 0x74, 0xb5, 0x75, 0xb5,
    0x74, 0xb5, 0x75, 0xb5, 0x74, 0xad, 0x74, 0xad, 0x74, 0xb5, 0x74, 0xb5,
    0x74, 0xad, 0x74, 0xb5, 0x55, 0xad, 0x75, 0xb5, 0x75, 0xb5, 0x95, 0xb5,
    0x95, 0xb5, 0x95, 0xb5, 0x74, 0xad, 0x75, 0xb5, 0x74, 0xb5, 0x74, 0xb5,
    0x95, 0xb5, 0x95, 0xad, 0x75, 0xb5, 0x75, 0xb5, 0x95, 0xb5, 0x95, 0xb5,
    0x95, 0xb5, 0x75, 0xb5, 0x74, 0xad, 0x74, 0xad, 0x75, 0xb5, 0x74, 0xb5,
    0x74, 0xad, 0x75, 0xad, 0x74, 0xb5, 0x75, 0xad, 0x74, 0xb5, 0x75, 0xb5,
    0x95, 0xb5, 0x95, 0xb5, 0x96, 0xb5, 0x95, 0xb5, 0x95, 0xb5, 0x96, 0xbd,
    0x96, 0xb5, 0x95, 0xb5, 0x95, 0xbd, 0x95, 0xb5, 0x94, 0xb5, 0xb5, 0xb5,
    0x94, 0xb5, 0x95, 0xb5, 0x95, 0xb5, 0x96, 0xb5, 0x95, 0xb5, 0xb6, 0xbd,
    0x96, 0xb5, 0x95, 0xb5, 0x95, 0xbd, 0x95, 0xb5, 0x74, 0xb5, 0x95, 0xb5,
    0x95, 0xb5, 0x96, 0xbd, 0x95, 0xb5, 0x95, 0xbd, 0x96, 0xb5, 0x95, 0xb5,
    0x95, 0xb5, 0x96, 0xbd, 0x95, 0xb5, 0x95, 0xb5, 0x96, 0xbd, 0x95, 0xbd,
    0x96, 0xbd, 0x96, 0xb5, 0xb5, 0xbd, 0x96, 0xb5, 0xb6, 0xb5, 0xb5, 0xb5,
    0xb5, 0xb5, 0xb6, 0xb5, 0xb5, 0xb5, 0xb5, 0xbd, 0x95, 0xb5, 0xb6, 0xb5,
    0xb6, 0xbd, 0x95, 0xb5, 0xb6, 0xb5, 0xb6, 0xbd, 0xb6, 0xb5, 0xb6, 0xbd,
    0xb6, 0xbd, 0xb6, 0xbd, 0xb6, 0xbd, 0xb6, 0xbd, 0xd6, 0xbd, 0xb6, 0xbd,
    0xd6, 0xbd, 0xd6, 0xbd, 0xd7, 0xbd, 0xd6, 0xbd, 0xf7, 0xc5, 0xd6, 0xbd,
    0xee, 0x83, 0xad, 0x7b, 0x8d, 0x7b, 0x6d, 0x7b, 0x71, 0x9c, 0xb5, 0xc5,
    0xf7, 0xc5, 0x58, 0xce, 0xee, 0x8b, 0x2f, 0x94, 0x2f, 0x8c, 0xf2, 0xa4,
    0xce, 0x83, 0x0b, 0x63, 0x2c, 0x6b, 0x0c, 0x63, 0x0b, 0x63, 0xeb, 0x62,
    0xeb, 0x5a, 0xeb, 0x5a, 0xec, 0x62, 0x0c, 0x63, 0xae, 0x73, 0xe7, 0x39,
    0x41, 0x08, 0x21, 0x08, 0x41, 0x08, 0x20, 0x08, 0x20, 0x00, 0x20, 0x08,
    0x20, 0x00, 0x40, 0x08, 0x00, 0x00, 0x0b, 0x63, 0x54, 0xb5, 0x98, 0xd6,
    0x98, 0xd6, 0x78, 0xd6, 0x58, 0xd6, 0x58, 0xd6, 0xb9, 0xde, 0x98, 0xde,
    0x58, 0xd6, 0x57, 0xd6, 0x58, 0xd6, 0x78, 0xd6, 0x37, 0xce, 0x57, 0xce,
    0x37, 0xce, 0x16, 0xce, 0xb5, 0xc5, 0x32, 0xb5, 0x16, 0xc6, 0x37, 0xc6,
    0x37, 0xce, 0x37, 0xce, 0x37, 0xce, 0x37, 0xce, 0x37, 0xce, 0x37, 0xce,
    0x17, 0xc6, 0x37, 0xce, 0x37, 0xce, 0x37, 0xc6, 0x16, 0xc6, 0x16, 0xc6,
    0x17, 0xce, 0x16, 0xce, 0x17, 0xce, 0x16, 0xc6, 0x17, 0xce, 0x37, 0xce,
    0x37, 0xce, 0x37, 0xce, 0x37, 0xce, 0x17, 0xce, 0x16, 0xc6, 0x16, 0xc6,
    0x16, 0xc6, 0x16, 0xc6, 0x16, 0xc6, 0x37, 0xce, 0x16, 0xc6, 0x37, 0xce,
    0x57, 0xce, 0x37, 0xce, 0x17, 0xce, 0x17, 0xce, 0x37, 0xce, 0x57, 0xce,
    0x37, 0xce, 0x37, 0xce, 0x37, 0xce, 0x58, 0xd6, 0x37, 0xce, 0x57, 0xce,
    0x57, 0xd6, 0x58, 0xd6, 0x37, 0xc6, 0x17, 0xce, 0x37, 0xce, 0xf6, 0xc5,
    0x16, 0xc6, 0x70, 0x94, 0x6d, 0x73, 0x91, 0x9c, 0x78, 0xd6, 0x16, 0xce,
    0x37, 0xce, 0x37, 0xce, 0x57, 0xd6, 0x37, 0xce, 0x37, 0xce, 0x37, 0xd6,
    0x16, 0xce, 0x57, 0xd6, 0x57, 0xd6, 0xd5, 0xc5, 0x17, 0xce, 0x2f, 0x8c,
    0x24, 0x29, 0x26, 0x5a, 0x80, 0x49, 0x21, 0x41, 0xa1, 0x30, 0x81, 0x28,
    0x02, 0x31, 0x40, 0x18, 0x67, 0x5a, 0x8c, 0x7b, 0x0e, 0x8c, 0xa5, 0x41,
    0x78, 0xd6, 0xf5, 0xc5, 0xf5, 0xc5, 0x16, 0xce, 0xf5, 0xc5, 0xf6, 0xc5,
    0x75, 0xbd, 0x17, 0xc6, 0x58, 0xd6, 0x37, 0xce, 0x37, 0xce, 0x17, 0xce,
    0x16, 0xce, 0xd5, 0xc5, 0xb5, 0xbd, 0x17, 0xc6, 0x16, 0xc6, 0x16, 0xc6,
    0x16, 0xce, 0x37, 0xce, 0x37, 0xce, 0x37, 0xce, 0x37, 0xce, 0x37, 0xce,
    0x37, 0xce, 0x37, 0xce, 0x37, 0xce, 0x37, 0xce, 0x37, 0xce, 0x37, 0xce,
    0x37, 0xce, 0x37, 0xce, 0x37, 0xce, 0x57, 0xce, 0x37, 0xce, 0x57, 0xd6,
    0x78, 0xd6, 0x37, 0xce, 0xf6, 0xc5, 0x16, 0xce, 0x16, 0xc6, 0x37, 0xce,
    0xf6, 0xc5, 0x75, 0xb5, 0x95, 0xb5, 0x75, 0xb5, 0x75, 0xb5, 0x55, 0xb5,
    0x95, 0xb5, 0x75, 0xb5, 0x75, 0xb5, 0xb6, 0xbd, 0xa9, 0x5a, 0x82, 0x18,
    0x50, 0x8c, 0xad, 0x7b, 0xab, 0x83, 0x49, 0x7b, 0x74, 0xb5, 0x75, 0xb5,
    0x54, 0xad, 0x36, 0xce, 0xb8, 0xd6, 0x74, 0xd5, 0x66, 0x9a, 0xa8, 0x82,
    0x8b, 0x8b, 0x6d, 0xac, 0x31, 0xb5, 0x54, 0xb5, 0x54, 0xb5, 0xd2, 0x9c,
    0xcd, 0x83, 0x8c, 0x7b, 0x32, 0xad, 0x33, 0xb5, 0xa4, 0x92, 0xf4, 0xcd,
    0xd7, 0xbd, 0xd5, 0xbd, 0xb5, 0xbd, 0x95, 0xb5, 0x95, 0xbd, 0x75, 0xb5,
    0x95, 0xb5, 0x74, 0xb5, 0x75, 0xb5, 0x75, 0xb5, 0x54, 0xb5, 0x54, 0xad,
    0x54, 0xad, 0x54, 0xad, 0x54, 0xb5, 0x74, 0xad, 0xf3, 0xa4, 0x33, 0xad,
    0xf2, 0xa4, 0xd2, 0xa4, 0x34, 0xad, 0x95, 0xb5, 0x74, 0xad, 0x75, 0xb5,
    0x74, 0xb5, 0x95, 0xb5, 0x75, 0xb5, 0x74, 0xad, 0x95, 0xb5, 0x95, 0xad,
    0x75, 0xb5, 0x75, 0xb5, 0x75, 0xb5, 0x75, 0xb5, 0x75, 0xb5, 0x75, 0xad,
    0x75, 0xb5, 0x94, 0xad, 0x94, 0xb5, 0x75, 0xb5, 0x94, 0xb5, 0x74, 0xb5,
    0x94, 0xb5, 0x94, 0xb5, 0x95, 0xb5, 0x95, 0xb5, 0x95, 0xb5, 0x95, 0xb5,
    0x95, 0xb5, 0x95, 0xb5, 0x95, 0xb5, 0x95, 0xb5, 0x95, 0xb5, 0x95, 0xb5,
    0x95, 0xb5, 0x95, 0xb5, 0x95, 0xb5, 0x95, 0xb5, 0x96, 0xbd, 0x95, 0xb5,
    0x96, 0xb5, 0xb5, 0xbd, 0xb6, 0xb5, 0x95, 0xb5, 0x95, 0xbd, 0x74, 0xb5,
    0x75, 0xbd, 0x95, 0xb5, 0x95, 0xb5, 0x96, 0xbd, 0x95, 0xb5, 0x96, 0xbd,
    0x96, 0xb5, 0x95, 0xb5, 0x95, 0xb5, 0xb6, 0xb5, 0x95, 0xb5, 0xb6, 0xb5,
    0x96, 0xbd, 0xb4, 0xbd, 0xb5, 0xb5, 0xb6, 0xb5, 0xb6, 0xbd, 0x95, 0xb5,
    0xb6, 0xb5, 0x95, 0xb5, 0xb6, 0xb5, 0x96, 0xb5, 0x95, 0xb5, 0xb6, 0xb5,
    0x96, 0xbd, 0x95, 0xb5, 0xb6, 0xb5, 0x95, 0xb5, 0xb6, 0xbd, 0xb6, 0xbd,
    0xb6, 0xb5, 0xb6, 0xbd, 0xb6, 0xbd, 0xb6, 0xb5, 0xb6, 0xbd, 0xd6, 0xbd,
    0xd6, 0xbd, 0xd7, 0xbd, 0xb6, 0xbd, 0xd6, 0xbd, 0xd6, 0xbd, 0x17, 0xc6,
    0x71, 0x94, 0x6c, 0x73, 0xad, 0x7b, 0x8c, 0x7b, 0x70, 0x94, 0x37, 0xce,
    0x36, 0xc6, 0xf6, 0xc5, 0x18, 0xc6, 0xee, 0x83, 0x30, 0x8c, 0x0f, 0x94,
    0x91, 0x9c, 0xad, 0x7b, 0x0b, 0x6b, 0x4c, 0x6b, 0x2c, 0x63, 0x0b, 0x63,
    0xeb, 0x62, 0xeb, 0x62, 0xec, 0x62, 0x0c, 0x63, 0x2c, 0x63, 0x6e, 0x73,
    0x04, 0x21, 0xc3, 0x18, 0x21, 0x08, 0x41, 0x08, 0x20, 0x08, 0x20, 0x00,
    0x20, 0x00, 0x21, 0x08, 0x20, 0x08, 0x20, 0x00, 0x20, 0x08, 0x00, 0x00,
    0xd2, 0x9c, 0xb6, 0xbd, 0x99, 0xd6, 0x78, 0xd6, 0x78, 0xde, 0x78, 0xd6,
    0x58, 0xd6, 0x78, 0xd6, 0x98, 0xde, 0x98, 0xd6, 0x78, 0xd6, 0x57, 0xce,
    0x37, 0xce, 0x58, 0xd6, 0x37, 0xce, 0x57, 0xce, 0xf6, 0xcd, 0xb0, 0xa4,
    0x32, 0xb5, 0x37, 0xce, 0x17, 0xc6, 0x17, 0xc6, 0x17, 0xce, 0x17, 0xc6,
    0x58, 0xce, 0x38, 0xce, 0x37, 0xce, 0x37, 0xce, 0x37, 0xce, 0x37, 0xce,
    0x17, 0xce, 0x17, 0xce, 0x37, 0xce, 0x37, 0xce, 0x37, 0xce, 0x37, 0xce,
    0x16, 0xce, 0x16, 0xc6, 0x16, 0xc6, 0x16, 0xc6, 0x16, 0xc6, 0x16, 0xc6,
    0x17, 0xce, 0x17, 0xce, 0x17, 0xce, 0x37, 0xce, 0x37, 0xce, 0x17, 0xce,
    0x37, 0xce, 0x37, 0xce, 0x37, 0xce, 0x37, 0xce, 0x37, 0xce, 0x37, 0xce,
    0x37, 0xce, 0x37, 0xce, 0x37, 0xce, 0x17, 0xce, 0x17, 0xc6, 0x37, 0xce,
    0x37, 0xce, 0x57, 0xce, 0x37, 0xce, 0x16, 0xc6, 0x37, 0xce, 0x57, 0xce,
    0x37, 0xc6, 0x36, 0xce, 0x16, 0xc6, 0x13, 0xad, 0x4c, 0x73, 0xee, 0x83,
    0x78, 0xd6, 0x37, 0xce, 0x37, 0xce, 0x37, 0xd6, 0x57, 0xd6, 0x37, 0xd6,
    0x37, 0xce, 0x37, 0xd6, 0x37, 0xce, 0x37, 0xce, 0x37, 0xce, 0x37, 0xce,
    0xd6, 0xc5, 0x37, 0xce, 0x75, 0xbd, 0x63, 0x41, 0x61, 0x49, 0x02, 0x41,
    0x61, 0x20, 0xc1, 0x28, 0x60, 0x18, 0x23, 0x31, 0xa1, 0x20, 0x0a, 0x6b,
    0xad, 0x7b, 0x68, 0x5a, 0x16, 0xc6, 0xf5, 0xc5, 0xf5, 0xc5, 0xf5, 0xc5,
    0xd5, 0xc5, 0xb6, 0xbd, 0x75, 0xb5, 0x34, 0xb5, 0x17, 0xce, 0x17, 0xce,
    0xd6, 0xc5, 0x38, 0xd6, 0x37, 0xce, 0xd5, 0xc5, 0xb5, 0xbd, 0xb6, 0xbd,
    0x16, 0xc6, 0x16, 0xce, 0x37, 0xce, 0x37, 0xce, 0x37, 0xce, 0x36, 0xce,
    0x37, 0xce, 0x37, 0xc6, 0x17, 0xc6, 0x37, 0xce, 0x37, 0xce, 0x37, 0xce,
    0x37, 0xc6, 0x37, 0xce, 0x57, 0xce, 0x57, 0xce, 0x58, 0xce, 0x58, 0xce,
    0x57, 0xce, 0x17, 0xce, 0x17, 0xce, 0x57, 0xd6, 0x37, 0xce, 0x78, 0xd6,
    0x17, 0xc6, 0x58, 0xce, 0xf7, 0xc5, 0x95, 0xb5, 0x95, 0xb5, 0x75, 0xb5,
    0x75, 0xb5, 0x75, 0xb5, 0x75, 0xb5, 0x75, 0xb5, 0x95, 0xb5, 0xb6, 0xbd,
    0xca, 0x5a, 0x28, 0x4a, 0xed, 0x7b, 0xac, 0x7b, 0x8a, 0x7b, 0x49, 0x7b,
    0x75, 0xb5, 0x75, 0xad, 0x94, 0xb5, 0x73, 0xb5, 0xf6, 0xbd, 0xf9, 0xe6,
    0xa8, 0xa2, 0x88, 0x8a, 0x0c, 0x9c, 0x4c, 0xa4, 0x31, 0xb5, 0x54, 0xb5,
    0x54, 0xb5, 0xf2, 0xa4, 0xcd, 0x83, 0x6c, 0x73, 0x33, 0xad, 0x54, 0xb5,
    0xd1, 0xb4, 0xe5, 0x9a, 0x58, 0xd6, 0xd6, 0xbd, 0x95, 0xbd, 0x95, 0xb5,
    0x95, 0xbd, 0x94, 0xb5, 0x75, 0xb5, 0x75, 0xbd, 0x94, 0xad, 0x74, 0xad,
    0x74, 0xad, 0x74, 0xb5, 0x74, 0xad, 0x74, 0xb5, 0x54, 0xb5, 0x33, 0xad,
    0x74, 0xb5, 0x54, 0xb5, 0x74, 0xb5, 0x54, 0xb5, 0xf3, 0xac, 0xd3, 0xa4,
    0x13, 0xa5, 0x33, 0xa5, 0x54, 0xad, 0xd1, 0x9c, 0x54, 0xad, 0xb5, 0xb5,
    0x95, 0xb5, 0x95, 0xb5, 0x95, 0xb5, 0x75, 0xad, 0x75, 0xad, 0x95, 0xb5,
    0x75, 0xb5, 0x95, 0xb5, 0x95, 0xb5, 0x94, 0xad, 0x74, 0xb5, 0x74, 0xbd,
    0x93, 0xb5, 0x94, 0xb5, 0x95, 0xb5, 0x94, 0xb5, 0x95, 0xb5, 0x95, 0xb5,
    0x95, 0xb5, 0x95, 0xb5, 0x95, 0xb5, 0x96, 0xb5, 0x95, 0xb5, 0x96, 0xb5,
    0x95, 0xb5, 0x95, 0xb5, 0x96, 0xbd, 0x96, 0xbd, 0x96, 0xb5, 0x96, 0xb5,
    0xb6, 0xbd, 0xb6, 0xb5, 0x95, 0xb5, 0xb6, 0xbd, 0x96, 0xb5, 0xb6, 0xb5,
    0x95, 0xbd, 0x74, 0xb5, 0x75, 0xbd, 0x75, 0xb5, 0x95, 0xb5, 0xb6, 0xbd,
    0x95, 0xb5, 0x95, 0xb5, 0x96, 0xb5, 0x95, 0xb5, 0x96, 0xb5, 0x95, 0xbd,
    0x95, 0xb5, 0xb6, 0xb5, 0x95, 0xbd, 0xb4, 0xb5, 0xb3, 0xbd, 0xb5, 0xb5,
    0x95, 0xb5, 0xb5, 0xbd, 0x96, 0xb5, 0xb5, 0xb5, 0xb6, 0xbd, 0xb6, 0xbd,
    0xb5, 0xb5, 0xb6, 0xb5, 0x96, 0xbd, 0xb5, 0xb5, 0x95, 0xb5, 0xb6, 0xbd,
    0xb6, 0xbd, 0xb6, 0xbd, 0xb5, 0xb5, 0xb6, 0xbd, 0xb6, 0xbd, 0xd6, 0xbd,
    0xd6, 0xbd, 0xd6, 0xbd, 0xb6, 0xbd, 0xb6, 0xbd, 0xd7, 0xbd, 0x17, 0xc6,
    0x95, 0xb5, 0x6c, 0x7b, 0xac, 0x7b, 0x8d, 0x7b, 0x0b, 0x6b, 0xf2, 0xac,
    0x37, 0xce, 0x16, 0xc6, 0x17, 0xc6, 0x17, 0xc6, 0xee, 0x83, 0x0f, 0x8c,
    0x0f, 0x94, 0x51, 0x9c, 0x6c, 0x73, 0x2b, 0x6b, 0x4b, 0x73, 0x4d, 0x6b,
    0x2c, 0x6b, 0x0b, 0x63, 0xeb, 0x5a, 0xeb, 0x62, 0x2d, 0x6b, 0x4d, 0x6b,
    0x6e, 0x73, 0x82, 0x10, 0xc3, 0x18, 0x41, 0x08, 0x00, 0x00, 0x20, 0x08,
    0x20, 0x00, 0x00, 0x00, 0x20, 0x00, 0x00, 0x00, 0x00, 0x00, 0x21, 0x08,
    0x20, 0x08, 0x20, 0x08, 0x00, 0x00, 0x51, 0x8c, 0x38, 0xce, 0x78, 0xde,
    0x78, 0xd6, 0x78, 0xde, 0x98, 0xde, 0x78, 0xd6, 0x78, 0xd6, 0xb9, 0xde,
    0x98, 0xd6, 0x98, 0xd6, 0x58, 0xd6, 0x78, 0xd6, 0x58, 0xd6, 0x78, 0xd6,
    0x15, 0xce, 0xaf, 0xac, 0xd0, 0xac, 0xb5, 0xbd, 0x37, 0xc6, 0x17, 0xc6,
    0x17, 0xce, 0xf7, 0xc5, 0x74, 0xb5, 0xf6, 0xc5, 0xf7, 0xc5, 0x17, 0xc6,
    0x16, 0xc6, 0x16, 0xc6, 0xf6, 0xc5, 0xf6, 0xc5, 0x37, 0xce, 0x37, 0xce,
    0x57, 0xce, 0x58, 0xce, 0x57, 0xce, 0x37, 0xce, 0x37, 0xce, 0x37, 0xce,
    0x37, 0xce, 0x37, 0xce, 0x37, 0xce, 0x17, 0xce, 0x16, 0xc6, 0x16, 0xc6,
    0x17, 0xce, 0x37, 0xce, 0x16, 0xc6, 0x17, 0xce, 0x37, 0xce, 0x17, 0xce,
    0x16, 0xc6, 0x37, 0xce, 0x37, 0xce, 0x37, 0xce, 0x37, 0xce, 0x57, 0xce,
    0x57, 0xce, 0x37, 0xce, 0x17, 0xce, 0x37, 0xce, 0x57, 0xce, 0x37, 0xce,
    0x37, 0xce, 0x37, 0xce, 0x37, 0xce, 0xf6, 0xc5, 0x37, 0xc6, 0x95, 0xbd,
    0x4c, 0x73, 0xae, 0x7b, 0x57, 0xd6, 0x37, 0xce, 0x37, 0xce, 0x57, 0xd6,
    0x57, 0xd6, 0x57, 0xd6, 0x37, 0xd6, 0x37, 0xce, 0x16, 0xce, 0x37, 0xd6,
    0x57, 0xd6, 0x37, 0xd6, 0x16, 0xce, 0x17, 0xce, 0xf7, 0xc5, 0xd2, 0xa4,
    0x42, 0x39, 0x01, 0x31, 0x81, 0x20, 0x81, 0x20, 0x81, 0x20, 0x81, 0x20,
    0x44, 0x31, 0xe6, 0x49, 0xe9, 0x6a, 0xc9, 0x6a, 0xd5, 0xc5, 0x15, 0xc6,
    0xf5, 0xc5, 0xf5, 0xc5, 0xd6, 0xc5, 0x55, 0xb5, 0x55, 0xb5, 0x54, 0xb5,
    0x34, 0xb5, 0xb7, 0xc5, 0x96, 0xbd, 0x17, 0xc6, 0x37, 0xce, 0xf7, 0xc5,
    0xb6, 0xbd, 0xb6, 0xb5, 0xd6, 0xbd, 0x37, 0xce, 0x36, 0xd6, 0x36, 0xce,
    0x37, 0xce, 0x37, 0xce, 0x37, 0xce, 0x37, 0xce, 0x37, 0xce, 0x37, 0xc6,
    0x37, 0xce, 0x17, 0xc6, 0x17, 0xc6, 0x37, 0xc6, 0x37, 0xce, 0x37, 0xce,
    0x37, 0xce, 0x57, 0xce, 0x37, 0xce, 0x37, 0xce, 0x78, 0xd6, 0x78, 0xd6,
    0x57, 0xd6, 0x37, 0xce, 0x37, 0xce, 0x58, 0xd6, 0xf6, 0xc5, 0x96, 0xbd,
    0x95, 0xb5, 0x75, 0xb5, 0x95, 0xb5, 0x75, 0xb5, 0x76, 0xb5, 0x95, 0xb5,
    0x95, 0xb5, 0xb6, 0xbd, 0xb2, 0x9c, 0x08, 0x42, 0xed, 0x7b, 0x8c, 0x7b,
    0x8b, 0x83, 0x6a, 0x7b, 0xb5, 0xb5, 0x75, 0xb5, 0x95, 0xb5, 0x95, 0xb5,
    0x75, 0xad, 0x17, 0xbe, 0xac, 0xab, 0xcc, 0xab, 0x6d, 0xa4, 0x6c, 0xac,
    0x11, 0xb5, 0x54, 0xb5, 0x54, 0xb5, 0xf2, 0xa4, 0xad, 0x7b, 0x6c, 0x73,
    0x33, 0xad, 0x33, 0xad, 0x34, 0xad, 0x2d, 0xac, 0xeb, 0x9b, 0x57, 0xce,
    0xb5, 0xbd, 0x95, 0xb5, 0xb5, 0xbd, 0x74, 0xb5, 0x54, 0xad, 0x54, 0xad,
    0x73, 0xad, 0x73, 0xbd, 0xd3, 0xb4, 0x10, 0xac, 0x0f, 0x9c, 0xf2, 0xa4,
    0x54, 0xb5, 0x95, 0xbd, 0x95, 0xb5, 0x75, 0xb5, 0x75, 0xb5, 0x95, 0xb5,
    0x75, 0xb5, 0x95, 0xb5, 0x95, 0xb5, 0x74, 0xb5, 0x54, 0xad, 0x33, 0xa5,
    0x50, 0x8c, 0x0f, 0x84, 0xd2, 0x9c, 0x34, 0xad, 0xd6, 0xbd, 0x95, 0xb5,
    0xb6, 0xb5, 0x95, 0xb5, 0x75, 0xb5, 0x95, 0xb5, 0x75, 0xad, 0x94, 0xb5,
    0x94, 0xbd, 0x93, 0xbd, 0x93, 0xb5, 0x94, 0xb5, 0x75, 0xbd, 0x75, 0xb5,
    0x95, 0xb5, 0x94, 0xbd, 0x95, 0xb5, 0x95, 0xb5, 0x95, 0xb5, 0x95, 0xb5,
    0x96, 0xbd, 0x95, 0xb5, 0x96, 0xb5, 0x95, 0xb5, 0x96, 0xb5, 0x95, 0xb5,
    0xb5, 0xb5, 0x95, 0xb5, 0xb6, 0xbd, 0xb6, 0xb5, 0x95, 0xbd, 0x96, 0xb5,
    0xb5, 0xb5, 0x96, 0xb5, 0x95, 0xb5, 0x74, 0xb5, 0x74, 0xb5, 0x95, 0xb5,
    0x95, 0xb5, 0xb5, 0xbd, 0x95, 0xb5, 0x96, 0xbd, 0x95, 0xb5, 0x95, 0xb5,
    0x96, 0xb5, 0x96, 0xb5, 0x95, 0xb5, 0x95, 0xb5, 0x95, 0xbd, 0xb3, 0xb5,
    0xb3, 0xbd, 0x95, 0xb5, 0xb5, 0xb5, 0x95, 0xb5, 0xb6, 0xb5, 0x95, 0xb5,
    0xb6, 0xbd, 0xb6, 0xb5, 0x95, 0xb5, 0xb6, 0xb5, 0x95, 0xb5, 0x96, 0xb5,
    0x96, 0xbd, 0xb6, 0xbd, 0xb5, 0xb5, 0xb5, 0xb5, 0xb6, 0xbd, 0xb6, 0xbd,
    0xb6, 0xb5, 0xd6, 0xbd, 0xd6, 0xbd, 0xd6, 0xbd, 0xd6, 0xbd, 0xd7, 0xbd,
    0x17, 0xbe, 0x50, 0x8c, 0x2c, 0x6b, 0x6c, 0x73, 0x4b, 0x73, 0x50, 0x94,
    0x17, 0xc6, 0x17, 0xce, 0x17, 0xc6, 0x16, 0xc6, 0xd6, 0xc5, 0x0f, 0x8c,
    0x0e, 0x8c, 0x30, 0x94, 0x71, 0x9c, 0x4c, 0x73, 0x2b, 0x6b, 0x4c, 0x73,
    0x4c, 0x73, 0x4c, 0x6b, 0x2c, 0x6b, 0xeb, 0x62, 0x0b, 0x63, 0x2c, 0x63,
    0x6d, 0x6b, 0x2c, 0x6b, 0x41, 0x08, 0xa3, 0x18, 0x00, 0x00, 0x20, 0x08,
    0x20, 0x08, 0x20, 0x08, 0x00, 0x00, 0x00, 0x00, 0x20, 0x00, 0x20, 0x00,
    0x00, 0x00, 0x20, 0x08, 0x20, 0x00, 0x21, 0x08, 0x41, 0x08, 0x00, 0x00,
    0x08, 0x42, 0x79, 0xd6, 0x79, 0xd6, 0xb9, 0xd6, 0x78, 0xde, 0x99, 0xde,
    0x79, 0xde, 0x78, 0xd6, 0x99, 0xde, 0x99, 0xde, 0xb9, 0xde, 0x98, 0xd6,
    0x37, 0xce, 0x78, 0xce, 0x57, 0xd6, 0xb4, 0xc5, 0x12, 0xb5, 0xf2, 0xac,
    0xf6, 0xc5, 0x37, 0xce, 0x37, 0xce, 0x37, 0xce, 0x37, 0xce, 0x37, 0xce,
    0xf6, 0xc5, 0xd6, 0xbd, 0xf6, 0xc5, 0x16, 0xc6, 0xf6, 0xc5, 0x16, 0xc6,
    0xf6, 0xc5, 0xf6, 0xc5, 0xf6, 0xc5, 0xd6, 0xc5, 0xb5, 0xbd, 0xd6, 0xc5,
    0x17, 0xce, 0x37, 0xce, 0x37, 0xce, 0x17, 0xce, 0x37, 0xce, 0x17, 0xce,
    0x37, 0xce, 0x37, 0xce, 0x37, 0xce, 0x16, 0xc6, 0x16, 0xce, 0x17, 0xc6,
    0x37, 0xce, 0x37, 0xce, 0x57, 0xce, 0x57, 0xce, 0x57, 0xce, 0x37, 0xce,
    0x37, 0xce, 0x17, 0xce, 0x37, 0xce, 0x57, 0xd6, 0x57, 0xce, 0x37, 0xce,
    0x17, 0xce, 0x17, 0xce, 0x17, 0xce, 0x37, 0xce, 0x16, 0xc6, 0x16, 0xc6,
    0x36, 0xc6, 0x53, 0xb5, 0x0b, 0x6b, 0x2f, 0x8c, 0x37, 0xd6, 0x16, 0xce,
    0x37, 0xce, 0x37, 0xd6, 0x57, 0xd6, 0x57, 0xd6, 0x37, 0xd6, 0x37, 0xd6,
    0x37, 0xce, 0x37, 0xce, 0x17, 0xce, 0x57, 0xd6, 0x57, 0xd6, 0xf6, 0xc5,
    0x16, 0xce, 0xd6, 0xbd, 0x8d, 0x7b, 0x22, 0x31, 0x61, 0x18, 0x40, 0x18,
    0x41, 0x18, 0x20, 0x10, 0xc2, 0x28, 0x84, 0x39, 0x27, 0x52, 0xea, 0x6a,
    0x2f, 0x94, 0x77, 0xd6, 0xf5, 0xc5, 0xd5, 0xc5, 0x95, 0xbd, 0x54, 0xb5,
    0x35, 0xb5, 0x54, 0xb5, 0x55, 0xad, 0x14, 0xad, 0x75, 0xbd, 0xb6, 0xc5,
    0x17, 0xce, 0x17, 0xc6, 0x95, 0xbd, 0xb5, 0xbd, 0xb6, 0xbd, 0xf6, 0xc5,
    0x16, 0xce, 0x16, 0xce, 0x37, 0xce, 0x57, 0xd6, 0x57, 0xce, 0x58, 0xce,
    0x37, 0xce, 0x37, 0xce, 0x57, 0xce, 0x57, 0xce, 0x37, 0xce, 0x37, 0xce,
    0x57, 0xce, 0x37, 0xce, 0x37, 0xce, 0x37, 0xce, 0x58, 0xce, 0x78, 0xd6,
    0x78, 0xd6, 0x57, 0xce, 0x58, 0xd6, 0x78, 0xd6, 0x37, 0xce, 0x37, 0xce,
    0x16, 0xce, 0xb6, 0xbd, 0x95, 0xb5, 0x95, 0xb5, 0x76, 0xb5, 0x96, 0xb5,
    0x96, 0xb5, 0x95, 0xb5, 0x96, 0xbd, 0xb6, 0xbd, 0x34, 0xad, 0x07, 0x4a,
    0xcd, 0x83, 0xac, 0x7b, 0xab, 0x83, 0xcc, 0x83, 0xb5, 0xbd, 0x75, 0xb5,
    0x95, 0xb5, 0x75, 0xb5, 0x75, 0xb5, 0x95, 0xb5, 0xd1, 0xb4, 0x4e, 0xac,
    0x8e, 0xa4, 0x6e, 0xa4, 0x12, 0xb5, 0x54, 0xb5, 0x54, 0xb5, 0xf2, 0xac,
    0xad, 0x7b, 0x6c, 0x73, 0x13, 0xad, 0x34, 0xb5, 0x13, 0xad, 0x74, 0xb5,
    0xe9, 0x82, 0x12, 0xb5, 0xf6, 0xbd, 0xb5, 0xbd, 0x95, 0xb5, 0x74, 0xb5,
    0x54, 0xb5, 0x94, 0xb5, 0xb1, 0xb4, 0x0c, 0xa3, 0x0d, 0xa3, 0x71, 0xb4,
    0x54, 0xc5, 0x78, 0xde, 0x57, 0xd6, 0x57, 0xd6, 0x57, 0xce, 0x36, 0xce,
    0x16, 0xc6, 0xf6, 0xbd, 0xd5, 0xbd, 0x74, 0xb5, 0x12, 0xa5, 0x75, 0xb5,
    0xb5, 0xb5, 0x95, 0xb5, 0x74, 0xb5, 0x74, 0xad, 0x13, 0xa5, 0xd2, 0x9c,
    0x70, 0x8c, 0x91, 0x94, 0x74, 0xad, 0xd6, 0xbd, 0xb5, 0xb5, 0x94, 0xb5,
    0xb5, 0xb5, 0x74, 0xbd, 0x52, 0xbd, 0x51, 0xbd, 0x52, 0xb5, 0x73, 0xb5,
    0x74, 0xbd, 0x75, 0xbd, 0x74, 0xb5, 0x94, 0xb5, 0x95, 0xb5, 0x95, 0xb5,
    0x75, 0xb5, 0x95, 0xb5, 0x95, 0xb5, 0x76, 0xb5, 0x95, 0xb5, 0x95, 0xb5,
    0x96, 0xbd, 0x95, 0xb5, 0x95, 0xb5, 0x95, 0xb5, 0x96, 0xbd, 0xb5, 0xb5,
    0x96, 0xb5, 0xb6, 0xbd, 0xb5, 0xbd, 0x95, 0xb5, 0x95, 0xb5, 0x95, 0xb5,
    0x74, 0xbd, 0x95, 0xb5, 0xb5, 0xb5, 0x95, 0xb5, 0xb6, 0xbd, 0x96, 0xbd,
    0x95, 0xb5, 0x95, 0xb5, 0xb6, 0xbd, 0x96, 0xb5, 0x95, 0xb5, 0x96, 0xb5,
    0xb4, 0xbd, 0xb3, 0xb5, 0x94, 0xb5, 0xb5, 0xbd, 0xb6, 0xbd, 0xb6, 0xbd,
    0xb5, 0xb5, 0x96, 0xb5, 0xb6, 0xb5, 0xb5, 0xb5, 0x95, 0xb5, 0xb6, 0xb5,
    0xb6, 0xbd, 0xb6, 0xbd, 0xb6, 0xbd, 0xb5, 0xb5, 0xb6, 0xbd, 0xb6, 0xb5,
    0xb6, 0xb5, 0xb6, 0xbd, 0xb6, 0xbd, 0xb6, 0xb5, 0xb6, 0xbd, 0xd6, 0xbd,
    0xf7, 0xc5, 0x34, 0xad, 0x8d, 0x73, 0x4c, 0x6b, 0x4c, 0x73, 0x0f, 0x8c,
    0xd5, 0xbd, 0x38, 0xce, 0xf7, 0xc5, 0xd6, 0xc5, 0xf6, 0xc5, 0xb6, 0xbd,
    0x70, 0x94, 0x0f, 0x8c, 0x0f, 0x8c, 0x91, 0x9c, 0x6c, 0x73, 0x4c, 0x6b,
    0x4c, 0x73, 0x4c, 0x73, 0x4b, 0x73, 0x0b, 0x63, 0x0c, 0x63, 0x2c, 0x6b,
    0x2c, 0x63, 0x6d, 0x73, 0xca, 0x5a, 0x21, 0x08, 0xc3, 0x18, 0x00, 0x00,
    0x20, 0x08, 0x20, 0x08, 0x40, 0x08, 0x20, 0x08, 0x00, 0x00, 0x00, 0x08,
    0x20, 0x00, 0x20, 0x08, 0x20, 0x00, 0x20, 0x00, 0x20, 0x00, 0x00, 0x00,
    0x20, 0x08, 0x41, 0x08, 0x00, 0x00, 0x40, 0x08, 0xb6, 0xbd, 0x78, 0xce,
    0x57, 0xce, 0x58, 0xce, 0x99, 0xd6, 0x98, 0xde, 0x78, 0xd6, 0x78, 0xd6,
    0x99, 0xde, 0x98, 0xd6, 0x98, 0xd6, 0x78, 0xd6, 0x57, 0xd6, 0x57, 0xd6,
    0x72, 0xbd, 0x52, 0xb5, 0xf1, 0xac, 0x17, 0xce, 0x78, 0xd6, 0xf7, 0xc5,
    0x17, 0xc6, 0x17, 0xc6, 0x17, 0xc6, 0x37, 0xce, 0x37, 0xce, 0x17, 0xc6,
    0x37, 0xce, 0x37, 0xce, 0x37, 0xce, 0x17, 0xce, 0x17, 0xce, 0x16, 0xce,
    0x37, 0xce, 0x17, 0xce, 0x17, 0xce, 0x16, 0xc6, 0x16, 0xc6, 0x17, 0xce,
    0x16, 0xc6, 0x17, 0xce, 0x16, 0xc6, 0x17, 0xce, 0x17, 0xce, 0x37, 0xce,
    0x17, 0xce, 0x37, 0xce, 0x37, 0xce, 0x17, 0xce, 0x17, 0xce, 0x17, 0xce,
    0x17, 0xc6, 0x37, 0xce, 0x37, 0xce, 0x37, 0xce, 0x37, 0xce, 0x17, 0xce,
    0x37, 0xce, 0x17, 0xce, 0x37, 0xce, 0x37, 0xce, 0x17, 0xce, 0x16, 0xc6,
    0x37, 0xce, 0x36, 0xce, 0x37, 0xce, 0x94, 0xbd, 0xeb, 0x62, 0xb1, 0x9c,
    0x16, 0xce, 0x17, 0xce, 0x37, 0xd6, 0x37, 0xd6, 0x57, 0xd6, 0x37, 0xce,
    0x17, 0xce, 0x16, 0xce, 0x16, 0xce, 0x37, 0xd6, 0x37, 0xce, 0x17, 0xce,
    0x57, 0xd6, 0x57, 0xd6, 0xf6, 0xcd, 0x37, 0xce, 0xd1, 0xa4, 0x89, 0x5a,
    0xc2, 0x28, 0x81, 0x18, 0x61, 0x18, 0x40, 0x18, 0x20, 0x10, 0x02, 0x29,
    0xc5, 0x41, 0x68, 0x5a, 0xa9, 0x62, 0xb9, 0xde, 0xf6, 0xc5, 0xd5, 0xc5,
    0x55, 0xb5, 0x55, 0xb5, 0x35, 0xb5, 0x34, 0xb5, 0x55, 0xb5, 0x54, 0xad,
    0x55, 0xb5, 0x96, 0xbd, 0xd6, 0xbd, 0xd6, 0xc5, 0x95, 0xbd, 0x75, 0xb5,
    0x95, 0xb5, 0x75, 0xb5, 0x16, 0xce, 0x36, 0xce, 0x36, 0xce, 0x57, 0xd6,
    0x57, 0xce, 0x17, 0xc6, 0x37, 0xce, 0x78, 0xd6, 0x58, 0xce, 0x37, 0xce,
    0x57, 0xce, 0x58, 0xce, 0x58, 0xce, 0x78, 0xd6, 0x58, 0xce, 0x57, 0xce,
    0x78, 0xd6, 0x78, 0xce, 0x78, 0xd6, 0x78, 0xd6, 0x58, 0xce, 0x78, 0xd6,
    0x99, 0xd6, 0xf6, 0xc5, 0xf7, 0xc5, 0x96, 0xbd, 0x96, 0xb5, 0x95, 0xb5,
    0x75, 0xb5, 0x96, 0xbd, 0x96, 0xbd, 0xb6, 0xbd, 0x96, 0xbd, 0xf7, 0xc5,
    0xcb, 0x5a, 0x68, 0x52, 0xce, 0x83, 0xac, 0x83, 0x8b, 0x83, 0x6f, 0x94,
    0xb5, 0xb5, 0x75, 0xb5, 0x95, 0xb5, 0x75, 0xb5, 0x95, 0xb5, 0x75, 0xad,
    0x12, 0xad, 0xaf, 0xa4, 0xaf, 0xa4, 0x8f, 0xa4, 0xf1, 0xac, 0x54, 0xb5,
    0x55, 0xb5, 0xf3, 0xa4, 0xad, 0x7b, 0x8d, 0x73, 0xd2, 0xa4, 0x54, 0xb5,
    0x34, 0xb5, 0x54, 0xad, 0x75, 0xbd, 0xa5, 0x41, 0xd5, 0xbd, 0xb6, 0xbd,
    0xb6, 0xbd, 0x95, 0xb5, 0x13, 0xad, 0x91, 0xac, 0xf2, 0xbc, 0x33, 0xc5,
    0x98, 0xe6, 0xd8, 0xde, 0x97, 0xde, 0xb8, 0xde, 0xb8, 0xde, 0x57, 0xd6,
    0x57, 0xce, 0x57, 0xce, 0x57, 0xce, 0x57, 0xd6, 0x57, 0xd6, 0x78, 0xd6,
    0x33, 0xa5, 0x0f, 0x84, 0xce, 0x7b, 0x12, 0xa5, 0x95, 0xb5, 0x54, 0xb5,
    0x74, 0xad, 0x74, 0xb5, 0xb1, 0x9c, 0x33, 0xa5, 0xb1, 0x9c, 0x50, 0x8c,
    0xd2, 0x9c, 0x53, 0xad, 0x54, 0xad, 0x51, 0xb5, 0x31, 0xb5, 0x32, 0xbd,
    0x54, 0xb5, 0x74, 0xb5, 0x75, 0xb5, 0x75, 0xb5, 0x74, 0xb5, 0x94, 0xb5,
    0x94, 0xb5, 0x95, 0xb5, 0x95, 0xb5, 0x75, 0xb5, 0x95, 0xb5, 0x95, 0xb5,
    0x95, 0xb5, 0x95, 0xb5, 0x96, 0xbd, 0x96, 0xb5, 0x96, 0xb5, 0x95, 0xb5,
    0xb6, 0xbd, 0x96, 0xb5, 0xb5, 0xb5, 0x96, 0xbd, 0x96, 0xb5, 0xb6, 0xbd,
    0x95, 0xbd, 0x74, 0xb5, 0x75, 0xb5, 0x95, 0xb5, 0xb5, 0xb5, 0x95, 0xbd,
    0xb5, 0xbd, 0x96, 0xbd, 0xb5, 0xb5, 0x96, 0xb5, 0x95, 0xb5, 0x95, 0xbd,
    0x96, 0xb5, 0x96, 0xb5, 0x95, 0xbd, 0xb4, 0xb5, 0x95, 0xbd, 0xb5, 0xb5,
    0xd6, 0xbd, 0xb6, 0xbd, 0xb6, 0xb5, 0x95, 0xb5, 0xb5, 0xb5, 0xb6, 0xb5,
    0x96, 0xb5, 0xb6, 0xb5, 0xb6, 0xbd, 0xb6, 0xbd, 0xb6, 0xb5, 0xb5, 0xb5,
    0xb5, 0xbd, 0xb6, 0xbd, 0xb6, 0xbd, 0xb6, 0xb5, 0xd6, 0xbd, 0xb6, 0xbd,
    0xd7, 0xbd, 0xf7, 0xbd, 0x30, 0x8c, 0x4c, 0x73, 0x6c, 0x73, 0xac, 0x7b,
    0x74, 0xb5, 0x37, 0xce, 0x16, 0xc6, 0xf7, 0xbd, 0xd7, 0xbd, 0xf6, 0xc5,
    0x54, 0xb5, 0xb1, 0x9c, 0x30, 0x8c, 0x30, 0x8c, 0x91, 0x94, 0x8c, 0x73,
    0x4c, 0x6b, 0x4c, 0x6b, 0x4c, 0x73, 0x2b, 0x6b, 0xea, 0x62, 0x4c, 0x6b,
    0x6d, 0x6b, 0x2c, 0x6b, 0x6c, 0x6b, 0x89, 0x52, 0x41, 0x08, 0x82, 0x10,
    0x01, 0x08, 0x21, 0x08, 0x20, 0x08, 0x20, 0x08, 0x20, 0x00, 0x00, 0x00,
    0x20, 0x00, 0x00, 0x08, 0x20, 0x00, 0x20, 0x00, 0x20, 0x00, 0x00, 0x00,
    0x00, 0x00, 0x00, 0x00, 0x20, 0x08, 0x20, 0x00, 0x20, 0x08, 0x20, 0x00,
    0x00, 0x00, 0xaf, 0x7b, 0xda, 0xde, 0x58, 0xd6, 0x58, 0xce, 0x78, 0xd6,
    0x99, 0xde, 0x99, 0xde, 0xb9, 0xde, 0x99, 0xde, 0x99, 0xde, 0x78, 0xd6,
    0x57, 0xce, 0x37, 0xce, 0xb4, 0xbd, 0x53, 0xbd, 0x33, 0xb5, 0x70, 0x9c,
    0xd5, 0xc5, 0x5c, 0xef, 0x57, 0xce, 0x37, 0xce, 0x37, 0xc6, 0x16, 0xc6,
    0x37, 0xce, 0x37, 0xce, 0xf6, 0xc5, 0xf6, 0xc5, 0x16, 0xc6, 0x16, 0xc6,
    0xf6, 0xc5, 0xf6, 0xc5, 0xf6, 0xc5, 0x16, 0xc6, 0x16, 0xc6, 0x17, 0xce,
    0x17, 0xce, 0x16, 0xc6, 0x16, 0xc6, 0x37, 0xce, 0x17, 0xce, 0x16, 0xc6,
    0x16, 0xc6, 0x16, 0xc6, 0xf6, 0xc5, 0xf6, 0xc5, 0x37, 0xce, 0x37, 0xce,
    0x16, 0xc6, 0x16, 0xce, 0x17, 0xce, 0x37, 0xce, 0x37, 0xce, 0x37, 0xce,
    0x17, 0xce, 0x17, 0xc6, 0x37, 0xce, 0x37, 0xce, 0x37, 0xce, 0x16, 0xc6,
    0x16, 0xc6, 0x37, 0xce, 0x37, 0xce, 0x37, 0xce, 0x37, 0xce, 0xf5, 0xc5,
    0xeb, 0x62, 0xb2, 0xa4, 0x16, 0xce, 0x16, 0xce, 0x37, 0xd6, 0x57, 0xd6,
    0x37, 0xce, 0x57, 0xd6, 0x37, 0xce, 0x37, 0xd6, 0x37, 0xd6, 0x16, 0xce,
    0x37, 0xce, 0x37, 0xd6, 0x17, 0xce, 0x37, 0xd6, 0x57, 0xd6, 0x57, 0xd6,
    0xb1, 0xa4, 0x30, 0x94, 0x63, 0x39, 0x60, 0x20, 0x81, 0x20, 0x40, 0x18,
    0x40, 0x18, 0x20, 0x10, 0x44, 0x31, 0x85, 0x39, 0x47, 0x52, 0xef, 0x83,
    0x99, 0xde, 0xb5, 0xbd, 0x75, 0xb5, 0x55, 0xb5, 0x55, 0xb5, 0x55, 0xb5,
    0x55, 0xb5, 0x55, 0xb5, 0x35, 0xb5, 0x55, 0xb5, 0x75, 0xb5, 0x96, 0xbd,
    0x96, 0xbd, 0x96, 0xb5, 0x76, 0xb5, 0x75, 0xb5, 0xb5, 0xbd, 0x37, 0xce,
    0x37, 0xce, 0x37, 0xce, 0x37, 0xce, 0x58, 0xd6, 0x37, 0xce, 0x16, 0xc6,
    0x37, 0xce, 0x78, 0xd6, 0x78, 0xd6, 0x58, 0xce, 0x37, 0xce, 0x37, 0xce,
    0x78, 0xce, 0x78, 0xd6, 0x58, 0xce, 0x98, 0xd6, 0x58, 0xce, 0x78, 0xd6,
    0x98, 0xd6, 0xb9, 0xde, 0x17, 0xce, 0xf7, 0xc5, 0x96, 0xbd, 0xb5, 0xb5,
    0x95, 0xb5, 0x75, 0xb5, 0x75, 0xb5, 0x95, 0xb5, 0xb6, 0xbd, 0xd6, 0xbd,
    0xd6, 0xbd, 0xd6, 0xc5, 0x61, 0x00, 0x2c, 0x6b, 0xce, 0x83, 0xac, 0x83,
    0x09, 0x73, 0x94, 0xad, 0x75, 0xb5, 0x95, 0xb5, 0x95, 0xb5, 0x75, 0xb5,
    0x75, 0xb5, 0x75, 0xad, 0x11, 0xa5, 0xd0, 0xac, 0xb0, 0xac, 0x90, 0xa4,
    0x90, 0x9c, 0x74, 0xad, 0x75, 0xb5, 0xf2, 0xa4, 0xad, 0x7b, 0xad, 0x7b,
    0xd2, 0x9c, 0x75, 0xb5, 0x74, 0xad, 0x53, 0xad, 0x74, 0xb5, 0x91, 0x94,
    0x84, 0x31, 0x95, 0xbd, 0x74, 0xb5, 0x4f, 0x8c, 0x53, 0xbd, 0x94, 0xcd,
    0x57, 0xde, 0xb8, 0xde, 0xd8, 0xe6, 0x56, 0xd6, 0x36, 0xd6, 0xf5, 0xc5,
    0x36, 0xce, 0x77, 0xd6, 0x37, 0xd6, 0x16, 0xce, 0xd5, 0xc5, 0x16, 0xce,
    0x57, 0xd6, 0x77, 0xd6, 0x98, 0xde, 0xb8, 0xde, 0x37, 0xce, 0x90, 0x9c,
    0x70, 0x94, 0x74, 0xb5, 0x54, 0xad, 0x54, 0xad, 0x54, 0xad, 0xf2, 0xa4,
    0x74, 0xad, 0x74, 0xb5, 0x75, 0xb5, 0x74, 0xad, 0x74, 0xad, 0x74, 0xad,
    0x74, 0xad, 0x54, 0xb5, 0x74, 0xb5, 0x74, 0xb5, 0x94, 0xb5, 0x95, 0xad,
    0x94, 0xad, 0x74, 0xb5, 0x94, 0xb5, 0x74, 0xb5, 0x95, 0xb5, 0x74, 0xb5,
    0x95, 0xb5, 0x95, 0xb5, 0x95, 0xb5, 0x95, 0xb5, 0x96, 0xb5, 0x95, 0xb5,
    0x96, 0xbd, 0x95, 0xb5, 0xb6, 0xb5, 0x96, 0xb5, 0xb5, 0xb5, 0x96, 0xb5,
    0x95, 0xb5, 0xb6, 0xb5, 0x95, 0xb5, 0x74, 0xb5, 0x75, 0xb5, 0x95, 0xb5,
    0x95, 0xb5, 0x95, 0xb5, 0x95, 0xb5, 0xb5, 0xb5, 0x95, 0xb5, 0x95, 0xb5,
    0x96, 0xb5, 0xb5, 0xb5, 0x95, 0xbd, 0x95, 0xb5, 0x95, 0xb5, 0xb5, 0xbd,
    0x95, 0xb5, 0xb5, 0xb5, 0xb5, 0xb5, 0xb5, 0xb5, 0xb6, 0xbd, 0x95, 0xb5,
    0xb6, 0xbd, 0xb6, 0xbd, 0x95, 0xb5, 0x96, 0xb5, 0xb5, 0xbd, 0xb5, 0xbd,
    0xb5, 0xb5, 0xb6, 0xbd, 0xb6, 0xbd, 0xb6, 0xb5, 0xb6, 0xbd, 0xb6, 0xbd,
    0xd6, 0xbd, 0xf7, 0xbd, 0x34, 0xad, 0x6d, 0x73, 0x8d, 0x83, 0x6c, 0x73,
    0x70, 0x94, 0xf6, 0xc5, 0xf6, 0xc5, 0xd6, 0xbd, 0xd7, 0xbd, 0xf7, 0xbd,
    0xf7, 0xc5, 0x13, 0xad, 0xb2, 0x9c, 0x50, 0x8c, 0x91, 0x94, 0x70, 0x94,
    0x6d, 0x73, 0x2c, 0x73, 0x4c, 0x73, 0x2c, 0x73, 0x2b, 0x6b, 0x0b, 0x6b,
    0x8d, 0x7b, 0x8d, 0x7b, 0x0c, 0x6b, 0x4d, 0x73, 0xeb, 0x62, 0x41, 0x08,
    0x82, 0x18, 0x21, 0x00, 0x20, 0x08, 0x20, 0x00, 0x20, 0x00, 0x20, 0x00,
    0x00, 0x00, 0x00, 0x08, 0x20, 0x00, 0x00, 0x00, 0x00, 0x00, 0x20, 0x00,
    0x20, 0x08, 0x00, 0x00, 0x00, 0x00, 0x20, 0x00, 0x00, 0x00, 0x00, 0x00,
    0x00, 0x00, 0x20, 0x08, 0x20, 0x08, 0x00, 0x00, 0x04, 0x21, 0x95, 0xb5,
    0xfa, 0xe6, 0x38, 0xd6, 0x58, 0xd6, 0x78, 0xd6, 0x99, 0xde, 0x99, 0xde,
    0x99, 0xde, 0x78, 0xd6, 0x78, 0xd6, 0x37, 0xce, 0x54, 0xb5, 0x53, 0xb5,
    0x53, 0xb5, 0x53, 0xb5, 0xb0, 0x9c, 0x4f, 0x94, 0x7c, 0xf7, 0xb9, 0xde,
    0x57, 0xce, 0x37, 0xce, 0x37, 0xce, 0x37, 0xce, 0x37, 0xce, 0x17, 0xc6,
    0x17, 0xc6, 0x17, 0xce, 0x37, 0xce, 0x37, 0xce, 0x37, 0xce, 0x37, 0xce,
    0x37, 0xce, 0x17, 0xce, 0x17, 0xce, 0x37, 0xce, 0x17, 0xce, 0x16, 0xc6,
    0x37, 0xce, 0x16, 0xc6, 0x17, 0xce, 0x16, 0xc6, 0x17, 0xce, 0x16, 0xce,
    0x16, 0xc6, 0x17, 0xc6, 0x16, 0xc6, 0x16, 0xc6, 0x16, 0xc6, 0xf6, 0xc5,
    0x16, 0xc6, 0x16, 0xce, 0x16, 0xc6, 0x16, 0xc6, 0x16, 0xce, 0x37, 0xce,
    0x37, 0xce, 0x37, 0xce, 0x57, 0xce, 0x37, 0xce, 0x36, 0xce, 0x36, 0xce,
    0x37, 0xce, 0xd6, 0xc5, 0xa9, 0x62, 0x95, 0xbd, 0x94, 0xb5, 0x37, 0xd6,
    0x37, 0xce, 0x57, 0xd6, 0x37, 0xce, 0x57, 0xd6, 0x57, 0xd6, 0x58, 0xd6,
    0x37, 0xce, 0x16, 0xce, 0x16, 0xce, 0x16, 0xce, 0x16, 0xce, 0x37, 0xd6,
    0x37, 0xce, 0x37, 0xd6, 0x58, 0xd6, 0x0a, 0x6b, 0xcd, 0x83, 0x80, 0x18,
    0x60, 0x20, 0x81, 0x20, 0x20, 0x10, 0x40, 0x18, 0x80, 0x18, 0x44, 0x39,
    0x84, 0x39, 0x44, 0x31, 0x13, 0xad, 0xf7, 0xc5, 0x75, 0xb5, 0x55, 0xb5,
    0x35, 0xb5, 0x54, 0xb5, 0x54, 0xb5, 0x55, 0xb5, 0x55, 0xb5, 0x55, 0xb5,
    0x55, 0xb5, 0x55, 0xbd, 0x75, 0xb5, 0x75, 0xbd, 0x75, 0xb5, 0x55, 0xb5,
    0x55, 0xb5, 0xf6, 0xc5, 0x36, 0xce, 0x36, 0xce, 0x37, 0xce, 0x37, 0xce,
    0x57, 0xce, 0x78, 0xce, 0x58, 0xce, 0x57, 0xce, 0x58, 0xce, 0x58, 0xce,
    0x78, 0xd6, 0x98, 0xd6, 0xb9, 0xde, 0x99, 0xd6, 0x98, 0xde, 0x98, 0xd6,
    0x99, 0xd6, 0x99, 0xd6, 0xfa, 0xe6, 0x57, 0xce, 0x17, 0xc6, 0xd6, 0xbd,
    0xb6, 0xbd, 0xb6, 0xbd, 0x75, 0xb5, 0x75, 0xb5, 0x75, 0xb5, 0x96, 0xbd,
    0xb6, 0xbd, 0xd7, 0xc5, 0x17, 0xc6, 0xb2, 0x94, 0x00, 0x00, 0xef, 0x7b,
    0xcd, 0x83, 0xac, 0x83, 0x8b, 0x7b, 0x74, 0xb5, 0x95, 0xb5, 0x95, 0xb5,
    0x95, 0xb5, 0x75, 0xb5, 0x75, 0xad, 0x54, 0xb5, 0xf1, 0xac, 0xf1, 0xac,
    0xb0, 0xa4, 0x90, 0x9c, 0x70, 0x94, 0x12, 0xa5, 0x33, 0xa5, 0x91, 0x9c,
    0xad, 0x7b, 0xce, 0x7b, 0xd2, 0x9c, 0x74, 0xb5, 0x74, 0xad, 0x54, 0xad,
    0x54, 0xb5, 0x34, 0xad, 0x50, 0x94, 0x68, 0x52, 0x30, 0x8c, 0xb5, 0xbd,
    0x99, 0xde, 0x56, 0xd6, 0x77, 0xd6, 0x57, 0xd6, 0xd4, 0xc5, 0x15, 0xc6,
    0x57, 0xd6, 0x36, 0xce, 0x15, 0xce, 0x15, 0xce, 0x36, 0xce, 0x57, 0xd6,
    0x97, 0xd6, 0x77, 0xd6, 0x57, 0xd6, 0x36, 0xce, 0x56, 0xd6, 0x36, 0xce,
    0x77, 0xde, 0xb8, 0xde, 0x36, 0xce, 0x2f, 0x8c, 0xb1, 0x9c, 0x54, 0xad,
    0x54, 0xad, 0xad, 0x73, 0xeb, 0x5a, 0x94, 0xb5, 0x74, 0xb5, 0x74, 0xad,
    0x74, 0xb5, 0x74, 0xb5, 0x74, 0xb5, 0x74, 0xb5, 0x54, 0xb5, 0x74, 0xb5,
    0x95, 0xb5, 0x95, 0xb5, 0x74, 0xb5, 0x94, 0xb5, 0x74, 0xb5, 0x74, 0xb5,
    0x94, 0xb5, 0x94, 0xb5, 0x95, 0xb5, 0x95, 0xb5, 0x95, 0xb5, 0x95, 0xb5,
    0x95, 0xb5, 0x95, 0xb5, 0x95, 0xb5, 0xb5, 0xb5, 0x95, 0xbd, 0x95, 0xbd,
    0x95, 0xbd, 0x95, 0xbd, 0x95, 0xbd, 0x95, 0xb5, 0x95, 0xbd, 0x95, 0xb5,
    0x75, 0xb5, 0x95, 0xb5, 0xb5, 0xb5, 0x95, 0xb5, 0xb5, 0xb5, 0x95, 0xb5,
    0x96, 0xb5, 0x95, 0xb5, 0x96, 0xb5, 0x96, 0xb5, 0xb5, 0xb5, 0x95, 0xb5,
    0xb5, 0xb5, 0xb5, 0xbd, 0x95, 0xb5, 0xb5, 0xbd, 0x95, 0xb5, 0xb5, 0xbd,
    0x96, 0xbd, 0x95, 0xb5, 0xb6, 0xbd, 0x96, 0xb5, 0x95, 0xb5, 0x96, 0xb5,
    0xb6, 0xb5, 0xb6, 0xb5, 0xb5, 0xbd, 0xb6, 0xbd, 0xb6, 0xb5, 0xb6, 0xbd,
    0xd6, 0xbd, 0xd6, 0xbd, 0xf6, 0xc5, 0x70, 0x9c, 0x6c, 0x7b, 0x6c, 0x83,
    0xad, 0x83, 0x54, 0xb5, 0xf6, 0xc5, 0xd6, 0xbd, 0xd7, 0xbd, 0xd7, 0xbd,
    0xd6, 0xbd, 0x17, 0xc6, 0x34, 0xad, 0xb1, 0x9c, 0x70, 0x94, 0x91, 0x9c,
    0x50, 0x94, 0x4c, 0x6b, 0x4c, 0x6b, 0x4c, 0x73, 0x2c, 0x73, 0x0b, 0x6b,
    0x2c, 0x73, 0xae, 0x83, 0x2b, 0x73, 0x2c, 0x6b, 0x2c, 0x6b, 0x2c, 0x6b,
    0xca, 0x5a, 0x61, 0x10, 0x21, 0x08, 0x20, 0x08, 0x20, 0x00, 0x20, 0x00,
    0x20, 0x08, 0x00, 0x00, 0x20, 0x00, 0x00, 0x08, 0x00, 0x00, 0x20, 0x00,
    0x00, 0x00, 0x00, 0x00, 0x00, 0x00, 0x20, 0x08, 0x20, 0x00, 0x00, 0x00,
    0x00, 0x00, 0x20, 0x00, 0x00, 0x00, 0x00, 0x00, 0x00, 0x00, 0x20, 0x08,
    0x20, 0x00, 0x00, 0x00, 0x07, 0x42, 0xd6, 0xbd, 0xba, 0xde, 0x37, 0xce,
    0x17, 0xc6, 0x78, 0xd6, 0x99, 0xde, 0xd9, 0xde, 0x98, 0xd6, 0xf6, 0xc5,
    0x54, 0xad, 0x54, 0xb5, 0x53, 0xb5, 0x53, 0xb5, 0x53, 0xb5, 0x32, 0xad,
    0xcd, 0x83, 0x78, 0xd6, 0x5b, 0xef, 0x78, 0xd6, 0x17, 0xce, 0x37, 0xce,
    0x37, 0xc6, 0x37, 0xce, 0x17, 0xc6, 0x16, 0xc6, 0x16, 0xc6, 0x17, 0xc6,
    0x16, 0xc6, 0x16, 0xc6, 0x17, 0xce, 0x37, 0xce, 0x16, 0xc6, 0x16, 0xc6,
    0x37, 0xce, 0xf6, 0xc5, 0x16, 0xc6, 0x16, 0xc6, 0x17, 0xce, 0x17, 0xc6,
    0x16, 0xc6, 0x17, 0xce, 0x17, 0xce, 0x37, 0xce, 0x17, 0xce, 0x37, 0xce,
    0x17, 0xce, 0x17, 0xce, 0x17, 0xce, 0x17, 0xce, 0x37, 0xce, 0x17, 0xce,
    0x16, 0xce, 0x16, 0xce, 0x37, 0xce, 0x37, 0xce, 0x16, 0xce, 0x16, 0xce,
    0x37, 0xce, 0x37, 0xce, 0x37, 0xce, 0xf6, 0xc5, 0x89, 0x5a, 0x17, 0xce,
    0x13, 0xad, 0x37, 0xce, 0x57, 0xd6, 0x37, 0xce, 0x57, 0xd6, 0x57, 0xd6,
    0x37, 0xd6, 0x37, 0xce, 0x37, 0xd6, 0x37, 0xce, 0x17, 0xce, 0x17, 0xce,
    0x16, 0xce, 0x37, 0xce, 0x37, 0xce, 0x57, 0xd6, 0x57, 0xd6, 0xb9, 0xde,
    0x70, 0x8c, 0x48, 0x52, 0x40, 0x10, 0x60, 0x18, 0x81, 0x20, 0x40, 0x18,
    0x60, 0x18, 0x60, 0x18, 0xa5, 0x41, 0xe6, 0x49, 0xe2, 0x20, 0xd6, 0xc5,
    0x75, 0xbd, 0x95, 0xbd, 0x55, 0xb5, 0x34, 0xb5, 0x54, 0xb5, 0x55, 0xb5,
    0x55, 0xb5, 0x55, 0xbd, 0x54, 0xbd, 0x55, 0xb5, 0x55, 0xb5, 0x55, 0xb5,
    0x95, 0xbd, 0x75, 0xb5, 0x55, 0xb5, 0x55, 0xb5, 0x54, 0xb5, 0xd6, 0xc5,
    0x99, 0xde, 0x37, 0xce, 0x37, 0xd6, 0x58, 0xce, 0x57, 0xce, 0x78, 0xd6,
    0x78, 0xd6, 0x98, 0xd6, 0x78, 0xd6, 0x78, 0xd6, 0x78, 0xd6, 0x98, 0xd6,
    0xb9, 0xde, 0x78, 0xd6, 0xd9, 0xde, 0xb9, 0xde, 0x37, 0xce, 0x58, 0xce,
    0x57, 0xd6, 0xf6, 0xc5, 0x95, 0xbd, 0x75, 0xb5, 0x75, 0xb5, 0x96, 0xbd,
    0xb6, 0xbd, 0x17, 0xce, 0x18, 0xce, 0x75, 0xb5, 0x28, 0x42, 0x40, 0x08,
    0x48, 0x42, 0x50, 0x84, 0xee, 0x7b, 0xad, 0x83, 0xee, 0x83, 0x74, 0xb5,
    0x95, 0xb5, 0x95, 0xb5, 0x95, 0xad, 0x75, 0xb5, 0x75, 0xad, 0x54, 0xb5,
    0xd0, 0xac, 0x11, 0xad, 0xb0, 0xa4, 0x90, 0x9c, 0x70, 0x9c, 0x13, 0xa5,
    0xf3, 0xa4, 0x2f, 0x8c, 0xcd, 0x7b, 0xce, 0x7b, 0x54, 0xb5, 0x74, 0xb5,
    0x54, 0xb5, 0x74, 0xb5, 0x74, 0xad, 0x33, 0xad, 0x13, 0xad, 0x30, 0x94,
    0x0b, 0x63, 0x58, 0xd6, 0x54, 0xb5, 0x57, 0xd6, 0xf5, 0xcd, 0x16, 0xce,
    0x57, 0xd6, 0x16, 0xce, 0x16, 0xce, 0x77, 0xd6, 0x77, 0xd6, 0x57, 0xd6,
    0x36, 0xce, 0x36, 0xce, 0x36, 0xce, 0x56, 0xce, 0x77, 0xd6, 0x57, 0xd6,
    0x56, 0xce, 0x36, 0xce, 0x16, 0xce, 0xd4, 0xc5, 0x15, 0xc6, 0x16, 0xce,
    0x32, 0xad, 0x33, 0xad, 0x74, 0xb5, 0xcb, 0x5a, 0xff, 0xff, 0x75, 0xb5,
    0x95, 0xb5, 0x95, 0xb5, 0x95, 0xb5, 0x95, 0xb5, 0x95, 0xb5, 0x95, 0xb5,
    0xb5, 0xb5, 0x93, 0xb5, 0x71, 0xbd, 0x94, 0xc5, 0x53, 0xbd, 0x74, 0xb5,
    0x74, 0xb5, 0x74, 0xb5, 0x94, 0xb5, 0x95, 0xb5, 0x95, 0xb5, 0x96, 0xb5,
    0x95, 0xb5, 0x95, 0xb5, 0x95, 0xb5, 0x95, 0xb5, 0x95, 0xb5, 0xb5, 0xb5,
    0x95, 0xbd, 0x95, 0xb5, 0xb5, 0xbd, 0xb5, 0xbd, 0xb5, 0xb5, 0x95, 0xbd,
    0xb5, 0xbd, 0xb5, 0xbd, 0x75, 0xb5, 0x75, 0xb5, 0x95, 0xbd, 0x95, 0xb5,
    0xb5, 0xbd, 0xb5, 0xb5, 0x95, 0xb5, 0x95, 0xb5, 0x95, 0xb5, 0x96, 0xbd,
    0x96, 0xb5, 0x95, 0xb5, 0x95, 0xb5, 0xb5, 0xb5, 0xb5, 0xbd, 0x95, 0xb5,
    0xb5, 0xbd, 0xb5, 0xb5, 0xb6, 0xb5, 0x95, 0xb5, 0xb6, 0xbd, 0xb6, 0xbd,
    0xb6, 0xb5, 0x95, 0xb5, 0x96, 0xbd, 0xb6, 0xb5, 0xb6, 0xbd, 0xb6, 0xbd,
    0xb6, 0xb5, 0xb6, 0xbd, 0xd6, 0xbd, 0xb5, 0xbd, 0xee, 0x8b, 0x8d, 0x7b,
    0x0b, 0x6b, 0x70, 0x9c, 0xd6, 0xc5, 0xd6, 0xbd, 0xd7, 0xbd, 0xd7, 0xbd,
    0xd6, 0xbd, 0xd7, 0xbd, 0xf7, 0xc5, 0x54, 0xad, 0x91, 0x94, 0x91, 0x9c,
    0xb1, 0x9c, 0x50, 0x8c, 0x4c, 0x73, 0x2c, 0x6b, 0x4c, 0x6b, 0x2c, 0x73,
    0x0c, 0x6b, 0x2c, 0x73, 0x2c, 0x73, 0x2c, 0x6b, 0x2b, 0x6b, 0x2c, 0x6b,
    0x2c, 0x6b, 0x4d, 0x73, 0xe6, 0x41, 0xa2, 0x18, 0x01, 0x08, 0x21, 0x00,
    0x00, 0x00, 0x20, 0x08, 0x20, 0x08, 0x00, 0x00, 0x00, 0x00, 0x00, 0x08,
    0x20, 0x00, 0x00, 0x00, 0x20, 0x08, 0x00, 0x00, 0x00, 0x00, 0x20, 0x00,
    0x20, 0x08, 0x00, 0x00, 0x20, 0x08, 0x20, 0x00, 0x00, 0x00, 0x20, 0x08,
    0x00, 0x00, 0x00, 0x00, 0x20, 0x08, 0x41, 0x08, 0x21, 0x08, 0x00, 0x00,
    0x07, 0x42, 0x54, 0xad, 0x17, 0xc6, 0x96, 0xbd, 0x95, 0xb5, 0x17, 0xce,
    0x58, 0xce, 0x95, 0xbd, 0x54, 0xad, 0x34, 0xad, 0x33, 0xad, 0x33, 0xb5,
    0x52, 0xb5, 0x32, 0xb5, 0x52, 0xb5, 0x6f, 0x94, 0x50, 0x94, 0x99, 0xd6,
    0xda, 0xde, 0x58, 0xd6, 0x57, 0xce, 0x37, 0xce, 0x37, 0xce, 0x16, 0xc6,
    0x17, 0xc6, 0x17, 0xc6, 0xf6, 0xc5, 0x16, 0xc6, 0x17, 0xce, 0x16, 0xc6,
    0x16, 0xc6, 0xf6, 0xc5, 0xf6, 0xc5, 0xf6, 0xc5, 0xf6, 0xc5, 0x16, 0xce,
    0xf6, 0xc5, 0xf6, 0xc5, 0x16, 0xc6, 0xf6, 0xc5, 0xf6, 0xc5, 0x16, 0xc6,
    0xf6, 0xc5, 0xf6, 0xc5, 0x17, 0xce, 0x37, 0xce, 0x37, 0xce, 0x17, 0xc6,
    0x17, 0xc6, 0x37, 0xce, 0x36, 0xce, 0x16, 0xce, 0x16, 0xce, 0x16, 0xce,
    0x16, 0xce, 0x16, 0xce, 0x37, 0xce, 0x16, 0xce, 0x37, 0xce, 0xb5, 0xbd,
    0xc9, 0x62, 0x17, 0xce, 0x33, 0xad, 0x37, 0xce, 0x37, 0xce, 0x37, 0xce,
    0x57, 0xd6, 0x37, 0xce, 0x37, 0xce, 0x37, 0xd6, 0x37, 0xce, 0x16, 0xce,
    0x17, 0xce, 0x16, 0xce, 0x16, 0xce, 0xf6, 0xcd, 0x17, 0xce, 0x57, 0xd6,
    0x57, 0xd6, 0x57, 0xce, 0xd9, 0xe6, 0xb5, 0xc5, 0x44, 0x31, 0x00, 0x10,
    0xa1, 0x20, 0x61, 0x18, 0x81, 0x20, 0x61, 0x20, 0x40, 0x18, 0xc6, 0x49,
    0xa9, 0x62, 0xe2, 0x20, 0x0b, 0x6b, 0x0b, 0x6b, 0x75, 0xb5, 0x75, 0xb5,
    0x55, 0xb5, 0x55, 0xb5, 0x75, 0xbd, 0x75, 0xb5, 0x55, 0xbd, 0x55, 0xb5,
    0x75, 0xbd, 0x75, 0xbd, 0x75, 0xbd, 0x75, 0xbd, 0x95, 0xbd, 0x55, 0xb5,
    0x55, 0xb5, 0x54, 0xb5, 0x94, 0xbd, 0x58, 0xd6, 0xb9, 0xde, 0x98, 0xd6,
    0x78, 0xd6, 0x78, 0xd6, 0x57, 0xce, 0x58, 0xce, 0x78, 0xd6, 0x78, 0xd6,
    0x98, 0xd6, 0x98, 0xd6, 0x99, 0xd6, 0xb9, 0xde, 0x37, 0xce, 0x37, 0xce,
    0x57, 0xce, 0x78, 0xd6, 0x78, 0xd6, 0x95, 0xb5, 0x54, 0xb5, 0x75, 0xb5,
    0x95, 0xb5, 0xb6, 0xbd, 0xd6, 0xc5, 0x79, 0xd6, 0x10, 0x8c, 0x20, 0x00,
    0x60, 0x08, 0x0b, 0x5b, 0x92, 0x9c, 0x0f, 0x84, 0xce, 0x7b, 0x8e, 0x7b,
    0xb1, 0xa4, 0x95, 0xb5, 0x75, 0xb5, 0x75, 0xad, 0x94, 0xb5, 0x95, 0xb5,
    0x95, 0xad, 0x52, 0xad, 0xd0, 0xac, 0x12, 0xad, 0x90, 0xa4, 0x70, 0x9c,
    0x70, 0x9c, 0xf2, 0xa4, 0xf3, 0xa4, 0x0f, 0x84, 0xee, 0x83, 0x0f, 0x84,
    0x74, 0xb5, 0x74, 0xb5, 0x54, 0xad, 0x54, 0xad, 0x74, 0xb5, 0xd2, 0xa4,
    0x50, 0x94, 0xd2, 0xa4, 0xd2, 0x9c, 0xee, 0x8b, 0xb1, 0xa4, 0x37, 0xd6,
    0x16, 0xce, 0x16, 0xce, 0xf6, 0xcd, 0x98, 0xde, 0x77, 0xd6, 0xf6, 0xcd,
    0x16, 0xce, 0xb8, 0xde, 0x57, 0xd6, 0x36, 0xce, 0x37, 0xce, 0x36, 0xce,
    0x16, 0xce, 0xf5, 0xc5, 0x16, 0xce, 0x16, 0xce, 0x36, 0xce, 0x15, 0xc6,
    0x15, 0xce, 0xb4, 0xbd, 0xb5, 0xbd, 0x94, 0xb5, 0x73, 0xad, 0xf5, 0xcd,
    0x11, 0xb5, 0x11, 0xb5, 0x12, 0xb5, 0x73, 0xc5, 0x73, 0xc5, 0x52, 0xbd,
    0x10, 0xbd, 0xce, 0xbc, 0x6b, 0xb4, 0x08, 0xb4, 0x84, 0xb3, 0x06, 0xbc,
    0xce, 0xbc, 0x53, 0xb5, 0x74, 0xb5, 0x94, 0xb5, 0x94, 0xb5, 0x75, 0xb5,
    0x95, 0xb5, 0x95, 0xb5, 0x95, 0xb5, 0x95, 0xb5, 0x95, 0xb5, 0x94, 0xb5,
    0x95, 0xb5, 0xb5, 0xb5, 0x95, 0xbd, 0x95, 0xb5, 0xb5, 0xb5, 0x95, 0xbd,
    0x95, 0xbd, 0x95, 0xb5, 0xb5, 0xbd, 0xb5, 0xb5, 0x75, 0xb5, 0x75, 0xb5,
    0xb5, 0xb5, 0x96, 0xb5, 0xb5, 0xbd, 0x95, 0xb5, 0x96, 0xb5, 0x95, 0xb5,
    0x95, 0xb5, 0x95, 0xb5, 0x95, 0xb5, 0x96, 0xbd, 0xb5, 0xb5, 0xb5, 0xb5,
    0xb5, 0xb5, 0x95, 0xb5, 0xb5, 0xbd, 0xb5, 0xb5, 0xb6, 0xbd, 0x96, 0xb5,
    0xb6, 0xb5, 0xb6, 0xbd, 0xb6, 0xbd, 0xb6, 0xbd, 0x96, 0xbd, 0xb6, 0xb5,
    0x96, 0xb5, 0xb6, 0xbd, 0xb6, 0xbd, 0xd6, 0xbd, 0x34, 0xad, 0xad, 0x7b,
    0x8c, 0x7b, 0x2b, 0x73, 0x75, 0xb5, 0xd6, 0xbd, 0xb6, 0xbd, 0xd6, 0xbd,
    0xd7, 0xbd, 0xd6, 0xbd, 0xd6, 0xbd, 0xf7, 0xc5, 0x95, 0xb5, 0x91, 0x94,
    0xb2, 0xa4, 0xb2, 0x9c, 0x0f, 0x8c, 0x6c, 0x73, 0x2c, 0x73, 0x2c, 0x73,
    0x4c, 0x73, 0x0b, 0x6b, 0x8d, 0x7b, 0x8d, 0x7b, 0x0b, 0x6b, 0x2c, 0x73,
    0x0b, 0x6b, 0x0c, 0x6b, 0x0c, 0x6b, 0x6d, 0x7b, 0x64, 0x29, 0x00, 0x00,
    0x21, 0x08, 0x20, 0x00, 0x20, 0x00, 0x20, 0x00, 0x00, 0x00, 0x00, 0x00,
    0x20, 0x00, 0x00, 0x08, 0x20, 0x00, 0x00, 0x00, 0x20, 0x00, 0x00, 0x00,
    0x00, 0x00, 0x00, 0x00, 0x00, 0x00, 0x00, 0x00, 0x20, 0x00, 0x00, 0x00,
    0x20, 0x00, 0x00, 0x00, 0x00, 0x00, 0x00, 0x00, 0x00, 0x00, 0x20, 0x08,
    0x41, 0x08, 0x41, 0x08, 0xc3, 0x18, 0xe4, 0x20, 0x50, 0x8c, 0xf7, 0xbd,
    0xb7, 0xbd, 0xf6, 0xc5, 0x38, 0xce, 0xb5, 0xbd, 0x34, 0xad, 0x34, 0xad,
    0x34, 0xad, 0x33, 0xb5, 0x53, 0xb5, 0x52, 0xb5, 0x52, 0xb5, 0x52, 0xb5,
    0x32, 0xad, 0x2e, 0x94, 0x94, 0xb5, 0x58, 0xce, 0x58, 0xd6, 0x58, 0xd6,
    0x57, 0xce, 0x37, 0xce, 0x37, 0xce, 0x37, 0xce, 0x37, 0xce, 0x17, 0xce,
    0x16, 0xc6, 0xf6, 0xc5, 0x17, 0xce, 0x17, 0xce, 0x37, 0xce, 0x37, 0xce,
    0x37, 0xce, 0x17, 0xce, 0x17, 0xc6, 0xf6, 0xc5, 0xf6, 0xc5, 0x16, 0xc6,
    0x16, 0xc6, 0x16, 0xc6, 0x17, 0xc6, 0x17, 0xce, 0x16, 0xc6, 0xf6, 0xc5,
    0xf6, 0xc5, 0x16, 0xc6, 0x16, 0xce, 0x37, 0xce, 0x16, 0xce, 0x17, 0xce,
    0x16, 0xce, 0x16, 0xce, 0xf6, 0xc5, 0xf6, 0xc5, 0x37, 0xce, 0x37, 0xce,
    0x37, 0xd6, 0xd1, 0xa4, 0x4c, 0x73, 0x37, 0xce, 0x33, 0xad, 0x16, 0xce,
    0x57, 0xd6, 0x57, 0xd6, 0x37, 0xce, 0x36, 0xce, 0x37, 0xce, 0x37, 0xce,
    0x37, 0xd6, 0x37, 0xce, 0x16, 0xce, 0xf6, 0xcd, 0xf6, 0xc5, 0x16, 0xce,
    0x37, 0xce, 0x57, 0xd6, 0x16, 0xc6, 0x57, 0xd6, 0x79, 0xce, 0x99, 0xe6,
    0xd3, 0xcd, 0xcc, 0x8b, 0x61, 0x20, 0xa1, 0x20, 0xa1, 0x20, 0x81, 0x28,
    0x81, 0x20, 0x40, 0x18, 0xc5, 0x41, 0xc9, 0x5a, 0xe2, 0x18, 0x6c, 0x73,
    0x27, 0x4a, 0xae, 0x7b, 0x96, 0xbd, 0x54, 0xb5, 0x55, 0xb5, 0x55, 0xb5,
    0x75, 0xb5, 0x75, 0xbd, 0x75, 0xbd, 0x75, 0xb5, 0x76, 0xbd, 0x96, 0xbd,
    0x75, 0xb5, 0x75, 0xbd, 0x75, 0xbd, 0x75, 0xb5, 0x74, 0xb5, 0x54, 0xb5,
    0x95, 0xbd, 0xf6, 0xc5, 0x99, 0xde, 0xfa, 0xe6, 0xda, 0xe6, 0xda, 0xde,
    0xda, 0xe6, 0xfa, 0xe6, 0x1b, 0xef, 0x58, 0xd6, 0xf6, 0xc5, 0x17, 0xc6,
    0xf6, 0xc5, 0x37, 0xce, 0x99, 0xde, 0xf7, 0xc5, 0x34, 0xad, 0x54, 0xad,
    0x75, 0xb5, 0x95, 0xbd, 0xd6, 0xbd, 0xf7, 0xc5, 0x99, 0xd6, 0x07, 0x42,
    0x00, 0x00, 0x81, 0x08, 0x89, 0x52, 0x91, 0x9c, 0x0f, 0x8c, 0xef, 0x8b,
    0xee, 0x83, 0xce, 0x7b, 0x70, 0x94, 0xd2, 0x9c, 0x94, 0xb5, 0x95, 0xb5,
    0x95, 0xad, 0x54, 0xb5, 0x74, 0xb5, 0x12, 0xa5, 0xd1, 0xac, 0x12, 0xad,
    0xf1, 0xa4, 0x4f, 0x94, 0xb1, 0x9c, 0xf3, 0xa4, 0xf2, 0xa4, 0xee, 0x83,
    0xee, 0x83, 0x70, 0x94, 0x54, 0xad, 0x54, 0xad, 0x54, 0xb5, 0x54, 0xb5,
    0x74, 0xad, 0x2f, 0x8c, 0x0f, 0x8c, 0xb5, 0xbd, 0xb5, 0xbd, 0xad, 0x83,
    0x34, 0xb5, 0x16, 0xce, 0x16, 0xce, 0x57, 0xd6, 0x57, 0xd6, 0xf5, 0xc5,
    0x57, 0xd6, 0x98, 0xde, 0x56, 0xd6, 0x16, 0xce, 0x56, 0xce, 0x36, 0xce,
    0x16, 0xce, 0x16, 0xce, 0x36, 0xce, 0x36, 0xce, 0x16, 0xce, 0xf5, 0xc5,
    0x16, 0xce, 0xf4, 0xc5, 0xf4, 0xc5, 0xf5, 0xcd, 0xd5, 0xc5, 0x73, 0xbd,
    0x31, 0xb5, 0x25, 0x9b, 0xa8, 0xcc, 0xa5, 0xab, 0xa4, 0xab, 0xa3, 0xab,
    0x83, 0xab, 0x84, 0xab, 0x85, 0xab, 0xa6, 0xab, 0xe7, 0xb3, 0xa3, 0xb3,
    0x62, 0xbb, 0x40, 0xb3, 0x07, 0xbc, 0x54, 0xbd, 0x74, 0xb5, 0x74, 0xb5,
    0x74, 0xb5, 0x74, 0xb5, 0x95, 0xb5, 0x95, 0xb5, 0x95, 0xb5, 0x95, 0xb5,
    0x95, 0xb5, 0x95, 0xb5, 0x95, 0xb5, 0xb5, 0xb5, 0x95, 0xbd, 0x95, 0xbd,
    0x95, 0xb5, 0xb5, 0xbd, 0x95, 0xbd, 0xb5, 0xb5, 0x95, 0xbd, 0x95, 0xb5,
    0x75, 0xb5, 0x95, 0xb5, 0x95, 0xb5, 0x95, 0xb5, 0xb5, 0xbd, 0x95, 0xb5,
    0x96, 0xb5, 0x95, 0xb5, 0x96, 0xb5, 0x95, 0xb5, 0x95, 0xb5, 0x95, 0xb5,
    0x95, 0xb5, 0xb5, 0xbd, 0xb5, 0xb5, 0xb5, 0xb5, 0xb5, 0xbd, 0xb5, 0xb5,
    0xb6, 0xbd, 0xb6, 0xbd, 0x95, 0xb5, 0xb6, 0xb5, 0xb6, 0xb5, 0xb6, 0xbd,
    0xb6, 0xb5, 0xb6, 0xb5, 0x96, 0xb5, 0xb6, 0xbd, 0xd6, 0xbd, 0x91, 0x9c,
    0x8d, 0x7b, 0x6d, 0x73, 0x8d, 0x7b, 0xd7, 0xc5, 0xd6, 0xbd, 0xd7, 0xbd,
    0xd7, 0xbd, 0xd7, 0xbd, 0xd7, 0xc5, 0xf6, 0xc5, 0xd7, 0xbd, 0xf7, 0xc5,
    0x71, 0x94, 0x13, 0xa5, 0xb3, 0xa4, 0x30, 0x8c, 0x8d, 0x7b, 0x4c, 0x73,
    0x4c, 0x73, 0x2c, 0x6b, 0xeb, 0x62, 0x0f, 0x8c, 0xef, 0x8b, 0x4c, 0x73,
    0x0b, 0x6b, 0x0c, 0x6b, 0x0b, 0x6b, 0x0c, 0x6b, 0x4c, 0x73, 0xaa, 0x62,
    0x81, 0x10, 0x20, 0x00, 0x20, 0x08, 0x00, 0x00, 0x00, 0x00, 0x20, 0x00,
    0x00, 0x00, 0x00, 0x00, 0x20, 0x00, 0x00, 0x08, 0x00, 0x08, 0x20, 0x00,
    0x00, 0x00, 0x00, 0x00, 0x20, 0x08, 0x21, 0x08, 0x00, 0x00, 0x00, 0x00,
    0x00, 0x00, 0x00, 0x00, 0x20, 0x08, 0x00, 0x00, 0x00, 0x00, 0x00, 0x00,
    0x00, 0x00, 0x20, 0x00, 0x20, 0x00, 0x04, 0x21, 0x61, 0x10, 0x04, 0x21,
    0x20, 0x00, 0xb2, 0x9c, 0xf7, 0xbd, 0xf7, 0xc5, 0x95, 0xbd, 0x95, 0xb5,
    0x54, 0xad, 0x34, 0xad, 0x14, 0xad, 0x53, 0xad, 0x53, 0xad, 0x53, 0xb5,
    0x52, 0xb5, 0x52, 0xb5, 0x53, 0xb5, 0x31, 0xb5, 0x93, 0xb5, 0xf6, 0xc5,
    0x57, 0xce, 0x99, 0xde, 0x78, 0xd6, 0x78, 0xce, 0x57, 0xce, 0x37, 0xce,
    0x16, 0xce, 0x17, 0xce, 0x17, 0xce, 0x37, 0xce, 0x37, 0xce, 0x37, 0xce,
    0x17, 0xce, 0x16, 0xc6, 0xf6, 0xc5, 0x17, 0xce, 0x37, 0xce, 0x17, 0xce,
    0x37, 0xce, 0x17, 0xc6, 0x16, 0xc6, 0x16, 0xc6, 0x16, 0xc6, 0x17, 0xc6,
    0x16, 0xce, 0x16, 0xc6, 0x17, 0xce, 0x17, 0xce, 0x16, 0xc6, 0x17, 0xc6,
    0x16, 0xce, 0x16, 0xc6, 0x16, 0xce, 0xf6, 0xc5, 0x16, 0xc6, 0x16, 0xce,
    0x16, 0xce, 0x57, 0xd6, 0x16, 0xce, 0x50, 0x94, 0x2f, 0x8c, 0x37, 0xce,
    0x94, 0xb5, 0xd4, 0xbd, 0x56, 0xd6, 0x57, 0xd6, 0x37, 0xce, 0x37, 0xce,
    0x16, 0xce, 0x17, 0xce, 0x16, 0xce, 0x16, 0xce, 0x16, 0xce, 0x17, 0xce,
    0xf6, 0xc5, 0x16, 0xce, 0x57, 0xce, 0x78, 0xd6, 0x57, 0xce, 0x78, 0xd6,
    0xd9, 0xde, 0xa8, 0x9b, 0x42, 0x9b, 0xa2, 0xa3, 0x65, 0x93, 0xa1, 0x30,
    0x85, 0x49, 0x23, 0x41, 0x80, 0x28, 0x60, 0x18, 0xc5, 0x41, 0x27, 0x4a,
    0xc9, 0x5a, 0xa9, 0x5a, 0x0f, 0x8c, 0xee, 0x83, 0x6d, 0x7b, 0x75, 0xbd,
    0x75, 0xbd, 0x75, 0xbd, 0x75, 0xbd, 0x75, 0xbd, 0x55, 0xb5, 0x55, 0xb5,
    0x75, 0xbd, 0x75, 0xb5, 0x76, 0xbd, 0x75, 0xbd, 0x75, 0xb5, 0x95, 0xbd,
    0x75, 0xbd, 0x74, 0xb5, 0x95, 0xbd, 0x75, 0xbd, 0x54, 0xb5, 0x74, 0xb5,
    0xd6, 0xc5, 0x17, 0xce, 0xf6, 0xc5, 0xb5, 0xbd, 0x54, 0xb5, 0xb5, 0xbd,
    0xf7, 0xcd, 0x37, 0xce, 0x99, 0xde, 0x58, 0xd6, 0x54, 0xb5, 0x75, 0xb5,
    0x75, 0xb5, 0x74, 0xb5, 0xb6, 0xbd, 0xf7, 0xc5, 0x38, 0xce, 0xb6, 0xbd,
    0x81, 0x18, 0x40, 0x08, 0x04, 0x21, 0x2c, 0x63, 0x8e, 0x73, 0xb2, 0x9c,
    0x30, 0x8c, 0x0f, 0x84, 0xef, 0x83, 0xce, 0x83, 0xb1, 0x9c, 0x71, 0x94,
    0x4e, 0x8c, 0x53, 0xad, 0x94, 0xb5, 0x74, 0xb5, 0x32, 0xad, 0xf1, 0xa4,
    0x12, 0xad, 0x12, 0xb5, 0x12, 0xad, 0xee, 0x83, 0xd2, 0x9c, 0xf3, 0xa4,
    0xb1, 0x9c, 0x0e, 0x84, 0x2f, 0x8c, 0x13, 0xa5, 0x54, 0xad, 0x54, 0xad,
    0x54, 0xad, 0x95, 0xb5, 0xb1, 0x9c, 0x0f, 0x8c, 0xd2, 0xa4, 0x54, 0xb5,
    0x4c, 0x6b, 0x2f, 0x94, 0x37, 0xd6, 0x16, 0xce, 0x57, 0xd6, 0x36, 0xce,
    0x36, 0xd6, 0x77, 0xde, 0x37, 0xd6, 0x16, 0xce, 0x36, 0xce, 0x16, 0xce,
    0x16, 0xce, 0x15, 0xce, 0x36, 0xce, 0x36, 0xce, 0x16, 0xce, 0x15, 0xc6,
    0x36, 0xce, 0x16, 0xce, 0xf5, 0xcd, 0xd4, 0xcd, 0xd4, 0xcd, 0xb4, 0xc5,
    0xb4, 0xc5, 0xf4, 0xc5, 0xb4, 0xc5, 0xa4, 0xab, 0x60, 0xb3, 0xa2, 0xbb,
    0xa2, 0xb3, 0xa2, 0xb3, 0xa2, 0xb3, 0x83, 0xab, 0x07, 0xb4, 0x2a, 0xb4,
    0x49, 0xc4, 0xa3, 0xbb, 0x81, 0xbb, 0x61, 0xbb, 0x42, 0xab, 0x10, 0xb5,
    0x74, 0xb5, 0x74, 0xb5, 0x74, 0xb5, 0x74, 0xad, 0x74, 0xad, 0x75, 0xb5,
    0x74, 0xb5, 0x74, 0xb5, 0x75, 0xb5, 0x95, 0xb5, 0x95, 0xb5, 0x95, 0xb5,
    0x95, 0xb5, 0x95, 0xb5, 0x95, 0xbd, 0x95, 0xb5, 0x95, 0xb5, 0x95, 0xb5,
    0xb5, 0xbd, 0x95, 0xb5, 0x75, 0xb5, 0x75, 0xb5, 0xb5, 0xbd, 0x95, 0xb5,
    0xb5, 0xb5, 0xb5, 0xb5, 0x95, 0xbd, 0x95, 0xb5, 0x95, 0xb5, 0x96, 0xb5,
    0x95, 0xb5, 0x96, 0xb5, 0x95, 0xb5, 0xb5, 0xbd, 0xb5, 0xbd, 0x95, 0xb5,
    0xb5, 0xbd, 0xb5, 0xb5, 0xb6, 0xbd, 0xb6, 0xbd, 0x95, 0xb5, 0x96, 0xb5,
    0x96, 0xb5, 0x95, 0xb5, 0xb6, 0xbd, 0xb6, 0xbd, 0xb6, 0xbd, 0x95, 0xb5,
    0x71, 0x94, 0xce, 0x83, 0x4b, 0x73, 0xee, 0x83, 0x18, 0xc6, 0xd7, 0xbd,
    0xd7, 0xbd, 0xf7, 0xc5, 0xf7, 0xc5, 0xf6, 0xbd, 0xf7, 0xc5, 0xf6, 0xbd,
    0x37, 0xc6, 0x70, 0x8c, 0x14, 0xad, 0x71, 0x9c, 0x92, 0xa4, 0xae, 0x7b,
    0x4c, 0x73, 0x2c, 0x6b, 0x2c, 0x6b, 0x2c, 0x6b, 0x34, 0xad, 0x0f, 0x8c,
    0x6d, 0x7b, 0x0b, 0x6b, 0x0c, 0x6b, 0x0b, 0x6b, 0x2c, 0x6b, 0x0c, 0x6b,
    0x6d, 0x73, 0xe3, 0x20, 0x20, 0x08, 0x21, 0x08, 0x20, 0x08, 0x21, 0x00,
    0x00, 0x00, 0x20, 0x08, 0x00, 0x00, 0x00, 0x00, 0x20, 0x00, 0x00, 0x00,
    0x00, 0x00, 0x00, 0x08, 0x20, 0x00, 0x62, 0x10, 0x82, 0x10, 0x20, 0x00,
    0x41, 0x08, 0x41, 0x08, 0x00, 0x00, 0x00, 0x00, 0x00, 0x00, 0x00, 0x00,
    0x00, 0x00, 0x00, 0x00, 0x00, 0x00, 0x00, 0x00, 0x00, 0x00, 0xc7, 0x39,
    0xb6, 0xbd, 0xb9, 0xd6, 0xae, 0x7b, 0xeb, 0x62, 0x18, 0xc6, 0xd7, 0xc5,
    0xd7, 0xbd, 0xd6, 0xbd, 0xb6, 0xbd, 0x34, 0xad, 0x34, 0xad, 0x53, 0xad,
    0x53, 0xad, 0x53, 0xb5, 0x53, 0xb5, 0x53, 0xb5, 0x53, 0xb5, 0x73, 0xb5,
    0x32, 0xb5, 0x33, 0xb5, 0xd4, 0xbd, 0xb5, 0xbd, 0xf6, 0xc5, 0x16, 0xc6,
    0x78, 0xd6, 0x58, 0xce, 0x17, 0xce, 0x16, 0xc6, 0x16, 0xc6, 0x16, 0xc6,
    0x17, 0xce, 0x37, 0xce, 0x37, 0xce, 0x37, 0xce, 0x37, 0xce, 0x16, 0xce,
    0x16, 0xc6, 0x37, 0xce, 0x37, 0xce, 0x37, 0xce, 0x37, 0xce, 0x37, 0xce,
    0x37, 0xce, 0x37, 0xce, 0x17, 0xce, 0x37, 0xce, 0x16, 0xc6, 0x16, 0xce,
    0x17, 0xce, 0x17, 0xce, 0x37, 0xce, 0x37, 0xce, 0x16, 0xce, 0x37, 0xce,
    0x17, 0xce, 0x37, 0xce, 0x37, 0xce, 0x57, 0xd6, 0x37, 0xce, 0x4c, 0x73,
    0xd2, 0xa4, 0x36, 0xce, 0xf6, 0xc5, 0x53, 0xb5, 0x36, 0xce, 0x37, 0xce,
    0x36, 0xd6, 0x36, 0xd6, 0x57, 0xd6, 0x37, 0xd6, 0x37, 0xd6, 0x16, 0xce,
    0x37, 0xd6, 0x37, 0xd6, 0x36, 0xce, 0xf6, 0xc5, 0x78, 0xd6, 0x78, 0xd6,
    0x77, 0xd6, 0xd9, 0xde, 0x8f, 0xac, 0x23, 0x9b, 0xa3, 0xab, 0x82, 0xa3,
    0xa2, 0xab, 0x63, 0xa3, 0xa5, 0x7a, 0x42, 0x41, 0x43, 0x39, 0x60, 0x20,
    0x60, 0x20, 0x47, 0x52, 0x88, 0x5a, 0xc5, 0x41, 0xee, 0x83, 0x4f, 0x94,
    0x13, 0xa5, 0x54, 0xb5, 0x75, 0xbd, 0x75, 0xbd, 0x75, 0xbd, 0x75, 0xb5,
    0x55, 0xb5, 0x55, 0xb5, 0x75, 0xb5, 0x96, 0xbd, 0x96, 0xbd, 0x96, 0xbd,
    0x95, 0xbd, 0x95, 0xbd, 0x95, 0xbd, 0x95, 0xbd, 0x95, 0xbd, 0x95, 0xbd,
    0x96, 0xbd, 0x96, 0xbd, 0x94, 0xbd, 0x95, 0xbd, 0xb5, 0xbd, 0xd6, 0xc5,
    0xf6, 0xc5, 0xf6, 0xcd, 0x17, 0xce, 0xd6, 0xc5, 0x54, 0xb5, 0x34, 0xad,
    0x75, 0xbd, 0x95, 0xbd, 0xb5, 0xbd, 0xd7, 0xc5, 0xf7, 0xcd, 0x38, 0xce,
    0xeb, 0x62, 0x00, 0x00, 0x61, 0x18, 0x61, 0x10, 0xe2, 0x18, 0x82, 0x10,
    0x61, 0x08, 0x82, 0x10, 0xef, 0x83, 0x71, 0x94, 0x30, 0x8c, 0xce, 0x83,
    0x6d, 0x73, 0x6d, 0x73, 0xf1, 0xb4, 0x6d, 0x9c, 0x31, 0xad, 0x72, 0xb5,
    0x11, 0xad, 0x11, 0xad, 0x12, 0xb5, 0x53, 0xb5, 0xb1, 0xa4, 0x0e, 0x8c,
    0xf2, 0xa4, 0xf3, 0x9c, 0x50, 0x8c, 0x2f, 0x8c, 0x90, 0x94, 0x33, 0xad,
    0x13, 0xad, 0x34, 0xad, 0x94, 0xb5, 0xd2, 0x9c, 0xf0, 0x83, 0xef, 0x8b,
    0xd2, 0xa4, 0xf6, 0xc5, 0xf6, 0xc5, 0x37, 0xce, 0x35, 0xce, 0x36, 0xd6,
    0x36, 0xce, 0x56, 0xd6, 0x76, 0xd6, 0x15, 0xce, 0x15, 0xce, 0x15, 0xc6,
    0x36, 0xce, 0x16, 0xce, 0x36, 0xce, 0x56, 0xd6, 0x15, 0xc6, 0x16, 0xce,
    0x15, 0xce, 0x16, 0xce, 0xf5, 0xcd, 0x15, 0xce, 0xd5, 0xbd, 0xd5, 0xcd,
    0xb4, 0xcd, 0x93, 0xc5, 0x93, 0xbd, 0xb3, 0xbd, 0xb4, 0xbd, 0xcc, 0xb4,
    0x01, 0x9b, 0x42, 0xa3, 0x82, 0xa3, 0x82, 0xa3, 0x83, 0xab, 0x62, 0xa3,
    0x62, 0xa3, 0x42, 0xa3, 0x43, 0xab, 0x62, 0xbb, 0x40, 0xbb, 0x41, 0xbb,
    0x00, 0xab, 0xcd, 0xb4, 0x54, 0xad, 0x54, 0xb5, 0x74, 0xb5, 0x74, 0xad,
    0x74, 0xad, 0x75, 0xb5, 0x75, 0xad, 0x75, 0xad, 0x74, 0xb5, 0x95, 0xb5,
    0x95, 0xb5, 0x95, 0xb5, 0x95, 0xbd, 0x95, 0xb5, 0x95, 0xb5, 0x95, 0xbd,
    0x95, 0xb5, 0x95, 0xb5, 0xb5, 0xbd, 0x95, 0xb5, 0x75, 0xb5, 0x95, 0xb5,
    0x95, 0xb5, 0x96, 0xb5, 0x96, 0xb5, 0x95, 0xb5, 0x96, 0xb5, 0x95, 0xb5,
    0x96, 0xb5, 0x95, 0xb5, 0x95, 0xb5, 0x96, 0xb5, 0x95, 0xb5, 0x95, 0xb5,
    0x96, 0xb5, 0x96, 0xb5, 0xb6, 0xbd, 0xb6, 0xbd, 0xb6, 0xb5, 0xb6, 0xbd,
    0xb6, 0xbd, 0xb6, 0xbd, 0xb6, 0xbd, 0xb6, 0xbd, 0x95, 0xb5, 0xb6, 0xbd,
    0x54, 0xad, 0x94, 0xad, 0xce, 0x83, 0x2b, 0x73, 0x71, 0x9c, 0x17, 0xce,
    0xd6, 0xbd, 0xf6, 0xbd, 0xf6, 0xbd, 0xf6, 0xc5, 0xf6, 0xbd, 0xd6, 0xbd,
    0xb6, 0xbd, 0x37, 0xc6, 0x13, 0xa5, 0xd3, 0xa4, 0x92, 0x9c, 0x55, 0xb5,
    0x8e, 0x7b, 0x2c, 0x73, 0x2c, 0x6b, 0x4c, 0x73, 0x71, 0x94, 0x38, 0xd6,
    0x71, 0x94, 0x8e, 0x7b, 0xeb, 0x6a, 0x0b, 0x6b, 0x0b, 0x6b, 0x2b, 0x6b,
    0x0b, 0x6b, 0x4c, 0x73, 0xa6, 0x41, 0x61, 0x10, 0x20, 0x08, 0x20, 0x00,
    0x00, 0x00, 0x20, 0x00, 0x00, 0x00, 0x00, 0x00, 0x20, 0x08, 0x00, 0x00,
    0x00, 0x00, 0x00, 0x00, 0x00, 0x00, 0x21, 0x00, 0x82, 0x10, 0x61, 0x10,
    0x41, 0x08, 0xc3, 0x18, 0x82, 0x10, 0xa2, 0x18, 0xa2, 0x18, 0x41, 0x08,
    0x20, 0x00, 0x00, 0x00, 0x00, 0x00, 0x00, 0x00, 0x20, 0x00, 0x00, 0x00,
    0x00, 0x00, 0xc3, 0x18, 0x8a, 0x52, 0x17, 0xc6, 0x90, 0x94, 0x30, 0x8c,
    0xf7, 0xc5, 0xd6, 0xbd, 0xf7, 0xc5, 0xf7, 0xc5, 0xd7, 0xbd, 0x95, 0xb5,
    0x54, 0xad, 0x14, 0xad, 0x54, 0xad, 0x53, 0xad, 0x53, 0xad, 0x53, 0xb5,
    0x53, 0xb5, 0x53, 0xb5, 0x53, 0xb5, 0x52, 0xb5, 0xf1, 0xa4, 0x12, 0xad,
    0x94, 0xbd, 0xb5, 0xbd, 0x12, 0xad, 0x74, 0xb5, 0xf6, 0xc5, 0x16, 0xc6,
    0x37, 0xce, 0x17, 0xce, 0x16, 0xc6, 0x17, 0xce, 0x16, 0xc6, 0x16, 0xc6,
    0xf6, 0xc5, 0x16, 0xc6, 0x37, 0xce, 0x17, 0xce, 0x16, 0xc6, 0x16, 0xc6,
    0x17, 0xce, 0x16, 0xce, 0x16, 0xc6, 0x16, 0xc6, 0x16, 0xc6, 0x17, 0xc6,
    0x37, 0xce, 0x37, 0xce, 0x16, 0xc6, 0x16, 0xc6, 0x16, 0xce, 0x16, 0xce,
    0xf6, 0xcd, 0x16, 0xce, 0x16, 0xce, 0x17, 0xce, 0x57, 0xd6, 0x17, 0xce,
    0x36, 0xce, 0xea, 0x62, 0x74, 0xb5, 0x16, 0xce, 0xf6, 0xc5, 0x53, 0xb5,
    0x37, 0xd6, 0x37, 0xce, 0x37, 0xce, 0x57, 0xd6, 0x37, 0xce, 0x37, 0xce,
    0x99, 0xde, 0x57, 0xd6, 0x37, 0xce, 0x36, 0xce, 0x37, 0xd6, 0x37, 0xce,
    0x16, 0xce, 0x37, 0xce, 0x37, 0xd6, 0xd9, 0xde, 0x4b, 0xa4, 0x22, 0x9b,
    0xa3, 0xa3, 0x81, 0xa3, 0x81, 0xab, 0x61, 0xa3, 0x61, 0xab, 0xe4, 0x92,
    0x45, 0x6a, 0x60, 0x20, 0x61, 0x18, 0x60, 0x18, 0xa5, 0x41, 0x06, 0x4a,
    0xa1, 0x20, 0x71, 0x9c, 0x75, 0xbd, 0x13, 0xad, 0x54, 0xb5, 0x55, 0xb5,
    0x75, 0xb5, 0x76, 0xbd, 0x55, 0xbd, 0x76, 0xbd, 0x75, 0xb5, 0x75, 0xb5,
    0x75, 0xbd, 0x75, 0xb5, 0xb6, 0xbd, 0xb6, 0xbd, 0xb6, 0xbd, 0xb6, 0xbd,
    0xb6, 0xbd, 0x96, 0xbd, 0xb6, 0xbd, 0xb6, 0xc5, 0xb5, 0xbd, 0xb5, 0xbd,
    0x95, 0xbd, 0xd5, 0xc5, 0xf6, 0xc5, 0xb6, 0xbd, 0x76, 0xb5, 0x96, 0xbd,
    0xb6, 0xbd, 0x76, 0xbd, 0x75, 0xbd, 0xb5, 0xbd, 0x17, 0xce, 0xf6, 0xc5,
    0x8d, 0x73, 0x20, 0x08, 0x20, 0x08, 0x62, 0x10, 0x41, 0x10, 0x61, 0x10,
    0x61, 0x10, 0x41, 0x08, 0x61, 0x10, 0x41, 0x08, 0x21, 0x08, 0x69, 0x52,
    0x30, 0x84, 0x92, 0x9c, 0xa6, 0x39, 0x83, 0x10, 0xc5, 0x41, 0xcf, 0xac,
    0xcf, 0xac, 0x11, 0xad, 0x11, 0xad, 0x31, 0xad, 0x12, 0xb5, 0x53, 0xb5,
    0x70, 0x94, 0x4f, 0x94, 0xd2, 0xa4, 0xd2, 0x9c, 0x2f, 0x8c, 0x50, 0x8c,
    0xf3, 0xa4, 0x33, 0xa5, 0x33, 0xad, 0x54, 0xb5, 0xd2, 0xa4, 0x0f, 0x84,
    0xf0, 0x83, 0x0f, 0x8c, 0xf6, 0xc5, 0x94, 0xbd, 0x15, 0xce, 0x36, 0xce,
    0x36, 0xce, 0x36, 0xce, 0x36, 0xd6, 0x56, 0xd6, 0xf5, 0xc5, 0x16, 0xce,
    0x16, 0xce, 0x15, 0xc6, 0xf5, 0xc5, 0x56, 0xce, 0x35, 0xce, 0x15, 0xc6,
    0x36, 0xce, 0x15, 0xce, 0x15, 0xc6, 0x15, 0xc6, 0xf5, 0xc5, 0xf5, 0xcd,
    0xf6, 0xcd, 0xb4, 0xcd, 0x94, 0xc5, 0x73, 0xc5, 0x52, 0xbd, 0x32, 0xb5,
    0xb4, 0xc5, 0x52, 0xad, 0x30, 0xb5, 0x6a, 0xac, 0x23, 0x9b, 0x64, 0xa3,
    0x64, 0xa3, 0x64, 0xab, 0x43, 0xab, 0x62, 0xab, 0x41, 0xb3, 0x21, 0xb3,
    0x41, 0xbb, 0x20, 0xb3, 0x21, 0xab, 0x31, 0xbd, 0x74, 0xad, 0x54, 0xad,
    0x54, 0xad, 0x54, 0xb5, 0x54, 0xb5, 0x54, 0xb5, 0x74, 0xb5, 0x74, 0xb5,
    0x74, 0xb5, 0x75, 0xb5, 0x95, 0xb5, 0x95, 0xb5, 0x95, 0xb5, 0x94, 0xb5,
    0x95, 0xb5, 0x95, 0xb5, 0x95, 0xbd, 0x95, 0xbd, 0x95, 0xbd, 0x95, 0xb5,
    0x75, 0xb5, 0x95, 0xb5, 0x96, 0xb5, 0x95, 0xb5, 0x95, 0xb5, 0xb6, 0xbd,
    0x95, 0xb5, 0x96, 0xb5, 0x96, 0xbd, 0x95, 0xb5, 0x95, 0xb5, 0x96, 0xb5,
    0x96, 0xbd, 0x96, 0xbd, 0x96, 0xb5, 0xb5, 0xb5, 0xb6, 0xbd, 0xb6, 0xbd,
    0xb5, 0xb5, 0xb6, 0xbd, 0xd6, 0xbd, 0xb6, 0xb5, 0xb6, 0xbd, 0xb6, 0xbd,
    0xb6, 0xbd, 0x14, 0xa5, 0xf7, 0xc5, 0xcd, 0x7b, 0x4c, 0x6b, 0xd2, 0xa4,
    0xf7, 0xc5, 0xd6, 0xbd, 0xd7, 0xbd, 0xf6, 0xbd, 0xf6, 0xc5, 0xd6, 0xbd,
    0xf6, 0xbd, 0xf6, 0xbd, 0x57, 0xce, 0x53, 0xad, 0xd2, 0x9c, 0x71, 0x9c,
    0x34, 0xb5, 0x10, 0x8c, 0x4c, 0x73, 0x4c, 0x73, 0xeb, 0x62, 0x91, 0x9c,
    0x58, 0xd6, 0x91, 0x9c, 0x4c, 0x73, 0x2c, 0x73, 0x0b, 0x6b, 0xeb, 0x6a,
    0x2b, 0x6b, 0x0b, 0x6b, 0x2c, 0x6b, 0x0b, 0x6b, 0xc3, 0x20, 0x20, 0x08,
    0x20, 0x08, 0x00, 0x00, 0x00, 0x00, 0x00, 0x00, 0x20, 0x08, 0x20, 0x00,
    0x00, 0x00, 0x00, 0x00, 0x00, 0x00, 0x21, 0x08, 0xe3, 0x18, 0xe3, 0x18,
    0x82, 0x10, 0xa2, 0x18, 0xa3, 0x18, 0xc3, 0x18, 0xe3, 0x18, 0xa2, 0x18,
    0x82, 0x10, 0xa2, 0x10, 0xa3, 0x18, 0x20, 0x08, 0x00, 0x00, 0x20, 0x00,
    0x20, 0x08, 0x20, 0x08, 0x00, 0x00, 0x41, 0x08, 0xc6, 0x39, 0x89, 0x52,
    0x70, 0x94, 0x71, 0x94, 0x95, 0xb5, 0xd6, 0xbd, 0xf7, 0xc5, 0xf7, 0xc5,
    0xd7, 0xbd, 0xf7, 0xc5, 0x96, 0xb5, 0x55, 0xad, 0x34, 0xad, 0x54, 0xad,
    0x53, 0xad, 0x53, 0xb5, 0x53, 0xb5, 0x53, 0xb5, 0x53, 0xb5, 0x73, 0xb5,
    0x53, 0xb5, 0x32, 0xb5, 0x32, 0xad, 0x53, 0xb5, 0xd5, 0xc5, 0xb5, 0xbd,
    0xd5, 0xbd, 0xd6, 0xc5, 0x16, 0xc6, 0x17, 0xce, 0x17, 0xce, 0x16, 0xc6,
    0x17, 0xce, 0x17, 0xce, 0x17, 0xc6, 0xf6, 0xc5, 0xf6, 0xc5, 0xf6, 0xc5,
    0x16, 0xc6, 0x17, 0xce, 0x17, 0xce, 0xf6, 0xc5, 0x17, 0xc6, 0x37, 0xce,
    0x17, 0xce, 0x16, 0xc6, 0x17, 0xce, 0x17, 0xce, 0x17, 0xc6, 0xf6, 0xc5,
    0x16, 0xc6, 0x16, 0xce, 0xf6, 0xcd, 0xf6, 0xcd, 0x16, 0xce, 0x16, 0xce,
    0xf6, 0xcd, 0x37, 0xce, 0xb4, 0xbd, 0xa9, 0x5a, 0x37, 0xce, 0xf5, 0xc5,
    0x16, 0xc6, 0xf6, 0xc5, 0x16, 0xce, 0x37, 0xce, 0x17, 0xce, 0x37, 0xce,
    0x37, 0xce, 0x78, 0xd6, 0xb5, 0xbd, 0x16, 0xce, 0x78, 0xd6, 0x78, 0xd6,
    0x57, 0xd6, 0x57, 0xd6, 0x37, 0xd6, 0x37, 0xce, 0xb9, 0xde, 0x98, 0xd6,
    0x8e, 0xac, 0x42, 0x9b, 0xa3, 0xab, 0x81, 0xab, 0x81, 0xab, 0x61, 0xa3,
    0x61, 0xa3, 0x81, 0xa3, 0x27, 0xbc, 0xa3, 0x7a, 0x01, 0x39, 0x21, 0x10,
    0x41, 0x10, 0x82, 0x18, 0x84, 0x31, 0x40, 0x10, 0x71, 0x9c, 0xf7, 0xc5,
    0xf2, 0xa4, 0xb1, 0x9c, 0x53, 0xb5, 0x75, 0xb5, 0x96, 0xbd, 0x75, 0xbd,
    0x75, 0xb5, 0x75, 0xbd, 0x96, 0xbd, 0x96, 0xbd, 0x95, 0xbd, 0x96, 0xbd,
    0xb6, 0xbd, 0xb6, 0xc5, 0xb6, 0xbd, 0xd7, 0xc5, 0xd6, 0xc5, 0xd6, 0xc5,
    0xd6, 0xc5, 0xf6, 0xc5, 0xd6, 0xc5, 0x95, 0xbd, 0x74, 0xbd, 0x96, 0xbd,
    0xb6, 0xbd, 0xb5, 0xbd, 0xb5, 0xbd, 0xf7, 0xc5, 0x17, 0xce, 0x91, 0x9c,
    0xea, 0x6a, 0x40, 0x10, 0x20, 0x00, 0x82, 0x10, 0x83, 0x10, 0xc4, 0x18,
    0x41, 0x10, 0x61, 0x10, 0x41, 0x10, 0x42, 0x08, 0x61, 0x08, 0x62, 0x10,
    0x61, 0x10, 0x41, 0x08, 0xc3, 0x18, 0x49, 0x52, 0x45, 0x29, 0x04, 0x21,
    0xe4, 0x18, 0x48, 0x52, 0xaf, 0xac, 0x10, 0xb5, 0xcf, 0xac, 0xf0, 0xac,
    0xf1, 0xac, 0xb1, 0xa4, 0x0f, 0x8c, 0x70, 0x9c, 0xd2, 0xa4, 0x50, 0x94,
    0x4f, 0x8c, 0x13, 0xa5, 0x13, 0xa5, 0x13, 0xa5, 0x33, 0xad, 0xf3, 0xa4,
    0x30, 0x8c, 0xef, 0x83, 0xb2, 0x9c, 0x57, 0xd6, 0x33, 0xad, 0xd5, 0xc5,
    0x36, 0xce, 0x36, 0xce, 0x36, 0xce, 0x36, 0xd6, 0x56, 0xd6, 0x15, 0xce,
    0x16, 0xce, 0x16, 0xce, 0x16, 0xc6, 0x15, 0xce, 0x36, 0xce, 0x16, 0xce,
    0x16, 0xce, 0x15, 0xce, 0x15, 0xce, 0x36, 0xce, 0x36, 0xce, 0xf5, 0xc5,
    0x16, 0xce, 0x94, 0xbd, 0x53, 0xbd, 0x73, 0xbd, 0x73, 0xc5, 0x94, 0xc5,
    0x94, 0xc5, 0xd5, 0xcd, 0xb5, 0xc5, 0x52, 0xb5, 0x32, 0xb5, 0x72, 0xbd,
    0xe2, 0x61, 0x66, 0xa3, 0x64, 0xa3, 0x42, 0xab, 0x42, 0xab, 0x41, 0xab,
    0x41, 0xab, 0x40, 0xb3, 0x20, 0xb3, 0xe0, 0xb2, 0x6b, 0xac, 0x74, 0xb5,
    0x53, 0xad, 0x54, 0xad, 0x54, 0xad, 0x54, 0xad, 0x54, 0xad, 0x54, 0xad,
    0x54, 0xad, 0x54, 0xad, 0x54, 0xad, 0x74, 0xad, 0x74, 0xb5, 0x75, 0xb5,
    0x94, 0xb5, 0x95, 0xb5, 0x74, 0xb5, 0x74, 0xb5, 0x95, 0xb5, 0x95, 0xb5,
    0x95, 0xbd, 0x95, 0xb5, 0x75, 0xb5, 0x96, 0xb5, 0x95, 0xb5, 0xb6, 0xbd,
    0x95, 0xb5, 0x95, 0xb5, 0x96, 0xbd, 0x95, 0xb5, 0x96, 0xbd, 0x96, 0xbd,
    0x95, 0xb5, 0x95, 0xb5, 0xb6, 0xbd, 0xb5, 0xb5, 0xb6, 0xb5, 0x95, 0xb5,
    0xb6, 0xbd, 0xb6, 0xbd, 0xd6, 0xbd, 0xb6, 0xb5, 0xb6, 0xbd, 0xb6, 0xb5,
    0x96, 0xb5, 0xb6, 0xbd, 0x54, 0xad, 0x18, 0xc6, 0xcf, 0x7b, 0x4c, 0x73,
    0xb1, 0x9c, 0xd7, 0xbd, 0xd7, 0xbd, 0xd7, 0xbd, 0xf7, 0xc5, 0xf6, 0xc5,
    0xd7, 0xbd, 0xf6, 0xbd, 0x17, 0xc6, 0x74, 0xb5, 0xcd, 0x8b, 0x13, 0xa5,
    0xb1, 0x9c, 0xf3, 0xac, 0xb2, 0xa4, 0x2c, 0x73, 0x2c, 0x6b, 0x0b, 0x6b,
    0x30, 0x8c, 0x17, 0xce, 0x50, 0x94, 0x2c, 0x6b, 0x4c, 0x73, 0x0b, 0x6b,
    0x0c, 0x6b, 0x0c, 0x6b, 0x2b, 0x6b, 0x0b, 0x6b, 0x4c, 0x73, 0x85, 0x39,
    0x61, 0x10, 0x00, 0x08, 0x20, 0x08, 0x00, 0x00, 0x00, 0x00, 0x20, 0x08,
    0x00, 0x00, 0x00, 0x00, 0x00, 0x00, 0x00, 0x00, 0xc3, 0x18, 0xa2, 0x18,
    0xa2, 0x10, 0xe3, 0x20, 0xe3, 0x20, 0xa2, 0x10, 0xc3, 0x18, 0xc2, 0x18,
    0x82, 0x10, 0xe3, 0x18, 0xc3, 0x18, 0x20, 0x08, 0x20, 0x08, 0xc3, 0x18,
    0x61, 0x08, 0x00, 0x00, 0x20, 0x08, 0x20, 0x00, 0x00, 0x00, 0x00, 0x08,
    0x41, 0x08, 0x65, 0x29, 0x89, 0x52, 0xce, 0x7b, 0xf3, 0x9c, 0xb6, 0xbd,
    0xf7, 0xc5, 0xf7, 0xc5, 0xf6, 0xbd, 0xf7, 0xc5, 0xd6, 0xbd, 0x96, 0xbd,
    0x55, 0xb5, 0x34, 0xad, 0x34, 0xad, 0x13, 0xad, 0x13, 0xad, 0x33, 0xad,
    0x53, 0xb5, 0x73, 0xb5, 0x73, 0xb5, 0x73, 0xb5, 0x73, 0xb5, 0x53, 0xbd,
    0xd5, 0xc5, 0x16, 0xc6, 0xd6, 0xbd, 0xb5, 0xbd, 0xd5, 0xbd, 0xd6, 0xc5,
    0xf6, 0xc5, 0xf6, 0xc5, 0x16, 0xc6, 0xf6, 0xc5, 0x16, 0xc6, 0x16, 0xce,
    0xf6, 0xc5, 0x16, 0xc6, 0x17, 0xce, 0x16, 0xc6, 0x37, 0xce, 0x37, 0xce,
    0x16, 0xce, 0xf6, 0xc5, 0x17, 0xce, 0x16, 0xce, 0x16, 0xc6, 0x16, 0xc6,
    0xf6, 0xc5, 0x17, 0xce, 0xf6, 0xc5, 0xf6, 0xc5, 0x16, 0xce, 0x17, 0xce,
    0x16, 0xce, 0xf6, 0xc5, 0xf6, 0xc5, 0x16, 0xce, 0xd1, 0xa4, 0xad, 0x7b,
    0x37, 0xce, 0xf5, 0xc5, 0xf6, 0xc5, 0x16, 0xce, 0xf6, 0xc5, 0x17, 0xce,
    0x17, 0xce, 0x17, 0xce, 0x37, 0xce, 0x17, 0xce, 0x37, 0xce, 0x37, 0xce,
    0xf6, 0xc5, 0x58, 0xd6, 0xb8, 0xde, 0x78, 0xde, 0x99, 0xde, 0xb9, 0xde,
    0xd9, 0xe6, 0x17, 0xce, 0xd4, 0xcd, 0x43, 0x9b, 0x82, 0xa3, 0x61, 0xab,
    0x81, 0xab, 0x61, 0xa3, 0xe8, 0xb3, 0x65, 0x9b, 0x82, 0xab, 0x82, 0xab,
    0x82, 0xa3, 0x23, 0x93, 0xe2, 0x59, 0x24, 0x39, 0x20, 0x10, 0xc2, 0x18,
    0x00, 0x08, 0xa6, 0x39, 0xef, 0x83, 0x71, 0x9c, 0xad, 0x83, 0xee, 0x83,
    0x95, 0xbd, 0xb5, 0xbd, 0x95, 0xbd, 0x76, 0xbd, 0x75, 0xbd, 0xb6, 0xc5,
    0x38, 0xce, 0x17, 0xd6, 0xf7, 0xc5, 0xd7, 0xc5, 0xd7, 0xc5, 0xf7, 0xcd,
    0xf7, 0xcd, 0x38, 0xce, 0x17, 0xce, 0x54, 0xb5, 0x54, 0xb5, 0xb5, 0xbd,
    0xb5, 0xbd, 0xb5, 0xbd, 0xf7, 0xcd, 0x38, 0xd6, 0xf2, 0xa4, 0xad, 0x7b,
    0x68, 0x52, 0x24, 0x31, 0x00, 0x08, 0x24, 0x29, 0xc3, 0x18, 0x61, 0x10,
    0xc3, 0x18, 0x41, 0x08, 0x41, 0x10, 0x82, 0x18, 0x41, 0x08, 0x41, 0x08,
    0x62, 0x10, 0x41, 0x08, 0x61, 0x10, 0x61, 0x08, 0x41, 0x08, 0x65, 0x29,
    0xe4, 0x18, 0xa3, 0x18, 0xa2, 0x10, 0x86, 0x31, 0x0e, 0x8c, 0x6f, 0x9c,
    0xf1, 0xb4, 0xaf, 0xa4, 0x8f, 0x9c, 0x4f, 0x9c, 0x2f, 0x94, 0x50, 0x94,
    0x91, 0x9c, 0x50, 0x94, 0x91, 0x9c, 0x33, 0xad, 0x13, 0xad, 0x33, 0xad,
    0x13, 0xad, 0x70, 0x94, 0xb2, 0x9c, 0xf6, 0xc5, 0xf6, 0xc5, 0x53, 0xb5,
    0xf6, 0xc5, 0x36, 0xce, 0x56, 0xce, 0x16, 0xce, 0x56, 0xce, 0x56, 0xd6,
    0xf5, 0xc5, 0x15, 0xce, 0x15, 0xce, 0x15, 0xc6, 0x15, 0xc6, 0x16, 0xce,
    0xf5, 0xc5, 0x16, 0xce, 0xf5, 0xc5, 0x15, 0xc6, 0x36, 0xce, 0x15, 0xce,
    0x15, 0xce, 0x56, 0xd6, 0x53, 0xbd, 0x12, 0xb5, 0x53, 0xbd, 0x53, 0xb5,
    0x52, 0xb5, 0x53, 0xbd, 0xd4, 0xc5, 0xf1, 0xa4, 0xd1, 0x9c, 0x53, 0xbd,
    0x75, 0xbd, 0x31, 0xb5, 0x40, 0x49, 0x45, 0x9b, 0x42, 0xa3, 0x41, 0xa3,
    0x00, 0xa3, 0x00, 0xa3, 0x41, 0xab, 0x40, 0xb3, 0x00, 0xa3, 0x09, 0xac,
    0x53, 0xb5, 0x12, 0xad, 0x12, 0xad, 0x12, 0xa5, 0x33, 0xa5, 0x54, 0xad,
    0x54, 0xad, 0x33, 0xad, 0x34, 0xad, 0x54, 0xad, 0x33, 0xad, 0x33, 0xa5,
    0x34, 0xad, 0x74, 0xad, 0x74, 0xb5, 0x75, 0xb5, 0x74, 0xb5, 0x75, 0xb5,
    0x95, 0xb5, 0x95, 0xb5, 0x95, 0xb5, 0x95, 0xb5, 0x95, 0xb5, 0x96, 0xb5,
    0x95, 0xb5, 0xb6, 0xbd, 0x96, 0xb5, 0x96, 0xb5, 0xb6, 0xbd, 0x95, 0xb5,
    0xb6, 0xb5, 0xb6, 0xb5, 0xb6, 0xbd, 0x96, 0xb5, 0xb5, 0xb5, 0xb6, 0xbd,
    0x96, 0xb5, 0x95, 0xb5, 0xb6, 0xbd, 0xb6, 0xbd, 0xb5, 0xb5, 0xb6, 0xbd,
    0xd6, 0xbd, 0x96, 0xb5, 0xb6, 0xb5, 0x95, 0xb5, 0xb6, 0xbd, 0x71, 0x8c,
    0x2b, 0x6b, 0x0e, 0x8c, 0xb6, 0xbd, 0xd7, 0xbd, 0xd7, 0xbd, 0xd6, 0xbd,
    0xd6, 0xbd, 0xf6, 0xbd, 0xf6, 0xbd, 0x17, 0xc6, 0x12, 0xa5, 0x4c, 0x83,
    0x13, 0xb5, 0xd1, 0xa4, 0xf3, 0xa4, 0x34, 0xb5, 0x4d, 0x73, 0x0c, 0x6b,
    0x2c, 0x73, 0x2c, 0x6b, 0x34, 0xb5, 0x54, 0xb5, 0x0b, 0x6b, 0x4c, 0x73,
    0xeb, 0x6a, 0xeb, 0x6a, 0x0c, 0x6b, 0x0b, 0x6b, 0x2b, 0x6b, 0x2c, 0x6b,
    0x2c, 0x6b, 0x61, 0x20, 0xe3, 0x28, 0x20, 0x08, 0x21, 0x08, 0x20, 0x00,
    0x00, 0x00, 0x00, 0x00, 0x20, 0x00, 0x00, 0x00, 0x00, 0x00, 0x20, 0x08,
    0x82, 0x10, 0xe3, 0x20, 0xe4, 0x20, 0xa3, 0x18, 0xa3, 0x10, 0xe3, 0x18,
    0x82, 0x10, 0xa2, 0x10, 0x04, 0x21, 0x82, 0x10, 0x21, 0x00, 0x00, 0x00,
    0xe3, 0x18, 0x45, 0x29, 0xe4, 0x20, 0x41, 0x08, 0x00, 0x00, 0x00, 0x00,
    0x20, 0x08, 0x20, 0x08, 0x00, 0x00, 0x04, 0x21, 0x24, 0x29, 0xca, 0x5a,
    0xb2, 0x94, 0x96, 0xbd, 0xf6, 0xc5, 0x17, 0xc6, 0xf6, 0xbd, 0xf7, 0xc5,
    0xf6, 0xbd, 0xb7, 0xbd, 0x96, 0xb5, 0x55, 0xad, 0x34, 0xad, 0x34, 0xad,
    0x34, 0xad, 0x33, 0xad, 0x33, 0xad, 0x53, 0xad, 0x53, 0xb5, 0x74, 0xb5,
    0x74, 0xbd, 0x94, 0xbd, 0x94, 0xb5, 0x94, 0xbd, 0xd5, 0xc5, 0xd6, 0xc5,
    0xf6, 0xc5, 0xf6, 0xc5, 0xf6, 0xc5, 0xf6, 0xc5, 0xf6, 0xc5, 0x16, 0xc6,
    0x17, 0xce, 0xf6, 0xc5, 0xf6, 0xc5, 0x17, 0xce, 0x17, 0xce, 0x16, 0xc6,
    0x16, 0xc6, 0x16, 0xc6, 0xf6, 0xc5, 0x16, 0xc6, 0x16, 0xc6, 0x17, 0xce,
    0x17, 0xce, 0x37, 0xce, 0x16, 0xc6, 0x16, 0xc6, 0xf6, 0xc5, 0xf6, 0xc5,
    0xf6, 0xc5, 0xf6, 0xc5, 0xd6, 0xc5, 0xf6, 0xcd, 0x16, 0xce, 0x58, 0xd6,
    0xad, 0x7b, 0x12, 0xad, 0xf6, 0xcd, 0x16, 0xce, 0x16, 0xc6, 0x37, 0xce,
    0x17, 0xce, 0x16, 0xce, 0x17, 0xce, 0x18, 0xce, 0x79, 0xde, 0x17, 0xc6,
    0x99, 0xde, 0x37, 0xd6, 0x58, 0xd6, 0x37, 0xd6, 0x37, 0xd6, 0x78, 0xd6,
    0xda, 0xe6, 0x94, 0xbd, 0x74, 0xbd, 0x36, 0xce, 0x52, 0xb5, 0x66, 0x93,
    0x82, 0xab, 0x61, 0xa3, 0x62, 0xa3, 0x62, 0xa3, 0x65, 0xa3, 0x64, 0x82,
    0x24, 0x93, 0x62, 0xa3, 0x61, 0xa3, 0x81, 0xa3, 0x82, 0xab, 0x84, 0xa3,
    0x46, 0x93, 0x83, 0x41, 0x00, 0x08, 0x01, 0x08, 0x20, 0x08, 0x41, 0x10,
    0x65, 0x31, 0x48, 0x52, 0x89, 0x5a, 0xee, 0x83, 0x75, 0xb5, 0xf7, 0xc5,
    0xb5, 0xbd, 0x13, 0xad, 0xf2, 0xac, 0xb1, 0xa4, 0x13, 0xad, 0x95, 0xbd,
    0xf7, 0xcd, 0x17, 0xce, 0x17, 0xce, 0xb2, 0xa4, 0x0e, 0x8c, 0x91, 0x9c,
    0x0f, 0x8c, 0x10, 0x8c, 0x34, 0xb5, 0x33, 0xad, 0x2f, 0x8c, 0x0f, 0x8c,
    0xcb, 0x62, 0xc2, 0x20, 0x61, 0x10, 0xa2, 0x10, 0x61, 0x10, 0x20, 0x08,
    0x40, 0x08, 0x20, 0x08, 0x40, 0x08, 0x29, 0x42, 0x49, 0x4a, 0x28, 0x42,
    0x04, 0x21, 0x82, 0x10, 0x41, 0x08, 0x41, 0x08, 0x61, 0x10, 0x62, 0x10,
    0x61, 0x10, 0x62, 0x08, 0x82, 0x10, 0x82, 0x10, 0x83, 0x10, 0x62, 0x08,
    0x01, 0x08, 0x21, 0x08, 0x48, 0x52, 0xb1, 0x9c, 0x90, 0x9c, 0x70, 0x94,
    0x50, 0x94, 0x0f, 0x94, 0x0f, 0x8c, 0x2f, 0x8c, 0x13, 0xad, 0x13, 0xad,
    0x34, 0xb5, 0x13, 0xad, 0x2f, 0x84, 0xd2, 0x9c, 0x78, 0xd6, 0xd5, 0xc5,
    0xb4, 0xbd, 0x16, 0xce, 0x16, 0xce, 0x56, 0xce, 0x16, 0xce, 0x57, 0xd6,
    0x77, 0xd6, 0x15, 0xce, 0x15, 0xce, 0x15, 0xce, 0x15, 0xce, 0x15, 0xce,
    0x15, 0xc6, 0x15, 0xce, 0x15, 0xce, 0x15, 0xc6, 0x35, 0xce, 0x15, 0xc6,
    0x15, 0xc6, 0x15, 0xc6, 0x56, 0xce, 0x93, 0xbd, 0x77, 0xd6, 0x5c, 0xf7,
    0x3c, 0xf7, 0x3c, 0xf7, 0x5d, 0xf7, 0xbe, 0xf7, 0xb4, 0xb5, 0xd5, 0xbd,
    0x1a, 0xe7, 0x37, 0xce, 0x78, 0xd6, 0xb6, 0xcd, 0xca, 0x9b, 0x23, 0xa3,
    0x22, 0xa3, 0x01, 0xa3, 0x2d, 0xd5, 0xcb, 0xcc, 0x00, 0xab, 0xe0, 0xaa,
    0xcc, 0xbc, 0x16, 0xce, 0xf2, 0xa4, 0x57, 0xce, 0x38, 0xce, 0x17, 0xc6,
    0x38, 0xce, 0xd2, 0x9c, 0xf2, 0x9c, 0x33, 0xad, 0xf2, 0x9c, 0xd2, 0x9c,
    0x74, 0xb5, 0xdb, 0xde, 0x9a, 0xd6, 0xd7, 0xbd, 0x54, 0xad, 0x74, 0xb5,
    0x95, 0xb5, 0x94, 0xb5, 0x94, 0xb5, 0x95, 0xbd, 0x74, 0xbd, 0x94, 0xbd,
    0x95, 0xb5, 0xb6, 0xb5, 0x96, 0xbd, 0x95, 0xb5, 0xb6, 0xb5, 0xb6, 0xbd,
    0xb6, 0xbd, 0x95, 0xb5, 0x95, 0xb5, 0xb6, 0xb5, 0x95, 0xbd, 0x96, 0xb5,
    0xb6, 0xbd, 0x95, 0xbd, 0x96, 0xb5, 0x95, 0xb5, 0xb6, 0xbd, 0xb6, 0xb5,
    0xb6, 0xbd, 0xd6, 0xbd, 0xb6, 0xbd, 0xb6, 0xb5, 0xb5, 0xbd, 0x94, 0xb5,
    0xd2, 0xa4, 0xea, 0x62, 0x2f, 0x8c, 0x95, 0xbd, 0xd6, 0xc5, 0xd6, 0xbd,
    0xd7, 0xbd, 0xd6, 0xc5, 0xf6, 0xbd, 0xf6, 0xbd, 0xf7, 0xc5, 0x95, 0xb5,
    0xeb, 0x7a, 0x34, 0xc5, 0xd2, 0xa4, 0xd2, 0xa4, 0x34, 0xb5, 0xaf, 0x83,
    0x4c, 0x73, 0x4c, 0x73, 0x0b, 0x6b, 0x91, 0x9c, 0xb6, 0xbd, 0x4c, 0x73,
    0x2c, 0x6b, 0x0c, 0x6b, 0x0b, 0x63, 0x0b, 0x6b, 0x0b, 0x6b, 0x2c, 0x6b,
    0x0b, 0x6b, 0x4d, 0x73, 0x24, 0x29, 0xe2, 0x28, 0x81, 0x18, 0x20, 0x08,
    0x20, 0x08, 0x20, 0x08, 0x20, 0x00, 0x00, 0x00, 0x20, 0x08, 0x00, 0x00,
    0x20, 0x00, 0x61, 0x10, 0x24, 0x21, 0xc3, 0x18, 0xc3, 0x18, 0xc3, 0x18,
    0xc3, 0x18, 0xa3, 0x18, 0xc3, 0x18, 0xe4, 0x20, 0x41, 0x08, 0x21, 0x08,
    0x00, 0x00, 0x04, 0x21, 0x86, 0x31, 0x86, 0x31, 0xa6, 0x31, 0xc7, 0x39,
    0x82, 0x10, 0x00, 0x00, 0x21, 0x08, 0x20, 0x00, 0x20, 0x00, 0x20, 0x08,
    0xe3, 0x18, 0x86, 0x31, 0x0f, 0x84, 0x91, 0x9c, 0x17, 0xc6, 0xd7, 0xbd,
    0xf7, 0xc5, 0xf7, 0xc5, 0xf7, 0xbd, 0xb6, 0xbd, 0xb6, 0xbd, 0x96, 0xb5,
    0x55, 0xb5, 0x55, 0xad, 0x34, 0xad, 0x14, 0xa5, 0x34, 0xad, 0x34, 0xad,
    0x53, 0xad, 0x54, 0xb5, 0x74, 0xb5, 0x74, 0xb5, 0x94, 0xbd, 0x94, 0xbd,
    0x95, 0xbd, 0xb5, 0xbd, 0xd5, 0xc5, 0xf6, 0xc5, 0x37, 0xce, 0x16, 0xc6,
    0x17, 0xce, 0xf6, 0xc5, 0xf6, 0xc5, 0xf6, 0xc5, 0x16, 0xc6, 0x17, 0xce,
    0x17, 0xce, 0x17, 0xce, 0xf6, 0xc5, 0xf6, 0xc5, 0x17, 0xce, 0x37, 0xce,
    0x17, 0xce, 0x17, 0xc6, 0x16, 0xc6, 0x16, 0xc6, 0xf6, 0xc5, 0x16, 0xce,
    0x17, 0xc6, 0x16, 0xc6, 0xf6, 0xc5, 0xf6, 0xc5, 0xf6, 0xc5, 0xf6, 0xcd,
    0xf6, 0xcd, 0x37, 0xce, 0xca, 0x62, 0x37, 0xce, 0x16, 0xce, 0x16, 0xce,
    0x16, 0xce, 0x17, 0xce, 0x37, 0xce, 0x37, 0xce, 0x17, 0xce, 0x58, 0xd6,
    0x34, 0xad, 0x4a, 0x72, 0xd3, 0xac, 0x99, 0xd6, 0x37, 0xce, 0x38, 0xd6,
    0x37, 0xce, 0x17, 0xce, 0xd6, 0xc5, 0x27, 0x4a, 0x6b, 0x73, 0xd2, 0xa4,
    0x2f, 0x8c, 0x68, 0x8b, 0x64, 0x9b, 0x83, 0xa3, 0x62, 0xa3, 0x62, 0xa3,
    0x43, 0xa3, 0x45, 0xab, 0x23, 0xa3, 0x42, 0xa3, 0x62, 0xa3, 0x81, 0xa3,
    0x81, 0xa3, 0x60, 0xab, 0x82, 0xa3, 0xc4, 0xab, 0x06, 0x83, 0x00, 0x08,
    0x21, 0x10, 0x21, 0x10, 0x82, 0x18, 0x44, 0x29, 0x08, 0x42, 0x28, 0x4a,
    0xe6, 0x41, 0xeb, 0x62, 0x13, 0xad, 0x95, 0xbd, 0x13, 0xad, 0xd2, 0xa4,
    0xb1, 0x9c, 0x50, 0x94, 0x0f, 0x8c, 0xee, 0x83, 0xef, 0x83, 0xef, 0x83,
    0xef, 0x83, 0x8e, 0x7b, 0x0c, 0x6b, 0xeb, 0x62, 0xaa, 0x5a, 0xee, 0x83,
    0xb0, 0x9c, 0xa8, 0x62, 0x02, 0x31, 0x4b, 0x7b, 0x03, 0x29, 0x40, 0x08,
    0x40, 0x08, 0x40, 0x08, 0x40, 0x00, 0x20, 0x08, 0x00, 0x00, 0x8a, 0x52,
    0x8a, 0x52, 0xc7, 0x39, 0xaa, 0x5a, 0xae, 0x7b, 0x03, 0x21, 0x82, 0x10,
    0x62, 0x10, 0x61, 0x10, 0x62, 0x10, 0x41, 0x08, 0x62, 0x08, 0x62, 0x10,
    0x62, 0x10, 0x62, 0x10, 0x83, 0x18, 0x83, 0x10, 0x62, 0x08, 0xa2, 0x10,
    0x69, 0x4a, 0xce, 0x7b, 0x0f, 0x8c, 0xce, 0x83, 0xee, 0x8b, 0x71, 0x94,
    0x54, 0xb5, 0x13, 0xa5, 0xd2, 0x9c, 0x50, 0x94, 0x91, 0xac, 0x70, 0xbc,
    0x0b, 0xa3, 0x36, 0xd6, 0x36, 0xce, 0x16, 0xce, 0x57, 0xd6, 0x36, 0xce,
    0x36, 0xce, 0x77, 0xd6, 0x16, 0xce, 0x15, 0xce, 0x15, 0xce, 0x15, 0xce,
    0x15, 0xce, 0x16, 0xce, 0xf5, 0xc5, 0x15, 0xce, 0x15, 0xce, 0x16, 0xce,
    0x15, 0xce, 0xf5, 0xc5, 0x15, 0xce, 0x36, 0xce, 0xd4, 0xc5, 0x93, 0xb5,
    0x16, 0xce, 0xb9, 0xde, 0x79, 0xde, 0x99, 0xde, 0x55, 0xbd, 0x8c, 0x8b,
    0x31, 0xb5, 0x16, 0xce, 0x1b, 0xe7, 0x1a, 0xe7, 0x5d, 0xef, 0x56, 0xde,
    0xdc, 0xff, 0xe1, 0x9a, 0xe0, 0xa2, 0x27, 0xb4, 0xde, 0xff, 0xbd, 0xff,
    0x01, 0x9b, 0x42, 0xab, 0xd4, 0xd5, 0x7d, 0xff, 0xb0, 0x94, 0x3b, 0xe7,
    0x5c, 0xef, 0x3c, 0xef, 0x5d, 0xef, 0xba, 0xde, 0xda, 0xde, 0xf2, 0x9c,
    0x9d, 0xf7, 0x9d, 0xf7, 0xbe, 0xff, 0xbe, 0xff, 0xbe, 0xff, 0xba, 0xd6,
    0x33, 0xa5, 0x74, 0xb5, 0x95, 0xb5, 0x94, 0xb5, 0x94, 0xb5, 0x95, 0xb5,
    0x95, 0xbd, 0x94, 0xbd, 0x95, 0xb5, 0x95, 0xb5, 0x96, 0xb5, 0x95, 0xb5,
    0xb6, 0xbd, 0xb5, 0xb5, 0xb6, 0xbd, 0xb6, 0xbd, 0x96, 0xb5, 0x95, 0xb5,
    0xb5, 0xbd, 0xb6, 0xb5, 0x96, 0xb5, 0x95, 0xb5, 0x95, 0xb5, 0xb6, 0xb5,
    0xb6, 0xbd, 0xb6, 0xb5, 0xd6, 0xbd, 0xb6, 0xbd, 0xb6, 0xbd, 0xd5, 0xbd,
    0x95, 0xb5, 0x95, 0xb5, 0xeb, 0x62, 0xcd, 0x83, 0x16, 0xc6, 0xd7, 0xbd,
    0xd6, 0xbd, 0xd7, 0xbd, 0xf7, 0xc5, 0xf6, 0xc5, 0xf6, 0xc5, 0xf6, 0xbd,
    0xb6, 0xbd, 0x0f, 0x8c, 0x95, 0xc5, 0x54, 0xbd, 0xf2, 0x9c, 0x33, 0xad,
    0x50, 0x94, 0x2d, 0x73, 0x4c, 0x73, 0x4c, 0x73, 0x2c, 0x6b, 0xb6, 0xbd,
    0x8d, 0x7b, 0x4c, 0x73, 0x0c, 0x6b, 0xeb, 0x62, 0x0b, 0x6b, 0x0b, 0x6b,
    0x0b, 0x6b, 0x0c, 0x6b, 0x2c, 0x73, 0xca, 0x62, 0xa2, 0x18, 0x61, 0x20,
    0x40, 0x10, 0x40, 0x10, 0x20, 0x00, 0x00, 0x00, 0x20, 0x00, 0x00, 0x00,
    0x20, 0x00, 0x00, 0x00, 0x41, 0x08, 0xe3, 0x18, 0xc3, 0x18, 0xe4, 0x18,
    0xe3, 0x18, 0xe4, 0x20, 0xc3, 0x18, 0xe3, 0x18, 0xe3, 0x18, 0x20, 0x00,
    0x21, 0x08, 0x00, 0x00, 0x45, 0x29, 0xa6, 0x31, 0x86, 0x31, 0x86, 0x31,
    0x86, 0x31, 0x86, 0x31, 0x86, 0x31, 0x00, 0x00, 0x20, 0x00, 0x20, 0x08,
    0x20, 0x00, 0x21, 0x08, 0x41, 0x08, 0xe3, 0x20, 0x0b, 0x63, 0xb2, 0x9c,
    0x6d, 0x73, 0x58, 0xce, 0xf7, 0xc5, 0xf7, 0xbd, 0xd6, 0xbd, 0xd6, 0xbd,
    0xd6, 0xbd, 0xb6, 0xbd, 0x76, 0xb5, 0x76, 0xad, 0x55, 0xad, 0x35, 0xad,
    0x34, 0xa5, 0x34, 0xa5, 0x34, 0xad, 0x33, 0xad, 0x74, 0xb5, 0xb4, 0xbd,
    0xb4, 0xbd, 0x94, 0xbd, 0xb5, 0xbd, 0xb5, 0xbd, 0x74, 0xbd, 0xd5, 0xbd,
    0x17, 0xce, 0x16, 0xc6, 0xf6, 0xc5, 0x16, 0xc6, 0x17, 0xc6, 0x17, 0xce,
    0x16, 0xc6, 0xf6, 0xc5, 0xf6, 0xc5, 0x16, 0xc6, 0x37, 0xce, 0xf6, 0xc5,
    0xf6, 0xc5, 0xf6, 0xc5, 0xf6, 0xc5, 0x16, 0xc6, 0x16, 0xc6, 0xf6, 0xc5,
    0x17, 0xce, 0x17, 0xce, 0x16, 0xc6, 0x17, 0xce, 0x17, 0xce, 0x16, 0xc6,
    0x16, 0xce, 0xf6, 0xcd, 0x16, 0xce, 0xd1, 0xa4, 0x0f, 0x84, 0x38, 0xd6,
    0xf7, 0xcd, 0xf7, 0xc5, 0x17, 0xce, 0x37, 0xce, 0x37, 0xce, 0x37, 0xd6,
    0x17, 0xce, 0xba, 0xde, 0xe6, 0x61, 0x60, 0x68, 0x40, 0x58, 0xf7, 0xd5,
    0x17, 0xce, 0x17, 0xce, 0x37, 0xce, 0x37, 0xce, 0xd6, 0xc5, 0xca, 0x62,
    0xcb, 0x93, 0x92, 0xc5, 0xab, 0x93, 0x05, 0x8b, 0x24, 0x93, 0x03, 0x93,
    0x43, 0x9b, 0x63, 0xa3, 0x43, 0xa3, 0x63, 0xa3, 0x65, 0xab, 0x64, 0xa3,
    0x63, 0xa3, 0x82, 0xa3, 0x82, 0xa3, 0x83, 0xab, 0x62, 0xab, 0x44, 0xa3,
    0x86, 0xb3, 0x66, 0x6a, 0x00, 0x08, 0x40, 0x10, 0x40, 0x08, 0x40, 0x08,
    0x00, 0x00, 0x81, 0x18, 0xe3, 0x20, 0x68, 0x52, 0xc6, 0x41, 0xea, 0x6a,
    0x70, 0x94, 0x54, 0xb5, 0x13, 0xad, 0xb1, 0x9c, 0x4c, 0x73, 0x47, 0x5a,
    0x68, 0x5a, 0x47, 0x5a, 0x68, 0x5a, 0xc8, 0x6a, 0x09, 0x73, 0x08, 0x73,
    0x28, 0x83, 0xe7, 0x7a, 0xc5, 0x72, 0xc6, 0x7a, 0x26, 0x52, 0x20, 0x00,
    0x40, 0x00, 0x41, 0x08, 0x20, 0x00, 0x20, 0x00, 0x40, 0x08, 0x21, 0x00,
    0x00, 0x00, 0x08, 0x42, 0xab, 0x5a, 0x08, 0x42, 0x48, 0x4a, 0x2f, 0x8c,
    0x91, 0x9c, 0x49, 0x5a, 0x04, 0x21, 0xa3, 0x10, 0x82, 0x10, 0x82, 0x10,
    0x62, 0x08, 0x62, 0x10, 0x62, 0x08, 0x46, 0x29, 0x6a, 0x52, 0x66, 0x31,
    0xe4, 0x18, 0xe4, 0x10, 0xc4, 0x10, 0xc3, 0x18, 0x69, 0x4a, 0x71, 0x94,
    0x30, 0x8c, 0xd2, 0xa4, 0xb1, 0x9c, 0x90, 0x9c, 0x4c, 0x93, 0x28, 0x8a,
    0x69, 0xa2, 0x89, 0xa2, 0x4f, 0xbc, 0xf5, 0xcd, 0x16, 0xce, 0x56, 0xd6,
    0x56, 0xce, 0x16, 0xce, 0x77, 0xd6, 0x36, 0xce, 0xf5, 0xc5, 0x15, 0xce,
    0x14, 0xce, 0x15, 0xce, 0xf5, 0xcd, 0xf5, 0xc5, 0x15, 0xce, 0x15, 0xc6,
    0x16, 0xce, 0x15, 0xc6, 0x15, 0xce, 0x15, 0xce, 0x16, 0xce, 0xf5, 0xc5,
    0xb5, 0xbd, 0xd5, 0xc5, 0x94, 0xbd, 0xfe, 0xff, 0xbe, 0xff, 0xbe, 0xff,
    0xda, 0xee, 0xd9, 0xf6, 0xe3, 0x59, 0x78, 0xde, 0xbd, 0xf7, 0xbd, 0xff,
    0x7e, 0xff, 0xc0, 0x7a, 0xbc, 0xff, 0xe0, 0x9a, 0xa0, 0x9a, 0xf0, 0xdd,
    0x56, 0xee, 0x5a, 0xff, 0xac, 0xbc, 0x01, 0x9b, 0x93, 0xcd, 0x7e, 0xf7,
    0xb1, 0x94, 0x37, 0xc6, 0x37, 0xc6, 0x1b, 0xe7, 0xfb, 0xe6, 0x38, 0xc6,
    0x58, 0xce, 0xd2, 0x9c, 0xff, 0xff, 0x34, 0xad, 0x14, 0xa5, 0x7d, 0xf7,
    0x78, 0xce, 0x94, 0xb5, 0x54, 0xad, 0x74, 0xad, 0x75, 0xb5, 0x74, 0xb5,
    0x94, 0xb5, 0x95, 0xb5, 0x74, 0xb5, 0x95, 0xbd, 0x96, 0xb5, 0xb6, 0xbd,
    0xb6, 0xbd, 0x95, 0xb5, 0x96, 0xb5, 0x95, 0xb5, 0xb6, 0xbd, 0xb6, 0xbd,
    0xb6, 0xb5, 0x95, 0xb5, 0xb6, 0xbd, 0x96, 0xb5, 0x95, 0xb5, 0xb6, 0xbd,
    0xb6, 0xbd, 0xb6, 0xbd, 0xb6, 0xbd, 0xb6, 0xbd, 0xb6, 0xbd, 0xd6, 0xbd,
    0xb6, 0xbd, 0xd6, 0xbd, 0xd6, 0xbd, 0x4c, 0x73, 0x8c, 0x7b, 0x94, 0xb5,
    0xd6, 0xbd, 0xd7, 0xbd, 0xd6, 0xbd, 0xd6, 0xbd, 0xd6, 0xbd, 0xf6, 0xbd,
    0xf6, 0xbd, 0xd6, 0xc5, 0xb5, 0xbd, 0x17, 0xce, 0x17, 0xce, 0xb1, 0x9c,
    0xf2, 0xa4, 0xb2, 0xa4, 0x8d, 0x7b, 0x2c, 0x73, 0x8d, 0x7b, 0xcb, 0x62,
    0x0f, 0x8c, 0x34, 0xad, 0x6d, 0x73, 0x4c, 0x73, 0xeb, 0x6a, 0xeb, 0x6a,
    0x0b, 0x6b, 0xeb, 0x6a, 0x0b, 0x6b, 0x0c, 0x6b, 0x8d, 0x7b, 0x82, 0x18,
    0x64, 0x39, 0xa1, 0x28, 0x44, 0x39, 0x41, 0x10, 0x21, 0x08, 0x20, 0x00,
    0x20, 0x00, 0x00, 0x08, 0x00, 0x00, 0x00, 0x00, 0x41, 0x08, 0xa2, 0x18,
    0xe3, 0x18, 0xe4, 0x20, 0xc3, 0x18, 0xe4, 0x20, 0x04, 0x21, 0xa2, 0x10,
    0x20, 0x00, 0x00, 0x00, 0x61, 0x10, 0x86, 0x31, 0x86, 0x31, 0x86, 0x31,
    0x86, 0x31, 0x86, 0x31, 0x86, 0x31, 0x86, 0x31, 0x87, 0x31, 0x24, 0x21,
    0x00, 0x00, 0x21, 0x08, 0x20, 0x08, 0x20, 0x08, 0x20, 0x08, 0xc2, 0x18,
    0x69, 0x4a, 0x92, 0x9c, 0x65, 0x31, 0x8d, 0x73, 0x38, 0xce, 0xd7, 0xc5,
    0xb7, 0xbd, 0xd6, 0xbd, 0xd6, 0xbd, 0xb6, 0xbd, 0xd7, 0xbd, 0x96, 0xb5,
    0x75, 0xad, 0x35, 0xad, 0x35, 0xad, 0x34, 0xad, 0x35, 0xa5, 0x34, 0xa5,
    0x54, 0xad, 0xb5, 0xbd, 0xd5, 0xbd, 0xd5, 0xbd, 0xd5, 0xc5, 0xd5, 0xc5,
    0xd6, 0xc5, 0xb5, 0xbd, 0x74, 0xb5, 0xb5, 0xbd, 0xd6, 0xc5, 0x16, 0xce,
    0x37, 0xce, 0xf6, 0xc5, 0x16, 0xc6, 0x16, 0xc6, 0x17, 0xce, 0x17, 0xce,
    0x16, 0xc6, 0x16, 0xc6, 0x17, 0xce, 0x16, 0xc6, 0x37, 0xce, 0x17, 0xce,
    0x17, 0xce, 0x16, 0xce, 0x16, 0xc6, 0xf6, 0xc5, 0x16, 0xc6, 0xf6, 0xc5,
    0x16, 0xce, 0xf6, 0xc5, 0x16, 0xc6, 0x16, 0xc6, 0x58, 0xd6, 0x4b, 0x73,
    0x73, 0xb5, 0x37, 0xce, 0x16, 0xc6, 0x36, 0xc6, 0x17, 0xce, 0x37, 0xce,
    0x37, 0xce, 0x37, 0xce, 0x38, 0xd6, 0x99, 0xde, 0x08, 0x6a, 0xa3, 0x70,
    0x82, 0x70, 0x88, 0x72, 0x57, 0xd6, 0xf6, 0xcd, 0x17, 0xce, 0x17, 0xce,
    0xb6, 0xbd, 0xcf, 0xbc, 0x88, 0xbc, 0x2f, 0xcd, 0xc8, 0x9b, 0x23, 0xa3,
    0x23, 0xa3, 0x23, 0x9b, 0x23, 0x9b, 0x22, 0xa3, 0x43, 0xa3, 0x43, 0xa3,
    0x43, 0x9b, 0x43, 0x9b, 0x43, 0xa3, 0x63, 0xa3, 0x63, 0xa3, 0x83, 0xab,
    0x63, 0xab, 0x64, 0xa3, 0x44, 0x9b, 0x65, 0xa3, 0xa3, 0x30, 0x61, 0x08,
    0xa2, 0x10, 0x20, 0x08, 0x20, 0x08, 0x41, 0x10, 0x40, 0x08, 0x81, 0x18,
    0x89, 0x5a, 0xae, 0x7b, 0x8d, 0x7b, 0xca, 0x62, 0x2c, 0x6b, 0x4c, 0x73,
    0xe7, 0x49, 0x6b, 0x83, 0x8b, 0x83, 0x6b, 0x83, 0x28, 0x83, 0x47, 0x7b,
    0x68, 0x83, 0x06, 0x83, 0x64, 0x72, 0x63, 0x7a, 0x63, 0x72, 0xc1, 0x20,
    0x20, 0x08, 0x41, 0x08, 0x40, 0x08, 0x40, 0x08, 0x20, 0x00, 0x20, 0x00,
    0x20, 0x00, 0x00, 0x00, 0x00, 0x00, 0xc3, 0x18, 0xcb, 0x5a, 0x49, 0x4a,
    0x28, 0x4a, 0x4c, 0x6b, 0x89, 0x5a, 0xcb, 0x62, 0xd6, 0xbd, 0x28, 0x4a,
    0x21, 0x08, 0x83, 0x10, 0x82, 0x10, 0x61, 0x10, 0x62, 0x08, 0x41, 0x08,
    0x66, 0x31, 0x8a, 0x52, 0xcc, 0x62, 0x87, 0x39, 0x25, 0x21, 0x25, 0x21,
    0xe4, 0x18, 0x45, 0x29, 0xf2, 0x9c, 0xed, 0x8b, 0x4a, 0x8b, 0xca, 0x92,
    0x48, 0x9a, 0x6c, 0xab, 0x72, 0xc5, 0xb7, 0xde, 0x98, 0xd6, 0x36, 0xce,
    0x36, 0xce, 0x56, 0xce, 0x16, 0xce, 0x36, 0xce, 0x56, 0xce, 0xf5, 0xc5,
    0x35, 0xce, 0x15, 0xce, 0x15, 0xce, 0x35, 0xce, 0xf5, 0xc5, 0x15, 0xc6,
    0x15, 0xc6, 0x15, 0xce, 0x15, 0xc6, 0x16, 0xce, 0xf5, 0xc5, 0xf5, 0xc5,
    0xf5, 0xc5, 0xd4, 0xc5, 0xd5, 0xc5, 0xb4, 0xbd, 0x94, 0xbd, 0xff, 0xff,
    0x59, 0xce, 0x54, 0xb5, 0x30, 0x8c, 0x1a, 0xff, 0xa0, 0x48, 0xd8, 0xe6,
    0x1b, 0xe7, 0x54, 0xad, 0x9d, 0xff, 0x28, 0x73, 0x9c, 0xff, 0xa0, 0x92,
    0x80, 0x92, 0xbc, 0xff, 0x4b, 0xb4, 0x91, 0xd5, 0x76, 0xe6, 0xe4, 0x9a,
    0xf6, 0xd5, 0x5d, 0xef, 0xb1, 0x9c, 0x33, 0xad, 0xb6, 0xbd, 0xdb, 0xe6,
    0xdb, 0xde, 0xb6, 0xbd, 0x13, 0xa5, 0x12, 0xa5, 0xdf, 0xff, 0xdf, 0xff,
    0x7e, 0xf7, 0x59, 0xce, 0xb9, 0xde, 0xf2, 0x9c, 0x54, 0xad, 0x74, 0xb5,
    0x74, 0xb5, 0x74, 0xb5, 0x74, 0xb5, 0x95, 0xb5, 0x74, 0xbd, 0x95, 0xbd,
    0x95, 0xb5, 0xb6, 0xbd, 0xb6, 0xbd, 0x95, 0xb5, 0xb6, 0xbd, 0xb6, 0xbd,
    0xb6, 0xb5, 0xb6, 0xbd, 0xb6, 0xbd, 0x95, 0xb5, 0x96, 0xb5, 0x95, 0xb5,
    0x95, 0xb5, 0xb6, 0xbd, 0xb6, 0xbd, 0xb6, 0xb5, 0xb6, 0xbd, 0xb6, 0xb5,
    0xd6, 0xbd, 0xd6, 0xbd, 0xd6, 0xbd, 0xf7, 0xbd, 0x50, 0x8c, 0x8d, 0x7b,
    0xb1, 0x9c, 0xd6, 0xbd, 0xd6, 0xbd, 0xd6, 0xbd, 0xd7, 0xbd, 0xd6, 0xbd,
    0xd6, 0xbd, 0xd6, 0xbd, 0xd6, 0xbd, 0xd6, 0xc5, 0xd6, 0xc5, 0xd6, 0xc5,
    0x54, 0xb5, 0xb1, 0x9c, 0xf2, 0xac, 0xcf, 0x83, 0xae, 0x83, 0x2f, 0x8c,
    0xce, 0x83, 0xca, 0x62, 0x54, 0xb5, 0xae, 0x7b, 0x6d, 0x73, 0x0b, 0x6b,
    0xea, 0x6a, 0x0b, 0x6b, 0x0b, 0x6b, 0x0b, 0x6b, 0x0c, 0x6b, 0x4c, 0x73,
    0x27, 0x4a, 0x03, 0x31, 0x81, 0x28, 0x43, 0x39, 0x23, 0x31, 0x00, 0x08,
    0x41, 0x08, 0x00, 0x00, 0x00, 0x00, 0x20, 0x00, 0x00, 0x00, 0x00, 0x00,
    0x82, 0x10, 0xa3, 0x18, 0xe3, 0x20, 0xc3, 0x18, 0x04, 0x21, 0xe3, 0x18,
    0x41, 0x08, 0x21, 0x08, 0x21, 0x08, 0xc3, 0x18, 0xa7, 0x39, 0x86, 0x31,
    0x86, 0x31, 0x87, 0x31, 0x87, 0x31, 0x86, 0x31, 0x86, 0x31, 0x86, 0x31,
    0x86, 0x31, 0xa7, 0x39, 0xc3, 0x18, 0x20, 0x00, 0x41, 0x08, 0x21, 0x00,
    0x40, 0x08, 0x41, 0x08, 0xe3, 0x20, 0xc7, 0x39, 0x30, 0x84, 0x45, 0x29,
    0x8e, 0x7b, 0x38, 0xce, 0xd7, 0xbd, 0xd6, 0xbd, 0xb6, 0xbd, 0xb6, 0xbd,
    0xb6, 0xb5, 0x96, 0xb5, 0x95, 0xb5, 0x55, 0xad, 0x35, 0xad, 0x35, 0xad,
    0x35, 0xad, 0x55, 0xad, 0x54, 0xad, 0x75, 0xb5, 0xd5, 0xc5, 0xd5, 0xbd,
    0xd5, 0xc5, 0xd5, 0xc5, 0xd5, 0xc5, 0x94, 0xbd, 0x74, 0xb5, 0x74, 0xb5,
    0xb5, 0xbd, 0x53, 0xb5, 0x54, 0xb5, 0xd5, 0xbd, 0x17, 0xce, 0x17, 0xce,
    0xf6, 0xc5, 0xf6, 0xc5, 0x16, 0xc6, 0x37, 0xce, 0x17, 0xce, 0xf6, 0xc5,
    0xf6, 0xc5, 0xf6, 0xc5, 0xf6, 0xc5, 0x16, 0xc6, 0xf6, 0xc5, 0x17, 0xce,
    0x17, 0xce, 0x16, 0xc6, 0x16, 0xc6, 0x17, 0xce, 0x17, 0xc6, 0x37, 0xce,
    0x54, 0xb5, 0x6c, 0x73, 0x57, 0xd6, 0x36, 0xc6, 0x36, 0xce, 0x36, 0xce,
    0x17, 0xce, 0x17, 0xce, 0x37, 0xce, 0x37, 0xce, 0x37, 0xce, 0x99, 0xde,
    0xad, 0x93, 0x61, 0x58, 0x61, 0x60, 0x8c, 0x8b, 0x17, 0xce, 0xf6, 0xcd,
    0x16, 0xce, 0xd6, 0xc5, 0xb6, 0xc5, 0x91, 0xc5, 0xcc, 0xbc, 0xad, 0xc4,
    0x63, 0xab, 0x00, 0xab, 0x01, 0xab, 0x21, 0xab, 0x21, 0xa3, 0x21, 0xa3,
    0x22, 0xab, 0x22, 0xa3, 0x22, 0xa3, 0x23, 0xa3, 0x43, 0xa3, 0x43, 0xa3,
    0x64, 0xab, 0x64, 0xab, 0x65, 0xab, 0x65, 0xa3, 0x23, 0xa3, 0x42, 0xa3,
    0x65, 0x72, 0x20, 0x00, 0x61, 0x18, 0x61, 0x10, 0x61, 0x10, 0x82, 0x18,
    0xa2, 0x18, 0x20, 0x08, 0x00, 0x00, 0x41, 0x10, 0x69, 0x52, 0x6d, 0x73,
    0xeb, 0x62, 0x81, 0x18, 0x40, 0x10, 0x40, 0x10, 0x60, 0x10, 0x60, 0x18,
    0x88, 0x93, 0xe5, 0x82, 0x42, 0x72, 0x01, 0x6a, 0x01, 0x72, 0xe0, 0x71,
    0x02, 0x62, 0x40, 0x10, 0x40, 0x08, 0x41, 0x08, 0x40, 0x08, 0x20, 0x00,
    0x41, 0x08, 0x40, 0x08, 0x20, 0x08, 0x20, 0x08, 0x20, 0x08, 0x00, 0x00,
    0x45, 0x29, 0xa6, 0x39, 0x08, 0x4a, 0xa9, 0x52, 0x0b, 0x63, 0x00, 0x08,
    0x41, 0x08, 0x92, 0x9c, 0x96, 0xbd, 0x24, 0x29, 0x61, 0x10, 0xa3, 0x10,
    0x82, 0x10, 0x62, 0x10, 0x42, 0x10, 0x41, 0x08, 0x62, 0x10, 0xa7, 0x39,
    0x66, 0x31, 0x62, 0x10, 0x63, 0x10, 0x21, 0x00, 0x81, 0x18, 0x4c, 0x9b,
    0x8d, 0xb3, 0xee, 0xab, 0x36, 0xde, 0xd8, 0xe6, 0xb8, 0xde, 0x37, 0xd6,
    0xf5, 0xcd, 0x57, 0xd6, 0x56, 0xce, 0x16, 0xce, 0x36, 0xce, 0x56, 0xd6,
    0x15, 0xce, 0x35, 0xce, 0x35, 0xce, 0x35, 0xce, 0x35, 0xce, 0xf4, 0xc5,
    0xf5, 0xc5, 0x15, 0xce, 0x15, 0xce, 0xf5, 0xc5, 0x15, 0xce, 0x15, 0xc6,
    0xf5, 0xc5, 0xf5, 0xc5, 0xd4, 0xc5, 0xf5, 0xc5, 0xd5, 0xc5, 0xb4, 0xbd,
    0xb4, 0xbd, 0x3c, 0xef, 0x3c, 0xef, 0x7c, 0xef, 0x58, 0xce, 0x11, 0xbd,
    0x03, 0x72, 0x98, 0xde, 0xbe, 0xf7, 0x1a, 0xe7, 0xfe, 0xff, 0xb8, 0xde,
    0xff, 0xff, 0x44, 0x9b, 0xe8, 0xab, 0xbd, 0xff, 0x1a, 0xf7, 0xf9, 0xf6,
    0x9d, 0xff, 0x4d, 0x94, 0x38, 0xd6, 0x5d, 0xf7, 0x91, 0x94, 0xd6, 0xbd,
    0x3c, 0xef, 0x5d, 0xf7, 0x5d, 0xf7, 0x5c, 0xef, 0xb6, 0xbd, 0x54, 0xad,
    0xbe, 0xff, 0xd3, 0x9c, 0xde, 0xff, 0x34, 0xad, 0xde, 0xff, 0x5b, 0xef,
    0x13, 0xa5, 0x54, 0xad, 0x74, 0xb5, 0x94, 0xb5, 0x95, 0xb5, 0x94, 0xb5,
    0x74, 0xb5, 0x74, 0xb5, 0x95, 0xb5, 0xb6, 0xbd, 0xb6, 0xbd, 0xb6, 0xb5,
    0xb6, 0xb5, 0xb6, 0xbd, 0xb6, 0xbd, 0xb6, 0xb5, 0xb6, 0xbd, 0x95, 0xb5,
    0x95, 0xb5, 0xb6, 0xbd, 0xb6, 0xbd, 0xb6, 0xb5, 0xb6, 0xb5, 0xb6, 0xbd,
    0xb6, 0xbd, 0xb6, 0xb5, 0xd6, 0xbd, 0xd6, 0xbd, 0xd7, 0xbd, 0x34, 0xad,
    0x2c, 0x6b, 0x4f, 0x94, 0x95, 0xb5, 0xd6, 0xbd, 0xd7, 0xbd, 0xd6, 0xbd,
    0xd6, 0xbd, 0xd6, 0xbd, 0xd7, 0xbd, 0xd6, 0xbd, 0xd6, 0xbd, 0xd6, 0xc5,
    0xd6, 0xbd, 0xd6, 0xbd, 0xb1, 0x9c, 0xf2, 0xa4, 0x0f, 0x84, 0xce, 0x83,
    0x2f, 0x94, 0xf2, 0xa4, 0xeb, 0x62, 0xd2, 0xa4, 0x30, 0x8c, 0x4c, 0x6b,
    0x6d, 0x73, 0xeb, 0x62, 0xeb, 0x6a, 0xeb, 0x6a, 0xeb, 0x6a, 0xeb, 0x6a,
    0x2c, 0x6b, 0x2c, 0x73, 0x20, 0x10, 0x43, 0x39, 0x23, 0x39, 0x64, 0x41,
    0xa2, 0x20, 0x41, 0x08, 0x20, 0x00, 0x20, 0x00, 0x00, 0x00, 0x20, 0x00,
    0x00, 0x00, 0x20, 0x08, 0x21, 0x08, 0xa2, 0x18, 0x82, 0x10, 0x04, 0x21,
    0x82, 0x10, 0x00, 0x00, 0x61, 0x08, 0x61, 0x08, 0x25, 0x29, 0x86, 0x31,
    0x86, 0x31, 0x86, 0x31, 0x86, 0x31, 0x86, 0x31, 0x66, 0x31, 0x86, 0x31,
    0x87, 0x31, 0x86, 0x31, 0x86, 0x31, 0x86, 0x31, 0xa6, 0x31, 0x41, 0x08,
    0x00, 0x00, 0x21, 0x08, 0x40, 0x08, 0x40, 0x08, 0xc2, 0x18, 0x07, 0x42,
    0xe7, 0x41, 0xce, 0x7b, 0xa2, 0x18, 0xcf, 0x83, 0x18, 0xce, 0xb6, 0xbd,
    0xb6, 0xbd, 0xd6, 0xbd, 0xb6, 0xb5, 0x96, 0xb5, 0x96, 0xbd, 0x76, 0xb5,
    0x55, 0xad, 0x35, 0xad, 0x55, 0xad, 0x55, 0xad, 0x35, 0xad, 0x75, 0xb5,
    0xd5, 0xbd, 0xd5, 0xbd, 0xd5, 0xc5, 0xd5, 0xc5, 0xf6, 0xc5, 0xd5, 0xbd,
    0xd5, 0xc5, 0xd5, 0xc5, 0xb5, 0xbd, 0x95, 0xbd, 0x94, 0xbd, 0x74, 0xb5,
    0x53, 0xad, 0xd6, 0xc5, 0x16, 0xc6, 0x17, 0xce, 0xf6, 0xc5, 0x37, 0xce,
    0x37, 0xce, 0x37, 0xce, 0x37, 0xce, 0x17, 0xce, 0x17, 0xc6, 0x17, 0xc6,
    0xf6, 0xc5, 0xf6, 0xc5, 0x17, 0xce, 0x16, 0xc6, 0x17, 0xc6, 0x17, 0xce,
    0x37, 0xce, 0x78, 0xd6, 0x6c, 0x73, 0x94, 0xbd, 0x16, 0xce, 0x16, 0xc6,
    0x37, 0xce, 0x36, 0xce, 0x17, 0xce, 0x17, 0xce, 0x17, 0xce, 0xf7, 0xcd,
    0x17, 0xce, 0x17, 0xce, 0x58, 0xd6, 0x70, 0xac, 0xa9, 0x72, 0x94, 0xbd,
    0x95, 0xbd, 0xf6, 0xcd, 0xd6, 0xc5, 0x34, 0xb5, 0x17, 0xce, 0x59, 0xd6,
    0x37, 0xd6, 0xad, 0xbc, 0xe0, 0xb2, 0x00, 0xbb, 0x00, 0xb3, 0x00, 0xab,
    0x00, 0xab, 0x01, 0xab, 0x21, 0xab, 0x41, 0xab, 0x21, 0xab, 0x21, 0xa3,
    0x41, 0xa3, 0x41, 0xa3, 0x42, 0xa3, 0x63, 0xa3, 0x63, 0xa3, 0x43, 0xa3,
    0x42, 0xab, 0xa3, 0xb3, 0x02, 0x39, 0x20, 0x08, 0x20, 0x10, 0x40, 0x08,
    0x21, 0x08, 0xc3, 0x20, 0xc2, 0x18, 0x20, 0x08, 0x20, 0x08, 0x20, 0x08,
    0x00, 0x00, 0x48, 0x52, 0x8d, 0x7b, 0x44, 0x31, 0x20, 0x10, 0x61, 0x10,
    0xe7, 0x41, 0x20, 0x10, 0x84, 0x72, 0x21, 0x7a, 0x21, 0x72, 0x21, 0x72,
    0x22, 0x72, 0xe1, 0x69, 0xc2, 0x61, 0x81, 0x18, 0x40, 0x08, 0x40, 0x08,
    0x40, 0x08, 0x20, 0x00, 0x20, 0x00, 0x20, 0x08, 0x20, 0x00, 0x40, 0x08,
    0x20, 0x00, 0x61, 0x10, 0x45, 0x29, 0xe3, 0x20, 0x04, 0x21, 0x28, 0x42,
    0xaa, 0x52, 0xe3, 0x20, 0x82, 0x10, 0x21, 0x08, 0xa3, 0x18, 0x75, 0xb5,
    0xf3, 0xa4, 0x61, 0x10, 0x01, 0x08, 0x63, 0x10, 0x63, 0x10, 0x62, 0x10,
    0x62, 0x10, 0x62, 0x08, 0x41, 0x08, 0x00, 0x00, 0x65, 0x39, 0x4c, 0x83,
    0x33, 0xc5, 0x94, 0xd5, 0x36, 0xce, 0xf8, 0xde, 0xf8, 0xde, 0x56, 0xc6,
    0x36, 0xce, 0x36, 0xd6, 0x57, 0xd6, 0x16, 0xce, 0x36, 0xce, 0x36, 0xce,
    0x56, 0xce, 0x15, 0xc6, 0x35, 0xce, 0x15, 0xc6, 0x36, 0xce, 0x35, 0xce,
    0xf4, 0xcd, 0x15, 0xce, 0x15, 0xce, 0x15, 0xce, 0x16, 0xce, 0x15, 0xc6,
    0xf5, 0xc5, 0xf5, 0xc5, 0xf5, 0xc5, 0xd4, 0xc5, 0xf5, 0xc5, 0xf5, 0xc5,
    0xf5, 0xc5, 0xf4, 0xc5, 0xb4, 0xbd, 0x99, 0xde, 0x3b, 0xef, 0xf1, 0xa4,
    0x7c, 0xff, 0x6b, 0x93, 0x2a, 0xac, 0x77, 0xde, 0x5d, 0xef, 0x58, 0xd6,
    0x79, 0xd6, 0x17, 0xc6, 0xfa, 0xde, 0xc4, 0x8a, 0x34, 0xe6, 0x19, 0xef,
    0xed, 0xc4, 0x51, 0xc5, 0x9d, 0xff, 0xf6, 0xbd, 0x37, 0xce, 0x5c, 0xef,
    0xb2, 0x9c, 0x33, 0xad, 0xd1, 0x9c, 0x99, 0xd6, 0x79, 0xd6, 0xd3, 0x9c,
    0x13, 0xa5, 0xd6, 0xbd, 0x7d, 0xf7, 0xd3, 0x9c, 0xbf, 0xff, 0xba, 0xd6,
    0xde, 0xff, 0xf6, 0xc5, 0x33, 0xad, 0x74, 0xb5, 0x74, 0xb5, 0x74, 0xb5,
    0x94, 0xb5, 0x94, 0xbd, 0x95, 0xbd, 0x74, 0xbd, 0x96, 0xb5, 0xb6, 0xb5,
    0xb6, 0xb5, 0x95, 0xb5, 0xb6, 0xbd, 0xb6, 0xbd, 0xb5, 0xb5, 0xb6, 0xb5,
    0xb6, 0xbd, 0x95, 0xb5, 0x96, 0xb5, 0xb6, 0xbd, 0xb6, 0xbd, 0xb5, 0xbd,
    0xb5, 0xbd, 0xb6, 0xbd, 0xb6, 0xbd, 0xb6, 0xbd, 0xb6, 0xbd, 0xd6, 0xbd,
    0xf7, 0xc5, 0x6d, 0x73, 0x71, 0x94, 0xd2, 0xa4, 0xb6, 0xb5, 0xd6, 0xbd,
    0xd6, 0xbd, 0xd7, 0xbd, 0xd6, 0xbd, 0xd7, 0xbd, 0xd7, 0xbd, 0xd6, 0xbd,
    0xf7, 0xbd, 0xf6, 0xbd, 0xf6, 0xc5, 0x95, 0xb5, 0xd1, 0xa4, 0x91, 0x9c,
    0xad, 0x7b, 0xee, 0x83, 0x95, 0xbd, 0xee, 0x8b, 0xae, 0x7b, 0x13, 0xad,
    0xeb, 0x6a, 0x6c, 0x73, 0xea, 0x62, 0xea, 0x62, 0xeb, 0x6a, 0xeb, 0x62,
    0x0b, 0x6b, 0xeb, 0x6a, 0x2c, 0x73, 0x64, 0x39, 0x03, 0x31, 0x41, 0x18,
    0xc5, 0x51, 0x44, 0x31, 0x20, 0x08, 0x41, 0x08, 0x20, 0x00, 0x20, 0x00,
    0x20, 0x08, 0x00, 0x00, 0x20, 0x08, 0x41, 0x08, 0x20, 0x00, 0x20, 0x00,
    0x03, 0x21, 0x41, 0x08, 0x21, 0x08, 0x82, 0x10, 0x82, 0x10, 0x86, 0x31,
    0xa6, 0x31, 0x86, 0x31, 0x86, 0x31, 0x86, 0x31, 0x86, 0x31, 0x86, 0x29,
    0x66, 0x29, 0x86, 0x31, 0x86, 0x31, 0x86, 0x31, 0x67, 0x31, 0x86, 0x31,
    0x86, 0x31, 0x65, 0x31, 0x00, 0x00, 0x20, 0x08, 0x41, 0x08, 0x41, 0x08,
    0x21, 0x08, 0xa6, 0x31, 0x65, 0x31, 0xef, 0x83, 0x2c, 0x6b, 0x82, 0x10,
    0x51, 0x94, 0x17, 0xce, 0xb6, 0xbd, 0xb6, 0xbd, 0xb6, 0xbd, 0xb6, 0xbd,
    0x95, 0xb5, 0x95, 0xb5, 0x75, 0xb5, 0x55, 0xad, 0x75, 0xad, 0x55, 0xad,
    0x56, 0xad, 0x55, 0xb5, 0xb5, 0xbd, 0xf5, 0xbd, 0xd6, 0xc5, 0xd5, 0xc5,
    0xd5, 0xbd, 0xd5, 0xc5, 0xd5, 0xc5, 0xf6, 0xc5, 0xf6, 0xc5, 0xd5, 0xc5,
    0xd6, 0xc5, 0xb5, 0xbd, 0xd5, 0xbd, 0xb5, 0xbd, 0x95, 0xb5, 0xb5, 0xbd,
    0xf6, 0xc5, 0x17, 0xce, 0x37, 0xce, 0x37, 0xce, 0x37, 0xce, 0x16, 0xc6,
    0xf6, 0xc5, 0x17, 0xce, 0x16, 0xce, 0x17, 0xce, 0x16, 0xc6, 0x16, 0xc6,
    0xf6, 0xc5, 0x17, 0xce, 0x37, 0xce, 0x53, 0xad, 0xcd, 0x83, 0x58, 0xd6,
    0x16, 0xce, 0x17, 0xc6, 0x17, 0xc6, 0x17, 0xce, 0x17, 0xce, 0x17, 0xce,
    0x16, 0xce, 0xf6, 0xc5, 0xd6, 0xc5, 0xd6, 0xc5, 0x37, 0xce, 0x17, 0xce,
    0x58, 0xd6, 0xf6, 0xc5, 0x17, 0xce, 0xf6, 0xc5, 0x94, 0xbd, 0xf6, 0xc5,
    0x57, 0xd6, 0x16, 0xc6, 0x77, 0xce, 0x6e, 0xbc, 0xe1, 0xb2, 0x22, 0xb3,
    0x42, 0xb3, 0x82, 0xbb, 0x82, 0xbb, 0x81, 0xb3, 0x61, 0xb3, 0x60, 0xb3,
    0x40, 0xab, 0x40, 0xab, 0x40, 0xab, 0x40, 0xb3, 0x60, 0xab, 0x40, 0xab,
    0x61, 0xb3, 0x40, 0xb3, 0x83, 0xb3, 0x23, 0x62, 0x00, 0x08, 0x40, 0x08,
    0x20, 0x08, 0x20, 0x08, 0x20, 0x08, 0x41, 0x08, 0xe3, 0x20, 0x40, 0x08,
    0x20, 0x08, 0x40, 0x08, 0x20, 0x08, 0x00, 0x00, 0x6c, 0x73, 0x2c, 0x6b,
    0x00, 0x08, 0x00, 0x08, 0x2b, 0x6b, 0x20, 0x10, 0x03, 0x6a, 0x41, 0x7a,
    0x21, 0x7a, 0x21, 0x72, 0x21, 0x72, 0xe0, 0x71, 0x03, 0x62, 0x61, 0x10,
    0x40, 0x08, 0x41, 0x08, 0x20, 0x08, 0x20, 0x00, 0x00, 0x00, 0x20, 0x00,
    0x20, 0x00, 0x20, 0x00, 0x20, 0x00, 0xe3, 0x18, 0x65, 0x31, 0xc3, 0x18,
    0x08, 0x42, 0x28, 0x4a, 0xcb, 0x5a, 0xc7, 0x39, 0x62, 0x08, 0x83, 0x10,
    0x83, 0x10, 0x00, 0x00, 0xc7, 0x41, 0xf8, 0xcd, 0x6e, 0x7b, 0x00, 0x00,
    0x21, 0x08, 0x42, 0x10, 0x62, 0x10, 0x21, 0x08, 0x41, 0x08, 0x4b, 0x93,
    0x2e, 0xac, 0xb5, 0xd5, 0x16, 0xd6, 0x36, 0xce, 0xd9, 0xe6, 0x77, 0xd6,
    0x36, 0xce, 0x36, 0xce, 0x36, 0xce, 0x77, 0xd6, 0xf5, 0xc5, 0x16, 0xce,
    0x36, 0xce, 0x56, 0xd6, 0xf5, 0xc5, 0x16, 0xce, 0x15, 0xce, 0x35, 0xce,
    0x15, 0xce, 0x35, 0xce, 0x15, 0xce, 0xf5, 0xc5, 0x15, 0xc6, 0x36, 0xce,
    0xf5, 0xc5, 0x15, 0xce, 0x15, 0xce, 0xf5, 0xc5, 0xf5, 0xc5, 0xf5, 0xc5,
    0xf5, 0xc5, 0xf5, 0xc5, 0xf5, 0xc5, 0xb4, 0xc5, 0x1a, 0xe7, 0xde, 0xff,
    0xbd, 0xff, 0xfe, 0xff, 0xff, 0xff, 0xff, 0xff, 0xf3, 0xd5, 0x77, 0xd6,
    0xdf, 0xff, 0xdf, 0xff, 0xdf, 0xff, 0xff, 0xff, 0xde, 0xff, 0xa6, 0xab,
    0xbb, 0xff, 0xed, 0xc4, 0x65, 0xa3, 0xcb, 0x8b, 0xba, 0xe6, 0xfb, 0xe6,
    0x37, 0xce, 0x7d, 0xf7, 0xb2, 0x9c, 0xde, 0xff, 0xdf, 0xff, 0xbe, 0xff,
    0xbe, 0xff, 0xff, 0xff, 0xdf, 0xff, 0x18, 0xc6, 0xda, 0xde, 0xfb, 0xe6,
    0xde, 0xff, 0x54, 0xad, 0xb9, 0xd6, 0xda, 0xde, 0x33, 0xad, 0x74, 0xad,
    0x74, 0xb5, 0x74, 0xb5, 0x95, 0xb5, 0x75, 0xb5, 0x94, 0xbd, 0x74, 0xb5,
    0x95, 0xb5, 0x95, 0xb5, 0x96, 0xbd, 0x95, 0xb5, 0x95, 0xb5, 0xb6, 0xbd,
    0x95, 0xb5, 0x95, 0xb5, 0xb6, 0xbd, 0x95, 0xb5, 0xb6, 0xb5, 0xb6, 0xbd,
    0xd5, 0xbd, 0xb6, 0xb5, 0xd6, 0xbd, 0xb6, 0xb5, 0xb6, 0xbd, 0xd6, 0xbd,
    0xb6, 0xbd, 0xf7, 0xbd, 0xf2, 0x9c, 0xce, 0x83, 0x91, 0x9c, 0x54, 0xb5,
    0xb6, 0xbd, 0xb6, 0xbd, 0xd6, 0xbd, 0xb6, 0xbd, 0xd6, 0xbd, 0xd6, 0xbd,
    0xd7, 0xbd, 0xd6, 0xbd, 0xd7, 0xbd, 0xf6, 0xbd, 0xf7, 0xc5, 0xd2, 0xa4,
    0xd2, 0xa4, 0xce, 0x83, 0xee, 0x83, 0x13, 0xad, 0x94, 0xbd, 0xcd, 0x83,
    0x91, 0x9c, 0x92, 0x9c, 0x4c, 0x73, 0xea, 0x62, 0xca, 0x62, 0xeb, 0x6a,
    0x0b, 0x6b, 0xeb, 0x6a, 0x0b, 0x6b, 0x2b, 0x6b, 0xaa, 0x6a, 0x03, 0x39,
    0xe2, 0x30, 0x44, 0x39, 0xc2, 0x28, 0x81, 0x18, 0x20, 0x08, 0x41, 0x08,
    0x20, 0x08, 0x00, 0x00, 0x00, 0x00, 0x00, 0x00, 0x20, 0x00, 0x41, 0x08,
    0x20, 0x08, 0x41, 0x08, 0x21, 0x08, 0x20, 0x00, 0x82, 0x10, 0xa2, 0x10,
    0xa6, 0x31, 0x86, 0x31, 0x86, 0x31, 0x86, 0x31, 0x86, 0x31, 0x87, 0x31,
    0x86, 0x29, 0x86, 0x31, 0x66, 0x31, 0x86, 0x31, 0x86, 0x31, 0x86, 0x29,
    0x87, 0x31, 0x86, 0x31, 0x86, 0x31, 0x86, 0x31, 0x04, 0x21, 0x00, 0x00,
    0x20, 0x00, 0x41, 0x08, 0x20, 0x08, 0x61, 0x10, 0x65, 0x29, 0xaa, 0x5a,
    0x8e, 0x73, 0x69, 0x52, 0x20, 0x08, 0xb2, 0x9c, 0x17, 0xc6, 0xb6, 0xbd,
    0xb6, 0xbd, 0x95, 0xbd, 0x76, 0xb5, 0x75, 0xb5, 0x75, 0xad, 0x75, 0xb5,
    0x75, 0xad, 0x55, 0xad, 0x75, 0xad, 0x96, 0xbd, 0xf6, 0xc5, 0xf5, 0xc5,
    0xd5, 0xc5, 0xd6, 0xc5, 0xd6, 0xc5, 0xd6, 0xc5, 0xd5, 0xc5, 0xb5, 0xc5,
    0xd6, 0xc5, 0xd6, 0xc5, 0xd5, 0xc5, 0xd6, 0xc5, 0xf6, 0xc5, 0xf6, 0xbd,
    0xd6, 0xbd, 0xd6, 0xc5, 0xd5, 0xbd, 0xd6, 0xbd, 0xf6, 0xc5, 0x16, 0xc6,
    0x16, 0xc6, 0xf6, 0xc5, 0xf6, 0xc5, 0x16, 0xc6, 0x17, 0xce, 0x17, 0xc6,
    0x17, 0xce, 0x17, 0xce, 0x37, 0xce, 0x17, 0xce, 0x37, 0xce, 0xcd, 0x7b,
    0xf6, 0xc5, 0x36, 0xce, 0x36, 0xce, 0x17, 0xce, 0xf6, 0xc5, 0x16, 0xc6,
    0x17, 0xce, 0xf6, 0xc5, 0x16, 0xce, 0xf6, 0xc5, 0xf6, 0xc5, 0xd6, 0xc5,
    0x17, 0xce, 0x17, 0xce, 0x17, 0xc6, 0x17, 0xce, 0xf7, 0xc5, 0xb5, 0xbd,
    0x16, 0xce, 0x37, 0xce, 0x37, 0xce, 0x37, 0xd6, 0x37, 0xce, 0x09, 0x7b,
    0x47, 0x6a, 0x84, 0x59, 0x63, 0x51, 0x62, 0x51, 0xa3, 0x61, 0xc3, 0x69,
    0xe3, 0x69, 0x03, 0x72, 0x44, 0x7a, 0x63, 0x82, 0x25, 0xa3, 0xe4, 0x9a,
    0x23, 0xa3, 0x63, 0xab, 0x01, 0xab, 0xe3, 0x92, 0x63, 0x41, 0x01, 0x08,
    0x40, 0x10, 0x20, 0x08, 0x20, 0x00, 0x20, 0x08, 0x41, 0x08, 0x20, 0x08,
    0x41, 0x08, 0x82, 0x18, 0xa2, 0x18, 0x40, 0x08, 0x20, 0x08, 0x20, 0x08,
    0x61, 0x10, 0x0f, 0x8c, 0xe3, 0x20, 0x00, 0x00, 0x89, 0x5a, 0x81, 0x18,
    0xe3, 0x61, 0x40, 0x7a, 0x41, 0x7a, 0x21, 0x7a, 0x21, 0x72, 0x21, 0x7a,
    0x23, 0x6a, 0x43, 0x31, 0x20, 0x00, 0x40, 0x08, 0x40, 0x08, 0x00, 0x00,
    0x00, 0x00, 0x20, 0x08, 0x20, 0x00, 0x20, 0x08, 0x20, 0x00, 0x24, 0x29,
    0xa6, 0x31, 0xc3, 0x18, 0x04, 0x21, 0x8a, 0x52, 0x69, 0x52, 0xcb, 0x5a,
    0x82, 0x10, 0xa3, 0x18, 0x83, 0x10, 0x83, 0x18, 0x62, 0x10, 0x01, 0x08,
    0x4d, 0x6b, 0x9a, 0xde, 0x28, 0x4a, 0x00, 0x00, 0x00, 0x00, 0x25, 0x29,
    0x91, 0xbc, 0x73, 0xd5, 0xd8, 0xe6, 0x36, 0xd6, 0x98, 0xde, 0xd8, 0xe6,
    0x36, 0xce, 0x57, 0xd6, 0x36, 0xce, 0x57, 0xd6, 0x77, 0xd6, 0x16, 0xce,
    0x15, 0xce, 0x56, 0xd6, 0x36, 0xce, 0x15, 0xc6, 0x16, 0xce, 0x15, 0xce,
    0x15, 0xce, 0x35, 0xce, 0x35, 0xce, 0xf4, 0xc5, 0x15, 0xce, 0x15, 0xce,
    0x15, 0xce, 0x15, 0xc6, 0x15, 0xce, 0x15, 0xce, 0xf5, 0xc5, 0xf5, 0xc5,
    0x15, 0xce, 0x15, 0xc6, 0x15, 0xce, 0xf5, 0xc5, 0xf5, 0xc5, 0x36, 0xce,
    0x52, 0xb5, 0x73, 0xb5, 0x93, 0xb5, 0x94, 0xbd, 0x51, 0xbd, 0xcd, 0xb4,
    0x70, 0xbd, 0x72, 0xb5, 0x73, 0xb5, 0x53, 0xb5, 0x73, 0xb5, 0x12, 0xa5,
    0xee, 0xac, 0xa4, 0xbb, 0x65, 0xab, 0x88, 0xa3, 0x90, 0xa4, 0x13, 0xad,
    0xf3, 0xa4, 0xf3, 0xa4, 0xf2, 0xa4, 0xf2, 0xa4, 0x33, 0xad, 0xf3, 0xa4,
    0xf2, 0xa4, 0xd2, 0xa4, 0xd2, 0xa4, 0xf3, 0xa4, 0xf3, 0xa4, 0x13, 0xa5,
    0x13, 0xa5, 0x13, 0xa5, 0xf3, 0xa4, 0x13, 0xa5, 0x33, 0xa5, 0x53, 0xad,
    0x74, 0xad, 0x74, 0xb5, 0x74, 0xb5, 0x75, 0xb5, 0x95, 0xb5, 0x75, 0xb5,
    0x94, 0xb5, 0x33, 0xb5, 0x95, 0xb5, 0x95, 0xb5, 0x96, 0xb5, 0xb6, 0xbd,
    0x95, 0xb5, 0xb6, 0xbd, 0xb6, 0xb5, 0x95, 0xb5, 0xb6, 0xbd, 0x96, 0xb5,
    0xb6, 0xbd, 0xb6, 0xb5, 0xb6, 0xbd, 0xd6, 0xbd, 0xd6, 0xbd, 0xb6, 0xb5,
    0xb6, 0xbd, 0xd6, 0xbd, 0xb6, 0xbd, 0xd7, 0xbd, 0xef, 0x7b, 0xb2, 0x9c,
    0xb2, 0xa4, 0x75, 0xb5, 0x96, 0xb5, 0xb6, 0xbd, 0xd7, 0xbd, 0xd6, 0xbd,
    0xd7, 0xbd, 0xd7, 0xbd, 0xd6, 0xbd, 0xd6, 0xbd, 0xd6, 0xc5, 0xd7, 0xbd,
    0x74, 0xb5, 0xf2, 0xa4, 0x2f, 0x8c, 0x0f, 0x8c, 0x2f, 0x8c, 0x74, 0xb5,
    0x0e, 0x8c, 0x12, 0xa5, 0xf3, 0xac, 0x6d, 0x73, 0x0c, 0x6b, 0xeb, 0x62,
    0xeb, 0x6a, 0xeb, 0x6a, 0x0b, 0x6b, 0xeb, 0x6a, 0x0b, 0x6b, 0x2c, 0x73,
    0xc7, 0x49, 0x43, 0x41, 0x61, 0x20, 0x22, 0x39, 0x03, 0x29, 0x20, 0x08,
    0x20, 0x08, 0x41, 0x08, 0x41, 0x08, 0x20, 0x08, 0x00, 0x00, 0x20, 0x00,
    0x20, 0x08, 0x20, 0x08, 0x20, 0x00, 0x41, 0x08, 0x82, 0x10, 0xa2, 0x10,
    0x03, 0x21, 0xa6, 0x31, 0x86, 0x31, 0x86, 0x31, 0x86, 0x31, 0x86, 0x29,
    0x66, 0x29, 0x66, 0x31, 0x86, 0x31, 0x86, 0x31, 0x66, 0x29, 0x87, 0x31,
    0x86, 0x31, 0x86, 0x31, 0x67, 0x31, 0x86, 0x31, 0x86, 0x31, 0x86, 0x31,
    0xc6, 0x39, 0x81, 0x10, 0x20, 0x00, 0x41, 0x08, 0x41, 0x08, 0x20, 0x08,
    0xa2, 0x10, 0xc7, 0x39, 0x0b, 0x63, 0x10, 0x8c, 0x44, 0x29, 0x81, 0x10,
    0xb2, 0x9c, 0xd6, 0xbd, 0x95, 0xb5, 0x95, 0xb5, 0x76, 0xb5, 0x95, 0xb5,
    0x75, 0xb5, 0x56, 0xad, 0x76, 0xad, 0xd7, 0xbd, 0xd7, 0xbd, 0xd6, 0xbd,
    0xd6, 0xbd, 0xf6, 0xc5, 0xd6, 0xc5, 0xf5, 0xc5, 0xd5, 0xc5, 0xd5, 0xc5,
    0xd5, 0xc5, 0xf5, 0xc5, 0xd6, 0xc5, 0xd5, 0xc5, 0xd5, 0xc5, 0xf6, 0xbd,
    0xd6, 0xc5, 0xf6, 0xc5, 0xf6, 0xc5, 0xf6, 0xc5, 0xf6, 0xbd, 0x16, 0xc6,
    0xf6, 0xc5, 0xd6, 0xbd, 0xd6, 0xc5, 0xf6, 0xc5, 0x37, 0xce, 0x17, 0xce,
    0x16, 0xc6, 0x16, 0xc6, 0xf6, 0xc5, 0x16, 0xc6, 0xf6, 0xc5, 0x16, 0xce,
    0x94, 0xbd, 0xf6, 0xc5, 0x37, 0xce, 0x16, 0xce, 0x16, 0xce, 0xf6, 0xc5,
    0x17, 0xce, 0x37, 0xce, 0x37, 0xce, 0x36, 0xce, 0x17, 0xce, 0xf6, 0xc5,
    0x17, 0xce, 0x17, 0xce, 0x17, 0xce, 0x17, 0xce, 0x17, 0xce, 0xf7, 0xcd,
    0xf6, 0xc5, 0x37, 0xce, 0x37, 0xce, 0x57, 0xd6, 0x98, 0xde, 0xf6, 0xcd,
    0x50, 0x9c, 0x91, 0xa4, 0x2e, 0x8c, 0x6b, 0x7b, 0xe9, 0x7a, 0xa8, 0x72,
    0x87, 0x72, 0x08, 0x7b, 0x46, 0x6a, 0xe4, 0x69, 0xe4, 0x69, 0xc4, 0x61,
    0x01, 0x51, 0x84, 0x51, 0xc3, 0x20, 0x61, 0x10, 0x70, 0x94, 0x0b, 0x63,
    0x20, 0x00, 0x40, 0x10, 0x20, 0x08, 0x21, 0x00, 0x01, 0x08, 0x20, 0x00,
    0x20, 0x00, 0x20, 0x08, 0x41, 0x08, 0x41, 0x10, 0x45, 0x31, 0xa2, 0x18,
    0x40, 0x08, 0x40, 0x08, 0x82, 0x10, 0x44, 0x29, 0xf0, 0x8b, 0x00, 0x08,
    0x23, 0x29, 0x8a, 0x5a, 0xc2, 0x59, 0x20, 0x7a, 0x41, 0x72, 0x42, 0x7a,
    0x01, 0x72, 0x40, 0x72, 0x01, 0x72, 0x85, 0x62, 0x41, 0x10, 0x41, 0x08,
    0x20, 0x00, 0x20, 0x00, 0x00, 0x00, 0x20, 0x00, 0x20, 0x00, 0x20, 0x00,
    0x00, 0x00, 0x85, 0x31, 0xa6, 0x39, 0x04, 0x21, 0x41, 0x08, 0xe7, 0x41,
    0x8a, 0x52, 0x89, 0x52, 0x87, 0x39, 0x82, 0x10, 0xa3, 0x18, 0xa3, 0x18,
    0xa3, 0x18, 0xa3, 0x18, 0x42, 0x08, 0xa3, 0x18, 0x75, 0xb5, 0x71, 0x9c,
    0x48, 0x62, 0x94, 0xd5, 0x77, 0xe6, 0x97, 0xde, 0x77, 0xde, 0xb8, 0xde,
    0x77, 0xce, 0x36, 0xce, 0x57, 0xd6, 0x57, 0xd6, 0x97, 0xd6, 0x77, 0xd6,
    0x36, 0xce, 0x56, 0xce, 0x77, 0xd6, 0x36, 0xce, 0x16, 0xc6, 0xf5, 0xc5,
    0xf5, 0xc5, 0x15, 0xce, 0x35, 0xce, 0x15, 0xce, 0xf5, 0xcd, 0x15, 0xce,
    0x15, 0xce, 0x14, 0xce, 0x15, 0xc6, 0x15, 0xc6, 0x15, 0xce, 0xf5, 0xc5,
    0x15, 0xc6, 0xf5, 0xc5, 0xf5, 0xc5, 0x15, 0xce, 0x15, 0xce, 0xf5, 0xc5,
    0x36, 0xce, 0x73, 0xb5, 0xd4, 0xc5, 0xb4, 0xbd, 0xf5, 0xc5, 0x93, 0xbd,
    0x71, 0xbd, 0x91, 0xc5, 0xb2, 0xc5, 0x93, 0xbd, 0xd4, 0xc5, 0xb4, 0xbd,
    0xb3, 0xbd, 0xb4, 0xbd, 0xaf, 0xbc, 0x83, 0xb3, 0xe9, 0xb3, 0xcf, 0xb4,
    0x33, 0xa5, 0x52, 0xad, 0x33, 0xad, 0x33, 0xad, 0x33, 0xad, 0x33, 0xad,
    0x33, 0xad, 0x33, 0xad, 0x33, 0xad, 0x33, 0xad, 0x53, 0xad, 0x53, 0xad,
    0x53, 0xad, 0x33, 0xad, 0x54, 0xad, 0x54, 0xad, 0x53, 0xad, 0x74, 0xad,
    0x73, 0xad, 0x73, 0xad, 0x54, 0xb5, 0x94, 0xb5, 0x94, 0xb5, 0x95, 0xb5,
    0x74, 0xb5, 0x75, 0xb5, 0x74, 0xb5, 0x74, 0xb5, 0x75, 0xbd, 0x95, 0xb5,
    0x96, 0xb5, 0xb6, 0xb5, 0x95, 0xb5, 0x96, 0xb5, 0xb6, 0xbd, 0xb5, 0xbd,
    0xb6, 0xb5, 0xb6, 0xbd, 0xb5, 0xbd, 0xb5, 0xb5, 0xb6, 0xbd, 0xd6, 0xbd,
    0xb5, 0xbd, 0xb6, 0xb5, 0xd6, 0xb5, 0xd6, 0xbd, 0xb6, 0xb5, 0x74, 0xad,
    0xef, 0x83, 0xf2, 0xa4, 0xf3, 0xa4, 0x95, 0xbd, 0x95, 0xb5, 0xb6, 0xbd,
    0xd6, 0xbd, 0xd6, 0xbd, 0xb6, 0xbd, 0xd6, 0xbd, 0xd6, 0xbd, 0xd6, 0xbd,
    0xd6, 0xbd, 0xd7, 0xc5, 0x13, 0xa5, 0xf2, 0xa4, 0x2f, 0x8c, 0x2f, 0x94,
    0xb1, 0x9c, 0x74, 0xb5, 0x0f, 0x8c, 0x91, 0x9c, 0xd2, 0x9c, 0x0b, 0x6b,
    0xeb, 0x6a, 0xea, 0x62, 0xea, 0x62, 0xea, 0x62, 0xeb, 0x6a, 0xec, 0x6a,
    0x0c, 0x6b, 0xeb, 0x62, 0x60, 0x20, 0x43, 0x39, 0x23, 0x39, 0x84, 0x49,
    0xc2, 0x20, 0x40, 0x08, 0x40, 0x08, 0x40, 0x08, 0x21, 0x08, 0x20, 0x08,
    0x20, 0x08, 0x21, 0x08, 0x20, 0x00, 0x20, 0x00, 0x21, 0x08, 0xa2, 0x10,
    0x82, 0x10, 0x45, 0x29, 0x86, 0x31, 0x86, 0x31, 0x86, 0x31, 0x86, 0x31,
    0x86, 0x31, 0x66, 0x29, 0x86, 0x31, 0x66, 0x31, 0x66, 0x29, 0x86, 0x31,
    0x86, 0x29, 0x86, 0x31, 0x66, 0x29, 0x86, 0x31, 0x86, 0x29, 0x86, 0x31,
    0x86, 0x31, 0x86, 0x31, 0x86, 0x31, 0xa6, 0x31, 0x41, 0x08, 0x20, 0x00,
    0x40, 0x00, 0x41, 0x08, 0x20, 0x08, 0x86, 0x31, 0xe7, 0x41, 0x48, 0x4a,
    0xd3, 0x9c, 0x86, 0x39, 0x82, 0x10, 0xf3, 0xa4, 0xb6, 0xbd, 0x95, 0xb5,
    0x95, 0xb5, 0x75, 0xb5, 0x75, 0xb5, 0x55, 0xb5, 0x76, 0xb5, 0xd7, 0xbd,
    0xf7, 0xc5, 0xb6, 0xbd, 0xd6, 0xc5, 0xd6, 0xc5, 0xf6, 0xc5, 0xf6, 0xc5,
    0xf6, 0xc5, 0xd5, 0xbd, 0xd6, 0xbd, 0xb5, 0xbd, 0xd6, 0xbd, 0xd6, 0xbd,
    0xd6, 0xbd, 0xd6, 0xbd, 0xd6, 0xbd, 0xd6, 0xbd, 0xf6, 0xc5, 0xf6, 0xc5,
    0xf6, 0xbd, 0xd6, 0xc5, 0xd6, 0xbd, 0xf6, 0xc5, 0xf6, 0xc5, 0x16, 0xc6,
    0x17, 0xc6, 0x16, 0xce, 0x17, 0xc6, 0x17, 0xce, 0x37, 0xce, 0xf6, 0xc5,
    0xf6, 0xc5, 0xf6, 0xbd, 0x37, 0xce, 0x17, 0xc6, 0x17, 0xc6, 0x37, 0xce,
    0x16, 0xc6, 0xf7, 0xcd, 0x16, 0xce, 0xf6, 0xc5, 0x16, 0xce, 0xf6, 0xc5,
    0x17, 0xce, 0x17, 0xce, 0x17, 0xce, 0x17, 0xce, 0x17, 0xc6, 0x17, 0xc6,
    0x17, 0xce, 0x17, 0xce, 0x17, 0xce, 0x37, 0xd6, 0x57, 0xd6, 0x58, 0xd6,
    0xf6, 0xc5, 0x33, 0xb5, 0x74, 0xb5, 0xcd, 0x8b, 0x8a, 0x8b, 0x28, 0x8b,
    0x26, 0x9b, 0x66, 0xab, 0x0b, 0xa4, 0x2d, 0x9c, 0xa9, 0x6a, 0x20, 0x20,
    0xa2, 0x30, 0xe1, 0x38, 0xa4, 0x51, 0x23, 0x41, 0x61, 0x10, 0xe3, 0x18,
    0x04, 0x21, 0x45, 0x29, 0x61, 0x08, 0x40, 0x08, 0x20, 0x00, 0x20, 0x00,
    0x00, 0x00, 0x20, 0x08, 0x20, 0x00, 0x20, 0x00, 0x21, 0x08, 0x41, 0x08,
    0x41, 0x08, 0x65, 0x31, 0xa2, 0x18, 0x40, 0x08, 0x40, 0x08, 0x00, 0x00,
    0x69, 0x52, 0xaf, 0x83, 0x4d, 0x73, 0xa6, 0x41, 0x63, 0x72, 0x41, 0x7a,
    0x41, 0x7a, 0x21, 0x7a, 0xe2, 0x69, 0x21, 0x7a, 0x40, 0x7a, 0x63, 0x6a,
    0x20, 0x08, 0x40, 0x08, 0x20, 0x00, 0x20, 0x00, 0x20, 0x00, 0x20, 0x08,
    0x20, 0x00, 0x00, 0x00, 0x00, 0x00, 0xa6, 0x31, 0xa7, 0x39, 0x25, 0x21,
    0x41, 0x08, 0x04, 0x21, 0x49, 0x4a, 0x49, 0x4a, 0xc7, 0x39, 0x82, 0x10,
    0xc4, 0x18, 0xa4, 0x18, 0x83, 0x18, 0x83, 0x18, 0x83, 0x18, 0x62, 0x00,
    0x60, 0x10, 0xf1, 0xb4, 0x77, 0xd6, 0x15, 0xd6, 0x98, 0xe6, 0xd9, 0xe6,
    0x36, 0xce, 0x37, 0xce, 0x77, 0xd6, 0x77, 0xd6, 0x97, 0xd6, 0x77, 0xd6,
    0x36, 0xce, 0x36, 0xce, 0x36, 0xce, 0x97, 0xde, 0x15, 0xc6, 0x15, 0xc6,
    0x15, 0xce, 0x15, 0xce, 0x15, 0xc6, 0xf5, 0xc5, 0x15, 0xce, 0xf5, 0xc5,
    0x35, 0xce, 0x35, 0xce, 0x15, 0xc6, 0x15, 0xce, 0xf5, 0xc5, 0xf5, 0xc5,
    0x15, 0xc6, 0x15, 0xce, 0xf5, 0xc5, 0x15, 0xce, 0x15, 0xce, 0x15, 0xce,
    0xf5, 0xc5, 0x16, 0xce, 0xb4, 0xbd, 0xf5, 0xc5, 0xd4, 0xc5, 0x36, 0xce,
    0x93, 0xbd, 0xd4, 0xc5, 0x14, 0xce, 0xd3, 0xc5, 0xb3, 0xc5, 0xd4, 0xc5,
    0xf5, 0xc5, 0xb4, 0xbd, 0x73, 0xbd, 0xb4, 0xc5, 0x8d, 0xbc, 0xc4, 0xbb,
    0x0b, 0x9c, 0x53, 0xad, 0x53, 0xad, 0x53, 0xad, 0x54, 0xb5, 0x54, 0xb5,
    0x54, 0xb5, 0x54, 0xb5, 0x54, 0xb5, 0x54, 0xb5, 0x74, 0xb5, 0x74, 0xb5,
    0x74, 0xb5, 0x54, 0xb5, 0x54, 0xad, 0x53, 0xad, 0x54, 0xb5, 0x54, 0xb5,
    0x54, 0xb5, 0x53, 0xad, 0x54, 0xb5, 0x54, 0xb5, 0x74, 0xb5, 0x74, 0xb5,
    0x94, 0xb5, 0x94, 0xbd, 0x94, 0xbd, 0x94, 0xb5, 0x95, 0xbd, 0x54, 0xb5,
    0x54, 0xb5, 0x95, 0xb5, 0xb5, 0xb5, 0x96, 0xbd, 0xb6, 0xb5, 0x95, 0xb5,
    0xb5, 0xbd, 0xb6, 0xbd, 0xb5, 0xb5, 0xd6, 0xbd, 0xd6, 0xbd, 0xb5, 0xbd,
    0xd6, 0xb5, 0xb6, 0xbd, 0xd5, 0xbd, 0xb5, 0xbd, 0xd6, 0xbd, 0xb6, 0xbd,
    0xd6, 0xbd, 0xd2, 0x9c, 0x91, 0x9c, 0xf2, 0xa4, 0x54, 0xb5, 0x95, 0xb5,
    0x95, 0xb5, 0xb5, 0xbd, 0xd6, 0xbd, 0xd6, 0xbd, 0xd5, 0xbd, 0xb5, 0xbd,
    0xd6, 0xbd, 0xd7, 0xbd, 0xd7, 0xbd, 0xb5, 0xbd, 0xf2, 0xa4, 0x70, 0x94,
    0xd2, 0xa4, 0x4f, 0x94, 0x90, 0x9c, 0xb1, 0x9c, 0x12, 0xad, 0x70, 0x9c,
    0x2c, 0x6b, 0x0b, 0x6b, 0xcb, 0x6a, 0xea, 0x6a, 0xea, 0x6a, 0xea, 0x62,
    0xeb, 0x6a, 0x0b, 0x6b, 0x6d, 0x7b, 0xe3, 0x20, 0x23, 0x39, 0xa1, 0x28,
    0x84, 0x41, 0xc2, 0x28, 0x62, 0x10, 0x40, 0x08, 0x40, 0x08, 0x40, 0x00,
    0x20, 0x00, 0x41, 0x08, 0x41, 0x08, 0x41, 0x08, 0x41, 0x08, 0x41, 0x08,
    0xa2, 0x18, 0x82, 0x10, 0x85, 0x31, 0x86, 0x31, 0x66, 0x29, 0x66, 0x29,
    0x86, 0x31, 0x86, 0x31, 0x66, 0x31, 0x86, 0x31, 0x86, 0x31, 0x86, 0x31,
    0x66, 0x29, 0x86, 0x31, 0x86, 0x31, 0x66, 0x31, 0x86, 0x31, 0x86, 0x31,
    0x86, 0x31, 0x86, 0x31, 0x86, 0x31, 0x86, 0x31, 0x86, 0x29, 0x86, 0x31,
    0xa6, 0x31, 0x41, 0x08, 0x40, 0x08, 0x41, 0x08, 0x41, 0x08, 0x20, 0x00,
    0xe7, 0x41, 0x07, 0x42, 0xeb, 0x62, 0xf3, 0xa4, 0x49, 0x52, 0x69, 0x52,
    0xd2, 0x9c, 0x96, 0xbd, 0x75, 0xb5, 0x75, 0xb5, 0x75, 0xb5, 0x55, 0xb5,
    0x55, 0xb5, 0x75, 0xb5, 0xb6, 0xbd, 0xd7, 0xc5, 0xd7, 0xbd, 0xd6, 0xc5,
    0xd6, 0xbd, 0xd6, 0xbd, 0xf6, 0xc5, 0xf6, 0xc5, 0xd6, 0xbd, 0xd6, 0xbd,
    0xd6, 0xc5, 0xf6, 0xc5, 0xd6, 0xbd, 0xd6, 0xbd, 0xd6, 0xbd, 0xf6, 0xbd,
    0xf6, 0xc5, 0xf6, 0xc5, 0xd6, 0xbd, 0xd6, 0xc5, 0xd6, 0xc5, 0xf6, 0xbd,
    0xf6, 0xc5, 0xd6, 0xbd, 0xf6, 0xc5, 0x16, 0xc6, 0x17, 0xc6, 0xf6, 0xc5,
    0xf6, 0xc5, 0xf6, 0xc5, 0xf7, 0xc5, 0x16, 0xc6, 0xf6, 0xc5, 0x16, 0xc6,
    0x16, 0xc6, 0x17, 0xc6, 0x16, 0xc6, 0x17, 0xce, 0x17, 0xce, 0x17, 0xce,
    0x17, 0xce, 0x17, 0xce, 0x17, 0xce, 0x17, 0xce, 0x37, 0xce, 0x37, 0xce,
    0x37, 0xce, 0x37, 0xce, 0x37, 0xce, 0x37, 0xce, 0x37, 0xce, 0x37, 0xce,
    0x58, 0xd6, 0x99, 0xde, 0x33, 0xad, 0x71, 0x94, 0xcc, 0x8b, 0x88, 0x93,
    0x24, 0xa3, 0x22, 0xb3, 0x45, 0xab, 0x4c, 0xb4, 0xab, 0x8b, 0xcf, 0x83,
    0xc7, 0x41, 0x20, 0x10, 0x21, 0x10, 0x21, 0x10, 0x01, 0x08, 0x01, 0x10,
    0x40, 0x10, 0x61, 0x08, 0xe3, 0x18, 0x24, 0x29, 0x20, 0x08, 0x20, 0x08,
    0x20, 0x00, 0x20, 0x00, 0x20, 0x08, 0x21, 0x08, 0x20, 0x08, 0x20, 0x08,
    0x20, 0x00, 0x41, 0x08, 0x20, 0x08, 0x62, 0x10, 0xe3, 0x20, 0x40, 0x08,
    0x40, 0x08, 0x41, 0x08, 0x00, 0x08, 0x24, 0x31, 0xc4, 0x20, 0xa1, 0x18,
    0x82, 0x82, 0x40, 0x82, 0x41, 0x82, 0x01, 0x72, 0xc2, 0x61, 0x20, 0x7a,
    0xa3, 0x82, 0xc2, 0x20, 0x01, 0x08, 0x20, 0x00, 0x00, 0x00, 0x00, 0x00,
    0x20, 0x00, 0x20, 0x08, 0x20, 0x00, 0x00, 0x00, 0x00, 0x00, 0xc6, 0x39,
    0xe8, 0x39, 0x25, 0x29, 0x21, 0x00, 0x04, 0x21, 0x65, 0x29, 0xa7, 0x39,
    0xe7, 0x41, 0xa3, 0x18, 0xc4, 0x18, 0xa3, 0x18, 0xa3, 0x10, 0xa3, 0x10,
    0xa2, 0x08, 0x64, 0x51, 0xcd, 0xab, 0xf5, 0xcd, 0x57, 0xce, 0x57, 0xd6,
    0x36, 0xce, 0x32, 0xad, 0x98, 0xde, 0x76, 0xd6, 0x56, 0xd6, 0x97, 0xd6,
    0x57, 0xd6, 0x36, 0xce, 0x36, 0xce, 0x36, 0xce, 0x97, 0xd6, 0xf5, 0xc5,
    0xf5, 0xcd, 0xf5, 0xc5, 0xf4, 0xc5, 0x15, 0xce, 0xf5, 0xcd, 0xf4, 0xc5,
    0x15, 0xce, 0x15, 0xc6, 0x15, 0xce, 0x14, 0xce, 0x15, 0xce, 0xf4, 0xc5,
    0x15, 0xce, 0xf5, 0xc5, 0x15, 0xce, 0x15, 0xce, 0x16, 0xce, 0x15, 0xce,
    0x15, 0xce, 0x15, 0xc6, 0x15, 0xc6, 0xd4, 0xc5, 0xf5, 0xc5, 0xf5, 0xc5,
    0x15, 0xce, 0xb4, 0xbd, 0xf5, 0xcd, 0x14, 0xce, 0xd4, 0xc5, 0xd4, 0xc5,
    0xf4, 0xcd, 0xd4, 0xc5, 0xb4, 0xc5, 0xd3, 0xbd, 0xd5, 0xbd, 0x35, 0xd6,
    0xa6, 0xb3, 0xa7, 0xab, 0x33, 0xbd, 0x53, 0xad, 0x53, 0xad, 0x54, 0xb5,
    0x74, 0xb5, 0x74, 0xb5, 0x74, 0xb5, 0x54, 0xb5, 0x74, 0xb5, 0x54, 0xb5,
    0x74, 0xb5, 0x74, 0xb5, 0x74, 0xb5, 0x74, 0xb5, 0x74, 0xb5, 0x74, 0xb5,
    0x74, 0xb5, 0x74, 0xb5, 0x74, 0xb5, 0x74, 0xb5, 0x74, 0xb5, 0x74, 0xb5,
    0x94, 0xb5, 0x74, 0xb5, 0x74, 0xb5, 0x74, 0xb5, 0x74, 0xb5, 0x95, 0xbd,
    0x74, 0xb5, 0x74, 0xbd, 0x53, 0xb5, 0x74, 0xb5, 0x95, 0xb5, 0xb6, 0xbd,
    0x95, 0xb5, 0x96, 0xb5, 0xb6, 0xbd, 0xb5, 0xb5, 0xb5, 0xb5, 0xd6, 0xbd,
    0xb6, 0xbd, 0xd6, 0xbd, 0xd6, 0xb5, 0xb6, 0xb5, 0xd5, 0xbd, 0xb6, 0xbd,
    0xb6, 0xbd, 0xd6, 0xbd, 0xb6, 0xbd, 0x71, 0x94, 0x50, 0x94, 0xf2, 0xa4,
    0x75, 0xb5, 0x95, 0xb5, 0xb5, 0xb5, 0xb6, 0xbd, 0xb5, 0xbd, 0xb5, 0xb5,
    0xd6, 0xbd, 0xd6, 0xbd, 0xd6, 0xbd, 0xd7, 0xbd, 0xd7, 0xbd, 0x54, 0xb5,
    0xd2, 0xa4, 0xf1, 0xa4, 0xb1, 0x9c, 0xf2, 0xa4, 0x94, 0xbd, 0x0e, 0x8c,
    0x12, 0xad, 0x71, 0x94, 0xce, 0x83, 0xeb, 0x62, 0xeb, 0x6a, 0xea, 0x62,
    0xea, 0x6a, 0xea, 0x62, 0xeb, 0x6a, 0x2b, 0x6b, 0x48, 0x52, 0x20, 0x08,
    0xa5, 0x41, 0xe2, 0x28, 0xa5, 0x41, 0x40, 0x10, 0x41, 0x08, 0x40, 0x08,
    0x41, 0x08, 0x40, 0x08, 0x20, 0x00, 0x20, 0x00, 0x20, 0x08, 0x41, 0x08,
    0x41, 0x08, 0xc3, 0x18, 0xa2, 0x10, 0x86, 0x31, 0x65, 0x29, 0x86, 0x31,
    0x86, 0x31, 0x65, 0x29, 0x86, 0x31, 0x86, 0x31, 0x86, 0x31, 0x86, 0x29,
    0x66, 0x29, 0x86, 0x31, 0x86, 0x31, 0x86, 0x31, 0x86, 0x31, 0x66, 0x29,
    0x66, 0x29, 0x86, 0x31, 0x86, 0x31, 0x86, 0x31, 0x86, 0x29, 0xa6, 0x31,
    0xa6, 0x31, 0x86, 0x31, 0x86, 0x31, 0x86, 0x31, 0x20, 0x00, 0x20, 0x08,
    0x20, 0x08, 0x20, 0x00, 0x40, 0x08, 0x49, 0x4a, 0x49, 0x4a, 0x8e, 0x7b,
    0x2c, 0x6b, 0x6d, 0x73, 0x0f, 0x84, 0x55, 0xb5, 0x55, 0xb5, 0x75, 0xb5,
    0x55, 0xad, 0x55, 0xad, 0x76, 0xb5, 0x55, 0xb5, 0x55, 0xb5, 0x96, 0xbd,
    0xd7, 0xbd, 0xd6, 0xbd, 0xb6, 0xbd, 0xd5, 0xbd, 0xd5, 0xbd, 0xb6, 0xbd,
    0xd6, 0xc5, 0xb6, 0xbd, 0xd6, 0xbd, 0xd6, 0xc5, 0xd7, 0xc5, 0xf7, 0xbd,
    0xf6, 0xbd, 0xf7, 0xbd, 0xd6, 0xc5, 0xd6, 0xbd, 0xd6, 0xbd, 0xd6, 0xbd,
    0xd6, 0xbd, 0xd6, 0xbd, 0xf6, 0xc5, 0xf6, 0xc5, 0xd6, 0xbd, 0xf6, 0xc5,
    0xf6, 0xc5, 0xf6, 0xc5, 0xf6, 0xc5, 0xf6, 0xc5, 0xd6, 0xc5, 0xf6, 0xc5,
    0xd6, 0xc5, 0xf6, 0xc5, 0xf6, 0xc5, 0x16, 0xc6, 0x17, 0xc6, 0x17, 0xce,
    0x17, 0xce, 0x17, 0xce, 0x16, 0xce, 0x17, 0xce, 0x17, 0xce, 0x17, 0xce,
    0x17, 0xce, 0x37, 0xce, 0x16, 0xce, 0x16, 0xce, 0x17, 0xc6, 0x17, 0xce,
    0x37, 0xd6, 0xfa, 0xe6, 0x37, 0xce, 0xf2, 0xa4, 0xd2, 0x9c, 0xed, 0x93,
    0x67, 0xa3, 0x23, 0xab, 0x22, 0xbb, 0xc7, 0xab, 0x52, 0xc5, 0xb5, 0xc5,
    0xe2, 0x20, 0xe3, 0x28, 0xc2, 0x20, 0xc3, 0x20, 0x21, 0x10, 0x20, 0x10,
    0x21, 0x10, 0x41, 0x08, 0x41, 0x08, 0x41, 0x08, 0x40, 0x08, 0x40, 0x08,
    0x41, 0x08, 0x61, 0x10, 0x41, 0x08, 0x21, 0x08, 0x21, 0x08, 0x20, 0x00,
    0x20, 0x00, 0x20, 0x08, 0x21, 0x08, 0x20, 0x08, 0x20, 0x08, 0x20, 0x08,
    0xe3, 0x20, 0xe3, 0x20, 0x20, 0x08, 0x20, 0x08, 0x40, 0x08, 0x20, 0x08,
    0x41, 0x08, 0x00, 0x00, 0x84, 0x7a, 0x80, 0x8a, 0x80, 0x82, 0x62, 0x7a,
    0x83, 0x51, 0x24, 0x72, 0x81, 0x18, 0x01, 0x08, 0x21, 0x08, 0x20, 0x00,
    0x00, 0x00, 0x20, 0x00, 0x20, 0x08, 0x20, 0x00, 0x00, 0x00, 0x20, 0x00,
    0x00, 0x00, 0xc7, 0x39, 0xe8, 0x41, 0x45, 0x29, 0x41, 0x08, 0xe3, 0x18,
    0x04, 0x21, 0x65, 0x29, 0x86, 0x31, 0xc4, 0x20, 0xc4, 0x18, 0x82, 0x18,
    0x82, 0x10, 0xe2, 0x30, 0x65, 0x71, 0x28, 0x92, 0x35, 0xd6, 0xb8, 0xd6,
    0x56, 0xce, 0x36, 0xd6, 0x57, 0xd6, 0xf5, 0xc5, 0x2e, 0x8c, 0x52, 0xb5,
    0x77, 0xd6, 0x36, 0xce, 0x36, 0xce, 0x56, 0xd6, 0x56, 0xce, 0x57, 0xd6,
    0xd5, 0xc5, 0xf5, 0xc5, 0x15, 0xc6, 0x15, 0xc6, 0x15, 0xc6, 0xf5, 0xcd,
    0xf5, 0xc5, 0xf4, 0xc5, 0x15, 0xce, 0x15, 0xce, 0xf5, 0xc5, 0x15, 0xce,
    0xf4, 0xc5, 0xf4, 0xcd, 0xf5, 0xc5, 0xf5, 0xc5, 0x15, 0xce, 0x15, 0xce,
    0x15, 0xc6, 0x15, 0xc6, 0x16, 0xce, 0x15, 0xc6, 0xd4, 0xc5, 0x15, 0xc6,
    0x16, 0xc6, 0x16, 0xce, 0xd5, 0xc5, 0xd4, 0xc5, 0xf4, 0xc5, 0xf5, 0xc5,
    0xf5, 0xc5, 0x15, 0xce, 0xd4, 0xc5, 0xb4, 0xbd, 0xf5, 0xc5, 0x15, 0xce,
    0x93, 0xbd, 0x0a, 0xbc, 0x86, 0xbb, 0x6e, 0xb4, 0x55, 0xb5, 0x54, 0xad,
    0x74, 0xb5, 0x54, 0xb5, 0x74, 0xb5, 0x74, 0xad, 0x74, 0xb5, 0x74, 0xb5,
    0x74, 0xb5, 0x74, 0xb5, 0x74, 0xb5, 0x74, 0xb5, 0x74, 0xb5, 0x74, 0xb5,
    0x74, 0xb5, 0x94, 0xb5, 0x75, 0xbd, 0x74, 0xbd, 0x94, 0xb5, 0x74, 0xb5,
    0x74, 0xb5, 0x94, 0xb5, 0x74, 0xb5, 0x74, 0xb5, 0x74, 0xb5, 0x74, 0xb5,
    0x74, 0xb5, 0x74, 0xb5, 0x94, 0xb5, 0x94, 0xb5, 0x53, 0xb5, 0x53, 0xb5,
    0x94, 0xbd, 0x74, 0xb5, 0x95, 0xb5, 0xb5, 0xb5, 0xb6, 0xbd, 0xb6, 0xbd,
    0xb6, 0xbd, 0xb6, 0xb5, 0xb6, 0xbd, 0x95, 0xb5, 0xd5, 0xbd, 0xb6, 0xbd,
    0xb6, 0xbd, 0xb6, 0xb5, 0xb5, 0xb5, 0xb5, 0xb5, 0xd6, 0xbd, 0x0f, 0x84,
    0x0f, 0x8c, 0x91, 0x94, 0x95, 0xbd, 0x95, 0xbd, 0xb6, 0xb5, 0xb5, 0xb5,
    0xd5, 0xbd, 0xd6, 0xbd, 0xd6, 0xbd, 0xd5, 0xbd, 0xb6, 0xbd, 0xd6, 0xc5,
    0xd6, 0xbd, 0x12, 0xad, 0x13, 0xa5, 0xd1, 0x9c, 0x53, 0xad, 0x33, 0xad,
    0xf2, 0xa4, 0x50, 0x94, 0xf2, 0xa4, 0x2f, 0x8c, 0x4c, 0x73, 0xeb, 0x6a,
    0xeb, 0x6a, 0x0a, 0x63, 0x0a, 0x6b, 0x0b, 0x6b, 0xea, 0x6a, 0x4b, 0x73,
    0x64, 0x31, 0x64, 0x39, 0x24, 0x31, 0x82, 0x20, 0x82, 0x18, 0x40, 0x10,
    0x40, 0x08, 0x41, 0x08, 0x20, 0x00, 0x20, 0x08, 0x21, 0x08, 0x21, 0x08,
    0x61, 0x08, 0xe3, 0x18, 0x61, 0x10, 0x82, 0x10, 0xa6, 0x31, 0x66, 0x29,
    0x66, 0x31, 0x85, 0x31, 0x86, 0x31, 0x86, 0x29, 0x66, 0x31, 0x86, 0x31,
    0x87, 0x31, 0x87, 0x31, 0x86, 0x31, 0x66, 0x29, 0x86, 0x31, 0x66, 0x29,
    0x66, 0x29, 0x86, 0x31, 0x86, 0x31, 0x87, 0x31, 0x86, 0x31, 0x86, 0x29,
    0x86, 0x31, 0xa6, 0x31, 0x86, 0x31, 0x86, 0x31, 0xa6, 0x31, 0xa6, 0x31,
    0x86, 0x29, 0x00, 0x00, 0x21, 0x08, 0x20, 0x08, 0x41, 0x08, 0x61, 0x08,
    0x48, 0x4a, 0x65, 0x31, 0x86, 0x31, 0x89, 0x52, 0x49, 0x52, 0x13, 0xa5,
    0x54, 0xad, 0x55, 0xb5, 0x55, 0xad, 0x55, 0xad, 0x55, 0xb5, 0x55, 0xad,
    0x55, 0xad, 0x54, 0xad, 0x75, 0xbd, 0xb6, 0xbd, 0xd6, 0xc5, 0xb6, 0xbd,
    0x96, 0xbd, 0xb6, 0xbd, 0x96, 0xbd, 0xb6, 0xbd, 0xd6, 0xbd, 0xd6, 0xbd,
    0xd6, 0xbd, 0xd6, 0xc5, 0xd6, 0xbd, 0xd6, 0xbd, 0xd5, 0xbd, 0xf6, 0xc5,
    0xf6, 0xc5, 0xf6, 0xc5, 0x16, 0xc6, 0x17, 0xce, 0x16, 0xc6, 0xf6, 0xc5,
    0x16, 0xc6, 0xf6, 0xc5, 0x16, 0xc6, 0x16, 0xc6, 0xf6, 0xc5, 0xf7, 0xc5,
    0x16, 0xc6, 0x17, 0xc6, 0x17, 0xc6, 0x37, 0xce, 0x17, 0xc6, 0x17, 0xc6,
    0x37, 0xce, 0x37, 0xce, 0x37, 0xce, 0x37, 0xc6, 0x37, 0xce, 0x37, 0xce,
    0x37, 0xce, 0x17, 0xce, 0x17, 0xce, 0x16, 0xce, 0x37, 0xce, 0x37, 0xce,
    0x57, 0xd6, 0xb9, 0xde, 0x37, 0xce, 0xb5, 0xbd, 0x54, 0xad, 0x55, 0xad,
    0xf3, 0xa4, 0x4b, 0xa4, 0x44, 0xb3, 0x02, 0xb3, 0xc6, 0xb3, 0x94, 0xc5,
    0x97, 0xb5, 0xd6, 0xbd, 0x0f, 0x8c, 0x00, 0x08, 0x82, 0x18, 0x04, 0x29,
    0x65, 0x39, 0x40, 0x10, 0x20, 0x08, 0x21, 0x08, 0x41, 0x08, 0x21, 0x08,
    0x20, 0x08, 0x41, 0x08, 0x41, 0x08, 0x41, 0x08, 0x20, 0x08, 0x40, 0x08,
    0x40, 0x08, 0x41, 0x08, 0x20, 0x00, 0x20, 0x08, 0x20, 0x00, 0x20, 0x00,
    0x20, 0x08, 0x20, 0x08, 0x41, 0x08, 0xe3, 0x20, 0x20, 0x08, 0x40, 0x08,
    0x40, 0x08, 0x20, 0x08, 0x20, 0x08, 0x20, 0x08, 0x83, 0x41, 0xa1, 0x92,
    0x60, 0x8a, 0x67, 0x9b, 0x41, 0x08, 0x40, 0x08, 0x20, 0x00, 0x20, 0x08,
    0x40, 0x08, 0x20, 0x00, 0x00, 0x00, 0x20, 0x00, 0x20, 0x08, 0x20, 0x00,
    0x20, 0x08, 0x41, 0x08, 0x00, 0x00, 0xc7, 0x39, 0xe8, 0x39, 0x65, 0x29,
    0x41, 0x08, 0xa3, 0x18, 0x04, 0x21, 0x04, 0x21, 0x45, 0x29, 0x03, 0x11,
    0xc3, 0x18, 0xa3, 0x20, 0xc4, 0x58, 0xe3, 0x70, 0xc6, 0x71, 0xb8, 0xde,
    0x97, 0xd6, 0x77, 0xd6, 0x57, 0xd6, 0x77, 0xd6, 0x56, 0xd6, 0x77, 0xd6,
    0xb8, 0xde, 0x53, 0xb5, 0x12, 0xad, 0x16, 0xce, 0x16, 0xce, 0x15, 0xce,
    0x36, 0xce, 0xf4, 0xc5, 0xf5, 0xcd, 0xf4, 0xc5, 0x15, 0xce, 0x15, 0xce,
    0x15, 0xce, 0x14, 0xc6, 0x14, 0xce, 0x15, 0xce, 0x14, 0xc6, 0xf4, 0xcd,
    0x15, 0xce, 0xf4, 0xc5, 0xf4, 0xc5, 0x15, 0xce, 0xf5, 0xc5, 0x15, 0xc6,
    0xf5, 0xc5, 0x15, 0xce, 0x15, 0xc6, 0x36, 0xce, 0xf5, 0xc5, 0xf5, 0xc5,
    0xf5, 0xc5, 0x15, 0xce, 0xf5, 0xc5, 0xf5, 0xc5, 0xd4, 0xc5, 0x15, 0xc6,
    0xf4, 0xcd, 0x15, 0xce, 0x15, 0xce, 0x14, 0xce, 0xd4, 0xc5, 0x15, 0xce,
    0x73, 0xb5, 0xd3, 0xbd, 0x10, 0xbd, 0x46, 0xbb, 0x68, 0xab, 0x74, 0xb5,
    0x54, 0xad, 0x74, 0xb5, 0x74, 0xad, 0x74, 0xb5, 0x74, 0xad, 0x74, 0xad,
    0x74, 0xb5, 0x74, 0xb5, 0x54, 0xb5, 0x54, 0xb5, 0x74, 0xb5, 0x74, 0xb5,
    0x74, 0xb5, 0x94, 0xb5, 0x74, 0xb5, 0x74, 0xb5, 0x74, 0xbd, 0x95, 0xbd,
    0x95, 0xbd, 0x94, 0xbd, 0x95, 0xbd, 0x95, 0xbd, 0x94, 0xb5, 0x95, 0xb5,
    0x74, 0xb5, 0x74, 0xb5, 0x74, 0xb5, 0x74, 0xb5, 0x74, 0xb5, 0x74, 0xb5,
    0x33, 0xb5, 0x12, 0xad, 0x53, 0xb5, 0x94, 0xbd, 0x94, 0xbd, 0x95, 0xb5,
    0xb5, 0xbd, 0xb5, 0xbd, 0x95, 0xb5, 0x95, 0xb5, 0x95, 0xb5, 0x95, 0xbd,
    0x94, 0xb5, 0x95, 0xb5, 0x95, 0xb5, 0x95, 0xb5, 0xb5, 0xbd, 0xb6, 0xbd,
    0x33, 0xad, 0xce, 0x83, 0xee, 0x83, 0xf2, 0xa4, 0xb6, 0xbd, 0xb5, 0xbd,
    0xb6, 0xbd, 0xb5, 0xbd, 0xd5, 0xbd, 0xd6, 0xbd, 0xd6, 0xbd, 0xd6, 0xbd,
    0xd6, 0xbd, 0xb6, 0xbd, 0x95, 0xb5, 0x53, 0xad, 0x33, 0xad, 0x13, 0xad,
    0x33, 0xad, 0x33, 0xad, 0xee, 0x8b, 0xd2, 0xa4, 0xb1, 0x9c, 0x4f, 0x94,
    0xeb, 0x6a, 0xeb, 0x6a, 0xea, 0x6a, 0x0a, 0x63, 0x0b, 0x6b, 0x0b, 0x6b,
    0x0b, 0x6b, 0x2b, 0x73, 0xe6, 0x49, 0x24, 0x31, 0x00, 0x08, 0x82, 0x18,
    0x40, 0x10, 0x40, 0x08, 0x40, 0x08, 0x20, 0x08, 0x82, 0x10, 0x40, 0x08,
    0x20, 0x00, 0xc3, 0x18, 0xc3, 0x18, 0x61, 0x10, 0x82, 0x10, 0xc3, 0x18,
    0x86, 0x31, 0x66, 0x31, 0x86, 0x31, 0x86, 0x29, 0x86, 0x29, 0x85, 0x29,
    0x66, 0x31, 0x86, 0x31, 0x86, 0x31, 0x86, 0x31, 0x86, 0x31, 0x86, 0x31,
    0x66, 0x29, 0x86, 0x31, 0x87, 0x31, 0x86, 0x31, 0x86, 0x31, 0x86, 0x31,
    0x86, 0x31, 0x86, 0x31, 0xa6, 0x31, 0x86, 0x31, 0xa6, 0x31, 0xa6, 0x31,
    0x86, 0x31, 0x86, 0x31, 0xc7, 0x31, 0x65, 0x29, 0x00, 0x00, 0x20, 0x08,
    0x20, 0x00, 0x00, 0x00, 0x00, 0x00, 0xcb, 0x5a, 0xe3, 0x18, 0x41, 0x08,
    0x69, 0x52, 0xa6, 0x39, 0xb2, 0x9c, 0x71, 0x94, 0x74, 0xb5, 0x55, 0xb5,
    0x54, 0xb5, 0x75, 0xb5, 0x54, 0xad, 0x54, 0xb5, 0x34, 0xad, 0x34, 0xad,
    0xb6, 0xbd, 0xd6, 0xc5, 0xd6, 0xc5, 0xd6, 0xbd, 0xb6, 0xbd, 0xb6, 0xbd,
    0xb6, 0xbd, 0xb6, 0xbd, 0xb6, 0xbd, 0xb5, 0xbd, 0xb5, 0xbd, 0xb5, 0xbd,
    0xd6, 0xbd, 0xd6, 0xc5, 0xf6, 0xc5, 0x16, 0xc6, 0xf6, 0xc5, 0x17, 0xc6,
    0xf6, 0xc5, 0x17, 0xc6, 0x16, 0xc6, 0x37, 0xce, 0x17, 0xc6, 0x37, 0xc6,
    0x17, 0xc6, 0x17, 0xce, 0x37, 0xc6, 0x37, 0xc6, 0x37, 0xce, 0x37, 0xce,
    0x37, 0xce, 0x57, 0xce, 0x37, 0xce, 0x37, 0xce, 0x57, 0xce, 0x57, 0xce,
    0x37, 0xce, 0x37, 0xce, 0x17, 0xce, 0x57, 0xce, 0x57, 0xce, 0x58, 0xce,
    0x58, 0xd6, 0x38, 0xce, 0x99, 0xd6, 0x75, 0xb5, 0x75, 0xb5, 0x75, 0xb5,
    0x75, 0xad, 0x96, 0xb5, 0x73, 0xbd, 0x0b, 0xac, 0x43, 0xab, 0x8d, 0xb4,
    0xb6, 0xbd, 0xb7, 0xb5, 0xb5, 0xbd, 0xb6, 0xbd, 0x38, 0xce, 0xef, 0x83,
    0x00, 0x08, 0x61, 0x10, 0xc3, 0x20, 0x28, 0x4a, 0x00, 0x00, 0x20, 0x08,
    0x41, 0x08, 0x40, 0x08, 0x20, 0x08, 0x21, 0x08, 0x40, 0x08, 0x20, 0x08,
    0x40, 0x08, 0x40, 0x08, 0x20, 0x08, 0x62, 0x10, 0x61, 0x10, 0x20, 0x00,
    0x20, 0x08, 0x21, 0x08, 0x20, 0x00, 0x20, 0x00, 0x00, 0x00, 0xa2, 0x10,
    0x20, 0x08, 0x41, 0x08, 0x40, 0x08, 0x20, 0x08, 0x20, 0x08, 0x20, 0x08,
    0x41, 0x10, 0x43, 0x9b, 0xc2, 0x9a, 0x86, 0x72, 0x01, 0x00, 0x21, 0x08,
    0x41, 0x08, 0x20, 0x00, 0x21, 0x08, 0x20, 0x08, 0x20, 0x00, 0x00, 0x00,
    0x00, 0x00, 0x41, 0x08, 0x04, 0x21, 0x20, 0x08, 0x40, 0x08, 0xe7, 0x41,
    0xe8, 0x39, 0x46, 0x29, 0x41, 0x08, 0xa3, 0x10, 0xe4, 0x18, 0x04, 0x21,
    0x24, 0x21, 0x03, 0x21, 0xc3, 0x30, 0x43, 0x61, 0x04, 0x71, 0x89, 0x82,
    0x19, 0xef, 0x76, 0xce, 0x97, 0xd6, 0x57, 0xd6, 0x77, 0xd6, 0x57, 0xd6,
    0x57, 0xd6, 0x77, 0xd6, 0x57, 0xd6, 0x57, 0xd6, 0x56, 0xd6, 0x15, 0xce,
    0xd5, 0xcd, 0xb4, 0xc5, 0x94, 0xc5, 0xd4, 0xc5, 0xf4, 0xcd, 0xf4, 0xc5,
    0xf5, 0xc5, 0xf5, 0xcd, 0xf4, 0xc5, 0x15, 0xce, 0x14, 0xc6, 0x15, 0xc6,
    0xf4, 0xc5, 0x15, 0xce, 0x15, 0xce, 0xf4, 0xc5, 0xf4, 0xc5, 0x15, 0xce,
    0xf5, 0xc5, 0x15, 0xce, 0xf5, 0xc5, 0xf5, 0xc5, 0x16, 0xce, 0x15, 0xce,
    0xf5, 0xc5, 0xf5, 0xc5, 0x15, 0xce, 0xf5, 0xc5, 0xf5, 0xc5, 0xf5, 0xc5,
    0x15, 0xce, 0x36, 0xce, 0x35, 0xce, 0x15, 0xce, 0x35, 0xd6, 0x15, 0xce,
    0xf4, 0xc5, 0x52, 0xb5, 0xd4, 0xc5, 0x11, 0xad, 0x0b, 0xb4, 0x46, 0xbb,
    0x11, 0xbd, 0x74, 0xad, 0x74, 0xb5, 0x74, 0xb5, 0x74, 0xb5, 0x74, 0xb5,
    0x94, 0xb5, 0x74, 0xb5, 0x74, 0xb5, 0x74, 0xb5, 0x74, 0xbd, 0x54, 0xb5,
    0x94, 0xb5, 0x94, 0xb5, 0x94, 0xb5, 0x94, 0xb5, 0x95, 0xb5, 0x94, 0xb5,
    0x95, 0xbd, 0x95, 0xbd, 0x94, 0xbd, 0x94, 0xb5, 0x74, 0xbd, 0x94, 0xbd,
    0x95, 0xb5, 0x94, 0xbd, 0x74, 0xb5, 0x74, 0xb5, 0x74, 0xb5, 0x95, 0xb5,
    0x95, 0xbd, 0x94, 0xb5, 0x11, 0xad, 0x11, 0xb5, 0x32, 0xb5, 0x53, 0xbd,
    0x53, 0xb5, 0x74, 0xbd, 0xb5, 0xbd, 0xb5, 0xbd, 0xb5, 0xbd, 0x74, 0xbd,
    0x94, 0xbd, 0x94, 0xbd, 0x74, 0xb5, 0x94, 0xbd, 0xb5, 0xbd, 0x96, 0xbd,
    0xb5, 0xbd, 0xb6, 0xbd, 0xf2, 0xa4, 0xce, 0x83, 0x33, 0xad, 0x75, 0xb5,
    0xf6, 0xc5, 0xd6, 0xbd, 0xf7, 0xbd, 0x17, 0xc6, 0xf6, 0xc5, 0x17, 0xc6,
    0xf6, 0xbd, 0xf6, 0xbd, 0xf7, 0xc5, 0xd5, 0xbd, 0x94, 0xbd, 0x54, 0xad,
    0x13, 0xad, 0x12, 0xad, 0x33, 0xad, 0x13, 0xad, 0x8d, 0x7b, 0x53, 0xb5,
    0x12, 0xad, 0xad, 0x7b, 0x6c, 0x73, 0x4b, 0x73, 0x0a, 0x63, 0x0b, 0x6b,
    0x0a, 0x63, 0x0b, 0x6b, 0x2b, 0x63, 0x2b, 0x6b, 0xe6, 0x49, 0x00, 0x08,
    0x20, 0x08, 0x61, 0x10, 0x40, 0x08, 0x40, 0x08, 0x20, 0x00, 0x20, 0x08,
    0xc3, 0x18, 0x61, 0x08, 0xa2, 0x18, 0x61, 0x08, 0x82, 0x10, 0x61, 0x10,
    0xa2, 0x10, 0x24, 0x21, 0x66, 0x31, 0x86, 0x31, 0x86, 0x31, 0x66, 0x29,
    0x86, 0x31, 0x85, 0x31, 0x66, 0x29, 0x86, 0x31, 0x87, 0x31, 0x86, 0x31,
    0x86, 0x31, 0x87, 0x31, 0x86, 0x31, 0x86, 0x31, 0x87, 0x31, 0x86, 0x31,
    0x86, 0x31, 0x66, 0x29, 0x86, 0x29, 0x86, 0x31, 0xa6, 0x31, 0x86, 0x31,
    0x86, 0x31, 0xa6, 0x31, 0x86, 0x31, 0x86, 0x31, 0xa6, 0x31, 0xa6, 0x39,
    0x65, 0x29, 0x20, 0x00, 0x20, 0x08, 0x20, 0x08, 0x20, 0x00, 0x00, 0x00,
    0xaa, 0x5a, 0xc3, 0x18, 0x61, 0x10, 0x0c, 0x63, 0x69, 0x52, 0x6c, 0x73,
    0x74, 0xb5, 0x54, 0xad, 0x33, 0xad, 0x54, 0xad, 0x54, 0xad, 0x33, 0xad,
    0x53, 0xb5, 0x54, 0xad, 0x54, 0xb5, 0x95, 0xbd, 0xb5, 0xbd, 0xd7, 0xc5,
    0xd6, 0xc5, 0xb6, 0xbd, 0xd6, 0xbd, 0xd6, 0xc5, 0xb6, 0xbd, 0xb6, 0xbd,
    0xb6, 0xbd, 0xb6, 0xbd, 0xd5, 0xbd, 0xd6, 0xc5, 0xf6, 0xc5, 0xf6, 0xc5,
    0x16, 0xc6, 0x17, 0xc6, 0x37, 0xce, 0x37, 0xce, 0x16, 0xc6, 0x17, 0xce,
    0x58, 0xce, 0x37, 0xce, 0x37, 0xce, 0x78, 0xd6, 0x37, 0xce, 0x37, 0xce,
    0x37, 0xce, 0x78, 0xd6, 0x99, 0xd6, 0x78, 0xd6, 0x78, 0xd6, 0x78, 0xd6,
    0x78, 0xd6, 0x78, 0xce, 0x78, 0xd6, 0x58, 0xce, 0x78, 0xd6, 0x78, 0xd6,
    0x99, 0xd6, 0xb9, 0xde, 0x98, 0xd6, 0x17, 0xc6, 0x55, 0xb5, 0x95, 0xb5,
    0x75, 0xb5, 0x75, 0xad, 0x96, 0xb5, 0xb7, 0xad, 0x31, 0xbd, 0x29, 0xa4,
    0x32, 0xbd, 0xd7, 0xb5, 0xd6, 0xbd, 0xb6, 0xc5, 0xb6, 0xbd, 0xd6, 0xc5,
    0xd6, 0xbd, 0x78, 0xce, 0xa6, 0x31, 0x40, 0x08, 0x82, 0x18, 0xe7, 0x41,
    0x07, 0x4a, 0x61, 0x10, 0x40, 0x08, 0x41, 0x08, 0x41, 0x08, 0x20, 0x00,
    0x20, 0x08, 0x20, 0x00, 0x41, 0x08, 0x41, 0x08, 0x20, 0x08, 0x62, 0x10,
    0x04, 0x21, 0x20, 0x00, 0x20, 0x00, 0x20, 0x08, 0x20, 0x08, 0x20, 0x08,
    0x20, 0x00, 0x00, 0x00, 0x20, 0x08, 0x20, 0x08, 0x20, 0x08, 0x20, 0x08,
    0x20, 0x08, 0x00, 0x08, 0x00, 0x00, 0xa5, 0x7a, 0x20, 0x82, 0xc6, 0xa3,
    0xc1, 0x20, 0x20, 0x00, 0x21, 0x08, 0x41, 0x08, 0x20, 0x00, 0x41, 0x08,
    0x41, 0x08, 0x21, 0x08, 0x40, 0x08, 0x81, 0x10, 0x61, 0x18, 0x81, 0x10,
    0x82, 0x18, 0xe7, 0x41, 0xe8, 0x39, 0x65, 0x29, 0x42, 0x08, 0x82, 0x10,
    0xc4, 0x18, 0xc4, 0x18, 0xe4, 0x20, 0xe3, 0x30, 0xe3, 0x50, 0xe2, 0x60,
    0x48, 0x82, 0xf9, 0xde, 0x97, 0xce, 0x77, 0xd6, 0x77, 0xd6, 0x77, 0xd6,
    0x77, 0xd6, 0x77, 0xd6, 0x77, 0xd6, 0x77, 0xd6, 0x77, 0xd6, 0x77, 0xd6,
    0x77, 0xd6, 0x56, 0xd6, 0x57, 0xd6, 0x57, 0xd6, 0x16, 0xce, 0xf4, 0xcd,
    0xf4, 0xc5, 0xf5, 0xcd, 0x15, 0xc6, 0x15, 0xce, 0x15, 0xce, 0x35, 0xce,
    0x35, 0xce, 0x35, 0xce, 0x35, 0xce, 0x15, 0xce, 0x15, 0xc6, 0x14, 0xce,
    0x35, 0xce, 0x35, 0xce, 0x36, 0xce, 0xf5, 0xc5, 0x15, 0xce, 0x36, 0xce,
    0x15, 0xce, 0x15, 0xce, 0x15, 0xc6, 0x15, 0xce, 0x15, 0xce, 0x36, 0xce,
    0x15, 0xce, 0x35, 0xce, 0x56, 0xd6, 0x36, 0xce, 0x35, 0xce, 0x56, 0xd6,
    0x56, 0xd6, 0x35, 0xce, 0xf5, 0xc5, 0xf4, 0xcd, 0x10, 0xb5, 0x10, 0xc5,
    0xa8, 0xc3, 0x6d, 0xc4, 0x94, 0xb5, 0x74, 0xb5, 0x74, 0xb5, 0x74, 0xb5,
    0x74, 0xb5, 0x94, 0xb5, 0x74, 0xb5, 0x74, 0xb5, 0x74, 0xb5, 0x94, 0xbd,
    0x75, 0xbd, 0x95, 0xbd, 0xb5, 0xb5, 0x95, 0xbd, 0xb5, 0xbd, 0xb5, 0xbd,
    0xb5, 0xbd, 0x95, 0xb5, 0xb5, 0xbd, 0x95, 0xbd, 0x95, 0xbd, 0x95, 0xbd,
    0x94, 0xb5, 0x95, 0xbd, 0x95, 0xb5, 0x95, 0xbd, 0x94, 0xbd, 0x74, 0xb5,
    0x94, 0xb5, 0x74, 0xb5, 0x95, 0xbd, 0x95, 0xbd
};
