S010000052413850315F41492E73726563DF
S3150200000060100222E9E80102D1E60102F3E80102E8
S31502000010F3E80102F3E80102F3E80102F3E8010260
S31502000020000000000000000000000000F3E80102EA
S31502000030F3E8010200000000F3E80102F3E801021E
S315020000406BC0010277DB010273D6010201D80102FD
S3150200005021D9010209DA010267E0010271C6010231
S311020000608BC50102F7C6010249C7010266
S3150200006C01000000981002220000000000000000AF
S3150200007C0400002200000000000000000000000046
S3150200008C10400000010000000000008C97B7D89ABF
S3150200009CDB8BD86C9FA562704CE40EF645627ACA6D
S315020000ACCF877A9164ECD6125616A5055ED5F5C79E
S315020000BC23DEDEFA79CCCD7685C7AD1EB8A39424A1
S315020000CC89F1C2851B6A79432FC6BC743791220407
S315020000DC529E269C389D62F1E7AE735C9C6FE7B22A
S315020000EC190FF8AAA7AB2B355B21C0509B5D539118
S315020000FC0970A2FDF51AA735A229FEA794406A77C4
S3150200010C793E9F28561CACA85123C732F35EA9D25E
S3150200011C03189FD6AC18F8F9E07782FA0E9A73BDDB
S3150200012C050A7148FA1E5C4B7B1EB051E16AEB1054
S3150200013C37B19091DD438285EA18EB9315ED475161
S3150200014C02AAD721A5B7D74A432E65968D052AD47E
S3150200015C5E0125AD9145B4BC49F66E3FC1936597D8
S3150200016CE592A339E4F3AE7272D8FAB31D4CC4D03D
S3150200017C6965ACE13F9450E1F7B196B9A88088F471
S3150200018C3BA4656C9E9B7904784DB7A9494A629E3D
S3150200019CBF6DE0221A4C17915A978D9308A7F8A6B1
S315020001AC526E38E5245E186FFBE442CE89B472199E
S315020001BC19EB5AB678FFD726E7DE0929829D2A1F44
S315020001CCC7D9DDCE699123680811FBB25F746BB88F
S315020001DC0CDD5DF904DB3B02C35CF1BABF2B568521
S315020001EC7D0D56332D042BCB7639DF58F1ED9BB4AE
S315020001FC9808C82A809F0C93B23CFEEF449DAD89A9
S3150200020CDD97C0BAF64F8D653635382F37F191BD6D
S3150200021C737DF83AAE41150E0E6F7C4FE1B2F96062
S3150200022C9E2D8A06DA11BEAD7A74AD899BE5B6FDB2
S3150200023C783774A9E84323053AC2E151E762A596D9
S3150200024C53D485A100DF4F466CCCE22FAEF374AFCC
S3150200025C7B37C9F23ABBE1415036F5847806B6359E
S3150200026C276CBA5FA57637472F96CEDDBF1EAC84B8
S3150200027C46212CB7B4657690D72E34252A7C1F5B83
S3150200028CB8F007C3BFBF17E73715BF8DBB950BF683
S3150200029C354A493DAD1910048EED02ABD5C8FB4863
S315020002ACB4962E10837C94FAC9E09B5637F6743BAF
S315020002BCE0F37EF0B7CC7CA1B5DF7F4BD8D9319E6B
S315020002CCC503F958DC25C7FBFC7AC07F01A3445E43
S315020002DC69236DD24C3066821E39FB1967DC91F9A3
S315020002EC57F5C9E869C65B5566144D68C63BED21E0
S315020002FC530DF3B9030288C54D25E2144016ADAC75
S3150200030CCF3E6E6BC08ED4DC61BA18454121970E76
S3150200031C794D7C43757486AE71B2DA486E61D32E12
S3150200032C82C9160EA8B234C7D8C7AE422D5F119633
S3150200033C0245E45E2232C775EC0BB7CC7D1378848A
S3150200034CE14E7D936AF52CA57909C86E8E822889B1
S3150200035C24AEA6478A20536425F4282F21E7948BD2
S3150200036C1774E9E11575CCB9E06617E76DB079B388
S3150200037C9453B7C106A2BB3DC42902CB4EF53B75BD
S3150200038C8097F4DB8E7518F39F93DCD228E8FED0A7
S3150200039C152818A0A265F310EF6C7242BAD9BE08E2
S315020003AC4EF51E5A715B6404882FD86689EDAE1918
S315020003BC9BF119DE17740E53163B3C9DD60885032A
S315020003CC836DA6118B4008389440C52160037D1DB0
S315020003DCFB9E3EF95FFD0B684F29D4A3CE7DA3FD90
S315020003EC5E1050C8CD49123DAEA9613EA2AAED845B
S315020003FCDA6C7F8E6D49D2B4BC6A725CF8D45CEC52
S3150200040C650BBD3B7259EFD041FC61F8B2E7E54B87
S3150200041C1EFD3D3F3A1B7DF3E43B5BB0620EEABB2D
S3150200042C1DE1A14522615F5F53BFAE3CCB2B8173AD
S3150200043C4B4DE2D65A3CBD808EF133A28CDE85F052
S3150200044C59C006B326F721FEB573B5129C4AAC27E2
S3150200045C726AB221609A1961F5E512F7048CFA46B2
S3150200046C269742E53768948DF9454574F866063F3A
S3150200047CE381B54F475FE58606C0A05554ECF7DC21
S3150200048C2B0CE6405472E31A835982BD63AE879FE6
S3150200049CF1B5E434AD57A3AD8CE1458B2548DB07AA
S315020004ACA2B54C02755F06878EEC5C168067270632
S315020004BC6C57E79F0247F835B01D19934AB18AACBF
S315020004CCB9F263003AA57499F896D5F6EA04AAB27B
S315020004DC70D0AF82A65507CAEB188A71FD8562B138
S315020004ECCE17763AD3698A9FE3E3E19E542267FBE1
S315020004FC8BDF9F8061EC8A8A1EECAED449F70BEB3C
S3150200050C1D091B2C51633FF3904CE82994E2997216
S3150200051C3CE8942925A95570A0135CB2E93FE00A80
S3150200052C6F0F840F79E82FBD6FE530ACB787854D19
S3150200053C52FF005C9878A66001FAF82CA9534BAED0
S3150200054C3310EC9B4F7A6748A23DE4836E5EED74E2
S3150200055C97566EF897225A18A857A697D2A8676587
S3150200056C09FFFC5A72B8F0A3ACD044F990E3F4C379
S3150200057C1DB245551525C310053D236E4285DEC5B4
S3150200058C2DF56E1E531B9596EFBEF0D90DEF98FB0B
S3150200059CE466C7613625C3AF30A8E6DC0218177FBE
S315020005AC9E94613D182BFCDCE50E4578791D7A7517
S315020005BC82FAF76C19DB0A1E7B4575673C660FAB34
S315020005CC1F58DBB666A36166056E5F9DA911A0D2A4
S315020005DCE9A7ABB95289501CD567C6674752B6070D
S315020005EC8FBC661C879B15B4AAA207F5E31AAEDD6F
S315020005FCE4070088EF67F586CB5DFD305A04D98493
S3150200060CC5D7B85FA2394E14891546380219064366
S3150200061C2410831039DB5E290E8FE9C6E274E527B6
S3150200062C5533B66E6D874D5912C86BC063ED2907EB
S3150200063C59E51864DFE0AAB031FCEBC2945D748014
S3150200064CA460415D8D42217E33AE83461886DA1E46
S3150200065C65283B0B95F8BF009B2D949C2B14AFE1A0
S3150200066CFAB89BF75481CD4CD68C6AEE6A85EF4468
S3150200067CB8E0085F6D00183FFA5193DBA4755D7103
S3150200068CAA5692E1C6F1E6FD6760E5F710CAAFAC71
S3150200069C3B3E8937C52ABFECB84B7B73317E34C7D8
S315020006AC89D87023F96D4DD714D1BA1AF928C84DC9
S315020006BC3F13096C681BE0916E3F4898EF1EC5F913
S315020006CC9CEE0064EE3DAC40397B060A01A3ED6854
S315020006DCB160B4CF98B589F4745A99E5A7C55F5B36
S315020006ECAB9F744915DF3B1C1436522E9C675EBEBB
S315020006FCB986AD7C25002B6C1010433559EE163796
S3150200070C9ADBB6CD2828579BBA1DA9BADAA38DCF88
S3150200071C067A0EEA140C844AC1B7086B742CD31BE6
S3150200072CABD18B7996E1E5BB93686B5FB3845BE3E4
S3150200073CF9BCDF0128B1AFEB08B5E22DD87B8223D9
S3150200074C205B9FEF3DECA148B1561B997AF6952595
S3150200075C404133DFA37DC2E65B2FB5889653CF515A
S3150200076C3472CB6E445B4CEAFABB0BBA304A8593B5
S3150200077C60C73DCBAF58ABC5F6BCE024FFDD5C7061
S3150200078C0B7C53727F912C9F157F73DDEEA0C36693
S3150200079C4F6AE3CFB2597636430F93E031EBBD1E67
S315020007ACEF55A82CB91D2AE6BF0E7FFB161862DD83
S315020007BCBA91945E4E57FDC19250F1A88F84907CEB
S315020007CC0DE61A8D9DD3BBB93E09F6C5BD373CE77E
S315020007DCA40A5655BA199579C1D1404CEE26FE5447
S315020007EC2AD08323DD3A59113EB4BB65FA4F80B742
S315020007FC645664BACBD0B43751F9F929E44AB32E0C
S3150200080C7058357AAA85C0DA9AE37E381E9FC81CC0
S3150200081C7D75DA522251F77B7DBA121147E1E7BC9C
S3150200082C552DF8F071815DFFCA327788134AD44D83
S3150200083CCA9783EB02CE22B9B68F97ECB37E5CDFF6
S3150200084CA1D56F3669C56A0308520F3AD981B2BC73
S3150200085C3A191E830AF07A3A96ADE597EB025D7960
S3150200086CEEB58B0B92E12D851D073E391FF439959A
S3150200087C8A1BDE49CB740805B2690B7DFF3EC8960E
S3150200088C3BC07D3CBE9ED6A33AF222C7EED9AB7DC7
S3150200089CE02F3BFE20215978401112F1A4F740B803
S315020008AC73594941EB437320E1860B24895173A09A
S315020008BC53BA4C06446E33A67EDA587954F8104471
S315020008CC0303E97B6941ADD2733B334FEDCA1FB7C4
S315020008DC7B8E17B43A6BAF0186028C82D5150F0D3F
S315020008ECE7F7A6DBA4260700E8F107472F2FE5B1A9
S315020008FC201B6543C2F990A3BB85316569C67F246B
S3150200090C3EF7FFDCAB9EE20A64B3ECE94086285A5A
S3150200091CC91EF9C10FE2191951C28604B4F7F49D26
S3150200092C1E8D5B4B44EDCE4429D4E0FCC6C8E28452
S3150200093CF810927875707C33E56C355B6029A4707F
S3150200094CB7430E85FA0954E734D04E8DFCDAABF672
S3150200095C3E1C33A113FF5CFCD29A46205E95C20064
S3150200096CB23269F42A54E4A3934741F23CBA725464
S3150200097C67CA111BF164C9387FAF531A2E652A4612
S3150200098C3D813859B5B4C5065DA2283BA54455CC64
S3150200099CEEF4C951FCD3E31A01A20FC0E5271E6D72
S315020009AC98E45A1A08041597C46FD7CC5CEC3F4CE2
S315020009BC7E63267C9D96BDFBB4B2EE639A4398F198
S315020009CCBC22B9B847ECCCAAE76CC732D95ED9B40B
S315020009DC3FA6D3EDB8DD52D0ACE9AC46CD5E006194
S315020009ECA58FACAB9349C70424664D4EC1F157E3B0
S315020009FC9ADC9FA74C58758CAFD0C619A5CD620A46
S31502000A0C08D1E6CE020D1AA0C8800F2BE225E5C549
S31502000A1C0E91F3FB83FB00FE851E61F0FC3E4275D4
S31502000A2C72C11834E090092FC51A471D235BB30116
S31502000A3C9F6C09AA63668E155B10A147762BA5F7E8
S31502000A4C9C2633CE56964D91FA833EF83A5D0EC9E4
S31502000A5CF28E7965FDF4BF99081ECB6AE8C8BCB163
S31502000A6C44EA254231C2FE758092FFF4A8FAEEDC06
S31502000A7CA45B3FE350A3E76EEC09A3C5198042C9F8
S31502000A8C2DBF9ECB274C70CD8D8C3A793AAC440552
S31502000A9CE51A904A20FB3423EF545F0D59547852D1
S31502000AAC64F256D85D61DD06B1D404A9F527D2FEEF
S31502000ABCEB193DDDB04BFA6F20CBBFAD3EF0829FFA
S31502000ACC4019A6E2B0C40AB68C0DA465922A46D287
S31502000ADC38B327E2C2F7CAC68CFE889D5C0913039B
S31502000AECFB57DED234DD6CF5A7108D0B40E9524E66
S31502000AFCC98E29FB146683AA38663BC486877F3C5B
S31502000B0CED458042328806B415F36BB184C7A52B2A
S31502000B1C785FA86900AF034BCD4D9D5BC1CF609347
S31502000B2C99137814B95F19C41EB0D0B51AC4F64914
S31502000B3CB68C868BE2BDDDF4C647CCCBC8A89194A5
S31502000B4CBAC675F1CD09BE25DDC1ED1503847A3819
S31502000B5CEA462BB30A076EDF6E718780788AB2A5D6
S31502000B6C8A588A19AA51852B0F8ECF5149F5E6F769
S31502000B7CA49EC39E50FC27E3A6C356506E5DD93382
S31502000B8C057CCBFDECE9811E240665E626891F331E
S31502000B9CF6AC4DA4441FC542870FDF35FF21143135
S31502000BAC24AFF10C361A0B22DC51124CF641C2C0A0
S31502000BBC67FF1088B6F19165261BA068A84BF27EDA
S31502000BCC75A88376E8EF3FE243B3EE7D5F21C565F8
S31502000BDC56B437484F1A81E838B5BA9D13CA8DD523
S31502000BEC937B50E10BEA8345109BD986F38943F03C
S31502000BFC194E49FB32E60275E4D1C9C44DADA55175
S31502000C0CF832C9ABBFD79B045EA4957128E509528D
S31502000C1C6479278327237AB62DD4330E934A750922
S31502000C2CB7F476AA4EF6A2887BCDFA5F3F5AAC6031
S31502000C3CFCA8ED5C40E6B8FB6207C231201CF90A3F
S31502000C4C263AB37258D62F38647EF8ED1DAA08CC14
S31502000C5CCB8DD1FA7C96F50BA0329767D59900C548
S31502000C6C326949B572CA1F51DCFAB7A6C5E1178EAD
S31502000C7C80BD1EC546E8EB26C58EC56DC0EC671A4F
S31502000C8C16FBEEE0B112C77DCAB7D2BC61E8EFCC57
S31502000C9C784F377F83B3A42351311B7B744C7CDC96
S31502000CACC5961259ABD925CEAEFF57D8D86A742041
S31502000CBC3BD7C30FFA59A2EB22F534A361B07F0AD4
S31502000CCC05837B8B79576F114F3AF45BAA6FC997E1
S31502000CDC83B85D515F5445058C0ADA420ABDC0A041
S31502000CECC8C565C4BEDB63B850FA3CE6CD9607961A
S31502000CFC3D084DFF9B216DBDA9D2245F5732871942
S31502000D0C9FBF457342B60BEAD22507EB5C692E4EA2
S31502000D1C80F1FBFD6B3295A8971B0EA6B8D3C6AF16
S31502000D2CBB6A25627464659662E111EDCA0D012EE9
S31502000D3C291CB2313A58D8819AA1C0BB39E3C0FDFD
S31502000D4CD6A98AD807C7544E97E0F00A37000B4645
S31502000D5C98768AA3681AF4AC15CDF32F086A89859E
S31502000D6CF27376CC1CF5F7CC7313D0CEAE11673C6E
S31502000D7CFB27A832C18705AB9B78F1F53D3D40C3F5
S31502000D8CD9DEF28F5F74AC98EA6D188E7C6AC766F0
S31502000D9CA6B22017DC2A9ED9F3C59A48D060FCED80
S31502000DACC9D17D9D9638920B0C6E62AC6CD421DA4D
S31502000DBC0A08013E5B563E308ECDECC409846FFBAD
S31502000DCCAA2415E69C1D5E29C3B23F1C1F901B6B01
S31502000DDC7EBA8FE638C58DD9B7083F4F0283D46ADF
S31502000DECD73B604EF0F2D34B515A990067D81D2768
S31502000DFC6934D74185E29B345CCC2DCE91ED8D1DA9
S31502000E0CF43702BEE532ED493D2A0B2CD97B2B1C5D
S31502000E1C6552746D53066D634F18867E0AD397D14D
S31502000E2C2714F999A5D5023C0AC345E4C3CE171B70
S31502000E3CA9028D316F452D9D086283B4835A03270F
S31502000E4CA4505CE27BF57535B2C981455EE3322A64
S31502000E5C07AA39159FF942B3ADD7F091417AC69FCD
S31502000E6CA7876678B4C2472D4C2B666E6C528D12D0
S31502000E7C62D8DBC5A28BE9FA5D12FCC4B644C45E29
S31502000E8C9338E1C91924C7D7A6A9D70FE1CF77A002
S31502000E9CF6E7D0BFDE8F03D6F247418CA14B74F72F
S31502000EAC9C399404C5538D808F07978F37DFAEB468
S31502000EBCFB9FEDF43CF5FAD3D49BF77CF903779BB5
S31502000ECCA0FD44D13557722640C8DABE0EF74ADF6A
S31502000EDC2D8E1919827BDA506F83434DE1DCEBD8E8
S31502000EEC8150A8990F6E57E8632F81B2D9F8CF2C8F
S31502000EFC023327B160C7837D9B9C2436B27AE41CED
S31502000F0C39528A48FD71A4EE172EC566829D1CF2D3
S31502000F1C8322C1EA1D145B7B157426350D58397470
S31502000F2C74DDCAF4AF8496DEFC9B7659EA315669B7
S31502000F3C6D85650B9825EE99C439D5D6CA53F31A25
S31502000F4C1D15D0EFAC1E082466DC51411AAA4FD1EE
S31502000F5C1C9B00F5E3B5281C7C8E0EB7CFCDC106C3
S31502000F6CD1B8B6D3D9BF4C8345750A8CF8B44EECBE
S31502000F7C3A9D11E36EB3CF115180C749C649EF5B57
S31502000F8C41509594EDAF3C442221610FE993BF2F5A
S31502000F9C0902C5ED7389AA17B5D78DFBB272A20ADF
S31502000FACAE1E1A61C1E27D2530D24F039E75F6A4A0
S31502000FBC300FE59DA5F17F295EBA279B1E2F2101D5
S31502000FCC3A02DA883EF15BA4EEB67A7E9794D42086
S31502000FDC24E088C219FF8A4C983A8B205DF6D9C751
S31502000FEC4F2AC38D7269CE26CA29D2F6B04EC2F1E9
S31502000FFCC713C07564213201F88D411DFAB81AB2B5
S3150200100CD32D36F1D4B8114CDDB56BBBEC57A460BD
S3150200101C845B919D89E6232CABE02D07D6A9106A39
S3150200102CF4CA26B8277A11A4268092CF5B79EF856B
S3150200103C5D40ED9A0E4D3893D72B2928426A5F6D87
S3150200104C95446421440A7C068845F676ADB9317915
S3150200105CC2E7FB09262E29561D934ADAB259554484
S3150200106C180FA1D2C6616792AAFB9600A4256CC77B
S3150200107C7ACED0C4968918FA0765829A8B10D068F4
S3150200108CBAB8393DCBF1A1AF3B4984C43D15B8F989
S3150200109C4D0C7FEEE540FCC2F500C54122BF7788B8
S315020010ACF71D5A64286030918CAB05D7C57F6464F2
S315020010BC39244ACECDB60968C584C3AA142AD406E5
S315020010CC2C5122982A7C00B188D15E7D2422DED94D
S315020010DC819359BD88B4CFF72B4BDDB4955D9D65D5
S315020010EC963B38582FF27A4A5B3E3D959442DB7911
S315020010FC8ED5E83AB76DE69C338B96F95AAEBEBDE1
S3150200110C73F7696A245A5A0BAA2F823C842EA5C1FC
S3150200111C468938AAF7D2233B1453B4B5A5645E07A5
S3150200112C136F47E80F68FD55B2FD6EA4EB5D901A7E
S3150200113CB6C981B5D3ECFB37691D25B96634CC2DFE
S3150200114C0051F4D1A98A4F0B7D7643AF6F89A392D6
S3150200115CAC3952D9058F60B660FB696DF7E1F801BF
S3150200116C2608E997FA4F413FBD472C5178BA9B9115
S3150200117C2DC98CD4BDD7AA6AA16B1EEDF4A9241471
S3150200118C9C8A215B8AFCDE03A19CE8B9A84974F906
S3150200119C77DC36EAF4044F91664B07D963A21D89B4
S315020011AC311DCA8A78A1D6F4529562F7D5F611A6E4
S315020011BCD2813477A7E38807CA1DC41A93C1945601
S315020011CCBBA39C9A8F627F88F5A538F06F936B9DB3
S315020011DC9611AFF339878FCDEB0C3B6B1C41474411
S315020011EC8DCA739F7070A702EAF72FF65937620AF7
S315020011FC2787E3F3EEE9FF953C4D125425E5D27DA4
S3150200120CED215B3FF646CC1F5A76D9EAA4AB721295
S3150200121C7301F6464B5CABC6CDF7626376AFA4FEA2
S3150200122C96BEBBA2DB138A52F5E9473311D762B2DB
S3150200123CF65DC387328AFAB6B384CC220DC6B96878
S3150200124C7BF6CB48B7432D55EB9293E5622D3A4785
S3150200125CC894F874BC729CD2F3ECB67B74AF52CDC4
S3150200126C3084DF4BB9A3FA9513E6500D68E8F6887D
S3150200127C9704AE5845B9417D57FA156CF05367D2AF
S3150200128C338C58AE32CE41ABC16C3C1FB29497E54F
S3150200129C256BC3E9DA80F49EF5D5B4904A1709FB9F
S315020012AC633EBBB5F0811D7A8A3E79B80B1CA6FD4E
S315020012BCDFD87688856C2D491F809DE1B74649801B
S315020012CC7F3CF55608303CFD1A92D2BBFE19285DBE
S315020012DCC0E44915542AEEA0B69FCFD674EF532418
S315020012EC2342A06DAE00EE112039BC7B8B4075E01B
S315020012FCC0539BEC1AF96B73FE3AC44AC3C6EC454F
S3150200130CBA61D97A669366FFF53BC15A78437D5C1E
S3150200131C04193A5C78E34B4CFB5F1DF181BA0284EB
S3150200132C45C6391F9A76E31E913BA424475C4F614E
S3150200133C7FF291438B7842CF25D05EC0C849987E06
S3150200134C2E2F3B30E76F65BDDA86FAE25BD40308D3
S3150200135CBA917C9BE3F62B053E877834220D5C967C
S3150200136C03C5CDC619079868430B073F1C31B23724
S3150200137CE4560D4748F6655AFAE4712ED3C3470F65
S3150200138C7776D301C4CF3DF340088CEFF0C61E5BD3
S3150200139CC5E8BC4BD968E318E2A8E607FB7C55AE58
S315020013ACEDD2F226A5C1AAB85B8FBE959A17C9993A
S315020013BC2761D0DEB9508B93426D19E07C4125141E
S315020013CCC3BFEC69D296540625F302E0A99F3004FA
S315020013DCB76093FA78AEC429FB7520F78C88500651
S315020013EC079E0745931915670B8E2C04758F808201
S315020013FCEACB6B6C1B8D3BBDF2E598615A9AE4B154
S3150200140C4C0BE1CC1F60F0ABF07858B304B95A31EF
S3150200141C2EA944D9A03C71C2BCA2A3F44C425227B9
S3150200142CCC4F884220C196BB23ABDE3721DCABF412
S3150200143CE58819A68780F548474947507830F2E681
S3150200144CCDDB45763B5E32F06E38CE8D260D9D3069
S3150200145C789AA5A96794C2DE52FEB8C3F57794D5DD
S3150200146CA21E86AE7C842B2DB0F99B568D9D4EE02A
S3150200147C64816E1DA8D1B95A50FB9DE25EDA7C5B83
S3150200148C14C194FCE586F47855032BB3FADBCB3FF7
S3150200149C4B5001804312F416796B4B4257673A74E0
S315020014AC90F937F1B22379E12814FD816529635D40
S315020014BC71BE376CF6CE6CB896F156887BCDE75278
S315020014CC2A58CB667669411AAF843E1827E3540F25
S315020014DC4A73BA48C4271BC8C4B7412539A1B4CA32
S315020014ECDFC59B17F0AFAAB7DADC8582E2761DF769
S315020014FC62CB4A8F265426D871747117E974F0DFC1
S3150200150C04724203029CE1FE88D1299ED4EA12D0CF
S3150200151CDA7F049774BB5AD8A60E8CC65A72FCA9EB
S3150200152C6DC37C8AA0281968E11390B0ACF4ECCB9D
S3150200153CA4631295154D918A1D4C0ABD6242FAF6A8
S3150200154C8CA9E2117302EEFF0738B850F43578ED28
S3150200155C40A6A681618E56515B9D696B73332AA890
S3150200156CAD5FD7C8BB6A6B822AC9B6720DF780CB40
S3150200157CF3D359F4BB63EF941DB19BAC90F37E4944
S3150200158C824A66EB22CC35340E91D4BE035A3A6F9C
S3150200159CD793EA7752C0AE01066FF056369B26C633
S315020015AC1713AB2855AA86BDFB9620FB917F4A22C0
S315020015BC8FAFDE9AAC97F08BBEF0822123121A27DC
S315020015CC513E5B97D29C803B857DFF7BA27395CD6A
S315020015DCD47826C2DC2A44884AD2AD2D1F772D9B9D
S315020015ECF82FA0C14114E6F259772756FA1D1D6E43
S315020015FC92A8C018EE4E1CD687A52134C52934E70D
S3150200160C3A49FF2DD8FFA64FA31F9976F36FDBED50
S3150200161C9C2222175E17F6E71F73192607989F89D5
S3150200162C5032E79AF857433DDD825D4A403898E1DD
S3150200163CE9272247406209464D35B6C51A544C1C59
S3150200164C8D8ACA20FD5B6DE1855EDFA17783362329
S3150200165CE3A6BADB60177CC033B00BDD521AA24E7E
S3150200166C48B1FC0519BBA5DB8B74006FD747680123
S3150200167C832FB9FAB9DECC441DF6F75EDE4CE227AF
S3150200168CA6E64AFCB453C5B43A55DA1A7D643B8DC8
S3150200169CF71FECD1B77F8A3C5D97E1CBC653C4B337
S315020016AC816D0AF68EC5D95B8104BDA879328F1F6E
S315020016BC0BEE4FFFE5454F4D742A9175C3DD3FB3D3
S315020016CC12D8DC3AB6BAC5EB2B4878B07466804AA7
S315020016DCEBF8FD59081B2F63D77216C0F9F3B4D178
S315020016EC02EEB2794FB8804F23119A5D36B2484654
S315020016FCB2DC32CA4931165499D33D3EE15497575E
S3150200170C38CD01091D123B948D6531A2AE4416E803
S3150200171C66C23C11CDC820F81EF1C8BC5A1FC9932B
S3150200172CAA4816F8F8B7EE9CCDB1D6709E5FEBEFD1
S3150200173C6A54E40A7566C8CA79A6B2F66E1B61E9E2
S3150200174CA65EC879146D431D963F4BBE9405FE22C8
S3150200175CE20693DB119ED22BF3C420F79EEF25EB08
S3150200176C1C015D964041BC903951D8273D71A87E2B
S3150200177C2CFD940A804D92DA62A8EED34FA9E8C2E8
S3150200178CBF7E5D3475CFDF912E2327CE91F5FB58A4
S3150200179C7F4B9D14A0AAB0F5AC22E07C6E19F20820
S315020017ACC7AA46DE4A5666E0F81D053C14E66F8269
S315020017BC989BF009CB20090E18E72722CBD954594E
S315020017CCCCCC015D8F44A1178447D27860D19B7330
S315020017DC1DF8C48A2006C16A51B0033B72B2B780A7
S315020017ECE606C3C68C8F5B158E79E249DCE10248AC
S315020017FCACF1278BCD52D8D0DDB24A69A6A118C757
S3150200180CF9D968D18B2A80D4A20F1433179F131DD2
S3150200181C2F9A674E656D4F50C411D88017F6209CCF
S3150200182C044C22F45D639CB27AA2F8F302EAAD256B
S3150200183C2D156DCFBAE70E7E15B0C3116838E226A8
S3150200184C7699AF32BB0F804DDFAD9B93295476D57B
S3150200185C0D46FE420E8F467AAC724127D48148421F
S3150200186C9564CFBBD0EFE4C6F867BC9796BFCD6A3A
S3150200187C3B5C6422E9BCFDD6F7515EC82C9C49C878
S3150200188C0D6902BF0968AB16258C7A746B40EAE4C3
S3150200189CF062D30AC861D66CEEDC90CC7233D6D623
S315020018AC6F3F49577E135C0E94AE80EC887E0AD845
S315020018BC3CCB54AA1AFA99CD2B4625C97CB16F6634
S315020018CCA313F8360ACC7D3FD0FF59B1687A1C9225
S315020018DC879C0DF84D29AA45BFB5443D8ADF86582B
S315020018ECBB2E630C53981ED3704652EA32C1290F93
S315020018FC5492CA91C833FA556B75E30CEF265C29E0
S3150200190C7D6156BF1BD46629F6C0D2ABC3E419F867
S3150200191C021F231463CCEB29223192E189F029515F
S3150200192CCAD708DB149AD8905893FB4D3C9EE63ED8
S3150200193C922D6469C4B4D79F50F77AA5AC24B22908
S3150200194C4C171730649958D616E46466928EFFCFFC
S3150200195CC14F54986A2C1E79CD2C90767965746E8B
S3150200196C3B3E46225246003D8ABBFDB754957A173A
S3150200197CE190881498045B5A793D8498C3EDDFB8DC
S3150200198CA9C473F3D8A23993599A49DD6D63BECBB8
S3150200199C2AA6E24D8F036C3521B39D945146BB6F3B
S315020019ACF9A92F20096E336A908A21855E5E31C3AE
S315020019BCBA1100090A6BBBE5F747972C12EDCC2B33
S315020019CC065F33BA7942993A6665A3C985E9E8088E
S315020019DCFF2ABAF51697548D85D0430ADF0332F7E0
S315020019EC34D4E7BFAB279D7AB4EF37EF9602B0C07B
S315020019FC4101D7FB8D6A80F9DC5E2F4B0450C5BBC7
S31502001A0C38331DDD409728F843FC162F7BF4B10BB7
S31502001A1CE807BEF11BF688251471927E87DC01A0BD
S31502001A2CC0C6A47C74A5EBBC73BC76002919AA5D4E
S31502001A3C2B0F4F62B2634EEB9A91FAB40BE36471BD
S31502001A4CE6009749F1D0F3E6D359594B06ECF45913
S31502001A5C34A63E47AA19B380F5EC989E70351FAE94
S31502001A6CDBC40B52DA8F56AEE829D9F6B27305FAF5
S31502001A7CB1308F7B402A9302D93C3567566E16E2FB
S31502001A8CC7A2196FE9FC829D455211B0D17E64E161
S31502001A9CE2E5B85E158FC544D2A019FEABD5385D0A
S31502001AAC551823F70B63DB4BEE50B87D2AF400FC7A
S31502001ABC5D4B8B596A83AA02472C4AEF0107A4197C
S31502001ACCD86BEABB9644314E694E5BDF0E39038FF7
S31502001ADC4FFFB5BAA656C3C3E0F4F25FCCB50A13F0
S31502001AECF7E55018E25F228AA74352A6CB8D20B7A0
S31502001AFC825AFB8BB9CF20CFA8B6AB8AD3AC4B1686
S31502001B0C2578D8DC5D9B70F1F543751814A0A917DE
S31502001B1CB7C87741B38965CFE6C9C57E47F9787FE1
S31502001B2CB847884D85BED76FA76BF005454E19DCB5
S31502001B3C2FCD30BF8D058306984F33793DE80E6263
S31502001B4C06495A92BFEAB3BDAADB052EF220578B81
S31502001B5C6FB2CDF4175F2D585384D7AFAF905BB9E4
S31502001B6CEE61C8DC022E73506CC63C5548ABAE49CE
S31502001B7C3D2FBD4C78E314756839CA52210080C1D9
S31502001B8C2F39ED998C062AD58F2FF501D44D57EBAB
S31502001B9CBE43AF80BF687B4BEBED5FC9F6C31F86B6
S31502001BACEED3C375F4778D7EEF3C2BEC0742B33242
S31502001BBCDD3EE5D10FC45A6D7103EDF94A21B0D958
S31502001BCC38C89CF01CC5C1540B3BFF60CD339CB886
S31502001BDCC4D300A56D2F9709F9945D76F833835E0D
S31502001BEC118A9DA2D27AE3F8870B71A8A3E80F3C5F
S31502001BFCF1363DC3A07C9AFDB896DAEC4003342745
S31502001C0CBFAF2F6AF4D6326D86B6A8902B1E62B77A
S31502001C1CC7B44C1D588F3455C2753D6C451A7D2878
S31502001C2C31163A31EDDACD06446EB2CD5D196C3A07
S31502001C3CB4BACEA543902C2B70CB4024CD222BCB01
S31502001C4C535E315008479553C757D1B2B03DC35373
S31502001C5C71C61DE9459C8F1AEE8AAEA02F5076D31B
S31502001C6CD6C818931425EFB2DFE56D40B9F5C8C591
S31502001C7C544C6F9DDC4E031956D2F8AA759D6724F7
S31502001C8C0860BAE0F029B20CA830EE4027C81AA5B3
S31502001C9CAF041204E891AFA2C620E59C153D565638
S31502001CAC8D68DA1D8EF692F99271AA41B9F5AFD109
S31502001CBC23B9FD76DA6978C7A48544A9D49099B676
S31502001CCC4318D760192A413D56331F807604C4F651
S31502001CDC6884B10D31AED3442B1BB3D44832D11A1E
S31502001CECF60EC6BA0DA70A020538EFB42D26DA93FC
S31502001CFCBB36AD730CDE914DF9AFA5704A18C45CB8
S31502001D0C7CD71DF9E0D8CD2906580AD4308DDCC60D
S31502001D1C31C7EB128257497A20F194E5E56C9E188D
S31502001D2C6F67A089BCE73D4B454FE4A0C781B9322A
S31502001D3CAB25847D5CC764C714F9E2610564D800DF
S31502001D4C74D42FA59FC58378A4EB5D07CC1D6D605B
S31502001D5C6315A016D69116376FA079ED88D2533F2C
S31502001D6C2F163AF33FFE6A5F8D755425D3B5796B00
S31502001D7C4ECD5893FD0AA95568CFE5B0C3A1DDAC8B
S31502001D8C299ACDA47A9E118817C1925E637912663E
S31502001D9C6F35CA52370EB8536D6354176A38A23F61
S31502001DAC623A88591325A9BB25572B1FB297FD2DCD
S31502001DBCE70E75294D6B71B18FA44301B8CB06554D
S31502001DCCF1AEB908DF645605EED0FD2F2DAC934665
S31502001DDCDD220CEEC69808E4A74E18D419F1496513
S31502001DEC5FE78155115364FEF5F37A3AF9D6F25749
S31502001DFC45FAD0D958E7A592534B32329487D9ABD0
S31502001E0CF5BD432BAD89D36F3635838DE746DD8819
S31502001E1C02339FE6A256FD9CB01F8AA12E4543F4BF
S31502001E2CD164119B03379CDCADCDD33E87E9D70A2F
S31502001E3CD3C0637517D5C377F710E039A2FE1855D0
S31502001E4C972904CE970BD511BD4C9D0C1EFE2CB0BA
S31502001E5CD88597CE85A9352C6C3894DEA056B472EB
S31502001E6CBF649E0D27B48A8A13AD9747FA6844312C
S31502001E7C646B45A78FF10BA9FE86CB6A9E1BD07AA3
S31502001E8C3827DB95FBBAA2F2904B7365A42EA8E019
S31502001E9C8ED2C3C65A0ECF8EA23C581E2DC87B3686
S31502001EAC74804B869736017E530DA60006E1936A23
S31502001EBC60E8C17F366ED24B34149B4F329B8CC377
S31502001ECC798A39C29528389582E1DB37DD3AA5BF86
S31502001EDC77CFAB3FCF54CAA18C654E9FA87F04C661
S31502001EECF8D854DD6A9C8C9CB7732907604C511048
S31502001EFC0E7074D91698E1AC8730D1439829EFD776
S31502001F0C1447BB8FAE24CB1F92584D544F54E399B2
S31502001F1C5A50D0C4C4178253E9AB4C9A011EC170F5
S31502001F2CC34F32A1D021DBABA8768446A0BFA33027
S31502001F3CD9263A03EADCF37E38841A1DAC1B1C55EF
S31502001F4C3F842AB3DB7FE8D450605407766D2215A2
S31502001F5CC75288FC4BDB7B3C9760586E44C3250802
S31502001F6CAE09711D16A09B6A1DD92248A57DDCB44B
S31502001F7CBA8BFC513E27D38A9824C1F07A8A1F2C3D
S31502001F8CCFB8581A29C5887587214209BFFE5B4608
S31502001F9C87F38B80F180FA17B0F300BBCC84E31E77
S31502001FACFB2C056EDC5CDD8E3113D60A0B82110717
S31502001FBC970FF760780F60627F3DFC30A9678C1E25
S31502001FCCCA59796F80D4C6EE7A4E214A0891A42357
S31502001FDC1B59E30D8061031D458F95A454FC613199
S31502001FECE435A6F23FDDDF9DD7D7A3353EDFCFDE44
S31502001FFC6D3F478237EE40AD74A99D8FE744D3FA05
S3150200200C3472E44F58BA849B5457D04D1C36EC1498
S3150200201C37A042812C3C1D0E940470BDD13056441F
S3150200202CC7039626B0DF783D46F4012A414092DE7C
S3150200203C886DF744B6B1280DFDE358D797151FCC1A
S3150200204CB5F6EE7D4D91CFAEF94450A62679F767DB
S3150200205C9FE729CC94EF6DD6100AE49BD5B234AA2D
S3150200206CD545C96CBD093D18098FD195C933317255
S3150200207C43783E028624BA9F47FE2EA6B71EF0D29E
S3150200208C5D6E7B15E999C53A2C6A34510DA4456EE1
S3150200209C791A4D3778809DCAEE02EC9C9F1D5D9A8B
S315020020AC42D69B3AA57E44C60F2C5A27F4E739B181
S315020020BC4FBC4AD8B38ABC7D718EE9B7B964E318B2
S315020020CCDA22C5F9520D23B6ACF1B321C0B8CF4D05
S315020020DC663C5FDA50E86E58DFA1002D8CCA39E1F6
S315020020EC925116A715E03003FCDBA5926E694D855D
S315020020FC94D274B87680627C3DE6153BAF182DAD52
S3150200210C6CB396912543984B5C9D41458C7FFD554E
S3150200211CC482493A803267BB8662B13BC9DBF4663C
S3150200212C4B1D53B505474C90F19FD5F61E30F6481C
S3150200213CE3EEDBB7EC7388BCF86906688F285F851B
S3150200214C9043E5A273663ADA5BC57225749756B666
S3150200215C7683581D4C80DC6ED8534895E4536C3C00
S3150200216C58BC3636B6CE07FA997007CF4A2BF9CC3D
S3150200217C97F64B844941202954EA7353B67F916EE4
S3150200218C0A6F58C30DEFF0A36CF59930BA9000AFF5
S3150200219C1BB789C19955B9E11D215B47BF773D979D
S315020021ACF74BF9E87C73211904D11EF76058568D4A
S315020021BCC59591CD702624D725B8C208F091410752
S315020021CC877FD199CEA2A4ED0A4C28D8D773CFAA71
S315020021DCAACE93B944CBA9A21BCCF4E892E712532C
S315020021ECDCF8900E399D0B7EFC3B7E883910938D64
S315020021FC31DA4324EC534DA1875B4A6A6A56977BC4
S3150200220CC35F02243632CD1443771CD85417AEA8BA
S3150200221CA66BD9DFF05DACB1DC66438A71C651F7A9
S3150200222CC422BF876621AA0703BFE8FB6C98E81293
S3150200223C0B0F15507F613800BAD7AE77A1FED7E2E5
S3150200224CD88045A03850AD4D1B21338BE314A472B4
S3150200225C3252AFCA2F61A3E63730B6EEFB977D1E1C
S3150200226CA980FF4466BFCFA61A10036AF7E39B68E0
S3150200227C5EBE741D1BDD0780C1F28989E6C49CF81B
S3150200228C77BA9893A45D560AA16E5669E8D239308C
S3150200229C3EBEBD09C7E283AAAF6C55433B2FA4953C
S315020022AC8669E4BE7CE81B4BCAA65E6C400A8A9D14
S315020022BC1A5D0D039E7809179AA04286F78083EF62
S315020022CCC6E170B6F0930540E602191E0651D632E7
S315020022DC83910188196322CC61BBEDB06480A20B99
S315020022ECFC6D517FB172DE013BA71B41820BF08064
S315020022FCDEEB3707F1036696DA8B1B04691A8BD66B
S3150200230C9973E41F5227219C79541706D7A2870882
S3150200231C3A1C21289724C0C26317C726AC720C2319
S3150200232CB8BF937CEBE117092CDAAA27DAEC355302
S3150200233CF282E30619BAF1363DEAA0A9B148544233
S3150200234C0F2BADCD1F700746BFF31CCDCF96FDCD1F
S3150200235C671EA5ACEE52EAB050F606C749902FBEE0
S3150200236C5B774847D70A86AD21246275AAAAE2E4AE
S3150200237C769BEB37CB7913AAD03217BBEAC3B78558
S3150200238C3BDB2B397589A6E434B4F5CE2638DC92C0
S3150200239C42520BA89A856FA04D9E51BCADCC780FBC
S315020023AC7FF20D68B32B83ECCBC88B6B4299203929
S315020023BC8369F4662EC1996E93C146CACC62B27019
S315020023CC82859F00A531F5D833C28C13D7A21E0580
S315020023DCFD88C2293FDAF99D3A10DCA43FE4D1BB51
S315020023EC531DFFAAD09C41A1C2CB924D3B5A1D3321
S315020023FC71752A68D715523E281EB88D3E2FAF53DB
S3150200240C66D163921A8500F1F26F02E2BD93AE6752
S3150200241C6C588AE76E90AF40B884483FD93D852107
S3150200242CD8B0EEC77F52C3688CCB6B046455954EFD
S3150200243C618BCBE5350A45D7898E4C96B5F4882047
S3150200244C1646C13A3878F1946FBABD0DC96D9BEC3C
S3150200245C3D7624D1BA1C3F4A47BCA59FFC7186AB7C
S3150200246C57C508E5D070ACA4BE6120ED9A7B2169F4
S3150200247C1AF0BD00CD548CD62473BF591B969567A2
S3150200248CBB54B644B65009ECE6F57B1923BC7FA8BF
S3150200249C7FA1B5083D4644BF137E1D066B8689D9BE
S315020024ACE6E0B4E6FD869777F03EDADD07CCCBDDC7
S315020024BC3939F2191EB234E94DEA008703A4A31C7A
S315020024CC0E4619896EE1C27B5A97E20E2DF6397EBB
S315020024DC0B29CE56C483ED23DB3201EAA2DF361F6B
S315020024EC0E47FAA24B42700079B3F8317E53B948C3
S315020024FC45278F22822517F7DCBA27F06F92E8540C
S3150200250C9A29627BCA7E10C7C287DD31C7D049259C
S3150200251C5787D60A395E89AB8F23CF860489FFE8A3
S3150200252C23775B14AB2504467ECC0341419CEB140A
S3150200253C4F33F19E631991B7BD72D5470BDF5BAC76
S3150200254C1010F8AB44326AEB6A27589D203E3DF1D7
S3150200255C9E53CB96D7213D7A309B76C57A8E5DB447
S3150200256C59DBBB4CFA5703071C8D3DF8E2BCDFFE68
S3150200257C687466BF7129096CDDA4B47352070651DF
S3150200258C2EAD52654B72E2DBCB44319DE7D88CCE35
S3150200259C4D3D210DF146102D4307D64D47857BA6A1
S315020025ACC8609734B6914FC032B19ADB2A43898000
S315020025BCD77D9952A3AF4622FDCE4B095B63629B34
S315020025CCF36C9CA70F0960DD25132349984B5A031C
S315020025DC8A189EDA7CC637BC17B04C13894C470155
S315020025EC640FE7090632150ED1042F3ED5CC9F0E89
S315020025FC1CFC55A8F6DD2DA969C64E4C82416FAA64
S3150200260CEE90D381942D553BC08C966829F64F8D4E
S3150200261C916EB3F35217E945685826DA36C4324E30
S3150200262C3BDF6210777E8AA7F04F91112D41747BA6
S3150200263C2B51E96A2B179C0393E09F130F4A4AA965
S3150200264C5AD8EC529BA6CE787E0D65687B07C9F6E6
S3150200265C17C3F4569A3C2F660B50205E1BEB67672A
S3150200266CB1BD40286288907ED0979BAE2FDC3E3A55
S3150200267C5F617C0EE29F3FEFED65C6F85199F73626
S3150200268C5E87ADA3EFAACAA3E2302935A43D14BBDB
S3150200269CFA7FB2AB1ACCCB9076781467CD89092621
S315020026ACCBC993E900CF72D29CD4342C3CFE10A831
S315020026BCAB6B31E3DC95C2FE17C08E5E69BEC7BA40
S315020026CCA95014E2FB24415D41A24E7AF9ADCDFF2D
S315020026DC16136BC2DAD159484A41A3705E64298239
S315020026EC7B36CF7ED8D09DE2FFAAFC493DDFC56B77
S315020026FC2F3B692202F633163987FC330ADEF23196
S3150200270CD6BC052A23F0A1A9596A57F6B286FE62EF
S3150200271C5529ECB8BA98D839823F88388B7E900CFA
S3150200272C244A35BC279F30D1AABE3405E0911E70CF
S3150200273CFD5C00FED8A80040C988BA18B1BE59582B
S3150200274CA02B9929BD03B5C73FBAB57C4F4E62641F
S3150200275C49E2BD1FD5073F378385B401D31ABAB2F6
S3150200276C1972AFF2E7E97146BE60F6EBB1944A5EB6
S3150200277C73CC77ECD9ACF73B97D1136BF3B2FE7CE7
S3150200278C65F0D3116F27B2310A38E43C0B2738B106
S3150200279C9137E13C45321666CFF55B5DBE4C311185
S315020027AC3B5A5A3BC8C3F01CC9240147CE49A2D88E
S315020027BCCCCA92940749CD51139759BD8A62498264
S315020027CCC2E3F9A67689F312EA2DD133BA9F051B19
S315020027DCE607925C21B8B0B145CAB1B2149DF97C38
S315020027EC1135DE9150A24B1F6590C519338C722898
S315020027FC7D1EE81C8EE9A399E44055121289C9255F
S3150200280CC2C7537FF2B9D56500B31BAF768FE9D831
S3150200281C2D95AB93DE4EEEEEA7845A645D8AC325E4
S3150200282CDE43F64EC2838FB2E949F122778FF2DA92
S3150200283C9A6B6879E24A6BCF5C1ED12BF9FFA9AE73
S3150200284C528CD5CBE9FF26304FCA9D5755BB9EB548
S3150200285CD3FF231C9F00A9BFDF91B6B0C9C02A7E45
S3150200286C215BE7C52A615E9FCAE40F2885028B416C
S3150200287C01CC6491E8F26D8CE94450C481A8D7D29C
S3150200288CFBABC2735746500E0E4E330BC26E6A39F1
S3150200289C28B44C389614F4D6F50F1DC03CED991B92
S315020028ACE98FFB73BACC699FDF476B00AA7B7DE489
S315020028BCC7E7BC2064DC1908F317EBF72E63341256
S315020028CCC978C90BF704FF8F7F36F59FD055C12106
S315020028DC5DFCD93FEB0FBB47A540A34C275B38CE1B
S315020028EC3A0F295A7A1A11FB4924CE7AEC7ADDC7A9
S315020028FC514587BCEF0691ED4119AF7BA22C145EB4
S3150200290CC5A41724A04AB0AD97D85F979B858D1C9A
S3150200291C9825CFF5D300C17C7BC15A35E075E07E94
S3150200292CD042E2E065EC88BF9102B7A1C83B8F4466
S3150200293CE72F399268720E31FBEECD3D1FC7550655
S3150200294C882E4BD11E8999A5396DA26FB020D02B3A
S3150200295C72EBB2750878A1AA6F03CF88FCE24A6AB9
S3150200296CE4691B7473DAB19CDCBF38B77E0DF9FAD5
S3150200297CBCB464947F0BEBEB7C780EE9346B00935E
S3150200298C7AE4F975CD2D0A6CEE611CBB05D73602BD
S3150200299C807E1344C82A04AA37D5998B693175C02F
S315020029ACAB855CCD3DF6EB6B58517A48D1B0A1F8AC
S315020029BC9E49A376CF9386F4133FAAF62A86D4BAF7
S315020029CC28C8F42AB5F943F935DDE0D73B5369DA61
S315020029DC75E31F44BC2B1BC1DA93881B9D66D4542A
S315020029EC56A9F76B9CA61FCC49B57F9EAFE8333F21
S315020029FC6D811BC12E39C2369BAF73C701E21072B1
S31502002A0CC3B7182BC550B9A183255BF4E6202DC696
S31502002A1CDA51C3BBAA67F1BFFFE6CA983A29AFF3EC
S31502002A2C66881F3DD96855B8F6EFCFE8CC23D3DFBD
S31502002A3C68971568FE76F6CB77D8D4A87A0EEDCEC3
S31502002A4C6606E063037157819D41DA6B16C913451D
S31502002A5CC9D0900321247AEC3478C00DD09C7074C2
S31502002A6CF716A259429D10A0B2E3977E571ABD1DC6
S31502002A7C096ADA2F30EB0836E4609E831F54A0AA4B
S31502002A8CE39A95F0C0D4E59AEA72249DC19FDB4580
S31502002A9CFB2DDD84AE4E46624F00CAAE6A0ED9BC21
S31502002AAC7835AA2AF49936FB496C73DEC90FD182A2
S31502002ABCD1AE5360162126032763ABBE8EFD2E764E
S31502002ACC734B8258C717957360A0F39F8003DCA2E1
S31502002ADC71AA03809AF1CD4248DAB42C76435A3461
S31502002AEC0FE25BCBCF73CB60D703CCB3C4F7D5C79E
S31502002AFCD13B3843B56CFF68253BBCCAECC9A6B4BE
S31502002B0C5701ACEAED56EF07DDA38EBC92ABF5642A
S31502002B1CA9DC055B468963EB7CBA4D1836C6B5E66D
S31502002B2C2BD3177A68D3CF13C2413CDD440AFC651A
S31502002B3C13DC147217155275C3BBE450EEE840F061
S31502002B4C752A17178E4C01787528FA3D23EE35B780
S31502002B5C4799DDB5E300F1253FB174B761DA989573
S31502002B6C4B8ED465E7D1E6DA43737C60890CF8CADE
S31502002B7C70AC1170A4812CE55DE0842DF6D9288207
S31502002B8CDA1B044F0CAF7AE4921B309C2FADB8467D
S31502002B9C4EC1B51A843D5D000B80F8436113CAE140
S31502002BAC5632E5911245489886A79CB9A44B640CFB
S31502002BBCA0DBDDF8D6E240150AC83D7CD1A1A89C63
S31502002BCC1F882AAC439DDA93652456DD39C0ACF6D0
S31502002BDCF7CA149580EAE7A7444F562C7E9A23BC73
S31502002BECCDD240490FE6AA938BB9EDCEC8EE094A6F
S31502002BFC8764DEE604D55F66D5773FB7030F575E6B
S31502002C0C0834EA84DAC56C2168FCFA777DC56F5AFA
S31502002C1C667C51F757B07106EC3BE042C3F5C8C56A
S31502002C2C6CAD9511E5CD542E652643DE0B010410D1
S31502002C3C45EBF04053C6E3A81E1CACCB5435E4B2AC
S31502002C4CB261578B7CF23C42074D104ACF5EBD9364
S31502002C5CAACCE9E4400F04A6EA97FC992ACBA9F080
S31502002C6C19BF0E2B5CF419DD1C4C7E1F87CE64F942
S31502002C7CAA20FCA6D702C3096AC954D092594E722D
S31502002C8C2BC7DEDB1E46FBC84233BC720FB8CDAF78
S31502002C9C8480F7AB7E0CC7493B375914C935DFDC48
S31502002CAC1BE5B088FA7CF2765DF54CF02237FC18FF
S31502002CBCC40DA05B856ACE3FA6EB7CD671BE607B4B
S31502002CCCF8E2EAF155E3104227DD9859B91FDCBE4A
S31502002CDCE8CFEFFCFA7BC740BB105769ED93237F15
S31502002CEC8B29735FE3EAA475628318784962820FB3
S31502002CFC653AF27F9895B47A985D67CD0FB107F273
S31502002D0CA707B1BE2E0FA24A02EA71C647A9E2660E
S31502002D1C4E0C6442287B216C5775BF0711A20F73A8
S31502002D2CCF0486F0DC329D2B14C12C59719C3001D8
S31502002D3CDD6EFB069E35A631E3F8AD4D62D63D6BD4
S31502002D4C68DCF7A914011A1CA9089A17BC38E6C93B
S31502002D5C83BB593E85632CDCE612AE90DE1D4DFE1E
S31502002D6CE47126EA5E2712FD9C0F3E0F3BD2FEC68D
S31502002D7C3D3F833F9D78F8F1F1A069D51CDD3122E8
S31502002D8C029400FCC6185B71A6C390FDE11E936704
S31502002D9C1CC0E198B9E04E1AC18A649BDCD07ED87D
S31502002DAC9B79129AD5027DB023030CA55C81F7F4AC
S31502002DBCD6299C627BDBF683F4D0838127AE88E12D
S31502002DCC600EBBE16A2D05C1D090CA55A3F5D1D7C9
S31502002DDC0A49C133745B22551828B0EFA6E318DFF3
S31502002DEC8B74EECACB5CF6DCCDE8A789E979AC88A4
S31502002DFC803C17176A632FC8DFAE6DD77A73C31F71
S31502002E0CDB85630A646E233375D845212A79806281
S31502002E1C65D8B28FA2794998E33B97854759191B16
S31502002E2CC5CA725CED47FD00C1090740BE54BBB270
S31502002E3C795E8DCBC09646596028F700026293687C
S31502002E4C865DF3CDD118AA1D783BD88340B9BDE770
S31502002E5C2344F2209F82314CA6FCB00A7C305CC023
S31502002E6CB5622B8F5CD04AAA249AABAEAA10E31990
S31502002E7C619B165E64FE74D221EDEB2E049F5B07FA
S31502002E8C5BBCFA0A3BAC9436EB9747468605C4AF55
S31502002E9C3072FAB9110E7E879E0D3224A5C8393AC4
S31502002EAC33177624E724D3D87897EDCA7241B6A0A5
S31502002EBC7CE68B88D2DEB5376AF7D114C0C2CE3324
S31502002ECC4A1DC98F6B517E384C7042FD0BA173475C
S31502002EDC0DFCBD47A4B84C4312C637A40B92E7753A
S31502002EEC6A3E989C54DF86088CBBB8E17C9D4B42AB
S31502002EFC5359EDBFC75D5402AB1BC4492F64B35D76
S31502002F0C95CE87386969FED0CECB1A34545D8828A3
S31502002F1CC917B58D5451E1838A96DB9BE3F09F3C2E
S31502002F2C25E59B0D0407A21B33A4DC8716294A252B
S31502002F3C0087E9F5DE2E3B421E1E889885ED773C0E
S31502002F4C82789AE8F3B5E887B3A3E6BBA6BABC7C4B
S31502002F5C9D485F346EEB910E3E5613B0B2997C6E61
S31502002F6C3D1A702308B2797BA256A65F366D5EAE09
S31502002F7C7B99F4125E287412FF0817C600D9356ABB
S31502002F8C15F8E4DD80DCCB5DEAF4F4BF4F5A3EE380
S31502002F9C98018E92E6857114FDDCBF48DE60987945
S31502002FACBCD1DE98CA908B5CEB47347A3D41A45671
S31502002FBCDD7024D795EEDCD4738657B6E155EF75E2
S31502002FCCA6F0E15A532C9378BCA76220821FFF4DC0
S31502002FDC44E835AC2E383C9A43A96D85C1C28906A4
S31502002FECD93000F7F07F2B13664ED600A5941DFF41
S31502002FFCE997D99C6B535D3CBB8291E604020A911C
S3150200300CCC6D689F21D7E472B9375F6022260C1506
S3150200301CA360A0A0BD43A5EA73B01DAF5FB19B0030
S3150200302C86D04AEA3C044E9910ADAF325AD64DA020
S3150200303C89399DF70237B2ADB17970B9941980F31B
S3150200304C03341D389C8D47590571E309EA3C93C636
S3150200305C76E6233BEEC5B107600B41645F25ED2A8C
S3150200306C37A039DB6BC7605671E09AD7E486F079E4
S3150200307CF00E0126DB15948666ADA49E91DF34A86C
S3150200308C15D431233A2B97EB485A863773E98AF8CB
S3150200309C2FA3DA63BCB01303E325585EF8D5C34DF0
S315020030AC8C0ED360E63D370E85667D59CBBBF5108B
S315020030BC80618F576CA57FE38824C2D0FB9CD30713
S315020030CCF3C425892ACC65686CAAF532C331F35749
S315020030DC578497B7E1AA54D22C6D43E9431BE62FCA
S315020030ECC8AF8C408B2A29E2541135FD6ADC91DE7D
S315020030FC2BA0D13979CC360D9F95087075C0100668
S3150200310CB363897A9D27156A39E96A77D540868829
S3150200311C6D0F554B3BC80CA43D064991C937CCF9EA
S3150200312C60C806207862E67DBA2E13B4ADD7970135
S3150200313CD92278483EFBDB67C32BA81E07E668CF6D
S3150200314C239E768AE7C62D5169A354BC0793292B75
S3150200315C70FCCCCF417D9E9E64C2937571BDBFC57A
S3150200316C5A75F43081992D8DAA80630E0DC751893B
S3150200317CD96E7BD06832E945A0A359638E4D6C415A
S3150200318C527C9BC6FACE62CA0DE25C0C39FB576DB9
S3150200319C813112F817D38FEEDE8577BF2F84ED8A35
S315020031ACA5F3A1BDCC918464E52A4D1DEF4C36B135
S315020031BC293148214A1378D81C3DE433F56420A101
S315020031CCA296A2EC49AEE68FA7B640A997C44B923B
S315020031DC28CE58E689B2A65BD547ACA34CA15506B8
S315020031EC8EBFD738850DC22792A8A585DBD8701B52
S315020031FCB2D4D5A6A6370FBC7CBD981B4A449BA35A
S3150200320CE7619AC3048984DB491C89BBBA761E849E
S3150200321C0848FF442D30DD5F453D933056F630723B
S3150200322C78ADCA5FC591B87FE39C3EB961A931C33B
S3150200323C532539180A56ED7BC6394EC5A5B800E991
S3150200324CC3BA871B21AA63691B428A9A474DAF8769
S3150200325CED930A8755027759B9CA2E5835822658E4
S3150200326C30334633FEBF0AA044EE6B6BEFA24577B2
S3150200327C587982DA117417ED2F9E4315841189FB46
S3150200328CC3667396B46EB528F62054365C9AB28B26
S3150200329C5F54D40B1652B16527C18CBC8138AD3A3A
S315020032AC8FA08AA6828FC71C4449290803C221CE45
S315020032BCA5EBB816A1E711EBC5FF84C73D439643B0
S315020032CC6AB0B2AE7EA9095AA585B64DA598EAC5CD
S315020032DC55B23A6E8286CEC5AF3B6C382A7C2B7EB3
S315020032EC6F06E5946C6AEF9377EA0955421B033431
S315020032FC324E75DD798CFDFE234896111C4D5AFE15
S3150200330CA8BE91EA5498AB46AFF4373A6465674B5C
S3150200331CE1A4A66BB3F52CF7FC184FED81CC1CB6C9
S3150200332C3F5C2AADC7CFEDD4ADCECB512A2F708BD5
S3150200333C1A41ECC8AF0B196CBCC74D14EBAF103B62
S3150200334C4F20DA4E1A0446A12C55E4FE7A19DBE517
S3150200335C537FAB1E19DB6E1C42A5453E1E72639251
S3150200336C2CEBAE4884637533DF572F20B28C2F8F2C
S3150200337CA09F0A3A086E690AFE0A254FC07D92B1D1
S3150200338C47C2C4664BC12BBA31A13024C2498788C5
S3150200339CA7D0E4672BF76CAAAE50598FA9605CE9EB
S315020033AC2D0C883A031862CEAF3043BEB98F7ED449
S315020033BC49FE6E2710267BA2680976D11A6007662B
S315020033CC21924F571B4CC434DDB895C4A09BF53CD7
S315020033DC8DB1DE28BAE08D72827907344C9D3CFCA5
S315020033EC4A96AAA784496753A7322D833C257B9E0E
S315020033FCB4771B9FD812C1E2A4607134D08061EEFF
S3150200340C32B13257E94D97A93D163B5D7A7A8FC296
S3150200341CE55341CAA8C8B904E130E0A7927E530726
S3150200342C4A5CB0A0CCFD6934B927185D1F8D6AAA17
S3150200343CB95CEA3AAC012D2E6B19453D1152D314E7
S3150200344C5767842A9394EB6019A3F8C672158461A4
S3150200345CFDFA2C00BC75AE7839D2F74A09C6A9001A
S3150200346CDF7D665171CE10674311B7B5FB03585514
S3150200347C257F17BD2E501C1AD4D3620265DFD71BCB
S3150200348CBD20862A7F25B2CB96CF302B201C679285
S3150200349C7EB3158F8907F7C4B2B624B79135CD1111
S315020034AC57FF6D7A00B9DE1878814081321F6D5A4A
S315020034BC39E4E5B03ABB67E0244F1ECA3C180093C8
S315020034CC9988386E6E35CF6D6AD8C3BBB670DCF789
S315020034DC65C9BE0B90C085B7440C82ED0D771D3DB8
S315020034EC7A724CD5E740F4EAE0100A16D199758245
S315020034FC0CAB1E0BCB427BB49758054D09D16DCB49
S3150200350C81BE28A05FF4000522270675E1470F4B02
S3150200351C8FFA950B01069CEFD928930B2F758CE12C
S3150200352CB24EAFEE9CDD61471F6F12EC9C1F5C0F17
S3150200353C00302639B22DC20895B79A2946747D1EDB
S3150200354CF05D62659CE95DB473E7C87D642B6F68B8
S3150200355C4997D28A4DE5BB97ED41C4F3DE2C24790B
S3150200356C67E306B58589FFB08970DC65FDA054BC9E
S3150200357C6DEF8BD6BAF5821D2FFD8033B814C0A819
S3150200358C6BAC9BF9FEC556641C99249CCEC3A394C2
S3150200359C5D620DAE193D945991128FD0AE12DA4C72
S315020035AC8AEC788FE337C9FE82E114114A3ADBA41E
S315020035BC9E320D89BF2A77AC0387A7F82F2216876E
S315020035CC434F3A9CBA34D9EC8870566EC1C9C3E8DB
S315020035DC477E09C5DA24164071B16EED611E5F2273
S315020035ECCFF90E17D70ADF88C139A24CB49EAB5954
S315020035FCB2FE903A54DDF9E0967047FFA148BB172C
S3150200360CEA91CF019E79E1D6A86B24344D4125E986
S3150200361C1AA999293076ED9D958141C88E01B54737
S3150200362C7793E789921A902C35C01688C4A386D153
S3150200363C6D95C850668596211D45FCA72A0A2B0056
S3150200364C70E342F6A1E7033787C1D074F312BDCB00
S3150200365C2FCEABB8ADFF7DFDC32DC5CBB4A841B9FA
S3150200366CEDFD0BD6F86488EFA7E0D4B429EFE57626
S3150200367C02B6EE016991FEB93B62AADED97C054817
S3150200368C068C08E701AE36F3CD7238A85AA00B3D6C
S3150200369C4EBE14114893932D4330A0FAA76293851C
S315020036AC72AA437F25B975069DAD1D5337E12D24AC
S315020036BC3A071D0F6B8552379BC0E70E993C2ED4E9
S315020036CC1C0BA7C9D11C52D782C8C9380466B2755D
S315020036DC8264B936DF397EB0DB260348A110FC378B
S315020036EC4B09B9B23967F960717CAD42815C1497AA
S315020036FCCC393E76479307238E4E898D2F66B9B702
S3150200370C0B3BC878FED2282450E54A728B7A19A252
S3150200371C808AE5D2722FAC21D443AAFF4F19538764
S3150200372CA9C52AD50BF506FE5D8DC23DBA8572BCBE
S3150200373C487A0D4503D203D4918CE699DA832DC8C7
S3150200374C57E33C0065F95C587966FB5EC9D8EABC5E
S3150200375C012D8468DD00B7CD4D3CB0158EA9B53868
S3150200376C798CF529FECAFBFB821BD3D7F17DE00DC2
S3150200377C8885FE7B4AE4F6574EC193211163E18A92
S3150200378C9A2E6532103EBABE6EF1C720C78CD92569
S3150200379C710D140A9A6DB16C6BAADA63E53AED18DF
S315020037ACDC92DA37BB606504333F4FA61E1FA9A90C
S315020037BC11DC5EDE2A284477D3E598BA36DD4A63F5
S315020037CC177F0DE57A6D8CAB986CBFB5329C857103
S315020037DC888C329985E1BBAD1AB6BDF87E114A309A
S315020037EC395167F2663A4790A91E6045214696B54D
S315020037FC2C1B1EC1EC4D67BB9C5D156D5120B41B79
S3150200380C5B8AC2A392174023F80855296F3827B052
S3150200381C3110C8AFDE679924F4FBC981714B570E80
S3150200382C0050EE9CDD3ED6913B47E00B3F69F55BC3
S3150200383CC63E8E87686341F3699F835B563605AA3B
S3150200384C25EB26A0EBD46DAFAAF2896832C52D8280
S3150200385CD90C4603C16C98A83ADC9C0860F168E264
S3150200386CBEDF57A4DA77E1CD7E34974AF72C5CFF9C
S3150200387C673145B3317636087E1441ED6ABEED8B5F
S3150200388CCB35E40198C56D4FD7364D2CADCF2E9E58
S3150200389C97A465EC5FE476AEEFF6143A4F052FEB80
S315020038AC9D435AF95D3976473BE8F1D0EC181093F3
S315020038BC81282C12FE9CBB13F278DB9DA4F0F4EB50
S315020038CC6E9B658026A6CBECEDFDBD084DF888CD2A
S315020038DC52132FCCA8A9B9E7A7750780EAD65C7B49
S315020038EC9D86D03E8E54D949680B5A959BD757C59F
S315020038FC333F4C965D7D6ED1535A2C099FE399AB9F
S3150200390C2E2E5B34B465D2796454828465E4EFA1BD
S3150200391CE35EF4DC4BB23897F984A7164397046539
S3150200392C728CF81F39C96A8363D48D349BF0C194A7
S3150200393CE7137550F8FBA19D026BA0EA515C9FBF81
S3150200394C7825E4B26D7D4C6C093B06FCE11F8F3485
S3150200395C7060C121B5EFDEE9E070667E990FECD698
S3150200396C0AC71464AC7AB1A84A778645004C4884D7
S3150200397C99FE607D7D0EEEF00E4E810A9412A92BF5
S3150200398CBEA2255EECEA69CB7D52A9FC87AA6C0421
S3150200399CAC76ABE9384B6DED049D7595E45DA4F4FC
S315020039ACE46E01A2C6A3C9A4644E5DDDEB978A63DD
S315020039BC7452551DA59CC8C8E86C10EAC520C37C78
S315020039CC95A43B91AFE35FAF4CD35DA96358B64563
S315020039DCDA59556822D396B57CD391EC2DD06FF675
S315020039ECCCF3545275642C93DCB08C7652C932A14A
S315020039FC80980625882BAA5018F64D13C2F56F7AB5
S31502003A0C9C6FE6D838D4782240CF1282FF52861B9E
S31502003A1CE69783C7CBE23CF8751F6B65090CD2A2FD
S31502003A2C0AE338AFA46315C267FFEF0093D385533D
S31502003A3C20BF523CB3332DCF80C47DCF31C1751814
S31502003A4C00E213607938DE910558CAB54AB1EDD950
S31502003A5CEDFE3ACC142472C336910B909C56552922
S31502003A6C802C5F0EDDCEBFBEC0DB3FB41A2A1EBC55
S31502003A7C8A8ECF1BE3E753E674A00B6B183C9118A6
S31502003A8CCFCE83F7A503BE7AD41B7F6B4894226DE7
S31502003A9CB404C4FC53ED67C5B066E5B0A0B5E557F2
S31502003AACE20ABC9F96F23EBF123A508EDB63A48B9F
S31502003ABC70B9BE7CABE9CBB1ED5A6E9CDE7400CA12
S31502003ACCB501629594067DFA97819B47471C475729
S31502003ADC20A292F90F18F5354F462DC46C14B2E498
S31502003AEC103833B7AEC2DCE45C352DB9685A2E6396
S31502003AFCF88261218D5B35F0E82E835096CEE33F3A
S31502003B0C2A2A283012FCEF6963654BC14110DD2B62
S31502003B1CFBB8AA51CDB3A2056E97BB8BDE25951EBB
S31502003B2CBAEDBA81100CAA26AEAC8A7A4D994A75B0
S31502003B3C9AECD7D343FAC3F07FBA5B0DC2FF8079F6
S31502003B4CF30F89FD389224751305716DA32E4BB8AC
S31502003B5C4602C888FB0B81B6F4F3100B8F1AE78367
S31502003B6C82FB8069949D60C284ED232DBAE904A080
S31502003B7C37CEF24B74809235BEDA2534FE8C6C6AE3
S31502003B8C000CCB6914C878873B4E2A7237C6ABAB8E
S31502003B9C971C1087BB328AFA16BD6914AA3F3014D9
S31502003BACAD5E44D2C311072A9C44F89F2DF9E4D288
S31502003BBC9B3398B5A68EFE7D16E829969C23CF2AB2
S31502003BCC0AECE31427238FA7C439A9D3C36A4B7B08
S31502003BDCDC204107B6C21B12EEA348892084204C76
S31502003BECCAC1C866AC26FA0EF857B99BD738C6BEF8
S31502003BFC131BA17869897DD2381E0700E688EC264C
S31502003C0CBD92BE08D57D4F64D127AD77C97ADA113C
S31502003C1CE3AD05E9769DF2A093BFB7EF55FB177E90
S31502003C2C93F16D5B06BA18EF76047FEB7FE24B34A9
S31502003C3C90687D1F3FBFA1C7C3E10F712EA1B5D7F7
S31502003C4C6617951E86D12B719BCD1D00CE1D805EEF
S31502003C5C1165FCD57382B3EA256C25112875276983
S31502003C6C238CFCA35A0F319E6C21806E75E4742250
S31502003C7CB835AC6C530F2F49B313537AFA92BABFB9
S31502003C8C62ECFF7022A0520F87791FDE9997B960FA
S31502003C9C6C16A37FDFEBF5126A87B86DC5C2B52623
S31502003CAC882B2BB744AE98845E01ECDB2AFC4AAA1D
S31502003CBC15EE91C241AFEA595A144308E1735B758A
S31502003CCC2C62EF070133C822FD032A9E4E19912559
S31502003CDC50198BC3E7E2471EC69D919EF148649626
S31502003CECF66EF61BCCF518AD3CF40F2631CB616B98
S31502003CFC9BED62AF692566081120E0B6A802557ADB
S31502003D0C998D86CF61722301C538130C31FB10A332
S31502003D1C4800C109F239E5C789668081FCDF81E476
S31502003D2CC06DF3C2013B122C86F901A3A7A8E2E0EF
S31502003D3CEB060349E1B8AE74BEF18D733420B0E8DC
S31502003D4C560196C259028B761F3410F30D65FA078B
S31502003D5CBBC6EA5150A38E678770154330C99C7651
S31502003D6C9D0A5AF1FD7F927CA858D4A26C6640BF7C
S31502003D7C71E0717D87A7774BB7A0A2A2238338285F
S31502003D8CBAB96E51846324D924AE3E15FB90B7168C
S31502003D9C45A5A565B0D0E4C771FF434C4B2C302F1B
S31502003DACE999A655DFE8E514ABC3D47D27A388961B
S31502003DBC918712B2568BF2EC678D2AEB1FCE23D863
S31502003DCCB4E52633DD5788E689264D7DD11A292797
S31502003DDCCA96FC657B6C7882FAA92C7F94578A3139
S31502003DEC6A76396039D0AB037B920A9E68FCA5E2EF
S31502003DFCB88467498B02703D08D883F98DB3869ACD
S31502003E0CDE9BC7A66400705E6A5461FAC700E4BC06
S31502003E1CEF677A10555CE420D4096BAE3706710352
S31502003E2CDB6DEF219E72F05D851AF3A3BFA6ADA5DD
S31502003E3C7BDD8201170780850D7762FDF75BF263E6
S31502003E4CECD5279F8312410E8D87206598BC64A002
S31502003E5C7400BA04D2D68C2AF09140F0FFF7B1D88E
S31502003E6C17E31CE72B13DBDBC96A930A3188B11DF6
S31502003E7CD7148177B1501CE1BC50FCD23F01BCF285
S31502003E8CEF0D3F439506CBF5230D26594EA99B52B2
S31502003E9C99014F3DCEB6416022D165BDCB9696189F
S31502003EAC7EFB9C85E2427D9A22B4957799A4491BA6
S31502003EBC31DF63AE86C5981D628433B1DE856F1918
S31502003ECCD80FD89D8FCCC7FF8791D83A8467101B21
S31502003EDC8269E0D77463CB0D012AF2ABC4B01E32F1
S31502003EECADCF2647CE8E114E31B18C6061C35B7B52
S31502003EFC59A312ED286F678C7F3009B1E2367FB079
S31502003F0C06EC8CF0B8CD4B8AD1D6C775E26091B36C
S31502003F1C5E355613065D02570B1E48DAC8AB1606FB
S31502003F2C5D8A83274F8243C53B69E398488B8C9302
S31502003F3C2D7A832AD33D4EE405BC87FBC70DD95196
S31502003F4C9DF55270BB9AFD9186240DBBE10E7B89C1
S31502003F5C0B8DCE3369C096E529FA75063D4F4CECAE
S31502003F6C090CFB457188E7BD513A9F4C8131FA71B8
S31502003F7C4B81E9E6F6C5C9B76D92D5544111B642E5
S31502003F8CBB31933AF93A516E65612A56B6E1AC33B6
S31502003F9C2A290F13D6ECC9317092C25F9F8EE7A401
S31502003FAC12D74881C853CF2EF29BED2117DB960709
S31502003FBCF0D85038757C69BBFFC87D66797FF907E6
S31502003FCCFC580A42A663E34D882884F1B96DD3A343
S31502003FDCECED1992C42064C90FC6B467188ACE6C6C
S31502003FEC34391DC3AABEDFA5B3746D76AA4C4544FB
S31502003FFCD1D904DBA203A7B8EE5484EBB63DDC554B
S3150200400C49BFA712C1B532ACD74D92B68FE75BCD7D
S3150200401C1884B1215FE4857DFB68478C21362356D3
S3150200402C5FBCEB9058C30CC3B3C0BB24CCA6837A3B
S3150200403C920F8CD572388C039DA4022CFC0F6EEF5A
S3150200404C99262F85BD5E660B6350A159077E41B436
S3150200405CE3FFBC84ACF16E874897D123B1929C42A4
S3150200406C0246346F3DA7059E644EC5075F3E8273BA
S3150200407C68E8319CDAE0F298CA716254D5F8DA7AB9
S3150200408C375B45E855CFB9964090707F071873AFEA
S3150200409C2860240443B9BE216DCCAB42E9969E91AD
S315020040AC8C2D87709DD1E4F8C204B0253E9E6E001D
S315020040BC6BC2FC9502ACD09F8A99EC1AA43C45764D
S315020040CC1755A2C8D1AC084F43F3A4A4E6D867E7A8
S315020040DC1E32A665290FE625E2961284C17056B7E2
S315020040EC0044866ACAF03A9184AE07BE3372426EB7
S315020040FC1B78D7DC925DCBE2370A4840B7E543EE34
S3150200410CB635BC3717C1BD5C0734C73A174D0BD54C
S3150200411C88747B20C45F3B52ED13D1D268BBF46F1B
S3150200412C43B340564AEF9E80311CE2799B5CF208FF
S3150200413CE4597EF95142E6B9F627DD2BBB4B6303F4
S3150200414C957BEFF8AA484BAB88D8F8F04706C4D84B
S3150200415CD714875005BEF25EAD0ECBBEC68EB477B3
S3150200416C81690DA0F9EAA06BC0633F5C10322DD5B4
S3150200417C5F3A068D60C81206A2805066AD1297D1C0
S3150200418C4467645FB4AC9A712F5F988F705CDEC023
S3150200419C02C2E0C1B4CA728BBAD1244485EAC366A0
S315020041ACE987B62A4E08B817C6006EC597C2016AC9
S315020041BC449BDB26B7D8DA9EE55A88DBD6B5176B55
S315020041CC605CC233122CC373F65E5A0FDF4F7B222E
S315020041DC1FCD167A662F9F29DCD1738E7980E572F4
S315020041EC1EBEF68CC71E41118C441DF9E314F489CC
S315020041FC73EBA9130330A59E880363EDAC1B6A0F00
S3150200420C6231959CE1F01A7ABD891F715A89D5449F
S3150200421CACB155B5C58501DCE2A9717EFDD79B957E
S3150200422C3813E4CD90D8180C65C5F2FB2ACA2C6556
S3150200423CA3B78C4A09A82884EBA90B697E27D76BEE
S3150200424CBE7A35AD3248CDA54A3B47C3D8B83D1EDA
S3150200425C4697AF1690F82F5626057880A01F82A691
S3150200426C4DBB02DBAFE3D44FB15BCEF9026F1F67D6
S3150200427CE1EC982F28795A7C59BEDB6F0ADCA3AB8A
S3150200428C08EE104399CFDD1DCCCDD3D938682BB3AC
S3150200429CB2F7932F399E000C1356F4246389909A25
S315020042ACC2FD41F7F6E1BD91B5E2C55A0B331A864A
S315020042BCAC871DE8B5011CDB2D9B7AF07DBE465DF5
S315020042CC62A28E5E51EB5805868ECE81A9302A6D7E
S315020042DC354C1BABC6C0CCC5A2646530D04BA3888B
S315020042EC529D5CCB1EB83A2CB1BE2A1D3BEA33B0AA
S315020042FC381CC8D669AD59B6EC7C479A0A6DB6918C
S3150200430C6CCA6F336CE0744ED52584A24F86174A5D
S3150200431C92A010B68645151D998269480353837E71
S3150200432C6DBB36038C7A1E1F3FDAEC420367130C05
S3150200433C8B26DB00975C36CF8F93C0D7922C7CAD45
S3150200434C52BEA358581D13BEB585377809D69D7E25
S3150200435C854BF9BF19456D467F35321AB5CD53B328
S3150200436CE96215B93EF636771B7D2B877144CB3F36
S3150200437C727DCF80D14A3B95EAC569B0D325CEA4CE
S3150200438CD9000C64D77675CB6FE1BEB7B8C69CEE76
S3150200439C977C4E47C05EB16D4050AF4DABFB27FECE
S315020043ACC0A4B7CFCAB8C6AE3325912356E2BC0316
S315020043BC66AE6CCEAAB7E32420A3161FFE767BA7A5
S315020043CC785FD884FBF2454F562CB0E8DB7B447FF2
S315020043DC03F4C54480CB248F2BB082781B62C8248D
S315020043EC70FC66BA1774537E8A00310746CE450BAB
S315020043FCA0C52AB64CADD58B2D5847F8DCE93E79CB
S3150200440C792C473C5903E3DF895DAD7CF686CFCB2D
S3150200441C299D1511AE60B174E4B7DBC86A010B991C
S3150200442CF6071ED5D93D8A55263BC7DEA84CE3BDF9
S3150200443CB89CFDDC8332FF8434D5FD9CB103CB40A2
S3150200444C6CAF0D9C45E525EC97CC212F035FDBF673
S3150200445CE77B6255B9F6F4B3C0B285690B1752FB0A
S3150200446C2B1566AAAF0D4C0375027CF1AD763A9A02
S3150200447C8B24447CA48476271B75F0E2D993692F8E
S3150200448CD2F43BE4EDED7DC73C8F57C6739E7201A9
S3150200449CE21DAF1CA28DD6B2C5F06EE61699BC9281
S315020044AC0B1125C5474443EA21381EB2A51C4C7E86
S315020044BC72267AD7E89D5AFA7524AEDBAEBBF16347
S315020044CC86040DBC0D19BCCFBBCC0C3720F725CA04
S315020044DC139AD7BCFD771A171AA3906AD3FA281027
S315020044EC5A2931E63B7C1B316B50221371A263EBCA
S315020044FC519162A4AC4A1EB595EA240B5737AAEF22
S3150200450C8CCE33115A3B255DB551E80D2B2B9D48AC
S3150200451C7B275FD387851E388AD9A8C2ED62DFD77F
S3150200452C2CA3029F9F1AB468DB1271660E0F4C31D4
S3150200453CC9749A9EA72EA91582DFB6152091D3CAE5
S3150200454C5F2A49A5B9BB70B5130DC5A4FD284D4DFF
S3150200455CD9ED1A0D34DC018D3008A9C14ADB0A7576
S3150200456C03CA4DE93D9163EA5C6A20CF56C7C5B8CA
S3150200457C1069387737351447D8AED7538FB9829F1F
S3150200458C005B412AE251AB5D54A5160FF1DD89A001
S3150200459CCD0DF2408026FB94E191AB5D34C2300F17
S315020045AC40D3ADE31F2F28F00EBBF1E4C6CA4E1161
S315020045BC953F26D9730C42B535AEE9710D93374248
S315020045CCDC97ECB0BF62AA2587F16DFD7011BC0EAB
S315020045DC635C28F0E2615D3A6CF9BC3B0DAF441C9E
S315020045EC4EA1A8259A47DB6F4BC30F8EA32EE2C1B1
S315020045FC14A3830471105D17A53F5A46BEAD10A6CF
S3150200460C6ADF74D0DDC93396921B77B0834D40C8EE
S3150200461C865D0222A39A9BE1612DFA4B944362C8F2
S3150200462CAB26DB7023606CC4D0706B3F8E142D7C72
S3150200463C243FA4AF033DF0893AA212E615E776AB06
S3150200464CB136EF0F75C00E5CE31E32D5B58986F214
S3150200465C539416F3988C382C99F69E16982E29FE9E
S3150200466C78C7A3D70178B86057455B0D090CA653DA
S3150200467CBF396CAA272B20E830F7FE79720DA82BCE
S3150200468CB44422E058E3DAF76843A02DA58676589F
S3150200469CC265AC73100FE75341BE4F7AE1C364ACEB
S315020046ACA6F090B0D38F3C2879EB86FF75D73F17CF
S315020046BC641C465DECB2DFD3812E2FA0F428C21CFB
S315020046CC6F7892DC89A006AE4A646F4461EECA69C1
S315020046DC5E83E912871176C2DAEE05A2ECE684C68F
S315020046EC702021113CF14E2954A10D3C3B83BC7C1C
S315020046FC14B735D22BFFDB35B46F3A60CA087D3C52
S3150200470C0B8B8BE07350A4B373F0F22DA71B2BFC0F
S3150200471CB30C7147CCDE4D46C92C3FC805B91F1BDD
S3150200472C2F8012E4DD6C8A385CB19C3AC9E8D26BF4
S3150200473C8F7CB1B1435C36F14A45AFF745631DC771
S3150200474C7FCFB59E1FCF7D97E19A6224D7E33D2793
S3150200475C39817051AC49A72BEF8C74D8887FBF5C1A
S3150200476C1DED2C22EA7A79C206E56BED1E1CC78A70
S3150200477C8C36302D62DDCB5EB01B0C37086173A60E
S3150200478C8C9F91EC2250CA65AD48C91D40F6FB18A8
S3150200479C8F79459179B31A45028416633E18AF1E7A
S315020047AC636707007106C80DBFC3DFE378E75202E1
S315020047BCECA744491111051AC811388CBB4E692A4B
S315020047CC9E253FD65305FC7E5D12B8258277A7340B
S315020047DC3BA28C61C1C830A8D2FA8D5B25721FAB85
S315020047EC026C5D3D91012646BDDD0996D301F4C9E5
S315020047FC6903D8F4FB83F1E804E20CE24460F72F78
S3150200480C2559E42295D57091D63F91D180759B029C
S3150200481CE827E96B0D1349A43C32DC987B02B425DC
S3150200482CBA533716B3FBBC3B0AE6D1AF39F585E969
S3150200483C54E0389321F6242EAD747FC7B37BA5FEC4
S3150200484C11BB6134E8CFDEE3008A0BFDB38902C5E6
S3150200485C0B52603D6CC85B31D948105E949F595718
S3150200486CCB52CD7114736D0548519778FA3C7C7A0C
S3150200487C1991D6D680C68B418C20C500256654DA92
S3150200488C9329CD49C08BC198F78CA100A5C510E61A
S3150200489C0440D922A3C4E8BA03CBD6EB040BEE89A7
S315020048ACE5CAF680148DA291390238E79335FC06D7
S315020048BC0AA21F8FB62013FF0264DC44D6197C8829
S315020048CC5A2AD32582BAE911DFB60E11DF649F1F6D
S315020048DC9CFC813C1C5D9636A48B4BECA07BDDBD0F
S315020048EC175ACC48C41957F8E160CFDF049E7EAD47
S315020048FC657554539379E2C4BFE9B77E928721BB9F
S3150200490CAAF597A876D9A867C22D95B4993E8FE2D7
S3150200491C5914A079E56FE1DC6EF87EF4FD0E44FDC8
S3150200492CDDAA04406A6095E3AEEA8E1F8824450B25
S3150200493C33645558AAAC912932CC4394951C97E50D
S3150200494CBCD91FC1F27A769C5E328DC2B5B1F9CC56
S3150200495CD6F047E3C8E59C6EABC94DF8B64424C302
S3150200496C393E0F49966D1371CFB3791AD4D7CE222D
S3150200497C5C06BD6702C67E591ED92AA9E3B5E58433
S3150200498CBB9686298FE32F6C4E7011AD54E3CBBECA
S3150200499C8B70F3769647F90E44F046194C456CF239
S315020049AC7D9331DA36B11D0B0026041E487BC2D12B
S315020049BC1EB78D35196A0FB23BE438EA9981946AAF
S315020049CC04A603A9A6F9C67FAA89687586B7A35554
S315020049DC0E09A38EF148CABF772BE8D866C2F360DC
S315020049EC2F2C58DA5B57691A50828C0A3F291B21E5
S315020049FCFC7FB5549AB97F1B5D4E604C23BF94E184
S31502004A0C387ECF8F4ECC32DF38C3AC429212803511
S31502004A1C799E7C8C8C82D4125B69F00611A7EE3ED1
S31502004A2C6EB5B188D60D012382E930E011D0CB9256
S31502004A3C015C95F579E8F904F01E3D8B5DB0617663
S31502004A4CC92E4F6B7134A2CD9B8AF868D424698324
S31502004A5CF99020A762B4BD0A82601F5F232B2952EC
S31502004A6CB20B55762F83EB7DAB240F1BE0C2F7BF3F
S31502004A7C734CFCAEFAF153D6EC4BF922B60DA2806E
S31502004A8C5B75BFC0E8C48F11FAF83142B25F179357
S31502004A9C0D0935B6273146EA813FC869C03967A583
S31502004AAC5C60B53DA0D85AB3FF7899490FDF456BC8
S31502004ABCD5770D319CD5408C90A8F16B07045F4CD1
S31502004ACC6105B8075AFC0918E473BAD6856B483FD8
S31502004ADC916988D2D50BD47D7231A00F76C9320377
S31502004AEC7B6ACF8B692CD0E69468942EF49CE0A357
S31502004AFC8C63CA0837A9CC3CF92638D2CD813F72D1
S31502004B0C31C11E786F9C8C674AE3529020E7F9E616
S31502004B1CB0C2148CAEA7A538DCEBB4DC06C9980679
S31502004B2C003151EA4BCF17D80B672E41D4E43F5FC5
S31502004B3C334CF54D1DE14B2DD0D5A27A1142EE9593
S31502004B4C47476383939D949543D0C59E5638BF4B76
S31502004B5C26666BC406E75E0604FECB7D4421C7902F
S31502004B6CCB75140C84931DEEFA78BC3A1EAB8244B8
S31502004B7CFDEAD07ABAC8E00CF5BBA5257F374ADC2C
S31502004B8C391F384B725E6EE8E624A59D0D330E492D
S31502004B9CA1710C8CEA2C15980E9BBA687833305599
S31502004BAC591997BE0E03CB5404EC7030A586E12638
S31502004BBC6CF36BD26A50F3C097914A3860225A3F13
S31502004BCC30A183F488C61EE7603198EA6D15D3F1DD
S31502004BDCFB243E5C38584A54DDBCF0D66F92D78B18
S31502004BEC5642E3E74D905769DB8F681AC81CF4ED01
S31502004BFC0C37AE453A8E1B7C578E6C5D4067542B38
S31502004C0C497F5F6C3CF08221449D9CF74219BDB8EA
S31502004C1C92DDDE55F491AD1604568F3FACAF8B0E7A
S31502004C2CEB7B108D67EE95EB8901839468666E8932
S31502004C3C96A67E46C8C248EB07E3DFC1DD86287C12
S31502004C4C0ABE66C586033209707A2DDD9337752442
S31502004C5C17EE41E4BB44D2D747C17CFE2029CDE5F1
S31502004C6C250EA3ACA5AB3EEA6F3A142B698330F33F
S31502004C7CFA478DCB3151CA4193AFADC5E403B19519
S31502004C8C3387F463DBC9805BA38BBB6DD372337C36
S31502004C9C7E27A8CDFC4A2F84224510DB18D4DAF3E2
S31502004CAC085DCEE31DDB3D929725D0B4E4F1E1D14C
S31502004CBC111314057575A8E9E6B80EFF5CA0E7E1B9
S31502004CCCC6CFD2893C17AE2197D0A55E5C9A6E4AA6
S31502004CDCE2E455EAB0F476ED6490889A75F60E5FC6
S31502004CEC1CA1AF70C6589DED6D91B777C00DE0272C
S31502004CFC638A32FE3875A7A087DABFEB125D62298A
S31502004D0CAFF8BD8760E2074C241600E00E6AB47059
S31502004D1C68FB9F686092A8BCEB3980452EBDD2CE4B
S31502004D2C3933034F5502B96253E6FD6681C2120E40
S31502004D3C4E964EF48CFC1594F3036AD7F5BCF0062A
S31502004D4C45C14AB8A2186289548CA6E53D71348FC6
S31502004D5C4C8D98842FDA17F287EA9C3242DEC451C4
S31502004D6C1103B6886618677F79BDFAD8CB5231D64D
S31502004D7C2D0EBD9D5259CA8C8731953B3BD658CCCC
S31502004D8C42DAD47A5EA9DD75F23F7001D4EBF4B245
S31502004D9C4DC8A112DDE2622590D72BC3FCBD7DAFB7
S31502004DAC713387A88A1BC6DCB133E370C3E70BCB1E
S31502004DBC3B09AF7DD8867CD5B9988510656B4CA915
S31502004DCC0DFC29624EFC6F8C9C76256AAA94226D88
S31502004DDCB162EAFA397E52C735810F3B46F281E15E
S31502004DEC4224D3E20032989134EE9B90DA36654334
S31502004DFC79ADF8BF63979B484F2FCBA7683AD82952
S31502004E0C892115BD51B63FEDA542D496F7EBE6398D
S31502004E1C7A745DF75BF4F682AB7263F1AD99453F3A
S31502004E2C5B84B092418D3F672B2567DE6F1CF523A1
S31502004E3C43260A0A80DB18E4471F92763C646620F6
S31502004E4CEEDD0FDD6FBDA32A9543A9310BD53F7756
S31502004E5C0826A8026B4795F97808F7E9220E8AAB61
S31502004E6C6F596E7416388C56C14EA8B53BDF37682F
S31502004E7CD8D0E402D6C90E8645D56139176071B20F
S31502004E8C78D9697AD8D87D8CBFFDB9E7396296F4A0
S31502004E9C0DC37F861EFD00B16031F61DAE4359BCB3
S31502004EACB68C8F65A8C21E0678D0C9BF622EF46373
S31502004EBC9909F10392FF357C425F9432D4CE31B418
S31502004ECC8B0059C5D41CC3F20A5536739901D7D334
S31502004EDC9F4EEC8E78EDBE2756DE1380C1EC51D276
S31502004EEC727143164F07C9DF0B790BA9A0E10C4D62
S31502004EFCA6E5270777479BCF37DA9BF1194D8CC767
S31502004F0C9BFC0186FD40180973C227230A63804F56
S31502004F1C986A3DE7AB6DC2E9E2CE84498851705E70
S31502004F2C8A9B07AC94F8A4EDFF9C460BEE8BDE67CE
S31502004F3C6D8BCA0A89FE1B0E114541124C8C795A8D
S31502004F4C6E6039CAA9E7FA2A9C470F795D1C4C6236
S31502004F5C284D23EC393293B84137F8A01A943F7591
S31502004F6C58D11539D07A49FB692EFC8BDD4B4C1F77
S31502004F7C04DA1393A194A58B6F2F2F918C17E1AEA4
S31502004F8CE20D2F302B4B43474DCF2049BF129711C1
S31502004F9CAD261A6446324A3C1E2F7C4C498184F853
S31502004FAC0FCAB42CD9CD97B524E79A6F1EDD20B261
S31502004FBCA245196314D647CE123EDED695F270E0A0
S31502004FCC7161CB8AAED863B7B9B5FA49049CED0DBB
S31502004FDC384CD933E263DDBCCE42382D0FD73CEACE
S31502004FEC9E72C13E7040F66AF8CDEE8F839314FA28
S31502004FFC881371796B7AD98D662A192BF76AF39B0A
S3150200500CD04DF17F36FC72070377A779C4B1B5444C
S3150200501C36CC1566C71820A1AF06E0B7DA032E9870
S3150200502CEDDED1B2529F406ECE56715E826007871C
S3150200503CD824D5E1B2A0915FC7FB14DF959B455FDF
S3150200504CCC5EC51140577D3EF29B00B8D24AAF8B5F
S3150200505C86C975A402BEC43735A2CE46773BB14586
S3150200506C095D6978BB3AF05938E54322A737340F04
S3150200507C5AB5A8872E797808B2F665D824D2E6E016
S3150200508C12C6B2237DF8DAEF07B2664A8E00717C3D
S3150200509CD098B0FEDE224A16AF6D27C0FA57FCA98D
S315020050AC3BE372CB611A4E72ED09C12BC2C5EC2CD5
S315020050BC9D8F129D2F2846EA2E0E0BEB5D1D31E6B7
S315020050CC635E5DCA4A64B1BB6CDA8E867C66076522
S315020050DC5A0ED503E2BE076ADF2618DF9DA3FC79BA
S315020050ECFB5BB958A95F37E2B560CA047D25CE5879
S315020050FCD82A6ED2F6FFAD55717C4D0C35318B3AF2
S3150200510CA06360D3BD66B4BD7287A0A972321309BF
S3150200511CC03FDF1943B3AC912DCB26673D429ADCD7
S3150200512C5690287921E4DD59066869416521C092B9
S3150200513C90EBACA6D3A9C0DB2AB38A606ACDE71F73
S3150200514C6FDFED820F8B20EC09AEB1146D40F3B517
S3150200515C691749429543D5B5B90DB4580D6D8412EC
S3150200516CA875FA889DF87DDF99EEC4453F26BFA344
S3150200517C7133089621329F103A72EAA2C418F68C41
S3150200518C026FDC41E82CF63B93E570086A257984BC
S3150200519CABAECC69143D4446BCA676B63AF875B4A9
S315020051ACD26C333EEA888ABA6E1D300F4539596B7A
S315020051BCC9AA7B02D889D64AFC55D06E08754166B7
S315020051CC40161728317EB06223FFB2C53995F78C8B
S315020051DCD20C60ADD1906F84E9C4A0C83F370D2FB5
S315020051EC48A8C954BB74AD0BF66CC6F1EBB097D19B
S315020051FC36A06A9576F83A7D1DCAE83B6F1AD42E0C
S3150200520CE757DA7532E37B975CA4A36275ABC96781
S3150200521C179B17897B4E8215D61FBB939912C273A5
S3150200522C11E65E95C0FA6C49FAA670EF5259F188EE
S3150200523CCCD89B549F026BFD4B67841C67BC6B538B
S3150200524CFE2BB01EE6B2B3FEC56437C3C8A7516BBC
S3150200525C5C0C546808079BF3F5682794E8F04093B6
S3150200526C132C2AF37D3067203C5C7C6F3AFA2D8D29
S3150200527CA4CEABC43F661113EF1EA5FEAADC6B5877
S3150200528C6DD590E608ECAAE0CE2FE5CBC30E72CE16
S3150200529CB693BBBC608C8E98AE09B30841CF7E4ADE
S315020052AC59CECBB40B90FF1A27106D6211EC323922
S315020052BC156CDAA4087F0B06EDB1FAEB73993294EE
S315020052CCA3D532D5532FD86C10D1C2BC7DD88C2124
S315020052DCD37075B51BBAA412E3B61FA00059B24D12
S315020052EC3F070164514EDA6EAAB55E25267A20CAAC
S315020052FCFD3FDEDDEFEE921CF51D7DA50A8439E736
S3150200530C0ECDB08059110919FA72804DB6F13FAA29
S3150200531C7645B25B4714203F0A511DA44C2C3AAD7C
S3150200532C931E3BE41FA07C930C2FB8BD7A3CDBCCBE
S3150200533CF7C7E7F0A2C8415D9E824EA07644E3CC45
S3150200534C7C548821BC0FDFA892438BDA76C5BF1D2D
S3150200535C7E8ED2F773D4C2DF95433AB9CA5761D35C
S3150200536C3A1A44AFB1A58E4281A1F8E9869D072F60
S3150200537CB44E8A593E4FF8AF37F3C6813DCA14F183
S3150200538CCD5FB70BAAC0DEBC004DC6448BB44D280C
S3150200539C7DD779DCE1906038F2F20B3CE94F9671DD
S315020053ACD48594740A0027DCE806D4E1FAD24CEFD1
S315020053BC1350F52E340D36B03A28592A913A8447B1
S315020053CC10363D9B4282A9A6F3A4BFDAAE09248EFF
S315020053DCE46255CA253A069B2E45DB3C41534A10DC
S315020053EC9ABFB7E1FA04CEA79C9011E73BAF7E6B4E
S315020053FC54945E200D29BB39617BDB44E919668422
S3150200540C96B2651886BA3F06B2B27BF38074421026
S3150200541CBF48A925DE80C52EE8FFC06BF7631110C5
S3150200542CEC99161F8C43CA4C491980D4A41CAC7B2C
S3150200543CE64AB13C2F390CAB9CCB9E68E8512FBB8C
S3150200544CD54494DEB14B310DA1789F4CAA77624AB2
S3150200545C4CFC0FF9219E43E83C5059C90AC39B5A8E
S3150200546CBEB87A17613B6035B7A03C336B48294509
S3150200547C92F143F26DD49A73E77DB35FA1758124E1
S3150200548C2B45E32FCAE1C1B07622436E0753500374
S3150200549C44BDE7705D5CD22E057DFA454F815440C2
S315020054AC874A836C0D9C5BD7174746532DA507FE7F
S315020054BCC13BA738B1D1D1CCD454B503076D8F8B70
S315020054CCC2C29CA95CAC2ECDE3C66779391AEED062
S315020054DC1B9A0D08DDC9986430504883D4ABEEECA8
S315020054EC9306644DA20AB6D7E5B44D45F7C404A299
S315020054FCACA88EC02329BA990084285768BB156FAD
S3150200550CEC780435E9BD6902627F2689E1445F2B9A
S3150200551C7959F61B0DB8B694650AECF4F3C5E5F9A0
S3150200552C19A487F11CCD084F6CC1011F69812EE8A5
S3150200553CCC86DAF23C61448603915DF5D5B5D298F8
S3150200554C5C100739591FDC8222FDBCD6397DE283F9
S3150200555C510AE2D58C61B807D9ECF27040AC0A8AD2
S3150200556C54CAE6F6F59EDB1D0796CC08A258AB127A
S3150200557C7D4920E63E36C9C8A265915EF7D85469C4
S3150200558C04FB973277E12C45D78E701E3A0B4C5F93
S3150200559CD82DF67C173EE0095BB75E55992CB7F20F
S315020055ACC77D339050F67A1E2E2E37B55B8F4C6A1A
S315020055BCA41CBB95C9716AAB1E4CEF67574E0933D7
S315020055CC6882EAD43E08F27CA2C0EDA2BEFE8E0E22
S315020055DC1D29435198014E84F4A4616B7D6A70E0D7
S315020055EC2C9CD443E0514433CC43D8AB52A3E44273
S315020055FCE68AB5DCC04474068A4633F0E705861F94
S3150200560CA52CFEB4FAFAE5963F16AC758DC8462D56
S3150200561C6A4BCEAABA5115BA23CB00D40E8DC860EA
S3150200562CBC9E312F0534CAD14CD1726824771D6EBB
S3150200563C7873423A883772D511AAA6F9F029B4ECD6
S3150200564CCAC33A87B3A7FDD649871DA5B6FACCB805
S3150200565C6214C3B72BF97764980B18BA944F3EEAC7
S3150200566CF12EAB602106B570CF301C9801BF1647E0
S3150200567C4F224F1EBC4173D4026E7531B848105975
S3150200568C88345B8A499120C74BB2503EC8283AE708
S3150200569C5CD3D601E5054A7D18D6FEEC203186CFC1
S315020056ACEA6A93A61350DA206FB53E4EA1072EF77F
S315020056BCF86D3019F0CF88D9BF4D8CAEDD1E1D6347
S315020056CCAB38FC3E77F67708088CABA2F7552B3E27
S315020056DC00CB482B75A631FFC6D63F6C27AEDF969C
S315020056EC42A6F34F47811B138A3B79665C286D28C9
S315020056FCC32DD28D1C735D9FA7FB049B9439354336
S3150200570C7E32C6C6B77F991D16DF2665669CF5F9ED
S3150200571CA695CB82FDE811E57974B5AECDAD874B76
S3150200572C5E294D91E10984D22AC2CBB54CED50F5D6
S3150200573C06774FACBDF9D6DAEEA7BD70F8BE220ECF
S3150200574C0705BDC07E2147CF736452F3AB104D8063
S3150200575C0D45C619018A1F01703593739558B3DC32
S3150200576C41496F52D3E9342B649F5D65C21058CC04
S3150200577CE5FFFB6C36995AD62CC93C819B48954061
S3150200578C54DE8E134D97A57DB27D6FCEE8261DFD98
S3150200579C4A5048D32C2AC6C240AC31CBA1FF7DAEAF
S315020057ACDC8435B293C2A775443A2C3784059CC265
S315020057BC925992C27F2134ACAD0B8198D606CDB2EA
S315020057CC89CA6169855BEC3B86DA897784C1F99E65
S315020057DCE525682B7A434FDB0B52F4E331A19FB5D7
S315020057ECDF47490CD7745CA3BB551DF357A390FE38
S315020057FC81CDE982B72A72A63026AD67397E717ED3
S3150200580CC93FE905338DA9735C10D5845C1DDCFD9B
S3150200581C5ABD7D5D00D6F81AE3E030A89314EB6FFF
S3150200582CFF985E9FBDBC55A8D6A49DD2AA059DF530
S3150200583C906EB448167D26F09DEB42D18139AF4964
S3150200584C64D4DDA6243EF8DED6E7F4A202FC328D41
S3150200585CDDDBDD4DCAF3885CC81984279CA2D2C154
S3150200586CBD0E61782AC816861D6B552DD71D185587
S3150200587C5348DF5E90130D39A08365FDB06AD66975
S3150200588CB8484A8E2DDCB8ABDCFF29F1F0D7A00A5A
S3150200589C34C1319D9FBE2AFACC38AF5C558D6E56FB
S315020058AC3BDD038ACE0165E9A48546AFBF820F9D17
S315020058BCB5FBCD7100B233DCEC1A01941A7509FDF5
S315020058CCEFEF4C2F2E188874D804F57F2BBD11E2FE
S315020058DCBDF624EA40E97C55406292D05E77C52635
S315020058EC25740A5EA3157E5984F551EDCCF83D92CA
S315020058FCDC1B343AB22FB6308AE3EE34E96129174F
S3150200590C5F0942F291C3D76F5B2B84FA0C6F068B3D
S3150200591C5E13C04736435E2325E41231A307B7FC58
S3150200592C17F0F0B92ED78227751424DDB95BAA526B
S3150200593CF5B01CC1A09DE418D35DE203041811BA9C
S3150200594CD045DC28FFFAFAD21CAE6D535F2A47D03B
S3150200595CD2EDA1DDFC40B416A681E4C527FBD0EA44
S3150200596C350837056FA16720AE9B0002D4BD37639D
S3150200597C50C2D0B1C37A708280173AA528A465D0DA
S3150200598CCD0C5E30AEA96E8D4C6A7406C9D51C4A16
S3150200599CCF5D9974E18B183D7C7FF2EC3733818CA9
S315020059AC17F9CF7AD1E724099F864800814598EAF0
S315020059BC4D6A6B76C4677BBD31655482461028B638
S315020059CCC98869F99BDFD458645F5AA995757B8D92
S315020059DC1DF88517FB9809AD4F38639698C6B449DE
S315020059EC98FAC6215A79E4BABD70D783FF792B0D82
S315020059FCEE524A15C8C2C17ADB68C1C2FBA86569F8
S31502005A0CF6222C7B74311B6BD8E1F946166FA5086E
S31502005A1C40E48D1483A28DF830E97307B0456C1BF4
S31502005A2CA3678573A52A73C6FC59B866B94C1A497D
S31502005A3CB36B0F69EA8371B5F31CD517C2277618B7
S31502005A4C8329F10774D333CD52069153A9A0852726
S31502005A5C042B83116E2843A5E2A1CF444F420B6A55
S31502005A6CD47AB3EA9AADC251C0C3A971B596ADA8A0
S31502005A7C6F537C80B019BBD8D8F371E6150BD6DA06
S31502005A8CFFD77A2188B8E10DF4CF40CD20F7316FDC
S31502005A9C4D7FDC6EBD8297D0B9DECE0382AB119FF1
S31502005AACD99C71BF99BB3C1BBDB5D9D40503D55145
S31502005ABCAD33A3049DDE588974BCD537451FB02778
S31502005ACC5FD8E642229E025A3370F2DA87BBAE5593
S31502005ADC01E5AE50ABC02FCA305CBE864675439FFD
S31502005AEC14BAD3E9A19505E70FFE568B4E40DFA4F7
S31502005AFC91BA17A5180EA430603DF03E28F0D9AB2A
S31502005B0C2E3B4F2AB50C024893562D47D6B8A09178
S31502005B1CA21A73A6804FF8BDB67D9A24D02EBA8DE2
S31502005B2C1D48FD611DC9C38EDBE085B00A27BD1970
S31502005B3C34A41A895CBBCF8DBCFCF3FB4D45E5CA7C
S31502005B4C86C44DD7F56B17EDA06003B69D9ABB5D67
S31502005B5CE13A15AF15E63D660D18A447DD661E68DB
S31502005B6C31A3E61DC91CEC2C232AAA2C5501AF46DF
S31502005B7C269032FE346986D86135ABF098040A0653
S31502005B8CDA5CDBE0D091D60807D7C52962601C1512
S31502005B9CFFEEA801D0E02A2B3F336838802470240C
S31502005BAC43DF026A0A5CA93EAEE78795285866323D
S31502005BBCE9E982348B10EDA1F846AF2D769A497439
S31502005BCC5D2860935AAA9DB140404384645644EDC5
S31502005BDCE57B0792A788D1FF66E52BFC363DC67B93
S31502005BEC5D73B8B3F0B8866B00865477A5C3067E90
S31502005BFCFFADABD261AD855DF87AB877CBF55A6F4E
S31502005C0C42E9AFE88ABFC833B16C32A5A541BD29BA
S31502005C1C747BD2998CA5EE9CD84AA1597062C43475
S31502005C2C523441751F20391C7681E40C796734BFD6
S31502005C3C4BF9CB7FBF41F3A0012531EEDDC1D12655
S31502005C4C2D19E1ED3BF41340B92B0DB0DBFEC84127
S31502005C5C095CFD5C8F771243F98FE1D4FB66E6474C
S31502005C6C8EEFE58C3C3BE15867804F16FB083BB543
S31502005C7CD8BD55781ADD0896B2C116EF7ECA624FA8
S31502005C8CC71E720AAC63960133BCEC731EBB777FDC
S31502005C9C7E0385DFACEB049921B2750F40B2191560
S31502005CAC95529E4C40D7C676F310133EE671DBF244
S31502005CBC633D66C69A2CBBA43A3942C5A58A9FE4B3
S31502005CCC701BB9302BC4EC56A71138B3DA22381E26
S31502005CDCCD80DF69252C2DAB846AEFAF926289D316
S31502005CECFF92C8CFA8A0785C716363CE2C070B2CED
S31502005CFC79A1CBBE97DA30C5BBFBE8EBD86B32C9C0
S31502005D0C6C4B3AED71FFFBBC7A55FEF61A0A2C68FF
S31502005D1C20826883BC39D76684B6DBC7F4B7010424
S31502005D2C2AAC2E3DFDA5E6611A92FD392DAD52E740
S31502005D3CE355051052F0768C12D4AFF219DFF685C4
S31502005D4CE5FA0C700A3FE0DE16E1280FA2BC3555C7
S31502005D5C56DCBD3E3E941D21CDE2092245A55339A2
S31502005D6C47C1E42F1EC20D811DB51A85078E439AB3
S31502005D7CC63A0893D543774CE97F793A989EE04C1C
S31502005D8C162FE8E6786F7BF19E6ADF02B832B3D53E
S31502005D9C1E5C90D88D63824B08CCC41252E06F6B9A
S31502005DACE154EE380298D6F2C25AF53BF43FF61796
S31502005DBCCD3CF8A425B6916ACCF1302A58B72267A5
S31502005DCC9F3D3531C32AAFFABE63969B016E1DCF3A
S31502005DDC42C2C20BAEA429F884D9044B6D9CC4737F
S31502005DEC23958C8FC2BBB1522D6EF194CC022F45EA
S31502005DFCC87C412EE7B8D91AA3B9A7D212AF55EA75
S31502005E0CE3B64F384CD2753E2FD4DF96C883219415
S31502005E1C526425456375A723429EC38BF7AC9CA39C
S31502005E2C54ECBB844303E2E1C31E6BBABB32001FC4
S31502005E3CC8F4BD09600711726E95002D22B941F0A6
S31502005E4C097F9B1FE6D768F1B2D51E90EFD6DD60AF
S31502005E5CDE7FF414F852E9EAF5DA4698B0E7D56D26
S31502005E6CF4F036F2D9915F0C9BE259E9CCF1067843
S31502005E7C674A5C16A4E130B9A9CD4EC402D1FD1C09
S31502005E8CC856FCD0F2BB7AC44CC2E41105D3351504
S31502005E9C8CD2325160369832E313D47FC9C89BA692
S31502005EACC6FD29C5D5BA4E692A1E636118DCDE55B4
S31502005EBC571F2888E99B191ECDC4CB82DE96420950
S31502005ECCFA377270891A3DBADE375F5CF1081640F2
S31502005EDC9ED95188A7BBF9353932F7951131F33270
S31502005EECB11902C2BD1638E3BCDE5729F5F799572C
S31502005EFCBAE33212AA24A370EA0C1B4474998F21BA
S31502005F0C931FDB66421A66A72CCA9879DF107A9C15
S31502005F1C163D2F613D315BA3E4D158DB0BC5518B8A
S31502005F2CC08E30338103998FD9B2E1654CA4E95303
S31502005F3CC35A5661DFD8003426F77242177D1D41CB
S31502005F4C707ABD66265FDF4CA605E8CEFA73474229
S31502005F5C9B30BF28CBF2E69803435A4279FE78A5CA
S31502005F6C5629F7CB0E6FC8AB46966224241FA1C1E5
S31502005F7C413D45B693054BF9FC80FB6DB0CB2869C8
S31502005F8C89AF0D066FEA118C65BAD9F10A6BBC1A88
S31502005F9CAD08F5794693685A5C7C2A209D29DCE784
S31502005FACED2DB6898354BDF2DE182C3ABD4CFD5C40
S31502005FBC6118FB2737DD457B47289AEAD5B9FE419E
S31502005FCCCEE05FBC29FEE314AD9E244255279D4AC2
S31502005FDC75BA56A07C50C31AD51F879C2379D55EF9
S31502005FEC7518E67EDF4326DF5AB14E6AF4EB908FC4
S31502005FFCFBD45D97E2F1E916EEC75C0A4E1B12CE94
S3150200600C9FB912988FEA52650E01F112D7B9C442A2
S3150200601CD49569703D3B2BBEB207C8AF20BFF415B1
S3150200602C9947BEEC3476B89501C698DACE1A0C8826
S3150200603C5E3425B1B1F1AD0B63A564A46E6AF5A00D
S3150200604C4963C2FCCE7A75D3AAEEB6BD91AC4DB4F9
S3150200605C88212E459375D86C24296A5248B7440D6B
S3150200606C56A2345D7CEF164AE1F89ADAE73527E553
S3150200607CC64FE371526FD429EA82B30D54F8986B6A
S3150200608C91D5964E8249859A2BC5AD545ABC9A1B0C
S3150200609C4C12B4169848B985BF4CB94CDF80F60A37
S315020060AC77D44591801E15FA5649503B98DE54BF5B
S315020060BCAD7E7DE0E5761F0602B8784342526CEE61
S315020060CCFB9FEEC35D88B09755C469F20EB52007E7
S315020060DCC45BF9C6C508EAE14FAC5F3C0E6F0E070E
S315020060ECF312378C393A442D4FF27EA7670B0D4BC0
S315020060FC4A2E79F5D64EF99B21854EE80A012C5388
S3150200610CB82CD2C81363BCD66B8765F3FC715D5988
S3150200611C19BC2F2EA0A4BB0F9DB9C1C68021A2E229
S3150200612C001706BE55EA44A5699185B83038E14D8B
S3150200613C70D57D1716963FE2CB147C2B411A161B93
S3150200614CD4CDD0A068392D6E749349B2825B6B5C48
S3150200615C8C64A529400A6F9E8A752748717253185A
S3150200616CC1625D9E32EE377F643E8671833771E87B
S3150200617CB4EE690D21BF2570ACD3A397B25032068B
S3150200618C6DE131984E4C3B1D078E7BB37A9F6304AF
S3150200619C18E3776F921247B6F67857621E8D36530E
S315020061ACE83D82E8FFCDFA55804AA2C15BC5C8011B
S315020061BC80D99072A818979E53523FED2CCDC62AC1
S315020061CC2BC67A4054494DFB3C1D04BE77BE39356D
S315020061DCBBE1FF16A0B79100C9B50E9E6A615DA61A
S315020061ECFFAAB29CB533604ED2DF5AD50B5654FD7C
S315020061FC5AF2BCB6E4348C3B2B7A0513C4E58B6895
S3150200620C865BAE7452ECE3E91D41338CCF6ED10B37
S3150200621C0A869AC4B0C52EBB6734A312122B8E0201
S3150200622C71C16134456FC117A5899568C24510F3D2
S3150200623C3A4F74AB86F68DB283AF60C80AA6DD6898
S3150200624C593B9CF4A1A5B4019660B30AE0DBFB387A
S3150200625CC28ABF33E4A390A6D5C3B886A4D5F9C324
S3150200626C008483DA8E1F33239AFD3A214AA1F8A3BE
S3150200627C80631F6FCF84157ABCA14D10D83A1B913F
S3150200628C7E90123DDC17EF35B587DD61284B740C19
S3150200629C940DF6D0978C72EEEB3EAF23EC0711976A
S315020062AC1497D737D368211E8F2552A14B50274DF1
S315020062BC5999D63FE004974E69DF25E026EBF63175
S315020062CCE4ABF57E8A43FDA4B29CB525E4C2C3E9D0
S315020062DCBD4F1019CF5D38D9AC76F7C3BB959DF976
S315020062EC278E47C8D762F4724A455D408B8D3AAB0E
S315020062FCA409270A3107C38828957E8CD87B738F0D
S3150200630C064D23EA4FD96A80069CFF9CE03D46283F
S3150200631C51E3F96435E8B8B14DBB852EECE323CBDA
S3150200632C840ED4E6088BC8B2D3D38F3A7557CECE29
S3150200633C9B5F8AA779D1C7C6909A11ECA04C096DBE
S3150200634C4CC523C32DA87F202E9496F71A43FC1115
S3150200635C9803959A710D6FECAEE211E668A57F076C
S3150200636C5F8FDB137315E00EDD1FBC87239108C606
S3150200637C4DC8804CB2717282DD015CE0327F0994A9
S3150200638CB73B84C6B15C7EAF3A84B5D83D887ED71E
S3150200639CD254DE5969B54EB10F1CE44FC320663B8D
S315020063AC6E5F12FACF5F96729313B75FDA4D015D89
S315020063BC1A1E91A862132DB2DF3CF4B22872DAF5DA
S315020063CC3C63F7D1F5F09109B499B242A93BA58287
S315020063DC40F0910FBFF5F3CE45E6C10C334CFD1FD1
S315020063EC6C66BD2C381191A5C088C0E1B3275159F2
S315020063FC6F9520148CE46AF7078936D31F7D15181E
S3150200640C09668A86D2BBCE220A7030B21CA241150C
S3150200641C49562E0CB22665350D6A6980D1D247C70C
S3150200642C617F0B4F1022E4E20A748E9E0CB2F5BE0B
S3150200643C24D21B7DE26E46C0635CCF0D83D076A759
S3150200644CBB75C9FA39ADAD22F659E98873CA1CDA9D
S3150200645C7797BB13465F1656EFE126271543880C32
S3150200646C6277E02959F9446EBFE71133E092DFBD3A
S3150200647CE3CBCFAAB0FF17B76F9C2CDFA6B7472189
S3150200648CF5C4EA2646261E4ACDBF7F95EA58F9CDB3
S3150200649CA018F14CF7D9F75C04531B8803E854F6A1
S315020064AC54148FF2F6F5B0596E04805A1BC5C91FE7
S315020064BCA23E5E1E9D08EBD64E98F4E0381F9EAEA9
S315020064CC95938ED6607A08497682777A24AFACF1A8
S315020064DC655DCE92DC5A4A8E35E9BE54EDEE65C444
S315020064EC2FBA47CE538B2F3470FD2B48B9482787CA
S315020064FCBE695B1633755E56DCEA6BE40A9B96B68E
S3150200650CD896C63B5AC12A45F35D9DD74C5D620CA3
S3150200651C0B0618BB040B33FE17FE366BA83F9DCE3B
S3150200652C67BAF0F0EA3786F2C699198D779FA945B4
S3150200653CE55E0BE226A8E0DDFD496212D522EF42AA
S3150200654CCF7E8131E3AD73C7A4B60CBAB09185BECA
S3150200655C78E2FEA3E9F1778FE6AAA379EB8D4FC118
S3150200656CAFFF760C258BCA684AED052789D23221F4
S3150200657CFDC5E4E4B2BF9BF33F99394753DE2DBF09
S3150200658CC5D61487A6D7E41DCCEB7C39C4C9EE005C
S3150200659C34EE70F382EFAF8CEB2D6113299FA68834
S315020065AC95787B1A89DF8ABAC9DF4D63A39D857AF2
S315020065BC28FB7563C2D0579642502869AE5AFDC362
S315020065CC83AA591D98C62D76A553665F3A21A74F05
S315020065DC572C1375E98758FD91C4FE87145F9C28C6
S315020065EC0261BC8B3F2DE0E63EA3446714CB162218
S315020065FC47D6BD04BC65718FE92A98AB75F6F314C0
S3150200660C1A0218B522CB7F6A6658A55AB2D6C80E9C
S3150200661C11CB4E249FD2488A8AD55B255825E93759
S3150200662C2D84307104421C4728C4C7133AE5E26430
S3150200663CAEC01927BAC97541CB0092C66A9703AB8D
S3150200664C0999CB3B0C54530126E97170C72B0200F6
S3150200665C9CC91957BF48D3883E7E3E9E9301605D06
S3150200666CD8F928350E54AA1D32802266B167DD6B25
S3150200667CC5B3267393424C7E17F24578702334D2F7
S3150200668CC9EAC6573E05C1CE5753A48C8EC88D7A1D
S3150200669C314A29DB7BECE3B70C03900B099326C634
S315020066AC2C2480E7F5EA93CAF2A6335E3B176EF00A
S315020066BC5E48F12ECBF2FB986FF407D40D4A40AA32
S315020066CC5A9B11658F8ABF878E10442DC38BCC0BB8
S315020066DC5CCFB064C3133AD72211D72B80C4C8EF50
S315020066EC6208EB0FA27BF76B36F688722AB5225933
S315020066FCB12F38B0CB748791D6CD4E5A8F7E9581F9
S3150200670C3C11BAB0B171D2998DE3794350AC6E8E0D
S3150200671C978A48EF815BBA117057390170D2DAFD4C
S3150200672C91D0B4CB32A524933591B567E02CFCA756
S3150200673CE006DD3BC401FD7F0F5BB36DBE927A139F
S3150200674CF643AE3A7CE288BDE12F80D69A7EDDCF47
S3150200675C96BBEC5C469A64991FEB4B1896D6BF64B3
S3150200676C2C2311497F2C7416774260710CB6ADF34B
S3150200677C25305317D765EEBC1DD33E33E3554A1667
S3150200678C125EE253648E10B32B72C50084BCB03316
S3150200679CA1A69FE436688E074CEE154A8ABA36577E
S315020067ACFCD7EEA6264B54220B2978C71519F625CB
S315020067BC9A9752205F0DC031A94A5166E3B1D6C2EF
S315020067CC13A00B85D2105D74031B18D4D64AD0675E
S315020067DCBC0E5E6C41A5DF7F2AD26D65E0F377D3E2
S315020067EC5BC98227D13D7A59932E64138906CE69E9
S315020067FC8C097F2C78EBC67F3A1A6CE24E2F1E7EE2
S3150200680C9ED7A9FC1820ECB29713479405C58A5655
S3150200681C559BFA52F74F7A55AFA6949E1AE946D172
S3150200682C2C94529D448D3DADC16CD9F77503C62788
S3150200683C1A2FCE259E97B5042D1AE82067CE23D79C
S3150200684CC3A9C96480BD46D9165F56AC98B1BF615F
S3150200685CE309917B1B61AEE90712C3FC78B0AFE981
S3150200686CD6364CA88D3145C2B6076A6B4E4DE8C674
S3150200687C20EA23057BD6C22714A8DEA70AAC18B1D8
S3150200688C79EB734F496FF09C947F086FBDE52FCD62
S3150200689CBF828E5001BCD5D8824ECAEC726CD952CC
S315020068ACDA9D8824B1E95CCAD41E3CEAF1E054A014
S315020068BCB3EF33C615B035E1FF4BF94B07147BC466
S315020068CCA8E21FB15FDD46DE84744AB76F604B489F
S315020068DC04F6D86CDBDBF79ABB58CF6010D7F533CE
S315020068EC4E750C1097420D223057F8B79960C87541
S315020068FC0379709A6C29C8153CF265490BC25B8800
S3150200690C27AFE50BE9AEFCD851C35F8CB709B37E52
S3150200691C89458A8F38943A6573C00959783A98A092
S3150200692C7418434FB7660E13CB175F8B54B6E1E65A
S3150200693CAFE36D64A39E261CD6167942D6AA3D1EDB
S3150200694C4C537AFEDE3F6FC2CA0FBBB6686B28A8E1
S3150200695C330549C3FD2A0F406AB6DC9B4D413ED72F
S3150200696CE80EE535152D210BFC9982FA09E45DA991
S3150200697CA63D26C101ED5FAC59C1FBCADFA1BA78AF
S3150200698CE585C5EDC1FA73D7275B828BD811EE3C30
S3150200699C1DDB420CCA9DAC946406B622359711894E
S315020069AC5707E784CE05CD4AF83EEE1367AC3A6D2F
S315020069BC003FA144A7E9EF8C76401983D3605EE5CC
S315020069CC2D3A732A8EE5A1353D00887FCDE6402D02
S315020069DC28D5C3F447DCB1C78B4A04575A283B83E4
S315020069ECD5D3057F90D22B7A8859C8203E03B75A45
S315020069FCADD2B95868D107B00070E60A87B5519185
S31502006A0CB7770BF9A4BF5F58E257419D5C275B8AA7
S31502006A1C018E6EA87CDAF3A8EDE7A7055B9B7807D7
S31502006A2CA7D74B200C7EBB1BD7A4828C0F0A79C02E
S31502006A3C14880B73B1E496C84FDF8B34AD7DBA5E06
S31502006A4C8351B94D6B48789B908CB70F364F2859AA
S31502006A5CCC1D4C8E6EB73822113ECB7C542CBEE329
S31502006A6CB94C7DC27984C2996AB4B12E8A88D64051
S31502006A7CE91BC0D93454E1C4B1B9D598779CB28418
S31502006A8CE6679805AB98348C3CB8243E9C7405BAE0
S31502006A9CDBD99C86639C5E476E74957F6C24AE1123
S31502006AAC322F5DD55D7AF01EECF5682223945D8A51
S31502006ABC4A35D422F8EBD01F004BE38EA0B37849AB
S31502006ACCEB09A09F8A8ACE0EDC8DE35374CF4A5A09
S31502006ADCB28F32857EF1709772A6656D9322FE781F
S31502006AEC00B952826C9A6DCCBA020B8D2DB790F806
S31502006AFC3FD8FAC65654F67EE8A3B8F3A6FEEECAFB
S31502006B0CD59AAEFE7BD68E845B873652465501CB22
S31502006B1CBD33367F1BA95BDD5CAFBD39375D513C9E
S31502006B2C8F7575089E73B31BA29BB0D009DDA1EFBE
S31502006B3CB9F9480B8DE7018A09CFA26DAC1CB1835A
S31502006B4C7C86996F241F53098009201C57071EB097
S31502006B5CE2EFD43633E0E4868A1319DFCC789CF55F
S31502006B6C8E01D7561034CC0424562E7F8986E0C764
S31502006B7C4752C90C6AA365E81996D83C8C445D5BEE
S31502006B8C2BDE83D42E15332588B0DCACD2E19F766E
S31502006B9C539040DF92489FBEEF3EEE125373290488
S31502006BACF8BCD73F0AE6B9062C636C6993FD5E65A1
S31502006BBC82B0280376898C6A133FAA7E40E262E091
S31502006BCC06ABC15A89C64DC603E446E8D24EAA8A1A
S31502006BDC7B932D3323F245B2BDC38B7606DD7ADD6C
S31502006BEC191164D720D937D3ED63BA95CC8DA0C0D1
S31502006BFC1CFBD00F7CCA246AA3602697D5343EDED2
S31502006C0CA90DCB1AA5D081B036BBEF6117B6794E5A
S31502006C1CAFC8202253EDDADC56004163C54637C6AF
S31502006C2C782EE647F910C342003126EE9FCE91F03C
S31502006C3C86449A3513915FA2E6EF719F8E3FA17639
S31502006C4C4561921B8C59F490F17BB52840374FF174
S31502006C5C6C3054870FF778C282BF02BAA2F41DE9D0
S31502006C6C1D70252F2E3861ED2CFD3BFC2C4B160D81
S31502006C7C4D9724E199B9648A18434B020CA7C2B604
S31502006C8CA93642C59466B6E444C1EB18F18EA62920
S31502006C9C4490BD92E74BB299A02091D044CD45AB1E
S31502006CAC7822EAA91360678A026B81BC9A0AB72A10
S31502006CBCF46E8D99D2059CC5D734E1132EB2FE2AF9
S31502006CCCD911240FDF8E2584D984299699B4CC68E0
S31502006CDC7D673C7281E0DFC748C13B40770C4B05B0
S31502006CECCEABDAFD04BEAE588F1100795BA40875E3
S31502006CFC2ACF2530D7E3EBAE8BFAEF4EBFC84F54F3
S31502006D0CCC85D549831A311F125DA3032EEFE58676
S31502006D1C8A613FF010BB9D4F6798408E6D68D60115
S31502006D2CAADC158EB11CF03BF4553A52973F9000F3
S31502006D3CCD0FA191628CB4B5CF9A3930F68A0AC2BC
S31502006D4CCA04549255AE9711E350ED2D5692A5D323
S31502006D5CB8D6BB2926B0D0A16E3BAB3D48984B1892
S31502006D6CB8492EAA1F12B8FAD2BC5299DD8ACBA206
S31502006D7CFCCAB22075833010BBBAD196D2A778F171
S31502006D8C3072AC51A76124E7AC9351FBEBF4289912
S31502006D9C765DD6E7157270B75078D01796E86E13F3
S31502006DAC5A81B5A012F4CB2BC54A687782DBFE0258
S31502006DBC29C52D91B4E02E25C6DAB9CC3BC75DF3B5
S31502006DCC2379F161B0A23D1A24AD1556426B803778
S31502006DDC05E08D1B8F0235F6026E749B84F3F17AF5
S31502006DEC06A192D0FFF01EC0541A8752063FBF0767
S31502006DFCF4DA8113A82253EB61767BD957E6561740
S31502006E0C0D4B8ECA0431DA6D44FDBB69096E7E6880
S31502006E1CB7E02288E2D17BEBD75D295B671728693D
S31502006E2C8AF74E547B51916F6FE2B385757190065A
S31502006E3C3842F5904E42670D6F1BDB5AFBA6E9F9F9
S31502006E4C6FE0A3CB79062F1B17B15A86DFC08F488A
S31502006E5C2D7F914563459AB5933313222313FCE296
S31502006E6C6DD91ED71387560D8344CC242E2B27F1AE
S31502006E7C86CB265EB23323EDAF9BF0EA66B62130A3
S31502006E8CFB448F4FA170D22FB12C701183338E5FBE
S31502006E9C72BEB59F77673AB64339DA56258C437E6E
S31502006EACB1C8053ACCDD96D0416662DF95A2748CE8
S31502006EBCEB96F38348A50F6F3574153A5383AE4D93
S31502006ECCDB5B961A8D9282FAA7453DE28205BB6F71
S31502006EDC73DC9F4DF12B05A890F37BA0F61752BFDE
S31502006EECF901FE8AABD9A86EAF38E5E0E427B465A2
S31502006EFCE775B908B686F69A406A7F08961CE3646B
S31502006F0C896CFBE9D05F9FB9A29D1F09B275D0AC03
S31502006F1C5F4F9FBC79EFC44503960D0379A2A282FB
S31502006F2C1261B7E7A3F087568588AF168788AAE160
S31502006F3C6633A60C5564F433E24971EDDFDFBA55BC
S31502006F4CE1E6E1D71DFA5C86DC8560F182E1FDF4AF
S31502006F5CF659747084CB2DA0C10D4BE2B7871C6613
S31502006F6CF1C2171AFA7B7490B84B4EC846F093A12D
S31502006F7CC8A7EDECFE84802076D7C0F1C63B373429
S31502006F8C7888C24C93D90075CC3BDD00591ABD5B8F
S31502006F9C6AE19A5E2E22BCF107AFA06A8AB40CE8AB
S31502006FAC5B2D2B8E9EBD69FA683525750023F892EA
S31502006FBC4083B5AE36842D3AA771162BE236AE5205
S31502006FCC4BD9907CB2037DF4752029E28E8EC79F35
S31502006FDCFEAEA366AA5D6C0885F5B1F30E765681F4
S31502006FEC4356F630111523F06B052F839CAEBFE882
S31502006FFC64B5D763C10C900EA8C3BCF1A1CBCD72FC
S3150200700C9656B52F688AF16D3CAF8DD4B416723F85
S3150200701C981B203AEA32D70F750E91215C7CE14916
S3150200702C42DF690B4A5F048147CC8AEF14EEC7D95B
S3150200703C83AB7659254262DBCA91304CFFB14FDFE6
S3150200704C0C6C67FDBB8EDBE44C7CAD573C29E25FD6
S3150200705C1F8AC7CEC21ACBA1E1C8CFA204B263CC97
S3150200706C40E16112B59F9123C7378C0C310AE10CB2
S3150200707CF4642B1295D213E7594D3B53EB648B7187
S3150200708CB6F66F4175226C05060AF9D6784F597C0D
S3150200709CD97E72690A260AAEB5810E2C29C0A2CBFC
S315020070AC09393D17C7D1F6834543E832450D8F5151
S315020070BCA941F12A84711292AA0E82A145E5905237
S315020070CCA03DA71BCE5FDFAD9D1DC1C8CFADF7633B
S315020070DCB72C7567AA7DF724474926016D01E6B1DF
S315020070ECD4938BBB734F239952B7341AE1B9B48D2F
S315020070FCAD2AC567D70B183FB8EA0BEA2CCC840528
S3150200710C3AC8A442D06FC69F5D72400A4BEC19086E
S3150200711CD13BAB6123F01B7ABB372FC9B99B62CE2D
S3150200712C32318056377E5687FC4063BB0E0B61C2EA
S3150200713C9E823BE58B6E660665A56C13462053FE56
S3150200714C04AD33A842559F8AFA626272C33A427FF1
S3150200715C9108CBB91CB504CE1B108089BB482F2ACB
S3150200716C8E414D626551215BD61C9FF5DC98280138
S3150200717CD9DF33333929A1800A0039D51716E83BF2
S3150200718C3E553C5670B85D2379E503278CADB7FBAB
S3150200719C2ABDDDC38853D398740436A96897639DB8
S315020071ACA6D3177E10F0CE88CB484B0804C64220D5
S315020071BC8EC7B19DD779A07ABA17293921A40CDFCB
S315020071CC793C591505262F3F26089441304F2FA599
S315020071DCEBCDE875255520641D9C5E026A4D6C8DBF
S315020071EC57D9211333F0A143307AEC1B64C924C856
S315020071FC7FEC089C9AEDACD21A6ABEE96B4A0E7207
S3150200720CF0D2EC9D8354E9E57D01FDD91E3FADFB21
S3150200721CE00ADB25B64524219A4D86953D2057B4C6
S3150200722CEF70C1AB9466078A162B8DD161B896396D
S3150200723C9F3B863A4A264F8D0530B9715127CA9320
S3150200724C75105DD2D8572F19817F9FE62B85A19E8B
S3150200725C4EBDA0086AD15B0D2A1A381990F53C88E6
S3150200726C97007AEACFF570F83964C452F9AA6A51D2
S3150200727C488E6719B54845E9CF05A2806D2D43D9CD
S3150200728C46869AF66584DB4AF220CE031F7845962B
S3150200729CFA28C2564561545A4A98B3863F80F54439
S315020072AC36CD37FA3FC4DC1886FA01AB1F150AF83D
S315020072BC8C9E5706CC394C8401F1F50CBD7316170E
S315020072CCFC69232230D3BD4F7CC4CC1CABF55A8F40
S315020072DCBE3C99CD82935D3E77A99CA278F6BAB74D
S315020072ECC3A9AC4F47C67916111DD42EA59BDB300C
S315020072FC1E0060955D4869A3C17A62DC8E06BE915A
S3150200730C677918AC4C9142F51B4046AC6BCBDF86C9
S3150200731C2D47A35A8974A11B4D51D61147733C3D77
S3150200732C6F91AFDD6E32C4618821577CB777A57A2F
S3150200733CBBFC2105C6594DA75331C5B71F20557342
S3150200734CDDAB5A1DFFEB535A96E0BEBA3C2C5DEDF3
S3150200735CE150B17D03B807EDA750F0E0042551E1E9
S3150200736C01CDB2536A49B5C083527FBEE3A8E299F6
S3150200737C5D48D3A42D84F107E6E93C7DCAE05904A5
S3150200738CF1C846F48C56E29A71002E5D405EE0E935
S3150200739CD7568CC41FE2C4E4F06FBEF67BF9ABD3AE
S315020073ACAEE4CB15826E0462D43306537542ECA35B
S315020073BC644F9B4C3A2B5A3F54987FA22E6CAEB21A
S315020073CCBF2ACF8D91AA3AA22B863C1F8D11BF5490
S315020073DCEC6C1D33393EAA00212A370B8F7E79B508
S315020073ECF6CD5AA57644F8635E7E7F4BCD96157E16
S315020073FCBECBF8E6B16167E05089154333E02CED5C
S3150200740C12E7227243896F28D1F0980980D2093487
S3150200741CC35030B6CE101AC6A40D30D4B580B6EB16
S3150200742C9A8EA037BB3C197712FDC65D45CF969353
S3150200743C5FF04FC07E041318C52BB87D5AD258DDA7
S3150200744CA886BF9DDF3A6414CA11ED1B664F325DE6
S3150200745C66DD65EE3E2753B7FE91A79092875A16C4
S3150200746C3029DD57C9698B051709B617B8103EEED8
S3150200747CE5386FF56A122FD4E9976366FE824DFEE4
S3150200748C5D25597355FDBDA4D3FD2B1C6A26D24826
S3150200749C6FA1314F3FA1460CE739C2717179547411
S315020074AC2988006A88E7F5CEF36CB1D2CDC8F48987
S315020074BC0A91F47AD48CC382C646C25683F9D0F8A2
S315020074CC2913D6D734D8CAA834E93BF08B5B49EEDC
S315020074DCD663226B5A8BFDE61B5164A9446606A839
S315020074EC1FD5E4548A3CF7E1DC65DDB2F89805CF8A
S315020074FCFD0DCA1E0373F02DDD80655290B846C988
S3150200750CBBB1A03F0E4D650BB2D0A1811C4C20AD78
S3150200751C12F5E21586BFD26FE0513D6FE33334317B
S3150200752CDE5178E5910D864D463F1E996E358402E5
S3150200753CEC27955C99CD44D807A5636951A62D31E4
S3150200754C2BCAE5710AF7CD422DA327DAC63FA5054C
S3150200755CCE6F35831F37EACD71BAFD9095FB01903C
S3150200756CEC69B926F3F77473FA55F5C5F8CD9C1781
S3150200757CAF16A0166708338F362F8CAB3FD93E86D3
S3150200758CEED4E75D77CA2DD5663C61FD9FB9F00C4A
S3150200759CA02A54D6DD9CE970CE8A00498593CD0685
S315020075AC5FF65BFF0D3A6B5BC9547A3F821C46B0A1
S315020075BC25556B323F886F5FB91B086218B67894F3
S315020075CC58762BF1C2BEBFF1F8CDAF27F434FA10C0
S315020075DC25652D7E0CFD44E7A6363966C183749269
S315020075EC653C2949D19DE35650B8A34C08357089A0
S315020075FC871B7BEF4B399076CBB7D89AE74A1EEFAF
S3150200760CF674B7AE59251C43FD29649CD914E56C56
S3150200761C5E68782E322E47549584AB9C3BB59DCF33
S3150200762C6D665869548E39CCD3936C27482435131E
S3150200763C7D004DC01827FD0CC7B4C26888C655A874
S3150200764C3E6D89FC2418130C8F5435F6FE03CD0FB0
S3150200765C09E6B6E38FD464AF0BEDC8A645545CECD1
S3150200766CE22230C93303C85EA6FA321D71A2B7E50F
S3150200767C573F323363C8872AD6DE74A44ADE54FBDC
S3150200768CCAAB29E4DBB0E80D2C0F9C31DE969D7952
S3150200769C5FA99C4F440A57642C3EE2598BF2D4F0F4
S315020076ACB34F2A49AE2E5BEE883BBE6B27B2CFBDDB
S315020076BC8BFEE822016672901BCFDD58F9E703F3C5
S315020076CC67FA4221412A7751886B08FF8CC50DA5B2
S315020076DC01B8D85A24A42A0A2146FEFBA18D60C3FE
S315020076EC779E4EC0AB7F8CFF9FEC72DA4012CD02B6
S315020076FC325D0C8C07529DAEFF349D691AB89B5EA7
S3150200770CC0FD5383F2CD9C90D4AD22A4510CC0C7BC
S3150200771C613B0C4EB020927B5971B04CB5FE11EA0E
S3150200772C201A83BD2A568DA8C2DFE7B9A4045DE3ED
S3150200773CE999D4DB13F23EC480800E269BC9918252
S3150200774C34EBC3EF63160AAF43A37480F53C9A4D30
S3150200775C6F9A7AEE82F2E7B10D00C92E8A060B1CDD
S3150200776CFF58883E1FB65413F5DE8D25977696FC88
S3150200777C7708A9E8F3E8A79817CFB53A6A77A1F084
S3150200778C998AF2FD8392AB497A879E523449E7A4D1
S3150200779C0DED843FDD5F6D2FF21CDE6399EA9B7A59
S315020077ACBA7314F3BCF637846EB0A0A1615EE4DE44
S315020077BCC485A2A7476D620A07561D4B7E208923F4
S315020077CC1FE571AABE702ED03E520A4CD8DFA578A0
S315020077DC2B1B5A035EBDF4A9F6C82701DC4842AB43
S315020077EC0AAF0E7EF317286BB58FE9FDFF6E94A7D1
S315020077FC99D9FF702527B6CA54F0A5AECC9C51E197
S3150200780C88EC1246D1D3D237CF3928647E3C3ECA95
S3150200781C59911EF729594AC0D7E127A050AD0E69D6
S3150200782C9B7B8294B637B90EB71370F1F398560157
S3150200783CBD1EE1CA94535DB814B9FBB86D051A4462
S3150200784C814C7B1B6272DBEAFA17F03331739D674C
S3150200785C19AE0F32DF655ED0179D3677BA9129883D
S3150200786CB68F38054BFA8A0F7C53B0F76F8E3A7582
S3150200787CCBB09A1457D60C9294EE47FC0CEE5CFFE6
S3150200788C145F5595C2EE60339C103D7312D8831C5F
S3150200789CA61C5546BFC2DBC8705842B1273B863080
S315020078AC4877527C5187A609186AB7C04844181300
S315020078BC7F60B592ACDA7A6DA920AF832A5BCED102
S315020078CC3283793089088D2786BAAFFC45B92FAF3A
S315020078DC4E32A04A430BC2871849FB9921825A6C35
S315020078EC0A37F788C7C0C5BA29DD741659618DDE09
S315020078FC4D783416CD4E714E7C68F1A33B1EDB845B
S3150200790C541AF830EE5A4F8EFE800A750C6DA1573A
S3150200791C720FA899607FA07C5BBAB4A768860F0326
S3150200792C63F3F59B2B0BD72E9870E9D4B615376DEE
S3150200793C315014A6D1E2E391DAA8CF7316ED10A05A
S3150200794CF706072A17D3301699BFA3148F926A2A01
S3150200795CFDFF12C6349A78CC5A427BCDA421BEC600
S3150200796C31D4E237D4F91F27B1B3B2B42CFC5B2362
S3150200797CF9AC5258534049EFE904A4E4DE588C8220
S3150200798C8F68CBD29883AE1A6B13A0CCCC57B56446
S3150200799C91FD362DED13096697DB0D1A069A0C1915
S315020079ACFD816F2C8D16EB74688A82D2E6935F96F4
S315020079BC79516A4C6B4C7F0CAF4873CAA4CB19BE77
S315020079CC08A40FE0D0DD0B6179AA4EE2E8BD81EC8A
S315020079DCF8FA3982A4980A75C46FDC16435E85726E
S315020079EC91983F2055FB9B5C5E417468677A3A57C7
S315020079FC4AC4FEF4CF39070B4E90B3A32ADB1DE71C
S31502007A0CA402BE2E2A53FB4FE77E80238CD82085F8
S31502007A1C6FFB7B9F76688854C9DD4EE02C3EB37DA6
S31502007A2C516E0BDDF33AEF2657723D74204CDECFC6
S31502007A3C71D272B1E4F321175DF1462777B9E2727E
S31502007A4CE8866561B25BBD9ADF9807B62FB7A407C5
S31502007A5CDF8A39AAD0C702E30653876449198571AE
S31502007A6CAFEAEF4B553CE72AD494D385FB72BC4460
S31502007A7C12FA12294E46DB50C46B822E01272B3E7C
S31502007A8C0586B0C36F4709C9B711AE3B776C295748
S31502007A9CBE46BE5F02D3D82F4870E4A55569ECE703
S31502007AAC27199668D3F47E77AED550111ABB1947AF
S31502007ABC0614E4A1A5CE7C214010AAEEA766423597
S31502007ACC03F66BEF79454C311C200A68D8C63C5834
S31502007ADC053F22C77161FB10DE71E2DCC6FC249302
S31502007AECD8653E8F2A626B49E8BC5C35B81D3AD222
S31502007AFCB70DC915C66F9EFFF01B5E61F4191270A5
S31502007B0CF45714A0ADF4A932A5AEA1F271CCC4DD22
S31502007B1CB46BB6F9B93BBC2E19F0B4569E8423B994
S31502007B2CC0FEC22AE9C65C404D5FA98C2E19FEE640
S31502007B3CFA79B77827782E16EA2C72471C965CFFD0
S31502007B4CC85EC4D9E203E2C58076B0AA1E71DD5DB9
S31502007B5C5AE603993A1B3C0E2C1E9430C334CBF5D1
S31502007B6CDF212BB643E5E76E7BC25FCFD77310C31B
S31502007B7CD603D62940A1644B14496C648A572A4809
S31502007B8C3E6E597695A40094F529C9C9EAF82D4E8C
S31502007B9CB6E1D6A32460C0DB9ADD6E7B40C84E9458
S31502007BAC4628DB924F6554A332D65EB17D4F160B37
S31502007BBC7C5A9E2E58BE8302BD924A11A837856303
S31502007BCCC1783108EA0F14BCD849B1888C7E727917
S31502007BDC42BD098F0682F7267F2FDCEB653DF23517
S31502007BEC922F76820ACC26BC9722411E05B8AE93FA
S31502007BFC280B85C57A8621508B30B0DCC2C8CC8660
S31502007C0C084D4927D11414BD4B3DD1603219B9ED3B
S31502007C1C58BA1CE1740A5E14FE455002032DBE4C82
S31502007C2C8B322AA0E0627D3A1684144539961A7B69
S31502007C3C3B177A678E22004EFA8C849971B939A752
S31502007C4CA673C8C2890740F2653D3FB1664C03B0C4
S31502007C5CA777894058E9ED3BAA15020DE5503C235E
S31502007C6CFC4294FD517B38A3D5EDCB06157224CF7D
S31502007C7C5EE2C5D87C5E793786C60043682E201430
S31502007C8CDD8177EC5F4B66C49717E42B7F4EA347D7
S31502007C9CD28A17103BD3EC771F944D582E1B1238F1
S31502007CACC7360147B6EE513E176BC08B6C1B97332A
S31502007CBC6F870212B210A165017DC92720CCC1A320
S31502007CCC3CD6556232D33208ED0648156377B88D29
S31502007CDC35E8F1D7F373BF94515B3D883414AB840A
S31502007CECBA4A703EC955515DF2A2EBD4ED2F3B3721
S31502007CFCF899C0B9337304B29B7332E4A2BB6979A7
S31502007D0CDF5E44661DCCCD4EC32450099D3867DB1D
S31502007D1C9DFC1D2CBBAD492BD1527EA8A964BDA4DA
S31502007D2CC63EEDD8AF898172E8F2555AF4D82311C2
S31502007D3C8A7FE2E291FC35C8972873A4805EED43F4
S31502007D4C42041CC004909B06FF8489B117AC14979D
S31502007D5C54193F367CE5530964CF5B5215550C8991
S31502007D6C3292D767609709FEB35B0A8AC56DC9B5AD
S31502007D7C1848B2CA6DC78FE12376E117CAB4A4FFBD
S31502007D8C3CDA6530F26345EECB55896517D8EA269F
S31502007D9CF24E9518C9597802737D16FA4AF34F7842
S31502007DAC39B5336AE0B9E51B9735BE282D736ED605
S31502007DBC8E06BBCCD4261CDCDECD96FF0DA710306E
S31502007DCC065B91606586E680FCD5EE6C03E628BD03
S31502007DDCE655FB815CF435C46C66D368E0BB1A4687
S31502007DEC34236B724D2E3548298634C74649065ABA
S31502007DFCDE81E4E3EE971EB422BBA9324B33780F35
S31502007E0CF1C408DCC057B5505D36F833F9D9348E57
S31502007E1CEB3C1BCCBAE89F4FD3C450E914D24114A5
S31502007E2CFE421FEAA81E56E93084A7E46F2FC8E566
S31502007E3C6C02AB1D4DBBD7F1BB3788C2DA29B35BDB
S31502007E4C364E6FDF7DC713669916B9FB6AEA6E5E0C
S31502007E5C55A146201F80E25462AC05597E0B4B4F4E
S31502007E6C131CAFFAAACCE9F410785177D243EE2C54
S31502007E7CE52B1F6A88BA3EADF0D5CDD22031ECF88F
S31502007E8C989955CDBC55E94D0414A9745BD718AE17
S31502007E9CA5FAD5F4DD6A5C6D64B80D2772DE34F38F
S31502007EAC66AA0A1C4F45C85F0CD8815DBFA475E64D
S31502007EBCF8B1CE26D4AEA95B8044F7E21F0113B10A
S31502007ECC5DA926A89B741DE81865CE01637C23B6B2
S31502007EDC86A88580FADC04D9ACD0447258A2FACEB4
S31502007EEC4F115518F6779E07E571FA3812B1048FC1
S31502007EFCE3AD0E627446F045C569605F9DBE753191
S31502007F0CD95A9F05239F96F34FC72AF42B92F40056
S31502007F1CB31DB3489619366A2F77B235387A4A5456
S31502007F2C64FA2BFB3AD00A931FE1ECD633E8570BD3
S31502007F3CD3B82F31E0DB0AA5874E31285E9912079A
S31502007F4C28CA11525DC5631582FF6BB6ECCC97DF5E
S31502007F5CAD7555504E905F2061DD0F0D8F05949BCC
S31502007F6CCD8ACBFEACD5AC89B7E31E0D6789776695
S31502007F7CC40B2C24AA046886600BB37037A1EAF4EE
S31502007F8C870D31748FD85BFD9E149C1696F165FB9A
S31502007F9C2631B4128C3EF672E8BB65B24AAA4AF195
S31502007FACAC09B39AF32888CF9FDB65A075186F26A8
S31502007FBCA07B59ECDD3049E5EFFC6C046C23A24046
S31502007FCCC2330AB34390E82C2B7BE379EA0CABBAA7
S31502007FDCCF202A272A6FB2A34EC06CFF497CA7FC7E
S31502007FEC0E96AFACDC5AFE53BC9E38D8C5E4C59986
S31502007FFC815B4D4CED0D84F42683BC80D88FCE2C40
S3150200800CCF2C6E0F957162477DF1171A3817580EE1
S3150200801CB0E9B92C2D421B46A9FE410BCE8F830526
S3150200802C52BBCE741A54EA28BB78870A00E30EBBFD
S3150200803C85C2BF96FEEAE0F823B143C860FDAF0CD9
S3150200804CFAD73C59AAE22CB116423D4E78A7E1A3C7
S3150200805C7A08029B04ABB12658E6283E6BC87D0310
S3150200806C16661032AD3860620E0369773CB32FA9DF
S3150200807C8DE2D719B884727409D740C726A898CF4F
S3150200808C9DEEA562EB02EFD6CD552BE274B54A8571
S3150200809C228139FD8634CE60DC78BE7435D472CC3E
S315020080AC96EB0836FFA23885618C906F109A26A142
S315020080BC9E6832870E587C37E8BC29C1027C3DCEBD
S315020080CC0D4B168E38A265031A2DA1D6B1B129E431
S315020080DCC65ED4DC4A397D8D67BC70F02EE25CFD3F
S315020080EC2EE7039AA16EEB082F53DA412661B95398
S315020080FC38F8901F5EB8C96B997BAE1BD77A5A5E5D
S3150200810C36D9DC10592261583CA97373CA13275409
S3150200811C717DA362E2C7BA2E5BF00274A14EF165C1
S3150200812CE2906409A2E82C0616E05345D80B68982F
S3150200813C1AD5A3EF67D5290F924BC9CEECCD373D95
S3150200814C01B544E9C84572229F1688A9419D7E8BCA
S3150200815CBD8071CC56372A1F64BD1EA36EB85676E7
S3150200816CC789EE15F23C3DAE1F0209E95ED6ADB7E4
S3150200817CC48A3B4C5EF394438C62C6A1105C248782
S3150200818CE8DA12858D675793BA4E3AFC5A17CD88A0
S3150200819C51DAFE4AE9B72CFD9D1D2E64D54BDB73D5
S315020081AC440D8A7877AF4E791F5B9793A4027E6350
S315020081BC7BEB440B3D84A1826A28EB194E6A448CF4
S315020081CC347A530F04CE4EEF69DFC383A2EA88B921
S315020081DC0D7121FF1213A3870522A91BD9342A91EB
S315020081ECBE18D71BDCD9896BFB7F553F6C6172F7C6
S315020081FC5DE6AFC46A03628C27CF94FDC4C255C038
S3150200820CE50B74EF7C32FC601DDA8CB2D0C383961C
S3150200821C4C3D92F0FD355E0B3403552875BA160D9E
S3150200822C2B0F8E30FBB255E48DF743B911EC0D8C46
S3150200823CB78E6FCAED4D4D6D5793770FD07B2C4E83
S3150200824CF815C53F19FD30BA1DB15F68FBC653D68A
S3150200825CCA16E15ABBE4BE6C4882BA2B5716EEF329
S3150200826C05355822F8CACD16E3274DDB4FE359A73D
S3150200827CF5AB9A296703EEA5F8DF211ABB1BE1249D
S3150200828C8AC420CEA8FEA4A873A91BE9D95CB0C7E0
S3150200829C2D513666DEDEE829F3FEA57D559C85A7B3
S315020082AC436163D972974DEC06F22BB315B8616F25
S315020082BCD73DB0ACA06650AC97707547639C23173C
S315020082CCBBBD97DCC635DD3FF36C565D86E9CB59F3
S315020082DC28FB03A916617E10D6541A136D31151C90
S315020082EC1AB2F55B29E8FD50CF5B1442BAF5872525
S315020082FC1B34C0969EE9D25C59E5F0F0D1C69E8A33
S3150200830CA2D050EAF5F73D2527AFA640DA923116F0
S3150200831C6D20942040581C73D2C1FCE7FAA18950F7
S3150200832CB871EC58AA97C1A0F6CB4E343A2D848577
S3150200833C0F15464A5BFAE7CE3236AE1D7DA8DB3404
S3150200834C494A5A92D083C90552AA92F5AC95F8417C
S3150200835CC8733C52334A6FBC8ABFE62CFFB25BC968
S3150200836C58473AFC18B27A9557D759BA4998DEABA0
S3150200837C119852DC6D172016294A6B7CBDDD0AA0BA
S3150200838CC57C04221E8B1A247A5FD76AFA2EF6ED66
S3150200839C0A5B6E665DBEF78F04442777004333672C
S315020083AC4C1366EBA0ED7434E9F0A782A005C53236
S315020083BC4A9D4D827C6CE3480CE9D7521D1EB9A12D
S315020083CC229048D101EF56F24CAFD91A8709F05ECA
S315020083DC1DD275BC6B5C63E5E80F1037D083092B95
S315020083EC357910D5DA248FD4B3DB02AB4F11B21523
S315020083FC9F5D806BC529DF9CDF566CAEBD50238218
S3150200840C4D1C87E8294502CE860E60D9F80AB7DFDD
S3150200841C812D7282650EC726C34CF1315B7354CE25
S3150200842C3C23FC9EB16E370F06D684B9D1A4852D9A
S3150200843C7C1FB2E8D7E7BD3682574642FAA85D469C
S3150200844CAC567476185934BC4652F5A988D3C4E195
S3150200845CAFB65B22E63E97ADAC7E609DB127162B7E
S3150200846CA99755252096D24D02DD0173BBD7DBFBAE
S3150200847CC318FB1E6F4A5F0AF7404ADCBECC513169
S3150200848CCA310A555EA79FB32AFC81707CED471B45
S3150200849C2A04C7D2CDA0FE107264ECCE8B4F98F78D
S315020084AC56AFA2B939FCD8C3E0AE79A449DBBBA856
S315020084BC24014EAE747A0E99207ECA053FE2B2EAC8
S315020084CC947608E1A3E675CE19FC582881700268E9
S315020084DC5EEAB32D64C5792A1ABFD4BAFB949140CD
S315020084ECC8C7CDDE7E0719CC0C6A6482B408141791
S315020084FC2C4C309024DED0DDDDF553012F693AFD8C
S3150200850CCE89454EBFD18E7DE07400B1E41A0C6261
S3150200851CEB971BB24B083A152C3FB27A8486DD6474
S3150200852CCD0D3D85260EEF5569A0754FF914F689CA
S3150200853C1E2610EA954EBC6B5F9B4696ABFF2A0233
S3150200854C8766E6238BEF95F7B755789E74221BE167
S3150200855CE66E0185BA24FBDBB98BF9BC116E8789F1
S3150200856CE616488E346049E78C9E8B4652261AB024
S3150200857CB2C3FC4C7BAE2DFDA577163ABB4D650DF1
S3150200858CB7E2095668C84DCDE9D4AC4068086CE828
S3150200859CA55B45CD00FE11165ACC1A710C1C73BE86
S315020085ACCEDE990978E23367ED54D305903D278BDD
S315020085BCFB05518A1F64FD2CAB5008AD2821120B0A
S315020085CC9A7DBC69DE4789A7BA200E0EC5E2781BD6
S315020085DC9A1E890B8FF5EA8A6852DA4217A64289E5
S315020085EC5057AE1D9F2A867D88A54CEDED6D200D4C
S315020085FC8D2E815DE43C6D4BCD814FCD7D005BA410
S3150200860C737F351DEC3C08B39DE4B9E6D75BF39951
S3150200861C5867FF6E4D2DBA8C004218B8DFF8EC473E
S3150200862CD387BCB715B877A7D943188E06B6727F0F
S3150200863CEDE879BFD1EE4D907513AFE245DD1C35F1
S3150200864CF33A9A8DFC0D821EA158DB87F3F2A79999
S3150200865C07161998ED9958E67D413187504BB72D7F
S3150200866C73B8AABC2ED31F3BB9852D7345DAEE9C83
S3150200867C6858D5F11A8907D596248157BDBB8090C7
S3150200868C9BF9C312110252F47E52EE16E71EF2DB6E
S3150200869C9571844CF5598ADA716F1A749C087A486A
S315020086ACFF4974A6DEEC56BBC0C33A6B1B3EE444D0
S315020086BC664CB3C30269208FE6E4104903F5DFF674
S315020086CC736E52187F81C86EFB6F3918DCC7ACC04B
S315020086DC3260630B7F78C3029C3769BA1D8326EB23
S315020086EC7F2F0C81F4DCB7F08E11C4D5BAA0EB4FF8
S315020086FCDA08DB95341384A831E1D8FE8A1B4B4F7A
S3150200870C16DBB7DE5C4A2FC974A1A263A9481138DD
S3150200871C9296F73B888BA2096CF8EC00371769F234
S3150200872C07DAF089ECA144EBD0D4729C501BC3ED52
S3150200873C201EEB2936574202A2A65528309D348BB1
S3150200874C5D40B220F2D0AB61AD3C06A7E28F20654C
S3150200875CA6DE0FB7D44C102A9094EA6C40EA9FC15D
S3150200876CA9FD8092F4251FAC2B62B1945394AB26CF
S3150200877CA0C693DA72F7B747639DE36D1BEBF8D38A
S3150200878C238D359A0234156F5C78C02ACB22597820
S3150200879C70F6725A2CFC6E9F138A9DD7868F24060E
S315020087AC2E992E251A21F3A5EB29B2295D90A13C0F
S315020087BC8B10FEE8AA8C044E730663D41EE1DFA06E
S315020087CC655E128A62236E85EC1D4600EE92377543
S315020087DC8C3891E7847A12AF2207484C9514E44CF4
S315020087ECC593B7811FEE37E9FF303D6BF9E56BEAAE
S315020087FC5E887AF5D7757DF5A7E3FB478B10863035
S3150200880C4166206246ACA266C1509825C9E7A45DB2
S3150200881CD42D418AEA3AEDF53D1AD280FD921E44D8
S3150200882C24B8D5EEF742CC957C981B9CEAB208028A
S3150200883C332D677A554638BB4D21C37FEA9E0A32E1
S3150200884CD0CE84F07AC39C7772A373D1BE3660BF46
S3150200885C625ECE4FFE97CCD55F41AF51D0DC64122F
S3150200886C825A25FA6F52C93E47F46E3E594E87AA72
S3150200887C6720EF7BBF24AD9D26C11C7F76DA535150
S3150200888CAE941572534E01560D4A1D2FF6F31F5711
S3150200889C83F80A9DDB355D116FB34BB9F365DF992E
S315020088AC61DCCDE37E39A83C6299F9B7FF32CE0082
S315020088BC3E38B4F3B5711EEEDFF416A1170F1A2269
S315020088CC095EF4C3DF74F00C448654036DEA0DACF6
S315020088DC94F0968E7D62A5CBF86E9EEF2DBD0B168F
S315020088ECDDC66ECD7708020A9F20E6C318FB1BD2A3
S315020088FCA1B9D870A3A9444A6780D55F7D5DDC1AFD
S3150200890C677ED835818F9E4F512E12CD11AD46E220
S3150200891C7B9B522CC77031D283FA69B68124E2B2A0
S3150200892C65FC8BAD81A78EEB62CCC4C617D115162E
S3150200893CFBB152DAF6D197259B51AD821E464F3DBD
S3150200894C89CDDECB5EE6998FDB7E75DCBFD9EB5922
S3150200895C3D900AEF570F56071110B2471ED78A746D
S3150200896CCB4855BE1FAC50049A190046FBD531F3C1
S3150200897CC28329315E906B0813953358DD8775BD1A
S3150200898C87324EEE1547A29BBF926A486E121AA503
S3150200899C00EAD25B11944A39BD90B7430FF62D18F3
S315020089ACE05800426163FA86B76B98A7AFCA092DE5
S315020089BCC304B4F0375CD397252827C5CA6E27ABF8
S315020089CCD394B3CBA4215B9CAAEC782948936FF57C
S315020089DC441B990BC730EA058D9113AE43012772DE
S315020089EC945FDCC465C8E1BC7D003C30D2026EFDEE
S315020089FC7EEF5384EB397C98553DE16C06D9F881B0
S31502008A0C5BDAA0DE138C4DD81C70C1E1D3264B6405
S31502008A1C80ECCE31F5C19965B8C97A4FDD7DCD189A
S31502008A2C2889593B3C30CD3B11C15B7D6F22197AAB
S31502008A3C1AEFBEE7BA236D7DAA7FDFC0CD89841AF1
S31502008A4C0EF866EAF88D8E50185976B12310B915C0
S31502008A5CB5DF0874F73D6A8BB40A289A9E9F66F1B5
S31502008A6C325EC0B70E0295220AC22AD391D557CAD4
S31502008A7CE3C49D09EE25E36784B17ED869B6052267
S31502008A8C33FDC533C5AB1F0EC86ED1BBD3174AEE29
S31502008A9C864FBC372017F29B3D1E37DA01B80C14F1
S31502008AAC9EFFDAED6EFEDB1D9B37727F1F94432F02
S31502008ABC96F3A7F98B30D67BC1467087FE76F17991
S31502008ACC9CDF5DFBA6137B07FAA8872BAE00DBB7F0
S31502008ADCB3CD4097E67D9F0BBC80A4A0EAE5B870A7
S31502008AECD93B86061BAE25D5294E839DC3A87B058D
S31502008AFCBB3FEDB2C8FF424C34EC307B9C1D527D21
S31502008B0C5650F4AD1205CAB961CBFD68FFBEB5D796
S31502008B1C106B2DA9CB95A7C7450831B037434098A2
S31502008B2C39D36B890FA94CCF20091B88F96DCEC599
S31502008B3CCFF8906C33443FA01D873D75290F3B65DA
S31502008B4C32934A341AAC667F0D4DC6F9BE6BC89881
S31502008B5C1AE2679C5AA2A2729F13E64CC9792F6E2F
S31502008B6C00BC5660E0D630568FD576997DD7B6E8DE
S31502008B7C04F3BBC7B8C62B1A01B6D59F8F73678E83
S31502008B8C61C4DC5C9AC7811E43E67E3D02889D6AFF
S31502008B9CDF1333D48C21EE82E32F2EF8D4A54D416C
S31502008BAC2AD12308F24D7F94A23D3CCBB9DE4B8AE7
S31502008BBC5ACA1BE2230D46882BED960CDACE530DC0
S31502008BCC569734FDB66C61CD19931B9DD89A0BA999
S31502008BDC69099C8597DFC2325416F86ECA8A6D688B
S31502008BEC21B7970689633227C01117092E39CE6928
S31502008BFCE1E84C1D6DDE2A8B0AA920E3476A7F61E8
S31502008C0CBEEE07A876BCAF536FB47E1FF63846BFCE
S31502008C1C07B5EE612BDA514595FC811808E3E2544F
S31502008C2C6A1A7EF809457BF08BCE469979951F36E2
S31502008C3CF8DB03DDE0329582176B562035501F1692
S31502008C4CD07E4D6F0DF3225F868FFAE039DC733CD2
S31502008C5C898EFDC6E05EC1C53066668DBEA7FB4930
S31502008C6CE491F30D083E6DEBA16F48F41128F57DE6
S31502008C7C018D034706E599DF5B75F2265D8DD69C61
S31502008C8C5D58A26CF893F6B760105A06A64A158878
S31502008C9C6C032FE30393C9FF4DE4DB92AF7EF22DF7
S31502008CACCDD4C01001C7A1D460D45F7A16138A0F33
S31502008CBC0CFAA7AD20DB5AD94D4525F4FF55A7284A
S31502008CCC1A7068FC5D65BF871B869D38899F9572F5
S31502008CDCA67596F1B1D879E19ED977808F9FB106A8
S31502008CECC71C9DD3D1017410F10D092D96D26CAC13
S31502008CFC1957868D0EFF6821C10713DB356A6B087F
S31502008D0CE9AC1EA6A9A8E2AC661F8EA46573F75B36
S31502008D1C028AF5DA853E8B0AB452C5C0BE6587A1B6
S31502008D2CA26642DFA589115A47EF05D049D9196EB9
S31502008D3C0D4DAF7AD4E9760F839865561348639E28
S31502008D4CED671F4EB3EC49B84871A50B2E7EC5E1F3
S31502008D5CC3A299B34106FA2D1FF0BADF7DB82C5384
S31502008D6C610C0EBF620F31F482979D9520CB49653B
S31502008D7C5667A705D4FD765F79D4F4377FFA948CBF
S31502008D8CD692693C4155A804561B3801AB1F84FA8E
S31502008D9C2EA1A2DC8D07302A4A5F8A021E933A174D
S31502008DACC5BC507E868FC4CB2A7A95C22B0B60BD6E
S31502008DBC7E01A686E98230065A2AE590A698965135
S31502008DCC4E76FF106BB864DA4030C946C90E44229F
S31502008DDC9367F0CD3B7A192F5EDA039A43127EB46F
S31502008DEC26E5DA43E04DDD49C3C141EAB10A161B59
S31502008DFCA6275F5EAE482589E11AB9D7F0A5CAFA4D
S31502008E0C8FD0A11B556AFB594C44D70EC10416656B
S31502008E1CEA337EABA89504A78B261C8EFE246954D6
S31502008E2C89159F9AAFBF6EFE1918D9C94C95C30CFA
S31502008E3C313AF864471B74D2309B76A4D0D6B75B12
S31502008E4C7400179E08EC46C6B89B7D485448A9C3C5
S31502008E5C18933C1C659F3A75DAC55D4F1D8286EEEA
S31502008E6CBB93ACE50F8376B8FAFE1145A6467EBFD8
S31502008E7C7590DD8FE30D0FA5B1455E99F01EA21A12
S31502008E8C98901E54C4957D4D89B0888ABF992D3E03
S31502008E9CBAC4922EBFC893BA170D0ED4AA395DAEB8
S31502008EACF42F8080EA23CD2C8CF94FDEF0BB09CB54
S31502008EBC6ABB72103FB0DBCC267939D496A42ABD94
S31502008ECC3885F9ED63A641BF973FB2B6C0B5242CDF
S31502008EDC831ADA35DEB07336BD4FF8C053CE3FD5A2
S31502008EEC13CDFA2116D3ED24023C85CACD5490CC6F
S31502008EFCAEA19F84508E9CB05BFBCEF60A2888BD31
S31502008F0C72E439EFF2F881C57B6F45B232B9745B04
S31502008F1CB2A86FB67F34668BA0D971AABEC5F6EA23
S31502008F2C5C02BA3AB33AAAC2BED1088D2F27484D73
S31502008F3C9B6AD2E1E69AFD9C9A2A81F9544E4EC955
S31502008F4CAB44B6C973A02741CEE1D69257B3DB73B5
S31502008F5CCBFE27B11D4EA02CAC031E158715513620
S31502008F6C3AE34D9AF6211E5D831ED4822732BFFA4E
S31502008F7CAB80914BCEBD7D1D28CED83EDF24702E04
S31502008F8C4595B6E1B9757078F347224FDCFE524728
S31502008F9C60EF6F527AB96C4220472BEDE3CC2DE091
S31502008FAC16A0EA6947D41710E60820B17B174208C7
S31502008FBC53D5E041819DDBFF294354E5816B5EC2AB
S31502008FCC90E7C4266DE75B6BE5D7EF5BF6DD94B1F4
S31502008FDCEFE02A2A55F7A4364B3A14396B73B6E4EA
S31502008FECCC59A22D110B7CE3EED6D12CB5B2662F41
S31502008FFC8B232AE320A8E0F01723F3EC31E0734E1F
S3150200900CEFAD3DB806C799F48E5B86CEA7945ED8B3
S3150200901C5D77F84C10F6CC29B3090CE29E19B9C748
S3150200902C232F9289C3575F17FCDD084C5880FF66C5
S3150200903C9554753A161E5517BDEBB5410E1BA30278
S3150200904C0B385FBEB465BFF235803AC851E4B00343
S3150200905CEE33C8B772E5C50A444422C1B5738E1500
S3150200906C4464A488BF8E9160C366A1C252142FF5C4
S3150200907CDDF2CF2B038E848022299B3F87691F93B7
S3150200908CB5AC7BB4420D3F40524E949B0741900ABD
S3150200909C6BCF03DCAD2A7331A40A75C0F961619BEF
S315020090ACE9843DB1B7D63DE5A417B5D85CC3F6E065
S315020090BC7BECF5FA1B165C5D76B5634489EA1C49B2
S315020090CC003E3AEFF249CC49AB566AF83E228D7C09
S315020090DC955086225D6778A4BC75B74D03E3974F0E
S315020090ECBF04EE8FEC17BBD1867305136979DE6E5E
S315020090FCFD6B62AA18E7BBADF23AA82B78338C83C8
S3150200910C526B412433776600A79FF171E5FCD32895
S3150200911CD270A9040F2BE1F79EFBC104D3CEB96F13
S3150200912CB4CECE7A85ED6929913EE94606E92754F5
S3150200913C38F4C7A19ADD8FD9DF24F73D5AF2B91C50
S3150200914CD0BC23E5F1879F5DF364A33F4EF6E06E38
S3150200915C3F08AA23A322ED3AE52B275F053D17C24A
S3150200916C78E5B934A0A84796359D1309D737414BF4
S3150200917C6116D3F58DC11F27B21D40CD2186011470
S3150200918C8646B92053861F8725FD341216F33E995F
S3150200919CD1257E7A28228CDBD6B18BEA0EF1B52349
S315020091ACCCC40F47E5FD8936BD5DF64B7BB25750F5
S315020091BCE0399F233B21BCF6D3E775AB38E078FC4C
S315020091CC795C9CC73498C71D9251C3054FF7745CE2
S315020091DCCDAE16F627FCA3742F0AF7F61C0B06C99E
S315020091EC5B02C3CEA05599808509A013DD3F3B8354
S315020091FCF8DD5609B4E5172B1350C1B0A2ED4C3C61
S3150200920CCC663D477CA906CCAA914B3D052C2B1E60
S3150200921CDAD02111FCEA6155B19DD8BBFBA73E45BC
S3150200922C81CA7847D73DEB5A8AA1BE9E13EE6933A3
S3150200923C14C91C1BEC965EF64DFF6121270CBA78FD
S3150200924C8F60D3961EFF532CDC29339971A9D65AFB
S3150200925CC9A1A2DCEFB3B902F4600B003822159651
S3150200926C6D8BA41627099F7DAF3048E3871EE82332
S3150200927C4412C760FBF3BD7E1B4D044F32C8A000DF
S3150200928CFE58686CEDBC16CE129BD187AAEFF46B16
S3150200929C34FB7DB93A11A85DE1D1697093FC133A9E
S315020092ACA3F3D2A5E9E68C3D41B5BCA39D5D8F58CF
S315020092BC880CEB387DE8E05A42A39166E19C81E981
S315020092CCD19AAACCE70EC34E51FBBE99B94B9AC79B
S315020092DC89B866F1D7F43BC13A09F40501D8A8CE90
S315020092EC7BFF3A8CB61F2A0A7D8AA71763EDDD32FD
S315020092FC62BC11BEC72C12AD0B3D3E6E62A5CDDB18
S3150200930C95115804C8571DB9333B4B7E871156CC61
S3150200931CE7AB31E5ADE64DBB5B8096FFE2F3FA6D4A
S3150200932C2B17E182059735FF42CFFF296CF152507C
S3150200933C1CED4895A39A10DD28CB28C376BF8E8EDA
S3150200934CEC008F9E20C9621C7BDC470130531582D0
S3150200935C47C35F496227F1075C8FD013A485FCEBE8
S3150200936CB34570933A019AD29EE479C974EA2D6F89
S3150200937C47522B04F82E3C981ECFEEB94044D63CED
S3150200938C09319C7D39ECF33A4F43BC04235373F6F3
S3150200939C4B55F60D786E09DA86100C821BE84640A0
S315020093ACF853D488475DCE25725D8F476E940A407A
S315020093BCAD911F040CAC5F345D608D703FCF0AE338
S315020093CC2ED7C74B09D07CA6DFDBD92C91FC1622F3
S315020093DCBCA527037EE9233C58D3CBCE7D645A9594
S315020093EC0B5CF3CE4351D7A8CF96BBB7E60DC4CDD3
S315020093FC1937A3A249452804ABBD5D11AC94B782BB
S3150200940CF11033CE68C83167C8756E12706E0A7366
S3150200941C2CB59AEFE6D67A5709C562D99612E34865
S3150200942C7FAAE6ED94C2A339D4577A5E387A426C97
S3150200943C355A7893F8FDA4A9466136B5D395E0E979
S3150200944C5ADBDC352076D5676F75AE0BE769961954
S3150200945CDAC821EB1BBA4EA7C0CEF97E935B531A20
S3150200946C1BCA25D18868304CD652BA1FBD4F21FF74
S3150200947CC31D3FE07400D4BB316C16301035FAC4F0
S3150200948C03497ABF31CD452DE7A5A3FD940FB982C9
S3150200949CA6E3C2A44846EE40584A3F0A31167AF36E
S315020094ACB38620143688904E51CB52034F61FBA7DC
S315020094BC5C693DB0EF91F68E87297659BAC4B6131C
S315020094CCB1CF183DE5646577983570E9E6B086004C
S315020094DC96CDEC310B6961D3EFEA63EC48983652C0
S315020094EC84D75C864AEE538E7037709D45874FBE85
S315020094FC246E00F68254DA0707C70A7559BDEA3696
S3150200950C8A56021C7474F20911A612940A93BA753D
S3150200951C7CBB795F5DB43C1B5F1882612E5ABAFE26
S3150200952CB8DF1C344FF027AC3F99BFBA9F0203B089
S3150200953CF9D38C054988AADC2AEEC62D4E330E3D8C
S3150200954C27CCA7B9EA7BA6A1800ACEDA09C33A0EC2
S3150200955CCC4BE054ECDDD5B18BDB7C271E9AF24E5C
S3150200956C85499DF2AC7FA60418038D7365D9001745
S3150200957CF2BCA746876626DA10512BC91FD266ABF8
S3150200958C67E7E1ADB7CF1227C4BA7BA001015CFE37
S3150200959C39594410222BB240525A2AB5DCC7D9FE8D
S315020095AC9E2C2D4982E26AC5C5ED17E1BB628BF48E
S315020095BCB8D293E8C391BBB78FE4D38B062224C8E7
S315020095CCBF86D3042DF9C72078F326E4D886710416
S315020095DC4318BE538D7A62E4096170CCE107F085BB
S315020095EC621BDAE67992B436B18B76AC204A186FE6
S315020095FCD911F5C0819130FD7FEE66B165AA267848
S3150200960CF43EFB7AEA220CDDA5C518BD64924647E8
S3150200961CD6E862F8272295485FAFBCB43279685710
S3150200962C99BFE5779AA0E7AA9F8E62650E7D2D51AA
S3150200963CDA953538F7F5AB63DC1ACEB40207C915E1
S3150200964CEB80A8807245F2F83E1792A6459CF0F67E
S3150200965CB0B5C4529301116312F0EBAB704E5A07BC
S3150200966C18046EC2F9BA853265360D262BEF59BF30
S3150200967CD8BEE3E69FFB21A7DC90F1885F2ADFEEDA
S3150200968CF33CCCA5FDC70B9248ACFE27ED1A601233
S3150200969C37E5B45A4311E5854998B3D6B8305C0818
S315020096AC4EF2DFAB590121DF960817CCA59E49581D
S315020096BCD52BD1106A978E0C8FF17C4C66C6F54A67
S315020096CC2E34FCEA8CD78E955DA44AB5B7E457794D
S315020096DCB47C84684640E274EB3DF7E6B90EA70308
S315020096EC747995970DF70D721B762ACB5FB6CAC89D
S315020096FC7B3D9D8B0689D191B6CC6264473BBF7C80
S3150200970CE22D9901D700BA68976D2837E7988A72C5
S3150200971C506EAEFDABFA9DBE6236ADD87C9C77C957
S3150200972C3995EA6E0C6AD6F688EA0EFF25B017B2A0
S3150200973CF6F0943E386C6223A2008A2C1C8F5AEEE9
S3150200974C3B0C42DDF61C6D3AA24C85AE1A73096AC5
S3150200975CAACE83DD89E505CE63F8AF20C3FFFBE213
S3150200976C20AFA8BC5343978E003292BF6ED92A22E1
S3150200977C7922668906A937D31D9DA7C32443055DA5
S3150200978C3AD145AA473138ED52FE3A8EB3C8FFF3A9
S3150200979C3EBCD09DF13C77D4D6401485B688D49382
S315020097AC92CAC44DE2E49CCB9C4541D0E13AE7C552
S315020097BC9A3A092F286A6CFB9D46835C7A08158FA8
S315020097CC27BCC202103EC43E902C5610F7943E287B
S315020097DC79A63772AEFBA7E8948B3209C9E1EB8FF7
S315020097ECDA340027238A3E8FA826A97372475905B5
S315020097FC78B3F8E173BC0C85DB6271A80A22807D12
S3150200980C82F09943270187315C722C83F6B89360F8
S3150200981CC372339C859C39DFAFE7BDC3DA434C1C5C
S3150200982C9A4AD98DA2DCDF35610286A66E865D7AEE
S3150200983C0F36322D678109042F66994C0A8882DC11
S3150200984C1F14B4CCFC708EED5B8A02AD5BB15194E5
S3150200985C43C002C081A399529208ADB8CC930509B4
S3150200986CCDFA213F1EF222DD0C6364AD55856C6583
S3150200987CB223291D25BCD916D298BE7FF639E4AD82
S3150200988CA4C72F8F9050805B16AFEB548AABF3565E
S3150200989CF5C9C2078A397D1D53D6E85D669429AC93
S315020098ACBA00A38812AD88B7F6CB12321C5BF2440F
S315020098BCE8C7D6BB151D4DBD3EED47E21A089AEC1C
S315020098CC64E6C7F6C38EE02F111E977D508BDD1C06
S315020098DC9203D92B0D6DF3667723C14826A06050EF
S315020098ECFA0F7378246295C77C00A465BFF63944D7
S315020098FC5EBB2DFFE3F90B9F4ABEA1FACBF570882E
S3150200990CBD3DD1A568E05AD99EBEBC0BF070C42BE6
S3150200991C876B6F5DFFD3CE8841E7472B15E29A60C2
S3150200992CE0E2887BBCD7D36354328DC102CB0D3EA9
S3150200993C87745157B694EFC9E251D06018CA18030E
S3150200994C83A369B5D0278C6BCBC88053040CEA1E53
S3150200995CA44569D98405DE31EF66964A7877E6FF27
S3150200996C3586DF3A41EC1F5061BA9CABD897B7AE3D
S3150200997C6F017A86D634774D80219F33F451AF2E00
S3150200998CEE9A971DD1882E7C13A229526DCF2909E6
S3150200999C34E90EE4516B0B70ED36DEB081D7A6318D
S315020099ACDFF89506424EEFAE30F2D5558FEDE7D67F
S315020099BC49EAE5341AC0CB11B268BD993E17A7F134
S315020099CCE3061A0D1623DABECB66678D029768B3C9
S315020099DC1AD2E138E598D27A52508C9E477C3C9644
S315020099EC2276E9819B1E20D8220F2198E9654B32FB
S315020099FC4871546E9190FB393AB539D7ECB242DBC9
S31502009A0C7F7F7F00F6970EFC2D5152FE1928220DF0
S31502009A1CB155FD60956B34886E5C66D4A43F209775
S31502009A2C03AAD75F1F340ECC775A7B42CDC3966DF1
S31502009A3C28C4BBBDC504CCBAA334A8A67A515D878B
S31502009A4CEC8B1CD8AC705F0213BEA19615C8DC61F8
S31502009A5C2BDA10F8AB2590F1AD746BC22C03E8C16E
S31502009A6CFE4FF7B6AF2881CE90380C784009D4AEAB
S31502009A7CFA18ABB319695A75BE318EACD313C6F547
S31502009A8CD3950829E0A2AA7C9BBD7C9C750EF1E2BB
S31502009A9C17F5E3B6B5004B62F8B6E5F000B1F55C26
S31502009AAC4849380C72A5585FB9A47CF3D658585855
S31502009ABCC72478105D562ED9B4EBCC6281D117FA35
S31502009ACC9BCFADFC6C06A616EBAD31746077148099
S31502009ADCD7FCCF808EF3D80FEDE3185D79C54258CB
S31502009AEC95997918671E9725C7A9EB9DCA1E539699
S31502009AFC4C5F419A9ABCD1D6904DB17BE86727FC54
S31502009B0CFA90D5163FC519B1FE4255362EBF2DE930
S31502009B1C6CAB17CE4BABC1F13F2CDF455539C4FDAF
S31502009B2CF7E1EBBC15691B4E97A537F7E3C56262E5
S31502009B3CC79D4509FBC310241748639E146B1BB7BC
S31502009B4CC53C85196374A939CF2E13E5C6A7ABC8D4
S31502009B5C99F21100FF355EEB9A6672F020AF05ABF7
S31502009B6C6363CD68B5AB08C5842395E13CB98ADD40
S31502009B7CE366B623FE5C38204E800E0D07C53B5CB1
S31502009B8C1636B0BD61060F10E78D070F5188FBF72D
S31502009B9CDA63A3B3145192D893FCF4CB649CB5FC50
S31502009BAC58E329D0BEBACA1095ED480C31EB747B3A
S31502009BBCBEF67E0F6573F4E0A75B4EF1CB071A5F18
S31502009BCCCE08F0B4A0665A15B5759C96F4CE995982
S31502009BDC1DD2A9CB72DD8BA80C44E4FB11F28717BC
S31502009BECBE854711C0B27DAA94047BD68B33A40ED4
S31502009BFC513D46D49C4F27E939570F9CF1BCB2F81C
S31502009C0CFBD6EFD67330311296698285924D8B8DC7
S31502009C1C62925063D299F567EB48FD43873D660C19
S31502009C2C313347B896F9CCDEDD53C4E7E1B611867B
S31502009C3C28636C0ECFCA4BF22F9099AB531C586A01
S31502009C4C1579C8281CAE0AE8CA817ADD8EA0C172C3
S31502009C5CB27E8CBAD00909553EAC69B0CA38E33229
S31502009C6CAFD35A98C366021CE17DC4BA214D79D88A
S31502009C7C9F28D02907123BD09248EBB94C783EC3A9
S31502009C8C5F886E10E063496F144C9E83F51D4A5231
S31502009C9C7BEFDAFEA576646C8478D58259732FB77E
S31502009CAC4DB7221F412BA08930AB005C08E4591832
S31502009CBCC7A7062A39D301891C873B9BBEB4E1F49C
S31502009CCC2DBF7A4C3372CD5CE7A09C64DB0A7CEC2C
S31502009CDC926752F136B9F9EB91D293A59211E8D665
S31502009CEC22B182F584248B16D3841E5C79F5E6B4F4
S31502009CFC2072C9316871A27775020C41033EA761C5
S31502009D0C716CA744761C49234AB0E6F43A580B24E4
S31502009D1C03426726CF3139A9746213403B9489E515
S31502009D2C5406BE9817AC4C6EF3EB882B660222D700
S31502009D3C8A6506D432FE0C1DA5D596C263C648703A
S31502009D4CC09B903F6F0828BAD3232C4C070D7190F9
S31502009D5C4FDB8112616486D596C69436A940B1A1B1
S31502009D6CF43DB757E6C7BD9DF41B2F622E329D8B71
S31502009D7CC9F28F7F06D58FAD3875D9EADAF93CF27E
S31502009D8C4AE022BDA4EA5C31BBDF61809125F97EF3
S31502009D9CC709E9E841429A4499714F30B5EDE9B0E9
S31502009DAC6FAD3CEA2121554242AA10B0D6D530BA43
S31502009DBC700A6F9FD4C9D5DE85DFBE31943EA69A52
S31502009DCC6377AC5C08F7EE36DAD98E9A15B2ECC626
S31502009DDC85789BF9907A7F484BE7997B2EEDC38762
S31502009DEC5339F6589CFBEE35805C2249BAB7C43B14
S31502009DFCCCD45AF5DF6A6D7EF1C9AB718A111D8B13
S31502009E0C9585DE6B364A703E54881928ED21157DF0
S31502009E1C4D5D87C8E164B0E8D6271FE9972CE23B73
S31502009E2C0737EAC8FF6B2EDA0BA75A1B17063396AF
S31502009E3C69E4F0390272730B8F7B5FCCAF7ACA6F0F
S31502009E4C773EE1882CD7758CED4B11C9151CCB09C5
S31502009E5CF732A187034B57AE3FD7085167C0653E11
S31502009E6C0ED2D1EC09669F16BA679F5F8E828E7FE1
S31502009E7CBEDF8B9E99132FA7FEC9DD27713684E8A8
S31502009E8C39F4881832ED25FF6077B0D47D31CA7A61
S31502009E9C431C1AB22262C6250438A621C9598FD789
S31502009EAC0A765AAB0EF4EFB29F3E0E14E5D2C447B5
S31502009EBCE4A0DCEA4C867783E461717D3DAD729E4B
S31502009ECC75DE81FD3D6BF5FA31AACEBDF16406B69F
S31502009EDC31D52399981E0D953D3AE66AF57270B402
S31502009EECE16BEC81D41D29AEE00F825091AAAB4DE9
S31502009EFC16017F710FA672D875E3C03EA2F40C5FF1
S31502009F0C820B104F832CB0452B8ECB98EF265E64BA
S31502009F1C5B9E6C86628E06EAC9B7824DAD7BF519DD
S31502009F2CC64C36F096B126FD646A9E86CFF6AA9F7B
S31502009F3C8B757EBBC39F1FF8BCF47FCC9340609796
S31502009F4C1AF0A500751B8E77DFA56A201C55D00367
S31502009F5CF9BFD1336DD6538F8CA34F2DFB2FA3573D
S31502009F6CF7ED0F1F39854D3F75BABF4FFFFCF083D6
S31502009F7C1A7534CE726DE3DC04FAB2529FDFDAB391
S31502009F8C9A5872FB7BE6AC5AB1EE09B9A08FCD4654
S31502009F9CB44C105A7EEC6F9055D6354045CDED013A
S31502009FAC0B8C1AE01C417D7647D38C07341E6D9DB3
S31502009FBC687F9AD1BB94620E68FCC1020378EA757B
S31502009FCCE9DCE4B9742413786B1CD3F4FB7EBE91E2
S31502009FDC6B3967157A4FFAE2BD9E2E56849546C0AA
S31502009FEC72F3D4F512B511D85A64EDD4379F468361
S31502009FFC05083A9332EAAEC96DD94D823D4AE1EC77
S3150200A00CC58E60455BF1FB2F3FC3003945CFAC9B38
S3150200A01C3786EF7B32173A6BAC43D9FFEAB3E5BA14
S3150200A02CBEBDBE8F98B9DA2D17BD0C0C356AB7902A
S3150200A03C2128D03B71088A17D02AF616922CC19B7E
S3150200A04C6303558B1E104AA262539C6A860004EC6B
S3150200A05CF0C4C10A57D15575B146888C24F75E7087
S3150200A06C1E45E590A737A17BBD5B9A644EB8F61BDD
S3150200A07C378D893E9752A78E3495EE7093ED0D224D
S3150200A08CA7255B6FF75A497216A86BD00A16E8F227
S3150200A09C58D71A49DDC2E829F6E419A5C6D6FF6CCB
S3150200A0AC7AD5747E28C027008138B19730A2E31B7B
S3150200A0BC0A3D3BBBE047A8AEE58509D8609EBD8E3E
S3150200A0CC974BE633331780CCF65E406D87EE9C34A5
S3150200A0DC91A22F5E470098AF470FDCAB4D74389FA9
S3150200A0EC43A260A327825EE0CAE3C2C5C1F7A9AE4A
S3150200A0FCDCC82949B60DF876AC0105C257695C5A1B
S3150200A10C2810D5F6B780119CF2E940DAC369EF85BF
S3150200A11CD524DBF54CE9DE9AC24C1DE715357C01DC
S3150200A12C2779CECFC703B0B0B697F0182C49FBD51A
S3150200A13CA0A71C639D24038369A761116A36304864
S3150200A14CF0890CEB9FAB8F021EC54F0C24DBA06C67
S3150200A15C14E7EC956C5B0AA05316B9001335F5DAC5
S3150200A16C6C6E15D4CE4BE3B3D71300F140D4E5266F
S3150200A17C7B31E6046CFB3BDF6C3F679DD0D853CD3D
S3150200A18CF03D9488959937298422DB24FFFFF4B697
S3150200A19C20BF81291D00C4A2B8067AE23B91E816BB
S3150200A1ACD94BF21449B87EADED90B5A37188210353
S3150200A1BCA0C09B3934F27328985E4F64100C62254A
S3150200A1CC39F57EFB77FCE74337391674DDBAE52B96
S3150200A1DCD2E4CC60BCC27B099DF7F68D13DEF2A1EC
S3150200A1EC19E3F2A460AE34717254A6C7EA31FEF1D9
S3150200A1FC00F580F37C52CB152E1B57B216514E022C
S3150200A20C2840ADE0B06B0C27E9B5BBE00CE73B4E42
S3150200A21CB463F38347267203AE21F6E18D35DB0276
S3150200A22CF41001042B246C7DC2F51E92F796227152
S3150200A23C47852789777A908515C4BBD46314D817BA
S3150200A24C55AC996A354B56576B9931B3EDC0111C07
S3150200A25C62451F437B569CCA8E4A270C186F52CBFB
S3150200A26CCD5A78973E506296CC92ED9D5ABE922B61
S3150200A27CC02316136E1F3D6617E546C72944CD4DFE
S3150200A28CC3B57A8D4908B8E87997353EEABE99E2A4
S3150200A29C386DF9E807E0C173BD4AFFE951CF2403D3
S3150200A2AC42AB0AAB3EB4DB1D49948DB27CFD95F4F0
S3150200A2BC138BC54E5A4B740BF8C497887943FE0F11
S3150200A2CC8A3BF48797CF368209C63DFA97330F2815
S3150200A2DC76D3D8FA809CE998EDFC2BBA899A4C2F46
S3150200A2EC262C94A6E3B8A81C4509D5C92CC38E976F
S3150200A2FCFA648947EDCDA558922A2F48002513FDFD
S3150200A30C13D199FDE98230CE46526252077B6354D1
S3150200A31C079ABC1B1341F1A2578E9713F248FCF90C
S3150200A32C9DF4653A50889B9F44E87AE4E9D971F921
S3150200A33C5E06BD566A0622541382C93D3D1C402A4E
S3150200A34C6DFFFBBC13D46DE9088930F59BA0D0D800
S3150200A35CF0CC4235E3C98FE2DA3E99D9C676D0F70C
S3150200A36C316EDE1401276305B38B4FF14D2E68DF78
S3150200A37CE73438F4BD0B080A37B4AE2F58AECED438
S3150200A38C23B88AAD5F1E3A270FF2D0AC6FC23BE7F9
S3150200A39C73294BCECA05E9D473C971F40010FD18A2
S3150200A3AC144A70F87F1EA993E377C02B600CA02A7F
S3150200A3BC9A51E1AD32CA589C2729F7AD70B396EA89
S3150200A3CC8440CEAE7FFC63727CC2E51D7BABF3216F
S3150200A3DC81BE937FA78B97E159A0FB690271EF8A25
S3150200A3ECF5AA7C132AB3A4749E104965D9FA9E2445
S3150200A3FCF6210269D6EB93BDFE1F93B7CC8BE6C74B
S3150200A40C59E15E86A038D10D9AFAF7D0E4FEEBDA62
S3150200A41C751C5EE96521C85BB2686105381D40E9A9
S3150200A42C6FE958DC9B24D84F5F432BA5BBD673EF41
S3150200A43C73565A5DAACA857A7FE03A6E69FA8288A1
S3150200A44C8DB5FC5FA890DFF0252864FA2C8F61D9B4
S3150200A45C1991B18B78EB075E445F71E1D0D3AB54A3
S3150200A46C8747541F958F2E80218493D0A5C54E9273
S3150200A47CC21BC9699F8F94817CE746D7F21A11FBDE
S3150200A48CFC61D1E12769414A6CB50D78ABB650290E
S3150200A49CDFB1D1C47B498DE014CD2AAAEB2811FC7D
S3150200A4ACC0D42E80D7F66B53D7DFDE61C7976814FC
S3150200A4BCE83B334629E122D7CDF1D79777D636BB7F
S3150200A4CCB2B0DA1CA1AD520E25847102AA29F6AFDE
S3150200A4DC083E8D14195D07D099F1B436A24C885EEC
S3150200A4ECECEC94B00D1692F6294825726DFBF96DBB
S3150200A4FCD1AA86BF03DF1773EB18375B179206BD1B
S3150200A50C87AB8C949D53DC58AAC8D298D392579891
S3150200A51C3FC227F3F64D60FB496AABFD472AC7E2F9
S3150200A52C0F4EC3B759D3272BEA2441356EB690FA90
S3150200A53C9569E518627E921C0C311161DE4AAED326
S3150200A54CCCE5CEE1EDEBFF35B458D3B3D3447F4023
S3150200A55C8B42E89E84745ED0BCBC7A49FC5CB0AC7F
S3150200A56CDC57E2A848F4E27BD0BDF38507ACF5CE06
S3150200A57C7CC69721E60254A991BA7C3B53F6B4C227
S3150200A58C08830418E1994E1E48AF066C5D9E63FE65
S3150200A59CF9501FBBA99DD4DBE2FD71E78016129B15
S3150200A5AC194E45EF395D62B1FB4DE77DA3BBD1FB7D
S3150200A5BC12F0ACB0020CCE1CE3EDB669789B1DDB37
S3150200A5CC49DE2E62559604B0E070C38F678A71C954
S3150200A5DCB2CD7EEEEAF131F1AE04E73356807D134D
S3150200A5EC43FFA5DD0A0C75E3B25225F7FC550D396E
S3150200A5FC5649A7964C8E6B8849116DB624504188E4
S3150200A60C9EA968D6534FFA7A27A5C89C1FD33546FE
S3150200A61C1510F54597EB1B8336214EEFD7047B6558
S3150200A62C29583CD7A154809AB0744046ABFE136CA1
S3150200A63C915E2D9ED5504681E378BAAE2F75CA44EB
S3150200A64CAFEBCA40FDBC4A18DA786D92DB70BBDD03
S3150200A65C79B509DF5AC63A2CF0D4F3622F11BA2116
S3150200A66C24FFEE2A79533F3229A3AA3CF043ABFBD3
S3150200A67CE35227E099ED3B049CE720A22A18DBC3A0
S3150200A68CAF457B01FBC902A2F513520AEFA6B81D10
S3150200A69C94BAACF14CFA26F7B2432A303B0AE6C519
S3150200A6ACB835667CF8A9155DFB0365C5126659A11A
S3150200A6BC396774C4EC8E2620FEAD9ADB3C136C050E
S3150200A6CCF9FF8130F129EC20AC1DA76B55E20C1B6E
S3150200A6DC5629D21C71C9C59F8CBB48F7D8C5546282
S3150200A6ECCEE8331BD57161A40C565585B4F2229F64
S3150200A6FC4FA3C63B2D4CB9FBABA188C44D5DEFDF16
S3150200A70C4A8066A811BF20B5C18CF4F659EE6AE1EF
S3150200A71CCE544F7A7233C80C57F47D8FFAD156C188
S3150200A72C9BEE946185DE509F8808DE6A40E5B3682D
S3150200A73CB2F3BCB15D76D11B3CBA8D40922724FF95
S3150200A74CF7871B95B287A4B0D5FB4CC06F80698C7A
S3150200A75C402480EB6CBD05B3FA05E7F553E22CE811
S3150200A76CE0DB0FF0774BE6485618214F4EBBF7D677
S3150200A77C984EEB97AADCD7EA1B7CB43468F97CE5D5
S3150200A78C5B80C764D94FE1752A9547025E2BA719E0
S3150200A79CFB872CE6643B8BDF36949B3337726AE17C
S3150200A7AC24DBE2D19388870FE8F2E4644E18C3EAFD
S3150200A7BC3BF58C80F79A0E056DA2DBDB6F4F6F951E
S3150200A7CC14D582D90C267935737EA084022E133CBD
S3150200A7DCA9467FCCA7920562853BEDE49FA5AECB3D
S3150200A7EC12096AF1E400EEE9ACBF6634C28509309F
S3150200A7FC9A69FE36B2F421DD012A764721C441C894
S3150200A80CD2A2B7B18B67CBC8C3F95295864DE4B6C3
S3150200A81C1A4DEEE89E0EB23BF1206A6F9F76DB97DD
S3150200A82C6818B4ACEF91DB170507C177E235C3762E
S3150200A83C05495C29646D1260CF271356E159895775
S3150200A84CA5CB7C9B8C31B096F09792030676B4AB73
S3150200A85C03D26A632CD6ACEC44267C29E4C335328B
S3150200A86C47B0D0B3D43F900DD2BE573E12D4A00CF3
S3150200A87CB89AE7D4B230430603509BF8079DF838D2
S3150200A88C2FFD7E7D673433DCEDA90D3EDDC52597A4
S3150200A89CAD078CE1F8937263D471FEE65E9F34CBFE
S3150200A8ACBAF8B5F4847DB154795FBB36FBD36575C2
S3150200A8BCE9805F1FB7EB00333D608E5D53DF8C275B
S3150200A8CC0CD21286AD4ACCB4AB2DA8F93E003A4A4C
S3150200A8DC89483964842477DFC260C2A8EF6108D63E
S3150200A8ECEAA84223F51788BF54A60A3B056EDC6319
S3150200A8FCCA4591E58A60EAC0E5CC5BE82A0C3AA324
S3150200A90C891C8C3BFCC20FBF34A9AB47D545C0FB97
S3150200A91C27CC18EAE83EBE66444AD3F73490B5868D
S3150200A92CE9CC0E60DBC8DEC6049619281033024247
S3150200A93CAFEF363A21D1C1100D5BB07C574B410AB1
S3150200A94C2350A695DE9A827A63F9C0F1BAD8DC6AEC
S3150200A95CD6EB07314C9A34C8185F8059326FA3AFC5
S3150200A96C7916175D59D59BFF53A31C244E3F25C45C
S3150200A97C66B1AC7AD7D8AF65D31E59082355B6BA89
S3150200A98C4F9E81FD86E01C3C9C929CC92E9CD85302
S3150200A99CB129A2AB028ED9BA1B8192D30A70F636B2
S3150200A9AC6584D694671411401296B05E9F9D496DCC
S3150200A9BC8169DB038AE43C9C93758373DFCB686CF9
S3150200A9CCE9BC92D465B8C995A1433FCC3991FF5FD6
S3150200A9DC3214EF036ED6F12EF470A97E23B37E7475
S3150200A9EC69A47924E98F6A44EAEB6FC9F9B8B00E07
S3150200A9FC62A9326DB7059CB4C4A7132D93EF263604
S3150200AA0C6FA74B9D732A199EBFD676DB66B369E791
S3150200AA1C397DF32A21480F2A824977B336CE7A6DCD
S3150200AA2C805AB8390E6905D2EEA786BBD46EA285BA
S3150200AA3C6F7ECABB9ADB95F69531BDE3D115A9EDAE
S3150200AA4CC87C529EA03A650A944BED8A9192DB6CB5
S3150200AA5C2E367893C420A9BAA4E84A165F921A56DF
S3150200AA6C1679F3ADAEDC72F81E06008F6947C2ABDF
S3150200AA7C9797061A38179F314B477E0A4286D2178A
S3150200AA8CFCC5DAD53DBB3591852A2DDDA39799BC3C
S3150200AA9CB366C1B34760DB96495C000BF6CB5D61CE
S3150200AAAC3B77A725EB9B1D3D79D5D6F90639838FC6
S3150200AABC6D698FD72C015F6E8FAF69E640CCCB6B7D
S3150200AACCF9BE0138F69B0AA47CA75F25C8368851C5
S3150200AADC0B94F182A521D18870B2902FA5906F8527
S3150200AAECE8A81EB49971BE9811120A42EB6CF3DCFB
S3150200AAFCC8F006F38E6E2E8C3171460EE4E2CFA4AC
S3150200AB0CC5260836EEB2A891D7843FC39524F926FA
S3150200AB1C60CF3B92CCB78B302705E78CCDC5131291
S3150200AB2C37DDBD577D93E35B065F8D1FB5451E7CF6
S3150200AB3C4F5FFA500BCD6C027289747927AFD59A96
S3150200AB4CB733DD2160084D378B4DD5EC15628E8BF4
S3150200AB5C565138B770E7C381D09FDE12EFB6FE1896
S3150200AB6C23ECE847F5F05C9E6436CEE4E3258121BE
S3150200AB7C2472193F43884171A4EE4E18DA162E59E7
S3150200AB8CBBBF94FBAB2E812081060101C54C03C9C8
S3150200AB9C22EC89FE27EC121FE9BA3D36493C94BBDE
S3150200ABAC59F356FF730A7A362C032FECD96FA6C8C3
S3150200ABBC0797824B1B1228288AB5371ED0E55B975E
S3150200ABCC3C44BB63B2D33AAC2B7C96BAD2B1CC1C06
S3150200ABDCC86F1E7F9037E78DAD8C06942F62649AF0
S3150200ABECAE263D62C340BFF17A6BB90E4626A794D8
S3150200ABFC55D4CDAA0AE0B69D806FD1ADB7D035E259
S3150200AC0C871C99C71ED248078D3706BDDC34B06E39
S3150200AC1C7A51FC7F67FCCF5AA58F48C96D4086D600
S3150200AC2C86E421962A046313159A988CF055F542FC
S3150200AC3CC422D0DE7269323FFF52AFE201815FD984
S3150200AC4C0A919170CF3F965E4A7D89A9E59B2E01AA
S3150200AC5C5719BE67CD5F2099DC8B41C367FD150F73
S3150200AC6C24A57CA200D3B813F5B029FB17473050A4
S3150200AC7C0FD4BCB2BE3E5C87DB08C46E04416CEBDF
S3150200AC8CCA08E4D7B1F62594E12685386F56D7481B
S3150200AC9C3CF0ACE6DA9164B7B40E0F97FB0971215E
S3150200ACAC89518803B87BFD0D764B6DD487394B657C
S3150200ACBCE68E439EA4EE2473CCFE082B0879686BB1
S3150200ACCC915A499B7C69476700F005F2DA0F1538F1
S3150200ACDC50B8A14234870346F8629E5F5381BC503A
S3150200ACEC709615AC4295EBFA04377B5CB458A0D43B
S3150200ACFCAB45FF557DB8AA30976336DDEC955CA65D
S3150200AD0C2D3CD1013205AD4423F5436DE74D4C3E46
S3150200AD1C43FEB0380423F185B55241A5194599BEB7
S3150200AD2CC396AAB45DC3582DF55EE433D1A3DFF006
S3150200AD3C172900623E8382A7BC2ABB8C22295D435B
S3150200AD4CB75908A3A64767BD01FD274BBB568E6AAA
S3150200AD5CDEE04445236EF9249A5DCDCECB917888FC
S3150200AD6C7AD76D17F2B9780978E414348C98331CB7
S3150200AD7CFB8CA632A5CECB4EDB4983613939F398CF
S3150200AD8CCCE0EBBC91C848A7AE4D9CF47E7B1EC9A9
S3150200AD9C1737FB7046851D8BEBEFDBC071BA079A32
S3150200ADACD42B571FA832EF5E25EF84D2581BD8D965
S3150200ADBCE568CBA4FE2D1D29D9D47C73C2C7A1C4C8
S3150200ADCCDFF1A5EA6EA6189DEAD9C5BA796FF744E2
S3150200ADDC985A114B3D6D19FC4CE8D84A6E363C0A12
S3150200ADECFAFAF19532F7B1732E24AAFE2E20F2123C
S3150200ADFC8E2283BE342128921B3E7B60E65A8676CF
S3150200AE0C944848DE6BFB6884367CDC98D817CE4EA9
S3150200AE1CBBC1919895D513568454A6764349A84737
S3150200AE2CC8668477F5A2DD5E91BBC2C44BE92FB925
S3150200AE3C922DCD17990D4742CF56C6595201CE2B9C
S3150200AE4C140DA2FCE65E4BB15D9636C60AD0CA65F7
S3150200AE5CBD78D60264A8C339EE5F3C87B670EF980C
S3150200AE6CDCF5ECC07DE1E1921BED89C32BA5F7362F
S3150200AE7CE943C743C33F1334DEBA7E82B44D85B76A
S3150200AE8C4EB28AA471BFFA35E9A7FE839BF3EC4C4A
S3150200AE9CB9081C4B9DA26BDEDB20B24C8DFFC1E5C3
S3150200AEAC3325C2357C59892735EE7C7D20007F08F7
S3150200AEBCDB2B83E77D1FC15B0A3714D3D5E80DD391
S3150200AECC9C758B38703164A37C7FE08E98DCC3F35F
S3150200AEDCB8E7473D046B7C918D7D91419D3FDA47E6
S3150200AEEC3A918B8E81B9FE3D03EE5C361BAF479BC6
S3150200AEFC7C19D6312FD1DBEE746E7FEE9A00C08CA4
S3150200AF0CD4D6CE9996DA3B2FA4438A1721180CB4C1
S3150200AF1C841623BDE6BF890FFA1D9A4E0D10B1D0C9
S3150200AF2C5376010280C3016A4C7077DBA774A3CCFB
S3150200AF3C4866EB14B0597D105535D8C2C23D4D1931
S3150200AF4CD2565A92EC4166C572FEBEA66CAEE92981
S3150200AF5C89D4000E8AEAAD531241071A388B750D45
S3150200AF6C627D03D028C2C419E57B49DF44B22B0F9C
S3150200AF7CCA3109EC48AAA1C7798C9E1B8F7CCC8757
S3150200AF8CBE72FDFA81497941D4721D8566518FFDD7
S3150200AF9CB21D0CFBCEEA67EEB8626C9BCC94CB9AD4
S3150200AFAC610F1DD07C5E09EA742FC2931A99B00701
S3150200AFBC9530017BF598A4162E4F2D8ADDAD3BD626
S3150200AFCC79C2DAC8B947C552DDA0AB2C5FE89BB98A
S3150200AFDC7C0E8DC0BC85A0F042819693B4D65AEBFA
S3150200AFEC48E4F1902EA066007992DC2FEB948CFD4E
S3150200AFFC91580CBA557B65AF94D6B6B7C5483CDAB0
S3150200B00C1FFA5DE9B098FBE2702851329241CCC529
S3150200B01C273D1DB8B8D67433908CADD6351323970D
S3150200B02C9331D5E34AE0A59B425CD8C7B847DAD13F
S3150200B03CAC33112090B0B5B72B4C5A3CBEED990DE2
S3150200B04C2897D5CD5EF511BE13CF91EDB1710911CD
S3150200B05C493F1EFEDE305C3E9E6744DFDCCBDF974B
S3150200B06C5680B3B0AE2B9396D480969342CE2AA634
S3150200B07CB3EAE69A8442EA65805DE1B229AA6D4694
S3150200B08C26ED430B27DF09680BF3F4E35196441ABA
S3150200B09C65B82BB73FA3DB42B7A94E2F38BC99959F
S3150200B0AC4A016E8B41476F8C6A9E2AA26110333A13
S3150200B0BCE6CBF3154FD848BBE111A27BDC3438281A
S3150200B0CC1A7F3F3F3AF0BD5632208D44CA38FFC82C
S3150200B0DC8F369F2E8A85B47CFE4D63269DE3AE5831
S3150200B0EC9792B0369846677B9063C3608B8F30B568
S3150200B0FC35065F14E45EAD400EE4D9E363FD7B5C7A
S3150200B10C07D201A7DA68E0055353C96AAB10FE1DD4
S3150200B11C4A27DE00975C608DE99DAE473DCF44C65B
S3150200B12C0DB1E7A8C14A191F8E298A0D6D4CB008BC
S3150200B13CB38895732B1846116CCD525AC8E34F053A
S3150200B14C8657536976EC2209012A029D515EC81371
S3150200B15CFACDD74594AE7A84BD2518486840B58693
S3150200B16CB3C69B94478ABCF4F06E4AE8043A692744
S3150200B17C36C30029F47B3503C0551D693959C52BD5
S3150200B18CE1F4D69340C73FF84FA099C535A095E890
S3150200B19C91573DEEA641AC86C95932C8922037D298
S3150200B1AC8589FFF2BE74A84E5DEA93970820D78F65
S3150200B1BCB4452BBBF68E851ECB7089B168209A9945
S3150200B1CC3A066183A601EF5A2C5F56729AE04A2818
S3150200B1DCFA923348E8E8880C9529CBBB0CD498A78D
S3150200B1EC18F9A07DDC56C00F37A5308D3F3B0EC239
S3150200B1FC412359321F33C1943008066FA0F845C556
S3150200B20CFFCA8CE3AF6968470EF507A58627E3FCF0
S3150200B21C8EABBFC977405A7F5C24935F018CBA6CA4
S3150200B22C9311CFB926C73D67BB3D30AE279299A77E
S3150200B23CA760C49FDF67008A48470267BC476FA5B1
S3150200B24CDF29ED957E94A5D17FC03706509A7F14DF
S3150200B25CF71263D67142BABDE2FCF4FD97B37F9046
S3150200B26C63CF342FBCFD7D33FFB29E129726233457
S3150200B27CC26E743503BF274EE65C09A83F0796F1EA
S3150200B28C4360503B33C9655A745B1B4AE71960B776
S3150200B29C659CF5FCEAA0EB08F0794507C553F287E5
S3150200B2AC57F49205D9F795E8C4ACE31876F7829071
S3150200B2BC100094D355385C455D98E11E52ECB1A84A
S3150200B2CC1E570BBC7DDC68D5F19639CDDE29C2A0A2
S3150200B2DC155AA04D9C25910A1304E3E0BBAF95AD1C
S3150200B2EC25994361DA5A724731575EB5177EE0C02B
S3150200B2FC4D17757FF8636F04972A9F17355BE1B775
S3150200B30CCEA5B89A547F9116A98C5D36F6D92935F5
S3150200B31C89D3B28F9261A743EC845C94C02525FC39
S3150200B32C352D54B58DFAA4FA19C24FEEDEC3DCA044
S3150200B33C9D36FA14AB0A3F6B82962A68DCBC3785BB
S3150200B34C3648F7F34A63D21E1ACA4B325F19B2A6B3
S3150200B35C5FC0330D5DA9F9B8E3A09ADB2609E6F4C2
S3150200B36CA0A0987D7C16C30B76E00B8B0923EF44C9
S3150200B37CE0885EC93363D0EFBA2F64CEE235665CE1
S3150200B38CDFE76C97231F663C70004E53F5875E9180
S3150200B39C76F1E5DD67DF4CC2F0832BA8EE9D9F8329
S3150200B3AC27BC92F5FB710150A9FC40CAABFA1C678B
S3150200B3BC31FE5790456E9F62735A9B6BC27E18EF95
S3150200B3CC059FAA9FF780B912364DE9EA2049DE336A
S3150200B3DC720352958A0E84CF338CDE65D3CCF4C2BB
S3150200B3ECA264CF69A33EEA0A443BCE48C0B2A7E5A3
S3150200B3FC6F4031E9943AF650D6E02B432D2992EA66
S3150200B40C949EA983C9C35A0F6814FB58E372390078
S3150200B41CB8CDAD2ECE62B49EB7D377871762E7BB93
S3150200B42C58753EF200C1536620719DD0596A80B0A0
S3150200B43C536CCEB61F6A4247733F884FF11AD264D9
S3150200B44CC856F80D7D3EFA21B883CDAFABA339C7EA
S3150200B45C871E0EFEBC1EE9FE4B1FB69A0CC7E4DB1A
S3150200B46C467E856B2FAEA544EACFE97083A94CAB19
S3150200B47CE0D5FBB89B0B6155BDEF053713CC2C728F
S3150200B48C3534E5043E805E2745D5AB8D713E3B8156
S3150200B49CE688998F81EBF071C0FE85AD1F09D33D0D
S3150200B4AC41060DEFAC8041EBC6AA338D4B1E6E7472
S3150200B4BCA9E2CC79365B88B75703A9BEACC524E89A
S3150200B4CCCAFD5E92E82AD0E64816FF23DEDD6499B1
S3150200B4DCE792C3111A5B6E034AFD9958C4CDF3B3B6
S3150200B4EC1991CDAC461D8A8D534CCE92F945631BF0
S3150200B4FC3420252231CCF29227921541CAD3195007
S3150200B50C6853A0098E695169BB7ED84575298C741E
S3150200B51CA251765F2F3C614C3A620AA9AFA574EC34
S3150200B52C2FFD33FB7EEEF896A622793492FA8E54D0
S3150200B53CE0571C87F300458D3B26BF71CE16252F8F
S3150200B54C7E60DF86F1A17FF7961B631B49002847B5
S3150200B55C17CD09AB0BD183FC1FED2DB2F9052E10BD
S3150200B56C10FDA36B71CF448ADDEEE4BC8694E368CE
S3150200B57CB078CE057D351FF614655818E8643E2062
S3150200B58C5FDCCCE14FE70F05B6D54561652D843BF3
S3150200B59C6077944A78DE2F1F3B92E7529A1E9438B4
S3150200B5AC479D60CC9D9B6A930074D67C594F928CB6
S3150200B5BC4DA50080D22532CA77D260D69A4682C56C
S3150200B5CC5EB4125704D1029C87A68A581E3B9DDE96
S3150200B5DC7833A484CC051B463903380E7A58668D0B
S3150200B5ECDBCC25CD7C0F9CF805C1CCFC7F15401617
S3150200B5FCA680B66661F6404DF45A7B038BE942BDD2
S3150200B60C7C3E4976A520B724D0AF416C02967A03CC
S3150200B61CCD74453ED697CF410F0E2E3D3804D42F0E
S3150200B62C52B66DDB9DCAA13511A6731FEF2C85AAE6
S3150200B63C31716A751D54E4580A72B8DE2F263687A4
S3150200B64CAE01E6B417D331D572B1444B6115DF4B5B
S3150200B65CA4DB2A3BA9B4D465FC1C1131B4CBB2F6DB
S3150200B66C8389F6ABC8890E3BCDD989DE6E43726FE0
S3150200B67C6705767C74ED171A12386CC3C82717C780
S3150200B68C5798BBA9148722A08678E1ABE3DE921BFE
S3150200B69CE430CE127093D7F76BC6F945B165CF5A23
S3150200B6AC961F79E62E5A3FC727A6E7898D0452576D
S3150200B6BC478333159A304008E853CD8F9ABF2B92A5
S3150200B6CC1F191A581FD8073BD9B4C44A467FB46F00
S3150200B6DC08CE0422BCB7C55005734708AA6BA00155
S3150200B6ECC3A2AA261CEE25A1F4B2B74D382E15001C
S3150200B6FC746E0EFB181EF8B0144B1893B2335C45DD
S3150200B70C51D9F498334EA17EFBBD1F2E059A415C8E
S3150200B71CF2FF08D5FA7E897EAA6037C0EB64FF2C4D
S3150200B72C280C9ED14B23117E56CA49D8FCDF6802DF
S3150200B73C6A4D5383E9D083C080A3F91C0E3B49FFA3
S3150200B74C1CFD1E55CAAC8C88143C2399F69E0C2102
S3150200B75C95023FE979A57CE2A3E0936DFE721FBCCC
S3150200B76CDD4E2E68B27731EBB2543D9A2A8E736651
S3150200B77C8B22166714D6D8673F53AD9BD6229135CA
S3150200B78C78D9DB9191E37F948208C554AA49EF9745
S3150200B79C08407586E12E9B5DE1F7164F4822D40EC2
S3150200B7ACC998957D63078935A1363B9FBB8E41FDB2
S3150200B7BCF9C8B07C5AC17ADA09C371518BBAB75E31
S3150200B7CCBC3F8AD971F2B77FD5EBC852EC820E58C0
S3150200B7DC1801E7A8C912063B51EA610D62644630AC
S3150200B7ECF0FAB5A3A32DC2A5C1B45E103F9F858204
S3150200B7FCB8497159F168B18080CF0C3991E4D11CEA
S3150200B80C7720C630AB2969C1D0549643A55BBC32AE
S3150200B81CD0D1C8961F4745FF39EB2EB1424B8E0845
S3150200B82C8C8565C5E8530FDF1FC78AE3B18A3B9C3B
S3150200B83C7E4FBEADC509972D64745FE3F79137BF92
S3150200B84C2BB44619C013EE9A22E658A7C236AC3F61
S3150200B85C90ACDEE4303415C5DB7CB9C8B83386DF70
S3150200B86CD59B425C20B4B3AE3538A800250CDAF56C
S3150200B87C12858A70B558CBE0A4AB7EE53832D8A4D3
S3150200B88CBFE72B8DF53F1E41AF5CCED5C4C062AB74
S3150200B89CBC9476ED9D393CD5A5C3450B25CE5E4BA6
S3150200B8ACB0F813FA8A5BD31CCD74DA9A17C43DD757
S3150200B8BCE286E9C84734871B0C59F5FE1EE5B480AF
S3150200B8CC56504BF4772B45331226C433E91DB580FB
S3150200B8DCAC9E4E86B702D0CB4F1D300095C7082CB6
S3150200B8ECEC647A932BB8DC398017554D07CAA957E5
S3150200B8FC692EC2E676776469BEDC1CCCF180679B46
S3150200B90C3548B9409C3571830DEA9A118DF4E3C31F
S3150200B91C62C995AE7D2DC7F62B57BDC5AEBF95EE4A
S3150200B92C5BBFA6567F05E53B21A9E33416880EB408
S3150200B93C98346C7BED9701F99F2A85B7B21AD11A06
S3150200B94C0E34DBA7D1CDB3950ED49B62A69CD351F4
S3150200B95C4510F17DEDFA64875E7CD07342AC0D68BE
S3150200B96C3EEBD12CE356A00843DF4EC21C18268FA1
S3150200B97C829ED28F6E19628A62371BC19027DE07AE
S3150200B98C62D7D95680A749737C07E0932D35502888
S3150200B99CC4711E2AF62EAC631D1AE82B9E4DEC7E44
S3150200B9ACDB5BF592B91A25138C152B0B11600B3C2C
S3150200B9BC6E788B5273E1FF30DC2E4819229DE41C03
S3150200B9CC481334F02E121A51076769A3E2A2F9073B
S3150200B9DCF8242DF00A682560CC042E0B30157F98BE
S3150200B9ECD3502A005032A8CB2645A6B7BD48E68EC0
S3150200B9FCBE2C56688A40B07A437B529BE7E89F413D
S3150200BA0CCDB20A85DE4665A68F450AECF977E66164
S3150200BA1CB618C12C6A2107587D286CE265CD063909
S3150200BA2C2CD7AFBECCE2824A860F332E0A68E7F3D6
S3150200BA3CA9BB9D021A55EF26DB380088901DF3A28E
S3150200BA4CDB00EBB27BC598BCED02C6F469FD55E989
S3150200BA5C45EB4BF848B3A4418F442A0404113A0E21
S3150200BA6C2554369889E5EF0CC03FC2696D9AE104FC
S3150200BA7CBEC7D9D494D7005BC64F4CB867E204BE96
S3150200BA8CF52F5FFA60EF26116B18CAF9CBBFD3CA32
S3150200BA9CBFB62D1C35D84CB4BA3BC6E59F415514DE
S3150200BAAC902CA15716666282CBA1C1482A707B1BC9
S3150200BABC7179F4FE6E1A914390B4D06BFE85107BAD
S3150200BACCCAE650A6C27E416B22E97870437854A925
S3150200BADC14055100AEDA115D182516749786A6DB8D
S3150200BAEC328B5DD30B27C4A24926203D210BC9F10B
S3150200BAFC38F8108FD5165DEDFB0658861481570360
S3150200BB0CB8692F68B65D47FBF18FB48830C7704AA7
S3150200BB1CC0ECAF552EFFFE6C9BBF8897B49C3B3195
S3150200BB2C628C645A28F2F9E88210F1FB5335909034
S3150200BB3CA833F5825F3621E9328830C49D22FE1481
S3150200BB4C46B27F62ADDD031FF5E497A0569F7821BE
S3150200BB5C0FDDEBCDAD8E05C8934DBEC2A606ABA3CB
S3150200BB6C87D84D2DB95282C341AFCBFBFA324585EC
S3150200BB7C739A6AA3318998192957848C46FDEC1558
S3150200BB8C15AC4ED89AC8A774496C0EC04183520B99
S3150200BB9C98C7D668E94F7B3A5429715C8CA90A9CE2
S3150200BBACD1406A7F1939E573409BA10C98466A9D70
S3150200BBBC1747E67EC312752FFEEA5B1A5125F90961
S3150200BBCC0C6AE588D3EE15853A79D8F69F3EEBAF2B
S3150200BBDC915CA64CC7788270B4082A3DB25355477D
S3150200BBECEB2AD9F19C8C0AA909A2CDF251F9B240E1
S3150200BBFC6ADCE21FCF726EA35DF292D3AA264AF6D4
S3150200BC0CA7892EB6F7676E75E802BA27E408853A55
S3150200BC1CBE7F054BEBA5A0EFE4B7032EC244372536
S3150200BC2C9E3925BF86E3C6BD32A9A4F7326FF9F356
S3150200BC3C38EDB058AA34491A7FFD2987AA3CB99621
S3150200BC4C447221C683251EE6E3CA9DBD22EB195119
S3150200BC5CABB95D0ECD5BB98AB4EEE1C8AF1C51C46B
S3150200BC6C30205FD188CFB9EAB3FF9E0F82053DAD76
S3150200BC7CCD202DC2A83BC506300D686BEBDF99FDB6
S3150200BC8C92C01016C5FD34123731DECB8A38837159
S3150200BC9C746EAC3C8EB19B2E268599C98473A4EB2B
S3150200BCAC2B9417218AD131DBF29F0AC800BE3C8045
S3150200BCBCF58F79633CB12641EA894C77991E3E840D
S3150200BCCC6B5D21568F1806DCEDBA1E8F8DD42C8730
S3150200BCDC1E46EDC098623DEC1D5349460A514E5C18
S3150200BCEC56764A08910E2562494B019FA09EE61490
S3150200BCFCE53AEEA005E58708A56EE3C09D5D54BF47
S3150200BD0C26300822B2B3BB37DD0AE9A923BAA9CA7F
S3150200BD1CD0058FA4C2BFAD95A0C0F37AC6C2C5DC4E
S3150200BD2CF30042EE53DC2AC51B3C2A6457B2996FC8
S3150200BD3CB5C0BDDCBE9B27B1451C339B6616C00540
S3150200BD4C79BCF6D9D3B130A493AF9CF6314A2CB157
S3150200BD5C5A717E6D49B9E39C5ED3B7BC33D44F1886
S3150200BD6C6492D82D265EC2ABEB0843009CF64B724E
S3150200BD7C2C0C510DB9F3D4F96D58D12E106EF20765
S3150200BD8C50908D46B379C946D3692AC3E161112F06
S3150200BD9C58E9C1B48B1BDC46D37B6A9B885C99D968
S3150200BDACE45E0694D268CAF0573221B346CD1FBB65
S3150200BDBC271E341456E5B490D4BD0FE20C3F7B7AA1
S3150200BDCC67F21C688D7AD4751A8CE1D9E868815AA7
S3150200BDDC95A0921BE6F2AB302E5C48BEDE94E6379B
S3150200BDECF2B0D3DF0D19C6818B48932C7D92B6FB2C
S3150200BDFCB7EE21EB58E59CCF9BB858E1AE085F2B0A
S3150200BE0CB2D51328509A372BF18A15F04C9CF1F9BE
S3150200BE1CB369CF6E867D9E7FB022577FDBCE5E0FD7
S3150200BE2CBF57F918BF03EBD86F58214D0635F64CA0
S3150200BE3CA3FBE9BE087F37354A0437F4BBB57E1E31
S3150200BE4C022E1C372E342E85C766F5D4AEF48589A0
S3150200BE5CE123E34D96962B455CCDB748EA92FB4C13
S3150200BE6C9611B43F04F516E0165585BD1BD5BAE6F8
S3150200BE7C89736889BF597732AE67AB909099BFEADE
S3150200BE8CC0A5CD59E6AAB86923269CC6792823CB28
S3150200BE9C82DBE6BCE89F620E39EE4912C4CB412323
S3150200BEAC55082CEECA2F9089171D0BA266DEA83AEE
S3150200BEBCD04CF09F449C6DCE3AD3E30281D43B9D89
S3150200BECC9A4CBB01EF75C496AF5F85BEA3137C2A51
S3150200BEDC2CDD6CEBA073058E52B0576A04C74E86E6
S3150200BEECEED8A5AC9FBDAB0F0DC0EF783B55116ECE
S3150200BEFC7A2CF70048AB05D4E8EE8388D980B5DCFA
S3150200BF0CA7603F5186DF912AADC9B4DF2CC5DA7A18
S3150200BF1C5CEBBA22D16F4FF6411CFCC359679909E7
S3150200BF2CC20D736E40DB8BC89298CA00BA62405D32
S3150200BF3C980D932C57D8868D8B1FA50D05B5A15E32
S3150200BF4C13F468BD2595E3C68ECAAC2B318CD2D1BF
S3150200BF5CBA5AB117AF2E0999CFE534A164AA6484F3
S3150200BF6CF80F5CCD519B65B5CEDE53429FBE751C58
S3150200BF7C73C7091A94508E4B26AAAAC7DA6846C00A
S3150200BF8CE5BC660CB19FC1CC1F90657F537FD5096A
S3150200BF9C14D57D378420A39847C35E447919D526D8
S3150200BFACCF37EE1CAD8CBD72A5FC5FF9E29A0A4C3A
S3150200BFBCEC5ED782E55ED6F4B53735C2FA822DA38E
S3150200BFCC3A4EB8F9A3BF765BB088A01DC8BD7BE517
S3150200BFDC48ABE2BC961E78ABDB4B8DC9A2835DB82F
S3150200BFEC854696E73C45C0332D41DAE24461EE08BC
S3150200BFFC4E35ADB3640DCD1AED46619DAE0028D516
S3150200C00C151F6A3AF5E148F8864F609372C5E0BC93
S3150200C01CC04DAB057704E21D0C8D48F49CF3CF7C26
S3150200C02C627ED1095C06F220A11A4D8C266F9E0304
S3150200C03C669786C6D2941100BBA5A4F7BCE43DE76D
S3150200C04C92F63ACBFD5CE4FCC084BE85F93260897B
S3150200C05CA248D34567DC68F4B2AD9263934D38DBE4
S3150200C06CB9B0F52D977B3A9324846433AE517F9005
S3150200C07CE8ADA151900F627645CA5A59693240E52C
S3150200C08CFD09BA383503F1AFB7F597FCC38C7CD4EE
S3150200C09CB7D39B3521847F4871C650C5914782DE42
S3150200C0AC14639723DEEB6F40AAD6ADBC27C71CB22E
S3150200C0BCC7DB5E2E7DFC2B9D488E01F1CCF111F671
S3150200C0CC0DE8CF8D3CFECE12540817C2D8CEDD5DDC
S3150200C0DCBB11FBA2DE24A383D4C77D911387CDA209
S3150200C0EC55141B5B40D822C640E2CDC1C7783553E6
S3150200C0FC698865650AF568F7CFA8FB9F21E97E8EEC
S3150200C10CED7C33DF63DA9162D3F9DB4E38A392D935
S3150200C11CC8964897D7195151AF6A795FF44E0705FD
S3150200C12CE152DEDB38B8E51B4F1AA2822398950F33
S3150200C13C8CD06D2093E037D6F3B2E0AF338D7E719F
S3150200C14C26AD40DF703555B8DC325AE5B196131D73
S3150200C15C57009377CCA502F70D5D4B0D0599782AFE
S3150200C16C36FAED63E28B924337E76A12433E560A7E
S3150200C17C77F09D5A69506CD507E284A108DCF2F27D
S3150200C18C756E7486492F2FE406A29DEFCC604FF98B
S3150200C19C2F9002BBFBA2520B354760EFC4912018BD
S3150200C1AC9FA33E614AD15A38FCFE75CCEB1152372D
S3150200C1BC1ED96A3C0FFB6D64FF013CB0EA64AC9974
S3150200C1CCC48022638DD35CC6F5F7367705512BC531
S3150200C1DCA46AE10D89C2377EB0A2ECE51537600779
S3150200C1EC6C16566E912F799764C3AEA66A5A896CF1
S3150200C1FC001B3EDC69CF8979FA3B5C3325F81715AF
S3150200C20C67FE5F118DF10AD8CF373BD2F8AD4403E6
S3150200C21CF595D20B8B872F4A2972954E374FAE67FF
S3150200C22C7B3F9BB0E82ADD15790B7201863373B01E
S3150200C23C070D67DF2CA276E99E0611AECBFCEF60EA
S3150200C24CE66DC1D03A61E3D5789A8667F325E4F5B3
S3150200C25C2840B938751524A0F3611920EDAAF1B45A
S3150200C26C7B20CDD210CDB1F24A1D95D8141326E1FE
S3150200C27C5A94B6F2212E34C5309B70AB6B64972D53
S3150200C28CC8FF17D47A4A478104B34D3AB04C02E838
S3150200C29CDD684C67E9FBBA25391C1AA24BD2DF754D
S3150200C2AC6E6585CCA09B8B0D09361CCEEE0C1B82C3
S3150200C2BCE5CE3BFBBD2ADEFE42B3A51EBBF331D84F
S3150200C2CC4EAE76E102E4DE6D70528CC99D796EED4E
S3150200C2DCBE75E8D89FBC2466FD4B102E5FFBD0734F
S3150200C2EC3779C14E4160B23E03293D78B4F2A7D0EC
S3150200C2FC805BEB4BC39883C7319E476516539E36BC
S3150200C30CB76C154E4576B86F7F2E09EEE3C3EA3548
S3150200C31C2565B58ABB09162B9340799A0CD1802BCD
S3150200C32C3C90081C36C30315FFC9A987937DC0AA86
S3150200C33C74928AE74978C20C692ADA88F99E22DC59
S3150200C34C1010ED3B0E4DFDD7422EE381D18506939F
S3150200C35CA42A51D4A3956CA4713EAF149DACB9C159
S3150200C36CE6A8AEB3820A5B2EC8931FA8D53591A652
S3150200C37CE503AF1ED90ACFDA33AC80FFE1DB0F7EC1
S3150200C38CC1E25E17FCDCEEAA988B8FA10D7B1634EC
S3150200C39CD448A56287D52F66CC123592C567926AA8
S3150200C3AC12BD864DEA7591D9BD7BCEBD0A5ECF61B3
S3150200C3BCF4B44D8EBD283B60F5B83FE3F4EF6CD276
S3150200C3CC2378C16FF9823691DB4465AC91B79541FE
S3150200C3DCEE57569C73AAEFF32B3136E17887DBDEE8
S3150200C3EC0EC730F81FECEE2B7B949007F5B0CA8A79
S3150200C3FC1A2458AA305D07187000EF9B6BCAA879ED
S3150200C40C3B5D55C15B0181CEDF25084BA39D6BCEEF
S3150200C41C002511A96768284144646962FDD598898B
S3150200C42C06D7EF2ABDD6814FA1B7A97F3A9950A458
S3150200C43CA8A389EE9BAEFA937C452BD5274A0676A2
S3150200C44C1E62C68425F73C0B7286983456202B80C6
S3150200C45CDA8997B21B485303276CEA4C0EF2DA734D
S3150200C46CE8CDB8F8611104ABDDD2F2028F150AA041
S3150200C47C0F8D4E18EAF74E487FE0E7B472E16C99DD
S3150200C48C66E2B2B3BD75843AAFEF7CCC3387343EE9
S3150200C49C65324A5B5569A8CF5823938C65465F3E35
S3150200C4AC5119712795F72217441E8A5AF8F170937F
S3150200C4BC773A66ECA871BEAA91795401470D9B8C0A
S3150200C4CC0614A0D775D4A0A19607759688BFEF0E51
S3150200C4DC490572017200AC36AC8F0A032B4466C94D
S3150200C4EC156837DDBC7E41868A6685E15347F5437E
S3150200C4FC17F05F2491012AB0F41D46888A42B15383
S3150200C50CAFBD23E5BE3A33E1C9C7301966BE58142E
S3150200C51CA8342DE06F49FC4CD9517AFC3D50C64BE0
S3150200C52CF8F262394FD92E4BB92D9306D66742A42F
S3150200C53C241B21632AAAA6DC2D07FA0EA6BF0A37EC
S3150200C54CDC8182046A82B69276F3488D36C48FA851
S3150200C55CACBF5B03802C9CF3B06FF64AA6771C4EDD
S3150200C56C8D0CB4E550DBE2AAAF110679573F36299A
S3150200C57CACC1B50C20DEA9BE6958399FA371D1C6D0
S3150200C58C93CFC38FCE578E6908A4341598E26541B2
S3150200C59C32FD3B47849A39668B46CBB052A291AD9B
S3150200C5AC1D295895431E252E1189711DCCA6717C09
S3150200C5BC8711077FD656E7F2B05375496A19D53DEE
S3150200C5CC601498B17FD080AFCF68BF53285061D02A
S3150200C5DC75C71EE9D12F185CBEDA1C6F9BAA1B828B
S3150200C5EC7E9AD4C7237732DC4AB1723CE7D6A9527B
S3150200C5FCB8292A54F3C5D2BB92CE01A8CA3EAE00C4
S3150200C60C0C0D8EC365F59DA911429CC9E3047C5899
S3150200C61C56B6AFB3EFDFB5AEF1F789171D43814DB1
S3150200C62C57BB247CD230F9E98B1B5D211AFA99DAB5
S3150200C63CD1AB15D30E123CF1B26EDD0BC7BD7F9595
S3150200C64C2428476E87D1A235D4DD5C90CCB515096A
S3150200C65CE0C479EDFE9B4D34A3A6B6520BD35B2DEB
S3150200C66C7A25985D6B65B47A24FC777D7A6A2E33CB
S3150200C67CC1F64CDB3357B3194E1749CC5E05B6BA25
S3150200C68C48B8858E6AFC5D3D48840560E042777841
S3150200C69C18F6812EE4FEE28E7176FA1A226DC59E8A
S3150200C6AC1045F388FDA389117B1D1C3A031D923C90
S3150200C6BC824610766493BA1CFC83B02B9DD920CC8F
S3150200C6CCE4778A19CA5F79B613AB32DB1BA3F6FF82
S3150200C6DCDA3D8404F0B027D5F14AE1E4F094DE6643
S3150200C6EC0816D75453525BDDE6344F8A115DFBC6EE
S3150200C6FCEB130D88DDA3793089F7C057D131E7D01A
S3150200C70C99B93C027D94A597D4587D71345D6165C7
S3150200C71C2C1BF08B3F948005DD4A3460546D922CB1
S3150200C72C53A613311B7637551F0EE85B773B9DCD0F
S3150200C73C2E75BDD301D8EC8F76A46BDD0C5B003263
S3150200C74C74F98198FDA7A0AC474C9E740AE6B273A5
S3150200C75C9EE7814E6A498D2EAA3E37933DDCCC5814
S3150200C76C1CEA3373BC2E070DB298162690898F09D4
S3150200C77CC6E27F4440B0829D9FC3DE03891532D444
S3150200C78C7D46FA16E02E8561250C2ABBCAAA25EA35
S3150200C79CEE291D2E5C6E4824FECEB735521F06209E
S3150200C7AC444FBDFC434B328BD650D1550093030BF1
S3150200C7BC714AEE87256DD8E8AD45985086828E89EA
S3150200C7CCD385998F85F61D93D4C059D6CFFFAFE189
S3150200C7DCD26683D6C7CDC44A49738CDD252208EAB4
S3150200C7EC27398586F6567F4806AF5FCB8F1C286A9B
S3150200C7FCD68D57943F65C66A1418424015495B6E2E
S3150200C80C01B388711BD2BB4931B2F453BBEBE24A7A
S3150200C81CFF0FF2FA94E67D66B1E36AD40A3BE62A86
S3150200C82CE70EC130643F13087371C0D71EA6CF142E
S3150200C83C1AD8E8F17BB65D099AAD299A3CDE0179E4
S3150200C84CB3B27A48425A023FCE804B2E0EBBDCE97B
S3150200C85CC7BF79C55E463F9EBDAC65CC19F015AC1B
S3150200C86CC56EF73559B99A2426012896A076B09248
S3150200C87C708EE6939180CE99E2224AA875FD714498
S3150200C88C560F4D0BD3F6B564D226117FDEFC3BAFA9
S3150200C89C62DB4D81D365BBBB75CFD62D3CE7676D8D
S3150200C8AC18185C3CA00E7961FE05F9D414BA4551F0
S3150200C8BC9568AECBBAB503B6EFEC88434359D22092
S3150200C8CC886A45AD4D1928CE95BE5734BD9A35DAD0
S3150200C8DC0001442EC73EF8AC1C9DAA68C16EDCB999
S3150200C8EC5492F175E60432EBB028DE0AA9BACFD01F
S3150200C8FC72689B94E24985F7EBACC1383E5F830BB9
S3150200C90CFD63F1F47238998EE1E04AE9CD7C9CC361
S3150200C91CACEB80709DE755E181ED3DEA2D4FB20CF3
S3150200C92CADE63966BDA0F454FF7D1BC535D58C73B7
S3150200C93CE0A55AD5D9D21D88D7D721ADCC60BDCAB0
S3150200C94C91646B116CEABCF0E7FA16A8F9AEBC1648
S3150200C95C76C1A49F17B66F20664561E694D7C18C43
S3150200C96C1099C68B8ADBA99BE924540CA334177144
S3150200C97C15E408E47B90D08864DA33800929BF90E9
S3150200C98C796F9655A0AC6D01CE61663F404C42C2A2
S3150200C99CE21A5008CD9F405DF2A6025EEF16D8C48D
S3150200C9AC4A7D6B30AFACBAA628657DF2A88049B534
S3150200C9BC8E7078FC60AA7E63D706D798EF04213175
S3150200C9CC337CF9D7C45E5981B95AD89C9B6E4E53A7
S3150200C9DC9B6ECEBB50720BC17418D1FC692E873577
S3150200C9ECEB5344339F6BCB836CD312717C26C67686
S3150200C9FC5D4425138A33791EC5B039D371C532D13C
S3150200CA0CDB83867283B69B068DD637B04104955D61
S3150200CA1CA8E97CA7A96131E8D9A0758BFE5B9025A4
S3150200CA2CED199B68653CD71D266DCFB83DAA4AAA5F
S3150200CA3C0B22695BC94032D3558CB936FE1A77EC98
S3150200CA4C185E2F432FF2BAF0F9AD151EBD39674C9D
S3150200CA5C0D2712FA2CDA0CB92AAB034260AE00731C
S3150200CA6C00DE5B295EFB4F4F3865B2F84B950757D4
S3150200CA7C9782ECD9CD217B5A1D22BC5FE84B502301
S3150200CA8C67BDEFD9F920497B7BE2AEBE3D008F55DF
S3150200CA9CAD454F6CB6864D78FEA56BA4536C24D867
S3150200CAAC4B59D3B196715018C93C3B5A397241D580
S3150200CABCB03F435431B37F18BBB262B2ED969E04BB
S3150200CACCDBE6A9AEE5965B69B46A06940AB5DA8E1C
S3150200CADCA22ACF87AFBA42547BE23C831501CB80A4
S3150200CAEC74CC74BEE5192BD7EBEBD150E059022A64
S3150200CAFCB274B67CAB17126F5FCE408BC5E1D121F7
S3150200CB0C75E0BF0149432543E615C8C91BDE637AA6
S3150200CB1CD480B6E2437D813101B75A92C7A18B7498
S3150200CB2CD3E00C234072BCAAEA8FB957F519F8A2C6
S3150200CB3C50FAD4D1C6890CF982F697F0823EC99086
S3150200CB4C2262636629DAE4046FE82F25191A92FD2C
S3150200CB5C0979C8852C1824A8C12597625B2250BB7B
S3150200CB6CACF4DBE7CDAA02465A845152589FB7E47D
S3150200CB7C88C05A26C30B7280A59420CF9A8125EDC4
S3150200CB8C8254D835BD7B447015BE6D4A4027D4A25B
S3150200CB9CA18BBD02EC733F5EF70E0691ABE8D9642E
S3150200CBAC45D14871E5252CE20F2F2B361F5857110C
S3150200CBBC331109C1052E45C05FEA253766D2E3E774
S3150200CBCCF381B5F02207D7A1D07EAEAB7E5967B3FF
S3150200CBDCA5E7515E1BF4D1F79C81BA0166B179B314
S3150200CBEC89682205384D60B9DBA8B283FCC9688A0C
S3150200CBFC88E7FCB1CE3DDEE7239BE3EC26C3969198
S3150200CC0CB5C473BF0A7312C633DE06A5BBF754FB53
S3150200CC1C50F24CDCB280BAC81C19B423537250FBC6
S3150200CC2CC2278EEED9BF251DBECD01B083C2366F8B
S3150200CC3CA0685B6ABC9CFA1C21346F29C53547EE89
S3150200CC4CE40E3DEB07F2D5A74AFC63ABCE44842E29
S3150200CC5C33E5815DDABA6541679B6726456C90FEC2
S3150200CC6C59F798469030A9B799764626F967810600
S3150200CC7C9D2678C7357E8AC794133A01BDC3CA6C02
S3150200CC8C53F8AB54AC523FCF17307B96D7471109AA
S3150200CC9C6AE7885EABCAFBD248AEEAA0802FCF67A2
S3150200CCACCF83A6E34485D07CF062C1DDA7EFB81D25
S3150200CCBC3862FAF4706C973FE7CD5869CDC2269864
S3150200CCCCC453EE30E623641A399ECA4D4BBD6A260E
S3150200CCDC08005E5230D9B68F273726229A01197F61
S3150200CCECDA0D7434988E0A0B0A3AD40339881F204B
S3150200CCFC6B0F7F5E78B7B1DC00C5D62E15BB155708
S3150200CD0CD43000A1344C02003CD3A632443E1A6BFA
S3150200CD1CA5B10D5B9AFF629FE31C2D6B859C77F97F
S3150200CD2C85BA96BFA1866DEE850F568B90374C123F
S3150200CD3CA6EB64E9F875617A7324005166852B01BA
S3150200CD4C92824D8898BAE4322BC575FEE81C30DA0D
S3150200CD5C5738DB4AA073A13792D7DDAB69645A9276
S3150200CD6CAB98CDBD16E40FCCD0C7F1EEC751FEAFD2
S3150200CD7CF597BD4DA2295D96397FF4EC1B82E78DA2
S3150200CD8CACAC286653650C7CC7D8A3FEC50BF85B06
S3150200CD9C328BA63865E655B9819072668878D96F5A
S3150200CDAC01B52006F1618C95653D0CDB7DA2CA7539
S3150200CDBC0FF570DE289DE2A33C0692F9F4796DB567
S3150200CDCC06243C001BCD839CCCA4D1BDE696DDEBA0
S3150200CDDC8C1CBC14DA811D06FA71F486B9D6B09491
S3150200CDEC6FF8690B776C18330B2E87233F89B7F2D2
S3150200CDFC3D29B9C63C45A9BDFF26A81A3A09144FC6
S3150200CE0C0F1AED5FA632E3CF89AF51AD71051782CA
S3150200CE1C330A51BC4606187AAC79AE6424918D8AD3
S3150200CE2C3A317D1D7817055D40C4BB78328EF9BB4D
S3150200CE3CF18668151DC39C5D44AAAD89269D396988
S3150200CE4CDE6BEFE3D922295A0CC234D569A6F25508
S3150200CE5CD9E9D0C14CB532975179B6CAE97A059659
S3150200CE6C71746553D584DB2FB9D295E61B4E5C9251
S3150200CE7C471E68C0C7F89EFAE4F056CD2C8AC97EC6
S3150200CE8C317FA303EBB19FB3D70F92DDBF1B95CFB7
S3150200CE9C89C3D8351C012B9E2E096361C2A68F0C41
S3150200CEAC78548AE4CCD16476431FF591C851D8AD37
S3150200CEBCC6810A71D4B1BA6AC4A6ED3C1848671287
S3150200CECCEFD2207F86C54EE6FEFA0379EBC26D9C45
S3150200CEDC9DCFE3EF6884E25BA91038F720689B7359
S3150200CEECC1C81AEC64C5A01F1FECEFC477968782E3
S3150200CEFC286D7BFC52C103FB91D14C8E9C6EE6C510
S3150200CF0C5BB2C1E7CF5D1CC8D2A13B04DA4794B829
S3150200CF1C15A736BD1C64C3ADC4DF1FB4E7E4941C6D
S3150200CF2C69E8C9778704E4F8AB51CE177F5EBBA1DB
S3150200CF3C0A890D9D3190AB7F6D3B10C26947B6B223
S3150200CF4CAA483824A4F08185F7C9F3221CC5E2AF9E
S3150200CF5C1FE40719449FA6E1AEFA711429A5F16FD5
S3150200CF6C71AB72C2CFDE31C275C689129DEF2865CE
S3150200CF7C0260B3B60E38F41D5136A73ABA7B89D77E
S3150200CF8C567C1A6EF365A57961DE2400F33E5BD7F7
S3150200CF9C0577D0BFD8AB73A84B7678FD2F5276A601
S3150200CFACDC2DF72E77DF8BCBDCF8B245068AC54E25
S3150200CFBCA8FBC2611137CABF5F28137C16D3B59280
S3150200CFCCF3DC7280D715D2DC3C5540B2ACAC8C8704
S3150200CFDC86DFCDE01BB8A4717610987A229436259A
S3150200CFECFE7950663B15A46366F5D961B32751E900
S3150200CFFCCD124DB4985DE749B1EED64E9B26F7A8F5
S3150200D00C37102A2393716A684AA9C8FE2984BD354A
S3150200D01C6060F323AB4FDCFB16B4C29A32B432D245
S3150200D02C351629E540ED0291404AAC0B3797068737
S3150200D03C9E5B6A0EE7432F2D0947F0959E05449F8A
S3150200D04C70574A1C1464C6CDCEFE9CA5BBF8E2757D
S3150200D05C2C72CB3FB771B1EEDC2FFB582F6B1B9E9C
S3150200D06CEA1E407B34B20F456C6CB3189781190ECD
S3150200D07C1C549030F744259C68FC8358A7AA190EB9
S3150200D08C0177C41D93F408BC0060AA503FADDC2A9C
S3150200D09CE5DA1CB4ABF2A614CBAFA97BC1589D9CA6
S3150200D0AC173397285CE575BD6B2DFBF2750A50207C
S3150200D0BC72EC0D02E2B8FFA228BE930E133BCF8987
S3150200D0CC92B721C70DB667C6432C8295109467ABEF
S3150200D0DC65BA3C17A013BE48C25BB6132E5A57D775
S3150200D0EC332513F2C151F1898A1EBE0626C3A8EA5C
S3150200D0FC796496097F968ED3E159FA879E5A1FE474
S3150200D10C879B9C2F117A93E2D9B2A5BFBB158EF8D9
S3150200D11C6DBBDFDBD0C27CB9C694A7394F1628A7E4
S3150200D12C2236314E136B523F0DC64117F995FF56F7
S3150200D13C9FB80078B838F14BA4100B021F3AA11015
S3150200D14CE45A90A33AAFB68E457E404F725797D4A7
S3150200D15CBFA633B73E0074EDA54B3C4307CC939365
S3150200D16CC5D27D5867C8B810E50023B6714E527405
S3150200D17C56CD0BFFE686E41043FDA8C86408DC1CFA
S3150200D18C22F375E47FBBA9016B7231CFEA91552963
S3150200D19C6CAE16678A12212EC4A326F411915D1C5D
S3150200D1AC740A9226FDDC92E7F3B95A9E03141E42C8
S3150200D1BCD0388C2677056E82CEF746D463CEF7B975
S3150200D1CC8B6DAE1AC343B8A801ACDAEE59521B8367
S3150200D1DCDD61F4471D95E8A097C30F2827345ACE74
S3150200D1EC24B29CBC41666273D963021BC030DE97C3
S3150200D1FCB666B59F70D4561506CC5488B0FBCBA632
S3150200D20C989BF41128F394E51ED684D998879249F3
S3150200D21C4A22AFCBB9F77AAE44BD87BDCD56FFEFE6
S3150200D22CC259663DEC808721DB56D3610D6AD33336
S3150200D23C71FCB35356C65B84E601B650F15F149586
S3150200D24C0FBE21B8CEDA64C271860BFD5FCD545582
S3150200D25C9866BAA203961BFB8B9F2B01BDFC6D86AF
S3150200D26C54C6D001A12C7A9EA539F10E91C1FBBEF2
S3150200D27C6A4CBF2F5905D50E334499B2DF5C429ADC
S3150200D28CC36E20E3FA6259EFA6AC36D1F3A8910A23
S3150200D29CFB38FCF417A91BE22A1A25E4E3FC738D6E
S3150200D2AC090738BE8EC661932FCED88D1A1612EB8D
S3150200D2BC0B866FE883DC68255C69654F790870819B
S3150200D2CCC41F814850393C0F0DBA98EF90BED7D087
S3150200D2DC0205BD8ABF6DCC76BCC7437C7FE0CC7E93
S3150200D2EC99FBA9BB45B97AC2220DA5910FBD64C69D
S3150200D2FCF57370E3B2E873BAE5DB7E6F231F4774EE
S3150200D30CD8441172DE582F54838FDE2DE56B014201
S3150200D31C58FFFA6A097355110A101284ACEFD1B987
S3150200D32C96F83E9E768D64375C0823556733F0F586
S3150200D33C3C09250A44E10D1D24B3CFAE8F5B3CBCE0
S3150200D34C375A3CA14EDDA14E4D0DFE2C1206A3837F
S3150200D35CACEF65E7AF190B3C6EA193586E50815436
S3150200D36C2301021A3F3D12A62EF1E4B6A9CB653B68
S3150200D37CF822B562DC1E6E27975126D169C7EC5C82
S3150200D38C61BAF6D7CFB4EC47E5CCD886129AB61169
S3150200D39CF8799BAB3FD499A04393DCB94996EF6DD0
S3150200D3AC7E56D41E5CC20C86C5EA26C890DE7F0B5E
S3150200D3BCAA205575162300AA38264A260462CF5B84
S3150200D3CC98840E5AA831F9D6D5108C91D764EED220
S3150200D3DCD4B33603DC4C917101D8F428601DFD6D73
S3150200D3EC246E54B37E8EF416DD4AE59129378437C2
S3150200D3FC43BF2FBD06D4504053B7339F1F223F9DC8
S3150200D40CDDB7CB8737EB660C5D5BAE288D42AB7412
S3150200D41CB3F88895559BA3D517FF777DDB1F568DE1
S3150200D42CB10D95A72F10ED5DF902A20AE32D76F147
S3150200D43C955A2B952869FB431B2875C13FB5952E2A
S3150200D44CAB1E0543B29BCB4C4F20ADDC72DA6BEDB7
S3150200D45C21675A648FD07CC54ADE7E24F0BA2661D7
S3150200D46CBA837309729151ABE30CBBD6185BC3A892
S3150200D47C3603513A44B0F539356D386F6CED5C3183
S3150200D48C8CE247C7BC9F34D46FAAA4CD46AD2CC63A
S3150200D49C406C48D8C254C8E51BD2CA6EA16F5465FB
S3150200D4ACE8EE875DCC02A4B2694B0A8CDA5924CB1E
S3150200D4BC70893EE7662328A3A1DDF591434EC72C5E
S3150200D4CC0397F9FEE80CFC3A5953C41B10C78A356C
S3150200D4DC01757CCBFA9C14143786AD26693C58042C
S3150200D4EC67830FF07BF541CA2C6A7D717C54925C82
S3150200D4FC9672D7C5F54921E9621769FADE1D95AE12
S3150200D50C3CE0B978B75D8DEB4BC595090935BDD9AC
S3150200D51CFE97627C237C1F4358E26F20D2367074CE
S3150200D52CA58119AF417F52549B7D84E510F8334E89
S3150200D53CBA9E8A3402EEA849CC22876BA64540F8DD
S3150200D54C21DC29CCC291E437EDEF42BD11898E0A5A
S3150200D55C582CB11BABBBE1835A3EA086FA02B6230A
S3150200D56CFE5405BF75DC935A76FFB27ACEC30EC152
S3150200D57CAD3FF2EA605F037BF48679AD6B482F7D93
S3150200D58C215BCB6A423F1C310E8E497F5AC37336DE
S3150200D59C66839BB7CB5D74A3902BDAC1681A2B34C6
S3150200D5ACD805956DCDDD8CE255D03DD8532553E784
S3150200D5BCA507DB4E6B6F520265C394E61948B53963
S3150200D5CC13D6B452C61DDCE0DC95A5099E924FEA31
S3150200D5DC61700D0FB24F8261B22FCF5AFBADE8F6D6
S3150200D5EC87C4F9E150B7390D52F841BE007485650E
S3150200D5FC9BE5E20BAB1BC0394EFB02A164A2993828
S3150200D60CC00D012690F64A0AFE4377FC38103456B2
S3150200D61C7684968D58E6B0FD9173A00FDD62593E65
S3150200D62C391356A946714BFB5C91D4A9E5AFAB44B1
S3150200D63CE9A913893C76B694E9D79B20A63C4413F8
S3150200D64C721A546B102A91237B21661DCF31F40476
S3150200D65CB30D108B11E404134E6A5E5734FAF2AA18
S3150200D66CE46BF614B299F6AACF80C7536F319CAD10
S3150200D67CABAA63926302908B7F2F611E0B0FE1EDB7
S3150200D68C5A9D1F0AEA6FB3DE86939D3E6258C12CE1
S3150200D69C26559FBFA851D884BF12718FF05323BA57
S3150200D6ACDB9E0E5ABAF379E0AC46ACAADF0AB6A0F8
S3150200D6BC60FDBA12708E5A6290D2F91BBAF679B81C
S3150200D6CC4548DE3EE0D7EB7AE50ECAC993A0D57E75
S3150200D6DCCBD5D9138780454B5F83D78FDCB8F36DD7
S3150200D6EC9FE6A4CADD02391C50B6E84B50250E90B3
S3150200D6FCF69836E24021E4668A802F7C0D9E5163B1
S3150200D70C9B3BE28C9F6863A5B995B70CC3C8CEA2A6
S3150200D71C6BB94F8ED40E5C4896E30E9F35FDEB0D1E
S3150200D72C01159C2874A5A20B00A429457B8918D83F
S3150200D73C76B642C8862CBD75AAA32C8CF16813202A
S3150200D74CBB7B9954B68B266649E2A2FEA321CF5126
S3150200D75CF825DD7468C5299CEE2FDF52421F494914
S3150200D76C833CA79A6FA354F779711834EA664E2D47
S3150200D77C0F9E565B665471E07D946B06CF5D751EEB
S3150200D78CDD73C11BF2FF87F51E55CA19D63D78DA31
S3150200D79CAC2EF299629394E58BF2C4B0ED85A3A2FA
S3150200D7AC62ECEA209277676267A90787742A954E1C
S3150200D7BC54EAA83FF7952A9DD2E944BA5BDCC3B971
S3150200D7CC061A7F06B3B7EC436CD3FF918CFEB029D5
S3150200D7DC94BBC953A82AE47695D1F7FEFD2CBA223E
S3150200D7ECCD23E8CA30EBBDD025CEF0970A925B8BDF
S3150200D7FC6524A2216060521AB115150F1C64E8C18A
S3150200D80CF4B92A48440FFEC27E1AA4512367537AEE
S3150200D81C390AEEAB7E2EC448FE64E00A6E76EA90B6
S3150200D82CB282ADA98C3303C4D0D12715DBA5B318AC
S3150200D83CBFB29D26DD401FA3C521106E8D018E9AA7
S3150200D84CC8DC4C4970C6607C4E07A722ACA0D4C972
S3150200D85C14C801DB21F68171FFF5C906A0423D6CA5
S3150200D86CEEB2C94BB6F794D10C7BA9CA35BA6EFD8A
S3150200D87CDD981B061E3010AC7B6CD91EE366EE7669
S3150200D88C6330FF46010D1A936295AA423A0774BB9E
S3150200D89CDA1CF54B50632456E903DC4AC4BC7824E3
S3150200D8ACEBFAB3EE4F201DAD5F5AB439D08C9FC143
S3150200D8BC677E6A1E086C52A65E1C3A5E74722781DB
S3150200D8CC75EC61C541478E9EA5AC12B2E1437FB0A1
S3150200D8DCD99FD373F61BA5109A8827261FC1DE93F0
S3150200D8EC891C33E254C3AF06A5A6DFCEB89966AE41
S3150200D8FCB21F1D11EC52D19BD1D4221627E9491520
S3150200D90C2BD7B8ECCF41C644813696C88902601D26
S3150200D91C4466A989DD45EBA018465F381ACD3FF15E
S3150200D92C72B557A0814AE0D37407057364C52758AC
S3150200D93C8156123378EAD34F83CDA2D73D8F3D92CF
S3150200D94CEDF0E58CE4D38E247D00F2E6C04D3AA1CF
S3150200D95C39810E959A0405923CC7BC964B6F9393EC
S3150200D96CC2B0F446E10D9F6A25FB0DD4FC2BCA818D
S3150200D97CA62E4ABF36327BA1F9B456BB13C576E83E
S3150200D98CEB0B3F0B83582EA8E21FD99E90B5D1B252
S3150200D99C9BB6AC3C6E60C950C3C0AE42A5B64AA794
S3150200D9AC32D518AFDD449500DCA05B5F259264E8A6
S3150200D9BC00B2F1FE3FA2EA9F27A062B3FFC553EE67
S3150200D9CCA3E4BCF0763CA5B2AECE25B1F6CE76ACCF
S3150200D9DC82B69ACFD653B5D8012CE16D9E5BD2E8AE
S3150200D9EC3CB590F1B3C775ABC73C088CECD37887C2
S3150200D9FCD760D90BBF8066C5BF75C2AFE760B3F8F7
S3150200DA0C29FECC999B876EE4F2461A027092EC843C
S3150200DA1C0AE0202F8DE9781A5B74A5A08A8DCA10AC
S3150200DA2C563858047E5293D3EA3A3C889707320EFC
S3150200DA3C669828A365C2E795C39919FC5C75BD085F
S3150200DA4CF5CE910F343BD6156ECBE910ED875BEA1A
S3150200DA5C4D653B2E6B932C43F7E48047A0D50B39CF
S3150200DA6C719464E0B5AA4943C19B8378776119D84E
S3150200DA7C92DD79DC6BF585C9C9F7F98BF10C265960
S3150200DA8CFD23B7F9CF79CDE608656F79B1A3E69395
S3150200DA9C67D2445E1D79AF19FBAE616EF2D42137A3
S3150200DAAC32B50205D55F7B958998804F5BB895C6D2
S3150200DABC98D503ECFE7C5EAD8E9E6234D5D082AFD9
S3150200DACC08D71DBA9CF2CBFF93633420432789D423
S3150200DADCC0CB43150CEBF2C33301E70CF5BF632441
S3150200DAECEDF70A52F76D78A4C047AFB5C8B60F6FFB
S3150200DAFC770F7514F0AB5C13FA2B58B43F5CECB988
S3150200DB0C3BDF2C5723D5E3681A46FF8B80188037E8
S3150200DB1CCD30E1C5D5D02C0EDDD1FC2539BA49293B
S3150200DB2C25B769C3F70EDE1EEDBD9E4DBECB19059C
S3150200DB3C9170E2D8BC7A72FA1A13F74E2B9DD080EA
S3150200DB4CBC385AD905C8F56EA35E95FF3093771A81
S3150200DB5C0FF93F04AE810CC99EF824140DD9A70601
S3150200DB6CCD186286F1C3A303AB11E76537D60C5DFC
S3150200DB7CACE76D1A8EF585F579598E43A8783589F9
S3150200DB8CF761BC0D87AE603D3DB232C2F390B6BBB7
S3150200DB9CB4F034EDF76884D59B8B4A38828D0584B4
S3150200DBAC4980107EB038650D65F92AB73752B20333
S3150200DBBCF23DBAEB9F02ED2F35DE4EC80F501A64BA
S3150200DBCCC6D125C5CD413904442EC7632126D80CAE
S3150200DBDC421AE98330D0766979449291A3D949CA1B
S3150200DBECB075AC99A91E03D3764F5B08D983B516CB
S3150200DBFCE41058B58112997567D5226F45B4014365
S3150200DC0C792D02849256E806A1CFA64002E9E6993E
S3150200DC1CCAAF153619B9F42FA9582569887A7FCE59
S3150200DC2C43FC7BCA4CF14CC2FF0C9071CB825B0954
S3150200DC3CCB48C16FC00F4747CD4931DBF47A4B2D28
S3150200DC4C0851F724020BC24CBCA4EBA5B440BB444E
S3150200DC5C51B7B23C02487B124C9F261AE3D6995B0B
S3150200DC6C88F77A7A66C9B8E32F20A182357A733996
S3150200DC7CDD2E7280A2316186981A4D017A7B4002A2
S3150200DC8C35D27EB91E356946721A15C95E3F0A6DC2
S3150200DC9C3E9916CE727D57BA1CEA8C778AFF543699
S3150200DCAC6954F1D9276DF13E533C4E8195A7620C0E
S3150200DCBCA0FDC71A614ACFE9792B97051ADBFF87B4
S3150200DCCCC4F9A949058B0208000B53713A1A78A7B5
S3150200DCDC94C0F49006CBA2FD0A5062305F56266CB5
S3150200DCECBC40F5B7A9DED29DFABDF5735C395E7FF1
S3150200DCFCE8FA514A20B4CD1F460015F0C02BF37C2E
S3150200DD0C4F3CD365196C2370361145C1BFD4AFE5B0
S3150200DD1CAC7F35014C15BC7266EE2DEAC8909D118E
S3150200DD2C066DE500A3E3D7343FE1AA1A3BF38DB1A6
S3150200DD3C945798C94ED41BB35B9A9DFF6E9A9A4E12
S3150200DD4CF87F751464879A1745C0CE39344DC7BA15
S3150200DD5CFEF33CA0309773D932DEC58394920190C0
S3150200DD6C3568CABA2C348D7CB2055DCCC74C9E8CF8
S3150200DD7C0DF42E0B971704D9059B9470C12C73EADC
S3150200DD8C24E6B130AD7133E7421B52AE22D2E6170E
S3150200DD9C1468BB600D962734717B01992DFC8D3A64
S3150200DDACB74CC33877B596AA65C5B74C74A76176D6
S3150200DDBCB7BBDEDE3FD7E05DB161EE51A733511141
S3150200DDCCE2B47ED73FCCF35091109DF2B7D84BC537
S3150200DDDC1EBBCECB6F8E2D765897B09FAB2038E4F8
S3150200DDEC4F08D5B56BAB5F23CAAD7731CCCDFBE80B
S3150200DDFCE4FA00F6C2A1DBE849FE727B8D76E49763
S3150200DE0CA2A79C4F30A19DD76615D52533156A87D7
S3150200DE1C185C4F97BB7D781A61946EBF0BD3CEA359
S3150200DE2C16E4FE658EAEDEAD0693A1761C79EB8802
S3150200DE3C5E8148F723391D2ED7572AF96489F6B71E
S3150200DE4C59A5392195CA7D705095E07E762DBC4F29
S3150200DE5C661F5F8675CD5CBF3B7C311CBA2716A349
S3150200DE6CA88A13F4E86E37828D2A801F82892025B0
S3150200DE7C29A0409F7E46671384ECF8EA010FAF2176
S3150200DE8CC0D488CC29915113EBDA593CB8D9596ACA
S3150200DE9C6BD9FC0AA453BF7CEFE8D62A49237A3500
S3150200DEACD516263B132816C42C7D9AB2EB471DB702
S3150200DEBC0FC47049DBE909A04425849EBA15DDFC22
S3150200DECCE2BABB1F5FFBBE37D2725F8F53637522FA
S3150200DEDC20A77526DC7BD0F6178203186ED557372A
S3150200DEEC96CAA4A0ADEBB993EF7CC8A525D80F4D65
S3150200DEFC015EC536009637F44F6BA77C3DDF477D36
S3150200DF0C009770C614945E80D3051C1D0FAF5DAFCF
S3150200DF1C27800A969821C4DC5DE66557B972A2265B
S3150200DF2C8AEFF37A78A809699385A45D0084A865BB
S3150200DF3CF2BB3DBA20D23A99FB081152164E9DFA03
S3150200DF4CD025F8C6DFDE28688FF299811D508E39EE
S3150200DF5C8B839DD6C0BDF3FCED9B1A55D5720DB6BF
S3150200DF6C3DC5957FDD9CEE9F675973F0C010DE624E
S3150200DF7C8116E7268CFCB25F77346BB44C526C2854
S3150200DF8CED84942894B1A8CA3657941B6D4FE75E5C
S3150200DF9C87DDACC862612F4D84E3669DD401DEFF3A
S3150200DFAC9DB3F63A7A85F067FC570BE368A53A29D6
S3150200DFBC5EC0F89FDB5935DB7CC9C2700512E4944E
S3150200DFCCCD2658211153FCCD2E82A4C57186755DC2
S3150200DFDC669DF53D4874F118B1831B61E61AEE0D88
S3150200DFEC7F985380FC50158AA447327B1B3331C76A
S3150200DFFC8C5870BA9A2E7186F93464420D574FCBEF
S3150200E00C6DB2F20C90C6E26D23D4A40DA26E44003E
S3150200E01C6500E584F9918292C70782CEF87FE6A362
S3150200E02CCAE3DB31144B559EE37E9F85D967369442
S3150200E03CDC39FBB6F6F5A0CD4427F8BFC5ECF41DCA
S3150200E04C362F44EA64A9D792F8180645825E36360C
S3150200E05C69A5CF79EF943C11B6B06867806E82E2FF
S3150200E06C45B8180036CB43AD44BFA2AAC373E463CA
S3150200E07CC8951A684088453388ACCE34DBC6FDD2C7
S3150200E08CEEBE6880934B1B641A165AC57C914FDE02
S3150200E09CB7B8C2DFF50F5EC6685EDD67CF78F7FCF0
S3150200E0AC45C8A2947F75CA8AB47E36184FB466895F
S3150200E0BC3AE058E548AA17F7DFC520E65AB1062515
S3150200E0CCBA173175EE6B794D0F26D4F6473B5B7F4B
S3150200E0DC8BD101D663840181452437CBD014466596
S3150200E0ECEE9CEFF7FBA8EE7CED4CDA2EB70287DC42
S3150200E0FC5C4F47E9048812178CD09A3E2BFAA83645
S3150200E10C42C65DD0DD29B28C320E79F18E2991CAC6
S3150200E11C409DB743217733972D76FA7078198E6521
S3150200E12CA285B928E2741337AABE4C82C3E65BB346
S3150200E13C7591FB718D12BF731CA6572BFD4DB3390E
S3150200E14C2776F3E7ED8D6A68C46A33BCF817813615
S3150200E15C5D457526825F272746CAB3B6EC620A1856
S3150200E16CAD0C323880C83C6CCBF6F61A066EED6CEA
S3150200E17C6AB998989FDE54CBA366D0B80EB83BCC3E
S3150200E18C51BCFE473607307693DDF941867CF65C48
S3150200E19C51BD398C29679C9A0537CD56AC2976D157
S3150200E1ACF984922ECD77DDC6F4A4F5422027316D83
S3150200E1BC18641A5E8DCBAB5B6F42ACFA9975E9D6D5
S3150200E1CCFB9EDD8117824D090F5697914516D54F49
S3150200E1DC68E0CBD01BDCB44687D3B73158643F56C4
S3150200E1ECBCF42090B495074EB40808AF48C48C1002
S3150200E1FCE01BE089FCF5BDB48E93356A33E43BC172
S3150200E20C9AF42B40360A5E067A8448683A73444777
S3150200E21CEFD3389FDCD37ADA5B3E2F956C0CD2188F
S3150200E22C40405F28C9F6CB7544997A357D52D61291
S3150200E23CA284F1A4839279C9E8E44614814EFFF6CE
S3150200E24C2E16FEA0C02F87A66B881E19B9175297D9
S3150200E25C2548D9AD1AD7B8D1C74ABB8647EF1D890F
S3150200E26CB562DC400A8839565041DED0F72113C11B
S3150200E27C9AC69BA4B958420CD556CBE8443436916F
S3150200E28C6836375AFC6F4D065042AADA37FE0595A8
S3150200E29C28C72EF388F4228157FC7353AA0E6BDE21
S3150200E2ACFE42E11097ECB8276EFBB2F8C9A3D3482D
S3150200E2BC0F27104A898B213D4BD51FE491A7CFAD71
S3150200E2CC788608390DE32DBADD0BEA501A40367101
S3150200E2DCC9D705877343CECAEA2F9B9F8350B94190
S3150200E2EC1146B7DF64B7B38F66A16C718162388948
S3150200E2FC76ABB421A3EEB5A2AB45FE157892B5E684
S3150200E30C725CF2C7901CA412F04E3897619938EFE2
S3150200E31C20AC2AC04A6870BDBFF88561323DBFA4E5
S3150200E32C923FA00249EF073FF63F0D731023742765
S3150200E33C03BB002EF80723E4142FA33567DC4EDA51
S3150200E34CEDE9D8C2835978199C8E502C391F69690C
S3150200E35C3FFD730E866BABF9D40002F81EEC70B35C
S3150200E36CCCAC59E198A066C10C0084E50AEEB15911
S3150200E37CD9574795607D8A7A8B008A5900164EB713
S3150200E38C8F9F577A9B3B97C47D7812CDB886318086
S3150200E39CEC3EE0DD641C43563E989CCB24832B1644
S3150200E3ACBFA8461E026533E64F315C88F54C08243D
S3150200E3BCEEB19CE982475F0F8EF74EABBC381C332D
S3150200E3CC4079287ABC64F7487751E8110836A45686
S3150200E3DC6E35C33FCAFA802DCF64BDE0A3A984F281
S3150200E3ECB21A7F7D7BF7F8B715D8595B819EF96413
S3150200E3FC6CEB87BFF55D13534BC3528A6602F9CE9B
S3150200E40C0B167248E83855ED54D83FE9FEE76EE133
S3150200E41C842DD2C3F852FE33772DA49A24B3378AAD
S3150200E42C778D2D7CA76271B38DB739E87CB40BCB93
S3150200E43C492C23898D6E77F9B1EBF4EDC0A3FB3C25
S3150200E44CC8A771C640241516E3AE8D32C74E801886
S3150200E45C1A9A5EB707D6D3C2BA7DFCB20A7DC987B1
S3150200E46C9AB74C6A368357F9CE6EEC8461728F3248
S3150200E47CC79498BBC40FB946423B3CCB2AC88AA662
S3150200E48C5A0279E5FF44E28A204579A172178A1C61
S3150200E49C7C3B8EDA2786A382907162C779D3413B85
S3150200E4AC826810EE4A05F60C3BCD3093CA93AB2527
S3150200E4BC6D5B73DCDB2ADE3FBBD8F3D4C930C703F2
S3150200E4CC490BF870F25AC445931F4F980A78A094D8
S3150200E4DC51896072D1FCB726DC71885FC8D4CAF444
S3150200E4EC8FA64CE079704088BE45522EF5A56388FE
S3150200E4FCF5D3D6AE5E2C234847D4571606A51C5325
S3150200E50C4297E3B0C0F860C0008519E62B4FD10BD9
S3150200E51CEB6FBA74BDDB09479AD954730EE19318A3
S3150200E52C964BCB826775AEBCCA1AC9E86FDA8606F9
S3150200E53C4308BAF648655D722C1F171B15CF2622A7
S3150200E54C3AF22D2F6902A4518D74B07FDC531BFD58
S3150200E55CCC58960863037CD05D85D9FEAE6F5E24DB
S3150200E56C5397AA6B37350B9F78A21B58161C80ED56
S3150200E57C0A98242BC74C95F65D9031904E83B4D5F0
S3150200E58C3FF8F9AAD4CAEFE8044D20C5FABAE22B31
S3150200E59CD2FA2110DF94118E7889E76AF2E97A9D14
S3150200E5ACCE0DD9FEC879E3138BD7851FD2CA84F94F
S3150200E5BC9789FE7C689FEA6E665FBABE3A0D567FF5
S3150200E5CC0382ADE166ED312573E3BA4BA96B7C8010
S3150200E5DC30DAD26FDBE543DB2CEE58524921D59A61
S3150200E5EC4FFFE4A38FEC1454FC834F6AA1559B8C0A
S3150200E5FC46FB9644D1453A82F5EACEE2A7C05C8A3E
S3150200E60C6993B8ED06DA4E23DCD87EED38EF1B00A3
S3150200E61C9837EB282189DD8CE6E553E36597754A35
S3150200E62C195BDD9FD01A96B56BBFE4EA9A139F5D10
S3150200E63CB9CB479A8CD928604EBD34CB19E4D0ADF0
S3150200E64CCA1171DCE8122E07A94A5A9683EF28855D
S3150200E65C99E648CCC37A794176855A8338AE07ACAB
S3150200E66CB076C003124DCB1BE382A4BF1A48F5B198
S3150200E67C1A6251ABEEBB8B19683F9D97D74A45136D
S3150200E68C2F8F74FEDA361F01E73AC82A8589B852EB
S3150200E69C624382EF6A380612504A6C78DD2C546358
S3150200E6ACD25876F3FDAD86626C80738148851387EA
S3150200E6BC37B09F747CBCFE66DABD1555569697CA62
S3150200E6CC489C6DD422B1DA7D1006408C27C4F53AEB
S3150200E6DC14A2FC308C768EAEA28A4813E2EEE0547B
S3150200E6EC769A51CA05136C30EC0EF5247E173973E3
S3150200E6FCC707C8C8FCFE3199745F403F773E6CE38E
S3150200E70C42D77BFA46349063E927FC32DAD3A78CDC
S3150200E71CC611FD80503CA325E2F66638B30250EAD8
S3150200E72C547E899B162A3C00F26F89DAEE4F34A28C
S3150200E73CC1CB9DF48D910D69D54151F922BF2E376E
S3150200E74C262DAF384CEA799D26DC544D042C8321B8
S3150200E75C28115C4FBCD01916C9203AB31451E68B5A
S3150200E76CC1B18FC2757502E60B1958180A3F6A07B2
S3150200E77CDA81166E49FEDB7F84EB2AC286ED78FAC5
S3150200E78CC30F82283EBB648559DAC010EC8E7DFF1E
S3150200E79C8721544FE398CB9794F0638912F0AC0E11
S3150200E7AC36E5ADA77CC8F92BAE7BB2058EC3B0D0CD
S3150200E7BC6748722053AC685944B94409CB7E804CE5
S3150200E7CC88EEFD16576BB3E0D09EDB9B0EBC4368FE
S3150200E7DCC1F3016F21B6F6F3A9EDC3A477153EFC7E
S3150200E7EC7426E85EC70D079CF4CF6B0CE8D4948DA7
S3150200E7FC20BCA7445EE02D52418E0225E802A451AC
S3150200E80CADCBD9D645B4DD0DFEC0D1CCECE3DCC420
S3150200E81CD4EE2099DB4A981C72D43072FEBC0BF7EC
S3150200E82C1F64E77F3FC0CE118D3C977C7ED1883A20
S3150200E83CBCAA7BC245F8758F16590E06D227020A58
S3150200E84C3397EDE118FF38017FC58C67C80E355139
S3150200E85CB368F2E15882B5A18D5F83A1F8B126B7F0
S3150200E86CD94C22DE664056AD9838D309958D422393
S3150200E87C3F5A671698F6979C3A7F138CFB6ED7E92C
S3150200E88C3803176FF42AA26A312D83766433982AD9
S3150200E89C5CE2C58781B81F15263621E7EDC14B5FB1
S3150200E8ACA4FADBDF30D800F5E064B8D5C9FF6FAF48
S3150200E8BCCABAE8C08088DD75CD2ECBD3DB3BDD54DE
S3150200E8CC859F4201CEAEA1688FCF9506486A979F67
S3150200E8DCF31A6FDFA458C8354E55802907B2A3B474
S3150200E8EC69EC852B8A1ADBFC0CEFBF3AAE05E67790
S3150200E8FC9735DCD279660A6875CEA270AF19CD78D7
S3150200E90CF4580E805ACD58723A8FA66A1F7F58E772
S3150200E91C024DFC76E2982BB3424951C159BD6E2E7B
S3150200E92CC42DA79EF01BEBF56ECB7DA69BF7585C10
S3150200E93C6783134F40774CE1212AEBB4810034DB19
S3150200E94CEAFABC533F9D50C98325934E8DCBB7E64D
S3150200E95C9B989CA0E7DF4F92A1FA737DBE9406BDED
S3150200E96CEC58A6B606970D73D0445C415FEDF4796C
S3150200E97CDB80017CAF07E923F4A5EBD96FEDCB9EC7
S3150200E98C824767FC6CF9BA3A72A9A37666C8F22D6D
S3150200E99C827E4462C680AAC2A92A71D870D0326F0E
S3150200E9AC0CD5E249DAE364863CB6A539CA1A2423A5
S3150200E9BC3E6E7F781B5C6D0467A2A18FA9A1F7BC82
S3150200E9CC2CF715B28C5B51CF10102B2A530E1F76D7
S3150200E9DCD5BBF44FD56671BEED577F96215FF20D0E
S3150200E9ECC8D40D21F84C9E32ECEAF9D9B837882CEA
S3150200E9FCDA85F9B4831F439CF98CE6DC1DB9BAE0BF
S3150200EA0C6FE5A95A6CE8B58C2C469EBF5BF67BACBF
S3150200EA1CFDC2BA9E182D238459A008C4382BA7B060
S3150200EA2C1B91A324A4C7744FAE7C510FEAD7D42AE8
S3150200EA3CD9EAEE5F6D0706BB95465FA1F0051EC6C9
S3150200EA4C5DF9AA8052EE04C8BED0CCA68552EEB0B1
S3150200EA5C9E53A7CE44F12E90F1EE447ABC56569BA9
S3150200EA6C4E45552500162750ADC75FC912259A414A
S3150200EA7CA7CF441D62D8D6B29903957DDB1F915858
S3150200EA8CB3B6E117B542F988E71A1374CBEDECCAA3
S3150200EA9C228C596198A1FC21050680D346BB7FE4E2
S3150200EAACD39406D6E294693F88B09CEB1BF18C306A
S3150200EABC89D2D6A416A180D30F3BDE7D94C03060DA
S3150200EACCC04C7C0E1C906D5A8A61C6785DBE0DD503
S3150200EADC172D5976DD9445642BC358E2238941D20E
S3150200EAEC3E9FFC87FBDA58BBA1A356C2E1800E2DD2
S3150200EAFC57D53984D3ED40F833AC6E4F6793C65F66
S3150200EB0C4F44E0748D69959CC0DAD6594872D7D5B4
S3150200EB1C2230DE20A88B25D4EB5FABA1CD0291E887
S3150200EB2CB89A5842BC14B53948A096AB36B540D8FB
S3150200EB3C1A899B3F57F87A1C2E4BF7B6219BF08B02
S3150200EB4CB61D84FADC25205455613A3C8C4AD3B264
S3150200EB5CC8C479964CDC65B7FE76FE99AA7116F393
S3150200EB6CD17E7A0E1A08826C9B132EE1A9F04F1FE6
S3150200EB7C7185D455A6E0F40AB1F782DB961607DA4C
S3150200EB8CC0AF63407A984F3CF73D36B8DE3A3B6CE1
S3150200EB9CE1FEE7F9E8A91BA2D93834210E109E53DF
S3150200EBAC8C57DA7ED84763882A3D362D136547F68D
S3150200EBBC173AEFDD267922DF1EBDB70C5DF84A0E39
S3150200EBCC44B9AED2CA44072B83A107F8DDD8F51097
S3150200EBDC02DE4A587DD31D043599688D1A02F48CCF
S3150200EBECA33CBF01B88C56583AC9E3D3FA14186B36
S3150200EBFC0D6B6536A89632B592160280CA78324EDD
S3150200EC0CB9486C5A927D2646AE8960C27A65B21FA5
S3150200EC1C2EA785B57B4184D69346B9BBBF39436DC6
S3150200EC2CBEC49E439CBE045ECCFFDC40BC1BFC6C8B
S3150200EC3C11B8A4F42FAAA38A5FC3DB9A5BAE138E18
S3150200EC4CEE479AC1DE748262B900365A9FE83A0CD4
S3150200EC5C562409B156A3E89D5F8C859B2EAD728511
S3150200EC6C67A0BA03D479656C3AC67939E6C4998039
S3150200EC7C13AA830CB1D0968CB4967334AED877465D
S3150200EC8CE6D5A0E8E4CC04F0F82FF53105DF2E77B3
S3150200EC9C1120C31B9A80B7A4F3D19E93630B9BF6E8
S3150200ECAC298BFB38B161195CB08E0CD529F4E321A2
S3150200ECBCD271F95D634D05B01878F7ADDAFC8A743A
S3150200ECCCA1F7CA2A85CEC90D8935DD509128517D09
S3150200ECDC3650A29BA043CC1B9330517FE212EF5EBF
S3150200ECECD181EDA85BB990B226FA4D1FF7A58B2CF4
S3150200ECFCD5D9DF799F9A04F5D25D6A94063DAA7E30
S3150200ED0C5F37735106F9EF40E006A0A471B62604EC
S3150200ED1CE589B247666E98AE40DE6255A0ED457047
S3150200ED2C9AC4290F3BCB48DB234B942EF0D0620EB0
S3150200ED3C5804A9F3278C3BCAC52627986764532B1C
S3150200ED4C0F88813597016CE8DE1C897D1FFBCC0A86
S3150200ED5C9C9F760B2D8D74480E443572BEB5DB9195
S3150200ED6C8F98934ABEC211091FE7C8EE780405397B
S3150200ED7CC1580F55A37AD1E072E1B0FEDE207500C0
S3150200ED8C57E04BCDF893571EE061861727B01C94BB
S3150200ED9CE6D46DAC023411C98CE03241051DA6A92C
S3150200EDAC25B4430C3661858C57DC3C527DACE28132
S3150200EDBC6CA4680BCA5553513E04B377CF38719A7B
S3150200EDCCE134C1EE2622A77B6D349A45B4F1F3E603
S3150200EDDCD42B3C69ED526C271517AA38797F6293AE
S3150200EDEC0932021F9E3A97676B70576B2D36408914
S3150200EDFC9C510D14CCA68496C9D97D19A78E8AFB73
S3150200EE0CC20F4D6254BD3FE95A913918726CD53511
S3150200EE1C8FBB2323585113974DFB6C8A7E30318F4F
S3150200EE2C92C998336139821FD0CB989B14DCC7EDFB
S3150200EE3CCC141C1C05A5AD6295455263476B60E765
S3150200EE4C752A3F00136E2B089B921C979A8B3C1FBC
S3150200EE5CEB96AF338D38B3B041F65ED66AB4E1DDCC
S3150200EE6CD6E0AD74E488E2AD06E41318D062D0099C
S3150200EE7C5A3F4DE6C2EF717BEC7099E1ED33EC49EA
S3150200EE8C8276A333750AB05E64B4834AB20BCDF7AD
S3150200EE9C0BF0849E04FBD6DB8A06F9AE0D9634344F
S3150200EEACE4DAF938E554B669EBC7090AB2B82105B2
S3150200EEBC872043D04D17D1526F2764A8810DE224C7
S3150200EECC89F3CB7DDCA2330AB697A9F23D93456E44
S3150200EEDCE1074F442A514A42944B78844A2428111A
S3150200EEECCE2F051AAFEBC68624CB926FD16A4C5045
S3150200EEFC766EDD82313DE292B430B97CECD9C47CBB
S3150200EF0C64796BA5F2D274C37E933CC57928589466
S3150200EF1C8F0D6FB5E0207764A5AF4F194020C7FA65
S3150200EF2CF4AC9481E9694C93AB6B5A167B149D3401
S3150200EF3C60CFF0122A4DE43A3A980BAC6E5C6EAE88
S3150200EF4CDF7D80F2D580D58190074EBB03312190AF
S3150200EF5CECB4C4A32512B8AE5DF122744F1069E16C
S3150200EF6CCD6E090D4AEA58042577C452003A5D352E
S3150200EF7CA9341834AAEC95DA8A6FF78F0D9ACA1A45
S3150200EF8CDC654FF14611D4AA6A1AF0F88E91FA1C76
S3150200EF9C2B3B86BF7EB2F02E2B326308AF338181B8
S3150200EFAC2F97D505AF99D3927916EE335FCA9A3459
S3150200EFBC8A9187F861562E2ABAAD920F7F4D71F15E
S3150200EFCCD6372E928A6122BF1C7516E9F53B2FC6DF
S3150200EFDC7C42E9B5DA0C6A4B3DC8179D9A076B332E
S3150200EFECC10EF1ED78C47431DA65234AF08EC92369
S3150200EFFCC2DD45C4060CD9F9E4E163025BDF25DC0C
S3150200F00C10486A6F2CF77B54D7D093C13571733E77
S3150200F01C6E5CBB4EC3F1456710E237BA309ED0AC7C
S3150200F02C8EFE4D34D5B125ACCA18533B516FD43B29
S3150200F03C7B8A3B68EF37D52805DF036486ACCDC6E1
S3150200F04C6DBBC0BD24F2388C51EAF4130F51F1A2F8
S3150200F05CA8F7E6DBD056A67B162728D446C6AA6F97
S3150200F06CD76E2F20C6EF93319A92EC3D311F7ABAA6
S3150200F07CB079FBFE259626EBE9AC972BB21554C755
S3150200F08C0AEF2EB9D67F52305D75F74ADCBB0356B2
S3150200F09C72171934134E495DF8BE585292E5B4F5FF
S3150200F0ACB2944C1A478174956CF45F90989B320219
S3150200F0BC45F1424B929B3AC1428774066E6F638A44
S3150200F0CC159252A8DEE761D5E34F118AECFE795F01
S3150200F0DCC4DEB46C02C4ECFFF6FBAAEB190F9B3030
S3150200F0ECCCE97A0FD1418827E1F52ECF8A3A043240
S3150200F0FCCDF9F504C68A6D3F2E9729B44B521F15CE
S3150200F10CBEA9854F57C73D9E000E65818EE0C3D4BE
S3150200F11C4C7AA6BC19B4A3AC13EDAB1FBCB1134607
S3150200F12CEC2363695D1EF97F536EAFD18B77E4CF07
S3150200F13C4629940CC3B91D81646B8EB616F20BBDAF
S3150200F14C45A8F37EA31F2014BB0C2151D65A596C29
S3150200F15C5FC44188D323D71E2AA52B03A2BC705F9A
S3150200F16CA7FFC59302DD85CC955C53BA51F00049D5
S3150200F17C8042E231EDE5B52241676D75D47ECEE56E
S3150200F18CED4B86D8868EAEE07856ED3B7D40173138
S3150200F19C4E09623F43A1A4928414FD6E60EB8E333A
S3150200F1AC4B251C22F5D5487ED03C9ED637A5C2F7F8
S3150200F1BC6E582761CF048424E9090B497388331CE2
S3150200F1CCAC52F47A7823006D5BA78AD0D02A3DCC58
S3150200F1DCD5AF65EBE324C9424947EE0A0F0FD9D7DF
S3150200F1EC8BB506F0C146B4F3421363D3B4C8446D6F
S3150200F1FC51F5186E79C10BC87538087CBFFC6F22A5
S3150200F20CCD5A444F26118B35ABC1CA7129EB2C034F
S3150200F21CE08743B067BE603E3B493EC37F7563F1F0
S3150200F22C3FF9508DEF140DB5BF4D3F3ACEDC7C2D18
S3150200F23C400C0C9AE6248F0E2602A97A22467ABF35
S3150200F24C341759B4DC54995BEC13E36187A6663226
S3150200F25C22AA38A23A2B4C519DAB384572FA52B6B9
S3150200F26C3F051E8C901DE9A65142BE02CA34292EB8
S3150200F27C08C3930EFD0F6AEC423092F4D77A1156FC
S3150200F28C03E90D10059C80C7FD6465985AFD77DB72
S3150200F29C01ED1EE8376F4ECE14F707885CED7A0245
S3150200F2ACC2472E9D985C3D4A16E5A70B23591F5261
S3150200F2BC324C3277867B34A9A6AA1B424E76DE26C0
S3150200F2CCCF6EFAAF46B4EDE4C70AFC6F6EFC5388F8
S3150200F2DC157DBA8074739E168D50A6933AAA0D9913
S3150200F2EC37924DFC40CCA9FB824029A4BD1FE0BA43
S3150200F2FCBABB668FB19D56C130CC7E16E08E935D3D
S3150200F30C79977014269812A2835A41751DA2AB598D
S3150200F31CBF31B1DB742F44BBE948BB2CF23E7151B1
S3150200F32CBE6168281CDD04A65D8BAA1ABB4002E8E6
S3150200F33C169407130A0CCADD057CB9545BF256BD4A
S3150200F34CB8540C5489DEADE5B3A328B812B251A158
S3150200F35C414943FFDEF192AF40AE64F7CE674955A1
S3150200F36C96F14E95BED3AF64DD3BF155E1E8677677
S3150200F37C371D6C3B289AB405793509272FEF4902BC
S3150200F38CF12CE2C49480728C48F92E8789859B9362
S3150200F39C088230B0B9CAB45F06A4D34A39BCE33486
S3150200F3ACB879E9FBFF25A7A61FBF4FA93BDC577708
S3150200F3BC61A28398908A44B2866EBAB47C28A81449
S3150200F3CCF45F5481B2CC1D2DD2CFD6FA1D462D61D7
S3150200F3DCFCF4BC3ABD9A11A1F63DC8511F2F68C464
S3150200F3ECF8A972E97172D43A8A8160FB79A72B9DCE
S3150200F3FC2119A0686205CBB640E4D364A09686F1C7
S3150200F40C68880055EC4AC40724CDDCF357FAB28E51
S3150200F41C1BB4F71183FE5ACEAB09FD1AE0252577EC
S3150200F42C52DF735FFED98B28DF1955F5DDA79536AA
S3150200F43C2D7BDE0D6A776EDC20F138BCBD76224B55
S3150200F44CE11CE98BD54E655B28246B5F7D242FA3CB
S3150200F45CF512EAFD09182ED8433E673446721B4F45
S3150200F46CD9F27987384F2C137F6982FBFFF3BDDB08
S3150200F47C1AC7642E76C191D48B3CF2DF351E6A1EF6
S3150200F48C41A62A469868D32652C3A6F1FB2468A243
S3150200F49CD9B2DE71597E24C16EE2D727445061CEB1
S3150200F4ACC66C5281F3DAE7B34367709DAD1567B745
S3150200F4BCB43D375DA804CFCB2D6745E1787A1EC1E2
S3150200F4CC40B33C7961F42F12A18ED50DB1C1835094
S3150200F4DC91956E581B290E2E42FEE6A5A42D566357
S3150200F4EC16868E2130ED9DDB999CDCB1FD4CDB7BC7
S3150200F4FCA0A4167AAEFC74F97D9BC77D74B64450F3
S3150200F50C217B01B9DFA2859D3EC84B74A576529D1F
S3150200F51C64E8695FFD011D2A65DF3135E304226269
S3150200F52CB2C3B2EA4A663EA2D1316575436B89E72C
S3150200F53C64C47110956071F42E8083D0EEFDE5FDE6
S3150200F54CC62EF55C5B7A5BCE574A799A8316D653EE
S3150200F55C54F8ECE8CB307DAC5E01492432AED2B124
S3150200F56C53815E853B3EFA1DF612DDDC81A3A6FDB8
S3150200F57C461EFC4E424961724139B9EAC276E054E2
S3150200F58C927FBC39FCDBE767EED5444AC0513E7C20
S3150200F59C8A99BC270712CC9F20F6D07FA7CC01688C
S3150200F5AC6E0B81390147EDE225D0A528E7619AE376
S3150200F5BCE55B782DF6F8DABEDFB2332A08561B2A3B
S3150200F5CC5C33FA38BD20C50F21CD955B5C3DE1B4A9
S3150200F5DC5845E75D329146F1AE11605CC005F6B155
S3150200F5EC91401E91AE449D2D2188FFF55BB729FCF7
S3150200F5FC83B43D4726DBB4C403048468AD4D92AE96
S3150200F60CC66A0F404FB4D8C767CC313D57062EBBDE
S3150200F61CF978C6283459E0155782D0D69D6C09BFA5
S3150200F62CA15BE4EE88238EFC4C53D5F48F3CF82A6E
S3150200F63C643211DA7A752C5AA0563A3DC4DF6E7BC7
S3150200F64CD762EA23CA16AD087C94D646BD3AFEEEBC
S3150200F65C3AE9F0B2658A790B7D943F810F13674EB6
S3150200F66C22D301328CBF76DBA5FF8ABD0863CB069B
S3150200F67C0655B744C8EF716C1218DCB382D9A434A0
S3150200F68C3C7D9C4181F424CB12F4E820CB1D03D69D
S3150200F69C75EFFC0F3C5A7DE0A912DCAEFEDEA9F139
S3150200F6AC84D37EE480B95F2D4DA388DB8FF46BF394
S3150200F6BC3301B39F172AD445C23BD8E8FF82CD3A11
S3150200F6CCDA9907BA12D4EAFDC3273717D28D847298
S3150200F6DC8C0EBD51B479CC4CA6CC865C46C3315843
S3150200F6EC9A8860869EB8D7D56C315FC07A28F2A507
S3150200F6FC5633FECA48F92A66776B697794BE1E069C
S3150200F70C3FADC5766709FA5A85401EEA378CD797FC
S3150200F71C4DCC3655BC993EEF582CEF951527BB6B45
S3150200F72C584A15E29EE6F5557DD315890EE2175910
S3150200F73C02063F8105A7230E96D11DA146652D9182
S3150200F74C39FE073D6C3D3314832FC6E57FD0C03D91
S3150200F75CA54F945BC5F7E9626364809ED726B8C849
S3150200F76C0A334D77FE162891795F8DF18BD2001CE8
S3150200F77CE71FDFF766EFB7254E87956FC53DD44376
S3150200F78C660E72D5E3CD2EFB795F2123C257118209
S3150200F79CC67E2BC7CE862E56F631E72EBA73660771
S3150200F7AC7B7513A95665D9E5483D0AD64B94036079
S3150200F7BC6C7BAEA3102816B2A094A7B48DBF8F5A39
S3150200F7CC2404BE55997CF9397DF5BEA1E2231BCDE5
S3150200F7DCC3BE4037BE4FE561DDB1A271635B225BEE
S3150200F7EC2213D78337AE06BDEBA0A0EA1D2B30073A
S3150200F7FC792612E038EECE8253775F4259A533E072
S3150200F80CC7EDA7A4EBF1DFA95E62EA540237276FB4
S3150200F81C9CA9C9E35E40298DBD182719A3BA64F5C4
S3150200F82C00224790D1CF4A13C15DAB906631D854B2
S3150200F83C31BF1B3E4C0A8B21CEEE9A2829AF5817A4
S3150200F84C62AB67DA94FED90FA172C995E3C09E6BBF
S3150200F85C1710F71A8258B8A9832282AA46A84D19FC
S3150200F86CBFB7916BA6D48533E6C5DDE0747837A1B4
S3150200F87C3C9E94C09474129BAD2F46BE0BF6133A63
S3150200F88CF30DA8D8723BB413AAD2BA1E50328D729B
S3150200F89C7E2B4B2A43145FC8DA28487A185779FE0E
S3150200F8ACAB64F9F579833BD5C0DEB6301D9535E2EE
S3150200F8BC37BCE5BFB27ED6682E159DE05B46DB995A
S3150200F8CCEE5A55D814B150B288BD339D70E43A60E5
S3150200F8DC5E9FA8AA1498B3B913C22A3A188FA9F92B
S3150200F8EC76D020262709398D1A040E07F299289EFE
S3150200F8FC0C5BCB8939D4145A13BD6368D973E79C54
S3150200F90C67255E762BF6E49409C7CFE5516E13CACA
S3150200F91C5B5E53BB6E536354BD9A4B47C5ABFCFF40
S3150200F92C57D1DBBA982BD9BA0E537100CBBE9CBFFA
S3150200F93C578C272A19CFA1369D41A0266D0FA724D5
S3150200F94C40F2B0CCF2BC86924BC419C457472A2A51
S3150200F95C83664378C80F3FE8FE43E8D0A03E853560
S3150200F96C385886A196D29E63F8AA5140713A206CF9
S3150200F97C31EEEF0A908E0CF9A39B57E9EFC8107A79
S3150200F98CC35A9BA37EE3430B8BC107595601930AB9
S3150200F99CB50CA5A8A2858A551B5DDB363A6D7B3F55
S3150200F9ACA8BBD246918FB3CC1973575FBF12C6A6AA
S3150200F9BCD80813D898D6A57B208774BA85DAC46E74
S3150200F9CC89F2858B02DBFB09E33A318AEC0AF18177
S3150200F9DC9B915C84A41DC0CC889FFEBE1E69DAD0A6
S3150200F9EC904857ED2A705D4235D2BF8D43494A275E
S3150200F9FC26F3CFB618EF9ABB5497BB823EFF104242
S3150200FA0C605FC0DA4B7A1C28DB7D589555B390198A
S3150200FA1C94C8C0448C4848B67D2EF2E413A7144809
S3150200FA2C13E44757400ABDF54C3E4EE19E95D6F37C
S3150200FA3CFBD5329D034682FAE4A772263D35F25770
S3150200FA4C707F4C4D85275BBE330BED2DBD76AB46D9
S3150200FA5CB5E0BC8BFAF906C37B154D075677E22443
S3150200FA6CA57A2B541C661A6F8E0BC6F610FB8A7D72
S3150200FA7C983C042809E376FC61489859BC0511FDAB
S3150200FA8CB06FC881BA3D35D7721C2C5DDD59AA6799
S3150200FA9CCE61959AB23CB282553D3EA1DE6FD6AF8F
S3150200FAACC089BF2F06117623914B747A30C4AF717D
S3150200FABCC327AF013251375E742BB9FF9BDA804DE7
S3150200FACC097537776504158BE4AE4100347688DB0D
S3150200FADC407304C2669FC5F36D04962064B2223F3E
S3150200FAEC44FBCE27A47E937FEBB8B69950ADD9973B
S3150200FAFCBA865C10FFB009694154C801E64B6EA781
S3150200FB0C52ACDB09B32B5DD4D52CECB77A905D4A9B
S3150200FB1C74FDAE8BA5DA8AACC7141D625B511C7AD6
S3150200FB2C84413B38E134FD9CE6DFB91C9B3058948A
S3150200FB3C53A36A3C1D2BCA5D8B3F9F52E679CF4D70
S3150200FB4C63F5FD5C0943FDDE66A0EB080E2E2F76EF
S3150200FB5C78BF26F7305059749D792D49A64AE65539
S3150200FB6CC5BA34C366D9C6ABFE700600EBD5016BBB
S3150200FB7CBA88FA6F2AD70DD44C52FCF280FA58572F
S3150200FB8CF03E62D6F1B118D3CF61814A7C8568BD4D
S3150200FB9C4D420F88AB877FA78D34CD8A5F248C4567
S3150200FBAC4029F9F214E6828A2619F5914D1211E5CD
S3150200FBBC973C6D974219551234981FC7D497B6B510
S3150200FBCC31E0A399A03989738471F7A4FF0F0D59FB
S3150200FBDC959C667439E38DA8867F189297E3B429AF
S3150200FBEC985CE044016FE4097FE20D556EDCA61EBB
S3150200FBFC085D000F76081A3607AFBF424E955B3C7E
S3150200FC0C2B706BD9FD760659CC470A2B035A533700
S3150200FC1C17E6436859ECF882C0D87A78D61DB165D6
S3150200FC2CF62242B5B9AA4C763CD0BD829B79BF84EA
S3150200FC3C931A1C55982DE07B54D7B2C5F6D40503FE
S3150200FC4CD0934A61DCA6AFFE909D16F998FB691912
S3150200FC5CD0282EEBE3940763A004AFD5168AE0BF37
S3150200FC6C58D4B2861BA49F92BD612AF12C032A7525
S3150200FC7CD5F6035311B7F715D19856A67B567DB117
S3150200FC8C2AC85F6BCACD63570F16CADBF2564552AA
S3150200FC9C3B119D7B07C1266263FBD5D6AE610F2B4A
S3150200FCAC7644884DD37A21D656B3AE27C1ADC7C694
S3150200FCBCD16228ED713F5B2B34952CC5FB01A6A8AE
S3150200FCCCE963FB692FF71ECE168391775CE81FC199
S3150200FCDC850A462DF3F3497FB4158CD8D1BF47DD7F
S3150200FCEC60BD71AFA75668478A0B6AB3CE3A1648FF
S3150200FCFCC24AB727C0D8A6A3F7C1ECF01C6A047A8D
S3150200FD0C17C20227E8AC515B3E5DA599241A87AD52
S3150200FD1C19E680822BFFBD1346AB1813785CBEF333
S3150200FD2CAC04D64A9FB176120FD11CA9B05ED3B0E1
S3150200FD3C89D46958D3CC3793CF631DD2869AD638D9
S3150200FD4C38068CCDA0EDAD8E0996BF665DF5E28ABE
S3150200FD5C73B858A7848B56432D596C8627B1B27E3D
S3150200FD6C4ACBDAF0163075934E77A19D208603BDE9
S3150200FD7C60C99562702A3CC9F76106AF3D11BEFB9C
S3150200FD8CB44A6AA8558A3A3837D95E6BC53F74208D
S3150200FD9CB8E3C2D632FBB33E6CFF229D69D83BD682
S3150200FDAC64D26A32ABA4573F3017C5F291503CFA73
S3150200FDBCD743A5C292CEDE9102F085B258558B215D
S3150200FDCCC5905885C08EC05F8CBFFB7449E3C3488F
S3150200FDDC7C6C4B784B35C9DA3D1EFCF2761C063A26
S3150200FDEC447E8639B293D1399EE2DA31277559EAC5
S3150200FDFC85E1F7970925906E62696B66D2778D015C
S3150200FE0C04B5474B1D89A22A24C538B21D0B7E495F
S3150200FE1CFDD43F81EE2EC5C4B48B1C614F9CD96FA9
S3150200FE2C211EA9246FA2252808C65E035B25C27E65
S3150200FE3C186ECDA209406B28375CBE03098651AAFF
S3150200FE4CE8DAA59E547AF78168E24FC383DEC45979
S3150200FE5CF97248CC33FDF84FC5082D67E4490A966A
S3150200FE6CF0DADDD4EE24D6DB74746C462FF37B6B9E
S3150200FE7C4BC91A2C779AF1ADFB68B8C56BC0B18B1E
S3150200FE8C0D0C9E9EDD45D63127C4EC8AAFF9C132E4
S3150200FE9C7C6B79F37C2DA52CB82BEEDA4D40784A87
S3150200FEAC9ADA1D4411885E875E6D6D44145C5CADF6
S3150200FEBC452C7C4926E0FA6E63D2EFDECCE8D218EA
S3150200FECC8B6D06D91DA15BE264BE0D40AF76C6EB07
S3150200FEDC6ABBF8D3792D6029B2BE55FE147A6E69C7
S3150200FEEC8EB30AD6BAA8C4A0115129EA15237419DD
S3150200FEFCD8216F1486429EE7D4278D099B5A66E554
S3150200FF0C10B91CF47D16C1E94CDE095D835A8606CE
S3150200FF1C718386806CAE5C31BC30FACA7AE9A4B1C4
S3150200FF2C2478ADD5AA9D51B8497ADE5AE8B45389DC
S3150200FF3C98AB5AE770C3AE5B90375248E62F72CA3B
S3150200FF4CB8E6E3D6DA4187CF4E2587F8CDC9BE216E
S3150200FF5C104D13200E6A41BC1D80C9B1F2AB5591EE
S3150200FF6CBA69202BE6D44804144E20037353562D3B
S3150200FF7C288C786FF2C87520FF7E68E147DD927493
S3150200FF8C36E3BAFDEC155523789D27B1FE4A2E5160
S3150200FF9CC786DB3C4DFBF04873D4562B30EC74838E
S3150200FFACC9EAEE7120941BB089DBADF23F42ACC7B5
S3150200FFBCBEC995700C82DE55482754C4BF142FB99E
S3150200FFCCF4EE7BAD158BCA0814D6ADC64AABA7F4B4
S3150200FFDC099ACC75AF9FA634960FA6C5495C152F08
S3150200FFEC6909B95603899879770FA7E35CEF55111E
S3150200FFFCAD9D1BF3A80E7933C29C0086AF40866476
S3150201000CDFE1F83C1D378DC8215D5AC57C0AB49DCA
S3150201001C17F83F2EDB51AE3F4A6ED2AC3ACB90E883
S3150201002C3DDB926B67CD946079BF3EA2D7B80F18B0
S3150201003CC8197B373C4FC3F9979BA8CA57489913E2
S3150201004C430C8E90B1A21BECD926F32B58FA0D4A0E
S3150201005C8666E59D7FAB87D9A9786805864F337687
S3150201006C4B7229DEDF5A4174C2A1B83873AA948045
S3150201007C816BBF6601C97F4FF226C7621549090515
S3150201008C3549E28E5CB9B593E1C23E19A9C77CDC4E
S3150201009C17779A6741541168B2F6D2BCD60CB2CC18
S315020100AC3F286B81052BCA0BBC756FD8AB387D0DFE
S315020100BC7EE1ED2FBBF55336F0357263A6D4409C27
S315020100CCBE2867955852B9CED20F50E3A98D0EB1FF
S315020100DCCE402F4C112F8B169967B2E91700CB0222
S315020100EC637AF49B28B1619F47A95A7202675996A2
S315020100FCFC0BBC717BC0D9FB4F4E332388B9E68905
S3150201010C779891F4075367D1DD8B51AB34ED31649A
S3150201011C58552E34F56FD2902C9922EDCB6A5D93FC
S3150201012C373BD7384AB41104ADABB7B43CBC88A142
S3150201013CB98367500A492C3358841625DAF9B1B0BA
S3150201014CC77BED6EC3134981A415FEAC0B0AA1F94B
S3150201015CBB79ADD96546835C2585EB69BDCE0DFFB1
S3150201016CE881231F031397F7DE7211780CAA066036
S3150201017C6D78295AA1274ACF61C62FD4DF3B4E632C
S3150201018C223B5616CB456F404943723FDDC3EE67A0
S3150201019C5A8BF36BF96748A8B68DCBEF70F17ED704
S315020101ACE735FE3787DBD7B1600220DC609C4D8ECA
S315020101BCF095623EA63A35334989669B4C9BE32EF2
S315020101CC1A1DEA8FC2D23F3138C18271CB128828ED
S315020101DCC51DF56FC3B36C2E1722249E07C12D5B69
S315020101EC27F40C0D7EC188D9FE5CF2D7F5A20078F4
S315020101FC453F4AE06579E3BE58B2C69628F3D9590A
S3150201020C52405A798357EDE0811D093501430C930E
S3150201021C0F85B32ED177E952F3FA0E4E0EAB8EF34E
S3150201022CBD50E63F7E9BCECE35AEB832DA7BAAD036
S3150201023C6B2316E4B4F0716278B4B90652AB4FA5CE
S3150201024C5309789A13004364293FCCB0530F05AF77
S3150201025C7958D41B68A6E1BBD8F900E0933AC6D803
S3150201026CC352D6CF41136124239B31A2338AB1B631
S3150201027C0B1A362046438C5D7E98BBAFCD59BE7C9C
S3150201028CDD173ECCB477E19972508147875D9DE4C7
S3150201029C4811E2090E8E587D3585BB226F9D0CAD38
S315020102AC4CC4459F7BAF564AF725337C13D6BE9277
S315020102BCB3782B6FE2C6B1A3FAEBF2B9F19DA6E9BB
S315020102CC790627A879095E58E84409E37023E3B94C
S315020102DC77E0103826284C8C58609D814BD2EFCB97
S315020102ECA3A97B221D096655CC17056AD24768CA92
S315020102FCFFD6DEFA94F88505026950FF0F5A077686
S3150201030CEFC63FBC22D51D43610578A0B6B0F28972
S3150201031C8F23B447331C8B58AE2FC57DF95A5A28F5
S3150201032CE55B15E1CB43EF640B2CDACBFC9F930116
S3150201033CDB72B1FA43EB3CF5FFED6BA0595332C7B5
S3150201034C15010B747AE4CF452713EF1A0A6C41C3D4
S3150201035CA37C9C801290EE5D37511D1BECAC46338F
S3150201036CA4494CF234920AD8257232A1555EA4CF15
S3150201037C0A08BCC937D691D21ED436EA9186DAABB3
S3150201038C2F56CD7F8252D99CC669115EE508187C1F
S3150201039CDA35563F6F1D88546E5F96CB98046F36CD
S315020103AC13981390224194F1DE0AF46846314ABF3E
S315020103BC6EFBD7EFE064D774002D7AB32A577DC74B
S315020103CC8CC9516DDAB4CD9978B5DAC1540AD7858F
S315020103DCD9C19282F06CD393041546E42A08054ED0
S315020103EC2108C8679E32750CEA114D780DBEE64D91
S315020103FC052355AA3CE87AF198F3A41EFDD5BF054F
S3150201040C0EDEF91C467FBEE2F7664DD438D6A682BD
S3150201041C7E6ABACF12740D9223498648C9A5C6B90A
S3150201042C199B9BDD05DA8A44E1FBD7D78573819645
S3150201043CED4A0E391AF018335D1D3FD32790ADF8EC
S3150201044C711FB737ACE2267C06F09B2FB0B0FA636C
S3150201045CE9ED887552D116DEA5641C347FC7569A0E
S3150201046C54E2FD1ADB2116B7DAE6E277EDE81DF165
S3150201047C8836A38AB0BABEAE54B148637365A4D2A8
S3150201048CF68293E69B21CFE614CF59E314877FE5D7
S3150201049C2790655D77593C54154EDEA4A0DC598D27
S315020104ACC8424355B6838FDDE357EAC8768A2D7760
S315020104BCC508E642D2B3FDE6A12BDF39DF169673E8
S315020104CCEB6E50710C9FFAF2B6CB7C1E2BD0E50D5E
S315020104DC860FE696C91C63D6BE75A79CD562F1EE4C
S315020104EC3A8EA6034D051AA0A8891849569E702262
S315020104FC563AC8BE98E0B934E0AC9E4CFC504281E7
S3150201050C452D8EB1647001485A393206F1DE01ADC0
S3150201051C5955E56BBFB0BEBA7FAB6474E0D873F5BF
S3150201052C845586D13AA1936F99F08DA3241647BCB3
S3150201053CDA835FB3B7024F5592680C4881B786E0EE
S3150201054C255F5E1640C7055228B96F440FABEA56B2
S3150201055C7AD1EDEC07D61FEA895CED19D0EC0DE8E0
S3150201056C958C6C6F30AABD130450DBB08CE2C1C3FF
S3150201057CAB11BA0E8C7AF37E7E78D78A4F33C3B718
S3150201058CD25417364E1C5F27CF0B73A13049AB17CA
S3150201059C78C92563CDA740F85E5D1E3142AE4BAAE2
S315020105AC4A4C05D01D017B22065CCC70AB6CA907AB
S315020105BC38548F9B93C95184D4C1172E703240ACD7
S315020105CCD90BAC84B654EE6B51405A42B710FC01AE
S315020105DCA137B78DAB6A5D364EE53CD7EE44C9936E
S315020105EC5703578FB9499DFF6F580115B3198DC022
S315020105FC96931239DA8D2AC4EBF41D306F64C1D489
S3150201060C5784A2A0C8C59928477EFA211F87E1C63D
S3150201061C3E2F4EFCD03949BFB583828BEE2AE5B209
S3150201062C5DE5BA18CDE863846A5BFFB066A7946D83
S3150201063C4EFFC13C8D7B018C2D1DFA78C5C9255304
S3150201064C672490AC122E6295646FE63010B265BDCA
S3150201065C29244173BFEDC6C5BA80AE17A90A5B1927
S3150201066CBDCD32AE6715825E903CFE1122497CB439
S3150201067C99D13FAC3B585CFA96D60AC1515FA2B3EB
S3150201068C9E07264A6B1A30FDCAE1C39CCFF80B9A18
S3150201069C18EB4791A079048E6040A9188B1E5893CA
S315020106AC271FDF936EEC67D39E7B762D37BA093003
S315020106BC2CE85451B3B49962E6954305E7CA067D13
S315020106CCD63C6A38B3E85413AFDDEA698074A427C1
S315020106DCC60F3E82121D4FB34D7FB01FF53F3B6ACB
S315020106EC79861B0AA795D6BEAA42868771C685420A
S315020106FC1FC23A3158F86B7E200FE0C55CA1DE07AA
S3150201070CA9FACA638CD8F55FF5E67370CEC3FDE917
S3150201071CBDDD736E31031C20036BE766F4D29AB10D
S3150201072C7655C4100B7724F56B1C5F5320EC66319E
S3150201073C6B54E120B985375AE7FAAE058476CE4178
S3150201074C6CC2B3C181ECCE3204FCAFA8DD6062C4CB
S3150201075C03AB3DE167EE19664BAC5CF91FD64C1F38
S3150201076C56DF874B6DCC65D96DD6685C56277F37BC
S3150201077C58C9192A9B172AA6AD18BA46579A3BC7C6
S3150201078CC226FB0F5D41511365647B900E63AB96DA
S3150201079C520F0B76C1DA79C6349A61AC26A8660574
S315020107AC1F307F74BEBB5B2328C3B569BD3B7E027A
S315020107BC6CD3599414799B942CF2907B65326254C6
S315020107CCB4424E86B794179F2D012637CC69453311
S315020107DC2176B0DF9BC4E85BE171607AE4CFB8BDE8
S315020107EC6C1D7C08B2833F084EBAC0852478CA5365
S315020107FC3DA16FDD3AD57D222F9AF8647262F935E5
S3150201080C77CBEDAB54E00533554253A97E34D5096A
S3150201081C261F0A061775B80BF971C5CE87FFA77E77
S3150201082C71E2F509ACEC55C188E7A2D07062DB879F
S3150201083CEDD815322325B8D0C6B87ED5A0640139B8
S3150201084C7270CBCEB64A6134DA1C7F35254DA5D1F1
S3150201085CF7A81CB411B9133E282B6030E430A00B57
S3150201086C69A639B781B1B68E35ECBCC0DB247DFFE6
S3150201087C8FCFF2AE68B7111F918636BD73B0D42BEA
S3150201088C52F1967C48CA45EA084EAB3F321FB31267
S3150201089CCAEABA15CBDB13C214F2C40493B2CEDB89
S315020108AC7F8FA7B553CD5C5E35FC33EAD548E9712A
S315020108BC8524014FB1335DC8DDCD8B19744F18F404
S315020108CCFAF7E2906EE6752B40F16024E3AD3971CD
S315020108DCBECC6132639F7F6C936DFB8A174C29E9FF
S315020108EC34FDE59AC695AAE5DD64434AB4276AB88E
S315020108FC55D34996B83E81505FEAF84A0E8E65F495
S3150201090C0FE5E569B259FC772B0C6D6376ADD25EB8
S3150201091C14DE9E0FA5AA215EA6CE88286E1D49D08D
S3150201092C48441553AAD125E301447A55D7136A5182
S3150201093C674580259D641B40499364DC18682455E0
S3150201094CAA6B1711A9C0E726C94D2761E8CAD0EED1
S3150201095CE619CFDC05C16743DF8733DF90F7D2B5E2
S3150201096C267FF2F33C18EA84FFF4637F9819364D1D
S3150201097C665C3A1F86128CDD50F0E23CDF843F2D19
S3150201098C395EC104F3BF41A7175912CA0750D18761
S3150201099C9913F53DB5872A5A063FF8A92B9297BEAC
S315020109AC1BDD1DDDB37B22CB624F1616B74D4BDB1E
S315020109BC1CECC84AB40E6654D5C4322EB6AE0256D7
S315020109CCB96B7A8FF30F18D045A70A2A7A0467CB2B
S315020109DC44808B0A1529999CA16C87DC03F3204967
S315020109EC4702E27E62119E44F3CB09BA0BB8130697
S315020109FC3B75822DD8E067CC5414C2B18F92C54493
S31502010A0C2ECDABF4C00B587A6D6965F69489406BA1
S31502010A1C040F47480411EE9AC5BFEE9255EB729735
S31502010A2CAA6D704A4B54CC3C0DC3022D6D2CE014AD
S31502010A3C0C50C6597894E9BE1D92C693DCE5335E19
S31502010A4C53F1242ACF0AC3ACB3269CB20B91D037ED
S31502010A5C3364AB8193674CF054E13FAE5346F402D7
S31502010A6CCFFA3AFB4C5491E1488BEFD203F0F9538E
S31502010A7C21CE8BB764A84529BBFDB85123DAAA92BC
S31502010A8C8D2A1467490730DB9B1E7D01C2C5CE42F6
S31502010A9C518F772485F53C6D085BC2797E815ED8D0
S31502010AAC74C6A0EC8E5E13E150BE0F8F95B47768B7
S31502010ABCCDE3B42D2799AED46D949E46AAD9E1778E
S31502010ACC2E170798C97E9AB261089DC64A8A1F34A7
S31502010ADC0A03E6F6739BB70F16507BE87B85E25643
S31502010AEC7814883BE792D344EBE9327541A74A6BFA
S31502010AFCF68299799CBD00740B30F69DBDD858EDE2
S31502010B0CD6A9AB4EA7A07B35C07C2766CF9B5E458B
S31502010B1CC0811BA9CA95C6B8EAEFAB3A3C19F52FA7
S31502010B2CCACB5B5E9A4F39D79FA3AB89AD6DAF78B2
S31502010B3C05AA3C62A39A0BDAB4E6DC330F25AF9213
S31502010B4C47158C210278A8294E4CD371D07E5E7C36
S31502010B5C2E2FCE9976BA1AA3D452A0EE12AE8AA72A
S31502010B6C9D513A11D20F91FC5BF14054E46269EC4E
S31502010B7C17551387E8483461F0913309752A98E9B8
S31502010B8C9614B7A78349AA1B6B32045869E35078AA
S31502010B9C604345C4267330C1811104A119665EA551
S31502010BAC5D83B9979BBFC0A332A0EA2403F58D835B
S31502010BBCE24D5759BB25207BCBEE24CFF6CF2FA77F
S31502010BCC3BECFE1400E1B00E04DCCC7EE7901AFF7E
S31502010BDC2EE90233AA96CA9DCB633A41EDE69F7A78
S31502010BEC700E89D4F47BE5D7592D3B6F976A2B226C
S31502010BFCD49B60A693F934C0D7FB916A21A803C68C
S31502010C0C7D0612A7EE7C94477E4A206724FA0833A6
S31502010C1CD42E7277A6A66045EDBB1C01ACE04B1433
S31502010C2C06CC5C644B4B7305D7BD33E29A3ABBC710
S31502010C3CC005F67BB367296A4499FAB83908157D5A
S31502010C4C1293DDF085DC23DBF82591977D7703344E
S31502010C5C198F1F0E6EDA744A0CCB1FBA66D91B3268
S31502010C6C83060B2FAB0711613FCEBEB7709DA12C2C
S31502010C7C41D36C7B4AB6E3F6AF9943439B4341CAD4
S31502010C8C5E986E70A8AACCDDE6DF0037D0E3D70EEC
S31502010C9C0CD23FDD6A11ADB17DAF9A93D23CA6DD82
S31502010CACB542CF6CD7FD0903ED2C7EC78A3E09628C
S31502010CBCE60795866EFBE6FC6DC125C13EAE1D228D
S31502010CCCED7B528F3095B56D1AC90C55B4D7F90215
S31502010CDCDD73962E5338DB7DC0C5D2004AAE2E5437
S31502010CECD20DFE4864260B947129F570DDBB9DC5A8
S31502010CFC47D40FF848F209F3A0F01C7B9FFE1DA105
S31502010D0C40A1EA717426516E9CEBCA7A92EF8C87DA
S31502010D1CAA8142D3E0758392E502DCA0D9CD020AFF
S31502010D2C7370F28683692593329458984C27B4C210
S31502010D3CDE67D0EDBBC1DF24BC87790236ECB697F0
S31502010D4C05A39F31AA4FB489EA4EDF65CFFF9B01FA
S31502010D5C6BA291C8BABB390584937E0AB38F2FD481
S31502010D6C69796C0AADABC77B08EF5379EB693E68BF
S31502010D7C3998B39C8983D4FDDA9D1FA98196DE69C4
S31502010D8C15561BE1B654AE66AE1185C232388BA826
S31502010D9C6BF190B154756243DA833482A699A991A7
S31502010DACFF55C69B6DA0796799EB2D137C3C323EA0
S31502010DBC089163D9655FB92A90F9EF0268F58DC37B
S31502010DCC6FBBBF01F7A4A95EF627EF884091527853
S31502010DDC2B67A196C807126D950FCFCE552902CE58
S31502010DECE20771C7CBF51241D559949AEEC9274C34
S31502010DFC67E9D23A8209E9F2B51204082D4C7D86CD
S31502010E0CD3557F66B303DAD76EBDC5374AA52D789E
S31502010E1C6DF8FE20993E71C42FC86EA5543A6888A6
S31502010E2C1017EECDE2F6041AFCB870164FD126E570
S31502010E3CEB0302719C22F5CCEEB55BDF78CF9A8D72
S31502010E4C9019CFD4EA7CF17763714CA6EF32A3B732
S31502010E5C10646AAAE0EC33A4B9351BC31BC12C1965
S31502010E6CD7360A133D15EEA2D4F13D8F384A7E3997
S31502010E7C173105329D02E50E831D1D6F2B960594C6
S31502010E8CAE5ADD3EE024E7F462DC967E794C8405AB
S31502010E9C457ABFC785A52F70A27D75AC174FF83D54
S31502010EACEFC45DE4D22852E33DB711F70F772F3D1C
S31502010EBC005B63B9BAB0FB4F5F1DABADE0D0D8E3B3
S31502010ECCDE765DDA0F84DE45958E3725D6AFC6D72B
S31502010EDCFB1A617BCBEB653C3908879F7515D200F2
S31502010EECFAADC7139EA4D2B27C79237A1876DB09A2
S31502010EFCFBAB330F08824A6F4C3818B6AE973220C9
S31502010F0C291B02DBB8F161AA8F37C25B97C7DF8B4C
S31502010F1C8E56082D69C0A07904E4D25A036BF4A14A
S31502010F2C13A577D164F1FF44491BD1D64B1740184F
S31502010F3C7073E1679FA70D8E5274C62F89ADAD7A78
S31502010F4C403E404E3EBC52AB9A4002DB6FF5189FB7
S31502010F5C02BAF7E804DFF6144168C3D2E50725ACF9
S31502010F6C0FD698DB95114EC547FE751B8BE0AA1E53
S31502010F7C5E05F2B52D54909953422DE6EF5A67163A
S31502010F8C4E15C32335488E8F33E02DCA9AD6E12BE3
S31502010F9CAB12965D668A6CFA4AEAD5A50B8D098C5B
S31502010FAC980706A79E0336668279304642BCECEE5A
S31502010FBC8155300C14C02BF40DAA939D05783E4D28
S31502010FCC9FD5BF3C2A985966E1828312312F67ADB0
S31502010FDC4F5749C0F9933ED9B9A10D622173BC3C55
S31502010FEC5C7DE61F09D239095DD629A24C95258F5E
S31502010FFC752D2E51579C98688C8DB415F51E9F89AB
S3150201100C5A4F35FF1709D9A02276D0744A223EB51A
S3150201101C06F0379CEA6415DD00798B043B92770E58
S3150201102CA325AB2522D4B5737744BBD210AF18B81E
S3150201103C744D43770B1F69CE8CF5EECCBB7FB44452
S3150201104CF9A274EFD7C163F561A6002F9CBF74E7B1
S3150201105C7162DC64B1222FFA72598863BC91E00F7A
S3150201106CB17912C46DDDF4CCE44532F781139A21C0
S3150201107C8D5A3484489B950AAFBA399CE0AC738B72
S3150201108CDDE865BAAABBCB991E6FCFFBC24E63F4E0
S3150201109C64BAC20D4FBA346317BFA43D0BF456ACF6
S315020110ACC2864E7367E402A4D2D119CDAF67DEBDF7
S315020110BC292B6D4811BBDCDC7C4831B957DA33F28A
S315020110CC7056E02589DA372F3325EDEED2B02AA1F7
S315020110DC3EC4BC881AC734B00F9CDE38EF1ED5F25B
S315020110EC2A7F626F977B0E0D9A10AA5C99F5190AE3
S315020110FC79740A568964A142DE3A8A23DC4863DB97
S3150201110C019DB8D241C75177F5B54CD3F2619263C1
S3150201111C3B7FB517D9796F7E27D07E5F2B7B3271D8
S3150201112C234B69498F41AAF7E1177D2AEABE09A821
S3150201113C4D89D31874ACB11CC76ED9D77D15F24043
S3150201114C1C238079074DE8332B30332C12F8F3E04C
S3150201115C845196190FE58997A423FB888EADA97D37
S3150201116CD1105492663403E61C40237BADEA68C95E
S3150201117C45E32C5C9B8A1FBFBE5766CF42A01E97C6
S3150201118C9F1E9D9CCCAD60CD6640DA746A28518453
S3150201119C1E95E4BA855C25926DE6536E1A14853654
S315020111ACAA1DAB60C0DAD81906DBCA9D59F5B4F78C
S315020111BC2ED83E954941DD1D4D5790D34A0499FAD5
S315020111CC78B34E63482850F1C322C3E02CA8D33E10
S315020111DCE1788B265156EA7E9839FDB385F0CBAC74
S315020111ECB908343AEEEB4B2DAC3D431C1411E33AE0
S315020111FC4CF91B1CE492337F0CF500CA13481A07EF
S3150201120C30250BA61BBC25E3808B63BEFDDF616B10
S3150201121CE6DBA492A3E72923995A536D82A27A0E8D
S3150201122CEB9D434456D1337288A536EAD3DECAA75F
S3150201123C8EDB90C0DD89158FB17FD9CC98C52A6E0C
S3150201124C01FB1EE20C32174C3ED97D2099564EA05B
S3150201125C59DF4C6977C812650578A968E5CA8DEF1D
S3150201126C59BE41EEC5BC842398CBC39187E19087C5
S3150201127C9ADA2C385167C29F41F725BB86278D39DD
S3150201128CBCF43AFB0D11EE712F6FADA9D6B0D37921
S3150201129CDA24EC93CC342140F75D4CAE1A39418CED
S315020112AC96BF6F6C424815C06CD2EB5363F135C5D0
S315020112BC35BBE23410B6DA8D76A77B40AAE05F160F
S315020112CC4458F835E1DA21A8A1F6646DA786C6C1A0
S315020112DCA8DC3157ED599B0C65E5B978DC9EEE3AE3
S315020112EC3869972C359FE0AB6BA565112563C99EB1
S315020112FCD501B067DFCC48EC6C81B3242B74FCAD01
S3150201130CD7660507E1FA0C3D7A9E4080A7E1427247
S3150201131C3A21E1F7219226D87E7B9D03D997662B3A
S3150201132C3EC69DC76A48F6D7BDA8560D371E6893A9
S3150201133C5608288611295610163A3ECBC47C161528
S3150201134C3B9A0F8FCE50A1D9FB12990B53D416F996
S3150201135CE5A3793A2BD03575E89A86C391D4C18522
S3150201136C413C4EBA43864AA8A9949947CEEF936C4F
S3150201137C0268C4E56A22EE6BE438BA9C28D20FDC09
S3150201138C405B3BA537789CBB539157402E90ECB5ED
S3150201139CE85E9759D6D0F5449AB828789DF6B77275
S315020113AC6ED766A2E84DEFF420B59936495309D8A2
S315020113BC34EEB10070F70E995494EC39154EB08691
S315020113CCE183ED52E93701EA0A6B3C1CA57A88786E
S315020113DC9444327C3A96DFED3D031EEC2B0B1C5DDD
S315020113ECB74E05D0EE237803ED6F770EAAF9D359D2
S315020113FC4E3CCE38ADDEE91919A19E1E85D9AF61D7
S3150201140CFBEB0F3DCC1C0C73C570896779014284C9
S3150201141C3BE8DCD64B548D07A3C384FF71A28087AC
S3150201142C602564901D5A1A5A4E6A414A51B4A40453
S3150201143CDB4BE99DFDC52D8FB533773F7CFAF7EB77
S3150201144C50C5631114AF09B7A93918221B0F851E92
S3150201145CF0F4C881B4D0489965F77E74C858252D25
S3150201146CC6AEB654A38A2280D7D62BCD2415AD9CF3
S3150201147C90A95A0BDA73C7AC807FB22C3E4A272746
S3150201148CFC2DE283B752C6D2E2312A1168D87558BD
S3150201149CD9C832B7A9114D6F32B01261B7CF4631E5
S315020114AC87A80040508C1909EA2A55AFB5B665C210
S315020114BC931A9CDB3720F0D4AC491233EB1298DB2E
S315020114CCC9F7AD9C0FBB03F4ACC6B691989B5AA84F
S315020114DC3784CC4F6F43E667655411779FC09819D1
S315020114ECE2BA9232F4C03C71594F4DFD769D0228F7
S315020114FC5F27781A4791E3D92C572B05FAED6B7DA9
S3150201150C44EA0D1259103DEA3071AE6FE4239E6125
S3150201151CD1E6A98E2ED9216AAF9ED3E7E463C60A18
S3150201152C256A726421FCF243CFD285A4CC3C85C2D6
S3150201153C4DDE4D3E811BC15E684174267D44A2F48B
S3150201154CF29F4DDAC8F51AFA1D15FB7DB5C22203B7
S3150201155C18DF54AE2EA53BFE10734698C3004549BF
S3150201156C5167D3BB93021C0C4A3B17997E38C8E8C8
S3150201157CB69B04C0D4C3192F1B12C4A9A83E0A1BBD
S3150201158C56BFA4FDB776C3F3D45DBA22756A91BB75
S3150201159CE8F45C379978150FA121B7A2FBF2CC417D
S315020115AC331ED6ECF195D007615E43759C3984F3F3
S315020115BCADAB33FBC6F7701BFFF2A6FB59E01EEF70
S315020115CCF7664B05C2B4F0F356872107BE52DBF917
S315020115DCFDECA6D1EF3DCA6F989D70DD8672E6E7EA
S315020115EC171F90B7E5950462846C1834D08B8FE380
S315020115FC0D438860B34B9187DE31AFB57046273FF9
S3150201160C1B1AA07F23524AFECFF8B908F64941E7C5
S3150201161CE07C84BF4857AF62BCD14C3C4F9810B1A9
S3150201162C522837C9A5A1299E47B522048650E62818
S3150201163CA0A72337C381E05537D37C0A1142A17681
S3150201164CD9B4508903D0F984559F48432BAA9E9746
S3150201165C8A974A7ACA9706C0412D50F3AB94D62281
S3150201166C97E8ED3312592B33C0D5377B96096B4F5D
S3150201167CE2A43F5B4E46618AEE75172AB1AFC2539D
S3150201168C26D0C3B6C4D6F87294C921539622606683
S3150201169C03C19082814E7AEFF071482047E4AC1374
S315020116ACEAA8736B6030C116C6256F9509803A722A
S315020116BCEE1C4089C508D1869511A70C83DC3CEA40
S315020116CC5E38FBE32F8DC46BE231276CEB4BFEB715
S315020116DC441AA65663689357288C50184BF4A72BB9
S315020116EC5ED34993BA517C419AA765F40B18FF5AFA
S315020116FCCCB1E65E596B418ACB33732ACA045201C9
S3150201170C77A7A7B13713E5922DD7FE716E5143DA3E
S3150201171C12E43A2E14D71244C75FF220BDAD553EE0
S3150201172C3A50C79E8B1C8E40B6529C5EA55AC4AFCC
S3150201173C72AAB80E88BC87A7562AE2776B4E746CCE
S3150201174CD21C4587B6581429FAD2303792AA368555
S3150201175C5C3E564FC9973D9374BB40BE7C25ABDAB2
S3150201176C0C339F1B4C4C8CB97D21293E6AC77A3DA1
S3150201177CD7DDACE2DB4842AE6CF8BB133D1D5E9382
S3150201178C58E95A5222D9A619C79DF0E8495A6C3121
S3150201179C82FA4E0143C8DC124CCFAE7F35D44B08CC
S315020117AC29C09071F2349B30E7CA0BAA94A81B8705
S315020117BC8D8AC03DD1F2CD0A7BB06504EB9F3A47C7
S315020117CC26FC1D26BDBAA66D2F39EAE4EE18CB3DD1
S315020117DC0BE6F9B3C2F77717B2B47B10B05937825D
S315020117ECC2D8FCC622F4A133D6909449C7E0AD9176
S315020117FC312678262FF9F621EC3DBE42E7E79D927A
S3150201180C6E3B85FC5435462CD2E9F264BDC05BF0C5
S3150201181C6E783CF940E07A548756A0D7BA1D2685D4
S3150201182CA00156540CD27A8C427DA22D4909D4566A
S3150201183C88FDCC411A563EB596E2393DBB8A6FEC10
S3150201184C1098FFC7500FEBA3EC317721F918CE2074
S3150201185C8BCBDE0E31187B2C8E03DD40C798381DDF
S3150201186C2D27EC472FA528F67FCF00AB626D1CE620
S3150201187CFBA2B91DAA813E80F68988529102C0FA51
S3150201188C9A2A10C178FE4755E64298A68856A01A9E
S3150201189C2864D217B968F53F4D6EA800A1311C20F8
S315020118ACDC8ED1F9034FBF1A9159E71F78FD8E7C55
S315020118BC297BC6F86157A3292F0D07225D7392DF87
S315020118CC706968889EE41C2BA764E80458E1CD462E
S315020118DC6FAB05A9F901846DA20FCA29A042F51FA6
S315020118ECFCD1D98A02C3134EBF854129C854B6DE2F
S315020118FCB6F515358BE1D1253447CA37E2F8DBA7A4
S3150201190C2279F6B48D2D2B1B5286649D1ED1332B57
S3150201191C7DC8097AA2B325D8B9F767606DA34B08BE
S3150201192C5AB7F999F11A45807CF0CE26970911CB53
S3150201193CAABD114E04D56A96AF15B115668EA1498B
S3150201194C301BEE50CE327ED120912F588E7D133B19
S3150201195C9736A9E4A1E7E31843B961F1368BB58051
S3150201196C2AD643F5F800981553D93B0CA681147B5C
S3150201197C0F6337CC123FC7D246365C0D0A4C3B730A
S3150201198C165B650F7EC266B5213A33E93BAB05910F
S3150201199CB638C9BD32A1EBA2DBB499F235ED41528F
S315020119AC48410582A27816A2072869D601100B0AAC
S315020119BCFE31BC7A627A99EB64D55396E844674751
S315020119CC6BAFAFEDDCE60F7F7CC5AC296A3DD47CEF
S315020119DC37A417AEE45855410E4A10D4EA88482D5D
S315020119ECCB644D6A5D6EEBA50CD424350AA11F9707
S315020119FC71300EC0662D6B72FF342712B45EF48EF3
S31502011A0C8762715D560395E0FF673CC9FC109E66C1
S31502011A1C7DFA9435DDC080ED83D597E428CA05603D
S31502011A2C8D63A78B2D6AF44BB6989AC3AECEAFFED5
S31502011A3CE4BF7D70BE3ECFEC66FF777288B7F9CAFA
S31502011A4C35C314B9268E84A36912058901D05CADFE
S31502011A5CC1A526873C2CB5B2398BCA3753C039C2BC
S31502011A6C6BAEE138E537219988EC51126DD69E623F
S31502011A7C0A9D243416F584DE247A12B37D96EB7D07
S31502011A8C1DFFF0D9FF182E8C2699D0C737C2864D69
S31502011A9CB874B610C54D46E7133A88E0916A80CF01
S31502011AAC5DB97A7D1E7D3F2492AEDB992FF3785E6A
S31502011ABCD9DEC2204317DB22AEF488833A211FD723
S31502011ACC112C4112202D82046F25CAFEEC1E2CCC40
S31502011ADCFBC3D0975415447ED284F729995F092109
S31502011AEC6A099A0787EC304A06306177BB5A5DA6BA
S31502011AFCA3F3ACEA7D187DEC0887559186BF596A2A
S31502011B0C9F8A3BFF9E1CAC16DBAEECF9371DF06EC1
S31502011B1C60F17ED87F8518699CF1045289AA5147D6
S31502011B2C92D039419F4AFCD6446CE85713CF4413E1
S31502011B3CDB277B191505585F44F96A9FD23FE0559D
S31502011B4CB6AACC61A77BA82FCF7B11451BF6C81071
S31502011B5CBE1E2AF9BC78B24141888EC9AB50AB9AEA
S31502011B6CFCF1FA2FF1A0703B632C56168BA6EA9A5E
S31502011B7C1B05D2952D7ECBC57F53BB8964F6C6B5A3
S31502011B8CEF6D6826A2754864EFEDEA4A198885C598
S31502011B9C08DEDDCA9DD59D0E4E0BDA74B0F434B354
S31502011BAC584712D817E6C3E5606FEC5AC6361ABA0D
S31502011BBC8B31C53BE5A20FC1EE3C827E9919712987
S31502011BCC9667F87A8A723B798BBF51C49F4F14B4CC
S31502011BDC1FCF0F928D6C2AE3567118DDE90DCA5788
S31502011BEC8FC5131706D0354BE839583660B3B79EF5
S31502011BFC8D640996FEB53D63528C9D360DA55CC16D
S31502011C0C6F70863A3F2983C096B05557829D78AE3E
S31502011C1C8E445AE63FC6FDA02B1F046E38D5A5335A
S31502011C2CACDCE316BDA5EC0EE32A78CAD3F5220F7A
S31502011C3CD290F1A3AE3484CB42AE29373791121B23
S31502011C4CFE4805F2C55F52273EA92E57AB64F89C96
S31502011C5CB49FAE1C1D22F6AA10A75E6E500DE2FAB7
S31502011C6C0425BA6B9448420F9498A05FA892FFC7B9
S31502011C7C78D6CB2FD9C2E94B35B767E7A47552D5BE
S31502011C8C57ECF8D7CFEB99B3B039E917D21DF095CA
S31502011C9CAF46E4F8235E980DC98F491A913B2891F8
S31502011CACB48B978A55DD621951AC41D74EBE804E23
S31502011CBC85292B8D64F8CCAB19AB1EC2960FC5EBDD
S31502011CCC42A10B29C74D111BF7FAF3430E5A47646E
S31502011CDCA771B04792EF0BEC7A9D7E95CC046DBB46
S31502011CECA7F41395AA8748C616CC9C7904B2088C1C
S31502011CFC64A6D1F9414851115FA379A8ABAEDB8435
S31502011D0CF0B79CB343FCA75C9D1930F300FB72033D
S31502011D1C27494510BE5241815FDD615C11CBD9DB8E
S31502011D2CD6C3B2C72CAA30F735784D06F2FFB46D7D
S31502011D3CD8E30DFB49042C96EB1878BD732206AD3C
S31502011D4CE2A7718458ACE6B2EBABFAC5479145F5FD
S31502011D5C94C2D7023B2D9BB5C6B97BAD591C64A463
S31502011D6C0A04BC823EDBE3FA97046927DF77F3E0C8
S31502011D7CDD57B44ADF9A5E1C8EFB3D678D983E5346
S31502011D8CE5D6786E69FEE911488B70A8D9684920A7
S31502011D9CF431ADDB4AFFEA42745742083228661621
S31502011DAC6226A2E6E766504262BC334C8888420838
S31502011DBCDB30D95131F2741599D9B0B9BEA2222BA5
S31502011DCCFB3FFB5FFB1D3506421F0C67C7FDB0458A
S31502011DDC81959714DF32AD74A5CCBAC38BBEC045BF
S31502011DECA8F268BB18AF2B8C87600F4307B0434729
S31502011DFC793F4777913526D51A7187876AF5317FEF
S31502011E0CDA7F56BDFBBA9F8DD23FA73E8EAF926B40
S31502011E1C5B7ED9416BA04AA9A73FEAA3B867CA9AC6
S31502011E2C4A810E6853452BF147A212B8C4E6748B4C
S31502011E3C20240445CE1C8CD72B1BFB60603F7423DC
S31502011E4CD8DC28FA83B753213D55C3A20DA2A8BBF0
S31502011E5CC2DFD28BF0559C578A264413C6885CD1B5
S31502011E6CD44C429DB14461180CDCBF838A298C7710
S31502011E7CAC958EFA2D20443390EC5E8A61FD94A9C1
S31502011E8C91A88CE1D15EB2772D443732928979AA27
S31502011E9C768F2E5AF5D7C5265D1C2C9E0012A9F7F4
S31502011EAC1DEB5B5CA4D8D91445132A8C178DC1671B
S31502011EBC09C89C1BFBE8B30721CDC68EC6A0911B94
S31502011ECCF43A34BC64A4E0CF93869E350719CE8BC3
S31502011EDC0F523FA3B1504E7308A063307784AA09FF
S31502011EECE13153688EA6AC8E5C2CFFD687CCD359C6
S31502011EFCFC1FE946FED270CE97F66225033823788B
S31502011F0C552D057F05C87A414C12B15CCC30F3E6EE
S31502011F1C7B68C97A4280FF486EF635AC39D0D4411A
S31502011F2C21610E71977E02682E27FA3D0632987E42
S31502011F3C7DDA0DE14213F897B5D40753F479B6E37A
S31502011F4C83EA5886143767D583B97DCD8A896EFFA4
S31502011F5C12079269E7E34362AD71987B1ECA17F3C6
S31502011F6CC7CB69678E5CC2DDE31DABE9D9EE858C05
S31502011F7C9F9F7600E4FD74BA06862A030627F54D61
S31502011F8C9D8970EA1F79211CAE27E5A212265B1FD9
S31502011F9C5D24B7BF1C8592F67CF4C296FBD33E87B1
S31502011FAC75C8367D81E04A719D4713B5BFE138B2DA
S31502011FBCB537B15EB734E449D7B33C47CE1A0326DB
S31502011FCC79D44730BAEDBA68715136DB6BA96157D0
S31502011FDC12888A960646ECA4AB480FE22006A2A802
S31502011FEC17162C7F472AD05ABE3F67034475F0B6A3
S31502011FFCBD0B3C1FD9F9956126F83FA0DBE60B6EAA
S3150201200C9B5C91A69DC90B02FD9922445FB08AD0B5
S3150201201C480218F89554B35F19E24C0D47BCDD51D1
S3150201202C43E93877DEFB82BC3F07103222BDFD6FD6
S3150201203CA26372C28CEC04DF96BBAE9F229CC00CCF
S3150201204C22834A1B7CDB03079877C6FAC460898A0A
S3150201205C433CB760ADD31818CE62C3D6A4BDADF955
S3150201206C1B9A64D56D469CF943086B96BCC68C6A61
S3150201207C7CC002298875D33FC5C074043CB5DD65A5
S3150201208C82A0BFF177D24E136886D3AE46708337E0
S3150201209CCD9B2EA3DCEC3EFB49EE6DBFB01C4A99DF
S315020120ACD7610A130A51C6E1FD9E467F206770E28B
S315020120BC4982F1B8C04021010157F50D0B740C93FD
S315020120CC7EC9B9A2D1E6778528BD96144C8B0B46EF
S315020120DC43BA9B0E15D90B99CBF239B5580E12DCB4
S315020120ECF7DBEE49B1E4B9FEB06DB93B4EE576F4D8
S315020120FCE98488DD5EA443F8DE93692CBA14751162
S3150201210C1251FD79E35A97E727C654E75AAF14F5EC
S3150201211C07A6B992E1397A72049EDD54CE88D20FA2
S3150201212CCE22E5F53778DCAADA0CB31A2555B59722
S3150201213CC0CCDCFA8712BA6BC80AA6A54820C438E9
S3150201214C21F99A4EDF5513C565D31364B65D6BAE91
S3150201215C1BFBA6B1D94C7C89CDCBCDC89123D26AB6
S3150201216C32A84C6AB3898322754176CF3E735A33B0
S3150201217C89C9ADCA4792CB23F53B64A8456DC3D534
S3150201218CE9AE3C5F41A3F570D152FECDEF0568C4B1
S3150201219C131FEA27A46D3D39E14086B3C785A4DF37
S315020121AC7C892F5061411CE620D7265B72939C36A3
S315020121BCFB9BDF3E7E57A0EF98D49005A02F35935B
S315020121CCFD748C29292EA3D2A2563C0E387CF23DE3
S315020121DCBB2C6149DAEB688F38C00258261F5F0E99
S315020121EC550C84D07ED40235459D41C589197EAEE6
S315020121FC73304BD99E152A370B159C4829711B9D99
S3150201220C02A8DFEC7885FA674EA86015F4C9F4CDFD
S3150201221CA7262870273E42ED48A370418AF6C3B21F
S3150201222C8ED34A14AC94B0E541A92CF79316AA8520
S3150201223C0C0FC221CEBF4D19431C2EEED0848D62DA
S3150201224CBE2EC74873723A5A3CA0F4145EA1348569
S3150201225CF2ADE972103B5F4BBC04A29A1F6EE1A070
S3150201226CDAEB7D7904FF105C5687D4383D97F7C1BA
S3150201227C032FBB23794C6AFAA109FC54017EDED7E2
S3150201228CEDB70D7D5B5ABEC34055746465EABBF866
S3150201229C112D5D439F244A21CA268339634D02338C
S315020122ACD92CCEB2C3E612BF8DA846D640E1810B1C
S315020122BC7A03B9407A2E1207B1808F98637148243A
S315020122CC2FA0EF30F0D6E4C1BF32A5A4F7C9C15293
S315020122DC20991677C0E683B4F12225363532A74505
S315020122ECD111A377362BF25CDBC32BC20CD3162B83
S315020122FCE133B9E01CEFD09162AE14BFB1EAEB2C1B
S3150201230C6A9045080954FB415E958E6C23062F3261
S3150201231C387B327A6D30F972BDB99CF1E6879F0230
S3150201232C49788613421FC2310DDFA2D6E00037CDA2
S3150201233CFA21B2701B2CF3DA1914DF14B3828E0351
S3150201234CB7DB3C949FDB06FCC9A0F961CC9FBBD4DD
S3150201235CE80025C9C6D17E8A1DB6555D0838806A44
S3150201236C37A995F045E188976F95341FDF0FDF6C1E
S3150201237CA0AE8B314A9BD6018D3FD2B913F26B912A
S3150201238C5F4107B607F75B475B0C4491B6272132CF
S3150201239C392C079C0181C2B64D94B3D723D5A346DA
S315020123ACEF678E41BB70EC7BBC8DEBEF73CA762D5E
S315020123BC631F77E82C8CFC4443FA8ACD0401B0697D
S315020123CC98C1A73DE30CEB0C65D238FE85B9F7D45F
S315020123DC0D1A4D9D4BDAA481C29EC63008C0B87C3B
S315020123EC46CDD7983005D63C70C5A401D526ADC8C5
S315020123FCD2555F8D73CCA8EEE37CAEA44D9EA0C4E0
S3150201240C3FD45AB1EF0D2041B305F5C92040830ED5
S3150201241C457AF187A84BC780F67702D5B13DFCAF59
S3150201242CDD511929E78D0E3F6828D1EAA3E76CC75E
S3150201243C9B68AE97AA0FFDA301F5BE884B68EA7499
S3150201244CEBBD0197333946EC71484B014BD7E7B3D8
S3150201245C3D3134EC497DFE0E0366C9366E84025F4C
S3150201246C9812FE7A5566592B42BF334D14D78648BC
S3150201247CFA5B8FD32D7D5A1D14458E0F0F817CB2BB
S3150201248C40DA1D227D15D1B5EB885C2B664EE52013
S3150201249CE79A36AEC01964456E5D4D76AC6B2B7000
S315020124AC70159DDEA23894DC06950A30DC724E78E4
S315020124BC1B79AA1F430394B620BFB4CA330CD84D59
S315020124CCB13E5CF7B5E6D02AB2676FC4D0B7DAEA89
S315020124DC3B00B8436AF1B8983B28BE505C853E6610
S315020124ECDF1E33DECAA6AA5A473459071FA684EE43
S315020124FC0906D475FC21890884785F0463B3F27DDD
S3150201250C7343554AE92C107219DA0D0DCB9B7A21BC
S3150201251C144646A3EC9136BE726846327D4C642053
S3150201252C7C0E1DECAD05F6FEED942AE1C833158A37
S3150201253C0BD64B3A823C77912AD68CE569A8BC26F6
S3150201254C9F19528B9F9EE40EEFC36EC3AFC5AB05AB
S3150201255C9246BF0D9F7A5F0C16838FD852439A759A
S3150201256C568D68393158E7BA2422A435123DDFC09B
S3150201257CE48A068A5244F711CB934FE7F8C4BA465A
S3150201258C1AA914B2B9FD27FDC2E52DB7C83B6E4295
S3150201259C9C4A38F9FFB00F13F68CB1461CC511DEF5
S315020125AC667B7E1B88FAA365C92B889578855ED9CD
S315020125BC52FB30743E18040B70889F5EE574F55815
S315020125CCA34EF610EBE06E672CACBB473D74F7439A
S315020125DCFD1E86FD38C4337E9DEBA451A9A331CFD2
S315020125EC17410C17C6476E6F45FB50DACC256E297F
S315020125FC07D59B842772BAF9C61CFDD1D152775BDA
S3150201260C82F30BF3A89D9AC495E0D13CAE03BA1A98
S3150201261CE8B7783E47471861201F2DAE6ABA942057
S3150201262C2579B52A12A1C5ADE85CCBC5FA6AD810D3
S3150201263C488F1AF732DA4B74653698296013118E64
S3150201264CA4ED750239DC874041992C6748541588EB
S3150201265CC8581009FF19BC806A0591402A11DFA7D7
S3150201266CA21C15B3FC01F74BB2A75F10FAA4AE5428
S3150201267C2F4FED2C9D8C9406CFE6E86274F77F1AE8
S3150201268C1BCA51D01607F8652118FDA1EA6AE7E7BC
S3150201269CCE1DC5E10F8CD9250D03353B65463B5540
S315020126AC4EF387511BFADB580BCEC4FDCEFE2DA67B
S315020126BCCA7CD1D3AEE044677D7AE413E03B9657EC
S315020126CCC9480D359F201A11348609C01765342065
S315020126DCDAC431E168C5A7BE79BACB475142B04ECD
S315020126EC9A20BAA60818BDCBBAA24F4AE20CE82721
S315020126FC54E71CB3B43E5804A9BF7F3FB890731874
S3150201270C3D5C7B69A9798FE916A5F1406CC782728A
S3150201271CE7B1080F3E328690F7A9A42684F9E42E76
S3150201272C52DB384FE0DE4C5488CB0C1D4429DCCDF0
S3150201273C6C86DB24125683EE3AD1009C0DCC0071C9
S3150201274C908EE802EF2C84BA8FE894654C1B97F5B0
S3150201275C0F01E1F29E3D4F51B09D49D1A8A3CFE79E
S3150201276C8DF8710429919210355A42C4128C6B2040
S3150201277CE623347DF474030D137DC259672C8DEB5C
S3150201278C36AB8E865C8AEBD65256FE6D581A6EDCC9
S3150201279C7AB7CD2657B0A7A0F5B5AD75780190C518
S315020127ACFF0F3F76B584D537FA9767B589D531D2FE
S315020127BC0D17BDFC78DF2DECA91322DFC39ECFCA00
S315020127CC19B23E27C921C258E2ACAD4B4B2E8CA98C
S315020127DC58D5D931A05ADB1FC9A7E69FA8B821F44F
S315020127EC6B43C07C99A585CA9A24F59B081842D1DC
S315020127FC18FC8BFEB76EC5298C000486952844AD50
S3150201280CE55CA42BDD01DCAB1B7224743E8520BD79
S3150201281C5EA17D531EBD7D8A66B0F513205688C115
S3150201282C04831B616DC354B0205AE85E5A06B40781
S3150201283C99DAA838339DA3595EDAF3DA29B84A0430
S3150201284CC23B3E4077D217AAF3C84E0270C1E9E7E2
S3150201285CE677F58DB9B634C5BD31B36D0E5CF6B5F9
S3150201286CDCC0F8B87EDB04E5CFEDBA51800CF41866
S3150201287CEE2D159A9F83D1FD205C21F5E91D259834
S3150201288C52620B37BE86ED12E757955ECE9E9FC3FB
S3150201289C8114898FBF3FCFF0A401DCBCE28D39E9EB
S315020128AC2033458B9A58BF0D1B933E1B60CB9598D3
S315020128BC806F5DE95139A729B06F142AF98DC2B11E
S315020128CCF6DBED4611A9F42D20FEE26EEB927706AC
S315020128DCA9707D42C01C945D1A509E553B83F766C6
S315020128EC7269413CC024AE49206F77A9C3A3364213
S315020128FCFF5D1E45259DABD4B0F248D0F3AD202821
S3150201290CEEAAA5FA63C65AC7438A07F2D8FFB3F7EA
S3150201291CF9D782A2BE3CA33212D75F5041B2030E43
S3150201292CF7ECE6F224D6D49101B14E801FA96B695C
S3150201293C5CF5A355CB6E8B978816E3C0302CDCAEB7
S3150201294C5F292BAE06ACE66C274ABDEB31B1E37FB0
S3150201295C651CD1D4AF17FB04A0CE2B0EDBC60B968E
S3150201296C111A4F3D61D3355CE7860AED413214B338
S3150201297CA49E184014F417994AE3D64818AB1F0BB8
S3150201298C44A3BEA8849A0986893C7BA642A8A6BC06
S3150201299C9AC8A81415707B429AF6C1C52EAD28B5F4
S315020129ACA4646373FF52147498B6FCCD5854A2B93D
S315020129BCF1BD068E3FB7E775582B3500855A60DE99
S315020129CC2EEF736AE557054A410C2297DD7179FBA5
S315020129DCAB93A31C7249E479783A38C4AA5C0652C1
S315020129EC6EA21CC76F0B4D2B4EFB567497B4642803
S315020129FCEB5043D6817F373B645A175AE7FCADFD40
S31502012A0C3A37AD6FE4450534DA426B1A9B77F79F79
S31502012A1C0424EBB190237F8594BDB4799D8BACA232
S31502012A2CDA94583D7D751D8902D3CDF9E6E2A94AA0
S31502012A3C54B97F17C8A73DE32F2154BD3132AB2BB5
S31502012A4C4AB10F88433836EDD4728C11BF1A690B11
S31502012A5C5E20A6229D047576CF2BD2FF3E261381CC
S31502012A6C96A8CCB5F85A9A8E698FACE6361D5C8758
S31502012A7CB450DA6241307C8C81D606184622C2D910
S31502012A8CDF7D697E72F6C74F2E3CD5A331CBB1449D
S31502012A9C84B77AFC95214618B548ABF9DF09A4A788
S31502012AAC23B026112CBAFB516AF68FDE8DF2FDDFAD
S31502012ABCF67855554B8F41DFC4BDF713835AA833AC
S31502012ACC0D4BA1C58C9E925CF89E6ADE03448878F6
S31502012ADCD1943B2F335790CA21EFD5A23B384BE306
S31502012AEC9C9577AFE6356705CE5D482C9775939C19
S31502012AFC4D4DB436881FEBAC266A50A7C2FFDC5982
S31502012B0C3993B5AD9464A38138A93F2CBC63F1D436
S31502012B1C5126EA3E5F3FB08286DD71755F65E4DF61
S31502012B2C88CE787734EB8E99086703C035DB0BF4C4
S31502012B3C7682FB3AC11EA89A04FBEA96BB919FE1E7
S31502012B4CD186BC139990BB42C8DDDC424D68ABF110
S31502012B5C21E1A3B5B4A920CCBBDDB09EF5F3656E1C
S31502012B6C88F17842603B1183F217E7673BFD826A73
S31502012B7C9E6DE3D853BBCC23EC4129F19277ADA4DC
S31502012B8C3A4102F5FBA6CB0E5E2C8F88D7E87390E1
S31502012B9C3FBA975D1D8B7FB493A25E8FB939EB79E0
S31502012BAC61D3436D9B739B7E8A1DE66D82F88C7194
S31502012BBC5D98E6B31F0FBFADAE32CF1B444DF3C0CA
S31502012BCC9730C90575921B62C48307926199071ED8
S31502012BDCA1381EF9F1883C61A6495D751519EA57AA
S31502012BECAB79A62A453BDAD6515696C63B77A75000
S31502012BFC38E696C28D0A62AFAE1EF6DBF0E49E8A09
S31502012C0CD5FEB287BD9DBEABBCEEF349AA2D44DB04
S31502012C1C62A637DF2197B8B73CE44012332E6C1506
S31502012C2C517822D600C7851222BD044F17B6EFE89A
S31502012C3C91D2BFB4074E9BB0C16978DB7DE3ECB987
S31502012C4C34F1899C86BC1EA76081F9D6E860C0C5A1
S31502012C5C1B8EE336B8F3A5BF36D5B4A68272E375DD
S31502012C6CCFA9F39CFF09CBC58EABA15EFDDDD520A9
S31502012C7C55BE083625A0ABA54FDC3FDB9AAAAFB6EB
S31502012C8CD4A3CD5F9A03BBA6B182065DC02B364790
S31502012C9CBB2B975DE4AEA91D955176487B198687A8
S31502012CAC708A5E2377C11A832C34D9F4BBC7B75AFF
S31502012CBC6DB7EFAC8E45563128547CB66E1D104F4E
S31502012CCC08EF9FFF07594E9FFE77D84042D20B62FF
S31502012CDCA91B4DACA92BABB56C3BD10634A656DC64
S31502012CEC2D6B29E4C85E9D5AA1FFDE0055AF9ABF32
S31502012CFC90F53DB4DD306FA4703697116AEEFF8004
S31502012D0CF012BD7FCCE7B4E3B9F3E8EC52017D3A9C
S31502012D1CDF1A00E95451490E76E35F525A8606F8D8
S31502012D2C2FFD392EB958CB5DA148D394F8987F7CE7
S31502012D3CD481E24B6F349E760C53FE347F06889017
S31502012D4CFF60E95E3FB806E55667982607AACF35B6
S31502012D5CF6D7C5BCD213992902FBDDF0D186187EB2
S31502012D6CD4608643A077B9B98FF95B8B3265C4B14E
S31502012D7C782D0761ACB59AD31CD2B1AF11C3575694
S31502012D8C2D95D20D14DB8D99AD587C3321F78C7DA3
S31502012D9C248DE64D844E2B7B5FD5DBFC46A122EFBF
S31502012DAC333FE74BA3EBAB7B8E42895D6FB6916FDB
S31502012DBCCF7C433D7407E582AEE36BE87AC880713A
S31502012DCC7DF9B9F43430902DA571B3F78DFD340F1D
S31502012DDC25F4308CDFA6D468EC3DCD0C5215954406
S31502012DECDDC6E09466AFC24F4FB9A20278EF3848FE
S31502012DFCB076F7D5622C12D98060F2BA1FB7714B35
S31502012E0C9F8D595D8DD242EB8D64B6046F5EBEE227
S31502012E1C23DCA0CE4A1CC6B577729F2DB99E8FEFC5
S31502012E2C5DB8AD81FE70E4CAC774F8EB2BE2F90901
S31502012E3C53F541CFE9F0F8054114ABC0D8C73D268D
S31502012E4CDD73864AF8D5AE3267535786932143F71B
S31502012E5C8F7E4935E2FD8CBB7914426532253A41A6
S31502012E6C6ACC96B20CF4906994FC6788D37F970965
S31502012E7C3142BFCA11045F3B8FC229EE851493C836
S31502012E8C16376711A9D60EB93104AF94C3E869ECAA
S31502012E9C50AB5758EE26D50AE9DF9499BE883CFF0A
S31502012EACEA8597F736BF16527EEE59A4CDB4564F24
S31502012EBC6D770ED87B7D2AA85789854BA355C06A97
S31502012ECCF66C5B8BFC6EC5191AD87FA306F1ABD8CF
S31502012EDCEF2A7C1A719C910CDEE895A69EE7743258
S31502012EEC556550143D8E8008ED9A7B18FFA2FC574E
S31502012EFC6DB8AD255EFBE89433DC505A97B524CDFB
S31502012F0C95C9FD388B9C6F5DC527050703E69ABDEE
S31502012F1CD5FB11A45E08925F2B75AFEA6F4DD50FE7
S31502012F2CFED102DBAEE84671968369FEE8945CFF3C
S31502012F3C1D46D32C18B58CD941DC919A94731DB0CC
S31502012F4CE296B6473BA7E06CA13108CB82129CCA2A
S31502012F5CEA5A1D1D885A4B7EB9A4A4A4323E4636A2
S31502012F6C0EB22CCAD58C9AD95D0D6D73E0E8F2328C
S31502012F7C7C6B46665A805618C52FEF3147A4B39F10
S31502012F8CB882354AB343AC8CE2D2661FE39EAB944C
S31502012F9C18C91473B702622971BAC01E384C096C6E
S31502012FAC21F09F5E74D761D4E99DC2C3B4EBDDEC0B
S31502012FBC1A95C7A3E2B4AD54867B01FD082688C1D6
S31502012FCC900A2F3A961D61F34381565D4A568382C6
S31502012FDC0D5CF4A91899EE007DEA5E5935EF25339D
S31502012FECD1EE896B999A5F53632DCB40188BAF2225
S31502012FFCDBA3E45C0199253EEB40D1F69223AA832D
S3150201300CAE9B7C9CE84054883F9E7D4814BF7ECC87
S3150201301C4151F36DFDABC6CE7B510691CB4A35B808
S3150201302CE04E96D2441C882278984F4F321FA7A79E
S3150201303C8F96F0490EF1B8B200DB6382D06E22553F
S3150201304CC93DFF710A74B1367D14916F867331587D
S3150201305CBDEA0BA3B96346F854620B90C774881C7C
S3150201306CDF78D6D2B136885D303EE71B53641EE05B
S3150201307C9555E0F417D4CAC81B8D05BB0CCF703A13
S3150201308CCBB325938182788BD121F41B22B1FE1EFF
S3150201309C94ABD6A21D25CC55C994FC1E639FD6951D
S315020130AC63A71CE6B15176F70C8B808B87307E5D5C
S315020130BC355635B414B7CF71E28C805CD912A0495E
S315020130CCB25BD1135758ACFFE4E732B9533CED7FEF
S315020130DC320D3FDBBFC5EEA1AA128BF1DD9550165F
S315020130EC2BBF49F8745DB2187B139CE0C422A974F8
S315020130FC6EB24E21AC56145F58FEF416EE0CD85332
S3150201310C349D9A5BB9A191FB40A603E5F135181CD6
S3150201311CC07AC92DE6BC998D039CBE665B7D983B34
S3150201312C94F89510AA5A1FD85B030272706DCA776E
S3150201313CAA520A5416CA09CA107769EA2F43B76208
S3150201314CAB338B2EC63B82310D84CCF33924C49C12
S3150201315C49ADB83EB7BA04BCE9DB95A8DD64F8AD56
S3150201316CD87B8446A5C483D143B1517D0CF366FE4B
S3150201317C37A093115294B7EA01CB08EA60EF493EA4
S3150201318CBAAA1BC59C10BDE3163B522BD3BEDB6AF6
S3150201319CC06ED67F4C40CB9E857932EC09E9CB2E9B
S315020131ACAAD525E42910186A383A4E0EA68A56650E
S315020131BC22A1D948AB41C790B6558F298E8577D8AE
S315020131CCC0D49A07EE7B2355C29462759F2F5A3748
S315020131DCA303A3790AFE567FF4FEBD7797D1819696
S315020131EC21BB80B34146F377B973ED1DDB4CC85C49
S315020131FC1D0CCD76F89FFFA8FF18E907C8A4E64275
S3150201320C7C911883B189E0E322CD00A91313512DC8
S3150201321C6D6F827D6F59A63FEADA627EE66B6D4669
S3150201322C18B7EB961F2A2A48C9F226C07D8385D088
S3150201323C2D2F7AE9039032EC0D04B31C112135C5FD
S3150201324C5F68926EEA9591E08B911611CE9D32C50D
S3150201325C4FE69C0E9BB53726B7390498EC324534AA
S3150201326C5347C311D211CA2E348175D81EF22BA023
S3150201327C9558A54359512678488EAD89F5189C5E09
S3150201328CD86F637ED52D39CE10C1D1B34372B267D5
S3150201329CD4DE7826CFD10979A1CE6412AD6FB7AB44
S315020132AC3FF35C444A52B8C1CA47B5C38AD1DA80E4
S315020132BC749E99B7AA7671BF5109D191B2F208904F
S315020132CC54A2A78D8F86AC1B66F51B7FDC727E6BB7
S315020132DCF587C11769056DA5FB375FB7D40C94D277
S315020132EC4AB01E0130759CE551F3736FDAEB4F4E02
S315020132FCD2D430214BE5F4C133A147C04209FB7448
S3150201330CBD995CFE2B4AA929D10BFA5744BF0280FF
S3150201331C9599D8BAA125B94B6D9C1BB3DDB8BF0BD8
S3150201332CC184EEE8A0AA00F286D2B5E0A903E25264
S3150201333C333A784EFCF768AEB9B455A72E365171AD
S3150201334CAD85F15FEED41FE96BEFBFBF96DF2C8D16
S3150201335C2E376B3E77E51FFFBB99D3B43123B418D5
S3150201336CCB775D680EA695F7D4494D583CB7B5BED9
S3150201337C2F689E232DF5EEB98B65F65787D4227CE1
S3150201338C136C0BACAFF2AD8D4FD5DEBFEEA5E2E6FB
S3150201339C52C90423E13EA07EE2785241CB4DDD9E19
S315020133ACFBD8D2FE4CDD721A84CDDEF9B7783B22FC
S315020133BCFD189490C992EFA2868F8F985469096C65
S315020133CCE5EA7D05F9B35D1782E9E82678568E1C86
S315020133DCBE6DB99E0A250517D87068F93D85B1B837
S315020133EC96357A104D24CDDEFF10E2A7019DD11937
S315020133FC8734D14AA9E56F6FB719E76AE04FE7350A
S3150201340CF9ED6CA85F76B6FD8806B28EC42A9C8548
S3150201341CF648D39437E9CFF3229EE19C32F92DB0CB
S3150201342C8BB0A568D96C3E41DCE3C341ED54EA7A13
S3150201343C7990DFECB6477C85E0C41563977C628C88
S3150201344C4A2CDA9CA08CE1A848D08C82F606632918
S3150201345C264EF6B6F9ED359AC5BE81EF8A74970FEB
S3150201346CBAD9A9C9BBDEA2A4AC9E300F1565B93F68
S3150201347C1CAA60984A58E6EFC0DD907FAEF075291A
S3150201348C137092C6222B7FA919EA8290FA132A711A
S3150201349CD97F43969802C21CDF16D8001D74F6C654
S315020134ACB01417C447333943D3B0CADE100AE13418
S315020134BC60201EB5D66A92B3DCC80156077F118A03
S315020134CC30EA5A2E437D84E1DD4E548DA5AF232F6E
S315020134DC8715A85EBF9CACF506BD053B2507C1E168
S315020134EC1D85E1A93F3CEB3847D44F19521EB383D4
S315020134FC9F607C021476862C7C52B8FA45B94868D0
S3150201350C5AD6643628F227039BDB14CDEB4C385C76
S3150201351CEA8A91AAE46B30A415C0EBAB2CD9A81399
S3150201352C4FA08A9F7F0E413047CC28E72E1812E115
S3150201353C2C340A2B7BDB2F883750C2D25DE611F570
S3150201354CD60BD153FF2B7970D4D89E3A967CF4E4E0
S3150201355C27957D516A6DDEDC59A6AE92824267F5DC
S3150201356CE5F94295CACF023DE9A6252191E327C089
S3150201357C5F22B81B801AD299E4B2A9272E39FBE530
S3150201358CB10CFC30270044044E3A45928797D0275A
S3150201359CDF3F65BB2179E5B485DADDACB5337C7DDC
S315020135AC739A3D036F7FA03211FBAA90B17E395DEE
S315020135BC6C6AA63302F145E7684EE0FBF0300E2841
S315020135CC521E97A87D7EAF533E4CFC920C96321737
S315020135DCC0A411AB92E942CCC3DED23AE6AAD1D24D
S315020135ECC1130F81178732917FFB53E3DB821227BB
S315020135FC75E79C5622CF0CF5663B8BEDE318E35E21
S3150201360CA0B743DB623118D849CE125A10166EBFD7
S3150201361C018455E878EDA2A3D29F06111E129B4195
S3150201362C02F5D28B0C583C52695E964A387430DDDF
S3150201363CB9C25ADD4D58E8F5B018A68F08C9D42E71
S3150201364CE8973C8A6917E8571EFE3059F8C7543277
S3150201365CD7F6125E3713F541616AFF5EDDF7BEBF1F
S3150201366C985CB30BD44DC6B5544692846CC5A29DD7
S3150201367CCBEBB0EE1E1FD92323F5706306671CCD67
S3150201368CF5DBF327C306FA1421D82DA7DE986306B8
S3150201369C7ADC6D4F2399D0D70543E835293E7EBF97
S315020136ACC48E2703CE18D0FEBB4B4CB9143F33EC58
S315020136BC203C2BC408FB8712CD49F9F5C399A064AA
S315020136CCCED212BBD00B0686633B27DD6092FB0B77
S315020136DCC752472683273935745C9EB0155C783AF6
S315020136EC4660B2D6FC3020B00A749C5769C9E2CB4B
S315020136FC8925F8CF05903970A60A50D89ECE4BCDA6
S3150201370C50592C85609EDEB8461BF32E0EFCD7C48F
S3150201371C5281B99DDD322F6623DC69708D0F3E1302
S3150201372CBD741C5917CB76C6FD40B291415FBF0CD5
S3150201373CDE5E83E5471187BCDF04B122C7DE148244
S3150201374C933712EAF90697C099FB4F70AE5574710D
S3150201375C447F605BC0431D48CF83C0824E14F8FB85
S3150201376CBDE41F3D4FAD12AB2C9D2014CD446627F3
S3150201377C1223AA9D092928E2A586C9D474B5E64263
S3150201378C7E560315FD6C19018AA85EA763B9D1ADE4
S3150201379CAE960A13CB4CFF6F1F66A4C6B0E26DF34D
S315020137ACC1CC9845D1F8E3650E8B086D8D55160D76
S315020137BCBF4DC4441582F8EC683CEA97BB58ABB6CC
S315020137CC93C0572773AB40C24CF25228E4F1E9B5C8
S315020137DCF584990A224A151B96C1CCD8D3FB1F9D97
S315020137EC03CB3023E231884F56CEE642D316D94368
S315020137FC86A045D0F4F44E6E41A34F9A335F06224E
S3150201380C714265D0CAF795A4B1E373D006D277AFEC
S3150201381C91445E23E9B6BF0E849AD3E5057C91CA1F
S3150201382CB9A72D2366590641AE1B0550240128372B
S3150201383CF7B47C3F1F2000D1F06EC866D8E5F0FFC5
S3150201384CC4B149A3A0265E5BFF5AEEB9AD13E72BB1
S3150201385C24D3F9E8306DE9ED72C247D27252C50929
S3150201386C894863CF19B7AF971655F53E32BF16C2C3
S3150201387C63138279BF776FE8F19AED67B7A30D9857
S3150201388CF5DFF73B8565D4521AAC27BB170689DFE0
S3150201389CE87D474D726DB3E3FC7A812551A3F70896
S315020138ACF1869929EA653AF8BB866831C8728FAEF8
S315020138BC13F072914EEB0F33E1E1CACC0BF31CA15F
S315020138CC9E155497AA0B2BB9A705580CBBE25FE8B8
S315020138DC3DCA2F2B176EC30D03D64146DF9A3BE425
S315020138ECC0FCE592F1F6CB59E2B48E936AB03F373E
S315020138FC31DCC1BDA37A74776CC586E720515A8A2D
S3150201390C04ABA4FE0D96AE6C23E6E05ED336077AC3
S3150201391C8315803C0D15AE60CC3B43E6572C2C9699
S3150201392C93076D3895C2CA423B238C206778CC65C6
S3150201393C54A7578F93143D06638156E7004DEA9BB4
S3150201394C54DF80F0E80CBB38132A2CFFF4A8B14FD4
S3150201395C2B797B556F173EC35D411A7CA098BCCD62
S3150201396CDFAA7D8338248166781EA41BA6858886E8
S3150201397C56877A79DC27AEBA2CBA9C844F53CD93EF
S3150201398C5F6095B3448E6774293A2FD140F9822927
S3150201399CBD3F56E91C21A2A94CDFE9CB2664DF7493
S315020139ACB09995EEEB786D6092B216649D8870D7DC
S315020139BC1CD8CA95931D20B54E5EE1D8000FE4A71B
S315020139CC4367DC8F58D501569611B6123156E24031
S315020139DCA32C6047F8FD77D59F9766B40F1CC0A33D
S315020139ECF9D5986F4F336CEEE9855AC66FD94AF6FB
S315020139FC72512A68FD3BBB38F734970E163F755048
S31502013A0C82A837426794A1095E214FAC7071359930
S31502013A1CE0A35CACC015B1049EB58A7C77C489CF90
S31502013A2C11D2F523D5B0BF90C988F3D67506D21635
S31502013A3C8849F0FF2F0C3347F54A6491977BBC3DBD
S31502013A4CF517E7DCF5F6C2BE052869AD5D459F8122
S31502013A5CB296F7B9F9B2985323925FF5A2DE5B855A
S31502013A6CB95549BF609C5FCC86D228AD445425BC5E
S31502013A7C8199A1789B914F9EF72CA0A653619489AB
S31502013A8CD948B41C0F2EFD6D284F0AEF00C414F051
S31502013A9CF1FBDC2B94DC65BEBBD694CB82F63C3DAA
S31502013AAC96E3D7EA0A6D09A282687482979F4654F5
S31502013ABCAAC2A1D38DF20867838C9BB6AEC2E5E787
S31502013ACCC8D8B16AE6D268FF5D75DDCE28364B6C75
S31502013ADC19354C33075A94DFC3FFFF5374DEEA4B95
S31502013AEC3A6984A50A4335B0B45FD0BC651C76AC81
S31502013AFC483D1CF8B8AB67707EF41686EB3A22B2D7
S31502013B0CE9CD0AE2D33C08D2164EFAE21EDA2CB3FE
S31502013B1CD10901AB89A8D783B336665514ED64EB8B
S31502013B2CF9C7688ACF346A07ABCEE756E70AEB5870
S31502013B3C5AF24F820F6990414C2B85C80BB2406EDB
S31502013B4CE4FAB9D37FAD8FE54748857338DCD35B8D
S31502013B5C9939E59E777F7AE123064220F55741E5AD
S31502013B6CC6FAF362E6919B1E1C3587560BE607D005
S31502013B7CC7165A9C422802B12A2EC0169D068AA93C
S31502013B8C340BF2672C34337B4415E08D671EC89BCC
S31502013B9C2E341359C20948EDF01E4E1C43E1F06551
S31502013BACB6FB574E53A71F0978F06B70E017C7BEC9
S31502013BBC0DC0B78C218B39E20B542313136B851D64
S31502013BCC76F7618D93F9B4DF9DB81E651A75893A3C
S31502013BDC349A1FC807B9BB4F97AB1CA0E5A5D844AD
S31502013BEC2D9E60337866E08E08A95C9271406DCC8D
S31502013BFC3203420041308729BDF3BB4F39257B6E17
S31502013C0CB6CFCA2276947A47F1E8F52CCA5F894C6B
S31502013C1C709E4E95207713E4FDA05BE36B2BC74395
S31502013C2C33EB1A8426F358606C786A727CE5F24D92
S31502013C3C7322179FA9D67DDD3E7C7E2AFFFB1BFDD7
S31502013C4C79496A09CB1E237A681BB6D146EF20C67F
S31502013C5C8410405D06CDF7909B35636F18D86DDCE9
S31502013C6C50B2A6B17BCB4083CDD39FF3C5517B5FBB
S31502013C7C747F256EEE10156504A64F84A406A699CB
S31502013C8CF8CD8AEF4CAE50DAC0B5B2E95909CC9BE4
S31502013C9CF9AB9F1F1B081923FA695687403DFF4949
S31502013CACC53C1EF4E47B7F59394AB55576EFAA53C6
S31502013CBC6E49DDBCCA44F87C822167B4F204E8A1E0
S31502013CCCEE4D7EE515EBCCFF17EC0EC0619E1B4B40
S31502013CDC893E479B202585F856EDA6C0DA6A5A6CB1
S31502013CECF7338D9E89372066217FBD4101C1035071
S31502013CFC3907D2DAD1A040A26AE4593EDE4E5E47BA
S31502013D0CA0B970BAAE88156D26DAD6B397E61947FD
S31502013D1CE63A7B38A1AA2084D6A2C1142B8F7561EF
S31502013D2C70E0A04BCCF355B726BEC3B1BB38EA4BF8
S31502013D3C5EEADCD889F26C5742613CF972DA17D524
S31502013D4CA045929F848785A02BEEDE3FE94C5CF25F
S31502013D5C4A8908B376A90E07D60A8C1E7A5925E822
S31502013D6CCC922439EFD10923AD694C9E5C688FDC68
S31502013D7C9A98BCB6118B9D0F34932D4D2D1D6CE764
S31502013D8CA4F063BD1479A88E7AE67F62D6D79DAB71
S31502013D9C242086A7B9A348436DB68D22BD16FD6EA6
S31502013DAC71CDA89F5E93587ACC44889FB4F1E36592
S31502013DBCF74AF4585834E12F5F0219B8370B8028A9
S31502013DCCF861AA419A6FAEA205A43E78776D3A685C
S31502013DDC668364029B926EFEF6024FC6D05151184F
S31502013DEC862F1BFF97CA50AB315A02BA0A11C7D09A
S31502013DFC46657402FF9DD651F69BC72F99020EC4D6
S31502013E0C9CE1BCBDCF7D9EE70D14D490408F1A2147
S31502013E1CAA9767CB9B14D34EE0FD38990E406EB030
S31502013E2C61536AF98287C1567B3A6DD22926F152C0
S31502013E3CFD93555CF95D6CECF7C16E7369ACBBD045
S31502013E4CF4C5F8B804B222A86EC2024AE16F193D52
S31502013E5C189E1CC3E16895392028626D74C05C9763
S31502013E6C885C99C1B23F6AF7E4AED7CC8E55449EB3
S31502013E7C4E7C69F07B9DEBD3A98B54DD137E263EDA
S31502013E8CE31E45A514AB41D0AC13EE5D93EB18E9D9
S31502013E9C67EEACE651509EB2EB3EECD42626DAAA7C
S31502013EAC2E88468DAFC22CD7D8222B0D39DF7071D5
S31502013EBC93048CCA23710034E4F8D393BBB02A5F02
S31502013ECC94A78D5545DBBC815951321ABFD85CEB8F
S31502013EDC651C14C8721B3CDE1E8D8102F72AC0C6F4
S31502013EECDE29133DEF7BD938E948445B150067009F
S31502013EFCE8A6D6DA942B8DA67B16F5F0E30F001005
S31502013F0CDA5B64BCAA8FB2A8683DBC77F5643CCC7B
S31502013F1C2AB5BDE934A214EC76BEDD0FBEC227BBAF
S31502013F2C2EC17521C6A824A3483ADD680FB38FD3D7
S31502013F3C446E269C6B15705A410F3E8D0207A7A53E
S31502013F4C90C54C3F1F75834E75227DAE99C98A3E2B
S31502013F5CB7E26C3535DAD61ABBA8FD6CCA0610F077
S31502013F6CC03363D3C8C59AE4D6F486326DA4F05431
S31502013F7CB7C223250751772ECEEC271836438D1A55
S31502013F8C8E348C7783451050F412576CFFE3DAEBBF
S31502013F9CBF279E7D57BDC8815D2CA1FDB2B506F525
S31502013FACC3B4169D7DA816B934BFBF44507470D7DD
S31502013FBC61F7A5B8A7D1A5F070AD7AD70152F82051
S31502013FCCAAC1CE430094CBBF0CA9597B592752A146
S31502013FDC756C231611EA513E600523EA6030B31D56
S31502013FEC338109023CDD5A99B6DE85B62D6C218CDC
S31502013FFC83966A529058B1C3B4865886785D6477B3
S3150201400CC18D28E7E657B5DCFB13118C796E84C892
S3150201401C7DFEC0129C21F20CFC877BF2B6A7887E30
S3150201402C47708BA93EB5A2EA29D2EEA30F03DB0E8A
S3150201403CEA96AD1286357E2A968C66846E165AA23D
S3150201404C5FDCB9818C74458BA76FB52885847DEBB2
S3150201405C4ED6631874F2672BFE4D9A8BD2D0570A41
S3150201406CF1FED91DB3FCE638054C8D516C78F499E9
S3150201407CDE939503B3502581370D9BECFE05555EF8
S3150201408CF5B6A165651A5CACFCE16828F30747BF76
S3150201409CCF3E89BE20EB83B82497E82BB3D605AC69
S315020140ACFB4029EAF5FC32002E73BD47EEBA5D21BF
S315020140BCF28F98A4E1C3873ACF78850D8A729EDA7C
S315020140CC6FE4F525C6EEF82A25973CDC40B4E946A1
S315020140DC531D02620B9824EE1D499432389807A897
S315020140ECBAD7625B8B074FFB79C3EC1547638CED31
S315020140FC73FA0DBA66AD2C473338BC38603E473B72
S3150201410CB2C5392CCABA291C19DBF72A2FAD582785
S3150201411CF598FA22CAB25058588AF5D7BF8BC95AA2
S3150201412C8775B8DF864573F5C6CFD65A9EA245D694
S3150201413C677AB05C2F396B55148D5B72D6E5E1E764
S3150201414C4FD9220CA736142F5C17048BFB4355B59A
S3150201415C7D1F62942D92B49B2DFCBC5E6973FF107C
S3150201416C4EA2DC708C26C23063E0CAF21CEED3F688
S3150201417CFE169E8015E28FDAD009B5D8F4EAD84339
S3150201418CEB39379E5B349C5332B76F28DE98C4DA0F
S3150201419C7ADB6C10F17EB03E5F027AE0F36B54C5AA
S315020141AC37A8F0366A3CCFD03D66020C4908024D5F
S315020141BCCD83EBDBE302D18CD90194AA8745664305
S315020141CC38CE8E771F5239BD81651DDD4B0B1044DE
S315020141DCD5E94D13CF454E5432CD7099F0E83908D5
S315020141ECBF0B377072F6A504533FC03D32D29BA268
S315020141FC4E27F7B93B365897AF4FBEDA44C49E5891
S3150201420C90213D237623FC5D8118F5FFDA769C3AE3
S3150201421CB6EDB6CA8304CE33DCEF5762123AFC0210
S3150201422C30818DDC009D69276691FCE202A753B1B0
S3150201423C539E9960A1BB8074CACC53EE5AD1319666
S3150201424C3923CDF619AABE5764C7D9AAA71DE4BE4E
S3150201425C99AF3FFDBB3911AD2AB72EB4D329EB6CFD
S3150201426C8B51B085513FC87E28F950C76ECA69C2B7
S3150201427CFDE69ED161C5A1B112BE93066AAF29AA0A
S3150201428C7AB589C141ECADA8116E4513DDE96A3DDA
S3150201429CEC27DB6CA8F6F6BFE7B90F982A7E2E47F8
S315020142ACC1A962BD2502CFCCCE9C5640F4DBA7999F
S315020142BC6A0504A4CFA5DEBBECA4E20BF2EAFC0F61
S315020142CC7C74D84DB29BDC024BC76D2B28702048EF
S315020142DCF990D5FB47C556DF16E162FA07A7A0840A
S315020142EC0A22C3B66270D23F878211A2EED6EF6161
S315020142FC2620045F907F5DE93D169D2469E39A872A
S3150201430C822C22691751BB6A0C7E3AB41F7C38285F
S3150201431CA9A55E3FD5CE304B971C3CF6762B638511
S3150201432C8C45C5BBD994E4DF308009064D277F5CE9
S3150201433CBEDAA75B3A568F61EA963B4C6C13DA3AB4
S3150201434CFA8D1C1F617BBF5093D4CBD5E21665C483
S3150201435C63A22F1BD7821EBAC6A78D42653929A124
S3150201436CB81C9D70C977C439791817EADD87E470D0
S3150201437CB404625F098D1D74E1AD9B6F05E2E24CDB
S3150201438C4349344AEB3F38DB4CF6F86E0ECE362BEC
S3150201439C556526EF79BF103E5E9996C71630951B69
S315020143ACDA15B6BA3F29923F4243FBB505120B0207
S315020143BC5638ED1461194CA16D9804CB3BB439F501
S315020143CC8C440D97C2F1AEF6669DC7BF019642C4E7
S315020143DCA159684FD2882FC3FF23C5AAC97CFB34C6
S315020143ECC24CF5FFB1D371D42378047594194A8A58
S315020143FC14ED3D4A813354E57742BFDBB365A94DD2
S3150201440C31791A9407E44C507CA5917DCEC673671B
S3150201441C71BA9B451EAA14A5AA97C081F3A33D8125
S3150201442CFA33D35D4F19D4A26498196E1F82E88BA5
S3150201443CA98CE066367C79D8668737981EC66C3F9E
S3150201444CD29F9486348296622DF9DA5ACFDBCA4F01
S3150201445C3259104D13F3A4C0399AE2658EEEA68B2E
S3150201446C697BF0D03E1897205710F09E79F8BF6001
S3150201447C4975FEE8A26B17638CE32921C6EF5C54DE
S3150201448C0692BCBA0E4051EE2A8A205789E4CCA771
S3150201449C3E2252FE41AAC9451438C99C58CFED4C4D
S315020144ACE64C3EC53184D4D3C1526A534DDF4B66B9
S315020144BC044670099D6E3F3BD282552818F384DB64
S315020144CC65C5B3DE49EE3E3BAE7450DCAC49E6B88B
S315020144DCE024875CDE677684B5BF72896E77825972
S315020144EC7D67ED731A1D4A60AC537EFFE5AC6955C7
S315020144FC88EEB6A69AD161DD7898A194DFA25AFF0D
S3150201450C2BF937122D9DA8876376B90FCE732A7CA8
S3150201451CCC494EDB95A938277378CBE4B45866EBB4
S3150201452CCAF2ED748F7E9DD619CA980C4C77A420CB
S3150201453C2B3AB88DEA141D6114434C2CF273ED47D8
S3150201454C31ECA2D945633D55EADE3467925657BC26
S3150201455CADA3A612453D50BA51094D09D0527C90D4
S3150201456C4BB5FC5EE35009723520B42CFF1843D4CB
S3150201457CF68148453667A414CCD0E9B6632463A008
S3150201458CB0134F6E5AEC733EAD34E41CD69ACC364C
S3150201459C875A7756B11E6CB2467DD3F27F929B0F28
S315020145AC79BD2DB422399B26C51E26C7078C392CFB
S315020145BC555DC44DC356EFD4616BE71BA3E3B3D769
S315020145CC20C7F7BF7624F666249179AFED574FFDD6
S315020145DC5AD01F13749E15EDEFB6A7D4F4E9D9A9D7
S315020145ECBF17BDC4267B646CE0F5D9AD960A12EBF6
S315020145FC60B4CD92E1222A891C1262C1A54918D551
S3150201460C1FAA65FE707A11E4F30F4CD5D9965BA2FB
S3150201461C971EE1AD7D0FB02DCAC28BAA35991DA18C
S3150201462CD3CDC6F9CEE8C22343EB09000D0D6424A2
S3150201463C82CFBF0359486DB9B55A670ADBCEC87327
S3150201464CC04DF6AE8AD2507F497E3DF9F43E03FF48
S3150201465CA138EA2300F90D21A6B5F6DBBD7896241D
S3150201466C770F4545EB6B6278069CE76E5C591FB971
S3150201467C64E39F298D04368C7C57E3E41837FB508F
S3150201468C2DC5AD2C00BD7D4A13D341DCAAE2067EB3
S3150201469CFFAF117A449DB96A3073A26A79D6F17564
S315020146AC06D10C7B6BBAB9EAF8CB31BA2D6BC3E5E1
S315020146BCF766A6BCF029E8C951C050F1F7C80F9E9E
S315020146CCAA8D2110976DD77D7FB38146F7A6BB02C2
S315020146DC185D794A4680829861E523F426352FC303
S315020146EC801DEF0E29CECED560B89318A1F3CB1D42
S315020146FC3CE02576A3FA826086FEE87B510896ACED
S3150201470CA4EBBC6737FB9F928FFBA4DB65800890F9
S3150201471C42DCCF461AD75F3E92F6730DEFBB7A1186
S3150201472CF95B33D45F6A687CB37EC9A39A73D0DB17
S3150201473C04A318CCF4B1393EE8DA9EAF11A2BEAC91
S3150201474C90ADCD09B0EE5D0E680FC2872AD6A74B86
S3150201475CE296E1B1114DA88B0C6AFE9F2DD52FC2A3
S3150201476CEAFD244E97EE8FCA7248514E6880F07953
S3150201477C95544623351740CA443BE86753E47914EA
S3150201478CB1EC32F67DE6053ACD4374FD133278BEB1
S3150201479C9FDDD77DF9C9E90A360BF4B9490AA68216
S315020147ACFC66BA925E6DF4B647C18F24F2C94C8986
S315020147BCC48CD77122D16E9C56FE506CAF401ED85A
S315020147CC3874ACEDF86CAA45054DC2249043522DB2
S315020147DC8CCF90E5A087CC7EEF3C7A4FC90527FB9F
S315020147ECC2ACD88B433F53F0B7EF95090A9F744D70
S315020147FC2F8F71F02BBAACD337F6E58D61E82F7397
S3150201480C425329A644A07C2C4C52FE49BDD262B31A
S3150201481CD3F367A58A2A90357489D4315F9271488C
S3150201482C767881CCC7CDC586176D613F01CC35DB58
S3150201483CFE58D29071979A44746C2B1ADF292FE980
S3150201484CC4CB38546939375AEC6A69207C359617C8
S3150201485C1456C858116802599409E8D3418939A6E4
S3150201486C17AE88B414CCC7774C2FD021858F4889C3
S3150201487C7B071826CB2A7F53F2904FEC396B1334F4
S3150201488CE29C3FC0DE9BEC928E28AD2179FB75072B
S3150201489C191EEA3B15E3FFF7F0EBCA05538AAD4C39
S315020148AC8E8DEA17DBF2C7F89562860945021D0A57
S315020148BCB0C724AB35946D1AB80EFC2A1F54341B9F
S315020148CC937F97A88F6DC4D7CECB4F690C0DC81C9D
S315020148DC2C977457F8C1550034D3BEA15F014A8493
S315020148EC4F7AE108A9C9BFE5790D33008E102A1C4E
S315020148FCB59470DCED7A9485B23483C8A28CACA2E1
S3150201490C825F70FD1E153FEBCB4CE43CFE42FBE194
S3150201491CA17B77519DA4F948D8D1380634B09E476C
S3150201492C176300F44ED07CB09048F0864418FF967B
S3150201493CD39CF6EFE3C3F9742403E7F86B3F1970C2
S3150201494CCB71BB0B8CEBD71AE441CCCD946B3AE40D
S3150201495C46AB7D62E007925ED54E147CB397D801C5
S3150201496CE8A0EA38B51E3176AFBCDEE7C1267C3F3C
S3150201497C806E6254A0FD3D3532A5F7C3DB19BBBE71
S3150201498CCBBD02C9ED9B928EB7B4E51C38F0D2BDF4
S3150201499CA2CB82E872C06939DB063CAFD417F8297F
S315020149AC605CF6168A88D14ACF9006033EC11A007C
S315020149BC533CF21C3C46EE50F6E5E60814C7A92C0C
S315020149CCD9BF83BD853823EDA8CB792381085D0E2A
S315020149DC8D5FF04E5E3C5F3B3774B2CA5941CFF0E4
S315020149EC3E599190BFDA7034578617A9700FB1E010
S315020149FCA76177E07B52B9547E6CE41F9503F827C5
S31502014A0CE355164AED6C16447B03E1B0389038DF58
S31502014A1CED0ACC3D7570922990BE98E96C6456AC40
S31502014A2CBFE5691938A569254A6AFF54A896A718DC
S31502014A3C00AB8A25B8D1E9BEF784B1DC9316F5131E
S31502014A4C9A44FEF0F7F09D8F31753D223779D115D7
S31502014A5C283E013318A88E48A339E587913755B8F4
S31502014A6C4382F127B061F56F70DE49CE3B36BECB80
S31502014A7C46FFBBCD1892C596803B61018AB7CB0125
S31502014A8C40C0A9D6A4F98EFB686622166CF1722A6D
S31502014A9C5891D488317B7509E8E94E103823B30154
S31502014AAC7B04D900912D9AD3292F56D7259F05160A
S31502014ABC86662C062C4A7696A2F434F4BBC9F2709D
S31502014ACC74978C81DBA8C10D64929ACE7D83A61A4A
S31502014ADCE0D410531B051A0C78A1C73D20A13AB09C
S31502014AEC6961196744CB78EFA33DCB1386F04E313E
S31502014AFCFE7DC67109191389EEE6A6C9CA47BE829D
S31502014B0CBA0658055489ABA00A83334F01009DC3DB
S31502014B1CB5DC1209CBF9EC8B6C63C2818BDFCD7BD5
S31502014B2C0FDED8B6BD6EA9972D12C294AA0AC08CF5
S31502014B3C0E5B3852771AE5FCFA0DBD33E0DDE9E777
S31502014B4C357C9410317CECCF5B660653E2CE339303
S31502014B5C61A0BF24977E22009E02F689A6850A834E
S31502014B6CD112365CEB16E76AF1B62C90E3E81EC558
S31502014B7CA6E6A5B6AAAA4FF53C3481AEB809A75248
S31502014B8C73F754B4D535945F6AB250D64B248A81E5
S31502014B9C0DFE0D04391854762CE5A31F98EDC88F1A
S31502014BAC08432AD40958F4A2CB6DB1D3F12874F176
S31502014BBC17446016638DB6CA6561DF90C0A31B15D7
S31502014BCC80BFB5C85EA743AFE7784542B4DE923AD9
S31502014BDCDE1351186C969B07EA21701BDF6F192A9B
S31502014BEC34E6301C540332C06897DACF41A70C85E0
S31502014BFC738DD8A0FC07D6138A4B7A5A2FCE4DF257
S31502014C0CE20BA6C55ACC19366BFC6C2269D6743FDB
S31502014C1CE08D8764B78330FADB82E9873A9817CF3E
S31502014C2C74F39AB227F5DC5FDF3611E75DBAEBB4A2
S31502014C3CBCB5967D832BBAE228D2FC7365D3D2F925
S31502014C4CA521F2B7DAE4E6D472C2A814C772C01669
S31502014C5C9A85E904A39D6A0FEE3214086B84361207
S31502014C6CA4C220258FA67E81B3BC01991FA8130D60
S31502014C7C6E5A78CC92F54838BDC0175ACC0AE185E2
S31502014C8C02D3209F1D995464B3792705CD547AB565
S31502014C9C95EA86C023703F8CE25051AF65378FB4CB
S31502014CACB76E75500338F090BF4C9E49B2B2AAA6A4
S31502014CBCEBE82EE847BF6E076C6E41F98CC81914E6
S31502014CCC4C13FFE56DCA75DB422E7003E227F3A680
S31502014CDC51025C6CCA03C335AB3D001A3BB40CCE14
S31502014CECA6A8FED6B46392B22B9625B836B8F4D8DA
S31502014CFCA54BB5827E15C74D6D83A848920466F7FE
S31502014D0CBAE15D5611172F6672163B53AFBF5E4A57
S31502014D1CC8ABD3B30924334B0B5130357818F6751E
S31502014D2CEBD362A72778BAAFB5AD2894F63B0F3E03
S31502014D3C5D17D6AFB0F93736A522C43D17270FED4D
S31502014D4C1E5256517C6509E3A0FD799D8BC53C0823
S31502014D5C37CDF63B8E5004CC9B06CF9FC34987E9D0
S31502014D6C474F5F35215D6B919AA2AA1A9BC3607458
S31502014D7CA2296E83D68B1EA8499D9875E8434F448A
S31502014D8C8D217DE172DA13805A2FC9B22E17B6F52F
S31502014D9CBC0725D7016A27AC47ADA4FAAB26E1734A
S31502014DAC03B87B2888F0AF2221EC3882B381C8EC98
S31502014DBC6A026B669F1E08C7D8306F652008245D90
S31502014DCC6F2D0DF9F956C10B92271F03C093C870AB
S31502014DDCA56F9A360264138BD734115FE96C8783FC
S31502014DEC9E6F319025E05CC6A78B05EB0237EFFA75
S31502014DFC868861284E8F57F959A50C9BBC06D67726
S31502014E0C0F8381186918C90DF6C0D8AE1F69DD7BEF
S31502014E1CEC7966E63131E85335E07A79C5BB3DACBE
S31502014E2C7E01A8DDAEA82E04CF24A4AD1282A24423
S31502014E3C92C353C6D86C1CC41004F3D0EC730F0A7C
S31502014E4C29533EA7C6FB82EFAAD0EF21EBECF1EC7C
S31502014E5C1730BC8E6D0C7E1B5A64A3399246A57A09
S31502014E6C530364C6D392CF1F73C510C262708F2FC0
S31502014E7C60303A3F886C06C7DC0A1FFC1543AEC18B
S31502014E8C605762A6123A876D8ADCD81FF26F8ABD09
S31502014E9C4CAD53FECF6C9CABFE8526FF1A04549C7B
S31502014EAC18AD97B1A805B0881E473EDE0E64E42DF7
S31502014EBC8985C0EFE88BE4C8871DD476DC9C8758BC
S31502014ECC2B3C247E2B74D1E335370BE86166EB6DF3
S31502014EDC978AB948680C733FED34B3C5807113DBFD
S31502014EEC03E0211DCD1CD52AB18D705B771B2343A3
S31502014EFC30CF5F0968AD5B1B7C4B204241E5C76C29
S31502014F0C815C92034DC4BA4AD8B97C63149601A644
S31502014F1C35A42E18197D0AF3F12F8F0E0660C417CC
S31502014F2CD74E74CC202306C9350693F83830D2C72E
S31502014F3CF5F13EA7765A935C520DB8D0A4BC172A4A
S31502014F4C27276C69ACD575BBE906E76D9A78398E5C
S31502014F5CD0ADF187733BCB5ED7D3A12748AFCF6ECA
S31502014F6CA94F7D9C675F79B57C085B0EE81B307295
S31502014F7CAF4BA56D91336EE8947CEA40DA95FBC78B
S31502014F8CC314C145CED754A4796273B65BAFF01D77
S31502014F9C8C1974F4AF9B4CE120A323866E515557A1
S31502014FAC902307C5A703645D847AF3ED0FF028C538
S31502014FBCCE937DE7943C7A5380B8FC7D2E1118373B
S31502014FCCCBB21720AEF678A51004863D11873002B6
S31502014FDCE3E4BAA917A4B4D45311651B3FBE6DEB16
S31502014FEC1878A1F31E6E271CB64D3AFB0B493FA44A
S31502014FFC08CB5999C3B6D5D55BB76FEF4E17E84CAB
S3150201500CFC41EE25D7795BC788C5E6E396A656B170
S3150201501CD59640FBF4DAE61BD2511F984674937768
S3150201502C798072B080324F915B6C1F21AD9F7DA648
S3150201503C5E5263394AE282B1616C69967D9744D0BC
S3150201504CD08922D022081F3FF066BD15CE2A88F7D9
S3150201505CBEA82565C5817532F8644A4C37C73F50DF
S3150201506C8461926A20056DF97F551F23BAF1DA73B1
S3150201507C33BE891BB32CFC7A4D0FADCB06E94175B8
S3150201508C14EB29ED7DE8A7B512FA320A3612DA25A6
S3150201509C008EC92CA0FD38C7E53866DFDD81236E8B
S315020150AC152540E2C6CC0C52EDC01C8575B2A68103
S315020150BCB69A331ACBBD0FEB11A8D4B94AA9DE6F36
S315020150CCD086B744F2A9B95E496823ED407F078CB5
S315020150DC3CDF87042711E275B785BA843F6CA7B901
S315020150ECD7F5A2A6A2D04BFA18F223F1CCF6852853
S315020150FCB41D9799BA67E245F1A5FCC5EBBBEA70FB
S3150201510C0C8C34224662BC8186792AF2701DA44823
S3150201511CC06FA4FEC657926ACF4C8984993AB3974B
S3150201512C6B4462213057012F8E8BCC4286162C9DF5
S3150201513CAC8630DF4CE2CCD471DFEF848A537D0925
S3150201514CADBF69E84E11D95DA8D52821DB65C685A7
S3150201515C0933E5187EFBF13A90C62A388A54E9AC32
S3150201516C39A1B58E6D0058E6DCA370EB55C99617BD
S3150201517CBCFE983C046B06D7713D3CF4C9A4D9F02C
S3150201518CD82D49A29B1B143D3EC95FF7211F758978
S3150201519CEB0B347C114F02AA8B3C2AC454DC417DA5
S315020151AC3EEC29E2D6A5E3AAC3448FB59E0B69E868
S315020151BC27E0E9107AB39FDF83942BD000BA578E7E
S315020151CC552EF476941D3F2DA1D368C094BBAEC166
S315020151DCF81FE4CD278283B6EDA1E661370C64662E
S315020151ECBE733534B7647F4256B4868DD7722D554C
S315020151FCBB412977D9BFE8E3B1057060B94CC1FF50
S3150201520CAA17E218A4E61FDBE4FF45E32BDC45F4FF
S3150201521C50C284160C5515937F26660BCC8141C759
S3150201522C425B010B42A141FC4F055A1F4C62088895
S3150201523C55FDE1B49CF08E36316E8E126B2D7EA924
S3150201524C6DFC61531F0491ADDE7C29F281AFE5A49D
S3150201525CCA4F80CEBC3D50FB2DEA459E56060A81AD
S3150201526CA6B44BCC3E0D7C3C35A33E2FF4D8D525AA
S3150201527CD92440AEA9560D0669753865C4E61BA537
S3150201528C802A69518C865F690A14C41698B1614DDC
S3150201529C3B89051ED1852759BC1A2A07D0C52DF67D
S315020152AC20605E4B0D53C7C455631CFCBF664C7024
S315020152BCEA58663AB2DAB29AD7B8CF1487EA4D13DC
S315020152CC266D278CAE337E089871C616203656602B
S315020152DC1D851C31C35CA50F7CB580DE4E38BE6CB8
S315020152EC2DFD4A1C851ABCE1803687B03650B87939
S315020152FCB2B03CB9C6DECE276617ABC0AFD42F7D92
S3150201530CB1463DB952AC72C90A74E5F93C9CC20369
S3150201531C102AADD362DE99DA6C92495B2DA272A583
S3150201532CBDE28BF7D614E7F7E0A157B2B52576178E
S3150201533C363E74C2FC503D22C4A7F3EC651FE59EB2
S3150201534CA3E0ECECB66F4337634B49DAEBE97461D4
S3150201535C5B96162E266998564832A1010CC39746BE
S3150201536C542C1493A9CEF19AFBC8678AD9ABD4C82B
S3150201537CA7863DC9C5D34458FDB8A822DCC934A7B2
S3150201538C771F1C017B21B344836A15AC094A1B4B5B
S3150201539C7CF7C10A1A194751454F915ADEF72A7CF5
S315020153AC6B31CB0BB2CFB92C964E8509737E5CA6AB
S315020153BCAD6A58863BA8A04FB6DB1AF613909EF837
S315020153CC42F0D3B5E7D4FB75D0CE1D18448E420EEE
S315020153DC15458419B1179263BD55795C01250FD612
S315020153EC6A2314EBD51EA660BBDD074811371F1BBA
S315020153FCF417993D9A3D30B41FB335A89C86C45512
S3150201540C19809035ABB82A93367B58CF44E5725F37
S3150201541CBEAA215642F95B04CE7C3F10554517F4C0
S3150201542C69DC81040D8B739A645BDB85942019BC50
S3150201543C18263B2AFFA2009447F1FACDA3B8F6EB44
S3150201544C002C600177373B2386F8AFEE4C5E8377EF
S3150201545CA583E6984775ADFDF85C1C4318CB53D46E
S3150201546C2927D7202397A9F1768C3F9A220516393B
S3150201547C96FA1032F1E6B3DB5A98BD545685DDEA3B
S3150201548C2850481596EA36481EFBADC33FCD5968DE
S3150201549C8FD24B35BE54F4E18E153A0A8433F96038
S315020154ACEE9A426249E06A4E20FFAF27D1F2E1CD74
S315020154BCCDF3BC987A28C40392DC481F7AF0D30E3A
S315020154CCA9638684B84ADABFD5B7F8607109A0AD6B
S315020154DCAD6B7D751E74BEC7627C0A965D1DDF8E31
S315020154ECC013AD06989E265CE706FABC90392E22AD
S315020154FCE236DFFDFFF3874FA2916CB0B8194FA6C6
S3150201550CB212CB7A58FBFCFB28F63A3B9CC56C24AF
S3150201551CFA9CFD2804DA57F4766E3FDBACC012D244
S3150201552CDF1BAC6A2F6B556E9A0248215DC2ED7474
S3150201553CC6568872042137DD442823D43460CB4500
S3150201554CD0CBD6C94B8C21D82D363D5588E9BD75A4
S3150201555C8580D0F91C26999766EB290CF4FEA004DA
S3150201556C30A41559E761C36C357579B1DD7F2E7699
S3150201557C124168C241F0EE4722320D9ECE81926DE6
S3150201558CDF86414AC2E7346C6469E80F208F640BEB
S3150201559C677910DC08F5CE45392B5D0D523B25DCBE
S315020155AC50554D77145C27B42C9BE62E9C4F2A4EF4
S315020155BCBC2D2758EAEEC41B27A30F11097A4CF30B
S315020155CCC4FBF8909B88A4D9634778A5778E8ABFCA
S315020155DCF0BE2FF3CA901819EF55AD642E5981D42A
S315020155ECDE4ECA05C9DF15F7B5A8A77E5E7A89B460
S315020155FC30185BF70E6C1D84B2080ECEB6CD581A56
S3150201560C64FCD7521CC35088E2688C34BE91A185C6
S3150201561C4818FD0B150394D15148B408B18A03F409
S3150201562C4A7BF6EC46E16462D54AAFC8FCF0BCDDB6
S3150201563CDD240384242B27DABA5DD24AE6799FD973
S3150201564CF6F8AEBE613F8B19A7952396573A9F91F1
S3150201565C9F91C3F67AC798BF2702561835BE28936F
S3150201566C6231AD9BEA4AFCCB9AABB6C2C226555302
S3150201567CCCC76E22B514E283C214E6A33BCB657387
S3150201568CB17552B85CC0A67A10ECD56CB1504072A9
S3150201569CDF31A7B31CE36D0FF1ADC2552363A3B082
S315020156AC35D90339F7492105FA9C3875B9C627C28A
S315020156BC32B8E7E2648418DCB7EA0382E196964BC8
S315020156CCA2807C0845DDA7E8DFFB73E071F5E41BDC
S315020156DCB45DC639448B3DE8D8C7358B8F21690D2C
S315020156EC39CB3C8644257BAC3975F7ACFDC21E2100
S315020156FC9882BEF60A1794B492E478B9F0BDE871B1
S3150201570C637FABCCEC8CE8379E0EC084008AE72E05
S3150201571C96E8E406CD9903DA45D90854B21449AC94
S3150201572C6A138A25D1CF5559DDA40CD2CD2B732CF4
S3150201573C51CC647379A4B982EC2B9AB6636B8B5BED
S3150201574CF69F16C13F9B6C8B5CA30D6C6B14DAEB4B
S3150201575CC40B669F97BA9606039C0765C5A05C2E79
S3150201576CF0E329C5792EE1A3B5553BEB390D6278E8
S3150201577CEEF616DE7120390A5449AEDEA24E90B10E
S3150201578C186F13DC44630C1694A0A6096F37634F8A
S3150201579C6B70F69752FED0A65E22E0DD8EF8782764
S315020157ACEFD501A44D19B44F47519A6CEE2F9D4377
S315020157BCE3EAE0D05B1390559E8C2E13C1AF907A1F
S315020157CCCE2B88A1133177424E26547D036A63ABE5
S315020157DC2F546EAE8250BC2F3A35E58A0A77C15ADE
S315020157ECCEA04CF885ED5306F30BE1022180DECBFC
S315020157FC5F353763BC180452C0E6395E8FE093FEFF
S3150201580C928FC88ECC22E28350EF6C2F8154EDF32A
S3150201581C557A334E0D58DDBE92AEEAC8A68AE48F8E
S3150201582CC7FE81B3B5417E949E6849844B8724E4B5
S3150201583C71B32EDBC763DE391D8486AD87F3EAA805
S3150201584C5758F541207F7FC6F6130EBA72E8576296
S3150201585C3438D30B1B16ACAAB0340D8D22B93F6961
S3150201586C7F0EAAA4CE8354C127C52DE1AD677AD585
S3150201587C30BC97CA9A0C1B8F57CFC1AD69B82B9501
S3150201588C17EB8E6D3C3CE96E6DCB275539269D9FE8
S3150201589C34526869CDE4E231FD9A44123840E4D4BB
S315020158ACDE8F5833DE24E582DA1679AFB88072DBE5
S315020158BCA5C2C14DD16DEDEF2AE71EFC23B94ED51A
S315020158CC287C9161F9459F4F138F7E228C8CB1B442
S315020158DC490291B59858FFAEF2AF0E73DC9EED916B
S315020158EC95BF5AA69C15B0033568551924E053C6C3
S315020158FC373C537C62773BA0B854D7F86C599C82DF
S3150201590C17EA79F65F7D263CB91E3C2C39F75E0AFD
S3150201591CE8D767E96816BCBB9B1F00946F4F41A77A
S3150201592C35D7582072EB6B4C05C7B82E7FF27DB278
S3150201593C63EDD5F4FA56101159CFE89BAAA0934EF2
S3150201594C32E71076D55F7B899205599797FB3759C2
S3150201595C7CD699AB02BB3A6431C748D4524C55C674
S3150201596CA84851843533DB854F7623326E2785EE73
S3150201597C3B7551A7CD8A2E606781E2A7CCF4A18A29
S3150201598CCDB8A2274DFE07987701ABE63B58BB571C
S3150201599CAA8290D60883355F76E35A274146B6D555
S315020159AC8D08092FD0BB20632C68197885102CDF42
S315020159BC4609A87657BE1280CC350DC5451027C8A7
S315020159CC544D2A3BD3EB94E1CB3DAA56724B01774C
S315020159DC52CBCE625F82E211652EB9D489B4508E56
S315020159ECC379C0518128406FA6D16101F6B7B0893E
S315020159FCF77287E1AAC503F196EA292A35C20A7C0E
S31502015A0C3386E87EAA79CDF6654D457B56A14ECFF6
S31502015A1C123B684C8A4C927FED7408B20231809427
S31502015A2CA5451CE677C14ECC8C598E1CC734C51CB8
S31502015A3CB8FCC4AF31A60E1DAE15FE247AA8529C33
S31502015A4C2CC4FAA642EADB51528E90B0C403AF1FA4
S31502015A5CF88E2CEE2D5C7D0FAFF5995260DE30D6A9
S31502015A6CB8C703F8E7F2647AEB4F0FD8A31F83B9D1
S31502015A7C0481C7063822CFEA9A270F5399C73302F4
S31502015A8CC47597061F774F5235709C7DD91561B433
S31502015A9CA3A39840E6CE284F3713ECFACB78EEF94E
S31502015AAC702CCAC0D07718DB58168F4FACC257363A
S31502015ABCFD34179420E2022A8F48E302EBD8D2B4C2
S31502015ACCABFF409BB5DA60E5968C6D70B033BB3893
S31502015ADC59A843D6693FA5B095C8DD9DE4DA53585A
S31502015AEC5B66BAF9B59B1A05C7B234B6F012A4B401
S31502015AFC79874DC19403C2567C81F0E44AD3CFBE59
S31502015B0C4F240B36C8EF9215BB9FD86D0714FB4574
S31502015B1C4C91E9C1A6B3F0AC36F74B99AF922EDC98
S31502015B2CE13B6A2190CDF24D3E63F78D35F3C08B85
S31502015B3C502403FC8C32FF725B0D04343D7AD882FD
S31502015B4CDE0C7692CAC708016F210FA4EDA4DBC540
S31502015B5C53C40866E330C5D87D8CF7FADD5556E495
S31502015B6CEC61F8B1ED51E9D68D0B11123A34C11B28
S31502015B7C495B55D055828278A232F323A24A5ADA6C
S31502015B8CB21D635589AFF38FC2AC7C322BA4785705
S31502015B9C01DF3C6BFDA3A802B5C8BAE8032C409CF5
S31502015BACDA9EA88428C0A9079EBFCE780F46E41DAB
S31502015BBC165419AD9F009842DA9E4592F3ED15B72C
S31502015BCCAB7F3946E3F13C167CF75B3E707E76740D
S31502015BDCD41473CC6D37A31D516F59B729EE288D89
S31502015BEC72D64E3218620E91D14C458E680A31BF6D
S31502015BFC3EBE5DE8B9D1A209A737AE4903A690BC50
S31502015C0C4E7B58FE20FC7EBF2F0635D6216BFC89B6
S31502015C1C699BB76443DE5DDA329DA92197BDFDCF3F
S31502015C2C124D1681B4CD9A65596B92AF7637527570
S31502015C3CF56A080D29ED443B4DF21B9B2726678F0E
S31502015C4C90861EABB30F5FEC1B8B27A7D4EF19D132
S31502015C5C05A310E108D1E229586A3108516A235782
S31502015C6C613328F34F1AAC1A0BB002942134464C09
S31502015C7CB4FD310F500484E8BC0F810EE8C07821C3
S31502015C8CB3EBC07CBD6CDA819A2471209F4C508493
S31502015C9CE3F2BA28903FE9A81B3CEECA0769A2B007
S31502015CACA98799CDDBE86364088A4FDA021F36DCD1
S31502015CBC69714CE9FEED47C64F136B8734EA9E6751
S31502015CCCC428FD9B130A5A0A978D00E5B05A297E00
S31502015CDCDEE1B72951276BE76EADE1B0FE1F0090ED
S31502015CECC4AA2DA7ED7BFDAACBC11DF555EAB13F81
S31502015CFCF359DF5458B08DEA7603C95FC8F93A9065
S31502015D0C75F4B50EB60F967B62D6A991FB1718CB15
S31502015D1CD0786E239E8DF78D463614F42499F5733D
S31502015D2C1D403C69BBBFE2F90CD0A4BB658F9E95A5
S31502015D3C037EBD4BF501FD2617836009C90D7AF366
S31502015D4C5B214F0E39C6B576BEF1492383F09B2FE3
S31502015D5C59E26148EA4BD9C8FD8699C9E9947A6731
S31502015D6CCA19CBF65D36A4E572267E3AB41AE0035D
S31502015D7CD2ED97070DAC8E762A399DDC6FDCF9BC18
S31502015D8CEF57C9C3A4C93AB65CCEBFF5F4B3FF2E1D
S31502015D9CABC2DA3EC53724808D57993710013D299E
S31502015DAC3E9C3D18C8BC07A6829DF02E2994BBA128
S31502015DBC42E2705A1195B47C6D48B2C9D0E0631DAA
S31502015DCC7A188ACC48D03E9F2DE83100661AEE7CB1
S31502015DDCE5DF038B803F7408A44D78CC4561AE5543
S31502015DEC88F399851065C15EA0B9EAF522291AD6FE
S31502015DFCFC39FC6A9F016030C181C09218262F8B37
S31502015E0C28A68690CD5EFCB228A9BA74D65928DB8F
S31502015E1CC00E8A9E8F0038F4A5BEEA368AE0DD5A98
S31502015E2C1B6B135B25DD21E5B470AF19961D33F798
S31502015E3C9485389B1F449491D162D2EA278D543FA3
S31502015E4C5CAFF642AF03707BDC0FE603070F905A89
S31502015E5CC874031848A96DCB2979011550A580215F
S31502015E6C69EEEB350BC1D30EC12FC260F4B09F4064
S31502015E7C0802108A2AC204606C7D4AEE4482B06022
S31502015E8CF8631EC1B575DBC432B77A45C7C38D3605
S31502015E9CB2A841EE4174AA41168D734D39DDB47324
S31502015EAC198B881C7FBAEB77E76AFE11F2544AF713
S31502015EBCC8E84A1875FC94A07CAFF7FD093637542D
S31502015ECC5E0E25A6246AD9C257C06381444A0EBB0B
S31502015EDC3E1BE6CCE520C437A8E81A653E5B08B33F
S31502015EEC7B01C37F18603F86F70513B885771EA918
S31502015EFC8AE44B4C8A0281E56350A8CBCFB738AA08
S31502015F0C33AABD90F5E13E1E8F765F97A73BF2EA67
S31502015F1C203DE6227D02FFF9133DA95578FF0518AE
S31502015F2CA8175B4B8DBC12AD1FAE127612174B8A9C
S31502015F3CD6C18143BF65699F19845F722D5345D2C0
S31502015F4CC604CA8013831B27E1B684F1490B9767F2
S31502015F5C830342C9C20BAEB1334A60BE81A608CCD9
S31502015F6CB192B51C017087B61579FF0DC83ECF3EAD
S31502015F7C79A3C2A0E0A46F598F749CC7A6BA3C7DC3
S31502015F8C7AE7EE48CB39A45DC4D1A36A923E8CD38F
S31502015F9C1747D49AC433999CA4F20C93EBF551008E
S31502015FACD0542D4B46B8F20B4D6D8B090D76BC7B3D
S31502015FBC8B56A14D875073E62FA6BD84EE3628D299
S31502015FCCA7D01C09192DCCD5FB4E9CD7FBCD4D97D1
S31502015FDCB504C32303A39360410150D0E7A561BC69
S31502015FEC85818353041386189494004BFE36A97249
S31502015FFC06AE9203E507256FD8FC73B4F5F2C71406
S3150201600C24C730D83DC8E8C8513259B9022847715C
S3150201601CED22995A422E95B1C11C8480C500DAD95A
S3150201602CFCA3DB0C2ED6A15F107CCEA0F84157C087
S3150201603C9478087DDC2FF867199ADA4AB738122157
S3150201604C7BD3C03D8178D138A1EE0B7DCCE06FF6C6
S3150201605CB66D40557584C3C9F613A68142D1E25574
S3150201606C469A5F8EA412989EC6E378B3C9359DAB48
S3150201607C403B4F144485B0B651830E2E0737EB05C0
S3150201608C036C242056FEEF2646B38CC9820423AB3D
S3150201609C383A552A33DA86C80F02F2ADB7325BA10A
S315020160AC47D6BB81A6F7048F91BA47407D88B18842
S315020160BCB54B60BF3A04E0D1DD2F2F8019458AF327
S315020160CC176D9BE11FC71CAED3E06CED052709A921
S315020160DC64A38F7C337D9018FEA76E6AF992897040
S315020160ECF389C353E72057141E4858BBEE9188FB1C
S315020160FC2A3054B46DCA8C7BE20972ECBF3EA05BAA
S3150201610C1D63FED2F0820207C17B3B8532E39850B6
S3150201611CB61794032FCB535CE8CE489B281DAF6967
S3150201612C86BC182CE54831D3D3F93B926C5556698A
S3150201613C61404841C8C1A325E29F505EE381C8CCA8
S3150201614C4A318B98321B1174440546D4CC56EE2E29
S3150201615CCEE8F79169CCAFAFFBC4D1260EE65368F4
S3150201616CB580684FCFE10F69D96C94EF6984757D5F
S3150201617CE83D32193307EEF6E53A767B652AC86EA7
S3150201618C712D3254E3687ED4939D884C2362BBE70E
S3150201619C7BE9E7B93DCB97D68B6894E5FD7F392E22
S315020161ACFF08EA3170A4DD8582A642B1AAFCF5A3E9
S315020161BC18D99CF315E2AD60E266A5507712849864
S315020161CC6108317045270E846D91DBC19C167403EF
S315020161DC53D22EA37433EFC3C07F0FA17DE4944136
S315020161EC4515612EF6921528185C7787EF4F27CB4A
S315020161FC54A63C7BDA97BEBF73B7C6093DE04E5334
S3150201620CF4ECB267A1D9B697422735C471A45A8B5D
S3150201621C3FD4E0E70ED61D1C5FEF67E2CB62141684
S3150201622C71083E54A3A6BFE3E68E2299A3F1403F21
S3150201623C546EC29DE0870D41A897D91AC5174E58BF
S3150201624C5A6BD0CE05901B1CD058926D4E68A42762
S3150201625C454B1DDC54DA5D1BE7E41AFABA33041218
S3150201626C0C995CF9FF0182BB25AF18C27E94727040
S3150201627C78EA4A415AC17196377FB10EFFFB827099
S3150201628CEEED4C049F44CB5B23109473B88050F50E
S3150201629C342A9AEE74E71E965822694D0F3B9CCA14
S315020162ACA5E66EE7FEA8F6D8E2AF6A7C3E8489A71C
S315020162BC67245360851F80D2E668766FD0426314D9
S315020162CC2BC292541E1F18E7ADA082667A4F4B451C
S315020162DC9A77D900A0A42867E8BFDC934BD3F5F5CE
S315020162EC797A1FFC5FE419EB7F9660605AD87B5D65
S315020162FC0CCDE45970B187B77406FF737D2F95E205
S3150201630C9DF26F7BC03A341482B7CBADBDD0851AE0
S3150201631CE278DD12DDE5266ECEEEA538BBD113D9B8
S3150201632C0F3FDE97A0D30E7276E2EE1F2DDAFE53E5
S3150201633CFD7BAD1FADED2885C988D655CF509DFA8B
S3150201634CCC21899E2AF98ADD4AC41CA99631613867
S3150201635C1BBA192C89D10AC8430E8633000A9EA987
S3150201636C97767F1CFDDD4878AC920848B43AAB4C63
S3150201637C7F1D6D8A8F366E22C9C27E195F26E68310
S3150201638CDE7FDC26BC0703805C70A3FCE1C18B18A3
S3150201639CBEED504478D84F106E6D6C67728209A7A8
S315020163ACAF1455CDC10B811906CF57DF73543DC4BA
S315020163BC6E60CF7CD82825195B26FA35E7DF1F05D7
S315020163CCAE2F4E527B6925650AD360575161E10A9C
S315020163DCE7D73392FACC7244C02FEA06F1A329808D
S315020163EC3752C910F5C13F617866B5261BE24F38A3
S315020163FCC214F2E59A62586D65BF6939DAB2D404F0
S3150201640CAF0E074E37DF0A69A0A93D604F50D9E797
S3150201641C31EA062AF18F13E5E8345B6260B54785EA
S3150201642C3CB71D1466C62F90ABB24DE2731D252ED9
S3150201643C91F46D48E1362E82131D14F7AE78B7D15D
S3150201644C07E81E5D31141B201294DAB2EE476C5129
S3150201645C4C0BD0D83AA671C0F172CCF8A0871D5A52
S3150201646C6398BF7DD94F96501BFEAFBB4FE809010E
S3150201647C19CD22B3982A87CBBFC23ABF1E8BA03243
S3150201648CCE82E18826874BCAECD9C1634BF9570BED
S3150201649CB88CB57D4F87DF2C9FA62D69B8B761DD08
S315020164ACA3589C128D6EBB8001555DB0C578802CAC
S315020164BC724CB9958D205582B4105EB185B3E70D38
S315020164CCEB828DCC9CBD90AB8A65405032F3B659AA
S315020164DCC518C1CA63E8565DB4040FBFC3A8B12D72
S315020164EC8954097BB7626771FFEA7CBB7F69589055
S315020164FC99F61FFBF090D6811CE1BF3A2B96329886
S3150201650C80E97DB32E620A9BF7772677ABBBF088BF
S3150201651C00D65271759CC44CA2AC9538C8A3C91B42
S3150201652C12E5E8F65C93B2A125C7DF2FA1AAE5C64F
S3150201653C9F445346742EE4011CFF61D3B70B4DD80D
S3150201654C950DE9D5062EA597D33F39B06B03B24A01
S3150201655CF7B31B43E8B370260F30479AE7471DBCC6
S3150201656C701796B1CF2C670DCE7409EA2256F5A790
S3150201657CA2BD4DBBC57CB8EE5C7CA4FA1B27B5D279
S3150201658C059062A87A2CDC65AA68D3660AB447140C
S3150201659C00A184879D353F2C861C7B3C0536234600
S315020165AC8B093BA557FF657F1C6D0549606B1674FC
S315020165BCAE2AC1E62D4FB20AD4159D82D17580AE93
S315020165CCF36266B0D6E77388E201B721FD3AB422CB
S315020165DCA7EDF9650DDF5FAA3D186C917DFC53A001
S315020165EC1DE9C7D921EC7FDDE36EDFF2E78AB1380B
S315020165FC4CA70510430FBE5B37B1822AA8B3C4C997
S3150201660CDE1F02AE3396D64F1F952935FEE987FA60
S3150201661C06D87949C4E4CB16643A2C8D83862118A3
S3150201662CDCAF0E19551061F359F20BDCF05DD55442
S3150201663C77138F500C224DCA30F459000EA2BC6549
S3150201664C52209C896EF73AE7A1E7C7CFCA401D0DC6
S3150201665C58B83439F1423956B4B4307B9DB3E32977
S3150201666C307713AA8448A5E270A23A1496D8547AC2
S3150201667CC06C33FFF740BC00ADE81DEB8EB7377D1E
S3150201668C418F8191467175166C33933DCB84FCE334
S3150201669C9D7F99515F8B4E614310228566CBC16DED
S315020166AC14C11B82EB668379850626F7728A1A6FE9
S315020166BC444E45E8A1941F313E4B2168D20497738F
S315020166CC6474AEBCC9BB0A527BD67611C2FBDB7FA4
S315020166DC0B854F8FC19D2CB8D5EED5ADC6DB03D438
S315020166ECE5684B0CB5753C0EA92C674AEDB2FCCA92
S315020166FC7A7D39F08E760A4920465C16CF1207EF5F
S3150201670C450C81CC407D22263E90A7C71A2E03DE6C
S3150201671C52A859BA7228D25305C388FDDE5C1822D7
S3150201672CD1EB5D527DDCE75B0F0A8AE43998A2A0B4
S3150201673C7195E0D4D64170F6A613472ECED3039D9E
S3150201674C43C8C0FE11CE172529F3450D0B4184D939
S3150201675C4DE754D2DA2A252D4A72C104B5CF222E1F
S3150201676C423CEDAC0CBF5DE6412760DFBE85F34BC7
S3150201677C250391D6636848E7017AA6DD0189162BB2
S3150201678CD3EE320C6F904BDA4686A9824ED74C8BDE
S3150201679C910226E1B3B724EE935B37EB9CDCF5D180
S315020167AC2F8D8B2C2900CCFE3A1D2416EE68053F43
S315020167BC45A77C9A7C9ED88EEA1D09DD7556E36443
S315020167CC7420095094C0B0AA390F3CD0AF3F1B9923
S315020167DC37165DB7AB45B5A431598CEB250B5DC1AB
S315020167EC3006D1BDECDE43B3333C801094EE07CFB9
S315020167FCC262538FC1D4E365D0D30CEEF870AFF6F7
S3150201680CEF310A1397AD9CB87E8D6FB12E99DA9939
S3150201681CE5FB021B6A11DF56917DBA0C8DBE3593CF
S3150201682C2D33647B14E175329AE4490969A7680828
S3150201683C37BF8FBC274BB0B70B755ED778ED7C3A59
S3150201684CBC35DFE65DBCB2FE1A35E5B52BE98263D2
S3150201685C848E6393B1FDCBF58B226B1E97DB487C41
S3150201686C04E322427D88660A4918C2B1508C5C182F
S3150201687CD0D111AA69C6AA8C15BE32149BCE9C4BD9
S3150201688C24EA594118BD15F01A278C7C0C7C0F464B
S3150201689C6B79CD8F2AA671BDAF9BCB1D7D7B68E330
S315020168AC36C60663606E20C02D6F5A90BF94E8C738
S315020168BCD2021F0ED984BDC865CD29F85BA9F6E7AC
S315020168CCBC09C6DAB59797CF1CEE7F775E1DB0A2CF
S315020168DC227317F926374F28859A3C5CCB46F35817
S315020168ECCBC9181F97225FD9AC08B46F3E5265F219
S315020168FCC804803EE3173F38FF18DF7D2852216416
S3150201690C6DF6338B44D1607FA3711A1B239F3FBF54
S3150201691C4010DC817742F9EE05C05E89A046925C95
S3150201692C2AB33533FDA9F64B7B22625BAE3742DACB
S3150201693C3F74D8AC1AA8CE3128ED85A1A7A3D736B8
S3150201694CA597E7BCE62D4CD0EBA125C8B1D7E665D8
S3150201695CCFF323DDF31961A13A75EE962D08EBF906
S3150201696C5C852F7ACE411B752F4058E2F75F0BC41B
S3150201697CCA8D189AC0372CF3A3FCBF4AF51DDE56F5
S3150201698C2C1E06EFD362CB73DE15BDC526876A595B
S3150201699CCBAE19794DBCEF388EEAE4FFC93061D61C
S315020169ACF7ECC4E9B4778A71F25EC7AF218F9C6D9D
S315020169BCB82724C409CDB9FB95AF6B91570E004B81
S315020169CCC242A9C9A3A6580E0B0F94C4BA1515C275
S315020169DCD1D6671EBE0D45BA6750E55C914B826FE7
S315020169EC56C77296B85E4CDE8302A266CA6F1DC882
S315020169FC66CE765129A1782F4D3238393DECDDF32D
S31502016A0CED57165C051C9634C387BE0B3F053ACD72
S31502016A1C75A83D19EE0F73B60FB9B9AF7B552CC9D3
S31502016A2C71829EEC750D9668AFB70ECC1724894907
S31502016A3CFA5A139A1223227DFB14138540C706EFC9
S31502016A4C5EE85317790C3093F7261F9FECEF5A58D1
S31502016A5C575D72F22C7EA28218DE758A2E159383ED
S31502016A6CA83F37FEE05A14F59C2DBF9C6626A23E22
S31502016A7CE55B164C6BFA7A37A917A8980CF519A38C
S31502016A8CD15C26FEB842EB523A7E61A6A92E5F4C28
S31502016A9CE5B33AFFD5A252712F372FE351279CB298
S31502016AACD48764C12ED2FF07B100CD76DC50A75A2A
S31502016ABCDD120CC1D2B8BCA3BF30CBC8399E52630E
S31502016ACC1D4A9BF295475B8736A1713BDB4141A07F
S31502016ADC404D7880DFB5F5BEF51A9E07DE371D747B
S31502016AEC4392A3E83E3A16176F68F5FC166207B293
S31502016AFCBAC2D56B9FF75DA2AD8438258D12F563AB
S31502016B0CED5DC2A10B71A422D29BB981CC6A909183
S31502016B1CCD14BDD34C721DB4F9E905F6BDB58FCBB7
S31502016B2C49C03BA9DB173C1E8985B0FAE957F240ED
S31502016B3C370625271259E9E8C5108F5D80A8251657
S31502016B4C56E0CDA7849A332787954C3E3024B5144B
S31502016B5C4C94C2A0FFDB649E8E30511FBC3DDAE41D
S31502016B6C495A61ADA73DB8DAE9C7149002B98972DF
S31502016B7C67A5491DCD72CBD6F0287E9E289582FC3F
S31502016B8C60A133D8B4A5080273CC80B0CF2DBD62F7
S31502016B9CBD05E7F68E6D2A1994C070B537359D2859
S31502016BACA65F8E3208C6305680C470090A5DD35C64
S31502016BBC8A4601F6C739ED6CA36A22F2A8BBD71332
S31502016BCC3CB07137D86914BC9A45C5B645E66364BF
S31502016BDC69669BFED43D54FBD2668F4C3A218CBE20
S31502016BECA17BF1843D1A97068416352ABC09DD9ED2
S31502016BFC3D64DEF9ECCA0D753364EAFC5E58197A0A
S31502016C0CDC63D98CA1356D59803B8D6B1761983339
S31502016C1C1CDA23E2A6576AEB89632C9E8F7DF7E277
S31502016C2CD26626D749C11ECCD554392223086719F7
S31502016C3C9C681350B5ED183405BBE6A2DAC7F964A4
S31502016C4C3579F4FD33C6B2C39436E7585301169916
S31502016C5CCA83A1A5B52445D56DE97327890B9DA7D1
S31502016C6C4E28156721ADF05807799A43CE4319EA96
S31502016C7C81D454010D36867D63B5C9015D42AF7B64
S31502016C8CF3674C8B667D541E46629344BF1B07B059
S31502016C9C894D32B75C1A6C4ABA95EB6E443349117B
S31502016CAC32B9AF12B1191AC1C787CD6DFFD36020A4
S31502016CBC22CBCEC0632B77AA68E2B208A3D97FBDD9
S31502016CCC7585F0251C9A93B2A2E3120D51EF8FE250
S31502016CDC3D23E8E55D1351B3BB41E48EE4E90BCFE9
S31502016CEC8594AEEC0554B4BBD4AA3A0B0CF20E380D
S31502016CFCF3848010CAB28916826B3934E832C99888
S31502016D0C8EA766A40F6F89822739C022EC1E5CF40A
S31502016D1CFC51E894FDB64876D71CA0B3171F40ED7B
S31502016D2C2C5CF7962740A19C356063F44207ADE5CE
S31502016D3CD30C4B89A5320E877FD9AE2CA982CD39BC
S31502016D4CCC4AA2F9A9EAF12A57779D92D40BEA31D8
S31502016D5C98696683B50E2711BA3576F3D90110985F
S31502016D6CC2D6B9ED1A3C419A37F02103466A9B54B5
S31502016D7C8EFAF27E6212486D86A8A6736DAD955394
S31502016D8C7CEE8994589BE5FFA2497079C4D7BF134F
S31502016D9CE1363664F55BFB038AF12D9A88A0969B44
S31502016DACB42EB97E24C14375D45C9A1DA84623BD63
S31502016DBC6305A0396B45386CFBDCEAFCBE5F0F86BA
S31502016DCC872493F4B06380D76C22D29027AEC0ABE2
S31502016DDC1577A1B0D16E635C2A507259BFCFD52AF1
S31502016DEC47694BE102D123F1096DC4EF692EF4EB2C
S31502016DFC9FAAF9086940EEA9B10B72745D12B444EB
S31502016E0C52D7CCA808FDE509BD53D9802270A241FF
S31502016E1C3A482E8D7B333963FCEC6D79859F22487A
S31502016E2CBBE894F5E0431A81800B8B4AC72EEB75AE
S31502016E3C947FC257CC29EE802F16FB988FB44B5BED
S31502016E4CC59FA0E715DE2CDBE09D168CD2DF6918F7
S31502016E5CF991FDEC882BD638D6FF111A6744A95E37
S31502016E6CEBD9DE418447DF63BC7478546F4D75BE32
S31502016E7C04D62FB0CC002516C3E15091C7D853DEE8
S31502016E8CBE617DACC0A3590FB799F0AD10BA2B57A1
S31502016E9C79F4DA9AA2340BD25D8CE118E19830ECD2
S31502016EACC23D19BD5E5BC20B844CE73744D70D1448
S31502016EBCA37980BBA137B6FBB1C698C0F76FC0CE1A
S31502016ECCBC7C4EE4A68E6945A5256B42B3015615CB
S31502016EDCB83B8A663922FBA13CE93F91C8DCC7CF94
S31502016EECD695BA3B927C138E1E9EB4E053EACD75AF
S31502016EFC571A1521BB8EC66A2662A832BADF0777E4
S31502016F0C4886863C164149F21DD58CD2DC9B0D4F27
S31502016F1C2BF55FA9AB2B17CBA21F01A2C7EE8E7B5A
S31502016F2CD4D91D649C11E67CAB633A5C26E1F088EC
S31502016F3C30D2699F007FA03158519990F86586101D
S31502016F4C04E181DCBA7EAE97688369E142B9818E2E
S31502016F5CDA35E2FC46972BAC37AEF7F82DF169CE52
S31502016F6C6511C7500E23B95E2C1A135FCDE64A8200
S31502016F7CEC289376FC102B1BEA32E1BDBA3FE9C42D
S31502016F8CF9E6DC4A8971CC145076BEE050FE58C142
S31502016F9CDA3C77172E23AF1855086CF52281EA32A3
S31502016FAC9B3238BAC80E385A011E427A06F56B1E46
S31502016FBC1DB812CA31B8A1DEB256CA9D0372F79830
S31502016FCC4D6D00F58E0FCFC8D6E5A1759377369226
S31502016FDCA99F3044765DC10C359948429D4DC20E2E
S31502016FEC30211C1B3ACC9620B0B825F907CFFAC230
S31502016FFC976E6D08E541A99FA72B9C7CB03E678CC9
S3150201700CE47015653C22D268D112C940B272A5C38D
S3150201701CE191B02BF82C4655ECD2D5A7A5F7D15751
S3150201702CABE1C2BA296BC25D7D7098803F6E3C4C56
S3150201703CA7F93C5F50016D7A6C63B11E8533767F7D
S3150201704CCE693E65287C601CBC8A53DE169EF2D143
S3150201705CBC37E532DDABE0D7E990A29CC9E88607DD
S3150201706C07823E97B18BC732B3AD20B5B12C8D14C5
S3150201707CFED58B350A2330230A8C44BE8E91AB2462
S3150201708C9B1191DA84485FC9E6A5154EB47A5CD296
S3150201709C74EE10400FCEC448D93B18861E43A3DEAC
S315020170ACFC057B32CC979C93223AEAC6561D808A02
S315020170BC3E9AA15729B1C51C0BF6912B1949BCE471
S315020170CC2AE9F3BF03312E5D0BA625B701A9C382AB
S315020170DC6699E2D8D6A46C054223A1821E7982EE68
S315020170EC0BDC07712BE325F94CE0562C64B7BF294F
S315020170FC1D9846DA0F667EB1B2B633A01303E9BC0C
S3150201710C5F26324F546F737ADF9A8DA7CA015D18C7
S3150201711C7BD91B0EAF5969DEFAC0280C299A8FCF7F
S3150201712C056C7466160EB2E72B5735B6A55863C0B5
S3150201713CF7C331ACE89CB776202C01B02E92ADA8E0
S3150201714CF21301B34A32C79A5694D3283DB164C796
S3150201715CFCC66146F9385BBB4ECB30020216A0A4C3
S3150201716CA74D0B4EB0A2492431ED59E855581435A9
S3150201717CDCB292F156DAD6398EE585593B4860FB7B
S3150201718C2675EA92CD9AE592A401D8F4C4CEC856D4
S3150201719CB51D582B44FC40C56610DE2A9544C172B6
S315020171AC8F59B6767FDED6135310BD3AC5BBA7EE01
S315020171BCAE96C78A51E65E18D0E9C4C47962D4C0C8
S315020171CC14D4FC67D2C0C6E8923052253343F82256
S315020171DC8E2D7F620535E7FD53A99BF172AD6827AA
S315020171ECB8F7ACF5EFA17D581B78C8EF4722A3F38C
S315020171FCEC96B037976353DC2D5DB711630E6D15A3
S3150201720C7431BCD1872DE1A43E8BEE60FE54D09233
S3150201721C5567C322315F74D52797311E1B0F6752EF
S3150201722C70787E7BAD01DE8E41FC432146B487220A
S3150201723C5B75FD9BC7952016808954409D34A2CC63
S3150201724CC25BAD36D782F372BF487E4B1CFAC57D43
S3150201725CB50A60CC63BD8C6FA58922E15D17198DC8
S3150201726C7749FACAC09F89AB252C97D898B054B1E5
S3150201727CCA0320E460D1A30896DAAAD166ADF5B4A5
S3150201728C1C4DEC33881FBDFCEF7D5C8D0FEE453337
S3150201729CE019B29390C0853EB7A58844C538EE1164
S315020172AC828F6E853831E6407C9BC35ABBDDAE2894
S315020172BCF60744B2C2F51C5832EA9D6F7EA00AF853
S315020172CC5722410F26B71033B48256E73AAD95D6FB
S315020172DCD6A5D1543B1D073AACCC6260F02B5D218D
S315020172EC9FE8B392A6162CC2EA36CBBAB9D0B3A58D
S315020172FCC6D261C6C866AF4D1D9EBA3ED002A24821
S3150201730C5B1784DBA9AE5155AC96C0A14E5CED3C24
S3150201731CDFFF59F36960C33F8951910C25467B4ABC
S3150201732CBE278E0E98A92733BCFB479B9169AF8D5D
S3150201733C2D546DCF33002F936CDB18ED5FA95CB125
S3150201734CE5BA4A25279288D68FB7D315E791250D2B
S3150201735C0B3320DFB3C29F10FD8970C3BDE44F0D01
S3150201736CA17FFBB980EF2AF79AC617D3CEC080B29A
S3150201737C3E84FD5B37A6FD13F6D82A73A5C9720B9B
S3150201738CEC00C0B048E626900D0BD7EF73308EFF9A
S3150201739C125CEECB627F0C4547911DF27A75D06376
S315020173AC3FA240B9F520A9177B5C915C5F45F85F5A
S315020173BCF89E608BA8F13112512C844EFC7B215024
S315020173CC2AE847AC31B8B3AB507D5135A8ED8742AB
S315020173DCC3393F27860BDB9A064557DFF50EF0F0CC
S315020173EC0579CFECA06C78E013AD1279A572E7643E
S315020173FC502ED6C3E4E0067A756E2BC1F3177C5A6E
S3150201740C4FDCC8C554F8071D95F55E97BD1D7D0A5F
S3150201741C193B56E1F61B3D32D14B30D0FFE8166FC4
S3150201742C821483EC8D3E5C12A3A67868CD447B094B
S3150201743CE109696E0965922C16FEDD63071CFF8F45
S3150201744CB88D8F4D83EC01E4167F16C4B431596C99
S3150201745CFE9E50B17F80D71DD00002410FD1AE1FC7
S3150201746C88A637C7AC4534CAD6F1DE5DB16FA959C8
S3150201747C34D57EC3B625BA2DAD79CC55BC5AB132AB
S3150201748C0C7209D248784B56900BC63D0BBC1610A2
S3150201749C6561DBD80F9932454A59F8E70E6E60CF12
S315020174AC6165C7CFF20761CF0172998A2D43726763
S315020174BC5C204BC22C509BC5C681FD59C266D2B902
S315020174CC9A70A47F8955B690C0632CA0B8293D81C8
S315020174DC3F8D26FB8BD6E2979F029B7E2200E96BA0
S315020174EC23531711548FCFBA150EB0008ADC2C8593
S315020174FC7BBF056B1C4EE4EE520E28E2D39B88C66B
S3150201750CD6973CFF5B61F49B2E16206A0E7AA5A0D8
S3150201751C773503554AF1588B80EFE980A34783846B
S3150201752C08C166635DAB69E2CAEC7B105C82C5FD80
S3150201753CC57D0C051EB1D3E17A2F7BBD5F17B794BE
S3150201754CD4D0229F756F09ACA28801E83E6431D66C
S3150201755CEF42249B1E2D1CA4956BB22C02ADA719CE
S3150201756CBFFF6FA20D9F81562313A83AD9DA207E4B
S3150201757C6FD7B9496126A50032FBE1EE4D9C6A4CE7
S3150201758C664F02CCAFA4DB7C60E2E454CE1D05311E
S3150201759C767D7B9671B52AE8E0620AB9627AFBF5C9
S315020175AC5D318BD1C72A0B8824F85360CFC95E563D
S315020175BC14BA02CBD8FA9FB943AF9CDC8C5CDAB60F
S315020175CC39B5DE8CDAA235BABFE2FEF0F689AEAD7A
S315020175DCA685E4B039547A45B757E83A805A5D52D2
S315020175ECD8D878A4A60E0E9E06D694068F798373E6
S315020175FC78FDFDD37F482F067E5B7B10599899E364
S3150201760CC03B3E2B5055CE0F76C933FD7996300FC2
S3150201761C52AF31C66243FD59B422A8AC8401783803
S3150201762C24BF5CD27FFFF3DC0824E4EB0B8E022A27
S3150201763C69138932426FB4DCCA84394E8ED043AC9B
S3150201764C1AFED2A880DF8F7A2DB881C0191E0229A3
S3150201765C52873DDEDB99E9E101BACD77336D100B29
S3150201766C646F69FAB63F514ADACF58AFF1E3857EB8
S3150201767C177DFC790CE6F0E1843407E3A496F5C197
S3150201768C49B22BB496E2EA34779AE4198CAD7CA111
S3150201769CB75170328E6E994DBA8CFFBD19461F4F7A
S315020176AC0B641836A8103295E2DC6B502F22A90A0C
S315020176BC1AFE49E47D789FC613389FCDA83EFE7CFF
S315020176CC5C28AC432A63950CFA29AF8A4DA3ACB05C
S315020176DC7AAAACBE3B240071B98AD1FAA04725C756
S315020176EC3B7DDACCDC5CC7E8F9153D382A2719094A
S315020176FC2E67B4C4452F387806DD936069528A0128
S3150201770CAA935E66C8680CF17B3E6E816DC4749752
S3150201771C2A8C14A077330FB1D6D19536E87FDC5C6F
S3150201772CD062D927B1AE9B31138CCE3D222266454E
S3150201773CBC6AD729AAFBC7FDEA6A2D6C979E3FD272
S3150201774C89DEA5C344E16E745ED4EFA2922FC01EEC
S3150201775C1AF9A1E8142ECE7FC395751810DD84276C
S3150201776C2F9722827D055B22D5C0E524D1CEF62A3E
S3150201777C1EC9A9AC2F2D869895237E6D0B1677D62D
S3150201778C79A5BDEFC5961B96BE831764BA00CDBF0C
S3150201779CDDBF86C7AA94F5D120D36AF2B1203B8DFF
S315020177ACEF387A67ADE7E7B8E33247E540BA4F9B64
S315020177BCF51513BE93551D2D80B43D9114B8992719
S315020177CCD27A2605C77F436B9490964F78D0F009EF
S315020177DC6F3E44E4C997A21AA368B01DE3552B1D4B
S315020177EC5666A650A87FBB7AC3959E001B8671A9C5
S315020177FCC83A3365270C14C1238AAE9EBBB21B054C
S3150201780C7808ADDCEE04013179DE0F287B07BA3636
S3150201781C6CF1D2DB9F7AD44B8699ADB200414DBC49
S3150201782CE949B9A5D56BFDC2CBF2D754C16D827AA2
S3150201783C6DBF72FA5DDF3FEEA7272E9B7381F7129E
S3150201784C66485163AB4AE2616C4297B2937E9E43A0
S3150201785CBA7611EE6D553A6C014CFB12694D74698F
S3150201786CDEEF9ED9F57EAE7671652A1808903B1429
S3150201787C03958076A060BBDE422ED4CD02FDE8B321
S3150201788C979169D6D355B69B3BDAC94F6EAED4E303
S3150201789C5C6061C4A22437E444E354E67ED2F74425
S315020178AC54A6407909EC327F4DD4CBFE1ED03186DB
S315020178BCAAAB809DBEA522468EBF5523DCE58E86DC
S315020178CC06E1358C09DFEFAAC9E6ADBBEA502817EA
S315020178DCAACAB114C9739329AE3B8D19FEFAB262C7
S315020178EC885F9FE29E8454CBAFE4A49118FDBA162D
S315020178FC2E79159A4B7DE1D25857EEC7838B4441AB
S3150201790C50621331306FFFF22C432498C8A6F58EC0
S3150201791C28678D8A0A12E33A21A35A3C17C78C2986
S3150201792C08DC096BBAE5CF320D838A6E1EED1B4557
S3150201793CDD7A84EE057A83D5CE42A8F63160D795E7
S3150201794C72E6D2C03264035A916920EB7E952808FD
S3150201795C4CCDE18983C82FB636070159C57A7CD439
S3150201796C108D4000B9BF15CECB4ACB837421BCCD49
S3150201797CB373E9DF5E9984CB25353B7316EB14772A
S3150201798CAE72FE965F8C6BC0202846D9B9AD98D4DF
S3150201799C7E4869DD510A68EB0FF8A844D644612C7E
S315020179ACCA5E70EB9F00F9A8481C55B7845AB1867A
S315020179BC1C8A5D0E4D648CCECCE7A0F0D6CFBA8272
S315020179CC1AB3F7204EABDEECB361896AF088D7BFE6
S315020179DC7B7C1CD0A77F4540EF58BDCF30BDB7CEBF
S315020179ECE24F725BFC434DBA667FC7C35F296439AA
S315020179FCBEA7E8DE1644E209F72D24DA35AAC1152B
S31502017A0C5B830C90D4A21496BEF5C1466ABAA8AF92
S31502017A1CD80774C1CB724BB9F9A792C201FC807516
S31502017A2CC0644D79A093EEDDD97ADA8864D8116CEB
S31502017A3CFE11EA930D7E158E0ECDA1590A70210601
S31502017A4C826CFC31001DBAD1589E739441A14D0F23
S31502017A5CA6376BBBD590CF4253B1A23A503ABB561D
S31502017A6C0BC5A9E953583A1B276F9F32A3B8561F68
S31502017A7C643BA27F06251CE17A4D784163FD6217B0
S31502017A8C38017742C03E6F679740820C443F3E31C4
S31502017A9C7F83CD2B2C55A58B9C9DD0129F41B9482A
S31502017AACCA137AC9686627D3454EDD3D7DFE01D2DE
S31502017ABC85FA6D82B1BE1D073DAECA4AE5CEAB9DB6
S31502017ACC40F2EC514022A407653C90E2C5E32D9CA1
S31502017ADC9B14821AC548E2266397A68A8B26FC2733
S31502017AEC518D8F95F1ACE93A247BF315BD5487CBB5
S31502017AFCDE312914D5555D920F1892092FB4C04067
S31502017B0CC13B1A5EFA62A56D4A41143AD91C753A01
S31502017B1CDC429E922B05A0079E56794272813BA3AB
S31502017B2C9608D41A9BB3BDA6DE4B30F06040E6161E
S31502017B3C68AFA78A998009123B6A402B447922E5E0
S31502017B4CF5956627F7C5D689126ECC5F0F0CA55132
S31502017B5CF9724151599582807A1EEC28C4DD72FF65
S31502017B6C0D4BBF4F17B96FDA85198C15D3FCACA522
S31502017B7C05C6A2AD69B9EA438B6DCAE0C0345B9AFC
S31502017B8C546B97EC6A90D1339303C0091ADCAACAD7
S31502017B9CC617F88F5B122BE924326E6FE179B67434
S31502017BAC7E7FB6908EA51961BF81A962D0ECECDB02
S31502017BBCD5A10633D9489E87371D4DCC093A4518AE
S31502017BCC8F94A1ECBA49805C41939507E58C76A911
S31502017BDC264281365BE0F4F93A5D84A4FAABFCAF3A
S31502017BECA52C5A463CAB333C348A343ECCA4D60043
S31502017BFCD8941831CCA234D65F794B0907F3BFB9A5
S31502017C0C528FF50679C3A9497C0107E42D4BF5BEC2
S31502017C1C858D8F2F523BA86CB071DA46E0C25D227C
S31502017C2C00742965E691B7E95E1E13374B5C64AAAB
S31502017C3C9A26AF06A5867B69AD51528BDFED73365B
S31502017C4C4746E5CE691F4DFCBDB9634E2E2A759189
S31502017C5CF9743CA2D3614FA52D0B2902234F31DDB9
S31502017C6C9970B88DCA9FF62E2E34BADFE9D0453AF1
S31502017C7C0682232AD7694FE5B6D884D74BEA1E8CDE
S31502017C8C5DBC8278EA6E899A3BB9107DE736C336BA
S31502017C9C49822740CCD708BCA76953D828D414C12A
S31502017CAC39AF510DE9D777FD81562752EFC85920C5
S31502017CBC60C4100204E1B081D4B45DD67EFBD93125
S31502017CCC46B41BC23C75127DE2F5C190E5866B8802
S31502017CDC77F18D59A9DE2181DACBD88E2C0784FB5B
S31502017CECA6E70ADCC5862896EB4ACCBBA1C37F82E2
S31502017CFC76D2567ACA863D928265E97CAAF8C41E68
S31502017D0C547417D63030B94FD054DB2ED645627522
S31502017D1C1621449E7EEA920802A8C8A2A6307F8743
S31502017D2CA735FFFC963B0EC5BB994A49C98A78F41D
S31502017D3CF6BFC398F94DF822185C261A260E9E52E6
S31502017D4C848F329E216FAC67AEE0ABACBC73172E3F
S31502017D5C76810D933BAE6C63E2325D7D113E1B3037
S31502017D6CB7B389A25638549C1D0418E83558E40851
S31502017D7C31D2D5C636900BCB28A975876F64D6A599
S31502017D8C1B1446EFA8D023BE08ED03554F9DCD1605
S31502017D9CE9BC8146B9CF9E9408B26587AFB869AC86
S31502017DAC40B901D28F4AD5EF1C1F5890BAF92E034E
S31502017DBC20C5DC9FA31F4DD2E5F351E5261A1FD927
S31502017DCC6E53CABCDCAC8722922DAF10E9BEDB3EE8
S31502017DDC4850C6CBF654C8A8024EEFC5D6D7F8639F
S31502017DEC19F4359EA87BE4200F653F7AB5851A9066
S31502017DFC3B8C59969E9FE5F496032CCE756AE1242B
S31502017E0CF0FE4BDF3A8303B84D5A2CE879EA59B99D
S31502017E1C11DD0CCE518093BB5F548818FE3CCDF11B
S31502017E2CF06D7EFEC6B770DA8CB1DFDDB6AFF8D671
S31502017E3C7434B99BC82A67636E579F7957FBDE6404
S31502017E4CAA816468BDDA55A087D10074A5A6AD884E
S31502017E5CAFFD2FCBEB169EA819A45752BADDA77606
S31502017E6CCC9420C4D347D75EFD0A35ABF8927F007A
S31502017E7CDD0E1DD87ED25D07DF4633772AF824A3A1
S31502017E8C4AC7DC3CEB726FFC482440FEF1F334E941
S31502017E9C29258A91E6541503388148CCF9BDC5C109
S31502017EACB6F4E231161FCDD345F9DA879ED9F567B9
S31502017EBCC2D91DF20461BA3B2AF2111A9AFFEC9449
S31502017ECCBE5249261E6DAF80C2740E132E8F1073CD
S31502017EDC3E22247E1D313AEC36ACC765FCE646EBF6
S31502017EEC0DA02630C80EF5051CE7DCE5415BEB243B
S31502017EFCB730DB55A2978B1B13F188777727DD7782
S31502017F0C5A9B20D197DF2D5185683E12485E9D9F63
S31502017F1C79B30B8383A2FA70C569AB614ACABEA552
S31502017F2C34540998A5BA71EC5726D469459A284155
S31502017F3CA23638FC2C5D3B05FA2FC78D7BFB1B0B3E
S31502017F4C71D2C71D6B7AE02F7892B9221B0F9E0A4A
S31502017F5CE8975FAEE9DA3F47316C1C00331C87E5C3
S31502017F6CAAA77FA04A346323B43D9F0D5FDB20048D
S31502017F7C211C398A43EBD7E8970DBC0C57C73C0B2E
S31502017F8CF92F2D742EF4BA0B8E300A541A28B730E7
S31502017F9C565601158C9829EC54ECD2F9E4318D76AE
S31502017FACF44BB35A161850E6759E7E59580A0F763B
S31502017FBC6C9F99001649A8A365EF4F7C4C2C18FEB1
S31502017FCCD995F96404FE8CD05B52F632201ADF364F
S31502017FDC94337CD07EB5F85F1911D2FCFF56020799
S31502017FEC9B9C770315DFCE8FA5C09C1084EA4F228A
S31502017FFC8D809DA3841F4BAB6A7E94391A8F2D6596
S3150201800C7A07D96EDFCBF205F14E96D9455E029807
S3150201801CF14B450E369E6C703366D7CFE661D1585D
S3150201802C8CBD59ADF617F38BE3A2D2B20899F5FDC5
S3150201803C00919F5D10145068915AE3DCF40FB0CD98
S3150201804C7D5A1E1E1DD38322DA700C8B9CAF3F59AF
S3150201805C5EC2D746FE9C75C352127B47D4CF1E5EB7
S3150201806CD65A3520779DF3888E6ED1BAAC584540D7
S3150201807C41BBBB32CD1513207D7F783DF785C61CDE
S3150201808C3AB9266252FFE7C00CECC5A6CDAB6C39E8
S3150201809C59EF01BA9299F656CDCBEA1A69D2BF308B
S315020180AC9DD5425A60153426DA5C74C737FA28A272
S315020180BC599AF631C282978F18FEBF5155E61A327A
S315020180CC3C152ACFBDE1FFAAD09B50C24B25E264D7
S315020180DC724D238A1CDF78B05BB37477CAB62CC98E
S315020180EC86C829FCA9CB738636A77AA74078C569B7
S315020180FC952D52A0BBCEC7032164D5BD3A8AD6B5FE
S3150201810C9D97DF533728A78E211382FB0B1DB2963F
S3150201811CB29AB685041AAE778245302F077D413560
S3150201812C1DBA0162389304EEE555DCBD1734ACCCAD
S3150201813C3351EEA22AC3A9FBD2D9C6C4769CFF8DB2
S3150201814C7A2CC9C951E87CB54D17D0987DC70A66F8
S3150201815C1F2CE433185E380DB2DB7CF404A91E0025
S3150201816C083276732C08B4CC07CB3BD18291485892
S3150201817C9426A4AFCD57478FE69522DA1A1103F648
S3150201818CE5CB77902A79307709D4A5DB569F64BE65
S3150201819CCA7FB361F37C766BC69FF5E11A65C96D2D
S315020181ACC7AAD468861E9A610C957B30E5478686EA
S315020181BCF39714BE08CDBC43E0AFC7A16C240B4E9A
S315020181CCE3ED8F8CE110E5655BC764A9D1CC949F75
S315020181DC68492C24EE61F2951C2E2F4AB780225B3C
S315020181ECA091A69E8A73ACABCC66EDD867AF6CED4B
S315020181FC80D436CC586626B0EE5A8DA65F481EB987
S3150201820CF2BEFB55C42076AF2D1B17548D262E4F6D
S3150201821CC4C1B2B495293A0D3BE06829A4D3AF285F
S3150201822C55F4D6496175E90E0E10A3741296A7E19F
S3150201823CF6CCF9EA7E1C0D62CE2BF3AACE4BAF60BD
S3150201824CFA8770EBCA18FD522BEACE8001662C3ADC
S3150201825CFA86BE17F33DD2BD4F79616D63E172D4D5
S3150201826C4F8288A4A899E7F2FF77BFD7FB31096938
S3150201827CF8DF616869F60B302E1DEA8AA87CA3E544
S3150201828CBD3EEE8CD99EC29FCDBD3169E187D1A08F
S3150201829C47BAC3C5920311E57881501D62209FEC42
S315020182ACBC0FEA61C66398766FF07BCC15C838C3EE
S315020182BC0E93052684CB777CE26D4C266E2046CD39
S315020182CC874F4EA5E8AB4A24FFB197AB4A1A73A264
S315020182DC5C4D7FD36B0880BB6FD9FBD2F73DA73FB1
S315020182ECC04C1E4A867EDF0BBFC40171CFD1A86773
S315020182FCB236F9B8327109F100B55CF9FB6147B8CE
S3150201830C8282C4D415683ABA57E5A6BC8AD66910D4
S3150201831C0F4C2C40861ABFC4E0EF15A2CE6C353831
S3150201832C8BF059DCF5F5C66EC3EB206C8597A8B3B9
S3150201833CA2DA9EA060348EE3A66D199226F89BAD45
S3150201834CC4F8C87EA085FECBE7021024443BC7DEE7
S3150201835C0E4A6FEB0EA3F4237E7576B24CF6709829
S3150201836CE321E946C6C70C5B4EA705EE75560BA76C
S3150201837C0D0C59AA377A14B9A14854362E6D6C953F
S3150201838C56E280E268E2F7CEB4876BF9CEB4B8371F
S3150201839C60981BD7D64921CCBF03932A26600B9E24
S315020183AC4D520BFE026D2BFC1B278D1E1A9BE11FD8
S315020183BC65333E2B05DF1D5768063587D8314229B1
S315020183CCF27A6C7773BEAD491BC2565B949E0BC88F
S315020183DCB490DC861F070D103AD0B87026ED174BF8
S315020183EC76C96C9037FF8E919D37AB4EEC6C690753
S315020183FC06602DD9265E0174BE19A6DA5814A40894
S3150201840C30A91A38AF3E83D91C38B10E81EC7604E9
S3150201841C54F1932428D72C82680BD2D39504461493
S3150201842CD1EDAF2A40EE97062CB4172DCFB7DFCD7F
S3150201843CCBCADEE7E59095DDF1588628C52412E212
S3150201844C097BDCA82A0F971035588DC8C29FA24703
S3150201845C97E72F6C2967A82EFEB661376F99D1EB78
S3150201846C20F7513A8DF673EA163E600F58F11ABD92
S3150201847CE564A201E69BB5C3F521DFBC01CA8FE80F
S3150201848C276CCB1840D55B9BEC5DFB73813D09C315
S3150201849C0A4E5BA0E3E6388F7D0CA6734552A6F80D
S315020184AC0A35CB1C35205C4FBB22405CAD35161A06
S315020184BC5DA8C868A7C401F289770CAA8E939F801E
S315020184CCA1ED3A9DFD50C7A44B53758A34DA298620
S315020184DCA8C15AC73A8928F035E4A5DC53184DB41C
S315020184EC5473D38C8C92A13A43AC4A2376A86B294A
S315020184FC1AB187DA2DABA880A7AC08451B0358A77E
S3150201850C4E3C7C442696EFC76E3E6280FD8C3267EA
S3150201851C03EC6367BEB73B666C09982862579A905F
S3150201852C0A365881CE16C0A78326E4D5B904D3B42C
S3150201853C84C1B5686FC386F7E5036E74D6E78FAB54
S3150201854C8BF5AA6D8D7E544E0147B8CCE20D609621
S3150201855C7BBED31423D7B707CDF02478E9ED474573
S3150201856CA8463139259982C9FABF0BD463F8A92ACF
S3150201857CB4A3BED99A3B9DD5EB2F8429601AF3225B
S3150201858C53F461FAA60DC14A3BB62EB18CD6FE3B0B
S3150201859C7BB39CEF5B55E7DA043240B923124EF3F7
S315020185ACD2C5C6D659805C1B09059806DD5411093C
S315020185BC9CFF79E48567DDBBABD5494C0DA4017EE5
S315020185CC4B3A65FA401D5A8C7075D217C92DF1FFBB
S315020185DC724FB71987020D0F114E3CDB6984735822
S315020185EC38A5647322F17D5B32D53083930261E146
S315020185FC66654C984747677F35E4EE89C2BC83971B
S3150201860C6A3E60E64AE4A0D33202D6ACE3BEA72D9B
S3150201861C89067853FB95D2E724D7EF7AAEAAFFFCEB
S3150201862CE63738F2837B8A14AD83C3476B8771C7EE
S3150201863C3BF7A7A168CA79C1251EFB7035DDA76474
S3150201864CE2DD8C735CA372419B12C1B2E25F20A77D
S3150201865CE36B54E41ACB4EC796AAEA5CE8DD4FA942
S3150201866C95D46FB784CE298605C8C4EE33FEAA3FCC
S3150201867CD45AB4F475B6951F1FB94481998B7E9061
S3150201868CE824E88D6E74D42BA11CDFC57DD2053787
S3150201869C8B10BC812BA09C72AC72A28BF2A9A8087E
S315020186AC873879897C3913CA9FA9C3C115238D7E53
S315020186BC21B8BEBE2F76FAB441DEED540625DAFA9E
S315020186CC6F17746F28DDB9D2B8D988D59C311E477C
S315020186DC13513FF8B0E5351A0B22906452896CADF1
S315020186EC5E661D00D76EB46961DBA5641376F7EB82
S315020186FCCAA32447F0404E91C85AE1A8DB89DE652C
S3150201870CC7DC581B220AE7AFB167D115E041253107
S3150201871C6F5135F8D97547A6FDE0A99AFC6D5BA791
S3150201872C058BCDB1C23B22D43E8D204ECF0F8FFD90
S3150201873C80B8CBC1D343A3D016918875F721C95101
S3150201874C5758F60C47F627F60B1CF556D8909B7C18
S3150201875C9D900CDC56D02068608557300974BCC3D9
S3150201876C8440243E94FFAC390DF6C03F2FB6AC0BB8
S3150201877C84AC496AEC83A8829861C404FACEA369D3
S3150201878C8A4855E57C8411FB81745EB6E617BA6E8E
S3150201879C5971170226C43CC3364155F850CCFCA07C
S315020187AC6625116850258F33873FC355208352C6E0
S315020187BC1AAFCD38440D623BF61261CBBA1197BD95
S315020187CCDEB943543FA76681CFFBAE61A5EF714A71
S315020187DC9B62FB800FA825346DFB7EF74CA2A77317
S315020187EC8D8820A1E5A67FE78CA62BFCA9B0B189C1
S315020187FCE22583B0257A78024E3132C251D5AFD9F0
S3150201880CD59788D7887B1A8931E5CFF479ED63A29E
S3150201881CCB887E1227D4040257D10B17BE8F22D3D3
S3150201882CB2C5AC83F947F05818AE5099671BF7B528
S3150201883CC94287D16E16EB1F1534F3A21CE5003122
S3150201884C2250FC9F040E14EF559ADDE8BE76366370
S3150201885CF1D3FDAD3B68839513281547BD43962A83
S3150201886C5264A5831F402A97D8BA76A7FC02ADF6A5
S3150201887C7593E3E53B7C14870BF1AAE0C6074C4FD3
S3150201888C29FB724C142C47C4A02437CDB94FA58BA6
S3150201889C647E2F870AE28C9E3390645723F3EFDDB5
S315020188AC03F34ACFF50C30C47246CC8E782BE11AFF
S315020188BC76E6ECE8C3DB1DD2E54338489D1BB0FBDB
S315020188CC94456F10C46C8C5F440D044F61FAF289A6
S315020188DCB4DCDDAB2B7FF411BB0651B198A41AFAA9
S315020188EC3610885643546C3131115CB3214F92EDDB
S315020188FC0AC7FA2318A5A1F45B3AA9A866261C2471
S3150201890C4BCDFB6FB476AD09EA6007B0B80F3A9658
S3150201891C49F750BDCB1617C2D5C1A66EA135F5477F
S3150201892C8EBB9A5FEC85B4E22860C0A0C081F81CAC
S3150201893C29152B333221925ED035E4BA963518E5D8
S3150201894C9E82EC51E679D845176B4E3F4BE7830174
S3150201895C407CC08F598AAE07C49A2B58128DCC2FE4
S3150201896C9D48B73D33DBA45E9C2710506AA44D91FA
S3150201897C12038BB41073F2F4D9EDC881C644A991D2
S3150201898C828BE74EC2E0FCC947223AF7B63E89DD35
S3150201899CD10A65CDCB00DD5569F18BCF09398DC570
S315020189AC07A11A3C671AA59AA5306E5BFC4E27A144
S315020189BC21317FF567ED95AFB4E250C38F64941CF8
S315020189CC37A0910135DCFCD5E8982D4CE2FE637596
S315020189DCC484F8B1F881886D05835849A1CB2FCB94
S315020189EC789DE1B721DBEDF2319FB08ABF5415F7C1
S315020189FC20DF0DEEAD272ACA3E6FD287E406AFD32E
S31502018A0C9AB005E0E4FA448DC2EF04C10ED798116F
S31502018A1C2730A25903E9247E7AE60D9316309E2756
S31502018A2C72CC4C23FC7E343F158BD99D5840550193
S31502018A3C6A27299925805CA2BA56F4431A1B84F833
S31502018A4C85CEDAFB7FB0F1868BB4404F119A2CB6E8
S31502018A5C14C56428A3898758C730CCA9E1540D03E0
S31502018A6C237AB61FE98324BC30A5B8445AC25A5399
S31502018A7CF1C75D03104900AD808CE0717FFF0A5F7F
S31502018A8CDA4EF63162736BD76BF666F114621E38E7
S31502018A9C9EB055ED630F184C8F49E6FE064784E0EE
S31502018AAC6D0073835438B3EA2CE806759F49BF9956
S31502018ABC7E142DFFDCC402F2A40852623AD26BA6D2
S31502018ACCE1D8C2A17629BA3D7486B9470EB606001B
S31502018ADC02EFFFB94C71FFABECC2573341F2F746C9
S31502018AEC6C31CBBF9B7E06F01BC0A90DA9D75B22AD
S31502018AFCB08BEF6CB2FC6ED229C0F421FC8003E67A
S31502018B0CD902043AC9F10FDBCF52C44EADA2216C84
S31502018B1C0FF651F3E2D3FB8AB580DE7DF67BC7B63F
S31502018B2C4375CF580751FA65C6D28BE56CF083A50E
S31502018B3CE95FF75513158CD119DF5EA76686E2EF4D
S31502018B4C8CC0195DB6A1EA4E3F0F12ED18E2F8FE82
S31502018B5CF1B8664B0CADE85425E1016DBCECF22182
S31502018B6C5EF6336A9FD5CB5C49E9F78E103DDDCEB5
S31502018B7C68F5F5D755A46FAFA6C2892BCC9F648332
S31502018B8C4320BF5BF7C9823688F95B3E6523DABFA0
S31502018B9C884D5D68F91CE25D81E21240F0F2BAABD6
S31502018BACDCD0AB90690C923540C9D545E0B8D1FA07
S31502018BBCD7A33219DE21BBFE8692431E012BAC9B37
S31502018BCCF7941334070DA06E7C1D28E0054923A0EA
S31502018BDC49496B3D86220B52FDB106EA93B715172D
S31502018BECB9C02C1907C0247E1C7B94FC90D516DACD
S31502018BFC42629224C176C3379FCEBC1D92A24658BD
S31502018C0CEF6596C78CDF5595D9995272D56424AD09
S31502018C1CE235EA1466A2079E61B472D24CA43C0CEC
S31502018C2C044A71318731C98B369DE1D29D1E8B87E0
S31502018C3C7431F1635DB86D804BFFEED1F4477D95CE
S31502018C4C528CF9E1DF42410D47E34067C0E2DE4E49
S31502018C5C38900376318843D0E45B483ED223C7561B
S31502018C6CEFA7869BF1847AB7555D5B796706574CFC
S31502018C7C431BEFCFA0F53399A38603D1CCDC6E64EB
S31502018C8C1A58CACD9F0D0CA5E59BF50617FAAEE24D
S31502018C9CBF758C0E68C93A8114652E015387FF3153
S31502018CAC8D9484729CE5A2250C46F7AE9BD7FC9259
S31502018CBC864CE50A8CB90A9694C63A1813A28420F4
S31502018CCC7164A7F83A7D49929271EC0426CA64BE84
S31502018CDC5BF09C19413F929AA9323187A001B7B830
S31502018CEC938405368A3E9C7F0B67DBCD1D26DC05FC
S31502018CFC53953B89EB59FD98DA152311F5B4F59782
S31502018D0CEF1D2BE99605F1E683BB72673452FF77A9
S31502018D1C2AE65F648055D58EB8F1BB886E9B756366
S31502018D2C5F396952CA7C9875A377233BA9306232A3
S31502018D3CB36CFA00CECD820B0E227869DB3F90BC66
S31502018D4C3E3A338A34F076CDD4414CB93B181245AE
S31502018D5C409E24705D17897A424CC55E7D5F7E3FCB
S31502018D6C6C91BC2F189AE8F1ECCA18D07D446701B4
S31502018D7CDD2758A3EEA6F8980CB1A31E772766C376
S31502018D8C9F3ADCC62F51155AFD42245D896A297216
S31502018D9C7EF7B954EB6F2F2E52B5E85669A1069B95
S31502018DACE4EA64B0E917D9AE3E32BCF4B8E6CCA714
S31502018DBC3D727E5269F6DB6354A086228122575597
S31502018DCCAB46F88461B63093F0AF5CE8F871793949
S31502018DDC920C93EED144C9E94988CDFFA2715A98F6
S31502018DEC6BE4FF572340633E12C2EE6F6012515F72
S31502018DFC29EE1D85F825DD9F21DEB5E5890D550880
S31502018E0C224A33288A87CC1B1BF5632E78D7B19B52
S31502018E1CB5C3C62D417B5BC68D23CF5FD09E560A49
S31502018E2CB288B1CEB741B7490512F3A1F691654A9B
S31502018E3C2CAE2C342E6A59BB5A398DBD12910BB6F6
S31502018E4C6EF62A6C9EBB7DE21555C6B9855EA9B234
S31502018E5C4884B9124D5F1E1B660177138DB20F142E
S31502018E6CF0F3507ABA5C6ADF0D9390AD11E1DC7FB7
S31502018E7C6802EA33E2FA0BCE54522B0D00301CF483
S31502018E8CDB0EA8400D992EDE2F03F88E2E91A32A06
S31502018E9C238E4B8F28578ED173F6345E42B91672D6
S31502018EACF714ACDF39F7A597DFD0F8139BE1FE5E19
S31502018EBCF13139F131F7A61205F93C397D85461B9B
S31502018ECCB62FC82F3045C214CF44F62FD09930ABEA
S31502018EDC65EBEB6B7F87FBDCF3BD72DE3CB2D6F442
S31502018EECB36AC7AD5424858125BACF210F8099E582
S31502018EFC59FEEACACD17DE620A8D4A2B0E8168CD5E
S31502018F0C14CCA8BC5D9BC6EDBD81F635C1FBB5D4AF
S31502018F1C23BDEFAAC1D98163AB81A0FFCF5DC8EC9A
S31502018F2C3BA3C60F4C95C4C320BEC7E342291B10F3
S31502018F3C70CD9480A569404AE930E7CCF2A6072A9E
S31502018F4CD13D8B88B10A7E29CDFFDADD6FE6DB2BAB
S31502018F5C02AA5715B68FFDCE91651B8C7840A7A038
S31502018F6C2DE6AF3FBF6AC494E34500EAA4E419C6F1
S31502018F7CC3D6B93ED07B3F9B07DBCA66A99E066464
S31502018F8CA453F788F87946EE37E300A0E45112C1EF
S31502018F9CB42C78EDB1501E513809E56D38B5CECCED
S31502018FAC4A15BFE573BD33BBE3278622C0E49A2B70
S31502018FBC77A03688D1247378A71DDDA2BDE430FBD8
S31502018FCCFAFD9A56F844CB593BDB84168A8516F47C
S31502018FDCAF61D2CB05EFB2055D9CA37F644CC5781C
S31502018FECD309267B60C7D247699B59AEF933AA27A7
S31502018FFC90AD7C4A23EC01D4FF8118B529E24B4F83
S3150201900C5C169454262D98A2DCF845FE6A0CC95FAF
S3150201901C8DA447B0051DBD00CD66E53A90F0FA1751
S3150201902CC54E86DEBC8176E32B8CB1FB53FB1A92C1
S3150201903C28A754A85F24525F5980A848D606F2582D
S3150201904C5966E42C8DEDDF7AB2F5341337C3E9A5F3
S3150201905CD7D1C6FF856DA6CDA2D2C609690C19CC8C
S3150201906CBB63B7AA65885C766394E3F98BBC45C787
S3150201907CB50C872CD25406505C13F4C91C17D704B1
S3150201908C8E8D8D6A73D5EB9546E9CB9DE621AC792E
S3150201909CA64150A7DB41FAF841679D6E0E13914D1D
S315020190AC85FC13BB5DA18B4D6839559FEB054B10A6
S315020190BCF7A21C6D6E587E375D5833BBB8446CF7FC
S315020190CC88BD18BA78A058B2C4DAB7B91958375448
S315020190DC3869C1590C4F1114EC2D50FB7D8F9693A7
S315020190EC094268B7ECE885E6059DBEB820A31816B9
S315020190FC4434E502E8434491E5403C3C6A0DA763DE
S3150201910C818E4BDAE182C07F5D33C77B5C02B1B3E0
S3150201911CF46E16F8A9BC977738DDAE2C7570733BD5
S3150201912CC526FCC651708E5AF2E790BE99E40B4ADB
S3150201913C6F5EB610C085DA23572F54FC39927F8F96
S3150201914C4183BB125265A2538CA61A3FF6F23ADD43
S3150201915C00817125AD337A645E1DB8D8761CC23E88
S3150201916C047872FFA866B5B0BD6575ECB0B457E26A
S3150201917CE49F3112AE5D9E467561A16BA57129D82C
S3150201918C10A609C9488A71E944FA23A3DC3BD1CC5E
S3150201919CFCA540140EC15A72160119F622FF719CD6
S315020191ACFB9B40F685F176776223EA3E66EDF36424
S315020191BC71DF3FD5C6E99E5677979B591CC0B2699A
S315020191CCE3932D2B86F3F4316D11D3A70ECA1F33FC
S315020191DCC2BC998744734DA2740E0DF6DE2229DFA9
S315020191EC67A1C1B9E3AAAC440B2E4DE8AE5F148D4F
S315020191FCB02F5F64E6BDC8F4F31B1094873AD2D73D
S3150201920C9B3A1CF4B70B401A5F304D8D7B58BD8AC5
S3150201921C36B0642E74D7E8CABE8DBFDB57A424EFD1
S3150201922C0AB69D17DF88D58DA33CCF77DE0A2D4969
S3150201923C7F5638928C3C75FAFB03F6791030D713AC
S3150201924C0FBCA59B163E315337A3CB0D42DD36B56A
S3150201925C911F67D7FF6C179C92D90F9530597728B6
S3150201926C8DFB6DC9FD6551A2903296811FEC6DA7DE
S3150201927C49E18CE41F290EA1E625FCB2AC60C6D1EC
S3150201928CB50FACD88E0E498397C70F6F311CAD1D26
S3150201929CB39A11688FBD7BB7440D562C3C959879C0
S315020192AC6A92465B9F2644000C5B1D2D44A0879E49
S315020192BC1BCB80EAA4A2C19D6D52506BCFD3D6951E
S315020192CC85F053D426439FBC399CE2960BEB5AE8A4
S315020192DCDC701787BEDF9C870FA75AD1ED4728D6BC
S315020192ECE1624EA0400C9CA7FCBC2ABCF17C4967EE
S315020192FC670796BA9AA859B871B6CB09283AAFDB61
S3150201930C562CD0E810FDFF466303CE990AC189A3F8
S3150201931C696C3B593722C187B3ADE128D791C69FF8
S3150201932C15E4612854CBC02E8EB71D33539ED91B1F
S3150201933CA22CFFC2023299BBF1EDA0ED554DCCF038
S3150201934CD8B78789879673CD4AF49184A5C32ACC5B
S3150201935CFDEBD260BD1C5AF1891813D3BBACE8E004
S3150201936CD85D85D659E854AF571194457063FB5CA9
S3150201937C63C4734D8D6C2FDB81950FCD32A7CF4410
S3150201938CBC62B1B4EA2B5EB1D5370264F175E5451F
S3150201939CE20B88B281003C7BEB66122EC48F4474BD
S315020193ACF1141FE25EEAD02121897B17301AE8619A
S315020193BCE24CF5F4E8C5D525D324DE78C33D3081DC
S315020193CCBA1E8DC4BAB55202AF807CE96C3F4023FA
S315020193DC6CC6F78DAFEE721173F20B1E3B97C52E4F
S315020193EC38A3F7CC36F1877E9C2D4EDDC5D77B0E85
S315020193FCBB2BF0CCEBE8E5E7882DF3EEA2418EF61A
S3150201940C9F756798EDDACA27130AB04965A6D81271
S3150201941C3AF9902B4B30D41139C120526F40AD9889
S3150201942C4C7780038B240CB57F3FDCE501A047D238
S3150201943CF0014D44854BF048F24B7F42246360BEEA
S3150201944CB0CF1C24551959F04A66BE9848028FC1F1
S3150201945CD5B09D7DFBACD58D5173742C7DBD4A69FE
S3150201946C1D41458DDD3CF49739743C4EF300774D25
S3150201947C1D7313B0B70A0B143A317DB3C8725EA6CB
S3150201948C34AD10B64076A01A0D3BBDC98D63343C82
S3150201949CBE4EC5EFABF9A336BD0E22B6A50E6D9225
S315020194ACC3525CC81FB3A1BDC29ABFFC3826DDF6F6
S315020194BC0795EBAEB0C7FE41ECB7D9F78CD80313BF
S315020194CC6DABA6D0CD9C15898C984C305D4094B46D
S315020194DC8244C06C6E0B0CB7490D5F9D31DE69542B
S315020194EC55D7AC2C3DDAD01E005998CA3D7BD76AAA
S315020194FC53C67687724BFC4DEE72D23D0A8841D920
S3150201950C5A00DC205296D224DDF1F781F6010D6A5E
S3150201951CAE80BA6AEEBB096074B144040A64350EB4
S3150201952CF448D4B8C0F71B3454A61E1245FA355664
S3150201953CE58682F92559CAD0526772EF91152190A7
S3150201954C67BEBA036E374089A5DFA9AC98D3B98F2A
S3150201955C671EA5548AD8F37B698700B82A5D4B7CB2
S3150201956CF436579D190C54DAF1996B76027D061570
S3150201957C50EC9809925123C5161658943DF8E619E2
S3150201958CDBBC9604796D154352E705546676D69182
S3150201959C03E59848070655FEAD07D1D48A0BCF2DA4
S315020195AC1D83B60B8397FF66980C7F4CB2C22A8732
S315020195BC736706FC0321A8DA29421E616F40BC8D32
S315020195CCBE9AA10BC363E0E5C720E28A0E0D714A6E
S315020195DCF559716DBB1F1900D798F84578D8463CD9
S315020195EC78964BB9B9A265F5E9DC380717CEB7A956
S315020195FCBA627421F3C4BFDF92BCFDC177D48A1659
S3150201960C0E1B99AC377FF496540AFD4E9933BD5114
S3150201961CF2C0755176CC13D2D999F33F1EB0BE81E5
S3150201962C2FB5FA7F4D26A7EB9CE09ED68CEB06E175
S3150201963C4E4ACE1C7175A91AD3AACE05523B5CC7EA
S3150201964CF2BA1E123477F05A3F3CA73CF89ACF9ADB
S3150201965C6FFF5D9EBB2C553B4C16617C4F88C1B48A
S3150201966C258E90518DD44B4387967F19C8B27A4970
S3150201967CD58252C9097C8B676AC4997BC13D332158
S3150201968CB050890E44CD708A16AD61BD2D22A13A18
S3150201969CEAE9B6A0347EF8F4ED22B5421506AE140B
S315020196ACA46606438616C3ADF4D6BE9FC348AD3E29
S315020196BC9623AB29143DB82F00F550B65DCD9F9577
S315020196CCC2BBEDC47F2A71D1ACA28AEDEC5647120C
S315020196DC69C23C5CB4C88D779D09EB97FBE85DC703
S315020196ECAACDB680CC7B536F17B3D592228AB969B0
S315020196FCC7F08CB764724CBE475DDE02D8C2A18537
S3150201970C2C22E43179B625778623B475A4DD2C5A3D
S3150201971C001A558D92397572ED85B120AB2AE6B8D0
S3150201972C98F194A6EC26D812FB5176DA60C98632E8
S3150201973C0D8FDE89FD3A9F5DF84A8453D2735263CB
S3150201974CC015989FB16EDCAF91ED332B901D0EB601
S3150201975C9E9963112F7DCCCF46BD21B20BE78B852A
S3150201976CC228DBBF9ED064A603D1E3C379B62A060F
S3150201977C2DE1DCF1A3AAD55D9561EC44B1E69A9093
S3150201978C27C1E42342051DDF9C6060B767A7312818
S3150201979CD5C8C6F8A0D2860A7E14F98820A63350FB
S315020197ACB91D9BB2490638DF9BDCEC719905F5A014
S315020197BCF5D1C5D7DF6F242BCC460D6B7B1E8EAC38
S315020197CC19E02828CE2F6AB3CFB4AB650F974FFA9F
S315020197DC8006F05696640D0D11AE1BB041D60526C8
S315020197EC5E85390B3E437CF2C64F33192581F9222C
S315020197FC8DCF5626B2A6D6A4A1217CD6F717D5B7FC
S3150201980CD5CD0D04141848C1CCAE9075A9512E7C38
S3150201981C358C1EAB02640981E30FE700576474C7EA
S3150201982C8CA624E932711A7597D41FABF966E03707
S3150201983CC0C8F5B38CB99C6F17D30E705ABAB1580E
S3150201984CCAE4FEDB1B416D6CB8719EC15DA136DCAF
S3150201985C1B3A5A7171A73F364FB7E531E34B845A1E
S3150201986CA449F0C8C8FF1768F5708872180D8FD213
S3150201987CEC511A07DFFEA742AC522BB8A26C41F18E
S3150201988C65B6D897B49FF11F49ED8C682C376D1DBF
S3150201989C59704EB276FC0A785DC66FA0238E2706E6
S315020198AC2116B194B91EA57220540F4A59BFF5E17E
S315020198BC3937531FC941AF405425C8E2689B0C0A7C
S315020198CC71ABEC1CDBB88E9CF320FB2D9050153E34
S315020198DCD6C4CD6BF54F6D7371ECDF87ACDF25A565
S315020198EC2242AAE4B445B5478DEA3C4FC0C84ED8CC
S315020198FC06F6D9E7E4D8456C78BB84488A206E1FF4
S3150201990C668CD14E2E04A2E9415FE1D5DCAF54FE41
S3150201991CC4DF2F2A38375961FB79537B1919250F65
S3150201992C1763170DC9EAEB0849BF854296BDBD3AC5
S3150201993C4358C07F482DB52F35C8305D703BD8339F
S3150201994C84893D2C09746F23EE5476427733163C87
S3150201995C865FBCABB0BA5F8CAE4BB2B36B87805C25
S3150201996C742686D91B1F76901689B1D6D99E56F0C6
S3150201997C74C6A7AEAC43EA7F5E963C18EB1DD94A78
S3150201998C6B06E7AC45763BE47B4E792A28F4C7ABEA
S3150201999CBD30AE053D0FEEAC2B2DE0297DB38820F3
S315020199AC900E3618909A101FF49DC83D14BD228F45
S315020199BC7894DAD33FD47C294A78FDAE47677FDBAC
S315020199CCDE0E2F807BC968F44E4CAFE909372C1693
S315020199DC01E2190E55FD8B858DBF222D5D91D9CADA
S315020199EC1FD26549F8DBE3ECF46B8179C3E6FDDF43
S315020199FC92583B9C12F185DDB9F93FD24A49671956
S31502019A0C2C6C8BCE9E0754D7DAF1BF6274B073C33A
S31502019A1CAEE562A545EECF7893BA4603A611B90512
S31502019A2C63922DA0C3527E31A84A1BEA3650D3212A
S31502019A3CB78BDF34C52BC719C180F78F4AFBD0FA16
S31502019A4CADF7D9DC2E1529C6DEC82A2C620D4B447C
S31502019A5CCD32FB1A3D11CAF3810D732B7A3529EFDF
S31502019A6CE2A334A2B593DA5C14B2A2519F42F45723
S31502019A7CA628F1A17509285C8290DD822BFD8286CE
S31502019A8CFAB23D420381635B246672F79321771B1B
S31502019A9C353F9036DEFC517270308AC3DEE3367482
S31502019AACBBFC5F67C2527B26326CDF50CC05094E7A
S31502019ABCEDD006BD9010E799A9734A93212AB9E70D
S31502019ACCE2E335BF35FF951B8F63C7663DA9B16EC0
S31502019ADCE9E7D9A2E036949BAAFB244AF64169EA44
S31502019AEC16BD300759AC03C6551055E1E22B0F7C56
S31502019AFC61FA284EDB8377CCBB00BFC2F2719A673F
S31502019B0C591879C3AC105D3EA311FF4252E05CB009
S31502019B1C90CF1D8EE81B6EF49904102B651C2A64DA
S31502019B2CF0E8FB383E9F039A99D0E1B6955AD5DDFA
S31502019B3C6F7B4D844232A536B8D5C4C31675BAE3CA
S31502019B4C0458D18332BB8323FAB05561F7AA93D752
S31502019B5CA2E510DE7D51A580F97C847972FDEC2299
S31502019B6CCBCEA7511A2274F2328C5DBD336975B113
S31502019B7CFD04E476916266311F1A6784FAEFB44CDE
S31502019B8C6D8B79D3B53845B90ADDB9C46D02AEB060
S31502019B9C667113B1F91C14691E754027E701C0944D
S31502019BACF6252FAA42B964077EB0D961E5E78AC1C7
S31502019BBC3246680AA19A9A86A7A65B5FB734F02643
S31502019BCC4692EA5BB16F144FF028FEFF5ECC3E9CC7
S31502019BDC02FBEDB7822F3047C503715F79E7494521
S31502019BEC06E1F9B2E85F14A0E1E44300742A44C722
S31502019BFCCD894729EEB870162716709EC5B14E55FA
S31502019C0C043F5C7ED2587CBBEC51A1EE19781E2A1C
S31502019C1C0665A9796A5A20826DE48275426CE2570D
S31502019C2C5C8BD6CF47D525D9A0EF53DD6EDAF9C1B8
S31502019C3CB60C96B07862AB16FAE3A52536BDB631EB
S31502019C4CE82C8C8E1657271B292C1E06E67E2440E1
S31502019C5CE6CED3A17017D7620E400B5ED4950BC715
S31502019C6C7F5BEF0EFE7C9C24772ED2F7949EEB0D36
S31502019C7CA0285A59F5E98F5B22D0E49DDFF495436E
S31502019C8C85BBBFE1DCD4744E16D95BED76538FB727
S31502019C9C70B3ECFE42F937A611887010A4159246E0
S31502019CACAB780D3C6C2DC455170D253D1E145887EA
S31502019CBCB6844C1E1BB6EE3210DFFFC1F3F57FF4F0
S31502019CCCB28A216FEB2F94BFFE489CFFE35AA3B0D5
S31502019CDC9E1841983C813CDDDAE32F3C6E7AD5C85D
S31502019CECCC953D3B7A903045F2C318F8A57C235F9F
S31502019CFC9544F54DBCECE46FEE0B10435866A2F29B
S31502019D0CAAA615CFA8A64BC96830EFDBACBE8575E2
S31502019D1CA2A8D0183CF6CF99E542CE7ED73ABC46DC
S31502019D2C90EC6C3415DDA69667286C7EF8734D6043
S31502019D3CAD4C30E54007EF4B35B1789BF8720728ED
S31502019D4CE84137F1FBBCDC73E7C3A2F3D5C4AEBE63
S31502019D5C0B8029AE16D5D9A48FFB0872AA85BF70C2
S31502019D6C4A3F27A574CADDDB0D8599682AB2FF8A9B
S31502019D7C292CF5A4045296487AB922B9865FD5657F
S31502019D8C94FE678B538710FCBBE36D45884323B264
S31502019D9CA869D126E799670CAB7EB18274885620E5
S31502019DACED1DFD5D6072C359E3BD37ED3EF27A33AB
S31502019DBC30C03DEE9D3A1BC2D0E8E4965AB79BDB06
S31502019DCCF5AE1A277AD2A651B235850C7F4F4AE1E6
S31502019DDC2950A430EC814B4DFC6C8563985F54D3AE
S31502019DECBAE111DED47ED23FE476200F2939AA1AC2
S31502019DFC1D88A09BEADE582496204C271156202555
S31502019E0CCFA63E15791B8E5B23ACFE8E754F25F1C3
S31502019E1C76DA74814DF52DD7FABAD6ED7DC3F646AF
S31502019E2C1AED6DD2FBC86832C59B86D98C157A4D53
S31502019E3C3F5690BE63BF3D88676CB7697859A89B3C
S31502019E4CF7DFC12B2CD5B7429E0CB61CDD105B5B22
S31502019E5C1DDEC291E635D01CC7F366C6405E824B47
S31502019E6CEDB7E9DBA991B75B20F3BE446C970E8E75
S31502019E7CCFA056393F1EB4A287A0FA8E8216C12CE8
S31502019E8CF69BCC376983B941F5E080AC91D19E91B1
S31502019E9C488503CF090D688A50F23BC5F1E36DF58E
S31502019EAC586077C4AF143DF67F221638F21AD3588E
S31502019EBCF5FB84F5A1A7073009196F020024860563
S31502019ECC10B518BC93B3988F3EE383EC31DD99AF91
S31502019EDCEEEA101E2D83267CFF35DE0BFF169A92B7
S31502019EEC7202D9F87E300437EA78DEC33215A73A04
S31502019EFC65B570742A5DCA7C3B92A599FCEE276105
S31502019F0C38D98EE4AE856C574FD2183545FE98BCBE
S31502019F1CF6F8BE57931F777AF6A98D61426D220820
S31502019F2CCF251EF09E84C130C88044318317BCA450
S31502019F3C9B3E60C6D70D5AE0969FB171BB5143EE5B
S31502019F4C996326811400C907EF74F87686BE7B588D
S31502019F5CD44EB3403D7A421190AFEEFFF14B91686C
S31502019F6CC8B39FED1234B0553D575B9753A9789AF6
S31502019F7C1A510DFAFAABE0BFFC1EF950B3C71E8A91
S31502019F8C9F715C26F47EDAE34A8ADBB1F5FE56FC56
S31502019F9C3F6AB99E2C10228A811B5F63D0DE33B8CD
S31502019FAC8BE6F15A13A643FA3F2AA0E37511744DB7
S31502019FBC3E9CF16145A34C3D9F1DD9E22C2C0AD244
S31502019FCCF4D098E2A8CDF8D396529D1BD2F8DA01B9
S31502019FDCFC7A7F8389DF64D9125E07D755E35F96D4
S31502019FEC27DA40A2B0E325036D34B519717448D64C
S31502019FFCDDDB3EC668BB0B3BA41753C514BC5D0621
S3150201A00C9B63E7044981757AA6FA36A90C2EA08FB1
S3150201A01C596937B90E147F3137AE0A8D66E631D3DB
S3150201A02CBFCBA69917F14657964080516C7CF8091D
S3150201A03C4459AF16EEFCD9493F9155FB254C8DC4BB
S3150201A04C4D73A54F9F4BE372160B1C7F598D2C40FA
S3150201A05C0F43FAB00DD9ABBB9AD9A7487244AA8A57
S3150201A06CDCD7D2A848EBA5F9B6A66C4AC6EF857A17
S3150201A07CDF0D829961F6F46B462FD1C58FF934A3A4
S3150201A08CDAB3684A6D286E70A6E271E79B9DBEF53E
S3150201A09C3BA6A970C1BE7DBF26AFB70529581313BE
S3150201A0AC737EE4557A57891B801D173AD35543C2E1
S3150201A0BC209990022378BBD1B7F4772A0FC29A91D1
S3150201A0CC41AE6303C403E35466FD45E85127A9E295
S3150201A0DCC531DB1B23787E0F613672D9826301F49B
S3150201A0EC1B9BD34C7E2CA3B5813C6D9CB6E9A73741
S3150201A0FC7E6EC5E4AE7F43822BEF1D008519D92AEC
S3150201A10CD07D2972113D27D13751CB649AB9B8D476
S3150201A11C8B2D54E9DE201A0623E51CD5ADFDD8B1EB
S3150201A12C1582DDF74E8D87FF3F74CF43093993D3E1
S3150201A13CA2F738D1808296308D6A441955BCDA92CF
S3150201A14CC6DDF62E32DA743FE0DB42CB35A4A6E845
S3150201A15C2EF7096FBD8AFAAEEA27001250DBA2BFAF
S3150201A16CA74134083A3C4293850F5A6A55D12B8D35
S3150201A17C6624B031DDDFD0C2F317D6F019537DEC6C
S3150201A18CBF592DB30FE07C9D2265B70D28BC71B763
S3150201A19C05C17F00FCD2F5C2626F156E6126404D78
S3150201A1AC2823163512A60C9D5756C7EAD2A0C62FDE
S3150201A1BC361D266B4BFF72613735363281598AFA57
S3150201A1CC04B63F01CD50AFE852963764F47A82B5A4
S3150201A1DC7C2C417262A9E597F6705FC61DEC680785
S3150201A1EC3D90DD27D401144DCB06125E81DFE2C50B
S3150201A1FCCDF5BE62DEA929F5A1B3258970A7590051
S3150201A20CB328913D763C68CBC377887E3EFD738538
S3150201A21C59FDE52E16012EE985B7679689A250904E
S3150201A22C3F793D76AFC3EB4AF7DA47CAA3311E9E95
S3150201A23C693B77DC9CAC2DD67C3E4D07BD4D0EE6BB
S3150201A24C3E003CB6A095BCA100B753B6EFB515CBF3
S3150201A25CB884E345B465958C48A1874216D73D600F
S3150201A26C7099CCABD53045844AC03C86C8E717AF4A
S3150201A27C83EF2199347EC6164790AB1C419B01DCB8
S3150201A28C8D2342C936BCE834426F1E544A90F2956C
S3150201A29C9A3018908CFF449F4BDBFAD2BF2C16BF17
S3150201A2AC9C60B91121ABB695B6C89F00FED2B3D943
S3150201A2BCAE1CE8FAC9B8EF3B3EC9FC91767246234D
S3150201A2CCEF20ED109F1772DAAD82AF814256DF8F06
S3150201A2DCBF0DD859114E3320DF4912EBC6095E5E0A
S3150201A2ECCF7D060C53A76DCA382594547C59BB43B2
S3150201A2FCDEA3BF852BC179865E0BB16FBDF00B2731
S3150201A30CB41FEB57F3FE84CFBB9822CE308A2C9125
S3150201A31C266A646ED623CEED8C80868BD77E5E8CB6
S3150201A32CE794B732AFC784C28EEC64D28B2FB3508B
S3150201A33CDEF9EE5BE0BE436FD3034AD30143D4AEDF
S3150201A34CB246E23939A7A985CC3993EB79AEF41524
S3150201A35C34AA93FE2159C66FC4E8A89C0EDC3ED0E2
S3150201A36C29EC4CB522F4059933CBD8DCFE40F1C26B
S3150201A37CCDE515BA3F57548B56058DCC4F3DDF753E
S3150201A38C746DCED838B81FBDC9B64805DDB2B12A2F
S3150201A39C85BFDCAFD26C701EBF0CE5D1C7B62BA440
S3150201A3AC53DF8295D653BDDB28A9F569ED97114387
S3150201A3BC3DF73517DB265F4BCFE955BA18D62ED2A8
S3150201A3CC7B30493D766CA23F6B710E6887EE9953D1
S3150201A3DC5D62E3BFC392729A763F8D1E7C39DE496A
S3150201A3EC835E48B9B3BCDF1DA0245B2430AA36694F
S3150201A3FC49988BE8C4AE26A4D3423BD326138B349D
S3150201A40C143A10502501FB4339219BFC876BAF4C47
S3150201A41C524038BB7F4ED35D4E6FA007FB7A50BAC2
S3150201A42C49BAB753309465487A685D35C071288745
S3150201A43C7B363C14058473A649AF825BA9D5A74921
S3150201A44CA748EB1D76FA392E47CC5B92AC9E03F7E5
S3150201A45CE354F80AC6C8AE3D7E53A107D0C7E8B18C
S3150201A46C63214F3C59D0112CB74102F8C377B5F190
S3150201A47C965E563D27C6535E874727AA5002277119
S3150201A48C75F72C4A916AFEAA03EA6E9C5AA01F130F
S3150201A49C204564BAC8DA9E6C707BBC46C14D808578
S3150201A4AC90217363CA400FDC13E0C655A8594027A5
S3150201A4BCA27C3CA97E3588343D2A77D1CF60A7CCC4
S3150201A4CCDA5EB641721CA863731E5651C4360C175A
S3150201A4DCB62A28926AF51129195E726807C5B1CE98
S3150201A4ECF5B4B23D4709C123FA4472A70FE36C686E
S3150201A4FC5FEB6935C418D787AD799135C64B50B820
S3150201A50C14C2C712A19AD853269085CFCA20E9CD77
S3150201A51C4A047FC0366D2ED75042B78324F43E6C63
S3150201A52C9095C863F339A1F120AA6F921C50584F2A
S3150201A53C8C25083155B5C877F9952C66216939846C
S3150201A54CFF4EE09B79FFDB92201B796DD76448693C
S3150201A55CC6173CBEBEBFC821DC50CF8C111E83ACC4
S3150201A56C859EBF9E494EEC62BCCDB80B6D0CD4CC0C
S3150201A57C62419F91E42FD49F6CB86983FC4A604E69
S3150201A58C1CD389791184115AB35A16540558389A1F
S3150201A59C13D453A1D82E5D1F5997D07DE8B66865A1
S3150201A5AC31D0663F5D1811FDA93E0C0C02AB72D17E
S3150201A5BC650CDE1637C41E3CA4C1E89AEA59205929
S3150201A5CC8FB52DD056A0078B6537F2EA2042BF57BD
S3150201A5DC45DFE487A1489156DF915CAAA3B93A9C5F
S3150201A5EC167B4D451B2F0045C4C75ED889A017C5DE
S3150201A5FC8EB13CD069B2232980D016BB80946D20D2
S3150201A60C2362DC6515E0CDC593B5998CB29256D908
S3150201A61C392D8F20E38F35AEBE8EB01E222845A66C
S3150201A62C192AB54D91C58F909D0734C08E389D74EC
S3150201A63C1D5FD4B9484001991BEADE72ABBCED1918
S3150201A64C4C1C42EE53D53B22F322C7F93D7A52A258
S3150201A65CD712DEEB4FCCE83AE9B13669E7E864B5D5
S3150201A66C0AE3FD23F59A36F9C11FCBDD69815DCD6E
S3150201A67C8143A007400DE72EE80E3C712CDDAD158A
S3150201A68C7039EC41D40B77ADB8888EDBB0BD71CD88
S3150201A69C31B8ADDD37AA99085EBEEF56997EA76F22
S3150201A6ACA4C9E8252915EC9D58AC4236AA1CDF5DD6
S3150201A6BCB137A9C855D511C17A6EA91BFC7F86EA99
S3150201A6CC9281196F2AFD24124178A4F65AB1515B73
S3150201A6DC34EC049032AD7D27F1C67EE56E61E881DC
S3150201A6ECB42B2A013A75E9CD51D32783F1979D668D
S3150201A6FCA76746A499AB0CA95668F802A7F28AE396
S3150201A70CC22A5732D7BB531C39A572C825A7BC8F8F
S3150201A71CB61804552A31FAC52A2DA86D0ECC336604
S3150201A72C9761B10DA8382041E09DBD3E0F948F91E2
S3150201A73C6CCB1B67E08C91291B45EAEA665F4C3AA6
S3150201A74C19A782BC553F527DA51BA32B94E95C0329
S3150201A75C419B64B48C3A843C25516213F76306DE41
S3150201A76C14C71B52EA85BD317E9B168327D123471B
S3150201A77CA356C1847B4FD8E57817E80B3743ED1CFA
S3150201A78C7E16342EFFCD6B75ABAEB02D7A8301CD11
S3150201A79C7E3D5714148E13EA04AE4F8AE1AB331580
S3150201A7ACDD4A593471C697F00C4B4824FB512F499B
S3150201A7BCAD2DACDDE71C59FCFD8388BBA5D30A92F2
S3150201A7CC8EB9D221A69A3C2EC9B5C37673F5282326
S3150201A7DC94D980A4E63F18800B6C866D7BFEEC1C2B
S3150201A7ECC1C937F3D71DA0F643F924B7747E4BBA08
S3150201A7FC296583327FDC97A4EE91BE6F2BD4ED6E65
S3150201A80C4D235D9DE3B144D3EF32764F1817554470
S3150201A81C7A1C897220C0632B3909CC1E86D19143CD
S3150201A82CB15C9E975B10BCE5085560BFD11EC61480
S3150201A83C573D6509CE4A2560B18C2243D58C8B03D3
S3150201A84C9F3E3A17A76FD30D8B48DEF1B1C85385DC
S3150201A85C5207FA776B4CCECE7FAE8F1E41E98B3304
S3150201A86CE858390BAEA1733313E324FFC7E9FDC4D0
S3150201A87C88D42C0159C8A57F097592B59BE024E5AC
S3150201A88C4DABFE22AD974D9AEC565F9DACDB348FE8
S3150201A89CFDD22746692973087DB140152587655175
S3150201A8ACBB4E3BD38A4F65B9D490252CA453C1ED2B
S3150201A8BC01FA234F9200999C9FBA2E77027077DF89
S3150201A8CCDD5C138FB39FE915D4BF9D663A226906E7
S3150201A8DCD66BEC17FB9F2A12CCC72350458EDF335E
S3150201A8EC2C8F206E8A3BE77314714C09551C67B980
S3150201A8FCF47483BFF0B32B9FF9AC7739AFE9955456
S3150201A90C5FF78E221679D3CE47087E6A5FC7EC8033
S3150201A91C5954FD494BBECBF387C11E3B5B30922783
S3150201A92C7BE1FD3CCBB5688F9C5469DA6319251220
S3150201A93CB423C41459970A3882B093201F5E6C6BE8
S3150201A94C7F6AE711EE78C1404E9CE621F0FD24ABFD
S3150201A95C5EDFE6F04CD8F8B503ED00A5AAA55D8B32
S3150201A96C4537608C2A65F6998184A73E2D5A78392A
S3150201A97C6CAFA4D3967747D4C2F7531B291B81928A
S3150201A98CF8C859572E7AD26E26BE1437E1091BD452
S3150201A99CAE8829DA045220DC00103820DFDC11F2F1
S3150201A9AC09D6B28BFDA70A8F33C7C7A97C5E0EAB3C
S3150201A9BC1D08D3CD4E75CB1FD4BC98FE5052FE6BDF
S3150201A9CC60B8AF40AED6A60414023F82E287D9C361
S3150201A9DC4284DD8531938796DBA3BFBA891C33206A
S3150201A9ECAC4E082EE03C76DB05F5B934F89FA7C7C9
S3150201A9FC0C9C82687754FE444C523E003427C3E3C6
S3150201AA0C9871F89A6682DAC5F8DAEABB9304B379D5
S3150201AA1C678B6CE27D23F6C94D63BEA8FAEBAEC415
S3150201AA2C5BE1DD62E8D6A1913D62E5173C15475221
S3150201AA3C85ABB99FECE7A5F93E08F7483A24A54E32
S3150201AA4C9BDCB527061DA64A708B1C79AEF50DC289
S3150201AA5C9837C487655F83070DCC4A2A8636566BAF
S3150201AA6CE64A0CDD687CFC7A70DBC5A66E3C448C2E
S3150201AA7C342127825472750476A48192E54FB2B6BB
S3150201AA8CD002A84AF7812473B2E049800F150D3C16
S3150201AA9CA21529449731B9AB342851C1DFCA4EDA12
S3150201AAACCD7564A201D890350A0257681F075FBBA0
S3150201AABCD6E7E71F52DABB0B70A32F27122CA9D0AC
S3150201AACC6CD00B22C695DC766DDF5AEE71B477A289
S3150201AADCD0145593C0225D12183B88F979434EE284
S3150201AAEC15A2E9F6C7814F06E6FEB725C5BA5AD2B3
S3150201AAFC69D92AFCBBFA7B3D17117D5AAFBF1815D2
S3150201AB0CF7F440F7DAEC6BE21DAB00C1F7E68943C9
S3150201AB1CDAF80B8EA95702DED4F97949978B0E8A8C
S3150201AB2C747CC59A66BFE4E35B1F7DC575CB3F6337
S3150201AB3C246977383DFACB7EC5F7200309D1BCBD12
S3150201AB4CCBB971172593BD71F4E4EE70283E2AAC8C
S3150201AB5C9AF1A9E93F67D98DF5F90676DA5F3EA72F
S3150201AB6C963A8A89CA830FC2C34811A6A4AB1C0A98
S3150201AB7C6B19E89F1A7105C9F60AF84E8E10024333
S3150201AB8CCF611634045A7173A5E54E8D67BA2259F3
S3150201AB9CC93043C4ED3EF4B1838CE62739A93BC8CF
S3150201ABAC455C46D76243ADA961A45A8FB92577BED6
S3150201ABBC5CEF7BEC0416F8790D64B769D1AC5CAA2F
S3150201ABCC19E6E50FE78F8B079753EE5491E7476B1F
S3150201ABDCC176BE3E514A599C622C38B307F611D73F
S3150201ABEC6897B9F00FF422B734C8716100CE6EFBC7
S3150201ABFCDD0207BBFD808F3FBC6E87B81CF9DB06F5
S3150201AC0C1530126F4830BF14E7B2A624620A2F43DD
S3150201AC1CAD0CE4AEB6DAD18317D9EF72FA4BBFDEBD
S3150201AC2C6EF4CAEFB1C98FF5A913C46E1D33ACF913
S3150201AC3C6D5BB546C886087EC59FD61A251F5A85F1
S3150201AC4C32996A72FD01F243C702B1A7067F4E4FD2
S3150201AC5C85D3E9F1F5CE57A59EDD62563721DCB3D4
S3150201AC6CF7344D055577098CDC9F024CA7CB959889
S3150201AC7C55B47C9BB5591A0969D76D82336B632E10
S3150201AC8C202FF176A58C3E47132A405F5602E5A783
S3150201AC9C91E07005A4F759BD62E0B841E3ACD2B1BB
S3150201ACAC745F2F7B90C21D05D5CD1DD90C66DDC2F5
S3150201ACBC0652C9A17E14C608766CDA565A5CB329B9
S3150201ACCC73702373D3CBBFFA6FECD5CC8883839184
S3150201ACDC403D84A7E5180A633FCF4C88430315CB45
S3150201ACEC5D8BAF3B488AA41D45090DFF09C5D57875
S3150201ACFCFB2CAD661AD50442E74B663E3193903373
S3150201AD0C88D88E84E8A4029C81552CF413FAAAA144
S3150201AD1CB8CAA2370C633D7C96F9769FAC78369D00
S3150201AD2CDD3FE12110E0AABF7D82F5724D3F4F4D09
S3150201AD3C08B7500D46EEDB3F01BFC7E49DBB88A1A8
S3150201AD4C3794FA8261920219B2F99A3138F9FFFAF9
S3150201AD5CD6515D6CB22B07A901C0A02BC9322C5757
S3150201AD6CE881E54BDFCFE649DC11723287CC5E8195
S3150201AD7C1E595A9FD3DFE0AE67034D2ED8AE044E51
S3150201AD8CC1153C17B31A252BFFB03B6AC11BDE0B4F
S3150201AD9C40A28441D38CB779C1473E6C095BFA9CBC
S3150201ADACF6428EE91F98F610553427539940471CE3
S3150201ADBC562896469250D3A9083A0AC6D95E3CE859
S3150201ADCCBA91B1CA1F73E5E68E2855B3F19CF811F7
S3150201ADDC425C2FB4625A8C63F614EA7415A6AF70F0
S3150201ADECD794C0DDBD11501D0A63FE0DB1B0A4BDD1
S3150201ADFCAF3776B9EA1641729ADDE239B5C2E09AF3
S3150201AE0C81B4A55FD1DEF78E9E2C2BBEB7E4CA3078
S3150201AE1C859164F903C19D77364C7BED8A48F1CF56
S3150201AE2C451F5423388835CC8219C7773A27E00C4B
S3150201AE3CD9251702508A363462041D1CBC291053BB
S3150201AE4C73C29134D55358C4E5BFF1D9C0642C2BC6
S3150201AE5CA837271A018D4B012E06A3B6D1C5447EFE
S3150201AE6CF5F41FEE3F2E2FE31B9C3865BEDDFD80EC
S3150201AE7C4149EA0DB4AD4C0E9C7A2555C92A12E804
S3150201AE8CDF2DB23BBD189955D51CB8FB6C78E54341
S3150201AE9C5889A44265609B3C45DCC623257ADFA30F
S3150201AEAC55A995F7BFC0E6AB29E0E32F5FFB2B292A
S3150201AEBC18F302C88C7854C52E13DBC22CC38E9799
S3150201AECC79CE2BE9D618CFF9BF42681CA16C3B1D72
S3150201AEDC6813C74052E57DC4D5927D9FF990FF3028
S3150201AEECD2487BE3BD064B98921DD165B10CA544A4
S3150201AEFCC402C189436B875C56317486C33936DD0C
S3150201AF0C68856AF0A1DD26E7C5A94789E30974AA12
S3150201AF1C50939ED71F6AE0340F6765AFBDA5DCA6B9
S3150201AF2CAECD18D3385CD9EA9DE81CC410BFBEE578
S3150201AF3C53638741662D34AE6131E3D6ACEBA1C8BE
S3150201AF4C841315BEBE439A9978A80F62F3EE15F4D3
S3150201AF5CE9799B5BCA9D2B514556AF93C07AEBDDC2
S3150201AF6C79DA698B3B67D01FC525D2B6A8C3864A47
S3150201AF7CE63958056ACC68B216E645CA1183CCC0C5
S3150201AF8C20F2F02D5321EC8A7A4B015A3BE9309788
S3150201AF9C57F7A3A525E69CBEDDE1773CC7A1975CD5
S3150201AFACE64E519A1AB8A5911745D12DB15055674E
S3150201AFBCFF402633EF760FADD2D66469327AE57A43
S3150201AFCC5851F19F3996C2AC4120138EF2DC25D928
S3150201AFDCEFA55AC140BF3B036169FF70136286C676
S3150201AFEC910C3BF1AFCF5D2D75E3FF6C2D8F4A4F63
S3150201AFFCE5311690867CC638A540CEE75051A7E3BB
S3150201B00CB4FB1CBEA16C9D85F663E6CE57C4205DCE
S3150201B01C61DEAA5F73438187F0031E06AF602D9929
S3150201B02CF69B33342C4088C6ED09F0A17E63D0ED34
S3150201B03C1372C5297147EE2F1C118ACE0CBF2998A2
S3150201B04CC4D66915E6130038007940907690D7106C
S3150201B05C65220820BB176E568333D9DD9B3D578576
S3150201B06C1DC9250892597224C002468D6CE752BF3E
S3150201B07CAB480F96D6720E7EDF9F29561A18120806
S3150201B08CFAC9CF6D6F2C64D8FA7BAE0098440000D6
S3150201B09C9020600054090000700A0000E8010000CB
S3070201B0ACFFFF9B
S3150201B0B040B10079022805D140F200000121C2F215
S3150201B0C0002001707047D4D4B6B042F20051C0F2EA
S3150201B0D0022107C91268904742F2DD20C0F202201E
S3150201B0E000F0C2FB42F2004116A8C0F2022102465A
S3150201B0F0E8C9E8C20988118000F0B6FB05F031FB08
S3150201B10078B140F64C5044F24611C0F20A00CDF82D
S3150201B1105B0016A8C4F64941169100F0A5FB00BFD3
S3150201B120FEE70020002605F0D3FA16AC44F64F39A5
S3150201B1302046C0F60D298DF85C60CDF8589000F0D6
S3150201B14093FB42F214402146C0F202208CC88CC104
S3150201B15002888078887020460A8000F085FB42F2D8
S3150201B1604450C0F20220D0F80880D0E90041D8F854
S3150201B17000202046904708B10E282AD18DF85C603E
S3150201B18016AE3046CDF8589000F06EFB42F22440DE
S3150201B1903146C0F2022090E8AC003046ACC100F064
S3150201B1A063FB42F2C041C0F2022107C9126890470D
S3150201B1B0F8B140F64C5044F24611C0F20A00CDF8FD
S3150201B1C05B0016A8C4F64941169100F04DFB00BF7B
S3150201B1D0FEE740F64C5044F24611C0F20A00CDF8A1
S3150201B1E05B0016A8C4F64941169100F03DFB00BF6B
S3150201B1F0FEE716AE4FF0000A30468DF85CA0CDF898
S3150201B200589000F031FB42F254403146C0F202201E
S3150201B2108CC88CC102888078887030460A8000F01A
S3150201B22023FB04F03AFE002004F052FF42F2B23749
S3150201B230102000900A200A214FF496721823C0F2B8
S3150201B24002274FF6FF76CDE9016705F055F816AEEE
S3150201B2508DF85CA03046CDF8589000F005FB42F21D
S3150201B26084403146C0F202208CC88CC102888078A3
S3150201B270887030460A8000F0F7FA40F2080042F27E
S3150201B2809441C2F20020C0F2022100F082FE80B196
S3150201B29040F64C5044F24611C0F20A00CDF85B006A
S3150201B2A016A8C4F64941169100F0DEFA00BF00BFA6
S3150201B2B0FEE7CDE907484FF2A044C6F604044BF275
S3150201B2C0FF7104F01F00C0F20101084401270D902D
S3150201B2D04EF65C7807EB501B41F29800C2F202204F
S3150201B2E0CEF2000800F04CFECDF858900DF1580947
S3150201B2F048468DF85CA000F0B7FA42F2644049462E
S3150201B300C0F202202CC82CC16CC86CC1028880789C
S3150201B310887048460A8000F0A7FA04F0B8F840F2AD
S3150201B3202B014FF4D832C2F20021814605F062FBAD
S3150201B3304EF6E0564CF2EF20C6F6720606F01F05EF
S3150201B340BFF34F8F28444BF001E007EB501A00BFC1
S3150201B350C8F80C4020340FF005C8BFF34F8FBFF376
S3150201B3606F8F002004F0A9F8BFF34F8F4AF001E076
S3150201B370C8F8006020360FF005C8BFF34F8FBFF340
S3150201B3806F8F4FF61944CFF6FF7404F08BF84FF026
S3150201B390C80E00F10A0B5846234600BF00BF00BF84
S3150201B3A010F8021C782908D110F8011C5C2904D175
S3150201B3B090F900108B4253EAC1830C300FF011C091
S3150201B3C042F2782216ACC0F202228021204605F012
S3150201B3D02DFC204600F048FA4BF2E21A0020C2F296
S3150201B3E0022A40F20001C6F600018AF80000089816
S3150201B3F08268079890479AF80000A0B94FF619405B
S3150201B400CFF6FF70A0F57A7601204FF47A7103F038
S3150201B4101CF99AF8000018B9002E06F10106F3D1BB
S3150201B420002800F06A80BFF34F8F4FF4965E012029
S3150201B4300D9900EB511440F20000C6F6000000BF60
S3150201B440C8F8000020300FF005C8BFF34F8FBFF3D5
S3150201B4506F8F484600F020FA4CF2EF200121284472
S3150201B460BFF34F8F44F001E001EB50164FF2A040BB
S3150201B470C6F6040000BF00BFC8F80C0020300FF06A
S3150201B48005C8BFF34F8FBFF36F8F002004F015F885
S3150201B490BFF34F8F46F001E04EF6E050C6F672005A
S3150201B4A0C8F8000020300FF005C8BFF34F8FBFF375
S3150201B4B06F8F4FF0C80E4FF61943CFF6FF7300BFD9
S3150201B4C01BF8020C782808D11BF8010C5C2804D160
S3150201B4D09BF90000834253EAC0830BF10C0B0FF078
S3150201B4E011C842F29C2216AEC0F2022280213046D7
S3150201B4F005F09CFB304600F0B7F942F2344416A837
S3150201B500C0F2022401462F464CCC4CC16CCC6CC114
S3150201B5102288A3780A808B7000F0A6F94CF2EF20FC
S3150201B520012138440D9A40F20009002701EB50101F
S3150201B5300590C6F600094FF4FC60A8EE300B002513
S3150201B54001EB5212069200BF4FF6194BDDE9076471
S3150201B550CFF6FF7B0D9500BFA268304649468AF8B1
S3150201B560007090479AF8000088B9ABF57A7500BF6A
S3150201B57001204FF47A7103F068F89AF8000018B9BD
S3150201B580002D05F10105F3D108B92FF01BC8BFF350
S3150201B5904F8F4FF4965040F001E0484600BF00BF7E
S3150201B5A0C8F8000020300FF005C8BFF34F8FBFF374
S3150201B5B06F8F4FF4165045F6000140F001E0484600
S3150201B5C0C6F6020100BF00BFB0EC041F95FF502072
S3150201B5D000EF58419BEF500524EF500120EF520135
S3150201B5E0A1EC101E0FF011C003F051FF00F054F947
S3150201B5F0BFF34F8F069840F001E04FF2A040C6F626
S3150201B600040000BF00BF00BFC8F80C0020300FF0D5
S3150201B61005C8BFF34F8FBFF36F8F00204D4603F06E
S3150201B6204CFFBFF34F8F059840F001E04EF6E05014
S3150201B630C6F6720000BF00BFC8F8000020300FF046
S3150201B64005C8BFF34F8FBFF36F8F03F02BFF4FF484
S3150201B650C87200F10A0142F001E04FF0FF390022FF
S3150201B66011F8023C782B0AD111F8013C5C2B06D168
S3150201B67091F900309B455BEAC38B52EAB9890132E3
S3150201B6800C310FF013C8B9F1FF3F39DD09EB49015E
S3150201B6904FF4C047402600EB810210F9210092F9CE
S3150201B6A0013000EB400003EB430192F9053092F9B8
S3150201B6B0042007EB801007EB811106EB11261821F6
S3150201B6C001EB10240C9603EB43000B9402EB4201AF
S3150201B6D007EB801007EB8111C6EB1020C4EB112199
S3150201B6E010F13C0FD8BF6FF03B0011F1140F00F1BE
S3150201B6F04004D8BF6FF0130101F1180004E000BF46
S3150201B7000020CDE90B00002441F29006BBF15A0F4D
S3150201B710C2F202260A9003DB3068013004E000BF60
S3150201B720BBF14F0F01DC002030600D98C0071CD120
S3150201B730002000214FF4A072F02345F60007C6F659
S3150201B7400207009704F014FEB9F1000F33680DD415
S3150201B750032B0BDB0C9FDDE90A01E21943184FF4B7
S3150201B76078400090384604F01EFD3368052B4FF0F1
S3150201B7700007A9461CDB09940EAC42F24032202195
S3150201B7802046C0F202225B4605F050FA18200090CC
S3150201B7900A20D2214FF496721E234FF47845CDE941
S3150201B7A00154099C04F0A8FD0D9D20E000BF00BFD5
S3150201B7B0012B0D9D1BDB09940EAC42F2A632202110
S3150201B7C02046C0F2022205F031FA0C2000900A202E
S3150201B7D0D2214FF4967218234FF6E076019641F282
S3150201B7E090060294C2F20226099C04F085FD306895
S3150201B7F00135042818DB029416AC42F251220C9848
S3150201B80000900B98019080210A9803902046C0F27D
S3150201B81002225B4605F00AFA204600F025F8376057
S3150201B82092E600BF00BF00BF4CF6CD414CF6CC42BA
S3150201B830CCF6CC41C0F6CC4269434FEAB101914202
S3150201B8403FF682AE16AC42F290328021CDE900B0CB
S3150201B8502046C0F202222B4605F0E8F9204600F006
S3150201B86003F871E6D4D4D4D4B0B5044605F0D2F8BF
S3150201B870024642F20050C0F2022040F20005C2F234
S3150201B88000250023816800682B708B682146984742
S3150201B89028780128FCD1B0BD2DE9F04F4AF6AB2C30
S3150201B8A040F2000800F1020A4FF0000BCAF6AA2C78
S3150201B8B0C6F600084FF0C0094AF6AB22FC24F82569
S3150201B8C0CBEB0B1049F001E00001A0FB0C03D809F8
S3150201B8D0002300EB800008EBC01000F572575046BA
S3150201B8E003EB83060133B601B6B25643F60D37F8BA
S3150201B8F01660F10000F8021C04EAD60100F8011CE8
S3150201B90005EA162100F8031B0FF017C00BF1010B14
S3150201B9100AF5107ABBF1C00FD2D1BDE8F08F022829
S3150201B92018BF704780B541F2E00042F6F001C2F25B
S3150201B9300220C0F2022101F010FB0120BDE8804085
S3150201B94002F06EBF80B5FFF7BFFB002080BD7047D6
S3150201B95080E80E008A6A0021B1EB127F07D180B519
S3150201B96000F00AF800285FEA1F91BDE88040084608
S3150201B9707047D4D4D4D4D4D490E80E00002B5FEA15
S3150201B9800F93002A48F29F6208BF0233CB60C0F2CE
S3150201B9900102016800BF00BF4B681B0703D5002ADD
S3150201B9A0A2F10102F8D14A68120726D44A6A43680B
S3150201B9B0002B5FEA1F9312F0020F5FEA1F92934276
S3150201B9C01BD04A6A836802F00102002B5FEA1F93C9
S3150201B9D0934212D00222CA61016845F25352CA63E6
S3150201B9E000220168C0F61F720A6401684A6401688E
S3150201B9F08A640068C264002000E0FF2040B27047FA
S3150201BA00F0B581B0069F092F3ADA1C460B46164657
S3150201BA10054600214FF0FF321846FFF798FF00292D
S3150201BA203DD12968012F08612868066211DB0026CB
S3150201BA30D4E900013246FFF78AFF91B92968013F2D
S3150201BA4001EBC60106F1010604F10804C1F8800002
S3150201BA50EED12868816801F00C010131816001B0E3
S3150201BA60F0BD42F2172042F2D83242F20223C0F26C
S3150201BA700220C0F20222C0F20223A42102F0E0FD5A
S3150201BA8042F2172042F2D83242F20833C0F20220C1
S3150201BA90C0F20222C0F20223942102F0D1FD42F247
S3150201BAA0172042F2D83242F2C233C0F20220C0F269
S3150201BAB00222C0F20223982102F0C2FD70470168F8
S3150201BAC08A6802F00C0202328A60006841684907FC
S3150201BAD05CBF41685FEAC16101D5002070474168D8
S3150201BAE009065CBF41685FEAC151F6D44068C0F3FA
S3150201BAF040107047D0F800C0012ADCF8080000F0B7
S3150201BB00040308BF0833022A08BF00F00C0303F03E
S3150201BB100800012908BF0430022953EA00810020E6
S3150201BB20CCF80810704780B50368986AD3F800E02C
S3150201BB30814201D101200FE0FF2380EA010CCFF2FD
S3150201BB4000031CEA030F5FEA1F9311F0006F5FEA1D
S3150201BB501F9141EAD06018408EEA02010023B3EB3D
S3150201BB60117F07D1C2F30751CEF307528A4238BF7A
S3150201BB70002080BD002080BD41F29010C2F2022059
S3150201BB807047002070470020704780B5012004F0FD
S3150201BB90CDFF08B10021017080BDD4D4D4D4D4D450
S3150201BBA00278014600BF00BF12B920BF0A78FBE73F
S3150201BBB00020013A0A70704701780131017040BFD5
S3150201BBC00020704770477047B0B50446407C012893
S3150201BBD008BFB0BD204602252574FFF770FF002875
S3150201BBE018BF00256574E06ABDE8B040FFF7E4BFFF
S3150201BBF02DE9F04381B041F294181E46C2F20228A1
S3150201BC000D460446D8F80070002F174604D1FFF7F7
S3150201BC10B3FFC8F80000C8B341F29819C2F202296B
S3150201BC20D9F8000020B9FFF7B0FFC9F8000068B3E0
S3150201BC30DDE908230020C4E90C702946C4E90E6037
S3150201BC4040F20220A4F841002046FFF781FEE8B146
S3150201BC50FFF79BFFE062C8B104F110001C2104F05A
S3150201BC60C5FED8F80000FFF78CFF41F29C10C2F224
S3150201BC70022001680460D8F80000E160FFF783FF43
S3150201BC80D9F80000FFF798FF002001E04FF0FF30DE
S3150201BC9001B0BDE8F08310B50446FFF76DFE10B1A1
S3150201BCA04FF0FF3010BDE06B00285FEA1F9120467E
S3150201BCB00A46FFF71FFF002010BD10B50446C06BF0
S3150201BCC0002800F10100E06301D0002010BD2046EA
S3150201BCD0FFF7E1FF0028F8D0E06B0138E0634FF08F
S3150201BCE0FF3010BDD4D4D4D4F0B581B00446054694
S3150201BCF014F8100F00284ED0022803D0012847D18C
S3150201BD00002953D0686A012813DB0026002700BFE9
S3150201BD1095F84210F940C90707D0D5E907018059BC
S3150201BD2051F8271000F0D3F9686A013708368742BD
S3150201BD30EEDBE86A4FF0FF324FF0FF33FFF730FFD9
S3150201BD4000280CD501206874297C022907D1687460
S3150201BD504FF0FF32E86A4FF0FF33FFF721FFA96A7E
S3150201BD602846FFF730FFE86B38B10138E86304D1A2
S3150201BD70012101222846FFF7BDFE687C70B1687C6D
S3150201BD80022802D12846FFF799FE2846FFF783FFCC
S3150201BD904FF0FF3503E06FF0010504E000251C2199
S3150201BDA0204604F023FE284601B0F0BD0125FAE73C
S3150201BDB02DE9F04F83B0002900F09B80002B00F0A3
S3150201BDC0A88004460C98002800F0B380254615F891
S3150201BDD0107F17BB0026267404F11406DDE90DEC6B
S3150201BDE020620EC69607C4E909EC12D144F64377DE
S3150201BDF00E68C3F25017BE420BD1BEF1030F13DB1D
S3150201BE00D4E90C7C57EA0C060ED0A66B8068B042C8
S3150201BE1008D91C21284604F0E9FD4FF0FF3003B092
S3150201BE20BDE8F08FC3E9047C02EB01080F1D47450B
S3150201BE305DD23878052858D002280AD00128E8D1DF
S3150201BE40D7E901122046FFF76EFE0028E1D00C3732
S3150201BE50EDE707F1040B5FEA0B70DAD178787E8899
S3150201BE600290606A012824DBE169024600BF00BF35
S3150201BE700B781B07CDD1013A01F10801F8D14FF038
S3150201BE80000A4FF0000900BF94F8411021FA09F1A6
S3150201BE90C90708D0D4E9070150F80A0051F8291058
S3150201BEA000F014F9606A09F101090AF1080A8145EB
S3150201BEB0EADB2046FFF701FF0028AAD1029846EAEB
S3150201BEC00046012020742046A16A4FEA8609FFF73F
S3150201BED079FEE369606A0090204659464A46FFF7B1
S3150201BEE08FFD07EB8600071DA1E704379FE70020B8
S3150201BEF095E742F24A3042F27C3242F2C523C0F25F
S3150201BF000220C0F20222C0F2022340F2822102F092
S3150201BF1097FB42F24A3042F27C3242F22E33C0F2AF
S3150201BF200220C0F20222C0F2022340F2832102F071
S3150201BF3087FB42F24A3042F27C3242F2F123C0F2EC
S3150201BF400220C0F20222C0F202234FF4217102F052
S3150201BF5077FB70B584B008AD064631CD8DE8310068
S3150201BF603046FFF725FF002806D40121304604B0EA
S3150201BF70BDE87040FFF7B8BE4FF0FF3004B070BDA8
S3150201BF8010B50446FFF799FE20680121C0F8801119
S3150201BF9010BDF0B583B0EFF31086012282F310884B
S3150201BFA043F20002C4F220020D4607461E20136820
S3150201BFB0012123F480331360126802F046FB86F3F3
S3150201BFC010880021B8686E7BAC7BC4F2140100684C
S3150201BFD000220023CDE90064FFF70AFE08B103201F
S3150201BFE041E095F90C102A7A4EF200100029CEF2A0
S3150201BFF000004FEA021203D4431883F8002306E035
S3150201C0004EF6145601F00F03CEF200069A5541F28E
S3150201C010FC120126C2F2022242F821704CF20032CF
S3150201C020C4F2000252F8213023F4803342F821305F
S3150201C03052F821204A0901F01F01BFF35F8F00EB7D
S3150201C040820306FA01F1C3F8801140F822107D60DD
S3150201C0502868F86068687861002044F25451C5F294
S3150201C0604D213861396003B0F0BDB0B582B04FF0F1
S3150201C0707041EFF3038001EB006041F2FC1281157E
S3150201C080C2F2022204165558A9680868FFF79CFDF8
S3150201C090E86868B1286910B10168019100E001A858
S3150201C0A069690160E9688847286908B101990160EF
S3150201C0B04CF20030C4F2000050F8241021F4803111
S3150201C0C040F8241050F8240002B0B0BD7047704702
S3150201C0D02DE9F0410D46097848F200020446C4F200
S3150201C0E0350202EB01206062002020702562A278EF
S3150201C0F06969A162A969C4E90B0122F00300D5F8B5
S3150201C1001C80411CA170697811B940F00200A0702F
S3150201C110A97A95F90B20204600F059FB297995F960
S3150201C1200520204600F053FBA97995F90720204600
S3150201C13000F04DFB297A95F90920204600F047FBCC
S3150201C1400120EFF3108780F310884FF00041287821
S3150201C15021FA00F043F20401C4F220010A6822EA3C
S3150201C1600000086008681E20012102F06EFA87F3BA
S3150201C17010884FF48061606A4FF480428160E869F9
S3150201C180E9786F78437802EA8131067867F3092103
S3150201C190DA03437B92B206F0030703F0010311446B
S3150201C1A041EA4352636A42EA0762416802F58052F2
S3150201C1B05A61027802F0FE03022B07D14FF604718F
S3150201C1C0022ACFF6007108BF203100E00968626ACF
S3150201C1D011610C22017BAB78877862F39F014FF4E0
S3150201C1E04072022B08BF4FF48072002B07F0010345
S3150201C1F0676A18BF114341EA0371F960626A002155
S3150201C20091612A78092A04D8626A0023C1F61F734A
S3150201C2105362B0F80F20807B636A40EA022041F63E
S3150201C2200172C0F21F02104018632046C4E90411CC
S3150201C230C4E9061100F075F9606AB8F80A1010220D
S3150201C240A181C9F607528266206A90F905304CF23D
S3150201C2500030C4F200005F0903F01F0650F82310F4
S3150201C26021F4803140F8231050F823104EF20011C8
S3150201C2700123CEF2000103FA06F601F5C072BFF3FD
S3150201C2805F8F42F8276041F82760276A97F90B709A
S3150201C29050F8276026F4803640F8276050F8276068
S3150201C2A07E0907F01F07BFF35F8F03FA07F742F80C
S3150201C2B0267041F82670276A97F9077050F82760A9
S3150201C2C026F4803640F8276050F827607E0907F089
S3150201C2D01F07BFF35F8F03FA07F742F8267041F88B
S3150201C2E02670276A97F9097050F8276026F4803676
S3150201C2F040F8276050F82700780907F01F07BFF3B7
S3150201C3005F8FBB4042F8203041F8203040F21141A4
S3150201C310606AC0F201018160606A00BF00BF00BFAE
S3150201C320017FC907FCD044F642110020C5F2433110
S3150201C3306160BDE8F08103460020C3E90612704739
S3150201C340D0F824C0DCF8083023F44013CCF80830C6
S3150201C350D0F824C000BF00BFDCF848305B00FBD533
S3150201C360DCF8083023F01003CCF80830D0F824C0EA
S3150201C3709CF81C30DB06FBD4C0E904120020DCF871
S3150201C380081041F01011CCF80810704770B5044638
S3150201C390406A4FF6EE720D468168CFF6CE7221F4EF
S3150201C3A040161140816000202061204600F0B9F854
S3150201C3B0606A296801610020616A8E6070BD002091
S3150201C3C04FF0FF32C1E900227047D4D4D4D4D4D479
S3150201C3D08A0701D4062214E0426A936823F44013C1
S3150201C3E09360426A00BF00BF936C5B00FCD5936801
S3150201C3F023F010039360426A137FDB06FCD400220A
S3150201C4004261C90701D00022C261104670478446C3
S3150201C41081620020CCE90B327047D4D4D4D4D4D46F
S3150201C420B0B544F642110446C5F24331406888422A
S3150201C4306AD1606A816821F440118160606A81680B
S3150201C44021F010018160606A017FC906FCD4206A6D
S3150201C4504EF28011CEF2000190F90700430900F075
S3150201C4601F02012000FA02F241F82320BFF34F8F87
S3150201C470BFF36F8F226A92F90920530902F01F0254
S3150201C48000FA02F241F82320BFF34F8FBFF36F8FF9
S3150201C490626A936823F480339360226A92F90520D3
S3150201C4A0530902F01F0200FA02F241F82320BFF3F8
S3150201C4B04F8FBFF36F8F226A92F90B20530902F055
S3150201C4C01F0200FA02F241F8232043F20401BFF3EC
S3150201C4D04F8FBFF36F8FEFF3108580F31088206AB9
S3150201C4E0C4F220014FF0004200780B6822FA00F0F4
S3150201C4F01843086008681E20012102F0A6F885F398
S3150201C500108800206060B0BD0720B0BD0246C06938
S3150201C510086000200021D16170470620704706207D
S3150201C520704770B50446006AC5690020A060687C40
S3150201C53050B34EF25400C4F20100017801F00F012A
S3150201C540022901D801220BE0CA1E052A06D242F6A9
S3150201C5504011C0F2022151F8226003E0083910228B
S3150201C56002FA01F6407800F00F0002F017F841F2E4
S3150201C5703822697CC2F20222B0FBF6F012685143FC
S3150201C580B1FBF0F00130A06070BDB0B54FF0704163
S3150201C590EFF3038001EB00604CF200318015C4F227
S3150201C5A00001425822F48032425041F2FC124158B3
S3150201C5B0C2F202221458206A00690028606918D161
S3150201C5C0C0B1A07800F003000228206905D10088D5
S3150201C5D0616A20F4DC40486002E0616A0078087111
S3150201C5E0A078226900F003016069401A6061114472
S3150201C5F02161B8B9616A02228D68A06862F3155594
S3150201C60010B102F061F8616A8D60A06A00284FF0EC
S3150201C6100000206106D0002180222046BDE8B040FC
S3150201C62000F001B8B0BD2DE9F04385B08146C06A7C
S3150201C6300DF1040830B10546C44695E8D8008CE8E8
S3150201C640D80000E04046D9F820301B7881600360AB
S3150201C6500271D9F83010C160D9F828108847D9F883
S3150201C6602C0010B198E88E008EC005B0BDE8F083AB
S3150201C67010B582B04FF07041EFF3038001EB006019
S3150201C6804CF200318015C4F20001425822F4803284
S3150201C690425041F2FC124158C2F202221458A078C9
S3150201C6A000F00302606A022A03D101686FF35F2177
S3150201C6B000E00178E069019190B1A06901A904F055
S3150201C6C099F9A078D4E9061200F003000144101A80
S3150201C6D0C4E906100DD1A06A58B10021012202E077
S3150201C6E0A06A30B10422204602B0BDE81040FFF72D
S3150201C6F09ABF02B010BD10B54FF07041EFF303803F
S3150201C70001EB006141F2FC128815C2F202224FF6D8
S3150201C710EF741058CFF6CF74426A93682340936040
S3150201C720826A0C161AB100210222FFF77CFF4CF233
S3150201C7300030C4F2000050F8241021F4803140F890
S3150201C740241050F8240010BD4FF07041EFF303801E
S3150201C75001EB006C41F2FC114FEAAC50C2F202212C
S3150201C76008588178436A01F00301022903D1196845
S3150201C7706FF35F2100E0197870B59A6C20244FF0AF
S3150201C780080E04EAD24410260EEA126516EA12626D
S3150201C79004EB0506324403D09E6C360458BF403280
S3150201C7A09E6E4FEA2C6446F0C8569E66836A0BB1AA
S3150201C7B0FFF739FF4CF20030C4F2000050F82410A2
S3150201C7C021F4803140F8241050F8240070BD10B5D0
S3150201C7D04EF2801C4FEA521ECEF2000C02F01F03EB
S3150201C7E00124002A04FA03F34CF82E304CF20033EA
S3150201C7F04FEA0111BFF34F8FC4F20003BFF36F8FEC
S3150201C80053F8224024F4803443F8224053F822306C
S3150201C81004D40CEB020383F8801206E04EF614549C
S3150201C82002F00F03CEF20004195541F2FC11C2F2D5
S3150201C830022141F8220010BD2DE9F04F81B0D1F855
S3150201C84018800D46012143F2040298F800B0EFF375
S3150201C850108981F31088044698F800104FF480304D
S3150201C860C4F2200248F200068840C4F22606116884
S3150201C8704FEA8B2721EA0000106010681E20012171
S3150201C88006EB8B2A01F0E1FE89F310882560C4F8D4
S3150201C89010A02888208198F80100A07298F800104B
S3150201C8A00028E1726FF0CC00DAF8601008BF6FF071
S3150201C8B033000840CAF8600048F2500098F8012097
S3150201C8C0C4F22600298800EB8B2C4FF0F8554CF860
S3150201C8D02210A27A98F80C30002A4FF0180208BFEB
S3150201C8E0082208BF4FF4F85503FA02F240A32A4080
S3150201C8F0F251D8F8042093ED003F41A3177992FD36
S3150201C900000F07F0010722FF400493ED003F00EFFD
S3150201C910520155EC113B56EC100B2B43557992798A
S3150201C9203043184398F8013065F31B6140EAC7505A
S3150201C930084340EA02704CF82300204600F064F9ED
S3150201C94040F680710546C0F20101CAF80810CAF81C
S3150201C9500C10A17A00294FF0CC0108BF3321DAF875
S3150201C960600040EA0100CAF860002DB341F2A0114D
S3150201C97098F80000C2F202214000096821FA00F08B
S3150201C98080072ED143F204030120EFF3108480F3D2
S3150201C9901088C4F2200398F800004FF480311A6817
S3150201C9A001FA00F001211043186018681E2001F0F7
S3150201C9B04CFE84F3108814E045F249000122C7F6C1
S3150201C9C05300606098F8010098F8001002FA00F02E
S3150201C9D041F2A012C2F202224900884013681843AA
S3150201C9E01060284601B0BDE8F08F00BF00BF00BF4E
S3150201C9F010000000150000001400000016000000DF
S3150201CA0000000F000000200000001000000040009E
S3150201CA10062070470620704780B500F04DF90020C8
S3150201CA2080BDB0B505890446018100F0EDF80528FF
S3150201CA3008BF2581B0BDD4D42DE9F04381B00746A4
S3150201CA4000680C461E46857938469046D7F81090FE
S3150201CA50294600F010FA10B149F6424019E038466B
S3150201CA6000F056FAA8B9B6F108000BD3012101EB81
S3150201CA70D00E28F0070000BFF4E80212E0E8021225
S3150201CA800FF007C0BFF35F8F4FF44070C9F864001F
S3150201CA90002001B0BDE8F0832DE9F04786B00446D7
S3150201CAA0C768006889467D7997F817808379204699
S3150201CAB01646194600F0DFF910B149F642404FE039
S3150201CAC0796A087958B10968043100BF00BF00BF0D
S3150201CAD00A68964207D0013801F10801F8D1002609
S3150201CAE04FF0010A04E0701C31F8046C5FEA0F9AF8
S3150201CAF0204600F00DFA98BB681C6FF00701C0B220
S3150201CB0068F0FF02BAF1000FADF80C6001EBC0004C
S3150201CB1002FA00F029EA0001029139794FF0000088
S3150201CB208DF80F104FF00001CDE900008DF80E00CF
S3150201CB3001D0797901318DF81010CDF811000590E7
S3150201CB4069460122204600F0B7F8206900BF00BFFE
S3150201CB50D0F884118907FBD14FF440614166002068
S3150201CB6006B0BDE8F08710B502680C469279114607
S3150201CB7000F081F901460020217010BD80B5012126
S3150201CB8000F0FEF8002080BD80B5002100F0F8F823
S3150201CB90002080BD062070470620704701680022EA
S3150201CBA0012341F2A01C89694260C2F2022C087873
S3150201CBB04A7803FA02F240008240DCF8003023EAA6
S3150201CBC00202CCF8002022FA00F080071AD110B531
S3150201CBD00120EFF3108480F310884FF48032087835
S3150201CBE043F20401C4F2200102FA00F00B68184371
S3150201CBF0086008681E20012101F027FD84F31088D0
S3150201CC00BDE810400020704770B5016889698968DE
S3150201CC100A7962B1B0F808E0D0F810C0096800BF1D
S3150201CC200B88734505D0013A01F12801F8D1052097
S3150201CC3070BD827AC16040F2FF736FF39F2E0CF1D1
S3150201CC4010060CEB8202146DCD7824EA030305F07B
S3150201CC500104734443EA84231365CA7D91F802E011
S3150201CC604D79837A140465F383041B0144EA0E04A5
S3150201CC70032D08BF44F47004F45090F80AE091F8C9
S3150201CC8004C0CC880B89BCF1010F8D7C08BF24023C
S3150201CC9006EB0E12A4B2C97C65F314445460807A81
S3150201CCA008BF1B029AB206EB001061F314428260BE
S3150201CCB0002070BDD4D4D4D42DE9F0430E7C91F872
S3150201CCC00E80CF7B1C244D7C04EA860C4FF47854EB
S3150201CCD04FF4F07607F0030904EA48288C89012FFC
S3150201CCE04FF01007036906EA451E4FEAC23608BF2E
S3150201CCF0E4B208BF1827857AB6B204FA07F0082407
S3150201CD0004EAC5041C6700BF1C6FE407FCD146EAAE
S3150201CD100904012A44EA0C0747EA0E0747EA08070B
S3150201CD2040EA0700C3F880008868C3F8840008D186
S3150201CD300868C3F88800487C052802D34868C3F806
S3150201CD408C00186F40F00100186700BF00BF00BFDA
S3150201CD50186FC007FCD162B9D3F888004A7C052A4C
S3150201CD604FF00002C1E9000203D3D3F88C20C1E9D6
S3150201CD700002D3F89001C3F89401BDE8F083D4D43C
S3150201CD80F0B583B0C37A02690468012B08D07BB976
S3150201CD90807A4FF01043002808BF4FF0004308E0A5
S3150201CDA0807A4FF0F043002808BF4FF0E04300E0DD
S3150201CDB00023248AD2F808C0D2F80CE04FF440606E
S3150201CDC050662CF4803090602EF48030D060684634
S3150201CDD04FF4407555664FF00005C0E9005533B171
S3150201CDE0D3E9006743F00803C0E9006700E00023C6
S3150201CDF0D0E900679560D560D2F8845115F0C30F6A
S3150201CE00FAD191B14FF05501116604F5803191665F
S3150201CE10D1664FF00001C0E900111BB1D3E900133D
S3150201CE20C0E90013D0E900011FE04FF0000194664A
S3150201CE30C0E9001173B1D3E90045C0E9004583F0A9
S3150201CE400803D0E900459166D166C0E90011D3E92C
S3150201CE50001304E0D0E900349166D1660023C0E9EB
S3150201CE600013D0E90001FF201066C2F808C0C2F81B
S3150201CE700CE003B0F0BDB0B586B0C2680D46002124
S3150201CE809389002B41D0147ECDE9001124B392F887
S3150201CE902040D169029111798DF80F10611CADF80C
S3150201CEA00C30137D8DF81010090A8DF80E304FF0F3
S3150201CEB001038DF811304FF00003CDF81230ADF8B1
S3150201CEC016301AD1018940F2FF33994215D15179AF
S3150201CED001318DF8101010E0ADF80C301379127D86
S3150201CEE002918DF80E208DF80F304FF48072ADF855
S3150201CEF01020CDF81210ADF8161069460022FFF780
S3150201CF00DBFE0098E84000F00101084606B0B0BD1C
S3150201CF10F0B587B0C6687789E7B16D460446182130
S3150201CF20284603F063FD307901228DF80F00204671
S3150201CF302946ADF80C70FFF7BFFE052500BF00BFFD
S3150201CF402068C1792046FFF796FF18B9013DF7D14E
S3150201CF50132000E0002007B0F0BD80B545F254224F
S3150201CF60C5F24F020260084600F01EF8002080BD9D
S3150201CF7010B5CBB2012098406FF0010E84B20EEAD1
S3150201CF80D110002A40F208024FF4803C4FEA001108
S3150201CF90C4F240024FF0000008BF0CFA03F45450E9
S3150201CFA010BDD4D4D4D4D4D470B5044600F060F8FC
S3150201CFB041F2F81CEFF31081C2F2022C012080F338
S3150201CFC01088DCF8000038B940F614500022C4F289
S3150201CFD04000027040220270DCF800000130CCF8F9
S3150201CFE0000081F31088208828B340F6000E002144
S3150201CFF0C4F2400E00BF00BF606800EBC10250F8E8
S3150201D00031309288D8034FEA1220D2B20BD50EEBF9
S3150201D010801555F8226026F4803645F8226023F4FD
S3150201D020803645F822600EEB8010013140F822303D
S3150201D03020888142E0D30120EFF3108180F310882A
S3150201D040DCF8000020B1DCF800000138CCF8000061
S3150201D050DCF8000038B940F614500022C4F2400050
S3150201D06002708022027081F3108870BDD4D4D4D4A8
S3150201D0702DE9F04F81B004460088002865D04EF6AE
S3150201D0804C4B0025C4F2010B4FF0010A00BF00BF51
S3150201D09042F6881642F240080027C0F20226C4F27E
S3150201D0A0200800BF00BF00BF606836F8021B00EB14
S3150201D0B0C50082888A423FD100689BF8001000F0C1
S3150201D0C0B8500AFA07F9B0F1807F09EA010017D1CF
S3150201D0D058B9012001F05FFB9BF8000040EA090004
S3150201D0E08BF80000012001F02FFB98F900000028BF
S3150201D0F022D498F8000040F0800017E000BF00BF7C
S3150201D10058B1012001F047FB9BF8000020EA090013
S3150201D1108BF80000012001F017FB98F90000B0F12D
S3150201D120FF3F09DC98F8000000F07F0088F8000054
S3150201D130C820012101F089FA013708F10208032FFB
S3150201D140B2D1208801358542A2D301B0BDE8F08F64
S3150201D15070B50D4609784EF200020446C4F2250264
S3150201D16002EB012020612560A8686060287B20729D
S3150201D170E8696063286AE0630020A063C4E90500E8
S3150201D180C4E9070084F8290084F82A0084F82B00F0
S3150201D19084F82C000120EFF3108680F31088297899
S3150201D1A0C1F10901884043F20401C4F220010A686F
S3150201D1B022EA0000086008681E20012101F045FAF2
S3150201D1C086F310882046294600F0B2F844F6431148
S3150201D1D00020C5F24921E16070BD9C46012380F819
S3150201D1E02AC000F09DB99C46002380F82AC000F0AF
S3150201D1F097B9B0B5044600690025C5712046216874
S3150201D20000F096F894F82600216984F82800A069AE
S3150201D210C4E90750002084F82C5084F82A50B3221E
S3150201D220CA71B0BD0346002059601A72704784461E
S3150201D23041630020CCE90E32704744F64312C068BE
S3150201D240C5F2492290425FEA1F9200200A70704796
S3150201D250B0B5044600690025C5712046216800F073
S3150201D26067F894F82600A16984F828002069C4E9C0
S3150201D2700751B32184F82C5084F82A50C1714EF219
S3150201D28080112069CEF20001C571E560206890F92E
S3150201D2901100430900F01F02012000FA02F241F8CF
S3150201D2A02320BFF34F8FBFF36F8F226892F90E20AF
S3150201D2B0530902F01F0200FA02F241F82320BFF3DA
S3150201D2C04F8FBFF36F8F226892F91020530902F034
S3150201D2D01F0200FA02F241F82320BFF34F8FBFF378
S3150201D2E06F8F226892F90F20530902F01F0200FA8A
S3150201D2F002F241F8232043F20402BFF34F8FBFF338
S3150201D3006F8FEFF3108580F310882168C4F2200233
S3150201D31009781368C1F10901884001211843106097
S3150201D32010681E2001F091F985F310880020B0BD26
S3150201D330F0B5026900231370402302691370026972
S3150201D34013785B06FCD5C0231370026803690825AE
S3150201D3504EF6185C526ACEF2000C127942F0E002E5
S3150201D3601A7402680369526AD27842F0E0025A7468
S3150201D37002680369526A927862F306159D70026821
S3150201D3800569526A13785278012B5FEA1F9343EAC1
S3150201D390420242F00402EA70026844F24025C0F2F7
S3150201D3A00F0503695268AA424FF0770208BF6FF070
S3150201D3B008025A71002302699371B3230269D37178
S3150201D3C04EF2001291F911404B7BCEF20002002C73
S3150201D3D04FEA031303D4151985F8003304E004F068
S3150201D3E00F05654405F8043C41F2FC1E4CF200337C
S3150201D3F0C2F2022EC4F2000301274EF8240053F8AA
S3150201D400245025F4803543F8245053F824506509F5
S3150201D41004F01F04BFF35F8F02EB850607FA04F4DB
S3150201D420C6F8804142F8254091F90F404D7B002C08
S3150201D4304FEA051503D4161986F8005304E004F0E1
S3150201D4400F06664406F8045C4EF8240053F824508D
S3150201D45025F4803543F8245053F82450650904F025
S3150201D4601F04BFF35F8F02EB850607FA04F4C6F8C1
S3150201D470804142F8254091F910404D7B002C4FEA3C
S3150201D480051503D4161986F8005304E004F00F06B5
S3150201D490664406F8045C4EF8240053F8245025F439
S3150201D4A0803543F8245053F82450650904F01F04CB
S3150201D4B0BFF35F8F02EB850607FA04F4C6F88041D3
S3150201D4C042F8254091F90E40497B002C4FEA0111A1
S3150201D4D003D4171987F8001305E004F00F0505EBCD
S3150201D4E00C0707F8041C4EF8240004F01F0753F832
S3150201D4F02410012621F4803143F8241053F8241014
S3150201D500610906FA07F7BFF35F8F02EB8103C3F8DE
S3150201D510807142F821709F2100690170F0BDD4D457
S3150201D52090F808C0C0E90512BCF1010F09D190F8C3
S3150201D53004C04FF48071A0F8251043EA4C0180F82B
S3150201D540241010B581B04EF2200180F82930C4F2C0
S3150201D550010109680091009901F00F210091DDF89E
S3150201D56000E0DDF800C001690B7C90F82C40B4B9EB
S3150201D570CEF30322A2EB1C6203FA02F2042A09D3B6
S3150201D580920800BF00BF00BF91F90130002B03D5FD
S3150201D590013AF9D1082169E00022CA7182690021A2
S3150201D5A0C0E9072190F8262080F8281080F8272064
S3150201D5B080F82B1080F82D1080F82E1080F82F108D
S3150201D5C080F830100168496A0A784B7891F805C0EB
S3150201D5D08C79012A5FEA1F9242EA4302036942EA0F
S3150201D5E00C1242EAC41242F00402DA700269137999
S3150201D5F043F0100313710269137903F0F7031371F0
S3150201D6000269137903F0EF0313710269C979137978
S3150201D61003F07F0343EAC111117101694A7942F0AC
S3150201D62001024A71016891F90F1000290BD401F028
S3150201D6301F02012303FA02F24EF200134909CEF246
S3150201D640000343F8212001694A7A02F0F3024A7281
S3150201D6500169BF22CA7190F82C1019B1002180F814
S3150201D6602C1003E00069022141700021084601B035
S3150201D67010BD10B582B04FF07041EFF3038001EB9C
S3150201D68000604CF200328015C4F20002835823F482
S3150201D690803383508058EFF3038001EB006041F23F
S3150201D6A0FC118015C2F202210C5894F82D00B8B172
S3150201D6B0E069002862D02168496AC979012904D141
S3150201D6C00521204600F03CFAE069012858D00228DB
S3150201D6D033D0032840D12069017941F040013AE073
S3150201D6E0A069022804D82069017941F0400101713B
S3150201D6F0E06901280ED12069017941F01001017119
S3150201D7002069017941F0080101712069017901F06D
S3150201D710EF0101712068406AC079012803D1052110
S3150201D720204600F00DFA2069C07C8DF807009DF8AD
S3150201D7300700012084F82D0020E02069017941F0DB
S3150201D740100101712069017941F008010171206915
S3150201D750017901F0EF010171D4E90401C07C226A69
S3150201D7608854D4E90701013801F10101C4E907012D
S3150201D77004D12069017901F0BF01017102B010BD26
S3150201D78094F82A00012831D120684EF28013CEF294
S3150201D790000390F90F00420900F01F01012000FA6F
S3150201D7A001F143F82210BFF34F8FBFF36F8F216947
S3150201D7B0CA7942F08002CA7121690A7942F01002DD
S3150201D7C00A7121690A7902F0F7020A7121690A7955
S3150201D7D002F0EF020A71216904224A7021694A792B
S3150201D7E002F0FE024A7184F82C00B5E72069417AFB
S3150201D7F001F0F7014172206908214170ACE7D4D4E6
S3150201D800B0B54FF07041EFF3038001EB00604CF2CB
S3150201D81000358015C4F20005425922F48032425184
S3150201D8204059EFF3038001EB006041F2FC118015D0
S3150201D830C2F202210C5894F82700C8B194F82600C6
S3150201D840032806D194F82800022802D194F8300060
S3150201D85070B3206994F82410817494F8280094F81E
S3150201D8602710013084F82800481E84F82700B0BD2D
S3150201D87094F82900E0B92068406AC079012808D1E4
S3150201D88094F82B0028B9206A18B10521204600F028
S3150201D89057F9E06968B1D4E90401226A895C8174A5
S3150201D8A0D4E90701013801F10101C4E9070100D0F8
S3150201D8B0B0BD2069C17901F07F01C17120696FF0A4
S3150201D8C0BE0100BF00BF00BF90F90720B2F1FF3FC2
S3150201D8D003DC002901F10101F6D1206890F910005B
S3150201D8E055F8201021F4803145F8201055F8200012
S3150201D8F0206890F9100000280BD44EF2802300F024
S3150201D9001F014009CEF20003012202FA01F143F896
S3150201D91020102069C17941F04001C171B0BDD4D452
S3150201D92010B54FF07041EFF3038001EB006041F255
S3150201D930FC118015C2F202210C582068406AC07996
S3150201D940012803D10521204600F0FAF894F82900AE
S3150201D950012806D194F82700012802D194F8300053
S3150201D96080B3E06970BB94F82A00012822D12068AD
S3150201D9704EF28013CEF20003012290F90F0000F05D
S3150201D9801F01400902FA01F143F82010BFF34F8F3C
S3150201D990BFF36F8F2069C17941F08001C17120699E
S3150201D9A0042141702069417901F0FE01417184F837
S3150201D9B02C2007E02069417A01F0F70141722069C2
S3150201D9C0082141702069C17901F0BF01C171206945
S3150201D9D06FF0BE0100BF00BFC279520603D500290E
S3150201D9E001F10101F8D14FF07041EFF3038001EB30
S3150201D9F000604CF200318015C4F20001425822F453
S3150201DA0080324250405810BDB0B54FF07041EFF32D
S3150201DA10038001EB006041F2FC118015C2F2022182
S3150201DA200C5821694A7A4B7A02F01F0002F003026E
S3150201DA300F2803F0E0034B7201D83AB923E02169BA
S3150201DA404B785B0658BF42F00102CAB1012084F845
S3150201DA502B0020690025C57120462168FFF768FC65
S3150201DA6094F82600A16984F828002069C4E90751BF
S3150201DA70B32184F82C5084F82A50C17101214BE05C
S3150201DA804A78520611D4010706D494F82C20012AA9
S3150201DA9031D110F004022ED0E06910B994F82B00AE
S3150201DAA090B3002919D4012035E0012084F82B0016
S3150201DAB00820487020682369406A41790278807992
S3150201DAC042EA011141EAC01040F00200D870206911
S3150201DAD0417941F00101417121E00020A169C4E9C6
S3150201DAE0070194F8261084F8281084F82C0084F88B
S3150201DAF02A0001200CE0400711D52068406AC0794E
S3150201DB0001280CD1042107E094F8290080F00300D2
S3150201DB102169B322CA71C1B2204600F011F84FF051
S3150201DB207041EFF3038001EB00604CF20031801586
S3150201DB30C4F20001425822F4803242504058B0BD2C
S3150201DB4010B582B00446806B20B1D0E90023CDE93D
S3150201DB50002300E06846E26B02600171616B88474F
S3150201DB60A06B18B1DDE90012C0E90012002084F8A9
S3150201DB702B0002B010BDF0B583B04FF07041EFF348
S3150201DB80038001EB00614CF200308A15C4F20000F9
S3150201DB9041F2FC151358C2F2022523F480331350C5
S3150201DBA01358AF587A681378012B40F0AE80D7E943
S3150201DBB002350916D2694EF2802C9D600025BB689A
S3150201DBC0CEF2000C9D64BB68DD64BB681D65012550
S3150201DBD050F8213023F4803340F8213050F82130B7
S3150201DBE04B0901F01F01BFF35F8F05FA01F14CF8F2
S3150201DBF0231092F84830D90717D092F92850002DF0
S3150201DC0013D450F8251005F01F0321F4803140F892
S3150201DC10251050F8251069090125BFF35F8F05FA12
S3150201DC2003F34CF8213092F84830990715D592F949
S3150201DC302930002B11D450F82310012521F480310B
S3150201DC4040F8231050F82310BFF35F8F590903F0F0
S3150201DC501F0305FA03F34CF8213092F92A30002BFF
S3150201DC6011D450F82310012521F4803140F82310F4
S3150201DC7050F82310BFF35F8F590903F01F0305FA0A
S3150201DC8003F34CF8213092F92B30002B11D450F8C2
S3150201DC902310012521F4803140F8231050F8231076
S3150201DCA0BFF35F8F590903F01F0305FA03F34CF81B
S3150201DCB0213092F92C30002B11D450F82310012572
S3150201DCC021F4803140F8231050F82310BFF35F8FFF
S3150201DCD0590903F01F0305FA03F34CF8213092F9AF
S3150201DCE02D20002A11D450F8221021F4803140F857
S3150201DCF0221050F82200BFF35F8F500902F01F0174
S3150201DD00012202FA01F14CF820107869A8B1B8692A
S3150201DD106D4628B10246294692E8580058C100E0EC
S3150201DD202846002101718160F96901607969884794
S3150201DD30B86910B195E80E000EC003B0F0BDD4D497
S3150201DD402DE9F04F85B00D4601604E69814649883D
S3150201DD50287AF27800FB01F73178531C002A5FEA30
S3150201DD601F92B7FBF3F8EB88029228FA02FA51B92D
S3150201DD7031690A0403D0B6F814A00AFB00F7B1F51B
S3150201DD80803F80F0E0801946E868C9F814003078CF
S3150201DD90CDE903370191022801D1B06801E001FB07
S3150201DDA007F0C9F80C00EFF3108B012080F31088FD
S3150201DDB043F2080048F20004C4F22000C4F234041B
S3150201DDC0016821F48031016000681E20012100F002
S3150201DDD03CFC8BF3108800BFE06FC007FCD100BF8B
S3150201DDE02068C003FCD4306920634FF0000CC4F8EC
S3150201DDF018C0717B4FF440126FF35F3802EA01518A
S3150201DE0061607179B2793378F07801F0010137797D
S3150201DE1062F34101727803F0030300F0010002F09C
S3150201DE2003026FF31F3A41EA031141EA022107F0A5
S3150201DE30010241EA0030C7F3400140EA0260C7F33A
S3150201DE40800240EA8160002140EAC260A060E8885F
S3150201DE50C0F6FF716A8801F1405101EA00406FF391
S3150201DE609F321044E060288802998840A9886FF39E
S3150201DE705F3061F31B40039961F31B482061C4F8CB
S3150201DE8014800198C4F85CC060F31B4AC4F834A03C
S3150201DE903078049900285FEA1F9021FA00F0A06306
S3150201DEA0C4F860C0307BB17800F0070061F304105A
S3150201DEB0606644F25550D9F80010C5F24320C9E90B
S3150201DEC0010C48698169C9F8101090F91D10027F89
S3150201DED04EF200100029CEF200004FEA021203D4DC
S3150201DEE0431883F8002306E04EF6145701F00F0398
S3150201DEF0CEF20007DA5541F2FC120127C2F20222E2
S3150201DF0042F821904CF20032C4F2000252F821305A
S3150201DF1023F4803342F8213052F821204A0901F0D4
S3150201DF201F01BFF35F8F00EB820307FA01F1C3F80A
S3150201DF30801140F8221000206067D9F8101021677D
S3150201DF4005B0BDE8F08FF18A1EE7B0B548F2000CC4
S3150201DF504FF0000EC4F2340C4EF28015CEF20005DB
S3150201DF600124CCF870E003685B6993F91D1001F096
S3150201DF701F02490904FA02F245F8212041F2FC1274
S3150201DF80BFF34F8FBFF36F8F93F91D10C2F20222B7
S3150201DF9042F821E04FF48031CCF80010C0F804E0D9
S3150201DFA043F20800EFF31085C4F2200084F31088CF
S3150201DFB0016841F48031016000681E20012100F0F0
S3150201DFC044FB85F310880020B0BD48F20002C4F27A
S3150201DFD03402D36FDB0723D11368DB0320D4136822
S3150201DFE0DB071FD10368D3F814C081609CF80030A7
S3150201DFF0022B07D1C36819440123013963F30401D2
S3150201E000D1658168D1639CF8001021B9D0E902017A
S3150201E01000EB510010640020506701211160704726
S3150201E020082070471E207047844641610020CCE9D2
S3150201E0300632704748F20002C4F234021368DB0367
S3150201E04006D4D36FDB0705D1136803F0010302E09F
S3150201E050022300E001230B70806848600020D2F899
S3150201E06084208A607047F0B58BB048F27401C4F21D
S3150201E07034010868C2430A604FF07042EFF303812C
S3150201E08002EB01614CF200328915C4F200028B588F
S3150201E09023F480338B5041F2FC138A58C2F20223D5
S3150201E0A05C58616911B322690DF1040E10400190A9
S3150201E0B00020CDE90200A069E369A26804920593F2
S3150201E0C060B103460DF1180C93E8E6008CE8E60010
S3150201E0D001469EE8EC00ECC1616900E070468847A2
S3150201E0E0A06918B106A991E8EC00ECC00BB0F0BD2D
S3150201E0F04EF22401C4F201018878098801F00F0267
S3150201E100A2F1080103293BD8DFE801F0022C101E17
S3150201E11041F26001C2F2022151F820004AF6AB2116
S3150201E120CAF6AA21A0FB0101480830E041F26001CA
S3150201E130C2F2022151F820004AF6AB21CAF6AA21FF
S3150201E140A0FB0101C80822E041F26001C2F20221EC
S3150201E15051F820004AF6AB21CAF6AA21A0FB010119
S3150201E160080914E041F26001C2F2022151F82000CD
S3150201E1704AF6AB21CAF6AA21A0FB0101880806E0EC
S3150201E18041F26001C2F2022151F82000D04041F26F
S3150201E1903821C2F2022108607047D4D4D4D4D4D42F
S3150201E1A02DE9F04182B09CA04EF2FA38C4F2010880
S3150201E1B04AF20151CFF6FF7190ED001F41F2600064
S3150201E1C00231A8F80010C2F2022097A14EF60146CA
S3150201E1D080ED001F4EF600474EF2140591ED001F29
S3150201E1E048F2004140F6000280ED041F2030C1F2E0
S3150201E1F0D77143F60003C4F20106C4F20107C4F261
S3150201E2000105C2F6AF72C1F69C430EC0FFF770FF5D
S3150201E2104FF650600A21CFF6FF703954092085F86E
S3150201E2208E00387818B93078800700F0F080387897
S3150201E23048B901203870C820012100F006FA00BF52
S3150201E24038780128FCD10020307038704AF2015624
S3150201E2500020A87700BF00BF95F828000007FBD56C
S3150201E26042F602314EF61450C0F20101C5F8B4105D
S3150201E27040F223416987002285F836204FF60211C2
S3150201E280C5F8981040F251412987CEF200004EF2AC
S3150201E2900001BFF34F8FBFF36F8F0368CEF2010107
S3150201E2A023F400330360C0F83C22BFF34F8FBFF360
S3150201E2B06F8F0A6822F440520A60BFF34F8FBFF391
S3150201E2C06F8F2A7802F0F80201322A7000BF00BF6E
S3150201E2D02A78D206FCD40A6842F440520A60BFF395
S3150201E2E04F8FBFF36F8F0168890312D4BFF34F8F2C
S3150201E2F0BFF36F8F0021C0F83C12BFF34F8FBFF3FC
S3150201E3006F8F016841F400310160BFF34F8FBFF394
S3150201E3106F8F0020A87500BF95F828008006FBD5EF
S3150201E3204CF200070020C4F21307387038783878A7
S3150201E33038787868FA2807D0FA20C1F6006000BF5B
S3150201E34078607968FA29FBD1B8687D2808D07D20E2
S3150201E350CEF2001000BF00BFB860B9687D29FBD1BB
S3150201E36043F23240C3F22320E86042F220102882AF
S3150201E3700520A874FFF7BCFE1E200121012400F02E
S3150201E38064F978686FF39F20652828BF3C70FFF710
S3150201E390AFFE42F200004FF42541C4F200000680AE
S3150201E3A0BFF35F8F0472BFF35F8F018085F83F4031
S3150201E3B040F20630ADF806000DF1060000F03CF819
S3150201E3C095F8410040F0400085F8410000BF00BFCA
S3150201E3D095F94100B0F1FF3FFADC022085F84000D1
S3150201E3E0CA2085F8410095F8410000F0BF0085F882
S3150201E3F0410000BF00BF00BF95F941000028FBD4D0
S3150201E4004FF42540A8F8000002B0BDE8F0814FF4B0
S3150201E4107A7000F0C2F819E7006CDC0200127A0089
S3150201E4200080000000366E010080000000CA9A3B9F
S3150201E4300046C3235543DE132DE9F04F81B04EF258
S3150201E440FA3143F20406C4F201018246C4F22006FD
S3150201E4504AF20350B1F8009008804FF0010B0025F3
S3150201E4604FF480340127002004FA00F132680A428F
S3150201E47010D1EFF310888BF3108832680BFA00F093
S3150201E48011433160316805431E20012100F0DDF898
S3150201E49088F31088F8074FF001004FF00007E3D127
S3150201E4A04EF2750741F26001C4F20107C2F202217E
S3150201E4B0387800F00F0051F8200017F8081C01F017
S3150201E4C00F01022901D801220BE0CA1E052A06D232
S3150201E4D042F61041C0F2022151F8221003E0083936
S3150201E4E0102202FA01F1B0FBF1F04DF68361C4F29A
S3150201E4F01B31A0FB01016FF0010000EA514001212D
S3150201E50000F0A3F8387840F04000387000BF00BF31
S3150201E51097F90000B0F1FF3FFADC9AF8010007F81B
S3150201E520080C9AF8000040F0400038709AF8000092
S3150201E530387000BF00BF00BF97F900000028FBD466
S3150201E54000204FF0010A4FF48038012400BF00BFBA
S3150201E55025FA00F1C90710D0EFF310878AF3108864
S3150201E56008FA00F0316821EA0000306030681E20A6
S3150201E570012100F06AF887F31088E0074FF00100E5
S3150201E5804FF00004E4D14EF2FA3149F42540C4F2C7
S3150201E5900101088001B0BDE8F08F704741F26001C8
S3150201E5A0C2F2022151F820007047D4D4D4D4D4D473
S3150201E5B0B0B542F22404C820C4F220040121002588
S3150201E5C0257100F042F82570207808B12FF005C0B8
S3150201E5D0207840F00200207020788007FCD40020C9
S3150201E5E004F8020C00BF00BF14F8020C08B12FF0A8
S3150201E5F005C84FF0030E002004F11C0100BF00BF45
S3150201E60011F8102002F07F0201F8102000BF00BFAE
S3150201E61011F91020002AFBD401300FF00FC8012096
S3150201E62000F0B9F84EF64C410120C4F20101002274
S3150201E6300A70BDE8B04000F087B87047D4D4D4D48C
S3150201E64000BE00BF00BF00BFFEE741F2382241F221
S3150201E6500023C2F20222C0F27A03484312689A42A6
S3150201E6600FD344F23F21C0F20F0111444DF68362EA
S3150201E670C4F21B32A1FB0212910CA0FB0101C9B12A
S3150201E6801BE04CF60021C3F69A31B1FBF2F148F6D2
S3150201E6903812C0F24102904205D24FF47A725043C7
S3150201E6A0B0FBF1F006E0B0FBF1F0904205D24FF477
S3150201E6B07A71484328B100F007B84FF0FF3000F0F5
S3150201E6C003B87047D4D4D4D401380028FCD170479A
S3150201E6D0F0B581B04CF2001541F2A417C4F200055F
S3150201E6E00024C2F202272868296A01EA000600BF4D
S3150201E6F026FA04F0C00703D0396809B120468847D3
S3150201E70001340437152CF3D12E6100BF00BF00BFBF
S3150201E710286A3042FCD101B0F0BDD4D4D4D4D4D4C9
S3150201E72080B54FF00B0E4CF2003042F6FC01C4F2FA
S3150201E7300000C0F2022100BF31F8022B02B10260D1
S3150201E74004300FF007C880BDEFF31081012282F376
S3150201E750108841F22822C2F2022232F8103023B185
S3150201E76032F81030013B22F8103032F810207AB913
S3150201E7704EF2FA3242F6244CC4F20102C0F2022CE3
S3150201E78013883CF8100043F4254323EA0000108065
S3150201E79081F31088704710B5EFF31081012282F3DD
S3150201E7A0108841F22822C2F2022232F8103083B9CD
S3150201E7B04EF2FA3E42F6244CC4F2010EC0F2022C8B
S3150201E7C0BEF800403CF81030234343F42543AEF82B
S3150201E7D0003032F81030013322F8103081F31088FC
S3150201E7E010BDD4D441F23421C2F202210A681318AF
S3150201E7F0B3F5005F0AD980B508487844016802F08A
S3150201E8000FFA0C2242504FF0FF3080BD4BF26000EE
S3150201E8100B60C2F201201044704700BFE26500009E
S3150201E82070B543F600450446C4F2000500BF00BFB9
S3150201E83095F8500008B12FF005C84FF08700A8845B
S3150201E8404FF0100028709CB10020FFF7A4FF4EF292
S3150201E85053000126C4F2010006700020FFF774FF7F
S3150201E86085F8206000BF00BF95F850000007FBD471
S3150201E8700120A8700020687095F8500008B12FF0A9
S3150201E88005C842F20350C0F20500ACB14FF40C7157
S3150201E890A5F8481000BF00BF95F85010C907FBD173
S3150201E8A06864002085F8400047F2A830A88201205A
S3150201E8B0A8751120287070BD6864002085F8400093
S3150201E8C047F2A830A8820120A87500BF00BF00BF89
S3150201E8D02878C007FCD195F8500008B12FF009C07D
S3150201E8E00120287470BDD4D400F006F8FDF72AF889
S3150201E8F0FEE700BE7047D4D470B54EF6005540F21D
S3150201E9000120CEF20005C0F20E004EF20006686149
S3150201E910CEF20106BFF34F8FBFF36F8F2968C1F3A2
S3150201E920035001285FEA1F9211F00F0F5FEA0F9160
S3150201E9301142316811D102280FD241F00400306030
S3150201E9404EF20800BFF34F8FCEF20000BFF36F8F76
S3150201E950016841F48031016002E021F00400306077
S3150201E960BFF34F8FBFF36F8F4FF4700040F2000178
S3150201E970C5F888000020C0F20021A9600024FCF736
S3150201E980CEFFFFF70DFC4EF2FA304EF6B022C4F27C
S3150201E9900100C4F201024AF20251018014704FF4DD
S3150201E9A0254101800120FCF7BAFF4DF26000C2F257
S3150201E9B0012080F30A883068800721D5A868B0F162
S3150201E9C0007F1DD130694FF40071C0F3C300726933
S3150201E9D001FA00F3C2F3C30081400020DA08CB0832
S3150201E9E00146064642F005C0E6E802010FF005C0FF
S3150201E9F04FF0005243F005C0E2E802010FF005C0F4
S3150201EA00002000F095F8FFF773FBFFF7D1FD032015
S3150201EA10FFF7C1FE4FF00E0E40F63050C4F2400031
S3150201EA2020F8044B0FF005C04EF210140320C4F275
S3150201EA300104FFF789FE0320FFF7ADFE44F204004D
S3150201EA400021C4F22000016041608160C16003209F
S3150201EA50FFF77AFED4F8C802800714D42078A0B151
S3150201EA600120FFF798FE00BF94F9000010F1410F53
S3150201EA70FADC0020207000BF20783F28FCD8012054
S3150201EA80FFF762FE01E0D4F8C802D4F8C8024007D3
S3150201EA9015D42079A8B10120FFF77DFE00BF00BF82
S3150201EAA094F9040010F1410FFADC0020207100BF35
S3150201EAB020793F28FCD80120FFF746FE01E0D4F871
S3150201EAC0C8020220FCF72BFF012000F031F84BF2BD
S3150201EAD00C24C2F20224204602F080F8204602F0FB
S3150201EAE091F8BFF34F8FBFF36F8F0020C5F8500225
S3150201EAF044F6E45044F6E451C0F20220C0F2022187
S3150201EB00BFF34F8F081ABFF36F8F8410012C08DBF6
S3150201EB1044F6E455C0F2022555F8040B8047013C40
S3150201EB20FAD1FFF7FDFD0020BDE87040FFF785BD74
S3150201EB30F0B581B042F6E4150446C0F202252E680C
S3150201EB4076B16868071D00BF7879844204D157E916
S3150201EB500101091A01F04AFF013E07F10C07F3D13F
S3150201EB60AE6896B1E86800F1080500BF00BF00BFB4
S3150201EB706879844205D155E902022968121A01F01F
S3150201EB8039FF013E05F11005F2D101B0F0BDD4D431
S3150201EB90B0B55A43049B5A43A2B10DF1140E9EE835
S3150201EBA00850734400BF00BF04461D4601F007C06A
S3150201EBB0B4EC101EA5EC101E1FF007C0013A084462
S3150201EBC06344F1D1B0BD2DE9F04F95B042F6F05A4A
S3150201EBD011AFC0F2022A42F610695046CDE90B2165
S3150201EBE03946C0F202299B460DAD90E85C004846C3
S3150201EBF04FF000085CC1294690E85C005CC107221F
S3150201EC0042F64050C0F20220CDE9000710460592B5
S3150201EC1042F6A05242F6D0532699C0F20222C0F21F
S3150201EC200223CDE9060858460426CDE9088804964A
S3150201EC30CDE9026500F0F0F950463946BC4690E846
S3150201EC409C0048469CC1294690E89C009CC142F61C
S3150201EC50305042F6B04242F69053C0F20220CDE95C
S3150201EC60000C07200590C0F20222C0F20223CDE970
S3150201EC70060858462599CDE9088864460496CDE9E1
S3150201EC80026500F0C9F920469AE88E008EC0284630
S3150201EC9099E88E008EC042F6205042F65042C0F2EA
S3150201ECA0022042F6A0438DE8510007200590C0F2EA
S3150201ECB00222C0F20223CDE9060858462499CDE97B
S3150201ECC00888CDE9035600F0A7F942F6006A42F632
S3150201ECD02067C0F2022A21465046C0F20227A44604
S3150201ECE04FF0040B90E85C0038465CC1294690E877
S3150201ECF05C005CC142F6105042F68052CDE902B583
S3150201ED0042F6C0530B9DC0F20220CDE9000C07204A
S3150201ED100590C0F20222C0F20223CDE90608284676
S3150201ED202399CDE908886446CDF810B000F074F94C
S3150201ED3050462146A1460DF1340C90E85C00384656
S3150201ED405CC1614690E85C005CC142F6005042F645
S3150201ED50904242F67053C0F20220CDE90009072023
S3150201ED600590C0F20222C0F20223CDE90608284626
S3150201ED702299CDE908884C46CDF810B0A946CDE9CD
S3150201ED8002BC00F049F920460DAD9AE84E004EC08C
S3150201ED90284697E84E004EC042F6F04042F64042FF
S3150201EDA0C0F2022042F680438DE811080720059041
S3150201EDB0C0F20222C0F20223CDE906084846219991
S3150201EDC0CDE90888CDE9035B00F026F942F6E05A5F
S3150201EDD042F63067C0F2022A21465046C0F20227A5
S3150201EDE0A44690E85C0038465CC1294690E85C007E
S3150201EDF05CC142F6E04042F6605242F6B053DDF89B
S3150201EE003090C0F20220CDE9000CC0F20222C0F21B
S3150201EE10022348462099CDE908886446CDF810B008
S3150201EE20CDE902B54FF0070BCDF814B0CDE906B81E
S3150201EE3000F0F2F850462146A4460DF1340E90E850
S3150201EE405C0038465CC1714690E85C005CC142F6E2
S3150201EE50D04042F6704242F65053C0F20220CDE94A
S3150201EE60000C0420C0F20222C0F20223CDE9020EF6
S3150201EE701F9966467446CDE9040B4846CDE90888D2
S3150201EE80CDE906B800F0C8F8304635469AE84E0094
S3150201EE904EC0204697E84E004EC042F6C04042F6AA
S3150201EEA0304242F66043C0F20220CDE90005042059
S3150201EEB0C0F20222C0F20223CDE902041E99CDE973
S3150201EEC0040B4846CDE90888CDE906B800F0A4F856
S3150201EED015B0BDE8F08F2DE9F04F8DB007930B9277
S3150201EEE082461D980C908B4618980A90179809909D
S3150201EEF01E9808901A980690199805901C980490E5
S3150201EF0042F610311B980AEB0106022103224FF445
S3150201EF101073169F0AF5225400254FF006084FF08A
S3150201EF200109CDE9009ACDF8088003950225FFF77C
S3150201EF302FFE022103224FF410733846CDE9009ABF
S3150201EF40CDE90285FFF724FE0420022103224FF4B4
S3150201EF501073CDE902805846CDE9009AFFF718FEF3
S3150201EF604FF422520498514601F044FDCDE9009432
S3150201EF700027CDF80880039702210322242305984E
S3150201EF80FFF706FECDE90094022103222423CDE9EF
S3150201EF9002850698FFF7FCFDCDE900944FF0040ABD
S3150201EFA0CDF80880CDF80CA002210322242307986C
S3150201EFB0FFF7EEFD4FF422720898214601F01AFD81
S3150201EFC0CDF800900397CDE901680221032290232F
S3150201EFD00998FFF7DDFDCDF800900395CDE90168AB
S3150201EFE00221032290230A98FFF7D2FDCDF8009061
S3150201EFF0CDF80880CDF80CA00196022103229023B8
S3150201F0000B98FFF7C5FD4FF422620C9831460DB0FD
S3150201F010BDE8F04F01F0EEBC2DE9F04FB5B00DF1B0
S3150201F020F80B1F461390DDE942900E91DDE9464643
S3150201F030039420ACDDE944158DE823009BE8080C16
S3150201F040204611463A46CDE9046B00F035F90DF139
S3150201F0506C0800208DF8D2000523504659464246D7
S3150201F06000F002F916AA05234198494600F0FCF878
S3150201F07005222046594600F057F90022204641460C
S3150201F08000F0ADF90646002220464146334600F01D
S3150201F090CAF9054601222046414600F0A0F9034677
S3150201F0A0012220464146069300F0BDF9099002224B
S3150201F0B02046414600F093F9034602222046414684
S3150201F0C0089300F0B0F90B9003222046414600F066
S3150201F0D086F903460322204641460A9300F0A3F924
S3150201F0E0129004222046414600F079F98146042213
S3150201F0F0204641464B4600F096F914902D993198D7
S3150201F100119028463246079500F0CAF8002800F009
S3150201F110A88014984FF0000BA0EB09000D901398EC
S3150201F120CDF8409048440C902E990998069C00BF50
S3150201F130224600F0B5F8002800F08A801594089C52
S3150201F1402F990B98224600F0ABF800280F94149CD5
S3150201F15077D000BF00BF00BFDDF828A03099129812
S3150201F160524600F09DF8002861D000BF00BF00BFE3
S3150201F1701198012820D10D9FDDF83CE0012F4BDBD0
S3150201F180DDE91E0148431D9B159D00FB06F2454321
S3150201F19002FB03FC0C9A01FB0A213A4600FB0E1004
S3150201F1A01C9905FB03000CFB01010E98584401F062
S3150201F1B021FCBB4430E000BF319920464A4600F0AB
S3150201F1C06FF848B30E98DDF83C8000EB0B0500BFE3
S3150201F1D0DDE91E01374648431D9B159C0BF1010BC8
S3150201F1E000FB06F21C9E44435A437243139E4E444D
S3150201F1F001FB0A6100FB0810319904FB0300149C10
S3150201F20089443E46805C4A4605F8010B204600F0D9
S3150201F21047F808B12FF025C0309912988A44524610
S3150201F22000F03EF8DDF8409008B12FF05FC82F9943
S3150201F2300F9A0A440B980F9200F032F808B12FF098
S3150201F24075C82E99159C0C44099871E700BF00BF39
S3150201F2502D9907980E44324600F022F808B12FF094
S3150201F2609DC835B0BDE8F08F80B5012BB8BF80BD12
S3150201F270A3EB010C8900A1EB830143F001E00844F1
S3150201F280002100BF00BF00BF614501DA012300E092
S3150201F29003680131043042F8043B0FF00BC880BD0C
S3150201F2A082425FEADF905FEAAF92002950EA42802A
S3150201F2B07047D4D4D4D4D4D42DE9F04F81B00F46BB
S3150201F2C054211D4616468346DDE90AA9DDE90E8467
S3150201F2D001F08CFB012C8BF800408BF818408BF85F
S3150201F2E0304013DB0BF11C0024F001E000BF00BF2C
S3150201F2F0B7EC041F00ED061FB6EC041FA0EC041FB9
S3150201F300B5EC041F80ED021F1FF00FC0ABF848A039
S3150201F3100020ABF84A00ABF84C90ABF84E00ABF8C4
S3150201F320508001B0BDE8F08FB0B590F900E0BEF1B2
S3150201F330010FA2EB0E0C13DB00EB8E0100EB820434
S3150201F34001F1180304F118019C698C6153F8184CF8
S3150201F35041F8184C53F8044941F804490FF00DC01D
S3150201F360BCF1010F10DB80EF500080EF512000F15C
S3150201F3701C012CF001E000BF01ED061FA1EC043FC8
S3150201F38081ED023F1FF009C0B0F85010B0F84A30C3
S3150201F390B0F84E404FF0FF3E01FA0CF1A0F85010C2
S3150201F3A003FA0CF104FA0CF5B0F84830B0F84C4007
S3150201F3B0A0F84A100EFA0CF1A0F84E5003FA0CF31B
S3150201F3C004FA0CF563EA0103A0F8483065EA010183
S3150201F3D0A0F84C100270027680F83020B0BD80B5DC
S3150201F3E000EB820C51F82210DCF80430DCF834E030
S3150201F3F0B0F848C0002B48BF0B44BEF1010F06DB33
S3150201F40099424FF00000A8BF23EAE37105E0481EC6
S3150201F41099420146C8BF43EAE3712CFA02F2D207C6
S3150201F42051EA008080BD10B5B0F850E04FF0010CF2
S3150201F4300CFA02FC51F822101CEA0E0F03D08B4281
S3150201F44053EAA39010BD00EB820490F852E0E26900
S3150201F450BEF1000F646B18BF1A44B0F84C00002AC3
S3150201F46048BF0A44012C00EA0C0005DB0B46914217
S3150201F470A8BF22EAE27306E04B1E91424FF0FF312A
S3150201F480C8BF42EAE273002853EA018010BD42F680
S3150201F49040604FF2A041C0F20220C6F604010068A4
S3150201F4A00844704742F6A4604EF6E051C0F20220CB
S3150201F4B0C6F672010068084470472DE9F04F93B011
S3150201F4C042F64C6142F64862C0F2022103460990B5
S3150201F4D0C0F2022208684FF2A041C6F6040149F6BB
S3150201F4E0A06801EB0009106801EB000A42F64460CC
S3150201F4F042F69462C0F20220C0F20222C6F67208F5
S3150201F5000068126801EB000B08EB0200129042F64A
S3150201F510906042F68C61C0F20220C0F202210068BC
S3150201F52009684044119008EB0100109042F6886088
S3150201F53042F68461C0F20220C0F202210068096823
S3150201F54040440F9008EB01000E9042F6806042F6AD
S3150201F5507C61C0F20220C0F20221006809684044BF
S3150201F5600D9008EB01000C9042F6786042F6746148
S3150201F570C0F20220C0F202210068096840440B90E1
S3150201F58008EB01000A90184600F0F8F843F6F0106D
S3150201F59042F67041C2F20220089041F6186041F625
S3150201F5A0F062C2F2022041F6405341F6684641F248
S3150201F5B04824059041F23C20C2F20221C2F2022203
S3150201F5C0C2F20223C2F2022641F60817C2F202244D
S3150201F5D041F2A855CDE90363C2F202205B46CDE9A9
S3150201F5E0062149465246C2F20227C2F202258DE897
S3150201F5F0B000FFF7E8FA42F660604FF45872C0F2C3
S3150201F600022021460068404401F0F4F942F65C60AA
S3150201F6104FF45872C0F2022029460068404401F0B4
S3150201F620E9F942F66C604FF45872C0F2022039468B
S3150201F6300068404401F0DEF942F65860D822C0F271
S3150201F640022031460068404401F0D4F942F6546082
S3150201F65041F64051C0F20220D822C2F202210068CC
S3150201F660404401F0C7F942F6686041F61861C0F2FA
S3150201F6700220D822C2F202210068404401F0BAF9FE
S3150201F68042F6506041F6F061C0F202204FF4586230
S3150201F690C2F202210068404401F0ACF942F664600C
S3150201F6A042F67041C0F202204FF45862C2F20221C0
S3150201F6B00068404401F09EF942F6706043F6F0118B
S3150201F6C0C0F202204FF45862C2F20221006840449D
S3150201F6D001F090F9099D284600F0B6F84AF64878F5
S3150201F6E04AF22856C2F20228CDF820800F980090DD
S3150201F6F00E9801900D9802900C98039047F6A84433
S3150201F7000B980490C2F20226C2F202240A980590CC
S3150201F71044F27070CDE90646C2F202201299DDE981
S3150201F7201032FFF7D8FB42F698604EF6E057C0F268
S3150201F7300220C6F672074FF4225221460068384467
S3150201F74001F058F942F69C604FF42262C0F202209F
S3150201F75031460068384401F04DF942F6A0604FF493
S3150201F7602272C0F2022041460068384401F042F991
S3150201F770284613B0BDE8F04F00F062B9B0B598B0B3
S3150201F7804BF230024FF2A045C2F2012247F2A041EA
S3150201F7900024C6F604050028C6F612010B940A9146
S3150201F7A011680391CDE90C544FF458214FF4D83026
S3150201F7B00690CDE90E54CDE90411CDE9105412D0CB
S3150201F7C005F5C6304FF4225101F010F905F5104046
S3150201F7D04FF4227101F00AF949F290204FF42261A5
S3150201F7E0284401F003F905F5C631CDE912144FF4A7
S3150201F7F02251079149F2902105F51040CDE91404F1
S3150201F8004FF42270089068184BF22C01CDE91604C8
S3150201F810C2F201214FF42260099003A80A680090FE
S3150201F82041F298004BF20001C2F20220C6F604012F
S3150201F8300AAB0725CDE90154FCF78BFB01305FEAE0
S3150201F8401FA018B0B0BDD4D42DE9F04FC3B018A98A
S3150201F850804601F16000482101F0C8F803A824217D
S3150201F860303001F0C3F866A04BF23801C2F2012131
S3150201F87049F6A06490ED001F65A0C6F672048DEDEF
S3150201F880041F002504F5555690ED001F4EF2601037
S3150201F89004F5FA5BC6F6720018900868039043F203
S3150201F8A0604004F5586A27184FF45879B8F1000FE9
S3150201F8B08DED081F04F1E0001995CDF83490CDE9DC
S3150201F8C01A45CDE91C45CDE91E65CDE92045CDE9AF
S3150201F8D02275CDE9240504F58750CDE926B5CDE992
S3150201F8E0280504F5F350CDE92A054FF0D8000C900E
S3150201F8F004F50E50CDE92CA5CDE92E054FF458603D
S3150201F9000E9038D04FF45861304601F06FF842F24A
S3150201F910A02030962618D8213046319501F066F896
S3150201F920D8213846CDE9326501F060F804F544562E
S3150201F9304FF458713046CDE9347501F057F838A0C5
S3150201F9404FF45871CDE9366590ED001F58468DED9D
S3150201F9500F1F01F04BF804F5DF504FF45871CDE952
S3150201F96038B5CDF84C9001F041F841F6D831204630
S3150201F97001F03CF814E02AA032A93096319590EDB7
S3150201F980001F42F2A020359520448DED0F1F3995B7
S3150201F990CDF84C90A1C136A904F5445081E821085D
S3150201F9A023A0002704F5D851CDE93C1790ED001F9D
S3150201F9B004F5DF50CDE93E074BF2340049F24051DE
S3150201F9C0C2F20120C6F6720118AB8DED141F026850
S3150201F9D003A8009041F29800C2F202204197CDE9B4
S3150201F9E03A470826CDF800A1CDE90167FCF7B1FA3D
S3150201F9F001305FEA1FA043B0BDE8F08F00BF00BF30
S3150201FA00C0420000C0420000800D0000D800000084
S3150201FA10D80000006003000060030000800D0000B2
S3150201FA20800D0000D8000000D8000000600300002D
S3150201FA30800D0000D800000060030000800D000068
S3150201FA40B0B598B02AA1002549F67022002891ED99
S3150201FA50001F4BF2E0014FF42270C6F67301CDE9A5
S3150201FA600A154BF2D0110890C2F202218DED041F44
S3150201FA70096803914EF6E051C6F67201CDE90C15FD
S3150201FA800A44CDE9102549F250020A44CDE912256C
S3150201FA9048F6C05201EB0204CDE90E15CDE9144533
S3150201FAA004D043F22851204600F0A0FF4BF23C015C
S3150201FAB043F22850C2F20121099003A800900A6874
S3150201FAC041F298004EF6E031C2F20220C6F6720108
S3150201FAD00AABCDE916450724CDE90145FCF739FA0A
S3150201FAE001305FEA1FA018B0B0BD00BF00BF00BF62
S3150201FAF0F0C20000F0C2000080280000200A0000C7
S3150201FB0010B541F2E00440F20361C2F2022401227D
S3150201FB102046FDF72DFA40F2026101222046FDF749
S3150201FB2027FA40F2016101222046BDE81040FDF7A5
S3150201FB301FBA10B5FFF7E4FF41F2E00440F2046197
S3150201FB40C2F2022401222046FDF712FA40F20361B3
S3150201FB5001222046FDF70CFA40F2056101222046F8
S3150201FB60FDF706FA40F20F7100222046FDF700FA70
S3150201FB7000F008F840F20F7101222046BDE810405C
S3150201FB80FDF7F6B910B541F2E00440F20461C2F2A2
S3150201FB90022401222046FDF7EBF90A204FF47A717D
S3150201FBA0FEF753FD40F2046100222046FDF7E0F91B
S3150201FBB032204FF47A71FEF748FD40F204610122C8
S3150201FBC02046FDF7D5F978204FF47A71BDE8104049
S3150201FBD0FEF73BBDD4D4D4D4F0B583B041F2E005EF
S3150201FBE004460026C2F20225002700BF00BF00BF5D
S3150201FBF040F2026100222846FDF7BAF90096009802
S3150201FC00022808D800BF00BF00BF0098013000904B
S3150201FC1000980328F8D3E0B240F20161C2092846EE
S3150201FC20FDF7A6F901960198022808D800BF00BF80
S3150201FC3000BF01980130019001980328F8D340F2E0
S3150201FC40026101222846FDF793F9029602980228DB
S3150201FC5009D800BF00BF00BF00BF02980130029061
S3150201FC6002980328F8D3072F07F101074FEA440444
S3150201FC70BED3002003B0F0BDB0B541F2E0050446A3
S3150201FC80C2F2022540F2036100222846FDF770F90D
S3150201FC9040F2056100222846FDF76AF9E0B2FFF754
S3150201FCA09BFF40F2036101222846BDE8B040FDF701
S3150201FCB05FB9B0B541F2E0050446C2F2022540F24F
S3150201FCC0036100222846FDF753F940F2056101223C
S3150201FCD02846FDF74DF92046FFF77EFF40F2036104
S3150201FCE001222846BDE8B040FDF742B9B0B541F25E
S3150201FCF0E0040546C2F2022440F2036100222046D4
S3150201FD00FDF736F940F2056101222046FDF730F989
S3150201FD10280AFFF761FFE8B2FFF75EFF40F20361CF
S3150201FD2001222046BDE8B040FDF722B970B54BF27B
S3150201FD30D4160546C2F202260C4672891046FFF710
S3150201FD409BFF2846FFF7D2FFB089FFF795FF2046B2
S3150201FD50BDE87040FFF7CABFF0B581B04BF2D417C8
S3150201FD600646C2F2022714460D467B891846FFF75C
S3150201FD7083FF3046FFF7BAFFB889FFF77DFF2846B2
S3150201FD80FFF7B4FF3889FFF777FF204601B0BDE8D8
S3150201FD90F040FFF7ABBF10B50138C0B2062805D84F
S3150201FDA044F26861C0F202210C5C00E000243620B4
S3150201FDB0FFF762FF2046BDE81040FFF77ABFB0B5F4
S3150201FDC0411EC8B2022819D8C90044F27665CBB2DF
S3150201FDD044F27061C0F20221C0F2022540F2001221
S3150201FDE031F8101035F8100040F20355C0F2010245
S3150201FDF0C0F20605DA4025FA03F404E04FF4A070D6
S3150201FE00F021002200244BF2D415C2F202252980E8
S3150201FE102C2168802B20A8812A20AA71C0F22A01EE
S3150201FE20A960FFF729FF0020FFF760FF2888013844
S3150201FE3080B2FFF75BFFA889FFF71EFF0020FFF7DD
S3150201FE4055FF6888013880B2FFF750FFE0B2BDE87E
S3150201FE50B040FFF7A0BF2DE9F0414BF2D4180C4692
S3150201FE60C2F2022805468118E218B8F80A004F1EA6
S3150201FE70561EFFF701FF2846FFF738FFB8B2FFF714
S3150201FE8035FFB8F80C00FFF7F7FE2046FFF72EFF05
S3150201FE90B0B2BDE8F041FFF729BF80B5FFF749FED1
S3150201FEA00120FFF7E9FE32204FF47A71FEF7CDFB0E
S3150201FEB032204FF47A71FEF7C8FBCF20FFF7DCFE42
S3150201FEC00020FFF7F6FED920FFF7F3FE3020FFF7F9
S3150201FED0F0FEED20FFF7D0FE6420FFF7EAFE0320D5
S3150201FEE0FFF7E7FE1220FFF7E4FE8120FFF7E1FEAE
S3150201FEF0E820FFF7C1FE8520FFF7DBFE1020FFF7A2
S3150201FF00D8FE7820FFF7D5FECB20FFF7B5FE3920C4
S3150201FF10FFF7CFFE2C20FFF7CCFE0020FFF7C9FE2C
S3150201FF203420FFF7C6FE0220FFF7C3FEF720FFF7D4
S3150201FF30A3FE2020FFF7BDFEEA20FFF79DFE00206B
S3150201FF40FFF7B7FE0020FFF7B4FEC020FFF794FECD
S3150201FF502120FFF7AEFEC120FFF78EFE1220FFF72A
S3150201FF60A8FEC520FFF788FE3220FFF7A2FE3C203D
S3150201FF70FFF79FFEC720FFF77FFEC120FFF799FE1D
S3150201FF803620FFF779FE0020FFF793FE3A20FFF7AE
S3150201FF9073FE5520FFF78DFEB120FFF76DFE00209F
S3150201FFA0FFF787FE1820FFF784FEB620FFF764FEEF
S3150201FFB00A20FFF77EFEA220FFF77BFEF220FFF763
S3150201FFC05BFE0020FFF775FE2620FFF755FE012096
S3150201FFD0FFF76FFEE020FFF74FFE0F20FFF769FEE6
S3150201FFE02020FFF766FE1E20FFF763FE0920FFF7BA
S3150201FFF060FE1220FFF75DFE0B20FFF75AFE50202E
S31502020000FFF757FEBA20FFF754FE4420FFF751FED0
S315020200100920FFF74EFE1420FFF74BFE0520FFF7DD
S3150202002048FE2320FFF745FE2120FFF742FE00206D
S31502020030FFF73FFEE120FFF71FFE0020FFF739FE22
S315020200401920FFF736FE1920FFF733FE0020FFF7CD
S3150202005030FE1220FFF72DFE0720FFF72AFE2D2083
S31502020060FFF727FE2820FFF724FE3F20FFF721FE97
S315020200700220FFF71EFE0A20FFF71BFE0820FFF7EB
S3150202008018FE2520FFF715FE2D20FFF712FE0F2080
S31502020090FFF70FFE1120FFF7EFFD78204FF47A717A
S315020200A0FEF7D3FA2920FFF7E7FD0220FFF787FEC4
S315020200B041F2E00040F20F71C2F202200122FCF785
S315020200C057FF4FF6FF70BDE8804000F001B8D4D466
S315020200D070B54BF2D4160446C2F202260020002163
S315020200E032887388FFF7B7FE3088718801FB00F504
S315020200F000200021FFF71AFE3089FFF7BDFD25B168
S315020201002046FFF7F3FD013DFAD170BDD4D4D4D413
S315020201102DE9F04F83B0121A04465FEA0FA7002AAE
S315020201200D46A3EB0100164600D55642012A4FF0B0
S31502020130010157EAB187AB425FEA0FA20028029099
S3150202014001D543420293012852EAB18001900298F4
S315020201504FF0000A4FF00009864256EA808B4FF0B2
S31502020160000800BF00BF00BFA0B20C9AA9B2FFF7F7
S31502020170F3FD09EB0600029AB0EB0B01524408F1B9
S31502020180010851EAC089C8BF3C44B2EB0B001FFA10
S3150202019088F150EAC28A0198C8BF05448B45E3D268
S315020201A003B0BDE8F08F2DE9F04182B098460B46C6
S315020201B015460E460746089C0094FFF7A9FF3846E5
S315020201C031463A4643460094FFF7A2FF3846414675
S315020201D02A4643460094FFF79BFF08942846314677
S315020201E02A46434602B0BDE8F041FFF791BFD4D496
S315020201F02DE9F04F85B01C460733DB0867087B43BF
S3150202020004901F0672D0182C70D8884641F200015B
S315020202100120C0F20111A040084267D0A2F12000DB
S315020202204BF2D41AC1B24FF0000BD8B2029043F28B
S315020202301C30C2F2022AC0F202204546039100EBAA
S3150202024001100190102C0BD00C2C0DD1039842F602
S31502020250A861C0F2022100EB40000CE000BF00BF21
S3150202026001980AE000BF00BF039843F60C11C0F2E0
S31502020270022100EBC00001EB80005844002690F8F0
S315020202800090049887B200BF4FFA89F00E9A0028AE
S3150202029006D40F9840B94BF24000C2F201200288FE
S315020202A0A9B23846FFF758FDBAF802100135A8B2CC
S315020202B088421BD2A0EB0800A04209D0062E06F104
S315020202C001064FEA49090CD8DEE700BF00BF00BFAC
S315020202D0BAF8000004990131049189B24546814275
S315020202E004D202980BF1010B8345ABD305B0BDE8EC
S315020202F0F08FD4D4D4D4D4D42DE9F04F83B00E9E49
S315020203003778A7F12005EDB25E2D2CD80C46814630
S31502020310104419440C9D01361FFA80FACB461FFA85
S3150202032081F86A08029200BF1FFA8BF0504528BF75
S315020203302C44A1B2414516D25045FAB228BF5FFA01
S3150202034089FB1FFA8BF00D9B0027CDE900372B465E
S31502020350FFF74EFF16F8017BA7F12000C0B25F2815
S3150202036002988344E0D303B0BDE8F08FD4D4D4D448
S315020203702DE9F0474BF2D4181546C2F2022803FBC6
S3150202038002F407469946B8F80A208A46089E10469B
S31502020390FFF772FC3846FFF7A9FC7819013880B2DA
S315020203A0FFF7A4FCB8F80C00FFF766FC5046FFF70D
S315020203B09DFC0AEB0900013880B2FFF797FCB8F8F8
S315020203C00800FFF759FC41F2E00540F20361C2F26E
S315020203D0022500222846FCF7CBFD40F205610122E6
S315020203E02846FCF7C5FD44B17078FFF7F5FB16F80F
S315020203F0020BFFF7F1FB013CF6D141F2E00040F2BB
S315020204000361C2F202200122FCF7B2FDB8F80A0029
S31502020410FFF732FC0020FFF769FCB8F8000001384A
S3150202042080B2FFF763FCB8F80C00FFF725FC002048
S31502020430FFF75CFCB8F80200013880B2BDE8F0476B
S31502020440FFF754BC00794BF2E4114BF2E512C2F209
S315020204500221C2F20222022851EA02814BF2E3127D
S31502020460C2F20222032852EA018001210170704778
S315020204700068012818BF70474BF2E6100121C2F24A
S3150202048002204BF2E212C2F2022201704BF2E81091
S31502020490C2F2022041731170704780B582B0020A1D
S315020204A08DF806004BF2E3108DF80520C2F2022007
S315020204B042F280528DF80710002101704BF2E41CC1
S315020204C0C0F202224BF2E510C2F2022CC2F2022062
S315020204D093688CF8001001701068D3F808C00DF109
S315020204E0050103220023E04708B900F005F802B02D
S315020204F080BDD4D4D4D4D4D4F0B581B04BF2E314B3
S315020205004BF2E515C2F20224C2F20225207828B184
S315020205102878002818BF122001B0F0BD48F2A16661
S315020205204BF2E417C0F20106C2F2022700BF00BF75
S3150202053038780028ECD128780028E9D1013E07D084
S3150202054001200121FEF781F820780128F0D1DFE7A8
S315020205501420E1E72DE9F04782B0884642F2805143
S315020205604BF2E3194BF2E41AC0F202214BF2E51402
S31502020570C2F20229C2F2022AC2F202248E6840BAE8
S31502020580ADF80600002089F800008AF80000207003
S315020205900D68B7680DF10601022201232846B84703
S315020205A088B9FFF7A9FF70B9002089F800008AF816
S315020205B00000207077680122002328464146B84788
S315020205C008B9FFF799FF02B0BDE8F08710B582B00D
S315020205D0044600208DF807008DF806000DF107018A
S315020205E043F20A00FFF7B6FF98B90DF1060143F28C
S315020205F00B00FFF7AFFF60B99DF807009DF80610E2
S3150202060041EA002004B1208045F24061401A18BF37
S31502020610222002B010BD2DE9F04188460546110A94
S3150202062043F608001E461746FFF737FF0446F9B29D
S3150202063043F60900FFF731FF0443310A43F60A0083
S31502020640FFF72BFF0443F1B243F60B00FFF725FF38
S315020206500443290A43F61000FFF71FFF0443E9B2D7
S3150202066043F61100FFF719FF04434FEA182143F636
S315020206701200FFF712FF04435FFA88F143F61300F2
S31502020680FFF70BFF2043BDE8F081D4D4D4D4D4D4EF
S3150202069070B50C46851C4FF6FF7600BF00BF00BF41
S315020206A035F8020C2A78B04206D01146FFF7F5FE5B
S315020206B060B906E000BF00BF4FF47A711046FDF73B
S315020206C0C4FF013C05F10405EAD1002070BDD4D471
S315020206D0B0B5014607284FF0030041D8DFE801F022
S315020206E0041840400D40232E002000214FF4A07230
S315020206F0F0234FF4A074F0252AE0002000214FF4E3
S31502020700A0624FF434734FF4A0644FF434751FE0C1
S31502020710002000214FF420724FF4F0734FF420743C
S315020207204FF4F07514E0002000214FF4F0624FF40A
S3150202073087634FF4F0644FF4876509E000200021D5
S315020207404FF422624FF4F3634FF422644FF4F365DB
S31502020750FFF761FF4BF2E811C2F202210C814D81D1
S31502020760B0BDB0B542F28050C0F202208568D0E92F
S3150202077000412A68204690470E2818BF002805D154
S315020207802B693C2101222046984700B1B0BD1420B4
S315020207904FF47A71FDF759FF43F208008021FFF701
S315020207A07CFE0028F2D114204FF47A71FDF74DFF38
S315020207B00020FFF70BFF0028E8D144F21470CF2184
S315020207C0C0F20220FFF764FF0028DFD100200021D9
S315020207D04FF420724FF4F073FFF71DFF4BF2E81449
S315020207E040F28021C2F202240028C0F2E011A16086
S315020207F0CCD144F27C602621C0F20220FFF748FFE8
S31502020800002818BFB0BD002020736073B0BD2DE969
S31502020810F04FDDF82490844681B1CAB153B3B1FADE
S3150202082081F6B3FA83F5AE1B202E46D3B9F1000F39
S3150202083018BFC9E900C14FF0000CB7E093B300211B
S31502020840B9F1000F18BFC9E900C14FF0000CAEE0C2
S31502020850DBB3002879D05E1E334200F09A80B1FAE9
S3150202086081F6B3FA83F5AE1B1F2EDFD2751CC6F1D3
S315020208701F0610E0561E324272D0B1FA81F6B2FA61
S3150202088082F5AE1B06F12105202D19D01F2D00F28D
S315020208909180C5F1200620FA05FC01FA06F444EA23
S315020208A00C041AE0B0FBF2FCB9F1000F1EBF0CFBFE
S315020208B012000021C9E9000178E0751C202D05D13C
S315020208C04FF0000C20250C460AE070E0C6F11F0626
S315020208D020FA05F401FA06F73C4321FA05FCB04078
S315020208E04FF0000A45F001E04FF0000B4FEA4C07C9
S315020208F0650047EAD47745EAD074B4EB020867EB9F
S315020209000306E143FD4389184FEA400053EB050112
S3150202091040EADA704BEA4A0A56EA478C4FEAD1753E
S3150202092058EA4484AB460FF01FC84FEADA71B9F1AE
S31502020930000F41EA40014FEA4A0020F0010018BFC7
S31502020940C9E9004C05EB000C31E0B1FBF3FCB9F14D
S31502020950000F1EBF0CFB13100021C9E9001025E08F
S31502020960B9F1000F1EBF00230640C9E90063012A3E
S315020209701DD092FAA2F24F00B2FA82F202F01F03DD
S31502020980D140D8401F23934307FA03F343EA000CEC
S315020209900DE0B9F1000F1CBF06EA0100C9E900C069
S315020209A093FAA3F0B0FA80F021FA00FC0021604625
S315020209B0BDE8F08FC5F14006A5F1200E20FA0EFC25
S315020209C001FA06F444EA0C0800FA06FA21FA0EF4CF
S315020209D04FF0000C404685E740B584B002AE009661
S315020209E0FFF715FF029A039B04B040BD0A46002197
S315020209F000F009B810B5002322B1CC5C013AC45406
S31502020A000133F9E710BD03461AB103F8011B013A95
S31502020A10FAE77047034613F8012B002AFBD1181A8C
S31502020A200138704710B5C8B1044600202060194843
S31502020A3000F0D2F81849086890B184420FD950F8EA
S31502020A40042C8118A1420146F5D154F8041C04462D
S31502020A501144026840F8041C104605E010BD0ED08F
S31502020A6020600C6054F8041C621882420CD102689F
S31502020A7050F8040C2260084444F8040C04E00749C6
S31502020A800C2200F0CDF842500248BDE8104000F0B8
S31502020A90A4B800BF04B20222F8B102220800000082
S31502020AA070B504460D4A54F8040D26181268964289
S31502020AB00DD10D1A082D98BF0825284600F010F808
S31502020AC0B04206D0411C1CBF20C0FFF7ABFF00207C
S31502020AD070BD206828442060012070BDFCB102224C
S31502020AE0F8B5002814D40446FDF77CFE411C0FD04B
S31502020AF000F10B010C4E21F0070107190C1F84426B
S31502020B0037600BD0251A2846FDF76CFEB84203D091
S31502020B104FF0FF342046F8BD284430607068002842
S31502020B20F8D17460F6E700BFFCB10222F8B510F103
S31502020B30140F06D327490C2200F072F84250002005
S31502020B40F8BD0446214800F047F8E01D204C20F08B
S31502020B50070606F10805274624686CB154F8040C08
S31502020B60A84211D220680028F5D120462946FFF76D
S31502020B7097FF0028EFD013E02846FFF7B1FF04469D
S31502020B80013019D020C40DE0401B082808D3216881
S31502020B9061516119396041F8040C44F8045C01E0C0
S31502020BA020683860094800F018F846F00401204629
S31502020BB0FFF71CFF2046F8BD06490C2200F030F86A
S31502020BC04250024800F009F8B9E700BF04B2022215
S31502020BD0F8B10222080000007047704710B50549B5
S31502020BE00446054AFFF706FF044805492044FFF773
S31502020BF0FDFE10BDAEB001020000000000000000C2
S31502020C00040000000249401A02490860704700BF08
S31502020C100800000008B20222D4D4D4D4D4D4D4D444
S31502020C20014800687047000008B2022281B070B51E
S31502020C3089B00C46104901914FF400310026009109
S31502020C4001190D93CDE90666002CCDE90266154619
S31502020C50049018BF481E48BF002005900DAA684698
S31502020C602946089200F012F80CB104990E7009B0E6
S31502020C70BDE8704001B070477D0C0202D1E904233F
S31502020C809A421EBF531C0B61107070472DE9F04F3A
S31502020C9095B0824680781492800740F19184DAF800
S31502020CA0040000270C90149813900DA8821D069238
S31502020CB0421E05300992079008910B910B9A114632
S31502020CC011F8010B252803D0002800F07B8404E0EA
S31502020CD05578961C252D09D131460C9A0B9151460F
S31502020CE0904701370028E9D500F064BC00224FF094
S31502020CF0000800244FF0000B1FFA8BF9B9F11F0FFF
S31502020D000DD8A5F1270009282DD8DFE800F09F0BA0
S31502020D100B0B050B650B0B624BF0020B53E0B9F1A1
S31502020D207F0F12D8A5F13000092823D8B9F1400F56
S31502020D3027BF08EB880100EB410804EB840100EBB4
S31502020D40410438BF4BF0200B80E04C2D3ED0682D7B
S31502020D5045D06A2D3AD07A2D18BF742D76D06C2DD5
S31502020D6040F0578242E0202D2DD0232DDAD14BF0CE
S31502020D70100B6BE0242D47D07A2D67D02E2D3CD056
S31502020D804C2D23D0682D2AD06A2D1FD06C2D2DD042
S31502020D90742D5BD02A2D40F03C82002A56D113983C
S31502020DA0011D13910068B9F13F0F4DD8B0F1FF3F13
S31502020DB0DDBF4BF0280B444200224BF0200BC4BF8E
S31502020DC00022044642E04BF0040B3FE04BF4207B48
S31502020DD03CE04BF0010B39E04BF0080B36E00BF42A
S31502020DE080704BEA400040F4807B2FE00BF08000DB
S31502020DF04BEA800040F0800B28E0B9F13F0F00F287
S31502020E00E1834BF0400B21E0BAB11498B9F1400FDD
S31502020E1013901546089813A954EA388200F0DCFBAF
S31502020E2013982A46B9F1400F00F1040113910068A2
S31502020E3050EA348458EA308808E022464FF0000825
S31502020E4000244FF0000B01E00022804616F8015BF7
S31502020E50002D7FF451AF0A94002534462AB1149824
S31502020E601390089813A900F0B7FB45F0200028EA70
S31502020E70E879B8F1000FA0F1650148BF2BF0400BEB
S31502020E8003290B9401D3612833D11399461B0731E7
S31502020E9021F00701612801F10802139291ED000B7C
S31502020EA016D15FEA4B6058BF4FF0FF39F2B20DA876
S31502020EB0494600F077FC00F101084BF4C05B5FFA89
S31502020EC088F08145D8BFA0F10109702401233EE0D2
S31502020ED05FEA4B6158BF4FF00609C1B266291ED0BE
S31502020EE0652823D14BF4805B09F1010100236524B5
S31502020EF023E0A5F16F01062955D808234FF0000E0B
S31502020F00DFE811F0E5010700DF01DF01A501DF01DC
S31502020F109D014BF0100B10234FF0780ED7E14BF4E4
S31502020F20005B0122662411214B4607E05FEA096152
S31502020F30494608BF0121841E00230022C9B2112993
S31502020F4028BF11210DA800F0DFFC80460223DDF83E
S31502020F5034E01EF1090F07DA1EF1630F0FD21EF5F6
S31502020F607A7F0AD804230BE0BEF1090F08DDBEF12F
S31502020F70630F04D9BEF57A7FF4D2032300E002237B
S31502020F809DF838100493C8071FFA8BF007D15FEA5F
S31502020F908B7206D442071DD4002301251CE02D23A1
S31502020FA019E02B2317E0692D18BF642D40F0338117
S31502020FB01FFA8BF05FEA0B6100F1388113990A1D61
S31502020FC013920A68C10540F13881800554BF12B2F4
S31502020FD052B232E12023002511F00C0F18D00A9AE0
S31502020FE00320002D50EA1090824227DD5FEA0B7140
S31502020FF026D4841AA8461D4600F0C3FB002800F137
S31502021000D98201370134F7D32B460024454618E02C
S315020210101BF4405F019349D1A446079C0121B9F111
S31502021020010F59EA81815FFA88F242B3131913F862
S31502021030013C302B23D1A8F10108F4E7002400E099
S31502021040141A3DB90C9A184651469047002800F1E7
S31502021050B18201379DF83800DFF878150007DFF80C
S31502021060700550EA51852878002800F09682801B86
S3150202107000F093FB013701350028F4D59AE2C00647
S3150202108052EA51801EF1040F0DDB8E450BDA8645BC
S315020210904BF4005B6446AEBF4FF000096FEA0E01E5
S315020210A000EB010902E0A0F1010964461FFA8BF185
S315020210B05FEA8B404FEA015BB446039505910094C1
S315020210C007D40520BBF1000F58BF0320049D284414
S315020210D002E02EEAEE700130059EB9F1000F039A84
S315020210E00A9CC6F3001182F0010251EA0991CDF877
S315020210F008E08B180344E31A4FF0000453EAC4844F
S3150202110016F0090F0FD1664674B108440A991044C3
S31502021110441A00F036FB002800F14C8201370134F2
S31502021120F7D3002400E0664603980028019806D108
S315020211300C9A51469047002800F13C820137BBF1D6
S31502021140000F0CD500F025FB002800F13382C6F110
S31502021150780000F022FB002800F12C820237059863
S31502021160000709D444B1274400F013FB002800F11A
S315020211702182013CF8D100240598800427D49DF8E7
S31502021180390051460C9A9047002800F11382B9F1B0
S31502021190010FC0F2DA8000F0F8FA002800F10A82A2
S315020211A009EB07005FFA88F500F1020B0020814580
S315020211B000F0A681471CAF423ABF0699085C30206E
S315020211C00C9A5146904700283846F0D5F2E1029829
S315020211D0C9F100095FFA88F820EAE076851B701CDD
S315020211E005D100F0D2FA002800F1E481013730205D
S315020211F0002D03D44545BCBF0798405D51464E4576
S315020212004BDD0C9A904701350137013E0028E6D59F
S31502021210D0E10A9421E6632D53D113980126011DCA
S31502021220139100688DF834000DAD22E08005139803
S3150202123000F1A380011D13910268D317A5E04FF6B0
S31502021240EF700BEA000B0A234FF0750E3FE013987C
S31502021250011D13910068DD49002851EA00855FEA03
S315020212604B6058BF4FF0FF392846494600F040FB13
S3150202127006465FEA0B706FD40A98B04250EA368885
S31502021280B0426BD90C9A0446202051469047002858
S3150202129000F19081601E0137F2E70C9A904700280E
S315020212A000F18881781C0599C90640F11481002E45
S315020212B040F0118100F069FA002800F17B810237C1
S315020212C06BE1782840F00981C5F18803AE464FF6F4
S315020212D0F9700BEA00055FEA0B600AD41398011D46
S315020212E013910068E9050AD5A90554BF80B2C0B2B6
S315020212F005E0A805139804D4011D13910068002184
S3150202130007E0073020F007010A46496852F8080B3F
S31502021310139250EA010208BF2BF0160508D00DAE51
S315020213207446324600F002FA861BAC46254646E071
S315020213305FEA4B62F3D5B8F1010FF0DA4FF6E970C4
S315020213400BEA000C0026754639E00598C00600F144
S31502021350D18007F1010BD3E0DDF828803744A8EBF0
S315020213600604002E00F0198115F8010B51460C9A5B
S315020213709047013E0028F4D51CE1073020F0070011
S315020213800146436851F8082B13915846002B48BF71
S3150202139040F4806020F0100C82EAE37083EAE37183
S315020213A0B0EBE37061EBE3711A4300F08A800DAC95
S315020213B00A236646224600F0B9F9B446061B5FEADC
S315020213C04C6002D4614630460BE04FF6FE700CEAE0
S315020213D0000130464E4504DA4846002D08BF2CF07D
S315020213E011011FFA81FBC90606D440F206411BEA25
S315020213F0010F5FEA0F9103E00121002D51EA0191EB
S315020214000C185FEA0B701BD45FEACB7001D10A9902
S3150202141007E00A99B1468C42BEBF7018A0EB0409D6
S315020214200C46A14251EAC4880A98844207DA00F0BD
S31502021430A8F9002800F1BE8001340137F4E74446D8
S315020214405FEACB6015D440F206401BEA000F20D0B9
S315020214505FEA8B704FF02B0058BF20205FEA4B5198
S3150202146048BF2D200C9A51469047002800F1A280CF
S315020214700EE000F08EF9002800F19C8045B10C9A2C
S31502021480284651469047002800F19480023700E030
S3150202149001370A983744041BB1450FDD00F079F98A
S315020214A00137A9F101090028F6D583E009985146C8
S315020214B00C9A805D9047013E00287BD4002E6CD0A8
S315020214C0F4E75FEA4B627FF572AFB8F1010FBFF63E
S315020214D06EAF002673E707465FE00C9A2520514657
S315020214E09047002866D40C9A2846514690470237FE
S315020214F0FFF7F8BB00F049F900285BD407F1020BAB
S31502021500009851460C9A801BC0B29047002851D4CB
S31502021510029D2B205146002D48BF2D200C9A904742
S31502021520002D01D569420291002843D40498042869
S3150202153014D302994FF47A700C9AB1FBF0F5514624
S3150202154005F13000C0B29047002833D44FF47A70C6
S31502021550029905FB10110BF1030504E002990BF146
S315020215600205032823D1642000F002F9002821D4BF
S315020215706420013506FB10710A2000F0F9F80028F2
S3150202158018D406EB86000135A7EB400101F13000C3
S3150202159000F003F900280DD46F1C012CFFF68EAB66
S315020215A000F0EFF80137013C0028F6D502E00228E6
S315020215B0E2D2EBE79AF8020040F004008AF802004F
S315020215C04FF0FF37384615B0BDE8F08FF623020218
S315020215D0C1220202AE2302022DE9F0438946524992
S315020215E04FF001084FF0010C0546944580F29980AE
S315020215F02B4613F8014B252C03D01D46002CF7D19E
S315020216008FE0AF1C6B783D46252BF1D000264FF0BA
S31502021610000E00251F2E08D8A3F12004102C06D88E
S3150202162008FA04F40C4202D042E07F2E0AD8A3F151
S315020216303004092C13D805EB850346F0200604EB89
S31502021640430535E04C2B23D0682B24D06A2B1FD0BE
S315020216507A2B18BF742B2BD06C2B34D122E07A2B27
S3150202166026D02A2B18BF2E2B01D1002520E04C2B87
S315020216700ED0682B0FD06A2B0AD06C2B12D0742B89
S3150202168016D0242B1FD1BEF1000F16D1AE46ECE7BF
S3150202169046F420760CE006F4807346EA430343F4EA
S315020216A0807605E006F0800346EA830343F080066D
S315020216B017F8013B002BADD104E06545D5D1632372
S315020216C0E64600E000233D46BEF1000F29D0E6457C
S315020216D07FF48BAF43F02004A4F16505032D01D3F9
S315020216E0612C06D1D9F80030073323F007030833F9
S315020216F012E0DCB2732C0CD0642B18BF692B06D114
S31502021700330606D5D9F80030B405EDD403E0632BCF
S31502021710F6D1D9F800300433C9F800300CF1010CC5
S3150202172062E7BDE8F08300BF892801002DE9F04196
S3150202173003F01F06984614460F46054628463946C2
S3150202174032460023FFF748F900FB1652A2EB0803C2
S31502021750092A88BF03F13702303204F8012BAA1B89
S31502021760054677F100020F46E8D22046BDE8F0812F
S315020217700C9AB1FBF0F60F4606F130005146C0B2A2
S3150202178010470C9A2020514610470C9A2E20514699
S3150202179010470C9A3020514610470C9AC0B2514655
S315020217A01047D4D42DE9FE4F56EC107B0C46054663
S315020217B0F00F90462871C6F30A516FF31F5657EA85
S315020217C0060208BF00290ED089B140F2FF73994280
S315020217D00FD10821002A08BF0421002408442871D7
S315020217E02046BDE8FE8F00200027002605E02E488F
S315020217F003E0A1F2FF3006F58016002C286003D41E
S315020218000C2C03D90D2436E0002434E03320A0EB5D
S315020218108409022000214A464FF0000A00F046F8E7
S31502021820424202926AEB0102B0F1010B61F100003F
S31502021830019230400090012000214A4600F036F81B
S31502021840814607EA0B00B9EB00008A46009871EB63
S31502021850000008D3A000C0F134023846314600F037
S3150202186036F8C00703D017EB090746EB0A060298B9
S315020218700740019806401220411FB1D417F00F0209
S3150202188001D1A1420ADCA2EB0803092A88BF03F1AD
S31502021890270230322A54A14251EAC484390941EA62
S315020218A0067736090138E7E702FCFFFF930641BFD6
S315020218B0A2F1200100FA01F10020704732B1C2F111
S315020218C02003914020FA03F319439040704793068E
S315020218D041BFA2F1200021FA00F00021704732B185
S315020218E0C2F12003D04001FA03F31843D1407047F4
S315020218F010B54218034629B11C7814B101390133D5
S31502021900F9E71A46101A10BD2DE9F04F9DB093461B
S3150202191052EC106B88461546C2F30A546FF31F55F2
S31502021920D70F56EA050108BF002C0BD040F2FF7210
S3150202193094420FD10822002908BF0422D11901714B
S315020219400024FAE130210124417100210160B91C0F
S315020219500171F2E100295FEA0F91022C5FEA2F92EE
S31502021960CDE90970002C069318BF05F580154FEADA
S31502021970850343EA967041EA02091390A4F23547B7
S315020219804FEA860004BF4FF6CC37CFF6FF771290A6
S3150202199006F00100002F0490CDF81480CDF82CB089
S315020219A03FD4384600F0DAFA8246032F88BFAAF1FC
S315020219B0010A504600F0DEFA14A90446504600F027
S315020219C061FB18A81AA9CDF83C90CDE90010AAEB42
S315020219D007002044CDF8089000F17C0314AA304691
S315020219E02946564600F0C6F90546BAF1150F109178
S315020219F000F28E80129F139C3846214600F0ACF903
S31502021A00820842EA817120F0030008444042F84209
S31502021A1054D13846214600F0B5FAB0425FEA3F9009
S31502021A2049E0C7F1000A504600F09EFA0446781CC5
S31502021A3018BF013CAAEB040A504600F09BFA0DF1CC
S31502021A40500883465046414600F0B6FA18A81AA92B
S31502021A504246CA46CDE90010A4EB0B0000F17D0313
S31502021A6030462946CDF8089000F084F9E619054673
S31502021A70012C109109D8DDF81480DDF82CB00498F7
S31502021A8050BB01201190504644E0DDF814803E2CF2
S31502021A90DDF82CB03CD84FF0FF304FF0FF31224632
S31502021AA0FFF704FF139A22EA0101129A22EA0000C0
S31502021AB008435FEA1F90119000202BE00498B0B908
S31502021AC00F98C043C01964F1000100F05BFAB042FC
S31502021AD05FEA3F90002108E0DDE91A0101381A9017
S31502021AE061F1000001211B900020119112E047F0E2
S31502021AF00200214600F046FADDE91A124B1E62F195
S31502021B000004B04253EA21801A9054EA22801B90C2
S31502021B10002011900F904046BBF1000F0DD0109994
S31502021B20284600F0FEF9069AB1180844B0EBD27FB5
S31502021B30B8BFD00F804558EAB0800DF160091B9CF0
S31502021B400896AB4699E8400300250C900020CDE9A1
S31502021B50120048462146CDF8389000F0F4F8814644
S31502021B608A4630464146CDF8348000F0ECF8074604
S31502021B70B0EB0900884671EB0A000ED3109958465B
S31502021B8000F0CFF90C99884225DD0846294601253F
S31502021B9018B9109850EA0B0021D01099584600F055
S31502021BA0D2F8109154461399119A00F0CDF907EB27
S31502021BB08702ABEB4101524213917142B1EB420FE2
S31502021BC00F9A5FEA1F913E460A4012990F92834686
S31502021BD001311291BDE7DDF840805F4603E000273E
S31502021BE04FF000080D46DDF83C90DDF828A0079577
S31502021BF05FEAC97027D00D9DBB463046294600F0E2
S31502021C00A2F8074600EB800040422A460D46714280
S31502021C10B1EB400F19D10E98214600F094F80E90BE
S31502021C200C465846414600F08EF888461399119A98
S31502021C303E4600F089F9ABEB4101139112998346B4
S31502021C4001311291D9E7454602E045465F460D92B9
S31502021C5008981299DDF82CB001EB00081398079A3E
S31502021C60C0B205285FEA0F91D2070DD10D9B87EA12
S31502021C7006026B401A4307D1049A002A5FEA1F92B0
S31502021C8002EA0902012A5CD1119A82F00102114387
S31502021C90394304285FEA9F9001EA00043F1945F19D
S31502021CA000093846494600F03CF9064604B30C9848
S31502021CB086421EDDBBF1000F09D00698404430442D
S31502021CC00128D8BF01200599814251EAB080864295
S31502021CD00FDD0446781D49F100010A220023FEF7B0
S31502021CE07BFE013E08F1010807462046894600E0CE
S31502021CF00C98864256EAB08004B20025261DA542F9
S31502021D0012DA384649460A220023FEF765FE89465A
S31502021D1000EB80010135A7EB4101074641F0300194
S31502021D200AF80610013EEAE709988AF804000FFA51
S31502021D3088F020440138CAF8000020461DB0BDE8EA
S31502021D40F08F0124AAE780B500F006F8C00840EA3F
S31502021D504170C90880BDD4D4F8B502AA0092044AD9
S31502021D604FF0CC3300F019FADDE9020104B080BD6E
S31502021D70CDCCCCCC2DE9F04F8DB007931646D2E9E5
S31502021D8000230AAC0094490041EAD0744500284671
S31502021D90214600F002FAD6E902238346059121463C
S31502021DA0DDE90A7A08A80090284600F0F6F910EB57
S31502021DB0070941EB0A08DDE90801DDE90A75421C59
S31502021DC041F10003B9EB0707079C78EB050552EAD6
S31502021DD0308253EA318396E8A30012F1010CA4F190
S31502021DE0410A43F1000415EB090547EB0807CDF852
S31502021DF018B010EB0B00DDF814B009935BEB01008F
S31502021E00089255F1000047F10001B0EB0905CDF841
S31502021E1000A071EB080554EA33835CEA328200F0D1
S31502021E20D8F9169AC2E90001189818B3D6E902231C
S31502021E30D6E900C1B9EB0202069868EB0303561E05
S31502021E4063F10007B0EB0C00DDE908457BEB01000C
S31502021E5056EA328057EA3381621E65F10003B9EB14
S31502021E600006CDF800A078EB010652EA348253EA64
S31502021E70358346E030684FEA4907049047EADB7742
S31502021E8070680390D6E9021C07AD069B31CDA0F11C
S31502021E90400600964FEA4806B7EB090046EAD976AB
S31502021EA0CDF81CA076EB0800049A5FEA2F9040EA6E
S31502021EB0440A680040EAD474BAF10100029064F15D
S31502021EC000000190781A4FEA4B0566EB0C01B0F15D
S31502021ED0010E61F1000C45EAD375D2EB4303039A74
S31502021EE075EB02035EEA30805CEA31813B1A029AA2
S31502021EF076EB0103019B52EA3A82DDF81CA053EA11
S31502021F00348300F066F9179AC2E900014846DDE910
S31502021F1008234146CDF800A000F05BF90DB0BDE8FA
S31502021F20F08F70B500230A2401220A25461B71EBA3
S31502021F30030607D3A5FB045603EB8303013206EB22
S31502021F404303F3E7104670BD11F0FF0F5FEA1F91DC
S31502021F500A4000EB800111927047D4D401494843EA
S31502021F60800C70474134010001494843000D704715
S31502021F70FB2E0B0002494843012101EBD040704778
S31502021F804F931200F0B50A4B02460A4D4FF0FF304C
S31502021F904FF0CC34A2FB0367013002FB047201FB51
S31502021FA00321721B71F133323246F3D3F0BD00BF05
S31502021FB0CDCCCCCC343333332DE9F04F87B08B46BC
S31502021FC01A21B0FBF1F2054602FB01F62A4800EBA2
S31502021FD00210B54202D100F0C9F849E004A9274A23
S31502021FE00091A91BC36852F8317002EBC101D0E914
S31502021FF001924C680168019100F0ACF8824602A88F
S31502022000019A88460090384621464B4600F0C5F8AA
S3150202201001918146DDE90212002011EB0A0758EB13
S31502022020020840F10000012801D100F097F8284683
S31502022030FFF7A0FF04463046FFF79CFF0199241AD8
S3150202204048463A464346009400F0C3F81E226FF011
S31502022050030302EA450203EA9503094DEB5800F02F
S315020220608DF800F093F8009400F0B3F8CBE9020180
S3150202207007B0BDE8F08F00BF504A0202204B0202AF
S31502022080F04B02022DE9F04F87B08B460546193016
S315020220901A21B0FBF1F22C4802FB01F600EB021008
S315020220A0AE4202D100F062F84BE004A9274A00913F
S315020220B0711BD0E900A852F8317002EBC101D0E9D6
S315020220C002234C6800F046F8019002A8BAF1010216
S315020220D068F100038946009000F03CF88A46DDE981
S315020220E0013104460020039ACF1852EB090840F147
S315020220F00000012801D100F031F83046FFF73AFF1D
S3150202210006462846FFF736FF361A204651463A4613
S315020221104346009600F05DF86FF003030C4C03EAA7
S3150202212095031E2202EA4502E35800F027F801301F
S3150202213041F1000100F02AF8009600F04AF8CBE9D4
S31502022140020107B0BDE8F08F484C0202204B0202A0
S31502022150384D02023846214600F01FB8DDE9040175
S315020221600130049041F100000590704790E80E009C
S31502022170C0688BE80E00CBF80C00704723FA02F215
S3150202218002F00302801841F100017047DDE90423DF
S31502022190CBE90001384641467047F0B5A3FB01453B
S315020221A0DDF814C0A2FB0116A2FB00277F187441B8
S315020221B045F1000539462646E3FB0016A3FB00035A
S315020221C0C01954EB030045F10000CCE90060104649
S315020221D0F0BD2DE9F041DDF8188017460C4605469A
S315020221E0C8F1400238461946FFF760FB07460E461B
S315020221F0284621464246FFF76AFB38433143BDE889
S31502022200F08161646472203C3D204144445245534C
S31502022210535F4D41534B002E2E2F72612F6E7075F6
S315020222202F6574686F732D752D636F72652D6472D7
S31502022230697665722F7372632F6574686F73755F41
S315020222406465766963655F7535355F7536352E6306
S31502022250003E3E20444947495421202073636F724F
S31502022260653D25642020626F783D25642C25642015
S3150202227025647825640D0A002020444941473A2004
S315020222805255484D49207465737420696D616765BC
S315020222902020626573743D25640D0A00202044499C
S315020222A041473A2063616D657261206672616D65AE
S315020222B020202020202020626573743D25640D0AA9
S315020222C000696E6600637573746F6D5F6461746133
S315020222D05F70747220213D204E554C4C003D3D3DAF
S315020222E02041492043616D657261203D3D3D0D0AE3
S315020222F000626173655F616464725F73697A652005
S31502022300213D204E554C4C006E756D5F62617365C0
S315020223105F61646472203C3D204E50555F524547D0
S315020223205F42415345505F4152524C454E006261F3
S3150202233073655F6164647220213D204E554C4C00E8
S31502022340444947495421202564002E2E2F72612FBB
S315020223506E70752F6574686F732D752D636F726556
S315020223602D6472697665722F7372632F6574686F54
S3150202237073755F6472697665722E63006574686F3F
S3150202238073755F696E766F6B655F6173796E6300F3
S31502022390463A25752073636F72653D256420207364
S315020223A03D25640D0A00776169743A2564006E61FF
S315020223B06E0041492043616D657261205265616416
S315020223C079007162617365203C3D20414444524565
S315020223D053535F4D41534B006574686F73755F6467
S315020223E065765F72756E5F636F6D6D616E645F7344
S315020223F0747265616D00286E756C6C2900D4D4D432
S315020224005B312F355D204F56353634302E2E2E0D4A
S315020224100A0000005B322F355D204345552E2E2ED3
S315020224200D0A00005B332F365D204F5350492E2E84
S315020224302E0D0A0020203D3D3D20456E74657269CF
S315020224406E67206D61696E206C6F6F70203D3D3D37
S315020224500D0A00005B342F365D204C43442E2E2E8D
S315020224600D0A00005B362F365D203D3D3D20446558
S3150202247074656374696F6E206C6F6F70203D3D3DAB
S315020224800D0A00005B352F365D204E50552E2E2E3C
S315020224900D0A00D400000000000000000C0000003B
S315020224A00001010000000002FF00000140000000DE
S315020224B00000000003FF03008C250202A42502028B
S315020224C0E8100222A4240202542902020001000098
S315020224D0200000220F00FFFF0000000101000000A1
S315020224E0090200000C070C080C090C0A0000000085
S315020224F000000000B1B0010200000000CC2402027A
S31502022500FC100222E0240202142902020100010046
S31502022510000001000058020007030000000000004C
S3150202252000000000010211030C0600000000400137
S315020225300000F00002000000710402020000000026
S315020225400C250202301102222C250202B0290202B5
S31502022550010104101100000000000000A086010023
S315020225603C000000010C020304050000000000000A
S31502022570000000004504020200000000502502028B
S31502022580501102225825020290290202210000005D
S3150202259000100000DC0000000000040060000000E1
S315020225A0FFFFFFFF0001000024000022B8250202FD
S315020225B00000000000000000C02502020200000026
S315020225C000000000010213001200060005000000CE
S315020225D000000000000000F0000000000000000001
S315020225E00000000010260202FF0301000203EEEEC3
S315020225F0121206060505000000001400030000F090
S31502022600010000000000000003000000182602027A
S315020226108C250202030000002026020203000000AB
S315020226202121000000100000DCDC00000000040092
S3150202263060600000FFFFFFFF0000011C00010000B6
S315020226400000011C010100000000011C0301000040
S315020226500000011C070100000000010B0C01000032
S315020226600000010B0D0100000000010B0E0100002B
S315020226700000010B0F010000000001050802000024
S315020226800000010509020000000001000A02000022
S31502022690000001000B0200000000010B0003000013
S315020226A00000010B010300000000010B02030000FF
S315020226B00000010F000400000000010F01040000E7
S315020226C00000010F050400000000010F06040000CD
S315020226D00004010709040000000401070A040000BD
S315020226E00000010F0E0400000000010F0F0400009B
S315020226F00000010B030500000000010B04050000A7
S315020227000000010B050500000000010B0605000092
S315020227100000010B070500000000010B080500007E
S315020227200000010B090500000000010B0A0500006A
S315020227300400000001060000040000000206000078
S315020227400500000003060000050000000406000062
S3150202275004000000050600000000010B0706000047
S315020227600000010B080600000000010B090600002A
S315020227700000010B0A0600000000010B0B06000016
S315020227800000010B0C0600000000010B0D06000002
S315020227900000010B0E0600000000010B0F060000EE
S315020227A00000010F000700000000010F01070000F0
S315020227B00000010F020700000000010F03070000DC
S315020227C00000010F08070000040000000F070000C6
S315020227D00000011C030800000000011C080800009A
S315020227E00000011C090800000000010B0D08000090
S315020227F00000010B000A00000000010B010A0000A2
S315020228000000010B020A00000000010B030A00008D
S315020228100000010B040A00000000010B050A000079
S315020228200000010B060A00000000010B080A000064
S315020228300000010B090A00000000010B0A0A00004F
S315020228400000010B0B0A00000000010B0C0A00003B
S315020228500000010B0D0A00000000010B0E0A000027
S315020228600000010B0F0A00000000010B000C000021
S315020228700000010B010C00000000010B020C00001B
S315020228800000010B030C00000000010B040C000007
S315020228900000010B050C00000000010B060C0000F3
S315020228A00000010B070C00000000010B080C0000DF
S315020228B00000010B090C00000000010B0A0C0000CB
S315020228C00000010B0B0C00000000010B0C0C0000B7
S315020228D00000010B0D0C00000000010B0E0C0000A3
S315020228E00000010B0F0C00000000010B000D00009E
S315020228F05700000038260202000000006700870126
S315020229009C009D009E009F00970303030403050398
S315020229100603D4D4D1C0010237C3010241C3010264
S315020229208DC30102BFC30102D1C301020FC4010258
S3150202293021C401020DC501021BC501021FC5010206
S315020229400600000008000000030000000500000067
S315020229500A00000039C8010211CA010215CA01029F
S3150202296019CA010223CA010239CA010299CA01021B
S3150202297067CB01027DCB010289CB010295CB010213
S3150202298099CB01029DCB0102020403040404D4D4AE
S3150202299051D10102DBD10102E7D10102F3D10102D7
S315020229A025D201022FD201023BD2010251D20102E9
S315020229B041DD01024BDF0102CBDF010229E0010206
S315020229C035E0010200000068000000680000008095
S315020229D000000080000000700000007060B001225A
S315020229E060B001220B000000FC290202190000005D
S315020229F0802A020204000000C429020200000068C2
S31502022A00000000680001000DE0B07368E0B0736870
S31502022A100001000D00000080000000800001000895
S31502022A200000008000000080000100080000007023
S31502022A30000000700001000A000000700000007031
S31502022A400001000A0000000000000000010000056B
S31502022A5000000020000000200100000460B00122F4
S31502022A6060B0012200000003901002220CB2022280
S31502022A70000000030CB2022210B20222000000037E
S31502022A800000006800000068000000900001090DC5
S31502022A9000000068000000680000007800010B0DCB
S31502022AA00000006800000068000000270001020D15
S31502022AB000000068000000686C0000020001010DBF
S31502022AC0000000800000008000000090000109085A
S31502022AD000000080000000800000007800010B0860
S31502022AE000000080000000800000002700010208AA
S31502022AF000000080000000806C0000020001010854
S31502022B000000007000000070000000900001090A37
S31502022B1000000070000000700000007800010B0A3D
S31502022B200000007000000070000000270001020A87
S31502022B3000000070000000706C0000020001010A31
S31502022B4000000000000000000000009001010905DB
S31502022B5000000000000000000000007801010B05E1
S31502022B60000000000000000000000027010002052C
S31502022B7000000000000000006C00000201000105D6
S31502022B80000000200000002000000090010109045C
S31502022B9000000020000000200000007801010B0462
S31502022BA000000020000000200000002701000204AD
S31502022BB000000020000000206C0000020100010457
S31502022BC0000000220000002200000090000109031A
S31502022BD000000022000000220000007800010B0320
S31502022BE0000000220000002200000027000002036B
S31502022BF00000002242B001226C0000020000010322
S31502022C000CB202220CB20222AEB001020000010391
S31502022C100600000008000000030000000500000094
S31502022C200A00000001000200080010002000D4D4AD
S31502022C30000000000000000000000000000000008A
S31502022C40000000000000000000000000000000007A
S31502022C50000000000000000000000000000000006A
S31502022C600000000000000000000000000200000058
S31502022C700000000000000000000000000200000048
S31502022C800000000000000000000000000200000038
S31502022C900000000000000000000000000200000028
S31502022CA00000000000000000000000000200000018
S31502022CB00000000000000000000000000200000008
S31502022CC001000000010000000100000001000000F6
S31502022CD001000000010000000100000001000000E6
S31502022CE001000000010000000100000001000000D6
S31502022CF001000000010000000100000001000000C6
S31502022D0001000000010000000100000001000000B5
S31502022D1001000000010000000100000001000000A5
S31502022D200100000001000000010000000100000095
S31502022D300100000001000000010000000100000085
S31502022D400100000001000000010000000100000075
S31502022D500000000000000000000000000400000065
S31502022D600000000000000000000000000400000055
S31502022D700000000000000000000000000400000045
S31502022D800000000000000000000000000400000035
S31502022D900000000000000000000000000400000025
S31502022DA00000000000000000000000000400000015
S31502022DB00000000000000000000000000600000003
S31502022DC000000000000000000000000006000000F3
S31502022DD000000000000000000000000006000000E3
S31502022DE0010000009000000003000000060000003F
S31502022DF0010000004002000003000000060000007D
S31502022E00010000002400000003000000060000008A
S31502022E100100000040020000030000000200000060
S31502022E20010000002400000003000000020000006E
S31502022E3001000000900000000300000002000000F2
S31502022E4000000000008C0100009000009092000039
S31502022E50403500000000000060340000E00000007F
S31502022E60401F0000E0100000601E0000800D0000FE
S31502022E708023000040350000A022000060340000DA
S31502022E8000310000401F000000000000001B00008D
S31502022E90E01B0000800D0000709A000050900000B6
S31502022EA0C08D0000C08D000000000000000000007E
S31502022EB000000000000000003F4000000000000089
S31502022EC000003000400030004000000009000BC044
S31502022ED03D000BC03D00090018C024407FE022409D
S31502022EE031800000180024C01B000D803240018090
S31502022EF003801C4027401C800740004010006000EF
S31502022F0000000000000000000000000000001F8018
S31502022F10204040200000402020401F800000000088
S31502022F20090006001F8006000900000004000400D2
S31502022F303F80040004000000001000600000000050
S31502022F400000000004000400040004000400000063
S31502022F50000000400000000000000000002001C046
S31502022F6006003800400000001F802040204020401A
S31502022F701F800000000010403FC000400000000019
S31502022F8018C02140224024401840000010802040F0
S31502022F90244024401B80000002000D0011003FC0A5
S31502022FA0014000003C80244024402440238000004B
S31502022FB01F80244024403440038000003000200059
S31502022FC027C03800200000001B80244024402440F1
S31502022FD01B8000001C0022C0224022401F800000EB
S31502022FE0000000000840000000000000000000008F
S31502022FF00460000000000000000004000A00110044
S315020230002080404009000900090009000900000069
S3150202301000004040208011000A000400180020002F
S3150202302023402400180000001F8020402740294028
S315020230301F400000004007C039000F0001C00040D7
S3150202304020403FC0244024401B8000001F802040B5
S31502023050204020403080000020403FC020402040D7
S315020230601F80000020403FC024402E4030C0000096
S3150202307020403FC024402E00300000000F00108086
S31502023080204022403380020020403FC00400040058
S315020230903FC02040204020403FC020402040000048
S315020230A00060202020203FC02000200020403FC098
S315020230B024400B0030C0204020403FC02040004048
S315020230C0004000C03FC03C0003C03C003FC00000BD
S315020230D020403FC00C4023003FC020001F802040FA
S315020230E0204020401F80000020403FC02440240090
S315020230F0180000001F802140214020E01FA000008E
S3150202310020403FC02440260019C0004018C0244077
S315020231102440224031800000300020403FC020403F
S315020231203000000020003F80004000403F80200027
S3150202313020003E0001C0070038002000380007C008
S315020231403C0007C038000000204039C0060039C0E2
S31502023150204000002000384007C03840200000000E
S31502023160304021C02640384020C000000000000046
S315020231707FE0402040200000000070000C00038027
S31502023180004000000000402040207FE000000000D6
S315020231900000200040002000000000000010001085
S315020231A00010001000100010000000004000000095
S315020231B000000000000002800540054003C00040F6
S315020231C020003FC004400440038000000000038048
S315020231D004400440064000000000038004402440EC
S315020231E03FC0004000000380054005400340000046
S315020231F0000004401FC0244024402000000002E0D8
S31502023200055005500650042020403FC004400400E9
S3150202321003C000400000044027C000400000000036
S3150202322000100010041027E00000000020403FC0FA
S315020232300140070004C00440204020403FC0004035
S315020232400040000007C0040007C0040003C00000DB
S31502023250044007C00440040003C00040000003808B
S315020232600440044003800000041007F004500440A6
S3150202327003800000000003800440045007F000109F
S31502023280044007C002400400040000000000064099
S315020232900540054004C00000000004001F800440EF
S315020232A000400000040007800040044007C00040BE
S315020232B00400070004C0018006000400060001C0E3
S315020232C0070001C006000000044006C0010006C055
S315020232D0044000000410071004E001800600040006
S315020232E00000044005C00640044000000000000041
S315020232F004007BE040200000000000000000FFF016
S3150202330000000000000040207BE0040000000000F4
S315020233104000800040002000200040000000000023
S315020233200000000000000000000000000000000093
S3150202333000001FCC000C0000000000000000080084
S31502023340300060000800300060000000022003FC2A
S315020233501E20022003FC1E200220000000000E187E
S3150202336011043FFF10840C78000000000F00108445
S315020233700F3800C0077818840078000000780F849E
S3150202338010C411240E9800E40084000808006800A4
S3150202339070000000000000000000000000000000B3
S315020233A0000007E018182004400200000000400254
S315020233B02004181807E00000000000000240024044
S315020233C001800FF00180024002400000008000806E
S315020233D000800FF800800080008000000001000DCE
S315020233E0000E000000000000000000000000008045
S315020233F00080008000800080008000800000000CB7
S31502023400000C0000000000000000000000000006A0
S31502023410001800600180060018002000000007F074
S31502023420080810041004080807F000000000080447
S3150202343008041FFC000400040000000000000E0C39
S3150202344010141024104411840E0C000000000C18F3
S3150202345010041104110412880C700000000000E02E
S315020234600320042408241FFC0024000000001F98E5
S31502023470108411041104108810700000000007F075
S3150202348008881104110418880070000000001C004C
S31502023490100010FC13001C001000000000000E3881
S315020234A011441084108411440E38000000000700F3
S315020234B0088C10441044088807F00000000000003F
S315020234C00000030C030C00000000000000000000D4
S315020234D0000101060000000000000000000000805A
S315020234E001400220041008081004000002200220F3
S315020234F00220022002200220022000000000100404
S3150202350008080410022001400080000000000E009C
S315020235101200100C106C10800F00000003E00C1851
S3150202352013E4142417C4082807D000000004003C40
S3150202353003C41C40074000E4001C000410041FFCE4
S315020235401104110411040E880070000003E00C1825
S3150202355010041004100410081C10000010041FFCB2
S31502023560100410041004080807F0000010041FFCDF
S315020235701104110417C410040818000010041FFCD9
S315020235801104110017C010000800000003E00C1815
S315020235901004100410441C780040000010041FFCA2
S315020235A010840080008010841FFC100400001004A6
S315020235B010041FFC100410040000000000030001A6
S315020235C0100110011FFE10001000000010041FFC63
S315020235D0110403801464181C1004000010041FFC5A
S315020235E01004000400040004000C000010041FFC76
S315020235F01F0000FC1F001FFC1004000010041FFC29
S315020236000C04030000E010181FFC100007F0080863
S31502023610100410041004080807F0000010041FFC2E
S3150202362010841080108010800F00000007F0081826
S3150202363010241024101C080A07F2000010041FFCB2
S315020236401104110011C011300E0C000400000E1CF0
S3150202365011041084108410441C3800001800100053
S3150202366010041FFC100410001800000010001FF8BE
S3150202367010040004000410041FF8100010001E00BB
S3150202368011E0001C007013801C0010001FC0103CC9
S3150202369000E01F0000E0103C1FC000001004180CDE
S315020236A0163401C001C01634180C100410001C0096
S315020236B0130400FC13041C00100000000804101C72
S315020236C01064108413041C04101800000000000089
S315020236D000007FFE4002400240020000000030006D
S315020236E00C0003800060001C000300000000400280
S315020236F0400240027FFE00000000000000000000BF
S3150202370020004000400040002000000000010001AD
S315020237100001000100010001000100010000400059
S315020237204000200000000000000000000000009897
S31502023730012401440144014400FC000410001FFC60
S315020237400088010401040088007000000000007075
S3150202375000880104010401040088000000000070D0
S3150202376000880104010411081FFC0004000000F88D
S31502023770014401440144014400C80000000001045E
S3150202378001040FFC1104110411001800000000D6F6
S3150202379001290129012901C90106000010041FFCA1
S315020237A0008401000100010400FC0004000001047F
S315020237B0190419FC000400040000000000000003C2
S315020237C000010101190119FE0000000010041FFC8C
S315020237D00024004001B4010C0104000000001004A0
S315020237E010041FFC0004000400000000010401FC96
S315020237F00104010001FC0104010000FC010401FCB8
S31502023800008401000100010400FC0004000000F82B
S31502023810010401040104010400F80000010101FF90
S315020238200085010401040088007000000000007097
S31502023830008801040104010501FF000101040104DB
S3150202384001FC00840104010001800000000000CC9A
S315020238500124012401240124019800000000010030
S31502023860010007F80104010400000000010001F84A
S31502023870000400040004010801FC000401000180A6
S315020238800170000C001001600180010001F0010CC0
S31502023890003001C00030010C01F0010000000104F9
S315020238A0018C00740170018C010400000101018186
S315020238B00171000E001801600180010000000184FE
S315020238C0010C013401440184010C000000000000D5
S315020238D00000000001003EFC40024002000000001F
S315020238E000000000FFFF000000000000000040028E
S315020238F040023EFC010000000000000000006000E1
S3150202390080008000400040002000200000000000ED
S31502023910000000000000000000000000000000009D
S31502023920000000000000000000000000000000008D
S315020239300000000000000000000000000000000F6E
S3150202394080380FFE380F80380000000000000000A9
S315020239500000000000000000000001000006000056
S315020239600C00003800003100000600000C0000388E
S3150202397000003000000000000000000061800067C5
S31502023980F807F98000618000618000618000618031
S315020239900067F807F980006180000000000000005D
S315020239A0000001C0E003E0F00630080418081FFF19
S315020239B0FE040E080787F00381E000000000000003
S315020239C001F000060C00040408060C7001F9C0009E
S315020239D00E00003BE000EC18070808040C1800036E
S315020239E0E00000000001E00007F003F818041C08DA
S315020239F004170807E1D003C0E00023B0003C080028
S31502023A002008000010000000000000010000310042
S31502023A10003200001C00000000000000000000004E
S31502023A20000000000000000000000000000000008C
S31502023A300000000000000000000000007F0001FFFD
S31502023A40C00780F00C0018100004200002000000DB
S31502023A500000002000021000040C00180780F0018A
S31502023A60FFC0007F0000000000000000000000000E
S31502023A70000000000000000042000066000066002E
S31502023A80003C0000180003FFC0001800003C0000C2
S31502023A9066000066000042000000000008000008FE
S31502023AA00000080000080000080001FFC00008002C
S31502023AB000080000080000080000080000000000DC
S31502023AC0000100003100003200001C00000000006C
S31502023AD000000000000000000000000000000000DC
S31502023AE000000000080000080000080000080000AC
S31502023AF0080000080000080000080000080000088C
S31502023B00000000000000000000000000380000383B
S31502023B100000380000000000000000000000000063
S31502023B200000000000000000000000000006000085
S31502023B301C000070000180000E0000380000C00068
S31502023B400700001C00003000000000000000000018
S31502023B507F8001FFE003807006001804000804005B
S31502023B600806001803807001FFE0007F8000000053
S31502023B70000000000000010008010008010008031D
S31502023B80FFF807FFF800000800000800000800001E
S31502023B900000000000000001C03802C0580400986C
S31502023BA0040118040218040418061C1803F8180162
S31502023BB0E0F800000000000000000001C0E003C0BF
S31502023BC0F004000804080804080806180803F41892
S31502023BD001E7F00001E00000000000000000000022
S31502023BE00300000D000011000061000081080301BC
S31502023BF00807FFF80FFFF80001080001080000009D
S31502023C000000000000E007FCD006080806100806BD
S31502023C101008061008061838060FF00607C000003C
S31502023C2000000000000000003F8001FFE003843034
S31502023C3002081804100804100804100807181003D2
S31502023C400FF00007C000000000000000000003C0E1
S31502023C50000700000600000600F80607F80618002C
S31502023C6006E0000700000600000000000000000156
S31502023C70E1E003F7F0063410041808041808040CED
S31502023C8008040C0806161803F3F001C1E00000004E
S31502023C9000000000F80003FC3003063804020804A0
S31502023CA002080402080404100308F001FFC0007FA0
S31502023CB000000000000000000000000000000000FA
S31502023CC000000000703800703800703800000000F2
S31502023CD000000000000000000000000000000000DA
S31502023CE00000000000000000301A00301C00000034
S31502023CF000000000000000000000000000000000BA
S31502023D0000000008000014000022000041000080AA
S31502023D108001004002002004001008000800000092
S31502023D200000000021000021000021000021000005
S31502023D3021000021000021000021000021000021B3
S31502023D400000000000000000000008000804001045
S31502023D500200200100400080800041000022000093
S31502023D60140000080000000000000003C00004C0A6
S31502023D7000040000080038080F3808083808100046
S31502023D800C300007E00003C0000000000000000043
S31502023D903F8000FFE0038070020F1006708804C0A5
S31502023DA088048308047F8802C09003012000FE4033
S31502023DB00000080000180001F8003E0801C20007D0
S31502023DC0020007E20000FE00001FC80001F8000020
S31502023DD03800000804000807FFF807FFF80408087D
S31502023DE004080804080804080806180803F4180157
S31502023DF0E7F00001E0000000000000003F8001FF42
S31502023E00E003807002001804000804000804000897
S31502023E100400100600200780C00000000400080704
S31502023E20FFF807FFF804000804000804000804006B
S31502023E301802001003807001FFE0007F800000007C
S31502023E4004000807FFF807FFF80408080408080434
S31502023E500808040808043E080400080600180100BF
S31502023E606000000004000807FFF807FFF8040808CC
S31502023E70040800040800040800043E0006000006C6
S31502023E800000018000000000000000003F8001FFE8
S31502023E90E0038070060018040008040208040208FF
S31502023EA00203F00783F00002000002000400080782
S31502023EB0FFF807FFF80408080008000008000008D7
S31502023EC00000080004080807FFF807FFF8040008C4
S31502023ED000000000000004000804000804000807AD
S31502023EE0FFF807FFF80400080400080400080000AF
S31502023EF000000000000000000006000007000001AA
S31502023F0004000104000104000307FFFE07FFFC048C
S31502023F10000004000004000004000807FFF807FF7F
S31502023F20F8040C08001800003E0004C7800503C806
S31502023F300600F80400380400180000080400080706
S31502023F40FFF807FFF8040008000008000008000056
S31502023F5008000008000008000018000060000000C7
S31502023F6004000807FFF807800807FC00007FC0006C
S31502023F7003F80007C000780007800807FFF807FF6A
S31502023F80F804000804000807FFF807000803C00047
S31502023F9000E000003800001E000007000001C00415
S31502023FA000F007FFF8040000000000007F8001FF16
S31502023FB0E0038070060018040008040008060018D0
S31502023FC003003001FFE0007F8000000004000807C2
S31502023FD0FFF807FFF80404080404000404000404BA
S31502023FE000040400060C0003F80001F000000000C1
S31502023FF0000000007F8001FFE00380700600880453
S3150202400000880400C806003C03003E01FFE6007F6A
S315020240108400000004000807FFF807FFF8040808F6
S31502024020040800040C00040F00040BC00610F0037F
S31502024030F03801E00800000800000001E0F803F091
S3150202404030063010041808041808040C08040C0878
S315020240500206180207F00781E0000000018000064E
S31502024060000004000004000004000807FFF807FF2E
S31502024070F8040008040000040000060000018000A3
S3150202408004000007FFE007FFF00400180000080022
S31502024090000800000800000800000804001007FFDC
S315020240A0E004000004000006000007E00007FE002C
S315020240B0041FE00001F80000380001E0043E000798
S315020240C0C00006000004000004000007E00007FF2B
S315020240D0C0041FF80007C007F80007FF80043FF874
S315020240E00007C004F80007000004000000000004F4
S315020240F0000806001807C07805F1C8003E00001F36
S31502024100800463E80780F80600180400080000002D
S3150202411004000006000007800007E008047C08008D
S315020241201FF80007F800180804E008070000060056
S31502024130000400000000000100080600380400F82E
S315020241400403E8040F08047C0805F00807C0080700
S3150202415000180400600000000000000000000000D9
S31502024160000000000000003FFFFE200002200002C5
S3150202417020000220000220000200000000000000CF
S31502024180000008000007000000C000003800000618
S31502024190000001C000003000000E00000100000015
S315020241A0000000000000200002200002200002207F
S315020241B000022000023FFFFE000000000000000095
S315020241C000000000000000000000000000080000DD
S315020241D0100000300000200000300000100000082D
S315020241E000000000000000000000010000010000C3
S315020241F001000001000001000001000001000001AF
S3150202420000000100000100000100000100000000A0
S315020242100000000000200000200000100000100034
S315020242200000000000000000000000000000000084
S315020242300000000000F00019F8001B180022080016
S315020242402608002408002410003FF8001FF8000088
S315020242500800001800000004000007FFF80FFFF034
S315020242600018180010080020080020080030180064
S315020242701FF0000FC00000000000000007C0001F70
S31502024280F0001830002008002008002008003C0830
S31502024290001C100000600000000000000000000088
S315020242A007C0001FF000381800200800200800206E
S315020242B00804101007FFF80FFFF0000010000000BC
S315020242C00000000000000007C0001FF000123000CC
S315020242D02218002208002208003208001E10000ED0
S315020242E02000000000000000200000200800200834
S315020242F001FFF803FFF80620080420080420080735
S31502024300200003000000000000000000000E000E64
S315020243106E001FF30031B10020B10020B1003191CD
S31502024320001F13002E1E00200E00300000000004A3
S31502024330000807FFF80FFFF800100800200000200F
S3150202434000002008003FF8001FF8000008000000E5
S3150202435000000000000000200800200800200806D5
S315020243603FF8063FF80000080000080000080000B7
S31502024370000000000000000000000000030000032D
S31502024380002001002001002003063FFE063FFC003A
S31502024390000000000000000000000004000807FF01
S315020243A0F80FFFF8000188000300002FC00038F85A
S315020243B0002038002008000008000000000000006B
S315020243C0000004000804000804000807FFF80FFFB3
S315020243D0F8000008000008000008000000000000C3
S315020243E0002008003FF8003FF800100800200000F5
S315020243F03FF8003FF8001008002000003FF8003F97
S31502024400F8000008000000002008003FF8003FF80C
S31502024410001008001000002000002008003FF800EB
S315020244201FF80000080000000000000007C0000F8D
S31502024430F00018300030080020080020080030087A
S31502024440001830000FF00007C00000000000000054
S315020244502001003FFF003FFF00101100200900204B
S3150202446008002008003038001FF0000FC0000000CC
S315020244700000000007C0001FF000381800200800E4
S315020244802008002009001011001FFF003FFF000054
S3150202449001000000002008002008002008003FF862
S315020244A0003FF8000808001008002008002000005B
S315020244B03000003000000000000000000000000C86
S315020244C078001E18003308002308002108002188FC
S315020244D00021980030F00038600000000000000061
S315020244E0200000200000200000FFF003FFF8002059
S315020244F0080020080020080000300000000000002A
S31502024500000000002000003FF0007FF800001800C3
S315020245100008000008002010003FF8007FF00000AB
S3150202452010000000000000002000003000003C00E5
S31502024530003F800023F00000780000700023800014
S315020245403C00003000002000002000003C00003F3A
S31502024550E00023F80000E0002700003E00003FE0F2
S315020245600021F80001E0003E0000200000000000E9
S315020245702008002008003838003E68002780000321
S31502024580C8002CF800383800201800200800000065
S31502024590000000002000003003003C01003F8300BF
S315020245A023EC000070002380003C00002000002063
S315020245B00000000000000000000000380800203859
S315020245C00020F80023E8002F88003E080038080081
S315020245D02018000070000000000000000000000029
S315020245E0000000000000000008000014001FF7FC93
S315020245F03000062000020000000000000000000059
S315020246000000000000000000000000000000FFFFA2
S31502024610FF00000000000000000000000000000091
S315020246200000000000002000023000061FF7FC0016
S315020246301400000800000000000000000000000054
S3150202464000000000000000180000600000400000A8
S3150202465040000020000010000008000004000004D0
S3150202466000000C00001000008040C02060A0E0D4D0
S31502024670F000400140014001F000F00000436F00EB
S315020246801F5001003530410036306900073C0700F1
S31502024690203846002138000014383100153831001E
S315020246A0003800000138000002380000033800001A
S315020246B004380A0005383F00063806000738A90002
S315020246C01338040018360000123629000937520040
S315020246D00C370300023A0200033AE000143A0200DF
S315020246E0153AE0000440020002301C000630C30004
S315020246F013470300074404000B4637000C4620000A
S3150202470037481600243804000150A300033500007E
S31502024710FEFF00000331110008308200FFFF0A008B
S3150202472008304200033103001730FF001830FF0041
S3150202473034301A0035301100363046003730130055
S31502024740083101003036360031360E003236E200CA
S31502024750333612002136E0000437A00003375A002E
S3150202476015377800173701000B37600005371A0034
S31502024770053902000639100001390A0031371200E2
S3150202478000360800013633002D3060002036520012
S315020247901B3720001C475000133A4300183A000008
S315020247A0193AF8003536130036360300343640001D
S315020247B022360100013C3400043C2800053C9800E4
S315020247C0063C0000073C0800083C0000093C1C00AD
S315020247D00A3C9C000B3C40000038000001380000F5
S315020247E0023800000338040004380A0005383F0084
S315020247F00638070007389B0008380200093880008D
S315020248000A3801000B38E0000C3807000D38680040
S315020248100E3803000F38D800103800001138100085
S3150202482012380000133806001438310015383100E8
S31502024830203841002138070000436F001F50010053
S315020248400050A7000150A3008051FF008151F200DF
S31502024850825100008351140084512500855124009F
S31502024860865109008751090088510900895175004C
S315020248708A5154008B51E0008C51B2008D51420094
S315020248808E513D008F515600905146009151F800CB
S3150202489092510400935170009451F0009551F00028
S315020248A09651030097510100985104009951120042
S315020248B09A5104009B5100009C5106009D518200B0
S315020248C09E5138008054010081540800825414001B
S315020248D0835428008454510085546500865471001D
S315020248E087547D0088548700895491008A549A001D
S315020248F08B54AA008C54B8008D54CD008E54DD0020
S315020249008F54EA0090541D0081531E0082535B00AD
S315020249108353080084530A0085537E008653880017
S3150202492087537C0088536C00895310008A53010016
S315020249308B53980080550000835540008455100021
S31502024940895510008A5500008B55F800005823003D
S315020249500158140002580F0003580F00045812009F
S315020249600558260006580C00075808000858050084
S31502024970095805000A5808000B580D000C58080081
S315020249800D5803000E5800000F580000105803007D
S315020249901158090012580700135803001458000050
S315020249A015580100165803001758080018580D002A
S315020249B0195808001A5805001B5806001C58080008
S315020249C01D580E001E5829001F58170020581100A4
S315020249D0215811002258150023582800245846004F
S315020249E0255826002658080027582600285864000B
S315020249F0295826002A5824002B5822002C58240013
S31502024A002D5824002E5806002F58220030584000F6
S31502024A1031584200325824003358260034582400B2
S31502024A203558220036582200375826003858440094
S31502024A30395824003A5826003B5828003C5842006E
S31502024A403D58CE0008300200FFFF1E00FEFF0000A6
S31502024A50000000000000000000000000000000103C
S31502024A600000000000000000B9340332B7F4AD14AE
S31502024A7010DB1AB30892540E0D307D951447BA1AFA
S31502024A8066088F4D26ADC66DF598BF85E2B745110C
S31502024A90CA96853D92BD1DEBFCA11860DCEF52164B
S31502024AA03C92AE220BB8C1B4839D2D5B0562DA1C21
S31502024AB0304C7E8F4E8BB25B16F4529F8B56A512EA
S31502024AC0FBD4827643ED8AF08FE7F9311565191820
S31502024AD050F19BD94A13EEB4284CF0A686C1251F83
S31502024AE0035FC270CB9E4916E642889C44EB2014B1
S31502024AF0B0650836AD6EA58585F0CA14E2FD031AC5
S31502024B000B899979D5B13D09D8DA973A35EBCF10A7
S31502024B10AC363F5E73BB38CF3E6752FA44AFBA1524
S31502024B200100000000000000050000000000000075
S31502024B3019000000000000007D00000000000000D5
S31502024B407102000000000000350C000000000000A7
S31502024B50093D0000000000002D31010000000000A6
S31502024B60E1F505000000000065CD1D000000000011
S31502024B70F902950000000000DD0EE90200000000C5
S31502024B80514A8D0E000000009573C24800000000D3
S31502024B90E941CC6B010000008D49FD1A07000000B5
S31502024BA0C16FF28623000000C52EBCA2B10000002E
S31502024BB0D9E9AC2D780300003D9160E4581100005A
S31502024BC031D6E275BC560000F52E6E4DAEB101002D
S31502024BD0C9EA268367780800ED95C28F055A2A002C
S31502024BE0A1EDCCCE1BC2D30025A4000A8BCA220495
S31502024BF000000000000000000000000000000000AB
S31502024C000000004095596959555554551555555642
S31502024C1004051541105455404551554440455044EA
S31502024C205055554500400040400444966555565538
S31502024C30454045545141154055915555555540519A
S31502024C4005010000D4D4D4D4010000000000000003
S31502024C500000000000000020345065C05FC9A65261
S31502024C60BB13CBAEC440C21806C8DF7100D5A87CFE
S31502024C70F56F0FDA58FC27136E4756357D242065E9
S31502024C8002C7E768E48CA41DE9E60268D7CD39615A
S31502024C907977FCC2405BEF16798CDE43FFA751F9A6
S31502024CA091F3B278F5BDBE11E857E9D6E8BEE87BC4
S31502024CB0B054AC8F848D751BEA23A499E9F9D38B80
S31502024CC0B7A3714061DA3E15CEE33ECB73F94808CB
S31502024CD08C97B427D51B7010A2BFEFB9EB8532159C
S31502024CE04DB44DB49BBB6F1996B6076CF8E7EEADA1
S31502024CF036D9B4F59135AE13222218AF4E6A684DF3
S31502024D0091DAAA3D4F40741E9FBD9EE006A1C0984D
S31502024D1057C2A7FDA40E90170E7D497173E3208F29
S31502024D20B220D87605143B12853D7434811343B002
S31502024D30AD297A5F27F4351C54455454455505046A
S31502024D40001004101404400000000140555515419C
S31502024D5054040000440001000000004041000044E7
S31502024D605044455054005555545565510040004033
S31502024D700100000100050100115451515455550517
S31502024D800015415000000440100104050000000015
S31502024D9000000406362E342E30004275696C7420E9
S31502024DA0776974682052656E657361732041647611
S31502024DB0616E63656420466C657869626C65205330
S31502024DC06F667477617265205061636B61676520F5
S31302024DD076657273696F6E20362E342E3000AF
S30902024DE008000000BD
S30902C9F040FFFFFFFFFF
S30902C9F044EFFFFFFF0B
S30902C9F0C0FFFFFFFD81
S30902C9F0C4FFFFFFFF7B
S30902C9F120000000001A
S30902C9F1240000000016
S7050201E8E926
